onset	duration	trial_type	scan	frequency_kHz	level_dB_SPL	bandwidth_kHz
2.5	0.05	Adapter 2423Hz	1	2.423	70.00	0.285
2.58	0.05	Adapter 2423Hz	1	2.423	70.00	0.285
2.66	0.05	Adapter 2423Hz	1	2.423	70.00	0.285
2.74	0.05	Adapter 2423Hz	1	2.423	70.00	0.285
3.0	0.05	Adapter 2423Hz	1	2.423	70.00	0.285
3.08	0.05	Adapter 2423Hz	1	2.423	70.00	0.285
3.16	0.05	Adapter 2423Hz	1	2.423	70.00	0.285
3.24	0.05	Adapter 2423Hz	1	2.423	70.00	0.285
3.5	0.05	Adapter 2423Hz	1	2.423	70.00	0.285
3.58	0.05	Adapter 2423Hz	1	2.423	70.00	0.285
3.66	0.05	Adapter 2423Hz	1	2.423	70.00	0.285
3.74	0.05	Adapter 2423Hz	1	2.423	70.00	0.285
4.0	0.05	Adapter 2423Hz	1	2.423	70.00	0.285
4.08	0.05	Adapter 2423Hz	1	2.423	70.00	0.285
4.16	0.05	Adapter 2423Hz	1	2.423	70.00	0.285
4.24	0.05	Adapter 2423Hz	1	2.423	70.00	0.285
4.5	0.05	Adapter 2423Hz	1	2.423	70.00	0.285
4.58	0.05	Adapter 2423Hz	1	2.423	70.00	0.285
4.66	0.05	Adapter 2423Hz	1	2.423	70.00	0.285
4.74	0.05	Adapter 2423Hz	1	2.423	70.00	0.285
5.0	0.05	Adapter 2423Hz	1	2.423	70.00	0.285
5.08	0.05	Adapter 2423Hz	1	2.423	70.00	0.285
5.16	0.05	Adapter 2423Hz	1	2.423	70.00	0.285
5.24	0.05	Adapter 2423Hz	1	2.423	70.00	0.285
5.5	0.05	Adapter 2423Hz	1	2.423	70.00	0.285
5.58	0.05	Adapter 2423Hz	1	2.423	70.00	0.285
5.66	0.05	Adapter 2423Hz	1	2.423	70.00	0.285
5.74	0.05	Adapter 2423Hz	1	2.423	70.00	0.285
6.0	0.05	Adapter 2423Hz	1	2.423	70.00	0.285
6.08	0.05	Adapter 2423Hz	1	2.423	70.00	0.285
6.16	0.05	Adapter 2423Hz	1	2.423	70.00	0.285
6.24	0.05	Adapter 2423Hz	1	2.423	70.00	0.285
6.5	0.05	Adapter 2423Hz	1	2.423	70.00	0.285
6.58	0.05	Adapter 2423Hz	1	2.423	70.00	0.285
6.66	0.05	Adapter 2423Hz	1	2.423	70.00	0.285
6.74	0.05	Adapter 2423Hz	1	2.423	70.00	0.285
7.0	0.05	Adapter 2423Hz	1	2.423	70.00	0.285
7.08	0.05	Adapter 2423Hz	1	2.423	70.00	0.285
7.16	0.05	Adapter 2423Hz	1	2.423	70.00	0.285
7.24	0.05	Adapter 2423Hz	1	2.423	70.00	0.285
9.957	0.05	Adapter 2423Hz Probe 3839Hz	2	2.423	70.00	0.285
10.037	0.05	Adapter 2423Hz Probe 3839Hz	2	2.423	70.00	0.285
10.117	0.05	Adapter 2423Hz Probe 3839Hz	2	2.423	70.00	0.285
10.197	0.05	Adapter 2423Hz Probe 3839Hz	2	2.423	70.00	0.285
10.277	0.05	Adapter 2423Hz Probe 3839Hz	2	3.839	70.00	0.437
10.457	0.05	Adapter 2423Hz Probe 3839Hz	2	2.423	70.00	0.285
10.537	0.05	Adapter 2423Hz Probe 3839Hz	2	2.423	70.00	0.285
10.617	0.05	Adapter 2423Hz Probe 3839Hz	2	2.423	70.00	0.285
10.697	0.05	Adapter 2423Hz Probe 3839Hz	2	2.423	70.00	0.285
10.777	0.05	Adapter 2423Hz Probe 3839Hz	2	3.839	70.00	0.437
10.957	0.05	Adapter 2423Hz Probe 3839Hz	2	2.423	70.00	0.285
11.037	0.05	Adapter 2423Hz Probe 3839Hz	2	2.423	70.00	0.285
11.117	0.05	Adapter 2423Hz Probe 3839Hz	2	2.423	70.00	0.285
11.197	0.05	Adapter 2423Hz Probe 3839Hz	2	2.423	70.00	0.285
11.277	0.05	Adapter 2423Hz Probe 3839Hz	2	3.839	70.00	0.437
11.457	0.05	Adapter 2423Hz Probe 3839Hz	2	2.423	70.00	0.285
11.537	0.05	Adapter 2423Hz Probe 3839Hz	2	2.423	70.00	0.285
11.617	0.05	Adapter 2423Hz Probe 3839Hz	2	2.423	70.00	0.285
11.697	0.05	Adapter 2423Hz Probe 3839Hz	2	2.423	70.00	0.285
11.777	0.05	Adapter 2423Hz Probe 3839Hz	2	3.839	70.00	0.437
11.957	0.05	Adapter 2423Hz Probe 3839Hz	2	2.423	70.00	0.285
12.037	0.05	Adapter 2423Hz Probe 3839Hz	2	2.423	70.00	0.285
12.117	0.05	Adapter 2423Hz Probe 3839Hz	2	2.423	70.00	0.285
12.197	0.05	Adapter 2423Hz Probe 3839Hz	2	2.423	70.00	0.285
12.277	0.05	Adapter 2423Hz Probe 3839Hz	2	3.839	70.00	0.437
12.457	0.05	Adapter 2423Hz Probe 3839Hz	2	2.423	70.00	0.285
12.537	0.05	Adapter 2423Hz Probe 3839Hz	2	2.423	70.00	0.285
12.617	0.05	Adapter 2423Hz Probe 3839Hz	2	2.423	70.00	0.285
12.697	0.05	Adapter 2423Hz Probe 3839Hz	2	2.423	70.00	0.285
12.777	0.05	Adapter 2423Hz Probe 3839Hz	2	3.839	70.00	0.437
12.957	0.05	Adapter 2423Hz Probe 3839Hz	2	2.423	70.00	0.285
13.037	0.05	Adapter 2423Hz Probe 3839Hz	2	2.423	70.00	0.285
13.117	0.05	Adapter 2423Hz Probe 3839Hz	2	2.423	70.00	0.285
13.197	0.05	Adapter 2423Hz Probe 3839Hz	2	2.423	70.00	0.285
13.277	0.05	Adapter 2423Hz Probe 3839Hz	2	3.839	70.00	0.437
13.457	0.05	Adapter 2423Hz Probe 3839Hz	2	2.423	70.00	0.285
13.537	0.05	Adapter 2423Hz Probe 3839Hz	2	2.423	70.00	0.285
13.617	0.05	Adapter 2423Hz Probe 3839Hz	2	2.423	70.00	0.285
13.697	0.05	Adapter 2423Hz Probe 3839Hz	2	2.423	70.00	0.285
13.777	0.05	Adapter 2423Hz Probe 3839Hz	2	3.839	70.00	0.437
13.957	0.05	Adapter 2423Hz Probe 3839Hz	2	2.423	70.00	0.285
14.037	0.05	Adapter 2423Hz Probe 3839Hz	2	2.423	70.00	0.285
14.117	0.05	Adapter 2423Hz Probe 3839Hz	2	2.423	70.00	0.285
14.197	0.05	Adapter 2423Hz Probe 3839Hz	2	2.423	70.00	0.285
14.277	0.05	Adapter 2423Hz Probe 3839Hz	2	3.839	70.00	0.437
14.457	0.05	Adapter 2423Hz Probe 3839Hz	2	2.423	70.00	0.285
14.537	0.05	Adapter 2423Hz Probe 3839Hz	2	2.423	70.00	0.285
14.617	0.05	Adapter 2423Hz Probe 3839Hz	2	2.423	70.00	0.285
14.697	0.05	Adapter 2423Hz Probe 3839Hz	2	2.423	70.00	0.285
14.777	0.05	Adapter 2423Hz Probe 3839Hz	2	3.839	70.00	0.437
17.492	0.05	Adapter 1501Hz	3	1.501	70.00	0.186
17.572	0.05	Adapter 1501Hz	3	1.501	70.00	0.186
17.652	0.05	Adapter 1501Hz	3	1.501	70.00	0.186
17.732	0.05	Adapter 1501Hz	3	1.501	70.00	0.186
17.992	0.05	Adapter 1501Hz	3	1.501	70.00	0.186
18.072	0.05	Adapter 1501Hz	3	1.501	70.00	0.186
18.152	0.05	Adapter 1501Hz	3	1.501	70.00	0.186
18.232	0.05	Adapter 1501Hz	3	1.501	70.00	0.186
18.492	0.05	Adapter 1501Hz	3	1.501	70.00	0.186
18.572	0.05	Adapter 1501Hz	3	1.501	70.00	0.186
18.652	0.05	Adapter 1501Hz	3	1.501	70.00	0.186
18.732	0.05	Adapter 1501Hz	3	1.501	70.00	0.186
18.992	0.05	Adapter 1501Hz	3	1.501	70.00	0.186
19.072	0.05	Adapter 1501Hz	3	1.501	70.00	0.186
19.152	0.05	Adapter 1501Hz	3	1.501	70.00	0.186
19.232	0.05	Adapter 1501Hz	3	1.501	70.00	0.186
19.492	0.05	Adapter 1501Hz	3	1.501	70.00	0.186
19.572	0.05	Adapter 1501Hz	3	1.501	70.00	0.186
19.652	0.05	Adapter 1501Hz	3	1.501	70.00	0.186
19.732	0.05	Adapter 1501Hz	3	1.501	70.00	0.186
19.992	0.05	Adapter 1501Hz	3	1.501	70.00	0.186
20.072	0.05	Adapter 1501Hz	3	1.501	70.00	0.186
20.152	0.05	Adapter 1501Hz	3	1.501	70.00	0.186
20.232	0.05	Adapter 1501Hz	3	1.501	70.00	0.186
20.492	0.05	Adapter 1501Hz	3	1.501	70.00	0.186
20.572	0.05	Adapter 1501Hz	3	1.501	70.00	0.186
20.652	0.05	Adapter 1501Hz	3	1.501	70.00	0.186
20.732	0.05	Adapter 1501Hz	3	1.501	70.00	0.186
20.992	0.05	Adapter 1501Hz	3	1.501	70.00	0.186
21.072	0.05	Adapter 1501Hz	3	1.501	70.00	0.186
21.152	0.05	Adapter 1501Hz	3	1.501	70.00	0.186
21.232	0.05	Adapter 1501Hz	3	1.501	70.00	0.186
21.492	0.05	Adapter 1501Hz	3	1.501	70.00	0.186
21.572	0.05	Adapter 1501Hz	3	1.501	70.00	0.186
21.652	0.05	Adapter 1501Hz	3	1.501	70.00	0.186
21.732	0.05	Adapter 1501Hz	3	1.501	70.00	0.186
21.992	0.05	Adapter 1501Hz	3	1.501	70.00	0.186
22.072	0.05	Adapter 1501Hz	3	1.501	70.00	0.186
22.152	0.05	Adapter 1501Hz	3	1.501	70.00	0.186
22.232	0.05	Adapter 1501Hz	3	1.501	70.00	0.186
32.788	0.05	Probe 3839Hz	5	3.839	70.00	0.437
33.288	0.05	Probe 3839Hz	5	3.839	70.00	0.437
33.788	0.05	Probe 3839Hz	5	3.839	70.00	0.437
34.288	0.05	Probe 3839Hz	5	3.839	70.00	0.437
34.788	0.05	Probe 3839Hz	5	3.839	70.00	0.437
35.288	0.05	Probe 3839Hz	5	3.839	70.00	0.437
35.788	0.05	Probe 3839Hz	5	3.839	70.00	0.437
36.288	0.05	Probe 3839Hz	5	3.839	70.00	0.437
36.788	0.05	Probe 3839Hz	5	3.839	70.00	0.437
37.288	0.05	Probe 3839Hz	5	3.839	70.00	0.437
39.956	0.05	Adapter 3839Hz	6	3.839	70.00	0.437
40.036	0.05	Adapter 3839Hz	6	3.839	70.00	0.437
40.116	0.05	Adapter 3839Hz	6	3.839	70.00	0.437
40.196	0.05	Adapter 3839Hz	6	3.839	70.00	0.437
40.456	0.05	Adapter 3839Hz	6	3.839	70.00	0.437
40.536	0.05	Adapter 3839Hz	6	3.839	70.00	0.437
40.616	0.05	Adapter 3839Hz	6	3.839	70.00	0.437
40.696	0.05	Adapter 3839Hz	6	3.839	70.00	0.437
40.956	0.05	Adapter 3839Hz	6	3.839	70.00	0.437
41.036	0.05	Adapter 3839Hz	6	3.839	70.00	0.437
41.116	0.05	Adapter 3839Hz	6	3.839	70.00	0.437
41.196	0.05	Adapter 3839Hz	6	3.839	70.00	0.437
41.456	0.05	Adapter 3839Hz	6	3.839	70.00	0.437
41.536	0.05	Adapter 3839Hz	6	3.839	70.00	0.437
41.616	0.05	Adapter 3839Hz	6	3.839	70.00	0.437
41.696	0.05	Adapter 3839Hz	6	3.839	70.00	0.437
41.956	0.05	Adapter 3839Hz	6	3.839	70.00	0.437
42.036	0.05	Adapter 3839Hz	6	3.839	70.00	0.437
42.116	0.05	Adapter 3839Hz	6	3.839	70.00	0.437
42.196	0.05	Adapter 3839Hz	6	3.839	70.00	0.437
42.456	0.05	Adapter 3839Hz	6	3.839	70.00	0.437
42.536	0.05	Adapter 3839Hz	6	3.839	70.00	0.437
42.616	0.05	Adapter 3839Hz	6	3.839	70.00	0.437
42.696	0.05	Adapter 3839Hz	6	3.839	70.00	0.437
42.956	0.05	Adapter 3839Hz	6	3.839	70.00	0.437
43.036	0.05	Adapter 3839Hz	6	3.839	70.00	0.437
43.116	0.05	Adapter 3839Hz	6	3.839	70.00	0.437
43.196	0.05	Adapter 3839Hz	6	3.839	70.00	0.437
43.456	0.05	Adapter 3839Hz	6	3.839	70.00	0.437
43.536	0.05	Adapter 3839Hz	6	3.839	70.00	0.437
43.616	0.05	Adapter 3839Hz	6	3.839	70.00	0.437
43.696	0.05	Adapter 3839Hz	6	3.839	70.00	0.437
43.956	0.05	Adapter 3839Hz	6	3.839	70.00	0.437
44.036	0.05	Adapter 3839Hz	6	3.839	70.00	0.437
44.116	0.05	Adapter 3839Hz	6	3.839	70.00	0.437
44.196	0.05	Adapter 3839Hz	6	3.839	70.00	0.437
44.456	0.05	Adapter 3839Hz	6	3.839	70.00	0.437
44.536	0.05	Adapter 3839Hz	6	3.839	70.00	0.437
44.616	0.05	Adapter 3839Hz	6	3.839	70.00	0.437
44.696	0.05	Adapter 3839Hz	6	3.839	70.00	0.437
47.459	0.05	Adapter 507Hz	7	0.507	70.00	0.079
47.539	0.05	Adapter 507Hz	7	0.507	70.00	0.079
47.619	0.05	Adapter 507Hz	7	0.507	70.00	0.079
47.699	0.05	Adapter 507Hz	7	0.507	70.00	0.079
47.959	0.05	Adapter 507Hz	7	0.507	70.00	0.079
48.039	0.05	Adapter 507Hz	7	0.507	70.00	0.079
48.119	0.05	Adapter 507Hz	7	0.507	70.00	0.079
48.199	0.05	Adapter 507Hz	7	0.507	70.00	0.079
48.459	0.05	Adapter 507Hz	7	0.507	70.00	0.079
48.539	0.05	Adapter 507Hz	7	0.507	70.00	0.079
48.619	0.05	Adapter 507Hz	7	0.507	70.00	0.079
48.699	0.05	Adapter 507Hz	7	0.507	70.00	0.079
48.959	0.05	Adapter 507Hz	7	0.507	70.00	0.079
49.039	0.05	Adapter 507Hz	7	0.507	70.00	0.079
49.119	0.05	Adapter 507Hz	7	0.507	70.00	0.079
49.199	0.05	Adapter 507Hz	7	0.507	70.00	0.079
49.459	0.05	Adapter 507Hz	7	0.507	70.00	0.079
49.539	0.05	Adapter 507Hz	7	0.507	70.00	0.079
49.619	0.05	Adapter 507Hz	7	0.507	70.00	0.079
49.699	0.05	Adapter 507Hz	7	0.507	70.00	0.079
49.959	0.05	Adapter 507Hz	7	0.507	70.00	0.079
50.039	0.05	Adapter 507Hz	7	0.507	70.00	0.079
50.119	0.05	Adapter 507Hz	7	0.507	70.00	0.079
50.199	0.05	Adapter 507Hz	7	0.507	70.00	0.079
50.459	0.05	Adapter 507Hz	7	0.507	70.00	0.079
50.539	0.05	Adapter 507Hz	7	0.507	70.00	0.079
50.619	0.05	Adapter 507Hz	7	0.507	70.00	0.079
50.699	0.05	Adapter 507Hz	7	0.507	70.00	0.079
50.959	0.05	Adapter 507Hz	7	0.507	70.00	0.079
51.039	0.05	Adapter 507Hz	7	0.507	70.00	0.079
51.119	0.05	Adapter 507Hz	7	0.507	70.00	0.079
51.199	0.05	Adapter 507Hz	7	0.507	70.00	0.079
51.459	0.05	Adapter 507Hz	7	0.507	70.00	0.079
51.539	0.05	Adapter 507Hz	7	0.507	70.00	0.079
51.619	0.05	Adapter 507Hz	7	0.507	70.00	0.079
51.699	0.05	Adapter 507Hz	7	0.507	70.00	0.079
51.959	0.05	Adapter 507Hz	7	0.507	70.00	0.079
52.039	0.05	Adapter 507Hz	7	0.507	70.00	0.079
52.119	0.05	Adapter 507Hz	7	0.507	70.00	0.079
52.199	0.05	Adapter 507Hz	7	0.507	70.00	0.079
54.947	0.05	Adapter 6009Hz	8	6.009	70.00	0.671
55.027	0.05	Adapter 6009Hz	8	6.009	70.00	0.671
55.107	0.05	Adapter 6009Hz	8	6.009	70.00	0.671
55.187	0.05	Adapter 6009Hz	8	6.009	70.00	0.671
55.447	0.05	Adapter 6009Hz	8	6.009	70.00	0.671
55.527	0.05	Adapter 6009Hz	8	6.009	70.00	0.671
55.607	0.05	Adapter 6009Hz	8	6.009	70.00	0.671
55.687	0.05	Adapter 6009Hz	8	6.009	70.00	0.671
55.947	0.05	Adapter 6009Hz	8	6.009	70.00	0.671
56.027	0.05	Adapter 6009Hz	8	6.009	70.00	0.671
56.107	0.05	Adapter 6009Hz	8	6.009	70.00	0.671
56.187	0.05	Adapter 6009Hz	8	6.009	70.00	0.671
56.447	0.05	Adapter 6009Hz	8	6.009	70.00	0.671
56.527	0.05	Adapter 6009Hz	8	6.009	70.00	0.671
56.607	0.05	Adapter 6009Hz	8	6.009	70.00	0.671
56.687	0.05	Adapter 6009Hz	8	6.009	70.00	0.671
56.947	0.05	Adapter 6009Hz	8	6.009	70.00	0.671
57.027	0.05	Adapter 6009Hz	8	6.009	70.00	0.671
57.107	0.05	Adapter 6009Hz	8	6.009	70.00	0.671
57.187	0.05	Adapter 6009Hz	8	6.009	70.00	0.671
57.447	0.05	Adapter 6009Hz	8	6.009	70.00	0.671
57.527	0.05	Adapter 6009Hz	8	6.009	70.00	0.671
57.607	0.05	Adapter 6009Hz	8	6.009	70.00	0.671
57.687	0.05	Adapter 6009Hz	8	6.009	70.00	0.671
57.947	0.05	Adapter 6009Hz	8	6.009	70.00	0.671
58.027	0.05	Adapter 6009Hz	8	6.009	70.00	0.671
58.107	0.05	Adapter 6009Hz	8	6.009	70.00	0.671
58.187	0.05	Adapter 6009Hz	8	6.009	70.00	0.671
58.447	0.05	Adapter 6009Hz	8	6.009	70.00	0.671
58.527	0.05	Adapter 6009Hz	8	6.009	70.00	0.671
58.607	0.05	Adapter 6009Hz	8	6.009	70.00	0.671
58.687	0.05	Adapter 6009Hz	8	6.009	70.00	0.671
58.947	0.05	Adapter 6009Hz	8	6.009	70.00	0.671
59.027	0.05	Adapter 6009Hz	8	6.009	70.00	0.671
59.107	0.05	Adapter 6009Hz	8	6.009	70.00	0.671
59.187	0.05	Adapter 6009Hz	8	6.009	70.00	0.671
59.447	0.05	Adapter 6009Hz	8	6.009	70.00	0.671
59.527	0.05	Adapter 6009Hz	8	6.009	70.00	0.671
59.607	0.05	Adapter 6009Hz	8	6.009	70.00	0.671
59.687	0.05	Adapter 6009Hz	8	6.009	70.00	0.671
62.482	0.05	Adapter 3839Hz Probe 3839Hz	9	3.839	70.00	0.437
62.562	0.05	Adapter 3839Hz Probe 3839Hz	9	3.839	70.00	0.437
62.642	0.05	Adapter 3839Hz Probe 3839Hz	9	3.839	70.00	0.437
62.722	0.05	Adapter 3839Hz Probe 3839Hz	9	3.839	70.00	0.437
62.802	0.05	Adapter 3839Hz Probe 3839Hz	9	3.839	70.00	0.437
62.982	0.05	Adapter 3839Hz Probe 3839Hz	9	3.839	70.00	0.437
63.062	0.05	Adapter 3839Hz Probe 3839Hz	9	3.839	70.00	0.437
63.142	0.05	Adapter 3839Hz Probe 3839Hz	9	3.839	70.00	0.437
63.222	0.05	Adapter 3839Hz Probe 3839Hz	9	3.839	70.00	0.437
63.302	0.05	Adapter 3839Hz Probe 3839Hz	9	3.839	70.00	0.437
63.482	0.05	Adapter 3839Hz Probe 3839Hz	9	3.839	70.00	0.437
63.562	0.05	Adapter 3839Hz Probe 3839Hz	9	3.839	70.00	0.437
63.642	0.05	Adapter 3839Hz Probe 3839Hz	9	3.839	70.00	0.437
63.722	0.05	Adapter 3839Hz Probe 3839Hz	9	3.839	70.00	0.437
63.802	0.05	Adapter 3839Hz Probe 3839Hz	9	3.839	70.00	0.437
63.982	0.05	Adapter 3839Hz Probe 3839Hz	9	3.839	70.00	0.437
64.062	0.05	Adapter 3839Hz Probe 3839Hz	9	3.839	70.00	0.437
64.142	0.05	Adapter 3839Hz Probe 3839Hz	9	3.839	70.00	0.437
64.222	0.05	Adapter 3839Hz Probe 3839Hz	9	3.839	70.00	0.437
64.302	0.05	Adapter 3839Hz Probe 3839Hz	9	3.839	70.00	0.437
64.482	0.05	Adapter 3839Hz Probe 3839Hz	9	3.839	70.00	0.437
64.562	0.05	Adapter 3839Hz Probe 3839Hz	9	3.839	70.00	0.437
64.642	0.05	Adapter 3839Hz Probe 3839Hz	9	3.839	70.00	0.437
64.722	0.05	Adapter 3839Hz Probe 3839Hz	9	3.839	70.00	0.437
64.802	0.05	Adapter 3839Hz Probe 3839Hz	9	3.839	70.00	0.437
64.982	0.05	Adapter 3839Hz Probe 3839Hz	9	3.839	70.00	0.437
65.062	0.05	Adapter 3839Hz Probe 3839Hz	9	3.839	70.00	0.437
65.142	0.05	Adapter 3839Hz Probe 3839Hz	9	3.839	70.00	0.437
65.222	0.05	Adapter 3839Hz Probe 3839Hz	9	3.839	70.00	0.437
65.302	0.05	Adapter 3839Hz Probe 3839Hz	9	3.839	70.00	0.437
65.482	0.05	Adapter 3839Hz Probe 3839Hz	9	3.839	70.00	0.437
65.562	0.05	Adapter 3839Hz Probe 3839Hz	9	3.839	70.00	0.437
65.642	0.05	Adapter 3839Hz Probe 3839Hz	9	3.839	70.00	0.437
65.722	0.05	Adapter 3839Hz Probe 3839Hz	9	3.839	70.00	0.437
65.802	0.05	Adapter 3839Hz Probe 3839Hz	9	3.839	70.00	0.437
65.982	0.05	Adapter 3839Hz Probe 3839Hz	9	3.839	70.00	0.437
66.062	0.05	Adapter 3839Hz Probe 3839Hz	9	3.839	70.00	0.437
66.142	0.05	Adapter 3839Hz Probe 3839Hz	9	3.839	70.00	0.437
66.222	0.05	Adapter 3839Hz Probe 3839Hz	9	3.839	70.00	0.437
66.302	0.05	Adapter 3839Hz Probe 3839Hz	9	3.839	70.00	0.437
66.482	0.05	Adapter 3839Hz Probe 3839Hz	9	3.839	70.00	0.437
66.562	0.05	Adapter 3839Hz Probe 3839Hz	9	3.839	70.00	0.437
66.642	0.05	Adapter 3839Hz Probe 3839Hz	9	3.839	70.00	0.437
66.722	0.05	Adapter 3839Hz Probe 3839Hz	9	3.839	70.00	0.437
66.802	0.05	Adapter 3839Hz Probe 3839Hz	9	3.839	70.00	0.437
66.982	0.05	Adapter 3839Hz Probe 3839Hz	9	3.839	70.00	0.437
67.062	0.05	Adapter 3839Hz Probe 3839Hz	9	3.839	70.00	0.437
67.142	0.05	Adapter 3839Hz Probe 3839Hz	9	3.839	70.00	0.437
67.222	0.05	Adapter 3839Hz Probe 3839Hz	9	3.839	70.00	0.437
67.302	0.05	Adapter 3839Hz Probe 3839Hz	9	3.839	70.00	0.437
77.505	0.05	Adapter 1501Hz Probe 3839Hz	11	1.501	70.00	0.186
77.585	0.05	Adapter 1501Hz Probe 3839Hz	11	1.501	70.00	0.186
77.665	0.05	Adapter 1501Hz Probe 3839Hz	11	1.501	70.00	0.186
77.745	0.05	Adapter 1501Hz Probe 3839Hz	11	1.501	70.00	0.186
77.825	0.05	Adapter 1501Hz Probe 3839Hz	11	3.839	70.00	0.437
78.005	0.05	Adapter 1501Hz Probe 3839Hz	11	1.501	70.00	0.186
78.085	0.05	Adapter 1501Hz Probe 3839Hz	11	1.501	70.00	0.186
78.165	0.05	Adapter 1501Hz Probe 3839Hz	11	1.501	70.00	0.186
78.245	0.05	Adapter 1501Hz Probe 3839Hz	11	1.501	70.00	0.186
78.325	0.05	Adapter 1501Hz Probe 3839Hz	11	3.839	70.00	0.437
78.505	0.05	Adapter 1501Hz Probe 3839Hz	11	1.501	70.00	0.186
78.585	0.05	Adapter 1501Hz Probe 3839Hz	11	1.501	70.00	0.186
78.665	0.05	Adapter 1501Hz Probe 3839Hz	11	1.501	70.00	0.186
78.745	0.05	Adapter 1501Hz Probe 3839Hz	11	1.501	70.00	0.186
78.825	0.05	Adapter 1501Hz Probe 3839Hz	11	3.839	70.00	0.437
79.005	0.05	Adapter 1501Hz Probe 3839Hz	11	1.501	70.00	0.186
79.085	0.05	Adapter 1501Hz Probe 3839Hz	11	1.501	70.00	0.186
79.165	0.05	Adapter 1501Hz Probe 3839Hz	11	1.501	70.00	0.186
79.245	0.05	Adapter 1501Hz Probe 3839Hz	11	1.501	70.00	0.186
79.325	0.05	Adapter 1501Hz Probe 3839Hz	11	3.839	70.00	0.437
79.505	0.05	Adapter 1501Hz Probe 3839Hz	11	1.501	70.00	0.186
79.585	0.05	Adapter 1501Hz Probe 3839Hz	11	1.501	70.00	0.186
79.665	0.05	Adapter 1501Hz Probe 3839Hz	11	1.501	70.00	0.186
79.745	0.05	Adapter 1501Hz Probe 3839Hz	11	1.501	70.00	0.186
79.825	0.05	Adapter 1501Hz Probe 3839Hz	11	3.839	70.00	0.437
80.005	0.05	Adapter 1501Hz Probe 3839Hz	11	1.501	70.00	0.186
80.085	0.05	Adapter 1501Hz Probe 3839Hz	11	1.501	70.00	0.186
80.165	0.05	Adapter 1501Hz Probe 3839Hz	11	1.501	70.00	0.186
80.245	0.05	Adapter 1501Hz Probe 3839Hz	11	1.501	70.00	0.186
80.325	0.05	Adapter 1501Hz Probe 3839Hz	11	3.839	70.00	0.437
80.505	0.05	Adapter 1501Hz Probe 3839Hz	11	1.501	70.00	0.186
80.585	0.05	Adapter 1501Hz Probe 3839Hz	11	1.501	70.00	0.186
80.665	0.05	Adapter 1501Hz Probe 3839Hz	11	1.501	70.00	0.186
80.745	0.05	Adapter 1501Hz Probe 3839Hz	11	1.501	70.00	0.186
80.825	0.05	Adapter 1501Hz Probe 3839Hz	11	3.839	70.00	0.437
81.005	0.05	Adapter 1501Hz Probe 3839Hz	11	1.501	70.00	0.186
81.085	0.05	Adapter 1501Hz Probe 3839Hz	11	1.501	70.00	0.186
81.165	0.05	Adapter 1501Hz Probe 3839Hz	11	1.501	70.00	0.186
81.245	0.05	Adapter 1501Hz Probe 3839Hz	11	1.501	70.00	0.186
81.325	0.05	Adapter 1501Hz Probe 3839Hz	11	3.839	70.00	0.437
81.505	0.05	Adapter 1501Hz Probe 3839Hz	11	1.501	70.00	0.186
81.585	0.05	Adapter 1501Hz Probe 3839Hz	11	1.501	70.00	0.186
81.665	0.05	Adapter 1501Hz Probe 3839Hz	11	1.501	70.00	0.186
81.745	0.05	Adapter 1501Hz Probe 3839Hz	11	1.501	70.00	0.186
81.825	0.05	Adapter 1501Hz Probe 3839Hz	11	3.839	70.00	0.437
82.005	0.05	Adapter 1501Hz Probe 3839Hz	11	1.501	70.00	0.186
82.085	0.05	Adapter 1501Hz Probe 3839Hz	11	1.501	70.00	0.186
82.165	0.05	Adapter 1501Hz Probe 3839Hz	11	1.501	70.00	0.186
82.245	0.05	Adapter 1501Hz Probe 3839Hz	11	1.501	70.00	0.186
82.325	0.05	Adapter 1501Hz Probe 3839Hz	11	3.839	70.00	0.437
84.977	0.05	Adapter 899Hz	12	0.899	70.00	0.121
85.057	0.05	Adapter 899Hz	12	0.899	70.00	0.121
85.137	0.05	Adapter 899Hz	12	0.899	70.00	0.121
85.217	0.05	Adapter 899Hz	12	0.899	70.00	0.121
85.477	0.05	Adapter 899Hz	12	0.899	70.00	0.121
85.557	0.05	Adapter 899Hz	12	0.899	70.00	0.121
85.637	0.05	Adapter 899Hz	12	0.899	70.00	0.121
85.717	0.05	Adapter 899Hz	12	0.899	70.00	0.121
85.977	0.05	Adapter 899Hz	12	0.899	70.00	0.121
86.057	0.05	Adapter 899Hz	12	0.899	70.00	0.121
86.137	0.05	Adapter 899Hz	12	0.899	70.00	0.121
86.217	0.05	Adapter 899Hz	12	0.899	70.00	0.121
86.477	0.05	Adapter 899Hz	12	0.899	70.00	0.121
86.557	0.05	Adapter 899Hz	12	0.899	70.00	0.121
86.637	0.05	Adapter 899Hz	12	0.899	70.00	0.121
86.717	0.05	Adapter 899Hz	12	0.899	70.00	0.121
86.977	0.05	Adapter 899Hz	12	0.899	70.00	0.121
87.057	0.05	Adapter 899Hz	12	0.899	70.00	0.121
87.137	0.05	Adapter 899Hz	12	0.899	70.00	0.121
87.217	0.05	Adapter 899Hz	12	0.899	70.00	0.121
87.477	0.05	Adapter 899Hz	12	0.899	70.00	0.121
87.557	0.05	Adapter 899Hz	12	0.899	70.00	0.121
87.637	0.05	Adapter 899Hz	12	0.899	70.00	0.121
87.717	0.05	Adapter 899Hz	12	0.899	70.00	0.121
87.977	0.05	Adapter 899Hz	12	0.899	70.00	0.121
88.057	0.05	Adapter 899Hz	12	0.899	70.00	0.121
88.137	0.05	Adapter 899Hz	12	0.899	70.00	0.121
88.217	0.05	Adapter 899Hz	12	0.899	70.00	0.121
88.477	0.05	Adapter 899Hz	12	0.899	70.00	0.121
88.557	0.05	Adapter 899Hz	12	0.899	70.00	0.121
88.637	0.05	Adapter 899Hz	12	0.899	70.00	0.121
88.717	0.05	Adapter 899Hz	12	0.899	70.00	0.121
88.977	0.05	Adapter 899Hz	12	0.899	70.00	0.121
89.057	0.05	Adapter 899Hz	12	0.899	70.00	0.121
89.137	0.05	Adapter 899Hz	12	0.899	70.00	0.121
89.217	0.05	Adapter 899Hz	12	0.899	70.00	0.121
89.477	0.05	Adapter 899Hz	12	0.899	70.00	0.121
89.557	0.05	Adapter 899Hz	12	0.899	70.00	0.121
89.637	0.05	Adapter 899Hz	12	0.899	70.00	0.121
89.717	0.05	Adapter 899Hz	12	0.899	70.00	0.121
92.45	0.05	Adapter 251Hz	13	0.251	70.00	0.052
92.53	0.05	Adapter 251Hz	13	0.251	70.00	0.052
92.61	0.05	Adapter 251Hz	13	0.251	70.00	0.052
92.69	0.05	Adapter 251Hz	13	0.251	70.00	0.052
92.95	0.05	Adapter 251Hz	13	0.251	70.00	0.052
93.03	0.05	Adapter 251Hz	13	0.251	70.00	0.052
93.11	0.05	Adapter 251Hz	13	0.251	70.00	0.052
93.19	0.05	Adapter 251Hz	13	0.251	70.00	0.052
93.45	0.05	Adapter 251Hz	13	0.251	70.00	0.052
93.53	0.05	Adapter 251Hz	13	0.251	70.00	0.052
93.61	0.05	Adapter 251Hz	13	0.251	70.00	0.052
93.69	0.05	Adapter 251Hz	13	0.251	70.00	0.052
93.95	0.05	Adapter 251Hz	13	0.251	70.00	0.052
94.03	0.05	Adapter 251Hz	13	0.251	70.00	0.052
94.11	0.05	Adapter 251Hz	13	0.251	70.00	0.052
94.19	0.05	Adapter 251Hz	13	0.251	70.00	0.052
94.45	0.05	Adapter 251Hz	13	0.251	70.00	0.052
94.53	0.05	Adapter 251Hz	13	0.251	70.00	0.052
94.61	0.05	Adapter 251Hz	13	0.251	70.00	0.052
94.69	0.05	Adapter 251Hz	13	0.251	70.00	0.052
94.95	0.05	Adapter 251Hz	13	0.251	70.00	0.052
95.03	0.05	Adapter 251Hz	13	0.251	70.00	0.052
95.11	0.05	Adapter 251Hz	13	0.251	70.00	0.052
95.19	0.05	Adapter 251Hz	13	0.251	70.00	0.052
95.45	0.05	Adapter 251Hz	13	0.251	70.00	0.052
95.53	0.05	Adapter 251Hz	13	0.251	70.00	0.052
95.61	0.05	Adapter 251Hz	13	0.251	70.00	0.052
95.69	0.05	Adapter 251Hz	13	0.251	70.00	0.052
95.95	0.05	Adapter 251Hz	13	0.251	70.00	0.052
96.03	0.05	Adapter 251Hz	13	0.251	70.00	0.052
96.11	0.05	Adapter 251Hz	13	0.251	70.00	0.052
96.19	0.05	Adapter 251Hz	13	0.251	70.00	0.052
96.45	0.05	Adapter 251Hz	13	0.251	70.00	0.052
96.53	0.05	Adapter 251Hz	13	0.251	70.00	0.052
96.61	0.05	Adapter 251Hz	13	0.251	70.00	0.052
96.69	0.05	Adapter 251Hz	13	0.251	70.00	0.052
96.95	0.05	Adapter 251Hz	13	0.251	70.00	0.052
97.03	0.05	Adapter 251Hz	13	0.251	70.00	0.052
97.11	0.05	Adapter 251Hz	13	0.251	70.00	0.052
97.19	0.05	Adapter 251Hz	13	0.251	70.00	0.052
107.457	0.05	Adapter 507Hz Probe 3839Hz	15	0.507	70.00	0.079
107.537	0.05	Adapter 507Hz Probe 3839Hz	15	0.507	70.00	0.079
107.617	0.05	Adapter 507Hz Probe 3839Hz	15	0.507	70.00	0.079
107.697	0.05	Adapter 507Hz Probe 3839Hz	15	0.507	70.00	0.079
107.777	0.05	Adapter 507Hz Probe 3839Hz	15	3.839	70.00	0.437
107.957	0.05	Adapter 507Hz Probe 3839Hz	15	0.507	70.00	0.079
108.037	0.05	Adapter 507Hz Probe 3839Hz	15	0.507	70.00	0.079
108.117	0.05	Adapter 507Hz Probe 3839Hz	15	0.507	70.00	0.079
108.197	0.05	Adapter 507Hz Probe 3839Hz	15	0.507	70.00	0.079
108.277	0.05	Adapter 507Hz Probe 3839Hz	15	3.839	70.00	0.437
108.457	0.05	Adapter 507Hz Probe 3839Hz	15	0.507	70.00	0.079
108.537	0.05	Adapter 507Hz Probe 3839Hz	15	0.507	70.00	0.079
108.617	0.05	Adapter 507Hz Probe 3839Hz	15	0.507	70.00	0.079
108.697	0.05	Adapter 507Hz Probe 3839Hz	15	0.507	70.00	0.079
108.777	0.05	Adapter 507Hz Probe 3839Hz	15	3.839	70.00	0.437
108.957	0.05	Adapter 507Hz Probe 3839Hz	15	0.507	70.00	0.079
109.037	0.05	Adapter 507Hz Probe 3839Hz	15	0.507	70.00	0.079
109.117	0.05	Adapter 507Hz Probe 3839Hz	15	0.507	70.00	0.079
109.197	0.05	Adapter 507Hz Probe 3839Hz	15	0.507	70.00	0.079
109.277	0.05	Adapter 507Hz Probe 3839Hz	15	3.839	70.00	0.437
109.457	0.05	Adapter 507Hz Probe 3839Hz	15	0.507	70.00	0.079
109.537	0.05	Adapter 507Hz Probe 3839Hz	15	0.507	70.00	0.079
109.617	0.05	Adapter 507Hz Probe 3839Hz	15	0.507	70.00	0.079
109.697	0.05	Adapter 507Hz Probe 3839Hz	15	0.507	70.00	0.079
109.777	0.05	Adapter 507Hz Probe 3839Hz	15	3.839	70.00	0.437
109.957	0.05	Adapter 507Hz Probe 3839Hz	15	0.507	70.00	0.079
110.037	0.05	Adapter 507Hz Probe 3839Hz	15	0.507	70.00	0.079
110.117	0.05	Adapter 507Hz Probe 3839Hz	15	0.507	70.00	0.079
110.197	0.05	Adapter 507Hz Probe 3839Hz	15	0.507	70.00	0.079
110.277	0.05	Adapter 507Hz Probe 3839Hz	15	3.839	70.00	0.437
110.457	0.05	Adapter 507Hz Probe 3839Hz	15	0.507	70.00	0.079
110.537	0.05	Adapter 507Hz Probe 3839Hz	15	0.507	70.00	0.079
110.617	0.05	Adapter 507Hz Probe 3839Hz	15	0.507	70.00	0.079
110.697	0.05	Adapter 507Hz Probe 3839Hz	15	0.507	70.00	0.079
110.777	0.05	Adapter 507Hz Probe 3839Hz	15	3.839	70.00	0.437
110.957	0.05	Adapter 507Hz Probe 3839Hz	15	0.507	70.00	0.079
111.037	0.05	Adapter 507Hz Probe 3839Hz	15	0.507	70.00	0.079
111.117	0.05	Adapter 507Hz Probe 3839Hz	15	0.507	70.00	0.079
111.197	0.05	Adapter 507Hz Probe 3839Hz	15	0.507	70.00	0.079
111.277	0.05	Adapter 507Hz Probe 3839Hz	15	3.839	70.00	0.437
111.457	0.05	Adapter 507Hz Probe 3839Hz	15	0.507	70.00	0.079
111.537	0.05	Adapter 507Hz Probe 3839Hz	15	0.507	70.00	0.079
111.617	0.05	Adapter 507Hz Probe 3839Hz	15	0.507	70.00	0.079
111.697	0.05	Adapter 507Hz Probe 3839Hz	15	0.507	70.00	0.079
111.777	0.05	Adapter 507Hz Probe 3839Hz	15	3.839	70.00	0.437
111.957	0.05	Adapter 507Hz Probe 3839Hz	15	0.507	70.00	0.079
112.037	0.05	Adapter 507Hz Probe 3839Hz	15	0.507	70.00	0.079
112.117	0.05	Adapter 507Hz Probe 3839Hz	15	0.507	70.00	0.079
112.197	0.05	Adapter 507Hz Probe 3839Hz	15	0.507	70.00	0.079
112.277	0.05	Adapter 507Hz Probe 3839Hz	15	3.839	70.00	0.437
114.976	0.05	Adapter 899Hz Probe 3839Hz	16	0.899	70.00	0.121
115.056	0.05	Adapter 899Hz Probe 3839Hz	16	0.899	70.00	0.121
115.136	0.05	Adapter 899Hz Probe 3839Hz	16	0.899	70.00	0.121
115.216	0.05	Adapter 899Hz Probe 3839Hz	16	0.899	70.00	0.121
115.296	0.05	Adapter 899Hz Probe 3839Hz	16	3.839	70.00	0.437
115.476	0.05	Adapter 899Hz Probe 3839Hz	16	0.899	70.00	0.121
115.556	0.05	Adapter 899Hz Probe 3839Hz	16	0.899	70.00	0.121
115.636	0.05	Adapter 899Hz Probe 3839Hz	16	0.899	70.00	0.121
115.716	0.05	Adapter 899Hz Probe 3839Hz	16	0.899	70.00	0.121
115.796	0.05	Adapter 899Hz Probe 3839Hz	16	3.839	70.00	0.437
115.976	0.05	Adapter 899Hz Probe 3839Hz	16	0.899	70.00	0.121
116.056	0.05	Adapter 899Hz Probe 3839Hz	16	0.899	70.00	0.121
116.136	0.05	Adapter 899Hz Probe 3839Hz	16	0.899	70.00	0.121
116.216	0.05	Adapter 899Hz Probe 3839Hz	16	0.899	70.00	0.121
116.296	0.05	Adapter 899Hz Probe 3839Hz	16	3.839	70.00	0.437
116.476	0.05	Adapter 899Hz Probe 3839Hz	16	0.899	70.00	0.121
116.556	0.05	Adapter 899Hz Probe 3839Hz	16	0.899	70.00	0.121
116.636	0.05	Adapter 899Hz Probe 3839Hz	16	0.899	70.00	0.121
116.716	0.05	Adapter 899Hz Probe 3839Hz	16	0.899	70.00	0.121
116.796	0.05	Adapter 899Hz Probe 3839Hz	16	3.839	70.00	0.437
116.976	0.05	Adapter 899Hz Probe 3839Hz	16	0.899	70.00	0.121
117.056	0.05	Adapter 899Hz Probe 3839Hz	16	0.899	70.00	0.121
117.136	0.05	Adapter 899Hz Probe 3839Hz	16	0.899	70.00	0.121
117.216	0.05	Adapter 899Hz Probe 3839Hz	16	0.899	70.00	0.121
117.296	0.05	Adapter 899Hz Probe 3839Hz	16	3.839	70.00	0.437
117.476	0.05	Adapter 899Hz Probe 3839Hz	16	0.899	70.00	0.121
117.556	0.05	Adapter 899Hz Probe 3839Hz	16	0.899	70.00	0.121
117.636	0.05	Adapter 899Hz Probe 3839Hz	16	0.899	70.00	0.121
117.716	0.05	Adapter 899Hz Probe 3839Hz	16	0.899	70.00	0.121
117.796	0.05	Adapter 899Hz Probe 3839Hz	16	3.839	70.00	0.437
117.976	0.05	Adapter 899Hz Probe 3839Hz	16	0.899	70.00	0.121
118.056	0.05	Adapter 899Hz Probe 3839Hz	16	0.899	70.00	0.121
118.136	0.05	Adapter 899Hz Probe 3839Hz	16	0.899	70.00	0.121
118.216	0.05	Adapter 899Hz Probe 3839Hz	16	0.899	70.00	0.121
118.296	0.05	Adapter 899Hz Probe 3839Hz	16	3.839	70.00	0.437
118.476	0.05	Adapter 899Hz Probe 3839Hz	16	0.899	70.00	0.121
118.556	0.05	Adapter 899Hz Probe 3839Hz	16	0.899	70.00	0.121
118.636	0.05	Adapter 899Hz Probe 3839Hz	16	0.899	70.00	0.121
118.716	0.05	Adapter 899Hz Probe 3839Hz	16	0.899	70.00	0.121
118.796	0.05	Adapter 899Hz Probe 3839Hz	16	3.839	70.00	0.437
118.976	0.05	Adapter 899Hz Probe 3839Hz	16	0.899	70.00	0.121
119.056	0.05	Adapter 899Hz Probe 3839Hz	16	0.899	70.00	0.121
119.136	0.05	Adapter 899Hz Probe 3839Hz	16	0.899	70.00	0.121
119.216	0.05	Adapter 899Hz Probe 3839Hz	16	0.899	70.00	0.121
119.296	0.05	Adapter 899Hz Probe 3839Hz	16	3.839	70.00	0.437
119.476	0.05	Adapter 899Hz Probe 3839Hz	16	0.899	70.00	0.121
119.556	0.05	Adapter 899Hz Probe 3839Hz	16	0.899	70.00	0.121
119.636	0.05	Adapter 899Hz Probe 3839Hz	16	0.899	70.00	0.121
119.716	0.05	Adapter 899Hz Probe 3839Hz	16	0.899	70.00	0.121
119.796	0.05	Adapter 899Hz Probe 3839Hz	16	3.839	70.00	0.437
129.983	0.05	Adapter 899Hz	18	0.899	70.00	0.121
130.063	0.05	Adapter 899Hz	18	0.899	70.00	0.121
130.143	0.05	Adapter 899Hz	18	0.899	70.00	0.121
130.223	0.05	Adapter 899Hz	18	0.899	70.00	0.121
130.483	0.05	Adapter 899Hz	18	0.899	70.00	0.121
130.563	0.05	Adapter 899Hz	18	0.899	70.00	0.121
130.643	0.05	Adapter 899Hz	18	0.899	70.00	0.121
130.723	0.05	Adapter 899Hz	18	0.899	70.00	0.121
130.983	0.05	Adapter 899Hz	18	0.899	70.00	0.121
131.063	0.05	Adapter 899Hz	18	0.899	70.00	0.121
131.143	0.05	Adapter 899Hz	18	0.899	70.00	0.121
131.223	0.05	Adapter 899Hz	18	0.899	70.00	0.121
131.483	0.05	Adapter 899Hz	18	0.899	70.00	0.121
131.563	0.05	Adapter 899Hz	18	0.899	70.00	0.121
131.643	0.05	Adapter 899Hz	18	0.899	70.00	0.121
131.723	0.05	Adapter 899Hz	18	0.899	70.00	0.121
131.983	0.05	Adapter 899Hz	18	0.899	70.00	0.121
132.063	0.05	Adapter 899Hz	18	0.899	70.00	0.121
132.143	0.05	Adapter 899Hz	18	0.899	70.00	0.121
132.223	0.05	Adapter 899Hz	18	0.899	70.00	0.121
132.483	0.05	Adapter 899Hz	18	0.899	70.00	0.121
132.563	0.05	Adapter 899Hz	18	0.899	70.00	0.121
132.643	0.05	Adapter 899Hz	18	0.899	70.00	0.121
132.723	0.05	Adapter 899Hz	18	0.899	70.00	0.121
132.983	0.05	Adapter 899Hz	18	0.899	70.00	0.121
133.063	0.05	Adapter 899Hz	18	0.899	70.00	0.121
133.143	0.05	Adapter 899Hz	18	0.899	70.00	0.121
133.223	0.05	Adapter 899Hz	18	0.899	70.00	0.121
133.483	0.05	Adapter 899Hz	18	0.899	70.00	0.121
133.563	0.05	Adapter 899Hz	18	0.899	70.00	0.121
133.643	0.05	Adapter 899Hz	18	0.899	70.00	0.121
133.723	0.05	Adapter 899Hz	18	0.899	70.00	0.121
133.983	0.05	Adapter 899Hz	18	0.899	70.00	0.121
134.063	0.05	Adapter 899Hz	18	0.899	70.00	0.121
134.143	0.05	Adapter 899Hz	18	0.899	70.00	0.121
134.223	0.05	Adapter 899Hz	18	0.899	70.00	0.121
134.483	0.05	Adapter 899Hz	18	0.899	70.00	0.121
134.563	0.05	Adapter 899Hz	18	0.899	70.00	0.121
134.643	0.05	Adapter 899Hz	18	0.899	70.00	0.121
134.723	0.05	Adapter 899Hz	18	0.899	70.00	0.121
137.823	0.05	Probe 3839Hz	19	3.839	70.00	0.437
138.323	0.05	Probe 3839Hz	19	3.839	70.00	0.437
138.823	0.05	Probe 3839Hz	19	3.839	70.00	0.437
139.323	0.05	Probe 3839Hz	19	3.839	70.00	0.437
139.823	0.05	Probe 3839Hz	19	3.839	70.00	0.437
140.323	0.05	Probe 3839Hz	19	3.839	70.00	0.437
140.823	0.05	Probe 3839Hz	19	3.839	70.00	0.437
141.323	0.05	Probe 3839Hz	19	3.839	70.00	0.437
141.823	0.05	Probe 3839Hz	19	3.839	70.00	0.437
142.323	0.05	Probe 3839Hz	19	3.839	70.00	0.437
152.479	0.05	Adapter 1501Hz	21	1.501	70.00	0.186
152.559	0.05	Adapter 1501Hz	21	1.501	70.00	0.186
152.639	0.05	Adapter 1501Hz	21	1.501	70.00	0.186
152.719	0.05	Adapter 1501Hz	21	1.501	70.00	0.186
152.979	0.05	Adapter 1501Hz	21	1.501	70.00	0.186
153.059	0.05	Adapter 1501Hz	21	1.501	70.00	0.186
153.139	0.05	Adapter 1501Hz	21	1.501	70.00	0.186
153.219	0.05	Adapter 1501Hz	21	1.501	70.00	0.186
153.479	0.05	Adapter 1501Hz	21	1.501	70.00	0.186
153.559	0.05	Adapter 1501Hz	21	1.501	70.00	0.186
153.639	0.05	Adapter 1501Hz	21	1.501	70.00	0.186
153.719	0.05	Adapter 1501Hz	21	1.501	70.00	0.186
153.979	0.05	Adapter 1501Hz	21	1.501	70.00	0.186
154.059	0.05	Adapter 1501Hz	21	1.501	70.00	0.186
154.139	0.05	Adapter 1501Hz	21	1.501	70.00	0.186
154.219	0.05	Adapter 1501Hz	21	1.501	70.00	0.186
154.479	0.05	Adapter 1501Hz	21	1.501	70.00	0.186
154.559	0.05	Adapter 1501Hz	21	1.501	70.00	0.186
154.639	0.05	Adapter 1501Hz	21	1.501	70.00	0.186
154.719	0.05	Adapter 1501Hz	21	1.501	70.00	0.186
154.979	0.05	Adapter 1501Hz	21	1.501	70.00	0.186
155.059	0.05	Adapter 1501Hz	21	1.501	70.00	0.186
155.139	0.05	Adapter 1501Hz	21	1.501	70.00	0.186
155.219	0.05	Adapter 1501Hz	21	1.501	70.00	0.186
155.479	0.05	Adapter 1501Hz	21	1.501	70.00	0.186
155.559	0.05	Adapter 1501Hz	21	1.501	70.00	0.186
155.639	0.05	Adapter 1501Hz	21	1.501	70.00	0.186
155.719	0.05	Adapter 1501Hz	21	1.501	70.00	0.186
155.979	0.05	Adapter 1501Hz	21	1.501	70.00	0.186
156.059	0.05	Adapter 1501Hz	21	1.501	70.00	0.186
156.139	0.05	Adapter 1501Hz	21	1.501	70.00	0.186
156.219	0.05	Adapter 1501Hz	21	1.501	70.00	0.186
156.479	0.05	Adapter 1501Hz	21	1.501	70.00	0.186
156.559	0.05	Adapter 1501Hz	21	1.501	70.00	0.186
156.639	0.05	Adapter 1501Hz	21	1.501	70.00	0.186
156.719	0.05	Adapter 1501Hz	21	1.501	70.00	0.186
156.979	0.05	Adapter 1501Hz	21	1.501	70.00	0.186
157.059	0.05	Adapter 1501Hz	21	1.501	70.00	0.186
157.139	0.05	Adapter 1501Hz	21	1.501	70.00	0.186
157.219	0.05	Adapter 1501Hz	21	1.501	70.00	0.186
159.967	0.05	Adapter 251Hz	22	0.251	70.00	0.052
160.047	0.05	Adapter 251Hz	22	0.251	70.00	0.052
160.127	0.05	Adapter 251Hz	22	0.251	70.00	0.052
160.207	0.05	Adapter 251Hz	22	0.251	70.00	0.052
160.467	0.05	Adapter 251Hz	22	0.251	70.00	0.052
160.547	0.05	Adapter 251Hz	22	0.251	70.00	0.052
160.627	0.05	Adapter 251Hz	22	0.251	70.00	0.052
160.707	0.05	Adapter 251Hz	22	0.251	70.00	0.052
160.967	0.05	Adapter 251Hz	22	0.251	70.00	0.052
161.047	0.05	Adapter 251Hz	22	0.251	70.00	0.052
161.127	0.05	Adapter 251Hz	22	0.251	70.00	0.052
161.207	0.05	Adapter 251Hz	22	0.251	70.00	0.052
161.467	0.05	Adapter 251Hz	22	0.251	70.00	0.052
161.547	0.05	Adapter 251Hz	22	0.251	70.00	0.052
161.627	0.05	Adapter 251Hz	22	0.251	70.00	0.052
161.707	0.05	Adapter 251Hz	22	0.251	70.00	0.052
161.967	0.05	Adapter 251Hz	22	0.251	70.00	0.052
162.047	0.05	Adapter 251Hz	22	0.251	70.00	0.052
162.127	0.05	Adapter 251Hz	22	0.251	70.00	0.052
162.207	0.05	Adapter 251Hz	22	0.251	70.00	0.052
162.467	0.05	Adapter 251Hz	22	0.251	70.00	0.052
162.547	0.05	Adapter 251Hz	22	0.251	70.00	0.052
162.627	0.05	Adapter 251Hz	22	0.251	70.00	0.052
162.707	0.05	Adapter 251Hz	22	0.251	70.00	0.052
162.967	0.05	Adapter 251Hz	22	0.251	70.00	0.052
163.047	0.05	Adapter 251Hz	22	0.251	70.00	0.052
163.127	0.05	Adapter 251Hz	22	0.251	70.00	0.052
163.207	0.05	Adapter 251Hz	22	0.251	70.00	0.052
163.467	0.05	Adapter 251Hz	22	0.251	70.00	0.052
163.547	0.05	Adapter 251Hz	22	0.251	70.00	0.052
163.627	0.05	Adapter 251Hz	22	0.251	70.00	0.052
163.707	0.05	Adapter 251Hz	22	0.251	70.00	0.052
163.967	0.05	Adapter 251Hz	22	0.251	70.00	0.052
164.047	0.05	Adapter 251Hz	22	0.251	70.00	0.052
164.127	0.05	Adapter 251Hz	22	0.251	70.00	0.052
164.207	0.05	Adapter 251Hz	22	0.251	70.00	0.052
164.467	0.05	Adapter 251Hz	22	0.251	70.00	0.052
164.547	0.05	Adapter 251Hz	22	0.251	70.00	0.052
164.627	0.05	Adapter 251Hz	22	0.251	70.00	0.052
164.707	0.05	Adapter 251Hz	22	0.251	70.00	0.052
174.99	0.05	Adapter 899Hz Probe 3839Hz	24	0.899	70.00	0.121
175.07	0.05	Adapter 899Hz Probe 3839Hz	24	0.899	70.00	0.121
175.15	0.05	Adapter 899Hz Probe 3839Hz	24	0.899	70.00	0.121
175.23	0.05	Adapter 899Hz Probe 3839Hz	24	0.899	70.00	0.121
175.31	0.05	Adapter 899Hz Probe 3839Hz	24	3.839	70.00	0.437
175.49	0.05	Adapter 899Hz Probe 3839Hz	24	0.899	70.00	0.121
175.57	0.05	Adapter 899Hz Probe 3839Hz	24	0.899	70.00	0.121
175.65	0.05	Adapter 899Hz Probe 3839Hz	24	0.899	70.00	0.121
175.73	0.05	Adapter 899Hz Probe 3839Hz	24	0.899	70.00	0.121
175.81	0.05	Adapter 899Hz Probe 3839Hz	24	3.839	70.00	0.437
175.99	0.05	Adapter 899Hz Probe 3839Hz	24	0.899	70.00	0.121
176.07	0.05	Adapter 899Hz Probe 3839Hz	24	0.899	70.00	0.121
176.15	0.05	Adapter 899Hz Probe 3839Hz	24	0.899	70.00	0.121
176.23	0.05	Adapter 899Hz Probe 3839Hz	24	0.899	70.00	0.121
176.31	0.05	Adapter 899Hz Probe 3839Hz	24	3.839	70.00	0.437
176.49	0.05	Adapter 899Hz Probe 3839Hz	24	0.899	70.00	0.121
176.57	0.05	Adapter 899Hz Probe 3839Hz	24	0.899	70.00	0.121
176.65	0.05	Adapter 899Hz Probe 3839Hz	24	0.899	70.00	0.121
176.73	0.05	Adapter 899Hz Probe 3839Hz	24	0.899	70.00	0.121
176.81	0.05	Adapter 899Hz Probe 3839Hz	24	3.839	70.00	0.437
176.99	0.05	Adapter 899Hz Probe 3839Hz	24	0.899	70.00	0.121
177.07	0.05	Adapter 899Hz Probe 3839Hz	24	0.899	70.00	0.121
177.15	0.05	Adapter 899Hz Probe 3839Hz	24	0.899	70.00	0.121
177.23	0.05	Adapter 899Hz Probe 3839Hz	24	0.899	70.00	0.121
177.31	0.05	Adapter 899Hz Probe 3839Hz	24	3.839	70.00	0.437
177.49	0.05	Adapter 899Hz Probe 3839Hz	24	0.899	70.00	0.121
177.57	0.05	Adapter 899Hz Probe 3839Hz	24	0.899	70.00	0.121
177.65	0.05	Adapter 899Hz Probe 3839Hz	24	0.899	70.00	0.121
177.73	0.05	Adapter 899Hz Probe 3839Hz	24	0.899	70.00	0.121
177.81	0.05	Adapter 899Hz Probe 3839Hz	24	3.839	70.00	0.437
177.99	0.05	Adapter 899Hz Probe 3839Hz	24	0.899	70.00	0.121
178.07	0.05	Adapter 899Hz Probe 3839Hz	24	0.899	70.00	0.121
178.15	0.05	Adapter 899Hz Probe 3839Hz	24	0.899	70.00	0.121
178.23	0.05	Adapter 899Hz Probe 3839Hz	24	0.899	70.00	0.121
178.31	0.05	Adapter 899Hz Probe 3839Hz	24	3.839	70.00	0.437
178.49	0.05	Adapter 899Hz Probe 3839Hz	24	0.899	70.00	0.121
178.57	0.05	Adapter 899Hz Probe 3839Hz	24	0.899	70.00	0.121
178.65	0.05	Adapter 899Hz Probe 3839Hz	24	0.899	70.00	0.121
178.73	0.05	Adapter 899Hz Probe 3839Hz	24	0.899	70.00	0.121
178.81	0.05	Adapter 899Hz Probe 3839Hz	24	3.839	70.00	0.437
178.99	0.05	Adapter 899Hz Probe 3839Hz	24	0.899	70.00	0.121
179.07	0.05	Adapter 899Hz Probe 3839Hz	24	0.899	70.00	0.121
179.15	0.05	Adapter 899Hz Probe 3839Hz	24	0.899	70.00	0.121
179.23	0.05	Adapter 899Hz Probe 3839Hz	24	0.899	70.00	0.121
179.31	0.05	Adapter 899Hz Probe 3839Hz	24	3.839	70.00	0.437
179.49	0.05	Adapter 899Hz Probe 3839Hz	24	0.899	70.00	0.121
179.57	0.05	Adapter 899Hz Probe 3839Hz	24	0.899	70.00	0.121
179.65	0.05	Adapter 899Hz Probe 3839Hz	24	0.899	70.00	0.121
179.73	0.05	Adapter 899Hz Probe 3839Hz	24	0.899	70.00	0.121
179.81	0.05	Adapter 899Hz Probe 3839Hz	24	3.839	70.00	0.437
182.509	0.05	Adapter 6009Hz	25	6.009	70.00	0.671
182.589	0.05	Adapter 6009Hz	25	6.009	70.00	0.671
182.669	0.05	Adapter 6009Hz	25	6.009	70.00	0.671
182.749	0.05	Adapter 6009Hz	25	6.009	70.00	0.671
183.009	0.05	Adapter 6009Hz	25	6.009	70.00	0.671
183.089	0.05	Adapter 6009Hz	25	6.009	70.00	0.671
183.169	0.05	Adapter 6009Hz	25	6.009	70.00	0.671
183.249	0.05	Adapter 6009Hz	25	6.009	70.00	0.671
183.509	0.05	Adapter 6009Hz	25	6.009	70.00	0.671
183.589	0.05	Adapter 6009Hz	25	6.009	70.00	0.671
183.669	0.05	Adapter 6009Hz	25	6.009	70.00	0.671
183.749	0.05	Adapter 6009Hz	25	6.009	70.00	0.671
184.009	0.05	Adapter 6009Hz	25	6.009	70.00	0.671
184.089	0.05	Adapter 6009Hz	25	6.009	70.00	0.671
184.169	0.05	Adapter 6009Hz	25	6.009	70.00	0.671
184.249	0.05	Adapter 6009Hz	25	6.009	70.00	0.671
184.509	0.05	Adapter 6009Hz	25	6.009	70.00	0.671
184.589	0.05	Adapter 6009Hz	25	6.009	70.00	0.671
184.669	0.05	Adapter 6009Hz	25	6.009	70.00	0.671
184.749	0.05	Adapter 6009Hz	25	6.009	70.00	0.671
185.009	0.05	Adapter 6009Hz	25	6.009	70.00	0.671
185.089	0.05	Adapter 6009Hz	25	6.009	70.00	0.671
185.169	0.05	Adapter 6009Hz	25	6.009	70.00	0.671
185.249	0.05	Adapter 6009Hz	25	6.009	70.00	0.671
185.509	0.05	Adapter 6009Hz	25	6.009	70.00	0.671
185.589	0.05	Adapter 6009Hz	25	6.009	70.00	0.671
185.669	0.05	Adapter 6009Hz	25	6.009	70.00	0.671
185.749	0.05	Adapter 6009Hz	25	6.009	70.00	0.671
186.009	0.05	Adapter 6009Hz	25	6.009	70.00	0.671
186.089	0.05	Adapter 6009Hz	25	6.009	70.00	0.671
186.169	0.05	Adapter 6009Hz	25	6.009	70.00	0.671
186.249	0.05	Adapter 6009Hz	25	6.009	70.00	0.671
186.509	0.05	Adapter 6009Hz	25	6.009	70.00	0.671
186.589	0.05	Adapter 6009Hz	25	6.009	70.00	0.671
186.669	0.05	Adapter 6009Hz	25	6.009	70.00	0.671
186.749	0.05	Adapter 6009Hz	25	6.009	70.00	0.671
187.009	0.05	Adapter 6009Hz	25	6.009	70.00	0.671
187.089	0.05	Adapter 6009Hz	25	6.009	70.00	0.671
187.169	0.05	Adapter 6009Hz	25	6.009	70.00	0.671
187.249	0.05	Adapter 6009Hz	25	6.009	70.00	0.671
189.95	0.05	Adapter 507Hz Probe 3839Hz	26	0.507	70.00	0.079
190.03	0.05	Adapter 507Hz Probe 3839Hz	26	0.507	70.00	0.079
190.11	0.05	Adapter 507Hz Probe 3839Hz	26	0.507	70.00	0.079
190.19	0.05	Adapter 507Hz Probe 3839Hz	26	0.507	70.00	0.079
190.27	0.05	Adapter 507Hz Probe 3839Hz	26	3.839	70.00	0.437
190.45	0.05	Adapter 507Hz Probe 3839Hz	26	0.507	70.00	0.079
190.53	0.05	Adapter 507Hz Probe 3839Hz	26	0.507	70.00	0.079
190.61	0.05	Adapter 507Hz Probe 3839Hz	26	0.507	70.00	0.079
190.69	0.05	Adapter 507Hz Probe 3839Hz	26	0.507	70.00	0.079
190.77	0.05	Adapter 507Hz Probe 3839Hz	26	3.839	70.00	0.437
190.95	0.05	Adapter 507Hz Probe 3839Hz	26	0.507	70.00	0.079
191.03	0.05	Adapter 507Hz Probe 3839Hz	26	0.507	70.00	0.079
191.11	0.05	Adapter 507Hz Probe 3839Hz	26	0.507	70.00	0.079
191.19	0.05	Adapter 507Hz Probe 3839Hz	26	0.507	70.00	0.079
191.27	0.05	Adapter 507Hz Probe 3839Hz	26	3.839	70.00	0.437
191.45	0.05	Adapter 507Hz Probe 3839Hz	26	0.507	70.00	0.079
191.53	0.05	Adapter 507Hz Probe 3839Hz	26	0.507	70.00	0.079
191.61	0.05	Adapter 507Hz Probe 3839Hz	26	0.507	70.00	0.079
191.69	0.05	Adapter 507Hz Probe 3839Hz	26	0.507	70.00	0.079
191.77	0.05	Adapter 507Hz Probe 3839Hz	26	3.839	70.00	0.437
191.95	0.05	Adapter 507Hz Probe 3839Hz	26	0.507	70.00	0.079
192.03	0.05	Adapter 507Hz Probe 3839Hz	26	0.507	70.00	0.079
192.11	0.05	Adapter 507Hz Probe 3839Hz	26	0.507	70.00	0.079
192.19	0.05	Adapter 507Hz Probe 3839Hz	26	0.507	70.00	0.079
192.27	0.05	Adapter 507Hz Probe 3839Hz	26	3.839	70.00	0.437
192.45	0.05	Adapter 507Hz Probe 3839Hz	26	0.507	70.00	0.079
192.53	0.05	Adapter 507Hz Probe 3839Hz	26	0.507	70.00	0.079
192.61	0.05	Adapter 507Hz Probe 3839Hz	26	0.507	70.00	0.079
192.69	0.05	Adapter 507Hz Probe 3839Hz	26	0.507	70.00	0.079
192.77	0.05	Adapter 507Hz Probe 3839Hz	26	3.839	70.00	0.437
192.95	0.05	Adapter 507Hz Probe 3839Hz	26	0.507	70.00	0.079
193.03	0.05	Adapter 507Hz Probe 3839Hz	26	0.507	70.00	0.079
193.11	0.05	Adapter 507Hz Probe 3839Hz	26	0.507	70.00	0.079
193.19	0.05	Adapter 507Hz Probe 3839Hz	26	0.507	70.00	0.079
193.27	0.05	Adapter 507Hz Probe 3839Hz	26	3.839	70.00	0.437
193.45	0.05	Adapter 507Hz Probe 3839Hz	26	0.507	70.00	0.079
193.53	0.05	Adapter 507Hz Probe 3839Hz	26	0.507	70.00	0.079
193.61	0.05	Adapter 507Hz Probe 3839Hz	26	0.507	70.00	0.079
193.69	0.05	Adapter 507Hz Probe 3839Hz	26	0.507	70.00	0.079
193.77	0.05	Adapter 507Hz Probe 3839Hz	26	3.839	70.00	0.437
193.95	0.05	Adapter 507Hz Probe 3839Hz	26	0.507	70.00	0.079
194.03	0.05	Adapter 507Hz Probe 3839Hz	26	0.507	70.00	0.079
194.11	0.05	Adapter 507Hz Probe 3839Hz	26	0.507	70.00	0.079
194.19	0.05	Adapter 507Hz Probe 3839Hz	26	0.507	70.00	0.079
194.27	0.05	Adapter 507Hz Probe 3839Hz	26	3.839	70.00	0.437
194.45	0.05	Adapter 507Hz Probe 3839Hz	26	0.507	70.00	0.079
194.53	0.05	Adapter 507Hz Probe 3839Hz	26	0.507	70.00	0.079
194.61	0.05	Adapter 507Hz Probe 3839Hz	26	0.507	70.00	0.079
194.69	0.05	Adapter 507Hz Probe 3839Hz	26	0.507	70.00	0.079
194.77	0.05	Adapter 507Hz Probe 3839Hz	26	3.839	70.00	0.437
197.454	0.05	Adapter 507Hz	27	0.507	70.00	0.079
197.534	0.05	Adapter 507Hz	27	0.507	70.00	0.079
197.614	0.05	Adapter 507Hz	27	0.507	70.00	0.079
197.694	0.05	Adapter 507Hz	27	0.507	70.00	0.079
197.954	0.05	Adapter 507Hz	27	0.507	70.00	0.079
198.034	0.05	Adapter 507Hz	27	0.507	70.00	0.079
198.114	0.05	Adapter 507Hz	27	0.507	70.00	0.079
198.194	0.05	Adapter 507Hz	27	0.507	70.00	0.079
198.454	0.05	Adapter 507Hz	27	0.507	70.00	0.079
198.534	0.05	Adapter 507Hz	27	0.507	70.00	0.079
198.614	0.05	Adapter 507Hz	27	0.507	70.00	0.079
198.694	0.05	Adapter 507Hz	27	0.507	70.00	0.079
198.954	0.05	Adapter 507Hz	27	0.507	70.00	0.079
199.034	0.05	Adapter 507Hz	27	0.507	70.00	0.079
199.114	0.05	Adapter 507Hz	27	0.507	70.00	0.079
199.194	0.05	Adapter 507Hz	27	0.507	70.00	0.079
199.454	0.05	Adapter 507Hz	27	0.507	70.00	0.079
199.534	0.05	Adapter 507Hz	27	0.507	70.00	0.079
199.614	0.05	Adapter 507Hz	27	0.507	70.00	0.079
199.694	0.05	Adapter 507Hz	27	0.507	70.00	0.079
199.954	0.05	Adapter 507Hz	27	0.507	70.00	0.079
200.034	0.05	Adapter 507Hz	27	0.507	70.00	0.079
200.114	0.05	Adapter 507Hz	27	0.507	70.00	0.079
200.194	0.05	Adapter 507Hz	27	0.507	70.00	0.079
200.454	0.05	Adapter 507Hz	27	0.507	70.00	0.079
200.534	0.05	Adapter 507Hz	27	0.507	70.00	0.079
200.614	0.05	Adapter 507Hz	27	0.507	70.00	0.079
200.694	0.05	Adapter 507Hz	27	0.507	70.00	0.079
200.954	0.05	Adapter 507Hz	27	0.507	70.00	0.079
201.034	0.05	Adapter 507Hz	27	0.507	70.00	0.079
201.114	0.05	Adapter 507Hz	27	0.507	70.00	0.079
201.194	0.05	Adapter 507Hz	27	0.507	70.00	0.079
201.454	0.05	Adapter 507Hz	27	0.507	70.00	0.079
201.534	0.05	Adapter 507Hz	27	0.507	70.00	0.079
201.614	0.05	Adapter 507Hz	27	0.507	70.00	0.079
201.694	0.05	Adapter 507Hz	27	0.507	70.00	0.079
201.954	0.05	Adapter 507Hz	27	0.507	70.00	0.079
202.034	0.05	Adapter 507Hz	27	0.507	70.00	0.079
202.114	0.05	Adapter 507Hz	27	0.507	70.00	0.079
202.194	0.05	Adapter 507Hz	27	0.507	70.00	0.079
204.973	0.05	Adapter 3839Hz	28	3.839	70.00	0.437
205.053	0.05	Adapter 3839Hz	28	3.839	70.00	0.437
205.133	0.05	Adapter 3839Hz	28	3.839	70.00	0.437
205.213	0.05	Adapter 3839Hz	28	3.839	70.00	0.437
205.473	0.05	Adapter 3839Hz	28	3.839	70.00	0.437
205.553	0.05	Adapter 3839Hz	28	3.839	70.00	0.437
205.633	0.05	Adapter 3839Hz	28	3.839	70.00	0.437
205.713	0.05	Adapter 3839Hz	28	3.839	70.00	0.437
205.973	0.05	Adapter 3839Hz	28	3.839	70.00	0.437
206.053	0.05	Adapter 3839Hz	28	3.839	70.00	0.437
206.133	0.05	Adapter 3839Hz	28	3.839	70.00	0.437
206.213	0.05	Adapter 3839Hz	28	3.839	70.00	0.437
206.473	0.05	Adapter 3839Hz	28	3.839	70.00	0.437
206.553	0.05	Adapter 3839Hz	28	3.839	70.00	0.437
206.633	0.05	Adapter 3839Hz	28	3.839	70.00	0.437
206.713	0.05	Adapter 3839Hz	28	3.839	70.00	0.437
206.973	0.05	Adapter 3839Hz	28	3.839	70.00	0.437
207.053	0.05	Adapter 3839Hz	28	3.839	70.00	0.437
207.133	0.05	Adapter 3839Hz	28	3.839	70.00	0.437
207.213	0.05	Adapter 3839Hz	28	3.839	70.00	0.437
207.473	0.05	Adapter 3839Hz	28	3.839	70.00	0.437
207.553	0.05	Adapter 3839Hz	28	3.839	70.00	0.437
207.633	0.05	Adapter 3839Hz	28	3.839	70.00	0.437
207.713	0.05	Adapter 3839Hz	28	3.839	70.00	0.437
207.973	0.05	Adapter 3839Hz	28	3.839	70.00	0.437
208.053	0.05	Adapter 3839Hz	28	3.839	70.00	0.437
208.133	0.05	Adapter 3839Hz	28	3.839	70.00	0.437
208.213	0.05	Adapter 3839Hz	28	3.839	70.00	0.437
208.473	0.05	Adapter 3839Hz	28	3.839	70.00	0.437
208.553	0.05	Adapter 3839Hz	28	3.839	70.00	0.437
208.633	0.05	Adapter 3839Hz	28	3.839	70.00	0.437
208.713	0.05	Adapter 3839Hz	28	3.839	70.00	0.437
208.973	0.05	Adapter 3839Hz	28	3.839	70.00	0.437
209.053	0.05	Adapter 3839Hz	28	3.839	70.00	0.437
209.133	0.05	Adapter 3839Hz	28	3.839	70.00	0.437
209.213	0.05	Adapter 3839Hz	28	3.839	70.00	0.437
209.473	0.05	Adapter 3839Hz	28	3.839	70.00	0.437
209.553	0.05	Adapter 3839Hz	28	3.839	70.00	0.437
209.633	0.05	Adapter 3839Hz	28	3.839	70.00	0.437
209.713	0.05	Adapter 3839Hz	28	3.839	70.00	0.437
212.492	0.05	Adapter 2423Hz Probe 3839Hz	29	2.423	70.00	0.285
212.572	0.05	Adapter 2423Hz Probe 3839Hz	29	2.423	70.00	0.285
212.652	0.05	Adapter 2423Hz Probe 3839Hz	29	2.423	70.00	0.285
212.732	0.05	Adapter 2423Hz Probe 3839Hz	29	2.423	70.00	0.285
212.812	0.05	Adapter 2423Hz Probe 3839Hz	29	3.839	70.00	0.437
212.992	0.05	Adapter 2423Hz Probe 3839Hz	29	2.423	70.00	0.285
213.072	0.05	Adapter 2423Hz Probe 3839Hz	29	2.423	70.00	0.285
213.152	0.05	Adapter 2423Hz Probe 3839Hz	29	2.423	70.00	0.285
213.232	0.05	Adapter 2423Hz Probe 3839Hz	29	2.423	70.00	0.285
213.312	0.05	Adapter 2423Hz Probe 3839Hz	29	3.839	70.00	0.437
213.492	0.05	Adapter 2423Hz Probe 3839Hz	29	2.423	70.00	0.285
213.572	0.05	Adapter 2423Hz Probe 3839Hz	29	2.423	70.00	0.285
213.652	0.05	Adapter 2423Hz Probe 3839Hz	29	2.423	70.00	0.285
213.732	0.05	Adapter 2423Hz Probe 3839Hz	29	2.423	70.00	0.285
213.812	0.05	Adapter 2423Hz Probe 3839Hz	29	3.839	70.00	0.437
213.992	0.05	Adapter 2423Hz Probe 3839Hz	29	2.423	70.00	0.285
214.072	0.05	Adapter 2423Hz Probe 3839Hz	29	2.423	70.00	0.285
214.152	0.05	Adapter 2423Hz Probe 3839Hz	29	2.423	70.00	0.285
214.232	0.05	Adapter 2423Hz Probe 3839Hz	29	2.423	70.00	0.285
214.312	0.05	Adapter 2423Hz Probe 3839Hz	29	3.839	70.00	0.437
214.492	0.05	Adapter 2423Hz Probe 3839Hz	29	2.423	70.00	0.285
214.572	0.05	Adapter 2423Hz Probe 3839Hz	29	2.423	70.00	0.285
214.652	0.05	Adapter 2423Hz Probe 3839Hz	29	2.423	70.00	0.285
214.732	0.05	Adapter 2423Hz Probe 3839Hz	29	2.423	70.00	0.285
214.812	0.05	Adapter 2423Hz Probe 3839Hz	29	3.839	70.00	0.437
214.992	0.05	Adapter 2423Hz Probe 3839Hz	29	2.423	70.00	0.285
215.072	0.05	Adapter 2423Hz Probe 3839Hz	29	2.423	70.00	0.285
215.152	0.05	Adapter 2423Hz Probe 3839Hz	29	2.423	70.00	0.285
215.232	0.05	Adapter 2423Hz Probe 3839Hz	29	2.423	70.00	0.285
215.312	0.05	Adapter 2423Hz Probe 3839Hz	29	3.839	70.00	0.437
215.492	0.05	Adapter 2423Hz Probe 3839Hz	29	2.423	70.00	0.285
215.572	0.05	Adapter 2423Hz Probe 3839Hz	29	2.423	70.00	0.285
215.652	0.05	Adapter 2423Hz Probe 3839Hz	29	2.423	70.00	0.285
215.732	0.05	Adapter 2423Hz Probe 3839Hz	29	2.423	70.00	0.285
215.812	0.05	Adapter 2423Hz Probe 3839Hz	29	3.839	70.00	0.437
215.992	0.05	Adapter 2423Hz Probe 3839Hz	29	2.423	70.00	0.285
216.072	0.05	Adapter 2423Hz Probe 3839Hz	29	2.423	70.00	0.285
216.152	0.05	Adapter 2423Hz Probe 3839Hz	29	2.423	70.00	0.285
216.232	0.05	Adapter 2423Hz Probe 3839Hz	29	2.423	70.00	0.285
216.312	0.05	Adapter 2423Hz Probe 3839Hz	29	3.839	70.00	0.437
216.492	0.05	Adapter 2423Hz Probe 3839Hz	29	2.423	70.00	0.285
216.572	0.05	Adapter 2423Hz Probe 3839Hz	29	2.423	70.00	0.285
216.652	0.05	Adapter 2423Hz Probe 3839Hz	29	2.423	70.00	0.285
216.732	0.05	Adapter 2423Hz Probe 3839Hz	29	2.423	70.00	0.285
216.812	0.05	Adapter 2423Hz Probe 3839Hz	29	3.839	70.00	0.437
216.992	0.05	Adapter 2423Hz Probe 3839Hz	29	2.423	70.00	0.285
217.072	0.05	Adapter 2423Hz Probe 3839Hz	29	2.423	70.00	0.285
217.152	0.05	Adapter 2423Hz Probe 3839Hz	29	2.423	70.00	0.285
217.232	0.05	Adapter 2423Hz Probe 3839Hz	29	2.423	70.00	0.285
217.312	0.05	Adapter 2423Hz Probe 3839Hz	29	3.839	70.00	0.437
219.964	0.05	Adapter 2423Hz	30	2.423	70.00	0.285
220.044	0.05	Adapter 2423Hz	30	2.423	70.00	0.285
220.124	0.05	Adapter 2423Hz	30	2.423	70.00	0.285
220.204	0.05	Adapter 2423Hz	30	2.423	70.00	0.285
220.464	0.05	Adapter 2423Hz	30	2.423	70.00	0.285
220.544	0.05	Adapter 2423Hz	30	2.423	70.00	0.285
220.624	0.05	Adapter 2423Hz	30	2.423	70.00	0.285
220.704	0.05	Adapter 2423Hz	30	2.423	70.00	0.285
220.964	0.05	Adapter 2423Hz	30	2.423	70.00	0.285
221.044	0.05	Adapter 2423Hz	30	2.423	70.00	0.285
221.124	0.05	Adapter 2423Hz	30	2.423	70.00	0.285
221.204	0.05	Adapter 2423Hz	30	2.423	70.00	0.285
221.464	0.05	Adapter 2423Hz	30	2.423	70.00	0.285
221.544	0.05	Adapter 2423Hz	30	2.423	70.00	0.285
221.624	0.05	Adapter 2423Hz	30	2.423	70.00	0.285
221.704	0.05	Adapter 2423Hz	30	2.423	70.00	0.285
221.964	0.05	Adapter 2423Hz	30	2.423	70.00	0.285
222.044	0.05	Adapter 2423Hz	30	2.423	70.00	0.285
222.124	0.05	Adapter 2423Hz	30	2.423	70.00	0.285
222.204	0.05	Adapter 2423Hz	30	2.423	70.00	0.285
222.464	0.05	Adapter 2423Hz	30	2.423	70.00	0.285
222.544	0.05	Adapter 2423Hz	30	2.423	70.00	0.285
222.624	0.05	Adapter 2423Hz	30	2.423	70.00	0.285
222.704	0.05	Adapter 2423Hz	30	2.423	70.00	0.285
222.964	0.05	Adapter 2423Hz	30	2.423	70.00	0.285
223.044	0.05	Adapter 2423Hz	30	2.423	70.00	0.285
223.124	0.05	Adapter 2423Hz	30	2.423	70.00	0.285
223.204	0.05	Adapter 2423Hz	30	2.423	70.00	0.285
223.464	0.05	Adapter 2423Hz	30	2.423	70.00	0.285
223.544	0.05	Adapter 2423Hz	30	2.423	70.00	0.285
223.624	0.05	Adapter 2423Hz	30	2.423	70.00	0.285
223.704	0.05	Adapter 2423Hz	30	2.423	70.00	0.285
223.964	0.05	Adapter 2423Hz	30	2.423	70.00	0.285
224.044	0.05	Adapter 2423Hz	30	2.423	70.00	0.285
224.124	0.05	Adapter 2423Hz	30	2.423	70.00	0.285
224.204	0.05	Adapter 2423Hz	30	2.423	70.00	0.285
224.464	0.05	Adapter 2423Hz	30	2.423	70.00	0.285
224.544	0.05	Adapter 2423Hz	30	2.423	70.00	0.285
224.624	0.05	Adapter 2423Hz	30	2.423	70.00	0.285
224.704	0.05	Adapter 2423Hz	30	2.423	70.00	0.285
227.499	0.05	Adapter 3839Hz Probe 3839Hz	31	3.839	70.00	0.437
227.579	0.05	Adapter 3839Hz Probe 3839Hz	31	3.839	70.00	0.437
227.659	0.05	Adapter 3839Hz Probe 3839Hz	31	3.839	70.00	0.437
227.739	0.05	Adapter 3839Hz Probe 3839Hz	31	3.839	70.00	0.437
227.819	0.05	Adapter 3839Hz Probe 3839Hz	31	3.839	70.00	0.437
227.999	0.05	Adapter 3839Hz Probe 3839Hz	31	3.839	70.00	0.437
228.079	0.05	Adapter 3839Hz Probe 3839Hz	31	3.839	70.00	0.437
228.159	0.05	Adapter 3839Hz Probe 3839Hz	31	3.839	70.00	0.437
228.239	0.05	Adapter 3839Hz Probe 3839Hz	31	3.839	70.00	0.437
228.319	0.05	Adapter 3839Hz Probe 3839Hz	31	3.839	70.00	0.437
228.499	0.05	Adapter 3839Hz Probe 3839Hz	31	3.839	70.00	0.437
228.579	0.05	Adapter 3839Hz Probe 3839Hz	31	3.839	70.00	0.437
228.659	0.05	Adapter 3839Hz Probe 3839Hz	31	3.839	70.00	0.437
228.739	0.05	Adapter 3839Hz Probe 3839Hz	31	3.839	70.00	0.437
228.819	0.05	Adapter 3839Hz Probe 3839Hz	31	3.839	70.00	0.437
228.999	0.05	Adapter 3839Hz Probe 3839Hz	31	3.839	70.00	0.437
229.079	0.05	Adapter 3839Hz Probe 3839Hz	31	3.839	70.00	0.437
229.159	0.05	Adapter 3839Hz Probe 3839Hz	31	3.839	70.00	0.437
229.239	0.05	Adapter 3839Hz Probe 3839Hz	31	3.839	70.00	0.437
229.319	0.05	Adapter 3839Hz Probe 3839Hz	31	3.839	70.00	0.437
229.499	0.05	Adapter 3839Hz Probe 3839Hz	31	3.839	70.00	0.437
229.579	0.05	Adapter 3839Hz Probe 3839Hz	31	3.839	70.00	0.437
229.659	0.05	Adapter 3839Hz Probe 3839Hz	31	3.839	70.00	0.437
229.739	0.05	Adapter 3839Hz Probe 3839Hz	31	3.839	70.00	0.437
229.819	0.05	Adapter 3839Hz Probe 3839Hz	31	3.839	70.00	0.437
229.999	0.05	Adapter 3839Hz Probe 3839Hz	31	3.839	70.00	0.437
230.079	0.05	Adapter 3839Hz Probe 3839Hz	31	3.839	70.00	0.437
230.159	0.05	Adapter 3839Hz Probe 3839Hz	31	3.839	70.00	0.437
230.239	0.05	Adapter 3839Hz Probe 3839Hz	31	3.839	70.00	0.437
230.319	0.05	Adapter 3839Hz Probe 3839Hz	31	3.839	70.00	0.437
230.499	0.05	Adapter 3839Hz Probe 3839Hz	31	3.839	70.00	0.437
230.579	0.05	Adapter 3839Hz Probe 3839Hz	31	3.839	70.00	0.437
230.659	0.05	Adapter 3839Hz Probe 3839Hz	31	3.839	70.00	0.437
230.739	0.05	Adapter 3839Hz Probe 3839Hz	31	3.839	70.00	0.437
230.819	0.05	Adapter 3839Hz Probe 3839Hz	31	3.839	70.00	0.437
230.999	0.05	Adapter 3839Hz Probe 3839Hz	31	3.839	70.00	0.437
231.079	0.05	Adapter 3839Hz Probe 3839Hz	31	3.839	70.00	0.437
231.159	0.05	Adapter 3839Hz Probe 3839Hz	31	3.839	70.00	0.437
231.239	0.05	Adapter 3839Hz Probe 3839Hz	31	3.839	70.00	0.437
231.319	0.05	Adapter 3839Hz Probe 3839Hz	31	3.839	70.00	0.437
231.499	0.05	Adapter 3839Hz Probe 3839Hz	31	3.839	70.00	0.437
231.579	0.05	Adapter 3839Hz Probe 3839Hz	31	3.839	70.00	0.437
231.659	0.05	Adapter 3839Hz Probe 3839Hz	31	3.839	70.00	0.437
231.739	0.05	Adapter 3839Hz Probe 3839Hz	31	3.839	70.00	0.437
231.819	0.05	Adapter 3839Hz Probe 3839Hz	31	3.839	70.00	0.437
231.999	0.05	Adapter 3839Hz Probe 3839Hz	31	3.839	70.00	0.437
232.079	0.05	Adapter 3839Hz Probe 3839Hz	31	3.839	70.00	0.437
232.159	0.05	Adapter 3839Hz Probe 3839Hz	31	3.839	70.00	0.437
232.239	0.05	Adapter 3839Hz Probe 3839Hz	31	3.839	70.00	0.437
232.319	0.05	Adapter 3839Hz Probe 3839Hz	31	3.839	70.00	0.437
235.003	0.05	Adapter 1501Hz Probe 3839Hz	32	1.501	70.00	0.186
235.083	0.05	Adapter 1501Hz Probe 3839Hz	32	1.501	70.00	0.186
235.163	0.05	Adapter 1501Hz Probe 3839Hz	32	1.501	70.00	0.186
235.243	0.05	Adapter 1501Hz Probe 3839Hz	32	1.501	70.00	0.186
235.323	0.05	Adapter 1501Hz Probe 3839Hz	32	3.839	70.00	0.437
235.503	0.05	Adapter 1501Hz Probe 3839Hz	32	1.501	70.00	0.186
235.583	0.05	Adapter 1501Hz Probe 3839Hz	32	1.501	70.00	0.186
235.663	0.05	Adapter 1501Hz Probe 3839Hz	32	1.501	70.00	0.186
235.743	0.05	Adapter 1501Hz Probe 3839Hz	32	1.501	70.00	0.186
235.823	0.05	Adapter 1501Hz Probe 3839Hz	32	3.839	70.00	0.437
236.003	0.05	Adapter 1501Hz Probe 3839Hz	32	1.501	70.00	0.186
236.083	0.05	Adapter 1501Hz Probe 3839Hz	32	1.501	70.00	0.186
236.163	0.05	Adapter 1501Hz Probe 3839Hz	32	1.501	70.00	0.186
236.243	0.05	Adapter 1501Hz Probe 3839Hz	32	1.501	70.00	0.186
236.323	0.05	Adapter 1501Hz Probe 3839Hz	32	3.839	70.00	0.437
236.503	0.05	Adapter 1501Hz Probe 3839Hz	32	1.501	70.00	0.186
236.583	0.05	Adapter 1501Hz Probe 3839Hz	32	1.501	70.00	0.186
236.663	0.05	Adapter 1501Hz Probe 3839Hz	32	1.501	70.00	0.186
236.743	0.05	Adapter 1501Hz Probe 3839Hz	32	1.501	70.00	0.186
236.823	0.05	Adapter 1501Hz Probe 3839Hz	32	3.839	70.00	0.437
237.003	0.05	Adapter 1501Hz Probe 3839Hz	32	1.501	70.00	0.186
237.083	0.05	Adapter 1501Hz Probe 3839Hz	32	1.501	70.00	0.186
237.163	0.05	Adapter 1501Hz Probe 3839Hz	32	1.501	70.00	0.186
237.243	0.05	Adapter 1501Hz Probe 3839Hz	32	1.501	70.00	0.186
237.323	0.05	Adapter 1501Hz Probe 3839Hz	32	3.839	70.00	0.437
237.503	0.05	Adapter 1501Hz Probe 3839Hz	32	1.501	70.00	0.186
237.583	0.05	Adapter 1501Hz Probe 3839Hz	32	1.501	70.00	0.186
237.663	0.05	Adapter 1501Hz Probe 3839Hz	32	1.501	70.00	0.186
237.743	0.05	Adapter 1501Hz Probe 3839Hz	32	1.501	70.00	0.186
237.823	0.05	Adapter 1501Hz Probe 3839Hz	32	3.839	70.00	0.437
238.003	0.05	Adapter 1501Hz Probe 3839Hz	32	1.501	70.00	0.186
238.083	0.05	Adapter 1501Hz Probe 3839Hz	32	1.501	70.00	0.186
238.163	0.05	Adapter 1501Hz Probe 3839Hz	32	1.501	70.00	0.186
238.243	0.05	Adapter 1501Hz Probe 3839Hz	32	1.501	70.00	0.186
238.323	0.05	Adapter 1501Hz Probe 3839Hz	32	3.839	70.00	0.437
238.503	0.05	Adapter 1501Hz Probe 3839Hz	32	1.501	70.00	0.186
238.583	0.05	Adapter 1501Hz Probe 3839Hz	32	1.501	70.00	0.186
238.663	0.05	Adapter 1501Hz Probe 3839Hz	32	1.501	70.00	0.186
238.743	0.05	Adapter 1501Hz Probe 3839Hz	32	1.501	70.00	0.186
238.823	0.05	Adapter 1501Hz Probe 3839Hz	32	3.839	70.00	0.437
239.003	0.05	Adapter 1501Hz Probe 3839Hz	32	1.501	70.00	0.186
239.083	0.05	Adapter 1501Hz Probe 3839Hz	32	1.501	70.00	0.186
239.163	0.05	Adapter 1501Hz Probe 3839Hz	32	1.501	70.00	0.186
239.243	0.05	Adapter 1501Hz Probe 3839Hz	32	1.501	70.00	0.186
239.323	0.05	Adapter 1501Hz Probe 3839Hz	32	3.839	70.00	0.437
239.503	0.05	Adapter 1501Hz Probe 3839Hz	32	1.501	70.00	0.186
239.583	0.05	Adapter 1501Hz Probe 3839Hz	32	1.501	70.00	0.186
239.663	0.05	Adapter 1501Hz Probe 3839Hz	32	1.501	70.00	0.186
239.743	0.05	Adapter 1501Hz Probe 3839Hz	32	1.501	70.00	0.186
239.823	0.05	Adapter 1501Hz Probe 3839Hz	32	3.839	70.00	0.437
249.963	0.05	Adapter 1501Hz Probe 3839Hz	34	1.501	70.00	0.186
250.043	0.05	Adapter 1501Hz Probe 3839Hz	34	1.501	70.00	0.186
250.123	0.05	Adapter 1501Hz Probe 3839Hz	34	1.501	70.00	0.186
250.203	0.05	Adapter 1501Hz Probe 3839Hz	34	1.501	70.00	0.186
250.283	0.05	Adapter 1501Hz Probe 3839Hz	34	3.839	70.00	0.437
250.463	0.05	Adapter 1501Hz Probe 3839Hz	34	1.501	70.00	0.186
250.543	0.05	Adapter 1501Hz Probe 3839Hz	34	1.501	70.00	0.186
250.623	0.05	Adapter 1501Hz Probe 3839Hz	34	1.501	70.00	0.186
250.703	0.05	Adapter 1501Hz Probe 3839Hz	34	1.501	70.00	0.186
250.783	0.05	Adapter 1501Hz Probe 3839Hz	34	3.839	70.00	0.437
250.963	0.05	Adapter 1501Hz Probe 3839Hz	34	1.501	70.00	0.186
251.043	0.05	Adapter 1501Hz Probe 3839Hz	34	1.501	70.00	0.186
251.123	0.05	Adapter 1501Hz Probe 3839Hz	34	1.501	70.00	0.186
251.203	0.05	Adapter 1501Hz Probe 3839Hz	34	1.501	70.00	0.186
251.283	0.05	Adapter 1501Hz Probe 3839Hz	34	3.839	70.00	0.437
251.463	0.05	Adapter 1501Hz Probe 3839Hz	34	1.501	70.00	0.186
251.543	0.05	Adapter 1501Hz Probe 3839Hz	34	1.501	70.00	0.186
251.623	0.05	Adapter 1501Hz Probe 3839Hz	34	1.501	70.00	0.186
251.703	0.05	Adapter 1501Hz Probe 3839Hz	34	1.501	70.00	0.186
251.783	0.05	Adapter 1501Hz Probe 3839Hz	34	3.839	70.00	0.437
251.963	0.05	Adapter 1501Hz Probe 3839Hz	34	1.501	70.00	0.186
252.043	0.05	Adapter 1501Hz Probe 3839Hz	34	1.501	70.00	0.186
252.123	0.05	Adapter 1501Hz Probe 3839Hz	34	1.501	70.00	0.186
252.203	0.05	Adapter 1501Hz Probe 3839Hz	34	1.501	70.00	0.186
252.283	0.05	Adapter 1501Hz Probe 3839Hz	34	3.839	70.00	0.437
252.463	0.05	Adapter 1501Hz Probe 3839Hz	34	1.501	70.00	0.186
252.543	0.05	Adapter 1501Hz Probe 3839Hz	34	1.501	70.00	0.186
252.623	0.05	Adapter 1501Hz Probe 3839Hz	34	1.501	70.00	0.186
252.703	0.05	Adapter 1501Hz Probe 3839Hz	34	1.501	70.00	0.186
252.783	0.05	Adapter 1501Hz Probe 3839Hz	34	3.839	70.00	0.437
252.963	0.05	Adapter 1501Hz Probe 3839Hz	34	1.501	70.00	0.186
253.043	0.05	Adapter 1501Hz Probe 3839Hz	34	1.501	70.00	0.186
253.123	0.05	Adapter 1501Hz Probe 3839Hz	34	1.501	70.00	0.186
253.203	0.05	Adapter 1501Hz Probe 3839Hz	34	1.501	70.00	0.186
253.283	0.05	Adapter 1501Hz Probe 3839Hz	34	3.839	70.00	0.437
253.463	0.05	Adapter 1501Hz Probe 3839Hz	34	1.501	70.00	0.186
253.543	0.05	Adapter 1501Hz Probe 3839Hz	34	1.501	70.00	0.186
253.623	0.05	Adapter 1501Hz Probe 3839Hz	34	1.501	70.00	0.186
253.703	0.05	Adapter 1501Hz Probe 3839Hz	34	1.501	70.00	0.186
253.783	0.05	Adapter 1501Hz Probe 3839Hz	34	3.839	70.00	0.437
253.963	0.05	Adapter 1501Hz Probe 3839Hz	34	1.501	70.00	0.186
254.043	0.05	Adapter 1501Hz Probe 3839Hz	34	1.501	70.00	0.186
254.123	0.05	Adapter 1501Hz Probe 3839Hz	34	1.501	70.00	0.186
254.203	0.05	Adapter 1501Hz Probe 3839Hz	34	1.501	70.00	0.186
254.283	0.05	Adapter 1501Hz Probe 3839Hz	34	3.839	70.00	0.437
254.463	0.05	Adapter 1501Hz Probe 3839Hz	34	1.501	70.00	0.186
254.543	0.05	Adapter 1501Hz Probe 3839Hz	34	1.501	70.00	0.186
254.623	0.05	Adapter 1501Hz Probe 3839Hz	34	1.501	70.00	0.186
254.703	0.05	Adapter 1501Hz Probe 3839Hz	34	1.501	70.00	0.186
254.783	0.05	Adapter 1501Hz Probe 3839Hz	34	3.839	70.00	0.437
257.467	0.05	Adapter 507Hz Probe 3839Hz	35	0.507	70.00	0.079
257.547	0.05	Adapter 507Hz Probe 3839Hz	35	0.507	70.00	0.079
257.627	0.05	Adapter 507Hz Probe 3839Hz	35	0.507	70.00	0.079
257.707	0.05	Adapter 507Hz Probe 3839Hz	35	0.507	70.00	0.079
257.787	0.05	Adapter 507Hz Probe 3839Hz	35	3.839	70.00	0.437
257.967	0.05	Adapter 507Hz Probe 3839Hz	35	0.507	70.00	0.079
258.047	0.05	Adapter 507Hz Probe 3839Hz	35	0.507	70.00	0.079
258.127	0.05	Adapter 507Hz Probe 3839Hz	35	0.507	70.00	0.079
258.207	0.05	Adapter 507Hz Probe 3839Hz	35	0.507	70.00	0.079
258.287	0.05	Adapter 507Hz Probe 3839Hz	35	3.839	70.00	0.437
258.467	0.05	Adapter 507Hz Probe 3839Hz	35	0.507	70.00	0.079
258.547	0.05	Adapter 507Hz Probe 3839Hz	35	0.507	70.00	0.079
258.627	0.05	Adapter 507Hz Probe 3839Hz	35	0.507	70.00	0.079
258.707	0.05	Adapter 507Hz Probe 3839Hz	35	0.507	70.00	0.079
258.787	0.05	Adapter 507Hz Probe 3839Hz	35	3.839	70.00	0.437
258.967	0.05	Adapter 507Hz Probe 3839Hz	35	0.507	70.00	0.079
259.047	0.05	Adapter 507Hz Probe 3839Hz	35	0.507	70.00	0.079
259.127	0.05	Adapter 507Hz Probe 3839Hz	35	0.507	70.00	0.079
259.207	0.05	Adapter 507Hz Probe 3839Hz	35	0.507	70.00	0.079
259.287	0.05	Adapter 507Hz Probe 3839Hz	35	3.839	70.00	0.437
259.467	0.05	Adapter 507Hz Probe 3839Hz	35	0.507	70.00	0.079
259.547	0.05	Adapter 507Hz Probe 3839Hz	35	0.507	70.00	0.079
259.627	0.05	Adapter 507Hz Probe 3839Hz	35	0.507	70.00	0.079
259.707	0.05	Adapter 507Hz Probe 3839Hz	35	0.507	70.00	0.079
259.787	0.05	Adapter 507Hz Probe 3839Hz	35	3.839	70.00	0.437
259.967	0.05	Adapter 507Hz Probe 3839Hz	35	0.507	70.00	0.079
260.047	0.05	Adapter 507Hz Probe 3839Hz	35	0.507	70.00	0.079
260.127	0.05	Adapter 507Hz Probe 3839Hz	35	0.507	70.00	0.079
260.207	0.05	Adapter 507Hz Probe 3839Hz	35	0.507	70.00	0.079
260.287	0.05	Adapter 507Hz Probe 3839Hz	35	3.839	70.00	0.437
260.467	0.05	Adapter 507Hz Probe 3839Hz	35	0.507	70.00	0.079
260.547	0.05	Adapter 507Hz Probe 3839Hz	35	0.507	70.00	0.079
260.627	0.05	Adapter 507Hz Probe 3839Hz	35	0.507	70.00	0.079
260.707	0.05	Adapter 507Hz Probe 3839Hz	35	0.507	70.00	0.079
260.787	0.05	Adapter 507Hz Probe 3839Hz	35	3.839	70.00	0.437
260.967	0.05	Adapter 507Hz Probe 3839Hz	35	0.507	70.00	0.079
261.047	0.05	Adapter 507Hz Probe 3839Hz	35	0.507	70.00	0.079
261.127	0.05	Adapter 507Hz Probe 3839Hz	35	0.507	70.00	0.079
261.207	0.05	Adapter 507Hz Probe 3839Hz	35	0.507	70.00	0.079
261.287	0.05	Adapter 507Hz Probe 3839Hz	35	3.839	70.00	0.437
261.467	0.05	Adapter 507Hz Probe 3839Hz	35	0.507	70.00	0.079
261.547	0.05	Adapter 507Hz Probe 3839Hz	35	0.507	70.00	0.079
261.627	0.05	Adapter 507Hz Probe 3839Hz	35	0.507	70.00	0.079
261.707	0.05	Adapter 507Hz Probe 3839Hz	35	0.507	70.00	0.079
261.787	0.05	Adapter 507Hz Probe 3839Hz	35	3.839	70.00	0.437
261.967	0.05	Adapter 507Hz Probe 3839Hz	35	0.507	70.00	0.079
262.047	0.05	Adapter 507Hz Probe 3839Hz	35	0.507	70.00	0.079
262.127	0.05	Adapter 507Hz Probe 3839Hz	35	0.507	70.00	0.079
262.207	0.05	Adapter 507Hz Probe 3839Hz	35	0.507	70.00	0.079
262.287	0.05	Adapter 507Hz Probe 3839Hz	35	3.839	70.00	0.437
264.97	0.05	Adapter 2423Hz Probe 3839Hz	36	2.423	70.00	0.285
265.05	0.05	Adapter 2423Hz Probe 3839Hz	36	2.423	70.00	0.285
265.13	0.05	Adapter 2423Hz Probe 3839Hz	36	2.423	70.00	0.285
265.21	0.05	Adapter 2423Hz Probe 3839Hz	36	2.423	70.00	0.285
265.29	0.05	Adapter 2423Hz Probe 3839Hz	36	3.839	70.00	0.437
265.47	0.05	Adapter 2423Hz Probe 3839Hz	36	2.423	70.00	0.285
265.55	0.05	Adapter 2423Hz Probe 3839Hz	36	2.423	70.00	0.285
265.63	0.05	Adapter 2423Hz Probe 3839Hz	36	2.423	70.00	0.285
265.71	0.05	Adapter 2423Hz Probe 3839Hz	36	2.423	70.00	0.285
265.79	0.05	Adapter 2423Hz Probe 3839Hz	36	3.839	70.00	0.437
265.97	0.05	Adapter 2423Hz Probe 3839Hz	36	2.423	70.00	0.285
266.05	0.05	Adapter 2423Hz Probe 3839Hz	36	2.423	70.00	0.285
266.13	0.05	Adapter 2423Hz Probe 3839Hz	36	2.423	70.00	0.285
266.21	0.05	Adapter 2423Hz Probe 3839Hz	36	2.423	70.00	0.285
266.29	0.05	Adapter 2423Hz Probe 3839Hz	36	3.839	70.00	0.437
266.47	0.05	Adapter 2423Hz Probe 3839Hz	36	2.423	70.00	0.285
266.55	0.05	Adapter 2423Hz Probe 3839Hz	36	2.423	70.00	0.285
266.63	0.05	Adapter 2423Hz Probe 3839Hz	36	2.423	70.00	0.285
266.71	0.05	Adapter 2423Hz Probe 3839Hz	36	2.423	70.00	0.285
266.79	0.05	Adapter 2423Hz Probe 3839Hz	36	3.839	70.00	0.437
266.97	0.05	Adapter 2423Hz Probe 3839Hz	36	2.423	70.00	0.285
267.05	0.05	Adapter 2423Hz Probe 3839Hz	36	2.423	70.00	0.285
267.13	0.05	Adapter 2423Hz Probe 3839Hz	36	2.423	70.00	0.285
267.21	0.05	Adapter 2423Hz Probe 3839Hz	36	2.423	70.00	0.285
267.29	0.05	Adapter 2423Hz Probe 3839Hz	36	3.839	70.00	0.437
267.47	0.05	Adapter 2423Hz Probe 3839Hz	36	2.423	70.00	0.285
267.55	0.05	Adapter 2423Hz Probe 3839Hz	36	2.423	70.00	0.285
267.63	0.05	Adapter 2423Hz Probe 3839Hz	36	2.423	70.00	0.285
267.71	0.05	Adapter 2423Hz Probe 3839Hz	36	2.423	70.00	0.285
267.79	0.05	Adapter 2423Hz Probe 3839Hz	36	3.839	70.00	0.437
267.97	0.05	Adapter 2423Hz Probe 3839Hz	36	2.423	70.00	0.285
268.05	0.05	Adapter 2423Hz Probe 3839Hz	36	2.423	70.00	0.285
268.13	0.05	Adapter 2423Hz Probe 3839Hz	36	2.423	70.00	0.285
268.21	0.05	Adapter 2423Hz Probe 3839Hz	36	2.423	70.00	0.285
268.29	0.05	Adapter 2423Hz Probe 3839Hz	36	3.839	70.00	0.437
268.47	0.05	Adapter 2423Hz Probe 3839Hz	36	2.423	70.00	0.285
268.55	0.05	Adapter 2423Hz Probe 3839Hz	36	2.423	70.00	0.285
268.63	0.05	Adapter 2423Hz Probe 3839Hz	36	2.423	70.00	0.285
268.71	0.05	Adapter 2423Hz Probe 3839Hz	36	2.423	70.00	0.285
268.79	0.05	Adapter 2423Hz Probe 3839Hz	36	3.839	70.00	0.437
268.97	0.05	Adapter 2423Hz Probe 3839Hz	36	2.423	70.00	0.285
269.05	0.05	Adapter 2423Hz Probe 3839Hz	36	2.423	70.00	0.285
269.13	0.05	Adapter 2423Hz Probe 3839Hz	36	2.423	70.00	0.285
269.21	0.05	Adapter 2423Hz Probe 3839Hz	36	2.423	70.00	0.285
269.29	0.05	Adapter 2423Hz Probe 3839Hz	36	3.839	70.00	0.437
269.47	0.05	Adapter 2423Hz Probe 3839Hz	36	2.423	70.00	0.285
269.55	0.05	Adapter 2423Hz Probe 3839Hz	36	2.423	70.00	0.285
269.63	0.05	Adapter 2423Hz Probe 3839Hz	36	2.423	70.00	0.285
269.71	0.05	Adapter 2423Hz Probe 3839Hz	36	2.423	70.00	0.285
269.79	0.05	Adapter 2423Hz Probe 3839Hz	36	3.839	70.00	0.437
272.49	0.05	Adapter 2423Hz	37	2.423	70.00	0.285
272.57	0.05	Adapter 2423Hz	37	2.423	70.00	0.285
272.65	0.05	Adapter 2423Hz	37	2.423	70.00	0.285
272.73	0.05	Adapter 2423Hz	37	2.423	70.00	0.285
272.99	0.05	Adapter 2423Hz	37	2.423	70.00	0.285
273.07	0.05	Adapter 2423Hz	37	2.423	70.00	0.285
273.15	0.05	Adapter 2423Hz	37	2.423	70.00	0.285
273.23	0.05	Adapter 2423Hz	37	2.423	70.00	0.285
273.49	0.05	Adapter 2423Hz	37	2.423	70.00	0.285
273.57	0.05	Adapter 2423Hz	37	2.423	70.00	0.285
273.65	0.05	Adapter 2423Hz	37	2.423	70.00	0.285
273.73	0.05	Adapter 2423Hz	37	2.423	70.00	0.285
273.99	0.05	Adapter 2423Hz	37	2.423	70.00	0.285
274.07	0.05	Adapter 2423Hz	37	2.423	70.00	0.285
274.15	0.05	Adapter 2423Hz	37	2.423	70.00	0.285
274.23	0.05	Adapter 2423Hz	37	2.423	70.00	0.285
274.49	0.05	Adapter 2423Hz	37	2.423	70.00	0.285
274.57	0.05	Adapter 2423Hz	37	2.423	70.00	0.285
274.65	0.05	Adapter 2423Hz	37	2.423	70.00	0.285
274.73	0.05	Adapter 2423Hz	37	2.423	70.00	0.285
274.99	0.05	Adapter 2423Hz	37	2.423	70.00	0.285
275.07	0.05	Adapter 2423Hz	37	2.423	70.00	0.285
275.15	0.05	Adapter 2423Hz	37	2.423	70.00	0.285
275.23	0.05	Adapter 2423Hz	37	2.423	70.00	0.285
275.49	0.05	Adapter 2423Hz	37	2.423	70.00	0.285
275.57	0.05	Adapter 2423Hz	37	2.423	70.00	0.285
275.65	0.05	Adapter 2423Hz	37	2.423	70.00	0.285
275.73	0.05	Adapter 2423Hz	37	2.423	70.00	0.285
275.99	0.05	Adapter 2423Hz	37	2.423	70.00	0.285
276.07	0.05	Adapter 2423Hz	37	2.423	70.00	0.285
276.15	0.05	Adapter 2423Hz	37	2.423	70.00	0.285
276.23	0.05	Adapter 2423Hz	37	2.423	70.00	0.285
276.49	0.05	Adapter 2423Hz	37	2.423	70.00	0.285
276.57	0.05	Adapter 2423Hz	37	2.423	70.00	0.285
276.65	0.05	Adapter 2423Hz	37	2.423	70.00	0.285
276.73	0.05	Adapter 2423Hz	37	2.423	70.00	0.285
276.99	0.05	Adapter 2423Hz	37	2.423	70.00	0.285
277.07	0.05	Adapter 2423Hz	37	2.423	70.00	0.285
277.15	0.05	Adapter 2423Hz	37	2.423	70.00	0.285
277.23	0.05	Adapter 2423Hz	37	2.423	70.00	0.285
280.009	0.05	Adapter 899Hz	38	0.899	70.00	0.121
280.089	0.05	Adapter 899Hz	38	0.899	70.00	0.121
280.169	0.05	Adapter 899Hz	38	0.899	70.00	0.121
280.249	0.05	Adapter 899Hz	38	0.899	70.00	0.121
280.509	0.05	Adapter 899Hz	38	0.899	70.00	0.121
280.589	0.05	Adapter 899Hz	38	0.899	70.00	0.121
280.669	0.05	Adapter 899Hz	38	0.899	70.00	0.121
280.749	0.05	Adapter 899Hz	38	0.899	70.00	0.121
281.009	0.05	Adapter 899Hz	38	0.899	70.00	0.121
281.089	0.05	Adapter 899Hz	38	0.899	70.00	0.121
281.169	0.05	Adapter 899Hz	38	0.899	70.00	0.121
281.249	0.05	Adapter 899Hz	38	0.899	70.00	0.121
281.509	0.05	Adapter 899Hz	38	0.899	70.00	0.121
281.589	0.05	Adapter 899Hz	38	0.899	70.00	0.121
281.669	0.05	Adapter 899Hz	38	0.899	70.00	0.121
281.749	0.05	Adapter 899Hz	38	0.899	70.00	0.121
282.009	0.05	Adapter 899Hz	38	0.899	70.00	0.121
282.089	0.05	Adapter 899Hz	38	0.899	70.00	0.121
282.169	0.05	Adapter 899Hz	38	0.899	70.00	0.121
282.249	0.05	Adapter 899Hz	38	0.899	70.00	0.121
282.509	0.05	Adapter 899Hz	38	0.899	70.00	0.121
282.589	0.05	Adapter 899Hz	38	0.899	70.00	0.121
282.669	0.05	Adapter 899Hz	38	0.899	70.00	0.121
282.749	0.05	Adapter 899Hz	38	0.899	70.00	0.121
283.009	0.05	Adapter 899Hz	38	0.899	70.00	0.121
283.089	0.05	Adapter 899Hz	38	0.899	70.00	0.121
283.169	0.05	Adapter 899Hz	38	0.899	70.00	0.121
283.249	0.05	Adapter 899Hz	38	0.899	70.00	0.121
283.509	0.05	Adapter 899Hz	38	0.899	70.00	0.121
283.589	0.05	Adapter 899Hz	38	0.899	70.00	0.121
283.669	0.05	Adapter 899Hz	38	0.899	70.00	0.121
283.749	0.05	Adapter 899Hz	38	0.899	70.00	0.121
284.009	0.05	Adapter 899Hz	38	0.899	70.00	0.121
284.089	0.05	Adapter 899Hz	38	0.899	70.00	0.121
284.169	0.05	Adapter 899Hz	38	0.899	70.00	0.121
284.249	0.05	Adapter 899Hz	38	0.899	70.00	0.121
284.509	0.05	Adapter 899Hz	38	0.899	70.00	0.121
284.589	0.05	Adapter 899Hz	38	0.899	70.00	0.121
284.669	0.05	Adapter 899Hz	38	0.899	70.00	0.121
284.749	0.05	Adapter 899Hz	38	0.899	70.00	0.121
294.954	0.05	Adapter 6009Hz	40	6.009	70.00	0.671
295.034	0.05	Adapter 6009Hz	40	6.009	70.00	0.671
295.114	0.05	Adapter 6009Hz	40	6.009	70.00	0.671
295.194	0.05	Adapter 6009Hz	40	6.009	70.00	0.671
295.454	0.05	Adapter 6009Hz	40	6.009	70.00	0.671
295.534	0.05	Adapter 6009Hz	40	6.009	70.00	0.671
295.614	0.05	Adapter 6009Hz	40	6.009	70.00	0.671
295.694	0.05	Adapter 6009Hz	40	6.009	70.00	0.671
295.954	0.05	Adapter 6009Hz	40	6.009	70.00	0.671
296.034	0.05	Adapter 6009Hz	40	6.009	70.00	0.671
296.114	0.05	Adapter 6009Hz	40	6.009	70.00	0.671
296.194	0.05	Adapter 6009Hz	40	6.009	70.00	0.671
296.454	0.05	Adapter 6009Hz	40	6.009	70.00	0.671
296.534	0.05	Adapter 6009Hz	40	6.009	70.00	0.671
296.614	0.05	Adapter 6009Hz	40	6.009	70.00	0.671
296.694	0.05	Adapter 6009Hz	40	6.009	70.00	0.671
296.954	0.05	Adapter 6009Hz	40	6.009	70.00	0.671
297.034	0.05	Adapter 6009Hz	40	6.009	70.00	0.671
297.114	0.05	Adapter 6009Hz	40	6.009	70.00	0.671
297.194	0.05	Adapter 6009Hz	40	6.009	70.00	0.671
297.454	0.05	Adapter 6009Hz	40	6.009	70.00	0.671
297.534	0.05	Adapter 6009Hz	40	6.009	70.00	0.671
297.614	0.05	Adapter 6009Hz	40	6.009	70.00	0.671
297.694	0.05	Adapter 6009Hz	40	6.009	70.00	0.671
297.954	0.05	Adapter 6009Hz	40	6.009	70.00	0.671
298.034	0.05	Adapter 6009Hz	40	6.009	70.00	0.671
298.114	0.05	Adapter 6009Hz	40	6.009	70.00	0.671
298.194	0.05	Adapter 6009Hz	40	6.009	70.00	0.671
298.454	0.05	Adapter 6009Hz	40	6.009	70.00	0.671
298.534	0.05	Adapter 6009Hz	40	6.009	70.00	0.671
298.614	0.05	Adapter 6009Hz	40	6.009	70.00	0.671
298.694	0.05	Adapter 6009Hz	40	6.009	70.00	0.671
298.954	0.05	Adapter 6009Hz	40	6.009	70.00	0.671
299.034	0.05	Adapter 6009Hz	40	6.009	70.00	0.671
299.114	0.05	Adapter 6009Hz	40	6.009	70.00	0.671
299.194	0.05	Adapter 6009Hz	40	6.009	70.00	0.671
299.454	0.05	Adapter 6009Hz	40	6.009	70.00	0.671
299.534	0.05	Adapter 6009Hz	40	6.009	70.00	0.671
299.614	0.05	Adapter 6009Hz	40	6.009	70.00	0.671
299.694	0.05	Adapter 6009Hz	40	6.009	70.00	0.671
302.504	0.05	Adapter 251Hz	41	0.251	70.00	0.052
302.584	0.05	Adapter 251Hz	41	0.251	70.00	0.052
302.664	0.05	Adapter 251Hz	41	0.251	70.00	0.052
302.744	0.05	Adapter 251Hz	41	0.251	70.00	0.052
303.004	0.05	Adapter 251Hz	41	0.251	70.00	0.052
303.084	0.05	Adapter 251Hz	41	0.251	70.00	0.052
303.164	0.05	Adapter 251Hz	41	0.251	70.00	0.052
303.244	0.05	Adapter 251Hz	41	0.251	70.00	0.052
303.504	0.05	Adapter 251Hz	41	0.251	70.00	0.052
303.584	0.05	Adapter 251Hz	41	0.251	70.00	0.052
303.664	0.05	Adapter 251Hz	41	0.251	70.00	0.052
303.744	0.05	Adapter 251Hz	41	0.251	70.00	0.052
304.004	0.05	Adapter 251Hz	41	0.251	70.00	0.052
304.084	0.05	Adapter 251Hz	41	0.251	70.00	0.052
304.164	0.05	Adapter 251Hz	41	0.251	70.00	0.052
304.244	0.05	Adapter 251Hz	41	0.251	70.00	0.052
304.504	0.05	Adapter 251Hz	41	0.251	70.00	0.052
304.584	0.05	Adapter 251Hz	41	0.251	70.00	0.052
304.664	0.05	Adapter 251Hz	41	0.251	70.00	0.052
304.744	0.05	Adapter 251Hz	41	0.251	70.00	0.052
305.004	0.05	Adapter 251Hz	41	0.251	70.00	0.052
305.084	0.05	Adapter 251Hz	41	0.251	70.00	0.052
305.164	0.05	Adapter 251Hz	41	0.251	70.00	0.052
305.244	0.05	Adapter 251Hz	41	0.251	70.00	0.052
305.504	0.05	Adapter 251Hz	41	0.251	70.00	0.052
305.584	0.05	Adapter 251Hz	41	0.251	70.00	0.052
305.664	0.05	Adapter 251Hz	41	0.251	70.00	0.052
305.744	0.05	Adapter 251Hz	41	0.251	70.00	0.052
306.004	0.05	Adapter 251Hz	41	0.251	70.00	0.052
306.084	0.05	Adapter 251Hz	41	0.251	70.00	0.052
306.164	0.05	Adapter 251Hz	41	0.251	70.00	0.052
306.244	0.05	Adapter 251Hz	41	0.251	70.00	0.052
306.504	0.05	Adapter 251Hz	41	0.251	70.00	0.052
306.584	0.05	Adapter 251Hz	41	0.251	70.00	0.052
306.664	0.05	Adapter 251Hz	41	0.251	70.00	0.052
306.744	0.05	Adapter 251Hz	41	0.251	70.00	0.052
307.004	0.05	Adapter 251Hz	41	0.251	70.00	0.052
307.084	0.05	Adapter 251Hz	41	0.251	70.00	0.052
307.164	0.05	Adapter 251Hz	41	0.251	70.00	0.052
307.244	0.05	Adapter 251Hz	41	0.251	70.00	0.052
310.008	0.05	Adapter 3839Hz	42	3.839	70.00	0.437
310.088	0.05	Adapter 3839Hz	42	3.839	70.00	0.437
310.168	0.05	Adapter 3839Hz	42	3.839	70.00	0.437
310.248	0.05	Adapter 3839Hz	42	3.839	70.00	0.437
310.508	0.05	Adapter 3839Hz	42	3.839	70.00	0.437
310.588	0.05	Adapter 3839Hz	42	3.839	70.00	0.437
310.668	0.05	Adapter 3839Hz	42	3.839	70.00	0.437
310.748	0.05	Adapter 3839Hz	42	3.839	70.00	0.437
311.008	0.05	Adapter 3839Hz	42	3.839	70.00	0.437
311.088	0.05	Adapter 3839Hz	42	3.839	70.00	0.437
311.168	0.05	Adapter 3839Hz	42	3.839	70.00	0.437
311.248	0.05	Adapter 3839Hz	42	3.839	70.00	0.437
311.508	0.05	Adapter 3839Hz	42	3.839	70.00	0.437
311.588	0.05	Adapter 3839Hz	42	3.839	70.00	0.437
311.668	0.05	Adapter 3839Hz	42	3.839	70.00	0.437
311.748	0.05	Adapter 3839Hz	42	3.839	70.00	0.437
312.008	0.05	Adapter 3839Hz	42	3.839	70.00	0.437
312.088	0.05	Adapter 3839Hz	42	3.839	70.00	0.437
312.168	0.05	Adapter 3839Hz	42	3.839	70.00	0.437
312.248	0.05	Adapter 3839Hz	42	3.839	70.00	0.437
312.508	0.05	Adapter 3839Hz	42	3.839	70.00	0.437
312.588	0.05	Adapter 3839Hz	42	3.839	70.00	0.437
312.668	0.05	Adapter 3839Hz	42	3.839	70.00	0.437
312.748	0.05	Adapter 3839Hz	42	3.839	70.00	0.437
313.008	0.05	Adapter 3839Hz	42	3.839	70.00	0.437
313.088	0.05	Adapter 3839Hz	42	3.839	70.00	0.437
313.168	0.05	Adapter 3839Hz	42	3.839	70.00	0.437
313.248	0.05	Adapter 3839Hz	42	3.839	70.00	0.437
313.508	0.05	Adapter 3839Hz	42	3.839	70.00	0.437
313.588	0.05	Adapter 3839Hz	42	3.839	70.00	0.437
313.668	0.05	Adapter 3839Hz	42	3.839	70.00	0.437
313.748	0.05	Adapter 3839Hz	42	3.839	70.00	0.437
314.008	0.05	Adapter 3839Hz	42	3.839	70.00	0.437
314.088	0.05	Adapter 3839Hz	42	3.839	70.00	0.437
314.168	0.05	Adapter 3839Hz	42	3.839	70.00	0.437
314.248	0.05	Adapter 3839Hz	42	3.839	70.00	0.437
314.508	0.05	Adapter 3839Hz	42	3.839	70.00	0.437
314.588	0.05	Adapter 3839Hz	42	3.839	70.00	0.437
314.668	0.05	Adapter 3839Hz	42	3.839	70.00	0.437
314.748	0.05	Adapter 3839Hz	42	3.839	70.00	0.437
317.465	0.05	Adapter 899Hz Probe 3839Hz	43	0.899	70.00	0.121
317.545	0.05	Adapter 899Hz Probe 3839Hz	43	0.899	70.00	0.121
317.625	0.05	Adapter 899Hz Probe 3839Hz	43	0.899	70.00	0.121
317.705	0.05	Adapter 899Hz Probe 3839Hz	43	0.899	70.00	0.121
317.785	0.05	Adapter 899Hz Probe 3839Hz	43	3.839	70.00	0.437
317.965	0.05	Adapter 899Hz Probe 3839Hz	43	0.899	70.00	0.121
318.045	0.05	Adapter 899Hz Probe 3839Hz	43	0.899	70.00	0.121
318.125	0.05	Adapter 899Hz Probe 3839Hz	43	0.899	70.00	0.121
318.205	0.05	Adapter 899Hz Probe 3839Hz	43	0.899	70.00	0.121
318.285	0.05	Adapter 899Hz Probe 3839Hz	43	3.839	70.00	0.437
318.465	0.05	Adapter 899Hz Probe 3839Hz	43	0.899	70.00	0.121
318.545	0.05	Adapter 899Hz Probe 3839Hz	43	0.899	70.00	0.121
318.625	0.05	Adapter 899Hz Probe 3839Hz	43	0.899	70.00	0.121
318.705	0.05	Adapter 899Hz Probe 3839Hz	43	0.899	70.00	0.121
318.785	0.05	Adapter 899Hz Probe 3839Hz	43	3.839	70.00	0.437
318.965	0.05	Adapter 899Hz Probe 3839Hz	43	0.899	70.00	0.121
319.045	0.05	Adapter 899Hz Probe 3839Hz	43	0.899	70.00	0.121
319.125	0.05	Adapter 899Hz Probe 3839Hz	43	0.899	70.00	0.121
319.205	0.05	Adapter 899Hz Probe 3839Hz	43	0.899	70.00	0.121
319.285	0.05	Adapter 899Hz Probe 3839Hz	43	3.839	70.00	0.437
319.465	0.05	Adapter 899Hz Probe 3839Hz	43	0.899	70.00	0.121
319.545	0.05	Adapter 899Hz Probe 3839Hz	43	0.899	70.00	0.121
319.625	0.05	Adapter 899Hz Probe 3839Hz	43	0.899	70.00	0.121
319.705	0.05	Adapter 899Hz Probe 3839Hz	43	0.899	70.00	0.121
319.785	0.05	Adapter 899Hz Probe 3839Hz	43	3.839	70.00	0.437
319.965	0.05	Adapter 899Hz Probe 3839Hz	43	0.899	70.00	0.121
320.045	0.05	Adapter 899Hz Probe 3839Hz	43	0.899	70.00	0.121
320.125	0.05	Adapter 899Hz Probe 3839Hz	43	0.899	70.00	0.121
320.205	0.05	Adapter 899Hz Probe 3839Hz	43	0.899	70.00	0.121
320.285	0.05	Adapter 899Hz Probe 3839Hz	43	3.839	70.00	0.437
320.465	0.05	Adapter 899Hz Probe 3839Hz	43	0.899	70.00	0.121
320.545	0.05	Adapter 899Hz Probe 3839Hz	43	0.899	70.00	0.121
320.625	0.05	Adapter 899Hz Probe 3839Hz	43	0.899	70.00	0.121
320.705	0.05	Adapter 899Hz Probe 3839Hz	43	0.899	70.00	0.121
320.785	0.05	Adapter 899Hz Probe 3839Hz	43	3.839	70.00	0.437
320.965	0.05	Adapter 899Hz Probe 3839Hz	43	0.899	70.00	0.121
321.045	0.05	Adapter 899Hz Probe 3839Hz	43	0.899	70.00	0.121
321.125	0.05	Adapter 899Hz Probe 3839Hz	43	0.899	70.00	0.121
321.205	0.05	Adapter 899Hz Probe 3839Hz	43	0.899	70.00	0.121
321.285	0.05	Adapter 899Hz Probe 3839Hz	43	3.839	70.00	0.437
321.465	0.05	Adapter 899Hz Probe 3839Hz	43	0.899	70.00	0.121
321.545	0.05	Adapter 899Hz Probe 3839Hz	43	0.899	70.00	0.121
321.625	0.05	Adapter 899Hz Probe 3839Hz	43	0.899	70.00	0.121
321.705	0.05	Adapter 899Hz Probe 3839Hz	43	0.899	70.00	0.121
321.785	0.05	Adapter 899Hz Probe 3839Hz	43	3.839	70.00	0.437
321.965	0.05	Adapter 899Hz Probe 3839Hz	43	0.899	70.00	0.121
322.045	0.05	Adapter 899Hz Probe 3839Hz	43	0.899	70.00	0.121
322.125	0.05	Adapter 899Hz Probe 3839Hz	43	0.899	70.00	0.121
322.205	0.05	Adapter 899Hz Probe 3839Hz	43	0.899	70.00	0.121
322.285	0.05	Adapter 899Hz Probe 3839Hz	43	3.839	70.00	0.437
324.999	0.05	Adapter 1501Hz	44	1.501	70.00	0.186
325.079	0.05	Adapter 1501Hz	44	1.501	70.00	0.186
325.159	0.05	Adapter 1501Hz	44	1.501	70.00	0.186
325.239	0.05	Adapter 1501Hz	44	1.501	70.00	0.186
325.499	0.05	Adapter 1501Hz	44	1.501	70.00	0.186
325.579	0.05	Adapter 1501Hz	44	1.501	70.00	0.186
325.659	0.05	Adapter 1501Hz	44	1.501	70.00	0.186
325.739	0.05	Adapter 1501Hz	44	1.501	70.00	0.186
325.999	0.05	Adapter 1501Hz	44	1.501	70.00	0.186
326.079	0.05	Adapter 1501Hz	44	1.501	70.00	0.186
326.159	0.05	Adapter 1501Hz	44	1.501	70.00	0.186
326.239	0.05	Adapter 1501Hz	44	1.501	70.00	0.186
326.499	0.05	Adapter 1501Hz	44	1.501	70.00	0.186
326.579	0.05	Adapter 1501Hz	44	1.501	70.00	0.186
326.659	0.05	Adapter 1501Hz	44	1.501	70.00	0.186
326.739	0.05	Adapter 1501Hz	44	1.501	70.00	0.186
326.999	0.05	Adapter 1501Hz	44	1.501	70.00	0.186
327.079	0.05	Adapter 1501Hz	44	1.501	70.00	0.186
327.159	0.05	Adapter 1501Hz	44	1.501	70.00	0.186
327.239	0.05	Adapter 1501Hz	44	1.501	70.00	0.186
327.499	0.05	Adapter 1501Hz	44	1.501	70.00	0.186
327.579	0.05	Adapter 1501Hz	44	1.501	70.00	0.186
327.659	0.05	Adapter 1501Hz	44	1.501	70.00	0.186
327.739	0.05	Adapter 1501Hz	44	1.501	70.00	0.186
327.999	0.05	Adapter 1501Hz	44	1.501	70.00	0.186
328.079	0.05	Adapter 1501Hz	44	1.501	70.00	0.186
328.159	0.05	Adapter 1501Hz	44	1.501	70.00	0.186
328.239	0.05	Adapter 1501Hz	44	1.501	70.00	0.186
328.499	0.05	Adapter 1501Hz	44	1.501	70.00	0.186
328.579	0.05	Adapter 1501Hz	44	1.501	70.00	0.186
328.659	0.05	Adapter 1501Hz	44	1.501	70.00	0.186
328.739	0.05	Adapter 1501Hz	44	1.501	70.00	0.186
328.999	0.05	Adapter 1501Hz	44	1.501	70.00	0.186
329.079	0.05	Adapter 1501Hz	44	1.501	70.00	0.186
329.159	0.05	Adapter 1501Hz	44	1.501	70.00	0.186
329.239	0.05	Adapter 1501Hz	44	1.501	70.00	0.186
329.499	0.05	Adapter 1501Hz	44	1.501	70.00	0.186
329.579	0.05	Adapter 1501Hz	44	1.501	70.00	0.186
329.659	0.05	Adapter 1501Hz	44	1.501	70.00	0.186
329.739	0.05	Adapter 1501Hz	44	1.501	70.00	0.186
339.96	0.05	Adapter 3839Hz Probe 3839Hz	46	3.839	70.00	0.437
340.04	0.05	Adapter 3839Hz Probe 3839Hz	46	3.839	70.00	0.437
340.12	0.05	Adapter 3839Hz Probe 3839Hz	46	3.839	70.00	0.437
340.2	0.05	Adapter 3839Hz Probe 3839Hz	46	3.839	70.00	0.437
340.28	0.05	Adapter 3839Hz Probe 3839Hz	46	3.839	70.00	0.437
340.46	0.05	Adapter 3839Hz Probe 3839Hz	46	3.839	70.00	0.437
340.54	0.05	Adapter 3839Hz Probe 3839Hz	46	3.839	70.00	0.437
340.62	0.05	Adapter 3839Hz Probe 3839Hz	46	3.839	70.00	0.437
340.7	0.05	Adapter 3839Hz Probe 3839Hz	46	3.839	70.00	0.437
340.78	0.05	Adapter 3839Hz Probe 3839Hz	46	3.839	70.00	0.437
340.96	0.05	Adapter 3839Hz Probe 3839Hz	46	3.839	70.00	0.437
341.04	0.05	Adapter 3839Hz Probe 3839Hz	46	3.839	70.00	0.437
341.12	0.05	Adapter 3839Hz Probe 3839Hz	46	3.839	70.00	0.437
341.2	0.05	Adapter 3839Hz Probe 3839Hz	46	3.839	70.00	0.437
341.28	0.05	Adapter 3839Hz Probe 3839Hz	46	3.839	70.00	0.437
341.46	0.05	Adapter 3839Hz Probe 3839Hz	46	3.839	70.00	0.437
341.54	0.05	Adapter 3839Hz Probe 3839Hz	46	3.839	70.00	0.437
341.62	0.05	Adapter 3839Hz Probe 3839Hz	46	3.839	70.00	0.437
341.7	0.05	Adapter 3839Hz Probe 3839Hz	46	3.839	70.00	0.437
341.78	0.05	Adapter 3839Hz Probe 3839Hz	46	3.839	70.00	0.437
341.96	0.05	Adapter 3839Hz Probe 3839Hz	46	3.839	70.00	0.437
342.04	0.05	Adapter 3839Hz Probe 3839Hz	46	3.839	70.00	0.437
342.12	0.05	Adapter 3839Hz Probe 3839Hz	46	3.839	70.00	0.437
342.2	0.05	Adapter 3839Hz Probe 3839Hz	46	3.839	70.00	0.437
342.28	0.05	Adapter 3839Hz Probe 3839Hz	46	3.839	70.00	0.437
342.46	0.05	Adapter 3839Hz Probe 3839Hz	46	3.839	70.00	0.437
342.54	0.05	Adapter 3839Hz Probe 3839Hz	46	3.839	70.00	0.437
342.62	0.05	Adapter 3839Hz Probe 3839Hz	46	3.839	70.00	0.437
342.7	0.05	Adapter 3839Hz Probe 3839Hz	46	3.839	70.00	0.437
342.78	0.05	Adapter 3839Hz Probe 3839Hz	46	3.839	70.00	0.437
342.96	0.05	Adapter 3839Hz Probe 3839Hz	46	3.839	70.00	0.437
343.04	0.05	Adapter 3839Hz Probe 3839Hz	46	3.839	70.00	0.437
343.12	0.05	Adapter 3839Hz Probe 3839Hz	46	3.839	70.00	0.437
343.2	0.05	Adapter 3839Hz Probe 3839Hz	46	3.839	70.00	0.437
343.28	0.05	Adapter 3839Hz Probe 3839Hz	46	3.839	70.00	0.437
343.46	0.05	Adapter 3839Hz Probe 3839Hz	46	3.839	70.00	0.437
343.54	0.05	Adapter 3839Hz Probe 3839Hz	46	3.839	70.00	0.437
343.62	0.05	Adapter 3839Hz Probe 3839Hz	46	3.839	70.00	0.437
343.7	0.05	Adapter 3839Hz Probe 3839Hz	46	3.839	70.00	0.437
343.78	0.05	Adapter 3839Hz Probe 3839Hz	46	3.839	70.00	0.437
343.96	0.05	Adapter 3839Hz Probe 3839Hz	46	3.839	70.00	0.437
344.04	0.05	Adapter 3839Hz Probe 3839Hz	46	3.839	70.00	0.437
344.12	0.05	Adapter 3839Hz Probe 3839Hz	46	3.839	70.00	0.437
344.2	0.05	Adapter 3839Hz Probe 3839Hz	46	3.839	70.00	0.437
344.28	0.05	Adapter 3839Hz Probe 3839Hz	46	3.839	70.00	0.437
344.46	0.05	Adapter 3839Hz Probe 3839Hz	46	3.839	70.00	0.437
344.54	0.05	Adapter 3839Hz Probe 3839Hz	46	3.839	70.00	0.437
344.62	0.05	Adapter 3839Hz Probe 3839Hz	46	3.839	70.00	0.437
344.7	0.05	Adapter 3839Hz Probe 3839Hz	46	3.839	70.00	0.437
344.78	0.05	Adapter 3839Hz Probe 3839Hz	46	3.839	70.00	0.437
347.83	0.05	Probe 3839Hz	47	3.839	70.00	0.437
348.33	0.05	Probe 3839Hz	47	3.839	70.00	0.437
348.83	0.05	Probe 3839Hz	47	3.839	70.00	0.437
349.33	0.05	Probe 3839Hz	47	3.839	70.00	0.437
349.83	0.05	Probe 3839Hz	47	3.839	70.00	0.437
350.33	0.05	Probe 3839Hz	47	3.839	70.00	0.437
350.83	0.05	Probe 3839Hz	47	3.839	70.00	0.437
351.33	0.05	Probe 3839Hz	47	3.839	70.00	0.437
351.83	0.05	Probe 3839Hz	47	3.839	70.00	0.437
352.33	0.05	Probe 3839Hz	47	3.839	70.00	0.437
355.014	0.05	Adapter 507Hz	48	0.507	70.00	0.079
355.094	0.05	Adapter 507Hz	48	0.507	70.00	0.079
355.174	0.05	Adapter 507Hz	48	0.507	70.00	0.079
355.254	0.05	Adapter 507Hz	48	0.507	70.00	0.079
355.514	0.05	Adapter 507Hz	48	0.507	70.00	0.079
355.594	0.05	Adapter 507Hz	48	0.507	70.00	0.079
355.674	0.05	Adapter 507Hz	48	0.507	70.00	0.079
355.754	0.05	Adapter 507Hz	48	0.507	70.00	0.079
356.014	0.05	Adapter 507Hz	48	0.507	70.00	0.079
356.094	0.05	Adapter 507Hz	48	0.507	70.00	0.079
356.174	0.05	Adapter 507Hz	48	0.507	70.00	0.079
356.254	0.05	Adapter 507Hz	48	0.507	70.00	0.079
356.514	0.05	Adapter 507Hz	48	0.507	70.00	0.079
356.594	0.05	Adapter 507Hz	48	0.507	70.00	0.079
356.674	0.05	Adapter 507Hz	48	0.507	70.00	0.079
356.754	0.05	Adapter 507Hz	48	0.507	70.00	0.079
357.014	0.05	Adapter 507Hz	48	0.507	70.00	0.079
357.094	0.05	Adapter 507Hz	48	0.507	70.00	0.079
357.174	0.05	Adapter 507Hz	48	0.507	70.00	0.079
357.254	0.05	Adapter 507Hz	48	0.507	70.00	0.079
357.514	0.05	Adapter 507Hz	48	0.507	70.00	0.079
357.594	0.05	Adapter 507Hz	48	0.507	70.00	0.079
357.674	0.05	Adapter 507Hz	48	0.507	70.00	0.079
357.754	0.05	Adapter 507Hz	48	0.507	70.00	0.079
358.014	0.05	Adapter 507Hz	48	0.507	70.00	0.079
358.094	0.05	Adapter 507Hz	48	0.507	70.00	0.079
358.174	0.05	Adapter 507Hz	48	0.507	70.00	0.079
358.254	0.05	Adapter 507Hz	48	0.507	70.00	0.079
358.514	0.05	Adapter 507Hz	48	0.507	70.00	0.079
358.594	0.05	Adapter 507Hz	48	0.507	70.00	0.079
358.674	0.05	Adapter 507Hz	48	0.507	70.00	0.079
358.754	0.05	Adapter 507Hz	48	0.507	70.00	0.079
359.014	0.05	Adapter 507Hz	48	0.507	70.00	0.079
359.094	0.05	Adapter 507Hz	48	0.507	70.00	0.079
359.174	0.05	Adapter 507Hz	48	0.507	70.00	0.079
359.254	0.05	Adapter 507Hz	48	0.507	70.00	0.079
359.514	0.05	Adapter 507Hz	48	0.507	70.00	0.079
359.594	0.05	Adapter 507Hz	48	0.507	70.00	0.079
359.674	0.05	Adapter 507Hz	48	0.507	70.00	0.079
359.754	0.05	Adapter 507Hz	48	0.507	70.00	0.079
362.471	0.05	Adapter 899Hz	49	0.899	70.00	0.121
362.551	0.05	Adapter 899Hz	49	0.899	70.00	0.121
362.631	0.05	Adapter 899Hz	49	0.899	70.00	0.121
362.711	0.05	Adapter 899Hz	49	0.899	70.00	0.121
362.971	0.05	Adapter 899Hz	49	0.899	70.00	0.121
363.051	0.05	Adapter 899Hz	49	0.899	70.00	0.121
363.131	0.05	Adapter 899Hz	49	0.899	70.00	0.121
363.211	0.05	Adapter 899Hz	49	0.899	70.00	0.121
363.471	0.05	Adapter 899Hz	49	0.899	70.00	0.121
363.551	0.05	Adapter 899Hz	49	0.899	70.00	0.121
363.631	0.05	Adapter 899Hz	49	0.899	70.00	0.121
363.711	0.05	Adapter 899Hz	49	0.899	70.00	0.121
363.971	0.05	Adapter 899Hz	49	0.899	70.00	0.121
364.051	0.05	Adapter 899Hz	49	0.899	70.00	0.121
364.131	0.05	Adapter 899Hz	49	0.899	70.00	0.121
364.211	0.05	Adapter 899Hz	49	0.899	70.00	0.121
364.471	0.05	Adapter 899Hz	49	0.899	70.00	0.121
364.551	0.05	Adapter 899Hz	49	0.899	70.00	0.121
364.631	0.05	Adapter 899Hz	49	0.899	70.00	0.121
364.711	0.05	Adapter 899Hz	49	0.899	70.00	0.121
364.971	0.05	Adapter 899Hz	49	0.899	70.00	0.121
365.051	0.05	Adapter 899Hz	49	0.899	70.00	0.121
365.131	0.05	Adapter 899Hz	49	0.899	70.00	0.121
365.211	0.05	Adapter 899Hz	49	0.899	70.00	0.121
365.471	0.05	Adapter 899Hz	49	0.899	70.00	0.121
365.551	0.05	Adapter 899Hz	49	0.899	70.00	0.121
365.631	0.05	Adapter 899Hz	49	0.899	70.00	0.121
365.711	0.05	Adapter 899Hz	49	0.899	70.00	0.121
365.971	0.05	Adapter 899Hz	49	0.899	70.00	0.121
366.051	0.05	Adapter 899Hz	49	0.899	70.00	0.121
366.131	0.05	Adapter 899Hz	49	0.899	70.00	0.121
366.211	0.05	Adapter 899Hz	49	0.899	70.00	0.121
366.471	0.05	Adapter 899Hz	49	0.899	70.00	0.121
366.551	0.05	Adapter 899Hz	49	0.899	70.00	0.121
366.631	0.05	Adapter 899Hz	49	0.899	70.00	0.121
366.711	0.05	Adapter 899Hz	49	0.899	70.00	0.121
366.971	0.05	Adapter 899Hz	49	0.899	70.00	0.121
367.051	0.05	Adapter 899Hz	49	0.899	70.00	0.121
367.131	0.05	Adapter 899Hz	49	0.899	70.00	0.121
367.211	0.05	Adapter 899Hz	49	0.899	70.00	0.121
377.493	0.05	Adapter 899Hz Probe 3839Hz	51	0.899	70.00	0.121
377.573	0.05	Adapter 899Hz Probe 3839Hz	51	0.899	70.00	0.121
377.653	0.05	Adapter 899Hz Probe 3839Hz	51	0.899	70.00	0.121
377.733	0.05	Adapter 899Hz Probe 3839Hz	51	0.899	70.00	0.121
377.813	0.05	Adapter 899Hz Probe 3839Hz	51	3.839	70.00	0.437
377.993	0.05	Adapter 899Hz Probe 3839Hz	51	0.899	70.00	0.121
378.073	0.05	Adapter 899Hz Probe 3839Hz	51	0.899	70.00	0.121
378.153	0.05	Adapter 899Hz Probe 3839Hz	51	0.899	70.00	0.121
378.233	0.05	Adapter 899Hz Probe 3839Hz	51	0.899	70.00	0.121
378.313	0.05	Adapter 899Hz Probe 3839Hz	51	3.839	70.00	0.437
378.493	0.05	Adapter 899Hz Probe 3839Hz	51	0.899	70.00	0.121
378.573	0.05	Adapter 899Hz Probe 3839Hz	51	0.899	70.00	0.121
378.653	0.05	Adapter 899Hz Probe 3839Hz	51	0.899	70.00	0.121
378.733	0.05	Adapter 899Hz Probe 3839Hz	51	0.899	70.00	0.121
378.813	0.05	Adapter 899Hz Probe 3839Hz	51	3.839	70.00	0.437
378.993	0.05	Adapter 899Hz Probe 3839Hz	51	0.899	70.00	0.121
379.073	0.05	Adapter 899Hz Probe 3839Hz	51	0.899	70.00	0.121
379.153	0.05	Adapter 899Hz Probe 3839Hz	51	0.899	70.00	0.121
379.233	0.05	Adapter 899Hz Probe 3839Hz	51	0.899	70.00	0.121
379.313	0.05	Adapter 899Hz Probe 3839Hz	51	3.839	70.00	0.437
379.493	0.05	Adapter 899Hz Probe 3839Hz	51	0.899	70.00	0.121
379.573	0.05	Adapter 899Hz Probe 3839Hz	51	0.899	70.00	0.121
379.653	0.05	Adapter 899Hz Probe 3839Hz	51	0.899	70.00	0.121
379.733	0.05	Adapter 899Hz Probe 3839Hz	51	0.899	70.00	0.121
379.813	0.05	Adapter 899Hz Probe 3839Hz	51	3.839	70.00	0.437
379.993	0.05	Adapter 899Hz Probe 3839Hz	51	0.899	70.00	0.121
380.073	0.05	Adapter 899Hz Probe 3839Hz	51	0.899	70.00	0.121
380.153	0.05	Adapter 899Hz Probe 3839Hz	51	0.899	70.00	0.121
380.233	0.05	Adapter 899Hz Probe 3839Hz	51	0.899	70.00	0.121
380.313	0.05	Adapter 899Hz Probe 3839Hz	51	3.839	70.00	0.437
380.493	0.05	Adapter 899Hz Probe 3839Hz	51	0.899	70.00	0.121
380.573	0.05	Adapter 899Hz Probe 3839Hz	51	0.899	70.00	0.121
380.653	0.05	Adapter 899Hz Probe 3839Hz	51	0.899	70.00	0.121
380.733	0.05	Adapter 899Hz Probe 3839Hz	51	0.899	70.00	0.121
380.813	0.05	Adapter 899Hz Probe 3839Hz	51	3.839	70.00	0.437
380.993	0.05	Adapter 899Hz Probe 3839Hz	51	0.899	70.00	0.121
381.073	0.05	Adapter 899Hz Probe 3839Hz	51	0.899	70.00	0.121
381.153	0.05	Adapter 899Hz Probe 3839Hz	51	0.899	70.00	0.121
381.233	0.05	Adapter 899Hz Probe 3839Hz	51	0.899	70.00	0.121
381.313	0.05	Adapter 899Hz Probe 3839Hz	51	3.839	70.00	0.437
381.493	0.05	Adapter 899Hz Probe 3839Hz	51	0.899	70.00	0.121
381.573	0.05	Adapter 899Hz Probe 3839Hz	51	0.899	70.00	0.121
381.653	0.05	Adapter 899Hz Probe 3839Hz	51	0.899	70.00	0.121
381.733	0.05	Adapter 899Hz Probe 3839Hz	51	0.899	70.00	0.121
381.813	0.05	Adapter 899Hz Probe 3839Hz	51	3.839	70.00	0.437
381.993	0.05	Adapter 899Hz Probe 3839Hz	51	0.899	70.00	0.121
382.073	0.05	Adapter 899Hz Probe 3839Hz	51	0.899	70.00	0.121
382.153	0.05	Adapter 899Hz Probe 3839Hz	51	0.899	70.00	0.121
382.233	0.05	Adapter 899Hz Probe 3839Hz	51	0.899	70.00	0.121
382.313	0.05	Adapter 899Hz Probe 3839Hz	51	3.839	70.00	0.437
392.454	0.05	Adapter 251Hz	53	0.251	70.00	0.052
392.534	0.05	Adapter 251Hz	53	0.251	70.00	0.052
392.614	0.05	Adapter 251Hz	53	0.251	70.00	0.052
392.694	0.05	Adapter 251Hz	53	0.251	70.00	0.052
392.954	0.05	Adapter 251Hz	53	0.251	70.00	0.052
393.034	0.05	Adapter 251Hz	53	0.251	70.00	0.052
393.114	0.05	Adapter 251Hz	53	0.251	70.00	0.052
393.194	0.05	Adapter 251Hz	53	0.251	70.00	0.052
393.454	0.05	Adapter 251Hz	53	0.251	70.00	0.052
393.534	0.05	Adapter 251Hz	53	0.251	70.00	0.052
393.614	0.05	Adapter 251Hz	53	0.251	70.00	0.052
393.694	0.05	Adapter 251Hz	53	0.251	70.00	0.052
393.954	0.05	Adapter 251Hz	53	0.251	70.00	0.052
394.034	0.05	Adapter 251Hz	53	0.251	70.00	0.052
394.114	0.05	Adapter 251Hz	53	0.251	70.00	0.052
394.194	0.05	Adapter 251Hz	53	0.251	70.00	0.052
394.454	0.05	Adapter 251Hz	53	0.251	70.00	0.052
394.534	0.05	Adapter 251Hz	53	0.251	70.00	0.052
394.614	0.05	Adapter 251Hz	53	0.251	70.00	0.052
394.694	0.05	Adapter 251Hz	53	0.251	70.00	0.052
394.954	0.05	Adapter 251Hz	53	0.251	70.00	0.052
395.034	0.05	Adapter 251Hz	53	0.251	70.00	0.052
395.114	0.05	Adapter 251Hz	53	0.251	70.00	0.052
395.194	0.05	Adapter 251Hz	53	0.251	70.00	0.052
395.454	0.05	Adapter 251Hz	53	0.251	70.00	0.052
395.534	0.05	Adapter 251Hz	53	0.251	70.00	0.052
395.614	0.05	Adapter 251Hz	53	0.251	70.00	0.052
395.694	0.05	Adapter 251Hz	53	0.251	70.00	0.052
395.954	0.05	Adapter 251Hz	53	0.251	70.00	0.052
396.034	0.05	Adapter 251Hz	53	0.251	70.00	0.052
396.114	0.05	Adapter 251Hz	53	0.251	70.00	0.052
396.194	0.05	Adapter 251Hz	53	0.251	70.00	0.052
396.454	0.05	Adapter 251Hz	53	0.251	70.00	0.052
396.534	0.05	Adapter 251Hz	53	0.251	70.00	0.052
396.614	0.05	Adapter 251Hz	53	0.251	70.00	0.052
396.694	0.05	Adapter 251Hz	53	0.251	70.00	0.052
396.954	0.05	Adapter 251Hz	53	0.251	70.00	0.052
397.034	0.05	Adapter 251Hz	53	0.251	70.00	0.052
397.114	0.05	Adapter 251Hz	53	0.251	70.00	0.052
397.194	0.05	Adapter 251Hz	53	0.251	70.00	0.052
399.989	0.05	Adapter 507Hz	54	0.507	70.00	0.079
400.069	0.05	Adapter 507Hz	54	0.507	70.00	0.079
400.149	0.05	Adapter 507Hz	54	0.507	70.00	0.079
400.229	0.05	Adapter 507Hz	54	0.507	70.00	0.079
400.489	0.05	Adapter 507Hz	54	0.507	70.00	0.079
400.569	0.05	Adapter 507Hz	54	0.507	70.00	0.079
400.649	0.05	Adapter 507Hz	54	0.507	70.00	0.079
400.729	0.05	Adapter 507Hz	54	0.507	70.00	0.079
400.989	0.05	Adapter 507Hz	54	0.507	70.00	0.079
401.069	0.05	Adapter 507Hz	54	0.507	70.00	0.079
401.149	0.05	Adapter 507Hz	54	0.507	70.00	0.079
401.229	0.05	Adapter 507Hz	54	0.507	70.00	0.079
401.489	0.05	Adapter 507Hz	54	0.507	70.00	0.079
401.569	0.05	Adapter 507Hz	54	0.507	70.00	0.079
401.649	0.05	Adapter 507Hz	54	0.507	70.00	0.079
401.729	0.05	Adapter 507Hz	54	0.507	70.00	0.079
401.989	0.05	Adapter 507Hz	54	0.507	70.00	0.079
402.069	0.05	Adapter 507Hz	54	0.507	70.00	0.079
402.149	0.05	Adapter 507Hz	54	0.507	70.00	0.079
402.229	0.05	Adapter 507Hz	54	0.507	70.00	0.079
402.489	0.05	Adapter 507Hz	54	0.507	70.00	0.079
402.569	0.05	Adapter 507Hz	54	0.507	70.00	0.079
402.649	0.05	Adapter 507Hz	54	0.507	70.00	0.079
402.729	0.05	Adapter 507Hz	54	0.507	70.00	0.079
402.989	0.05	Adapter 507Hz	54	0.507	70.00	0.079
403.069	0.05	Adapter 507Hz	54	0.507	70.00	0.079
403.149	0.05	Adapter 507Hz	54	0.507	70.00	0.079
403.229	0.05	Adapter 507Hz	54	0.507	70.00	0.079
403.489	0.05	Adapter 507Hz	54	0.507	70.00	0.079
403.569	0.05	Adapter 507Hz	54	0.507	70.00	0.079
403.649	0.05	Adapter 507Hz	54	0.507	70.00	0.079
403.729	0.05	Adapter 507Hz	54	0.507	70.00	0.079
403.989	0.05	Adapter 507Hz	54	0.507	70.00	0.079
404.069	0.05	Adapter 507Hz	54	0.507	70.00	0.079
404.149	0.05	Adapter 507Hz	54	0.507	70.00	0.079
404.229	0.05	Adapter 507Hz	54	0.507	70.00	0.079
404.489	0.05	Adapter 507Hz	54	0.507	70.00	0.079
404.569	0.05	Adapter 507Hz	54	0.507	70.00	0.079
404.649	0.05	Adapter 507Hz	54	0.507	70.00	0.079
404.729	0.05	Adapter 507Hz	54	0.507	70.00	0.079
407.461	0.05	Adapter 3839Hz Probe 3839Hz	55	3.839	70.00	0.437
407.541	0.05	Adapter 3839Hz Probe 3839Hz	55	3.839	70.00	0.437
407.621	0.05	Adapter 3839Hz Probe 3839Hz	55	3.839	70.00	0.437
407.701	0.05	Adapter 3839Hz Probe 3839Hz	55	3.839	70.00	0.437
407.781	0.05	Adapter 3839Hz Probe 3839Hz	55	3.839	70.00	0.437
407.961	0.05	Adapter 3839Hz Probe 3839Hz	55	3.839	70.00	0.437
408.041	0.05	Adapter 3839Hz Probe 3839Hz	55	3.839	70.00	0.437
408.121	0.05	Adapter 3839Hz Probe 3839Hz	55	3.839	70.00	0.437
408.201	0.05	Adapter 3839Hz Probe 3839Hz	55	3.839	70.00	0.437
408.281	0.05	Adapter 3839Hz Probe 3839Hz	55	3.839	70.00	0.437
408.461	0.05	Adapter 3839Hz Probe 3839Hz	55	3.839	70.00	0.437
408.541	0.05	Adapter 3839Hz Probe 3839Hz	55	3.839	70.00	0.437
408.621	0.05	Adapter 3839Hz Probe 3839Hz	55	3.839	70.00	0.437
408.701	0.05	Adapter 3839Hz Probe 3839Hz	55	3.839	70.00	0.437
408.781	0.05	Adapter 3839Hz Probe 3839Hz	55	3.839	70.00	0.437
408.961	0.05	Adapter 3839Hz Probe 3839Hz	55	3.839	70.00	0.437
409.041	0.05	Adapter 3839Hz Probe 3839Hz	55	3.839	70.00	0.437
409.121	0.05	Adapter 3839Hz Probe 3839Hz	55	3.839	70.00	0.437
409.201	0.05	Adapter 3839Hz Probe 3839Hz	55	3.839	70.00	0.437
409.281	0.05	Adapter 3839Hz Probe 3839Hz	55	3.839	70.00	0.437
409.461	0.05	Adapter 3839Hz Probe 3839Hz	55	3.839	70.00	0.437
409.541	0.05	Adapter 3839Hz Probe 3839Hz	55	3.839	70.00	0.437
409.621	0.05	Adapter 3839Hz Probe 3839Hz	55	3.839	70.00	0.437
409.701	0.05	Adapter 3839Hz Probe 3839Hz	55	3.839	70.00	0.437
409.781	0.05	Adapter 3839Hz Probe 3839Hz	55	3.839	70.00	0.437
409.961	0.05	Adapter 3839Hz Probe 3839Hz	55	3.839	70.00	0.437
410.041	0.05	Adapter 3839Hz Probe 3839Hz	55	3.839	70.00	0.437
410.121	0.05	Adapter 3839Hz Probe 3839Hz	55	3.839	70.00	0.437
410.201	0.05	Adapter 3839Hz Probe 3839Hz	55	3.839	70.00	0.437
410.281	0.05	Adapter 3839Hz Probe 3839Hz	55	3.839	70.00	0.437
410.461	0.05	Adapter 3839Hz Probe 3839Hz	55	3.839	70.00	0.437
410.541	0.05	Adapter 3839Hz Probe 3839Hz	55	3.839	70.00	0.437
410.621	0.05	Adapter 3839Hz Probe 3839Hz	55	3.839	70.00	0.437
410.701	0.05	Adapter 3839Hz Probe 3839Hz	55	3.839	70.00	0.437
410.781	0.05	Adapter 3839Hz Probe 3839Hz	55	3.839	70.00	0.437
410.961	0.05	Adapter 3839Hz Probe 3839Hz	55	3.839	70.00	0.437
411.041	0.05	Adapter 3839Hz Probe 3839Hz	55	3.839	70.00	0.437
411.121	0.05	Adapter 3839Hz Probe 3839Hz	55	3.839	70.00	0.437
411.201	0.05	Adapter 3839Hz Probe 3839Hz	55	3.839	70.00	0.437
411.281	0.05	Adapter 3839Hz Probe 3839Hz	55	3.839	70.00	0.437
411.461	0.05	Adapter 3839Hz Probe 3839Hz	55	3.839	70.00	0.437
411.541	0.05	Adapter 3839Hz Probe 3839Hz	55	3.839	70.00	0.437
411.621	0.05	Adapter 3839Hz Probe 3839Hz	55	3.839	70.00	0.437
411.701	0.05	Adapter 3839Hz Probe 3839Hz	55	3.839	70.00	0.437
411.781	0.05	Adapter 3839Hz Probe 3839Hz	55	3.839	70.00	0.437
411.961	0.05	Adapter 3839Hz Probe 3839Hz	55	3.839	70.00	0.437
412.041	0.05	Adapter 3839Hz Probe 3839Hz	55	3.839	70.00	0.437
412.121	0.05	Adapter 3839Hz Probe 3839Hz	55	3.839	70.00	0.437
412.201	0.05	Adapter 3839Hz Probe 3839Hz	55	3.839	70.00	0.437
412.281	0.05	Adapter 3839Hz Probe 3839Hz	55	3.839	70.00	0.437
414.98	0.05	Adapter 2423Hz Probe 3839Hz	56	2.423	70.00	0.285
415.06	0.05	Adapter 2423Hz Probe 3839Hz	56	2.423	70.00	0.285
415.14	0.05	Adapter 2423Hz Probe 3839Hz	56	2.423	70.00	0.285
415.22	0.05	Adapter 2423Hz Probe 3839Hz	56	2.423	70.00	0.285
415.3	0.05	Adapter 2423Hz Probe 3839Hz	56	3.839	70.00	0.437
415.48	0.05	Adapter 2423Hz Probe 3839Hz	56	2.423	70.00	0.285
415.56	0.05	Adapter 2423Hz Probe 3839Hz	56	2.423	70.00	0.285
415.64	0.05	Adapter 2423Hz Probe 3839Hz	56	2.423	70.00	0.285
415.72	0.05	Adapter 2423Hz Probe 3839Hz	56	2.423	70.00	0.285
415.8	0.05	Adapter 2423Hz Probe 3839Hz	56	3.839	70.00	0.437
415.98	0.05	Adapter 2423Hz Probe 3839Hz	56	2.423	70.00	0.285
416.06	0.05	Adapter 2423Hz Probe 3839Hz	56	2.423	70.00	0.285
416.14	0.05	Adapter 2423Hz Probe 3839Hz	56	2.423	70.00	0.285
416.22	0.05	Adapter 2423Hz Probe 3839Hz	56	2.423	70.00	0.285
416.3	0.05	Adapter 2423Hz Probe 3839Hz	56	3.839	70.00	0.437
416.48	0.05	Adapter 2423Hz Probe 3839Hz	56	2.423	70.00	0.285
416.56	0.05	Adapter 2423Hz Probe 3839Hz	56	2.423	70.00	0.285
416.64	0.05	Adapter 2423Hz Probe 3839Hz	56	2.423	70.00	0.285
416.72	0.05	Adapter 2423Hz Probe 3839Hz	56	2.423	70.00	0.285
416.8	0.05	Adapter 2423Hz Probe 3839Hz	56	3.839	70.00	0.437
416.98	0.05	Adapter 2423Hz Probe 3839Hz	56	2.423	70.00	0.285
417.06	0.05	Adapter 2423Hz Probe 3839Hz	56	2.423	70.00	0.285
417.14	0.05	Adapter 2423Hz Probe 3839Hz	56	2.423	70.00	0.285
417.22	0.05	Adapter 2423Hz Probe 3839Hz	56	2.423	70.00	0.285
417.3	0.05	Adapter 2423Hz Probe 3839Hz	56	3.839	70.00	0.437
417.48	0.05	Adapter 2423Hz Probe 3839Hz	56	2.423	70.00	0.285
417.56	0.05	Adapter 2423Hz Probe 3839Hz	56	2.423	70.00	0.285
417.64	0.05	Adapter 2423Hz Probe 3839Hz	56	2.423	70.00	0.285
417.72	0.05	Adapter 2423Hz Probe 3839Hz	56	2.423	70.00	0.285
417.8	0.05	Adapter 2423Hz Probe 3839Hz	56	3.839	70.00	0.437
417.98	0.05	Adapter 2423Hz Probe 3839Hz	56	2.423	70.00	0.285
418.06	0.05	Adapter 2423Hz Probe 3839Hz	56	2.423	70.00	0.285
418.14	0.05	Adapter 2423Hz Probe 3839Hz	56	2.423	70.00	0.285
418.22	0.05	Adapter 2423Hz Probe 3839Hz	56	2.423	70.00	0.285
418.3	0.05	Adapter 2423Hz Probe 3839Hz	56	3.839	70.00	0.437
418.48	0.05	Adapter 2423Hz Probe 3839Hz	56	2.423	70.00	0.285
418.56	0.05	Adapter 2423Hz Probe 3839Hz	56	2.423	70.00	0.285
418.64	0.05	Adapter 2423Hz Probe 3839Hz	56	2.423	70.00	0.285
418.72	0.05	Adapter 2423Hz Probe 3839Hz	56	2.423	70.00	0.285
418.8	0.05	Adapter 2423Hz Probe 3839Hz	56	3.839	70.00	0.437
418.98	0.05	Adapter 2423Hz Probe 3839Hz	56	2.423	70.00	0.285
419.06	0.05	Adapter 2423Hz Probe 3839Hz	56	2.423	70.00	0.285
419.14	0.05	Adapter 2423Hz Probe 3839Hz	56	2.423	70.00	0.285
419.22	0.05	Adapter 2423Hz Probe 3839Hz	56	2.423	70.00	0.285
419.3	0.05	Adapter 2423Hz Probe 3839Hz	56	3.839	70.00	0.437
419.48	0.05	Adapter 2423Hz Probe 3839Hz	56	2.423	70.00	0.285
419.56	0.05	Adapter 2423Hz Probe 3839Hz	56	2.423	70.00	0.285
419.64	0.05	Adapter 2423Hz Probe 3839Hz	56	2.423	70.00	0.285
419.72	0.05	Adapter 2423Hz Probe 3839Hz	56	2.423	70.00	0.285
419.8	0.05	Adapter 2423Hz Probe 3839Hz	56	3.839	70.00	0.437
422.788	0.05	Probe 3839Hz	57	3.839	70.00	0.437
423.288	0.05	Probe 3839Hz	57	3.839	70.00	0.437
423.788	0.05	Probe 3839Hz	57	3.839	70.00	0.437
424.288	0.05	Probe 3839Hz	57	3.839	70.00	0.437
424.788	0.05	Probe 3839Hz	57	3.839	70.00	0.437
425.288	0.05	Probe 3839Hz	57	3.839	70.00	0.437
425.788	0.05	Probe 3839Hz	57	3.839	70.00	0.437
426.288	0.05	Probe 3839Hz	57	3.839	70.00	0.437
426.788	0.05	Probe 3839Hz	57	3.839	70.00	0.437
427.288	0.05	Probe 3839Hz	57	3.839	70.00	0.437
429.988	0.05	Adapter 2423Hz	58	2.423	70.00	0.285
430.068	0.05	Adapter 2423Hz	58	2.423	70.00	0.285
430.148	0.05	Adapter 2423Hz	58	2.423	70.00	0.285
430.228	0.05	Adapter 2423Hz	58	2.423	70.00	0.285
430.488	0.05	Adapter 2423Hz	58	2.423	70.00	0.285
430.568	0.05	Adapter 2423Hz	58	2.423	70.00	0.285
430.648	0.05	Adapter 2423Hz	58	2.423	70.00	0.285
430.728	0.05	Adapter 2423Hz	58	2.423	70.00	0.285
430.988	0.05	Adapter 2423Hz	58	2.423	70.00	0.285
431.068	0.05	Adapter 2423Hz	58	2.423	70.00	0.285
431.148	0.05	Adapter 2423Hz	58	2.423	70.00	0.285
431.228	0.05	Adapter 2423Hz	58	2.423	70.00	0.285
431.488	0.05	Adapter 2423Hz	58	2.423	70.00	0.285
431.568	0.05	Adapter 2423Hz	58	2.423	70.00	0.285
431.648	0.05	Adapter 2423Hz	58	2.423	70.00	0.285
431.728	0.05	Adapter 2423Hz	58	2.423	70.00	0.285
431.988	0.05	Adapter 2423Hz	58	2.423	70.00	0.285
432.068	0.05	Adapter 2423Hz	58	2.423	70.00	0.285
432.148	0.05	Adapter 2423Hz	58	2.423	70.00	0.285
432.228	0.05	Adapter 2423Hz	58	2.423	70.00	0.285
432.488	0.05	Adapter 2423Hz	58	2.423	70.00	0.285
432.568	0.05	Adapter 2423Hz	58	2.423	70.00	0.285
432.648	0.05	Adapter 2423Hz	58	2.423	70.00	0.285
432.728	0.05	Adapter 2423Hz	58	2.423	70.00	0.285
432.988	0.05	Adapter 2423Hz	58	2.423	70.00	0.285
433.068	0.05	Adapter 2423Hz	58	2.423	70.00	0.285
433.148	0.05	Adapter 2423Hz	58	2.423	70.00	0.285
433.228	0.05	Adapter 2423Hz	58	2.423	70.00	0.285
433.488	0.05	Adapter 2423Hz	58	2.423	70.00	0.285
433.568	0.05	Adapter 2423Hz	58	2.423	70.00	0.285
433.648	0.05	Adapter 2423Hz	58	2.423	70.00	0.285
433.728	0.05	Adapter 2423Hz	58	2.423	70.00	0.285
433.988	0.05	Adapter 2423Hz	58	2.423	70.00	0.285
434.068	0.05	Adapter 2423Hz	58	2.423	70.00	0.285
434.148	0.05	Adapter 2423Hz	58	2.423	70.00	0.285
434.228	0.05	Adapter 2423Hz	58	2.423	70.00	0.285
434.488	0.05	Adapter 2423Hz	58	2.423	70.00	0.285
434.568	0.05	Adapter 2423Hz	58	2.423	70.00	0.285
434.648	0.05	Adapter 2423Hz	58	2.423	70.00	0.285
434.728	0.05	Adapter 2423Hz	58	2.423	70.00	0.285
444.979	0.05	Adapter 3839Hz	60	3.839	70.00	0.437
445.059	0.05	Adapter 3839Hz	60	3.839	70.00	0.437
445.139	0.05	Adapter 3839Hz	60	3.839	70.00	0.437
445.219	0.05	Adapter 3839Hz	60	3.839	70.00	0.437
445.479	0.05	Adapter 3839Hz	60	3.839	70.00	0.437
445.559	0.05	Adapter 3839Hz	60	3.839	70.00	0.437
445.639	0.05	Adapter 3839Hz	60	3.839	70.00	0.437
445.719	0.05	Adapter 3839Hz	60	3.839	70.00	0.437
445.979	0.05	Adapter 3839Hz	60	3.839	70.00	0.437
446.059	0.05	Adapter 3839Hz	60	3.839	70.00	0.437
446.139	0.05	Adapter 3839Hz	60	3.839	70.00	0.437
446.219	0.05	Adapter 3839Hz	60	3.839	70.00	0.437
446.479	0.05	Adapter 3839Hz	60	3.839	70.00	0.437
446.559	0.05	Adapter 3839Hz	60	3.839	70.00	0.437
446.639	0.05	Adapter 3839Hz	60	3.839	70.00	0.437
446.719	0.05	Adapter 3839Hz	60	3.839	70.00	0.437
446.979	0.05	Adapter 3839Hz	60	3.839	70.00	0.437
447.059	0.05	Adapter 3839Hz	60	3.839	70.00	0.437
447.139	0.05	Adapter 3839Hz	60	3.839	70.00	0.437
447.219	0.05	Adapter 3839Hz	60	3.839	70.00	0.437
447.479	0.05	Adapter 3839Hz	60	3.839	70.00	0.437
447.559	0.05	Adapter 3839Hz	60	3.839	70.00	0.437
447.639	0.05	Adapter 3839Hz	60	3.839	70.00	0.437
447.719	0.05	Adapter 3839Hz	60	3.839	70.00	0.437
447.979	0.05	Adapter 3839Hz	60	3.839	70.00	0.437
448.059	0.05	Adapter 3839Hz	60	3.839	70.00	0.437
448.139	0.05	Adapter 3839Hz	60	3.839	70.00	0.437
448.219	0.05	Adapter 3839Hz	60	3.839	70.00	0.437
448.479	0.05	Adapter 3839Hz	60	3.839	70.00	0.437
448.559	0.05	Adapter 3839Hz	60	3.839	70.00	0.437
448.639	0.05	Adapter 3839Hz	60	3.839	70.00	0.437
448.719	0.05	Adapter 3839Hz	60	3.839	70.00	0.437
448.979	0.05	Adapter 3839Hz	60	3.839	70.00	0.437
449.059	0.05	Adapter 3839Hz	60	3.839	70.00	0.437
449.139	0.05	Adapter 3839Hz	60	3.839	70.00	0.437
449.219	0.05	Adapter 3839Hz	60	3.839	70.00	0.437
449.479	0.05	Adapter 3839Hz	60	3.839	70.00	0.437
449.559	0.05	Adapter 3839Hz	60	3.839	70.00	0.437
449.639	0.05	Adapter 3839Hz	60	3.839	70.00	0.437
449.719	0.05	Adapter 3839Hz	60	3.839	70.00	0.437
452.498	0.05	Adapter 507Hz Probe 3839Hz	61	0.507	70.00	0.079
452.578	0.05	Adapter 507Hz Probe 3839Hz	61	0.507	70.00	0.079
452.658	0.05	Adapter 507Hz Probe 3839Hz	61	0.507	70.00	0.079
452.738	0.05	Adapter 507Hz Probe 3839Hz	61	0.507	70.00	0.079
452.818	0.05	Adapter 507Hz Probe 3839Hz	61	3.839	70.00	0.437
452.998	0.05	Adapter 507Hz Probe 3839Hz	61	0.507	70.00	0.079
453.078	0.05	Adapter 507Hz Probe 3839Hz	61	0.507	70.00	0.079
453.158	0.05	Adapter 507Hz Probe 3839Hz	61	0.507	70.00	0.079
453.238	0.05	Adapter 507Hz Probe 3839Hz	61	0.507	70.00	0.079
453.318	0.05	Adapter 507Hz Probe 3839Hz	61	3.839	70.00	0.437
453.498	0.05	Adapter 507Hz Probe 3839Hz	61	0.507	70.00	0.079
453.578	0.05	Adapter 507Hz Probe 3839Hz	61	0.507	70.00	0.079
453.658	0.05	Adapter 507Hz Probe 3839Hz	61	0.507	70.00	0.079
453.738	0.05	Adapter 507Hz Probe 3839Hz	61	0.507	70.00	0.079
453.818	0.05	Adapter 507Hz Probe 3839Hz	61	3.839	70.00	0.437
453.998	0.05	Adapter 507Hz Probe 3839Hz	61	0.507	70.00	0.079
454.078	0.05	Adapter 507Hz Probe 3839Hz	61	0.507	70.00	0.079
454.158	0.05	Adapter 507Hz Probe 3839Hz	61	0.507	70.00	0.079
454.238	0.05	Adapter 507Hz Probe 3839Hz	61	0.507	70.00	0.079
454.318	0.05	Adapter 507Hz Probe 3839Hz	61	3.839	70.00	0.437
454.498	0.05	Adapter 507Hz Probe 3839Hz	61	0.507	70.00	0.079
454.578	0.05	Adapter 507Hz Probe 3839Hz	61	0.507	70.00	0.079
454.658	0.05	Adapter 507Hz Probe 3839Hz	61	0.507	70.00	0.079
454.738	0.05	Adapter 507Hz Probe 3839Hz	61	0.507	70.00	0.079
454.818	0.05	Adapter 507Hz Probe 3839Hz	61	3.839	70.00	0.437
454.998	0.05	Adapter 507Hz Probe 3839Hz	61	0.507	70.00	0.079
455.078	0.05	Adapter 507Hz Probe 3839Hz	61	0.507	70.00	0.079
455.158	0.05	Adapter 507Hz Probe 3839Hz	61	0.507	70.00	0.079
455.238	0.05	Adapter 507Hz Probe 3839Hz	61	0.507	70.00	0.079
455.318	0.05	Adapter 507Hz Probe 3839Hz	61	3.839	70.00	0.437
455.498	0.05	Adapter 507Hz Probe 3839Hz	61	0.507	70.00	0.079
455.578	0.05	Adapter 507Hz Probe 3839Hz	61	0.507	70.00	0.079
455.658	0.05	Adapter 507Hz Probe 3839Hz	61	0.507	70.00	0.079
455.738	0.05	Adapter 507Hz Probe 3839Hz	61	0.507	70.00	0.079
455.818	0.05	Adapter 507Hz Probe 3839Hz	61	3.839	70.00	0.437
455.998	0.05	Adapter 507Hz Probe 3839Hz	61	0.507	70.00	0.079
456.078	0.05	Adapter 507Hz Probe 3839Hz	61	0.507	70.00	0.079
456.158	0.05	Adapter 507Hz Probe 3839Hz	61	0.507	70.00	0.079
456.238	0.05	Adapter 507Hz Probe 3839Hz	61	0.507	70.00	0.079
456.318	0.05	Adapter 507Hz Probe 3839Hz	61	3.839	70.00	0.437
456.498	0.05	Adapter 507Hz Probe 3839Hz	61	0.507	70.00	0.079
456.578	0.05	Adapter 507Hz Probe 3839Hz	61	0.507	70.00	0.079
456.658	0.05	Adapter 507Hz Probe 3839Hz	61	0.507	70.00	0.079
456.738	0.05	Adapter 507Hz Probe 3839Hz	61	0.507	70.00	0.079
456.818	0.05	Adapter 507Hz Probe 3839Hz	61	3.839	70.00	0.437
456.998	0.05	Adapter 507Hz Probe 3839Hz	61	0.507	70.00	0.079
457.078	0.05	Adapter 507Hz Probe 3839Hz	61	0.507	70.00	0.079
457.158	0.05	Adapter 507Hz Probe 3839Hz	61	0.507	70.00	0.079
457.238	0.05	Adapter 507Hz Probe 3839Hz	61	0.507	70.00	0.079
457.318	0.05	Adapter 507Hz Probe 3839Hz	61	3.839	70.00	0.437
460.002	0.05	Adapter 1501Hz Probe 3839Hz	62	1.501	70.00	0.186
460.082	0.05	Adapter 1501Hz Probe 3839Hz	62	1.501	70.00	0.186
460.162	0.05	Adapter 1501Hz Probe 3839Hz	62	1.501	70.00	0.186
460.242	0.05	Adapter 1501Hz Probe 3839Hz	62	1.501	70.00	0.186
460.322	0.05	Adapter 1501Hz Probe 3839Hz	62	3.839	70.00	0.437
460.502	0.05	Adapter 1501Hz Probe 3839Hz	62	1.501	70.00	0.186
460.582	0.05	Adapter 1501Hz Probe 3839Hz	62	1.501	70.00	0.186
460.662	0.05	Adapter 1501Hz Probe 3839Hz	62	1.501	70.00	0.186
460.742	0.05	Adapter 1501Hz Probe 3839Hz	62	1.501	70.00	0.186
460.822	0.05	Adapter 1501Hz Probe 3839Hz	62	3.839	70.00	0.437
461.002	0.05	Adapter 1501Hz Probe 3839Hz	62	1.501	70.00	0.186
461.082	0.05	Adapter 1501Hz Probe 3839Hz	62	1.501	70.00	0.186
461.162	0.05	Adapter 1501Hz Probe 3839Hz	62	1.501	70.00	0.186
461.242	0.05	Adapter 1501Hz Probe 3839Hz	62	1.501	70.00	0.186
461.322	0.05	Adapter 1501Hz Probe 3839Hz	62	3.839	70.00	0.437
461.502	0.05	Adapter 1501Hz Probe 3839Hz	62	1.501	70.00	0.186
461.582	0.05	Adapter 1501Hz Probe 3839Hz	62	1.501	70.00	0.186
461.662	0.05	Adapter 1501Hz Probe 3839Hz	62	1.501	70.00	0.186
461.742	0.05	Adapter 1501Hz Probe 3839Hz	62	1.501	70.00	0.186
461.822	0.05	Adapter 1501Hz Probe 3839Hz	62	3.839	70.00	0.437
462.002	0.05	Adapter 1501Hz Probe 3839Hz	62	1.501	70.00	0.186
462.082	0.05	Adapter 1501Hz Probe 3839Hz	62	1.501	70.00	0.186
462.162	0.05	Adapter 1501Hz Probe 3839Hz	62	1.501	70.00	0.186
462.242	0.05	Adapter 1501Hz Probe 3839Hz	62	1.501	70.00	0.186
462.322	0.05	Adapter 1501Hz Probe 3839Hz	62	3.839	70.00	0.437
462.502	0.05	Adapter 1501Hz Probe 3839Hz	62	1.501	70.00	0.186
462.582	0.05	Adapter 1501Hz Probe 3839Hz	62	1.501	70.00	0.186
462.662	0.05	Adapter 1501Hz Probe 3839Hz	62	1.501	70.00	0.186
462.742	0.05	Adapter 1501Hz Probe 3839Hz	62	1.501	70.00	0.186
462.822	0.05	Adapter 1501Hz Probe 3839Hz	62	3.839	70.00	0.437
463.002	0.05	Adapter 1501Hz Probe 3839Hz	62	1.501	70.00	0.186
463.082	0.05	Adapter 1501Hz Probe 3839Hz	62	1.501	70.00	0.186
463.162	0.05	Adapter 1501Hz Probe 3839Hz	62	1.501	70.00	0.186
463.242	0.05	Adapter 1501Hz Probe 3839Hz	62	1.501	70.00	0.186
463.322	0.05	Adapter 1501Hz Probe 3839Hz	62	3.839	70.00	0.437
463.502	0.05	Adapter 1501Hz Probe 3839Hz	62	1.501	70.00	0.186
463.582	0.05	Adapter 1501Hz Probe 3839Hz	62	1.501	70.00	0.186
463.662	0.05	Adapter 1501Hz Probe 3839Hz	62	1.501	70.00	0.186
463.742	0.05	Adapter 1501Hz Probe 3839Hz	62	1.501	70.00	0.186
463.822	0.05	Adapter 1501Hz Probe 3839Hz	62	3.839	70.00	0.437
464.002	0.05	Adapter 1501Hz Probe 3839Hz	62	1.501	70.00	0.186
464.082	0.05	Adapter 1501Hz Probe 3839Hz	62	1.501	70.00	0.186
464.162	0.05	Adapter 1501Hz Probe 3839Hz	62	1.501	70.00	0.186
464.242	0.05	Adapter 1501Hz Probe 3839Hz	62	1.501	70.00	0.186
464.322	0.05	Adapter 1501Hz Probe 3839Hz	62	3.839	70.00	0.437
464.502	0.05	Adapter 1501Hz Probe 3839Hz	62	1.501	70.00	0.186
464.582	0.05	Adapter 1501Hz Probe 3839Hz	62	1.501	70.00	0.186
464.662	0.05	Adapter 1501Hz Probe 3839Hz	62	1.501	70.00	0.186
464.742	0.05	Adapter 1501Hz Probe 3839Hz	62	1.501	70.00	0.186
464.822	0.05	Adapter 1501Hz Probe 3839Hz	62	3.839	70.00	0.437
467.459	0.05	Adapter 1501Hz	63	1.501	70.00	0.186
467.539	0.05	Adapter 1501Hz	63	1.501	70.00	0.186
467.619	0.05	Adapter 1501Hz	63	1.501	70.00	0.186
467.699	0.05	Adapter 1501Hz	63	1.501	70.00	0.186
467.959	0.05	Adapter 1501Hz	63	1.501	70.00	0.186
468.039	0.05	Adapter 1501Hz	63	1.501	70.00	0.186
468.119	0.05	Adapter 1501Hz	63	1.501	70.00	0.186
468.199	0.05	Adapter 1501Hz	63	1.501	70.00	0.186
468.459	0.05	Adapter 1501Hz	63	1.501	70.00	0.186
468.539	0.05	Adapter 1501Hz	63	1.501	70.00	0.186
468.619	0.05	Adapter 1501Hz	63	1.501	70.00	0.186
468.699	0.05	Adapter 1501Hz	63	1.501	70.00	0.186
468.959	0.05	Adapter 1501Hz	63	1.501	70.00	0.186
469.039	0.05	Adapter 1501Hz	63	1.501	70.00	0.186
469.119	0.05	Adapter 1501Hz	63	1.501	70.00	0.186
469.199	0.05	Adapter 1501Hz	63	1.501	70.00	0.186
469.459	0.05	Adapter 1501Hz	63	1.501	70.00	0.186
469.539	0.05	Adapter 1501Hz	63	1.501	70.00	0.186
469.619	0.05	Adapter 1501Hz	63	1.501	70.00	0.186
469.699	0.05	Adapter 1501Hz	63	1.501	70.00	0.186
469.959	0.05	Adapter 1501Hz	63	1.501	70.00	0.186
470.039	0.05	Adapter 1501Hz	63	1.501	70.00	0.186
470.119	0.05	Adapter 1501Hz	63	1.501	70.00	0.186
470.199	0.05	Adapter 1501Hz	63	1.501	70.00	0.186
470.459	0.05	Adapter 1501Hz	63	1.501	70.00	0.186
470.539	0.05	Adapter 1501Hz	63	1.501	70.00	0.186
470.619	0.05	Adapter 1501Hz	63	1.501	70.00	0.186
470.699	0.05	Adapter 1501Hz	63	1.501	70.00	0.186
470.959	0.05	Adapter 1501Hz	63	1.501	70.00	0.186
471.039	0.05	Adapter 1501Hz	63	1.501	70.00	0.186
471.119	0.05	Adapter 1501Hz	63	1.501	70.00	0.186
471.199	0.05	Adapter 1501Hz	63	1.501	70.00	0.186
471.459	0.05	Adapter 1501Hz	63	1.501	70.00	0.186
471.539	0.05	Adapter 1501Hz	63	1.501	70.00	0.186
471.619	0.05	Adapter 1501Hz	63	1.501	70.00	0.186
471.699	0.05	Adapter 1501Hz	63	1.501	70.00	0.186
471.959	0.05	Adapter 1501Hz	63	1.501	70.00	0.186
472.039	0.05	Adapter 1501Hz	63	1.501	70.00	0.186
472.119	0.05	Adapter 1501Hz	63	1.501	70.00	0.186
472.199	0.05	Adapter 1501Hz	63	1.501	70.00	0.186
474.962	0.05	Adapter 6009Hz	64	6.009	70.00	0.671
475.042	0.05	Adapter 6009Hz	64	6.009	70.00	0.671
475.122	0.05	Adapter 6009Hz	64	6.009	70.00	0.671
475.202	0.05	Adapter 6009Hz	64	6.009	70.00	0.671
475.462	0.05	Adapter 6009Hz	64	6.009	70.00	0.671
475.542	0.05	Adapter 6009Hz	64	6.009	70.00	0.671
475.622	0.05	Adapter 6009Hz	64	6.009	70.00	0.671
475.702	0.05	Adapter 6009Hz	64	6.009	70.00	0.671
475.962	0.05	Adapter 6009Hz	64	6.009	70.00	0.671
476.042	0.05	Adapter 6009Hz	64	6.009	70.00	0.671
476.122	0.05	Adapter 6009Hz	64	6.009	70.00	0.671
476.202	0.05	Adapter 6009Hz	64	6.009	70.00	0.671
476.462	0.05	Adapter 6009Hz	64	6.009	70.00	0.671
476.542	0.05	Adapter 6009Hz	64	6.009	70.00	0.671
476.622	0.05	Adapter 6009Hz	64	6.009	70.00	0.671
476.702	0.05	Adapter 6009Hz	64	6.009	70.00	0.671
476.962	0.05	Adapter 6009Hz	64	6.009	70.00	0.671
477.042	0.05	Adapter 6009Hz	64	6.009	70.00	0.671
477.122	0.05	Adapter 6009Hz	64	6.009	70.00	0.671
477.202	0.05	Adapter 6009Hz	64	6.009	70.00	0.671
477.462	0.05	Adapter 6009Hz	64	6.009	70.00	0.671
477.542	0.05	Adapter 6009Hz	64	6.009	70.00	0.671
477.622	0.05	Adapter 6009Hz	64	6.009	70.00	0.671
477.702	0.05	Adapter 6009Hz	64	6.009	70.00	0.671
477.962	0.05	Adapter 6009Hz	64	6.009	70.00	0.671
478.042	0.05	Adapter 6009Hz	64	6.009	70.00	0.671
478.122	0.05	Adapter 6009Hz	64	6.009	70.00	0.671
478.202	0.05	Adapter 6009Hz	64	6.009	70.00	0.671
478.462	0.05	Adapter 6009Hz	64	6.009	70.00	0.671
478.542	0.05	Adapter 6009Hz	64	6.009	70.00	0.671
478.622	0.05	Adapter 6009Hz	64	6.009	70.00	0.671
478.702	0.05	Adapter 6009Hz	64	6.009	70.00	0.671
478.962	0.05	Adapter 6009Hz	64	6.009	70.00	0.671
479.042	0.05	Adapter 6009Hz	64	6.009	70.00	0.671
479.122	0.05	Adapter 6009Hz	64	6.009	70.00	0.671
479.202	0.05	Adapter 6009Hz	64	6.009	70.00	0.671
479.462	0.05	Adapter 6009Hz	64	6.009	70.00	0.671
479.542	0.05	Adapter 6009Hz	64	6.009	70.00	0.671
479.622	0.05	Adapter 6009Hz	64	6.009	70.00	0.671
479.702	0.05	Adapter 6009Hz	64	6.009	70.00	0.671
