onset	duration	trial_type	scan	frequency_kHz	level_dB_SPL	bandwidth_kHz
2.82	0.05	Probe 3839Hz	1	3.839	70.00	0.437
3.32	0.05	Probe 3839Hz	1	3.839	70.00	0.437
3.82	0.05	Probe 3839Hz	1	3.839	70.00	0.437
4.32	0.05	Probe 3839Hz	1	3.839	70.00	0.437
4.82	0.05	Probe 3839Hz	1	3.839	70.00	0.437
5.32	0.05	Probe 3839Hz	1	3.839	70.00	0.437
5.82	0.05	Probe 3839Hz	1	3.839	70.00	0.437
6.32	0.05	Probe 3839Hz	1	3.839	70.00	0.437
6.82	0.05	Probe 3839Hz	1	3.839	70.00	0.437
7.32	0.05	Probe 3839Hz	1	3.839	70.00	0.437
9.972	0.05	Adapter 2423Hz Probe 3839Hz	2	2.423	70.00	0.285
10.052	0.05	Adapter 2423Hz Probe 3839Hz	2	2.423	70.00	0.285
10.132	0.05	Adapter 2423Hz Probe 3839Hz	2	2.423	70.00	0.285
10.212	0.05	Adapter 2423Hz Probe 3839Hz	2	2.423	70.00	0.285
10.292	0.05	Adapter 2423Hz Probe 3839Hz	2	3.839	70.00	0.437
10.472	0.05	Adapter 2423Hz Probe 3839Hz	2	2.423	70.00	0.285
10.552	0.05	Adapter 2423Hz Probe 3839Hz	2	2.423	70.00	0.285
10.632	0.05	Adapter 2423Hz Probe 3839Hz	2	2.423	70.00	0.285
10.712	0.05	Adapter 2423Hz Probe 3839Hz	2	2.423	70.00	0.285
10.792	0.05	Adapter 2423Hz Probe 3839Hz	2	3.839	70.00	0.437
10.972	0.05	Adapter 2423Hz Probe 3839Hz	2	2.423	70.00	0.285
11.052	0.05	Adapter 2423Hz Probe 3839Hz	2	2.423	70.00	0.285
11.132	0.05	Adapter 2423Hz Probe 3839Hz	2	2.423	70.00	0.285
11.212	0.05	Adapter 2423Hz Probe 3839Hz	2	2.423	70.00	0.285
11.292	0.05	Adapter 2423Hz Probe 3839Hz	2	3.839	70.00	0.437
11.472	0.05	Adapter 2423Hz Probe 3839Hz	2	2.423	70.00	0.285
11.552	0.05	Adapter 2423Hz Probe 3839Hz	2	2.423	70.00	0.285
11.632	0.05	Adapter 2423Hz Probe 3839Hz	2	2.423	70.00	0.285
11.712	0.05	Adapter 2423Hz Probe 3839Hz	2	2.423	70.00	0.285
11.792	0.05	Adapter 2423Hz Probe 3839Hz	2	3.839	70.00	0.437
11.972	0.05	Adapter 2423Hz Probe 3839Hz	2	2.423	70.00	0.285
12.052	0.05	Adapter 2423Hz Probe 3839Hz	2	2.423	70.00	0.285
12.132	0.05	Adapter 2423Hz Probe 3839Hz	2	2.423	70.00	0.285
12.212	0.05	Adapter 2423Hz Probe 3839Hz	2	2.423	70.00	0.285
12.292	0.05	Adapter 2423Hz Probe 3839Hz	2	3.839	70.00	0.437
12.472	0.05	Adapter 2423Hz Probe 3839Hz	2	2.423	70.00	0.285
12.552	0.05	Adapter 2423Hz Probe 3839Hz	2	2.423	70.00	0.285
12.632	0.05	Adapter 2423Hz Probe 3839Hz	2	2.423	70.00	0.285
12.712	0.05	Adapter 2423Hz Probe 3839Hz	2	2.423	70.00	0.285
12.792	0.05	Adapter 2423Hz Probe 3839Hz	2	3.839	70.00	0.437
12.972	0.05	Adapter 2423Hz Probe 3839Hz	2	2.423	70.00	0.285
13.052	0.05	Adapter 2423Hz Probe 3839Hz	2	2.423	70.00	0.285
13.132	0.05	Adapter 2423Hz Probe 3839Hz	2	2.423	70.00	0.285
13.212	0.05	Adapter 2423Hz Probe 3839Hz	2	2.423	70.00	0.285
13.292	0.05	Adapter 2423Hz Probe 3839Hz	2	3.839	70.00	0.437
13.472	0.05	Adapter 2423Hz Probe 3839Hz	2	2.423	70.00	0.285
13.552	0.05	Adapter 2423Hz Probe 3839Hz	2	2.423	70.00	0.285
13.632	0.05	Adapter 2423Hz Probe 3839Hz	2	2.423	70.00	0.285
13.712	0.05	Adapter 2423Hz Probe 3839Hz	2	2.423	70.00	0.285
13.792	0.05	Adapter 2423Hz Probe 3839Hz	2	3.839	70.00	0.437
13.972	0.05	Adapter 2423Hz Probe 3839Hz	2	2.423	70.00	0.285
14.052	0.05	Adapter 2423Hz Probe 3839Hz	2	2.423	70.00	0.285
14.132	0.05	Adapter 2423Hz Probe 3839Hz	2	2.423	70.00	0.285
14.212	0.05	Adapter 2423Hz Probe 3839Hz	2	2.423	70.00	0.285
14.292	0.05	Adapter 2423Hz Probe 3839Hz	2	3.839	70.00	0.437
14.472	0.05	Adapter 2423Hz Probe 3839Hz	2	2.423	70.00	0.285
14.552	0.05	Adapter 2423Hz Probe 3839Hz	2	2.423	70.00	0.285
14.632	0.05	Adapter 2423Hz Probe 3839Hz	2	2.423	70.00	0.285
14.712	0.05	Adapter 2423Hz Probe 3839Hz	2	2.423	70.00	0.285
14.792	0.05	Adapter 2423Hz Probe 3839Hz	2	3.839	70.00	0.437
17.476	0.05	Adapter 1501Hz Probe 3839Hz	3	1.501	70.00	0.186
17.556	0.05	Adapter 1501Hz Probe 3839Hz	3	1.501	70.00	0.186
17.636	0.05	Adapter 1501Hz Probe 3839Hz	3	1.501	70.00	0.186
17.716	0.05	Adapter 1501Hz Probe 3839Hz	3	1.501	70.00	0.186
17.796	0.05	Adapter 1501Hz Probe 3839Hz	3	3.839	70.00	0.437
17.976	0.05	Adapter 1501Hz Probe 3839Hz	3	1.501	70.00	0.186
18.056	0.05	Adapter 1501Hz Probe 3839Hz	3	1.501	70.00	0.186
18.136	0.05	Adapter 1501Hz Probe 3839Hz	3	1.501	70.00	0.186
18.216	0.05	Adapter 1501Hz Probe 3839Hz	3	1.501	70.00	0.186
18.296	0.05	Adapter 1501Hz Probe 3839Hz	3	3.839	70.00	0.437
18.476	0.05	Adapter 1501Hz Probe 3839Hz	3	1.501	70.00	0.186
18.556	0.05	Adapter 1501Hz Probe 3839Hz	3	1.501	70.00	0.186
18.636	0.05	Adapter 1501Hz Probe 3839Hz	3	1.501	70.00	0.186
18.716	0.05	Adapter 1501Hz Probe 3839Hz	3	1.501	70.00	0.186
18.796	0.05	Adapter 1501Hz Probe 3839Hz	3	3.839	70.00	0.437
18.976	0.05	Adapter 1501Hz Probe 3839Hz	3	1.501	70.00	0.186
19.056	0.05	Adapter 1501Hz Probe 3839Hz	3	1.501	70.00	0.186
19.136	0.05	Adapter 1501Hz Probe 3839Hz	3	1.501	70.00	0.186
19.216	0.05	Adapter 1501Hz Probe 3839Hz	3	1.501	70.00	0.186
19.296	0.05	Adapter 1501Hz Probe 3839Hz	3	3.839	70.00	0.437
19.476	0.05	Adapter 1501Hz Probe 3839Hz	3	1.501	70.00	0.186
19.556	0.05	Adapter 1501Hz Probe 3839Hz	3	1.501	70.00	0.186
19.636	0.05	Adapter 1501Hz Probe 3839Hz	3	1.501	70.00	0.186
19.716	0.05	Adapter 1501Hz Probe 3839Hz	3	1.501	70.00	0.186
19.796	0.05	Adapter 1501Hz Probe 3839Hz	3	3.839	70.00	0.437
19.976	0.05	Adapter 1501Hz Probe 3839Hz	3	1.501	70.00	0.186
20.056	0.05	Adapter 1501Hz Probe 3839Hz	3	1.501	70.00	0.186
20.136	0.05	Adapter 1501Hz Probe 3839Hz	3	1.501	70.00	0.186
20.216	0.05	Adapter 1501Hz Probe 3839Hz	3	1.501	70.00	0.186
20.296	0.05	Adapter 1501Hz Probe 3839Hz	3	3.839	70.00	0.437
20.476	0.05	Adapter 1501Hz Probe 3839Hz	3	1.501	70.00	0.186
20.556	0.05	Adapter 1501Hz Probe 3839Hz	3	1.501	70.00	0.186
20.636	0.05	Adapter 1501Hz Probe 3839Hz	3	1.501	70.00	0.186
20.716	0.05	Adapter 1501Hz Probe 3839Hz	3	1.501	70.00	0.186
20.796	0.05	Adapter 1501Hz Probe 3839Hz	3	3.839	70.00	0.437
20.976	0.05	Adapter 1501Hz Probe 3839Hz	3	1.501	70.00	0.186
21.056	0.05	Adapter 1501Hz Probe 3839Hz	3	1.501	70.00	0.186
21.136	0.05	Adapter 1501Hz Probe 3839Hz	3	1.501	70.00	0.186
21.216	0.05	Adapter 1501Hz Probe 3839Hz	3	1.501	70.00	0.186
21.296	0.05	Adapter 1501Hz Probe 3839Hz	3	3.839	70.00	0.437
21.476	0.05	Adapter 1501Hz Probe 3839Hz	3	1.501	70.00	0.186
21.556	0.05	Adapter 1501Hz Probe 3839Hz	3	1.501	70.00	0.186
21.636	0.05	Adapter 1501Hz Probe 3839Hz	3	1.501	70.00	0.186
21.716	0.05	Adapter 1501Hz Probe 3839Hz	3	1.501	70.00	0.186
21.796	0.05	Adapter 1501Hz Probe 3839Hz	3	3.839	70.00	0.437
21.976	0.05	Adapter 1501Hz Probe 3839Hz	3	1.501	70.00	0.186
22.056	0.05	Adapter 1501Hz Probe 3839Hz	3	1.501	70.00	0.186
22.136	0.05	Adapter 1501Hz Probe 3839Hz	3	1.501	70.00	0.186
22.216	0.05	Adapter 1501Hz Probe 3839Hz	3	1.501	70.00	0.186
22.296	0.05	Adapter 1501Hz Probe 3839Hz	3	3.839	70.00	0.437
39.987	0.05	Adapter 6009Hz	6	6.009	70.00	0.671
40.067	0.05	Adapter 6009Hz	6	6.009	70.00	0.671
40.147	0.05	Adapter 6009Hz	6	6.009	70.00	0.671
40.227	0.05	Adapter 6009Hz	6	6.009	70.00	0.671
40.487	0.05	Adapter 6009Hz	6	6.009	70.00	0.671
40.567	0.05	Adapter 6009Hz	6	6.009	70.00	0.671
40.647	0.05	Adapter 6009Hz	6	6.009	70.00	0.671
40.727	0.05	Adapter 6009Hz	6	6.009	70.00	0.671
40.987	0.05	Adapter 6009Hz	6	6.009	70.00	0.671
41.067	0.05	Adapter 6009Hz	6	6.009	70.00	0.671
41.147	0.05	Adapter 6009Hz	6	6.009	70.00	0.671
41.227	0.05	Adapter 6009Hz	6	6.009	70.00	0.671
41.487	0.05	Adapter 6009Hz	6	6.009	70.00	0.671
41.567	0.05	Adapter 6009Hz	6	6.009	70.00	0.671
41.647	0.05	Adapter 6009Hz	6	6.009	70.00	0.671
41.727	0.05	Adapter 6009Hz	6	6.009	70.00	0.671
41.987	0.05	Adapter 6009Hz	6	6.009	70.00	0.671
42.067	0.05	Adapter 6009Hz	6	6.009	70.00	0.671
42.147	0.05	Adapter 6009Hz	6	6.009	70.00	0.671
42.227	0.05	Adapter 6009Hz	6	6.009	70.00	0.671
42.487	0.05	Adapter 6009Hz	6	6.009	70.00	0.671
42.567	0.05	Adapter 6009Hz	6	6.009	70.00	0.671
42.647	0.05	Adapter 6009Hz	6	6.009	70.00	0.671
42.727	0.05	Adapter 6009Hz	6	6.009	70.00	0.671
42.987	0.05	Adapter 6009Hz	6	6.009	70.00	0.671
43.067	0.05	Adapter 6009Hz	6	6.009	70.00	0.671
43.147	0.05	Adapter 6009Hz	6	6.009	70.00	0.671
43.227	0.05	Adapter 6009Hz	6	6.009	70.00	0.671
43.487	0.05	Adapter 6009Hz	6	6.009	70.00	0.671
43.567	0.05	Adapter 6009Hz	6	6.009	70.00	0.671
43.647	0.05	Adapter 6009Hz	6	6.009	70.00	0.671
43.727	0.05	Adapter 6009Hz	6	6.009	70.00	0.671
43.987	0.05	Adapter 6009Hz	6	6.009	70.00	0.671
44.067	0.05	Adapter 6009Hz	6	6.009	70.00	0.671
44.147	0.05	Adapter 6009Hz	6	6.009	70.00	0.671
44.227	0.05	Adapter 6009Hz	6	6.009	70.00	0.671
44.487	0.05	Adapter 6009Hz	6	6.009	70.00	0.671
44.567	0.05	Adapter 6009Hz	6	6.009	70.00	0.671
44.647	0.05	Adapter 6009Hz	6	6.009	70.00	0.671
44.727	0.05	Adapter 6009Hz	6	6.009	70.00	0.671
47.475	0.05	Adapter 251Hz	7	0.251	70.00	0.052
47.555	0.05	Adapter 251Hz	7	0.251	70.00	0.052
47.635	0.05	Adapter 251Hz	7	0.251	70.00	0.052
47.715	0.05	Adapter 251Hz	7	0.251	70.00	0.052
47.975	0.05	Adapter 251Hz	7	0.251	70.00	0.052
48.055	0.05	Adapter 251Hz	7	0.251	70.00	0.052
48.135	0.05	Adapter 251Hz	7	0.251	70.00	0.052
48.215	0.05	Adapter 251Hz	7	0.251	70.00	0.052
48.475	0.05	Adapter 251Hz	7	0.251	70.00	0.052
48.555	0.05	Adapter 251Hz	7	0.251	70.00	0.052
48.635	0.05	Adapter 251Hz	7	0.251	70.00	0.052
48.715	0.05	Adapter 251Hz	7	0.251	70.00	0.052
48.975	0.05	Adapter 251Hz	7	0.251	70.00	0.052
49.055	0.05	Adapter 251Hz	7	0.251	70.00	0.052
49.135	0.05	Adapter 251Hz	7	0.251	70.00	0.052
49.215	0.05	Adapter 251Hz	7	0.251	70.00	0.052
49.475	0.05	Adapter 251Hz	7	0.251	70.00	0.052
49.555	0.05	Adapter 251Hz	7	0.251	70.00	0.052
49.635	0.05	Adapter 251Hz	7	0.251	70.00	0.052
49.715	0.05	Adapter 251Hz	7	0.251	70.00	0.052
49.975	0.05	Adapter 251Hz	7	0.251	70.00	0.052
50.055	0.05	Adapter 251Hz	7	0.251	70.00	0.052
50.135	0.05	Adapter 251Hz	7	0.251	70.00	0.052
50.215	0.05	Adapter 251Hz	7	0.251	70.00	0.052
50.475	0.05	Adapter 251Hz	7	0.251	70.00	0.052
50.555	0.05	Adapter 251Hz	7	0.251	70.00	0.052
50.635	0.05	Adapter 251Hz	7	0.251	70.00	0.052
50.715	0.05	Adapter 251Hz	7	0.251	70.00	0.052
50.975	0.05	Adapter 251Hz	7	0.251	70.00	0.052
51.055	0.05	Adapter 251Hz	7	0.251	70.00	0.052
51.135	0.05	Adapter 251Hz	7	0.251	70.00	0.052
51.215	0.05	Adapter 251Hz	7	0.251	70.00	0.052
51.475	0.05	Adapter 251Hz	7	0.251	70.00	0.052
51.555	0.05	Adapter 251Hz	7	0.251	70.00	0.052
51.635	0.05	Adapter 251Hz	7	0.251	70.00	0.052
51.715	0.05	Adapter 251Hz	7	0.251	70.00	0.052
51.975	0.05	Adapter 251Hz	7	0.251	70.00	0.052
52.055	0.05	Adapter 251Hz	7	0.251	70.00	0.052
52.135	0.05	Adapter 251Hz	7	0.251	70.00	0.052
52.215	0.05	Adapter 251Hz	7	0.251	70.00	0.052
54.978	0.05	Adapter 899Hz	8	0.899	70.00	0.121
55.058	0.05	Adapter 899Hz	8	0.899	70.00	0.121
55.138	0.05	Adapter 899Hz	8	0.899	70.00	0.121
55.218	0.05	Adapter 899Hz	8	0.899	70.00	0.121
55.478	0.05	Adapter 899Hz	8	0.899	70.00	0.121
55.558	0.05	Adapter 899Hz	8	0.899	70.00	0.121
55.638	0.05	Adapter 899Hz	8	0.899	70.00	0.121
55.718	0.05	Adapter 899Hz	8	0.899	70.00	0.121
55.978	0.05	Adapter 899Hz	8	0.899	70.00	0.121
56.058	0.05	Adapter 899Hz	8	0.899	70.00	0.121
56.138	0.05	Adapter 899Hz	8	0.899	70.00	0.121
56.218	0.05	Adapter 899Hz	8	0.899	70.00	0.121
56.478	0.05	Adapter 899Hz	8	0.899	70.00	0.121
56.558	0.05	Adapter 899Hz	8	0.899	70.00	0.121
56.638	0.05	Adapter 899Hz	8	0.899	70.00	0.121
56.718	0.05	Adapter 899Hz	8	0.899	70.00	0.121
56.978	0.05	Adapter 899Hz	8	0.899	70.00	0.121
57.058	0.05	Adapter 899Hz	8	0.899	70.00	0.121
57.138	0.05	Adapter 899Hz	8	0.899	70.00	0.121
57.218	0.05	Adapter 899Hz	8	0.899	70.00	0.121
57.478	0.05	Adapter 899Hz	8	0.899	70.00	0.121
57.558	0.05	Adapter 899Hz	8	0.899	70.00	0.121
57.638	0.05	Adapter 899Hz	8	0.899	70.00	0.121
57.718	0.05	Adapter 899Hz	8	0.899	70.00	0.121
57.978	0.05	Adapter 899Hz	8	0.899	70.00	0.121
58.058	0.05	Adapter 899Hz	8	0.899	70.00	0.121
58.138	0.05	Adapter 899Hz	8	0.899	70.00	0.121
58.218	0.05	Adapter 899Hz	8	0.899	70.00	0.121
58.478	0.05	Adapter 899Hz	8	0.899	70.00	0.121
58.558	0.05	Adapter 899Hz	8	0.899	70.00	0.121
58.638	0.05	Adapter 899Hz	8	0.899	70.00	0.121
58.718	0.05	Adapter 899Hz	8	0.899	70.00	0.121
58.978	0.05	Adapter 899Hz	8	0.899	70.00	0.121
59.058	0.05	Adapter 899Hz	8	0.899	70.00	0.121
59.138	0.05	Adapter 899Hz	8	0.899	70.00	0.121
59.218	0.05	Adapter 899Hz	8	0.899	70.00	0.121
59.478	0.05	Adapter 899Hz	8	0.899	70.00	0.121
59.558	0.05	Adapter 899Hz	8	0.899	70.00	0.121
59.638	0.05	Adapter 899Hz	8	0.899	70.00	0.121
59.718	0.05	Adapter 899Hz	8	0.899	70.00	0.121
62.451	0.05	Adapter 2423Hz	9	2.423	70.00	0.285
62.531	0.05	Adapter 2423Hz	9	2.423	70.00	0.285
62.611	0.05	Adapter 2423Hz	9	2.423	70.00	0.285
62.691	0.05	Adapter 2423Hz	9	2.423	70.00	0.285
62.951	0.05	Adapter 2423Hz	9	2.423	70.00	0.285
63.031	0.05	Adapter 2423Hz	9	2.423	70.00	0.285
63.111	0.05	Adapter 2423Hz	9	2.423	70.00	0.285
63.191	0.05	Adapter 2423Hz	9	2.423	70.00	0.285
63.451	0.05	Adapter 2423Hz	9	2.423	70.00	0.285
63.531	0.05	Adapter 2423Hz	9	2.423	70.00	0.285
63.611	0.05	Adapter 2423Hz	9	2.423	70.00	0.285
63.691	0.05	Adapter 2423Hz	9	2.423	70.00	0.285
63.951	0.05	Adapter 2423Hz	9	2.423	70.00	0.285
64.031	0.05	Adapter 2423Hz	9	2.423	70.00	0.285
64.111	0.05	Adapter 2423Hz	9	2.423	70.00	0.285
64.191	0.05	Adapter 2423Hz	9	2.423	70.00	0.285
64.451	0.05	Adapter 2423Hz	9	2.423	70.00	0.285
64.531	0.05	Adapter 2423Hz	9	2.423	70.00	0.285
64.611	0.05	Adapter 2423Hz	9	2.423	70.00	0.285
64.691	0.05	Adapter 2423Hz	9	2.423	70.00	0.285
64.951	0.05	Adapter 2423Hz	9	2.423	70.00	0.285
65.031	0.05	Adapter 2423Hz	9	2.423	70.00	0.285
65.111	0.05	Adapter 2423Hz	9	2.423	70.00	0.285
65.191	0.05	Adapter 2423Hz	9	2.423	70.00	0.285
65.451	0.05	Adapter 2423Hz	9	2.423	70.00	0.285
65.531	0.05	Adapter 2423Hz	9	2.423	70.00	0.285
65.611	0.05	Adapter 2423Hz	9	2.423	70.00	0.285
65.691	0.05	Adapter 2423Hz	9	2.423	70.00	0.285
65.951	0.05	Adapter 2423Hz	9	2.423	70.00	0.285
66.031	0.05	Adapter 2423Hz	9	2.423	70.00	0.285
66.111	0.05	Adapter 2423Hz	9	2.423	70.00	0.285
66.191	0.05	Adapter 2423Hz	9	2.423	70.00	0.285
66.451	0.05	Adapter 2423Hz	9	2.423	70.00	0.285
66.531	0.05	Adapter 2423Hz	9	2.423	70.00	0.285
66.611	0.05	Adapter 2423Hz	9	2.423	70.00	0.285
66.691	0.05	Adapter 2423Hz	9	2.423	70.00	0.285
66.951	0.05	Adapter 2423Hz	9	2.423	70.00	0.285
67.031	0.05	Adapter 2423Hz	9	2.423	70.00	0.285
67.111	0.05	Adapter 2423Hz	9	2.423	70.00	0.285
67.191	0.05	Adapter 2423Hz	9	2.423	70.00	0.285
69.97	0.05	Adapter 507Hz Probe 3839Hz	10	0.507	70.00	0.079
70.05	0.05	Adapter 507Hz Probe 3839Hz	10	0.507	70.00	0.079
70.13	0.05	Adapter 507Hz Probe 3839Hz	10	0.507	70.00	0.079
70.21	0.05	Adapter 507Hz Probe 3839Hz	10	0.507	70.00	0.079
70.29	0.05	Adapter 507Hz Probe 3839Hz	10	3.839	70.00	0.437
70.47	0.05	Adapter 507Hz Probe 3839Hz	10	0.507	70.00	0.079
70.55	0.05	Adapter 507Hz Probe 3839Hz	10	0.507	70.00	0.079
70.63	0.05	Adapter 507Hz Probe 3839Hz	10	0.507	70.00	0.079
70.71	0.05	Adapter 507Hz Probe 3839Hz	10	0.507	70.00	0.079
70.79	0.05	Adapter 507Hz Probe 3839Hz	10	3.839	70.00	0.437
70.97	0.05	Adapter 507Hz Probe 3839Hz	10	0.507	70.00	0.079
71.05	0.05	Adapter 507Hz Probe 3839Hz	10	0.507	70.00	0.079
71.13	0.05	Adapter 507Hz Probe 3839Hz	10	0.507	70.00	0.079
71.21	0.05	Adapter 507Hz Probe 3839Hz	10	0.507	70.00	0.079
71.29	0.05	Adapter 507Hz Probe 3839Hz	10	3.839	70.00	0.437
71.47	0.05	Adapter 507Hz Probe 3839Hz	10	0.507	70.00	0.079
71.55	0.05	Adapter 507Hz Probe 3839Hz	10	0.507	70.00	0.079
71.63	0.05	Adapter 507Hz Probe 3839Hz	10	0.507	70.00	0.079
71.71	0.05	Adapter 507Hz Probe 3839Hz	10	0.507	70.00	0.079
71.79	0.05	Adapter 507Hz Probe 3839Hz	10	3.839	70.00	0.437
71.97	0.05	Adapter 507Hz Probe 3839Hz	10	0.507	70.00	0.079
72.05	0.05	Adapter 507Hz Probe 3839Hz	10	0.507	70.00	0.079
72.13	0.05	Adapter 507Hz Probe 3839Hz	10	0.507	70.00	0.079
72.21	0.05	Adapter 507Hz Probe 3839Hz	10	0.507	70.00	0.079
72.29	0.05	Adapter 507Hz Probe 3839Hz	10	3.839	70.00	0.437
72.47	0.05	Adapter 507Hz Probe 3839Hz	10	0.507	70.00	0.079
72.55	0.05	Adapter 507Hz Probe 3839Hz	10	0.507	70.00	0.079
72.63	0.05	Adapter 507Hz Probe 3839Hz	10	0.507	70.00	0.079
72.71	0.05	Adapter 507Hz Probe 3839Hz	10	0.507	70.00	0.079
72.79	0.05	Adapter 507Hz Probe 3839Hz	10	3.839	70.00	0.437
72.97	0.05	Adapter 507Hz Probe 3839Hz	10	0.507	70.00	0.079
73.05	0.05	Adapter 507Hz Probe 3839Hz	10	0.507	70.00	0.079
73.13	0.05	Adapter 507Hz Probe 3839Hz	10	0.507	70.00	0.079
73.21	0.05	Adapter 507Hz Probe 3839Hz	10	0.507	70.00	0.079
73.29	0.05	Adapter 507Hz Probe 3839Hz	10	3.839	70.00	0.437
73.47	0.05	Adapter 507Hz Probe 3839Hz	10	0.507	70.00	0.079
73.55	0.05	Adapter 507Hz Probe 3839Hz	10	0.507	70.00	0.079
73.63	0.05	Adapter 507Hz Probe 3839Hz	10	0.507	70.00	0.079
73.71	0.05	Adapter 507Hz Probe 3839Hz	10	0.507	70.00	0.079
73.79	0.05	Adapter 507Hz Probe 3839Hz	10	3.839	70.00	0.437
73.97	0.05	Adapter 507Hz Probe 3839Hz	10	0.507	70.00	0.079
74.05	0.05	Adapter 507Hz Probe 3839Hz	10	0.507	70.00	0.079
74.13	0.05	Adapter 507Hz Probe 3839Hz	10	0.507	70.00	0.079
74.21	0.05	Adapter 507Hz Probe 3839Hz	10	0.507	70.00	0.079
74.29	0.05	Adapter 507Hz Probe 3839Hz	10	3.839	70.00	0.437
74.47	0.05	Adapter 507Hz Probe 3839Hz	10	0.507	70.00	0.079
74.55	0.05	Adapter 507Hz Probe 3839Hz	10	0.507	70.00	0.079
74.63	0.05	Adapter 507Hz Probe 3839Hz	10	0.507	70.00	0.079
74.71	0.05	Adapter 507Hz Probe 3839Hz	10	0.507	70.00	0.079
74.79	0.05	Adapter 507Hz Probe 3839Hz	10	3.839	70.00	0.437
77.458	0.05	Adapter 3839Hz	11	3.839	70.00	0.437
77.538	0.05	Adapter 3839Hz	11	3.839	70.00	0.437
77.618	0.05	Adapter 3839Hz	11	3.839	70.00	0.437
77.698	0.05	Adapter 3839Hz	11	3.839	70.00	0.437
77.958	0.05	Adapter 3839Hz	11	3.839	70.00	0.437
78.038	0.05	Adapter 3839Hz	11	3.839	70.00	0.437
78.118	0.05	Adapter 3839Hz	11	3.839	70.00	0.437
78.198	0.05	Adapter 3839Hz	11	3.839	70.00	0.437
78.458	0.05	Adapter 3839Hz	11	3.839	70.00	0.437
78.538	0.05	Adapter 3839Hz	11	3.839	70.00	0.437
78.618	0.05	Adapter 3839Hz	11	3.839	70.00	0.437
78.698	0.05	Adapter 3839Hz	11	3.839	70.00	0.437
78.958	0.05	Adapter 3839Hz	11	3.839	70.00	0.437
79.038	0.05	Adapter 3839Hz	11	3.839	70.00	0.437
79.118	0.05	Adapter 3839Hz	11	3.839	70.00	0.437
79.198	0.05	Adapter 3839Hz	11	3.839	70.00	0.437
79.458	0.05	Adapter 3839Hz	11	3.839	70.00	0.437
79.538	0.05	Adapter 3839Hz	11	3.839	70.00	0.437
79.618	0.05	Adapter 3839Hz	11	3.839	70.00	0.437
79.698	0.05	Adapter 3839Hz	11	3.839	70.00	0.437
79.958	0.05	Adapter 3839Hz	11	3.839	70.00	0.437
80.038	0.05	Adapter 3839Hz	11	3.839	70.00	0.437
80.118	0.05	Adapter 3839Hz	11	3.839	70.00	0.437
80.198	0.05	Adapter 3839Hz	11	3.839	70.00	0.437
80.458	0.05	Adapter 3839Hz	11	3.839	70.00	0.437
80.538	0.05	Adapter 3839Hz	11	3.839	70.00	0.437
80.618	0.05	Adapter 3839Hz	11	3.839	70.00	0.437
80.698	0.05	Adapter 3839Hz	11	3.839	70.00	0.437
80.958	0.05	Adapter 3839Hz	11	3.839	70.00	0.437
81.038	0.05	Adapter 3839Hz	11	3.839	70.00	0.437
81.118	0.05	Adapter 3839Hz	11	3.839	70.00	0.437
81.198	0.05	Adapter 3839Hz	11	3.839	70.00	0.437
81.458	0.05	Adapter 3839Hz	11	3.839	70.00	0.437
81.538	0.05	Adapter 3839Hz	11	3.839	70.00	0.437
81.618	0.05	Adapter 3839Hz	11	3.839	70.00	0.437
81.698	0.05	Adapter 3839Hz	11	3.839	70.00	0.437
81.958	0.05	Adapter 3839Hz	11	3.839	70.00	0.437
82.038	0.05	Adapter 3839Hz	11	3.839	70.00	0.437
82.118	0.05	Adapter 3839Hz	11	3.839	70.00	0.437
82.198	0.05	Adapter 3839Hz	11	3.839	70.00	0.437
84.962	0.05	Adapter 1501Hz	12	1.501	70.00	0.186
85.042	0.05	Adapter 1501Hz	12	1.501	70.00	0.186
85.122	0.05	Adapter 1501Hz	12	1.501	70.00	0.186
85.202	0.05	Adapter 1501Hz	12	1.501	70.00	0.186
85.462	0.05	Adapter 1501Hz	12	1.501	70.00	0.186
85.542	0.05	Adapter 1501Hz	12	1.501	70.00	0.186
85.622	0.05	Adapter 1501Hz	12	1.501	70.00	0.186
85.702	0.05	Adapter 1501Hz	12	1.501	70.00	0.186
85.962	0.05	Adapter 1501Hz	12	1.501	70.00	0.186
86.042	0.05	Adapter 1501Hz	12	1.501	70.00	0.186
86.122	0.05	Adapter 1501Hz	12	1.501	70.00	0.186
86.202	0.05	Adapter 1501Hz	12	1.501	70.00	0.186
86.462	0.05	Adapter 1501Hz	12	1.501	70.00	0.186
86.542	0.05	Adapter 1501Hz	12	1.501	70.00	0.186
86.622	0.05	Adapter 1501Hz	12	1.501	70.00	0.186
86.702	0.05	Adapter 1501Hz	12	1.501	70.00	0.186
86.962	0.05	Adapter 1501Hz	12	1.501	70.00	0.186
87.042	0.05	Adapter 1501Hz	12	1.501	70.00	0.186
87.122	0.05	Adapter 1501Hz	12	1.501	70.00	0.186
87.202	0.05	Adapter 1501Hz	12	1.501	70.00	0.186
87.462	0.05	Adapter 1501Hz	12	1.501	70.00	0.186
87.542	0.05	Adapter 1501Hz	12	1.501	70.00	0.186
87.622	0.05	Adapter 1501Hz	12	1.501	70.00	0.186
87.702	0.05	Adapter 1501Hz	12	1.501	70.00	0.186
87.962	0.05	Adapter 1501Hz	12	1.501	70.00	0.186
88.042	0.05	Adapter 1501Hz	12	1.501	70.00	0.186
88.122	0.05	Adapter 1501Hz	12	1.501	70.00	0.186
88.202	0.05	Adapter 1501Hz	12	1.501	70.00	0.186
88.462	0.05	Adapter 1501Hz	12	1.501	70.00	0.186
88.542	0.05	Adapter 1501Hz	12	1.501	70.00	0.186
88.622	0.05	Adapter 1501Hz	12	1.501	70.00	0.186
88.702	0.05	Adapter 1501Hz	12	1.501	70.00	0.186
88.962	0.05	Adapter 1501Hz	12	1.501	70.00	0.186
89.042	0.05	Adapter 1501Hz	12	1.501	70.00	0.186
89.122	0.05	Adapter 1501Hz	12	1.501	70.00	0.186
89.202	0.05	Adapter 1501Hz	12	1.501	70.00	0.186
89.462	0.05	Adapter 1501Hz	12	1.501	70.00	0.186
89.542	0.05	Adapter 1501Hz	12	1.501	70.00	0.186
89.622	0.05	Adapter 1501Hz	12	1.501	70.00	0.186
89.702	0.05	Adapter 1501Hz	12	1.501	70.00	0.186
100.0	0.05	Adapter 507Hz	14	0.507	70.00	0.079
100.08	0.05	Adapter 507Hz	14	0.507	70.00	0.079
100.16	0.05	Adapter 507Hz	14	0.507	70.00	0.079
100.24	0.05	Adapter 507Hz	14	0.507	70.00	0.079
100.5	0.05	Adapter 507Hz	14	0.507	70.00	0.079
100.58	0.05	Adapter 507Hz	14	0.507	70.00	0.079
100.66	0.05	Adapter 507Hz	14	0.507	70.00	0.079
100.74	0.05	Adapter 507Hz	14	0.507	70.00	0.079
101.0	0.05	Adapter 507Hz	14	0.507	70.00	0.079
101.08	0.05	Adapter 507Hz	14	0.507	70.00	0.079
101.16	0.05	Adapter 507Hz	14	0.507	70.00	0.079
101.24	0.05	Adapter 507Hz	14	0.507	70.00	0.079
101.5	0.05	Adapter 507Hz	14	0.507	70.00	0.079
101.58	0.05	Adapter 507Hz	14	0.507	70.00	0.079
101.66	0.05	Adapter 507Hz	14	0.507	70.00	0.079
101.74	0.05	Adapter 507Hz	14	0.507	70.00	0.079
102.0	0.05	Adapter 507Hz	14	0.507	70.00	0.079
102.08	0.05	Adapter 507Hz	14	0.507	70.00	0.079
102.16	0.05	Adapter 507Hz	14	0.507	70.00	0.079
102.24	0.05	Adapter 507Hz	14	0.507	70.00	0.079
102.5	0.05	Adapter 507Hz	14	0.507	70.00	0.079
102.58	0.05	Adapter 507Hz	14	0.507	70.00	0.079
102.66	0.05	Adapter 507Hz	14	0.507	70.00	0.079
102.74	0.05	Adapter 507Hz	14	0.507	70.00	0.079
103.0	0.05	Adapter 507Hz	14	0.507	70.00	0.079
103.08	0.05	Adapter 507Hz	14	0.507	70.00	0.079
103.16	0.05	Adapter 507Hz	14	0.507	70.00	0.079
103.24	0.05	Adapter 507Hz	14	0.507	70.00	0.079
103.5	0.05	Adapter 507Hz	14	0.507	70.00	0.079
103.58	0.05	Adapter 507Hz	14	0.507	70.00	0.079
103.66	0.05	Adapter 507Hz	14	0.507	70.00	0.079
103.74	0.05	Adapter 507Hz	14	0.507	70.00	0.079
104.0	0.05	Adapter 507Hz	14	0.507	70.00	0.079
104.08	0.05	Adapter 507Hz	14	0.507	70.00	0.079
104.16	0.05	Adapter 507Hz	14	0.507	70.00	0.079
104.24	0.05	Adapter 507Hz	14	0.507	70.00	0.079
104.5	0.05	Adapter 507Hz	14	0.507	70.00	0.079
104.58	0.05	Adapter 507Hz	14	0.507	70.00	0.079
104.66	0.05	Adapter 507Hz	14	0.507	70.00	0.079
104.74	0.05	Adapter 507Hz	14	0.507	70.00	0.079
107.457	0.05	Adapter 3839Hz Probe 3839Hz	15	3.839	70.00	0.437
107.537	0.05	Adapter 3839Hz Probe 3839Hz	15	3.839	70.00	0.437
107.617	0.05	Adapter 3839Hz Probe 3839Hz	15	3.839	70.00	0.437
107.697	0.05	Adapter 3839Hz Probe 3839Hz	15	3.839	70.00	0.437
107.777	0.05	Adapter 3839Hz Probe 3839Hz	15	3.839	70.00	0.437
107.957	0.05	Adapter 3839Hz Probe 3839Hz	15	3.839	70.00	0.437
108.037	0.05	Adapter 3839Hz Probe 3839Hz	15	3.839	70.00	0.437
108.117	0.05	Adapter 3839Hz Probe 3839Hz	15	3.839	70.00	0.437
108.197	0.05	Adapter 3839Hz Probe 3839Hz	15	3.839	70.00	0.437
108.277	0.05	Adapter 3839Hz Probe 3839Hz	15	3.839	70.00	0.437
108.457	0.05	Adapter 3839Hz Probe 3839Hz	15	3.839	70.00	0.437
108.537	0.05	Adapter 3839Hz Probe 3839Hz	15	3.839	70.00	0.437
108.617	0.05	Adapter 3839Hz Probe 3839Hz	15	3.839	70.00	0.437
108.697	0.05	Adapter 3839Hz Probe 3839Hz	15	3.839	70.00	0.437
108.777	0.05	Adapter 3839Hz Probe 3839Hz	15	3.839	70.00	0.437
108.957	0.05	Adapter 3839Hz Probe 3839Hz	15	3.839	70.00	0.437
109.037	0.05	Adapter 3839Hz Probe 3839Hz	15	3.839	70.00	0.437
109.117	0.05	Adapter 3839Hz Probe 3839Hz	15	3.839	70.00	0.437
109.197	0.05	Adapter 3839Hz Probe 3839Hz	15	3.839	70.00	0.437
109.277	0.05	Adapter 3839Hz Probe 3839Hz	15	3.839	70.00	0.437
109.457	0.05	Adapter 3839Hz Probe 3839Hz	15	3.839	70.00	0.437
109.537	0.05	Adapter 3839Hz Probe 3839Hz	15	3.839	70.00	0.437
109.617	0.05	Adapter 3839Hz Probe 3839Hz	15	3.839	70.00	0.437
109.697	0.05	Adapter 3839Hz Probe 3839Hz	15	3.839	70.00	0.437
109.777	0.05	Adapter 3839Hz Probe 3839Hz	15	3.839	70.00	0.437
109.957	0.05	Adapter 3839Hz Probe 3839Hz	15	3.839	70.00	0.437
110.037	0.05	Adapter 3839Hz Probe 3839Hz	15	3.839	70.00	0.437
110.117	0.05	Adapter 3839Hz Probe 3839Hz	15	3.839	70.00	0.437
110.197	0.05	Adapter 3839Hz Probe 3839Hz	15	3.839	70.00	0.437
110.277	0.05	Adapter 3839Hz Probe 3839Hz	15	3.839	70.00	0.437
110.457	0.05	Adapter 3839Hz Probe 3839Hz	15	3.839	70.00	0.437
110.537	0.05	Adapter 3839Hz Probe 3839Hz	15	3.839	70.00	0.437
110.617	0.05	Adapter 3839Hz Probe 3839Hz	15	3.839	70.00	0.437
110.697	0.05	Adapter 3839Hz Probe 3839Hz	15	3.839	70.00	0.437
110.777	0.05	Adapter 3839Hz Probe 3839Hz	15	3.839	70.00	0.437
110.957	0.05	Adapter 3839Hz Probe 3839Hz	15	3.839	70.00	0.437
111.037	0.05	Adapter 3839Hz Probe 3839Hz	15	3.839	70.00	0.437
111.117	0.05	Adapter 3839Hz Probe 3839Hz	15	3.839	70.00	0.437
111.197	0.05	Adapter 3839Hz Probe 3839Hz	15	3.839	70.00	0.437
111.277	0.05	Adapter 3839Hz Probe 3839Hz	15	3.839	70.00	0.437
111.457	0.05	Adapter 3839Hz Probe 3839Hz	15	3.839	70.00	0.437
111.537	0.05	Adapter 3839Hz Probe 3839Hz	15	3.839	70.00	0.437
111.617	0.05	Adapter 3839Hz Probe 3839Hz	15	3.839	70.00	0.437
111.697	0.05	Adapter 3839Hz Probe 3839Hz	15	3.839	70.00	0.437
111.777	0.05	Adapter 3839Hz Probe 3839Hz	15	3.839	70.00	0.437
111.957	0.05	Adapter 3839Hz Probe 3839Hz	15	3.839	70.00	0.437
112.037	0.05	Adapter 3839Hz Probe 3839Hz	15	3.839	70.00	0.437
112.117	0.05	Adapter 3839Hz Probe 3839Hz	15	3.839	70.00	0.437
112.197	0.05	Adapter 3839Hz Probe 3839Hz	15	3.839	70.00	0.437
112.277	0.05	Adapter 3839Hz Probe 3839Hz	15	3.839	70.00	0.437
114.961	0.05	Adapter 899Hz Probe 3839Hz	16	0.899	70.00	0.121
115.041	0.05	Adapter 899Hz Probe 3839Hz	16	0.899	70.00	0.121
115.121	0.05	Adapter 899Hz Probe 3839Hz	16	0.899	70.00	0.121
115.201	0.05	Adapter 899Hz Probe 3839Hz	16	0.899	70.00	0.121
115.281	0.05	Adapter 899Hz Probe 3839Hz	16	3.839	70.00	0.437
115.461	0.05	Adapter 899Hz Probe 3839Hz	16	0.899	70.00	0.121
115.541	0.05	Adapter 899Hz Probe 3839Hz	16	0.899	70.00	0.121
115.621	0.05	Adapter 899Hz Probe 3839Hz	16	0.899	70.00	0.121
115.701	0.05	Adapter 899Hz Probe 3839Hz	16	0.899	70.00	0.121
115.781	0.05	Adapter 899Hz Probe 3839Hz	16	3.839	70.00	0.437
115.961	0.05	Adapter 899Hz Probe 3839Hz	16	0.899	70.00	0.121
116.041	0.05	Adapter 899Hz Probe 3839Hz	16	0.899	70.00	0.121
116.121	0.05	Adapter 899Hz Probe 3839Hz	16	0.899	70.00	0.121
116.201	0.05	Adapter 899Hz Probe 3839Hz	16	0.899	70.00	0.121
116.281	0.05	Adapter 899Hz Probe 3839Hz	16	3.839	70.00	0.437
116.461	0.05	Adapter 899Hz Probe 3839Hz	16	0.899	70.00	0.121
116.541	0.05	Adapter 899Hz Probe 3839Hz	16	0.899	70.00	0.121
116.621	0.05	Adapter 899Hz Probe 3839Hz	16	0.899	70.00	0.121
116.701	0.05	Adapter 899Hz Probe 3839Hz	16	0.899	70.00	0.121
116.781	0.05	Adapter 899Hz Probe 3839Hz	16	3.839	70.00	0.437
116.961	0.05	Adapter 899Hz Probe 3839Hz	16	0.899	70.00	0.121
117.041	0.05	Adapter 899Hz Probe 3839Hz	16	0.899	70.00	0.121
117.121	0.05	Adapter 899Hz Probe 3839Hz	16	0.899	70.00	0.121
117.201	0.05	Adapter 899Hz Probe 3839Hz	16	0.899	70.00	0.121
117.281	0.05	Adapter 899Hz Probe 3839Hz	16	3.839	70.00	0.437
117.461	0.05	Adapter 899Hz Probe 3839Hz	16	0.899	70.00	0.121
117.541	0.05	Adapter 899Hz Probe 3839Hz	16	0.899	70.00	0.121
117.621	0.05	Adapter 899Hz Probe 3839Hz	16	0.899	70.00	0.121
117.701	0.05	Adapter 899Hz Probe 3839Hz	16	0.899	70.00	0.121
117.781	0.05	Adapter 899Hz Probe 3839Hz	16	3.839	70.00	0.437
117.961	0.05	Adapter 899Hz Probe 3839Hz	16	0.899	70.00	0.121
118.041	0.05	Adapter 899Hz Probe 3839Hz	16	0.899	70.00	0.121
118.121	0.05	Adapter 899Hz Probe 3839Hz	16	0.899	70.00	0.121
118.201	0.05	Adapter 899Hz Probe 3839Hz	16	0.899	70.00	0.121
118.281	0.05	Adapter 899Hz Probe 3839Hz	16	3.839	70.00	0.437
118.461	0.05	Adapter 899Hz Probe 3839Hz	16	0.899	70.00	0.121
118.541	0.05	Adapter 899Hz Probe 3839Hz	16	0.899	70.00	0.121
118.621	0.05	Adapter 899Hz Probe 3839Hz	16	0.899	70.00	0.121
118.701	0.05	Adapter 899Hz Probe 3839Hz	16	0.899	70.00	0.121
118.781	0.05	Adapter 899Hz Probe 3839Hz	16	3.839	70.00	0.437
118.961	0.05	Adapter 899Hz Probe 3839Hz	16	0.899	70.00	0.121
119.041	0.05	Adapter 899Hz Probe 3839Hz	16	0.899	70.00	0.121
119.121	0.05	Adapter 899Hz Probe 3839Hz	16	0.899	70.00	0.121
119.201	0.05	Adapter 899Hz Probe 3839Hz	16	0.899	70.00	0.121
119.281	0.05	Adapter 899Hz Probe 3839Hz	16	3.839	70.00	0.437
119.461	0.05	Adapter 899Hz Probe 3839Hz	16	0.899	70.00	0.121
119.541	0.05	Adapter 899Hz Probe 3839Hz	16	0.899	70.00	0.121
119.621	0.05	Adapter 899Hz Probe 3839Hz	16	0.899	70.00	0.121
119.701	0.05	Adapter 899Hz Probe 3839Hz	16	0.899	70.00	0.121
119.781	0.05	Adapter 899Hz Probe 3839Hz	16	3.839	70.00	0.437
122.48	0.05	Adapter 3839Hz Probe 3839Hz	17	3.839	70.00	0.437
122.56	0.05	Adapter 3839Hz Probe 3839Hz	17	3.839	70.00	0.437
122.64	0.05	Adapter 3839Hz Probe 3839Hz	17	3.839	70.00	0.437
122.72	0.05	Adapter 3839Hz Probe 3839Hz	17	3.839	70.00	0.437
122.8	0.05	Adapter 3839Hz Probe 3839Hz	17	3.839	70.00	0.437
122.98	0.05	Adapter 3839Hz Probe 3839Hz	17	3.839	70.00	0.437
123.06	0.05	Adapter 3839Hz Probe 3839Hz	17	3.839	70.00	0.437
123.14	0.05	Adapter 3839Hz Probe 3839Hz	17	3.839	70.00	0.437
123.22	0.05	Adapter 3839Hz Probe 3839Hz	17	3.839	70.00	0.437
123.3	0.05	Adapter 3839Hz Probe 3839Hz	17	3.839	70.00	0.437
123.48	0.05	Adapter 3839Hz Probe 3839Hz	17	3.839	70.00	0.437
123.56	0.05	Adapter 3839Hz Probe 3839Hz	17	3.839	70.00	0.437
123.64	0.05	Adapter 3839Hz Probe 3839Hz	17	3.839	70.00	0.437
123.72	0.05	Adapter 3839Hz Probe 3839Hz	17	3.839	70.00	0.437
123.8	0.05	Adapter 3839Hz Probe 3839Hz	17	3.839	70.00	0.437
123.98	0.05	Adapter 3839Hz Probe 3839Hz	17	3.839	70.00	0.437
124.06	0.05	Adapter 3839Hz Probe 3839Hz	17	3.839	70.00	0.437
124.14	0.05	Adapter 3839Hz Probe 3839Hz	17	3.839	70.00	0.437
124.22	0.05	Adapter 3839Hz Probe 3839Hz	17	3.839	70.00	0.437
124.3	0.05	Adapter 3839Hz Probe 3839Hz	17	3.839	70.00	0.437
124.48	0.05	Adapter 3839Hz Probe 3839Hz	17	3.839	70.00	0.437
124.56	0.05	Adapter 3839Hz Probe 3839Hz	17	3.839	70.00	0.437
124.64	0.05	Adapter 3839Hz Probe 3839Hz	17	3.839	70.00	0.437
124.72	0.05	Adapter 3839Hz Probe 3839Hz	17	3.839	70.00	0.437
124.8	0.05	Adapter 3839Hz Probe 3839Hz	17	3.839	70.00	0.437
124.98	0.05	Adapter 3839Hz Probe 3839Hz	17	3.839	70.00	0.437
125.06	0.05	Adapter 3839Hz Probe 3839Hz	17	3.839	70.00	0.437
125.14	0.05	Adapter 3839Hz Probe 3839Hz	17	3.839	70.00	0.437
125.22	0.05	Adapter 3839Hz Probe 3839Hz	17	3.839	70.00	0.437
125.3	0.05	Adapter 3839Hz Probe 3839Hz	17	3.839	70.00	0.437
125.48	0.05	Adapter 3839Hz Probe 3839Hz	17	3.839	70.00	0.437
125.56	0.05	Adapter 3839Hz Probe 3839Hz	17	3.839	70.00	0.437
125.64	0.05	Adapter 3839Hz Probe 3839Hz	17	3.839	70.00	0.437
125.72	0.05	Adapter 3839Hz Probe 3839Hz	17	3.839	70.00	0.437
125.8	0.05	Adapter 3839Hz Probe 3839Hz	17	3.839	70.00	0.437
125.98	0.05	Adapter 3839Hz Probe 3839Hz	17	3.839	70.00	0.437
126.06	0.05	Adapter 3839Hz Probe 3839Hz	17	3.839	70.00	0.437
126.14	0.05	Adapter 3839Hz Probe 3839Hz	17	3.839	70.00	0.437
126.22	0.05	Adapter 3839Hz Probe 3839Hz	17	3.839	70.00	0.437
126.3	0.05	Adapter 3839Hz Probe 3839Hz	17	3.839	70.00	0.437
126.48	0.05	Adapter 3839Hz Probe 3839Hz	17	3.839	70.00	0.437
126.56	0.05	Adapter 3839Hz Probe 3839Hz	17	3.839	70.00	0.437
126.64	0.05	Adapter 3839Hz Probe 3839Hz	17	3.839	70.00	0.437
126.72	0.05	Adapter 3839Hz Probe 3839Hz	17	3.839	70.00	0.437
126.8	0.05	Adapter 3839Hz Probe 3839Hz	17	3.839	70.00	0.437
126.98	0.05	Adapter 3839Hz Probe 3839Hz	17	3.839	70.00	0.437
127.06	0.05	Adapter 3839Hz Probe 3839Hz	17	3.839	70.00	0.437
127.14	0.05	Adapter 3839Hz Probe 3839Hz	17	3.839	70.00	0.437
127.22	0.05	Adapter 3839Hz Probe 3839Hz	17	3.839	70.00	0.437
127.3	0.05	Adapter 3839Hz Probe 3839Hz	17	3.839	70.00	0.437
129.952	0.05	Adapter 2423Hz	18	2.423	70.00	0.285
130.032	0.05	Adapter 2423Hz	18	2.423	70.00	0.285
130.112	0.05	Adapter 2423Hz	18	2.423	70.00	0.285
130.192	0.05	Adapter 2423Hz	18	2.423	70.00	0.285
130.452	0.05	Adapter 2423Hz	18	2.423	70.00	0.285
130.532	0.05	Adapter 2423Hz	18	2.423	70.00	0.285
130.612	0.05	Adapter 2423Hz	18	2.423	70.00	0.285
130.692	0.05	Adapter 2423Hz	18	2.423	70.00	0.285
130.952	0.05	Adapter 2423Hz	18	2.423	70.00	0.285
131.032	0.05	Adapter 2423Hz	18	2.423	70.00	0.285
131.112	0.05	Adapter 2423Hz	18	2.423	70.00	0.285
131.192	0.05	Adapter 2423Hz	18	2.423	70.00	0.285
131.452	0.05	Adapter 2423Hz	18	2.423	70.00	0.285
131.532	0.05	Adapter 2423Hz	18	2.423	70.00	0.285
131.612	0.05	Adapter 2423Hz	18	2.423	70.00	0.285
131.692	0.05	Adapter 2423Hz	18	2.423	70.00	0.285
131.952	0.05	Adapter 2423Hz	18	2.423	70.00	0.285
132.032	0.05	Adapter 2423Hz	18	2.423	70.00	0.285
132.112	0.05	Adapter 2423Hz	18	2.423	70.00	0.285
132.192	0.05	Adapter 2423Hz	18	2.423	70.00	0.285
132.452	0.05	Adapter 2423Hz	18	2.423	70.00	0.285
132.532	0.05	Adapter 2423Hz	18	2.423	70.00	0.285
132.612	0.05	Adapter 2423Hz	18	2.423	70.00	0.285
132.692	0.05	Adapter 2423Hz	18	2.423	70.00	0.285
132.952	0.05	Adapter 2423Hz	18	2.423	70.00	0.285
133.032	0.05	Adapter 2423Hz	18	2.423	70.00	0.285
133.112	0.05	Adapter 2423Hz	18	2.423	70.00	0.285
133.192	0.05	Adapter 2423Hz	18	2.423	70.00	0.285
133.452	0.05	Adapter 2423Hz	18	2.423	70.00	0.285
133.532	0.05	Adapter 2423Hz	18	2.423	70.00	0.285
133.612	0.05	Adapter 2423Hz	18	2.423	70.00	0.285
133.692	0.05	Adapter 2423Hz	18	2.423	70.00	0.285
133.952	0.05	Adapter 2423Hz	18	2.423	70.00	0.285
134.032	0.05	Adapter 2423Hz	18	2.423	70.00	0.285
134.112	0.05	Adapter 2423Hz	18	2.423	70.00	0.285
134.192	0.05	Adapter 2423Hz	18	2.423	70.00	0.285
134.452	0.05	Adapter 2423Hz	18	2.423	70.00	0.285
134.532	0.05	Adapter 2423Hz	18	2.423	70.00	0.285
134.612	0.05	Adapter 2423Hz	18	2.423	70.00	0.285
134.692	0.05	Adapter 2423Hz	18	2.423	70.00	0.285
144.991	0.05	Adapter 3839Hz	20	3.839	70.00	0.437
145.071	0.05	Adapter 3839Hz	20	3.839	70.00	0.437
145.151	0.05	Adapter 3839Hz	20	3.839	70.00	0.437
145.231	0.05	Adapter 3839Hz	20	3.839	70.00	0.437
145.491	0.05	Adapter 3839Hz	20	3.839	70.00	0.437
145.571	0.05	Adapter 3839Hz	20	3.839	70.00	0.437
145.651	0.05	Adapter 3839Hz	20	3.839	70.00	0.437
145.731	0.05	Adapter 3839Hz	20	3.839	70.00	0.437
145.991	0.05	Adapter 3839Hz	20	3.839	70.00	0.437
146.071	0.05	Adapter 3839Hz	20	3.839	70.00	0.437
146.151	0.05	Adapter 3839Hz	20	3.839	70.00	0.437
146.231	0.05	Adapter 3839Hz	20	3.839	70.00	0.437
146.491	0.05	Adapter 3839Hz	20	3.839	70.00	0.437
146.571	0.05	Adapter 3839Hz	20	3.839	70.00	0.437
146.651	0.05	Adapter 3839Hz	20	3.839	70.00	0.437
146.731	0.05	Adapter 3839Hz	20	3.839	70.00	0.437
146.991	0.05	Adapter 3839Hz	20	3.839	70.00	0.437
147.071	0.05	Adapter 3839Hz	20	3.839	70.00	0.437
147.151	0.05	Adapter 3839Hz	20	3.839	70.00	0.437
147.231	0.05	Adapter 3839Hz	20	3.839	70.00	0.437
147.491	0.05	Adapter 3839Hz	20	3.839	70.00	0.437
147.571	0.05	Adapter 3839Hz	20	3.839	70.00	0.437
147.651	0.05	Adapter 3839Hz	20	3.839	70.00	0.437
147.731	0.05	Adapter 3839Hz	20	3.839	70.00	0.437
147.991	0.05	Adapter 3839Hz	20	3.839	70.00	0.437
148.071	0.05	Adapter 3839Hz	20	3.839	70.00	0.437
148.151	0.05	Adapter 3839Hz	20	3.839	70.00	0.437
148.231	0.05	Adapter 3839Hz	20	3.839	70.00	0.437
148.491	0.05	Adapter 3839Hz	20	3.839	70.00	0.437
148.571	0.05	Adapter 3839Hz	20	3.839	70.00	0.437
148.651	0.05	Adapter 3839Hz	20	3.839	70.00	0.437
148.731	0.05	Adapter 3839Hz	20	3.839	70.00	0.437
148.991	0.05	Adapter 3839Hz	20	3.839	70.00	0.437
149.071	0.05	Adapter 3839Hz	20	3.839	70.00	0.437
149.151	0.05	Adapter 3839Hz	20	3.839	70.00	0.437
149.231	0.05	Adapter 3839Hz	20	3.839	70.00	0.437
149.491	0.05	Adapter 3839Hz	20	3.839	70.00	0.437
149.571	0.05	Adapter 3839Hz	20	3.839	70.00	0.437
149.651	0.05	Adapter 3839Hz	20	3.839	70.00	0.437
149.731	0.05	Adapter 3839Hz	20	3.839	70.00	0.437
152.494	0.05	Adapter 507Hz	21	0.507	70.00	0.079
152.574	0.05	Adapter 507Hz	21	0.507	70.00	0.079
152.654	0.05	Adapter 507Hz	21	0.507	70.00	0.079
152.734	0.05	Adapter 507Hz	21	0.507	70.00	0.079
152.994	0.05	Adapter 507Hz	21	0.507	70.00	0.079
153.074	0.05	Adapter 507Hz	21	0.507	70.00	0.079
153.154	0.05	Adapter 507Hz	21	0.507	70.00	0.079
153.234	0.05	Adapter 507Hz	21	0.507	70.00	0.079
153.494	0.05	Adapter 507Hz	21	0.507	70.00	0.079
153.574	0.05	Adapter 507Hz	21	0.507	70.00	0.079
153.654	0.05	Adapter 507Hz	21	0.507	70.00	0.079
153.734	0.05	Adapter 507Hz	21	0.507	70.00	0.079
153.994	0.05	Adapter 507Hz	21	0.507	70.00	0.079
154.074	0.05	Adapter 507Hz	21	0.507	70.00	0.079
154.154	0.05	Adapter 507Hz	21	0.507	70.00	0.079
154.234	0.05	Adapter 507Hz	21	0.507	70.00	0.079
154.494	0.05	Adapter 507Hz	21	0.507	70.00	0.079
154.574	0.05	Adapter 507Hz	21	0.507	70.00	0.079
154.654	0.05	Adapter 507Hz	21	0.507	70.00	0.079
154.734	0.05	Adapter 507Hz	21	0.507	70.00	0.079
154.994	0.05	Adapter 507Hz	21	0.507	70.00	0.079
155.074	0.05	Adapter 507Hz	21	0.507	70.00	0.079
155.154	0.05	Adapter 507Hz	21	0.507	70.00	0.079
155.234	0.05	Adapter 507Hz	21	0.507	70.00	0.079
155.494	0.05	Adapter 507Hz	21	0.507	70.00	0.079
155.574	0.05	Adapter 507Hz	21	0.507	70.00	0.079
155.654	0.05	Adapter 507Hz	21	0.507	70.00	0.079
155.734	0.05	Adapter 507Hz	21	0.507	70.00	0.079
155.994	0.05	Adapter 507Hz	21	0.507	70.00	0.079
156.074	0.05	Adapter 507Hz	21	0.507	70.00	0.079
156.154	0.05	Adapter 507Hz	21	0.507	70.00	0.079
156.234	0.05	Adapter 507Hz	21	0.507	70.00	0.079
156.494	0.05	Adapter 507Hz	21	0.507	70.00	0.079
156.574	0.05	Adapter 507Hz	21	0.507	70.00	0.079
156.654	0.05	Adapter 507Hz	21	0.507	70.00	0.079
156.734	0.05	Adapter 507Hz	21	0.507	70.00	0.079
156.994	0.05	Adapter 507Hz	21	0.507	70.00	0.079
157.074	0.05	Adapter 507Hz	21	0.507	70.00	0.079
157.154	0.05	Adapter 507Hz	21	0.507	70.00	0.079
157.234	0.05	Adapter 507Hz	21	0.507	70.00	0.079
159.951	0.05	Adapter 2423Hz Probe 3839Hz	22	2.423	70.00	0.285
160.031	0.05	Adapter 2423Hz Probe 3839Hz	22	2.423	70.00	0.285
160.111	0.05	Adapter 2423Hz Probe 3839Hz	22	2.423	70.00	0.285
160.191	0.05	Adapter 2423Hz Probe 3839Hz	22	2.423	70.00	0.285
160.271	0.05	Adapter 2423Hz Probe 3839Hz	22	3.839	70.00	0.437
160.451	0.05	Adapter 2423Hz Probe 3839Hz	22	2.423	70.00	0.285
160.531	0.05	Adapter 2423Hz Probe 3839Hz	22	2.423	70.00	0.285
160.611	0.05	Adapter 2423Hz Probe 3839Hz	22	2.423	70.00	0.285
160.691	0.05	Adapter 2423Hz Probe 3839Hz	22	2.423	70.00	0.285
160.771	0.05	Adapter 2423Hz Probe 3839Hz	22	3.839	70.00	0.437
160.951	0.05	Adapter 2423Hz Probe 3839Hz	22	2.423	70.00	0.285
161.031	0.05	Adapter 2423Hz Probe 3839Hz	22	2.423	70.00	0.285
161.111	0.05	Adapter 2423Hz Probe 3839Hz	22	2.423	70.00	0.285
161.191	0.05	Adapter 2423Hz Probe 3839Hz	22	2.423	70.00	0.285
161.271	0.05	Adapter 2423Hz Probe 3839Hz	22	3.839	70.00	0.437
161.451	0.05	Adapter 2423Hz Probe 3839Hz	22	2.423	70.00	0.285
161.531	0.05	Adapter 2423Hz Probe 3839Hz	22	2.423	70.00	0.285
161.611	0.05	Adapter 2423Hz Probe 3839Hz	22	2.423	70.00	0.285
161.691	0.05	Adapter 2423Hz Probe 3839Hz	22	2.423	70.00	0.285
161.771	0.05	Adapter 2423Hz Probe 3839Hz	22	3.839	70.00	0.437
161.951	0.05	Adapter 2423Hz Probe 3839Hz	22	2.423	70.00	0.285
162.031	0.05	Adapter 2423Hz Probe 3839Hz	22	2.423	70.00	0.285
162.111	0.05	Adapter 2423Hz Probe 3839Hz	22	2.423	70.00	0.285
162.191	0.05	Adapter 2423Hz Probe 3839Hz	22	2.423	70.00	0.285
162.271	0.05	Adapter 2423Hz Probe 3839Hz	22	3.839	70.00	0.437
162.451	0.05	Adapter 2423Hz Probe 3839Hz	22	2.423	70.00	0.285
162.531	0.05	Adapter 2423Hz Probe 3839Hz	22	2.423	70.00	0.285
162.611	0.05	Adapter 2423Hz Probe 3839Hz	22	2.423	70.00	0.285
162.691	0.05	Adapter 2423Hz Probe 3839Hz	22	2.423	70.00	0.285
162.771	0.05	Adapter 2423Hz Probe 3839Hz	22	3.839	70.00	0.437
162.951	0.05	Adapter 2423Hz Probe 3839Hz	22	2.423	70.00	0.285
163.031	0.05	Adapter 2423Hz Probe 3839Hz	22	2.423	70.00	0.285
163.111	0.05	Adapter 2423Hz Probe 3839Hz	22	2.423	70.00	0.285
163.191	0.05	Adapter 2423Hz Probe 3839Hz	22	2.423	70.00	0.285
163.271	0.05	Adapter 2423Hz Probe 3839Hz	22	3.839	70.00	0.437
163.451	0.05	Adapter 2423Hz Probe 3839Hz	22	2.423	70.00	0.285
163.531	0.05	Adapter 2423Hz Probe 3839Hz	22	2.423	70.00	0.285
163.611	0.05	Adapter 2423Hz Probe 3839Hz	22	2.423	70.00	0.285
163.691	0.05	Adapter 2423Hz Probe 3839Hz	22	2.423	70.00	0.285
163.771	0.05	Adapter 2423Hz Probe 3839Hz	22	3.839	70.00	0.437
163.951	0.05	Adapter 2423Hz Probe 3839Hz	22	2.423	70.00	0.285
164.031	0.05	Adapter 2423Hz Probe 3839Hz	22	2.423	70.00	0.285
164.111	0.05	Adapter 2423Hz Probe 3839Hz	22	2.423	70.00	0.285
164.191	0.05	Adapter 2423Hz Probe 3839Hz	22	2.423	70.00	0.285
164.271	0.05	Adapter 2423Hz Probe 3839Hz	22	3.839	70.00	0.437
164.451	0.05	Adapter 2423Hz Probe 3839Hz	22	2.423	70.00	0.285
164.531	0.05	Adapter 2423Hz Probe 3839Hz	22	2.423	70.00	0.285
164.611	0.05	Adapter 2423Hz Probe 3839Hz	22	2.423	70.00	0.285
164.691	0.05	Adapter 2423Hz Probe 3839Hz	22	2.423	70.00	0.285
164.771	0.05	Adapter 2423Hz Probe 3839Hz	22	3.839	70.00	0.437
167.455	0.05	Adapter 251Hz	23	0.251	70.00	0.052
167.535	0.05	Adapter 251Hz	23	0.251	70.00	0.052
167.615	0.05	Adapter 251Hz	23	0.251	70.00	0.052
167.695	0.05	Adapter 251Hz	23	0.251	70.00	0.052
167.955	0.05	Adapter 251Hz	23	0.251	70.00	0.052
168.035	0.05	Adapter 251Hz	23	0.251	70.00	0.052
168.115	0.05	Adapter 251Hz	23	0.251	70.00	0.052
168.195	0.05	Adapter 251Hz	23	0.251	70.00	0.052
168.455	0.05	Adapter 251Hz	23	0.251	70.00	0.052
168.535	0.05	Adapter 251Hz	23	0.251	70.00	0.052
168.615	0.05	Adapter 251Hz	23	0.251	70.00	0.052
168.695	0.05	Adapter 251Hz	23	0.251	70.00	0.052
168.955	0.05	Adapter 251Hz	23	0.251	70.00	0.052
169.035	0.05	Adapter 251Hz	23	0.251	70.00	0.052
169.115	0.05	Adapter 251Hz	23	0.251	70.00	0.052
169.195	0.05	Adapter 251Hz	23	0.251	70.00	0.052
169.455	0.05	Adapter 251Hz	23	0.251	70.00	0.052
169.535	0.05	Adapter 251Hz	23	0.251	70.00	0.052
169.615	0.05	Adapter 251Hz	23	0.251	70.00	0.052
169.695	0.05	Adapter 251Hz	23	0.251	70.00	0.052
169.955	0.05	Adapter 251Hz	23	0.251	70.00	0.052
170.035	0.05	Adapter 251Hz	23	0.251	70.00	0.052
170.115	0.05	Adapter 251Hz	23	0.251	70.00	0.052
170.195	0.05	Adapter 251Hz	23	0.251	70.00	0.052
170.455	0.05	Adapter 251Hz	23	0.251	70.00	0.052
170.535	0.05	Adapter 251Hz	23	0.251	70.00	0.052
170.615	0.05	Adapter 251Hz	23	0.251	70.00	0.052
170.695	0.05	Adapter 251Hz	23	0.251	70.00	0.052
170.955	0.05	Adapter 251Hz	23	0.251	70.00	0.052
171.035	0.05	Adapter 251Hz	23	0.251	70.00	0.052
171.115	0.05	Adapter 251Hz	23	0.251	70.00	0.052
171.195	0.05	Adapter 251Hz	23	0.251	70.00	0.052
171.455	0.05	Adapter 251Hz	23	0.251	70.00	0.052
171.535	0.05	Adapter 251Hz	23	0.251	70.00	0.052
171.615	0.05	Adapter 251Hz	23	0.251	70.00	0.052
171.695	0.05	Adapter 251Hz	23	0.251	70.00	0.052
171.955	0.05	Adapter 251Hz	23	0.251	70.00	0.052
172.035	0.05	Adapter 251Hz	23	0.251	70.00	0.052
172.115	0.05	Adapter 251Hz	23	0.251	70.00	0.052
172.195	0.05	Adapter 251Hz	23	0.251	70.00	0.052
174.989	0.05	Adapter 507Hz Probe 3839Hz	24	0.507	70.00	0.079
175.069	0.05	Adapter 507Hz Probe 3839Hz	24	0.507	70.00	0.079
175.149	0.05	Adapter 507Hz Probe 3839Hz	24	0.507	70.00	0.079
175.229	0.05	Adapter 507Hz Probe 3839Hz	24	0.507	70.00	0.079
175.309	0.05	Adapter 507Hz Probe 3839Hz	24	3.839	70.00	0.437
175.489	0.05	Adapter 507Hz Probe 3839Hz	24	0.507	70.00	0.079
175.569	0.05	Adapter 507Hz Probe 3839Hz	24	0.507	70.00	0.079
175.649	0.05	Adapter 507Hz Probe 3839Hz	24	0.507	70.00	0.079
175.729	0.05	Adapter 507Hz Probe 3839Hz	24	0.507	70.00	0.079
175.809	0.05	Adapter 507Hz Probe 3839Hz	24	3.839	70.00	0.437
175.989	0.05	Adapter 507Hz Probe 3839Hz	24	0.507	70.00	0.079
176.069	0.05	Adapter 507Hz Probe 3839Hz	24	0.507	70.00	0.079
176.149	0.05	Adapter 507Hz Probe 3839Hz	24	0.507	70.00	0.079
176.229	0.05	Adapter 507Hz Probe 3839Hz	24	0.507	70.00	0.079
176.309	0.05	Adapter 507Hz Probe 3839Hz	24	3.839	70.00	0.437
176.489	0.05	Adapter 507Hz Probe 3839Hz	24	0.507	70.00	0.079
176.569	0.05	Adapter 507Hz Probe 3839Hz	24	0.507	70.00	0.079
176.649	0.05	Adapter 507Hz Probe 3839Hz	24	0.507	70.00	0.079
176.729	0.05	Adapter 507Hz Probe 3839Hz	24	0.507	70.00	0.079
176.809	0.05	Adapter 507Hz Probe 3839Hz	24	3.839	70.00	0.437
176.989	0.05	Adapter 507Hz Probe 3839Hz	24	0.507	70.00	0.079
177.069	0.05	Adapter 507Hz Probe 3839Hz	24	0.507	70.00	0.079
177.149	0.05	Adapter 507Hz Probe 3839Hz	24	0.507	70.00	0.079
177.229	0.05	Adapter 507Hz Probe 3839Hz	24	0.507	70.00	0.079
177.309	0.05	Adapter 507Hz Probe 3839Hz	24	3.839	70.00	0.437
177.489	0.05	Adapter 507Hz Probe 3839Hz	24	0.507	70.00	0.079
177.569	0.05	Adapter 507Hz Probe 3839Hz	24	0.507	70.00	0.079
177.649	0.05	Adapter 507Hz Probe 3839Hz	24	0.507	70.00	0.079
177.729	0.05	Adapter 507Hz Probe 3839Hz	24	0.507	70.00	0.079
177.809	0.05	Adapter 507Hz Probe 3839Hz	24	3.839	70.00	0.437
177.989	0.05	Adapter 507Hz Probe 3839Hz	24	0.507	70.00	0.079
178.069	0.05	Adapter 507Hz Probe 3839Hz	24	0.507	70.00	0.079
178.149	0.05	Adapter 507Hz Probe 3839Hz	24	0.507	70.00	0.079
178.229	0.05	Adapter 507Hz Probe 3839Hz	24	0.507	70.00	0.079
178.309	0.05	Adapter 507Hz Probe 3839Hz	24	3.839	70.00	0.437
178.489	0.05	Adapter 507Hz Probe 3839Hz	24	0.507	70.00	0.079
178.569	0.05	Adapter 507Hz Probe 3839Hz	24	0.507	70.00	0.079
178.649	0.05	Adapter 507Hz Probe 3839Hz	24	0.507	70.00	0.079
178.729	0.05	Adapter 507Hz Probe 3839Hz	24	0.507	70.00	0.079
178.809	0.05	Adapter 507Hz Probe 3839Hz	24	3.839	70.00	0.437
178.989	0.05	Adapter 507Hz Probe 3839Hz	24	0.507	70.00	0.079
179.069	0.05	Adapter 507Hz Probe 3839Hz	24	0.507	70.00	0.079
179.149	0.05	Adapter 507Hz Probe 3839Hz	24	0.507	70.00	0.079
179.229	0.05	Adapter 507Hz Probe 3839Hz	24	0.507	70.00	0.079
179.309	0.05	Adapter 507Hz Probe 3839Hz	24	3.839	70.00	0.437
179.489	0.05	Adapter 507Hz Probe 3839Hz	24	0.507	70.00	0.079
179.569	0.05	Adapter 507Hz Probe 3839Hz	24	0.507	70.00	0.079
179.649	0.05	Adapter 507Hz Probe 3839Hz	24	0.507	70.00	0.079
179.729	0.05	Adapter 507Hz Probe 3839Hz	24	0.507	70.00	0.079
179.809	0.05	Adapter 507Hz Probe 3839Hz	24	3.839	70.00	0.437
182.477	0.05	Adapter 899Hz	25	0.899	70.00	0.121
182.557	0.05	Adapter 899Hz	25	0.899	70.00	0.121
182.637	0.05	Adapter 899Hz	25	0.899	70.00	0.121
182.717	0.05	Adapter 899Hz	25	0.899	70.00	0.121
182.977	0.05	Adapter 899Hz	25	0.899	70.00	0.121
183.057	0.05	Adapter 899Hz	25	0.899	70.00	0.121
183.137	0.05	Adapter 899Hz	25	0.899	70.00	0.121
183.217	0.05	Adapter 899Hz	25	0.899	70.00	0.121
183.477	0.05	Adapter 899Hz	25	0.899	70.00	0.121
183.557	0.05	Adapter 899Hz	25	0.899	70.00	0.121
183.637	0.05	Adapter 899Hz	25	0.899	70.00	0.121
183.717	0.05	Adapter 899Hz	25	0.899	70.00	0.121
183.977	0.05	Adapter 899Hz	25	0.899	70.00	0.121
184.057	0.05	Adapter 899Hz	25	0.899	70.00	0.121
184.137	0.05	Adapter 899Hz	25	0.899	70.00	0.121
184.217	0.05	Adapter 899Hz	25	0.899	70.00	0.121
184.477	0.05	Adapter 899Hz	25	0.899	70.00	0.121
184.557	0.05	Adapter 899Hz	25	0.899	70.00	0.121
184.637	0.05	Adapter 899Hz	25	0.899	70.00	0.121
184.717	0.05	Adapter 899Hz	25	0.899	70.00	0.121
184.977	0.05	Adapter 899Hz	25	0.899	70.00	0.121
185.057	0.05	Adapter 899Hz	25	0.899	70.00	0.121
185.137	0.05	Adapter 899Hz	25	0.899	70.00	0.121
185.217	0.05	Adapter 899Hz	25	0.899	70.00	0.121
185.477	0.05	Adapter 899Hz	25	0.899	70.00	0.121
185.557	0.05	Adapter 899Hz	25	0.899	70.00	0.121
185.637	0.05	Adapter 899Hz	25	0.899	70.00	0.121
185.717	0.05	Adapter 899Hz	25	0.899	70.00	0.121
185.977	0.05	Adapter 899Hz	25	0.899	70.00	0.121
186.057	0.05	Adapter 899Hz	25	0.899	70.00	0.121
186.137	0.05	Adapter 899Hz	25	0.899	70.00	0.121
186.217	0.05	Adapter 899Hz	25	0.899	70.00	0.121
186.477	0.05	Adapter 899Hz	25	0.899	70.00	0.121
186.557	0.05	Adapter 899Hz	25	0.899	70.00	0.121
186.637	0.05	Adapter 899Hz	25	0.899	70.00	0.121
186.717	0.05	Adapter 899Hz	25	0.899	70.00	0.121
186.977	0.05	Adapter 899Hz	25	0.899	70.00	0.121
187.057	0.05	Adapter 899Hz	25	0.899	70.00	0.121
187.137	0.05	Adapter 899Hz	25	0.899	70.00	0.121
187.217	0.05	Adapter 899Hz	25	0.899	70.00	0.121
197.485	0.05	Adapter 6009Hz	27	6.009	70.00	0.671
197.565	0.05	Adapter 6009Hz	27	6.009	70.00	0.671
197.645	0.05	Adapter 6009Hz	27	6.009	70.00	0.671
197.725	0.05	Adapter 6009Hz	27	6.009	70.00	0.671
197.985	0.05	Adapter 6009Hz	27	6.009	70.00	0.671
198.065	0.05	Adapter 6009Hz	27	6.009	70.00	0.671
198.145	0.05	Adapter 6009Hz	27	6.009	70.00	0.671
198.225	0.05	Adapter 6009Hz	27	6.009	70.00	0.671
198.485	0.05	Adapter 6009Hz	27	6.009	70.00	0.671
198.565	0.05	Adapter 6009Hz	27	6.009	70.00	0.671
198.645	0.05	Adapter 6009Hz	27	6.009	70.00	0.671
198.725	0.05	Adapter 6009Hz	27	6.009	70.00	0.671
198.985	0.05	Adapter 6009Hz	27	6.009	70.00	0.671
199.065	0.05	Adapter 6009Hz	27	6.009	70.00	0.671
199.145	0.05	Adapter 6009Hz	27	6.009	70.00	0.671
199.225	0.05	Adapter 6009Hz	27	6.009	70.00	0.671
199.485	0.05	Adapter 6009Hz	27	6.009	70.00	0.671
199.565	0.05	Adapter 6009Hz	27	6.009	70.00	0.671
199.645	0.05	Adapter 6009Hz	27	6.009	70.00	0.671
199.725	0.05	Adapter 6009Hz	27	6.009	70.00	0.671
199.985	0.05	Adapter 6009Hz	27	6.009	70.00	0.671
200.065	0.05	Adapter 6009Hz	27	6.009	70.00	0.671
200.145	0.05	Adapter 6009Hz	27	6.009	70.00	0.671
200.225	0.05	Adapter 6009Hz	27	6.009	70.00	0.671
200.485	0.05	Adapter 6009Hz	27	6.009	70.00	0.671
200.565	0.05	Adapter 6009Hz	27	6.009	70.00	0.671
200.645	0.05	Adapter 6009Hz	27	6.009	70.00	0.671
200.725	0.05	Adapter 6009Hz	27	6.009	70.00	0.671
200.985	0.05	Adapter 6009Hz	27	6.009	70.00	0.671
201.065	0.05	Adapter 6009Hz	27	6.009	70.00	0.671
201.145	0.05	Adapter 6009Hz	27	6.009	70.00	0.671
201.225	0.05	Adapter 6009Hz	27	6.009	70.00	0.671
201.485	0.05	Adapter 6009Hz	27	6.009	70.00	0.671
201.565	0.05	Adapter 6009Hz	27	6.009	70.00	0.671
201.645	0.05	Adapter 6009Hz	27	6.009	70.00	0.671
201.725	0.05	Adapter 6009Hz	27	6.009	70.00	0.671
201.985	0.05	Adapter 6009Hz	27	6.009	70.00	0.671
202.065	0.05	Adapter 6009Hz	27	6.009	70.00	0.671
202.145	0.05	Adapter 6009Hz	27	6.009	70.00	0.671
202.225	0.05	Adapter 6009Hz	27	6.009	70.00	0.671
205.308	0.05	Probe 3839Hz	28	3.839	70.00	0.437
205.808	0.05	Probe 3839Hz	28	3.839	70.00	0.437
206.308	0.05	Probe 3839Hz	28	3.839	70.00	0.437
206.808	0.05	Probe 3839Hz	28	3.839	70.00	0.437
207.308	0.05	Probe 3839Hz	28	3.839	70.00	0.437
207.808	0.05	Probe 3839Hz	28	3.839	70.00	0.437
208.308	0.05	Probe 3839Hz	28	3.839	70.00	0.437
208.808	0.05	Probe 3839Hz	28	3.839	70.00	0.437
209.308	0.05	Probe 3839Hz	28	3.839	70.00	0.437
209.808	0.05	Probe 3839Hz	28	3.839	70.00	0.437
212.445	0.05	Adapter 899Hz Probe 3839Hz	29	0.899	70.00	0.121
212.525	0.05	Adapter 899Hz Probe 3839Hz	29	0.899	70.00	0.121
212.605	0.05	Adapter 899Hz Probe 3839Hz	29	0.899	70.00	0.121
212.685	0.05	Adapter 899Hz Probe 3839Hz	29	0.899	70.00	0.121
212.765	0.05	Adapter 899Hz Probe 3839Hz	29	3.839	70.00	0.437
212.945	0.05	Adapter 899Hz Probe 3839Hz	29	0.899	70.00	0.121
213.025	0.05	Adapter 899Hz Probe 3839Hz	29	0.899	70.00	0.121
213.105	0.05	Adapter 899Hz Probe 3839Hz	29	0.899	70.00	0.121
213.185	0.05	Adapter 899Hz Probe 3839Hz	29	0.899	70.00	0.121
213.265	0.05	Adapter 899Hz Probe 3839Hz	29	3.839	70.00	0.437
213.445	0.05	Adapter 899Hz Probe 3839Hz	29	0.899	70.00	0.121
213.525	0.05	Adapter 899Hz Probe 3839Hz	29	0.899	70.00	0.121
213.605	0.05	Adapter 899Hz Probe 3839Hz	29	0.899	70.00	0.121
213.685	0.05	Adapter 899Hz Probe 3839Hz	29	0.899	70.00	0.121
213.765	0.05	Adapter 899Hz Probe 3839Hz	29	3.839	70.00	0.437
213.945	0.05	Adapter 899Hz Probe 3839Hz	29	0.899	70.00	0.121
214.025	0.05	Adapter 899Hz Probe 3839Hz	29	0.899	70.00	0.121
214.105	0.05	Adapter 899Hz Probe 3839Hz	29	0.899	70.00	0.121
214.185	0.05	Adapter 899Hz Probe 3839Hz	29	0.899	70.00	0.121
214.265	0.05	Adapter 899Hz Probe 3839Hz	29	3.839	70.00	0.437
214.445	0.05	Adapter 899Hz Probe 3839Hz	29	0.899	70.00	0.121
214.525	0.05	Adapter 899Hz Probe 3839Hz	29	0.899	70.00	0.121
214.605	0.05	Adapter 899Hz Probe 3839Hz	29	0.899	70.00	0.121
214.685	0.05	Adapter 899Hz Probe 3839Hz	29	0.899	70.00	0.121
214.765	0.05	Adapter 899Hz Probe 3839Hz	29	3.839	70.00	0.437
214.945	0.05	Adapter 899Hz Probe 3839Hz	29	0.899	70.00	0.121
215.025	0.05	Adapter 899Hz Probe 3839Hz	29	0.899	70.00	0.121
215.105	0.05	Adapter 899Hz Probe 3839Hz	29	0.899	70.00	0.121
215.185	0.05	Adapter 899Hz Probe 3839Hz	29	0.899	70.00	0.121
215.265	0.05	Adapter 899Hz Probe 3839Hz	29	3.839	70.00	0.437
215.445	0.05	Adapter 899Hz Probe 3839Hz	29	0.899	70.00	0.121
215.525	0.05	Adapter 899Hz Probe 3839Hz	29	0.899	70.00	0.121
215.605	0.05	Adapter 899Hz Probe 3839Hz	29	0.899	70.00	0.121
215.685	0.05	Adapter 899Hz Probe 3839Hz	29	0.899	70.00	0.121
215.765	0.05	Adapter 899Hz Probe 3839Hz	29	3.839	70.00	0.437
215.945	0.05	Adapter 899Hz Probe 3839Hz	29	0.899	70.00	0.121
216.025	0.05	Adapter 899Hz Probe 3839Hz	29	0.899	70.00	0.121
216.105	0.05	Adapter 899Hz Probe 3839Hz	29	0.899	70.00	0.121
216.185	0.05	Adapter 899Hz Probe 3839Hz	29	0.899	70.00	0.121
216.265	0.05	Adapter 899Hz Probe 3839Hz	29	3.839	70.00	0.437
216.445	0.05	Adapter 899Hz Probe 3839Hz	29	0.899	70.00	0.121
216.525	0.05	Adapter 899Hz Probe 3839Hz	29	0.899	70.00	0.121
216.605	0.05	Adapter 899Hz Probe 3839Hz	29	0.899	70.00	0.121
216.685	0.05	Adapter 899Hz Probe 3839Hz	29	0.899	70.00	0.121
216.765	0.05	Adapter 899Hz Probe 3839Hz	29	3.839	70.00	0.437
216.945	0.05	Adapter 899Hz Probe 3839Hz	29	0.899	70.00	0.121
217.025	0.05	Adapter 899Hz Probe 3839Hz	29	0.899	70.00	0.121
217.105	0.05	Adapter 899Hz Probe 3839Hz	29	0.899	70.00	0.121
217.185	0.05	Adapter 899Hz Probe 3839Hz	29	0.899	70.00	0.121
217.265	0.05	Adapter 899Hz Probe 3839Hz	29	3.839	70.00	0.437
219.949	0.05	Adapter 1501Hz	30	1.501	70.00	0.186
220.029	0.05	Adapter 1501Hz	30	1.501	70.00	0.186
220.109	0.05	Adapter 1501Hz	30	1.501	70.00	0.186
220.189	0.05	Adapter 1501Hz	30	1.501	70.00	0.186
220.449	0.05	Adapter 1501Hz	30	1.501	70.00	0.186
220.529	0.05	Adapter 1501Hz	30	1.501	70.00	0.186
220.609	0.05	Adapter 1501Hz	30	1.501	70.00	0.186
220.689	0.05	Adapter 1501Hz	30	1.501	70.00	0.186
220.949	0.05	Adapter 1501Hz	30	1.501	70.00	0.186
221.029	0.05	Adapter 1501Hz	30	1.501	70.00	0.186
221.109	0.05	Adapter 1501Hz	30	1.501	70.00	0.186
221.189	0.05	Adapter 1501Hz	30	1.501	70.00	0.186
221.449	0.05	Adapter 1501Hz	30	1.501	70.00	0.186
221.529	0.05	Adapter 1501Hz	30	1.501	70.00	0.186
221.609	0.05	Adapter 1501Hz	30	1.501	70.00	0.186
221.689	0.05	Adapter 1501Hz	30	1.501	70.00	0.186
221.949	0.05	Adapter 1501Hz	30	1.501	70.00	0.186
222.029	0.05	Adapter 1501Hz	30	1.501	70.00	0.186
222.109	0.05	Adapter 1501Hz	30	1.501	70.00	0.186
222.189	0.05	Adapter 1501Hz	30	1.501	70.00	0.186
222.449	0.05	Adapter 1501Hz	30	1.501	70.00	0.186
222.529	0.05	Adapter 1501Hz	30	1.501	70.00	0.186
222.609	0.05	Adapter 1501Hz	30	1.501	70.00	0.186
222.689	0.05	Adapter 1501Hz	30	1.501	70.00	0.186
222.949	0.05	Adapter 1501Hz	30	1.501	70.00	0.186
223.029	0.05	Adapter 1501Hz	30	1.501	70.00	0.186
223.109	0.05	Adapter 1501Hz	30	1.501	70.00	0.186
223.189	0.05	Adapter 1501Hz	30	1.501	70.00	0.186
223.449	0.05	Adapter 1501Hz	30	1.501	70.00	0.186
223.529	0.05	Adapter 1501Hz	30	1.501	70.00	0.186
223.609	0.05	Adapter 1501Hz	30	1.501	70.00	0.186
223.689	0.05	Adapter 1501Hz	30	1.501	70.00	0.186
223.949	0.05	Adapter 1501Hz	30	1.501	70.00	0.186
224.029	0.05	Adapter 1501Hz	30	1.501	70.00	0.186
224.109	0.05	Adapter 1501Hz	30	1.501	70.00	0.186
224.189	0.05	Adapter 1501Hz	30	1.501	70.00	0.186
224.449	0.05	Adapter 1501Hz	30	1.501	70.00	0.186
224.529	0.05	Adapter 1501Hz	30	1.501	70.00	0.186
224.609	0.05	Adapter 1501Hz	30	1.501	70.00	0.186
224.689	0.05	Adapter 1501Hz	30	1.501	70.00	0.186
227.452	0.05	Adapter 1501Hz Probe 3839Hz	31	1.501	70.00	0.186
227.532	0.05	Adapter 1501Hz Probe 3839Hz	31	1.501	70.00	0.186
227.612	0.05	Adapter 1501Hz Probe 3839Hz	31	1.501	70.00	0.186
227.692	0.05	Adapter 1501Hz Probe 3839Hz	31	1.501	70.00	0.186
227.772	0.05	Adapter 1501Hz Probe 3839Hz	31	3.839	70.00	0.437
227.952	0.05	Adapter 1501Hz Probe 3839Hz	31	1.501	70.00	0.186
228.032	0.05	Adapter 1501Hz Probe 3839Hz	31	1.501	70.00	0.186
228.112	0.05	Adapter 1501Hz Probe 3839Hz	31	1.501	70.00	0.186
228.192	0.05	Adapter 1501Hz Probe 3839Hz	31	1.501	70.00	0.186
228.272	0.05	Adapter 1501Hz Probe 3839Hz	31	3.839	70.00	0.437
228.452	0.05	Adapter 1501Hz Probe 3839Hz	31	1.501	70.00	0.186
228.532	0.05	Adapter 1501Hz Probe 3839Hz	31	1.501	70.00	0.186
228.612	0.05	Adapter 1501Hz Probe 3839Hz	31	1.501	70.00	0.186
228.692	0.05	Adapter 1501Hz Probe 3839Hz	31	1.501	70.00	0.186
228.772	0.05	Adapter 1501Hz Probe 3839Hz	31	3.839	70.00	0.437
228.952	0.05	Adapter 1501Hz Probe 3839Hz	31	1.501	70.00	0.186
229.032	0.05	Adapter 1501Hz Probe 3839Hz	31	1.501	70.00	0.186
229.112	0.05	Adapter 1501Hz Probe 3839Hz	31	1.501	70.00	0.186
229.192	0.05	Adapter 1501Hz Probe 3839Hz	31	1.501	70.00	0.186
229.272	0.05	Adapter 1501Hz Probe 3839Hz	31	3.839	70.00	0.437
229.452	0.05	Adapter 1501Hz Probe 3839Hz	31	1.501	70.00	0.186
229.532	0.05	Adapter 1501Hz Probe 3839Hz	31	1.501	70.00	0.186
229.612	0.05	Adapter 1501Hz Probe 3839Hz	31	1.501	70.00	0.186
229.692	0.05	Adapter 1501Hz Probe 3839Hz	31	1.501	70.00	0.186
229.772	0.05	Adapter 1501Hz Probe 3839Hz	31	3.839	70.00	0.437
229.952	0.05	Adapter 1501Hz Probe 3839Hz	31	1.501	70.00	0.186
230.032	0.05	Adapter 1501Hz Probe 3839Hz	31	1.501	70.00	0.186
230.112	0.05	Adapter 1501Hz Probe 3839Hz	31	1.501	70.00	0.186
230.192	0.05	Adapter 1501Hz Probe 3839Hz	31	1.501	70.00	0.186
230.272	0.05	Adapter 1501Hz Probe 3839Hz	31	3.839	70.00	0.437
230.452	0.05	Adapter 1501Hz Probe 3839Hz	31	1.501	70.00	0.186
230.532	0.05	Adapter 1501Hz Probe 3839Hz	31	1.501	70.00	0.186
230.612	0.05	Adapter 1501Hz Probe 3839Hz	31	1.501	70.00	0.186
230.692	0.05	Adapter 1501Hz Probe 3839Hz	31	1.501	70.00	0.186
230.772	0.05	Adapter 1501Hz Probe 3839Hz	31	3.839	70.00	0.437
230.952	0.05	Adapter 1501Hz Probe 3839Hz	31	1.501	70.00	0.186
231.032	0.05	Adapter 1501Hz Probe 3839Hz	31	1.501	70.00	0.186
231.112	0.05	Adapter 1501Hz Probe 3839Hz	31	1.501	70.00	0.186
231.192	0.05	Adapter 1501Hz Probe 3839Hz	31	1.501	70.00	0.186
231.272	0.05	Adapter 1501Hz Probe 3839Hz	31	3.839	70.00	0.437
231.452	0.05	Adapter 1501Hz Probe 3839Hz	31	1.501	70.00	0.186
231.532	0.05	Adapter 1501Hz Probe 3839Hz	31	1.501	70.00	0.186
231.612	0.05	Adapter 1501Hz Probe 3839Hz	31	1.501	70.00	0.186
231.692	0.05	Adapter 1501Hz Probe 3839Hz	31	1.501	70.00	0.186
231.772	0.05	Adapter 1501Hz Probe 3839Hz	31	3.839	70.00	0.437
231.952	0.05	Adapter 1501Hz Probe 3839Hz	31	1.501	70.00	0.186
232.032	0.05	Adapter 1501Hz Probe 3839Hz	31	1.501	70.00	0.186
232.112	0.05	Adapter 1501Hz Probe 3839Hz	31	1.501	70.00	0.186
232.192	0.05	Adapter 1501Hz Probe 3839Hz	31	1.501	70.00	0.186
232.272	0.05	Adapter 1501Hz Probe 3839Hz	31	3.839	70.00	0.437
242.46	0.05	Adapter 507Hz	33	0.507	70.00	0.079
242.54	0.05	Adapter 507Hz	33	0.507	70.00	0.079
242.62	0.05	Adapter 507Hz	33	0.507	70.00	0.079
242.7	0.05	Adapter 507Hz	33	0.507	70.00	0.079
242.96	0.05	Adapter 507Hz	33	0.507	70.00	0.079
243.04	0.05	Adapter 507Hz	33	0.507	70.00	0.079
243.12	0.05	Adapter 507Hz	33	0.507	70.00	0.079
243.2	0.05	Adapter 507Hz	33	0.507	70.00	0.079
243.46	0.05	Adapter 507Hz	33	0.507	70.00	0.079
243.54	0.05	Adapter 507Hz	33	0.507	70.00	0.079
243.62	0.05	Adapter 507Hz	33	0.507	70.00	0.079
243.7	0.05	Adapter 507Hz	33	0.507	70.00	0.079
243.96	0.05	Adapter 507Hz	33	0.507	70.00	0.079
244.04	0.05	Adapter 507Hz	33	0.507	70.00	0.079
244.12	0.05	Adapter 507Hz	33	0.507	70.00	0.079
244.2	0.05	Adapter 507Hz	33	0.507	70.00	0.079
244.46	0.05	Adapter 507Hz	33	0.507	70.00	0.079
244.54	0.05	Adapter 507Hz	33	0.507	70.00	0.079
244.62	0.05	Adapter 507Hz	33	0.507	70.00	0.079
244.7	0.05	Adapter 507Hz	33	0.507	70.00	0.079
244.96	0.05	Adapter 507Hz	33	0.507	70.00	0.079
245.04	0.05	Adapter 507Hz	33	0.507	70.00	0.079
245.12	0.05	Adapter 507Hz	33	0.507	70.00	0.079
245.2	0.05	Adapter 507Hz	33	0.507	70.00	0.079
245.46	0.05	Adapter 507Hz	33	0.507	70.00	0.079
245.54	0.05	Adapter 507Hz	33	0.507	70.00	0.079
245.62	0.05	Adapter 507Hz	33	0.507	70.00	0.079
245.7	0.05	Adapter 507Hz	33	0.507	70.00	0.079
245.96	0.05	Adapter 507Hz	33	0.507	70.00	0.079
246.04	0.05	Adapter 507Hz	33	0.507	70.00	0.079
246.12	0.05	Adapter 507Hz	33	0.507	70.00	0.079
246.2	0.05	Adapter 507Hz	33	0.507	70.00	0.079
246.46	0.05	Adapter 507Hz	33	0.507	70.00	0.079
246.54	0.05	Adapter 507Hz	33	0.507	70.00	0.079
246.62	0.05	Adapter 507Hz	33	0.507	70.00	0.079
246.7	0.05	Adapter 507Hz	33	0.507	70.00	0.079
246.96	0.05	Adapter 507Hz	33	0.507	70.00	0.079
247.04	0.05	Adapter 507Hz	33	0.507	70.00	0.079
247.12	0.05	Adapter 507Hz	33	0.507	70.00	0.079
247.2	0.05	Adapter 507Hz	33	0.507	70.00	0.079
249.979	0.05	Adapter 899Hz Probe 3839Hz	34	0.899	70.00	0.121
250.059	0.05	Adapter 899Hz Probe 3839Hz	34	0.899	70.00	0.121
250.139	0.05	Adapter 899Hz Probe 3839Hz	34	0.899	70.00	0.121
250.219	0.05	Adapter 899Hz Probe 3839Hz	34	0.899	70.00	0.121
250.299	0.05	Adapter 899Hz Probe 3839Hz	34	3.839	70.00	0.437
250.479	0.05	Adapter 899Hz Probe 3839Hz	34	0.899	70.00	0.121
250.559	0.05	Adapter 899Hz Probe 3839Hz	34	0.899	70.00	0.121
250.639	0.05	Adapter 899Hz Probe 3839Hz	34	0.899	70.00	0.121
250.719	0.05	Adapter 899Hz Probe 3839Hz	34	0.899	70.00	0.121
250.799	0.05	Adapter 899Hz Probe 3839Hz	34	3.839	70.00	0.437
250.979	0.05	Adapter 899Hz Probe 3839Hz	34	0.899	70.00	0.121
251.059	0.05	Adapter 899Hz Probe 3839Hz	34	0.899	70.00	0.121
251.139	0.05	Adapter 899Hz Probe 3839Hz	34	0.899	70.00	0.121
251.219	0.05	Adapter 899Hz Probe 3839Hz	34	0.899	70.00	0.121
251.299	0.05	Adapter 899Hz Probe 3839Hz	34	3.839	70.00	0.437
251.479	0.05	Adapter 899Hz Probe 3839Hz	34	0.899	70.00	0.121
251.559	0.05	Adapter 899Hz Probe 3839Hz	34	0.899	70.00	0.121
251.639	0.05	Adapter 899Hz Probe 3839Hz	34	0.899	70.00	0.121
251.719	0.05	Adapter 899Hz Probe 3839Hz	34	0.899	70.00	0.121
251.799	0.05	Adapter 899Hz Probe 3839Hz	34	3.839	70.00	0.437
251.979	0.05	Adapter 899Hz Probe 3839Hz	34	0.899	70.00	0.121
252.059	0.05	Adapter 899Hz Probe 3839Hz	34	0.899	70.00	0.121
252.139	0.05	Adapter 899Hz Probe 3839Hz	34	0.899	70.00	0.121
252.219	0.05	Adapter 899Hz Probe 3839Hz	34	0.899	70.00	0.121
252.299	0.05	Adapter 899Hz Probe 3839Hz	34	3.839	70.00	0.437
252.479	0.05	Adapter 899Hz Probe 3839Hz	34	0.899	70.00	0.121
252.559	0.05	Adapter 899Hz Probe 3839Hz	34	0.899	70.00	0.121
252.639	0.05	Adapter 899Hz Probe 3839Hz	34	0.899	70.00	0.121
252.719	0.05	Adapter 899Hz Probe 3839Hz	34	0.899	70.00	0.121
252.799	0.05	Adapter 899Hz Probe 3839Hz	34	3.839	70.00	0.437
252.979	0.05	Adapter 899Hz Probe 3839Hz	34	0.899	70.00	0.121
253.059	0.05	Adapter 899Hz Probe 3839Hz	34	0.899	70.00	0.121
253.139	0.05	Adapter 899Hz Probe 3839Hz	34	0.899	70.00	0.121
253.219	0.05	Adapter 899Hz Probe 3839Hz	34	0.899	70.00	0.121
253.299	0.05	Adapter 899Hz Probe 3839Hz	34	3.839	70.00	0.437
253.479	0.05	Adapter 899Hz Probe 3839Hz	34	0.899	70.00	0.121
253.559	0.05	Adapter 899Hz Probe 3839Hz	34	0.899	70.00	0.121
253.639	0.05	Adapter 899Hz Probe 3839Hz	34	0.899	70.00	0.121
253.719	0.05	Adapter 899Hz Probe 3839Hz	34	0.899	70.00	0.121
253.799	0.05	Adapter 899Hz Probe 3839Hz	34	3.839	70.00	0.437
253.979	0.05	Adapter 899Hz Probe 3839Hz	34	0.899	70.00	0.121
254.059	0.05	Adapter 899Hz Probe 3839Hz	34	0.899	70.00	0.121
254.139	0.05	Adapter 899Hz Probe 3839Hz	34	0.899	70.00	0.121
254.219	0.05	Adapter 899Hz Probe 3839Hz	34	0.899	70.00	0.121
254.299	0.05	Adapter 899Hz Probe 3839Hz	34	3.839	70.00	0.437
254.479	0.05	Adapter 899Hz Probe 3839Hz	34	0.899	70.00	0.121
254.559	0.05	Adapter 899Hz Probe 3839Hz	34	0.899	70.00	0.121
254.639	0.05	Adapter 899Hz Probe 3839Hz	34	0.899	70.00	0.121
254.719	0.05	Adapter 899Hz Probe 3839Hz	34	0.899	70.00	0.121
254.799	0.05	Adapter 899Hz Probe 3839Hz	34	3.839	70.00	0.437
265.002	0.05	Adapter 2423Hz Probe 3839Hz	36	2.423	70.00	0.285
265.082	0.05	Adapter 2423Hz Probe 3839Hz	36	2.423	70.00	0.285
265.162	0.05	Adapter 2423Hz Probe 3839Hz	36	2.423	70.00	0.285
265.242	0.05	Adapter 2423Hz Probe 3839Hz	36	2.423	70.00	0.285
265.322	0.05	Adapter 2423Hz Probe 3839Hz	36	3.839	70.00	0.437
265.502	0.05	Adapter 2423Hz Probe 3839Hz	36	2.423	70.00	0.285
265.582	0.05	Adapter 2423Hz Probe 3839Hz	36	2.423	70.00	0.285
265.662	0.05	Adapter 2423Hz Probe 3839Hz	36	2.423	70.00	0.285
265.742	0.05	Adapter 2423Hz Probe 3839Hz	36	2.423	70.00	0.285
265.822	0.05	Adapter 2423Hz Probe 3839Hz	36	3.839	70.00	0.437
266.002	0.05	Adapter 2423Hz Probe 3839Hz	36	2.423	70.00	0.285
266.082	0.05	Adapter 2423Hz Probe 3839Hz	36	2.423	70.00	0.285
266.162	0.05	Adapter 2423Hz Probe 3839Hz	36	2.423	70.00	0.285
266.242	0.05	Adapter 2423Hz Probe 3839Hz	36	2.423	70.00	0.285
266.322	0.05	Adapter 2423Hz Probe 3839Hz	36	3.839	70.00	0.437
266.502	0.05	Adapter 2423Hz Probe 3839Hz	36	2.423	70.00	0.285
266.582	0.05	Adapter 2423Hz Probe 3839Hz	36	2.423	70.00	0.285
266.662	0.05	Adapter 2423Hz Probe 3839Hz	36	2.423	70.00	0.285
266.742	0.05	Adapter 2423Hz Probe 3839Hz	36	2.423	70.00	0.285
266.822	0.05	Adapter 2423Hz Probe 3839Hz	36	3.839	70.00	0.437
267.002	0.05	Adapter 2423Hz Probe 3839Hz	36	2.423	70.00	0.285
267.082	0.05	Adapter 2423Hz Probe 3839Hz	36	2.423	70.00	0.285
267.162	0.05	Adapter 2423Hz Probe 3839Hz	36	2.423	70.00	0.285
267.242	0.05	Adapter 2423Hz Probe 3839Hz	36	2.423	70.00	0.285
267.322	0.05	Adapter 2423Hz Probe 3839Hz	36	3.839	70.00	0.437
267.502	0.05	Adapter 2423Hz Probe 3839Hz	36	2.423	70.00	0.285
267.582	0.05	Adapter 2423Hz Probe 3839Hz	36	2.423	70.00	0.285
267.662	0.05	Adapter 2423Hz Probe 3839Hz	36	2.423	70.00	0.285
267.742	0.05	Adapter 2423Hz Probe 3839Hz	36	2.423	70.00	0.285
267.822	0.05	Adapter 2423Hz Probe 3839Hz	36	3.839	70.00	0.437
268.002	0.05	Adapter 2423Hz Probe 3839Hz	36	2.423	70.00	0.285
268.082	0.05	Adapter 2423Hz Probe 3839Hz	36	2.423	70.00	0.285
268.162	0.05	Adapter 2423Hz Probe 3839Hz	36	2.423	70.00	0.285
268.242	0.05	Adapter 2423Hz Probe 3839Hz	36	2.423	70.00	0.285
268.322	0.05	Adapter 2423Hz Probe 3839Hz	36	3.839	70.00	0.437
268.502	0.05	Adapter 2423Hz Probe 3839Hz	36	2.423	70.00	0.285
268.582	0.05	Adapter 2423Hz Probe 3839Hz	36	2.423	70.00	0.285
268.662	0.05	Adapter 2423Hz Probe 3839Hz	36	2.423	70.00	0.285
268.742	0.05	Adapter 2423Hz Probe 3839Hz	36	2.423	70.00	0.285
268.822	0.05	Adapter 2423Hz Probe 3839Hz	36	3.839	70.00	0.437
269.002	0.05	Adapter 2423Hz Probe 3839Hz	36	2.423	70.00	0.285
269.082	0.05	Adapter 2423Hz Probe 3839Hz	36	2.423	70.00	0.285
269.162	0.05	Adapter 2423Hz Probe 3839Hz	36	2.423	70.00	0.285
269.242	0.05	Adapter 2423Hz Probe 3839Hz	36	2.423	70.00	0.285
269.322	0.05	Adapter 2423Hz Probe 3839Hz	36	3.839	70.00	0.437
269.502	0.05	Adapter 2423Hz Probe 3839Hz	36	2.423	70.00	0.285
269.582	0.05	Adapter 2423Hz Probe 3839Hz	36	2.423	70.00	0.285
269.662	0.05	Adapter 2423Hz Probe 3839Hz	36	2.423	70.00	0.285
269.742	0.05	Adapter 2423Hz Probe 3839Hz	36	2.423	70.00	0.285
269.822	0.05	Adapter 2423Hz Probe 3839Hz	36	3.839	70.00	0.437
272.474	0.05	Adapter 899Hz	37	0.899	70.00	0.121
272.554	0.05	Adapter 899Hz	37	0.899	70.00	0.121
272.634	0.05	Adapter 899Hz	37	0.899	70.00	0.121
272.714	0.05	Adapter 899Hz	37	0.899	70.00	0.121
272.974	0.05	Adapter 899Hz	37	0.899	70.00	0.121
273.054	0.05	Adapter 899Hz	37	0.899	70.00	0.121
273.134	0.05	Adapter 899Hz	37	0.899	70.00	0.121
273.214	0.05	Adapter 899Hz	37	0.899	70.00	0.121
273.474	0.05	Adapter 899Hz	37	0.899	70.00	0.121
273.554	0.05	Adapter 899Hz	37	0.899	70.00	0.121
273.634	0.05	Adapter 899Hz	37	0.899	70.00	0.121
273.714	0.05	Adapter 899Hz	37	0.899	70.00	0.121
273.974	0.05	Adapter 899Hz	37	0.899	70.00	0.121
274.054	0.05	Adapter 899Hz	37	0.899	70.00	0.121
274.134	0.05	Adapter 899Hz	37	0.899	70.00	0.121
274.214	0.05	Adapter 899Hz	37	0.899	70.00	0.121
274.474	0.05	Adapter 899Hz	37	0.899	70.00	0.121
274.554	0.05	Adapter 899Hz	37	0.899	70.00	0.121
274.634	0.05	Adapter 899Hz	37	0.899	70.00	0.121
274.714	0.05	Adapter 899Hz	37	0.899	70.00	0.121
274.974	0.05	Adapter 899Hz	37	0.899	70.00	0.121
275.054	0.05	Adapter 899Hz	37	0.899	70.00	0.121
275.134	0.05	Adapter 899Hz	37	0.899	70.00	0.121
275.214	0.05	Adapter 899Hz	37	0.899	70.00	0.121
275.474	0.05	Adapter 899Hz	37	0.899	70.00	0.121
275.554	0.05	Adapter 899Hz	37	0.899	70.00	0.121
275.634	0.05	Adapter 899Hz	37	0.899	70.00	0.121
275.714	0.05	Adapter 899Hz	37	0.899	70.00	0.121
275.974	0.05	Adapter 899Hz	37	0.899	70.00	0.121
276.054	0.05	Adapter 899Hz	37	0.899	70.00	0.121
276.134	0.05	Adapter 899Hz	37	0.899	70.00	0.121
276.214	0.05	Adapter 899Hz	37	0.899	70.00	0.121
276.474	0.05	Adapter 899Hz	37	0.899	70.00	0.121
276.554	0.05	Adapter 899Hz	37	0.899	70.00	0.121
276.634	0.05	Adapter 899Hz	37	0.899	70.00	0.121
276.714	0.05	Adapter 899Hz	37	0.899	70.00	0.121
276.974	0.05	Adapter 899Hz	37	0.899	70.00	0.121
277.054	0.05	Adapter 899Hz	37	0.899	70.00	0.121
277.134	0.05	Adapter 899Hz	37	0.899	70.00	0.121
277.214	0.05	Adapter 899Hz	37	0.899	70.00	0.121
279.993	0.05	Adapter 1501Hz	38	1.501	70.00	0.186
280.073	0.05	Adapter 1501Hz	38	1.501	70.00	0.186
280.153	0.05	Adapter 1501Hz	38	1.501	70.00	0.186
280.233	0.05	Adapter 1501Hz	38	1.501	70.00	0.186
280.493	0.05	Adapter 1501Hz	38	1.501	70.00	0.186
280.573	0.05	Adapter 1501Hz	38	1.501	70.00	0.186
280.653	0.05	Adapter 1501Hz	38	1.501	70.00	0.186
280.733	0.05	Adapter 1501Hz	38	1.501	70.00	0.186
280.993	0.05	Adapter 1501Hz	38	1.501	70.00	0.186
281.073	0.05	Adapter 1501Hz	38	1.501	70.00	0.186
281.153	0.05	Adapter 1501Hz	38	1.501	70.00	0.186
281.233	0.05	Adapter 1501Hz	38	1.501	70.00	0.186
281.493	0.05	Adapter 1501Hz	38	1.501	70.00	0.186
281.573	0.05	Adapter 1501Hz	38	1.501	70.00	0.186
281.653	0.05	Adapter 1501Hz	38	1.501	70.00	0.186
281.733	0.05	Adapter 1501Hz	38	1.501	70.00	0.186
281.993	0.05	Adapter 1501Hz	38	1.501	70.00	0.186
282.073	0.05	Adapter 1501Hz	38	1.501	70.00	0.186
282.153	0.05	Adapter 1501Hz	38	1.501	70.00	0.186
282.233	0.05	Adapter 1501Hz	38	1.501	70.00	0.186
282.493	0.05	Adapter 1501Hz	38	1.501	70.00	0.186
282.573	0.05	Adapter 1501Hz	38	1.501	70.00	0.186
282.653	0.05	Adapter 1501Hz	38	1.501	70.00	0.186
282.733	0.05	Adapter 1501Hz	38	1.501	70.00	0.186
282.993	0.05	Adapter 1501Hz	38	1.501	70.00	0.186
283.073	0.05	Adapter 1501Hz	38	1.501	70.00	0.186
283.153	0.05	Adapter 1501Hz	38	1.501	70.00	0.186
283.233	0.05	Adapter 1501Hz	38	1.501	70.00	0.186
283.493	0.05	Adapter 1501Hz	38	1.501	70.00	0.186
283.573	0.05	Adapter 1501Hz	38	1.501	70.00	0.186
283.653	0.05	Adapter 1501Hz	38	1.501	70.00	0.186
283.733	0.05	Adapter 1501Hz	38	1.501	70.00	0.186
283.993	0.05	Adapter 1501Hz	38	1.501	70.00	0.186
284.073	0.05	Adapter 1501Hz	38	1.501	70.00	0.186
284.153	0.05	Adapter 1501Hz	38	1.501	70.00	0.186
284.233	0.05	Adapter 1501Hz	38	1.501	70.00	0.186
284.493	0.05	Adapter 1501Hz	38	1.501	70.00	0.186
284.573	0.05	Adapter 1501Hz	38	1.501	70.00	0.186
284.653	0.05	Adapter 1501Hz	38	1.501	70.00	0.186
284.733	0.05	Adapter 1501Hz	38	1.501	70.00	0.186
287.497	0.05	Adapter 1501Hz Probe 3839Hz	39	1.501	70.00	0.186
287.577	0.05	Adapter 1501Hz Probe 3839Hz	39	1.501	70.00	0.186
287.657	0.05	Adapter 1501Hz Probe 3839Hz	39	1.501	70.00	0.186
287.737	0.05	Adapter 1501Hz Probe 3839Hz	39	1.501	70.00	0.186
287.817	0.05	Adapter 1501Hz Probe 3839Hz	39	3.839	70.00	0.437
287.997	0.05	Adapter 1501Hz Probe 3839Hz	39	1.501	70.00	0.186
288.077	0.05	Adapter 1501Hz Probe 3839Hz	39	1.501	70.00	0.186
288.157	0.05	Adapter 1501Hz Probe 3839Hz	39	1.501	70.00	0.186
288.237	0.05	Adapter 1501Hz Probe 3839Hz	39	1.501	70.00	0.186
288.317	0.05	Adapter 1501Hz Probe 3839Hz	39	3.839	70.00	0.437
288.497	0.05	Adapter 1501Hz Probe 3839Hz	39	1.501	70.00	0.186
288.577	0.05	Adapter 1501Hz Probe 3839Hz	39	1.501	70.00	0.186
288.657	0.05	Adapter 1501Hz Probe 3839Hz	39	1.501	70.00	0.186
288.737	0.05	Adapter 1501Hz Probe 3839Hz	39	1.501	70.00	0.186
288.817	0.05	Adapter 1501Hz Probe 3839Hz	39	3.839	70.00	0.437
288.997	0.05	Adapter 1501Hz Probe 3839Hz	39	1.501	70.00	0.186
289.077	0.05	Adapter 1501Hz Probe 3839Hz	39	1.501	70.00	0.186
289.157	0.05	Adapter 1501Hz Probe 3839Hz	39	1.501	70.00	0.186
289.237	0.05	Adapter 1501Hz Probe 3839Hz	39	1.501	70.00	0.186
289.317	0.05	Adapter 1501Hz Probe 3839Hz	39	3.839	70.00	0.437
289.497	0.05	Adapter 1501Hz Probe 3839Hz	39	1.501	70.00	0.186
289.577	0.05	Adapter 1501Hz Probe 3839Hz	39	1.501	70.00	0.186
289.657	0.05	Adapter 1501Hz Probe 3839Hz	39	1.501	70.00	0.186
289.737	0.05	Adapter 1501Hz Probe 3839Hz	39	1.501	70.00	0.186
289.817	0.05	Adapter 1501Hz Probe 3839Hz	39	3.839	70.00	0.437
289.997	0.05	Adapter 1501Hz Probe 3839Hz	39	1.501	70.00	0.186
290.077	0.05	Adapter 1501Hz Probe 3839Hz	39	1.501	70.00	0.186
290.157	0.05	Adapter 1501Hz Probe 3839Hz	39	1.501	70.00	0.186
290.237	0.05	Adapter 1501Hz Probe 3839Hz	39	1.501	70.00	0.186
290.317	0.05	Adapter 1501Hz Probe 3839Hz	39	3.839	70.00	0.437
290.497	0.05	Adapter 1501Hz Probe 3839Hz	39	1.501	70.00	0.186
290.577	0.05	Adapter 1501Hz Probe 3839Hz	39	1.501	70.00	0.186
290.657	0.05	Adapter 1501Hz Probe 3839Hz	39	1.501	70.00	0.186
290.737	0.05	Adapter 1501Hz Probe 3839Hz	39	1.501	70.00	0.186
290.817	0.05	Adapter 1501Hz Probe 3839Hz	39	3.839	70.00	0.437
290.997	0.05	Adapter 1501Hz Probe 3839Hz	39	1.501	70.00	0.186
291.077	0.05	Adapter 1501Hz Probe 3839Hz	39	1.501	70.00	0.186
291.157	0.05	Adapter 1501Hz Probe 3839Hz	39	1.501	70.00	0.186
291.237	0.05	Adapter 1501Hz Probe 3839Hz	39	1.501	70.00	0.186
291.317	0.05	Adapter 1501Hz Probe 3839Hz	39	3.839	70.00	0.437
291.497	0.05	Adapter 1501Hz Probe 3839Hz	39	1.501	70.00	0.186
291.577	0.05	Adapter 1501Hz Probe 3839Hz	39	1.501	70.00	0.186
291.657	0.05	Adapter 1501Hz Probe 3839Hz	39	1.501	70.00	0.186
291.737	0.05	Adapter 1501Hz Probe 3839Hz	39	1.501	70.00	0.186
291.817	0.05	Adapter 1501Hz Probe 3839Hz	39	3.839	70.00	0.437
291.997	0.05	Adapter 1501Hz Probe 3839Hz	39	1.501	70.00	0.186
292.077	0.05	Adapter 1501Hz Probe 3839Hz	39	1.501	70.00	0.186
292.157	0.05	Adapter 1501Hz Probe 3839Hz	39	1.501	70.00	0.186
292.237	0.05	Adapter 1501Hz Probe 3839Hz	39	1.501	70.00	0.186
292.317	0.05	Adapter 1501Hz Probe 3839Hz	39	3.839	70.00	0.437
294.985	0.05	Adapter 507Hz Probe 3839Hz	40	0.507	70.00	0.079
295.065	0.05	Adapter 507Hz Probe 3839Hz	40	0.507	70.00	0.079
295.145	0.05	Adapter 507Hz Probe 3839Hz	40	0.507	70.00	0.079
295.225	0.05	Adapter 507Hz Probe 3839Hz	40	0.507	70.00	0.079
295.305	0.05	Adapter 507Hz Probe 3839Hz	40	3.839	70.00	0.437
295.485	0.05	Adapter 507Hz Probe 3839Hz	40	0.507	70.00	0.079
295.565	0.05	Adapter 507Hz Probe 3839Hz	40	0.507	70.00	0.079
295.645	0.05	Adapter 507Hz Probe 3839Hz	40	0.507	70.00	0.079
295.725	0.05	Adapter 507Hz Probe 3839Hz	40	0.507	70.00	0.079
295.805	0.05	Adapter 507Hz Probe 3839Hz	40	3.839	70.00	0.437
295.985	0.05	Adapter 507Hz Probe 3839Hz	40	0.507	70.00	0.079
296.065	0.05	Adapter 507Hz Probe 3839Hz	40	0.507	70.00	0.079
296.145	0.05	Adapter 507Hz Probe 3839Hz	40	0.507	70.00	0.079
296.225	0.05	Adapter 507Hz Probe 3839Hz	40	0.507	70.00	0.079
296.305	0.05	Adapter 507Hz Probe 3839Hz	40	3.839	70.00	0.437
296.485	0.05	Adapter 507Hz Probe 3839Hz	40	0.507	70.00	0.079
296.565	0.05	Adapter 507Hz Probe 3839Hz	40	0.507	70.00	0.079
296.645	0.05	Adapter 507Hz Probe 3839Hz	40	0.507	70.00	0.079
296.725	0.05	Adapter 507Hz Probe 3839Hz	40	0.507	70.00	0.079
296.805	0.05	Adapter 507Hz Probe 3839Hz	40	3.839	70.00	0.437
296.985	0.05	Adapter 507Hz Probe 3839Hz	40	0.507	70.00	0.079
297.065	0.05	Adapter 507Hz Probe 3839Hz	40	0.507	70.00	0.079
297.145	0.05	Adapter 507Hz Probe 3839Hz	40	0.507	70.00	0.079
297.225	0.05	Adapter 507Hz Probe 3839Hz	40	0.507	70.00	0.079
297.305	0.05	Adapter 507Hz Probe 3839Hz	40	3.839	70.00	0.437
297.485	0.05	Adapter 507Hz Probe 3839Hz	40	0.507	70.00	0.079
297.565	0.05	Adapter 507Hz Probe 3839Hz	40	0.507	70.00	0.079
297.645	0.05	Adapter 507Hz Probe 3839Hz	40	0.507	70.00	0.079
297.725	0.05	Adapter 507Hz Probe 3839Hz	40	0.507	70.00	0.079
297.805	0.05	Adapter 507Hz Probe 3839Hz	40	3.839	70.00	0.437
297.985	0.05	Adapter 507Hz Probe 3839Hz	40	0.507	70.00	0.079
298.065	0.05	Adapter 507Hz Probe 3839Hz	40	0.507	70.00	0.079
298.145	0.05	Adapter 507Hz Probe 3839Hz	40	0.507	70.00	0.079
298.225	0.05	Adapter 507Hz Probe 3839Hz	40	0.507	70.00	0.079
298.305	0.05	Adapter 507Hz Probe 3839Hz	40	3.839	70.00	0.437
298.485	0.05	Adapter 507Hz Probe 3839Hz	40	0.507	70.00	0.079
298.565	0.05	Adapter 507Hz Probe 3839Hz	40	0.507	70.00	0.079
298.645	0.05	Adapter 507Hz Probe 3839Hz	40	0.507	70.00	0.079
298.725	0.05	Adapter 507Hz Probe 3839Hz	40	0.507	70.00	0.079
298.805	0.05	Adapter 507Hz Probe 3839Hz	40	3.839	70.00	0.437
298.985	0.05	Adapter 507Hz Probe 3839Hz	40	0.507	70.00	0.079
299.065	0.05	Adapter 507Hz Probe 3839Hz	40	0.507	70.00	0.079
299.145	0.05	Adapter 507Hz Probe 3839Hz	40	0.507	70.00	0.079
299.225	0.05	Adapter 507Hz Probe 3839Hz	40	0.507	70.00	0.079
299.305	0.05	Adapter 507Hz Probe 3839Hz	40	3.839	70.00	0.437
299.485	0.05	Adapter 507Hz Probe 3839Hz	40	0.507	70.00	0.079
299.565	0.05	Adapter 507Hz Probe 3839Hz	40	0.507	70.00	0.079
299.645	0.05	Adapter 507Hz Probe 3839Hz	40	0.507	70.00	0.079
299.725	0.05	Adapter 507Hz Probe 3839Hz	40	0.507	70.00	0.079
299.805	0.05	Adapter 507Hz Probe 3839Hz	40	3.839	70.00	0.437
302.808	0.05	Probe 3839Hz	41	3.839	70.00	0.437
303.308	0.05	Probe 3839Hz	41	3.839	70.00	0.437
303.808	0.05	Probe 3839Hz	41	3.839	70.00	0.437
304.308	0.05	Probe 3839Hz	41	3.839	70.00	0.437
304.808	0.05	Probe 3839Hz	41	3.839	70.00	0.437
305.308	0.05	Probe 3839Hz	41	3.839	70.00	0.437
305.808	0.05	Probe 3839Hz	41	3.839	70.00	0.437
306.308	0.05	Probe 3839Hz	41	3.839	70.00	0.437
306.808	0.05	Probe 3839Hz	41	3.839	70.00	0.437
307.308	0.05	Probe 3839Hz	41	3.839	70.00	0.437
309.992	0.05	Adapter 2423Hz	42	2.423	70.00	0.285
310.072	0.05	Adapter 2423Hz	42	2.423	70.00	0.285
310.152	0.05	Adapter 2423Hz	42	2.423	70.00	0.285
310.232	0.05	Adapter 2423Hz	42	2.423	70.00	0.285
310.492	0.05	Adapter 2423Hz	42	2.423	70.00	0.285
310.572	0.05	Adapter 2423Hz	42	2.423	70.00	0.285
310.652	0.05	Adapter 2423Hz	42	2.423	70.00	0.285
310.732	0.05	Adapter 2423Hz	42	2.423	70.00	0.285
310.992	0.05	Adapter 2423Hz	42	2.423	70.00	0.285
311.072	0.05	Adapter 2423Hz	42	2.423	70.00	0.285
311.152	0.05	Adapter 2423Hz	42	2.423	70.00	0.285
311.232	0.05	Adapter 2423Hz	42	2.423	70.00	0.285
311.492	0.05	Adapter 2423Hz	42	2.423	70.00	0.285
311.572	0.05	Adapter 2423Hz	42	2.423	70.00	0.285
311.652	0.05	Adapter 2423Hz	42	2.423	70.00	0.285
311.732	0.05	Adapter 2423Hz	42	2.423	70.00	0.285
311.992	0.05	Adapter 2423Hz	42	2.423	70.00	0.285
312.072	0.05	Adapter 2423Hz	42	2.423	70.00	0.285
312.152	0.05	Adapter 2423Hz	42	2.423	70.00	0.285
312.232	0.05	Adapter 2423Hz	42	2.423	70.00	0.285
312.492	0.05	Adapter 2423Hz	42	2.423	70.00	0.285
312.572	0.05	Adapter 2423Hz	42	2.423	70.00	0.285
312.652	0.05	Adapter 2423Hz	42	2.423	70.00	0.285
312.732	0.05	Adapter 2423Hz	42	2.423	70.00	0.285
312.992	0.05	Adapter 2423Hz	42	2.423	70.00	0.285
313.072	0.05	Adapter 2423Hz	42	2.423	70.00	0.285
313.152	0.05	Adapter 2423Hz	42	2.423	70.00	0.285
313.232	0.05	Adapter 2423Hz	42	2.423	70.00	0.285
313.492	0.05	Adapter 2423Hz	42	2.423	70.00	0.285
313.572	0.05	Adapter 2423Hz	42	2.423	70.00	0.285
313.652	0.05	Adapter 2423Hz	42	2.423	70.00	0.285
313.732	0.05	Adapter 2423Hz	42	2.423	70.00	0.285
313.992	0.05	Adapter 2423Hz	42	2.423	70.00	0.285
314.072	0.05	Adapter 2423Hz	42	2.423	70.00	0.285
314.152	0.05	Adapter 2423Hz	42	2.423	70.00	0.285
314.232	0.05	Adapter 2423Hz	42	2.423	70.00	0.285
314.492	0.05	Adapter 2423Hz	42	2.423	70.00	0.285
314.572	0.05	Adapter 2423Hz	42	2.423	70.00	0.285
314.652	0.05	Adapter 2423Hz	42	2.423	70.00	0.285
314.732	0.05	Adapter 2423Hz	42	2.423	70.00	0.285
332.456	0.05	Adapter 251Hz	45	0.251	70.00	0.052
332.536	0.05	Adapter 251Hz	45	0.251	70.00	0.052
332.616	0.05	Adapter 251Hz	45	0.251	70.00	0.052
332.696	0.05	Adapter 251Hz	45	0.251	70.00	0.052
332.956	0.05	Adapter 251Hz	45	0.251	70.00	0.052
333.036	0.05	Adapter 251Hz	45	0.251	70.00	0.052
333.116	0.05	Adapter 251Hz	45	0.251	70.00	0.052
333.196	0.05	Adapter 251Hz	45	0.251	70.00	0.052
333.456	0.05	Adapter 251Hz	45	0.251	70.00	0.052
333.536	0.05	Adapter 251Hz	45	0.251	70.00	0.052
333.616	0.05	Adapter 251Hz	45	0.251	70.00	0.052
333.696	0.05	Adapter 251Hz	45	0.251	70.00	0.052
333.956	0.05	Adapter 251Hz	45	0.251	70.00	0.052
334.036	0.05	Adapter 251Hz	45	0.251	70.00	0.052
334.116	0.05	Adapter 251Hz	45	0.251	70.00	0.052
334.196	0.05	Adapter 251Hz	45	0.251	70.00	0.052
334.456	0.05	Adapter 251Hz	45	0.251	70.00	0.052
334.536	0.05	Adapter 251Hz	45	0.251	70.00	0.052
334.616	0.05	Adapter 251Hz	45	0.251	70.00	0.052
334.696	0.05	Adapter 251Hz	45	0.251	70.00	0.052
334.956	0.05	Adapter 251Hz	45	0.251	70.00	0.052
335.036	0.05	Adapter 251Hz	45	0.251	70.00	0.052
335.116	0.05	Adapter 251Hz	45	0.251	70.00	0.052
335.196	0.05	Adapter 251Hz	45	0.251	70.00	0.052
335.456	0.05	Adapter 251Hz	45	0.251	70.00	0.052
335.536	0.05	Adapter 251Hz	45	0.251	70.00	0.052
335.616	0.05	Adapter 251Hz	45	0.251	70.00	0.052
335.696	0.05	Adapter 251Hz	45	0.251	70.00	0.052
335.956	0.05	Adapter 251Hz	45	0.251	70.00	0.052
336.036	0.05	Adapter 251Hz	45	0.251	70.00	0.052
336.116	0.05	Adapter 251Hz	45	0.251	70.00	0.052
336.196	0.05	Adapter 251Hz	45	0.251	70.00	0.052
336.456	0.05	Adapter 251Hz	45	0.251	70.00	0.052
336.536	0.05	Adapter 251Hz	45	0.251	70.00	0.052
336.616	0.05	Adapter 251Hz	45	0.251	70.00	0.052
336.696	0.05	Adapter 251Hz	45	0.251	70.00	0.052
336.956	0.05	Adapter 251Hz	45	0.251	70.00	0.052
337.036	0.05	Adapter 251Hz	45	0.251	70.00	0.052
337.116	0.05	Adapter 251Hz	45	0.251	70.00	0.052
337.196	0.05	Adapter 251Hz	45	0.251	70.00	0.052
339.975	0.05	Adapter 6009Hz	46	6.009	70.00	0.671
340.055	0.05	Adapter 6009Hz	46	6.009	70.00	0.671
340.135	0.05	Adapter 6009Hz	46	6.009	70.00	0.671
340.215	0.05	Adapter 6009Hz	46	6.009	70.00	0.671
340.475	0.05	Adapter 6009Hz	46	6.009	70.00	0.671
340.555	0.05	Adapter 6009Hz	46	6.009	70.00	0.671
340.635	0.05	Adapter 6009Hz	46	6.009	70.00	0.671
340.715	0.05	Adapter 6009Hz	46	6.009	70.00	0.671
340.975	0.05	Adapter 6009Hz	46	6.009	70.00	0.671
341.055	0.05	Adapter 6009Hz	46	6.009	70.00	0.671
341.135	0.05	Adapter 6009Hz	46	6.009	70.00	0.671
341.215	0.05	Adapter 6009Hz	46	6.009	70.00	0.671
341.475	0.05	Adapter 6009Hz	46	6.009	70.00	0.671
341.555	0.05	Adapter 6009Hz	46	6.009	70.00	0.671
341.635	0.05	Adapter 6009Hz	46	6.009	70.00	0.671
341.715	0.05	Adapter 6009Hz	46	6.009	70.00	0.671
341.975	0.05	Adapter 6009Hz	46	6.009	70.00	0.671
342.055	0.05	Adapter 6009Hz	46	6.009	70.00	0.671
342.135	0.05	Adapter 6009Hz	46	6.009	70.00	0.671
342.215	0.05	Adapter 6009Hz	46	6.009	70.00	0.671
342.475	0.05	Adapter 6009Hz	46	6.009	70.00	0.671
342.555	0.05	Adapter 6009Hz	46	6.009	70.00	0.671
342.635	0.05	Adapter 6009Hz	46	6.009	70.00	0.671
342.715	0.05	Adapter 6009Hz	46	6.009	70.00	0.671
342.975	0.05	Adapter 6009Hz	46	6.009	70.00	0.671
343.055	0.05	Adapter 6009Hz	46	6.009	70.00	0.671
343.135	0.05	Adapter 6009Hz	46	6.009	70.00	0.671
343.215	0.05	Adapter 6009Hz	46	6.009	70.00	0.671
343.475	0.05	Adapter 6009Hz	46	6.009	70.00	0.671
343.555	0.05	Adapter 6009Hz	46	6.009	70.00	0.671
343.635	0.05	Adapter 6009Hz	46	6.009	70.00	0.671
343.715	0.05	Adapter 6009Hz	46	6.009	70.00	0.671
343.975	0.05	Adapter 6009Hz	46	6.009	70.00	0.671
344.055	0.05	Adapter 6009Hz	46	6.009	70.00	0.671
344.135	0.05	Adapter 6009Hz	46	6.009	70.00	0.671
344.215	0.05	Adapter 6009Hz	46	6.009	70.00	0.671
344.475	0.05	Adapter 6009Hz	46	6.009	70.00	0.671
344.555	0.05	Adapter 6009Hz	46	6.009	70.00	0.671
344.635	0.05	Adapter 6009Hz	46	6.009	70.00	0.671
344.715	0.05	Adapter 6009Hz	46	6.009	70.00	0.671
347.479	0.05	Adapter 3839Hz Probe 3839Hz	47	3.839	70.00	0.437
347.559	0.05	Adapter 3839Hz Probe 3839Hz	47	3.839	70.00	0.437
347.639	0.05	Adapter 3839Hz Probe 3839Hz	47	3.839	70.00	0.437
347.719	0.05	Adapter 3839Hz Probe 3839Hz	47	3.839	70.00	0.437
347.799	0.05	Adapter 3839Hz Probe 3839Hz	47	3.839	70.00	0.437
347.979	0.05	Adapter 3839Hz Probe 3839Hz	47	3.839	70.00	0.437
348.059	0.05	Adapter 3839Hz Probe 3839Hz	47	3.839	70.00	0.437
348.139	0.05	Adapter 3839Hz Probe 3839Hz	47	3.839	70.00	0.437
348.219	0.05	Adapter 3839Hz Probe 3839Hz	47	3.839	70.00	0.437
348.299	0.05	Adapter 3839Hz Probe 3839Hz	47	3.839	70.00	0.437
348.479	0.05	Adapter 3839Hz Probe 3839Hz	47	3.839	70.00	0.437
348.559	0.05	Adapter 3839Hz Probe 3839Hz	47	3.839	70.00	0.437
348.639	0.05	Adapter 3839Hz Probe 3839Hz	47	3.839	70.00	0.437
348.719	0.05	Adapter 3839Hz Probe 3839Hz	47	3.839	70.00	0.437
348.799	0.05	Adapter 3839Hz Probe 3839Hz	47	3.839	70.00	0.437
348.979	0.05	Adapter 3839Hz Probe 3839Hz	47	3.839	70.00	0.437
349.059	0.05	Adapter 3839Hz Probe 3839Hz	47	3.839	70.00	0.437
349.139	0.05	Adapter 3839Hz Probe 3839Hz	47	3.839	70.00	0.437
349.219	0.05	Adapter 3839Hz Probe 3839Hz	47	3.839	70.00	0.437
349.299	0.05	Adapter 3839Hz Probe 3839Hz	47	3.839	70.00	0.437
349.479	0.05	Adapter 3839Hz Probe 3839Hz	47	3.839	70.00	0.437
349.559	0.05	Adapter 3839Hz Probe 3839Hz	47	3.839	70.00	0.437
349.639	0.05	Adapter 3839Hz Probe 3839Hz	47	3.839	70.00	0.437
349.719	0.05	Adapter 3839Hz Probe 3839Hz	47	3.839	70.00	0.437
349.799	0.05	Adapter 3839Hz Probe 3839Hz	47	3.839	70.00	0.437
349.979	0.05	Adapter 3839Hz Probe 3839Hz	47	3.839	70.00	0.437
350.059	0.05	Adapter 3839Hz Probe 3839Hz	47	3.839	70.00	0.437
350.139	0.05	Adapter 3839Hz Probe 3839Hz	47	3.839	70.00	0.437
350.219	0.05	Adapter 3839Hz Probe 3839Hz	47	3.839	70.00	0.437
350.299	0.05	Adapter 3839Hz Probe 3839Hz	47	3.839	70.00	0.437
350.479	0.05	Adapter 3839Hz Probe 3839Hz	47	3.839	70.00	0.437
350.559	0.05	Adapter 3839Hz Probe 3839Hz	47	3.839	70.00	0.437
350.639	0.05	Adapter 3839Hz Probe 3839Hz	47	3.839	70.00	0.437
350.719	0.05	Adapter 3839Hz Probe 3839Hz	47	3.839	70.00	0.437
350.799	0.05	Adapter 3839Hz Probe 3839Hz	47	3.839	70.00	0.437
350.979	0.05	Adapter 3839Hz Probe 3839Hz	47	3.839	70.00	0.437
351.059	0.05	Adapter 3839Hz Probe 3839Hz	47	3.839	70.00	0.437
351.139	0.05	Adapter 3839Hz Probe 3839Hz	47	3.839	70.00	0.437
351.219	0.05	Adapter 3839Hz Probe 3839Hz	47	3.839	70.00	0.437
351.299	0.05	Adapter 3839Hz Probe 3839Hz	47	3.839	70.00	0.437
351.479	0.05	Adapter 3839Hz Probe 3839Hz	47	3.839	70.00	0.437
351.559	0.05	Adapter 3839Hz Probe 3839Hz	47	3.839	70.00	0.437
351.639	0.05	Adapter 3839Hz Probe 3839Hz	47	3.839	70.00	0.437
351.719	0.05	Adapter 3839Hz Probe 3839Hz	47	3.839	70.00	0.437
351.799	0.05	Adapter 3839Hz Probe 3839Hz	47	3.839	70.00	0.437
351.979	0.05	Adapter 3839Hz Probe 3839Hz	47	3.839	70.00	0.437
352.059	0.05	Adapter 3839Hz Probe 3839Hz	47	3.839	70.00	0.437
352.139	0.05	Adapter 3839Hz Probe 3839Hz	47	3.839	70.00	0.437
352.219	0.05	Adapter 3839Hz Probe 3839Hz	47	3.839	70.00	0.437
352.299	0.05	Adapter 3839Hz Probe 3839Hz	47	3.839	70.00	0.437
354.951	0.05	Adapter 3839Hz	48	3.839	70.00	0.437
355.031	0.05	Adapter 3839Hz	48	3.839	70.00	0.437
355.111	0.05	Adapter 3839Hz	48	3.839	70.00	0.437
355.191	0.05	Adapter 3839Hz	48	3.839	70.00	0.437
355.451	0.05	Adapter 3839Hz	48	3.839	70.00	0.437
355.531	0.05	Adapter 3839Hz	48	3.839	70.00	0.437
355.611	0.05	Adapter 3839Hz	48	3.839	70.00	0.437
355.691	0.05	Adapter 3839Hz	48	3.839	70.00	0.437
355.951	0.05	Adapter 3839Hz	48	3.839	70.00	0.437
356.031	0.05	Adapter 3839Hz	48	3.839	70.00	0.437
356.111	0.05	Adapter 3839Hz	48	3.839	70.00	0.437
356.191	0.05	Adapter 3839Hz	48	3.839	70.00	0.437
356.451	0.05	Adapter 3839Hz	48	3.839	70.00	0.437
356.531	0.05	Adapter 3839Hz	48	3.839	70.00	0.437
356.611	0.05	Adapter 3839Hz	48	3.839	70.00	0.437
356.691	0.05	Adapter 3839Hz	48	3.839	70.00	0.437
356.951	0.05	Adapter 3839Hz	48	3.839	70.00	0.437
357.031	0.05	Adapter 3839Hz	48	3.839	70.00	0.437
357.111	0.05	Adapter 3839Hz	48	3.839	70.00	0.437
357.191	0.05	Adapter 3839Hz	48	3.839	70.00	0.437
357.451	0.05	Adapter 3839Hz	48	3.839	70.00	0.437
357.531	0.05	Adapter 3839Hz	48	3.839	70.00	0.437
357.611	0.05	Adapter 3839Hz	48	3.839	70.00	0.437
357.691	0.05	Adapter 3839Hz	48	3.839	70.00	0.437
357.951	0.05	Adapter 3839Hz	48	3.839	70.00	0.437
358.031	0.05	Adapter 3839Hz	48	3.839	70.00	0.437
358.111	0.05	Adapter 3839Hz	48	3.839	70.00	0.437
358.191	0.05	Adapter 3839Hz	48	3.839	70.00	0.437
358.451	0.05	Adapter 3839Hz	48	3.839	70.00	0.437
358.531	0.05	Adapter 3839Hz	48	3.839	70.00	0.437
358.611	0.05	Adapter 3839Hz	48	3.839	70.00	0.437
358.691	0.05	Adapter 3839Hz	48	3.839	70.00	0.437
358.951	0.05	Adapter 3839Hz	48	3.839	70.00	0.437
359.031	0.05	Adapter 3839Hz	48	3.839	70.00	0.437
359.111	0.05	Adapter 3839Hz	48	3.839	70.00	0.437
359.191	0.05	Adapter 3839Hz	48	3.839	70.00	0.437
359.451	0.05	Adapter 3839Hz	48	3.839	70.00	0.437
359.531	0.05	Adapter 3839Hz	48	3.839	70.00	0.437
359.611	0.05	Adapter 3839Hz	48	3.839	70.00	0.437
359.691	0.05	Adapter 3839Hz	48	3.839	70.00	0.437
369.99	0.05	Adapter 6009Hz	50	6.009	70.00	0.671
370.07	0.05	Adapter 6009Hz	50	6.009	70.00	0.671
370.15	0.05	Adapter 6009Hz	50	6.009	70.00	0.671
370.23	0.05	Adapter 6009Hz	50	6.009	70.00	0.671
370.49	0.05	Adapter 6009Hz	50	6.009	70.00	0.671
370.57	0.05	Adapter 6009Hz	50	6.009	70.00	0.671
370.65	0.05	Adapter 6009Hz	50	6.009	70.00	0.671
370.73	0.05	Adapter 6009Hz	50	6.009	70.00	0.671
370.99	0.05	Adapter 6009Hz	50	6.009	70.00	0.671
371.07	0.05	Adapter 6009Hz	50	6.009	70.00	0.671
371.15	0.05	Adapter 6009Hz	50	6.009	70.00	0.671
371.23	0.05	Adapter 6009Hz	50	6.009	70.00	0.671
371.49	0.05	Adapter 6009Hz	50	6.009	70.00	0.671
371.57	0.05	Adapter 6009Hz	50	6.009	70.00	0.671
371.65	0.05	Adapter 6009Hz	50	6.009	70.00	0.671
371.73	0.05	Adapter 6009Hz	50	6.009	70.00	0.671
371.99	0.05	Adapter 6009Hz	50	6.009	70.00	0.671
372.07	0.05	Adapter 6009Hz	50	6.009	70.00	0.671
372.15	0.05	Adapter 6009Hz	50	6.009	70.00	0.671
372.23	0.05	Adapter 6009Hz	50	6.009	70.00	0.671
372.49	0.05	Adapter 6009Hz	50	6.009	70.00	0.671
372.57	0.05	Adapter 6009Hz	50	6.009	70.00	0.671
372.65	0.05	Adapter 6009Hz	50	6.009	70.00	0.671
372.73	0.05	Adapter 6009Hz	50	6.009	70.00	0.671
372.99	0.05	Adapter 6009Hz	50	6.009	70.00	0.671
373.07	0.05	Adapter 6009Hz	50	6.009	70.00	0.671
373.15	0.05	Adapter 6009Hz	50	6.009	70.00	0.671
373.23	0.05	Adapter 6009Hz	50	6.009	70.00	0.671
373.49	0.05	Adapter 6009Hz	50	6.009	70.00	0.671
373.57	0.05	Adapter 6009Hz	50	6.009	70.00	0.671
373.65	0.05	Adapter 6009Hz	50	6.009	70.00	0.671
373.73	0.05	Adapter 6009Hz	50	6.009	70.00	0.671
373.99	0.05	Adapter 6009Hz	50	6.009	70.00	0.671
374.07	0.05	Adapter 6009Hz	50	6.009	70.00	0.671
374.15	0.05	Adapter 6009Hz	50	6.009	70.00	0.671
374.23	0.05	Adapter 6009Hz	50	6.009	70.00	0.671
374.49	0.05	Adapter 6009Hz	50	6.009	70.00	0.671
374.57	0.05	Adapter 6009Hz	50	6.009	70.00	0.671
374.65	0.05	Adapter 6009Hz	50	6.009	70.00	0.671
374.73	0.05	Adapter 6009Hz	50	6.009	70.00	0.671
377.493	0.05	Adapter 899Hz	51	0.899	70.00	0.121
377.573	0.05	Adapter 899Hz	51	0.899	70.00	0.121
377.653	0.05	Adapter 899Hz	51	0.899	70.00	0.121
377.733	0.05	Adapter 899Hz	51	0.899	70.00	0.121
377.993	0.05	Adapter 899Hz	51	0.899	70.00	0.121
378.073	0.05	Adapter 899Hz	51	0.899	70.00	0.121
378.153	0.05	Adapter 899Hz	51	0.899	70.00	0.121
378.233	0.05	Adapter 899Hz	51	0.899	70.00	0.121
378.493	0.05	Adapter 899Hz	51	0.899	70.00	0.121
378.573	0.05	Adapter 899Hz	51	0.899	70.00	0.121
378.653	0.05	Adapter 899Hz	51	0.899	70.00	0.121
378.733	0.05	Adapter 899Hz	51	0.899	70.00	0.121
378.993	0.05	Adapter 899Hz	51	0.899	70.00	0.121
379.073	0.05	Adapter 899Hz	51	0.899	70.00	0.121
379.153	0.05	Adapter 899Hz	51	0.899	70.00	0.121
379.233	0.05	Adapter 899Hz	51	0.899	70.00	0.121
379.493	0.05	Adapter 899Hz	51	0.899	70.00	0.121
379.573	0.05	Adapter 899Hz	51	0.899	70.00	0.121
379.653	0.05	Adapter 899Hz	51	0.899	70.00	0.121
379.733	0.05	Adapter 899Hz	51	0.899	70.00	0.121
379.993	0.05	Adapter 899Hz	51	0.899	70.00	0.121
380.073	0.05	Adapter 899Hz	51	0.899	70.00	0.121
380.153	0.05	Adapter 899Hz	51	0.899	70.00	0.121
380.233	0.05	Adapter 899Hz	51	0.899	70.00	0.121
380.493	0.05	Adapter 899Hz	51	0.899	70.00	0.121
380.573	0.05	Adapter 899Hz	51	0.899	70.00	0.121
380.653	0.05	Adapter 899Hz	51	0.899	70.00	0.121
380.733	0.05	Adapter 899Hz	51	0.899	70.00	0.121
380.993	0.05	Adapter 899Hz	51	0.899	70.00	0.121
381.073	0.05	Adapter 899Hz	51	0.899	70.00	0.121
381.153	0.05	Adapter 899Hz	51	0.899	70.00	0.121
381.233	0.05	Adapter 899Hz	51	0.899	70.00	0.121
381.493	0.05	Adapter 899Hz	51	0.899	70.00	0.121
381.573	0.05	Adapter 899Hz	51	0.899	70.00	0.121
381.653	0.05	Adapter 899Hz	51	0.899	70.00	0.121
381.733	0.05	Adapter 899Hz	51	0.899	70.00	0.121
381.993	0.05	Adapter 899Hz	51	0.899	70.00	0.121
382.073	0.05	Adapter 899Hz	51	0.899	70.00	0.121
382.153	0.05	Adapter 899Hz	51	0.899	70.00	0.121
382.233	0.05	Adapter 899Hz	51	0.899	70.00	0.121
384.981	0.05	Adapter 251Hz	52	0.251	70.00	0.052
385.061	0.05	Adapter 251Hz	52	0.251	70.00	0.052
385.141	0.05	Adapter 251Hz	52	0.251	70.00	0.052
385.221	0.05	Adapter 251Hz	52	0.251	70.00	0.052
385.481	0.05	Adapter 251Hz	52	0.251	70.00	0.052
385.561	0.05	Adapter 251Hz	52	0.251	70.00	0.052
385.641	0.05	Adapter 251Hz	52	0.251	70.00	0.052
385.721	0.05	Adapter 251Hz	52	0.251	70.00	0.052
385.981	0.05	Adapter 251Hz	52	0.251	70.00	0.052
386.061	0.05	Adapter 251Hz	52	0.251	70.00	0.052
386.141	0.05	Adapter 251Hz	52	0.251	70.00	0.052
386.221	0.05	Adapter 251Hz	52	0.251	70.00	0.052
386.481	0.05	Adapter 251Hz	52	0.251	70.00	0.052
386.561	0.05	Adapter 251Hz	52	0.251	70.00	0.052
386.641	0.05	Adapter 251Hz	52	0.251	70.00	0.052
386.721	0.05	Adapter 251Hz	52	0.251	70.00	0.052
386.981	0.05	Adapter 251Hz	52	0.251	70.00	0.052
387.061	0.05	Adapter 251Hz	52	0.251	70.00	0.052
387.141	0.05	Adapter 251Hz	52	0.251	70.00	0.052
387.221	0.05	Adapter 251Hz	52	0.251	70.00	0.052
387.481	0.05	Adapter 251Hz	52	0.251	70.00	0.052
387.561	0.05	Adapter 251Hz	52	0.251	70.00	0.052
387.641	0.05	Adapter 251Hz	52	0.251	70.00	0.052
387.721	0.05	Adapter 251Hz	52	0.251	70.00	0.052
387.981	0.05	Adapter 251Hz	52	0.251	70.00	0.052
388.061	0.05	Adapter 251Hz	52	0.251	70.00	0.052
388.141	0.05	Adapter 251Hz	52	0.251	70.00	0.052
388.221	0.05	Adapter 251Hz	52	0.251	70.00	0.052
388.481	0.05	Adapter 251Hz	52	0.251	70.00	0.052
388.561	0.05	Adapter 251Hz	52	0.251	70.00	0.052
388.641	0.05	Adapter 251Hz	52	0.251	70.00	0.052
388.721	0.05	Adapter 251Hz	52	0.251	70.00	0.052
388.981	0.05	Adapter 251Hz	52	0.251	70.00	0.052
389.061	0.05	Adapter 251Hz	52	0.251	70.00	0.052
389.141	0.05	Adapter 251Hz	52	0.251	70.00	0.052
389.221	0.05	Adapter 251Hz	52	0.251	70.00	0.052
389.481	0.05	Adapter 251Hz	52	0.251	70.00	0.052
389.561	0.05	Adapter 251Hz	52	0.251	70.00	0.052
389.641	0.05	Adapter 251Hz	52	0.251	70.00	0.052
389.721	0.05	Adapter 251Hz	52	0.251	70.00	0.052
392.485	0.05	Adapter 3839Hz	53	3.839	70.00	0.437
392.565	0.05	Adapter 3839Hz	53	3.839	70.00	0.437
392.645	0.05	Adapter 3839Hz	53	3.839	70.00	0.437
392.725	0.05	Adapter 3839Hz	53	3.839	70.00	0.437
392.985	0.05	Adapter 3839Hz	53	3.839	70.00	0.437
393.065	0.05	Adapter 3839Hz	53	3.839	70.00	0.437
393.145	0.05	Adapter 3839Hz	53	3.839	70.00	0.437
393.225	0.05	Adapter 3839Hz	53	3.839	70.00	0.437
393.485	0.05	Adapter 3839Hz	53	3.839	70.00	0.437
393.565	0.05	Adapter 3839Hz	53	3.839	70.00	0.437
393.645	0.05	Adapter 3839Hz	53	3.839	70.00	0.437
393.725	0.05	Adapter 3839Hz	53	3.839	70.00	0.437
393.985	0.05	Adapter 3839Hz	53	3.839	70.00	0.437
394.065	0.05	Adapter 3839Hz	53	3.839	70.00	0.437
394.145	0.05	Adapter 3839Hz	53	3.839	70.00	0.437
394.225	0.05	Adapter 3839Hz	53	3.839	70.00	0.437
394.485	0.05	Adapter 3839Hz	53	3.839	70.00	0.437
394.565	0.05	Adapter 3839Hz	53	3.839	70.00	0.437
394.645	0.05	Adapter 3839Hz	53	3.839	70.00	0.437
394.725	0.05	Adapter 3839Hz	53	3.839	70.00	0.437
394.985	0.05	Adapter 3839Hz	53	3.839	70.00	0.437
395.065	0.05	Adapter 3839Hz	53	3.839	70.00	0.437
395.145	0.05	Adapter 3839Hz	53	3.839	70.00	0.437
395.225	0.05	Adapter 3839Hz	53	3.839	70.00	0.437
395.485	0.05	Adapter 3839Hz	53	3.839	70.00	0.437
395.565	0.05	Adapter 3839Hz	53	3.839	70.00	0.437
395.645	0.05	Adapter 3839Hz	53	3.839	70.00	0.437
395.725	0.05	Adapter 3839Hz	53	3.839	70.00	0.437
395.985	0.05	Adapter 3839Hz	53	3.839	70.00	0.437
396.065	0.05	Adapter 3839Hz	53	3.839	70.00	0.437
396.145	0.05	Adapter 3839Hz	53	3.839	70.00	0.437
396.225	0.05	Adapter 3839Hz	53	3.839	70.00	0.437
396.485	0.05	Adapter 3839Hz	53	3.839	70.00	0.437
396.565	0.05	Adapter 3839Hz	53	3.839	70.00	0.437
396.645	0.05	Adapter 3839Hz	53	3.839	70.00	0.437
396.725	0.05	Adapter 3839Hz	53	3.839	70.00	0.437
396.985	0.05	Adapter 3839Hz	53	3.839	70.00	0.437
397.065	0.05	Adapter 3839Hz	53	3.839	70.00	0.437
397.145	0.05	Adapter 3839Hz	53	3.839	70.00	0.437
397.225	0.05	Adapter 3839Hz	53	3.839	70.00	0.437
407.492	0.05	Adapter 3839Hz Probe 3839Hz	55	3.839	70.00	0.437
407.572	0.05	Adapter 3839Hz Probe 3839Hz	55	3.839	70.00	0.437
407.652	0.05	Adapter 3839Hz Probe 3839Hz	55	3.839	70.00	0.437
407.732	0.05	Adapter 3839Hz Probe 3839Hz	55	3.839	70.00	0.437
407.812	0.05	Adapter 3839Hz Probe 3839Hz	55	3.839	70.00	0.437
407.992	0.05	Adapter 3839Hz Probe 3839Hz	55	3.839	70.00	0.437
408.072	0.05	Adapter 3839Hz Probe 3839Hz	55	3.839	70.00	0.437
408.152	0.05	Adapter 3839Hz Probe 3839Hz	55	3.839	70.00	0.437
408.232	0.05	Adapter 3839Hz Probe 3839Hz	55	3.839	70.00	0.437
408.312	0.05	Adapter 3839Hz Probe 3839Hz	55	3.839	70.00	0.437
408.492	0.05	Adapter 3839Hz Probe 3839Hz	55	3.839	70.00	0.437
408.572	0.05	Adapter 3839Hz Probe 3839Hz	55	3.839	70.00	0.437
408.652	0.05	Adapter 3839Hz Probe 3839Hz	55	3.839	70.00	0.437
408.732	0.05	Adapter 3839Hz Probe 3839Hz	55	3.839	70.00	0.437
408.812	0.05	Adapter 3839Hz Probe 3839Hz	55	3.839	70.00	0.437
408.992	0.05	Adapter 3839Hz Probe 3839Hz	55	3.839	70.00	0.437
409.072	0.05	Adapter 3839Hz Probe 3839Hz	55	3.839	70.00	0.437
409.152	0.05	Adapter 3839Hz Probe 3839Hz	55	3.839	70.00	0.437
409.232	0.05	Adapter 3839Hz Probe 3839Hz	55	3.839	70.00	0.437
409.312	0.05	Adapter 3839Hz Probe 3839Hz	55	3.839	70.00	0.437
409.492	0.05	Adapter 3839Hz Probe 3839Hz	55	3.839	70.00	0.437
409.572	0.05	Adapter 3839Hz Probe 3839Hz	55	3.839	70.00	0.437
409.652	0.05	Adapter 3839Hz Probe 3839Hz	55	3.839	70.00	0.437
409.732	0.05	Adapter 3839Hz Probe 3839Hz	55	3.839	70.00	0.437
409.812	0.05	Adapter 3839Hz Probe 3839Hz	55	3.839	70.00	0.437
409.992	0.05	Adapter 3839Hz Probe 3839Hz	55	3.839	70.00	0.437
410.072	0.05	Adapter 3839Hz Probe 3839Hz	55	3.839	70.00	0.437
410.152	0.05	Adapter 3839Hz Probe 3839Hz	55	3.839	70.00	0.437
410.232	0.05	Adapter 3839Hz Probe 3839Hz	55	3.839	70.00	0.437
410.312	0.05	Adapter 3839Hz Probe 3839Hz	55	3.839	70.00	0.437
410.492	0.05	Adapter 3839Hz Probe 3839Hz	55	3.839	70.00	0.437
410.572	0.05	Adapter 3839Hz Probe 3839Hz	55	3.839	70.00	0.437
410.652	0.05	Adapter 3839Hz Probe 3839Hz	55	3.839	70.00	0.437
410.732	0.05	Adapter 3839Hz Probe 3839Hz	55	3.839	70.00	0.437
410.812	0.05	Adapter 3839Hz Probe 3839Hz	55	3.839	70.00	0.437
410.992	0.05	Adapter 3839Hz Probe 3839Hz	55	3.839	70.00	0.437
411.072	0.05	Adapter 3839Hz Probe 3839Hz	55	3.839	70.00	0.437
411.152	0.05	Adapter 3839Hz Probe 3839Hz	55	3.839	70.00	0.437
411.232	0.05	Adapter 3839Hz Probe 3839Hz	55	3.839	70.00	0.437
411.312	0.05	Adapter 3839Hz Probe 3839Hz	55	3.839	70.00	0.437
411.492	0.05	Adapter 3839Hz Probe 3839Hz	55	3.839	70.00	0.437
411.572	0.05	Adapter 3839Hz Probe 3839Hz	55	3.839	70.00	0.437
411.652	0.05	Adapter 3839Hz Probe 3839Hz	55	3.839	70.00	0.437
411.732	0.05	Adapter 3839Hz Probe 3839Hz	55	3.839	70.00	0.437
411.812	0.05	Adapter 3839Hz Probe 3839Hz	55	3.839	70.00	0.437
411.992	0.05	Adapter 3839Hz Probe 3839Hz	55	3.839	70.00	0.437
412.072	0.05	Adapter 3839Hz Probe 3839Hz	55	3.839	70.00	0.437
412.152	0.05	Adapter 3839Hz Probe 3839Hz	55	3.839	70.00	0.437
412.232	0.05	Adapter 3839Hz Probe 3839Hz	55	3.839	70.00	0.437
412.312	0.05	Adapter 3839Hz Probe 3839Hz	55	3.839	70.00	0.437
414.98	0.05	Adapter 1501Hz Probe 3839Hz	56	1.501	70.00	0.186
415.06	0.05	Adapter 1501Hz Probe 3839Hz	56	1.501	70.00	0.186
415.14	0.05	Adapter 1501Hz Probe 3839Hz	56	1.501	70.00	0.186
415.22	0.05	Adapter 1501Hz Probe 3839Hz	56	1.501	70.00	0.186
415.3	0.05	Adapter 1501Hz Probe 3839Hz	56	3.839	70.00	0.437
415.48	0.05	Adapter 1501Hz Probe 3839Hz	56	1.501	70.00	0.186
415.56	0.05	Adapter 1501Hz Probe 3839Hz	56	1.501	70.00	0.186
415.64	0.05	Adapter 1501Hz Probe 3839Hz	56	1.501	70.00	0.186
415.72	0.05	Adapter 1501Hz Probe 3839Hz	56	1.501	70.00	0.186
415.8	0.05	Adapter 1501Hz Probe 3839Hz	56	3.839	70.00	0.437
415.98	0.05	Adapter 1501Hz Probe 3839Hz	56	1.501	70.00	0.186
416.06	0.05	Adapter 1501Hz Probe 3839Hz	56	1.501	70.00	0.186
416.14	0.05	Adapter 1501Hz Probe 3839Hz	56	1.501	70.00	0.186
416.22	0.05	Adapter 1501Hz Probe 3839Hz	56	1.501	70.00	0.186
416.3	0.05	Adapter 1501Hz Probe 3839Hz	56	3.839	70.00	0.437
416.48	0.05	Adapter 1501Hz Probe 3839Hz	56	1.501	70.00	0.186
416.56	0.05	Adapter 1501Hz Probe 3839Hz	56	1.501	70.00	0.186
416.64	0.05	Adapter 1501Hz Probe 3839Hz	56	1.501	70.00	0.186
416.72	0.05	Adapter 1501Hz Probe 3839Hz	56	1.501	70.00	0.186
416.8	0.05	Adapter 1501Hz Probe 3839Hz	56	3.839	70.00	0.437
416.98	0.05	Adapter 1501Hz Probe 3839Hz	56	1.501	70.00	0.186
417.06	0.05	Adapter 1501Hz Probe 3839Hz	56	1.501	70.00	0.186
417.14	0.05	Adapter 1501Hz Probe 3839Hz	56	1.501	70.00	0.186
417.22	0.05	Adapter 1501Hz Probe 3839Hz	56	1.501	70.00	0.186
417.3	0.05	Adapter 1501Hz Probe 3839Hz	56	3.839	70.00	0.437
417.48	0.05	Adapter 1501Hz Probe 3839Hz	56	1.501	70.00	0.186
417.56	0.05	Adapter 1501Hz Probe 3839Hz	56	1.501	70.00	0.186
417.64	0.05	Adapter 1501Hz Probe 3839Hz	56	1.501	70.00	0.186
417.72	0.05	Adapter 1501Hz Probe 3839Hz	56	1.501	70.00	0.186
417.8	0.05	Adapter 1501Hz Probe 3839Hz	56	3.839	70.00	0.437
417.98	0.05	Adapter 1501Hz Probe 3839Hz	56	1.501	70.00	0.186
418.06	0.05	Adapter 1501Hz Probe 3839Hz	56	1.501	70.00	0.186
418.14	0.05	Adapter 1501Hz Probe 3839Hz	56	1.501	70.00	0.186
418.22	0.05	Adapter 1501Hz Probe 3839Hz	56	1.501	70.00	0.186
418.3	0.05	Adapter 1501Hz Probe 3839Hz	56	3.839	70.00	0.437
418.48	0.05	Adapter 1501Hz Probe 3839Hz	56	1.501	70.00	0.186
418.56	0.05	Adapter 1501Hz Probe 3839Hz	56	1.501	70.00	0.186
418.64	0.05	Adapter 1501Hz Probe 3839Hz	56	1.501	70.00	0.186
418.72	0.05	Adapter 1501Hz Probe 3839Hz	56	1.501	70.00	0.186
418.8	0.05	Adapter 1501Hz Probe 3839Hz	56	3.839	70.00	0.437
418.98	0.05	Adapter 1501Hz Probe 3839Hz	56	1.501	70.00	0.186
419.06	0.05	Adapter 1501Hz Probe 3839Hz	56	1.501	70.00	0.186
419.14	0.05	Adapter 1501Hz Probe 3839Hz	56	1.501	70.00	0.186
419.22	0.05	Adapter 1501Hz Probe 3839Hz	56	1.501	70.00	0.186
419.3	0.05	Adapter 1501Hz Probe 3839Hz	56	3.839	70.00	0.437
419.48	0.05	Adapter 1501Hz Probe 3839Hz	56	1.501	70.00	0.186
419.56	0.05	Adapter 1501Hz Probe 3839Hz	56	1.501	70.00	0.186
419.64	0.05	Adapter 1501Hz Probe 3839Hz	56	1.501	70.00	0.186
419.72	0.05	Adapter 1501Hz Probe 3839Hz	56	1.501	70.00	0.186
419.8	0.05	Adapter 1501Hz Probe 3839Hz	56	3.839	70.00	0.437
422.468	0.05	Adapter 507Hz Probe 3839Hz	57	0.507	70.00	0.079
422.548	0.05	Adapter 507Hz Probe 3839Hz	57	0.507	70.00	0.079
422.628	0.05	Adapter 507Hz Probe 3839Hz	57	0.507	70.00	0.079
422.708	0.05	Adapter 507Hz Probe 3839Hz	57	0.507	70.00	0.079
422.788	0.05	Adapter 507Hz Probe 3839Hz	57	3.839	70.00	0.437
422.968	0.05	Adapter 507Hz Probe 3839Hz	57	0.507	70.00	0.079
423.048	0.05	Adapter 507Hz Probe 3839Hz	57	0.507	70.00	0.079
423.128	0.05	Adapter 507Hz Probe 3839Hz	57	0.507	70.00	0.079
423.208	0.05	Adapter 507Hz Probe 3839Hz	57	0.507	70.00	0.079
423.288	0.05	Adapter 507Hz Probe 3839Hz	57	3.839	70.00	0.437
423.468	0.05	Adapter 507Hz Probe 3839Hz	57	0.507	70.00	0.079
423.548	0.05	Adapter 507Hz Probe 3839Hz	57	0.507	70.00	0.079
423.628	0.05	Adapter 507Hz Probe 3839Hz	57	0.507	70.00	0.079
423.708	0.05	Adapter 507Hz Probe 3839Hz	57	0.507	70.00	0.079
423.788	0.05	Adapter 507Hz Probe 3839Hz	57	3.839	70.00	0.437
423.968	0.05	Adapter 507Hz Probe 3839Hz	57	0.507	70.00	0.079
424.048	0.05	Adapter 507Hz Probe 3839Hz	57	0.507	70.00	0.079
424.128	0.05	Adapter 507Hz Probe 3839Hz	57	0.507	70.00	0.079
424.208	0.05	Adapter 507Hz Probe 3839Hz	57	0.507	70.00	0.079
424.288	0.05	Adapter 507Hz Probe 3839Hz	57	3.839	70.00	0.437
424.468	0.05	Adapter 507Hz Probe 3839Hz	57	0.507	70.00	0.079
424.548	0.05	Adapter 507Hz Probe 3839Hz	57	0.507	70.00	0.079
424.628	0.05	Adapter 507Hz Probe 3839Hz	57	0.507	70.00	0.079
424.708	0.05	Adapter 507Hz Probe 3839Hz	57	0.507	70.00	0.079
424.788	0.05	Adapter 507Hz Probe 3839Hz	57	3.839	70.00	0.437
424.968	0.05	Adapter 507Hz Probe 3839Hz	57	0.507	70.00	0.079
425.048	0.05	Adapter 507Hz Probe 3839Hz	57	0.507	70.00	0.079
425.128	0.05	Adapter 507Hz Probe 3839Hz	57	0.507	70.00	0.079
425.208	0.05	Adapter 507Hz Probe 3839Hz	57	0.507	70.00	0.079
425.288	0.05	Adapter 507Hz Probe 3839Hz	57	3.839	70.00	0.437
425.468	0.05	Adapter 507Hz Probe 3839Hz	57	0.507	70.00	0.079
425.548	0.05	Adapter 507Hz Probe 3839Hz	57	0.507	70.00	0.079
425.628	0.05	Adapter 507Hz Probe 3839Hz	57	0.507	70.00	0.079
425.708	0.05	Adapter 507Hz Probe 3839Hz	57	0.507	70.00	0.079
425.788	0.05	Adapter 507Hz Probe 3839Hz	57	3.839	70.00	0.437
425.968	0.05	Adapter 507Hz Probe 3839Hz	57	0.507	70.00	0.079
426.048	0.05	Adapter 507Hz Probe 3839Hz	57	0.507	70.00	0.079
426.128	0.05	Adapter 507Hz Probe 3839Hz	57	0.507	70.00	0.079
426.208	0.05	Adapter 507Hz Probe 3839Hz	57	0.507	70.00	0.079
426.288	0.05	Adapter 507Hz Probe 3839Hz	57	3.839	70.00	0.437
426.468	0.05	Adapter 507Hz Probe 3839Hz	57	0.507	70.00	0.079
426.548	0.05	Adapter 507Hz Probe 3839Hz	57	0.507	70.00	0.079
426.628	0.05	Adapter 507Hz Probe 3839Hz	57	0.507	70.00	0.079
426.708	0.05	Adapter 507Hz Probe 3839Hz	57	0.507	70.00	0.079
426.788	0.05	Adapter 507Hz Probe 3839Hz	57	3.839	70.00	0.437
426.968	0.05	Adapter 507Hz Probe 3839Hz	57	0.507	70.00	0.079
427.048	0.05	Adapter 507Hz Probe 3839Hz	57	0.507	70.00	0.079
427.128	0.05	Adapter 507Hz Probe 3839Hz	57	0.507	70.00	0.079
427.208	0.05	Adapter 507Hz Probe 3839Hz	57	0.507	70.00	0.079
427.288	0.05	Adapter 507Hz Probe 3839Hz	57	3.839	70.00	0.437
430.003	0.05	Adapter 507Hz	58	0.507	70.00	0.079
430.083	0.05	Adapter 507Hz	58	0.507	70.00	0.079
430.163	0.05	Adapter 507Hz	58	0.507	70.00	0.079
430.243	0.05	Adapter 507Hz	58	0.507	70.00	0.079
430.503	0.05	Adapter 507Hz	58	0.507	70.00	0.079
430.583	0.05	Adapter 507Hz	58	0.507	70.00	0.079
430.663	0.05	Adapter 507Hz	58	0.507	70.00	0.079
430.743	0.05	Adapter 507Hz	58	0.507	70.00	0.079
431.003	0.05	Adapter 507Hz	58	0.507	70.00	0.079
431.083	0.05	Adapter 507Hz	58	0.507	70.00	0.079
431.163	0.05	Adapter 507Hz	58	0.507	70.00	0.079
431.243	0.05	Adapter 507Hz	58	0.507	70.00	0.079
431.503	0.05	Adapter 507Hz	58	0.507	70.00	0.079
431.583	0.05	Adapter 507Hz	58	0.507	70.00	0.079
431.663	0.05	Adapter 507Hz	58	0.507	70.00	0.079
431.743	0.05	Adapter 507Hz	58	0.507	70.00	0.079
432.003	0.05	Adapter 507Hz	58	0.507	70.00	0.079
432.083	0.05	Adapter 507Hz	58	0.507	70.00	0.079
432.163	0.05	Adapter 507Hz	58	0.507	70.00	0.079
432.243	0.05	Adapter 507Hz	58	0.507	70.00	0.079
432.503	0.05	Adapter 507Hz	58	0.507	70.00	0.079
432.583	0.05	Adapter 507Hz	58	0.507	70.00	0.079
432.663	0.05	Adapter 507Hz	58	0.507	70.00	0.079
432.743	0.05	Adapter 507Hz	58	0.507	70.00	0.079
433.003	0.05	Adapter 507Hz	58	0.507	70.00	0.079
433.083	0.05	Adapter 507Hz	58	0.507	70.00	0.079
433.163	0.05	Adapter 507Hz	58	0.507	70.00	0.079
433.243	0.05	Adapter 507Hz	58	0.507	70.00	0.079
433.503	0.05	Adapter 507Hz	58	0.507	70.00	0.079
433.583	0.05	Adapter 507Hz	58	0.507	70.00	0.079
433.663	0.05	Adapter 507Hz	58	0.507	70.00	0.079
433.743	0.05	Adapter 507Hz	58	0.507	70.00	0.079
434.003	0.05	Adapter 507Hz	58	0.507	70.00	0.079
434.083	0.05	Adapter 507Hz	58	0.507	70.00	0.079
434.163	0.05	Adapter 507Hz	58	0.507	70.00	0.079
434.243	0.05	Adapter 507Hz	58	0.507	70.00	0.079
434.503	0.05	Adapter 507Hz	58	0.507	70.00	0.079
434.583	0.05	Adapter 507Hz	58	0.507	70.00	0.079
434.663	0.05	Adapter 507Hz	58	0.507	70.00	0.079
434.743	0.05	Adapter 507Hz	58	0.507	70.00	0.079
445.315	0.05	Probe 3839Hz	60	3.839	70.00	0.437
445.815	0.05	Probe 3839Hz	60	3.839	70.00	0.437
446.315	0.05	Probe 3839Hz	60	3.839	70.00	0.437
446.815	0.05	Probe 3839Hz	60	3.839	70.00	0.437
447.315	0.05	Probe 3839Hz	60	3.839	70.00	0.437
447.815	0.05	Probe 3839Hz	60	3.839	70.00	0.437
448.315	0.05	Probe 3839Hz	60	3.839	70.00	0.437
448.815	0.05	Probe 3839Hz	60	3.839	70.00	0.437
449.315	0.05	Probe 3839Hz	60	3.839	70.00	0.437
449.815	0.05	Probe 3839Hz	60	3.839	70.00	0.437
452.452	0.05	Adapter 899Hz Probe 3839Hz	61	0.899	70.00	0.121
452.532	0.05	Adapter 899Hz Probe 3839Hz	61	0.899	70.00	0.121
452.612	0.05	Adapter 899Hz Probe 3839Hz	61	0.899	70.00	0.121
452.692	0.05	Adapter 899Hz Probe 3839Hz	61	0.899	70.00	0.121
452.772	0.05	Adapter 899Hz Probe 3839Hz	61	3.839	70.00	0.437
452.952	0.05	Adapter 899Hz Probe 3839Hz	61	0.899	70.00	0.121
453.032	0.05	Adapter 899Hz Probe 3839Hz	61	0.899	70.00	0.121
453.112	0.05	Adapter 899Hz Probe 3839Hz	61	0.899	70.00	0.121
453.192	0.05	Adapter 899Hz Probe 3839Hz	61	0.899	70.00	0.121
453.272	0.05	Adapter 899Hz Probe 3839Hz	61	3.839	70.00	0.437
453.452	0.05	Adapter 899Hz Probe 3839Hz	61	0.899	70.00	0.121
453.532	0.05	Adapter 899Hz Probe 3839Hz	61	0.899	70.00	0.121
453.612	0.05	Adapter 899Hz Probe 3839Hz	61	0.899	70.00	0.121
453.692	0.05	Adapter 899Hz Probe 3839Hz	61	0.899	70.00	0.121
453.772	0.05	Adapter 899Hz Probe 3839Hz	61	3.839	70.00	0.437
453.952	0.05	Adapter 899Hz Probe 3839Hz	61	0.899	70.00	0.121
454.032	0.05	Adapter 899Hz Probe 3839Hz	61	0.899	70.00	0.121
454.112	0.05	Adapter 899Hz Probe 3839Hz	61	0.899	70.00	0.121
454.192	0.05	Adapter 899Hz Probe 3839Hz	61	0.899	70.00	0.121
454.272	0.05	Adapter 899Hz Probe 3839Hz	61	3.839	70.00	0.437
454.452	0.05	Adapter 899Hz Probe 3839Hz	61	0.899	70.00	0.121
454.532	0.05	Adapter 899Hz Probe 3839Hz	61	0.899	70.00	0.121
454.612	0.05	Adapter 899Hz Probe 3839Hz	61	0.899	70.00	0.121
454.692	0.05	Adapter 899Hz Probe 3839Hz	61	0.899	70.00	0.121
454.772	0.05	Adapter 899Hz Probe 3839Hz	61	3.839	70.00	0.437
454.952	0.05	Adapter 899Hz Probe 3839Hz	61	0.899	70.00	0.121
455.032	0.05	Adapter 899Hz Probe 3839Hz	61	0.899	70.00	0.121
455.112	0.05	Adapter 899Hz Probe 3839Hz	61	0.899	70.00	0.121
455.192	0.05	Adapter 899Hz Probe 3839Hz	61	0.899	70.00	0.121
455.272	0.05	Adapter 899Hz Probe 3839Hz	61	3.839	70.00	0.437
455.452	0.05	Adapter 899Hz Probe 3839Hz	61	0.899	70.00	0.121
455.532	0.05	Adapter 899Hz Probe 3839Hz	61	0.899	70.00	0.121
455.612	0.05	Adapter 899Hz Probe 3839Hz	61	0.899	70.00	0.121
455.692	0.05	Adapter 899Hz Probe 3839Hz	61	0.899	70.00	0.121
455.772	0.05	Adapter 899Hz Probe 3839Hz	61	3.839	70.00	0.437
455.952	0.05	Adapter 899Hz Probe 3839Hz	61	0.899	70.00	0.121
456.032	0.05	Adapter 899Hz Probe 3839Hz	61	0.899	70.00	0.121
456.112	0.05	Adapter 899Hz Probe 3839Hz	61	0.899	70.00	0.121
456.192	0.05	Adapter 899Hz Probe 3839Hz	61	0.899	70.00	0.121
456.272	0.05	Adapter 899Hz Probe 3839Hz	61	3.839	70.00	0.437
456.452	0.05	Adapter 899Hz Probe 3839Hz	61	0.899	70.00	0.121
456.532	0.05	Adapter 899Hz Probe 3839Hz	61	0.899	70.00	0.121
456.612	0.05	Adapter 899Hz Probe 3839Hz	61	0.899	70.00	0.121
456.692	0.05	Adapter 899Hz Probe 3839Hz	61	0.899	70.00	0.121
456.772	0.05	Adapter 899Hz Probe 3839Hz	61	3.839	70.00	0.437
456.952	0.05	Adapter 899Hz Probe 3839Hz	61	0.899	70.00	0.121
457.032	0.05	Adapter 899Hz Probe 3839Hz	61	0.899	70.00	0.121
457.112	0.05	Adapter 899Hz Probe 3839Hz	61	0.899	70.00	0.121
457.192	0.05	Adapter 899Hz Probe 3839Hz	61	0.899	70.00	0.121
457.272	0.05	Adapter 899Hz Probe 3839Hz	61	3.839	70.00	0.437
459.955	0.05	Adapter 1501Hz	62	1.501	70.00	0.186
460.035	0.05	Adapter 1501Hz	62	1.501	70.00	0.186
460.115	0.05	Adapter 1501Hz	62	1.501	70.00	0.186
460.195	0.05	Adapter 1501Hz	62	1.501	70.00	0.186
460.455	0.05	Adapter 1501Hz	62	1.501	70.00	0.186
460.535	0.05	Adapter 1501Hz	62	1.501	70.00	0.186
460.615	0.05	Adapter 1501Hz	62	1.501	70.00	0.186
460.695	0.05	Adapter 1501Hz	62	1.501	70.00	0.186
460.955	0.05	Adapter 1501Hz	62	1.501	70.00	0.186
461.035	0.05	Adapter 1501Hz	62	1.501	70.00	0.186
461.115	0.05	Adapter 1501Hz	62	1.501	70.00	0.186
461.195	0.05	Adapter 1501Hz	62	1.501	70.00	0.186
461.455	0.05	Adapter 1501Hz	62	1.501	70.00	0.186
461.535	0.05	Adapter 1501Hz	62	1.501	70.00	0.186
461.615	0.05	Adapter 1501Hz	62	1.501	70.00	0.186
461.695	0.05	Adapter 1501Hz	62	1.501	70.00	0.186
461.955	0.05	Adapter 1501Hz	62	1.501	70.00	0.186
462.035	0.05	Adapter 1501Hz	62	1.501	70.00	0.186
462.115	0.05	Adapter 1501Hz	62	1.501	70.00	0.186
462.195	0.05	Adapter 1501Hz	62	1.501	70.00	0.186
462.455	0.05	Adapter 1501Hz	62	1.501	70.00	0.186
462.535	0.05	Adapter 1501Hz	62	1.501	70.00	0.186
462.615	0.05	Adapter 1501Hz	62	1.501	70.00	0.186
462.695	0.05	Adapter 1501Hz	62	1.501	70.00	0.186
462.955	0.05	Adapter 1501Hz	62	1.501	70.00	0.186
463.035	0.05	Adapter 1501Hz	62	1.501	70.00	0.186
463.115	0.05	Adapter 1501Hz	62	1.501	70.00	0.186
463.195	0.05	Adapter 1501Hz	62	1.501	70.00	0.186
463.455	0.05	Adapter 1501Hz	62	1.501	70.00	0.186
463.535	0.05	Adapter 1501Hz	62	1.501	70.00	0.186
463.615	0.05	Adapter 1501Hz	62	1.501	70.00	0.186
463.695	0.05	Adapter 1501Hz	62	1.501	70.00	0.186
463.955	0.05	Adapter 1501Hz	62	1.501	70.00	0.186
464.035	0.05	Adapter 1501Hz	62	1.501	70.00	0.186
464.115	0.05	Adapter 1501Hz	62	1.501	70.00	0.186
464.195	0.05	Adapter 1501Hz	62	1.501	70.00	0.186
464.455	0.05	Adapter 1501Hz	62	1.501	70.00	0.186
464.535	0.05	Adapter 1501Hz	62	1.501	70.00	0.186
464.615	0.05	Adapter 1501Hz	62	1.501	70.00	0.186
464.695	0.05	Adapter 1501Hz	62	1.501	70.00	0.186
467.459	0.05	Adapter 2423Hz	63	2.423	70.00	0.285
467.539	0.05	Adapter 2423Hz	63	2.423	70.00	0.285
467.619	0.05	Adapter 2423Hz	63	2.423	70.00	0.285
467.699	0.05	Adapter 2423Hz	63	2.423	70.00	0.285
467.959	0.05	Adapter 2423Hz	63	2.423	70.00	0.285
468.039	0.05	Adapter 2423Hz	63	2.423	70.00	0.285
468.119	0.05	Adapter 2423Hz	63	2.423	70.00	0.285
468.199	0.05	Adapter 2423Hz	63	2.423	70.00	0.285
468.459	0.05	Adapter 2423Hz	63	2.423	70.00	0.285
468.539	0.05	Adapter 2423Hz	63	2.423	70.00	0.285
468.619	0.05	Adapter 2423Hz	63	2.423	70.00	0.285
468.699	0.05	Adapter 2423Hz	63	2.423	70.00	0.285
468.959	0.05	Adapter 2423Hz	63	2.423	70.00	0.285
469.039	0.05	Adapter 2423Hz	63	2.423	70.00	0.285
469.119	0.05	Adapter 2423Hz	63	2.423	70.00	0.285
469.199	0.05	Adapter 2423Hz	63	2.423	70.00	0.285
469.459	0.05	Adapter 2423Hz	63	2.423	70.00	0.285
469.539	0.05	Adapter 2423Hz	63	2.423	70.00	0.285
469.619	0.05	Adapter 2423Hz	63	2.423	70.00	0.285
469.699	0.05	Adapter 2423Hz	63	2.423	70.00	0.285
469.959	0.05	Adapter 2423Hz	63	2.423	70.00	0.285
470.039	0.05	Adapter 2423Hz	63	2.423	70.00	0.285
470.119	0.05	Adapter 2423Hz	63	2.423	70.00	0.285
470.199	0.05	Adapter 2423Hz	63	2.423	70.00	0.285
470.459	0.05	Adapter 2423Hz	63	2.423	70.00	0.285
470.539	0.05	Adapter 2423Hz	63	2.423	70.00	0.285
470.619	0.05	Adapter 2423Hz	63	2.423	70.00	0.285
470.699	0.05	Adapter 2423Hz	63	2.423	70.00	0.285
470.959	0.05	Adapter 2423Hz	63	2.423	70.00	0.285
471.039	0.05	Adapter 2423Hz	63	2.423	70.00	0.285
471.119	0.05	Adapter 2423Hz	63	2.423	70.00	0.285
471.199	0.05	Adapter 2423Hz	63	2.423	70.00	0.285
471.459	0.05	Adapter 2423Hz	63	2.423	70.00	0.285
471.539	0.05	Adapter 2423Hz	63	2.423	70.00	0.285
471.619	0.05	Adapter 2423Hz	63	2.423	70.00	0.285
471.699	0.05	Adapter 2423Hz	63	2.423	70.00	0.285
471.959	0.05	Adapter 2423Hz	63	2.423	70.00	0.285
472.039	0.05	Adapter 2423Hz	63	2.423	70.00	0.285
472.119	0.05	Adapter 2423Hz	63	2.423	70.00	0.285
472.199	0.05	Adapter 2423Hz	63	2.423	70.00	0.285
474.994	0.05	Adapter 2423Hz Probe 3839Hz	64	2.423	70.00	0.285
475.074	0.05	Adapter 2423Hz Probe 3839Hz	64	2.423	70.00	0.285
475.154	0.05	Adapter 2423Hz Probe 3839Hz	64	2.423	70.00	0.285
475.234	0.05	Adapter 2423Hz Probe 3839Hz	64	2.423	70.00	0.285
475.314	0.05	Adapter 2423Hz Probe 3839Hz	64	3.839	70.00	0.437
475.494	0.05	Adapter 2423Hz Probe 3839Hz	64	2.423	70.00	0.285
475.574	0.05	Adapter 2423Hz Probe 3839Hz	64	2.423	70.00	0.285
475.654	0.05	Adapter 2423Hz Probe 3839Hz	64	2.423	70.00	0.285
475.734	0.05	Adapter 2423Hz Probe 3839Hz	64	2.423	70.00	0.285
475.814	0.05	Adapter 2423Hz Probe 3839Hz	64	3.839	70.00	0.437
475.994	0.05	Adapter 2423Hz Probe 3839Hz	64	2.423	70.00	0.285
476.074	0.05	Adapter 2423Hz Probe 3839Hz	64	2.423	70.00	0.285
476.154	0.05	Adapter 2423Hz Probe 3839Hz	64	2.423	70.00	0.285
476.234	0.05	Adapter 2423Hz Probe 3839Hz	64	2.423	70.00	0.285
476.314	0.05	Adapter 2423Hz Probe 3839Hz	64	3.839	70.00	0.437
476.494	0.05	Adapter 2423Hz Probe 3839Hz	64	2.423	70.00	0.285
476.574	0.05	Adapter 2423Hz Probe 3839Hz	64	2.423	70.00	0.285
476.654	0.05	Adapter 2423Hz Probe 3839Hz	64	2.423	70.00	0.285
476.734	0.05	Adapter 2423Hz Probe 3839Hz	64	2.423	70.00	0.285
476.814	0.05	Adapter 2423Hz Probe 3839Hz	64	3.839	70.00	0.437
476.994	0.05	Adapter 2423Hz Probe 3839Hz	64	2.423	70.00	0.285
477.074	0.05	Adapter 2423Hz Probe 3839Hz	64	2.423	70.00	0.285
477.154	0.05	Adapter 2423Hz Probe 3839Hz	64	2.423	70.00	0.285
477.234	0.05	Adapter 2423Hz Probe 3839Hz	64	2.423	70.00	0.285
477.314	0.05	Adapter 2423Hz Probe 3839Hz	64	3.839	70.00	0.437
477.494	0.05	Adapter 2423Hz Probe 3839Hz	64	2.423	70.00	0.285
477.574	0.05	Adapter 2423Hz Probe 3839Hz	64	2.423	70.00	0.285
477.654	0.05	Adapter 2423Hz Probe 3839Hz	64	2.423	70.00	0.285
477.734	0.05	Adapter 2423Hz Probe 3839Hz	64	2.423	70.00	0.285
477.814	0.05	Adapter 2423Hz Probe 3839Hz	64	3.839	70.00	0.437
477.994	0.05	Adapter 2423Hz Probe 3839Hz	64	2.423	70.00	0.285
478.074	0.05	Adapter 2423Hz Probe 3839Hz	64	2.423	70.00	0.285
478.154	0.05	Adapter 2423Hz Probe 3839Hz	64	2.423	70.00	0.285
478.234	0.05	Adapter 2423Hz Probe 3839Hz	64	2.423	70.00	0.285
478.314	0.05	Adapter 2423Hz Probe 3839Hz	64	3.839	70.00	0.437
478.494	0.05	Adapter 2423Hz Probe 3839Hz	64	2.423	70.00	0.285
478.574	0.05	Adapter 2423Hz Probe 3839Hz	64	2.423	70.00	0.285
478.654	0.05	Adapter 2423Hz Probe 3839Hz	64	2.423	70.00	0.285
478.734	0.05	Adapter 2423Hz Probe 3839Hz	64	2.423	70.00	0.285
478.814	0.05	Adapter 2423Hz Probe 3839Hz	64	3.839	70.00	0.437
478.994	0.05	Adapter 2423Hz Probe 3839Hz	64	2.423	70.00	0.285
479.074	0.05	Adapter 2423Hz Probe 3839Hz	64	2.423	70.00	0.285
479.154	0.05	Adapter 2423Hz Probe 3839Hz	64	2.423	70.00	0.285
479.234	0.05	Adapter 2423Hz Probe 3839Hz	64	2.423	70.00	0.285
479.314	0.05	Adapter 2423Hz Probe 3839Hz	64	3.839	70.00	0.437
479.494	0.05	Adapter 2423Hz Probe 3839Hz	64	2.423	70.00	0.285
479.574	0.05	Adapter 2423Hz Probe 3839Hz	64	2.423	70.00	0.285
479.654	0.05	Adapter 2423Hz Probe 3839Hz	64	2.423	70.00	0.285
479.734	0.05	Adapter 2423Hz Probe 3839Hz	64	2.423	70.00	0.285
479.814	0.05	Adapter 2423Hz Probe 3839Hz	64	3.839	70.00	0.437
