onset	duration	trial_type	scan	frequency_kHz	level_dB_SPL	bandwidth_kHz
10.035	0.05	Adapter 3839Hz	2	3.839	70.00	0.437
10.115	0.05	Adapter 3839Hz	2	3.839	70.00	0.437
10.195	0.05	Adapter 3839Hz	2	3.839	70.00	0.437
10.275	0.05	Adapter 3839Hz	2	3.839	70.00	0.437
10.535	0.05	Adapter 3839Hz	2	3.839	70.00	0.437
10.615	0.05	Adapter 3839Hz	2	3.839	70.00	0.437
10.695	0.05	Adapter 3839Hz	2	3.839	70.00	0.437
10.775	0.05	Adapter 3839Hz	2	3.839	70.00	0.437
11.035	0.05	Adapter 3839Hz	2	3.839	70.00	0.437
11.115	0.05	Adapter 3839Hz	2	3.839	70.00	0.437
11.195	0.05	Adapter 3839Hz	2	3.839	70.00	0.437
11.275	0.05	Adapter 3839Hz	2	3.839	70.00	0.437
11.535	0.05	Adapter 3839Hz	2	3.839	70.00	0.437
11.615	0.05	Adapter 3839Hz	2	3.839	70.00	0.437
11.695	0.05	Adapter 3839Hz	2	3.839	70.00	0.437
11.775	0.05	Adapter 3839Hz	2	3.839	70.00	0.437
12.035	0.05	Adapter 3839Hz	2	3.839	70.00	0.437
12.115	0.05	Adapter 3839Hz	2	3.839	70.00	0.437
12.195	0.05	Adapter 3839Hz	2	3.839	70.00	0.437
12.275	0.05	Adapter 3839Hz	2	3.839	70.00	0.437
12.535	0.05	Adapter 3839Hz	2	3.839	70.00	0.437
12.615	0.05	Adapter 3839Hz	2	3.839	70.00	0.437
12.695	0.05	Adapter 3839Hz	2	3.839	70.00	0.437
12.775	0.05	Adapter 3839Hz	2	3.839	70.00	0.437
13.035	0.05	Adapter 3839Hz	2	3.839	70.00	0.437
13.115	0.05	Adapter 3839Hz	2	3.839	70.00	0.437
13.195	0.05	Adapter 3839Hz	2	3.839	70.00	0.437
13.275	0.05	Adapter 3839Hz	2	3.839	70.00	0.437
13.535	0.05	Adapter 3839Hz	2	3.839	70.00	0.437
13.615	0.05	Adapter 3839Hz	2	3.839	70.00	0.437
13.695	0.05	Adapter 3839Hz	2	3.839	70.00	0.437
13.775	0.05	Adapter 3839Hz	2	3.839	70.00	0.437
14.035	0.05	Adapter 3839Hz	2	3.839	70.00	0.437
14.115	0.05	Adapter 3839Hz	2	3.839	70.00	0.437
14.195	0.05	Adapter 3839Hz	2	3.839	70.00	0.437
14.275	0.05	Adapter 3839Hz	2	3.839	70.00	0.437
14.535	0.05	Adapter 3839Hz	2	3.839	70.00	0.437
14.615	0.05	Adapter 3839Hz	2	3.839	70.00	0.437
14.695	0.05	Adapter 3839Hz	2	3.839	70.00	0.437
14.775	0.05	Adapter 3839Hz	2	3.839	70.00	0.437
17.538	0.05	Adapter 2423Hz	3	2.423	70.00	0.285
17.618	0.05	Adapter 2423Hz	3	2.423	70.00	0.285
17.698	0.05	Adapter 2423Hz	3	2.423	70.00	0.285
17.778	0.05	Adapter 2423Hz	3	2.423	70.00	0.285
18.038	0.05	Adapter 2423Hz	3	2.423	70.00	0.285
18.118	0.05	Adapter 2423Hz	3	2.423	70.00	0.285
18.198	0.05	Adapter 2423Hz	3	2.423	70.00	0.285
18.278	0.05	Adapter 2423Hz	3	2.423	70.00	0.285
18.538	0.05	Adapter 2423Hz	3	2.423	70.00	0.285
18.618	0.05	Adapter 2423Hz	3	2.423	70.00	0.285
18.698	0.05	Adapter 2423Hz	3	2.423	70.00	0.285
18.778	0.05	Adapter 2423Hz	3	2.423	70.00	0.285
19.038	0.05	Adapter 2423Hz	3	2.423	70.00	0.285
19.118	0.05	Adapter 2423Hz	3	2.423	70.00	0.285
19.198	0.05	Adapter 2423Hz	3	2.423	70.00	0.285
19.278	0.05	Adapter 2423Hz	3	2.423	70.00	0.285
19.538	0.05	Adapter 2423Hz	3	2.423	70.00	0.285
19.618	0.05	Adapter 2423Hz	3	2.423	70.00	0.285
19.698	0.05	Adapter 2423Hz	3	2.423	70.00	0.285
19.778	0.05	Adapter 2423Hz	3	2.423	70.00	0.285
20.038	0.05	Adapter 2423Hz	3	2.423	70.00	0.285
20.118	0.05	Adapter 2423Hz	3	2.423	70.00	0.285
20.198	0.05	Adapter 2423Hz	3	2.423	70.00	0.285
20.278	0.05	Adapter 2423Hz	3	2.423	70.00	0.285
20.538	0.05	Adapter 2423Hz	3	2.423	70.00	0.285
20.618	0.05	Adapter 2423Hz	3	2.423	70.00	0.285
20.698	0.05	Adapter 2423Hz	3	2.423	70.00	0.285
20.778	0.05	Adapter 2423Hz	3	2.423	70.00	0.285
21.038	0.05	Adapter 2423Hz	3	2.423	70.00	0.285
21.118	0.05	Adapter 2423Hz	3	2.423	70.00	0.285
21.198	0.05	Adapter 2423Hz	3	2.423	70.00	0.285
21.278	0.05	Adapter 2423Hz	3	2.423	70.00	0.285
21.538	0.05	Adapter 2423Hz	3	2.423	70.00	0.285
21.618	0.05	Adapter 2423Hz	3	2.423	70.00	0.285
21.698	0.05	Adapter 2423Hz	3	2.423	70.00	0.285
21.778	0.05	Adapter 2423Hz	3	2.423	70.00	0.285
22.038	0.05	Adapter 2423Hz	3	2.423	70.00	0.285
22.118	0.05	Adapter 2423Hz	3	2.423	70.00	0.285
22.198	0.05	Adapter 2423Hz	3	2.423	70.00	0.285
22.278	0.05	Adapter 2423Hz	3	2.423	70.00	0.285
25.042	0.05	Adapter 1501Hz	4	1.501	70.00	0.186
25.122	0.05	Adapter 1501Hz	4	1.501	70.00	0.186
25.202	0.05	Adapter 1501Hz	4	1.501	70.00	0.186
25.282	0.05	Adapter 1501Hz	4	1.501	70.00	0.186
25.542	0.05	Adapter 1501Hz	4	1.501	70.00	0.186
25.622	0.05	Adapter 1501Hz	4	1.501	70.00	0.186
25.702	0.05	Adapter 1501Hz	4	1.501	70.00	0.186
25.782	0.05	Adapter 1501Hz	4	1.501	70.00	0.186
26.042	0.05	Adapter 1501Hz	4	1.501	70.00	0.186
26.122	0.05	Adapter 1501Hz	4	1.501	70.00	0.186
26.202	0.05	Adapter 1501Hz	4	1.501	70.00	0.186
26.282	0.05	Adapter 1501Hz	4	1.501	70.00	0.186
26.542	0.05	Adapter 1501Hz	4	1.501	70.00	0.186
26.622	0.05	Adapter 1501Hz	4	1.501	70.00	0.186
26.702	0.05	Adapter 1501Hz	4	1.501	70.00	0.186
26.782	0.05	Adapter 1501Hz	4	1.501	70.00	0.186
27.042	0.05	Adapter 1501Hz	4	1.501	70.00	0.186
27.122	0.05	Adapter 1501Hz	4	1.501	70.00	0.186
27.202	0.05	Adapter 1501Hz	4	1.501	70.00	0.186
27.282	0.05	Adapter 1501Hz	4	1.501	70.00	0.186
27.542	0.05	Adapter 1501Hz	4	1.501	70.00	0.186
27.622	0.05	Adapter 1501Hz	4	1.501	70.00	0.186
27.702	0.05	Adapter 1501Hz	4	1.501	70.00	0.186
27.782	0.05	Adapter 1501Hz	4	1.501	70.00	0.186
28.042	0.05	Adapter 1501Hz	4	1.501	70.00	0.186
28.122	0.05	Adapter 1501Hz	4	1.501	70.00	0.186
28.202	0.05	Adapter 1501Hz	4	1.501	70.00	0.186
28.282	0.05	Adapter 1501Hz	4	1.501	70.00	0.186
28.542	0.05	Adapter 1501Hz	4	1.501	70.00	0.186
28.622	0.05	Adapter 1501Hz	4	1.501	70.00	0.186
28.702	0.05	Adapter 1501Hz	4	1.501	70.00	0.186
28.782	0.05	Adapter 1501Hz	4	1.501	70.00	0.186
29.042	0.05	Adapter 1501Hz	4	1.501	70.00	0.186
29.122	0.05	Adapter 1501Hz	4	1.501	70.00	0.186
29.202	0.05	Adapter 1501Hz	4	1.501	70.00	0.186
29.282	0.05	Adapter 1501Hz	4	1.501	70.00	0.186
29.542	0.05	Adapter 1501Hz	4	1.501	70.00	0.186
29.622	0.05	Adapter 1501Hz	4	1.501	70.00	0.186
29.702	0.05	Adapter 1501Hz	4	1.501	70.00	0.186
29.782	0.05	Adapter 1501Hz	4	1.501	70.00	0.186
40.034	0.05	Adapter 899Hz	6	0.899	70.00	0.121
40.114	0.05	Adapter 899Hz	6	0.899	70.00	0.121
40.194	0.05	Adapter 899Hz	6	0.899	70.00	0.121
40.274	0.05	Adapter 899Hz	6	0.899	70.00	0.121
40.534	0.05	Adapter 899Hz	6	0.899	70.00	0.121
40.614	0.05	Adapter 899Hz	6	0.899	70.00	0.121
40.694	0.05	Adapter 899Hz	6	0.899	70.00	0.121
40.774	0.05	Adapter 899Hz	6	0.899	70.00	0.121
41.034	0.05	Adapter 899Hz	6	0.899	70.00	0.121
41.114	0.05	Adapter 899Hz	6	0.899	70.00	0.121
41.194	0.05	Adapter 899Hz	6	0.899	70.00	0.121
41.274	0.05	Adapter 899Hz	6	0.899	70.00	0.121
41.534	0.05	Adapter 899Hz	6	0.899	70.00	0.121
41.614	0.05	Adapter 899Hz	6	0.899	70.00	0.121
41.694	0.05	Adapter 899Hz	6	0.899	70.00	0.121
41.774	0.05	Adapter 899Hz	6	0.899	70.00	0.121
42.034	0.05	Adapter 899Hz	6	0.899	70.00	0.121
42.114	0.05	Adapter 899Hz	6	0.899	70.00	0.121
42.194	0.05	Adapter 899Hz	6	0.899	70.00	0.121
42.274	0.05	Adapter 899Hz	6	0.899	70.00	0.121
42.534	0.05	Adapter 899Hz	6	0.899	70.00	0.121
42.614	0.05	Adapter 899Hz	6	0.899	70.00	0.121
42.694	0.05	Adapter 899Hz	6	0.899	70.00	0.121
42.774	0.05	Adapter 899Hz	6	0.899	70.00	0.121
43.034	0.05	Adapter 899Hz	6	0.899	70.00	0.121
43.114	0.05	Adapter 899Hz	6	0.899	70.00	0.121
43.194	0.05	Adapter 899Hz	6	0.899	70.00	0.121
43.274	0.05	Adapter 899Hz	6	0.899	70.00	0.121
43.534	0.05	Adapter 899Hz	6	0.899	70.00	0.121
43.614	0.05	Adapter 899Hz	6	0.899	70.00	0.121
43.694	0.05	Adapter 899Hz	6	0.899	70.00	0.121
43.774	0.05	Adapter 899Hz	6	0.899	70.00	0.121
44.034	0.05	Adapter 899Hz	6	0.899	70.00	0.121
44.114	0.05	Adapter 899Hz	6	0.899	70.00	0.121
44.194	0.05	Adapter 899Hz	6	0.899	70.00	0.121
44.274	0.05	Adapter 899Hz	6	0.899	70.00	0.121
44.534	0.05	Adapter 899Hz	6	0.899	70.00	0.121
44.614	0.05	Adapter 899Hz	6	0.899	70.00	0.121
44.694	0.05	Adapter 899Hz	6	0.899	70.00	0.121
44.774	0.05	Adapter 899Hz	6	0.899	70.00	0.121
47.506	0.05	Adapter 507Hz	7	0.507	70.00	0.079
47.586	0.05	Adapter 507Hz	7	0.507	70.00	0.079
47.666	0.05	Adapter 507Hz	7	0.507	70.00	0.079
47.746	0.05	Adapter 507Hz	7	0.507	70.00	0.079
48.006	0.05	Adapter 507Hz	7	0.507	70.00	0.079
48.086	0.05	Adapter 507Hz	7	0.507	70.00	0.079
48.166	0.05	Adapter 507Hz	7	0.507	70.00	0.079
48.246	0.05	Adapter 507Hz	7	0.507	70.00	0.079
48.506	0.05	Adapter 507Hz	7	0.507	70.00	0.079
48.586	0.05	Adapter 507Hz	7	0.507	70.00	0.079
48.666	0.05	Adapter 507Hz	7	0.507	70.00	0.079
48.746	0.05	Adapter 507Hz	7	0.507	70.00	0.079
49.006	0.05	Adapter 507Hz	7	0.507	70.00	0.079
49.086	0.05	Adapter 507Hz	7	0.507	70.00	0.079
49.166	0.05	Adapter 507Hz	7	0.507	70.00	0.079
49.246	0.05	Adapter 507Hz	7	0.507	70.00	0.079
49.506	0.05	Adapter 507Hz	7	0.507	70.00	0.079
49.586	0.05	Adapter 507Hz	7	0.507	70.00	0.079
49.666	0.05	Adapter 507Hz	7	0.507	70.00	0.079
49.746	0.05	Adapter 507Hz	7	0.507	70.00	0.079
50.006	0.05	Adapter 507Hz	7	0.507	70.00	0.079
50.086	0.05	Adapter 507Hz	7	0.507	70.00	0.079
50.166	0.05	Adapter 507Hz	7	0.507	70.00	0.079
50.246	0.05	Adapter 507Hz	7	0.507	70.00	0.079
50.506	0.05	Adapter 507Hz	7	0.507	70.00	0.079
50.586	0.05	Adapter 507Hz	7	0.507	70.00	0.079
50.666	0.05	Adapter 507Hz	7	0.507	70.00	0.079
50.746	0.05	Adapter 507Hz	7	0.507	70.00	0.079
51.006	0.05	Adapter 507Hz	7	0.507	70.00	0.079
51.086	0.05	Adapter 507Hz	7	0.507	70.00	0.079
51.166	0.05	Adapter 507Hz	7	0.507	70.00	0.079
51.246	0.05	Adapter 507Hz	7	0.507	70.00	0.079
51.506	0.05	Adapter 507Hz	7	0.507	70.00	0.079
51.586	0.05	Adapter 507Hz	7	0.507	70.00	0.079
51.666	0.05	Adapter 507Hz	7	0.507	70.00	0.079
51.746	0.05	Adapter 507Hz	7	0.507	70.00	0.079
52.006	0.05	Adapter 507Hz	7	0.507	70.00	0.079
52.086	0.05	Adapter 507Hz	7	0.507	70.00	0.079
52.166	0.05	Adapter 507Hz	7	0.507	70.00	0.079
52.246	0.05	Adapter 507Hz	7	0.507	70.00	0.079
55.025	0.05	Adapter 3839Hz Probe 3839Hz	8	3.839	70.00	0.437
55.105	0.05	Adapter 3839Hz Probe 3839Hz	8	3.839	70.00	0.437
55.185	0.05	Adapter 3839Hz Probe 3839Hz	8	3.839	70.00	0.437
55.265	0.05	Adapter 3839Hz Probe 3839Hz	8	3.839	70.00	0.437
55.345	0.05	Adapter 3839Hz Probe 3839Hz	8	3.839	70.00	0.437
55.525	0.05	Adapter 3839Hz Probe 3839Hz	8	3.839	70.00	0.437
55.605	0.05	Adapter 3839Hz Probe 3839Hz	8	3.839	70.00	0.437
55.685	0.05	Adapter 3839Hz Probe 3839Hz	8	3.839	70.00	0.437
55.765	0.05	Adapter 3839Hz Probe 3839Hz	8	3.839	70.00	0.437
55.845	0.05	Adapter 3839Hz Probe 3839Hz	8	3.839	70.00	0.437
56.025	0.05	Adapter 3839Hz Probe 3839Hz	8	3.839	70.00	0.437
56.105	0.05	Adapter 3839Hz Probe 3839Hz	8	3.839	70.00	0.437
56.185	0.05	Adapter 3839Hz Probe 3839Hz	8	3.839	70.00	0.437
56.265	0.05	Adapter 3839Hz Probe 3839Hz	8	3.839	70.00	0.437
56.345	0.05	Adapter 3839Hz Probe 3839Hz	8	3.839	70.00	0.437
56.525	0.05	Adapter 3839Hz Probe 3839Hz	8	3.839	70.00	0.437
56.605	0.05	Adapter 3839Hz Probe 3839Hz	8	3.839	70.00	0.437
56.685	0.05	Adapter 3839Hz Probe 3839Hz	8	3.839	70.00	0.437
56.765	0.05	Adapter 3839Hz Probe 3839Hz	8	3.839	70.00	0.437
56.845	0.05	Adapter 3839Hz Probe 3839Hz	8	3.839	70.00	0.437
57.025	0.05	Adapter 3839Hz Probe 3839Hz	8	3.839	70.00	0.437
57.105	0.05	Adapter 3839Hz Probe 3839Hz	8	3.839	70.00	0.437
57.185	0.05	Adapter 3839Hz Probe 3839Hz	8	3.839	70.00	0.437
57.265	0.05	Adapter 3839Hz Probe 3839Hz	8	3.839	70.00	0.437
57.345	0.05	Adapter 3839Hz Probe 3839Hz	8	3.839	70.00	0.437
57.525	0.05	Adapter 3839Hz Probe 3839Hz	8	3.839	70.00	0.437
57.605	0.05	Adapter 3839Hz Probe 3839Hz	8	3.839	70.00	0.437
57.685	0.05	Adapter 3839Hz Probe 3839Hz	8	3.839	70.00	0.437
57.765	0.05	Adapter 3839Hz Probe 3839Hz	8	3.839	70.00	0.437
57.845	0.05	Adapter 3839Hz Probe 3839Hz	8	3.839	70.00	0.437
58.025	0.05	Adapter 3839Hz Probe 3839Hz	8	3.839	70.00	0.437
58.105	0.05	Adapter 3839Hz Probe 3839Hz	8	3.839	70.00	0.437
58.185	0.05	Adapter 3839Hz Probe 3839Hz	8	3.839	70.00	0.437
58.265	0.05	Adapter 3839Hz Probe 3839Hz	8	3.839	70.00	0.437
58.345	0.05	Adapter 3839Hz Probe 3839Hz	8	3.839	70.00	0.437
58.525	0.05	Adapter 3839Hz Probe 3839Hz	8	3.839	70.00	0.437
58.605	0.05	Adapter 3839Hz Probe 3839Hz	8	3.839	70.00	0.437
58.685	0.05	Adapter 3839Hz Probe 3839Hz	8	3.839	70.00	0.437
58.765	0.05	Adapter 3839Hz Probe 3839Hz	8	3.839	70.00	0.437
58.845	0.05	Adapter 3839Hz Probe 3839Hz	8	3.839	70.00	0.437
59.025	0.05	Adapter 3839Hz Probe 3839Hz	8	3.839	70.00	0.437
59.105	0.05	Adapter 3839Hz Probe 3839Hz	8	3.839	70.00	0.437
59.185	0.05	Adapter 3839Hz Probe 3839Hz	8	3.839	70.00	0.437
59.265	0.05	Adapter 3839Hz Probe 3839Hz	8	3.839	70.00	0.437
59.345	0.05	Adapter 3839Hz Probe 3839Hz	8	3.839	70.00	0.437
59.525	0.05	Adapter 3839Hz Probe 3839Hz	8	3.839	70.00	0.437
59.605	0.05	Adapter 3839Hz Probe 3839Hz	8	3.839	70.00	0.437
59.685	0.05	Adapter 3839Hz Probe 3839Hz	8	3.839	70.00	0.437
59.765	0.05	Adapter 3839Hz Probe 3839Hz	8	3.839	70.00	0.437
59.845	0.05	Adapter 3839Hz Probe 3839Hz	8	3.839	70.00	0.437
62.529	0.05	Adapter 507Hz Probe 3839Hz	9	0.507	70.00	0.079
62.609	0.05	Adapter 507Hz Probe 3839Hz	9	0.507	70.00	0.079
62.689	0.05	Adapter 507Hz Probe 3839Hz	9	0.507	70.00	0.079
62.769	0.05	Adapter 507Hz Probe 3839Hz	9	0.507	70.00	0.079
62.849	0.05	Adapter 507Hz Probe 3839Hz	9	3.839	70.00	0.437
63.029	0.05	Adapter 507Hz Probe 3839Hz	9	0.507	70.00	0.079
63.109	0.05	Adapter 507Hz Probe 3839Hz	9	0.507	70.00	0.079
63.189	0.05	Adapter 507Hz Probe 3839Hz	9	0.507	70.00	0.079
63.269	0.05	Adapter 507Hz Probe 3839Hz	9	0.507	70.00	0.079
63.349	0.05	Adapter 507Hz Probe 3839Hz	9	3.839	70.00	0.437
63.529	0.05	Adapter 507Hz Probe 3839Hz	9	0.507	70.00	0.079
63.609	0.05	Adapter 507Hz Probe 3839Hz	9	0.507	70.00	0.079
63.689	0.05	Adapter 507Hz Probe 3839Hz	9	0.507	70.00	0.079
63.769	0.05	Adapter 507Hz Probe 3839Hz	9	0.507	70.00	0.079
63.849	0.05	Adapter 507Hz Probe 3839Hz	9	3.839	70.00	0.437
64.029	0.05	Adapter 507Hz Probe 3839Hz	9	0.507	70.00	0.079
64.109	0.05	Adapter 507Hz Probe 3839Hz	9	0.507	70.00	0.079
64.189	0.05	Adapter 507Hz Probe 3839Hz	9	0.507	70.00	0.079
64.269	0.05	Adapter 507Hz Probe 3839Hz	9	0.507	70.00	0.079
64.349	0.05	Adapter 507Hz Probe 3839Hz	9	3.839	70.00	0.437
64.529	0.05	Adapter 507Hz Probe 3839Hz	9	0.507	70.00	0.079
64.609	0.05	Adapter 507Hz Probe 3839Hz	9	0.507	70.00	0.079
64.689	0.05	Adapter 507Hz Probe 3839Hz	9	0.507	70.00	0.079
64.769	0.05	Adapter 507Hz Probe 3839Hz	9	0.507	70.00	0.079
64.849	0.05	Adapter 507Hz Probe 3839Hz	9	3.839	70.00	0.437
65.029	0.05	Adapter 507Hz Probe 3839Hz	9	0.507	70.00	0.079
65.109	0.05	Adapter 507Hz Probe 3839Hz	9	0.507	70.00	0.079
65.189	0.05	Adapter 507Hz Probe 3839Hz	9	0.507	70.00	0.079
65.269	0.05	Adapter 507Hz Probe 3839Hz	9	0.507	70.00	0.079
65.349	0.05	Adapter 507Hz Probe 3839Hz	9	3.839	70.00	0.437
65.529	0.05	Adapter 507Hz Probe 3839Hz	9	0.507	70.00	0.079
65.609	0.05	Adapter 507Hz Probe 3839Hz	9	0.507	70.00	0.079
65.689	0.05	Adapter 507Hz Probe 3839Hz	9	0.507	70.00	0.079
65.769	0.05	Adapter 507Hz Probe 3839Hz	9	0.507	70.00	0.079
65.849	0.05	Adapter 507Hz Probe 3839Hz	9	3.839	70.00	0.437
66.029	0.05	Adapter 507Hz Probe 3839Hz	9	0.507	70.00	0.079
66.109	0.05	Adapter 507Hz Probe 3839Hz	9	0.507	70.00	0.079
66.189	0.05	Adapter 507Hz Probe 3839Hz	9	0.507	70.00	0.079
66.269	0.05	Adapter 507Hz Probe 3839Hz	9	0.507	70.00	0.079
66.349	0.05	Adapter 507Hz Probe 3839Hz	9	3.839	70.00	0.437
66.529	0.05	Adapter 507Hz Probe 3839Hz	9	0.507	70.00	0.079
66.609	0.05	Adapter 507Hz Probe 3839Hz	9	0.507	70.00	0.079
66.689	0.05	Adapter 507Hz Probe 3839Hz	9	0.507	70.00	0.079
66.769	0.05	Adapter 507Hz Probe 3839Hz	9	0.507	70.00	0.079
66.849	0.05	Adapter 507Hz Probe 3839Hz	9	3.839	70.00	0.437
67.029	0.05	Adapter 507Hz Probe 3839Hz	9	0.507	70.00	0.079
67.109	0.05	Adapter 507Hz Probe 3839Hz	9	0.507	70.00	0.079
67.189	0.05	Adapter 507Hz Probe 3839Hz	9	0.507	70.00	0.079
67.269	0.05	Adapter 507Hz Probe 3839Hz	9	0.507	70.00	0.079
67.349	0.05	Adapter 507Hz Probe 3839Hz	9	3.839	70.00	0.437
70.048	0.05	Adapter 2423Hz Probe 3839Hz	10	2.423	70.00	0.285
70.128	0.05	Adapter 2423Hz Probe 3839Hz	10	2.423	70.00	0.285
70.208	0.05	Adapter 2423Hz Probe 3839Hz	10	2.423	70.00	0.285
70.288	0.05	Adapter 2423Hz Probe 3839Hz	10	2.423	70.00	0.285
70.368	0.05	Adapter 2423Hz Probe 3839Hz	10	3.839	70.00	0.437
70.548	0.05	Adapter 2423Hz Probe 3839Hz	10	2.423	70.00	0.285
70.628	0.05	Adapter 2423Hz Probe 3839Hz	10	2.423	70.00	0.285
70.708	0.05	Adapter 2423Hz Probe 3839Hz	10	2.423	70.00	0.285
70.788	0.05	Adapter 2423Hz Probe 3839Hz	10	2.423	70.00	0.285
70.868	0.05	Adapter 2423Hz Probe 3839Hz	10	3.839	70.00	0.437
71.048	0.05	Adapter 2423Hz Probe 3839Hz	10	2.423	70.00	0.285
71.128	0.05	Adapter 2423Hz Probe 3839Hz	10	2.423	70.00	0.285
71.208	0.05	Adapter 2423Hz Probe 3839Hz	10	2.423	70.00	0.285
71.288	0.05	Adapter 2423Hz Probe 3839Hz	10	2.423	70.00	0.285
71.368	0.05	Adapter 2423Hz Probe 3839Hz	10	3.839	70.00	0.437
71.548	0.05	Adapter 2423Hz Probe 3839Hz	10	2.423	70.00	0.285
71.628	0.05	Adapter 2423Hz Probe 3839Hz	10	2.423	70.00	0.285
71.708	0.05	Adapter 2423Hz Probe 3839Hz	10	2.423	70.00	0.285
71.788	0.05	Adapter 2423Hz Probe 3839Hz	10	2.423	70.00	0.285
71.868	0.05	Adapter 2423Hz Probe 3839Hz	10	3.839	70.00	0.437
72.048	0.05	Adapter 2423Hz Probe 3839Hz	10	2.423	70.00	0.285
72.128	0.05	Adapter 2423Hz Probe 3839Hz	10	2.423	70.00	0.285
72.208	0.05	Adapter 2423Hz Probe 3839Hz	10	2.423	70.00	0.285
72.288	0.05	Adapter 2423Hz Probe 3839Hz	10	2.423	70.00	0.285
72.368	0.05	Adapter 2423Hz Probe 3839Hz	10	3.839	70.00	0.437
72.548	0.05	Adapter 2423Hz Probe 3839Hz	10	2.423	70.00	0.285
72.628	0.05	Adapter 2423Hz Probe 3839Hz	10	2.423	70.00	0.285
72.708	0.05	Adapter 2423Hz Probe 3839Hz	10	2.423	70.00	0.285
72.788	0.05	Adapter 2423Hz Probe 3839Hz	10	2.423	70.00	0.285
72.868	0.05	Adapter 2423Hz Probe 3839Hz	10	3.839	70.00	0.437
73.048	0.05	Adapter 2423Hz Probe 3839Hz	10	2.423	70.00	0.285
73.128	0.05	Adapter 2423Hz Probe 3839Hz	10	2.423	70.00	0.285
73.208	0.05	Adapter 2423Hz Probe 3839Hz	10	2.423	70.00	0.285
73.288	0.05	Adapter 2423Hz Probe 3839Hz	10	2.423	70.00	0.285
73.368	0.05	Adapter 2423Hz Probe 3839Hz	10	3.839	70.00	0.437
73.548	0.05	Adapter 2423Hz Probe 3839Hz	10	2.423	70.00	0.285
73.628	0.05	Adapter 2423Hz Probe 3839Hz	10	2.423	70.00	0.285
73.708	0.05	Adapter 2423Hz Probe 3839Hz	10	2.423	70.00	0.285
73.788	0.05	Adapter 2423Hz Probe 3839Hz	10	2.423	70.00	0.285
73.868	0.05	Adapter 2423Hz Probe 3839Hz	10	3.839	70.00	0.437
74.048	0.05	Adapter 2423Hz Probe 3839Hz	10	2.423	70.00	0.285
74.128	0.05	Adapter 2423Hz Probe 3839Hz	10	2.423	70.00	0.285
74.208	0.05	Adapter 2423Hz Probe 3839Hz	10	2.423	70.00	0.285
74.288	0.05	Adapter 2423Hz Probe 3839Hz	10	2.423	70.00	0.285
74.368	0.05	Adapter 2423Hz Probe 3839Hz	10	3.839	70.00	0.437
74.548	0.05	Adapter 2423Hz Probe 3839Hz	10	2.423	70.00	0.285
74.628	0.05	Adapter 2423Hz Probe 3839Hz	10	2.423	70.00	0.285
74.708	0.05	Adapter 2423Hz Probe 3839Hz	10	2.423	70.00	0.285
74.788	0.05	Adapter 2423Hz Probe 3839Hz	10	2.423	70.00	0.285
74.868	0.05	Adapter 2423Hz Probe 3839Hz	10	3.839	70.00	0.437
85.04	0.05	Adapter 6009Hz	12	6.009	70.00	0.671
85.12	0.05	Adapter 6009Hz	12	6.009	70.00	0.671
85.2	0.05	Adapter 6009Hz	12	6.009	70.00	0.671
85.28	0.05	Adapter 6009Hz	12	6.009	70.00	0.671
85.54	0.05	Adapter 6009Hz	12	6.009	70.00	0.671
85.62	0.05	Adapter 6009Hz	12	6.009	70.00	0.671
85.7	0.05	Adapter 6009Hz	12	6.009	70.00	0.671
85.78	0.05	Adapter 6009Hz	12	6.009	70.00	0.671
86.04	0.05	Adapter 6009Hz	12	6.009	70.00	0.671
86.12	0.05	Adapter 6009Hz	12	6.009	70.00	0.671
86.2	0.05	Adapter 6009Hz	12	6.009	70.00	0.671
86.28	0.05	Adapter 6009Hz	12	6.009	70.00	0.671
86.54	0.05	Adapter 6009Hz	12	6.009	70.00	0.671
86.62	0.05	Adapter 6009Hz	12	6.009	70.00	0.671
86.7	0.05	Adapter 6009Hz	12	6.009	70.00	0.671
86.78	0.05	Adapter 6009Hz	12	6.009	70.00	0.671
87.04	0.05	Adapter 6009Hz	12	6.009	70.00	0.671
87.12	0.05	Adapter 6009Hz	12	6.009	70.00	0.671
87.2	0.05	Adapter 6009Hz	12	6.009	70.00	0.671
87.28	0.05	Adapter 6009Hz	12	6.009	70.00	0.671
87.54	0.05	Adapter 6009Hz	12	6.009	70.00	0.671
87.62	0.05	Adapter 6009Hz	12	6.009	70.00	0.671
87.7	0.05	Adapter 6009Hz	12	6.009	70.00	0.671
87.78	0.05	Adapter 6009Hz	12	6.009	70.00	0.671
88.04	0.05	Adapter 6009Hz	12	6.009	70.00	0.671
88.12	0.05	Adapter 6009Hz	12	6.009	70.00	0.671
88.2	0.05	Adapter 6009Hz	12	6.009	70.00	0.671
88.28	0.05	Adapter 6009Hz	12	6.009	70.00	0.671
88.54	0.05	Adapter 6009Hz	12	6.009	70.00	0.671
88.62	0.05	Adapter 6009Hz	12	6.009	70.00	0.671
88.7	0.05	Adapter 6009Hz	12	6.009	70.00	0.671
88.78	0.05	Adapter 6009Hz	12	6.009	70.00	0.671
89.04	0.05	Adapter 6009Hz	12	6.009	70.00	0.671
89.12	0.05	Adapter 6009Hz	12	6.009	70.00	0.671
89.2	0.05	Adapter 6009Hz	12	6.009	70.00	0.671
89.28	0.05	Adapter 6009Hz	12	6.009	70.00	0.671
89.54	0.05	Adapter 6009Hz	12	6.009	70.00	0.671
89.62	0.05	Adapter 6009Hz	12	6.009	70.00	0.671
89.7	0.05	Adapter 6009Hz	12	6.009	70.00	0.671
89.78	0.05	Adapter 6009Hz	12	6.009	70.00	0.671
92.817	0.05	Probe 3839Hz	13	3.839	70.00	0.437
93.317	0.05	Probe 3839Hz	13	3.839	70.00	0.437
93.817	0.05	Probe 3839Hz	13	3.839	70.00	0.437
94.317	0.05	Probe 3839Hz	13	3.839	70.00	0.437
94.817	0.05	Probe 3839Hz	13	3.839	70.00	0.437
95.317	0.05	Probe 3839Hz	13	3.839	70.00	0.437
95.817	0.05	Probe 3839Hz	13	3.839	70.00	0.437
96.317	0.05	Probe 3839Hz	13	3.839	70.00	0.437
96.817	0.05	Probe 3839Hz	13	3.839	70.00	0.437
97.317	0.05	Probe 3839Hz	13	3.839	70.00	0.437
100.031	0.05	Adapter 1501Hz Probe 3839Hz	14	1.501	70.00	0.186
100.111	0.05	Adapter 1501Hz Probe 3839Hz	14	1.501	70.00	0.186
100.191	0.05	Adapter 1501Hz Probe 3839Hz	14	1.501	70.00	0.186
100.271	0.05	Adapter 1501Hz Probe 3839Hz	14	1.501	70.00	0.186
100.351	0.05	Adapter 1501Hz Probe 3839Hz	14	3.839	70.00	0.437
100.531	0.05	Adapter 1501Hz Probe 3839Hz	14	1.501	70.00	0.186
100.611	0.05	Adapter 1501Hz Probe 3839Hz	14	1.501	70.00	0.186
100.691	0.05	Adapter 1501Hz Probe 3839Hz	14	1.501	70.00	0.186
100.771	0.05	Adapter 1501Hz Probe 3839Hz	14	1.501	70.00	0.186
100.851	0.05	Adapter 1501Hz Probe 3839Hz	14	3.839	70.00	0.437
101.031	0.05	Adapter 1501Hz Probe 3839Hz	14	1.501	70.00	0.186
101.111	0.05	Adapter 1501Hz Probe 3839Hz	14	1.501	70.00	0.186
101.191	0.05	Adapter 1501Hz Probe 3839Hz	14	1.501	70.00	0.186
101.271	0.05	Adapter 1501Hz Probe 3839Hz	14	1.501	70.00	0.186
101.351	0.05	Adapter 1501Hz Probe 3839Hz	14	3.839	70.00	0.437
101.531	0.05	Adapter 1501Hz Probe 3839Hz	14	1.501	70.00	0.186
101.611	0.05	Adapter 1501Hz Probe 3839Hz	14	1.501	70.00	0.186
101.691	0.05	Adapter 1501Hz Probe 3839Hz	14	1.501	70.00	0.186
101.771	0.05	Adapter 1501Hz Probe 3839Hz	14	1.501	70.00	0.186
101.851	0.05	Adapter 1501Hz Probe 3839Hz	14	3.839	70.00	0.437
102.031	0.05	Adapter 1501Hz Probe 3839Hz	14	1.501	70.00	0.186
102.111	0.05	Adapter 1501Hz Probe 3839Hz	14	1.501	70.00	0.186
102.191	0.05	Adapter 1501Hz Probe 3839Hz	14	1.501	70.00	0.186
102.271	0.05	Adapter 1501Hz Probe 3839Hz	14	1.501	70.00	0.186
102.351	0.05	Adapter 1501Hz Probe 3839Hz	14	3.839	70.00	0.437
102.531	0.05	Adapter 1501Hz Probe 3839Hz	14	1.501	70.00	0.186
102.611	0.05	Adapter 1501Hz Probe 3839Hz	14	1.501	70.00	0.186
102.691	0.05	Adapter 1501Hz Probe 3839Hz	14	1.501	70.00	0.186
102.771	0.05	Adapter 1501Hz Probe 3839Hz	14	1.501	70.00	0.186
102.851	0.05	Adapter 1501Hz Probe 3839Hz	14	3.839	70.00	0.437
103.031	0.05	Adapter 1501Hz Probe 3839Hz	14	1.501	70.00	0.186
103.111	0.05	Adapter 1501Hz Probe 3839Hz	14	1.501	70.00	0.186
103.191	0.05	Adapter 1501Hz Probe 3839Hz	14	1.501	70.00	0.186
103.271	0.05	Adapter 1501Hz Probe 3839Hz	14	1.501	70.00	0.186
103.351	0.05	Adapter 1501Hz Probe 3839Hz	14	3.839	70.00	0.437
103.531	0.05	Adapter 1501Hz Probe 3839Hz	14	1.501	70.00	0.186
103.611	0.05	Adapter 1501Hz Probe 3839Hz	14	1.501	70.00	0.186
103.691	0.05	Adapter 1501Hz Probe 3839Hz	14	1.501	70.00	0.186
103.771	0.05	Adapter 1501Hz Probe 3839Hz	14	1.501	70.00	0.186
103.851	0.05	Adapter 1501Hz Probe 3839Hz	14	3.839	70.00	0.437
104.031	0.05	Adapter 1501Hz Probe 3839Hz	14	1.501	70.00	0.186
104.111	0.05	Adapter 1501Hz Probe 3839Hz	14	1.501	70.00	0.186
104.191	0.05	Adapter 1501Hz Probe 3839Hz	14	1.501	70.00	0.186
104.271	0.05	Adapter 1501Hz Probe 3839Hz	14	1.501	70.00	0.186
104.351	0.05	Adapter 1501Hz Probe 3839Hz	14	3.839	70.00	0.437
104.531	0.05	Adapter 1501Hz Probe 3839Hz	14	1.501	70.00	0.186
104.611	0.05	Adapter 1501Hz Probe 3839Hz	14	1.501	70.00	0.186
104.691	0.05	Adapter 1501Hz Probe 3839Hz	14	1.501	70.00	0.186
104.771	0.05	Adapter 1501Hz Probe 3839Hz	14	1.501	70.00	0.186
104.851	0.05	Adapter 1501Hz Probe 3839Hz	14	3.839	70.00	0.437
107.504	0.05	Adapter 899Hz Probe 3839Hz	15	0.899	70.00	0.121
107.584	0.05	Adapter 899Hz Probe 3839Hz	15	0.899	70.00	0.121
107.664	0.05	Adapter 899Hz Probe 3839Hz	15	0.899	70.00	0.121
107.744	0.05	Adapter 899Hz Probe 3839Hz	15	0.899	70.00	0.121
107.824	0.05	Adapter 899Hz Probe 3839Hz	15	3.839	70.00	0.437
108.004	0.05	Adapter 899Hz Probe 3839Hz	15	0.899	70.00	0.121
108.084	0.05	Adapter 899Hz Probe 3839Hz	15	0.899	70.00	0.121
108.164	0.05	Adapter 899Hz Probe 3839Hz	15	0.899	70.00	0.121
108.244	0.05	Adapter 899Hz Probe 3839Hz	15	0.899	70.00	0.121
108.324	0.05	Adapter 899Hz Probe 3839Hz	15	3.839	70.00	0.437
108.504	0.05	Adapter 899Hz Probe 3839Hz	15	0.899	70.00	0.121
108.584	0.05	Adapter 899Hz Probe 3839Hz	15	0.899	70.00	0.121
108.664	0.05	Adapter 899Hz Probe 3839Hz	15	0.899	70.00	0.121
108.744	0.05	Adapter 899Hz Probe 3839Hz	15	0.899	70.00	0.121
108.824	0.05	Adapter 899Hz Probe 3839Hz	15	3.839	70.00	0.437
109.004	0.05	Adapter 899Hz Probe 3839Hz	15	0.899	70.00	0.121
109.084	0.05	Adapter 899Hz Probe 3839Hz	15	0.899	70.00	0.121
109.164	0.05	Adapter 899Hz Probe 3839Hz	15	0.899	70.00	0.121
109.244	0.05	Adapter 899Hz Probe 3839Hz	15	0.899	70.00	0.121
109.324	0.05	Adapter 899Hz Probe 3839Hz	15	3.839	70.00	0.437
109.504	0.05	Adapter 899Hz Probe 3839Hz	15	0.899	70.00	0.121
109.584	0.05	Adapter 899Hz Probe 3839Hz	15	0.899	70.00	0.121
109.664	0.05	Adapter 899Hz Probe 3839Hz	15	0.899	70.00	0.121
109.744	0.05	Adapter 899Hz Probe 3839Hz	15	0.899	70.00	0.121
109.824	0.05	Adapter 899Hz Probe 3839Hz	15	3.839	70.00	0.437
110.004	0.05	Adapter 899Hz Probe 3839Hz	15	0.899	70.00	0.121
110.084	0.05	Adapter 899Hz Probe 3839Hz	15	0.899	70.00	0.121
110.164	0.05	Adapter 899Hz Probe 3839Hz	15	0.899	70.00	0.121
110.244	0.05	Adapter 899Hz Probe 3839Hz	15	0.899	70.00	0.121
110.324	0.05	Adapter 899Hz Probe 3839Hz	15	3.839	70.00	0.437
110.504	0.05	Adapter 899Hz Probe 3839Hz	15	0.899	70.00	0.121
110.584	0.05	Adapter 899Hz Probe 3839Hz	15	0.899	70.00	0.121
110.664	0.05	Adapter 899Hz Probe 3839Hz	15	0.899	70.00	0.121
110.744	0.05	Adapter 899Hz Probe 3839Hz	15	0.899	70.00	0.121
110.824	0.05	Adapter 899Hz Probe 3839Hz	15	3.839	70.00	0.437
111.004	0.05	Adapter 899Hz Probe 3839Hz	15	0.899	70.00	0.121
111.084	0.05	Adapter 899Hz Probe 3839Hz	15	0.899	70.00	0.121
111.164	0.05	Adapter 899Hz Probe 3839Hz	15	0.899	70.00	0.121
111.244	0.05	Adapter 899Hz Probe 3839Hz	15	0.899	70.00	0.121
111.324	0.05	Adapter 899Hz Probe 3839Hz	15	3.839	70.00	0.437
111.504	0.05	Adapter 899Hz Probe 3839Hz	15	0.899	70.00	0.121
111.584	0.05	Adapter 899Hz Probe 3839Hz	15	0.899	70.00	0.121
111.664	0.05	Adapter 899Hz Probe 3839Hz	15	0.899	70.00	0.121
111.744	0.05	Adapter 899Hz Probe 3839Hz	15	0.899	70.00	0.121
111.824	0.05	Adapter 899Hz Probe 3839Hz	15	3.839	70.00	0.437
112.004	0.05	Adapter 899Hz Probe 3839Hz	15	0.899	70.00	0.121
112.084	0.05	Adapter 899Hz Probe 3839Hz	15	0.899	70.00	0.121
112.164	0.05	Adapter 899Hz Probe 3839Hz	15	0.899	70.00	0.121
112.244	0.05	Adapter 899Hz Probe 3839Hz	15	0.899	70.00	0.121
112.324	0.05	Adapter 899Hz Probe 3839Hz	15	3.839	70.00	0.437
115.054	0.05	Adapter 251Hz	16	0.251	70.00	0.052
115.134	0.05	Adapter 251Hz	16	0.251	70.00	0.052
115.214	0.05	Adapter 251Hz	16	0.251	70.00	0.052
115.294	0.05	Adapter 251Hz	16	0.251	70.00	0.052
115.554	0.05	Adapter 251Hz	16	0.251	70.00	0.052
115.634	0.05	Adapter 251Hz	16	0.251	70.00	0.052
115.714	0.05	Adapter 251Hz	16	0.251	70.00	0.052
115.794	0.05	Adapter 251Hz	16	0.251	70.00	0.052
116.054	0.05	Adapter 251Hz	16	0.251	70.00	0.052
116.134	0.05	Adapter 251Hz	16	0.251	70.00	0.052
116.214	0.05	Adapter 251Hz	16	0.251	70.00	0.052
116.294	0.05	Adapter 251Hz	16	0.251	70.00	0.052
116.554	0.05	Adapter 251Hz	16	0.251	70.00	0.052
116.634	0.05	Adapter 251Hz	16	0.251	70.00	0.052
116.714	0.05	Adapter 251Hz	16	0.251	70.00	0.052
116.794	0.05	Adapter 251Hz	16	0.251	70.00	0.052
117.054	0.05	Adapter 251Hz	16	0.251	70.00	0.052
117.134	0.05	Adapter 251Hz	16	0.251	70.00	0.052
117.214	0.05	Adapter 251Hz	16	0.251	70.00	0.052
117.294	0.05	Adapter 251Hz	16	0.251	70.00	0.052
117.554	0.05	Adapter 251Hz	16	0.251	70.00	0.052
117.634	0.05	Adapter 251Hz	16	0.251	70.00	0.052
117.714	0.05	Adapter 251Hz	16	0.251	70.00	0.052
117.794	0.05	Adapter 251Hz	16	0.251	70.00	0.052
118.054	0.05	Adapter 251Hz	16	0.251	70.00	0.052
118.134	0.05	Adapter 251Hz	16	0.251	70.00	0.052
118.214	0.05	Adapter 251Hz	16	0.251	70.00	0.052
118.294	0.05	Adapter 251Hz	16	0.251	70.00	0.052
118.554	0.05	Adapter 251Hz	16	0.251	70.00	0.052
118.634	0.05	Adapter 251Hz	16	0.251	70.00	0.052
118.714	0.05	Adapter 251Hz	16	0.251	70.00	0.052
118.794	0.05	Adapter 251Hz	16	0.251	70.00	0.052
119.054	0.05	Adapter 251Hz	16	0.251	70.00	0.052
119.134	0.05	Adapter 251Hz	16	0.251	70.00	0.052
119.214	0.05	Adapter 251Hz	16	0.251	70.00	0.052
119.294	0.05	Adapter 251Hz	16	0.251	70.00	0.052
119.554	0.05	Adapter 251Hz	16	0.251	70.00	0.052
119.634	0.05	Adapter 251Hz	16	0.251	70.00	0.052
119.714	0.05	Adapter 251Hz	16	0.251	70.00	0.052
119.794	0.05	Adapter 251Hz	16	0.251	70.00	0.052
130.046	0.05	Adapter 3839Hz	18	3.839	70.00	0.437
130.126	0.05	Adapter 3839Hz	18	3.839	70.00	0.437
130.206	0.05	Adapter 3839Hz	18	3.839	70.00	0.437
130.286	0.05	Adapter 3839Hz	18	3.839	70.00	0.437
130.546	0.05	Adapter 3839Hz	18	3.839	70.00	0.437
130.626	0.05	Adapter 3839Hz	18	3.839	70.00	0.437
130.706	0.05	Adapter 3839Hz	18	3.839	70.00	0.437
130.786	0.05	Adapter 3839Hz	18	3.839	70.00	0.437
131.046	0.05	Adapter 3839Hz	18	3.839	70.00	0.437
131.126	0.05	Adapter 3839Hz	18	3.839	70.00	0.437
131.206	0.05	Adapter 3839Hz	18	3.839	70.00	0.437
131.286	0.05	Adapter 3839Hz	18	3.839	70.00	0.437
131.546	0.05	Adapter 3839Hz	18	3.839	70.00	0.437
131.626	0.05	Adapter 3839Hz	18	3.839	70.00	0.437
131.706	0.05	Adapter 3839Hz	18	3.839	70.00	0.437
131.786	0.05	Adapter 3839Hz	18	3.839	70.00	0.437
132.046	0.05	Adapter 3839Hz	18	3.839	70.00	0.437
132.126	0.05	Adapter 3839Hz	18	3.839	70.00	0.437
132.206	0.05	Adapter 3839Hz	18	3.839	70.00	0.437
132.286	0.05	Adapter 3839Hz	18	3.839	70.00	0.437
132.546	0.05	Adapter 3839Hz	18	3.839	70.00	0.437
132.626	0.05	Adapter 3839Hz	18	3.839	70.00	0.437
132.706	0.05	Adapter 3839Hz	18	3.839	70.00	0.437
132.786	0.05	Adapter 3839Hz	18	3.839	70.00	0.437
133.046	0.05	Adapter 3839Hz	18	3.839	70.00	0.437
133.126	0.05	Adapter 3839Hz	18	3.839	70.00	0.437
133.206	0.05	Adapter 3839Hz	18	3.839	70.00	0.437
133.286	0.05	Adapter 3839Hz	18	3.839	70.00	0.437
133.546	0.05	Adapter 3839Hz	18	3.839	70.00	0.437
133.626	0.05	Adapter 3839Hz	18	3.839	70.00	0.437
133.706	0.05	Adapter 3839Hz	18	3.839	70.00	0.437
133.786	0.05	Adapter 3839Hz	18	3.839	70.00	0.437
134.046	0.05	Adapter 3839Hz	18	3.839	70.00	0.437
134.126	0.05	Adapter 3839Hz	18	3.839	70.00	0.437
134.206	0.05	Adapter 3839Hz	18	3.839	70.00	0.437
134.286	0.05	Adapter 3839Hz	18	3.839	70.00	0.437
134.546	0.05	Adapter 3839Hz	18	3.839	70.00	0.437
134.626	0.05	Adapter 3839Hz	18	3.839	70.00	0.437
134.706	0.05	Adapter 3839Hz	18	3.839	70.00	0.437
134.786	0.05	Adapter 3839Hz	18	3.839	70.00	0.437
137.503	0.05	Adapter 899Hz Probe 3839Hz	19	0.899	70.00	0.121
137.583	0.05	Adapter 899Hz Probe 3839Hz	19	0.899	70.00	0.121
137.663	0.05	Adapter 899Hz Probe 3839Hz	19	0.899	70.00	0.121
137.743	0.05	Adapter 899Hz Probe 3839Hz	19	0.899	70.00	0.121
137.823	0.05	Adapter 899Hz Probe 3839Hz	19	3.839	70.00	0.437
138.003	0.05	Adapter 899Hz Probe 3839Hz	19	0.899	70.00	0.121
138.083	0.05	Adapter 899Hz Probe 3839Hz	19	0.899	70.00	0.121
138.163	0.05	Adapter 899Hz Probe 3839Hz	19	0.899	70.00	0.121
138.243	0.05	Adapter 899Hz Probe 3839Hz	19	0.899	70.00	0.121
138.323	0.05	Adapter 899Hz Probe 3839Hz	19	3.839	70.00	0.437
138.503	0.05	Adapter 899Hz Probe 3839Hz	19	0.899	70.00	0.121
138.583	0.05	Adapter 899Hz Probe 3839Hz	19	0.899	70.00	0.121
138.663	0.05	Adapter 899Hz Probe 3839Hz	19	0.899	70.00	0.121
138.743	0.05	Adapter 899Hz Probe 3839Hz	19	0.899	70.00	0.121
138.823	0.05	Adapter 899Hz Probe 3839Hz	19	3.839	70.00	0.437
139.003	0.05	Adapter 899Hz Probe 3839Hz	19	0.899	70.00	0.121
139.083	0.05	Adapter 899Hz Probe 3839Hz	19	0.899	70.00	0.121
139.163	0.05	Adapter 899Hz Probe 3839Hz	19	0.899	70.00	0.121
139.243	0.05	Adapter 899Hz Probe 3839Hz	19	0.899	70.00	0.121
139.323	0.05	Adapter 899Hz Probe 3839Hz	19	3.839	70.00	0.437
139.503	0.05	Adapter 899Hz Probe 3839Hz	19	0.899	70.00	0.121
139.583	0.05	Adapter 899Hz Probe 3839Hz	19	0.899	70.00	0.121
139.663	0.05	Adapter 899Hz Probe 3839Hz	19	0.899	70.00	0.121
139.743	0.05	Adapter 899Hz Probe 3839Hz	19	0.899	70.00	0.121
139.823	0.05	Adapter 899Hz Probe 3839Hz	19	3.839	70.00	0.437
140.003	0.05	Adapter 899Hz Probe 3839Hz	19	0.899	70.00	0.121
140.083	0.05	Adapter 899Hz Probe 3839Hz	19	0.899	70.00	0.121
140.163	0.05	Adapter 899Hz Probe 3839Hz	19	0.899	70.00	0.121
140.243	0.05	Adapter 899Hz Probe 3839Hz	19	0.899	70.00	0.121
140.323	0.05	Adapter 899Hz Probe 3839Hz	19	3.839	70.00	0.437
140.503	0.05	Adapter 899Hz Probe 3839Hz	19	0.899	70.00	0.121
140.583	0.05	Adapter 899Hz Probe 3839Hz	19	0.899	70.00	0.121
140.663	0.05	Adapter 899Hz Probe 3839Hz	19	0.899	70.00	0.121
140.743	0.05	Adapter 899Hz Probe 3839Hz	19	0.899	70.00	0.121
140.823	0.05	Adapter 899Hz Probe 3839Hz	19	3.839	70.00	0.437
141.003	0.05	Adapter 899Hz Probe 3839Hz	19	0.899	70.00	0.121
141.083	0.05	Adapter 899Hz Probe 3839Hz	19	0.899	70.00	0.121
141.163	0.05	Adapter 899Hz Probe 3839Hz	19	0.899	70.00	0.121
141.243	0.05	Adapter 899Hz Probe 3839Hz	19	0.899	70.00	0.121
141.323	0.05	Adapter 899Hz Probe 3839Hz	19	3.839	70.00	0.437
141.503	0.05	Adapter 899Hz Probe 3839Hz	19	0.899	70.00	0.121
141.583	0.05	Adapter 899Hz Probe 3839Hz	19	0.899	70.00	0.121
141.663	0.05	Adapter 899Hz Probe 3839Hz	19	0.899	70.00	0.121
141.743	0.05	Adapter 899Hz Probe 3839Hz	19	0.899	70.00	0.121
141.823	0.05	Adapter 899Hz Probe 3839Hz	19	3.839	70.00	0.437
142.003	0.05	Adapter 899Hz Probe 3839Hz	19	0.899	70.00	0.121
142.083	0.05	Adapter 899Hz Probe 3839Hz	19	0.899	70.00	0.121
142.163	0.05	Adapter 899Hz Probe 3839Hz	19	0.899	70.00	0.121
142.243	0.05	Adapter 899Hz Probe 3839Hz	19	0.899	70.00	0.121
142.323	0.05	Adapter 899Hz Probe 3839Hz	19	3.839	70.00	0.437
152.557	0.05	Adapter 507Hz	21	0.507	70.00	0.079
152.637	0.05	Adapter 507Hz	21	0.507	70.00	0.079
152.717	0.05	Adapter 507Hz	21	0.507	70.00	0.079
152.797	0.05	Adapter 507Hz	21	0.507	70.00	0.079
153.057	0.05	Adapter 507Hz	21	0.507	70.00	0.079
153.137	0.05	Adapter 507Hz	21	0.507	70.00	0.079
153.217	0.05	Adapter 507Hz	21	0.507	70.00	0.079
153.297	0.05	Adapter 507Hz	21	0.507	70.00	0.079
153.557	0.05	Adapter 507Hz	21	0.507	70.00	0.079
153.637	0.05	Adapter 507Hz	21	0.507	70.00	0.079
153.717	0.05	Adapter 507Hz	21	0.507	70.00	0.079
153.797	0.05	Adapter 507Hz	21	0.507	70.00	0.079
154.057	0.05	Adapter 507Hz	21	0.507	70.00	0.079
154.137	0.05	Adapter 507Hz	21	0.507	70.00	0.079
154.217	0.05	Adapter 507Hz	21	0.507	70.00	0.079
154.297	0.05	Adapter 507Hz	21	0.507	70.00	0.079
154.557	0.05	Adapter 507Hz	21	0.507	70.00	0.079
154.637	0.05	Adapter 507Hz	21	0.507	70.00	0.079
154.717	0.05	Adapter 507Hz	21	0.507	70.00	0.079
154.797	0.05	Adapter 507Hz	21	0.507	70.00	0.079
155.057	0.05	Adapter 507Hz	21	0.507	70.00	0.079
155.137	0.05	Adapter 507Hz	21	0.507	70.00	0.079
155.217	0.05	Adapter 507Hz	21	0.507	70.00	0.079
155.297	0.05	Adapter 507Hz	21	0.507	70.00	0.079
155.557	0.05	Adapter 507Hz	21	0.507	70.00	0.079
155.637	0.05	Adapter 507Hz	21	0.507	70.00	0.079
155.717	0.05	Adapter 507Hz	21	0.507	70.00	0.079
155.797	0.05	Adapter 507Hz	21	0.507	70.00	0.079
156.057	0.05	Adapter 507Hz	21	0.507	70.00	0.079
156.137	0.05	Adapter 507Hz	21	0.507	70.00	0.079
156.217	0.05	Adapter 507Hz	21	0.507	70.00	0.079
156.297	0.05	Adapter 507Hz	21	0.507	70.00	0.079
156.557	0.05	Adapter 507Hz	21	0.507	70.00	0.079
156.637	0.05	Adapter 507Hz	21	0.507	70.00	0.079
156.717	0.05	Adapter 507Hz	21	0.507	70.00	0.079
156.797	0.05	Adapter 507Hz	21	0.507	70.00	0.079
157.057	0.05	Adapter 507Hz	21	0.507	70.00	0.079
157.137	0.05	Adapter 507Hz	21	0.507	70.00	0.079
157.217	0.05	Adapter 507Hz	21	0.507	70.00	0.079
157.297	0.05	Adapter 507Hz	21	0.507	70.00	0.079
160.045	0.05	Adapter 1501Hz	22	1.501	70.00	0.186
160.125	0.05	Adapter 1501Hz	22	1.501	70.00	0.186
160.205	0.05	Adapter 1501Hz	22	1.501	70.00	0.186
160.285	0.05	Adapter 1501Hz	22	1.501	70.00	0.186
160.545	0.05	Adapter 1501Hz	22	1.501	70.00	0.186
160.625	0.05	Adapter 1501Hz	22	1.501	70.00	0.186
160.705	0.05	Adapter 1501Hz	22	1.501	70.00	0.186
160.785	0.05	Adapter 1501Hz	22	1.501	70.00	0.186
161.045	0.05	Adapter 1501Hz	22	1.501	70.00	0.186
161.125	0.05	Adapter 1501Hz	22	1.501	70.00	0.186
161.205	0.05	Adapter 1501Hz	22	1.501	70.00	0.186
161.285	0.05	Adapter 1501Hz	22	1.501	70.00	0.186
161.545	0.05	Adapter 1501Hz	22	1.501	70.00	0.186
161.625	0.05	Adapter 1501Hz	22	1.501	70.00	0.186
161.705	0.05	Adapter 1501Hz	22	1.501	70.00	0.186
161.785	0.05	Adapter 1501Hz	22	1.501	70.00	0.186
162.045	0.05	Adapter 1501Hz	22	1.501	70.00	0.186
162.125	0.05	Adapter 1501Hz	22	1.501	70.00	0.186
162.205	0.05	Adapter 1501Hz	22	1.501	70.00	0.186
162.285	0.05	Adapter 1501Hz	22	1.501	70.00	0.186
162.545	0.05	Adapter 1501Hz	22	1.501	70.00	0.186
162.625	0.05	Adapter 1501Hz	22	1.501	70.00	0.186
162.705	0.05	Adapter 1501Hz	22	1.501	70.00	0.186
162.785	0.05	Adapter 1501Hz	22	1.501	70.00	0.186
163.045	0.05	Adapter 1501Hz	22	1.501	70.00	0.186
163.125	0.05	Adapter 1501Hz	22	1.501	70.00	0.186
163.205	0.05	Adapter 1501Hz	22	1.501	70.00	0.186
163.285	0.05	Adapter 1501Hz	22	1.501	70.00	0.186
163.545	0.05	Adapter 1501Hz	22	1.501	70.00	0.186
163.625	0.05	Adapter 1501Hz	22	1.501	70.00	0.186
163.705	0.05	Adapter 1501Hz	22	1.501	70.00	0.186
163.785	0.05	Adapter 1501Hz	22	1.501	70.00	0.186
164.045	0.05	Adapter 1501Hz	22	1.501	70.00	0.186
164.125	0.05	Adapter 1501Hz	22	1.501	70.00	0.186
164.205	0.05	Adapter 1501Hz	22	1.501	70.00	0.186
164.285	0.05	Adapter 1501Hz	22	1.501	70.00	0.186
164.545	0.05	Adapter 1501Hz	22	1.501	70.00	0.186
164.625	0.05	Adapter 1501Hz	22	1.501	70.00	0.186
164.705	0.05	Adapter 1501Hz	22	1.501	70.00	0.186
164.785	0.05	Adapter 1501Hz	22	1.501	70.00	0.186
167.548	0.05	Adapter 3839Hz Probe 3839Hz	23	3.839	70.00	0.437
167.628	0.05	Adapter 3839Hz Probe 3839Hz	23	3.839	70.00	0.437
167.708	0.05	Adapter 3839Hz Probe 3839Hz	23	3.839	70.00	0.437
167.788	0.05	Adapter 3839Hz Probe 3839Hz	23	3.839	70.00	0.437
167.868	0.05	Adapter 3839Hz Probe 3839Hz	23	3.839	70.00	0.437
168.048	0.05	Adapter 3839Hz Probe 3839Hz	23	3.839	70.00	0.437
168.128	0.05	Adapter 3839Hz Probe 3839Hz	23	3.839	70.00	0.437
168.208	0.05	Adapter 3839Hz Probe 3839Hz	23	3.839	70.00	0.437
168.288	0.05	Adapter 3839Hz Probe 3839Hz	23	3.839	70.00	0.437
168.368	0.05	Adapter 3839Hz Probe 3839Hz	23	3.839	70.00	0.437
168.548	0.05	Adapter 3839Hz Probe 3839Hz	23	3.839	70.00	0.437
168.628	0.05	Adapter 3839Hz Probe 3839Hz	23	3.839	70.00	0.437
168.708	0.05	Adapter 3839Hz Probe 3839Hz	23	3.839	70.00	0.437
168.788	0.05	Adapter 3839Hz Probe 3839Hz	23	3.839	70.00	0.437
168.868	0.05	Adapter 3839Hz Probe 3839Hz	23	3.839	70.00	0.437
169.048	0.05	Adapter 3839Hz Probe 3839Hz	23	3.839	70.00	0.437
169.128	0.05	Adapter 3839Hz Probe 3839Hz	23	3.839	70.00	0.437
169.208	0.05	Adapter 3839Hz Probe 3839Hz	23	3.839	70.00	0.437
169.288	0.05	Adapter 3839Hz Probe 3839Hz	23	3.839	70.00	0.437
169.368	0.05	Adapter 3839Hz Probe 3839Hz	23	3.839	70.00	0.437
169.548	0.05	Adapter 3839Hz Probe 3839Hz	23	3.839	70.00	0.437
169.628	0.05	Adapter 3839Hz Probe 3839Hz	23	3.839	70.00	0.437
169.708	0.05	Adapter 3839Hz Probe 3839Hz	23	3.839	70.00	0.437
169.788	0.05	Adapter 3839Hz Probe 3839Hz	23	3.839	70.00	0.437
169.868	0.05	Adapter 3839Hz Probe 3839Hz	23	3.839	70.00	0.437
170.048	0.05	Adapter 3839Hz Probe 3839Hz	23	3.839	70.00	0.437
170.128	0.05	Adapter 3839Hz Probe 3839Hz	23	3.839	70.00	0.437
170.208	0.05	Adapter 3839Hz Probe 3839Hz	23	3.839	70.00	0.437
170.288	0.05	Adapter 3839Hz Probe 3839Hz	23	3.839	70.00	0.437
170.368	0.05	Adapter 3839Hz Probe 3839Hz	23	3.839	70.00	0.437
170.548	0.05	Adapter 3839Hz Probe 3839Hz	23	3.839	70.00	0.437
170.628	0.05	Adapter 3839Hz Probe 3839Hz	23	3.839	70.00	0.437
170.708	0.05	Adapter 3839Hz Probe 3839Hz	23	3.839	70.00	0.437
170.788	0.05	Adapter 3839Hz Probe 3839Hz	23	3.839	70.00	0.437
170.868	0.05	Adapter 3839Hz Probe 3839Hz	23	3.839	70.00	0.437
171.048	0.05	Adapter 3839Hz Probe 3839Hz	23	3.839	70.00	0.437
171.128	0.05	Adapter 3839Hz Probe 3839Hz	23	3.839	70.00	0.437
171.208	0.05	Adapter 3839Hz Probe 3839Hz	23	3.839	70.00	0.437
171.288	0.05	Adapter 3839Hz Probe 3839Hz	23	3.839	70.00	0.437
171.368	0.05	Adapter 3839Hz Probe 3839Hz	23	3.839	70.00	0.437
171.548	0.05	Adapter 3839Hz Probe 3839Hz	23	3.839	70.00	0.437
171.628	0.05	Adapter 3839Hz Probe 3839Hz	23	3.839	70.00	0.437
171.708	0.05	Adapter 3839Hz Probe 3839Hz	23	3.839	70.00	0.437
171.788	0.05	Adapter 3839Hz Probe 3839Hz	23	3.839	70.00	0.437
171.868	0.05	Adapter 3839Hz Probe 3839Hz	23	3.839	70.00	0.437
172.048	0.05	Adapter 3839Hz Probe 3839Hz	23	3.839	70.00	0.437
172.128	0.05	Adapter 3839Hz Probe 3839Hz	23	3.839	70.00	0.437
172.208	0.05	Adapter 3839Hz Probe 3839Hz	23	3.839	70.00	0.437
172.288	0.05	Adapter 3839Hz Probe 3839Hz	23	3.839	70.00	0.437
172.368	0.05	Adapter 3839Hz Probe 3839Hz	23	3.839	70.00	0.437
175.036	0.05	Adapter 251Hz	24	0.251	70.00	0.052
175.116	0.05	Adapter 251Hz	24	0.251	70.00	0.052
175.196	0.05	Adapter 251Hz	24	0.251	70.00	0.052
175.276	0.05	Adapter 251Hz	24	0.251	70.00	0.052
175.536	0.05	Adapter 251Hz	24	0.251	70.00	0.052
175.616	0.05	Adapter 251Hz	24	0.251	70.00	0.052
175.696	0.05	Adapter 251Hz	24	0.251	70.00	0.052
175.776	0.05	Adapter 251Hz	24	0.251	70.00	0.052
176.036	0.05	Adapter 251Hz	24	0.251	70.00	0.052
176.116	0.05	Adapter 251Hz	24	0.251	70.00	0.052
176.196	0.05	Adapter 251Hz	24	0.251	70.00	0.052
176.276	0.05	Adapter 251Hz	24	0.251	70.00	0.052
176.536	0.05	Adapter 251Hz	24	0.251	70.00	0.052
176.616	0.05	Adapter 251Hz	24	0.251	70.00	0.052
176.696	0.05	Adapter 251Hz	24	0.251	70.00	0.052
176.776	0.05	Adapter 251Hz	24	0.251	70.00	0.052
177.036	0.05	Adapter 251Hz	24	0.251	70.00	0.052
177.116	0.05	Adapter 251Hz	24	0.251	70.00	0.052
177.196	0.05	Adapter 251Hz	24	0.251	70.00	0.052
177.276	0.05	Adapter 251Hz	24	0.251	70.00	0.052
177.536	0.05	Adapter 251Hz	24	0.251	70.00	0.052
177.616	0.05	Adapter 251Hz	24	0.251	70.00	0.052
177.696	0.05	Adapter 251Hz	24	0.251	70.00	0.052
177.776	0.05	Adapter 251Hz	24	0.251	70.00	0.052
178.036	0.05	Adapter 251Hz	24	0.251	70.00	0.052
178.116	0.05	Adapter 251Hz	24	0.251	70.00	0.052
178.196	0.05	Adapter 251Hz	24	0.251	70.00	0.052
178.276	0.05	Adapter 251Hz	24	0.251	70.00	0.052
178.536	0.05	Adapter 251Hz	24	0.251	70.00	0.052
178.616	0.05	Adapter 251Hz	24	0.251	70.00	0.052
178.696	0.05	Adapter 251Hz	24	0.251	70.00	0.052
178.776	0.05	Adapter 251Hz	24	0.251	70.00	0.052
179.036	0.05	Adapter 251Hz	24	0.251	70.00	0.052
179.116	0.05	Adapter 251Hz	24	0.251	70.00	0.052
179.196	0.05	Adapter 251Hz	24	0.251	70.00	0.052
179.276	0.05	Adapter 251Hz	24	0.251	70.00	0.052
179.536	0.05	Adapter 251Hz	24	0.251	70.00	0.052
179.616	0.05	Adapter 251Hz	24	0.251	70.00	0.052
179.696	0.05	Adapter 251Hz	24	0.251	70.00	0.052
179.776	0.05	Adapter 251Hz	24	0.251	70.00	0.052
182.509	0.05	Adapter 2423Hz Probe 3839Hz	25	2.423	70.00	0.285
182.589	0.05	Adapter 2423Hz Probe 3839Hz	25	2.423	70.00	0.285
182.669	0.05	Adapter 2423Hz Probe 3839Hz	25	2.423	70.00	0.285
182.749	0.05	Adapter 2423Hz Probe 3839Hz	25	2.423	70.00	0.285
182.829	0.05	Adapter 2423Hz Probe 3839Hz	25	3.839	70.00	0.437
183.009	0.05	Adapter 2423Hz Probe 3839Hz	25	2.423	70.00	0.285
183.089	0.05	Adapter 2423Hz Probe 3839Hz	25	2.423	70.00	0.285
183.169	0.05	Adapter 2423Hz Probe 3839Hz	25	2.423	70.00	0.285
183.249	0.05	Adapter 2423Hz Probe 3839Hz	25	2.423	70.00	0.285
183.329	0.05	Adapter 2423Hz Probe 3839Hz	25	3.839	70.00	0.437
183.509	0.05	Adapter 2423Hz Probe 3839Hz	25	2.423	70.00	0.285
183.589	0.05	Adapter 2423Hz Probe 3839Hz	25	2.423	70.00	0.285
183.669	0.05	Adapter 2423Hz Probe 3839Hz	25	2.423	70.00	0.285
183.749	0.05	Adapter 2423Hz Probe 3839Hz	25	2.423	70.00	0.285
183.829	0.05	Adapter 2423Hz Probe 3839Hz	25	3.839	70.00	0.437
184.009	0.05	Adapter 2423Hz Probe 3839Hz	25	2.423	70.00	0.285
184.089	0.05	Adapter 2423Hz Probe 3839Hz	25	2.423	70.00	0.285
184.169	0.05	Adapter 2423Hz Probe 3839Hz	25	2.423	70.00	0.285
184.249	0.05	Adapter 2423Hz Probe 3839Hz	25	2.423	70.00	0.285
184.329	0.05	Adapter 2423Hz Probe 3839Hz	25	3.839	70.00	0.437
184.509	0.05	Adapter 2423Hz Probe 3839Hz	25	2.423	70.00	0.285
184.589	0.05	Adapter 2423Hz Probe 3839Hz	25	2.423	70.00	0.285
184.669	0.05	Adapter 2423Hz Probe 3839Hz	25	2.423	70.00	0.285
184.749	0.05	Adapter 2423Hz Probe 3839Hz	25	2.423	70.00	0.285
184.829	0.05	Adapter 2423Hz Probe 3839Hz	25	3.839	70.00	0.437
185.009	0.05	Adapter 2423Hz Probe 3839Hz	25	2.423	70.00	0.285
185.089	0.05	Adapter 2423Hz Probe 3839Hz	25	2.423	70.00	0.285
185.169	0.05	Adapter 2423Hz Probe 3839Hz	25	2.423	70.00	0.285
185.249	0.05	Adapter 2423Hz Probe 3839Hz	25	2.423	70.00	0.285
185.329	0.05	Adapter 2423Hz Probe 3839Hz	25	3.839	70.00	0.437
185.509	0.05	Adapter 2423Hz Probe 3839Hz	25	2.423	70.00	0.285
185.589	0.05	Adapter 2423Hz Probe 3839Hz	25	2.423	70.00	0.285
185.669	0.05	Adapter 2423Hz Probe 3839Hz	25	2.423	70.00	0.285
185.749	0.05	Adapter 2423Hz Probe 3839Hz	25	2.423	70.00	0.285
185.829	0.05	Adapter 2423Hz Probe 3839Hz	25	3.839	70.00	0.437
186.009	0.05	Adapter 2423Hz Probe 3839Hz	25	2.423	70.00	0.285
186.089	0.05	Adapter 2423Hz Probe 3839Hz	25	2.423	70.00	0.285
186.169	0.05	Adapter 2423Hz Probe 3839Hz	25	2.423	70.00	0.285
186.249	0.05	Adapter 2423Hz Probe 3839Hz	25	2.423	70.00	0.285
186.329	0.05	Adapter 2423Hz Probe 3839Hz	25	3.839	70.00	0.437
186.509	0.05	Adapter 2423Hz Probe 3839Hz	25	2.423	70.00	0.285
186.589	0.05	Adapter 2423Hz Probe 3839Hz	25	2.423	70.00	0.285
186.669	0.05	Adapter 2423Hz Probe 3839Hz	25	2.423	70.00	0.285
186.749	0.05	Adapter 2423Hz Probe 3839Hz	25	2.423	70.00	0.285
186.829	0.05	Adapter 2423Hz Probe 3839Hz	25	3.839	70.00	0.437
187.009	0.05	Adapter 2423Hz Probe 3839Hz	25	2.423	70.00	0.285
187.089	0.05	Adapter 2423Hz Probe 3839Hz	25	2.423	70.00	0.285
187.169	0.05	Adapter 2423Hz Probe 3839Hz	25	2.423	70.00	0.285
187.249	0.05	Adapter 2423Hz Probe 3839Hz	25	2.423	70.00	0.285
187.329	0.05	Adapter 2423Hz Probe 3839Hz	25	3.839	70.00	0.437
190.364	0.05	Probe 3839Hz	26	3.839	70.00	0.437
190.864	0.05	Probe 3839Hz	26	3.839	70.00	0.437
191.364	0.05	Probe 3839Hz	26	3.839	70.00	0.437
191.864	0.05	Probe 3839Hz	26	3.839	70.00	0.437
192.364	0.05	Probe 3839Hz	26	3.839	70.00	0.437
192.864	0.05	Probe 3839Hz	26	3.839	70.00	0.437
193.364	0.05	Probe 3839Hz	26	3.839	70.00	0.437
193.864	0.05	Probe 3839Hz	26	3.839	70.00	0.437
194.364	0.05	Probe 3839Hz	26	3.839	70.00	0.437
194.864	0.05	Probe 3839Hz	26	3.839	70.00	0.437
197.5	0.05	Adapter 507Hz Probe 3839Hz	27	0.507	70.00	0.079
197.58	0.05	Adapter 507Hz Probe 3839Hz	27	0.507	70.00	0.079
197.66	0.05	Adapter 507Hz Probe 3839Hz	27	0.507	70.00	0.079
197.74	0.05	Adapter 507Hz Probe 3839Hz	27	0.507	70.00	0.079
197.82	0.05	Adapter 507Hz Probe 3839Hz	27	3.839	70.00	0.437
198.0	0.05	Adapter 507Hz Probe 3839Hz	27	0.507	70.00	0.079
198.08	0.05	Adapter 507Hz Probe 3839Hz	27	0.507	70.00	0.079
198.16	0.05	Adapter 507Hz Probe 3839Hz	27	0.507	70.00	0.079
198.24	0.05	Adapter 507Hz Probe 3839Hz	27	0.507	70.00	0.079
198.32	0.05	Adapter 507Hz Probe 3839Hz	27	3.839	70.00	0.437
198.5	0.05	Adapter 507Hz Probe 3839Hz	27	0.507	70.00	0.079
198.58	0.05	Adapter 507Hz Probe 3839Hz	27	0.507	70.00	0.079
198.66	0.05	Adapter 507Hz Probe 3839Hz	27	0.507	70.00	0.079
198.74	0.05	Adapter 507Hz Probe 3839Hz	27	0.507	70.00	0.079
198.82	0.05	Adapter 507Hz Probe 3839Hz	27	3.839	70.00	0.437
199.0	0.05	Adapter 507Hz Probe 3839Hz	27	0.507	70.00	0.079
199.08	0.05	Adapter 507Hz Probe 3839Hz	27	0.507	70.00	0.079
199.16	0.05	Adapter 507Hz Probe 3839Hz	27	0.507	70.00	0.079
199.24	0.05	Adapter 507Hz Probe 3839Hz	27	0.507	70.00	0.079
199.32	0.05	Adapter 507Hz Probe 3839Hz	27	3.839	70.00	0.437
199.5	0.05	Adapter 507Hz Probe 3839Hz	27	0.507	70.00	0.079
199.58	0.05	Adapter 507Hz Probe 3839Hz	27	0.507	70.00	0.079
199.66	0.05	Adapter 507Hz Probe 3839Hz	27	0.507	70.00	0.079
199.74	0.05	Adapter 507Hz Probe 3839Hz	27	0.507	70.00	0.079
199.82	0.05	Adapter 507Hz Probe 3839Hz	27	3.839	70.00	0.437
200.0	0.05	Adapter 507Hz Probe 3839Hz	27	0.507	70.00	0.079
200.08	0.05	Adapter 507Hz Probe 3839Hz	27	0.507	70.00	0.079
200.16	0.05	Adapter 507Hz Probe 3839Hz	27	0.507	70.00	0.079
200.24	0.05	Adapter 507Hz Probe 3839Hz	27	0.507	70.00	0.079
200.32	0.05	Adapter 507Hz Probe 3839Hz	27	3.839	70.00	0.437
200.5	0.05	Adapter 507Hz Probe 3839Hz	27	0.507	70.00	0.079
200.58	0.05	Adapter 507Hz Probe 3839Hz	27	0.507	70.00	0.079
200.66	0.05	Adapter 507Hz Probe 3839Hz	27	0.507	70.00	0.079
200.74	0.05	Adapter 507Hz Probe 3839Hz	27	0.507	70.00	0.079
200.82	0.05	Adapter 507Hz Probe 3839Hz	27	3.839	70.00	0.437
201.0	0.05	Adapter 507Hz Probe 3839Hz	27	0.507	70.00	0.079
201.08	0.05	Adapter 507Hz Probe 3839Hz	27	0.507	70.00	0.079
201.16	0.05	Adapter 507Hz Probe 3839Hz	27	0.507	70.00	0.079
201.24	0.05	Adapter 507Hz Probe 3839Hz	27	0.507	70.00	0.079
201.32	0.05	Adapter 507Hz Probe 3839Hz	27	3.839	70.00	0.437
201.5	0.05	Adapter 507Hz Probe 3839Hz	27	0.507	70.00	0.079
201.58	0.05	Adapter 507Hz Probe 3839Hz	27	0.507	70.00	0.079
201.66	0.05	Adapter 507Hz Probe 3839Hz	27	0.507	70.00	0.079
201.74	0.05	Adapter 507Hz Probe 3839Hz	27	0.507	70.00	0.079
201.82	0.05	Adapter 507Hz Probe 3839Hz	27	3.839	70.00	0.437
202.0	0.05	Adapter 507Hz Probe 3839Hz	27	0.507	70.00	0.079
202.08	0.05	Adapter 507Hz Probe 3839Hz	27	0.507	70.00	0.079
202.16	0.05	Adapter 507Hz Probe 3839Hz	27	0.507	70.00	0.079
202.24	0.05	Adapter 507Hz Probe 3839Hz	27	0.507	70.00	0.079
202.32	0.05	Adapter 507Hz Probe 3839Hz	27	3.839	70.00	0.437
205.035	0.05	Adapter 2423Hz	28	2.423	70.00	0.285
205.115	0.05	Adapter 2423Hz	28	2.423	70.00	0.285
205.195	0.05	Adapter 2423Hz	28	2.423	70.00	0.285
205.275	0.05	Adapter 2423Hz	28	2.423	70.00	0.285
205.535	0.05	Adapter 2423Hz	28	2.423	70.00	0.285
205.615	0.05	Adapter 2423Hz	28	2.423	70.00	0.285
205.695	0.05	Adapter 2423Hz	28	2.423	70.00	0.285
205.775	0.05	Adapter 2423Hz	28	2.423	70.00	0.285
206.035	0.05	Adapter 2423Hz	28	2.423	70.00	0.285
206.115	0.05	Adapter 2423Hz	28	2.423	70.00	0.285
206.195	0.05	Adapter 2423Hz	28	2.423	70.00	0.285
206.275	0.05	Adapter 2423Hz	28	2.423	70.00	0.285
206.535	0.05	Adapter 2423Hz	28	2.423	70.00	0.285
206.615	0.05	Adapter 2423Hz	28	2.423	70.00	0.285
206.695	0.05	Adapter 2423Hz	28	2.423	70.00	0.285
206.775	0.05	Adapter 2423Hz	28	2.423	70.00	0.285
207.035	0.05	Adapter 2423Hz	28	2.423	70.00	0.285
207.115	0.05	Adapter 2423Hz	28	2.423	70.00	0.285
207.195	0.05	Adapter 2423Hz	28	2.423	70.00	0.285
207.275	0.05	Adapter 2423Hz	28	2.423	70.00	0.285
207.535	0.05	Adapter 2423Hz	28	2.423	70.00	0.285
207.615	0.05	Adapter 2423Hz	28	2.423	70.00	0.285
207.695	0.05	Adapter 2423Hz	28	2.423	70.00	0.285
207.775	0.05	Adapter 2423Hz	28	2.423	70.00	0.285
208.035	0.05	Adapter 2423Hz	28	2.423	70.00	0.285
208.115	0.05	Adapter 2423Hz	28	2.423	70.00	0.285
208.195	0.05	Adapter 2423Hz	28	2.423	70.00	0.285
208.275	0.05	Adapter 2423Hz	28	2.423	70.00	0.285
208.535	0.05	Adapter 2423Hz	28	2.423	70.00	0.285
208.615	0.05	Adapter 2423Hz	28	2.423	70.00	0.285
208.695	0.05	Adapter 2423Hz	28	2.423	70.00	0.285
208.775	0.05	Adapter 2423Hz	28	2.423	70.00	0.285
209.035	0.05	Adapter 2423Hz	28	2.423	70.00	0.285
209.115	0.05	Adapter 2423Hz	28	2.423	70.00	0.285
209.195	0.05	Adapter 2423Hz	28	2.423	70.00	0.285
209.275	0.05	Adapter 2423Hz	28	2.423	70.00	0.285
209.535	0.05	Adapter 2423Hz	28	2.423	70.00	0.285
209.615	0.05	Adapter 2423Hz	28	2.423	70.00	0.285
209.695	0.05	Adapter 2423Hz	28	2.423	70.00	0.285
209.775	0.05	Adapter 2423Hz	28	2.423	70.00	0.285
220.027	0.05	Adapter 6009Hz	30	6.009	70.00	0.671
220.107	0.05	Adapter 6009Hz	30	6.009	70.00	0.671
220.187	0.05	Adapter 6009Hz	30	6.009	70.00	0.671
220.267	0.05	Adapter 6009Hz	30	6.009	70.00	0.671
220.527	0.05	Adapter 6009Hz	30	6.009	70.00	0.671
220.607	0.05	Adapter 6009Hz	30	6.009	70.00	0.671
220.687	0.05	Adapter 6009Hz	30	6.009	70.00	0.671
220.767	0.05	Adapter 6009Hz	30	6.009	70.00	0.671
221.027	0.05	Adapter 6009Hz	30	6.009	70.00	0.671
221.107	0.05	Adapter 6009Hz	30	6.009	70.00	0.671
221.187	0.05	Adapter 6009Hz	30	6.009	70.00	0.671
221.267	0.05	Adapter 6009Hz	30	6.009	70.00	0.671
221.527	0.05	Adapter 6009Hz	30	6.009	70.00	0.671
221.607	0.05	Adapter 6009Hz	30	6.009	70.00	0.671
221.687	0.05	Adapter 6009Hz	30	6.009	70.00	0.671
221.767	0.05	Adapter 6009Hz	30	6.009	70.00	0.671
222.027	0.05	Adapter 6009Hz	30	6.009	70.00	0.671
222.107	0.05	Adapter 6009Hz	30	6.009	70.00	0.671
222.187	0.05	Adapter 6009Hz	30	6.009	70.00	0.671
222.267	0.05	Adapter 6009Hz	30	6.009	70.00	0.671
222.527	0.05	Adapter 6009Hz	30	6.009	70.00	0.671
222.607	0.05	Adapter 6009Hz	30	6.009	70.00	0.671
222.687	0.05	Adapter 6009Hz	30	6.009	70.00	0.671
222.767	0.05	Adapter 6009Hz	30	6.009	70.00	0.671
223.027	0.05	Adapter 6009Hz	30	6.009	70.00	0.671
223.107	0.05	Adapter 6009Hz	30	6.009	70.00	0.671
223.187	0.05	Adapter 6009Hz	30	6.009	70.00	0.671
223.267	0.05	Adapter 6009Hz	30	6.009	70.00	0.671
223.527	0.05	Adapter 6009Hz	30	6.009	70.00	0.671
223.607	0.05	Adapter 6009Hz	30	6.009	70.00	0.671
223.687	0.05	Adapter 6009Hz	30	6.009	70.00	0.671
223.767	0.05	Adapter 6009Hz	30	6.009	70.00	0.671
224.027	0.05	Adapter 6009Hz	30	6.009	70.00	0.671
224.107	0.05	Adapter 6009Hz	30	6.009	70.00	0.671
224.187	0.05	Adapter 6009Hz	30	6.009	70.00	0.671
224.267	0.05	Adapter 6009Hz	30	6.009	70.00	0.671
224.527	0.05	Adapter 6009Hz	30	6.009	70.00	0.671
224.607	0.05	Adapter 6009Hz	30	6.009	70.00	0.671
224.687	0.05	Adapter 6009Hz	30	6.009	70.00	0.671
224.767	0.05	Adapter 6009Hz	30	6.009	70.00	0.671
227.53	0.05	Adapter 1501Hz Probe 3839Hz	31	1.501	70.00	0.186
227.61	0.05	Adapter 1501Hz Probe 3839Hz	31	1.501	70.00	0.186
227.69	0.05	Adapter 1501Hz Probe 3839Hz	31	1.501	70.00	0.186
227.77	0.05	Adapter 1501Hz Probe 3839Hz	31	1.501	70.00	0.186
227.85	0.05	Adapter 1501Hz Probe 3839Hz	31	3.839	70.00	0.437
228.03	0.05	Adapter 1501Hz Probe 3839Hz	31	1.501	70.00	0.186
228.11	0.05	Adapter 1501Hz Probe 3839Hz	31	1.501	70.00	0.186
228.19	0.05	Adapter 1501Hz Probe 3839Hz	31	1.501	70.00	0.186
228.27	0.05	Adapter 1501Hz Probe 3839Hz	31	1.501	70.00	0.186
228.35	0.05	Adapter 1501Hz Probe 3839Hz	31	3.839	70.00	0.437
228.53	0.05	Adapter 1501Hz Probe 3839Hz	31	1.501	70.00	0.186
228.61	0.05	Adapter 1501Hz Probe 3839Hz	31	1.501	70.00	0.186
228.69	0.05	Adapter 1501Hz Probe 3839Hz	31	1.501	70.00	0.186
228.77	0.05	Adapter 1501Hz Probe 3839Hz	31	1.501	70.00	0.186
228.85	0.05	Adapter 1501Hz Probe 3839Hz	31	3.839	70.00	0.437
229.03	0.05	Adapter 1501Hz Probe 3839Hz	31	1.501	70.00	0.186
229.11	0.05	Adapter 1501Hz Probe 3839Hz	31	1.501	70.00	0.186
229.19	0.05	Adapter 1501Hz Probe 3839Hz	31	1.501	70.00	0.186
229.27	0.05	Adapter 1501Hz Probe 3839Hz	31	1.501	70.00	0.186
229.35	0.05	Adapter 1501Hz Probe 3839Hz	31	3.839	70.00	0.437
229.53	0.05	Adapter 1501Hz Probe 3839Hz	31	1.501	70.00	0.186
229.61	0.05	Adapter 1501Hz Probe 3839Hz	31	1.501	70.00	0.186
229.69	0.05	Adapter 1501Hz Probe 3839Hz	31	1.501	70.00	0.186
229.77	0.05	Adapter 1501Hz Probe 3839Hz	31	1.501	70.00	0.186
229.85	0.05	Adapter 1501Hz Probe 3839Hz	31	3.839	70.00	0.437
230.03	0.05	Adapter 1501Hz Probe 3839Hz	31	1.501	70.00	0.186
230.11	0.05	Adapter 1501Hz Probe 3839Hz	31	1.501	70.00	0.186
230.19	0.05	Adapter 1501Hz Probe 3839Hz	31	1.501	70.00	0.186
230.27	0.05	Adapter 1501Hz Probe 3839Hz	31	1.501	70.00	0.186
230.35	0.05	Adapter 1501Hz Probe 3839Hz	31	3.839	70.00	0.437
230.53	0.05	Adapter 1501Hz Probe 3839Hz	31	1.501	70.00	0.186
230.61	0.05	Adapter 1501Hz Probe 3839Hz	31	1.501	70.00	0.186
230.69	0.05	Adapter 1501Hz Probe 3839Hz	31	1.501	70.00	0.186
230.77	0.05	Adapter 1501Hz Probe 3839Hz	31	1.501	70.00	0.186
230.85	0.05	Adapter 1501Hz Probe 3839Hz	31	3.839	70.00	0.437
231.03	0.05	Adapter 1501Hz Probe 3839Hz	31	1.501	70.00	0.186
231.11	0.05	Adapter 1501Hz Probe 3839Hz	31	1.501	70.00	0.186
231.19	0.05	Adapter 1501Hz Probe 3839Hz	31	1.501	70.00	0.186
231.27	0.05	Adapter 1501Hz Probe 3839Hz	31	1.501	70.00	0.186
231.35	0.05	Adapter 1501Hz Probe 3839Hz	31	3.839	70.00	0.437
231.53	0.05	Adapter 1501Hz Probe 3839Hz	31	1.501	70.00	0.186
231.61	0.05	Adapter 1501Hz Probe 3839Hz	31	1.501	70.00	0.186
231.69	0.05	Adapter 1501Hz Probe 3839Hz	31	1.501	70.00	0.186
231.77	0.05	Adapter 1501Hz Probe 3839Hz	31	1.501	70.00	0.186
231.85	0.05	Adapter 1501Hz Probe 3839Hz	31	3.839	70.00	0.437
232.03	0.05	Adapter 1501Hz Probe 3839Hz	31	1.501	70.00	0.186
232.11	0.05	Adapter 1501Hz Probe 3839Hz	31	1.501	70.00	0.186
232.19	0.05	Adapter 1501Hz Probe 3839Hz	31	1.501	70.00	0.186
232.27	0.05	Adapter 1501Hz Probe 3839Hz	31	1.501	70.00	0.186
232.35	0.05	Adapter 1501Hz Probe 3839Hz	31	3.839	70.00	0.437
235.034	0.05	Adapter 899Hz	32	0.899	70.00	0.121
235.114	0.05	Adapter 899Hz	32	0.899	70.00	0.121
235.194	0.05	Adapter 899Hz	32	0.899	70.00	0.121
235.274	0.05	Adapter 899Hz	32	0.899	70.00	0.121
235.534	0.05	Adapter 899Hz	32	0.899	70.00	0.121
235.614	0.05	Adapter 899Hz	32	0.899	70.00	0.121
235.694	0.05	Adapter 899Hz	32	0.899	70.00	0.121
235.774	0.05	Adapter 899Hz	32	0.899	70.00	0.121
236.034	0.05	Adapter 899Hz	32	0.899	70.00	0.121
236.114	0.05	Adapter 899Hz	32	0.899	70.00	0.121
236.194	0.05	Adapter 899Hz	32	0.899	70.00	0.121
236.274	0.05	Adapter 899Hz	32	0.899	70.00	0.121
236.534	0.05	Adapter 899Hz	32	0.899	70.00	0.121
236.614	0.05	Adapter 899Hz	32	0.899	70.00	0.121
236.694	0.05	Adapter 899Hz	32	0.899	70.00	0.121
236.774	0.05	Adapter 899Hz	32	0.899	70.00	0.121
237.034	0.05	Adapter 899Hz	32	0.899	70.00	0.121
237.114	0.05	Adapter 899Hz	32	0.899	70.00	0.121
237.194	0.05	Adapter 899Hz	32	0.899	70.00	0.121
237.274	0.05	Adapter 899Hz	32	0.899	70.00	0.121
237.534	0.05	Adapter 899Hz	32	0.899	70.00	0.121
237.614	0.05	Adapter 899Hz	32	0.899	70.00	0.121
237.694	0.05	Adapter 899Hz	32	0.899	70.00	0.121
237.774	0.05	Adapter 899Hz	32	0.899	70.00	0.121
238.034	0.05	Adapter 899Hz	32	0.899	70.00	0.121
238.114	0.05	Adapter 899Hz	32	0.899	70.00	0.121
238.194	0.05	Adapter 899Hz	32	0.899	70.00	0.121
238.274	0.05	Adapter 899Hz	32	0.899	70.00	0.121
238.534	0.05	Adapter 899Hz	32	0.899	70.00	0.121
238.614	0.05	Adapter 899Hz	32	0.899	70.00	0.121
238.694	0.05	Adapter 899Hz	32	0.899	70.00	0.121
238.774	0.05	Adapter 899Hz	32	0.899	70.00	0.121
239.034	0.05	Adapter 899Hz	32	0.899	70.00	0.121
239.114	0.05	Adapter 899Hz	32	0.899	70.00	0.121
239.194	0.05	Adapter 899Hz	32	0.899	70.00	0.121
239.274	0.05	Adapter 899Hz	32	0.899	70.00	0.121
239.534	0.05	Adapter 899Hz	32	0.899	70.00	0.121
239.614	0.05	Adapter 899Hz	32	0.899	70.00	0.121
239.694	0.05	Adapter 899Hz	32	0.899	70.00	0.121
239.774	0.05	Adapter 899Hz	32	0.899	70.00	0.121
242.553	0.05	Adapter 2423Hz Probe 3839Hz	33	2.423	70.00	0.285
242.633	0.05	Adapter 2423Hz Probe 3839Hz	33	2.423	70.00	0.285
242.713	0.05	Adapter 2423Hz Probe 3839Hz	33	2.423	70.00	0.285
242.793	0.05	Adapter 2423Hz Probe 3839Hz	33	2.423	70.00	0.285
242.873	0.05	Adapter 2423Hz Probe 3839Hz	33	3.839	70.00	0.437
243.053	0.05	Adapter 2423Hz Probe 3839Hz	33	2.423	70.00	0.285
243.133	0.05	Adapter 2423Hz Probe 3839Hz	33	2.423	70.00	0.285
243.213	0.05	Adapter 2423Hz Probe 3839Hz	33	2.423	70.00	0.285
243.293	0.05	Adapter 2423Hz Probe 3839Hz	33	2.423	70.00	0.285
243.373	0.05	Adapter 2423Hz Probe 3839Hz	33	3.839	70.00	0.437
243.553	0.05	Adapter 2423Hz Probe 3839Hz	33	2.423	70.00	0.285
243.633	0.05	Adapter 2423Hz Probe 3839Hz	33	2.423	70.00	0.285
243.713	0.05	Adapter 2423Hz Probe 3839Hz	33	2.423	70.00	0.285
243.793	0.05	Adapter 2423Hz Probe 3839Hz	33	2.423	70.00	0.285
243.873	0.05	Adapter 2423Hz Probe 3839Hz	33	3.839	70.00	0.437
244.053	0.05	Adapter 2423Hz Probe 3839Hz	33	2.423	70.00	0.285
244.133	0.05	Adapter 2423Hz Probe 3839Hz	33	2.423	70.00	0.285
244.213	0.05	Adapter 2423Hz Probe 3839Hz	33	2.423	70.00	0.285
244.293	0.05	Adapter 2423Hz Probe 3839Hz	33	2.423	70.00	0.285
244.373	0.05	Adapter 2423Hz Probe 3839Hz	33	3.839	70.00	0.437
244.553	0.05	Adapter 2423Hz Probe 3839Hz	33	2.423	70.00	0.285
244.633	0.05	Adapter 2423Hz Probe 3839Hz	33	2.423	70.00	0.285
244.713	0.05	Adapter 2423Hz Probe 3839Hz	33	2.423	70.00	0.285
244.793	0.05	Adapter 2423Hz Probe 3839Hz	33	2.423	70.00	0.285
244.873	0.05	Adapter 2423Hz Probe 3839Hz	33	3.839	70.00	0.437
245.053	0.05	Adapter 2423Hz Probe 3839Hz	33	2.423	70.00	0.285
245.133	0.05	Adapter 2423Hz Probe 3839Hz	33	2.423	70.00	0.285
245.213	0.05	Adapter 2423Hz Probe 3839Hz	33	2.423	70.00	0.285
245.293	0.05	Adapter 2423Hz Probe 3839Hz	33	2.423	70.00	0.285
245.373	0.05	Adapter 2423Hz Probe 3839Hz	33	3.839	70.00	0.437
245.553	0.05	Adapter 2423Hz Probe 3839Hz	33	2.423	70.00	0.285
245.633	0.05	Adapter 2423Hz Probe 3839Hz	33	2.423	70.00	0.285
245.713	0.05	Adapter 2423Hz Probe 3839Hz	33	2.423	70.00	0.285
245.793	0.05	Adapter 2423Hz Probe 3839Hz	33	2.423	70.00	0.285
245.873	0.05	Adapter 2423Hz Probe 3839Hz	33	3.839	70.00	0.437
246.053	0.05	Adapter 2423Hz Probe 3839Hz	33	2.423	70.00	0.285
246.133	0.05	Adapter 2423Hz Probe 3839Hz	33	2.423	70.00	0.285
246.213	0.05	Adapter 2423Hz Probe 3839Hz	33	2.423	70.00	0.285
246.293	0.05	Adapter 2423Hz Probe 3839Hz	33	2.423	70.00	0.285
246.373	0.05	Adapter 2423Hz Probe 3839Hz	33	3.839	70.00	0.437
246.553	0.05	Adapter 2423Hz Probe 3839Hz	33	2.423	70.00	0.285
246.633	0.05	Adapter 2423Hz Probe 3839Hz	33	2.423	70.00	0.285
246.713	0.05	Adapter 2423Hz Probe 3839Hz	33	2.423	70.00	0.285
246.793	0.05	Adapter 2423Hz Probe 3839Hz	33	2.423	70.00	0.285
246.873	0.05	Adapter 2423Hz Probe 3839Hz	33	3.839	70.00	0.437
247.053	0.05	Adapter 2423Hz Probe 3839Hz	33	2.423	70.00	0.285
247.133	0.05	Adapter 2423Hz Probe 3839Hz	33	2.423	70.00	0.285
247.213	0.05	Adapter 2423Hz Probe 3839Hz	33	2.423	70.00	0.285
247.293	0.05	Adapter 2423Hz Probe 3839Hz	33	2.423	70.00	0.285
247.373	0.05	Adapter 2423Hz Probe 3839Hz	33	3.839	70.00	0.437
250.041	0.05	Adapter 507Hz Probe 3839Hz	34	0.507	70.00	0.079
250.121	0.05	Adapter 507Hz Probe 3839Hz	34	0.507	70.00	0.079
250.201	0.05	Adapter 507Hz Probe 3839Hz	34	0.507	70.00	0.079
250.281	0.05	Adapter 507Hz Probe 3839Hz	34	0.507	70.00	0.079
250.361	0.05	Adapter 507Hz Probe 3839Hz	34	3.839	70.00	0.437
250.541	0.05	Adapter 507Hz Probe 3839Hz	34	0.507	70.00	0.079
250.621	0.05	Adapter 507Hz Probe 3839Hz	34	0.507	70.00	0.079
250.701	0.05	Adapter 507Hz Probe 3839Hz	34	0.507	70.00	0.079
250.781	0.05	Adapter 507Hz Probe 3839Hz	34	0.507	70.00	0.079
250.861	0.05	Adapter 507Hz Probe 3839Hz	34	3.839	70.00	0.437
251.041	0.05	Adapter 507Hz Probe 3839Hz	34	0.507	70.00	0.079
251.121	0.05	Adapter 507Hz Probe 3839Hz	34	0.507	70.00	0.079
251.201	0.05	Adapter 507Hz Probe 3839Hz	34	0.507	70.00	0.079
251.281	0.05	Adapter 507Hz Probe 3839Hz	34	0.507	70.00	0.079
251.361	0.05	Adapter 507Hz Probe 3839Hz	34	3.839	70.00	0.437
251.541	0.05	Adapter 507Hz Probe 3839Hz	34	0.507	70.00	0.079
251.621	0.05	Adapter 507Hz Probe 3839Hz	34	0.507	70.00	0.079
251.701	0.05	Adapter 507Hz Probe 3839Hz	34	0.507	70.00	0.079
251.781	0.05	Adapter 507Hz Probe 3839Hz	34	0.507	70.00	0.079
251.861	0.05	Adapter 507Hz Probe 3839Hz	34	3.839	70.00	0.437
252.041	0.05	Adapter 507Hz Probe 3839Hz	34	0.507	70.00	0.079
252.121	0.05	Adapter 507Hz Probe 3839Hz	34	0.507	70.00	0.079
252.201	0.05	Adapter 507Hz Probe 3839Hz	34	0.507	70.00	0.079
252.281	0.05	Adapter 507Hz Probe 3839Hz	34	0.507	70.00	0.079
252.361	0.05	Adapter 507Hz Probe 3839Hz	34	3.839	70.00	0.437
252.541	0.05	Adapter 507Hz Probe 3839Hz	34	0.507	70.00	0.079
252.621	0.05	Adapter 507Hz Probe 3839Hz	34	0.507	70.00	0.079
252.701	0.05	Adapter 507Hz Probe 3839Hz	34	0.507	70.00	0.079
252.781	0.05	Adapter 507Hz Probe 3839Hz	34	0.507	70.00	0.079
252.861	0.05	Adapter 507Hz Probe 3839Hz	34	3.839	70.00	0.437
253.041	0.05	Adapter 507Hz Probe 3839Hz	34	0.507	70.00	0.079
253.121	0.05	Adapter 507Hz Probe 3839Hz	34	0.507	70.00	0.079
253.201	0.05	Adapter 507Hz Probe 3839Hz	34	0.507	70.00	0.079
253.281	0.05	Adapter 507Hz Probe 3839Hz	34	0.507	70.00	0.079
253.361	0.05	Adapter 507Hz Probe 3839Hz	34	3.839	70.00	0.437
253.541	0.05	Adapter 507Hz Probe 3839Hz	34	0.507	70.00	0.079
253.621	0.05	Adapter 507Hz Probe 3839Hz	34	0.507	70.00	0.079
253.701	0.05	Adapter 507Hz Probe 3839Hz	34	0.507	70.00	0.079
253.781	0.05	Adapter 507Hz Probe 3839Hz	34	0.507	70.00	0.079
253.861	0.05	Adapter 507Hz Probe 3839Hz	34	3.839	70.00	0.437
254.041	0.05	Adapter 507Hz Probe 3839Hz	34	0.507	70.00	0.079
254.121	0.05	Adapter 507Hz Probe 3839Hz	34	0.507	70.00	0.079
254.201	0.05	Adapter 507Hz Probe 3839Hz	34	0.507	70.00	0.079
254.281	0.05	Adapter 507Hz Probe 3839Hz	34	0.507	70.00	0.079
254.361	0.05	Adapter 507Hz Probe 3839Hz	34	3.839	70.00	0.437
254.541	0.05	Adapter 507Hz Probe 3839Hz	34	0.507	70.00	0.079
254.621	0.05	Adapter 507Hz Probe 3839Hz	34	0.507	70.00	0.079
254.701	0.05	Adapter 507Hz Probe 3839Hz	34	0.507	70.00	0.079
254.781	0.05	Adapter 507Hz Probe 3839Hz	34	0.507	70.00	0.079
254.861	0.05	Adapter 507Hz Probe 3839Hz	34	3.839	70.00	0.437
257.529	0.05	Adapter 899Hz	35	0.899	70.00	0.121
257.609	0.05	Adapter 899Hz	35	0.899	70.00	0.121
257.689	0.05	Adapter 899Hz	35	0.899	70.00	0.121
257.769	0.05	Adapter 899Hz	35	0.899	70.00	0.121
258.029	0.05	Adapter 899Hz	35	0.899	70.00	0.121
258.109	0.05	Adapter 899Hz	35	0.899	70.00	0.121
258.189	0.05	Adapter 899Hz	35	0.899	70.00	0.121
258.269	0.05	Adapter 899Hz	35	0.899	70.00	0.121
258.529	0.05	Adapter 899Hz	35	0.899	70.00	0.121
258.609	0.05	Adapter 899Hz	35	0.899	70.00	0.121
258.689	0.05	Adapter 899Hz	35	0.899	70.00	0.121
258.769	0.05	Adapter 899Hz	35	0.899	70.00	0.121
259.029	0.05	Adapter 899Hz	35	0.899	70.00	0.121
259.109	0.05	Adapter 899Hz	35	0.899	70.00	0.121
259.189	0.05	Adapter 899Hz	35	0.899	70.00	0.121
259.269	0.05	Adapter 899Hz	35	0.899	70.00	0.121
259.529	0.05	Adapter 899Hz	35	0.899	70.00	0.121
259.609	0.05	Adapter 899Hz	35	0.899	70.00	0.121
259.689	0.05	Adapter 899Hz	35	0.899	70.00	0.121
259.769	0.05	Adapter 899Hz	35	0.899	70.00	0.121
260.029	0.05	Adapter 899Hz	35	0.899	70.00	0.121
260.109	0.05	Adapter 899Hz	35	0.899	70.00	0.121
260.189	0.05	Adapter 899Hz	35	0.899	70.00	0.121
260.269	0.05	Adapter 899Hz	35	0.899	70.00	0.121
260.529	0.05	Adapter 899Hz	35	0.899	70.00	0.121
260.609	0.05	Adapter 899Hz	35	0.899	70.00	0.121
260.689	0.05	Adapter 899Hz	35	0.899	70.00	0.121
260.769	0.05	Adapter 899Hz	35	0.899	70.00	0.121
261.029	0.05	Adapter 899Hz	35	0.899	70.00	0.121
261.109	0.05	Adapter 899Hz	35	0.899	70.00	0.121
261.189	0.05	Adapter 899Hz	35	0.899	70.00	0.121
261.269	0.05	Adapter 899Hz	35	0.899	70.00	0.121
261.529	0.05	Adapter 899Hz	35	0.899	70.00	0.121
261.609	0.05	Adapter 899Hz	35	0.899	70.00	0.121
261.689	0.05	Adapter 899Hz	35	0.899	70.00	0.121
261.769	0.05	Adapter 899Hz	35	0.899	70.00	0.121
262.029	0.05	Adapter 899Hz	35	0.899	70.00	0.121
262.109	0.05	Adapter 899Hz	35	0.899	70.00	0.121
262.189	0.05	Adapter 899Hz	35	0.899	70.00	0.121
262.269	0.05	Adapter 899Hz	35	0.899	70.00	0.121
265.002	0.05	Adapter 251Hz	36	0.251	70.00	0.052
265.082	0.05	Adapter 251Hz	36	0.251	70.00	0.052
265.162	0.05	Adapter 251Hz	36	0.251	70.00	0.052
265.242	0.05	Adapter 251Hz	36	0.251	70.00	0.052
265.502	0.05	Adapter 251Hz	36	0.251	70.00	0.052
265.582	0.05	Adapter 251Hz	36	0.251	70.00	0.052
265.662	0.05	Adapter 251Hz	36	0.251	70.00	0.052
265.742	0.05	Adapter 251Hz	36	0.251	70.00	0.052
266.002	0.05	Adapter 251Hz	36	0.251	70.00	0.052
266.082	0.05	Adapter 251Hz	36	0.251	70.00	0.052
266.162	0.05	Adapter 251Hz	36	0.251	70.00	0.052
266.242	0.05	Adapter 251Hz	36	0.251	70.00	0.052
266.502	0.05	Adapter 251Hz	36	0.251	70.00	0.052
266.582	0.05	Adapter 251Hz	36	0.251	70.00	0.052
266.662	0.05	Adapter 251Hz	36	0.251	70.00	0.052
266.742	0.05	Adapter 251Hz	36	0.251	70.00	0.052
267.002	0.05	Adapter 251Hz	36	0.251	70.00	0.052
267.082	0.05	Adapter 251Hz	36	0.251	70.00	0.052
267.162	0.05	Adapter 251Hz	36	0.251	70.00	0.052
267.242	0.05	Adapter 251Hz	36	0.251	70.00	0.052
267.502	0.05	Adapter 251Hz	36	0.251	70.00	0.052
267.582	0.05	Adapter 251Hz	36	0.251	70.00	0.052
267.662	0.05	Adapter 251Hz	36	0.251	70.00	0.052
267.742	0.05	Adapter 251Hz	36	0.251	70.00	0.052
268.002	0.05	Adapter 251Hz	36	0.251	70.00	0.052
268.082	0.05	Adapter 251Hz	36	0.251	70.00	0.052
268.162	0.05	Adapter 251Hz	36	0.251	70.00	0.052
268.242	0.05	Adapter 251Hz	36	0.251	70.00	0.052
268.502	0.05	Adapter 251Hz	36	0.251	70.00	0.052
268.582	0.05	Adapter 251Hz	36	0.251	70.00	0.052
268.662	0.05	Adapter 251Hz	36	0.251	70.00	0.052
268.742	0.05	Adapter 251Hz	36	0.251	70.00	0.052
269.002	0.05	Adapter 251Hz	36	0.251	70.00	0.052
269.082	0.05	Adapter 251Hz	36	0.251	70.00	0.052
269.162	0.05	Adapter 251Hz	36	0.251	70.00	0.052
269.242	0.05	Adapter 251Hz	36	0.251	70.00	0.052
269.502	0.05	Adapter 251Hz	36	0.251	70.00	0.052
269.582	0.05	Adapter 251Hz	36	0.251	70.00	0.052
269.662	0.05	Adapter 251Hz	36	0.251	70.00	0.052
269.742	0.05	Adapter 251Hz	36	0.251	70.00	0.052
272.521	0.05	Adapter 1501Hz	37	1.501	70.00	0.186
272.601	0.05	Adapter 1501Hz	37	1.501	70.00	0.186
272.681	0.05	Adapter 1501Hz	37	1.501	70.00	0.186
272.761	0.05	Adapter 1501Hz	37	1.501	70.00	0.186
273.021	0.05	Adapter 1501Hz	37	1.501	70.00	0.186
273.101	0.05	Adapter 1501Hz	37	1.501	70.00	0.186
273.181	0.05	Adapter 1501Hz	37	1.501	70.00	0.186
273.261	0.05	Adapter 1501Hz	37	1.501	70.00	0.186
273.521	0.05	Adapter 1501Hz	37	1.501	70.00	0.186
273.601	0.05	Adapter 1501Hz	37	1.501	70.00	0.186
273.681	0.05	Adapter 1501Hz	37	1.501	70.00	0.186
273.761	0.05	Adapter 1501Hz	37	1.501	70.00	0.186
274.021	0.05	Adapter 1501Hz	37	1.501	70.00	0.186
274.101	0.05	Adapter 1501Hz	37	1.501	70.00	0.186
274.181	0.05	Adapter 1501Hz	37	1.501	70.00	0.186
274.261	0.05	Adapter 1501Hz	37	1.501	70.00	0.186
274.521	0.05	Adapter 1501Hz	37	1.501	70.00	0.186
274.601	0.05	Adapter 1501Hz	37	1.501	70.00	0.186
274.681	0.05	Adapter 1501Hz	37	1.501	70.00	0.186
274.761	0.05	Adapter 1501Hz	37	1.501	70.00	0.186
275.021	0.05	Adapter 1501Hz	37	1.501	70.00	0.186
275.101	0.05	Adapter 1501Hz	37	1.501	70.00	0.186
275.181	0.05	Adapter 1501Hz	37	1.501	70.00	0.186
275.261	0.05	Adapter 1501Hz	37	1.501	70.00	0.186
275.521	0.05	Adapter 1501Hz	37	1.501	70.00	0.186
275.601	0.05	Adapter 1501Hz	37	1.501	70.00	0.186
275.681	0.05	Adapter 1501Hz	37	1.501	70.00	0.186
275.761	0.05	Adapter 1501Hz	37	1.501	70.00	0.186
276.021	0.05	Adapter 1501Hz	37	1.501	70.00	0.186
276.101	0.05	Adapter 1501Hz	37	1.501	70.00	0.186
276.181	0.05	Adapter 1501Hz	37	1.501	70.00	0.186
276.261	0.05	Adapter 1501Hz	37	1.501	70.00	0.186
276.521	0.05	Adapter 1501Hz	37	1.501	70.00	0.186
276.601	0.05	Adapter 1501Hz	37	1.501	70.00	0.186
276.681	0.05	Adapter 1501Hz	37	1.501	70.00	0.186
276.761	0.05	Adapter 1501Hz	37	1.501	70.00	0.186
277.021	0.05	Adapter 1501Hz	37	1.501	70.00	0.186
277.101	0.05	Adapter 1501Hz	37	1.501	70.00	0.186
277.181	0.05	Adapter 1501Hz	37	1.501	70.00	0.186
277.261	0.05	Adapter 1501Hz	37	1.501	70.00	0.186
280.025	0.05	Adapter 3839Hz Probe 3839Hz	38	3.839	70.00	0.437
280.105	0.05	Adapter 3839Hz Probe 3839Hz	38	3.839	70.00	0.437
280.185	0.05	Adapter 3839Hz Probe 3839Hz	38	3.839	70.00	0.437
280.265	0.05	Adapter 3839Hz Probe 3839Hz	38	3.839	70.00	0.437
280.345	0.05	Adapter 3839Hz Probe 3839Hz	38	3.839	70.00	0.437
280.525	0.05	Adapter 3839Hz Probe 3839Hz	38	3.839	70.00	0.437
280.605	0.05	Adapter 3839Hz Probe 3839Hz	38	3.839	70.00	0.437
280.685	0.05	Adapter 3839Hz Probe 3839Hz	38	3.839	70.00	0.437
280.765	0.05	Adapter 3839Hz Probe 3839Hz	38	3.839	70.00	0.437
280.845	0.05	Adapter 3839Hz Probe 3839Hz	38	3.839	70.00	0.437
281.025	0.05	Adapter 3839Hz Probe 3839Hz	38	3.839	70.00	0.437
281.105	0.05	Adapter 3839Hz Probe 3839Hz	38	3.839	70.00	0.437
281.185	0.05	Adapter 3839Hz Probe 3839Hz	38	3.839	70.00	0.437
281.265	0.05	Adapter 3839Hz Probe 3839Hz	38	3.839	70.00	0.437
281.345	0.05	Adapter 3839Hz Probe 3839Hz	38	3.839	70.00	0.437
281.525	0.05	Adapter 3839Hz Probe 3839Hz	38	3.839	70.00	0.437
281.605	0.05	Adapter 3839Hz Probe 3839Hz	38	3.839	70.00	0.437
281.685	0.05	Adapter 3839Hz Probe 3839Hz	38	3.839	70.00	0.437
281.765	0.05	Adapter 3839Hz Probe 3839Hz	38	3.839	70.00	0.437
281.845	0.05	Adapter 3839Hz Probe 3839Hz	38	3.839	70.00	0.437
282.025	0.05	Adapter 3839Hz Probe 3839Hz	38	3.839	70.00	0.437
282.105	0.05	Adapter 3839Hz Probe 3839Hz	38	3.839	70.00	0.437
282.185	0.05	Adapter 3839Hz Probe 3839Hz	38	3.839	70.00	0.437
282.265	0.05	Adapter 3839Hz Probe 3839Hz	38	3.839	70.00	0.437
282.345	0.05	Adapter 3839Hz Probe 3839Hz	38	3.839	70.00	0.437
282.525	0.05	Adapter 3839Hz Probe 3839Hz	38	3.839	70.00	0.437
282.605	0.05	Adapter 3839Hz Probe 3839Hz	38	3.839	70.00	0.437
282.685	0.05	Adapter 3839Hz Probe 3839Hz	38	3.839	70.00	0.437
282.765	0.05	Adapter 3839Hz Probe 3839Hz	38	3.839	70.00	0.437
282.845	0.05	Adapter 3839Hz Probe 3839Hz	38	3.839	70.00	0.437
283.025	0.05	Adapter 3839Hz Probe 3839Hz	38	3.839	70.00	0.437
283.105	0.05	Adapter 3839Hz Probe 3839Hz	38	3.839	70.00	0.437
283.185	0.05	Adapter 3839Hz Probe 3839Hz	38	3.839	70.00	0.437
283.265	0.05	Adapter 3839Hz Probe 3839Hz	38	3.839	70.00	0.437
283.345	0.05	Adapter 3839Hz Probe 3839Hz	38	3.839	70.00	0.437
283.525	0.05	Adapter 3839Hz Probe 3839Hz	38	3.839	70.00	0.437
283.605	0.05	Adapter 3839Hz Probe 3839Hz	38	3.839	70.00	0.437
283.685	0.05	Adapter 3839Hz Probe 3839Hz	38	3.839	70.00	0.437
283.765	0.05	Adapter 3839Hz Probe 3839Hz	38	3.839	70.00	0.437
283.845	0.05	Adapter 3839Hz Probe 3839Hz	38	3.839	70.00	0.437
284.025	0.05	Adapter 3839Hz Probe 3839Hz	38	3.839	70.00	0.437
284.105	0.05	Adapter 3839Hz Probe 3839Hz	38	3.839	70.00	0.437
284.185	0.05	Adapter 3839Hz Probe 3839Hz	38	3.839	70.00	0.437
284.265	0.05	Adapter 3839Hz Probe 3839Hz	38	3.839	70.00	0.437
284.345	0.05	Adapter 3839Hz Probe 3839Hz	38	3.839	70.00	0.437
284.525	0.05	Adapter 3839Hz Probe 3839Hz	38	3.839	70.00	0.437
284.605	0.05	Adapter 3839Hz Probe 3839Hz	38	3.839	70.00	0.437
284.685	0.05	Adapter 3839Hz Probe 3839Hz	38	3.839	70.00	0.437
284.765	0.05	Adapter 3839Hz Probe 3839Hz	38	3.839	70.00	0.437
284.845	0.05	Adapter 3839Hz Probe 3839Hz	38	3.839	70.00	0.437
287.513	0.05	Adapter 3839Hz	39	3.839	70.00	0.437
287.593	0.05	Adapter 3839Hz	39	3.839	70.00	0.437
287.673	0.05	Adapter 3839Hz	39	3.839	70.00	0.437
287.753	0.05	Adapter 3839Hz	39	3.839	70.00	0.437
288.013	0.05	Adapter 3839Hz	39	3.839	70.00	0.437
288.093	0.05	Adapter 3839Hz	39	3.839	70.00	0.437
288.173	0.05	Adapter 3839Hz	39	3.839	70.00	0.437
288.253	0.05	Adapter 3839Hz	39	3.839	70.00	0.437
288.513	0.05	Adapter 3839Hz	39	3.839	70.00	0.437
288.593	0.05	Adapter 3839Hz	39	3.839	70.00	0.437
288.673	0.05	Adapter 3839Hz	39	3.839	70.00	0.437
288.753	0.05	Adapter 3839Hz	39	3.839	70.00	0.437
289.013	0.05	Adapter 3839Hz	39	3.839	70.00	0.437
289.093	0.05	Adapter 3839Hz	39	3.839	70.00	0.437
289.173	0.05	Adapter 3839Hz	39	3.839	70.00	0.437
289.253	0.05	Adapter 3839Hz	39	3.839	70.00	0.437
289.513	0.05	Adapter 3839Hz	39	3.839	70.00	0.437
289.593	0.05	Adapter 3839Hz	39	3.839	70.00	0.437
289.673	0.05	Adapter 3839Hz	39	3.839	70.00	0.437
289.753	0.05	Adapter 3839Hz	39	3.839	70.00	0.437
290.013	0.05	Adapter 3839Hz	39	3.839	70.00	0.437
290.093	0.05	Adapter 3839Hz	39	3.839	70.00	0.437
290.173	0.05	Adapter 3839Hz	39	3.839	70.00	0.437
290.253	0.05	Adapter 3839Hz	39	3.839	70.00	0.437
290.513	0.05	Adapter 3839Hz	39	3.839	70.00	0.437
290.593	0.05	Adapter 3839Hz	39	3.839	70.00	0.437
290.673	0.05	Adapter 3839Hz	39	3.839	70.00	0.437
290.753	0.05	Adapter 3839Hz	39	3.839	70.00	0.437
291.013	0.05	Adapter 3839Hz	39	3.839	70.00	0.437
291.093	0.05	Adapter 3839Hz	39	3.839	70.00	0.437
291.173	0.05	Adapter 3839Hz	39	3.839	70.00	0.437
291.253	0.05	Adapter 3839Hz	39	3.839	70.00	0.437
291.513	0.05	Adapter 3839Hz	39	3.839	70.00	0.437
291.593	0.05	Adapter 3839Hz	39	3.839	70.00	0.437
291.673	0.05	Adapter 3839Hz	39	3.839	70.00	0.437
291.753	0.05	Adapter 3839Hz	39	3.839	70.00	0.437
292.013	0.05	Adapter 3839Hz	39	3.839	70.00	0.437
292.093	0.05	Adapter 3839Hz	39	3.839	70.00	0.437
292.173	0.05	Adapter 3839Hz	39	3.839	70.00	0.437
292.253	0.05	Adapter 3839Hz	39	3.839	70.00	0.437
302.52	0.05	Adapter 899Hz Probe 3839Hz	41	0.899	70.00	0.121
302.6	0.05	Adapter 899Hz Probe 3839Hz	41	0.899	70.00	0.121
302.68	0.05	Adapter 899Hz Probe 3839Hz	41	0.899	70.00	0.121
302.76	0.05	Adapter 899Hz Probe 3839Hz	41	0.899	70.00	0.121
302.84	0.05	Adapter 899Hz Probe 3839Hz	41	3.839	70.00	0.437
303.02	0.05	Adapter 899Hz Probe 3839Hz	41	0.899	70.00	0.121
303.1	0.05	Adapter 899Hz Probe 3839Hz	41	0.899	70.00	0.121
303.18	0.05	Adapter 899Hz Probe 3839Hz	41	0.899	70.00	0.121
303.26	0.05	Adapter 899Hz Probe 3839Hz	41	0.899	70.00	0.121
303.34	0.05	Adapter 899Hz Probe 3839Hz	41	3.839	70.00	0.437
303.52	0.05	Adapter 899Hz Probe 3839Hz	41	0.899	70.00	0.121
303.6	0.05	Adapter 899Hz Probe 3839Hz	41	0.899	70.00	0.121
303.68	0.05	Adapter 899Hz Probe 3839Hz	41	0.899	70.00	0.121
303.76	0.05	Adapter 899Hz Probe 3839Hz	41	0.899	70.00	0.121
303.84	0.05	Adapter 899Hz Probe 3839Hz	41	3.839	70.00	0.437
304.02	0.05	Adapter 899Hz Probe 3839Hz	41	0.899	70.00	0.121
304.1	0.05	Adapter 899Hz Probe 3839Hz	41	0.899	70.00	0.121
304.18	0.05	Adapter 899Hz Probe 3839Hz	41	0.899	70.00	0.121
304.26	0.05	Adapter 899Hz Probe 3839Hz	41	0.899	70.00	0.121
304.34	0.05	Adapter 899Hz Probe 3839Hz	41	3.839	70.00	0.437
304.52	0.05	Adapter 899Hz Probe 3839Hz	41	0.899	70.00	0.121
304.6	0.05	Adapter 899Hz Probe 3839Hz	41	0.899	70.00	0.121
304.68	0.05	Adapter 899Hz Probe 3839Hz	41	0.899	70.00	0.121
304.76	0.05	Adapter 899Hz Probe 3839Hz	41	0.899	70.00	0.121
304.84	0.05	Adapter 899Hz Probe 3839Hz	41	3.839	70.00	0.437
305.02	0.05	Adapter 899Hz Probe 3839Hz	41	0.899	70.00	0.121
305.1	0.05	Adapter 899Hz Probe 3839Hz	41	0.899	70.00	0.121
305.18	0.05	Adapter 899Hz Probe 3839Hz	41	0.899	70.00	0.121
305.26	0.05	Adapter 899Hz Probe 3839Hz	41	0.899	70.00	0.121
305.34	0.05	Adapter 899Hz Probe 3839Hz	41	3.839	70.00	0.437
305.52	0.05	Adapter 899Hz Probe 3839Hz	41	0.899	70.00	0.121
305.6	0.05	Adapter 899Hz Probe 3839Hz	41	0.899	70.00	0.121
305.68	0.05	Adapter 899Hz Probe 3839Hz	41	0.899	70.00	0.121
305.76	0.05	Adapter 899Hz Probe 3839Hz	41	0.899	70.00	0.121
305.84	0.05	Adapter 899Hz Probe 3839Hz	41	3.839	70.00	0.437
306.02	0.05	Adapter 899Hz Probe 3839Hz	41	0.899	70.00	0.121
306.1	0.05	Adapter 899Hz Probe 3839Hz	41	0.899	70.00	0.121
306.18	0.05	Adapter 899Hz Probe 3839Hz	41	0.899	70.00	0.121
306.26	0.05	Adapter 899Hz Probe 3839Hz	41	0.899	70.00	0.121
306.34	0.05	Adapter 899Hz Probe 3839Hz	41	3.839	70.00	0.437
306.52	0.05	Adapter 899Hz Probe 3839Hz	41	0.899	70.00	0.121
306.6	0.05	Adapter 899Hz Probe 3839Hz	41	0.899	70.00	0.121
306.68	0.05	Adapter 899Hz Probe 3839Hz	41	0.899	70.00	0.121
306.76	0.05	Adapter 899Hz Probe 3839Hz	41	0.899	70.00	0.121
306.84	0.05	Adapter 899Hz Probe 3839Hz	41	3.839	70.00	0.437
307.02	0.05	Adapter 899Hz Probe 3839Hz	41	0.899	70.00	0.121
307.1	0.05	Adapter 899Hz Probe 3839Hz	41	0.899	70.00	0.121
307.18	0.05	Adapter 899Hz Probe 3839Hz	41	0.899	70.00	0.121
307.26	0.05	Adapter 899Hz Probe 3839Hz	41	0.899	70.00	0.121
307.34	0.05	Adapter 899Hz Probe 3839Hz	41	3.839	70.00	0.437
310.023	0.05	Adapter 507Hz	42	0.507	70.00	0.079
310.103	0.05	Adapter 507Hz	42	0.507	70.00	0.079
310.183	0.05	Adapter 507Hz	42	0.507	70.00	0.079
310.263	0.05	Adapter 507Hz	42	0.507	70.00	0.079
310.523	0.05	Adapter 507Hz	42	0.507	70.00	0.079
310.603	0.05	Adapter 507Hz	42	0.507	70.00	0.079
310.683	0.05	Adapter 507Hz	42	0.507	70.00	0.079
310.763	0.05	Adapter 507Hz	42	0.507	70.00	0.079
311.023	0.05	Adapter 507Hz	42	0.507	70.00	0.079
311.103	0.05	Adapter 507Hz	42	0.507	70.00	0.079
311.183	0.05	Adapter 507Hz	42	0.507	70.00	0.079
311.263	0.05	Adapter 507Hz	42	0.507	70.00	0.079
311.523	0.05	Adapter 507Hz	42	0.507	70.00	0.079
311.603	0.05	Adapter 507Hz	42	0.507	70.00	0.079
311.683	0.05	Adapter 507Hz	42	0.507	70.00	0.079
311.763	0.05	Adapter 507Hz	42	0.507	70.00	0.079
312.023	0.05	Adapter 507Hz	42	0.507	70.00	0.079
312.103	0.05	Adapter 507Hz	42	0.507	70.00	0.079
312.183	0.05	Adapter 507Hz	42	0.507	70.00	0.079
312.263	0.05	Adapter 507Hz	42	0.507	70.00	0.079
312.523	0.05	Adapter 507Hz	42	0.507	70.00	0.079
312.603	0.05	Adapter 507Hz	42	0.507	70.00	0.079
312.683	0.05	Adapter 507Hz	42	0.507	70.00	0.079
312.763	0.05	Adapter 507Hz	42	0.507	70.00	0.079
313.023	0.05	Adapter 507Hz	42	0.507	70.00	0.079
313.103	0.05	Adapter 507Hz	42	0.507	70.00	0.079
313.183	0.05	Adapter 507Hz	42	0.507	70.00	0.079
313.263	0.05	Adapter 507Hz	42	0.507	70.00	0.079
313.523	0.05	Adapter 507Hz	42	0.507	70.00	0.079
313.603	0.05	Adapter 507Hz	42	0.507	70.00	0.079
313.683	0.05	Adapter 507Hz	42	0.507	70.00	0.079
313.763	0.05	Adapter 507Hz	42	0.507	70.00	0.079
314.023	0.05	Adapter 507Hz	42	0.507	70.00	0.079
314.103	0.05	Adapter 507Hz	42	0.507	70.00	0.079
314.183	0.05	Adapter 507Hz	42	0.507	70.00	0.079
314.263	0.05	Adapter 507Hz	42	0.507	70.00	0.079
314.523	0.05	Adapter 507Hz	42	0.507	70.00	0.079
314.603	0.05	Adapter 507Hz	42	0.507	70.00	0.079
314.683	0.05	Adapter 507Hz	42	0.507	70.00	0.079
314.763	0.05	Adapter 507Hz	42	0.507	70.00	0.079
317.527	0.05	Adapter 6009Hz	43	6.009	70.00	0.671
317.607	0.05	Adapter 6009Hz	43	6.009	70.00	0.671
317.687	0.05	Adapter 6009Hz	43	6.009	70.00	0.671
317.767	0.05	Adapter 6009Hz	43	6.009	70.00	0.671
318.027	0.05	Adapter 6009Hz	43	6.009	70.00	0.671
318.107	0.05	Adapter 6009Hz	43	6.009	70.00	0.671
318.187	0.05	Adapter 6009Hz	43	6.009	70.00	0.671
318.267	0.05	Adapter 6009Hz	43	6.009	70.00	0.671
318.527	0.05	Adapter 6009Hz	43	6.009	70.00	0.671
318.607	0.05	Adapter 6009Hz	43	6.009	70.00	0.671
318.687	0.05	Adapter 6009Hz	43	6.009	70.00	0.671
318.767	0.05	Adapter 6009Hz	43	6.009	70.00	0.671
319.027	0.05	Adapter 6009Hz	43	6.009	70.00	0.671
319.107	0.05	Adapter 6009Hz	43	6.009	70.00	0.671
319.187	0.05	Adapter 6009Hz	43	6.009	70.00	0.671
319.267	0.05	Adapter 6009Hz	43	6.009	70.00	0.671
319.527	0.05	Adapter 6009Hz	43	6.009	70.00	0.671
319.607	0.05	Adapter 6009Hz	43	6.009	70.00	0.671
319.687	0.05	Adapter 6009Hz	43	6.009	70.00	0.671
319.767	0.05	Adapter 6009Hz	43	6.009	70.00	0.671
320.027	0.05	Adapter 6009Hz	43	6.009	70.00	0.671
320.107	0.05	Adapter 6009Hz	43	6.009	70.00	0.671
320.187	0.05	Adapter 6009Hz	43	6.009	70.00	0.671
320.267	0.05	Adapter 6009Hz	43	6.009	70.00	0.671
320.527	0.05	Adapter 6009Hz	43	6.009	70.00	0.671
320.607	0.05	Adapter 6009Hz	43	6.009	70.00	0.671
320.687	0.05	Adapter 6009Hz	43	6.009	70.00	0.671
320.767	0.05	Adapter 6009Hz	43	6.009	70.00	0.671
321.027	0.05	Adapter 6009Hz	43	6.009	70.00	0.671
321.107	0.05	Adapter 6009Hz	43	6.009	70.00	0.671
321.187	0.05	Adapter 6009Hz	43	6.009	70.00	0.671
321.267	0.05	Adapter 6009Hz	43	6.009	70.00	0.671
321.527	0.05	Adapter 6009Hz	43	6.009	70.00	0.671
321.607	0.05	Adapter 6009Hz	43	6.009	70.00	0.671
321.687	0.05	Adapter 6009Hz	43	6.009	70.00	0.671
321.767	0.05	Adapter 6009Hz	43	6.009	70.00	0.671
322.027	0.05	Adapter 6009Hz	43	6.009	70.00	0.671
322.107	0.05	Adapter 6009Hz	43	6.009	70.00	0.671
322.187	0.05	Adapter 6009Hz	43	6.009	70.00	0.671
322.267	0.05	Adapter 6009Hz	43	6.009	70.00	0.671
340.358	0.05	Probe 3839Hz	46	3.839	70.00	0.437
340.858	0.05	Probe 3839Hz	46	3.839	70.00	0.437
341.358	0.05	Probe 3839Hz	46	3.839	70.00	0.437
341.858	0.05	Probe 3839Hz	46	3.839	70.00	0.437
342.358	0.05	Probe 3839Hz	46	3.839	70.00	0.437
342.858	0.05	Probe 3839Hz	46	3.839	70.00	0.437
343.358	0.05	Probe 3839Hz	46	3.839	70.00	0.437
343.858	0.05	Probe 3839Hz	46	3.839	70.00	0.437
344.358	0.05	Probe 3839Hz	46	3.839	70.00	0.437
344.858	0.05	Probe 3839Hz	46	3.839	70.00	0.437
347.557	0.05	Adapter 1501Hz Probe 3839Hz	47	1.501	70.00	0.186
347.637	0.05	Adapter 1501Hz Probe 3839Hz	47	1.501	70.00	0.186
347.717	0.05	Adapter 1501Hz Probe 3839Hz	47	1.501	70.00	0.186
347.797	0.05	Adapter 1501Hz Probe 3839Hz	47	1.501	70.00	0.186
347.877	0.05	Adapter 1501Hz Probe 3839Hz	47	3.839	70.00	0.437
348.057	0.05	Adapter 1501Hz Probe 3839Hz	47	1.501	70.00	0.186
348.137	0.05	Adapter 1501Hz Probe 3839Hz	47	1.501	70.00	0.186
348.217	0.05	Adapter 1501Hz Probe 3839Hz	47	1.501	70.00	0.186
348.297	0.05	Adapter 1501Hz Probe 3839Hz	47	1.501	70.00	0.186
348.377	0.05	Adapter 1501Hz Probe 3839Hz	47	3.839	70.00	0.437
348.557	0.05	Adapter 1501Hz Probe 3839Hz	47	1.501	70.00	0.186
348.637	0.05	Adapter 1501Hz Probe 3839Hz	47	1.501	70.00	0.186
348.717	0.05	Adapter 1501Hz Probe 3839Hz	47	1.501	70.00	0.186
348.797	0.05	Adapter 1501Hz Probe 3839Hz	47	1.501	70.00	0.186
348.877	0.05	Adapter 1501Hz Probe 3839Hz	47	3.839	70.00	0.437
349.057	0.05	Adapter 1501Hz Probe 3839Hz	47	1.501	70.00	0.186
349.137	0.05	Adapter 1501Hz Probe 3839Hz	47	1.501	70.00	0.186
349.217	0.05	Adapter 1501Hz Probe 3839Hz	47	1.501	70.00	0.186
349.297	0.05	Adapter 1501Hz Probe 3839Hz	47	1.501	70.00	0.186
349.377	0.05	Adapter 1501Hz Probe 3839Hz	47	3.839	70.00	0.437
349.557	0.05	Adapter 1501Hz Probe 3839Hz	47	1.501	70.00	0.186
349.637	0.05	Adapter 1501Hz Probe 3839Hz	47	1.501	70.00	0.186
349.717	0.05	Adapter 1501Hz Probe 3839Hz	47	1.501	70.00	0.186
349.797	0.05	Adapter 1501Hz Probe 3839Hz	47	1.501	70.00	0.186
349.877	0.05	Adapter 1501Hz Probe 3839Hz	47	3.839	70.00	0.437
350.057	0.05	Adapter 1501Hz Probe 3839Hz	47	1.501	70.00	0.186
350.137	0.05	Adapter 1501Hz Probe 3839Hz	47	1.501	70.00	0.186
350.217	0.05	Adapter 1501Hz Probe 3839Hz	47	1.501	70.00	0.186
350.297	0.05	Adapter 1501Hz Probe 3839Hz	47	1.501	70.00	0.186
350.377	0.05	Adapter 1501Hz Probe 3839Hz	47	3.839	70.00	0.437
350.557	0.05	Adapter 1501Hz Probe 3839Hz	47	1.501	70.00	0.186
350.637	0.05	Adapter 1501Hz Probe 3839Hz	47	1.501	70.00	0.186
350.717	0.05	Adapter 1501Hz Probe 3839Hz	47	1.501	70.00	0.186
350.797	0.05	Adapter 1501Hz Probe 3839Hz	47	1.501	70.00	0.186
350.877	0.05	Adapter 1501Hz Probe 3839Hz	47	3.839	70.00	0.437
351.057	0.05	Adapter 1501Hz Probe 3839Hz	47	1.501	70.00	0.186
351.137	0.05	Adapter 1501Hz Probe 3839Hz	47	1.501	70.00	0.186
351.217	0.05	Adapter 1501Hz Probe 3839Hz	47	1.501	70.00	0.186
351.297	0.05	Adapter 1501Hz Probe 3839Hz	47	1.501	70.00	0.186
351.377	0.05	Adapter 1501Hz Probe 3839Hz	47	3.839	70.00	0.437
351.557	0.05	Adapter 1501Hz Probe 3839Hz	47	1.501	70.00	0.186
351.637	0.05	Adapter 1501Hz Probe 3839Hz	47	1.501	70.00	0.186
351.717	0.05	Adapter 1501Hz Probe 3839Hz	47	1.501	70.00	0.186
351.797	0.05	Adapter 1501Hz Probe 3839Hz	47	1.501	70.00	0.186
351.877	0.05	Adapter 1501Hz Probe 3839Hz	47	3.839	70.00	0.437
352.057	0.05	Adapter 1501Hz Probe 3839Hz	47	1.501	70.00	0.186
352.137	0.05	Adapter 1501Hz Probe 3839Hz	47	1.501	70.00	0.186
352.217	0.05	Adapter 1501Hz Probe 3839Hz	47	1.501	70.00	0.186
352.297	0.05	Adapter 1501Hz Probe 3839Hz	47	1.501	70.00	0.186
352.377	0.05	Adapter 1501Hz Probe 3839Hz	47	3.839	70.00	0.437
355.014	0.05	Adapter 2423Hz	48	2.423	70.00	0.285
355.094	0.05	Adapter 2423Hz	48	2.423	70.00	0.285
355.174	0.05	Adapter 2423Hz	48	2.423	70.00	0.285
355.254	0.05	Adapter 2423Hz	48	2.423	70.00	0.285
355.514	0.05	Adapter 2423Hz	48	2.423	70.00	0.285
355.594	0.05	Adapter 2423Hz	48	2.423	70.00	0.285
355.674	0.05	Adapter 2423Hz	48	2.423	70.00	0.285
355.754	0.05	Adapter 2423Hz	48	2.423	70.00	0.285
356.014	0.05	Adapter 2423Hz	48	2.423	70.00	0.285
356.094	0.05	Adapter 2423Hz	48	2.423	70.00	0.285
356.174	0.05	Adapter 2423Hz	48	2.423	70.00	0.285
356.254	0.05	Adapter 2423Hz	48	2.423	70.00	0.285
356.514	0.05	Adapter 2423Hz	48	2.423	70.00	0.285
356.594	0.05	Adapter 2423Hz	48	2.423	70.00	0.285
356.674	0.05	Adapter 2423Hz	48	2.423	70.00	0.285
356.754	0.05	Adapter 2423Hz	48	2.423	70.00	0.285
357.014	0.05	Adapter 2423Hz	48	2.423	70.00	0.285
357.094	0.05	Adapter 2423Hz	48	2.423	70.00	0.285
357.174	0.05	Adapter 2423Hz	48	2.423	70.00	0.285
357.254	0.05	Adapter 2423Hz	48	2.423	70.00	0.285
357.514	0.05	Adapter 2423Hz	48	2.423	70.00	0.285
357.594	0.05	Adapter 2423Hz	48	2.423	70.00	0.285
357.674	0.05	Adapter 2423Hz	48	2.423	70.00	0.285
357.754	0.05	Adapter 2423Hz	48	2.423	70.00	0.285
358.014	0.05	Adapter 2423Hz	48	2.423	70.00	0.285
358.094	0.05	Adapter 2423Hz	48	2.423	70.00	0.285
358.174	0.05	Adapter 2423Hz	48	2.423	70.00	0.285
358.254	0.05	Adapter 2423Hz	48	2.423	70.00	0.285
358.514	0.05	Adapter 2423Hz	48	2.423	70.00	0.285
358.594	0.05	Adapter 2423Hz	48	2.423	70.00	0.285
358.674	0.05	Adapter 2423Hz	48	2.423	70.00	0.285
358.754	0.05	Adapter 2423Hz	48	2.423	70.00	0.285
359.014	0.05	Adapter 2423Hz	48	2.423	70.00	0.285
359.094	0.05	Adapter 2423Hz	48	2.423	70.00	0.285
359.174	0.05	Adapter 2423Hz	48	2.423	70.00	0.285
359.254	0.05	Adapter 2423Hz	48	2.423	70.00	0.285
359.514	0.05	Adapter 2423Hz	48	2.423	70.00	0.285
359.594	0.05	Adapter 2423Hz	48	2.423	70.00	0.285
359.674	0.05	Adapter 2423Hz	48	2.423	70.00	0.285
359.754	0.05	Adapter 2423Hz	48	2.423	70.00	0.285
362.533	0.05	Adapter 899Hz	49	0.899	70.00	0.121
362.613	0.05	Adapter 899Hz	49	0.899	70.00	0.121
362.693	0.05	Adapter 899Hz	49	0.899	70.00	0.121
362.773	0.05	Adapter 899Hz	49	0.899	70.00	0.121
363.033	0.05	Adapter 899Hz	49	0.899	70.00	0.121
363.113	0.05	Adapter 899Hz	49	0.899	70.00	0.121
363.193	0.05	Adapter 899Hz	49	0.899	70.00	0.121
363.273	0.05	Adapter 899Hz	49	0.899	70.00	0.121
363.533	0.05	Adapter 899Hz	49	0.899	70.00	0.121
363.613	0.05	Adapter 899Hz	49	0.899	70.00	0.121
363.693	0.05	Adapter 899Hz	49	0.899	70.00	0.121
363.773	0.05	Adapter 899Hz	49	0.899	70.00	0.121
364.033	0.05	Adapter 899Hz	49	0.899	70.00	0.121
364.113	0.05	Adapter 899Hz	49	0.899	70.00	0.121
364.193	0.05	Adapter 899Hz	49	0.899	70.00	0.121
364.273	0.05	Adapter 899Hz	49	0.899	70.00	0.121
364.533	0.05	Adapter 899Hz	49	0.899	70.00	0.121
364.613	0.05	Adapter 899Hz	49	0.899	70.00	0.121
364.693	0.05	Adapter 899Hz	49	0.899	70.00	0.121
364.773	0.05	Adapter 899Hz	49	0.899	70.00	0.121
365.033	0.05	Adapter 899Hz	49	0.899	70.00	0.121
365.113	0.05	Adapter 899Hz	49	0.899	70.00	0.121
365.193	0.05	Adapter 899Hz	49	0.899	70.00	0.121
365.273	0.05	Adapter 899Hz	49	0.899	70.00	0.121
365.533	0.05	Adapter 899Hz	49	0.899	70.00	0.121
365.613	0.05	Adapter 899Hz	49	0.899	70.00	0.121
365.693	0.05	Adapter 899Hz	49	0.899	70.00	0.121
365.773	0.05	Adapter 899Hz	49	0.899	70.00	0.121
366.033	0.05	Adapter 899Hz	49	0.899	70.00	0.121
366.113	0.05	Adapter 899Hz	49	0.899	70.00	0.121
366.193	0.05	Adapter 899Hz	49	0.899	70.00	0.121
366.273	0.05	Adapter 899Hz	49	0.899	70.00	0.121
366.533	0.05	Adapter 899Hz	49	0.899	70.00	0.121
366.613	0.05	Adapter 899Hz	49	0.899	70.00	0.121
366.693	0.05	Adapter 899Hz	49	0.899	70.00	0.121
366.773	0.05	Adapter 899Hz	49	0.899	70.00	0.121
367.033	0.05	Adapter 899Hz	49	0.899	70.00	0.121
367.113	0.05	Adapter 899Hz	49	0.899	70.00	0.121
367.193	0.05	Adapter 899Hz	49	0.899	70.00	0.121
367.273	0.05	Adapter 899Hz	49	0.899	70.00	0.121
377.54	0.05	Adapter 3839Hz	51	3.839	70.00	0.437
377.62	0.05	Adapter 3839Hz	51	3.839	70.00	0.437
377.7	0.05	Adapter 3839Hz	51	3.839	70.00	0.437
377.78	0.05	Adapter 3839Hz	51	3.839	70.00	0.437
378.04	0.05	Adapter 3839Hz	51	3.839	70.00	0.437
378.12	0.05	Adapter 3839Hz	51	3.839	70.00	0.437
378.2	0.05	Adapter 3839Hz	51	3.839	70.00	0.437
378.28	0.05	Adapter 3839Hz	51	3.839	70.00	0.437
378.54	0.05	Adapter 3839Hz	51	3.839	70.00	0.437
378.62	0.05	Adapter 3839Hz	51	3.839	70.00	0.437
378.7	0.05	Adapter 3839Hz	51	3.839	70.00	0.437
378.78	0.05	Adapter 3839Hz	51	3.839	70.00	0.437
379.04	0.05	Adapter 3839Hz	51	3.839	70.00	0.437
379.12	0.05	Adapter 3839Hz	51	3.839	70.00	0.437
379.2	0.05	Adapter 3839Hz	51	3.839	70.00	0.437
379.28	0.05	Adapter 3839Hz	51	3.839	70.00	0.437
379.54	0.05	Adapter 3839Hz	51	3.839	70.00	0.437
379.62	0.05	Adapter 3839Hz	51	3.839	70.00	0.437
379.7	0.05	Adapter 3839Hz	51	3.839	70.00	0.437
379.78	0.05	Adapter 3839Hz	51	3.839	70.00	0.437
380.04	0.05	Adapter 3839Hz	51	3.839	70.00	0.437
380.12	0.05	Adapter 3839Hz	51	3.839	70.00	0.437
380.2	0.05	Adapter 3839Hz	51	3.839	70.00	0.437
380.28	0.05	Adapter 3839Hz	51	3.839	70.00	0.437
380.54	0.05	Adapter 3839Hz	51	3.839	70.00	0.437
380.62	0.05	Adapter 3839Hz	51	3.839	70.00	0.437
380.7	0.05	Adapter 3839Hz	51	3.839	70.00	0.437
380.78	0.05	Adapter 3839Hz	51	3.839	70.00	0.437
381.04	0.05	Adapter 3839Hz	51	3.839	70.00	0.437
381.12	0.05	Adapter 3839Hz	51	3.839	70.00	0.437
381.2	0.05	Adapter 3839Hz	51	3.839	70.00	0.437
381.28	0.05	Adapter 3839Hz	51	3.839	70.00	0.437
381.54	0.05	Adapter 3839Hz	51	3.839	70.00	0.437
381.62	0.05	Adapter 3839Hz	51	3.839	70.00	0.437
381.7	0.05	Adapter 3839Hz	51	3.839	70.00	0.437
381.78	0.05	Adapter 3839Hz	51	3.839	70.00	0.437
382.04	0.05	Adapter 3839Hz	51	3.839	70.00	0.437
382.12	0.05	Adapter 3839Hz	51	3.839	70.00	0.437
382.2	0.05	Adapter 3839Hz	51	3.839	70.00	0.437
382.28	0.05	Adapter 3839Hz	51	3.839	70.00	0.437
385.044	0.05	Adapter 6009Hz	52	6.009	70.00	0.671
385.124	0.05	Adapter 6009Hz	52	6.009	70.00	0.671
385.204	0.05	Adapter 6009Hz	52	6.009	70.00	0.671
385.284	0.05	Adapter 6009Hz	52	6.009	70.00	0.671
385.544	0.05	Adapter 6009Hz	52	6.009	70.00	0.671
385.624	0.05	Adapter 6009Hz	52	6.009	70.00	0.671
385.704	0.05	Adapter 6009Hz	52	6.009	70.00	0.671
385.784	0.05	Adapter 6009Hz	52	6.009	70.00	0.671
386.044	0.05	Adapter 6009Hz	52	6.009	70.00	0.671
386.124	0.05	Adapter 6009Hz	52	6.009	70.00	0.671
386.204	0.05	Adapter 6009Hz	52	6.009	70.00	0.671
386.284	0.05	Adapter 6009Hz	52	6.009	70.00	0.671
386.544	0.05	Adapter 6009Hz	52	6.009	70.00	0.671
386.624	0.05	Adapter 6009Hz	52	6.009	70.00	0.671
386.704	0.05	Adapter 6009Hz	52	6.009	70.00	0.671
386.784	0.05	Adapter 6009Hz	52	6.009	70.00	0.671
387.044	0.05	Adapter 6009Hz	52	6.009	70.00	0.671
387.124	0.05	Adapter 6009Hz	52	6.009	70.00	0.671
387.204	0.05	Adapter 6009Hz	52	6.009	70.00	0.671
387.284	0.05	Adapter 6009Hz	52	6.009	70.00	0.671
387.544	0.05	Adapter 6009Hz	52	6.009	70.00	0.671
387.624	0.05	Adapter 6009Hz	52	6.009	70.00	0.671
387.704	0.05	Adapter 6009Hz	52	6.009	70.00	0.671
387.784	0.05	Adapter 6009Hz	52	6.009	70.00	0.671
388.044	0.05	Adapter 6009Hz	52	6.009	70.00	0.671
388.124	0.05	Adapter 6009Hz	52	6.009	70.00	0.671
388.204	0.05	Adapter 6009Hz	52	6.009	70.00	0.671
388.284	0.05	Adapter 6009Hz	52	6.009	70.00	0.671
388.544	0.05	Adapter 6009Hz	52	6.009	70.00	0.671
388.624	0.05	Adapter 6009Hz	52	6.009	70.00	0.671
388.704	0.05	Adapter 6009Hz	52	6.009	70.00	0.671
388.784	0.05	Adapter 6009Hz	52	6.009	70.00	0.671
389.044	0.05	Adapter 6009Hz	52	6.009	70.00	0.671
389.124	0.05	Adapter 6009Hz	52	6.009	70.00	0.671
389.204	0.05	Adapter 6009Hz	52	6.009	70.00	0.671
389.284	0.05	Adapter 6009Hz	52	6.009	70.00	0.671
389.544	0.05	Adapter 6009Hz	52	6.009	70.00	0.671
389.624	0.05	Adapter 6009Hz	52	6.009	70.00	0.671
389.704	0.05	Adapter 6009Hz	52	6.009	70.00	0.671
389.784	0.05	Adapter 6009Hz	52	6.009	70.00	0.671
392.563	0.05	Adapter 1501Hz Probe 3839Hz	53	1.501	70.00	0.186
392.643	0.05	Adapter 1501Hz Probe 3839Hz	53	1.501	70.00	0.186
392.723	0.05	Adapter 1501Hz Probe 3839Hz	53	1.501	70.00	0.186
392.803	0.05	Adapter 1501Hz Probe 3839Hz	53	1.501	70.00	0.186
392.883	0.05	Adapter 1501Hz Probe 3839Hz	53	3.839	70.00	0.437
393.063	0.05	Adapter 1501Hz Probe 3839Hz	53	1.501	70.00	0.186
393.143	0.05	Adapter 1501Hz Probe 3839Hz	53	1.501	70.00	0.186
393.223	0.05	Adapter 1501Hz Probe 3839Hz	53	1.501	70.00	0.186
393.303	0.05	Adapter 1501Hz Probe 3839Hz	53	1.501	70.00	0.186
393.383	0.05	Adapter 1501Hz Probe 3839Hz	53	3.839	70.00	0.437
393.563	0.05	Adapter 1501Hz Probe 3839Hz	53	1.501	70.00	0.186
393.643	0.05	Adapter 1501Hz Probe 3839Hz	53	1.501	70.00	0.186
393.723	0.05	Adapter 1501Hz Probe 3839Hz	53	1.501	70.00	0.186
393.803	0.05	Adapter 1501Hz Probe 3839Hz	53	1.501	70.00	0.186
393.883	0.05	Adapter 1501Hz Probe 3839Hz	53	3.839	70.00	0.437
394.063	0.05	Adapter 1501Hz Probe 3839Hz	53	1.501	70.00	0.186
394.143	0.05	Adapter 1501Hz Probe 3839Hz	53	1.501	70.00	0.186
394.223	0.05	Adapter 1501Hz Probe 3839Hz	53	1.501	70.00	0.186
394.303	0.05	Adapter 1501Hz Probe 3839Hz	53	1.501	70.00	0.186
394.383	0.05	Adapter 1501Hz Probe 3839Hz	53	3.839	70.00	0.437
394.563	0.05	Adapter 1501Hz Probe 3839Hz	53	1.501	70.00	0.186
394.643	0.05	Adapter 1501Hz Probe 3839Hz	53	1.501	70.00	0.186
394.723	0.05	Adapter 1501Hz Probe 3839Hz	53	1.501	70.00	0.186
394.803	0.05	Adapter 1501Hz Probe 3839Hz	53	1.501	70.00	0.186
394.883	0.05	Adapter 1501Hz Probe 3839Hz	53	3.839	70.00	0.437
395.063	0.05	Adapter 1501Hz Probe 3839Hz	53	1.501	70.00	0.186
395.143	0.05	Adapter 1501Hz Probe 3839Hz	53	1.501	70.00	0.186
395.223	0.05	Adapter 1501Hz Probe 3839Hz	53	1.501	70.00	0.186
395.303	0.05	Adapter 1501Hz Probe 3839Hz	53	1.501	70.00	0.186
395.383	0.05	Adapter 1501Hz Probe 3839Hz	53	3.839	70.00	0.437
395.563	0.05	Adapter 1501Hz Probe 3839Hz	53	1.501	70.00	0.186
395.643	0.05	Adapter 1501Hz Probe 3839Hz	53	1.501	70.00	0.186
395.723	0.05	Adapter 1501Hz Probe 3839Hz	53	1.501	70.00	0.186
395.803	0.05	Adapter 1501Hz Probe 3839Hz	53	1.501	70.00	0.186
395.883	0.05	Adapter 1501Hz Probe 3839Hz	53	3.839	70.00	0.437
396.063	0.05	Adapter 1501Hz Probe 3839Hz	53	1.501	70.00	0.186
396.143	0.05	Adapter 1501Hz Probe 3839Hz	53	1.501	70.00	0.186
396.223	0.05	Adapter 1501Hz Probe 3839Hz	53	1.501	70.00	0.186
396.303	0.05	Adapter 1501Hz Probe 3839Hz	53	1.501	70.00	0.186
396.383	0.05	Adapter 1501Hz Probe 3839Hz	53	3.839	70.00	0.437
396.563	0.05	Adapter 1501Hz Probe 3839Hz	53	1.501	70.00	0.186
396.643	0.05	Adapter 1501Hz Probe 3839Hz	53	1.501	70.00	0.186
396.723	0.05	Adapter 1501Hz Probe 3839Hz	53	1.501	70.00	0.186
396.803	0.05	Adapter 1501Hz Probe 3839Hz	53	1.501	70.00	0.186
396.883	0.05	Adapter 1501Hz Probe 3839Hz	53	3.839	70.00	0.437
397.063	0.05	Adapter 1501Hz Probe 3839Hz	53	1.501	70.00	0.186
397.143	0.05	Adapter 1501Hz Probe 3839Hz	53	1.501	70.00	0.186
397.223	0.05	Adapter 1501Hz Probe 3839Hz	53	1.501	70.00	0.186
397.303	0.05	Adapter 1501Hz Probe 3839Hz	53	1.501	70.00	0.186
397.383	0.05	Adapter 1501Hz Probe 3839Hz	53	3.839	70.00	0.437
400.051	0.05	Adapter 3839Hz Probe 3839Hz	54	3.839	70.00	0.437
400.131	0.05	Adapter 3839Hz Probe 3839Hz	54	3.839	70.00	0.437
400.211	0.05	Adapter 3839Hz Probe 3839Hz	54	3.839	70.00	0.437
400.291	0.05	Adapter 3839Hz Probe 3839Hz	54	3.839	70.00	0.437
400.371	0.05	Adapter 3839Hz Probe 3839Hz	54	3.839	70.00	0.437
400.551	0.05	Adapter 3839Hz Probe 3839Hz	54	3.839	70.00	0.437
400.631	0.05	Adapter 3839Hz Probe 3839Hz	54	3.839	70.00	0.437
400.711	0.05	Adapter 3839Hz Probe 3839Hz	54	3.839	70.00	0.437
400.791	0.05	Adapter 3839Hz Probe 3839Hz	54	3.839	70.00	0.437
400.871	0.05	Adapter 3839Hz Probe 3839Hz	54	3.839	70.00	0.437
401.051	0.05	Adapter 3839Hz Probe 3839Hz	54	3.839	70.00	0.437
401.131	0.05	Adapter 3839Hz Probe 3839Hz	54	3.839	70.00	0.437
401.211	0.05	Adapter 3839Hz Probe 3839Hz	54	3.839	70.00	0.437
401.291	0.05	Adapter 3839Hz Probe 3839Hz	54	3.839	70.00	0.437
401.371	0.05	Adapter 3839Hz Probe 3839Hz	54	3.839	70.00	0.437
401.551	0.05	Adapter 3839Hz Probe 3839Hz	54	3.839	70.00	0.437
401.631	0.05	Adapter 3839Hz Probe 3839Hz	54	3.839	70.00	0.437
401.711	0.05	Adapter 3839Hz Probe 3839Hz	54	3.839	70.00	0.437
401.791	0.05	Adapter 3839Hz Probe 3839Hz	54	3.839	70.00	0.437
401.871	0.05	Adapter 3839Hz Probe 3839Hz	54	3.839	70.00	0.437
402.051	0.05	Adapter 3839Hz Probe 3839Hz	54	3.839	70.00	0.437
402.131	0.05	Adapter 3839Hz Probe 3839Hz	54	3.839	70.00	0.437
402.211	0.05	Adapter 3839Hz Probe 3839Hz	54	3.839	70.00	0.437
402.291	0.05	Adapter 3839Hz Probe 3839Hz	54	3.839	70.00	0.437
402.371	0.05	Adapter 3839Hz Probe 3839Hz	54	3.839	70.00	0.437
402.551	0.05	Adapter 3839Hz Probe 3839Hz	54	3.839	70.00	0.437
402.631	0.05	Adapter 3839Hz Probe 3839Hz	54	3.839	70.00	0.437
402.711	0.05	Adapter 3839Hz Probe 3839Hz	54	3.839	70.00	0.437
402.791	0.05	Adapter 3839Hz Probe 3839Hz	54	3.839	70.00	0.437
402.871	0.05	Adapter 3839Hz Probe 3839Hz	54	3.839	70.00	0.437
403.051	0.05	Adapter 3839Hz Probe 3839Hz	54	3.839	70.00	0.437
403.131	0.05	Adapter 3839Hz Probe 3839Hz	54	3.839	70.00	0.437
403.211	0.05	Adapter 3839Hz Probe 3839Hz	54	3.839	70.00	0.437
403.291	0.05	Adapter 3839Hz Probe 3839Hz	54	3.839	70.00	0.437
403.371	0.05	Adapter 3839Hz Probe 3839Hz	54	3.839	70.00	0.437
403.551	0.05	Adapter 3839Hz Probe 3839Hz	54	3.839	70.00	0.437
403.631	0.05	Adapter 3839Hz Probe 3839Hz	54	3.839	70.00	0.437
403.711	0.05	Adapter 3839Hz Probe 3839Hz	54	3.839	70.00	0.437
403.791	0.05	Adapter 3839Hz Probe 3839Hz	54	3.839	70.00	0.437
403.871	0.05	Adapter 3839Hz Probe 3839Hz	54	3.839	70.00	0.437
404.051	0.05	Adapter 3839Hz Probe 3839Hz	54	3.839	70.00	0.437
404.131	0.05	Adapter 3839Hz Probe 3839Hz	54	3.839	70.00	0.437
404.211	0.05	Adapter 3839Hz Probe 3839Hz	54	3.839	70.00	0.437
404.291	0.05	Adapter 3839Hz Probe 3839Hz	54	3.839	70.00	0.437
404.371	0.05	Adapter 3839Hz Probe 3839Hz	54	3.839	70.00	0.437
404.551	0.05	Adapter 3839Hz Probe 3839Hz	54	3.839	70.00	0.437
404.631	0.05	Adapter 3839Hz Probe 3839Hz	54	3.839	70.00	0.437
404.711	0.05	Adapter 3839Hz Probe 3839Hz	54	3.839	70.00	0.437
404.791	0.05	Adapter 3839Hz Probe 3839Hz	54	3.839	70.00	0.437
404.871	0.05	Adapter 3839Hz Probe 3839Hz	54	3.839	70.00	0.437
407.555	0.05	Adapter 2423Hz Probe 3839Hz	55	2.423	70.00	0.285
407.635	0.05	Adapter 2423Hz Probe 3839Hz	55	2.423	70.00	0.285
407.715	0.05	Adapter 2423Hz Probe 3839Hz	55	2.423	70.00	0.285
407.795	0.05	Adapter 2423Hz Probe 3839Hz	55	2.423	70.00	0.285
407.875	0.05	Adapter 2423Hz Probe 3839Hz	55	3.839	70.00	0.437
408.055	0.05	Adapter 2423Hz Probe 3839Hz	55	2.423	70.00	0.285
408.135	0.05	Adapter 2423Hz Probe 3839Hz	55	2.423	70.00	0.285
408.215	0.05	Adapter 2423Hz Probe 3839Hz	55	2.423	70.00	0.285
408.295	0.05	Adapter 2423Hz Probe 3839Hz	55	2.423	70.00	0.285
408.375	0.05	Adapter 2423Hz Probe 3839Hz	55	3.839	70.00	0.437
408.555	0.05	Adapter 2423Hz Probe 3839Hz	55	2.423	70.00	0.285
408.635	0.05	Adapter 2423Hz Probe 3839Hz	55	2.423	70.00	0.285
408.715	0.05	Adapter 2423Hz Probe 3839Hz	55	2.423	70.00	0.285
408.795	0.05	Adapter 2423Hz Probe 3839Hz	55	2.423	70.00	0.285
408.875	0.05	Adapter 2423Hz Probe 3839Hz	55	3.839	70.00	0.437
409.055	0.05	Adapter 2423Hz Probe 3839Hz	55	2.423	70.00	0.285
409.135	0.05	Adapter 2423Hz Probe 3839Hz	55	2.423	70.00	0.285
409.215	0.05	Adapter 2423Hz Probe 3839Hz	55	2.423	70.00	0.285
409.295	0.05	Adapter 2423Hz Probe 3839Hz	55	2.423	70.00	0.285
409.375	0.05	Adapter 2423Hz Probe 3839Hz	55	3.839	70.00	0.437
409.555	0.05	Adapter 2423Hz Probe 3839Hz	55	2.423	70.00	0.285
409.635	0.05	Adapter 2423Hz Probe 3839Hz	55	2.423	70.00	0.285
409.715	0.05	Adapter 2423Hz Probe 3839Hz	55	2.423	70.00	0.285
409.795	0.05	Adapter 2423Hz Probe 3839Hz	55	2.423	70.00	0.285
409.875	0.05	Adapter 2423Hz Probe 3839Hz	55	3.839	70.00	0.437
410.055	0.05	Adapter 2423Hz Probe 3839Hz	55	2.423	70.00	0.285
410.135	0.05	Adapter 2423Hz Probe 3839Hz	55	2.423	70.00	0.285
410.215	0.05	Adapter 2423Hz Probe 3839Hz	55	2.423	70.00	0.285
410.295	0.05	Adapter 2423Hz Probe 3839Hz	55	2.423	70.00	0.285
410.375	0.05	Adapter 2423Hz Probe 3839Hz	55	3.839	70.00	0.437
410.555	0.05	Adapter 2423Hz Probe 3839Hz	55	2.423	70.00	0.285
410.635	0.05	Adapter 2423Hz Probe 3839Hz	55	2.423	70.00	0.285
410.715	0.05	Adapter 2423Hz Probe 3839Hz	55	2.423	70.00	0.285
410.795	0.05	Adapter 2423Hz Probe 3839Hz	55	2.423	70.00	0.285
410.875	0.05	Adapter 2423Hz Probe 3839Hz	55	3.839	70.00	0.437
411.055	0.05	Adapter 2423Hz Probe 3839Hz	55	2.423	70.00	0.285
411.135	0.05	Adapter 2423Hz Probe 3839Hz	55	2.423	70.00	0.285
411.215	0.05	Adapter 2423Hz Probe 3839Hz	55	2.423	70.00	0.285
411.295	0.05	Adapter 2423Hz Probe 3839Hz	55	2.423	70.00	0.285
411.375	0.05	Adapter 2423Hz Probe 3839Hz	55	3.839	70.00	0.437
411.555	0.05	Adapter 2423Hz Probe 3839Hz	55	2.423	70.00	0.285
411.635	0.05	Adapter 2423Hz Probe 3839Hz	55	2.423	70.00	0.285
411.715	0.05	Adapter 2423Hz Probe 3839Hz	55	2.423	70.00	0.285
411.795	0.05	Adapter 2423Hz Probe 3839Hz	55	2.423	70.00	0.285
411.875	0.05	Adapter 2423Hz Probe 3839Hz	55	3.839	70.00	0.437
412.055	0.05	Adapter 2423Hz Probe 3839Hz	55	2.423	70.00	0.285
412.135	0.05	Adapter 2423Hz Probe 3839Hz	55	2.423	70.00	0.285
412.215	0.05	Adapter 2423Hz Probe 3839Hz	55	2.423	70.00	0.285
412.295	0.05	Adapter 2423Hz Probe 3839Hz	55	2.423	70.00	0.285
412.375	0.05	Adapter 2423Hz Probe 3839Hz	55	3.839	70.00	0.437
415.043	0.05	Adapter 251Hz	56	0.251	70.00	0.052
415.123	0.05	Adapter 251Hz	56	0.251	70.00	0.052
415.203	0.05	Adapter 251Hz	56	0.251	70.00	0.052
415.283	0.05	Adapter 251Hz	56	0.251	70.00	0.052
415.543	0.05	Adapter 251Hz	56	0.251	70.00	0.052
415.623	0.05	Adapter 251Hz	56	0.251	70.00	0.052
415.703	0.05	Adapter 251Hz	56	0.251	70.00	0.052
415.783	0.05	Adapter 251Hz	56	0.251	70.00	0.052
416.043	0.05	Adapter 251Hz	56	0.251	70.00	0.052
416.123	0.05	Adapter 251Hz	56	0.251	70.00	0.052
416.203	0.05	Adapter 251Hz	56	0.251	70.00	0.052
416.283	0.05	Adapter 251Hz	56	0.251	70.00	0.052
416.543	0.05	Adapter 251Hz	56	0.251	70.00	0.052
416.623	0.05	Adapter 251Hz	56	0.251	70.00	0.052
416.703	0.05	Adapter 251Hz	56	0.251	70.00	0.052
416.783	0.05	Adapter 251Hz	56	0.251	70.00	0.052
417.043	0.05	Adapter 251Hz	56	0.251	70.00	0.052
417.123	0.05	Adapter 251Hz	56	0.251	70.00	0.052
417.203	0.05	Adapter 251Hz	56	0.251	70.00	0.052
417.283	0.05	Adapter 251Hz	56	0.251	70.00	0.052
417.543	0.05	Adapter 251Hz	56	0.251	70.00	0.052
417.623	0.05	Adapter 251Hz	56	0.251	70.00	0.052
417.703	0.05	Adapter 251Hz	56	0.251	70.00	0.052
417.783	0.05	Adapter 251Hz	56	0.251	70.00	0.052
418.043	0.05	Adapter 251Hz	56	0.251	70.00	0.052
418.123	0.05	Adapter 251Hz	56	0.251	70.00	0.052
418.203	0.05	Adapter 251Hz	56	0.251	70.00	0.052
418.283	0.05	Adapter 251Hz	56	0.251	70.00	0.052
418.543	0.05	Adapter 251Hz	56	0.251	70.00	0.052
418.623	0.05	Adapter 251Hz	56	0.251	70.00	0.052
418.703	0.05	Adapter 251Hz	56	0.251	70.00	0.052
418.783	0.05	Adapter 251Hz	56	0.251	70.00	0.052
419.043	0.05	Adapter 251Hz	56	0.251	70.00	0.052
419.123	0.05	Adapter 251Hz	56	0.251	70.00	0.052
419.203	0.05	Adapter 251Hz	56	0.251	70.00	0.052
419.283	0.05	Adapter 251Hz	56	0.251	70.00	0.052
419.543	0.05	Adapter 251Hz	56	0.251	70.00	0.052
419.623	0.05	Adapter 251Hz	56	0.251	70.00	0.052
419.703	0.05	Adapter 251Hz	56	0.251	70.00	0.052
419.783	0.05	Adapter 251Hz	56	0.251	70.00	0.052
430.05	0.05	Adapter 2423Hz	58	2.423	70.00	0.285
430.13	0.05	Adapter 2423Hz	58	2.423	70.00	0.285
430.21	0.05	Adapter 2423Hz	58	2.423	70.00	0.285
430.29	0.05	Adapter 2423Hz	58	2.423	70.00	0.285
430.55	0.05	Adapter 2423Hz	58	2.423	70.00	0.285
430.63	0.05	Adapter 2423Hz	58	2.423	70.00	0.285
430.71	0.05	Adapter 2423Hz	58	2.423	70.00	0.285
430.79	0.05	Adapter 2423Hz	58	2.423	70.00	0.285
431.05	0.05	Adapter 2423Hz	58	2.423	70.00	0.285
431.13	0.05	Adapter 2423Hz	58	2.423	70.00	0.285
431.21	0.05	Adapter 2423Hz	58	2.423	70.00	0.285
431.29	0.05	Adapter 2423Hz	58	2.423	70.00	0.285
431.55	0.05	Adapter 2423Hz	58	2.423	70.00	0.285
431.63	0.05	Adapter 2423Hz	58	2.423	70.00	0.285
431.71	0.05	Adapter 2423Hz	58	2.423	70.00	0.285
431.79	0.05	Adapter 2423Hz	58	2.423	70.00	0.285
432.05	0.05	Adapter 2423Hz	58	2.423	70.00	0.285
432.13	0.05	Adapter 2423Hz	58	2.423	70.00	0.285
432.21	0.05	Adapter 2423Hz	58	2.423	70.00	0.285
432.29	0.05	Adapter 2423Hz	58	2.423	70.00	0.285
432.55	0.05	Adapter 2423Hz	58	2.423	70.00	0.285
432.63	0.05	Adapter 2423Hz	58	2.423	70.00	0.285
432.71	0.05	Adapter 2423Hz	58	2.423	70.00	0.285
432.79	0.05	Adapter 2423Hz	58	2.423	70.00	0.285
433.05	0.05	Adapter 2423Hz	58	2.423	70.00	0.285
433.13	0.05	Adapter 2423Hz	58	2.423	70.00	0.285
433.21	0.05	Adapter 2423Hz	58	2.423	70.00	0.285
433.29	0.05	Adapter 2423Hz	58	2.423	70.00	0.285
433.55	0.05	Adapter 2423Hz	58	2.423	70.00	0.285
433.63	0.05	Adapter 2423Hz	58	2.423	70.00	0.285
433.71	0.05	Adapter 2423Hz	58	2.423	70.00	0.285
433.79	0.05	Adapter 2423Hz	58	2.423	70.00	0.285
434.05	0.05	Adapter 2423Hz	58	2.423	70.00	0.285
434.13	0.05	Adapter 2423Hz	58	2.423	70.00	0.285
434.21	0.05	Adapter 2423Hz	58	2.423	70.00	0.285
434.29	0.05	Adapter 2423Hz	58	2.423	70.00	0.285
434.55	0.05	Adapter 2423Hz	58	2.423	70.00	0.285
434.63	0.05	Adapter 2423Hz	58	2.423	70.00	0.285
434.71	0.05	Adapter 2423Hz	58	2.423	70.00	0.285
434.79	0.05	Adapter 2423Hz	58	2.423	70.00	0.285
437.538	0.05	Adapter 507Hz	59	0.507	70.00	0.079
437.618	0.05	Adapter 507Hz	59	0.507	70.00	0.079
437.698	0.05	Adapter 507Hz	59	0.507	70.00	0.079
437.778	0.05	Adapter 507Hz	59	0.507	70.00	0.079
438.038	0.05	Adapter 507Hz	59	0.507	70.00	0.079
438.118	0.05	Adapter 507Hz	59	0.507	70.00	0.079
438.198	0.05	Adapter 507Hz	59	0.507	70.00	0.079
438.278	0.05	Adapter 507Hz	59	0.507	70.00	0.079
438.538	0.05	Adapter 507Hz	59	0.507	70.00	0.079
438.618	0.05	Adapter 507Hz	59	0.507	70.00	0.079
438.698	0.05	Adapter 507Hz	59	0.507	70.00	0.079
438.778	0.05	Adapter 507Hz	59	0.507	70.00	0.079
439.038	0.05	Adapter 507Hz	59	0.507	70.00	0.079
439.118	0.05	Adapter 507Hz	59	0.507	70.00	0.079
439.198	0.05	Adapter 507Hz	59	0.507	70.00	0.079
439.278	0.05	Adapter 507Hz	59	0.507	70.00	0.079
439.538	0.05	Adapter 507Hz	59	0.507	70.00	0.079
439.618	0.05	Adapter 507Hz	59	0.507	70.00	0.079
439.698	0.05	Adapter 507Hz	59	0.507	70.00	0.079
439.778	0.05	Adapter 507Hz	59	0.507	70.00	0.079
440.038	0.05	Adapter 507Hz	59	0.507	70.00	0.079
440.118	0.05	Adapter 507Hz	59	0.507	70.00	0.079
440.198	0.05	Adapter 507Hz	59	0.507	70.00	0.079
440.278	0.05	Adapter 507Hz	59	0.507	70.00	0.079
440.538	0.05	Adapter 507Hz	59	0.507	70.00	0.079
440.618	0.05	Adapter 507Hz	59	0.507	70.00	0.079
440.698	0.05	Adapter 507Hz	59	0.507	70.00	0.079
440.778	0.05	Adapter 507Hz	59	0.507	70.00	0.079
441.038	0.05	Adapter 507Hz	59	0.507	70.00	0.079
441.118	0.05	Adapter 507Hz	59	0.507	70.00	0.079
441.198	0.05	Adapter 507Hz	59	0.507	70.00	0.079
441.278	0.05	Adapter 507Hz	59	0.507	70.00	0.079
441.538	0.05	Adapter 507Hz	59	0.507	70.00	0.079
441.618	0.05	Adapter 507Hz	59	0.507	70.00	0.079
441.698	0.05	Adapter 507Hz	59	0.507	70.00	0.079
441.778	0.05	Adapter 507Hz	59	0.507	70.00	0.079
442.038	0.05	Adapter 507Hz	59	0.507	70.00	0.079
442.118	0.05	Adapter 507Hz	59	0.507	70.00	0.079
442.198	0.05	Adapter 507Hz	59	0.507	70.00	0.079
442.278	0.05	Adapter 507Hz	59	0.507	70.00	0.079
445.042	0.05	Adapter 899Hz Probe 3839Hz	60	0.899	70.00	0.121
445.122	0.05	Adapter 899Hz Probe 3839Hz	60	0.899	70.00	0.121
445.202	0.05	Adapter 899Hz Probe 3839Hz	60	0.899	70.00	0.121
445.282	0.05	Adapter 899Hz Probe 3839Hz	60	0.899	70.00	0.121
445.362	0.05	Adapter 899Hz Probe 3839Hz	60	3.839	70.00	0.437
445.542	0.05	Adapter 899Hz Probe 3839Hz	60	0.899	70.00	0.121
445.622	0.05	Adapter 899Hz Probe 3839Hz	60	0.899	70.00	0.121
445.702	0.05	Adapter 899Hz Probe 3839Hz	60	0.899	70.00	0.121
445.782	0.05	Adapter 899Hz Probe 3839Hz	60	0.899	70.00	0.121
445.862	0.05	Adapter 899Hz Probe 3839Hz	60	3.839	70.00	0.437
446.042	0.05	Adapter 899Hz Probe 3839Hz	60	0.899	70.00	0.121
446.122	0.05	Adapter 899Hz Probe 3839Hz	60	0.899	70.00	0.121
446.202	0.05	Adapter 899Hz Probe 3839Hz	60	0.899	70.00	0.121
446.282	0.05	Adapter 899Hz Probe 3839Hz	60	0.899	70.00	0.121
446.362	0.05	Adapter 899Hz Probe 3839Hz	60	3.839	70.00	0.437
446.542	0.05	Adapter 899Hz Probe 3839Hz	60	0.899	70.00	0.121
446.622	0.05	Adapter 899Hz Probe 3839Hz	60	0.899	70.00	0.121
446.702	0.05	Adapter 899Hz Probe 3839Hz	60	0.899	70.00	0.121
446.782	0.05	Adapter 899Hz Probe 3839Hz	60	0.899	70.00	0.121
446.862	0.05	Adapter 899Hz Probe 3839Hz	60	3.839	70.00	0.437
447.042	0.05	Adapter 899Hz Probe 3839Hz	60	0.899	70.00	0.121
447.122	0.05	Adapter 899Hz Probe 3839Hz	60	0.899	70.00	0.121
447.202	0.05	Adapter 899Hz Probe 3839Hz	60	0.899	70.00	0.121
447.282	0.05	Adapter 899Hz Probe 3839Hz	60	0.899	70.00	0.121
447.362	0.05	Adapter 899Hz Probe 3839Hz	60	3.839	70.00	0.437
447.542	0.05	Adapter 899Hz Probe 3839Hz	60	0.899	70.00	0.121
447.622	0.05	Adapter 899Hz Probe 3839Hz	60	0.899	70.00	0.121
447.702	0.05	Adapter 899Hz Probe 3839Hz	60	0.899	70.00	0.121
447.782	0.05	Adapter 899Hz Probe 3839Hz	60	0.899	70.00	0.121
447.862	0.05	Adapter 899Hz Probe 3839Hz	60	3.839	70.00	0.437
448.042	0.05	Adapter 899Hz Probe 3839Hz	60	0.899	70.00	0.121
448.122	0.05	Adapter 899Hz Probe 3839Hz	60	0.899	70.00	0.121
448.202	0.05	Adapter 899Hz Probe 3839Hz	60	0.899	70.00	0.121
448.282	0.05	Adapter 899Hz Probe 3839Hz	60	0.899	70.00	0.121
448.362	0.05	Adapter 899Hz Probe 3839Hz	60	3.839	70.00	0.437
448.542	0.05	Adapter 899Hz Probe 3839Hz	60	0.899	70.00	0.121
448.622	0.05	Adapter 899Hz Probe 3839Hz	60	0.899	70.00	0.121
448.702	0.05	Adapter 899Hz Probe 3839Hz	60	0.899	70.00	0.121
448.782	0.05	Adapter 899Hz Probe 3839Hz	60	0.899	70.00	0.121
448.862	0.05	Adapter 899Hz Probe 3839Hz	60	3.839	70.00	0.437
449.042	0.05	Adapter 899Hz Probe 3839Hz	60	0.899	70.00	0.121
449.122	0.05	Adapter 899Hz Probe 3839Hz	60	0.899	70.00	0.121
449.202	0.05	Adapter 899Hz Probe 3839Hz	60	0.899	70.00	0.121
449.282	0.05	Adapter 899Hz Probe 3839Hz	60	0.899	70.00	0.121
449.362	0.05	Adapter 899Hz Probe 3839Hz	60	3.839	70.00	0.437
449.542	0.05	Adapter 899Hz Probe 3839Hz	60	0.899	70.00	0.121
449.622	0.05	Adapter 899Hz Probe 3839Hz	60	0.899	70.00	0.121
449.702	0.05	Adapter 899Hz Probe 3839Hz	60	0.899	70.00	0.121
449.782	0.05	Adapter 899Hz Probe 3839Hz	60	0.899	70.00	0.121
449.862	0.05	Adapter 899Hz Probe 3839Hz	60	3.839	70.00	0.437
452.561	0.05	Adapter 507Hz Probe 3839Hz	61	0.507	70.00	0.079
452.641	0.05	Adapter 507Hz Probe 3839Hz	61	0.507	70.00	0.079
452.721	0.05	Adapter 507Hz Probe 3839Hz	61	0.507	70.00	0.079
452.801	0.05	Adapter 507Hz Probe 3839Hz	61	0.507	70.00	0.079
452.881	0.05	Adapter 507Hz Probe 3839Hz	61	3.839	70.00	0.437
453.061	0.05	Adapter 507Hz Probe 3839Hz	61	0.507	70.00	0.079
453.141	0.05	Adapter 507Hz Probe 3839Hz	61	0.507	70.00	0.079
453.221	0.05	Adapter 507Hz Probe 3839Hz	61	0.507	70.00	0.079
453.301	0.05	Adapter 507Hz Probe 3839Hz	61	0.507	70.00	0.079
453.381	0.05	Adapter 507Hz Probe 3839Hz	61	3.839	70.00	0.437
453.561	0.05	Adapter 507Hz Probe 3839Hz	61	0.507	70.00	0.079
453.641	0.05	Adapter 507Hz Probe 3839Hz	61	0.507	70.00	0.079
453.721	0.05	Adapter 507Hz Probe 3839Hz	61	0.507	70.00	0.079
453.801	0.05	Adapter 507Hz Probe 3839Hz	61	0.507	70.00	0.079
453.881	0.05	Adapter 507Hz Probe 3839Hz	61	3.839	70.00	0.437
454.061	0.05	Adapter 507Hz Probe 3839Hz	61	0.507	70.00	0.079
454.141	0.05	Adapter 507Hz Probe 3839Hz	61	0.507	70.00	0.079
454.221	0.05	Adapter 507Hz Probe 3839Hz	61	0.507	70.00	0.079
454.301	0.05	Adapter 507Hz Probe 3839Hz	61	0.507	70.00	0.079
454.381	0.05	Adapter 507Hz Probe 3839Hz	61	3.839	70.00	0.437
454.561	0.05	Adapter 507Hz Probe 3839Hz	61	0.507	70.00	0.079
454.641	0.05	Adapter 507Hz Probe 3839Hz	61	0.507	70.00	0.079
454.721	0.05	Adapter 507Hz Probe 3839Hz	61	0.507	70.00	0.079
454.801	0.05	Adapter 507Hz Probe 3839Hz	61	0.507	70.00	0.079
454.881	0.05	Adapter 507Hz Probe 3839Hz	61	3.839	70.00	0.437
455.061	0.05	Adapter 507Hz Probe 3839Hz	61	0.507	70.00	0.079
455.141	0.05	Adapter 507Hz Probe 3839Hz	61	0.507	70.00	0.079
455.221	0.05	Adapter 507Hz Probe 3839Hz	61	0.507	70.00	0.079
455.301	0.05	Adapter 507Hz Probe 3839Hz	61	0.507	70.00	0.079
455.381	0.05	Adapter 507Hz Probe 3839Hz	61	3.839	70.00	0.437
455.561	0.05	Adapter 507Hz Probe 3839Hz	61	0.507	70.00	0.079
455.641	0.05	Adapter 507Hz Probe 3839Hz	61	0.507	70.00	0.079
455.721	0.05	Adapter 507Hz Probe 3839Hz	61	0.507	70.00	0.079
455.801	0.05	Adapter 507Hz Probe 3839Hz	61	0.507	70.00	0.079
455.881	0.05	Adapter 507Hz Probe 3839Hz	61	3.839	70.00	0.437
456.061	0.05	Adapter 507Hz Probe 3839Hz	61	0.507	70.00	0.079
456.141	0.05	Adapter 507Hz Probe 3839Hz	61	0.507	70.00	0.079
456.221	0.05	Adapter 507Hz Probe 3839Hz	61	0.507	70.00	0.079
456.301	0.05	Adapter 507Hz Probe 3839Hz	61	0.507	70.00	0.079
456.381	0.05	Adapter 507Hz Probe 3839Hz	61	3.839	70.00	0.437
456.561	0.05	Adapter 507Hz Probe 3839Hz	61	0.507	70.00	0.079
456.641	0.05	Adapter 507Hz Probe 3839Hz	61	0.507	70.00	0.079
456.721	0.05	Adapter 507Hz Probe 3839Hz	61	0.507	70.00	0.079
456.801	0.05	Adapter 507Hz Probe 3839Hz	61	0.507	70.00	0.079
456.881	0.05	Adapter 507Hz Probe 3839Hz	61	3.839	70.00	0.437
457.061	0.05	Adapter 507Hz Probe 3839Hz	61	0.507	70.00	0.079
457.141	0.05	Adapter 507Hz Probe 3839Hz	61	0.507	70.00	0.079
457.221	0.05	Adapter 507Hz Probe 3839Hz	61	0.507	70.00	0.079
457.301	0.05	Adapter 507Hz Probe 3839Hz	61	0.507	70.00	0.079
457.381	0.05	Adapter 507Hz Probe 3839Hz	61	3.839	70.00	0.437
467.857	0.05	Probe 3839Hz	63	3.839	70.00	0.437
468.357	0.05	Probe 3839Hz	63	3.839	70.00	0.437
468.857	0.05	Probe 3839Hz	63	3.839	70.00	0.437
469.357	0.05	Probe 3839Hz	63	3.839	70.00	0.437
469.857	0.05	Probe 3839Hz	63	3.839	70.00	0.437
470.357	0.05	Probe 3839Hz	63	3.839	70.00	0.437
470.857	0.05	Probe 3839Hz	63	3.839	70.00	0.437
471.357	0.05	Probe 3839Hz	63	3.839	70.00	0.437
471.857	0.05	Probe 3839Hz	63	3.839	70.00	0.437
472.357	0.05	Probe 3839Hz	63	3.839	70.00	0.437
475.056	0.05	Adapter 1501Hz	64	1.501	70.00	0.186
475.136	0.05	Adapter 1501Hz	64	1.501	70.00	0.186
475.216	0.05	Adapter 1501Hz	64	1.501	70.00	0.186
475.296	0.05	Adapter 1501Hz	64	1.501	70.00	0.186
475.556	0.05	Adapter 1501Hz	64	1.501	70.00	0.186
475.636	0.05	Adapter 1501Hz	64	1.501	70.00	0.186
475.716	0.05	Adapter 1501Hz	64	1.501	70.00	0.186
475.796	0.05	Adapter 1501Hz	64	1.501	70.00	0.186
476.056	0.05	Adapter 1501Hz	64	1.501	70.00	0.186
476.136	0.05	Adapter 1501Hz	64	1.501	70.00	0.186
476.216	0.05	Adapter 1501Hz	64	1.501	70.00	0.186
476.296	0.05	Adapter 1501Hz	64	1.501	70.00	0.186
476.556	0.05	Adapter 1501Hz	64	1.501	70.00	0.186
476.636	0.05	Adapter 1501Hz	64	1.501	70.00	0.186
476.716	0.05	Adapter 1501Hz	64	1.501	70.00	0.186
476.796	0.05	Adapter 1501Hz	64	1.501	70.00	0.186
477.056	0.05	Adapter 1501Hz	64	1.501	70.00	0.186
477.136	0.05	Adapter 1501Hz	64	1.501	70.00	0.186
477.216	0.05	Adapter 1501Hz	64	1.501	70.00	0.186
477.296	0.05	Adapter 1501Hz	64	1.501	70.00	0.186
477.556	0.05	Adapter 1501Hz	64	1.501	70.00	0.186
477.636	0.05	Adapter 1501Hz	64	1.501	70.00	0.186
477.716	0.05	Adapter 1501Hz	64	1.501	70.00	0.186
477.796	0.05	Adapter 1501Hz	64	1.501	70.00	0.186
478.056	0.05	Adapter 1501Hz	64	1.501	70.00	0.186
478.136	0.05	Adapter 1501Hz	64	1.501	70.00	0.186
478.216	0.05	Adapter 1501Hz	64	1.501	70.00	0.186
478.296	0.05	Adapter 1501Hz	64	1.501	70.00	0.186
478.556	0.05	Adapter 1501Hz	64	1.501	70.00	0.186
478.636	0.05	Adapter 1501Hz	64	1.501	70.00	0.186
478.716	0.05	Adapter 1501Hz	64	1.501	70.00	0.186
478.796	0.05	Adapter 1501Hz	64	1.501	70.00	0.186
479.056	0.05	Adapter 1501Hz	64	1.501	70.00	0.186
479.136	0.05	Adapter 1501Hz	64	1.501	70.00	0.186
479.216	0.05	Adapter 1501Hz	64	1.501	70.00	0.186
479.296	0.05	Adapter 1501Hz	64	1.501	70.00	0.186
479.556	0.05	Adapter 1501Hz	64	1.501	70.00	0.186
479.636	0.05	Adapter 1501Hz	64	1.501	70.00	0.186
479.716	0.05	Adapter 1501Hz	64	1.501	70.00	0.186
479.796	0.05	Adapter 1501Hz	64	1.501	70.00	0.186
