onset	duration	trial_type	scan	frequency_kHz	level_dB_SPL	bandwidth_kHz
10.035	0.05	Adapter 6009Hz	2	6.009	70.00	0.671
10.115	0.05	Adapter 6009Hz	2	6.009	70.00	0.671
10.195	0.05	Adapter 6009Hz	2	6.009	70.00	0.671
10.275	0.05	Adapter 6009Hz	2	6.009	70.00	0.671
10.535	0.05	Adapter 6009Hz	2	6.009	70.00	0.671
10.615	0.05	Adapter 6009Hz	2	6.009	70.00	0.671
10.695	0.05	Adapter 6009Hz	2	6.009	70.00	0.671
10.775	0.05	Adapter 6009Hz	2	6.009	70.00	0.671
11.035	0.05	Adapter 6009Hz	2	6.009	70.00	0.671
11.115	0.05	Adapter 6009Hz	2	6.009	70.00	0.671
11.195	0.05	Adapter 6009Hz	2	6.009	70.00	0.671
11.275	0.05	Adapter 6009Hz	2	6.009	70.00	0.671
11.535	0.05	Adapter 6009Hz	2	6.009	70.00	0.671
11.615	0.05	Adapter 6009Hz	2	6.009	70.00	0.671
11.695	0.05	Adapter 6009Hz	2	6.009	70.00	0.671
11.775	0.05	Adapter 6009Hz	2	6.009	70.00	0.671
12.035	0.05	Adapter 6009Hz	2	6.009	70.00	0.671
12.115	0.05	Adapter 6009Hz	2	6.009	70.00	0.671
12.195	0.05	Adapter 6009Hz	2	6.009	70.00	0.671
12.275	0.05	Adapter 6009Hz	2	6.009	70.00	0.671
12.535	0.05	Adapter 6009Hz	2	6.009	70.00	0.671
12.615	0.05	Adapter 6009Hz	2	6.009	70.00	0.671
12.695	0.05	Adapter 6009Hz	2	6.009	70.00	0.671
12.775	0.05	Adapter 6009Hz	2	6.009	70.00	0.671
13.035	0.05	Adapter 6009Hz	2	6.009	70.00	0.671
13.115	0.05	Adapter 6009Hz	2	6.009	70.00	0.671
13.195	0.05	Adapter 6009Hz	2	6.009	70.00	0.671
13.275	0.05	Adapter 6009Hz	2	6.009	70.00	0.671
13.535	0.05	Adapter 6009Hz	2	6.009	70.00	0.671
13.615	0.05	Adapter 6009Hz	2	6.009	70.00	0.671
13.695	0.05	Adapter 6009Hz	2	6.009	70.00	0.671
13.775	0.05	Adapter 6009Hz	2	6.009	70.00	0.671
14.035	0.05	Adapter 6009Hz	2	6.009	70.00	0.671
14.115	0.05	Adapter 6009Hz	2	6.009	70.00	0.671
14.195	0.05	Adapter 6009Hz	2	6.009	70.00	0.671
14.275	0.05	Adapter 6009Hz	2	6.009	70.00	0.671
14.535	0.05	Adapter 6009Hz	2	6.009	70.00	0.671
14.615	0.05	Adapter 6009Hz	2	6.009	70.00	0.671
14.695	0.05	Adapter 6009Hz	2	6.009	70.00	0.671
14.775	0.05	Adapter 6009Hz	2	6.009	70.00	0.671
17.539	0.05	Adapter 2423Hz	3	2.423	70.00	0.285
17.619	0.05	Adapter 2423Hz	3	2.423	70.00	0.285
17.699	0.05	Adapter 2423Hz	3	2.423	70.00	0.285
17.779	0.05	Adapter 2423Hz	3	2.423	70.00	0.285
18.039	0.05	Adapter 2423Hz	3	2.423	70.00	0.285
18.119	0.05	Adapter 2423Hz	3	2.423	70.00	0.285
18.199	0.05	Adapter 2423Hz	3	2.423	70.00	0.285
18.279	0.05	Adapter 2423Hz	3	2.423	70.00	0.285
18.539	0.05	Adapter 2423Hz	3	2.423	70.00	0.285
18.619	0.05	Adapter 2423Hz	3	2.423	70.00	0.285
18.699	0.05	Adapter 2423Hz	3	2.423	70.00	0.285
18.779	0.05	Adapter 2423Hz	3	2.423	70.00	0.285
19.039	0.05	Adapter 2423Hz	3	2.423	70.00	0.285
19.119	0.05	Adapter 2423Hz	3	2.423	70.00	0.285
19.199	0.05	Adapter 2423Hz	3	2.423	70.00	0.285
19.279	0.05	Adapter 2423Hz	3	2.423	70.00	0.285
19.539	0.05	Adapter 2423Hz	3	2.423	70.00	0.285
19.619	0.05	Adapter 2423Hz	3	2.423	70.00	0.285
19.699	0.05	Adapter 2423Hz	3	2.423	70.00	0.285
19.779	0.05	Adapter 2423Hz	3	2.423	70.00	0.285
20.039	0.05	Adapter 2423Hz	3	2.423	70.00	0.285
20.119	0.05	Adapter 2423Hz	3	2.423	70.00	0.285
20.199	0.05	Adapter 2423Hz	3	2.423	70.00	0.285
20.279	0.05	Adapter 2423Hz	3	2.423	70.00	0.285
20.539	0.05	Adapter 2423Hz	3	2.423	70.00	0.285
20.619	0.05	Adapter 2423Hz	3	2.423	70.00	0.285
20.699	0.05	Adapter 2423Hz	3	2.423	70.00	0.285
20.779	0.05	Adapter 2423Hz	3	2.423	70.00	0.285
21.039	0.05	Adapter 2423Hz	3	2.423	70.00	0.285
21.119	0.05	Adapter 2423Hz	3	2.423	70.00	0.285
21.199	0.05	Adapter 2423Hz	3	2.423	70.00	0.285
21.279	0.05	Adapter 2423Hz	3	2.423	70.00	0.285
21.539	0.05	Adapter 2423Hz	3	2.423	70.00	0.285
21.619	0.05	Adapter 2423Hz	3	2.423	70.00	0.285
21.699	0.05	Adapter 2423Hz	3	2.423	70.00	0.285
21.779	0.05	Adapter 2423Hz	3	2.423	70.00	0.285
22.039	0.05	Adapter 2423Hz	3	2.423	70.00	0.285
22.119	0.05	Adapter 2423Hz	3	2.423	70.00	0.285
22.199	0.05	Adapter 2423Hz	3	2.423	70.00	0.285
22.279	0.05	Adapter 2423Hz	3	2.423	70.00	0.285
32.53	0.05	Adapter 3839Hz Probe 3839Hz	5	3.839	70.00	0.437
32.61	0.05	Adapter 3839Hz Probe 3839Hz	5	3.839	70.00	0.437
32.69	0.05	Adapter 3839Hz Probe 3839Hz	5	3.839	70.00	0.437
32.77	0.05	Adapter 3839Hz Probe 3839Hz	5	3.839	70.00	0.437
32.85	0.05	Adapter 3839Hz Probe 3839Hz	5	3.839	70.00	0.437
33.03	0.05	Adapter 3839Hz Probe 3839Hz	5	3.839	70.00	0.437
33.11	0.05	Adapter 3839Hz Probe 3839Hz	5	3.839	70.00	0.437
33.19	0.05	Adapter 3839Hz Probe 3839Hz	5	3.839	70.00	0.437
33.27	0.05	Adapter 3839Hz Probe 3839Hz	5	3.839	70.00	0.437
33.35	0.05	Adapter 3839Hz Probe 3839Hz	5	3.839	70.00	0.437
33.53	0.05	Adapter 3839Hz Probe 3839Hz	5	3.839	70.00	0.437
33.61	0.05	Adapter 3839Hz Probe 3839Hz	5	3.839	70.00	0.437
33.69	0.05	Adapter 3839Hz Probe 3839Hz	5	3.839	70.00	0.437
33.77	0.05	Adapter 3839Hz Probe 3839Hz	5	3.839	70.00	0.437
33.85	0.05	Adapter 3839Hz Probe 3839Hz	5	3.839	70.00	0.437
34.03	0.05	Adapter 3839Hz Probe 3839Hz	5	3.839	70.00	0.437
34.11	0.05	Adapter 3839Hz Probe 3839Hz	5	3.839	70.00	0.437
34.19	0.05	Adapter 3839Hz Probe 3839Hz	5	3.839	70.00	0.437
34.27	0.05	Adapter 3839Hz Probe 3839Hz	5	3.839	70.00	0.437
34.35	0.05	Adapter 3839Hz Probe 3839Hz	5	3.839	70.00	0.437
34.53	0.05	Adapter 3839Hz Probe 3839Hz	5	3.839	70.00	0.437
34.61	0.05	Adapter 3839Hz Probe 3839Hz	5	3.839	70.00	0.437
34.69	0.05	Adapter 3839Hz Probe 3839Hz	5	3.839	70.00	0.437
34.77	0.05	Adapter 3839Hz Probe 3839Hz	5	3.839	70.00	0.437
34.85	0.05	Adapter 3839Hz Probe 3839Hz	5	3.839	70.00	0.437
35.03	0.05	Adapter 3839Hz Probe 3839Hz	5	3.839	70.00	0.437
35.11	0.05	Adapter 3839Hz Probe 3839Hz	5	3.839	70.00	0.437
35.19	0.05	Adapter 3839Hz Probe 3839Hz	5	3.839	70.00	0.437
35.27	0.05	Adapter 3839Hz Probe 3839Hz	5	3.839	70.00	0.437
35.35	0.05	Adapter 3839Hz Probe 3839Hz	5	3.839	70.00	0.437
35.53	0.05	Adapter 3839Hz Probe 3839Hz	5	3.839	70.00	0.437
35.61	0.05	Adapter 3839Hz Probe 3839Hz	5	3.839	70.00	0.437
35.69	0.05	Adapter 3839Hz Probe 3839Hz	5	3.839	70.00	0.437
35.77	0.05	Adapter 3839Hz Probe 3839Hz	5	3.839	70.00	0.437
35.85	0.05	Adapter 3839Hz Probe 3839Hz	5	3.839	70.00	0.437
36.03	0.05	Adapter 3839Hz Probe 3839Hz	5	3.839	70.00	0.437
36.11	0.05	Adapter 3839Hz Probe 3839Hz	5	3.839	70.00	0.437
36.19	0.05	Adapter 3839Hz Probe 3839Hz	5	3.839	70.00	0.437
36.27	0.05	Adapter 3839Hz Probe 3839Hz	5	3.839	70.00	0.437
36.35	0.05	Adapter 3839Hz Probe 3839Hz	5	3.839	70.00	0.437
36.53	0.05	Adapter 3839Hz Probe 3839Hz	5	3.839	70.00	0.437
36.61	0.05	Adapter 3839Hz Probe 3839Hz	5	3.839	70.00	0.437
36.69	0.05	Adapter 3839Hz Probe 3839Hz	5	3.839	70.00	0.437
36.77	0.05	Adapter 3839Hz Probe 3839Hz	5	3.839	70.00	0.437
36.85	0.05	Adapter 3839Hz Probe 3839Hz	5	3.839	70.00	0.437
37.03	0.05	Adapter 3839Hz Probe 3839Hz	5	3.839	70.00	0.437
37.11	0.05	Adapter 3839Hz Probe 3839Hz	5	3.839	70.00	0.437
37.19	0.05	Adapter 3839Hz Probe 3839Hz	5	3.839	70.00	0.437
37.27	0.05	Adapter 3839Hz Probe 3839Hz	5	3.839	70.00	0.437
37.35	0.05	Adapter 3839Hz Probe 3839Hz	5	3.839	70.00	0.437
40.003	0.05	Adapter 3839Hz	6	3.839	70.00	0.437
40.083	0.05	Adapter 3839Hz	6	3.839	70.00	0.437
40.163	0.05	Adapter 3839Hz	6	3.839	70.00	0.437
40.243	0.05	Adapter 3839Hz	6	3.839	70.00	0.437
40.503	0.05	Adapter 3839Hz	6	3.839	70.00	0.437
40.583	0.05	Adapter 3839Hz	6	3.839	70.00	0.437
40.663	0.05	Adapter 3839Hz	6	3.839	70.00	0.437
40.743	0.05	Adapter 3839Hz	6	3.839	70.00	0.437
41.003	0.05	Adapter 3839Hz	6	3.839	70.00	0.437
41.083	0.05	Adapter 3839Hz	6	3.839	70.00	0.437
41.163	0.05	Adapter 3839Hz	6	3.839	70.00	0.437
41.243	0.05	Adapter 3839Hz	6	3.839	70.00	0.437
41.503	0.05	Adapter 3839Hz	6	3.839	70.00	0.437
41.583	0.05	Adapter 3839Hz	6	3.839	70.00	0.437
41.663	0.05	Adapter 3839Hz	6	3.839	70.00	0.437
41.743	0.05	Adapter 3839Hz	6	3.839	70.00	0.437
42.003	0.05	Adapter 3839Hz	6	3.839	70.00	0.437
42.083	0.05	Adapter 3839Hz	6	3.839	70.00	0.437
42.163	0.05	Adapter 3839Hz	6	3.839	70.00	0.437
42.243	0.05	Adapter 3839Hz	6	3.839	70.00	0.437
42.503	0.05	Adapter 3839Hz	6	3.839	70.00	0.437
42.583	0.05	Adapter 3839Hz	6	3.839	70.00	0.437
42.663	0.05	Adapter 3839Hz	6	3.839	70.00	0.437
42.743	0.05	Adapter 3839Hz	6	3.839	70.00	0.437
43.003	0.05	Adapter 3839Hz	6	3.839	70.00	0.437
43.083	0.05	Adapter 3839Hz	6	3.839	70.00	0.437
43.163	0.05	Adapter 3839Hz	6	3.839	70.00	0.437
43.243	0.05	Adapter 3839Hz	6	3.839	70.00	0.437
43.503	0.05	Adapter 3839Hz	6	3.839	70.00	0.437
43.583	0.05	Adapter 3839Hz	6	3.839	70.00	0.437
43.663	0.05	Adapter 3839Hz	6	3.839	70.00	0.437
43.743	0.05	Adapter 3839Hz	6	3.839	70.00	0.437
44.003	0.05	Adapter 3839Hz	6	3.839	70.00	0.437
44.083	0.05	Adapter 3839Hz	6	3.839	70.00	0.437
44.163	0.05	Adapter 3839Hz	6	3.839	70.00	0.437
44.243	0.05	Adapter 3839Hz	6	3.839	70.00	0.437
44.503	0.05	Adapter 3839Hz	6	3.839	70.00	0.437
44.583	0.05	Adapter 3839Hz	6	3.839	70.00	0.437
44.663	0.05	Adapter 3839Hz	6	3.839	70.00	0.437
44.743	0.05	Adapter 3839Hz	6	3.839	70.00	0.437
47.506	0.05	Adapter 1501Hz	7	1.501	70.00	0.186
47.586	0.05	Adapter 1501Hz	7	1.501	70.00	0.186
47.666	0.05	Adapter 1501Hz	7	1.501	70.00	0.186
47.746	0.05	Adapter 1501Hz	7	1.501	70.00	0.186
48.006	0.05	Adapter 1501Hz	7	1.501	70.00	0.186
48.086	0.05	Adapter 1501Hz	7	1.501	70.00	0.186
48.166	0.05	Adapter 1501Hz	7	1.501	70.00	0.186
48.246	0.05	Adapter 1501Hz	7	1.501	70.00	0.186
48.506	0.05	Adapter 1501Hz	7	1.501	70.00	0.186
48.586	0.05	Adapter 1501Hz	7	1.501	70.00	0.186
48.666	0.05	Adapter 1501Hz	7	1.501	70.00	0.186
48.746	0.05	Adapter 1501Hz	7	1.501	70.00	0.186
49.006	0.05	Adapter 1501Hz	7	1.501	70.00	0.186
49.086	0.05	Adapter 1501Hz	7	1.501	70.00	0.186
49.166	0.05	Adapter 1501Hz	7	1.501	70.00	0.186
49.246	0.05	Adapter 1501Hz	7	1.501	70.00	0.186
49.506	0.05	Adapter 1501Hz	7	1.501	70.00	0.186
49.586	0.05	Adapter 1501Hz	7	1.501	70.00	0.186
49.666	0.05	Adapter 1501Hz	7	1.501	70.00	0.186
49.746	0.05	Adapter 1501Hz	7	1.501	70.00	0.186
50.006	0.05	Adapter 1501Hz	7	1.501	70.00	0.186
50.086	0.05	Adapter 1501Hz	7	1.501	70.00	0.186
50.166	0.05	Adapter 1501Hz	7	1.501	70.00	0.186
50.246	0.05	Adapter 1501Hz	7	1.501	70.00	0.186
50.506	0.05	Adapter 1501Hz	7	1.501	70.00	0.186
50.586	0.05	Adapter 1501Hz	7	1.501	70.00	0.186
50.666	0.05	Adapter 1501Hz	7	1.501	70.00	0.186
50.746	0.05	Adapter 1501Hz	7	1.501	70.00	0.186
51.006	0.05	Adapter 1501Hz	7	1.501	70.00	0.186
51.086	0.05	Adapter 1501Hz	7	1.501	70.00	0.186
51.166	0.05	Adapter 1501Hz	7	1.501	70.00	0.186
51.246	0.05	Adapter 1501Hz	7	1.501	70.00	0.186
51.506	0.05	Adapter 1501Hz	7	1.501	70.00	0.186
51.586	0.05	Adapter 1501Hz	7	1.501	70.00	0.186
51.666	0.05	Adapter 1501Hz	7	1.501	70.00	0.186
51.746	0.05	Adapter 1501Hz	7	1.501	70.00	0.186
52.006	0.05	Adapter 1501Hz	7	1.501	70.00	0.186
52.086	0.05	Adapter 1501Hz	7	1.501	70.00	0.186
52.166	0.05	Adapter 1501Hz	7	1.501	70.00	0.186
52.246	0.05	Adapter 1501Hz	7	1.501	70.00	0.186
55.025	0.05	Adapter 2423Hz Probe 3839Hz	8	2.423	70.00	0.285
55.105	0.05	Adapter 2423Hz Probe 3839Hz	8	2.423	70.00	0.285
55.185	0.05	Adapter 2423Hz Probe 3839Hz	8	2.423	70.00	0.285
55.265	0.05	Adapter 2423Hz Probe 3839Hz	8	2.423	70.00	0.285
55.345	0.05	Adapter 2423Hz Probe 3839Hz	8	3.839	70.00	0.437
55.525	0.05	Adapter 2423Hz Probe 3839Hz	8	2.423	70.00	0.285
55.605	0.05	Adapter 2423Hz Probe 3839Hz	8	2.423	70.00	0.285
55.685	0.05	Adapter 2423Hz Probe 3839Hz	8	2.423	70.00	0.285
55.765	0.05	Adapter 2423Hz Probe 3839Hz	8	2.423	70.00	0.285
55.845	0.05	Adapter 2423Hz Probe 3839Hz	8	3.839	70.00	0.437
56.025	0.05	Adapter 2423Hz Probe 3839Hz	8	2.423	70.00	0.285
56.105	0.05	Adapter 2423Hz Probe 3839Hz	8	2.423	70.00	0.285
56.185	0.05	Adapter 2423Hz Probe 3839Hz	8	2.423	70.00	0.285
56.265	0.05	Adapter 2423Hz Probe 3839Hz	8	2.423	70.00	0.285
56.345	0.05	Adapter 2423Hz Probe 3839Hz	8	3.839	70.00	0.437
56.525	0.05	Adapter 2423Hz Probe 3839Hz	8	2.423	70.00	0.285
56.605	0.05	Adapter 2423Hz Probe 3839Hz	8	2.423	70.00	0.285
56.685	0.05	Adapter 2423Hz Probe 3839Hz	8	2.423	70.00	0.285
56.765	0.05	Adapter 2423Hz Probe 3839Hz	8	2.423	70.00	0.285
56.845	0.05	Adapter 2423Hz Probe 3839Hz	8	3.839	70.00	0.437
57.025	0.05	Adapter 2423Hz Probe 3839Hz	8	2.423	70.00	0.285
57.105	0.05	Adapter 2423Hz Probe 3839Hz	8	2.423	70.00	0.285
57.185	0.05	Adapter 2423Hz Probe 3839Hz	8	2.423	70.00	0.285
57.265	0.05	Adapter 2423Hz Probe 3839Hz	8	2.423	70.00	0.285
57.345	0.05	Adapter 2423Hz Probe 3839Hz	8	3.839	70.00	0.437
57.525	0.05	Adapter 2423Hz Probe 3839Hz	8	2.423	70.00	0.285
57.605	0.05	Adapter 2423Hz Probe 3839Hz	8	2.423	70.00	0.285
57.685	0.05	Adapter 2423Hz Probe 3839Hz	8	2.423	70.00	0.285
57.765	0.05	Adapter 2423Hz Probe 3839Hz	8	2.423	70.00	0.285
57.845	0.05	Adapter 2423Hz Probe 3839Hz	8	3.839	70.00	0.437
58.025	0.05	Adapter 2423Hz Probe 3839Hz	8	2.423	70.00	0.285
58.105	0.05	Adapter 2423Hz Probe 3839Hz	8	2.423	70.00	0.285
58.185	0.05	Adapter 2423Hz Probe 3839Hz	8	2.423	70.00	0.285
58.265	0.05	Adapter 2423Hz Probe 3839Hz	8	2.423	70.00	0.285
58.345	0.05	Adapter 2423Hz Probe 3839Hz	8	3.839	70.00	0.437
58.525	0.05	Adapter 2423Hz Probe 3839Hz	8	2.423	70.00	0.285
58.605	0.05	Adapter 2423Hz Probe 3839Hz	8	2.423	70.00	0.285
58.685	0.05	Adapter 2423Hz Probe 3839Hz	8	2.423	70.00	0.285
58.765	0.05	Adapter 2423Hz Probe 3839Hz	8	2.423	70.00	0.285
58.845	0.05	Adapter 2423Hz Probe 3839Hz	8	3.839	70.00	0.437
59.025	0.05	Adapter 2423Hz Probe 3839Hz	8	2.423	70.00	0.285
59.105	0.05	Adapter 2423Hz Probe 3839Hz	8	2.423	70.00	0.285
59.185	0.05	Adapter 2423Hz Probe 3839Hz	8	2.423	70.00	0.285
59.265	0.05	Adapter 2423Hz Probe 3839Hz	8	2.423	70.00	0.285
59.345	0.05	Adapter 2423Hz Probe 3839Hz	8	3.839	70.00	0.437
59.525	0.05	Adapter 2423Hz Probe 3839Hz	8	2.423	70.00	0.285
59.605	0.05	Adapter 2423Hz Probe 3839Hz	8	2.423	70.00	0.285
59.685	0.05	Adapter 2423Hz Probe 3839Hz	8	2.423	70.00	0.285
59.765	0.05	Adapter 2423Hz Probe 3839Hz	8	2.423	70.00	0.285
59.845	0.05	Adapter 2423Hz Probe 3839Hz	8	3.839	70.00	0.437
62.513	0.05	Adapter 1501Hz Probe 3839Hz	9	1.501	70.00	0.186
62.593	0.05	Adapter 1501Hz Probe 3839Hz	9	1.501	70.00	0.186
62.673	0.05	Adapter 1501Hz Probe 3839Hz	9	1.501	70.00	0.186
62.753	0.05	Adapter 1501Hz Probe 3839Hz	9	1.501	70.00	0.186
62.833	0.05	Adapter 1501Hz Probe 3839Hz	9	3.839	70.00	0.437
63.013	0.05	Adapter 1501Hz Probe 3839Hz	9	1.501	70.00	0.186
63.093	0.05	Adapter 1501Hz Probe 3839Hz	9	1.501	70.00	0.186
63.173	0.05	Adapter 1501Hz Probe 3839Hz	9	1.501	70.00	0.186
63.253	0.05	Adapter 1501Hz Probe 3839Hz	9	1.501	70.00	0.186
63.333	0.05	Adapter 1501Hz Probe 3839Hz	9	3.839	70.00	0.437
63.513	0.05	Adapter 1501Hz Probe 3839Hz	9	1.501	70.00	0.186
63.593	0.05	Adapter 1501Hz Probe 3839Hz	9	1.501	70.00	0.186
63.673	0.05	Adapter 1501Hz Probe 3839Hz	9	1.501	70.00	0.186
63.753	0.05	Adapter 1501Hz Probe 3839Hz	9	1.501	70.00	0.186
63.833	0.05	Adapter 1501Hz Probe 3839Hz	9	3.839	70.00	0.437
64.013	0.05	Adapter 1501Hz Probe 3839Hz	9	1.501	70.00	0.186
64.093	0.05	Adapter 1501Hz Probe 3839Hz	9	1.501	70.00	0.186
64.173	0.05	Adapter 1501Hz Probe 3839Hz	9	1.501	70.00	0.186
64.253	0.05	Adapter 1501Hz Probe 3839Hz	9	1.501	70.00	0.186
64.333	0.05	Adapter 1501Hz Probe 3839Hz	9	3.839	70.00	0.437
64.513	0.05	Adapter 1501Hz Probe 3839Hz	9	1.501	70.00	0.186
64.593	0.05	Adapter 1501Hz Probe 3839Hz	9	1.501	70.00	0.186
64.673	0.05	Adapter 1501Hz Probe 3839Hz	9	1.501	70.00	0.186
64.753	0.05	Adapter 1501Hz Probe 3839Hz	9	1.501	70.00	0.186
64.833	0.05	Adapter 1501Hz Probe 3839Hz	9	3.839	70.00	0.437
65.013	0.05	Adapter 1501Hz Probe 3839Hz	9	1.501	70.00	0.186
65.093	0.05	Adapter 1501Hz Probe 3839Hz	9	1.501	70.00	0.186
65.173	0.05	Adapter 1501Hz Probe 3839Hz	9	1.501	70.00	0.186
65.253	0.05	Adapter 1501Hz Probe 3839Hz	9	1.501	70.00	0.186
65.333	0.05	Adapter 1501Hz Probe 3839Hz	9	3.839	70.00	0.437
65.513	0.05	Adapter 1501Hz Probe 3839Hz	9	1.501	70.00	0.186
65.593	0.05	Adapter 1501Hz Probe 3839Hz	9	1.501	70.00	0.186
65.673	0.05	Adapter 1501Hz Probe 3839Hz	9	1.501	70.00	0.186
65.753	0.05	Adapter 1501Hz Probe 3839Hz	9	1.501	70.00	0.186
65.833	0.05	Adapter 1501Hz Probe 3839Hz	9	3.839	70.00	0.437
66.013	0.05	Adapter 1501Hz Probe 3839Hz	9	1.501	70.00	0.186
66.093	0.05	Adapter 1501Hz Probe 3839Hz	9	1.501	70.00	0.186
66.173	0.05	Adapter 1501Hz Probe 3839Hz	9	1.501	70.00	0.186
66.253	0.05	Adapter 1501Hz Probe 3839Hz	9	1.501	70.00	0.186
66.333	0.05	Adapter 1501Hz Probe 3839Hz	9	3.839	70.00	0.437
66.513	0.05	Adapter 1501Hz Probe 3839Hz	9	1.501	70.00	0.186
66.593	0.05	Adapter 1501Hz Probe 3839Hz	9	1.501	70.00	0.186
66.673	0.05	Adapter 1501Hz Probe 3839Hz	9	1.501	70.00	0.186
66.753	0.05	Adapter 1501Hz Probe 3839Hz	9	1.501	70.00	0.186
66.833	0.05	Adapter 1501Hz Probe 3839Hz	9	3.839	70.00	0.437
67.013	0.05	Adapter 1501Hz Probe 3839Hz	9	1.501	70.00	0.186
67.093	0.05	Adapter 1501Hz Probe 3839Hz	9	1.501	70.00	0.186
67.173	0.05	Adapter 1501Hz Probe 3839Hz	9	1.501	70.00	0.186
67.253	0.05	Adapter 1501Hz Probe 3839Hz	9	1.501	70.00	0.186
67.333	0.05	Adapter 1501Hz Probe 3839Hz	9	3.839	70.00	0.437
70.353	0.05	Probe 3839Hz	10	3.839	70.00	0.437
70.853	0.05	Probe 3839Hz	10	3.839	70.00	0.437
71.353	0.05	Probe 3839Hz	10	3.839	70.00	0.437
71.853	0.05	Probe 3839Hz	10	3.839	70.00	0.437
72.353	0.05	Probe 3839Hz	10	3.839	70.00	0.437
72.853	0.05	Probe 3839Hz	10	3.839	70.00	0.437
73.353	0.05	Probe 3839Hz	10	3.839	70.00	0.437
73.853	0.05	Probe 3839Hz	10	3.839	70.00	0.437
74.353	0.05	Probe 3839Hz	10	3.839	70.00	0.437
74.853	0.05	Probe 3839Hz	10	3.839	70.00	0.437
77.536	0.05	Adapter 507Hz	11	0.507	70.00	0.079
77.616	0.05	Adapter 507Hz	11	0.507	70.00	0.079
77.696	0.05	Adapter 507Hz	11	0.507	70.00	0.079
77.776	0.05	Adapter 507Hz	11	0.507	70.00	0.079
78.036	0.05	Adapter 507Hz	11	0.507	70.00	0.079
78.116	0.05	Adapter 507Hz	11	0.507	70.00	0.079
78.196	0.05	Adapter 507Hz	11	0.507	70.00	0.079
78.276	0.05	Adapter 507Hz	11	0.507	70.00	0.079
78.536	0.05	Adapter 507Hz	11	0.507	70.00	0.079
78.616	0.05	Adapter 507Hz	11	0.507	70.00	0.079
78.696	0.05	Adapter 507Hz	11	0.507	70.00	0.079
78.776	0.05	Adapter 507Hz	11	0.507	70.00	0.079
79.036	0.05	Adapter 507Hz	11	0.507	70.00	0.079
79.116	0.05	Adapter 507Hz	11	0.507	70.00	0.079
79.196	0.05	Adapter 507Hz	11	0.507	70.00	0.079
79.276	0.05	Adapter 507Hz	11	0.507	70.00	0.079
79.536	0.05	Adapter 507Hz	11	0.507	70.00	0.079
79.616	0.05	Adapter 507Hz	11	0.507	70.00	0.079
79.696	0.05	Adapter 507Hz	11	0.507	70.00	0.079
79.776	0.05	Adapter 507Hz	11	0.507	70.00	0.079
80.036	0.05	Adapter 507Hz	11	0.507	70.00	0.079
80.116	0.05	Adapter 507Hz	11	0.507	70.00	0.079
80.196	0.05	Adapter 507Hz	11	0.507	70.00	0.079
80.276	0.05	Adapter 507Hz	11	0.507	70.00	0.079
80.536	0.05	Adapter 507Hz	11	0.507	70.00	0.079
80.616	0.05	Adapter 507Hz	11	0.507	70.00	0.079
80.696	0.05	Adapter 507Hz	11	0.507	70.00	0.079
80.776	0.05	Adapter 507Hz	11	0.507	70.00	0.079
81.036	0.05	Adapter 507Hz	11	0.507	70.00	0.079
81.116	0.05	Adapter 507Hz	11	0.507	70.00	0.079
81.196	0.05	Adapter 507Hz	11	0.507	70.00	0.079
81.276	0.05	Adapter 507Hz	11	0.507	70.00	0.079
81.536	0.05	Adapter 507Hz	11	0.507	70.00	0.079
81.616	0.05	Adapter 507Hz	11	0.507	70.00	0.079
81.696	0.05	Adapter 507Hz	11	0.507	70.00	0.079
81.776	0.05	Adapter 507Hz	11	0.507	70.00	0.079
82.036	0.05	Adapter 507Hz	11	0.507	70.00	0.079
82.116	0.05	Adapter 507Hz	11	0.507	70.00	0.079
82.196	0.05	Adapter 507Hz	11	0.507	70.00	0.079
82.276	0.05	Adapter 507Hz	11	0.507	70.00	0.079
85.04	0.05	Adapter 251Hz	12	0.251	70.00	0.052
85.12	0.05	Adapter 251Hz	12	0.251	70.00	0.052
85.2	0.05	Adapter 251Hz	12	0.251	70.00	0.052
85.28	0.05	Adapter 251Hz	12	0.251	70.00	0.052
85.54	0.05	Adapter 251Hz	12	0.251	70.00	0.052
85.62	0.05	Adapter 251Hz	12	0.251	70.00	0.052
85.7	0.05	Adapter 251Hz	12	0.251	70.00	0.052
85.78	0.05	Adapter 251Hz	12	0.251	70.00	0.052
86.04	0.05	Adapter 251Hz	12	0.251	70.00	0.052
86.12	0.05	Adapter 251Hz	12	0.251	70.00	0.052
86.2	0.05	Adapter 251Hz	12	0.251	70.00	0.052
86.28	0.05	Adapter 251Hz	12	0.251	70.00	0.052
86.54	0.05	Adapter 251Hz	12	0.251	70.00	0.052
86.62	0.05	Adapter 251Hz	12	0.251	70.00	0.052
86.7	0.05	Adapter 251Hz	12	0.251	70.00	0.052
86.78	0.05	Adapter 251Hz	12	0.251	70.00	0.052
87.04	0.05	Adapter 251Hz	12	0.251	70.00	0.052
87.12	0.05	Adapter 251Hz	12	0.251	70.00	0.052
87.2	0.05	Adapter 251Hz	12	0.251	70.00	0.052
87.28	0.05	Adapter 251Hz	12	0.251	70.00	0.052
87.54	0.05	Adapter 251Hz	12	0.251	70.00	0.052
87.62	0.05	Adapter 251Hz	12	0.251	70.00	0.052
87.7	0.05	Adapter 251Hz	12	0.251	70.00	0.052
87.78	0.05	Adapter 251Hz	12	0.251	70.00	0.052
88.04	0.05	Adapter 251Hz	12	0.251	70.00	0.052
88.12	0.05	Adapter 251Hz	12	0.251	70.00	0.052
88.2	0.05	Adapter 251Hz	12	0.251	70.00	0.052
88.28	0.05	Adapter 251Hz	12	0.251	70.00	0.052
88.54	0.05	Adapter 251Hz	12	0.251	70.00	0.052
88.62	0.05	Adapter 251Hz	12	0.251	70.00	0.052
88.7	0.05	Adapter 251Hz	12	0.251	70.00	0.052
88.78	0.05	Adapter 251Hz	12	0.251	70.00	0.052
89.04	0.05	Adapter 251Hz	12	0.251	70.00	0.052
89.12	0.05	Adapter 251Hz	12	0.251	70.00	0.052
89.2	0.05	Adapter 251Hz	12	0.251	70.00	0.052
89.28	0.05	Adapter 251Hz	12	0.251	70.00	0.052
89.54	0.05	Adapter 251Hz	12	0.251	70.00	0.052
89.62	0.05	Adapter 251Hz	12	0.251	70.00	0.052
89.7	0.05	Adapter 251Hz	12	0.251	70.00	0.052
89.78	0.05	Adapter 251Hz	12	0.251	70.00	0.052
99.985	0.05	Adapter 899Hz	14	0.899	70.00	0.121
100.065	0.05	Adapter 899Hz	14	0.899	70.00	0.121
100.145	0.05	Adapter 899Hz	14	0.899	70.00	0.121
100.225	0.05	Adapter 899Hz	14	0.899	70.00	0.121
100.485	0.05	Adapter 899Hz	14	0.899	70.00	0.121
100.565	0.05	Adapter 899Hz	14	0.899	70.00	0.121
100.645	0.05	Adapter 899Hz	14	0.899	70.00	0.121
100.725	0.05	Adapter 899Hz	14	0.899	70.00	0.121
100.985	0.05	Adapter 899Hz	14	0.899	70.00	0.121
101.065	0.05	Adapter 899Hz	14	0.899	70.00	0.121
101.145	0.05	Adapter 899Hz	14	0.899	70.00	0.121
101.225	0.05	Adapter 899Hz	14	0.899	70.00	0.121
101.485	0.05	Adapter 899Hz	14	0.899	70.00	0.121
101.565	0.05	Adapter 899Hz	14	0.899	70.00	0.121
101.645	0.05	Adapter 899Hz	14	0.899	70.00	0.121
101.725	0.05	Adapter 899Hz	14	0.899	70.00	0.121
101.985	0.05	Adapter 899Hz	14	0.899	70.00	0.121
102.065	0.05	Adapter 899Hz	14	0.899	70.00	0.121
102.145	0.05	Adapter 899Hz	14	0.899	70.00	0.121
102.225	0.05	Adapter 899Hz	14	0.899	70.00	0.121
102.485	0.05	Adapter 899Hz	14	0.899	70.00	0.121
102.565	0.05	Adapter 899Hz	14	0.899	70.00	0.121
102.645	0.05	Adapter 899Hz	14	0.899	70.00	0.121
102.725	0.05	Adapter 899Hz	14	0.899	70.00	0.121
102.985	0.05	Adapter 899Hz	14	0.899	70.00	0.121
103.065	0.05	Adapter 899Hz	14	0.899	70.00	0.121
103.145	0.05	Adapter 899Hz	14	0.899	70.00	0.121
103.225	0.05	Adapter 899Hz	14	0.899	70.00	0.121
103.485	0.05	Adapter 899Hz	14	0.899	70.00	0.121
103.565	0.05	Adapter 899Hz	14	0.899	70.00	0.121
103.645	0.05	Adapter 899Hz	14	0.899	70.00	0.121
103.725	0.05	Adapter 899Hz	14	0.899	70.00	0.121
103.985	0.05	Adapter 899Hz	14	0.899	70.00	0.121
104.065	0.05	Adapter 899Hz	14	0.899	70.00	0.121
104.145	0.05	Adapter 899Hz	14	0.899	70.00	0.121
104.225	0.05	Adapter 899Hz	14	0.899	70.00	0.121
104.485	0.05	Adapter 899Hz	14	0.899	70.00	0.121
104.565	0.05	Adapter 899Hz	14	0.899	70.00	0.121
104.645	0.05	Adapter 899Hz	14	0.899	70.00	0.121
104.725	0.05	Adapter 899Hz	14	0.899	70.00	0.121
107.488	0.05	Adapter 899Hz Probe 3839Hz	15	0.899	70.00	0.121
107.568	0.05	Adapter 899Hz Probe 3839Hz	15	0.899	70.00	0.121
107.648	0.05	Adapter 899Hz Probe 3839Hz	15	0.899	70.00	0.121
107.728	0.05	Adapter 899Hz Probe 3839Hz	15	0.899	70.00	0.121
107.808	0.05	Adapter 899Hz Probe 3839Hz	15	3.839	70.00	0.437
107.988	0.05	Adapter 899Hz Probe 3839Hz	15	0.899	70.00	0.121
108.068	0.05	Adapter 899Hz Probe 3839Hz	15	0.899	70.00	0.121
108.148	0.05	Adapter 899Hz Probe 3839Hz	15	0.899	70.00	0.121
108.228	0.05	Adapter 899Hz Probe 3839Hz	15	0.899	70.00	0.121
108.308	0.05	Adapter 899Hz Probe 3839Hz	15	3.839	70.00	0.437
108.488	0.05	Adapter 899Hz Probe 3839Hz	15	0.899	70.00	0.121
108.568	0.05	Adapter 899Hz Probe 3839Hz	15	0.899	70.00	0.121
108.648	0.05	Adapter 899Hz Probe 3839Hz	15	0.899	70.00	0.121
108.728	0.05	Adapter 899Hz Probe 3839Hz	15	0.899	70.00	0.121
108.808	0.05	Adapter 899Hz Probe 3839Hz	15	3.839	70.00	0.437
108.988	0.05	Adapter 899Hz Probe 3839Hz	15	0.899	70.00	0.121
109.068	0.05	Adapter 899Hz Probe 3839Hz	15	0.899	70.00	0.121
109.148	0.05	Adapter 899Hz Probe 3839Hz	15	0.899	70.00	0.121
109.228	0.05	Adapter 899Hz Probe 3839Hz	15	0.899	70.00	0.121
109.308	0.05	Adapter 899Hz Probe 3839Hz	15	3.839	70.00	0.437
109.488	0.05	Adapter 899Hz Probe 3839Hz	15	0.899	70.00	0.121
109.568	0.05	Adapter 899Hz Probe 3839Hz	15	0.899	70.00	0.121
109.648	0.05	Adapter 899Hz Probe 3839Hz	15	0.899	70.00	0.121
109.728	0.05	Adapter 899Hz Probe 3839Hz	15	0.899	70.00	0.121
109.808	0.05	Adapter 899Hz Probe 3839Hz	15	3.839	70.00	0.437
109.988	0.05	Adapter 899Hz Probe 3839Hz	15	0.899	70.00	0.121
110.068	0.05	Adapter 899Hz Probe 3839Hz	15	0.899	70.00	0.121
110.148	0.05	Adapter 899Hz Probe 3839Hz	15	0.899	70.00	0.121
110.228	0.05	Adapter 899Hz Probe 3839Hz	15	0.899	70.00	0.121
110.308	0.05	Adapter 899Hz Probe 3839Hz	15	3.839	70.00	0.437
110.488	0.05	Adapter 899Hz Probe 3839Hz	15	0.899	70.00	0.121
110.568	0.05	Adapter 899Hz Probe 3839Hz	15	0.899	70.00	0.121
110.648	0.05	Adapter 899Hz Probe 3839Hz	15	0.899	70.00	0.121
110.728	0.05	Adapter 899Hz Probe 3839Hz	15	0.899	70.00	0.121
110.808	0.05	Adapter 899Hz Probe 3839Hz	15	3.839	70.00	0.437
110.988	0.05	Adapter 899Hz Probe 3839Hz	15	0.899	70.00	0.121
111.068	0.05	Adapter 899Hz Probe 3839Hz	15	0.899	70.00	0.121
111.148	0.05	Adapter 899Hz Probe 3839Hz	15	0.899	70.00	0.121
111.228	0.05	Adapter 899Hz Probe 3839Hz	15	0.899	70.00	0.121
111.308	0.05	Adapter 899Hz Probe 3839Hz	15	3.839	70.00	0.437
111.488	0.05	Adapter 899Hz Probe 3839Hz	15	0.899	70.00	0.121
111.568	0.05	Adapter 899Hz Probe 3839Hz	15	0.899	70.00	0.121
111.648	0.05	Adapter 899Hz Probe 3839Hz	15	0.899	70.00	0.121
111.728	0.05	Adapter 899Hz Probe 3839Hz	15	0.899	70.00	0.121
111.808	0.05	Adapter 899Hz Probe 3839Hz	15	3.839	70.00	0.437
111.988	0.05	Adapter 899Hz Probe 3839Hz	15	0.899	70.00	0.121
112.068	0.05	Adapter 899Hz Probe 3839Hz	15	0.899	70.00	0.121
112.148	0.05	Adapter 899Hz Probe 3839Hz	15	0.899	70.00	0.121
112.228	0.05	Adapter 899Hz Probe 3839Hz	15	0.899	70.00	0.121
112.308	0.05	Adapter 899Hz Probe 3839Hz	15	3.839	70.00	0.437
115.008	0.05	Adapter 507Hz Probe 3839Hz	16	0.507	70.00	0.079
115.088	0.05	Adapter 507Hz Probe 3839Hz	16	0.507	70.00	0.079
115.168	0.05	Adapter 507Hz Probe 3839Hz	16	0.507	70.00	0.079
115.248	0.05	Adapter 507Hz Probe 3839Hz	16	0.507	70.00	0.079
115.328	0.05	Adapter 507Hz Probe 3839Hz	16	3.839	70.00	0.437
115.508	0.05	Adapter 507Hz Probe 3839Hz	16	0.507	70.00	0.079
115.588	0.05	Adapter 507Hz Probe 3839Hz	16	0.507	70.00	0.079
115.668	0.05	Adapter 507Hz Probe 3839Hz	16	0.507	70.00	0.079
115.748	0.05	Adapter 507Hz Probe 3839Hz	16	0.507	70.00	0.079
115.828	0.05	Adapter 507Hz Probe 3839Hz	16	3.839	70.00	0.437
116.008	0.05	Adapter 507Hz Probe 3839Hz	16	0.507	70.00	0.079
116.088	0.05	Adapter 507Hz Probe 3839Hz	16	0.507	70.00	0.079
116.168	0.05	Adapter 507Hz Probe 3839Hz	16	0.507	70.00	0.079
116.248	0.05	Adapter 507Hz Probe 3839Hz	16	0.507	70.00	0.079
116.328	0.05	Adapter 507Hz Probe 3839Hz	16	3.839	70.00	0.437
116.508	0.05	Adapter 507Hz Probe 3839Hz	16	0.507	70.00	0.079
116.588	0.05	Adapter 507Hz Probe 3839Hz	16	0.507	70.00	0.079
116.668	0.05	Adapter 507Hz Probe 3839Hz	16	0.507	70.00	0.079
116.748	0.05	Adapter 507Hz Probe 3839Hz	16	0.507	70.00	0.079
116.828	0.05	Adapter 507Hz Probe 3839Hz	16	3.839	70.00	0.437
117.008	0.05	Adapter 507Hz Probe 3839Hz	16	0.507	70.00	0.079
117.088	0.05	Adapter 507Hz Probe 3839Hz	16	0.507	70.00	0.079
117.168	0.05	Adapter 507Hz Probe 3839Hz	16	0.507	70.00	0.079
117.248	0.05	Adapter 507Hz Probe 3839Hz	16	0.507	70.00	0.079
117.328	0.05	Adapter 507Hz Probe 3839Hz	16	3.839	70.00	0.437
117.508	0.05	Adapter 507Hz Probe 3839Hz	16	0.507	70.00	0.079
117.588	0.05	Adapter 507Hz Probe 3839Hz	16	0.507	70.00	0.079
117.668	0.05	Adapter 507Hz Probe 3839Hz	16	0.507	70.00	0.079
117.748	0.05	Adapter 507Hz Probe 3839Hz	16	0.507	70.00	0.079
117.828	0.05	Adapter 507Hz Probe 3839Hz	16	3.839	70.00	0.437
118.008	0.05	Adapter 507Hz Probe 3839Hz	16	0.507	70.00	0.079
118.088	0.05	Adapter 507Hz Probe 3839Hz	16	0.507	70.00	0.079
118.168	0.05	Adapter 507Hz Probe 3839Hz	16	0.507	70.00	0.079
118.248	0.05	Adapter 507Hz Probe 3839Hz	16	0.507	70.00	0.079
118.328	0.05	Adapter 507Hz Probe 3839Hz	16	3.839	70.00	0.437
118.508	0.05	Adapter 507Hz Probe 3839Hz	16	0.507	70.00	0.079
118.588	0.05	Adapter 507Hz Probe 3839Hz	16	0.507	70.00	0.079
118.668	0.05	Adapter 507Hz Probe 3839Hz	16	0.507	70.00	0.079
118.748	0.05	Adapter 507Hz Probe 3839Hz	16	0.507	70.00	0.079
118.828	0.05	Adapter 507Hz Probe 3839Hz	16	3.839	70.00	0.437
119.008	0.05	Adapter 507Hz Probe 3839Hz	16	0.507	70.00	0.079
119.088	0.05	Adapter 507Hz Probe 3839Hz	16	0.507	70.00	0.079
119.168	0.05	Adapter 507Hz Probe 3839Hz	16	0.507	70.00	0.079
119.248	0.05	Adapter 507Hz Probe 3839Hz	16	0.507	70.00	0.079
119.328	0.05	Adapter 507Hz Probe 3839Hz	16	3.839	70.00	0.437
119.508	0.05	Adapter 507Hz Probe 3839Hz	16	0.507	70.00	0.079
119.588	0.05	Adapter 507Hz Probe 3839Hz	16	0.507	70.00	0.079
119.668	0.05	Adapter 507Hz Probe 3839Hz	16	0.507	70.00	0.079
119.748	0.05	Adapter 507Hz Probe 3839Hz	16	0.507	70.00	0.079
119.828	0.05	Adapter 507Hz Probe 3839Hz	16	3.839	70.00	0.437
122.511	0.05	Adapter 3839Hz Probe 3839Hz	17	3.839	70.00	0.437
122.591	0.05	Adapter 3839Hz Probe 3839Hz	17	3.839	70.00	0.437
122.671	0.05	Adapter 3839Hz Probe 3839Hz	17	3.839	70.00	0.437
122.751	0.05	Adapter 3839Hz Probe 3839Hz	17	3.839	70.00	0.437
122.831	0.05	Adapter 3839Hz Probe 3839Hz	17	3.839	70.00	0.437
123.011	0.05	Adapter 3839Hz Probe 3839Hz	17	3.839	70.00	0.437
123.091	0.05	Adapter 3839Hz Probe 3839Hz	17	3.839	70.00	0.437
123.171	0.05	Adapter 3839Hz Probe 3839Hz	17	3.839	70.00	0.437
123.251	0.05	Adapter 3839Hz Probe 3839Hz	17	3.839	70.00	0.437
123.331	0.05	Adapter 3839Hz Probe 3839Hz	17	3.839	70.00	0.437
123.511	0.05	Adapter 3839Hz Probe 3839Hz	17	3.839	70.00	0.437
123.591	0.05	Adapter 3839Hz Probe 3839Hz	17	3.839	70.00	0.437
123.671	0.05	Adapter 3839Hz Probe 3839Hz	17	3.839	70.00	0.437
123.751	0.05	Adapter 3839Hz Probe 3839Hz	17	3.839	70.00	0.437
123.831	0.05	Adapter 3839Hz Probe 3839Hz	17	3.839	70.00	0.437
124.011	0.05	Adapter 3839Hz Probe 3839Hz	17	3.839	70.00	0.437
124.091	0.05	Adapter 3839Hz Probe 3839Hz	17	3.839	70.00	0.437
124.171	0.05	Adapter 3839Hz Probe 3839Hz	17	3.839	70.00	0.437
124.251	0.05	Adapter 3839Hz Probe 3839Hz	17	3.839	70.00	0.437
124.331	0.05	Adapter 3839Hz Probe 3839Hz	17	3.839	70.00	0.437
124.511	0.05	Adapter 3839Hz Probe 3839Hz	17	3.839	70.00	0.437
124.591	0.05	Adapter 3839Hz Probe 3839Hz	17	3.839	70.00	0.437
124.671	0.05	Adapter 3839Hz Probe 3839Hz	17	3.839	70.00	0.437
124.751	0.05	Adapter 3839Hz Probe 3839Hz	17	3.839	70.00	0.437
124.831	0.05	Adapter 3839Hz Probe 3839Hz	17	3.839	70.00	0.437
125.011	0.05	Adapter 3839Hz Probe 3839Hz	17	3.839	70.00	0.437
125.091	0.05	Adapter 3839Hz Probe 3839Hz	17	3.839	70.00	0.437
125.171	0.05	Adapter 3839Hz Probe 3839Hz	17	3.839	70.00	0.437
125.251	0.05	Adapter 3839Hz Probe 3839Hz	17	3.839	70.00	0.437
125.331	0.05	Adapter 3839Hz Probe 3839Hz	17	3.839	70.00	0.437
125.511	0.05	Adapter 3839Hz Probe 3839Hz	17	3.839	70.00	0.437
125.591	0.05	Adapter 3839Hz Probe 3839Hz	17	3.839	70.00	0.437
125.671	0.05	Adapter 3839Hz Probe 3839Hz	17	3.839	70.00	0.437
125.751	0.05	Adapter 3839Hz Probe 3839Hz	17	3.839	70.00	0.437
125.831	0.05	Adapter 3839Hz Probe 3839Hz	17	3.839	70.00	0.437
126.011	0.05	Adapter 3839Hz Probe 3839Hz	17	3.839	70.00	0.437
126.091	0.05	Adapter 3839Hz Probe 3839Hz	17	3.839	70.00	0.437
126.171	0.05	Adapter 3839Hz Probe 3839Hz	17	3.839	70.00	0.437
126.251	0.05	Adapter 3839Hz Probe 3839Hz	17	3.839	70.00	0.437
126.331	0.05	Adapter 3839Hz Probe 3839Hz	17	3.839	70.00	0.437
126.511	0.05	Adapter 3839Hz Probe 3839Hz	17	3.839	70.00	0.437
126.591	0.05	Adapter 3839Hz Probe 3839Hz	17	3.839	70.00	0.437
126.671	0.05	Adapter 3839Hz Probe 3839Hz	17	3.839	70.00	0.437
126.751	0.05	Adapter 3839Hz Probe 3839Hz	17	3.839	70.00	0.437
126.831	0.05	Adapter 3839Hz Probe 3839Hz	17	3.839	70.00	0.437
127.011	0.05	Adapter 3839Hz Probe 3839Hz	17	3.839	70.00	0.437
127.091	0.05	Adapter 3839Hz Probe 3839Hz	17	3.839	70.00	0.437
127.171	0.05	Adapter 3839Hz Probe 3839Hz	17	3.839	70.00	0.437
127.251	0.05	Adapter 3839Hz Probe 3839Hz	17	3.839	70.00	0.437
127.331	0.05	Adapter 3839Hz Probe 3839Hz	17	3.839	70.00	0.437
129.999	0.05	Adapter 2423Hz	18	2.423	70.00	0.285
130.079	0.05	Adapter 2423Hz	18	2.423	70.00	0.285
130.159	0.05	Adapter 2423Hz	18	2.423	70.00	0.285
130.239	0.05	Adapter 2423Hz	18	2.423	70.00	0.285
130.499	0.05	Adapter 2423Hz	18	2.423	70.00	0.285
130.579	0.05	Adapter 2423Hz	18	2.423	70.00	0.285
130.659	0.05	Adapter 2423Hz	18	2.423	70.00	0.285
130.739	0.05	Adapter 2423Hz	18	2.423	70.00	0.285
130.999	0.05	Adapter 2423Hz	18	2.423	70.00	0.285
131.079	0.05	Adapter 2423Hz	18	2.423	70.00	0.285
131.159	0.05	Adapter 2423Hz	18	2.423	70.00	0.285
131.239	0.05	Adapter 2423Hz	18	2.423	70.00	0.285
131.499	0.05	Adapter 2423Hz	18	2.423	70.00	0.285
131.579	0.05	Adapter 2423Hz	18	2.423	70.00	0.285
131.659	0.05	Adapter 2423Hz	18	2.423	70.00	0.285
131.739	0.05	Adapter 2423Hz	18	2.423	70.00	0.285
131.999	0.05	Adapter 2423Hz	18	2.423	70.00	0.285
132.079	0.05	Adapter 2423Hz	18	2.423	70.00	0.285
132.159	0.05	Adapter 2423Hz	18	2.423	70.00	0.285
132.239	0.05	Adapter 2423Hz	18	2.423	70.00	0.285
132.499	0.05	Adapter 2423Hz	18	2.423	70.00	0.285
132.579	0.05	Adapter 2423Hz	18	2.423	70.00	0.285
132.659	0.05	Adapter 2423Hz	18	2.423	70.00	0.285
132.739	0.05	Adapter 2423Hz	18	2.423	70.00	0.285
132.999	0.05	Adapter 2423Hz	18	2.423	70.00	0.285
133.079	0.05	Adapter 2423Hz	18	2.423	70.00	0.285
133.159	0.05	Adapter 2423Hz	18	2.423	70.00	0.285
133.239	0.05	Adapter 2423Hz	18	2.423	70.00	0.285
133.499	0.05	Adapter 2423Hz	18	2.423	70.00	0.285
133.579	0.05	Adapter 2423Hz	18	2.423	70.00	0.285
133.659	0.05	Adapter 2423Hz	18	2.423	70.00	0.285
133.739	0.05	Adapter 2423Hz	18	2.423	70.00	0.285
133.999	0.05	Adapter 2423Hz	18	2.423	70.00	0.285
134.079	0.05	Adapter 2423Hz	18	2.423	70.00	0.285
134.159	0.05	Adapter 2423Hz	18	2.423	70.00	0.285
134.239	0.05	Adapter 2423Hz	18	2.423	70.00	0.285
134.499	0.05	Adapter 2423Hz	18	2.423	70.00	0.285
134.579	0.05	Adapter 2423Hz	18	2.423	70.00	0.285
134.659	0.05	Adapter 2423Hz	18	2.423	70.00	0.285
134.739	0.05	Adapter 2423Hz	18	2.423	70.00	0.285
144.991	0.05	Adapter 1501Hz Probe 3839Hz	20	1.501	70.00	0.186
145.071	0.05	Adapter 1501Hz Probe 3839Hz	20	1.501	70.00	0.186
145.151	0.05	Adapter 1501Hz Probe 3839Hz	20	1.501	70.00	0.186
145.231	0.05	Adapter 1501Hz Probe 3839Hz	20	1.501	70.00	0.186
145.311	0.05	Adapter 1501Hz Probe 3839Hz	20	3.839	70.00	0.437
145.491	0.05	Adapter 1501Hz Probe 3839Hz	20	1.501	70.00	0.186
145.571	0.05	Adapter 1501Hz Probe 3839Hz	20	1.501	70.00	0.186
145.651	0.05	Adapter 1501Hz Probe 3839Hz	20	1.501	70.00	0.186
145.731	0.05	Adapter 1501Hz Probe 3839Hz	20	1.501	70.00	0.186
145.811	0.05	Adapter 1501Hz Probe 3839Hz	20	3.839	70.00	0.437
145.991	0.05	Adapter 1501Hz Probe 3839Hz	20	1.501	70.00	0.186
146.071	0.05	Adapter 1501Hz Probe 3839Hz	20	1.501	70.00	0.186
146.151	0.05	Adapter 1501Hz Probe 3839Hz	20	1.501	70.00	0.186
146.231	0.05	Adapter 1501Hz Probe 3839Hz	20	1.501	70.00	0.186
146.311	0.05	Adapter 1501Hz Probe 3839Hz	20	3.839	70.00	0.437
146.491	0.05	Adapter 1501Hz Probe 3839Hz	20	1.501	70.00	0.186
146.571	0.05	Adapter 1501Hz Probe 3839Hz	20	1.501	70.00	0.186
146.651	0.05	Adapter 1501Hz Probe 3839Hz	20	1.501	70.00	0.186
146.731	0.05	Adapter 1501Hz Probe 3839Hz	20	1.501	70.00	0.186
146.811	0.05	Adapter 1501Hz Probe 3839Hz	20	3.839	70.00	0.437
146.991	0.05	Adapter 1501Hz Probe 3839Hz	20	1.501	70.00	0.186
147.071	0.05	Adapter 1501Hz Probe 3839Hz	20	1.501	70.00	0.186
147.151	0.05	Adapter 1501Hz Probe 3839Hz	20	1.501	70.00	0.186
147.231	0.05	Adapter 1501Hz Probe 3839Hz	20	1.501	70.00	0.186
147.311	0.05	Adapter 1501Hz Probe 3839Hz	20	3.839	70.00	0.437
147.491	0.05	Adapter 1501Hz Probe 3839Hz	20	1.501	70.00	0.186
147.571	0.05	Adapter 1501Hz Probe 3839Hz	20	1.501	70.00	0.186
147.651	0.05	Adapter 1501Hz Probe 3839Hz	20	1.501	70.00	0.186
147.731	0.05	Adapter 1501Hz Probe 3839Hz	20	1.501	70.00	0.186
147.811	0.05	Adapter 1501Hz Probe 3839Hz	20	3.839	70.00	0.437
147.991	0.05	Adapter 1501Hz Probe 3839Hz	20	1.501	70.00	0.186
148.071	0.05	Adapter 1501Hz Probe 3839Hz	20	1.501	70.00	0.186
148.151	0.05	Adapter 1501Hz Probe 3839Hz	20	1.501	70.00	0.186
148.231	0.05	Adapter 1501Hz Probe 3839Hz	20	1.501	70.00	0.186
148.311	0.05	Adapter 1501Hz Probe 3839Hz	20	3.839	70.00	0.437
148.491	0.05	Adapter 1501Hz Probe 3839Hz	20	1.501	70.00	0.186
148.571	0.05	Adapter 1501Hz Probe 3839Hz	20	1.501	70.00	0.186
148.651	0.05	Adapter 1501Hz Probe 3839Hz	20	1.501	70.00	0.186
148.731	0.05	Adapter 1501Hz Probe 3839Hz	20	1.501	70.00	0.186
148.811	0.05	Adapter 1501Hz Probe 3839Hz	20	3.839	70.00	0.437
148.991	0.05	Adapter 1501Hz Probe 3839Hz	20	1.501	70.00	0.186
149.071	0.05	Adapter 1501Hz Probe 3839Hz	20	1.501	70.00	0.186
149.151	0.05	Adapter 1501Hz Probe 3839Hz	20	1.501	70.00	0.186
149.231	0.05	Adapter 1501Hz Probe 3839Hz	20	1.501	70.00	0.186
149.311	0.05	Adapter 1501Hz Probe 3839Hz	20	3.839	70.00	0.437
149.491	0.05	Adapter 1501Hz Probe 3839Hz	20	1.501	70.00	0.186
149.571	0.05	Adapter 1501Hz Probe 3839Hz	20	1.501	70.00	0.186
149.651	0.05	Adapter 1501Hz Probe 3839Hz	20	1.501	70.00	0.186
149.731	0.05	Adapter 1501Hz Probe 3839Hz	20	1.501	70.00	0.186
149.811	0.05	Adapter 1501Hz Probe 3839Hz	20	3.839	70.00	0.437
152.526	0.05	Adapter 899Hz Probe 3839Hz	21	0.899	70.00	0.121
152.606	0.05	Adapter 899Hz Probe 3839Hz	21	0.899	70.00	0.121
152.686	0.05	Adapter 899Hz Probe 3839Hz	21	0.899	70.00	0.121
152.766	0.05	Adapter 899Hz Probe 3839Hz	21	0.899	70.00	0.121
152.846	0.05	Adapter 899Hz Probe 3839Hz	21	3.839	70.00	0.437
153.026	0.05	Adapter 899Hz Probe 3839Hz	21	0.899	70.00	0.121
153.106	0.05	Adapter 899Hz Probe 3839Hz	21	0.899	70.00	0.121
153.186	0.05	Adapter 899Hz Probe 3839Hz	21	0.899	70.00	0.121
153.266	0.05	Adapter 899Hz Probe 3839Hz	21	0.899	70.00	0.121
153.346	0.05	Adapter 899Hz Probe 3839Hz	21	3.839	70.00	0.437
153.526	0.05	Adapter 899Hz Probe 3839Hz	21	0.899	70.00	0.121
153.606	0.05	Adapter 899Hz Probe 3839Hz	21	0.899	70.00	0.121
153.686	0.05	Adapter 899Hz Probe 3839Hz	21	0.899	70.00	0.121
153.766	0.05	Adapter 899Hz Probe 3839Hz	21	0.899	70.00	0.121
153.846	0.05	Adapter 899Hz Probe 3839Hz	21	3.839	70.00	0.437
154.026	0.05	Adapter 899Hz Probe 3839Hz	21	0.899	70.00	0.121
154.106	0.05	Adapter 899Hz Probe 3839Hz	21	0.899	70.00	0.121
154.186	0.05	Adapter 899Hz Probe 3839Hz	21	0.899	70.00	0.121
154.266	0.05	Adapter 899Hz Probe 3839Hz	21	0.899	70.00	0.121
154.346	0.05	Adapter 899Hz Probe 3839Hz	21	3.839	70.00	0.437
154.526	0.05	Adapter 899Hz Probe 3839Hz	21	0.899	70.00	0.121
154.606	0.05	Adapter 899Hz Probe 3839Hz	21	0.899	70.00	0.121
154.686	0.05	Adapter 899Hz Probe 3839Hz	21	0.899	70.00	0.121
154.766	0.05	Adapter 899Hz Probe 3839Hz	21	0.899	70.00	0.121
154.846	0.05	Adapter 899Hz Probe 3839Hz	21	3.839	70.00	0.437
155.026	0.05	Adapter 899Hz Probe 3839Hz	21	0.899	70.00	0.121
155.106	0.05	Adapter 899Hz Probe 3839Hz	21	0.899	70.00	0.121
155.186	0.05	Adapter 899Hz Probe 3839Hz	21	0.899	70.00	0.121
155.266	0.05	Adapter 899Hz Probe 3839Hz	21	0.899	70.00	0.121
155.346	0.05	Adapter 899Hz Probe 3839Hz	21	3.839	70.00	0.437
155.526	0.05	Adapter 899Hz Probe 3839Hz	21	0.899	70.00	0.121
155.606	0.05	Adapter 899Hz Probe 3839Hz	21	0.899	70.00	0.121
155.686	0.05	Adapter 899Hz Probe 3839Hz	21	0.899	70.00	0.121
155.766	0.05	Adapter 899Hz Probe 3839Hz	21	0.899	70.00	0.121
155.846	0.05	Adapter 899Hz Probe 3839Hz	21	3.839	70.00	0.437
156.026	0.05	Adapter 899Hz Probe 3839Hz	21	0.899	70.00	0.121
156.106	0.05	Adapter 899Hz Probe 3839Hz	21	0.899	70.00	0.121
156.186	0.05	Adapter 899Hz Probe 3839Hz	21	0.899	70.00	0.121
156.266	0.05	Adapter 899Hz Probe 3839Hz	21	0.899	70.00	0.121
156.346	0.05	Adapter 899Hz Probe 3839Hz	21	3.839	70.00	0.437
156.526	0.05	Adapter 899Hz Probe 3839Hz	21	0.899	70.00	0.121
156.606	0.05	Adapter 899Hz Probe 3839Hz	21	0.899	70.00	0.121
156.686	0.05	Adapter 899Hz Probe 3839Hz	21	0.899	70.00	0.121
156.766	0.05	Adapter 899Hz Probe 3839Hz	21	0.899	70.00	0.121
156.846	0.05	Adapter 899Hz Probe 3839Hz	21	3.839	70.00	0.437
157.026	0.05	Adapter 899Hz Probe 3839Hz	21	0.899	70.00	0.121
157.106	0.05	Adapter 899Hz Probe 3839Hz	21	0.899	70.00	0.121
157.186	0.05	Adapter 899Hz Probe 3839Hz	21	0.899	70.00	0.121
157.266	0.05	Adapter 899Hz Probe 3839Hz	21	0.899	70.00	0.121
157.346	0.05	Adapter 899Hz Probe 3839Hz	21	3.839	70.00	0.437
160.045	0.05	Adapter 2423Hz Probe 3839Hz	22	2.423	70.00	0.285
160.125	0.05	Adapter 2423Hz Probe 3839Hz	22	2.423	70.00	0.285
160.205	0.05	Adapter 2423Hz Probe 3839Hz	22	2.423	70.00	0.285
160.285	0.05	Adapter 2423Hz Probe 3839Hz	22	2.423	70.00	0.285
160.365	0.05	Adapter 2423Hz Probe 3839Hz	22	3.839	70.00	0.437
160.545	0.05	Adapter 2423Hz Probe 3839Hz	22	2.423	70.00	0.285
160.625	0.05	Adapter 2423Hz Probe 3839Hz	22	2.423	70.00	0.285
160.705	0.05	Adapter 2423Hz Probe 3839Hz	22	2.423	70.00	0.285
160.785	0.05	Adapter 2423Hz Probe 3839Hz	22	2.423	70.00	0.285
160.865	0.05	Adapter 2423Hz Probe 3839Hz	22	3.839	70.00	0.437
161.045	0.05	Adapter 2423Hz Probe 3839Hz	22	2.423	70.00	0.285
161.125	0.05	Adapter 2423Hz Probe 3839Hz	22	2.423	70.00	0.285
161.205	0.05	Adapter 2423Hz Probe 3839Hz	22	2.423	70.00	0.285
161.285	0.05	Adapter 2423Hz Probe 3839Hz	22	2.423	70.00	0.285
161.365	0.05	Adapter 2423Hz Probe 3839Hz	22	3.839	70.00	0.437
161.545	0.05	Adapter 2423Hz Probe 3839Hz	22	2.423	70.00	0.285
161.625	0.05	Adapter 2423Hz Probe 3839Hz	22	2.423	70.00	0.285
161.705	0.05	Adapter 2423Hz Probe 3839Hz	22	2.423	70.00	0.285
161.785	0.05	Adapter 2423Hz Probe 3839Hz	22	2.423	70.00	0.285
161.865	0.05	Adapter 2423Hz Probe 3839Hz	22	3.839	70.00	0.437
162.045	0.05	Adapter 2423Hz Probe 3839Hz	22	2.423	70.00	0.285
162.125	0.05	Adapter 2423Hz Probe 3839Hz	22	2.423	70.00	0.285
162.205	0.05	Adapter 2423Hz Probe 3839Hz	22	2.423	70.00	0.285
162.285	0.05	Adapter 2423Hz Probe 3839Hz	22	2.423	70.00	0.285
162.365	0.05	Adapter 2423Hz Probe 3839Hz	22	3.839	70.00	0.437
162.545	0.05	Adapter 2423Hz Probe 3839Hz	22	2.423	70.00	0.285
162.625	0.05	Adapter 2423Hz Probe 3839Hz	22	2.423	70.00	0.285
162.705	0.05	Adapter 2423Hz Probe 3839Hz	22	2.423	70.00	0.285
162.785	0.05	Adapter 2423Hz Probe 3839Hz	22	2.423	70.00	0.285
162.865	0.05	Adapter 2423Hz Probe 3839Hz	22	3.839	70.00	0.437
163.045	0.05	Adapter 2423Hz Probe 3839Hz	22	2.423	70.00	0.285
163.125	0.05	Adapter 2423Hz Probe 3839Hz	22	2.423	70.00	0.285
163.205	0.05	Adapter 2423Hz Probe 3839Hz	22	2.423	70.00	0.285
163.285	0.05	Adapter 2423Hz Probe 3839Hz	22	2.423	70.00	0.285
163.365	0.05	Adapter 2423Hz Probe 3839Hz	22	3.839	70.00	0.437
163.545	0.05	Adapter 2423Hz Probe 3839Hz	22	2.423	70.00	0.285
163.625	0.05	Adapter 2423Hz Probe 3839Hz	22	2.423	70.00	0.285
163.705	0.05	Adapter 2423Hz Probe 3839Hz	22	2.423	70.00	0.285
163.785	0.05	Adapter 2423Hz Probe 3839Hz	22	2.423	70.00	0.285
163.865	0.05	Adapter 2423Hz Probe 3839Hz	22	3.839	70.00	0.437
164.045	0.05	Adapter 2423Hz Probe 3839Hz	22	2.423	70.00	0.285
164.125	0.05	Adapter 2423Hz Probe 3839Hz	22	2.423	70.00	0.285
164.205	0.05	Adapter 2423Hz Probe 3839Hz	22	2.423	70.00	0.285
164.285	0.05	Adapter 2423Hz Probe 3839Hz	22	2.423	70.00	0.285
164.365	0.05	Adapter 2423Hz Probe 3839Hz	22	3.839	70.00	0.437
164.545	0.05	Adapter 2423Hz Probe 3839Hz	22	2.423	70.00	0.285
164.625	0.05	Adapter 2423Hz Probe 3839Hz	22	2.423	70.00	0.285
164.705	0.05	Adapter 2423Hz Probe 3839Hz	22	2.423	70.00	0.285
164.785	0.05	Adapter 2423Hz Probe 3839Hz	22	2.423	70.00	0.285
164.865	0.05	Adapter 2423Hz Probe 3839Hz	22	3.839	70.00	0.437
167.486	0.05	Adapter 6009Hz	23	6.009	70.00	0.671
167.566	0.05	Adapter 6009Hz	23	6.009	70.00	0.671
167.646	0.05	Adapter 6009Hz	23	6.009	70.00	0.671
167.726	0.05	Adapter 6009Hz	23	6.009	70.00	0.671
167.986	0.05	Adapter 6009Hz	23	6.009	70.00	0.671
168.066	0.05	Adapter 6009Hz	23	6.009	70.00	0.671
168.146	0.05	Adapter 6009Hz	23	6.009	70.00	0.671
168.226	0.05	Adapter 6009Hz	23	6.009	70.00	0.671
168.486	0.05	Adapter 6009Hz	23	6.009	70.00	0.671
168.566	0.05	Adapter 6009Hz	23	6.009	70.00	0.671
168.646	0.05	Adapter 6009Hz	23	6.009	70.00	0.671
168.726	0.05	Adapter 6009Hz	23	6.009	70.00	0.671
168.986	0.05	Adapter 6009Hz	23	6.009	70.00	0.671
169.066	0.05	Adapter 6009Hz	23	6.009	70.00	0.671
169.146	0.05	Adapter 6009Hz	23	6.009	70.00	0.671
169.226	0.05	Adapter 6009Hz	23	6.009	70.00	0.671
169.486	0.05	Adapter 6009Hz	23	6.009	70.00	0.671
169.566	0.05	Adapter 6009Hz	23	6.009	70.00	0.671
169.646	0.05	Adapter 6009Hz	23	6.009	70.00	0.671
169.726	0.05	Adapter 6009Hz	23	6.009	70.00	0.671
169.986	0.05	Adapter 6009Hz	23	6.009	70.00	0.671
170.066	0.05	Adapter 6009Hz	23	6.009	70.00	0.671
170.146	0.05	Adapter 6009Hz	23	6.009	70.00	0.671
170.226	0.05	Adapter 6009Hz	23	6.009	70.00	0.671
170.486	0.05	Adapter 6009Hz	23	6.009	70.00	0.671
170.566	0.05	Adapter 6009Hz	23	6.009	70.00	0.671
170.646	0.05	Adapter 6009Hz	23	6.009	70.00	0.671
170.726	0.05	Adapter 6009Hz	23	6.009	70.00	0.671
170.986	0.05	Adapter 6009Hz	23	6.009	70.00	0.671
171.066	0.05	Adapter 6009Hz	23	6.009	70.00	0.671
171.146	0.05	Adapter 6009Hz	23	6.009	70.00	0.671
171.226	0.05	Adapter 6009Hz	23	6.009	70.00	0.671
171.486	0.05	Adapter 6009Hz	23	6.009	70.00	0.671
171.566	0.05	Adapter 6009Hz	23	6.009	70.00	0.671
171.646	0.05	Adapter 6009Hz	23	6.009	70.00	0.671
171.726	0.05	Adapter 6009Hz	23	6.009	70.00	0.671
171.986	0.05	Adapter 6009Hz	23	6.009	70.00	0.671
172.066	0.05	Adapter 6009Hz	23	6.009	70.00	0.671
172.146	0.05	Adapter 6009Hz	23	6.009	70.00	0.671
172.226	0.05	Adapter 6009Hz	23	6.009	70.00	0.671
175.036	0.05	Adapter 251Hz	24	0.251	70.00	0.052
175.116	0.05	Adapter 251Hz	24	0.251	70.00	0.052
175.196	0.05	Adapter 251Hz	24	0.251	70.00	0.052
175.276	0.05	Adapter 251Hz	24	0.251	70.00	0.052
175.536	0.05	Adapter 251Hz	24	0.251	70.00	0.052
175.616	0.05	Adapter 251Hz	24	0.251	70.00	0.052
175.696	0.05	Adapter 251Hz	24	0.251	70.00	0.052
175.776	0.05	Adapter 251Hz	24	0.251	70.00	0.052
176.036	0.05	Adapter 251Hz	24	0.251	70.00	0.052
176.116	0.05	Adapter 251Hz	24	0.251	70.00	0.052
176.196	0.05	Adapter 251Hz	24	0.251	70.00	0.052
176.276	0.05	Adapter 251Hz	24	0.251	70.00	0.052
176.536	0.05	Adapter 251Hz	24	0.251	70.00	0.052
176.616	0.05	Adapter 251Hz	24	0.251	70.00	0.052
176.696	0.05	Adapter 251Hz	24	0.251	70.00	0.052
176.776	0.05	Adapter 251Hz	24	0.251	70.00	0.052
177.036	0.05	Adapter 251Hz	24	0.251	70.00	0.052
177.116	0.05	Adapter 251Hz	24	0.251	70.00	0.052
177.196	0.05	Adapter 251Hz	24	0.251	70.00	0.052
177.276	0.05	Adapter 251Hz	24	0.251	70.00	0.052
177.536	0.05	Adapter 251Hz	24	0.251	70.00	0.052
177.616	0.05	Adapter 251Hz	24	0.251	70.00	0.052
177.696	0.05	Adapter 251Hz	24	0.251	70.00	0.052
177.776	0.05	Adapter 251Hz	24	0.251	70.00	0.052
178.036	0.05	Adapter 251Hz	24	0.251	70.00	0.052
178.116	0.05	Adapter 251Hz	24	0.251	70.00	0.052
178.196	0.05	Adapter 251Hz	24	0.251	70.00	0.052
178.276	0.05	Adapter 251Hz	24	0.251	70.00	0.052
178.536	0.05	Adapter 251Hz	24	0.251	70.00	0.052
178.616	0.05	Adapter 251Hz	24	0.251	70.00	0.052
178.696	0.05	Adapter 251Hz	24	0.251	70.00	0.052
178.776	0.05	Adapter 251Hz	24	0.251	70.00	0.052
179.036	0.05	Adapter 251Hz	24	0.251	70.00	0.052
179.116	0.05	Adapter 251Hz	24	0.251	70.00	0.052
179.196	0.05	Adapter 251Hz	24	0.251	70.00	0.052
179.276	0.05	Adapter 251Hz	24	0.251	70.00	0.052
179.536	0.05	Adapter 251Hz	24	0.251	70.00	0.052
179.616	0.05	Adapter 251Hz	24	0.251	70.00	0.052
179.696	0.05	Adapter 251Hz	24	0.251	70.00	0.052
179.776	0.05	Adapter 251Hz	24	0.251	70.00	0.052
182.493	0.05	Adapter 507Hz Probe 3839Hz	25	0.507	70.00	0.079
182.573	0.05	Adapter 507Hz Probe 3839Hz	25	0.507	70.00	0.079
182.653	0.05	Adapter 507Hz Probe 3839Hz	25	0.507	70.00	0.079
182.733	0.05	Adapter 507Hz Probe 3839Hz	25	0.507	70.00	0.079
182.813	0.05	Adapter 507Hz Probe 3839Hz	25	3.839	70.00	0.437
182.993	0.05	Adapter 507Hz Probe 3839Hz	25	0.507	70.00	0.079
183.073	0.05	Adapter 507Hz Probe 3839Hz	25	0.507	70.00	0.079
183.153	0.05	Adapter 507Hz Probe 3839Hz	25	0.507	70.00	0.079
183.233	0.05	Adapter 507Hz Probe 3839Hz	25	0.507	70.00	0.079
183.313	0.05	Adapter 507Hz Probe 3839Hz	25	3.839	70.00	0.437
183.493	0.05	Adapter 507Hz Probe 3839Hz	25	0.507	70.00	0.079
183.573	0.05	Adapter 507Hz Probe 3839Hz	25	0.507	70.00	0.079
183.653	0.05	Adapter 507Hz Probe 3839Hz	25	0.507	70.00	0.079
183.733	0.05	Adapter 507Hz Probe 3839Hz	25	0.507	70.00	0.079
183.813	0.05	Adapter 507Hz Probe 3839Hz	25	3.839	70.00	0.437
183.993	0.05	Adapter 507Hz Probe 3839Hz	25	0.507	70.00	0.079
184.073	0.05	Adapter 507Hz Probe 3839Hz	25	0.507	70.00	0.079
184.153	0.05	Adapter 507Hz Probe 3839Hz	25	0.507	70.00	0.079
184.233	0.05	Adapter 507Hz Probe 3839Hz	25	0.507	70.00	0.079
184.313	0.05	Adapter 507Hz Probe 3839Hz	25	3.839	70.00	0.437
184.493	0.05	Adapter 507Hz Probe 3839Hz	25	0.507	70.00	0.079
184.573	0.05	Adapter 507Hz Probe 3839Hz	25	0.507	70.00	0.079
184.653	0.05	Adapter 507Hz Probe 3839Hz	25	0.507	70.00	0.079
184.733	0.05	Adapter 507Hz Probe 3839Hz	25	0.507	70.00	0.079
184.813	0.05	Adapter 507Hz Probe 3839Hz	25	3.839	70.00	0.437
184.993	0.05	Adapter 507Hz Probe 3839Hz	25	0.507	70.00	0.079
185.073	0.05	Adapter 507Hz Probe 3839Hz	25	0.507	70.00	0.079
185.153	0.05	Adapter 507Hz Probe 3839Hz	25	0.507	70.00	0.079
185.233	0.05	Adapter 507Hz Probe 3839Hz	25	0.507	70.00	0.079
185.313	0.05	Adapter 507Hz Probe 3839Hz	25	3.839	70.00	0.437
185.493	0.05	Adapter 507Hz Probe 3839Hz	25	0.507	70.00	0.079
185.573	0.05	Adapter 507Hz Probe 3839Hz	25	0.507	70.00	0.079
185.653	0.05	Adapter 507Hz Probe 3839Hz	25	0.507	70.00	0.079
185.733	0.05	Adapter 507Hz Probe 3839Hz	25	0.507	70.00	0.079
185.813	0.05	Adapter 507Hz Probe 3839Hz	25	3.839	70.00	0.437
185.993	0.05	Adapter 507Hz Probe 3839Hz	25	0.507	70.00	0.079
186.073	0.05	Adapter 507Hz Probe 3839Hz	25	0.507	70.00	0.079
186.153	0.05	Adapter 507Hz Probe 3839Hz	25	0.507	70.00	0.079
186.233	0.05	Adapter 507Hz Probe 3839Hz	25	0.507	70.00	0.079
186.313	0.05	Adapter 507Hz Probe 3839Hz	25	3.839	70.00	0.437
186.493	0.05	Adapter 507Hz Probe 3839Hz	25	0.507	70.00	0.079
186.573	0.05	Adapter 507Hz Probe 3839Hz	25	0.507	70.00	0.079
186.653	0.05	Adapter 507Hz Probe 3839Hz	25	0.507	70.00	0.079
186.733	0.05	Adapter 507Hz Probe 3839Hz	25	0.507	70.00	0.079
186.813	0.05	Adapter 507Hz Probe 3839Hz	25	3.839	70.00	0.437
186.993	0.05	Adapter 507Hz Probe 3839Hz	25	0.507	70.00	0.079
187.073	0.05	Adapter 507Hz Probe 3839Hz	25	0.507	70.00	0.079
187.153	0.05	Adapter 507Hz Probe 3839Hz	25	0.507	70.00	0.079
187.233	0.05	Adapter 507Hz Probe 3839Hz	25	0.507	70.00	0.079
187.313	0.05	Adapter 507Hz Probe 3839Hz	25	3.839	70.00	0.437
190.028	0.05	Adapter 1501Hz	26	1.501	70.00	0.186
190.108	0.05	Adapter 1501Hz	26	1.501	70.00	0.186
190.188	0.05	Adapter 1501Hz	26	1.501	70.00	0.186
190.268	0.05	Adapter 1501Hz	26	1.501	70.00	0.186
190.528	0.05	Adapter 1501Hz	26	1.501	70.00	0.186
190.608	0.05	Adapter 1501Hz	26	1.501	70.00	0.186
190.688	0.05	Adapter 1501Hz	26	1.501	70.00	0.186
190.768	0.05	Adapter 1501Hz	26	1.501	70.00	0.186
191.028	0.05	Adapter 1501Hz	26	1.501	70.00	0.186
191.108	0.05	Adapter 1501Hz	26	1.501	70.00	0.186
191.188	0.05	Adapter 1501Hz	26	1.501	70.00	0.186
191.268	0.05	Adapter 1501Hz	26	1.501	70.00	0.186
191.528	0.05	Adapter 1501Hz	26	1.501	70.00	0.186
191.608	0.05	Adapter 1501Hz	26	1.501	70.00	0.186
191.688	0.05	Adapter 1501Hz	26	1.501	70.00	0.186
191.768	0.05	Adapter 1501Hz	26	1.501	70.00	0.186
192.028	0.05	Adapter 1501Hz	26	1.501	70.00	0.186
192.108	0.05	Adapter 1501Hz	26	1.501	70.00	0.186
192.188	0.05	Adapter 1501Hz	26	1.501	70.00	0.186
192.268	0.05	Adapter 1501Hz	26	1.501	70.00	0.186
192.528	0.05	Adapter 1501Hz	26	1.501	70.00	0.186
192.608	0.05	Adapter 1501Hz	26	1.501	70.00	0.186
192.688	0.05	Adapter 1501Hz	26	1.501	70.00	0.186
192.768	0.05	Adapter 1501Hz	26	1.501	70.00	0.186
193.028	0.05	Adapter 1501Hz	26	1.501	70.00	0.186
193.108	0.05	Adapter 1501Hz	26	1.501	70.00	0.186
193.188	0.05	Adapter 1501Hz	26	1.501	70.00	0.186
193.268	0.05	Adapter 1501Hz	26	1.501	70.00	0.186
193.528	0.05	Adapter 1501Hz	26	1.501	70.00	0.186
193.608	0.05	Adapter 1501Hz	26	1.501	70.00	0.186
193.688	0.05	Adapter 1501Hz	26	1.501	70.00	0.186
193.768	0.05	Adapter 1501Hz	26	1.501	70.00	0.186
194.028	0.05	Adapter 1501Hz	26	1.501	70.00	0.186
194.108	0.05	Adapter 1501Hz	26	1.501	70.00	0.186
194.188	0.05	Adapter 1501Hz	26	1.501	70.00	0.186
194.268	0.05	Adapter 1501Hz	26	1.501	70.00	0.186
194.528	0.05	Adapter 1501Hz	26	1.501	70.00	0.186
194.608	0.05	Adapter 1501Hz	26	1.501	70.00	0.186
194.688	0.05	Adapter 1501Hz	26	1.501	70.00	0.186
194.768	0.05	Adapter 1501Hz	26	1.501	70.00	0.186
197.516	0.05	Adapter 899Hz	27	0.899	70.00	0.121
197.596	0.05	Adapter 899Hz	27	0.899	70.00	0.121
197.676	0.05	Adapter 899Hz	27	0.899	70.00	0.121
197.756	0.05	Adapter 899Hz	27	0.899	70.00	0.121
198.016	0.05	Adapter 899Hz	27	0.899	70.00	0.121
198.096	0.05	Adapter 899Hz	27	0.899	70.00	0.121
198.176	0.05	Adapter 899Hz	27	0.899	70.00	0.121
198.256	0.05	Adapter 899Hz	27	0.899	70.00	0.121
198.516	0.05	Adapter 899Hz	27	0.899	70.00	0.121
198.596	0.05	Adapter 899Hz	27	0.899	70.00	0.121
198.676	0.05	Adapter 899Hz	27	0.899	70.00	0.121
198.756	0.05	Adapter 899Hz	27	0.899	70.00	0.121
199.016	0.05	Adapter 899Hz	27	0.899	70.00	0.121
199.096	0.05	Adapter 899Hz	27	0.899	70.00	0.121
199.176	0.05	Adapter 899Hz	27	0.899	70.00	0.121
199.256	0.05	Adapter 899Hz	27	0.899	70.00	0.121
199.516	0.05	Adapter 899Hz	27	0.899	70.00	0.121
199.596	0.05	Adapter 899Hz	27	0.899	70.00	0.121
199.676	0.05	Adapter 899Hz	27	0.899	70.00	0.121
199.756	0.05	Adapter 899Hz	27	0.899	70.00	0.121
200.016	0.05	Adapter 899Hz	27	0.899	70.00	0.121
200.096	0.05	Adapter 899Hz	27	0.899	70.00	0.121
200.176	0.05	Adapter 899Hz	27	0.899	70.00	0.121
200.256	0.05	Adapter 899Hz	27	0.899	70.00	0.121
200.516	0.05	Adapter 899Hz	27	0.899	70.00	0.121
200.596	0.05	Adapter 899Hz	27	0.899	70.00	0.121
200.676	0.05	Adapter 899Hz	27	0.899	70.00	0.121
200.756	0.05	Adapter 899Hz	27	0.899	70.00	0.121
201.016	0.05	Adapter 899Hz	27	0.899	70.00	0.121
201.096	0.05	Adapter 899Hz	27	0.899	70.00	0.121
201.176	0.05	Adapter 899Hz	27	0.899	70.00	0.121
201.256	0.05	Adapter 899Hz	27	0.899	70.00	0.121
201.516	0.05	Adapter 899Hz	27	0.899	70.00	0.121
201.596	0.05	Adapter 899Hz	27	0.899	70.00	0.121
201.676	0.05	Adapter 899Hz	27	0.899	70.00	0.121
201.756	0.05	Adapter 899Hz	27	0.899	70.00	0.121
202.016	0.05	Adapter 899Hz	27	0.899	70.00	0.121
202.096	0.05	Adapter 899Hz	27	0.899	70.00	0.121
202.176	0.05	Adapter 899Hz	27	0.899	70.00	0.121
202.256	0.05	Adapter 899Hz	27	0.899	70.00	0.121
220.316	0.05	Probe 3839Hz	30	3.839	70.00	0.437
220.816	0.05	Probe 3839Hz	30	3.839	70.00	0.437
221.316	0.05	Probe 3839Hz	30	3.839	70.00	0.437
221.816	0.05	Probe 3839Hz	30	3.839	70.00	0.437
222.316	0.05	Probe 3839Hz	30	3.839	70.00	0.437
222.816	0.05	Probe 3839Hz	30	3.839	70.00	0.437
223.316	0.05	Probe 3839Hz	30	3.839	70.00	0.437
223.816	0.05	Probe 3839Hz	30	3.839	70.00	0.437
224.316	0.05	Probe 3839Hz	30	3.839	70.00	0.437
224.816	0.05	Probe 3839Hz	30	3.839	70.00	0.437
227.546	0.05	Adapter 507Hz	31	0.507	70.00	0.079
227.626	0.05	Adapter 507Hz	31	0.507	70.00	0.079
227.706	0.05	Adapter 507Hz	31	0.507	70.00	0.079
227.786	0.05	Adapter 507Hz	31	0.507	70.00	0.079
228.046	0.05	Adapter 507Hz	31	0.507	70.00	0.079
228.126	0.05	Adapter 507Hz	31	0.507	70.00	0.079
228.206	0.05	Adapter 507Hz	31	0.507	70.00	0.079
228.286	0.05	Adapter 507Hz	31	0.507	70.00	0.079
228.546	0.05	Adapter 507Hz	31	0.507	70.00	0.079
228.626	0.05	Adapter 507Hz	31	0.507	70.00	0.079
228.706	0.05	Adapter 507Hz	31	0.507	70.00	0.079
228.786	0.05	Adapter 507Hz	31	0.507	70.00	0.079
229.046	0.05	Adapter 507Hz	31	0.507	70.00	0.079
229.126	0.05	Adapter 507Hz	31	0.507	70.00	0.079
229.206	0.05	Adapter 507Hz	31	0.507	70.00	0.079
229.286	0.05	Adapter 507Hz	31	0.507	70.00	0.079
229.546	0.05	Adapter 507Hz	31	0.507	70.00	0.079
229.626	0.05	Adapter 507Hz	31	0.507	70.00	0.079
229.706	0.05	Adapter 507Hz	31	0.507	70.00	0.079
229.786	0.05	Adapter 507Hz	31	0.507	70.00	0.079
230.046	0.05	Adapter 507Hz	31	0.507	70.00	0.079
230.126	0.05	Adapter 507Hz	31	0.507	70.00	0.079
230.206	0.05	Adapter 507Hz	31	0.507	70.00	0.079
230.286	0.05	Adapter 507Hz	31	0.507	70.00	0.079
230.546	0.05	Adapter 507Hz	31	0.507	70.00	0.079
230.626	0.05	Adapter 507Hz	31	0.507	70.00	0.079
230.706	0.05	Adapter 507Hz	31	0.507	70.00	0.079
230.786	0.05	Adapter 507Hz	31	0.507	70.00	0.079
231.046	0.05	Adapter 507Hz	31	0.507	70.00	0.079
231.126	0.05	Adapter 507Hz	31	0.507	70.00	0.079
231.206	0.05	Adapter 507Hz	31	0.507	70.00	0.079
231.286	0.05	Adapter 507Hz	31	0.507	70.00	0.079
231.546	0.05	Adapter 507Hz	31	0.507	70.00	0.079
231.626	0.05	Adapter 507Hz	31	0.507	70.00	0.079
231.706	0.05	Adapter 507Hz	31	0.507	70.00	0.079
231.786	0.05	Adapter 507Hz	31	0.507	70.00	0.079
232.046	0.05	Adapter 507Hz	31	0.507	70.00	0.079
232.126	0.05	Adapter 507Hz	31	0.507	70.00	0.079
232.206	0.05	Adapter 507Hz	31	0.507	70.00	0.079
232.286	0.05	Adapter 507Hz	31	0.507	70.00	0.079
234.987	0.05	Adapter 3839Hz	32	3.839	70.00	0.437
235.067	0.05	Adapter 3839Hz	32	3.839	70.00	0.437
235.147	0.05	Adapter 3839Hz	32	3.839	70.00	0.437
235.227	0.05	Adapter 3839Hz	32	3.839	70.00	0.437
235.487	0.05	Adapter 3839Hz	32	3.839	70.00	0.437
235.567	0.05	Adapter 3839Hz	32	3.839	70.00	0.437
235.647	0.05	Adapter 3839Hz	32	3.839	70.00	0.437
235.727	0.05	Adapter 3839Hz	32	3.839	70.00	0.437
235.987	0.05	Adapter 3839Hz	32	3.839	70.00	0.437
236.067	0.05	Adapter 3839Hz	32	3.839	70.00	0.437
236.147	0.05	Adapter 3839Hz	32	3.839	70.00	0.437
236.227	0.05	Adapter 3839Hz	32	3.839	70.00	0.437
236.487	0.05	Adapter 3839Hz	32	3.839	70.00	0.437
236.567	0.05	Adapter 3839Hz	32	3.839	70.00	0.437
236.647	0.05	Adapter 3839Hz	32	3.839	70.00	0.437
236.727	0.05	Adapter 3839Hz	32	3.839	70.00	0.437
236.987	0.05	Adapter 3839Hz	32	3.839	70.00	0.437
237.067	0.05	Adapter 3839Hz	32	3.839	70.00	0.437
237.147	0.05	Adapter 3839Hz	32	3.839	70.00	0.437
237.227	0.05	Adapter 3839Hz	32	3.839	70.00	0.437
237.487	0.05	Adapter 3839Hz	32	3.839	70.00	0.437
237.567	0.05	Adapter 3839Hz	32	3.839	70.00	0.437
237.647	0.05	Adapter 3839Hz	32	3.839	70.00	0.437
237.727	0.05	Adapter 3839Hz	32	3.839	70.00	0.437
237.987	0.05	Adapter 3839Hz	32	3.839	70.00	0.437
238.067	0.05	Adapter 3839Hz	32	3.839	70.00	0.437
238.147	0.05	Adapter 3839Hz	32	3.839	70.00	0.437
238.227	0.05	Adapter 3839Hz	32	3.839	70.00	0.437
238.487	0.05	Adapter 3839Hz	32	3.839	70.00	0.437
238.567	0.05	Adapter 3839Hz	32	3.839	70.00	0.437
238.647	0.05	Adapter 3839Hz	32	3.839	70.00	0.437
238.727	0.05	Adapter 3839Hz	32	3.839	70.00	0.437
238.987	0.05	Adapter 3839Hz	32	3.839	70.00	0.437
239.067	0.05	Adapter 3839Hz	32	3.839	70.00	0.437
239.147	0.05	Adapter 3839Hz	32	3.839	70.00	0.437
239.227	0.05	Adapter 3839Hz	32	3.839	70.00	0.437
239.487	0.05	Adapter 3839Hz	32	3.839	70.00	0.437
239.567	0.05	Adapter 3839Hz	32	3.839	70.00	0.437
239.647	0.05	Adapter 3839Hz	32	3.839	70.00	0.437
239.727	0.05	Adapter 3839Hz	32	3.839	70.00	0.437
242.858	0.05	Probe 3839Hz	33	3.839	70.00	0.437
243.358	0.05	Probe 3839Hz	33	3.839	70.00	0.437
243.858	0.05	Probe 3839Hz	33	3.839	70.00	0.437
244.358	0.05	Probe 3839Hz	33	3.839	70.00	0.437
244.858	0.05	Probe 3839Hz	33	3.839	70.00	0.437
245.358	0.05	Probe 3839Hz	33	3.839	70.00	0.437
245.858	0.05	Probe 3839Hz	33	3.839	70.00	0.437
246.358	0.05	Probe 3839Hz	33	3.839	70.00	0.437
246.858	0.05	Probe 3839Hz	33	3.839	70.00	0.437
247.358	0.05	Probe 3839Hz	33	3.839	70.00	0.437
249.995	0.05	Adapter 3839Hz Probe 3839Hz	34	3.839	70.00	0.437
250.075	0.05	Adapter 3839Hz Probe 3839Hz	34	3.839	70.00	0.437
250.155	0.05	Adapter 3839Hz Probe 3839Hz	34	3.839	70.00	0.437
250.235	0.05	Adapter 3839Hz Probe 3839Hz	34	3.839	70.00	0.437
250.315	0.05	Adapter 3839Hz Probe 3839Hz	34	3.839	70.00	0.437
250.495	0.05	Adapter 3839Hz Probe 3839Hz	34	3.839	70.00	0.437
250.575	0.05	Adapter 3839Hz Probe 3839Hz	34	3.839	70.00	0.437
250.655	0.05	Adapter 3839Hz Probe 3839Hz	34	3.839	70.00	0.437
250.735	0.05	Adapter 3839Hz Probe 3839Hz	34	3.839	70.00	0.437
250.815	0.05	Adapter 3839Hz Probe 3839Hz	34	3.839	70.00	0.437
250.995	0.05	Adapter 3839Hz Probe 3839Hz	34	3.839	70.00	0.437
251.075	0.05	Adapter 3839Hz Probe 3839Hz	34	3.839	70.00	0.437
251.155	0.05	Adapter 3839Hz Probe 3839Hz	34	3.839	70.00	0.437
251.235	0.05	Adapter 3839Hz Probe 3839Hz	34	3.839	70.00	0.437
251.315	0.05	Adapter 3839Hz Probe 3839Hz	34	3.839	70.00	0.437
251.495	0.05	Adapter 3839Hz Probe 3839Hz	34	3.839	70.00	0.437
251.575	0.05	Adapter 3839Hz Probe 3839Hz	34	3.839	70.00	0.437
251.655	0.05	Adapter 3839Hz Probe 3839Hz	34	3.839	70.00	0.437
251.735	0.05	Adapter 3839Hz Probe 3839Hz	34	3.839	70.00	0.437
251.815	0.05	Adapter 3839Hz Probe 3839Hz	34	3.839	70.00	0.437
251.995	0.05	Adapter 3839Hz Probe 3839Hz	34	3.839	70.00	0.437
252.075	0.05	Adapter 3839Hz Probe 3839Hz	34	3.839	70.00	0.437
252.155	0.05	Adapter 3839Hz Probe 3839Hz	34	3.839	70.00	0.437
252.235	0.05	Adapter 3839Hz Probe 3839Hz	34	3.839	70.00	0.437
252.315	0.05	Adapter 3839Hz Probe 3839Hz	34	3.839	70.00	0.437
252.495	0.05	Adapter 3839Hz Probe 3839Hz	34	3.839	70.00	0.437
252.575	0.05	Adapter 3839Hz Probe 3839Hz	34	3.839	70.00	0.437
252.655	0.05	Adapter 3839Hz Probe 3839Hz	34	3.839	70.00	0.437
252.735	0.05	Adapter 3839Hz Probe 3839Hz	34	3.839	70.00	0.437
252.815	0.05	Adapter 3839Hz Probe 3839Hz	34	3.839	70.00	0.437
252.995	0.05	Adapter 3839Hz Probe 3839Hz	34	3.839	70.00	0.437
253.075	0.05	Adapter 3839Hz Probe 3839Hz	34	3.839	70.00	0.437
253.155	0.05	Adapter 3839Hz Probe 3839Hz	34	3.839	70.00	0.437
253.235	0.05	Adapter 3839Hz Probe 3839Hz	34	3.839	70.00	0.437
253.315	0.05	Adapter 3839Hz Probe 3839Hz	34	3.839	70.00	0.437
253.495	0.05	Adapter 3839Hz Probe 3839Hz	34	3.839	70.00	0.437
253.575	0.05	Adapter 3839Hz Probe 3839Hz	34	3.839	70.00	0.437
253.655	0.05	Adapter 3839Hz Probe 3839Hz	34	3.839	70.00	0.437
253.735	0.05	Adapter 3839Hz Probe 3839Hz	34	3.839	70.00	0.437
253.815	0.05	Adapter 3839Hz Probe 3839Hz	34	3.839	70.00	0.437
253.995	0.05	Adapter 3839Hz Probe 3839Hz	34	3.839	70.00	0.437
254.075	0.05	Adapter 3839Hz Probe 3839Hz	34	3.839	70.00	0.437
254.155	0.05	Adapter 3839Hz Probe 3839Hz	34	3.839	70.00	0.437
254.235	0.05	Adapter 3839Hz Probe 3839Hz	34	3.839	70.00	0.437
254.315	0.05	Adapter 3839Hz Probe 3839Hz	34	3.839	70.00	0.437
254.495	0.05	Adapter 3839Hz Probe 3839Hz	34	3.839	70.00	0.437
254.575	0.05	Adapter 3839Hz Probe 3839Hz	34	3.839	70.00	0.437
254.655	0.05	Adapter 3839Hz Probe 3839Hz	34	3.839	70.00	0.437
254.735	0.05	Adapter 3839Hz Probe 3839Hz	34	3.839	70.00	0.437
254.815	0.05	Adapter 3839Hz Probe 3839Hz	34	3.839	70.00	0.437
257.529	0.05	Adapter 507Hz	35	0.507	70.00	0.079
257.609	0.05	Adapter 507Hz	35	0.507	70.00	0.079
257.689	0.05	Adapter 507Hz	35	0.507	70.00	0.079
257.769	0.05	Adapter 507Hz	35	0.507	70.00	0.079
258.029	0.05	Adapter 507Hz	35	0.507	70.00	0.079
258.109	0.05	Adapter 507Hz	35	0.507	70.00	0.079
258.189	0.05	Adapter 507Hz	35	0.507	70.00	0.079
258.269	0.05	Adapter 507Hz	35	0.507	70.00	0.079
258.529	0.05	Adapter 507Hz	35	0.507	70.00	0.079
258.609	0.05	Adapter 507Hz	35	0.507	70.00	0.079
258.689	0.05	Adapter 507Hz	35	0.507	70.00	0.079
258.769	0.05	Adapter 507Hz	35	0.507	70.00	0.079
259.029	0.05	Adapter 507Hz	35	0.507	70.00	0.079
259.109	0.05	Adapter 507Hz	35	0.507	70.00	0.079
259.189	0.05	Adapter 507Hz	35	0.507	70.00	0.079
259.269	0.05	Adapter 507Hz	35	0.507	70.00	0.079
259.529	0.05	Adapter 507Hz	35	0.507	70.00	0.079
259.609	0.05	Adapter 507Hz	35	0.507	70.00	0.079
259.689	0.05	Adapter 507Hz	35	0.507	70.00	0.079
259.769	0.05	Adapter 507Hz	35	0.507	70.00	0.079
260.029	0.05	Adapter 507Hz	35	0.507	70.00	0.079
260.109	0.05	Adapter 507Hz	35	0.507	70.00	0.079
260.189	0.05	Adapter 507Hz	35	0.507	70.00	0.079
260.269	0.05	Adapter 507Hz	35	0.507	70.00	0.079
260.529	0.05	Adapter 507Hz	35	0.507	70.00	0.079
260.609	0.05	Adapter 507Hz	35	0.507	70.00	0.079
260.689	0.05	Adapter 507Hz	35	0.507	70.00	0.079
260.769	0.05	Adapter 507Hz	35	0.507	70.00	0.079
261.029	0.05	Adapter 507Hz	35	0.507	70.00	0.079
261.109	0.05	Adapter 507Hz	35	0.507	70.00	0.079
261.189	0.05	Adapter 507Hz	35	0.507	70.00	0.079
261.269	0.05	Adapter 507Hz	35	0.507	70.00	0.079
261.529	0.05	Adapter 507Hz	35	0.507	70.00	0.079
261.609	0.05	Adapter 507Hz	35	0.507	70.00	0.079
261.689	0.05	Adapter 507Hz	35	0.507	70.00	0.079
261.769	0.05	Adapter 507Hz	35	0.507	70.00	0.079
262.029	0.05	Adapter 507Hz	35	0.507	70.00	0.079
262.109	0.05	Adapter 507Hz	35	0.507	70.00	0.079
262.189	0.05	Adapter 507Hz	35	0.507	70.00	0.079
262.269	0.05	Adapter 507Hz	35	0.507	70.00	0.079
265.033	0.05	Adapter 3839Hz	36	3.839	70.00	0.437
265.113	0.05	Adapter 3839Hz	36	3.839	70.00	0.437
265.193	0.05	Adapter 3839Hz	36	3.839	70.00	0.437
265.273	0.05	Adapter 3839Hz	36	3.839	70.00	0.437
265.533	0.05	Adapter 3839Hz	36	3.839	70.00	0.437
265.613	0.05	Adapter 3839Hz	36	3.839	70.00	0.437
265.693	0.05	Adapter 3839Hz	36	3.839	70.00	0.437
265.773	0.05	Adapter 3839Hz	36	3.839	70.00	0.437
266.033	0.05	Adapter 3839Hz	36	3.839	70.00	0.437
266.113	0.05	Adapter 3839Hz	36	3.839	70.00	0.437
266.193	0.05	Adapter 3839Hz	36	3.839	70.00	0.437
266.273	0.05	Adapter 3839Hz	36	3.839	70.00	0.437
266.533	0.05	Adapter 3839Hz	36	3.839	70.00	0.437
266.613	0.05	Adapter 3839Hz	36	3.839	70.00	0.437
266.693	0.05	Adapter 3839Hz	36	3.839	70.00	0.437
266.773	0.05	Adapter 3839Hz	36	3.839	70.00	0.437
267.033	0.05	Adapter 3839Hz	36	3.839	70.00	0.437
267.113	0.05	Adapter 3839Hz	36	3.839	70.00	0.437
267.193	0.05	Adapter 3839Hz	36	3.839	70.00	0.437
267.273	0.05	Adapter 3839Hz	36	3.839	70.00	0.437
267.533	0.05	Adapter 3839Hz	36	3.839	70.00	0.437
267.613	0.05	Adapter 3839Hz	36	3.839	70.00	0.437
267.693	0.05	Adapter 3839Hz	36	3.839	70.00	0.437
267.773	0.05	Adapter 3839Hz	36	3.839	70.00	0.437
268.033	0.05	Adapter 3839Hz	36	3.839	70.00	0.437
268.113	0.05	Adapter 3839Hz	36	3.839	70.00	0.437
268.193	0.05	Adapter 3839Hz	36	3.839	70.00	0.437
268.273	0.05	Adapter 3839Hz	36	3.839	70.00	0.437
268.533	0.05	Adapter 3839Hz	36	3.839	70.00	0.437
268.613	0.05	Adapter 3839Hz	36	3.839	70.00	0.437
268.693	0.05	Adapter 3839Hz	36	3.839	70.00	0.437
268.773	0.05	Adapter 3839Hz	36	3.839	70.00	0.437
269.033	0.05	Adapter 3839Hz	36	3.839	70.00	0.437
269.113	0.05	Adapter 3839Hz	36	3.839	70.00	0.437
269.193	0.05	Adapter 3839Hz	36	3.839	70.00	0.437
269.273	0.05	Adapter 3839Hz	36	3.839	70.00	0.437
269.533	0.05	Adapter 3839Hz	36	3.839	70.00	0.437
269.613	0.05	Adapter 3839Hz	36	3.839	70.00	0.437
269.693	0.05	Adapter 3839Hz	36	3.839	70.00	0.437
269.773	0.05	Adapter 3839Hz	36	3.839	70.00	0.437
280.025	0.05	Adapter 507Hz Probe 3839Hz	38	0.507	70.00	0.079
280.105	0.05	Adapter 507Hz Probe 3839Hz	38	0.507	70.00	0.079
280.185	0.05	Adapter 507Hz Probe 3839Hz	38	0.507	70.00	0.079
280.265	0.05	Adapter 507Hz Probe 3839Hz	38	0.507	70.00	0.079
280.345	0.05	Adapter 507Hz Probe 3839Hz	38	3.839	70.00	0.437
280.525	0.05	Adapter 507Hz Probe 3839Hz	38	0.507	70.00	0.079
280.605	0.05	Adapter 507Hz Probe 3839Hz	38	0.507	70.00	0.079
280.685	0.05	Adapter 507Hz Probe 3839Hz	38	0.507	70.00	0.079
280.765	0.05	Adapter 507Hz Probe 3839Hz	38	0.507	70.00	0.079
280.845	0.05	Adapter 507Hz Probe 3839Hz	38	3.839	70.00	0.437
281.025	0.05	Adapter 507Hz Probe 3839Hz	38	0.507	70.00	0.079
281.105	0.05	Adapter 507Hz Probe 3839Hz	38	0.507	70.00	0.079
281.185	0.05	Adapter 507Hz Probe 3839Hz	38	0.507	70.00	0.079
281.265	0.05	Adapter 507Hz Probe 3839Hz	38	0.507	70.00	0.079
281.345	0.05	Adapter 507Hz Probe 3839Hz	38	3.839	70.00	0.437
281.525	0.05	Adapter 507Hz Probe 3839Hz	38	0.507	70.00	0.079
281.605	0.05	Adapter 507Hz Probe 3839Hz	38	0.507	70.00	0.079
281.685	0.05	Adapter 507Hz Probe 3839Hz	38	0.507	70.00	0.079
281.765	0.05	Adapter 507Hz Probe 3839Hz	38	0.507	70.00	0.079
281.845	0.05	Adapter 507Hz Probe 3839Hz	38	3.839	70.00	0.437
282.025	0.05	Adapter 507Hz Probe 3839Hz	38	0.507	70.00	0.079
282.105	0.05	Adapter 507Hz Probe 3839Hz	38	0.507	70.00	0.079
282.185	0.05	Adapter 507Hz Probe 3839Hz	38	0.507	70.00	0.079
282.265	0.05	Adapter 507Hz Probe 3839Hz	38	0.507	70.00	0.079
282.345	0.05	Adapter 507Hz Probe 3839Hz	38	3.839	70.00	0.437
282.525	0.05	Adapter 507Hz Probe 3839Hz	38	0.507	70.00	0.079
282.605	0.05	Adapter 507Hz Probe 3839Hz	38	0.507	70.00	0.079
282.685	0.05	Adapter 507Hz Probe 3839Hz	38	0.507	70.00	0.079
282.765	0.05	Adapter 507Hz Probe 3839Hz	38	0.507	70.00	0.079
282.845	0.05	Adapter 507Hz Probe 3839Hz	38	3.839	70.00	0.437
283.025	0.05	Adapter 507Hz Probe 3839Hz	38	0.507	70.00	0.079
283.105	0.05	Adapter 507Hz Probe 3839Hz	38	0.507	70.00	0.079
283.185	0.05	Adapter 507Hz Probe 3839Hz	38	0.507	70.00	0.079
283.265	0.05	Adapter 507Hz Probe 3839Hz	38	0.507	70.00	0.079
283.345	0.05	Adapter 507Hz Probe 3839Hz	38	3.839	70.00	0.437
283.525	0.05	Adapter 507Hz Probe 3839Hz	38	0.507	70.00	0.079
283.605	0.05	Adapter 507Hz Probe 3839Hz	38	0.507	70.00	0.079
283.685	0.05	Adapter 507Hz Probe 3839Hz	38	0.507	70.00	0.079
283.765	0.05	Adapter 507Hz Probe 3839Hz	38	0.507	70.00	0.079
283.845	0.05	Adapter 507Hz Probe 3839Hz	38	3.839	70.00	0.437
284.025	0.05	Adapter 507Hz Probe 3839Hz	38	0.507	70.00	0.079
284.105	0.05	Adapter 507Hz Probe 3839Hz	38	0.507	70.00	0.079
284.185	0.05	Adapter 507Hz Probe 3839Hz	38	0.507	70.00	0.079
284.265	0.05	Adapter 507Hz Probe 3839Hz	38	0.507	70.00	0.079
284.345	0.05	Adapter 507Hz Probe 3839Hz	38	3.839	70.00	0.437
284.525	0.05	Adapter 507Hz Probe 3839Hz	38	0.507	70.00	0.079
284.605	0.05	Adapter 507Hz Probe 3839Hz	38	0.507	70.00	0.079
284.685	0.05	Adapter 507Hz Probe 3839Hz	38	0.507	70.00	0.079
284.765	0.05	Adapter 507Hz Probe 3839Hz	38	0.507	70.00	0.079
284.845	0.05	Adapter 507Hz Probe 3839Hz	38	3.839	70.00	0.437
287.497	0.05	Adapter 6009Hz	39	6.009	70.00	0.671
287.577	0.05	Adapter 6009Hz	39	6.009	70.00	0.671
287.657	0.05	Adapter 6009Hz	39	6.009	70.00	0.671
287.737	0.05	Adapter 6009Hz	39	6.009	70.00	0.671
287.997	0.05	Adapter 6009Hz	39	6.009	70.00	0.671
288.077	0.05	Adapter 6009Hz	39	6.009	70.00	0.671
288.157	0.05	Adapter 6009Hz	39	6.009	70.00	0.671
288.237	0.05	Adapter 6009Hz	39	6.009	70.00	0.671
288.497	0.05	Adapter 6009Hz	39	6.009	70.00	0.671
288.577	0.05	Adapter 6009Hz	39	6.009	70.00	0.671
288.657	0.05	Adapter 6009Hz	39	6.009	70.00	0.671
288.737	0.05	Adapter 6009Hz	39	6.009	70.00	0.671
288.997	0.05	Adapter 6009Hz	39	6.009	70.00	0.671
289.077	0.05	Adapter 6009Hz	39	6.009	70.00	0.671
289.157	0.05	Adapter 6009Hz	39	6.009	70.00	0.671
289.237	0.05	Adapter 6009Hz	39	6.009	70.00	0.671
289.497	0.05	Adapter 6009Hz	39	6.009	70.00	0.671
289.577	0.05	Adapter 6009Hz	39	6.009	70.00	0.671
289.657	0.05	Adapter 6009Hz	39	6.009	70.00	0.671
289.737	0.05	Adapter 6009Hz	39	6.009	70.00	0.671
289.997	0.05	Adapter 6009Hz	39	6.009	70.00	0.671
290.077	0.05	Adapter 6009Hz	39	6.009	70.00	0.671
290.157	0.05	Adapter 6009Hz	39	6.009	70.00	0.671
290.237	0.05	Adapter 6009Hz	39	6.009	70.00	0.671
290.497	0.05	Adapter 6009Hz	39	6.009	70.00	0.671
290.577	0.05	Adapter 6009Hz	39	6.009	70.00	0.671
290.657	0.05	Adapter 6009Hz	39	6.009	70.00	0.671
290.737	0.05	Adapter 6009Hz	39	6.009	70.00	0.671
290.997	0.05	Adapter 6009Hz	39	6.009	70.00	0.671
291.077	0.05	Adapter 6009Hz	39	6.009	70.00	0.671
291.157	0.05	Adapter 6009Hz	39	6.009	70.00	0.671
291.237	0.05	Adapter 6009Hz	39	6.009	70.00	0.671
291.497	0.05	Adapter 6009Hz	39	6.009	70.00	0.671
291.577	0.05	Adapter 6009Hz	39	6.009	70.00	0.671
291.657	0.05	Adapter 6009Hz	39	6.009	70.00	0.671
291.737	0.05	Adapter 6009Hz	39	6.009	70.00	0.671
291.997	0.05	Adapter 6009Hz	39	6.009	70.00	0.671
292.077	0.05	Adapter 6009Hz	39	6.009	70.00	0.671
292.157	0.05	Adapter 6009Hz	39	6.009	70.00	0.671
292.237	0.05	Adapter 6009Hz	39	6.009	70.00	0.671
295.047	0.05	Adapter 1501Hz	40	1.501	70.00	0.186
295.127	0.05	Adapter 1501Hz	40	1.501	70.00	0.186
295.207	0.05	Adapter 1501Hz	40	1.501	70.00	0.186
295.287	0.05	Adapter 1501Hz	40	1.501	70.00	0.186
295.547	0.05	Adapter 1501Hz	40	1.501	70.00	0.186
295.627	0.05	Adapter 1501Hz	40	1.501	70.00	0.186
295.707	0.05	Adapter 1501Hz	40	1.501	70.00	0.186
295.787	0.05	Adapter 1501Hz	40	1.501	70.00	0.186
296.047	0.05	Adapter 1501Hz	40	1.501	70.00	0.186
296.127	0.05	Adapter 1501Hz	40	1.501	70.00	0.186
296.207	0.05	Adapter 1501Hz	40	1.501	70.00	0.186
296.287	0.05	Adapter 1501Hz	40	1.501	70.00	0.186
296.547	0.05	Adapter 1501Hz	40	1.501	70.00	0.186
296.627	0.05	Adapter 1501Hz	40	1.501	70.00	0.186
296.707	0.05	Adapter 1501Hz	40	1.501	70.00	0.186
296.787	0.05	Adapter 1501Hz	40	1.501	70.00	0.186
297.047	0.05	Adapter 1501Hz	40	1.501	70.00	0.186
297.127	0.05	Adapter 1501Hz	40	1.501	70.00	0.186
297.207	0.05	Adapter 1501Hz	40	1.501	70.00	0.186
297.287	0.05	Adapter 1501Hz	40	1.501	70.00	0.186
297.547	0.05	Adapter 1501Hz	40	1.501	70.00	0.186
297.627	0.05	Adapter 1501Hz	40	1.501	70.00	0.186
297.707	0.05	Adapter 1501Hz	40	1.501	70.00	0.186
297.787	0.05	Adapter 1501Hz	40	1.501	70.00	0.186
298.047	0.05	Adapter 1501Hz	40	1.501	70.00	0.186
298.127	0.05	Adapter 1501Hz	40	1.501	70.00	0.186
298.207	0.05	Adapter 1501Hz	40	1.501	70.00	0.186
298.287	0.05	Adapter 1501Hz	40	1.501	70.00	0.186
298.547	0.05	Adapter 1501Hz	40	1.501	70.00	0.186
298.627	0.05	Adapter 1501Hz	40	1.501	70.00	0.186
298.707	0.05	Adapter 1501Hz	40	1.501	70.00	0.186
298.787	0.05	Adapter 1501Hz	40	1.501	70.00	0.186
299.047	0.05	Adapter 1501Hz	40	1.501	70.00	0.186
299.127	0.05	Adapter 1501Hz	40	1.501	70.00	0.186
299.207	0.05	Adapter 1501Hz	40	1.501	70.00	0.186
299.287	0.05	Adapter 1501Hz	40	1.501	70.00	0.186
299.547	0.05	Adapter 1501Hz	40	1.501	70.00	0.186
299.627	0.05	Adapter 1501Hz	40	1.501	70.00	0.186
299.707	0.05	Adapter 1501Hz	40	1.501	70.00	0.186
299.787	0.05	Adapter 1501Hz	40	1.501	70.00	0.186
302.489	0.05	Adapter 1501Hz Probe 3839Hz	41	1.501	70.00	0.186
302.569	0.05	Adapter 1501Hz Probe 3839Hz	41	1.501	70.00	0.186
302.649	0.05	Adapter 1501Hz Probe 3839Hz	41	1.501	70.00	0.186
302.729	0.05	Adapter 1501Hz Probe 3839Hz	41	1.501	70.00	0.186
302.809	0.05	Adapter 1501Hz Probe 3839Hz	41	3.839	70.00	0.437
302.989	0.05	Adapter 1501Hz Probe 3839Hz	41	1.501	70.00	0.186
303.069	0.05	Adapter 1501Hz Probe 3839Hz	41	1.501	70.00	0.186
303.149	0.05	Adapter 1501Hz Probe 3839Hz	41	1.501	70.00	0.186
303.229	0.05	Adapter 1501Hz Probe 3839Hz	41	1.501	70.00	0.186
303.309	0.05	Adapter 1501Hz Probe 3839Hz	41	3.839	70.00	0.437
303.489	0.05	Adapter 1501Hz Probe 3839Hz	41	1.501	70.00	0.186
303.569	0.05	Adapter 1501Hz Probe 3839Hz	41	1.501	70.00	0.186
303.649	0.05	Adapter 1501Hz Probe 3839Hz	41	1.501	70.00	0.186
303.729	0.05	Adapter 1501Hz Probe 3839Hz	41	1.501	70.00	0.186
303.809	0.05	Adapter 1501Hz Probe 3839Hz	41	3.839	70.00	0.437
303.989	0.05	Adapter 1501Hz Probe 3839Hz	41	1.501	70.00	0.186
304.069	0.05	Adapter 1501Hz Probe 3839Hz	41	1.501	70.00	0.186
304.149	0.05	Adapter 1501Hz Probe 3839Hz	41	1.501	70.00	0.186
304.229	0.05	Adapter 1501Hz Probe 3839Hz	41	1.501	70.00	0.186
304.309	0.05	Adapter 1501Hz Probe 3839Hz	41	3.839	70.00	0.437
304.489	0.05	Adapter 1501Hz Probe 3839Hz	41	1.501	70.00	0.186
304.569	0.05	Adapter 1501Hz Probe 3839Hz	41	1.501	70.00	0.186
304.649	0.05	Adapter 1501Hz Probe 3839Hz	41	1.501	70.00	0.186
304.729	0.05	Adapter 1501Hz Probe 3839Hz	41	1.501	70.00	0.186
304.809	0.05	Adapter 1501Hz Probe 3839Hz	41	3.839	70.00	0.437
304.989	0.05	Adapter 1501Hz Probe 3839Hz	41	1.501	70.00	0.186
305.069	0.05	Adapter 1501Hz Probe 3839Hz	41	1.501	70.00	0.186
305.149	0.05	Adapter 1501Hz Probe 3839Hz	41	1.501	70.00	0.186
305.229	0.05	Adapter 1501Hz Probe 3839Hz	41	1.501	70.00	0.186
305.309	0.05	Adapter 1501Hz Probe 3839Hz	41	3.839	70.00	0.437
305.489	0.05	Adapter 1501Hz Probe 3839Hz	41	1.501	70.00	0.186
305.569	0.05	Adapter 1501Hz Probe 3839Hz	41	1.501	70.00	0.186
305.649	0.05	Adapter 1501Hz Probe 3839Hz	41	1.501	70.00	0.186
305.729	0.05	Adapter 1501Hz Probe 3839Hz	41	1.501	70.00	0.186
305.809	0.05	Adapter 1501Hz Probe 3839Hz	41	3.839	70.00	0.437
305.989	0.05	Adapter 1501Hz Probe 3839Hz	41	1.501	70.00	0.186
306.069	0.05	Adapter 1501Hz Probe 3839Hz	41	1.501	70.00	0.186
306.149	0.05	Adapter 1501Hz Probe 3839Hz	41	1.501	70.00	0.186
306.229	0.05	Adapter 1501Hz Probe 3839Hz	41	1.501	70.00	0.186
306.309	0.05	Adapter 1501Hz Probe 3839Hz	41	3.839	70.00	0.437
306.489	0.05	Adapter 1501Hz Probe 3839Hz	41	1.501	70.00	0.186
306.569	0.05	Adapter 1501Hz Probe 3839Hz	41	1.501	70.00	0.186
306.649	0.05	Adapter 1501Hz Probe 3839Hz	41	1.501	70.00	0.186
306.729	0.05	Adapter 1501Hz Probe 3839Hz	41	1.501	70.00	0.186
306.809	0.05	Adapter 1501Hz Probe 3839Hz	41	3.839	70.00	0.437
306.989	0.05	Adapter 1501Hz Probe 3839Hz	41	1.501	70.00	0.186
307.069	0.05	Adapter 1501Hz Probe 3839Hz	41	1.501	70.00	0.186
307.149	0.05	Adapter 1501Hz Probe 3839Hz	41	1.501	70.00	0.186
307.229	0.05	Adapter 1501Hz Probe 3839Hz	41	1.501	70.00	0.186
307.309	0.05	Adapter 1501Hz Probe 3839Hz	41	3.839	70.00	0.437
310.008	0.05	Adapter 899Hz	42	0.899	70.00	0.121
310.088	0.05	Adapter 899Hz	42	0.899	70.00	0.121
310.168	0.05	Adapter 899Hz	42	0.899	70.00	0.121
310.248	0.05	Adapter 899Hz	42	0.899	70.00	0.121
310.508	0.05	Adapter 899Hz	42	0.899	70.00	0.121
310.588	0.05	Adapter 899Hz	42	0.899	70.00	0.121
310.668	0.05	Adapter 899Hz	42	0.899	70.00	0.121
310.748	0.05	Adapter 899Hz	42	0.899	70.00	0.121
311.008	0.05	Adapter 899Hz	42	0.899	70.00	0.121
311.088	0.05	Adapter 899Hz	42	0.899	70.00	0.121
311.168	0.05	Adapter 899Hz	42	0.899	70.00	0.121
311.248	0.05	Adapter 899Hz	42	0.899	70.00	0.121
311.508	0.05	Adapter 899Hz	42	0.899	70.00	0.121
311.588	0.05	Adapter 899Hz	42	0.899	70.00	0.121
311.668	0.05	Adapter 899Hz	42	0.899	70.00	0.121
311.748	0.05	Adapter 899Hz	42	0.899	70.00	0.121
312.008	0.05	Adapter 899Hz	42	0.899	70.00	0.121
312.088	0.05	Adapter 899Hz	42	0.899	70.00	0.121
312.168	0.05	Adapter 899Hz	42	0.899	70.00	0.121
312.248	0.05	Adapter 899Hz	42	0.899	70.00	0.121
312.508	0.05	Adapter 899Hz	42	0.899	70.00	0.121
312.588	0.05	Adapter 899Hz	42	0.899	70.00	0.121
312.668	0.05	Adapter 899Hz	42	0.899	70.00	0.121
312.748	0.05	Adapter 899Hz	42	0.899	70.00	0.121
313.008	0.05	Adapter 899Hz	42	0.899	70.00	0.121
313.088	0.05	Adapter 899Hz	42	0.899	70.00	0.121
313.168	0.05	Adapter 899Hz	42	0.899	70.00	0.121
313.248	0.05	Adapter 899Hz	42	0.899	70.00	0.121
313.508	0.05	Adapter 899Hz	42	0.899	70.00	0.121
313.588	0.05	Adapter 899Hz	42	0.899	70.00	0.121
313.668	0.05	Adapter 899Hz	42	0.899	70.00	0.121
313.748	0.05	Adapter 899Hz	42	0.899	70.00	0.121
314.008	0.05	Adapter 899Hz	42	0.899	70.00	0.121
314.088	0.05	Adapter 899Hz	42	0.899	70.00	0.121
314.168	0.05	Adapter 899Hz	42	0.899	70.00	0.121
314.248	0.05	Adapter 899Hz	42	0.899	70.00	0.121
314.508	0.05	Adapter 899Hz	42	0.899	70.00	0.121
314.588	0.05	Adapter 899Hz	42	0.899	70.00	0.121
314.668	0.05	Adapter 899Hz	42	0.899	70.00	0.121
314.748	0.05	Adapter 899Hz	42	0.899	70.00	0.121
317.496	0.05	Adapter 251Hz	43	0.251	70.00	0.052
317.576	0.05	Adapter 251Hz	43	0.251	70.00	0.052
317.656	0.05	Adapter 251Hz	43	0.251	70.00	0.052
317.736	0.05	Adapter 251Hz	43	0.251	70.00	0.052
317.996	0.05	Adapter 251Hz	43	0.251	70.00	0.052
318.076	0.05	Adapter 251Hz	43	0.251	70.00	0.052
318.156	0.05	Adapter 251Hz	43	0.251	70.00	0.052
318.236	0.05	Adapter 251Hz	43	0.251	70.00	0.052
318.496	0.05	Adapter 251Hz	43	0.251	70.00	0.052
318.576	0.05	Adapter 251Hz	43	0.251	70.00	0.052
318.656	0.05	Adapter 251Hz	43	0.251	70.00	0.052
318.736	0.05	Adapter 251Hz	43	0.251	70.00	0.052
318.996	0.05	Adapter 251Hz	43	0.251	70.00	0.052
319.076	0.05	Adapter 251Hz	43	0.251	70.00	0.052
319.156	0.05	Adapter 251Hz	43	0.251	70.00	0.052
319.236	0.05	Adapter 251Hz	43	0.251	70.00	0.052
319.496	0.05	Adapter 251Hz	43	0.251	70.00	0.052
319.576	0.05	Adapter 251Hz	43	0.251	70.00	0.052
319.656	0.05	Adapter 251Hz	43	0.251	70.00	0.052
319.736	0.05	Adapter 251Hz	43	0.251	70.00	0.052
319.996	0.05	Adapter 251Hz	43	0.251	70.00	0.052
320.076	0.05	Adapter 251Hz	43	0.251	70.00	0.052
320.156	0.05	Adapter 251Hz	43	0.251	70.00	0.052
320.236	0.05	Adapter 251Hz	43	0.251	70.00	0.052
320.496	0.05	Adapter 251Hz	43	0.251	70.00	0.052
320.576	0.05	Adapter 251Hz	43	0.251	70.00	0.052
320.656	0.05	Adapter 251Hz	43	0.251	70.00	0.052
320.736	0.05	Adapter 251Hz	43	0.251	70.00	0.052
320.996	0.05	Adapter 251Hz	43	0.251	70.00	0.052
321.076	0.05	Adapter 251Hz	43	0.251	70.00	0.052
321.156	0.05	Adapter 251Hz	43	0.251	70.00	0.052
321.236	0.05	Adapter 251Hz	43	0.251	70.00	0.052
321.496	0.05	Adapter 251Hz	43	0.251	70.00	0.052
321.576	0.05	Adapter 251Hz	43	0.251	70.00	0.052
321.656	0.05	Adapter 251Hz	43	0.251	70.00	0.052
321.736	0.05	Adapter 251Hz	43	0.251	70.00	0.052
321.996	0.05	Adapter 251Hz	43	0.251	70.00	0.052
322.076	0.05	Adapter 251Hz	43	0.251	70.00	0.052
322.156	0.05	Adapter 251Hz	43	0.251	70.00	0.052
322.236	0.05	Adapter 251Hz	43	0.251	70.00	0.052
324.999	0.05	Adapter 2423Hz	44	2.423	70.00	0.285
325.079	0.05	Adapter 2423Hz	44	2.423	70.00	0.285
325.159	0.05	Adapter 2423Hz	44	2.423	70.00	0.285
325.239	0.05	Adapter 2423Hz	44	2.423	70.00	0.285
325.499	0.05	Adapter 2423Hz	44	2.423	70.00	0.285
325.579	0.05	Adapter 2423Hz	44	2.423	70.00	0.285
325.659	0.05	Adapter 2423Hz	44	2.423	70.00	0.285
325.739	0.05	Adapter 2423Hz	44	2.423	70.00	0.285
325.999	0.05	Adapter 2423Hz	44	2.423	70.00	0.285
326.079	0.05	Adapter 2423Hz	44	2.423	70.00	0.285
326.159	0.05	Adapter 2423Hz	44	2.423	70.00	0.285
326.239	0.05	Adapter 2423Hz	44	2.423	70.00	0.285
326.499	0.05	Adapter 2423Hz	44	2.423	70.00	0.285
326.579	0.05	Adapter 2423Hz	44	2.423	70.00	0.285
326.659	0.05	Adapter 2423Hz	44	2.423	70.00	0.285
326.739	0.05	Adapter 2423Hz	44	2.423	70.00	0.285
326.999	0.05	Adapter 2423Hz	44	2.423	70.00	0.285
327.079	0.05	Adapter 2423Hz	44	2.423	70.00	0.285
327.159	0.05	Adapter 2423Hz	44	2.423	70.00	0.285
327.239	0.05	Adapter 2423Hz	44	2.423	70.00	0.285
327.499	0.05	Adapter 2423Hz	44	2.423	70.00	0.285
327.579	0.05	Adapter 2423Hz	44	2.423	70.00	0.285
327.659	0.05	Adapter 2423Hz	44	2.423	70.00	0.285
327.739	0.05	Adapter 2423Hz	44	2.423	70.00	0.285
327.999	0.05	Adapter 2423Hz	44	2.423	70.00	0.285
328.079	0.05	Adapter 2423Hz	44	2.423	70.00	0.285
328.159	0.05	Adapter 2423Hz	44	2.423	70.00	0.285
328.239	0.05	Adapter 2423Hz	44	2.423	70.00	0.285
328.499	0.05	Adapter 2423Hz	44	2.423	70.00	0.285
328.579	0.05	Adapter 2423Hz	44	2.423	70.00	0.285
328.659	0.05	Adapter 2423Hz	44	2.423	70.00	0.285
328.739	0.05	Adapter 2423Hz	44	2.423	70.00	0.285
328.999	0.05	Adapter 2423Hz	44	2.423	70.00	0.285
329.079	0.05	Adapter 2423Hz	44	2.423	70.00	0.285
329.159	0.05	Adapter 2423Hz	44	2.423	70.00	0.285
329.239	0.05	Adapter 2423Hz	44	2.423	70.00	0.285
329.499	0.05	Adapter 2423Hz	44	2.423	70.00	0.285
329.579	0.05	Adapter 2423Hz	44	2.423	70.00	0.285
329.659	0.05	Adapter 2423Hz	44	2.423	70.00	0.285
329.739	0.05	Adapter 2423Hz	44	2.423	70.00	0.285
340.038	0.05	Adapter 2423Hz Probe 3839Hz	46	2.423	70.00	0.285
340.118	0.05	Adapter 2423Hz Probe 3839Hz	46	2.423	70.00	0.285
340.198	0.05	Adapter 2423Hz Probe 3839Hz	46	2.423	70.00	0.285
340.278	0.05	Adapter 2423Hz Probe 3839Hz	46	2.423	70.00	0.285
340.358	0.05	Adapter 2423Hz Probe 3839Hz	46	3.839	70.00	0.437
340.538	0.05	Adapter 2423Hz Probe 3839Hz	46	2.423	70.00	0.285
340.618	0.05	Adapter 2423Hz Probe 3839Hz	46	2.423	70.00	0.285
340.698	0.05	Adapter 2423Hz Probe 3839Hz	46	2.423	70.00	0.285
340.778	0.05	Adapter 2423Hz Probe 3839Hz	46	2.423	70.00	0.285
340.858	0.05	Adapter 2423Hz Probe 3839Hz	46	3.839	70.00	0.437
341.038	0.05	Adapter 2423Hz Probe 3839Hz	46	2.423	70.00	0.285
341.118	0.05	Adapter 2423Hz Probe 3839Hz	46	2.423	70.00	0.285
341.198	0.05	Adapter 2423Hz Probe 3839Hz	46	2.423	70.00	0.285
341.278	0.05	Adapter 2423Hz Probe 3839Hz	46	2.423	70.00	0.285
341.358	0.05	Adapter 2423Hz Probe 3839Hz	46	3.839	70.00	0.437
341.538	0.05	Adapter 2423Hz Probe 3839Hz	46	2.423	70.00	0.285
341.618	0.05	Adapter 2423Hz Probe 3839Hz	46	2.423	70.00	0.285
341.698	0.05	Adapter 2423Hz Probe 3839Hz	46	2.423	70.00	0.285
341.778	0.05	Adapter 2423Hz Probe 3839Hz	46	2.423	70.00	0.285
341.858	0.05	Adapter 2423Hz Probe 3839Hz	46	3.839	70.00	0.437
342.038	0.05	Adapter 2423Hz Probe 3839Hz	46	2.423	70.00	0.285
342.118	0.05	Adapter 2423Hz Probe 3839Hz	46	2.423	70.00	0.285
342.198	0.05	Adapter 2423Hz Probe 3839Hz	46	2.423	70.00	0.285
342.278	0.05	Adapter 2423Hz Probe 3839Hz	46	2.423	70.00	0.285
342.358	0.05	Adapter 2423Hz Probe 3839Hz	46	3.839	70.00	0.437
342.538	0.05	Adapter 2423Hz Probe 3839Hz	46	2.423	70.00	0.285
342.618	0.05	Adapter 2423Hz Probe 3839Hz	46	2.423	70.00	0.285
342.698	0.05	Adapter 2423Hz Probe 3839Hz	46	2.423	70.00	0.285
342.778	0.05	Adapter 2423Hz Probe 3839Hz	46	2.423	70.00	0.285
342.858	0.05	Adapter 2423Hz Probe 3839Hz	46	3.839	70.00	0.437
343.038	0.05	Adapter 2423Hz Probe 3839Hz	46	2.423	70.00	0.285
343.118	0.05	Adapter 2423Hz Probe 3839Hz	46	2.423	70.00	0.285
343.198	0.05	Adapter 2423Hz Probe 3839Hz	46	2.423	70.00	0.285
343.278	0.05	Adapter 2423Hz Probe 3839Hz	46	2.423	70.00	0.285
343.358	0.05	Adapter 2423Hz Probe 3839Hz	46	3.839	70.00	0.437
343.538	0.05	Adapter 2423Hz Probe 3839Hz	46	2.423	70.00	0.285
343.618	0.05	Adapter 2423Hz Probe 3839Hz	46	2.423	70.00	0.285
343.698	0.05	Adapter 2423Hz Probe 3839Hz	46	2.423	70.00	0.285
343.778	0.05	Adapter 2423Hz Probe 3839Hz	46	2.423	70.00	0.285
343.858	0.05	Adapter 2423Hz Probe 3839Hz	46	3.839	70.00	0.437
344.038	0.05	Adapter 2423Hz Probe 3839Hz	46	2.423	70.00	0.285
344.118	0.05	Adapter 2423Hz Probe 3839Hz	46	2.423	70.00	0.285
344.198	0.05	Adapter 2423Hz Probe 3839Hz	46	2.423	70.00	0.285
344.278	0.05	Adapter 2423Hz Probe 3839Hz	46	2.423	70.00	0.285
344.358	0.05	Adapter 2423Hz Probe 3839Hz	46	3.839	70.00	0.437
344.538	0.05	Adapter 2423Hz Probe 3839Hz	46	2.423	70.00	0.285
344.618	0.05	Adapter 2423Hz Probe 3839Hz	46	2.423	70.00	0.285
344.698	0.05	Adapter 2423Hz Probe 3839Hz	46	2.423	70.00	0.285
344.778	0.05	Adapter 2423Hz Probe 3839Hz	46	2.423	70.00	0.285
344.858	0.05	Adapter 2423Hz Probe 3839Hz	46	3.839	70.00	0.437
347.526	0.05	Adapter 899Hz Probe 3839Hz	47	0.899	70.00	0.121
347.606	0.05	Adapter 899Hz Probe 3839Hz	47	0.899	70.00	0.121
347.686	0.05	Adapter 899Hz Probe 3839Hz	47	0.899	70.00	0.121
347.766	0.05	Adapter 899Hz Probe 3839Hz	47	0.899	70.00	0.121
347.846	0.05	Adapter 899Hz Probe 3839Hz	47	3.839	70.00	0.437
348.026	0.05	Adapter 899Hz Probe 3839Hz	47	0.899	70.00	0.121
348.106	0.05	Adapter 899Hz Probe 3839Hz	47	0.899	70.00	0.121
348.186	0.05	Adapter 899Hz Probe 3839Hz	47	0.899	70.00	0.121
348.266	0.05	Adapter 899Hz Probe 3839Hz	47	0.899	70.00	0.121
348.346	0.05	Adapter 899Hz Probe 3839Hz	47	3.839	70.00	0.437
348.526	0.05	Adapter 899Hz Probe 3839Hz	47	0.899	70.00	0.121
348.606	0.05	Adapter 899Hz Probe 3839Hz	47	0.899	70.00	0.121
348.686	0.05	Adapter 899Hz Probe 3839Hz	47	0.899	70.00	0.121
348.766	0.05	Adapter 899Hz Probe 3839Hz	47	0.899	70.00	0.121
348.846	0.05	Adapter 899Hz Probe 3839Hz	47	3.839	70.00	0.437
349.026	0.05	Adapter 899Hz Probe 3839Hz	47	0.899	70.00	0.121
349.106	0.05	Adapter 899Hz Probe 3839Hz	47	0.899	70.00	0.121
349.186	0.05	Adapter 899Hz Probe 3839Hz	47	0.899	70.00	0.121
349.266	0.05	Adapter 899Hz Probe 3839Hz	47	0.899	70.00	0.121
349.346	0.05	Adapter 899Hz Probe 3839Hz	47	3.839	70.00	0.437
349.526	0.05	Adapter 899Hz Probe 3839Hz	47	0.899	70.00	0.121
349.606	0.05	Adapter 899Hz Probe 3839Hz	47	0.899	70.00	0.121
349.686	0.05	Adapter 899Hz Probe 3839Hz	47	0.899	70.00	0.121
349.766	0.05	Adapter 899Hz Probe 3839Hz	47	0.899	70.00	0.121
349.846	0.05	Adapter 899Hz Probe 3839Hz	47	3.839	70.00	0.437
350.026	0.05	Adapter 899Hz Probe 3839Hz	47	0.899	70.00	0.121
350.106	0.05	Adapter 899Hz Probe 3839Hz	47	0.899	70.00	0.121
350.186	0.05	Adapter 899Hz Probe 3839Hz	47	0.899	70.00	0.121
350.266	0.05	Adapter 899Hz Probe 3839Hz	47	0.899	70.00	0.121
350.346	0.05	Adapter 899Hz Probe 3839Hz	47	3.839	70.00	0.437
350.526	0.05	Adapter 899Hz Probe 3839Hz	47	0.899	70.00	0.121
350.606	0.05	Adapter 899Hz Probe 3839Hz	47	0.899	70.00	0.121
350.686	0.05	Adapter 899Hz Probe 3839Hz	47	0.899	70.00	0.121
350.766	0.05	Adapter 899Hz Probe 3839Hz	47	0.899	70.00	0.121
350.846	0.05	Adapter 899Hz Probe 3839Hz	47	3.839	70.00	0.437
351.026	0.05	Adapter 899Hz Probe 3839Hz	47	0.899	70.00	0.121
351.106	0.05	Adapter 899Hz Probe 3839Hz	47	0.899	70.00	0.121
351.186	0.05	Adapter 899Hz Probe 3839Hz	47	0.899	70.00	0.121
351.266	0.05	Adapter 899Hz Probe 3839Hz	47	0.899	70.00	0.121
351.346	0.05	Adapter 899Hz Probe 3839Hz	47	3.839	70.00	0.437
351.526	0.05	Adapter 899Hz Probe 3839Hz	47	0.899	70.00	0.121
351.606	0.05	Adapter 899Hz Probe 3839Hz	47	0.899	70.00	0.121
351.686	0.05	Adapter 899Hz Probe 3839Hz	47	0.899	70.00	0.121
351.766	0.05	Adapter 899Hz Probe 3839Hz	47	0.899	70.00	0.121
351.846	0.05	Adapter 899Hz Probe 3839Hz	47	3.839	70.00	0.437
352.026	0.05	Adapter 899Hz Probe 3839Hz	47	0.899	70.00	0.121
352.106	0.05	Adapter 899Hz Probe 3839Hz	47	0.899	70.00	0.121
352.186	0.05	Adapter 899Hz Probe 3839Hz	47	0.899	70.00	0.121
352.266	0.05	Adapter 899Hz Probe 3839Hz	47	0.899	70.00	0.121
352.346	0.05	Adapter 899Hz Probe 3839Hz	47	3.839	70.00	0.437
362.533	0.05	Adapter 251Hz	49	0.251	70.00	0.052
362.613	0.05	Adapter 251Hz	49	0.251	70.00	0.052
362.693	0.05	Adapter 251Hz	49	0.251	70.00	0.052
362.773	0.05	Adapter 251Hz	49	0.251	70.00	0.052
363.033	0.05	Adapter 251Hz	49	0.251	70.00	0.052
363.113	0.05	Adapter 251Hz	49	0.251	70.00	0.052
363.193	0.05	Adapter 251Hz	49	0.251	70.00	0.052
363.273	0.05	Adapter 251Hz	49	0.251	70.00	0.052
363.533	0.05	Adapter 251Hz	49	0.251	70.00	0.052
363.613	0.05	Adapter 251Hz	49	0.251	70.00	0.052
363.693	0.05	Adapter 251Hz	49	0.251	70.00	0.052
363.773	0.05	Adapter 251Hz	49	0.251	70.00	0.052
364.033	0.05	Adapter 251Hz	49	0.251	70.00	0.052
364.113	0.05	Adapter 251Hz	49	0.251	70.00	0.052
364.193	0.05	Adapter 251Hz	49	0.251	70.00	0.052
364.273	0.05	Adapter 251Hz	49	0.251	70.00	0.052
364.533	0.05	Adapter 251Hz	49	0.251	70.00	0.052
364.613	0.05	Adapter 251Hz	49	0.251	70.00	0.052
364.693	0.05	Adapter 251Hz	49	0.251	70.00	0.052
364.773	0.05	Adapter 251Hz	49	0.251	70.00	0.052
365.033	0.05	Adapter 251Hz	49	0.251	70.00	0.052
365.113	0.05	Adapter 251Hz	49	0.251	70.00	0.052
365.193	0.05	Adapter 251Hz	49	0.251	70.00	0.052
365.273	0.05	Adapter 251Hz	49	0.251	70.00	0.052
365.533	0.05	Adapter 251Hz	49	0.251	70.00	0.052
365.613	0.05	Adapter 251Hz	49	0.251	70.00	0.052
365.693	0.05	Adapter 251Hz	49	0.251	70.00	0.052
365.773	0.05	Adapter 251Hz	49	0.251	70.00	0.052
366.033	0.05	Adapter 251Hz	49	0.251	70.00	0.052
366.113	0.05	Adapter 251Hz	49	0.251	70.00	0.052
366.193	0.05	Adapter 251Hz	49	0.251	70.00	0.052
366.273	0.05	Adapter 251Hz	49	0.251	70.00	0.052
366.533	0.05	Adapter 251Hz	49	0.251	70.00	0.052
366.613	0.05	Adapter 251Hz	49	0.251	70.00	0.052
366.693	0.05	Adapter 251Hz	49	0.251	70.00	0.052
366.773	0.05	Adapter 251Hz	49	0.251	70.00	0.052
367.033	0.05	Adapter 251Hz	49	0.251	70.00	0.052
367.113	0.05	Adapter 251Hz	49	0.251	70.00	0.052
367.193	0.05	Adapter 251Hz	49	0.251	70.00	0.052
367.273	0.05	Adapter 251Hz	49	0.251	70.00	0.052
370.037	0.05	Adapter 6009Hz	50	6.009	70.00	0.671
370.117	0.05	Adapter 6009Hz	50	6.009	70.00	0.671
370.197	0.05	Adapter 6009Hz	50	6.009	70.00	0.671
370.277	0.05	Adapter 6009Hz	50	6.009	70.00	0.671
370.537	0.05	Adapter 6009Hz	50	6.009	70.00	0.671
370.617	0.05	Adapter 6009Hz	50	6.009	70.00	0.671
370.697	0.05	Adapter 6009Hz	50	6.009	70.00	0.671
370.777	0.05	Adapter 6009Hz	50	6.009	70.00	0.671
371.037	0.05	Adapter 6009Hz	50	6.009	70.00	0.671
371.117	0.05	Adapter 6009Hz	50	6.009	70.00	0.671
371.197	0.05	Adapter 6009Hz	50	6.009	70.00	0.671
371.277	0.05	Adapter 6009Hz	50	6.009	70.00	0.671
371.537	0.05	Adapter 6009Hz	50	6.009	70.00	0.671
371.617	0.05	Adapter 6009Hz	50	6.009	70.00	0.671
371.697	0.05	Adapter 6009Hz	50	6.009	70.00	0.671
371.777	0.05	Adapter 6009Hz	50	6.009	70.00	0.671
372.037	0.05	Adapter 6009Hz	50	6.009	70.00	0.671
372.117	0.05	Adapter 6009Hz	50	6.009	70.00	0.671
372.197	0.05	Adapter 6009Hz	50	6.009	70.00	0.671
372.277	0.05	Adapter 6009Hz	50	6.009	70.00	0.671
372.537	0.05	Adapter 6009Hz	50	6.009	70.00	0.671
372.617	0.05	Adapter 6009Hz	50	6.009	70.00	0.671
372.697	0.05	Adapter 6009Hz	50	6.009	70.00	0.671
372.777	0.05	Adapter 6009Hz	50	6.009	70.00	0.671
373.037	0.05	Adapter 6009Hz	50	6.009	70.00	0.671
373.117	0.05	Adapter 6009Hz	50	6.009	70.00	0.671
373.197	0.05	Adapter 6009Hz	50	6.009	70.00	0.671
373.277	0.05	Adapter 6009Hz	50	6.009	70.00	0.671
373.537	0.05	Adapter 6009Hz	50	6.009	70.00	0.671
373.617	0.05	Adapter 6009Hz	50	6.009	70.00	0.671
373.697	0.05	Adapter 6009Hz	50	6.009	70.00	0.671
373.777	0.05	Adapter 6009Hz	50	6.009	70.00	0.671
374.037	0.05	Adapter 6009Hz	50	6.009	70.00	0.671
374.117	0.05	Adapter 6009Hz	50	6.009	70.00	0.671
374.197	0.05	Adapter 6009Hz	50	6.009	70.00	0.671
374.277	0.05	Adapter 6009Hz	50	6.009	70.00	0.671
374.537	0.05	Adapter 6009Hz	50	6.009	70.00	0.671
374.617	0.05	Adapter 6009Hz	50	6.009	70.00	0.671
374.697	0.05	Adapter 6009Hz	50	6.009	70.00	0.671
374.777	0.05	Adapter 6009Hz	50	6.009	70.00	0.671
377.494	0.05	Adapter 507Hz Probe 3839Hz	51	0.507	70.00	0.079
377.574	0.05	Adapter 507Hz Probe 3839Hz	51	0.507	70.00	0.079
377.654	0.05	Adapter 507Hz Probe 3839Hz	51	0.507	70.00	0.079
377.734	0.05	Adapter 507Hz Probe 3839Hz	51	0.507	70.00	0.079
377.814	0.05	Adapter 507Hz Probe 3839Hz	51	3.839	70.00	0.437
377.994	0.05	Adapter 507Hz Probe 3839Hz	51	0.507	70.00	0.079
378.074	0.05	Adapter 507Hz Probe 3839Hz	51	0.507	70.00	0.079
378.154	0.05	Adapter 507Hz Probe 3839Hz	51	0.507	70.00	0.079
378.234	0.05	Adapter 507Hz Probe 3839Hz	51	0.507	70.00	0.079
378.314	0.05	Adapter 507Hz Probe 3839Hz	51	3.839	70.00	0.437
378.494	0.05	Adapter 507Hz Probe 3839Hz	51	0.507	70.00	0.079
378.574	0.05	Adapter 507Hz Probe 3839Hz	51	0.507	70.00	0.079
378.654	0.05	Adapter 507Hz Probe 3839Hz	51	0.507	70.00	0.079
378.734	0.05	Adapter 507Hz Probe 3839Hz	51	0.507	70.00	0.079
378.814	0.05	Adapter 507Hz Probe 3839Hz	51	3.839	70.00	0.437
378.994	0.05	Adapter 507Hz Probe 3839Hz	51	0.507	70.00	0.079
379.074	0.05	Adapter 507Hz Probe 3839Hz	51	0.507	70.00	0.079
379.154	0.05	Adapter 507Hz Probe 3839Hz	51	0.507	70.00	0.079
379.234	0.05	Adapter 507Hz Probe 3839Hz	51	0.507	70.00	0.079
379.314	0.05	Adapter 507Hz Probe 3839Hz	51	3.839	70.00	0.437
379.494	0.05	Adapter 507Hz Probe 3839Hz	51	0.507	70.00	0.079
379.574	0.05	Adapter 507Hz Probe 3839Hz	51	0.507	70.00	0.079
379.654	0.05	Adapter 507Hz Probe 3839Hz	51	0.507	70.00	0.079
379.734	0.05	Adapter 507Hz Probe 3839Hz	51	0.507	70.00	0.079
379.814	0.05	Adapter 507Hz Probe 3839Hz	51	3.839	70.00	0.437
379.994	0.05	Adapter 507Hz Probe 3839Hz	51	0.507	70.00	0.079
380.074	0.05	Adapter 507Hz Probe 3839Hz	51	0.507	70.00	0.079
380.154	0.05	Adapter 507Hz Probe 3839Hz	51	0.507	70.00	0.079
380.234	0.05	Adapter 507Hz Probe 3839Hz	51	0.507	70.00	0.079
380.314	0.05	Adapter 507Hz Probe 3839Hz	51	3.839	70.00	0.437
380.494	0.05	Adapter 507Hz Probe 3839Hz	51	0.507	70.00	0.079
380.574	0.05	Adapter 507Hz Probe 3839Hz	51	0.507	70.00	0.079
380.654	0.05	Adapter 507Hz Probe 3839Hz	51	0.507	70.00	0.079
380.734	0.05	Adapter 507Hz Probe 3839Hz	51	0.507	70.00	0.079
380.814	0.05	Adapter 507Hz Probe 3839Hz	51	3.839	70.00	0.437
380.994	0.05	Adapter 507Hz Probe 3839Hz	51	0.507	70.00	0.079
381.074	0.05	Adapter 507Hz Probe 3839Hz	51	0.507	70.00	0.079
381.154	0.05	Adapter 507Hz Probe 3839Hz	51	0.507	70.00	0.079
381.234	0.05	Adapter 507Hz Probe 3839Hz	51	0.507	70.00	0.079
381.314	0.05	Adapter 507Hz Probe 3839Hz	51	3.839	70.00	0.437
381.494	0.05	Adapter 507Hz Probe 3839Hz	51	0.507	70.00	0.079
381.574	0.05	Adapter 507Hz Probe 3839Hz	51	0.507	70.00	0.079
381.654	0.05	Adapter 507Hz Probe 3839Hz	51	0.507	70.00	0.079
381.734	0.05	Adapter 507Hz Probe 3839Hz	51	0.507	70.00	0.079
381.814	0.05	Adapter 507Hz Probe 3839Hz	51	3.839	70.00	0.437
381.994	0.05	Adapter 507Hz Probe 3839Hz	51	0.507	70.00	0.079
382.074	0.05	Adapter 507Hz Probe 3839Hz	51	0.507	70.00	0.079
382.154	0.05	Adapter 507Hz Probe 3839Hz	51	0.507	70.00	0.079
382.234	0.05	Adapter 507Hz Probe 3839Hz	51	0.507	70.00	0.079
382.314	0.05	Adapter 507Hz Probe 3839Hz	51	3.839	70.00	0.437
385.013	0.05	Adapter 1501Hz Probe 3839Hz	52	1.501	70.00	0.186
385.093	0.05	Adapter 1501Hz Probe 3839Hz	52	1.501	70.00	0.186
385.173	0.05	Adapter 1501Hz Probe 3839Hz	52	1.501	70.00	0.186
385.253	0.05	Adapter 1501Hz Probe 3839Hz	52	1.501	70.00	0.186
385.333	0.05	Adapter 1501Hz Probe 3839Hz	52	3.839	70.00	0.437
385.513	0.05	Adapter 1501Hz Probe 3839Hz	52	1.501	70.00	0.186
385.593	0.05	Adapter 1501Hz Probe 3839Hz	52	1.501	70.00	0.186
385.673	0.05	Adapter 1501Hz Probe 3839Hz	52	1.501	70.00	0.186
385.753	0.05	Adapter 1501Hz Probe 3839Hz	52	1.501	70.00	0.186
385.833	0.05	Adapter 1501Hz Probe 3839Hz	52	3.839	70.00	0.437
386.013	0.05	Adapter 1501Hz Probe 3839Hz	52	1.501	70.00	0.186
386.093	0.05	Adapter 1501Hz Probe 3839Hz	52	1.501	70.00	0.186
386.173	0.05	Adapter 1501Hz Probe 3839Hz	52	1.501	70.00	0.186
386.253	0.05	Adapter 1501Hz Probe 3839Hz	52	1.501	70.00	0.186
386.333	0.05	Adapter 1501Hz Probe 3839Hz	52	3.839	70.00	0.437
386.513	0.05	Adapter 1501Hz Probe 3839Hz	52	1.501	70.00	0.186
386.593	0.05	Adapter 1501Hz Probe 3839Hz	52	1.501	70.00	0.186
386.673	0.05	Adapter 1501Hz Probe 3839Hz	52	1.501	70.00	0.186
386.753	0.05	Adapter 1501Hz Probe 3839Hz	52	1.501	70.00	0.186
386.833	0.05	Adapter 1501Hz Probe 3839Hz	52	3.839	70.00	0.437
387.013	0.05	Adapter 1501Hz Probe 3839Hz	52	1.501	70.00	0.186
387.093	0.05	Adapter 1501Hz Probe 3839Hz	52	1.501	70.00	0.186
387.173	0.05	Adapter 1501Hz Probe 3839Hz	52	1.501	70.00	0.186
387.253	0.05	Adapter 1501Hz Probe 3839Hz	52	1.501	70.00	0.186
387.333	0.05	Adapter 1501Hz Probe 3839Hz	52	3.839	70.00	0.437
387.513	0.05	Adapter 1501Hz Probe 3839Hz	52	1.501	70.00	0.186
387.593	0.05	Adapter 1501Hz Probe 3839Hz	52	1.501	70.00	0.186
387.673	0.05	Adapter 1501Hz Probe 3839Hz	52	1.501	70.00	0.186
387.753	0.05	Adapter 1501Hz Probe 3839Hz	52	1.501	70.00	0.186
387.833	0.05	Adapter 1501Hz Probe 3839Hz	52	3.839	70.00	0.437
388.013	0.05	Adapter 1501Hz Probe 3839Hz	52	1.501	70.00	0.186
388.093	0.05	Adapter 1501Hz Probe 3839Hz	52	1.501	70.00	0.186
388.173	0.05	Adapter 1501Hz Probe 3839Hz	52	1.501	70.00	0.186
388.253	0.05	Adapter 1501Hz Probe 3839Hz	52	1.501	70.00	0.186
388.333	0.05	Adapter 1501Hz Probe 3839Hz	52	3.839	70.00	0.437
388.513	0.05	Adapter 1501Hz Probe 3839Hz	52	1.501	70.00	0.186
388.593	0.05	Adapter 1501Hz Probe 3839Hz	52	1.501	70.00	0.186
388.673	0.05	Adapter 1501Hz Probe 3839Hz	52	1.501	70.00	0.186
388.753	0.05	Adapter 1501Hz Probe 3839Hz	52	1.501	70.00	0.186
388.833	0.05	Adapter 1501Hz Probe 3839Hz	52	3.839	70.00	0.437
389.013	0.05	Adapter 1501Hz Probe 3839Hz	52	1.501	70.00	0.186
389.093	0.05	Adapter 1501Hz Probe 3839Hz	52	1.501	70.00	0.186
389.173	0.05	Adapter 1501Hz Probe 3839Hz	52	1.501	70.00	0.186
389.253	0.05	Adapter 1501Hz Probe 3839Hz	52	1.501	70.00	0.186
389.333	0.05	Adapter 1501Hz Probe 3839Hz	52	3.839	70.00	0.437
389.513	0.05	Adapter 1501Hz Probe 3839Hz	52	1.501	70.00	0.186
389.593	0.05	Adapter 1501Hz Probe 3839Hz	52	1.501	70.00	0.186
389.673	0.05	Adapter 1501Hz Probe 3839Hz	52	1.501	70.00	0.186
389.753	0.05	Adapter 1501Hz Probe 3839Hz	52	1.501	70.00	0.186
389.833	0.05	Adapter 1501Hz Probe 3839Hz	52	3.839	70.00	0.437
400.004	0.05	Adapter 2423Hz	54	2.423	70.00	0.285
400.084	0.05	Adapter 2423Hz	54	2.423	70.00	0.285
400.164	0.05	Adapter 2423Hz	54	2.423	70.00	0.285
400.244	0.05	Adapter 2423Hz	54	2.423	70.00	0.285
400.504	0.05	Adapter 2423Hz	54	2.423	70.00	0.285
400.584	0.05	Adapter 2423Hz	54	2.423	70.00	0.285
400.664	0.05	Adapter 2423Hz	54	2.423	70.00	0.285
400.744	0.05	Adapter 2423Hz	54	2.423	70.00	0.285
401.004	0.05	Adapter 2423Hz	54	2.423	70.00	0.285
401.084	0.05	Adapter 2423Hz	54	2.423	70.00	0.285
401.164	0.05	Adapter 2423Hz	54	2.423	70.00	0.285
401.244	0.05	Adapter 2423Hz	54	2.423	70.00	0.285
401.504	0.05	Adapter 2423Hz	54	2.423	70.00	0.285
401.584	0.05	Adapter 2423Hz	54	2.423	70.00	0.285
401.664	0.05	Adapter 2423Hz	54	2.423	70.00	0.285
401.744	0.05	Adapter 2423Hz	54	2.423	70.00	0.285
402.004	0.05	Adapter 2423Hz	54	2.423	70.00	0.285
402.084	0.05	Adapter 2423Hz	54	2.423	70.00	0.285
402.164	0.05	Adapter 2423Hz	54	2.423	70.00	0.285
402.244	0.05	Adapter 2423Hz	54	2.423	70.00	0.285
402.504	0.05	Adapter 2423Hz	54	2.423	70.00	0.285
402.584	0.05	Adapter 2423Hz	54	2.423	70.00	0.285
402.664	0.05	Adapter 2423Hz	54	2.423	70.00	0.285
402.744	0.05	Adapter 2423Hz	54	2.423	70.00	0.285
403.004	0.05	Adapter 2423Hz	54	2.423	70.00	0.285
403.084	0.05	Adapter 2423Hz	54	2.423	70.00	0.285
403.164	0.05	Adapter 2423Hz	54	2.423	70.00	0.285
403.244	0.05	Adapter 2423Hz	54	2.423	70.00	0.285
403.504	0.05	Adapter 2423Hz	54	2.423	70.00	0.285
403.584	0.05	Adapter 2423Hz	54	2.423	70.00	0.285
403.664	0.05	Adapter 2423Hz	54	2.423	70.00	0.285
403.744	0.05	Adapter 2423Hz	54	2.423	70.00	0.285
404.004	0.05	Adapter 2423Hz	54	2.423	70.00	0.285
404.084	0.05	Adapter 2423Hz	54	2.423	70.00	0.285
404.164	0.05	Adapter 2423Hz	54	2.423	70.00	0.285
404.244	0.05	Adapter 2423Hz	54	2.423	70.00	0.285
404.504	0.05	Adapter 2423Hz	54	2.423	70.00	0.285
404.584	0.05	Adapter 2423Hz	54	2.423	70.00	0.285
404.664	0.05	Adapter 2423Hz	54	2.423	70.00	0.285
404.744	0.05	Adapter 2423Hz	54	2.423	70.00	0.285
407.859	0.05	Probe 3839Hz	55	3.839	70.00	0.437
408.359	0.05	Probe 3839Hz	55	3.839	70.00	0.437
408.859	0.05	Probe 3839Hz	55	3.839	70.00	0.437
409.359	0.05	Probe 3839Hz	55	3.839	70.00	0.437
409.859	0.05	Probe 3839Hz	55	3.839	70.00	0.437
410.359	0.05	Probe 3839Hz	55	3.839	70.00	0.437
410.859	0.05	Probe 3839Hz	55	3.839	70.00	0.437
411.359	0.05	Probe 3839Hz	55	3.839	70.00	0.437
411.859	0.05	Probe 3839Hz	55	3.839	70.00	0.437
412.359	0.05	Probe 3839Hz	55	3.839	70.00	0.437
415.043	0.05	Adapter 1501Hz	56	1.501	70.00	0.186
415.123	0.05	Adapter 1501Hz	56	1.501	70.00	0.186
415.203	0.05	Adapter 1501Hz	56	1.501	70.00	0.186
415.283	0.05	Adapter 1501Hz	56	1.501	70.00	0.186
415.543	0.05	Adapter 1501Hz	56	1.501	70.00	0.186
415.623	0.05	Adapter 1501Hz	56	1.501	70.00	0.186
415.703	0.05	Adapter 1501Hz	56	1.501	70.00	0.186
415.783	0.05	Adapter 1501Hz	56	1.501	70.00	0.186
416.043	0.05	Adapter 1501Hz	56	1.501	70.00	0.186
416.123	0.05	Adapter 1501Hz	56	1.501	70.00	0.186
416.203	0.05	Adapter 1501Hz	56	1.501	70.00	0.186
416.283	0.05	Adapter 1501Hz	56	1.501	70.00	0.186
416.543	0.05	Adapter 1501Hz	56	1.501	70.00	0.186
416.623	0.05	Adapter 1501Hz	56	1.501	70.00	0.186
416.703	0.05	Adapter 1501Hz	56	1.501	70.00	0.186
416.783	0.05	Adapter 1501Hz	56	1.501	70.00	0.186
417.043	0.05	Adapter 1501Hz	56	1.501	70.00	0.186
417.123	0.05	Adapter 1501Hz	56	1.501	70.00	0.186
417.203	0.05	Adapter 1501Hz	56	1.501	70.00	0.186
417.283	0.05	Adapter 1501Hz	56	1.501	70.00	0.186
417.543	0.05	Adapter 1501Hz	56	1.501	70.00	0.186
417.623	0.05	Adapter 1501Hz	56	1.501	70.00	0.186
417.703	0.05	Adapter 1501Hz	56	1.501	70.00	0.186
417.783	0.05	Adapter 1501Hz	56	1.501	70.00	0.186
418.043	0.05	Adapter 1501Hz	56	1.501	70.00	0.186
418.123	0.05	Adapter 1501Hz	56	1.501	70.00	0.186
418.203	0.05	Adapter 1501Hz	56	1.501	70.00	0.186
418.283	0.05	Adapter 1501Hz	56	1.501	70.00	0.186
418.543	0.05	Adapter 1501Hz	56	1.501	70.00	0.186
418.623	0.05	Adapter 1501Hz	56	1.501	70.00	0.186
418.703	0.05	Adapter 1501Hz	56	1.501	70.00	0.186
418.783	0.05	Adapter 1501Hz	56	1.501	70.00	0.186
419.043	0.05	Adapter 1501Hz	56	1.501	70.00	0.186
419.123	0.05	Adapter 1501Hz	56	1.501	70.00	0.186
419.203	0.05	Adapter 1501Hz	56	1.501	70.00	0.186
419.283	0.05	Adapter 1501Hz	56	1.501	70.00	0.186
419.543	0.05	Adapter 1501Hz	56	1.501	70.00	0.186
419.623	0.05	Adapter 1501Hz	56	1.501	70.00	0.186
419.703	0.05	Adapter 1501Hz	56	1.501	70.00	0.186
419.783	0.05	Adapter 1501Hz	56	1.501	70.00	0.186
430.05	0.05	Adapter 3839Hz Probe 3839Hz	58	3.839	70.00	0.437
430.13	0.05	Adapter 3839Hz Probe 3839Hz	58	3.839	70.00	0.437
430.21	0.05	Adapter 3839Hz Probe 3839Hz	58	3.839	70.00	0.437
430.29	0.05	Adapter 3839Hz Probe 3839Hz	58	3.839	70.00	0.437
430.37	0.05	Adapter 3839Hz Probe 3839Hz	58	3.839	70.00	0.437
430.55	0.05	Adapter 3839Hz Probe 3839Hz	58	3.839	70.00	0.437
430.63	0.05	Adapter 3839Hz Probe 3839Hz	58	3.839	70.00	0.437
430.71	0.05	Adapter 3839Hz Probe 3839Hz	58	3.839	70.00	0.437
430.79	0.05	Adapter 3839Hz Probe 3839Hz	58	3.839	70.00	0.437
430.87	0.05	Adapter 3839Hz Probe 3839Hz	58	3.839	70.00	0.437
431.05	0.05	Adapter 3839Hz Probe 3839Hz	58	3.839	70.00	0.437
431.13	0.05	Adapter 3839Hz Probe 3839Hz	58	3.839	70.00	0.437
431.21	0.05	Adapter 3839Hz Probe 3839Hz	58	3.839	70.00	0.437
431.29	0.05	Adapter 3839Hz Probe 3839Hz	58	3.839	70.00	0.437
431.37	0.05	Adapter 3839Hz Probe 3839Hz	58	3.839	70.00	0.437
431.55	0.05	Adapter 3839Hz Probe 3839Hz	58	3.839	70.00	0.437
431.63	0.05	Adapter 3839Hz Probe 3839Hz	58	3.839	70.00	0.437
431.71	0.05	Adapter 3839Hz Probe 3839Hz	58	3.839	70.00	0.437
431.79	0.05	Adapter 3839Hz Probe 3839Hz	58	3.839	70.00	0.437
431.87	0.05	Adapter 3839Hz Probe 3839Hz	58	3.839	70.00	0.437
432.05	0.05	Adapter 3839Hz Probe 3839Hz	58	3.839	70.00	0.437
432.13	0.05	Adapter 3839Hz Probe 3839Hz	58	3.839	70.00	0.437
432.21	0.05	Adapter 3839Hz Probe 3839Hz	58	3.839	70.00	0.437
432.29	0.05	Adapter 3839Hz Probe 3839Hz	58	3.839	70.00	0.437
432.37	0.05	Adapter 3839Hz Probe 3839Hz	58	3.839	70.00	0.437
432.55	0.05	Adapter 3839Hz Probe 3839Hz	58	3.839	70.00	0.437
432.63	0.05	Adapter 3839Hz Probe 3839Hz	58	3.839	70.00	0.437
432.71	0.05	Adapter 3839Hz Probe 3839Hz	58	3.839	70.00	0.437
432.79	0.05	Adapter 3839Hz Probe 3839Hz	58	3.839	70.00	0.437
432.87	0.05	Adapter 3839Hz Probe 3839Hz	58	3.839	70.00	0.437
433.05	0.05	Adapter 3839Hz Probe 3839Hz	58	3.839	70.00	0.437
433.13	0.05	Adapter 3839Hz Probe 3839Hz	58	3.839	70.00	0.437
433.21	0.05	Adapter 3839Hz Probe 3839Hz	58	3.839	70.00	0.437
433.29	0.05	Adapter 3839Hz Probe 3839Hz	58	3.839	70.00	0.437
433.37	0.05	Adapter 3839Hz Probe 3839Hz	58	3.839	70.00	0.437
433.55	0.05	Adapter 3839Hz Probe 3839Hz	58	3.839	70.00	0.437
433.63	0.05	Adapter 3839Hz Probe 3839Hz	58	3.839	70.00	0.437
433.71	0.05	Adapter 3839Hz Probe 3839Hz	58	3.839	70.00	0.437
433.79	0.05	Adapter 3839Hz Probe 3839Hz	58	3.839	70.00	0.437
433.87	0.05	Adapter 3839Hz Probe 3839Hz	58	3.839	70.00	0.437
434.05	0.05	Adapter 3839Hz Probe 3839Hz	58	3.839	70.00	0.437
434.13	0.05	Adapter 3839Hz Probe 3839Hz	58	3.839	70.00	0.437
434.21	0.05	Adapter 3839Hz Probe 3839Hz	58	3.839	70.00	0.437
434.29	0.05	Adapter 3839Hz Probe 3839Hz	58	3.839	70.00	0.437
434.37	0.05	Adapter 3839Hz Probe 3839Hz	58	3.839	70.00	0.437
434.55	0.05	Adapter 3839Hz Probe 3839Hz	58	3.839	70.00	0.437
434.63	0.05	Adapter 3839Hz Probe 3839Hz	58	3.839	70.00	0.437
434.71	0.05	Adapter 3839Hz Probe 3839Hz	58	3.839	70.00	0.437
434.79	0.05	Adapter 3839Hz Probe 3839Hz	58	3.839	70.00	0.437
434.87	0.05	Adapter 3839Hz Probe 3839Hz	58	3.839	70.00	0.437
444.995	0.05	Adapter 899Hz Probe 3839Hz	60	0.899	70.00	0.121
445.075	0.05	Adapter 899Hz Probe 3839Hz	60	0.899	70.00	0.121
445.155	0.05	Adapter 899Hz Probe 3839Hz	60	0.899	70.00	0.121
445.235	0.05	Adapter 899Hz Probe 3839Hz	60	0.899	70.00	0.121
445.315	0.05	Adapter 899Hz Probe 3839Hz	60	3.839	70.00	0.437
445.495	0.05	Adapter 899Hz Probe 3839Hz	60	0.899	70.00	0.121
445.575	0.05	Adapter 899Hz Probe 3839Hz	60	0.899	70.00	0.121
445.655	0.05	Adapter 899Hz Probe 3839Hz	60	0.899	70.00	0.121
445.735	0.05	Adapter 899Hz Probe 3839Hz	60	0.899	70.00	0.121
445.815	0.05	Adapter 899Hz Probe 3839Hz	60	3.839	70.00	0.437
445.995	0.05	Adapter 899Hz Probe 3839Hz	60	0.899	70.00	0.121
446.075	0.05	Adapter 899Hz Probe 3839Hz	60	0.899	70.00	0.121
446.155	0.05	Adapter 899Hz Probe 3839Hz	60	0.899	70.00	0.121
446.235	0.05	Adapter 899Hz Probe 3839Hz	60	0.899	70.00	0.121
446.315	0.05	Adapter 899Hz Probe 3839Hz	60	3.839	70.00	0.437
446.495	0.05	Adapter 899Hz Probe 3839Hz	60	0.899	70.00	0.121
446.575	0.05	Adapter 899Hz Probe 3839Hz	60	0.899	70.00	0.121
446.655	0.05	Adapter 899Hz Probe 3839Hz	60	0.899	70.00	0.121
446.735	0.05	Adapter 899Hz Probe 3839Hz	60	0.899	70.00	0.121
446.815	0.05	Adapter 899Hz Probe 3839Hz	60	3.839	70.00	0.437
446.995	0.05	Adapter 899Hz Probe 3839Hz	60	0.899	70.00	0.121
447.075	0.05	Adapter 899Hz Probe 3839Hz	60	0.899	70.00	0.121
447.155	0.05	Adapter 899Hz Probe 3839Hz	60	0.899	70.00	0.121
447.235	0.05	Adapter 899Hz Probe 3839Hz	60	0.899	70.00	0.121
447.315	0.05	Adapter 899Hz Probe 3839Hz	60	3.839	70.00	0.437
447.495	0.05	Adapter 899Hz Probe 3839Hz	60	0.899	70.00	0.121
447.575	0.05	Adapter 899Hz Probe 3839Hz	60	0.899	70.00	0.121
447.655	0.05	Adapter 899Hz Probe 3839Hz	60	0.899	70.00	0.121
447.735	0.05	Adapter 899Hz Probe 3839Hz	60	0.899	70.00	0.121
447.815	0.05	Adapter 899Hz Probe 3839Hz	60	3.839	70.00	0.437
447.995	0.05	Adapter 899Hz Probe 3839Hz	60	0.899	70.00	0.121
448.075	0.05	Adapter 899Hz Probe 3839Hz	60	0.899	70.00	0.121
448.155	0.05	Adapter 899Hz Probe 3839Hz	60	0.899	70.00	0.121
448.235	0.05	Adapter 899Hz Probe 3839Hz	60	0.899	70.00	0.121
448.315	0.05	Adapter 899Hz Probe 3839Hz	60	3.839	70.00	0.437
448.495	0.05	Adapter 899Hz Probe 3839Hz	60	0.899	70.00	0.121
448.575	0.05	Adapter 899Hz Probe 3839Hz	60	0.899	70.00	0.121
448.655	0.05	Adapter 899Hz Probe 3839Hz	60	0.899	70.00	0.121
448.735	0.05	Adapter 899Hz Probe 3839Hz	60	0.899	70.00	0.121
448.815	0.05	Adapter 899Hz Probe 3839Hz	60	3.839	70.00	0.437
448.995	0.05	Adapter 899Hz Probe 3839Hz	60	0.899	70.00	0.121
449.075	0.05	Adapter 899Hz Probe 3839Hz	60	0.899	70.00	0.121
449.155	0.05	Adapter 899Hz Probe 3839Hz	60	0.899	70.00	0.121
449.235	0.05	Adapter 899Hz Probe 3839Hz	60	0.899	70.00	0.121
449.315	0.05	Adapter 899Hz Probe 3839Hz	60	3.839	70.00	0.437
449.495	0.05	Adapter 899Hz Probe 3839Hz	60	0.899	70.00	0.121
449.575	0.05	Adapter 899Hz Probe 3839Hz	60	0.899	70.00	0.121
449.655	0.05	Adapter 899Hz Probe 3839Hz	60	0.899	70.00	0.121
449.735	0.05	Adapter 899Hz Probe 3839Hz	60	0.899	70.00	0.121
449.815	0.05	Adapter 899Hz Probe 3839Hz	60	3.839	70.00	0.437
452.545	0.05	Adapter 507Hz	61	0.507	70.00	0.079
452.625	0.05	Adapter 507Hz	61	0.507	70.00	0.079
452.705	0.05	Adapter 507Hz	61	0.507	70.00	0.079
452.785	0.05	Adapter 507Hz	61	0.507	70.00	0.079
453.045	0.05	Adapter 507Hz	61	0.507	70.00	0.079
453.125	0.05	Adapter 507Hz	61	0.507	70.00	0.079
453.205	0.05	Adapter 507Hz	61	0.507	70.00	0.079
453.285	0.05	Adapter 507Hz	61	0.507	70.00	0.079
453.545	0.05	Adapter 507Hz	61	0.507	70.00	0.079
453.625	0.05	Adapter 507Hz	61	0.507	70.00	0.079
453.705	0.05	Adapter 507Hz	61	0.507	70.00	0.079
453.785	0.05	Adapter 507Hz	61	0.507	70.00	0.079
454.045	0.05	Adapter 507Hz	61	0.507	70.00	0.079
454.125	0.05	Adapter 507Hz	61	0.507	70.00	0.079
454.205	0.05	Adapter 507Hz	61	0.507	70.00	0.079
454.285	0.05	Adapter 507Hz	61	0.507	70.00	0.079
454.545	0.05	Adapter 507Hz	61	0.507	70.00	0.079
454.625	0.05	Adapter 507Hz	61	0.507	70.00	0.079
454.705	0.05	Adapter 507Hz	61	0.507	70.00	0.079
454.785	0.05	Adapter 507Hz	61	0.507	70.00	0.079
455.045	0.05	Adapter 507Hz	61	0.507	70.00	0.079
455.125	0.05	Adapter 507Hz	61	0.507	70.00	0.079
455.205	0.05	Adapter 507Hz	61	0.507	70.00	0.079
455.285	0.05	Adapter 507Hz	61	0.507	70.00	0.079
455.545	0.05	Adapter 507Hz	61	0.507	70.00	0.079
455.625	0.05	Adapter 507Hz	61	0.507	70.00	0.079
455.705	0.05	Adapter 507Hz	61	0.507	70.00	0.079
455.785	0.05	Adapter 507Hz	61	0.507	70.00	0.079
456.045	0.05	Adapter 507Hz	61	0.507	70.00	0.079
456.125	0.05	Adapter 507Hz	61	0.507	70.00	0.079
456.205	0.05	Adapter 507Hz	61	0.507	70.00	0.079
456.285	0.05	Adapter 507Hz	61	0.507	70.00	0.079
456.545	0.05	Adapter 507Hz	61	0.507	70.00	0.079
456.625	0.05	Adapter 507Hz	61	0.507	70.00	0.079
456.705	0.05	Adapter 507Hz	61	0.507	70.00	0.079
456.785	0.05	Adapter 507Hz	61	0.507	70.00	0.079
457.045	0.05	Adapter 507Hz	61	0.507	70.00	0.079
457.125	0.05	Adapter 507Hz	61	0.507	70.00	0.079
457.205	0.05	Adapter 507Hz	61	0.507	70.00	0.079
457.285	0.05	Adapter 507Hz	61	0.507	70.00	0.079
460.002	0.05	Adapter 2423Hz Probe 3839Hz	62	2.423	70.00	0.285
460.082	0.05	Adapter 2423Hz Probe 3839Hz	62	2.423	70.00	0.285
460.162	0.05	Adapter 2423Hz Probe 3839Hz	62	2.423	70.00	0.285
460.242	0.05	Adapter 2423Hz Probe 3839Hz	62	2.423	70.00	0.285
460.322	0.05	Adapter 2423Hz Probe 3839Hz	62	3.839	70.00	0.437
460.502	0.05	Adapter 2423Hz Probe 3839Hz	62	2.423	70.00	0.285
460.582	0.05	Adapter 2423Hz Probe 3839Hz	62	2.423	70.00	0.285
460.662	0.05	Adapter 2423Hz Probe 3839Hz	62	2.423	70.00	0.285
460.742	0.05	Adapter 2423Hz Probe 3839Hz	62	2.423	70.00	0.285
460.822	0.05	Adapter 2423Hz Probe 3839Hz	62	3.839	70.00	0.437
461.002	0.05	Adapter 2423Hz Probe 3839Hz	62	2.423	70.00	0.285
461.082	0.05	Adapter 2423Hz Probe 3839Hz	62	2.423	70.00	0.285
461.162	0.05	Adapter 2423Hz Probe 3839Hz	62	2.423	70.00	0.285
461.242	0.05	Adapter 2423Hz Probe 3839Hz	62	2.423	70.00	0.285
461.322	0.05	Adapter 2423Hz Probe 3839Hz	62	3.839	70.00	0.437
461.502	0.05	Adapter 2423Hz Probe 3839Hz	62	2.423	70.00	0.285
461.582	0.05	Adapter 2423Hz Probe 3839Hz	62	2.423	70.00	0.285
461.662	0.05	Adapter 2423Hz Probe 3839Hz	62	2.423	70.00	0.285
461.742	0.05	Adapter 2423Hz Probe 3839Hz	62	2.423	70.00	0.285
461.822	0.05	Adapter 2423Hz Probe 3839Hz	62	3.839	70.00	0.437
462.002	0.05	Adapter 2423Hz Probe 3839Hz	62	2.423	70.00	0.285
462.082	0.05	Adapter 2423Hz Probe 3839Hz	62	2.423	70.00	0.285
462.162	0.05	Adapter 2423Hz Probe 3839Hz	62	2.423	70.00	0.285
462.242	0.05	Adapter 2423Hz Probe 3839Hz	62	2.423	70.00	0.285
462.322	0.05	Adapter 2423Hz Probe 3839Hz	62	3.839	70.00	0.437
462.502	0.05	Adapter 2423Hz Probe 3839Hz	62	2.423	70.00	0.285
462.582	0.05	Adapter 2423Hz Probe 3839Hz	62	2.423	70.00	0.285
462.662	0.05	Adapter 2423Hz Probe 3839Hz	62	2.423	70.00	0.285
462.742	0.05	Adapter 2423Hz Probe 3839Hz	62	2.423	70.00	0.285
462.822	0.05	Adapter 2423Hz Probe 3839Hz	62	3.839	70.00	0.437
463.002	0.05	Adapter 2423Hz Probe 3839Hz	62	2.423	70.00	0.285
463.082	0.05	Adapter 2423Hz Probe 3839Hz	62	2.423	70.00	0.285
463.162	0.05	Adapter 2423Hz Probe 3839Hz	62	2.423	70.00	0.285
463.242	0.05	Adapter 2423Hz Probe 3839Hz	62	2.423	70.00	0.285
463.322	0.05	Adapter 2423Hz Probe 3839Hz	62	3.839	70.00	0.437
463.502	0.05	Adapter 2423Hz Probe 3839Hz	62	2.423	70.00	0.285
463.582	0.05	Adapter 2423Hz Probe 3839Hz	62	2.423	70.00	0.285
463.662	0.05	Adapter 2423Hz Probe 3839Hz	62	2.423	70.00	0.285
463.742	0.05	Adapter 2423Hz Probe 3839Hz	62	2.423	70.00	0.285
463.822	0.05	Adapter 2423Hz Probe 3839Hz	62	3.839	70.00	0.437
464.002	0.05	Adapter 2423Hz Probe 3839Hz	62	2.423	70.00	0.285
464.082	0.05	Adapter 2423Hz Probe 3839Hz	62	2.423	70.00	0.285
464.162	0.05	Adapter 2423Hz Probe 3839Hz	62	2.423	70.00	0.285
464.242	0.05	Adapter 2423Hz Probe 3839Hz	62	2.423	70.00	0.285
464.322	0.05	Adapter 2423Hz Probe 3839Hz	62	3.839	70.00	0.437
464.502	0.05	Adapter 2423Hz Probe 3839Hz	62	2.423	70.00	0.285
464.582	0.05	Adapter 2423Hz Probe 3839Hz	62	2.423	70.00	0.285
464.662	0.05	Adapter 2423Hz Probe 3839Hz	62	2.423	70.00	0.285
464.742	0.05	Adapter 2423Hz Probe 3839Hz	62	2.423	70.00	0.285
464.822	0.05	Adapter 2423Hz Probe 3839Hz	62	3.839	70.00	0.437
467.537	0.05	Adapter 899Hz	63	0.899	70.00	0.121
467.617	0.05	Adapter 899Hz	63	0.899	70.00	0.121
467.697	0.05	Adapter 899Hz	63	0.899	70.00	0.121
467.777	0.05	Adapter 899Hz	63	0.899	70.00	0.121
468.037	0.05	Adapter 899Hz	63	0.899	70.00	0.121
468.117	0.05	Adapter 899Hz	63	0.899	70.00	0.121
468.197	0.05	Adapter 899Hz	63	0.899	70.00	0.121
468.277	0.05	Adapter 899Hz	63	0.899	70.00	0.121
468.537	0.05	Adapter 899Hz	63	0.899	70.00	0.121
468.617	0.05	Adapter 899Hz	63	0.899	70.00	0.121
468.697	0.05	Adapter 899Hz	63	0.899	70.00	0.121
468.777	0.05	Adapter 899Hz	63	0.899	70.00	0.121
469.037	0.05	Adapter 899Hz	63	0.899	70.00	0.121
469.117	0.05	Adapter 899Hz	63	0.899	70.00	0.121
469.197	0.05	Adapter 899Hz	63	0.899	70.00	0.121
469.277	0.05	Adapter 899Hz	63	0.899	70.00	0.121
469.537	0.05	Adapter 899Hz	63	0.899	70.00	0.121
469.617	0.05	Adapter 899Hz	63	0.899	70.00	0.121
469.697	0.05	Adapter 899Hz	63	0.899	70.00	0.121
469.777	0.05	Adapter 899Hz	63	0.899	70.00	0.121
470.037	0.05	Adapter 899Hz	63	0.899	70.00	0.121
470.117	0.05	Adapter 899Hz	63	0.899	70.00	0.121
470.197	0.05	Adapter 899Hz	63	0.899	70.00	0.121
470.277	0.05	Adapter 899Hz	63	0.899	70.00	0.121
470.537	0.05	Adapter 899Hz	63	0.899	70.00	0.121
470.617	0.05	Adapter 899Hz	63	0.899	70.00	0.121
470.697	0.05	Adapter 899Hz	63	0.899	70.00	0.121
470.777	0.05	Adapter 899Hz	63	0.899	70.00	0.121
471.037	0.05	Adapter 899Hz	63	0.899	70.00	0.121
471.117	0.05	Adapter 899Hz	63	0.899	70.00	0.121
471.197	0.05	Adapter 899Hz	63	0.899	70.00	0.121
471.277	0.05	Adapter 899Hz	63	0.899	70.00	0.121
471.537	0.05	Adapter 899Hz	63	0.899	70.00	0.121
471.617	0.05	Adapter 899Hz	63	0.899	70.00	0.121
471.697	0.05	Adapter 899Hz	63	0.899	70.00	0.121
471.777	0.05	Adapter 899Hz	63	0.899	70.00	0.121
472.037	0.05	Adapter 899Hz	63	0.899	70.00	0.121
472.117	0.05	Adapter 899Hz	63	0.899	70.00	0.121
472.197	0.05	Adapter 899Hz	63	0.899	70.00	0.121
472.277	0.05	Adapter 899Hz	63	0.899	70.00	0.121
475.009	0.05	Adapter 3839Hz	64	3.839	70.00	0.437
475.089	0.05	Adapter 3839Hz	64	3.839	70.00	0.437
475.169	0.05	Adapter 3839Hz	64	3.839	70.00	0.437
475.249	0.05	Adapter 3839Hz	64	3.839	70.00	0.437
475.509	0.05	Adapter 3839Hz	64	3.839	70.00	0.437
475.589	0.05	Adapter 3839Hz	64	3.839	70.00	0.437
475.669	0.05	Adapter 3839Hz	64	3.839	70.00	0.437
475.749	0.05	Adapter 3839Hz	64	3.839	70.00	0.437
476.009	0.05	Adapter 3839Hz	64	3.839	70.00	0.437
476.089	0.05	Adapter 3839Hz	64	3.839	70.00	0.437
476.169	0.05	Adapter 3839Hz	64	3.839	70.00	0.437
476.249	0.05	Adapter 3839Hz	64	3.839	70.00	0.437
476.509	0.05	Adapter 3839Hz	64	3.839	70.00	0.437
476.589	0.05	Adapter 3839Hz	64	3.839	70.00	0.437
476.669	0.05	Adapter 3839Hz	64	3.839	70.00	0.437
476.749	0.05	Adapter 3839Hz	64	3.839	70.00	0.437
477.009	0.05	Adapter 3839Hz	64	3.839	70.00	0.437
477.089	0.05	Adapter 3839Hz	64	3.839	70.00	0.437
477.169	0.05	Adapter 3839Hz	64	3.839	70.00	0.437
477.249	0.05	Adapter 3839Hz	64	3.839	70.00	0.437
477.509	0.05	Adapter 3839Hz	64	3.839	70.00	0.437
477.589	0.05	Adapter 3839Hz	64	3.839	70.00	0.437
477.669	0.05	Adapter 3839Hz	64	3.839	70.00	0.437
477.749	0.05	Adapter 3839Hz	64	3.839	70.00	0.437
478.009	0.05	Adapter 3839Hz	64	3.839	70.00	0.437
478.089	0.05	Adapter 3839Hz	64	3.839	70.00	0.437
478.169	0.05	Adapter 3839Hz	64	3.839	70.00	0.437
478.249	0.05	Adapter 3839Hz	64	3.839	70.00	0.437
478.509	0.05	Adapter 3839Hz	64	3.839	70.00	0.437
478.589	0.05	Adapter 3839Hz	64	3.839	70.00	0.437
478.669	0.05	Adapter 3839Hz	64	3.839	70.00	0.437
478.749	0.05	Adapter 3839Hz	64	3.839	70.00	0.437
479.009	0.05	Adapter 3839Hz	64	3.839	70.00	0.437
479.089	0.05	Adapter 3839Hz	64	3.839	70.00	0.437
479.169	0.05	Adapter 3839Hz	64	3.839	70.00	0.437
479.249	0.05	Adapter 3839Hz	64	3.839	70.00	0.437
479.509	0.05	Adapter 3839Hz	64	3.839	70.00	0.437
479.589	0.05	Adapter 3839Hz	64	3.839	70.00	0.437
479.669	0.05	Adapter 3839Hz	64	3.839	70.00	0.437
479.749	0.05	Adapter 3839Hz	64	3.839	70.00	0.437
