onset	duration	trial_type	scan	frequency_kHz	level_dB_SPL	bandwidth_kHz
2.5	0.05	Adapter 899Hz	1	0.899	70.00	0.121
2.58	0.05	Adapter 899Hz	1	0.899	70.00	0.121
2.66	0.05	Adapter 899Hz	1	0.899	70.00	0.121
2.74	0.05	Adapter 899Hz	1	0.899	70.00	0.121
3.0	0.05	Adapter 899Hz	1	0.899	70.00	0.121
3.08	0.05	Adapter 899Hz	1	0.899	70.00	0.121
3.16	0.05	Adapter 899Hz	1	0.899	70.00	0.121
3.24	0.05	Adapter 899Hz	1	0.899	70.00	0.121
3.5	0.05	Adapter 899Hz	1	0.899	70.00	0.121
3.58	0.05	Adapter 899Hz	1	0.899	70.00	0.121
3.66	0.05	Adapter 899Hz	1	0.899	70.00	0.121
3.74	0.05	Adapter 899Hz	1	0.899	70.00	0.121
4.0	0.05	Adapter 899Hz	1	0.899	70.00	0.121
4.08	0.05	Adapter 899Hz	1	0.899	70.00	0.121
4.16	0.05	Adapter 899Hz	1	0.899	70.00	0.121
4.24	0.05	Adapter 899Hz	1	0.899	70.00	0.121
4.5	0.05	Adapter 899Hz	1	0.899	70.00	0.121
4.58	0.05	Adapter 899Hz	1	0.899	70.00	0.121
4.66	0.05	Adapter 899Hz	1	0.899	70.00	0.121
4.74	0.05	Adapter 899Hz	1	0.899	70.00	0.121
5.0	0.05	Adapter 899Hz	1	0.899	70.00	0.121
5.08	0.05	Adapter 899Hz	1	0.899	70.00	0.121
5.16	0.05	Adapter 899Hz	1	0.899	70.00	0.121
5.24	0.05	Adapter 899Hz	1	0.899	70.00	0.121
5.5	0.05	Adapter 899Hz	1	0.899	70.00	0.121
5.58	0.05	Adapter 899Hz	1	0.899	70.00	0.121
5.66	0.05	Adapter 899Hz	1	0.899	70.00	0.121
5.74	0.05	Adapter 899Hz	1	0.899	70.00	0.121
6.0	0.05	Adapter 899Hz	1	0.899	70.00	0.121
6.08	0.05	Adapter 899Hz	1	0.899	70.00	0.121
6.16	0.05	Adapter 899Hz	1	0.899	70.00	0.121
6.24	0.05	Adapter 899Hz	1	0.899	70.00	0.121
6.5	0.05	Adapter 899Hz	1	0.899	70.00	0.121
6.58	0.05	Adapter 899Hz	1	0.899	70.00	0.121
6.66	0.05	Adapter 899Hz	1	0.899	70.00	0.121
6.74	0.05	Adapter 899Hz	1	0.899	70.00	0.121
7.0	0.05	Adapter 899Hz	1	0.899	70.00	0.121
7.08	0.05	Adapter 899Hz	1	0.899	70.00	0.121
7.16	0.05	Adapter 899Hz	1	0.899	70.00	0.121
7.24	0.05	Adapter 899Hz	1	0.899	70.00	0.121
17.523	0.05	Adapter 899Hz Probe 3839Hz	3	0.899	70.00	0.121
17.603	0.05	Adapter 899Hz Probe 3839Hz	3	0.899	70.00	0.121
17.683	0.05	Adapter 899Hz Probe 3839Hz	3	0.899	70.00	0.121
17.763	0.05	Adapter 899Hz Probe 3839Hz	3	0.899	70.00	0.121
17.843	0.05	Adapter 899Hz Probe 3839Hz	3	3.839	70.00	0.437
18.023	0.05	Adapter 899Hz Probe 3839Hz	3	0.899	70.00	0.121
18.103	0.05	Adapter 899Hz Probe 3839Hz	3	0.899	70.00	0.121
18.183	0.05	Adapter 899Hz Probe 3839Hz	3	0.899	70.00	0.121
18.263	0.05	Adapter 899Hz Probe 3839Hz	3	0.899	70.00	0.121
18.343	0.05	Adapter 899Hz Probe 3839Hz	3	3.839	70.00	0.437
18.523	0.05	Adapter 899Hz Probe 3839Hz	3	0.899	70.00	0.121
18.603	0.05	Adapter 899Hz Probe 3839Hz	3	0.899	70.00	0.121
18.683	0.05	Adapter 899Hz Probe 3839Hz	3	0.899	70.00	0.121
18.763	0.05	Adapter 899Hz Probe 3839Hz	3	0.899	70.00	0.121
18.843	0.05	Adapter 899Hz Probe 3839Hz	3	3.839	70.00	0.437
19.023	0.05	Adapter 899Hz Probe 3839Hz	3	0.899	70.00	0.121
19.103	0.05	Adapter 899Hz Probe 3839Hz	3	0.899	70.00	0.121
19.183	0.05	Adapter 899Hz Probe 3839Hz	3	0.899	70.00	0.121
19.263	0.05	Adapter 899Hz Probe 3839Hz	3	0.899	70.00	0.121
19.343	0.05	Adapter 899Hz Probe 3839Hz	3	3.839	70.00	0.437
19.523	0.05	Adapter 899Hz Probe 3839Hz	3	0.899	70.00	0.121
19.603	0.05	Adapter 899Hz Probe 3839Hz	3	0.899	70.00	0.121
19.683	0.05	Adapter 899Hz Probe 3839Hz	3	0.899	70.00	0.121
19.763	0.05	Adapter 899Hz Probe 3839Hz	3	0.899	70.00	0.121
19.843	0.05	Adapter 899Hz Probe 3839Hz	3	3.839	70.00	0.437
20.023	0.05	Adapter 899Hz Probe 3839Hz	3	0.899	70.00	0.121
20.103	0.05	Adapter 899Hz Probe 3839Hz	3	0.899	70.00	0.121
20.183	0.05	Adapter 899Hz Probe 3839Hz	3	0.899	70.00	0.121
20.263	0.05	Adapter 899Hz Probe 3839Hz	3	0.899	70.00	0.121
20.343	0.05	Adapter 899Hz Probe 3839Hz	3	3.839	70.00	0.437
20.523	0.05	Adapter 899Hz Probe 3839Hz	3	0.899	70.00	0.121
20.603	0.05	Adapter 899Hz Probe 3839Hz	3	0.899	70.00	0.121
20.683	0.05	Adapter 899Hz Probe 3839Hz	3	0.899	70.00	0.121
20.763	0.05	Adapter 899Hz Probe 3839Hz	3	0.899	70.00	0.121
20.843	0.05	Adapter 899Hz Probe 3839Hz	3	3.839	70.00	0.437
21.023	0.05	Adapter 899Hz Probe 3839Hz	3	0.899	70.00	0.121
21.103	0.05	Adapter 899Hz Probe 3839Hz	3	0.899	70.00	0.121
21.183	0.05	Adapter 899Hz Probe 3839Hz	3	0.899	70.00	0.121
21.263	0.05	Adapter 899Hz Probe 3839Hz	3	0.899	70.00	0.121
21.343	0.05	Adapter 899Hz Probe 3839Hz	3	3.839	70.00	0.437
21.523	0.05	Adapter 899Hz Probe 3839Hz	3	0.899	70.00	0.121
21.603	0.05	Adapter 899Hz Probe 3839Hz	3	0.899	70.00	0.121
21.683	0.05	Adapter 899Hz Probe 3839Hz	3	0.899	70.00	0.121
21.763	0.05	Adapter 899Hz Probe 3839Hz	3	0.899	70.00	0.121
21.843	0.05	Adapter 899Hz Probe 3839Hz	3	3.839	70.00	0.437
22.023	0.05	Adapter 899Hz Probe 3839Hz	3	0.899	70.00	0.121
22.103	0.05	Adapter 899Hz Probe 3839Hz	3	0.899	70.00	0.121
22.183	0.05	Adapter 899Hz Probe 3839Hz	3	0.899	70.00	0.121
22.263	0.05	Adapter 899Hz Probe 3839Hz	3	0.899	70.00	0.121
22.343	0.05	Adapter 899Hz Probe 3839Hz	3	3.839	70.00	0.437
25.043	0.05	Adapter 2423Hz Probe 3839Hz	4	2.423	70.00	0.285
25.123	0.05	Adapter 2423Hz Probe 3839Hz	4	2.423	70.00	0.285
25.203	0.05	Adapter 2423Hz Probe 3839Hz	4	2.423	70.00	0.285
25.283	0.05	Adapter 2423Hz Probe 3839Hz	4	2.423	70.00	0.285
25.363	0.05	Adapter 2423Hz Probe 3839Hz	4	3.839	70.00	0.437
25.543	0.05	Adapter 2423Hz Probe 3839Hz	4	2.423	70.00	0.285
25.623	0.05	Adapter 2423Hz Probe 3839Hz	4	2.423	70.00	0.285
25.703	0.05	Adapter 2423Hz Probe 3839Hz	4	2.423	70.00	0.285
25.783	0.05	Adapter 2423Hz Probe 3839Hz	4	2.423	70.00	0.285
25.863	0.05	Adapter 2423Hz Probe 3839Hz	4	3.839	70.00	0.437
26.043	0.05	Adapter 2423Hz Probe 3839Hz	4	2.423	70.00	0.285
26.123	0.05	Adapter 2423Hz Probe 3839Hz	4	2.423	70.00	0.285
26.203	0.05	Adapter 2423Hz Probe 3839Hz	4	2.423	70.00	0.285
26.283	0.05	Adapter 2423Hz Probe 3839Hz	4	2.423	70.00	0.285
26.363	0.05	Adapter 2423Hz Probe 3839Hz	4	3.839	70.00	0.437
26.543	0.05	Adapter 2423Hz Probe 3839Hz	4	2.423	70.00	0.285
26.623	0.05	Adapter 2423Hz Probe 3839Hz	4	2.423	70.00	0.285
26.703	0.05	Adapter 2423Hz Probe 3839Hz	4	2.423	70.00	0.285
26.783	0.05	Adapter 2423Hz Probe 3839Hz	4	2.423	70.00	0.285
26.863	0.05	Adapter 2423Hz Probe 3839Hz	4	3.839	70.00	0.437
27.043	0.05	Adapter 2423Hz Probe 3839Hz	4	2.423	70.00	0.285
27.123	0.05	Adapter 2423Hz Probe 3839Hz	4	2.423	70.00	0.285
27.203	0.05	Adapter 2423Hz Probe 3839Hz	4	2.423	70.00	0.285
27.283	0.05	Adapter 2423Hz Probe 3839Hz	4	2.423	70.00	0.285
27.363	0.05	Adapter 2423Hz Probe 3839Hz	4	3.839	70.00	0.437
27.543	0.05	Adapter 2423Hz Probe 3839Hz	4	2.423	70.00	0.285
27.623	0.05	Adapter 2423Hz Probe 3839Hz	4	2.423	70.00	0.285
27.703	0.05	Adapter 2423Hz Probe 3839Hz	4	2.423	70.00	0.285
27.783	0.05	Adapter 2423Hz Probe 3839Hz	4	2.423	70.00	0.285
27.863	0.05	Adapter 2423Hz Probe 3839Hz	4	3.839	70.00	0.437
28.043	0.05	Adapter 2423Hz Probe 3839Hz	4	2.423	70.00	0.285
28.123	0.05	Adapter 2423Hz Probe 3839Hz	4	2.423	70.00	0.285
28.203	0.05	Adapter 2423Hz Probe 3839Hz	4	2.423	70.00	0.285
28.283	0.05	Adapter 2423Hz Probe 3839Hz	4	2.423	70.00	0.285
28.363	0.05	Adapter 2423Hz Probe 3839Hz	4	3.839	70.00	0.437
28.543	0.05	Adapter 2423Hz Probe 3839Hz	4	2.423	70.00	0.285
28.623	0.05	Adapter 2423Hz Probe 3839Hz	4	2.423	70.00	0.285
28.703	0.05	Adapter 2423Hz Probe 3839Hz	4	2.423	70.00	0.285
28.783	0.05	Adapter 2423Hz Probe 3839Hz	4	2.423	70.00	0.285
28.863	0.05	Adapter 2423Hz Probe 3839Hz	4	3.839	70.00	0.437
29.043	0.05	Adapter 2423Hz Probe 3839Hz	4	2.423	70.00	0.285
29.123	0.05	Adapter 2423Hz Probe 3839Hz	4	2.423	70.00	0.285
29.203	0.05	Adapter 2423Hz Probe 3839Hz	4	2.423	70.00	0.285
29.283	0.05	Adapter 2423Hz Probe 3839Hz	4	2.423	70.00	0.285
29.363	0.05	Adapter 2423Hz Probe 3839Hz	4	3.839	70.00	0.437
29.543	0.05	Adapter 2423Hz Probe 3839Hz	4	2.423	70.00	0.285
29.623	0.05	Adapter 2423Hz Probe 3839Hz	4	2.423	70.00	0.285
29.703	0.05	Adapter 2423Hz Probe 3839Hz	4	2.423	70.00	0.285
29.783	0.05	Adapter 2423Hz Probe 3839Hz	4	2.423	70.00	0.285
29.863	0.05	Adapter 2423Hz Probe 3839Hz	4	3.839	70.00	0.437
32.851	0.05	Probe 3839Hz	5	3.839	70.00	0.437
33.351	0.05	Probe 3839Hz	5	3.839	70.00	0.437
33.851	0.05	Probe 3839Hz	5	3.839	70.00	0.437
34.351	0.05	Probe 3839Hz	5	3.839	70.00	0.437
34.851	0.05	Probe 3839Hz	5	3.839	70.00	0.437
35.351	0.05	Probe 3839Hz	5	3.839	70.00	0.437
35.851	0.05	Probe 3839Hz	5	3.839	70.00	0.437
36.351	0.05	Probe 3839Hz	5	3.839	70.00	0.437
36.851	0.05	Probe 3839Hz	5	3.839	70.00	0.437
37.351	0.05	Probe 3839Hz	5	3.839	70.00	0.437
40.034	0.05	Adapter 1501Hz	6	1.501	70.00	0.186
40.114	0.05	Adapter 1501Hz	6	1.501	70.00	0.186
40.194	0.05	Adapter 1501Hz	6	1.501	70.00	0.186
40.274	0.05	Adapter 1501Hz	6	1.501	70.00	0.186
40.534	0.05	Adapter 1501Hz	6	1.501	70.00	0.186
40.614	0.05	Adapter 1501Hz	6	1.501	70.00	0.186
40.694	0.05	Adapter 1501Hz	6	1.501	70.00	0.186
40.774	0.05	Adapter 1501Hz	6	1.501	70.00	0.186
41.034	0.05	Adapter 1501Hz	6	1.501	70.00	0.186
41.114	0.05	Adapter 1501Hz	6	1.501	70.00	0.186
41.194	0.05	Adapter 1501Hz	6	1.501	70.00	0.186
41.274	0.05	Adapter 1501Hz	6	1.501	70.00	0.186
41.534	0.05	Adapter 1501Hz	6	1.501	70.00	0.186
41.614	0.05	Adapter 1501Hz	6	1.501	70.00	0.186
41.694	0.05	Adapter 1501Hz	6	1.501	70.00	0.186
41.774	0.05	Adapter 1501Hz	6	1.501	70.00	0.186
42.034	0.05	Adapter 1501Hz	6	1.501	70.00	0.186
42.114	0.05	Adapter 1501Hz	6	1.501	70.00	0.186
42.194	0.05	Adapter 1501Hz	6	1.501	70.00	0.186
42.274	0.05	Adapter 1501Hz	6	1.501	70.00	0.186
42.534	0.05	Adapter 1501Hz	6	1.501	70.00	0.186
42.614	0.05	Adapter 1501Hz	6	1.501	70.00	0.186
42.694	0.05	Adapter 1501Hz	6	1.501	70.00	0.186
42.774	0.05	Adapter 1501Hz	6	1.501	70.00	0.186
43.034	0.05	Adapter 1501Hz	6	1.501	70.00	0.186
43.114	0.05	Adapter 1501Hz	6	1.501	70.00	0.186
43.194	0.05	Adapter 1501Hz	6	1.501	70.00	0.186
43.274	0.05	Adapter 1501Hz	6	1.501	70.00	0.186
43.534	0.05	Adapter 1501Hz	6	1.501	70.00	0.186
43.614	0.05	Adapter 1501Hz	6	1.501	70.00	0.186
43.694	0.05	Adapter 1501Hz	6	1.501	70.00	0.186
43.774	0.05	Adapter 1501Hz	6	1.501	70.00	0.186
44.034	0.05	Adapter 1501Hz	6	1.501	70.00	0.186
44.114	0.05	Adapter 1501Hz	6	1.501	70.00	0.186
44.194	0.05	Adapter 1501Hz	6	1.501	70.00	0.186
44.274	0.05	Adapter 1501Hz	6	1.501	70.00	0.186
44.534	0.05	Adapter 1501Hz	6	1.501	70.00	0.186
44.614	0.05	Adapter 1501Hz	6	1.501	70.00	0.186
44.694	0.05	Adapter 1501Hz	6	1.501	70.00	0.186
44.774	0.05	Adapter 1501Hz	6	1.501	70.00	0.186
47.522	0.05	Adapter 251Hz	7	0.251	70.00	0.052
47.602	0.05	Adapter 251Hz	7	0.251	70.00	0.052
47.682	0.05	Adapter 251Hz	7	0.251	70.00	0.052
47.762	0.05	Adapter 251Hz	7	0.251	70.00	0.052
48.022	0.05	Adapter 251Hz	7	0.251	70.00	0.052
48.102	0.05	Adapter 251Hz	7	0.251	70.00	0.052
48.182	0.05	Adapter 251Hz	7	0.251	70.00	0.052
48.262	0.05	Adapter 251Hz	7	0.251	70.00	0.052
48.522	0.05	Adapter 251Hz	7	0.251	70.00	0.052
48.602	0.05	Adapter 251Hz	7	0.251	70.00	0.052
48.682	0.05	Adapter 251Hz	7	0.251	70.00	0.052
48.762	0.05	Adapter 251Hz	7	0.251	70.00	0.052
49.022	0.05	Adapter 251Hz	7	0.251	70.00	0.052
49.102	0.05	Adapter 251Hz	7	0.251	70.00	0.052
49.182	0.05	Adapter 251Hz	7	0.251	70.00	0.052
49.262	0.05	Adapter 251Hz	7	0.251	70.00	0.052
49.522	0.05	Adapter 251Hz	7	0.251	70.00	0.052
49.602	0.05	Adapter 251Hz	7	0.251	70.00	0.052
49.682	0.05	Adapter 251Hz	7	0.251	70.00	0.052
49.762	0.05	Adapter 251Hz	7	0.251	70.00	0.052
50.022	0.05	Adapter 251Hz	7	0.251	70.00	0.052
50.102	0.05	Adapter 251Hz	7	0.251	70.00	0.052
50.182	0.05	Adapter 251Hz	7	0.251	70.00	0.052
50.262	0.05	Adapter 251Hz	7	0.251	70.00	0.052
50.522	0.05	Adapter 251Hz	7	0.251	70.00	0.052
50.602	0.05	Adapter 251Hz	7	0.251	70.00	0.052
50.682	0.05	Adapter 251Hz	7	0.251	70.00	0.052
50.762	0.05	Adapter 251Hz	7	0.251	70.00	0.052
51.022	0.05	Adapter 251Hz	7	0.251	70.00	0.052
51.102	0.05	Adapter 251Hz	7	0.251	70.00	0.052
51.182	0.05	Adapter 251Hz	7	0.251	70.00	0.052
51.262	0.05	Adapter 251Hz	7	0.251	70.00	0.052
51.522	0.05	Adapter 251Hz	7	0.251	70.00	0.052
51.602	0.05	Adapter 251Hz	7	0.251	70.00	0.052
51.682	0.05	Adapter 251Hz	7	0.251	70.00	0.052
51.762	0.05	Adapter 251Hz	7	0.251	70.00	0.052
52.022	0.05	Adapter 251Hz	7	0.251	70.00	0.052
52.102	0.05	Adapter 251Hz	7	0.251	70.00	0.052
52.182	0.05	Adapter 251Hz	7	0.251	70.00	0.052
52.262	0.05	Adapter 251Hz	7	0.251	70.00	0.052
55.057	0.05	Adapter 1501Hz Probe 3839Hz	8	1.501	70.00	0.186
55.137	0.05	Adapter 1501Hz Probe 3839Hz	8	1.501	70.00	0.186
55.217	0.05	Adapter 1501Hz Probe 3839Hz	8	1.501	70.00	0.186
55.297	0.05	Adapter 1501Hz Probe 3839Hz	8	1.501	70.00	0.186
55.377	0.05	Adapter 1501Hz Probe 3839Hz	8	3.839	70.00	0.437
55.557	0.05	Adapter 1501Hz Probe 3839Hz	8	1.501	70.00	0.186
55.637	0.05	Adapter 1501Hz Probe 3839Hz	8	1.501	70.00	0.186
55.717	0.05	Adapter 1501Hz Probe 3839Hz	8	1.501	70.00	0.186
55.797	0.05	Adapter 1501Hz Probe 3839Hz	8	1.501	70.00	0.186
55.877	0.05	Adapter 1501Hz Probe 3839Hz	8	3.839	70.00	0.437
56.057	0.05	Adapter 1501Hz Probe 3839Hz	8	1.501	70.00	0.186
56.137	0.05	Adapter 1501Hz Probe 3839Hz	8	1.501	70.00	0.186
56.217	0.05	Adapter 1501Hz Probe 3839Hz	8	1.501	70.00	0.186
56.297	0.05	Adapter 1501Hz Probe 3839Hz	8	1.501	70.00	0.186
56.377	0.05	Adapter 1501Hz Probe 3839Hz	8	3.839	70.00	0.437
56.557	0.05	Adapter 1501Hz Probe 3839Hz	8	1.501	70.00	0.186
56.637	0.05	Adapter 1501Hz Probe 3839Hz	8	1.501	70.00	0.186
56.717	0.05	Adapter 1501Hz Probe 3839Hz	8	1.501	70.00	0.186
56.797	0.05	Adapter 1501Hz Probe 3839Hz	8	1.501	70.00	0.186
56.877	0.05	Adapter 1501Hz Probe 3839Hz	8	3.839	70.00	0.437
57.057	0.05	Adapter 1501Hz Probe 3839Hz	8	1.501	70.00	0.186
57.137	0.05	Adapter 1501Hz Probe 3839Hz	8	1.501	70.00	0.186
57.217	0.05	Adapter 1501Hz Probe 3839Hz	8	1.501	70.00	0.186
57.297	0.05	Adapter 1501Hz Probe 3839Hz	8	1.501	70.00	0.186
57.377	0.05	Adapter 1501Hz Probe 3839Hz	8	3.839	70.00	0.437
57.557	0.05	Adapter 1501Hz Probe 3839Hz	8	1.501	70.00	0.186
57.637	0.05	Adapter 1501Hz Probe 3839Hz	8	1.501	70.00	0.186
57.717	0.05	Adapter 1501Hz Probe 3839Hz	8	1.501	70.00	0.186
57.797	0.05	Adapter 1501Hz Probe 3839Hz	8	1.501	70.00	0.186
57.877	0.05	Adapter 1501Hz Probe 3839Hz	8	3.839	70.00	0.437
58.057	0.05	Adapter 1501Hz Probe 3839Hz	8	1.501	70.00	0.186
58.137	0.05	Adapter 1501Hz Probe 3839Hz	8	1.501	70.00	0.186
58.217	0.05	Adapter 1501Hz Probe 3839Hz	8	1.501	70.00	0.186
58.297	0.05	Adapter 1501Hz Probe 3839Hz	8	1.501	70.00	0.186
58.377	0.05	Adapter 1501Hz Probe 3839Hz	8	3.839	70.00	0.437
58.557	0.05	Adapter 1501Hz Probe 3839Hz	8	1.501	70.00	0.186
58.637	0.05	Adapter 1501Hz Probe 3839Hz	8	1.501	70.00	0.186
58.717	0.05	Adapter 1501Hz Probe 3839Hz	8	1.501	70.00	0.186
58.797	0.05	Adapter 1501Hz Probe 3839Hz	8	1.501	70.00	0.186
58.877	0.05	Adapter 1501Hz Probe 3839Hz	8	3.839	70.00	0.437
59.057	0.05	Adapter 1501Hz Probe 3839Hz	8	1.501	70.00	0.186
59.137	0.05	Adapter 1501Hz Probe 3839Hz	8	1.501	70.00	0.186
59.217	0.05	Adapter 1501Hz Probe 3839Hz	8	1.501	70.00	0.186
59.297	0.05	Adapter 1501Hz Probe 3839Hz	8	1.501	70.00	0.186
59.377	0.05	Adapter 1501Hz Probe 3839Hz	8	3.839	70.00	0.437
59.557	0.05	Adapter 1501Hz Probe 3839Hz	8	1.501	70.00	0.186
59.637	0.05	Adapter 1501Hz Probe 3839Hz	8	1.501	70.00	0.186
59.717	0.05	Adapter 1501Hz Probe 3839Hz	8	1.501	70.00	0.186
59.797	0.05	Adapter 1501Hz Probe 3839Hz	8	1.501	70.00	0.186
59.877	0.05	Adapter 1501Hz Probe 3839Hz	8	3.839	70.00	0.437
62.498	0.05	Adapter 3839Hz Probe 3839Hz	9	3.839	70.00	0.437
62.578	0.05	Adapter 3839Hz Probe 3839Hz	9	3.839	70.00	0.437
62.658	0.05	Adapter 3839Hz Probe 3839Hz	9	3.839	70.00	0.437
62.738	0.05	Adapter 3839Hz Probe 3839Hz	9	3.839	70.00	0.437
62.818	0.05	Adapter 3839Hz Probe 3839Hz	9	3.839	70.00	0.437
62.998	0.05	Adapter 3839Hz Probe 3839Hz	9	3.839	70.00	0.437
63.078	0.05	Adapter 3839Hz Probe 3839Hz	9	3.839	70.00	0.437
63.158	0.05	Adapter 3839Hz Probe 3839Hz	9	3.839	70.00	0.437
63.238	0.05	Adapter 3839Hz Probe 3839Hz	9	3.839	70.00	0.437
63.318	0.05	Adapter 3839Hz Probe 3839Hz	9	3.839	70.00	0.437
63.498	0.05	Adapter 3839Hz Probe 3839Hz	9	3.839	70.00	0.437
63.578	0.05	Adapter 3839Hz Probe 3839Hz	9	3.839	70.00	0.437
63.658	0.05	Adapter 3839Hz Probe 3839Hz	9	3.839	70.00	0.437
63.738	0.05	Adapter 3839Hz Probe 3839Hz	9	3.839	70.00	0.437
63.818	0.05	Adapter 3839Hz Probe 3839Hz	9	3.839	70.00	0.437
63.998	0.05	Adapter 3839Hz Probe 3839Hz	9	3.839	70.00	0.437
64.078	0.05	Adapter 3839Hz Probe 3839Hz	9	3.839	70.00	0.437
64.158	0.05	Adapter 3839Hz Probe 3839Hz	9	3.839	70.00	0.437
64.238	0.05	Adapter 3839Hz Probe 3839Hz	9	3.839	70.00	0.437
64.318	0.05	Adapter 3839Hz Probe 3839Hz	9	3.839	70.00	0.437
64.498	0.05	Adapter 3839Hz Probe 3839Hz	9	3.839	70.00	0.437
64.578	0.05	Adapter 3839Hz Probe 3839Hz	9	3.839	70.00	0.437
64.658	0.05	Adapter 3839Hz Probe 3839Hz	9	3.839	70.00	0.437
64.738	0.05	Adapter 3839Hz Probe 3839Hz	9	3.839	70.00	0.437
64.818	0.05	Adapter 3839Hz Probe 3839Hz	9	3.839	70.00	0.437
64.998	0.05	Adapter 3839Hz Probe 3839Hz	9	3.839	70.00	0.437
65.078	0.05	Adapter 3839Hz Probe 3839Hz	9	3.839	70.00	0.437
65.158	0.05	Adapter 3839Hz Probe 3839Hz	9	3.839	70.00	0.437
65.238	0.05	Adapter 3839Hz Probe 3839Hz	9	3.839	70.00	0.437
65.318	0.05	Adapter 3839Hz Probe 3839Hz	9	3.839	70.00	0.437
65.498	0.05	Adapter 3839Hz Probe 3839Hz	9	3.839	70.00	0.437
65.578	0.05	Adapter 3839Hz Probe 3839Hz	9	3.839	70.00	0.437
65.658	0.05	Adapter 3839Hz Probe 3839Hz	9	3.839	70.00	0.437
65.738	0.05	Adapter 3839Hz Probe 3839Hz	9	3.839	70.00	0.437
65.818	0.05	Adapter 3839Hz Probe 3839Hz	9	3.839	70.00	0.437
65.998	0.05	Adapter 3839Hz Probe 3839Hz	9	3.839	70.00	0.437
66.078	0.05	Adapter 3839Hz Probe 3839Hz	9	3.839	70.00	0.437
66.158	0.05	Adapter 3839Hz Probe 3839Hz	9	3.839	70.00	0.437
66.238	0.05	Adapter 3839Hz Probe 3839Hz	9	3.839	70.00	0.437
66.318	0.05	Adapter 3839Hz Probe 3839Hz	9	3.839	70.00	0.437
66.498	0.05	Adapter 3839Hz Probe 3839Hz	9	3.839	70.00	0.437
66.578	0.05	Adapter 3839Hz Probe 3839Hz	9	3.839	70.00	0.437
66.658	0.05	Adapter 3839Hz Probe 3839Hz	9	3.839	70.00	0.437
66.738	0.05	Adapter 3839Hz Probe 3839Hz	9	3.839	70.00	0.437
66.818	0.05	Adapter 3839Hz Probe 3839Hz	9	3.839	70.00	0.437
66.998	0.05	Adapter 3839Hz Probe 3839Hz	9	3.839	70.00	0.437
67.078	0.05	Adapter 3839Hz Probe 3839Hz	9	3.839	70.00	0.437
67.158	0.05	Adapter 3839Hz Probe 3839Hz	9	3.839	70.00	0.437
67.238	0.05	Adapter 3839Hz Probe 3839Hz	9	3.839	70.00	0.437
67.318	0.05	Adapter 3839Hz Probe 3839Hz	9	3.839	70.00	0.437
70.033	0.05	Adapter 6009Hz	10	6.009	70.00	0.671
70.113	0.05	Adapter 6009Hz	10	6.009	70.00	0.671
70.193	0.05	Adapter 6009Hz	10	6.009	70.00	0.671
70.273	0.05	Adapter 6009Hz	10	6.009	70.00	0.671
70.533	0.05	Adapter 6009Hz	10	6.009	70.00	0.671
70.613	0.05	Adapter 6009Hz	10	6.009	70.00	0.671
70.693	0.05	Adapter 6009Hz	10	6.009	70.00	0.671
70.773	0.05	Adapter 6009Hz	10	6.009	70.00	0.671
71.033	0.05	Adapter 6009Hz	10	6.009	70.00	0.671
71.113	0.05	Adapter 6009Hz	10	6.009	70.00	0.671
71.193	0.05	Adapter 6009Hz	10	6.009	70.00	0.671
71.273	0.05	Adapter 6009Hz	10	6.009	70.00	0.671
71.533	0.05	Adapter 6009Hz	10	6.009	70.00	0.671
71.613	0.05	Adapter 6009Hz	10	6.009	70.00	0.671
71.693	0.05	Adapter 6009Hz	10	6.009	70.00	0.671
71.773	0.05	Adapter 6009Hz	10	6.009	70.00	0.671
72.033	0.05	Adapter 6009Hz	10	6.009	70.00	0.671
72.113	0.05	Adapter 6009Hz	10	6.009	70.00	0.671
72.193	0.05	Adapter 6009Hz	10	6.009	70.00	0.671
72.273	0.05	Adapter 6009Hz	10	6.009	70.00	0.671
72.533	0.05	Adapter 6009Hz	10	6.009	70.00	0.671
72.613	0.05	Adapter 6009Hz	10	6.009	70.00	0.671
72.693	0.05	Adapter 6009Hz	10	6.009	70.00	0.671
72.773	0.05	Adapter 6009Hz	10	6.009	70.00	0.671
73.033	0.05	Adapter 6009Hz	10	6.009	70.00	0.671
73.113	0.05	Adapter 6009Hz	10	6.009	70.00	0.671
73.193	0.05	Adapter 6009Hz	10	6.009	70.00	0.671
73.273	0.05	Adapter 6009Hz	10	6.009	70.00	0.671
73.533	0.05	Adapter 6009Hz	10	6.009	70.00	0.671
73.613	0.05	Adapter 6009Hz	10	6.009	70.00	0.671
73.693	0.05	Adapter 6009Hz	10	6.009	70.00	0.671
73.773	0.05	Adapter 6009Hz	10	6.009	70.00	0.671
74.033	0.05	Adapter 6009Hz	10	6.009	70.00	0.671
74.113	0.05	Adapter 6009Hz	10	6.009	70.00	0.671
74.193	0.05	Adapter 6009Hz	10	6.009	70.00	0.671
74.273	0.05	Adapter 6009Hz	10	6.009	70.00	0.671
74.533	0.05	Adapter 6009Hz	10	6.009	70.00	0.671
74.613	0.05	Adapter 6009Hz	10	6.009	70.00	0.671
74.693	0.05	Adapter 6009Hz	10	6.009	70.00	0.671
74.773	0.05	Adapter 6009Hz	10	6.009	70.00	0.671
77.537	0.05	Adapter 507Hz	11	0.507	70.00	0.079
77.617	0.05	Adapter 507Hz	11	0.507	70.00	0.079
77.697	0.05	Adapter 507Hz	11	0.507	70.00	0.079
77.777	0.05	Adapter 507Hz	11	0.507	70.00	0.079
78.037	0.05	Adapter 507Hz	11	0.507	70.00	0.079
78.117	0.05	Adapter 507Hz	11	0.507	70.00	0.079
78.197	0.05	Adapter 507Hz	11	0.507	70.00	0.079
78.277	0.05	Adapter 507Hz	11	0.507	70.00	0.079
78.537	0.05	Adapter 507Hz	11	0.507	70.00	0.079
78.617	0.05	Adapter 507Hz	11	0.507	70.00	0.079
78.697	0.05	Adapter 507Hz	11	0.507	70.00	0.079
78.777	0.05	Adapter 507Hz	11	0.507	70.00	0.079
79.037	0.05	Adapter 507Hz	11	0.507	70.00	0.079
79.117	0.05	Adapter 507Hz	11	0.507	70.00	0.079
79.197	0.05	Adapter 507Hz	11	0.507	70.00	0.079
79.277	0.05	Adapter 507Hz	11	0.507	70.00	0.079
79.537	0.05	Adapter 507Hz	11	0.507	70.00	0.079
79.617	0.05	Adapter 507Hz	11	0.507	70.00	0.079
79.697	0.05	Adapter 507Hz	11	0.507	70.00	0.079
79.777	0.05	Adapter 507Hz	11	0.507	70.00	0.079
80.037	0.05	Adapter 507Hz	11	0.507	70.00	0.079
80.117	0.05	Adapter 507Hz	11	0.507	70.00	0.079
80.197	0.05	Adapter 507Hz	11	0.507	70.00	0.079
80.277	0.05	Adapter 507Hz	11	0.507	70.00	0.079
80.537	0.05	Adapter 507Hz	11	0.507	70.00	0.079
80.617	0.05	Adapter 507Hz	11	0.507	70.00	0.079
80.697	0.05	Adapter 507Hz	11	0.507	70.00	0.079
80.777	0.05	Adapter 507Hz	11	0.507	70.00	0.079
81.037	0.05	Adapter 507Hz	11	0.507	70.00	0.079
81.117	0.05	Adapter 507Hz	11	0.507	70.00	0.079
81.197	0.05	Adapter 507Hz	11	0.507	70.00	0.079
81.277	0.05	Adapter 507Hz	11	0.507	70.00	0.079
81.537	0.05	Adapter 507Hz	11	0.507	70.00	0.079
81.617	0.05	Adapter 507Hz	11	0.507	70.00	0.079
81.697	0.05	Adapter 507Hz	11	0.507	70.00	0.079
81.777	0.05	Adapter 507Hz	11	0.507	70.00	0.079
82.037	0.05	Adapter 507Hz	11	0.507	70.00	0.079
82.117	0.05	Adapter 507Hz	11	0.507	70.00	0.079
82.197	0.05	Adapter 507Hz	11	0.507	70.00	0.079
82.277	0.05	Adapter 507Hz	11	0.507	70.00	0.079
92.528	0.05	Adapter 3839Hz	13	3.839	70.00	0.437
92.608	0.05	Adapter 3839Hz	13	3.839	70.00	0.437
92.688	0.05	Adapter 3839Hz	13	3.839	70.00	0.437
92.768	0.05	Adapter 3839Hz	13	3.839	70.00	0.437
93.028	0.05	Adapter 3839Hz	13	3.839	70.00	0.437
93.108	0.05	Adapter 3839Hz	13	3.839	70.00	0.437
93.188	0.05	Adapter 3839Hz	13	3.839	70.00	0.437
93.268	0.05	Adapter 3839Hz	13	3.839	70.00	0.437
93.528	0.05	Adapter 3839Hz	13	3.839	70.00	0.437
93.608	0.05	Adapter 3839Hz	13	3.839	70.00	0.437
93.688	0.05	Adapter 3839Hz	13	3.839	70.00	0.437
93.768	0.05	Adapter 3839Hz	13	3.839	70.00	0.437
94.028	0.05	Adapter 3839Hz	13	3.839	70.00	0.437
94.108	0.05	Adapter 3839Hz	13	3.839	70.00	0.437
94.188	0.05	Adapter 3839Hz	13	3.839	70.00	0.437
94.268	0.05	Adapter 3839Hz	13	3.839	70.00	0.437
94.528	0.05	Adapter 3839Hz	13	3.839	70.00	0.437
94.608	0.05	Adapter 3839Hz	13	3.839	70.00	0.437
94.688	0.05	Adapter 3839Hz	13	3.839	70.00	0.437
94.768	0.05	Adapter 3839Hz	13	3.839	70.00	0.437
95.028	0.05	Adapter 3839Hz	13	3.839	70.00	0.437
95.108	0.05	Adapter 3839Hz	13	3.839	70.00	0.437
95.188	0.05	Adapter 3839Hz	13	3.839	70.00	0.437
95.268	0.05	Adapter 3839Hz	13	3.839	70.00	0.437
95.528	0.05	Adapter 3839Hz	13	3.839	70.00	0.437
95.608	0.05	Adapter 3839Hz	13	3.839	70.00	0.437
95.688	0.05	Adapter 3839Hz	13	3.839	70.00	0.437
95.768	0.05	Adapter 3839Hz	13	3.839	70.00	0.437
96.028	0.05	Adapter 3839Hz	13	3.839	70.00	0.437
96.108	0.05	Adapter 3839Hz	13	3.839	70.00	0.437
96.188	0.05	Adapter 3839Hz	13	3.839	70.00	0.437
96.268	0.05	Adapter 3839Hz	13	3.839	70.00	0.437
96.528	0.05	Adapter 3839Hz	13	3.839	70.00	0.437
96.608	0.05	Adapter 3839Hz	13	3.839	70.00	0.437
96.688	0.05	Adapter 3839Hz	13	3.839	70.00	0.437
96.768	0.05	Adapter 3839Hz	13	3.839	70.00	0.437
97.028	0.05	Adapter 3839Hz	13	3.839	70.00	0.437
97.108	0.05	Adapter 3839Hz	13	3.839	70.00	0.437
97.188	0.05	Adapter 3839Hz	13	3.839	70.00	0.437
97.268	0.05	Adapter 3839Hz	13	3.839	70.00	0.437
107.52	0.05	Adapter 2423Hz	15	2.423	70.00	0.285
107.6	0.05	Adapter 2423Hz	15	2.423	70.00	0.285
107.68	0.05	Adapter 2423Hz	15	2.423	70.00	0.285
107.76	0.05	Adapter 2423Hz	15	2.423	70.00	0.285
108.02	0.05	Adapter 2423Hz	15	2.423	70.00	0.285
108.1	0.05	Adapter 2423Hz	15	2.423	70.00	0.285
108.18	0.05	Adapter 2423Hz	15	2.423	70.00	0.285
108.26	0.05	Adapter 2423Hz	15	2.423	70.00	0.285
108.52	0.05	Adapter 2423Hz	15	2.423	70.00	0.285
108.6	0.05	Adapter 2423Hz	15	2.423	70.00	0.285
108.68	0.05	Adapter 2423Hz	15	2.423	70.00	0.285
108.76	0.05	Adapter 2423Hz	15	2.423	70.00	0.285
109.02	0.05	Adapter 2423Hz	15	2.423	70.00	0.285
109.1	0.05	Adapter 2423Hz	15	2.423	70.00	0.285
109.18	0.05	Adapter 2423Hz	15	2.423	70.00	0.285
109.26	0.05	Adapter 2423Hz	15	2.423	70.00	0.285
109.52	0.05	Adapter 2423Hz	15	2.423	70.00	0.285
109.6	0.05	Adapter 2423Hz	15	2.423	70.00	0.285
109.68	0.05	Adapter 2423Hz	15	2.423	70.00	0.285
109.76	0.05	Adapter 2423Hz	15	2.423	70.00	0.285
110.02	0.05	Adapter 2423Hz	15	2.423	70.00	0.285
110.1	0.05	Adapter 2423Hz	15	2.423	70.00	0.285
110.18	0.05	Adapter 2423Hz	15	2.423	70.00	0.285
110.26	0.05	Adapter 2423Hz	15	2.423	70.00	0.285
110.52	0.05	Adapter 2423Hz	15	2.423	70.00	0.285
110.6	0.05	Adapter 2423Hz	15	2.423	70.00	0.285
110.68	0.05	Adapter 2423Hz	15	2.423	70.00	0.285
110.76	0.05	Adapter 2423Hz	15	2.423	70.00	0.285
111.02	0.05	Adapter 2423Hz	15	2.423	70.00	0.285
111.1	0.05	Adapter 2423Hz	15	2.423	70.00	0.285
111.18	0.05	Adapter 2423Hz	15	2.423	70.00	0.285
111.26	0.05	Adapter 2423Hz	15	2.423	70.00	0.285
111.52	0.05	Adapter 2423Hz	15	2.423	70.00	0.285
111.6	0.05	Adapter 2423Hz	15	2.423	70.00	0.285
111.68	0.05	Adapter 2423Hz	15	2.423	70.00	0.285
111.76	0.05	Adapter 2423Hz	15	2.423	70.00	0.285
112.02	0.05	Adapter 2423Hz	15	2.423	70.00	0.285
112.1	0.05	Adapter 2423Hz	15	2.423	70.00	0.285
112.18	0.05	Adapter 2423Hz	15	2.423	70.00	0.285
112.26	0.05	Adapter 2423Hz	15	2.423	70.00	0.285
115.039	0.05	Adapter 507Hz Probe 3839Hz	16	0.507	70.00	0.079
115.119	0.05	Adapter 507Hz Probe 3839Hz	16	0.507	70.00	0.079
115.199	0.05	Adapter 507Hz Probe 3839Hz	16	0.507	70.00	0.079
115.279	0.05	Adapter 507Hz Probe 3839Hz	16	0.507	70.00	0.079
115.359	0.05	Adapter 507Hz Probe 3839Hz	16	3.839	70.00	0.437
115.539	0.05	Adapter 507Hz Probe 3839Hz	16	0.507	70.00	0.079
115.619	0.05	Adapter 507Hz Probe 3839Hz	16	0.507	70.00	0.079
115.699	0.05	Adapter 507Hz Probe 3839Hz	16	0.507	70.00	0.079
115.779	0.05	Adapter 507Hz Probe 3839Hz	16	0.507	70.00	0.079
115.859	0.05	Adapter 507Hz Probe 3839Hz	16	3.839	70.00	0.437
116.039	0.05	Adapter 507Hz Probe 3839Hz	16	0.507	70.00	0.079
116.119	0.05	Adapter 507Hz Probe 3839Hz	16	0.507	70.00	0.079
116.199	0.05	Adapter 507Hz Probe 3839Hz	16	0.507	70.00	0.079
116.279	0.05	Adapter 507Hz Probe 3839Hz	16	0.507	70.00	0.079
116.359	0.05	Adapter 507Hz Probe 3839Hz	16	3.839	70.00	0.437
116.539	0.05	Adapter 507Hz Probe 3839Hz	16	0.507	70.00	0.079
116.619	0.05	Adapter 507Hz Probe 3839Hz	16	0.507	70.00	0.079
116.699	0.05	Adapter 507Hz Probe 3839Hz	16	0.507	70.00	0.079
116.779	0.05	Adapter 507Hz Probe 3839Hz	16	0.507	70.00	0.079
116.859	0.05	Adapter 507Hz Probe 3839Hz	16	3.839	70.00	0.437
117.039	0.05	Adapter 507Hz Probe 3839Hz	16	0.507	70.00	0.079
117.119	0.05	Adapter 507Hz Probe 3839Hz	16	0.507	70.00	0.079
117.199	0.05	Adapter 507Hz Probe 3839Hz	16	0.507	70.00	0.079
117.279	0.05	Adapter 507Hz Probe 3839Hz	16	0.507	70.00	0.079
117.359	0.05	Adapter 507Hz Probe 3839Hz	16	3.839	70.00	0.437
117.539	0.05	Adapter 507Hz Probe 3839Hz	16	0.507	70.00	0.079
117.619	0.05	Adapter 507Hz Probe 3839Hz	16	0.507	70.00	0.079
117.699	0.05	Adapter 507Hz Probe 3839Hz	16	0.507	70.00	0.079
117.779	0.05	Adapter 507Hz Probe 3839Hz	16	0.507	70.00	0.079
117.859	0.05	Adapter 507Hz Probe 3839Hz	16	3.839	70.00	0.437
118.039	0.05	Adapter 507Hz Probe 3839Hz	16	0.507	70.00	0.079
118.119	0.05	Adapter 507Hz Probe 3839Hz	16	0.507	70.00	0.079
118.199	0.05	Adapter 507Hz Probe 3839Hz	16	0.507	70.00	0.079
118.279	0.05	Adapter 507Hz Probe 3839Hz	16	0.507	70.00	0.079
118.359	0.05	Adapter 507Hz Probe 3839Hz	16	3.839	70.00	0.437
118.539	0.05	Adapter 507Hz Probe 3839Hz	16	0.507	70.00	0.079
118.619	0.05	Adapter 507Hz Probe 3839Hz	16	0.507	70.00	0.079
118.699	0.05	Adapter 507Hz Probe 3839Hz	16	0.507	70.00	0.079
118.779	0.05	Adapter 507Hz Probe 3839Hz	16	0.507	70.00	0.079
118.859	0.05	Adapter 507Hz Probe 3839Hz	16	3.839	70.00	0.437
119.039	0.05	Adapter 507Hz Probe 3839Hz	16	0.507	70.00	0.079
119.119	0.05	Adapter 507Hz Probe 3839Hz	16	0.507	70.00	0.079
119.199	0.05	Adapter 507Hz Probe 3839Hz	16	0.507	70.00	0.079
119.279	0.05	Adapter 507Hz Probe 3839Hz	16	0.507	70.00	0.079
119.359	0.05	Adapter 507Hz Probe 3839Hz	16	3.839	70.00	0.437
119.539	0.05	Adapter 507Hz Probe 3839Hz	16	0.507	70.00	0.079
119.619	0.05	Adapter 507Hz Probe 3839Hz	16	0.507	70.00	0.079
119.699	0.05	Adapter 507Hz Probe 3839Hz	16	0.507	70.00	0.079
119.779	0.05	Adapter 507Hz Probe 3839Hz	16	0.507	70.00	0.079
119.859	0.05	Adapter 507Hz Probe 3839Hz	16	3.839	70.00	0.437
122.527	0.05	Adapter 1501Hz	17	1.501	70.00	0.186
122.607	0.05	Adapter 1501Hz	17	1.501	70.00	0.186
122.687	0.05	Adapter 1501Hz	17	1.501	70.00	0.186
122.767	0.05	Adapter 1501Hz	17	1.501	70.00	0.186
123.027	0.05	Adapter 1501Hz	17	1.501	70.00	0.186
123.107	0.05	Adapter 1501Hz	17	1.501	70.00	0.186
123.187	0.05	Adapter 1501Hz	17	1.501	70.00	0.186
123.267	0.05	Adapter 1501Hz	17	1.501	70.00	0.186
123.527	0.05	Adapter 1501Hz	17	1.501	70.00	0.186
123.607	0.05	Adapter 1501Hz	17	1.501	70.00	0.186
123.687	0.05	Adapter 1501Hz	17	1.501	70.00	0.186
123.767	0.05	Adapter 1501Hz	17	1.501	70.00	0.186
124.027	0.05	Adapter 1501Hz	17	1.501	70.00	0.186
124.107	0.05	Adapter 1501Hz	17	1.501	70.00	0.186
124.187	0.05	Adapter 1501Hz	17	1.501	70.00	0.186
124.267	0.05	Adapter 1501Hz	17	1.501	70.00	0.186
124.527	0.05	Adapter 1501Hz	17	1.501	70.00	0.186
124.607	0.05	Adapter 1501Hz	17	1.501	70.00	0.186
124.687	0.05	Adapter 1501Hz	17	1.501	70.00	0.186
124.767	0.05	Adapter 1501Hz	17	1.501	70.00	0.186
125.027	0.05	Adapter 1501Hz	17	1.501	70.00	0.186
125.107	0.05	Adapter 1501Hz	17	1.501	70.00	0.186
125.187	0.05	Adapter 1501Hz	17	1.501	70.00	0.186
125.267	0.05	Adapter 1501Hz	17	1.501	70.00	0.186
125.527	0.05	Adapter 1501Hz	17	1.501	70.00	0.186
125.607	0.05	Adapter 1501Hz	17	1.501	70.00	0.186
125.687	0.05	Adapter 1501Hz	17	1.501	70.00	0.186
125.767	0.05	Adapter 1501Hz	17	1.501	70.00	0.186
126.027	0.05	Adapter 1501Hz	17	1.501	70.00	0.186
126.107	0.05	Adapter 1501Hz	17	1.501	70.00	0.186
126.187	0.05	Adapter 1501Hz	17	1.501	70.00	0.186
126.267	0.05	Adapter 1501Hz	17	1.501	70.00	0.186
126.527	0.05	Adapter 1501Hz	17	1.501	70.00	0.186
126.607	0.05	Adapter 1501Hz	17	1.501	70.00	0.186
126.687	0.05	Adapter 1501Hz	17	1.501	70.00	0.186
126.767	0.05	Adapter 1501Hz	17	1.501	70.00	0.186
127.027	0.05	Adapter 1501Hz	17	1.501	70.00	0.186
127.107	0.05	Adapter 1501Hz	17	1.501	70.00	0.186
127.187	0.05	Adapter 1501Hz	17	1.501	70.00	0.186
127.267	0.05	Adapter 1501Hz	17	1.501	70.00	0.186
130.031	0.05	Adapter 3839Hz	18	3.839	70.00	0.437
130.111	0.05	Adapter 3839Hz	18	3.839	70.00	0.437
130.191	0.05	Adapter 3839Hz	18	3.839	70.00	0.437
130.271	0.05	Adapter 3839Hz	18	3.839	70.00	0.437
130.531	0.05	Adapter 3839Hz	18	3.839	70.00	0.437
130.611	0.05	Adapter 3839Hz	18	3.839	70.00	0.437
130.691	0.05	Adapter 3839Hz	18	3.839	70.00	0.437
130.771	0.05	Adapter 3839Hz	18	3.839	70.00	0.437
131.031	0.05	Adapter 3839Hz	18	3.839	70.00	0.437
131.111	0.05	Adapter 3839Hz	18	3.839	70.00	0.437
131.191	0.05	Adapter 3839Hz	18	3.839	70.00	0.437
131.271	0.05	Adapter 3839Hz	18	3.839	70.00	0.437
131.531	0.05	Adapter 3839Hz	18	3.839	70.00	0.437
131.611	0.05	Adapter 3839Hz	18	3.839	70.00	0.437
131.691	0.05	Adapter 3839Hz	18	3.839	70.00	0.437
131.771	0.05	Adapter 3839Hz	18	3.839	70.00	0.437
132.031	0.05	Adapter 3839Hz	18	3.839	70.00	0.437
132.111	0.05	Adapter 3839Hz	18	3.839	70.00	0.437
132.191	0.05	Adapter 3839Hz	18	3.839	70.00	0.437
132.271	0.05	Adapter 3839Hz	18	3.839	70.00	0.437
132.531	0.05	Adapter 3839Hz	18	3.839	70.00	0.437
132.611	0.05	Adapter 3839Hz	18	3.839	70.00	0.437
132.691	0.05	Adapter 3839Hz	18	3.839	70.00	0.437
132.771	0.05	Adapter 3839Hz	18	3.839	70.00	0.437
133.031	0.05	Adapter 3839Hz	18	3.839	70.00	0.437
133.111	0.05	Adapter 3839Hz	18	3.839	70.00	0.437
133.191	0.05	Adapter 3839Hz	18	3.839	70.00	0.437
133.271	0.05	Adapter 3839Hz	18	3.839	70.00	0.437
133.531	0.05	Adapter 3839Hz	18	3.839	70.00	0.437
133.611	0.05	Adapter 3839Hz	18	3.839	70.00	0.437
133.691	0.05	Adapter 3839Hz	18	3.839	70.00	0.437
133.771	0.05	Adapter 3839Hz	18	3.839	70.00	0.437
134.031	0.05	Adapter 3839Hz	18	3.839	70.00	0.437
134.111	0.05	Adapter 3839Hz	18	3.839	70.00	0.437
134.191	0.05	Adapter 3839Hz	18	3.839	70.00	0.437
134.271	0.05	Adapter 3839Hz	18	3.839	70.00	0.437
134.531	0.05	Adapter 3839Hz	18	3.839	70.00	0.437
134.611	0.05	Adapter 3839Hz	18	3.839	70.00	0.437
134.691	0.05	Adapter 3839Hz	18	3.839	70.00	0.437
134.771	0.05	Adapter 3839Hz	18	3.839	70.00	0.437
137.534	0.05	Adapter 507Hz Probe 3839Hz	19	0.507	70.00	0.079
137.614	0.05	Adapter 507Hz Probe 3839Hz	19	0.507	70.00	0.079
137.694	0.05	Adapter 507Hz Probe 3839Hz	19	0.507	70.00	0.079
137.774	0.05	Adapter 507Hz Probe 3839Hz	19	0.507	70.00	0.079
137.854	0.05	Adapter 507Hz Probe 3839Hz	19	3.839	70.00	0.437
138.034	0.05	Adapter 507Hz Probe 3839Hz	19	0.507	70.00	0.079
138.114	0.05	Adapter 507Hz Probe 3839Hz	19	0.507	70.00	0.079
138.194	0.05	Adapter 507Hz Probe 3839Hz	19	0.507	70.00	0.079
138.274	0.05	Adapter 507Hz Probe 3839Hz	19	0.507	70.00	0.079
138.354	0.05	Adapter 507Hz Probe 3839Hz	19	3.839	70.00	0.437
138.534	0.05	Adapter 507Hz Probe 3839Hz	19	0.507	70.00	0.079
138.614	0.05	Adapter 507Hz Probe 3839Hz	19	0.507	70.00	0.079
138.694	0.05	Adapter 507Hz Probe 3839Hz	19	0.507	70.00	0.079
138.774	0.05	Adapter 507Hz Probe 3839Hz	19	0.507	70.00	0.079
138.854	0.05	Adapter 507Hz Probe 3839Hz	19	3.839	70.00	0.437
139.034	0.05	Adapter 507Hz Probe 3839Hz	19	0.507	70.00	0.079
139.114	0.05	Adapter 507Hz Probe 3839Hz	19	0.507	70.00	0.079
139.194	0.05	Adapter 507Hz Probe 3839Hz	19	0.507	70.00	0.079
139.274	0.05	Adapter 507Hz Probe 3839Hz	19	0.507	70.00	0.079
139.354	0.05	Adapter 507Hz Probe 3839Hz	19	3.839	70.00	0.437
139.534	0.05	Adapter 507Hz Probe 3839Hz	19	0.507	70.00	0.079
139.614	0.05	Adapter 507Hz Probe 3839Hz	19	0.507	70.00	0.079
139.694	0.05	Adapter 507Hz Probe 3839Hz	19	0.507	70.00	0.079
139.774	0.05	Adapter 507Hz Probe 3839Hz	19	0.507	70.00	0.079
139.854	0.05	Adapter 507Hz Probe 3839Hz	19	3.839	70.00	0.437
140.034	0.05	Adapter 507Hz Probe 3839Hz	19	0.507	70.00	0.079
140.114	0.05	Adapter 507Hz Probe 3839Hz	19	0.507	70.00	0.079
140.194	0.05	Adapter 507Hz Probe 3839Hz	19	0.507	70.00	0.079
140.274	0.05	Adapter 507Hz Probe 3839Hz	19	0.507	70.00	0.079
140.354	0.05	Adapter 507Hz Probe 3839Hz	19	3.839	70.00	0.437
140.534	0.05	Adapter 507Hz Probe 3839Hz	19	0.507	70.00	0.079
140.614	0.05	Adapter 507Hz Probe 3839Hz	19	0.507	70.00	0.079
140.694	0.05	Adapter 507Hz Probe 3839Hz	19	0.507	70.00	0.079
140.774	0.05	Adapter 507Hz Probe 3839Hz	19	0.507	70.00	0.079
140.854	0.05	Adapter 507Hz Probe 3839Hz	19	3.839	70.00	0.437
141.034	0.05	Adapter 507Hz Probe 3839Hz	19	0.507	70.00	0.079
141.114	0.05	Adapter 507Hz Probe 3839Hz	19	0.507	70.00	0.079
141.194	0.05	Adapter 507Hz Probe 3839Hz	19	0.507	70.00	0.079
141.274	0.05	Adapter 507Hz Probe 3839Hz	19	0.507	70.00	0.079
141.354	0.05	Adapter 507Hz Probe 3839Hz	19	3.839	70.00	0.437
141.534	0.05	Adapter 507Hz Probe 3839Hz	19	0.507	70.00	0.079
141.614	0.05	Adapter 507Hz Probe 3839Hz	19	0.507	70.00	0.079
141.694	0.05	Adapter 507Hz Probe 3839Hz	19	0.507	70.00	0.079
141.774	0.05	Adapter 507Hz Probe 3839Hz	19	0.507	70.00	0.079
141.854	0.05	Adapter 507Hz Probe 3839Hz	19	3.839	70.00	0.437
142.034	0.05	Adapter 507Hz Probe 3839Hz	19	0.507	70.00	0.079
142.114	0.05	Adapter 507Hz Probe 3839Hz	19	0.507	70.00	0.079
142.194	0.05	Adapter 507Hz Probe 3839Hz	19	0.507	70.00	0.079
142.274	0.05	Adapter 507Hz Probe 3839Hz	19	0.507	70.00	0.079
142.354	0.05	Adapter 507Hz Probe 3839Hz	19	3.839	70.00	0.437
145.038	0.05	Adapter 899Hz	20	0.899	70.00	0.121
145.118	0.05	Adapter 899Hz	20	0.899	70.00	0.121
145.198	0.05	Adapter 899Hz	20	0.899	70.00	0.121
145.278	0.05	Adapter 899Hz	20	0.899	70.00	0.121
145.538	0.05	Adapter 899Hz	20	0.899	70.00	0.121
145.618	0.05	Adapter 899Hz	20	0.899	70.00	0.121
145.698	0.05	Adapter 899Hz	20	0.899	70.00	0.121
145.778	0.05	Adapter 899Hz	20	0.899	70.00	0.121
146.038	0.05	Adapter 899Hz	20	0.899	70.00	0.121
146.118	0.05	Adapter 899Hz	20	0.899	70.00	0.121
146.198	0.05	Adapter 899Hz	20	0.899	70.00	0.121
146.278	0.05	Adapter 899Hz	20	0.899	70.00	0.121
146.538	0.05	Adapter 899Hz	20	0.899	70.00	0.121
146.618	0.05	Adapter 899Hz	20	0.899	70.00	0.121
146.698	0.05	Adapter 899Hz	20	0.899	70.00	0.121
146.778	0.05	Adapter 899Hz	20	0.899	70.00	0.121
147.038	0.05	Adapter 899Hz	20	0.899	70.00	0.121
147.118	0.05	Adapter 899Hz	20	0.899	70.00	0.121
147.198	0.05	Adapter 899Hz	20	0.899	70.00	0.121
147.278	0.05	Adapter 899Hz	20	0.899	70.00	0.121
147.538	0.05	Adapter 899Hz	20	0.899	70.00	0.121
147.618	0.05	Adapter 899Hz	20	0.899	70.00	0.121
147.698	0.05	Adapter 899Hz	20	0.899	70.00	0.121
147.778	0.05	Adapter 899Hz	20	0.899	70.00	0.121
148.038	0.05	Adapter 899Hz	20	0.899	70.00	0.121
148.118	0.05	Adapter 899Hz	20	0.899	70.00	0.121
148.198	0.05	Adapter 899Hz	20	0.899	70.00	0.121
148.278	0.05	Adapter 899Hz	20	0.899	70.00	0.121
148.538	0.05	Adapter 899Hz	20	0.899	70.00	0.121
148.618	0.05	Adapter 899Hz	20	0.899	70.00	0.121
148.698	0.05	Adapter 899Hz	20	0.899	70.00	0.121
148.778	0.05	Adapter 899Hz	20	0.899	70.00	0.121
149.038	0.05	Adapter 899Hz	20	0.899	70.00	0.121
149.118	0.05	Adapter 899Hz	20	0.899	70.00	0.121
149.198	0.05	Adapter 899Hz	20	0.899	70.00	0.121
149.278	0.05	Adapter 899Hz	20	0.899	70.00	0.121
149.538	0.05	Adapter 899Hz	20	0.899	70.00	0.121
149.618	0.05	Adapter 899Hz	20	0.899	70.00	0.121
149.698	0.05	Adapter 899Hz	20	0.899	70.00	0.121
149.778	0.05	Adapter 899Hz	20	0.899	70.00	0.121
152.526	0.05	Adapter 2423Hz	21	2.423	70.00	0.285
152.606	0.05	Adapter 2423Hz	21	2.423	70.00	0.285
152.686	0.05	Adapter 2423Hz	21	2.423	70.00	0.285
152.766	0.05	Adapter 2423Hz	21	2.423	70.00	0.285
153.026	0.05	Adapter 2423Hz	21	2.423	70.00	0.285
153.106	0.05	Adapter 2423Hz	21	2.423	70.00	0.285
153.186	0.05	Adapter 2423Hz	21	2.423	70.00	0.285
153.266	0.05	Adapter 2423Hz	21	2.423	70.00	0.285
153.526	0.05	Adapter 2423Hz	21	2.423	70.00	0.285
153.606	0.05	Adapter 2423Hz	21	2.423	70.00	0.285
153.686	0.05	Adapter 2423Hz	21	2.423	70.00	0.285
153.766	0.05	Adapter 2423Hz	21	2.423	70.00	0.285
154.026	0.05	Adapter 2423Hz	21	2.423	70.00	0.285
154.106	0.05	Adapter 2423Hz	21	2.423	70.00	0.285
154.186	0.05	Adapter 2423Hz	21	2.423	70.00	0.285
154.266	0.05	Adapter 2423Hz	21	2.423	70.00	0.285
154.526	0.05	Adapter 2423Hz	21	2.423	70.00	0.285
154.606	0.05	Adapter 2423Hz	21	2.423	70.00	0.285
154.686	0.05	Adapter 2423Hz	21	2.423	70.00	0.285
154.766	0.05	Adapter 2423Hz	21	2.423	70.00	0.285
155.026	0.05	Adapter 2423Hz	21	2.423	70.00	0.285
155.106	0.05	Adapter 2423Hz	21	2.423	70.00	0.285
155.186	0.05	Adapter 2423Hz	21	2.423	70.00	0.285
155.266	0.05	Adapter 2423Hz	21	2.423	70.00	0.285
155.526	0.05	Adapter 2423Hz	21	2.423	70.00	0.285
155.606	0.05	Adapter 2423Hz	21	2.423	70.00	0.285
155.686	0.05	Adapter 2423Hz	21	2.423	70.00	0.285
155.766	0.05	Adapter 2423Hz	21	2.423	70.00	0.285
156.026	0.05	Adapter 2423Hz	21	2.423	70.00	0.285
156.106	0.05	Adapter 2423Hz	21	2.423	70.00	0.285
156.186	0.05	Adapter 2423Hz	21	2.423	70.00	0.285
156.266	0.05	Adapter 2423Hz	21	2.423	70.00	0.285
156.526	0.05	Adapter 2423Hz	21	2.423	70.00	0.285
156.606	0.05	Adapter 2423Hz	21	2.423	70.00	0.285
156.686	0.05	Adapter 2423Hz	21	2.423	70.00	0.285
156.766	0.05	Adapter 2423Hz	21	2.423	70.00	0.285
157.026	0.05	Adapter 2423Hz	21	2.423	70.00	0.285
157.106	0.05	Adapter 2423Hz	21	2.423	70.00	0.285
157.186	0.05	Adapter 2423Hz	21	2.423	70.00	0.285
157.266	0.05	Adapter 2423Hz	21	2.423	70.00	0.285
160.014	0.05	Adapter 2423Hz Probe 3839Hz	22	2.423	70.00	0.285
160.094	0.05	Adapter 2423Hz Probe 3839Hz	22	2.423	70.00	0.285
160.174	0.05	Adapter 2423Hz Probe 3839Hz	22	2.423	70.00	0.285
160.254	0.05	Adapter 2423Hz Probe 3839Hz	22	2.423	70.00	0.285
160.334	0.05	Adapter 2423Hz Probe 3839Hz	22	3.839	70.00	0.437
160.514	0.05	Adapter 2423Hz Probe 3839Hz	22	2.423	70.00	0.285
160.594	0.05	Adapter 2423Hz Probe 3839Hz	22	2.423	70.00	0.285
160.674	0.05	Adapter 2423Hz Probe 3839Hz	22	2.423	70.00	0.285
160.754	0.05	Adapter 2423Hz Probe 3839Hz	22	2.423	70.00	0.285
160.834	0.05	Adapter 2423Hz Probe 3839Hz	22	3.839	70.00	0.437
161.014	0.05	Adapter 2423Hz Probe 3839Hz	22	2.423	70.00	0.285
161.094	0.05	Adapter 2423Hz Probe 3839Hz	22	2.423	70.00	0.285
161.174	0.05	Adapter 2423Hz Probe 3839Hz	22	2.423	70.00	0.285
161.254	0.05	Adapter 2423Hz Probe 3839Hz	22	2.423	70.00	0.285
161.334	0.05	Adapter 2423Hz Probe 3839Hz	22	3.839	70.00	0.437
161.514	0.05	Adapter 2423Hz Probe 3839Hz	22	2.423	70.00	0.285
161.594	0.05	Adapter 2423Hz Probe 3839Hz	22	2.423	70.00	0.285
161.674	0.05	Adapter 2423Hz Probe 3839Hz	22	2.423	70.00	0.285
161.754	0.05	Adapter 2423Hz Probe 3839Hz	22	2.423	70.00	0.285
161.834	0.05	Adapter 2423Hz Probe 3839Hz	22	3.839	70.00	0.437
162.014	0.05	Adapter 2423Hz Probe 3839Hz	22	2.423	70.00	0.285
162.094	0.05	Adapter 2423Hz Probe 3839Hz	22	2.423	70.00	0.285
162.174	0.05	Adapter 2423Hz Probe 3839Hz	22	2.423	70.00	0.285
162.254	0.05	Adapter 2423Hz Probe 3839Hz	22	2.423	70.00	0.285
162.334	0.05	Adapter 2423Hz Probe 3839Hz	22	3.839	70.00	0.437
162.514	0.05	Adapter 2423Hz Probe 3839Hz	22	2.423	70.00	0.285
162.594	0.05	Adapter 2423Hz Probe 3839Hz	22	2.423	70.00	0.285
162.674	0.05	Adapter 2423Hz Probe 3839Hz	22	2.423	70.00	0.285
162.754	0.05	Adapter 2423Hz Probe 3839Hz	22	2.423	70.00	0.285
162.834	0.05	Adapter 2423Hz Probe 3839Hz	22	3.839	70.00	0.437
163.014	0.05	Adapter 2423Hz Probe 3839Hz	22	2.423	70.00	0.285
163.094	0.05	Adapter 2423Hz Probe 3839Hz	22	2.423	70.00	0.285
163.174	0.05	Adapter 2423Hz Probe 3839Hz	22	2.423	70.00	0.285
163.254	0.05	Adapter 2423Hz Probe 3839Hz	22	2.423	70.00	0.285
163.334	0.05	Adapter 2423Hz Probe 3839Hz	22	3.839	70.00	0.437
163.514	0.05	Adapter 2423Hz Probe 3839Hz	22	2.423	70.00	0.285
163.594	0.05	Adapter 2423Hz Probe 3839Hz	22	2.423	70.00	0.285
163.674	0.05	Adapter 2423Hz Probe 3839Hz	22	2.423	70.00	0.285
163.754	0.05	Adapter 2423Hz Probe 3839Hz	22	2.423	70.00	0.285
163.834	0.05	Adapter 2423Hz Probe 3839Hz	22	3.839	70.00	0.437
164.014	0.05	Adapter 2423Hz Probe 3839Hz	22	2.423	70.00	0.285
164.094	0.05	Adapter 2423Hz Probe 3839Hz	22	2.423	70.00	0.285
164.174	0.05	Adapter 2423Hz Probe 3839Hz	22	2.423	70.00	0.285
164.254	0.05	Adapter 2423Hz Probe 3839Hz	22	2.423	70.00	0.285
164.334	0.05	Adapter 2423Hz Probe 3839Hz	22	3.839	70.00	0.437
164.514	0.05	Adapter 2423Hz Probe 3839Hz	22	2.423	70.00	0.285
164.594	0.05	Adapter 2423Hz Probe 3839Hz	22	2.423	70.00	0.285
164.674	0.05	Adapter 2423Hz Probe 3839Hz	22	2.423	70.00	0.285
164.754	0.05	Adapter 2423Hz Probe 3839Hz	22	2.423	70.00	0.285
164.834	0.05	Adapter 2423Hz Probe 3839Hz	22	3.839	70.00	0.437
167.549	0.05	Adapter 6009Hz	23	6.009	70.00	0.671
167.629	0.05	Adapter 6009Hz	23	6.009	70.00	0.671
167.709	0.05	Adapter 6009Hz	23	6.009	70.00	0.671
167.789	0.05	Adapter 6009Hz	23	6.009	70.00	0.671
168.049	0.05	Adapter 6009Hz	23	6.009	70.00	0.671
168.129	0.05	Adapter 6009Hz	23	6.009	70.00	0.671
168.209	0.05	Adapter 6009Hz	23	6.009	70.00	0.671
168.289	0.05	Adapter 6009Hz	23	6.009	70.00	0.671
168.549	0.05	Adapter 6009Hz	23	6.009	70.00	0.671
168.629	0.05	Adapter 6009Hz	23	6.009	70.00	0.671
168.709	0.05	Adapter 6009Hz	23	6.009	70.00	0.671
168.789	0.05	Adapter 6009Hz	23	6.009	70.00	0.671
169.049	0.05	Adapter 6009Hz	23	6.009	70.00	0.671
169.129	0.05	Adapter 6009Hz	23	6.009	70.00	0.671
169.209	0.05	Adapter 6009Hz	23	6.009	70.00	0.671
169.289	0.05	Adapter 6009Hz	23	6.009	70.00	0.671
169.549	0.05	Adapter 6009Hz	23	6.009	70.00	0.671
169.629	0.05	Adapter 6009Hz	23	6.009	70.00	0.671
169.709	0.05	Adapter 6009Hz	23	6.009	70.00	0.671
169.789	0.05	Adapter 6009Hz	23	6.009	70.00	0.671
170.049	0.05	Adapter 6009Hz	23	6.009	70.00	0.671
170.129	0.05	Adapter 6009Hz	23	6.009	70.00	0.671
170.209	0.05	Adapter 6009Hz	23	6.009	70.00	0.671
170.289	0.05	Adapter 6009Hz	23	6.009	70.00	0.671
170.549	0.05	Adapter 6009Hz	23	6.009	70.00	0.671
170.629	0.05	Adapter 6009Hz	23	6.009	70.00	0.671
170.709	0.05	Adapter 6009Hz	23	6.009	70.00	0.671
170.789	0.05	Adapter 6009Hz	23	6.009	70.00	0.671
171.049	0.05	Adapter 6009Hz	23	6.009	70.00	0.671
171.129	0.05	Adapter 6009Hz	23	6.009	70.00	0.671
171.209	0.05	Adapter 6009Hz	23	6.009	70.00	0.671
171.289	0.05	Adapter 6009Hz	23	6.009	70.00	0.671
171.549	0.05	Adapter 6009Hz	23	6.009	70.00	0.671
171.629	0.05	Adapter 6009Hz	23	6.009	70.00	0.671
171.709	0.05	Adapter 6009Hz	23	6.009	70.00	0.671
171.789	0.05	Adapter 6009Hz	23	6.009	70.00	0.671
172.049	0.05	Adapter 6009Hz	23	6.009	70.00	0.671
172.129	0.05	Adapter 6009Hz	23	6.009	70.00	0.671
172.209	0.05	Adapter 6009Hz	23	6.009	70.00	0.671
172.289	0.05	Adapter 6009Hz	23	6.009	70.00	0.671
182.525	0.05	Adapter 251Hz	25	0.251	70.00	0.052
182.605	0.05	Adapter 251Hz	25	0.251	70.00	0.052
182.685	0.05	Adapter 251Hz	25	0.251	70.00	0.052
182.765	0.05	Adapter 251Hz	25	0.251	70.00	0.052
183.025	0.05	Adapter 251Hz	25	0.251	70.00	0.052
183.105	0.05	Adapter 251Hz	25	0.251	70.00	0.052
183.185	0.05	Adapter 251Hz	25	0.251	70.00	0.052
183.265	0.05	Adapter 251Hz	25	0.251	70.00	0.052
183.525	0.05	Adapter 251Hz	25	0.251	70.00	0.052
183.605	0.05	Adapter 251Hz	25	0.251	70.00	0.052
183.685	0.05	Adapter 251Hz	25	0.251	70.00	0.052
183.765	0.05	Adapter 251Hz	25	0.251	70.00	0.052
184.025	0.05	Adapter 251Hz	25	0.251	70.00	0.052
184.105	0.05	Adapter 251Hz	25	0.251	70.00	0.052
184.185	0.05	Adapter 251Hz	25	0.251	70.00	0.052
184.265	0.05	Adapter 251Hz	25	0.251	70.00	0.052
184.525	0.05	Adapter 251Hz	25	0.251	70.00	0.052
184.605	0.05	Adapter 251Hz	25	0.251	70.00	0.052
184.685	0.05	Adapter 251Hz	25	0.251	70.00	0.052
184.765	0.05	Adapter 251Hz	25	0.251	70.00	0.052
185.025	0.05	Adapter 251Hz	25	0.251	70.00	0.052
185.105	0.05	Adapter 251Hz	25	0.251	70.00	0.052
185.185	0.05	Adapter 251Hz	25	0.251	70.00	0.052
185.265	0.05	Adapter 251Hz	25	0.251	70.00	0.052
185.525	0.05	Adapter 251Hz	25	0.251	70.00	0.052
185.605	0.05	Adapter 251Hz	25	0.251	70.00	0.052
185.685	0.05	Adapter 251Hz	25	0.251	70.00	0.052
185.765	0.05	Adapter 251Hz	25	0.251	70.00	0.052
186.025	0.05	Adapter 251Hz	25	0.251	70.00	0.052
186.105	0.05	Adapter 251Hz	25	0.251	70.00	0.052
186.185	0.05	Adapter 251Hz	25	0.251	70.00	0.052
186.265	0.05	Adapter 251Hz	25	0.251	70.00	0.052
186.525	0.05	Adapter 251Hz	25	0.251	70.00	0.052
186.605	0.05	Adapter 251Hz	25	0.251	70.00	0.052
186.685	0.05	Adapter 251Hz	25	0.251	70.00	0.052
186.765	0.05	Adapter 251Hz	25	0.251	70.00	0.052
187.025	0.05	Adapter 251Hz	25	0.251	70.00	0.052
187.105	0.05	Adapter 251Hz	25	0.251	70.00	0.052
187.185	0.05	Adapter 251Hz	25	0.251	70.00	0.052
187.265	0.05	Adapter 251Hz	25	0.251	70.00	0.052
190.364	0.05	Probe 3839Hz	26	3.839	70.00	0.437
190.864	0.05	Probe 3839Hz	26	3.839	70.00	0.437
191.364	0.05	Probe 3839Hz	26	3.839	70.00	0.437
191.864	0.05	Probe 3839Hz	26	3.839	70.00	0.437
192.364	0.05	Probe 3839Hz	26	3.839	70.00	0.437
192.864	0.05	Probe 3839Hz	26	3.839	70.00	0.437
193.364	0.05	Probe 3839Hz	26	3.839	70.00	0.437
193.864	0.05	Probe 3839Hz	26	3.839	70.00	0.437
194.364	0.05	Probe 3839Hz	26	3.839	70.00	0.437
194.864	0.05	Probe 3839Hz	26	3.839	70.00	0.437
197.532	0.05	Adapter 507Hz	27	0.507	70.00	0.079
197.612	0.05	Adapter 507Hz	27	0.507	70.00	0.079
197.692	0.05	Adapter 507Hz	27	0.507	70.00	0.079
197.772	0.05	Adapter 507Hz	27	0.507	70.00	0.079
198.032	0.05	Adapter 507Hz	27	0.507	70.00	0.079
198.112	0.05	Adapter 507Hz	27	0.507	70.00	0.079
198.192	0.05	Adapter 507Hz	27	0.507	70.00	0.079
198.272	0.05	Adapter 507Hz	27	0.507	70.00	0.079
198.532	0.05	Adapter 507Hz	27	0.507	70.00	0.079
198.612	0.05	Adapter 507Hz	27	0.507	70.00	0.079
198.692	0.05	Adapter 507Hz	27	0.507	70.00	0.079
198.772	0.05	Adapter 507Hz	27	0.507	70.00	0.079
199.032	0.05	Adapter 507Hz	27	0.507	70.00	0.079
199.112	0.05	Adapter 507Hz	27	0.507	70.00	0.079
199.192	0.05	Adapter 507Hz	27	0.507	70.00	0.079
199.272	0.05	Adapter 507Hz	27	0.507	70.00	0.079
199.532	0.05	Adapter 507Hz	27	0.507	70.00	0.079
199.612	0.05	Adapter 507Hz	27	0.507	70.00	0.079
199.692	0.05	Adapter 507Hz	27	0.507	70.00	0.079
199.772	0.05	Adapter 507Hz	27	0.507	70.00	0.079
200.032	0.05	Adapter 507Hz	27	0.507	70.00	0.079
200.112	0.05	Adapter 507Hz	27	0.507	70.00	0.079
200.192	0.05	Adapter 507Hz	27	0.507	70.00	0.079
200.272	0.05	Adapter 507Hz	27	0.507	70.00	0.079
200.532	0.05	Adapter 507Hz	27	0.507	70.00	0.079
200.612	0.05	Adapter 507Hz	27	0.507	70.00	0.079
200.692	0.05	Adapter 507Hz	27	0.507	70.00	0.079
200.772	0.05	Adapter 507Hz	27	0.507	70.00	0.079
201.032	0.05	Adapter 507Hz	27	0.507	70.00	0.079
201.112	0.05	Adapter 507Hz	27	0.507	70.00	0.079
201.192	0.05	Adapter 507Hz	27	0.507	70.00	0.079
201.272	0.05	Adapter 507Hz	27	0.507	70.00	0.079
201.532	0.05	Adapter 507Hz	27	0.507	70.00	0.079
201.612	0.05	Adapter 507Hz	27	0.507	70.00	0.079
201.692	0.05	Adapter 507Hz	27	0.507	70.00	0.079
201.772	0.05	Adapter 507Hz	27	0.507	70.00	0.079
202.032	0.05	Adapter 507Hz	27	0.507	70.00	0.079
202.112	0.05	Adapter 507Hz	27	0.507	70.00	0.079
202.192	0.05	Adapter 507Hz	27	0.507	70.00	0.079
202.272	0.05	Adapter 507Hz	27	0.507	70.00	0.079
205.004	0.05	Adapter 1501Hz Probe 3839Hz	28	1.501	70.00	0.186
205.084	0.05	Adapter 1501Hz Probe 3839Hz	28	1.501	70.00	0.186
205.164	0.05	Adapter 1501Hz Probe 3839Hz	28	1.501	70.00	0.186
205.244	0.05	Adapter 1501Hz Probe 3839Hz	28	1.501	70.00	0.186
205.324	0.05	Adapter 1501Hz Probe 3839Hz	28	3.839	70.00	0.437
205.504	0.05	Adapter 1501Hz Probe 3839Hz	28	1.501	70.00	0.186
205.584	0.05	Adapter 1501Hz Probe 3839Hz	28	1.501	70.00	0.186
205.664	0.05	Adapter 1501Hz Probe 3839Hz	28	1.501	70.00	0.186
205.744	0.05	Adapter 1501Hz Probe 3839Hz	28	1.501	70.00	0.186
205.824	0.05	Adapter 1501Hz Probe 3839Hz	28	3.839	70.00	0.437
206.004	0.05	Adapter 1501Hz Probe 3839Hz	28	1.501	70.00	0.186
206.084	0.05	Adapter 1501Hz Probe 3839Hz	28	1.501	70.00	0.186
206.164	0.05	Adapter 1501Hz Probe 3839Hz	28	1.501	70.00	0.186
206.244	0.05	Adapter 1501Hz Probe 3839Hz	28	1.501	70.00	0.186
206.324	0.05	Adapter 1501Hz Probe 3839Hz	28	3.839	70.00	0.437
206.504	0.05	Adapter 1501Hz Probe 3839Hz	28	1.501	70.00	0.186
206.584	0.05	Adapter 1501Hz Probe 3839Hz	28	1.501	70.00	0.186
206.664	0.05	Adapter 1501Hz Probe 3839Hz	28	1.501	70.00	0.186
206.744	0.05	Adapter 1501Hz Probe 3839Hz	28	1.501	70.00	0.186
206.824	0.05	Adapter 1501Hz Probe 3839Hz	28	3.839	70.00	0.437
207.004	0.05	Adapter 1501Hz Probe 3839Hz	28	1.501	70.00	0.186
207.084	0.05	Adapter 1501Hz Probe 3839Hz	28	1.501	70.00	0.186
207.164	0.05	Adapter 1501Hz Probe 3839Hz	28	1.501	70.00	0.186
207.244	0.05	Adapter 1501Hz Probe 3839Hz	28	1.501	70.00	0.186
207.324	0.05	Adapter 1501Hz Probe 3839Hz	28	3.839	70.00	0.437
207.504	0.05	Adapter 1501Hz Probe 3839Hz	28	1.501	70.00	0.186
207.584	0.05	Adapter 1501Hz Probe 3839Hz	28	1.501	70.00	0.186
207.664	0.05	Adapter 1501Hz Probe 3839Hz	28	1.501	70.00	0.186
207.744	0.05	Adapter 1501Hz Probe 3839Hz	28	1.501	70.00	0.186
207.824	0.05	Adapter 1501Hz Probe 3839Hz	28	3.839	70.00	0.437
208.004	0.05	Adapter 1501Hz Probe 3839Hz	28	1.501	70.00	0.186
208.084	0.05	Adapter 1501Hz Probe 3839Hz	28	1.501	70.00	0.186
208.164	0.05	Adapter 1501Hz Probe 3839Hz	28	1.501	70.00	0.186
208.244	0.05	Adapter 1501Hz Probe 3839Hz	28	1.501	70.00	0.186
208.324	0.05	Adapter 1501Hz Probe 3839Hz	28	3.839	70.00	0.437
208.504	0.05	Adapter 1501Hz Probe 3839Hz	28	1.501	70.00	0.186
208.584	0.05	Adapter 1501Hz Probe 3839Hz	28	1.501	70.00	0.186
208.664	0.05	Adapter 1501Hz Probe 3839Hz	28	1.501	70.00	0.186
208.744	0.05	Adapter 1501Hz Probe 3839Hz	28	1.501	70.00	0.186
208.824	0.05	Adapter 1501Hz Probe 3839Hz	28	3.839	70.00	0.437
209.004	0.05	Adapter 1501Hz Probe 3839Hz	28	1.501	70.00	0.186
209.084	0.05	Adapter 1501Hz Probe 3839Hz	28	1.501	70.00	0.186
209.164	0.05	Adapter 1501Hz Probe 3839Hz	28	1.501	70.00	0.186
209.244	0.05	Adapter 1501Hz Probe 3839Hz	28	1.501	70.00	0.186
209.324	0.05	Adapter 1501Hz Probe 3839Hz	28	3.839	70.00	0.437
209.504	0.05	Adapter 1501Hz Probe 3839Hz	28	1.501	70.00	0.186
209.584	0.05	Adapter 1501Hz Probe 3839Hz	28	1.501	70.00	0.186
209.664	0.05	Adapter 1501Hz Probe 3839Hz	28	1.501	70.00	0.186
209.744	0.05	Adapter 1501Hz Probe 3839Hz	28	1.501	70.00	0.186
209.824	0.05	Adapter 1501Hz Probe 3839Hz	28	3.839	70.00	0.437
212.508	0.05	Adapter 899Hz Probe 3839Hz	29	0.899	70.00	0.121
212.588	0.05	Adapter 899Hz Probe 3839Hz	29	0.899	70.00	0.121
212.668	0.05	Adapter 899Hz Probe 3839Hz	29	0.899	70.00	0.121
212.748	0.05	Adapter 899Hz Probe 3839Hz	29	0.899	70.00	0.121
212.828	0.05	Adapter 899Hz Probe 3839Hz	29	3.839	70.00	0.437
213.008	0.05	Adapter 899Hz Probe 3839Hz	29	0.899	70.00	0.121
213.088	0.05	Adapter 899Hz Probe 3839Hz	29	0.899	70.00	0.121
213.168	0.05	Adapter 899Hz Probe 3839Hz	29	0.899	70.00	0.121
213.248	0.05	Adapter 899Hz Probe 3839Hz	29	0.899	70.00	0.121
213.328	0.05	Adapter 899Hz Probe 3839Hz	29	3.839	70.00	0.437
213.508	0.05	Adapter 899Hz Probe 3839Hz	29	0.899	70.00	0.121
213.588	0.05	Adapter 899Hz Probe 3839Hz	29	0.899	70.00	0.121
213.668	0.05	Adapter 899Hz Probe 3839Hz	29	0.899	70.00	0.121
213.748	0.05	Adapter 899Hz Probe 3839Hz	29	0.899	70.00	0.121
213.828	0.05	Adapter 899Hz Probe 3839Hz	29	3.839	70.00	0.437
214.008	0.05	Adapter 899Hz Probe 3839Hz	29	0.899	70.00	0.121
214.088	0.05	Adapter 899Hz Probe 3839Hz	29	0.899	70.00	0.121
214.168	0.05	Adapter 899Hz Probe 3839Hz	29	0.899	70.00	0.121
214.248	0.05	Adapter 899Hz Probe 3839Hz	29	0.899	70.00	0.121
214.328	0.05	Adapter 899Hz Probe 3839Hz	29	3.839	70.00	0.437
214.508	0.05	Adapter 899Hz Probe 3839Hz	29	0.899	70.00	0.121
214.588	0.05	Adapter 899Hz Probe 3839Hz	29	0.899	70.00	0.121
214.668	0.05	Adapter 899Hz Probe 3839Hz	29	0.899	70.00	0.121
214.748	0.05	Adapter 899Hz Probe 3839Hz	29	0.899	70.00	0.121
214.828	0.05	Adapter 899Hz Probe 3839Hz	29	3.839	70.00	0.437
215.008	0.05	Adapter 899Hz Probe 3839Hz	29	0.899	70.00	0.121
215.088	0.05	Adapter 899Hz Probe 3839Hz	29	0.899	70.00	0.121
215.168	0.05	Adapter 899Hz Probe 3839Hz	29	0.899	70.00	0.121
215.248	0.05	Adapter 899Hz Probe 3839Hz	29	0.899	70.00	0.121
215.328	0.05	Adapter 899Hz Probe 3839Hz	29	3.839	70.00	0.437
215.508	0.05	Adapter 899Hz Probe 3839Hz	29	0.899	70.00	0.121
215.588	0.05	Adapter 899Hz Probe 3839Hz	29	0.899	70.00	0.121
215.668	0.05	Adapter 899Hz Probe 3839Hz	29	0.899	70.00	0.121
215.748	0.05	Adapter 899Hz Probe 3839Hz	29	0.899	70.00	0.121
215.828	0.05	Adapter 899Hz Probe 3839Hz	29	3.839	70.00	0.437
216.008	0.05	Adapter 899Hz Probe 3839Hz	29	0.899	70.00	0.121
216.088	0.05	Adapter 899Hz Probe 3839Hz	29	0.899	70.00	0.121
216.168	0.05	Adapter 899Hz Probe 3839Hz	29	0.899	70.00	0.121
216.248	0.05	Adapter 899Hz Probe 3839Hz	29	0.899	70.00	0.121
216.328	0.05	Adapter 899Hz Probe 3839Hz	29	3.839	70.00	0.437
216.508	0.05	Adapter 899Hz Probe 3839Hz	29	0.899	70.00	0.121
216.588	0.05	Adapter 899Hz Probe 3839Hz	29	0.899	70.00	0.121
216.668	0.05	Adapter 899Hz Probe 3839Hz	29	0.899	70.00	0.121
216.748	0.05	Adapter 899Hz Probe 3839Hz	29	0.899	70.00	0.121
216.828	0.05	Adapter 899Hz Probe 3839Hz	29	3.839	70.00	0.437
217.008	0.05	Adapter 899Hz Probe 3839Hz	29	0.899	70.00	0.121
217.088	0.05	Adapter 899Hz Probe 3839Hz	29	0.899	70.00	0.121
217.168	0.05	Adapter 899Hz Probe 3839Hz	29	0.899	70.00	0.121
217.248	0.05	Adapter 899Hz Probe 3839Hz	29	0.899	70.00	0.121
217.328	0.05	Adapter 899Hz Probe 3839Hz	29	3.839	70.00	0.437
235.003	0.05	Adapter 3839Hz Probe 3839Hz	32	3.839	70.00	0.437
235.083	0.05	Adapter 3839Hz Probe 3839Hz	32	3.839	70.00	0.437
235.163	0.05	Adapter 3839Hz Probe 3839Hz	32	3.839	70.00	0.437
235.243	0.05	Adapter 3839Hz Probe 3839Hz	32	3.839	70.00	0.437
235.323	0.05	Adapter 3839Hz Probe 3839Hz	32	3.839	70.00	0.437
235.503	0.05	Adapter 3839Hz Probe 3839Hz	32	3.839	70.00	0.437
235.583	0.05	Adapter 3839Hz Probe 3839Hz	32	3.839	70.00	0.437
235.663	0.05	Adapter 3839Hz Probe 3839Hz	32	3.839	70.00	0.437
235.743	0.05	Adapter 3839Hz Probe 3839Hz	32	3.839	70.00	0.437
235.823	0.05	Adapter 3839Hz Probe 3839Hz	32	3.839	70.00	0.437
236.003	0.05	Adapter 3839Hz Probe 3839Hz	32	3.839	70.00	0.437
236.083	0.05	Adapter 3839Hz Probe 3839Hz	32	3.839	70.00	0.437
236.163	0.05	Adapter 3839Hz Probe 3839Hz	32	3.839	70.00	0.437
236.243	0.05	Adapter 3839Hz Probe 3839Hz	32	3.839	70.00	0.437
236.323	0.05	Adapter 3839Hz Probe 3839Hz	32	3.839	70.00	0.437
236.503	0.05	Adapter 3839Hz Probe 3839Hz	32	3.839	70.00	0.437
236.583	0.05	Adapter 3839Hz Probe 3839Hz	32	3.839	70.00	0.437
236.663	0.05	Adapter 3839Hz Probe 3839Hz	32	3.839	70.00	0.437
236.743	0.05	Adapter 3839Hz Probe 3839Hz	32	3.839	70.00	0.437
236.823	0.05	Adapter 3839Hz Probe 3839Hz	32	3.839	70.00	0.437
237.003	0.05	Adapter 3839Hz Probe 3839Hz	32	3.839	70.00	0.437
237.083	0.05	Adapter 3839Hz Probe 3839Hz	32	3.839	70.00	0.437
237.163	0.05	Adapter 3839Hz Probe 3839Hz	32	3.839	70.00	0.437
237.243	0.05	Adapter 3839Hz Probe 3839Hz	32	3.839	70.00	0.437
237.323	0.05	Adapter 3839Hz Probe 3839Hz	32	3.839	70.00	0.437
237.503	0.05	Adapter 3839Hz Probe 3839Hz	32	3.839	70.00	0.437
237.583	0.05	Adapter 3839Hz Probe 3839Hz	32	3.839	70.00	0.437
237.663	0.05	Adapter 3839Hz Probe 3839Hz	32	3.839	70.00	0.437
237.743	0.05	Adapter 3839Hz Probe 3839Hz	32	3.839	70.00	0.437
237.823	0.05	Adapter 3839Hz Probe 3839Hz	32	3.839	70.00	0.437
238.003	0.05	Adapter 3839Hz Probe 3839Hz	32	3.839	70.00	0.437
238.083	0.05	Adapter 3839Hz Probe 3839Hz	32	3.839	70.00	0.437
238.163	0.05	Adapter 3839Hz Probe 3839Hz	32	3.839	70.00	0.437
238.243	0.05	Adapter 3839Hz Probe 3839Hz	32	3.839	70.00	0.437
238.323	0.05	Adapter 3839Hz Probe 3839Hz	32	3.839	70.00	0.437
238.503	0.05	Adapter 3839Hz Probe 3839Hz	32	3.839	70.00	0.437
238.583	0.05	Adapter 3839Hz Probe 3839Hz	32	3.839	70.00	0.437
238.663	0.05	Adapter 3839Hz Probe 3839Hz	32	3.839	70.00	0.437
238.743	0.05	Adapter 3839Hz Probe 3839Hz	32	3.839	70.00	0.437
238.823	0.05	Adapter 3839Hz Probe 3839Hz	32	3.839	70.00	0.437
239.003	0.05	Adapter 3839Hz Probe 3839Hz	32	3.839	70.00	0.437
239.083	0.05	Adapter 3839Hz Probe 3839Hz	32	3.839	70.00	0.437
239.163	0.05	Adapter 3839Hz Probe 3839Hz	32	3.839	70.00	0.437
239.243	0.05	Adapter 3839Hz Probe 3839Hz	32	3.839	70.00	0.437
239.323	0.05	Adapter 3839Hz Probe 3839Hz	32	3.839	70.00	0.437
239.503	0.05	Adapter 3839Hz Probe 3839Hz	32	3.839	70.00	0.437
239.583	0.05	Adapter 3839Hz Probe 3839Hz	32	3.839	70.00	0.437
239.663	0.05	Adapter 3839Hz Probe 3839Hz	32	3.839	70.00	0.437
239.743	0.05	Adapter 3839Hz Probe 3839Hz	32	3.839	70.00	0.437
239.823	0.05	Adapter 3839Hz Probe 3839Hz	32	3.839	70.00	0.437
242.554	0.05	Adapter 899Hz Probe 3839Hz	33	0.899	70.00	0.121
242.634	0.05	Adapter 899Hz Probe 3839Hz	33	0.899	70.00	0.121
242.714	0.05	Adapter 899Hz Probe 3839Hz	33	0.899	70.00	0.121
242.794	0.05	Adapter 899Hz Probe 3839Hz	33	0.899	70.00	0.121
242.874	0.05	Adapter 899Hz Probe 3839Hz	33	3.839	70.00	0.437
243.054	0.05	Adapter 899Hz Probe 3839Hz	33	0.899	70.00	0.121
243.134	0.05	Adapter 899Hz Probe 3839Hz	33	0.899	70.00	0.121
243.214	0.05	Adapter 899Hz Probe 3839Hz	33	0.899	70.00	0.121
243.294	0.05	Adapter 899Hz Probe 3839Hz	33	0.899	70.00	0.121
243.374	0.05	Adapter 899Hz Probe 3839Hz	33	3.839	70.00	0.437
243.554	0.05	Adapter 899Hz Probe 3839Hz	33	0.899	70.00	0.121
243.634	0.05	Adapter 899Hz Probe 3839Hz	33	0.899	70.00	0.121
243.714	0.05	Adapter 899Hz Probe 3839Hz	33	0.899	70.00	0.121
243.794	0.05	Adapter 899Hz Probe 3839Hz	33	0.899	70.00	0.121
243.874	0.05	Adapter 899Hz Probe 3839Hz	33	3.839	70.00	0.437
244.054	0.05	Adapter 899Hz Probe 3839Hz	33	0.899	70.00	0.121
244.134	0.05	Adapter 899Hz Probe 3839Hz	33	0.899	70.00	0.121
244.214	0.05	Adapter 899Hz Probe 3839Hz	33	0.899	70.00	0.121
244.294	0.05	Adapter 899Hz Probe 3839Hz	33	0.899	70.00	0.121
244.374	0.05	Adapter 899Hz Probe 3839Hz	33	3.839	70.00	0.437
244.554	0.05	Adapter 899Hz Probe 3839Hz	33	0.899	70.00	0.121
244.634	0.05	Adapter 899Hz Probe 3839Hz	33	0.899	70.00	0.121
244.714	0.05	Adapter 899Hz Probe 3839Hz	33	0.899	70.00	0.121
244.794	0.05	Adapter 899Hz Probe 3839Hz	33	0.899	70.00	0.121
244.874	0.05	Adapter 899Hz Probe 3839Hz	33	3.839	70.00	0.437
245.054	0.05	Adapter 899Hz Probe 3839Hz	33	0.899	70.00	0.121
245.134	0.05	Adapter 899Hz Probe 3839Hz	33	0.899	70.00	0.121
245.214	0.05	Adapter 899Hz Probe 3839Hz	33	0.899	70.00	0.121
245.294	0.05	Adapter 899Hz Probe 3839Hz	33	0.899	70.00	0.121
245.374	0.05	Adapter 899Hz Probe 3839Hz	33	3.839	70.00	0.437
245.554	0.05	Adapter 899Hz Probe 3839Hz	33	0.899	70.00	0.121
245.634	0.05	Adapter 899Hz Probe 3839Hz	33	0.899	70.00	0.121
245.714	0.05	Adapter 899Hz Probe 3839Hz	33	0.899	70.00	0.121
245.794	0.05	Adapter 899Hz Probe 3839Hz	33	0.899	70.00	0.121
245.874	0.05	Adapter 899Hz Probe 3839Hz	33	3.839	70.00	0.437
246.054	0.05	Adapter 899Hz Probe 3839Hz	33	0.899	70.00	0.121
246.134	0.05	Adapter 899Hz Probe 3839Hz	33	0.899	70.00	0.121
246.214	0.05	Adapter 899Hz Probe 3839Hz	33	0.899	70.00	0.121
246.294	0.05	Adapter 899Hz Probe 3839Hz	33	0.899	70.00	0.121
246.374	0.05	Adapter 899Hz Probe 3839Hz	33	3.839	70.00	0.437
246.554	0.05	Adapter 899Hz Probe 3839Hz	33	0.899	70.00	0.121
246.634	0.05	Adapter 899Hz Probe 3839Hz	33	0.899	70.00	0.121
246.714	0.05	Adapter 899Hz Probe 3839Hz	33	0.899	70.00	0.121
246.794	0.05	Adapter 899Hz Probe 3839Hz	33	0.899	70.00	0.121
246.874	0.05	Adapter 899Hz Probe 3839Hz	33	3.839	70.00	0.437
247.054	0.05	Adapter 899Hz Probe 3839Hz	33	0.899	70.00	0.121
247.134	0.05	Adapter 899Hz Probe 3839Hz	33	0.899	70.00	0.121
247.214	0.05	Adapter 899Hz Probe 3839Hz	33	0.899	70.00	0.121
247.294	0.05	Adapter 899Hz Probe 3839Hz	33	0.899	70.00	0.121
247.374	0.05	Adapter 899Hz Probe 3839Hz	33	3.839	70.00	0.437
250.026	0.05	Adapter 1501Hz Probe 3839Hz	34	1.501	70.00	0.186
250.106	0.05	Adapter 1501Hz Probe 3839Hz	34	1.501	70.00	0.186
250.186	0.05	Adapter 1501Hz Probe 3839Hz	34	1.501	70.00	0.186
250.266	0.05	Adapter 1501Hz Probe 3839Hz	34	1.501	70.00	0.186
250.346	0.05	Adapter 1501Hz Probe 3839Hz	34	3.839	70.00	0.437
250.526	0.05	Adapter 1501Hz Probe 3839Hz	34	1.501	70.00	0.186
250.606	0.05	Adapter 1501Hz Probe 3839Hz	34	1.501	70.00	0.186
250.686	0.05	Adapter 1501Hz Probe 3839Hz	34	1.501	70.00	0.186
250.766	0.05	Adapter 1501Hz Probe 3839Hz	34	1.501	70.00	0.186
250.846	0.05	Adapter 1501Hz Probe 3839Hz	34	3.839	70.00	0.437
251.026	0.05	Adapter 1501Hz Probe 3839Hz	34	1.501	70.00	0.186
251.106	0.05	Adapter 1501Hz Probe 3839Hz	34	1.501	70.00	0.186
251.186	0.05	Adapter 1501Hz Probe 3839Hz	34	1.501	70.00	0.186
251.266	0.05	Adapter 1501Hz Probe 3839Hz	34	1.501	70.00	0.186
251.346	0.05	Adapter 1501Hz Probe 3839Hz	34	3.839	70.00	0.437
251.526	0.05	Adapter 1501Hz Probe 3839Hz	34	1.501	70.00	0.186
251.606	0.05	Adapter 1501Hz Probe 3839Hz	34	1.501	70.00	0.186
251.686	0.05	Adapter 1501Hz Probe 3839Hz	34	1.501	70.00	0.186
251.766	0.05	Adapter 1501Hz Probe 3839Hz	34	1.501	70.00	0.186
251.846	0.05	Adapter 1501Hz Probe 3839Hz	34	3.839	70.00	0.437
252.026	0.05	Adapter 1501Hz Probe 3839Hz	34	1.501	70.00	0.186
252.106	0.05	Adapter 1501Hz Probe 3839Hz	34	1.501	70.00	0.186
252.186	0.05	Adapter 1501Hz Probe 3839Hz	34	1.501	70.00	0.186
252.266	0.05	Adapter 1501Hz Probe 3839Hz	34	1.501	70.00	0.186
252.346	0.05	Adapter 1501Hz Probe 3839Hz	34	3.839	70.00	0.437
252.526	0.05	Adapter 1501Hz Probe 3839Hz	34	1.501	70.00	0.186
252.606	0.05	Adapter 1501Hz Probe 3839Hz	34	1.501	70.00	0.186
252.686	0.05	Adapter 1501Hz Probe 3839Hz	34	1.501	70.00	0.186
252.766	0.05	Adapter 1501Hz Probe 3839Hz	34	1.501	70.00	0.186
252.846	0.05	Adapter 1501Hz Probe 3839Hz	34	3.839	70.00	0.437
253.026	0.05	Adapter 1501Hz Probe 3839Hz	34	1.501	70.00	0.186
253.106	0.05	Adapter 1501Hz Probe 3839Hz	34	1.501	70.00	0.186
253.186	0.05	Adapter 1501Hz Probe 3839Hz	34	1.501	70.00	0.186
253.266	0.05	Adapter 1501Hz Probe 3839Hz	34	1.501	70.00	0.186
253.346	0.05	Adapter 1501Hz Probe 3839Hz	34	3.839	70.00	0.437
253.526	0.05	Adapter 1501Hz Probe 3839Hz	34	1.501	70.00	0.186
253.606	0.05	Adapter 1501Hz Probe 3839Hz	34	1.501	70.00	0.186
253.686	0.05	Adapter 1501Hz Probe 3839Hz	34	1.501	70.00	0.186
253.766	0.05	Adapter 1501Hz Probe 3839Hz	34	1.501	70.00	0.186
253.846	0.05	Adapter 1501Hz Probe 3839Hz	34	3.839	70.00	0.437
254.026	0.05	Adapter 1501Hz Probe 3839Hz	34	1.501	70.00	0.186
254.106	0.05	Adapter 1501Hz Probe 3839Hz	34	1.501	70.00	0.186
254.186	0.05	Adapter 1501Hz Probe 3839Hz	34	1.501	70.00	0.186
254.266	0.05	Adapter 1501Hz Probe 3839Hz	34	1.501	70.00	0.186
254.346	0.05	Adapter 1501Hz Probe 3839Hz	34	3.839	70.00	0.437
254.526	0.05	Adapter 1501Hz Probe 3839Hz	34	1.501	70.00	0.186
254.606	0.05	Adapter 1501Hz Probe 3839Hz	34	1.501	70.00	0.186
254.686	0.05	Adapter 1501Hz Probe 3839Hz	34	1.501	70.00	0.186
254.766	0.05	Adapter 1501Hz Probe 3839Hz	34	1.501	70.00	0.186
254.846	0.05	Adapter 1501Hz Probe 3839Hz	34	3.839	70.00	0.437
265.002	0.05	Adapter 3839Hz Probe 3839Hz	36	3.839	70.00	0.437
265.082	0.05	Adapter 3839Hz Probe 3839Hz	36	3.839	70.00	0.437
265.162	0.05	Adapter 3839Hz Probe 3839Hz	36	3.839	70.00	0.437
265.242	0.05	Adapter 3839Hz Probe 3839Hz	36	3.839	70.00	0.437
265.322	0.05	Adapter 3839Hz Probe 3839Hz	36	3.839	70.00	0.437
265.502	0.05	Adapter 3839Hz Probe 3839Hz	36	3.839	70.00	0.437
265.582	0.05	Adapter 3839Hz Probe 3839Hz	36	3.839	70.00	0.437
265.662	0.05	Adapter 3839Hz Probe 3839Hz	36	3.839	70.00	0.437
265.742	0.05	Adapter 3839Hz Probe 3839Hz	36	3.839	70.00	0.437
265.822	0.05	Adapter 3839Hz Probe 3839Hz	36	3.839	70.00	0.437
266.002	0.05	Adapter 3839Hz Probe 3839Hz	36	3.839	70.00	0.437
266.082	0.05	Adapter 3839Hz Probe 3839Hz	36	3.839	70.00	0.437
266.162	0.05	Adapter 3839Hz Probe 3839Hz	36	3.839	70.00	0.437
266.242	0.05	Adapter 3839Hz Probe 3839Hz	36	3.839	70.00	0.437
266.322	0.05	Adapter 3839Hz Probe 3839Hz	36	3.839	70.00	0.437
266.502	0.05	Adapter 3839Hz Probe 3839Hz	36	3.839	70.00	0.437
266.582	0.05	Adapter 3839Hz Probe 3839Hz	36	3.839	70.00	0.437
266.662	0.05	Adapter 3839Hz Probe 3839Hz	36	3.839	70.00	0.437
266.742	0.05	Adapter 3839Hz Probe 3839Hz	36	3.839	70.00	0.437
266.822	0.05	Adapter 3839Hz Probe 3839Hz	36	3.839	70.00	0.437
267.002	0.05	Adapter 3839Hz Probe 3839Hz	36	3.839	70.00	0.437
267.082	0.05	Adapter 3839Hz Probe 3839Hz	36	3.839	70.00	0.437
267.162	0.05	Adapter 3839Hz Probe 3839Hz	36	3.839	70.00	0.437
267.242	0.05	Adapter 3839Hz Probe 3839Hz	36	3.839	70.00	0.437
267.322	0.05	Adapter 3839Hz Probe 3839Hz	36	3.839	70.00	0.437
267.502	0.05	Adapter 3839Hz Probe 3839Hz	36	3.839	70.00	0.437
267.582	0.05	Adapter 3839Hz Probe 3839Hz	36	3.839	70.00	0.437
267.662	0.05	Adapter 3839Hz Probe 3839Hz	36	3.839	70.00	0.437
267.742	0.05	Adapter 3839Hz Probe 3839Hz	36	3.839	70.00	0.437
267.822	0.05	Adapter 3839Hz Probe 3839Hz	36	3.839	70.00	0.437
268.002	0.05	Adapter 3839Hz Probe 3839Hz	36	3.839	70.00	0.437
268.082	0.05	Adapter 3839Hz Probe 3839Hz	36	3.839	70.00	0.437
268.162	0.05	Adapter 3839Hz Probe 3839Hz	36	3.839	70.00	0.437
268.242	0.05	Adapter 3839Hz Probe 3839Hz	36	3.839	70.00	0.437
268.322	0.05	Adapter 3839Hz Probe 3839Hz	36	3.839	70.00	0.437
268.502	0.05	Adapter 3839Hz Probe 3839Hz	36	3.839	70.00	0.437
268.582	0.05	Adapter 3839Hz Probe 3839Hz	36	3.839	70.00	0.437
268.662	0.05	Adapter 3839Hz Probe 3839Hz	36	3.839	70.00	0.437
268.742	0.05	Adapter 3839Hz Probe 3839Hz	36	3.839	70.00	0.437
268.822	0.05	Adapter 3839Hz Probe 3839Hz	36	3.839	70.00	0.437
269.002	0.05	Adapter 3839Hz Probe 3839Hz	36	3.839	70.00	0.437
269.082	0.05	Adapter 3839Hz Probe 3839Hz	36	3.839	70.00	0.437
269.162	0.05	Adapter 3839Hz Probe 3839Hz	36	3.839	70.00	0.437
269.242	0.05	Adapter 3839Hz Probe 3839Hz	36	3.839	70.00	0.437
269.322	0.05	Adapter 3839Hz Probe 3839Hz	36	3.839	70.00	0.437
269.502	0.05	Adapter 3839Hz Probe 3839Hz	36	3.839	70.00	0.437
269.582	0.05	Adapter 3839Hz Probe 3839Hz	36	3.839	70.00	0.437
269.662	0.05	Adapter 3839Hz Probe 3839Hz	36	3.839	70.00	0.437
269.742	0.05	Adapter 3839Hz Probe 3839Hz	36	3.839	70.00	0.437
269.822	0.05	Adapter 3839Hz Probe 3839Hz	36	3.839	70.00	0.437
280.329	0.05	Probe 3839Hz	38	3.839	70.00	0.437
280.829	0.05	Probe 3839Hz	38	3.839	70.00	0.437
281.329	0.05	Probe 3839Hz	38	3.839	70.00	0.437
281.829	0.05	Probe 3839Hz	38	3.839	70.00	0.437
282.329	0.05	Probe 3839Hz	38	3.839	70.00	0.437
282.829	0.05	Probe 3839Hz	38	3.839	70.00	0.437
283.329	0.05	Probe 3839Hz	38	3.839	70.00	0.437
283.829	0.05	Probe 3839Hz	38	3.839	70.00	0.437
284.329	0.05	Probe 3839Hz	38	3.839	70.00	0.437
284.829	0.05	Probe 3839Hz	38	3.839	70.00	0.437
287.513	0.05	Adapter 3839Hz	39	3.839	70.00	0.437
287.593	0.05	Adapter 3839Hz	39	3.839	70.00	0.437
287.673	0.05	Adapter 3839Hz	39	3.839	70.00	0.437
287.753	0.05	Adapter 3839Hz	39	3.839	70.00	0.437
288.013	0.05	Adapter 3839Hz	39	3.839	70.00	0.437
288.093	0.05	Adapter 3839Hz	39	3.839	70.00	0.437
288.173	0.05	Adapter 3839Hz	39	3.839	70.00	0.437
288.253	0.05	Adapter 3839Hz	39	3.839	70.00	0.437
288.513	0.05	Adapter 3839Hz	39	3.839	70.00	0.437
288.593	0.05	Adapter 3839Hz	39	3.839	70.00	0.437
288.673	0.05	Adapter 3839Hz	39	3.839	70.00	0.437
288.753	0.05	Adapter 3839Hz	39	3.839	70.00	0.437
289.013	0.05	Adapter 3839Hz	39	3.839	70.00	0.437
289.093	0.05	Adapter 3839Hz	39	3.839	70.00	0.437
289.173	0.05	Adapter 3839Hz	39	3.839	70.00	0.437
289.253	0.05	Adapter 3839Hz	39	3.839	70.00	0.437
289.513	0.05	Adapter 3839Hz	39	3.839	70.00	0.437
289.593	0.05	Adapter 3839Hz	39	3.839	70.00	0.437
289.673	0.05	Adapter 3839Hz	39	3.839	70.00	0.437
289.753	0.05	Adapter 3839Hz	39	3.839	70.00	0.437
290.013	0.05	Adapter 3839Hz	39	3.839	70.00	0.437
290.093	0.05	Adapter 3839Hz	39	3.839	70.00	0.437
290.173	0.05	Adapter 3839Hz	39	3.839	70.00	0.437
290.253	0.05	Adapter 3839Hz	39	3.839	70.00	0.437
290.513	0.05	Adapter 3839Hz	39	3.839	70.00	0.437
290.593	0.05	Adapter 3839Hz	39	3.839	70.00	0.437
290.673	0.05	Adapter 3839Hz	39	3.839	70.00	0.437
290.753	0.05	Adapter 3839Hz	39	3.839	70.00	0.437
291.013	0.05	Adapter 3839Hz	39	3.839	70.00	0.437
291.093	0.05	Adapter 3839Hz	39	3.839	70.00	0.437
291.173	0.05	Adapter 3839Hz	39	3.839	70.00	0.437
291.253	0.05	Adapter 3839Hz	39	3.839	70.00	0.437
291.513	0.05	Adapter 3839Hz	39	3.839	70.00	0.437
291.593	0.05	Adapter 3839Hz	39	3.839	70.00	0.437
291.673	0.05	Adapter 3839Hz	39	3.839	70.00	0.437
291.753	0.05	Adapter 3839Hz	39	3.839	70.00	0.437
292.013	0.05	Adapter 3839Hz	39	3.839	70.00	0.437
292.093	0.05	Adapter 3839Hz	39	3.839	70.00	0.437
292.173	0.05	Adapter 3839Hz	39	3.839	70.00	0.437
292.253	0.05	Adapter 3839Hz	39	3.839	70.00	0.437
302.551	0.05	Adapter 251Hz	41	0.251	70.00	0.052
302.631	0.05	Adapter 251Hz	41	0.251	70.00	0.052
302.711	0.05	Adapter 251Hz	41	0.251	70.00	0.052
302.791	0.05	Adapter 251Hz	41	0.251	70.00	0.052
303.051	0.05	Adapter 251Hz	41	0.251	70.00	0.052
303.131	0.05	Adapter 251Hz	41	0.251	70.00	0.052
303.211	0.05	Adapter 251Hz	41	0.251	70.00	0.052
303.291	0.05	Adapter 251Hz	41	0.251	70.00	0.052
303.551	0.05	Adapter 251Hz	41	0.251	70.00	0.052
303.631	0.05	Adapter 251Hz	41	0.251	70.00	0.052
303.711	0.05	Adapter 251Hz	41	0.251	70.00	0.052
303.791	0.05	Adapter 251Hz	41	0.251	70.00	0.052
304.051	0.05	Adapter 251Hz	41	0.251	70.00	0.052
304.131	0.05	Adapter 251Hz	41	0.251	70.00	0.052
304.211	0.05	Adapter 251Hz	41	0.251	70.00	0.052
304.291	0.05	Adapter 251Hz	41	0.251	70.00	0.052
304.551	0.05	Adapter 251Hz	41	0.251	70.00	0.052
304.631	0.05	Adapter 251Hz	41	0.251	70.00	0.052
304.711	0.05	Adapter 251Hz	41	0.251	70.00	0.052
304.791	0.05	Adapter 251Hz	41	0.251	70.00	0.052
305.051	0.05	Adapter 251Hz	41	0.251	70.00	0.052
305.131	0.05	Adapter 251Hz	41	0.251	70.00	0.052
305.211	0.05	Adapter 251Hz	41	0.251	70.00	0.052
305.291	0.05	Adapter 251Hz	41	0.251	70.00	0.052
305.551	0.05	Adapter 251Hz	41	0.251	70.00	0.052
305.631	0.05	Adapter 251Hz	41	0.251	70.00	0.052
305.711	0.05	Adapter 251Hz	41	0.251	70.00	0.052
305.791	0.05	Adapter 251Hz	41	0.251	70.00	0.052
306.051	0.05	Adapter 251Hz	41	0.251	70.00	0.052
306.131	0.05	Adapter 251Hz	41	0.251	70.00	0.052
306.211	0.05	Adapter 251Hz	41	0.251	70.00	0.052
306.291	0.05	Adapter 251Hz	41	0.251	70.00	0.052
306.551	0.05	Adapter 251Hz	41	0.251	70.00	0.052
306.631	0.05	Adapter 251Hz	41	0.251	70.00	0.052
306.711	0.05	Adapter 251Hz	41	0.251	70.00	0.052
306.791	0.05	Adapter 251Hz	41	0.251	70.00	0.052
307.051	0.05	Adapter 251Hz	41	0.251	70.00	0.052
307.131	0.05	Adapter 251Hz	41	0.251	70.00	0.052
307.211	0.05	Adapter 251Hz	41	0.251	70.00	0.052
307.291	0.05	Adapter 251Hz	41	0.251	70.00	0.052
310.055	0.05	Adapter 899Hz	42	0.899	70.00	0.121
310.135	0.05	Adapter 899Hz	42	0.899	70.00	0.121
310.215	0.05	Adapter 899Hz	42	0.899	70.00	0.121
310.295	0.05	Adapter 899Hz	42	0.899	70.00	0.121
310.555	0.05	Adapter 899Hz	42	0.899	70.00	0.121
310.635	0.05	Adapter 899Hz	42	0.899	70.00	0.121
310.715	0.05	Adapter 899Hz	42	0.899	70.00	0.121
310.795	0.05	Adapter 899Hz	42	0.899	70.00	0.121
311.055	0.05	Adapter 899Hz	42	0.899	70.00	0.121
311.135	0.05	Adapter 899Hz	42	0.899	70.00	0.121
311.215	0.05	Adapter 899Hz	42	0.899	70.00	0.121
311.295	0.05	Adapter 899Hz	42	0.899	70.00	0.121
311.555	0.05	Adapter 899Hz	42	0.899	70.00	0.121
311.635	0.05	Adapter 899Hz	42	0.899	70.00	0.121
311.715	0.05	Adapter 899Hz	42	0.899	70.00	0.121
311.795	0.05	Adapter 899Hz	42	0.899	70.00	0.121
312.055	0.05	Adapter 899Hz	42	0.899	70.00	0.121
312.135	0.05	Adapter 899Hz	42	0.899	70.00	0.121
312.215	0.05	Adapter 899Hz	42	0.899	70.00	0.121
312.295	0.05	Adapter 899Hz	42	0.899	70.00	0.121
312.555	0.05	Adapter 899Hz	42	0.899	70.00	0.121
312.635	0.05	Adapter 899Hz	42	0.899	70.00	0.121
312.715	0.05	Adapter 899Hz	42	0.899	70.00	0.121
312.795	0.05	Adapter 899Hz	42	0.899	70.00	0.121
313.055	0.05	Adapter 899Hz	42	0.899	70.00	0.121
313.135	0.05	Adapter 899Hz	42	0.899	70.00	0.121
313.215	0.05	Adapter 899Hz	42	0.899	70.00	0.121
313.295	0.05	Adapter 899Hz	42	0.899	70.00	0.121
313.555	0.05	Adapter 899Hz	42	0.899	70.00	0.121
313.635	0.05	Adapter 899Hz	42	0.899	70.00	0.121
313.715	0.05	Adapter 899Hz	42	0.899	70.00	0.121
313.795	0.05	Adapter 899Hz	42	0.899	70.00	0.121
314.055	0.05	Adapter 899Hz	42	0.899	70.00	0.121
314.135	0.05	Adapter 899Hz	42	0.899	70.00	0.121
314.215	0.05	Adapter 899Hz	42	0.899	70.00	0.121
314.295	0.05	Adapter 899Hz	42	0.899	70.00	0.121
314.555	0.05	Adapter 899Hz	42	0.899	70.00	0.121
314.635	0.05	Adapter 899Hz	42	0.899	70.00	0.121
314.715	0.05	Adapter 899Hz	42	0.899	70.00	0.121
314.795	0.05	Adapter 899Hz	42	0.899	70.00	0.121
317.512	0.05	Adapter 6009Hz	43	6.009	70.00	0.671
317.592	0.05	Adapter 6009Hz	43	6.009	70.00	0.671
317.672	0.05	Adapter 6009Hz	43	6.009	70.00	0.671
317.752	0.05	Adapter 6009Hz	43	6.009	70.00	0.671
318.012	0.05	Adapter 6009Hz	43	6.009	70.00	0.671
318.092	0.05	Adapter 6009Hz	43	6.009	70.00	0.671
318.172	0.05	Adapter 6009Hz	43	6.009	70.00	0.671
318.252	0.05	Adapter 6009Hz	43	6.009	70.00	0.671
318.512	0.05	Adapter 6009Hz	43	6.009	70.00	0.671
318.592	0.05	Adapter 6009Hz	43	6.009	70.00	0.671
318.672	0.05	Adapter 6009Hz	43	6.009	70.00	0.671
318.752	0.05	Adapter 6009Hz	43	6.009	70.00	0.671
319.012	0.05	Adapter 6009Hz	43	6.009	70.00	0.671
319.092	0.05	Adapter 6009Hz	43	6.009	70.00	0.671
319.172	0.05	Adapter 6009Hz	43	6.009	70.00	0.671
319.252	0.05	Adapter 6009Hz	43	6.009	70.00	0.671
319.512	0.05	Adapter 6009Hz	43	6.009	70.00	0.671
319.592	0.05	Adapter 6009Hz	43	6.009	70.00	0.671
319.672	0.05	Adapter 6009Hz	43	6.009	70.00	0.671
319.752	0.05	Adapter 6009Hz	43	6.009	70.00	0.671
320.012	0.05	Adapter 6009Hz	43	6.009	70.00	0.671
320.092	0.05	Adapter 6009Hz	43	6.009	70.00	0.671
320.172	0.05	Adapter 6009Hz	43	6.009	70.00	0.671
320.252	0.05	Adapter 6009Hz	43	6.009	70.00	0.671
320.512	0.05	Adapter 6009Hz	43	6.009	70.00	0.671
320.592	0.05	Adapter 6009Hz	43	6.009	70.00	0.671
320.672	0.05	Adapter 6009Hz	43	6.009	70.00	0.671
320.752	0.05	Adapter 6009Hz	43	6.009	70.00	0.671
321.012	0.05	Adapter 6009Hz	43	6.009	70.00	0.671
321.092	0.05	Adapter 6009Hz	43	6.009	70.00	0.671
321.172	0.05	Adapter 6009Hz	43	6.009	70.00	0.671
321.252	0.05	Adapter 6009Hz	43	6.009	70.00	0.671
321.512	0.05	Adapter 6009Hz	43	6.009	70.00	0.671
321.592	0.05	Adapter 6009Hz	43	6.009	70.00	0.671
321.672	0.05	Adapter 6009Hz	43	6.009	70.00	0.671
321.752	0.05	Adapter 6009Hz	43	6.009	70.00	0.671
322.012	0.05	Adapter 6009Hz	43	6.009	70.00	0.671
322.092	0.05	Adapter 6009Hz	43	6.009	70.00	0.671
322.172	0.05	Adapter 6009Hz	43	6.009	70.00	0.671
322.252	0.05	Adapter 6009Hz	43	6.009	70.00	0.671
325.062	0.05	Adapter 2423Hz	44	2.423	70.00	0.285
325.142	0.05	Adapter 2423Hz	44	2.423	70.00	0.285
325.222	0.05	Adapter 2423Hz	44	2.423	70.00	0.285
325.302	0.05	Adapter 2423Hz	44	2.423	70.00	0.285
325.562	0.05	Adapter 2423Hz	44	2.423	70.00	0.285
325.642	0.05	Adapter 2423Hz	44	2.423	70.00	0.285
325.722	0.05	Adapter 2423Hz	44	2.423	70.00	0.285
325.802	0.05	Adapter 2423Hz	44	2.423	70.00	0.285
326.062	0.05	Adapter 2423Hz	44	2.423	70.00	0.285
326.142	0.05	Adapter 2423Hz	44	2.423	70.00	0.285
326.222	0.05	Adapter 2423Hz	44	2.423	70.00	0.285
326.302	0.05	Adapter 2423Hz	44	2.423	70.00	0.285
326.562	0.05	Adapter 2423Hz	44	2.423	70.00	0.285
326.642	0.05	Adapter 2423Hz	44	2.423	70.00	0.285
326.722	0.05	Adapter 2423Hz	44	2.423	70.00	0.285
326.802	0.05	Adapter 2423Hz	44	2.423	70.00	0.285
327.062	0.05	Adapter 2423Hz	44	2.423	70.00	0.285
327.142	0.05	Adapter 2423Hz	44	2.423	70.00	0.285
327.222	0.05	Adapter 2423Hz	44	2.423	70.00	0.285
327.302	0.05	Adapter 2423Hz	44	2.423	70.00	0.285
327.562	0.05	Adapter 2423Hz	44	2.423	70.00	0.285
327.642	0.05	Adapter 2423Hz	44	2.423	70.00	0.285
327.722	0.05	Adapter 2423Hz	44	2.423	70.00	0.285
327.802	0.05	Adapter 2423Hz	44	2.423	70.00	0.285
328.062	0.05	Adapter 2423Hz	44	2.423	70.00	0.285
328.142	0.05	Adapter 2423Hz	44	2.423	70.00	0.285
328.222	0.05	Adapter 2423Hz	44	2.423	70.00	0.285
328.302	0.05	Adapter 2423Hz	44	2.423	70.00	0.285
328.562	0.05	Adapter 2423Hz	44	2.423	70.00	0.285
328.642	0.05	Adapter 2423Hz	44	2.423	70.00	0.285
328.722	0.05	Adapter 2423Hz	44	2.423	70.00	0.285
328.802	0.05	Adapter 2423Hz	44	2.423	70.00	0.285
329.062	0.05	Adapter 2423Hz	44	2.423	70.00	0.285
329.142	0.05	Adapter 2423Hz	44	2.423	70.00	0.285
329.222	0.05	Adapter 2423Hz	44	2.423	70.00	0.285
329.302	0.05	Adapter 2423Hz	44	2.423	70.00	0.285
329.562	0.05	Adapter 2423Hz	44	2.423	70.00	0.285
329.642	0.05	Adapter 2423Hz	44	2.423	70.00	0.285
329.722	0.05	Adapter 2423Hz	44	2.423	70.00	0.285
329.802	0.05	Adapter 2423Hz	44	2.423	70.00	0.285
332.55	0.05	Adapter 1501Hz	45	1.501	70.00	0.186
332.63	0.05	Adapter 1501Hz	45	1.501	70.00	0.186
332.71	0.05	Adapter 1501Hz	45	1.501	70.00	0.186
332.79	0.05	Adapter 1501Hz	45	1.501	70.00	0.186
333.05	0.05	Adapter 1501Hz	45	1.501	70.00	0.186
333.13	0.05	Adapter 1501Hz	45	1.501	70.00	0.186
333.21	0.05	Adapter 1501Hz	45	1.501	70.00	0.186
333.29	0.05	Adapter 1501Hz	45	1.501	70.00	0.186
333.55	0.05	Adapter 1501Hz	45	1.501	70.00	0.186
333.63	0.05	Adapter 1501Hz	45	1.501	70.00	0.186
333.71	0.05	Adapter 1501Hz	45	1.501	70.00	0.186
333.79	0.05	Adapter 1501Hz	45	1.501	70.00	0.186
334.05	0.05	Adapter 1501Hz	45	1.501	70.00	0.186
334.13	0.05	Adapter 1501Hz	45	1.501	70.00	0.186
334.21	0.05	Adapter 1501Hz	45	1.501	70.00	0.186
334.29	0.05	Adapter 1501Hz	45	1.501	70.00	0.186
334.55	0.05	Adapter 1501Hz	45	1.501	70.00	0.186
334.63	0.05	Adapter 1501Hz	45	1.501	70.00	0.186
334.71	0.05	Adapter 1501Hz	45	1.501	70.00	0.186
334.79	0.05	Adapter 1501Hz	45	1.501	70.00	0.186
335.05	0.05	Adapter 1501Hz	45	1.501	70.00	0.186
335.13	0.05	Adapter 1501Hz	45	1.501	70.00	0.186
335.21	0.05	Adapter 1501Hz	45	1.501	70.00	0.186
335.29	0.05	Adapter 1501Hz	45	1.501	70.00	0.186
335.55	0.05	Adapter 1501Hz	45	1.501	70.00	0.186
335.63	0.05	Adapter 1501Hz	45	1.501	70.00	0.186
335.71	0.05	Adapter 1501Hz	45	1.501	70.00	0.186
335.79	0.05	Adapter 1501Hz	45	1.501	70.00	0.186
336.05	0.05	Adapter 1501Hz	45	1.501	70.00	0.186
336.13	0.05	Adapter 1501Hz	45	1.501	70.00	0.186
336.21	0.05	Adapter 1501Hz	45	1.501	70.00	0.186
336.29	0.05	Adapter 1501Hz	45	1.501	70.00	0.186
336.55	0.05	Adapter 1501Hz	45	1.501	70.00	0.186
336.63	0.05	Adapter 1501Hz	45	1.501	70.00	0.186
336.71	0.05	Adapter 1501Hz	45	1.501	70.00	0.186
336.79	0.05	Adapter 1501Hz	45	1.501	70.00	0.186
337.05	0.05	Adapter 1501Hz	45	1.501	70.00	0.186
337.13	0.05	Adapter 1501Hz	45	1.501	70.00	0.186
337.21	0.05	Adapter 1501Hz	45	1.501	70.00	0.186
337.29	0.05	Adapter 1501Hz	45	1.501	70.00	0.186
340.054	0.05	Adapter 2423Hz Probe 3839Hz	46	2.423	70.00	0.285
340.134	0.05	Adapter 2423Hz Probe 3839Hz	46	2.423	70.00	0.285
340.214	0.05	Adapter 2423Hz Probe 3839Hz	46	2.423	70.00	0.285
340.294	0.05	Adapter 2423Hz Probe 3839Hz	46	2.423	70.00	0.285
340.374	0.05	Adapter 2423Hz Probe 3839Hz	46	3.839	70.00	0.437
340.554	0.05	Adapter 2423Hz Probe 3839Hz	46	2.423	70.00	0.285
340.634	0.05	Adapter 2423Hz Probe 3839Hz	46	2.423	70.00	0.285
340.714	0.05	Adapter 2423Hz Probe 3839Hz	46	2.423	70.00	0.285
340.794	0.05	Adapter 2423Hz Probe 3839Hz	46	2.423	70.00	0.285
340.874	0.05	Adapter 2423Hz Probe 3839Hz	46	3.839	70.00	0.437
341.054	0.05	Adapter 2423Hz Probe 3839Hz	46	2.423	70.00	0.285
341.134	0.05	Adapter 2423Hz Probe 3839Hz	46	2.423	70.00	0.285
341.214	0.05	Adapter 2423Hz Probe 3839Hz	46	2.423	70.00	0.285
341.294	0.05	Adapter 2423Hz Probe 3839Hz	46	2.423	70.00	0.285
341.374	0.05	Adapter 2423Hz Probe 3839Hz	46	3.839	70.00	0.437
341.554	0.05	Adapter 2423Hz Probe 3839Hz	46	2.423	70.00	0.285
341.634	0.05	Adapter 2423Hz Probe 3839Hz	46	2.423	70.00	0.285
341.714	0.05	Adapter 2423Hz Probe 3839Hz	46	2.423	70.00	0.285
341.794	0.05	Adapter 2423Hz Probe 3839Hz	46	2.423	70.00	0.285
341.874	0.05	Adapter 2423Hz Probe 3839Hz	46	3.839	70.00	0.437
342.054	0.05	Adapter 2423Hz Probe 3839Hz	46	2.423	70.00	0.285
342.134	0.05	Adapter 2423Hz Probe 3839Hz	46	2.423	70.00	0.285
342.214	0.05	Adapter 2423Hz Probe 3839Hz	46	2.423	70.00	0.285
342.294	0.05	Adapter 2423Hz Probe 3839Hz	46	2.423	70.00	0.285
342.374	0.05	Adapter 2423Hz Probe 3839Hz	46	3.839	70.00	0.437
342.554	0.05	Adapter 2423Hz Probe 3839Hz	46	2.423	70.00	0.285
342.634	0.05	Adapter 2423Hz Probe 3839Hz	46	2.423	70.00	0.285
342.714	0.05	Adapter 2423Hz Probe 3839Hz	46	2.423	70.00	0.285
342.794	0.05	Adapter 2423Hz Probe 3839Hz	46	2.423	70.00	0.285
342.874	0.05	Adapter 2423Hz Probe 3839Hz	46	3.839	70.00	0.437
343.054	0.05	Adapter 2423Hz Probe 3839Hz	46	2.423	70.00	0.285
343.134	0.05	Adapter 2423Hz Probe 3839Hz	46	2.423	70.00	0.285
343.214	0.05	Adapter 2423Hz Probe 3839Hz	46	2.423	70.00	0.285
343.294	0.05	Adapter 2423Hz Probe 3839Hz	46	2.423	70.00	0.285
343.374	0.05	Adapter 2423Hz Probe 3839Hz	46	3.839	70.00	0.437
343.554	0.05	Adapter 2423Hz Probe 3839Hz	46	2.423	70.00	0.285
343.634	0.05	Adapter 2423Hz Probe 3839Hz	46	2.423	70.00	0.285
343.714	0.05	Adapter 2423Hz Probe 3839Hz	46	2.423	70.00	0.285
343.794	0.05	Adapter 2423Hz Probe 3839Hz	46	2.423	70.00	0.285
343.874	0.05	Adapter 2423Hz Probe 3839Hz	46	3.839	70.00	0.437
344.054	0.05	Adapter 2423Hz Probe 3839Hz	46	2.423	70.00	0.285
344.134	0.05	Adapter 2423Hz Probe 3839Hz	46	2.423	70.00	0.285
344.214	0.05	Adapter 2423Hz Probe 3839Hz	46	2.423	70.00	0.285
344.294	0.05	Adapter 2423Hz Probe 3839Hz	46	2.423	70.00	0.285
344.374	0.05	Adapter 2423Hz Probe 3839Hz	46	3.839	70.00	0.437
344.554	0.05	Adapter 2423Hz Probe 3839Hz	46	2.423	70.00	0.285
344.634	0.05	Adapter 2423Hz Probe 3839Hz	46	2.423	70.00	0.285
344.714	0.05	Adapter 2423Hz Probe 3839Hz	46	2.423	70.00	0.285
344.794	0.05	Adapter 2423Hz Probe 3839Hz	46	2.423	70.00	0.285
344.874	0.05	Adapter 2423Hz Probe 3839Hz	46	3.839	70.00	0.437
347.542	0.05	Adapter 507Hz Probe 3839Hz	47	0.507	70.00	0.079
347.622	0.05	Adapter 507Hz Probe 3839Hz	47	0.507	70.00	0.079
347.702	0.05	Adapter 507Hz Probe 3839Hz	47	0.507	70.00	0.079
347.782	0.05	Adapter 507Hz Probe 3839Hz	47	0.507	70.00	0.079
347.862	0.05	Adapter 507Hz Probe 3839Hz	47	3.839	70.00	0.437
348.042	0.05	Adapter 507Hz Probe 3839Hz	47	0.507	70.00	0.079
348.122	0.05	Adapter 507Hz Probe 3839Hz	47	0.507	70.00	0.079
348.202	0.05	Adapter 507Hz Probe 3839Hz	47	0.507	70.00	0.079
348.282	0.05	Adapter 507Hz Probe 3839Hz	47	0.507	70.00	0.079
348.362	0.05	Adapter 507Hz Probe 3839Hz	47	3.839	70.00	0.437
348.542	0.05	Adapter 507Hz Probe 3839Hz	47	0.507	70.00	0.079
348.622	0.05	Adapter 507Hz Probe 3839Hz	47	0.507	70.00	0.079
348.702	0.05	Adapter 507Hz Probe 3839Hz	47	0.507	70.00	0.079
348.782	0.05	Adapter 507Hz Probe 3839Hz	47	0.507	70.00	0.079
348.862	0.05	Adapter 507Hz Probe 3839Hz	47	3.839	70.00	0.437
349.042	0.05	Adapter 507Hz Probe 3839Hz	47	0.507	70.00	0.079
349.122	0.05	Adapter 507Hz Probe 3839Hz	47	0.507	70.00	0.079
349.202	0.05	Adapter 507Hz Probe 3839Hz	47	0.507	70.00	0.079
349.282	0.05	Adapter 507Hz Probe 3839Hz	47	0.507	70.00	0.079
349.362	0.05	Adapter 507Hz Probe 3839Hz	47	3.839	70.00	0.437
349.542	0.05	Adapter 507Hz Probe 3839Hz	47	0.507	70.00	0.079
349.622	0.05	Adapter 507Hz Probe 3839Hz	47	0.507	70.00	0.079
349.702	0.05	Adapter 507Hz Probe 3839Hz	47	0.507	70.00	0.079
349.782	0.05	Adapter 507Hz Probe 3839Hz	47	0.507	70.00	0.079
349.862	0.05	Adapter 507Hz Probe 3839Hz	47	3.839	70.00	0.437
350.042	0.05	Adapter 507Hz Probe 3839Hz	47	0.507	70.00	0.079
350.122	0.05	Adapter 507Hz Probe 3839Hz	47	0.507	70.00	0.079
350.202	0.05	Adapter 507Hz Probe 3839Hz	47	0.507	70.00	0.079
350.282	0.05	Adapter 507Hz Probe 3839Hz	47	0.507	70.00	0.079
350.362	0.05	Adapter 507Hz Probe 3839Hz	47	3.839	70.00	0.437
350.542	0.05	Adapter 507Hz Probe 3839Hz	47	0.507	70.00	0.079
350.622	0.05	Adapter 507Hz Probe 3839Hz	47	0.507	70.00	0.079
350.702	0.05	Adapter 507Hz Probe 3839Hz	47	0.507	70.00	0.079
350.782	0.05	Adapter 507Hz Probe 3839Hz	47	0.507	70.00	0.079
350.862	0.05	Adapter 507Hz Probe 3839Hz	47	3.839	70.00	0.437
351.042	0.05	Adapter 507Hz Probe 3839Hz	47	0.507	70.00	0.079
351.122	0.05	Adapter 507Hz Probe 3839Hz	47	0.507	70.00	0.079
351.202	0.05	Adapter 507Hz Probe 3839Hz	47	0.507	70.00	0.079
351.282	0.05	Adapter 507Hz Probe 3839Hz	47	0.507	70.00	0.079
351.362	0.05	Adapter 507Hz Probe 3839Hz	47	3.839	70.00	0.437
351.542	0.05	Adapter 507Hz Probe 3839Hz	47	0.507	70.00	0.079
351.622	0.05	Adapter 507Hz Probe 3839Hz	47	0.507	70.00	0.079
351.702	0.05	Adapter 507Hz Probe 3839Hz	47	0.507	70.00	0.079
351.782	0.05	Adapter 507Hz Probe 3839Hz	47	0.507	70.00	0.079
351.862	0.05	Adapter 507Hz Probe 3839Hz	47	3.839	70.00	0.437
352.042	0.05	Adapter 507Hz Probe 3839Hz	47	0.507	70.00	0.079
352.122	0.05	Adapter 507Hz Probe 3839Hz	47	0.507	70.00	0.079
352.202	0.05	Adapter 507Hz Probe 3839Hz	47	0.507	70.00	0.079
352.282	0.05	Adapter 507Hz Probe 3839Hz	47	0.507	70.00	0.079
352.362	0.05	Adapter 507Hz Probe 3839Hz	47	3.839	70.00	0.437
355.03	0.05	Adapter 507Hz	48	0.507	70.00	0.079
355.11	0.05	Adapter 507Hz	48	0.507	70.00	0.079
355.19	0.05	Adapter 507Hz	48	0.507	70.00	0.079
355.27	0.05	Adapter 507Hz	48	0.507	70.00	0.079
355.53	0.05	Adapter 507Hz	48	0.507	70.00	0.079
355.61	0.05	Adapter 507Hz	48	0.507	70.00	0.079
355.69	0.05	Adapter 507Hz	48	0.507	70.00	0.079
355.77	0.05	Adapter 507Hz	48	0.507	70.00	0.079
356.03	0.05	Adapter 507Hz	48	0.507	70.00	0.079
356.11	0.05	Adapter 507Hz	48	0.507	70.00	0.079
356.19	0.05	Adapter 507Hz	48	0.507	70.00	0.079
356.27	0.05	Adapter 507Hz	48	0.507	70.00	0.079
356.53	0.05	Adapter 507Hz	48	0.507	70.00	0.079
356.61	0.05	Adapter 507Hz	48	0.507	70.00	0.079
356.69	0.05	Adapter 507Hz	48	0.507	70.00	0.079
356.77	0.05	Adapter 507Hz	48	0.507	70.00	0.079
357.03	0.05	Adapter 507Hz	48	0.507	70.00	0.079
357.11	0.05	Adapter 507Hz	48	0.507	70.00	0.079
357.19	0.05	Adapter 507Hz	48	0.507	70.00	0.079
357.27	0.05	Adapter 507Hz	48	0.507	70.00	0.079
357.53	0.05	Adapter 507Hz	48	0.507	70.00	0.079
357.61	0.05	Adapter 507Hz	48	0.507	70.00	0.079
357.69	0.05	Adapter 507Hz	48	0.507	70.00	0.079
357.77	0.05	Adapter 507Hz	48	0.507	70.00	0.079
358.03	0.05	Adapter 507Hz	48	0.507	70.00	0.079
358.11	0.05	Adapter 507Hz	48	0.507	70.00	0.079
358.19	0.05	Adapter 507Hz	48	0.507	70.00	0.079
358.27	0.05	Adapter 507Hz	48	0.507	70.00	0.079
358.53	0.05	Adapter 507Hz	48	0.507	70.00	0.079
358.61	0.05	Adapter 507Hz	48	0.507	70.00	0.079
358.69	0.05	Adapter 507Hz	48	0.507	70.00	0.079
358.77	0.05	Adapter 507Hz	48	0.507	70.00	0.079
359.03	0.05	Adapter 507Hz	48	0.507	70.00	0.079
359.11	0.05	Adapter 507Hz	48	0.507	70.00	0.079
359.19	0.05	Adapter 507Hz	48	0.507	70.00	0.079
359.27	0.05	Adapter 507Hz	48	0.507	70.00	0.079
359.53	0.05	Adapter 507Hz	48	0.507	70.00	0.079
359.61	0.05	Adapter 507Hz	48	0.507	70.00	0.079
359.69	0.05	Adapter 507Hz	48	0.507	70.00	0.079
359.77	0.05	Adapter 507Hz	48	0.507	70.00	0.079
362.549	0.05	Adapter 2423Hz Probe 3839Hz	49	2.423	70.00	0.285
362.629	0.05	Adapter 2423Hz Probe 3839Hz	49	2.423	70.00	0.285
362.709	0.05	Adapter 2423Hz Probe 3839Hz	49	2.423	70.00	0.285
362.789	0.05	Adapter 2423Hz Probe 3839Hz	49	2.423	70.00	0.285
362.869	0.05	Adapter 2423Hz Probe 3839Hz	49	3.839	70.00	0.437
363.049	0.05	Adapter 2423Hz Probe 3839Hz	49	2.423	70.00	0.285
363.129	0.05	Adapter 2423Hz Probe 3839Hz	49	2.423	70.00	0.285
363.209	0.05	Adapter 2423Hz Probe 3839Hz	49	2.423	70.00	0.285
363.289	0.05	Adapter 2423Hz Probe 3839Hz	49	2.423	70.00	0.285
363.369	0.05	Adapter 2423Hz Probe 3839Hz	49	3.839	70.00	0.437
363.549	0.05	Adapter 2423Hz Probe 3839Hz	49	2.423	70.00	0.285
363.629	0.05	Adapter 2423Hz Probe 3839Hz	49	2.423	70.00	0.285
363.709	0.05	Adapter 2423Hz Probe 3839Hz	49	2.423	70.00	0.285
363.789	0.05	Adapter 2423Hz Probe 3839Hz	49	2.423	70.00	0.285
363.869	0.05	Adapter 2423Hz Probe 3839Hz	49	3.839	70.00	0.437
364.049	0.05	Adapter 2423Hz Probe 3839Hz	49	2.423	70.00	0.285
364.129	0.05	Adapter 2423Hz Probe 3839Hz	49	2.423	70.00	0.285
364.209	0.05	Adapter 2423Hz Probe 3839Hz	49	2.423	70.00	0.285
364.289	0.05	Adapter 2423Hz Probe 3839Hz	49	2.423	70.00	0.285
364.369	0.05	Adapter 2423Hz Probe 3839Hz	49	3.839	70.00	0.437
364.549	0.05	Adapter 2423Hz Probe 3839Hz	49	2.423	70.00	0.285
364.629	0.05	Adapter 2423Hz Probe 3839Hz	49	2.423	70.00	0.285
364.709	0.05	Adapter 2423Hz Probe 3839Hz	49	2.423	70.00	0.285
364.789	0.05	Adapter 2423Hz Probe 3839Hz	49	2.423	70.00	0.285
364.869	0.05	Adapter 2423Hz Probe 3839Hz	49	3.839	70.00	0.437
365.049	0.05	Adapter 2423Hz Probe 3839Hz	49	2.423	70.00	0.285
365.129	0.05	Adapter 2423Hz Probe 3839Hz	49	2.423	70.00	0.285
365.209	0.05	Adapter 2423Hz Probe 3839Hz	49	2.423	70.00	0.285
365.289	0.05	Adapter 2423Hz Probe 3839Hz	49	2.423	70.00	0.285
365.369	0.05	Adapter 2423Hz Probe 3839Hz	49	3.839	70.00	0.437
365.549	0.05	Adapter 2423Hz Probe 3839Hz	49	2.423	70.00	0.285
365.629	0.05	Adapter 2423Hz Probe 3839Hz	49	2.423	70.00	0.285
365.709	0.05	Adapter 2423Hz Probe 3839Hz	49	2.423	70.00	0.285
365.789	0.05	Adapter 2423Hz Probe 3839Hz	49	2.423	70.00	0.285
365.869	0.05	Adapter 2423Hz Probe 3839Hz	49	3.839	70.00	0.437
366.049	0.05	Adapter 2423Hz Probe 3839Hz	49	2.423	70.00	0.285
366.129	0.05	Adapter 2423Hz Probe 3839Hz	49	2.423	70.00	0.285
366.209	0.05	Adapter 2423Hz Probe 3839Hz	49	2.423	70.00	0.285
366.289	0.05	Adapter 2423Hz Probe 3839Hz	49	2.423	70.00	0.285
366.369	0.05	Adapter 2423Hz Probe 3839Hz	49	3.839	70.00	0.437
366.549	0.05	Adapter 2423Hz Probe 3839Hz	49	2.423	70.00	0.285
366.629	0.05	Adapter 2423Hz Probe 3839Hz	49	2.423	70.00	0.285
366.709	0.05	Adapter 2423Hz Probe 3839Hz	49	2.423	70.00	0.285
366.789	0.05	Adapter 2423Hz Probe 3839Hz	49	2.423	70.00	0.285
366.869	0.05	Adapter 2423Hz Probe 3839Hz	49	3.839	70.00	0.437
367.049	0.05	Adapter 2423Hz Probe 3839Hz	49	2.423	70.00	0.285
367.129	0.05	Adapter 2423Hz Probe 3839Hz	49	2.423	70.00	0.285
367.209	0.05	Adapter 2423Hz Probe 3839Hz	49	2.423	70.00	0.285
367.289	0.05	Adapter 2423Hz Probe 3839Hz	49	2.423	70.00	0.285
367.369	0.05	Adapter 2423Hz Probe 3839Hz	49	3.839	70.00	0.437
370.053	0.05	Adapter 3839Hz Probe 3839Hz	50	3.839	70.00	0.437
370.133	0.05	Adapter 3839Hz Probe 3839Hz	50	3.839	70.00	0.437
370.213	0.05	Adapter 3839Hz Probe 3839Hz	50	3.839	70.00	0.437
370.293	0.05	Adapter 3839Hz Probe 3839Hz	50	3.839	70.00	0.437
370.373	0.05	Adapter 3839Hz Probe 3839Hz	50	3.839	70.00	0.437
370.553	0.05	Adapter 3839Hz Probe 3839Hz	50	3.839	70.00	0.437
370.633	0.05	Adapter 3839Hz Probe 3839Hz	50	3.839	70.00	0.437
370.713	0.05	Adapter 3839Hz Probe 3839Hz	50	3.839	70.00	0.437
370.793	0.05	Adapter 3839Hz Probe 3839Hz	50	3.839	70.00	0.437
370.873	0.05	Adapter 3839Hz Probe 3839Hz	50	3.839	70.00	0.437
371.053	0.05	Adapter 3839Hz Probe 3839Hz	50	3.839	70.00	0.437
371.133	0.05	Adapter 3839Hz Probe 3839Hz	50	3.839	70.00	0.437
371.213	0.05	Adapter 3839Hz Probe 3839Hz	50	3.839	70.00	0.437
371.293	0.05	Adapter 3839Hz Probe 3839Hz	50	3.839	70.00	0.437
371.373	0.05	Adapter 3839Hz Probe 3839Hz	50	3.839	70.00	0.437
371.553	0.05	Adapter 3839Hz Probe 3839Hz	50	3.839	70.00	0.437
371.633	0.05	Adapter 3839Hz Probe 3839Hz	50	3.839	70.00	0.437
371.713	0.05	Adapter 3839Hz Probe 3839Hz	50	3.839	70.00	0.437
371.793	0.05	Adapter 3839Hz Probe 3839Hz	50	3.839	70.00	0.437
371.873	0.05	Adapter 3839Hz Probe 3839Hz	50	3.839	70.00	0.437
372.053	0.05	Adapter 3839Hz Probe 3839Hz	50	3.839	70.00	0.437
372.133	0.05	Adapter 3839Hz Probe 3839Hz	50	3.839	70.00	0.437
372.213	0.05	Adapter 3839Hz Probe 3839Hz	50	3.839	70.00	0.437
372.293	0.05	Adapter 3839Hz Probe 3839Hz	50	3.839	70.00	0.437
372.373	0.05	Adapter 3839Hz Probe 3839Hz	50	3.839	70.00	0.437
372.553	0.05	Adapter 3839Hz Probe 3839Hz	50	3.839	70.00	0.437
372.633	0.05	Adapter 3839Hz Probe 3839Hz	50	3.839	70.00	0.437
372.713	0.05	Adapter 3839Hz Probe 3839Hz	50	3.839	70.00	0.437
372.793	0.05	Adapter 3839Hz Probe 3839Hz	50	3.839	70.00	0.437
372.873	0.05	Adapter 3839Hz Probe 3839Hz	50	3.839	70.00	0.437
373.053	0.05	Adapter 3839Hz Probe 3839Hz	50	3.839	70.00	0.437
373.133	0.05	Adapter 3839Hz Probe 3839Hz	50	3.839	70.00	0.437
373.213	0.05	Adapter 3839Hz Probe 3839Hz	50	3.839	70.00	0.437
373.293	0.05	Adapter 3839Hz Probe 3839Hz	50	3.839	70.00	0.437
373.373	0.05	Adapter 3839Hz Probe 3839Hz	50	3.839	70.00	0.437
373.553	0.05	Adapter 3839Hz Probe 3839Hz	50	3.839	70.00	0.437
373.633	0.05	Adapter 3839Hz Probe 3839Hz	50	3.839	70.00	0.437
373.713	0.05	Adapter 3839Hz Probe 3839Hz	50	3.839	70.00	0.437
373.793	0.05	Adapter 3839Hz Probe 3839Hz	50	3.839	70.00	0.437
373.873	0.05	Adapter 3839Hz Probe 3839Hz	50	3.839	70.00	0.437
374.053	0.05	Adapter 3839Hz Probe 3839Hz	50	3.839	70.00	0.437
374.133	0.05	Adapter 3839Hz Probe 3839Hz	50	3.839	70.00	0.437
374.213	0.05	Adapter 3839Hz Probe 3839Hz	50	3.839	70.00	0.437
374.293	0.05	Adapter 3839Hz Probe 3839Hz	50	3.839	70.00	0.437
374.373	0.05	Adapter 3839Hz Probe 3839Hz	50	3.839	70.00	0.437
374.553	0.05	Adapter 3839Hz Probe 3839Hz	50	3.839	70.00	0.437
374.633	0.05	Adapter 3839Hz Probe 3839Hz	50	3.839	70.00	0.437
374.713	0.05	Adapter 3839Hz Probe 3839Hz	50	3.839	70.00	0.437
374.793	0.05	Adapter 3839Hz Probe 3839Hz	50	3.839	70.00	0.437
374.873	0.05	Adapter 3839Hz Probe 3839Hz	50	3.839	70.00	0.437
385.06	0.05	Adapter 6009Hz	52	6.009	70.00	0.671
385.14	0.05	Adapter 6009Hz	52	6.009	70.00	0.671
385.22	0.05	Adapter 6009Hz	52	6.009	70.00	0.671
385.3	0.05	Adapter 6009Hz	52	6.009	70.00	0.671
385.56	0.05	Adapter 6009Hz	52	6.009	70.00	0.671
385.64	0.05	Adapter 6009Hz	52	6.009	70.00	0.671
385.72	0.05	Adapter 6009Hz	52	6.009	70.00	0.671
385.8	0.05	Adapter 6009Hz	52	6.009	70.00	0.671
386.06	0.05	Adapter 6009Hz	52	6.009	70.00	0.671
386.14	0.05	Adapter 6009Hz	52	6.009	70.00	0.671
386.22	0.05	Adapter 6009Hz	52	6.009	70.00	0.671
386.3	0.05	Adapter 6009Hz	52	6.009	70.00	0.671
386.56	0.05	Adapter 6009Hz	52	6.009	70.00	0.671
386.64	0.05	Adapter 6009Hz	52	6.009	70.00	0.671
386.72	0.05	Adapter 6009Hz	52	6.009	70.00	0.671
386.8	0.05	Adapter 6009Hz	52	6.009	70.00	0.671
387.06	0.05	Adapter 6009Hz	52	6.009	70.00	0.671
387.14	0.05	Adapter 6009Hz	52	6.009	70.00	0.671
387.22	0.05	Adapter 6009Hz	52	6.009	70.00	0.671
387.3	0.05	Adapter 6009Hz	52	6.009	70.00	0.671
387.56	0.05	Adapter 6009Hz	52	6.009	70.00	0.671
387.64	0.05	Adapter 6009Hz	52	6.009	70.00	0.671
387.72	0.05	Adapter 6009Hz	52	6.009	70.00	0.671
387.8	0.05	Adapter 6009Hz	52	6.009	70.00	0.671
388.06	0.05	Adapter 6009Hz	52	6.009	70.00	0.671
388.14	0.05	Adapter 6009Hz	52	6.009	70.00	0.671
388.22	0.05	Adapter 6009Hz	52	6.009	70.00	0.671
388.3	0.05	Adapter 6009Hz	52	6.009	70.00	0.671
388.56	0.05	Adapter 6009Hz	52	6.009	70.00	0.671
388.64	0.05	Adapter 6009Hz	52	6.009	70.00	0.671
388.72	0.05	Adapter 6009Hz	52	6.009	70.00	0.671
388.8	0.05	Adapter 6009Hz	52	6.009	70.00	0.671
389.06	0.05	Adapter 6009Hz	52	6.009	70.00	0.671
389.14	0.05	Adapter 6009Hz	52	6.009	70.00	0.671
389.22	0.05	Adapter 6009Hz	52	6.009	70.00	0.671
389.3	0.05	Adapter 6009Hz	52	6.009	70.00	0.671
389.56	0.05	Adapter 6009Hz	52	6.009	70.00	0.671
389.64	0.05	Adapter 6009Hz	52	6.009	70.00	0.671
389.72	0.05	Adapter 6009Hz	52	6.009	70.00	0.671
389.8	0.05	Adapter 6009Hz	52	6.009	70.00	0.671
392.564	0.05	Adapter 507Hz	53	0.507	70.00	0.079
392.644	0.05	Adapter 507Hz	53	0.507	70.00	0.079
392.724	0.05	Adapter 507Hz	53	0.507	70.00	0.079
392.804	0.05	Adapter 507Hz	53	0.507	70.00	0.079
393.064	0.05	Adapter 507Hz	53	0.507	70.00	0.079
393.144	0.05	Adapter 507Hz	53	0.507	70.00	0.079
393.224	0.05	Adapter 507Hz	53	0.507	70.00	0.079
393.304	0.05	Adapter 507Hz	53	0.507	70.00	0.079
393.564	0.05	Adapter 507Hz	53	0.507	70.00	0.079
393.644	0.05	Adapter 507Hz	53	0.507	70.00	0.079
393.724	0.05	Adapter 507Hz	53	0.507	70.00	0.079
393.804	0.05	Adapter 507Hz	53	0.507	70.00	0.079
394.064	0.05	Adapter 507Hz	53	0.507	70.00	0.079
394.144	0.05	Adapter 507Hz	53	0.507	70.00	0.079
394.224	0.05	Adapter 507Hz	53	0.507	70.00	0.079
394.304	0.05	Adapter 507Hz	53	0.507	70.00	0.079
394.564	0.05	Adapter 507Hz	53	0.507	70.00	0.079
394.644	0.05	Adapter 507Hz	53	0.507	70.00	0.079
394.724	0.05	Adapter 507Hz	53	0.507	70.00	0.079
394.804	0.05	Adapter 507Hz	53	0.507	70.00	0.079
395.064	0.05	Adapter 507Hz	53	0.507	70.00	0.079
395.144	0.05	Adapter 507Hz	53	0.507	70.00	0.079
395.224	0.05	Adapter 507Hz	53	0.507	70.00	0.079
395.304	0.05	Adapter 507Hz	53	0.507	70.00	0.079
395.564	0.05	Adapter 507Hz	53	0.507	70.00	0.079
395.644	0.05	Adapter 507Hz	53	0.507	70.00	0.079
395.724	0.05	Adapter 507Hz	53	0.507	70.00	0.079
395.804	0.05	Adapter 507Hz	53	0.507	70.00	0.079
396.064	0.05	Adapter 507Hz	53	0.507	70.00	0.079
396.144	0.05	Adapter 507Hz	53	0.507	70.00	0.079
396.224	0.05	Adapter 507Hz	53	0.507	70.00	0.079
396.304	0.05	Adapter 507Hz	53	0.507	70.00	0.079
396.564	0.05	Adapter 507Hz	53	0.507	70.00	0.079
396.644	0.05	Adapter 507Hz	53	0.507	70.00	0.079
396.724	0.05	Adapter 507Hz	53	0.507	70.00	0.079
396.804	0.05	Adapter 507Hz	53	0.507	70.00	0.079
397.064	0.05	Adapter 507Hz	53	0.507	70.00	0.079
397.144	0.05	Adapter 507Hz	53	0.507	70.00	0.079
397.224	0.05	Adapter 507Hz	53	0.507	70.00	0.079
397.304	0.05	Adapter 507Hz	53	0.507	70.00	0.079
400.02	0.05	Adapter 507Hz Probe 3839Hz	54	0.507	70.00	0.079
400.1	0.05	Adapter 507Hz Probe 3839Hz	54	0.507	70.00	0.079
400.18	0.05	Adapter 507Hz Probe 3839Hz	54	0.507	70.00	0.079
400.26	0.05	Adapter 507Hz Probe 3839Hz	54	0.507	70.00	0.079
400.34	0.05	Adapter 507Hz Probe 3839Hz	54	3.839	70.00	0.437
400.52	0.05	Adapter 507Hz Probe 3839Hz	54	0.507	70.00	0.079
400.6	0.05	Adapter 507Hz Probe 3839Hz	54	0.507	70.00	0.079
400.68	0.05	Adapter 507Hz Probe 3839Hz	54	0.507	70.00	0.079
400.76	0.05	Adapter 507Hz Probe 3839Hz	54	0.507	70.00	0.079
400.84	0.05	Adapter 507Hz Probe 3839Hz	54	3.839	70.00	0.437
401.02	0.05	Adapter 507Hz Probe 3839Hz	54	0.507	70.00	0.079
401.1	0.05	Adapter 507Hz Probe 3839Hz	54	0.507	70.00	0.079
401.18	0.05	Adapter 507Hz Probe 3839Hz	54	0.507	70.00	0.079
401.26	0.05	Adapter 507Hz Probe 3839Hz	54	0.507	70.00	0.079
401.34	0.05	Adapter 507Hz Probe 3839Hz	54	3.839	70.00	0.437
401.52	0.05	Adapter 507Hz Probe 3839Hz	54	0.507	70.00	0.079
401.6	0.05	Adapter 507Hz Probe 3839Hz	54	0.507	70.00	0.079
401.68	0.05	Adapter 507Hz Probe 3839Hz	54	0.507	70.00	0.079
401.76	0.05	Adapter 507Hz Probe 3839Hz	54	0.507	70.00	0.079
401.84	0.05	Adapter 507Hz Probe 3839Hz	54	3.839	70.00	0.437
402.02	0.05	Adapter 507Hz Probe 3839Hz	54	0.507	70.00	0.079
402.1	0.05	Adapter 507Hz Probe 3839Hz	54	0.507	70.00	0.079
402.18	0.05	Adapter 507Hz Probe 3839Hz	54	0.507	70.00	0.079
402.26	0.05	Adapter 507Hz Probe 3839Hz	54	0.507	70.00	0.079
402.34	0.05	Adapter 507Hz Probe 3839Hz	54	3.839	70.00	0.437
402.52	0.05	Adapter 507Hz Probe 3839Hz	54	0.507	70.00	0.079
402.6	0.05	Adapter 507Hz Probe 3839Hz	54	0.507	70.00	0.079
402.68	0.05	Adapter 507Hz Probe 3839Hz	54	0.507	70.00	0.079
402.76	0.05	Adapter 507Hz Probe 3839Hz	54	0.507	70.00	0.079
402.84	0.05	Adapter 507Hz Probe 3839Hz	54	3.839	70.00	0.437
403.02	0.05	Adapter 507Hz Probe 3839Hz	54	0.507	70.00	0.079
403.1	0.05	Adapter 507Hz Probe 3839Hz	54	0.507	70.00	0.079
403.18	0.05	Adapter 507Hz Probe 3839Hz	54	0.507	70.00	0.079
403.26	0.05	Adapter 507Hz Probe 3839Hz	54	0.507	70.00	0.079
403.34	0.05	Adapter 507Hz Probe 3839Hz	54	3.839	70.00	0.437
403.52	0.05	Adapter 507Hz Probe 3839Hz	54	0.507	70.00	0.079
403.6	0.05	Adapter 507Hz Probe 3839Hz	54	0.507	70.00	0.079
403.68	0.05	Adapter 507Hz Probe 3839Hz	54	0.507	70.00	0.079
403.76	0.05	Adapter 507Hz Probe 3839Hz	54	0.507	70.00	0.079
403.84	0.05	Adapter 507Hz Probe 3839Hz	54	3.839	70.00	0.437
404.02	0.05	Adapter 507Hz Probe 3839Hz	54	0.507	70.00	0.079
404.1	0.05	Adapter 507Hz Probe 3839Hz	54	0.507	70.00	0.079
404.18	0.05	Adapter 507Hz Probe 3839Hz	54	0.507	70.00	0.079
404.26	0.05	Adapter 507Hz Probe 3839Hz	54	0.507	70.00	0.079
404.34	0.05	Adapter 507Hz Probe 3839Hz	54	3.839	70.00	0.437
404.52	0.05	Adapter 507Hz Probe 3839Hz	54	0.507	70.00	0.079
404.6	0.05	Adapter 507Hz Probe 3839Hz	54	0.507	70.00	0.079
404.68	0.05	Adapter 507Hz Probe 3839Hz	54	0.507	70.00	0.079
404.76	0.05	Adapter 507Hz Probe 3839Hz	54	0.507	70.00	0.079
404.84	0.05	Adapter 507Hz Probe 3839Hz	54	3.839	70.00	0.437
407.555	0.05	Adapter 1501Hz	55	1.501	70.00	0.186
407.635	0.05	Adapter 1501Hz	55	1.501	70.00	0.186
407.715	0.05	Adapter 1501Hz	55	1.501	70.00	0.186
407.795	0.05	Adapter 1501Hz	55	1.501	70.00	0.186
408.055	0.05	Adapter 1501Hz	55	1.501	70.00	0.186
408.135	0.05	Adapter 1501Hz	55	1.501	70.00	0.186
408.215	0.05	Adapter 1501Hz	55	1.501	70.00	0.186
408.295	0.05	Adapter 1501Hz	55	1.501	70.00	0.186
408.555	0.05	Adapter 1501Hz	55	1.501	70.00	0.186
408.635	0.05	Adapter 1501Hz	55	1.501	70.00	0.186
408.715	0.05	Adapter 1501Hz	55	1.501	70.00	0.186
408.795	0.05	Adapter 1501Hz	55	1.501	70.00	0.186
409.055	0.05	Adapter 1501Hz	55	1.501	70.00	0.186
409.135	0.05	Adapter 1501Hz	55	1.501	70.00	0.186
409.215	0.05	Adapter 1501Hz	55	1.501	70.00	0.186
409.295	0.05	Adapter 1501Hz	55	1.501	70.00	0.186
409.555	0.05	Adapter 1501Hz	55	1.501	70.00	0.186
409.635	0.05	Adapter 1501Hz	55	1.501	70.00	0.186
409.715	0.05	Adapter 1501Hz	55	1.501	70.00	0.186
409.795	0.05	Adapter 1501Hz	55	1.501	70.00	0.186
410.055	0.05	Adapter 1501Hz	55	1.501	70.00	0.186
410.135	0.05	Adapter 1501Hz	55	1.501	70.00	0.186
410.215	0.05	Adapter 1501Hz	55	1.501	70.00	0.186
410.295	0.05	Adapter 1501Hz	55	1.501	70.00	0.186
410.555	0.05	Adapter 1501Hz	55	1.501	70.00	0.186
410.635	0.05	Adapter 1501Hz	55	1.501	70.00	0.186
410.715	0.05	Adapter 1501Hz	55	1.501	70.00	0.186
410.795	0.05	Adapter 1501Hz	55	1.501	70.00	0.186
411.055	0.05	Adapter 1501Hz	55	1.501	70.00	0.186
411.135	0.05	Adapter 1501Hz	55	1.501	70.00	0.186
411.215	0.05	Adapter 1501Hz	55	1.501	70.00	0.186
411.295	0.05	Adapter 1501Hz	55	1.501	70.00	0.186
411.555	0.05	Adapter 1501Hz	55	1.501	70.00	0.186
411.635	0.05	Adapter 1501Hz	55	1.501	70.00	0.186
411.715	0.05	Adapter 1501Hz	55	1.501	70.00	0.186
411.795	0.05	Adapter 1501Hz	55	1.501	70.00	0.186
412.055	0.05	Adapter 1501Hz	55	1.501	70.00	0.186
412.135	0.05	Adapter 1501Hz	55	1.501	70.00	0.186
412.215	0.05	Adapter 1501Hz	55	1.501	70.00	0.186
412.295	0.05	Adapter 1501Hz	55	1.501	70.00	0.186
415.043	0.05	Adapter 899Hz	56	0.899	70.00	0.121
415.123	0.05	Adapter 899Hz	56	0.899	70.00	0.121
415.203	0.05	Adapter 899Hz	56	0.899	70.00	0.121
415.283	0.05	Adapter 899Hz	56	0.899	70.00	0.121
415.543	0.05	Adapter 899Hz	56	0.899	70.00	0.121
415.623	0.05	Adapter 899Hz	56	0.899	70.00	0.121
415.703	0.05	Adapter 899Hz	56	0.899	70.00	0.121
415.783	0.05	Adapter 899Hz	56	0.899	70.00	0.121
416.043	0.05	Adapter 899Hz	56	0.899	70.00	0.121
416.123	0.05	Adapter 899Hz	56	0.899	70.00	0.121
416.203	0.05	Adapter 899Hz	56	0.899	70.00	0.121
416.283	0.05	Adapter 899Hz	56	0.899	70.00	0.121
416.543	0.05	Adapter 899Hz	56	0.899	70.00	0.121
416.623	0.05	Adapter 899Hz	56	0.899	70.00	0.121
416.703	0.05	Adapter 899Hz	56	0.899	70.00	0.121
416.783	0.05	Adapter 899Hz	56	0.899	70.00	0.121
417.043	0.05	Adapter 899Hz	56	0.899	70.00	0.121
417.123	0.05	Adapter 899Hz	56	0.899	70.00	0.121
417.203	0.05	Adapter 899Hz	56	0.899	70.00	0.121
417.283	0.05	Adapter 899Hz	56	0.899	70.00	0.121
417.543	0.05	Adapter 899Hz	56	0.899	70.00	0.121
417.623	0.05	Adapter 899Hz	56	0.899	70.00	0.121
417.703	0.05	Adapter 899Hz	56	0.899	70.00	0.121
417.783	0.05	Adapter 899Hz	56	0.899	70.00	0.121
418.043	0.05	Adapter 899Hz	56	0.899	70.00	0.121
418.123	0.05	Adapter 899Hz	56	0.899	70.00	0.121
418.203	0.05	Adapter 899Hz	56	0.899	70.00	0.121
418.283	0.05	Adapter 899Hz	56	0.899	70.00	0.121
418.543	0.05	Adapter 899Hz	56	0.899	70.00	0.121
418.623	0.05	Adapter 899Hz	56	0.899	70.00	0.121
418.703	0.05	Adapter 899Hz	56	0.899	70.00	0.121
418.783	0.05	Adapter 899Hz	56	0.899	70.00	0.121
419.043	0.05	Adapter 899Hz	56	0.899	70.00	0.121
419.123	0.05	Adapter 899Hz	56	0.899	70.00	0.121
419.203	0.05	Adapter 899Hz	56	0.899	70.00	0.121
419.283	0.05	Adapter 899Hz	56	0.899	70.00	0.121
419.543	0.05	Adapter 899Hz	56	0.899	70.00	0.121
419.623	0.05	Adapter 899Hz	56	0.899	70.00	0.121
419.703	0.05	Adapter 899Hz	56	0.899	70.00	0.121
419.783	0.05	Adapter 899Hz	56	0.899	70.00	0.121
422.516	0.05	Adapter 3839Hz	57	3.839	70.00	0.437
422.596	0.05	Adapter 3839Hz	57	3.839	70.00	0.437
422.676	0.05	Adapter 3839Hz	57	3.839	70.00	0.437
422.756	0.05	Adapter 3839Hz	57	3.839	70.00	0.437
423.016	0.05	Adapter 3839Hz	57	3.839	70.00	0.437
423.096	0.05	Adapter 3839Hz	57	3.839	70.00	0.437
423.176	0.05	Adapter 3839Hz	57	3.839	70.00	0.437
423.256	0.05	Adapter 3839Hz	57	3.839	70.00	0.437
423.516	0.05	Adapter 3839Hz	57	3.839	70.00	0.437
423.596	0.05	Adapter 3839Hz	57	3.839	70.00	0.437
423.676	0.05	Adapter 3839Hz	57	3.839	70.00	0.437
423.756	0.05	Adapter 3839Hz	57	3.839	70.00	0.437
424.016	0.05	Adapter 3839Hz	57	3.839	70.00	0.437
424.096	0.05	Adapter 3839Hz	57	3.839	70.00	0.437
424.176	0.05	Adapter 3839Hz	57	3.839	70.00	0.437
424.256	0.05	Adapter 3839Hz	57	3.839	70.00	0.437
424.516	0.05	Adapter 3839Hz	57	3.839	70.00	0.437
424.596	0.05	Adapter 3839Hz	57	3.839	70.00	0.437
424.676	0.05	Adapter 3839Hz	57	3.839	70.00	0.437
424.756	0.05	Adapter 3839Hz	57	3.839	70.00	0.437
425.016	0.05	Adapter 3839Hz	57	3.839	70.00	0.437
425.096	0.05	Adapter 3839Hz	57	3.839	70.00	0.437
425.176	0.05	Adapter 3839Hz	57	3.839	70.00	0.437
425.256	0.05	Adapter 3839Hz	57	3.839	70.00	0.437
425.516	0.05	Adapter 3839Hz	57	3.839	70.00	0.437
425.596	0.05	Adapter 3839Hz	57	3.839	70.00	0.437
425.676	0.05	Adapter 3839Hz	57	3.839	70.00	0.437
425.756	0.05	Adapter 3839Hz	57	3.839	70.00	0.437
426.016	0.05	Adapter 3839Hz	57	3.839	70.00	0.437
426.096	0.05	Adapter 3839Hz	57	3.839	70.00	0.437
426.176	0.05	Adapter 3839Hz	57	3.839	70.00	0.437
426.256	0.05	Adapter 3839Hz	57	3.839	70.00	0.437
426.516	0.05	Adapter 3839Hz	57	3.839	70.00	0.437
426.596	0.05	Adapter 3839Hz	57	3.839	70.00	0.437
426.676	0.05	Adapter 3839Hz	57	3.839	70.00	0.437
426.756	0.05	Adapter 3839Hz	57	3.839	70.00	0.437
427.016	0.05	Adapter 3839Hz	57	3.839	70.00	0.437
427.096	0.05	Adapter 3839Hz	57	3.839	70.00	0.437
427.176	0.05	Adapter 3839Hz	57	3.839	70.00	0.437
427.256	0.05	Adapter 3839Hz	57	3.839	70.00	0.437
430.066	0.05	Adapter 899Hz Probe 3839Hz	58	0.899	70.00	0.121
430.146	0.05	Adapter 899Hz Probe 3839Hz	58	0.899	70.00	0.121
430.226	0.05	Adapter 899Hz Probe 3839Hz	58	0.899	70.00	0.121
430.306	0.05	Adapter 899Hz Probe 3839Hz	58	0.899	70.00	0.121
430.386	0.05	Adapter 899Hz Probe 3839Hz	58	3.839	70.00	0.437
430.566	0.05	Adapter 899Hz Probe 3839Hz	58	0.899	70.00	0.121
430.646	0.05	Adapter 899Hz Probe 3839Hz	58	0.899	70.00	0.121
430.726	0.05	Adapter 899Hz Probe 3839Hz	58	0.899	70.00	0.121
430.806	0.05	Adapter 899Hz Probe 3839Hz	58	0.899	70.00	0.121
430.886	0.05	Adapter 899Hz Probe 3839Hz	58	3.839	70.00	0.437
431.066	0.05	Adapter 899Hz Probe 3839Hz	58	0.899	70.00	0.121
431.146	0.05	Adapter 899Hz Probe 3839Hz	58	0.899	70.00	0.121
431.226	0.05	Adapter 899Hz Probe 3839Hz	58	0.899	70.00	0.121
431.306	0.05	Adapter 899Hz Probe 3839Hz	58	0.899	70.00	0.121
431.386	0.05	Adapter 899Hz Probe 3839Hz	58	3.839	70.00	0.437
431.566	0.05	Adapter 899Hz Probe 3839Hz	58	0.899	70.00	0.121
431.646	0.05	Adapter 899Hz Probe 3839Hz	58	0.899	70.00	0.121
431.726	0.05	Adapter 899Hz Probe 3839Hz	58	0.899	70.00	0.121
431.806	0.05	Adapter 899Hz Probe 3839Hz	58	0.899	70.00	0.121
431.886	0.05	Adapter 899Hz Probe 3839Hz	58	3.839	70.00	0.437
432.066	0.05	Adapter 899Hz Probe 3839Hz	58	0.899	70.00	0.121
432.146	0.05	Adapter 899Hz Probe 3839Hz	58	0.899	70.00	0.121
432.226	0.05	Adapter 899Hz Probe 3839Hz	58	0.899	70.00	0.121
432.306	0.05	Adapter 899Hz Probe 3839Hz	58	0.899	70.00	0.121
432.386	0.05	Adapter 899Hz Probe 3839Hz	58	3.839	70.00	0.437
432.566	0.05	Adapter 899Hz Probe 3839Hz	58	0.899	70.00	0.121
432.646	0.05	Adapter 899Hz Probe 3839Hz	58	0.899	70.00	0.121
432.726	0.05	Adapter 899Hz Probe 3839Hz	58	0.899	70.00	0.121
432.806	0.05	Adapter 899Hz Probe 3839Hz	58	0.899	70.00	0.121
432.886	0.05	Adapter 899Hz Probe 3839Hz	58	3.839	70.00	0.437
433.066	0.05	Adapter 899Hz Probe 3839Hz	58	0.899	70.00	0.121
433.146	0.05	Adapter 899Hz Probe 3839Hz	58	0.899	70.00	0.121
433.226	0.05	Adapter 899Hz Probe 3839Hz	58	0.899	70.00	0.121
433.306	0.05	Adapter 899Hz Probe 3839Hz	58	0.899	70.00	0.121
433.386	0.05	Adapter 899Hz Probe 3839Hz	58	3.839	70.00	0.437
433.566	0.05	Adapter 899Hz Probe 3839Hz	58	0.899	70.00	0.121
433.646	0.05	Adapter 899Hz Probe 3839Hz	58	0.899	70.00	0.121
433.726	0.05	Adapter 899Hz Probe 3839Hz	58	0.899	70.00	0.121
433.806	0.05	Adapter 899Hz Probe 3839Hz	58	0.899	70.00	0.121
433.886	0.05	Adapter 899Hz Probe 3839Hz	58	3.839	70.00	0.437
434.066	0.05	Adapter 899Hz Probe 3839Hz	58	0.899	70.00	0.121
434.146	0.05	Adapter 899Hz Probe 3839Hz	58	0.899	70.00	0.121
434.226	0.05	Adapter 899Hz Probe 3839Hz	58	0.899	70.00	0.121
434.306	0.05	Adapter 899Hz Probe 3839Hz	58	0.899	70.00	0.121
434.386	0.05	Adapter 899Hz Probe 3839Hz	58	3.839	70.00	0.437
434.566	0.05	Adapter 899Hz Probe 3839Hz	58	0.899	70.00	0.121
434.646	0.05	Adapter 899Hz Probe 3839Hz	58	0.899	70.00	0.121
434.726	0.05	Adapter 899Hz Probe 3839Hz	58	0.899	70.00	0.121
434.806	0.05	Adapter 899Hz Probe 3839Hz	58	0.899	70.00	0.121
434.886	0.05	Adapter 899Hz Probe 3839Hz	58	3.839	70.00	0.437
437.523	0.05	Adapter 1501Hz Probe 3839Hz	59	1.501	70.00	0.186
437.603	0.05	Adapter 1501Hz Probe 3839Hz	59	1.501	70.00	0.186
437.683	0.05	Adapter 1501Hz Probe 3839Hz	59	1.501	70.00	0.186
437.763	0.05	Adapter 1501Hz Probe 3839Hz	59	1.501	70.00	0.186
437.843	0.05	Adapter 1501Hz Probe 3839Hz	59	3.839	70.00	0.437
438.023	0.05	Adapter 1501Hz Probe 3839Hz	59	1.501	70.00	0.186
438.103	0.05	Adapter 1501Hz Probe 3839Hz	59	1.501	70.00	0.186
438.183	0.05	Adapter 1501Hz Probe 3839Hz	59	1.501	70.00	0.186
438.263	0.05	Adapter 1501Hz Probe 3839Hz	59	1.501	70.00	0.186
438.343	0.05	Adapter 1501Hz Probe 3839Hz	59	3.839	70.00	0.437
438.523	0.05	Adapter 1501Hz Probe 3839Hz	59	1.501	70.00	0.186
438.603	0.05	Adapter 1501Hz Probe 3839Hz	59	1.501	70.00	0.186
438.683	0.05	Adapter 1501Hz Probe 3839Hz	59	1.501	70.00	0.186
438.763	0.05	Adapter 1501Hz Probe 3839Hz	59	1.501	70.00	0.186
438.843	0.05	Adapter 1501Hz Probe 3839Hz	59	3.839	70.00	0.437
439.023	0.05	Adapter 1501Hz Probe 3839Hz	59	1.501	70.00	0.186
439.103	0.05	Adapter 1501Hz Probe 3839Hz	59	1.501	70.00	0.186
439.183	0.05	Adapter 1501Hz Probe 3839Hz	59	1.501	70.00	0.186
439.263	0.05	Adapter 1501Hz Probe 3839Hz	59	1.501	70.00	0.186
439.343	0.05	Adapter 1501Hz Probe 3839Hz	59	3.839	70.00	0.437
439.523	0.05	Adapter 1501Hz Probe 3839Hz	59	1.501	70.00	0.186
439.603	0.05	Adapter 1501Hz Probe 3839Hz	59	1.501	70.00	0.186
439.683	0.05	Adapter 1501Hz Probe 3839Hz	59	1.501	70.00	0.186
439.763	0.05	Adapter 1501Hz Probe 3839Hz	59	1.501	70.00	0.186
439.843	0.05	Adapter 1501Hz Probe 3839Hz	59	3.839	70.00	0.437
440.023	0.05	Adapter 1501Hz Probe 3839Hz	59	1.501	70.00	0.186
440.103	0.05	Adapter 1501Hz Probe 3839Hz	59	1.501	70.00	0.186
440.183	0.05	Adapter 1501Hz Probe 3839Hz	59	1.501	70.00	0.186
440.263	0.05	Adapter 1501Hz Probe 3839Hz	59	1.501	70.00	0.186
440.343	0.05	Adapter 1501Hz Probe 3839Hz	59	3.839	70.00	0.437
440.523	0.05	Adapter 1501Hz Probe 3839Hz	59	1.501	70.00	0.186
440.603	0.05	Adapter 1501Hz Probe 3839Hz	59	1.501	70.00	0.186
440.683	0.05	Adapter 1501Hz Probe 3839Hz	59	1.501	70.00	0.186
440.763	0.05	Adapter 1501Hz Probe 3839Hz	59	1.501	70.00	0.186
440.843	0.05	Adapter 1501Hz Probe 3839Hz	59	3.839	70.00	0.437
441.023	0.05	Adapter 1501Hz Probe 3839Hz	59	1.501	70.00	0.186
441.103	0.05	Adapter 1501Hz Probe 3839Hz	59	1.501	70.00	0.186
441.183	0.05	Adapter 1501Hz Probe 3839Hz	59	1.501	70.00	0.186
441.263	0.05	Adapter 1501Hz Probe 3839Hz	59	1.501	70.00	0.186
441.343	0.05	Adapter 1501Hz Probe 3839Hz	59	3.839	70.00	0.437
441.523	0.05	Adapter 1501Hz Probe 3839Hz	59	1.501	70.00	0.186
441.603	0.05	Adapter 1501Hz Probe 3839Hz	59	1.501	70.00	0.186
441.683	0.05	Adapter 1501Hz Probe 3839Hz	59	1.501	70.00	0.186
441.763	0.05	Adapter 1501Hz Probe 3839Hz	59	1.501	70.00	0.186
441.843	0.05	Adapter 1501Hz Probe 3839Hz	59	3.839	70.00	0.437
442.023	0.05	Adapter 1501Hz Probe 3839Hz	59	1.501	70.00	0.186
442.103	0.05	Adapter 1501Hz Probe 3839Hz	59	1.501	70.00	0.186
442.183	0.05	Adapter 1501Hz Probe 3839Hz	59	1.501	70.00	0.186
442.263	0.05	Adapter 1501Hz Probe 3839Hz	59	1.501	70.00	0.186
442.343	0.05	Adapter 1501Hz Probe 3839Hz	59	3.839	70.00	0.437
452.866	0.05	Probe 3839Hz	61	3.839	70.00	0.437
453.366	0.05	Probe 3839Hz	61	3.839	70.00	0.437
453.866	0.05	Probe 3839Hz	61	3.839	70.00	0.437
454.366	0.05	Probe 3839Hz	61	3.839	70.00	0.437
454.866	0.05	Probe 3839Hz	61	3.839	70.00	0.437
455.366	0.05	Probe 3839Hz	61	3.839	70.00	0.437
455.866	0.05	Probe 3839Hz	61	3.839	70.00	0.437
456.366	0.05	Probe 3839Hz	61	3.839	70.00	0.437
456.866	0.05	Probe 3839Hz	61	3.839	70.00	0.437
457.366	0.05	Probe 3839Hz	61	3.839	70.00	0.437
467.522	0.05	Adapter 251Hz	63	0.251	70.00	0.052
467.602	0.05	Adapter 251Hz	63	0.251	70.00	0.052
467.682	0.05	Adapter 251Hz	63	0.251	70.00	0.052
467.762	0.05	Adapter 251Hz	63	0.251	70.00	0.052
468.022	0.05	Adapter 251Hz	63	0.251	70.00	0.052
468.102	0.05	Adapter 251Hz	63	0.251	70.00	0.052
468.182	0.05	Adapter 251Hz	63	0.251	70.00	0.052
468.262	0.05	Adapter 251Hz	63	0.251	70.00	0.052
468.522	0.05	Adapter 251Hz	63	0.251	70.00	0.052
468.602	0.05	Adapter 251Hz	63	0.251	70.00	0.052
468.682	0.05	Adapter 251Hz	63	0.251	70.00	0.052
468.762	0.05	Adapter 251Hz	63	0.251	70.00	0.052
469.022	0.05	Adapter 251Hz	63	0.251	70.00	0.052
469.102	0.05	Adapter 251Hz	63	0.251	70.00	0.052
469.182	0.05	Adapter 251Hz	63	0.251	70.00	0.052
469.262	0.05	Adapter 251Hz	63	0.251	70.00	0.052
469.522	0.05	Adapter 251Hz	63	0.251	70.00	0.052
469.602	0.05	Adapter 251Hz	63	0.251	70.00	0.052
469.682	0.05	Adapter 251Hz	63	0.251	70.00	0.052
469.762	0.05	Adapter 251Hz	63	0.251	70.00	0.052
470.022	0.05	Adapter 251Hz	63	0.251	70.00	0.052
470.102	0.05	Adapter 251Hz	63	0.251	70.00	0.052
470.182	0.05	Adapter 251Hz	63	0.251	70.00	0.052
470.262	0.05	Adapter 251Hz	63	0.251	70.00	0.052
470.522	0.05	Adapter 251Hz	63	0.251	70.00	0.052
470.602	0.05	Adapter 251Hz	63	0.251	70.00	0.052
470.682	0.05	Adapter 251Hz	63	0.251	70.00	0.052
470.762	0.05	Adapter 251Hz	63	0.251	70.00	0.052
471.022	0.05	Adapter 251Hz	63	0.251	70.00	0.052
471.102	0.05	Adapter 251Hz	63	0.251	70.00	0.052
471.182	0.05	Adapter 251Hz	63	0.251	70.00	0.052
471.262	0.05	Adapter 251Hz	63	0.251	70.00	0.052
471.522	0.05	Adapter 251Hz	63	0.251	70.00	0.052
471.602	0.05	Adapter 251Hz	63	0.251	70.00	0.052
471.682	0.05	Adapter 251Hz	63	0.251	70.00	0.052
471.762	0.05	Adapter 251Hz	63	0.251	70.00	0.052
472.022	0.05	Adapter 251Hz	63	0.251	70.00	0.052
472.102	0.05	Adapter 251Hz	63	0.251	70.00	0.052
472.182	0.05	Adapter 251Hz	63	0.251	70.00	0.052
472.262	0.05	Adapter 251Hz	63	0.251	70.00	0.052
475.025	0.05	Adapter 2423Hz	64	2.423	70.00	0.285
475.105	0.05	Adapter 2423Hz	64	2.423	70.00	0.285
475.185	0.05	Adapter 2423Hz	64	2.423	70.00	0.285
475.265	0.05	Adapter 2423Hz	64	2.423	70.00	0.285
475.525	0.05	Adapter 2423Hz	64	2.423	70.00	0.285
475.605	0.05	Adapter 2423Hz	64	2.423	70.00	0.285
475.685	0.05	Adapter 2423Hz	64	2.423	70.00	0.285
475.765	0.05	Adapter 2423Hz	64	2.423	70.00	0.285
476.025	0.05	Adapter 2423Hz	64	2.423	70.00	0.285
476.105	0.05	Adapter 2423Hz	64	2.423	70.00	0.285
476.185	0.05	Adapter 2423Hz	64	2.423	70.00	0.285
476.265	0.05	Adapter 2423Hz	64	2.423	70.00	0.285
476.525	0.05	Adapter 2423Hz	64	2.423	70.00	0.285
476.605	0.05	Adapter 2423Hz	64	2.423	70.00	0.285
476.685	0.05	Adapter 2423Hz	64	2.423	70.00	0.285
476.765	0.05	Adapter 2423Hz	64	2.423	70.00	0.285
477.025	0.05	Adapter 2423Hz	64	2.423	70.00	0.285
477.105	0.05	Adapter 2423Hz	64	2.423	70.00	0.285
477.185	0.05	Adapter 2423Hz	64	2.423	70.00	0.285
477.265	0.05	Adapter 2423Hz	64	2.423	70.00	0.285
477.525	0.05	Adapter 2423Hz	64	2.423	70.00	0.285
477.605	0.05	Adapter 2423Hz	64	2.423	70.00	0.285
477.685	0.05	Adapter 2423Hz	64	2.423	70.00	0.285
477.765	0.05	Adapter 2423Hz	64	2.423	70.00	0.285
478.025	0.05	Adapter 2423Hz	64	2.423	70.00	0.285
478.105	0.05	Adapter 2423Hz	64	2.423	70.00	0.285
478.185	0.05	Adapter 2423Hz	64	2.423	70.00	0.285
478.265	0.05	Adapter 2423Hz	64	2.423	70.00	0.285
478.525	0.05	Adapter 2423Hz	64	2.423	70.00	0.285
478.605	0.05	Adapter 2423Hz	64	2.423	70.00	0.285
478.685	0.05	Adapter 2423Hz	64	2.423	70.00	0.285
478.765	0.05	Adapter 2423Hz	64	2.423	70.00	0.285
479.025	0.05	Adapter 2423Hz	64	2.423	70.00	0.285
479.105	0.05	Adapter 2423Hz	64	2.423	70.00	0.285
479.185	0.05	Adapter 2423Hz	64	2.423	70.00	0.285
479.265	0.05	Adapter 2423Hz	64	2.423	70.00	0.285
479.525	0.05	Adapter 2423Hz	64	2.423	70.00	0.285
479.605	0.05	Adapter 2423Hz	64	2.423	70.00	0.285
479.685	0.05	Adapter 2423Hz	64	2.423	70.00	0.285
479.765	0.05	Adapter 2423Hz	64	2.423	70.00	0.285
