onset	duration	trial_type	scan	frequency_kHz	level_dB_SPL	bandwidth_kHz
2.5	0.05	Adapter 899Hz Probe 3839Hz	1	0.899	70.00	0.121
2.58	0.05	Adapter 899Hz Probe 3839Hz	1	0.899	70.00	0.121
2.66	0.05	Adapter 899Hz Probe 3839Hz	1	0.899	70.00	0.121
2.74	0.05	Adapter 899Hz Probe 3839Hz	1	0.899	70.00	0.121
2.82	0.05	Adapter 899Hz Probe 3839Hz	1	3.839	70.00	0.437
3.0	0.05	Adapter 899Hz Probe 3839Hz	1	0.899	70.00	0.121
3.08	0.05	Adapter 899Hz Probe 3839Hz	1	0.899	70.00	0.121
3.16	0.05	Adapter 899Hz Probe 3839Hz	1	0.899	70.00	0.121
3.24	0.05	Adapter 899Hz Probe 3839Hz	1	0.899	70.00	0.121
3.32	0.05	Adapter 899Hz Probe 3839Hz	1	3.839	70.00	0.437
3.5	0.05	Adapter 899Hz Probe 3839Hz	1	0.899	70.00	0.121
3.58	0.05	Adapter 899Hz Probe 3839Hz	1	0.899	70.00	0.121
3.66	0.05	Adapter 899Hz Probe 3839Hz	1	0.899	70.00	0.121
3.74	0.05	Adapter 899Hz Probe 3839Hz	1	0.899	70.00	0.121
3.82	0.05	Adapter 899Hz Probe 3839Hz	1	3.839	70.00	0.437
4.0	0.05	Adapter 899Hz Probe 3839Hz	1	0.899	70.00	0.121
4.08	0.05	Adapter 899Hz Probe 3839Hz	1	0.899	70.00	0.121
4.16	0.05	Adapter 899Hz Probe 3839Hz	1	0.899	70.00	0.121
4.24	0.05	Adapter 899Hz Probe 3839Hz	1	0.899	70.00	0.121
4.32	0.05	Adapter 899Hz Probe 3839Hz	1	3.839	70.00	0.437
4.5	0.05	Adapter 899Hz Probe 3839Hz	1	0.899	70.00	0.121
4.58	0.05	Adapter 899Hz Probe 3839Hz	1	0.899	70.00	0.121
4.66	0.05	Adapter 899Hz Probe 3839Hz	1	0.899	70.00	0.121
4.74	0.05	Adapter 899Hz Probe 3839Hz	1	0.899	70.00	0.121
4.82	0.05	Adapter 899Hz Probe 3839Hz	1	3.839	70.00	0.437
5.0	0.05	Adapter 899Hz Probe 3839Hz	1	0.899	70.00	0.121
5.08	0.05	Adapter 899Hz Probe 3839Hz	1	0.899	70.00	0.121
5.16	0.05	Adapter 899Hz Probe 3839Hz	1	0.899	70.00	0.121
5.24	0.05	Adapter 899Hz Probe 3839Hz	1	0.899	70.00	0.121
5.32	0.05	Adapter 899Hz Probe 3839Hz	1	3.839	70.00	0.437
5.5	0.05	Adapter 899Hz Probe 3839Hz	1	0.899	70.00	0.121
5.58	0.05	Adapter 899Hz Probe 3839Hz	1	0.899	70.00	0.121
5.66	0.05	Adapter 899Hz Probe 3839Hz	1	0.899	70.00	0.121
5.74	0.05	Adapter 899Hz Probe 3839Hz	1	0.899	70.00	0.121
5.82	0.05	Adapter 899Hz Probe 3839Hz	1	3.839	70.00	0.437
6.0	0.05	Adapter 899Hz Probe 3839Hz	1	0.899	70.00	0.121
6.08	0.05	Adapter 899Hz Probe 3839Hz	1	0.899	70.00	0.121
6.16	0.05	Adapter 899Hz Probe 3839Hz	1	0.899	70.00	0.121
6.24	0.05	Adapter 899Hz Probe 3839Hz	1	0.899	70.00	0.121
6.32	0.05	Adapter 899Hz Probe 3839Hz	1	3.839	70.00	0.437
6.5	0.05	Adapter 899Hz Probe 3839Hz	1	0.899	70.00	0.121
6.58	0.05	Adapter 899Hz Probe 3839Hz	1	0.899	70.00	0.121
6.66	0.05	Adapter 899Hz Probe 3839Hz	1	0.899	70.00	0.121
6.74	0.05	Adapter 899Hz Probe 3839Hz	1	0.899	70.00	0.121
6.82	0.05	Adapter 899Hz Probe 3839Hz	1	3.839	70.00	0.437
7.0	0.05	Adapter 899Hz Probe 3839Hz	1	0.899	70.00	0.121
7.08	0.05	Adapter 899Hz Probe 3839Hz	1	0.899	70.00	0.121
7.16	0.05	Adapter 899Hz Probe 3839Hz	1	0.899	70.00	0.121
7.24	0.05	Adapter 899Hz Probe 3839Hz	1	0.899	70.00	0.121
7.32	0.05	Adapter 899Hz Probe 3839Hz	1	3.839	70.00	0.437
17.554	0.05	Adapter 899Hz	3	0.899	70.00	0.121
17.634	0.05	Adapter 899Hz	3	0.899	70.00	0.121
17.714	0.05	Adapter 899Hz	3	0.899	70.00	0.121
17.794	0.05	Adapter 899Hz	3	0.899	70.00	0.121
18.054	0.05	Adapter 899Hz	3	0.899	70.00	0.121
18.134	0.05	Adapter 899Hz	3	0.899	70.00	0.121
18.214	0.05	Adapter 899Hz	3	0.899	70.00	0.121
18.294	0.05	Adapter 899Hz	3	0.899	70.00	0.121
18.554	0.05	Adapter 899Hz	3	0.899	70.00	0.121
18.634	0.05	Adapter 899Hz	3	0.899	70.00	0.121
18.714	0.05	Adapter 899Hz	3	0.899	70.00	0.121
18.794	0.05	Adapter 899Hz	3	0.899	70.00	0.121
19.054	0.05	Adapter 899Hz	3	0.899	70.00	0.121
19.134	0.05	Adapter 899Hz	3	0.899	70.00	0.121
19.214	0.05	Adapter 899Hz	3	0.899	70.00	0.121
19.294	0.05	Adapter 899Hz	3	0.899	70.00	0.121
19.554	0.05	Adapter 899Hz	3	0.899	70.00	0.121
19.634	0.05	Adapter 899Hz	3	0.899	70.00	0.121
19.714	0.05	Adapter 899Hz	3	0.899	70.00	0.121
19.794	0.05	Adapter 899Hz	3	0.899	70.00	0.121
20.054	0.05	Adapter 899Hz	3	0.899	70.00	0.121
20.134	0.05	Adapter 899Hz	3	0.899	70.00	0.121
20.214	0.05	Adapter 899Hz	3	0.899	70.00	0.121
20.294	0.05	Adapter 899Hz	3	0.899	70.00	0.121
20.554	0.05	Adapter 899Hz	3	0.899	70.00	0.121
20.634	0.05	Adapter 899Hz	3	0.899	70.00	0.121
20.714	0.05	Adapter 899Hz	3	0.899	70.00	0.121
20.794	0.05	Adapter 899Hz	3	0.899	70.00	0.121
21.054	0.05	Adapter 899Hz	3	0.899	70.00	0.121
21.134	0.05	Adapter 899Hz	3	0.899	70.00	0.121
21.214	0.05	Adapter 899Hz	3	0.899	70.00	0.121
21.294	0.05	Adapter 899Hz	3	0.899	70.00	0.121
21.554	0.05	Adapter 899Hz	3	0.899	70.00	0.121
21.634	0.05	Adapter 899Hz	3	0.899	70.00	0.121
21.714	0.05	Adapter 899Hz	3	0.899	70.00	0.121
21.794	0.05	Adapter 899Hz	3	0.899	70.00	0.121
22.054	0.05	Adapter 899Hz	3	0.899	70.00	0.121
22.134	0.05	Adapter 899Hz	3	0.899	70.00	0.121
22.214	0.05	Adapter 899Hz	3	0.899	70.00	0.121
22.294	0.05	Adapter 899Hz	3	0.899	70.00	0.121
25.042	0.05	Adapter 1501Hz Probe 3839Hz	4	1.501	70.00	0.186
25.122	0.05	Adapter 1501Hz Probe 3839Hz	4	1.501	70.00	0.186
25.202	0.05	Adapter 1501Hz Probe 3839Hz	4	1.501	70.00	0.186
25.282	0.05	Adapter 1501Hz Probe 3839Hz	4	1.501	70.00	0.186
25.362	0.05	Adapter 1501Hz Probe 3839Hz	4	3.839	70.00	0.437
25.542	0.05	Adapter 1501Hz Probe 3839Hz	4	1.501	70.00	0.186
25.622	0.05	Adapter 1501Hz Probe 3839Hz	4	1.501	70.00	0.186
25.702	0.05	Adapter 1501Hz Probe 3839Hz	4	1.501	70.00	0.186
25.782	0.05	Adapter 1501Hz Probe 3839Hz	4	1.501	70.00	0.186
25.862	0.05	Adapter 1501Hz Probe 3839Hz	4	3.839	70.00	0.437
26.042	0.05	Adapter 1501Hz Probe 3839Hz	4	1.501	70.00	0.186
26.122	0.05	Adapter 1501Hz Probe 3839Hz	4	1.501	70.00	0.186
26.202	0.05	Adapter 1501Hz Probe 3839Hz	4	1.501	70.00	0.186
26.282	0.05	Adapter 1501Hz Probe 3839Hz	4	1.501	70.00	0.186
26.362	0.05	Adapter 1501Hz Probe 3839Hz	4	3.839	70.00	0.437
26.542	0.05	Adapter 1501Hz Probe 3839Hz	4	1.501	70.00	0.186
26.622	0.05	Adapter 1501Hz Probe 3839Hz	4	1.501	70.00	0.186
26.702	0.05	Adapter 1501Hz Probe 3839Hz	4	1.501	70.00	0.186
26.782	0.05	Adapter 1501Hz Probe 3839Hz	4	1.501	70.00	0.186
26.862	0.05	Adapter 1501Hz Probe 3839Hz	4	3.839	70.00	0.437
27.042	0.05	Adapter 1501Hz Probe 3839Hz	4	1.501	70.00	0.186
27.122	0.05	Adapter 1501Hz Probe 3839Hz	4	1.501	70.00	0.186
27.202	0.05	Adapter 1501Hz Probe 3839Hz	4	1.501	70.00	0.186
27.282	0.05	Adapter 1501Hz Probe 3839Hz	4	1.501	70.00	0.186
27.362	0.05	Adapter 1501Hz Probe 3839Hz	4	3.839	70.00	0.437
27.542	0.05	Adapter 1501Hz Probe 3839Hz	4	1.501	70.00	0.186
27.622	0.05	Adapter 1501Hz Probe 3839Hz	4	1.501	70.00	0.186
27.702	0.05	Adapter 1501Hz Probe 3839Hz	4	1.501	70.00	0.186
27.782	0.05	Adapter 1501Hz Probe 3839Hz	4	1.501	70.00	0.186
27.862	0.05	Adapter 1501Hz Probe 3839Hz	4	3.839	70.00	0.437
28.042	0.05	Adapter 1501Hz Probe 3839Hz	4	1.501	70.00	0.186
28.122	0.05	Adapter 1501Hz Probe 3839Hz	4	1.501	70.00	0.186
28.202	0.05	Adapter 1501Hz Probe 3839Hz	4	1.501	70.00	0.186
28.282	0.05	Adapter 1501Hz Probe 3839Hz	4	1.501	70.00	0.186
28.362	0.05	Adapter 1501Hz Probe 3839Hz	4	3.839	70.00	0.437
28.542	0.05	Adapter 1501Hz Probe 3839Hz	4	1.501	70.00	0.186
28.622	0.05	Adapter 1501Hz Probe 3839Hz	4	1.501	70.00	0.186
28.702	0.05	Adapter 1501Hz Probe 3839Hz	4	1.501	70.00	0.186
28.782	0.05	Adapter 1501Hz Probe 3839Hz	4	1.501	70.00	0.186
28.862	0.05	Adapter 1501Hz Probe 3839Hz	4	3.839	70.00	0.437
29.042	0.05	Adapter 1501Hz Probe 3839Hz	4	1.501	70.00	0.186
29.122	0.05	Adapter 1501Hz Probe 3839Hz	4	1.501	70.00	0.186
29.202	0.05	Adapter 1501Hz Probe 3839Hz	4	1.501	70.00	0.186
29.282	0.05	Adapter 1501Hz Probe 3839Hz	4	1.501	70.00	0.186
29.362	0.05	Adapter 1501Hz Probe 3839Hz	4	3.839	70.00	0.437
29.542	0.05	Adapter 1501Hz Probe 3839Hz	4	1.501	70.00	0.186
29.622	0.05	Adapter 1501Hz Probe 3839Hz	4	1.501	70.00	0.186
29.702	0.05	Adapter 1501Hz Probe 3839Hz	4	1.501	70.00	0.186
29.782	0.05	Adapter 1501Hz Probe 3839Hz	4	1.501	70.00	0.186
29.862	0.05	Adapter 1501Hz Probe 3839Hz	4	3.839	70.00	0.437
32.53	0.05	Adapter 3839Hz	5	3.839	70.00	0.437
32.61	0.05	Adapter 3839Hz	5	3.839	70.00	0.437
32.69	0.05	Adapter 3839Hz	5	3.839	70.00	0.437
32.77	0.05	Adapter 3839Hz	5	3.839	70.00	0.437
33.03	0.05	Adapter 3839Hz	5	3.839	70.00	0.437
33.11	0.05	Adapter 3839Hz	5	3.839	70.00	0.437
33.19	0.05	Adapter 3839Hz	5	3.839	70.00	0.437
33.27	0.05	Adapter 3839Hz	5	3.839	70.00	0.437
33.53	0.05	Adapter 3839Hz	5	3.839	70.00	0.437
33.61	0.05	Adapter 3839Hz	5	3.839	70.00	0.437
33.69	0.05	Adapter 3839Hz	5	3.839	70.00	0.437
33.77	0.05	Adapter 3839Hz	5	3.839	70.00	0.437
34.03	0.05	Adapter 3839Hz	5	3.839	70.00	0.437
34.11	0.05	Adapter 3839Hz	5	3.839	70.00	0.437
34.19	0.05	Adapter 3839Hz	5	3.839	70.00	0.437
34.27	0.05	Adapter 3839Hz	5	3.839	70.00	0.437
34.53	0.05	Adapter 3839Hz	5	3.839	70.00	0.437
34.61	0.05	Adapter 3839Hz	5	3.839	70.00	0.437
34.69	0.05	Adapter 3839Hz	5	3.839	70.00	0.437
34.77	0.05	Adapter 3839Hz	5	3.839	70.00	0.437
35.03	0.05	Adapter 3839Hz	5	3.839	70.00	0.437
35.11	0.05	Adapter 3839Hz	5	3.839	70.00	0.437
35.19	0.05	Adapter 3839Hz	5	3.839	70.00	0.437
35.27	0.05	Adapter 3839Hz	5	3.839	70.00	0.437
35.53	0.05	Adapter 3839Hz	5	3.839	70.00	0.437
35.61	0.05	Adapter 3839Hz	5	3.839	70.00	0.437
35.69	0.05	Adapter 3839Hz	5	3.839	70.00	0.437
35.77	0.05	Adapter 3839Hz	5	3.839	70.00	0.437
36.03	0.05	Adapter 3839Hz	5	3.839	70.00	0.437
36.11	0.05	Adapter 3839Hz	5	3.839	70.00	0.437
36.19	0.05	Adapter 3839Hz	5	3.839	70.00	0.437
36.27	0.05	Adapter 3839Hz	5	3.839	70.00	0.437
36.53	0.05	Adapter 3839Hz	5	3.839	70.00	0.437
36.61	0.05	Adapter 3839Hz	5	3.839	70.00	0.437
36.69	0.05	Adapter 3839Hz	5	3.839	70.00	0.437
36.77	0.05	Adapter 3839Hz	5	3.839	70.00	0.437
37.03	0.05	Adapter 3839Hz	5	3.839	70.00	0.437
37.11	0.05	Adapter 3839Hz	5	3.839	70.00	0.437
37.19	0.05	Adapter 3839Hz	5	3.839	70.00	0.437
37.27	0.05	Adapter 3839Hz	5	3.839	70.00	0.437
40.033	0.05	Adapter 1501Hz	6	1.501	70.00	0.186
40.113	0.05	Adapter 1501Hz	6	1.501	70.00	0.186
40.193	0.05	Adapter 1501Hz	6	1.501	70.00	0.186
40.273	0.05	Adapter 1501Hz	6	1.501	70.00	0.186
40.533	0.05	Adapter 1501Hz	6	1.501	70.00	0.186
40.613	0.05	Adapter 1501Hz	6	1.501	70.00	0.186
40.693	0.05	Adapter 1501Hz	6	1.501	70.00	0.186
40.773	0.05	Adapter 1501Hz	6	1.501	70.00	0.186
41.033	0.05	Adapter 1501Hz	6	1.501	70.00	0.186
41.113	0.05	Adapter 1501Hz	6	1.501	70.00	0.186
41.193	0.05	Adapter 1501Hz	6	1.501	70.00	0.186
41.273	0.05	Adapter 1501Hz	6	1.501	70.00	0.186
41.533	0.05	Adapter 1501Hz	6	1.501	70.00	0.186
41.613	0.05	Adapter 1501Hz	6	1.501	70.00	0.186
41.693	0.05	Adapter 1501Hz	6	1.501	70.00	0.186
41.773	0.05	Adapter 1501Hz	6	1.501	70.00	0.186
42.033	0.05	Adapter 1501Hz	6	1.501	70.00	0.186
42.113	0.05	Adapter 1501Hz	6	1.501	70.00	0.186
42.193	0.05	Adapter 1501Hz	6	1.501	70.00	0.186
42.273	0.05	Adapter 1501Hz	6	1.501	70.00	0.186
42.533	0.05	Adapter 1501Hz	6	1.501	70.00	0.186
42.613	0.05	Adapter 1501Hz	6	1.501	70.00	0.186
42.693	0.05	Adapter 1501Hz	6	1.501	70.00	0.186
42.773	0.05	Adapter 1501Hz	6	1.501	70.00	0.186
43.033	0.05	Adapter 1501Hz	6	1.501	70.00	0.186
43.113	0.05	Adapter 1501Hz	6	1.501	70.00	0.186
43.193	0.05	Adapter 1501Hz	6	1.501	70.00	0.186
43.273	0.05	Adapter 1501Hz	6	1.501	70.00	0.186
43.533	0.05	Adapter 1501Hz	6	1.501	70.00	0.186
43.613	0.05	Adapter 1501Hz	6	1.501	70.00	0.186
43.693	0.05	Adapter 1501Hz	6	1.501	70.00	0.186
43.773	0.05	Adapter 1501Hz	6	1.501	70.00	0.186
44.033	0.05	Adapter 1501Hz	6	1.501	70.00	0.186
44.113	0.05	Adapter 1501Hz	6	1.501	70.00	0.186
44.193	0.05	Adapter 1501Hz	6	1.501	70.00	0.186
44.273	0.05	Adapter 1501Hz	6	1.501	70.00	0.186
44.533	0.05	Adapter 1501Hz	6	1.501	70.00	0.186
44.613	0.05	Adapter 1501Hz	6	1.501	70.00	0.186
44.693	0.05	Adapter 1501Hz	6	1.501	70.00	0.186
44.773	0.05	Adapter 1501Hz	6	1.501	70.00	0.186
55.025	0.05	Adapter 3839Hz Probe 3839Hz	8	3.839	70.00	0.437
55.105	0.05	Adapter 3839Hz Probe 3839Hz	8	3.839	70.00	0.437
55.185	0.05	Adapter 3839Hz Probe 3839Hz	8	3.839	70.00	0.437
55.265	0.05	Adapter 3839Hz Probe 3839Hz	8	3.839	70.00	0.437
55.345	0.05	Adapter 3839Hz Probe 3839Hz	8	3.839	70.00	0.437
55.525	0.05	Adapter 3839Hz Probe 3839Hz	8	3.839	70.00	0.437
55.605	0.05	Adapter 3839Hz Probe 3839Hz	8	3.839	70.00	0.437
55.685	0.05	Adapter 3839Hz Probe 3839Hz	8	3.839	70.00	0.437
55.765	0.05	Adapter 3839Hz Probe 3839Hz	8	3.839	70.00	0.437
55.845	0.05	Adapter 3839Hz Probe 3839Hz	8	3.839	70.00	0.437
56.025	0.05	Adapter 3839Hz Probe 3839Hz	8	3.839	70.00	0.437
56.105	0.05	Adapter 3839Hz Probe 3839Hz	8	3.839	70.00	0.437
56.185	0.05	Adapter 3839Hz Probe 3839Hz	8	3.839	70.00	0.437
56.265	0.05	Adapter 3839Hz Probe 3839Hz	8	3.839	70.00	0.437
56.345	0.05	Adapter 3839Hz Probe 3839Hz	8	3.839	70.00	0.437
56.525	0.05	Adapter 3839Hz Probe 3839Hz	8	3.839	70.00	0.437
56.605	0.05	Adapter 3839Hz Probe 3839Hz	8	3.839	70.00	0.437
56.685	0.05	Adapter 3839Hz Probe 3839Hz	8	3.839	70.00	0.437
56.765	0.05	Adapter 3839Hz Probe 3839Hz	8	3.839	70.00	0.437
56.845	0.05	Adapter 3839Hz Probe 3839Hz	8	3.839	70.00	0.437
57.025	0.05	Adapter 3839Hz Probe 3839Hz	8	3.839	70.00	0.437
57.105	0.05	Adapter 3839Hz Probe 3839Hz	8	3.839	70.00	0.437
57.185	0.05	Adapter 3839Hz Probe 3839Hz	8	3.839	70.00	0.437
57.265	0.05	Adapter 3839Hz Probe 3839Hz	8	3.839	70.00	0.437
57.345	0.05	Adapter 3839Hz Probe 3839Hz	8	3.839	70.00	0.437
57.525	0.05	Adapter 3839Hz Probe 3839Hz	8	3.839	70.00	0.437
57.605	0.05	Adapter 3839Hz Probe 3839Hz	8	3.839	70.00	0.437
57.685	0.05	Adapter 3839Hz Probe 3839Hz	8	3.839	70.00	0.437
57.765	0.05	Adapter 3839Hz Probe 3839Hz	8	3.839	70.00	0.437
57.845	0.05	Adapter 3839Hz Probe 3839Hz	8	3.839	70.00	0.437
58.025	0.05	Adapter 3839Hz Probe 3839Hz	8	3.839	70.00	0.437
58.105	0.05	Adapter 3839Hz Probe 3839Hz	8	3.839	70.00	0.437
58.185	0.05	Adapter 3839Hz Probe 3839Hz	8	3.839	70.00	0.437
58.265	0.05	Adapter 3839Hz Probe 3839Hz	8	3.839	70.00	0.437
58.345	0.05	Adapter 3839Hz Probe 3839Hz	8	3.839	70.00	0.437
58.525	0.05	Adapter 3839Hz Probe 3839Hz	8	3.839	70.00	0.437
58.605	0.05	Adapter 3839Hz Probe 3839Hz	8	3.839	70.00	0.437
58.685	0.05	Adapter 3839Hz Probe 3839Hz	8	3.839	70.00	0.437
58.765	0.05	Adapter 3839Hz Probe 3839Hz	8	3.839	70.00	0.437
58.845	0.05	Adapter 3839Hz Probe 3839Hz	8	3.839	70.00	0.437
59.025	0.05	Adapter 3839Hz Probe 3839Hz	8	3.839	70.00	0.437
59.105	0.05	Adapter 3839Hz Probe 3839Hz	8	3.839	70.00	0.437
59.185	0.05	Adapter 3839Hz Probe 3839Hz	8	3.839	70.00	0.437
59.265	0.05	Adapter 3839Hz Probe 3839Hz	8	3.839	70.00	0.437
59.345	0.05	Adapter 3839Hz Probe 3839Hz	8	3.839	70.00	0.437
59.525	0.05	Adapter 3839Hz Probe 3839Hz	8	3.839	70.00	0.437
59.605	0.05	Adapter 3839Hz Probe 3839Hz	8	3.839	70.00	0.437
59.685	0.05	Adapter 3839Hz Probe 3839Hz	8	3.839	70.00	0.437
59.765	0.05	Adapter 3839Hz Probe 3839Hz	8	3.839	70.00	0.437
59.845	0.05	Adapter 3839Hz Probe 3839Hz	8	3.839	70.00	0.437
70.032	0.05	Adapter 507Hz	10	0.507	70.00	0.079
70.112	0.05	Adapter 507Hz	10	0.507	70.00	0.079
70.192	0.05	Adapter 507Hz	10	0.507	70.00	0.079
70.272	0.05	Adapter 507Hz	10	0.507	70.00	0.079
70.532	0.05	Adapter 507Hz	10	0.507	70.00	0.079
70.612	0.05	Adapter 507Hz	10	0.507	70.00	0.079
70.692	0.05	Adapter 507Hz	10	0.507	70.00	0.079
70.772	0.05	Adapter 507Hz	10	0.507	70.00	0.079
71.032	0.05	Adapter 507Hz	10	0.507	70.00	0.079
71.112	0.05	Adapter 507Hz	10	0.507	70.00	0.079
71.192	0.05	Adapter 507Hz	10	0.507	70.00	0.079
71.272	0.05	Adapter 507Hz	10	0.507	70.00	0.079
71.532	0.05	Adapter 507Hz	10	0.507	70.00	0.079
71.612	0.05	Adapter 507Hz	10	0.507	70.00	0.079
71.692	0.05	Adapter 507Hz	10	0.507	70.00	0.079
71.772	0.05	Adapter 507Hz	10	0.507	70.00	0.079
72.032	0.05	Adapter 507Hz	10	0.507	70.00	0.079
72.112	0.05	Adapter 507Hz	10	0.507	70.00	0.079
72.192	0.05	Adapter 507Hz	10	0.507	70.00	0.079
72.272	0.05	Adapter 507Hz	10	0.507	70.00	0.079
72.532	0.05	Adapter 507Hz	10	0.507	70.00	0.079
72.612	0.05	Adapter 507Hz	10	0.507	70.00	0.079
72.692	0.05	Adapter 507Hz	10	0.507	70.00	0.079
72.772	0.05	Adapter 507Hz	10	0.507	70.00	0.079
73.032	0.05	Adapter 507Hz	10	0.507	70.00	0.079
73.112	0.05	Adapter 507Hz	10	0.507	70.00	0.079
73.192	0.05	Adapter 507Hz	10	0.507	70.00	0.079
73.272	0.05	Adapter 507Hz	10	0.507	70.00	0.079
73.532	0.05	Adapter 507Hz	10	0.507	70.00	0.079
73.612	0.05	Adapter 507Hz	10	0.507	70.00	0.079
73.692	0.05	Adapter 507Hz	10	0.507	70.00	0.079
73.772	0.05	Adapter 507Hz	10	0.507	70.00	0.079
74.032	0.05	Adapter 507Hz	10	0.507	70.00	0.079
74.112	0.05	Adapter 507Hz	10	0.507	70.00	0.079
74.192	0.05	Adapter 507Hz	10	0.507	70.00	0.079
74.272	0.05	Adapter 507Hz	10	0.507	70.00	0.079
74.532	0.05	Adapter 507Hz	10	0.507	70.00	0.079
74.612	0.05	Adapter 507Hz	10	0.507	70.00	0.079
74.692	0.05	Adapter 507Hz	10	0.507	70.00	0.079
74.772	0.05	Adapter 507Hz	10	0.507	70.00	0.079
77.551	0.05	Adapter 507Hz Probe 3839Hz	11	0.507	70.00	0.079
77.631	0.05	Adapter 507Hz Probe 3839Hz	11	0.507	70.00	0.079
77.711	0.05	Adapter 507Hz Probe 3839Hz	11	0.507	70.00	0.079
77.791	0.05	Adapter 507Hz Probe 3839Hz	11	0.507	70.00	0.079
77.871	0.05	Adapter 507Hz Probe 3839Hz	11	3.839	70.00	0.437
78.051	0.05	Adapter 507Hz Probe 3839Hz	11	0.507	70.00	0.079
78.131	0.05	Adapter 507Hz Probe 3839Hz	11	0.507	70.00	0.079
78.211	0.05	Adapter 507Hz Probe 3839Hz	11	0.507	70.00	0.079
78.291	0.05	Adapter 507Hz Probe 3839Hz	11	0.507	70.00	0.079
78.371	0.05	Adapter 507Hz Probe 3839Hz	11	3.839	70.00	0.437
78.551	0.05	Adapter 507Hz Probe 3839Hz	11	0.507	70.00	0.079
78.631	0.05	Adapter 507Hz Probe 3839Hz	11	0.507	70.00	0.079
78.711	0.05	Adapter 507Hz Probe 3839Hz	11	0.507	70.00	0.079
78.791	0.05	Adapter 507Hz Probe 3839Hz	11	0.507	70.00	0.079
78.871	0.05	Adapter 507Hz Probe 3839Hz	11	3.839	70.00	0.437
79.051	0.05	Adapter 507Hz Probe 3839Hz	11	0.507	70.00	0.079
79.131	0.05	Adapter 507Hz Probe 3839Hz	11	0.507	70.00	0.079
79.211	0.05	Adapter 507Hz Probe 3839Hz	11	0.507	70.00	0.079
79.291	0.05	Adapter 507Hz Probe 3839Hz	11	0.507	70.00	0.079
79.371	0.05	Adapter 507Hz Probe 3839Hz	11	3.839	70.00	0.437
79.551	0.05	Adapter 507Hz Probe 3839Hz	11	0.507	70.00	0.079
79.631	0.05	Adapter 507Hz Probe 3839Hz	11	0.507	70.00	0.079
79.711	0.05	Adapter 507Hz Probe 3839Hz	11	0.507	70.00	0.079
79.791	0.05	Adapter 507Hz Probe 3839Hz	11	0.507	70.00	0.079
79.871	0.05	Adapter 507Hz Probe 3839Hz	11	3.839	70.00	0.437
80.051	0.05	Adapter 507Hz Probe 3839Hz	11	0.507	70.00	0.079
80.131	0.05	Adapter 507Hz Probe 3839Hz	11	0.507	70.00	0.079
80.211	0.05	Adapter 507Hz Probe 3839Hz	11	0.507	70.00	0.079
80.291	0.05	Adapter 507Hz Probe 3839Hz	11	0.507	70.00	0.079
80.371	0.05	Adapter 507Hz Probe 3839Hz	11	3.839	70.00	0.437
80.551	0.05	Adapter 507Hz Probe 3839Hz	11	0.507	70.00	0.079
80.631	0.05	Adapter 507Hz Probe 3839Hz	11	0.507	70.00	0.079
80.711	0.05	Adapter 507Hz Probe 3839Hz	11	0.507	70.00	0.079
80.791	0.05	Adapter 507Hz Probe 3839Hz	11	0.507	70.00	0.079
80.871	0.05	Adapter 507Hz Probe 3839Hz	11	3.839	70.00	0.437
81.051	0.05	Adapter 507Hz Probe 3839Hz	11	0.507	70.00	0.079
81.131	0.05	Adapter 507Hz Probe 3839Hz	11	0.507	70.00	0.079
81.211	0.05	Adapter 507Hz Probe 3839Hz	11	0.507	70.00	0.079
81.291	0.05	Adapter 507Hz Probe 3839Hz	11	0.507	70.00	0.079
81.371	0.05	Adapter 507Hz Probe 3839Hz	11	3.839	70.00	0.437
81.551	0.05	Adapter 507Hz Probe 3839Hz	11	0.507	70.00	0.079
81.631	0.05	Adapter 507Hz Probe 3839Hz	11	0.507	70.00	0.079
81.711	0.05	Adapter 507Hz Probe 3839Hz	11	0.507	70.00	0.079
81.791	0.05	Adapter 507Hz Probe 3839Hz	11	0.507	70.00	0.079
81.871	0.05	Adapter 507Hz Probe 3839Hz	11	3.839	70.00	0.437
82.051	0.05	Adapter 507Hz Probe 3839Hz	11	0.507	70.00	0.079
82.131	0.05	Adapter 507Hz Probe 3839Hz	11	0.507	70.00	0.079
82.211	0.05	Adapter 507Hz Probe 3839Hz	11	0.507	70.00	0.079
82.291	0.05	Adapter 507Hz Probe 3839Hz	11	0.507	70.00	0.079
82.371	0.05	Adapter 507Hz Probe 3839Hz	11	3.839	70.00	0.437
85.039	0.05	Adapter 6009Hz	12	6.009	70.00	0.671
85.119	0.05	Adapter 6009Hz	12	6.009	70.00	0.671
85.199	0.05	Adapter 6009Hz	12	6.009	70.00	0.671
85.279	0.05	Adapter 6009Hz	12	6.009	70.00	0.671
85.539	0.05	Adapter 6009Hz	12	6.009	70.00	0.671
85.619	0.05	Adapter 6009Hz	12	6.009	70.00	0.671
85.699	0.05	Adapter 6009Hz	12	6.009	70.00	0.671
85.779	0.05	Adapter 6009Hz	12	6.009	70.00	0.671
86.039	0.05	Adapter 6009Hz	12	6.009	70.00	0.671
86.119	0.05	Adapter 6009Hz	12	6.009	70.00	0.671
86.199	0.05	Adapter 6009Hz	12	6.009	70.00	0.671
86.279	0.05	Adapter 6009Hz	12	6.009	70.00	0.671
86.539	0.05	Adapter 6009Hz	12	6.009	70.00	0.671
86.619	0.05	Adapter 6009Hz	12	6.009	70.00	0.671
86.699	0.05	Adapter 6009Hz	12	6.009	70.00	0.671
86.779	0.05	Adapter 6009Hz	12	6.009	70.00	0.671
87.039	0.05	Adapter 6009Hz	12	6.009	70.00	0.671
87.119	0.05	Adapter 6009Hz	12	6.009	70.00	0.671
87.199	0.05	Adapter 6009Hz	12	6.009	70.00	0.671
87.279	0.05	Adapter 6009Hz	12	6.009	70.00	0.671
87.539	0.05	Adapter 6009Hz	12	6.009	70.00	0.671
87.619	0.05	Adapter 6009Hz	12	6.009	70.00	0.671
87.699	0.05	Adapter 6009Hz	12	6.009	70.00	0.671
87.779	0.05	Adapter 6009Hz	12	6.009	70.00	0.671
88.039	0.05	Adapter 6009Hz	12	6.009	70.00	0.671
88.119	0.05	Adapter 6009Hz	12	6.009	70.00	0.671
88.199	0.05	Adapter 6009Hz	12	6.009	70.00	0.671
88.279	0.05	Adapter 6009Hz	12	6.009	70.00	0.671
88.539	0.05	Adapter 6009Hz	12	6.009	70.00	0.671
88.619	0.05	Adapter 6009Hz	12	6.009	70.00	0.671
88.699	0.05	Adapter 6009Hz	12	6.009	70.00	0.671
88.779	0.05	Adapter 6009Hz	12	6.009	70.00	0.671
89.039	0.05	Adapter 6009Hz	12	6.009	70.00	0.671
89.119	0.05	Adapter 6009Hz	12	6.009	70.00	0.671
89.199	0.05	Adapter 6009Hz	12	6.009	70.00	0.671
89.279	0.05	Adapter 6009Hz	12	6.009	70.00	0.671
89.539	0.05	Adapter 6009Hz	12	6.009	70.00	0.671
89.619	0.05	Adapter 6009Hz	12	6.009	70.00	0.671
89.699	0.05	Adapter 6009Hz	12	6.009	70.00	0.671
89.779	0.05	Adapter 6009Hz	12	6.009	70.00	0.671
92.527	0.05	Adapter 2423Hz	13	2.423	70.00	0.285
92.607	0.05	Adapter 2423Hz	13	2.423	70.00	0.285
92.687	0.05	Adapter 2423Hz	13	2.423	70.00	0.285
92.767	0.05	Adapter 2423Hz	13	2.423	70.00	0.285
93.027	0.05	Adapter 2423Hz	13	2.423	70.00	0.285
93.107	0.05	Adapter 2423Hz	13	2.423	70.00	0.285
93.187	0.05	Adapter 2423Hz	13	2.423	70.00	0.285
93.267	0.05	Adapter 2423Hz	13	2.423	70.00	0.285
93.527	0.05	Adapter 2423Hz	13	2.423	70.00	0.285
93.607	0.05	Adapter 2423Hz	13	2.423	70.00	0.285
93.687	0.05	Adapter 2423Hz	13	2.423	70.00	0.285
93.767	0.05	Adapter 2423Hz	13	2.423	70.00	0.285
94.027	0.05	Adapter 2423Hz	13	2.423	70.00	0.285
94.107	0.05	Adapter 2423Hz	13	2.423	70.00	0.285
94.187	0.05	Adapter 2423Hz	13	2.423	70.00	0.285
94.267	0.05	Adapter 2423Hz	13	2.423	70.00	0.285
94.527	0.05	Adapter 2423Hz	13	2.423	70.00	0.285
94.607	0.05	Adapter 2423Hz	13	2.423	70.00	0.285
94.687	0.05	Adapter 2423Hz	13	2.423	70.00	0.285
94.767	0.05	Adapter 2423Hz	13	2.423	70.00	0.285
95.027	0.05	Adapter 2423Hz	13	2.423	70.00	0.285
95.107	0.05	Adapter 2423Hz	13	2.423	70.00	0.285
95.187	0.05	Adapter 2423Hz	13	2.423	70.00	0.285
95.267	0.05	Adapter 2423Hz	13	2.423	70.00	0.285
95.527	0.05	Adapter 2423Hz	13	2.423	70.00	0.285
95.607	0.05	Adapter 2423Hz	13	2.423	70.00	0.285
95.687	0.05	Adapter 2423Hz	13	2.423	70.00	0.285
95.767	0.05	Adapter 2423Hz	13	2.423	70.00	0.285
96.027	0.05	Adapter 2423Hz	13	2.423	70.00	0.285
96.107	0.05	Adapter 2423Hz	13	2.423	70.00	0.285
96.187	0.05	Adapter 2423Hz	13	2.423	70.00	0.285
96.267	0.05	Adapter 2423Hz	13	2.423	70.00	0.285
96.527	0.05	Adapter 2423Hz	13	2.423	70.00	0.285
96.607	0.05	Adapter 2423Hz	13	2.423	70.00	0.285
96.687	0.05	Adapter 2423Hz	13	2.423	70.00	0.285
96.767	0.05	Adapter 2423Hz	13	2.423	70.00	0.285
97.027	0.05	Adapter 2423Hz	13	2.423	70.00	0.285
97.107	0.05	Adapter 2423Hz	13	2.423	70.00	0.285
97.187	0.05	Adapter 2423Hz	13	2.423	70.00	0.285
97.267	0.05	Adapter 2423Hz	13	2.423	70.00	0.285
100.047	0.05	Adapter 2423Hz Probe 3839Hz	14	2.423	70.00	0.285
100.127	0.05	Adapter 2423Hz Probe 3839Hz	14	2.423	70.00	0.285
100.207	0.05	Adapter 2423Hz Probe 3839Hz	14	2.423	70.00	0.285
100.287	0.05	Adapter 2423Hz Probe 3839Hz	14	2.423	70.00	0.285
100.367	0.05	Adapter 2423Hz Probe 3839Hz	14	3.839	70.00	0.437
100.547	0.05	Adapter 2423Hz Probe 3839Hz	14	2.423	70.00	0.285
100.627	0.05	Adapter 2423Hz Probe 3839Hz	14	2.423	70.00	0.285
100.707	0.05	Adapter 2423Hz Probe 3839Hz	14	2.423	70.00	0.285
100.787	0.05	Adapter 2423Hz Probe 3839Hz	14	2.423	70.00	0.285
100.867	0.05	Adapter 2423Hz Probe 3839Hz	14	3.839	70.00	0.437
101.047	0.05	Adapter 2423Hz Probe 3839Hz	14	2.423	70.00	0.285
101.127	0.05	Adapter 2423Hz Probe 3839Hz	14	2.423	70.00	0.285
101.207	0.05	Adapter 2423Hz Probe 3839Hz	14	2.423	70.00	0.285
101.287	0.05	Adapter 2423Hz Probe 3839Hz	14	2.423	70.00	0.285
101.367	0.05	Adapter 2423Hz Probe 3839Hz	14	3.839	70.00	0.437
101.547	0.05	Adapter 2423Hz Probe 3839Hz	14	2.423	70.00	0.285
101.627	0.05	Adapter 2423Hz Probe 3839Hz	14	2.423	70.00	0.285
101.707	0.05	Adapter 2423Hz Probe 3839Hz	14	2.423	70.00	0.285
101.787	0.05	Adapter 2423Hz Probe 3839Hz	14	2.423	70.00	0.285
101.867	0.05	Adapter 2423Hz Probe 3839Hz	14	3.839	70.00	0.437
102.047	0.05	Adapter 2423Hz Probe 3839Hz	14	2.423	70.00	0.285
102.127	0.05	Adapter 2423Hz Probe 3839Hz	14	2.423	70.00	0.285
102.207	0.05	Adapter 2423Hz Probe 3839Hz	14	2.423	70.00	0.285
102.287	0.05	Adapter 2423Hz Probe 3839Hz	14	2.423	70.00	0.285
102.367	0.05	Adapter 2423Hz Probe 3839Hz	14	3.839	70.00	0.437
102.547	0.05	Adapter 2423Hz Probe 3839Hz	14	2.423	70.00	0.285
102.627	0.05	Adapter 2423Hz Probe 3839Hz	14	2.423	70.00	0.285
102.707	0.05	Adapter 2423Hz Probe 3839Hz	14	2.423	70.00	0.285
102.787	0.05	Adapter 2423Hz Probe 3839Hz	14	2.423	70.00	0.285
102.867	0.05	Adapter 2423Hz Probe 3839Hz	14	3.839	70.00	0.437
103.047	0.05	Adapter 2423Hz Probe 3839Hz	14	2.423	70.00	0.285
103.127	0.05	Adapter 2423Hz Probe 3839Hz	14	2.423	70.00	0.285
103.207	0.05	Adapter 2423Hz Probe 3839Hz	14	2.423	70.00	0.285
103.287	0.05	Adapter 2423Hz Probe 3839Hz	14	2.423	70.00	0.285
103.367	0.05	Adapter 2423Hz Probe 3839Hz	14	3.839	70.00	0.437
103.547	0.05	Adapter 2423Hz Probe 3839Hz	14	2.423	70.00	0.285
103.627	0.05	Adapter 2423Hz Probe 3839Hz	14	2.423	70.00	0.285
103.707	0.05	Adapter 2423Hz Probe 3839Hz	14	2.423	70.00	0.285
103.787	0.05	Adapter 2423Hz Probe 3839Hz	14	2.423	70.00	0.285
103.867	0.05	Adapter 2423Hz Probe 3839Hz	14	3.839	70.00	0.437
104.047	0.05	Adapter 2423Hz Probe 3839Hz	14	2.423	70.00	0.285
104.127	0.05	Adapter 2423Hz Probe 3839Hz	14	2.423	70.00	0.285
104.207	0.05	Adapter 2423Hz Probe 3839Hz	14	2.423	70.00	0.285
104.287	0.05	Adapter 2423Hz Probe 3839Hz	14	2.423	70.00	0.285
104.367	0.05	Adapter 2423Hz Probe 3839Hz	14	3.839	70.00	0.437
104.547	0.05	Adapter 2423Hz Probe 3839Hz	14	2.423	70.00	0.285
104.627	0.05	Adapter 2423Hz Probe 3839Hz	14	2.423	70.00	0.285
104.707	0.05	Adapter 2423Hz Probe 3839Hz	14	2.423	70.00	0.285
104.787	0.05	Adapter 2423Hz Probe 3839Hz	14	2.423	70.00	0.285
104.867	0.05	Adapter 2423Hz Probe 3839Hz	14	3.839	70.00	0.437
107.839	0.05	Probe 3839Hz	15	3.839	70.00	0.437
108.339	0.05	Probe 3839Hz	15	3.839	70.00	0.437
108.839	0.05	Probe 3839Hz	15	3.839	70.00	0.437
109.339	0.05	Probe 3839Hz	15	3.839	70.00	0.437
109.839	0.05	Probe 3839Hz	15	3.839	70.00	0.437
110.339	0.05	Probe 3839Hz	15	3.839	70.00	0.437
110.839	0.05	Probe 3839Hz	15	3.839	70.00	0.437
111.339	0.05	Probe 3839Hz	15	3.839	70.00	0.437
111.839	0.05	Probe 3839Hz	15	3.839	70.00	0.437
112.339	0.05	Probe 3839Hz	15	3.839	70.00	0.437
115.023	0.05	Adapter 251Hz	16	0.251	70.00	0.052
115.103	0.05	Adapter 251Hz	16	0.251	70.00	0.052
115.183	0.05	Adapter 251Hz	16	0.251	70.00	0.052
115.263	0.05	Adapter 251Hz	16	0.251	70.00	0.052
115.523	0.05	Adapter 251Hz	16	0.251	70.00	0.052
115.603	0.05	Adapter 251Hz	16	0.251	70.00	0.052
115.683	0.05	Adapter 251Hz	16	0.251	70.00	0.052
115.763	0.05	Adapter 251Hz	16	0.251	70.00	0.052
116.023	0.05	Adapter 251Hz	16	0.251	70.00	0.052
116.103	0.05	Adapter 251Hz	16	0.251	70.00	0.052
116.183	0.05	Adapter 251Hz	16	0.251	70.00	0.052
116.263	0.05	Adapter 251Hz	16	0.251	70.00	0.052
116.523	0.05	Adapter 251Hz	16	0.251	70.00	0.052
116.603	0.05	Adapter 251Hz	16	0.251	70.00	0.052
116.683	0.05	Adapter 251Hz	16	0.251	70.00	0.052
116.763	0.05	Adapter 251Hz	16	0.251	70.00	0.052
117.023	0.05	Adapter 251Hz	16	0.251	70.00	0.052
117.103	0.05	Adapter 251Hz	16	0.251	70.00	0.052
117.183	0.05	Adapter 251Hz	16	0.251	70.00	0.052
117.263	0.05	Adapter 251Hz	16	0.251	70.00	0.052
117.523	0.05	Adapter 251Hz	16	0.251	70.00	0.052
117.603	0.05	Adapter 251Hz	16	0.251	70.00	0.052
117.683	0.05	Adapter 251Hz	16	0.251	70.00	0.052
117.763	0.05	Adapter 251Hz	16	0.251	70.00	0.052
118.023	0.05	Adapter 251Hz	16	0.251	70.00	0.052
118.103	0.05	Adapter 251Hz	16	0.251	70.00	0.052
118.183	0.05	Adapter 251Hz	16	0.251	70.00	0.052
118.263	0.05	Adapter 251Hz	16	0.251	70.00	0.052
118.523	0.05	Adapter 251Hz	16	0.251	70.00	0.052
118.603	0.05	Adapter 251Hz	16	0.251	70.00	0.052
118.683	0.05	Adapter 251Hz	16	0.251	70.00	0.052
118.763	0.05	Adapter 251Hz	16	0.251	70.00	0.052
119.023	0.05	Adapter 251Hz	16	0.251	70.00	0.052
119.103	0.05	Adapter 251Hz	16	0.251	70.00	0.052
119.183	0.05	Adapter 251Hz	16	0.251	70.00	0.052
119.263	0.05	Adapter 251Hz	16	0.251	70.00	0.052
119.523	0.05	Adapter 251Hz	16	0.251	70.00	0.052
119.603	0.05	Adapter 251Hz	16	0.251	70.00	0.052
119.683	0.05	Adapter 251Hz	16	0.251	70.00	0.052
119.763	0.05	Adapter 251Hz	16	0.251	70.00	0.052
122.542	0.05	Adapter 6009Hz	17	6.009	70.00	0.671
122.622	0.05	Adapter 6009Hz	17	6.009	70.00	0.671
122.702	0.05	Adapter 6009Hz	17	6.009	70.00	0.671
122.782	0.05	Adapter 6009Hz	17	6.009	70.00	0.671
123.042	0.05	Adapter 6009Hz	17	6.009	70.00	0.671
123.122	0.05	Adapter 6009Hz	17	6.009	70.00	0.671
123.202	0.05	Adapter 6009Hz	17	6.009	70.00	0.671
123.282	0.05	Adapter 6009Hz	17	6.009	70.00	0.671
123.542	0.05	Adapter 6009Hz	17	6.009	70.00	0.671
123.622	0.05	Adapter 6009Hz	17	6.009	70.00	0.671
123.702	0.05	Adapter 6009Hz	17	6.009	70.00	0.671
123.782	0.05	Adapter 6009Hz	17	6.009	70.00	0.671
124.042	0.05	Adapter 6009Hz	17	6.009	70.00	0.671
124.122	0.05	Adapter 6009Hz	17	6.009	70.00	0.671
124.202	0.05	Adapter 6009Hz	17	6.009	70.00	0.671
124.282	0.05	Adapter 6009Hz	17	6.009	70.00	0.671
124.542	0.05	Adapter 6009Hz	17	6.009	70.00	0.671
124.622	0.05	Adapter 6009Hz	17	6.009	70.00	0.671
124.702	0.05	Adapter 6009Hz	17	6.009	70.00	0.671
124.782	0.05	Adapter 6009Hz	17	6.009	70.00	0.671
125.042	0.05	Adapter 6009Hz	17	6.009	70.00	0.671
125.122	0.05	Adapter 6009Hz	17	6.009	70.00	0.671
125.202	0.05	Adapter 6009Hz	17	6.009	70.00	0.671
125.282	0.05	Adapter 6009Hz	17	6.009	70.00	0.671
125.542	0.05	Adapter 6009Hz	17	6.009	70.00	0.671
125.622	0.05	Adapter 6009Hz	17	6.009	70.00	0.671
125.702	0.05	Adapter 6009Hz	17	6.009	70.00	0.671
125.782	0.05	Adapter 6009Hz	17	6.009	70.00	0.671
126.042	0.05	Adapter 6009Hz	17	6.009	70.00	0.671
126.122	0.05	Adapter 6009Hz	17	6.009	70.00	0.671
126.202	0.05	Adapter 6009Hz	17	6.009	70.00	0.671
126.282	0.05	Adapter 6009Hz	17	6.009	70.00	0.671
126.542	0.05	Adapter 6009Hz	17	6.009	70.00	0.671
126.622	0.05	Adapter 6009Hz	17	6.009	70.00	0.671
126.702	0.05	Adapter 6009Hz	17	6.009	70.00	0.671
126.782	0.05	Adapter 6009Hz	17	6.009	70.00	0.671
127.042	0.05	Adapter 6009Hz	17	6.009	70.00	0.671
127.122	0.05	Adapter 6009Hz	17	6.009	70.00	0.671
127.202	0.05	Adapter 6009Hz	17	6.009	70.00	0.671
127.282	0.05	Adapter 6009Hz	17	6.009	70.00	0.671
129.999	0.05	Adapter 3839Hz Probe 3839Hz	18	3.839	70.00	0.437
130.079	0.05	Adapter 3839Hz Probe 3839Hz	18	3.839	70.00	0.437
130.159	0.05	Adapter 3839Hz Probe 3839Hz	18	3.839	70.00	0.437
130.239	0.05	Adapter 3839Hz Probe 3839Hz	18	3.839	70.00	0.437
130.319	0.05	Adapter 3839Hz Probe 3839Hz	18	3.839	70.00	0.437
130.499	0.05	Adapter 3839Hz Probe 3839Hz	18	3.839	70.00	0.437
130.579	0.05	Adapter 3839Hz Probe 3839Hz	18	3.839	70.00	0.437
130.659	0.05	Adapter 3839Hz Probe 3839Hz	18	3.839	70.00	0.437
130.739	0.05	Adapter 3839Hz Probe 3839Hz	18	3.839	70.00	0.437
130.819	0.05	Adapter 3839Hz Probe 3839Hz	18	3.839	70.00	0.437
130.999	0.05	Adapter 3839Hz Probe 3839Hz	18	3.839	70.00	0.437
131.079	0.05	Adapter 3839Hz Probe 3839Hz	18	3.839	70.00	0.437
131.159	0.05	Adapter 3839Hz Probe 3839Hz	18	3.839	70.00	0.437
131.239	0.05	Adapter 3839Hz Probe 3839Hz	18	3.839	70.00	0.437
131.319	0.05	Adapter 3839Hz Probe 3839Hz	18	3.839	70.00	0.437
131.499	0.05	Adapter 3839Hz Probe 3839Hz	18	3.839	70.00	0.437
131.579	0.05	Adapter 3839Hz Probe 3839Hz	18	3.839	70.00	0.437
131.659	0.05	Adapter 3839Hz Probe 3839Hz	18	3.839	70.00	0.437
131.739	0.05	Adapter 3839Hz Probe 3839Hz	18	3.839	70.00	0.437
131.819	0.05	Adapter 3839Hz Probe 3839Hz	18	3.839	70.00	0.437
131.999	0.05	Adapter 3839Hz Probe 3839Hz	18	3.839	70.00	0.437
132.079	0.05	Adapter 3839Hz Probe 3839Hz	18	3.839	70.00	0.437
132.159	0.05	Adapter 3839Hz Probe 3839Hz	18	3.839	70.00	0.437
132.239	0.05	Adapter 3839Hz Probe 3839Hz	18	3.839	70.00	0.437
132.319	0.05	Adapter 3839Hz Probe 3839Hz	18	3.839	70.00	0.437
132.499	0.05	Adapter 3839Hz Probe 3839Hz	18	3.839	70.00	0.437
132.579	0.05	Adapter 3839Hz Probe 3839Hz	18	3.839	70.00	0.437
132.659	0.05	Adapter 3839Hz Probe 3839Hz	18	3.839	70.00	0.437
132.739	0.05	Adapter 3839Hz Probe 3839Hz	18	3.839	70.00	0.437
132.819	0.05	Adapter 3839Hz Probe 3839Hz	18	3.839	70.00	0.437
132.999	0.05	Adapter 3839Hz Probe 3839Hz	18	3.839	70.00	0.437
133.079	0.05	Adapter 3839Hz Probe 3839Hz	18	3.839	70.00	0.437
133.159	0.05	Adapter 3839Hz Probe 3839Hz	18	3.839	70.00	0.437
133.239	0.05	Adapter 3839Hz Probe 3839Hz	18	3.839	70.00	0.437
133.319	0.05	Adapter 3839Hz Probe 3839Hz	18	3.839	70.00	0.437
133.499	0.05	Adapter 3839Hz Probe 3839Hz	18	3.839	70.00	0.437
133.579	0.05	Adapter 3839Hz Probe 3839Hz	18	3.839	70.00	0.437
133.659	0.05	Adapter 3839Hz Probe 3839Hz	18	3.839	70.00	0.437
133.739	0.05	Adapter 3839Hz Probe 3839Hz	18	3.839	70.00	0.437
133.819	0.05	Adapter 3839Hz Probe 3839Hz	18	3.839	70.00	0.437
133.999	0.05	Adapter 3839Hz Probe 3839Hz	18	3.839	70.00	0.437
134.079	0.05	Adapter 3839Hz Probe 3839Hz	18	3.839	70.00	0.437
134.159	0.05	Adapter 3839Hz Probe 3839Hz	18	3.839	70.00	0.437
134.239	0.05	Adapter 3839Hz Probe 3839Hz	18	3.839	70.00	0.437
134.319	0.05	Adapter 3839Hz Probe 3839Hz	18	3.839	70.00	0.437
134.499	0.05	Adapter 3839Hz Probe 3839Hz	18	3.839	70.00	0.437
134.579	0.05	Adapter 3839Hz Probe 3839Hz	18	3.839	70.00	0.437
134.659	0.05	Adapter 3839Hz Probe 3839Hz	18	3.839	70.00	0.437
134.739	0.05	Adapter 3839Hz Probe 3839Hz	18	3.839	70.00	0.437
134.819	0.05	Adapter 3839Hz Probe 3839Hz	18	3.839	70.00	0.437
137.518	0.05	Adapter 3839Hz	19	3.839	70.00	0.437
137.598	0.05	Adapter 3839Hz	19	3.839	70.00	0.437
137.678	0.05	Adapter 3839Hz	19	3.839	70.00	0.437
137.758	0.05	Adapter 3839Hz	19	3.839	70.00	0.437
138.018	0.05	Adapter 3839Hz	19	3.839	70.00	0.437
138.098	0.05	Adapter 3839Hz	19	3.839	70.00	0.437
138.178	0.05	Adapter 3839Hz	19	3.839	70.00	0.437
138.258	0.05	Adapter 3839Hz	19	3.839	70.00	0.437
138.518	0.05	Adapter 3839Hz	19	3.839	70.00	0.437
138.598	0.05	Adapter 3839Hz	19	3.839	70.00	0.437
138.678	0.05	Adapter 3839Hz	19	3.839	70.00	0.437
138.758	0.05	Adapter 3839Hz	19	3.839	70.00	0.437
139.018	0.05	Adapter 3839Hz	19	3.839	70.00	0.437
139.098	0.05	Adapter 3839Hz	19	3.839	70.00	0.437
139.178	0.05	Adapter 3839Hz	19	3.839	70.00	0.437
139.258	0.05	Adapter 3839Hz	19	3.839	70.00	0.437
139.518	0.05	Adapter 3839Hz	19	3.839	70.00	0.437
139.598	0.05	Adapter 3839Hz	19	3.839	70.00	0.437
139.678	0.05	Adapter 3839Hz	19	3.839	70.00	0.437
139.758	0.05	Adapter 3839Hz	19	3.839	70.00	0.437
140.018	0.05	Adapter 3839Hz	19	3.839	70.00	0.437
140.098	0.05	Adapter 3839Hz	19	3.839	70.00	0.437
140.178	0.05	Adapter 3839Hz	19	3.839	70.00	0.437
140.258	0.05	Adapter 3839Hz	19	3.839	70.00	0.437
140.518	0.05	Adapter 3839Hz	19	3.839	70.00	0.437
140.598	0.05	Adapter 3839Hz	19	3.839	70.00	0.437
140.678	0.05	Adapter 3839Hz	19	3.839	70.00	0.437
140.758	0.05	Adapter 3839Hz	19	3.839	70.00	0.437
141.018	0.05	Adapter 3839Hz	19	3.839	70.00	0.437
141.098	0.05	Adapter 3839Hz	19	3.839	70.00	0.437
141.178	0.05	Adapter 3839Hz	19	3.839	70.00	0.437
141.258	0.05	Adapter 3839Hz	19	3.839	70.00	0.437
141.518	0.05	Adapter 3839Hz	19	3.839	70.00	0.437
141.598	0.05	Adapter 3839Hz	19	3.839	70.00	0.437
141.678	0.05	Adapter 3839Hz	19	3.839	70.00	0.437
141.758	0.05	Adapter 3839Hz	19	3.839	70.00	0.437
142.018	0.05	Adapter 3839Hz	19	3.839	70.00	0.437
142.098	0.05	Adapter 3839Hz	19	3.839	70.00	0.437
142.178	0.05	Adapter 3839Hz	19	3.839	70.00	0.437
142.258	0.05	Adapter 3839Hz	19	3.839	70.00	0.437
152.541	0.05	Adapter 507Hz Probe 3839Hz	21	0.507	70.00	0.079
152.621	0.05	Adapter 507Hz Probe 3839Hz	21	0.507	70.00	0.079
152.701	0.05	Adapter 507Hz Probe 3839Hz	21	0.507	70.00	0.079
152.781	0.05	Adapter 507Hz Probe 3839Hz	21	0.507	70.00	0.079
152.861	0.05	Adapter 507Hz Probe 3839Hz	21	3.839	70.00	0.437
153.041	0.05	Adapter 507Hz Probe 3839Hz	21	0.507	70.00	0.079
153.121	0.05	Adapter 507Hz Probe 3839Hz	21	0.507	70.00	0.079
153.201	0.05	Adapter 507Hz Probe 3839Hz	21	0.507	70.00	0.079
153.281	0.05	Adapter 507Hz Probe 3839Hz	21	0.507	70.00	0.079
153.361	0.05	Adapter 507Hz Probe 3839Hz	21	3.839	70.00	0.437
153.541	0.05	Adapter 507Hz Probe 3839Hz	21	0.507	70.00	0.079
153.621	0.05	Adapter 507Hz Probe 3839Hz	21	0.507	70.00	0.079
153.701	0.05	Adapter 507Hz Probe 3839Hz	21	0.507	70.00	0.079
153.781	0.05	Adapter 507Hz Probe 3839Hz	21	0.507	70.00	0.079
153.861	0.05	Adapter 507Hz Probe 3839Hz	21	3.839	70.00	0.437
154.041	0.05	Adapter 507Hz Probe 3839Hz	21	0.507	70.00	0.079
154.121	0.05	Adapter 507Hz Probe 3839Hz	21	0.507	70.00	0.079
154.201	0.05	Adapter 507Hz Probe 3839Hz	21	0.507	70.00	0.079
154.281	0.05	Adapter 507Hz Probe 3839Hz	21	0.507	70.00	0.079
154.361	0.05	Adapter 507Hz Probe 3839Hz	21	3.839	70.00	0.437
154.541	0.05	Adapter 507Hz Probe 3839Hz	21	0.507	70.00	0.079
154.621	0.05	Adapter 507Hz Probe 3839Hz	21	0.507	70.00	0.079
154.701	0.05	Adapter 507Hz Probe 3839Hz	21	0.507	70.00	0.079
154.781	0.05	Adapter 507Hz Probe 3839Hz	21	0.507	70.00	0.079
154.861	0.05	Adapter 507Hz Probe 3839Hz	21	3.839	70.00	0.437
155.041	0.05	Adapter 507Hz Probe 3839Hz	21	0.507	70.00	0.079
155.121	0.05	Adapter 507Hz Probe 3839Hz	21	0.507	70.00	0.079
155.201	0.05	Adapter 507Hz Probe 3839Hz	21	0.507	70.00	0.079
155.281	0.05	Adapter 507Hz Probe 3839Hz	21	0.507	70.00	0.079
155.361	0.05	Adapter 507Hz Probe 3839Hz	21	3.839	70.00	0.437
155.541	0.05	Adapter 507Hz Probe 3839Hz	21	0.507	70.00	0.079
155.621	0.05	Adapter 507Hz Probe 3839Hz	21	0.507	70.00	0.079
155.701	0.05	Adapter 507Hz Probe 3839Hz	21	0.507	70.00	0.079
155.781	0.05	Adapter 507Hz Probe 3839Hz	21	0.507	70.00	0.079
155.861	0.05	Adapter 507Hz Probe 3839Hz	21	3.839	70.00	0.437
156.041	0.05	Adapter 507Hz Probe 3839Hz	21	0.507	70.00	0.079
156.121	0.05	Adapter 507Hz Probe 3839Hz	21	0.507	70.00	0.079
156.201	0.05	Adapter 507Hz Probe 3839Hz	21	0.507	70.00	0.079
156.281	0.05	Adapter 507Hz Probe 3839Hz	21	0.507	70.00	0.079
156.361	0.05	Adapter 507Hz Probe 3839Hz	21	3.839	70.00	0.437
156.541	0.05	Adapter 507Hz Probe 3839Hz	21	0.507	70.00	0.079
156.621	0.05	Adapter 507Hz Probe 3839Hz	21	0.507	70.00	0.079
156.701	0.05	Adapter 507Hz Probe 3839Hz	21	0.507	70.00	0.079
156.781	0.05	Adapter 507Hz Probe 3839Hz	21	0.507	70.00	0.079
156.861	0.05	Adapter 507Hz Probe 3839Hz	21	3.839	70.00	0.437
157.041	0.05	Adapter 507Hz Probe 3839Hz	21	0.507	70.00	0.079
157.121	0.05	Adapter 507Hz Probe 3839Hz	21	0.507	70.00	0.079
157.201	0.05	Adapter 507Hz Probe 3839Hz	21	0.507	70.00	0.079
157.281	0.05	Adapter 507Hz Probe 3839Hz	21	0.507	70.00	0.079
157.361	0.05	Adapter 507Hz Probe 3839Hz	21	3.839	70.00	0.437
160.013	0.05	Adapter 507Hz	22	0.507	70.00	0.079
160.093	0.05	Adapter 507Hz	22	0.507	70.00	0.079
160.173	0.05	Adapter 507Hz	22	0.507	70.00	0.079
160.253	0.05	Adapter 507Hz	22	0.507	70.00	0.079
160.513	0.05	Adapter 507Hz	22	0.507	70.00	0.079
160.593	0.05	Adapter 507Hz	22	0.507	70.00	0.079
160.673	0.05	Adapter 507Hz	22	0.507	70.00	0.079
160.753	0.05	Adapter 507Hz	22	0.507	70.00	0.079
161.013	0.05	Adapter 507Hz	22	0.507	70.00	0.079
161.093	0.05	Adapter 507Hz	22	0.507	70.00	0.079
161.173	0.05	Adapter 507Hz	22	0.507	70.00	0.079
161.253	0.05	Adapter 507Hz	22	0.507	70.00	0.079
161.513	0.05	Adapter 507Hz	22	0.507	70.00	0.079
161.593	0.05	Adapter 507Hz	22	0.507	70.00	0.079
161.673	0.05	Adapter 507Hz	22	0.507	70.00	0.079
161.753	0.05	Adapter 507Hz	22	0.507	70.00	0.079
162.013	0.05	Adapter 507Hz	22	0.507	70.00	0.079
162.093	0.05	Adapter 507Hz	22	0.507	70.00	0.079
162.173	0.05	Adapter 507Hz	22	0.507	70.00	0.079
162.253	0.05	Adapter 507Hz	22	0.507	70.00	0.079
162.513	0.05	Adapter 507Hz	22	0.507	70.00	0.079
162.593	0.05	Adapter 507Hz	22	0.507	70.00	0.079
162.673	0.05	Adapter 507Hz	22	0.507	70.00	0.079
162.753	0.05	Adapter 507Hz	22	0.507	70.00	0.079
163.013	0.05	Adapter 507Hz	22	0.507	70.00	0.079
163.093	0.05	Adapter 507Hz	22	0.507	70.00	0.079
163.173	0.05	Adapter 507Hz	22	0.507	70.00	0.079
163.253	0.05	Adapter 507Hz	22	0.507	70.00	0.079
163.513	0.05	Adapter 507Hz	22	0.507	70.00	0.079
163.593	0.05	Adapter 507Hz	22	0.507	70.00	0.079
163.673	0.05	Adapter 507Hz	22	0.507	70.00	0.079
163.753	0.05	Adapter 507Hz	22	0.507	70.00	0.079
164.013	0.05	Adapter 507Hz	22	0.507	70.00	0.079
164.093	0.05	Adapter 507Hz	22	0.507	70.00	0.079
164.173	0.05	Adapter 507Hz	22	0.507	70.00	0.079
164.253	0.05	Adapter 507Hz	22	0.507	70.00	0.079
164.513	0.05	Adapter 507Hz	22	0.507	70.00	0.079
164.593	0.05	Adapter 507Hz	22	0.507	70.00	0.079
164.673	0.05	Adapter 507Hz	22	0.507	70.00	0.079
164.753	0.05	Adapter 507Hz	22	0.507	70.00	0.079
167.821	0.05	Probe 3839Hz	23	3.839	70.00	0.437
168.321	0.05	Probe 3839Hz	23	3.839	70.00	0.437
168.821	0.05	Probe 3839Hz	23	3.839	70.00	0.437
169.321	0.05	Probe 3839Hz	23	3.839	70.00	0.437
169.821	0.05	Probe 3839Hz	23	3.839	70.00	0.437
170.321	0.05	Probe 3839Hz	23	3.839	70.00	0.437
170.821	0.05	Probe 3839Hz	23	3.839	70.00	0.437
171.321	0.05	Probe 3839Hz	23	3.839	70.00	0.437
171.821	0.05	Probe 3839Hz	23	3.839	70.00	0.437
172.321	0.05	Probe 3839Hz	23	3.839	70.00	0.437
175.052	0.05	Adapter 899Hz	24	0.899	70.00	0.121
175.132	0.05	Adapter 899Hz	24	0.899	70.00	0.121
175.212	0.05	Adapter 899Hz	24	0.899	70.00	0.121
175.292	0.05	Adapter 899Hz	24	0.899	70.00	0.121
175.552	0.05	Adapter 899Hz	24	0.899	70.00	0.121
175.632	0.05	Adapter 899Hz	24	0.899	70.00	0.121
175.712	0.05	Adapter 899Hz	24	0.899	70.00	0.121
175.792	0.05	Adapter 899Hz	24	0.899	70.00	0.121
176.052	0.05	Adapter 899Hz	24	0.899	70.00	0.121
176.132	0.05	Adapter 899Hz	24	0.899	70.00	0.121
176.212	0.05	Adapter 899Hz	24	0.899	70.00	0.121
176.292	0.05	Adapter 899Hz	24	0.899	70.00	0.121
176.552	0.05	Adapter 899Hz	24	0.899	70.00	0.121
176.632	0.05	Adapter 899Hz	24	0.899	70.00	0.121
176.712	0.05	Adapter 899Hz	24	0.899	70.00	0.121
176.792	0.05	Adapter 899Hz	24	0.899	70.00	0.121
177.052	0.05	Adapter 899Hz	24	0.899	70.00	0.121
177.132	0.05	Adapter 899Hz	24	0.899	70.00	0.121
177.212	0.05	Adapter 899Hz	24	0.899	70.00	0.121
177.292	0.05	Adapter 899Hz	24	0.899	70.00	0.121
177.552	0.05	Adapter 899Hz	24	0.899	70.00	0.121
177.632	0.05	Adapter 899Hz	24	0.899	70.00	0.121
177.712	0.05	Adapter 899Hz	24	0.899	70.00	0.121
177.792	0.05	Adapter 899Hz	24	0.899	70.00	0.121
178.052	0.05	Adapter 899Hz	24	0.899	70.00	0.121
178.132	0.05	Adapter 899Hz	24	0.899	70.00	0.121
178.212	0.05	Adapter 899Hz	24	0.899	70.00	0.121
178.292	0.05	Adapter 899Hz	24	0.899	70.00	0.121
178.552	0.05	Adapter 899Hz	24	0.899	70.00	0.121
178.632	0.05	Adapter 899Hz	24	0.899	70.00	0.121
178.712	0.05	Adapter 899Hz	24	0.899	70.00	0.121
178.792	0.05	Adapter 899Hz	24	0.899	70.00	0.121
179.052	0.05	Adapter 899Hz	24	0.899	70.00	0.121
179.132	0.05	Adapter 899Hz	24	0.899	70.00	0.121
179.212	0.05	Adapter 899Hz	24	0.899	70.00	0.121
179.292	0.05	Adapter 899Hz	24	0.899	70.00	0.121
179.552	0.05	Adapter 899Hz	24	0.899	70.00	0.121
179.632	0.05	Adapter 899Hz	24	0.899	70.00	0.121
179.712	0.05	Adapter 899Hz	24	0.899	70.00	0.121
179.792	0.05	Adapter 899Hz	24	0.899	70.00	0.121
190.059	0.05	Adapter 251Hz	26	0.251	70.00	0.052
190.139	0.05	Adapter 251Hz	26	0.251	70.00	0.052
190.219	0.05	Adapter 251Hz	26	0.251	70.00	0.052
190.299	0.05	Adapter 251Hz	26	0.251	70.00	0.052
190.559	0.05	Adapter 251Hz	26	0.251	70.00	0.052
190.639	0.05	Adapter 251Hz	26	0.251	70.00	0.052
190.719	0.05	Adapter 251Hz	26	0.251	70.00	0.052
190.799	0.05	Adapter 251Hz	26	0.251	70.00	0.052
191.059	0.05	Adapter 251Hz	26	0.251	70.00	0.052
191.139	0.05	Adapter 251Hz	26	0.251	70.00	0.052
191.219	0.05	Adapter 251Hz	26	0.251	70.00	0.052
191.299	0.05	Adapter 251Hz	26	0.251	70.00	0.052
191.559	0.05	Adapter 251Hz	26	0.251	70.00	0.052
191.639	0.05	Adapter 251Hz	26	0.251	70.00	0.052
191.719	0.05	Adapter 251Hz	26	0.251	70.00	0.052
191.799	0.05	Adapter 251Hz	26	0.251	70.00	0.052
192.059	0.05	Adapter 251Hz	26	0.251	70.00	0.052
192.139	0.05	Adapter 251Hz	26	0.251	70.00	0.052
192.219	0.05	Adapter 251Hz	26	0.251	70.00	0.052
192.299	0.05	Adapter 251Hz	26	0.251	70.00	0.052
192.559	0.05	Adapter 251Hz	26	0.251	70.00	0.052
192.639	0.05	Adapter 251Hz	26	0.251	70.00	0.052
192.719	0.05	Adapter 251Hz	26	0.251	70.00	0.052
192.799	0.05	Adapter 251Hz	26	0.251	70.00	0.052
193.059	0.05	Adapter 251Hz	26	0.251	70.00	0.052
193.139	0.05	Adapter 251Hz	26	0.251	70.00	0.052
193.219	0.05	Adapter 251Hz	26	0.251	70.00	0.052
193.299	0.05	Adapter 251Hz	26	0.251	70.00	0.052
193.559	0.05	Adapter 251Hz	26	0.251	70.00	0.052
193.639	0.05	Adapter 251Hz	26	0.251	70.00	0.052
193.719	0.05	Adapter 251Hz	26	0.251	70.00	0.052
193.799	0.05	Adapter 251Hz	26	0.251	70.00	0.052
194.059	0.05	Adapter 251Hz	26	0.251	70.00	0.052
194.139	0.05	Adapter 251Hz	26	0.251	70.00	0.052
194.219	0.05	Adapter 251Hz	26	0.251	70.00	0.052
194.299	0.05	Adapter 251Hz	26	0.251	70.00	0.052
194.559	0.05	Adapter 251Hz	26	0.251	70.00	0.052
194.639	0.05	Adapter 251Hz	26	0.251	70.00	0.052
194.719	0.05	Adapter 251Hz	26	0.251	70.00	0.052
194.799	0.05	Adapter 251Hz	26	0.251	70.00	0.052
197.531	0.05	Adapter 2423Hz Probe 3839Hz	27	2.423	70.00	0.285
197.611	0.05	Adapter 2423Hz Probe 3839Hz	27	2.423	70.00	0.285
197.691	0.05	Adapter 2423Hz Probe 3839Hz	27	2.423	70.00	0.285
197.771	0.05	Adapter 2423Hz Probe 3839Hz	27	2.423	70.00	0.285
197.851	0.05	Adapter 2423Hz Probe 3839Hz	27	3.839	70.00	0.437
198.031	0.05	Adapter 2423Hz Probe 3839Hz	27	2.423	70.00	0.285
198.111	0.05	Adapter 2423Hz Probe 3839Hz	27	2.423	70.00	0.285
198.191	0.05	Adapter 2423Hz Probe 3839Hz	27	2.423	70.00	0.285
198.271	0.05	Adapter 2423Hz Probe 3839Hz	27	2.423	70.00	0.285
198.351	0.05	Adapter 2423Hz Probe 3839Hz	27	3.839	70.00	0.437
198.531	0.05	Adapter 2423Hz Probe 3839Hz	27	2.423	70.00	0.285
198.611	0.05	Adapter 2423Hz Probe 3839Hz	27	2.423	70.00	0.285
198.691	0.05	Adapter 2423Hz Probe 3839Hz	27	2.423	70.00	0.285
198.771	0.05	Adapter 2423Hz Probe 3839Hz	27	2.423	70.00	0.285
198.851	0.05	Adapter 2423Hz Probe 3839Hz	27	3.839	70.00	0.437
199.031	0.05	Adapter 2423Hz Probe 3839Hz	27	2.423	70.00	0.285
199.111	0.05	Adapter 2423Hz Probe 3839Hz	27	2.423	70.00	0.285
199.191	0.05	Adapter 2423Hz Probe 3839Hz	27	2.423	70.00	0.285
199.271	0.05	Adapter 2423Hz Probe 3839Hz	27	2.423	70.00	0.285
199.351	0.05	Adapter 2423Hz Probe 3839Hz	27	3.839	70.00	0.437
199.531	0.05	Adapter 2423Hz Probe 3839Hz	27	2.423	70.00	0.285
199.611	0.05	Adapter 2423Hz Probe 3839Hz	27	2.423	70.00	0.285
199.691	0.05	Adapter 2423Hz Probe 3839Hz	27	2.423	70.00	0.285
199.771	0.05	Adapter 2423Hz Probe 3839Hz	27	2.423	70.00	0.285
199.851	0.05	Adapter 2423Hz Probe 3839Hz	27	3.839	70.00	0.437
200.031	0.05	Adapter 2423Hz Probe 3839Hz	27	2.423	70.00	0.285
200.111	0.05	Adapter 2423Hz Probe 3839Hz	27	2.423	70.00	0.285
200.191	0.05	Adapter 2423Hz Probe 3839Hz	27	2.423	70.00	0.285
200.271	0.05	Adapter 2423Hz Probe 3839Hz	27	2.423	70.00	0.285
200.351	0.05	Adapter 2423Hz Probe 3839Hz	27	3.839	70.00	0.437
200.531	0.05	Adapter 2423Hz Probe 3839Hz	27	2.423	70.00	0.285
200.611	0.05	Adapter 2423Hz Probe 3839Hz	27	2.423	70.00	0.285
200.691	0.05	Adapter 2423Hz Probe 3839Hz	27	2.423	70.00	0.285
200.771	0.05	Adapter 2423Hz Probe 3839Hz	27	2.423	70.00	0.285
200.851	0.05	Adapter 2423Hz Probe 3839Hz	27	3.839	70.00	0.437
201.031	0.05	Adapter 2423Hz Probe 3839Hz	27	2.423	70.00	0.285
201.111	0.05	Adapter 2423Hz Probe 3839Hz	27	2.423	70.00	0.285
201.191	0.05	Adapter 2423Hz Probe 3839Hz	27	2.423	70.00	0.285
201.271	0.05	Adapter 2423Hz Probe 3839Hz	27	2.423	70.00	0.285
201.351	0.05	Adapter 2423Hz Probe 3839Hz	27	3.839	70.00	0.437
201.531	0.05	Adapter 2423Hz Probe 3839Hz	27	2.423	70.00	0.285
201.611	0.05	Adapter 2423Hz Probe 3839Hz	27	2.423	70.00	0.285
201.691	0.05	Adapter 2423Hz Probe 3839Hz	27	2.423	70.00	0.285
201.771	0.05	Adapter 2423Hz Probe 3839Hz	27	2.423	70.00	0.285
201.851	0.05	Adapter 2423Hz Probe 3839Hz	27	3.839	70.00	0.437
202.031	0.05	Adapter 2423Hz Probe 3839Hz	27	2.423	70.00	0.285
202.111	0.05	Adapter 2423Hz Probe 3839Hz	27	2.423	70.00	0.285
202.191	0.05	Adapter 2423Hz Probe 3839Hz	27	2.423	70.00	0.285
202.271	0.05	Adapter 2423Hz Probe 3839Hz	27	2.423	70.00	0.285
202.351	0.05	Adapter 2423Hz Probe 3839Hz	27	3.839	70.00	0.437
212.523	0.05	Adapter 1501Hz	29	1.501	70.00	0.186
212.603	0.05	Adapter 1501Hz	29	1.501	70.00	0.186
212.683	0.05	Adapter 1501Hz	29	1.501	70.00	0.186
212.763	0.05	Adapter 1501Hz	29	1.501	70.00	0.186
213.023	0.05	Adapter 1501Hz	29	1.501	70.00	0.186
213.103	0.05	Adapter 1501Hz	29	1.501	70.00	0.186
213.183	0.05	Adapter 1501Hz	29	1.501	70.00	0.186
213.263	0.05	Adapter 1501Hz	29	1.501	70.00	0.186
213.523	0.05	Adapter 1501Hz	29	1.501	70.00	0.186
213.603	0.05	Adapter 1501Hz	29	1.501	70.00	0.186
213.683	0.05	Adapter 1501Hz	29	1.501	70.00	0.186
213.763	0.05	Adapter 1501Hz	29	1.501	70.00	0.186
214.023	0.05	Adapter 1501Hz	29	1.501	70.00	0.186
214.103	0.05	Adapter 1501Hz	29	1.501	70.00	0.186
214.183	0.05	Adapter 1501Hz	29	1.501	70.00	0.186
214.263	0.05	Adapter 1501Hz	29	1.501	70.00	0.186
214.523	0.05	Adapter 1501Hz	29	1.501	70.00	0.186
214.603	0.05	Adapter 1501Hz	29	1.501	70.00	0.186
214.683	0.05	Adapter 1501Hz	29	1.501	70.00	0.186
214.763	0.05	Adapter 1501Hz	29	1.501	70.00	0.186
215.023	0.05	Adapter 1501Hz	29	1.501	70.00	0.186
215.103	0.05	Adapter 1501Hz	29	1.501	70.00	0.186
215.183	0.05	Adapter 1501Hz	29	1.501	70.00	0.186
215.263	0.05	Adapter 1501Hz	29	1.501	70.00	0.186
215.523	0.05	Adapter 1501Hz	29	1.501	70.00	0.186
215.603	0.05	Adapter 1501Hz	29	1.501	70.00	0.186
215.683	0.05	Adapter 1501Hz	29	1.501	70.00	0.186
215.763	0.05	Adapter 1501Hz	29	1.501	70.00	0.186
216.023	0.05	Adapter 1501Hz	29	1.501	70.00	0.186
216.103	0.05	Adapter 1501Hz	29	1.501	70.00	0.186
216.183	0.05	Adapter 1501Hz	29	1.501	70.00	0.186
216.263	0.05	Adapter 1501Hz	29	1.501	70.00	0.186
216.523	0.05	Adapter 1501Hz	29	1.501	70.00	0.186
216.603	0.05	Adapter 1501Hz	29	1.501	70.00	0.186
216.683	0.05	Adapter 1501Hz	29	1.501	70.00	0.186
216.763	0.05	Adapter 1501Hz	29	1.501	70.00	0.186
217.023	0.05	Adapter 1501Hz	29	1.501	70.00	0.186
217.103	0.05	Adapter 1501Hz	29	1.501	70.00	0.186
217.183	0.05	Adapter 1501Hz	29	1.501	70.00	0.186
217.263	0.05	Adapter 1501Hz	29	1.501	70.00	0.186
220.027	0.05	Adapter 2423Hz	30	2.423	70.00	0.285
220.107	0.05	Adapter 2423Hz	30	2.423	70.00	0.285
220.187	0.05	Adapter 2423Hz	30	2.423	70.00	0.285
220.267	0.05	Adapter 2423Hz	30	2.423	70.00	0.285
220.527	0.05	Adapter 2423Hz	30	2.423	70.00	0.285
220.607	0.05	Adapter 2423Hz	30	2.423	70.00	0.285
220.687	0.05	Adapter 2423Hz	30	2.423	70.00	0.285
220.767	0.05	Adapter 2423Hz	30	2.423	70.00	0.285
221.027	0.05	Adapter 2423Hz	30	2.423	70.00	0.285
221.107	0.05	Adapter 2423Hz	30	2.423	70.00	0.285
221.187	0.05	Adapter 2423Hz	30	2.423	70.00	0.285
221.267	0.05	Adapter 2423Hz	30	2.423	70.00	0.285
221.527	0.05	Adapter 2423Hz	30	2.423	70.00	0.285
221.607	0.05	Adapter 2423Hz	30	2.423	70.00	0.285
221.687	0.05	Adapter 2423Hz	30	2.423	70.00	0.285
221.767	0.05	Adapter 2423Hz	30	2.423	70.00	0.285
222.027	0.05	Adapter 2423Hz	30	2.423	70.00	0.285
222.107	0.05	Adapter 2423Hz	30	2.423	70.00	0.285
222.187	0.05	Adapter 2423Hz	30	2.423	70.00	0.285
222.267	0.05	Adapter 2423Hz	30	2.423	70.00	0.285
222.527	0.05	Adapter 2423Hz	30	2.423	70.00	0.285
222.607	0.05	Adapter 2423Hz	30	2.423	70.00	0.285
222.687	0.05	Adapter 2423Hz	30	2.423	70.00	0.285
222.767	0.05	Adapter 2423Hz	30	2.423	70.00	0.285
223.027	0.05	Adapter 2423Hz	30	2.423	70.00	0.285
223.107	0.05	Adapter 2423Hz	30	2.423	70.00	0.285
223.187	0.05	Adapter 2423Hz	30	2.423	70.00	0.285
223.267	0.05	Adapter 2423Hz	30	2.423	70.00	0.285
223.527	0.05	Adapter 2423Hz	30	2.423	70.00	0.285
223.607	0.05	Adapter 2423Hz	30	2.423	70.00	0.285
223.687	0.05	Adapter 2423Hz	30	2.423	70.00	0.285
223.767	0.05	Adapter 2423Hz	30	2.423	70.00	0.285
224.027	0.05	Adapter 2423Hz	30	2.423	70.00	0.285
224.107	0.05	Adapter 2423Hz	30	2.423	70.00	0.285
224.187	0.05	Adapter 2423Hz	30	2.423	70.00	0.285
224.267	0.05	Adapter 2423Hz	30	2.423	70.00	0.285
224.527	0.05	Adapter 2423Hz	30	2.423	70.00	0.285
224.607	0.05	Adapter 2423Hz	30	2.423	70.00	0.285
224.687	0.05	Adapter 2423Hz	30	2.423	70.00	0.285
224.767	0.05	Adapter 2423Hz	30	2.423	70.00	0.285
227.546	0.05	Adapter 1501Hz Probe 3839Hz	31	1.501	70.00	0.186
227.626	0.05	Adapter 1501Hz Probe 3839Hz	31	1.501	70.00	0.186
227.706	0.05	Adapter 1501Hz Probe 3839Hz	31	1.501	70.00	0.186
227.786	0.05	Adapter 1501Hz Probe 3839Hz	31	1.501	70.00	0.186
227.866	0.05	Adapter 1501Hz Probe 3839Hz	31	3.839	70.00	0.437
228.046	0.05	Adapter 1501Hz Probe 3839Hz	31	1.501	70.00	0.186
228.126	0.05	Adapter 1501Hz Probe 3839Hz	31	1.501	70.00	0.186
228.206	0.05	Adapter 1501Hz Probe 3839Hz	31	1.501	70.00	0.186
228.286	0.05	Adapter 1501Hz Probe 3839Hz	31	1.501	70.00	0.186
228.366	0.05	Adapter 1501Hz Probe 3839Hz	31	3.839	70.00	0.437
228.546	0.05	Adapter 1501Hz Probe 3839Hz	31	1.501	70.00	0.186
228.626	0.05	Adapter 1501Hz Probe 3839Hz	31	1.501	70.00	0.186
228.706	0.05	Adapter 1501Hz Probe 3839Hz	31	1.501	70.00	0.186
228.786	0.05	Adapter 1501Hz Probe 3839Hz	31	1.501	70.00	0.186
228.866	0.05	Adapter 1501Hz Probe 3839Hz	31	3.839	70.00	0.437
229.046	0.05	Adapter 1501Hz Probe 3839Hz	31	1.501	70.00	0.186
229.126	0.05	Adapter 1501Hz Probe 3839Hz	31	1.501	70.00	0.186
229.206	0.05	Adapter 1501Hz Probe 3839Hz	31	1.501	70.00	0.186
229.286	0.05	Adapter 1501Hz Probe 3839Hz	31	1.501	70.00	0.186
229.366	0.05	Adapter 1501Hz Probe 3839Hz	31	3.839	70.00	0.437
229.546	0.05	Adapter 1501Hz Probe 3839Hz	31	1.501	70.00	0.186
229.626	0.05	Adapter 1501Hz Probe 3839Hz	31	1.501	70.00	0.186
229.706	0.05	Adapter 1501Hz Probe 3839Hz	31	1.501	70.00	0.186
229.786	0.05	Adapter 1501Hz Probe 3839Hz	31	1.501	70.00	0.186
229.866	0.05	Adapter 1501Hz Probe 3839Hz	31	3.839	70.00	0.437
230.046	0.05	Adapter 1501Hz Probe 3839Hz	31	1.501	70.00	0.186
230.126	0.05	Adapter 1501Hz Probe 3839Hz	31	1.501	70.00	0.186
230.206	0.05	Adapter 1501Hz Probe 3839Hz	31	1.501	70.00	0.186
230.286	0.05	Adapter 1501Hz Probe 3839Hz	31	1.501	70.00	0.186
230.366	0.05	Adapter 1501Hz Probe 3839Hz	31	3.839	70.00	0.437
230.546	0.05	Adapter 1501Hz Probe 3839Hz	31	1.501	70.00	0.186
230.626	0.05	Adapter 1501Hz Probe 3839Hz	31	1.501	70.00	0.186
230.706	0.05	Adapter 1501Hz Probe 3839Hz	31	1.501	70.00	0.186
230.786	0.05	Adapter 1501Hz Probe 3839Hz	31	1.501	70.00	0.186
230.866	0.05	Adapter 1501Hz Probe 3839Hz	31	3.839	70.00	0.437
231.046	0.05	Adapter 1501Hz Probe 3839Hz	31	1.501	70.00	0.186
231.126	0.05	Adapter 1501Hz Probe 3839Hz	31	1.501	70.00	0.186
231.206	0.05	Adapter 1501Hz Probe 3839Hz	31	1.501	70.00	0.186
231.286	0.05	Adapter 1501Hz Probe 3839Hz	31	1.501	70.00	0.186
231.366	0.05	Adapter 1501Hz Probe 3839Hz	31	3.839	70.00	0.437
231.546	0.05	Adapter 1501Hz Probe 3839Hz	31	1.501	70.00	0.186
231.626	0.05	Adapter 1501Hz Probe 3839Hz	31	1.501	70.00	0.186
231.706	0.05	Adapter 1501Hz Probe 3839Hz	31	1.501	70.00	0.186
231.786	0.05	Adapter 1501Hz Probe 3839Hz	31	1.501	70.00	0.186
231.866	0.05	Adapter 1501Hz Probe 3839Hz	31	3.839	70.00	0.437
232.046	0.05	Adapter 1501Hz Probe 3839Hz	31	1.501	70.00	0.186
232.126	0.05	Adapter 1501Hz Probe 3839Hz	31	1.501	70.00	0.186
232.206	0.05	Adapter 1501Hz Probe 3839Hz	31	1.501	70.00	0.186
232.286	0.05	Adapter 1501Hz Probe 3839Hz	31	1.501	70.00	0.186
232.366	0.05	Adapter 1501Hz Probe 3839Hz	31	3.839	70.00	0.437
235.018	0.05	Adapter 899Hz Probe 3839Hz	32	0.899	70.00	0.121
235.098	0.05	Adapter 899Hz Probe 3839Hz	32	0.899	70.00	0.121
235.178	0.05	Adapter 899Hz Probe 3839Hz	32	0.899	70.00	0.121
235.258	0.05	Adapter 899Hz Probe 3839Hz	32	0.899	70.00	0.121
235.338	0.05	Adapter 899Hz Probe 3839Hz	32	3.839	70.00	0.437
235.518	0.05	Adapter 899Hz Probe 3839Hz	32	0.899	70.00	0.121
235.598	0.05	Adapter 899Hz Probe 3839Hz	32	0.899	70.00	0.121
235.678	0.05	Adapter 899Hz Probe 3839Hz	32	0.899	70.00	0.121
235.758	0.05	Adapter 899Hz Probe 3839Hz	32	0.899	70.00	0.121
235.838	0.05	Adapter 899Hz Probe 3839Hz	32	3.839	70.00	0.437
236.018	0.05	Adapter 899Hz Probe 3839Hz	32	0.899	70.00	0.121
236.098	0.05	Adapter 899Hz Probe 3839Hz	32	0.899	70.00	0.121
236.178	0.05	Adapter 899Hz Probe 3839Hz	32	0.899	70.00	0.121
236.258	0.05	Adapter 899Hz Probe 3839Hz	32	0.899	70.00	0.121
236.338	0.05	Adapter 899Hz Probe 3839Hz	32	3.839	70.00	0.437
236.518	0.05	Adapter 899Hz Probe 3839Hz	32	0.899	70.00	0.121
236.598	0.05	Adapter 899Hz Probe 3839Hz	32	0.899	70.00	0.121
236.678	0.05	Adapter 899Hz Probe 3839Hz	32	0.899	70.00	0.121
236.758	0.05	Adapter 899Hz Probe 3839Hz	32	0.899	70.00	0.121
236.838	0.05	Adapter 899Hz Probe 3839Hz	32	3.839	70.00	0.437
237.018	0.05	Adapter 899Hz Probe 3839Hz	32	0.899	70.00	0.121
237.098	0.05	Adapter 899Hz Probe 3839Hz	32	0.899	70.00	0.121
237.178	0.05	Adapter 899Hz Probe 3839Hz	32	0.899	70.00	0.121
237.258	0.05	Adapter 899Hz Probe 3839Hz	32	0.899	70.00	0.121
237.338	0.05	Adapter 899Hz Probe 3839Hz	32	3.839	70.00	0.437
237.518	0.05	Adapter 899Hz Probe 3839Hz	32	0.899	70.00	0.121
237.598	0.05	Adapter 899Hz Probe 3839Hz	32	0.899	70.00	0.121
237.678	0.05	Adapter 899Hz Probe 3839Hz	32	0.899	70.00	0.121
237.758	0.05	Adapter 899Hz Probe 3839Hz	32	0.899	70.00	0.121
237.838	0.05	Adapter 899Hz Probe 3839Hz	32	3.839	70.00	0.437
238.018	0.05	Adapter 899Hz Probe 3839Hz	32	0.899	70.00	0.121
238.098	0.05	Adapter 899Hz Probe 3839Hz	32	0.899	70.00	0.121
238.178	0.05	Adapter 899Hz Probe 3839Hz	32	0.899	70.00	0.121
238.258	0.05	Adapter 899Hz Probe 3839Hz	32	0.899	70.00	0.121
238.338	0.05	Adapter 899Hz Probe 3839Hz	32	3.839	70.00	0.437
238.518	0.05	Adapter 899Hz Probe 3839Hz	32	0.899	70.00	0.121
238.598	0.05	Adapter 899Hz Probe 3839Hz	32	0.899	70.00	0.121
238.678	0.05	Adapter 899Hz Probe 3839Hz	32	0.899	70.00	0.121
238.758	0.05	Adapter 899Hz Probe 3839Hz	32	0.899	70.00	0.121
238.838	0.05	Adapter 899Hz Probe 3839Hz	32	3.839	70.00	0.437
239.018	0.05	Adapter 899Hz Probe 3839Hz	32	0.899	70.00	0.121
239.098	0.05	Adapter 899Hz Probe 3839Hz	32	0.899	70.00	0.121
239.178	0.05	Adapter 899Hz Probe 3839Hz	32	0.899	70.00	0.121
239.258	0.05	Adapter 899Hz Probe 3839Hz	32	0.899	70.00	0.121
239.338	0.05	Adapter 899Hz Probe 3839Hz	32	3.839	70.00	0.437
239.518	0.05	Adapter 899Hz Probe 3839Hz	32	0.899	70.00	0.121
239.598	0.05	Adapter 899Hz Probe 3839Hz	32	0.899	70.00	0.121
239.678	0.05	Adapter 899Hz Probe 3839Hz	32	0.899	70.00	0.121
239.758	0.05	Adapter 899Hz Probe 3839Hz	32	0.899	70.00	0.121
239.838	0.05	Adapter 899Hz Probe 3839Hz	32	3.839	70.00	0.437
242.522	0.05	Adapter 6009Hz	33	6.009	70.00	0.671
242.602	0.05	Adapter 6009Hz	33	6.009	70.00	0.671
242.682	0.05	Adapter 6009Hz	33	6.009	70.00	0.671
242.762	0.05	Adapter 6009Hz	33	6.009	70.00	0.671
243.022	0.05	Adapter 6009Hz	33	6.009	70.00	0.671
243.102	0.05	Adapter 6009Hz	33	6.009	70.00	0.671
243.182	0.05	Adapter 6009Hz	33	6.009	70.00	0.671
243.262	0.05	Adapter 6009Hz	33	6.009	70.00	0.671
243.522	0.05	Adapter 6009Hz	33	6.009	70.00	0.671
243.602	0.05	Adapter 6009Hz	33	6.009	70.00	0.671
243.682	0.05	Adapter 6009Hz	33	6.009	70.00	0.671
243.762	0.05	Adapter 6009Hz	33	6.009	70.00	0.671
244.022	0.05	Adapter 6009Hz	33	6.009	70.00	0.671
244.102	0.05	Adapter 6009Hz	33	6.009	70.00	0.671
244.182	0.05	Adapter 6009Hz	33	6.009	70.00	0.671
244.262	0.05	Adapter 6009Hz	33	6.009	70.00	0.671
244.522	0.05	Adapter 6009Hz	33	6.009	70.00	0.671
244.602	0.05	Adapter 6009Hz	33	6.009	70.00	0.671
244.682	0.05	Adapter 6009Hz	33	6.009	70.00	0.671
244.762	0.05	Adapter 6009Hz	33	6.009	70.00	0.671
245.022	0.05	Adapter 6009Hz	33	6.009	70.00	0.671
245.102	0.05	Adapter 6009Hz	33	6.009	70.00	0.671
245.182	0.05	Adapter 6009Hz	33	6.009	70.00	0.671
245.262	0.05	Adapter 6009Hz	33	6.009	70.00	0.671
245.522	0.05	Adapter 6009Hz	33	6.009	70.00	0.671
245.602	0.05	Adapter 6009Hz	33	6.009	70.00	0.671
245.682	0.05	Adapter 6009Hz	33	6.009	70.00	0.671
245.762	0.05	Adapter 6009Hz	33	6.009	70.00	0.671
246.022	0.05	Adapter 6009Hz	33	6.009	70.00	0.671
246.102	0.05	Adapter 6009Hz	33	6.009	70.00	0.671
246.182	0.05	Adapter 6009Hz	33	6.009	70.00	0.671
246.262	0.05	Adapter 6009Hz	33	6.009	70.00	0.671
246.522	0.05	Adapter 6009Hz	33	6.009	70.00	0.671
246.602	0.05	Adapter 6009Hz	33	6.009	70.00	0.671
246.682	0.05	Adapter 6009Hz	33	6.009	70.00	0.671
246.762	0.05	Adapter 6009Hz	33	6.009	70.00	0.671
247.022	0.05	Adapter 6009Hz	33	6.009	70.00	0.671
247.102	0.05	Adapter 6009Hz	33	6.009	70.00	0.671
247.182	0.05	Adapter 6009Hz	33	6.009	70.00	0.671
247.262	0.05	Adapter 6009Hz	33	6.009	70.00	0.671
250.025	0.05	Adapter 2423Hz	34	2.423	70.00	0.285
250.105	0.05	Adapter 2423Hz	34	2.423	70.00	0.285
250.185	0.05	Adapter 2423Hz	34	2.423	70.00	0.285
250.265	0.05	Adapter 2423Hz	34	2.423	70.00	0.285
250.525	0.05	Adapter 2423Hz	34	2.423	70.00	0.285
250.605	0.05	Adapter 2423Hz	34	2.423	70.00	0.285
250.685	0.05	Adapter 2423Hz	34	2.423	70.00	0.285
250.765	0.05	Adapter 2423Hz	34	2.423	70.00	0.285
251.025	0.05	Adapter 2423Hz	34	2.423	70.00	0.285
251.105	0.05	Adapter 2423Hz	34	2.423	70.00	0.285
251.185	0.05	Adapter 2423Hz	34	2.423	70.00	0.285
251.265	0.05	Adapter 2423Hz	34	2.423	70.00	0.285
251.525	0.05	Adapter 2423Hz	34	2.423	70.00	0.285
251.605	0.05	Adapter 2423Hz	34	2.423	70.00	0.285
251.685	0.05	Adapter 2423Hz	34	2.423	70.00	0.285
251.765	0.05	Adapter 2423Hz	34	2.423	70.00	0.285
252.025	0.05	Adapter 2423Hz	34	2.423	70.00	0.285
252.105	0.05	Adapter 2423Hz	34	2.423	70.00	0.285
252.185	0.05	Adapter 2423Hz	34	2.423	70.00	0.285
252.265	0.05	Adapter 2423Hz	34	2.423	70.00	0.285
252.525	0.05	Adapter 2423Hz	34	2.423	70.00	0.285
252.605	0.05	Adapter 2423Hz	34	2.423	70.00	0.285
252.685	0.05	Adapter 2423Hz	34	2.423	70.00	0.285
252.765	0.05	Adapter 2423Hz	34	2.423	70.00	0.285
253.025	0.05	Adapter 2423Hz	34	2.423	70.00	0.285
253.105	0.05	Adapter 2423Hz	34	2.423	70.00	0.285
253.185	0.05	Adapter 2423Hz	34	2.423	70.00	0.285
253.265	0.05	Adapter 2423Hz	34	2.423	70.00	0.285
253.525	0.05	Adapter 2423Hz	34	2.423	70.00	0.285
253.605	0.05	Adapter 2423Hz	34	2.423	70.00	0.285
253.685	0.05	Adapter 2423Hz	34	2.423	70.00	0.285
253.765	0.05	Adapter 2423Hz	34	2.423	70.00	0.285
254.025	0.05	Adapter 2423Hz	34	2.423	70.00	0.285
254.105	0.05	Adapter 2423Hz	34	2.423	70.00	0.285
254.185	0.05	Adapter 2423Hz	34	2.423	70.00	0.285
254.265	0.05	Adapter 2423Hz	34	2.423	70.00	0.285
254.525	0.05	Adapter 2423Hz	34	2.423	70.00	0.285
254.605	0.05	Adapter 2423Hz	34	2.423	70.00	0.285
254.685	0.05	Adapter 2423Hz	34	2.423	70.00	0.285
254.765	0.05	Adapter 2423Hz	34	2.423	70.00	0.285
257.513	0.05	Adapter 1501Hz	35	1.501	70.00	0.186
257.593	0.05	Adapter 1501Hz	35	1.501	70.00	0.186
257.673	0.05	Adapter 1501Hz	35	1.501	70.00	0.186
257.753	0.05	Adapter 1501Hz	35	1.501	70.00	0.186
258.013	0.05	Adapter 1501Hz	35	1.501	70.00	0.186
258.093	0.05	Adapter 1501Hz	35	1.501	70.00	0.186
258.173	0.05	Adapter 1501Hz	35	1.501	70.00	0.186
258.253	0.05	Adapter 1501Hz	35	1.501	70.00	0.186
258.513	0.05	Adapter 1501Hz	35	1.501	70.00	0.186
258.593	0.05	Adapter 1501Hz	35	1.501	70.00	0.186
258.673	0.05	Adapter 1501Hz	35	1.501	70.00	0.186
258.753	0.05	Adapter 1501Hz	35	1.501	70.00	0.186
259.013	0.05	Adapter 1501Hz	35	1.501	70.00	0.186
259.093	0.05	Adapter 1501Hz	35	1.501	70.00	0.186
259.173	0.05	Adapter 1501Hz	35	1.501	70.00	0.186
259.253	0.05	Adapter 1501Hz	35	1.501	70.00	0.186
259.513	0.05	Adapter 1501Hz	35	1.501	70.00	0.186
259.593	0.05	Adapter 1501Hz	35	1.501	70.00	0.186
259.673	0.05	Adapter 1501Hz	35	1.501	70.00	0.186
259.753	0.05	Adapter 1501Hz	35	1.501	70.00	0.186
260.013	0.05	Adapter 1501Hz	35	1.501	70.00	0.186
260.093	0.05	Adapter 1501Hz	35	1.501	70.00	0.186
260.173	0.05	Adapter 1501Hz	35	1.501	70.00	0.186
260.253	0.05	Adapter 1501Hz	35	1.501	70.00	0.186
260.513	0.05	Adapter 1501Hz	35	1.501	70.00	0.186
260.593	0.05	Adapter 1501Hz	35	1.501	70.00	0.186
260.673	0.05	Adapter 1501Hz	35	1.501	70.00	0.186
260.753	0.05	Adapter 1501Hz	35	1.501	70.00	0.186
261.013	0.05	Adapter 1501Hz	35	1.501	70.00	0.186
261.093	0.05	Adapter 1501Hz	35	1.501	70.00	0.186
261.173	0.05	Adapter 1501Hz	35	1.501	70.00	0.186
261.253	0.05	Adapter 1501Hz	35	1.501	70.00	0.186
261.513	0.05	Adapter 1501Hz	35	1.501	70.00	0.186
261.593	0.05	Adapter 1501Hz	35	1.501	70.00	0.186
261.673	0.05	Adapter 1501Hz	35	1.501	70.00	0.186
261.753	0.05	Adapter 1501Hz	35	1.501	70.00	0.186
262.013	0.05	Adapter 1501Hz	35	1.501	70.00	0.186
262.093	0.05	Adapter 1501Hz	35	1.501	70.00	0.186
262.173	0.05	Adapter 1501Hz	35	1.501	70.00	0.186
262.253	0.05	Adapter 1501Hz	35	1.501	70.00	0.186
265.017	0.05	Adapter 1501Hz Probe 3839Hz	36	1.501	70.00	0.186
265.097	0.05	Adapter 1501Hz Probe 3839Hz	36	1.501	70.00	0.186
265.177	0.05	Adapter 1501Hz Probe 3839Hz	36	1.501	70.00	0.186
265.257	0.05	Adapter 1501Hz Probe 3839Hz	36	1.501	70.00	0.186
265.337	0.05	Adapter 1501Hz Probe 3839Hz	36	3.839	70.00	0.437
265.517	0.05	Adapter 1501Hz Probe 3839Hz	36	1.501	70.00	0.186
265.597	0.05	Adapter 1501Hz Probe 3839Hz	36	1.501	70.00	0.186
265.677	0.05	Adapter 1501Hz Probe 3839Hz	36	1.501	70.00	0.186
265.757	0.05	Adapter 1501Hz Probe 3839Hz	36	1.501	70.00	0.186
265.837	0.05	Adapter 1501Hz Probe 3839Hz	36	3.839	70.00	0.437
266.017	0.05	Adapter 1501Hz Probe 3839Hz	36	1.501	70.00	0.186
266.097	0.05	Adapter 1501Hz Probe 3839Hz	36	1.501	70.00	0.186
266.177	0.05	Adapter 1501Hz Probe 3839Hz	36	1.501	70.00	0.186
266.257	0.05	Adapter 1501Hz Probe 3839Hz	36	1.501	70.00	0.186
266.337	0.05	Adapter 1501Hz Probe 3839Hz	36	3.839	70.00	0.437
266.517	0.05	Adapter 1501Hz Probe 3839Hz	36	1.501	70.00	0.186
266.597	0.05	Adapter 1501Hz Probe 3839Hz	36	1.501	70.00	0.186
266.677	0.05	Adapter 1501Hz Probe 3839Hz	36	1.501	70.00	0.186
266.757	0.05	Adapter 1501Hz Probe 3839Hz	36	1.501	70.00	0.186
266.837	0.05	Adapter 1501Hz Probe 3839Hz	36	3.839	70.00	0.437
267.017	0.05	Adapter 1501Hz Probe 3839Hz	36	1.501	70.00	0.186
267.097	0.05	Adapter 1501Hz Probe 3839Hz	36	1.501	70.00	0.186
267.177	0.05	Adapter 1501Hz Probe 3839Hz	36	1.501	70.00	0.186
267.257	0.05	Adapter 1501Hz Probe 3839Hz	36	1.501	70.00	0.186
267.337	0.05	Adapter 1501Hz Probe 3839Hz	36	3.839	70.00	0.437
267.517	0.05	Adapter 1501Hz Probe 3839Hz	36	1.501	70.00	0.186
267.597	0.05	Adapter 1501Hz Probe 3839Hz	36	1.501	70.00	0.186
267.677	0.05	Adapter 1501Hz Probe 3839Hz	36	1.501	70.00	0.186
267.757	0.05	Adapter 1501Hz Probe 3839Hz	36	1.501	70.00	0.186
267.837	0.05	Adapter 1501Hz Probe 3839Hz	36	3.839	70.00	0.437
268.017	0.05	Adapter 1501Hz Probe 3839Hz	36	1.501	70.00	0.186
268.097	0.05	Adapter 1501Hz Probe 3839Hz	36	1.501	70.00	0.186
268.177	0.05	Adapter 1501Hz Probe 3839Hz	36	1.501	70.00	0.186
268.257	0.05	Adapter 1501Hz Probe 3839Hz	36	1.501	70.00	0.186
268.337	0.05	Adapter 1501Hz Probe 3839Hz	36	3.839	70.00	0.437
268.517	0.05	Adapter 1501Hz Probe 3839Hz	36	1.501	70.00	0.186
268.597	0.05	Adapter 1501Hz Probe 3839Hz	36	1.501	70.00	0.186
268.677	0.05	Adapter 1501Hz Probe 3839Hz	36	1.501	70.00	0.186
268.757	0.05	Adapter 1501Hz Probe 3839Hz	36	1.501	70.00	0.186
268.837	0.05	Adapter 1501Hz Probe 3839Hz	36	3.839	70.00	0.437
269.017	0.05	Adapter 1501Hz Probe 3839Hz	36	1.501	70.00	0.186
269.097	0.05	Adapter 1501Hz Probe 3839Hz	36	1.501	70.00	0.186
269.177	0.05	Adapter 1501Hz Probe 3839Hz	36	1.501	70.00	0.186
269.257	0.05	Adapter 1501Hz Probe 3839Hz	36	1.501	70.00	0.186
269.337	0.05	Adapter 1501Hz Probe 3839Hz	36	3.839	70.00	0.437
269.517	0.05	Adapter 1501Hz Probe 3839Hz	36	1.501	70.00	0.186
269.597	0.05	Adapter 1501Hz Probe 3839Hz	36	1.501	70.00	0.186
269.677	0.05	Adapter 1501Hz Probe 3839Hz	36	1.501	70.00	0.186
269.757	0.05	Adapter 1501Hz Probe 3839Hz	36	1.501	70.00	0.186
269.837	0.05	Adapter 1501Hz Probe 3839Hz	36	3.839	70.00	0.437
272.552	0.05	Adapter 3839Hz Probe 3839Hz	37	3.839	70.00	0.437
272.632	0.05	Adapter 3839Hz Probe 3839Hz	37	3.839	70.00	0.437
272.712	0.05	Adapter 3839Hz Probe 3839Hz	37	3.839	70.00	0.437
272.792	0.05	Adapter 3839Hz Probe 3839Hz	37	3.839	70.00	0.437
272.872	0.05	Adapter 3839Hz Probe 3839Hz	37	3.839	70.00	0.437
273.052	0.05	Adapter 3839Hz Probe 3839Hz	37	3.839	70.00	0.437
273.132	0.05	Adapter 3839Hz Probe 3839Hz	37	3.839	70.00	0.437
273.212	0.05	Adapter 3839Hz Probe 3839Hz	37	3.839	70.00	0.437
273.292	0.05	Adapter 3839Hz Probe 3839Hz	37	3.839	70.00	0.437
273.372	0.05	Adapter 3839Hz Probe 3839Hz	37	3.839	70.00	0.437
273.552	0.05	Adapter 3839Hz Probe 3839Hz	37	3.839	70.00	0.437
273.632	0.05	Adapter 3839Hz Probe 3839Hz	37	3.839	70.00	0.437
273.712	0.05	Adapter 3839Hz Probe 3839Hz	37	3.839	70.00	0.437
273.792	0.05	Adapter 3839Hz Probe 3839Hz	37	3.839	70.00	0.437
273.872	0.05	Adapter 3839Hz Probe 3839Hz	37	3.839	70.00	0.437
274.052	0.05	Adapter 3839Hz Probe 3839Hz	37	3.839	70.00	0.437
274.132	0.05	Adapter 3839Hz Probe 3839Hz	37	3.839	70.00	0.437
274.212	0.05	Adapter 3839Hz Probe 3839Hz	37	3.839	70.00	0.437
274.292	0.05	Adapter 3839Hz Probe 3839Hz	37	3.839	70.00	0.437
274.372	0.05	Adapter 3839Hz Probe 3839Hz	37	3.839	70.00	0.437
274.552	0.05	Adapter 3839Hz Probe 3839Hz	37	3.839	70.00	0.437
274.632	0.05	Adapter 3839Hz Probe 3839Hz	37	3.839	70.00	0.437
274.712	0.05	Adapter 3839Hz Probe 3839Hz	37	3.839	70.00	0.437
274.792	0.05	Adapter 3839Hz Probe 3839Hz	37	3.839	70.00	0.437
274.872	0.05	Adapter 3839Hz Probe 3839Hz	37	3.839	70.00	0.437
275.052	0.05	Adapter 3839Hz Probe 3839Hz	37	3.839	70.00	0.437
275.132	0.05	Adapter 3839Hz Probe 3839Hz	37	3.839	70.00	0.437
275.212	0.05	Adapter 3839Hz Probe 3839Hz	37	3.839	70.00	0.437
275.292	0.05	Adapter 3839Hz Probe 3839Hz	37	3.839	70.00	0.437
275.372	0.05	Adapter 3839Hz Probe 3839Hz	37	3.839	70.00	0.437
275.552	0.05	Adapter 3839Hz Probe 3839Hz	37	3.839	70.00	0.437
275.632	0.05	Adapter 3839Hz Probe 3839Hz	37	3.839	70.00	0.437
275.712	0.05	Adapter 3839Hz Probe 3839Hz	37	3.839	70.00	0.437
275.792	0.05	Adapter 3839Hz Probe 3839Hz	37	3.839	70.00	0.437
275.872	0.05	Adapter 3839Hz Probe 3839Hz	37	3.839	70.00	0.437
276.052	0.05	Adapter 3839Hz Probe 3839Hz	37	3.839	70.00	0.437
276.132	0.05	Adapter 3839Hz Probe 3839Hz	37	3.839	70.00	0.437
276.212	0.05	Adapter 3839Hz Probe 3839Hz	37	3.839	70.00	0.437
276.292	0.05	Adapter 3839Hz Probe 3839Hz	37	3.839	70.00	0.437
276.372	0.05	Adapter 3839Hz Probe 3839Hz	37	3.839	70.00	0.437
276.552	0.05	Adapter 3839Hz Probe 3839Hz	37	3.839	70.00	0.437
276.632	0.05	Adapter 3839Hz Probe 3839Hz	37	3.839	70.00	0.437
276.712	0.05	Adapter 3839Hz Probe 3839Hz	37	3.839	70.00	0.437
276.792	0.05	Adapter 3839Hz Probe 3839Hz	37	3.839	70.00	0.437
276.872	0.05	Adapter 3839Hz Probe 3839Hz	37	3.839	70.00	0.437
277.052	0.05	Adapter 3839Hz Probe 3839Hz	37	3.839	70.00	0.437
277.132	0.05	Adapter 3839Hz Probe 3839Hz	37	3.839	70.00	0.437
277.212	0.05	Adapter 3839Hz Probe 3839Hz	37	3.839	70.00	0.437
277.292	0.05	Adapter 3839Hz Probe 3839Hz	37	3.839	70.00	0.437
277.372	0.05	Adapter 3839Hz Probe 3839Hz	37	3.839	70.00	0.437
280.024	0.05	Adapter 2423Hz Probe 3839Hz	38	2.423	70.00	0.285
280.104	0.05	Adapter 2423Hz Probe 3839Hz	38	2.423	70.00	0.285
280.184	0.05	Adapter 2423Hz Probe 3839Hz	38	2.423	70.00	0.285
280.264	0.05	Adapter 2423Hz Probe 3839Hz	38	2.423	70.00	0.285
280.344	0.05	Adapter 2423Hz Probe 3839Hz	38	3.839	70.00	0.437
280.524	0.05	Adapter 2423Hz Probe 3839Hz	38	2.423	70.00	0.285
280.604	0.05	Adapter 2423Hz Probe 3839Hz	38	2.423	70.00	0.285
280.684	0.05	Adapter 2423Hz Probe 3839Hz	38	2.423	70.00	0.285
280.764	0.05	Adapter 2423Hz Probe 3839Hz	38	2.423	70.00	0.285
280.844	0.05	Adapter 2423Hz Probe 3839Hz	38	3.839	70.00	0.437
281.024	0.05	Adapter 2423Hz Probe 3839Hz	38	2.423	70.00	0.285
281.104	0.05	Adapter 2423Hz Probe 3839Hz	38	2.423	70.00	0.285
281.184	0.05	Adapter 2423Hz Probe 3839Hz	38	2.423	70.00	0.285
281.264	0.05	Adapter 2423Hz Probe 3839Hz	38	2.423	70.00	0.285
281.344	0.05	Adapter 2423Hz Probe 3839Hz	38	3.839	70.00	0.437
281.524	0.05	Adapter 2423Hz Probe 3839Hz	38	2.423	70.00	0.285
281.604	0.05	Adapter 2423Hz Probe 3839Hz	38	2.423	70.00	0.285
281.684	0.05	Adapter 2423Hz Probe 3839Hz	38	2.423	70.00	0.285
281.764	0.05	Adapter 2423Hz Probe 3839Hz	38	2.423	70.00	0.285
281.844	0.05	Adapter 2423Hz Probe 3839Hz	38	3.839	70.00	0.437
282.024	0.05	Adapter 2423Hz Probe 3839Hz	38	2.423	70.00	0.285
282.104	0.05	Adapter 2423Hz Probe 3839Hz	38	2.423	70.00	0.285
282.184	0.05	Adapter 2423Hz Probe 3839Hz	38	2.423	70.00	0.285
282.264	0.05	Adapter 2423Hz Probe 3839Hz	38	2.423	70.00	0.285
282.344	0.05	Adapter 2423Hz Probe 3839Hz	38	3.839	70.00	0.437
282.524	0.05	Adapter 2423Hz Probe 3839Hz	38	2.423	70.00	0.285
282.604	0.05	Adapter 2423Hz Probe 3839Hz	38	2.423	70.00	0.285
282.684	0.05	Adapter 2423Hz Probe 3839Hz	38	2.423	70.00	0.285
282.764	0.05	Adapter 2423Hz Probe 3839Hz	38	2.423	70.00	0.285
282.844	0.05	Adapter 2423Hz Probe 3839Hz	38	3.839	70.00	0.437
283.024	0.05	Adapter 2423Hz Probe 3839Hz	38	2.423	70.00	0.285
283.104	0.05	Adapter 2423Hz Probe 3839Hz	38	2.423	70.00	0.285
283.184	0.05	Adapter 2423Hz Probe 3839Hz	38	2.423	70.00	0.285
283.264	0.05	Adapter 2423Hz Probe 3839Hz	38	2.423	70.00	0.285
283.344	0.05	Adapter 2423Hz Probe 3839Hz	38	3.839	70.00	0.437
283.524	0.05	Adapter 2423Hz Probe 3839Hz	38	2.423	70.00	0.285
283.604	0.05	Adapter 2423Hz Probe 3839Hz	38	2.423	70.00	0.285
283.684	0.05	Adapter 2423Hz Probe 3839Hz	38	2.423	70.00	0.285
283.764	0.05	Adapter 2423Hz Probe 3839Hz	38	2.423	70.00	0.285
283.844	0.05	Adapter 2423Hz Probe 3839Hz	38	3.839	70.00	0.437
284.024	0.05	Adapter 2423Hz Probe 3839Hz	38	2.423	70.00	0.285
284.104	0.05	Adapter 2423Hz Probe 3839Hz	38	2.423	70.00	0.285
284.184	0.05	Adapter 2423Hz Probe 3839Hz	38	2.423	70.00	0.285
284.264	0.05	Adapter 2423Hz Probe 3839Hz	38	2.423	70.00	0.285
284.344	0.05	Adapter 2423Hz Probe 3839Hz	38	3.839	70.00	0.437
284.524	0.05	Adapter 2423Hz Probe 3839Hz	38	2.423	70.00	0.285
284.604	0.05	Adapter 2423Hz Probe 3839Hz	38	2.423	70.00	0.285
284.684	0.05	Adapter 2423Hz Probe 3839Hz	38	2.423	70.00	0.285
284.764	0.05	Adapter 2423Hz Probe 3839Hz	38	2.423	70.00	0.285
284.844	0.05	Adapter 2423Hz Probe 3839Hz	38	3.839	70.00	0.437
287.559	0.05	Adapter 251Hz	39	0.251	70.00	0.052
287.639	0.05	Adapter 251Hz	39	0.251	70.00	0.052
287.719	0.05	Adapter 251Hz	39	0.251	70.00	0.052
287.799	0.05	Adapter 251Hz	39	0.251	70.00	0.052
288.059	0.05	Adapter 251Hz	39	0.251	70.00	0.052
288.139	0.05	Adapter 251Hz	39	0.251	70.00	0.052
288.219	0.05	Adapter 251Hz	39	0.251	70.00	0.052
288.299	0.05	Adapter 251Hz	39	0.251	70.00	0.052
288.559	0.05	Adapter 251Hz	39	0.251	70.00	0.052
288.639	0.05	Adapter 251Hz	39	0.251	70.00	0.052
288.719	0.05	Adapter 251Hz	39	0.251	70.00	0.052
288.799	0.05	Adapter 251Hz	39	0.251	70.00	0.052
289.059	0.05	Adapter 251Hz	39	0.251	70.00	0.052
289.139	0.05	Adapter 251Hz	39	0.251	70.00	0.052
289.219	0.05	Adapter 251Hz	39	0.251	70.00	0.052
289.299	0.05	Adapter 251Hz	39	0.251	70.00	0.052
289.559	0.05	Adapter 251Hz	39	0.251	70.00	0.052
289.639	0.05	Adapter 251Hz	39	0.251	70.00	0.052
289.719	0.05	Adapter 251Hz	39	0.251	70.00	0.052
289.799	0.05	Adapter 251Hz	39	0.251	70.00	0.052
290.059	0.05	Adapter 251Hz	39	0.251	70.00	0.052
290.139	0.05	Adapter 251Hz	39	0.251	70.00	0.052
290.219	0.05	Adapter 251Hz	39	0.251	70.00	0.052
290.299	0.05	Adapter 251Hz	39	0.251	70.00	0.052
290.559	0.05	Adapter 251Hz	39	0.251	70.00	0.052
290.639	0.05	Adapter 251Hz	39	0.251	70.00	0.052
290.719	0.05	Adapter 251Hz	39	0.251	70.00	0.052
290.799	0.05	Adapter 251Hz	39	0.251	70.00	0.052
291.059	0.05	Adapter 251Hz	39	0.251	70.00	0.052
291.139	0.05	Adapter 251Hz	39	0.251	70.00	0.052
291.219	0.05	Adapter 251Hz	39	0.251	70.00	0.052
291.299	0.05	Adapter 251Hz	39	0.251	70.00	0.052
291.559	0.05	Adapter 251Hz	39	0.251	70.00	0.052
291.639	0.05	Adapter 251Hz	39	0.251	70.00	0.052
291.719	0.05	Adapter 251Hz	39	0.251	70.00	0.052
291.799	0.05	Adapter 251Hz	39	0.251	70.00	0.052
292.059	0.05	Adapter 251Hz	39	0.251	70.00	0.052
292.139	0.05	Adapter 251Hz	39	0.251	70.00	0.052
292.219	0.05	Adapter 251Hz	39	0.251	70.00	0.052
292.299	0.05	Adapter 251Hz	39	0.251	70.00	0.052
295.031	0.05	Adapter 899Hz Probe 3839Hz	40	0.899	70.00	0.121
295.111	0.05	Adapter 899Hz Probe 3839Hz	40	0.899	70.00	0.121
295.191	0.05	Adapter 899Hz Probe 3839Hz	40	0.899	70.00	0.121
295.271	0.05	Adapter 899Hz Probe 3839Hz	40	0.899	70.00	0.121
295.351	0.05	Adapter 899Hz Probe 3839Hz	40	3.839	70.00	0.437
295.531	0.05	Adapter 899Hz Probe 3839Hz	40	0.899	70.00	0.121
295.611	0.05	Adapter 899Hz Probe 3839Hz	40	0.899	70.00	0.121
295.691	0.05	Adapter 899Hz Probe 3839Hz	40	0.899	70.00	0.121
295.771	0.05	Adapter 899Hz Probe 3839Hz	40	0.899	70.00	0.121
295.851	0.05	Adapter 899Hz Probe 3839Hz	40	3.839	70.00	0.437
296.031	0.05	Adapter 899Hz Probe 3839Hz	40	0.899	70.00	0.121
296.111	0.05	Adapter 899Hz Probe 3839Hz	40	0.899	70.00	0.121
296.191	0.05	Adapter 899Hz Probe 3839Hz	40	0.899	70.00	0.121
296.271	0.05	Adapter 899Hz Probe 3839Hz	40	0.899	70.00	0.121
296.351	0.05	Adapter 899Hz Probe 3839Hz	40	3.839	70.00	0.437
296.531	0.05	Adapter 899Hz Probe 3839Hz	40	0.899	70.00	0.121
296.611	0.05	Adapter 899Hz Probe 3839Hz	40	0.899	70.00	0.121
296.691	0.05	Adapter 899Hz Probe 3839Hz	40	0.899	70.00	0.121
296.771	0.05	Adapter 899Hz Probe 3839Hz	40	0.899	70.00	0.121
296.851	0.05	Adapter 899Hz Probe 3839Hz	40	3.839	70.00	0.437
297.031	0.05	Adapter 899Hz Probe 3839Hz	40	0.899	70.00	0.121
297.111	0.05	Adapter 899Hz Probe 3839Hz	40	0.899	70.00	0.121
297.191	0.05	Adapter 899Hz Probe 3839Hz	40	0.899	70.00	0.121
297.271	0.05	Adapter 899Hz Probe 3839Hz	40	0.899	70.00	0.121
297.351	0.05	Adapter 899Hz Probe 3839Hz	40	3.839	70.00	0.437
297.531	0.05	Adapter 899Hz Probe 3839Hz	40	0.899	70.00	0.121
297.611	0.05	Adapter 899Hz Probe 3839Hz	40	0.899	70.00	0.121
297.691	0.05	Adapter 899Hz Probe 3839Hz	40	0.899	70.00	0.121
297.771	0.05	Adapter 899Hz Probe 3839Hz	40	0.899	70.00	0.121
297.851	0.05	Adapter 899Hz Probe 3839Hz	40	3.839	70.00	0.437
298.031	0.05	Adapter 899Hz Probe 3839Hz	40	0.899	70.00	0.121
298.111	0.05	Adapter 899Hz Probe 3839Hz	40	0.899	70.00	0.121
298.191	0.05	Adapter 899Hz Probe 3839Hz	40	0.899	70.00	0.121
298.271	0.05	Adapter 899Hz Probe 3839Hz	40	0.899	70.00	0.121
298.351	0.05	Adapter 899Hz Probe 3839Hz	40	3.839	70.00	0.437
298.531	0.05	Adapter 899Hz Probe 3839Hz	40	0.899	70.00	0.121
298.611	0.05	Adapter 899Hz Probe 3839Hz	40	0.899	70.00	0.121
298.691	0.05	Adapter 899Hz Probe 3839Hz	40	0.899	70.00	0.121
298.771	0.05	Adapter 899Hz Probe 3839Hz	40	0.899	70.00	0.121
298.851	0.05	Adapter 899Hz Probe 3839Hz	40	3.839	70.00	0.437
299.031	0.05	Adapter 899Hz Probe 3839Hz	40	0.899	70.00	0.121
299.111	0.05	Adapter 899Hz Probe 3839Hz	40	0.899	70.00	0.121
299.191	0.05	Adapter 899Hz Probe 3839Hz	40	0.899	70.00	0.121
299.271	0.05	Adapter 899Hz Probe 3839Hz	40	0.899	70.00	0.121
299.351	0.05	Adapter 899Hz Probe 3839Hz	40	3.839	70.00	0.437
299.531	0.05	Adapter 899Hz Probe 3839Hz	40	0.899	70.00	0.121
299.611	0.05	Adapter 899Hz Probe 3839Hz	40	0.899	70.00	0.121
299.691	0.05	Adapter 899Hz Probe 3839Hz	40	0.899	70.00	0.121
299.771	0.05	Adapter 899Hz Probe 3839Hz	40	0.899	70.00	0.121
299.851	0.05	Adapter 899Hz Probe 3839Hz	40	3.839	70.00	0.437
310.359	0.05	Probe 3839Hz	42	3.839	70.00	0.437
310.859	0.05	Probe 3839Hz	42	3.839	70.00	0.437
311.359	0.05	Probe 3839Hz	42	3.839	70.00	0.437
311.859	0.05	Probe 3839Hz	42	3.839	70.00	0.437
312.359	0.05	Probe 3839Hz	42	3.839	70.00	0.437
312.859	0.05	Probe 3839Hz	42	3.839	70.00	0.437
313.359	0.05	Probe 3839Hz	42	3.839	70.00	0.437
313.859	0.05	Probe 3839Hz	42	3.839	70.00	0.437
314.359	0.05	Probe 3839Hz	42	3.839	70.00	0.437
314.859	0.05	Probe 3839Hz	42	3.839	70.00	0.437
317.527	0.05	Adapter 3839Hz	43	3.839	70.00	0.437
317.607	0.05	Adapter 3839Hz	43	3.839	70.00	0.437
317.687	0.05	Adapter 3839Hz	43	3.839	70.00	0.437
317.767	0.05	Adapter 3839Hz	43	3.839	70.00	0.437
318.027	0.05	Adapter 3839Hz	43	3.839	70.00	0.437
318.107	0.05	Adapter 3839Hz	43	3.839	70.00	0.437
318.187	0.05	Adapter 3839Hz	43	3.839	70.00	0.437
318.267	0.05	Adapter 3839Hz	43	3.839	70.00	0.437
318.527	0.05	Adapter 3839Hz	43	3.839	70.00	0.437
318.607	0.05	Adapter 3839Hz	43	3.839	70.00	0.437
318.687	0.05	Adapter 3839Hz	43	3.839	70.00	0.437
318.767	0.05	Adapter 3839Hz	43	3.839	70.00	0.437
319.027	0.05	Adapter 3839Hz	43	3.839	70.00	0.437
319.107	0.05	Adapter 3839Hz	43	3.839	70.00	0.437
319.187	0.05	Adapter 3839Hz	43	3.839	70.00	0.437
319.267	0.05	Adapter 3839Hz	43	3.839	70.00	0.437
319.527	0.05	Adapter 3839Hz	43	3.839	70.00	0.437
319.607	0.05	Adapter 3839Hz	43	3.839	70.00	0.437
319.687	0.05	Adapter 3839Hz	43	3.839	70.00	0.437
319.767	0.05	Adapter 3839Hz	43	3.839	70.00	0.437
320.027	0.05	Adapter 3839Hz	43	3.839	70.00	0.437
320.107	0.05	Adapter 3839Hz	43	3.839	70.00	0.437
320.187	0.05	Adapter 3839Hz	43	3.839	70.00	0.437
320.267	0.05	Adapter 3839Hz	43	3.839	70.00	0.437
320.527	0.05	Adapter 3839Hz	43	3.839	70.00	0.437
320.607	0.05	Adapter 3839Hz	43	3.839	70.00	0.437
320.687	0.05	Adapter 3839Hz	43	3.839	70.00	0.437
320.767	0.05	Adapter 3839Hz	43	3.839	70.00	0.437
321.027	0.05	Adapter 3839Hz	43	3.839	70.00	0.437
321.107	0.05	Adapter 3839Hz	43	3.839	70.00	0.437
321.187	0.05	Adapter 3839Hz	43	3.839	70.00	0.437
321.267	0.05	Adapter 3839Hz	43	3.839	70.00	0.437
321.527	0.05	Adapter 3839Hz	43	3.839	70.00	0.437
321.607	0.05	Adapter 3839Hz	43	3.839	70.00	0.437
321.687	0.05	Adapter 3839Hz	43	3.839	70.00	0.437
321.767	0.05	Adapter 3839Hz	43	3.839	70.00	0.437
322.027	0.05	Adapter 3839Hz	43	3.839	70.00	0.437
322.107	0.05	Adapter 3839Hz	43	3.839	70.00	0.437
322.187	0.05	Adapter 3839Hz	43	3.839	70.00	0.437
322.267	0.05	Adapter 3839Hz	43	3.839	70.00	0.437
325.046	0.05	Adapter 899Hz	44	0.899	70.00	0.121
325.126	0.05	Adapter 899Hz	44	0.899	70.00	0.121
325.206	0.05	Adapter 899Hz	44	0.899	70.00	0.121
325.286	0.05	Adapter 899Hz	44	0.899	70.00	0.121
325.546	0.05	Adapter 899Hz	44	0.899	70.00	0.121
325.626	0.05	Adapter 899Hz	44	0.899	70.00	0.121
325.706	0.05	Adapter 899Hz	44	0.899	70.00	0.121
325.786	0.05	Adapter 899Hz	44	0.899	70.00	0.121
326.046	0.05	Adapter 899Hz	44	0.899	70.00	0.121
326.126	0.05	Adapter 899Hz	44	0.899	70.00	0.121
326.206	0.05	Adapter 899Hz	44	0.899	70.00	0.121
326.286	0.05	Adapter 899Hz	44	0.899	70.00	0.121
326.546	0.05	Adapter 899Hz	44	0.899	70.00	0.121
326.626	0.05	Adapter 899Hz	44	0.899	70.00	0.121
326.706	0.05	Adapter 899Hz	44	0.899	70.00	0.121
326.786	0.05	Adapter 899Hz	44	0.899	70.00	0.121
327.046	0.05	Adapter 899Hz	44	0.899	70.00	0.121
327.126	0.05	Adapter 899Hz	44	0.899	70.00	0.121
327.206	0.05	Adapter 899Hz	44	0.899	70.00	0.121
327.286	0.05	Adapter 899Hz	44	0.899	70.00	0.121
327.546	0.05	Adapter 899Hz	44	0.899	70.00	0.121
327.626	0.05	Adapter 899Hz	44	0.899	70.00	0.121
327.706	0.05	Adapter 899Hz	44	0.899	70.00	0.121
327.786	0.05	Adapter 899Hz	44	0.899	70.00	0.121
328.046	0.05	Adapter 899Hz	44	0.899	70.00	0.121
328.126	0.05	Adapter 899Hz	44	0.899	70.00	0.121
328.206	0.05	Adapter 899Hz	44	0.899	70.00	0.121
328.286	0.05	Adapter 899Hz	44	0.899	70.00	0.121
328.546	0.05	Adapter 899Hz	44	0.899	70.00	0.121
328.626	0.05	Adapter 899Hz	44	0.899	70.00	0.121
328.706	0.05	Adapter 899Hz	44	0.899	70.00	0.121
328.786	0.05	Adapter 899Hz	44	0.899	70.00	0.121
329.046	0.05	Adapter 899Hz	44	0.899	70.00	0.121
329.126	0.05	Adapter 899Hz	44	0.899	70.00	0.121
329.206	0.05	Adapter 899Hz	44	0.899	70.00	0.121
329.286	0.05	Adapter 899Hz	44	0.899	70.00	0.121
329.546	0.05	Adapter 899Hz	44	0.899	70.00	0.121
329.626	0.05	Adapter 899Hz	44	0.899	70.00	0.121
329.706	0.05	Adapter 899Hz	44	0.899	70.00	0.121
329.786	0.05	Adapter 899Hz	44	0.899	70.00	0.121
347.526	0.05	Adapter 507Hz	47	0.507	70.00	0.079
347.606	0.05	Adapter 507Hz	47	0.507	70.00	0.079
347.686	0.05	Adapter 507Hz	47	0.507	70.00	0.079
347.766	0.05	Adapter 507Hz	47	0.507	70.00	0.079
348.026	0.05	Adapter 507Hz	47	0.507	70.00	0.079
348.106	0.05	Adapter 507Hz	47	0.507	70.00	0.079
348.186	0.05	Adapter 507Hz	47	0.507	70.00	0.079
348.266	0.05	Adapter 507Hz	47	0.507	70.00	0.079
348.526	0.05	Adapter 507Hz	47	0.507	70.00	0.079
348.606	0.05	Adapter 507Hz	47	0.507	70.00	0.079
348.686	0.05	Adapter 507Hz	47	0.507	70.00	0.079
348.766	0.05	Adapter 507Hz	47	0.507	70.00	0.079
349.026	0.05	Adapter 507Hz	47	0.507	70.00	0.079
349.106	0.05	Adapter 507Hz	47	0.507	70.00	0.079
349.186	0.05	Adapter 507Hz	47	0.507	70.00	0.079
349.266	0.05	Adapter 507Hz	47	0.507	70.00	0.079
349.526	0.05	Adapter 507Hz	47	0.507	70.00	0.079
349.606	0.05	Adapter 507Hz	47	0.507	70.00	0.079
349.686	0.05	Adapter 507Hz	47	0.507	70.00	0.079
349.766	0.05	Adapter 507Hz	47	0.507	70.00	0.079
350.026	0.05	Adapter 507Hz	47	0.507	70.00	0.079
350.106	0.05	Adapter 507Hz	47	0.507	70.00	0.079
350.186	0.05	Adapter 507Hz	47	0.507	70.00	0.079
350.266	0.05	Adapter 507Hz	47	0.507	70.00	0.079
350.526	0.05	Adapter 507Hz	47	0.507	70.00	0.079
350.606	0.05	Adapter 507Hz	47	0.507	70.00	0.079
350.686	0.05	Adapter 507Hz	47	0.507	70.00	0.079
350.766	0.05	Adapter 507Hz	47	0.507	70.00	0.079
351.026	0.05	Adapter 507Hz	47	0.507	70.00	0.079
351.106	0.05	Adapter 507Hz	47	0.507	70.00	0.079
351.186	0.05	Adapter 507Hz	47	0.507	70.00	0.079
351.266	0.05	Adapter 507Hz	47	0.507	70.00	0.079
351.526	0.05	Adapter 507Hz	47	0.507	70.00	0.079
351.606	0.05	Adapter 507Hz	47	0.507	70.00	0.079
351.686	0.05	Adapter 507Hz	47	0.507	70.00	0.079
351.766	0.05	Adapter 507Hz	47	0.507	70.00	0.079
352.026	0.05	Adapter 507Hz	47	0.507	70.00	0.079
352.106	0.05	Adapter 507Hz	47	0.507	70.00	0.079
352.186	0.05	Adapter 507Hz	47	0.507	70.00	0.079
352.266	0.05	Adapter 507Hz	47	0.507	70.00	0.079
355.045	0.05	Adapter 507Hz Probe 3839Hz	48	0.507	70.00	0.079
355.125	0.05	Adapter 507Hz Probe 3839Hz	48	0.507	70.00	0.079
355.205	0.05	Adapter 507Hz Probe 3839Hz	48	0.507	70.00	0.079
355.285	0.05	Adapter 507Hz Probe 3839Hz	48	0.507	70.00	0.079
355.365	0.05	Adapter 507Hz Probe 3839Hz	48	3.839	70.00	0.437
355.545	0.05	Adapter 507Hz Probe 3839Hz	48	0.507	70.00	0.079
355.625	0.05	Adapter 507Hz Probe 3839Hz	48	0.507	70.00	0.079
355.705	0.05	Adapter 507Hz Probe 3839Hz	48	0.507	70.00	0.079
355.785	0.05	Adapter 507Hz Probe 3839Hz	48	0.507	70.00	0.079
355.865	0.05	Adapter 507Hz Probe 3839Hz	48	3.839	70.00	0.437
356.045	0.05	Adapter 507Hz Probe 3839Hz	48	0.507	70.00	0.079
356.125	0.05	Adapter 507Hz Probe 3839Hz	48	0.507	70.00	0.079
356.205	0.05	Adapter 507Hz Probe 3839Hz	48	0.507	70.00	0.079
356.285	0.05	Adapter 507Hz Probe 3839Hz	48	0.507	70.00	0.079
356.365	0.05	Adapter 507Hz Probe 3839Hz	48	3.839	70.00	0.437
356.545	0.05	Adapter 507Hz Probe 3839Hz	48	0.507	70.00	0.079
356.625	0.05	Adapter 507Hz Probe 3839Hz	48	0.507	70.00	0.079
356.705	0.05	Adapter 507Hz Probe 3839Hz	48	0.507	70.00	0.079
356.785	0.05	Adapter 507Hz Probe 3839Hz	48	0.507	70.00	0.079
356.865	0.05	Adapter 507Hz Probe 3839Hz	48	3.839	70.00	0.437
357.045	0.05	Adapter 507Hz Probe 3839Hz	48	0.507	70.00	0.079
357.125	0.05	Adapter 507Hz Probe 3839Hz	48	0.507	70.00	0.079
357.205	0.05	Adapter 507Hz Probe 3839Hz	48	0.507	70.00	0.079
357.285	0.05	Adapter 507Hz Probe 3839Hz	48	0.507	70.00	0.079
357.365	0.05	Adapter 507Hz Probe 3839Hz	48	3.839	70.00	0.437
357.545	0.05	Adapter 507Hz Probe 3839Hz	48	0.507	70.00	0.079
357.625	0.05	Adapter 507Hz Probe 3839Hz	48	0.507	70.00	0.079
357.705	0.05	Adapter 507Hz Probe 3839Hz	48	0.507	70.00	0.079
357.785	0.05	Adapter 507Hz Probe 3839Hz	48	0.507	70.00	0.079
357.865	0.05	Adapter 507Hz Probe 3839Hz	48	3.839	70.00	0.437
358.045	0.05	Adapter 507Hz Probe 3839Hz	48	0.507	70.00	0.079
358.125	0.05	Adapter 507Hz Probe 3839Hz	48	0.507	70.00	0.079
358.205	0.05	Adapter 507Hz Probe 3839Hz	48	0.507	70.00	0.079
358.285	0.05	Adapter 507Hz Probe 3839Hz	48	0.507	70.00	0.079
358.365	0.05	Adapter 507Hz Probe 3839Hz	48	3.839	70.00	0.437
358.545	0.05	Adapter 507Hz Probe 3839Hz	48	0.507	70.00	0.079
358.625	0.05	Adapter 507Hz Probe 3839Hz	48	0.507	70.00	0.079
358.705	0.05	Adapter 507Hz Probe 3839Hz	48	0.507	70.00	0.079
358.785	0.05	Adapter 507Hz Probe 3839Hz	48	0.507	70.00	0.079
358.865	0.05	Adapter 507Hz Probe 3839Hz	48	3.839	70.00	0.437
359.045	0.05	Adapter 507Hz Probe 3839Hz	48	0.507	70.00	0.079
359.125	0.05	Adapter 507Hz Probe 3839Hz	48	0.507	70.00	0.079
359.205	0.05	Adapter 507Hz Probe 3839Hz	48	0.507	70.00	0.079
359.285	0.05	Adapter 507Hz Probe 3839Hz	48	0.507	70.00	0.079
359.365	0.05	Adapter 507Hz Probe 3839Hz	48	3.839	70.00	0.437
359.545	0.05	Adapter 507Hz Probe 3839Hz	48	0.507	70.00	0.079
359.625	0.05	Adapter 507Hz Probe 3839Hz	48	0.507	70.00	0.079
359.705	0.05	Adapter 507Hz Probe 3839Hz	48	0.507	70.00	0.079
359.785	0.05	Adapter 507Hz Probe 3839Hz	48	0.507	70.00	0.079
359.865	0.05	Adapter 507Hz Probe 3839Hz	48	3.839	70.00	0.437
362.502	0.05	Adapter 2423Hz Probe 3839Hz	49	2.423	70.00	0.285
362.582	0.05	Adapter 2423Hz Probe 3839Hz	49	2.423	70.00	0.285
362.662	0.05	Adapter 2423Hz Probe 3839Hz	49	2.423	70.00	0.285
362.742	0.05	Adapter 2423Hz Probe 3839Hz	49	2.423	70.00	0.285
362.822	0.05	Adapter 2423Hz Probe 3839Hz	49	3.839	70.00	0.437
363.002	0.05	Adapter 2423Hz Probe 3839Hz	49	2.423	70.00	0.285
363.082	0.05	Adapter 2423Hz Probe 3839Hz	49	2.423	70.00	0.285
363.162	0.05	Adapter 2423Hz Probe 3839Hz	49	2.423	70.00	0.285
363.242	0.05	Adapter 2423Hz Probe 3839Hz	49	2.423	70.00	0.285
363.322	0.05	Adapter 2423Hz Probe 3839Hz	49	3.839	70.00	0.437
363.502	0.05	Adapter 2423Hz Probe 3839Hz	49	2.423	70.00	0.285
363.582	0.05	Adapter 2423Hz Probe 3839Hz	49	2.423	70.00	0.285
363.662	0.05	Adapter 2423Hz Probe 3839Hz	49	2.423	70.00	0.285
363.742	0.05	Adapter 2423Hz Probe 3839Hz	49	2.423	70.00	0.285
363.822	0.05	Adapter 2423Hz Probe 3839Hz	49	3.839	70.00	0.437
364.002	0.05	Adapter 2423Hz Probe 3839Hz	49	2.423	70.00	0.285
364.082	0.05	Adapter 2423Hz Probe 3839Hz	49	2.423	70.00	0.285
364.162	0.05	Adapter 2423Hz Probe 3839Hz	49	2.423	70.00	0.285
364.242	0.05	Adapter 2423Hz Probe 3839Hz	49	2.423	70.00	0.285
364.322	0.05	Adapter 2423Hz Probe 3839Hz	49	3.839	70.00	0.437
364.502	0.05	Adapter 2423Hz Probe 3839Hz	49	2.423	70.00	0.285
364.582	0.05	Adapter 2423Hz Probe 3839Hz	49	2.423	70.00	0.285
364.662	0.05	Adapter 2423Hz Probe 3839Hz	49	2.423	70.00	0.285
364.742	0.05	Adapter 2423Hz Probe 3839Hz	49	2.423	70.00	0.285
364.822	0.05	Adapter 2423Hz Probe 3839Hz	49	3.839	70.00	0.437
365.002	0.05	Adapter 2423Hz Probe 3839Hz	49	2.423	70.00	0.285
365.082	0.05	Adapter 2423Hz Probe 3839Hz	49	2.423	70.00	0.285
365.162	0.05	Adapter 2423Hz Probe 3839Hz	49	2.423	70.00	0.285
365.242	0.05	Adapter 2423Hz Probe 3839Hz	49	2.423	70.00	0.285
365.322	0.05	Adapter 2423Hz Probe 3839Hz	49	3.839	70.00	0.437
365.502	0.05	Adapter 2423Hz Probe 3839Hz	49	2.423	70.00	0.285
365.582	0.05	Adapter 2423Hz Probe 3839Hz	49	2.423	70.00	0.285
365.662	0.05	Adapter 2423Hz Probe 3839Hz	49	2.423	70.00	0.285
365.742	0.05	Adapter 2423Hz Probe 3839Hz	49	2.423	70.00	0.285
365.822	0.05	Adapter 2423Hz Probe 3839Hz	49	3.839	70.00	0.437
366.002	0.05	Adapter 2423Hz Probe 3839Hz	49	2.423	70.00	0.285
366.082	0.05	Adapter 2423Hz Probe 3839Hz	49	2.423	70.00	0.285
366.162	0.05	Adapter 2423Hz Probe 3839Hz	49	2.423	70.00	0.285
366.242	0.05	Adapter 2423Hz Probe 3839Hz	49	2.423	70.00	0.285
366.322	0.05	Adapter 2423Hz Probe 3839Hz	49	3.839	70.00	0.437
366.502	0.05	Adapter 2423Hz Probe 3839Hz	49	2.423	70.00	0.285
366.582	0.05	Adapter 2423Hz Probe 3839Hz	49	2.423	70.00	0.285
366.662	0.05	Adapter 2423Hz Probe 3839Hz	49	2.423	70.00	0.285
366.742	0.05	Adapter 2423Hz Probe 3839Hz	49	2.423	70.00	0.285
366.822	0.05	Adapter 2423Hz Probe 3839Hz	49	3.839	70.00	0.437
367.002	0.05	Adapter 2423Hz Probe 3839Hz	49	2.423	70.00	0.285
367.082	0.05	Adapter 2423Hz Probe 3839Hz	49	2.423	70.00	0.285
367.162	0.05	Adapter 2423Hz Probe 3839Hz	49	2.423	70.00	0.285
367.242	0.05	Adapter 2423Hz Probe 3839Hz	49	2.423	70.00	0.285
367.322	0.05	Adapter 2423Hz Probe 3839Hz	49	3.839	70.00	0.437
370.036	0.05	Adapter 6009Hz	50	6.009	70.00	0.671
370.116	0.05	Adapter 6009Hz	50	6.009	70.00	0.671
370.196	0.05	Adapter 6009Hz	50	6.009	70.00	0.671
370.276	0.05	Adapter 6009Hz	50	6.009	70.00	0.671
370.536	0.05	Adapter 6009Hz	50	6.009	70.00	0.671
370.616	0.05	Adapter 6009Hz	50	6.009	70.00	0.671
370.696	0.05	Adapter 6009Hz	50	6.009	70.00	0.671
370.776	0.05	Adapter 6009Hz	50	6.009	70.00	0.671
371.036	0.05	Adapter 6009Hz	50	6.009	70.00	0.671
371.116	0.05	Adapter 6009Hz	50	6.009	70.00	0.671
371.196	0.05	Adapter 6009Hz	50	6.009	70.00	0.671
371.276	0.05	Adapter 6009Hz	50	6.009	70.00	0.671
371.536	0.05	Adapter 6009Hz	50	6.009	70.00	0.671
371.616	0.05	Adapter 6009Hz	50	6.009	70.00	0.671
371.696	0.05	Adapter 6009Hz	50	6.009	70.00	0.671
371.776	0.05	Adapter 6009Hz	50	6.009	70.00	0.671
372.036	0.05	Adapter 6009Hz	50	6.009	70.00	0.671
372.116	0.05	Adapter 6009Hz	50	6.009	70.00	0.671
372.196	0.05	Adapter 6009Hz	50	6.009	70.00	0.671
372.276	0.05	Adapter 6009Hz	50	6.009	70.00	0.671
372.536	0.05	Adapter 6009Hz	50	6.009	70.00	0.671
372.616	0.05	Adapter 6009Hz	50	6.009	70.00	0.671
372.696	0.05	Adapter 6009Hz	50	6.009	70.00	0.671
372.776	0.05	Adapter 6009Hz	50	6.009	70.00	0.671
373.036	0.05	Adapter 6009Hz	50	6.009	70.00	0.671
373.116	0.05	Adapter 6009Hz	50	6.009	70.00	0.671
373.196	0.05	Adapter 6009Hz	50	6.009	70.00	0.671
373.276	0.05	Adapter 6009Hz	50	6.009	70.00	0.671
373.536	0.05	Adapter 6009Hz	50	6.009	70.00	0.671
373.616	0.05	Adapter 6009Hz	50	6.009	70.00	0.671
373.696	0.05	Adapter 6009Hz	50	6.009	70.00	0.671
373.776	0.05	Adapter 6009Hz	50	6.009	70.00	0.671
374.036	0.05	Adapter 6009Hz	50	6.009	70.00	0.671
374.116	0.05	Adapter 6009Hz	50	6.009	70.00	0.671
374.196	0.05	Adapter 6009Hz	50	6.009	70.00	0.671
374.276	0.05	Adapter 6009Hz	50	6.009	70.00	0.671
374.536	0.05	Adapter 6009Hz	50	6.009	70.00	0.671
374.616	0.05	Adapter 6009Hz	50	6.009	70.00	0.671
374.696	0.05	Adapter 6009Hz	50	6.009	70.00	0.671
374.776	0.05	Adapter 6009Hz	50	6.009	70.00	0.671
377.524	0.05	Adapter 899Hz	51	0.899	70.00	0.121
377.604	0.05	Adapter 899Hz	51	0.899	70.00	0.121
377.684	0.05	Adapter 899Hz	51	0.899	70.00	0.121
377.764	0.05	Adapter 899Hz	51	0.899	70.00	0.121
378.024	0.05	Adapter 899Hz	51	0.899	70.00	0.121
378.104	0.05	Adapter 899Hz	51	0.899	70.00	0.121
378.184	0.05	Adapter 899Hz	51	0.899	70.00	0.121
378.264	0.05	Adapter 899Hz	51	0.899	70.00	0.121
378.524	0.05	Adapter 899Hz	51	0.899	70.00	0.121
378.604	0.05	Adapter 899Hz	51	0.899	70.00	0.121
378.684	0.05	Adapter 899Hz	51	0.899	70.00	0.121
378.764	0.05	Adapter 899Hz	51	0.899	70.00	0.121
379.024	0.05	Adapter 899Hz	51	0.899	70.00	0.121
379.104	0.05	Adapter 899Hz	51	0.899	70.00	0.121
379.184	0.05	Adapter 899Hz	51	0.899	70.00	0.121
379.264	0.05	Adapter 899Hz	51	0.899	70.00	0.121
379.524	0.05	Adapter 899Hz	51	0.899	70.00	0.121
379.604	0.05	Adapter 899Hz	51	0.899	70.00	0.121
379.684	0.05	Adapter 899Hz	51	0.899	70.00	0.121
379.764	0.05	Adapter 899Hz	51	0.899	70.00	0.121
380.024	0.05	Adapter 899Hz	51	0.899	70.00	0.121
380.104	0.05	Adapter 899Hz	51	0.899	70.00	0.121
380.184	0.05	Adapter 899Hz	51	0.899	70.00	0.121
380.264	0.05	Adapter 899Hz	51	0.899	70.00	0.121
380.524	0.05	Adapter 899Hz	51	0.899	70.00	0.121
380.604	0.05	Adapter 899Hz	51	0.899	70.00	0.121
380.684	0.05	Adapter 899Hz	51	0.899	70.00	0.121
380.764	0.05	Adapter 899Hz	51	0.899	70.00	0.121
381.024	0.05	Adapter 899Hz	51	0.899	70.00	0.121
381.104	0.05	Adapter 899Hz	51	0.899	70.00	0.121
381.184	0.05	Adapter 899Hz	51	0.899	70.00	0.121
381.264	0.05	Adapter 899Hz	51	0.899	70.00	0.121
381.524	0.05	Adapter 899Hz	51	0.899	70.00	0.121
381.604	0.05	Adapter 899Hz	51	0.899	70.00	0.121
381.684	0.05	Adapter 899Hz	51	0.899	70.00	0.121
381.764	0.05	Adapter 899Hz	51	0.899	70.00	0.121
382.024	0.05	Adapter 899Hz	51	0.899	70.00	0.121
382.104	0.05	Adapter 899Hz	51	0.899	70.00	0.121
382.184	0.05	Adapter 899Hz	51	0.899	70.00	0.121
382.264	0.05	Adapter 899Hz	51	0.899	70.00	0.121
385.059	0.05	Adapter 899Hz Probe 3839Hz	52	0.899	70.00	0.121
385.139	0.05	Adapter 899Hz Probe 3839Hz	52	0.899	70.00	0.121
385.219	0.05	Adapter 899Hz Probe 3839Hz	52	0.899	70.00	0.121
385.299	0.05	Adapter 899Hz Probe 3839Hz	52	0.899	70.00	0.121
385.379	0.05	Adapter 899Hz Probe 3839Hz	52	3.839	70.00	0.437
385.559	0.05	Adapter 899Hz Probe 3839Hz	52	0.899	70.00	0.121
385.639	0.05	Adapter 899Hz Probe 3839Hz	52	0.899	70.00	0.121
385.719	0.05	Adapter 899Hz Probe 3839Hz	52	0.899	70.00	0.121
385.799	0.05	Adapter 899Hz Probe 3839Hz	52	0.899	70.00	0.121
385.879	0.05	Adapter 899Hz Probe 3839Hz	52	3.839	70.00	0.437
386.059	0.05	Adapter 899Hz Probe 3839Hz	52	0.899	70.00	0.121
386.139	0.05	Adapter 899Hz Probe 3839Hz	52	0.899	70.00	0.121
386.219	0.05	Adapter 899Hz Probe 3839Hz	52	0.899	70.00	0.121
386.299	0.05	Adapter 899Hz Probe 3839Hz	52	0.899	70.00	0.121
386.379	0.05	Adapter 899Hz Probe 3839Hz	52	3.839	70.00	0.437
386.559	0.05	Adapter 899Hz Probe 3839Hz	52	0.899	70.00	0.121
386.639	0.05	Adapter 899Hz Probe 3839Hz	52	0.899	70.00	0.121
386.719	0.05	Adapter 899Hz Probe 3839Hz	52	0.899	70.00	0.121
386.799	0.05	Adapter 899Hz Probe 3839Hz	52	0.899	70.00	0.121
386.879	0.05	Adapter 899Hz Probe 3839Hz	52	3.839	70.00	0.437
387.059	0.05	Adapter 899Hz Probe 3839Hz	52	0.899	70.00	0.121
387.139	0.05	Adapter 899Hz Probe 3839Hz	52	0.899	70.00	0.121
387.219	0.05	Adapter 899Hz Probe 3839Hz	52	0.899	70.00	0.121
387.299	0.05	Adapter 899Hz Probe 3839Hz	52	0.899	70.00	0.121
387.379	0.05	Adapter 899Hz Probe 3839Hz	52	3.839	70.00	0.437
387.559	0.05	Adapter 899Hz Probe 3839Hz	52	0.899	70.00	0.121
387.639	0.05	Adapter 899Hz Probe 3839Hz	52	0.899	70.00	0.121
387.719	0.05	Adapter 899Hz Probe 3839Hz	52	0.899	70.00	0.121
387.799	0.05	Adapter 899Hz Probe 3839Hz	52	0.899	70.00	0.121
387.879	0.05	Adapter 899Hz Probe 3839Hz	52	3.839	70.00	0.437
388.059	0.05	Adapter 899Hz Probe 3839Hz	52	0.899	70.00	0.121
388.139	0.05	Adapter 899Hz Probe 3839Hz	52	0.899	70.00	0.121
388.219	0.05	Adapter 899Hz Probe 3839Hz	52	0.899	70.00	0.121
388.299	0.05	Adapter 899Hz Probe 3839Hz	52	0.899	70.00	0.121
388.379	0.05	Adapter 899Hz Probe 3839Hz	52	3.839	70.00	0.437
388.559	0.05	Adapter 899Hz Probe 3839Hz	52	0.899	70.00	0.121
388.639	0.05	Adapter 899Hz Probe 3839Hz	52	0.899	70.00	0.121
388.719	0.05	Adapter 899Hz Probe 3839Hz	52	0.899	70.00	0.121
388.799	0.05	Adapter 899Hz Probe 3839Hz	52	0.899	70.00	0.121
388.879	0.05	Adapter 899Hz Probe 3839Hz	52	3.839	70.00	0.437
389.059	0.05	Adapter 899Hz Probe 3839Hz	52	0.899	70.00	0.121
389.139	0.05	Adapter 899Hz Probe 3839Hz	52	0.899	70.00	0.121
389.219	0.05	Adapter 899Hz Probe 3839Hz	52	0.899	70.00	0.121
389.299	0.05	Adapter 899Hz Probe 3839Hz	52	0.899	70.00	0.121
389.379	0.05	Adapter 899Hz Probe 3839Hz	52	3.839	70.00	0.437
389.559	0.05	Adapter 899Hz Probe 3839Hz	52	0.899	70.00	0.121
389.639	0.05	Adapter 899Hz Probe 3839Hz	52	0.899	70.00	0.121
389.719	0.05	Adapter 899Hz Probe 3839Hz	52	0.899	70.00	0.121
389.799	0.05	Adapter 899Hz Probe 3839Hz	52	0.899	70.00	0.121
389.879	0.05	Adapter 899Hz Probe 3839Hz	52	3.839	70.00	0.437
392.867	0.05	Probe 3839Hz	53	3.839	70.00	0.437
393.367	0.05	Probe 3839Hz	53	3.839	70.00	0.437
393.867	0.05	Probe 3839Hz	53	3.839	70.00	0.437
394.367	0.05	Probe 3839Hz	53	3.839	70.00	0.437
394.867	0.05	Probe 3839Hz	53	3.839	70.00	0.437
395.367	0.05	Probe 3839Hz	53	3.839	70.00	0.437
395.867	0.05	Probe 3839Hz	53	3.839	70.00	0.437
396.367	0.05	Probe 3839Hz	53	3.839	70.00	0.437
396.867	0.05	Probe 3839Hz	53	3.839	70.00	0.437
397.367	0.05	Probe 3839Hz	53	3.839	70.00	0.437
407.523	0.05	Adapter 3839Hz	55	3.839	70.00	0.437
407.603	0.05	Adapter 3839Hz	55	3.839	70.00	0.437
407.683	0.05	Adapter 3839Hz	55	3.839	70.00	0.437
407.763	0.05	Adapter 3839Hz	55	3.839	70.00	0.437
408.023	0.05	Adapter 3839Hz	55	3.839	70.00	0.437
408.103	0.05	Adapter 3839Hz	55	3.839	70.00	0.437
408.183	0.05	Adapter 3839Hz	55	3.839	70.00	0.437
408.263	0.05	Adapter 3839Hz	55	3.839	70.00	0.437
408.523	0.05	Adapter 3839Hz	55	3.839	70.00	0.437
408.603	0.05	Adapter 3839Hz	55	3.839	70.00	0.437
408.683	0.05	Adapter 3839Hz	55	3.839	70.00	0.437
408.763	0.05	Adapter 3839Hz	55	3.839	70.00	0.437
409.023	0.05	Adapter 3839Hz	55	3.839	70.00	0.437
409.103	0.05	Adapter 3839Hz	55	3.839	70.00	0.437
409.183	0.05	Adapter 3839Hz	55	3.839	70.00	0.437
409.263	0.05	Adapter 3839Hz	55	3.839	70.00	0.437
409.523	0.05	Adapter 3839Hz	55	3.839	70.00	0.437
409.603	0.05	Adapter 3839Hz	55	3.839	70.00	0.437
409.683	0.05	Adapter 3839Hz	55	3.839	70.00	0.437
409.763	0.05	Adapter 3839Hz	55	3.839	70.00	0.437
410.023	0.05	Adapter 3839Hz	55	3.839	70.00	0.437
410.103	0.05	Adapter 3839Hz	55	3.839	70.00	0.437
410.183	0.05	Adapter 3839Hz	55	3.839	70.00	0.437
410.263	0.05	Adapter 3839Hz	55	3.839	70.00	0.437
410.523	0.05	Adapter 3839Hz	55	3.839	70.00	0.437
410.603	0.05	Adapter 3839Hz	55	3.839	70.00	0.437
410.683	0.05	Adapter 3839Hz	55	3.839	70.00	0.437
410.763	0.05	Adapter 3839Hz	55	3.839	70.00	0.437
411.023	0.05	Adapter 3839Hz	55	3.839	70.00	0.437
411.103	0.05	Adapter 3839Hz	55	3.839	70.00	0.437
411.183	0.05	Adapter 3839Hz	55	3.839	70.00	0.437
411.263	0.05	Adapter 3839Hz	55	3.839	70.00	0.437
411.523	0.05	Adapter 3839Hz	55	3.839	70.00	0.437
411.603	0.05	Adapter 3839Hz	55	3.839	70.00	0.437
411.683	0.05	Adapter 3839Hz	55	3.839	70.00	0.437
411.763	0.05	Adapter 3839Hz	55	3.839	70.00	0.437
412.023	0.05	Adapter 3839Hz	55	3.839	70.00	0.437
412.103	0.05	Adapter 3839Hz	55	3.839	70.00	0.437
412.183	0.05	Adapter 3839Hz	55	3.839	70.00	0.437
412.263	0.05	Adapter 3839Hz	55	3.839	70.00	0.437
430.05	0.05	Adapter 2423Hz	58	2.423	70.00	0.285
430.13	0.05	Adapter 2423Hz	58	2.423	70.00	0.285
430.21	0.05	Adapter 2423Hz	58	2.423	70.00	0.285
430.29	0.05	Adapter 2423Hz	58	2.423	70.00	0.285
430.55	0.05	Adapter 2423Hz	58	2.423	70.00	0.285
430.63	0.05	Adapter 2423Hz	58	2.423	70.00	0.285
430.71	0.05	Adapter 2423Hz	58	2.423	70.00	0.285
430.79	0.05	Adapter 2423Hz	58	2.423	70.00	0.285
431.05	0.05	Adapter 2423Hz	58	2.423	70.00	0.285
431.13	0.05	Adapter 2423Hz	58	2.423	70.00	0.285
431.21	0.05	Adapter 2423Hz	58	2.423	70.00	0.285
431.29	0.05	Adapter 2423Hz	58	2.423	70.00	0.285
431.55	0.05	Adapter 2423Hz	58	2.423	70.00	0.285
431.63	0.05	Adapter 2423Hz	58	2.423	70.00	0.285
431.71	0.05	Adapter 2423Hz	58	2.423	70.00	0.285
431.79	0.05	Adapter 2423Hz	58	2.423	70.00	0.285
432.05	0.05	Adapter 2423Hz	58	2.423	70.00	0.285
432.13	0.05	Adapter 2423Hz	58	2.423	70.00	0.285
432.21	0.05	Adapter 2423Hz	58	2.423	70.00	0.285
432.29	0.05	Adapter 2423Hz	58	2.423	70.00	0.285
432.55	0.05	Adapter 2423Hz	58	2.423	70.00	0.285
432.63	0.05	Adapter 2423Hz	58	2.423	70.00	0.285
432.71	0.05	Adapter 2423Hz	58	2.423	70.00	0.285
432.79	0.05	Adapter 2423Hz	58	2.423	70.00	0.285
433.05	0.05	Adapter 2423Hz	58	2.423	70.00	0.285
433.13	0.05	Adapter 2423Hz	58	2.423	70.00	0.285
433.21	0.05	Adapter 2423Hz	58	2.423	70.00	0.285
433.29	0.05	Adapter 2423Hz	58	2.423	70.00	0.285
433.55	0.05	Adapter 2423Hz	58	2.423	70.00	0.285
433.63	0.05	Adapter 2423Hz	58	2.423	70.00	0.285
433.71	0.05	Adapter 2423Hz	58	2.423	70.00	0.285
433.79	0.05	Adapter 2423Hz	58	2.423	70.00	0.285
434.05	0.05	Adapter 2423Hz	58	2.423	70.00	0.285
434.13	0.05	Adapter 2423Hz	58	2.423	70.00	0.285
434.21	0.05	Adapter 2423Hz	58	2.423	70.00	0.285
434.29	0.05	Adapter 2423Hz	58	2.423	70.00	0.285
434.55	0.05	Adapter 2423Hz	58	2.423	70.00	0.285
434.63	0.05	Adapter 2423Hz	58	2.423	70.00	0.285
434.71	0.05	Adapter 2423Hz	58	2.423	70.00	0.285
434.79	0.05	Adapter 2423Hz	58	2.423	70.00	0.285
437.553	0.05	Adapter 251Hz	59	0.251	70.00	0.052
437.633	0.05	Adapter 251Hz	59	0.251	70.00	0.052
437.713	0.05	Adapter 251Hz	59	0.251	70.00	0.052
437.793	0.05	Adapter 251Hz	59	0.251	70.00	0.052
438.053	0.05	Adapter 251Hz	59	0.251	70.00	0.052
438.133	0.05	Adapter 251Hz	59	0.251	70.00	0.052
438.213	0.05	Adapter 251Hz	59	0.251	70.00	0.052
438.293	0.05	Adapter 251Hz	59	0.251	70.00	0.052
438.553	0.05	Adapter 251Hz	59	0.251	70.00	0.052
438.633	0.05	Adapter 251Hz	59	0.251	70.00	0.052
438.713	0.05	Adapter 251Hz	59	0.251	70.00	0.052
438.793	0.05	Adapter 251Hz	59	0.251	70.00	0.052
439.053	0.05	Adapter 251Hz	59	0.251	70.00	0.052
439.133	0.05	Adapter 251Hz	59	0.251	70.00	0.052
439.213	0.05	Adapter 251Hz	59	0.251	70.00	0.052
439.293	0.05	Adapter 251Hz	59	0.251	70.00	0.052
439.553	0.05	Adapter 251Hz	59	0.251	70.00	0.052
439.633	0.05	Adapter 251Hz	59	0.251	70.00	0.052
439.713	0.05	Adapter 251Hz	59	0.251	70.00	0.052
439.793	0.05	Adapter 251Hz	59	0.251	70.00	0.052
440.053	0.05	Adapter 251Hz	59	0.251	70.00	0.052
440.133	0.05	Adapter 251Hz	59	0.251	70.00	0.052
440.213	0.05	Adapter 251Hz	59	0.251	70.00	0.052
440.293	0.05	Adapter 251Hz	59	0.251	70.00	0.052
440.553	0.05	Adapter 251Hz	59	0.251	70.00	0.052
440.633	0.05	Adapter 251Hz	59	0.251	70.00	0.052
440.713	0.05	Adapter 251Hz	59	0.251	70.00	0.052
440.793	0.05	Adapter 251Hz	59	0.251	70.00	0.052
441.053	0.05	Adapter 251Hz	59	0.251	70.00	0.052
441.133	0.05	Adapter 251Hz	59	0.251	70.00	0.052
441.213	0.05	Adapter 251Hz	59	0.251	70.00	0.052
441.293	0.05	Adapter 251Hz	59	0.251	70.00	0.052
441.553	0.05	Adapter 251Hz	59	0.251	70.00	0.052
441.633	0.05	Adapter 251Hz	59	0.251	70.00	0.052
441.713	0.05	Adapter 251Hz	59	0.251	70.00	0.052
441.793	0.05	Adapter 251Hz	59	0.251	70.00	0.052
442.053	0.05	Adapter 251Hz	59	0.251	70.00	0.052
442.133	0.05	Adapter 251Hz	59	0.251	70.00	0.052
442.213	0.05	Adapter 251Hz	59	0.251	70.00	0.052
442.293	0.05	Adapter 251Hz	59	0.251	70.00	0.052
445.01	0.05	Adapter 1501Hz	60	1.501	70.00	0.186
445.09	0.05	Adapter 1501Hz	60	1.501	70.00	0.186
445.17	0.05	Adapter 1501Hz	60	1.501	70.00	0.186
445.25	0.05	Adapter 1501Hz	60	1.501	70.00	0.186
445.51	0.05	Adapter 1501Hz	60	1.501	70.00	0.186
445.59	0.05	Adapter 1501Hz	60	1.501	70.00	0.186
445.67	0.05	Adapter 1501Hz	60	1.501	70.00	0.186
445.75	0.05	Adapter 1501Hz	60	1.501	70.00	0.186
446.01	0.05	Adapter 1501Hz	60	1.501	70.00	0.186
446.09	0.05	Adapter 1501Hz	60	1.501	70.00	0.186
446.17	0.05	Adapter 1501Hz	60	1.501	70.00	0.186
446.25	0.05	Adapter 1501Hz	60	1.501	70.00	0.186
446.51	0.05	Adapter 1501Hz	60	1.501	70.00	0.186
446.59	0.05	Adapter 1501Hz	60	1.501	70.00	0.186
446.67	0.05	Adapter 1501Hz	60	1.501	70.00	0.186
446.75	0.05	Adapter 1501Hz	60	1.501	70.00	0.186
447.01	0.05	Adapter 1501Hz	60	1.501	70.00	0.186
447.09	0.05	Adapter 1501Hz	60	1.501	70.00	0.186
447.17	0.05	Adapter 1501Hz	60	1.501	70.00	0.186
447.25	0.05	Adapter 1501Hz	60	1.501	70.00	0.186
447.51	0.05	Adapter 1501Hz	60	1.501	70.00	0.186
447.59	0.05	Adapter 1501Hz	60	1.501	70.00	0.186
447.67	0.05	Adapter 1501Hz	60	1.501	70.00	0.186
447.75	0.05	Adapter 1501Hz	60	1.501	70.00	0.186
448.01	0.05	Adapter 1501Hz	60	1.501	70.00	0.186
448.09	0.05	Adapter 1501Hz	60	1.501	70.00	0.186
448.17	0.05	Adapter 1501Hz	60	1.501	70.00	0.186
448.25	0.05	Adapter 1501Hz	60	1.501	70.00	0.186
448.51	0.05	Adapter 1501Hz	60	1.501	70.00	0.186
448.59	0.05	Adapter 1501Hz	60	1.501	70.00	0.186
448.67	0.05	Adapter 1501Hz	60	1.501	70.00	0.186
448.75	0.05	Adapter 1501Hz	60	1.501	70.00	0.186
449.01	0.05	Adapter 1501Hz	60	1.501	70.00	0.186
449.09	0.05	Adapter 1501Hz	60	1.501	70.00	0.186
449.17	0.05	Adapter 1501Hz	60	1.501	70.00	0.186
449.25	0.05	Adapter 1501Hz	60	1.501	70.00	0.186
449.51	0.05	Adapter 1501Hz	60	1.501	70.00	0.186
449.59	0.05	Adapter 1501Hz	60	1.501	70.00	0.186
449.67	0.05	Adapter 1501Hz	60	1.501	70.00	0.186
449.75	0.05	Adapter 1501Hz	60	1.501	70.00	0.186
452.514	0.05	Adapter 507Hz Probe 3839Hz	61	0.507	70.00	0.079
452.594	0.05	Adapter 507Hz Probe 3839Hz	61	0.507	70.00	0.079
452.674	0.05	Adapter 507Hz Probe 3839Hz	61	0.507	70.00	0.079
452.754	0.05	Adapter 507Hz Probe 3839Hz	61	0.507	70.00	0.079
452.834	0.05	Adapter 507Hz Probe 3839Hz	61	3.839	70.00	0.437
453.014	0.05	Adapter 507Hz Probe 3839Hz	61	0.507	70.00	0.079
453.094	0.05	Adapter 507Hz Probe 3839Hz	61	0.507	70.00	0.079
453.174	0.05	Adapter 507Hz Probe 3839Hz	61	0.507	70.00	0.079
453.254	0.05	Adapter 507Hz Probe 3839Hz	61	0.507	70.00	0.079
453.334	0.05	Adapter 507Hz Probe 3839Hz	61	3.839	70.00	0.437
453.514	0.05	Adapter 507Hz Probe 3839Hz	61	0.507	70.00	0.079
453.594	0.05	Adapter 507Hz Probe 3839Hz	61	0.507	70.00	0.079
453.674	0.05	Adapter 507Hz Probe 3839Hz	61	0.507	70.00	0.079
453.754	0.05	Adapter 507Hz Probe 3839Hz	61	0.507	70.00	0.079
453.834	0.05	Adapter 507Hz Probe 3839Hz	61	3.839	70.00	0.437
454.014	0.05	Adapter 507Hz Probe 3839Hz	61	0.507	70.00	0.079
454.094	0.05	Adapter 507Hz Probe 3839Hz	61	0.507	70.00	0.079
454.174	0.05	Adapter 507Hz Probe 3839Hz	61	0.507	70.00	0.079
454.254	0.05	Adapter 507Hz Probe 3839Hz	61	0.507	70.00	0.079
454.334	0.05	Adapter 507Hz Probe 3839Hz	61	3.839	70.00	0.437
454.514	0.05	Adapter 507Hz Probe 3839Hz	61	0.507	70.00	0.079
454.594	0.05	Adapter 507Hz Probe 3839Hz	61	0.507	70.00	0.079
454.674	0.05	Adapter 507Hz Probe 3839Hz	61	0.507	70.00	0.079
454.754	0.05	Adapter 507Hz Probe 3839Hz	61	0.507	70.00	0.079
454.834	0.05	Adapter 507Hz Probe 3839Hz	61	3.839	70.00	0.437
455.014	0.05	Adapter 507Hz Probe 3839Hz	61	0.507	70.00	0.079
455.094	0.05	Adapter 507Hz Probe 3839Hz	61	0.507	70.00	0.079
455.174	0.05	Adapter 507Hz Probe 3839Hz	61	0.507	70.00	0.079
455.254	0.05	Adapter 507Hz Probe 3839Hz	61	0.507	70.00	0.079
455.334	0.05	Adapter 507Hz Probe 3839Hz	61	3.839	70.00	0.437
455.514	0.05	Adapter 507Hz Probe 3839Hz	61	0.507	70.00	0.079
455.594	0.05	Adapter 507Hz Probe 3839Hz	61	0.507	70.00	0.079
455.674	0.05	Adapter 507Hz Probe 3839Hz	61	0.507	70.00	0.079
455.754	0.05	Adapter 507Hz Probe 3839Hz	61	0.507	70.00	0.079
455.834	0.05	Adapter 507Hz Probe 3839Hz	61	3.839	70.00	0.437
456.014	0.05	Adapter 507Hz Probe 3839Hz	61	0.507	70.00	0.079
456.094	0.05	Adapter 507Hz Probe 3839Hz	61	0.507	70.00	0.079
456.174	0.05	Adapter 507Hz Probe 3839Hz	61	0.507	70.00	0.079
456.254	0.05	Adapter 507Hz Probe 3839Hz	61	0.507	70.00	0.079
456.334	0.05	Adapter 507Hz Probe 3839Hz	61	3.839	70.00	0.437
456.514	0.05	Adapter 507Hz Probe 3839Hz	61	0.507	70.00	0.079
456.594	0.05	Adapter 507Hz Probe 3839Hz	61	0.507	70.00	0.079
456.674	0.05	Adapter 507Hz Probe 3839Hz	61	0.507	70.00	0.079
456.754	0.05	Adapter 507Hz Probe 3839Hz	61	0.507	70.00	0.079
456.834	0.05	Adapter 507Hz Probe 3839Hz	61	3.839	70.00	0.437
457.014	0.05	Adapter 507Hz Probe 3839Hz	61	0.507	70.00	0.079
457.094	0.05	Adapter 507Hz Probe 3839Hz	61	0.507	70.00	0.079
457.174	0.05	Adapter 507Hz Probe 3839Hz	61	0.507	70.00	0.079
457.254	0.05	Adapter 507Hz Probe 3839Hz	61	0.507	70.00	0.079
457.334	0.05	Adapter 507Hz Probe 3839Hz	61	3.839	70.00	0.437
460.064	0.05	Adapter 507Hz	62	0.507	70.00	0.079
460.144	0.05	Adapter 507Hz	62	0.507	70.00	0.079
460.224	0.05	Adapter 507Hz	62	0.507	70.00	0.079
460.304	0.05	Adapter 507Hz	62	0.507	70.00	0.079
460.564	0.05	Adapter 507Hz	62	0.507	70.00	0.079
460.644	0.05	Adapter 507Hz	62	0.507	70.00	0.079
460.724	0.05	Adapter 507Hz	62	0.507	70.00	0.079
460.804	0.05	Adapter 507Hz	62	0.507	70.00	0.079
461.064	0.05	Adapter 507Hz	62	0.507	70.00	0.079
461.144	0.05	Adapter 507Hz	62	0.507	70.00	0.079
461.224	0.05	Adapter 507Hz	62	0.507	70.00	0.079
461.304	0.05	Adapter 507Hz	62	0.507	70.00	0.079
461.564	0.05	Adapter 507Hz	62	0.507	70.00	0.079
461.644	0.05	Adapter 507Hz	62	0.507	70.00	0.079
461.724	0.05	Adapter 507Hz	62	0.507	70.00	0.079
461.804	0.05	Adapter 507Hz	62	0.507	70.00	0.079
462.064	0.05	Adapter 507Hz	62	0.507	70.00	0.079
462.144	0.05	Adapter 507Hz	62	0.507	70.00	0.079
462.224	0.05	Adapter 507Hz	62	0.507	70.00	0.079
462.304	0.05	Adapter 507Hz	62	0.507	70.00	0.079
462.564	0.05	Adapter 507Hz	62	0.507	70.00	0.079
462.644	0.05	Adapter 507Hz	62	0.507	70.00	0.079
462.724	0.05	Adapter 507Hz	62	0.507	70.00	0.079
462.804	0.05	Adapter 507Hz	62	0.507	70.00	0.079
463.064	0.05	Adapter 507Hz	62	0.507	70.00	0.079
463.144	0.05	Adapter 507Hz	62	0.507	70.00	0.079
463.224	0.05	Adapter 507Hz	62	0.507	70.00	0.079
463.304	0.05	Adapter 507Hz	62	0.507	70.00	0.079
463.564	0.05	Adapter 507Hz	62	0.507	70.00	0.079
463.644	0.05	Adapter 507Hz	62	0.507	70.00	0.079
463.724	0.05	Adapter 507Hz	62	0.507	70.00	0.079
463.804	0.05	Adapter 507Hz	62	0.507	70.00	0.079
464.064	0.05	Adapter 507Hz	62	0.507	70.00	0.079
464.144	0.05	Adapter 507Hz	62	0.507	70.00	0.079
464.224	0.05	Adapter 507Hz	62	0.507	70.00	0.079
464.304	0.05	Adapter 507Hz	62	0.507	70.00	0.079
464.564	0.05	Adapter 507Hz	62	0.507	70.00	0.079
464.644	0.05	Adapter 507Hz	62	0.507	70.00	0.079
464.724	0.05	Adapter 507Hz	62	0.507	70.00	0.079
464.804	0.05	Adapter 507Hz	62	0.507	70.00	0.079
467.537	0.05	Adapter 3839Hz Probe 3839Hz	63	3.839	70.00	0.437
467.617	0.05	Adapter 3839Hz Probe 3839Hz	63	3.839	70.00	0.437
467.697	0.05	Adapter 3839Hz Probe 3839Hz	63	3.839	70.00	0.437
467.777	0.05	Adapter 3839Hz Probe 3839Hz	63	3.839	70.00	0.437
467.857	0.05	Adapter 3839Hz Probe 3839Hz	63	3.839	70.00	0.437
468.037	0.05	Adapter 3839Hz Probe 3839Hz	63	3.839	70.00	0.437
468.117	0.05	Adapter 3839Hz Probe 3839Hz	63	3.839	70.00	0.437
468.197	0.05	Adapter 3839Hz Probe 3839Hz	63	3.839	70.00	0.437
468.277	0.05	Adapter 3839Hz Probe 3839Hz	63	3.839	70.00	0.437
468.357	0.05	Adapter 3839Hz Probe 3839Hz	63	3.839	70.00	0.437
468.537	0.05	Adapter 3839Hz Probe 3839Hz	63	3.839	70.00	0.437
468.617	0.05	Adapter 3839Hz Probe 3839Hz	63	3.839	70.00	0.437
468.697	0.05	Adapter 3839Hz Probe 3839Hz	63	3.839	70.00	0.437
468.777	0.05	Adapter 3839Hz Probe 3839Hz	63	3.839	70.00	0.437
468.857	0.05	Adapter 3839Hz Probe 3839Hz	63	3.839	70.00	0.437
469.037	0.05	Adapter 3839Hz Probe 3839Hz	63	3.839	70.00	0.437
469.117	0.05	Adapter 3839Hz Probe 3839Hz	63	3.839	70.00	0.437
469.197	0.05	Adapter 3839Hz Probe 3839Hz	63	3.839	70.00	0.437
469.277	0.05	Adapter 3839Hz Probe 3839Hz	63	3.839	70.00	0.437
469.357	0.05	Adapter 3839Hz Probe 3839Hz	63	3.839	70.00	0.437
469.537	0.05	Adapter 3839Hz Probe 3839Hz	63	3.839	70.00	0.437
469.617	0.05	Adapter 3839Hz Probe 3839Hz	63	3.839	70.00	0.437
469.697	0.05	Adapter 3839Hz Probe 3839Hz	63	3.839	70.00	0.437
469.777	0.05	Adapter 3839Hz Probe 3839Hz	63	3.839	70.00	0.437
469.857	0.05	Adapter 3839Hz Probe 3839Hz	63	3.839	70.00	0.437
470.037	0.05	Adapter 3839Hz Probe 3839Hz	63	3.839	70.00	0.437
470.117	0.05	Adapter 3839Hz Probe 3839Hz	63	3.839	70.00	0.437
470.197	0.05	Adapter 3839Hz Probe 3839Hz	63	3.839	70.00	0.437
470.277	0.05	Adapter 3839Hz Probe 3839Hz	63	3.839	70.00	0.437
470.357	0.05	Adapter 3839Hz Probe 3839Hz	63	3.839	70.00	0.437
470.537	0.05	Adapter 3839Hz Probe 3839Hz	63	3.839	70.00	0.437
470.617	0.05	Adapter 3839Hz Probe 3839Hz	63	3.839	70.00	0.437
470.697	0.05	Adapter 3839Hz Probe 3839Hz	63	3.839	70.00	0.437
470.777	0.05	Adapter 3839Hz Probe 3839Hz	63	3.839	70.00	0.437
470.857	0.05	Adapter 3839Hz Probe 3839Hz	63	3.839	70.00	0.437
471.037	0.05	Adapter 3839Hz Probe 3839Hz	63	3.839	70.00	0.437
471.117	0.05	Adapter 3839Hz Probe 3839Hz	63	3.839	70.00	0.437
471.197	0.05	Adapter 3839Hz Probe 3839Hz	63	3.839	70.00	0.437
471.277	0.05	Adapter 3839Hz Probe 3839Hz	63	3.839	70.00	0.437
471.357	0.05	Adapter 3839Hz Probe 3839Hz	63	3.839	70.00	0.437
471.537	0.05	Adapter 3839Hz Probe 3839Hz	63	3.839	70.00	0.437
471.617	0.05	Adapter 3839Hz Probe 3839Hz	63	3.839	70.00	0.437
471.697	0.05	Adapter 3839Hz Probe 3839Hz	63	3.839	70.00	0.437
471.777	0.05	Adapter 3839Hz Probe 3839Hz	63	3.839	70.00	0.437
471.857	0.05	Adapter 3839Hz Probe 3839Hz	63	3.839	70.00	0.437
472.037	0.05	Adapter 3839Hz Probe 3839Hz	63	3.839	70.00	0.437
472.117	0.05	Adapter 3839Hz Probe 3839Hz	63	3.839	70.00	0.437
472.197	0.05	Adapter 3839Hz Probe 3839Hz	63	3.839	70.00	0.437
472.277	0.05	Adapter 3839Hz Probe 3839Hz	63	3.839	70.00	0.437
472.357	0.05	Adapter 3839Hz Probe 3839Hz	63	3.839	70.00	0.437
475.025	0.05	Adapter 1501Hz Probe 3839Hz	64	1.501	70.00	0.186
475.105	0.05	Adapter 1501Hz Probe 3839Hz	64	1.501	70.00	0.186
475.185	0.05	Adapter 1501Hz Probe 3839Hz	64	1.501	70.00	0.186
475.265	0.05	Adapter 1501Hz Probe 3839Hz	64	1.501	70.00	0.186
475.345	0.05	Adapter 1501Hz Probe 3839Hz	64	3.839	70.00	0.437
475.525	0.05	Adapter 1501Hz Probe 3839Hz	64	1.501	70.00	0.186
475.605	0.05	Adapter 1501Hz Probe 3839Hz	64	1.501	70.00	0.186
475.685	0.05	Adapter 1501Hz Probe 3839Hz	64	1.501	70.00	0.186
475.765	0.05	Adapter 1501Hz Probe 3839Hz	64	1.501	70.00	0.186
475.845	0.05	Adapter 1501Hz Probe 3839Hz	64	3.839	70.00	0.437
476.025	0.05	Adapter 1501Hz Probe 3839Hz	64	1.501	70.00	0.186
476.105	0.05	Adapter 1501Hz Probe 3839Hz	64	1.501	70.00	0.186
476.185	0.05	Adapter 1501Hz Probe 3839Hz	64	1.501	70.00	0.186
476.265	0.05	Adapter 1501Hz Probe 3839Hz	64	1.501	70.00	0.186
476.345	0.05	Adapter 1501Hz Probe 3839Hz	64	3.839	70.00	0.437
476.525	0.05	Adapter 1501Hz Probe 3839Hz	64	1.501	70.00	0.186
476.605	0.05	Adapter 1501Hz Probe 3839Hz	64	1.501	70.00	0.186
476.685	0.05	Adapter 1501Hz Probe 3839Hz	64	1.501	70.00	0.186
476.765	0.05	Adapter 1501Hz Probe 3839Hz	64	1.501	70.00	0.186
476.845	0.05	Adapter 1501Hz Probe 3839Hz	64	3.839	70.00	0.437
477.025	0.05	Adapter 1501Hz Probe 3839Hz	64	1.501	70.00	0.186
477.105	0.05	Adapter 1501Hz Probe 3839Hz	64	1.501	70.00	0.186
477.185	0.05	Adapter 1501Hz Probe 3839Hz	64	1.501	70.00	0.186
477.265	0.05	Adapter 1501Hz Probe 3839Hz	64	1.501	70.00	0.186
477.345	0.05	Adapter 1501Hz Probe 3839Hz	64	3.839	70.00	0.437
477.525	0.05	Adapter 1501Hz Probe 3839Hz	64	1.501	70.00	0.186
477.605	0.05	Adapter 1501Hz Probe 3839Hz	64	1.501	70.00	0.186
477.685	0.05	Adapter 1501Hz Probe 3839Hz	64	1.501	70.00	0.186
477.765	0.05	Adapter 1501Hz Probe 3839Hz	64	1.501	70.00	0.186
477.845	0.05	Adapter 1501Hz Probe 3839Hz	64	3.839	70.00	0.437
478.025	0.05	Adapter 1501Hz Probe 3839Hz	64	1.501	70.00	0.186
478.105	0.05	Adapter 1501Hz Probe 3839Hz	64	1.501	70.00	0.186
478.185	0.05	Adapter 1501Hz Probe 3839Hz	64	1.501	70.00	0.186
478.265	0.05	Adapter 1501Hz Probe 3839Hz	64	1.501	70.00	0.186
478.345	0.05	Adapter 1501Hz Probe 3839Hz	64	3.839	70.00	0.437
478.525	0.05	Adapter 1501Hz Probe 3839Hz	64	1.501	70.00	0.186
478.605	0.05	Adapter 1501Hz Probe 3839Hz	64	1.501	70.00	0.186
478.685	0.05	Adapter 1501Hz Probe 3839Hz	64	1.501	70.00	0.186
478.765	0.05	Adapter 1501Hz Probe 3839Hz	64	1.501	70.00	0.186
478.845	0.05	Adapter 1501Hz Probe 3839Hz	64	3.839	70.00	0.437
479.025	0.05	Adapter 1501Hz Probe 3839Hz	64	1.501	70.00	0.186
479.105	0.05	Adapter 1501Hz Probe 3839Hz	64	1.501	70.00	0.186
479.185	0.05	Adapter 1501Hz Probe 3839Hz	64	1.501	70.00	0.186
479.265	0.05	Adapter 1501Hz Probe 3839Hz	64	1.501	70.00	0.186
479.345	0.05	Adapter 1501Hz Probe 3839Hz	64	3.839	70.00	0.437
479.525	0.05	Adapter 1501Hz Probe 3839Hz	64	1.501	70.00	0.186
479.605	0.05	Adapter 1501Hz Probe 3839Hz	64	1.501	70.00	0.186
479.685	0.05	Adapter 1501Hz Probe 3839Hz	64	1.501	70.00	0.186
479.765	0.05	Adapter 1501Hz Probe 3839Hz	64	1.501	70.00	0.186
479.845	0.05	Adapter 1501Hz Probe 3839Hz	64	3.839	70.00	0.437
