onset	duration	trial_type	scan	frequency_kHz	level_dB_SPL	bandwidth_kHz
2.5	0.05	Adapter 3839Hz	1	3.839	70.00	0.437
2.58	0.05	Adapter 3839Hz	1	3.839	70.00	0.437
2.66	0.05	Adapter 3839Hz	1	3.839	70.00	0.437
2.74	0.05	Adapter 3839Hz	1	3.839	70.00	0.437
3.0	0.05	Adapter 3839Hz	1	3.839	70.00	0.437
3.08	0.05	Adapter 3839Hz	1	3.839	70.00	0.437
3.16	0.05	Adapter 3839Hz	1	3.839	70.00	0.437
3.24	0.05	Adapter 3839Hz	1	3.839	70.00	0.437
3.5	0.05	Adapter 3839Hz	1	3.839	70.00	0.437
3.58	0.05	Adapter 3839Hz	1	3.839	70.00	0.437
3.66	0.05	Adapter 3839Hz	1	3.839	70.00	0.437
3.74	0.05	Adapter 3839Hz	1	3.839	70.00	0.437
4.0	0.05	Adapter 3839Hz	1	3.839	70.00	0.437
4.08	0.05	Adapter 3839Hz	1	3.839	70.00	0.437
4.16	0.05	Adapter 3839Hz	1	3.839	70.00	0.437
4.24	0.05	Adapter 3839Hz	1	3.839	70.00	0.437
4.5	0.05	Adapter 3839Hz	1	3.839	70.00	0.437
4.58	0.05	Adapter 3839Hz	1	3.839	70.00	0.437
4.66	0.05	Adapter 3839Hz	1	3.839	70.00	0.437
4.74	0.05	Adapter 3839Hz	1	3.839	70.00	0.437
5.0	0.05	Adapter 3839Hz	1	3.839	70.00	0.437
5.08	0.05	Adapter 3839Hz	1	3.839	70.00	0.437
5.16	0.05	Adapter 3839Hz	1	3.839	70.00	0.437
5.24	0.05	Adapter 3839Hz	1	3.839	70.00	0.437
5.5	0.05	Adapter 3839Hz	1	3.839	70.00	0.437
5.58	0.05	Adapter 3839Hz	1	3.839	70.00	0.437
5.66	0.05	Adapter 3839Hz	1	3.839	70.00	0.437
5.74	0.05	Adapter 3839Hz	1	3.839	70.00	0.437
6.0	0.05	Adapter 3839Hz	1	3.839	70.00	0.437
6.08	0.05	Adapter 3839Hz	1	3.839	70.00	0.437
6.16	0.05	Adapter 3839Hz	1	3.839	70.00	0.437
6.24	0.05	Adapter 3839Hz	1	3.839	70.00	0.437
6.5	0.05	Adapter 3839Hz	1	3.839	70.00	0.437
6.58	0.05	Adapter 3839Hz	1	3.839	70.00	0.437
6.66	0.05	Adapter 3839Hz	1	3.839	70.00	0.437
6.74	0.05	Adapter 3839Hz	1	3.839	70.00	0.437
7.0	0.05	Adapter 3839Hz	1	3.839	70.00	0.437
7.08	0.05	Adapter 3839Hz	1	3.839	70.00	0.437
7.16	0.05	Adapter 3839Hz	1	3.839	70.00	0.437
7.24	0.05	Adapter 3839Hz	1	3.839	70.00	0.437
10.019	0.05	Adapter 1501Hz	2	1.501	70.00	0.186
10.099	0.05	Adapter 1501Hz	2	1.501	70.00	0.186
10.179	0.05	Adapter 1501Hz	2	1.501	70.00	0.186
10.259	0.05	Adapter 1501Hz	2	1.501	70.00	0.186
10.519	0.05	Adapter 1501Hz	2	1.501	70.00	0.186
10.599	0.05	Adapter 1501Hz	2	1.501	70.00	0.186
10.679	0.05	Adapter 1501Hz	2	1.501	70.00	0.186
10.759	0.05	Adapter 1501Hz	2	1.501	70.00	0.186
11.019	0.05	Adapter 1501Hz	2	1.501	70.00	0.186
11.099	0.05	Adapter 1501Hz	2	1.501	70.00	0.186
11.179	0.05	Adapter 1501Hz	2	1.501	70.00	0.186
11.259	0.05	Adapter 1501Hz	2	1.501	70.00	0.186
11.519	0.05	Adapter 1501Hz	2	1.501	70.00	0.186
11.599	0.05	Adapter 1501Hz	2	1.501	70.00	0.186
11.679	0.05	Adapter 1501Hz	2	1.501	70.00	0.186
11.759	0.05	Adapter 1501Hz	2	1.501	70.00	0.186
12.019	0.05	Adapter 1501Hz	2	1.501	70.00	0.186
12.099	0.05	Adapter 1501Hz	2	1.501	70.00	0.186
12.179	0.05	Adapter 1501Hz	2	1.501	70.00	0.186
12.259	0.05	Adapter 1501Hz	2	1.501	70.00	0.186
12.519	0.05	Adapter 1501Hz	2	1.501	70.00	0.186
12.599	0.05	Adapter 1501Hz	2	1.501	70.00	0.186
12.679	0.05	Adapter 1501Hz	2	1.501	70.00	0.186
12.759	0.05	Adapter 1501Hz	2	1.501	70.00	0.186
13.019	0.05	Adapter 1501Hz	2	1.501	70.00	0.186
13.099	0.05	Adapter 1501Hz	2	1.501	70.00	0.186
13.179	0.05	Adapter 1501Hz	2	1.501	70.00	0.186
13.259	0.05	Adapter 1501Hz	2	1.501	70.00	0.186
13.519	0.05	Adapter 1501Hz	2	1.501	70.00	0.186
13.599	0.05	Adapter 1501Hz	2	1.501	70.00	0.186
13.679	0.05	Adapter 1501Hz	2	1.501	70.00	0.186
13.759	0.05	Adapter 1501Hz	2	1.501	70.00	0.186
14.019	0.05	Adapter 1501Hz	2	1.501	70.00	0.186
14.099	0.05	Adapter 1501Hz	2	1.501	70.00	0.186
14.179	0.05	Adapter 1501Hz	2	1.501	70.00	0.186
14.259	0.05	Adapter 1501Hz	2	1.501	70.00	0.186
14.519	0.05	Adapter 1501Hz	2	1.501	70.00	0.186
14.599	0.05	Adapter 1501Hz	2	1.501	70.00	0.186
14.679	0.05	Adapter 1501Hz	2	1.501	70.00	0.186
14.759	0.05	Adapter 1501Hz	2	1.501	70.00	0.186
17.492	0.05	Adapter 2423Hz Probe 3839Hz	3	2.423	70.00	0.285
17.572	0.05	Adapter 2423Hz Probe 3839Hz	3	2.423	70.00	0.285
17.652	0.05	Adapter 2423Hz Probe 3839Hz	3	2.423	70.00	0.285
17.732	0.05	Adapter 2423Hz Probe 3839Hz	3	2.423	70.00	0.285
17.812	0.05	Adapter 2423Hz Probe 3839Hz	3	3.839	70.00	0.437
17.992	0.05	Adapter 2423Hz Probe 3839Hz	3	2.423	70.00	0.285
18.072	0.05	Adapter 2423Hz Probe 3839Hz	3	2.423	70.00	0.285
18.152	0.05	Adapter 2423Hz Probe 3839Hz	3	2.423	70.00	0.285
18.232	0.05	Adapter 2423Hz Probe 3839Hz	3	2.423	70.00	0.285
18.312	0.05	Adapter 2423Hz Probe 3839Hz	3	3.839	70.00	0.437
18.492	0.05	Adapter 2423Hz Probe 3839Hz	3	2.423	70.00	0.285
18.572	0.05	Adapter 2423Hz Probe 3839Hz	3	2.423	70.00	0.285
18.652	0.05	Adapter 2423Hz Probe 3839Hz	3	2.423	70.00	0.285
18.732	0.05	Adapter 2423Hz Probe 3839Hz	3	2.423	70.00	0.285
18.812	0.05	Adapter 2423Hz Probe 3839Hz	3	3.839	70.00	0.437
18.992	0.05	Adapter 2423Hz Probe 3839Hz	3	2.423	70.00	0.285
19.072	0.05	Adapter 2423Hz Probe 3839Hz	3	2.423	70.00	0.285
19.152	0.05	Adapter 2423Hz Probe 3839Hz	3	2.423	70.00	0.285
19.232	0.05	Adapter 2423Hz Probe 3839Hz	3	2.423	70.00	0.285
19.312	0.05	Adapter 2423Hz Probe 3839Hz	3	3.839	70.00	0.437
19.492	0.05	Adapter 2423Hz Probe 3839Hz	3	2.423	70.00	0.285
19.572	0.05	Adapter 2423Hz Probe 3839Hz	3	2.423	70.00	0.285
19.652	0.05	Adapter 2423Hz Probe 3839Hz	3	2.423	70.00	0.285
19.732	0.05	Adapter 2423Hz Probe 3839Hz	3	2.423	70.00	0.285
19.812	0.05	Adapter 2423Hz Probe 3839Hz	3	3.839	70.00	0.437
19.992	0.05	Adapter 2423Hz Probe 3839Hz	3	2.423	70.00	0.285
20.072	0.05	Adapter 2423Hz Probe 3839Hz	3	2.423	70.00	0.285
20.152	0.05	Adapter 2423Hz Probe 3839Hz	3	2.423	70.00	0.285
20.232	0.05	Adapter 2423Hz Probe 3839Hz	3	2.423	70.00	0.285
20.312	0.05	Adapter 2423Hz Probe 3839Hz	3	3.839	70.00	0.437
20.492	0.05	Adapter 2423Hz Probe 3839Hz	3	2.423	70.00	0.285
20.572	0.05	Adapter 2423Hz Probe 3839Hz	3	2.423	70.00	0.285
20.652	0.05	Adapter 2423Hz Probe 3839Hz	3	2.423	70.00	0.285
20.732	0.05	Adapter 2423Hz Probe 3839Hz	3	2.423	70.00	0.285
20.812	0.05	Adapter 2423Hz Probe 3839Hz	3	3.839	70.00	0.437
20.992	0.05	Adapter 2423Hz Probe 3839Hz	3	2.423	70.00	0.285
21.072	0.05	Adapter 2423Hz Probe 3839Hz	3	2.423	70.00	0.285
21.152	0.05	Adapter 2423Hz Probe 3839Hz	3	2.423	70.00	0.285
21.232	0.05	Adapter 2423Hz Probe 3839Hz	3	2.423	70.00	0.285
21.312	0.05	Adapter 2423Hz Probe 3839Hz	3	3.839	70.00	0.437
21.492	0.05	Adapter 2423Hz Probe 3839Hz	3	2.423	70.00	0.285
21.572	0.05	Adapter 2423Hz Probe 3839Hz	3	2.423	70.00	0.285
21.652	0.05	Adapter 2423Hz Probe 3839Hz	3	2.423	70.00	0.285
21.732	0.05	Adapter 2423Hz Probe 3839Hz	3	2.423	70.00	0.285
21.812	0.05	Adapter 2423Hz Probe 3839Hz	3	3.839	70.00	0.437
21.992	0.05	Adapter 2423Hz Probe 3839Hz	3	2.423	70.00	0.285
22.072	0.05	Adapter 2423Hz Probe 3839Hz	3	2.423	70.00	0.285
22.152	0.05	Adapter 2423Hz Probe 3839Hz	3	2.423	70.00	0.285
22.232	0.05	Adapter 2423Hz Probe 3839Hz	3	2.423	70.00	0.285
22.312	0.05	Adapter 2423Hz Probe 3839Hz	3	3.839	70.00	0.437
25.362	0.05	Probe 3839Hz	4	3.839	70.00	0.437
25.862	0.05	Probe 3839Hz	4	3.839	70.00	0.437
26.362	0.05	Probe 3839Hz	4	3.839	70.00	0.437
26.862	0.05	Probe 3839Hz	4	3.839	70.00	0.437
27.362	0.05	Probe 3839Hz	4	3.839	70.00	0.437
27.862	0.05	Probe 3839Hz	4	3.839	70.00	0.437
28.362	0.05	Probe 3839Hz	4	3.839	70.00	0.437
28.862	0.05	Probe 3839Hz	4	3.839	70.00	0.437
29.362	0.05	Probe 3839Hz	4	3.839	70.00	0.437
29.862	0.05	Probe 3839Hz	4	3.839	70.00	0.437
32.515	0.05	Adapter 899Hz Probe 3839Hz	5	0.899	70.00	0.121
32.595	0.05	Adapter 899Hz Probe 3839Hz	5	0.899	70.00	0.121
32.675	0.05	Adapter 899Hz Probe 3839Hz	5	0.899	70.00	0.121
32.755	0.05	Adapter 899Hz Probe 3839Hz	5	0.899	70.00	0.121
32.835	0.05	Adapter 899Hz Probe 3839Hz	5	3.839	70.00	0.437
33.015	0.05	Adapter 899Hz Probe 3839Hz	5	0.899	70.00	0.121
33.095	0.05	Adapter 899Hz Probe 3839Hz	5	0.899	70.00	0.121
33.175	0.05	Adapter 899Hz Probe 3839Hz	5	0.899	70.00	0.121
33.255	0.05	Adapter 899Hz Probe 3839Hz	5	0.899	70.00	0.121
33.335	0.05	Adapter 899Hz Probe 3839Hz	5	3.839	70.00	0.437
33.515	0.05	Adapter 899Hz Probe 3839Hz	5	0.899	70.00	0.121
33.595	0.05	Adapter 899Hz Probe 3839Hz	5	0.899	70.00	0.121
33.675	0.05	Adapter 899Hz Probe 3839Hz	5	0.899	70.00	0.121
33.755	0.05	Adapter 899Hz Probe 3839Hz	5	0.899	70.00	0.121
33.835	0.05	Adapter 899Hz Probe 3839Hz	5	3.839	70.00	0.437
34.015	0.05	Adapter 899Hz Probe 3839Hz	5	0.899	70.00	0.121
34.095	0.05	Adapter 899Hz Probe 3839Hz	5	0.899	70.00	0.121
34.175	0.05	Adapter 899Hz Probe 3839Hz	5	0.899	70.00	0.121
34.255	0.05	Adapter 899Hz Probe 3839Hz	5	0.899	70.00	0.121
34.335	0.05	Adapter 899Hz Probe 3839Hz	5	3.839	70.00	0.437
34.515	0.05	Adapter 899Hz Probe 3839Hz	5	0.899	70.00	0.121
34.595	0.05	Adapter 899Hz Probe 3839Hz	5	0.899	70.00	0.121
34.675	0.05	Adapter 899Hz Probe 3839Hz	5	0.899	70.00	0.121
34.755	0.05	Adapter 899Hz Probe 3839Hz	5	0.899	70.00	0.121
34.835	0.05	Adapter 899Hz Probe 3839Hz	5	3.839	70.00	0.437
35.015	0.05	Adapter 899Hz Probe 3839Hz	5	0.899	70.00	0.121
35.095	0.05	Adapter 899Hz Probe 3839Hz	5	0.899	70.00	0.121
35.175	0.05	Adapter 899Hz Probe 3839Hz	5	0.899	70.00	0.121
35.255	0.05	Adapter 899Hz Probe 3839Hz	5	0.899	70.00	0.121
35.335	0.05	Adapter 899Hz Probe 3839Hz	5	3.839	70.00	0.437
35.515	0.05	Adapter 899Hz Probe 3839Hz	5	0.899	70.00	0.121
35.595	0.05	Adapter 899Hz Probe 3839Hz	5	0.899	70.00	0.121
35.675	0.05	Adapter 899Hz Probe 3839Hz	5	0.899	70.00	0.121
35.755	0.05	Adapter 899Hz Probe 3839Hz	5	0.899	70.00	0.121
35.835	0.05	Adapter 899Hz Probe 3839Hz	5	3.839	70.00	0.437
36.015	0.05	Adapter 899Hz Probe 3839Hz	5	0.899	70.00	0.121
36.095	0.05	Adapter 899Hz Probe 3839Hz	5	0.899	70.00	0.121
36.175	0.05	Adapter 899Hz Probe 3839Hz	5	0.899	70.00	0.121
36.255	0.05	Adapter 899Hz Probe 3839Hz	5	0.899	70.00	0.121
36.335	0.05	Adapter 899Hz Probe 3839Hz	5	3.839	70.00	0.437
36.515	0.05	Adapter 899Hz Probe 3839Hz	5	0.899	70.00	0.121
36.595	0.05	Adapter 899Hz Probe 3839Hz	5	0.899	70.00	0.121
36.675	0.05	Adapter 899Hz Probe 3839Hz	5	0.899	70.00	0.121
36.755	0.05	Adapter 899Hz Probe 3839Hz	5	0.899	70.00	0.121
36.835	0.05	Adapter 899Hz Probe 3839Hz	5	3.839	70.00	0.437
37.015	0.05	Adapter 899Hz Probe 3839Hz	5	0.899	70.00	0.121
37.095	0.05	Adapter 899Hz Probe 3839Hz	5	0.899	70.00	0.121
37.175	0.05	Adapter 899Hz Probe 3839Hz	5	0.899	70.00	0.121
37.255	0.05	Adapter 899Hz Probe 3839Hz	5	0.899	70.00	0.121
37.335	0.05	Adapter 899Hz Probe 3839Hz	5	3.839	70.00	0.437
40.034	0.05	Adapter 2423Hz	6	2.423	70.00	0.285
40.114	0.05	Adapter 2423Hz	6	2.423	70.00	0.285
40.194	0.05	Adapter 2423Hz	6	2.423	70.00	0.285
40.274	0.05	Adapter 2423Hz	6	2.423	70.00	0.285
40.534	0.05	Adapter 2423Hz	6	2.423	70.00	0.285
40.614	0.05	Adapter 2423Hz	6	2.423	70.00	0.285
40.694	0.05	Adapter 2423Hz	6	2.423	70.00	0.285
40.774	0.05	Adapter 2423Hz	6	2.423	70.00	0.285
41.034	0.05	Adapter 2423Hz	6	2.423	70.00	0.285
41.114	0.05	Adapter 2423Hz	6	2.423	70.00	0.285
41.194	0.05	Adapter 2423Hz	6	2.423	70.00	0.285
41.274	0.05	Adapter 2423Hz	6	2.423	70.00	0.285
41.534	0.05	Adapter 2423Hz	6	2.423	70.00	0.285
41.614	0.05	Adapter 2423Hz	6	2.423	70.00	0.285
41.694	0.05	Adapter 2423Hz	6	2.423	70.00	0.285
41.774	0.05	Adapter 2423Hz	6	2.423	70.00	0.285
42.034	0.05	Adapter 2423Hz	6	2.423	70.00	0.285
42.114	0.05	Adapter 2423Hz	6	2.423	70.00	0.285
42.194	0.05	Adapter 2423Hz	6	2.423	70.00	0.285
42.274	0.05	Adapter 2423Hz	6	2.423	70.00	0.285
42.534	0.05	Adapter 2423Hz	6	2.423	70.00	0.285
42.614	0.05	Adapter 2423Hz	6	2.423	70.00	0.285
42.694	0.05	Adapter 2423Hz	6	2.423	70.00	0.285
42.774	0.05	Adapter 2423Hz	6	2.423	70.00	0.285
43.034	0.05	Adapter 2423Hz	6	2.423	70.00	0.285
43.114	0.05	Adapter 2423Hz	6	2.423	70.00	0.285
43.194	0.05	Adapter 2423Hz	6	2.423	70.00	0.285
43.274	0.05	Adapter 2423Hz	6	2.423	70.00	0.285
43.534	0.05	Adapter 2423Hz	6	2.423	70.00	0.285
43.614	0.05	Adapter 2423Hz	6	2.423	70.00	0.285
43.694	0.05	Adapter 2423Hz	6	2.423	70.00	0.285
43.774	0.05	Adapter 2423Hz	6	2.423	70.00	0.285
44.034	0.05	Adapter 2423Hz	6	2.423	70.00	0.285
44.114	0.05	Adapter 2423Hz	6	2.423	70.00	0.285
44.194	0.05	Adapter 2423Hz	6	2.423	70.00	0.285
44.274	0.05	Adapter 2423Hz	6	2.423	70.00	0.285
44.534	0.05	Adapter 2423Hz	6	2.423	70.00	0.285
44.614	0.05	Adapter 2423Hz	6	2.423	70.00	0.285
44.694	0.05	Adapter 2423Hz	6	2.423	70.00	0.285
44.774	0.05	Adapter 2423Hz	6	2.423	70.00	0.285
47.491	0.05	Adapter 899Hz	7	0.899	70.00	0.121
47.571	0.05	Adapter 899Hz	7	0.899	70.00	0.121
47.651	0.05	Adapter 899Hz	7	0.899	70.00	0.121
47.731	0.05	Adapter 899Hz	7	0.899	70.00	0.121
47.991	0.05	Adapter 899Hz	7	0.899	70.00	0.121
48.071	0.05	Adapter 899Hz	7	0.899	70.00	0.121
48.151	0.05	Adapter 899Hz	7	0.899	70.00	0.121
48.231	0.05	Adapter 899Hz	7	0.899	70.00	0.121
48.491	0.05	Adapter 899Hz	7	0.899	70.00	0.121
48.571	0.05	Adapter 899Hz	7	0.899	70.00	0.121
48.651	0.05	Adapter 899Hz	7	0.899	70.00	0.121
48.731	0.05	Adapter 899Hz	7	0.899	70.00	0.121
48.991	0.05	Adapter 899Hz	7	0.899	70.00	0.121
49.071	0.05	Adapter 899Hz	7	0.899	70.00	0.121
49.151	0.05	Adapter 899Hz	7	0.899	70.00	0.121
49.231	0.05	Adapter 899Hz	7	0.899	70.00	0.121
49.491	0.05	Adapter 899Hz	7	0.899	70.00	0.121
49.571	0.05	Adapter 899Hz	7	0.899	70.00	0.121
49.651	0.05	Adapter 899Hz	7	0.899	70.00	0.121
49.731	0.05	Adapter 899Hz	7	0.899	70.00	0.121
49.991	0.05	Adapter 899Hz	7	0.899	70.00	0.121
50.071	0.05	Adapter 899Hz	7	0.899	70.00	0.121
50.151	0.05	Adapter 899Hz	7	0.899	70.00	0.121
50.231	0.05	Adapter 899Hz	7	0.899	70.00	0.121
50.491	0.05	Adapter 899Hz	7	0.899	70.00	0.121
50.571	0.05	Adapter 899Hz	7	0.899	70.00	0.121
50.651	0.05	Adapter 899Hz	7	0.899	70.00	0.121
50.731	0.05	Adapter 899Hz	7	0.899	70.00	0.121
50.991	0.05	Adapter 899Hz	7	0.899	70.00	0.121
51.071	0.05	Adapter 899Hz	7	0.899	70.00	0.121
51.151	0.05	Adapter 899Hz	7	0.899	70.00	0.121
51.231	0.05	Adapter 899Hz	7	0.899	70.00	0.121
51.491	0.05	Adapter 899Hz	7	0.899	70.00	0.121
51.571	0.05	Adapter 899Hz	7	0.899	70.00	0.121
51.651	0.05	Adapter 899Hz	7	0.899	70.00	0.121
51.731	0.05	Adapter 899Hz	7	0.899	70.00	0.121
51.991	0.05	Adapter 899Hz	7	0.899	70.00	0.121
52.071	0.05	Adapter 899Hz	7	0.899	70.00	0.121
52.151	0.05	Adapter 899Hz	7	0.899	70.00	0.121
52.231	0.05	Adapter 899Hz	7	0.899	70.00	0.121
69.986	0.05	Adapter 1501Hz Probe 3839Hz	10	1.501	70.00	0.186
70.066	0.05	Adapter 1501Hz Probe 3839Hz	10	1.501	70.00	0.186
70.146	0.05	Adapter 1501Hz Probe 3839Hz	10	1.501	70.00	0.186
70.226	0.05	Adapter 1501Hz Probe 3839Hz	10	1.501	70.00	0.186
70.306	0.05	Adapter 1501Hz Probe 3839Hz	10	3.839	70.00	0.437
70.486	0.05	Adapter 1501Hz Probe 3839Hz	10	1.501	70.00	0.186
70.566	0.05	Adapter 1501Hz Probe 3839Hz	10	1.501	70.00	0.186
70.646	0.05	Adapter 1501Hz Probe 3839Hz	10	1.501	70.00	0.186
70.726	0.05	Adapter 1501Hz Probe 3839Hz	10	1.501	70.00	0.186
70.806	0.05	Adapter 1501Hz Probe 3839Hz	10	3.839	70.00	0.437
70.986	0.05	Adapter 1501Hz Probe 3839Hz	10	1.501	70.00	0.186
71.066	0.05	Adapter 1501Hz Probe 3839Hz	10	1.501	70.00	0.186
71.146	0.05	Adapter 1501Hz Probe 3839Hz	10	1.501	70.00	0.186
71.226	0.05	Adapter 1501Hz Probe 3839Hz	10	1.501	70.00	0.186
71.306	0.05	Adapter 1501Hz Probe 3839Hz	10	3.839	70.00	0.437
71.486	0.05	Adapter 1501Hz Probe 3839Hz	10	1.501	70.00	0.186
71.566	0.05	Adapter 1501Hz Probe 3839Hz	10	1.501	70.00	0.186
71.646	0.05	Adapter 1501Hz Probe 3839Hz	10	1.501	70.00	0.186
71.726	0.05	Adapter 1501Hz Probe 3839Hz	10	1.501	70.00	0.186
71.806	0.05	Adapter 1501Hz Probe 3839Hz	10	3.839	70.00	0.437
71.986	0.05	Adapter 1501Hz Probe 3839Hz	10	1.501	70.00	0.186
72.066	0.05	Adapter 1501Hz Probe 3839Hz	10	1.501	70.00	0.186
72.146	0.05	Adapter 1501Hz Probe 3839Hz	10	1.501	70.00	0.186
72.226	0.05	Adapter 1501Hz Probe 3839Hz	10	1.501	70.00	0.186
72.306	0.05	Adapter 1501Hz Probe 3839Hz	10	3.839	70.00	0.437
72.486	0.05	Adapter 1501Hz Probe 3839Hz	10	1.501	70.00	0.186
72.566	0.05	Adapter 1501Hz Probe 3839Hz	10	1.501	70.00	0.186
72.646	0.05	Adapter 1501Hz Probe 3839Hz	10	1.501	70.00	0.186
72.726	0.05	Adapter 1501Hz Probe 3839Hz	10	1.501	70.00	0.186
72.806	0.05	Adapter 1501Hz Probe 3839Hz	10	3.839	70.00	0.437
72.986	0.05	Adapter 1501Hz Probe 3839Hz	10	1.501	70.00	0.186
73.066	0.05	Adapter 1501Hz Probe 3839Hz	10	1.501	70.00	0.186
73.146	0.05	Adapter 1501Hz Probe 3839Hz	10	1.501	70.00	0.186
73.226	0.05	Adapter 1501Hz Probe 3839Hz	10	1.501	70.00	0.186
73.306	0.05	Adapter 1501Hz Probe 3839Hz	10	3.839	70.00	0.437
73.486	0.05	Adapter 1501Hz Probe 3839Hz	10	1.501	70.00	0.186
73.566	0.05	Adapter 1501Hz Probe 3839Hz	10	1.501	70.00	0.186
73.646	0.05	Adapter 1501Hz Probe 3839Hz	10	1.501	70.00	0.186
73.726	0.05	Adapter 1501Hz Probe 3839Hz	10	1.501	70.00	0.186
73.806	0.05	Adapter 1501Hz Probe 3839Hz	10	3.839	70.00	0.437
73.986	0.05	Adapter 1501Hz Probe 3839Hz	10	1.501	70.00	0.186
74.066	0.05	Adapter 1501Hz Probe 3839Hz	10	1.501	70.00	0.186
74.146	0.05	Adapter 1501Hz Probe 3839Hz	10	1.501	70.00	0.186
74.226	0.05	Adapter 1501Hz Probe 3839Hz	10	1.501	70.00	0.186
74.306	0.05	Adapter 1501Hz Probe 3839Hz	10	3.839	70.00	0.437
74.486	0.05	Adapter 1501Hz Probe 3839Hz	10	1.501	70.00	0.186
74.566	0.05	Adapter 1501Hz Probe 3839Hz	10	1.501	70.00	0.186
74.646	0.05	Adapter 1501Hz Probe 3839Hz	10	1.501	70.00	0.186
74.726	0.05	Adapter 1501Hz Probe 3839Hz	10	1.501	70.00	0.186
74.806	0.05	Adapter 1501Hz Probe 3839Hz	10	3.839	70.00	0.437
77.536	0.05	Adapter 6009Hz	11	6.009	70.00	0.671
77.616	0.05	Adapter 6009Hz	11	6.009	70.00	0.671
77.696	0.05	Adapter 6009Hz	11	6.009	70.00	0.671
77.776	0.05	Adapter 6009Hz	11	6.009	70.00	0.671
78.036	0.05	Adapter 6009Hz	11	6.009	70.00	0.671
78.116	0.05	Adapter 6009Hz	11	6.009	70.00	0.671
78.196	0.05	Adapter 6009Hz	11	6.009	70.00	0.671
78.276	0.05	Adapter 6009Hz	11	6.009	70.00	0.671
78.536	0.05	Adapter 6009Hz	11	6.009	70.00	0.671
78.616	0.05	Adapter 6009Hz	11	6.009	70.00	0.671
78.696	0.05	Adapter 6009Hz	11	6.009	70.00	0.671
78.776	0.05	Adapter 6009Hz	11	6.009	70.00	0.671
79.036	0.05	Adapter 6009Hz	11	6.009	70.00	0.671
79.116	0.05	Adapter 6009Hz	11	6.009	70.00	0.671
79.196	0.05	Adapter 6009Hz	11	6.009	70.00	0.671
79.276	0.05	Adapter 6009Hz	11	6.009	70.00	0.671
79.536	0.05	Adapter 6009Hz	11	6.009	70.00	0.671
79.616	0.05	Adapter 6009Hz	11	6.009	70.00	0.671
79.696	0.05	Adapter 6009Hz	11	6.009	70.00	0.671
79.776	0.05	Adapter 6009Hz	11	6.009	70.00	0.671
80.036	0.05	Adapter 6009Hz	11	6.009	70.00	0.671
80.116	0.05	Adapter 6009Hz	11	6.009	70.00	0.671
80.196	0.05	Adapter 6009Hz	11	6.009	70.00	0.671
80.276	0.05	Adapter 6009Hz	11	6.009	70.00	0.671
80.536	0.05	Adapter 6009Hz	11	6.009	70.00	0.671
80.616	0.05	Adapter 6009Hz	11	6.009	70.00	0.671
80.696	0.05	Adapter 6009Hz	11	6.009	70.00	0.671
80.776	0.05	Adapter 6009Hz	11	6.009	70.00	0.671
81.036	0.05	Adapter 6009Hz	11	6.009	70.00	0.671
81.116	0.05	Adapter 6009Hz	11	6.009	70.00	0.671
81.196	0.05	Adapter 6009Hz	11	6.009	70.00	0.671
81.276	0.05	Adapter 6009Hz	11	6.009	70.00	0.671
81.536	0.05	Adapter 6009Hz	11	6.009	70.00	0.671
81.616	0.05	Adapter 6009Hz	11	6.009	70.00	0.671
81.696	0.05	Adapter 6009Hz	11	6.009	70.00	0.671
81.776	0.05	Adapter 6009Hz	11	6.009	70.00	0.671
82.036	0.05	Adapter 6009Hz	11	6.009	70.00	0.671
82.116	0.05	Adapter 6009Hz	11	6.009	70.00	0.671
82.196	0.05	Adapter 6009Hz	11	6.009	70.00	0.671
82.276	0.05	Adapter 6009Hz	11	6.009	70.00	0.671
85.04	0.05	Adapter 507Hz	12	0.507	70.00	0.079
85.12	0.05	Adapter 507Hz	12	0.507	70.00	0.079
85.2	0.05	Adapter 507Hz	12	0.507	70.00	0.079
85.28	0.05	Adapter 507Hz	12	0.507	70.00	0.079
85.54	0.05	Adapter 507Hz	12	0.507	70.00	0.079
85.62	0.05	Adapter 507Hz	12	0.507	70.00	0.079
85.7	0.05	Adapter 507Hz	12	0.507	70.00	0.079
85.78	0.05	Adapter 507Hz	12	0.507	70.00	0.079
86.04	0.05	Adapter 507Hz	12	0.507	70.00	0.079
86.12	0.05	Adapter 507Hz	12	0.507	70.00	0.079
86.2	0.05	Adapter 507Hz	12	0.507	70.00	0.079
86.28	0.05	Adapter 507Hz	12	0.507	70.00	0.079
86.54	0.05	Adapter 507Hz	12	0.507	70.00	0.079
86.62	0.05	Adapter 507Hz	12	0.507	70.00	0.079
86.7	0.05	Adapter 507Hz	12	0.507	70.00	0.079
86.78	0.05	Adapter 507Hz	12	0.507	70.00	0.079
87.04	0.05	Adapter 507Hz	12	0.507	70.00	0.079
87.12	0.05	Adapter 507Hz	12	0.507	70.00	0.079
87.2	0.05	Adapter 507Hz	12	0.507	70.00	0.079
87.28	0.05	Adapter 507Hz	12	0.507	70.00	0.079
87.54	0.05	Adapter 507Hz	12	0.507	70.00	0.079
87.62	0.05	Adapter 507Hz	12	0.507	70.00	0.079
87.7	0.05	Adapter 507Hz	12	0.507	70.00	0.079
87.78	0.05	Adapter 507Hz	12	0.507	70.00	0.079
88.04	0.05	Adapter 507Hz	12	0.507	70.00	0.079
88.12	0.05	Adapter 507Hz	12	0.507	70.00	0.079
88.2	0.05	Adapter 507Hz	12	0.507	70.00	0.079
88.28	0.05	Adapter 507Hz	12	0.507	70.00	0.079
88.54	0.05	Adapter 507Hz	12	0.507	70.00	0.079
88.62	0.05	Adapter 507Hz	12	0.507	70.00	0.079
88.7	0.05	Adapter 507Hz	12	0.507	70.00	0.079
88.78	0.05	Adapter 507Hz	12	0.507	70.00	0.079
89.04	0.05	Adapter 507Hz	12	0.507	70.00	0.079
89.12	0.05	Adapter 507Hz	12	0.507	70.00	0.079
89.2	0.05	Adapter 507Hz	12	0.507	70.00	0.079
89.28	0.05	Adapter 507Hz	12	0.507	70.00	0.079
89.54	0.05	Adapter 507Hz	12	0.507	70.00	0.079
89.62	0.05	Adapter 507Hz	12	0.507	70.00	0.079
89.7	0.05	Adapter 507Hz	12	0.507	70.00	0.079
89.78	0.05	Adapter 507Hz	12	0.507	70.00	0.079
100.031	0.05	Adapter 251Hz	14	0.251	70.00	0.052
100.111	0.05	Adapter 251Hz	14	0.251	70.00	0.052
100.191	0.05	Adapter 251Hz	14	0.251	70.00	0.052
100.271	0.05	Adapter 251Hz	14	0.251	70.00	0.052
100.531	0.05	Adapter 251Hz	14	0.251	70.00	0.052
100.611	0.05	Adapter 251Hz	14	0.251	70.00	0.052
100.691	0.05	Adapter 251Hz	14	0.251	70.00	0.052
100.771	0.05	Adapter 251Hz	14	0.251	70.00	0.052
101.031	0.05	Adapter 251Hz	14	0.251	70.00	0.052
101.111	0.05	Adapter 251Hz	14	0.251	70.00	0.052
101.191	0.05	Adapter 251Hz	14	0.251	70.00	0.052
101.271	0.05	Adapter 251Hz	14	0.251	70.00	0.052
101.531	0.05	Adapter 251Hz	14	0.251	70.00	0.052
101.611	0.05	Adapter 251Hz	14	0.251	70.00	0.052
101.691	0.05	Adapter 251Hz	14	0.251	70.00	0.052
101.771	0.05	Adapter 251Hz	14	0.251	70.00	0.052
102.031	0.05	Adapter 251Hz	14	0.251	70.00	0.052
102.111	0.05	Adapter 251Hz	14	0.251	70.00	0.052
102.191	0.05	Adapter 251Hz	14	0.251	70.00	0.052
102.271	0.05	Adapter 251Hz	14	0.251	70.00	0.052
102.531	0.05	Adapter 251Hz	14	0.251	70.00	0.052
102.611	0.05	Adapter 251Hz	14	0.251	70.00	0.052
102.691	0.05	Adapter 251Hz	14	0.251	70.00	0.052
102.771	0.05	Adapter 251Hz	14	0.251	70.00	0.052
103.031	0.05	Adapter 251Hz	14	0.251	70.00	0.052
103.111	0.05	Adapter 251Hz	14	0.251	70.00	0.052
103.191	0.05	Adapter 251Hz	14	0.251	70.00	0.052
103.271	0.05	Adapter 251Hz	14	0.251	70.00	0.052
103.531	0.05	Adapter 251Hz	14	0.251	70.00	0.052
103.611	0.05	Adapter 251Hz	14	0.251	70.00	0.052
103.691	0.05	Adapter 251Hz	14	0.251	70.00	0.052
103.771	0.05	Adapter 251Hz	14	0.251	70.00	0.052
104.031	0.05	Adapter 251Hz	14	0.251	70.00	0.052
104.111	0.05	Adapter 251Hz	14	0.251	70.00	0.052
104.191	0.05	Adapter 251Hz	14	0.251	70.00	0.052
104.271	0.05	Adapter 251Hz	14	0.251	70.00	0.052
104.531	0.05	Adapter 251Hz	14	0.251	70.00	0.052
104.611	0.05	Adapter 251Hz	14	0.251	70.00	0.052
104.691	0.05	Adapter 251Hz	14	0.251	70.00	0.052
104.771	0.05	Adapter 251Hz	14	0.251	70.00	0.052
107.488	0.05	Adapter 507Hz Probe 3839Hz	15	0.507	70.00	0.079
107.568	0.05	Adapter 507Hz Probe 3839Hz	15	0.507	70.00	0.079
107.648	0.05	Adapter 507Hz Probe 3839Hz	15	0.507	70.00	0.079
107.728	0.05	Adapter 507Hz Probe 3839Hz	15	0.507	70.00	0.079
107.808	0.05	Adapter 507Hz Probe 3839Hz	15	3.839	70.00	0.437
107.988	0.05	Adapter 507Hz Probe 3839Hz	15	0.507	70.00	0.079
108.068	0.05	Adapter 507Hz Probe 3839Hz	15	0.507	70.00	0.079
108.148	0.05	Adapter 507Hz Probe 3839Hz	15	0.507	70.00	0.079
108.228	0.05	Adapter 507Hz Probe 3839Hz	15	0.507	70.00	0.079
108.308	0.05	Adapter 507Hz Probe 3839Hz	15	3.839	70.00	0.437
108.488	0.05	Adapter 507Hz Probe 3839Hz	15	0.507	70.00	0.079
108.568	0.05	Adapter 507Hz Probe 3839Hz	15	0.507	70.00	0.079
108.648	0.05	Adapter 507Hz Probe 3839Hz	15	0.507	70.00	0.079
108.728	0.05	Adapter 507Hz Probe 3839Hz	15	0.507	70.00	0.079
108.808	0.05	Adapter 507Hz Probe 3839Hz	15	3.839	70.00	0.437
108.988	0.05	Adapter 507Hz Probe 3839Hz	15	0.507	70.00	0.079
109.068	0.05	Adapter 507Hz Probe 3839Hz	15	0.507	70.00	0.079
109.148	0.05	Adapter 507Hz Probe 3839Hz	15	0.507	70.00	0.079
109.228	0.05	Adapter 507Hz Probe 3839Hz	15	0.507	70.00	0.079
109.308	0.05	Adapter 507Hz Probe 3839Hz	15	3.839	70.00	0.437
109.488	0.05	Adapter 507Hz Probe 3839Hz	15	0.507	70.00	0.079
109.568	0.05	Adapter 507Hz Probe 3839Hz	15	0.507	70.00	0.079
109.648	0.05	Adapter 507Hz Probe 3839Hz	15	0.507	70.00	0.079
109.728	0.05	Adapter 507Hz Probe 3839Hz	15	0.507	70.00	0.079
109.808	0.05	Adapter 507Hz Probe 3839Hz	15	3.839	70.00	0.437
109.988	0.05	Adapter 507Hz Probe 3839Hz	15	0.507	70.00	0.079
110.068	0.05	Adapter 507Hz Probe 3839Hz	15	0.507	70.00	0.079
110.148	0.05	Adapter 507Hz Probe 3839Hz	15	0.507	70.00	0.079
110.228	0.05	Adapter 507Hz Probe 3839Hz	15	0.507	70.00	0.079
110.308	0.05	Adapter 507Hz Probe 3839Hz	15	3.839	70.00	0.437
110.488	0.05	Adapter 507Hz Probe 3839Hz	15	0.507	70.00	0.079
110.568	0.05	Adapter 507Hz Probe 3839Hz	15	0.507	70.00	0.079
110.648	0.05	Adapter 507Hz Probe 3839Hz	15	0.507	70.00	0.079
110.728	0.05	Adapter 507Hz Probe 3839Hz	15	0.507	70.00	0.079
110.808	0.05	Adapter 507Hz Probe 3839Hz	15	3.839	70.00	0.437
110.988	0.05	Adapter 507Hz Probe 3839Hz	15	0.507	70.00	0.079
111.068	0.05	Adapter 507Hz Probe 3839Hz	15	0.507	70.00	0.079
111.148	0.05	Adapter 507Hz Probe 3839Hz	15	0.507	70.00	0.079
111.228	0.05	Adapter 507Hz Probe 3839Hz	15	0.507	70.00	0.079
111.308	0.05	Adapter 507Hz Probe 3839Hz	15	3.839	70.00	0.437
111.488	0.05	Adapter 507Hz Probe 3839Hz	15	0.507	70.00	0.079
111.568	0.05	Adapter 507Hz Probe 3839Hz	15	0.507	70.00	0.079
111.648	0.05	Adapter 507Hz Probe 3839Hz	15	0.507	70.00	0.079
111.728	0.05	Adapter 507Hz Probe 3839Hz	15	0.507	70.00	0.079
111.808	0.05	Adapter 507Hz Probe 3839Hz	15	3.839	70.00	0.437
111.988	0.05	Adapter 507Hz Probe 3839Hz	15	0.507	70.00	0.079
112.068	0.05	Adapter 507Hz Probe 3839Hz	15	0.507	70.00	0.079
112.148	0.05	Adapter 507Hz Probe 3839Hz	15	0.507	70.00	0.079
112.228	0.05	Adapter 507Hz Probe 3839Hz	15	0.507	70.00	0.079
112.308	0.05	Adapter 507Hz Probe 3839Hz	15	3.839	70.00	0.437
115.008	0.05	Adapter 3839Hz Probe 3839Hz	16	3.839	70.00	0.437
115.088	0.05	Adapter 3839Hz Probe 3839Hz	16	3.839	70.00	0.437
115.168	0.05	Adapter 3839Hz Probe 3839Hz	16	3.839	70.00	0.437
115.248	0.05	Adapter 3839Hz Probe 3839Hz	16	3.839	70.00	0.437
115.328	0.05	Adapter 3839Hz Probe 3839Hz	16	3.839	70.00	0.437
115.508	0.05	Adapter 3839Hz Probe 3839Hz	16	3.839	70.00	0.437
115.588	0.05	Adapter 3839Hz Probe 3839Hz	16	3.839	70.00	0.437
115.668	0.05	Adapter 3839Hz Probe 3839Hz	16	3.839	70.00	0.437
115.748	0.05	Adapter 3839Hz Probe 3839Hz	16	3.839	70.00	0.437
115.828	0.05	Adapter 3839Hz Probe 3839Hz	16	3.839	70.00	0.437
116.008	0.05	Adapter 3839Hz Probe 3839Hz	16	3.839	70.00	0.437
116.088	0.05	Adapter 3839Hz Probe 3839Hz	16	3.839	70.00	0.437
116.168	0.05	Adapter 3839Hz Probe 3839Hz	16	3.839	70.00	0.437
116.248	0.05	Adapter 3839Hz Probe 3839Hz	16	3.839	70.00	0.437
116.328	0.05	Adapter 3839Hz Probe 3839Hz	16	3.839	70.00	0.437
116.508	0.05	Adapter 3839Hz Probe 3839Hz	16	3.839	70.00	0.437
116.588	0.05	Adapter 3839Hz Probe 3839Hz	16	3.839	70.00	0.437
116.668	0.05	Adapter 3839Hz Probe 3839Hz	16	3.839	70.00	0.437
116.748	0.05	Adapter 3839Hz Probe 3839Hz	16	3.839	70.00	0.437
116.828	0.05	Adapter 3839Hz Probe 3839Hz	16	3.839	70.00	0.437
117.008	0.05	Adapter 3839Hz Probe 3839Hz	16	3.839	70.00	0.437
117.088	0.05	Adapter 3839Hz Probe 3839Hz	16	3.839	70.00	0.437
117.168	0.05	Adapter 3839Hz Probe 3839Hz	16	3.839	70.00	0.437
117.248	0.05	Adapter 3839Hz Probe 3839Hz	16	3.839	70.00	0.437
117.328	0.05	Adapter 3839Hz Probe 3839Hz	16	3.839	70.00	0.437
117.508	0.05	Adapter 3839Hz Probe 3839Hz	16	3.839	70.00	0.437
117.588	0.05	Adapter 3839Hz Probe 3839Hz	16	3.839	70.00	0.437
117.668	0.05	Adapter 3839Hz Probe 3839Hz	16	3.839	70.00	0.437
117.748	0.05	Adapter 3839Hz Probe 3839Hz	16	3.839	70.00	0.437
117.828	0.05	Adapter 3839Hz Probe 3839Hz	16	3.839	70.00	0.437
118.008	0.05	Adapter 3839Hz Probe 3839Hz	16	3.839	70.00	0.437
118.088	0.05	Adapter 3839Hz Probe 3839Hz	16	3.839	70.00	0.437
118.168	0.05	Adapter 3839Hz Probe 3839Hz	16	3.839	70.00	0.437
118.248	0.05	Adapter 3839Hz Probe 3839Hz	16	3.839	70.00	0.437
118.328	0.05	Adapter 3839Hz Probe 3839Hz	16	3.839	70.00	0.437
118.508	0.05	Adapter 3839Hz Probe 3839Hz	16	3.839	70.00	0.437
118.588	0.05	Adapter 3839Hz Probe 3839Hz	16	3.839	70.00	0.437
118.668	0.05	Adapter 3839Hz Probe 3839Hz	16	3.839	70.00	0.437
118.748	0.05	Adapter 3839Hz Probe 3839Hz	16	3.839	70.00	0.437
118.828	0.05	Adapter 3839Hz Probe 3839Hz	16	3.839	70.00	0.437
119.008	0.05	Adapter 3839Hz Probe 3839Hz	16	3.839	70.00	0.437
119.088	0.05	Adapter 3839Hz Probe 3839Hz	16	3.839	70.00	0.437
119.168	0.05	Adapter 3839Hz Probe 3839Hz	16	3.839	70.00	0.437
119.248	0.05	Adapter 3839Hz Probe 3839Hz	16	3.839	70.00	0.437
119.328	0.05	Adapter 3839Hz Probe 3839Hz	16	3.839	70.00	0.437
119.508	0.05	Adapter 3839Hz Probe 3839Hz	16	3.839	70.00	0.437
119.588	0.05	Adapter 3839Hz Probe 3839Hz	16	3.839	70.00	0.437
119.668	0.05	Adapter 3839Hz Probe 3839Hz	16	3.839	70.00	0.437
119.748	0.05	Adapter 3839Hz Probe 3839Hz	16	3.839	70.00	0.437
119.828	0.05	Adapter 3839Hz Probe 3839Hz	16	3.839	70.00	0.437
122.831	0.05	Probe 3839Hz	17	3.839	70.00	0.437
123.331	0.05	Probe 3839Hz	17	3.839	70.00	0.437
123.831	0.05	Probe 3839Hz	17	3.839	70.00	0.437
124.331	0.05	Probe 3839Hz	17	3.839	70.00	0.437
124.831	0.05	Probe 3839Hz	17	3.839	70.00	0.437
125.331	0.05	Probe 3839Hz	17	3.839	70.00	0.437
125.831	0.05	Probe 3839Hz	17	3.839	70.00	0.437
126.331	0.05	Probe 3839Hz	17	3.839	70.00	0.437
126.831	0.05	Probe 3839Hz	17	3.839	70.00	0.437
127.331	0.05	Probe 3839Hz	17	3.839	70.00	0.437
129.999	0.05	Adapter 2423Hz	18	2.423	70.00	0.285
130.079	0.05	Adapter 2423Hz	18	2.423	70.00	0.285
130.159	0.05	Adapter 2423Hz	18	2.423	70.00	0.285
130.239	0.05	Adapter 2423Hz	18	2.423	70.00	0.285
130.499	0.05	Adapter 2423Hz	18	2.423	70.00	0.285
130.579	0.05	Adapter 2423Hz	18	2.423	70.00	0.285
130.659	0.05	Adapter 2423Hz	18	2.423	70.00	0.285
130.739	0.05	Adapter 2423Hz	18	2.423	70.00	0.285
130.999	0.05	Adapter 2423Hz	18	2.423	70.00	0.285
131.079	0.05	Adapter 2423Hz	18	2.423	70.00	0.285
131.159	0.05	Adapter 2423Hz	18	2.423	70.00	0.285
131.239	0.05	Adapter 2423Hz	18	2.423	70.00	0.285
131.499	0.05	Adapter 2423Hz	18	2.423	70.00	0.285
131.579	0.05	Adapter 2423Hz	18	2.423	70.00	0.285
131.659	0.05	Adapter 2423Hz	18	2.423	70.00	0.285
131.739	0.05	Adapter 2423Hz	18	2.423	70.00	0.285
131.999	0.05	Adapter 2423Hz	18	2.423	70.00	0.285
132.079	0.05	Adapter 2423Hz	18	2.423	70.00	0.285
132.159	0.05	Adapter 2423Hz	18	2.423	70.00	0.285
132.239	0.05	Adapter 2423Hz	18	2.423	70.00	0.285
132.499	0.05	Adapter 2423Hz	18	2.423	70.00	0.285
132.579	0.05	Adapter 2423Hz	18	2.423	70.00	0.285
132.659	0.05	Adapter 2423Hz	18	2.423	70.00	0.285
132.739	0.05	Adapter 2423Hz	18	2.423	70.00	0.285
132.999	0.05	Adapter 2423Hz	18	2.423	70.00	0.285
133.079	0.05	Adapter 2423Hz	18	2.423	70.00	0.285
133.159	0.05	Adapter 2423Hz	18	2.423	70.00	0.285
133.239	0.05	Adapter 2423Hz	18	2.423	70.00	0.285
133.499	0.05	Adapter 2423Hz	18	2.423	70.00	0.285
133.579	0.05	Adapter 2423Hz	18	2.423	70.00	0.285
133.659	0.05	Adapter 2423Hz	18	2.423	70.00	0.285
133.739	0.05	Adapter 2423Hz	18	2.423	70.00	0.285
133.999	0.05	Adapter 2423Hz	18	2.423	70.00	0.285
134.079	0.05	Adapter 2423Hz	18	2.423	70.00	0.285
134.159	0.05	Adapter 2423Hz	18	2.423	70.00	0.285
134.239	0.05	Adapter 2423Hz	18	2.423	70.00	0.285
134.499	0.05	Adapter 2423Hz	18	2.423	70.00	0.285
134.579	0.05	Adapter 2423Hz	18	2.423	70.00	0.285
134.659	0.05	Adapter 2423Hz	18	2.423	70.00	0.285
134.739	0.05	Adapter 2423Hz	18	2.423	70.00	0.285
137.518	0.05	Adapter 3839Hz Probe 3839Hz	19	3.839	70.00	0.437
137.598	0.05	Adapter 3839Hz Probe 3839Hz	19	3.839	70.00	0.437
137.678	0.05	Adapter 3839Hz Probe 3839Hz	19	3.839	70.00	0.437
137.758	0.05	Adapter 3839Hz Probe 3839Hz	19	3.839	70.00	0.437
137.838	0.05	Adapter 3839Hz Probe 3839Hz	19	3.839	70.00	0.437
138.018	0.05	Adapter 3839Hz Probe 3839Hz	19	3.839	70.00	0.437
138.098	0.05	Adapter 3839Hz Probe 3839Hz	19	3.839	70.00	0.437
138.178	0.05	Adapter 3839Hz Probe 3839Hz	19	3.839	70.00	0.437
138.258	0.05	Adapter 3839Hz Probe 3839Hz	19	3.839	70.00	0.437
138.338	0.05	Adapter 3839Hz Probe 3839Hz	19	3.839	70.00	0.437
138.518	0.05	Adapter 3839Hz Probe 3839Hz	19	3.839	70.00	0.437
138.598	0.05	Adapter 3839Hz Probe 3839Hz	19	3.839	70.00	0.437
138.678	0.05	Adapter 3839Hz Probe 3839Hz	19	3.839	70.00	0.437
138.758	0.05	Adapter 3839Hz Probe 3839Hz	19	3.839	70.00	0.437
138.838	0.05	Adapter 3839Hz Probe 3839Hz	19	3.839	70.00	0.437
139.018	0.05	Adapter 3839Hz Probe 3839Hz	19	3.839	70.00	0.437
139.098	0.05	Adapter 3839Hz Probe 3839Hz	19	3.839	70.00	0.437
139.178	0.05	Adapter 3839Hz Probe 3839Hz	19	3.839	70.00	0.437
139.258	0.05	Adapter 3839Hz Probe 3839Hz	19	3.839	70.00	0.437
139.338	0.05	Adapter 3839Hz Probe 3839Hz	19	3.839	70.00	0.437
139.518	0.05	Adapter 3839Hz Probe 3839Hz	19	3.839	70.00	0.437
139.598	0.05	Adapter 3839Hz Probe 3839Hz	19	3.839	70.00	0.437
139.678	0.05	Adapter 3839Hz Probe 3839Hz	19	3.839	70.00	0.437
139.758	0.05	Adapter 3839Hz Probe 3839Hz	19	3.839	70.00	0.437
139.838	0.05	Adapter 3839Hz Probe 3839Hz	19	3.839	70.00	0.437
140.018	0.05	Adapter 3839Hz Probe 3839Hz	19	3.839	70.00	0.437
140.098	0.05	Adapter 3839Hz Probe 3839Hz	19	3.839	70.00	0.437
140.178	0.05	Adapter 3839Hz Probe 3839Hz	19	3.839	70.00	0.437
140.258	0.05	Adapter 3839Hz Probe 3839Hz	19	3.839	70.00	0.437
140.338	0.05	Adapter 3839Hz Probe 3839Hz	19	3.839	70.00	0.437
140.518	0.05	Adapter 3839Hz Probe 3839Hz	19	3.839	70.00	0.437
140.598	0.05	Adapter 3839Hz Probe 3839Hz	19	3.839	70.00	0.437
140.678	0.05	Adapter 3839Hz Probe 3839Hz	19	3.839	70.00	0.437
140.758	0.05	Adapter 3839Hz Probe 3839Hz	19	3.839	70.00	0.437
140.838	0.05	Adapter 3839Hz Probe 3839Hz	19	3.839	70.00	0.437
141.018	0.05	Adapter 3839Hz Probe 3839Hz	19	3.839	70.00	0.437
141.098	0.05	Adapter 3839Hz Probe 3839Hz	19	3.839	70.00	0.437
141.178	0.05	Adapter 3839Hz Probe 3839Hz	19	3.839	70.00	0.437
141.258	0.05	Adapter 3839Hz Probe 3839Hz	19	3.839	70.00	0.437
141.338	0.05	Adapter 3839Hz Probe 3839Hz	19	3.839	70.00	0.437
141.518	0.05	Adapter 3839Hz Probe 3839Hz	19	3.839	70.00	0.437
141.598	0.05	Adapter 3839Hz Probe 3839Hz	19	3.839	70.00	0.437
141.678	0.05	Adapter 3839Hz Probe 3839Hz	19	3.839	70.00	0.437
141.758	0.05	Adapter 3839Hz Probe 3839Hz	19	3.839	70.00	0.437
141.838	0.05	Adapter 3839Hz Probe 3839Hz	19	3.839	70.00	0.437
142.018	0.05	Adapter 3839Hz Probe 3839Hz	19	3.839	70.00	0.437
142.098	0.05	Adapter 3839Hz Probe 3839Hz	19	3.839	70.00	0.437
142.178	0.05	Adapter 3839Hz Probe 3839Hz	19	3.839	70.00	0.437
142.258	0.05	Adapter 3839Hz Probe 3839Hz	19	3.839	70.00	0.437
142.338	0.05	Adapter 3839Hz Probe 3839Hz	19	3.839	70.00	0.437
145.006	0.05	Adapter 507Hz	20	0.507	70.00	0.079
145.086	0.05	Adapter 507Hz	20	0.507	70.00	0.079
145.166	0.05	Adapter 507Hz	20	0.507	70.00	0.079
145.246	0.05	Adapter 507Hz	20	0.507	70.00	0.079
145.506	0.05	Adapter 507Hz	20	0.507	70.00	0.079
145.586	0.05	Adapter 507Hz	20	0.507	70.00	0.079
145.666	0.05	Adapter 507Hz	20	0.507	70.00	0.079
145.746	0.05	Adapter 507Hz	20	0.507	70.00	0.079
146.006	0.05	Adapter 507Hz	20	0.507	70.00	0.079
146.086	0.05	Adapter 507Hz	20	0.507	70.00	0.079
146.166	0.05	Adapter 507Hz	20	0.507	70.00	0.079
146.246	0.05	Adapter 507Hz	20	0.507	70.00	0.079
146.506	0.05	Adapter 507Hz	20	0.507	70.00	0.079
146.586	0.05	Adapter 507Hz	20	0.507	70.00	0.079
146.666	0.05	Adapter 507Hz	20	0.507	70.00	0.079
146.746	0.05	Adapter 507Hz	20	0.507	70.00	0.079
147.006	0.05	Adapter 507Hz	20	0.507	70.00	0.079
147.086	0.05	Adapter 507Hz	20	0.507	70.00	0.079
147.166	0.05	Adapter 507Hz	20	0.507	70.00	0.079
147.246	0.05	Adapter 507Hz	20	0.507	70.00	0.079
147.506	0.05	Adapter 507Hz	20	0.507	70.00	0.079
147.586	0.05	Adapter 507Hz	20	0.507	70.00	0.079
147.666	0.05	Adapter 507Hz	20	0.507	70.00	0.079
147.746	0.05	Adapter 507Hz	20	0.507	70.00	0.079
148.006	0.05	Adapter 507Hz	20	0.507	70.00	0.079
148.086	0.05	Adapter 507Hz	20	0.507	70.00	0.079
148.166	0.05	Adapter 507Hz	20	0.507	70.00	0.079
148.246	0.05	Adapter 507Hz	20	0.507	70.00	0.079
148.506	0.05	Adapter 507Hz	20	0.507	70.00	0.079
148.586	0.05	Adapter 507Hz	20	0.507	70.00	0.079
148.666	0.05	Adapter 507Hz	20	0.507	70.00	0.079
148.746	0.05	Adapter 507Hz	20	0.507	70.00	0.079
149.006	0.05	Adapter 507Hz	20	0.507	70.00	0.079
149.086	0.05	Adapter 507Hz	20	0.507	70.00	0.079
149.166	0.05	Adapter 507Hz	20	0.507	70.00	0.079
149.246	0.05	Adapter 507Hz	20	0.507	70.00	0.079
149.506	0.05	Adapter 507Hz	20	0.507	70.00	0.079
149.586	0.05	Adapter 507Hz	20	0.507	70.00	0.079
149.666	0.05	Adapter 507Hz	20	0.507	70.00	0.079
149.746	0.05	Adapter 507Hz	20	0.507	70.00	0.079
152.526	0.05	Adapter 3839Hz	21	3.839	70.00	0.437
152.606	0.05	Adapter 3839Hz	21	3.839	70.00	0.437
152.686	0.05	Adapter 3839Hz	21	3.839	70.00	0.437
152.766	0.05	Adapter 3839Hz	21	3.839	70.00	0.437
153.026	0.05	Adapter 3839Hz	21	3.839	70.00	0.437
153.106	0.05	Adapter 3839Hz	21	3.839	70.00	0.437
153.186	0.05	Adapter 3839Hz	21	3.839	70.00	0.437
153.266	0.05	Adapter 3839Hz	21	3.839	70.00	0.437
153.526	0.05	Adapter 3839Hz	21	3.839	70.00	0.437
153.606	0.05	Adapter 3839Hz	21	3.839	70.00	0.437
153.686	0.05	Adapter 3839Hz	21	3.839	70.00	0.437
153.766	0.05	Adapter 3839Hz	21	3.839	70.00	0.437
154.026	0.05	Adapter 3839Hz	21	3.839	70.00	0.437
154.106	0.05	Adapter 3839Hz	21	3.839	70.00	0.437
154.186	0.05	Adapter 3839Hz	21	3.839	70.00	0.437
154.266	0.05	Adapter 3839Hz	21	3.839	70.00	0.437
154.526	0.05	Adapter 3839Hz	21	3.839	70.00	0.437
154.606	0.05	Adapter 3839Hz	21	3.839	70.00	0.437
154.686	0.05	Adapter 3839Hz	21	3.839	70.00	0.437
154.766	0.05	Adapter 3839Hz	21	3.839	70.00	0.437
155.026	0.05	Adapter 3839Hz	21	3.839	70.00	0.437
155.106	0.05	Adapter 3839Hz	21	3.839	70.00	0.437
155.186	0.05	Adapter 3839Hz	21	3.839	70.00	0.437
155.266	0.05	Adapter 3839Hz	21	3.839	70.00	0.437
155.526	0.05	Adapter 3839Hz	21	3.839	70.00	0.437
155.606	0.05	Adapter 3839Hz	21	3.839	70.00	0.437
155.686	0.05	Adapter 3839Hz	21	3.839	70.00	0.437
155.766	0.05	Adapter 3839Hz	21	3.839	70.00	0.437
156.026	0.05	Adapter 3839Hz	21	3.839	70.00	0.437
156.106	0.05	Adapter 3839Hz	21	3.839	70.00	0.437
156.186	0.05	Adapter 3839Hz	21	3.839	70.00	0.437
156.266	0.05	Adapter 3839Hz	21	3.839	70.00	0.437
156.526	0.05	Adapter 3839Hz	21	3.839	70.00	0.437
156.606	0.05	Adapter 3839Hz	21	3.839	70.00	0.437
156.686	0.05	Adapter 3839Hz	21	3.839	70.00	0.437
156.766	0.05	Adapter 3839Hz	21	3.839	70.00	0.437
157.026	0.05	Adapter 3839Hz	21	3.839	70.00	0.437
157.106	0.05	Adapter 3839Hz	21	3.839	70.00	0.437
157.186	0.05	Adapter 3839Hz	21	3.839	70.00	0.437
157.266	0.05	Adapter 3839Hz	21	3.839	70.00	0.437
160.045	0.05	Adapter 1501Hz Probe 3839Hz	22	1.501	70.00	0.186
160.125	0.05	Adapter 1501Hz Probe 3839Hz	22	1.501	70.00	0.186
160.205	0.05	Adapter 1501Hz Probe 3839Hz	22	1.501	70.00	0.186
160.285	0.05	Adapter 1501Hz Probe 3839Hz	22	1.501	70.00	0.186
160.365	0.05	Adapter 1501Hz Probe 3839Hz	22	3.839	70.00	0.437
160.545	0.05	Adapter 1501Hz Probe 3839Hz	22	1.501	70.00	0.186
160.625	0.05	Adapter 1501Hz Probe 3839Hz	22	1.501	70.00	0.186
160.705	0.05	Adapter 1501Hz Probe 3839Hz	22	1.501	70.00	0.186
160.785	0.05	Adapter 1501Hz Probe 3839Hz	22	1.501	70.00	0.186
160.865	0.05	Adapter 1501Hz Probe 3839Hz	22	3.839	70.00	0.437
161.045	0.05	Adapter 1501Hz Probe 3839Hz	22	1.501	70.00	0.186
161.125	0.05	Adapter 1501Hz Probe 3839Hz	22	1.501	70.00	0.186
161.205	0.05	Adapter 1501Hz Probe 3839Hz	22	1.501	70.00	0.186
161.285	0.05	Adapter 1501Hz Probe 3839Hz	22	1.501	70.00	0.186
161.365	0.05	Adapter 1501Hz Probe 3839Hz	22	3.839	70.00	0.437
161.545	0.05	Adapter 1501Hz Probe 3839Hz	22	1.501	70.00	0.186
161.625	0.05	Adapter 1501Hz Probe 3839Hz	22	1.501	70.00	0.186
161.705	0.05	Adapter 1501Hz Probe 3839Hz	22	1.501	70.00	0.186
161.785	0.05	Adapter 1501Hz Probe 3839Hz	22	1.501	70.00	0.186
161.865	0.05	Adapter 1501Hz Probe 3839Hz	22	3.839	70.00	0.437
162.045	0.05	Adapter 1501Hz Probe 3839Hz	22	1.501	70.00	0.186
162.125	0.05	Adapter 1501Hz Probe 3839Hz	22	1.501	70.00	0.186
162.205	0.05	Adapter 1501Hz Probe 3839Hz	22	1.501	70.00	0.186
162.285	0.05	Adapter 1501Hz Probe 3839Hz	22	1.501	70.00	0.186
162.365	0.05	Adapter 1501Hz Probe 3839Hz	22	3.839	70.00	0.437
162.545	0.05	Adapter 1501Hz Probe 3839Hz	22	1.501	70.00	0.186
162.625	0.05	Adapter 1501Hz Probe 3839Hz	22	1.501	70.00	0.186
162.705	0.05	Adapter 1501Hz Probe 3839Hz	22	1.501	70.00	0.186
162.785	0.05	Adapter 1501Hz Probe 3839Hz	22	1.501	70.00	0.186
162.865	0.05	Adapter 1501Hz Probe 3839Hz	22	3.839	70.00	0.437
163.045	0.05	Adapter 1501Hz Probe 3839Hz	22	1.501	70.00	0.186
163.125	0.05	Adapter 1501Hz Probe 3839Hz	22	1.501	70.00	0.186
163.205	0.05	Adapter 1501Hz Probe 3839Hz	22	1.501	70.00	0.186
163.285	0.05	Adapter 1501Hz Probe 3839Hz	22	1.501	70.00	0.186
163.365	0.05	Adapter 1501Hz Probe 3839Hz	22	3.839	70.00	0.437
163.545	0.05	Adapter 1501Hz Probe 3839Hz	22	1.501	70.00	0.186
163.625	0.05	Adapter 1501Hz Probe 3839Hz	22	1.501	70.00	0.186
163.705	0.05	Adapter 1501Hz Probe 3839Hz	22	1.501	70.00	0.186
163.785	0.05	Adapter 1501Hz Probe 3839Hz	22	1.501	70.00	0.186
163.865	0.05	Adapter 1501Hz Probe 3839Hz	22	3.839	70.00	0.437
164.045	0.05	Adapter 1501Hz Probe 3839Hz	22	1.501	70.00	0.186
164.125	0.05	Adapter 1501Hz Probe 3839Hz	22	1.501	70.00	0.186
164.205	0.05	Adapter 1501Hz Probe 3839Hz	22	1.501	70.00	0.186
164.285	0.05	Adapter 1501Hz Probe 3839Hz	22	1.501	70.00	0.186
164.365	0.05	Adapter 1501Hz Probe 3839Hz	22	3.839	70.00	0.437
164.545	0.05	Adapter 1501Hz Probe 3839Hz	22	1.501	70.00	0.186
164.625	0.05	Adapter 1501Hz Probe 3839Hz	22	1.501	70.00	0.186
164.705	0.05	Adapter 1501Hz Probe 3839Hz	22	1.501	70.00	0.186
164.785	0.05	Adapter 1501Hz Probe 3839Hz	22	1.501	70.00	0.186
164.865	0.05	Adapter 1501Hz Probe 3839Hz	22	3.839	70.00	0.437
175.021	0.05	Adapter 2423Hz Probe 3839Hz	24	2.423	70.00	0.285
175.101	0.05	Adapter 2423Hz Probe 3839Hz	24	2.423	70.00	0.285
175.181	0.05	Adapter 2423Hz Probe 3839Hz	24	2.423	70.00	0.285
175.261	0.05	Adapter 2423Hz Probe 3839Hz	24	2.423	70.00	0.285
175.341	0.05	Adapter 2423Hz Probe 3839Hz	24	3.839	70.00	0.437
175.521	0.05	Adapter 2423Hz Probe 3839Hz	24	2.423	70.00	0.285
175.601	0.05	Adapter 2423Hz Probe 3839Hz	24	2.423	70.00	0.285
175.681	0.05	Adapter 2423Hz Probe 3839Hz	24	2.423	70.00	0.285
175.761	0.05	Adapter 2423Hz Probe 3839Hz	24	2.423	70.00	0.285
175.841	0.05	Adapter 2423Hz Probe 3839Hz	24	3.839	70.00	0.437
176.021	0.05	Adapter 2423Hz Probe 3839Hz	24	2.423	70.00	0.285
176.101	0.05	Adapter 2423Hz Probe 3839Hz	24	2.423	70.00	0.285
176.181	0.05	Adapter 2423Hz Probe 3839Hz	24	2.423	70.00	0.285
176.261	0.05	Adapter 2423Hz Probe 3839Hz	24	2.423	70.00	0.285
176.341	0.05	Adapter 2423Hz Probe 3839Hz	24	3.839	70.00	0.437
176.521	0.05	Adapter 2423Hz Probe 3839Hz	24	2.423	70.00	0.285
176.601	0.05	Adapter 2423Hz Probe 3839Hz	24	2.423	70.00	0.285
176.681	0.05	Adapter 2423Hz Probe 3839Hz	24	2.423	70.00	0.285
176.761	0.05	Adapter 2423Hz Probe 3839Hz	24	2.423	70.00	0.285
176.841	0.05	Adapter 2423Hz Probe 3839Hz	24	3.839	70.00	0.437
177.021	0.05	Adapter 2423Hz Probe 3839Hz	24	2.423	70.00	0.285
177.101	0.05	Adapter 2423Hz Probe 3839Hz	24	2.423	70.00	0.285
177.181	0.05	Adapter 2423Hz Probe 3839Hz	24	2.423	70.00	0.285
177.261	0.05	Adapter 2423Hz Probe 3839Hz	24	2.423	70.00	0.285
177.341	0.05	Adapter 2423Hz Probe 3839Hz	24	3.839	70.00	0.437
177.521	0.05	Adapter 2423Hz Probe 3839Hz	24	2.423	70.00	0.285
177.601	0.05	Adapter 2423Hz Probe 3839Hz	24	2.423	70.00	0.285
177.681	0.05	Adapter 2423Hz Probe 3839Hz	24	2.423	70.00	0.285
177.761	0.05	Adapter 2423Hz Probe 3839Hz	24	2.423	70.00	0.285
177.841	0.05	Adapter 2423Hz Probe 3839Hz	24	3.839	70.00	0.437
178.021	0.05	Adapter 2423Hz Probe 3839Hz	24	2.423	70.00	0.285
178.101	0.05	Adapter 2423Hz Probe 3839Hz	24	2.423	70.00	0.285
178.181	0.05	Adapter 2423Hz Probe 3839Hz	24	2.423	70.00	0.285
178.261	0.05	Adapter 2423Hz Probe 3839Hz	24	2.423	70.00	0.285
178.341	0.05	Adapter 2423Hz Probe 3839Hz	24	3.839	70.00	0.437
178.521	0.05	Adapter 2423Hz Probe 3839Hz	24	2.423	70.00	0.285
178.601	0.05	Adapter 2423Hz Probe 3839Hz	24	2.423	70.00	0.285
178.681	0.05	Adapter 2423Hz Probe 3839Hz	24	2.423	70.00	0.285
178.761	0.05	Adapter 2423Hz Probe 3839Hz	24	2.423	70.00	0.285
178.841	0.05	Adapter 2423Hz Probe 3839Hz	24	3.839	70.00	0.437
179.021	0.05	Adapter 2423Hz Probe 3839Hz	24	2.423	70.00	0.285
179.101	0.05	Adapter 2423Hz Probe 3839Hz	24	2.423	70.00	0.285
179.181	0.05	Adapter 2423Hz Probe 3839Hz	24	2.423	70.00	0.285
179.261	0.05	Adapter 2423Hz Probe 3839Hz	24	2.423	70.00	0.285
179.341	0.05	Adapter 2423Hz Probe 3839Hz	24	3.839	70.00	0.437
179.521	0.05	Adapter 2423Hz Probe 3839Hz	24	2.423	70.00	0.285
179.601	0.05	Adapter 2423Hz Probe 3839Hz	24	2.423	70.00	0.285
179.681	0.05	Adapter 2423Hz Probe 3839Hz	24	2.423	70.00	0.285
179.761	0.05	Adapter 2423Hz Probe 3839Hz	24	2.423	70.00	0.285
179.841	0.05	Adapter 2423Hz Probe 3839Hz	24	3.839	70.00	0.437
182.509	0.05	Adapter 899Hz Probe 3839Hz	25	0.899	70.00	0.121
182.589	0.05	Adapter 899Hz Probe 3839Hz	25	0.899	70.00	0.121
182.669	0.05	Adapter 899Hz Probe 3839Hz	25	0.899	70.00	0.121
182.749	0.05	Adapter 899Hz Probe 3839Hz	25	0.899	70.00	0.121
182.829	0.05	Adapter 899Hz Probe 3839Hz	25	3.839	70.00	0.437
183.009	0.05	Adapter 899Hz Probe 3839Hz	25	0.899	70.00	0.121
183.089	0.05	Adapter 899Hz Probe 3839Hz	25	0.899	70.00	0.121
183.169	0.05	Adapter 899Hz Probe 3839Hz	25	0.899	70.00	0.121
183.249	0.05	Adapter 899Hz Probe 3839Hz	25	0.899	70.00	0.121
183.329	0.05	Adapter 899Hz Probe 3839Hz	25	3.839	70.00	0.437
183.509	0.05	Adapter 899Hz Probe 3839Hz	25	0.899	70.00	0.121
183.589	0.05	Adapter 899Hz Probe 3839Hz	25	0.899	70.00	0.121
183.669	0.05	Adapter 899Hz Probe 3839Hz	25	0.899	70.00	0.121
183.749	0.05	Adapter 899Hz Probe 3839Hz	25	0.899	70.00	0.121
183.829	0.05	Adapter 899Hz Probe 3839Hz	25	3.839	70.00	0.437
184.009	0.05	Adapter 899Hz Probe 3839Hz	25	0.899	70.00	0.121
184.089	0.05	Adapter 899Hz Probe 3839Hz	25	0.899	70.00	0.121
184.169	0.05	Adapter 899Hz Probe 3839Hz	25	0.899	70.00	0.121
184.249	0.05	Adapter 899Hz Probe 3839Hz	25	0.899	70.00	0.121
184.329	0.05	Adapter 899Hz Probe 3839Hz	25	3.839	70.00	0.437
184.509	0.05	Adapter 899Hz Probe 3839Hz	25	0.899	70.00	0.121
184.589	0.05	Adapter 899Hz Probe 3839Hz	25	0.899	70.00	0.121
184.669	0.05	Adapter 899Hz Probe 3839Hz	25	0.899	70.00	0.121
184.749	0.05	Adapter 899Hz Probe 3839Hz	25	0.899	70.00	0.121
184.829	0.05	Adapter 899Hz Probe 3839Hz	25	3.839	70.00	0.437
185.009	0.05	Adapter 899Hz Probe 3839Hz	25	0.899	70.00	0.121
185.089	0.05	Adapter 899Hz Probe 3839Hz	25	0.899	70.00	0.121
185.169	0.05	Adapter 899Hz Probe 3839Hz	25	0.899	70.00	0.121
185.249	0.05	Adapter 899Hz Probe 3839Hz	25	0.899	70.00	0.121
185.329	0.05	Adapter 899Hz Probe 3839Hz	25	3.839	70.00	0.437
185.509	0.05	Adapter 899Hz Probe 3839Hz	25	0.899	70.00	0.121
185.589	0.05	Adapter 899Hz Probe 3839Hz	25	0.899	70.00	0.121
185.669	0.05	Adapter 899Hz Probe 3839Hz	25	0.899	70.00	0.121
185.749	0.05	Adapter 899Hz Probe 3839Hz	25	0.899	70.00	0.121
185.829	0.05	Adapter 899Hz Probe 3839Hz	25	3.839	70.00	0.437
186.009	0.05	Adapter 899Hz Probe 3839Hz	25	0.899	70.00	0.121
186.089	0.05	Adapter 899Hz Probe 3839Hz	25	0.899	70.00	0.121
186.169	0.05	Adapter 899Hz Probe 3839Hz	25	0.899	70.00	0.121
186.249	0.05	Adapter 899Hz Probe 3839Hz	25	0.899	70.00	0.121
186.329	0.05	Adapter 899Hz Probe 3839Hz	25	3.839	70.00	0.437
186.509	0.05	Adapter 899Hz Probe 3839Hz	25	0.899	70.00	0.121
186.589	0.05	Adapter 899Hz Probe 3839Hz	25	0.899	70.00	0.121
186.669	0.05	Adapter 899Hz Probe 3839Hz	25	0.899	70.00	0.121
186.749	0.05	Adapter 899Hz Probe 3839Hz	25	0.899	70.00	0.121
186.829	0.05	Adapter 899Hz Probe 3839Hz	25	3.839	70.00	0.437
187.009	0.05	Adapter 899Hz Probe 3839Hz	25	0.899	70.00	0.121
187.089	0.05	Adapter 899Hz Probe 3839Hz	25	0.899	70.00	0.121
187.169	0.05	Adapter 899Hz Probe 3839Hz	25	0.899	70.00	0.121
187.249	0.05	Adapter 899Hz Probe 3839Hz	25	0.899	70.00	0.121
187.329	0.05	Adapter 899Hz Probe 3839Hz	25	3.839	70.00	0.437
190.028	0.05	Adapter 6009Hz	26	6.009	70.00	0.671
190.108	0.05	Adapter 6009Hz	26	6.009	70.00	0.671
190.188	0.05	Adapter 6009Hz	26	6.009	70.00	0.671
190.268	0.05	Adapter 6009Hz	26	6.009	70.00	0.671
190.528	0.05	Adapter 6009Hz	26	6.009	70.00	0.671
190.608	0.05	Adapter 6009Hz	26	6.009	70.00	0.671
190.688	0.05	Adapter 6009Hz	26	6.009	70.00	0.671
190.768	0.05	Adapter 6009Hz	26	6.009	70.00	0.671
191.028	0.05	Adapter 6009Hz	26	6.009	70.00	0.671
191.108	0.05	Adapter 6009Hz	26	6.009	70.00	0.671
191.188	0.05	Adapter 6009Hz	26	6.009	70.00	0.671
191.268	0.05	Adapter 6009Hz	26	6.009	70.00	0.671
191.528	0.05	Adapter 6009Hz	26	6.009	70.00	0.671
191.608	0.05	Adapter 6009Hz	26	6.009	70.00	0.671
191.688	0.05	Adapter 6009Hz	26	6.009	70.00	0.671
191.768	0.05	Adapter 6009Hz	26	6.009	70.00	0.671
192.028	0.05	Adapter 6009Hz	26	6.009	70.00	0.671
192.108	0.05	Adapter 6009Hz	26	6.009	70.00	0.671
192.188	0.05	Adapter 6009Hz	26	6.009	70.00	0.671
192.268	0.05	Adapter 6009Hz	26	6.009	70.00	0.671
192.528	0.05	Adapter 6009Hz	26	6.009	70.00	0.671
192.608	0.05	Adapter 6009Hz	26	6.009	70.00	0.671
192.688	0.05	Adapter 6009Hz	26	6.009	70.00	0.671
192.768	0.05	Adapter 6009Hz	26	6.009	70.00	0.671
193.028	0.05	Adapter 6009Hz	26	6.009	70.00	0.671
193.108	0.05	Adapter 6009Hz	26	6.009	70.00	0.671
193.188	0.05	Adapter 6009Hz	26	6.009	70.00	0.671
193.268	0.05	Adapter 6009Hz	26	6.009	70.00	0.671
193.528	0.05	Adapter 6009Hz	26	6.009	70.00	0.671
193.608	0.05	Adapter 6009Hz	26	6.009	70.00	0.671
193.688	0.05	Adapter 6009Hz	26	6.009	70.00	0.671
193.768	0.05	Adapter 6009Hz	26	6.009	70.00	0.671
194.028	0.05	Adapter 6009Hz	26	6.009	70.00	0.671
194.108	0.05	Adapter 6009Hz	26	6.009	70.00	0.671
194.188	0.05	Adapter 6009Hz	26	6.009	70.00	0.671
194.268	0.05	Adapter 6009Hz	26	6.009	70.00	0.671
194.528	0.05	Adapter 6009Hz	26	6.009	70.00	0.671
194.608	0.05	Adapter 6009Hz	26	6.009	70.00	0.671
194.688	0.05	Adapter 6009Hz	26	6.009	70.00	0.671
194.768	0.05	Adapter 6009Hz	26	6.009	70.00	0.671
197.516	0.05	Adapter 899Hz	27	0.899	70.00	0.121
197.596	0.05	Adapter 899Hz	27	0.899	70.00	0.121
197.676	0.05	Adapter 899Hz	27	0.899	70.00	0.121
197.756	0.05	Adapter 899Hz	27	0.899	70.00	0.121
198.016	0.05	Adapter 899Hz	27	0.899	70.00	0.121
198.096	0.05	Adapter 899Hz	27	0.899	70.00	0.121
198.176	0.05	Adapter 899Hz	27	0.899	70.00	0.121
198.256	0.05	Adapter 899Hz	27	0.899	70.00	0.121
198.516	0.05	Adapter 899Hz	27	0.899	70.00	0.121
198.596	0.05	Adapter 899Hz	27	0.899	70.00	0.121
198.676	0.05	Adapter 899Hz	27	0.899	70.00	0.121
198.756	0.05	Adapter 899Hz	27	0.899	70.00	0.121
199.016	0.05	Adapter 899Hz	27	0.899	70.00	0.121
199.096	0.05	Adapter 899Hz	27	0.899	70.00	0.121
199.176	0.05	Adapter 899Hz	27	0.899	70.00	0.121
199.256	0.05	Adapter 899Hz	27	0.899	70.00	0.121
199.516	0.05	Adapter 899Hz	27	0.899	70.00	0.121
199.596	0.05	Adapter 899Hz	27	0.899	70.00	0.121
199.676	0.05	Adapter 899Hz	27	0.899	70.00	0.121
199.756	0.05	Adapter 899Hz	27	0.899	70.00	0.121
200.016	0.05	Adapter 899Hz	27	0.899	70.00	0.121
200.096	0.05	Adapter 899Hz	27	0.899	70.00	0.121
200.176	0.05	Adapter 899Hz	27	0.899	70.00	0.121
200.256	0.05	Adapter 899Hz	27	0.899	70.00	0.121
200.516	0.05	Adapter 899Hz	27	0.899	70.00	0.121
200.596	0.05	Adapter 899Hz	27	0.899	70.00	0.121
200.676	0.05	Adapter 899Hz	27	0.899	70.00	0.121
200.756	0.05	Adapter 899Hz	27	0.899	70.00	0.121
201.016	0.05	Adapter 899Hz	27	0.899	70.00	0.121
201.096	0.05	Adapter 899Hz	27	0.899	70.00	0.121
201.176	0.05	Adapter 899Hz	27	0.899	70.00	0.121
201.256	0.05	Adapter 899Hz	27	0.899	70.00	0.121
201.516	0.05	Adapter 899Hz	27	0.899	70.00	0.121
201.596	0.05	Adapter 899Hz	27	0.899	70.00	0.121
201.676	0.05	Adapter 899Hz	27	0.899	70.00	0.121
201.756	0.05	Adapter 899Hz	27	0.899	70.00	0.121
202.016	0.05	Adapter 899Hz	27	0.899	70.00	0.121
202.096	0.05	Adapter 899Hz	27	0.899	70.00	0.121
202.176	0.05	Adapter 899Hz	27	0.899	70.00	0.121
202.256	0.05	Adapter 899Hz	27	0.899	70.00	0.121
204.988	0.05	Adapter 251Hz	28	0.251	70.00	0.052
205.068	0.05	Adapter 251Hz	28	0.251	70.00	0.052
205.148	0.05	Adapter 251Hz	28	0.251	70.00	0.052
205.228	0.05	Adapter 251Hz	28	0.251	70.00	0.052
205.488	0.05	Adapter 251Hz	28	0.251	70.00	0.052
205.568	0.05	Adapter 251Hz	28	0.251	70.00	0.052
205.648	0.05	Adapter 251Hz	28	0.251	70.00	0.052
205.728	0.05	Adapter 251Hz	28	0.251	70.00	0.052
205.988	0.05	Adapter 251Hz	28	0.251	70.00	0.052
206.068	0.05	Adapter 251Hz	28	0.251	70.00	0.052
206.148	0.05	Adapter 251Hz	28	0.251	70.00	0.052
206.228	0.05	Adapter 251Hz	28	0.251	70.00	0.052
206.488	0.05	Adapter 251Hz	28	0.251	70.00	0.052
206.568	0.05	Adapter 251Hz	28	0.251	70.00	0.052
206.648	0.05	Adapter 251Hz	28	0.251	70.00	0.052
206.728	0.05	Adapter 251Hz	28	0.251	70.00	0.052
206.988	0.05	Adapter 251Hz	28	0.251	70.00	0.052
207.068	0.05	Adapter 251Hz	28	0.251	70.00	0.052
207.148	0.05	Adapter 251Hz	28	0.251	70.00	0.052
207.228	0.05	Adapter 251Hz	28	0.251	70.00	0.052
207.488	0.05	Adapter 251Hz	28	0.251	70.00	0.052
207.568	0.05	Adapter 251Hz	28	0.251	70.00	0.052
207.648	0.05	Adapter 251Hz	28	0.251	70.00	0.052
207.728	0.05	Adapter 251Hz	28	0.251	70.00	0.052
207.988	0.05	Adapter 251Hz	28	0.251	70.00	0.052
208.068	0.05	Adapter 251Hz	28	0.251	70.00	0.052
208.148	0.05	Adapter 251Hz	28	0.251	70.00	0.052
208.228	0.05	Adapter 251Hz	28	0.251	70.00	0.052
208.488	0.05	Adapter 251Hz	28	0.251	70.00	0.052
208.568	0.05	Adapter 251Hz	28	0.251	70.00	0.052
208.648	0.05	Adapter 251Hz	28	0.251	70.00	0.052
208.728	0.05	Adapter 251Hz	28	0.251	70.00	0.052
208.988	0.05	Adapter 251Hz	28	0.251	70.00	0.052
209.068	0.05	Adapter 251Hz	28	0.251	70.00	0.052
209.148	0.05	Adapter 251Hz	28	0.251	70.00	0.052
209.228	0.05	Adapter 251Hz	28	0.251	70.00	0.052
209.488	0.05	Adapter 251Hz	28	0.251	70.00	0.052
209.568	0.05	Adapter 251Hz	28	0.251	70.00	0.052
209.648	0.05	Adapter 251Hz	28	0.251	70.00	0.052
209.728	0.05	Adapter 251Hz	28	0.251	70.00	0.052
212.523	0.05	Adapter 507Hz Probe 3839Hz	29	0.507	70.00	0.079
212.603	0.05	Adapter 507Hz Probe 3839Hz	29	0.507	70.00	0.079
212.683	0.05	Adapter 507Hz Probe 3839Hz	29	0.507	70.00	0.079
212.763	0.05	Adapter 507Hz Probe 3839Hz	29	0.507	70.00	0.079
212.843	0.05	Adapter 507Hz Probe 3839Hz	29	3.839	70.00	0.437
213.023	0.05	Adapter 507Hz Probe 3839Hz	29	0.507	70.00	0.079
213.103	0.05	Adapter 507Hz Probe 3839Hz	29	0.507	70.00	0.079
213.183	0.05	Adapter 507Hz Probe 3839Hz	29	0.507	70.00	0.079
213.263	0.05	Adapter 507Hz Probe 3839Hz	29	0.507	70.00	0.079
213.343	0.05	Adapter 507Hz Probe 3839Hz	29	3.839	70.00	0.437
213.523	0.05	Adapter 507Hz Probe 3839Hz	29	0.507	70.00	0.079
213.603	0.05	Adapter 507Hz Probe 3839Hz	29	0.507	70.00	0.079
213.683	0.05	Adapter 507Hz Probe 3839Hz	29	0.507	70.00	0.079
213.763	0.05	Adapter 507Hz Probe 3839Hz	29	0.507	70.00	0.079
213.843	0.05	Adapter 507Hz Probe 3839Hz	29	3.839	70.00	0.437
214.023	0.05	Adapter 507Hz Probe 3839Hz	29	0.507	70.00	0.079
214.103	0.05	Adapter 507Hz Probe 3839Hz	29	0.507	70.00	0.079
214.183	0.05	Adapter 507Hz Probe 3839Hz	29	0.507	70.00	0.079
214.263	0.05	Adapter 507Hz Probe 3839Hz	29	0.507	70.00	0.079
214.343	0.05	Adapter 507Hz Probe 3839Hz	29	3.839	70.00	0.437
214.523	0.05	Adapter 507Hz Probe 3839Hz	29	0.507	70.00	0.079
214.603	0.05	Adapter 507Hz Probe 3839Hz	29	0.507	70.00	0.079
214.683	0.05	Adapter 507Hz Probe 3839Hz	29	0.507	70.00	0.079
214.763	0.05	Adapter 507Hz Probe 3839Hz	29	0.507	70.00	0.079
214.843	0.05	Adapter 507Hz Probe 3839Hz	29	3.839	70.00	0.437
215.023	0.05	Adapter 507Hz Probe 3839Hz	29	0.507	70.00	0.079
215.103	0.05	Adapter 507Hz Probe 3839Hz	29	0.507	70.00	0.079
215.183	0.05	Adapter 507Hz Probe 3839Hz	29	0.507	70.00	0.079
215.263	0.05	Adapter 507Hz Probe 3839Hz	29	0.507	70.00	0.079
215.343	0.05	Adapter 507Hz Probe 3839Hz	29	3.839	70.00	0.437
215.523	0.05	Adapter 507Hz Probe 3839Hz	29	0.507	70.00	0.079
215.603	0.05	Adapter 507Hz Probe 3839Hz	29	0.507	70.00	0.079
215.683	0.05	Adapter 507Hz Probe 3839Hz	29	0.507	70.00	0.079
215.763	0.05	Adapter 507Hz Probe 3839Hz	29	0.507	70.00	0.079
215.843	0.05	Adapter 507Hz Probe 3839Hz	29	3.839	70.00	0.437
216.023	0.05	Adapter 507Hz Probe 3839Hz	29	0.507	70.00	0.079
216.103	0.05	Adapter 507Hz Probe 3839Hz	29	0.507	70.00	0.079
216.183	0.05	Adapter 507Hz Probe 3839Hz	29	0.507	70.00	0.079
216.263	0.05	Adapter 507Hz Probe 3839Hz	29	0.507	70.00	0.079
216.343	0.05	Adapter 507Hz Probe 3839Hz	29	3.839	70.00	0.437
216.523	0.05	Adapter 507Hz Probe 3839Hz	29	0.507	70.00	0.079
216.603	0.05	Adapter 507Hz Probe 3839Hz	29	0.507	70.00	0.079
216.683	0.05	Adapter 507Hz Probe 3839Hz	29	0.507	70.00	0.079
216.763	0.05	Adapter 507Hz Probe 3839Hz	29	0.507	70.00	0.079
216.843	0.05	Adapter 507Hz Probe 3839Hz	29	3.839	70.00	0.437
217.023	0.05	Adapter 507Hz Probe 3839Hz	29	0.507	70.00	0.079
217.103	0.05	Adapter 507Hz Probe 3839Hz	29	0.507	70.00	0.079
217.183	0.05	Adapter 507Hz Probe 3839Hz	29	0.507	70.00	0.079
217.263	0.05	Adapter 507Hz Probe 3839Hz	29	0.507	70.00	0.079
217.343	0.05	Adapter 507Hz Probe 3839Hz	29	3.839	70.00	0.437
235.034	0.05	Adapter 1501Hz	32	1.501	70.00	0.186
235.114	0.05	Adapter 1501Hz	32	1.501	70.00	0.186
235.194	0.05	Adapter 1501Hz	32	1.501	70.00	0.186
235.274	0.05	Adapter 1501Hz	32	1.501	70.00	0.186
235.534	0.05	Adapter 1501Hz	32	1.501	70.00	0.186
235.614	0.05	Adapter 1501Hz	32	1.501	70.00	0.186
235.694	0.05	Adapter 1501Hz	32	1.501	70.00	0.186
235.774	0.05	Adapter 1501Hz	32	1.501	70.00	0.186
236.034	0.05	Adapter 1501Hz	32	1.501	70.00	0.186
236.114	0.05	Adapter 1501Hz	32	1.501	70.00	0.186
236.194	0.05	Adapter 1501Hz	32	1.501	70.00	0.186
236.274	0.05	Adapter 1501Hz	32	1.501	70.00	0.186
236.534	0.05	Adapter 1501Hz	32	1.501	70.00	0.186
236.614	0.05	Adapter 1501Hz	32	1.501	70.00	0.186
236.694	0.05	Adapter 1501Hz	32	1.501	70.00	0.186
236.774	0.05	Adapter 1501Hz	32	1.501	70.00	0.186
237.034	0.05	Adapter 1501Hz	32	1.501	70.00	0.186
237.114	0.05	Adapter 1501Hz	32	1.501	70.00	0.186
237.194	0.05	Adapter 1501Hz	32	1.501	70.00	0.186
237.274	0.05	Adapter 1501Hz	32	1.501	70.00	0.186
237.534	0.05	Adapter 1501Hz	32	1.501	70.00	0.186
237.614	0.05	Adapter 1501Hz	32	1.501	70.00	0.186
237.694	0.05	Adapter 1501Hz	32	1.501	70.00	0.186
237.774	0.05	Adapter 1501Hz	32	1.501	70.00	0.186
238.034	0.05	Adapter 1501Hz	32	1.501	70.00	0.186
238.114	0.05	Adapter 1501Hz	32	1.501	70.00	0.186
238.194	0.05	Adapter 1501Hz	32	1.501	70.00	0.186
238.274	0.05	Adapter 1501Hz	32	1.501	70.00	0.186
238.534	0.05	Adapter 1501Hz	32	1.501	70.00	0.186
238.614	0.05	Adapter 1501Hz	32	1.501	70.00	0.186
238.694	0.05	Adapter 1501Hz	32	1.501	70.00	0.186
238.774	0.05	Adapter 1501Hz	32	1.501	70.00	0.186
239.034	0.05	Adapter 1501Hz	32	1.501	70.00	0.186
239.114	0.05	Adapter 1501Hz	32	1.501	70.00	0.186
239.194	0.05	Adapter 1501Hz	32	1.501	70.00	0.186
239.274	0.05	Adapter 1501Hz	32	1.501	70.00	0.186
239.534	0.05	Adapter 1501Hz	32	1.501	70.00	0.186
239.614	0.05	Adapter 1501Hz	32	1.501	70.00	0.186
239.694	0.05	Adapter 1501Hz	32	1.501	70.00	0.186
239.774	0.05	Adapter 1501Hz	32	1.501	70.00	0.186
242.538	0.05	Adapter 899Hz	33	0.899	70.00	0.121
242.618	0.05	Adapter 899Hz	33	0.899	70.00	0.121
242.698	0.05	Adapter 899Hz	33	0.899	70.00	0.121
242.778	0.05	Adapter 899Hz	33	0.899	70.00	0.121
243.038	0.05	Adapter 899Hz	33	0.899	70.00	0.121
243.118	0.05	Adapter 899Hz	33	0.899	70.00	0.121
243.198	0.05	Adapter 899Hz	33	0.899	70.00	0.121
243.278	0.05	Adapter 899Hz	33	0.899	70.00	0.121
243.538	0.05	Adapter 899Hz	33	0.899	70.00	0.121
243.618	0.05	Adapter 899Hz	33	0.899	70.00	0.121
243.698	0.05	Adapter 899Hz	33	0.899	70.00	0.121
243.778	0.05	Adapter 899Hz	33	0.899	70.00	0.121
244.038	0.05	Adapter 899Hz	33	0.899	70.00	0.121
244.118	0.05	Adapter 899Hz	33	0.899	70.00	0.121
244.198	0.05	Adapter 899Hz	33	0.899	70.00	0.121
244.278	0.05	Adapter 899Hz	33	0.899	70.00	0.121
244.538	0.05	Adapter 899Hz	33	0.899	70.00	0.121
244.618	0.05	Adapter 899Hz	33	0.899	70.00	0.121
244.698	0.05	Adapter 899Hz	33	0.899	70.00	0.121
244.778	0.05	Adapter 899Hz	33	0.899	70.00	0.121
245.038	0.05	Adapter 899Hz	33	0.899	70.00	0.121
245.118	0.05	Adapter 899Hz	33	0.899	70.00	0.121
245.198	0.05	Adapter 899Hz	33	0.899	70.00	0.121
245.278	0.05	Adapter 899Hz	33	0.899	70.00	0.121
245.538	0.05	Adapter 899Hz	33	0.899	70.00	0.121
245.618	0.05	Adapter 899Hz	33	0.899	70.00	0.121
245.698	0.05	Adapter 899Hz	33	0.899	70.00	0.121
245.778	0.05	Adapter 899Hz	33	0.899	70.00	0.121
246.038	0.05	Adapter 899Hz	33	0.899	70.00	0.121
246.118	0.05	Adapter 899Hz	33	0.899	70.00	0.121
246.198	0.05	Adapter 899Hz	33	0.899	70.00	0.121
246.278	0.05	Adapter 899Hz	33	0.899	70.00	0.121
246.538	0.05	Adapter 899Hz	33	0.899	70.00	0.121
246.618	0.05	Adapter 899Hz	33	0.899	70.00	0.121
246.698	0.05	Adapter 899Hz	33	0.899	70.00	0.121
246.778	0.05	Adapter 899Hz	33	0.899	70.00	0.121
247.038	0.05	Adapter 899Hz	33	0.899	70.00	0.121
247.118	0.05	Adapter 899Hz	33	0.899	70.00	0.121
247.198	0.05	Adapter 899Hz	33	0.899	70.00	0.121
247.278	0.05	Adapter 899Hz	33	0.899	70.00	0.121
250.361	0.05	Probe 3839Hz	34	3.839	70.00	0.437
250.861	0.05	Probe 3839Hz	34	3.839	70.00	0.437
251.361	0.05	Probe 3839Hz	34	3.839	70.00	0.437
251.861	0.05	Probe 3839Hz	34	3.839	70.00	0.437
252.361	0.05	Probe 3839Hz	34	3.839	70.00	0.437
252.861	0.05	Probe 3839Hz	34	3.839	70.00	0.437
253.361	0.05	Probe 3839Hz	34	3.839	70.00	0.437
253.861	0.05	Probe 3839Hz	34	3.839	70.00	0.437
254.361	0.05	Probe 3839Hz	34	3.839	70.00	0.437
254.861	0.05	Probe 3839Hz	34	3.839	70.00	0.437
257.529	0.05	Adapter 3839Hz	35	3.839	70.00	0.437
257.609	0.05	Adapter 3839Hz	35	3.839	70.00	0.437
257.689	0.05	Adapter 3839Hz	35	3.839	70.00	0.437
257.769	0.05	Adapter 3839Hz	35	3.839	70.00	0.437
258.029	0.05	Adapter 3839Hz	35	3.839	70.00	0.437
258.109	0.05	Adapter 3839Hz	35	3.839	70.00	0.437
258.189	0.05	Adapter 3839Hz	35	3.839	70.00	0.437
258.269	0.05	Adapter 3839Hz	35	3.839	70.00	0.437
258.529	0.05	Adapter 3839Hz	35	3.839	70.00	0.437
258.609	0.05	Adapter 3839Hz	35	3.839	70.00	0.437
258.689	0.05	Adapter 3839Hz	35	3.839	70.00	0.437
258.769	0.05	Adapter 3839Hz	35	3.839	70.00	0.437
259.029	0.05	Adapter 3839Hz	35	3.839	70.00	0.437
259.109	0.05	Adapter 3839Hz	35	3.839	70.00	0.437
259.189	0.05	Adapter 3839Hz	35	3.839	70.00	0.437
259.269	0.05	Adapter 3839Hz	35	3.839	70.00	0.437
259.529	0.05	Adapter 3839Hz	35	3.839	70.00	0.437
259.609	0.05	Adapter 3839Hz	35	3.839	70.00	0.437
259.689	0.05	Adapter 3839Hz	35	3.839	70.00	0.437
259.769	0.05	Adapter 3839Hz	35	3.839	70.00	0.437
260.029	0.05	Adapter 3839Hz	35	3.839	70.00	0.437
260.109	0.05	Adapter 3839Hz	35	3.839	70.00	0.437
260.189	0.05	Adapter 3839Hz	35	3.839	70.00	0.437
260.269	0.05	Adapter 3839Hz	35	3.839	70.00	0.437
260.529	0.05	Adapter 3839Hz	35	3.839	70.00	0.437
260.609	0.05	Adapter 3839Hz	35	3.839	70.00	0.437
260.689	0.05	Adapter 3839Hz	35	3.839	70.00	0.437
260.769	0.05	Adapter 3839Hz	35	3.839	70.00	0.437
261.029	0.05	Adapter 3839Hz	35	3.839	70.00	0.437
261.109	0.05	Adapter 3839Hz	35	3.839	70.00	0.437
261.189	0.05	Adapter 3839Hz	35	3.839	70.00	0.437
261.269	0.05	Adapter 3839Hz	35	3.839	70.00	0.437
261.529	0.05	Adapter 3839Hz	35	3.839	70.00	0.437
261.609	0.05	Adapter 3839Hz	35	3.839	70.00	0.437
261.689	0.05	Adapter 3839Hz	35	3.839	70.00	0.437
261.769	0.05	Adapter 3839Hz	35	3.839	70.00	0.437
262.029	0.05	Adapter 3839Hz	35	3.839	70.00	0.437
262.109	0.05	Adapter 3839Hz	35	3.839	70.00	0.437
262.189	0.05	Adapter 3839Hz	35	3.839	70.00	0.437
262.269	0.05	Adapter 3839Hz	35	3.839	70.00	0.437
264.986	0.05	Adapter 1501Hz	36	1.501	70.00	0.186
265.066	0.05	Adapter 1501Hz	36	1.501	70.00	0.186
265.146	0.05	Adapter 1501Hz	36	1.501	70.00	0.186
265.226	0.05	Adapter 1501Hz	36	1.501	70.00	0.186
265.486	0.05	Adapter 1501Hz	36	1.501	70.00	0.186
265.566	0.05	Adapter 1501Hz	36	1.501	70.00	0.186
265.646	0.05	Adapter 1501Hz	36	1.501	70.00	0.186
265.726	0.05	Adapter 1501Hz	36	1.501	70.00	0.186
265.986	0.05	Adapter 1501Hz	36	1.501	70.00	0.186
266.066	0.05	Adapter 1501Hz	36	1.501	70.00	0.186
266.146	0.05	Adapter 1501Hz	36	1.501	70.00	0.186
266.226	0.05	Adapter 1501Hz	36	1.501	70.00	0.186
266.486	0.05	Adapter 1501Hz	36	1.501	70.00	0.186
266.566	0.05	Adapter 1501Hz	36	1.501	70.00	0.186
266.646	0.05	Adapter 1501Hz	36	1.501	70.00	0.186
266.726	0.05	Adapter 1501Hz	36	1.501	70.00	0.186
266.986	0.05	Adapter 1501Hz	36	1.501	70.00	0.186
267.066	0.05	Adapter 1501Hz	36	1.501	70.00	0.186
267.146	0.05	Adapter 1501Hz	36	1.501	70.00	0.186
267.226	0.05	Adapter 1501Hz	36	1.501	70.00	0.186
267.486	0.05	Adapter 1501Hz	36	1.501	70.00	0.186
267.566	0.05	Adapter 1501Hz	36	1.501	70.00	0.186
267.646	0.05	Adapter 1501Hz	36	1.501	70.00	0.186
267.726	0.05	Adapter 1501Hz	36	1.501	70.00	0.186
267.986	0.05	Adapter 1501Hz	36	1.501	70.00	0.186
268.066	0.05	Adapter 1501Hz	36	1.501	70.00	0.186
268.146	0.05	Adapter 1501Hz	36	1.501	70.00	0.186
268.226	0.05	Adapter 1501Hz	36	1.501	70.00	0.186
268.486	0.05	Adapter 1501Hz	36	1.501	70.00	0.186
268.566	0.05	Adapter 1501Hz	36	1.501	70.00	0.186
268.646	0.05	Adapter 1501Hz	36	1.501	70.00	0.186
268.726	0.05	Adapter 1501Hz	36	1.501	70.00	0.186
268.986	0.05	Adapter 1501Hz	36	1.501	70.00	0.186
269.066	0.05	Adapter 1501Hz	36	1.501	70.00	0.186
269.146	0.05	Adapter 1501Hz	36	1.501	70.00	0.186
269.226	0.05	Adapter 1501Hz	36	1.501	70.00	0.186
269.486	0.05	Adapter 1501Hz	36	1.501	70.00	0.186
269.566	0.05	Adapter 1501Hz	36	1.501	70.00	0.186
269.646	0.05	Adapter 1501Hz	36	1.501	70.00	0.186
269.726	0.05	Adapter 1501Hz	36	1.501	70.00	0.186
280.04	0.05	Adapter 507Hz	38	0.507	70.00	0.079
280.12	0.05	Adapter 507Hz	38	0.507	70.00	0.079
280.2	0.05	Adapter 507Hz	38	0.507	70.00	0.079
280.28	0.05	Adapter 507Hz	38	0.507	70.00	0.079
280.54	0.05	Adapter 507Hz	38	0.507	70.00	0.079
280.62	0.05	Adapter 507Hz	38	0.507	70.00	0.079
280.7	0.05	Adapter 507Hz	38	0.507	70.00	0.079
280.78	0.05	Adapter 507Hz	38	0.507	70.00	0.079
281.04	0.05	Adapter 507Hz	38	0.507	70.00	0.079
281.12	0.05	Adapter 507Hz	38	0.507	70.00	0.079
281.2	0.05	Adapter 507Hz	38	0.507	70.00	0.079
281.28	0.05	Adapter 507Hz	38	0.507	70.00	0.079
281.54	0.05	Adapter 507Hz	38	0.507	70.00	0.079
281.62	0.05	Adapter 507Hz	38	0.507	70.00	0.079
281.7	0.05	Adapter 507Hz	38	0.507	70.00	0.079
281.78	0.05	Adapter 507Hz	38	0.507	70.00	0.079
282.04	0.05	Adapter 507Hz	38	0.507	70.00	0.079
282.12	0.05	Adapter 507Hz	38	0.507	70.00	0.079
282.2	0.05	Adapter 507Hz	38	0.507	70.00	0.079
282.28	0.05	Adapter 507Hz	38	0.507	70.00	0.079
282.54	0.05	Adapter 507Hz	38	0.507	70.00	0.079
282.62	0.05	Adapter 507Hz	38	0.507	70.00	0.079
282.7	0.05	Adapter 507Hz	38	0.507	70.00	0.079
282.78	0.05	Adapter 507Hz	38	0.507	70.00	0.079
283.04	0.05	Adapter 507Hz	38	0.507	70.00	0.079
283.12	0.05	Adapter 507Hz	38	0.507	70.00	0.079
283.2	0.05	Adapter 507Hz	38	0.507	70.00	0.079
283.28	0.05	Adapter 507Hz	38	0.507	70.00	0.079
283.54	0.05	Adapter 507Hz	38	0.507	70.00	0.079
283.62	0.05	Adapter 507Hz	38	0.507	70.00	0.079
283.7	0.05	Adapter 507Hz	38	0.507	70.00	0.079
283.78	0.05	Adapter 507Hz	38	0.507	70.00	0.079
284.04	0.05	Adapter 507Hz	38	0.507	70.00	0.079
284.12	0.05	Adapter 507Hz	38	0.507	70.00	0.079
284.2	0.05	Adapter 507Hz	38	0.507	70.00	0.079
284.28	0.05	Adapter 507Hz	38	0.507	70.00	0.079
284.54	0.05	Adapter 507Hz	38	0.507	70.00	0.079
284.62	0.05	Adapter 507Hz	38	0.507	70.00	0.079
284.7	0.05	Adapter 507Hz	38	0.507	70.00	0.079
284.78	0.05	Adapter 507Hz	38	0.507	70.00	0.079
287.513	0.05	Adapter 899Hz Probe 3839Hz	39	0.899	70.00	0.121
287.593	0.05	Adapter 899Hz Probe 3839Hz	39	0.899	70.00	0.121
287.673	0.05	Adapter 899Hz Probe 3839Hz	39	0.899	70.00	0.121
287.753	0.05	Adapter 899Hz Probe 3839Hz	39	0.899	70.00	0.121
287.833	0.05	Adapter 899Hz Probe 3839Hz	39	3.839	70.00	0.437
288.013	0.05	Adapter 899Hz Probe 3839Hz	39	0.899	70.00	0.121
288.093	0.05	Adapter 899Hz Probe 3839Hz	39	0.899	70.00	0.121
288.173	0.05	Adapter 899Hz Probe 3839Hz	39	0.899	70.00	0.121
288.253	0.05	Adapter 899Hz Probe 3839Hz	39	0.899	70.00	0.121
288.333	0.05	Adapter 899Hz Probe 3839Hz	39	3.839	70.00	0.437
288.513	0.05	Adapter 899Hz Probe 3839Hz	39	0.899	70.00	0.121
288.593	0.05	Adapter 899Hz Probe 3839Hz	39	0.899	70.00	0.121
288.673	0.05	Adapter 899Hz Probe 3839Hz	39	0.899	70.00	0.121
288.753	0.05	Adapter 899Hz Probe 3839Hz	39	0.899	70.00	0.121
288.833	0.05	Adapter 899Hz Probe 3839Hz	39	3.839	70.00	0.437
289.013	0.05	Adapter 899Hz Probe 3839Hz	39	0.899	70.00	0.121
289.093	0.05	Adapter 899Hz Probe 3839Hz	39	0.899	70.00	0.121
289.173	0.05	Adapter 899Hz Probe 3839Hz	39	0.899	70.00	0.121
289.253	0.05	Adapter 899Hz Probe 3839Hz	39	0.899	70.00	0.121
289.333	0.05	Adapter 899Hz Probe 3839Hz	39	3.839	70.00	0.437
289.513	0.05	Adapter 899Hz Probe 3839Hz	39	0.899	70.00	0.121
289.593	0.05	Adapter 899Hz Probe 3839Hz	39	0.899	70.00	0.121
289.673	0.05	Adapter 899Hz Probe 3839Hz	39	0.899	70.00	0.121
289.753	0.05	Adapter 899Hz Probe 3839Hz	39	0.899	70.00	0.121
289.833	0.05	Adapter 899Hz Probe 3839Hz	39	3.839	70.00	0.437
290.013	0.05	Adapter 899Hz Probe 3839Hz	39	0.899	70.00	0.121
290.093	0.05	Adapter 899Hz Probe 3839Hz	39	0.899	70.00	0.121
290.173	0.05	Adapter 899Hz Probe 3839Hz	39	0.899	70.00	0.121
290.253	0.05	Adapter 899Hz Probe 3839Hz	39	0.899	70.00	0.121
290.333	0.05	Adapter 899Hz Probe 3839Hz	39	3.839	70.00	0.437
290.513	0.05	Adapter 899Hz Probe 3839Hz	39	0.899	70.00	0.121
290.593	0.05	Adapter 899Hz Probe 3839Hz	39	0.899	70.00	0.121
290.673	0.05	Adapter 899Hz Probe 3839Hz	39	0.899	70.00	0.121
290.753	0.05	Adapter 899Hz Probe 3839Hz	39	0.899	70.00	0.121
290.833	0.05	Adapter 899Hz Probe 3839Hz	39	3.839	70.00	0.437
291.013	0.05	Adapter 899Hz Probe 3839Hz	39	0.899	70.00	0.121
291.093	0.05	Adapter 899Hz Probe 3839Hz	39	0.899	70.00	0.121
291.173	0.05	Adapter 899Hz Probe 3839Hz	39	0.899	70.00	0.121
291.253	0.05	Adapter 899Hz Probe 3839Hz	39	0.899	70.00	0.121
291.333	0.05	Adapter 899Hz Probe 3839Hz	39	3.839	70.00	0.437
291.513	0.05	Adapter 899Hz Probe 3839Hz	39	0.899	70.00	0.121
291.593	0.05	Adapter 899Hz Probe 3839Hz	39	0.899	70.00	0.121
291.673	0.05	Adapter 899Hz Probe 3839Hz	39	0.899	70.00	0.121
291.753	0.05	Adapter 899Hz Probe 3839Hz	39	0.899	70.00	0.121
291.833	0.05	Adapter 899Hz Probe 3839Hz	39	3.839	70.00	0.437
292.013	0.05	Adapter 899Hz Probe 3839Hz	39	0.899	70.00	0.121
292.093	0.05	Adapter 899Hz Probe 3839Hz	39	0.899	70.00	0.121
292.173	0.05	Adapter 899Hz Probe 3839Hz	39	0.899	70.00	0.121
292.253	0.05	Adapter 899Hz Probe 3839Hz	39	0.899	70.00	0.121
292.333	0.05	Adapter 899Hz Probe 3839Hz	39	3.839	70.00	0.437
295.032	0.05	Adapter 6009Hz	40	6.009	70.00	0.671
295.112	0.05	Adapter 6009Hz	40	6.009	70.00	0.671
295.192	0.05	Adapter 6009Hz	40	6.009	70.00	0.671
295.272	0.05	Adapter 6009Hz	40	6.009	70.00	0.671
295.532	0.05	Adapter 6009Hz	40	6.009	70.00	0.671
295.612	0.05	Adapter 6009Hz	40	6.009	70.00	0.671
295.692	0.05	Adapter 6009Hz	40	6.009	70.00	0.671
295.772	0.05	Adapter 6009Hz	40	6.009	70.00	0.671
296.032	0.05	Adapter 6009Hz	40	6.009	70.00	0.671
296.112	0.05	Adapter 6009Hz	40	6.009	70.00	0.671
296.192	0.05	Adapter 6009Hz	40	6.009	70.00	0.671
296.272	0.05	Adapter 6009Hz	40	6.009	70.00	0.671
296.532	0.05	Adapter 6009Hz	40	6.009	70.00	0.671
296.612	0.05	Adapter 6009Hz	40	6.009	70.00	0.671
296.692	0.05	Adapter 6009Hz	40	6.009	70.00	0.671
296.772	0.05	Adapter 6009Hz	40	6.009	70.00	0.671
297.032	0.05	Adapter 6009Hz	40	6.009	70.00	0.671
297.112	0.05	Adapter 6009Hz	40	6.009	70.00	0.671
297.192	0.05	Adapter 6009Hz	40	6.009	70.00	0.671
297.272	0.05	Adapter 6009Hz	40	6.009	70.00	0.671
297.532	0.05	Adapter 6009Hz	40	6.009	70.00	0.671
297.612	0.05	Adapter 6009Hz	40	6.009	70.00	0.671
297.692	0.05	Adapter 6009Hz	40	6.009	70.00	0.671
297.772	0.05	Adapter 6009Hz	40	6.009	70.00	0.671
298.032	0.05	Adapter 6009Hz	40	6.009	70.00	0.671
298.112	0.05	Adapter 6009Hz	40	6.009	70.00	0.671
298.192	0.05	Adapter 6009Hz	40	6.009	70.00	0.671
298.272	0.05	Adapter 6009Hz	40	6.009	70.00	0.671
298.532	0.05	Adapter 6009Hz	40	6.009	70.00	0.671
298.612	0.05	Adapter 6009Hz	40	6.009	70.00	0.671
298.692	0.05	Adapter 6009Hz	40	6.009	70.00	0.671
298.772	0.05	Adapter 6009Hz	40	6.009	70.00	0.671
299.032	0.05	Adapter 6009Hz	40	6.009	70.00	0.671
299.112	0.05	Adapter 6009Hz	40	6.009	70.00	0.671
299.192	0.05	Adapter 6009Hz	40	6.009	70.00	0.671
299.272	0.05	Adapter 6009Hz	40	6.009	70.00	0.671
299.532	0.05	Adapter 6009Hz	40	6.009	70.00	0.671
299.612	0.05	Adapter 6009Hz	40	6.009	70.00	0.671
299.692	0.05	Adapter 6009Hz	40	6.009	70.00	0.671
299.772	0.05	Adapter 6009Hz	40	6.009	70.00	0.671
310.008	0.05	Adapter 251Hz	42	0.251	70.00	0.052
310.088	0.05	Adapter 251Hz	42	0.251	70.00	0.052
310.168	0.05	Adapter 251Hz	42	0.251	70.00	0.052
310.248	0.05	Adapter 251Hz	42	0.251	70.00	0.052
310.508	0.05	Adapter 251Hz	42	0.251	70.00	0.052
310.588	0.05	Adapter 251Hz	42	0.251	70.00	0.052
310.668	0.05	Adapter 251Hz	42	0.251	70.00	0.052
310.748	0.05	Adapter 251Hz	42	0.251	70.00	0.052
311.008	0.05	Adapter 251Hz	42	0.251	70.00	0.052
311.088	0.05	Adapter 251Hz	42	0.251	70.00	0.052
311.168	0.05	Adapter 251Hz	42	0.251	70.00	0.052
311.248	0.05	Adapter 251Hz	42	0.251	70.00	0.052
311.508	0.05	Adapter 251Hz	42	0.251	70.00	0.052
311.588	0.05	Adapter 251Hz	42	0.251	70.00	0.052
311.668	0.05	Adapter 251Hz	42	0.251	70.00	0.052
311.748	0.05	Adapter 251Hz	42	0.251	70.00	0.052
312.008	0.05	Adapter 251Hz	42	0.251	70.00	0.052
312.088	0.05	Adapter 251Hz	42	0.251	70.00	0.052
312.168	0.05	Adapter 251Hz	42	0.251	70.00	0.052
312.248	0.05	Adapter 251Hz	42	0.251	70.00	0.052
312.508	0.05	Adapter 251Hz	42	0.251	70.00	0.052
312.588	0.05	Adapter 251Hz	42	0.251	70.00	0.052
312.668	0.05	Adapter 251Hz	42	0.251	70.00	0.052
312.748	0.05	Adapter 251Hz	42	0.251	70.00	0.052
313.008	0.05	Adapter 251Hz	42	0.251	70.00	0.052
313.088	0.05	Adapter 251Hz	42	0.251	70.00	0.052
313.168	0.05	Adapter 251Hz	42	0.251	70.00	0.052
313.248	0.05	Adapter 251Hz	42	0.251	70.00	0.052
313.508	0.05	Adapter 251Hz	42	0.251	70.00	0.052
313.588	0.05	Adapter 251Hz	42	0.251	70.00	0.052
313.668	0.05	Adapter 251Hz	42	0.251	70.00	0.052
313.748	0.05	Adapter 251Hz	42	0.251	70.00	0.052
314.008	0.05	Adapter 251Hz	42	0.251	70.00	0.052
314.088	0.05	Adapter 251Hz	42	0.251	70.00	0.052
314.168	0.05	Adapter 251Hz	42	0.251	70.00	0.052
314.248	0.05	Adapter 251Hz	42	0.251	70.00	0.052
314.508	0.05	Adapter 251Hz	42	0.251	70.00	0.052
314.588	0.05	Adapter 251Hz	42	0.251	70.00	0.052
314.668	0.05	Adapter 251Hz	42	0.251	70.00	0.052
314.748	0.05	Adapter 251Hz	42	0.251	70.00	0.052
317.496	0.05	Adapter 1501Hz Probe 3839Hz	43	1.501	70.00	0.186
317.576	0.05	Adapter 1501Hz Probe 3839Hz	43	1.501	70.00	0.186
317.656	0.05	Adapter 1501Hz Probe 3839Hz	43	1.501	70.00	0.186
317.736	0.05	Adapter 1501Hz Probe 3839Hz	43	1.501	70.00	0.186
317.816	0.05	Adapter 1501Hz Probe 3839Hz	43	3.839	70.00	0.437
317.996	0.05	Adapter 1501Hz Probe 3839Hz	43	1.501	70.00	0.186
318.076	0.05	Adapter 1501Hz Probe 3839Hz	43	1.501	70.00	0.186
318.156	0.05	Adapter 1501Hz Probe 3839Hz	43	1.501	70.00	0.186
318.236	0.05	Adapter 1501Hz Probe 3839Hz	43	1.501	70.00	0.186
318.316	0.05	Adapter 1501Hz Probe 3839Hz	43	3.839	70.00	0.437
318.496	0.05	Adapter 1501Hz Probe 3839Hz	43	1.501	70.00	0.186
318.576	0.05	Adapter 1501Hz Probe 3839Hz	43	1.501	70.00	0.186
318.656	0.05	Adapter 1501Hz Probe 3839Hz	43	1.501	70.00	0.186
318.736	0.05	Adapter 1501Hz Probe 3839Hz	43	1.501	70.00	0.186
318.816	0.05	Adapter 1501Hz Probe 3839Hz	43	3.839	70.00	0.437
318.996	0.05	Adapter 1501Hz Probe 3839Hz	43	1.501	70.00	0.186
319.076	0.05	Adapter 1501Hz Probe 3839Hz	43	1.501	70.00	0.186
319.156	0.05	Adapter 1501Hz Probe 3839Hz	43	1.501	70.00	0.186
319.236	0.05	Adapter 1501Hz Probe 3839Hz	43	1.501	70.00	0.186
319.316	0.05	Adapter 1501Hz Probe 3839Hz	43	3.839	70.00	0.437
319.496	0.05	Adapter 1501Hz Probe 3839Hz	43	1.501	70.00	0.186
319.576	0.05	Adapter 1501Hz Probe 3839Hz	43	1.501	70.00	0.186
319.656	0.05	Adapter 1501Hz Probe 3839Hz	43	1.501	70.00	0.186
319.736	0.05	Adapter 1501Hz Probe 3839Hz	43	1.501	70.00	0.186
319.816	0.05	Adapter 1501Hz Probe 3839Hz	43	3.839	70.00	0.437
319.996	0.05	Adapter 1501Hz Probe 3839Hz	43	1.501	70.00	0.186
320.076	0.05	Adapter 1501Hz Probe 3839Hz	43	1.501	70.00	0.186
320.156	0.05	Adapter 1501Hz Probe 3839Hz	43	1.501	70.00	0.186
320.236	0.05	Adapter 1501Hz Probe 3839Hz	43	1.501	70.00	0.186
320.316	0.05	Adapter 1501Hz Probe 3839Hz	43	3.839	70.00	0.437
320.496	0.05	Adapter 1501Hz Probe 3839Hz	43	1.501	70.00	0.186
320.576	0.05	Adapter 1501Hz Probe 3839Hz	43	1.501	70.00	0.186
320.656	0.05	Adapter 1501Hz Probe 3839Hz	43	1.501	70.00	0.186
320.736	0.05	Adapter 1501Hz Probe 3839Hz	43	1.501	70.00	0.186
320.816	0.05	Adapter 1501Hz Probe 3839Hz	43	3.839	70.00	0.437
320.996	0.05	Adapter 1501Hz Probe 3839Hz	43	1.501	70.00	0.186
321.076	0.05	Adapter 1501Hz Probe 3839Hz	43	1.501	70.00	0.186
321.156	0.05	Adapter 1501Hz Probe 3839Hz	43	1.501	70.00	0.186
321.236	0.05	Adapter 1501Hz Probe 3839Hz	43	1.501	70.00	0.186
321.316	0.05	Adapter 1501Hz Probe 3839Hz	43	3.839	70.00	0.437
321.496	0.05	Adapter 1501Hz Probe 3839Hz	43	1.501	70.00	0.186
321.576	0.05	Adapter 1501Hz Probe 3839Hz	43	1.501	70.00	0.186
321.656	0.05	Adapter 1501Hz Probe 3839Hz	43	1.501	70.00	0.186
321.736	0.05	Adapter 1501Hz Probe 3839Hz	43	1.501	70.00	0.186
321.816	0.05	Adapter 1501Hz Probe 3839Hz	43	3.839	70.00	0.437
321.996	0.05	Adapter 1501Hz Probe 3839Hz	43	1.501	70.00	0.186
322.076	0.05	Adapter 1501Hz Probe 3839Hz	43	1.501	70.00	0.186
322.156	0.05	Adapter 1501Hz Probe 3839Hz	43	1.501	70.00	0.186
322.236	0.05	Adapter 1501Hz Probe 3839Hz	43	1.501	70.00	0.186
322.316	0.05	Adapter 1501Hz Probe 3839Hz	43	3.839	70.00	0.437
325.031	0.05	Adapter 507Hz Probe 3839Hz	44	0.507	70.00	0.079
325.111	0.05	Adapter 507Hz Probe 3839Hz	44	0.507	70.00	0.079
325.191	0.05	Adapter 507Hz Probe 3839Hz	44	0.507	70.00	0.079
325.271	0.05	Adapter 507Hz Probe 3839Hz	44	0.507	70.00	0.079
325.351	0.05	Adapter 507Hz Probe 3839Hz	44	3.839	70.00	0.437
325.531	0.05	Adapter 507Hz Probe 3839Hz	44	0.507	70.00	0.079
325.611	0.05	Adapter 507Hz Probe 3839Hz	44	0.507	70.00	0.079
325.691	0.05	Adapter 507Hz Probe 3839Hz	44	0.507	70.00	0.079
325.771	0.05	Adapter 507Hz Probe 3839Hz	44	0.507	70.00	0.079
325.851	0.05	Adapter 507Hz Probe 3839Hz	44	3.839	70.00	0.437
326.031	0.05	Adapter 507Hz Probe 3839Hz	44	0.507	70.00	0.079
326.111	0.05	Adapter 507Hz Probe 3839Hz	44	0.507	70.00	0.079
326.191	0.05	Adapter 507Hz Probe 3839Hz	44	0.507	70.00	0.079
326.271	0.05	Adapter 507Hz Probe 3839Hz	44	0.507	70.00	0.079
326.351	0.05	Adapter 507Hz Probe 3839Hz	44	3.839	70.00	0.437
326.531	0.05	Adapter 507Hz Probe 3839Hz	44	0.507	70.00	0.079
326.611	0.05	Adapter 507Hz Probe 3839Hz	44	0.507	70.00	0.079
326.691	0.05	Adapter 507Hz Probe 3839Hz	44	0.507	70.00	0.079
326.771	0.05	Adapter 507Hz Probe 3839Hz	44	0.507	70.00	0.079
326.851	0.05	Adapter 507Hz Probe 3839Hz	44	3.839	70.00	0.437
327.031	0.05	Adapter 507Hz Probe 3839Hz	44	0.507	70.00	0.079
327.111	0.05	Adapter 507Hz Probe 3839Hz	44	0.507	70.00	0.079
327.191	0.05	Adapter 507Hz Probe 3839Hz	44	0.507	70.00	0.079
327.271	0.05	Adapter 507Hz Probe 3839Hz	44	0.507	70.00	0.079
327.351	0.05	Adapter 507Hz Probe 3839Hz	44	3.839	70.00	0.437
327.531	0.05	Adapter 507Hz Probe 3839Hz	44	0.507	70.00	0.079
327.611	0.05	Adapter 507Hz Probe 3839Hz	44	0.507	70.00	0.079
327.691	0.05	Adapter 507Hz Probe 3839Hz	44	0.507	70.00	0.079
327.771	0.05	Adapter 507Hz Probe 3839Hz	44	0.507	70.00	0.079
327.851	0.05	Adapter 507Hz Probe 3839Hz	44	3.839	70.00	0.437
328.031	0.05	Adapter 507Hz Probe 3839Hz	44	0.507	70.00	0.079
328.111	0.05	Adapter 507Hz Probe 3839Hz	44	0.507	70.00	0.079
328.191	0.05	Adapter 507Hz Probe 3839Hz	44	0.507	70.00	0.079
328.271	0.05	Adapter 507Hz Probe 3839Hz	44	0.507	70.00	0.079
328.351	0.05	Adapter 507Hz Probe 3839Hz	44	3.839	70.00	0.437
328.531	0.05	Adapter 507Hz Probe 3839Hz	44	0.507	70.00	0.079
328.611	0.05	Adapter 507Hz Probe 3839Hz	44	0.507	70.00	0.079
328.691	0.05	Adapter 507Hz Probe 3839Hz	44	0.507	70.00	0.079
328.771	0.05	Adapter 507Hz Probe 3839Hz	44	0.507	70.00	0.079
328.851	0.05	Adapter 507Hz Probe 3839Hz	44	3.839	70.00	0.437
329.031	0.05	Adapter 507Hz Probe 3839Hz	44	0.507	70.00	0.079
329.111	0.05	Adapter 507Hz Probe 3839Hz	44	0.507	70.00	0.079
329.191	0.05	Adapter 507Hz Probe 3839Hz	44	0.507	70.00	0.079
329.271	0.05	Adapter 507Hz Probe 3839Hz	44	0.507	70.00	0.079
329.351	0.05	Adapter 507Hz Probe 3839Hz	44	3.839	70.00	0.437
329.531	0.05	Adapter 507Hz Probe 3839Hz	44	0.507	70.00	0.079
329.611	0.05	Adapter 507Hz Probe 3839Hz	44	0.507	70.00	0.079
329.691	0.05	Adapter 507Hz Probe 3839Hz	44	0.507	70.00	0.079
329.771	0.05	Adapter 507Hz Probe 3839Hz	44	0.507	70.00	0.079
329.851	0.05	Adapter 507Hz Probe 3839Hz	44	3.839	70.00	0.437
332.534	0.05	Adapter 3839Hz Probe 3839Hz	45	3.839	70.00	0.437
332.614	0.05	Adapter 3839Hz Probe 3839Hz	45	3.839	70.00	0.437
332.694	0.05	Adapter 3839Hz Probe 3839Hz	45	3.839	70.00	0.437
332.774	0.05	Adapter 3839Hz Probe 3839Hz	45	3.839	70.00	0.437
332.854	0.05	Adapter 3839Hz Probe 3839Hz	45	3.839	70.00	0.437
333.034	0.05	Adapter 3839Hz Probe 3839Hz	45	3.839	70.00	0.437
333.114	0.05	Adapter 3839Hz Probe 3839Hz	45	3.839	70.00	0.437
333.194	0.05	Adapter 3839Hz Probe 3839Hz	45	3.839	70.00	0.437
333.274	0.05	Adapter 3839Hz Probe 3839Hz	45	3.839	70.00	0.437
333.354	0.05	Adapter 3839Hz Probe 3839Hz	45	3.839	70.00	0.437
333.534	0.05	Adapter 3839Hz Probe 3839Hz	45	3.839	70.00	0.437
333.614	0.05	Adapter 3839Hz Probe 3839Hz	45	3.839	70.00	0.437
333.694	0.05	Adapter 3839Hz Probe 3839Hz	45	3.839	70.00	0.437
333.774	0.05	Adapter 3839Hz Probe 3839Hz	45	3.839	70.00	0.437
333.854	0.05	Adapter 3839Hz Probe 3839Hz	45	3.839	70.00	0.437
334.034	0.05	Adapter 3839Hz Probe 3839Hz	45	3.839	70.00	0.437
334.114	0.05	Adapter 3839Hz Probe 3839Hz	45	3.839	70.00	0.437
334.194	0.05	Adapter 3839Hz Probe 3839Hz	45	3.839	70.00	0.437
334.274	0.05	Adapter 3839Hz Probe 3839Hz	45	3.839	70.00	0.437
334.354	0.05	Adapter 3839Hz Probe 3839Hz	45	3.839	70.00	0.437
334.534	0.05	Adapter 3839Hz Probe 3839Hz	45	3.839	70.00	0.437
334.614	0.05	Adapter 3839Hz Probe 3839Hz	45	3.839	70.00	0.437
334.694	0.05	Adapter 3839Hz Probe 3839Hz	45	3.839	70.00	0.437
334.774	0.05	Adapter 3839Hz Probe 3839Hz	45	3.839	70.00	0.437
334.854	0.05	Adapter 3839Hz Probe 3839Hz	45	3.839	70.00	0.437
335.034	0.05	Adapter 3839Hz Probe 3839Hz	45	3.839	70.00	0.437
335.114	0.05	Adapter 3839Hz Probe 3839Hz	45	3.839	70.00	0.437
335.194	0.05	Adapter 3839Hz Probe 3839Hz	45	3.839	70.00	0.437
335.274	0.05	Adapter 3839Hz Probe 3839Hz	45	3.839	70.00	0.437
335.354	0.05	Adapter 3839Hz Probe 3839Hz	45	3.839	70.00	0.437
335.534	0.05	Adapter 3839Hz Probe 3839Hz	45	3.839	70.00	0.437
335.614	0.05	Adapter 3839Hz Probe 3839Hz	45	3.839	70.00	0.437
335.694	0.05	Adapter 3839Hz Probe 3839Hz	45	3.839	70.00	0.437
335.774	0.05	Adapter 3839Hz Probe 3839Hz	45	3.839	70.00	0.437
335.854	0.05	Adapter 3839Hz Probe 3839Hz	45	3.839	70.00	0.437
336.034	0.05	Adapter 3839Hz Probe 3839Hz	45	3.839	70.00	0.437
336.114	0.05	Adapter 3839Hz Probe 3839Hz	45	3.839	70.00	0.437
336.194	0.05	Adapter 3839Hz Probe 3839Hz	45	3.839	70.00	0.437
336.274	0.05	Adapter 3839Hz Probe 3839Hz	45	3.839	70.00	0.437
336.354	0.05	Adapter 3839Hz Probe 3839Hz	45	3.839	70.00	0.437
336.534	0.05	Adapter 3839Hz Probe 3839Hz	45	3.839	70.00	0.437
336.614	0.05	Adapter 3839Hz Probe 3839Hz	45	3.839	70.00	0.437
336.694	0.05	Adapter 3839Hz Probe 3839Hz	45	3.839	70.00	0.437
336.774	0.05	Adapter 3839Hz Probe 3839Hz	45	3.839	70.00	0.437
336.854	0.05	Adapter 3839Hz Probe 3839Hz	45	3.839	70.00	0.437
337.034	0.05	Adapter 3839Hz Probe 3839Hz	45	3.839	70.00	0.437
337.114	0.05	Adapter 3839Hz Probe 3839Hz	45	3.839	70.00	0.437
337.194	0.05	Adapter 3839Hz Probe 3839Hz	45	3.839	70.00	0.437
337.274	0.05	Adapter 3839Hz Probe 3839Hz	45	3.839	70.00	0.437
337.354	0.05	Adapter 3839Hz Probe 3839Hz	45	3.839	70.00	0.437
340.038	0.05	Adapter 2423Hz Probe 3839Hz	46	2.423	70.00	0.285
340.118	0.05	Adapter 2423Hz Probe 3839Hz	46	2.423	70.00	0.285
340.198	0.05	Adapter 2423Hz Probe 3839Hz	46	2.423	70.00	0.285
340.278	0.05	Adapter 2423Hz Probe 3839Hz	46	2.423	70.00	0.285
340.358	0.05	Adapter 2423Hz Probe 3839Hz	46	3.839	70.00	0.437
340.538	0.05	Adapter 2423Hz Probe 3839Hz	46	2.423	70.00	0.285
340.618	0.05	Adapter 2423Hz Probe 3839Hz	46	2.423	70.00	0.285
340.698	0.05	Adapter 2423Hz Probe 3839Hz	46	2.423	70.00	0.285
340.778	0.05	Adapter 2423Hz Probe 3839Hz	46	2.423	70.00	0.285
340.858	0.05	Adapter 2423Hz Probe 3839Hz	46	3.839	70.00	0.437
341.038	0.05	Adapter 2423Hz Probe 3839Hz	46	2.423	70.00	0.285
341.118	0.05	Adapter 2423Hz Probe 3839Hz	46	2.423	70.00	0.285
341.198	0.05	Adapter 2423Hz Probe 3839Hz	46	2.423	70.00	0.285
341.278	0.05	Adapter 2423Hz Probe 3839Hz	46	2.423	70.00	0.285
341.358	0.05	Adapter 2423Hz Probe 3839Hz	46	3.839	70.00	0.437
341.538	0.05	Adapter 2423Hz Probe 3839Hz	46	2.423	70.00	0.285
341.618	0.05	Adapter 2423Hz Probe 3839Hz	46	2.423	70.00	0.285
341.698	0.05	Adapter 2423Hz Probe 3839Hz	46	2.423	70.00	0.285
341.778	0.05	Adapter 2423Hz Probe 3839Hz	46	2.423	70.00	0.285
341.858	0.05	Adapter 2423Hz Probe 3839Hz	46	3.839	70.00	0.437
342.038	0.05	Adapter 2423Hz Probe 3839Hz	46	2.423	70.00	0.285
342.118	0.05	Adapter 2423Hz Probe 3839Hz	46	2.423	70.00	0.285
342.198	0.05	Adapter 2423Hz Probe 3839Hz	46	2.423	70.00	0.285
342.278	0.05	Adapter 2423Hz Probe 3839Hz	46	2.423	70.00	0.285
342.358	0.05	Adapter 2423Hz Probe 3839Hz	46	3.839	70.00	0.437
342.538	0.05	Adapter 2423Hz Probe 3839Hz	46	2.423	70.00	0.285
342.618	0.05	Adapter 2423Hz Probe 3839Hz	46	2.423	70.00	0.285
342.698	0.05	Adapter 2423Hz Probe 3839Hz	46	2.423	70.00	0.285
342.778	0.05	Adapter 2423Hz Probe 3839Hz	46	2.423	70.00	0.285
342.858	0.05	Adapter 2423Hz Probe 3839Hz	46	3.839	70.00	0.437
343.038	0.05	Adapter 2423Hz Probe 3839Hz	46	2.423	70.00	0.285
343.118	0.05	Adapter 2423Hz Probe 3839Hz	46	2.423	70.00	0.285
343.198	0.05	Adapter 2423Hz Probe 3839Hz	46	2.423	70.00	0.285
343.278	0.05	Adapter 2423Hz Probe 3839Hz	46	2.423	70.00	0.285
343.358	0.05	Adapter 2423Hz Probe 3839Hz	46	3.839	70.00	0.437
343.538	0.05	Adapter 2423Hz Probe 3839Hz	46	2.423	70.00	0.285
343.618	0.05	Adapter 2423Hz Probe 3839Hz	46	2.423	70.00	0.285
343.698	0.05	Adapter 2423Hz Probe 3839Hz	46	2.423	70.00	0.285
343.778	0.05	Adapter 2423Hz Probe 3839Hz	46	2.423	70.00	0.285
343.858	0.05	Adapter 2423Hz Probe 3839Hz	46	3.839	70.00	0.437
344.038	0.05	Adapter 2423Hz Probe 3839Hz	46	2.423	70.00	0.285
344.118	0.05	Adapter 2423Hz Probe 3839Hz	46	2.423	70.00	0.285
344.198	0.05	Adapter 2423Hz Probe 3839Hz	46	2.423	70.00	0.285
344.278	0.05	Adapter 2423Hz Probe 3839Hz	46	2.423	70.00	0.285
344.358	0.05	Adapter 2423Hz Probe 3839Hz	46	3.839	70.00	0.437
344.538	0.05	Adapter 2423Hz Probe 3839Hz	46	2.423	70.00	0.285
344.618	0.05	Adapter 2423Hz Probe 3839Hz	46	2.423	70.00	0.285
344.698	0.05	Adapter 2423Hz Probe 3839Hz	46	2.423	70.00	0.285
344.778	0.05	Adapter 2423Hz Probe 3839Hz	46	2.423	70.00	0.285
344.858	0.05	Adapter 2423Hz Probe 3839Hz	46	3.839	70.00	0.437
347.542	0.05	Adapter 2423Hz	47	2.423	70.00	0.285
347.622	0.05	Adapter 2423Hz	47	2.423	70.00	0.285
347.702	0.05	Adapter 2423Hz	47	2.423	70.00	0.285
347.782	0.05	Adapter 2423Hz	47	2.423	70.00	0.285
348.042	0.05	Adapter 2423Hz	47	2.423	70.00	0.285
348.122	0.05	Adapter 2423Hz	47	2.423	70.00	0.285
348.202	0.05	Adapter 2423Hz	47	2.423	70.00	0.285
348.282	0.05	Adapter 2423Hz	47	2.423	70.00	0.285
348.542	0.05	Adapter 2423Hz	47	2.423	70.00	0.285
348.622	0.05	Adapter 2423Hz	47	2.423	70.00	0.285
348.702	0.05	Adapter 2423Hz	47	2.423	70.00	0.285
348.782	0.05	Adapter 2423Hz	47	2.423	70.00	0.285
349.042	0.05	Adapter 2423Hz	47	2.423	70.00	0.285
349.122	0.05	Adapter 2423Hz	47	2.423	70.00	0.285
349.202	0.05	Adapter 2423Hz	47	2.423	70.00	0.285
349.282	0.05	Adapter 2423Hz	47	2.423	70.00	0.285
349.542	0.05	Adapter 2423Hz	47	2.423	70.00	0.285
349.622	0.05	Adapter 2423Hz	47	2.423	70.00	0.285
349.702	0.05	Adapter 2423Hz	47	2.423	70.00	0.285
349.782	0.05	Adapter 2423Hz	47	2.423	70.00	0.285
350.042	0.05	Adapter 2423Hz	47	2.423	70.00	0.285
350.122	0.05	Adapter 2423Hz	47	2.423	70.00	0.285
350.202	0.05	Adapter 2423Hz	47	2.423	70.00	0.285
350.282	0.05	Adapter 2423Hz	47	2.423	70.00	0.285
350.542	0.05	Adapter 2423Hz	47	2.423	70.00	0.285
350.622	0.05	Adapter 2423Hz	47	2.423	70.00	0.285
350.702	0.05	Adapter 2423Hz	47	2.423	70.00	0.285
350.782	0.05	Adapter 2423Hz	47	2.423	70.00	0.285
351.042	0.05	Adapter 2423Hz	47	2.423	70.00	0.285
351.122	0.05	Adapter 2423Hz	47	2.423	70.00	0.285
351.202	0.05	Adapter 2423Hz	47	2.423	70.00	0.285
351.282	0.05	Adapter 2423Hz	47	2.423	70.00	0.285
351.542	0.05	Adapter 2423Hz	47	2.423	70.00	0.285
351.622	0.05	Adapter 2423Hz	47	2.423	70.00	0.285
351.702	0.05	Adapter 2423Hz	47	2.423	70.00	0.285
351.782	0.05	Adapter 2423Hz	47	2.423	70.00	0.285
352.042	0.05	Adapter 2423Hz	47	2.423	70.00	0.285
352.122	0.05	Adapter 2423Hz	47	2.423	70.00	0.285
352.202	0.05	Adapter 2423Hz	47	2.423	70.00	0.285
352.282	0.05	Adapter 2423Hz	47	2.423	70.00	0.285
362.502	0.05	Adapter 3839Hz Probe 3839Hz	49	3.839	70.00	0.437
362.582	0.05	Adapter 3839Hz Probe 3839Hz	49	3.839	70.00	0.437
362.662	0.05	Adapter 3839Hz Probe 3839Hz	49	3.839	70.00	0.437
362.742	0.05	Adapter 3839Hz Probe 3839Hz	49	3.839	70.00	0.437
362.822	0.05	Adapter 3839Hz Probe 3839Hz	49	3.839	70.00	0.437
363.002	0.05	Adapter 3839Hz Probe 3839Hz	49	3.839	70.00	0.437
363.082	0.05	Adapter 3839Hz Probe 3839Hz	49	3.839	70.00	0.437
363.162	0.05	Adapter 3839Hz Probe 3839Hz	49	3.839	70.00	0.437
363.242	0.05	Adapter 3839Hz Probe 3839Hz	49	3.839	70.00	0.437
363.322	0.05	Adapter 3839Hz Probe 3839Hz	49	3.839	70.00	0.437
363.502	0.05	Adapter 3839Hz Probe 3839Hz	49	3.839	70.00	0.437
363.582	0.05	Adapter 3839Hz Probe 3839Hz	49	3.839	70.00	0.437
363.662	0.05	Adapter 3839Hz Probe 3839Hz	49	3.839	70.00	0.437
363.742	0.05	Adapter 3839Hz Probe 3839Hz	49	3.839	70.00	0.437
363.822	0.05	Adapter 3839Hz Probe 3839Hz	49	3.839	70.00	0.437
364.002	0.05	Adapter 3839Hz Probe 3839Hz	49	3.839	70.00	0.437
364.082	0.05	Adapter 3839Hz Probe 3839Hz	49	3.839	70.00	0.437
364.162	0.05	Adapter 3839Hz Probe 3839Hz	49	3.839	70.00	0.437
364.242	0.05	Adapter 3839Hz Probe 3839Hz	49	3.839	70.00	0.437
364.322	0.05	Adapter 3839Hz Probe 3839Hz	49	3.839	70.00	0.437
364.502	0.05	Adapter 3839Hz Probe 3839Hz	49	3.839	70.00	0.437
364.582	0.05	Adapter 3839Hz Probe 3839Hz	49	3.839	70.00	0.437
364.662	0.05	Adapter 3839Hz Probe 3839Hz	49	3.839	70.00	0.437
364.742	0.05	Adapter 3839Hz Probe 3839Hz	49	3.839	70.00	0.437
364.822	0.05	Adapter 3839Hz Probe 3839Hz	49	3.839	70.00	0.437
365.002	0.05	Adapter 3839Hz Probe 3839Hz	49	3.839	70.00	0.437
365.082	0.05	Adapter 3839Hz Probe 3839Hz	49	3.839	70.00	0.437
365.162	0.05	Adapter 3839Hz Probe 3839Hz	49	3.839	70.00	0.437
365.242	0.05	Adapter 3839Hz Probe 3839Hz	49	3.839	70.00	0.437
365.322	0.05	Adapter 3839Hz Probe 3839Hz	49	3.839	70.00	0.437
365.502	0.05	Adapter 3839Hz Probe 3839Hz	49	3.839	70.00	0.437
365.582	0.05	Adapter 3839Hz Probe 3839Hz	49	3.839	70.00	0.437
365.662	0.05	Adapter 3839Hz Probe 3839Hz	49	3.839	70.00	0.437
365.742	0.05	Adapter 3839Hz Probe 3839Hz	49	3.839	70.00	0.437
365.822	0.05	Adapter 3839Hz Probe 3839Hz	49	3.839	70.00	0.437
366.002	0.05	Adapter 3839Hz Probe 3839Hz	49	3.839	70.00	0.437
366.082	0.05	Adapter 3839Hz Probe 3839Hz	49	3.839	70.00	0.437
366.162	0.05	Adapter 3839Hz Probe 3839Hz	49	3.839	70.00	0.437
366.242	0.05	Adapter 3839Hz Probe 3839Hz	49	3.839	70.00	0.437
366.322	0.05	Adapter 3839Hz Probe 3839Hz	49	3.839	70.00	0.437
366.502	0.05	Adapter 3839Hz Probe 3839Hz	49	3.839	70.00	0.437
366.582	0.05	Adapter 3839Hz Probe 3839Hz	49	3.839	70.00	0.437
366.662	0.05	Adapter 3839Hz Probe 3839Hz	49	3.839	70.00	0.437
366.742	0.05	Adapter 3839Hz Probe 3839Hz	49	3.839	70.00	0.437
366.822	0.05	Adapter 3839Hz Probe 3839Hz	49	3.839	70.00	0.437
367.002	0.05	Adapter 3839Hz Probe 3839Hz	49	3.839	70.00	0.437
367.082	0.05	Adapter 3839Hz Probe 3839Hz	49	3.839	70.00	0.437
367.162	0.05	Adapter 3839Hz Probe 3839Hz	49	3.839	70.00	0.437
367.242	0.05	Adapter 3839Hz Probe 3839Hz	49	3.839	70.00	0.437
367.322	0.05	Adapter 3839Hz Probe 3839Hz	49	3.839	70.00	0.437
370.006	0.05	Adapter 899Hz Probe 3839Hz	50	0.899	70.00	0.121
370.086	0.05	Adapter 899Hz Probe 3839Hz	50	0.899	70.00	0.121
370.166	0.05	Adapter 899Hz Probe 3839Hz	50	0.899	70.00	0.121
370.246	0.05	Adapter 899Hz Probe 3839Hz	50	0.899	70.00	0.121
370.326	0.05	Adapter 899Hz Probe 3839Hz	50	3.839	70.00	0.437
370.506	0.05	Adapter 899Hz Probe 3839Hz	50	0.899	70.00	0.121
370.586	0.05	Adapter 899Hz Probe 3839Hz	50	0.899	70.00	0.121
370.666	0.05	Adapter 899Hz Probe 3839Hz	50	0.899	70.00	0.121
370.746	0.05	Adapter 899Hz Probe 3839Hz	50	0.899	70.00	0.121
370.826	0.05	Adapter 899Hz Probe 3839Hz	50	3.839	70.00	0.437
371.006	0.05	Adapter 899Hz Probe 3839Hz	50	0.899	70.00	0.121
371.086	0.05	Adapter 899Hz Probe 3839Hz	50	0.899	70.00	0.121
371.166	0.05	Adapter 899Hz Probe 3839Hz	50	0.899	70.00	0.121
371.246	0.05	Adapter 899Hz Probe 3839Hz	50	0.899	70.00	0.121
371.326	0.05	Adapter 899Hz Probe 3839Hz	50	3.839	70.00	0.437
371.506	0.05	Adapter 899Hz Probe 3839Hz	50	0.899	70.00	0.121
371.586	0.05	Adapter 899Hz Probe 3839Hz	50	0.899	70.00	0.121
371.666	0.05	Adapter 899Hz Probe 3839Hz	50	0.899	70.00	0.121
371.746	0.05	Adapter 899Hz Probe 3839Hz	50	0.899	70.00	0.121
371.826	0.05	Adapter 899Hz Probe 3839Hz	50	3.839	70.00	0.437
372.006	0.05	Adapter 899Hz Probe 3839Hz	50	0.899	70.00	0.121
372.086	0.05	Adapter 899Hz Probe 3839Hz	50	0.899	70.00	0.121
372.166	0.05	Adapter 899Hz Probe 3839Hz	50	0.899	70.00	0.121
372.246	0.05	Adapter 899Hz Probe 3839Hz	50	0.899	70.00	0.121
372.326	0.05	Adapter 899Hz Probe 3839Hz	50	3.839	70.00	0.437
372.506	0.05	Adapter 899Hz Probe 3839Hz	50	0.899	70.00	0.121
372.586	0.05	Adapter 899Hz Probe 3839Hz	50	0.899	70.00	0.121
372.666	0.05	Adapter 899Hz Probe 3839Hz	50	0.899	70.00	0.121
372.746	0.05	Adapter 899Hz Probe 3839Hz	50	0.899	70.00	0.121
372.826	0.05	Adapter 899Hz Probe 3839Hz	50	3.839	70.00	0.437
373.006	0.05	Adapter 899Hz Probe 3839Hz	50	0.899	70.00	0.121
373.086	0.05	Adapter 899Hz Probe 3839Hz	50	0.899	70.00	0.121
373.166	0.05	Adapter 899Hz Probe 3839Hz	50	0.899	70.00	0.121
373.246	0.05	Adapter 899Hz Probe 3839Hz	50	0.899	70.00	0.121
373.326	0.05	Adapter 899Hz Probe 3839Hz	50	3.839	70.00	0.437
373.506	0.05	Adapter 899Hz Probe 3839Hz	50	0.899	70.00	0.121
373.586	0.05	Adapter 899Hz Probe 3839Hz	50	0.899	70.00	0.121
373.666	0.05	Adapter 899Hz Probe 3839Hz	50	0.899	70.00	0.121
373.746	0.05	Adapter 899Hz Probe 3839Hz	50	0.899	70.00	0.121
373.826	0.05	Adapter 899Hz Probe 3839Hz	50	3.839	70.00	0.437
374.006	0.05	Adapter 899Hz Probe 3839Hz	50	0.899	70.00	0.121
374.086	0.05	Adapter 899Hz Probe 3839Hz	50	0.899	70.00	0.121
374.166	0.05	Adapter 899Hz Probe 3839Hz	50	0.899	70.00	0.121
374.246	0.05	Adapter 899Hz Probe 3839Hz	50	0.899	70.00	0.121
374.326	0.05	Adapter 899Hz Probe 3839Hz	50	3.839	70.00	0.437
374.506	0.05	Adapter 899Hz Probe 3839Hz	50	0.899	70.00	0.121
374.586	0.05	Adapter 899Hz Probe 3839Hz	50	0.899	70.00	0.121
374.666	0.05	Adapter 899Hz Probe 3839Hz	50	0.899	70.00	0.121
374.746	0.05	Adapter 899Hz Probe 3839Hz	50	0.899	70.00	0.121
374.826	0.05	Adapter 899Hz Probe 3839Hz	50	3.839	70.00	0.437
377.494	0.05	Adapter 1501Hz	51	1.501	70.00	0.186
377.574	0.05	Adapter 1501Hz	51	1.501	70.00	0.186
377.654	0.05	Adapter 1501Hz	51	1.501	70.00	0.186
377.734	0.05	Adapter 1501Hz	51	1.501	70.00	0.186
377.994	0.05	Adapter 1501Hz	51	1.501	70.00	0.186
378.074	0.05	Adapter 1501Hz	51	1.501	70.00	0.186
378.154	0.05	Adapter 1501Hz	51	1.501	70.00	0.186
378.234	0.05	Adapter 1501Hz	51	1.501	70.00	0.186
378.494	0.05	Adapter 1501Hz	51	1.501	70.00	0.186
378.574	0.05	Adapter 1501Hz	51	1.501	70.00	0.186
378.654	0.05	Adapter 1501Hz	51	1.501	70.00	0.186
378.734	0.05	Adapter 1501Hz	51	1.501	70.00	0.186
378.994	0.05	Adapter 1501Hz	51	1.501	70.00	0.186
379.074	0.05	Adapter 1501Hz	51	1.501	70.00	0.186
379.154	0.05	Adapter 1501Hz	51	1.501	70.00	0.186
379.234	0.05	Adapter 1501Hz	51	1.501	70.00	0.186
379.494	0.05	Adapter 1501Hz	51	1.501	70.00	0.186
379.574	0.05	Adapter 1501Hz	51	1.501	70.00	0.186
379.654	0.05	Adapter 1501Hz	51	1.501	70.00	0.186
379.734	0.05	Adapter 1501Hz	51	1.501	70.00	0.186
379.994	0.05	Adapter 1501Hz	51	1.501	70.00	0.186
380.074	0.05	Adapter 1501Hz	51	1.501	70.00	0.186
380.154	0.05	Adapter 1501Hz	51	1.501	70.00	0.186
380.234	0.05	Adapter 1501Hz	51	1.501	70.00	0.186
380.494	0.05	Adapter 1501Hz	51	1.501	70.00	0.186
380.574	0.05	Adapter 1501Hz	51	1.501	70.00	0.186
380.654	0.05	Adapter 1501Hz	51	1.501	70.00	0.186
380.734	0.05	Adapter 1501Hz	51	1.501	70.00	0.186
380.994	0.05	Adapter 1501Hz	51	1.501	70.00	0.186
381.074	0.05	Adapter 1501Hz	51	1.501	70.00	0.186
381.154	0.05	Adapter 1501Hz	51	1.501	70.00	0.186
381.234	0.05	Adapter 1501Hz	51	1.501	70.00	0.186
381.494	0.05	Adapter 1501Hz	51	1.501	70.00	0.186
381.574	0.05	Adapter 1501Hz	51	1.501	70.00	0.186
381.654	0.05	Adapter 1501Hz	51	1.501	70.00	0.186
381.734	0.05	Adapter 1501Hz	51	1.501	70.00	0.186
381.994	0.05	Adapter 1501Hz	51	1.501	70.00	0.186
382.074	0.05	Adapter 1501Hz	51	1.501	70.00	0.186
382.154	0.05	Adapter 1501Hz	51	1.501	70.00	0.186
382.234	0.05	Adapter 1501Hz	51	1.501	70.00	0.186
385.044	0.05	Adapter 899Hz	52	0.899	70.00	0.121
385.124	0.05	Adapter 899Hz	52	0.899	70.00	0.121
385.204	0.05	Adapter 899Hz	52	0.899	70.00	0.121
385.284	0.05	Adapter 899Hz	52	0.899	70.00	0.121
385.544	0.05	Adapter 899Hz	52	0.899	70.00	0.121
385.624	0.05	Adapter 899Hz	52	0.899	70.00	0.121
385.704	0.05	Adapter 899Hz	52	0.899	70.00	0.121
385.784	0.05	Adapter 899Hz	52	0.899	70.00	0.121
386.044	0.05	Adapter 899Hz	52	0.899	70.00	0.121
386.124	0.05	Adapter 899Hz	52	0.899	70.00	0.121
386.204	0.05	Adapter 899Hz	52	0.899	70.00	0.121
386.284	0.05	Adapter 899Hz	52	0.899	70.00	0.121
386.544	0.05	Adapter 899Hz	52	0.899	70.00	0.121
386.624	0.05	Adapter 899Hz	52	0.899	70.00	0.121
386.704	0.05	Adapter 899Hz	52	0.899	70.00	0.121
386.784	0.05	Adapter 899Hz	52	0.899	70.00	0.121
387.044	0.05	Adapter 899Hz	52	0.899	70.00	0.121
387.124	0.05	Adapter 899Hz	52	0.899	70.00	0.121
387.204	0.05	Adapter 899Hz	52	0.899	70.00	0.121
387.284	0.05	Adapter 899Hz	52	0.899	70.00	0.121
387.544	0.05	Adapter 899Hz	52	0.899	70.00	0.121
387.624	0.05	Adapter 899Hz	52	0.899	70.00	0.121
387.704	0.05	Adapter 899Hz	52	0.899	70.00	0.121
387.784	0.05	Adapter 899Hz	52	0.899	70.00	0.121
388.044	0.05	Adapter 899Hz	52	0.899	70.00	0.121
388.124	0.05	Adapter 899Hz	52	0.899	70.00	0.121
388.204	0.05	Adapter 899Hz	52	0.899	70.00	0.121
388.284	0.05	Adapter 899Hz	52	0.899	70.00	0.121
388.544	0.05	Adapter 899Hz	52	0.899	70.00	0.121
388.624	0.05	Adapter 899Hz	52	0.899	70.00	0.121
388.704	0.05	Adapter 899Hz	52	0.899	70.00	0.121
388.784	0.05	Adapter 899Hz	52	0.899	70.00	0.121
389.044	0.05	Adapter 899Hz	52	0.899	70.00	0.121
389.124	0.05	Adapter 899Hz	52	0.899	70.00	0.121
389.204	0.05	Adapter 899Hz	52	0.899	70.00	0.121
389.284	0.05	Adapter 899Hz	52	0.899	70.00	0.121
389.544	0.05	Adapter 899Hz	52	0.899	70.00	0.121
389.624	0.05	Adapter 899Hz	52	0.899	70.00	0.121
389.704	0.05	Adapter 899Hz	52	0.899	70.00	0.121
389.784	0.05	Adapter 899Hz	52	0.899	70.00	0.121
392.548	0.05	Adapter 2423Hz Probe 3839Hz	53	2.423	70.00	0.285
392.628	0.05	Adapter 2423Hz Probe 3839Hz	53	2.423	70.00	0.285
392.708	0.05	Adapter 2423Hz Probe 3839Hz	53	2.423	70.00	0.285
392.788	0.05	Adapter 2423Hz Probe 3839Hz	53	2.423	70.00	0.285
392.868	0.05	Adapter 2423Hz Probe 3839Hz	53	3.839	70.00	0.437
393.048	0.05	Adapter 2423Hz Probe 3839Hz	53	2.423	70.00	0.285
393.128	0.05	Adapter 2423Hz Probe 3839Hz	53	2.423	70.00	0.285
393.208	0.05	Adapter 2423Hz Probe 3839Hz	53	2.423	70.00	0.285
393.288	0.05	Adapter 2423Hz Probe 3839Hz	53	2.423	70.00	0.285
393.368	0.05	Adapter 2423Hz Probe 3839Hz	53	3.839	70.00	0.437
393.548	0.05	Adapter 2423Hz Probe 3839Hz	53	2.423	70.00	0.285
393.628	0.05	Adapter 2423Hz Probe 3839Hz	53	2.423	70.00	0.285
393.708	0.05	Adapter 2423Hz Probe 3839Hz	53	2.423	70.00	0.285
393.788	0.05	Adapter 2423Hz Probe 3839Hz	53	2.423	70.00	0.285
393.868	0.05	Adapter 2423Hz Probe 3839Hz	53	3.839	70.00	0.437
394.048	0.05	Adapter 2423Hz Probe 3839Hz	53	2.423	70.00	0.285
394.128	0.05	Adapter 2423Hz Probe 3839Hz	53	2.423	70.00	0.285
394.208	0.05	Adapter 2423Hz Probe 3839Hz	53	2.423	70.00	0.285
394.288	0.05	Adapter 2423Hz Probe 3839Hz	53	2.423	70.00	0.285
394.368	0.05	Adapter 2423Hz Probe 3839Hz	53	3.839	70.00	0.437
394.548	0.05	Adapter 2423Hz Probe 3839Hz	53	2.423	70.00	0.285
394.628	0.05	Adapter 2423Hz Probe 3839Hz	53	2.423	70.00	0.285
394.708	0.05	Adapter 2423Hz Probe 3839Hz	53	2.423	70.00	0.285
394.788	0.05	Adapter 2423Hz Probe 3839Hz	53	2.423	70.00	0.285
394.868	0.05	Adapter 2423Hz Probe 3839Hz	53	3.839	70.00	0.437
395.048	0.05	Adapter 2423Hz Probe 3839Hz	53	2.423	70.00	0.285
395.128	0.05	Adapter 2423Hz Probe 3839Hz	53	2.423	70.00	0.285
395.208	0.05	Adapter 2423Hz Probe 3839Hz	53	2.423	70.00	0.285
395.288	0.05	Adapter 2423Hz Probe 3839Hz	53	2.423	70.00	0.285
395.368	0.05	Adapter 2423Hz Probe 3839Hz	53	3.839	70.00	0.437
395.548	0.05	Adapter 2423Hz Probe 3839Hz	53	2.423	70.00	0.285
395.628	0.05	Adapter 2423Hz Probe 3839Hz	53	2.423	70.00	0.285
395.708	0.05	Adapter 2423Hz Probe 3839Hz	53	2.423	70.00	0.285
395.788	0.05	Adapter 2423Hz Probe 3839Hz	53	2.423	70.00	0.285
395.868	0.05	Adapter 2423Hz Probe 3839Hz	53	3.839	70.00	0.437
396.048	0.05	Adapter 2423Hz Probe 3839Hz	53	2.423	70.00	0.285
396.128	0.05	Adapter 2423Hz Probe 3839Hz	53	2.423	70.00	0.285
396.208	0.05	Adapter 2423Hz Probe 3839Hz	53	2.423	70.00	0.285
396.288	0.05	Adapter 2423Hz Probe 3839Hz	53	2.423	70.00	0.285
396.368	0.05	Adapter 2423Hz Probe 3839Hz	53	3.839	70.00	0.437
396.548	0.05	Adapter 2423Hz Probe 3839Hz	53	2.423	70.00	0.285
396.628	0.05	Adapter 2423Hz Probe 3839Hz	53	2.423	70.00	0.285
396.708	0.05	Adapter 2423Hz Probe 3839Hz	53	2.423	70.00	0.285
396.788	0.05	Adapter 2423Hz Probe 3839Hz	53	2.423	70.00	0.285
396.868	0.05	Adapter 2423Hz Probe 3839Hz	53	3.839	70.00	0.437
397.048	0.05	Adapter 2423Hz Probe 3839Hz	53	2.423	70.00	0.285
397.128	0.05	Adapter 2423Hz Probe 3839Hz	53	2.423	70.00	0.285
397.208	0.05	Adapter 2423Hz Probe 3839Hz	53	2.423	70.00	0.285
397.288	0.05	Adapter 2423Hz Probe 3839Hz	53	2.423	70.00	0.285
397.368	0.05	Adapter 2423Hz Probe 3839Hz	53	3.839	70.00	0.437
407.492	0.05	Adapter 507Hz	55	0.507	70.00	0.079
407.572	0.05	Adapter 507Hz	55	0.507	70.00	0.079
407.652	0.05	Adapter 507Hz	55	0.507	70.00	0.079
407.732	0.05	Adapter 507Hz	55	0.507	70.00	0.079
407.992	0.05	Adapter 507Hz	55	0.507	70.00	0.079
408.072	0.05	Adapter 507Hz	55	0.507	70.00	0.079
408.152	0.05	Adapter 507Hz	55	0.507	70.00	0.079
408.232	0.05	Adapter 507Hz	55	0.507	70.00	0.079
408.492	0.05	Adapter 507Hz	55	0.507	70.00	0.079
408.572	0.05	Adapter 507Hz	55	0.507	70.00	0.079
408.652	0.05	Adapter 507Hz	55	0.507	70.00	0.079
408.732	0.05	Adapter 507Hz	55	0.507	70.00	0.079
408.992	0.05	Adapter 507Hz	55	0.507	70.00	0.079
409.072	0.05	Adapter 507Hz	55	0.507	70.00	0.079
409.152	0.05	Adapter 507Hz	55	0.507	70.00	0.079
409.232	0.05	Adapter 507Hz	55	0.507	70.00	0.079
409.492	0.05	Adapter 507Hz	55	0.507	70.00	0.079
409.572	0.05	Adapter 507Hz	55	0.507	70.00	0.079
409.652	0.05	Adapter 507Hz	55	0.507	70.00	0.079
409.732	0.05	Adapter 507Hz	55	0.507	70.00	0.079
409.992	0.05	Adapter 507Hz	55	0.507	70.00	0.079
410.072	0.05	Adapter 507Hz	55	0.507	70.00	0.079
410.152	0.05	Adapter 507Hz	55	0.507	70.00	0.079
410.232	0.05	Adapter 507Hz	55	0.507	70.00	0.079
410.492	0.05	Adapter 507Hz	55	0.507	70.00	0.079
410.572	0.05	Adapter 507Hz	55	0.507	70.00	0.079
410.652	0.05	Adapter 507Hz	55	0.507	70.00	0.079
410.732	0.05	Adapter 507Hz	55	0.507	70.00	0.079
410.992	0.05	Adapter 507Hz	55	0.507	70.00	0.079
411.072	0.05	Adapter 507Hz	55	0.507	70.00	0.079
411.152	0.05	Adapter 507Hz	55	0.507	70.00	0.079
411.232	0.05	Adapter 507Hz	55	0.507	70.00	0.079
411.492	0.05	Adapter 507Hz	55	0.507	70.00	0.079
411.572	0.05	Adapter 507Hz	55	0.507	70.00	0.079
411.652	0.05	Adapter 507Hz	55	0.507	70.00	0.079
411.732	0.05	Adapter 507Hz	55	0.507	70.00	0.079
411.992	0.05	Adapter 507Hz	55	0.507	70.00	0.079
412.072	0.05	Adapter 507Hz	55	0.507	70.00	0.079
412.152	0.05	Adapter 507Hz	55	0.507	70.00	0.079
412.232	0.05	Adapter 507Hz	55	0.507	70.00	0.079
414.996	0.05	Adapter 2423Hz	56	2.423	70.00	0.285
415.076	0.05	Adapter 2423Hz	56	2.423	70.00	0.285
415.156	0.05	Adapter 2423Hz	56	2.423	70.00	0.285
415.236	0.05	Adapter 2423Hz	56	2.423	70.00	0.285
415.496	0.05	Adapter 2423Hz	56	2.423	70.00	0.285
415.576	0.05	Adapter 2423Hz	56	2.423	70.00	0.285
415.656	0.05	Adapter 2423Hz	56	2.423	70.00	0.285
415.736	0.05	Adapter 2423Hz	56	2.423	70.00	0.285
415.996	0.05	Adapter 2423Hz	56	2.423	70.00	0.285
416.076	0.05	Adapter 2423Hz	56	2.423	70.00	0.285
416.156	0.05	Adapter 2423Hz	56	2.423	70.00	0.285
416.236	0.05	Adapter 2423Hz	56	2.423	70.00	0.285
416.496	0.05	Adapter 2423Hz	56	2.423	70.00	0.285
416.576	0.05	Adapter 2423Hz	56	2.423	70.00	0.285
416.656	0.05	Adapter 2423Hz	56	2.423	70.00	0.285
416.736	0.05	Adapter 2423Hz	56	2.423	70.00	0.285
416.996	0.05	Adapter 2423Hz	56	2.423	70.00	0.285
417.076	0.05	Adapter 2423Hz	56	2.423	70.00	0.285
417.156	0.05	Adapter 2423Hz	56	2.423	70.00	0.285
417.236	0.05	Adapter 2423Hz	56	2.423	70.00	0.285
417.496	0.05	Adapter 2423Hz	56	2.423	70.00	0.285
417.576	0.05	Adapter 2423Hz	56	2.423	70.00	0.285
417.656	0.05	Adapter 2423Hz	56	2.423	70.00	0.285
417.736	0.05	Adapter 2423Hz	56	2.423	70.00	0.285
417.996	0.05	Adapter 2423Hz	56	2.423	70.00	0.285
418.076	0.05	Adapter 2423Hz	56	2.423	70.00	0.285
418.156	0.05	Adapter 2423Hz	56	2.423	70.00	0.285
418.236	0.05	Adapter 2423Hz	56	2.423	70.00	0.285
418.496	0.05	Adapter 2423Hz	56	2.423	70.00	0.285
418.576	0.05	Adapter 2423Hz	56	2.423	70.00	0.285
418.656	0.05	Adapter 2423Hz	56	2.423	70.00	0.285
418.736	0.05	Adapter 2423Hz	56	2.423	70.00	0.285
418.996	0.05	Adapter 2423Hz	56	2.423	70.00	0.285
419.076	0.05	Adapter 2423Hz	56	2.423	70.00	0.285
419.156	0.05	Adapter 2423Hz	56	2.423	70.00	0.285
419.236	0.05	Adapter 2423Hz	56	2.423	70.00	0.285
419.496	0.05	Adapter 2423Hz	56	2.423	70.00	0.285
419.576	0.05	Adapter 2423Hz	56	2.423	70.00	0.285
419.656	0.05	Adapter 2423Hz	56	2.423	70.00	0.285
419.736	0.05	Adapter 2423Hz	56	2.423	70.00	0.285
422.531	0.05	Adapter 507Hz Probe 3839Hz	57	0.507	70.00	0.079
422.611	0.05	Adapter 507Hz Probe 3839Hz	57	0.507	70.00	0.079
422.691	0.05	Adapter 507Hz Probe 3839Hz	57	0.507	70.00	0.079
422.771	0.05	Adapter 507Hz Probe 3839Hz	57	0.507	70.00	0.079
422.851	0.05	Adapter 507Hz Probe 3839Hz	57	3.839	70.00	0.437
423.031	0.05	Adapter 507Hz Probe 3839Hz	57	0.507	70.00	0.079
423.111	0.05	Adapter 507Hz Probe 3839Hz	57	0.507	70.00	0.079
423.191	0.05	Adapter 507Hz Probe 3839Hz	57	0.507	70.00	0.079
423.271	0.05	Adapter 507Hz Probe 3839Hz	57	0.507	70.00	0.079
423.351	0.05	Adapter 507Hz Probe 3839Hz	57	3.839	70.00	0.437
423.531	0.05	Adapter 507Hz Probe 3839Hz	57	0.507	70.00	0.079
423.611	0.05	Adapter 507Hz Probe 3839Hz	57	0.507	70.00	0.079
423.691	0.05	Adapter 507Hz Probe 3839Hz	57	0.507	70.00	0.079
423.771	0.05	Adapter 507Hz Probe 3839Hz	57	0.507	70.00	0.079
423.851	0.05	Adapter 507Hz Probe 3839Hz	57	3.839	70.00	0.437
424.031	0.05	Adapter 507Hz Probe 3839Hz	57	0.507	70.00	0.079
424.111	0.05	Adapter 507Hz Probe 3839Hz	57	0.507	70.00	0.079
424.191	0.05	Adapter 507Hz Probe 3839Hz	57	0.507	70.00	0.079
424.271	0.05	Adapter 507Hz Probe 3839Hz	57	0.507	70.00	0.079
424.351	0.05	Adapter 507Hz Probe 3839Hz	57	3.839	70.00	0.437
424.531	0.05	Adapter 507Hz Probe 3839Hz	57	0.507	70.00	0.079
424.611	0.05	Adapter 507Hz Probe 3839Hz	57	0.507	70.00	0.079
424.691	0.05	Adapter 507Hz Probe 3839Hz	57	0.507	70.00	0.079
424.771	0.05	Adapter 507Hz Probe 3839Hz	57	0.507	70.00	0.079
424.851	0.05	Adapter 507Hz Probe 3839Hz	57	3.839	70.00	0.437
425.031	0.05	Adapter 507Hz Probe 3839Hz	57	0.507	70.00	0.079
425.111	0.05	Adapter 507Hz Probe 3839Hz	57	0.507	70.00	0.079
425.191	0.05	Adapter 507Hz Probe 3839Hz	57	0.507	70.00	0.079
425.271	0.05	Adapter 507Hz Probe 3839Hz	57	0.507	70.00	0.079
425.351	0.05	Adapter 507Hz Probe 3839Hz	57	3.839	70.00	0.437
425.531	0.05	Adapter 507Hz Probe 3839Hz	57	0.507	70.00	0.079
425.611	0.05	Adapter 507Hz Probe 3839Hz	57	0.507	70.00	0.079
425.691	0.05	Adapter 507Hz Probe 3839Hz	57	0.507	70.00	0.079
425.771	0.05	Adapter 507Hz Probe 3839Hz	57	0.507	70.00	0.079
425.851	0.05	Adapter 507Hz Probe 3839Hz	57	3.839	70.00	0.437
426.031	0.05	Adapter 507Hz Probe 3839Hz	57	0.507	70.00	0.079
426.111	0.05	Adapter 507Hz Probe 3839Hz	57	0.507	70.00	0.079
426.191	0.05	Adapter 507Hz Probe 3839Hz	57	0.507	70.00	0.079
426.271	0.05	Adapter 507Hz Probe 3839Hz	57	0.507	70.00	0.079
426.351	0.05	Adapter 507Hz Probe 3839Hz	57	3.839	70.00	0.437
426.531	0.05	Adapter 507Hz Probe 3839Hz	57	0.507	70.00	0.079
426.611	0.05	Adapter 507Hz Probe 3839Hz	57	0.507	70.00	0.079
426.691	0.05	Adapter 507Hz Probe 3839Hz	57	0.507	70.00	0.079
426.771	0.05	Adapter 507Hz Probe 3839Hz	57	0.507	70.00	0.079
426.851	0.05	Adapter 507Hz Probe 3839Hz	57	3.839	70.00	0.437
427.031	0.05	Adapter 507Hz Probe 3839Hz	57	0.507	70.00	0.079
427.111	0.05	Adapter 507Hz Probe 3839Hz	57	0.507	70.00	0.079
427.191	0.05	Adapter 507Hz Probe 3839Hz	57	0.507	70.00	0.079
427.271	0.05	Adapter 507Hz Probe 3839Hz	57	0.507	70.00	0.079
427.351	0.05	Adapter 507Hz Probe 3839Hz	57	3.839	70.00	0.437
430.034	0.05	Adapter 1501Hz Probe 3839Hz	58	1.501	70.00	0.186
430.114	0.05	Adapter 1501Hz Probe 3839Hz	58	1.501	70.00	0.186
430.194	0.05	Adapter 1501Hz Probe 3839Hz	58	1.501	70.00	0.186
430.274	0.05	Adapter 1501Hz Probe 3839Hz	58	1.501	70.00	0.186
430.354	0.05	Adapter 1501Hz Probe 3839Hz	58	3.839	70.00	0.437
430.534	0.05	Adapter 1501Hz Probe 3839Hz	58	1.501	70.00	0.186
430.614	0.05	Adapter 1501Hz Probe 3839Hz	58	1.501	70.00	0.186
430.694	0.05	Adapter 1501Hz Probe 3839Hz	58	1.501	70.00	0.186
430.774	0.05	Adapter 1501Hz Probe 3839Hz	58	1.501	70.00	0.186
430.854	0.05	Adapter 1501Hz Probe 3839Hz	58	3.839	70.00	0.437
431.034	0.05	Adapter 1501Hz Probe 3839Hz	58	1.501	70.00	0.186
431.114	0.05	Adapter 1501Hz Probe 3839Hz	58	1.501	70.00	0.186
431.194	0.05	Adapter 1501Hz Probe 3839Hz	58	1.501	70.00	0.186
431.274	0.05	Adapter 1501Hz Probe 3839Hz	58	1.501	70.00	0.186
431.354	0.05	Adapter 1501Hz Probe 3839Hz	58	3.839	70.00	0.437
431.534	0.05	Adapter 1501Hz Probe 3839Hz	58	1.501	70.00	0.186
431.614	0.05	Adapter 1501Hz Probe 3839Hz	58	1.501	70.00	0.186
431.694	0.05	Adapter 1501Hz Probe 3839Hz	58	1.501	70.00	0.186
431.774	0.05	Adapter 1501Hz Probe 3839Hz	58	1.501	70.00	0.186
431.854	0.05	Adapter 1501Hz Probe 3839Hz	58	3.839	70.00	0.437
432.034	0.05	Adapter 1501Hz Probe 3839Hz	58	1.501	70.00	0.186
432.114	0.05	Adapter 1501Hz Probe 3839Hz	58	1.501	70.00	0.186
432.194	0.05	Adapter 1501Hz Probe 3839Hz	58	1.501	70.00	0.186
432.274	0.05	Adapter 1501Hz Probe 3839Hz	58	1.501	70.00	0.186
432.354	0.05	Adapter 1501Hz Probe 3839Hz	58	3.839	70.00	0.437
432.534	0.05	Adapter 1501Hz Probe 3839Hz	58	1.501	70.00	0.186
432.614	0.05	Adapter 1501Hz Probe 3839Hz	58	1.501	70.00	0.186
432.694	0.05	Adapter 1501Hz Probe 3839Hz	58	1.501	70.00	0.186
432.774	0.05	Adapter 1501Hz Probe 3839Hz	58	1.501	70.00	0.186
432.854	0.05	Adapter 1501Hz Probe 3839Hz	58	3.839	70.00	0.437
433.034	0.05	Adapter 1501Hz Probe 3839Hz	58	1.501	70.00	0.186
433.114	0.05	Adapter 1501Hz Probe 3839Hz	58	1.501	70.00	0.186
433.194	0.05	Adapter 1501Hz Probe 3839Hz	58	1.501	70.00	0.186
433.274	0.05	Adapter 1501Hz Probe 3839Hz	58	1.501	70.00	0.186
433.354	0.05	Adapter 1501Hz Probe 3839Hz	58	3.839	70.00	0.437
433.534	0.05	Adapter 1501Hz Probe 3839Hz	58	1.501	70.00	0.186
433.614	0.05	Adapter 1501Hz Probe 3839Hz	58	1.501	70.00	0.186
433.694	0.05	Adapter 1501Hz Probe 3839Hz	58	1.501	70.00	0.186
433.774	0.05	Adapter 1501Hz Probe 3839Hz	58	1.501	70.00	0.186
433.854	0.05	Adapter 1501Hz Probe 3839Hz	58	3.839	70.00	0.437
434.034	0.05	Adapter 1501Hz Probe 3839Hz	58	1.501	70.00	0.186
434.114	0.05	Adapter 1501Hz Probe 3839Hz	58	1.501	70.00	0.186
434.194	0.05	Adapter 1501Hz Probe 3839Hz	58	1.501	70.00	0.186
434.274	0.05	Adapter 1501Hz Probe 3839Hz	58	1.501	70.00	0.186
434.354	0.05	Adapter 1501Hz Probe 3839Hz	58	3.839	70.00	0.437
434.534	0.05	Adapter 1501Hz Probe 3839Hz	58	1.501	70.00	0.186
434.614	0.05	Adapter 1501Hz Probe 3839Hz	58	1.501	70.00	0.186
434.694	0.05	Adapter 1501Hz Probe 3839Hz	58	1.501	70.00	0.186
434.774	0.05	Adapter 1501Hz Probe 3839Hz	58	1.501	70.00	0.186
434.854	0.05	Adapter 1501Hz Probe 3839Hz	58	3.839	70.00	0.437
437.522	0.05	Adapter 251Hz	59	0.251	70.00	0.052
437.602	0.05	Adapter 251Hz	59	0.251	70.00	0.052
437.682	0.05	Adapter 251Hz	59	0.251	70.00	0.052
437.762	0.05	Adapter 251Hz	59	0.251	70.00	0.052
438.022	0.05	Adapter 251Hz	59	0.251	70.00	0.052
438.102	0.05	Adapter 251Hz	59	0.251	70.00	0.052
438.182	0.05	Adapter 251Hz	59	0.251	70.00	0.052
438.262	0.05	Adapter 251Hz	59	0.251	70.00	0.052
438.522	0.05	Adapter 251Hz	59	0.251	70.00	0.052
438.602	0.05	Adapter 251Hz	59	0.251	70.00	0.052
438.682	0.05	Adapter 251Hz	59	0.251	70.00	0.052
438.762	0.05	Adapter 251Hz	59	0.251	70.00	0.052
439.022	0.05	Adapter 251Hz	59	0.251	70.00	0.052
439.102	0.05	Adapter 251Hz	59	0.251	70.00	0.052
439.182	0.05	Adapter 251Hz	59	0.251	70.00	0.052
439.262	0.05	Adapter 251Hz	59	0.251	70.00	0.052
439.522	0.05	Adapter 251Hz	59	0.251	70.00	0.052
439.602	0.05	Adapter 251Hz	59	0.251	70.00	0.052
439.682	0.05	Adapter 251Hz	59	0.251	70.00	0.052
439.762	0.05	Adapter 251Hz	59	0.251	70.00	0.052
440.022	0.05	Adapter 251Hz	59	0.251	70.00	0.052
440.102	0.05	Adapter 251Hz	59	0.251	70.00	0.052
440.182	0.05	Adapter 251Hz	59	0.251	70.00	0.052
440.262	0.05	Adapter 251Hz	59	0.251	70.00	0.052
440.522	0.05	Adapter 251Hz	59	0.251	70.00	0.052
440.602	0.05	Adapter 251Hz	59	0.251	70.00	0.052
440.682	0.05	Adapter 251Hz	59	0.251	70.00	0.052
440.762	0.05	Adapter 251Hz	59	0.251	70.00	0.052
441.022	0.05	Adapter 251Hz	59	0.251	70.00	0.052
441.102	0.05	Adapter 251Hz	59	0.251	70.00	0.052
441.182	0.05	Adapter 251Hz	59	0.251	70.00	0.052
441.262	0.05	Adapter 251Hz	59	0.251	70.00	0.052
441.522	0.05	Adapter 251Hz	59	0.251	70.00	0.052
441.602	0.05	Adapter 251Hz	59	0.251	70.00	0.052
441.682	0.05	Adapter 251Hz	59	0.251	70.00	0.052
441.762	0.05	Adapter 251Hz	59	0.251	70.00	0.052
442.022	0.05	Adapter 251Hz	59	0.251	70.00	0.052
442.102	0.05	Adapter 251Hz	59	0.251	70.00	0.052
442.182	0.05	Adapter 251Hz	59	0.251	70.00	0.052
442.262	0.05	Adapter 251Hz	59	0.251	70.00	0.052
452.514	0.05	Adapter 3839Hz	61	3.839	70.00	0.437
452.594	0.05	Adapter 3839Hz	61	3.839	70.00	0.437
452.674	0.05	Adapter 3839Hz	61	3.839	70.00	0.437
452.754	0.05	Adapter 3839Hz	61	3.839	70.00	0.437
453.014	0.05	Adapter 3839Hz	61	3.839	70.00	0.437
453.094	0.05	Adapter 3839Hz	61	3.839	70.00	0.437
453.174	0.05	Adapter 3839Hz	61	3.839	70.00	0.437
453.254	0.05	Adapter 3839Hz	61	3.839	70.00	0.437
453.514	0.05	Adapter 3839Hz	61	3.839	70.00	0.437
453.594	0.05	Adapter 3839Hz	61	3.839	70.00	0.437
453.674	0.05	Adapter 3839Hz	61	3.839	70.00	0.437
453.754	0.05	Adapter 3839Hz	61	3.839	70.00	0.437
454.014	0.05	Adapter 3839Hz	61	3.839	70.00	0.437
454.094	0.05	Adapter 3839Hz	61	3.839	70.00	0.437
454.174	0.05	Adapter 3839Hz	61	3.839	70.00	0.437
454.254	0.05	Adapter 3839Hz	61	3.839	70.00	0.437
454.514	0.05	Adapter 3839Hz	61	3.839	70.00	0.437
454.594	0.05	Adapter 3839Hz	61	3.839	70.00	0.437
454.674	0.05	Adapter 3839Hz	61	3.839	70.00	0.437
454.754	0.05	Adapter 3839Hz	61	3.839	70.00	0.437
455.014	0.05	Adapter 3839Hz	61	3.839	70.00	0.437
455.094	0.05	Adapter 3839Hz	61	3.839	70.00	0.437
455.174	0.05	Adapter 3839Hz	61	3.839	70.00	0.437
455.254	0.05	Adapter 3839Hz	61	3.839	70.00	0.437
455.514	0.05	Adapter 3839Hz	61	3.839	70.00	0.437
455.594	0.05	Adapter 3839Hz	61	3.839	70.00	0.437
455.674	0.05	Adapter 3839Hz	61	3.839	70.00	0.437
455.754	0.05	Adapter 3839Hz	61	3.839	70.00	0.437
456.014	0.05	Adapter 3839Hz	61	3.839	70.00	0.437
456.094	0.05	Adapter 3839Hz	61	3.839	70.00	0.437
456.174	0.05	Adapter 3839Hz	61	3.839	70.00	0.437
456.254	0.05	Adapter 3839Hz	61	3.839	70.00	0.437
456.514	0.05	Adapter 3839Hz	61	3.839	70.00	0.437
456.594	0.05	Adapter 3839Hz	61	3.839	70.00	0.437
456.674	0.05	Adapter 3839Hz	61	3.839	70.00	0.437
456.754	0.05	Adapter 3839Hz	61	3.839	70.00	0.437
457.014	0.05	Adapter 3839Hz	61	3.839	70.00	0.437
457.094	0.05	Adapter 3839Hz	61	3.839	70.00	0.437
457.174	0.05	Adapter 3839Hz	61	3.839	70.00	0.437
457.254	0.05	Adapter 3839Hz	61	3.839	70.00	0.437
460.018	0.05	Adapter 6009Hz	62	6.009	70.00	0.671
460.098	0.05	Adapter 6009Hz	62	6.009	70.00	0.671
460.178	0.05	Adapter 6009Hz	62	6.009	70.00	0.671
460.258	0.05	Adapter 6009Hz	62	6.009	70.00	0.671
460.518	0.05	Adapter 6009Hz	62	6.009	70.00	0.671
460.598	0.05	Adapter 6009Hz	62	6.009	70.00	0.671
460.678	0.05	Adapter 6009Hz	62	6.009	70.00	0.671
460.758	0.05	Adapter 6009Hz	62	6.009	70.00	0.671
461.018	0.05	Adapter 6009Hz	62	6.009	70.00	0.671
461.098	0.05	Adapter 6009Hz	62	6.009	70.00	0.671
461.178	0.05	Adapter 6009Hz	62	6.009	70.00	0.671
461.258	0.05	Adapter 6009Hz	62	6.009	70.00	0.671
461.518	0.05	Adapter 6009Hz	62	6.009	70.00	0.671
461.598	0.05	Adapter 6009Hz	62	6.009	70.00	0.671
461.678	0.05	Adapter 6009Hz	62	6.009	70.00	0.671
461.758	0.05	Adapter 6009Hz	62	6.009	70.00	0.671
462.018	0.05	Adapter 6009Hz	62	6.009	70.00	0.671
462.098	0.05	Adapter 6009Hz	62	6.009	70.00	0.671
462.178	0.05	Adapter 6009Hz	62	6.009	70.00	0.671
462.258	0.05	Adapter 6009Hz	62	6.009	70.00	0.671
462.518	0.05	Adapter 6009Hz	62	6.009	70.00	0.671
462.598	0.05	Adapter 6009Hz	62	6.009	70.00	0.671
462.678	0.05	Adapter 6009Hz	62	6.009	70.00	0.671
462.758	0.05	Adapter 6009Hz	62	6.009	70.00	0.671
463.018	0.05	Adapter 6009Hz	62	6.009	70.00	0.671
463.098	0.05	Adapter 6009Hz	62	6.009	70.00	0.671
463.178	0.05	Adapter 6009Hz	62	6.009	70.00	0.671
463.258	0.05	Adapter 6009Hz	62	6.009	70.00	0.671
463.518	0.05	Adapter 6009Hz	62	6.009	70.00	0.671
463.598	0.05	Adapter 6009Hz	62	6.009	70.00	0.671
463.678	0.05	Adapter 6009Hz	62	6.009	70.00	0.671
463.758	0.05	Adapter 6009Hz	62	6.009	70.00	0.671
464.018	0.05	Adapter 6009Hz	62	6.009	70.00	0.671
464.098	0.05	Adapter 6009Hz	62	6.009	70.00	0.671
464.178	0.05	Adapter 6009Hz	62	6.009	70.00	0.671
464.258	0.05	Adapter 6009Hz	62	6.009	70.00	0.671
464.518	0.05	Adapter 6009Hz	62	6.009	70.00	0.671
464.598	0.05	Adapter 6009Hz	62	6.009	70.00	0.671
464.678	0.05	Adapter 6009Hz	62	6.009	70.00	0.671
464.758	0.05	Adapter 6009Hz	62	6.009	70.00	0.671
475.345	0.05	Probe 3839Hz	64	3.839	70.00	0.437
475.845	0.05	Probe 3839Hz	64	3.839	70.00	0.437
476.345	0.05	Probe 3839Hz	64	3.839	70.00	0.437
476.845	0.05	Probe 3839Hz	64	3.839	70.00	0.437
477.345	0.05	Probe 3839Hz	64	3.839	70.00	0.437
477.845	0.05	Probe 3839Hz	64	3.839	70.00	0.437
478.345	0.05	Probe 3839Hz	64	3.839	70.00	0.437
478.845	0.05	Probe 3839Hz	64	3.839	70.00	0.437
479.345	0.05	Probe 3839Hz	64	3.839	70.00	0.437
479.845	0.05	Probe 3839Hz	64	3.839	70.00	0.437
