onset	duration	trial_type	scan	frequency_kHz	level_dB_SPL	bandwidth_kHz
17.476	0.05	Adapter 507Hz Probe 3839Hz	3	0.507	70.00	0.079
17.556	0.05	Adapter 507Hz Probe 3839Hz	3	0.507	70.00	0.079
17.636	0.05	Adapter 507Hz Probe 3839Hz	3	0.507	70.00	0.079
17.716	0.05	Adapter 507Hz Probe 3839Hz	3	0.507	70.00	0.079
17.796	0.05	Adapter 507Hz Probe 3839Hz	3	3.839	70.00	0.437
17.976	0.05	Adapter 507Hz Probe 3839Hz	3	0.507	70.00	0.079
18.056	0.05	Adapter 507Hz Probe 3839Hz	3	0.507	70.00	0.079
18.136	0.05	Adapter 507Hz Probe 3839Hz	3	0.507	70.00	0.079
18.216	0.05	Adapter 507Hz Probe 3839Hz	3	0.507	70.00	0.079
18.296	0.05	Adapter 507Hz Probe 3839Hz	3	3.839	70.00	0.437
18.476	0.05	Adapter 507Hz Probe 3839Hz	3	0.507	70.00	0.079
18.556	0.05	Adapter 507Hz Probe 3839Hz	3	0.507	70.00	0.079
18.636	0.05	Adapter 507Hz Probe 3839Hz	3	0.507	70.00	0.079
18.716	0.05	Adapter 507Hz Probe 3839Hz	3	0.507	70.00	0.079
18.796	0.05	Adapter 507Hz Probe 3839Hz	3	3.839	70.00	0.437
18.976	0.05	Adapter 507Hz Probe 3839Hz	3	0.507	70.00	0.079
19.056	0.05	Adapter 507Hz Probe 3839Hz	3	0.507	70.00	0.079
19.136	0.05	Adapter 507Hz Probe 3839Hz	3	0.507	70.00	0.079
19.216	0.05	Adapter 507Hz Probe 3839Hz	3	0.507	70.00	0.079
19.296	0.05	Adapter 507Hz Probe 3839Hz	3	3.839	70.00	0.437
19.476	0.05	Adapter 507Hz Probe 3839Hz	3	0.507	70.00	0.079
19.556	0.05	Adapter 507Hz Probe 3839Hz	3	0.507	70.00	0.079
19.636	0.05	Adapter 507Hz Probe 3839Hz	3	0.507	70.00	0.079
19.716	0.05	Adapter 507Hz Probe 3839Hz	3	0.507	70.00	0.079
19.796	0.05	Adapter 507Hz Probe 3839Hz	3	3.839	70.00	0.437
19.976	0.05	Adapter 507Hz Probe 3839Hz	3	0.507	70.00	0.079
20.056	0.05	Adapter 507Hz Probe 3839Hz	3	0.507	70.00	0.079
20.136	0.05	Adapter 507Hz Probe 3839Hz	3	0.507	70.00	0.079
20.216	0.05	Adapter 507Hz Probe 3839Hz	3	0.507	70.00	0.079
20.296	0.05	Adapter 507Hz Probe 3839Hz	3	3.839	70.00	0.437
20.476	0.05	Adapter 507Hz Probe 3839Hz	3	0.507	70.00	0.079
20.556	0.05	Adapter 507Hz Probe 3839Hz	3	0.507	70.00	0.079
20.636	0.05	Adapter 507Hz Probe 3839Hz	3	0.507	70.00	0.079
20.716	0.05	Adapter 507Hz Probe 3839Hz	3	0.507	70.00	0.079
20.796	0.05	Adapter 507Hz Probe 3839Hz	3	3.839	70.00	0.437
20.976	0.05	Adapter 507Hz Probe 3839Hz	3	0.507	70.00	0.079
21.056	0.05	Adapter 507Hz Probe 3839Hz	3	0.507	70.00	0.079
21.136	0.05	Adapter 507Hz Probe 3839Hz	3	0.507	70.00	0.079
21.216	0.05	Adapter 507Hz Probe 3839Hz	3	0.507	70.00	0.079
21.296	0.05	Adapter 507Hz Probe 3839Hz	3	3.839	70.00	0.437
21.476	0.05	Adapter 507Hz Probe 3839Hz	3	0.507	70.00	0.079
21.556	0.05	Adapter 507Hz Probe 3839Hz	3	0.507	70.00	0.079
21.636	0.05	Adapter 507Hz Probe 3839Hz	3	0.507	70.00	0.079
21.716	0.05	Adapter 507Hz Probe 3839Hz	3	0.507	70.00	0.079
21.796	0.05	Adapter 507Hz Probe 3839Hz	3	3.839	70.00	0.437
21.976	0.05	Adapter 507Hz Probe 3839Hz	3	0.507	70.00	0.079
22.056	0.05	Adapter 507Hz Probe 3839Hz	3	0.507	70.00	0.079
22.136	0.05	Adapter 507Hz Probe 3839Hz	3	0.507	70.00	0.079
22.216	0.05	Adapter 507Hz Probe 3839Hz	3	0.507	70.00	0.079
22.296	0.05	Adapter 507Hz Probe 3839Hz	3	3.839	70.00	0.437
24.995	0.05	Adapter 2423Hz Probe 3839Hz	4	2.423	70.00	0.285
25.075	0.05	Adapter 2423Hz Probe 3839Hz	4	2.423	70.00	0.285
25.155	0.05	Adapter 2423Hz Probe 3839Hz	4	2.423	70.00	0.285
25.235	0.05	Adapter 2423Hz Probe 3839Hz	4	2.423	70.00	0.285
25.315	0.05	Adapter 2423Hz Probe 3839Hz	4	3.839	70.00	0.437
25.495	0.05	Adapter 2423Hz Probe 3839Hz	4	2.423	70.00	0.285
25.575	0.05	Adapter 2423Hz Probe 3839Hz	4	2.423	70.00	0.285
25.655	0.05	Adapter 2423Hz Probe 3839Hz	4	2.423	70.00	0.285
25.735	0.05	Adapter 2423Hz Probe 3839Hz	4	2.423	70.00	0.285
25.815	0.05	Adapter 2423Hz Probe 3839Hz	4	3.839	70.00	0.437
25.995	0.05	Adapter 2423Hz Probe 3839Hz	4	2.423	70.00	0.285
26.075	0.05	Adapter 2423Hz Probe 3839Hz	4	2.423	70.00	0.285
26.155	0.05	Adapter 2423Hz Probe 3839Hz	4	2.423	70.00	0.285
26.235	0.05	Adapter 2423Hz Probe 3839Hz	4	2.423	70.00	0.285
26.315	0.05	Adapter 2423Hz Probe 3839Hz	4	3.839	70.00	0.437
26.495	0.05	Adapter 2423Hz Probe 3839Hz	4	2.423	70.00	0.285
26.575	0.05	Adapter 2423Hz Probe 3839Hz	4	2.423	70.00	0.285
26.655	0.05	Adapter 2423Hz Probe 3839Hz	4	2.423	70.00	0.285
26.735	0.05	Adapter 2423Hz Probe 3839Hz	4	2.423	70.00	0.285
26.815	0.05	Adapter 2423Hz Probe 3839Hz	4	3.839	70.00	0.437
26.995	0.05	Adapter 2423Hz Probe 3839Hz	4	2.423	70.00	0.285
27.075	0.05	Adapter 2423Hz Probe 3839Hz	4	2.423	70.00	0.285
27.155	0.05	Adapter 2423Hz Probe 3839Hz	4	2.423	70.00	0.285
27.235	0.05	Adapter 2423Hz Probe 3839Hz	4	2.423	70.00	0.285
27.315	0.05	Adapter 2423Hz Probe 3839Hz	4	3.839	70.00	0.437
27.495	0.05	Adapter 2423Hz Probe 3839Hz	4	2.423	70.00	0.285
27.575	0.05	Adapter 2423Hz Probe 3839Hz	4	2.423	70.00	0.285
27.655	0.05	Adapter 2423Hz Probe 3839Hz	4	2.423	70.00	0.285
27.735	0.05	Adapter 2423Hz Probe 3839Hz	4	2.423	70.00	0.285
27.815	0.05	Adapter 2423Hz Probe 3839Hz	4	3.839	70.00	0.437
27.995	0.05	Adapter 2423Hz Probe 3839Hz	4	2.423	70.00	0.285
28.075	0.05	Adapter 2423Hz Probe 3839Hz	4	2.423	70.00	0.285
28.155	0.05	Adapter 2423Hz Probe 3839Hz	4	2.423	70.00	0.285
28.235	0.05	Adapter 2423Hz Probe 3839Hz	4	2.423	70.00	0.285
28.315	0.05	Adapter 2423Hz Probe 3839Hz	4	3.839	70.00	0.437
28.495	0.05	Adapter 2423Hz Probe 3839Hz	4	2.423	70.00	0.285
28.575	0.05	Adapter 2423Hz Probe 3839Hz	4	2.423	70.00	0.285
28.655	0.05	Adapter 2423Hz Probe 3839Hz	4	2.423	70.00	0.285
28.735	0.05	Adapter 2423Hz Probe 3839Hz	4	2.423	70.00	0.285
28.815	0.05	Adapter 2423Hz Probe 3839Hz	4	3.839	70.00	0.437
28.995	0.05	Adapter 2423Hz Probe 3839Hz	4	2.423	70.00	0.285
29.075	0.05	Adapter 2423Hz Probe 3839Hz	4	2.423	70.00	0.285
29.155	0.05	Adapter 2423Hz Probe 3839Hz	4	2.423	70.00	0.285
29.235	0.05	Adapter 2423Hz Probe 3839Hz	4	2.423	70.00	0.285
29.315	0.05	Adapter 2423Hz Probe 3839Hz	4	3.839	70.00	0.437
29.495	0.05	Adapter 2423Hz Probe 3839Hz	4	2.423	70.00	0.285
29.575	0.05	Adapter 2423Hz Probe 3839Hz	4	2.423	70.00	0.285
29.655	0.05	Adapter 2423Hz Probe 3839Hz	4	2.423	70.00	0.285
29.735	0.05	Adapter 2423Hz Probe 3839Hz	4	2.423	70.00	0.285
29.815	0.05	Adapter 2423Hz Probe 3839Hz	4	3.839	70.00	0.437
32.483	0.05	Adapter 6009Hz	5	6.009	70.00	0.671
32.563	0.05	Adapter 6009Hz	5	6.009	70.00	0.671
32.643	0.05	Adapter 6009Hz	5	6.009	70.00	0.671
32.723	0.05	Adapter 6009Hz	5	6.009	70.00	0.671
32.983	0.05	Adapter 6009Hz	5	6.009	70.00	0.671
33.063	0.05	Adapter 6009Hz	5	6.009	70.00	0.671
33.143	0.05	Adapter 6009Hz	5	6.009	70.00	0.671
33.223	0.05	Adapter 6009Hz	5	6.009	70.00	0.671
33.483	0.05	Adapter 6009Hz	5	6.009	70.00	0.671
33.563	0.05	Adapter 6009Hz	5	6.009	70.00	0.671
33.643	0.05	Adapter 6009Hz	5	6.009	70.00	0.671
33.723	0.05	Adapter 6009Hz	5	6.009	70.00	0.671
33.983	0.05	Adapter 6009Hz	5	6.009	70.00	0.671
34.063	0.05	Adapter 6009Hz	5	6.009	70.00	0.671
34.143	0.05	Adapter 6009Hz	5	6.009	70.00	0.671
34.223	0.05	Adapter 6009Hz	5	6.009	70.00	0.671
34.483	0.05	Adapter 6009Hz	5	6.009	70.00	0.671
34.563	0.05	Adapter 6009Hz	5	6.009	70.00	0.671
34.643	0.05	Adapter 6009Hz	5	6.009	70.00	0.671
34.723	0.05	Adapter 6009Hz	5	6.009	70.00	0.671
34.983	0.05	Adapter 6009Hz	5	6.009	70.00	0.671
35.063	0.05	Adapter 6009Hz	5	6.009	70.00	0.671
35.143	0.05	Adapter 6009Hz	5	6.009	70.00	0.671
35.223	0.05	Adapter 6009Hz	5	6.009	70.00	0.671
35.483	0.05	Adapter 6009Hz	5	6.009	70.00	0.671
35.563	0.05	Adapter 6009Hz	5	6.009	70.00	0.671
35.643	0.05	Adapter 6009Hz	5	6.009	70.00	0.671
35.723	0.05	Adapter 6009Hz	5	6.009	70.00	0.671
35.983	0.05	Adapter 6009Hz	5	6.009	70.00	0.671
36.063	0.05	Adapter 6009Hz	5	6.009	70.00	0.671
36.143	0.05	Adapter 6009Hz	5	6.009	70.00	0.671
36.223	0.05	Adapter 6009Hz	5	6.009	70.00	0.671
36.483	0.05	Adapter 6009Hz	5	6.009	70.00	0.671
36.563	0.05	Adapter 6009Hz	5	6.009	70.00	0.671
36.643	0.05	Adapter 6009Hz	5	6.009	70.00	0.671
36.723	0.05	Adapter 6009Hz	5	6.009	70.00	0.671
36.983	0.05	Adapter 6009Hz	5	6.009	70.00	0.671
37.063	0.05	Adapter 6009Hz	5	6.009	70.00	0.671
37.143	0.05	Adapter 6009Hz	5	6.009	70.00	0.671
37.223	0.05	Adapter 6009Hz	5	6.009	70.00	0.671
39.987	0.05	Adapter 251Hz	6	0.251	70.00	0.052
40.067	0.05	Adapter 251Hz	6	0.251	70.00	0.052
40.147	0.05	Adapter 251Hz	6	0.251	70.00	0.052
40.227	0.05	Adapter 251Hz	6	0.251	70.00	0.052
40.487	0.05	Adapter 251Hz	6	0.251	70.00	0.052
40.567	0.05	Adapter 251Hz	6	0.251	70.00	0.052
40.647	0.05	Adapter 251Hz	6	0.251	70.00	0.052
40.727	0.05	Adapter 251Hz	6	0.251	70.00	0.052
40.987	0.05	Adapter 251Hz	6	0.251	70.00	0.052
41.067	0.05	Adapter 251Hz	6	0.251	70.00	0.052
41.147	0.05	Adapter 251Hz	6	0.251	70.00	0.052
41.227	0.05	Adapter 251Hz	6	0.251	70.00	0.052
41.487	0.05	Adapter 251Hz	6	0.251	70.00	0.052
41.567	0.05	Adapter 251Hz	6	0.251	70.00	0.052
41.647	0.05	Adapter 251Hz	6	0.251	70.00	0.052
41.727	0.05	Adapter 251Hz	6	0.251	70.00	0.052
41.987	0.05	Adapter 251Hz	6	0.251	70.00	0.052
42.067	0.05	Adapter 251Hz	6	0.251	70.00	0.052
42.147	0.05	Adapter 251Hz	6	0.251	70.00	0.052
42.227	0.05	Adapter 251Hz	6	0.251	70.00	0.052
42.487	0.05	Adapter 251Hz	6	0.251	70.00	0.052
42.567	0.05	Adapter 251Hz	6	0.251	70.00	0.052
42.647	0.05	Adapter 251Hz	6	0.251	70.00	0.052
42.727	0.05	Adapter 251Hz	6	0.251	70.00	0.052
42.987	0.05	Adapter 251Hz	6	0.251	70.00	0.052
43.067	0.05	Adapter 251Hz	6	0.251	70.00	0.052
43.147	0.05	Adapter 251Hz	6	0.251	70.00	0.052
43.227	0.05	Adapter 251Hz	6	0.251	70.00	0.052
43.487	0.05	Adapter 251Hz	6	0.251	70.00	0.052
43.567	0.05	Adapter 251Hz	6	0.251	70.00	0.052
43.647	0.05	Adapter 251Hz	6	0.251	70.00	0.052
43.727	0.05	Adapter 251Hz	6	0.251	70.00	0.052
43.987	0.05	Adapter 251Hz	6	0.251	70.00	0.052
44.067	0.05	Adapter 251Hz	6	0.251	70.00	0.052
44.147	0.05	Adapter 251Hz	6	0.251	70.00	0.052
44.227	0.05	Adapter 251Hz	6	0.251	70.00	0.052
44.487	0.05	Adapter 251Hz	6	0.251	70.00	0.052
44.567	0.05	Adapter 251Hz	6	0.251	70.00	0.052
44.647	0.05	Adapter 251Hz	6	0.251	70.00	0.052
44.727	0.05	Adapter 251Hz	6	0.251	70.00	0.052
47.459	0.05	Adapter 1501Hz	7	1.501	70.00	0.186
47.539	0.05	Adapter 1501Hz	7	1.501	70.00	0.186
47.619	0.05	Adapter 1501Hz	7	1.501	70.00	0.186
47.699	0.05	Adapter 1501Hz	7	1.501	70.00	0.186
47.959	0.05	Adapter 1501Hz	7	1.501	70.00	0.186
48.039	0.05	Adapter 1501Hz	7	1.501	70.00	0.186
48.119	0.05	Adapter 1501Hz	7	1.501	70.00	0.186
48.199	0.05	Adapter 1501Hz	7	1.501	70.00	0.186
48.459	0.05	Adapter 1501Hz	7	1.501	70.00	0.186
48.539	0.05	Adapter 1501Hz	7	1.501	70.00	0.186
48.619	0.05	Adapter 1501Hz	7	1.501	70.00	0.186
48.699	0.05	Adapter 1501Hz	7	1.501	70.00	0.186
48.959	0.05	Adapter 1501Hz	7	1.501	70.00	0.186
49.039	0.05	Adapter 1501Hz	7	1.501	70.00	0.186
49.119	0.05	Adapter 1501Hz	7	1.501	70.00	0.186
49.199	0.05	Adapter 1501Hz	7	1.501	70.00	0.186
49.459	0.05	Adapter 1501Hz	7	1.501	70.00	0.186
49.539	0.05	Adapter 1501Hz	7	1.501	70.00	0.186
49.619	0.05	Adapter 1501Hz	7	1.501	70.00	0.186
49.699	0.05	Adapter 1501Hz	7	1.501	70.00	0.186
49.959	0.05	Adapter 1501Hz	7	1.501	70.00	0.186
50.039	0.05	Adapter 1501Hz	7	1.501	70.00	0.186
50.119	0.05	Adapter 1501Hz	7	1.501	70.00	0.186
50.199	0.05	Adapter 1501Hz	7	1.501	70.00	0.186
50.459	0.05	Adapter 1501Hz	7	1.501	70.00	0.186
50.539	0.05	Adapter 1501Hz	7	1.501	70.00	0.186
50.619	0.05	Adapter 1501Hz	7	1.501	70.00	0.186
50.699	0.05	Adapter 1501Hz	7	1.501	70.00	0.186
50.959	0.05	Adapter 1501Hz	7	1.501	70.00	0.186
51.039	0.05	Adapter 1501Hz	7	1.501	70.00	0.186
51.119	0.05	Adapter 1501Hz	7	1.501	70.00	0.186
51.199	0.05	Adapter 1501Hz	7	1.501	70.00	0.186
51.459	0.05	Adapter 1501Hz	7	1.501	70.00	0.186
51.539	0.05	Adapter 1501Hz	7	1.501	70.00	0.186
51.619	0.05	Adapter 1501Hz	7	1.501	70.00	0.186
51.699	0.05	Adapter 1501Hz	7	1.501	70.00	0.186
51.959	0.05	Adapter 1501Hz	7	1.501	70.00	0.186
52.039	0.05	Adapter 1501Hz	7	1.501	70.00	0.186
52.119	0.05	Adapter 1501Hz	7	1.501	70.00	0.186
52.199	0.05	Adapter 1501Hz	7	1.501	70.00	0.186
55.314	0.05	Probe 3839Hz	8	3.839	70.00	0.437
55.814	0.05	Probe 3839Hz	8	3.839	70.00	0.437
56.314	0.05	Probe 3839Hz	8	3.839	70.00	0.437
56.814	0.05	Probe 3839Hz	8	3.839	70.00	0.437
57.314	0.05	Probe 3839Hz	8	3.839	70.00	0.437
57.814	0.05	Probe 3839Hz	8	3.839	70.00	0.437
58.314	0.05	Probe 3839Hz	8	3.839	70.00	0.437
58.814	0.05	Probe 3839Hz	8	3.839	70.00	0.437
59.314	0.05	Probe 3839Hz	8	3.839	70.00	0.437
59.814	0.05	Probe 3839Hz	8	3.839	70.00	0.437
62.498	0.05	Adapter 899Hz	9	0.899	70.00	0.121
62.578	0.05	Adapter 899Hz	9	0.899	70.00	0.121
62.658	0.05	Adapter 899Hz	9	0.899	70.00	0.121
62.738	0.05	Adapter 899Hz	9	0.899	70.00	0.121
62.998	0.05	Adapter 899Hz	9	0.899	70.00	0.121
63.078	0.05	Adapter 899Hz	9	0.899	70.00	0.121
63.158	0.05	Adapter 899Hz	9	0.899	70.00	0.121
63.238	0.05	Adapter 899Hz	9	0.899	70.00	0.121
63.498	0.05	Adapter 899Hz	9	0.899	70.00	0.121
63.578	0.05	Adapter 899Hz	9	0.899	70.00	0.121
63.658	0.05	Adapter 899Hz	9	0.899	70.00	0.121
63.738	0.05	Adapter 899Hz	9	0.899	70.00	0.121
63.998	0.05	Adapter 899Hz	9	0.899	70.00	0.121
64.078	0.05	Adapter 899Hz	9	0.899	70.00	0.121
64.158	0.05	Adapter 899Hz	9	0.899	70.00	0.121
64.238	0.05	Adapter 899Hz	9	0.899	70.00	0.121
64.498	0.05	Adapter 899Hz	9	0.899	70.00	0.121
64.578	0.05	Adapter 899Hz	9	0.899	70.00	0.121
64.658	0.05	Adapter 899Hz	9	0.899	70.00	0.121
64.738	0.05	Adapter 899Hz	9	0.899	70.00	0.121
64.998	0.05	Adapter 899Hz	9	0.899	70.00	0.121
65.078	0.05	Adapter 899Hz	9	0.899	70.00	0.121
65.158	0.05	Adapter 899Hz	9	0.899	70.00	0.121
65.238	0.05	Adapter 899Hz	9	0.899	70.00	0.121
65.498	0.05	Adapter 899Hz	9	0.899	70.00	0.121
65.578	0.05	Adapter 899Hz	9	0.899	70.00	0.121
65.658	0.05	Adapter 899Hz	9	0.899	70.00	0.121
65.738	0.05	Adapter 899Hz	9	0.899	70.00	0.121
65.998	0.05	Adapter 899Hz	9	0.899	70.00	0.121
66.078	0.05	Adapter 899Hz	9	0.899	70.00	0.121
66.158	0.05	Adapter 899Hz	9	0.899	70.00	0.121
66.238	0.05	Adapter 899Hz	9	0.899	70.00	0.121
66.498	0.05	Adapter 899Hz	9	0.899	70.00	0.121
66.578	0.05	Adapter 899Hz	9	0.899	70.00	0.121
66.658	0.05	Adapter 899Hz	9	0.899	70.00	0.121
66.738	0.05	Adapter 899Hz	9	0.899	70.00	0.121
66.998	0.05	Adapter 899Hz	9	0.899	70.00	0.121
67.078	0.05	Adapter 899Hz	9	0.899	70.00	0.121
67.158	0.05	Adapter 899Hz	9	0.899	70.00	0.121
67.238	0.05	Adapter 899Hz	9	0.899	70.00	0.121
70.001	0.05	Adapter 899Hz Probe 3839Hz	10	0.899	70.00	0.121
70.081	0.05	Adapter 899Hz Probe 3839Hz	10	0.899	70.00	0.121
70.161	0.05	Adapter 899Hz Probe 3839Hz	10	0.899	70.00	0.121
70.241	0.05	Adapter 899Hz Probe 3839Hz	10	0.899	70.00	0.121
70.321	0.05	Adapter 899Hz Probe 3839Hz	10	3.839	70.00	0.437
70.501	0.05	Adapter 899Hz Probe 3839Hz	10	0.899	70.00	0.121
70.581	0.05	Adapter 899Hz Probe 3839Hz	10	0.899	70.00	0.121
70.661	0.05	Adapter 899Hz Probe 3839Hz	10	0.899	70.00	0.121
70.741	0.05	Adapter 899Hz Probe 3839Hz	10	0.899	70.00	0.121
70.821	0.05	Adapter 899Hz Probe 3839Hz	10	3.839	70.00	0.437
71.001	0.05	Adapter 899Hz Probe 3839Hz	10	0.899	70.00	0.121
71.081	0.05	Adapter 899Hz Probe 3839Hz	10	0.899	70.00	0.121
71.161	0.05	Adapter 899Hz Probe 3839Hz	10	0.899	70.00	0.121
71.241	0.05	Adapter 899Hz Probe 3839Hz	10	0.899	70.00	0.121
71.321	0.05	Adapter 899Hz Probe 3839Hz	10	3.839	70.00	0.437
71.501	0.05	Adapter 899Hz Probe 3839Hz	10	0.899	70.00	0.121
71.581	0.05	Adapter 899Hz Probe 3839Hz	10	0.899	70.00	0.121
71.661	0.05	Adapter 899Hz Probe 3839Hz	10	0.899	70.00	0.121
71.741	0.05	Adapter 899Hz Probe 3839Hz	10	0.899	70.00	0.121
71.821	0.05	Adapter 899Hz Probe 3839Hz	10	3.839	70.00	0.437
72.001	0.05	Adapter 899Hz Probe 3839Hz	10	0.899	70.00	0.121
72.081	0.05	Adapter 899Hz Probe 3839Hz	10	0.899	70.00	0.121
72.161	0.05	Adapter 899Hz Probe 3839Hz	10	0.899	70.00	0.121
72.241	0.05	Adapter 899Hz Probe 3839Hz	10	0.899	70.00	0.121
72.321	0.05	Adapter 899Hz Probe 3839Hz	10	3.839	70.00	0.437
72.501	0.05	Adapter 899Hz Probe 3839Hz	10	0.899	70.00	0.121
72.581	0.05	Adapter 899Hz Probe 3839Hz	10	0.899	70.00	0.121
72.661	0.05	Adapter 899Hz Probe 3839Hz	10	0.899	70.00	0.121
72.741	0.05	Adapter 899Hz Probe 3839Hz	10	0.899	70.00	0.121
72.821	0.05	Adapter 899Hz Probe 3839Hz	10	3.839	70.00	0.437
73.001	0.05	Adapter 899Hz Probe 3839Hz	10	0.899	70.00	0.121
73.081	0.05	Adapter 899Hz Probe 3839Hz	10	0.899	70.00	0.121
73.161	0.05	Adapter 899Hz Probe 3839Hz	10	0.899	70.00	0.121
73.241	0.05	Adapter 899Hz Probe 3839Hz	10	0.899	70.00	0.121
73.321	0.05	Adapter 899Hz Probe 3839Hz	10	3.839	70.00	0.437
73.501	0.05	Adapter 899Hz Probe 3839Hz	10	0.899	70.00	0.121
73.581	0.05	Adapter 899Hz Probe 3839Hz	10	0.899	70.00	0.121
73.661	0.05	Adapter 899Hz Probe 3839Hz	10	0.899	70.00	0.121
73.741	0.05	Adapter 899Hz Probe 3839Hz	10	0.899	70.00	0.121
73.821	0.05	Adapter 899Hz Probe 3839Hz	10	3.839	70.00	0.437
74.001	0.05	Adapter 899Hz Probe 3839Hz	10	0.899	70.00	0.121
74.081	0.05	Adapter 899Hz Probe 3839Hz	10	0.899	70.00	0.121
74.161	0.05	Adapter 899Hz Probe 3839Hz	10	0.899	70.00	0.121
74.241	0.05	Adapter 899Hz Probe 3839Hz	10	0.899	70.00	0.121
74.321	0.05	Adapter 899Hz Probe 3839Hz	10	3.839	70.00	0.437
74.501	0.05	Adapter 899Hz Probe 3839Hz	10	0.899	70.00	0.121
74.581	0.05	Adapter 899Hz Probe 3839Hz	10	0.899	70.00	0.121
74.661	0.05	Adapter 899Hz Probe 3839Hz	10	0.899	70.00	0.121
74.741	0.05	Adapter 899Hz Probe 3839Hz	10	0.899	70.00	0.121
74.821	0.05	Adapter 899Hz Probe 3839Hz	10	3.839	70.00	0.437
84.977	0.05	Adapter 1501Hz Probe 3839Hz	12	1.501	70.00	0.186
85.057	0.05	Adapter 1501Hz Probe 3839Hz	12	1.501	70.00	0.186
85.137	0.05	Adapter 1501Hz Probe 3839Hz	12	1.501	70.00	0.186
85.217	0.05	Adapter 1501Hz Probe 3839Hz	12	1.501	70.00	0.186
85.297	0.05	Adapter 1501Hz Probe 3839Hz	12	3.839	70.00	0.437
85.477	0.05	Adapter 1501Hz Probe 3839Hz	12	1.501	70.00	0.186
85.557	0.05	Adapter 1501Hz Probe 3839Hz	12	1.501	70.00	0.186
85.637	0.05	Adapter 1501Hz Probe 3839Hz	12	1.501	70.00	0.186
85.717	0.05	Adapter 1501Hz Probe 3839Hz	12	1.501	70.00	0.186
85.797	0.05	Adapter 1501Hz Probe 3839Hz	12	3.839	70.00	0.437
85.977	0.05	Adapter 1501Hz Probe 3839Hz	12	1.501	70.00	0.186
86.057	0.05	Adapter 1501Hz Probe 3839Hz	12	1.501	70.00	0.186
86.137	0.05	Adapter 1501Hz Probe 3839Hz	12	1.501	70.00	0.186
86.217	0.05	Adapter 1501Hz Probe 3839Hz	12	1.501	70.00	0.186
86.297	0.05	Adapter 1501Hz Probe 3839Hz	12	3.839	70.00	0.437
86.477	0.05	Adapter 1501Hz Probe 3839Hz	12	1.501	70.00	0.186
86.557	0.05	Adapter 1501Hz Probe 3839Hz	12	1.501	70.00	0.186
86.637	0.05	Adapter 1501Hz Probe 3839Hz	12	1.501	70.00	0.186
86.717	0.05	Adapter 1501Hz Probe 3839Hz	12	1.501	70.00	0.186
86.797	0.05	Adapter 1501Hz Probe 3839Hz	12	3.839	70.00	0.437
86.977	0.05	Adapter 1501Hz Probe 3839Hz	12	1.501	70.00	0.186
87.057	0.05	Adapter 1501Hz Probe 3839Hz	12	1.501	70.00	0.186
87.137	0.05	Adapter 1501Hz Probe 3839Hz	12	1.501	70.00	0.186
87.217	0.05	Adapter 1501Hz Probe 3839Hz	12	1.501	70.00	0.186
87.297	0.05	Adapter 1501Hz Probe 3839Hz	12	3.839	70.00	0.437
87.477	0.05	Adapter 1501Hz Probe 3839Hz	12	1.501	70.00	0.186
87.557	0.05	Adapter 1501Hz Probe 3839Hz	12	1.501	70.00	0.186
87.637	0.05	Adapter 1501Hz Probe 3839Hz	12	1.501	70.00	0.186
87.717	0.05	Adapter 1501Hz Probe 3839Hz	12	1.501	70.00	0.186
87.797	0.05	Adapter 1501Hz Probe 3839Hz	12	3.839	70.00	0.437
87.977	0.05	Adapter 1501Hz Probe 3839Hz	12	1.501	70.00	0.186
88.057	0.05	Adapter 1501Hz Probe 3839Hz	12	1.501	70.00	0.186
88.137	0.05	Adapter 1501Hz Probe 3839Hz	12	1.501	70.00	0.186
88.217	0.05	Adapter 1501Hz Probe 3839Hz	12	1.501	70.00	0.186
88.297	0.05	Adapter 1501Hz Probe 3839Hz	12	3.839	70.00	0.437
88.477	0.05	Adapter 1501Hz Probe 3839Hz	12	1.501	70.00	0.186
88.557	0.05	Adapter 1501Hz Probe 3839Hz	12	1.501	70.00	0.186
88.637	0.05	Adapter 1501Hz Probe 3839Hz	12	1.501	70.00	0.186
88.717	0.05	Adapter 1501Hz Probe 3839Hz	12	1.501	70.00	0.186
88.797	0.05	Adapter 1501Hz Probe 3839Hz	12	3.839	70.00	0.437
88.977	0.05	Adapter 1501Hz Probe 3839Hz	12	1.501	70.00	0.186
89.057	0.05	Adapter 1501Hz Probe 3839Hz	12	1.501	70.00	0.186
89.137	0.05	Adapter 1501Hz Probe 3839Hz	12	1.501	70.00	0.186
89.217	0.05	Adapter 1501Hz Probe 3839Hz	12	1.501	70.00	0.186
89.297	0.05	Adapter 1501Hz Probe 3839Hz	12	3.839	70.00	0.437
89.477	0.05	Adapter 1501Hz Probe 3839Hz	12	1.501	70.00	0.186
89.557	0.05	Adapter 1501Hz Probe 3839Hz	12	1.501	70.00	0.186
89.637	0.05	Adapter 1501Hz Probe 3839Hz	12	1.501	70.00	0.186
89.717	0.05	Adapter 1501Hz Probe 3839Hz	12	1.501	70.00	0.186
89.797	0.05	Adapter 1501Hz Probe 3839Hz	12	3.839	70.00	0.437
92.465	0.05	Adapter 3839Hz Probe 3839Hz	13	3.839	70.00	0.437
92.545	0.05	Adapter 3839Hz Probe 3839Hz	13	3.839	70.00	0.437
92.625	0.05	Adapter 3839Hz Probe 3839Hz	13	3.839	70.00	0.437
92.705	0.05	Adapter 3839Hz Probe 3839Hz	13	3.839	70.00	0.437
92.785	0.05	Adapter 3839Hz Probe 3839Hz	13	3.839	70.00	0.437
92.965	0.05	Adapter 3839Hz Probe 3839Hz	13	3.839	70.00	0.437
93.045	0.05	Adapter 3839Hz Probe 3839Hz	13	3.839	70.00	0.437
93.125	0.05	Adapter 3839Hz Probe 3839Hz	13	3.839	70.00	0.437
93.205	0.05	Adapter 3839Hz Probe 3839Hz	13	3.839	70.00	0.437
93.285	0.05	Adapter 3839Hz Probe 3839Hz	13	3.839	70.00	0.437
93.465	0.05	Adapter 3839Hz Probe 3839Hz	13	3.839	70.00	0.437
93.545	0.05	Adapter 3839Hz Probe 3839Hz	13	3.839	70.00	0.437
93.625	0.05	Adapter 3839Hz Probe 3839Hz	13	3.839	70.00	0.437
93.705	0.05	Adapter 3839Hz Probe 3839Hz	13	3.839	70.00	0.437
93.785	0.05	Adapter 3839Hz Probe 3839Hz	13	3.839	70.00	0.437
93.965	0.05	Adapter 3839Hz Probe 3839Hz	13	3.839	70.00	0.437
94.045	0.05	Adapter 3839Hz Probe 3839Hz	13	3.839	70.00	0.437
94.125	0.05	Adapter 3839Hz Probe 3839Hz	13	3.839	70.00	0.437
94.205	0.05	Adapter 3839Hz Probe 3839Hz	13	3.839	70.00	0.437
94.285	0.05	Adapter 3839Hz Probe 3839Hz	13	3.839	70.00	0.437
94.465	0.05	Adapter 3839Hz Probe 3839Hz	13	3.839	70.00	0.437
94.545	0.05	Adapter 3839Hz Probe 3839Hz	13	3.839	70.00	0.437
94.625	0.05	Adapter 3839Hz Probe 3839Hz	13	3.839	70.00	0.437
94.705	0.05	Adapter 3839Hz Probe 3839Hz	13	3.839	70.00	0.437
94.785	0.05	Adapter 3839Hz Probe 3839Hz	13	3.839	70.00	0.437
94.965	0.05	Adapter 3839Hz Probe 3839Hz	13	3.839	70.00	0.437
95.045	0.05	Adapter 3839Hz Probe 3839Hz	13	3.839	70.00	0.437
95.125	0.05	Adapter 3839Hz Probe 3839Hz	13	3.839	70.00	0.437
95.205	0.05	Adapter 3839Hz Probe 3839Hz	13	3.839	70.00	0.437
95.285	0.05	Adapter 3839Hz Probe 3839Hz	13	3.839	70.00	0.437
95.465	0.05	Adapter 3839Hz Probe 3839Hz	13	3.839	70.00	0.437
95.545	0.05	Adapter 3839Hz Probe 3839Hz	13	3.839	70.00	0.437
95.625	0.05	Adapter 3839Hz Probe 3839Hz	13	3.839	70.00	0.437
95.705	0.05	Adapter 3839Hz Probe 3839Hz	13	3.839	70.00	0.437
95.785	0.05	Adapter 3839Hz Probe 3839Hz	13	3.839	70.00	0.437
95.965	0.05	Adapter 3839Hz Probe 3839Hz	13	3.839	70.00	0.437
96.045	0.05	Adapter 3839Hz Probe 3839Hz	13	3.839	70.00	0.437
96.125	0.05	Adapter 3839Hz Probe 3839Hz	13	3.839	70.00	0.437
96.205	0.05	Adapter 3839Hz Probe 3839Hz	13	3.839	70.00	0.437
96.285	0.05	Adapter 3839Hz Probe 3839Hz	13	3.839	70.00	0.437
96.465	0.05	Adapter 3839Hz Probe 3839Hz	13	3.839	70.00	0.437
96.545	0.05	Adapter 3839Hz Probe 3839Hz	13	3.839	70.00	0.437
96.625	0.05	Adapter 3839Hz Probe 3839Hz	13	3.839	70.00	0.437
96.705	0.05	Adapter 3839Hz Probe 3839Hz	13	3.839	70.00	0.437
96.785	0.05	Adapter 3839Hz Probe 3839Hz	13	3.839	70.00	0.437
96.965	0.05	Adapter 3839Hz Probe 3839Hz	13	3.839	70.00	0.437
97.045	0.05	Adapter 3839Hz Probe 3839Hz	13	3.839	70.00	0.437
97.125	0.05	Adapter 3839Hz Probe 3839Hz	13	3.839	70.00	0.437
97.205	0.05	Adapter 3839Hz Probe 3839Hz	13	3.839	70.00	0.437
97.285	0.05	Adapter 3839Hz Probe 3839Hz	13	3.839	70.00	0.437
99.953	0.05	Adapter 2423Hz	14	2.423	70.00	0.285
100.033	0.05	Adapter 2423Hz	14	2.423	70.00	0.285
100.113	0.05	Adapter 2423Hz	14	2.423	70.00	0.285
100.193	0.05	Adapter 2423Hz	14	2.423	70.00	0.285
100.453	0.05	Adapter 2423Hz	14	2.423	70.00	0.285
100.533	0.05	Adapter 2423Hz	14	2.423	70.00	0.285
100.613	0.05	Adapter 2423Hz	14	2.423	70.00	0.285
100.693	0.05	Adapter 2423Hz	14	2.423	70.00	0.285
100.953	0.05	Adapter 2423Hz	14	2.423	70.00	0.285
101.033	0.05	Adapter 2423Hz	14	2.423	70.00	0.285
101.113	0.05	Adapter 2423Hz	14	2.423	70.00	0.285
101.193	0.05	Adapter 2423Hz	14	2.423	70.00	0.285
101.453	0.05	Adapter 2423Hz	14	2.423	70.00	0.285
101.533	0.05	Adapter 2423Hz	14	2.423	70.00	0.285
101.613	0.05	Adapter 2423Hz	14	2.423	70.00	0.285
101.693	0.05	Adapter 2423Hz	14	2.423	70.00	0.285
101.953	0.05	Adapter 2423Hz	14	2.423	70.00	0.285
102.033	0.05	Adapter 2423Hz	14	2.423	70.00	0.285
102.113	0.05	Adapter 2423Hz	14	2.423	70.00	0.285
102.193	0.05	Adapter 2423Hz	14	2.423	70.00	0.285
102.453	0.05	Adapter 2423Hz	14	2.423	70.00	0.285
102.533	0.05	Adapter 2423Hz	14	2.423	70.00	0.285
102.613	0.05	Adapter 2423Hz	14	2.423	70.00	0.285
102.693	0.05	Adapter 2423Hz	14	2.423	70.00	0.285
102.953	0.05	Adapter 2423Hz	14	2.423	70.00	0.285
103.033	0.05	Adapter 2423Hz	14	2.423	70.00	0.285
103.113	0.05	Adapter 2423Hz	14	2.423	70.00	0.285
103.193	0.05	Adapter 2423Hz	14	2.423	70.00	0.285
103.453	0.05	Adapter 2423Hz	14	2.423	70.00	0.285
103.533	0.05	Adapter 2423Hz	14	2.423	70.00	0.285
103.613	0.05	Adapter 2423Hz	14	2.423	70.00	0.285
103.693	0.05	Adapter 2423Hz	14	2.423	70.00	0.285
103.953	0.05	Adapter 2423Hz	14	2.423	70.00	0.285
104.033	0.05	Adapter 2423Hz	14	2.423	70.00	0.285
104.113	0.05	Adapter 2423Hz	14	2.423	70.00	0.285
104.193	0.05	Adapter 2423Hz	14	2.423	70.00	0.285
104.453	0.05	Adapter 2423Hz	14	2.423	70.00	0.285
104.533	0.05	Adapter 2423Hz	14	2.423	70.00	0.285
104.613	0.05	Adapter 2423Hz	14	2.423	70.00	0.285
104.693	0.05	Adapter 2423Hz	14	2.423	70.00	0.285
107.457	0.05	Adapter 3839Hz	15	3.839	70.00	0.437
107.537	0.05	Adapter 3839Hz	15	3.839	70.00	0.437
107.617	0.05	Adapter 3839Hz	15	3.839	70.00	0.437
107.697	0.05	Adapter 3839Hz	15	3.839	70.00	0.437
107.957	0.05	Adapter 3839Hz	15	3.839	70.00	0.437
108.037	0.05	Adapter 3839Hz	15	3.839	70.00	0.437
108.117	0.05	Adapter 3839Hz	15	3.839	70.00	0.437
108.197	0.05	Adapter 3839Hz	15	3.839	70.00	0.437
108.457	0.05	Adapter 3839Hz	15	3.839	70.00	0.437
108.537	0.05	Adapter 3839Hz	15	3.839	70.00	0.437
108.617	0.05	Adapter 3839Hz	15	3.839	70.00	0.437
108.697	0.05	Adapter 3839Hz	15	3.839	70.00	0.437
108.957	0.05	Adapter 3839Hz	15	3.839	70.00	0.437
109.037	0.05	Adapter 3839Hz	15	3.839	70.00	0.437
109.117	0.05	Adapter 3839Hz	15	3.839	70.00	0.437
109.197	0.05	Adapter 3839Hz	15	3.839	70.00	0.437
109.457	0.05	Adapter 3839Hz	15	3.839	70.00	0.437
109.537	0.05	Adapter 3839Hz	15	3.839	70.00	0.437
109.617	0.05	Adapter 3839Hz	15	3.839	70.00	0.437
109.697	0.05	Adapter 3839Hz	15	3.839	70.00	0.437
109.957	0.05	Adapter 3839Hz	15	3.839	70.00	0.437
110.037	0.05	Adapter 3839Hz	15	3.839	70.00	0.437
110.117	0.05	Adapter 3839Hz	15	3.839	70.00	0.437
110.197	0.05	Adapter 3839Hz	15	3.839	70.00	0.437
110.457	0.05	Adapter 3839Hz	15	3.839	70.00	0.437
110.537	0.05	Adapter 3839Hz	15	3.839	70.00	0.437
110.617	0.05	Adapter 3839Hz	15	3.839	70.00	0.437
110.697	0.05	Adapter 3839Hz	15	3.839	70.00	0.437
110.957	0.05	Adapter 3839Hz	15	3.839	70.00	0.437
111.037	0.05	Adapter 3839Hz	15	3.839	70.00	0.437
111.117	0.05	Adapter 3839Hz	15	3.839	70.00	0.437
111.197	0.05	Adapter 3839Hz	15	3.839	70.00	0.437
111.457	0.05	Adapter 3839Hz	15	3.839	70.00	0.437
111.537	0.05	Adapter 3839Hz	15	3.839	70.00	0.437
111.617	0.05	Adapter 3839Hz	15	3.839	70.00	0.437
111.697	0.05	Adapter 3839Hz	15	3.839	70.00	0.437
111.957	0.05	Adapter 3839Hz	15	3.839	70.00	0.437
112.037	0.05	Adapter 3839Hz	15	3.839	70.00	0.437
112.117	0.05	Adapter 3839Hz	15	3.839	70.00	0.437
112.197	0.05	Adapter 3839Hz	15	3.839	70.00	0.437
114.961	0.05	Adapter 507Hz	16	0.507	70.00	0.079
115.041	0.05	Adapter 507Hz	16	0.507	70.00	0.079
115.121	0.05	Adapter 507Hz	16	0.507	70.00	0.079
115.201	0.05	Adapter 507Hz	16	0.507	70.00	0.079
115.461	0.05	Adapter 507Hz	16	0.507	70.00	0.079
115.541	0.05	Adapter 507Hz	16	0.507	70.00	0.079
115.621	0.05	Adapter 507Hz	16	0.507	70.00	0.079
115.701	0.05	Adapter 507Hz	16	0.507	70.00	0.079
115.961	0.05	Adapter 507Hz	16	0.507	70.00	0.079
116.041	0.05	Adapter 507Hz	16	0.507	70.00	0.079
116.121	0.05	Adapter 507Hz	16	0.507	70.00	0.079
116.201	0.05	Adapter 507Hz	16	0.507	70.00	0.079
116.461	0.05	Adapter 507Hz	16	0.507	70.00	0.079
116.541	0.05	Adapter 507Hz	16	0.507	70.00	0.079
116.621	0.05	Adapter 507Hz	16	0.507	70.00	0.079
116.701	0.05	Adapter 507Hz	16	0.507	70.00	0.079
116.961	0.05	Adapter 507Hz	16	0.507	70.00	0.079
117.041	0.05	Adapter 507Hz	16	0.507	70.00	0.079
117.121	0.05	Adapter 507Hz	16	0.507	70.00	0.079
117.201	0.05	Adapter 507Hz	16	0.507	70.00	0.079
117.461	0.05	Adapter 507Hz	16	0.507	70.00	0.079
117.541	0.05	Adapter 507Hz	16	0.507	70.00	0.079
117.621	0.05	Adapter 507Hz	16	0.507	70.00	0.079
117.701	0.05	Adapter 507Hz	16	0.507	70.00	0.079
117.961	0.05	Adapter 507Hz	16	0.507	70.00	0.079
118.041	0.05	Adapter 507Hz	16	0.507	70.00	0.079
118.121	0.05	Adapter 507Hz	16	0.507	70.00	0.079
118.201	0.05	Adapter 507Hz	16	0.507	70.00	0.079
118.461	0.05	Adapter 507Hz	16	0.507	70.00	0.079
118.541	0.05	Adapter 507Hz	16	0.507	70.00	0.079
118.621	0.05	Adapter 507Hz	16	0.507	70.00	0.079
118.701	0.05	Adapter 507Hz	16	0.507	70.00	0.079
118.961	0.05	Adapter 507Hz	16	0.507	70.00	0.079
119.041	0.05	Adapter 507Hz	16	0.507	70.00	0.079
119.121	0.05	Adapter 507Hz	16	0.507	70.00	0.079
119.201	0.05	Adapter 507Hz	16	0.507	70.00	0.079
119.461	0.05	Adapter 507Hz	16	0.507	70.00	0.079
119.541	0.05	Adapter 507Hz	16	0.507	70.00	0.079
119.621	0.05	Adapter 507Hz	16	0.507	70.00	0.079
119.701	0.05	Adapter 507Hz	16	0.507	70.00	0.079
122.48	0.05	Adapter 3839Hz Probe 3839Hz	17	3.839	70.00	0.437
122.56	0.05	Adapter 3839Hz Probe 3839Hz	17	3.839	70.00	0.437
122.64	0.05	Adapter 3839Hz Probe 3839Hz	17	3.839	70.00	0.437
122.72	0.05	Adapter 3839Hz Probe 3839Hz	17	3.839	70.00	0.437
122.8	0.05	Adapter 3839Hz Probe 3839Hz	17	3.839	70.00	0.437
122.98	0.05	Adapter 3839Hz Probe 3839Hz	17	3.839	70.00	0.437
123.06	0.05	Adapter 3839Hz Probe 3839Hz	17	3.839	70.00	0.437
123.14	0.05	Adapter 3839Hz Probe 3839Hz	17	3.839	70.00	0.437
123.22	0.05	Adapter 3839Hz Probe 3839Hz	17	3.839	70.00	0.437
123.3	0.05	Adapter 3839Hz Probe 3839Hz	17	3.839	70.00	0.437
123.48	0.05	Adapter 3839Hz Probe 3839Hz	17	3.839	70.00	0.437
123.56	0.05	Adapter 3839Hz Probe 3839Hz	17	3.839	70.00	0.437
123.64	0.05	Adapter 3839Hz Probe 3839Hz	17	3.839	70.00	0.437
123.72	0.05	Adapter 3839Hz Probe 3839Hz	17	3.839	70.00	0.437
123.8	0.05	Adapter 3839Hz Probe 3839Hz	17	3.839	70.00	0.437
123.98	0.05	Adapter 3839Hz Probe 3839Hz	17	3.839	70.00	0.437
124.06	0.05	Adapter 3839Hz Probe 3839Hz	17	3.839	70.00	0.437
124.14	0.05	Adapter 3839Hz Probe 3839Hz	17	3.839	70.00	0.437
124.22	0.05	Adapter 3839Hz Probe 3839Hz	17	3.839	70.00	0.437
124.3	0.05	Adapter 3839Hz Probe 3839Hz	17	3.839	70.00	0.437
124.48	0.05	Adapter 3839Hz Probe 3839Hz	17	3.839	70.00	0.437
124.56	0.05	Adapter 3839Hz Probe 3839Hz	17	3.839	70.00	0.437
124.64	0.05	Adapter 3839Hz Probe 3839Hz	17	3.839	70.00	0.437
124.72	0.05	Adapter 3839Hz Probe 3839Hz	17	3.839	70.00	0.437
124.8	0.05	Adapter 3839Hz Probe 3839Hz	17	3.839	70.00	0.437
124.98	0.05	Adapter 3839Hz Probe 3839Hz	17	3.839	70.00	0.437
125.06	0.05	Adapter 3839Hz Probe 3839Hz	17	3.839	70.00	0.437
125.14	0.05	Adapter 3839Hz Probe 3839Hz	17	3.839	70.00	0.437
125.22	0.05	Adapter 3839Hz Probe 3839Hz	17	3.839	70.00	0.437
125.3	0.05	Adapter 3839Hz Probe 3839Hz	17	3.839	70.00	0.437
125.48	0.05	Adapter 3839Hz Probe 3839Hz	17	3.839	70.00	0.437
125.56	0.05	Adapter 3839Hz Probe 3839Hz	17	3.839	70.00	0.437
125.64	0.05	Adapter 3839Hz Probe 3839Hz	17	3.839	70.00	0.437
125.72	0.05	Adapter 3839Hz Probe 3839Hz	17	3.839	70.00	0.437
125.8	0.05	Adapter 3839Hz Probe 3839Hz	17	3.839	70.00	0.437
125.98	0.05	Adapter 3839Hz Probe 3839Hz	17	3.839	70.00	0.437
126.06	0.05	Adapter 3839Hz Probe 3839Hz	17	3.839	70.00	0.437
126.14	0.05	Adapter 3839Hz Probe 3839Hz	17	3.839	70.00	0.437
126.22	0.05	Adapter 3839Hz Probe 3839Hz	17	3.839	70.00	0.437
126.3	0.05	Adapter 3839Hz Probe 3839Hz	17	3.839	70.00	0.437
126.48	0.05	Adapter 3839Hz Probe 3839Hz	17	3.839	70.00	0.437
126.56	0.05	Adapter 3839Hz Probe 3839Hz	17	3.839	70.00	0.437
126.64	0.05	Adapter 3839Hz Probe 3839Hz	17	3.839	70.00	0.437
126.72	0.05	Adapter 3839Hz Probe 3839Hz	17	3.839	70.00	0.437
126.8	0.05	Adapter 3839Hz Probe 3839Hz	17	3.839	70.00	0.437
126.98	0.05	Adapter 3839Hz Probe 3839Hz	17	3.839	70.00	0.437
127.06	0.05	Adapter 3839Hz Probe 3839Hz	17	3.839	70.00	0.437
127.14	0.05	Adapter 3839Hz Probe 3839Hz	17	3.839	70.00	0.437
127.22	0.05	Adapter 3839Hz Probe 3839Hz	17	3.839	70.00	0.437
127.3	0.05	Adapter 3839Hz Probe 3839Hz	17	3.839	70.00	0.437
130.288	0.05	Probe 3839Hz	18	3.839	70.00	0.437
130.788	0.05	Probe 3839Hz	18	3.839	70.00	0.437
131.288	0.05	Probe 3839Hz	18	3.839	70.00	0.437
131.788	0.05	Probe 3839Hz	18	3.839	70.00	0.437
132.288	0.05	Probe 3839Hz	18	3.839	70.00	0.437
132.788	0.05	Probe 3839Hz	18	3.839	70.00	0.437
133.288	0.05	Probe 3839Hz	18	3.839	70.00	0.437
133.788	0.05	Probe 3839Hz	18	3.839	70.00	0.437
134.288	0.05	Probe 3839Hz	18	3.839	70.00	0.437
134.788	0.05	Probe 3839Hz	18	3.839	70.00	0.437
137.472	0.05	Adapter 251Hz	19	0.251	70.00	0.052
137.552	0.05	Adapter 251Hz	19	0.251	70.00	0.052
137.632	0.05	Adapter 251Hz	19	0.251	70.00	0.052
137.712	0.05	Adapter 251Hz	19	0.251	70.00	0.052
137.972	0.05	Adapter 251Hz	19	0.251	70.00	0.052
138.052	0.05	Adapter 251Hz	19	0.251	70.00	0.052
138.132	0.05	Adapter 251Hz	19	0.251	70.00	0.052
138.212	0.05	Adapter 251Hz	19	0.251	70.00	0.052
138.472	0.05	Adapter 251Hz	19	0.251	70.00	0.052
138.552	0.05	Adapter 251Hz	19	0.251	70.00	0.052
138.632	0.05	Adapter 251Hz	19	0.251	70.00	0.052
138.712	0.05	Adapter 251Hz	19	0.251	70.00	0.052
138.972	0.05	Adapter 251Hz	19	0.251	70.00	0.052
139.052	0.05	Adapter 251Hz	19	0.251	70.00	0.052
139.132	0.05	Adapter 251Hz	19	0.251	70.00	0.052
139.212	0.05	Adapter 251Hz	19	0.251	70.00	0.052
139.472	0.05	Adapter 251Hz	19	0.251	70.00	0.052
139.552	0.05	Adapter 251Hz	19	0.251	70.00	0.052
139.632	0.05	Adapter 251Hz	19	0.251	70.00	0.052
139.712	0.05	Adapter 251Hz	19	0.251	70.00	0.052
139.972	0.05	Adapter 251Hz	19	0.251	70.00	0.052
140.052	0.05	Adapter 251Hz	19	0.251	70.00	0.052
140.132	0.05	Adapter 251Hz	19	0.251	70.00	0.052
140.212	0.05	Adapter 251Hz	19	0.251	70.00	0.052
140.472	0.05	Adapter 251Hz	19	0.251	70.00	0.052
140.552	0.05	Adapter 251Hz	19	0.251	70.00	0.052
140.632	0.05	Adapter 251Hz	19	0.251	70.00	0.052
140.712	0.05	Adapter 251Hz	19	0.251	70.00	0.052
140.972	0.05	Adapter 251Hz	19	0.251	70.00	0.052
141.052	0.05	Adapter 251Hz	19	0.251	70.00	0.052
141.132	0.05	Adapter 251Hz	19	0.251	70.00	0.052
141.212	0.05	Adapter 251Hz	19	0.251	70.00	0.052
141.472	0.05	Adapter 251Hz	19	0.251	70.00	0.052
141.552	0.05	Adapter 251Hz	19	0.251	70.00	0.052
141.632	0.05	Adapter 251Hz	19	0.251	70.00	0.052
141.712	0.05	Adapter 251Hz	19	0.251	70.00	0.052
141.972	0.05	Adapter 251Hz	19	0.251	70.00	0.052
142.052	0.05	Adapter 251Hz	19	0.251	70.00	0.052
142.132	0.05	Adapter 251Hz	19	0.251	70.00	0.052
142.212	0.05	Adapter 251Hz	19	0.251	70.00	0.052
145.006	0.05	Adapter 6009Hz	20	6.009	70.00	0.671
145.086	0.05	Adapter 6009Hz	20	6.009	70.00	0.671
145.166	0.05	Adapter 6009Hz	20	6.009	70.00	0.671
145.246	0.05	Adapter 6009Hz	20	6.009	70.00	0.671
145.506	0.05	Adapter 6009Hz	20	6.009	70.00	0.671
145.586	0.05	Adapter 6009Hz	20	6.009	70.00	0.671
145.666	0.05	Adapter 6009Hz	20	6.009	70.00	0.671
145.746	0.05	Adapter 6009Hz	20	6.009	70.00	0.671
146.006	0.05	Adapter 6009Hz	20	6.009	70.00	0.671
146.086	0.05	Adapter 6009Hz	20	6.009	70.00	0.671
146.166	0.05	Adapter 6009Hz	20	6.009	70.00	0.671
146.246	0.05	Adapter 6009Hz	20	6.009	70.00	0.671
146.506	0.05	Adapter 6009Hz	20	6.009	70.00	0.671
146.586	0.05	Adapter 6009Hz	20	6.009	70.00	0.671
146.666	0.05	Adapter 6009Hz	20	6.009	70.00	0.671
146.746	0.05	Adapter 6009Hz	20	6.009	70.00	0.671
147.006	0.05	Adapter 6009Hz	20	6.009	70.00	0.671
147.086	0.05	Adapter 6009Hz	20	6.009	70.00	0.671
147.166	0.05	Adapter 6009Hz	20	6.009	70.00	0.671
147.246	0.05	Adapter 6009Hz	20	6.009	70.00	0.671
147.506	0.05	Adapter 6009Hz	20	6.009	70.00	0.671
147.586	0.05	Adapter 6009Hz	20	6.009	70.00	0.671
147.666	0.05	Adapter 6009Hz	20	6.009	70.00	0.671
147.746	0.05	Adapter 6009Hz	20	6.009	70.00	0.671
148.006	0.05	Adapter 6009Hz	20	6.009	70.00	0.671
148.086	0.05	Adapter 6009Hz	20	6.009	70.00	0.671
148.166	0.05	Adapter 6009Hz	20	6.009	70.00	0.671
148.246	0.05	Adapter 6009Hz	20	6.009	70.00	0.671
148.506	0.05	Adapter 6009Hz	20	6.009	70.00	0.671
148.586	0.05	Adapter 6009Hz	20	6.009	70.00	0.671
148.666	0.05	Adapter 6009Hz	20	6.009	70.00	0.671
148.746	0.05	Adapter 6009Hz	20	6.009	70.00	0.671
149.006	0.05	Adapter 6009Hz	20	6.009	70.00	0.671
149.086	0.05	Adapter 6009Hz	20	6.009	70.00	0.671
149.166	0.05	Adapter 6009Hz	20	6.009	70.00	0.671
149.246	0.05	Adapter 6009Hz	20	6.009	70.00	0.671
149.506	0.05	Adapter 6009Hz	20	6.009	70.00	0.671
149.586	0.05	Adapter 6009Hz	20	6.009	70.00	0.671
149.666	0.05	Adapter 6009Hz	20	6.009	70.00	0.671
149.746	0.05	Adapter 6009Hz	20	6.009	70.00	0.671
152.494	0.05	Adapter 3839Hz	21	3.839	70.00	0.437
152.574	0.05	Adapter 3839Hz	21	3.839	70.00	0.437
152.654	0.05	Adapter 3839Hz	21	3.839	70.00	0.437
152.734	0.05	Adapter 3839Hz	21	3.839	70.00	0.437
152.994	0.05	Adapter 3839Hz	21	3.839	70.00	0.437
153.074	0.05	Adapter 3839Hz	21	3.839	70.00	0.437
153.154	0.05	Adapter 3839Hz	21	3.839	70.00	0.437
153.234	0.05	Adapter 3839Hz	21	3.839	70.00	0.437
153.494	0.05	Adapter 3839Hz	21	3.839	70.00	0.437
153.574	0.05	Adapter 3839Hz	21	3.839	70.00	0.437
153.654	0.05	Adapter 3839Hz	21	3.839	70.00	0.437
153.734	0.05	Adapter 3839Hz	21	3.839	70.00	0.437
153.994	0.05	Adapter 3839Hz	21	3.839	70.00	0.437
154.074	0.05	Adapter 3839Hz	21	3.839	70.00	0.437
154.154	0.05	Adapter 3839Hz	21	3.839	70.00	0.437
154.234	0.05	Adapter 3839Hz	21	3.839	70.00	0.437
154.494	0.05	Adapter 3839Hz	21	3.839	70.00	0.437
154.574	0.05	Adapter 3839Hz	21	3.839	70.00	0.437
154.654	0.05	Adapter 3839Hz	21	3.839	70.00	0.437
154.734	0.05	Adapter 3839Hz	21	3.839	70.00	0.437
154.994	0.05	Adapter 3839Hz	21	3.839	70.00	0.437
155.074	0.05	Adapter 3839Hz	21	3.839	70.00	0.437
155.154	0.05	Adapter 3839Hz	21	3.839	70.00	0.437
155.234	0.05	Adapter 3839Hz	21	3.839	70.00	0.437
155.494	0.05	Adapter 3839Hz	21	3.839	70.00	0.437
155.574	0.05	Adapter 3839Hz	21	3.839	70.00	0.437
155.654	0.05	Adapter 3839Hz	21	3.839	70.00	0.437
155.734	0.05	Adapter 3839Hz	21	3.839	70.00	0.437
155.994	0.05	Adapter 3839Hz	21	3.839	70.00	0.437
156.074	0.05	Adapter 3839Hz	21	3.839	70.00	0.437
156.154	0.05	Adapter 3839Hz	21	3.839	70.00	0.437
156.234	0.05	Adapter 3839Hz	21	3.839	70.00	0.437
156.494	0.05	Adapter 3839Hz	21	3.839	70.00	0.437
156.574	0.05	Adapter 3839Hz	21	3.839	70.00	0.437
156.654	0.05	Adapter 3839Hz	21	3.839	70.00	0.437
156.734	0.05	Adapter 3839Hz	21	3.839	70.00	0.437
156.994	0.05	Adapter 3839Hz	21	3.839	70.00	0.437
157.074	0.05	Adapter 3839Hz	21	3.839	70.00	0.437
157.154	0.05	Adapter 3839Hz	21	3.839	70.00	0.437
157.234	0.05	Adapter 3839Hz	21	3.839	70.00	0.437
159.951	0.05	Adapter 2423Hz Probe 3839Hz	22	2.423	70.00	0.285
160.031	0.05	Adapter 2423Hz Probe 3839Hz	22	2.423	70.00	0.285
160.111	0.05	Adapter 2423Hz Probe 3839Hz	22	2.423	70.00	0.285
160.191	0.05	Adapter 2423Hz Probe 3839Hz	22	2.423	70.00	0.285
160.271	0.05	Adapter 2423Hz Probe 3839Hz	22	3.839	70.00	0.437
160.451	0.05	Adapter 2423Hz Probe 3839Hz	22	2.423	70.00	0.285
160.531	0.05	Adapter 2423Hz Probe 3839Hz	22	2.423	70.00	0.285
160.611	0.05	Adapter 2423Hz Probe 3839Hz	22	2.423	70.00	0.285
160.691	0.05	Adapter 2423Hz Probe 3839Hz	22	2.423	70.00	0.285
160.771	0.05	Adapter 2423Hz Probe 3839Hz	22	3.839	70.00	0.437
160.951	0.05	Adapter 2423Hz Probe 3839Hz	22	2.423	70.00	0.285
161.031	0.05	Adapter 2423Hz Probe 3839Hz	22	2.423	70.00	0.285
161.111	0.05	Adapter 2423Hz Probe 3839Hz	22	2.423	70.00	0.285
161.191	0.05	Adapter 2423Hz Probe 3839Hz	22	2.423	70.00	0.285
161.271	0.05	Adapter 2423Hz Probe 3839Hz	22	3.839	70.00	0.437
161.451	0.05	Adapter 2423Hz Probe 3839Hz	22	2.423	70.00	0.285
161.531	0.05	Adapter 2423Hz Probe 3839Hz	22	2.423	70.00	0.285
161.611	0.05	Adapter 2423Hz Probe 3839Hz	22	2.423	70.00	0.285
161.691	0.05	Adapter 2423Hz Probe 3839Hz	22	2.423	70.00	0.285
161.771	0.05	Adapter 2423Hz Probe 3839Hz	22	3.839	70.00	0.437
161.951	0.05	Adapter 2423Hz Probe 3839Hz	22	2.423	70.00	0.285
162.031	0.05	Adapter 2423Hz Probe 3839Hz	22	2.423	70.00	0.285
162.111	0.05	Adapter 2423Hz Probe 3839Hz	22	2.423	70.00	0.285
162.191	0.05	Adapter 2423Hz Probe 3839Hz	22	2.423	70.00	0.285
162.271	0.05	Adapter 2423Hz Probe 3839Hz	22	3.839	70.00	0.437
162.451	0.05	Adapter 2423Hz Probe 3839Hz	22	2.423	70.00	0.285
162.531	0.05	Adapter 2423Hz Probe 3839Hz	22	2.423	70.00	0.285
162.611	0.05	Adapter 2423Hz Probe 3839Hz	22	2.423	70.00	0.285
162.691	0.05	Adapter 2423Hz Probe 3839Hz	22	2.423	70.00	0.285
162.771	0.05	Adapter 2423Hz Probe 3839Hz	22	3.839	70.00	0.437
162.951	0.05	Adapter 2423Hz Probe 3839Hz	22	2.423	70.00	0.285
163.031	0.05	Adapter 2423Hz Probe 3839Hz	22	2.423	70.00	0.285
163.111	0.05	Adapter 2423Hz Probe 3839Hz	22	2.423	70.00	0.285
163.191	0.05	Adapter 2423Hz Probe 3839Hz	22	2.423	70.00	0.285
163.271	0.05	Adapter 2423Hz Probe 3839Hz	22	3.839	70.00	0.437
163.451	0.05	Adapter 2423Hz Probe 3839Hz	22	2.423	70.00	0.285
163.531	0.05	Adapter 2423Hz Probe 3839Hz	22	2.423	70.00	0.285
163.611	0.05	Adapter 2423Hz Probe 3839Hz	22	2.423	70.00	0.285
163.691	0.05	Adapter 2423Hz Probe 3839Hz	22	2.423	70.00	0.285
163.771	0.05	Adapter 2423Hz Probe 3839Hz	22	3.839	70.00	0.437
163.951	0.05	Adapter 2423Hz Probe 3839Hz	22	2.423	70.00	0.285
164.031	0.05	Adapter 2423Hz Probe 3839Hz	22	2.423	70.00	0.285
164.111	0.05	Adapter 2423Hz Probe 3839Hz	22	2.423	70.00	0.285
164.191	0.05	Adapter 2423Hz Probe 3839Hz	22	2.423	70.00	0.285
164.271	0.05	Adapter 2423Hz Probe 3839Hz	22	3.839	70.00	0.437
164.451	0.05	Adapter 2423Hz Probe 3839Hz	22	2.423	70.00	0.285
164.531	0.05	Adapter 2423Hz Probe 3839Hz	22	2.423	70.00	0.285
164.611	0.05	Adapter 2423Hz Probe 3839Hz	22	2.423	70.00	0.285
164.691	0.05	Adapter 2423Hz Probe 3839Hz	22	2.423	70.00	0.285
164.771	0.05	Adapter 2423Hz Probe 3839Hz	22	3.839	70.00	0.437
167.502	0.05	Adapter 899Hz	23	0.899	70.00	0.121
167.582	0.05	Adapter 899Hz	23	0.899	70.00	0.121
167.662	0.05	Adapter 899Hz	23	0.899	70.00	0.121
167.742	0.05	Adapter 899Hz	23	0.899	70.00	0.121
168.002	0.05	Adapter 899Hz	23	0.899	70.00	0.121
168.082	0.05	Adapter 899Hz	23	0.899	70.00	0.121
168.162	0.05	Adapter 899Hz	23	0.899	70.00	0.121
168.242	0.05	Adapter 899Hz	23	0.899	70.00	0.121
168.502	0.05	Adapter 899Hz	23	0.899	70.00	0.121
168.582	0.05	Adapter 899Hz	23	0.899	70.00	0.121
168.662	0.05	Adapter 899Hz	23	0.899	70.00	0.121
168.742	0.05	Adapter 899Hz	23	0.899	70.00	0.121
169.002	0.05	Adapter 899Hz	23	0.899	70.00	0.121
169.082	0.05	Adapter 899Hz	23	0.899	70.00	0.121
169.162	0.05	Adapter 899Hz	23	0.899	70.00	0.121
169.242	0.05	Adapter 899Hz	23	0.899	70.00	0.121
169.502	0.05	Adapter 899Hz	23	0.899	70.00	0.121
169.582	0.05	Adapter 899Hz	23	0.899	70.00	0.121
169.662	0.05	Adapter 899Hz	23	0.899	70.00	0.121
169.742	0.05	Adapter 899Hz	23	0.899	70.00	0.121
170.002	0.05	Adapter 899Hz	23	0.899	70.00	0.121
170.082	0.05	Adapter 899Hz	23	0.899	70.00	0.121
170.162	0.05	Adapter 899Hz	23	0.899	70.00	0.121
170.242	0.05	Adapter 899Hz	23	0.899	70.00	0.121
170.502	0.05	Adapter 899Hz	23	0.899	70.00	0.121
170.582	0.05	Adapter 899Hz	23	0.899	70.00	0.121
170.662	0.05	Adapter 899Hz	23	0.899	70.00	0.121
170.742	0.05	Adapter 899Hz	23	0.899	70.00	0.121
171.002	0.05	Adapter 899Hz	23	0.899	70.00	0.121
171.082	0.05	Adapter 899Hz	23	0.899	70.00	0.121
171.162	0.05	Adapter 899Hz	23	0.899	70.00	0.121
171.242	0.05	Adapter 899Hz	23	0.899	70.00	0.121
171.502	0.05	Adapter 899Hz	23	0.899	70.00	0.121
171.582	0.05	Adapter 899Hz	23	0.899	70.00	0.121
171.662	0.05	Adapter 899Hz	23	0.899	70.00	0.121
171.742	0.05	Adapter 899Hz	23	0.899	70.00	0.121
172.002	0.05	Adapter 899Hz	23	0.899	70.00	0.121
172.082	0.05	Adapter 899Hz	23	0.899	70.00	0.121
172.162	0.05	Adapter 899Hz	23	0.899	70.00	0.121
172.242	0.05	Adapter 899Hz	23	0.899	70.00	0.121
182.478	0.05	Adapter 899Hz Probe 3839Hz	25	0.899	70.00	0.121
182.558	0.05	Adapter 899Hz Probe 3839Hz	25	0.899	70.00	0.121
182.638	0.05	Adapter 899Hz Probe 3839Hz	25	0.899	70.00	0.121
182.718	0.05	Adapter 899Hz Probe 3839Hz	25	0.899	70.00	0.121
182.798	0.05	Adapter 899Hz Probe 3839Hz	25	3.839	70.00	0.437
182.978	0.05	Adapter 899Hz Probe 3839Hz	25	0.899	70.00	0.121
183.058	0.05	Adapter 899Hz Probe 3839Hz	25	0.899	70.00	0.121
183.138	0.05	Adapter 899Hz Probe 3839Hz	25	0.899	70.00	0.121
183.218	0.05	Adapter 899Hz Probe 3839Hz	25	0.899	70.00	0.121
183.298	0.05	Adapter 899Hz Probe 3839Hz	25	3.839	70.00	0.437
183.478	0.05	Adapter 899Hz Probe 3839Hz	25	0.899	70.00	0.121
183.558	0.05	Adapter 899Hz Probe 3839Hz	25	0.899	70.00	0.121
183.638	0.05	Adapter 899Hz Probe 3839Hz	25	0.899	70.00	0.121
183.718	0.05	Adapter 899Hz Probe 3839Hz	25	0.899	70.00	0.121
183.798	0.05	Adapter 899Hz Probe 3839Hz	25	3.839	70.00	0.437
183.978	0.05	Adapter 899Hz Probe 3839Hz	25	0.899	70.00	0.121
184.058	0.05	Adapter 899Hz Probe 3839Hz	25	0.899	70.00	0.121
184.138	0.05	Adapter 899Hz Probe 3839Hz	25	0.899	70.00	0.121
184.218	0.05	Adapter 899Hz Probe 3839Hz	25	0.899	70.00	0.121
184.298	0.05	Adapter 899Hz Probe 3839Hz	25	3.839	70.00	0.437
184.478	0.05	Adapter 899Hz Probe 3839Hz	25	0.899	70.00	0.121
184.558	0.05	Adapter 899Hz Probe 3839Hz	25	0.899	70.00	0.121
184.638	0.05	Adapter 899Hz Probe 3839Hz	25	0.899	70.00	0.121
184.718	0.05	Adapter 899Hz Probe 3839Hz	25	0.899	70.00	0.121
184.798	0.05	Adapter 899Hz Probe 3839Hz	25	3.839	70.00	0.437
184.978	0.05	Adapter 899Hz Probe 3839Hz	25	0.899	70.00	0.121
185.058	0.05	Adapter 899Hz Probe 3839Hz	25	0.899	70.00	0.121
185.138	0.05	Adapter 899Hz Probe 3839Hz	25	0.899	70.00	0.121
185.218	0.05	Adapter 899Hz Probe 3839Hz	25	0.899	70.00	0.121
185.298	0.05	Adapter 899Hz Probe 3839Hz	25	3.839	70.00	0.437
185.478	0.05	Adapter 899Hz Probe 3839Hz	25	0.899	70.00	0.121
185.558	0.05	Adapter 899Hz Probe 3839Hz	25	0.899	70.00	0.121
185.638	0.05	Adapter 899Hz Probe 3839Hz	25	0.899	70.00	0.121
185.718	0.05	Adapter 899Hz Probe 3839Hz	25	0.899	70.00	0.121
185.798	0.05	Adapter 899Hz Probe 3839Hz	25	3.839	70.00	0.437
185.978	0.05	Adapter 899Hz Probe 3839Hz	25	0.899	70.00	0.121
186.058	0.05	Adapter 899Hz Probe 3839Hz	25	0.899	70.00	0.121
186.138	0.05	Adapter 899Hz Probe 3839Hz	25	0.899	70.00	0.121
186.218	0.05	Adapter 899Hz Probe 3839Hz	25	0.899	70.00	0.121
186.298	0.05	Adapter 899Hz Probe 3839Hz	25	3.839	70.00	0.437
186.478	0.05	Adapter 899Hz Probe 3839Hz	25	0.899	70.00	0.121
186.558	0.05	Adapter 899Hz Probe 3839Hz	25	0.899	70.00	0.121
186.638	0.05	Adapter 899Hz Probe 3839Hz	25	0.899	70.00	0.121
186.718	0.05	Adapter 899Hz Probe 3839Hz	25	0.899	70.00	0.121
186.798	0.05	Adapter 899Hz Probe 3839Hz	25	3.839	70.00	0.437
186.978	0.05	Adapter 899Hz Probe 3839Hz	25	0.899	70.00	0.121
187.058	0.05	Adapter 899Hz Probe 3839Hz	25	0.899	70.00	0.121
187.138	0.05	Adapter 899Hz Probe 3839Hz	25	0.899	70.00	0.121
187.218	0.05	Adapter 899Hz Probe 3839Hz	25	0.899	70.00	0.121
187.298	0.05	Adapter 899Hz Probe 3839Hz	25	3.839	70.00	0.437
190.012	0.05	Adapter 1501Hz Probe 3839Hz	26	1.501	70.00	0.186
190.092	0.05	Adapter 1501Hz Probe 3839Hz	26	1.501	70.00	0.186
190.172	0.05	Adapter 1501Hz Probe 3839Hz	26	1.501	70.00	0.186
190.252	0.05	Adapter 1501Hz Probe 3839Hz	26	1.501	70.00	0.186
190.332	0.05	Adapter 1501Hz Probe 3839Hz	26	3.839	70.00	0.437
190.512	0.05	Adapter 1501Hz Probe 3839Hz	26	1.501	70.00	0.186
190.592	0.05	Adapter 1501Hz Probe 3839Hz	26	1.501	70.00	0.186
190.672	0.05	Adapter 1501Hz Probe 3839Hz	26	1.501	70.00	0.186
190.752	0.05	Adapter 1501Hz Probe 3839Hz	26	1.501	70.00	0.186
190.832	0.05	Adapter 1501Hz Probe 3839Hz	26	3.839	70.00	0.437
191.012	0.05	Adapter 1501Hz Probe 3839Hz	26	1.501	70.00	0.186
191.092	0.05	Adapter 1501Hz Probe 3839Hz	26	1.501	70.00	0.186
191.172	0.05	Adapter 1501Hz Probe 3839Hz	26	1.501	70.00	0.186
191.252	0.05	Adapter 1501Hz Probe 3839Hz	26	1.501	70.00	0.186
191.332	0.05	Adapter 1501Hz Probe 3839Hz	26	3.839	70.00	0.437
191.512	0.05	Adapter 1501Hz Probe 3839Hz	26	1.501	70.00	0.186
191.592	0.05	Adapter 1501Hz Probe 3839Hz	26	1.501	70.00	0.186
191.672	0.05	Adapter 1501Hz Probe 3839Hz	26	1.501	70.00	0.186
191.752	0.05	Adapter 1501Hz Probe 3839Hz	26	1.501	70.00	0.186
191.832	0.05	Adapter 1501Hz Probe 3839Hz	26	3.839	70.00	0.437
192.012	0.05	Adapter 1501Hz Probe 3839Hz	26	1.501	70.00	0.186
192.092	0.05	Adapter 1501Hz Probe 3839Hz	26	1.501	70.00	0.186
192.172	0.05	Adapter 1501Hz Probe 3839Hz	26	1.501	70.00	0.186
192.252	0.05	Adapter 1501Hz Probe 3839Hz	26	1.501	70.00	0.186
192.332	0.05	Adapter 1501Hz Probe 3839Hz	26	3.839	70.00	0.437
192.512	0.05	Adapter 1501Hz Probe 3839Hz	26	1.501	70.00	0.186
192.592	0.05	Adapter 1501Hz Probe 3839Hz	26	1.501	70.00	0.186
192.672	0.05	Adapter 1501Hz Probe 3839Hz	26	1.501	70.00	0.186
192.752	0.05	Adapter 1501Hz Probe 3839Hz	26	1.501	70.00	0.186
192.832	0.05	Adapter 1501Hz Probe 3839Hz	26	3.839	70.00	0.437
193.012	0.05	Adapter 1501Hz Probe 3839Hz	26	1.501	70.00	0.186
193.092	0.05	Adapter 1501Hz Probe 3839Hz	26	1.501	70.00	0.186
193.172	0.05	Adapter 1501Hz Probe 3839Hz	26	1.501	70.00	0.186
193.252	0.05	Adapter 1501Hz Probe 3839Hz	26	1.501	70.00	0.186
193.332	0.05	Adapter 1501Hz Probe 3839Hz	26	3.839	70.00	0.437
193.512	0.05	Adapter 1501Hz Probe 3839Hz	26	1.501	70.00	0.186
193.592	0.05	Adapter 1501Hz Probe 3839Hz	26	1.501	70.00	0.186
193.672	0.05	Adapter 1501Hz Probe 3839Hz	26	1.501	70.00	0.186
193.752	0.05	Adapter 1501Hz Probe 3839Hz	26	1.501	70.00	0.186
193.832	0.05	Adapter 1501Hz Probe 3839Hz	26	3.839	70.00	0.437
194.012	0.05	Adapter 1501Hz Probe 3839Hz	26	1.501	70.00	0.186
194.092	0.05	Adapter 1501Hz Probe 3839Hz	26	1.501	70.00	0.186
194.172	0.05	Adapter 1501Hz Probe 3839Hz	26	1.501	70.00	0.186
194.252	0.05	Adapter 1501Hz Probe 3839Hz	26	1.501	70.00	0.186
194.332	0.05	Adapter 1501Hz Probe 3839Hz	26	3.839	70.00	0.437
194.512	0.05	Adapter 1501Hz Probe 3839Hz	26	1.501	70.00	0.186
194.592	0.05	Adapter 1501Hz Probe 3839Hz	26	1.501	70.00	0.186
194.672	0.05	Adapter 1501Hz Probe 3839Hz	26	1.501	70.00	0.186
194.752	0.05	Adapter 1501Hz Probe 3839Hz	26	1.501	70.00	0.186
194.832	0.05	Adapter 1501Hz Probe 3839Hz	26	3.839	70.00	0.437
204.973	0.05	Adapter 507Hz Probe 3839Hz	28	0.507	70.00	0.079
205.053	0.05	Adapter 507Hz Probe 3839Hz	28	0.507	70.00	0.079
205.133	0.05	Adapter 507Hz Probe 3839Hz	28	0.507	70.00	0.079
205.213	0.05	Adapter 507Hz Probe 3839Hz	28	0.507	70.00	0.079
205.293	0.05	Adapter 507Hz Probe 3839Hz	28	3.839	70.00	0.437
205.473	0.05	Adapter 507Hz Probe 3839Hz	28	0.507	70.00	0.079
205.553	0.05	Adapter 507Hz Probe 3839Hz	28	0.507	70.00	0.079
205.633	0.05	Adapter 507Hz Probe 3839Hz	28	0.507	70.00	0.079
205.713	0.05	Adapter 507Hz Probe 3839Hz	28	0.507	70.00	0.079
205.793	0.05	Adapter 507Hz Probe 3839Hz	28	3.839	70.00	0.437
205.973	0.05	Adapter 507Hz Probe 3839Hz	28	0.507	70.00	0.079
206.053	0.05	Adapter 507Hz Probe 3839Hz	28	0.507	70.00	0.079
206.133	0.05	Adapter 507Hz Probe 3839Hz	28	0.507	70.00	0.079
206.213	0.05	Adapter 507Hz Probe 3839Hz	28	0.507	70.00	0.079
206.293	0.05	Adapter 507Hz Probe 3839Hz	28	3.839	70.00	0.437
206.473	0.05	Adapter 507Hz Probe 3839Hz	28	0.507	70.00	0.079
206.553	0.05	Adapter 507Hz Probe 3839Hz	28	0.507	70.00	0.079
206.633	0.05	Adapter 507Hz Probe 3839Hz	28	0.507	70.00	0.079
206.713	0.05	Adapter 507Hz Probe 3839Hz	28	0.507	70.00	0.079
206.793	0.05	Adapter 507Hz Probe 3839Hz	28	3.839	70.00	0.437
206.973	0.05	Adapter 507Hz Probe 3839Hz	28	0.507	70.00	0.079
207.053	0.05	Adapter 507Hz Probe 3839Hz	28	0.507	70.00	0.079
207.133	0.05	Adapter 507Hz Probe 3839Hz	28	0.507	70.00	0.079
207.213	0.05	Adapter 507Hz Probe 3839Hz	28	0.507	70.00	0.079
207.293	0.05	Adapter 507Hz Probe 3839Hz	28	3.839	70.00	0.437
207.473	0.05	Adapter 507Hz Probe 3839Hz	28	0.507	70.00	0.079
207.553	0.05	Adapter 507Hz Probe 3839Hz	28	0.507	70.00	0.079
207.633	0.05	Adapter 507Hz Probe 3839Hz	28	0.507	70.00	0.079
207.713	0.05	Adapter 507Hz Probe 3839Hz	28	0.507	70.00	0.079
207.793	0.05	Adapter 507Hz Probe 3839Hz	28	3.839	70.00	0.437
207.973	0.05	Adapter 507Hz Probe 3839Hz	28	0.507	70.00	0.079
208.053	0.05	Adapter 507Hz Probe 3839Hz	28	0.507	70.00	0.079
208.133	0.05	Adapter 507Hz Probe 3839Hz	28	0.507	70.00	0.079
208.213	0.05	Adapter 507Hz Probe 3839Hz	28	0.507	70.00	0.079
208.293	0.05	Adapter 507Hz Probe 3839Hz	28	3.839	70.00	0.437
208.473	0.05	Adapter 507Hz Probe 3839Hz	28	0.507	70.00	0.079
208.553	0.05	Adapter 507Hz Probe 3839Hz	28	0.507	70.00	0.079
208.633	0.05	Adapter 507Hz Probe 3839Hz	28	0.507	70.00	0.079
208.713	0.05	Adapter 507Hz Probe 3839Hz	28	0.507	70.00	0.079
208.793	0.05	Adapter 507Hz Probe 3839Hz	28	3.839	70.00	0.437
208.973	0.05	Adapter 507Hz Probe 3839Hz	28	0.507	70.00	0.079
209.053	0.05	Adapter 507Hz Probe 3839Hz	28	0.507	70.00	0.079
209.133	0.05	Adapter 507Hz Probe 3839Hz	28	0.507	70.00	0.079
209.213	0.05	Adapter 507Hz Probe 3839Hz	28	0.507	70.00	0.079
209.293	0.05	Adapter 507Hz Probe 3839Hz	28	3.839	70.00	0.437
209.473	0.05	Adapter 507Hz Probe 3839Hz	28	0.507	70.00	0.079
209.553	0.05	Adapter 507Hz Probe 3839Hz	28	0.507	70.00	0.079
209.633	0.05	Adapter 507Hz Probe 3839Hz	28	0.507	70.00	0.079
209.713	0.05	Adapter 507Hz Probe 3839Hz	28	0.507	70.00	0.079
209.793	0.05	Adapter 507Hz Probe 3839Hz	28	3.839	70.00	0.437
212.461	0.05	Adapter 507Hz	29	0.507	70.00	0.079
212.541	0.05	Adapter 507Hz	29	0.507	70.00	0.079
212.621	0.05	Adapter 507Hz	29	0.507	70.00	0.079
212.701	0.05	Adapter 507Hz	29	0.507	70.00	0.079
212.961	0.05	Adapter 507Hz	29	0.507	70.00	0.079
213.041	0.05	Adapter 507Hz	29	0.507	70.00	0.079
213.121	0.05	Adapter 507Hz	29	0.507	70.00	0.079
213.201	0.05	Adapter 507Hz	29	0.507	70.00	0.079
213.461	0.05	Adapter 507Hz	29	0.507	70.00	0.079
213.541	0.05	Adapter 507Hz	29	0.507	70.00	0.079
213.621	0.05	Adapter 507Hz	29	0.507	70.00	0.079
213.701	0.05	Adapter 507Hz	29	0.507	70.00	0.079
213.961	0.05	Adapter 507Hz	29	0.507	70.00	0.079
214.041	0.05	Adapter 507Hz	29	0.507	70.00	0.079
214.121	0.05	Adapter 507Hz	29	0.507	70.00	0.079
214.201	0.05	Adapter 507Hz	29	0.507	70.00	0.079
214.461	0.05	Adapter 507Hz	29	0.507	70.00	0.079
214.541	0.05	Adapter 507Hz	29	0.507	70.00	0.079
214.621	0.05	Adapter 507Hz	29	0.507	70.00	0.079
214.701	0.05	Adapter 507Hz	29	0.507	70.00	0.079
214.961	0.05	Adapter 507Hz	29	0.507	70.00	0.079
215.041	0.05	Adapter 507Hz	29	0.507	70.00	0.079
215.121	0.05	Adapter 507Hz	29	0.507	70.00	0.079
215.201	0.05	Adapter 507Hz	29	0.507	70.00	0.079
215.461	0.05	Adapter 507Hz	29	0.507	70.00	0.079
215.541	0.05	Adapter 507Hz	29	0.507	70.00	0.079
215.621	0.05	Adapter 507Hz	29	0.507	70.00	0.079
215.701	0.05	Adapter 507Hz	29	0.507	70.00	0.079
215.961	0.05	Adapter 507Hz	29	0.507	70.00	0.079
216.041	0.05	Adapter 507Hz	29	0.507	70.00	0.079
216.121	0.05	Adapter 507Hz	29	0.507	70.00	0.079
216.201	0.05	Adapter 507Hz	29	0.507	70.00	0.079
216.461	0.05	Adapter 507Hz	29	0.507	70.00	0.079
216.541	0.05	Adapter 507Hz	29	0.507	70.00	0.079
216.621	0.05	Adapter 507Hz	29	0.507	70.00	0.079
216.701	0.05	Adapter 507Hz	29	0.507	70.00	0.079
216.961	0.05	Adapter 507Hz	29	0.507	70.00	0.079
217.041	0.05	Adapter 507Hz	29	0.507	70.00	0.079
217.121	0.05	Adapter 507Hz	29	0.507	70.00	0.079
217.201	0.05	Adapter 507Hz	29	0.507	70.00	0.079
219.964	0.05	Adapter 2423Hz	30	2.423	70.00	0.285
220.044	0.05	Adapter 2423Hz	30	2.423	70.00	0.285
220.124	0.05	Adapter 2423Hz	30	2.423	70.00	0.285
220.204	0.05	Adapter 2423Hz	30	2.423	70.00	0.285
220.464	0.05	Adapter 2423Hz	30	2.423	70.00	0.285
220.544	0.05	Adapter 2423Hz	30	2.423	70.00	0.285
220.624	0.05	Adapter 2423Hz	30	2.423	70.00	0.285
220.704	0.05	Adapter 2423Hz	30	2.423	70.00	0.285
220.964	0.05	Adapter 2423Hz	30	2.423	70.00	0.285
221.044	0.05	Adapter 2423Hz	30	2.423	70.00	0.285
221.124	0.05	Adapter 2423Hz	30	2.423	70.00	0.285
221.204	0.05	Adapter 2423Hz	30	2.423	70.00	0.285
221.464	0.05	Adapter 2423Hz	30	2.423	70.00	0.285
221.544	0.05	Adapter 2423Hz	30	2.423	70.00	0.285
221.624	0.05	Adapter 2423Hz	30	2.423	70.00	0.285
221.704	0.05	Adapter 2423Hz	30	2.423	70.00	0.285
221.964	0.05	Adapter 2423Hz	30	2.423	70.00	0.285
222.044	0.05	Adapter 2423Hz	30	2.423	70.00	0.285
222.124	0.05	Adapter 2423Hz	30	2.423	70.00	0.285
222.204	0.05	Adapter 2423Hz	30	2.423	70.00	0.285
222.464	0.05	Adapter 2423Hz	30	2.423	70.00	0.285
222.544	0.05	Adapter 2423Hz	30	2.423	70.00	0.285
222.624	0.05	Adapter 2423Hz	30	2.423	70.00	0.285
222.704	0.05	Adapter 2423Hz	30	2.423	70.00	0.285
222.964	0.05	Adapter 2423Hz	30	2.423	70.00	0.285
223.044	0.05	Adapter 2423Hz	30	2.423	70.00	0.285
223.124	0.05	Adapter 2423Hz	30	2.423	70.00	0.285
223.204	0.05	Adapter 2423Hz	30	2.423	70.00	0.285
223.464	0.05	Adapter 2423Hz	30	2.423	70.00	0.285
223.544	0.05	Adapter 2423Hz	30	2.423	70.00	0.285
223.624	0.05	Adapter 2423Hz	30	2.423	70.00	0.285
223.704	0.05	Adapter 2423Hz	30	2.423	70.00	0.285
223.964	0.05	Adapter 2423Hz	30	2.423	70.00	0.285
224.044	0.05	Adapter 2423Hz	30	2.423	70.00	0.285
224.124	0.05	Adapter 2423Hz	30	2.423	70.00	0.285
224.204	0.05	Adapter 2423Hz	30	2.423	70.00	0.285
224.464	0.05	Adapter 2423Hz	30	2.423	70.00	0.285
224.544	0.05	Adapter 2423Hz	30	2.423	70.00	0.285
224.624	0.05	Adapter 2423Hz	30	2.423	70.00	0.285
224.704	0.05	Adapter 2423Hz	30	2.423	70.00	0.285
234.956	0.05	Adapter 1501Hz	32	1.501	70.00	0.186
235.036	0.05	Adapter 1501Hz	32	1.501	70.00	0.186
235.116	0.05	Adapter 1501Hz	32	1.501	70.00	0.186
235.196	0.05	Adapter 1501Hz	32	1.501	70.00	0.186
235.456	0.05	Adapter 1501Hz	32	1.501	70.00	0.186
235.536	0.05	Adapter 1501Hz	32	1.501	70.00	0.186
235.616	0.05	Adapter 1501Hz	32	1.501	70.00	0.186
235.696	0.05	Adapter 1501Hz	32	1.501	70.00	0.186
235.956	0.05	Adapter 1501Hz	32	1.501	70.00	0.186
236.036	0.05	Adapter 1501Hz	32	1.501	70.00	0.186
236.116	0.05	Adapter 1501Hz	32	1.501	70.00	0.186
236.196	0.05	Adapter 1501Hz	32	1.501	70.00	0.186
236.456	0.05	Adapter 1501Hz	32	1.501	70.00	0.186
236.536	0.05	Adapter 1501Hz	32	1.501	70.00	0.186
236.616	0.05	Adapter 1501Hz	32	1.501	70.00	0.186
236.696	0.05	Adapter 1501Hz	32	1.501	70.00	0.186
236.956	0.05	Adapter 1501Hz	32	1.501	70.00	0.186
237.036	0.05	Adapter 1501Hz	32	1.501	70.00	0.186
237.116	0.05	Adapter 1501Hz	32	1.501	70.00	0.186
237.196	0.05	Adapter 1501Hz	32	1.501	70.00	0.186
237.456	0.05	Adapter 1501Hz	32	1.501	70.00	0.186
237.536	0.05	Adapter 1501Hz	32	1.501	70.00	0.186
237.616	0.05	Adapter 1501Hz	32	1.501	70.00	0.186
237.696	0.05	Adapter 1501Hz	32	1.501	70.00	0.186
237.956	0.05	Adapter 1501Hz	32	1.501	70.00	0.186
238.036	0.05	Adapter 1501Hz	32	1.501	70.00	0.186
238.116	0.05	Adapter 1501Hz	32	1.501	70.00	0.186
238.196	0.05	Adapter 1501Hz	32	1.501	70.00	0.186
238.456	0.05	Adapter 1501Hz	32	1.501	70.00	0.186
238.536	0.05	Adapter 1501Hz	32	1.501	70.00	0.186
238.616	0.05	Adapter 1501Hz	32	1.501	70.00	0.186
238.696	0.05	Adapter 1501Hz	32	1.501	70.00	0.186
238.956	0.05	Adapter 1501Hz	32	1.501	70.00	0.186
239.036	0.05	Adapter 1501Hz	32	1.501	70.00	0.186
239.116	0.05	Adapter 1501Hz	32	1.501	70.00	0.186
239.196	0.05	Adapter 1501Hz	32	1.501	70.00	0.186
239.456	0.05	Adapter 1501Hz	32	1.501	70.00	0.186
239.536	0.05	Adapter 1501Hz	32	1.501	70.00	0.186
239.616	0.05	Adapter 1501Hz	32	1.501	70.00	0.186
239.696	0.05	Adapter 1501Hz	32	1.501	70.00	0.186
242.507	0.05	Adapter 899Hz	33	0.899	70.00	0.121
242.587	0.05	Adapter 899Hz	33	0.899	70.00	0.121
242.667	0.05	Adapter 899Hz	33	0.899	70.00	0.121
242.747	0.05	Adapter 899Hz	33	0.899	70.00	0.121
243.007	0.05	Adapter 899Hz	33	0.899	70.00	0.121
243.087	0.05	Adapter 899Hz	33	0.899	70.00	0.121
243.167	0.05	Adapter 899Hz	33	0.899	70.00	0.121
243.247	0.05	Adapter 899Hz	33	0.899	70.00	0.121
243.507	0.05	Adapter 899Hz	33	0.899	70.00	0.121
243.587	0.05	Adapter 899Hz	33	0.899	70.00	0.121
243.667	0.05	Adapter 899Hz	33	0.899	70.00	0.121
243.747	0.05	Adapter 899Hz	33	0.899	70.00	0.121
244.007	0.05	Adapter 899Hz	33	0.899	70.00	0.121
244.087	0.05	Adapter 899Hz	33	0.899	70.00	0.121
244.167	0.05	Adapter 899Hz	33	0.899	70.00	0.121
244.247	0.05	Adapter 899Hz	33	0.899	70.00	0.121
244.507	0.05	Adapter 899Hz	33	0.899	70.00	0.121
244.587	0.05	Adapter 899Hz	33	0.899	70.00	0.121
244.667	0.05	Adapter 899Hz	33	0.899	70.00	0.121
244.747	0.05	Adapter 899Hz	33	0.899	70.00	0.121
245.007	0.05	Adapter 899Hz	33	0.899	70.00	0.121
245.087	0.05	Adapter 899Hz	33	0.899	70.00	0.121
245.167	0.05	Adapter 899Hz	33	0.899	70.00	0.121
245.247	0.05	Adapter 899Hz	33	0.899	70.00	0.121
245.507	0.05	Adapter 899Hz	33	0.899	70.00	0.121
245.587	0.05	Adapter 899Hz	33	0.899	70.00	0.121
245.667	0.05	Adapter 899Hz	33	0.899	70.00	0.121
245.747	0.05	Adapter 899Hz	33	0.899	70.00	0.121
246.007	0.05	Adapter 899Hz	33	0.899	70.00	0.121
246.087	0.05	Adapter 899Hz	33	0.899	70.00	0.121
246.167	0.05	Adapter 899Hz	33	0.899	70.00	0.121
246.247	0.05	Adapter 899Hz	33	0.899	70.00	0.121
246.507	0.05	Adapter 899Hz	33	0.899	70.00	0.121
246.587	0.05	Adapter 899Hz	33	0.899	70.00	0.121
246.667	0.05	Adapter 899Hz	33	0.899	70.00	0.121
246.747	0.05	Adapter 899Hz	33	0.899	70.00	0.121
247.007	0.05	Adapter 899Hz	33	0.899	70.00	0.121
247.087	0.05	Adapter 899Hz	33	0.899	70.00	0.121
247.167	0.05	Adapter 899Hz	33	0.899	70.00	0.121
247.247	0.05	Adapter 899Hz	33	0.899	70.00	0.121
257.483	0.05	Adapter 507Hz Probe 3839Hz	35	0.507	70.00	0.079
257.563	0.05	Adapter 507Hz Probe 3839Hz	35	0.507	70.00	0.079
257.643	0.05	Adapter 507Hz Probe 3839Hz	35	0.507	70.00	0.079
257.723	0.05	Adapter 507Hz Probe 3839Hz	35	0.507	70.00	0.079
257.803	0.05	Adapter 507Hz Probe 3839Hz	35	3.839	70.00	0.437
257.983	0.05	Adapter 507Hz Probe 3839Hz	35	0.507	70.00	0.079
258.063	0.05	Adapter 507Hz Probe 3839Hz	35	0.507	70.00	0.079
258.143	0.05	Adapter 507Hz Probe 3839Hz	35	0.507	70.00	0.079
258.223	0.05	Adapter 507Hz Probe 3839Hz	35	0.507	70.00	0.079
258.303	0.05	Adapter 507Hz Probe 3839Hz	35	3.839	70.00	0.437
258.483	0.05	Adapter 507Hz Probe 3839Hz	35	0.507	70.00	0.079
258.563	0.05	Adapter 507Hz Probe 3839Hz	35	0.507	70.00	0.079
258.643	0.05	Adapter 507Hz Probe 3839Hz	35	0.507	70.00	0.079
258.723	0.05	Adapter 507Hz Probe 3839Hz	35	0.507	70.00	0.079
258.803	0.05	Adapter 507Hz Probe 3839Hz	35	3.839	70.00	0.437
258.983	0.05	Adapter 507Hz Probe 3839Hz	35	0.507	70.00	0.079
259.063	0.05	Adapter 507Hz Probe 3839Hz	35	0.507	70.00	0.079
259.143	0.05	Adapter 507Hz Probe 3839Hz	35	0.507	70.00	0.079
259.223	0.05	Adapter 507Hz Probe 3839Hz	35	0.507	70.00	0.079
259.303	0.05	Adapter 507Hz Probe 3839Hz	35	3.839	70.00	0.437
259.483	0.05	Adapter 507Hz Probe 3839Hz	35	0.507	70.00	0.079
259.563	0.05	Adapter 507Hz Probe 3839Hz	35	0.507	70.00	0.079
259.643	0.05	Adapter 507Hz Probe 3839Hz	35	0.507	70.00	0.079
259.723	0.05	Adapter 507Hz Probe 3839Hz	35	0.507	70.00	0.079
259.803	0.05	Adapter 507Hz Probe 3839Hz	35	3.839	70.00	0.437
259.983	0.05	Adapter 507Hz Probe 3839Hz	35	0.507	70.00	0.079
260.063	0.05	Adapter 507Hz Probe 3839Hz	35	0.507	70.00	0.079
260.143	0.05	Adapter 507Hz Probe 3839Hz	35	0.507	70.00	0.079
260.223	0.05	Adapter 507Hz Probe 3839Hz	35	0.507	70.00	0.079
260.303	0.05	Adapter 507Hz Probe 3839Hz	35	3.839	70.00	0.437
260.483	0.05	Adapter 507Hz Probe 3839Hz	35	0.507	70.00	0.079
260.563	0.05	Adapter 507Hz Probe 3839Hz	35	0.507	70.00	0.079
260.643	0.05	Adapter 507Hz Probe 3839Hz	35	0.507	70.00	0.079
260.723	0.05	Adapter 507Hz Probe 3839Hz	35	0.507	70.00	0.079
260.803	0.05	Adapter 507Hz Probe 3839Hz	35	3.839	70.00	0.437
260.983	0.05	Adapter 507Hz Probe 3839Hz	35	0.507	70.00	0.079
261.063	0.05	Adapter 507Hz Probe 3839Hz	35	0.507	70.00	0.079
261.143	0.05	Adapter 507Hz Probe 3839Hz	35	0.507	70.00	0.079
261.223	0.05	Adapter 507Hz Probe 3839Hz	35	0.507	70.00	0.079
261.303	0.05	Adapter 507Hz Probe 3839Hz	35	3.839	70.00	0.437
261.483	0.05	Adapter 507Hz Probe 3839Hz	35	0.507	70.00	0.079
261.563	0.05	Adapter 507Hz Probe 3839Hz	35	0.507	70.00	0.079
261.643	0.05	Adapter 507Hz Probe 3839Hz	35	0.507	70.00	0.079
261.723	0.05	Adapter 507Hz Probe 3839Hz	35	0.507	70.00	0.079
261.803	0.05	Adapter 507Hz Probe 3839Hz	35	3.839	70.00	0.437
261.983	0.05	Adapter 507Hz Probe 3839Hz	35	0.507	70.00	0.079
262.063	0.05	Adapter 507Hz Probe 3839Hz	35	0.507	70.00	0.079
262.143	0.05	Adapter 507Hz Probe 3839Hz	35	0.507	70.00	0.079
262.223	0.05	Adapter 507Hz Probe 3839Hz	35	0.507	70.00	0.079
262.303	0.05	Adapter 507Hz Probe 3839Hz	35	3.839	70.00	0.437
265.002	0.05	Adapter 899Hz Probe 3839Hz	36	0.899	70.00	0.121
265.082	0.05	Adapter 899Hz Probe 3839Hz	36	0.899	70.00	0.121
265.162	0.05	Adapter 899Hz Probe 3839Hz	36	0.899	70.00	0.121
265.242	0.05	Adapter 899Hz Probe 3839Hz	36	0.899	70.00	0.121
265.322	0.05	Adapter 899Hz Probe 3839Hz	36	3.839	70.00	0.437
265.502	0.05	Adapter 899Hz Probe 3839Hz	36	0.899	70.00	0.121
265.582	0.05	Adapter 899Hz Probe 3839Hz	36	0.899	70.00	0.121
265.662	0.05	Adapter 899Hz Probe 3839Hz	36	0.899	70.00	0.121
265.742	0.05	Adapter 899Hz Probe 3839Hz	36	0.899	70.00	0.121
265.822	0.05	Adapter 899Hz Probe 3839Hz	36	3.839	70.00	0.437
266.002	0.05	Adapter 899Hz Probe 3839Hz	36	0.899	70.00	0.121
266.082	0.05	Adapter 899Hz Probe 3839Hz	36	0.899	70.00	0.121
266.162	0.05	Adapter 899Hz Probe 3839Hz	36	0.899	70.00	0.121
266.242	0.05	Adapter 899Hz Probe 3839Hz	36	0.899	70.00	0.121
266.322	0.05	Adapter 899Hz Probe 3839Hz	36	3.839	70.00	0.437
266.502	0.05	Adapter 899Hz Probe 3839Hz	36	0.899	70.00	0.121
266.582	0.05	Adapter 899Hz Probe 3839Hz	36	0.899	70.00	0.121
266.662	0.05	Adapter 899Hz Probe 3839Hz	36	0.899	70.00	0.121
266.742	0.05	Adapter 899Hz Probe 3839Hz	36	0.899	70.00	0.121
266.822	0.05	Adapter 899Hz Probe 3839Hz	36	3.839	70.00	0.437
267.002	0.05	Adapter 899Hz Probe 3839Hz	36	0.899	70.00	0.121
267.082	0.05	Adapter 899Hz Probe 3839Hz	36	0.899	70.00	0.121
267.162	0.05	Adapter 899Hz Probe 3839Hz	36	0.899	70.00	0.121
267.242	0.05	Adapter 899Hz Probe 3839Hz	36	0.899	70.00	0.121
267.322	0.05	Adapter 899Hz Probe 3839Hz	36	3.839	70.00	0.437
267.502	0.05	Adapter 899Hz Probe 3839Hz	36	0.899	70.00	0.121
267.582	0.05	Adapter 899Hz Probe 3839Hz	36	0.899	70.00	0.121
267.662	0.05	Adapter 899Hz Probe 3839Hz	36	0.899	70.00	0.121
267.742	0.05	Adapter 899Hz Probe 3839Hz	36	0.899	70.00	0.121
267.822	0.05	Adapter 899Hz Probe 3839Hz	36	3.839	70.00	0.437
268.002	0.05	Adapter 899Hz Probe 3839Hz	36	0.899	70.00	0.121
268.082	0.05	Adapter 899Hz Probe 3839Hz	36	0.899	70.00	0.121
268.162	0.05	Adapter 899Hz Probe 3839Hz	36	0.899	70.00	0.121
268.242	0.05	Adapter 899Hz Probe 3839Hz	36	0.899	70.00	0.121
268.322	0.05	Adapter 899Hz Probe 3839Hz	36	3.839	70.00	0.437
268.502	0.05	Adapter 899Hz Probe 3839Hz	36	0.899	70.00	0.121
268.582	0.05	Adapter 899Hz Probe 3839Hz	36	0.899	70.00	0.121
268.662	0.05	Adapter 899Hz Probe 3839Hz	36	0.899	70.00	0.121
268.742	0.05	Adapter 899Hz Probe 3839Hz	36	0.899	70.00	0.121
268.822	0.05	Adapter 899Hz Probe 3839Hz	36	3.839	70.00	0.437
269.002	0.05	Adapter 899Hz Probe 3839Hz	36	0.899	70.00	0.121
269.082	0.05	Adapter 899Hz Probe 3839Hz	36	0.899	70.00	0.121
269.162	0.05	Adapter 899Hz Probe 3839Hz	36	0.899	70.00	0.121
269.242	0.05	Adapter 899Hz Probe 3839Hz	36	0.899	70.00	0.121
269.322	0.05	Adapter 899Hz Probe 3839Hz	36	3.839	70.00	0.437
269.502	0.05	Adapter 899Hz Probe 3839Hz	36	0.899	70.00	0.121
269.582	0.05	Adapter 899Hz Probe 3839Hz	36	0.899	70.00	0.121
269.662	0.05	Adapter 899Hz Probe 3839Hz	36	0.899	70.00	0.121
269.742	0.05	Adapter 899Hz Probe 3839Hz	36	0.899	70.00	0.121
269.822	0.05	Adapter 899Hz Probe 3839Hz	36	3.839	70.00	0.437
272.459	0.05	Adapter 2423Hz Probe 3839Hz	37	2.423	70.00	0.285
272.539	0.05	Adapter 2423Hz Probe 3839Hz	37	2.423	70.00	0.285
272.619	0.05	Adapter 2423Hz Probe 3839Hz	37	2.423	70.00	0.285
272.699	0.05	Adapter 2423Hz Probe 3839Hz	37	2.423	70.00	0.285
272.779	0.05	Adapter 2423Hz Probe 3839Hz	37	3.839	70.00	0.437
272.959	0.05	Adapter 2423Hz Probe 3839Hz	37	2.423	70.00	0.285
273.039	0.05	Adapter 2423Hz Probe 3839Hz	37	2.423	70.00	0.285
273.119	0.05	Adapter 2423Hz Probe 3839Hz	37	2.423	70.00	0.285
273.199	0.05	Adapter 2423Hz Probe 3839Hz	37	2.423	70.00	0.285
273.279	0.05	Adapter 2423Hz Probe 3839Hz	37	3.839	70.00	0.437
273.459	0.05	Adapter 2423Hz Probe 3839Hz	37	2.423	70.00	0.285
273.539	0.05	Adapter 2423Hz Probe 3839Hz	37	2.423	70.00	0.285
273.619	0.05	Adapter 2423Hz Probe 3839Hz	37	2.423	70.00	0.285
273.699	0.05	Adapter 2423Hz Probe 3839Hz	37	2.423	70.00	0.285
273.779	0.05	Adapter 2423Hz Probe 3839Hz	37	3.839	70.00	0.437
273.959	0.05	Adapter 2423Hz Probe 3839Hz	37	2.423	70.00	0.285
274.039	0.05	Adapter 2423Hz Probe 3839Hz	37	2.423	70.00	0.285
274.119	0.05	Adapter 2423Hz Probe 3839Hz	37	2.423	70.00	0.285
274.199	0.05	Adapter 2423Hz Probe 3839Hz	37	2.423	70.00	0.285
274.279	0.05	Adapter 2423Hz Probe 3839Hz	37	3.839	70.00	0.437
274.459	0.05	Adapter 2423Hz Probe 3839Hz	37	2.423	70.00	0.285
274.539	0.05	Adapter 2423Hz Probe 3839Hz	37	2.423	70.00	0.285
274.619	0.05	Adapter 2423Hz Probe 3839Hz	37	2.423	70.00	0.285
274.699	0.05	Adapter 2423Hz Probe 3839Hz	37	2.423	70.00	0.285
274.779	0.05	Adapter 2423Hz Probe 3839Hz	37	3.839	70.00	0.437
274.959	0.05	Adapter 2423Hz Probe 3839Hz	37	2.423	70.00	0.285
275.039	0.05	Adapter 2423Hz Probe 3839Hz	37	2.423	70.00	0.285
275.119	0.05	Adapter 2423Hz Probe 3839Hz	37	2.423	70.00	0.285
275.199	0.05	Adapter 2423Hz Probe 3839Hz	37	2.423	70.00	0.285
275.279	0.05	Adapter 2423Hz Probe 3839Hz	37	3.839	70.00	0.437
275.459	0.05	Adapter 2423Hz Probe 3839Hz	37	2.423	70.00	0.285
275.539	0.05	Adapter 2423Hz Probe 3839Hz	37	2.423	70.00	0.285
275.619	0.05	Adapter 2423Hz Probe 3839Hz	37	2.423	70.00	0.285
275.699	0.05	Adapter 2423Hz Probe 3839Hz	37	2.423	70.00	0.285
275.779	0.05	Adapter 2423Hz Probe 3839Hz	37	3.839	70.00	0.437
275.959	0.05	Adapter 2423Hz Probe 3839Hz	37	2.423	70.00	0.285
276.039	0.05	Adapter 2423Hz Probe 3839Hz	37	2.423	70.00	0.285
276.119	0.05	Adapter 2423Hz Probe 3839Hz	37	2.423	70.00	0.285
276.199	0.05	Adapter 2423Hz Probe 3839Hz	37	2.423	70.00	0.285
276.279	0.05	Adapter 2423Hz Probe 3839Hz	37	3.839	70.00	0.437
276.459	0.05	Adapter 2423Hz Probe 3839Hz	37	2.423	70.00	0.285
276.539	0.05	Adapter 2423Hz Probe 3839Hz	37	2.423	70.00	0.285
276.619	0.05	Adapter 2423Hz Probe 3839Hz	37	2.423	70.00	0.285
276.699	0.05	Adapter 2423Hz Probe 3839Hz	37	2.423	70.00	0.285
276.779	0.05	Adapter 2423Hz Probe 3839Hz	37	3.839	70.00	0.437
276.959	0.05	Adapter 2423Hz Probe 3839Hz	37	2.423	70.00	0.285
277.039	0.05	Adapter 2423Hz Probe 3839Hz	37	2.423	70.00	0.285
277.119	0.05	Adapter 2423Hz Probe 3839Hz	37	2.423	70.00	0.285
277.199	0.05	Adapter 2423Hz Probe 3839Hz	37	2.423	70.00	0.285
277.279	0.05	Adapter 2423Hz Probe 3839Hz	37	3.839	70.00	0.437
280.009	0.05	Adapter 1501Hz Probe 3839Hz	38	1.501	70.00	0.186
280.089	0.05	Adapter 1501Hz Probe 3839Hz	38	1.501	70.00	0.186
280.169	0.05	Adapter 1501Hz Probe 3839Hz	38	1.501	70.00	0.186
280.249	0.05	Adapter 1501Hz Probe 3839Hz	38	1.501	70.00	0.186
280.329	0.05	Adapter 1501Hz Probe 3839Hz	38	3.839	70.00	0.437
280.509	0.05	Adapter 1501Hz Probe 3839Hz	38	1.501	70.00	0.186
280.589	0.05	Adapter 1501Hz Probe 3839Hz	38	1.501	70.00	0.186
280.669	0.05	Adapter 1501Hz Probe 3839Hz	38	1.501	70.00	0.186
280.749	0.05	Adapter 1501Hz Probe 3839Hz	38	1.501	70.00	0.186
280.829	0.05	Adapter 1501Hz Probe 3839Hz	38	3.839	70.00	0.437
281.009	0.05	Adapter 1501Hz Probe 3839Hz	38	1.501	70.00	0.186
281.089	0.05	Adapter 1501Hz Probe 3839Hz	38	1.501	70.00	0.186
281.169	0.05	Adapter 1501Hz Probe 3839Hz	38	1.501	70.00	0.186
281.249	0.05	Adapter 1501Hz Probe 3839Hz	38	1.501	70.00	0.186
281.329	0.05	Adapter 1501Hz Probe 3839Hz	38	3.839	70.00	0.437
281.509	0.05	Adapter 1501Hz Probe 3839Hz	38	1.501	70.00	0.186
281.589	0.05	Adapter 1501Hz Probe 3839Hz	38	1.501	70.00	0.186
281.669	0.05	Adapter 1501Hz Probe 3839Hz	38	1.501	70.00	0.186
281.749	0.05	Adapter 1501Hz Probe 3839Hz	38	1.501	70.00	0.186
281.829	0.05	Adapter 1501Hz Probe 3839Hz	38	3.839	70.00	0.437
282.009	0.05	Adapter 1501Hz Probe 3839Hz	38	1.501	70.00	0.186
282.089	0.05	Adapter 1501Hz Probe 3839Hz	38	1.501	70.00	0.186
282.169	0.05	Adapter 1501Hz Probe 3839Hz	38	1.501	70.00	0.186
282.249	0.05	Adapter 1501Hz Probe 3839Hz	38	1.501	70.00	0.186
282.329	0.05	Adapter 1501Hz Probe 3839Hz	38	3.839	70.00	0.437
282.509	0.05	Adapter 1501Hz Probe 3839Hz	38	1.501	70.00	0.186
282.589	0.05	Adapter 1501Hz Probe 3839Hz	38	1.501	70.00	0.186
282.669	0.05	Adapter 1501Hz Probe 3839Hz	38	1.501	70.00	0.186
282.749	0.05	Adapter 1501Hz Probe 3839Hz	38	1.501	70.00	0.186
282.829	0.05	Adapter 1501Hz Probe 3839Hz	38	3.839	70.00	0.437
283.009	0.05	Adapter 1501Hz Probe 3839Hz	38	1.501	70.00	0.186
283.089	0.05	Adapter 1501Hz Probe 3839Hz	38	1.501	70.00	0.186
283.169	0.05	Adapter 1501Hz Probe 3839Hz	38	1.501	70.00	0.186
283.249	0.05	Adapter 1501Hz Probe 3839Hz	38	1.501	70.00	0.186
283.329	0.05	Adapter 1501Hz Probe 3839Hz	38	3.839	70.00	0.437
283.509	0.05	Adapter 1501Hz Probe 3839Hz	38	1.501	70.00	0.186
283.589	0.05	Adapter 1501Hz Probe 3839Hz	38	1.501	70.00	0.186
283.669	0.05	Adapter 1501Hz Probe 3839Hz	38	1.501	70.00	0.186
283.749	0.05	Adapter 1501Hz Probe 3839Hz	38	1.501	70.00	0.186
283.829	0.05	Adapter 1501Hz Probe 3839Hz	38	3.839	70.00	0.437
284.009	0.05	Adapter 1501Hz Probe 3839Hz	38	1.501	70.00	0.186
284.089	0.05	Adapter 1501Hz Probe 3839Hz	38	1.501	70.00	0.186
284.169	0.05	Adapter 1501Hz Probe 3839Hz	38	1.501	70.00	0.186
284.249	0.05	Adapter 1501Hz Probe 3839Hz	38	1.501	70.00	0.186
284.329	0.05	Adapter 1501Hz Probe 3839Hz	38	3.839	70.00	0.437
284.509	0.05	Adapter 1501Hz Probe 3839Hz	38	1.501	70.00	0.186
284.589	0.05	Adapter 1501Hz Probe 3839Hz	38	1.501	70.00	0.186
284.669	0.05	Adapter 1501Hz Probe 3839Hz	38	1.501	70.00	0.186
284.749	0.05	Adapter 1501Hz Probe 3839Hz	38	1.501	70.00	0.186
284.829	0.05	Adapter 1501Hz Probe 3839Hz	38	3.839	70.00	0.437
287.481	0.05	Adapter 3839Hz	39	3.839	70.00	0.437
287.561	0.05	Adapter 3839Hz	39	3.839	70.00	0.437
287.641	0.05	Adapter 3839Hz	39	3.839	70.00	0.437
287.721	0.05	Adapter 3839Hz	39	3.839	70.00	0.437
287.981	0.05	Adapter 3839Hz	39	3.839	70.00	0.437
288.061	0.05	Adapter 3839Hz	39	3.839	70.00	0.437
288.141	0.05	Adapter 3839Hz	39	3.839	70.00	0.437
288.221	0.05	Adapter 3839Hz	39	3.839	70.00	0.437
288.481	0.05	Adapter 3839Hz	39	3.839	70.00	0.437
288.561	0.05	Adapter 3839Hz	39	3.839	70.00	0.437
288.641	0.05	Adapter 3839Hz	39	3.839	70.00	0.437
288.721	0.05	Adapter 3839Hz	39	3.839	70.00	0.437
288.981	0.05	Adapter 3839Hz	39	3.839	70.00	0.437
289.061	0.05	Adapter 3839Hz	39	3.839	70.00	0.437
289.141	0.05	Adapter 3839Hz	39	3.839	70.00	0.437
289.221	0.05	Adapter 3839Hz	39	3.839	70.00	0.437
289.481	0.05	Adapter 3839Hz	39	3.839	70.00	0.437
289.561	0.05	Adapter 3839Hz	39	3.839	70.00	0.437
289.641	0.05	Adapter 3839Hz	39	3.839	70.00	0.437
289.721	0.05	Adapter 3839Hz	39	3.839	70.00	0.437
289.981	0.05	Adapter 3839Hz	39	3.839	70.00	0.437
290.061	0.05	Adapter 3839Hz	39	3.839	70.00	0.437
290.141	0.05	Adapter 3839Hz	39	3.839	70.00	0.437
290.221	0.05	Adapter 3839Hz	39	3.839	70.00	0.437
290.481	0.05	Adapter 3839Hz	39	3.839	70.00	0.437
290.561	0.05	Adapter 3839Hz	39	3.839	70.00	0.437
290.641	0.05	Adapter 3839Hz	39	3.839	70.00	0.437
290.721	0.05	Adapter 3839Hz	39	3.839	70.00	0.437
290.981	0.05	Adapter 3839Hz	39	3.839	70.00	0.437
291.061	0.05	Adapter 3839Hz	39	3.839	70.00	0.437
291.141	0.05	Adapter 3839Hz	39	3.839	70.00	0.437
291.221	0.05	Adapter 3839Hz	39	3.839	70.00	0.437
291.481	0.05	Adapter 3839Hz	39	3.839	70.00	0.437
291.561	0.05	Adapter 3839Hz	39	3.839	70.00	0.437
291.641	0.05	Adapter 3839Hz	39	3.839	70.00	0.437
291.721	0.05	Adapter 3839Hz	39	3.839	70.00	0.437
291.981	0.05	Adapter 3839Hz	39	3.839	70.00	0.437
292.061	0.05	Adapter 3839Hz	39	3.839	70.00	0.437
292.141	0.05	Adapter 3839Hz	39	3.839	70.00	0.437
292.221	0.05	Adapter 3839Hz	39	3.839	70.00	0.437
295.336	0.05	Probe 3839Hz	40	3.839	70.00	0.437
295.836	0.05	Probe 3839Hz	40	3.839	70.00	0.437
296.336	0.05	Probe 3839Hz	40	3.839	70.00	0.437
296.836	0.05	Probe 3839Hz	40	3.839	70.00	0.437
297.336	0.05	Probe 3839Hz	40	3.839	70.00	0.437
297.836	0.05	Probe 3839Hz	40	3.839	70.00	0.437
298.336	0.05	Probe 3839Hz	40	3.839	70.00	0.437
298.836	0.05	Probe 3839Hz	40	3.839	70.00	0.437
299.336	0.05	Probe 3839Hz	40	3.839	70.00	0.437
299.836	0.05	Probe 3839Hz	40	3.839	70.00	0.437
302.473	0.05	Adapter 6009Hz	41	6.009	70.00	0.671
302.553	0.05	Adapter 6009Hz	41	6.009	70.00	0.671
302.633	0.05	Adapter 6009Hz	41	6.009	70.00	0.671
302.713	0.05	Adapter 6009Hz	41	6.009	70.00	0.671
302.973	0.05	Adapter 6009Hz	41	6.009	70.00	0.671
303.053	0.05	Adapter 6009Hz	41	6.009	70.00	0.671
303.133	0.05	Adapter 6009Hz	41	6.009	70.00	0.671
303.213	0.05	Adapter 6009Hz	41	6.009	70.00	0.671
303.473	0.05	Adapter 6009Hz	41	6.009	70.00	0.671
303.553	0.05	Adapter 6009Hz	41	6.009	70.00	0.671
303.633	0.05	Adapter 6009Hz	41	6.009	70.00	0.671
303.713	0.05	Adapter 6009Hz	41	6.009	70.00	0.671
303.973	0.05	Adapter 6009Hz	41	6.009	70.00	0.671
304.053	0.05	Adapter 6009Hz	41	6.009	70.00	0.671
304.133	0.05	Adapter 6009Hz	41	6.009	70.00	0.671
304.213	0.05	Adapter 6009Hz	41	6.009	70.00	0.671
304.473	0.05	Adapter 6009Hz	41	6.009	70.00	0.671
304.553	0.05	Adapter 6009Hz	41	6.009	70.00	0.671
304.633	0.05	Adapter 6009Hz	41	6.009	70.00	0.671
304.713	0.05	Adapter 6009Hz	41	6.009	70.00	0.671
304.973	0.05	Adapter 6009Hz	41	6.009	70.00	0.671
305.053	0.05	Adapter 6009Hz	41	6.009	70.00	0.671
305.133	0.05	Adapter 6009Hz	41	6.009	70.00	0.671
305.213	0.05	Adapter 6009Hz	41	6.009	70.00	0.671
305.473	0.05	Adapter 6009Hz	41	6.009	70.00	0.671
305.553	0.05	Adapter 6009Hz	41	6.009	70.00	0.671
305.633	0.05	Adapter 6009Hz	41	6.009	70.00	0.671
305.713	0.05	Adapter 6009Hz	41	6.009	70.00	0.671
305.973	0.05	Adapter 6009Hz	41	6.009	70.00	0.671
306.053	0.05	Adapter 6009Hz	41	6.009	70.00	0.671
306.133	0.05	Adapter 6009Hz	41	6.009	70.00	0.671
306.213	0.05	Adapter 6009Hz	41	6.009	70.00	0.671
306.473	0.05	Adapter 6009Hz	41	6.009	70.00	0.671
306.553	0.05	Adapter 6009Hz	41	6.009	70.00	0.671
306.633	0.05	Adapter 6009Hz	41	6.009	70.00	0.671
306.713	0.05	Adapter 6009Hz	41	6.009	70.00	0.671
306.973	0.05	Adapter 6009Hz	41	6.009	70.00	0.671
307.053	0.05	Adapter 6009Hz	41	6.009	70.00	0.671
307.133	0.05	Adapter 6009Hz	41	6.009	70.00	0.671
307.213	0.05	Adapter 6009Hz	41	6.009	70.00	0.671
309.961	0.05	Adapter 507Hz	42	0.507	70.00	0.079
310.041	0.05	Adapter 507Hz	42	0.507	70.00	0.079
310.121	0.05	Adapter 507Hz	42	0.507	70.00	0.079
310.201	0.05	Adapter 507Hz	42	0.507	70.00	0.079
310.461	0.05	Adapter 507Hz	42	0.507	70.00	0.079
310.541	0.05	Adapter 507Hz	42	0.507	70.00	0.079
310.621	0.05	Adapter 507Hz	42	0.507	70.00	0.079
310.701	0.05	Adapter 507Hz	42	0.507	70.00	0.079
310.961	0.05	Adapter 507Hz	42	0.507	70.00	0.079
311.041	0.05	Adapter 507Hz	42	0.507	70.00	0.079
311.121	0.05	Adapter 507Hz	42	0.507	70.00	0.079
311.201	0.05	Adapter 507Hz	42	0.507	70.00	0.079
311.461	0.05	Adapter 507Hz	42	0.507	70.00	0.079
311.541	0.05	Adapter 507Hz	42	0.507	70.00	0.079
311.621	0.05	Adapter 507Hz	42	0.507	70.00	0.079
311.701	0.05	Adapter 507Hz	42	0.507	70.00	0.079
311.961	0.05	Adapter 507Hz	42	0.507	70.00	0.079
312.041	0.05	Adapter 507Hz	42	0.507	70.00	0.079
312.121	0.05	Adapter 507Hz	42	0.507	70.00	0.079
312.201	0.05	Adapter 507Hz	42	0.507	70.00	0.079
312.461	0.05	Adapter 507Hz	42	0.507	70.00	0.079
312.541	0.05	Adapter 507Hz	42	0.507	70.00	0.079
312.621	0.05	Adapter 507Hz	42	0.507	70.00	0.079
312.701	0.05	Adapter 507Hz	42	0.507	70.00	0.079
312.961	0.05	Adapter 507Hz	42	0.507	70.00	0.079
313.041	0.05	Adapter 507Hz	42	0.507	70.00	0.079
313.121	0.05	Adapter 507Hz	42	0.507	70.00	0.079
313.201	0.05	Adapter 507Hz	42	0.507	70.00	0.079
313.461	0.05	Adapter 507Hz	42	0.507	70.00	0.079
313.541	0.05	Adapter 507Hz	42	0.507	70.00	0.079
313.621	0.05	Adapter 507Hz	42	0.507	70.00	0.079
313.701	0.05	Adapter 507Hz	42	0.507	70.00	0.079
313.961	0.05	Adapter 507Hz	42	0.507	70.00	0.079
314.041	0.05	Adapter 507Hz	42	0.507	70.00	0.079
314.121	0.05	Adapter 507Hz	42	0.507	70.00	0.079
314.201	0.05	Adapter 507Hz	42	0.507	70.00	0.079
314.461	0.05	Adapter 507Hz	42	0.507	70.00	0.079
314.541	0.05	Adapter 507Hz	42	0.507	70.00	0.079
314.621	0.05	Adapter 507Hz	42	0.507	70.00	0.079
314.701	0.05	Adapter 507Hz	42	0.507	70.00	0.079
317.48	0.05	Adapter 251Hz	43	0.251	70.00	0.052
317.56	0.05	Adapter 251Hz	43	0.251	70.00	0.052
317.64	0.05	Adapter 251Hz	43	0.251	70.00	0.052
317.72	0.05	Adapter 251Hz	43	0.251	70.00	0.052
317.98	0.05	Adapter 251Hz	43	0.251	70.00	0.052
318.06	0.05	Adapter 251Hz	43	0.251	70.00	0.052
318.14	0.05	Adapter 251Hz	43	0.251	70.00	0.052
318.22	0.05	Adapter 251Hz	43	0.251	70.00	0.052
318.48	0.05	Adapter 251Hz	43	0.251	70.00	0.052
318.56	0.05	Adapter 251Hz	43	0.251	70.00	0.052
318.64	0.05	Adapter 251Hz	43	0.251	70.00	0.052
318.72	0.05	Adapter 251Hz	43	0.251	70.00	0.052
318.98	0.05	Adapter 251Hz	43	0.251	70.00	0.052
319.06	0.05	Adapter 251Hz	43	0.251	70.00	0.052
319.14	0.05	Adapter 251Hz	43	0.251	70.00	0.052
319.22	0.05	Adapter 251Hz	43	0.251	70.00	0.052
319.48	0.05	Adapter 251Hz	43	0.251	70.00	0.052
319.56	0.05	Adapter 251Hz	43	0.251	70.00	0.052
319.64	0.05	Adapter 251Hz	43	0.251	70.00	0.052
319.72	0.05	Adapter 251Hz	43	0.251	70.00	0.052
319.98	0.05	Adapter 251Hz	43	0.251	70.00	0.052
320.06	0.05	Adapter 251Hz	43	0.251	70.00	0.052
320.14	0.05	Adapter 251Hz	43	0.251	70.00	0.052
320.22	0.05	Adapter 251Hz	43	0.251	70.00	0.052
320.48	0.05	Adapter 251Hz	43	0.251	70.00	0.052
320.56	0.05	Adapter 251Hz	43	0.251	70.00	0.052
320.64	0.05	Adapter 251Hz	43	0.251	70.00	0.052
320.72	0.05	Adapter 251Hz	43	0.251	70.00	0.052
320.98	0.05	Adapter 251Hz	43	0.251	70.00	0.052
321.06	0.05	Adapter 251Hz	43	0.251	70.00	0.052
321.14	0.05	Adapter 251Hz	43	0.251	70.00	0.052
321.22	0.05	Adapter 251Hz	43	0.251	70.00	0.052
321.48	0.05	Adapter 251Hz	43	0.251	70.00	0.052
321.56	0.05	Adapter 251Hz	43	0.251	70.00	0.052
321.64	0.05	Adapter 251Hz	43	0.251	70.00	0.052
321.72	0.05	Adapter 251Hz	43	0.251	70.00	0.052
321.98	0.05	Adapter 251Hz	43	0.251	70.00	0.052
322.06	0.05	Adapter 251Hz	43	0.251	70.00	0.052
322.14	0.05	Adapter 251Hz	43	0.251	70.00	0.052
322.22	0.05	Adapter 251Hz	43	0.251	70.00	0.052
325.015	0.05	Adapter 3839Hz Probe 3839Hz	44	3.839	70.00	0.437
325.095	0.05	Adapter 3839Hz Probe 3839Hz	44	3.839	70.00	0.437
325.175	0.05	Adapter 3839Hz Probe 3839Hz	44	3.839	70.00	0.437
325.255	0.05	Adapter 3839Hz Probe 3839Hz	44	3.839	70.00	0.437
325.335	0.05	Adapter 3839Hz Probe 3839Hz	44	3.839	70.00	0.437
325.515	0.05	Adapter 3839Hz Probe 3839Hz	44	3.839	70.00	0.437
325.595	0.05	Adapter 3839Hz Probe 3839Hz	44	3.839	70.00	0.437
325.675	0.05	Adapter 3839Hz Probe 3839Hz	44	3.839	70.00	0.437
325.755	0.05	Adapter 3839Hz Probe 3839Hz	44	3.839	70.00	0.437
325.835	0.05	Adapter 3839Hz Probe 3839Hz	44	3.839	70.00	0.437
326.015	0.05	Adapter 3839Hz Probe 3839Hz	44	3.839	70.00	0.437
326.095	0.05	Adapter 3839Hz Probe 3839Hz	44	3.839	70.00	0.437
326.175	0.05	Adapter 3839Hz Probe 3839Hz	44	3.839	70.00	0.437
326.255	0.05	Adapter 3839Hz Probe 3839Hz	44	3.839	70.00	0.437
326.335	0.05	Adapter 3839Hz Probe 3839Hz	44	3.839	70.00	0.437
326.515	0.05	Adapter 3839Hz Probe 3839Hz	44	3.839	70.00	0.437
326.595	0.05	Adapter 3839Hz Probe 3839Hz	44	3.839	70.00	0.437
326.675	0.05	Adapter 3839Hz Probe 3839Hz	44	3.839	70.00	0.437
326.755	0.05	Adapter 3839Hz Probe 3839Hz	44	3.839	70.00	0.437
326.835	0.05	Adapter 3839Hz Probe 3839Hz	44	3.839	70.00	0.437
327.015	0.05	Adapter 3839Hz Probe 3839Hz	44	3.839	70.00	0.437
327.095	0.05	Adapter 3839Hz Probe 3839Hz	44	3.839	70.00	0.437
327.175	0.05	Adapter 3839Hz Probe 3839Hz	44	3.839	70.00	0.437
327.255	0.05	Adapter 3839Hz Probe 3839Hz	44	3.839	70.00	0.437
327.335	0.05	Adapter 3839Hz Probe 3839Hz	44	3.839	70.00	0.437
327.515	0.05	Adapter 3839Hz Probe 3839Hz	44	3.839	70.00	0.437
327.595	0.05	Adapter 3839Hz Probe 3839Hz	44	3.839	70.00	0.437
327.675	0.05	Adapter 3839Hz Probe 3839Hz	44	3.839	70.00	0.437
327.755	0.05	Adapter 3839Hz Probe 3839Hz	44	3.839	70.00	0.437
327.835	0.05	Adapter 3839Hz Probe 3839Hz	44	3.839	70.00	0.437
328.015	0.05	Adapter 3839Hz Probe 3839Hz	44	3.839	70.00	0.437
328.095	0.05	Adapter 3839Hz Probe 3839Hz	44	3.839	70.00	0.437
328.175	0.05	Adapter 3839Hz Probe 3839Hz	44	3.839	70.00	0.437
328.255	0.05	Adapter 3839Hz Probe 3839Hz	44	3.839	70.00	0.437
328.335	0.05	Adapter 3839Hz Probe 3839Hz	44	3.839	70.00	0.437
328.515	0.05	Adapter 3839Hz Probe 3839Hz	44	3.839	70.00	0.437
328.595	0.05	Adapter 3839Hz Probe 3839Hz	44	3.839	70.00	0.437
328.675	0.05	Adapter 3839Hz Probe 3839Hz	44	3.839	70.00	0.437
328.755	0.05	Adapter 3839Hz Probe 3839Hz	44	3.839	70.00	0.437
328.835	0.05	Adapter 3839Hz Probe 3839Hz	44	3.839	70.00	0.437
329.015	0.05	Adapter 3839Hz Probe 3839Hz	44	3.839	70.00	0.437
329.095	0.05	Adapter 3839Hz Probe 3839Hz	44	3.839	70.00	0.437
329.175	0.05	Adapter 3839Hz Probe 3839Hz	44	3.839	70.00	0.437
329.255	0.05	Adapter 3839Hz Probe 3839Hz	44	3.839	70.00	0.437
329.335	0.05	Adapter 3839Hz Probe 3839Hz	44	3.839	70.00	0.437
329.515	0.05	Adapter 3839Hz Probe 3839Hz	44	3.839	70.00	0.437
329.595	0.05	Adapter 3839Hz Probe 3839Hz	44	3.839	70.00	0.437
329.675	0.05	Adapter 3839Hz Probe 3839Hz	44	3.839	70.00	0.437
329.755	0.05	Adapter 3839Hz Probe 3839Hz	44	3.839	70.00	0.437
329.835	0.05	Adapter 3839Hz Probe 3839Hz	44	3.839	70.00	0.437
332.503	0.05	Adapter 2423Hz	45	2.423	70.00	0.285
332.583	0.05	Adapter 2423Hz	45	2.423	70.00	0.285
332.663	0.05	Adapter 2423Hz	45	2.423	70.00	0.285
332.743	0.05	Adapter 2423Hz	45	2.423	70.00	0.285
333.003	0.05	Adapter 2423Hz	45	2.423	70.00	0.285
333.083	0.05	Adapter 2423Hz	45	2.423	70.00	0.285
333.163	0.05	Adapter 2423Hz	45	2.423	70.00	0.285
333.243	0.05	Adapter 2423Hz	45	2.423	70.00	0.285
333.503	0.05	Adapter 2423Hz	45	2.423	70.00	0.285
333.583	0.05	Adapter 2423Hz	45	2.423	70.00	0.285
333.663	0.05	Adapter 2423Hz	45	2.423	70.00	0.285
333.743	0.05	Adapter 2423Hz	45	2.423	70.00	0.285
334.003	0.05	Adapter 2423Hz	45	2.423	70.00	0.285
334.083	0.05	Adapter 2423Hz	45	2.423	70.00	0.285
334.163	0.05	Adapter 2423Hz	45	2.423	70.00	0.285
334.243	0.05	Adapter 2423Hz	45	2.423	70.00	0.285
334.503	0.05	Adapter 2423Hz	45	2.423	70.00	0.285
334.583	0.05	Adapter 2423Hz	45	2.423	70.00	0.285
334.663	0.05	Adapter 2423Hz	45	2.423	70.00	0.285
334.743	0.05	Adapter 2423Hz	45	2.423	70.00	0.285
335.003	0.05	Adapter 2423Hz	45	2.423	70.00	0.285
335.083	0.05	Adapter 2423Hz	45	2.423	70.00	0.285
335.163	0.05	Adapter 2423Hz	45	2.423	70.00	0.285
335.243	0.05	Adapter 2423Hz	45	2.423	70.00	0.285
335.503	0.05	Adapter 2423Hz	45	2.423	70.00	0.285
335.583	0.05	Adapter 2423Hz	45	2.423	70.00	0.285
335.663	0.05	Adapter 2423Hz	45	2.423	70.00	0.285
335.743	0.05	Adapter 2423Hz	45	2.423	70.00	0.285
336.003	0.05	Adapter 2423Hz	45	2.423	70.00	0.285
336.083	0.05	Adapter 2423Hz	45	2.423	70.00	0.285
336.163	0.05	Adapter 2423Hz	45	2.423	70.00	0.285
336.243	0.05	Adapter 2423Hz	45	2.423	70.00	0.285
336.503	0.05	Adapter 2423Hz	45	2.423	70.00	0.285
336.583	0.05	Adapter 2423Hz	45	2.423	70.00	0.285
336.663	0.05	Adapter 2423Hz	45	2.423	70.00	0.285
336.743	0.05	Adapter 2423Hz	45	2.423	70.00	0.285
337.003	0.05	Adapter 2423Hz	45	2.423	70.00	0.285
337.083	0.05	Adapter 2423Hz	45	2.423	70.00	0.285
337.163	0.05	Adapter 2423Hz	45	2.423	70.00	0.285
337.243	0.05	Adapter 2423Hz	45	2.423	70.00	0.285
354.983	0.05	Adapter 1501Hz	48	1.501	70.00	0.186
355.063	0.05	Adapter 1501Hz	48	1.501	70.00	0.186
355.143	0.05	Adapter 1501Hz	48	1.501	70.00	0.186
355.223	0.05	Adapter 1501Hz	48	1.501	70.00	0.186
355.483	0.05	Adapter 1501Hz	48	1.501	70.00	0.186
355.563	0.05	Adapter 1501Hz	48	1.501	70.00	0.186
355.643	0.05	Adapter 1501Hz	48	1.501	70.00	0.186
355.723	0.05	Adapter 1501Hz	48	1.501	70.00	0.186
355.983	0.05	Adapter 1501Hz	48	1.501	70.00	0.186
356.063	0.05	Adapter 1501Hz	48	1.501	70.00	0.186
356.143	0.05	Adapter 1501Hz	48	1.501	70.00	0.186
356.223	0.05	Adapter 1501Hz	48	1.501	70.00	0.186
356.483	0.05	Adapter 1501Hz	48	1.501	70.00	0.186
356.563	0.05	Adapter 1501Hz	48	1.501	70.00	0.186
356.643	0.05	Adapter 1501Hz	48	1.501	70.00	0.186
356.723	0.05	Adapter 1501Hz	48	1.501	70.00	0.186
356.983	0.05	Adapter 1501Hz	48	1.501	70.00	0.186
357.063	0.05	Adapter 1501Hz	48	1.501	70.00	0.186
357.143	0.05	Adapter 1501Hz	48	1.501	70.00	0.186
357.223	0.05	Adapter 1501Hz	48	1.501	70.00	0.186
357.483	0.05	Adapter 1501Hz	48	1.501	70.00	0.186
357.563	0.05	Adapter 1501Hz	48	1.501	70.00	0.186
357.643	0.05	Adapter 1501Hz	48	1.501	70.00	0.186
357.723	0.05	Adapter 1501Hz	48	1.501	70.00	0.186
357.983	0.05	Adapter 1501Hz	48	1.501	70.00	0.186
358.063	0.05	Adapter 1501Hz	48	1.501	70.00	0.186
358.143	0.05	Adapter 1501Hz	48	1.501	70.00	0.186
358.223	0.05	Adapter 1501Hz	48	1.501	70.00	0.186
358.483	0.05	Adapter 1501Hz	48	1.501	70.00	0.186
358.563	0.05	Adapter 1501Hz	48	1.501	70.00	0.186
358.643	0.05	Adapter 1501Hz	48	1.501	70.00	0.186
358.723	0.05	Adapter 1501Hz	48	1.501	70.00	0.186
358.983	0.05	Adapter 1501Hz	48	1.501	70.00	0.186
359.063	0.05	Adapter 1501Hz	48	1.501	70.00	0.186
359.143	0.05	Adapter 1501Hz	48	1.501	70.00	0.186
359.223	0.05	Adapter 1501Hz	48	1.501	70.00	0.186
359.483	0.05	Adapter 1501Hz	48	1.501	70.00	0.186
359.563	0.05	Adapter 1501Hz	48	1.501	70.00	0.186
359.643	0.05	Adapter 1501Hz	48	1.501	70.00	0.186
359.723	0.05	Adapter 1501Hz	48	1.501	70.00	0.186
362.775	0.05	Probe 3839Hz	49	3.839	70.00	0.437
363.275	0.05	Probe 3839Hz	49	3.839	70.00	0.437
363.775	0.05	Probe 3839Hz	49	3.839	70.00	0.437
364.275	0.05	Probe 3839Hz	49	3.839	70.00	0.437
364.775	0.05	Probe 3839Hz	49	3.839	70.00	0.437
365.275	0.05	Probe 3839Hz	49	3.839	70.00	0.437
365.775	0.05	Probe 3839Hz	49	3.839	70.00	0.437
366.275	0.05	Probe 3839Hz	49	3.839	70.00	0.437
366.775	0.05	Probe 3839Hz	49	3.839	70.00	0.437
367.275	0.05	Probe 3839Hz	49	3.839	70.00	0.437
369.974	0.05	Adapter 251Hz	50	0.251	70.00	0.052
370.054	0.05	Adapter 251Hz	50	0.251	70.00	0.052
370.134	0.05	Adapter 251Hz	50	0.251	70.00	0.052
370.214	0.05	Adapter 251Hz	50	0.251	70.00	0.052
370.474	0.05	Adapter 251Hz	50	0.251	70.00	0.052
370.554	0.05	Adapter 251Hz	50	0.251	70.00	0.052
370.634	0.05	Adapter 251Hz	50	0.251	70.00	0.052
370.714	0.05	Adapter 251Hz	50	0.251	70.00	0.052
370.974	0.05	Adapter 251Hz	50	0.251	70.00	0.052
371.054	0.05	Adapter 251Hz	50	0.251	70.00	0.052
371.134	0.05	Adapter 251Hz	50	0.251	70.00	0.052
371.214	0.05	Adapter 251Hz	50	0.251	70.00	0.052
371.474	0.05	Adapter 251Hz	50	0.251	70.00	0.052
371.554	0.05	Adapter 251Hz	50	0.251	70.00	0.052
371.634	0.05	Adapter 251Hz	50	0.251	70.00	0.052
371.714	0.05	Adapter 251Hz	50	0.251	70.00	0.052
371.974	0.05	Adapter 251Hz	50	0.251	70.00	0.052
372.054	0.05	Adapter 251Hz	50	0.251	70.00	0.052
372.134	0.05	Adapter 251Hz	50	0.251	70.00	0.052
372.214	0.05	Adapter 251Hz	50	0.251	70.00	0.052
372.474	0.05	Adapter 251Hz	50	0.251	70.00	0.052
372.554	0.05	Adapter 251Hz	50	0.251	70.00	0.052
372.634	0.05	Adapter 251Hz	50	0.251	70.00	0.052
372.714	0.05	Adapter 251Hz	50	0.251	70.00	0.052
372.974	0.05	Adapter 251Hz	50	0.251	70.00	0.052
373.054	0.05	Adapter 251Hz	50	0.251	70.00	0.052
373.134	0.05	Adapter 251Hz	50	0.251	70.00	0.052
373.214	0.05	Adapter 251Hz	50	0.251	70.00	0.052
373.474	0.05	Adapter 251Hz	50	0.251	70.00	0.052
373.554	0.05	Adapter 251Hz	50	0.251	70.00	0.052
373.634	0.05	Adapter 251Hz	50	0.251	70.00	0.052
373.714	0.05	Adapter 251Hz	50	0.251	70.00	0.052
373.974	0.05	Adapter 251Hz	50	0.251	70.00	0.052
374.054	0.05	Adapter 251Hz	50	0.251	70.00	0.052
374.134	0.05	Adapter 251Hz	50	0.251	70.00	0.052
374.214	0.05	Adapter 251Hz	50	0.251	70.00	0.052
374.474	0.05	Adapter 251Hz	50	0.251	70.00	0.052
374.554	0.05	Adapter 251Hz	50	0.251	70.00	0.052
374.634	0.05	Adapter 251Hz	50	0.251	70.00	0.052
374.714	0.05	Adapter 251Hz	50	0.251	70.00	0.052
384.982	0.05	Adapter 1501Hz	52	1.501	70.00	0.186
385.062	0.05	Adapter 1501Hz	52	1.501	70.00	0.186
385.142	0.05	Adapter 1501Hz	52	1.501	70.00	0.186
385.222	0.05	Adapter 1501Hz	52	1.501	70.00	0.186
385.482	0.05	Adapter 1501Hz	52	1.501	70.00	0.186
385.562	0.05	Adapter 1501Hz	52	1.501	70.00	0.186
385.642	0.05	Adapter 1501Hz	52	1.501	70.00	0.186
385.722	0.05	Adapter 1501Hz	52	1.501	70.00	0.186
385.982	0.05	Adapter 1501Hz	52	1.501	70.00	0.186
386.062	0.05	Adapter 1501Hz	52	1.501	70.00	0.186
386.142	0.05	Adapter 1501Hz	52	1.501	70.00	0.186
386.222	0.05	Adapter 1501Hz	52	1.501	70.00	0.186
386.482	0.05	Adapter 1501Hz	52	1.501	70.00	0.186
386.562	0.05	Adapter 1501Hz	52	1.501	70.00	0.186
386.642	0.05	Adapter 1501Hz	52	1.501	70.00	0.186
386.722	0.05	Adapter 1501Hz	52	1.501	70.00	0.186
386.982	0.05	Adapter 1501Hz	52	1.501	70.00	0.186
387.062	0.05	Adapter 1501Hz	52	1.501	70.00	0.186
387.142	0.05	Adapter 1501Hz	52	1.501	70.00	0.186
387.222	0.05	Adapter 1501Hz	52	1.501	70.00	0.186
387.482	0.05	Adapter 1501Hz	52	1.501	70.00	0.186
387.562	0.05	Adapter 1501Hz	52	1.501	70.00	0.186
387.642	0.05	Adapter 1501Hz	52	1.501	70.00	0.186
387.722	0.05	Adapter 1501Hz	52	1.501	70.00	0.186
387.982	0.05	Adapter 1501Hz	52	1.501	70.00	0.186
388.062	0.05	Adapter 1501Hz	52	1.501	70.00	0.186
388.142	0.05	Adapter 1501Hz	52	1.501	70.00	0.186
388.222	0.05	Adapter 1501Hz	52	1.501	70.00	0.186
388.482	0.05	Adapter 1501Hz	52	1.501	70.00	0.186
388.562	0.05	Adapter 1501Hz	52	1.501	70.00	0.186
388.642	0.05	Adapter 1501Hz	52	1.501	70.00	0.186
388.722	0.05	Adapter 1501Hz	52	1.501	70.00	0.186
388.982	0.05	Adapter 1501Hz	52	1.501	70.00	0.186
389.062	0.05	Adapter 1501Hz	52	1.501	70.00	0.186
389.142	0.05	Adapter 1501Hz	52	1.501	70.00	0.186
389.222	0.05	Adapter 1501Hz	52	1.501	70.00	0.186
389.482	0.05	Adapter 1501Hz	52	1.501	70.00	0.186
389.562	0.05	Adapter 1501Hz	52	1.501	70.00	0.186
389.642	0.05	Adapter 1501Hz	52	1.501	70.00	0.186
389.722	0.05	Adapter 1501Hz	52	1.501	70.00	0.186
392.501	0.05	Adapter 1501Hz Probe 3839Hz	53	1.501	70.00	0.186
392.581	0.05	Adapter 1501Hz Probe 3839Hz	53	1.501	70.00	0.186
392.661	0.05	Adapter 1501Hz Probe 3839Hz	53	1.501	70.00	0.186
392.741	0.05	Adapter 1501Hz Probe 3839Hz	53	1.501	70.00	0.186
392.821	0.05	Adapter 1501Hz Probe 3839Hz	53	3.839	70.00	0.437
393.001	0.05	Adapter 1501Hz Probe 3839Hz	53	1.501	70.00	0.186
393.081	0.05	Adapter 1501Hz Probe 3839Hz	53	1.501	70.00	0.186
393.161	0.05	Adapter 1501Hz Probe 3839Hz	53	1.501	70.00	0.186
393.241	0.05	Adapter 1501Hz Probe 3839Hz	53	1.501	70.00	0.186
393.321	0.05	Adapter 1501Hz Probe 3839Hz	53	3.839	70.00	0.437
393.501	0.05	Adapter 1501Hz Probe 3839Hz	53	1.501	70.00	0.186
393.581	0.05	Adapter 1501Hz Probe 3839Hz	53	1.501	70.00	0.186
393.661	0.05	Adapter 1501Hz Probe 3839Hz	53	1.501	70.00	0.186
393.741	0.05	Adapter 1501Hz Probe 3839Hz	53	1.501	70.00	0.186
393.821	0.05	Adapter 1501Hz Probe 3839Hz	53	3.839	70.00	0.437
394.001	0.05	Adapter 1501Hz Probe 3839Hz	53	1.501	70.00	0.186
394.081	0.05	Adapter 1501Hz Probe 3839Hz	53	1.501	70.00	0.186
394.161	0.05	Adapter 1501Hz Probe 3839Hz	53	1.501	70.00	0.186
394.241	0.05	Adapter 1501Hz Probe 3839Hz	53	1.501	70.00	0.186
394.321	0.05	Adapter 1501Hz Probe 3839Hz	53	3.839	70.00	0.437
394.501	0.05	Adapter 1501Hz Probe 3839Hz	53	1.501	70.00	0.186
394.581	0.05	Adapter 1501Hz Probe 3839Hz	53	1.501	70.00	0.186
394.661	0.05	Adapter 1501Hz Probe 3839Hz	53	1.501	70.00	0.186
394.741	0.05	Adapter 1501Hz Probe 3839Hz	53	1.501	70.00	0.186
394.821	0.05	Adapter 1501Hz Probe 3839Hz	53	3.839	70.00	0.437
395.001	0.05	Adapter 1501Hz Probe 3839Hz	53	1.501	70.00	0.186
395.081	0.05	Adapter 1501Hz Probe 3839Hz	53	1.501	70.00	0.186
395.161	0.05	Adapter 1501Hz Probe 3839Hz	53	1.501	70.00	0.186
395.241	0.05	Adapter 1501Hz Probe 3839Hz	53	1.501	70.00	0.186
395.321	0.05	Adapter 1501Hz Probe 3839Hz	53	3.839	70.00	0.437
395.501	0.05	Adapter 1501Hz Probe 3839Hz	53	1.501	70.00	0.186
395.581	0.05	Adapter 1501Hz Probe 3839Hz	53	1.501	70.00	0.186
395.661	0.05	Adapter 1501Hz Probe 3839Hz	53	1.501	70.00	0.186
395.741	0.05	Adapter 1501Hz Probe 3839Hz	53	1.501	70.00	0.186
395.821	0.05	Adapter 1501Hz Probe 3839Hz	53	3.839	70.00	0.437
396.001	0.05	Adapter 1501Hz Probe 3839Hz	53	1.501	70.00	0.186
396.081	0.05	Adapter 1501Hz Probe 3839Hz	53	1.501	70.00	0.186
396.161	0.05	Adapter 1501Hz Probe 3839Hz	53	1.501	70.00	0.186
396.241	0.05	Adapter 1501Hz Probe 3839Hz	53	1.501	70.00	0.186
396.321	0.05	Adapter 1501Hz Probe 3839Hz	53	3.839	70.00	0.437
396.501	0.05	Adapter 1501Hz Probe 3839Hz	53	1.501	70.00	0.186
396.581	0.05	Adapter 1501Hz Probe 3839Hz	53	1.501	70.00	0.186
396.661	0.05	Adapter 1501Hz Probe 3839Hz	53	1.501	70.00	0.186
396.741	0.05	Adapter 1501Hz Probe 3839Hz	53	1.501	70.00	0.186
396.821	0.05	Adapter 1501Hz Probe 3839Hz	53	3.839	70.00	0.437
397.001	0.05	Adapter 1501Hz Probe 3839Hz	53	1.501	70.00	0.186
397.081	0.05	Adapter 1501Hz Probe 3839Hz	53	1.501	70.00	0.186
397.161	0.05	Adapter 1501Hz Probe 3839Hz	53	1.501	70.00	0.186
397.241	0.05	Adapter 1501Hz Probe 3839Hz	53	1.501	70.00	0.186
397.321	0.05	Adapter 1501Hz Probe 3839Hz	53	3.839	70.00	0.437
399.989	0.05	Adapter 507Hz	54	0.507	70.00	0.079
400.069	0.05	Adapter 507Hz	54	0.507	70.00	0.079
400.149	0.05	Adapter 507Hz	54	0.507	70.00	0.079
400.229	0.05	Adapter 507Hz	54	0.507	70.00	0.079
400.489	0.05	Adapter 507Hz	54	0.507	70.00	0.079
400.569	0.05	Adapter 507Hz	54	0.507	70.00	0.079
400.649	0.05	Adapter 507Hz	54	0.507	70.00	0.079
400.729	0.05	Adapter 507Hz	54	0.507	70.00	0.079
400.989	0.05	Adapter 507Hz	54	0.507	70.00	0.079
401.069	0.05	Adapter 507Hz	54	0.507	70.00	0.079
401.149	0.05	Adapter 507Hz	54	0.507	70.00	0.079
401.229	0.05	Adapter 507Hz	54	0.507	70.00	0.079
401.489	0.05	Adapter 507Hz	54	0.507	70.00	0.079
401.569	0.05	Adapter 507Hz	54	0.507	70.00	0.079
401.649	0.05	Adapter 507Hz	54	0.507	70.00	0.079
401.729	0.05	Adapter 507Hz	54	0.507	70.00	0.079
401.989	0.05	Adapter 507Hz	54	0.507	70.00	0.079
402.069	0.05	Adapter 507Hz	54	0.507	70.00	0.079
402.149	0.05	Adapter 507Hz	54	0.507	70.00	0.079
402.229	0.05	Adapter 507Hz	54	0.507	70.00	0.079
402.489	0.05	Adapter 507Hz	54	0.507	70.00	0.079
402.569	0.05	Adapter 507Hz	54	0.507	70.00	0.079
402.649	0.05	Adapter 507Hz	54	0.507	70.00	0.079
402.729	0.05	Adapter 507Hz	54	0.507	70.00	0.079
402.989	0.05	Adapter 507Hz	54	0.507	70.00	0.079
403.069	0.05	Adapter 507Hz	54	0.507	70.00	0.079
403.149	0.05	Adapter 507Hz	54	0.507	70.00	0.079
403.229	0.05	Adapter 507Hz	54	0.507	70.00	0.079
403.489	0.05	Adapter 507Hz	54	0.507	70.00	0.079
403.569	0.05	Adapter 507Hz	54	0.507	70.00	0.079
403.649	0.05	Adapter 507Hz	54	0.507	70.00	0.079
403.729	0.05	Adapter 507Hz	54	0.507	70.00	0.079
403.989	0.05	Adapter 507Hz	54	0.507	70.00	0.079
404.069	0.05	Adapter 507Hz	54	0.507	70.00	0.079
404.149	0.05	Adapter 507Hz	54	0.507	70.00	0.079
404.229	0.05	Adapter 507Hz	54	0.507	70.00	0.079
404.489	0.05	Adapter 507Hz	54	0.507	70.00	0.079
404.569	0.05	Adapter 507Hz	54	0.507	70.00	0.079
404.649	0.05	Adapter 507Hz	54	0.507	70.00	0.079
404.729	0.05	Adapter 507Hz	54	0.507	70.00	0.079
415.012	0.05	Adapter 899Hz	56	0.899	70.00	0.121
415.092	0.05	Adapter 899Hz	56	0.899	70.00	0.121
415.172	0.05	Adapter 899Hz	56	0.899	70.00	0.121
415.252	0.05	Adapter 899Hz	56	0.899	70.00	0.121
415.512	0.05	Adapter 899Hz	56	0.899	70.00	0.121
415.592	0.05	Adapter 899Hz	56	0.899	70.00	0.121
415.672	0.05	Adapter 899Hz	56	0.899	70.00	0.121
415.752	0.05	Adapter 899Hz	56	0.899	70.00	0.121
416.012	0.05	Adapter 899Hz	56	0.899	70.00	0.121
416.092	0.05	Adapter 899Hz	56	0.899	70.00	0.121
416.172	0.05	Adapter 899Hz	56	0.899	70.00	0.121
416.252	0.05	Adapter 899Hz	56	0.899	70.00	0.121
416.512	0.05	Adapter 899Hz	56	0.899	70.00	0.121
416.592	0.05	Adapter 899Hz	56	0.899	70.00	0.121
416.672	0.05	Adapter 899Hz	56	0.899	70.00	0.121
416.752	0.05	Adapter 899Hz	56	0.899	70.00	0.121
417.012	0.05	Adapter 899Hz	56	0.899	70.00	0.121
417.092	0.05	Adapter 899Hz	56	0.899	70.00	0.121
417.172	0.05	Adapter 899Hz	56	0.899	70.00	0.121
417.252	0.05	Adapter 899Hz	56	0.899	70.00	0.121
417.512	0.05	Adapter 899Hz	56	0.899	70.00	0.121
417.592	0.05	Adapter 899Hz	56	0.899	70.00	0.121
417.672	0.05	Adapter 899Hz	56	0.899	70.00	0.121
417.752	0.05	Adapter 899Hz	56	0.899	70.00	0.121
418.012	0.05	Adapter 899Hz	56	0.899	70.00	0.121
418.092	0.05	Adapter 899Hz	56	0.899	70.00	0.121
418.172	0.05	Adapter 899Hz	56	0.899	70.00	0.121
418.252	0.05	Adapter 899Hz	56	0.899	70.00	0.121
418.512	0.05	Adapter 899Hz	56	0.899	70.00	0.121
418.592	0.05	Adapter 899Hz	56	0.899	70.00	0.121
418.672	0.05	Adapter 899Hz	56	0.899	70.00	0.121
418.752	0.05	Adapter 899Hz	56	0.899	70.00	0.121
419.012	0.05	Adapter 899Hz	56	0.899	70.00	0.121
419.092	0.05	Adapter 899Hz	56	0.899	70.00	0.121
419.172	0.05	Adapter 899Hz	56	0.899	70.00	0.121
419.252	0.05	Adapter 899Hz	56	0.899	70.00	0.121
419.512	0.05	Adapter 899Hz	56	0.899	70.00	0.121
419.592	0.05	Adapter 899Hz	56	0.899	70.00	0.121
419.672	0.05	Adapter 899Hz	56	0.899	70.00	0.121
419.752	0.05	Adapter 899Hz	56	0.899	70.00	0.121
422.5	0.05	Adapter 3839Hz	57	3.839	70.00	0.437
422.58	0.05	Adapter 3839Hz	57	3.839	70.00	0.437
422.66	0.05	Adapter 3839Hz	57	3.839	70.00	0.437
422.74	0.05	Adapter 3839Hz	57	3.839	70.00	0.437
423.0	0.05	Adapter 3839Hz	57	3.839	70.00	0.437
423.08	0.05	Adapter 3839Hz	57	3.839	70.00	0.437
423.16	0.05	Adapter 3839Hz	57	3.839	70.00	0.437
423.24	0.05	Adapter 3839Hz	57	3.839	70.00	0.437
423.5	0.05	Adapter 3839Hz	57	3.839	70.00	0.437
423.58	0.05	Adapter 3839Hz	57	3.839	70.00	0.437
423.66	0.05	Adapter 3839Hz	57	3.839	70.00	0.437
423.74	0.05	Adapter 3839Hz	57	3.839	70.00	0.437
424.0	0.05	Adapter 3839Hz	57	3.839	70.00	0.437
424.08	0.05	Adapter 3839Hz	57	3.839	70.00	0.437
424.16	0.05	Adapter 3839Hz	57	3.839	70.00	0.437
424.24	0.05	Adapter 3839Hz	57	3.839	70.00	0.437
424.5	0.05	Adapter 3839Hz	57	3.839	70.00	0.437
424.58	0.05	Adapter 3839Hz	57	3.839	70.00	0.437
424.66	0.05	Adapter 3839Hz	57	3.839	70.00	0.437
424.74	0.05	Adapter 3839Hz	57	3.839	70.00	0.437
425.0	0.05	Adapter 3839Hz	57	3.839	70.00	0.437
425.08	0.05	Adapter 3839Hz	57	3.839	70.00	0.437
425.16	0.05	Adapter 3839Hz	57	3.839	70.00	0.437
425.24	0.05	Adapter 3839Hz	57	3.839	70.00	0.437
425.5	0.05	Adapter 3839Hz	57	3.839	70.00	0.437
425.58	0.05	Adapter 3839Hz	57	3.839	70.00	0.437
425.66	0.05	Adapter 3839Hz	57	3.839	70.00	0.437
425.74	0.05	Adapter 3839Hz	57	3.839	70.00	0.437
426.0	0.05	Adapter 3839Hz	57	3.839	70.00	0.437
426.08	0.05	Adapter 3839Hz	57	3.839	70.00	0.437
426.16	0.05	Adapter 3839Hz	57	3.839	70.00	0.437
426.24	0.05	Adapter 3839Hz	57	3.839	70.00	0.437
426.5	0.05	Adapter 3839Hz	57	3.839	70.00	0.437
426.58	0.05	Adapter 3839Hz	57	3.839	70.00	0.437
426.66	0.05	Adapter 3839Hz	57	3.839	70.00	0.437
426.74	0.05	Adapter 3839Hz	57	3.839	70.00	0.437
427.0	0.05	Adapter 3839Hz	57	3.839	70.00	0.437
427.08	0.05	Adapter 3839Hz	57	3.839	70.00	0.437
427.16	0.05	Adapter 3839Hz	57	3.839	70.00	0.437
427.24	0.05	Adapter 3839Hz	57	3.839	70.00	0.437
429.956	0.05	Adapter 2423Hz	58	2.423	70.00	0.285
430.036	0.05	Adapter 2423Hz	58	2.423	70.00	0.285
430.116	0.05	Adapter 2423Hz	58	2.423	70.00	0.285
430.196	0.05	Adapter 2423Hz	58	2.423	70.00	0.285
430.456	0.05	Adapter 2423Hz	58	2.423	70.00	0.285
430.536	0.05	Adapter 2423Hz	58	2.423	70.00	0.285
430.616	0.05	Adapter 2423Hz	58	2.423	70.00	0.285
430.696	0.05	Adapter 2423Hz	58	2.423	70.00	0.285
430.956	0.05	Adapter 2423Hz	58	2.423	70.00	0.285
431.036	0.05	Adapter 2423Hz	58	2.423	70.00	0.285
431.116	0.05	Adapter 2423Hz	58	2.423	70.00	0.285
431.196	0.05	Adapter 2423Hz	58	2.423	70.00	0.285
431.456	0.05	Adapter 2423Hz	58	2.423	70.00	0.285
431.536	0.05	Adapter 2423Hz	58	2.423	70.00	0.285
431.616	0.05	Adapter 2423Hz	58	2.423	70.00	0.285
431.696	0.05	Adapter 2423Hz	58	2.423	70.00	0.285
431.956	0.05	Adapter 2423Hz	58	2.423	70.00	0.285
432.036	0.05	Adapter 2423Hz	58	2.423	70.00	0.285
432.116	0.05	Adapter 2423Hz	58	2.423	70.00	0.285
432.196	0.05	Adapter 2423Hz	58	2.423	70.00	0.285
432.456	0.05	Adapter 2423Hz	58	2.423	70.00	0.285
432.536	0.05	Adapter 2423Hz	58	2.423	70.00	0.285
432.616	0.05	Adapter 2423Hz	58	2.423	70.00	0.285
432.696	0.05	Adapter 2423Hz	58	2.423	70.00	0.285
432.956	0.05	Adapter 2423Hz	58	2.423	70.00	0.285
433.036	0.05	Adapter 2423Hz	58	2.423	70.00	0.285
433.116	0.05	Adapter 2423Hz	58	2.423	70.00	0.285
433.196	0.05	Adapter 2423Hz	58	2.423	70.00	0.285
433.456	0.05	Adapter 2423Hz	58	2.423	70.00	0.285
433.536	0.05	Adapter 2423Hz	58	2.423	70.00	0.285
433.616	0.05	Adapter 2423Hz	58	2.423	70.00	0.285
433.696	0.05	Adapter 2423Hz	58	2.423	70.00	0.285
433.956	0.05	Adapter 2423Hz	58	2.423	70.00	0.285
434.036	0.05	Adapter 2423Hz	58	2.423	70.00	0.285
434.116	0.05	Adapter 2423Hz	58	2.423	70.00	0.285
434.196	0.05	Adapter 2423Hz	58	2.423	70.00	0.285
434.456	0.05	Adapter 2423Hz	58	2.423	70.00	0.285
434.536	0.05	Adapter 2423Hz	58	2.423	70.00	0.285
434.616	0.05	Adapter 2423Hz	58	2.423	70.00	0.285
434.696	0.05	Adapter 2423Hz	58	2.423	70.00	0.285
444.995	0.05	Adapter 3839Hz Probe 3839Hz	60	3.839	70.00	0.437
445.075	0.05	Adapter 3839Hz Probe 3839Hz	60	3.839	70.00	0.437
445.155	0.05	Adapter 3839Hz Probe 3839Hz	60	3.839	70.00	0.437
445.235	0.05	Adapter 3839Hz Probe 3839Hz	60	3.839	70.00	0.437
445.315	0.05	Adapter 3839Hz Probe 3839Hz	60	3.839	70.00	0.437
445.495	0.05	Adapter 3839Hz Probe 3839Hz	60	3.839	70.00	0.437
445.575	0.05	Adapter 3839Hz Probe 3839Hz	60	3.839	70.00	0.437
445.655	0.05	Adapter 3839Hz Probe 3839Hz	60	3.839	70.00	0.437
445.735	0.05	Adapter 3839Hz Probe 3839Hz	60	3.839	70.00	0.437
445.815	0.05	Adapter 3839Hz Probe 3839Hz	60	3.839	70.00	0.437
445.995	0.05	Adapter 3839Hz Probe 3839Hz	60	3.839	70.00	0.437
446.075	0.05	Adapter 3839Hz Probe 3839Hz	60	3.839	70.00	0.437
446.155	0.05	Adapter 3839Hz Probe 3839Hz	60	3.839	70.00	0.437
446.235	0.05	Adapter 3839Hz Probe 3839Hz	60	3.839	70.00	0.437
446.315	0.05	Adapter 3839Hz Probe 3839Hz	60	3.839	70.00	0.437
446.495	0.05	Adapter 3839Hz Probe 3839Hz	60	3.839	70.00	0.437
446.575	0.05	Adapter 3839Hz Probe 3839Hz	60	3.839	70.00	0.437
446.655	0.05	Adapter 3839Hz Probe 3839Hz	60	3.839	70.00	0.437
446.735	0.05	Adapter 3839Hz Probe 3839Hz	60	3.839	70.00	0.437
446.815	0.05	Adapter 3839Hz Probe 3839Hz	60	3.839	70.00	0.437
446.995	0.05	Adapter 3839Hz Probe 3839Hz	60	3.839	70.00	0.437
447.075	0.05	Adapter 3839Hz Probe 3839Hz	60	3.839	70.00	0.437
447.155	0.05	Adapter 3839Hz Probe 3839Hz	60	3.839	70.00	0.437
447.235	0.05	Adapter 3839Hz Probe 3839Hz	60	3.839	70.00	0.437
447.315	0.05	Adapter 3839Hz Probe 3839Hz	60	3.839	70.00	0.437
447.495	0.05	Adapter 3839Hz Probe 3839Hz	60	3.839	70.00	0.437
447.575	0.05	Adapter 3839Hz Probe 3839Hz	60	3.839	70.00	0.437
447.655	0.05	Adapter 3839Hz Probe 3839Hz	60	3.839	70.00	0.437
447.735	0.05	Adapter 3839Hz Probe 3839Hz	60	3.839	70.00	0.437
447.815	0.05	Adapter 3839Hz Probe 3839Hz	60	3.839	70.00	0.437
447.995	0.05	Adapter 3839Hz Probe 3839Hz	60	3.839	70.00	0.437
448.075	0.05	Adapter 3839Hz Probe 3839Hz	60	3.839	70.00	0.437
448.155	0.05	Adapter 3839Hz Probe 3839Hz	60	3.839	70.00	0.437
448.235	0.05	Adapter 3839Hz Probe 3839Hz	60	3.839	70.00	0.437
448.315	0.05	Adapter 3839Hz Probe 3839Hz	60	3.839	70.00	0.437
448.495	0.05	Adapter 3839Hz Probe 3839Hz	60	3.839	70.00	0.437
448.575	0.05	Adapter 3839Hz Probe 3839Hz	60	3.839	70.00	0.437
448.655	0.05	Adapter 3839Hz Probe 3839Hz	60	3.839	70.00	0.437
448.735	0.05	Adapter 3839Hz Probe 3839Hz	60	3.839	70.00	0.437
448.815	0.05	Adapter 3839Hz Probe 3839Hz	60	3.839	70.00	0.437
448.995	0.05	Adapter 3839Hz Probe 3839Hz	60	3.839	70.00	0.437
449.075	0.05	Adapter 3839Hz Probe 3839Hz	60	3.839	70.00	0.437
449.155	0.05	Adapter 3839Hz Probe 3839Hz	60	3.839	70.00	0.437
449.235	0.05	Adapter 3839Hz Probe 3839Hz	60	3.839	70.00	0.437
449.315	0.05	Adapter 3839Hz Probe 3839Hz	60	3.839	70.00	0.437
449.495	0.05	Adapter 3839Hz Probe 3839Hz	60	3.839	70.00	0.437
449.575	0.05	Adapter 3839Hz Probe 3839Hz	60	3.839	70.00	0.437
449.655	0.05	Adapter 3839Hz Probe 3839Hz	60	3.839	70.00	0.437
449.735	0.05	Adapter 3839Hz Probe 3839Hz	60	3.839	70.00	0.437
449.815	0.05	Adapter 3839Hz Probe 3839Hz	60	3.839	70.00	0.437
452.483	0.05	Adapter 6009Hz	61	6.009	70.00	0.671
452.563	0.05	Adapter 6009Hz	61	6.009	70.00	0.671
452.643	0.05	Adapter 6009Hz	61	6.009	70.00	0.671
452.723	0.05	Adapter 6009Hz	61	6.009	70.00	0.671
452.983	0.05	Adapter 6009Hz	61	6.009	70.00	0.671
453.063	0.05	Adapter 6009Hz	61	6.009	70.00	0.671
453.143	0.05	Adapter 6009Hz	61	6.009	70.00	0.671
453.223	0.05	Adapter 6009Hz	61	6.009	70.00	0.671
453.483	0.05	Adapter 6009Hz	61	6.009	70.00	0.671
453.563	0.05	Adapter 6009Hz	61	6.009	70.00	0.671
453.643	0.05	Adapter 6009Hz	61	6.009	70.00	0.671
453.723	0.05	Adapter 6009Hz	61	6.009	70.00	0.671
453.983	0.05	Adapter 6009Hz	61	6.009	70.00	0.671
454.063	0.05	Adapter 6009Hz	61	6.009	70.00	0.671
454.143	0.05	Adapter 6009Hz	61	6.009	70.00	0.671
454.223	0.05	Adapter 6009Hz	61	6.009	70.00	0.671
454.483	0.05	Adapter 6009Hz	61	6.009	70.00	0.671
454.563	0.05	Adapter 6009Hz	61	6.009	70.00	0.671
454.643	0.05	Adapter 6009Hz	61	6.009	70.00	0.671
454.723	0.05	Adapter 6009Hz	61	6.009	70.00	0.671
454.983	0.05	Adapter 6009Hz	61	6.009	70.00	0.671
455.063	0.05	Adapter 6009Hz	61	6.009	70.00	0.671
455.143	0.05	Adapter 6009Hz	61	6.009	70.00	0.671
455.223	0.05	Adapter 6009Hz	61	6.009	70.00	0.671
455.483	0.05	Adapter 6009Hz	61	6.009	70.00	0.671
455.563	0.05	Adapter 6009Hz	61	6.009	70.00	0.671
455.643	0.05	Adapter 6009Hz	61	6.009	70.00	0.671
455.723	0.05	Adapter 6009Hz	61	6.009	70.00	0.671
455.983	0.05	Adapter 6009Hz	61	6.009	70.00	0.671
456.063	0.05	Adapter 6009Hz	61	6.009	70.00	0.671
456.143	0.05	Adapter 6009Hz	61	6.009	70.00	0.671
456.223	0.05	Adapter 6009Hz	61	6.009	70.00	0.671
456.483	0.05	Adapter 6009Hz	61	6.009	70.00	0.671
456.563	0.05	Adapter 6009Hz	61	6.009	70.00	0.671
456.643	0.05	Adapter 6009Hz	61	6.009	70.00	0.671
456.723	0.05	Adapter 6009Hz	61	6.009	70.00	0.671
456.983	0.05	Adapter 6009Hz	61	6.009	70.00	0.671
457.063	0.05	Adapter 6009Hz	61	6.009	70.00	0.671
457.143	0.05	Adapter 6009Hz	61	6.009	70.00	0.671
457.223	0.05	Adapter 6009Hz	61	6.009	70.00	0.671
459.986	0.05	Adapter 2423Hz Probe 3839Hz	62	2.423	70.00	0.285
460.066	0.05	Adapter 2423Hz Probe 3839Hz	62	2.423	70.00	0.285
460.146	0.05	Adapter 2423Hz Probe 3839Hz	62	2.423	70.00	0.285
460.226	0.05	Adapter 2423Hz Probe 3839Hz	62	2.423	70.00	0.285
460.306	0.05	Adapter 2423Hz Probe 3839Hz	62	3.839	70.00	0.437
460.486	0.05	Adapter 2423Hz Probe 3839Hz	62	2.423	70.00	0.285
460.566	0.05	Adapter 2423Hz Probe 3839Hz	62	2.423	70.00	0.285
460.646	0.05	Adapter 2423Hz Probe 3839Hz	62	2.423	70.00	0.285
460.726	0.05	Adapter 2423Hz Probe 3839Hz	62	2.423	70.00	0.285
460.806	0.05	Adapter 2423Hz Probe 3839Hz	62	3.839	70.00	0.437
460.986	0.05	Adapter 2423Hz Probe 3839Hz	62	2.423	70.00	0.285
461.066	0.05	Adapter 2423Hz Probe 3839Hz	62	2.423	70.00	0.285
461.146	0.05	Adapter 2423Hz Probe 3839Hz	62	2.423	70.00	0.285
461.226	0.05	Adapter 2423Hz Probe 3839Hz	62	2.423	70.00	0.285
461.306	0.05	Adapter 2423Hz Probe 3839Hz	62	3.839	70.00	0.437
461.486	0.05	Adapter 2423Hz Probe 3839Hz	62	2.423	70.00	0.285
461.566	0.05	Adapter 2423Hz Probe 3839Hz	62	2.423	70.00	0.285
461.646	0.05	Adapter 2423Hz Probe 3839Hz	62	2.423	70.00	0.285
461.726	0.05	Adapter 2423Hz Probe 3839Hz	62	2.423	70.00	0.285
461.806	0.05	Adapter 2423Hz Probe 3839Hz	62	3.839	70.00	0.437
461.986	0.05	Adapter 2423Hz Probe 3839Hz	62	2.423	70.00	0.285
462.066	0.05	Adapter 2423Hz Probe 3839Hz	62	2.423	70.00	0.285
462.146	0.05	Adapter 2423Hz Probe 3839Hz	62	2.423	70.00	0.285
462.226	0.05	Adapter 2423Hz Probe 3839Hz	62	2.423	70.00	0.285
462.306	0.05	Adapter 2423Hz Probe 3839Hz	62	3.839	70.00	0.437
462.486	0.05	Adapter 2423Hz Probe 3839Hz	62	2.423	70.00	0.285
462.566	0.05	Adapter 2423Hz Probe 3839Hz	62	2.423	70.00	0.285
462.646	0.05	Adapter 2423Hz Probe 3839Hz	62	2.423	70.00	0.285
462.726	0.05	Adapter 2423Hz Probe 3839Hz	62	2.423	70.00	0.285
462.806	0.05	Adapter 2423Hz Probe 3839Hz	62	3.839	70.00	0.437
462.986	0.05	Adapter 2423Hz Probe 3839Hz	62	2.423	70.00	0.285
463.066	0.05	Adapter 2423Hz Probe 3839Hz	62	2.423	70.00	0.285
463.146	0.05	Adapter 2423Hz Probe 3839Hz	62	2.423	70.00	0.285
463.226	0.05	Adapter 2423Hz Probe 3839Hz	62	2.423	70.00	0.285
463.306	0.05	Adapter 2423Hz Probe 3839Hz	62	3.839	70.00	0.437
463.486	0.05	Adapter 2423Hz Probe 3839Hz	62	2.423	70.00	0.285
463.566	0.05	Adapter 2423Hz Probe 3839Hz	62	2.423	70.00	0.285
463.646	0.05	Adapter 2423Hz Probe 3839Hz	62	2.423	70.00	0.285
463.726	0.05	Adapter 2423Hz Probe 3839Hz	62	2.423	70.00	0.285
463.806	0.05	Adapter 2423Hz Probe 3839Hz	62	3.839	70.00	0.437
463.986	0.05	Adapter 2423Hz Probe 3839Hz	62	2.423	70.00	0.285
464.066	0.05	Adapter 2423Hz Probe 3839Hz	62	2.423	70.00	0.285
464.146	0.05	Adapter 2423Hz Probe 3839Hz	62	2.423	70.00	0.285
464.226	0.05	Adapter 2423Hz Probe 3839Hz	62	2.423	70.00	0.285
464.306	0.05	Adapter 2423Hz Probe 3839Hz	62	3.839	70.00	0.437
464.486	0.05	Adapter 2423Hz Probe 3839Hz	62	2.423	70.00	0.285
464.566	0.05	Adapter 2423Hz Probe 3839Hz	62	2.423	70.00	0.285
464.646	0.05	Adapter 2423Hz Probe 3839Hz	62	2.423	70.00	0.285
464.726	0.05	Adapter 2423Hz Probe 3839Hz	62	2.423	70.00	0.285
464.806	0.05	Adapter 2423Hz Probe 3839Hz	62	3.839	70.00	0.437
467.475	0.05	Adapter 507Hz Probe 3839Hz	63	0.507	70.00	0.079
467.555	0.05	Adapter 507Hz Probe 3839Hz	63	0.507	70.00	0.079
467.635	0.05	Adapter 507Hz Probe 3839Hz	63	0.507	70.00	0.079
467.715	0.05	Adapter 507Hz Probe 3839Hz	63	0.507	70.00	0.079
467.795	0.05	Adapter 507Hz Probe 3839Hz	63	3.839	70.00	0.437
467.975	0.05	Adapter 507Hz Probe 3839Hz	63	0.507	70.00	0.079
468.055	0.05	Adapter 507Hz Probe 3839Hz	63	0.507	70.00	0.079
468.135	0.05	Adapter 507Hz Probe 3839Hz	63	0.507	70.00	0.079
468.215	0.05	Adapter 507Hz Probe 3839Hz	63	0.507	70.00	0.079
468.295	0.05	Adapter 507Hz Probe 3839Hz	63	3.839	70.00	0.437
468.475	0.05	Adapter 507Hz Probe 3839Hz	63	0.507	70.00	0.079
468.555	0.05	Adapter 507Hz Probe 3839Hz	63	0.507	70.00	0.079
468.635	0.05	Adapter 507Hz Probe 3839Hz	63	0.507	70.00	0.079
468.715	0.05	Adapter 507Hz Probe 3839Hz	63	0.507	70.00	0.079
468.795	0.05	Adapter 507Hz Probe 3839Hz	63	3.839	70.00	0.437
468.975	0.05	Adapter 507Hz Probe 3839Hz	63	0.507	70.00	0.079
469.055	0.05	Adapter 507Hz Probe 3839Hz	63	0.507	70.00	0.079
469.135	0.05	Adapter 507Hz Probe 3839Hz	63	0.507	70.00	0.079
469.215	0.05	Adapter 507Hz Probe 3839Hz	63	0.507	70.00	0.079
469.295	0.05	Adapter 507Hz Probe 3839Hz	63	3.839	70.00	0.437
469.475	0.05	Adapter 507Hz Probe 3839Hz	63	0.507	70.00	0.079
469.555	0.05	Adapter 507Hz Probe 3839Hz	63	0.507	70.00	0.079
469.635	0.05	Adapter 507Hz Probe 3839Hz	63	0.507	70.00	0.079
469.715	0.05	Adapter 507Hz Probe 3839Hz	63	0.507	70.00	0.079
469.795	0.05	Adapter 507Hz Probe 3839Hz	63	3.839	70.00	0.437
469.975	0.05	Adapter 507Hz Probe 3839Hz	63	0.507	70.00	0.079
470.055	0.05	Adapter 507Hz Probe 3839Hz	63	0.507	70.00	0.079
470.135	0.05	Adapter 507Hz Probe 3839Hz	63	0.507	70.00	0.079
470.215	0.05	Adapter 507Hz Probe 3839Hz	63	0.507	70.00	0.079
470.295	0.05	Adapter 507Hz Probe 3839Hz	63	3.839	70.00	0.437
470.475	0.05	Adapter 507Hz Probe 3839Hz	63	0.507	70.00	0.079
470.555	0.05	Adapter 507Hz Probe 3839Hz	63	0.507	70.00	0.079
470.635	0.05	Adapter 507Hz Probe 3839Hz	63	0.507	70.00	0.079
470.715	0.05	Adapter 507Hz Probe 3839Hz	63	0.507	70.00	0.079
470.795	0.05	Adapter 507Hz Probe 3839Hz	63	3.839	70.00	0.437
470.975	0.05	Adapter 507Hz Probe 3839Hz	63	0.507	70.00	0.079
471.055	0.05	Adapter 507Hz Probe 3839Hz	63	0.507	70.00	0.079
471.135	0.05	Adapter 507Hz Probe 3839Hz	63	0.507	70.00	0.079
471.215	0.05	Adapter 507Hz Probe 3839Hz	63	0.507	70.00	0.079
471.295	0.05	Adapter 507Hz Probe 3839Hz	63	3.839	70.00	0.437
471.475	0.05	Adapter 507Hz Probe 3839Hz	63	0.507	70.00	0.079
471.555	0.05	Adapter 507Hz Probe 3839Hz	63	0.507	70.00	0.079
471.635	0.05	Adapter 507Hz Probe 3839Hz	63	0.507	70.00	0.079
471.715	0.05	Adapter 507Hz Probe 3839Hz	63	0.507	70.00	0.079
471.795	0.05	Adapter 507Hz Probe 3839Hz	63	3.839	70.00	0.437
471.975	0.05	Adapter 507Hz Probe 3839Hz	63	0.507	70.00	0.079
472.055	0.05	Adapter 507Hz Probe 3839Hz	63	0.507	70.00	0.079
472.135	0.05	Adapter 507Hz Probe 3839Hz	63	0.507	70.00	0.079
472.215	0.05	Adapter 507Hz Probe 3839Hz	63	0.507	70.00	0.079
472.295	0.05	Adapter 507Hz Probe 3839Hz	63	3.839	70.00	0.437
475.009	0.05	Adapter 899Hz Probe 3839Hz	64	0.899	70.00	0.121
475.089	0.05	Adapter 899Hz Probe 3839Hz	64	0.899	70.00	0.121
475.169	0.05	Adapter 899Hz Probe 3839Hz	64	0.899	70.00	0.121
475.249	0.05	Adapter 899Hz Probe 3839Hz	64	0.899	70.00	0.121
475.329	0.05	Adapter 899Hz Probe 3839Hz	64	3.839	70.00	0.437
475.509	0.05	Adapter 899Hz Probe 3839Hz	64	0.899	70.00	0.121
475.589	0.05	Adapter 899Hz Probe 3839Hz	64	0.899	70.00	0.121
475.669	0.05	Adapter 899Hz Probe 3839Hz	64	0.899	70.00	0.121
475.749	0.05	Adapter 899Hz Probe 3839Hz	64	0.899	70.00	0.121
475.829	0.05	Adapter 899Hz Probe 3839Hz	64	3.839	70.00	0.437
476.009	0.05	Adapter 899Hz Probe 3839Hz	64	0.899	70.00	0.121
476.089	0.05	Adapter 899Hz Probe 3839Hz	64	0.899	70.00	0.121
476.169	0.05	Adapter 899Hz Probe 3839Hz	64	0.899	70.00	0.121
476.249	0.05	Adapter 899Hz Probe 3839Hz	64	0.899	70.00	0.121
476.329	0.05	Adapter 899Hz Probe 3839Hz	64	3.839	70.00	0.437
476.509	0.05	Adapter 899Hz Probe 3839Hz	64	0.899	70.00	0.121
476.589	0.05	Adapter 899Hz Probe 3839Hz	64	0.899	70.00	0.121
476.669	0.05	Adapter 899Hz Probe 3839Hz	64	0.899	70.00	0.121
476.749	0.05	Adapter 899Hz Probe 3839Hz	64	0.899	70.00	0.121
476.829	0.05	Adapter 899Hz Probe 3839Hz	64	3.839	70.00	0.437
477.009	0.05	Adapter 899Hz Probe 3839Hz	64	0.899	70.00	0.121
477.089	0.05	Adapter 899Hz Probe 3839Hz	64	0.899	70.00	0.121
477.169	0.05	Adapter 899Hz Probe 3839Hz	64	0.899	70.00	0.121
477.249	0.05	Adapter 899Hz Probe 3839Hz	64	0.899	70.00	0.121
477.329	0.05	Adapter 899Hz Probe 3839Hz	64	3.839	70.00	0.437
477.509	0.05	Adapter 899Hz Probe 3839Hz	64	0.899	70.00	0.121
477.589	0.05	Adapter 899Hz Probe 3839Hz	64	0.899	70.00	0.121
477.669	0.05	Adapter 899Hz Probe 3839Hz	64	0.899	70.00	0.121
477.749	0.05	Adapter 899Hz Probe 3839Hz	64	0.899	70.00	0.121
477.829	0.05	Adapter 899Hz Probe 3839Hz	64	3.839	70.00	0.437
478.009	0.05	Adapter 899Hz Probe 3839Hz	64	0.899	70.00	0.121
478.089	0.05	Adapter 899Hz Probe 3839Hz	64	0.899	70.00	0.121
478.169	0.05	Adapter 899Hz Probe 3839Hz	64	0.899	70.00	0.121
478.249	0.05	Adapter 899Hz Probe 3839Hz	64	0.899	70.00	0.121
478.329	0.05	Adapter 899Hz Probe 3839Hz	64	3.839	70.00	0.437
478.509	0.05	Adapter 899Hz Probe 3839Hz	64	0.899	70.00	0.121
478.589	0.05	Adapter 899Hz Probe 3839Hz	64	0.899	70.00	0.121
478.669	0.05	Adapter 899Hz Probe 3839Hz	64	0.899	70.00	0.121
478.749	0.05	Adapter 899Hz Probe 3839Hz	64	0.899	70.00	0.121
478.829	0.05	Adapter 899Hz Probe 3839Hz	64	3.839	70.00	0.437
479.009	0.05	Adapter 899Hz Probe 3839Hz	64	0.899	70.00	0.121
479.089	0.05	Adapter 899Hz Probe 3839Hz	64	0.899	70.00	0.121
479.169	0.05	Adapter 899Hz Probe 3839Hz	64	0.899	70.00	0.121
479.249	0.05	Adapter 899Hz Probe 3839Hz	64	0.899	70.00	0.121
479.329	0.05	Adapter 899Hz Probe 3839Hz	64	3.839	70.00	0.437
479.509	0.05	Adapter 899Hz Probe 3839Hz	64	0.899	70.00	0.121
479.589	0.05	Adapter 899Hz Probe 3839Hz	64	0.899	70.00	0.121
479.669	0.05	Adapter 899Hz Probe 3839Hz	64	0.899	70.00	0.121
479.749	0.05	Adapter 899Hz Probe 3839Hz	64	0.899	70.00	0.121
479.829	0.05	Adapter 899Hz Probe 3839Hz	64	3.839	70.00	0.437
