onset	duration	trial_type	scan	frequency_kHz	level_dB_SPL	bandwidth_kHz
2.5	0.05	Adapter 507Hz Probe 3839Hz	1	0.507	70.00	0.079
2.58	0.05	Adapter 507Hz Probe 3839Hz	1	0.507	70.00	0.079
2.66	0.05	Adapter 507Hz Probe 3839Hz	1	0.507	70.00	0.079
2.74	0.05	Adapter 507Hz Probe 3839Hz	1	0.507	70.00	0.079
2.82	0.05	Adapter 507Hz Probe 3839Hz	1	3.839	70.00	0.437
3.0	0.05	Adapter 507Hz Probe 3839Hz	1	0.507	70.00	0.079
3.08	0.05	Adapter 507Hz Probe 3839Hz	1	0.507	70.00	0.079
3.16	0.05	Adapter 507Hz Probe 3839Hz	1	0.507	70.00	0.079
3.24	0.05	Adapter 507Hz Probe 3839Hz	1	0.507	70.00	0.079
3.32	0.05	Adapter 507Hz Probe 3839Hz	1	3.839	70.00	0.437
3.5	0.05	Adapter 507Hz Probe 3839Hz	1	0.507	70.00	0.079
3.58	0.05	Adapter 507Hz Probe 3839Hz	1	0.507	70.00	0.079
3.66	0.05	Adapter 507Hz Probe 3839Hz	1	0.507	70.00	0.079
3.74	0.05	Adapter 507Hz Probe 3839Hz	1	0.507	70.00	0.079
3.82	0.05	Adapter 507Hz Probe 3839Hz	1	3.839	70.00	0.437
4.0	0.05	Adapter 507Hz Probe 3839Hz	1	0.507	70.00	0.079
4.08	0.05	Adapter 507Hz Probe 3839Hz	1	0.507	70.00	0.079
4.16	0.05	Adapter 507Hz Probe 3839Hz	1	0.507	70.00	0.079
4.24	0.05	Adapter 507Hz Probe 3839Hz	1	0.507	70.00	0.079
4.32	0.05	Adapter 507Hz Probe 3839Hz	1	3.839	70.00	0.437
4.5	0.05	Adapter 507Hz Probe 3839Hz	1	0.507	70.00	0.079
4.58	0.05	Adapter 507Hz Probe 3839Hz	1	0.507	70.00	0.079
4.66	0.05	Adapter 507Hz Probe 3839Hz	1	0.507	70.00	0.079
4.74	0.05	Adapter 507Hz Probe 3839Hz	1	0.507	70.00	0.079
4.82	0.05	Adapter 507Hz Probe 3839Hz	1	3.839	70.00	0.437
5.0	0.05	Adapter 507Hz Probe 3839Hz	1	0.507	70.00	0.079
5.08	0.05	Adapter 507Hz Probe 3839Hz	1	0.507	70.00	0.079
5.16	0.05	Adapter 507Hz Probe 3839Hz	1	0.507	70.00	0.079
5.24	0.05	Adapter 507Hz Probe 3839Hz	1	0.507	70.00	0.079
5.32	0.05	Adapter 507Hz Probe 3839Hz	1	3.839	70.00	0.437
5.5	0.05	Adapter 507Hz Probe 3839Hz	1	0.507	70.00	0.079
5.58	0.05	Adapter 507Hz Probe 3839Hz	1	0.507	70.00	0.079
5.66	0.05	Adapter 507Hz Probe 3839Hz	1	0.507	70.00	0.079
5.74	0.05	Adapter 507Hz Probe 3839Hz	1	0.507	70.00	0.079
5.82	0.05	Adapter 507Hz Probe 3839Hz	1	3.839	70.00	0.437
6.0	0.05	Adapter 507Hz Probe 3839Hz	1	0.507	70.00	0.079
6.08	0.05	Adapter 507Hz Probe 3839Hz	1	0.507	70.00	0.079
6.16	0.05	Adapter 507Hz Probe 3839Hz	1	0.507	70.00	0.079
6.24	0.05	Adapter 507Hz Probe 3839Hz	1	0.507	70.00	0.079
6.32	0.05	Adapter 507Hz Probe 3839Hz	1	3.839	70.00	0.437
6.5	0.05	Adapter 507Hz Probe 3839Hz	1	0.507	70.00	0.079
6.58	0.05	Adapter 507Hz Probe 3839Hz	1	0.507	70.00	0.079
6.66	0.05	Adapter 507Hz Probe 3839Hz	1	0.507	70.00	0.079
6.74	0.05	Adapter 507Hz Probe 3839Hz	1	0.507	70.00	0.079
6.82	0.05	Adapter 507Hz Probe 3839Hz	1	3.839	70.00	0.437
7.0	0.05	Adapter 507Hz Probe 3839Hz	1	0.507	70.00	0.079
7.08	0.05	Adapter 507Hz Probe 3839Hz	1	0.507	70.00	0.079
7.16	0.05	Adapter 507Hz Probe 3839Hz	1	0.507	70.00	0.079
7.24	0.05	Adapter 507Hz Probe 3839Hz	1	0.507	70.00	0.079
7.32	0.05	Adapter 507Hz Probe 3839Hz	1	3.839	70.00	0.437
10.004	0.05	Adapter 251Hz	2	0.251	70.00	0.052
10.084	0.05	Adapter 251Hz	2	0.251	70.00	0.052
10.164	0.05	Adapter 251Hz	2	0.251	70.00	0.052
10.244	0.05	Adapter 251Hz	2	0.251	70.00	0.052
10.504	0.05	Adapter 251Hz	2	0.251	70.00	0.052
10.584	0.05	Adapter 251Hz	2	0.251	70.00	0.052
10.664	0.05	Adapter 251Hz	2	0.251	70.00	0.052
10.744	0.05	Adapter 251Hz	2	0.251	70.00	0.052
11.004	0.05	Adapter 251Hz	2	0.251	70.00	0.052
11.084	0.05	Adapter 251Hz	2	0.251	70.00	0.052
11.164	0.05	Adapter 251Hz	2	0.251	70.00	0.052
11.244	0.05	Adapter 251Hz	2	0.251	70.00	0.052
11.504	0.05	Adapter 251Hz	2	0.251	70.00	0.052
11.584	0.05	Adapter 251Hz	2	0.251	70.00	0.052
11.664	0.05	Adapter 251Hz	2	0.251	70.00	0.052
11.744	0.05	Adapter 251Hz	2	0.251	70.00	0.052
12.004	0.05	Adapter 251Hz	2	0.251	70.00	0.052
12.084	0.05	Adapter 251Hz	2	0.251	70.00	0.052
12.164	0.05	Adapter 251Hz	2	0.251	70.00	0.052
12.244	0.05	Adapter 251Hz	2	0.251	70.00	0.052
12.504	0.05	Adapter 251Hz	2	0.251	70.00	0.052
12.584	0.05	Adapter 251Hz	2	0.251	70.00	0.052
12.664	0.05	Adapter 251Hz	2	0.251	70.00	0.052
12.744	0.05	Adapter 251Hz	2	0.251	70.00	0.052
13.004	0.05	Adapter 251Hz	2	0.251	70.00	0.052
13.084	0.05	Adapter 251Hz	2	0.251	70.00	0.052
13.164	0.05	Adapter 251Hz	2	0.251	70.00	0.052
13.244	0.05	Adapter 251Hz	2	0.251	70.00	0.052
13.504	0.05	Adapter 251Hz	2	0.251	70.00	0.052
13.584	0.05	Adapter 251Hz	2	0.251	70.00	0.052
13.664	0.05	Adapter 251Hz	2	0.251	70.00	0.052
13.744	0.05	Adapter 251Hz	2	0.251	70.00	0.052
14.004	0.05	Adapter 251Hz	2	0.251	70.00	0.052
14.084	0.05	Adapter 251Hz	2	0.251	70.00	0.052
14.164	0.05	Adapter 251Hz	2	0.251	70.00	0.052
14.244	0.05	Adapter 251Hz	2	0.251	70.00	0.052
14.504	0.05	Adapter 251Hz	2	0.251	70.00	0.052
14.584	0.05	Adapter 251Hz	2	0.251	70.00	0.052
14.664	0.05	Adapter 251Hz	2	0.251	70.00	0.052
14.744	0.05	Adapter 251Hz	2	0.251	70.00	0.052
17.539	0.05	Adapter 2423Hz Probe 3839Hz	3	2.423	70.00	0.285
17.619	0.05	Adapter 2423Hz Probe 3839Hz	3	2.423	70.00	0.285
17.699	0.05	Adapter 2423Hz Probe 3839Hz	3	2.423	70.00	0.285
17.779	0.05	Adapter 2423Hz Probe 3839Hz	3	2.423	70.00	0.285
17.859	0.05	Adapter 2423Hz Probe 3839Hz	3	3.839	70.00	0.437
18.039	0.05	Adapter 2423Hz Probe 3839Hz	3	2.423	70.00	0.285
18.119	0.05	Adapter 2423Hz Probe 3839Hz	3	2.423	70.00	0.285
18.199	0.05	Adapter 2423Hz Probe 3839Hz	3	2.423	70.00	0.285
18.279	0.05	Adapter 2423Hz Probe 3839Hz	3	2.423	70.00	0.285
18.359	0.05	Adapter 2423Hz Probe 3839Hz	3	3.839	70.00	0.437
18.539	0.05	Adapter 2423Hz Probe 3839Hz	3	2.423	70.00	0.285
18.619	0.05	Adapter 2423Hz Probe 3839Hz	3	2.423	70.00	0.285
18.699	0.05	Adapter 2423Hz Probe 3839Hz	3	2.423	70.00	0.285
18.779	0.05	Adapter 2423Hz Probe 3839Hz	3	2.423	70.00	0.285
18.859	0.05	Adapter 2423Hz Probe 3839Hz	3	3.839	70.00	0.437
19.039	0.05	Adapter 2423Hz Probe 3839Hz	3	2.423	70.00	0.285
19.119	0.05	Adapter 2423Hz Probe 3839Hz	3	2.423	70.00	0.285
19.199	0.05	Adapter 2423Hz Probe 3839Hz	3	2.423	70.00	0.285
19.279	0.05	Adapter 2423Hz Probe 3839Hz	3	2.423	70.00	0.285
19.359	0.05	Adapter 2423Hz Probe 3839Hz	3	3.839	70.00	0.437
19.539	0.05	Adapter 2423Hz Probe 3839Hz	3	2.423	70.00	0.285
19.619	0.05	Adapter 2423Hz Probe 3839Hz	3	2.423	70.00	0.285
19.699	0.05	Adapter 2423Hz Probe 3839Hz	3	2.423	70.00	0.285
19.779	0.05	Adapter 2423Hz Probe 3839Hz	3	2.423	70.00	0.285
19.859	0.05	Adapter 2423Hz Probe 3839Hz	3	3.839	70.00	0.437
20.039	0.05	Adapter 2423Hz Probe 3839Hz	3	2.423	70.00	0.285
20.119	0.05	Adapter 2423Hz Probe 3839Hz	3	2.423	70.00	0.285
20.199	0.05	Adapter 2423Hz Probe 3839Hz	3	2.423	70.00	0.285
20.279	0.05	Adapter 2423Hz Probe 3839Hz	3	2.423	70.00	0.285
20.359	0.05	Adapter 2423Hz Probe 3839Hz	3	3.839	70.00	0.437
20.539	0.05	Adapter 2423Hz Probe 3839Hz	3	2.423	70.00	0.285
20.619	0.05	Adapter 2423Hz Probe 3839Hz	3	2.423	70.00	0.285
20.699	0.05	Adapter 2423Hz Probe 3839Hz	3	2.423	70.00	0.285
20.779	0.05	Adapter 2423Hz Probe 3839Hz	3	2.423	70.00	0.285
20.859	0.05	Adapter 2423Hz Probe 3839Hz	3	3.839	70.00	0.437
21.039	0.05	Adapter 2423Hz Probe 3839Hz	3	2.423	70.00	0.285
21.119	0.05	Adapter 2423Hz Probe 3839Hz	3	2.423	70.00	0.285
21.199	0.05	Adapter 2423Hz Probe 3839Hz	3	2.423	70.00	0.285
21.279	0.05	Adapter 2423Hz Probe 3839Hz	3	2.423	70.00	0.285
21.359	0.05	Adapter 2423Hz Probe 3839Hz	3	3.839	70.00	0.437
21.539	0.05	Adapter 2423Hz Probe 3839Hz	3	2.423	70.00	0.285
21.619	0.05	Adapter 2423Hz Probe 3839Hz	3	2.423	70.00	0.285
21.699	0.05	Adapter 2423Hz Probe 3839Hz	3	2.423	70.00	0.285
21.779	0.05	Adapter 2423Hz Probe 3839Hz	3	2.423	70.00	0.285
21.859	0.05	Adapter 2423Hz Probe 3839Hz	3	3.839	70.00	0.437
22.039	0.05	Adapter 2423Hz Probe 3839Hz	3	2.423	70.00	0.285
22.119	0.05	Adapter 2423Hz Probe 3839Hz	3	2.423	70.00	0.285
22.199	0.05	Adapter 2423Hz Probe 3839Hz	3	2.423	70.00	0.285
22.279	0.05	Adapter 2423Hz Probe 3839Hz	3	2.423	70.00	0.285
22.359	0.05	Adapter 2423Hz Probe 3839Hz	3	3.839	70.00	0.437
25.011	0.05	Adapter 899Hz	4	0.899	70.00	0.121
25.091	0.05	Adapter 899Hz	4	0.899	70.00	0.121
25.171	0.05	Adapter 899Hz	4	0.899	70.00	0.121
25.251	0.05	Adapter 899Hz	4	0.899	70.00	0.121
25.511	0.05	Adapter 899Hz	4	0.899	70.00	0.121
25.591	0.05	Adapter 899Hz	4	0.899	70.00	0.121
25.671	0.05	Adapter 899Hz	4	0.899	70.00	0.121
25.751	0.05	Adapter 899Hz	4	0.899	70.00	0.121
26.011	0.05	Adapter 899Hz	4	0.899	70.00	0.121
26.091	0.05	Adapter 899Hz	4	0.899	70.00	0.121
26.171	0.05	Adapter 899Hz	4	0.899	70.00	0.121
26.251	0.05	Adapter 899Hz	4	0.899	70.00	0.121
26.511	0.05	Adapter 899Hz	4	0.899	70.00	0.121
26.591	0.05	Adapter 899Hz	4	0.899	70.00	0.121
26.671	0.05	Adapter 899Hz	4	0.899	70.00	0.121
26.751	0.05	Adapter 899Hz	4	0.899	70.00	0.121
27.011	0.05	Adapter 899Hz	4	0.899	70.00	0.121
27.091	0.05	Adapter 899Hz	4	0.899	70.00	0.121
27.171	0.05	Adapter 899Hz	4	0.899	70.00	0.121
27.251	0.05	Adapter 899Hz	4	0.899	70.00	0.121
27.511	0.05	Adapter 899Hz	4	0.899	70.00	0.121
27.591	0.05	Adapter 899Hz	4	0.899	70.00	0.121
27.671	0.05	Adapter 899Hz	4	0.899	70.00	0.121
27.751	0.05	Adapter 899Hz	4	0.899	70.00	0.121
28.011	0.05	Adapter 899Hz	4	0.899	70.00	0.121
28.091	0.05	Adapter 899Hz	4	0.899	70.00	0.121
28.171	0.05	Adapter 899Hz	4	0.899	70.00	0.121
28.251	0.05	Adapter 899Hz	4	0.899	70.00	0.121
28.511	0.05	Adapter 899Hz	4	0.899	70.00	0.121
28.591	0.05	Adapter 899Hz	4	0.899	70.00	0.121
28.671	0.05	Adapter 899Hz	4	0.899	70.00	0.121
28.751	0.05	Adapter 899Hz	4	0.899	70.00	0.121
29.011	0.05	Adapter 899Hz	4	0.899	70.00	0.121
29.091	0.05	Adapter 899Hz	4	0.899	70.00	0.121
29.171	0.05	Adapter 899Hz	4	0.899	70.00	0.121
29.251	0.05	Adapter 899Hz	4	0.899	70.00	0.121
29.511	0.05	Adapter 899Hz	4	0.899	70.00	0.121
29.591	0.05	Adapter 899Hz	4	0.899	70.00	0.121
29.671	0.05	Adapter 899Hz	4	0.899	70.00	0.121
29.751	0.05	Adapter 899Hz	4	0.899	70.00	0.121
32.499	0.05	Adapter 3839Hz	5	3.839	70.00	0.437
32.579	0.05	Adapter 3839Hz	5	3.839	70.00	0.437
32.659	0.05	Adapter 3839Hz	5	3.839	70.00	0.437
32.739	0.05	Adapter 3839Hz	5	3.839	70.00	0.437
32.999	0.05	Adapter 3839Hz	5	3.839	70.00	0.437
33.079	0.05	Adapter 3839Hz	5	3.839	70.00	0.437
33.159	0.05	Adapter 3839Hz	5	3.839	70.00	0.437
33.239	0.05	Adapter 3839Hz	5	3.839	70.00	0.437
33.499	0.05	Adapter 3839Hz	5	3.839	70.00	0.437
33.579	0.05	Adapter 3839Hz	5	3.839	70.00	0.437
33.659	0.05	Adapter 3839Hz	5	3.839	70.00	0.437
33.739	0.05	Adapter 3839Hz	5	3.839	70.00	0.437
33.999	0.05	Adapter 3839Hz	5	3.839	70.00	0.437
34.079	0.05	Adapter 3839Hz	5	3.839	70.00	0.437
34.159	0.05	Adapter 3839Hz	5	3.839	70.00	0.437
34.239	0.05	Adapter 3839Hz	5	3.839	70.00	0.437
34.499	0.05	Adapter 3839Hz	5	3.839	70.00	0.437
34.579	0.05	Adapter 3839Hz	5	3.839	70.00	0.437
34.659	0.05	Adapter 3839Hz	5	3.839	70.00	0.437
34.739	0.05	Adapter 3839Hz	5	3.839	70.00	0.437
34.999	0.05	Adapter 3839Hz	5	3.839	70.00	0.437
35.079	0.05	Adapter 3839Hz	5	3.839	70.00	0.437
35.159	0.05	Adapter 3839Hz	5	3.839	70.00	0.437
35.239	0.05	Adapter 3839Hz	5	3.839	70.00	0.437
35.499	0.05	Adapter 3839Hz	5	3.839	70.00	0.437
35.579	0.05	Adapter 3839Hz	5	3.839	70.00	0.437
35.659	0.05	Adapter 3839Hz	5	3.839	70.00	0.437
35.739	0.05	Adapter 3839Hz	5	3.839	70.00	0.437
35.999	0.05	Adapter 3839Hz	5	3.839	70.00	0.437
36.079	0.05	Adapter 3839Hz	5	3.839	70.00	0.437
36.159	0.05	Adapter 3839Hz	5	3.839	70.00	0.437
36.239	0.05	Adapter 3839Hz	5	3.839	70.00	0.437
36.499	0.05	Adapter 3839Hz	5	3.839	70.00	0.437
36.579	0.05	Adapter 3839Hz	5	3.839	70.00	0.437
36.659	0.05	Adapter 3839Hz	5	3.839	70.00	0.437
36.739	0.05	Adapter 3839Hz	5	3.839	70.00	0.437
36.999	0.05	Adapter 3839Hz	5	3.839	70.00	0.437
37.079	0.05	Adapter 3839Hz	5	3.839	70.00	0.437
37.159	0.05	Adapter 3839Hz	5	3.839	70.00	0.437
37.239	0.05	Adapter 3839Hz	5	3.839	70.00	0.437
40.018	0.05	Adapter 1501Hz Probe 3839Hz	6	1.501	70.00	0.186
40.098	0.05	Adapter 1501Hz Probe 3839Hz	6	1.501	70.00	0.186
40.178	0.05	Adapter 1501Hz Probe 3839Hz	6	1.501	70.00	0.186
40.258	0.05	Adapter 1501Hz Probe 3839Hz	6	1.501	70.00	0.186
40.338	0.05	Adapter 1501Hz Probe 3839Hz	6	3.839	70.00	0.437
40.518	0.05	Adapter 1501Hz Probe 3839Hz	6	1.501	70.00	0.186
40.598	0.05	Adapter 1501Hz Probe 3839Hz	6	1.501	70.00	0.186
40.678	0.05	Adapter 1501Hz Probe 3839Hz	6	1.501	70.00	0.186
40.758	0.05	Adapter 1501Hz Probe 3839Hz	6	1.501	70.00	0.186
40.838	0.05	Adapter 1501Hz Probe 3839Hz	6	3.839	70.00	0.437
41.018	0.05	Adapter 1501Hz Probe 3839Hz	6	1.501	70.00	0.186
41.098	0.05	Adapter 1501Hz Probe 3839Hz	6	1.501	70.00	0.186
41.178	0.05	Adapter 1501Hz Probe 3839Hz	6	1.501	70.00	0.186
41.258	0.05	Adapter 1501Hz Probe 3839Hz	6	1.501	70.00	0.186
41.338	0.05	Adapter 1501Hz Probe 3839Hz	6	3.839	70.00	0.437
41.518	0.05	Adapter 1501Hz Probe 3839Hz	6	1.501	70.00	0.186
41.598	0.05	Adapter 1501Hz Probe 3839Hz	6	1.501	70.00	0.186
41.678	0.05	Adapter 1501Hz Probe 3839Hz	6	1.501	70.00	0.186
41.758	0.05	Adapter 1501Hz Probe 3839Hz	6	1.501	70.00	0.186
41.838	0.05	Adapter 1501Hz Probe 3839Hz	6	3.839	70.00	0.437
42.018	0.05	Adapter 1501Hz Probe 3839Hz	6	1.501	70.00	0.186
42.098	0.05	Adapter 1501Hz Probe 3839Hz	6	1.501	70.00	0.186
42.178	0.05	Adapter 1501Hz Probe 3839Hz	6	1.501	70.00	0.186
42.258	0.05	Adapter 1501Hz Probe 3839Hz	6	1.501	70.00	0.186
42.338	0.05	Adapter 1501Hz Probe 3839Hz	6	3.839	70.00	0.437
42.518	0.05	Adapter 1501Hz Probe 3839Hz	6	1.501	70.00	0.186
42.598	0.05	Adapter 1501Hz Probe 3839Hz	6	1.501	70.00	0.186
42.678	0.05	Adapter 1501Hz Probe 3839Hz	6	1.501	70.00	0.186
42.758	0.05	Adapter 1501Hz Probe 3839Hz	6	1.501	70.00	0.186
42.838	0.05	Adapter 1501Hz Probe 3839Hz	6	3.839	70.00	0.437
43.018	0.05	Adapter 1501Hz Probe 3839Hz	6	1.501	70.00	0.186
43.098	0.05	Adapter 1501Hz Probe 3839Hz	6	1.501	70.00	0.186
43.178	0.05	Adapter 1501Hz Probe 3839Hz	6	1.501	70.00	0.186
43.258	0.05	Adapter 1501Hz Probe 3839Hz	6	1.501	70.00	0.186
43.338	0.05	Adapter 1501Hz Probe 3839Hz	6	3.839	70.00	0.437
43.518	0.05	Adapter 1501Hz Probe 3839Hz	6	1.501	70.00	0.186
43.598	0.05	Adapter 1501Hz Probe 3839Hz	6	1.501	70.00	0.186
43.678	0.05	Adapter 1501Hz Probe 3839Hz	6	1.501	70.00	0.186
43.758	0.05	Adapter 1501Hz Probe 3839Hz	6	1.501	70.00	0.186
43.838	0.05	Adapter 1501Hz Probe 3839Hz	6	3.839	70.00	0.437
44.018	0.05	Adapter 1501Hz Probe 3839Hz	6	1.501	70.00	0.186
44.098	0.05	Adapter 1501Hz Probe 3839Hz	6	1.501	70.00	0.186
44.178	0.05	Adapter 1501Hz Probe 3839Hz	6	1.501	70.00	0.186
44.258	0.05	Adapter 1501Hz Probe 3839Hz	6	1.501	70.00	0.186
44.338	0.05	Adapter 1501Hz Probe 3839Hz	6	3.839	70.00	0.437
44.518	0.05	Adapter 1501Hz Probe 3839Hz	6	1.501	70.00	0.186
44.598	0.05	Adapter 1501Hz Probe 3839Hz	6	1.501	70.00	0.186
44.678	0.05	Adapter 1501Hz Probe 3839Hz	6	1.501	70.00	0.186
44.758	0.05	Adapter 1501Hz Probe 3839Hz	6	1.501	70.00	0.186
44.838	0.05	Adapter 1501Hz Probe 3839Hz	6	3.839	70.00	0.437
55.026	0.05	Adapter 6009Hz	8	6.009	70.00	0.671
55.106	0.05	Adapter 6009Hz	8	6.009	70.00	0.671
55.186	0.05	Adapter 6009Hz	8	6.009	70.00	0.671
55.266	0.05	Adapter 6009Hz	8	6.009	70.00	0.671
55.526	0.05	Adapter 6009Hz	8	6.009	70.00	0.671
55.606	0.05	Adapter 6009Hz	8	6.009	70.00	0.671
55.686	0.05	Adapter 6009Hz	8	6.009	70.00	0.671
55.766	0.05	Adapter 6009Hz	8	6.009	70.00	0.671
56.026	0.05	Adapter 6009Hz	8	6.009	70.00	0.671
56.106	0.05	Adapter 6009Hz	8	6.009	70.00	0.671
56.186	0.05	Adapter 6009Hz	8	6.009	70.00	0.671
56.266	0.05	Adapter 6009Hz	8	6.009	70.00	0.671
56.526	0.05	Adapter 6009Hz	8	6.009	70.00	0.671
56.606	0.05	Adapter 6009Hz	8	6.009	70.00	0.671
56.686	0.05	Adapter 6009Hz	8	6.009	70.00	0.671
56.766	0.05	Adapter 6009Hz	8	6.009	70.00	0.671
57.026	0.05	Adapter 6009Hz	8	6.009	70.00	0.671
57.106	0.05	Adapter 6009Hz	8	6.009	70.00	0.671
57.186	0.05	Adapter 6009Hz	8	6.009	70.00	0.671
57.266	0.05	Adapter 6009Hz	8	6.009	70.00	0.671
57.526	0.05	Adapter 6009Hz	8	6.009	70.00	0.671
57.606	0.05	Adapter 6009Hz	8	6.009	70.00	0.671
57.686	0.05	Adapter 6009Hz	8	6.009	70.00	0.671
57.766	0.05	Adapter 6009Hz	8	6.009	70.00	0.671
58.026	0.05	Adapter 6009Hz	8	6.009	70.00	0.671
58.106	0.05	Adapter 6009Hz	8	6.009	70.00	0.671
58.186	0.05	Adapter 6009Hz	8	6.009	70.00	0.671
58.266	0.05	Adapter 6009Hz	8	6.009	70.00	0.671
58.526	0.05	Adapter 6009Hz	8	6.009	70.00	0.671
58.606	0.05	Adapter 6009Hz	8	6.009	70.00	0.671
58.686	0.05	Adapter 6009Hz	8	6.009	70.00	0.671
58.766	0.05	Adapter 6009Hz	8	6.009	70.00	0.671
59.026	0.05	Adapter 6009Hz	8	6.009	70.00	0.671
59.106	0.05	Adapter 6009Hz	8	6.009	70.00	0.671
59.186	0.05	Adapter 6009Hz	8	6.009	70.00	0.671
59.266	0.05	Adapter 6009Hz	8	6.009	70.00	0.671
59.526	0.05	Adapter 6009Hz	8	6.009	70.00	0.671
59.606	0.05	Adapter 6009Hz	8	6.009	70.00	0.671
59.686	0.05	Adapter 6009Hz	8	6.009	70.00	0.671
59.766	0.05	Adapter 6009Hz	8	6.009	70.00	0.671
62.865	0.05	Probe 3839Hz	9	3.839	70.00	0.437
63.365	0.05	Probe 3839Hz	9	3.839	70.00	0.437
63.865	0.05	Probe 3839Hz	9	3.839	70.00	0.437
64.365	0.05	Probe 3839Hz	9	3.839	70.00	0.437
64.865	0.05	Probe 3839Hz	9	3.839	70.00	0.437
65.365	0.05	Probe 3839Hz	9	3.839	70.00	0.437
65.865	0.05	Probe 3839Hz	9	3.839	70.00	0.437
66.365	0.05	Probe 3839Hz	9	3.839	70.00	0.437
66.865	0.05	Probe 3839Hz	9	3.839	70.00	0.437
67.365	0.05	Probe 3839Hz	9	3.839	70.00	0.437
85.024	0.05	Adapter 899Hz Probe 3839Hz	12	0.899	70.00	0.121
85.104	0.05	Adapter 899Hz Probe 3839Hz	12	0.899	70.00	0.121
85.184	0.05	Adapter 899Hz Probe 3839Hz	12	0.899	70.00	0.121
85.264	0.05	Adapter 899Hz Probe 3839Hz	12	0.899	70.00	0.121
85.344	0.05	Adapter 899Hz Probe 3839Hz	12	3.839	70.00	0.437
85.524	0.05	Adapter 899Hz Probe 3839Hz	12	0.899	70.00	0.121
85.604	0.05	Adapter 899Hz Probe 3839Hz	12	0.899	70.00	0.121
85.684	0.05	Adapter 899Hz Probe 3839Hz	12	0.899	70.00	0.121
85.764	0.05	Adapter 899Hz Probe 3839Hz	12	0.899	70.00	0.121
85.844	0.05	Adapter 899Hz Probe 3839Hz	12	3.839	70.00	0.437
86.024	0.05	Adapter 899Hz Probe 3839Hz	12	0.899	70.00	0.121
86.104	0.05	Adapter 899Hz Probe 3839Hz	12	0.899	70.00	0.121
86.184	0.05	Adapter 899Hz Probe 3839Hz	12	0.899	70.00	0.121
86.264	0.05	Adapter 899Hz Probe 3839Hz	12	0.899	70.00	0.121
86.344	0.05	Adapter 899Hz Probe 3839Hz	12	3.839	70.00	0.437
86.524	0.05	Adapter 899Hz Probe 3839Hz	12	0.899	70.00	0.121
86.604	0.05	Adapter 899Hz Probe 3839Hz	12	0.899	70.00	0.121
86.684	0.05	Adapter 899Hz Probe 3839Hz	12	0.899	70.00	0.121
86.764	0.05	Adapter 899Hz Probe 3839Hz	12	0.899	70.00	0.121
86.844	0.05	Adapter 899Hz Probe 3839Hz	12	3.839	70.00	0.437
87.024	0.05	Adapter 899Hz Probe 3839Hz	12	0.899	70.00	0.121
87.104	0.05	Adapter 899Hz Probe 3839Hz	12	0.899	70.00	0.121
87.184	0.05	Adapter 899Hz Probe 3839Hz	12	0.899	70.00	0.121
87.264	0.05	Adapter 899Hz Probe 3839Hz	12	0.899	70.00	0.121
87.344	0.05	Adapter 899Hz Probe 3839Hz	12	3.839	70.00	0.437
87.524	0.05	Adapter 899Hz Probe 3839Hz	12	0.899	70.00	0.121
87.604	0.05	Adapter 899Hz Probe 3839Hz	12	0.899	70.00	0.121
87.684	0.05	Adapter 899Hz Probe 3839Hz	12	0.899	70.00	0.121
87.764	0.05	Adapter 899Hz Probe 3839Hz	12	0.899	70.00	0.121
87.844	0.05	Adapter 899Hz Probe 3839Hz	12	3.839	70.00	0.437
88.024	0.05	Adapter 899Hz Probe 3839Hz	12	0.899	70.00	0.121
88.104	0.05	Adapter 899Hz Probe 3839Hz	12	0.899	70.00	0.121
88.184	0.05	Adapter 899Hz Probe 3839Hz	12	0.899	70.00	0.121
88.264	0.05	Adapter 899Hz Probe 3839Hz	12	0.899	70.00	0.121
88.344	0.05	Adapter 899Hz Probe 3839Hz	12	3.839	70.00	0.437
88.524	0.05	Adapter 899Hz Probe 3839Hz	12	0.899	70.00	0.121
88.604	0.05	Adapter 899Hz Probe 3839Hz	12	0.899	70.00	0.121
88.684	0.05	Adapter 899Hz Probe 3839Hz	12	0.899	70.00	0.121
88.764	0.05	Adapter 899Hz Probe 3839Hz	12	0.899	70.00	0.121
88.844	0.05	Adapter 899Hz Probe 3839Hz	12	3.839	70.00	0.437
89.024	0.05	Adapter 899Hz Probe 3839Hz	12	0.899	70.00	0.121
89.104	0.05	Adapter 899Hz Probe 3839Hz	12	0.899	70.00	0.121
89.184	0.05	Adapter 899Hz Probe 3839Hz	12	0.899	70.00	0.121
89.264	0.05	Adapter 899Hz Probe 3839Hz	12	0.899	70.00	0.121
89.344	0.05	Adapter 899Hz Probe 3839Hz	12	3.839	70.00	0.437
89.524	0.05	Adapter 899Hz Probe 3839Hz	12	0.899	70.00	0.121
89.604	0.05	Adapter 899Hz Probe 3839Hz	12	0.899	70.00	0.121
89.684	0.05	Adapter 899Hz Probe 3839Hz	12	0.899	70.00	0.121
89.764	0.05	Adapter 899Hz Probe 3839Hz	12	0.899	70.00	0.121
89.844	0.05	Adapter 899Hz Probe 3839Hz	12	3.839	70.00	0.437
92.544	0.05	Adapter 2423Hz	13	2.423	70.00	0.285
92.624	0.05	Adapter 2423Hz	13	2.423	70.00	0.285
92.704	0.05	Adapter 2423Hz	13	2.423	70.00	0.285
92.784	0.05	Adapter 2423Hz	13	2.423	70.00	0.285
93.044	0.05	Adapter 2423Hz	13	2.423	70.00	0.285
93.124	0.05	Adapter 2423Hz	13	2.423	70.00	0.285
93.204	0.05	Adapter 2423Hz	13	2.423	70.00	0.285
93.284	0.05	Adapter 2423Hz	13	2.423	70.00	0.285
93.544	0.05	Adapter 2423Hz	13	2.423	70.00	0.285
93.624	0.05	Adapter 2423Hz	13	2.423	70.00	0.285
93.704	0.05	Adapter 2423Hz	13	2.423	70.00	0.285
93.784	0.05	Adapter 2423Hz	13	2.423	70.00	0.285
94.044	0.05	Adapter 2423Hz	13	2.423	70.00	0.285
94.124	0.05	Adapter 2423Hz	13	2.423	70.00	0.285
94.204	0.05	Adapter 2423Hz	13	2.423	70.00	0.285
94.284	0.05	Adapter 2423Hz	13	2.423	70.00	0.285
94.544	0.05	Adapter 2423Hz	13	2.423	70.00	0.285
94.624	0.05	Adapter 2423Hz	13	2.423	70.00	0.285
94.704	0.05	Adapter 2423Hz	13	2.423	70.00	0.285
94.784	0.05	Adapter 2423Hz	13	2.423	70.00	0.285
95.044	0.05	Adapter 2423Hz	13	2.423	70.00	0.285
95.124	0.05	Adapter 2423Hz	13	2.423	70.00	0.285
95.204	0.05	Adapter 2423Hz	13	2.423	70.00	0.285
95.284	0.05	Adapter 2423Hz	13	2.423	70.00	0.285
95.544	0.05	Adapter 2423Hz	13	2.423	70.00	0.285
95.624	0.05	Adapter 2423Hz	13	2.423	70.00	0.285
95.704	0.05	Adapter 2423Hz	13	2.423	70.00	0.285
95.784	0.05	Adapter 2423Hz	13	2.423	70.00	0.285
96.044	0.05	Adapter 2423Hz	13	2.423	70.00	0.285
96.124	0.05	Adapter 2423Hz	13	2.423	70.00	0.285
96.204	0.05	Adapter 2423Hz	13	2.423	70.00	0.285
96.284	0.05	Adapter 2423Hz	13	2.423	70.00	0.285
96.544	0.05	Adapter 2423Hz	13	2.423	70.00	0.285
96.624	0.05	Adapter 2423Hz	13	2.423	70.00	0.285
96.704	0.05	Adapter 2423Hz	13	2.423	70.00	0.285
96.784	0.05	Adapter 2423Hz	13	2.423	70.00	0.285
97.044	0.05	Adapter 2423Hz	13	2.423	70.00	0.285
97.124	0.05	Adapter 2423Hz	13	2.423	70.00	0.285
97.204	0.05	Adapter 2423Hz	13	2.423	70.00	0.285
97.284	0.05	Adapter 2423Hz	13	2.423	70.00	0.285
100.0	0.05	Adapter 3839Hz Probe 3839Hz	14	3.839	70.00	0.437
100.08	0.05	Adapter 3839Hz Probe 3839Hz	14	3.839	70.00	0.437
100.16	0.05	Adapter 3839Hz Probe 3839Hz	14	3.839	70.00	0.437
100.24	0.05	Adapter 3839Hz Probe 3839Hz	14	3.839	70.00	0.437
100.32	0.05	Adapter 3839Hz Probe 3839Hz	14	3.839	70.00	0.437
100.5	0.05	Adapter 3839Hz Probe 3839Hz	14	3.839	70.00	0.437
100.58	0.05	Adapter 3839Hz Probe 3839Hz	14	3.839	70.00	0.437
100.66	0.05	Adapter 3839Hz Probe 3839Hz	14	3.839	70.00	0.437
100.74	0.05	Adapter 3839Hz Probe 3839Hz	14	3.839	70.00	0.437
100.82	0.05	Adapter 3839Hz Probe 3839Hz	14	3.839	70.00	0.437
101.0	0.05	Adapter 3839Hz Probe 3839Hz	14	3.839	70.00	0.437
101.08	0.05	Adapter 3839Hz Probe 3839Hz	14	3.839	70.00	0.437
101.16	0.05	Adapter 3839Hz Probe 3839Hz	14	3.839	70.00	0.437
101.24	0.05	Adapter 3839Hz Probe 3839Hz	14	3.839	70.00	0.437
101.32	0.05	Adapter 3839Hz Probe 3839Hz	14	3.839	70.00	0.437
101.5	0.05	Adapter 3839Hz Probe 3839Hz	14	3.839	70.00	0.437
101.58	0.05	Adapter 3839Hz Probe 3839Hz	14	3.839	70.00	0.437
101.66	0.05	Adapter 3839Hz Probe 3839Hz	14	3.839	70.00	0.437
101.74	0.05	Adapter 3839Hz Probe 3839Hz	14	3.839	70.00	0.437
101.82	0.05	Adapter 3839Hz Probe 3839Hz	14	3.839	70.00	0.437
102.0	0.05	Adapter 3839Hz Probe 3839Hz	14	3.839	70.00	0.437
102.08	0.05	Adapter 3839Hz Probe 3839Hz	14	3.839	70.00	0.437
102.16	0.05	Adapter 3839Hz Probe 3839Hz	14	3.839	70.00	0.437
102.24	0.05	Adapter 3839Hz Probe 3839Hz	14	3.839	70.00	0.437
102.32	0.05	Adapter 3839Hz Probe 3839Hz	14	3.839	70.00	0.437
102.5	0.05	Adapter 3839Hz Probe 3839Hz	14	3.839	70.00	0.437
102.58	0.05	Adapter 3839Hz Probe 3839Hz	14	3.839	70.00	0.437
102.66	0.05	Adapter 3839Hz Probe 3839Hz	14	3.839	70.00	0.437
102.74	0.05	Adapter 3839Hz Probe 3839Hz	14	3.839	70.00	0.437
102.82	0.05	Adapter 3839Hz Probe 3839Hz	14	3.839	70.00	0.437
103.0	0.05	Adapter 3839Hz Probe 3839Hz	14	3.839	70.00	0.437
103.08	0.05	Adapter 3839Hz Probe 3839Hz	14	3.839	70.00	0.437
103.16	0.05	Adapter 3839Hz Probe 3839Hz	14	3.839	70.00	0.437
103.24	0.05	Adapter 3839Hz Probe 3839Hz	14	3.839	70.00	0.437
103.32	0.05	Adapter 3839Hz Probe 3839Hz	14	3.839	70.00	0.437
103.5	0.05	Adapter 3839Hz Probe 3839Hz	14	3.839	70.00	0.437
103.58	0.05	Adapter 3839Hz Probe 3839Hz	14	3.839	70.00	0.437
103.66	0.05	Adapter 3839Hz Probe 3839Hz	14	3.839	70.00	0.437
103.74	0.05	Adapter 3839Hz Probe 3839Hz	14	3.839	70.00	0.437
103.82	0.05	Adapter 3839Hz Probe 3839Hz	14	3.839	70.00	0.437
104.0	0.05	Adapter 3839Hz Probe 3839Hz	14	3.839	70.00	0.437
104.08	0.05	Adapter 3839Hz Probe 3839Hz	14	3.839	70.00	0.437
104.16	0.05	Adapter 3839Hz Probe 3839Hz	14	3.839	70.00	0.437
104.24	0.05	Adapter 3839Hz Probe 3839Hz	14	3.839	70.00	0.437
104.32	0.05	Adapter 3839Hz Probe 3839Hz	14	3.839	70.00	0.437
104.5	0.05	Adapter 3839Hz Probe 3839Hz	14	3.839	70.00	0.437
104.58	0.05	Adapter 3839Hz Probe 3839Hz	14	3.839	70.00	0.437
104.66	0.05	Adapter 3839Hz Probe 3839Hz	14	3.839	70.00	0.437
104.74	0.05	Adapter 3839Hz Probe 3839Hz	14	3.839	70.00	0.437
104.82	0.05	Adapter 3839Hz Probe 3839Hz	14	3.839	70.00	0.437
107.488	0.05	Adapter 507Hz	15	0.507	70.00	0.079
107.568	0.05	Adapter 507Hz	15	0.507	70.00	0.079
107.648	0.05	Adapter 507Hz	15	0.507	70.00	0.079
107.728	0.05	Adapter 507Hz	15	0.507	70.00	0.079
107.988	0.05	Adapter 507Hz	15	0.507	70.00	0.079
108.068	0.05	Adapter 507Hz	15	0.507	70.00	0.079
108.148	0.05	Adapter 507Hz	15	0.507	70.00	0.079
108.228	0.05	Adapter 507Hz	15	0.507	70.00	0.079
108.488	0.05	Adapter 507Hz	15	0.507	70.00	0.079
108.568	0.05	Adapter 507Hz	15	0.507	70.00	0.079
108.648	0.05	Adapter 507Hz	15	0.507	70.00	0.079
108.728	0.05	Adapter 507Hz	15	0.507	70.00	0.079
108.988	0.05	Adapter 507Hz	15	0.507	70.00	0.079
109.068	0.05	Adapter 507Hz	15	0.507	70.00	0.079
109.148	0.05	Adapter 507Hz	15	0.507	70.00	0.079
109.228	0.05	Adapter 507Hz	15	0.507	70.00	0.079
109.488	0.05	Adapter 507Hz	15	0.507	70.00	0.079
109.568	0.05	Adapter 507Hz	15	0.507	70.00	0.079
109.648	0.05	Adapter 507Hz	15	0.507	70.00	0.079
109.728	0.05	Adapter 507Hz	15	0.507	70.00	0.079
109.988	0.05	Adapter 507Hz	15	0.507	70.00	0.079
110.068	0.05	Adapter 507Hz	15	0.507	70.00	0.079
110.148	0.05	Adapter 507Hz	15	0.507	70.00	0.079
110.228	0.05	Adapter 507Hz	15	0.507	70.00	0.079
110.488	0.05	Adapter 507Hz	15	0.507	70.00	0.079
110.568	0.05	Adapter 507Hz	15	0.507	70.00	0.079
110.648	0.05	Adapter 507Hz	15	0.507	70.00	0.079
110.728	0.05	Adapter 507Hz	15	0.507	70.00	0.079
110.988	0.05	Adapter 507Hz	15	0.507	70.00	0.079
111.068	0.05	Adapter 507Hz	15	0.507	70.00	0.079
111.148	0.05	Adapter 507Hz	15	0.507	70.00	0.079
111.228	0.05	Adapter 507Hz	15	0.507	70.00	0.079
111.488	0.05	Adapter 507Hz	15	0.507	70.00	0.079
111.568	0.05	Adapter 507Hz	15	0.507	70.00	0.079
111.648	0.05	Adapter 507Hz	15	0.507	70.00	0.079
111.728	0.05	Adapter 507Hz	15	0.507	70.00	0.079
111.988	0.05	Adapter 507Hz	15	0.507	70.00	0.079
112.068	0.05	Adapter 507Hz	15	0.507	70.00	0.079
112.148	0.05	Adapter 507Hz	15	0.507	70.00	0.079
112.228	0.05	Adapter 507Hz	15	0.507	70.00	0.079
114.992	0.05	Adapter 1501Hz	16	1.501	70.00	0.186
115.072	0.05	Adapter 1501Hz	16	1.501	70.00	0.186
115.152	0.05	Adapter 1501Hz	16	1.501	70.00	0.186
115.232	0.05	Adapter 1501Hz	16	1.501	70.00	0.186
115.492	0.05	Adapter 1501Hz	16	1.501	70.00	0.186
115.572	0.05	Adapter 1501Hz	16	1.501	70.00	0.186
115.652	0.05	Adapter 1501Hz	16	1.501	70.00	0.186
115.732	0.05	Adapter 1501Hz	16	1.501	70.00	0.186
115.992	0.05	Adapter 1501Hz	16	1.501	70.00	0.186
116.072	0.05	Adapter 1501Hz	16	1.501	70.00	0.186
116.152	0.05	Adapter 1501Hz	16	1.501	70.00	0.186
116.232	0.05	Adapter 1501Hz	16	1.501	70.00	0.186
116.492	0.05	Adapter 1501Hz	16	1.501	70.00	0.186
116.572	0.05	Adapter 1501Hz	16	1.501	70.00	0.186
116.652	0.05	Adapter 1501Hz	16	1.501	70.00	0.186
116.732	0.05	Adapter 1501Hz	16	1.501	70.00	0.186
116.992	0.05	Adapter 1501Hz	16	1.501	70.00	0.186
117.072	0.05	Adapter 1501Hz	16	1.501	70.00	0.186
117.152	0.05	Adapter 1501Hz	16	1.501	70.00	0.186
117.232	0.05	Adapter 1501Hz	16	1.501	70.00	0.186
117.492	0.05	Adapter 1501Hz	16	1.501	70.00	0.186
117.572	0.05	Adapter 1501Hz	16	1.501	70.00	0.186
117.652	0.05	Adapter 1501Hz	16	1.501	70.00	0.186
117.732	0.05	Adapter 1501Hz	16	1.501	70.00	0.186
117.992	0.05	Adapter 1501Hz	16	1.501	70.00	0.186
118.072	0.05	Adapter 1501Hz	16	1.501	70.00	0.186
118.152	0.05	Adapter 1501Hz	16	1.501	70.00	0.186
118.232	0.05	Adapter 1501Hz	16	1.501	70.00	0.186
118.492	0.05	Adapter 1501Hz	16	1.501	70.00	0.186
118.572	0.05	Adapter 1501Hz	16	1.501	70.00	0.186
118.652	0.05	Adapter 1501Hz	16	1.501	70.00	0.186
118.732	0.05	Adapter 1501Hz	16	1.501	70.00	0.186
118.992	0.05	Adapter 1501Hz	16	1.501	70.00	0.186
119.072	0.05	Adapter 1501Hz	16	1.501	70.00	0.186
119.152	0.05	Adapter 1501Hz	16	1.501	70.00	0.186
119.232	0.05	Adapter 1501Hz	16	1.501	70.00	0.186
119.492	0.05	Adapter 1501Hz	16	1.501	70.00	0.186
119.572	0.05	Adapter 1501Hz	16	1.501	70.00	0.186
119.652	0.05	Adapter 1501Hz	16	1.501	70.00	0.186
119.732	0.05	Adapter 1501Hz	16	1.501	70.00	0.186
122.847	0.05	Probe 3839Hz	17	3.839	70.00	0.437
123.347	0.05	Probe 3839Hz	17	3.839	70.00	0.437
123.847	0.05	Probe 3839Hz	17	3.839	70.00	0.437
124.347	0.05	Probe 3839Hz	17	3.839	70.00	0.437
124.847	0.05	Probe 3839Hz	17	3.839	70.00	0.437
125.347	0.05	Probe 3839Hz	17	3.839	70.00	0.437
125.847	0.05	Probe 3839Hz	17	3.839	70.00	0.437
126.347	0.05	Probe 3839Hz	17	3.839	70.00	0.437
126.847	0.05	Probe 3839Hz	17	3.839	70.00	0.437
127.347	0.05	Probe 3839Hz	17	3.839	70.00	0.437
129.999	0.05	Adapter 3839Hz Probe 3839Hz	18	3.839	70.00	0.437
130.079	0.05	Adapter 3839Hz Probe 3839Hz	18	3.839	70.00	0.437
130.159	0.05	Adapter 3839Hz Probe 3839Hz	18	3.839	70.00	0.437
130.239	0.05	Adapter 3839Hz Probe 3839Hz	18	3.839	70.00	0.437
130.319	0.05	Adapter 3839Hz Probe 3839Hz	18	3.839	70.00	0.437
130.499	0.05	Adapter 3839Hz Probe 3839Hz	18	3.839	70.00	0.437
130.579	0.05	Adapter 3839Hz Probe 3839Hz	18	3.839	70.00	0.437
130.659	0.05	Adapter 3839Hz Probe 3839Hz	18	3.839	70.00	0.437
130.739	0.05	Adapter 3839Hz Probe 3839Hz	18	3.839	70.00	0.437
130.819	0.05	Adapter 3839Hz Probe 3839Hz	18	3.839	70.00	0.437
130.999	0.05	Adapter 3839Hz Probe 3839Hz	18	3.839	70.00	0.437
131.079	0.05	Adapter 3839Hz Probe 3839Hz	18	3.839	70.00	0.437
131.159	0.05	Adapter 3839Hz Probe 3839Hz	18	3.839	70.00	0.437
131.239	0.05	Adapter 3839Hz Probe 3839Hz	18	3.839	70.00	0.437
131.319	0.05	Adapter 3839Hz Probe 3839Hz	18	3.839	70.00	0.437
131.499	0.05	Adapter 3839Hz Probe 3839Hz	18	3.839	70.00	0.437
131.579	0.05	Adapter 3839Hz Probe 3839Hz	18	3.839	70.00	0.437
131.659	0.05	Adapter 3839Hz Probe 3839Hz	18	3.839	70.00	0.437
131.739	0.05	Adapter 3839Hz Probe 3839Hz	18	3.839	70.00	0.437
131.819	0.05	Adapter 3839Hz Probe 3839Hz	18	3.839	70.00	0.437
131.999	0.05	Adapter 3839Hz Probe 3839Hz	18	3.839	70.00	0.437
132.079	0.05	Adapter 3839Hz Probe 3839Hz	18	3.839	70.00	0.437
132.159	0.05	Adapter 3839Hz Probe 3839Hz	18	3.839	70.00	0.437
132.239	0.05	Adapter 3839Hz Probe 3839Hz	18	3.839	70.00	0.437
132.319	0.05	Adapter 3839Hz Probe 3839Hz	18	3.839	70.00	0.437
132.499	0.05	Adapter 3839Hz Probe 3839Hz	18	3.839	70.00	0.437
132.579	0.05	Adapter 3839Hz Probe 3839Hz	18	3.839	70.00	0.437
132.659	0.05	Adapter 3839Hz Probe 3839Hz	18	3.839	70.00	0.437
132.739	0.05	Adapter 3839Hz Probe 3839Hz	18	3.839	70.00	0.437
132.819	0.05	Adapter 3839Hz Probe 3839Hz	18	3.839	70.00	0.437
132.999	0.05	Adapter 3839Hz Probe 3839Hz	18	3.839	70.00	0.437
133.079	0.05	Adapter 3839Hz Probe 3839Hz	18	3.839	70.00	0.437
133.159	0.05	Adapter 3839Hz Probe 3839Hz	18	3.839	70.00	0.437
133.239	0.05	Adapter 3839Hz Probe 3839Hz	18	3.839	70.00	0.437
133.319	0.05	Adapter 3839Hz Probe 3839Hz	18	3.839	70.00	0.437
133.499	0.05	Adapter 3839Hz Probe 3839Hz	18	3.839	70.00	0.437
133.579	0.05	Adapter 3839Hz Probe 3839Hz	18	3.839	70.00	0.437
133.659	0.05	Adapter 3839Hz Probe 3839Hz	18	3.839	70.00	0.437
133.739	0.05	Adapter 3839Hz Probe 3839Hz	18	3.839	70.00	0.437
133.819	0.05	Adapter 3839Hz Probe 3839Hz	18	3.839	70.00	0.437
133.999	0.05	Adapter 3839Hz Probe 3839Hz	18	3.839	70.00	0.437
134.079	0.05	Adapter 3839Hz Probe 3839Hz	18	3.839	70.00	0.437
134.159	0.05	Adapter 3839Hz Probe 3839Hz	18	3.839	70.00	0.437
134.239	0.05	Adapter 3839Hz Probe 3839Hz	18	3.839	70.00	0.437
134.319	0.05	Adapter 3839Hz Probe 3839Hz	18	3.839	70.00	0.437
134.499	0.05	Adapter 3839Hz Probe 3839Hz	18	3.839	70.00	0.437
134.579	0.05	Adapter 3839Hz Probe 3839Hz	18	3.839	70.00	0.437
134.659	0.05	Adapter 3839Hz Probe 3839Hz	18	3.839	70.00	0.437
134.739	0.05	Adapter 3839Hz Probe 3839Hz	18	3.839	70.00	0.437
134.819	0.05	Adapter 3839Hz Probe 3839Hz	18	3.839	70.00	0.437
137.503	0.05	Adapter 899Hz	19	0.899	70.00	0.121
137.583	0.05	Adapter 899Hz	19	0.899	70.00	0.121
137.663	0.05	Adapter 899Hz	19	0.899	70.00	0.121
137.743	0.05	Adapter 899Hz	19	0.899	70.00	0.121
138.003	0.05	Adapter 899Hz	19	0.899	70.00	0.121
138.083	0.05	Adapter 899Hz	19	0.899	70.00	0.121
138.163	0.05	Adapter 899Hz	19	0.899	70.00	0.121
138.243	0.05	Adapter 899Hz	19	0.899	70.00	0.121
138.503	0.05	Adapter 899Hz	19	0.899	70.00	0.121
138.583	0.05	Adapter 899Hz	19	0.899	70.00	0.121
138.663	0.05	Adapter 899Hz	19	0.899	70.00	0.121
138.743	0.05	Adapter 899Hz	19	0.899	70.00	0.121
139.003	0.05	Adapter 899Hz	19	0.899	70.00	0.121
139.083	0.05	Adapter 899Hz	19	0.899	70.00	0.121
139.163	0.05	Adapter 899Hz	19	0.899	70.00	0.121
139.243	0.05	Adapter 899Hz	19	0.899	70.00	0.121
139.503	0.05	Adapter 899Hz	19	0.899	70.00	0.121
139.583	0.05	Adapter 899Hz	19	0.899	70.00	0.121
139.663	0.05	Adapter 899Hz	19	0.899	70.00	0.121
139.743	0.05	Adapter 899Hz	19	0.899	70.00	0.121
140.003	0.05	Adapter 899Hz	19	0.899	70.00	0.121
140.083	0.05	Adapter 899Hz	19	0.899	70.00	0.121
140.163	0.05	Adapter 899Hz	19	0.899	70.00	0.121
140.243	0.05	Adapter 899Hz	19	0.899	70.00	0.121
140.503	0.05	Adapter 899Hz	19	0.899	70.00	0.121
140.583	0.05	Adapter 899Hz	19	0.899	70.00	0.121
140.663	0.05	Adapter 899Hz	19	0.899	70.00	0.121
140.743	0.05	Adapter 899Hz	19	0.899	70.00	0.121
141.003	0.05	Adapter 899Hz	19	0.899	70.00	0.121
141.083	0.05	Adapter 899Hz	19	0.899	70.00	0.121
141.163	0.05	Adapter 899Hz	19	0.899	70.00	0.121
141.243	0.05	Adapter 899Hz	19	0.899	70.00	0.121
141.503	0.05	Adapter 899Hz	19	0.899	70.00	0.121
141.583	0.05	Adapter 899Hz	19	0.899	70.00	0.121
141.663	0.05	Adapter 899Hz	19	0.899	70.00	0.121
141.743	0.05	Adapter 899Hz	19	0.899	70.00	0.121
142.003	0.05	Adapter 899Hz	19	0.899	70.00	0.121
142.083	0.05	Adapter 899Hz	19	0.899	70.00	0.121
142.163	0.05	Adapter 899Hz	19	0.899	70.00	0.121
142.243	0.05	Adapter 899Hz	19	0.899	70.00	0.121
145.038	0.05	Adapter 2423Hz	20	2.423	70.00	0.285
145.118	0.05	Adapter 2423Hz	20	2.423	70.00	0.285
145.198	0.05	Adapter 2423Hz	20	2.423	70.00	0.285
145.278	0.05	Adapter 2423Hz	20	2.423	70.00	0.285
145.538	0.05	Adapter 2423Hz	20	2.423	70.00	0.285
145.618	0.05	Adapter 2423Hz	20	2.423	70.00	0.285
145.698	0.05	Adapter 2423Hz	20	2.423	70.00	0.285
145.778	0.05	Adapter 2423Hz	20	2.423	70.00	0.285
146.038	0.05	Adapter 2423Hz	20	2.423	70.00	0.285
146.118	0.05	Adapter 2423Hz	20	2.423	70.00	0.285
146.198	0.05	Adapter 2423Hz	20	2.423	70.00	0.285
146.278	0.05	Adapter 2423Hz	20	2.423	70.00	0.285
146.538	0.05	Adapter 2423Hz	20	2.423	70.00	0.285
146.618	0.05	Adapter 2423Hz	20	2.423	70.00	0.285
146.698	0.05	Adapter 2423Hz	20	2.423	70.00	0.285
146.778	0.05	Adapter 2423Hz	20	2.423	70.00	0.285
147.038	0.05	Adapter 2423Hz	20	2.423	70.00	0.285
147.118	0.05	Adapter 2423Hz	20	2.423	70.00	0.285
147.198	0.05	Adapter 2423Hz	20	2.423	70.00	0.285
147.278	0.05	Adapter 2423Hz	20	2.423	70.00	0.285
147.538	0.05	Adapter 2423Hz	20	2.423	70.00	0.285
147.618	0.05	Adapter 2423Hz	20	2.423	70.00	0.285
147.698	0.05	Adapter 2423Hz	20	2.423	70.00	0.285
147.778	0.05	Adapter 2423Hz	20	2.423	70.00	0.285
148.038	0.05	Adapter 2423Hz	20	2.423	70.00	0.285
148.118	0.05	Adapter 2423Hz	20	2.423	70.00	0.285
148.198	0.05	Adapter 2423Hz	20	2.423	70.00	0.285
148.278	0.05	Adapter 2423Hz	20	2.423	70.00	0.285
148.538	0.05	Adapter 2423Hz	20	2.423	70.00	0.285
148.618	0.05	Adapter 2423Hz	20	2.423	70.00	0.285
148.698	0.05	Adapter 2423Hz	20	2.423	70.00	0.285
148.778	0.05	Adapter 2423Hz	20	2.423	70.00	0.285
149.038	0.05	Adapter 2423Hz	20	2.423	70.00	0.285
149.118	0.05	Adapter 2423Hz	20	2.423	70.00	0.285
149.198	0.05	Adapter 2423Hz	20	2.423	70.00	0.285
149.278	0.05	Adapter 2423Hz	20	2.423	70.00	0.285
149.538	0.05	Adapter 2423Hz	20	2.423	70.00	0.285
149.618	0.05	Adapter 2423Hz	20	2.423	70.00	0.285
149.698	0.05	Adapter 2423Hz	20	2.423	70.00	0.285
149.778	0.05	Adapter 2423Hz	20	2.423	70.00	0.285
160.029	0.05	Adapter 251Hz	22	0.251	70.00	0.052
160.109	0.05	Adapter 251Hz	22	0.251	70.00	0.052
160.189	0.05	Adapter 251Hz	22	0.251	70.00	0.052
160.269	0.05	Adapter 251Hz	22	0.251	70.00	0.052
160.529	0.05	Adapter 251Hz	22	0.251	70.00	0.052
160.609	0.05	Adapter 251Hz	22	0.251	70.00	0.052
160.689	0.05	Adapter 251Hz	22	0.251	70.00	0.052
160.769	0.05	Adapter 251Hz	22	0.251	70.00	0.052
161.029	0.05	Adapter 251Hz	22	0.251	70.00	0.052
161.109	0.05	Adapter 251Hz	22	0.251	70.00	0.052
161.189	0.05	Adapter 251Hz	22	0.251	70.00	0.052
161.269	0.05	Adapter 251Hz	22	0.251	70.00	0.052
161.529	0.05	Adapter 251Hz	22	0.251	70.00	0.052
161.609	0.05	Adapter 251Hz	22	0.251	70.00	0.052
161.689	0.05	Adapter 251Hz	22	0.251	70.00	0.052
161.769	0.05	Adapter 251Hz	22	0.251	70.00	0.052
162.029	0.05	Adapter 251Hz	22	0.251	70.00	0.052
162.109	0.05	Adapter 251Hz	22	0.251	70.00	0.052
162.189	0.05	Adapter 251Hz	22	0.251	70.00	0.052
162.269	0.05	Adapter 251Hz	22	0.251	70.00	0.052
162.529	0.05	Adapter 251Hz	22	0.251	70.00	0.052
162.609	0.05	Adapter 251Hz	22	0.251	70.00	0.052
162.689	0.05	Adapter 251Hz	22	0.251	70.00	0.052
162.769	0.05	Adapter 251Hz	22	0.251	70.00	0.052
163.029	0.05	Adapter 251Hz	22	0.251	70.00	0.052
163.109	0.05	Adapter 251Hz	22	0.251	70.00	0.052
163.189	0.05	Adapter 251Hz	22	0.251	70.00	0.052
163.269	0.05	Adapter 251Hz	22	0.251	70.00	0.052
163.529	0.05	Adapter 251Hz	22	0.251	70.00	0.052
163.609	0.05	Adapter 251Hz	22	0.251	70.00	0.052
163.689	0.05	Adapter 251Hz	22	0.251	70.00	0.052
163.769	0.05	Adapter 251Hz	22	0.251	70.00	0.052
164.029	0.05	Adapter 251Hz	22	0.251	70.00	0.052
164.109	0.05	Adapter 251Hz	22	0.251	70.00	0.052
164.189	0.05	Adapter 251Hz	22	0.251	70.00	0.052
164.269	0.05	Adapter 251Hz	22	0.251	70.00	0.052
164.529	0.05	Adapter 251Hz	22	0.251	70.00	0.052
164.609	0.05	Adapter 251Hz	22	0.251	70.00	0.052
164.689	0.05	Adapter 251Hz	22	0.251	70.00	0.052
164.769	0.05	Adapter 251Hz	22	0.251	70.00	0.052
182.525	0.05	Adapter 1501Hz	25	1.501	70.00	0.186
182.605	0.05	Adapter 1501Hz	25	1.501	70.00	0.186
182.685	0.05	Adapter 1501Hz	25	1.501	70.00	0.186
182.765	0.05	Adapter 1501Hz	25	1.501	70.00	0.186
183.025	0.05	Adapter 1501Hz	25	1.501	70.00	0.186
183.105	0.05	Adapter 1501Hz	25	1.501	70.00	0.186
183.185	0.05	Adapter 1501Hz	25	1.501	70.00	0.186
183.265	0.05	Adapter 1501Hz	25	1.501	70.00	0.186
183.525	0.05	Adapter 1501Hz	25	1.501	70.00	0.186
183.605	0.05	Adapter 1501Hz	25	1.501	70.00	0.186
183.685	0.05	Adapter 1501Hz	25	1.501	70.00	0.186
183.765	0.05	Adapter 1501Hz	25	1.501	70.00	0.186
184.025	0.05	Adapter 1501Hz	25	1.501	70.00	0.186
184.105	0.05	Adapter 1501Hz	25	1.501	70.00	0.186
184.185	0.05	Adapter 1501Hz	25	1.501	70.00	0.186
184.265	0.05	Adapter 1501Hz	25	1.501	70.00	0.186
184.525	0.05	Adapter 1501Hz	25	1.501	70.00	0.186
184.605	0.05	Adapter 1501Hz	25	1.501	70.00	0.186
184.685	0.05	Adapter 1501Hz	25	1.501	70.00	0.186
184.765	0.05	Adapter 1501Hz	25	1.501	70.00	0.186
185.025	0.05	Adapter 1501Hz	25	1.501	70.00	0.186
185.105	0.05	Adapter 1501Hz	25	1.501	70.00	0.186
185.185	0.05	Adapter 1501Hz	25	1.501	70.00	0.186
185.265	0.05	Adapter 1501Hz	25	1.501	70.00	0.186
185.525	0.05	Adapter 1501Hz	25	1.501	70.00	0.186
185.605	0.05	Adapter 1501Hz	25	1.501	70.00	0.186
185.685	0.05	Adapter 1501Hz	25	1.501	70.00	0.186
185.765	0.05	Adapter 1501Hz	25	1.501	70.00	0.186
186.025	0.05	Adapter 1501Hz	25	1.501	70.00	0.186
186.105	0.05	Adapter 1501Hz	25	1.501	70.00	0.186
186.185	0.05	Adapter 1501Hz	25	1.501	70.00	0.186
186.265	0.05	Adapter 1501Hz	25	1.501	70.00	0.186
186.525	0.05	Adapter 1501Hz	25	1.501	70.00	0.186
186.605	0.05	Adapter 1501Hz	25	1.501	70.00	0.186
186.685	0.05	Adapter 1501Hz	25	1.501	70.00	0.186
186.765	0.05	Adapter 1501Hz	25	1.501	70.00	0.186
187.025	0.05	Adapter 1501Hz	25	1.501	70.00	0.186
187.105	0.05	Adapter 1501Hz	25	1.501	70.00	0.186
187.185	0.05	Adapter 1501Hz	25	1.501	70.00	0.186
187.265	0.05	Adapter 1501Hz	25	1.501	70.00	0.186
190.028	0.05	Adapter 507Hz Probe 3839Hz	26	0.507	70.00	0.079
190.108	0.05	Adapter 507Hz Probe 3839Hz	26	0.507	70.00	0.079
190.188	0.05	Adapter 507Hz Probe 3839Hz	26	0.507	70.00	0.079
190.268	0.05	Adapter 507Hz Probe 3839Hz	26	0.507	70.00	0.079
190.348	0.05	Adapter 507Hz Probe 3839Hz	26	3.839	70.00	0.437
190.528	0.05	Adapter 507Hz Probe 3839Hz	26	0.507	70.00	0.079
190.608	0.05	Adapter 507Hz Probe 3839Hz	26	0.507	70.00	0.079
190.688	0.05	Adapter 507Hz Probe 3839Hz	26	0.507	70.00	0.079
190.768	0.05	Adapter 507Hz Probe 3839Hz	26	0.507	70.00	0.079
190.848	0.05	Adapter 507Hz Probe 3839Hz	26	3.839	70.00	0.437
191.028	0.05	Adapter 507Hz Probe 3839Hz	26	0.507	70.00	0.079
191.108	0.05	Adapter 507Hz Probe 3839Hz	26	0.507	70.00	0.079
191.188	0.05	Adapter 507Hz Probe 3839Hz	26	0.507	70.00	0.079
191.268	0.05	Adapter 507Hz Probe 3839Hz	26	0.507	70.00	0.079
191.348	0.05	Adapter 507Hz Probe 3839Hz	26	3.839	70.00	0.437
191.528	0.05	Adapter 507Hz Probe 3839Hz	26	0.507	70.00	0.079
191.608	0.05	Adapter 507Hz Probe 3839Hz	26	0.507	70.00	0.079
191.688	0.05	Adapter 507Hz Probe 3839Hz	26	0.507	70.00	0.079
191.768	0.05	Adapter 507Hz Probe 3839Hz	26	0.507	70.00	0.079
191.848	0.05	Adapter 507Hz Probe 3839Hz	26	3.839	70.00	0.437
192.028	0.05	Adapter 507Hz Probe 3839Hz	26	0.507	70.00	0.079
192.108	0.05	Adapter 507Hz Probe 3839Hz	26	0.507	70.00	0.079
192.188	0.05	Adapter 507Hz Probe 3839Hz	26	0.507	70.00	0.079
192.268	0.05	Adapter 507Hz Probe 3839Hz	26	0.507	70.00	0.079
192.348	0.05	Adapter 507Hz Probe 3839Hz	26	3.839	70.00	0.437
192.528	0.05	Adapter 507Hz Probe 3839Hz	26	0.507	70.00	0.079
192.608	0.05	Adapter 507Hz Probe 3839Hz	26	0.507	70.00	0.079
192.688	0.05	Adapter 507Hz Probe 3839Hz	26	0.507	70.00	0.079
192.768	0.05	Adapter 507Hz Probe 3839Hz	26	0.507	70.00	0.079
192.848	0.05	Adapter 507Hz Probe 3839Hz	26	3.839	70.00	0.437
193.028	0.05	Adapter 507Hz Probe 3839Hz	26	0.507	70.00	0.079
193.108	0.05	Adapter 507Hz Probe 3839Hz	26	0.507	70.00	0.079
193.188	0.05	Adapter 507Hz Probe 3839Hz	26	0.507	70.00	0.079
193.268	0.05	Adapter 507Hz Probe 3839Hz	26	0.507	70.00	0.079
193.348	0.05	Adapter 507Hz Probe 3839Hz	26	3.839	70.00	0.437
193.528	0.05	Adapter 507Hz Probe 3839Hz	26	0.507	70.00	0.079
193.608	0.05	Adapter 507Hz Probe 3839Hz	26	0.507	70.00	0.079
193.688	0.05	Adapter 507Hz Probe 3839Hz	26	0.507	70.00	0.079
193.768	0.05	Adapter 507Hz Probe 3839Hz	26	0.507	70.00	0.079
193.848	0.05	Adapter 507Hz Probe 3839Hz	26	3.839	70.00	0.437
194.028	0.05	Adapter 507Hz Probe 3839Hz	26	0.507	70.00	0.079
194.108	0.05	Adapter 507Hz Probe 3839Hz	26	0.507	70.00	0.079
194.188	0.05	Adapter 507Hz Probe 3839Hz	26	0.507	70.00	0.079
194.268	0.05	Adapter 507Hz Probe 3839Hz	26	0.507	70.00	0.079
194.348	0.05	Adapter 507Hz Probe 3839Hz	26	3.839	70.00	0.437
194.528	0.05	Adapter 507Hz Probe 3839Hz	26	0.507	70.00	0.079
194.608	0.05	Adapter 507Hz Probe 3839Hz	26	0.507	70.00	0.079
194.688	0.05	Adapter 507Hz Probe 3839Hz	26	0.507	70.00	0.079
194.768	0.05	Adapter 507Hz Probe 3839Hz	26	0.507	70.00	0.079
194.848	0.05	Adapter 507Hz Probe 3839Hz	26	3.839	70.00	0.437
197.547	0.05	Adapter 2423Hz Probe 3839Hz	27	2.423	70.00	0.285
197.627	0.05	Adapter 2423Hz Probe 3839Hz	27	2.423	70.00	0.285
197.707	0.05	Adapter 2423Hz Probe 3839Hz	27	2.423	70.00	0.285
197.787	0.05	Adapter 2423Hz Probe 3839Hz	27	2.423	70.00	0.285
197.867	0.05	Adapter 2423Hz Probe 3839Hz	27	3.839	70.00	0.437
198.047	0.05	Adapter 2423Hz Probe 3839Hz	27	2.423	70.00	0.285
198.127	0.05	Adapter 2423Hz Probe 3839Hz	27	2.423	70.00	0.285
198.207	0.05	Adapter 2423Hz Probe 3839Hz	27	2.423	70.00	0.285
198.287	0.05	Adapter 2423Hz Probe 3839Hz	27	2.423	70.00	0.285
198.367	0.05	Adapter 2423Hz Probe 3839Hz	27	3.839	70.00	0.437
198.547	0.05	Adapter 2423Hz Probe 3839Hz	27	2.423	70.00	0.285
198.627	0.05	Adapter 2423Hz Probe 3839Hz	27	2.423	70.00	0.285
198.707	0.05	Adapter 2423Hz Probe 3839Hz	27	2.423	70.00	0.285
198.787	0.05	Adapter 2423Hz Probe 3839Hz	27	2.423	70.00	0.285
198.867	0.05	Adapter 2423Hz Probe 3839Hz	27	3.839	70.00	0.437
199.047	0.05	Adapter 2423Hz Probe 3839Hz	27	2.423	70.00	0.285
199.127	0.05	Adapter 2423Hz Probe 3839Hz	27	2.423	70.00	0.285
199.207	0.05	Adapter 2423Hz Probe 3839Hz	27	2.423	70.00	0.285
199.287	0.05	Adapter 2423Hz Probe 3839Hz	27	2.423	70.00	0.285
199.367	0.05	Adapter 2423Hz Probe 3839Hz	27	3.839	70.00	0.437
199.547	0.05	Adapter 2423Hz Probe 3839Hz	27	2.423	70.00	0.285
199.627	0.05	Adapter 2423Hz Probe 3839Hz	27	2.423	70.00	0.285
199.707	0.05	Adapter 2423Hz Probe 3839Hz	27	2.423	70.00	0.285
199.787	0.05	Adapter 2423Hz Probe 3839Hz	27	2.423	70.00	0.285
199.867	0.05	Adapter 2423Hz Probe 3839Hz	27	3.839	70.00	0.437
200.047	0.05	Adapter 2423Hz Probe 3839Hz	27	2.423	70.00	0.285
200.127	0.05	Adapter 2423Hz Probe 3839Hz	27	2.423	70.00	0.285
200.207	0.05	Adapter 2423Hz Probe 3839Hz	27	2.423	70.00	0.285
200.287	0.05	Adapter 2423Hz Probe 3839Hz	27	2.423	70.00	0.285
200.367	0.05	Adapter 2423Hz Probe 3839Hz	27	3.839	70.00	0.437
200.547	0.05	Adapter 2423Hz Probe 3839Hz	27	2.423	70.00	0.285
200.627	0.05	Adapter 2423Hz Probe 3839Hz	27	2.423	70.00	0.285
200.707	0.05	Adapter 2423Hz Probe 3839Hz	27	2.423	70.00	0.285
200.787	0.05	Adapter 2423Hz Probe 3839Hz	27	2.423	70.00	0.285
200.867	0.05	Adapter 2423Hz Probe 3839Hz	27	3.839	70.00	0.437
201.047	0.05	Adapter 2423Hz Probe 3839Hz	27	2.423	70.00	0.285
201.127	0.05	Adapter 2423Hz Probe 3839Hz	27	2.423	70.00	0.285
201.207	0.05	Adapter 2423Hz Probe 3839Hz	27	2.423	70.00	0.285
201.287	0.05	Adapter 2423Hz Probe 3839Hz	27	2.423	70.00	0.285
201.367	0.05	Adapter 2423Hz Probe 3839Hz	27	3.839	70.00	0.437
201.547	0.05	Adapter 2423Hz Probe 3839Hz	27	2.423	70.00	0.285
201.627	0.05	Adapter 2423Hz Probe 3839Hz	27	2.423	70.00	0.285
201.707	0.05	Adapter 2423Hz Probe 3839Hz	27	2.423	70.00	0.285
201.787	0.05	Adapter 2423Hz Probe 3839Hz	27	2.423	70.00	0.285
201.867	0.05	Adapter 2423Hz Probe 3839Hz	27	3.839	70.00	0.437
202.047	0.05	Adapter 2423Hz Probe 3839Hz	27	2.423	70.00	0.285
202.127	0.05	Adapter 2423Hz Probe 3839Hz	27	2.423	70.00	0.285
202.207	0.05	Adapter 2423Hz Probe 3839Hz	27	2.423	70.00	0.285
202.287	0.05	Adapter 2423Hz Probe 3839Hz	27	2.423	70.00	0.285
202.367	0.05	Adapter 2423Hz Probe 3839Hz	27	3.839	70.00	0.437
204.989	0.05	Adapter 899Hz Probe 3839Hz	28	0.899	70.00	0.121
205.069	0.05	Adapter 899Hz Probe 3839Hz	28	0.899	70.00	0.121
205.149	0.05	Adapter 899Hz Probe 3839Hz	28	0.899	70.00	0.121
205.229	0.05	Adapter 899Hz Probe 3839Hz	28	0.899	70.00	0.121
205.309	0.05	Adapter 899Hz Probe 3839Hz	28	3.839	70.00	0.437
205.489	0.05	Adapter 899Hz Probe 3839Hz	28	0.899	70.00	0.121
205.569	0.05	Adapter 899Hz Probe 3839Hz	28	0.899	70.00	0.121
205.649	0.05	Adapter 899Hz Probe 3839Hz	28	0.899	70.00	0.121
205.729	0.05	Adapter 899Hz Probe 3839Hz	28	0.899	70.00	0.121
205.809	0.05	Adapter 899Hz Probe 3839Hz	28	3.839	70.00	0.437
205.989	0.05	Adapter 899Hz Probe 3839Hz	28	0.899	70.00	0.121
206.069	0.05	Adapter 899Hz Probe 3839Hz	28	0.899	70.00	0.121
206.149	0.05	Adapter 899Hz Probe 3839Hz	28	0.899	70.00	0.121
206.229	0.05	Adapter 899Hz Probe 3839Hz	28	0.899	70.00	0.121
206.309	0.05	Adapter 899Hz Probe 3839Hz	28	3.839	70.00	0.437
206.489	0.05	Adapter 899Hz Probe 3839Hz	28	0.899	70.00	0.121
206.569	0.05	Adapter 899Hz Probe 3839Hz	28	0.899	70.00	0.121
206.649	0.05	Adapter 899Hz Probe 3839Hz	28	0.899	70.00	0.121
206.729	0.05	Adapter 899Hz Probe 3839Hz	28	0.899	70.00	0.121
206.809	0.05	Adapter 899Hz Probe 3839Hz	28	3.839	70.00	0.437
206.989	0.05	Adapter 899Hz Probe 3839Hz	28	0.899	70.00	0.121
207.069	0.05	Adapter 899Hz Probe 3839Hz	28	0.899	70.00	0.121
207.149	0.05	Adapter 899Hz Probe 3839Hz	28	0.899	70.00	0.121
207.229	0.05	Adapter 899Hz Probe 3839Hz	28	0.899	70.00	0.121
207.309	0.05	Adapter 899Hz Probe 3839Hz	28	3.839	70.00	0.437
207.489	0.05	Adapter 899Hz Probe 3839Hz	28	0.899	70.00	0.121
207.569	0.05	Adapter 899Hz Probe 3839Hz	28	0.899	70.00	0.121
207.649	0.05	Adapter 899Hz Probe 3839Hz	28	0.899	70.00	0.121
207.729	0.05	Adapter 899Hz Probe 3839Hz	28	0.899	70.00	0.121
207.809	0.05	Adapter 899Hz Probe 3839Hz	28	3.839	70.00	0.437
207.989	0.05	Adapter 899Hz Probe 3839Hz	28	0.899	70.00	0.121
208.069	0.05	Adapter 899Hz Probe 3839Hz	28	0.899	70.00	0.121
208.149	0.05	Adapter 899Hz Probe 3839Hz	28	0.899	70.00	0.121
208.229	0.05	Adapter 899Hz Probe 3839Hz	28	0.899	70.00	0.121
208.309	0.05	Adapter 899Hz Probe 3839Hz	28	3.839	70.00	0.437
208.489	0.05	Adapter 899Hz Probe 3839Hz	28	0.899	70.00	0.121
208.569	0.05	Adapter 899Hz Probe 3839Hz	28	0.899	70.00	0.121
208.649	0.05	Adapter 899Hz Probe 3839Hz	28	0.899	70.00	0.121
208.729	0.05	Adapter 899Hz Probe 3839Hz	28	0.899	70.00	0.121
208.809	0.05	Adapter 899Hz Probe 3839Hz	28	3.839	70.00	0.437
208.989	0.05	Adapter 899Hz Probe 3839Hz	28	0.899	70.00	0.121
209.069	0.05	Adapter 899Hz Probe 3839Hz	28	0.899	70.00	0.121
209.149	0.05	Adapter 899Hz Probe 3839Hz	28	0.899	70.00	0.121
209.229	0.05	Adapter 899Hz Probe 3839Hz	28	0.899	70.00	0.121
209.309	0.05	Adapter 899Hz Probe 3839Hz	28	3.839	70.00	0.437
209.489	0.05	Adapter 899Hz Probe 3839Hz	28	0.899	70.00	0.121
209.569	0.05	Adapter 899Hz Probe 3839Hz	28	0.899	70.00	0.121
209.649	0.05	Adapter 899Hz Probe 3839Hz	28	0.899	70.00	0.121
209.729	0.05	Adapter 899Hz Probe 3839Hz	28	0.899	70.00	0.121
209.809	0.05	Adapter 899Hz Probe 3839Hz	28	3.839	70.00	0.437
212.492	0.05	Adapter 6009Hz	29	6.009	70.00	0.671
212.572	0.05	Adapter 6009Hz	29	6.009	70.00	0.671
212.652	0.05	Adapter 6009Hz	29	6.009	70.00	0.671
212.732	0.05	Adapter 6009Hz	29	6.009	70.00	0.671
212.992	0.05	Adapter 6009Hz	29	6.009	70.00	0.671
213.072	0.05	Adapter 6009Hz	29	6.009	70.00	0.671
213.152	0.05	Adapter 6009Hz	29	6.009	70.00	0.671
213.232	0.05	Adapter 6009Hz	29	6.009	70.00	0.671
213.492	0.05	Adapter 6009Hz	29	6.009	70.00	0.671
213.572	0.05	Adapter 6009Hz	29	6.009	70.00	0.671
213.652	0.05	Adapter 6009Hz	29	6.009	70.00	0.671
213.732	0.05	Adapter 6009Hz	29	6.009	70.00	0.671
213.992	0.05	Adapter 6009Hz	29	6.009	70.00	0.671
214.072	0.05	Adapter 6009Hz	29	6.009	70.00	0.671
214.152	0.05	Adapter 6009Hz	29	6.009	70.00	0.671
214.232	0.05	Adapter 6009Hz	29	6.009	70.00	0.671
214.492	0.05	Adapter 6009Hz	29	6.009	70.00	0.671
214.572	0.05	Adapter 6009Hz	29	6.009	70.00	0.671
214.652	0.05	Adapter 6009Hz	29	6.009	70.00	0.671
214.732	0.05	Adapter 6009Hz	29	6.009	70.00	0.671
214.992	0.05	Adapter 6009Hz	29	6.009	70.00	0.671
215.072	0.05	Adapter 6009Hz	29	6.009	70.00	0.671
215.152	0.05	Adapter 6009Hz	29	6.009	70.00	0.671
215.232	0.05	Adapter 6009Hz	29	6.009	70.00	0.671
215.492	0.05	Adapter 6009Hz	29	6.009	70.00	0.671
215.572	0.05	Adapter 6009Hz	29	6.009	70.00	0.671
215.652	0.05	Adapter 6009Hz	29	6.009	70.00	0.671
215.732	0.05	Adapter 6009Hz	29	6.009	70.00	0.671
215.992	0.05	Adapter 6009Hz	29	6.009	70.00	0.671
216.072	0.05	Adapter 6009Hz	29	6.009	70.00	0.671
216.152	0.05	Adapter 6009Hz	29	6.009	70.00	0.671
216.232	0.05	Adapter 6009Hz	29	6.009	70.00	0.671
216.492	0.05	Adapter 6009Hz	29	6.009	70.00	0.671
216.572	0.05	Adapter 6009Hz	29	6.009	70.00	0.671
216.652	0.05	Adapter 6009Hz	29	6.009	70.00	0.671
216.732	0.05	Adapter 6009Hz	29	6.009	70.00	0.671
216.992	0.05	Adapter 6009Hz	29	6.009	70.00	0.671
217.072	0.05	Adapter 6009Hz	29	6.009	70.00	0.671
217.152	0.05	Adapter 6009Hz	29	6.009	70.00	0.671
217.232	0.05	Adapter 6009Hz	29	6.009	70.00	0.671
220.011	0.05	Adapter 1501Hz Probe 3839Hz	30	1.501	70.00	0.186
220.091	0.05	Adapter 1501Hz Probe 3839Hz	30	1.501	70.00	0.186
220.171	0.05	Adapter 1501Hz Probe 3839Hz	30	1.501	70.00	0.186
220.251	0.05	Adapter 1501Hz Probe 3839Hz	30	1.501	70.00	0.186
220.331	0.05	Adapter 1501Hz Probe 3839Hz	30	3.839	70.00	0.437
220.511	0.05	Adapter 1501Hz Probe 3839Hz	30	1.501	70.00	0.186
220.591	0.05	Adapter 1501Hz Probe 3839Hz	30	1.501	70.00	0.186
220.671	0.05	Adapter 1501Hz Probe 3839Hz	30	1.501	70.00	0.186
220.751	0.05	Adapter 1501Hz Probe 3839Hz	30	1.501	70.00	0.186
220.831	0.05	Adapter 1501Hz Probe 3839Hz	30	3.839	70.00	0.437
221.011	0.05	Adapter 1501Hz Probe 3839Hz	30	1.501	70.00	0.186
221.091	0.05	Adapter 1501Hz Probe 3839Hz	30	1.501	70.00	0.186
221.171	0.05	Adapter 1501Hz Probe 3839Hz	30	1.501	70.00	0.186
221.251	0.05	Adapter 1501Hz Probe 3839Hz	30	1.501	70.00	0.186
221.331	0.05	Adapter 1501Hz Probe 3839Hz	30	3.839	70.00	0.437
221.511	0.05	Adapter 1501Hz Probe 3839Hz	30	1.501	70.00	0.186
221.591	0.05	Adapter 1501Hz Probe 3839Hz	30	1.501	70.00	0.186
221.671	0.05	Adapter 1501Hz Probe 3839Hz	30	1.501	70.00	0.186
221.751	0.05	Adapter 1501Hz Probe 3839Hz	30	1.501	70.00	0.186
221.831	0.05	Adapter 1501Hz Probe 3839Hz	30	3.839	70.00	0.437
222.011	0.05	Adapter 1501Hz Probe 3839Hz	30	1.501	70.00	0.186
222.091	0.05	Adapter 1501Hz Probe 3839Hz	30	1.501	70.00	0.186
222.171	0.05	Adapter 1501Hz Probe 3839Hz	30	1.501	70.00	0.186
222.251	0.05	Adapter 1501Hz Probe 3839Hz	30	1.501	70.00	0.186
222.331	0.05	Adapter 1501Hz Probe 3839Hz	30	3.839	70.00	0.437
222.511	0.05	Adapter 1501Hz Probe 3839Hz	30	1.501	70.00	0.186
222.591	0.05	Adapter 1501Hz Probe 3839Hz	30	1.501	70.00	0.186
222.671	0.05	Adapter 1501Hz Probe 3839Hz	30	1.501	70.00	0.186
222.751	0.05	Adapter 1501Hz Probe 3839Hz	30	1.501	70.00	0.186
222.831	0.05	Adapter 1501Hz Probe 3839Hz	30	3.839	70.00	0.437
223.011	0.05	Adapter 1501Hz Probe 3839Hz	30	1.501	70.00	0.186
223.091	0.05	Adapter 1501Hz Probe 3839Hz	30	1.501	70.00	0.186
223.171	0.05	Adapter 1501Hz Probe 3839Hz	30	1.501	70.00	0.186
223.251	0.05	Adapter 1501Hz Probe 3839Hz	30	1.501	70.00	0.186
223.331	0.05	Adapter 1501Hz Probe 3839Hz	30	3.839	70.00	0.437
223.511	0.05	Adapter 1501Hz Probe 3839Hz	30	1.501	70.00	0.186
223.591	0.05	Adapter 1501Hz Probe 3839Hz	30	1.501	70.00	0.186
223.671	0.05	Adapter 1501Hz Probe 3839Hz	30	1.501	70.00	0.186
223.751	0.05	Adapter 1501Hz Probe 3839Hz	30	1.501	70.00	0.186
223.831	0.05	Adapter 1501Hz Probe 3839Hz	30	3.839	70.00	0.437
224.011	0.05	Adapter 1501Hz Probe 3839Hz	30	1.501	70.00	0.186
224.091	0.05	Adapter 1501Hz Probe 3839Hz	30	1.501	70.00	0.186
224.171	0.05	Adapter 1501Hz Probe 3839Hz	30	1.501	70.00	0.186
224.251	0.05	Adapter 1501Hz Probe 3839Hz	30	1.501	70.00	0.186
224.331	0.05	Adapter 1501Hz Probe 3839Hz	30	3.839	70.00	0.437
224.511	0.05	Adapter 1501Hz Probe 3839Hz	30	1.501	70.00	0.186
224.591	0.05	Adapter 1501Hz Probe 3839Hz	30	1.501	70.00	0.186
224.671	0.05	Adapter 1501Hz Probe 3839Hz	30	1.501	70.00	0.186
224.751	0.05	Adapter 1501Hz Probe 3839Hz	30	1.501	70.00	0.186
224.831	0.05	Adapter 1501Hz Probe 3839Hz	30	3.839	70.00	0.437
227.546	0.05	Adapter 3839Hz	31	3.839	70.00	0.437
227.626	0.05	Adapter 3839Hz	31	3.839	70.00	0.437
227.706	0.05	Adapter 3839Hz	31	3.839	70.00	0.437
227.786	0.05	Adapter 3839Hz	31	3.839	70.00	0.437
228.046	0.05	Adapter 3839Hz	31	3.839	70.00	0.437
228.126	0.05	Adapter 3839Hz	31	3.839	70.00	0.437
228.206	0.05	Adapter 3839Hz	31	3.839	70.00	0.437
228.286	0.05	Adapter 3839Hz	31	3.839	70.00	0.437
228.546	0.05	Adapter 3839Hz	31	3.839	70.00	0.437
228.626	0.05	Adapter 3839Hz	31	3.839	70.00	0.437
228.706	0.05	Adapter 3839Hz	31	3.839	70.00	0.437
228.786	0.05	Adapter 3839Hz	31	3.839	70.00	0.437
229.046	0.05	Adapter 3839Hz	31	3.839	70.00	0.437
229.126	0.05	Adapter 3839Hz	31	3.839	70.00	0.437
229.206	0.05	Adapter 3839Hz	31	3.839	70.00	0.437
229.286	0.05	Adapter 3839Hz	31	3.839	70.00	0.437
229.546	0.05	Adapter 3839Hz	31	3.839	70.00	0.437
229.626	0.05	Adapter 3839Hz	31	3.839	70.00	0.437
229.706	0.05	Adapter 3839Hz	31	3.839	70.00	0.437
229.786	0.05	Adapter 3839Hz	31	3.839	70.00	0.437
230.046	0.05	Adapter 3839Hz	31	3.839	70.00	0.437
230.126	0.05	Adapter 3839Hz	31	3.839	70.00	0.437
230.206	0.05	Adapter 3839Hz	31	3.839	70.00	0.437
230.286	0.05	Adapter 3839Hz	31	3.839	70.00	0.437
230.546	0.05	Adapter 3839Hz	31	3.839	70.00	0.437
230.626	0.05	Adapter 3839Hz	31	3.839	70.00	0.437
230.706	0.05	Adapter 3839Hz	31	3.839	70.00	0.437
230.786	0.05	Adapter 3839Hz	31	3.839	70.00	0.437
231.046	0.05	Adapter 3839Hz	31	3.839	70.00	0.437
231.126	0.05	Adapter 3839Hz	31	3.839	70.00	0.437
231.206	0.05	Adapter 3839Hz	31	3.839	70.00	0.437
231.286	0.05	Adapter 3839Hz	31	3.839	70.00	0.437
231.546	0.05	Adapter 3839Hz	31	3.839	70.00	0.437
231.626	0.05	Adapter 3839Hz	31	3.839	70.00	0.437
231.706	0.05	Adapter 3839Hz	31	3.839	70.00	0.437
231.786	0.05	Adapter 3839Hz	31	3.839	70.00	0.437
232.046	0.05	Adapter 3839Hz	31	3.839	70.00	0.437
232.126	0.05	Adapter 3839Hz	31	3.839	70.00	0.437
232.206	0.05	Adapter 3839Hz	31	3.839	70.00	0.437
232.286	0.05	Adapter 3839Hz	31	3.839	70.00	0.437
235.05	0.05	Adapter 507Hz	32	0.507	70.00	0.079
235.13	0.05	Adapter 507Hz	32	0.507	70.00	0.079
235.21	0.05	Adapter 507Hz	32	0.507	70.00	0.079
235.29	0.05	Adapter 507Hz	32	0.507	70.00	0.079
235.55	0.05	Adapter 507Hz	32	0.507	70.00	0.079
235.63	0.05	Adapter 507Hz	32	0.507	70.00	0.079
235.71	0.05	Adapter 507Hz	32	0.507	70.00	0.079
235.79	0.05	Adapter 507Hz	32	0.507	70.00	0.079
236.05	0.05	Adapter 507Hz	32	0.507	70.00	0.079
236.13	0.05	Adapter 507Hz	32	0.507	70.00	0.079
236.21	0.05	Adapter 507Hz	32	0.507	70.00	0.079
236.29	0.05	Adapter 507Hz	32	0.507	70.00	0.079
236.55	0.05	Adapter 507Hz	32	0.507	70.00	0.079
236.63	0.05	Adapter 507Hz	32	0.507	70.00	0.079
236.71	0.05	Adapter 507Hz	32	0.507	70.00	0.079
236.79	0.05	Adapter 507Hz	32	0.507	70.00	0.079
237.05	0.05	Adapter 507Hz	32	0.507	70.00	0.079
237.13	0.05	Adapter 507Hz	32	0.507	70.00	0.079
237.21	0.05	Adapter 507Hz	32	0.507	70.00	0.079
237.29	0.05	Adapter 507Hz	32	0.507	70.00	0.079
237.55	0.05	Adapter 507Hz	32	0.507	70.00	0.079
237.63	0.05	Adapter 507Hz	32	0.507	70.00	0.079
237.71	0.05	Adapter 507Hz	32	0.507	70.00	0.079
237.79	0.05	Adapter 507Hz	32	0.507	70.00	0.079
238.05	0.05	Adapter 507Hz	32	0.507	70.00	0.079
238.13	0.05	Adapter 507Hz	32	0.507	70.00	0.079
238.21	0.05	Adapter 507Hz	32	0.507	70.00	0.079
238.29	0.05	Adapter 507Hz	32	0.507	70.00	0.079
238.55	0.05	Adapter 507Hz	32	0.507	70.00	0.079
238.63	0.05	Adapter 507Hz	32	0.507	70.00	0.079
238.71	0.05	Adapter 507Hz	32	0.507	70.00	0.079
238.79	0.05	Adapter 507Hz	32	0.507	70.00	0.079
239.05	0.05	Adapter 507Hz	32	0.507	70.00	0.079
239.13	0.05	Adapter 507Hz	32	0.507	70.00	0.079
239.21	0.05	Adapter 507Hz	32	0.507	70.00	0.079
239.29	0.05	Adapter 507Hz	32	0.507	70.00	0.079
239.55	0.05	Adapter 507Hz	32	0.507	70.00	0.079
239.63	0.05	Adapter 507Hz	32	0.507	70.00	0.079
239.71	0.05	Adapter 507Hz	32	0.507	70.00	0.079
239.79	0.05	Adapter 507Hz	32	0.507	70.00	0.079
242.522	0.05	Adapter 2423Hz Probe 3839Hz	33	2.423	70.00	0.285
242.602	0.05	Adapter 2423Hz Probe 3839Hz	33	2.423	70.00	0.285
242.682	0.05	Adapter 2423Hz Probe 3839Hz	33	2.423	70.00	0.285
242.762	0.05	Adapter 2423Hz Probe 3839Hz	33	2.423	70.00	0.285
242.842	0.05	Adapter 2423Hz Probe 3839Hz	33	3.839	70.00	0.437
243.022	0.05	Adapter 2423Hz Probe 3839Hz	33	2.423	70.00	0.285
243.102	0.05	Adapter 2423Hz Probe 3839Hz	33	2.423	70.00	0.285
243.182	0.05	Adapter 2423Hz Probe 3839Hz	33	2.423	70.00	0.285
243.262	0.05	Adapter 2423Hz Probe 3839Hz	33	2.423	70.00	0.285
243.342	0.05	Adapter 2423Hz Probe 3839Hz	33	3.839	70.00	0.437
243.522	0.05	Adapter 2423Hz Probe 3839Hz	33	2.423	70.00	0.285
243.602	0.05	Adapter 2423Hz Probe 3839Hz	33	2.423	70.00	0.285
243.682	0.05	Adapter 2423Hz Probe 3839Hz	33	2.423	70.00	0.285
243.762	0.05	Adapter 2423Hz Probe 3839Hz	33	2.423	70.00	0.285
243.842	0.05	Adapter 2423Hz Probe 3839Hz	33	3.839	70.00	0.437
244.022	0.05	Adapter 2423Hz Probe 3839Hz	33	2.423	70.00	0.285
244.102	0.05	Adapter 2423Hz Probe 3839Hz	33	2.423	70.00	0.285
244.182	0.05	Adapter 2423Hz Probe 3839Hz	33	2.423	70.00	0.285
244.262	0.05	Adapter 2423Hz Probe 3839Hz	33	2.423	70.00	0.285
244.342	0.05	Adapter 2423Hz Probe 3839Hz	33	3.839	70.00	0.437
244.522	0.05	Adapter 2423Hz Probe 3839Hz	33	2.423	70.00	0.285
244.602	0.05	Adapter 2423Hz Probe 3839Hz	33	2.423	70.00	0.285
244.682	0.05	Adapter 2423Hz Probe 3839Hz	33	2.423	70.00	0.285
244.762	0.05	Adapter 2423Hz Probe 3839Hz	33	2.423	70.00	0.285
244.842	0.05	Adapter 2423Hz Probe 3839Hz	33	3.839	70.00	0.437
245.022	0.05	Adapter 2423Hz Probe 3839Hz	33	2.423	70.00	0.285
245.102	0.05	Adapter 2423Hz Probe 3839Hz	33	2.423	70.00	0.285
245.182	0.05	Adapter 2423Hz Probe 3839Hz	33	2.423	70.00	0.285
245.262	0.05	Adapter 2423Hz Probe 3839Hz	33	2.423	70.00	0.285
245.342	0.05	Adapter 2423Hz Probe 3839Hz	33	3.839	70.00	0.437
245.522	0.05	Adapter 2423Hz Probe 3839Hz	33	2.423	70.00	0.285
245.602	0.05	Adapter 2423Hz Probe 3839Hz	33	2.423	70.00	0.285
245.682	0.05	Adapter 2423Hz Probe 3839Hz	33	2.423	70.00	0.285
245.762	0.05	Adapter 2423Hz Probe 3839Hz	33	2.423	70.00	0.285
245.842	0.05	Adapter 2423Hz Probe 3839Hz	33	3.839	70.00	0.437
246.022	0.05	Adapter 2423Hz Probe 3839Hz	33	2.423	70.00	0.285
246.102	0.05	Adapter 2423Hz Probe 3839Hz	33	2.423	70.00	0.285
246.182	0.05	Adapter 2423Hz Probe 3839Hz	33	2.423	70.00	0.285
246.262	0.05	Adapter 2423Hz Probe 3839Hz	33	2.423	70.00	0.285
246.342	0.05	Adapter 2423Hz Probe 3839Hz	33	3.839	70.00	0.437
246.522	0.05	Adapter 2423Hz Probe 3839Hz	33	2.423	70.00	0.285
246.602	0.05	Adapter 2423Hz Probe 3839Hz	33	2.423	70.00	0.285
246.682	0.05	Adapter 2423Hz Probe 3839Hz	33	2.423	70.00	0.285
246.762	0.05	Adapter 2423Hz Probe 3839Hz	33	2.423	70.00	0.285
246.842	0.05	Adapter 2423Hz Probe 3839Hz	33	3.839	70.00	0.437
247.022	0.05	Adapter 2423Hz Probe 3839Hz	33	2.423	70.00	0.285
247.102	0.05	Adapter 2423Hz Probe 3839Hz	33	2.423	70.00	0.285
247.182	0.05	Adapter 2423Hz Probe 3839Hz	33	2.423	70.00	0.285
247.262	0.05	Adapter 2423Hz Probe 3839Hz	33	2.423	70.00	0.285
247.342	0.05	Adapter 2423Hz Probe 3839Hz	33	3.839	70.00	0.437
257.818	0.05	Probe 3839Hz	35	3.839	70.00	0.437
258.318	0.05	Probe 3839Hz	35	3.839	70.00	0.437
258.818	0.05	Probe 3839Hz	35	3.839	70.00	0.437
259.318	0.05	Probe 3839Hz	35	3.839	70.00	0.437
259.818	0.05	Probe 3839Hz	35	3.839	70.00	0.437
260.318	0.05	Probe 3839Hz	35	3.839	70.00	0.437
260.818	0.05	Probe 3839Hz	35	3.839	70.00	0.437
261.318	0.05	Probe 3839Hz	35	3.839	70.00	0.437
261.818	0.05	Probe 3839Hz	35	3.839	70.00	0.437
262.318	0.05	Probe 3839Hz	35	3.839	70.00	0.437
265.033	0.05	Adapter 6009Hz	36	6.009	70.00	0.671
265.113	0.05	Adapter 6009Hz	36	6.009	70.00	0.671
265.193	0.05	Adapter 6009Hz	36	6.009	70.00	0.671
265.273	0.05	Adapter 6009Hz	36	6.009	70.00	0.671
265.533	0.05	Adapter 6009Hz	36	6.009	70.00	0.671
265.613	0.05	Adapter 6009Hz	36	6.009	70.00	0.671
265.693	0.05	Adapter 6009Hz	36	6.009	70.00	0.671
265.773	0.05	Adapter 6009Hz	36	6.009	70.00	0.671
266.033	0.05	Adapter 6009Hz	36	6.009	70.00	0.671
266.113	0.05	Adapter 6009Hz	36	6.009	70.00	0.671
266.193	0.05	Adapter 6009Hz	36	6.009	70.00	0.671
266.273	0.05	Adapter 6009Hz	36	6.009	70.00	0.671
266.533	0.05	Adapter 6009Hz	36	6.009	70.00	0.671
266.613	0.05	Adapter 6009Hz	36	6.009	70.00	0.671
266.693	0.05	Adapter 6009Hz	36	6.009	70.00	0.671
266.773	0.05	Adapter 6009Hz	36	6.009	70.00	0.671
267.033	0.05	Adapter 6009Hz	36	6.009	70.00	0.671
267.113	0.05	Adapter 6009Hz	36	6.009	70.00	0.671
267.193	0.05	Adapter 6009Hz	36	6.009	70.00	0.671
267.273	0.05	Adapter 6009Hz	36	6.009	70.00	0.671
267.533	0.05	Adapter 6009Hz	36	6.009	70.00	0.671
267.613	0.05	Adapter 6009Hz	36	6.009	70.00	0.671
267.693	0.05	Adapter 6009Hz	36	6.009	70.00	0.671
267.773	0.05	Adapter 6009Hz	36	6.009	70.00	0.671
268.033	0.05	Adapter 6009Hz	36	6.009	70.00	0.671
268.113	0.05	Adapter 6009Hz	36	6.009	70.00	0.671
268.193	0.05	Adapter 6009Hz	36	6.009	70.00	0.671
268.273	0.05	Adapter 6009Hz	36	6.009	70.00	0.671
268.533	0.05	Adapter 6009Hz	36	6.009	70.00	0.671
268.613	0.05	Adapter 6009Hz	36	6.009	70.00	0.671
268.693	0.05	Adapter 6009Hz	36	6.009	70.00	0.671
268.773	0.05	Adapter 6009Hz	36	6.009	70.00	0.671
269.033	0.05	Adapter 6009Hz	36	6.009	70.00	0.671
269.113	0.05	Adapter 6009Hz	36	6.009	70.00	0.671
269.193	0.05	Adapter 6009Hz	36	6.009	70.00	0.671
269.273	0.05	Adapter 6009Hz	36	6.009	70.00	0.671
269.533	0.05	Adapter 6009Hz	36	6.009	70.00	0.671
269.613	0.05	Adapter 6009Hz	36	6.009	70.00	0.671
269.693	0.05	Adapter 6009Hz	36	6.009	70.00	0.671
269.773	0.05	Adapter 6009Hz	36	6.009	70.00	0.671
272.521	0.05	Adapter 1501Hz	37	1.501	70.00	0.186
272.601	0.05	Adapter 1501Hz	37	1.501	70.00	0.186
272.681	0.05	Adapter 1501Hz	37	1.501	70.00	0.186
272.761	0.05	Adapter 1501Hz	37	1.501	70.00	0.186
273.021	0.05	Adapter 1501Hz	37	1.501	70.00	0.186
273.101	0.05	Adapter 1501Hz	37	1.501	70.00	0.186
273.181	0.05	Adapter 1501Hz	37	1.501	70.00	0.186
273.261	0.05	Adapter 1501Hz	37	1.501	70.00	0.186
273.521	0.05	Adapter 1501Hz	37	1.501	70.00	0.186
273.601	0.05	Adapter 1501Hz	37	1.501	70.00	0.186
273.681	0.05	Adapter 1501Hz	37	1.501	70.00	0.186
273.761	0.05	Adapter 1501Hz	37	1.501	70.00	0.186
274.021	0.05	Adapter 1501Hz	37	1.501	70.00	0.186
274.101	0.05	Adapter 1501Hz	37	1.501	70.00	0.186
274.181	0.05	Adapter 1501Hz	37	1.501	70.00	0.186
274.261	0.05	Adapter 1501Hz	37	1.501	70.00	0.186
274.521	0.05	Adapter 1501Hz	37	1.501	70.00	0.186
274.601	0.05	Adapter 1501Hz	37	1.501	70.00	0.186
274.681	0.05	Adapter 1501Hz	37	1.501	70.00	0.186
274.761	0.05	Adapter 1501Hz	37	1.501	70.00	0.186
275.021	0.05	Adapter 1501Hz	37	1.501	70.00	0.186
275.101	0.05	Adapter 1501Hz	37	1.501	70.00	0.186
275.181	0.05	Adapter 1501Hz	37	1.501	70.00	0.186
275.261	0.05	Adapter 1501Hz	37	1.501	70.00	0.186
275.521	0.05	Adapter 1501Hz	37	1.501	70.00	0.186
275.601	0.05	Adapter 1501Hz	37	1.501	70.00	0.186
275.681	0.05	Adapter 1501Hz	37	1.501	70.00	0.186
275.761	0.05	Adapter 1501Hz	37	1.501	70.00	0.186
276.021	0.05	Adapter 1501Hz	37	1.501	70.00	0.186
276.101	0.05	Adapter 1501Hz	37	1.501	70.00	0.186
276.181	0.05	Adapter 1501Hz	37	1.501	70.00	0.186
276.261	0.05	Adapter 1501Hz	37	1.501	70.00	0.186
276.521	0.05	Adapter 1501Hz	37	1.501	70.00	0.186
276.601	0.05	Adapter 1501Hz	37	1.501	70.00	0.186
276.681	0.05	Adapter 1501Hz	37	1.501	70.00	0.186
276.761	0.05	Adapter 1501Hz	37	1.501	70.00	0.186
277.021	0.05	Adapter 1501Hz	37	1.501	70.00	0.186
277.101	0.05	Adapter 1501Hz	37	1.501	70.00	0.186
277.181	0.05	Adapter 1501Hz	37	1.501	70.00	0.186
277.261	0.05	Adapter 1501Hz	37	1.501	70.00	0.186
287.544	0.05	Adapter 899Hz Probe 3839Hz	39	0.899	70.00	0.121
287.624	0.05	Adapter 899Hz Probe 3839Hz	39	0.899	70.00	0.121
287.704	0.05	Adapter 899Hz Probe 3839Hz	39	0.899	70.00	0.121
287.784	0.05	Adapter 899Hz Probe 3839Hz	39	0.899	70.00	0.121
287.864	0.05	Adapter 899Hz Probe 3839Hz	39	3.839	70.00	0.437
288.044	0.05	Adapter 899Hz Probe 3839Hz	39	0.899	70.00	0.121
288.124	0.05	Adapter 899Hz Probe 3839Hz	39	0.899	70.00	0.121
288.204	0.05	Adapter 899Hz Probe 3839Hz	39	0.899	70.00	0.121
288.284	0.05	Adapter 899Hz Probe 3839Hz	39	0.899	70.00	0.121
288.364	0.05	Adapter 899Hz Probe 3839Hz	39	3.839	70.00	0.437
288.544	0.05	Adapter 899Hz Probe 3839Hz	39	0.899	70.00	0.121
288.624	0.05	Adapter 899Hz Probe 3839Hz	39	0.899	70.00	0.121
288.704	0.05	Adapter 899Hz Probe 3839Hz	39	0.899	70.00	0.121
288.784	0.05	Adapter 899Hz Probe 3839Hz	39	0.899	70.00	0.121
288.864	0.05	Adapter 899Hz Probe 3839Hz	39	3.839	70.00	0.437
289.044	0.05	Adapter 899Hz Probe 3839Hz	39	0.899	70.00	0.121
289.124	0.05	Adapter 899Hz Probe 3839Hz	39	0.899	70.00	0.121
289.204	0.05	Adapter 899Hz Probe 3839Hz	39	0.899	70.00	0.121
289.284	0.05	Adapter 899Hz Probe 3839Hz	39	0.899	70.00	0.121
289.364	0.05	Adapter 899Hz Probe 3839Hz	39	3.839	70.00	0.437
289.544	0.05	Adapter 899Hz Probe 3839Hz	39	0.899	70.00	0.121
289.624	0.05	Adapter 899Hz Probe 3839Hz	39	0.899	70.00	0.121
289.704	0.05	Adapter 899Hz Probe 3839Hz	39	0.899	70.00	0.121
289.784	0.05	Adapter 899Hz Probe 3839Hz	39	0.899	70.00	0.121
289.864	0.05	Adapter 899Hz Probe 3839Hz	39	3.839	70.00	0.437
290.044	0.05	Adapter 899Hz Probe 3839Hz	39	0.899	70.00	0.121
290.124	0.05	Adapter 899Hz Probe 3839Hz	39	0.899	70.00	0.121
290.204	0.05	Adapter 899Hz Probe 3839Hz	39	0.899	70.00	0.121
290.284	0.05	Adapter 899Hz Probe 3839Hz	39	0.899	70.00	0.121
290.364	0.05	Adapter 899Hz Probe 3839Hz	39	3.839	70.00	0.437
290.544	0.05	Adapter 899Hz Probe 3839Hz	39	0.899	70.00	0.121
290.624	0.05	Adapter 899Hz Probe 3839Hz	39	0.899	70.00	0.121
290.704	0.05	Adapter 899Hz Probe 3839Hz	39	0.899	70.00	0.121
290.784	0.05	Adapter 899Hz Probe 3839Hz	39	0.899	70.00	0.121
290.864	0.05	Adapter 899Hz Probe 3839Hz	39	3.839	70.00	0.437
291.044	0.05	Adapter 899Hz Probe 3839Hz	39	0.899	70.00	0.121
291.124	0.05	Adapter 899Hz Probe 3839Hz	39	0.899	70.00	0.121
291.204	0.05	Adapter 899Hz Probe 3839Hz	39	0.899	70.00	0.121
291.284	0.05	Adapter 899Hz Probe 3839Hz	39	0.899	70.00	0.121
291.364	0.05	Adapter 899Hz Probe 3839Hz	39	3.839	70.00	0.437
291.544	0.05	Adapter 899Hz Probe 3839Hz	39	0.899	70.00	0.121
291.624	0.05	Adapter 899Hz Probe 3839Hz	39	0.899	70.00	0.121
291.704	0.05	Adapter 899Hz Probe 3839Hz	39	0.899	70.00	0.121
291.784	0.05	Adapter 899Hz Probe 3839Hz	39	0.899	70.00	0.121
291.864	0.05	Adapter 899Hz Probe 3839Hz	39	3.839	70.00	0.437
292.044	0.05	Adapter 899Hz Probe 3839Hz	39	0.899	70.00	0.121
292.124	0.05	Adapter 899Hz Probe 3839Hz	39	0.899	70.00	0.121
292.204	0.05	Adapter 899Hz Probe 3839Hz	39	0.899	70.00	0.121
292.284	0.05	Adapter 899Hz Probe 3839Hz	39	0.899	70.00	0.121
292.364	0.05	Adapter 899Hz Probe 3839Hz	39	3.839	70.00	0.437
295.032	0.05	Adapter 2423Hz	40	2.423	70.00	0.285
295.112	0.05	Adapter 2423Hz	40	2.423	70.00	0.285
295.192	0.05	Adapter 2423Hz	40	2.423	70.00	0.285
295.272	0.05	Adapter 2423Hz	40	2.423	70.00	0.285
295.532	0.05	Adapter 2423Hz	40	2.423	70.00	0.285
295.612	0.05	Adapter 2423Hz	40	2.423	70.00	0.285
295.692	0.05	Adapter 2423Hz	40	2.423	70.00	0.285
295.772	0.05	Adapter 2423Hz	40	2.423	70.00	0.285
296.032	0.05	Adapter 2423Hz	40	2.423	70.00	0.285
296.112	0.05	Adapter 2423Hz	40	2.423	70.00	0.285
296.192	0.05	Adapter 2423Hz	40	2.423	70.00	0.285
296.272	0.05	Adapter 2423Hz	40	2.423	70.00	0.285
296.532	0.05	Adapter 2423Hz	40	2.423	70.00	0.285
296.612	0.05	Adapter 2423Hz	40	2.423	70.00	0.285
296.692	0.05	Adapter 2423Hz	40	2.423	70.00	0.285
296.772	0.05	Adapter 2423Hz	40	2.423	70.00	0.285
297.032	0.05	Adapter 2423Hz	40	2.423	70.00	0.285
297.112	0.05	Adapter 2423Hz	40	2.423	70.00	0.285
297.192	0.05	Adapter 2423Hz	40	2.423	70.00	0.285
297.272	0.05	Adapter 2423Hz	40	2.423	70.00	0.285
297.532	0.05	Adapter 2423Hz	40	2.423	70.00	0.285
297.612	0.05	Adapter 2423Hz	40	2.423	70.00	0.285
297.692	0.05	Adapter 2423Hz	40	2.423	70.00	0.285
297.772	0.05	Adapter 2423Hz	40	2.423	70.00	0.285
298.032	0.05	Adapter 2423Hz	40	2.423	70.00	0.285
298.112	0.05	Adapter 2423Hz	40	2.423	70.00	0.285
298.192	0.05	Adapter 2423Hz	40	2.423	70.00	0.285
298.272	0.05	Adapter 2423Hz	40	2.423	70.00	0.285
298.532	0.05	Adapter 2423Hz	40	2.423	70.00	0.285
298.612	0.05	Adapter 2423Hz	40	2.423	70.00	0.285
298.692	0.05	Adapter 2423Hz	40	2.423	70.00	0.285
298.772	0.05	Adapter 2423Hz	40	2.423	70.00	0.285
299.032	0.05	Adapter 2423Hz	40	2.423	70.00	0.285
299.112	0.05	Adapter 2423Hz	40	2.423	70.00	0.285
299.192	0.05	Adapter 2423Hz	40	2.423	70.00	0.285
299.272	0.05	Adapter 2423Hz	40	2.423	70.00	0.285
299.532	0.05	Adapter 2423Hz	40	2.423	70.00	0.285
299.612	0.05	Adapter 2423Hz	40	2.423	70.00	0.285
299.692	0.05	Adapter 2423Hz	40	2.423	70.00	0.285
299.772	0.05	Adapter 2423Hz	40	2.423	70.00	0.285
302.551	0.05	Adapter 3839Hz	41	3.839	70.00	0.437
302.631	0.05	Adapter 3839Hz	41	3.839	70.00	0.437
302.711	0.05	Adapter 3839Hz	41	3.839	70.00	0.437
302.791	0.05	Adapter 3839Hz	41	3.839	70.00	0.437
303.051	0.05	Adapter 3839Hz	41	3.839	70.00	0.437
303.131	0.05	Adapter 3839Hz	41	3.839	70.00	0.437
303.211	0.05	Adapter 3839Hz	41	3.839	70.00	0.437
303.291	0.05	Adapter 3839Hz	41	3.839	70.00	0.437
303.551	0.05	Adapter 3839Hz	41	3.839	70.00	0.437
303.631	0.05	Adapter 3839Hz	41	3.839	70.00	0.437
303.711	0.05	Adapter 3839Hz	41	3.839	70.00	0.437
303.791	0.05	Adapter 3839Hz	41	3.839	70.00	0.437
304.051	0.05	Adapter 3839Hz	41	3.839	70.00	0.437
304.131	0.05	Adapter 3839Hz	41	3.839	70.00	0.437
304.211	0.05	Adapter 3839Hz	41	3.839	70.00	0.437
304.291	0.05	Adapter 3839Hz	41	3.839	70.00	0.437
304.551	0.05	Adapter 3839Hz	41	3.839	70.00	0.437
304.631	0.05	Adapter 3839Hz	41	3.839	70.00	0.437
304.711	0.05	Adapter 3839Hz	41	3.839	70.00	0.437
304.791	0.05	Adapter 3839Hz	41	3.839	70.00	0.437
305.051	0.05	Adapter 3839Hz	41	3.839	70.00	0.437
305.131	0.05	Adapter 3839Hz	41	3.839	70.00	0.437
305.211	0.05	Adapter 3839Hz	41	3.839	70.00	0.437
305.291	0.05	Adapter 3839Hz	41	3.839	70.00	0.437
305.551	0.05	Adapter 3839Hz	41	3.839	70.00	0.437
305.631	0.05	Adapter 3839Hz	41	3.839	70.00	0.437
305.711	0.05	Adapter 3839Hz	41	3.839	70.00	0.437
305.791	0.05	Adapter 3839Hz	41	3.839	70.00	0.437
306.051	0.05	Adapter 3839Hz	41	3.839	70.00	0.437
306.131	0.05	Adapter 3839Hz	41	3.839	70.00	0.437
306.211	0.05	Adapter 3839Hz	41	3.839	70.00	0.437
306.291	0.05	Adapter 3839Hz	41	3.839	70.00	0.437
306.551	0.05	Adapter 3839Hz	41	3.839	70.00	0.437
306.631	0.05	Adapter 3839Hz	41	3.839	70.00	0.437
306.711	0.05	Adapter 3839Hz	41	3.839	70.00	0.437
306.791	0.05	Adapter 3839Hz	41	3.839	70.00	0.437
307.051	0.05	Adapter 3839Hz	41	3.839	70.00	0.437
307.131	0.05	Adapter 3839Hz	41	3.839	70.00	0.437
307.211	0.05	Adapter 3839Hz	41	3.839	70.00	0.437
307.291	0.05	Adapter 3839Hz	41	3.839	70.00	0.437
310.024	0.05	Adapter 899Hz	42	0.899	70.00	0.121
310.104	0.05	Adapter 899Hz	42	0.899	70.00	0.121
310.184	0.05	Adapter 899Hz	42	0.899	70.00	0.121
310.264	0.05	Adapter 899Hz	42	0.899	70.00	0.121
310.524	0.05	Adapter 899Hz	42	0.899	70.00	0.121
310.604	0.05	Adapter 899Hz	42	0.899	70.00	0.121
310.684	0.05	Adapter 899Hz	42	0.899	70.00	0.121
310.764	0.05	Adapter 899Hz	42	0.899	70.00	0.121
311.024	0.05	Adapter 899Hz	42	0.899	70.00	0.121
311.104	0.05	Adapter 899Hz	42	0.899	70.00	0.121
311.184	0.05	Adapter 899Hz	42	0.899	70.00	0.121
311.264	0.05	Adapter 899Hz	42	0.899	70.00	0.121
311.524	0.05	Adapter 899Hz	42	0.899	70.00	0.121
311.604	0.05	Adapter 899Hz	42	0.899	70.00	0.121
311.684	0.05	Adapter 899Hz	42	0.899	70.00	0.121
311.764	0.05	Adapter 899Hz	42	0.899	70.00	0.121
312.024	0.05	Adapter 899Hz	42	0.899	70.00	0.121
312.104	0.05	Adapter 899Hz	42	0.899	70.00	0.121
312.184	0.05	Adapter 899Hz	42	0.899	70.00	0.121
312.264	0.05	Adapter 899Hz	42	0.899	70.00	0.121
312.524	0.05	Adapter 899Hz	42	0.899	70.00	0.121
312.604	0.05	Adapter 899Hz	42	0.899	70.00	0.121
312.684	0.05	Adapter 899Hz	42	0.899	70.00	0.121
312.764	0.05	Adapter 899Hz	42	0.899	70.00	0.121
313.024	0.05	Adapter 899Hz	42	0.899	70.00	0.121
313.104	0.05	Adapter 899Hz	42	0.899	70.00	0.121
313.184	0.05	Adapter 899Hz	42	0.899	70.00	0.121
313.264	0.05	Adapter 899Hz	42	0.899	70.00	0.121
313.524	0.05	Adapter 899Hz	42	0.899	70.00	0.121
313.604	0.05	Adapter 899Hz	42	0.899	70.00	0.121
313.684	0.05	Adapter 899Hz	42	0.899	70.00	0.121
313.764	0.05	Adapter 899Hz	42	0.899	70.00	0.121
314.024	0.05	Adapter 899Hz	42	0.899	70.00	0.121
314.104	0.05	Adapter 899Hz	42	0.899	70.00	0.121
314.184	0.05	Adapter 899Hz	42	0.899	70.00	0.121
314.264	0.05	Adapter 899Hz	42	0.899	70.00	0.121
314.524	0.05	Adapter 899Hz	42	0.899	70.00	0.121
314.604	0.05	Adapter 899Hz	42	0.899	70.00	0.121
314.684	0.05	Adapter 899Hz	42	0.899	70.00	0.121
314.764	0.05	Adapter 899Hz	42	0.899	70.00	0.121
317.527	0.05	Adapter 3839Hz Probe 3839Hz	43	3.839	70.00	0.437
317.607	0.05	Adapter 3839Hz Probe 3839Hz	43	3.839	70.00	0.437
317.687	0.05	Adapter 3839Hz Probe 3839Hz	43	3.839	70.00	0.437
317.767	0.05	Adapter 3839Hz Probe 3839Hz	43	3.839	70.00	0.437
317.847	0.05	Adapter 3839Hz Probe 3839Hz	43	3.839	70.00	0.437
318.027	0.05	Adapter 3839Hz Probe 3839Hz	43	3.839	70.00	0.437
318.107	0.05	Adapter 3839Hz Probe 3839Hz	43	3.839	70.00	0.437
318.187	0.05	Adapter 3839Hz Probe 3839Hz	43	3.839	70.00	0.437
318.267	0.05	Adapter 3839Hz Probe 3839Hz	43	3.839	70.00	0.437
318.347	0.05	Adapter 3839Hz Probe 3839Hz	43	3.839	70.00	0.437
318.527	0.05	Adapter 3839Hz Probe 3839Hz	43	3.839	70.00	0.437
318.607	0.05	Adapter 3839Hz Probe 3839Hz	43	3.839	70.00	0.437
318.687	0.05	Adapter 3839Hz Probe 3839Hz	43	3.839	70.00	0.437
318.767	0.05	Adapter 3839Hz Probe 3839Hz	43	3.839	70.00	0.437
318.847	0.05	Adapter 3839Hz Probe 3839Hz	43	3.839	70.00	0.437
319.027	0.05	Adapter 3839Hz Probe 3839Hz	43	3.839	70.00	0.437
319.107	0.05	Adapter 3839Hz Probe 3839Hz	43	3.839	70.00	0.437
319.187	0.05	Adapter 3839Hz Probe 3839Hz	43	3.839	70.00	0.437
319.267	0.05	Adapter 3839Hz Probe 3839Hz	43	3.839	70.00	0.437
319.347	0.05	Adapter 3839Hz Probe 3839Hz	43	3.839	70.00	0.437
319.527	0.05	Adapter 3839Hz Probe 3839Hz	43	3.839	70.00	0.437
319.607	0.05	Adapter 3839Hz Probe 3839Hz	43	3.839	70.00	0.437
319.687	0.05	Adapter 3839Hz Probe 3839Hz	43	3.839	70.00	0.437
319.767	0.05	Adapter 3839Hz Probe 3839Hz	43	3.839	70.00	0.437
319.847	0.05	Adapter 3839Hz Probe 3839Hz	43	3.839	70.00	0.437
320.027	0.05	Adapter 3839Hz Probe 3839Hz	43	3.839	70.00	0.437
320.107	0.05	Adapter 3839Hz Probe 3839Hz	43	3.839	70.00	0.437
320.187	0.05	Adapter 3839Hz Probe 3839Hz	43	3.839	70.00	0.437
320.267	0.05	Adapter 3839Hz Probe 3839Hz	43	3.839	70.00	0.437
320.347	0.05	Adapter 3839Hz Probe 3839Hz	43	3.839	70.00	0.437
320.527	0.05	Adapter 3839Hz Probe 3839Hz	43	3.839	70.00	0.437
320.607	0.05	Adapter 3839Hz Probe 3839Hz	43	3.839	70.00	0.437
320.687	0.05	Adapter 3839Hz Probe 3839Hz	43	3.839	70.00	0.437
320.767	0.05	Adapter 3839Hz Probe 3839Hz	43	3.839	70.00	0.437
320.847	0.05	Adapter 3839Hz Probe 3839Hz	43	3.839	70.00	0.437
321.027	0.05	Adapter 3839Hz Probe 3839Hz	43	3.839	70.00	0.437
321.107	0.05	Adapter 3839Hz Probe 3839Hz	43	3.839	70.00	0.437
321.187	0.05	Adapter 3839Hz Probe 3839Hz	43	3.839	70.00	0.437
321.267	0.05	Adapter 3839Hz Probe 3839Hz	43	3.839	70.00	0.437
321.347	0.05	Adapter 3839Hz Probe 3839Hz	43	3.839	70.00	0.437
321.527	0.05	Adapter 3839Hz Probe 3839Hz	43	3.839	70.00	0.437
321.607	0.05	Adapter 3839Hz Probe 3839Hz	43	3.839	70.00	0.437
321.687	0.05	Adapter 3839Hz Probe 3839Hz	43	3.839	70.00	0.437
321.767	0.05	Adapter 3839Hz Probe 3839Hz	43	3.839	70.00	0.437
321.847	0.05	Adapter 3839Hz Probe 3839Hz	43	3.839	70.00	0.437
322.027	0.05	Adapter 3839Hz Probe 3839Hz	43	3.839	70.00	0.437
322.107	0.05	Adapter 3839Hz Probe 3839Hz	43	3.839	70.00	0.437
322.187	0.05	Adapter 3839Hz Probe 3839Hz	43	3.839	70.00	0.437
322.267	0.05	Adapter 3839Hz Probe 3839Hz	43	3.839	70.00	0.437
322.347	0.05	Adapter 3839Hz Probe 3839Hz	43	3.839	70.00	0.437
325.031	0.05	Adapter 507Hz Probe 3839Hz	44	0.507	70.00	0.079
325.111	0.05	Adapter 507Hz Probe 3839Hz	44	0.507	70.00	0.079
325.191	0.05	Adapter 507Hz Probe 3839Hz	44	0.507	70.00	0.079
325.271	0.05	Adapter 507Hz Probe 3839Hz	44	0.507	70.00	0.079
325.351	0.05	Adapter 507Hz Probe 3839Hz	44	3.839	70.00	0.437
325.531	0.05	Adapter 507Hz Probe 3839Hz	44	0.507	70.00	0.079
325.611	0.05	Adapter 507Hz Probe 3839Hz	44	0.507	70.00	0.079
325.691	0.05	Adapter 507Hz Probe 3839Hz	44	0.507	70.00	0.079
325.771	0.05	Adapter 507Hz Probe 3839Hz	44	0.507	70.00	0.079
325.851	0.05	Adapter 507Hz Probe 3839Hz	44	3.839	70.00	0.437
326.031	0.05	Adapter 507Hz Probe 3839Hz	44	0.507	70.00	0.079
326.111	0.05	Adapter 507Hz Probe 3839Hz	44	0.507	70.00	0.079
326.191	0.05	Adapter 507Hz Probe 3839Hz	44	0.507	70.00	0.079
326.271	0.05	Adapter 507Hz Probe 3839Hz	44	0.507	70.00	0.079
326.351	0.05	Adapter 507Hz Probe 3839Hz	44	3.839	70.00	0.437
326.531	0.05	Adapter 507Hz Probe 3839Hz	44	0.507	70.00	0.079
326.611	0.05	Adapter 507Hz Probe 3839Hz	44	0.507	70.00	0.079
326.691	0.05	Adapter 507Hz Probe 3839Hz	44	0.507	70.00	0.079
326.771	0.05	Adapter 507Hz Probe 3839Hz	44	0.507	70.00	0.079
326.851	0.05	Adapter 507Hz Probe 3839Hz	44	3.839	70.00	0.437
327.031	0.05	Adapter 507Hz Probe 3839Hz	44	0.507	70.00	0.079
327.111	0.05	Adapter 507Hz Probe 3839Hz	44	0.507	70.00	0.079
327.191	0.05	Adapter 507Hz Probe 3839Hz	44	0.507	70.00	0.079
327.271	0.05	Adapter 507Hz Probe 3839Hz	44	0.507	70.00	0.079
327.351	0.05	Adapter 507Hz Probe 3839Hz	44	3.839	70.00	0.437
327.531	0.05	Adapter 507Hz Probe 3839Hz	44	0.507	70.00	0.079
327.611	0.05	Adapter 507Hz Probe 3839Hz	44	0.507	70.00	0.079
327.691	0.05	Adapter 507Hz Probe 3839Hz	44	0.507	70.00	0.079
327.771	0.05	Adapter 507Hz Probe 3839Hz	44	0.507	70.00	0.079
327.851	0.05	Adapter 507Hz Probe 3839Hz	44	3.839	70.00	0.437
328.031	0.05	Adapter 507Hz Probe 3839Hz	44	0.507	70.00	0.079
328.111	0.05	Adapter 507Hz Probe 3839Hz	44	0.507	70.00	0.079
328.191	0.05	Adapter 507Hz Probe 3839Hz	44	0.507	70.00	0.079
328.271	0.05	Adapter 507Hz Probe 3839Hz	44	0.507	70.00	0.079
328.351	0.05	Adapter 507Hz Probe 3839Hz	44	3.839	70.00	0.437
328.531	0.05	Adapter 507Hz Probe 3839Hz	44	0.507	70.00	0.079
328.611	0.05	Adapter 507Hz Probe 3839Hz	44	0.507	70.00	0.079
328.691	0.05	Adapter 507Hz Probe 3839Hz	44	0.507	70.00	0.079
328.771	0.05	Adapter 507Hz Probe 3839Hz	44	0.507	70.00	0.079
328.851	0.05	Adapter 507Hz Probe 3839Hz	44	3.839	70.00	0.437
329.031	0.05	Adapter 507Hz Probe 3839Hz	44	0.507	70.00	0.079
329.111	0.05	Adapter 507Hz Probe 3839Hz	44	0.507	70.00	0.079
329.191	0.05	Adapter 507Hz Probe 3839Hz	44	0.507	70.00	0.079
329.271	0.05	Adapter 507Hz Probe 3839Hz	44	0.507	70.00	0.079
329.351	0.05	Adapter 507Hz Probe 3839Hz	44	3.839	70.00	0.437
329.531	0.05	Adapter 507Hz Probe 3839Hz	44	0.507	70.00	0.079
329.611	0.05	Adapter 507Hz Probe 3839Hz	44	0.507	70.00	0.079
329.691	0.05	Adapter 507Hz Probe 3839Hz	44	0.507	70.00	0.079
329.771	0.05	Adapter 507Hz Probe 3839Hz	44	0.507	70.00	0.079
329.851	0.05	Adapter 507Hz Probe 3839Hz	44	3.839	70.00	0.437
332.534	0.05	Adapter 251Hz	45	0.251	70.00	0.052
332.614	0.05	Adapter 251Hz	45	0.251	70.00	0.052
332.694	0.05	Adapter 251Hz	45	0.251	70.00	0.052
332.774	0.05	Adapter 251Hz	45	0.251	70.00	0.052
333.034	0.05	Adapter 251Hz	45	0.251	70.00	0.052
333.114	0.05	Adapter 251Hz	45	0.251	70.00	0.052
333.194	0.05	Adapter 251Hz	45	0.251	70.00	0.052
333.274	0.05	Adapter 251Hz	45	0.251	70.00	0.052
333.534	0.05	Adapter 251Hz	45	0.251	70.00	0.052
333.614	0.05	Adapter 251Hz	45	0.251	70.00	0.052
333.694	0.05	Adapter 251Hz	45	0.251	70.00	0.052
333.774	0.05	Adapter 251Hz	45	0.251	70.00	0.052
334.034	0.05	Adapter 251Hz	45	0.251	70.00	0.052
334.114	0.05	Adapter 251Hz	45	0.251	70.00	0.052
334.194	0.05	Adapter 251Hz	45	0.251	70.00	0.052
334.274	0.05	Adapter 251Hz	45	0.251	70.00	0.052
334.534	0.05	Adapter 251Hz	45	0.251	70.00	0.052
334.614	0.05	Adapter 251Hz	45	0.251	70.00	0.052
334.694	0.05	Adapter 251Hz	45	0.251	70.00	0.052
334.774	0.05	Adapter 251Hz	45	0.251	70.00	0.052
335.034	0.05	Adapter 251Hz	45	0.251	70.00	0.052
335.114	0.05	Adapter 251Hz	45	0.251	70.00	0.052
335.194	0.05	Adapter 251Hz	45	0.251	70.00	0.052
335.274	0.05	Adapter 251Hz	45	0.251	70.00	0.052
335.534	0.05	Adapter 251Hz	45	0.251	70.00	0.052
335.614	0.05	Adapter 251Hz	45	0.251	70.00	0.052
335.694	0.05	Adapter 251Hz	45	0.251	70.00	0.052
335.774	0.05	Adapter 251Hz	45	0.251	70.00	0.052
336.034	0.05	Adapter 251Hz	45	0.251	70.00	0.052
336.114	0.05	Adapter 251Hz	45	0.251	70.00	0.052
336.194	0.05	Adapter 251Hz	45	0.251	70.00	0.052
336.274	0.05	Adapter 251Hz	45	0.251	70.00	0.052
336.534	0.05	Adapter 251Hz	45	0.251	70.00	0.052
336.614	0.05	Adapter 251Hz	45	0.251	70.00	0.052
336.694	0.05	Adapter 251Hz	45	0.251	70.00	0.052
336.774	0.05	Adapter 251Hz	45	0.251	70.00	0.052
337.034	0.05	Adapter 251Hz	45	0.251	70.00	0.052
337.114	0.05	Adapter 251Hz	45	0.251	70.00	0.052
337.194	0.05	Adapter 251Hz	45	0.251	70.00	0.052
337.274	0.05	Adapter 251Hz	45	0.251	70.00	0.052
347.526	0.05	Adapter 507Hz	47	0.507	70.00	0.079
347.606	0.05	Adapter 507Hz	47	0.507	70.00	0.079
347.686	0.05	Adapter 507Hz	47	0.507	70.00	0.079
347.766	0.05	Adapter 507Hz	47	0.507	70.00	0.079
348.026	0.05	Adapter 507Hz	47	0.507	70.00	0.079
348.106	0.05	Adapter 507Hz	47	0.507	70.00	0.079
348.186	0.05	Adapter 507Hz	47	0.507	70.00	0.079
348.266	0.05	Adapter 507Hz	47	0.507	70.00	0.079
348.526	0.05	Adapter 507Hz	47	0.507	70.00	0.079
348.606	0.05	Adapter 507Hz	47	0.507	70.00	0.079
348.686	0.05	Adapter 507Hz	47	0.507	70.00	0.079
348.766	0.05	Adapter 507Hz	47	0.507	70.00	0.079
349.026	0.05	Adapter 507Hz	47	0.507	70.00	0.079
349.106	0.05	Adapter 507Hz	47	0.507	70.00	0.079
349.186	0.05	Adapter 507Hz	47	0.507	70.00	0.079
349.266	0.05	Adapter 507Hz	47	0.507	70.00	0.079
349.526	0.05	Adapter 507Hz	47	0.507	70.00	0.079
349.606	0.05	Adapter 507Hz	47	0.507	70.00	0.079
349.686	0.05	Adapter 507Hz	47	0.507	70.00	0.079
349.766	0.05	Adapter 507Hz	47	0.507	70.00	0.079
350.026	0.05	Adapter 507Hz	47	0.507	70.00	0.079
350.106	0.05	Adapter 507Hz	47	0.507	70.00	0.079
350.186	0.05	Adapter 507Hz	47	0.507	70.00	0.079
350.266	0.05	Adapter 507Hz	47	0.507	70.00	0.079
350.526	0.05	Adapter 507Hz	47	0.507	70.00	0.079
350.606	0.05	Adapter 507Hz	47	0.507	70.00	0.079
350.686	0.05	Adapter 507Hz	47	0.507	70.00	0.079
350.766	0.05	Adapter 507Hz	47	0.507	70.00	0.079
351.026	0.05	Adapter 507Hz	47	0.507	70.00	0.079
351.106	0.05	Adapter 507Hz	47	0.507	70.00	0.079
351.186	0.05	Adapter 507Hz	47	0.507	70.00	0.079
351.266	0.05	Adapter 507Hz	47	0.507	70.00	0.079
351.526	0.05	Adapter 507Hz	47	0.507	70.00	0.079
351.606	0.05	Adapter 507Hz	47	0.507	70.00	0.079
351.686	0.05	Adapter 507Hz	47	0.507	70.00	0.079
351.766	0.05	Adapter 507Hz	47	0.507	70.00	0.079
352.026	0.05	Adapter 507Hz	47	0.507	70.00	0.079
352.106	0.05	Adapter 507Hz	47	0.507	70.00	0.079
352.186	0.05	Adapter 507Hz	47	0.507	70.00	0.079
352.266	0.05	Adapter 507Hz	47	0.507	70.00	0.079
355.045	0.05	Adapter 1501Hz Probe 3839Hz	48	1.501	70.00	0.186
355.125	0.05	Adapter 1501Hz Probe 3839Hz	48	1.501	70.00	0.186
355.205	0.05	Adapter 1501Hz Probe 3839Hz	48	1.501	70.00	0.186
355.285	0.05	Adapter 1501Hz Probe 3839Hz	48	1.501	70.00	0.186
355.365	0.05	Adapter 1501Hz Probe 3839Hz	48	3.839	70.00	0.437
355.545	0.05	Adapter 1501Hz Probe 3839Hz	48	1.501	70.00	0.186
355.625	0.05	Adapter 1501Hz Probe 3839Hz	48	1.501	70.00	0.186
355.705	0.05	Adapter 1501Hz Probe 3839Hz	48	1.501	70.00	0.186
355.785	0.05	Adapter 1501Hz Probe 3839Hz	48	1.501	70.00	0.186
355.865	0.05	Adapter 1501Hz Probe 3839Hz	48	3.839	70.00	0.437
356.045	0.05	Adapter 1501Hz Probe 3839Hz	48	1.501	70.00	0.186
356.125	0.05	Adapter 1501Hz Probe 3839Hz	48	1.501	70.00	0.186
356.205	0.05	Adapter 1501Hz Probe 3839Hz	48	1.501	70.00	0.186
356.285	0.05	Adapter 1501Hz Probe 3839Hz	48	1.501	70.00	0.186
356.365	0.05	Adapter 1501Hz Probe 3839Hz	48	3.839	70.00	0.437
356.545	0.05	Adapter 1501Hz Probe 3839Hz	48	1.501	70.00	0.186
356.625	0.05	Adapter 1501Hz Probe 3839Hz	48	1.501	70.00	0.186
356.705	0.05	Adapter 1501Hz Probe 3839Hz	48	1.501	70.00	0.186
356.785	0.05	Adapter 1501Hz Probe 3839Hz	48	1.501	70.00	0.186
356.865	0.05	Adapter 1501Hz Probe 3839Hz	48	3.839	70.00	0.437
357.045	0.05	Adapter 1501Hz Probe 3839Hz	48	1.501	70.00	0.186
357.125	0.05	Adapter 1501Hz Probe 3839Hz	48	1.501	70.00	0.186
357.205	0.05	Adapter 1501Hz Probe 3839Hz	48	1.501	70.00	0.186
357.285	0.05	Adapter 1501Hz Probe 3839Hz	48	1.501	70.00	0.186
357.365	0.05	Adapter 1501Hz Probe 3839Hz	48	3.839	70.00	0.437
357.545	0.05	Adapter 1501Hz Probe 3839Hz	48	1.501	70.00	0.186
357.625	0.05	Adapter 1501Hz Probe 3839Hz	48	1.501	70.00	0.186
357.705	0.05	Adapter 1501Hz Probe 3839Hz	48	1.501	70.00	0.186
357.785	0.05	Adapter 1501Hz Probe 3839Hz	48	1.501	70.00	0.186
357.865	0.05	Adapter 1501Hz Probe 3839Hz	48	3.839	70.00	0.437
358.045	0.05	Adapter 1501Hz Probe 3839Hz	48	1.501	70.00	0.186
358.125	0.05	Adapter 1501Hz Probe 3839Hz	48	1.501	70.00	0.186
358.205	0.05	Adapter 1501Hz Probe 3839Hz	48	1.501	70.00	0.186
358.285	0.05	Adapter 1501Hz Probe 3839Hz	48	1.501	70.00	0.186
358.365	0.05	Adapter 1501Hz Probe 3839Hz	48	3.839	70.00	0.437
358.545	0.05	Adapter 1501Hz Probe 3839Hz	48	1.501	70.00	0.186
358.625	0.05	Adapter 1501Hz Probe 3839Hz	48	1.501	70.00	0.186
358.705	0.05	Adapter 1501Hz Probe 3839Hz	48	1.501	70.00	0.186
358.785	0.05	Adapter 1501Hz Probe 3839Hz	48	1.501	70.00	0.186
358.865	0.05	Adapter 1501Hz Probe 3839Hz	48	3.839	70.00	0.437
359.045	0.05	Adapter 1501Hz Probe 3839Hz	48	1.501	70.00	0.186
359.125	0.05	Adapter 1501Hz Probe 3839Hz	48	1.501	70.00	0.186
359.205	0.05	Adapter 1501Hz Probe 3839Hz	48	1.501	70.00	0.186
359.285	0.05	Adapter 1501Hz Probe 3839Hz	48	1.501	70.00	0.186
359.365	0.05	Adapter 1501Hz Probe 3839Hz	48	3.839	70.00	0.437
359.545	0.05	Adapter 1501Hz Probe 3839Hz	48	1.501	70.00	0.186
359.625	0.05	Adapter 1501Hz Probe 3839Hz	48	1.501	70.00	0.186
359.705	0.05	Adapter 1501Hz Probe 3839Hz	48	1.501	70.00	0.186
359.785	0.05	Adapter 1501Hz Probe 3839Hz	48	1.501	70.00	0.186
359.865	0.05	Adapter 1501Hz Probe 3839Hz	48	3.839	70.00	0.437
370.021	0.05	Adapter 6009Hz	50	6.009	70.00	0.671
370.101	0.05	Adapter 6009Hz	50	6.009	70.00	0.671
370.181	0.05	Adapter 6009Hz	50	6.009	70.00	0.671
370.261	0.05	Adapter 6009Hz	50	6.009	70.00	0.671
370.521	0.05	Adapter 6009Hz	50	6.009	70.00	0.671
370.601	0.05	Adapter 6009Hz	50	6.009	70.00	0.671
370.681	0.05	Adapter 6009Hz	50	6.009	70.00	0.671
370.761	0.05	Adapter 6009Hz	50	6.009	70.00	0.671
371.021	0.05	Adapter 6009Hz	50	6.009	70.00	0.671
371.101	0.05	Adapter 6009Hz	50	6.009	70.00	0.671
371.181	0.05	Adapter 6009Hz	50	6.009	70.00	0.671
371.261	0.05	Adapter 6009Hz	50	6.009	70.00	0.671
371.521	0.05	Adapter 6009Hz	50	6.009	70.00	0.671
371.601	0.05	Adapter 6009Hz	50	6.009	70.00	0.671
371.681	0.05	Adapter 6009Hz	50	6.009	70.00	0.671
371.761	0.05	Adapter 6009Hz	50	6.009	70.00	0.671
372.021	0.05	Adapter 6009Hz	50	6.009	70.00	0.671
372.101	0.05	Adapter 6009Hz	50	6.009	70.00	0.671
372.181	0.05	Adapter 6009Hz	50	6.009	70.00	0.671
372.261	0.05	Adapter 6009Hz	50	6.009	70.00	0.671
372.521	0.05	Adapter 6009Hz	50	6.009	70.00	0.671
372.601	0.05	Adapter 6009Hz	50	6.009	70.00	0.671
372.681	0.05	Adapter 6009Hz	50	6.009	70.00	0.671
372.761	0.05	Adapter 6009Hz	50	6.009	70.00	0.671
373.021	0.05	Adapter 6009Hz	50	6.009	70.00	0.671
373.101	0.05	Adapter 6009Hz	50	6.009	70.00	0.671
373.181	0.05	Adapter 6009Hz	50	6.009	70.00	0.671
373.261	0.05	Adapter 6009Hz	50	6.009	70.00	0.671
373.521	0.05	Adapter 6009Hz	50	6.009	70.00	0.671
373.601	0.05	Adapter 6009Hz	50	6.009	70.00	0.671
373.681	0.05	Adapter 6009Hz	50	6.009	70.00	0.671
373.761	0.05	Adapter 6009Hz	50	6.009	70.00	0.671
374.021	0.05	Adapter 6009Hz	50	6.009	70.00	0.671
374.101	0.05	Adapter 6009Hz	50	6.009	70.00	0.671
374.181	0.05	Adapter 6009Hz	50	6.009	70.00	0.671
374.261	0.05	Adapter 6009Hz	50	6.009	70.00	0.671
374.521	0.05	Adapter 6009Hz	50	6.009	70.00	0.671
374.601	0.05	Adapter 6009Hz	50	6.009	70.00	0.671
374.681	0.05	Adapter 6009Hz	50	6.009	70.00	0.671
374.761	0.05	Adapter 6009Hz	50	6.009	70.00	0.671
377.541	0.05	Adapter 2423Hz Probe 3839Hz	51	2.423	70.00	0.285
377.621	0.05	Adapter 2423Hz Probe 3839Hz	51	2.423	70.00	0.285
377.701	0.05	Adapter 2423Hz Probe 3839Hz	51	2.423	70.00	0.285
377.781	0.05	Adapter 2423Hz Probe 3839Hz	51	2.423	70.00	0.285
377.861	0.05	Adapter 2423Hz Probe 3839Hz	51	3.839	70.00	0.437
378.041	0.05	Adapter 2423Hz Probe 3839Hz	51	2.423	70.00	0.285
378.121	0.05	Adapter 2423Hz Probe 3839Hz	51	2.423	70.00	0.285
378.201	0.05	Adapter 2423Hz Probe 3839Hz	51	2.423	70.00	0.285
378.281	0.05	Adapter 2423Hz Probe 3839Hz	51	2.423	70.00	0.285
378.361	0.05	Adapter 2423Hz Probe 3839Hz	51	3.839	70.00	0.437
378.541	0.05	Adapter 2423Hz Probe 3839Hz	51	2.423	70.00	0.285
378.621	0.05	Adapter 2423Hz Probe 3839Hz	51	2.423	70.00	0.285
378.701	0.05	Adapter 2423Hz Probe 3839Hz	51	2.423	70.00	0.285
378.781	0.05	Adapter 2423Hz Probe 3839Hz	51	2.423	70.00	0.285
378.861	0.05	Adapter 2423Hz Probe 3839Hz	51	3.839	70.00	0.437
379.041	0.05	Adapter 2423Hz Probe 3839Hz	51	2.423	70.00	0.285
379.121	0.05	Adapter 2423Hz Probe 3839Hz	51	2.423	70.00	0.285
379.201	0.05	Adapter 2423Hz Probe 3839Hz	51	2.423	70.00	0.285
379.281	0.05	Adapter 2423Hz Probe 3839Hz	51	2.423	70.00	0.285
379.361	0.05	Adapter 2423Hz Probe 3839Hz	51	3.839	70.00	0.437
379.541	0.05	Adapter 2423Hz Probe 3839Hz	51	2.423	70.00	0.285
379.621	0.05	Adapter 2423Hz Probe 3839Hz	51	2.423	70.00	0.285
379.701	0.05	Adapter 2423Hz Probe 3839Hz	51	2.423	70.00	0.285
379.781	0.05	Adapter 2423Hz Probe 3839Hz	51	2.423	70.00	0.285
379.861	0.05	Adapter 2423Hz Probe 3839Hz	51	3.839	70.00	0.437
380.041	0.05	Adapter 2423Hz Probe 3839Hz	51	2.423	70.00	0.285
380.121	0.05	Adapter 2423Hz Probe 3839Hz	51	2.423	70.00	0.285
380.201	0.05	Adapter 2423Hz Probe 3839Hz	51	2.423	70.00	0.285
380.281	0.05	Adapter 2423Hz Probe 3839Hz	51	2.423	70.00	0.285
380.361	0.05	Adapter 2423Hz Probe 3839Hz	51	3.839	70.00	0.437
380.541	0.05	Adapter 2423Hz Probe 3839Hz	51	2.423	70.00	0.285
380.621	0.05	Adapter 2423Hz Probe 3839Hz	51	2.423	70.00	0.285
380.701	0.05	Adapter 2423Hz Probe 3839Hz	51	2.423	70.00	0.285
380.781	0.05	Adapter 2423Hz Probe 3839Hz	51	2.423	70.00	0.285
380.861	0.05	Adapter 2423Hz Probe 3839Hz	51	3.839	70.00	0.437
381.041	0.05	Adapter 2423Hz Probe 3839Hz	51	2.423	70.00	0.285
381.121	0.05	Adapter 2423Hz Probe 3839Hz	51	2.423	70.00	0.285
381.201	0.05	Adapter 2423Hz Probe 3839Hz	51	2.423	70.00	0.285
381.281	0.05	Adapter 2423Hz Probe 3839Hz	51	2.423	70.00	0.285
381.361	0.05	Adapter 2423Hz Probe 3839Hz	51	3.839	70.00	0.437
381.541	0.05	Adapter 2423Hz Probe 3839Hz	51	2.423	70.00	0.285
381.621	0.05	Adapter 2423Hz Probe 3839Hz	51	2.423	70.00	0.285
381.701	0.05	Adapter 2423Hz Probe 3839Hz	51	2.423	70.00	0.285
381.781	0.05	Adapter 2423Hz Probe 3839Hz	51	2.423	70.00	0.285
381.861	0.05	Adapter 2423Hz Probe 3839Hz	51	3.839	70.00	0.437
382.041	0.05	Adapter 2423Hz Probe 3839Hz	51	2.423	70.00	0.285
382.121	0.05	Adapter 2423Hz Probe 3839Hz	51	2.423	70.00	0.285
382.201	0.05	Adapter 2423Hz Probe 3839Hz	51	2.423	70.00	0.285
382.281	0.05	Adapter 2423Hz Probe 3839Hz	51	2.423	70.00	0.285
382.361	0.05	Adapter 2423Hz Probe 3839Hz	51	3.839	70.00	0.437
385.029	0.05	Adapter 3839Hz	52	3.839	70.00	0.437
385.109	0.05	Adapter 3839Hz	52	3.839	70.00	0.437
385.189	0.05	Adapter 3839Hz	52	3.839	70.00	0.437
385.269	0.05	Adapter 3839Hz	52	3.839	70.00	0.437
385.529	0.05	Adapter 3839Hz	52	3.839	70.00	0.437
385.609	0.05	Adapter 3839Hz	52	3.839	70.00	0.437
385.689	0.05	Adapter 3839Hz	52	3.839	70.00	0.437
385.769	0.05	Adapter 3839Hz	52	3.839	70.00	0.437
386.029	0.05	Adapter 3839Hz	52	3.839	70.00	0.437
386.109	0.05	Adapter 3839Hz	52	3.839	70.00	0.437
386.189	0.05	Adapter 3839Hz	52	3.839	70.00	0.437
386.269	0.05	Adapter 3839Hz	52	3.839	70.00	0.437
386.529	0.05	Adapter 3839Hz	52	3.839	70.00	0.437
386.609	0.05	Adapter 3839Hz	52	3.839	70.00	0.437
386.689	0.05	Adapter 3839Hz	52	3.839	70.00	0.437
386.769	0.05	Adapter 3839Hz	52	3.839	70.00	0.437
387.029	0.05	Adapter 3839Hz	52	3.839	70.00	0.437
387.109	0.05	Adapter 3839Hz	52	3.839	70.00	0.437
387.189	0.05	Adapter 3839Hz	52	3.839	70.00	0.437
387.269	0.05	Adapter 3839Hz	52	3.839	70.00	0.437
387.529	0.05	Adapter 3839Hz	52	3.839	70.00	0.437
387.609	0.05	Adapter 3839Hz	52	3.839	70.00	0.437
387.689	0.05	Adapter 3839Hz	52	3.839	70.00	0.437
387.769	0.05	Adapter 3839Hz	52	3.839	70.00	0.437
388.029	0.05	Adapter 3839Hz	52	3.839	70.00	0.437
388.109	0.05	Adapter 3839Hz	52	3.839	70.00	0.437
388.189	0.05	Adapter 3839Hz	52	3.839	70.00	0.437
388.269	0.05	Adapter 3839Hz	52	3.839	70.00	0.437
388.529	0.05	Adapter 3839Hz	52	3.839	70.00	0.437
388.609	0.05	Adapter 3839Hz	52	3.839	70.00	0.437
388.689	0.05	Adapter 3839Hz	52	3.839	70.00	0.437
388.769	0.05	Adapter 3839Hz	52	3.839	70.00	0.437
389.029	0.05	Adapter 3839Hz	52	3.839	70.00	0.437
389.109	0.05	Adapter 3839Hz	52	3.839	70.00	0.437
389.189	0.05	Adapter 3839Hz	52	3.839	70.00	0.437
389.269	0.05	Adapter 3839Hz	52	3.839	70.00	0.437
389.529	0.05	Adapter 3839Hz	52	3.839	70.00	0.437
389.609	0.05	Adapter 3839Hz	52	3.839	70.00	0.437
389.689	0.05	Adapter 3839Hz	52	3.839	70.00	0.437
389.769	0.05	Adapter 3839Hz	52	3.839	70.00	0.437
392.501	0.05	Adapter 507Hz Probe 3839Hz	53	0.507	70.00	0.079
392.581	0.05	Adapter 507Hz Probe 3839Hz	53	0.507	70.00	0.079
392.661	0.05	Adapter 507Hz Probe 3839Hz	53	0.507	70.00	0.079
392.741	0.05	Adapter 507Hz Probe 3839Hz	53	0.507	70.00	0.079
392.821	0.05	Adapter 507Hz Probe 3839Hz	53	3.839	70.00	0.437
393.001	0.05	Adapter 507Hz Probe 3839Hz	53	0.507	70.00	0.079
393.081	0.05	Adapter 507Hz Probe 3839Hz	53	0.507	70.00	0.079
393.161	0.05	Adapter 507Hz Probe 3839Hz	53	0.507	70.00	0.079
393.241	0.05	Adapter 507Hz Probe 3839Hz	53	0.507	70.00	0.079
393.321	0.05	Adapter 507Hz Probe 3839Hz	53	3.839	70.00	0.437
393.501	0.05	Adapter 507Hz Probe 3839Hz	53	0.507	70.00	0.079
393.581	0.05	Adapter 507Hz Probe 3839Hz	53	0.507	70.00	0.079
393.661	0.05	Adapter 507Hz Probe 3839Hz	53	0.507	70.00	0.079
393.741	0.05	Adapter 507Hz Probe 3839Hz	53	0.507	70.00	0.079
393.821	0.05	Adapter 507Hz Probe 3839Hz	53	3.839	70.00	0.437
394.001	0.05	Adapter 507Hz Probe 3839Hz	53	0.507	70.00	0.079
394.081	0.05	Adapter 507Hz Probe 3839Hz	53	0.507	70.00	0.079
394.161	0.05	Adapter 507Hz Probe 3839Hz	53	0.507	70.00	0.079
394.241	0.05	Adapter 507Hz Probe 3839Hz	53	0.507	70.00	0.079
394.321	0.05	Adapter 507Hz Probe 3839Hz	53	3.839	70.00	0.437
394.501	0.05	Adapter 507Hz Probe 3839Hz	53	0.507	70.00	0.079
394.581	0.05	Adapter 507Hz Probe 3839Hz	53	0.507	70.00	0.079
394.661	0.05	Adapter 507Hz Probe 3839Hz	53	0.507	70.00	0.079
394.741	0.05	Adapter 507Hz Probe 3839Hz	53	0.507	70.00	0.079
394.821	0.05	Adapter 507Hz Probe 3839Hz	53	3.839	70.00	0.437
395.001	0.05	Adapter 507Hz Probe 3839Hz	53	0.507	70.00	0.079
395.081	0.05	Adapter 507Hz Probe 3839Hz	53	0.507	70.00	0.079
395.161	0.05	Adapter 507Hz Probe 3839Hz	53	0.507	70.00	0.079
395.241	0.05	Adapter 507Hz Probe 3839Hz	53	0.507	70.00	0.079
395.321	0.05	Adapter 507Hz Probe 3839Hz	53	3.839	70.00	0.437
395.501	0.05	Adapter 507Hz Probe 3839Hz	53	0.507	70.00	0.079
395.581	0.05	Adapter 507Hz Probe 3839Hz	53	0.507	70.00	0.079
395.661	0.05	Adapter 507Hz Probe 3839Hz	53	0.507	70.00	0.079
395.741	0.05	Adapter 507Hz Probe 3839Hz	53	0.507	70.00	0.079
395.821	0.05	Adapter 507Hz Probe 3839Hz	53	3.839	70.00	0.437
396.001	0.05	Adapter 507Hz Probe 3839Hz	53	0.507	70.00	0.079
396.081	0.05	Adapter 507Hz Probe 3839Hz	53	0.507	70.00	0.079
396.161	0.05	Adapter 507Hz Probe 3839Hz	53	0.507	70.00	0.079
396.241	0.05	Adapter 507Hz Probe 3839Hz	53	0.507	70.00	0.079
396.321	0.05	Adapter 507Hz Probe 3839Hz	53	3.839	70.00	0.437
396.501	0.05	Adapter 507Hz Probe 3839Hz	53	0.507	70.00	0.079
396.581	0.05	Adapter 507Hz Probe 3839Hz	53	0.507	70.00	0.079
396.661	0.05	Adapter 507Hz Probe 3839Hz	53	0.507	70.00	0.079
396.741	0.05	Adapter 507Hz Probe 3839Hz	53	0.507	70.00	0.079
396.821	0.05	Adapter 507Hz Probe 3839Hz	53	3.839	70.00	0.437
397.001	0.05	Adapter 507Hz Probe 3839Hz	53	0.507	70.00	0.079
397.081	0.05	Adapter 507Hz Probe 3839Hz	53	0.507	70.00	0.079
397.161	0.05	Adapter 507Hz Probe 3839Hz	53	0.507	70.00	0.079
397.241	0.05	Adapter 507Hz Probe 3839Hz	53	0.507	70.00	0.079
397.321	0.05	Adapter 507Hz Probe 3839Hz	53	3.839	70.00	0.437
400.005	0.05	Adapter 3839Hz Probe 3839Hz	54	3.839	70.00	0.437
400.085	0.05	Adapter 3839Hz Probe 3839Hz	54	3.839	70.00	0.437
400.165	0.05	Adapter 3839Hz Probe 3839Hz	54	3.839	70.00	0.437
400.245	0.05	Adapter 3839Hz Probe 3839Hz	54	3.839	70.00	0.437
400.325	0.05	Adapter 3839Hz Probe 3839Hz	54	3.839	70.00	0.437
400.505	0.05	Adapter 3839Hz Probe 3839Hz	54	3.839	70.00	0.437
400.585	0.05	Adapter 3839Hz Probe 3839Hz	54	3.839	70.00	0.437
400.665	0.05	Adapter 3839Hz Probe 3839Hz	54	3.839	70.00	0.437
400.745	0.05	Adapter 3839Hz Probe 3839Hz	54	3.839	70.00	0.437
400.825	0.05	Adapter 3839Hz Probe 3839Hz	54	3.839	70.00	0.437
401.005	0.05	Adapter 3839Hz Probe 3839Hz	54	3.839	70.00	0.437
401.085	0.05	Adapter 3839Hz Probe 3839Hz	54	3.839	70.00	0.437
401.165	0.05	Adapter 3839Hz Probe 3839Hz	54	3.839	70.00	0.437
401.245	0.05	Adapter 3839Hz Probe 3839Hz	54	3.839	70.00	0.437
401.325	0.05	Adapter 3839Hz Probe 3839Hz	54	3.839	70.00	0.437
401.505	0.05	Adapter 3839Hz Probe 3839Hz	54	3.839	70.00	0.437
401.585	0.05	Adapter 3839Hz Probe 3839Hz	54	3.839	70.00	0.437
401.665	0.05	Adapter 3839Hz Probe 3839Hz	54	3.839	70.00	0.437
401.745	0.05	Adapter 3839Hz Probe 3839Hz	54	3.839	70.00	0.437
401.825	0.05	Adapter 3839Hz Probe 3839Hz	54	3.839	70.00	0.437
402.005	0.05	Adapter 3839Hz Probe 3839Hz	54	3.839	70.00	0.437
402.085	0.05	Adapter 3839Hz Probe 3839Hz	54	3.839	70.00	0.437
402.165	0.05	Adapter 3839Hz Probe 3839Hz	54	3.839	70.00	0.437
402.245	0.05	Adapter 3839Hz Probe 3839Hz	54	3.839	70.00	0.437
402.325	0.05	Adapter 3839Hz Probe 3839Hz	54	3.839	70.00	0.437
402.505	0.05	Adapter 3839Hz Probe 3839Hz	54	3.839	70.00	0.437
402.585	0.05	Adapter 3839Hz Probe 3839Hz	54	3.839	70.00	0.437
402.665	0.05	Adapter 3839Hz Probe 3839Hz	54	3.839	70.00	0.437
402.745	0.05	Adapter 3839Hz Probe 3839Hz	54	3.839	70.00	0.437
402.825	0.05	Adapter 3839Hz Probe 3839Hz	54	3.839	70.00	0.437
403.005	0.05	Adapter 3839Hz Probe 3839Hz	54	3.839	70.00	0.437
403.085	0.05	Adapter 3839Hz Probe 3839Hz	54	3.839	70.00	0.437
403.165	0.05	Adapter 3839Hz Probe 3839Hz	54	3.839	70.00	0.437
403.245	0.05	Adapter 3839Hz Probe 3839Hz	54	3.839	70.00	0.437
403.325	0.05	Adapter 3839Hz Probe 3839Hz	54	3.839	70.00	0.437
403.505	0.05	Adapter 3839Hz Probe 3839Hz	54	3.839	70.00	0.437
403.585	0.05	Adapter 3839Hz Probe 3839Hz	54	3.839	70.00	0.437
403.665	0.05	Adapter 3839Hz Probe 3839Hz	54	3.839	70.00	0.437
403.745	0.05	Adapter 3839Hz Probe 3839Hz	54	3.839	70.00	0.437
403.825	0.05	Adapter 3839Hz Probe 3839Hz	54	3.839	70.00	0.437
404.005	0.05	Adapter 3839Hz Probe 3839Hz	54	3.839	70.00	0.437
404.085	0.05	Adapter 3839Hz Probe 3839Hz	54	3.839	70.00	0.437
404.165	0.05	Adapter 3839Hz Probe 3839Hz	54	3.839	70.00	0.437
404.245	0.05	Adapter 3839Hz Probe 3839Hz	54	3.839	70.00	0.437
404.325	0.05	Adapter 3839Hz Probe 3839Hz	54	3.839	70.00	0.437
404.505	0.05	Adapter 3839Hz Probe 3839Hz	54	3.839	70.00	0.437
404.585	0.05	Adapter 3839Hz Probe 3839Hz	54	3.839	70.00	0.437
404.665	0.05	Adapter 3839Hz Probe 3839Hz	54	3.839	70.00	0.437
404.745	0.05	Adapter 3839Hz Probe 3839Hz	54	3.839	70.00	0.437
404.825	0.05	Adapter 3839Hz Probe 3839Hz	54	3.839	70.00	0.437
407.813	0.05	Probe 3839Hz	55	3.839	70.00	0.437
408.313	0.05	Probe 3839Hz	55	3.839	70.00	0.437
408.813	0.05	Probe 3839Hz	55	3.839	70.00	0.437
409.313	0.05	Probe 3839Hz	55	3.839	70.00	0.437
409.813	0.05	Probe 3839Hz	55	3.839	70.00	0.437
410.313	0.05	Probe 3839Hz	55	3.839	70.00	0.437
410.813	0.05	Probe 3839Hz	55	3.839	70.00	0.437
411.313	0.05	Probe 3839Hz	55	3.839	70.00	0.437
411.813	0.05	Probe 3839Hz	55	3.839	70.00	0.437
412.313	0.05	Probe 3839Hz	55	3.839	70.00	0.437
415.012	0.05	Adapter 507Hz	56	0.507	70.00	0.079
415.092	0.05	Adapter 507Hz	56	0.507	70.00	0.079
415.172	0.05	Adapter 507Hz	56	0.507	70.00	0.079
415.252	0.05	Adapter 507Hz	56	0.507	70.00	0.079
415.512	0.05	Adapter 507Hz	56	0.507	70.00	0.079
415.592	0.05	Adapter 507Hz	56	0.507	70.00	0.079
415.672	0.05	Adapter 507Hz	56	0.507	70.00	0.079
415.752	0.05	Adapter 507Hz	56	0.507	70.00	0.079
416.012	0.05	Adapter 507Hz	56	0.507	70.00	0.079
416.092	0.05	Adapter 507Hz	56	0.507	70.00	0.079
416.172	0.05	Adapter 507Hz	56	0.507	70.00	0.079
416.252	0.05	Adapter 507Hz	56	0.507	70.00	0.079
416.512	0.05	Adapter 507Hz	56	0.507	70.00	0.079
416.592	0.05	Adapter 507Hz	56	0.507	70.00	0.079
416.672	0.05	Adapter 507Hz	56	0.507	70.00	0.079
416.752	0.05	Adapter 507Hz	56	0.507	70.00	0.079
417.012	0.05	Adapter 507Hz	56	0.507	70.00	0.079
417.092	0.05	Adapter 507Hz	56	0.507	70.00	0.079
417.172	0.05	Adapter 507Hz	56	0.507	70.00	0.079
417.252	0.05	Adapter 507Hz	56	0.507	70.00	0.079
417.512	0.05	Adapter 507Hz	56	0.507	70.00	0.079
417.592	0.05	Adapter 507Hz	56	0.507	70.00	0.079
417.672	0.05	Adapter 507Hz	56	0.507	70.00	0.079
417.752	0.05	Adapter 507Hz	56	0.507	70.00	0.079
418.012	0.05	Adapter 507Hz	56	0.507	70.00	0.079
418.092	0.05	Adapter 507Hz	56	0.507	70.00	0.079
418.172	0.05	Adapter 507Hz	56	0.507	70.00	0.079
418.252	0.05	Adapter 507Hz	56	0.507	70.00	0.079
418.512	0.05	Adapter 507Hz	56	0.507	70.00	0.079
418.592	0.05	Adapter 507Hz	56	0.507	70.00	0.079
418.672	0.05	Adapter 507Hz	56	0.507	70.00	0.079
418.752	0.05	Adapter 507Hz	56	0.507	70.00	0.079
419.012	0.05	Adapter 507Hz	56	0.507	70.00	0.079
419.092	0.05	Adapter 507Hz	56	0.507	70.00	0.079
419.172	0.05	Adapter 507Hz	56	0.507	70.00	0.079
419.252	0.05	Adapter 507Hz	56	0.507	70.00	0.079
419.512	0.05	Adapter 507Hz	56	0.507	70.00	0.079
419.592	0.05	Adapter 507Hz	56	0.507	70.00	0.079
419.672	0.05	Adapter 507Hz	56	0.507	70.00	0.079
419.752	0.05	Adapter 507Hz	56	0.507	70.00	0.079
422.531	0.05	Adapter 1501Hz	57	1.501	70.00	0.186
422.611	0.05	Adapter 1501Hz	57	1.501	70.00	0.186
422.691	0.05	Adapter 1501Hz	57	1.501	70.00	0.186
422.771	0.05	Adapter 1501Hz	57	1.501	70.00	0.186
423.031	0.05	Adapter 1501Hz	57	1.501	70.00	0.186
423.111	0.05	Adapter 1501Hz	57	1.501	70.00	0.186
423.191	0.05	Adapter 1501Hz	57	1.501	70.00	0.186
423.271	0.05	Adapter 1501Hz	57	1.501	70.00	0.186
423.531	0.05	Adapter 1501Hz	57	1.501	70.00	0.186
423.611	0.05	Adapter 1501Hz	57	1.501	70.00	0.186
423.691	0.05	Adapter 1501Hz	57	1.501	70.00	0.186
423.771	0.05	Adapter 1501Hz	57	1.501	70.00	0.186
424.031	0.05	Adapter 1501Hz	57	1.501	70.00	0.186
424.111	0.05	Adapter 1501Hz	57	1.501	70.00	0.186
424.191	0.05	Adapter 1501Hz	57	1.501	70.00	0.186
424.271	0.05	Adapter 1501Hz	57	1.501	70.00	0.186
424.531	0.05	Adapter 1501Hz	57	1.501	70.00	0.186
424.611	0.05	Adapter 1501Hz	57	1.501	70.00	0.186
424.691	0.05	Adapter 1501Hz	57	1.501	70.00	0.186
424.771	0.05	Adapter 1501Hz	57	1.501	70.00	0.186
425.031	0.05	Adapter 1501Hz	57	1.501	70.00	0.186
425.111	0.05	Adapter 1501Hz	57	1.501	70.00	0.186
425.191	0.05	Adapter 1501Hz	57	1.501	70.00	0.186
425.271	0.05	Adapter 1501Hz	57	1.501	70.00	0.186
425.531	0.05	Adapter 1501Hz	57	1.501	70.00	0.186
425.611	0.05	Adapter 1501Hz	57	1.501	70.00	0.186
425.691	0.05	Adapter 1501Hz	57	1.501	70.00	0.186
425.771	0.05	Adapter 1501Hz	57	1.501	70.00	0.186
426.031	0.05	Adapter 1501Hz	57	1.501	70.00	0.186
426.111	0.05	Adapter 1501Hz	57	1.501	70.00	0.186
426.191	0.05	Adapter 1501Hz	57	1.501	70.00	0.186
426.271	0.05	Adapter 1501Hz	57	1.501	70.00	0.186
426.531	0.05	Adapter 1501Hz	57	1.501	70.00	0.186
426.611	0.05	Adapter 1501Hz	57	1.501	70.00	0.186
426.691	0.05	Adapter 1501Hz	57	1.501	70.00	0.186
426.771	0.05	Adapter 1501Hz	57	1.501	70.00	0.186
427.031	0.05	Adapter 1501Hz	57	1.501	70.00	0.186
427.111	0.05	Adapter 1501Hz	57	1.501	70.00	0.186
427.191	0.05	Adapter 1501Hz	57	1.501	70.00	0.186
427.271	0.05	Adapter 1501Hz	57	1.501	70.00	0.186
430.019	0.05	Adapter 251Hz	58	0.251	70.00	0.052
430.099	0.05	Adapter 251Hz	58	0.251	70.00	0.052
430.179	0.05	Adapter 251Hz	58	0.251	70.00	0.052
430.259	0.05	Adapter 251Hz	58	0.251	70.00	0.052
430.519	0.05	Adapter 251Hz	58	0.251	70.00	0.052
430.599	0.05	Adapter 251Hz	58	0.251	70.00	0.052
430.679	0.05	Adapter 251Hz	58	0.251	70.00	0.052
430.759	0.05	Adapter 251Hz	58	0.251	70.00	0.052
431.019	0.05	Adapter 251Hz	58	0.251	70.00	0.052
431.099	0.05	Adapter 251Hz	58	0.251	70.00	0.052
431.179	0.05	Adapter 251Hz	58	0.251	70.00	0.052
431.259	0.05	Adapter 251Hz	58	0.251	70.00	0.052
431.519	0.05	Adapter 251Hz	58	0.251	70.00	0.052
431.599	0.05	Adapter 251Hz	58	0.251	70.00	0.052
431.679	0.05	Adapter 251Hz	58	0.251	70.00	0.052
431.759	0.05	Adapter 251Hz	58	0.251	70.00	0.052
432.019	0.05	Adapter 251Hz	58	0.251	70.00	0.052
432.099	0.05	Adapter 251Hz	58	0.251	70.00	0.052
432.179	0.05	Adapter 251Hz	58	0.251	70.00	0.052
432.259	0.05	Adapter 251Hz	58	0.251	70.00	0.052
432.519	0.05	Adapter 251Hz	58	0.251	70.00	0.052
432.599	0.05	Adapter 251Hz	58	0.251	70.00	0.052
432.679	0.05	Adapter 251Hz	58	0.251	70.00	0.052
432.759	0.05	Adapter 251Hz	58	0.251	70.00	0.052
433.019	0.05	Adapter 251Hz	58	0.251	70.00	0.052
433.099	0.05	Adapter 251Hz	58	0.251	70.00	0.052
433.179	0.05	Adapter 251Hz	58	0.251	70.00	0.052
433.259	0.05	Adapter 251Hz	58	0.251	70.00	0.052
433.519	0.05	Adapter 251Hz	58	0.251	70.00	0.052
433.599	0.05	Adapter 251Hz	58	0.251	70.00	0.052
433.679	0.05	Adapter 251Hz	58	0.251	70.00	0.052
433.759	0.05	Adapter 251Hz	58	0.251	70.00	0.052
434.019	0.05	Adapter 251Hz	58	0.251	70.00	0.052
434.099	0.05	Adapter 251Hz	58	0.251	70.00	0.052
434.179	0.05	Adapter 251Hz	58	0.251	70.00	0.052
434.259	0.05	Adapter 251Hz	58	0.251	70.00	0.052
434.519	0.05	Adapter 251Hz	58	0.251	70.00	0.052
434.599	0.05	Adapter 251Hz	58	0.251	70.00	0.052
434.679	0.05	Adapter 251Hz	58	0.251	70.00	0.052
434.759	0.05	Adapter 251Hz	58	0.251	70.00	0.052
444.995	0.05	Adapter 1501Hz Probe 3839Hz	60	1.501	70.00	0.186
445.075	0.05	Adapter 1501Hz Probe 3839Hz	60	1.501	70.00	0.186
445.155	0.05	Adapter 1501Hz Probe 3839Hz	60	1.501	70.00	0.186
445.235	0.05	Adapter 1501Hz Probe 3839Hz	60	1.501	70.00	0.186
445.315	0.05	Adapter 1501Hz Probe 3839Hz	60	3.839	70.00	0.437
445.495	0.05	Adapter 1501Hz Probe 3839Hz	60	1.501	70.00	0.186
445.575	0.05	Adapter 1501Hz Probe 3839Hz	60	1.501	70.00	0.186
445.655	0.05	Adapter 1501Hz Probe 3839Hz	60	1.501	70.00	0.186
445.735	0.05	Adapter 1501Hz Probe 3839Hz	60	1.501	70.00	0.186
445.815	0.05	Adapter 1501Hz Probe 3839Hz	60	3.839	70.00	0.437
445.995	0.05	Adapter 1501Hz Probe 3839Hz	60	1.501	70.00	0.186
446.075	0.05	Adapter 1501Hz Probe 3839Hz	60	1.501	70.00	0.186
446.155	0.05	Adapter 1501Hz Probe 3839Hz	60	1.501	70.00	0.186
446.235	0.05	Adapter 1501Hz Probe 3839Hz	60	1.501	70.00	0.186
446.315	0.05	Adapter 1501Hz Probe 3839Hz	60	3.839	70.00	0.437
446.495	0.05	Adapter 1501Hz Probe 3839Hz	60	1.501	70.00	0.186
446.575	0.05	Adapter 1501Hz Probe 3839Hz	60	1.501	70.00	0.186
446.655	0.05	Adapter 1501Hz Probe 3839Hz	60	1.501	70.00	0.186
446.735	0.05	Adapter 1501Hz Probe 3839Hz	60	1.501	70.00	0.186
446.815	0.05	Adapter 1501Hz Probe 3839Hz	60	3.839	70.00	0.437
446.995	0.05	Adapter 1501Hz Probe 3839Hz	60	1.501	70.00	0.186
447.075	0.05	Adapter 1501Hz Probe 3839Hz	60	1.501	70.00	0.186
447.155	0.05	Adapter 1501Hz Probe 3839Hz	60	1.501	70.00	0.186
447.235	0.05	Adapter 1501Hz Probe 3839Hz	60	1.501	70.00	0.186
447.315	0.05	Adapter 1501Hz Probe 3839Hz	60	3.839	70.00	0.437
447.495	0.05	Adapter 1501Hz Probe 3839Hz	60	1.501	70.00	0.186
447.575	0.05	Adapter 1501Hz Probe 3839Hz	60	1.501	70.00	0.186
447.655	0.05	Adapter 1501Hz Probe 3839Hz	60	1.501	70.00	0.186
447.735	0.05	Adapter 1501Hz Probe 3839Hz	60	1.501	70.00	0.186
447.815	0.05	Adapter 1501Hz Probe 3839Hz	60	3.839	70.00	0.437
447.995	0.05	Adapter 1501Hz Probe 3839Hz	60	1.501	70.00	0.186
448.075	0.05	Adapter 1501Hz Probe 3839Hz	60	1.501	70.00	0.186
448.155	0.05	Adapter 1501Hz Probe 3839Hz	60	1.501	70.00	0.186
448.235	0.05	Adapter 1501Hz Probe 3839Hz	60	1.501	70.00	0.186
448.315	0.05	Adapter 1501Hz Probe 3839Hz	60	3.839	70.00	0.437
448.495	0.05	Adapter 1501Hz Probe 3839Hz	60	1.501	70.00	0.186
448.575	0.05	Adapter 1501Hz Probe 3839Hz	60	1.501	70.00	0.186
448.655	0.05	Adapter 1501Hz Probe 3839Hz	60	1.501	70.00	0.186
448.735	0.05	Adapter 1501Hz Probe 3839Hz	60	1.501	70.00	0.186
448.815	0.05	Adapter 1501Hz Probe 3839Hz	60	3.839	70.00	0.437
448.995	0.05	Adapter 1501Hz Probe 3839Hz	60	1.501	70.00	0.186
449.075	0.05	Adapter 1501Hz Probe 3839Hz	60	1.501	70.00	0.186
449.155	0.05	Adapter 1501Hz Probe 3839Hz	60	1.501	70.00	0.186
449.235	0.05	Adapter 1501Hz Probe 3839Hz	60	1.501	70.00	0.186
449.315	0.05	Adapter 1501Hz Probe 3839Hz	60	3.839	70.00	0.437
449.495	0.05	Adapter 1501Hz Probe 3839Hz	60	1.501	70.00	0.186
449.575	0.05	Adapter 1501Hz Probe 3839Hz	60	1.501	70.00	0.186
449.655	0.05	Adapter 1501Hz Probe 3839Hz	60	1.501	70.00	0.186
449.735	0.05	Adapter 1501Hz Probe 3839Hz	60	1.501	70.00	0.186
449.815	0.05	Adapter 1501Hz Probe 3839Hz	60	3.839	70.00	0.437
452.514	0.05	Adapter 899Hz	61	0.899	70.00	0.121
452.594	0.05	Adapter 899Hz	61	0.899	70.00	0.121
452.674	0.05	Adapter 899Hz	61	0.899	70.00	0.121
452.754	0.05	Adapter 899Hz	61	0.899	70.00	0.121
453.014	0.05	Adapter 899Hz	61	0.899	70.00	0.121
453.094	0.05	Adapter 899Hz	61	0.899	70.00	0.121
453.174	0.05	Adapter 899Hz	61	0.899	70.00	0.121
453.254	0.05	Adapter 899Hz	61	0.899	70.00	0.121
453.514	0.05	Adapter 899Hz	61	0.899	70.00	0.121
453.594	0.05	Adapter 899Hz	61	0.899	70.00	0.121
453.674	0.05	Adapter 899Hz	61	0.899	70.00	0.121
453.754	0.05	Adapter 899Hz	61	0.899	70.00	0.121
454.014	0.05	Adapter 899Hz	61	0.899	70.00	0.121
454.094	0.05	Adapter 899Hz	61	0.899	70.00	0.121
454.174	0.05	Adapter 899Hz	61	0.899	70.00	0.121
454.254	0.05	Adapter 899Hz	61	0.899	70.00	0.121
454.514	0.05	Adapter 899Hz	61	0.899	70.00	0.121
454.594	0.05	Adapter 899Hz	61	0.899	70.00	0.121
454.674	0.05	Adapter 899Hz	61	0.899	70.00	0.121
454.754	0.05	Adapter 899Hz	61	0.899	70.00	0.121
455.014	0.05	Adapter 899Hz	61	0.899	70.00	0.121
455.094	0.05	Adapter 899Hz	61	0.899	70.00	0.121
455.174	0.05	Adapter 899Hz	61	0.899	70.00	0.121
455.254	0.05	Adapter 899Hz	61	0.899	70.00	0.121
455.514	0.05	Adapter 899Hz	61	0.899	70.00	0.121
455.594	0.05	Adapter 899Hz	61	0.899	70.00	0.121
455.674	0.05	Adapter 899Hz	61	0.899	70.00	0.121
455.754	0.05	Adapter 899Hz	61	0.899	70.00	0.121
456.014	0.05	Adapter 899Hz	61	0.899	70.00	0.121
456.094	0.05	Adapter 899Hz	61	0.899	70.00	0.121
456.174	0.05	Adapter 899Hz	61	0.899	70.00	0.121
456.254	0.05	Adapter 899Hz	61	0.899	70.00	0.121
456.514	0.05	Adapter 899Hz	61	0.899	70.00	0.121
456.594	0.05	Adapter 899Hz	61	0.899	70.00	0.121
456.674	0.05	Adapter 899Hz	61	0.899	70.00	0.121
456.754	0.05	Adapter 899Hz	61	0.899	70.00	0.121
457.014	0.05	Adapter 899Hz	61	0.899	70.00	0.121
457.094	0.05	Adapter 899Hz	61	0.899	70.00	0.121
457.174	0.05	Adapter 899Hz	61	0.899	70.00	0.121
457.254	0.05	Adapter 899Hz	61	0.899	70.00	0.121
460.018	0.05	Adapter 2423Hz	62	2.423	70.00	0.285
460.098	0.05	Adapter 2423Hz	62	2.423	70.00	0.285
460.178	0.05	Adapter 2423Hz	62	2.423	70.00	0.285
460.258	0.05	Adapter 2423Hz	62	2.423	70.00	0.285
460.518	0.05	Adapter 2423Hz	62	2.423	70.00	0.285
460.598	0.05	Adapter 2423Hz	62	2.423	70.00	0.285
460.678	0.05	Adapter 2423Hz	62	2.423	70.00	0.285
460.758	0.05	Adapter 2423Hz	62	2.423	70.00	0.285
461.018	0.05	Adapter 2423Hz	62	2.423	70.00	0.285
461.098	0.05	Adapter 2423Hz	62	2.423	70.00	0.285
461.178	0.05	Adapter 2423Hz	62	2.423	70.00	0.285
461.258	0.05	Adapter 2423Hz	62	2.423	70.00	0.285
461.518	0.05	Adapter 2423Hz	62	2.423	70.00	0.285
461.598	0.05	Adapter 2423Hz	62	2.423	70.00	0.285
461.678	0.05	Adapter 2423Hz	62	2.423	70.00	0.285
461.758	0.05	Adapter 2423Hz	62	2.423	70.00	0.285
462.018	0.05	Adapter 2423Hz	62	2.423	70.00	0.285
462.098	0.05	Adapter 2423Hz	62	2.423	70.00	0.285
462.178	0.05	Adapter 2423Hz	62	2.423	70.00	0.285
462.258	0.05	Adapter 2423Hz	62	2.423	70.00	0.285
462.518	0.05	Adapter 2423Hz	62	2.423	70.00	0.285
462.598	0.05	Adapter 2423Hz	62	2.423	70.00	0.285
462.678	0.05	Adapter 2423Hz	62	2.423	70.00	0.285
462.758	0.05	Adapter 2423Hz	62	2.423	70.00	0.285
463.018	0.05	Adapter 2423Hz	62	2.423	70.00	0.285
463.098	0.05	Adapter 2423Hz	62	2.423	70.00	0.285
463.178	0.05	Adapter 2423Hz	62	2.423	70.00	0.285
463.258	0.05	Adapter 2423Hz	62	2.423	70.00	0.285
463.518	0.05	Adapter 2423Hz	62	2.423	70.00	0.285
463.598	0.05	Adapter 2423Hz	62	2.423	70.00	0.285
463.678	0.05	Adapter 2423Hz	62	2.423	70.00	0.285
463.758	0.05	Adapter 2423Hz	62	2.423	70.00	0.285
464.018	0.05	Adapter 2423Hz	62	2.423	70.00	0.285
464.098	0.05	Adapter 2423Hz	62	2.423	70.00	0.285
464.178	0.05	Adapter 2423Hz	62	2.423	70.00	0.285
464.258	0.05	Adapter 2423Hz	62	2.423	70.00	0.285
464.518	0.05	Adapter 2423Hz	62	2.423	70.00	0.285
464.598	0.05	Adapter 2423Hz	62	2.423	70.00	0.285
464.678	0.05	Adapter 2423Hz	62	2.423	70.00	0.285
464.758	0.05	Adapter 2423Hz	62	2.423	70.00	0.285
474.994	0.05	Adapter 899Hz Probe 3839Hz	64	0.899	70.00	0.121
475.074	0.05	Adapter 899Hz Probe 3839Hz	64	0.899	70.00	0.121
475.154	0.05	Adapter 899Hz Probe 3839Hz	64	0.899	70.00	0.121
475.234	0.05	Adapter 899Hz Probe 3839Hz	64	0.899	70.00	0.121
475.314	0.05	Adapter 899Hz Probe 3839Hz	64	3.839	70.00	0.437
475.494	0.05	Adapter 899Hz Probe 3839Hz	64	0.899	70.00	0.121
475.574	0.05	Adapter 899Hz Probe 3839Hz	64	0.899	70.00	0.121
475.654	0.05	Adapter 899Hz Probe 3839Hz	64	0.899	70.00	0.121
475.734	0.05	Adapter 899Hz Probe 3839Hz	64	0.899	70.00	0.121
475.814	0.05	Adapter 899Hz Probe 3839Hz	64	3.839	70.00	0.437
475.994	0.05	Adapter 899Hz Probe 3839Hz	64	0.899	70.00	0.121
476.074	0.05	Adapter 899Hz Probe 3839Hz	64	0.899	70.00	0.121
476.154	0.05	Adapter 899Hz Probe 3839Hz	64	0.899	70.00	0.121
476.234	0.05	Adapter 899Hz Probe 3839Hz	64	0.899	70.00	0.121
476.314	0.05	Adapter 899Hz Probe 3839Hz	64	3.839	70.00	0.437
476.494	0.05	Adapter 899Hz Probe 3839Hz	64	0.899	70.00	0.121
476.574	0.05	Adapter 899Hz Probe 3839Hz	64	0.899	70.00	0.121
476.654	0.05	Adapter 899Hz Probe 3839Hz	64	0.899	70.00	0.121
476.734	0.05	Adapter 899Hz Probe 3839Hz	64	0.899	70.00	0.121
476.814	0.05	Adapter 899Hz Probe 3839Hz	64	3.839	70.00	0.437
476.994	0.05	Adapter 899Hz Probe 3839Hz	64	0.899	70.00	0.121
477.074	0.05	Adapter 899Hz Probe 3839Hz	64	0.899	70.00	0.121
477.154	0.05	Adapter 899Hz Probe 3839Hz	64	0.899	70.00	0.121
477.234	0.05	Adapter 899Hz Probe 3839Hz	64	0.899	70.00	0.121
477.314	0.05	Adapter 899Hz Probe 3839Hz	64	3.839	70.00	0.437
477.494	0.05	Adapter 899Hz Probe 3839Hz	64	0.899	70.00	0.121
477.574	0.05	Adapter 899Hz Probe 3839Hz	64	0.899	70.00	0.121
477.654	0.05	Adapter 899Hz Probe 3839Hz	64	0.899	70.00	0.121
477.734	0.05	Adapter 899Hz Probe 3839Hz	64	0.899	70.00	0.121
477.814	0.05	Adapter 899Hz Probe 3839Hz	64	3.839	70.00	0.437
477.994	0.05	Adapter 899Hz Probe 3839Hz	64	0.899	70.00	0.121
478.074	0.05	Adapter 899Hz Probe 3839Hz	64	0.899	70.00	0.121
478.154	0.05	Adapter 899Hz Probe 3839Hz	64	0.899	70.00	0.121
478.234	0.05	Adapter 899Hz Probe 3839Hz	64	0.899	70.00	0.121
478.314	0.05	Adapter 899Hz Probe 3839Hz	64	3.839	70.00	0.437
478.494	0.05	Adapter 899Hz Probe 3839Hz	64	0.899	70.00	0.121
478.574	0.05	Adapter 899Hz Probe 3839Hz	64	0.899	70.00	0.121
478.654	0.05	Adapter 899Hz Probe 3839Hz	64	0.899	70.00	0.121
478.734	0.05	Adapter 899Hz Probe 3839Hz	64	0.899	70.00	0.121
478.814	0.05	Adapter 899Hz Probe 3839Hz	64	3.839	70.00	0.437
478.994	0.05	Adapter 899Hz Probe 3839Hz	64	0.899	70.00	0.121
479.074	0.05	Adapter 899Hz Probe 3839Hz	64	0.899	70.00	0.121
479.154	0.05	Adapter 899Hz Probe 3839Hz	64	0.899	70.00	0.121
479.234	0.05	Adapter 899Hz Probe 3839Hz	64	0.899	70.00	0.121
479.314	0.05	Adapter 899Hz Probe 3839Hz	64	3.839	70.00	0.437
479.494	0.05	Adapter 899Hz Probe 3839Hz	64	0.899	70.00	0.121
479.574	0.05	Adapter 899Hz Probe 3839Hz	64	0.899	70.00	0.121
479.654	0.05	Adapter 899Hz Probe 3839Hz	64	0.899	70.00	0.121
479.734	0.05	Adapter 899Hz Probe 3839Hz	64	0.899	70.00	0.121
479.814	0.05	Adapter 899Hz Probe 3839Hz	64	3.839	70.00	0.437
