onset	duration	trial_type	scan	frequency_kHz	level_dB_SPL	bandwidth_kHz
2.5	0.05	Adapter 507Hz Probe 3839Hz	1	0.507	70.00	0.079
2.58	0.05	Adapter 507Hz Probe 3839Hz	1	0.507	70.00	0.079
2.66	0.05	Adapter 507Hz Probe 3839Hz	1	0.507	70.00	0.079
2.74	0.05	Adapter 507Hz Probe 3839Hz	1	0.507	70.00	0.079
2.82	0.05	Adapter 507Hz Probe 3839Hz	1	3.839	70.00	0.437
3.0	0.05	Adapter 507Hz Probe 3839Hz	1	0.507	70.00	0.079
3.08	0.05	Adapter 507Hz Probe 3839Hz	1	0.507	70.00	0.079
3.16	0.05	Adapter 507Hz Probe 3839Hz	1	0.507	70.00	0.079
3.24	0.05	Adapter 507Hz Probe 3839Hz	1	0.507	70.00	0.079
3.32	0.05	Adapter 507Hz Probe 3839Hz	1	3.839	70.00	0.437
3.5	0.05	Adapter 507Hz Probe 3839Hz	1	0.507	70.00	0.079
3.58	0.05	Adapter 507Hz Probe 3839Hz	1	0.507	70.00	0.079
3.66	0.05	Adapter 507Hz Probe 3839Hz	1	0.507	70.00	0.079
3.74	0.05	Adapter 507Hz Probe 3839Hz	1	0.507	70.00	0.079
3.82	0.05	Adapter 507Hz Probe 3839Hz	1	3.839	70.00	0.437
4.0	0.05	Adapter 507Hz Probe 3839Hz	1	0.507	70.00	0.079
4.08	0.05	Adapter 507Hz Probe 3839Hz	1	0.507	70.00	0.079
4.16	0.05	Adapter 507Hz Probe 3839Hz	1	0.507	70.00	0.079
4.24	0.05	Adapter 507Hz Probe 3839Hz	1	0.507	70.00	0.079
4.32	0.05	Adapter 507Hz Probe 3839Hz	1	3.839	70.00	0.437
4.5	0.05	Adapter 507Hz Probe 3839Hz	1	0.507	70.00	0.079
4.58	0.05	Adapter 507Hz Probe 3839Hz	1	0.507	70.00	0.079
4.66	0.05	Adapter 507Hz Probe 3839Hz	1	0.507	70.00	0.079
4.74	0.05	Adapter 507Hz Probe 3839Hz	1	0.507	70.00	0.079
4.82	0.05	Adapter 507Hz Probe 3839Hz	1	3.839	70.00	0.437
5.0	0.05	Adapter 507Hz Probe 3839Hz	1	0.507	70.00	0.079
5.08	0.05	Adapter 507Hz Probe 3839Hz	1	0.507	70.00	0.079
5.16	0.05	Adapter 507Hz Probe 3839Hz	1	0.507	70.00	0.079
5.24	0.05	Adapter 507Hz Probe 3839Hz	1	0.507	70.00	0.079
5.32	0.05	Adapter 507Hz Probe 3839Hz	1	3.839	70.00	0.437
5.5	0.05	Adapter 507Hz Probe 3839Hz	1	0.507	70.00	0.079
5.58	0.05	Adapter 507Hz Probe 3839Hz	1	0.507	70.00	0.079
5.66	0.05	Adapter 507Hz Probe 3839Hz	1	0.507	70.00	0.079
5.74	0.05	Adapter 507Hz Probe 3839Hz	1	0.507	70.00	0.079
5.82	0.05	Adapter 507Hz Probe 3839Hz	1	3.839	70.00	0.437
6.0	0.05	Adapter 507Hz Probe 3839Hz	1	0.507	70.00	0.079
6.08	0.05	Adapter 507Hz Probe 3839Hz	1	0.507	70.00	0.079
6.16	0.05	Adapter 507Hz Probe 3839Hz	1	0.507	70.00	0.079
6.24	0.05	Adapter 507Hz Probe 3839Hz	1	0.507	70.00	0.079
6.32	0.05	Adapter 507Hz Probe 3839Hz	1	3.839	70.00	0.437
6.5	0.05	Adapter 507Hz Probe 3839Hz	1	0.507	70.00	0.079
6.58	0.05	Adapter 507Hz Probe 3839Hz	1	0.507	70.00	0.079
6.66	0.05	Adapter 507Hz Probe 3839Hz	1	0.507	70.00	0.079
6.74	0.05	Adapter 507Hz Probe 3839Hz	1	0.507	70.00	0.079
6.82	0.05	Adapter 507Hz Probe 3839Hz	1	3.839	70.00	0.437
7.0	0.05	Adapter 507Hz Probe 3839Hz	1	0.507	70.00	0.079
7.08	0.05	Adapter 507Hz Probe 3839Hz	1	0.507	70.00	0.079
7.16	0.05	Adapter 507Hz Probe 3839Hz	1	0.507	70.00	0.079
7.24	0.05	Adapter 507Hz Probe 3839Hz	1	0.507	70.00	0.079
7.32	0.05	Adapter 507Hz Probe 3839Hz	1	3.839	70.00	0.437
10.004	0.05	Adapter 2423Hz Probe 3839Hz	2	2.423	70.00	0.285
10.084	0.05	Adapter 2423Hz Probe 3839Hz	2	2.423	70.00	0.285
10.164	0.05	Adapter 2423Hz Probe 3839Hz	2	2.423	70.00	0.285
10.244	0.05	Adapter 2423Hz Probe 3839Hz	2	2.423	70.00	0.285
10.324	0.05	Adapter 2423Hz Probe 3839Hz	2	3.839	70.00	0.437
10.504	0.05	Adapter 2423Hz Probe 3839Hz	2	2.423	70.00	0.285
10.584	0.05	Adapter 2423Hz Probe 3839Hz	2	2.423	70.00	0.285
10.664	0.05	Adapter 2423Hz Probe 3839Hz	2	2.423	70.00	0.285
10.744	0.05	Adapter 2423Hz Probe 3839Hz	2	2.423	70.00	0.285
10.824	0.05	Adapter 2423Hz Probe 3839Hz	2	3.839	70.00	0.437
11.004	0.05	Adapter 2423Hz Probe 3839Hz	2	2.423	70.00	0.285
11.084	0.05	Adapter 2423Hz Probe 3839Hz	2	2.423	70.00	0.285
11.164	0.05	Adapter 2423Hz Probe 3839Hz	2	2.423	70.00	0.285
11.244	0.05	Adapter 2423Hz Probe 3839Hz	2	2.423	70.00	0.285
11.324	0.05	Adapter 2423Hz Probe 3839Hz	2	3.839	70.00	0.437
11.504	0.05	Adapter 2423Hz Probe 3839Hz	2	2.423	70.00	0.285
11.584	0.05	Adapter 2423Hz Probe 3839Hz	2	2.423	70.00	0.285
11.664	0.05	Adapter 2423Hz Probe 3839Hz	2	2.423	70.00	0.285
11.744	0.05	Adapter 2423Hz Probe 3839Hz	2	2.423	70.00	0.285
11.824	0.05	Adapter 2423Hz Probe 3839Hz	2	3.839	70.00	0.437
12.004	0.05	Adapter 2423Hz Probe 3839Hz	2	2.423	70.00	0.285
12.084	0.05	Adapter 2423Hz Probe 3839Hz	2	2.423	70.00	0.285
12.164	0.05	Adapter 2423Hz Probe 3839Hz	2	2.423	70.00	0.285
12.244	0.05	Adapter 2423Hz Probe 3839Hz	2	2.423	70.00	0.285
12.324	0.05	Adapter 2423Hz Probe 3839Hz	2	3.839	70.00	0.437
12.504	0.05	Adapter 2423Hz Probe 3839Hz	2	2.423	70.00	0.285
12.584	0.05	Adapter 2423Hz Probe 3839Hz	2	2.423	70.00	0.285
12.664	0.05	Adapter 2423Hz Probe 3839Hz	2	2.423	70.00	0.285
12.744	0.05	Adapter 2423Hz Probe 3839Hz	2	2.423	70.00	0.285
12.824	0.05	Adapter 2423Hz Probe 3839Hz	2	3.839	70.00	0.437
13.004	0.05	Adapter 2423Hz Probe 3839Hz	2	2.423	70.00	0.285
13.084	0.05	Adapter 2423Hz Probe 3839Hz	2	2.423	70.00	0.285
13.164	0.05	Adapter 2423Hz Probe 3839Hz	2	2.423	70.00	0.285
13.244	0.05	Adapter 2423Hz Probe 3839Hz	2	2.423	70.00	0.285
13.324	0.05	Adapter 2423Hz Probe 3839Hz	2	3.839	70.00	0.437
13.504	0.05	Adapter 2423Hz Probe 3839Hz	2	2.423	70.00	0.285
13.584	0.05	Adapter 2423Hz Probe 3839Hz	2	2.423	70.00	0.285
13.664	0.05	Adapter 2423Hz Probe 3839Hz	2	2.423	70.00	0.285
13.744	0.05	Adapter 2423Hz Probe 3839Hz	2	2.423	70.00	0.285
13.824	0.05	Adapter 2423Hz Probe 3839Hz	2	3.839	70.00	0.437
14.004	0.05	Adapter 2423Hz Probe 3839Hz	2	2.423	70.00	0.285
14.084	0.05	Adapter 2423Hz Probe 3839Hz	2	2.423	70.00	0.285
14.164	0.05	Adapter 2423Hz Probe 3839Hz	2	2.423	70.00	0.285
14.244	0.05	Adapter 2423Hz Probe 3839Hz	2	2.423	70.00	0.285
14.324	0.05	Adapter 2423Hz Probe 3839Hz	2	3.839	70.00	0.437
14.504	0.05	Adapter 2423Hz Probe 3839Hz	2	2.423	70.00	0.285
14.584	0.05	Adapter 2423Hz Probe 3839Hz	2	2.423	70.00	0.285
14.664	0.05	Adapter 2423Hz Probe 3839Hz	2	2.423	70.00	0.285
14.744	0.05	Adapter 2423Hz Probe 3839Hz	2	2.423	70.00	0.285
14.824	0.05	Adapter 2423Hz Probe 3839Hz	2	3.839	70.00	0.437
17.507	0.05	Adapter 1501Hz Probe 3839Hz	3	1.501	70.00	0.186
17.587	0.05	Adapter 1501Hz Probe 3839Hz	3	1.501	70.00	0.186
17.667	0.05	Adapter 1501Hz Probe 3839Hz	3	1.501	70.00	0.186
17.747	0.05	Adapter 1501Hz Probe 3839Hz	3	1.501	70.00	0.186
17.827	0.05	Adapter 1501Hz Probe 3839Hz	3	3.839	70.00	0.437
18.007	0.05	Adapter 1501Hz Probe 3839Hz	3	1.501	70.00	0.186
18.087	0.05	Adapter 1501Hz Probe 3839Hz	3	1.501	70.00	0.186
18.167	0.05	Adapter 1501Hz Probe 3839Hz	3	1.501	70.00	0.186
18.247	0.05	Adapter 1501Hz Probe 3839Hz	3	1.501	70.00	0.186
18.327	0.05	Adapter 1501Hz Probe 3839Hz	3	3.839	70.00	0.437
18.507	0.05	Adapter 1501Hz Probe 3839Hz	3	1.501	70.00	0.186
18.587	0.05	Adapter 1501Hz Probe 3839Hz	3	1.501	70.00	0.186
18.667	0.05	Adapter 1501Hz Probe 3839Hz	3	1.501	70.00	0.186
18.747	0.05	Adapter 1501Hz Probe 3839Hz	3	1.501	70.00	0.186
18.827	0.05	Adapter 1501Hz Probe 3839Hz	3	3.839	70.00	0.437
19.007	0.05	Adapter 1501Hz Probe 3839Hz	3	1.501	70.00	0.186
19.087	0.05	Adapter 1501Hz Probe 3839Hz	3	1.501	70.00	0.186
19.167	0.05	Adapter 1501Hz Probe 3839Hz	3	1.501	70.00	0.186
19.247	0.05	Adapter 1501Hz Probe 3839Hz	3	1.501	70.00	0.186
19.327	0.05	Adapter 1501Hz Probe 3839Hz	3	3.839	70.00	0.437
19.507	0.05	Adapter 1501Hz Probe 3839Hz	3	1.501	70.00	0.186
19.587	0.05	Adapter 1501Hz Probe 3839Hz	3	1.501	70.00	0.186
19.667	0.05	Adapter 1501Hz Probe 3839Hz	3	1.501	70.00	0.186
19.747	0.05	Adapter 1501Hz Probe 3839Hz	3	1.501	70.00	0.186
19.827	0.05	Adapter 1501Hz Probe 3839Hz	3	3.839	70.00	0.437
20.007	0.05	Adapter 1501Hz Probe 3839Hz	3	1.501	70.00	0.186
20.087	0.05	Adapter 1501Hz Probe 3839Hz	3	1.501	70.00	0.186
20.167	0.05	Adapter 1501Hz Probe 3839Hz	3	1.501	70.00	0.186
20.247	0.05	Adapter 1501Hz Probe 3839Hz	3	1.501	70.00	0.186
20.327	0.05	Adapter 1501Hz Probe 3839Hz	3	3.839	70.00	0.437
20.507	0.05	Adapter 1501Hz Probe 3839Hz	3	1.501	70.00	0.186
20.587	0.05	Adapter 1501Hz Probe 3839Hz	3	1.501	70.00	0.186
20.667	0.05	Adapter 1501Hz Probe 3839Hz	3	1.501	70.00	0.186
20.747	0.05	Adapter 1501Hz Probe 3839Hz	3	1.501	70.00	0.186
20.827	0.05	Adapter 1501Hz Probe 3839Hz	3	3.839	70.00	0.437
21.007	0.05	Adapter 1501Hz Probe 3839Hz	3	1.501	70.00	0.186
21.087	0.05	Adapter 1501Hz Probe 3839Hz	3	1.501	70.00	0.186
21.167	0.05	Adapter 1501Hz Probe 3839Hz	3	1.501	70.00	0.186
21.247	0.05	Adapter 1501Hz Probe 3839Hz	3	1.501	70.00	0.186
21.327	0.05	Adapter 1501Hz Probe 3839Hz	3	3.839	70.00	0.437
21.507	0.05	Adapter 1501Hz Probe 3839Hz	3	1.501	70.00	0.186
21.587	0.05	Adapter 1501Hz Probe 3839Hz	3	1.501	70.00	0.186
21.667	0.05	Adapter 1501Hz Probe 3839Hz	3	1.501	70.00	0.186
21.747	0.05	Adapter 1501Hz Probe 3839Hz	3	1.501	70.00	0.186
21.827	0.05	Adapter 1501Hz Probe 3839Hz	3	3.839	70.00	0.437
22.007	0.05	Adapter 1501Hz Probe 3839Hz	3	1.501	70.00	0.186
22.087	0.05	Adapter 1501Hz Probe 3839Hz	3	1.501	70.00	0.186
22.167	0.05	Adapter 1501Hz Probe 3839Hz	3	1.501	70.00	0.186
22.247	0.05	Adapter 1501Hz Probe 3839Hz	3	1.501	70.00	0.186
22.327	0.05	Adapter 1501Hz Probe 3839Hz	3	3.839	70.00	0.437
24.98	0.05	Adapter 3839Hz	4	3.839	70.00	0.437
25.06	0.05	Adapter 3839Hz	4	3.839	70.00	0.437
25.14	0.05	Adapter 3839Hz	4	3.839	70.00	0.437
25.22	0.05	Adapter 3839Hz	4	3.839	70.00	0.437
25.48	0.05	Adapter 3839Hz	4	3.839	70.00	0.437
25.56	0.05	Adapter 3839Hz	4	3.839	70.00	0.437
25.64	0.05	Adapter 3839Hz	4	3.839	70.00	0.437
25.72	0.05	Adapter 3839Hz	4	3.839	70.00	0.437
25.98	0.05	Adapter 3839Hz	4	3.839	70.00	0.437
26.06	0.05	Adapter 3839Hz	4	3.839	70.00	0.437
26.14	0.05	Adapter 3839Hz	4	3.839	70.00	0.437
26.22	0.05	Adapter 3839Hz	4	3.839	70.00	0.437
26.48	0.05	Adapter 3839Hz	4	3.839	70.00	0.437
26.56	0.05	Adapter 3839Hz	4	3.839	70.00	0.437
26.64	0.05	Adapter 3839Hz	4	3.839	70.00	0.437
26.72	0.05	Adapter 3839Hz	4	3.839	70.00	0.437
26.98	0.05	Adapter 3839Hz	4	3.839	70.00	0.437
27.06	0.05	Adapter 3839Hz	4	3.839	70.00	0.437
27.14	0.05	Adapter 3839Hz	4	3.839	70.00	0.437
27.22	0.05	Adapter 3839Hz	4	3.839	70.00	0.437
27.48	0.05	Adapter 3839Hz	4	3.839	70.00	0.437
27.56	0.05	Adapter 3839Hz	4	3.839	70.00	0.437
27.64	0.05	Adapter 3839Hz	4	3.839	70.00	0.437
27.72	0.05	Adapter 3839Hz	4	3.839	70.00	0.437
27.98	0.05	Adapter 3839Hz	4	3.839	70.00	0.437
28.06	0.05	Adapter 3839Hz	4	3.839	70.00	0.437
28.14	0.05	Adapter 3839Hz	4	3.839	70.00	0.437
28.22	0.05	Adapter 3839Hz	4	3.839	70.00	0.437
28.48	0.05	Adapter 3839Hz	4	3.839	70.00	0.437
28.56	0.05	Adapter 3839Hz	4	3.839	70.00	0.437
28.64	0.05	Adapter 3839Hz	4	3.839	70.00	0.437
28.72	0.05	Adapter 3839Hz	4	3.839	70.00	0.437
28.98	0.05	Adapter 3839Hz	4	3.839	70.00	0.437
29.06	0.05	Adapter 3839Hz	4	3.839	70.00	0.437
29.14	0.05	Adapter 3839Hz	4	3.839	70.00	0.437
29.22	0.05	Adapter 3839Hz	4	3.839	70.00	0.437
29.48	0.05	Adapter 3839Hz	4	3.839	70.00	0.437
29.56	0.05	Adapter 3839Hz	4	3.839	70.00	0.437
29.64	0.05	Adapter 3839Hz	4	3.839	70.00	0.437
29.72	0.05	Adapter 3839Hz	4	3.839	70.00	0.437
32.835	0.05	Probe 3839Hz	5	3.839	70.00	0.437
33.335	0.05	Probe 3839Hz	5	3.839	70.00	0.437
33.835	0.05	Probe 3839Hz	5	3.839	70.00	0.437
34.335	0.05	Probe 3839Hz	5	3.839	70.00	0.437
34.835	0.05	Probe 3839Hz	5	3.839	70.00	0.437
35.335	0.05	Probe 3839Hz	5	3.839	70.00	0.437
35.835	0.05	Probe 3839Hz	5	3.839	70.00	0.437
36.335	0.05	Probe 3839Hz	5	3.839	70.00	0.437
36.835	0.05	Probe 3839Hz	5	3.839	70.00	0.437
37.335	0.05	Probe 3839Hz	5	3.839	70.00	0.437
47.459	0.05	Adapter 2423Hz	7	2.423	70.00	0.285
47.539	0.05	Adapter 2423Hz	7	2.423	70.00	0.285
47.619	0.05	Adapter 2423Hz	7	2.423	70.00	0.285
47.699	0.05	Adapter 2423Hz	7	2.423	70.00	0.285
47.959	0.05	Adapter 2423Hz	7	2.423	70.00	0.285
48.039	0.05	Adapter 2423Hz	7	2.423	70.00	0.285
48.119	0.05	Adapter 2423Hz	7	2.423	70.00	0.285
48.199	0.05	Adapter 2423Hz	7	2.423	70.00	0.285
48.459	0.05	Adapter 2423Hz	7	2.423	70.00	0.285
48.539	0.05	Adapter 2423Hz	7	2.423	70.00	0.285
48.619	0.05	Adapter 2423Hz	7	2.423	70.00	0.285
48.699	0.05	Adapter 2423Hz	7	2.423	70.00	0.285
48.959	0.05	Adapter 2423Hz	7	2.423	70.00	0.285
49.039	0.05	Adapter 2423Hz	7	2.423	70.00	0.285
49.119	0.05	Adapter 2423Hz	7	2.423	70.00	0.285
49.199	0.05	Adapter 2423Hz	7	2.423	70.00	0.285
49.459	0.05	Adapter 2423Hz	7	2.423	70.00	0.285
49.539	0.05	Adapter 2423Hz	7	2.423	70.00	0.285
49.619	0.05	Adapter 2423Hz	7	2.423	70.00	0.285
49.699	0.05	Adapter 2423Hz	7	2.423	70.00	0.285
49.959	0.05	Adapter 2423Hz	7	2.423	70.00	0.285
50.039	0.05	Adapter 2423Hz	7	2.423	70.00	0.285
50.119	0.05	Adapter 2423Hz	7	2.423	70.00	0.285
50.199	0.05	Adapter 2423Hz	7	2.423	70.00	0.285
50.459	0.05	Adapter 2423Hz	7	2.423	70.00	0.285
50.539	0.05	Adapter 2423Hz	7	2.423	70.00	0.285
50.619	0.05	Adapter 2423Hz	7	2.423	70.00	0.285
50.699	0.05	Adapter 2423Hz	7	2.423	70.00	0.285
50.959	0.05	Adapter 2423Hz	7	2.423	70.00	0.285
51.039	0.05	Adapter 2423Hz	7	2.423	70.00	0.285
51.119	0.05	Adapter 2423Hz	7	2.423	70.00	0.285
51.199	0.05	Adapter 2423Hz	7	2.423	70.00	0.285
51.459	0.05	Adapter 2423Hz	7	2.423	70.00	0.285
51.539	0.05	Adapter 2423Hz	7	2.423	70.00	0.285
51.619	0.05	Adapter 2423Hz	7	2.423	70.00	0.285
51.699	0.05	Adapter 2423Hz	7	2.423	70.00	0.285
51.959	0.05	Adapter 2423Hz	7	2.423	70.00	0.285
52.039	0.05	Adapter 2423Hz	7	2.423	70.00	0.285
52.119	0.05	Adapter 2423Hz	7	2.423	70.00	0.285
52.199	0.05	Adapter 2423Hz	7	2.423	70.00	0.285
54.963	0.05	Adapter 6009Hz	8	6.009	70.00	0.671
55.043	0.05	Adapter 6009Hz	8	6.009	70.00	0.671
55.123	0.05	Adapter 6009Hz	8	6.009	70.00	0.671
55.203	0.05	Adapter 6009Hz	8	6.009	70.00	0.671
55.463	0.05	Adapter 6009Hz	8	6.009	70.00	0.671
55.543	0.05	Adapter 6009Hz	8	6.009	70.00	0.671
55.623	0.05	Adapter 6009Hz	8	6.009	70.00	0.671
55.703	0.05	Adapter 6009Hz	8	6.009	70.00	0.671
55.963	0.05	Adapter 6009Hz	8	6.009	70.00	0.671
56.043	0.05	Adapter 6009Hz	8	6.009	70.00	0.671
56.123	0.05	Adapter 6009Hz	8	6.009	70.00	0.671
56.203	0.05	Adapter 6009Hz	8	6.009	70.00	0.671
56.463	0.05	Adapter 6009Hz	8	6.009	70.00	0.671
56.543	0.05	Adapter 6009Hz	8	6.009	70.00	0.671
56.623	0.05	Adapter 6009Hz	8	6.009	70.00	0.671
56.703	0.05	Adapter 6009Hz	8	6.009	70.00	0.671
56.963	0.05	Adapter 6009Hz	8	6.009	70.00	0.671
57.043	0.05	Adapter 6009Hz	8	6.009	70.00	0.671
57.123	0.05	Adapter 6009Hz	8	6.009	70.00	0.671
57.203	0.05	Adapter 6009Hz	8	6.009	70.00	0.671
57.463	0.05	Adapter 6009Hz	8	6.009	70.00	0.671
57.543	0.05	Adapter 6009Hz	8	6.009	70.00	0.671
57.623	0.05	Adapter 6009Hz	8	6.009	70.00	0.671
57.703	0.05	Adapter 6009Hz	8	6.009	70.00	0.671
57.963	0.05	Adapter 6009Hz	8	6.009	70.00	0.671
58.043	0.05	Adapter 6009Hz	8	6.009	70.00	0.671
58.123	0.05	Adapter 6009Hz	8	6.009	70.00	0.671
58.203	0.05	Adapter 6009Hz	8	6.009	70.00	0.671
58.463	0.05	Adapter 6009Hz	8	6.009	70.00	0.671
58.543	0.05	Adapter 6009Hz	8	6.009	70.00	0.671
58.623	0.05	Adapter 6009Hz	8	6.009	70.00	0.671
58.703	0.05	Adapter 6009Hz	8	6.009	70.00	0.671
58.963	0.05	Adapter 6009Hz	8	6.009	70.00	0.671
59.043	0.05	Adapter 6009Hz	8	6.009	70.00	0.671
59.123	0.05	Adapter 6009Hz	8	6.009	70.00	0.671
59.203	0.05	Adapter 6009Hz	8	6.009	70.00	0.671
59.463	0.05	Adapter 6009Hz	8	6.009	70.00	0.671
59.543	0.05	Adapter 6009Hz	8	6.009	70.00	0.671
59.623	0.05	Adapter 6009Hz	8	6.009	70.00	0.671
59.703	0.05	Adapter 6009Hz	8	6.009	70.00	0.671
69.97	0.05	Adapter 3839Hz Probe 3839Hz	10	3.839	70.00	0.437
70.05	0.05	Adapter 3839Hz Probe 3839Hz	10	3.839	70.00	0.437
70.13	0.05	Adapter 3839Hz Probe 3839Hz	10	3.839	70.00	0.437
70.21	0.05	Adapter 3839Hz Probe 3839Hz	10	3.839	70.00	0.437
70.29	0.05	Adapter 3839Hz Probe 3839Hz	10	3.839	70.00	0.437
70.47	0.05	Adapter 3839Hz Probe 3839Hz	10	3.839	70.00	0.437
70.55	0.05	Adapter 3839Hz Probe 3839Hz	10	3.839	70.00	0.437
70.63	0.05	Adapter 3839Hz Probe 3839Hz	10	3.839	70.00	0.437
70.71	0.05	Adapter 3839Hz Probe 3839Hz	10	3.839	70.00	0.437
70.79	0.05	Adapter 3839Hz Probe 3839Hz	10	3.839	70.00	0.437
70.97	0.05	Adapter 3839Hz Probe 3839Hz	10	3.839	70.00	0.437
71.05	0.05	Adapter 3839Hz Probe 3839Hz	10	3.839	70.00	0.437
71.13	0.05	Adapter 3839Hz Probe 3839Hz	10	3.839	70.00	0.437
71.21	0.05	Adapter 3839Hz Probe 3839Hz	10	3.839	70.00	0.437
71.29	0.05	Adapter 3839Hz Probe 3839Hz	10	3.839	70.00	0.437
71.47	0.05	Adapter 3839Hz Probe 3839Hz	10	3.839	70.00	0.437
71.55	0.05	Adapter 3839Hz Probe 3839Hz	10	3.839	70.00	0.437
71.63	0.05	Adapter 3839Hz Probe 3839Hz	10	3.839	70.00	0.437
71.71	0.05	Adapter 3839Hz Probe 3839Hz	10	3.839	70.00	0.437
71.79	0.05	Adapter 3839Hz Probe 3839Hz	10	3.839	70.00	0.437
71.97	0.05	Adapter 3839Hz Probe 3839Hz	10	3.839	70.00	0.437
72.05	0.05	Adapter 3839Hz Probe 3839Hz	10	3.839	70.00	0.437
72.13	0.05	Adapter 3839Hz Probe 3839Hz	10	3.839	70.00	0.437
72.21	0.05	Adapter 3839Hz Probe 3839Hz	10	3.839	70.00	0.437
72.29	0.05	Adapter 3839Hz Probe 3839Hz	10	3.839	70.00	0.437
72.47	0.05	Adapter 3839Hz Probe 3839Hz	10	3.839	70.00	0.437
72.55	0.05	Adapter 3839Hz Probe 3839Hz	10	3.839	70.00	0.437
72.63	0.05	Adapter 3839Hz Probe 3839Hz	10	3.839	70.00	0.437
72.71	0.05	Adapter 3839Hz Probe 3839Hz	10	3.839	70.00	0.437
72.79	0.05	Adapter 3839Hz Probe 3839Hz	10	3.839	70.00	0.437
72.97	0.05	Adapter 3839Hz Probe 3839Hz	10	3.839	70.00	0.437
73.05	0.05	Adapter 3839Hz Probe 3839Hz	10	3.839	70.00	0.437
73.13	0.05	Adapter 3839Hz Probe 3839Hz	10	3.839	70.00	0.437
73.21	0.05	Adapter 3839Hz Probe 3839Hz	10	3.839	70.00	0.437
73.29	0.05	Adapter 3839Hz Probe 3839Hz	10	3.839	70.00	0.437
73.47	0.05	Adapter 3839Hz Probe 3839Hz	10	3.839	70.00	0.437
73.55	0.05	Adapter 3839Hz Probe 3839Hz	10	3.839	70.00	0.437
73.63	0.05	Adapter 3839Hz Probe 3839Hz	10	3.839	70.00	0.437
73.71	0.05	Adapter 3839Hz Probe 3839Hz	10	3.839	70.00	0.437
73.79	0.05	Adapter 3839Hz Probe 3839Hz	10	3.839	70.00	0.437
73.97	0.05	Adapter 3839Hz Probe 3839Hz	10	3.839	70.00	0.437
74.05	0.05	Adapter 3839Hz Probe 3839Hz	10	3.839	70.00	0.437
74.13	0.05	Adapter 3839Hz Probe 3839Hz	10	3.839	70.00	0.437
74.21	0.05	Adapter 3839Hz Probe 3839Hz	10	3.839	70.00	0.437
74.29	0.05	Adapter 3839Hz Probe 3839Hz	10	3.839	70.00	0.437
74.47	0.05	Adapter 3839Hz Probe 3839Hz	10	3.839	70.00	0.437
74.55	0.05	Adapter 3839Hz Probe 3839Hz	10	3.839	70.00	0.437
74.63	0.05	Adapter 3839Hz Probe 3839Hz	10	3.839	70.00	0.437
74.71	0.05	Adapter 3839Hz Probe 3839Hz	10	3.839	70.00	0.437
74.79	0.05	Adapter 3839Hz Probe 3839Hz	10	3.839	70.00	0.437
77.474	0.05	Adapter 1501Hz	11	1.501	70.00	0.186
77.554	0.05	Adapter 1501Hz	11	1.501	70.00	0.186
77.634	0.05	Adapter 1501Hz	11	1.501	70.00	0.186
77.714	0.05	Adapter 1501Hz	11	1.501	70.00	0.186
77.974	0.05	Adapter 1501Hz	11	1.501	70.00	0.186
78.054	0.05	Adapter 1501Hz	11	1.501	70.00	0.186
78.134	0.05	Adapter 1501Hz	11	1.501	70.00	0.186
78.214	0.05	Adapter 1501Hz	11	1.501	70.00	0.186
78.474	0.05	Adapter 1501Hz	11	1.501	70.00	0.186
78.554	0.05	Adapter 1501Hz	11	1.501	70.00	0.186
78.634	0.05	Adapter 1501Hz	11	1.501	70.00	0.186
78.714	0.05	Adapter 1501Hz	11	1.501	70.00	0.186
78.974	0.05	Adapter 1501Hz	11	1.501	70.00	0.186
79.054	0.05	Adapter 1501Hz	11	1.501	70.00	0.186
79.134	0.05	Adapter 1501Hz	11	1.501	70.00	0.186
79.214	0.05	Adapter 1501Hz	11	1.501	70.00	0.186
79.474	0.05	Adapter 1501Hz	11	1.501	70.00	0.186
79.554	0.05	Adapter 1501Hz	11	1.501	70.00	0.186
79.634	0.05	Adapter 1501Hz	11	1.501	70.00	0.186
79.714	0.05	Adapter 1501Hz	11	1.501	70.00	0.186
79.974	0.05	Adapter 1501Hz	11	1.501	70.00	0.186
80.054	0.05	Adapter 1501Hz	11	1.501	70.00	0.186
80.134	0.05	Adapter 1501Hz	11	1.501	70.00	0.186
80.214	0.05	Adapter 1501Hz	11	1.501	70.00	0.186
80.474	0.05	Adapter 1501Hz	11	1.501	70.00	0.186
80.554	0.05	Adapter 1501Hz	11	1.501	70.00	0.186
80.634	0.05	Adapter 1501Hz	11	1.501	70.00	0.186
80.714	0.05	Adapter 1501Hz	11	1.501	70.00	0.186
80.974	0.05	Adapter 1501Hz	11	1.501	70.00	0.186
81.054	0.05	Adapter 1501Hz	11	1.501	70.00	0.186
81.134	0.05	Adapter 1501Hz	11	1.501	70.00	0.186
81.214	0.05	Adapter 1501Hz	11	1.501	70.00	0.186
81.474	0.05	Adapter 1501Hz	11	1.501	70.00	0.186
81.554	0.05	Adapter 1501Hz	11	1.501	70.00	0.186
81.634	0.05	Adapter 1501Hz	11	1.501	70.00	0.186
81.714	0.05	Adapter 1501Hz	11	1.501	70.00	0.186
81.974	0.05	Adapter 1501Hz	11	1.501	70.00	0.186
82.054	0.05	Adapter 1501Hz	11	1.501	70.00	0.186
82.134	0.05	Adapter 1501Hz	11	1.501	70.00	0.186
82.214	0.05	Adapter 1501Hz	11	1.501	70.00	0.186
84.977	0.05	Adapter 251Hz	12	0.251	70.00	0.052
85.057	0.05	Adapter 251Hz	12	0.251	70.00	0.052
85.137	0.05	Adapter 251Hz	12	0.251	70.00	0.052
85.217	0.05	Adapter 251Hz	12	0.251	70.00	0.052
85.477	0.05	Adapter 251Hz	12	0.251	70.00	0.052
85.557	0.05	Adapter 251Hz	12	0.251	70.00	0.052
85.637	0.05	Adapter 251Hz	12	0.251	70.00	0.052
85.717	0.05	Adapter 251Hz	12	0.251	70.00	0.052
85.977	0.05	Adapter 251Hz	12	0.251	70.00	0.052
86.057	0.05	Adapter 251Hz	12	0.251	70.00	0.052
86.137	0.05	Adapter 251Hz	12	0.251	70.00	0.052
86.217	0.05	Adapter 251Hz	12	0.251	70.00	0.052
86.477	0.05	Adapter 251Hz	12	0.251	70.00	0.052
86.557	0.05	Adapter 251Hz	12	0.251	70.00	0.052
86.637	0.05	Adapter 251Hz	12	0.251	70.00	0.052
86.717	0.05	Adapter 251Hz	12	0.251	70.00	0.052
86.977	0.05	Adapter 251Hz	12	0.251	70.00	0.052
87.057	0.05	Adapter 251Hz	12	0.251	70.00	0.052
87.137	0.05	Adapter 251Hz	12	0.251	70.00	0.052
87.217	0.05	Adapter 251Hz	12	0.251	70.00	0.052
87.477	0.05	Adapter 251Hz	12	0.251	70.00	0.052
87.557	0.05	Adapter 251Hz	12	0.251	70.00	0.052
87.637	0.05	Adapter 251Hz	12	0.251	70.00	0.052
87.717	0.05	Adapter 251Hz	12	0.251	70.00	0.052
87.977	0.05	Adapter 251Hz	12	0.251	70.00	0.052
88.057	0.05	Adapter 251Hz	12	0.251	70.00	0.052
88.137	0.05	Adapter 251Hz	12	0.251	70.00	0.052
88.217	0.05	Adapter 251Hz	12	0.251	70.00	0.052
88.477	0.05	Adapter 251Hz	12	0.251	70.00	0.052
88.557	0.05	Adapter 251Hz	12	0.251	70.00	0.052
88.637	0.05	Adapter 251Hz	12	0.251	70.00	0.052
88.717	0.05	Adapter 251Hz	12	0.251	70.00	0.052
88.977	0.05	Adapter 251Hz	12	0.251	70.00	0.052
89.057	0.05	Adapter 251Hz	12	0.251	70.00	0.052
89.137	0.05	Adapter 251Hz	12	0.251	70.00	0.052
89.217	0.05	Adapter 251Hz	12	0.251	70.00	0.052
89.477	0.05	Adapter 251Hz	12	0.251	70.00	0.052
89.557	0.05	Adapter 251Hz	12	0.251	70.00	0.052
89.637	0.05	Adapter 251Hz	12	0.251	70.00	0.052
89.717	0.05	Adapter 251Hz	12	0.251	70.00	0.052
99.985	0.05	Adapter 899Hz	14	0.899	70.00	0.121
100.065	0.05	Adapter 899Hz	14	0.899	70.00	0.121
100.145	0.05	Adapter 899Hz	14	0.899	70.00	0.121
100.225	0.05	Adapter 899Hz	14	0.899	70.00	0.121
100.485	0.05	Adapter 899Hz	14	0.899	70.00	0.121
100.565	0.05	Adapter 899Hz	14	0.899	70.00	0.121
100.645	0.05	Adapter 899Hz	14	0.899	70.00	0.121
100.725	0.05	Adapter 899Hz	14	0.899	70.00	0.121
100.985	0.05	Adapter 899Hz	14	0.899	70.00	0.121
101.065	0.05	Adapter 899Hz	14	0.899	70.00	0.121
101.145	0.05	Adapter 899Hz	14	0.899	70.00	0.121
101.225	0.05	Adapter 899Hz	14	0.899	70.00	0.121
101.485	0.05	Adapter 899Hz	14	0.899	70.00	0.121
101.565	0.05	Adapter 899Hz	14	0.899	70.00	0.121
101.645	0.05	Adapter 899Hz	14	0.899	70.00	0.121
101.725	0.05	Adapter 899Hz	14	0.899	70.00	0.121
101.985	0.05	Adapter 899Hz	14	0.899	70.00	0.121
102.065	0.05	Adapter 899Hz	14	0.899	70.00	0.121
102.145	0.05	Adapter 899Hz	14	0.899	70.00	0.121
102.225	0.05	Adapter 899Hz	14	0.899	70.00	0.121
102.485	0.05	Adapter 899Hz	14	0.899	70.00	0.121
102.565	0.05	Adapter 899Hz	14	0.899	70.00	0.121
102.645	0.05	Adapter 899Hz	14	0.899	70.00	0.121
102.725	0.05	Adapter 899Hz	14	0.899	70.00	0.121
102.985	0.05	Adapter 899Hz	14	0.899	70.00	0.121
103.065	0.05	Adapter 899Hz	14	0.899	70.00	0.121
103.145	0.05	Adapter 899Hz	14	0.899	70.00	0.121
103.225	0.05	Adapter 899Hz	14	0.899	70.00	0.121
103.485	0.05	Adapter 899Hz	14	0.899	70.00	0.121
103.565	0.05	Adapter 899Hz	14	0.899	70.00	0.121
103.645	0.05	Adapter 899Hz	14	0.899	70.00	0.121
103.725	0.05	Adapter 899Hz	14	0.899	70.00	0.121
103.985	0.05	Adapter 899Hz	14	0.899	70.00	0.121
104.065	0.05	Adapter 899Hz	14	0.899	70.00	0.121
104.145	0.05	Adapter 899Hz	14	0.899	70.00	0.121
104.225	0.05	Adapter 899Hz	14	0.899	70.00	0.121
104.485	0.05	Adapter 899Hz	14	0.899	70.00	0.121
104.565	0.05	Adapter 899Hz	14	0.899	70.00	0.121
104.645	0.05	Adapter 899Hz	14	0.899	70.00	0.121
104.725	0.05	Adapter 899Hz	14	0.899	70.00	0.121
107.488	0.05	Adapter 899Hz Probe 3839Hz	15	0.899	70.00	0.121
107.568	0.05	Adapter 899Hz Probe 3839Hz	15	0.899	70.00	0.121
107.648	0.05	Adapter 899Hz Probe 3839Hz	15	0.899	70.00	0.121
107.728	0.05	Adapter 899Hz Probe 3839Hz	15	0.899	70.00	0.121
107.808	0.05	Adapter 899Hz Probe 3839Hz	15	3.839	70.00	0.437
107.988	0.05	Adapter 899Hz Probe 3839Hz	15	0.899	70.00	0.121
108.068	0.05	Adapter 899Hz Probe 3839Hz	15	0.899	70.00	0.121
108.148	0.05	Adapter 899Hz Probe 3839Hz	15	0.899	70.00	0.121
108.228	0.05	Adapter 899Hz Probe 3839Hz	15	0.899	70.00	0.121
108.308	0.05	Adapter 899Hz Probe 3839Hz	15	3.839	70.00	0.437
108.488	0.05	Adapter 899Hz Probe 3839Hz	15	0.899	70.00	0.121
108.568	0.05	Adapter 899Hz Probe 3839Hz	15	0.899	70.00	0.121
108.648	0.05	Adapter 899Hz Probe 3839Hz	15	0.899	70.00	0.121
108.728	0.05	Adapter 899Hz Probe 3839Hz	15	0.899	70.00	0.121
108.808	0.05	Adapter 899Hz Probe 3839Hz	15	3.839	70.00	0.437
108.988	0.05	Adapter 899Hz Probe 3839Hz	15	0.899	70.00	0.121
109.068	0.05	Adapter 899Hz Probe 3839Hz	15	0.899	70.00	0.121
109.148	0.05	Adapter 899Hz Probe 3839Hz	15	0.899	70.00	0.121
109.228	0.05	Adapter 899Hz Probe 3839Hz	15	0.899	70.00	0.121
109.308	0.05	Adapter 899Hz Probe 3839Hz	15	3.839	70.00	0.437
109.488	0.05	Adapter 899Hz Probe 3839Hz	15	0.899	70.00	0.121
109.568	0.05	Adapter 899Hz Probe 3839Hz	15	0.899	70.00	0.121
109.648	0.05	Adapter 899Hz Probe 3839Hz	15	0.899	70.00	0.121
109.728	0.05	Adapter 899Hz Probe 3839Hz	15	0.899	70.00	0.121
109.808	0.05	Adapter 899Hz Probe 3839Hz	15	3.839	70.00	0.437
109.988	0.05	Adapter 899Hz Probe 3839Hz	15	0.899	70.00	0.121
110.068	0.05	Adapter 899Hz Probe 3839Hz	15	0.899	70.00	0.121
110.148	0.05	Adapter 899Hz Probe 3839Hz	15	0.899	70.00	0.121
110.228	0.05	Adapter 899Hz Probe 3839Hz	15	0.899	70.00	0.121
110.308	0.05	Adapter 899Hz Probe 3839Hz	15	3.839	70.00	0.437
110.488	0.05	Adapter 899Hz Probe 3839Hz	15	0.899	70.00	0.121
110.568	0.05	Adapter 899Hz Probe 3839Hz	15	0.899	70.00	0.121
110.648	0.05	Adapter 899Hz Probe 3839Hz	15	0.899	70.00	0.121
110.728	0.05	Adapter 899Hz Probe 3839Hz	15	0.899	70.00	0.121
110.808	0.05	Adapter 899Hz Probe 3839Hz	15	3.839	70.00	0.437
110.988	0.05	Adapter 899Hz Probe 3839Hz	15	0.899	70.00	0.121
111.068	0.05	Adapter 899Hz Probe 3839Hz	15	0.899	70.00	0.121
111.148	0.05	Adapter 899Hz Probe 3839Hz	15	0.899	70.00	0.121
111.228	0.05	Adapter 899Hz Probe 3839Hz	15	0.899	70.00	0.121
111.308	0.05	Adapter 899Hz Probe 3839Hz	15	3.839	70.00	0.437
111.488	0.05	Adapter 899Hz Probe 3839Hz	15	0.899	70.00	0.121
111.568	0.05	Adapter 899Hz Probe 3839Hz	15	0.899	70.00	0.121
111.648	0.05	Adapter 899Hz Probe 3839Hz	15	0.899	70.00	0.121
111.728	0.05	Adapter 899Hz Probe 3839Hz	15	0.899	70.00	0.121
111.808	0.05	Adapter 899Hz Probe 3839Hz	15	3.839	70.00	0.437
111.988	0.05	Adapter 899Hz Probe 3839Hz	15	0.899	70.00	0.121
112.068	0.05	Adapter 899Hz Probe 3839Hz	15	0.899	70.00	0.121
112.148	0.05	Adapter 899Hz Probe 3839Hz	15	0.899	70.00	0.121
112.228	0.05	Adapter 899Hz Probe 3839Hz	15	0.899	70.00	0.121
112.308	0.05	Adapter 899Hz Probe 3839Hz	15	3.839	70.00	0.437
115.007	0.05	Adapter 507Hz	16	0.507	70.00	0.079
115.087	0.05	Adapter 507Hz	16	0.507	70.00	0.079
115.167	0.05	Adapter 507Hz	16	0.507	70.00	0.079
115.247	0.05	Adapter 507Hz	16	0.507	70.00	0.079
115.507	0.05	Adapter 507Hz	16	0.507	70.00	0.079
115.587	0.05	Adapter 507Hz	16	0.507	70.00	0.079
115.667	0.05	Adapter 507Hz	16	0.507	70.00	0.079
115.747	0.05	Adapter 507Hz	16	0.507	70.00	0.079
116.007	0.05	Adapter 507Hz	16	0.507	70.00	0.079
116.087	0.05	Adapter 507Hz	16	0.507	70.00	0.079
116.167	0.05	Adapter 507Hz	16	0.507	70.00	0.079
116.247	0.05	Adapter 507Hz	16	0.507	70.00	0.079
116.507	0.05	Adapter 507Hz	16	0.507	70.00	0.079
116.587	0.05	Adapter 507Hz	16	0.507	70.00	0.079
116.667	0.05	Adapter 507Hz	16	0.507	70.00	0.079
116.747	0.05	Adapter 507Hz	16	0.507	70.00	0.079
117.007	0.05	Adapter 507Hz	16	0.507	70.00	0.079
117.087	0.05	Adapter 507Hz	16	0.507	70.00	0.079
117.167	0.05	Adapter 507Hz	16	0.507	70.00	0.079
117.247	0.05	Adapter 507Hz	16	0.507	70.00	0.079
117.507	0.05	Adapter 507Hz	16	0.507	70.00	0.079
117.587	0.05	Adapter 507Hz	16	0.507	70.00	0.079
117.667	0.05	Adapter 507Hz	16	0.507	70.00	0.079
117.747	0.05	Adapter 507Hz	16	0.507	70.00	0.079
118.007	0.05	Adapter 507Hz	16	0.507	70.00	0.079
118.087	0.05	Adapter 507Hz	16	0.507	70.00	0.079
118.167	0.05	Adapter 507Hz	16	0.507	70.00	0.079
118.247	0.05	Adapter 507Hz	16	0.507	70.00	0.079
118.507	0.05	Adapter 507Hz	16	0.507	70.00	0.079
118.587	0.05	Adapter 507Hz	16	0.507	70.00	0.079
118.667	0.05	Adapter 507Hz	16	0.507	70.00	0.079
118.747	0.05	Adapter 507Hz	16	0.507	70.00	0.079
119.007	0.05	Adapter 507Hz	16	0.507	70.00	0.079
119.087	0.05	Adapter 507Hz	16	0.507	70.00	0.079
119.167	0.05	Adapter 507Hz	16	0.507	70.00	0.079
119.247	0.05	Adapter 507Hz	16	0.507	70.00	0.079
119.507	0.05	Adapter 507Hz	16	0.507	70.00	0.079
119.587	0.05	Adapter 507Hz	16	0.507	70.00	0.079
119.667	0.05	Adapter 507Hz	16	0.507	70.00	0.079
119.747	0.05	Adapter 507Hz	16	0.507	70.00	0.079
122.464	0.05	Adapter 3839Hz	17	3.839	70.00	0.437
122.544	0.05	Adapter 3839Hz	17	3.839	70.00	0.437
122.624	0.05	Adapter 3839Hz	17	3.839	70.00	0.437
122.704	0.05	Adapter 3839Hz	17	3.839	70.00	0.437
122.964	0.05	Adapter 3839Hz	17	3.839	70.00	0.437
123.044	0.05	Adapter 3839Hz	17	3.839	70.00	0.437
123.124	0.05	Adapter 3839Hz	17	3.839	70.00	0.437
123.204	0.05	Adapter 3839Hz	17	3.839	70.00	0.437
123.464	0.05	Adapter 3839Hz	17	3.839	70.00	0.437
123.544	0.05	Adapter 3839Hz	17	3.839	70.00	0.437
123.624	0.05	Adapter 3839Hz	17	3.839	70.00	0.437
123.704	0.05	Adapter 3839Hz	17	3.839	70.00	0.437
123.964	0.05	Adapter 3839Hz	17	3.839	70.00	0.437
124.044	0.05	Adapter 3839Hz	17	3.839	70.00	0.437
124.124	0.05	Adapter 3839Hz	17	3.839	70.00	0.437
124.204	0.05	Adapter 3839Hz	17	3.839	70.00	0.437
124.464	0.05	Adapter 3839Hz	17	3.839	70.00	0.437
124.544	0.05	Adapter 3839Hz	17	3.839	70.00	0.437
124.624	0.05	Adapter 3839Hz	17	3.839	70.00	0.437
124.704	0.05	Adapter 3839Hz	17	3.839	70.00	0.437
124.964	0.05	Adapter 3839Hz	17	3.839	70.00	0.437
125.044	0.05	Adapter 3839Hz	17	3.839	70.00	0.437
125.124	0.05	Adapter 3839Hz	17	3.839	70.00	0.437
125.204	0.05	Adapter 3839Hz	17	3.839	70.00	0.437
125.464	0.05	Adapter 3839Hz	17	3.839	70.00	0.437
125.544	0.05	Adapter 3839Hz	17	3.839	70.00	0.437
125.624	0.05	Adapter 3839Hz	17	3.839	70.00	0.437
125.704	0.05	Adapter 3839Hz	17	3.839	70.00	0.437
125.964	0.05	Adapter 3839Hz	17	3.839	70.00	0.437
126.044	0.05	Adapter 3839Hz	17	3.839	70.00	0.437
126.124	0.05	Adapter 3839Hz	17	3.839	70.00	0.437
126.204	0.05	Adapter 3839Hz	17	3.839	70.00	0.437
126.464	0.05	Adapter 3839Hz	17	3.839	70.00	0.437
126.544	0.05	Adapter 3839Hz	17	3.839	70.00	0.437
126.624	0.05	Adapter 3839Hz	17	3.839	70.00	0.437
126.704	0.05	Adapter 3839Hz	17	3.839	70.00	0.437
126.964	0.05	Adapter 3839Hz	17	3.839	70.00	0.437
127.044	0.05	Adapter 3839Hz	17	3.839	70.00	0.437
127.124	0.05	Adapter 3839Hz	17	3.839	70.00	0.437
127.204	0.05	Adapter 3839Hz	17	3.839	70.00	0.437
129.999	0.05	Adapter 899Hz Probe 3839Hz	18	0.899	70.00	0.121
130.079	0.05	Adapter 899Hz Probe 3839Hz	18	0.899	70.00	0.121
130.159	0.05	Adapter 899Hz Probe 3839Hz	18	0.899	70.00	0.121
130.239	0.05	Adapter 899Hz Probe 3839Hz	18	0.899	70.00	0.121
130.319	0.05	Adapter 899Hz Probe 3839Hz	18	3.839	70.00	0.437
130.499	0.05	Adapter 899Hz Probe 3839Hz	18	0.899	70.00	0.121
130.579	0.05	Adapter 899Hz Probe 3839Hz	18	0.899	70.00	0.121
130.659	0.05	Adapter 899Hz Probe 3839Hz	18	0.899	70.00	0.121
130.739	0.05	Adapter 899Hz Probe 3839Hz	18	0.899	70.00	0.121
130.819	0.05	Adapter 899Hz Probe 3839Hz	18	3.839	70.00	0.437
130.999	0.05	Adapter 899Hz Probe 3839Hz	18	0.899	70.00	0.121
131.079	0.05	Adapter 899Hz Probe 3839Hz	18	0.899	70.00	0.121
131.159	0.05	Adapter 899Hz Probe 3839Hz	18	0.899	70.00	0.121
131.239	0.05	Adapter 899Hz Probe 3839Hz	18	0.899	70.00	0.121
131.319	0.05	Adapter 899Hz Probe 3839Hz	18	3.839	70.00	0.437
131.499	0.05	Adapter 899Hz Probe 3839Hz	18	0.899	70.00	0.121
131.579	0.05	Adapter 899Hz Probe 3839Hz	18	0.899	70.00	0.121
131.659	0.05	Adapter 899Hz Probe 3839Hz	18	0.899	70.00	0.121
131.739	0.05	Adapter 899Hz Probe 3839Hz	18	0.899	70.00	0.121
131.819	0.05	Adapter 899Hz Probe 3839Hz	18	3.839	70.00	0.437
131.999	0.05	Adapter 899Hz Probe 3839Hz	18	0.899	70.00	0.121
132.079	0.05	Adapter 899Hz Probe 3839Hz	18	0.899	70.00	0.121
132.159	0.05	Adapter 899Hz Probe 3839Hz	18	0.899	70.00	0.121
132.239	0.05	Adapter 899Hz Probe 3839Hz	18	0.899	70.00	0.121
132.319	0.05	Adapter 899Hz Probe 3839Hz	18	3.839	70.00	0.437
132.499	0.05	Adapter 899Hz Probe 3839Hz	18	0.899	70.00	0.121
132.579	0.05	Adapter 899Hz Probe 3839Hz	18	0.899	70.00	0.121
132.659	0.05	Adapter 899Hz Probe 3839Hz	18	0.899	70.00	0.121
132.739	0.05	Adapter 899Hz Probe 3839Hz	18	0.899	70.00	0.121
132.819	0.05	Adapter 899Hz Probe 3839Hz	18	3.839	70.00	0.437
132.999	0.05	Adapter 899Hz Probe 3839Hz	18	0.899	70.00	0.121
133.079	0.05	Adapter 899Hz Probe 3839Hz	18	0.899	70.00	0.121
133.159	0.05	Adapter 899Hz Probe 3839Hz	18	0.899	70.00	0.121
133.239	0.05	Adapter 899Hz Probe 3839Hz	18	0.899	70.00	0.121
133.319	0.05	Adapter 899Hz Probe 3839Hz	18	3.839	70.00	0.437
133.499	0.05	Adapter 899Hz Probe 3839Hz	18	0.899	70.00	0.121
133.579	0.05	Adapter 899Hz Probe 3839Hz	18	0.899	70.00	0.121
133.659	0.05	Adapter 899Hz Probe 3839Hz	18	0.899	70.00	0.121
133.739	0.05	Adapter 899Hz Probe 3839Hz	18	0.899	70.00	0.121
133.819	0.05	Adapter 899Hz Probe 3839Hz	18	3.839	70.00	0.437
133.999	0.05	Adapter 899Hz Probe 3839Hz	18	0.899	70.00	0.121
134.079	0.05	Adapter 899Hz Probe 3839Hz	18	0.899	70.00	0.121
134.159	0.05	Adapter 899Hz Probe 3839Hz	18	0.899	70.00	0.121
134.239	0.05	Adapter 899Hz Probe 3839Hz	18	0.899	70.00	0.121
134.319	0.05	Adapter 899Hz Probe 3839Hz	18	3.839	70.00	0.437
134.499	0.05	Adapter 899Hz Probe 3839Hz	18	0.899	70.00	0.121
134.579	0.05	Adapter 899Hz Probe 3839Hz	18	0.899	70.00	0.121
134.659	0.05	Adapter 899Hz Probe 3839Hz	18	0.899	70.00	0.121
134.739	0.05	Adapter 899Hz Probe 3839Hz	18	0.899	70.00	0.121
134.819	0.05	Adapter 899Hz Probe 3839Hz	18	3.839	70.00	0.437
145.006	0.05	Adapter 6009Hz	20	6.009	70.00	0.671
145.086	0.05	Adapter 6009Hz	20	6.009	70.00	0.671
145.166	0.05	Adapter 6009Hz	20	6.009	70.00	0.671
145.246	0.05	Adapter 6009Hz	20	6.009	70.00	0.671
145.506	0.05	Adapter 6009Hz	20	6.009	70.00	0.671
145.586	0.05	Adapter 6009Hz	20	6.009	70.00	0.671
145.666	0.05	Adapter 6009Hz	20	6.009	70.00	0.671
145.746	0.05	Adapter 6009Hz	20	6.009	70.00	0.671
146.006	0.05	Adapter 6009Hz	20	6.009	70.00	0.671
146.086	0.05	Adapter 6009Hz	20	6.009	70.00	0.671
146.166	0.05	Adapter 6009Hz	20	6.009	70.00	0.671
146.246	0.05	Adapter 6009Hz	20	6.009	70.00	0.671
146.506	0.05	Adapter 6009Hz	20	6.009	70.00	0.671
146.586	0.05	Adapter 6009Hz	20	6.009	70.00	0.671
146.666	0.05	Adapter 6009Hz	20	6.009	70.00	0.671
146.746	0.05	Adapter 6009Hz	20	6.009	70.00	0.671
147.006	0.05	Adapter 6009Hz	20	6.009	70.00	0.671
147.086	0.05	Adapter 6009Hz	20	6.009	70.00	0.671
147.166	0.05	Adapter 6009Hz	20	6.009	70.00	0.671
147.246	0.05	Adapter 6009Hz	20	6.009	70.00	0.671
147.506	0.05	Adapter 6009Hz	20	6.009	70.00	0.671
147.586	0.05	Adapter 6009Hz	20	6.009	70.00	0.671
147.666	0.05	Adapter 6009Hz	20	6.009	70.00	0.671
147.746	0.05	Adapter 6009Hz	20	6.009	70.00	0.671
148.006	0.05	Adapter 6009Hz	20	6.009	70.00	0.671
148.086	0.05	Adapter 6009Hz	20	6.009	70.00	0.671
148.166	0.05	Adapter 6009Hz	20	6.009	70.00	0.671
148.246	0.05	Adapter 6009Hz	20	6.009	70.00	0.671
148.506	0.05	Adapter 6009Hz	20	6.009	70.00	0.671
148.586	0.05	Adapter 6009Hz	20	6.009	70.00	0.671
148.666	0.05	Adapter 6009Hz	20	6.009	70.00	0.671
148.746	0.05	Adapter 6009Hz	20	6.009	70.00	0.671
149.006	0.05	Adapter 6009Hz	20	6.009	70.00	0.671
149.086	0.05	Adapter 6009Hz	20	6.009	70.00	0.671
149.166	0.05	Adapter 6009Hz	20	6.009	70.00	0.671
149.246	0.05	Adapter 6009Hz	20	6.009	70.00	0.671
149.506	0.05	Adapter 6009Hz	20	6.009	70.00	0.671
149.586	0.05	Adapter 6009Hz	20	6.009	70.00	0.671
149.666	0.05	Adapter 6009Hz	20	6.009	70.00	0.671
149.746	0.05	Adapter 6009Hz	20	6.009	70.00	0.671
152.799	0.05	Probe 3839Hz	21	3.839	70.00	0.437
153.299	0.05	Probe 3839Hz	21	3.839	70.00	0.437
153.799	0.05	Probe 3839Hz	21	3.839	70.00	0.437
154.299	0.05	Probe 3839Hz	21	3.839	70.00	0.437
154.799	0.05	Probe 3839Hz	21	3.839	70.00	0.437
155.299	0.05	Probe 3839Hz	21	3.839	70.00	0.437
155.799	0.05	Probe 3839Hz	21	3.839	70.00	0.437
156.299	0.05	Probe 3839Hz	21	3.839	70.00	0.437
156.799	0.05	Probe 3839Hz	21	3.839	70.00	0.437
157.299	0.05	Probe 3839Hz	21	3.839	70.00	0.437
160.014	0.05	Adapter 3839Hz Probe 3839Hz	22	3.839	70.00	0.437
160.094	0.05	Adapter 3839Hz Probe 3839Hz	22	3.839	70.00	0.437
160.174	0.05	Adapter 3839Hz Probe 3839Hz	22	3.839	70.00	0.437
160.254	0.05	Adapter 3839Hz Probe 3839Hz	22	3.839	70.00	0.437
160.334	0.05	Adapter 3839Hz Probe 3839Hz	22	3.839	70.00	0.437
160.514	0.05	Adapter 3839Hz Probe 3839Hz	22	3.839	70.00	0.437
160.594	0.05	Adapter 3839Hz Probe 3839Hz	22	3.839	70.00	0.437
160.674	0.05	Adapter 3839Hz Probe 3839Hz	22	3.839	70.00	0.437
160.754	0.05	Adapter 3839Hz Probe 3839Hz	22	3.839	70.00	0.437
160.834	0.05	Adapter 3839Hz Probe 3839Hz	22	3.839	70.00	0.437
161.014	0.05	Adapter 3839Hz Probe 3839Hz	22	3.839	70.00	0.437
161.094	0.05	Adapter 3839Hz Probe 3839Hz	22	3.839	70.00	0.437
161.174	0.05	Adapter 3839Hz Probe 3839Hz	22	3.839	70.00	0.437
161.254	0.05	Adapter 3839Hz Probe 3839Hz	22	3.839	70.00	0.437
161.334	0.05	Adapter 3839Hz Probe 3839Hz	22	3.839	70.00	0.437
161.514	0.05	Adapter 3839Hz Probe 3839Hz	22	3.839	70.00	0.437
161.594	0.05	Adapter 3839Hz Probe 3839Hz	22	3.839	70.00	0.437
161.674	0.05	Adapter 3839Hz Probe 3839Hz	22	3.839	70.00	0.437
161.754	0.05	Adapter 3839Hz Probe 3839Hz	22	3.839	70.00	0.437
161.834	0.05	Adapter 3839Hz Probe 3839Hz	22	3.839	70.00	0.437
162.014	0.05	Adapter 3839Hz Probe 3839Hz	22	3.839	70.00	0.437
162.094	0.05	Adapter 3839Hz Probe 3839Hz	22	3.839	70.00	0.437
162.174	0.05	Adapter 3839Hz Probe 3839Hz	22	3.839	70.00	0.437
162.254	0.05	Adapter 3839Hz Probe 3839Hz	22	3.839	70.00	0.437
162.334	0.05	Adapter 3839Hz Probe 3839Hz	22	3.839	70.00	0.437
162.514	0.05	Adapter 3839Hz Probe 3839Hz	22	3.839	70.00	0.437
162.594	0.05	Adapter 3839Hz Probe 3839Hz	22	3.839	70.00	0.437
162.674	0.05	Adapter 3839Hz Probe 3839Hz	22	3.839	70.00	0.437
162.754	0.05	Adapter 3839Hz Probe 3839Hz	22	3.839	70.00	0.437
162.834	0.05	Adapter 3839Hz Probe 3839Hz	22	3.839	70.00	0.437
163.014	0.05	Adapter 3839Hz Probe 3839Hz	22	3.839	70.00	0.437
163.094	0.05	Adapter 3839Hz Probe 3839Hz	22	3.839	70.00	0.437
163.174	0.05	Adapter 3839Hz Probe 3839Hz	22	3.839	70.00	0.437
163.254	0.05	Adapter 3839Hz Probe 3839Hz	22	3.839	70.00	0.437
163.334	0.05	Adapter 3839Hz Probe 3839Hz	22	3.839	70.00	0.437
163.514	0.05	Adapter 3839Hz Probe 3839Hz	22	3.839	70.00	0.437
163.594	0.05	Adapter 3839Hz Probe 3839Hz	22	3.839	70.00	0.437
163.674	0.05	Adapter 3839Hz Probe 3839Hz	22	3.839	70.00	0.437
163.754	0.05	Adapter 3839Hz Probe 3839Hz	22	3.839	70.00	0.437
163.834	0.05	Adapter 3839Hz Probe 3839Hz	22	3.839	70.00	0.437
164.014	0.05	Adapter 3839Hz Probe 3839Hz	22	3.839	70.00	0.437
164.094	0.05	Adapter 3839Hz Probe 3839Hz	22	3.839	70.00	0.437
164.174	0.05	Adapter 3839Hz Probe 3839Hz	22	3.839	70.00	0.437
164.254	0.05	Adapter 3839Hz Probe 3839Hz	22	3.839	70.00	0.437
164.334	0.05	Adapter 3839Hz Probe 3839Hz	22	3.839	70.00	0.437
164.514	0.05	Adapter 3839Hz Probe 3839Hz	22	3.839	70.00	0.437
164.594	0.05	Adapter 3839Hz Probe 3839Hz	22	3.839	70.00	0.437
164.674	0.05	Adapter 3839Hz Probe 3839Hz	22	3.839	70.00	0.437
164.754	0.05	Adapter 3839Hz Probe 3839Hz	22	3.839	70.00	0.437
164.834	0.05	Adapter 3839Hz Probe 3839Hz	22	3.839	70.00	0.437
174.958	0.05	Adapter 2423Hz	24	2.423	70.00	0.285
175.038	0.05	Adapter 2423Hz	24	2.423	70.00	0.285
175.118	0.05	Adapter 2423Hz	24	2.423	70.00	0.285
175.198	0.05	Adapter 2423Hz	24	2.423	70.00	0.285
175.458	0.05	Adapter 2423Hz	24	2.423	70.00	0.285
175.538	0.05	Adapter 2423Hz	24	2.423	70.00	0.285
175.618	0.05	Adapter 2423Hz	24	2.423	70.00	0.285
175.698	0.05	Adapter 2423Hz	24	2.423	70.00	0.285
175.958	0.05	Adapter 2423Hz	24	2.423	70.00	0.285
176.038	0.05	Adapter 2423Hz	24	2.423	70.00	0.285
176.118	0.05	Adapter 2423Hz	24	2.423	70.00	0.285
176.198	0.05	Adapter 2423Hz	24	2.423	70.00	0.285
176.458	0.05	Adapter 2423Hz	24	2.423	70.00	0.285
176.538	0.05	Adapter 2423Hz	24	2.423	70.00	0.285
176.618	0.05	Adapter 2423Hz	24	2.423	70.00	0.285
176.698	0.05	Adapter 2423Hz	24	2.423	70.00	0.285
176.958	0.05	Adapter 2423Hz	24	2.423	70.00	0.285
177.038	0.05	Adapter 2423Hz	24	2.423	70.00	0.285
177.118	0.05	Adapter 2423Hz	24	2.423	70.00	0.285
177.198	0.05	Adapter 2423Hz	24	2.423	70.00	0.285
177.458	0.05	Adapter 2423Hz	24	2.423	70.00	0.285
177.538	0.05	Adapter 2423Hz	24	2.423	70.00	0.285
177.618	0.05	Adapter 2423Hz	24	2.423	70.00	0.285
177.698	0.05	Adapter 2423Hz	24	2.423	70.00	0.285
177.958	0.05	Adapter 2423Hz	24	2.423	70.00	0.285
178.038	0.05	Adapter 2423Hz	24	2.423	70.00	0.285
178.118	0.05	Adapter 2423Hz	24	2.423	70.00	0.285
178.198	0.05	Adapter 2423Hz	24	2.423	70.00	0.285
178.458	0.05	Adapter 2423Hz	24	2.423	70.00	0.285
178.538	0.05	Adapter 2423Hz	24	2.423	70.00	0.285
178.618	0.05	Adapter 2423Hz	24	2.423	70.00	0.285
178.698	0.05	Adapter 2423Hz	24	2.423	70.00	0.285
178.958	0.05	Adapter 2423Hz	24	2.423	70.00	0.285
179.038	0.05	Adapter 2423Hz	24	2.423	70.00	0.285
179.118	0.05	Adapter 2423Hz	24	2.423	70.00	0.285
179.198	0.05	Adapter 2423Hz	24	2.423	70.00	0.285
179.458	0.05	Adapter 2423Hz	24	2.423	70.00	0.285
179.538	0.05	Adapter 2423Hz	24	2.423	70.00	0.285
179.618	0.05	Adapter 2423Hz	24	2.423	70.00	0.285
179.698	0.05	Adapter 2423Hz	24	2.423	70.00	0.285
182.478	0.05	Adapter 1501Hz Probe 3839Hz	25	1.501	70.00	0.186
182.558	0.05	Adapter 1501Hz Probe 3839Hz	25	1.501	70.00	0.186
182.638	0.05	Adapter 1501Hz Probe 3839Hz	25	1.501	70.00	0.186
182.718	0.05	Adapter 1501Hz Probe 3839Hz	25	1.501	70.00	0.186
182.798	0.05	Adapter 1501Hz Probe 3839Hz	25	3.839	70.00	0.437
182.978	0.05	Adapter 1501Hz Probe 3839Hz	25	1.501	70.00	0.186
183.058	0.05	Adapter 1501Hz Probe 3839Hz	25	1.501	70.00	0.186
183.138	0.05	Adapter 1501Hz Probe 3839Hz	25	1.501	70.00	0.186
183.218	0.05	Adapter 1501Hz Probe 3839Hz	25	1.501	70.00	0.186
183.298	0.05	Adapter 1501Hz Probe 3839Hz	25	3.839	70.00	0.437
183.478	0.05	Adapter 1501Hz Probe 3839Hz	25	1.501	70.00	0.186
183.558	0.05	Adapter 1501Hz Probe 3839Hz	25	1.501	70.00	0.186
183.638	0.05	Adapter 1501Hz Probe 3839Hz	25	1.501	70.00	0.186
183.718	0.05	Adapter 1501Hz Probe 3839Hz	25	1.501	70.00	0.186
183.798	0.05	Adapter 1501Hz Probe 3839Hz	25	3.839	70.00	0.437
183.978	0.05	Adapter 1501Hz Probe 3839Hz	25	1.501	70.00	0.186
184.058	0.05	Adapter 1501Hz Probe 3839Hz	25	1.501	70.00	0.186
184.138	0.05	Adapter 1501Hz Probe 3839Hz	25	1.501	70.00	0.186
184.218	0.05	Adapter 1501Hz Probe 3839Hz	25	1.501	70.00	0.186
184.298	0.05	Adapter 1501Hz Probe 3839Hz	25	3.839	70.00	0.437
184.478	0.05	Adapter 1501Hz Probe 3839Hz	25	1.501	70.00	0.186
184.558	0.05	Adapter 1501Hz Probe 3839Hz	25	1.501	70.00	0.186
184.638	0.05	Adapter 1501Hz Probe 3839Hz	25	1.501	70.00	0.186
184.718	0.05	Adapter 1501Hz Probe 3839Hz	25	1.501	70.00	0.186
184.798	0.05	Adapter 1501Hz Probe 3839Hz	25	3.839	70.00	0.437
184.978	0.05	Adapter 1501Hz Probe 3839Hz	25	1.501	70.00	0.186
185.058	0.05	Adapter 1501Hz Probe 3839Hz	25	1.501	70.00	0.186
185.138	0.05	Adapter 1501Hz Probe 3839Hz	25	1.501	70.00	0.186
185.218	0.05	Adapter 1501Hz Probe 3839Hz	25	1.501	70.00	0.186
185.298	0.05	Adapter 1501Hz Probe 3839Hz	25	3.839	70.00	0.437
185.478	0.05	Adapter 1501Hz Probe 3839Hz	25	1.501	70.00	0.186
185.558	0.05	Adapter 1501Hz Probe 3839Hz	25	1.501	70.00	0.186
185.638	0.05	Adapter 1501Hz Probe 3839Hz	25	1.501	70.00	0.186
185.718	0.05	Adapter 1501Hz Probe 3839Hz	25	1.501	70.00	0.186
185.798	0.05	Adapter 1501Hz Probe 3839Hz	25	3.839	70.00	0.437
185.978	0.05	Adapter 1501Hz Probe 3839Hz	25	1.501	70.00	0.186
186.058	0.05	Adapter 1501Hz Probe 3839Hz	25	1.501	70.00	0.186
186.138	0.05	Adapter 1501Hz Probe 3839Hz	25	1.501	70.00	0.186
186.218	0.05	Adapter 1501Hz Probe 3839Hz	25	1.501	70.00	0.186
186.298	0.05	Adapter 1501Hz Probe 3839Hz	25	3.839	70.00	0.437
186.478	0.05	Adapter 1501Hz Probe 3839Hz	25	1.501	70.00	0.186
186.558	0.05	Adapter 1501Hz Probe 3839Hz	25	1.501	70.00	0.186
186.638	0.05	Adapter 1501Hz Probe 3839Hz	25	1.501	70.00	0.186
186.718	0.05	Adapter 1501Hz Probe 3839Hz	25	1.501	70.00	0.186
186.798	0.05	Adapter 1501Hz Probe 3839Hz	25	3.839	70.00	0.437
186.978	0.05	Adapter 1501Hz Probe 3839Hz	25	1.501	70.00	0.186
187.058	0.05	Adapter 1501Hz Probe 3839Hz	25	1.501	70.00	0.186
187.138	0.05	Adapter 1501Hz Probe 3839Hz	25	1.501	70.00	0.186
187.218	0.05	Adapter 1501Hz Probe 3839Hz	25	1.501	70.00	0.186
187.298	0.05	Adapter 1501Hz Probe 3839Hz	25	3.839	70.00	0.437
190.012	0.05	Adapter 1501Hz	26	1.501	70.00	0.186
190.092	0.05	Adapter 1501Hz	26	1.501	70.00	0.186
190.172	0.05	Adapter 1501Hz	26	1.501	70.00	0.186
190.252	0.05	Adapter 1501Hz	26	1.501	70.00	0.186
190.512	0.05	Adapter 1501Hz	26	1.501	70.00	0.186
190.592	0.05	Adapter 1501Hz	26	1.501	70.00	0.186
190.672	0.05	Adapter 1501Hz	26	1.501	70.00	0.186
190.752	0.05	Adapter 1501Hz	26	1.501	70.00	0.186
191.012	0.05	Adapter 1501Hz	26	1.501	70.00	0.186
191.092	0.05	Adapter 1501Hz	26	1.501	70.00	0.186
191.172	0.05	Adapter 1501Hz	26	1.501	70.00	0.186
191.252	0.05	Adapter 1501Hz	26	1.501	70.00	0.186
191.512	0.05	Adapter 1501Hz	26	1.501	70.00	0.186
191.592	0.05	Adapter 1501Hz	26	1.501	70.00	0.186
191.672	0.05	Adapter 1501Hz	26	1.501	70.00	0.186
191.752	0.05	Adapter 1501Hz	26	1.501	70.00	0.186
192.012	0.05	Adapter 1501Hz	26	1.501	70.00	0.186
192.092	0.05	Adapter 1501Hz	26	1.501	70.00	0.186
192.172	0.05	Adapter 1501Hz	26	1.501	70.00	0.186
192.252	0.05	Adapter 1501Hz	26	1.501	70.00	0.186
192.512	0.05	Adapter 1501Hz	26	1.501	70.00	0.186
192.592	0.05	Adapter 1501Hz	26	1.501	70.00	0.186
192.672	0.05	Adapter 1501Hz	26	1.501	70.00	0.186
192.752	0.05	Adapter 1501Hz	26	1.501	70.00	0.186
193.012	0.05	Adapter 1501Hz	26	1.501	70.00	0.186
193.092	0.05	Adapter 1501Hz	26	1.501	70.00	0.186
193.172	0.05	Adapter 1501Hz	26	1.501	70.00	0.186
193.252	0.05	Adapter 1501Hz	26	1.501	70.00	0.186
193.512	0.05	Adapter 1501Hz	26	1.501	70.00	0.186
193.592	0.05	Adapter 1501Hz	26	1.501	70.00	0.186
193.672	0.05	Adapter 1501Hz	26	1.501	70.00	0.186
193.752	0.05	Adapter 1501Hz	26	1.501	70.00	0.186
194.012	0.05	Adapter 1501Hz	26	1.501	70.00	0.186
194.092	0.05	Adapter 1501Hz	26	1.501	70.00	0.186
194.172	0.05	Adapter 1501Hz	26	1.501	70.00	0.186
194.252	0.05	Adapter 1501Hz	26	1.501	70.00	0.186
194.512	0.05	Adapter 1501Hz	26	1.501	70.00	0.186
194.592	0.05	Adapter 1501Hz	26	1.501	70.00	0.186
194.672	0.05	Adapter 1501Hz	26	1.501	70.00	0.186
194.752	0.05	Adapter 1501Hz	26	1.501	70.00	0.186
204.973	0.05	Adapter 507Hz Probe 3839Hz	28	0.507	70.00	0.079
205.053	0.05	Adapter 507Hz Probe 3839Hz	28	0.507	70.00	0.079
205.133	0.05	Adapter 507Hz Probe 3839Hz	28	0.507	70.00	0.079
205.213	0.05	Adapter 507Hz Probe 3839Hz	28	0.507	70.00	0.079
205.293	0.05	Adapter 507Hz Probe 3839Hz	28	3.839	70.00	0.437
205.473	0.05	Adapter 507Hz Probe 3839Hz	28	0.507	70.00	0.079
205.553	0.05	Adapter 507Hz Probe 3839Hz	28	0.507	70.00	0.079
205.633	0.05	Adapter 507Hz Probe 3839Hz	28	0.507	70.00	0.079
205.713	0.05	Adapter 507Hz Probe 3839Hz	28	0.507	70.00	0.079
205.793	0.05	Adapter 507Hz Probe 3839Hz	28	3.839	70.00	0.437
205.973	0.05	Adapter 507Hz Probe 3839Hz	28	0.507	70.00	0.079
206.053	0.05	Adapter 507Hz Probe 3839Hz	28	0.507	70.00	0.079
206.133	0.05	Adapter 507Hz Probe 3839Hz	28	0.507	70.00	0.079
206.213	0.05	Adapter 507Hz Probe 3839Hz	28	0.507	70.00	0.079
206.293	0.05	Adapter 507Hz Probe 3839Hz	28	3.839	70.00	0.437
206.473	0.05	Adapter 507Hz Probe 3839Hz	28	0.507	70.00	0.079
206.553	0.05	Adapter 507Hz Probe 3839Hz	28	0.507	70.00	0.079
206.633	0.05	Adapter 507Hz Probe 3839Hz	28	0.507	70.00	0.079
206.713	0.05	Adapter 507Hz Probe 3839Hz	28	0.507	70.00	0.079
206.793	0.05	Adapter 507Hz Probe 3839Hz	28	3.839	70.00	0.437
206.973	0.05	Adapter 507Hz Probe 3839Hz	28	0.507	70.00	0.079
207.053	0.05	Adapter 507Hz Probe 3839Hz	28	0.507	70.00	0.079
207.133	0.05	Adapter 507Hz Probe 3839Hz	28	0.507	70.00	0.079
207.213	0.05	Adapter 507Hz Probe 3839Hz	28	0.507	70.00	0.079
207.293	0.05	Adapter 507Hz Probe 3839Hz	28	3.839	70.00	0.437
207.473	0.05	Adapter 507Hz Probe 3839Hz	28	0.507	70.00	0.079
207.553	0.05	Adapter 507Hz Probe 3839Hz	28	0.507	70.00	0.079
207.633	0.05	Adapter 507Hz Probe 3839Hz	28	0.507	70.00	0.079
207.713	0.05	Adapter 507Hz Probe 3839Hz	28	0.507	70.00	0.079
207.793	0.05	Adapter 507Hz Probe 3839Hz	28	3.839	70.00	0.437
207.973	0.05	Adapter 507Hz Probe 3839Hz	28	0.507	70.00	0.079
208.053	0.05	Adapter 507Hz Probe 3839Hz	28	0.507	70.00	0.079
208.133	0.05	Adapter 507Hz Probe 3839Hz	28	0.507	70.00	0.079
208.213	0.05	Adapter 507Hz Probe 3839Hz	28	0.507	70.00	0.079
208.293	0.05	Adapter 507Hz Probe 3839Hz	28	3.839	70.00	0.437
208.473	0.05	Adapter 507Hz Probe 3839Hz	28	0.507	70.00	0.079
208.553	0.05	Adapter 507Hz Probe 3839Hz	28	0.507	70.00	0.079
208.633	0.05	Adapter 507Hz Probe 3839Hz	28	0.507	70.00	0.079
208.713	0.05	Adapter 507Hz Probe 3839Hz	28	0.507	70.00	0.079
208.793	0.05	Adapter 507Hz Probe 3839Hz	28	3.839	70.00	0.437
208.973	0.05	Adapter 507Hz Probe 3839Hz	28	0.507	70.00	0.079
209.053	0.05	Adapter 507Hz Probe 3839Hz	28	0.507	70.00	0.079
209.133	0.05	Adapter 507Hz Probe 3839Hz	28	0.507	70.00	0.079
209.213	0.05	Adapter 507Hz Probe 3839Hz	28	0.507	70.00	0.079
209.293	0.05	Adapter 507Hz Probe 3839Hz	28	3.839	70.00	0.437
209.473	0.05	Adapter 507Hz Probe 3839Hz	28	0.507	70.00	0.079
209.553	0.05	Adapter 507Hz Probe 3839Hz	28	0.507	70.00	0.079
209.633	0.05	Adapter 507Hz Probe 3839Hz	28	0.507	70.00	0.079
209.713	0.05	Adapter 507Hz Probe 3839Hz	28	0.507	70.00	0.079
209.793	0.05	Adapter 507Hz Probe 3839Hz	28	3.839	70.00	0.437
212.492	0.05	Adapter 2423Hz Probe 3839Hz	29	2.423	70.00	0.285
212.572	0.05	Adapter 2423Hz Probe 3839Hz	29	2.423	70.00	0.285
212.652	0.05	Adapter 2423Hz Probe 3839Hz	29	2.423	70.00	0.285
212.732	0.05	Adapter 2423Hz Probe 3839Hz	29	2.423	70.00	0.285
212.812	0.05	Adapter 2423Hz Probe 3839Hz	29	3.839	70.00	0.437
212.992	0.05	Adapter 2423Hz Probe 3839Hz	29	2.423	70.00	0.285
213.072	0.05	Adapter 2423Hz Probe 3839Hz	29	2.423	70.00	0.285
213.152	0.05	Adapter 2423Hz Probe 3839Hz	29	2.423	70.00	0.285
213.232	0.05	Adapter 2423Hz Probe 3839Hz	29	2.423	70.00	0.285
213.312	0.05	Adapter 2423Hz Probe 3839Hz	29	3.839	70.00	0.437
213.492	0.05	Adapter 2423Hz Probe 3839Hz	29	2.423	70.00	0.285
213.572	0.05	Adapter 2423Hz Probe 3839Hz	29	2.423	70.00	0.285
213.652	0.05	Adapter 2423Hz Probe 3839Hz	29	2.423	70.00	0.285
213.732	0.05	Adapter 2423Hz Probe 3839Hz	29	2.423	70.00	0.285
213.812	0.05	Adapter 2423Hz Probe 3839Hz	29	3.839	70.00	0.437
213.992	0.05	Adapter 2423Hz Probe 3839Hz	29	2.423	70.00	0.285
214.072	0.05	Adapter 2423Hz Probe 3839Hz	29	2.423	70.00	0.285
214.152	0.05	Adapter 2423Hz Probe 3839Hz	29	2.423	70.00	0.285
214.232	0.05	Adapter 2423Hz Probe 3839Hz	29	2.423	70.00	0.285
214.312	0.05	Adapter 2423Hz Probe 3839Hz	29	3.839	70.00	0.437
214.492	0.05	Adapter 2423Hz Probe 3839Hz	29	2.423	70.00	0.285
214.572	0.05	Adapter 2423Hz Probe 3839Hz	29	2.423	70.00	0.285
214.652	0.05	Adapter 2423Hz Probe 3839Hz	29	2.423	70.00	0.285
214.732	0.05	Adapter 2423Hz Probe 3839Hz	29	2.423	70.00	0.285
214.812	0.05	Adapter 2423Hz Probe 3839Hz	29	3.839	70.00	0.437
214.992	0.05	Adapter 2423Hz Probe 3839Hz	29	2.423	70.00	0.285
215.072	0.05	Adapter 2423Hz Probe 3839Hz	29	2.423	70.00	0.285
215.152	0.05	Adapter 2423Hz Probe 3839Hz	29	2.423	70.00	0.285
215.232	0.05	Adapter 2423Hz Probe 3839Hz	29	2.423	70.00	0.285
215.312	0.05	Adapter 2423Hz Probe 3839Hz	29	3.839	70.00	0.437
215.492	0.05	Adapter 2423Hz Probe 3839Hz	29	2.423	70.00	0.285
215.572	0.05	Adapter 2423Hz Probe 3839Hz	29	2.423	70.00	0.285
215.652	0.05	Adapter 2423Hz Probe 3839Hz	29	2.423	70.00	0.285
215.732	0.05	Adapter 2423Hz Probe 3839Hz	29	2.423	70.00	0.285
215.812	0.05	Adapter 2423Hz Probe 3839Hz	29	3.839	70.00	0.437
215.992	0.05	Adapter 2423Hz Probe 3839Hz	29	2.423	70.00	0.285
216.072	0.05	Adapter 2423Hz Probe 3839Hz	29	2.423	70.00	0.285
216.152	0.05	Adapter 2423Hz Probe 3839Hz	29	2.423	70.00	0.285
216.232	0.05	Adapter 2423Hz Probe 3839Hz	29	2.423	70.00	0.285
216.312	0.05	Adapter 2423Hz Probe 3839Hz	29	3.839	70.00	0.437
216.492	0.05	Adapter 2423Hz Probe 3839Hz	29	2.423	70.00	0.285
216.572	0.05	Adapter 2423Hz Probe 3839Hz	29	2.423	70.00	0.285
216.652	0.05	Adapter 2423Hz Probe 3839Hz	29	2.423	70.00	0.285
216.732	0.05	Adapter 2423Hz Probe 3839Hz	29	2.423	70.00	0.285
216.812	0.05	Adapter 2423Hz Probe 3839Hz	29	3.839	70.00	0.437
216.992	0.05	Adapter 2423Hz Probe 3839Hz	29	2.423	70.00	0.285
217.072	0.05	Adapter 2423Hz Probe 3839Hz	29	2.423	70.00	0.285
217.152	0.05	Adapter 2423Hz Probe 3839Hz	29	2.423	70.00	0.285
217.232	0.05	Adapter 2423Hz Probe 3839Hz	29	2.423	70.00	0.285
217.312	0.05	Adapter 2423Hz Probe 3839Hz	29	3.839	70.00	0.437
219.98	0.05	Adapter 507Hz	30	0.507	70.00	0.079
220.06	0.05	Adapter 507Hz	30	0.507	70.00	0.079
220.14	0.05	Adapter 507Hz	30	0.507	70.00	0.079
220.22	0.05	Adapter 507Hz	30	0.507	70.00	0.079
220.48	0.05	Adapter 507Hz	30	0.507	70.00	0.079
220.56	0.05	Adapter 507Hz	30	0.507	70.00	0.079
220.64	0.05	Adapter 507Hz	30	0.507	70.00	0.079
220.72	0.05	Adapter 507Hz	30	0.507	70.00	0.079
220.98	0.05	Adapter 507Hz	30	0.507	70.00	0.079
221.06	0.05	Adapter 507Hz	30	0.507	70.00	0.079
221.14	0.05	Adapter 507Hz	30	0.507	70.00	0.079
221.22	0.05	Adapter 507Hz	30	0.507	70.00	0.079
221.48	0.05	Adapter 507Hz	30	0.507	70.00	0.079
221.56	0.05	Adapter 507Hz	30	0.507	70.00	0.079
221.64	0.05	Adapter 507Hz	30	0.507	70.00	0.079
221.72	0.05	Adapter 507Hz	30	0.507	70.00	0.079
221.98	0.05	Adapter 507Hz	30	0.507	70.00	0.079
222.06	0.05	Adapter 507Hz	30	0.507	70.00	0.079
222.14	0.05	Adapter 507Hz	30	0.507	70.00	0.079
222.22	0.05	Adapter 507Hz	30	0.507	70.00	0.079
222.48	0.05	Adapter 507Hz	30	0.507	70.00	0.079
222.56	0.05	Adapter 507Hz	30	0.507	70.00	0.079
222.64	0.05	Adapter 507Hz	30	0.507	70.00	0.079
222.72	0.05	Adapter 507Hz	30	0.507	70.00	0.079
222.98	0.05	Adapter 507Hz	30	0.507	70.00	0.079
223.06	0.05	Adapter 507Hz	30	0.507	70.00	0.079
223.14	0.05	Adapter 507Hz	30	0.507	70.00	0.079
223.22	0.05	Adapter 507Hz	30	0.507	70.00	0.079
223.48	0.05	Adapter 507Hz	30	0.507	70.00	0.079
223.56	0.05	Adapter 507Hz	30	0.507	70.00	0.079
223.64	0.05	Adapter 507Hz	30	0.507	70.00	0.079
223.72	0.05	Adapter 507Hz	30	0.507	70.00	0.079
223.98	0.05	Adapter 507Hz	30	0.507	70.00	0.079
224.06	0.05	Adapter 507Hz	30	0.507	70.00	0.079
224.14	0.05	Adapter 507Hz	30	0.507	70.00	0.079
224.22	0.05	Adapter 507Hz	30	0.507	70.00	0.079
224.48	0.05	Adapter 507Hz	30	0.507	70.00	0.079
224.56	0.05	Adapter 507Hz	30	0.507	70.00	0.079
224.64	0.05	Adapter 507Hz	30	0.507	70.00	0.079
224.72	0.05	Adapter 507Hz	30	0.507	70.00	0.079
227.499	0.05	Adapter 899Hz	31	0.899	70.00	0.121
227.579	0.05	Adapter 899Hz	31	0.899	70.00	0.121
227.659	0.05	Adapter 899Hz	31	0.899	70.00	0.121
227.739	0.05	Adapter 899Hz	31	0.899	70.00	0.121
227.999	0.05	Adapter 899Hz	31	0.899	70.00	0.121
228.079	0.05	Adapter 899Hz	31	0.899	70.00	0.121
228.159	0.05	Adapter 899Hz	31	0.899	70.00	0.121
228.239	0.05	Adapter 899Hz	31	0.899	70.00	0.121
228.499	0.05	Adapter 899Hz	31	0.899	70.00	0.121
228.579	0.05	Adapter 899Hz	31	0.899	70.00	0.121
228.659	0.05	Adapter 899Hz	31	0.899	70.00	0.121
228.739	0.05	Adapter 899Hz	31	0.899	70.00	0.121
228.999	0.05	Adapter 899Hz	31	0.899	70.00	0.121
229.079	0.05	Adapter 899Hz	31	0.899	70.00	0.121
229.159	0.05	Adapter 899Hz	31	0.899	70.00	0.121
229.239	0.05	Adapter 899Hz	31	0.899	70.00	0.121
229.499	0.05	Adapter 899Hz	31	0.899	70.00	0.121
229.579	0.05	Adapter 899Hz	31	0.899	70.00	0.121
229.659	0.05	Adapter 899Hz	31	0.899	70.00	0.121
229.739	0.05	Adapter 899Hz	31	0.899	70.00	0.121
229.999	0.05	Adapter 899Hz	31	0.899	70.00	0.121
230.079	0.05	Adapter 899Hz	31	0.899	70.00	0.121
230.159	0.05	Adapter 899Hz	31	0.899	70.00	0.121
230.239	0.05	Adapter 899Hz	31	0.899	70.00	0.121
230.499	0.05	Adapter 899Hz	31	0.899	70.00	0.121
230.579	0.05	Adapter 899Hz	31	0.899	70.00	0.121
230.659	0.05	Adapter 899Hz	31	0.899	70.00	0.121
230.739	0.05	Adapter 899Hz	31	0.899	70.00	0.121
230.999	0.05	Adapter 899Hz	31	0.899	70.00	0.121
231.079	0.05	Adapter 899Hz	31	0.899	70.00	0.121
231.159	0.05	Adapter 899Hz	31	0.899	70.00	0.121
231.239	0.05	Adapter 899Hz	31	0.899	70.00	0.121
231.499	0.05	Adapter 899Hz	31	0.899	70.00	0.121
231.579	0.05	Adapter 899Hz	31	0.899	70.00	0.121
231.659	0.05	Adapter 899Hz	31	0.899	70.00	0.121
231.739	0.05	Adapter 899Hz	31	0.899	70.00	0.121
231.999	0.05	Adapter 899Hz	31	0.899	70.00	0.121
232.079	0.05	Adapter 899Hz	31	0.899	70.00	0.121
232.159	0.05	Adapter 899Hz	31	0.899	70.00	0.121
232.239	0.05	Adapter 899Hz	31	0.899	70.00	0.121
234.987	0.05	Adapter 251Hz	32	0.251	70.00	0.052
235.067	0.05	Adapter 251Hz	32	0.251	70.00	0.052
235.147	0.05	Adapter 251Hz	32	0.251	70.00	0.052
235.227	0.05	Adapter 251Hz	32	0.251	70.00	0.052
235.487	0.05	Adapter 251Hz	32	0.251	70.00	0.052
235.567	0.05	Adapter 251Hz	32	0.251	70.00	0.052
235.647	0.05	Adapter 251Hz	32	0.251	70.00	0.052
235.727	0.05	Adapter 251Hz	32	0.251	70.00	0.052
235.987	0.05	Adapter 251Hz	32	0.251	70.00	0.052
236.067	0.05	Adapter 251Hz	32	0.251	70.00	0.052
236.147	0.05	Adapter 251Hz	32	0.251	70.00	0.052
236.227	0.05	Adapter 251Hz	32	0.251	70.00	0.052
236.487	0.05	Adapter 251Hz	32	0.251	70.00	0.052
236.567	0.05	Adapter 251Hz	32	0.251	70.00	0.052
236.647	0.05	Adapter 251Hz	32	0.251	70.00	0.052
236.727	0.05	Adapter 251Hz	32	0.251	70.00	0.052
236.987	0.05	Adapter 251Hz	32	0.251	70.00	0.052
237.067	0.05	Adapter 251Hz	32	0.251	70.00	0.052
237.147	0.05	Adapter 251Hz	32	0.251	70.00	0.052
237.227	0.05	Adapter 251Hz	32	0.251	70.00	0.052
237.487	0.05	Adapter 251Hz	32	0.251	70.00	0.052
237.567	0.05	Adapter 251Hz	32	0.251	70.00	0.052
237.647	0.05	Adapter 251Hz	32	0.251	70.00	0.052
237.727	0.05	Adapter 251Hz	32	0.251	70.00	0.052
237.987	0.05	Adapter 251Hz	32	0.251	70.00	0.052
238.067	0.05	Adapter 251Hz	32	0.251	70.00	0.052
238.147	0.05	Adapter 251Hz	32	0.251	70.00	0.052
238.227	0.05	Adapter 251Hz	32	0.251	70.00	0.052
238.487	0.05	Adapter 251Hz	32	0.251	70.00	0.052
238.567	0.05	Adapter 251Hz	32	0.251	70.00	0.052
238.647	0.05	Adapter 251Hz	32	0.251	70.00	0.052
238.727	0.05	Adapter 251Hz	32	0.251	70.00	0.052
238.987	0.05	Adapter 251Hz	32	0.251	70.00	0.052
239.067	0.05	Adapter 251Hz	32	0.251	70.00	0.052
239.147	0.05	Adapter 251Hz	32	0.251	70.00	0.052
239.227	0.05	Adapter 251Hz	32	0.251	70.00	0.052
239.487	0.05	Adapter 251Hz	32	0.251	70.00	0.052
239.567	0.05	Adapter 251Hz	32	0.251	70.00	0.052
239.647	0.05	Adapter 251Hz	32	0.251	70.00	0.052
239.727	0.05	Adapter 251Hz	32	0.251	70.00	0.052
249.979	0.05	Adapter 1501Hz	34	1.501	70.00	0.186
250.059	0.05	Adapter 1501Hz	34	1.501	70.00	0.186
250.139	0.05	Adapter 1501Hz	34	1.501	70.00	0.186
250.219	0.05	Adapter 1501Hz	34	1.501	70.00	0.186
250.479	0.05	Adapter 1501Hz	34	1.501	70.00	0.186
250.559	0.05	Adapter 1501Hz	34	1.501	70.00	0.186
250.639	0.05	Adapter 1501Hz	34	1.501	70.00	0.186
250.719	0.05	Adapter 1501Hz	34	1.501	70.00	0.186
250.979	0.05	Adapter 1501Hz	34	1.501	70.00	0.186
251.059	0.05	Adapter 1501Hz	34	1.501	70.00	0.186
251.139	0.05	Adapter 1501Hz	34	1.501	70.00	0.186
251.219	0.05	Adapter 1501Hz	34	1.501	70.00	0.186
251.479	0.05	Adapter 1501Hz	34	1.501	70.00	0.186
251.559	0.05	Adapter 1501Hz	34	1.501	70.00	0.186
251.639	0.05	Adapter 1501Hz	34	1.501	70.00	0.186
251.719	0.05	Adapter 1501Hz	34	1.501	70.00	0.186
251.979	0.05	Adapter 1501Hz	34	1.501	70.00	0.186
252.059	0.05	Adapter 1501Hz	34	1.501	70.00	0.186
252.139	0.05	Adapter 1501Hz	34	1.501	70.00	0.186
252.219	0.05	Adapter 1501Hz	34	1.501	70.00	0.186
252.479	0.05	Adapter 1501Hz	34	1.501	70.00	0.186
252.559	0.05	Adapter 1501Hz	34	1.501	70.00	0.186
252.639	0.05	Adapter 1501Hz	34	1.501	70.00	0.186
252.719	0.05	Adapter 1501Hz	34	1.501	70.00	0.186
252.979	0.05	Adapter 1501Hz	34	1.501	70.00	0.186
253.059	0.05	Adapter 1501Hz	34	1.501	70.00	0.186
253.139	0.05	Adapter 1501Hz	34	1.501	70.00	0.186
253.219	0.05	Adapter 1501Hz	34	1.501	70.00	0.186
253.479	0.05	Adapter 1501Hz	34	1.501	70.00	0.186
253.559	0.05	Adapter 1501Hz	34	1.501	70.00	0.186
253.639	0.05	Adapter 1501Hz	34	1.501	70.00	0.186
253.719	0.05	Adapter 1501Hz	34	1.501	70.00	0.186
253.979	0.05	Adapter 1501Hz	34	1.501	70.00	0.186
254.059	0.05	Adapter 1501Hz	34	1.501	70.00	0.186
254.139	0.05	Adapter 1501Hz	34	1.501	70.00	0.186
254.219	0.05	Adapter 1501Hz	34	1.501	70.00	0.186
254.479	0.05	Adapter 1501Hz	34	1.501	70.00	0.186
254.559	0.05	Adapter 1501Hz	34	1.501	70.00	0.186
254.639	0.05	Adapter 1501Hz	34	1.501	70.00	0.186
254.719	0.05	Adapter 1501Hz	34	1.501	70.00	0.186
257.482	0.05	Adapter 507Hz Probe 3839Hz	35	0.507	70.00	0.079
257.562	0.05	Adapter 507Hz Probe 3839Hz	35	0.507	70.00	0.079
257.642	0.05	Adapter 507Hz Probe 3839Hz	35	0.507	70.00	0.079
257.722	0.05	Adapter 507Hz Probe 3839Hz	35	0.507	70.00	0.079
257.802	0.05	Adapter 507Hz Probe 3839Hz	35	3.839	70.00	0.437
257.982	0.05	Adapter 507Hz Probe 3839Hz	35	0.507	70.00	0.079
258.062	0.05	Adapter 507Hz Probe 3839Hz	35	0.507	70.00	0.079
258.142	0.05	Adapter 507Hz Probe 3839Hz	35	0.507	70.00	0.079
258.222	0.05	Adapter 507Hz Probe 3839Hz	35	0.507	70.00	0.079
258.302	0.05	Adapter 507Hz Probe 3839Hz	35	3.839	70.00	0.437
258.482	0.05	Adapter 507Hz Probe 3839Hz	35	0.507	70.00	0.079
258.562	0.05	Adapter 507Hz Probe 3839Hz	35	0.507	70.00	0.079
258.642	0.05	Adapter 507Hz Probe 3839Hz	35	0.507	70.00	0.079
258.722	0.05	Adapter 507Hz Probe 3839Hz	35	0.507	70.00	0.079
258.802	0.05	Adapter 507Hz Probe 3839Hz	35	3.839	70.00	0.437
258.982	0.05	Adapter 507Hz Probe 3839Hz	35	0.507	70.00	0.079
259.062	0.05	Adapter 507Hz Probe 3839Hz	35	0.507	70.00	0.079
259.142	0.05	Adapter 507Hz Probe 3839Hz	35	0.507	70.00	0.079
259.222	0.05	Adapter 507Hz Probe 3839Hz	35	0.507	70.00	0.079
259.302	0.05	Adapter 507Hz Probe 3839Hz	35	3.839	70.00	0.437
259.482	0.05	Adapter 507Hz Probe 3839Hz	35	0.507	70.00	0.079
259.562	0.05	Adapter 507Hz Probe 3839Hz	35	0.507	70.00	0.079
259.642	0.05	Adapter 507Hz Probe 3839Hz	35	0.507	70.00	0.079
259.722	0.05	Adapter 507Hz Probe 3839Hz	35	0.507	70.00	0.079
259.802	0.05	Adapter 507Hz Probe 3839Hz	35	3.839	70.00	0.437
259.982	0.05	Adapter 507Hz Probe 3839Hz	35	0.507	70.00	0.079
260.062	0.05	Adapter 507Hz Probe 3839Hz	35	0.507	70.00	0.079
260.142	0.05	Adapter 507Hz Probe 3839Hz	35	0.507	70.00	0.079
260.222	0.05	Adapter 507Hz Probe 3839Hz	35	0.507	70.00	0.079
260.302	0.05	Adapter 507Hz Probe 3839Hz	35	3.839	70.00	0.437
260.482	0.05	Adapter 507Hz Probe 3839Hz	35	0.507	70.00	0.079
260.562	0.05	Adapter 507Hz Probe 3839Hz	35	0.507	70.00	0.079
260.642	0.05	Adapter 507Hz Probe 3839Hz	35	0.507	70.00	0.079
260.722	0.05	Adapter 507Hz Probe 3839Hz	35	0.507	70.00	0.079
260.802	0.05	Adapter 507Hz Probe 3839Hz	35	3.839	70.00	0.437
260.982	0.05	Adapter 507Hz Probe 3839Hz	35	0.507	70.00	0.079
261.062	0.05	Adapter 507Hz Probe 3839Hz	35	0.507	70.00	0.079
261.142	0.05	Adapter 507Hz Probe 3839Hz	35	0.507	70.00	0.079
261.222	0.05	Adapter 507Hz Probe 3839Hz	35	0.507	70.00	0.079
261.302	0.05	Adapter 507Hz Probe 3839Hz	35	3.839	70.00	0.437
261.482	0.05	Adapter 507Hz Probe 3839Hz	35	0.507	70.00	0.079
261.562	0.05	Adapter 507Hz Probe 3839Hz	35	0.507	70.00	0.079
261.642	0.05	Adapter 507Hz Probe 3839Hz	35	0.507	70.00	0.079
261.722	0.05	Adapter 507Hz Probe 3839Hz	35	0.507	70.00	0.079
261.802	0.05	Adapter 507Hz Probe 3839Hz	35	3.839	70.00	0.437
261.982	0.05	Adapter 507Hz Probe 3839Hz	35	0.507	70.00	0.079
262.062	0.05	Adapter 507Hz Probe 3839Hz	35	0.507	70.00	0.079
262.142	0.05	Adapter 507Hz Probe 3839Hz	35	0.507	70.00	0.079
262.222	0.05	Adapter 507Hz Probe 3839Hz	35	0.507	70.00	0.079
262.302	0.05	Adapter 507Hz Probe 3839Hz	35	3.839	70.00	0.437
264.986	0.05	Adapter 6009Hz	36	6.009	70.00	0.671
265.066	0.05	Adapter 6009Hz	36	6.009	70.00	0.671
265.146	0.05	Adapter 6009Hz	36	6.009	70.00	0.671
265.226	0.05	Adapter 6009Hz	36	6.009	70.00	0.671
265.486	0.05	Adapter 6009Hz	36	6.009	70.00	0.671
265.566	0.05	Adapter 6009Hz	36	6.009	70.00	0.671
265.646	0.05	Adapter 6009Hz	36	6.009	70.00	0.671
265.726	0.05	Adapter 6009Hz	36	6.009	70.00	0.671
265.986	0.05	Adapter 6009Hz	36	6.009	70.00	0.671
266.066	0.05	Adapter 6009Hz	36	6.009	70.00	0.671
266.146	0.05	Adapter 6009Hz	36	6.009	70.00	0.671
266.226	0.05	Adapter 6009Hz	36	6.009	70.00	0.671
266.486	0.05	Adapter 6009Hz	36	6.009	70.00	0.671
266.566	0.05	Adapter 6009Hz	36	6.009	70.00	0.671
266.646	0.05	Adapter 6009Hz	36	6.009	70.00	0.671
266.726	0.05	Adapter 6009Hz	36	6.009	70.00	0.671
266.986	0.05	Adapter 6009Hz	36	6.009	70.00	0.671
267.066	0.05	Adapter 6009Hz	36	6.009	70.00	0.671
267.146	0.05	Adapter 6009Hz	36	6.009	70.00	0.671
267.226	0.05	Adapter 6009Hz	36	6.009	70.00	0.671
267.486	0.05	Adapter 6009Hz	36	6.009	70.00	0.671
267.566	0.05	Adapter 6009Hz	36	6.009	70.00	0.671
267.646	0.05	Adapter 6009Hz	36	6.009	70.00	0.671
267.726	0.05	Adapter 6009Hz	36	6.009	70.00	0.671
267.986	0.05	Adapter 6009Hz	36	6.009	70.00	0.671
268.066	0.05	Adapter 6009Hz	36	6.009	70.00	0.671
268.146	0.05	Adapter 6009Hz	36	6.009	70.00	0.671
268.226	0.05	Adapter 6009Hz	36	6.009	70.00	0.671
268.486	0.05	Adapter 6009Hz	36	6.009	70.00	0.671
268.566	0.05	Adapter 6009Hz	36	6.009	70.00	0.671
268.646	0.05	Adapter 6009Hz	36	6.009	70.00	0.671
268.726	0.05	Adapter 6009Hz	36	6.009	70.00	0.671
268.986	0.05	Adapter 6009Hz	36	6.009	70.00	0.671
269.066	0.05	Adapter 6009Hz	36	6.009	70.00	0.671
269.146	0.05	Adapter 6009Hz	36	6.009	70.00	0.671
269.226	0.05	Adapter 6009Hz	36	6.009	70.00	0.671
269.486	0.05	Adapter 6009Hz	36	6.009	70.00	0.671
269.566	0.05	Adapter 6009Hz	36	6.009	70.00	0.671
269.646	0.05	Adapter 6009Hz	36	6.009	70.00	0.671
269.726	0.05	Adapter 6009Hz	36	6.009	70.00	0.671
272.49	0.05	Adapter 899Hz	37	0.899	70.00	0.121
272.57	0.05	Adapter 899Hz	37	0.899	70.00	0.121
272.65	0.05	Adapter 899Hz	37	0.899	70.00	0.121
272.73	0.05	Adapter 899Hz	37	0.899	70.00	0.121
272.99	0.05	Adapter 899Hz	37	0.899	70.00	0.121
273.07	0.05	Adapter 899Hz	37	0.899	70.00	0.121
273.15	0.05	Adapter 899Hz	37	0.899	70.00	0.121
273.23	0.05	Adapter 899Hz	37	0.899	70.00	0.121
273.49	0.05	Adapter 899Hz	37	0.899	70.00	0.121
273.57	0.05	Adapter 899Hz	37	0.899	70.00	0.121
273.65	0.05	Adapter 899Hz	37	0.899	70.00	0.121
273.73	0.05	Adapter 899Hz	37	0.899	70.00	0.121
273.99	0.05	Adapter 899Hz	37	0.899	70.00	0.121
274.07	0.05	Adapter 899Hz	37	0.899	70.00	0.121
274.15	0.05	Adapter 899Hz	37	0.899	70.00	0.121
274.23	0.05	Adapter 899Hz	37	0.899	70.00	0.121
274.49	0.05	Adapter 899Hz	37	0.899	70.00	0.121
274.57	0.05	Adapter 899Hz	37	0.899	70.00	0.121
274.65	0.05	Adapter 899Hz	37	0.899	70.00	0.121
274.73	0.05	Adapter 899Hz	37	0.899	70.00	0.121
274.99	0.05	Adapter 899Hz	37	0.899	70.00	0.121
275.07	0.05	Adapter 899Hz	37	0.899	70.00	0.121
275.15	0.05	Adapter 899Hz	37	0.899	70.00	0.121
275.23	0.05	Adapter 899Hz	37	0.899	70.00	0.121
275.49	0.05	Adapter 899Hz	37	0.899	70.00	0.121
275.57	0.05	Adapter 899Hz	37	0.899	70.00	0.121
275.65	0.05	Adapter 899Hz	37	0.899	70.00	0.121
275.73	0.05	Adapter 899Hz	37	0.899	70.00	0.121
275.99	0.05	Adapter 899Hz	37	0.899	70.00	0.121
276.07	0.05	Adapter 899Hz	37	0.899	70.00	0.121
276.15	0.05	Adapter 899Hz	37	0.899	70.00	0.121
276.23	0.05	Adapter 899Hz	37	0.899	70.00	0.121
276.49	0.05	Adapter 899Hz	37	0.899	70.00	0.121
276.57	0.05	Adapter 899Hz	37	0.899	70.00	0.121
276.65	0.05	Adapter 899Hz	37	0.899	70.00	0.121
276.73	0.05	Adapter 899Hz	37	0.899	70.00	0.121
276.99	0.05	Adapter 899Hz	37	0.899	70.00	0.121
277.07	0.05	Adapter 899Hz	37	0.899	70.00	0.121
277.15	0.05	Adapter 899Hz	37	0.899	70.00	0.121
277.23	0.05	Adapter 899Hz	37	0.899	70.00	0.121
279.978	0.05	Adapter 3839Hz	38	3.839	70.00	0.437
280.058	0.05	Adapter 3839Hz	38	3.839	70.00	0.437
280.138	0.05	Adapter 3839Hz	38	3.839	70.00	0.437
280.218	0.05	Adapter 3839Hz	38	3.839	70.00	0.437
280.478	0.05	Adapter 3839Hz	38	3.839	70.00	0.437
280.558	0.05	Adapter 3839Hz	38	3.839	70.00	0.437
280.638	0.05	Adapter 3839Hz	38	3.839	70.00	0.437
280.718	0.05	Adapter 3839Hz	38	3.839	70.00	0.437
280.978	0.05	Adapter 3839Hz	38	3.839	70.00	0.437
281.058	0.05	Adapter 3839Hz	38	3.839	70.00	0.437
281.138	0.05	Adapter 3839Hz	38	3.839	70.00	0.437
281.218	0.05	Adapter 3839Hz	38	3.839	70.00	0.437
281.478	0.05	Adapter 3839Hz	38	3.839	70.00	0.437
281.558	0.05	Adapter 3839Hz	38	3.839	70.00	0.437
281.638	0.05	Adapter 3839Hz	38	3.839	70.00	0.437
281.718	0.05	Adapter 3839Hz	38	3.839	70.00	0.437
281.978	0.05	Adapter 3839Hz	38	3.839	70.00	0.437
282.058	0.05	Adapter 3839Hz	38	3.839	70.00	0.437
282.138	0.05	Adapter 3839Hz	38	3.839	70.00	0.437
282.218	0.05	Adapter 3839Hz	38	3.839	70.00	0.437
282.478	0.05	Adapter 3839Hz	38	3.839	70.00	0.437
282.558	0.05	Adapter 3839Hz	38	3.839	70.00	0.437
282.638	0.05	Adapter 3839Hz	38	3.839	70.00	0.437
282.718	0.05	Adapter 3839Hz	38	3.839	70.00	0.437
282.978	0.05	Adapter 3839Hz	38	3.839	70.00	0.437
283.058	0.05	Adapter 3839Hz	38	3.839	70.00	0.437
283.138	0.05	Adapter 3839Hz	38	3.839	70.00	0.437
283.218	0.05	Adapter 3839Hz	38	3.839	70.00	0.437
283.478	0.05	Adapter 3839Hz	38	3.839	70.00	0.437
283.558	0.05	Adapter 3839Hz	38	3.839	70.00	0.437
283.638	0.05	Adapter 3839Hz	38	3.839	70.00	0.437
283.718	0.05	Adapter 3839Hz	38	3.839	70.00	0.437
283.978	0.05	Adapter 3839Hz	38	3.839	70.00	0.437
284.058	0.05	Adapter 3839Hz	38	3.839	70.00	0.437
284.138	0.05	Adapter 3839Hz	38	3.839	70.00	0.437
284.218	0.05	Adapter 3839Hz	38	3.839	70.00	0.437
284.478	0.05	Adapter 3839Hz	38	3.839	70.00	0.437
284.558	0.05	Adapter 3839Hz	38	3.839	70.00	0.437
284.638	0.05	Adapter 3839Hz	38	3.839	70.00	0.437
284.718	0.05	Adapter 3839Hz	38	3.839	70.00	0.437
287.513	0.05	Adapter 1501Hz Probe 3839Hz	39	1.501	70.00	0.186
287.593	0.05	Adapter 1501Hz Probe 3839Hz	39	1.501	70.00	0.186
287.673	0.05	Adapter 1501Hz Probe 3839Hz	39	1.501	70.00	0.186
287.753	0.05	Adapter 1501Hz Probe 3839Hz	39	1.501	70.00	0.186
287.833	0.05	Adapter 1501Hz Probe 3839Hz	39	3.839	70.00	0.437
288.013	0.05	Adapter 1501Hz Probe 3839Hz	39	1.501	70.00	0.186
288.093	0.05	Adapter 1501Hz Probe 3839Hz	39	1.501	70.00	0.186
288.173	0.05	Adapter 1501Hz Probe 3839Hz	39	1.501	70.00	0.186
288.253	0.05	Adapter 1501Hz Probe 3839Hz	39	1.501	70.00	0.186
288.333	0.05	Adapter 1501Hz Probe 3839Hz	39	3.839	70.00	0.437
288.513	0.05	Adapter 1501Hz Probe 3839Hz	39	1.501	70.00	0.186
288.593	0.05	Adapter 1501Hz Probe 3839Hz	39	1.501	70.00	0.186
288.673	0.05	Adapter 1501Hz Probe 3839Hz	39	1.501	70.00	0.186
288.753	0.05	Adapter 1501Hz Probe 3839Hz	39	1.501	70.00	0.186
288.833	0.05	Adapter 1501Hz Probe 3839Hz	39	3.839	70.00	0.437
289.013	0.05	Adapter 1501Hz Probe 3839Hz	39	1.501	70.00	0.186
289.093	0.05	Adapter 1501Hz Probe 3839Hz	39	1.501	70.00	0.186
289.173	0.05	Adapter 1501Hz Probe 3839Hz	39	1.501	70.00	0.186
289.253	0.05	Adapter 1501Hz Probe 3839Hz	39	1.501	70.00	0.186
289.333	0.05	Adapter 1501Hz Probe 3839Hz	39	3.839	70.00	0.437
289.513	0.05	Adapter 1501Hz Probe 3839Hz	39	1.501	70.00	0.186
289.593	0.05	Adapter 1501Hz Probe 3839Hz	39	1.501	70.00	0.186
289.673	0.05	Adapter 1501Hz Probe 3839Hz	39	1.501	70.00	0.186
289.753	0.05	Adapter 1501Hz Probe 3839Hz	39	1.501	70.00	0.186
289.833	0.05	Adapter 1501Hz Probe 3839Hz	39	3.839	70.00	0.437
290.013	0.05	Adapter 1501Hz Probe 3839Hz	39	1.501	70.00	0.186
290.093	0.05	Adapter 1501Hz Probe 3839Hz	39	1.501	70.00	0.186
290.173	0.05	Adapter 1501Hz Probe 3839Hz	39	1.501	70.00	0.186
290.253	0.05	Adapter 1501Hz Probe 3839Hz	39	1.501	70.00	0.186
290.333	0.05	Adapter 1501Hz Probe 3839Hz	39	3.839	70.00	0.437
290.513	0.05	Adapter 1501Hz Probe 3839Hz	39	1.501	70.00	0.186
290.593	0.05	Adapter 1501Hz Probe 3839Hz	39	1.501	70.00	0.186
290.673	0.05	Adapter 1501Hz Probe 3839Hz	39	1.501	70.00	0.186
290.753	0.05	Adapter 1501Hz Probe 3839Hz	39	1.501	70.00	0.186
290.833	0.05	Adapter 1501Hz Probe 3839Hz	39	3.839	70.00	0.437
291.013	0.05	Adapter 1501Hz Probe 3839Hz	39	1.501	70.00	0.186
291.093	0.05	Adapter 1501Hz Probe 3839Hz	39	1.501	70.00	0.186
291.173	0.05	Adapter 1501Hz Probe 3839Hz	39	1.501	70.00	0.186
291.253	0.05	Adapter 1501Hz Probe 3839Hz	39	1.501	70.00	0.186
291.333	0.05	Adapter 1501Hz Probe 3839Hz	39	3.839	70.00	0.437
291.513	0.05	Adapter 1501Hz Probe 3839Hz	39	1.501	70.00	0.186
291.593	0.05	Adapter 1501Hz Probe 3839Hz	39	1.501	70.00	0.186
291.673	0.05	Adapter 1501Hz Probe 3839Hz	39	1.501	70.00	0.186
291.753	0.05	Adapter 1501Hz Probe 3839Hz	39	1.501	70.00	0.186
291.833	0.05	Adapter 1501Hz Probe 3839Hz	39	3.839	70.00	0.437
292.013	0.05	Adapter 1501Hz Probe 3839Hz	39	1.501	70.00	0.186
292.093	0.05	Adapter 1501Hz Probe 3839Hz	39	1.501	70.00	0.186
292.173	0.05	Adapter 1501Hz Probe 3839Hz	39	1.501	70.00	0.186
292.253	0.05	Adapter 1501Hz Probe 3839Hz	39	1.501	70.00	0.186
292.333	0.05	Adapter 1501Hz Probe 3839Hz	39	3.839	70.00	0.437
295.321	0.05	Probe 3839Hz	40	3.839	70.00	0.437
295.821	0.05	Probe 3839Hz	40	3.839	70.00	0.437
296.321	0.05	Probe 3839Hz	40	3.839	70.00	0.437
296.821	0.05	Probe 3839Hz	40	3.839	70.00	0.437
297.321	0.05	Probe 3839Hz	40	3.839	70.00	0.437
297.821	0.05	Probe 3839Hz	40	3.839	70.00	0.437
298.321	0.05	Probe 3839Hz	40	3.839	70.00	0.437
298.821	0.05	Probe 3839Hz	40	3.839	70.00	0.437
299.321	0.05	Probe 3839Hz	40	3.839	70.00	0.437
299.821	0.05	Probe 3839Hz	40	3.839	70.00	0.437
302.489	0.05	Adapter 2423Hz Probe 3839Hz	41	2.423	70.00	0.285
302.569	0.05	Adapter 2423Hz Probe 3839Hz	41	2.423	70.00	0.285
302.649	0.05	Adapter 2423Hz Probe 3839Hz	41	2.423	70.00	0.285
302.729	0.05	Adapter 2423Hz Probe 3839Hz	41	2.423	70.00	0.285
302.809	0.05	Adapter 2423Hz Probe 3839Hz	41	3.839	70.00	0.437
302.989	0.05	Adapter 2423Hz Probe 3839Hz	41	2.423	70.00	0.285
303.069	0.05	Adapter 2423Hz Probe 3839Hz	41	2.423	70.00	0.285
303.149	0.05	Adapter 2423Hz Probe 3839Hz	41	2.423	70.00	0.285
303.229	0.05	Adapter 2423Hz Probe 3839Hz	41	2.423	70.00	0.285
303.309	0.05	Adapter 2423Hz Probe 3839Hz	41	3.839	70.00	0.437
303.489	0.05	Adapter 2423Hz Probe 3839Hz	41	2.423	70.00	0.285
303.569	0.05	Adapter 2423Hz Probe 3839Hz	41	2.423	70.00	0.285
303.649	0.05	Adapter 2423Hz Probe 3839Hz	41	2.423	70.00	0.285
303.729	0.05	Adapter 2423Hz Probe 3839Hz	41	2.423	70.00	0.285
303.809	0.05	Adapter 2423Hz Probe 3839Hz	41	3.839	70.00	0.437
303.989	0.05	Adapter 2423Hz Probe 3839Hz	41	2.423	70.00	0.285
304.069	0.05	Adapter 2423Hz Probe 3839Hz	41	2.423	70.00	0.285
304.149	0.05	Adapter 2423Hz Probe 3839Hz	41	2.423	70.00	0.285
304.229	0.05	Adapter 2423Hz Probe 3839Hz	41	2.423	70.00	0.285
304.309	0.05	Adapter 2423Hz Probe 3839Hz	41	3.839	70.00	0.437
304.489	0.05	Adapter 2423Hz Probe 3839Hz	41	2.423	70.00	0.285
304.569	0.05	Adapter 2423Hz Probe 3839Hz	41	2.423	70.00	0.285
304.649	0.05	Adapter 2423Hz Probe 3839Hz	41	2.423	70.00	0.285
304.729	0.05	Adapter 2423Hz Probe 3839Hz	41	2.423	70.00	0.285
304.809	0.05	Adapter 2423Hz Probe 3839Hz	41	3.839	70.00	0.437
304.989	0.05	Adapter 2423Hz Probe 3839Hz	41	2.423	70.00	0.285
305.069	0.05	Adapter 2423Hz Probe 3839Hz	41	2.423	70.00	0.285
305.149	0.05	Adapter 2423Hz Probe 3839Hz	41	2.423	70.00	0.285
305.229	0.05	Adapter 2423Hz Probe 3839Hz	41	2.423	70.00	0.285
305.309	0.05	Adapter 2423Hz Probe 3839Hz	41	3.839	70.00	0.437
305.489	0.05	Adapter 2423Hz Probe 3839Hz	41	2.423	70.00	0.285
305.569	0.05	Adapter 2423Hz Probe 3839Hz	41	2.423	70.00	0.285
305.649	0.05	Adapter 2423Hz Probe 3839Hz	41	2.423	70.00	0.285
305.729	0.05	Adapter 2423Hz Probe 3839Hz	41	2.423	70.00	0.285
305.809	0.05	Adapter 2423Hz Probe 3839Hz	41	3.839	70.00	0.437
305.989	0.05	Adapter 2423Hz Probe 3839Hz	41	2.423	70.00	0.285
306.069	0.05	Adapter 2423Hz Probe 3839Hz	41	2.423	70.00	0.285
306.149	0.05	Adapter 2423Hz Probe 3839Hz	41	2.423	70.00	0.285
306.229	0.05	Adapter 2423Hz Probe 3839Hz	41	2.423	70.00	0.285
306.309	0.05	Adapter 2423Hz Probe 3839Hz	41	3.839	70.00	0.437
306.489	0.05	Adapter 2423Hz Probe 3839Hz	41	2.423	70.00	0.285
306.569	0.05	Adapter 2423Hz Probe 3839Hz	41	2.423	70.00	0.285
306.649	0.05	Adapter 2423Hz Probe 3839Hz	41	2.423	70.00	0.285
306.729	0.05	Adapter 2423Hz Probe 3839Hz	41	2.423	70.00	0.285
306.809	0.05	Adapter 2423Hz Probe 3839Hz	41	3.839	70.00	0.437
306.989	0.05	Adapter 2423Hz Probe 3839Hz	41	2.423	70.00	0.285
307.069	0.05	Adapter 2423Hz Probe 3839Hz	41	2.423	70.00	0.285
307.149	0.05	Adapter 2423Hz Probe 3839Hz	41	2.423	70.00	0.285
307.229	0.05	Adapter 2423Hz Probe 3839Hz	41	2.423	70.00	0.285
307.309	0.05	Adapter 2423Hz Probe 3839Hz	41	3.839	70.00	0.437
317.511	0.05	Adapter 251Hz	43	0.251	70.00	0.052
317.591	0.05	Adapter 251Hz	43	0.251	70.00	0.052
317.671	0.05	Adapter 251Hz	43	0.251	70.00	0.052
317.751	0.05	Adapter 251Hz	43	0.251	70.00	0.052
318.011	0.05	Adapter 251Hz	43	0.251	70.00	0.052
318.091	0.05	Adapter 251Hz	43	0.251	70.00	0.052
318.171	0.05	Adapter 251Hz	43	0.251	70.00	0.052
318.251	0.05	Adapter 251Hz	43	0.251	70.00	0.052
318.511	0.05	Adapter 251Hz	43	0.251	70.00	0.052
318.591	0.05	Adapter 251Hz	43	0.251	70.00	0.052
318.671	0.05	Adapter 251Hz	43	0.251	70.00	0.052
318.751	0.05	Adapter 251Hz	43	0.251	70.00	0.052
319.011	0.05	Adapter 251Hz	43	0.251	70.00	0.052
319.091	0.05	Adapter 251Hz	43	0.251	70.00	0.052
319.171	0.05	Adapter 251Hz	43	0.251	70.00	0.052
319.251	0.05	Adapter 251Hz	43	0.251	70.00	0.052
319.511	0.05	Adapter 251Hz	43	0.251	70.00	0.052
319.591	0.05	Adapter 251Hz	43	0.251	70.00	0.052
319.671	0.05	Adapter 251Hz	43	0.251	70.00	0.052
319.751	0.05	Adapter 251Hz	43	0.251	70.00	0.052
320.011	0.05	Adapter 251Hz	43	0.251	70.00	0.052
320.091	0.05	Adapter 251Hz	43	0.251	70.00	0.052
320.171	0.05	Adapter 251Hz	43	0.251	70.00	0.052
320.251	0.05	Adapter 251Hz	43	0.251	70.00	0.052
320.511	0.05	Adapter 251Hz	43	0.251	70.00	0.052
320.591	0.05	Adapter 251Hz	43	0.251	70.00	0.052
320.671	0.05	Adapter 251Hz	43	0.251	70.00	0.052
320.751	0.05	Adapter 251Hz	43	0.251	70.00	0.052
321.011	0.05	Adapter 251Hz	43	0.251	70.00	0.052
321.091	0.05	Adapter 251Hz	43	0.251	70.00	0.052
321.171	0.05	Adapter 251Hz	43	0.251	70.00	0.052
321.251	0.05	Adapter 251Hz	43	0.251	70.00	0.052
321.511	0.05	Adapter 251Hz	43	0.251	70.00	0.052
321.591	0.05	Adapter 251Hz	43	0.251	70.00	0.052
321.671	0.05	Adapter 251Hz	43	0.251	70.00	0.052
321.751	0.05	Adapter 251Hz	43	0.251	70.00	0.052
322.011	0.05	Adapter 251Hz	43	0.251	70.00	0.052
322.091	0.05	Adapter 251Hz	43	0.251	70.00	0.052
322.171	0.05	Adapter 251Hz	43	0.251	70.00	0.052
322.251	0.05	Adapter 251Hz	43	0.251	70.00	0.052
324.968	0.05	Adapter 2423Hz	44	2.423	70.00	0.285
325.048	0.05	Adapter 2423Hz	44	2.423	70.00	0.285
325.128	0.05	Adapter 2423Hz	44	2.423	70.00	0.285
325.208	0.05	Adapter 2423Hz	44	2.423	70.00	0.285
325.468	0.05	Adapter 2423Hz	44	2.423	70.00	0.285
325.548	0.05	Adapter 2423Hz	44	2.423	70.00	0.285
325.628	0.05	Adapter 2423Hz	44	2.423	70.00	0.285
325.708	0.05	Adapter 2423Hz	44	2.423	70.00	0.285
325.968	0.05	Adapter 2423Hz	44	2.423	70.00	0.285
326.048	0.05	Adapter 2423Hz	44	2.423	70.00	0.285
326.128	0.05	Adapter 2423Hz	44	2.423	70.00	0.285
326.208	0.05	Adapter 2423Hz	44	2.423	70.00	0.285
326.468	0.05	Adapter 2423Hz	44	2.423	70.00	0.285
326.548	0.05	Adapter 2423Hz	44	2.423	70.00	0.285
326.628	0.05	Adapter 2423Hz	44	2.423	70.00	0.285
326.708	0.05	Adapter 2423Hz	44	2.423	70.00	0.285
326.968	0.05	Adapter 2423Hz	44	2.423	70.00	0.285
327.048	0.05	Adapter 2423Hz	44	2.423	70.00	0.285
327.128	0.05	Adapter 2423Hz	44	2.423	70.00	0.285
327.208	0.05	Adapter 2423Hz	44	2.423	70.00	0.285
327.468	0.05	Adapter 2423Hz	44	2.423	70.00	0.285
327.548	0.05	Adapter 2423Hz	44	2.423	70.00	0.285
327.628	0.05	Adapter 2423Hz	44	2.423	70.00	0.285
327.708	0.05	Adapter 2423Hz	44	2.423	70.00	0.285
327.968	0.05	Adapter 2423Hz	44	2.423	70.00	0.285
328.048	0.05	Adapter 2423Hz	44	2.423	70.00	0.285
328.128	0.05	Adapter 2423Hz	44	2.423	70.00	0.285
328.208	0.05	Adapter 2423Hz	44	2.423	70.00	0.285
328.468	0.05	Adapter 2423Hz	44	2.423	70.00	0.285
328.548	0.05	Adapter 2423Hz	44	2.423	70.00	0.285
328.628	0.05	Adapter 2423Hz	44	2.423	70.00	0.285
328.708	0.05	Adapter 2423Hz	44	2.423	70.00	0.285
328.968	0.05	Adapter 2423Hz	44	2.423	70.00	0.285
329.048	0.05	Adapter 2423Hz	44	2.423	70.00	0.285
329.128	0.05	Adapter 2423Hz	44	2.423	70.00	0.285
329.208	0.05	Adapter 2423Hz	44	2.423	70.00	0.285
329.468	0.05	Adapter 2423Hz	44	2.423	70.00	0.285
329.548	0.05	Adapter 2423Hz	44	2.423	70.00	0.285
329.628	0.05	Adapter 2423Hz	44	2.423	70.00	0.285
329.708	0.05	Adapter 2423Hz	44	2.423	70.00	0.285
332.487	0.05	Adapter 507Hz	45	0.507	70.00	0.079
332.567	0.05	Adapter 507Hz	45	0.507	70.00	0.079
332.647	0.05	Adapter 507Hz	45	0.507	70.00	0.079
332.727	0.05	Adapter 507Hz	45	0.507	70.00	0.079
332.987	0.05	Adapter 507Hz	45	0.507	70.00	0.079
333.067	0.05	Adapter 507Hz	45	0.507	70.00	0.079
333.147	0.05	Adapter 507Hz	45	0.507	70.00	0.079
333.227	0.05	Adapter 507Hz	45	0.507	70.00	0.079
333.487	0.05	Adapter 507Hz	45	0.507	70.00	0.079
333.567	0.05	Adapter 507Hz	45	0.507	70.00	0.079
333.647	0.05	Adapter 507Hz	45	0.507	70.00	0.079
333.727	0.05	Adapter 507Hz	45	0.507	70.00	0.079
333.987	0.05	Adapter 507Hz	45	0.507	70.00	0.079
334.067	0.05	Adapter 507Hz	45	0.507	70.00	0.079
334.147	0.05	Adapter 507Hz	45	0.507	70.00	0.079
334.227	0.05	Adapter 507Hz	45	0.507	70.00	0.079
334.487	0.05	Adapter 507Hz	45	0.507	70.00	0.079
334.567	0.05	Adapter 507Hz	45	0.507	70.00	0.079
334.647	0.05	Adapter 507Hz	45	0.507	70.00	0.079
334.727	0.05	Adapter 507Hz	45	0.507	70.00	0.079
334.987	0.05	Adapter 507Hz	45	0.507	70.00	0.079
335.067	0.05	Adapter 507Hz	45	0.507	70.00	0.079
335.147	0.05	Adapter 507Hz	45	0.507	70.00	0.079
335.227	0.05	Adapter 507Hz	45	0.507	70.00	0.079
335.487	0.05	Adapter 507Hz	45	0.507	70.00	0.079
335.567	0.05	Adapter 507Hz	45	0.507	70.00	0.079
335.647	0.05	Adapter 507Hz	45	0.507	70.00	0.079
335.727	0.05	Adapter 507Hz	45	0.507	70.00	0.079
335.987	0.05	Adapter 507Hz	45	0.507	70.00	0.079
336.067	0.05	Adapter 507Hz	45	0.507	70.00	0.079
336.147	0.05	Adapter 507Hz	45	0.507	70.00	0.079
336.227	0.05	Adapter 507Hz	45	0.507	70.00	0.079
336.487	0.05	Adapter 507Hz	45	0.507	70.00	0.079
336.567	0.05	Adapter 507Hz	45	0.507	70.00	0.079
336.647	0.05	Adapter 507Hz	45	0.507	70.00	0.079
336.727	0.05	Adapter 507Hz	45	0.507	70.00	0.079
336.987	0.05	Adapter 507Hz	45	0.507	70.00	0.079
337.067	0.05	Adapter 507Hz	45	0.507	70.00	0.079
337.147	0.05	Adapter 507Hz	45	0.507	70.00	0.079
337.227	0.05	Adapter 507Hz	45	0.507	70.00	0.079
347.51	0.05	Adapter 3839Hz Probe 3839Hz	47	3.839	70.00	0.437
347.59	0.05	Adapter 3839Hz Probe 3839Hz	47	3.839	70.00	0.437
347.67	0.05	Adapter 3839Hz Probe 3839Hz	47	3.839	70.00	0.437
347.75	0.05	Adapter 3839Hz Probe 3839Hz	47	3.839	70.00	0.437
347.83	0.05	Adapter 3839Hz Probe 3839Hz	47	3.839	70.00	0.437
348.01	0.05	Adapter 3839Hz Probe 3839Hz	47	3.839	70.00	0.437
348.09	0.05	Adapter 3839Hz Probe 3839Hz	47	3.839	70.00	0.437
348.17	0.05	Adapter 3839Hz Probe 3839Hz	47	3.839	70.00	0.437
348.25	0.05	Adapter 3839Hz Probe 3839Hz	47	3.839	70.00	0.437
348.33	0.05	Adapter 3839Hz Probe 3839Hz	47	3.839	70.00	0.437
348.51	0.05	Adapter 3839Hz Probe 3839Hz	47	3.839	70.00	0.437
348.59	0.05	Adapter 3839Hz Probe 3839Hz	47	3.839	70.00	0.437
348.67	0.05	Adapter 3839Hz Probe 3839Hz	47	3.839	70.00	0.437
348.75	0.05	Adapter 3839Hz Probe 3839Hz	47	3.839	70.00	0.437
348.83	0.05	Adapter 3839Hz Probe 3839Hz	47	3.839	70.00	0.437
349.01	0.05	Adapter 3839Hz Probe 3839Hz	47	3.839	70.00	0.437
349.09	0.05	Adapter 3839Hz Probe 3839Hz	47	3.839	70.00	0.437
349.17	0.05	Adapter 3839Hz Probe 3839Hz	47	3.839	70.00	0.437
349.25	0.05	Adapter 3839Hz Probe 3839Hz	47	3.839	70.00	0.437
349.33	0.05	Adapter 3839Hz Probe 3839Hz	47	3.839	70.00	0.437
349.51	0.05	Adapter 3839Hz Probe 3839Hz	47	3.839	70.00	0.437
349.59	0.05	Adapter 3839Hz Probe 3839Hz	47	3.839	70.00	0.437
349.67	0.05	Adapter 3839Hz Probe 3839Hz	47	3.839	70.00	0.437
349.75	0.05	Adapter 3839Hz Probe 3839Hz	47	3.839	70.00	0.437
349.83	0.05	Adapter 3839Hz Probe 3839Hz	47	3.839	70.00	0.437
350.01	0.05	Adapter 3839Hz Probe 3839Hz	47	3.839	70.00	0.437
350.09	0.05	Adapter 3839Hz Probe 3839Hz	47	3.839	70.00	0.437
350.17	0.05	Adapter 3839Hz Probe 3839Hz	47	3.839	70.00	0.437
350.25	0.05	Adapter 3839Hz Probe 3839Hz	47	3.839	70.00	0.437
350.33	0.05	Adapter 3839Hz Probe 3839Hz	47	3.839	70.00	0.437
350.51	0.05	Adapter 3839Hz Probe 3839Hz	47	3.839	70.00	0.437
350.59	0.05	Adapter 3839Hz Probe 3839Hz	47	3.839	70.00	0.437
350.67	0.05	Adapter 3839Hz Probe 3839Hz	47	3.839	70.00	0.437
350.75	0.05	Adapter 3839Hz Probe 3839Hz	47	3.839	70.00	0.437
350.83	0.05	Adapter 3839Hz Probe 3839Hz	47	3.839	70.00	0.437
351.01	0.05	Adapter 3839Hz Probe 3839Hz	47	3.839	70.00	0.437
351.09	0.05	Adapter 3839Hz Probe 3839Hz	47	3.839	70.00	0.437
351.17	0.05	Adapter 3839Hz Probe 3839Hz	47	3.839	70.00	0.437
351.25	0.05	Adapter 3839Hz Probe 3839Hz	47	3.839	70.00	0.437
351.33	0.05	Adapter 3839Hz Probe 3839Hz	47	3.839	70.00	0.437
351.51	0.05	Adapter 3839Hz Probe 3839Hz	47	3.839	70.00	0.437
351.59	0.05	Adapter 3839Hz Probe 3839Hz	47	3.839	70.00	0.437
351.67	0.05	Adapter 3839Hz Probe 3839Hz	47	3.839	70.00	0.437
351.75	0.05	Adapter 3839Hz Probe 3839Hz	47	3.839	70.00	0.437
351.83	0.05	Adapter 3839Hz Probe 3839Hz	47	3.839	70.00	0.437
352.01	0.05	Adapter 3839Hz Probe 3839Hz	47	3.839	70.00	0.437
352.09	0.05	Adapter 3839Hz Probe 3839Hz	47	3.839	70.00	0.437
352.17	0.05	Adapter 3839Hz Probe 3839Hz	47	3.839	70.00	0.437
352.25	0.05	Adapter 3839Hz Probe 3839Hz	47	3.839	70.00	0.437
352.33	0.05	Adapter 3839Hz Probe 3839Hz	47	3.839	70.00	0.437
354.967	0.05	Adapter 899Hz Probe 3839Hz	48	0.899	70.00	0.121
355.047	0.05	Adapter 899Hz Probe 3839Hz	48	0.899	70.00	0.121
355.127	0.05	Adapter 899Hz Probe 3839Hz	48	0.899	70.00	0.121
355.207	0.05	Adapter 899Hz Probe 3839Hz	48	0.899	70.00	0.121
355.287	0.05	Adapter 899Hz Probe 3839Hz	48	3.839	70.00	0.437
355.467	0.05	Adapter 899Hz Probe 3839Hz	48	0.899	70.00	0.121
355.547	0.05	Adapter 899Hz Probe 3839Hz	48	0.899	70.00	0.121
355.627	0.05	Adapter 899Hz Probe 3839Hz	48	0.899	70.00	0.121
355.707	0.05	Adapter 899Hz Probe 3839Hz	48	0.899	70.00	0.121
355.787	0.05	Adapter 899Hz Probe 3839Hz	48	3.839	70.00	0.437
355.967	0.05	Adapter 899Hz Probe 3839Hz	48	0.899	70.00	0.121
356.047	0.05	Adapter 899Hz Probe 3839Hz	48	0.899	70.00	0.121
356.127	0.05	Adapter 899Hz Probe 3839Hz	48	0.899	70.00	0.121
356.207	0.05	Adapter 899Hz Probe 3839Hz	48	0.899	70.00	0.121
356.287	0.05	Adapter 899Hz Probe 3839Hz	48	3.839	70.00	0.437
356.467	0.05	Adapter 899Hz Probe 3839Hz	48	0.899	70.00	0.121
356.547	0.05	Adapter 899Hz Probe 3839Hz	48	0.899	70.00	0.121
356.627	0.05	Adapter 899Hz Probe 3839Hz	48	0.899	70.00	0.121
356.707	0.05	Adapter 899Hz Probe 3839Hz	48	0.899	70.00	0.121
356.787	0.05	Adapter 899Hz Probe 3839Hz	48	3.839	70.00	0.437
356.967	0.05	Adapter 899Hz Probe 3839Hz	48	0.899	70.00	0.121
357.047	0.05	Adapter 899Hz Probe 3839Hz	48	0.899	70.00	0.121
357.127	0.05	Adapter 899Hz Probe 3839Hz	48	0.899	70.00	0.121
357.207	0.05	Adapter 899Hz Probe 3839Hz	48	0.899	70.00	0.121
357.287	0.05	Adapter 899Hz Probe 3839Hz	48	3.839	70.00	0.437
357.467	0.05	Adapter 899Hz Probe 3839Hz	48	0.899	70.00	0.121
357.547	0.05	Adapter 899Hz Probe 3839Hz	48	0.899	70.00	0.121
357.627	0.05	Adapter 899Hz Probe 3839Hz	48	0.899	70.00	0.121
357.707	0.05	Adapter 899Hz Probe 3839Hz	48	0.899	70.00	0.121
357.787	0.05	Adapter 899Hz Probe 3839Hz	48	3.839	70.00	0.437
357.967	0.05	Adapter 899Hz Probe 3839Hz	48	0.899	70.00	0.121
358.047	0.05	Adapter 899Hz Probe 3839Hz	48	0.899	70.00	0.121
358.127	0.05	Adapter 899Hz Probe 3839Hz	48	0.899	70.00	0.121
358.207	0.05	Adapter 899Hz Probe 3839Hz	48	0.899	70.00	0.121
358.287	0.05	Adapter 899Hz Probe 3839Hz	48	3.839	70.00	0.437
358.467	0.05	Adapter 899Hz Probe 3839Hz	48	0.899	70.00	0.121
358.547	0.05	Adapter 899Hz Probe 3839Hz	48	0.899	70.00	0.121
358.627	0.05	Adapter 899Hz Probe 3839Hz	48	0.899	70.00	0.121
358.707	0.05	Adapter 899Hz Probe 3839Hz	48	0.899	70.00	0.121
358.787	0.05	Adapter 899Hz Probe 3839Hz	48	3.839	70.00	0.437
358.967	0.05	Adapter 899Hz Probe 3839Hz	48	0.899	70.00	0.121
359.047	0.05	Adapter 899Hz Probe 3839Hz	48	0.899	70.00	0.121
359.127	0.05	Adapter 899Hz Probe 3839Hz	48	0.899	70.00	0.121
359.207	0.05	Adapter 899Hz Probe 3839Hz	48	0.899	70.00	0.121
359.287	0.05	Adapter 899Hz Probe 3839Hz	48	3.839	70.00	0.437
359.467	0.05	Adapter 899Hz Probe 3839Hz	48	0.899	70.00	0.121
359.547	0.05	Adapter 899Hz Probe 3839Hz	48	0.899	70.00	0.121
359.627	0.05	Adapter 899Hz Probe 3839Hz	48	0.899	70.00	0.121
359.707	0.05	Adapter 899Hz Probe 3839Hz	48	0.899	70.00	0.121
359.787	0.05	Adapter 899Hz Probe 3839Hz	48	3.839	70.00	0.437
369.974	0.05	Adapter 899Hz	50	0.899	70.00	0.121
370.054	0.05	Adapter 899Hz	50	0.899	70.00	0.121
370.134	0.05	Adapter 899Hz	50	0.899	70.00	0.121
370.214	0.05	Adapter 899Hz	50	0.899	70.00	0.121
370.474	0.05	Adapter 899Hz	50	0.899	70.00	0.121
370.554	0.05	Adapter 899Hz	50	0.899	70.00	0.121
370.634	0.05	Adapter 899Hz	50	0.899	70.00	0.121
370.714	0.05	Adapter 899Hz	50	0.899	70.00	0.121
370.974	0.05	Adapter 899Hz	50	0.899	70.00	0.121
371.054	0.05	Adapter 899Hz	50	0.899	70.00	0.121
371.134	0.05	Adapter 899Hz	50	0.899	70.00	0.121
371.214	0.05	Adapter 899Hz	50	0.899	70.00	0.121
371.474	0.05	Adapter 899Hz	50	0.899	70.00	0.121
371.554	0.05	Adapter 899Hz	50	0.899	70.00	0.121
371.634	0.05	Adapter 899Hz	50	0.899	70.00	0.121
371.714	0.05	Adapter 899Hz	50	0.899	70.00	0.121
371.974	0.05	Adapter 899Hz	50	0.899	70.00	0.121
372.054	0.05	Adapter 899Hz	50	0.899	70.00	0.121
372.134	0.05	Adapter 899Hz	50	0.899	70.00	0.121
372.214	0.05	Adapter 899Hz	50	0.899	70.00	0.121
372.474	0.05	Adapter 899Hz	50	0.899	70.00	0.121
372.554	0.05	Adapter 899Hz	50	0.899	70.00	0.121
372.634	0.05	Adapter 899Hz	50	0.899	70.00	0.121
372.714	0.05	Adapter 899Hz	50	0.899	70.00	0.121
372.974	0.05	Adapter 899Hz	50	0.899	70.00	0.121
373.054	0.05	Adapter 899Hz	50	0.899	70.00	0.121
373.134	0.05	Adapter 899Hz	50	0.899	70.00	0.121
373.214	0.05	Adapter 899Hz	50	0.899	70.00	0.121
373.474	0.05	Adapter 899Hz	50	0.899	70.00	0.121
373.554	0.05	Adapter 899Hz	50	0.899	70.00	0.121
373.634	0.05	Adapter 899Hz	50	0.899	70.00	0.121
373.714	0.05	Adapter 899Hz	50	0.899	70.00	0.121
373.974	0.05	Adapter 899Hz	50	0.899	70.00	0.121
374.054	0.05	Adapter 899Hz	50	0.899	70.00	0.121
374.134	0.05	Adapter 899Hz	50	0.899	70.00	0.121
374.214	0.05	Adapter 899Hz	50	0.899	70.00	0.121
374.474	0.05	Adapter 899Hz	50	0.899	70.00	0.121
374.554	0.05	Adapter 899Hz	50	0.899	70.00	0.121
374.634	0.05	Adapter 899Hz	50	0.899	70.00	0.121
374.714	0.05	Adapter 899Hz	50	0.899	70.00	0.121
377.814	0.05	Probe 3839Hz	51	3.839	70.00	0.437
378.314	0.05	Probe 3839Hz	51	3.839	70.00	0.437
378.814	0.05	Probe 3839Hz	51	3.839	70.00	0.437
379.314	0.05	Probe 3839Hz	51	3.839	70.00	0.437
379.814	0.05	Probe 3839Hz	51	3.839	70.00	0.437
380.314	0.05	Probe 3839Hz	51	3.839	70.00	0.437
380.814	0.05	Probe 3839Hz	51	3.839	70.00	0.437
381.314	0.05	Probe 3839Hz	51	3.839	70.00	0.437
381.814	0.05	Probe 3839Hz	51	3.839	70.00	0.437
382.314	0.05	Probe 3839Hz	51	3.839	70.00	0.437
384.966	0.05	Adapter 1501Hz Probe 3839Hz	52	1.501	70.00	0.186
385.046	0.05	Adapter 1501Hz Probe 3839Hz	52	1.501	70.00	0.186
385.126	0.05	Adapter 1501Hz Probe 3839Hz	52	1.501	70.00	0.186
385.206	0.05	Adapter 1501Hz Probe 3839Hz	52	1.501	70.00	0.186
385.286	0.05	Adapter 1501Hz Probe 3839Hz	52	3.839	70.00	0.437
385.466	0.05	Adapter 1501Hz Probe 3839Hz	52	1.501	70.00	0.186
385.546	0.05	Adapter 1501Hz Probe 3839Hz	52	1.501	70.00	0.186
385.626	0.05	Adapter 1501Hz Probe 3839Hz	52	1.501	70.00	0.186
385.706	0.05	Adapter 1501Hz Probe 3839Hz	52	1.501	70.00	0.186
385.786	0.05	Adapter 1501Hz Probe 3839Hz	52	3.839	70.00	0.437
385.966	0.05	Adapter 1501Hz Probe 3839Hz	52	1.501	70.00	0.186
386.046	0.05	Adapter 1501Hz Probe 3839Hz	52	1.501	70.00	0.186
386.126	0.05	Adapter 1501Hz Probe 3839Hz	52	1.501	70.00	0.186
386.206	0.05	Adapter 1501Hz Probe 3839Hz	52	1.501	70.00	0.186
386.286	0.05	Adapter 1501Hz Probe 3839Hz	52	3.839	70.00	0.437
386.466	0.05	Adapter 1501Hz Probe 3839Hz	52	1.501	70.00	0.186
386.546	0.05	Adapter 1501Hz Probe 3839Hz	52	1.501	70.00	0.186
386.626	0.05	Adapter 1501Hz Probe 3839Hz	52	1.501	70.00	0.186
386.706	0.05	Adapter 1501Hz Probe 3839Hz	52	1.501	70.00	0.186
386.786	0.05	Adapter 1501Hz Probe 3839Hz	52	3.839	70.00	0.437
386.966	0.05	Adapter 1501Hz Probe 3839Hz	52	1.501	70.00	0.186
387.046	0.05	Adapter 1501Hz Probe 3839Hz	52	1.501	70.00	0.186
387.126	0.05	Adapter 1501Hz Probe 3839Hz	52	1.501	70.00	0.186
387.206	0.05	Adapter 1501Hz Probe 3839Hz	52	1.501	70.00	0.186
387.286	0.05	Adapter 1501Hz Probe 3839Hz	52	3.839	70.00	0.437
387.466	0.05	Adapter 1501Hz Probe 3839Hz	52	1.501	70.00	0.186
387.546	0.05	Adapter 1501Hz Probe 3839Hz	52	1.501	70.00	0.186
387.626	0.05	Adapter 1501Hz Probe 3839Hz	52	1.501	70.00	0.186
387.706	0.05	Adapter 1501Hz Probe 3839Hz	52	1.501	70.00	0.186
387.786	0.05	Adapter 1501Hz Probe 3839Hz	52	3.839	70.00	0.437
387.966	0.05	Adapter 1501Hz Probe 3839Hz	52	1.501	70.00	0.186
388.046	0.05	Adapter 1501Hz Probe 3839Hz	52	1.501	70.00	0.186
388.126	0.05	Adapter 1501Hz Probe 3839Hz	52	1.501	70.00	0.186
388.206	0.05	Adapter 1501Hz Probe 3839Hz	52	1.501	70.00	0.186
388.286	0.05	Adapter 1501Hz Probe 3839Hz	52	3.839	70.00	0.437
388.466	0.05	Adapter 1501Hz Probe 3839Hz	52	1.501	70.00	0.186
388.546	0.05	Adapter 1501Hz Probe 3839Hz	52	1.501	70.00	0.186
388.626	0.05	Adapter 1501Hz Probe 3839Hz	52	1.501	70.00	0.186
388.706	0.05	Adapter 1501Hz Probe 3839Hz	52	1.501	70.00	0.186
388.786	0.05	Adapter 1501Hz Probe 3839Hz	52	3.839	70.00	0.437
388.966	0.05	Adapter 1501Hz Probe 3839Hz	52	1.501	70.00	0.186
389.046	0.05	Adapter 1501Hz Probe 3839Hz	52	1.501	70.00	0.186
389.126	0.05	Adapter 1501Hz Probe 3839Hz	52	1.501	70.00	0.186
389.206	0.05	Adapter 1501Hz Probe 3839Hz	52	1.501	70.00	0.186
389.286	0.05	Adapter 1501Hz Probe 3839Hz	52	3.839	70.00	0.437
389.466	0.05	Adapter 1501Hz Probe 3839Hz	52	1.501	70.00	0.186
389.546	0.05	Adapter 1501Hz Probe 3839Hz	52	1.501	70.00	0.186
389.626	0.05	Adapter 1501Hz Probe 3839Hz	52	1.501	70.00	0.186
389.706	0.05	Adapter 1501Hz Probe 3839Hz	52	1.501	70.00	0.186
389.786	0.05	Adapter 1501Hz Probe 3839Hz	52	3.839	70.00	0.437
392.485	0.05	Adapter 251Hz	53	0.251	70.00	0.052
392.565	0.05	Adapter 251Hz	53	0.251	70.00	0.052
392.645	0.05	Adapter 251Hz	53	0.251	70.00	0.052
392.725	0.05	Adapter 251Hz	53	0.251	70.00	0.052
392.985	0.05	Adapter 251Hz	53	0.251	70.00	0.052
393.065	0.05	Adapter 251Hz	53	0.251	70.00	0.052
393.145	0.05	Adapter 251Hz	53	0.251	70.00	0.052
393.225	0.05	Adapter 251Hz	53	0.251	70.00	0.052
393.485	0.05	Adapter 251Hz	53	0.251	70.00	0.052
393.565	0.05	Adapter 251Hz	53	0.251	70.00	0.052
393.645	0.05	Adapter 251Hz	53	0.251	70.00	0.052
393.725	0.05	Adapter 251Hz	53	0.251	70.00	0.052
393.985	0.05	Adapter 251Hz	53	0.251	70.00	0.052
394.065	0.05	Adapter 251Hz	53	0.251	70.00	0.052
394.145	0.05	Adapter 251Hz	53	0.251	70.00	0.052
394.225	0.05	Adapter 251Hz	53	0.251	70.00	0.052
394.485	0.05	Adapter 251Hz	53	0.251	70.00	0.052
394.565	0.05	Adapter 251Hz	53	0.251	70.00	0.052
394.645	0.05	Adapter 251Hz	53	0.251	70.00	0.052
394.725	0.05	Adapter 251Hz	53	0.251	70.00	0.052
394.985	0.05	Adapter 251Hz	53	0.251	70.00	0.052
395.065	0.05	Adapter 251Hz	53	0.251	70.00	0.052
395.145	0.05	Adapter 251Hz	53	0.251	70.00	0.052
395.225	0.05	Adapter 251Hz	53	0.251	70.00	0.052
395.485	0.05	Adapter 251Hz	53	0.251	70.00	0.052
395.565	0.05	Adapter 251Hz	53	0.251	70.00	0.052
395.645	0.05	Adapter 251Hz	53	0.251	70.00	0.052
395.725	0.05	Adapter 251Hz	53	0.251	70.00	0.052
395.985	0.05	Adapter 251Hz	53	0.251	70.00	0.052
396.065	0.05	Adapter 251Hz	53	0.251	70.00	0.052
396.145	0.05	Adapter 251Hz	53	0.251	70.00	0.052
396.225	0.05	Adapter 251Hz	53	0.251	70.00	0.052
396.485	0.05	Adapter 251Hz	53	0.251	70.00	0.052
396.565	0.05	Adapter 251Hz	53	0.251	70.00	0.052
396.645	0.05	Adapter 251Hz	53	0.251	70.00	0.052
396.725	0.05	Adapter 251Hz	53	0.251	70.00	0.052
396.985	0.05	Adapter 251Hz	53	0.251	70.00	0.052
397.065	0.05	Adapter 251Hz	53	0.251	70.00	0.052
397.145	0.05	Adapter 251Hz	53	0.251	70.00	0.052
397.225	0.05	Adapter 251Hz	53	0.251	70.00	0.052
399.973	0.05	Adapter 3839Hz	54	3.839	70.00	0.437
400.053	0.05	Adapter 3839Hz	54	3.839	70.00	0.437
400.133	0.05	Adapter 3839Hz	54	3.839	70.00	0.437
400.213	0.05	Adapter 3839Hz	54	3.839	70.00	0.437
400.473	0.05	Adapter 3839Hz	54	3.839	70.00	0.437
400.553	0.05	Adapter 3839Hz	54	3.839	70.00	0.437
400.633	0.05	Adapter 3839Hz	54	3.839	70.00	0.437
400.713	0.05	Adapter 3839Hz	54	3.839	70.00	0.437
400.973	0.05	Adapter 3839Hz	54	3.839	70.00	0.437
401.053	0.05	Adapter 3839Hz	54	3.839	70.00	0.437
401.133	0.05	Adapter 3839Hz	54	3.839	70.00	0.437
401.213	0.05	Adapter 3839Hz	54	3.839	70.00	0.437
401.473	0.05	Adapter 3839Hz	54	3.839	70.00	0.437
401.553	0.05	Adapter 3839Hz	54	3.839	70.00	0.437
401.633	0.05	Adapter 3839Hz	54	3.839	70.00	0.437
401.713	0.05	Adapter 3839Hz	54	3.839	70.00	0.437
401.973	0.05	Adapter 3839Hz	54	3.839	70.00	0.437
402.053	0.05	Adapter 3839Hz	54	3.839	70.00	0.437
402.133	0.05	Adapter 3839Hz	54	3.839	70.00	0.437
402.213	0.05	Adapter 3839Hz	54	3.839	70.00	0.437
402.473	0.05	Adapter 3839Hz	54	3.839	70.00	0.437
402.553	0.05	Adapter 3839Hz	54	3.839	70.00	0.437
402.633	0.05	Adapter 3839Hz	54	3.839	70.00	0.437
402.713	0.05	Adapter 3839Hz	54	3.839	70.00	0.437
402.973	0.05	Adapter 3839Hz	54	3.839	70.00	0.437
403.053	0.05	Adapter 3839Hz	54	3.839	70.00	0.437
403.133	0.05	Adapter 3839Hz	54	3.839	70.00	0.437
403.213	0.05	Adapter 3839Hz	54	3.839	70.00	0.437
403.473	0.05	Adapter 3839Hz	54	3.839	70.00	0.437
403.553	0.05	Adapter 3839Hz	54	3.839	70.00	0.437
403.633	0.05	Adapter 3839Hz	54	3.839	70.00	0.437
403.713	0.05	Adapter 3839Hz	54	3.839	70.00	0.437
403.973	0.05	Adapter 3839Hz	54	3.839	70.00	0.437
404.053	0.05	Adapter 3839Hz	54	3.839	70.00	0.437
404.133	0.05	Adapter 3839Hz	54	3.839	70.00	0.437
404.213	0.05	Adapter 3839Hz	54	3.839	70.00	0.437
404.473	0.05	Adapter 3839Hz	54	3.839	70.00	0.437
404.553	0.05	Adapter 3839Hz	54	3.839	70.00	0.437
404.633	0.05	Adapter 3839Hz	54	3.839	70.00	0.437
404.713	0.05	Adapter 3839Hz	54	3.839	70.00	0.437
414.98	0.05	Adapter 2423Hz	56	2.423	70.00	0.285
415.06	0.05	Adapter 2423Hz	56	2.423	70.00	0.285
415.14	0.05	Adapter 2423Hz	56	2.423	70.00	0.285
415.22	0.05	Adapter 2423Hz	56	2.423	70.00	0.285
415.48	0.05	Adapter 2423Hz	56	2.423	70.00	0.285
415.56	0.05	Adapter 2423Hz	56	2.423	70.00	0.285
415.64	0.05	Adapter 2423Hz	56	2.423	70.00	0.285
415.72	0.05	Adapter 2423Hz	56	2.423	70.00	0.285
415.98	0.05	Adapter 2423Hz	56	2.423	70.00	0.285
416.06	0.05	Adapter 2423Hz	56	2.423	70.00	0.285
416.14	0.05	Adapter 2423Hz	56	2.423	70.00	0.285
416.22	0.05	Adapter 2423Hz	56	2.423	70.00	0.285
416.48	0.05	Adapter 2423Hz	56	2.423	70.00	0.285
416.56	0.05	Adapter 2423Hz	56	2.423	70.00	0.285
416.64	0.05	Adapter 2423Hz	56	2.423	70.00	0.285
416.72	0.05	Adapter 2423Hz	56	2.423	70.00	0.285
416.98	0.05	Adapter 2423Hz	56	2.423	70.00	0.285
417.06	0.05	Adapter 2423Hz	56	2.423	70.00	0.285
417.14	0.05	Adapter 2423Hz	56	2.423	70.00	0.285
417.22	0.05	Adapter 2423Hz	56	2.423	70.00	0.285
417.48	0.05	Adapter 2423Hz	56	2.423	70.00	0.285
417.56	0.05	Adapter 2423Hz	56	2.423	70.00	0.285
417.64	0.05	Adapter 2423Hz	56	2.423	70.00	0.285
417.72	0.05	Adapter 2423Hz	56	2.423	70.00	0.285
417.98	0.05	Adapter 2423Hz	56	2.423	70.00	0.285
418.06	0.05	Adapter 2423Hz	56	2.423	70.00	0.285
418.14	0.05	Adapter 2423Hz	56	2.423	70.00	0.285
418.22	0.05	Adapter 2423Hz	56	2.423	70.00	0.285
418.48	0.05	Adapter 2423Hz	56	2.423	70.00	0.285
418.56	0.05	Adapter 2423Hz	56	2.423	70.00	0.285
418.64	0.05	Adapter 2423Hz	56	2.423	70.00	0.285
418.72	0.05	Adapter 2423Hz	56	2.423	70.00	0.285
418.98	0.05	Adapter 2423Hz	56	2.423	70.00	0.285
419.06	0.05	Adapter 2423Hz	56	2.423	70.00	0.285
419.14	0.05	Adapter 2423Hz	56	2.423	70.00	0.285
419.22	0.05	Adapter 2423Hz	56	2.423	70.00	0.285
419.48	0.05	Adapter 2423Hz	56	2.423	70.00	0.285
419.56	0.05	Adapter 2423Hz	56	2.423	70.00	0.285
419.64	0.05	Adapter 2423Hz	56	2.423	70.00	0.285
419.72	0.05	Adapter 2423Hz	56	2.423	70.00	0.285
422.5	0.05	Adapter 2423Hz Probe 3839Hz	57	2.423	70.00	0.285
422.58	0.05	Adapter 2423Hz Probe 3839Hz	57	2.423	70.00	0.285
422.66	0.05	Adapter 2423Hz Probe 3839Hz	57	2.423	70.00	0.285
422.74	0.05	Adapter 2423Hz Probe 3839Hz	57	2.423	70.00	0.285
422.82	0.05	Adapter 2423Hz Probe 3839Hz	57	3.839	70.00	0.437
423.0	0.05	Adapter 2423Hz Probe 3839Hz	57	2.423	70.00	0.285
423.08	0.05	Adapter 2423Hz Probe 3839Hz	57	2.423	70.00	0.285
423.16	0.05	Adapter 2423Hz Probe 3839Hz	57	2.423	70.00	0.285
423.24	0.05	Adapter 2423Hz Probe 3839Hz	57	2.423	70.00	0.285
423.32	0.05	Adapter 2423Hz Probe 3839Hz	57	3.839	70.00	0.437
423.5	0.05	Adapter 2423Hz Probe 3839Hz	57	2.423	70.00	0.285
423.58	0.05	Adapter 2423Hz Probe 3839Hz	57	2.423	70.00	0.285
423.66	0.05	Adapter 2423Hz Probe 3839Hz	57	2.423	70.00	0.285
423.74	0.05	Adapter 2423Hz Probe 3839Hz	57	2.423	70.00	0.285
423.82	0.05	Adapter 2423Hz Probe 3839Hz	57	3.839	70.00	0.437
424.0	0.05	Adapter 2423Hz Probe 3839Hz	57	2.423	70.00	0.285
424.08	0.05	Adapter 2423Hz Probe 3839Hz	57	2.423	70.00	0.285
424.16	0.05	Adapter 2423Hz Probe 3839Hz	57	2.423	70.00	0.285
424.24	0.05	Adapter 2423Hz Probe 3839Hz	57	2.423	70.00	0.285
424.32	0.05	Adapter 2423Hz Probe 3839Hz	57	3.839	70.00	0.437
424.5	0.05	Adapter 2423Hz Probe 3839Hz	57	2.423	70.00	0.285
424.58	0.05	Adapter 2423Hz Probe 3839Hz	57	2.423	70.00	0.285
424.66	0.05	Adapter 2423Hz Probe 3839Hz	57	2.423	70.00	0.285
424.74	0.05	Adapter 2423Hz Probe 3839Hz	57	2.423	70.00	0.285
424.82	0.05	Adapter 2423Hz Probe 3839Hz	57	3.839	70.00	0.437
425.0	0.05	Adapter 2423Hz Probe 3839Hz	57	2.423	70.00	0.285
425.08	0.05	Adapter 2423Hz Probe 3839Hz	57	2.423	70.00	0.285
425.16	0.05	Adapter 2423Hz Probe 3839Hz	57	2.423	70.00	0.285
425.24	0.05	Adapter 2423Hz Probe 3839Hz	57	2.423	70.00	0.285
425.32	0.05	Adapter 2423Hz Probe 3839Hz	57	3.839	70.00	0.437
425.5	0.05	Adapter 2423Hz Probe 3839Hz	57	2.423	70.00	0.285
425.58	0.05	Adapter 2423Hz Probe 3839Hz	57	2.423	70.00	0.285
425.66	0.05	Adapter 2423Hz Probe 3839Hz	57	2.423	70.00	0.285
425.74	0.05	Adapter 2423Hz Probe 3839Hz	57	2.423	70.00	0.285
425.82	0.05	Adapter 2423Hz Probe 3839Hz	57	3.839	70.00	0.437
426.0	0.05	Adapter 2423Hz Probe 3839Hz	57	2.423	70.00	0.285
426.08	0.05	Adapter 2423Hz Probe 3839Hz	57	2.423	70.00	0.285
426.16	0.05	Adapter 2423Hz Probe 3839Hz	57	2.423	70.00	0.285
426.24	0.05	Adapter 2423Hz Probe 3839Hz	57	2.423	70.00	0.285
426.32	0.05	Adapter 2423Hz Probe 3839Hz	57	3.839	70.00	0.437
426.5	0.05	Adapter 2423Hz Probe 3839Hz	57	2.423	70.00	0.285
426.58	0.05	Adapter 2423Hz Probe 3839Hz	57	2.423	70.00	0.285
426.66	0.05	Adapter 2423Hz Probe 3839Hz	57	2.423	70.00	0.285
426.74	0.05	Adapter 2423Hz Probe 3839Hz	57	2.423	70.00	0.285
426.82	0.05	Adapter 2423Hz Probe 3839Hz	57	3.839	70.00	0.437
427.0	0.05	Adapter 2423Hz Probe 3839Hz	57	2.423	70.00	0.285
427.08	0.05	Adapter 2423Hz Probe 3839Hz	57	2.423	70.00	0.285
427.16	0.05	Adapter 2423Hz Probe 3839Hz	57	2.423	70.00	0.285
427.24	0.05	Adapter 2423Hz Probe 3839Hz	57	2.423	70.00	0.285
427.32	0.05	Adapter 2423Hz Probe 3839Hz	57	3.839	70.00	0.437
429.972	0.05	Adapter 507Hz	58	0.507	70.00	0.079
430.052	0.05	Adapter 507Hz	58	0.507	70.00	0.079
430.132	0.05	Adapter 507Hz	58	0.507	70.00	0.079
430.212	0.05	Adapter 507Hz	58	0.507	70.00	0.079
430.472	0.05	Adapter 507Hz	58	0.507	70.00	0.079
430.552	0.05	Adapter 507Hz	58	0.507	70.00	0.079
430.632	0.05	Adapter 507Hz	58	0.507	70.00	0.079
430.712	0.05	Adapter 507Hz	58	0.507	70.00	0.079
430.972	0.05	Adapter 507Hz	58	0.507	70.00	0.079
431.052	0.05	Adapter 507Hz	58	0.507	70.00	0.079
431.132	0.05	Adapter 507Hz	58	0.507	70.00	0.079
431.212	0.05	Adapter 507Hz	58	0.507	70.00	0.079
431.472	0.05	Adapter 507Hz	58	0.507	70.00	0.079
431.552	0.05	Adapter 507Hz	58	0.507	70.00	0.079
431.632	0.05	Adapter 507Hz	58	0.507	70.00	0.079
431.712	0.05	Adapter 507Hz	58	0.507	70.00	0.079
431.972	0.05	Adapter 507Hz	58	0.507	70.00	0.079
432.052	0.05	Adapter 507Hz	58	0.507	70.00	0.079
432.132	0.05	Adapter 507Hz	58	0.507	70.00	0.079
432.212	0.05	Adapter 507Hz	58	0.507	70.00	0.079
432.472	0.05	Adapter 507Hz	58	0.507	70.00	0.079
432.552	0.05	Adapter 507Hz	58	0.507	70.00	0.079
432.632	0.05	Adapter 507Hz	58	0.507	70.00	0.079
432.712	0.05	Adapter 507Hz	58	0.507	70.00	0.079
432.972	0.05	Adapter 507Hz	58	0.507	70.00	0.079
433.052	0.05	Adapter 507Hz	58	0.507	70.00	0.079
433.132	0.05	Adapter 507Hz	58	0.507	70.00	0.079
433.212	0.05	Adapter 507Hz	58	0.507	70.00	0.079
433.472	0.05	Adapter 507Hz	58	0.507	70.00	0.079
433.552	0.05	Adapter 507Hz	58	0.507	70.00	0.079
433.632	0.05	Adapter 507Hz	58	0.507	70.00	0.079
433.712	0.05	Adapter 507Hz	58	0.507	70.00	0.079
433.972	0.05	Adapter 507Hz	58	0.507	70.00	0.079
434.052	0.05	Adapter 507Hz	58	0.507	70.00	0.079
434.132	0.05	Adapter 507Hz	58	0.507	70.00	0.079
434.212	0.05	Adapter 507Hz	58	0.507	70.00	0.079
434.472	0.05	Adapter 507Hz	58	0.507	70.00	0.079
434.552	0.05	Adapter 507Hz	58	0.507	70.00	0.079
434.632	0.05	Adapter 507Hz	58	0.507	70.00	0.079
434.712	0.05	Adapter 507Hz	58	0.507	70.00	0.079
437.507	0.05	Adapter 507Hz Probe 3839Hz	59	0.507	70.00	0.079
437.587	0.05	Adapter 507Hz Probe 3839Hz	59	0.507	70.00	0.079
437.667	0.05	Adapter 507Hz Probe 3839Hz	59	0.507	70.00	0.079
437.747	0.05	Adapter 507Hz Probe 3839Hz	59	0.507	70.00	0.079
437.827	0.05	Adapter 507Hz Probe 3839Hz	59	3.839	70.00	0.437
438.007	0.05	Adapter 507Hz Probe 3839Hz	59	0.507	70.00	0.079
438.087	0.05	Adapter 507Hz Probe 3839Hz	59	0.507	70.00	0.079
438.167	0.05	Adapter 507Hz Probe 3839Hz	59	0.507	70.00	0.079
438.247	0.05	Adapter 507Hz Probe 3839Hz	59	0.507	70.00	0.079
438.327	0.05	Adapter 507Hz Probe 3839Hz	59	3.839	70.00	0.437
438.507	0.05	Adapter 507Hz Probe 3839Hz	59	0.507	70.00	0.079
438.587	0.05	Adapter 507Hz Probe 3839Hz	59	0.507	70.00	0.079
438.667	0.05	Adapter 507Hz Probe 3839Hz	59	0.507	70.00	0.079
438.747	0.05	Adapter 507Hz Probe 3839Hz	59	0.507	70.00	0.079
438.827	0.05	Adapter 507Hz Probe 3839Hz	59	3.839	70.00	0.437
439.007	0.05	Adapter 507Hz Probe 3839Hz	59	0.507	70.00	0.079
439.087	0.05	Adapter 507Hz Probe 3839Hz	59	0.507	70.00	0.079
439.167	0.05	Adapter 507Hz Probe 3839Hz	59	0.507	70.00	0.079
439.247	0.05	Adapter 507Hz Probe 3839Hz	59	0.507	70.00	0.079
439.327	0.05	Adapter 507Hz Probe 3839Hz	59	3.839	70.00	0.437
439.507	0.05	Adapter 507Hz Probe 3839Hz	59	0.507	70.00	0.079
439.587	0.05	Adapter 507Hz Probe 3839Hz	59	0.507	70.00	0.079
439.667	0.05	Adapter 507Hz Probe 3839Hz	59	0.507	70.00	0.079
439.747	0.05	Adapter 507Hz Probe 3839Hz	59	0.507	70.00	0.079
439.827	0.05	Adapter 507Hz Probe 3839Hz	59	3.839	70.00	0.437
440.007	0.05	Adapter 507Hz Probe 3839Hz	59	0.507	70.00	0.079
440.087	0.05	Adapter 507Hz Probe 3839Hz	59	0.507	70.00	0.079
440.167	0.05	Adapter 507Hz Probe 3839Hz	59	0.507	70.00	0.079
440.247	0.05	Adapter 507Hz Probe 3839Hz	59	0.507	70.00	0.079
440.327	0.05	Adapter 507Hz Probe 3839Hz	59	3.839	70.00	0.437
440.507	0.05	Adapter 507Hz Probe 3839Hz	59	0.507	70.00	0.079
440.587	0.05	Adapter 507Hz Probe 3839Hz	59	0.507	70.00	0.079
440.667	0.05	Adapter 507Hz Probe 3839Hz	59	0.507	70.00	0.079
440.747	0.05	Adapter 507Hz Probe 3839Hz	59	0.507	70.00	0.079
440.827	0.05	Adapter 507Hz Probe 3839Hz	59	3.839	70.00	0.437
441.007	0.05	Adapter 507Hz Probe 3839Hz	59	0.507	70.00	0.079
441.087	0.05	Adapter 507Hz Probe 3839Hz	59	0.507	70.00	0.079
441.167	0.05	Adapter 507Hz Probe 3839Hz	59	0.507	70.00	0.079
441.247	0.05	Adapter 507Hz Probe 3839Hz	59	0.507	70.00	0.079
441.327	0.05	Adapter 507Hz Probe 3839Hz	59	3.839	70.00	0.437
441.507	0.05	Adapter 507Hz Probe 3839Hz	59	0.507	70.00	0.079
441.587	0.05	Adapter 507Hz Probe 3839Hz	59	0.507	70.00	0.079
441.667	0.05	Adapter 507Hz Probe 3839Hz	59	0.507	70.00	0.079
441.747	0.05	Adapter 507Hz Probe 3839Hz	59	0.507	70.00	0.079
441.827	0.05	Adapter 507Hz Probe 3839Hz	59	3.839	70.00	0.437
442.007	0.05	Adapter 507Hz Probe 3839Hz	59	0.507	70.00	0.079
442.087	0.05	Adapter 507Hz Probe 3839Hz	59	0.507	70.00	0.079
442.167	0.05	Adapter 507Hz Probe 3839Hz	59	0.507	70.00	0.079
442.247	0.05	Adapter 507Hz Probe 3839Hz	59	0.507	70.00	0.079
442.327	0.05	Adapter 507Hz Probe 3839Hz	59	3.839	70.00	0.437
452.498	0.05	Adapter 899Hz Probe 3839Hz	61	0.899	70.00	0.121
452.578	0.05	Adapter 899Hz Probe 3839Hz	61	0.899	70.00	0.121
452.658	0.05	Adapter 899Hz Probe 3839Hz	61	0.899	70.00	0.121
452.738	0.05	Adapter 899Hz Probe 3839Hz	61	0.899	70.00	0.121
452.818	0.05	Adapter 899Hz Probe 3839Hz	61	3.839	70.00	0.437
452.998	0.05	Adapter 899Hz Probe 3839Hz	61	0.899	70.00	0.121
453.078	0.05	Adapter 899Hz Probe 3839Hz	61	0.899	70.00	0.121
453.158	0.05	Adapter 899Hz Probe 3839Hz	61	0.899	70.00	0.121
453.238	0.05	Adapter 899Hz Probe 3839Hz	61	0.899	70.00	0.121
453.318	0.05	Adapter 899Hz Probe 3839Hz	61	3.839	70.00	0.437
453.498	0.05	Adapter 899Hz Probe 3839Hz	61	0.899	70.00	0.121
453.578	0.05	Adapter 899Hz Probe 3839Hz	61	0.899	70.00	0.121
453.658	0.05	Adapter 899Hz Probe 3839Hz	61	0.899	70.00	0.121
453.738	0.05	Adapter 899Hz Probe 3839Hz	61	0.899	70.00	0.121
453.818	0.05	Adapter 899Hz Probe 3839Hz	61	3.839	70.00	0.437
453.998	0.05	Adapter 899Hz Probe 3839Hz	61	0.899	70.00	0.121
454.078	0.05	Adapter 899Hz Probe 3839Hz	61	0.899	70.00	0.121
454.158	0.05	Adapter 899Hz Probe 3839Hz	61	0.899	70.00	0.121
454.238	0.05	Adapter 899Hz Probe 3839Hz	61	0.899	70.00	0.121
454.318	0.05	Adapter 899Hz Probe 3839Hz	61	3.839	70.00	0.437
454.498	0.05	Adapter 899Hz Probe 3839Hz	61	0.899	70.00	0.121
454.578	0.05	Adapter 899Hz Probe 3839Hz	61	0.899	70.00	0.121
454.658	0.05	Adapter 899Hz Probe 3839Hz	61	0.899	70.00	0.121
454.738	0.05	Adapter 899Hz Probe 3839Hz	61	0.899	70.00	0.121
454.818	0.05	Adapter 899Hz Probe 3839Hz	61	3.839	70.00	0.437
454.998	0.05	Adapter 899Hz Probe 3839Hz	61	0.899	70.00	0.121
455.078	0.05	Adapter 899Hz Probe 3839Hz	61	0.899	70.00	0.121
455.158	0.05	Adapter 899Hz Probe 3839Hz	61	0.899	70.00	0.121
455.238	0.05	Adapter 899Hz Probe 3839Hz	61	0.899	70.00	0.121
455.318	0.05	Adapter 899Hz Probe 3839Hz	61	3.839	70.00	0.437
455.498	0.05	Adapter 899Hz Probe 3839Hz	61	0.899	70.00	0.121
455.578	0.05	Adapter 899Hz Probe 3839Hz	61	0.899	70.00	0.121
455.658	0.05	Adapter 899Hz Probe 3839Hz	61	0.899	70.00	0.121
455.738	0.05	Adapter 899Hz Probe 3839Hz	61	0.899	70.00	0.121
455.818	0.05	Adapter 899Hz Probe 3839Hz	61	3.839	70.00	0.437
455.998	0.05	Adapter 899Hz Probe 3839Hz	61	0.899	70.00	0.121
456.078	0.05	Adapter 899Hz Probe 3839Hz	61	0.899	70.00	0.121
456.158	0.05	Adapter 899Hz Probe 3839Hz	61	0.899	70.00	0.121
456.238	0.05	Adapter 899Hz Probe 3839Hz	61	0.899	70.00	0.121
456.318	0.05	Adapter 899Hz Probe 3839Hz	61	3.839	70.00	0.437
456.498	0.05	Adapter 899Hz Probe 3839Hz	61	0.899	70.00	0.121
456.578	0.05	Adapter 899Hz Probe 3839Hz	61	0.899	70.00	0.121
456.658	0.05	Adapter 899Hz Probe 3839Hz	61	0.899	70.00	0.121
456.738	0.05	Adapter 899Hz Probe 3839Hz	61	0.899	70.00	0.121
456.818	0.05	Adapter 899Hz Probe 3839Hz	61	3.839	70.00	0.437
456.998	0.05	Adapter 899Hz Probe 3839Hz	61	0.899	70.00	0.121
457.078	0.05	Adapter 899Hz Probe 3839Hz	61	0.899	70.00	0.121
457.158	0.05	Adapter 899Hz Probe 3839Hz	61	0.899	70.00	0.121
457.238	0.05	Adapter 899Hz Probe 3839Hz	61	0.899	70.00	0.121
457.318	0.05	Adapter 899Hz Probe 3839Hz	61	3.839	70.00	0.437
460.018	0.05	Adapter 3839Hz Probe 3839Hz	62	3.839	70.00	0.437
460.098	0.05	Adapter 3839Hz Probe 3839Hz	62	3.839	70.00	0.437
460.178	0.05	Adapter 3839Hz Probe 3839Hz	62	3.839	70.00	0.437
460.258	0.05	Adapter 3839Hz Probe 3839Hz	62	3.839	70.00	0.437
460.338	0.05	Adapter 3839Hz Probe 3839Hz	62	3.839	70.00	0.437
460.518	0.05	Adapter 3839Hz Probe 3839Hz	62	3.839	70.00	0.437
460.598	0.05	Adapter 3839Hz Probe 3839Hz	62	3.839	70.00	0.437
460.678	0.05	Adapter 3839Hz Probe 3839Hz	62	3.839	70.00	0.437
460.758	0.05	Adapter 3839Hz Probe 3839Hz	62	3.839	70.00	0.437
460.838	0.05	Adapter 3839Hz Probe 3839Hz	62	3.839	70.00	0.437
461.018	0.05	Adapter 3839Hz Probe 3839Hz	62	3.839	70.00	0.437
461.098	0.05	Adapter 3839Hz Probe 3839Hz	62	3.839	70.00	0.437
461.178	0.05	Adapter 3839Hz Probe 3839Hz	62	3.839	70.00	0.437
461.258	0.05	Adapter 3839Hz Probe 3839Hz	62	3.839	70.00	0.437
461.338	0.05	Adapter 3839Hz Probe 3839Hz	62	3.839	70.00	0.437
461.518	0.05	Adapter 3839Hz Probe 3839Hz	62	3.839	70.00	0.437
461.598	0.05	Adapter 3839Hz Probe 3839Hz	62	3.839	70.00	0.437
461.678	0.05	Adapter 3839Hz Probe 3839Hz	62	3.839	70.00	0.437
461.758	0.05	Adapter 3839Hz Probe 3839Hz	62	3.839	70.00	0.437
461.838	0.05	Adapter 3839Hz Probe 3839Hz	62	3.839	70.00	0.437
462.018	0.05	Adapter 3839Hz Probe 3839Hz	62	3.839	70.00	0.437
462.098	0.05	Adapter 3839Hz Probe 3839Hz	62	3.839	70.00	0.437
462.178	0.05	Adapter 3839Hz Probe 3839Hz	62	3.839	70.00	0.437
462.258	0.05	Adapter 3839Hz Probe 3839Hz	62	3.839	70.00	0.437
462.338	0.05	Adapter 3839Hz Probe 3839Hz	62	3.839	70.00	0.437
462.518	0.05	Adapter 3839Hz Probe 3839Hz	62	3.839	70.00	0.437
462.598	0.05	Adapter 3839Hz Probe 3839Hz	62	3.839	70.00	0.437
462.678	0.05	Adapter 3839Hz Probe 3839Hz	62	3.839	70.00	0.437
462.758	0.05	Adapter 3839Hz Probe 3839Hz	62	3.839	70.00	0.437
462.838	0.05	Adapter 3839Hz Probe 3839Hz	62	3.839	70.00	0.437
463.018	0.05	Adapter 3839Hz Probe 3839Hz	62	3.839	70.00	0.437
463.098	0.05	Adapter 3839Hz Probe 3839Hz	62	3.839	70.00	0.437
463.178	0.05	Adapter 3839Hz Probe 3839Hz	62	3.839	70.00	0.437
463.258	0.05	Adapter 3839Hz Probe 3839Hz	62	3.839	70.00	0.437
463.338	0.05	Adapter 3839Hz Probe 3839Hz	62	3.839	70.00	0.437
463.518	0.05	Adapter 3839Hz Probe 3839Hz	62	3.839	70.00	0.437
463.598	0.05	Adapter 3839Hz Probe 3839Hz	62	3.839	70.00	0.437
463.678	0.05	Adapter 3839Hz Probe 3839Hz	62	3.839	70.00	0.437
463.758	0.05	Adapter 3839Hz Probe 3839Hz	62	3.839	70.00	0.437
463.838	0.05	Adapter 3839Hz Probe 3839Hz	62	3.839	70.00	0.437
464.018	0.05	Adapter 3839Hz Probe 3839Hz	62	3.839	70.00	0.437
464.098	0.05	Adapter 3839Hz Probe 3839Hz	62	3.839	70.00	0.437
464.178	0.05	Adapter 3839Hz Probe 3839Hz	62	3.839	70.00	0.437
464.258	0.05	Adapter 3839Hz Probe 3839Hz	62	3.839	70.00	0.437
464.338	0.05	Adapter 3839Hz Probe 3839Hz	62	3.839	70.00	0.437
464.518	0.05	Adapter 3839Hz Probe 3839Hz	62	3.839	70.00	0.437
464.598	0.05	Adapter 3839Hz Probe 3839Hz	62	3.839	70.00	0.437
464.678	0.05	Adapter 3839Hz Probe 3839Hz	62	3.839	70.00	0.437
464.758	0.05	Adapter 3839Hz Probe 3839Hz	62	3.839	70.00	0.437
464.838	0.05	Adapter 3839Hz Probe 3839Hz	62	3.839	70.00	0.437
467.506	0.05	Adapter 6009Hz	63	6.009	70.00	0.671
467.586	0.05	Adapter 6009Hz	63	6.009	70.00	0.671
467.666	0.05	Adapter 6009Hz	63	6.009	70.00	0.671
467.746	0.05	Adapter 6009Hz	63	6.009	70.00	0.671
468.006	0.05	Adapter 6009Hz	63	6.009	70.00	0.671
468.086	0.05	Adapter 6009Hz	63	6.009	70.00	0.671
468.166	0.05	Adapter 6009Hz	63	6.009	70.00	0.671
468.246	0.05	Adapter 6009Hz	63	6.009	70.00	0.671
468.506	0.05	Adapter 6009Hz	63	6.009	70.00	0.671
468.586	0.05	Adapter 6009Hz	63	6.009	70.00	0.671
468.666	0.05	Adapter 6009Hz	63	6.009	70.00	0.671
468.746	0.05	Adapter 6009Hz	63	6.009	70.00	0.671
469.006	0.05	Adapter 6009Hz	63	6.009	70.00	0.671
469.086	0.05	Adapter 6009Hz	63	6.009	70.00	0.671
469.166	0.05	Adapter 6009Hz	63	6.009	70.00	0.671
469.246	0.05	Adapter 6009Hz	63	6.009	70.00	0.671
469.506	0.05	Adapter 6009Hz	63	6.009	70.00	0.671
469.586	0.05	Adapter 6009Hz	63	6.009	70.00	0.671
469.666	0.05	Adapter 6009Hz	63	6.009	70.00	0.671
469.746	0.05	Adapter 6009Hz	63	6.009	70.00	0.671
470.006	0.05	Adapter 6009Hz	63	6.009	70.00	0.671
470.086	0.05	Adapter 6009Hz	63	6.009	70.00	0.671
470.166	0.05	Adapter 6009Hz	63	6.009	70.00	0.671
470.246	0.05	Adapter 6009Hz	63	6.009	70.00	0.671
470.506	0.05	Adapter 6009Hz	63	6.009	70.00	0.671
470.586	0.05	Adapter 6009Hz	63	6.009	70.00	0.671
470.666	0.05	Adapter 6009Hz	63	6.009	70.00	0.671
470.746	0.05	Adapter 6009Hz	63	6.009	70.00	0.671
471.006	0.05	Adapter 6009Hz	63	6.009	70.00	0.671
471.086	0.05	Adapter 6009Hz	63	6.009	70.00	0.671
471.166	0.05	Adapter 6009Hz	63	6.009	70.00	0.671
471.246	0.05	Adapter 6009Hz	63	6.009	70.00	0.671
471.506	0.05	Adapter 6009Hz	63	6.009	70.00	0.671
471.586	0.05	Adapter 6009Hz	63	6.009	70.00	0.671
471.666	0.05	Adapter 6009Hz	63	6.009	70.00	0.671
471.746	0.05	Adapter 6009Hz	63	6.009	70.00	0.671
472.006	0.05	Adapter 6009Hz	63	6.009	70.00	0.671
472.086	0.05	Adapter 6009Hz	63	6.009	70.00	0.671
472.166	0.05	Adapter 6009Hz	63	6.009	70.00	0.671
472.246	0.05	Adapter 6009Hz	63	6.009	70.00	0.671
474.994	0.05	Adapter 1501Hz	64	1.501	70.00	0.186
475.074	0.05	Adapter 1501Hz	64	1.501	70.00	0.186
475.154	0.05	Adapter 1501Hz	64	1.501	70.00	0.186
475.234	0.05	Adapter 1501Hz	64	1.501	70.00	0.186
475.494	0.05	Adapter 1501Hz	64	1.501	70.00	0.186
475.574	0.05	Adapter 1501Hz	64	1.501	70.00	0.186
475.654	0.05	Adapter 1501Hz	64	1.501	70.00	0.186
475.734	0.05	Adapter 1501Hz	64	1.501	70.00	0.186
475.994	0.05	Adapter 1501Hz	64	1.501	70.00	0.186
476.074	0.05	Adapter 1501Hz	64	1.501	70.00	0.186
476.154	0.05	Adapter 1501Hz	64	1.501	70.00	0.186
476.234	0.05	Adapter 1501Hz	64	1.501	70.00	0.186
476.494	0.05	Adapter 1501Hz	64	1.501	70.00	0.186
476.574	0.05	Adapter 1501Hz	64	1.501	70.00	0.186
476.654	0.05	Adapter 1501Hz	64	1.501	70.00	0.186
476.734	0.05	Adapter 1501Hz	64	1.501	70.00	0.186
476.994	0.05	Adapter 1501Hz	64	1.501	70.00	0.186
477.074	0.05	Adapter 1501Hz	64	1.501	70.00	0.186
477.154	0.05	Adapter 1501Hz	64	1.501	70.00	0.186
477.234	0.05	Adapter 1501Hz	64	1.501	70.00	0.186
477.494	0.05	Adapter 1501Hz	64	1.501	70.00	0.186
477.574	0.05	Adapter 1501Hz	64	1.501	70.00	0.186
477.654	0.05	Adapter 1501Hz	64	1.501	70.00	0.186
477.734	0.05	Adapter 1501Hz	64	1.501	70.00	0.186
477.994	0.05	Adapter 1501Hz	64	1.501	70.00	0.186
478.074	0.05	Adapter 1501Hz	64	1.501	70.00	0.186
478.154	0.05	Adapter 1501Hz	64	1.501	70.00	0.186
478.234	0.05	Adapter 1501Hz	64	1.501	70.00	0.186
478.494	0.05	Adapter 1501Hz	64	1.501	70.00	0.186
478.574	0.05	Adapter 1501Hz	64	1.501	70.00	0.186
478.654	0.05	Adapter 1501Hz	64	1.501	70.00	0.186
478.734	0.05	Adapter 1501Hz	64	1.501	70.00	0.186
478.994	0.05	Adapter 1501Hz	64	1.501	70.00	0.186
479.074	0.05	Adapter 1501Hz	64	1.501	70.00	0.186
479.154	0.05	Adapter 1501Hz	64	1.501	70.00	0.186
479.234	0.05	Adapter 1501Hz	64	1.501	70.00	0.186
479.494	0.05	Adapter 1501Hz	64	1.501	70.00	0.186
479.574	0.05	Adapter 1501Hz	64	1.501	70.00	0.186
479.654	0.05	Adapter 1501Hz	64	1.501	70.00	0.186
479.734	0.05	Adapter 1501Hz	64	1.501	70.00	0.186
