onset	duration	trial_type	scan	frequency_kHz	level_dB_SPL	bandwidth_kHz
2.5	0.05	Adapter 3839Hz Probe 3839Hz	1	3.839	70.00	0.437
2.58	0.05	Adapter 3839Hz Probe 3839Hz	1	3.839	70.00	0.437
2.66	0.05	Adapter 3839Hz Probe 3839Hz	1	3.839	70.00	0.437
2.74	0.05	Adapter 3839Hz Probe 3839Hz	1	3.839	70.00	0.437
2.82	0.05	Adapter 3839Hz Probe 3839Hz	1	3.839	70.00	0.437
3.0	0.05	Adapter 3839Hz Probe 3839Hz	1	3.839	70.00	0.437
3.08	0.05	Adapter 3839Hz Probe 3839Hz	1	3.839	70.00	0.437
3.16	0.05	Adapter 3839Hz Probe 3839Hz	1	3.839	70.00	0.437
3.24	0.05	Adapter 3839Hz Probe 3839Hz	1	3.839	70.00	0.437
3.32	0.05	Adapter 3839Hz Probe 3839Hz	1	3.839	70.00	0.437
3.5	0.05	Adapter 3839Hz Probe 3839Hz	1	3.839	70.00	0.437
3.58	0.05	Adapter 3839Hz Probe 3839Hz	1	3.839	70.00	0.437
3.66	0.05	Adapter 3839Hz Probe 3839Hz	1	3.839	70.00	0.437
3.74	0.05	Adapter 3839Hz Probe 3839Hz	1	3.839	70.00	0.437
3.82	0.05	Adapter 3839Hz Probe 3839Hz	1	3.839	70.00	0.437
4.0	0.05	Adapter 3839Hz Probe 3839Hz	1	3.839	70.00	0.437
4.08	0.05	Adapter 3839Hz Probe 3839Hz	1	3.839	70.00	0.437
4.16	0.05	Adapter 3839Hz Probe 3839Hz	1	3.839	70.00	0.437
4.24	0.05	Adapter 3839Hz Probe 3839Hz	1	3.839	70.00	0.437
4.32	0.05	Adapter 3839Hz Probe 3839Hz	1	3.839	70.00	0.437
4.5	0.05	Adapter 3839Hz Probe 3839Hz	1	3.839	70.00	0.437
4.58	0.05	Adapter 3839Hz Probe 3839Hz	1	3.839	70.00	0.437
4.66	0.05	Adapter 3839Hz Probe 3839Hz	1	3.839	70.00	0.437
4.74	0.05	Adapter 3839Hz Probe 3839Hz	1	3.839	70.00	0.437
4.82	0.05	Adapter 3839Hz Probe 3839Hz	1	3.839	70.00	0.437
5.0	0.05	Adapter 3839Hz Probe 3839Hz	1	3.839	70.00	0.437
5.08	0.05	Adapter 3839Hz Probe 3839Hz	1	3.839	70.00	0.437
5.16	0.05	Adapter 3839Hz Probe 3839Hz	1	3.839	70.00	0.437
5.24	0.05	Adapter 3839Hz Probe 3839Hz	1	3.839	70.00	0.437
5.32	0.05	Adapter 3839Hz Probe 3839Hz	1	3.839	70.00	0.437
5.5	0.05	Adapter 3839Hz Probe 3839Hz	1	3.839	70.00	0.437
5.58	0.05	Adapter 3839Hz Probe 3839Hz	1	3.839	70.00	0.437
5.66	0.05	Adapter 3839Hz Probe 3839Hz	1	3.839	70.00	0.437
5.74	0.05	Adapter 3839Hz Probe 3839Hz	1	3.839	70.00	0.437
5.82	0.05	Adapter 3839Hz Probe 3839Hz	1	3.839	70.00	0.437
6.0	0.05	Adapter 3839Hz Probe 3839Hz	1	3.839	70.00	0.437
6.08	0.05	Adapter 3839Hz Probe 3839Hz	1	3.839	70.00	0.437
6.16	0.05	Adapter 3839Hz Probe 3839Hz	1	3.839	70.00	0.437
6.24	0.05	Adapter 3839Hz Probe 3839Hz	1	3.839	70.00	0.437
6.32	0.05	Adapter 3839Hz Probe 3839Hz	1	3.839	70.00	0.437
6.5	0.05	Adapter 3839Hz Probe 3839Hz	1	3.839	70.00	0.437
6.58	0.05	Adapter 3839Hz Probe 3839Hz	1	3.839	70.00	0.437
6.66	0.05	Adapter 3839Hz Probe 3839Hz	1	3.839	70.00	0.437
6.74	0.05	Adapter 3839Hz Probe 3839Hz	1	3.839	70.00	0.437
6.82	0.05	Adapter 3839Hz Probe 3839Hz	1	3.839	70.00	0.437
7.0	0.05	Adapter 3839Hz Probe 3839Hz	1	3.839	70.00	0.437
7.08	0.05	Adapter 3839Hz Probe 3839Hz	1	3.839	70.00	0.437
7.16	0.05	Adapter 3839Hz Probe 3839Hz	1	3.839	70.00	0.437
7.24	0.05	Adapter 3839Hz Probe 3839Hz	1	3.839	70.00	0.437
7.32	0.05	Adapter 3839Hz Probe 3839Hz	1	3.839	70.00	0.437
10.003	0.05	Adapter 1501Hz	2	1.501	70.00	0.186
10.083	0.05	Adapter 1501Hz	2	1.501	70.00	0.186
10.163	0.05	Adapter 1501Hz	2	1.501	70.00	0.186
10.243	0.05	Adapter 1501Hz	2	1.501	70.00	0.186
10.503	0.05	Adapter 1501Hz	2	1.501	70.00	0.186
10.583	0.05	Adapter 1501Hz	2	1.501	70.00	0.186
10.663	0.05	Adapter 1501Hz	2	1.501	70.00	0.186
10.743	0.05	Adapter 1501Hz	2	1.501	70.00	0.186
11.003	0.05	Adapter 1501Hz	2	1.501	70.00	0.186
11.083	0.05	Adapter 1501Hz	2	1.501	70.00	0.186
11.163	0.05	Adapter 1501Hz	2	1.501	70.00	0.186
11.243	0.05	Adapter 1501Hz	2	1.501	70.00	0.186
11.503	0.05	Adapter 1501Hz	2	1.501	70.00	0.186
11.583	0.05	Adapter 1501Hz	2	1.501	70.00	0.186
11.663	0.05	Adapter 1501Hz	2	1.501	70.00	0.186
11.743	0.05	Adapter 1501Hz	2	1.501	70.00	0.186
12.003	0.05	Adapter 1501Hz	2	1.501	70.00	0.186
12.083	0.05	Adapter 1501Hz	2	1.501	70.00	0.186
12.163	0.05	Adapter 1501Hz	2	1.501	70.00	0.186
12.243	0.05	Adapter 1501Hz	2	1.501	70.00	0.186
12.503	0.05	Adapter 1501Hz	2	1.501	70.00	0.186
12.583	0.05	Adapter 1501Hz	2	1.501	70.00	0.186
12.663	0.05	Adapter 1501Hz	2	1.501	70.00	0.186
12.743	0.05	Adapter 1501Hz	2	1.501	70.00	0.186
13.003	0.05	Adapter 1501Hz	2	1.501	70.00	0.186
13.083	0.05	Adapter 1501Hz	2	1.501	70.00	0.186
13.163	0.05	Adapter 1501Hz	2	1.501	70.00	0.186
13.243	0.05	Adapter 1501Hz	2	1.501	70.00	0.186
13.503	0.05	Adapter 1501Hz	2	1.501	70.00	0.186
13.583	0.05	Adapter 1501Hz	2	1.501	70.00	0.186
13.663	0.05	Adapter 1501Hz	2	1.501	70.00	0.186
13.743	0.05	Adapter 1501Hz	2	1.501	70.00	0.186
14.003	0.05	Adapter 1501Hz	2	1.501	70.00	0.186
14.083	0.05	Adapter 1501Hz	2	1.501	70.00	0.186
14.163	0.05	Adapter 1501Hz	2	1.501	70.00	0.186
14.243	0.05	Adapter 1501Hz	2	1.501	70.00	0.186
14.503	0.05	Adapter 1501Hz	2	1.501	70.00	0.186
14.583	0.05	Adapter 1501Hz	2	1.501	70.00	0.186
14.663	0.05	Adapter 1501Hz	2	1.501	70.00	0.186
14.743	0.05	Adapter 1501Hz	2	1.501	70.00	0.186
17.523	0.05	Adapter 507Hz Probe 3839Hz	3	0.507	70.00	0.079
17.603	0.05	Adapter 507Hz Probe 3839Hz	3	0.507	70.00	0.079
17.683	0.05	Adapter 507Hz Probe 3839Hz	3	0.507	70.00	0.079
17.763	0.05	Adapter 507Hz Probe 3839Hz	3	0.507	70.00	0.079
17.843	0.05	Adapter 507Hz Probe 3839Hz	3	3.839	70.00	0.437
18.023	0.05	Adapter 507Hz Probe 3839Hz	3	0.507	70.00	0.079
18.103	0.05	Adapter 507Hz Probe 3839Hz	3	0.507	70.00	0.079
18.183	0.05	Adapter 507Hz Probe 3839Hz	3	0.507	70.00	0.079
18.263	0.05	Adapter 507Hz Probe 3839Hz	3	0.507	70.00	0.079
18.343	0.05	Adapter 507Hz Probe 3839Hz	3	3.839	70.00	0.437
18.523	0.05	Adapter 507Hz Probe 3839Hz	3	0.507	70.00	0.079
18.603	0.05	Adapter 507Hz Probe 3839Hz	3	0.507	70.00	0.079
18.683	0.05	Adapter 507Hz Probe 3839Hz	3	0.507	70.00	0.079
18.763	0.05	Adapter 507Hz Probe 3839Hz	3	0.507	70.00	0.079
18.843	0.05	Adapter 507Hz Probe 3839Hz	3	3.839	70.00	0.437
19.023	0.05	Adapter 507Hz Probe 3839Hz	3	0.507	70.00	0.079
19.103	0.05	Adapter 507Hz Probe 3839Hz	3	0.507	70.00	0.079
19.183	0.05	Adapter 507Hz Probe 3839Hz	3	0.507	70.00	0.079
19.263	0.05	Adapter 507Hz Probe 3839Hz	3	0.507	70.00	0.079
19.343	0.05	Adapter 507Hz Probe 3839Hz	3	3.839	70.00	0.437
19.523	0.05	Adapter 507Hz Probe 3839Hz	3	0.507	70.00	0.079
19.603	0.05	Adapter 507Hz Probe 3839Hz	3	0.507	70.00	0.079
19.683	0.05	Adapter 507Hz Probe 3839Hz	3	0.507	70.00	0.079
19.763	0.05	Adapter 507Hz Probe 3839Hz	3	0.507	70.00	0.079
19.843	0.05	Adapter 507Hz Probe 3839Hz	3	3.839	70.00	0.437
20.023	0.05	Adapter 507Hz Probe 3839Hz	3	0.507	70.00	0.079
20.103	0.05	Adapter 507Hz Probe 3839Hz	3	0.507	70.00	0.079
20.183	0.05	Adapter 507Hz Probe 3839Hz	3	0.507	70.00	0.079
20.263	0.05	Adapter 507Hz Probe 3839Hz	3	0.507	70.00	0.079
20.343	0.05	Adapter 507Hz Probe 3839Hz	3	3.839	70.00	0.437
20.523	0.05	Adapter 507Hz Probe 3839Hz	3	0.507	70.00	0.079
20.603	0.05	Adapter 507Hz Probe 3839Hz	3	0.507	70.00	0.079
20.683	0.05	Adapter 507Hz Probe 3839Hz	3	0.507	70.00	0.079
20.763	0.05	Adapter 507Hz Probe 3839Hz	3	0.507	70.00	0.079
20.843	0.05	Adapter 507Hz Probe 3839Hz	3	3.839	70.00	0.437
21.023	0.05	Adapter 507Hz Probe 3839Hz	3	0.507	70.00	0.079
21.103	0.05	Adapter 507Hz Probe 3839Hz	3	0.507	70.00	0.079
21.183	0.05	Adapter 507Hz Probe 3839Hz	3	0.507	70.00	0.079
21.263	0.05	Adapter 507Hz Probe 3839Hz	3	0.507	70.00	0.079
21.343	0.05	Adapter 507Hz Probe 3839Hz	3	3.839	70.00	0.437
21.523	0.05	Adapter 507Hz Probe 3839Hz	3	0.507	70.00	0.079
21.603	0.05	Adapter 507Hz Probe 3839Hz	3	0.507	70.00	0.079
21.683	0.05	Adapter 507Hz Probe 3839Hz	3	0.507	70.00	0.079
21.763	0.05	Adapter 507Hz Probe 3839Hz	3	0.507	70.00	0.079
21.843	0.05	Adapter 507Hz Probe 3839Hz	3	3.839	70.00	0.437
22.023	0.05	Adapter 507Hz Probe 3839Hz	3	0.507	70.00	0.079
22.103	0.05	Adapter 507Hz Probe 3839Hz	3	0.507	70.00	0.079
22.183	0.05	Adapter 507Hz Probe 3839Hz	3	0.507	70.00	0.079
22.263	0.05	Adapter 507Hz Probe 3839Hz	3	0.507	70.00	0.079
22.343	0.05	Adapter 507Hz Probe 3839Hz	3	3.839	70.00	0.437
25.026	0.05	Adapter 1501Hz Probe 3839Hz	4	1.501	70.00	0.186
25.106	0.05	Adapter 1501Hz Probe 3839Hz	4	1.501	70.00	0.186
25.186	0.05	Adapter 1501Hz Probe 3839Hz	4	1.501	70.00	0.186
25.266	0.05	Adapter 1501Hz Probe 3839Hz	4	1.501	70.00	0.186
25.346	0.05	Adapter 1501Hz Probe 3839Hz	4	3.839	70.00	0.437
25.526	0.05	Adapter 1501Hz Probe 3839Hz	4	1.501	70.00	0.186
25.606	0.05	Adapter 1501Hz Probe 3839Hz	4	1.501	70.00	0.186
25.686	0.05	Adapter 1501Hz Probe 3839Hz	4	1.501	70.00	0.186
25.766	0.05	Adapter 1501Hz Probe 3839Hz	4	1.501	70.00	0.186
25.846	0.05	Adapter 1501Hz Probe 3839Hz	4	3.839	70.00	0.437
26.026	0.05	Adapter 1501Hz Probe 3839Hz	4	1.501	70.00	0.186
26.106	0.05	Adapter 1501Hz Probe 3839Hz	4	1.501	70.00	0.186
26.186	0.05	Adapter 1501Hz Probe 3839Hz	4	1.501	70.00	0.186
26.266	0.05	Adapter 1501Hz Probe 3839Hz	4	1.501	70.00	0.186
26.346	0.05	Adapter 1501Hz Probe 3839Hz	4	3.839	70.00	0.437
26.526	0.05	Adapter 1501Hz Probe 3839Hz	4	1.501	70.00	0.186
26.606	0.05	Adapter 1501Hz Probe 3839Hz	4	1.501	70.00	0.186
26.686	0.05	Adapter 1501Hz Probe 3839Hz	4	1.501	70.00	0.186
26.766	0.05	Adapter 1501Hz Probe 3839Hz	4	1.501	70.00	0.186
26.846	0.05	Adapter 1501Hz Probe 3839Hz	4	3.839	70.00	0.437
27.026	0.05	Adapter 1501Hz Probe 3839Hz	4	1.501	70.00	0.186
27.106	0.05	Adapter 1501Hz Probe 3839Hz	4	1.501	70.00	0.186
27.186	0.05	Adapter 1501Hz Probe 3839Hz	4	1.501	70.00	0.186
27.266	0.05	Adapter 1501Hz Probe 3839Hz	4	1.501	70.00	0.186
27.346	0.05	Adapter 1501Hz Probe 3839Hz	4	3.839	70.00	0.437
27.526	0.05	Adapter 1501Hz Probe 3839Hz	4	1.501	70.00	0.186
27.606	0.05	Adapter 1501Hz Probe 3839Hz	4	1.501	70.00	0.186
27.686	0.05	Adapter 1501Hz Probe 3839Hz	4	1.501	70.00	0.186
27.766	0.05	Adapter 1501Hz Probe 3839Hz	4	1.501	70.00	0.186
27.846	0.05	Adapter 1501Hz Probe 3839Hz	4	3.839	70.00	0.437
28.026	0.05	Adapter 1501Hz Probe 3839Hz	4	1.501	70.00	0.186
28.106	0.05	Adapter 1501Hz Probe 3839Hz	4	1.501	70.00	0.186
28.186	0.05	Adapter 1501Hz Probe 3839Hz	4	1.501	70.00	0.186
28.266	0.05	Adapter 1501Hz Probe 3839Hz	4	1.501	70.00	0.186
28.346	0.05	Adapter 1501Hz Probe 3839Hz	4	3.839	70.00	0.437
28.526	0.05	Adapter 1501Hz Probe 3839Hz	4	1.501	70.00	0.186
28.606	0.05	Adapter 1501Hz Probe 3839Hz	4	1.501	70.00	0.186
28.686	0.05	Adapter 1501Hz Probe 3839Hz	4	1.501	70.00	0.186
28.766	0.05	Adapter 1501Hz Probe 3839Hz	4	1.501	70.00	0.186
28.846	0.05	Adapter 1501Hz Probe 3839Hz	4	3.839	70.00	0.437
29.026	0.05	Adapter 1501Hz Probe 3839Hz	4	1.501	70.00	0.186
29.106	0.05	Adapter 1501Hz Probe 3839Hz	4	1.501	70.00	0.186
29.186	0.05	Adapter 1501Hz Probe 3839Hz	4	1.501	70.00	0.186
29.266	0.05	Adapter 1501Hz Probe 3839Hz	4	1.501	70.00	0.186
29.346	0.05	Adapter 1501Hz Probe 3839Hz	4	3.839	70.00	0.437
29.526	0.05	Adapter 1501Hz Probe 3839Hz	4	1.501	70.00	0.186
29.606	0.05	Adapter 1501Hz Probe 3839Hz	4	1.501	70.00	0.186
29.686	0.05	Adapter 1501Hz Probe 3839Hz	4	1.501	70.00	0.186
29.766	0.05	Adapter 1501Hz Probe 3839Hz	4	1.501	70.00	0.186
29.846	0.05	Adapter 1501Hz Probe 3839Hz	4	3.839	70.00	0.437
32.53	0.05	Adapter 2423Hz Probe 3839Hz	5	2.423	70.00	0.285
32.61	0.05	Adapter 2423Hz Probe 3839Hz	5	2.423	70.00	0.285
32.69	0.05	Adapter 2423Hz Probe 3839Hz	5	2.423	70.00	0.285
32.77	0.05	Adapter 2423Hz Probe 3839Hz	5	2.423	70.00	0.285
32.85	0.05	Adapter 2423Hz Probe 3839Hz	5	3.839	70.00	0.437
33.03	0.05	Adapter 2423Hz Probe 3839Hz	5	2.423	70.00	0.285
33.11	0.05	Adapter 2423Hz Probe 3839Hz	5	2.423	70.00	0.285
33.19	0.05	Adapter 2423Hz Probe 3839Hz	5	2.423	70.00	0.285
33.27	0.05	Adapter 2423Hz Probe 3839Hz	5	2.423	70.00	0.285
33.35	0.05	Adapter 2423Hz Probe 3839Hz	5	3.839	70.00	0.437
33.53	0.05	Adapter 2423Hz Probe 3839Hz	5	2.423	70.00	0.285
33.61	0.05	Adapter 2423Hz Probe 3839Hz	5	2.423	70.00	0.285
33.69	0.05	Adapter 2423Hz Probe 3839Hz	5	2.423	70.00	0.285
33.77	0.05	Adapter 2423Hz Probe 3839Hz	5	2.423	70.00	0.285
33.85	0.05	Adapter 2423Hz Probe 3839Hz	5	3.839	70.00	0.437
34.03	0.05	Adapter 2423Hz Probe 3839Hz	5	2.423	70.00	0.285
34.11	0.05	Adapter 2423Hz Probe 3839Hz	5	2.423	70.00	0.285
34.19	0.05	Adapter 2423Hz Probe 3839Hz	5	2.423	70.00	0.285
34.27	0.05	Adapter 2423Hz Probe 3839Hz	5	2.423	70.00	0.285
34.35	0.05	Adapter 2423Hz Probe 3839Hz	5	3.839	70.00	0.437
34.53	0.05	Adapter 2423Hz Probe 3839Hz	5	2.423	70.00	0.285
34.61	0.05	Adapter 2423Hz Probe 3839Hz	5	2.423	70.00	0.285
34.69	0.05	Adapter 2423Hz Probe 3839Hz	5	2.423	70.00	0.285
34.77	0.05	Adapter 2423Hz Probe 3839Hz	5	2.423	70.00	0.285
34.85	0.05	Adapter 2423Hz Probe 3839Hz	5	3.839	70.00	0.437
35.03	0.05	Adapter 2423Hz Probe 3839Hz	5	2.423	70.00	0.285
35.11	0.05	Adapter 2423Hz Probe 3839Hz	5	2.423	70.00	0.285
35.19	0.05	Adapter 2423Hz Probe 3839Hz	5	2.423	70.00	0.285
35.27	0.05	Adapter 2423Hz Probe 3839Hz	5	2.423	70.00	0.285
35.35	0.05	Adapter 2423Hz Probe 3839Hz	5	3.839	70.00	0.437
35.53	0.05	Adapter 2423Hz Probe 3839Hz	5	2.423	70.00	0.285
35.61	0.05	Adapter 2423Hz Probe 3839Hz	5	2.423	70.00	0.285
35.69	0.05	Adapter 2423Hz Probe 3839Hz	5	2.423	70.00	0.285
35.77	0.05	Adapter 2423Hz Probe 3839Hz	5	2.423	70.00	0.285
35.85	0.05	Adapter 2423Hz Probe 3839Hz	5	3.839	70.00	0.437
36.03	0.05	Adapter 2423Hz Probe 3839Hz	5	2.423	70.00	0.285
36.11	0.05	Adapter 2423Hz Probe 3839Hz	5	2.423	70.00	0.285
36.19	0.05	Adapter 2423Hz Probe 3839Hz	5	2.423	70.00	0.285
36.27	0.05	Adapter 2423Hz Probe 3839Hz	5	2.423	70.00	0.285
36.35	0.05	Adapter 2423Hz Probe 3839Hz	5	3.839	70.00	0.437
36.53	0.05	Adapter 2423Hz Probe 3839Hz	5	2.423	70.00	0.285
36.61	0.05	Adapter 2423Hz Probe 3839Hz	5	2.423	70.00	0.285
36.69	0.05	Adapter 2423Hz Probe 3839Hz	5	2.423	70.00	0.285
36.77	0.05	Adapter 2423Hz Probe 3839Hz	5	2.423	70.00	0.285
36.85	0.05	Adapter 2423Hz Probe 3839Hz	5	3.839	70.00	0.437
37.03	0.05	Adapter 2423Hz Probe 3839Hz	5	2.423	70.00	0.285
37.11	0.05	Adapter 2423Hz Probe 3839Hz	5	2.423	70.00	0.285
37.19	0.05	Adapter 2423Hz Probe 3839Hz	5	2.423	70.00	0.285
37.27	0.05	Adapter 2423Hz Probe 3839Hz	5	2.423	70.00	0.285
37.35	0.05	Adapter 2423Hz Probe 3839Hz	5	3.839	70.00	0.437
40.018	0.05	Adapter 899Hz	6	0.899	70.00	0.121
40.098	0.05	Adapter 899Hz	6	0.899	70.00	0.121
40.178	0.05	Adapter 899Hz	6	0.899	70.00	0.121
40.258	0.05	Adapter 899Hz	6	0.899	70.00	0.121
40.518	0.05	Adapter 899Hz	6	0.899	70.00	0.121
40.598	0.05	Adapter 899Hz	6	0.899	70.00	0.121
40.678	0.05	Adapter 899Hz	6	0.899	70.00	0.121
40.758	0.05	Adapter 899Hz	6	0.899	70.00	0.121
41.018	0.05	Adapter 899Hz	6	0.899	70.00	0.121
41.098	0.05	Adapter 899Hz	6	0.899	70.00	0.121
41.178	0.05	Adapter 899Hz	6	0.899	70.00	0.121
41.258	0.05	Adapter 899Hz	6	0.899	70.00	0.121
41.518	0.05	Adapter 899Hz	6	0.899	70.00	0.121
41.598	0.05	Adapter 899Hz	6	0.899	70.00	0.121
41.678	0.05	Adapter 899Hz	6	0.899	70.00	0.121
41.758	0.05	Adapter 899Hz	6	0.899	70.00	0.121
42.018	0.05	Adapter 899Hz	6	0.899	70.00	0.121
42.098	0.05	Adapter 899Hz	6	0.899	70.00	0.121
42.178	0.05	Adapter 899Hz	6	0.899	70.00	0.121
42.258	0.05	Adapter 899Hz	6	0.899	70.00	0.121
42.518	0.05	Adapter 899Hz	6	0.899	70.00	0.121
42.598	0.05	Adapter 899Hz	6	0.899	70.00	0.121
42.678	0.05	Adapter 899Hz	6	0.899	70.00	0.121
42.758	0.05	Adapter 899Hz	6	0.899	70.00	0.121
43.018	0.05	Adapter 899Hz	6	0.899	70.00	0.121
43.098	0.05	Adapter 899Hz	6	0.899	70.00	0.121
43.178	0.05	Adapter 899Hz	6	0.899	70.00	0.121
43.258	0.05	Adapter 899Hz	6	0.899	70.00	0.121
43.518	0.05	Adapter 899Hz	6	0.899	70.00	0.121
43.598	0.05	Adapter 899Hz	6	0.899	70.00	0.121
43.678	0.05	Adapter 899Hz	6	0.899	70.00	0.121
43.758	0.05	Adapter 899Hz	6	0.899	70.00	0.121
44.018	0.05	Adapter 899Hz	6	0.899	70.00	0.121
44.098	0.05	Adapter 899Hz	6	0.899	70.00	0.121
44.178	0.05	Adapter 899Hz	6	0.899	70.00	0.121
44.258	0.05	Adapter 899Hz	6	0.899	70.00	0.121
44.518	0.05	Adapter 899Hz	6	0.899	70.00	0.121
44.598	0.05	Adapter 899Hz	6	0.899	70.00	0.121
44.678	0.05	Adapter 899Hz	6	0.899	70.00	0.121
44.758	0.05	Adapter 899Hz	6	0.899	70.00	0.121
47.521	0.05	Adapter 6009Hz	7	6.009	70.00	0.671
47.601	0.05	Adapter 6009Hz	7	6.009	70.00	0.671
47.681	0.05	Adapter 6009Hz	7	6.009	70.00	0.671
47.761	0.05	Adapter 6009Hz	7	6.009	70.00	0.671
48.021	0.05	Adapter 6009Hz	7	6.009	70.00	0.671
48.101	0.05	Adapter 6009Hz	7	6.009	70.00	0.671
48.181	0.05	Adapter 6009Hz	7	6.009	70.00	0.671
48.261	0.05	Adapter 6009Hz	7	6.009	70.00	0.671
48.521	0.05	Adapter 6009Hz	7	6.009	70.00	0.671
48.601	0.05	Adapter 6009Hz	7	6.009	70.00	0.671
48.681	0.05	Adapter 6009Hz	7	6.009	70.00	0.671
48.761	0.05	Adapter 6009Hz	7	6.009	70.00	0.671
49.021	0.05	Adapter 6009Hz	7	6.009	70.00	0.671
49.101	0.05	Adapter 6009Hz	7	6.009	70.00	0.671
49.181	0.05	Adapter 6009Hz	7	6.009	70.00	0.671
49.261	0.05	Adapter 6009Hz	7	6.009	70.00	0.671
49.521	0.05	Adapter 6009Hz	7	6.009	70.00	0.671
49.601	0.05	Adapter 6009Hz	7	6.009	70.00	0.671
49.681	0.05	Adapter 6009Hz	7	6.009	70.00	0.671
49.761	0.05	Adapter 6009Hz	7	6.009	70.00	0.671
50.021	0.05	Adapter 6009Hz	7	6.009	70.00	0.671
50.101	0.05	Adapter 6009Hz	7	6.009	70.00	0.671
50.181	0.05	Adapter 6009Hz	7	6.009	70.00	0.671
50.261	0.05	Adapter 6009Hz	7	6.009	70.00	0.671
50.521	0.05	Adapter 6009Hz	7	6.009	70.00	0.671
50.601	0.05	Adapter 6009Hz	7	6.009	70.00	0.671
50.681	0.05	Adapter 6009Hz	7	6.009	70.00	0.671
50.761	0.05	Adapter 6009Hz	7	6.009	70.00	0.671
51.021	0.05	Adapter 6009Hz	7	6.009	70.00	0.671
51.101	0.05	Adapter 6009Hz	7	6.009	70.00	0.671
51.181	0.05	Adapter 6009Hz	7	6.009	70.00	0.671
51.261	0.05	Adapter 6009Hz	7	6.009	70.00	0.671
51.521	0.05	Adapter 6009Hz	7	6.009	70.00	0.671
51.601	0.05	Adapter 6009Hz	7	6.009	70.00	0.671
51.681	0.05	Adapter 6009Hz	7	6.009	70.00	0.671
51.761	0.05	Adapter 6009Hz	7	6.009	70.00	0.671
52.021	0.05	Adapter 6009Hz	7	6.009	70.00	0.671
52.101	0.05	Adapter 6009Hz	7	6.009	70.00	0.671
52.181	0.05	Adapter 6009Hz	7	6.009	70.00	0.671
52.261	0.05	Adapter 6009Hz	7	6.009	70.00	0.671
55.025	0.05	Adapter 251Hz	8	0.251	70.00	0.052
55.105	0.05	Adapter 251Hz	8	0.251	70.00	0.052
55.185	0.05	Adapter 251Hz	8	0.251	70.00	0.052
55.265	0.05	Adapter 251Hz	8	0.251	70.00	0.052
55.525	0.05	Adapter 251Hz	8	0.251	70.00	0.052
55.605	0.05	Adapter 251Hz	8	0.251	70.00	0.052
55.685	0.05	Adapter 251Hz	8	0.251	70.00	0.052
55.765	0.05	Adapter 251Hz	8	0.251	70.00	0.052
56.025	0.05	Adapter 251Hz	8	0.251	70.00	0.052
56.105	0.05	Adapter 251Hz	8	0.251	70.00	0.052
56.185	0.05	Adapter 251Hz	8	0.251	70.00	0.052
56.265	0.05	Adapter 251Hz	8	0.251	70.00	0.052
56.525	0.05	Adapter 251Hz	8	0.251	70.00	0.052
56.605	0.05	Adapter 251Hz	8	0.251	70.00	0.052
56.685	0.05	Adapter 251Hz	8	0.251	70.00	0.052
56.765	0.05	Adapter 251Hz	8	0.251	70.00	0.052
57.025	0.05	Adapter 251Hz	8	0.251	70.00	0.052
57.105	0.05	Adapter 251Hz	8	0.251	70.00	0.052
57.185	0.05	Adapter 251Hz	8	0.251	70.00	0.052
57.265	0.05	Adapter 251Hz	8	0.251	70.00	0.052
57.525	0.05	Adapter 251Hz	8	0.251	70.00	0.052
57.605	0.05	Adapter 251Hz	8	0.251	70.00	0.052
57.685	0.05	Adapter 251Hz	8	0.251	70.00	0.052
57.765	0.05	Adapter 251Hz	8	0.251	70.00	0.052
58.025	0.05	Adapter 251Hz	8	0.251	70.00	0.052
58.105	0.05	Adapter 251Hz	8	0.251	70.00	0.052
58.185	0.05	Adapter 251Hz	8	0.251	70.00	0.052
58.265	0.05	Adapter 251Hz	8	0.251	70.00	0.052
58.525	0.05	Adapter 251Hz	8	0.251	70.00	0.052
58.605	0.05	Adapter 251Hz	8	0.251	70.00	0.052
58.685	0.05	Adapter 251Hz	8	0.251	70.00	0.052
58.765	0.05	Adapter 251Hz	8	0.251	70.00	0.052
59.025	0.05	Adapter 251Hz	8	0.251	70.00	0.052
59.105	0.05	Adapter 251Hz	8	0.251	70.00	0.052
59.185	0.05	Adapter 251Hz	8	0.251	70.00	0.052
59.265	0.05	Adapter 251Hz	8	0.251	70.00	0.052
59.525	0.05	Adapter 251Hz	8	0.251	70.00	0.052
59.605	0.05	Adapter 251Hz	8	0.251	70.00	0.052
59.685	0.05	Adapter 251Hz	8	0.251	70.00	0.052
59.765	0.05	Adapter 251Hz	8	0.251	70.00	0.052
70.305	0.05	Probe 3839Hz	10	3.839	70.00	0.437
70.805	0.05	Probe 3839Hz	10	3.839	70.00	0.437
71.305	0.05	Probe 3839Hz	10	3.839	70.00	0.437
71.805	0.05	Probe 3839Hz	10	3.839	70.00	0.437
72.305	0.05	Probe 3839Hz	10	3.839	70.00	0.437
72.805	0.05	Probe 3839Hz	10	3.839	70.00	0.437
73.305	0.05	Probe 3839Hz	10	3.839	70.00	0.437
73.805	0.05	Probe 3839Hz	10	3.839	70.00	0.437
74.305	0.05	Probe 3839Hz	10	3.839	70.00	0.437
74.805	0.05	Probe 3839Hz	10	3.839	70.00	0.437
85.039	0.05	Adapter 3839Hz	12	3.839	70.00	0.437
85.119	0.05	Adapter 3839Hz	12	3.839	70.00	0.437
85.199	0.05	Adapter 3839Hz	12	3.839	70.00	0.437
85.279	0.05	Adapter 3839Hz	12	3.839	70.00	0.437
85.539	0.05	Adapter 3839Hz	12	3.839	70.00	0.437
85.619	0.05	Adapter 3839Hz	12	3.839	70.00	0.437
85.699	0.05	Adapter 3839Hz	12	3.839	70.00	0.437
85.779	0.05	Adapter 3839Hz	12	3.839	70.00	0.437
86.039	0.05	Adapter 3839Hz	12	3.839	70.00	0.437
86.119	0.05	Adapter 3839Hz	12	3.839	70.00	0.437
86.199	0.05	Adapter 3839Hz	12	3.839	70.00	0.437
86.279	0.05	Adapter 3839Hz	12	3.839	70.00	0.437
86.539	0.05	Adapter 3839Hz	12	3.839	70.00	0.437
86.619	0.05	Adapter 3839Hz	12	3.839	70.00	0.437
86.699	0.05	Adapter 3839Hz	12	3.839	70.00	0.437
86.779	0.05	Adapter 3839Hz	12	3.839	70.00	0.437
87.039	0.05	Adapter 3839Hz	12	3.839	70.00	0.437
87.119	0.05	Adapter 3839Hz	12	3.839	70.00	0.437
87.199	0.05	Adapter 3839Hz	12	3.839	70.00	0.437
87.279	0.05	Adapter 3839Hz	12	3.839	70.00	0.437
87.539	0.05	Adapter 3839Hz	12	3.839	70.00	0.437
87.619	0.05	Adapter 3839Hz	12	3.839	70.00	0.437
87.699	0.05	Adapter 3839Hz	12	3.839	70.00	0.437
87.779	0.05	Adapter 3839Hz	12	3.839	70.00	0.437
88.039	0.05	Adapter 3839Hz	12	3.839	70.00	0.437
88.119	0.05	Adapter 3839Hz	12	3.839	70.00	0.437
88.199	0.05	Adapter 3839Hz	12	3.839	70.00	0.437
88.279	0.05	Adapter 3839Hz	12	3.839	70.00	0.437
88.539	0.05	Adapter 3839Hz	12	3.839	70.00	0.437
88.619	0.05	Adapter 3839Hz	12	3.839	70.00	0.437
88.699	0.05	Adapter 3839Hz	12	3.839	70.00	0.437
88.779	0.05	Adapter 3839Hz	12	3.839	70.00	0.437
89.039	0.05	Adapter 3839Hz	12	3.839	70.00	0.437
89.119	0.05	Adapter 3839Hz	12	3.839	70.00	0.437
89.199	0.05	Adapter 3839Hz	12	3.839	70.00	0.437
89.279	0.05	Adapter 3839Hz	12	3.839	70.00	0.437
89.539	0.05	Adapter 3839Hz	12	3.839	70.00	0.437
89.619	0.05	Adapter 3839Hz	12	3.839	70.00	0.437
89.699	0.05	Adapter 3839Hz	12	3.839	70.00	0.437
89.779	0.05	Adapter 3839Hz	12	3.839	70.00	0.437
92.496	0.05	Adapter 899Hz Probe 3839Hz	13	0.899	70.00	0.121
92.576	0.05	Adapter 899Hz Probe 3839Hz	13	0.899	70.00	0.121
92.656	0.05	Adapter 899Hz Probe 3839Hz	13	0.899	70.00	0.121
92.736	0.05	Adapter 899Hz Probe 3839Hz	13	0.899	70.00	0.121
92.816	0.05	Adapter 899Hz Probe 3839Hz	13	3.839	70.00	0.437
92.996	0.05	Adapter 899Hz Probe 3839Hz	13	0.899	70.00	0.121
93.076	0.05	Adapter 899Hz Probe 3839Hz	13	0.899	70.00	0.121
93.156	0.05	Adapter 899Hz Probe 3839Hz	13	0.899	70.00	0.121
93.236	0.05	Adapter 899Hz Probe 3839Hz	13	0.899	70.00	0.121
93.316	0.05	Adapter 899Hz Probe 3839Hz	13	3.839	70.00	0.437
93.496	0.05	Adapter 899Hz Probe 3839Hz	13	0.899	70.00	0.121
93.576	0.05	Adapter 899Hz Probe 3839Hz	13	0.899	70.00	0.121
93.656	0.05	Adapter 899Hz Probe 3839Hz	13	0.899	70.00	0.121
93.736	0.05	Adapter 899Hz Probe 3839Hz	13	0.899	70.00	0.121
93.816	0.05	Adapter 899Hz Probe 3839Hz	13	3.839	70.00	0.437
93.996	0.05	Adapter 899Hz Probe 3839Hz	13	0.899	70.00	0.121
94.076	0.05	Adapter 899Hz Probe 3839Hz	13	0.899	70.00	0.121
94.156	0.05	Adapter 899Hz Probe 3839Hz	13	0.899	70.00	0.121
94.236	0.05	Adapter 899Hz Probe 3839Hz	13	0.899	70.00	0.121
94.316	0.05	Adapter 899Hz Probe 3839Hz	13	3.839	70.00	0.437
94.496	0.05	Adapter 899Hz Probe 3839Hz	13	0.899	70.00	0.121
94.576	0.05	Adapter 899Hz Probe 3839Hz	13	0.899	70.00	0.121
94.656	0.05	Adapter 899Hz Probe 3839Hz	13	0.899	70.00	0.121
94.736	0.05	Adapter 899Hz Probe 3839Hz	13	0.899	70.00	0.121
94.816	0.05	Adapter 899Hz Probe 3839Hz	13	3.839	70.00	0.437
94.996	0.05	Adapter 899Hz Probe 3839Hz	13	0.899	70.00	0.121
95.076	0.05	Adapter 899Hz Probe 3839Hz	13	0.899	70.00	0.121
95.156	0.05	Adapter 899Hz Probe 3839Hz	13	0.899	70.00	0.121
95.236	0.05	Adapter 899Hz Probe 3839Hz	13	0.899	70.00	0.121
95.316	0.05	Adapter 899Hz Probe 3839Hz	13	3.839	70.00	0.437
95.496	0.05	Adapter 899Hz Probe 3839Hz	13	0.899	70.00	0.121
95.576	0.05	Adapter 899Hz Probe 3839Hz	13	0.899	70.00	0.121
95.656	0.05	Adapter 899Hz Probe 3839Hz	13	0.899	70.00	0.121
95.736	0.05	Adapter 899Hz Probe 3839Hz	13	0.899	70.00	0.121
95.816	0.05	Adapter 899Hz Probe 3839Hz	13	3.839	70.00	0.437
95.996	0.05	Adapter 899Hz Probe 3839Hz	13	0.899	70.00	0.121
96.076	0.05	Adapter 899Hz Probe 3839Hz	13	0.899	70.00	0.121
96.156	0.05	Adapter 899Hz Probe 3839Hz	13	0.899	70.00	0.121
96.236	0.05	Adapter 899Hz Probe 3839Hz	13	0.899	70.00	0.121
96.316	0.05	Adapter 899Hz Probe 3839Hz	13	3.839	70.00	0.437
96.496	0.05	Adapter 899Hz Probe 3839Hz	13	0.899	70.00	0.121
96.576	0.05	Adapter 899Hz Probe 3839Hz	13	0.899	70.00	0.121
96.656	0.05	Adapter 899Hz Probe 3839Hz	13	0.899	70.00	0.121
96.736	0.05	Adapter 899Hz Probe 3839Hz	13	0.899	70.00	0.121
96.816	0.05	Adapter 899Hz Probe 3839Hz	13	3.839	70.00	0.437
96.996	0.05	Adapter 899Hz Probe 3839Hz	13	0.899	70.00	0.121
97.076	0.05	Adapter 899Hz Probe 3839Hz	13	0.899	70.00	0.121
97.156	0.05	Adapter 899Hz Probe 3839Hz	13	0.899	70.00	0.121
97.236	0.05	Adapter 899Hz Probe 3839Hz	13	0.899	70.00	0.121
97.316	0.05	Adapter 899Hz Probe 3839Hz	13	3.839	70.00	0.437
100.016	0.05	Adapter 507Hz	14	0.507	70.00	0.079
100.096	0.05	Adapter 507Hz	14	0.507	70.00	0.079
100.176	0.05	Adapter 507Hz	14	0.507	70.00	0.079
100.256	0.05	Adapter 507Hz	14	0.507	70.00	0.079
100.516	0.05	Adapter 507Hz	14	0.507	70.00	0.079
100.596	0.05	Adapter 507Hz	14	0.507	70.00	0.079
100.676	0.05	Adapter 507Hz	14	0.507	70.00	0.079
100.756	0.05	Adapter 507Hz	14	0.507	70.00	0.079
101.016	0.05	Adapter 507Hz	14	0.507	70.00	0.079
101.096	0.05	Adapter 507Hz	14	0.507	70.00	0.079
101.176	0.05	Adapter 507Hz	14	0.507	70.00	0.079
101.256	0.05	Adapter 507Hz	14	0.507	70.00	0.079
101.516	0.05	Adapter 507Hz	14	0.507	70.00	0.079
101.596	0.05	Adapter 507Hz	14	0.507	70.00	0.079
101.676	0.05	Adapter 507Hz	14	0.507	70.00	0.079
101.756	0.05	Adapter 507Hz	14	0.507	70.00	0.079
102.016	0.05	Adapter 507Hz	14	0.507	70.00	0.079
102.096	0.05	Adapter 507Hz	14	0.507	70.00	0.079
102.176	0.05	Adapter 507Hz	14	0.507	70.00	0.079
102.256	0.05	Adapter 507Hz	14	0.507	70.00	0.079
102.516	0.05	Adapter 507Hz	14	0.507	70.00	0.079
102.596	0.05	Adapter 507Hz	14	0.507	70.00	0.079
102.676	0.05	Adapter 507Hz	14	0.507	70.00	0.079
102.756	0.05	Adapter 507Hz	14	0.507	70.00	0.079
103.016	0.05	Adapter 507Hz	14	0.507	70.00	0.079
103.096	0.05	Adapter 507Hz	14	0.507	70.00	0.079
103.176	0.05	Adapter 507Hz	14	0.507	70.00	0.079
103.256	0.05	Adapter 507Hz	14	0.507	70.00	0.079
103.516	0.05	Adapter 507Hz	14	0.507	70.00	0.079
103.596	0.05	Adapter 507Hz	14	0.507	70.00	0.079
103.676	0.05	Adapter 507Hz	14	0.507	70.00	0.079
103.756	0.05	Adapter 507Hz	14	0.507	70.00	0.079
104.016	0.05	Adapter 507Hz	14	0.507	70.00	0.079
104.096	0.05	Adapter 507Hz	14	0.507	70.00	0.079
104.176	0.05	Adapter 507Hz	14	0.507	70.00	0.079
104.256	0.05	Adapter 507Hz	14	0.507	70.00	0.079
104.516	0.05	Adapter 507Hz	14	0.507	70.00	0.079
104.596	0.05	Adapter 507Hz	14	0.507	70.00	0.079
104.676	0.05	Adapter 507Hz	14	0.507	70.00	0.079
104.756	0.05	Adapter 507Hz	14	0.507	70.00	0.079
107.535	0.05	Adapter 2423Hz	15	2.423	70.00	0.285
107.615	0.05	Adapter 2423Hz	15	2.423	70.00	0.285
107.695	0.05	Adapter 2423Hz	15	2.423	70.00	0.285
107.775	0.05	Adapter 2423Hz	15	2.423	70.00	0.285
108.035	0.05	Adapter 2423Hz	15	2.423	70.00	0.285
108.115	0.05	Adapter 2423Hz	15	2.423	70.00	0.285
108.195	0.05	Adapter 2423Hz	15	2.423	70.00	0.285
108.275	0.05	Adapter 2423Hz	15	2.423	70.00	0.285
108.535	0.05	Adapter 2423Hz	15	2.423	70.00	0.285
108.615	0.05	Adapter 2423Hz	15	2.423	70.00	0.285
108.695	0.05	Adapter 2423Hz	15	2.423	70.00	0.285
108.775	0.05	Adapter 2423Hz	15	2.423	70.00	0.285
109.035	0.05	Adapter 2423Hz	15	2.423	70.00	0.285
109.115	0.05	Adapter 2423Hz	15	2.423	70.00	0.285
109.195	0.05	Adapter 2423Hz	15	2.423	70.00	0.285
109.275	0.05	Adapter 2423Hz	15	2.423	70.00	0.285
109.535	0.05	Adapter 2423Hz	15	2.423	70.00	0.285
109.615	0.05	Adapter 2423Hz	15	2.423	70.00	0.285
109.695	0.05	Adapter 2423Hz	15	2.423	70.00	0.285
109.775	0.05	Adapter 2423Hz	15	2.423	70.00	0.285
110.035	0.05	Adapter 2423Hz	15	2.423	70.00	0.285
110.115	0.05	Adapter 2423Hz	15	2.423	70.00	0.285
110.195	0.05	Adapter 2423Hz	15	2.423	70.00	0.285
110.275	0.05	Adapter 2423Hz	15	2.423	70.00	0.285
110.535	0.05	Adapter 2423Hz	15	2.423	70.00	0.285
110.615	0.05	Adapter 2423Hz	15	2.423	70.00	0.285
110.695	0.05	Adapter 2423Hz	15	2.423	70.00	0.285
110.775	0.05	Adapter 2423Hz	15	2.423	70.00	0.285
111.035	0.05	Adapter 2423Hz	15	2.423	70.00	0.285
111.115	0.05	Adapter 2423Hz	15	2.423	70.00	0.285
111.195	0.05	Adapter 2423Hz	15	2.423	70.00	0.285
111.275	0.05	Adapter 2423Hz	15	2.423	70.00	0.285
111.535	0.05	Adapter 2423Hz	15	2.423	70.00	0.285
111.615	0.05	Adapter 2423Hz	15	2.423	70.00	0.285
111.695	0.05	Adapter 2423Hz	15	2.423	70.00	0.285
111.775	0.05	Adapter 2423Hz	15	2.423	70.00	0.285
112.035	0.05	Adapter 2423Hz	15	2.423	70.00	0.285
112.115	0.05	Adapter 2423Hz	15	2.423	70.00	0.285
112.195	0.05	Adapter 2423Hz	15	2.423	70.00	0.285
112.275	0.05	Adapter 2423Hz	15	2.423	70.00	0.285
122.48	0.05	Adapter 251Hz	17	0.251	70.00	0.052
122.56	0.05	Adapter 251Hz	17	0.251	70.00	0.052
122.64	0.05	Adapter 251Hz	17	0.251	70.00	0.052
122.72	0.05	Adapter 251Hz	17	0.251	70.00	0.052
122.98	0.05	Adapter 251Hz	17	0.251	70.00	0.052
123.06	0.05	Adapter 251Hz	17	0.251	70.00	0.052
123.14	0.05	Adapter 251Hz	17	0.251	70.00	0.052
123.22	0.05	Adapter 251Hz	17	0.251	70.00	0.052
123.48	0.05	Adapter 251Hz	17	0.251	70.00	0.052
123.56	0.05	Adapter 251Hz	17	0.251	70.00	0.052
123.64	0.05	Adapter 251Hz	17	0.251	70.00	0.052
123.72	0.05	Adapter 251Hz	17	0.251	70.00	0.052
123.98	0.05	Adapter 251Hz	17	0.251	70.00	0.052
124.06	0.05	Adapter 251Hz	17	0.251	70.00	0.052
124.14	0.05	Adapter 251Hz	17	0.251	70.00	0.052
124.22	0.05	Adapter 251Hz	17	0.251	70.00	0.052
124.48	0.05	Adapter 251Hz	17	0.251	70.00	0.052
124.56	0.05	Adapter 251Hz	17	0.251	70.00	0.052
124.64	0.05	Adapter 251Hz	17	0.251	70.00	0.052
124.72	0.05	Adapter 251Hz	17	0.251	70.00	0.052
124.98	0.05	Adapter 251Hz	17	0.251	70.00	0.052
125.06	0.05	Adapter 251Hz	17	0.251	70.00	0.052
125.14	0.05	Adapter 251Hz	17	0.251	70.00	0.052
125.22	0.05	Adapter 251Hz	17	0.251	70.00	0.052
125.48	0.05	Adapter 251Hz	17	0.251	70.00	0.052
125.56	0.05	Adapter 251Hz	17	0.251	70.00	0.052
125.64	0.05	Adapter 251Hz	17	0.251	70.00	0.052
125.72	0.05	Adapter 251Hz	17	0.251	70.00	0.052
125.98	0.05	Adapter 251Hz	17	0.251	70.00	0.052
126.06	0.05	Adapter 251Hz	17	0.251	70.00	0.052
126.14	0.05	Adapter 251Hz	17	0.251	70.00	0.052
126.22	0.05	Adapter 251Hz	17	0.251	70.00	0.052
126.48	0.05	Adapter 251Hz	17	0.251	70.00	0.052
126.56	0.05	Adapter 251Hz	17	0.251	70.00	0.052
126.64	0.05	Adapter 251Hz	17	0.251	70.00	0.052
126.72	0.05	Adapter 251Hz	17	0.251	70.00	0.052
126.98	0.05	Adapter 251Hz	17	0.251	70.00	0.052
127.06	0.05	Adapter 251Hz	17	0.251	70.00	0.052
127.14	0.05	Adapter 251Hz	17	0.251	70.00	0.052
127.22	0.05	Adapter 251Hz	17	0.251	70.00	0.052
130.014	0.05	Adapter 899Hz	18	0.899	70.00	0.121
130.094	0.05	Adapter 899Hz	18	0.899	70.00	0.121
130.174	0.05	Adapter 899Hz	18	0.899	70.00	0.121
130.254	0.05	Adapter 899Hz	18	0.899	70.00	0.121
130.514	0.05	Adapter 899Hz	18	0.899	70.00	0.121
130.594	0.05	Adapter 899Hz	18	0.899	70.00	0.121
130.674	0.05	Adapter 899Hz	18	0.899	70.00	0.121
130.754	0.05	Adapter 899Hz	18	0.899	70.00	0.121
131.014	0.05	Adapter 899Hz	18	0.899	70.00	0.121
131.094	0.05	Adapter 899Hz	18	0.899	70.00	0.121
131.174	0.05	Adapter 899Hz	18	0.899	70.00	0.121
131.254	0.05	Adapter 899Hz	18	0.899	70.00	0.121
131.514	0.05	Adapter 899Hz	18	0.899	70.00	0.121
131.594	0.05	Adapter 899Hz	18	0.899	70.00	0.121
131.674	0.05	Adapter 899Hz	18	0.899	70.00	0.121
131.754	0.05	Adapter 899Hz	18	0.899	70.00	0.121
132.014	0.05	Adapter 899Hz	18	0.899	70.00	0.121
132.094	0.05	Adapter 899Hz	18	0.899	70.00	0.121
132.174	0.05	Adapter 899Hz	18	0.899	70.00	0.121
132.254	0.05	Adapter 899Hz	18	0.899	70.00	0.121
132.514	0.05	Adapter 899Hz	18	0.899	70.00	0.121
132.594	0.05	Adapter 899Hz	18	0.899	70.00	0.121
132.674	0.05	Adapter 899Hz	18	0.899	70.00	0.121
132.754	0.05	Adapter 899Hz	18	0.899	70.00	0.121
133.014	0.05	Adapter 899Hz	18	0.899	70.00	0.121
133.094	0.05	Adapter 899Hz	18	0.899	70.00	0.121
133.174	0.05	Adapter 899Hz	18	0.899	70.00	0.121
133.254	0.05	Adapter 899Hz	18	0.899	70.00	0.121
133.514	0.05	Adapter 899Hz	18	0.899	70.00	0.121
133.594	0.05	Adapter 899Hz	18	0.899	70.00	0.121
133.674	0.05	Adapter 899Hz	18	0.899	70.00	0.121
133.754	0.05	Adapter 899Hz	18	0.899	70.00	0.121
134.014	0.05	Adapter 899Hz	18	0.899	70.00	0.121
134.094	0.05	Adapter 899Hz	18	0.899	70.00	0.121
134.174	0.05	Adapter 899Hz	18	0.899	70.00	0.121
134.254	0.05	Adapter 899Hz	18	0.899	70.00	0.121
134.514	0.05	Adapter 899Hz	18	0.899	70.00	0.121
134.594	0.05	Adapter 899Hz	18	0.899	70.00	0.121
134.674	0.05	Adapter 899Hz	18	0.899	70.00	0.121
134.754	0.05	Adapter 899Hz	18	0.899	70.00	0.121
145.037	0.05	Adapter 6009Hz	20	6.009	70.00	0.671
145.117	0.05	Adapter 6009Hz	20	6.009	70.00	0.671
145.197	0.05	Adapter 6009Hz	20	6.009	70.00	0.671
145.277	0.05	Adapter 6009Hz	20	6.009	70.00	0.671
145.537	0.05	Adapter 6009Hz	20	6.009	70.00	0.671
145.617	0.05	Adapter 6009Hz	20	6.009	70.00	0.671
145.697	0.05	Adapter 6009Hz	20	6.009	70.00	0.671
145.777	0.05	Adapter 6009Hz	20	6.009	70.00	0.671
146.037	0.05	Adapter 6009Hz	20	6.009	70.00	0.671
146.117	0.05	Adapter 6009Hz	20	6.009	70.00	0.671
146.197	0.05	Adapter 6009Hz	20	6.009	70.00	0.671
146.277	0.05	Adapter 6009Hz	20	6.009	70.00	0.671
146.537	0.05	Adapter 6009Hz	20	6.009	70.00	0.671
146.617	0.05	Adapter 6009Hz	20	6.009	70.00	0.671
146.697	0.05	Adapter 6009Hz	20	6.009	70.00	0.671
146.777	0.05	Adapter 6009Hz	20	6.009	70.00	0.671
147.037	0.05	Adapter 6009Hz	20	6.009	70.00	0.671
147.117	0.05	Adapter 6009Hz	20	6.009	70.00	0.671
147.197	0.05	Adapter 6009Hz	20	6.009	70.00	0.671
147.277	0.05	Adapter 6009Hz	20	6.009	70.00	0.671
147.537	0.05	Adapter 6009Hz	20	6.009	70.00	0.671
147.617	0.05	Adapter 6009Hz	20	6.009	70.00	0.671
147.697	0.05	Adapter 6009Hz	20	6.009	70.00	0.671
147.777	0.05	Adapter 6009Hz	20	6.009	70.00	0.671
148.037	0.05	Adapter 6009Hz	20	6.009	70.00	0.671
148.117	0.05	Adapter 6009Hz	20	6.009	70.00	0.671
148.197	0.05	Adapter 6009Hz	20	6.009	70.00	0.671
148.277	0.05	Adapter 6009Hz	20	6.009	70.00	0.671
148.537	0.05	Adapter 6009Hz	20	6.009	70.00	0.671
148.617	0.05	Adapter 6009Hz	20	6.009	70.00	0.671
148.697	0.05	Adapter 6009Hz	20	6.009	70.00	0.671
148.777	0.05	Adapter 6009Hz	20	6.009	70.00	0.671
149.037	0.05	Adapter 6009Hz	20	6.009	70.00	0.671
149.117	0.05	Adapter 6009Hz	20	6.009	70.00	0.671
149.197	0.05	Adapter 6009Hz	20	6.009	70.00	0.671
149.277	0.05	Adapter 6009Hz	20	6.009	70.00	0.671
149.537	0.05	Adapter 6009Hz	20	6.009	70.00	0.671
149.617	0.05	Adapter 6009Hz	20	6.009	70.00	0.671
149.697	0.05	Adapter 6009Hz	20	6.009	70.00	0.671
149.777	0.05	Adapter 6009Hz	20	6.009	70.00	0.671
152.814	0.05	Probe 3839Hz	21	3.839	70.00	0.437
153.314	0.05	Probe 3839Hz	21	3.839	70.00	0.437
153.814	0.05	Probe 3839Hz	21	3.839	70.00	0.437
154.314	0.05	Probe 3839Hz	21	3.839	70.00	0.437
154.814	0.05	Probe 3839Hz	21	3.839	70.00	0.437
155.314	0.05	Probe 3839Hz	21	3.839	70.00	0.437
155.814	0.05	Probe 3839Hz	21	3.839	70.00	0.437
156.314	0.05	Probe 3839Hz	21	3.839	70.00	0.437
156.814	0.05	Probe 3839Hz	21	3.839	70.00	0.437
157.314	0.05	Probe 3839Hz	21	3.839	70.00	0.437
160.013	0.05	Adapter 3839Hz	22	3.839	70.00	0.437
160.093	0.05	Adapter 3839Hz	22	3.839	70.00	0.437
160.173	0.05	Adapter 3839Hz	22	3.839	70.00	0.437
160.253	0.05	Adapter 3839Hz	22	3.839	70.00	0.437
160.513	0.05	Adapter 3839Hz	22	3.839	70.00	0.437
160.593	0.05	Adapter 3839Hz	22	3.839	70.00	0.437
160.673	0.05	Adapter 3839Hz	22	3.839	70.00	0.437
160.753	0.05	Adapter 3839Hz	22	3.839	70.00	0.437
161.013	0.05	Adapter 3839Hz	22	3.839	70.00	0.437
161.093	0.05	Adapter 3839Hz	22	3.839	70.00	0.437
161.173	0.05	Adapter 3839Hz	22	3.839	70.00	0.437
161.253	0.05	Adapter 3839Hz	22	3.839	70.00	0.437
161.513	0.05	Adapter 3839Hz	22	3.839	70.00	0.437
161.593	0.05	Adapter 3839Hz	22	3.839	70.00	0.437
161.673	0.05	Adapter 3839Hz	22	3.839	70.00	0.437
161.753	0.05	Adapter 3839Hz	22	3.839	70.00	0.437
162.013	0.05	Adapter 3839Hz	22	3.839	70.00	0.437
162.093	0.05	Adapter 3839Hz	22	3.839	70.00	0.437
162.173	0.05	Adapter 3839Hz	22	3.839	70.00	0.437
162.253	0.05	Adapter 3839Hz	22	3.839	70.00	0.437
162.513	0.05	Adapter 3839Hz	22	3.839	70.00	0.437
162.593	0.05	Adapter 3839Hz	22	3.839	70.00	0.437
162.673	0.05	Adapter 3839Hz	22	3.839	70.00	0.437
162.753	0.05	Adapter 3839Hz	22	3.839	70.00	0.437
163.013	0.05	Adapter 3839Hz	22	3.839	70.00	0.437
163.093	0.05	Adapter 3839Hz	22	3.839	70.00	0.437
163.173	0.05	Adapter 3839Hz	22	3.839	70.00	0.437
163.253	0.05	Adapter 3839Hz	22	3.839	70.00	0.437
163.513	0.05	Adapter 3839Hz	22	3.839	70.00	0.437
163.593	0.05	Adapter 3839Hz	22	3.839	70.00	0.437
163.673	0.05	Adapter 3839Hz	22	3.839	70.00	0.437
163.753	0.05	Adapter 3839Hz	22	3.839	70.00	0.437
164.013	0.05	Adapter 3839Hz	22	3.839	70.00	0.437
164.093	0.05	Adapter 3839Hz	22	3.839	70.00	0.437
164.173	0.05	Adapter 3839Hz	22	3.839	70.00	0.437
164.253	0.05	Adapter 3839Hz	22	3.839	70.00	0.437
164.513	0.05	Adapter 3839Hz	22	3.839	70.00	0.437
164.593	0.05	Adapter 3839Hz	22	3.839	70.00	0.437
164.673	0.05	Adapter 3839Hz	22	3.839	70.00	0.437
164.753	0.05	Adapter 3839Hz	22	3.839	70.00	0.437
167.532	0.05	Adapter 899Hz Probe 3839Hz	23	0.899	70.00	0.121
167.612	0.05	Adapter 899Hz Probe 3839Hz	23	0.899	70.00	0.121
167.692	0.05	Adapter 899Hz Probe 3839Hz	23	0.899	70.00	0.121
167.772	0.05	Adapter 899Hz Probe 3839Hz	23	0.899	70.00	0.121
167.852	0.05	Adapter 899Hz Probe 3839Hz	23	3.839	70.00	0.437
168.032	0.05	Adapter 899Hz Probe 3839Hz	23	0.899	70.00	0.121
168.112	0.05	Adapter 899Hz Probe 3839Hz	23	0.899	70.00	0.121
168.192	0.05	Adapter 899Hz Probe 3839Hz	23	0.899	70.00	0.121
168.272	0.05	Adapter 899Hz Probe 3839Hz	23	0.899	70.00	0.121
168.352	0.05	Adapter 899Hz Probe 3839Hz	23	3.839	70.00	0.437
168.532	0.05	Adapter 899Hz Probe 3839Hz	23	0.899	70.00	0.121
168.612	0.05	Adapter 899Hz Probe 3839Hz	23	0.899	70.00	0.121
168.692	0.05	Adapter 899Hz Probe 3839Hz	23	0.899	70.00	0.121
168.772	0.05	Adapter 899Hz Probe 3839Hz	23	0.899	70.00	0.121
168.852	0.05	Adapter 899Hz Probe 3839Hz	23	3.839	70.00	0.437
169.032	0.05	Adapter 899Hz Probe 3839Hz	23	0.899	70.00	0.121
169.112	0.05	Adapter 899Hz Probe 3839Hz	23	0.899	70.00	0.121
169.192	0.05	Adapter 899Hz Probe 3839Hz	23	0.899	70.00	0.121
169.272	0.05	Adapter 899Hz Probe 3839Hz	23	0.899	70.00	0.121
169.352	0.05	Adapter 899Hz Probe 3839Hz	23	3.839	70.00	0.437
169.532	0.05	Adapter 899Hz Probe 3839Hz	23	0.899	70.00	0.121
169.612	0.05	Adapter 899Hz Probe 3839Hz	23	0.899	70.00	0.121
169.692	0.05	Adapter 899Hz Probe 3839Hz	23	0.899	70.00	0.121
169.772	0.05	Adapter 899Hz Probe 3839Hz	23	0.899	70.00	0.121
169.852	0.05	Adapter 899Hz Probe 3839Hz	23	3.839	70.00	0.437
170.032	0.05	Adapter 899Hz Probe 3839Hz	23	0.899	70.00	0.121
170.112	0.05	Adapter 899Hz Probe 3839Hz	23	0.899	70.00	0.121
170.192	0.05	Adapter 899Hz Probe 3839Hz	23	0.899	70.00	0.121
170.272	0.05	Adapter 899Hz Probe 3839Hz	23	0.899	70.00	0.121
170.352	0.05	Adapter 899Hz Probe 3839Hz	23	3.839	70.00	0.437
170.532	0.05	Adapter 899Hz Probe 3839Hz	23	0.899	70.00	0.121
170.612	0.05	Adapter 899Hz Probe 3839Hz	23	0.899	70.00	0.121
170.692	0.05	Adapter 899Hz Probe 3839Hz	23	0.899	70.00	0.121
170.772	0.05	Adapter 899Hz Probe 3839Hz	23	0.899	70.00	0.121
170.852	0.05	Adapter 899Hz Probe 3839Hz	23	3.839	70.00	0.437
171.032	0.05	Adapter 899Hz Probe 3839Hz	23	0.899	70.00	0.121
171.112	0.05	Adapter 899Hz Probe 3839Hz	23	0.899	70.00	0.121
171.192	0.05	Adapter 899Hz Probe 3839Hz	23	0.899	70.00	0.121
171.272	0.05	Adapter 899Hz Probe 3839Hz	23	0.899	70.00	0.121
171.352	0.05	Adapter 899Hz Probe 3839Hz	23	3.839	70.00	0.437
171.532	0.05	Adapter 899Hz Probe 3839Hz	23	0.899	70.00	0.121
171.612	0.05	Adapter 899Hz Probe 3839Hz	23	0.899	70.00	0.121
171.692	0.05	Adapter 899Hz Probe 3839Hz	23	0.899	70.00	0.121
171.772	0.05	Adapter 899Hz Probe 3839Hz	23	0.899	70.00	0.121
171.852	0.05	Adapter 899Hz Probe 3839Hz	23	3.839	70.00	0.437
172.032	0.05	Adapter 899Hz Probe 3839Hz	23	0.899	70.00	0.121
172.112	0.05	Adapter 899Hz Probe 3839Hz	23	0.899	70.00	0.121
172.192	0.05	Adapter 899Hz Probe 3839Hz	23	0.899	70.00	0.121
172.272	0.05	Adapter 899Hz Probe 3839Hz	23	0.899	70.00	0.121
172.352	0.05	Adapter 899Hz Probe 3839Hz	23	3.839	70.00	0.437
175.005	0.05	Adapter 507Hz Probe 3839Hz	24	0.507	70.00	0.079
175.085	0.05	Adapter 507Hz Probe 3839Hz	24	0.507	70.00	0.079
175.165	0.05	Adapter 507Hz Probe 3839Hz	24	0.507	70.00	0.079
175.245	0.05	Adapter 507Hz Probe 3839Hz	24	0.507	70.00	0.079
175.325	0.05	Adapter 507Hz Probe 3839Hz	24	3.839	70.00	0.437
175.505	0.05	Adapter 507Hz Probe 3839Hz	24	0.507	70.00	0.079
175.585	0.05	Adapter 507Hz Probe 3839Hz	24	0.507	70.00	0.079
175.665	0.05	Adapter 507Hz Probe 3839Hz	24	0.507	70.00	0.079
175.745	0.05	Adapter 507Hz Probe 3839Hz	24	0.507	70.00	0.079
175.825	0.05	Adapter 507Hz Probe 3839Hz	24	3.839	70.00	0.437
176.005	0.05	Adapter 507Hz Probe 3839Hz	24	0.507	70.00	0.079
176.085	0.05	Adapter 507Hz Probe 3839Hz	24	0.507	70.00	0.079
176.165	0.05	Adapter 507Hz Probe 3839Hz	24	0.507	70.00	0.079
176.245	0.05	Adapter 507Hz Probe 3839Hz	24	0.507	70.00	0.079
176.325	0.05	Adapter 507Hz Probe 3839Hz	24	3.839	70.00	0.437
176.505	0.05	Adapter 507Hz Probe 3839Hz	24	0.507	70.00	0.079
176.585	0.05	Adapter 507Hz Probe 3839Hz	24	0.507	70.00	0.079
176.665	0.05	Adapter 507Hz Probe 3839Hz	24	0.507	70.00	0.079
176.745	0.05	Adapter 507Hz Probe 3839Hz	24	0.507	70.00	0.079
176.825	0.05	Adapter 507Hz Probe 3839Hz	24	3.839	70.00	0.437
177.005	0.05	Adapter 507Hz Probe 3839Hz	24	0.507	70.00	0.079
177.085	0.05	Adapter 507Hz Probe 3839Hz	24	0.507	70.00	0.079
177.165	0.05	Adapter 507Hz Probe 3839Hz	24	0.507	70.00	0.079
177.245	0.05	Adapter 507Hz Probe 3839Hz	24	0.507	70.00	0.079
177.325	0.05	Adapter 507Hz Probe 3839Hz	24	3.839	70.00	0.437
177.505	0.05	Adapter 507Hz Probe 3839Hz	24	0.507	70.00	0.079
177.585	0.05	Adapter 507Hz Probe 3839Hz	24	0.507	70.00	0.079
177.665	0.05	Adapter 507Hz Probe 3839Hz	24	0.507	70.00	0.079
177.745	0.05	Adapter 507Hz Probe 3839Hz	24	0.507	70.00	0.079
177.825	0.05	Adapter 507Hz Probe 3839Hz	24	3.839	70.00	0.437
178.005	0.05	Adapter 507Hz Probe 3839Hz	24	0.507	70.00	0.079
178.085	0.05	Adapter 507Hz Probe 3839Hz	24	0.507	70.00	0.079
178.165	0.05	Adapter 507Hz Probe 3839Hz	24	0.507	70.00	0.079
178.245	0.05	Adapter 507Hz Probe 3839Hz	24	0.507	70.00	0.079
178.325	0.05	Adapter 507Hz Probe 3839Hz	24	3.839	70.00	0.437
178.505	0.05	Adapter 507Hz Probe 3839Hz	24	0.507	70.00	0.079
178.585	0.05	Adapter 507Hz Probe 3839Hz	24	0.507	70.00	0.079
178.665	0.05	Adapter 507Hz Probe 3839Hz	24	0.507	70.00	0.079
178.745	0.05	Adapter 507Hz Probe 3839Hz	24	0.507	70.00	0.079
178.825	0.05	Adapter 507Hz Probe 3839Hz	24	3.839	70.00	0.437
179.005	0.05	Adapter 507Hz Probe 3839Hz	24	0.507	70.00	0.079
179.085	0.05	Adapter 507Hz Probe 3839Hz	24	0.507	70.00	0.079
179.165	0.05	Adapter 507Hz Probe 3839Hz	24	0.507	70.00	0.079
179.245	0.05	Adapter 507Hz Probe 3839Hz	24	0.507	70.00	0.079
179.325	0.05	Adapter 507Hz Probe 3839Hz	24	3.839	70.00	0.437
179.505	0.05	Adapter 507Hz Probe 3839Hz	24	0.507	70.00	0.079
179.585	0.05	Adapter 507Hz Probe 3839Hz	24	0.507	70.00	0.079
179.665	0.05	Adapter 507Hz Probe 3839Hz	24	0.507	70.00	0.079
179.745	0.05	Adapter 507Hz Probe 3839Hz	24	0.507	70.00	0.079
179.825	0.05	Adapter 507Hz Probe 3839Hz	24	3.839	70.00	0.437
182.524	0.05	Adapter 2423Hz Probe 3839Hz	25	2.423	70.00	0.285
182.604	0.05	Adapter 2423Hz Probe 3839Hz	25	2.423	70.00	0.285
182.684	0.05	Adapter 2423Hz Probe 3839Hz	25	2.423	70.00	0.285
182.764	0.05	Adapter 2423Hz Probe 3839Hz	25	2.423	70.00	0.285
182.844	0.05	Adapter 2423Hz Probe 3839Hz	25	3.839	70.00	0.437
183.024	0.05	Adapter 2423Hz Probe 3839Hz	25	2.423	70.00	0.285
183.104	0.05	Adapter 2423Hz Probe 3839Hz	25	2.423	70.00	0.285
183.184	0.05	Adapter 2423Hz Probe 3839Hz	25	2.423	70.00	0.285
183.264	0.05	Adapter 2423Hz Probe 3839Hz	25	2.423	70.00	0.285
183.344	0.05	Adapter 2423Hz Probe 3839Hz	25	3.839	70.00	0.437
183.524	0.05	Adapter 2423Hz Probe 3839Hz	25	2.423	70.00	0.285
183.604	0.05	Adapter 2423Hz Probe 3839Hz	25	2.423	70.00	0.285
183.684	0.05	Adapter 2423Hz Probe 3839Hz	25	2.423	70.00	0.285
183.764	0.05	Adapter 2423Hz Probe 3839Hz	25	2.423	70.00	0.285
183.844	0.05	Adapter 2423Hz Probe 3839Hz	25	3.839	70.00	0.437
184.024	0.05	Adapter 2423Hz Probe 3839Hz	25	2.423	70.00	0.285
184.104	0.05	Adapter 2423Hz Probe 3839Hz	25	2.423	70.00	0.285
184.184	0.05	Adapter 2423Hz Probe 3839Hz	25	2.423	70.00	0.285
184.264	0.05	Adapter 2423Hz Probe 3839Hz	25	2.423	70.00	0.285
184.344	0.05	Adapter 2423Hz Probe 3839Hz	25	3.839	70.00	0.437
184.524	0.05	Adapter 2423Hz Probe 3839Hz	25	2.423	70.00	0.285
184.604	0.05	Adapter 2423Hz Probe 3839Hz	25	2.423	70.00	0.285
184.684	0.05	Adapter 2423Hz Probe 3839Hz	25	2.423	70.00	0.285
184.764	0.05	Adapter 2423Hz Probe 3839Hz	25	2.423	70.00	0.285
184.844	0.05	Adapter 2423Hz Probe 3839Hz	25	3.839	70.00	0.437
185.024	0.05	Adapter 2423Hz Probe 3839Hz	25	2.423	70.00	0.285
185.104	0.05	Adapter 2423Hz Probe 3839Hz	25	2.423	70.00	0.285
185.184	0.05	Adapter 2423Hz Probe 3839Hz	25	2.423	70.00	0.285
185.264	0.05	Adapter 2423Hz Probe 3839Hz	25	2.423	70.00	0.285
185.344	0.05	Adapter 2423Hz Probe 3839Hz	25	3.839	70.00	0.437
185.524	0.05	Adapter 2423Hz Probe 3839Hz	25	2.423	70.00	0.285
185.604	0.05	Adapter 2423Hz Probe 3839Hz	25	2.423	70.00	0.285
185.684	0.05	Adapter 2423Hz Probe 3839Hz	25	2.423	70.00	0.285
185.764	0.05	Adapter 2423Hz Probe 3839Hz	25	2.423	70.00	0.285
185.844	0.05	Adapter 2423Hz Probe 3839Hz	25	3.839	70.00	0.437
186.024	0.05	Adapter 2423Hz Probe 3839Hz	25	2.423	70.00	0.285
186.104	0.05	Adapter 2423Hz Probe 3839Hz	25	2.423	70.00	0.285
186.184	0.05	Adapter 2423Hz Probe 3839Hz	25	2.423	70.00	0.285
186.264	0.05	Adapter 2423Hz Probe 3839Hz	25	2.423	70.00	0.285
186.344	0.05	Adapter 2423Hz Probe 3839Hz	25	3.839	70.00	0.437
186.524	0.05	Adapter 2423Hz Probe 3839Hz	25	2.423	70.00	0.285
186.604	0.05	Adapter 2423Hz Probe 3839Hz	25	2.423	70.00	0.285
186.684	0.05	Adapter 2423Hz Probe 3839Hz	25	2.423	70.00	0.285
186.764	0.05	Adapter 2423Hz Probe 3839Hz	25	2.423	70.00	0.285
186.844	0.05	Adapter 2423Hz Probe 3839Hz	25	3.839	70.00	0.437
187.024	0.05	Adapter 2423Hz Probe 3839Hz	25	2.423	70.00	0.285
187.104	0.05	Adapter 2423Hz Probe 3839Hz	25	2.423	70.00	0.285
187.184	0.05	Adapter 2423Hz Probe 3839Hz	25	2.423	70.00	0.285
187.264	0.05	Adapter 2423Hz Probe 3839Hz	25	2.423	70.00	0.285
187.344	0.05	Adapter 2423Hz Probe 3839Hz	25	3.839	70.00	0.437
190.028	0.05	Adapter 3839Hz Probe 3839Hz	26	3.839	70.00	0.437
190.108	0.05	Adapter 3839Hz Probe 3839Hz	26	3.839	70.00	0.437
190.188	0.05	Adapter 3839Hz Probe 3839Hz	26	3.839	70.00	0.437
190.268	0.05	Adapter 3839Hz Probe 3839Hz	26	3.839	70.00	0.437
190.348	0.05	Adapter 3839Hz Probe 3839Hz	26	3.839	70.00	0.437
190.528	0.05	Adapter 3839Hz Probe 3839Hz	26	3.839	70.00	0.437
190.608	0.05	Adapter 3839Hz Probe 3839Hz	26	3.839	70.00	0.437
190.688	0.05	Adapter 3839Hz Probe 3839Hz	26	3.839	70.00	0.437
190.768	0.05	Adapter 3839Hz Probe 3839Hz	26	3.839	70.00	0.437
190.848	0.05	Adapter 3839Hz Probe 3839Hz	26	3.839	70.00	0.437
191.028	0.05	Adapter 3839Hz Probe 3839Hz	26	3.839	70.00	0.437
191.108	0.05	Adapter 3839Hz Probe 3839Hz	26	3.839	70.00	0.437
191.188	0.05	Adapter 3839Hz Probe 3839Hz	26	3.839	70.00	0.437
191.268	0.05	Adapter 3839Hz Probe 3839Hz	26	3.839	70.00	0.437
191.348	0.05	Adapter 3839Hz Probe 3839Hz	26	3.839	70.00	0.437
191.528	0.05	Adapter 3839Hz Probe 3839Hz	26	3.839	70.00	0.437
191.608	0.05	Adapter 3839Hz Probe 3839Hz	26	3.839	70.00	0.437
191.688	0.05	Adapter 3839Hz Probe 3839Hz	26	3.839	70.00	0.437
191.768	0.05	Adapter 3839Hz Probe 3839Hz	26	3.839	70.00	0.437
191.848	0.05	Adapter 3839Hz Probe 3839Hz	26	3.839	70.00	0.437
192.028	0.05	Adapter 3839Hz Probe 3839Hz	26	3.839	70.00	0.437
192.108	0.05	Adapter 3839Hz Probe 3839Hz	26	3.839	70.00	0.437
192.188	0.05	Adapter 3839Hz Probe 3839Hz	26	3.839	70.00	0.437
192.268	0.05	Adapter 3839Hz Probe 3839Hz	26	3.839	70.00	0.437
192.348	0.05	Adapter 3839Hz Probe 3839Hz	26	3.839	70.00	0.437
192.528	0.05	Adapter 3839Hz Probe 3839Hz	26	3.839	70.00	0.437
192.608	0.05	Adapter 3839Hz Probe 3839Hz	26	3.839	70.00	0.437
192.688	0.05	Adapter 3839Hz Probe 3839Hz	26	3.839	70.00	0.437
192.768	0.05	Adapter 3839Hz Probe 3839Hz	26	3.839	70.00	0.437
192.848	0.05	Adapter 3839Hz Probe 3839Hz	26	3.839	70.00	0.437
193.028	0.05	Adapter 3839Hz Probe 3839Hz	26	3.839	70.00	0.437
193.108	0.05	Adapter 3839Hz Probe 3839Hz	26	3.839	70.00	0.437
193.188	0.05	Adapter 3839Hz Probe 3839Hz	26	3.839	70.00	0.437
193.268	0.05	Adapter 3839Hz Probe 3839Hz	26	3.839	70.00	0.437
193.348	0.05	Adapter 3839Hz Probe 3839Hz	26	3.839	70.00	0.437
193.528	0.05	Adapter 3839Hz Probe 3839Hz	26	3.839	70.00	0.437
193.608	0.05	Adapter 3839Hz Probe 3839Hz	26	3.839	70.00	0.437
193.688	0.05	Adapter 3839Hz Probe 3839Hz	26	3.839	70.00	0.437
193.768	0.05	Adapter 3839Hz Probe 3839Hz	26	3.839	70.00	0.437
193.848	0.05	Adapter 3839Hz Probe 3839Hz	26	3.839	70.00	0.437
194.028	0.05	Adapter 3839Hz Probe 3839Hz	26	3.839	70.00	0.437
194.108	0.05	Adapter 3839Hz Probe 3839Hz	26	3.839	70.00	0.437
194.188	0.05	Adapter 3839Hz Probe 3839Hz	26	3.839	70.00	0.437
194.268	0.05	Adapter 3839Hz Probe 3839Hz	26	3.839	70.00	0.437
194.348	0.05	Adapter 3839Hz Probe 3839Hz	26	3.839	70.00	0.437
194.528	0.05	Adapter 3839Hz Probe 3839Hz	26	3.839	70.00	0.437
194.608	0.05	Adapter 3839Hz Probe 3839Hz	26	3.839	70.00	0.437
194.688	0.05	Adapter 3839Hz Probe 3839Hz	26	3.839	70.00	0.437
194.768	0.05	Adapter 3839Hz Probe 3839Hz	26	3.839	70.00	0.437
194.848	0.05	Adapter 3839Hz Probe 3839Hz	26	3.839	70.00	0.437
197.531	0.05	Adapter 2423Hz	27	2.423	70.00	0.285
197.611	0.05	Adapter 2423Hz	27	2.423	70.00	0.285
197.691	0.05	Adapter 2423Hz	27	2.423	70.00	0.285
197.771	0.05	Adapter 2423Hz	27	2.423	70.00	0.285
198.031	0.05	Adapter 2423Hz	27	2.423	70.00	0.285
198.111	0.05	Adapter 2423Hz	27	2.423	70.00	0.285
198.191	0.05	Adapter 2423Hz	27	2.423	70.00	0.285
198.271	0.05	Adapter 2423Hz	27	2.423	70.00	0.285
198.531	0.05	Adapter 2423Hz	27	2.423	70.00	0.285
198.611	0.05	Adapter 2423Hz	27	2.423	70.00	0.285
198.691	0.05	Adapter 2423Hz	27	2.423	70.00	0.285
198.771	0.05	Adapter 2423Hz	27	2.423	70.00	0.285
199.031	0.05	Adapter 2423Hz	27	2.423	70.00	0.285
199.111	0.05	Adapter 2423Hz	27	2.423	70.00	0.285
199.191	0.05	Adapter 2423Hz	27	2.423	70.00	0.285
199.271	0.05	Adapter 2423Hz	27	2.423	70.00	0.285
199.531	0.05	Adapter 2423Hz	27	2.423	70.00	0.285
199.611	0.05	Adapter 2423Hz	27	2.423	70.00	0.285
199.691	0.05	Adapter 2423Hz	27	2.423	70.00	0.285
199.771	0.05	Adapter 2423Hz	27	2.423	70.00	0.285
200.031	0.05	Adapter 2423Hz	27	2.423	70.00	0.285
200.111	0.05	Adapter 2423Hz	27	2.423	70.00	0.285
200.191	0.05	Adapter 2423Hz	27	2.423	70.00	0.285
200.271	0.05	Adapter 2423Hz	27	2.423	70.00	0.285
200.531	0.05	Adapter 2423Hz	27	2.423	70.00	0.285
200.611	0.05	Adapter 2423Hz	27	2.423	70.00	0.285
200.691	0.05	Adapter 2423Hz	27	2.423	70.00	0.285
200.771	0.05	Adapter 2423Hz	27	2.423	70.00	0.285
201.031	0.05	Adapter 2423Hz	27	2.423	70.00	0.285
201.111	0.05	Adapter 2423Hz	27	2.423	70.00	0.285
201.191	0.05	Adapter 2423Hz	27	2.423	70.00	0.285
201.271	0.05	Adapter 2423Hz	27	2.423	70.00	0.285
201.531	0.05	Adapter 2423Hz	27	2.423	70.00	0.285
201.611	0.05	Adapter 2423Hz	27	2.423	70.00	0.285
201.691	0.05	Adapter 2423Hz	27	2.423	70.00	0.285
201.771	0.05	Adapter 2423Hz	27	2.423	70.00	0.285
202.031	0.05	Adapter 2423Hz	27	2.423	70.00	0.285
202.111	0.05	Adapter 2423Hz	27	2.423	70.00	0.285
202.191	0.05	Adapter 2423Hz	27	2.423	70.00	0.285
202.271	0.05	Adapter 2423Hz	27	2.423	70.00	0.285
212.492	0.05	Adapter 1501Hz Probe 3839Hz	29	1.501	70.00	0.186
212.572	0.05	Adapter 1501Hz Probe 3839Hz	29	1.501	70.00	0.186
212.652	0.05	Adapter 1501Hz Probe 3839Hz	29	1.501	70.00	0.186
212.732	0.05	Adapter 1501Hz Probe 3839Hz	29	1.501	70.00	0.186
212.812	0.05	Adapter 1501Hz Probe 3839Hz	29	3.839	70.00	0.437
212.992	0.05	Adapter 1501Hz Probe 3839Hz	29	1.501	70.00	0.186
213.072	0.05	Adapter 1501Hz Probe 3839Hz	29	1.501	70.00	0.186
213.152	0.05	Adapter 1501Hz Probe 3839Hz	29	1.501	70.00	0.186
213.232	0.05	Adapter 1501Hz Probe 3839Hz	29	1.501	70.00	0.186
213.312	0.05	Adapter 1501Hz Probe 3839Hz	29	3.839	70.00	0.437
213.492	0.05	Adapter 1501Hz Probe 3839Hz	29	1.501	70.00	0.186
213.572	0.05	Adapter 1501Hz Probe 3839Hz	29	1.501	70.00	0.186
213.652	0.05	Adapter 1501Hz Probe 3839Hz	29	1.501	70.00	0.186
213.732	0.05	Adapter 1501Hz Probe 3839Hz	29	1.501	70.00	0.186
213.812	0.05	Adapter 1501Hz Probe 3839Hz	29	3.839	70.00	0.437
213.992	0.05	Adapter 1501Hz Probe 3839Hz	29	1.501	70.00	0.186
214.072	0.05	Adapter 1501Hz Probe 3839Hz	29	1.501	70.00	0.186
214.152	0.05	Adapter 1501Hz Probe 3839Hz	29	1.501	70.00	0.186
214.232	0.05	Adapter 1501Hz Probe 3839Hz	29	1.501	70.00	0.186
214.312	0.05	Adapter 1501Hz Probe 3839Hz	29	3.839	70.00	0.437
214.492	0.05	Adapter 1501Hz Probe 3839Hz	29	1.501	70.00	0.186
214.572	0.05	Adapter 1501Hz Probe 3839Hz	29	1.501	70.00	0.186
214.652	0.05	Adapter 1501Hz Probe 3839Hz	29	1.501	70.00	0.186
214.732	0.05	Adapter 1501Hz Probe 3839Hz	29	1.501	70.00	0.186
214.812	0.05	Adapter 1501Hz Probe 3839Hz	29	3.839	70.00	0.437
214.992	0.05	Adapter 1501Hz Probe 3839Hz	29	1.501	70.00	0.186
215.072	0.05	Adapter 1501Hz Probe 3839Hz	29	1.501	70.00	0.186
215.152	0.05	Adapter 1501Hz Probe 3839Hz	29	1.501	70.00	0.186
215.232	0.05	Adapter 1501Hz Probe 3839Hz	29	1.501	70.00	0.186
215.312	0.05	Adapter 1501Hz Probe 3839Hz	29	3.839	70.00	0.437
215.492	0.05	Adapter 1501Hz Probe 3839Hz	29	1.501	70.00	0.186
215.572	0.05	Adapter 1501Hz Probe 3839Hz	29	1.501	70.00	0.186
215.652	0.05	Adapter 1501Hz Probe 3839Hz	29	1.501	70.00	0.186
215.732	0.05	Adapter 1501Hz Probe 3839Hz	29	1.501	70.00	0.186
215.812	0.05	Adapter 1501Hz Probe 3839Hz	29	3.839	70.00	0.437
215.992	0.05	Adapter 1501Hz Probe 3839Hz	29	1.501	70.00	0.186
216.072	0.05	Adapter 1501Hz Probe 3839Hz	29	1.501	70.00	0.186
216.152	0.05	Adapter 1501Hz Probe 3839Hz	29	1.501	70.00	0.186
216.232	0.05	Adapter 1501Hz Probe 3839Hz	29	1.501	70.00	0.186
216.312	0.05	Adapter 1501Hz Probe 3839Hz	29	3.839	70.00	0.437
216.492	0.05	Adapter 1501Hz Probe 3839Hz	29	1.501	70.00	0.186
216.572	0.05	Adapter 1501Hz Probe 3839Hz	29	1.501	70.00	0.186
216.652	0.05	Adapter 1501Hz Probe 3839Hz	29	1.501	70.00	0.186
216.732	0.05	Adapter 1501Hz Probe 3839Hz	29	1.501	70.00	0.186
216.812	0.05	Adapter 1501Hz Probe 3839Hz	29	3.839	70.00	0.437
216.992	0.05	Adapter 1501Hz Probe 3839Hz	29	1.501	70.00	0.186
217.072	0.05	Adapter 1501Hz Probe 3839Hz	29	1.501	70.00	0.186
217.152	0.05	Adapter 1501Hz Probe 3839Hz	29	1.501	70.00	0.186
217.232	0.05	Adapter 1501Hz Probe 3839Hz	29	1.501	70.00	0.186
217.312	0.05	Adapter 1501Hz Probe 3839Hz	29	3.839	70.00	0.437
227.483	0.05	Adapter 507Hz	31	0.507	70.00	0.079
227.563	0.05	Adapter 507Hz	31	0.507	70.00	0.079
227.643	0.05	Adapter 507Hz	31	0.507	70.00	0.079
227.723	0.05	Adapter 507Hz	31	0.507	70.00	0.079
227.983	0.05	Adapter 507Hz	31	0.507	70.00	0.079
228.063	0.05	Adapter 507Hz	31	0.507	70.00	0.079
228.143	0.05	Adapter 507Hz	31	0.507	70.00	0.079
228.223	0.05	Adapter 507Hz	31	0.507	70.00	0.079
228.483	0.05	Adapter 507Hz	31	0.507	70.00	0.079
228.563	0.05	Adapter 507Hz	31	0.507	70.00	0.079
228.643	0.05	Adapter 507Hz	31	0.507	70.00	0.079
228.723	0.05	Adapter 507Hz	31	0.507	70.00	0.079
228.983	0.05	Adapter 507Hz	31	0.507	70.00	0.079
229.063	0.05	Adapter 507Hz	31	0.507	70.00	0.079
229.143	0.05	Adapter 507Hz	31	0.507	70.00	0.079
229.223	0.05	Adapter 507Hz	31	0.507	70.00	0.079
229.483	0.05	Adapter 507Hz	31	0.507	70.00	0.079
229.563	0.05	Adapter 507Hz	31	0.507	70.00	0.079
229.643	0.05	Adapter 507Hz	31	0.507	70.00	0.079
229.723	0.05	Adapter 507Hz	31	0.507	70.00	0.079
229.983	0.05	Adapter 507Hz	31	0.507	70.00	0.079
230.063	0.05	Adapter 507Hz	31	0.507	70.00	0.079
230.143	0.05	Adapter 507Hz	31	0.507	70.00	0.079
230.223	0.05	Adapter 507Hz	31	0.507	70.00	0.079
230.483	0.05	Adapter 507Hz	31	0.507	70.00	0.079
230.563	0.05	Adapter 507Hz	31	0.507	70.00	0.079
230.643	0.05	Adapter 507Hz	31	0.507	70.00	0.079
230.723	0.05	Adapter 507Hz	31	0.507	70.00	0.079
230.983	0.05	Adapter 507Hz	31	0.507	70.00	0.079
231.063	0.05	Adapter 507Hz	31	0.507	70.00	0.079
231.143	0.05	Adapter 507Hz	31	0.507	70.00	0.079
231.223	0.05	Adapter 507Hz	31	0.507	70.00	0.079
231.483	0.05	Adapter 507Hz	31	0.507	70.00	0.079
231.563	0.05	Adapter 507Hz	31	0.507	70.00	0.079
231.643	0.05	Adapter 507Hz	31	0.507	70.00	0.079
231.723	0.05	Adapter 507Hz	31	0.507	70.00	0.079
231.983	0.05	Adapter 507Hz	31	0.507	70.00	0.079
232.063	0.05	Adapter 507Hz	31	0.507	70.00	0.079
232.143	0.05	Adapter 507Hz	31	0.507	70.00	0.079
232.223	0.05	Adapter 507Hz	31	0.507	70.00	0.079
235.018	0.05	Adapter 1501Hz	32	1.501	70.00	0.186
235.098	0.05	Adapter 1501Hz	32	1.501	70.00	0.186
235.178	0.05	Adapter 1501Hz	32	1.501	70.00	0.186
235.258	0.05	Adapter 1501Hz	32	1.501	70.00	0.186
235.518	0.05	Adapter 1501Hz	32	1.501	70.00	0.186
235.598	0.05	Adapter 1501Hz	32	1.501	70.00	0.186
235.678	0.05	Adapter 1501Hz	32	1.501	70.00	0.186
235.758	0.05	Adapter 1501Hz	32	1.501	70.00	0.186
236.018	0.05	Adapter 1501Hz	32	1.501	70.00	0.186
236.098	0.05	Adapter 1501Hz	32	1.501	70.00	0.186
236.178	0.05	Adapter 1501Hz	32	1.501	70.00	0.186
236.258	0.05	Adapter 1501Hz	32	1.501	70.00	0.186
236.518	0.05	Adapter 1501Hz	32	1.501	70.00	0.186
236.598	0.05	Adapter 1501Hz	32	1.501	70.00	0.186
236.678	0.05	Adapter 1501Hz	32	1.501	70.00	0.186
236.758	0.05	Adapter 1501Hz	32	1.501	70.00	0.186
237.018	0.05	Adapter 1501Hz	32	1.501	70.00	0.186
237.098	0.05	Adapter 1501Hz	32	1.501	70.00	0.186
237.178	0.05	Adapter 1501Hz	32	1.501	70.00	0.186
237.258	0.05	Adapter 1501Hz	32	1.501	70.00	0.186
237.518	0.05	Adapter 1501Hz	32	1.501	70.00	0.186
237.598	0.05	Adapter 1501Hz	32	1.501	70.00	0.186
237.678	0.05	Adapter 1501Hz	32	1.501	70.00	0.186
237.758	0.05	Adapter 1501Hz	32	1.501	70.00	0.186
238.018	0.05	Adapter 1501Hz	32	1.501	70.00	0.186
238.098	0.05	Adapter 1501Hz	32	1.501	70.00	0.186
238.178	0.05	Adapter 1501Hz	32	1.501	70.00	0.186
238.258	0.05	Adapter 1501Hz	32	1.501	70.00	0.186
238.518	0.05	Adapter 1501Hz	32	1.501	70.00	0.186
238.598	0.05	Adapter 1501Hz	32	1.501	70.00	0.186
238.678	0.05	Adapter 1501Hz	32	1.501	70.00	0.186
238.758	0.05	Adapter 1501Hz	32	1.501	70.00	0.186
239.018	0.05	Adapter 1501Hz	32	1.501	70.00	0.186
239.098	0.05	Adapter 1501Hz	32	1.501	70.00	0.186
239.178	0.05	Adapter 1501Hz	32	1.501	70.00	0.186
239.258	0.05	Adapter 1501Hz	32	1.501	70.00	0.186
239.518	0.05	Adapter 1501Hz	32	1.501	70.00	0.186
239.598	0.05	Adapter 1501Hz	32	1.501	70.00	0.186
239.678	0.05	Adapter 1501Hz	32	1.501	70.00	0.186
239.758	0.05	Adapter 1501Hz	32	1.501	70.00	0.186
242.522	0.05	Adapter 507Hz	33	0.507	70.00	0.079
242.602	0.05	Adapter 507Hz	33	0.507	70.00	0.079
242.682	0.05	Adapter 507Hz	33	0.507	70.00	0.079
242.762	0.05	Adapter 507Hz	33	0.507	70.00	0.079
243.022	0.05	Adapter 507Hz	33	0.507	70.00	0.079
243.102	0.05	Adapter 507Hz	33	0.507	70.00	0.079
243.182	0.05	Adapter 507Hz	33	0.507	70.00	0.079
243.262	0.05	Adapter 507Hz	33	0.507	70.00	0.079
243.522	0.05	Adapter 507Hz	33	0.507	70.00	0.079
243.602	0.05	Adapter 507Hz	33	0.507	70.00	0.079
243.682	0.05	Adapter 507Hz	33	0.507	70.00	0.079
243.762	0.05	Adapter 507Hz	33	0.507	70.00	0.079
244.022	0.05	Adapter 507Hz	33	0.507	70.00	0.079
244.102	0.05	Adapter 507Hz	33	0.507	70.00	0.079
244.182	0.05	Adapter 507Hz	33	0.507	70.00	0.079
244.262	0.05	Adapter 507Hz	33	0.507	70.00	0.079
244.522	0.05	Adapter 507Hz	33	0.507	70.00	0.079
244.602	0.05	Adapter 507Hz	33	0.507	70.00	0.079
244.682	0.05	Adapter 507Hz	33	0.507	70.00	0.079
244.762	0.05	Adapter 507Hz	33	0.507	70.00	0.079
245.022	0.05	Adapter 507Hz	33	0.507	70.00	0.079
245.102	0.05	Adapter 507Hz	33	0.507	70.00	0.079
245.182	0.05	Adapter 507Hz	33	0.507	70.00	0.079
245.262	0.05	Adapter 507Hz	33	0.507	70.00	0.079
245.522	0.05	Adapter 507Hz	33	0.507	70.00	0.079
245.602	0.05	Adapter 507Hz	33	0.507	70.00	0.079
245.682	0.05	Adapter 507Hz	33	0.507	70.00	0.079
245.762	0.05	Adapter 507Hz	33	0.507	70.00	0.079
246.022	0.05	Adapter 507Hz	33	0.507	70.00	0.079
246.102	0.05	Adapter 507Hz	33	0.507	70.00	0.079
246.182	0.05	Adapter 507Hz	33	0.507	70.00	0.079
246.262	0.05	Adapter 507Hz	33	0.507	70.00	0.079
246.522	0.05	Adapter 507Hz	33	0.507	70.00	0.079
246.602	0.05	Adapter 507Hz	33	0.507	70.00	0.079
246.682	0.05	Adapter 507Hz	33	0.507	70.00	0.079
246.762	0.05	Adapter 507Hz	33	0.507	70.00	0.079
247.022	0.05	Adapter 507Hz	33	0.507	70.00	0.079
247.102	0.05	Adapter 507Hz	33	0.507	70.00	0.079
247.182	0.05	Adapter 507Hz	33	0.507	70.00	0.079
247.262	0.05	Adapter 507Hz	33	0.507	70.00	0.079
250.041	0.05	Adapter 3839Hz Probe 3839Hz	34	3.839	70.00	0.437
250.121	0.05	Adapter 3839Hz Probe 3839Hz	34	3.839	70.00	0.437
250.201	0.05	Adapter 3839Hz Probe 3839Hz	34	3.839	70.00	0.437
250.281	0.05	Adapter 3839Hz Probe 3839Hz	34	3.839	70.00	0.437
250.361	0.05	Adapter 3839Hz Probe 3839Hz	34	3.839	70.00	0.437
250.541	0.05	Adapter 3839Hz Probe 3839Hz	34	3.839	70.00	0.437
250.621	0.05	Adapter 3839Hz Probe 3839Hz	34	3.839	70.00	0.437
250.701	0.05	Adapter 3839Hz Probe 3839Hz	34	3.839	70.00	0.437
250.781	0.05	Adapter 3839Hz Probe 3839Hz	34	3.839	70.00	0.437
250.861	0.05	Adapter 3839Hz Probe 3839Hz	34	3.839	70.00	0.437
251.041	0.05	Adapter 3839Hz Probe 3839Hz	34	3.839	70.00	0.437
251.121	0.05	Adapter 3839Hz Probe 3839Hz	34	3.839	70.00	0.437
251.201	0.05	Adapter 3839Hz Probe 3839Hz	34	3.839	70.00	0.437
251.281	0.05	Adapter 3839Hz Probe 3839Hz	34	3.839	70.00	0.437
251.361	0.05	Adapter 3839Hz Probe 3839Hz	34	3.839	70.00	0.437
251.541	0.05	Adapter 3839Hz Probe 3839Hz	34	3.839	70.00	0.437
251.621	0.05	Adapter 3839Hz Probe 3839Hz	34	3.839	70.00	0.437
251.701	0.05	Adapter 3839Hz Probe 3839Hz	34	3.839	70.00	0.437
251.781	0.05	Adapter 3839Hz Probe 3839Hz	34	3.839	70.00	0.437
251.861	0.05	Adapter 3839Hz Probe 3839Hz	34	3.839	70.00	0.437
252.041	0.05	Adapter 3839Hz Probe 3839Hz	34	3.839	70.00	0.437
252.121	0.05	Adapter 3839Hz Probe 3839Hz	34	3.839	70.00	0.437
252.201	0.05	Adapter 3839Hz Probe 3839Hz	34	3.839	70.00	0.437
252.281	0.05	Adapter 3839Hz Probe 3839Hz	34	3.839	70.00	0.437
252.361	0.05	Adapter 3839Hz Probe 3839Hz	34	3.839	70.00	0.437
252.541	0.05	Adapter 3839Hz Probe 3839Hz	34	3.839	70.00	0.437
252.621	0.05	Adapter 3839Hz Probe 3839Hz	34	3.839	70.00	0.437
252.701	0.05	Adapter 3839Hz Probe 3839Hz	34	3.839	70.00	0.437
252.781	0.05	Adapter 3839Hz Probe 3839Hz	34	3.839	70.00	0.437
252.861	0.05	Adapter 3839Hz Probe 3839Hz	34	3.839	70.00	0.437
253.041	0.05	Adapter 3839Hz Probe 3839Hz	34	3.839	70.00	0.437
253.121	0.05	Adapter 3839Hz Probe 3839Hz	34	3.839	70.00	0.437
253.201	0.05	Adapter 3839Hz Probe 3839Hz	34	3.839	70.00	0.437
253.281	0.05	Adapter 3839Hz Probe 3839Hz	34	3.839	70.00	0.437
253.361	0.05	Adapter 3839Hz Probe 3839Hz	34	3.839	70.00	0.437
253.541	0.05	Adapter 3839Hz Probe 3839Hz	34	3.839	70.00	0.437
253.621	0.05	Adapter 3839Hz Probe 3839Hz	34	3.839	70.00	0.437
253.701	0.05	Adapter 3839Hz Probe 3839Hz	34	3.839	70.00	0.437
253.781	0.05	Adapter 3839Hz Probe 3839Hz	34	3.839	70.00	0.437
253.861	0.05	Adapter 3839Hz Probe 3839Hz	34	3.839	70.00	0.437
254.041	0.05	Adapter 3839Hz Probe 3839Hz	34	3.839	70.00	0.437
254.121	0.05	Adapter 3839Hz Probe 3839Hz	34	3.839	70.00	0.437
254.201	0.05	Adapter 3839Hz Probe 3839Hz	34	3.839	70.00	0.437
254.281	0.05	Adapter 3839Hz Probe 3839Hz	34	3.839	70.00	0.437
254.361	0.05	Adapter 3839Hz Probe 3839Hz	34	3.839	70.00	0.437
254.541	0.05	Adapter 3839Hz Probe 3839Hz	34	3.839	70.00	0.437
254.621	0.05	Adapter 3839Hz Probe 3839Hz	34	3.839	70.00	0.437
254.701	0.05	Adapter 3839Hz Probe 3839Hz	34	3.839	70.00	0.437
254.781	0.05	Adapter 3839Hz Probe 3839Hz	34	3.839	70.00	0.437
254.861	0.05	Adapter 3839Hz Probe 3839Hz	34	3.839	70.00	0.437
257.529	0.05	Adapter 1501Hz Probe 3839Hz	35	1.501	70.00	0.186
257.609	0.05	Adapter 1501Hz Probe 3839Hz	35	1.501	70.00	0.186
257.689	0.05	Adapter 1501Hz Probe 3839Hz	35	1.501	70.00	0.186
257.769	0.05	Adapter 1501Hz Probe 3839Hz	35	1.501	70.00	0.186
257.849	0.05	Adapter 1501Hz Probe 3839Hz	35	3.839	70.00	0.437
258.029	0.05	Adapter 1501Hz Probe 3839Hz	35	1.501	70.00	0.186
258.109	0.05	Adapter 1501Hz Probe 3839Hz	35	1.501	70.00	0.186
258.189	0.05	Adapter 1501Hz Probe 3839Hz	35	1.501	70.00	0.186
258.269	0.05	Adapter 1501Hz Probe 3839Hz	35	1.501	70.00	0.186
258.349	0.05	Adapter 1501Hz Probe 3839Hz	35	3.839	70.00	0.437
258.529	0.05	Adapter 1501Hz Probe 3839Hz	35	1.501	70.00	0.186
258.609	0.05	Adapter 1501Hz Probe 3839Hz	35	1.501	70.00	0.186
258.689	0.05	Adapter 1501Hz Probe 3839Hz	35	1.501	70.00	0.186
258.769	0.05	Adapter 1501Hz Probe 3839Hz	35	1.501	70.00	0.186
258.849	0.05	Adapter 1501Hz Probe 3839Hz	35	3.839	70.00	0.437
259.029	0.05	Adapter 1501Hz Probe 3839Hz	35	1.501	70.00	0.186
259.109	0.05	Adapter 1501Hz Probe 3839Hz	35	1.501	70.00	0.186
259.189	0.05	Adapter 1501Hz Probe 3839Hz	35	1.501	70.00	0.186
259.269	0.05	Adapter 1501Hz Probe 3839Hz	35	1.501	70.00	0.186
259.349	0.05	Adapter 1501Hz Probe 3839Hz	35	3.839	70.00	0.437
259.529	0.05	Adapter 1501Hz Probe 3839Hz	35	1.501	70.00	0.186
259.609	0.05	Adapter 1501Hz Probe 3839Hz	35	1.501	70.00	0.186
259.689	0.05	Adapter 1501Hz Probe 3839Hz	35	1.501	70.00	0.186
259.769	0.05	Adapter 1501Hz Probe 3839Hz	35	1.501	70.00	0.186
259.849	0.05	Adapter 1501Hz Probe 3839Hz	35	3.839	70.00	0.437
260.029	0.05	Adapter 1501Hz Probe 3839Hz	35	1.501	70.00	0.186
260.109	0.05	Adapter 1501Hz Probe 3839Hz	35	1.501	70.00	0.186
260.189	0.05	Adapter 1501Hz Probe 3839Hz	35	1.501	70.00	0.186
260.269	0.05	Adapter 1501Hz Probe 3839Hz	35	1.501	70.00	0.186
260.349	0.05	Adapter 1501Hz Probe 3839Hz	35	3.839	70.00	0.437
260.529	0.05	Adapter 1501Hz Probe 3839Hz	35	1.501	70.00	0.186
260.609	0.05	Adapter 1501Hz Probe 3839Hz	35	1.501	70.00	0.186
260.689	0.05	Adapter 1501Hz Probe 3839Hz	35	1.501	70.00	0.186
260.769	0.05	Adapter 1501Hz Probe 3839Hz	35	1.501	70.00	0.186
260.849	0.05	Adapter 1501Hz Probe 3839Hz	35	3.839	70.00	0.437
261.029	0.05	Adapter 1501Hz Probe 3839Hz	35	1.501	70.00	0.186
261.109	0.05	Adapter 1501Hz Probe 3839Hz	35	1.501	70.00	0.186
261.189	0.05	Adapter 1501Hz Probe 3839Hz	35	1.501	70.00	0.186
261.269	0.05	Adapter 1501Hz Probe 3839Hz	35	1.501	70.00	0.186
261.349	0.05	Adapter 1501Hz Probe 3839Hz	35	3.839	70.00	0.437
261.529	0.05	Adapter 1501Hz Probe 3839Hz	35	1.501	70.00	0.186
261.609	0.05	Adapter 1501Hz Probe 3839Hz	35	1.501	70.00	0.186
261.689	0.05	Adapter 1501Hz Probe 3839Hz	35	1.501	70.00	0.186
261.769	0.05	Adapter 1501Hz Probe 3839Hz	35	1.501	70.00	0.186
261.849	0.05	Adapter 1501Hz Probe 3839Hz	35	3.839	70.00	0.437
262.029	0.05	Adapter 1501Hz Probe 3839Hz	35	1.501	70.00	0.186
262.109	0.05	Adapter 1501Hz Probe 3839Hz	35	1.501	70.00	0.186
262.189	0.05	Adapter 1501Hz Probe 3839Hz	35	1.501	70.00	0.186
262.269	0.05	Adapter 1501Hz Probe 3839Hz	35	1.501	70.00	0.186
262.349	0.05	Adapter 1501Hz Probe 3839Hz	35	3.839	70.00	0.437
280.344	0.05	Probe 3839Hz	38	3.839	70.00	0.437
280.844	0.05	Probe 3839Hz	38	3.839	70.00	0.437
281.344	0.05	Probe 3839Hz	38	3.839	70.00	0.437
281.844	0.05	Probe 3839Hz	38	3.839	70.00	0.437
282.344	0.05	Probe 3839Hz	38	3.839	70.00	0.437
282.844	0.05	Probe 3839Hz	38	3.839	70.00	0.437
283.344	0.05	Probe 3839Hz	38	3.839	70.00	0.437
283.844	0.05	Probe 3839Hz	38	3.839	70.00	0.437
284.344	0.05	Probe 3839Hz	38	3.839	70.00	0.437
284.844	0.05	Probe 3839Hz	38	3.839	70.00	0.437
287.497	0.05	Adapter 507Hz Probe 3839Hz	39	0.507	70.00	0.079
287.577	0.05	Adapter 507Hz Probe 3839Hz	39	0.507	70.00	0.079
287.657	0.05	Adapter 507Hz Probe 3839Hz	39	0.507	70.00	0.079
287.737	0.05	Adapter 507Hz Probe 3839Hz	39	0.507	70.00	0.079
287.817	0.05	Adapter 507Hz Probe 3839Hz	39	3.839	70.00	0.437
287.997	0.05	Adapter 507Hz Probe 3839Hz	39	0.507	70.00	0.079
288.077	0.05	Adapter 507Hz Probe 3839Hz	39	0.507	70.00	0.079
288.157	0.05	Adapter 507Hz Probe 3839Hz	39	0.507	70.00	0.079
288.237	0.05	Adapter 507Hz Probe 3839Hz	39	0.507	70.00	0.079
288.317	0.05	Adapter 507Hz Probe 3839Hz	39	3.839	70.00	0.437
288.497	0.05	Adapter 507Hz Probe 3839Hz	39	0.507	70.00	0.079
288.577	0.05	Adapter 507Hz Probe 3839Hz	39	0.507	70.00	0.079
288.657	0.05	Adapter 507Hz Probe 3839Hz	39	0.507	70.00	0.079
288.737	0.05	Adapter 507Hz Probe 3839Hz	39	0.507	70.00	0.079
288.817	0.05	Adapter 507Hz Probe 3839Hz	39	3.839	70.00	0.437
288.997	0.05	Adapter 507Hz Probe 3839Hz	39	0.507	70.00	0.079
289.077	0.05	Adapter 507Hz Probe 3839Hz	39	0.507	70.00	0.079
289.157	0.05	Adapter 507Hz Probe 3839Hz	39	0.507	70.00	0.079
289.237	0.05	Adapter 507Hz Probe 3839Hz	39	0.507	70.00	0.079
289.317	0.05	Adapter 507Hz Probe 3839Hz	39	3.839	70.00	0.437
289.497	0.05	Adapter 507Hz Probe 3839Hz	39	0.507	70.00	0.079
289.577	0.05	Adapter 507Hz Probe 3839Hz	39	0.507	70.00	0.079
289.657	0.05	Adapter 507Hz Probe 3839Hz	39	0.507	70.00	0.079
289.737	0.05	Adapter 507Hz Probe 3839Hz	39	0.507	70.00	0.079
289.817	0.05	Adapter 507Hz Probe 3839Hz	39	3.839	70.00	0.437
289.997	0.05	Adapter 507Hz Probe 3839Hz	39	0.507	70.00	0.079
290.077	0.05	Adapter 507Hz Probe 3839Hz	39	0.507	70.00	0.079
290.157	0.05	Adapter 507Hz Probe 3839Hz	39	0.507	70.00	0.079
290.237	0.05	Adapter 507Hz Probe 3839Hz	39	0.507	70.00	0.079
290.317	0.05	Adapter 507Hz Probe 3839Hz	39	3.839	70.00	0.437
290.497	0.05	Adapter 507Hz Probe 3839Hz	39	0.507	70.00	0.079
290.577	0.05	Adapter 507Hz Probe 3839Hz	39	0.507	70.00	0.079
290.657	0.05	Adapter 507Hz Probe 3839Hz	39	0.507	70.00	0.079
290.737	0.05	Adapter 507Hz Probe 3839Hz	39	0.507	70.00	0.079
290.817	0.05	Adapter 507Hz Probe 3839Hz	39	3.839	70.00	0.437
290.997	0.05	Adapter 507Hz Probe 3839Hz	39	0.507	70.00	0.079
291.077	0.05	Adapter 507Hz Probe 3839Hz	39	0.507	70.00	0.079
291.157	0.05	Adapter 507Hz Probe 3839Hz	39	0.507	70.00	0.079
291.237	0.05	Adapter 507Hz Probe 3839Hz	39	0.507	70.00	0.079
291.317	0.05	Adapter 507Hz Probe 3839Hz	39	3.839	70.00	0.437
291.497	0.05	Adapter 507Hz Probe 3839Hz	39	0.507	70.00	0.079
291.577	0.05	Adapter 507Hz Probe 3839Hz	39	0.507	70.00	0.079
291.657	0.05	Adapter 507Hz Probe 3839Hz	39	0.507	70.00	0.079
291.737	0.05	Adapter 507Hz Probe 3839Hz	39	0.507	70.00	0.079
291.817	0.05	Adapter 507Hz Probe 3839Hz	39	3.839	70.00	0.437
291.997	0.05	Adapter 507Hz Probe 3839Hz	39	0.507	70.00	0.079
292.077	0.05	Adapter 507Hz Probe 3839Hz	39	0.507	70.00	0.079
292.157	0.05	Adapter 507Hz Probe 3839Hz	39	0.507	70.00	0.079
292.237	0.05	Adapter 507Hz Probe 3839Hz	39	0.507	70.00	0.079
292.317	0.05	Adapter 507Hz Probe 3839Hz	39	3.839	70.00	0.437
295.016	0.05	Adapter 3839Hz	40	3.839	70.00	0.437
295.096	0.05	Adapter 3839Hz	40	3.839	70.00	0.437
295.176	0.05	Adapter 3839Hz	40	3.839	70.00	0.437
295.256	0.05	Adapter 3839Hz	40	3.839	70.00	0.437
295.516	0.05	Adapter 3839Hz	40	3.839	70.00	0.437
295.596	0.05	Adapter 3839Hz	40	3.839	70.00	0.437
295.676	0.05	Adapter 3839Hz	40	3.839	70.00	0.437
295.756	0.05	Adapter 3839Hz	40	3.839	70.00	0.437
296.016	0.05	Adapter 3839Hz	40	3.839	70.00	0.437
296.096	0.05	Adapter 3839Hz	40	3.839	70.00	0.437
296.176	0.05	Adapter 3839Hz	40	3.839	70.00	0.437
296.256	0.05	Adapter 3839Hz	40	3.839	70.00	0.437
296.516	0.05	Adapter 3839Hz	40	3.839	70.00	0.437
296.596	0.05	Adapter 3839Hz	40	3.839	70.00	0.437
296.676	0.05	Adapter 3839Hz	40	3.839	70.00	0.437
296.756	0.05	Adapter 3839Hz	40	3.839	70.00	0.437
297.016	0.05	Adapter 3839Hz	40	3.839	70.00	0.437
297.096	0.05	Adapter 3839Hz	40	3.839	70.00	0.437
297.176	0.05	Adapter 3839Hz	40	3.839	70.00	0.437
297.256	0.05	Adapter 3839Hz	40	3.839	70.00	0.437
297.516	0.05	Adapter 3839Hz	40	3.839	70.00	0.437
297.596	0.05	Adapter 3839Hz	40	3.839	70.00	0.437
297.676	0.05	Adapter 3839Hz	40	3.839	70.00	0.437
297.756	0.05	Adapter 3839Hz	40	3.839	70.00	0.437
298.016	0.05	Adapter 3839Hz	40	3.839	70.00	0.437
298.096	0.05	Adapter 3839Hz	40	3.839	70.00	0.437
298.176	0.05	Adapter 3839Hz	40	3.839	70.00	0.437
298.256	0.05	Adapter 3839Hz	40	3.839	70.00	0.437
298.516	0.05	Adapter 3839Hz	40	3.839	70.00	0.437
298.596	0.05	Adapter 3839Hz	40	3.839	70.00	0.437
298.676	0.05	Adapter 3839Hz	40	3.839	70.00	0.437
298.756	0.05	Adapter 3839Hz	40	3.839	70.00	0.437
299.016	0.05	Adapter 3839Hz	40	3.839	70.00	0.437
299.096	0.05	Adapter 3839Hz	40	3.839	70.00	0.437
299.176	0.05	Adapter 3839Hz	40	3.839	70.00	0.437
299.256	0.05	Adapter 3839Hz	40	3.839	70.00	0.437
299.516	0.05	Adapter 3839Hz	40	3.839	70.00	0.437
299.596	0.05	Adapter 3839Hz	40	3.839	70.00	0.437
299.676	0.05	Adapter 3839Hz	40	3.839	70.00	0.437
299.756	0.05	Adapter 3839Hz	40	3.839	70.00	0.437
302.535	0.05	Adapter 899Hz Probe 3839Hz	41	0.899	70.00	0.121
302.615	0.05	Adapter 899Hz Probe 3839Hz	41	0.899	70.00	0.121
302.695	0.05	Adapter 899Hz Probe 3839Hz	41	0.899	70.00	0.121
302.775	0.05	Adapter 899Hz Probe 3839Hz	41	0.899	70.00	0.121
302.855	0.05	Adapter 899Hz Probe 3839Hz	41	3.839	70.00	0.437
303.035	0.05	Adapter 899Hz Probe 3839Hz	41	0.899	70.00	0.121
303.115	0.05	Adapter 899Hz Probe 3839Hz	41	0.899	70.00	0.121
303.195	0.05	Adapter 899Hz Probe 3839Hz	41	0.899	70.00	0.121
303.275	0.05	Adapter 899Hz Probe 3839Hz	41	0.899	70.00	0.121
303.355	0.05	Adapter 899Hz Probe 3839Hz	41	3.839	70.00	0.437
303.535	0.05	Adapter 899Hz Probe 3839Hz	41	0.899	70.00	0.121
303.615	0.05	Adapter 899Hz Probe 3839Hz	41	0.899	70.00	0.121
303.695	0.05	Adapter 899Hz Probe 3839Hz	41	0.899	70.00	0.121
303.775	0.05	Adapter 899Hz Probe 3839Hz	41	0.899	70.00	0.121
303.855	0.05	Adapter 899Hz Probe 3839Hz	41	3.839	70.00	0.437
304.035	0.05	Adapter 899Hz Probe 3839Hz	41	0.899	70.00	0.121
304.115	0.05	Adapter 899Hz Probe 3839Hz	41	0.899	70.00	0.121
304.195	0.05	Adapter 899Hz Probe 3839Hz	41	0.899	70.00	0.121
304.275	0.05	Adapter 899Hz Probe 3839Hz	41	0.899	70.00	0.121
304.355	0.05	Adapter 899Hz Probe 3839Hz	41	3.839	70.00	0.437
304.535	0.05	Adapter 899Hz Probe 3839Hz	41	0.899	70.00	0.121
304.615	0.05	Adapter 899Hz Probe 3839Hz	41	0.899	70.00	0.121
304.695	0.05	Adapter 899Hz Probe 3839Hz	41	0.899	70.00	0.121
304.775	0.05	Adapter 899Hz Probe 3839Hz	41	0.899	70.00	0.121
304.855	0.05	Adapter 899Hz Probe 3839Hz	41	3.839	70.00	0.437
305.035	0.05	Adapter 899Hz Probe 3839Hz	41	0.899	70.00	0.121
305.115	0.05	Adapter 899Hz Probe 3839Hz	41	0.899	70.00	0.121
305.195	0.05	Adapter 899Hz Probe 3839Hz	41	0.899	70.00	0.121
305.275	0.05	Adapter 899Hz Probe 3839Hz	41	0.899	70.00	0.121
305.355	0.05	Adapter 899Hz Probe 3839Hz	41	3.839	70.00	0.437
305.535	0.05	Adapter 899Hz Probe 3839Hz	41	0.899	70.00	0.121
305.615	0.05	Adapter 899Hz Probe 3839Hz	41	0.899	70.00	0.121
305.695	0.05	Adapter 899Hz Probe 3839Hz	41	0.899	70.00	0.121
305.775	0.05	Adapter 899Hz Probe 3839Hz	41	0.899	70.00	0.121
305.855	0.05	Adapter 899Hz Probe 3839Hz	41	3.839	70.00	0.437
306.035	0.05	Adapter 899Hz Probe 3839Hz	41	0.899	70.00	0.121
306.115	0.05	Adapter 899Hz Probe 3839Hz	41	0.899	70.00	0.121
306.195	0.05	Adapter 899Hz Probe 3839Hz	41	0.899	70.00	0.121
306.275	0.05	Adapter 899Hz Probe 3839Hz	41	0.899	70.00	0.121
306.355	0.05	Adapter 899Hz Probe 3839Hz	41	3.839	70.00	0.437
306.535	0.05	Adapter 899Hz Probe 3839Hz	41	0.899	70.00	0.121
306.615	0.05	Adapter 899Hz Probe 3839Hz	41	0.899	70.00	0.121
306.695	0.05	Adapter 899Hz Probe 3839Hz	41	0.899	70.00	0.121
306.775	0.05	Adapter 899Hz Probe 3839Hz	41	0.899	70.00	0.121
306.855	0.05	Adapter 899Hz Probe 3839Hz	41	3.839	70.00	0.437
307.035	0.05	Adapter 899Hz Probe 3839Hz	41	0.899	70.00	0.121
307.115	0.05	Adapter 899Hz Probe 3839Hz	41	0.899	70.00	0.121
307.195	0.05	Adapter 899Hz Probe 3839Hz	41	0.899	70.00	0.121
307.275	0.05	Adapter 899Hz Probe 3839Hz	41	0.899	70.00	0.121
307.355	0.05	Adapter 899Hz Probe 3839Hz	41	3.839	70.00	0.437
309.992	0.05	Adapter 6009Hz	42	6.009	70.00	0.671
310.072	0.05	Adapter 6009Hz	42	6.009	70.00	0.671
310.152	0.05	Adapter 6009Hz	42	6.009	70.00	0.671
310.232	0.05	Adapter 6009Hz	42	6.009	70.00	0.671
310.492	0.05	Adapter 6009Hz	42	6.009	70.00	0.671
310.572	0.05	Adapter 6009Hz	42	6.009	70.00	0.671
310.652	0.05	Adapter 6009Hz	42	6.009	70.00	0.671
310.732	0.05	Adapter 6009Hz	42	6.009	70.00	0.671
310.992	0.05	Adapter 6009Hz	42	6.009	70.00	0.671
311.072	0.05	Adapter 6009Hz	42	6.009	70.00	0.671
311.152	0.05	Adapter 6009Hz	42	6.009	70.00	0.671
311.232	0.05	Adapter 6009Hz	42	6.009	70.00	0.671
311.492	0.05	Adapter 6009Hz	42	6.009	70.00	0.671
311.572	0.05	Adapter 6009Hz	42	6.009	70.00	0.671
311.652	0.05	Adapter 6009Hz	42	6.009	70.00	0.671
311.732	0.05	Adapter 6009Hz	42	6.009	70.00	0.671
311.992	0.05	Adapter 6009Hz	42	6.009	70.00	0.671
312.072	0.05	Adapter 6009Hz	42	6.009	70.00	0.671
312.152	0.05	Adapter 6009Hz	42	6.009	70.00	0.671
312.232	0.05	Adapter 6009Hz	42	6.009	70.00	0.671
312.492	0.05	Adapter 6009Hz	42	6.009	70.00	0.671
312.572	0.05	Adapter 6009Hz	42	6.009	70.00	0.671
312.652	0.05	Adapter 6009Hz	42	6.009	70.00	0.671
312.732	0.05	Adapter 6009Hz	42	6.009	70.00	0.671
312.992	0.05	Adapter 6009Hz	42	6.009	70.00	0.671
313.072	0.05	Adapter 6009Hz	42	6.009	70.00	0.671
313.152	0.05	Adapter 6009Hz	42	6.009	70.00	0.671
313.232	0.05	Adapter 6009Hz	42	6.009	70.00	0.671
313.492	0.05	Adapter 6009Hz	42	6.009	70.00	0.671
313.572	0.05	Adapter 6009Hz	42	6.009	70.00	0.671
313.652	0.05	Adapter 6009Hz	42	6.009	70.00	0.671
313.732	0.05	Adapter 6009Hz	42	6.009	70.00	0.671
313.992	0.05	Adapter 6009Hz	42	6.009	70.00	0.671
314.072	0.05	Adapter 6009Hz	42	6.009	70.00	0.671
314.152	0.05	Adapter 6009Hz	42	6.009	70.00	0.671
314.232	0.05	Adapter 6009Hz	42	6.009	70.00	0.671
314.492	0.05	Adapter 6009Hz	42	6.009	70.00	0.671
314.572	0.05	Adapter 6009Hz	42	6.009	70.00	0.671
314.652	0.05	Adapter 6009Hz	42	6.009	70.00	0.671
314.732	0.05	Adapter 6009Hz	42	6.009	70.00	0.671
317.542	0.05	Adapter 1501Hz	43	1.501	70.00	0.186
317.622	0.05	Adapter 1501Hz	43	1.501	70.00	0.186
317.702	0.05	Adapter 1501Hz	43	1.501	70.00	0.186
317.782	0.05	Adapter 1501Hz	43	1.501	70.00	0.186
318.042	0.05	Adapter 1501Hz	43	1.501	70.00	0.186
318.122	0.05	Adapter 1501Hz	43	1.501	70.00	0.186
318.202	0.05	Adapter 1501Hz	43	1.501	70.00	0.186
318.282	0.05	Adapter 1501Hz	43	1.501	70.00	0.186
318.542	0.05	Adapter 1501Hz	43	1.501	70.00	0.186
318.622	0.05	Adapter 1501Hz	43	1.501	70.00	0.186
318.702	0.05	Adapter 1501Hz	43	1.501	70.00	0.186
318.782	0.05	Adapter 1501Hz	43	1.501	70.00	0.186
319.042	0.05	Adapter 1501Hz	43	1.501	70.00	0.186
319.122	0.05	Adapter 1501Hz	43	1.501	70.00	0.186
319.202	0.05	Adapter 1501Hz	43	1.501	70.00	0.186
319.282	0.05	Adapter 1501Hz	43	1.501	70.00	0.186
319.542	0.05	Adapter 1501Hz	43	1.501	70.00	0.186
319.622	0.05	Adapter 1501Hz	43	1.501	70.00	0.186
319.702	0.05	Adapter 1501Hz	43	1.501	70.00	0.186
319.782	0.05	Adapter 1501Hz	43	1.501	70.00	0.186
320.042	0.05	Adapter 1501Hz	43	1.501	70.00	0.186
320.122	0.05	Adapter 1501Hz	43	1.501	70.00	0.186
320.202	0.05	Adapter 1501Hz	43	1.501	70.00	0.186
320.282	0.05	Adapter 1501Hz	43	1.501	70.00	0.186
320.542	0.05	Adapter 1501Hz	43	1.501	70.00	0.186
320.622	0.05	Adapter 1501Hz	43	1.501	70.00	0.186
320.702	0.05	Adapter 1501Hz	43	1.501	70.00	0.186
320.782	0.05	Adapter 1501Hz	43	1.501	70.00	0.186
321.042	0.05	Adapter 1501Hz	43	1.501	70.00	0.186
321.122	0.05	Adapter 1501Hz	43	1.501	70.00	0.186
321.202	0.05	Adapter 1501Hz	43	1.501	70.00	0.186
321.282	0.05	Adapter 1501Hz	43	1.501	70.00	0.186
321.542	0.05	Adapter 1501Hz	43	1.501	70.00	0.186
321.622	0.05	Adapter 1501Hz	43	1.501	70.00	0.186
321.702	0.05	Adapter 1501Hz	43	1.501	70.00	0.186
321.782	0.05	Adapter 1501Hz	43	1.501	70.00	0.186
322.042	0.05	Adapter 1501Hz	43	1.501	70.00	0.186
322.122	0.05	Adapter 1501Hz	43	1.501	70.00	0.186
322.202	0.05	Adapter 1501Hz	43	1.501	70.00	0.186
322.282	0.05	Adapter 1501Hz	43	1.501	70.00	0.186
324.983	0.05	Adapter 2423Hz	44	2.423	70.00	0.285
325.063	0.05	Adapter 2423Hz	44	2.423	70.00	0.285
325.143	0.05	Adapter 2423Hz	44	2.423	70.00	0.285
325.223	0.05	Adapter 2423Hz	44	2.423	70.00	0.285
325.483	0.05	Adapter 2423Hz	44	2.423	70.00	0.285
325.563	0.05	Adapter 2423Hz	44	2.423	70.00	0.285
325.643	0.05	Adapter 2423Hz	44	2.423	70.00	0.285
325.723	0.05	Adapter 2423Hz	44	2.423	70.00	0.285
325.983	0.05	Adapter 2423Hz	44	2.423	70.00	0.285
326.063	0.05	Adapter 2423Hz	44	2.423	70.00	0.285
326.143	0.05	Adapter 2423Hz	44	2.423	70.00	0.285
326.223	0.05	Adapter 2423Hz	44	2.423	70.00	0.285
326.483	0.05	Adapter 2423Hz	44	2.423	70.00	0.285
326.563	0.05	Adapter 2423Hz	44	2.423	70.00	0.285
326.643	0.05	Adapter 2423Hz	44	2.423	70.00	0.285
326.723	0.05	Adapter 2423Hz	44	2.423	70.00	0.285
326.983	0.05	Adapter 2423Hz	44	2.423	70.00	0.285
327.063	0.05	Adapter 2423Hz	44	2.423	70.00	0.285
327.143	0.05	Adapter 2423Hz	44	2.423	70.00	0.285
327.223	0.05	Adapter 2423Hz	44	2.423	70.00	0.285
327.483	0.05	Adapter 2423Hz	44	2.423	70.00	0.285
327.563	0.05	Adapter 2423Hz	44	2.423	70.00	0.285
327.643	0.05	Adapter 2423Hz	44	2.423	70.00	0.285
327.723	0.05	Adapter 2423Hz	44	2.423	70.00	0.285
327.983	0.05	Adapter 2423Hz	44	2.423	70.00	0.285
328.063	0.05	Adapter 2423Hz	44	2.423	70.00	0.285
328.143	0.05	Adapter 2423Hz	44	2.423	70.00	0.285
328.223	0.05	Adapter 2423Hz	44	2.423	70.00	0.285
328.483	0.05	Adapter 2423Hz	44	2.423	70.00	0.285
328.563	0.05	Adapter 2423Hz	44	2.423	70.00	0.285
328.643	0.05	Adapter 2423Hz	44	2.423	70.00	0.285
328.723	0.05	Adapter 2423Hz	44	2.423	70.00	0.285
328.983	0.05	Adapter 2423Hz	44	2.423	70.00	0.285
329.063	0.05	Adapter 2423Hz	44	2.423	70.00	0.285
329.143	0.05	Adapter 2423Hz	44	2.423	70.00	0.285
329.223	0.05	Adapter 2423Hz	44	2.423	70.00	0.285
329.483	0.05	Adapter 2423Hz	44	2.423	70.00	0.285
329.563	0.05	Adapter 2423Hz	44	2.423	70.00	0.285
329.643	0.05	Adapter 2423Hz	44	2.423	70.00	0.285
329.723	0.05	Adapter 2423Hz	44	2.423	70.00	0.285
332.487	0.05	Adapter 251Hz	45	0.251	70.00	0.052
332.567	0.05	Adapter 251Hz	45	0.251	70.00	0.052
332.647	0.05	Adapter 251Hz	45	0.251	70.00	0.052
332.727	0.05	Adapter 251Hz	45	0.251	70.00	0.052
332.987	0.05	Adapter 251Hz	45	0.251	70.00	0.052
333.067	0.05	Adapter 251Hz	45	0.251	70.00	0.052
333.147	0.05	Adapter 251Hz	45	0.251	70.00	0.052
333.227	0.05	Adapter 251Hz	45	0.251	70.00	0.052
333.487	0.05	Adapter 251Hz	45	0.251	70.00	0.052
333.567	0.05	Adapter 251Hz	45	0.251	70.00	0.052
333.647	0.05	Adapter 251Hz	45	0.251	70.00	0.052
333.727	0.05	Adapter 251Hz	45	0.251	70.00	0.052
333.987	0.05	Adapter 251Hz	45	0.251	70.00	0.052
334.067	0.05	Adapter 251Hz	45	0.251	70.00	0.052
334.147	0.05	Adapter 251Hz	45	0.251	70.00	0.052
334.227	0.05	Adapter 251Hz	45	0.251	70.00	0.052
334.487	0.05	Adapter 251Hz	45	0.251	70.00	0.052
334.567	0.05	Adapter 251Hz	45	0.251	70.00	0.052
334.647	0.05	Adapter 251Hz	45	0.251	70.00	0.052
334.727	0.05	Adapter 251Hz	45	0.251	70.00	0.052
334.987	0.05	Adapter 251Hz	45	0.251	70.00	0.052
335.067	0.05	Adapter 251Hz	45	0.251	70.00	0.052
335.147	0.05	Adapter 251Hz	45	0.251	70.00	0.052
335.227	0.05	Adapter 251Hz	45	0.251	70.00	0.052
335.487	0.05	Adapter 251Hz	45	0.251	70.00	0.052
335.567	0.05	Adapter 251Hz	45	0.251	70.00	0.052
335.647	0.05	Adapter 251Hz	45	0.251	70.00	0.052
335.727	0.05	Adapter 251Hz	45	0.251	70.00	0.052
335.987	0.05	Adapter 251Hz	45	0.251	70.00	0.052
336.067	0.05	Adapter 251Hz	45	0.251	70.00	0.052
336.147	0.05	Adapter 251Hz	45	0.251	70.00	0.052
336.227	0.05	Adapter 251Hz	45	0.251	70.00	0.052
336.487	0.05	Adapter 251Hz	45	0.251	70.00	0.052
336.567	0.05	Adapter 251Hz	45	0.251	70.00	0.052
336.647	0.05	Adapter 251Hz	45	0.251	70.00	0.052
336.727	0.05	Adapter 251Hz	45	0.251	70.00	0.052
336.987	0.05	Adapter 251Hz	45	0.251	70.00	0.052
337.067	0.05	Adapter 251Hz	45	0.251	70.00	0.052
337.147	0.05	Adapter 251Hz	45	0.251	70.00	0.052
337.227	0.05	Adapter 251Hz	45	0.251	70.00	0.052
347.541	0.05	Adapter 899Hz	47	0.899	70.00	0.121
347.621	0.05	Adapter 899Hz	47	0.899	70.00	0.121
347.701	0.05	Adapter 899Hz	47	0.899	70.00	0.121
347.781	0.05	Adapter 899Hz	47	0.899	70.00	0.121
348.041	0.05	Adapter 899Hz	47	0.899	70.00	0.121
348.121	0.05	Adapter 899Hz	47	0.899	70.00	0.121
348.201	0.05	Adapter 899Hz	47	0.899	70.00	0.121
348.281	0.05	Adapter 899Hz	47	0.899	70.00	0.121
348.541	0.05	Adapter 899Hz	47	0.899	70.00	0.121
348.621	0.05	Adapter 899Hz	47	0.899	70.00	0.121
348.701	0.05	Adapter 899Hz	47	0.899	70.00	0.121
348.781	0.05	Adapter 899Hz	47	0.899	70.00	0.121
349.041	0.05	Adapter 899Hz	47	0.899	70.00	0.121
349.121	0.05	Adapter 899Hz	47	0.899	70.00	0.121
349.201	0.05	Adapter 899Hz	47	0.899	70.00	0.121
349.281	0.05	Adapter 899Hz	47	0.899	70.00	0.121
349.541	0.05	Adapter 899Hz	47	0.899	70.00	0.121
349.621	0.05	Adapter 899Hz	47	0.899	70.00	0.121
349.701	0.05	Adapter 899Hz	47	0.899	70.00	0.121
349.781	0.05	Adapter 899Hz	47	0.899	70.00	0.121
350.041	0.05	Adapter 899Hz	47	0.899	70.00	0.121
350.121	0.05	Adapter 899Hz	47	0.899	70.00	0.121
350.201	0.05	Adapter 899Hz	47	0.899	70.00	0.121
350.281	0.05	Adapter 899Hz	47	0.899	70.00	0.121
350.541	0.05	Adapter 899Hz	47	0.899	70.00	0.121
350.621	0.05	Adapter 899Hz	47	0.899	70.00	0.121
350.701	0.05	Adapter 899Hz	47	0.899	70.00	0.121
350.781	0.05	Adapter 899Hz	47	0.899	70.00	0.121
351.041	0.05	Adapter 899Hz	47	0.899	70.00	0.121
351.121	0.05	Adapter 899Hz	47	0.899	70.00	0.121
351.201	0.05	Adapter 899Hz	47	0.899	70.00	0.121
351.281	0.05	Adapter 899Hz	47	0.899	70.00	0.121
351.541	0.05	Adapter 899Hz	47	0.899	70.00	0.121
351.621	0.05	Adapter 899Hz	47	0.899	70.00	0.121
351.701	0.05	Adapter 899Hz	47	0.899	70.00	0.121
351.781	0.05	Adapter 899Hz	47	0.899	70.00	0.121
352.041	0.05	Adapter 899Hz	47	0.899	70.00	0.121
352.121	0.05	Adapter 899Hz	47	0.899	70.00	0.121
352.201	0.05	Adapter 899Hz	47	0.899	70.00	0.121
352.281	0.05	Adapter 899Hz	47	0.899	70.00	0.121
355.045	0.05	Adapter 2423Hz Probe 3839Hz	48	2.423	70.00	0.285
355.125	0.05	Adapter 2423Hz Probe 3839Hz	48	2.423	70.00	0.285
355.205	0.05	Adapter 2423Hz Probe 3839Hz	48	2.423	70.00	0.285
355.285	0.05	Adapter 2423Hz Probe 3839Hz	48	2.423	70.00	0.285
355.365	0.05	Adapter 2423Hz Probe 3839Hz	48	3.839	70.00	0.437
355.545	0.05	Adapter 2423Hz Probe 3839Hz	48	2.423	70.00	0.285
355.625	0.05	Adapter 2423Hz Probe 3839Hz	48	2.423	70.00	0.285
355.705	0.05	Adapter 2423Hz Probe 3839Hz	48	2.423	70.00	0.285
355.785	0.05	Adapter 2423Hz Probe 3839Hz	48	2.423	70.00	0.285
355.865	0.05	Adapter 2423Hz Probe 3839Hz	48	3.839	70.00	0.437
356.045	0.05	Adapter 2423Hz Probe 3839Hz	48	2.423	70.00	0.285
356.125	0.05	Adapter 2423Hz Probe 3839Hz	48	2.423	70.00	0.285
356.205	0.05	Adapter 2423Hz Probe 3839Hz	48	2.423	70.00	0.285
356.285	0.05	Adapter 2423Hz Probe 3839Hz	48	2.423	70.00	0.285
356.365	0.05	Adapter 2423Hz Probe 3839Hz	48	3.839	70.00	0.437
356.545	0.05	Adapter 2423Hz Probe 3839Hz	48	2.423	70.00	0.285
356.625	0.05	Adapter 2423Hz Probe 3839Hz	48	2.423	70.00	0.285
356.705	0.05	Adapter 2423Hz Probe 3839Hz	48	2.423	70.00	0.285
356.785	0.05	Adapter 2423Hz Probe 3839Hz	48	2.423	70.00	0.285
356.865	0.05	Adapter 2423Hz Probe 3839Hz	48	3.839	70.00	0.437
357.045	0.05	Adapter 2423Hz Probe 3839Hz	48	2.423	70.00	0.285
357.125	0.05	Adapter 2423Hz Probe 3839Hz	48	2.423	70.00	0.285
357.205	0.05	Adapter 2423Hz Probe 3839Hz	48	2.423	70.00	0.285
357.285	0.05	Adapter 2423Hz Probe 3839Hz	48	2.423	70.00	0.285
357.365	0.05	Adapter 2423Hz Probe 3839Hz	48	3.839	70.00	0.437
357.545	0.05	Adapter 2423Hz Probe 3839Hz	48	2.423	70.00	0.285
357.625	0.05	Adapter 2423Hz Probe 3839Hz	48	2.423	70.00	0.285
357.705	0.05	Adapter 2423Hz Probe 3839Hz	48	2.423	70.00	0.285
357.785	0.05	Adapter 2423Hz Probe 3839Hz	48	2.423	70.00	0.285
357.865	0.05	Adapter 2423Hz Probe 3839Hz	48	3.839	70.00	0.437
358.045	0.05	Adapter 2423Hz Probe 3839Hz	48	2.423	70.00	0.285
358.125	0.05	Adapter 2423Hz Probe 3839Hz	48	2.423	70.00	0.285
358.205	0.05	Adapter 2423Hz Probe 3839Hz	48	2.423	70.00	0.285
358.285	0.05	Adapter 2423Hz Probe 3839Hz	48	2.423	70.00	0.285
358.365	0.05	Adapter 2423Hz Probe 3839Hz	48	3.839	70.00	0.437
358.545	0.05	Adapter 2423Hz Probe 3839Hz	48	2.423	70.00	0.285
358.625	0.05	Adapter 2423Hz Probe 3839Hz	48	2.423	70.00	0.285
358.705	0.05	Adapter 2423Hz Probe 3839Hz	48	2.423	70.00	0.285
358.785	0.05	Adapter 2423Hz Probe 3839Hz	48	2.423	70.00	0.285
358.865	0.05	Adapter 2423Hz Probe 3839Hz	48	3.839	70.00	0.437
359.045	0.05	Adapter 2423Hz Probe 3839Hz	48	2.423	70.00	0.285
359.125	0.05	Adapter 2423Hz Probe 3839Hz	48	2.423	70.00	0.285
359.205	0.05	Adapter 2423Hz Probe 3839Hz	48	2.423	70.00	0.285
359.285	0.05	Adapter 2423Hz Probe 3839Hz	48	2.423	70.00	0.285
359.365	0.05	Adapter 2423Hz Probe 3839Hz	48	3.839	70.00	0.437
359.545	0.05	Adapter 2423Hz Probe 3839Hz	48	2.423	70.00	0.285
359.625	0.05	Adapter 2423Hz Probe 3839Hz	48	2.423	70.00	0.285
359.705	0.05	Adapter 2423Hz Probe 3839Hz	48	2.423	70.00	0.285
359.785	0.05	Adapter 2423Hz Probe 3839Hz	48	2.423	70.00	0.285
359.865	0.05	Adapter 2423Hz Probe 3839Hz	48	3.839	70.00	0.437
362.533	0.05	Adapter 507Hz Probe 3839Hz	49	0.507	70.00	0.079
362.613	0.05	Adapter 507Hz Probe 3839Hz	49	0.507	70.00	0.079
362.693	0.05	Adapter 507Hz Probe 3839Hz	49	0.507	70.00	0.079
362.773	0.05	Adapter 507Hz Probe 3839Hz	49	0.507	70.00	0.079
362.853	0.05	Adapter 507Hz Probe 3839Hz	49	3.839	70.00	0.437
363.033	0.05	Adapter 507Hz Probe 3839Hz	49	0.507	70.00	0.079
363.113	0.05	Adapter 507Hz Probe 3839Hz	49	0.507	70.00	0.079
363.193	0.05	Adapter 507Hz Probe 3839Hz	49	0.507	70.00	0.079
363.273	0.05	Adapter 507Hz Probe 3839Hz	49	0.507	70.00	0.079
363.353	0.05	Adapter 507Hz Probe 3839Hz	49	3.839	70.00	0.437
363.533	0.05	Adapter 507Hz Probe 3839Hz	49	0.507	70.00	0.079
363.613	0.05	Adapter 507Hz Probe 3839Hz	49	0.507	70.00	0.079
363.693	0.05	Adapter 507Hz Probe 3839Hz	49	0.507	70.00	0.079
363.773	0.05	Adapter 507Hz Probe 3839Hz	49	0.507	70.00	0.079
363.853	0.05	Adapter 507Hz Probe 3839Hz	49	3.839	70.00	0.437
364.033	0.05	Adapter 507Hz Probe 3839Hz	49	0.507	70.00	0.079
364.113	0.05	Adapter 507Hz Probe 3839Hz	49	0.507	70.00	0.079
364.193	0.05	Adapter 507Hz Probe 3839Hz	49	0.507	70.00	0.079
364.273	0.05	Adapter 507Hz Probe 3839Hz	49	0.507	70.00	0.079
364.353	0.05	Adapter 507Hz Probe 3839Hz	49	3.839	70.00	0.437
364.533	0.05	Adapter 507Hz Probe 3839Hz	49	0.507	70.00	0.079
364.613	0.05	Adapter 507Hz Probe 3839Hz	49	0.507	70.00	0.079
364.693	0.05	Adapter 507Hz Probe 3839Hz	49	0.507	70.00	0.079
364.773	0.05	Adapter 507Hz Probe 3839Hz	49	0.507	70.00	0.079
364.853	0.05	Adapter 507Hz Probe 3839Hz	49	3.839	70.00	0.437
365.033	0.05	Adapter 507Hz Probe 3839Hz	49	0.507	70.00	0.079
365.113	0.05	Adapter 507Hz Probe 3839Hz	49	0.507	70.00	0.079
365.193	0.05	Adapter 507Hz Probe 3839Hz	49	0.507	70.00	0.079
365.273	0.05	Adapter 507Hz Probe 3839Hz	49	0.507	70.00	0.079
365.353	0.05	Adapter 507Hz Probe 3839Hz	49	3.839	70.00	0.437
365.533	0.05	Adapter 507Hz Probe 3839Hz	49	0.507	70.00	0.079
365.613	0.05	Adapter 507Hz Probe 3839Hz	49	0.507	70.00	0.079
365.693	0.05	Adapter 507Hz Probe 3839Hz	49	0.507	70.00	0.079
365.773	0.05	Adapter 507Hz Probe 3839Hz	49	0.507	70.00	0.079
365.853	0.05	Adapter 507Hz Probe 3839Hz	49	3.839	70.00	0.437
366.033	0.05	Adapter 507Hz Probe 3839Hz	49	0.507	70.00	0.079
366.113	0.05	Adapter 507Hz Probe 3839Hz	49	0.507	70.00	0.079
366.193	0.05	Adapter 507Hz Probe 3839Hz	49	0.507	70.00	0.079
366.273	0.05	Adapter 507Hz Probe 3839Hz	49	0.507	70.00	0.079
366.353	0.05	Adapter 507Hz Probe 3839Hz	49	3.839	70.00	0.437
366.533	0.05	Adapter 507Hz Probe 3839Hz	49	0.507	70.00	0.079
366.613	0.05	Adapter 507Hz Probe 3839Hz	49	0.507	70.00	0.079
366.693	0.05	Adapter 507Hz Probe 3839Hz	49	0.507	70.00	0.079
366.773	0.05	Adapter 507Hz Probe 3839Hz	49	0.507	70.00	0.079
366.853	0.05	Adapter 507Hz Probe 3839Hz	49	3.839	70.00	0.437
367.033	0.05	Adapter 507Hz Probe 3839Hz	49	0.507	70.00	0.079
367.113	0.05	Adapter 507Hz Probe 3839Hz	49	0.507	70.00	0.079
367.193	0.05	Adapter 507Hz Probe 3839Hz	49	0.507	70.00	0.079
367.273	0.05	Adapter 507Hz Probe 3839Hz	49	0.507	70.00	0.079
367.353	0.05	Adapter 507Hz Probe 3839Hz	49	3.839	70.00	0.437
370.31	0.05	Probe 3839Hz	50	3.839	70.00	0.437
370.81	0.05	Probe 3839Hz	50	3.839	70.00	0.437
371.31	0.05	Probe 3839Hz	50	3.839	70.00	0.437
371.81	0.05	Probe 3839Hz	50	3.839	70.00	0.437
372.31	0.05	Probe 3839Hz	50	3.839	70.00	0.437
372.81	0.05	Probe 3839Hz	50	3.839	70.00	0.437
373.31	0.05	Probe 3839Hz	50	3.839	70.00	0.437
373.81	0.05	Probe 3839Hz	50	3.839	70.00	0.437
374.31	0.05	Probe 3839Hz	50	3.839	70.00	0.437
374.81	0.05	Probe 3839Hz	50	3.839	70.00	0.437
377.509	0.05	Adapter 2423Hz Probe 3839Hz	51	2.423	70.00	0.285
377.589	0.05	Adapter 2423Hz Probe 3839Hz	51	2.423	70.00	0.285
377.669	0.05	Adapter 2423Hz Probe 3839Hz	51	2.423	70.00	0.285
377.749	0.05	Adapter 2423Hz Probe 3839Hz	51	2.423	70.00	0.285
377.829	0.05	Adapter 2423Hz Probe 3839Hz	51	3.839	70.00	0.437
378.009	0.05	Adapter 2423Hz Probe 3839Hz	51	2.423	70.00	0.285
378.089	0.05	Adapter 2423Hz Probe 3839Hz	51	2.423	70.00	0.285
378.169	0.05	Adapter 2423Hz Probe 3839Hz	51	2.423	70.00	0.285
378.249	0.05	Adapter 2423Hz Probe 3839Hz	51	2.423	70.00	0.285
378.329	0.05	Adapter 2423Hz Probe 3839Hz	51	3.839	70.00	0.437
378.509	0.05	Adapter 2423Hz Probe 3839Hz	51	2.423	70.00	0.285
378.589	0.05	Adapter 2423Hz Probe 3839Hz	51	2.423	70.00	0.285
378.669	0.05	Adapter 2423Hz Probe 3839Hz	51	2.423	70.00	0.285
378.749	0.05	Adapter 2423Hz Probe 3839Hz	51	2.423	70.00	0.285
378.829	0.05	Adapter 2423Hz Probe 3839Hz	51	3.839	70.00	0.437
379.009	0.05	Adapter 2423Hz Probe 3839Hz	51	2.423	70.00	0.285
379.089	0.05	Adapter 2423Hz Probe 3839Hz	51	2.423	70.00	0.285
379.169	0.05	Adapter 2423Hz Probe 3839Hz	51	2.423	70.00	0.285
379.249	0.05	Adapter 2423Hz Probe 3839Hz	51	2.423	70.00	0.285
379.329	0.05	Adapter 2423Hz Probe 3839Hz	51	3.839	70.00	0.437
379.509	0.05	Adapter 2423Hz Probe 3839Hz	51	2.423	70.00	0.285
379.589	0.05	Adapter 2423Hz Probe 3839Hz	51	2.423	70.00	0.285
379.669	0.05	Adapter 2423Hz Probe 3839Hz	51	2.423	70.00	0.285
379.749	0.05	Adapter 2423Hz Probe 3839Hz	51	2.423	70.00	0.285
379.829	0.05	Adapter 2423Hz Probe 3839Hz	51	3.839	70.00	0.437
380.009	0.05	Adapter 2423Hz Probe 3839Hz	51	2.423	70.00	0.285
380.089	0.05	Adapter 2423Hz Probe 3839Hz	51	2.423	70.00	0.285
380.169	0.05	Adapter 2423Hz Probe 3839Hz	51	2.423	70.00	0.285
380.249	0.05	Adapter 2423Hz Probe 3839Hz	51	2.423	70.00	0.285
380.329	0.05	Adapter 2423Hz Probe 3839Hz	51	3.839	70.00	0.437
380.509	0.05	Adapter 2423Hz Probe 3839Hz	51	2.423	70.00	0.285
380.589	0.05	Adapter 2423Hz Probe 3839Hz	51	2.423	70.00	0.285
380.669	0.05	Adapter 2423Hz Probe 3839Hz	51	2.423	70.00	0.285
380.749	0.05	Adapter 2423Hz Probe 3839Hz	51	2.423	70.00	0.285
380.829	0.05	Adapter 2423Hz Probe 3839Hz	51	3.839	70.00	0.437
381.009	0.05	Adapter 2423Hz Probe 3839Hz	51	2.423	70.00	0.285
381.089	0.05	Adapter 2423Hz Probe 3839Hz	51	2.423	70.00	0.285
381.169	0.05	Adapter 2423Hz Probe 3839Hz	51	2.423	70.00	0.285
381.249	0.05	Adapter 2423Hz Probe 3839Hz	51	2.423	70.00	0.285
381.329	0.05	Adapter 2423Hz Probe 3839Hz	51	3.839	70.00	0.437
381.509	0.05	Adapter 2423Hz Probe 3839Hz	51	2.423	70.00	0.285
381.589	0.05	Adapter 2423Hz Probe 3839Hz	51	2.423	70.00	0.285
381.669	0.05	Adapter 2423Hz Probe 3839Hz	51	2.423	70.00	0.285
381.749	0.05	Adapter 2423Hz Probe 3839Hz	51	2.423	70.00	0.285
381.829	0.05	Adapter 2423Hz Probe 3839Hz	51	3.839	70.00	0.437
382.009	0.05	Adapter 2423Hz Probe 3839Hz	51	2.423	70.00	0.285
382.089	0.05	Adapter 2423Hz Probe 3839Hz	51	2.423	70.00	0.285
382.169	0.05	Adapter 2423Hz Probe 3839Hz	51	2.423	70.00	0.285
382.249	0.05	Adapter 2423Hz Probe 3839Hz	51	2.423	70.00	0.285
382.329	0.05	Adapter 2423Hz Probe 3839Hz	51	3.839	70.00	0.437
384.997	0.05	Adapter 251Hz	52	0.251	70.00	0.052
385.077	0.05	Adapter 251Hz	52	0.251	70.00	0.052
385.157	0.05	Adapter 251Hz	52	0.251	70.00	0.052
385.237	0.05	Adapter 251Hz	52	0.251	70.00	0.052
385.497	0.05	Adapter 251Hz	52	0.251	70.00	0.052
385.577	0.05	Adapter 251Hz	52	0.251	70.00	0.052
385.657	0.05	Adapter 251Hz	52	0.251	70.00	0.052
385.737	0.05	Adapter 251Hz	52	0.251	70.00	0.052
385.997	0.05	Adapter 251Hz	52	0.251	70.00	0.052
386.077	0.05	Adapter 251Hz	52	0.251	70.00	0.052
386.157	0.05	Adapter 251Hz	52	0.251	70.00	0.052
386.237	0.05	Adapter 251Hz	52	0.251	70.00	0.052
386.497	0.05	Adapter 251Hz	52	0.251	70.00	0.052
386.577	0.05	Adapter 251Hz	52	0.251	70.00	0.052
386.657	0.05	Adapter 251Hz	52	0.251	70.00	0.052
386.737	0.05	Adapter 251Hz	52	0.251	70.00	0.052
386.997	0.05	Adapter 251Hz	52	0.251	70.00	0.052
387.077	0.05	Adapter 251Hz	52	0.251	70.00	0.052
387.157	0.05	Adapter 251Hz	52	0.251	70.00	0.052
387.237	0.05	Adapter 251Hz	52	0.251	70.00	0.052
387.497	0.05	Adapter 251Hz	52	0.251	70.00	0.052
387.577	0.05	Adapter 251Hz	52	0.251	70.00	0.052
387.657	0.05	Adapter 251Hz	52	0.251	70.00	0.052
387.737	0.05	Adapter 251Hz	52	0.251	70.00	0.052
387.997	0.05	Adapter 251Hz	52	0.251	70.00	0.052
388.077	0.05	Adapter 251Hz	52	0.251	70.00	0.052
388.157	0.05	Adapter 251Hz	52	0.251	70.00	0.052
388.237	0.05	Adapter 251Hz	52	0.251	70.00	0.052
388.497	0.05	Adapter 251Hz	52	0.251	70.00	0.052
388.577	0.05	Adapter 251Hz	52	0.251	70.00	0.052
388.657	0.05	Adapter 251Hz	52	0.251	70.00	0.052
388.737	0.05	Adapter 251Hz	52	0.251	70.00	0.052
388.997	0.05	Adapter 251Hz	52	0.251	70.00	0.052
389.077	0.05	Adapter 251Hz	52	0.251	70.00	0.052
389.157	0.05	Adapter 251Hz	52	0.251	70.00	0.052
389.237	0.05	Adapter 251Hz	52	0.251	70.00	0.052
389.497	0.05	Adapter 251Hz	52	0.251	70.00	0.052
389.577	0.05	Adapter 251Hz	52	0.251	70.00	0.052
389.657	0.05	Adapter 251Hz	52	0.251	70.00	0.052
389.737	0.05	Adapter 251Hz	52	0.251	70.00	0.052
400.004	0.05	Adapter 3839Hz	54	3.839	70.00	0.437
400.084	0.05	Adapter 3839Hz	54	3.839	70.00	0.437
400.164	0.05	Adapter 3839Hz	54	3.839	70.00	0.437
400.244	0.05	Adapter 3839Hz	54	3.839	70.00	0.437
400.504	0.05	Adapter 3839Hz	54	3.839	70.00	0.437
400.584	0.05	Adapter 3839Hz	54	3.839	70.00	0.437
400.664	0.05	Adapter 3839Hz	54	3.839	70.00	0.437
400.744	0.05	Adapter 3839Hz	54	3.839	70.00	0.437
401.004	0.05	Adapter 3839Hz	54	3.839	70.00	0.437
401.084	0.05	Adapter 3839Hz	54	3.839	70.00	0.437
401.164	0.05	Adapter 3839Hz	54	3.839	70.00	0.437
401.244	0.05	Adapter 3839Hz	54	3.839	70.00	0.437
401.504	0.05	Adapter 3839Hz	54	3.839	70.00	0.437
401.584	0.05	Adapter 3839Hz	54	3.839	70.00	0.437
401.664	0.05	Adapter 3839Hz	54	3.839	70.00	0.437
401.744	0.05	Adapter 3839Hz	54	3.839	70.00	0.437
402.004	0.05	Adapter 3839Hz	54	3.839	70.00	0.437
402.084	0.05	Adapter 3839Hz	54	3.839	70.00	0.437
402.164	0.05	Adapter 3839Hz	54	3.839	70.00	0.437
402.244	0.05	Adapter 3839Hz	54	3.839	70.00	0.437
402.504	0.05	Adapter 3839Hz	54	3.839	70.00	0.437
402.584	0.05	Adapter 3839Hz	54	3.839	70.00	0.437
402.664	0.05	Adapter 3839Hz	54	3.839	70.00	0.437
402.744	0.05	Adapter 3839Hz	54	3.839	70.00	0.437
403.004	0.05	Adapter 3839Hz	54	3.839	70.00	0.437
403.084	0.05	Adapter 3839Hz	54	3.839	70.00	0.437
403.164	0.05	Adapter 3839Hz	54	3.839	70.00	0.437
403.244	0.05	Adapter 3839Hz	54	3.839	70.00	0.437
403.504	0.05	Adapter 3839Hz	54	3.839	70.00	0.437
403.584	0.05	Adapter 3839Hz	54	3.839	70.00	0.437
403.664	0.05	Adapter 3839Hz	54	3.839	70.00	0.437
403.744	0.05	Adapter 3839Hz	54	3.839	70.00	0.437
404.004	0.05	Adapter 3839Hz	54	3.839	70.00	0.437
404.084	0.05	Adapter 3839Hz	54	3.839	70.00	0.437
404.164	0.05	Adapter 3839Hz	54	3.839	70.00	0.437
404.244	0.05	Adapter 3839Hz	54	3.839	70.00	0.437
404.504	0.05	Adapter 3839Hz	54	3.839	70.00	0.437
404.584	0.05	Adapter 3839Hz	54	3.839	70.00	0.437
404.664	0.05	Adapter 3839Hz	54	3.839	70.00	0.437
404.744	0.05	Adapter 3839Hz	54	3.839	70.00	0.437
407.508	0.05	Adapter 899Hz	55	0.899	70.00	0.121
407.588	0.05	Adapter 899Hz	55	0.899	70.00	0.121
407.668	0.05	Adapter 899Hz	55	0.899	70.00	0.121
407.748	0.05	Adapter 899Hz	55	0.899	70.00	0.121
408.008	0.05	Adapter 899Hz	55	0.899	70.00	0.121
408.088	0.05	Adapter 899Hz	55	0.899	70.00	0.121
408.168	0.05	Adapter 899Hz	55	0.899	70.00	0.121
408.248	0.05	Adapter 899Hz	55	0.899	70.00	0.121
408.508	0.05	Adapter 899Hz	55	0.899	70.00	0.121
408.588	0.05	Adapter 899Hz	55	0.899	70.00	0.121
408.668	0.05	Adapter 899Hz	55	0.899	70.00	0.121
408.748	0.05	Adapter 899Hz	55	0.899	70.00	0.121
409.008	0.05	Adapter 899Hz	55	0.899	70.00	0.121
409.088	0.05	Adapter 899Hz	55	0.899	70.00	0.121
409.168	0.05	Adapter 899Hz	55	0.899	70.00	0.121
409.248	0.05	Adapter 899Hz	55	0.899	70.00	0.121
409.508	0.05	Adapter 899Hz	55	0.899	70.00	0.121
409.588	0.05	Adapter 899Hz	55	0.899	70.00	0.121
409.668	0.05	Adapter 899Hz	55	0.899	70.00	0.121
409.748	0.05	Adapter 899Hz	55	0.899	70.00	0.121
410.008	0.05	Adapter 899Hz	55	0.899	70.00	0.121
410.088	0.05	Adapter 899Hz	55	0.899	70.00	0.121
410.168	0.05	Adapter 899Hz	55	0.899	70.00	0.121
410.248	0.05	Adapter 899Hz	55	0.899	70.00	0.121
410.508	0.05	Adapter 899Hz	55	0.899	70.00	0.121
410.588	0.05	Adapter 899Hz	55	0.899	70.00	0.121
410.668	0.05	Adapter 899Hz	55	0.899	70.00	0.121
410.748	0.05	Adapter 899Hz	55	0.899	70.00	0.121
411.008	0.05	Adapter 899Hz	55	0.899	70.00	0.121
411.088	0.05	Adapter 899Hz	55	0.899	70.00	0.121
411.168	0.05	Adapter 899Hz	55	0.899	70.00	0.121
411.248	0.05	Adapter 899Hz	55	0.899	70.00	0.121
411.508	0.05	Adapter 899Hz	55	0.899	70.00	0.121
411.588	0.05	Adapter 899Hz	55	0.899	70.00	0.121
411.668	0.05	Adapter 899Hz	55	0.899	70.00	0.121
411.748	0.05	Adapter 899Hz	55	0.899	70.00	0.121
412.008	0.05	Adapter 899Hz	55	0.899	70.00	0.121
412.088	0.05	Adapter 899Hz	55	0.899	70.00	0.121
412.168	0.05	Adapter 899Hz	55	0.899	70.00	0.121
412.248	0.05	Adapter 899Hz	55	0.899	70.00	0.121
415.011	0.05	Adapter 3839Hz Probe 3839Hz	56	3.839	70.00	0.437
415.091	0.05	Adapter 3839Hz Probe 3839Hz	56	3.839	70.00	0.437
415.171	0.05	Adapter 3839Hz Probe 3839Hz	56	3.839	70.00	0.437
415.251	0.05	Adapter 3839Hz Probe 3839Hz	56	3.839	70.00	0.437
415.331	0.05	Adapter 3839Hz Probe 3839Hz	56	3.839	70.00	0.437
415.511	0.05	Adapter 3839Hz Probe 3839Hz	56	3.839	70.00	0.437
415.591	0.05	Adapter 3839Hz Probe 3839Hz	56	3.839	70.00	0.437
415.671	0.05	Adapter 3839Hz Probe 3839Hz	56	3.839	70.00	0.437
415.751	0.05	Adapter 3839Hz Probe 3839Hz	56	3.839	70.00	0.437
415.831	0.05	Adapter 3839Hz Probe 3839Hz	56	3.839	70.00	0.437
416.011	0.05	Adapter 3839Hz Probe 3839Hz	56	3.839	70.00	0.437
416.091	0.05	Adapter 3839Hz Probe 3839Hz	56	3.839	70.00	0.437
416.171	0.05	Adapter 3839Hz Probe 3839Hz	56	3.839	70.00	0.437
416.251	0.05	Adapter 3839Hz Probe 3839Hz	56	3.839	70.00	0.437
416.331	0.05	Adapter 3839Hz Probe 3839Hz	56	3.839	70.00	0.437
416.511	0.05	Adapter 3839Hz Probe 3839Hz	56	3.839	70.00	0.437
416.591	0.05	Adapter 3839Hz Probe 3839Hz	56	3.839	70.00	0.437
416.671	0.05	Adapter 3839Hz Probe 3839Hz	56	3.839	70.00	0.437
416.751	0.05	Adapter 3839Hz Probe 3839Hz	56	3.839	70.00	0.437
416.831	0.05	Adapter 3839Hz Probe 3839Hz	56	3.839	70.00	0.437
417.011	0.05	Adapter 3839Hz Probe 3839Hz	56	3.839	70.00	0.437
417.091	0.05	Adapter 3839Hz Probe 3839Hz	56	3.839	70.00	0.437
417.171	0.05	Adapter 3839Hz Probe 3839Hz	56	3.839	70.00	0.437
417.251	0.05	Adapter 3839Hz Probe 3839Hz	56	3.839	70.00	0.437
417.331	0.05	Adapter 3839Hz Probe 3839Hz	56	3.839	70.00	0.437
417.511	0.05	Adapter 3839Hz Probe 3839Hz	56	3.839	70.00	0.437
417.591	0.05	Adapter 3839Hz Probe 3839Hz	56	3.839	70.00	0.437
417.671	0.05	Adapter 3839Hz Probe 3839Hz	56	3.839	70.00	0.437
417.751	0.05	Adapter 3839Hz Probe 3839Hz	56	3.839	70.00	0.437
417.831	0.05	Adapter 3839Hz Probe 3839Hz	56	3.839	70.00	0.437
418.011	0.05	Adapter 3839Hz Probe 3839Hz	56	3.839	70.00	0.437
418.091	0.05	Adapter 3839Hz Probe 3839Hz	56	3.839	70.00	0.437
418.171	0.05	Adapter 3839Hz Probe 3839Hz	56	3.839	70.00	0.437
418.251	0.05	Adapter 3839Hz Probe 3839Hz	56	3.839	70.00	0.437
418.331	0.05	Adapter 3839Hz Probe 3839Hz	56	3.839	70.00	0.437
418.511	0.05	Adapter 3839Hz Probe 3839Hz	56	3.839	70.00	0.437
418.591	0.05	Adapter 3839Hz Probe 3839Hz	56	3.839	70.00	0.437
418.671	0.05	Adapter 3839Hz Probe 3839Hz	56	3.839	70.00	0.437
418.751	0.05	Adapter 3839Hz Probe 3839Hz	56	3.839	70.00	0.437
418.831	0.05	Adapter 3839Hz Probe 3839Hz	56	3.839	70.00	0.437
419.011	0.05	Adapter 3839Hz Probe 3839Hz	56	3.839	70.00	0.437
419.091	0.05	Adapter 3839Hz Probe 3839Hz	56	3.839	70.00	0.437
419.171	0.05	Adapter 3839Hz Probe 3839Hz	56	3.839	70.00	0.437
419.251	0.05	Adapter 3839Hz Probe 3839Hz	56	3.839	70.00	0.437
419.331	0.05	Adapter 3839Hz Probe 3839Hz	56	3.839	70.00	0.437
419.511	0.05	Adapter 3839Hz Probe 3839Hz	56	3.839	70.00	0.437
419.591	0.05	Adapter 3839Hz Probe 3839Hz	56	3.839	70.00	0.437
419.671	0.05	Adapter 3839Hz Probe 3839Hz	56	3.839	70.00	0.437
419.751	0.05	Adapter 3839Hz Probe 3839Hz	56	3.839	70.00	0.437
419.831	0.05	Adapter 3839Hz Probe 3839Hz	56	3.839	70.00	0.437
422.515	0.05	Adapter 899Hz Probe 3839Hz	57	0.899	70.00	0.121
422.595	0.05	Adapter 899Hz Probe 3839Hz	57	0.899	70.00	0.121
422.675	0.05	Adapter 899Hz Probe 3839Hz	57	0.899	70.00	0.121
422.755	0.05	Adapter 899Hz Probe 3839Hz	57	0.899	70.00	0.121
422.835	0.05	Adapter 899Hz Probe 3839Hz	57	3.839	70.00	0.437
423.015	0.05	Adapter 899Hz Probe 3839Hz	57	0.899	70.00	0.121
423.095	0.05	Adapter 899Hz Probe 3839Hz	57	0.899	70.00	0.121
423.175	0.05	Adapter 899Hz Probe 3839Hz	57	0.899	70.00	0.121
423.255	0.05	Adapter 899Hz Probe 3839Hz	57	0.899	70.00	0.121
423.335	0.05	Adapter 899Hz Probe 3839Hz	57	3.839	70.00	0.437
423.515	0.05	Adapter 899Hz Probe 3839Hz	57	0.899	70.00	0.121
423.595	0.05	Adapter 899Hz Probe 3839Hz	57	0.899	70.00	0.121
423.675	0.05	Adapter 899Hz Probe 3839Hz	57	0.899	70.00	0.121
423.755	0.05	Adapter 899Hz Probe 3839Hz	57	0.899	70.00	0.121
423.835	0.05	Adapter 899Hz Probe 3839Hz	57	3.839	70.00	0.437
424.015	0.05	Adapter 899Hz Probe 3839Hz	57	0.899	70.00	0.121
424.095	0.05	Adapter 899Hz Probe 3839Hz	57	0.899	70.00	0.121
424.175	0.05	Adapter 899Hz Probe 3839Hz	57	0.899	70.00	0.121
424.255	0.05	Adapter 899Hz Probe 3839Hz	57	0.899	70.00	0.121
424.335	0.05	Adapter 899Hz Probe 3839Hz	57	3.839	70.00	0.437
424.515	0.05	Adapter 899Hz Probe 3839Hz	57	0.899	70.00	0.121
424.595	0.05	Adapter 899Hz Probe 3839Hz	57	0.899	70.00	0.121
424.675	0.05	Adapter 899Hz Probe 3839Hz	57	0.899	70.00	0.121
424.755	0.05	Adapter 899Hz Probe 3839Hz	57	0.899	70.00	0.121
424.835	0.05	Adapter 899Hz Probe 3839Hz	57	3.839	70.00	0.437
425.015	0.05	Adapter 899Hz Probe 3839Hz	57	0.899	70.00	0.121
425.095	0.05	Adapter 899Hz Probe 3839Hz	57	0.899	70.00	0.121
425.175	0.05	Adapter 899Hz Probe 3839Hz	57	0.899	70.00	0.121
425.255	0.05	Adapter 899Hz Probe 3839Hz	57	0.899	70.00	0.121
425.335	0.05	Adapter 899Hz Probe 3839Hz	57	3.839	70.00	0.437
425.515	0.05	Adapter 899Hz Probe 3839Hz	57	0.899	70.00	0.121
425.595	0.05	Adapter 899Hz Probe 3839Hz	57	0.899	70.00	0.121
425.675	0.05	Adapter 899Hz Probe 3839Hz	57	0.899	70.00	0.121
425.755	0.05	Adapter 899Hz Probe 3839Hz	57	0.899	70.00	0.121
425.835	0.05	Adapter 899Hz Probe 3839Hz	57	3.839	70.00	0.437
426.015	0.05	Adapter 899Hz Probe 3839Hz	57	0.899	70.00	0.121
426.095	0.05	Adapter 899Hz Probe 3839Hz	57	0.899	70.00	0.121
426.175	0.05	Adapter 899Hz Probe 3839Hz	57	0.899	70.00	0.121
426.255	0.05	Adapter 899Hz Probe 3839Hz	57	0.899	70.00	0.121
426.335	0.05	Adapter 899Hz Probe 3839Hz	57	3.839	70.00	0.437
426.515	0.05	Adapter 899Hz Probe 3839Hz	57	0.899	70.00	0.121
426.595	0.05	Adapter 899Hz Probe 3839Hz	57	0.899	70.00	0.121
426.675	0.05	Adapter 899Hz Probe 3839Hz	57	0.899	70.00	0.121
426.755	0.05	Adapter 899Hz Probe 3839Hz	57	0.899	70.00	0.121
426.835	0.05	Adapter 899Hz Probe 3839Hz	57	3.839	70.00	0.437
427.015	0.05	Adapter 899Hz Probe 3839Hz	57	0.899	70.00	0.121
427.095	0.05	Adapter 899Hz Probe 3839Hz	57	0.899	70.00	0.121
427.175	0.05	Adapter 899Hz Probe 3839Hz	57	0.899	70.00	0.121
427.255	0.05	Adapter 899Hz Probe 3839Hz	57	0.899	70.00	0.121
427.335	0.05	Adapter 899Hz Probe 3839Hz	57	3.839	70.00	0.437
437.538	0.05	Adapter 1501Hz Probe 3839Hz	59	1.501	70.00	0.186
437.618	0.05	Adapter 1501Hz Probe 3839Hz	59	1.501	70.00	0.186
437.698	0.05	Adapter 1501Hz Probe 3839Hz	59	1.501	70.00	0.186
437.778	0.05	Adapter 1501Hz Probe 3839Hz	59	1.501	70.00	0.186
437.858	0.05	Adapter 1501Hz Probe 3839Hz	59	3.839	70.00	0.437
438.038	0.05	Adapter 1501Hz Probe 3839Hz	59	1.501	70.00	0.186
438.118	0.05	Adapter 1501Hz Probe 3839Hz	59	1.501	70.00	0.186
438.198	0.05	Adapter 1501Hz Probe 3839Hz	59	1.501	70.00	0.186
438.278	0.05	Adapter 1501Hz Probe 3839Hz	59	1.501	70.00	0.186
438.358	0.05	Adapter 1501Hz Probe 3839Hz	59	3.839	70.00	0.437
438.538	0.05	Adapter 1501Hz Probe 3839Hz	59	1.501	70.00	0.186
438.618	0.05	Adapter 1501Hz Probe 3839Hz	59	1.501	70.00	0.186
438.698	0.05	Adapter 1501Hz Probe 3839Hz	59	1.501	70.00	0.186
438.778	0.05	Adapter 1501Hz Probe 3839Hz	59	1.501	70.00	0.186
438.858	0.05	Adapter 1501Hz Probe 3839Hz	59	3.839	70.00	0.437
439.038	0.05	Adapter 1501Hz Probe 3839Hz	59	1.501	70.00	0.186
439.118	0.05	Adapter 1501Hz Probe 3839Hz	59	1.501	70.00	0.186
439.198	0.05	Adapter 1501Hz Probe 3839Hz	59	1.501	70.00	0.186
439.278	0.05	Adapter 1501Hz Probe 3839Hz	59	1.501	70.00	0.186
439.358	0.05	Adapter 1501Hz Probe 3839Hz	59	3.839	70.00	0.437
439.538	0.05	Adapter 1501Hz Probe 3839Hz	59	1.501	70.00	0.186
439.618	0.05	Adapter 1501Hz Probe 3839Hz	59	1.501	70.00	0.186
439.698	0.05	Adapter 1501Hz Probe 3839Hz	59	1.501	70.00	0.186
439.778	0.05	Adapter 1501Hz Probe 3839Hz	59	1.501	70.00	0.186
439.858	0.05	Adapter 1501Hz Probe 3839Hz	59	3.839	70.00	0.437
440.038	0.05	Adapter 1501Hz Probe 3839Hz	59	1.501	70.00	0.186
440.118	0.05	Adapter 1501Hz Probe 3839Hz	59	1.501	70.00	0.186
440.198	0.05	Adapter 1501Hz Probe 3839Hz	59	1.501	70.00	0.186
440.278	0.05	Adapter 1501Hz Probe 3839Hz	59	1.501	70.00	0.186
440.358	0.05	Adapter 1501Hz Probe 3839Hz	59	3.839	70.00	0.437
440.538	0.05	Adapter 1501Hz Probe 3839Hz	59	1.501	70.00	0.186
440.618	0.05	Adapter 1501Hz Probe 3839Hz	59	1.501	70.00	0.186
440.698	0.05	Adapter 1501Hz Probe 3839Hz	59	1.501	70.00	0.186
440.778	0.05	Adapter 1501Hz Probe 3839Hz	59	1.501	70.00	0.186
440.858	0.05	Adapter 1501Hz Probe 3839Hz	59	3.839	70.00	0.437
441.038	0.05	Adapter 1501Hz Probe 3839Hz	59	1.501	70.00	0.186
441.118	0.05	Adapter 1501Hz Probe 3839Hz	59	1.501	70.00	0.186
441.198	0.05	Adapter 1501Hz Probe 3839Hz	59	1.501	70.00	0.186
441.278	0.05	Adapter 1501Hz Probe 3839Hz	59	1.501	70.00	0.186
441.358	0.05	Adapter 1501Hz Probe 3839Hz	59	3.839	70.00	0.437
441.538	0.05	Adapter 1501Hz Probe 3839Hz	59	1.501	70.00	0.186
441.618	0.05	Adapter 1501Hz Probe 3839Hz	59	1.501	70.00	0.186
441.698	0.05	Adapter 1501Hz Probe 3839Hz	59	1.501	70.00	0.186
441.778	0.05	Adapter 1501Hz Probe 3839Hz	59	1.501	70.00	0.186
441.858	0.05	Adapter 1501Hz Probe 3839Hz	59	3.839	70.00	0.437
442.038	0.05	Adapter 1501Hz Probe 3839Hz	59	1.501	70.00	0.186
442.118	0.05	Adapter 1501Hz Probe 3839Hz	59	1.501	70.00	0.186
442.198	0.05	Adapter 1501Hz Probe 3839Hz	59	1.501	70.00	0.186
442.278	0.05	Adapter 1501Hz Probe 3839Hz	59	1.501	70.00	0.186
442.358	0.05	Adapter 1501Hz Probe 3839Hz	59	3.839	70.00	0.437
452.545	0.05	Adapter 1501Hz	61	1.501	70.00	0.186
452.625	0.05	Adapter 1501Hz	61	1.501	70.00	0.186
452.705	0.05	Adapter 1501Hz	61	1.501	70.00	0.186
452.785	0.05	Adapter 1501Hz	61	1.501	70.00	0.186
453.045	0.05	Adapter 1501Hz	61	1.501	70.00	0.186
453.125	0.05	Adapter 1501Hz	61	1.501	70.00	0.186
453.205	0.05	Adapter 1501Hz	61	1.501	70.00	0.186
453.285	0.05	Adapter 1501Hz	61	1.501	70.00	0.186
453.545	0.05	Adapter 1501Hz	61	1.501	70.00	0.186
453.625	0.05	Adapter 1501Hz	61	1.501	70.00	0.186
453.705	0.05	Adapter 1501Hz	61	1.501	70.00	0.186
453.785	0.05	Adapter 1501Hz	61	1.501	70.00	0.186
454.045	0.05	Adapter 1501Hz	61	1.501	70.00	0.186
454.125	0.05	Adapter 1501Hz	61	1.501	70.00	0.186
454.205	0.05	Adapter 1501Hz	61	1.501	70.00	0.186
454.285	0.05	Adapter 1501Hz	61	1.501	70.00	0.186
454.545	0.05	Adapter 1501Hz	61	1.501	70.00	0.186
454.625	0.05	Adapter 1501Hz	61	1.501	70.00	0.186
454.705	0.05	Adapter 1501Hz	61	1.501	70.00	0.186
454.785	0.05	Adapter 1501Hz	61	1.501	70.00	0.186
455.045	0.05	Adapter 1501Hz	61	1.501	70.00	0.186
455.125	0.05	Adapter 1501Hz	61	1.501	70.00	0.186
455.205	0.05	Adapter 1501Hz	61	1.501	70.00	0.186
455.285	0.05	Adapter 1501Hz	61	1.501	70.00	0.186
455.545	0.05	Adapter 1501Hz	61	1.501	70.00	0.186
455.625	0.05	Adapter 1501Hz	61	1.501	70.00	0.186
455.705	0.05	Adapter 1501Hz	61	1.501	70.00	0.186
455.785	0.05	Adapter 1501Hz	61	1.501	70.00	0.186
456.045	0.05	Adapter 1501Hz	61	1.501	70.00	0.186
456.125	0.05	Adapter 1501Hz	61	1.501	70.00	0.186
456.205	0.05	Adapter 1501Hz	61	1.501	70.00	0.186
456.285	0.05	Adapter 1501Hz	61	1.501	70.00	0.186
456.545	0.05	Adapter 1501Hz	61	1.501	70.00	0.186
456.625	0.05	Adapter 1501Hz	61	1.501	70.00	0.186
456.705	0.05	Adapter 1501Hz	61	1.501	70.00	0.186
456.785	0.05	Adapter 1501Hz	61	1.501	70.00	0.186
457.045	0.05	Adapter 1501Hz	61	1.501	70.00	0.186
457.125	0.05	Adapter 1501Hz	61	1.501	70.00	0.186
457.205	0.05	Adapter 1501Hz	61	1.501	70.00	0.186
457.285	0.05	Adapter 1501Hz	61	1.501	70.00	0.186
459.986	0.05	Adapter 507Hz	62	0.507	70.00	0.079
460.066	0.05	Adapter 507Hz	62	0.507	70.00	0.079
460.146	0.05	Adapter 507Hz	62	0.507	70.00	0.079
460.226	0.05	Adapter 507Hz	62	0.507	70.00	0.079
460.486	0.05	Adapter 507Hz	62	0.507	70.00	0.079
460.566	0.05	Adapter 507Hz	62	0.507	70.00	0.079
460.646	0.05	Adapter 507Hz	62	0.507	70.00	0.079
460.726	0.05	Adapter 507Hz	62	0.507	70.00	0.079
460.986	0.05	Adapter 507Hz	62	0.507	70.00	0.079
461.066	0.05	Adapter 507Hz	62	0.507	70.00	0.079
461.146	0.05	Adapter 507Hz	62	0.507	70.00	0.079
461.226	0.05	Adapter 507Hz	62	0.507	70.00	0.079
461.486	0.05	Adapter 507Hz	62	0.507	70.00	0.079
461.566	0.05	Adapter 507Hz	62	0.507	70.00	0.079
461.646	0.05	Adapter 507Hz	62	0.507	70.00	0.079
461.726	0.05	Adapter 507Hz	62	0.507	70.00	0.079
461.986	0.05	Adapter 507Hz	62	0.507	70.00	0.079
462.066	0.05	Adapter 507Hz	62	0.507	70.00	0.079
462.146	0.05	Adapter 507Hz	62	0.507	70.00	0.079
462.226	0.05	Adapter 507Hz	62	0.507	70.00	0.079
462.486	0.05	Adapter 507Hz	62	0.507	70.00	0.079
462.566	0.05	Adapter 507Hz	62	0.507	70.00	0.079
462.646	0.05	Adapter 507Hz	62	0.507	70.00	0.079
462.726	0.05	Adapter 507Hz	62	0.507	70.00	0.079
462.986	0.05	Adapter 507Hz	62	0.507	70.00	0.079
463.066	0.05	Adapter 507Hz	62	0.507	70.00	0.079
463.146	0.05	Adapter 507Hz	62	0.507	70.00	0.079
463.226	0.05	Adapter 507Hz	62	0.507	70.00	0.079
463.486	0.05	Adapter 507Hz	62	0.507	70.00	0.079
463.566	0.05	Adapter 507Hz	62	0.507	70.00	0.079
463.646	0.05	Adapter 507Hz	62	0.507	70.00	0.079
463.726	0.05	Adapter 507Hz	62	0.507	70.00	0.079
463.986	0.05	Adapter 507Hz	62	0.507	70.00	0.079
464.066	0.05	Adapter 507Hz	62	0.507	70.00	0.079
464.146	0.05	Adapter 507Hz	62	0.507	70.00	0.079
464.226	0.05	Adapter 507Hz	62	0.507	70.00	0.079
464.486	0.05	Adapter 507Hz	62	0.507	70.00	0.079
464.566	0.05	Adapter 507Hz	62	0.507	70.00	0.079
464.646	0.05	Adapter 507Hz	62	0.507	70.00	0.079
464.726	0.05	Adapter 507Hz	62	0.507	70.00	0.079
467.505	0.05	Adapter 6009Hz	63	6.009	70.00	0.671
467.585	0.05	Adapter 6009Hz	63	6.009	70.00	0.671
467.665	0.05	Adapter 6009Hz	63	6.009	70.00	0.671
467.745	0.05	Adapter 6009Hz	63	6.009	70.00	0.671
468.005	0.05	Adapter 6009Hz	63	6.009	70.00	0.671
468.085	0.05	Adapter 6009Hz	63	6.009	70.00	0.671
468.165	0.05	Adapter 6009Hz	63	6.009	70.00	0.671
468.245	0.05	Adapter 6009Hz	63	6.009	70.00	0.671
468.505	0.05	Adapter 6009Hz	63	6.009	70.00	0.671
468.585	0.05	Adapter 6009Hz	63	6.009	70.00	0.671
468.665	0.05	Adapter 6009Hz	63	6.009	70.00	0.671
468.745	0.05	Adapter 6009Hz	63	6.009	70.00	0.671
469.005	0.05	Adapter 6009Hz	63	6.009	70.00	0.671
469.085	0.05	Adapter 6009Hz	63	6.009	70.00	0.671
469.165	0.05	Adapter 6009Hz	63	6.009	70.00	0.671
469.245	0.05	Adapter 6009Hz	63	6.009	70.00	0.671
469.505	0.05	Adapter 6009Hz	63	6.009	70.00	0.671
469.585	0.05	Adapter 6009Hz	63	6.009	70.00	0.671
469.665	0.05	Adapter 6009Hz	63	6.009	70.00	0.671
469.745	0.05	Adapter 6009Hz	63	6.009	70.00	0.671
470.005	0.05	Adapter 6009Hz	63	6.009	70.00	0.671
470.085	0.05	Adapter 6009Hz	63	6.009	70.00	0.671
470.165	0.05	Adapter 6009Hz	63	6.009	70.00	0.671
470.245	0.05	Adapter 6009Hz	63	6.009	70.00	0.671
470.505	0.05	Adapter 6009Hz	63	6.009	70.00	0.671
470.585	0.05	Adapter 6009Hz	63	6.009	70.00	0.671
470.665	0.05	Adapter 6009Hz	63	6.009	70.00	0.671
470.745	0.05	Adapter 6009Hz	63	6.009	70.00	0.671
471.005	0.05	Adapter 6009Hz	63	6.009	70.00	0.671
471.085	0.05	Adapter 6009Hz	63	6.009	70.00	0.671
471.165	0.05	Adapter 6009Hz	63	6.009	70.00	0.671
471.245	0.05	Adapter 6009Hz	63	6.009	70.00	0.671
471.505	0.05	Adapter 6009Hz	63	6.009	70.00	0.671
471.585	0.05	Adapter 6009Hz	63	6.009	70.00	0.671
471.665	0.05	Adapter 6009Hz	63	6.009	70.00	0.671
471.745	0.05	Adapter 6009Hz	63	6.009	70.00	0.671
472.005	0.05	Adapter 6009Hz	63	6.009	70.00	0.671
472.085	0.05	Adapter 6009Hz	63	6.009	70.00	0.671
472.165	0.05	Adapter 6009Hz	63	6.009	70.00	0.671
472.245	0.05	Adapter 6009Hz	63	6.009	70.00	0.671
474.993	0.05	Adapter 2423Hz	64	2.423	70.00	0.285
475.073	0.05	Adapter 2423Hz	64	2.423	70.00	0.285
475.153	0.05	Adapter 2423Hz	64	2.423	70.00	0.285
475.233	0.05	Adapter 2423Hz	64	2.423	70.00	0.285
475.493	0.05	Adapter 2423Hz	64	2.423	70.00	0.285
475.573	0.05	Adapter 2423Hz	64	2.423	70.00	0.285
475.653	0.05	Adapter 2423Hz	64	2.423	70.00	0.285
475.733	0.05	Adapter 2423Hz	64	2.423	70.00	0.285
475.993	0.05	Adapter 2423Hz	64	2.423	70.00	0.285
476.073	0.05	Adapter 2423Hz	64	2.423	70.00	0.285
476.153	0.05	Adapter 2423Hz	64	2.423	70.00	0.285
476.233	0.05	Adapter 2423Hz	64	2.423	70.00	0.285
476.493	0.05	Adapter 2423Hz	64	2.423	70.00	0.285
476.573	0.05	Adapter 2423Hz	64	2.423	70.00	0.285
476.653	0.05	Adapter 2423Hz	64	2.423	70.00	0.285
476.733	0.05	Adapter 2423Hz	64	2.423	70.00	0.285
476.993	0.05	Adapter 2423Hz	64	2.423	70.00	0.285
477.073	0.05	Adapter 2423Hz	64	2.423	70.00	0.285
477.153	0.05	Adapter 2423Hz	64	2.423	70.00	0.285
477.233	0.05	Adapter 2423Hz	64	2.423	70.00	0.285
477.493	0.05	Adapter 2423Hz	64	2.423	70.00	0.285
477.573	0.05	Adapter 2423Hz	64	2.423	70.00	0.285
477.653	0.05	Adapter 2423Hz	64	2.423	70.00	0.285
477.733	0.05	Adapter 2423Hz	64	2.423	70.00	0.285
477.993	0.05	Adapter 2423Hz	64	2.423	70.00	0.285
478.073	0.05	Adapter 2423Hz	64	2.423	70.00	0.285
478.153	0.05	Adapter 2423Hz	64	2.423	70.00	0.285
478.233	0.05	Adapter 2423Hz	64	2.423	70.00	0.285
478.493	0.05	Adapter 2423Hz	64	2.423	70.00	0.285
478.573	0.05	Adapter 2423Hz	64	2.423	70.00	0.285
478.653	0.05	Adapter 2423Hz	64	2.423	70.00	0.285
478.733	0.05	Adapter 2423Hz	64	2.423	70.00	0.285
478.993	0.05	Adapter 2423Hz	64	2.423	70.00	0.285
479.073	0.05	Adapter 2423Hz	64	2.423	70.00	0.285
479.153	0.05	Adapter 2423Hz	64	2.423	70.00	0.285
479.233	0.05	Adapter 2423Hz	64	2.423	70.00	0.285
479.493	0.05	Adapter 2423Hz	64	2.423	70.00	0.285
479.573	0.05	Adapter 2423Hz	64	2.423	70.00	0.285
479.653	0.05	Adapter 2423Hz	64	2.423	70.00	0.285
479.733	0.05	Adapter 2423Hz	64	2.423	70.00	0.285
