onset	duration	trial_type	scan	frequency_kHz	level_dB_SPL	bandwidth_kHz
2.5	0.05	Adapter 2423Hz Probe 3839Hz	1	2.423	70.00	0.285
2.58	0.05	Adapter 2423Hz Probe 3839Hz	1	2.423	70.00	0.285
2.66	0.05	Adapter 2423Hz Probe 3839Hz	1	2.423	70.00	0.285
2.74	0.05	Adapter 2423Hz Probe 3839Hz	1	2.423	70.00	0.285
2.82	0.05	Adapter 2423Hz Probe 3839Hz	1	3.839	70.00	0.437
3.0	0.05	Adapter 2423Hz Probe 3839Hz	1	2.423	70.00	0.285
3.08	0.05	Adapter 2423Hz Probe 3839Hz	1	2.423	70.00	0.285
3.16	0.05	Adapter 2423Hz Probe 3839Hz	1	2.423	70.00	0.285
3.24	0.05	Adapter 2423Hz Probe 3839Hz	1	2.423	70.00	0.285
3.32	0.05	Adapter 2423Hz Probe 3839Hz	1	3.839	70.00	0.437
3.5	0.05	Adapter 2423Hz Probe 3839Hz	1	2.423	70.00	0.285
3.58	0.05	Adapter 2423Hz Probe 3839Hz	1	2.423	70.00	0.285
3.66	0.05	Adapter 2423Hz Probe 3839Hz	1	2.423	70.00	0.285
3.74	0.05	Adapter 2423Hz Probe 3839Hz	1	2.423	70.00	0.285
3.82	0.05	Adapter 2423Hz Probe 3839Hz	1	3.839	70.00	0.437
4.0	0.05	Adapter 2423Hz Probe 3839Hz	1	2.423	70.00	0.285
4.08	0.05	Adapter 2423Hz Probe 3839Hz	1	2.423	70.00	0.285
4.16	0.05	Adapter 2423Hz Probe 3839Hz	1	2.423	70.00	0.285
4.24	0.05	Adapter 2423Hz Probe 3839Hz	1	2.423	70.00	0.285
4.32	0.05	Adapter 2423Hz Probe 3839Hz	1	3.839	70.00	0.437
4.5	0.05	Adapter 2423Hz Probe 3839Hz	1	2.423	70.00	0.285
4.58	0.05	Adapter 2423Hz Probe 3839Hz	1	2.423	70.00	0.285
4.66	0.05	Adapter 2423Hz Probe 3839Hz	1	2.423	70.00	0.285
4.74	0.05	Adapter 2423Hz Probe 3839Hz	1	2.423	70.00	0.285
4.82	0.05	Adapter 2423Hz Probe 3839Hz	1	3.839	70.00	0.437
5.0	0.05	Adapter 2423Hz Probe 3839Hz	1	2.423	70.00	0.285
5.08	0.05	Adapter 2423Hz Probe 3839Hz	1	2.423	70.00	0.285
5.16	0.05	Adapter 2423Hz Probe 3839Hz	1	2.423	70.00	0.285
5.24	0.05	Adapter 2423Hz Probe 3839Hz	1	2.423	70.00	0.285
5.32	0.05	Adapter 2423Hz Probe 3839Hz	1	3.839	70.00	0.437
5.5	0.05	Adapter 2423Hz Probe 3839Hz	1	2.423	70.00	0.285
5.58	0.05	Adapter 2423Hz Probe 3839Hz	1	2.423	70.00	0.285
5.66	0.05	Adapter 2423Hz Probe 3839Hz	1	2.423	70.00	0.285
5.74	0.05	Adapter 2423Hz Probe 3839Hz	1	2.423	70.00	0.285
5.82	0.05	Adapter 2423Hz Probe 3839Hz	1	3.839	70.00	0.437
6.0	0.05	Adapter 2423Hz Probe 3839Hz	1	2.423	70.00	0.285
6.08	0.05	Adapter 2423Hz Probe 3839Hz	1	2.423	70.00	0.285
6.16	0.05	Adapter 2423Hz Probe 3839Hz	1	2.423	70.00	0.285
6.24	0.05	Adapter 2423Hz Probe 3839Hz	1	2.423	70.00	0.285
6.32	0.05	Adapter 2423Hz Probe 3839Hz	1	3.839	70.00	0.437
6.5	0.05	Adapter 2423Hz Probe 3839Hz	1	2.423	70.00	0.285
6.58	0.05	Adapter 2423Hz Probe 3839Hz	1	2.423	70.00	0.285
6.66	0.05	Adapter 2423Hz Probe 3839Hz	1	2.423	70.00	0.285
6.74	0.05	Adapter 2423Hz Probe 3839Hz	1	2.423	70.00	0.285
6.82	0.05	Adapter 2423Hz Probe 3839Hz	1	3.839	70.00	0.437
7.0	0.05	Adapter 2423Hz Probe 3839Hz	1	2.423	70.00	0.285
7.08	0.05	Adapter 2423Hz Probe 3839Hz	1	2.423	70.00	0.285
7.16	0.05	Adapter 2423Hz Probe 3839Hz	1	2.423	70.00	0.285
7.24	0.05	Adapter 2423Hz Probe 3839Hz	1	2.423	70.00	0.285
7.32	0.05	Adapter 2423Hz Probe 3839Hz	1	3.839	70.00	0.437
10.324	0.05	Probe 3839Hz	2	3.839	70.00	0.437
10.824	0.05	Probe 3839Hz	2	3.839	70.00	0.437
11.324	0.05	Probe 3839Hz	2	3.839	70.00	0.437
11.824	0.05	Probe 3839Hz	2	3.839	70.00	0.437
12.324	0.05	Probe 3839Hz	2	3.839	70.00	0.437
12.824	0.05	Probe 3839Hz	2	3.839	70.00	0.437
13.324	0.05	Probe 3839Hz	2	3.839	70.00	0.437
13.824	0.05	Probe 3839Hz	2	3.839	70.00	0.437
14.324	0.05	Probe 3839Hz	2	3.839	70.00	0.437
14.824	0.05	Probe 3839Hz	2	3.839	70.00	0.437
17.539	0.05	Adapter 3839Hz Probe 3839Hz	3	3.839	70.00	0.437
17.619	0.05	Adapter 3839Hz Probe 3839Hz	3	3.839	70.00	0.437
17.699	0.05	Adapter 3839Hz Probe 3839Hz	3	3.839	70.00	0.437
17.779	0.05	Adapter 3839Hz Probe 3839Hz	3	3.839	70.00	0.437
17.859	0.05	Adapter 3839Hz Probe 3839Hz	3	3.839	70.00	0.437
18.039	0.05	Adapter 3839Hz Probe 3839Hz	3	3.839	70.00	0.437
18.119	0.05	Adapter 3839Hz Probe 3839Hz	3	3.839	70.00	0.437
18.199	0.05	Adapter 3839Hz Probe 3839Hz	3	3.839	70.00	0.437
18.279	0.05	Adapter 3839Hz Probe 3839Hz	3	3.839	70.00	0.437
18.359	0.05	Adapter 3839Hz Probe 3839Hz	3	3.839	70.00	0.437
18.539	0.05	Adapter 3839Hz Probe 3839Hz	3	3.839	70.00	0.437
18.619	0.05	Adapter 3839Hz Probe 3839Hz	3	3.839	70.00	0.437
18.699	0.05	Adapter 3839Hz Probe 3839Hz	3	3.839	70.00	0.437
18.779	0.05	Adapter 3839Hz Probe 3839Hz	3	3.839	70.00	0.437
18.859	0.05	Adapter 3839Hz Probe 3839Hz	3	3.839	70.00	0.437
19.039	0.05	Adapter 3839Hz Probe 3839Hz	3	3.839	70.00	0.437
19.119	0.05	Adapter 3839Hz Probe 3839Hz	3	3.839	70.00	0.437
19.199	0.05	Adapter 3839Hz Probe 3839Hz	3	3.839	70.00	0.437
19.279	0.05	Adapter 3839Hz Probe 3839Hz	3	3.839	70.00	0.437
19.359	0.05	Adapter 3839Hz Probe 3839Hz	3	3.839	70.00	0.437
19.539	0.05	Adapter 3839Hz Probe 3839Hz	3	3.839	70.00	0.437
19.619	0.05	Adapter 3839Hz Probe 3839Hz	3	3.839	70.00	0.437
19.699	0.05	Adapter 3839Hz Probe 3839Hz	3	3.839	70.00	0.437
19.779	0.05	Adapter 3839Hz Probe 3839Hz	3	3.839	70.00	0.437
19.859	0.05	Adapter 3839Hz Probe 3839Hz	3	3.839	70.00	0.437
20.039	0.05	Adapter 3839Hz Probe 3839Hz	3	3.839	70.00	0.437
20.119	0.05	Adapter 3839Hz Probe 3839Hz	3	3.839	70.00	0.437
20.199	0.05	Adapter 3839Hz Probe 3839Hz	3	3.839	70.00	0.437
20.279	0.05	Adapter 3839Hz Probe 3839Hz	3	3.839	70.00	0.437
20.359	0.05	Adapter 3839Hz Probe 3839Hz	3	3.839	70.00	0.437
20.539	0.05	Adapter 3839Hz Probe 3839Hz	3	3.839	70.00	0.437
20.619	0.05	Adapter 3839Hz Probe 3839Hz	3	3.839	70.00	0.437
20.699	0.05	Adapter 3839Hz Probe 3839Hz	3	3.839	70.00	0.437
20.779	0.05	Adapter 3839Hz Probe 3839Hz	3	3.839	70.00	0.437
20.859	0.05	Adapter 3839Hz Probe 3839Hz	3	3.839	70.00	0.437
21.039	0.05	Adapter 3839Hz Probe 3839Hz	3	3.839	70.00	0.437
21.119	0.05	Adapter 3839Hz Probe 3839Hz	3	3.839	70.00	0.437
21.199	0.05	Adapter 3839Hz Probe 3839Hz	3	3.839	70.00	0.437
21.279	0.05	Adapter 3839Hz Probe 3839Hz	3	3.839	70.00	0.437
21.359	0.05	Adapter 3839Hz Probe 3839Hz	3	3.839	70.00	0.437
21.539	0.05	Adapter 3839Hz Probe 3839Hz	3	3.839	70.00	0.437
21.619	0.05	Adapter 3839Hz Probe 3839Hz	3	3.839	70.00	0.437
21.699	0.05	Adapter 3839Hz Probe 3839Hz	3	3.839	70.00	0.437
21.779	0.05	Adapter 3839Hz Probe 3839Hz	3	3.839	70.00	0.437
21.859	0.05	Adapter 3839Hz Probe 3839Hz	3	3.839	70.00	0.437
22.039	0.05	Adapter 3839Hz Probe 3839Hz	3	3.839	70.00	0.437
22.119	0.05	Adapter 3839Hz Probe 3839Hz	3	3.839	70.00	0.437
22.199	0.05	Adapter 3839Hz Probe 3839Hz	3	3.839	70.00	0.437
22.279	0.05	Adapter 3839Hz Probe 3839Hz	3	3.839	70.00	0.437
22.359	0.05	Adapter 3839Hz Probe 3839Hz	3	3.839	70.00	0.437
25.027	0.05	Adapter 3839Hz	4	3.839	70.00	0.437
25.107	0.05	Adapter 3839Hz	4	3.839	70.00	0.437
25.187	0.05	Adapter 3839Hz	4	3.839	70.00	0.437
25.267	0.05	Adapter 3839Hz	4	3.839	70.00	0.437
25.527	0.05	Adapter 3839Hz	4	3.839	70.00	0.437
25.607	0.05	Adapter 3839Hz	4	3.839	70.00	0.437
25.687	0.05	Adapter 3839Hz	4	3.839	70.00	0.437
25.767	0.05	Adapter 3839Hz	4	3.839	70.00	0.437
26.027	0.05	Adapter 3839Hz	4	3.839	70.00	0.437
26.107	0.05	Adapter 3839Hz	4	3.839	70.00	0.437
26.187	0.05	Adapter 3839Hz	4	3.839	70.00	0.437
26.267	0.05	Adapter 3839Hz	4	3.839	70.00	0.437
26.527	0.05	Adapter 3839Hz	4	3.839	70.00	0.437
26.607	0.05	Adapter 3839Hz	4	3.839	70.00	0.437
26.687	0.05	Adapter 3839Hz	4	3.839	70.00	0.437
26.767	0.05	Adapter 3839Hz	4	3.839	70.00	0.437
27.027	0.05	Adapter 3839Hz	4	3.839	70.00	0.437
27.107	0.05	Adapter 3839Hz	4	3.839	70.00	0.437
27.187	0.05	Adapter 3839Hz	4	3.839	70.00	0.437
27.267	0.05	Adapter 3839Hz	4	3.839	70.00	0.437
27.527	0.05	Adapter 3839Hz	4	3.839	70.00	0.437
27.607	0.05	Adapter 3839Hz	4	3.839	70.00	0.437
27.687	0.05	Adapter 3839Hz	4	3.839	70.00	0.437
27.767	0.05	Adapter 3839Hz	4	3.839	70.00	0.437
28.027	0.05	Adapter 3839Hz	4	3.839	70.00	0.437
28.107	0.05	Adapter 3839Hz	4	3.839	70.00	0.437
28.187	0.05	Adapter 3839Hz	4	3.839	70.00	0.437
28.267	0.05	Adapter 3839Hz	4	3.839	70.00	0.437
28.527	0.05	Adapter 3839Hz	4	3.839	70.00	0.437
28.607	0.05	Adapter 3839Hz	4	3.839	70.00	0.437
28.687	0.05	Adapter 3839Hz	4	3.839	70.00	0.437
28.767	0.05	Adapter 3839Hz	4	3.839	70.00	0.437
29.027	0.05	Adapter 3839Hz	4	3.839	70.00	0.437
29.107	0.05	Adapter 3839Hz	4	3.839	70.00	0.437
29.187	0.05	Adapter 3839Hz	4	3.839	70.00	0.437
29.267	0.05	Adapter 3839Hz	4	3.839	70.00	0.437
29.527	0.05	Adapter 3839Hz	4	3.839	70.00	0.437
29.607	0.05	Adapter 3839Hz	4	3.839	70.00	0.437
29.687	0.05	Adapter 3839Hz	4	3.839	70.00	0.437
29.767	0.05	Adapter 3839Hz	4	3.839	70.00	0.437
32.546	0.05	Adapter 1501Hz Probe 3839Hz	5	1.501	70.00	0.186
32.626	0.05	Adapter 1501Hz Probe 3839Hz	5	1.501	70.00	0.186
32.706	0.05	Adapter 1501Hz Probe 3839Hz	5	1.501	70.00	0.186
32.786	0.05	Adapter 1501Hz Probe 3839Hz	5	1.501	70.00	0.186
32.866	0.05	Adapter 1501Hz Probe 3839Hz	5	3.839	70.00	0.437
33.046	0.05	Adapter 1501Hz Probe 3839Hz	5	1.501	70.00	0.186
33.126	0.05	Adapter 1501Hz Probe 3839Hz	5	1.501	70.00	0.186
33.206	0.05	Adapter 1501Hz Probe 3839Hz	5	1.501	70.00	0.186
33.286	0.05	Adapter 1501Hz Probe 3839Hz	5	1.501	70.00	0.186
33.366	0.05	Adapter 1501Hz Probe 3839Hz	5	3.839	70.00	0.437
33.546	0.05	Adapter 1501Hz Probe 3839Hz	5	1.501	70.00	0.186
33.626	0.05	Adapter 1501Hz Probe 3839Hz	5	1.501	70.00	0.186
33.706	0.05	Adapter 1501Hz Probe 3839Hz	5	1.501	70.00	0.186
33.786	0.05	Adapter 1501Hz Probe 3839Hz	5	1.501	70.00	0.186
33.866	0.05	Adapter 1501Hz Probe 3839Hz	5	3.839	70.00	0.437
34.046	0.05	Adapter 1501Hz Probe 3839Hz	5	1.501	70.00	0.186
34.126	0.05	Adapter 1501Hz Probe 3839Hz	5	1.501	70.00	0.186
34.206	0.05	Adapter 1501Hz Probe 3839Hz	5	1.501	70.00	0.186
34.286	0.05	Adapter 1501Hz Probe 3839Hz	5	1.501	70.00	0.186
34.366	0.05	Adapter 1501Hz Probe 3839Hz	5	3.839	70.00	0.437
34.546	0.05	Adapter 1501Hz Probe 3839Hz	5	1.501	70.00	0.186
34.626	0.05	Adapter 1501Hz Probe 3839Hz	5	1.501	70.00	0.186
34.706	0.05	Adapter 1501Hz Probe 3839Hz	5	1.501	70.00	0.186
34.786	0.05	Adapter 1501Hz Probe 3839Hz	5	1.501	70.00	0.186
34.866	0.05	Adapter 1501Hz Probe 3839Hz	5	3.839	70.00	0.437
35.046	0.05	Adapter 1501Hz Probe 3839Hz	5	1.501	70.00	0.186
35.126	0.05	Adapter 1501Hz Probe 3839Hz	5	1.501	70.00	0.186
35.206	0.05	Adapter 1501Hz Probe 3839Hz	5	1.501	70.00	0.186
35.286	0.05	Adapter 1501Hz Probe 3839Hz	5	1.501	70.00	0.186
35.366	0.05	Adapter 1501Hz Probe 3839Hz	5	3.839	70.00	0.437
35.546	0.05	Adapter 1501Hz Probe 3839Hz	5	1.501	70.00	0.186
35.626	0.05	Adapter 1501Hz Probe 3839Hz	5	1.501	70.00	0.186
35.706	0.05	Adapter 1501Hz Probe 3839Hz	5	1.501	70.00	0.186
35.786	0.05	Adapter 1501Hz Probe 3839Hz	5	1.501	70.00	0.186
35.866	0.05	Adapter 1501Hz Probe 3839Hz	5	3.839	70.00	0.437
36.046	0.05	Adapter 1501Hz Probe 3839Hz	5	1.501	70.00	0.186
36.126	0.05	Adapter 1501Hz Probe 3839Hz	5	1.501	70.00	0.186
36.206	0.05	Adapter 1501Hz Probe 3839Hz	5	1.501	70.00	0.186
36.286	0.05	Adapter 1501Hz Probe 3839Hz	5	1.501	70.00	0.186
36.366	0.05	Adapter 1501Hz Probe 3839Hz	5	3.839	70.00	0.437
36.546	0.05	Adapter 1501Hz Probe 3839Hz	5	1.501	70.00	0.186
36.626	0.05	Adapter 1501Hz Probe 3839Hz	5	1.501	70.00	0.186
36.706	0.05	Adapter 1501Hz Probe 3839Hz	5	1.501	70.00	0.186
36.786	0.05	Adapter 1501Hz Probe 3839Hz	5	1.501	70.00	0.186
36.866	0.05	Adapter 1501Hz Probe 3839Hz	5	3.839	70.00	0.437
37.046	0.05	Adapter 1501Hz Probe 3839Hz	5	1.501	70.00	0.186
37.126	0.05	Adapter 1501Hz Probe 3839Hz	5	1.501	70.00	0.186
37.206	0.05	Adapter 1501Hz Probe 3839Hz	5	1.501	70.00	0.186
37.286	0.05	Adapter 1501Hz Probe 3839Hz	5	1.501	70.00	0.186
37.366	0.05	Adapter 1501Hz Probe 3839Hz	5	3.839	70.00	0.437
40.034	0.05	Adapter 2423Hz	6	2.423	70.00	0.285
40.114	0.05	Adapter 2423Hz	6	2.423	70.00	0.285
40.194	0.05	Adapter 2423Hz	6	2.423	70.00	0.285
40.274	0.05	Adapter 2423Hz	6	2.423	70.00	0.285
40.534	0.05	Adapter 2423Hz	6	2.423	70.00	0.285
40.614	0.05	Adapter 2423Hz	6	2.423	70.00	0.285
40.694	0.05	Adapter 2423Hz	6	2.423	70.00	0.285
40.774	0.05	Adapter 2423Hz	6	2.423	70.00	0.285
41.034	0.05	Adapter 2423Hz	6	2.423	70.00	0.285
41.114	0.05	Adapter 2423Hz	6	2.423	70.00	0.285
41.194	0.05	Adapter 2423Hz	6	2.423	70.00	0.285
41.274	0.05	Adapter 2423Hz	6	2.423	70.00	0.285
41.534	0.05	Adapter 2423Hz	6	2.423	70.00	0.285
41.614	0.05	Adapter 2423Hz	6	2.423	70.00	0.285
41.694	0.05	Adapter 2423Hz	6	2.423	70.00	0.285
41.774	0.05	Adapter 2423Hz	6	2.423	70.00	0.285
42.034	0.05	Adapter 2423Hz	6	2.423	70.00	0.285
42.114	0.05	Adapter 2423Hz	6	2.423	70.00	0.285
42.194	0.05	Adapter 2423Hz	6	2.423	70.00	0.285
42.274	0.05	Adapter 2423Hz	6	2.423	70.00	0.285
42.534	0.05	Adapter 2423Hz	6	2.423	70.00	0.285
42.614	0.05	Adapter 2423Hz	6	2.423	70.00	0.285
42.694	0.05	Adapter 2423Hz	6	2.423	70.00	0.285
42.774	0.05	Adapter 2423Hz	6	2.423	70.00	0.285
43.034	0.05	Adapter 2423Hz	6	2.423	70.00	0.285
43.114	0.05	Adapter 2423Hz	6	2.423	70.00	0.285
43.194	0.05	Adapter 2423Hz	6	2.423	70.00	0.285
43.274	0.05	Adapter 2423Hz	6	2.423	70.00	0.285
43.534	0.05	Adapter 2423Hz	6	2.423	70.00	0.285
43.614	0.05	Adapter 2423Hz	6	2.423	70.00	0.285
43.694	0.05	Adapter 2423Hz	6	2.423	70.00	0.285
43.774	0.05	Adapter 2423Hz	6	2.423	70.00	0.285
44.034	0.05	Adapter 2423Hz	6	2.423	70.00	0.285
44.114	0.05	Adapter 2423Hz	6	2.423	70.00	0.285
44.194	0.05	Adapter 2423Hz	6	2.423	70.00	0.285
44.274	0.05	Adapter 2423Hz	6	2.423	70.00	0.285
44.534	0.05	Adapter 2423Hz	6	2.423	70.00	0.285
44.614	0.05	Adapter 2423Hz	6	2.423	70.00	0.285
44.694	0.05	Adapter 2423Hz	6	2.423	70.00	0.285
44.774	0.05	Adapter 2423Hz	6	2.423	70.00	0.285
55.041	0.05	Adapter 251Hz	8	0.251	70.00	0.052
55.121	0.05	Adapter 251Hz	8	0.251	70.00	0.052
55.201	0.05	Adapter 251Hz	8	0.251	70.00	0.052
55.281	0.05	Adapter 251Hz	8	0.251	70.00	0.052
55.541	0.05	Adapter 251Hz	8	0.251	70.00	0.052
55.621	0.05	Adapter 251Hz	8	0.251	70.00	0.052
55.701	0.05	Adapter 251Hz	8	0.251	70.00	0.052
55.781	0.05	Adapter 251Hz	8	0.251	70.00	0.052
56.041	0.05	Adapter 251Hz	8	0.251	70.00	0.052
56.121	0.05	Adapter 251Hz	8	0.251	70.00	0.052
56.201	0.05	Adapter 251Hz	8	0.251	70.00	0.052
56.281	0.05	Adapter 251Hz	8	0.251	70.00	0.052
56.541	0.05	Adapter 251Hz	8	0.251	70.00	0.052
56.621	0.05	Adapter 251Hz	8	0.251	70.00	0.052
56.701	0.05	Adapter 251Hz	8	0.251	70.00	0.052
56.781	0.05	Adapter 251Hz	8	0.251	70.00	0.052
57.041	0.05	Adapter 251Hz	8	0.251	70.00	0.052
57.121	0.05	Adapter 251Hz	8	0.251	70.00	0.052
57.201	0.05	Adapter 251Hz	8	0.251	70.00	0.052
57.281	0.05	Adapter 251Hz	8	0.251	70.00	0.052
57.541	0.05	Adapter 251Hz	8	0.251	70.00	0.052
57.621	0.05	Adapter 251Hz	8	0.251	70.00	0.052
57.701	0.05	Adapter 251Hz	8	0.251	70.00	0.052
57.781	0.05	Adapter 251Hz	8	0.251	70.00	0.052
58.041	0.05	Adapter 251Hz	8	0.251	70.00	0.052
58.121	0.05	Adapter 251Hz	8	0.251	70.00	0.052
58.201	0.05	Adapter 251Hz	8	0.251	70.00	0.052
58.281	0.05	Adapter 251Hz	8	0.251	70.00	0.052
58.541	0.05	Adapter 251Hz	8	0.251	70.00	0.052
58.621	0.05	Adapter 251Hz	8	0.251	70.00	0.052
58.701	0.05	Adapter 251Hz	8	0.251	70.00	0.052
58.781	0.05	Adapter 251Hz	8	0.251	70.00	0.052
59.041	0.05	Adapter 251Hz	8	0.251	70.00	0.052
59.121	0.05	Adapter 251Hz	8	0.251	70.00	0.052
59.201	0.05	Adapter 251Hz	8	0.251	70.00	0.052
59.281	0.05	Adapter 251Hz	8	0.251	70.00	0.052
59.541	0.05	Adapter 251Hz	8	0.251	70.00	0.052
59.621	0.05	Adapter 251Hz	8	0.251	70.00	0.052
59.701	0.05	Adapter 251Hz	8	0.251	70.00	0.052
59.781	0.05	Adapter 251Hz	8	0.251	70.00	0.052
62.545	0.05	Adapter 507Hz	9	0.507	70.00	0.079
62.625	0.05	Adapter 507Hz	9	0.507	70.00	0.079
62.705	0.05	Adapter 507Hz	9	0.507	70.00	0.079
62.785	0.05	Adapter 507Hz	9	0.507	70.00	0.079
63.045	0.05	Adapter 507Hz	9	0.507	70.00	0.079
63.125	0.05	Adapter 507Hz	9	0.507	70.00	0.079
63.205	0.05	Adapter 507Hz	9	0.507	70.00	0.079
63.285	0.05	Adapter 507Hz	9	0.507	70.00	0.079
63.545	0.05	Adapter 507Hz	9	0.507	70.00	0.079
63.625	0.05	Adapter 507Hz	9	0.507	70.00	0.079
63.705	0.05	Adapter 507Hz	9	0.507	70.00	0.079
63.785	0.05	Adapter 507Hz	9	0.507	70.00	0.079
64.045	0.05	Adapter 507Hz	9	0.507	70.00	0.079
64.125	0.05	Adapter 507Hz	9	0.507	70.00	0.079
64.205	0.05	Adapter 507Hz	9	0.507	70.00	0.079
64.285	0.05	Adapter 507Hz	9	0.507	70.00	0.079
64.545	0.05	Adapter 507Hz	9	0.507	70.00	0.079
64.625	0.05	Adapter 507Hz	9	0.507	70.00	0.079
64.705	0.05	Adapter 507Hz	9	0.507	70.00	0.079
64.785	0.05	Adapter 507Hz	9	0.507	70.00	0.079
65.045	0.05	Adapter 507Hz	9	0.507	70.00	0.079
65.125	0.05	Adapter 507Hz	9	0.507	70.00	0.079
65.205	0.05	Adapter 507Hz	9	0.507	70.00	0.079
65.285	0.05	Adapter 507Hz	9	0.507	70.00	0.079
65.545	0.05	Adapter 507Hz	9	0.507	70.00	0.079
65.625	0.05	Adapter 507Hz	9	0.507	70.00	0.079
65.705	0.05	Adapter 507Hz	9	0.507	70.00	0.079
65.785	0.05	Adapter 507Hz	9	0.507	70.00	0.079
66.045	0.05	Adapter 507Hz	9	0.507	70.00	0.079
66.125	0.05	Adapter 507Hz	9	0.507	70.00	0.079
66.205	0.05	Adapter 507Hz	9	0.507	70.00	0.079
66.285	0.05	Adapter 507Hz	9	0.507	70.00	0.079
66.545	0.05	Adapter 507Hz	9	0.507	70.00	0.079
66.625	0.05	Adapter 507Hz	9	0.507	70.00	0.079
66.705	0.05	Adapter 507Hz	9	0.507	70.00	0.079
66.785	0.05	Adapter 507Hz	9	0.507	70.00	0.079
67.045	0.05	Adapter 507Hz	9	0.507	70.00	0.079
67.125	0.05	Adapter 507Hz	9	0.507	70.00	0.079
67.205	0.05	Adapter 507Hz	9	0.507	70.00	0.079
67.285	0.05	Adapter 507Hz	9	0.507	70.00	0.079
70.049	0.05	Adapter 6009Hz	10	6.009	70.00	0.671
70.129	0.05	Adapter 6009Hz	10	6.009	70.00	0.671
70.209	0.05	Adapter 6009Hz	10	6.009	70.00	0.671
70.289	0.05	Adapter 6009Hz	10	6.009	70.00	0.671
70.549	0.05	Adapter 6009Hz	10	6.009	70.00	0.671
70.629	0.05	Adapter 6009Hz	10	6.009	70.00	0.671
70.709	0.05	Adapter 6009Hz	10	6.009	70.00	0.671
70.789	0.05	Adapter 6009Hz	10	6.009	70.00	0.671
71.049	0.05	Adapter 6009Hz	10	6.009	70.00	0.671
71.129	0.05	Adapter 6009Hz	10	6.009	70.00	0.671
71.209	0.05	Adapter 6009Hz	10	6.009	70.00	0.671
71.289	0.05	Adapter 6009Hz	10	6.009	70.00	0.671
71.549	0.05	Adapter 6009Hz	10	6.009	70.00	0.671
71.629	0.05	Adapter 6009Hz	10	6.009	70.00	0.671
71.709	0.05	Adapter 6009Hz	10	6.009	70.00	0.671
71.789	0.05	Adapter 6009Hz	10	6.009	70.00	0.671
72.049	0.05	Adapter 6009Hz	10	6.009	70.00	0.671
72.129	0.05	Adapter 6009Hz	10	6.009	70.00	0.671
72.209	0.05	Adapter 6009Hz	10	6.009	70.00	0.671
72.289	0.05	Adapter 6009Hz	10	6.009	70.00	0.671
72.549	0.05	Adapter 6009Hz	10	6.009	70.00	0.671
72.629	0.05	Adapter 6009Hz	10	6.009	70.00	0.671
72.709	0.05	Adapter 6009Hz	10	6.009	70.00	0.671
72.789	0.05	Adapter 6009Hz	10	6.009	70.00	0.671
73.049	0.05	Adapter 6009Hz	10	6.009	70.00	0.671
73.129	0.05	Adapter 6009Hz	10	6.009	70.00	0.671
73.209	0.05	Adapter 6009Hz	10	6.009	70.00	0.671
73.289	0.05	Adapter 6009Hz	10	6.009	70.00	0.671
73.549	0.05	Adapter 6009Hz	10	6.009	70.00	0.671
73.629	0.05	Adapter 6009Hz	10	6.009	70.00	0.671
73.709	0.05	Adapter 6009Hz	10	6.009	70.00	0.671
73.789	0.05	Adapter 6009Hz	10	6.009	70.00	0.671
74.049	0.05	Adapter 6009Hz	10	6.009	70.00	0.671
74.129	0.05	Adapter 6009Hz	10	6.009	70.00	0.671
74.209	0.05	Adapter 6009Hz	10	6.009	70.00	0.671
74.289	0.05	Adapter 6009Hz	10	6.009	70.00	0.671
74.549	0.05	Adapter 6009Hz	10	6.009	70.00	0.671
74.629	0.05	Adapter 6009Hz	10	6.009	70.00	0.671
74.709	0.05	Adapter 6009Hz	10	6.009	70.00	0.671
74.789	0.05	Adapter 6009Hz	10	6.009	70.00	0.671
77.537	0.05	Adapter 1501Hz	11	1.501	70.00	0.186
77.617	0.05	Adapter 1501Hz	11	1.501	70.00	0.186
77.697	0.05	Adapter 1501Hz	11	1.501	70.00	0.186
77.777	0.05	Adapter 1501Hz	11	1.501	70.00	0.186
78.037	0.05	Adapter 1501Hz	11	1.501	70.00	0.186
78.117	0.05	Adapter 1501Hz	11	1.501	70.00	0.186
78.197	0.05	Adapter 1501Hz	11	1.501	70.00	0.186
78.277	0.05	Adapter 1501Hz	11	1.501	70.00	0.186
78.537	0.05	Adapter 1501Hz	11	1.501	70.00	0.186
78.617	0.05	Adapter 1501Hz	11	1.501	70.00	0.186
78.697	0.05	Adapter 1501Hz	11	1.501	70.00	0.186
78.777	0.05	Adapter 1501Hz	11	1.501	70.00	0.186
79.037	0.05	Adapter 1501Hz	11	1.501	70.00	0.186
79.117	0.05	Adapter 1501Hz	11	1.501	70.00	0.186
79.197	0.05	Adapter 1501Hz	11	1.501	70.00	0.186
79.277	0.05	Adapter 1501Hz	11	1.501	70.00	0.186
79.537	0.05	Adapter 1501Hz	11	1.501	70.00	0.186
79.617	0.05	Adapter 1501Hz	11	1.501	70.00	0.186
79.697	0.05	Adapter 1501Hz	11	1.501	70.00	0.186
79.777	0.05	Adapter 1501Hz	11	1.501	70.00	0.186
80.037	0.05	Adapter 1501Hz	11	1.501	70.00	0.186
80.117	0.05	Adapter 1501Hz	11	1.501	70.00	0.186
80.197	0.05	Adapter 1501Hz	11	1.501	70.00	0.186
80.277	0.05	Adapter 1501Hz	11	1.501	70.00	0.186
80.537	0.05	Adapter 1501Hz	11	1.501	70.00	0.186
80.617	0.05	Adapter 1501Hz	11	1.501	70.00	0.186
80.697	0.05	Adapter 1501Hz	11	1.501	70.00	0.186
80.777	0.05	Adapter 1501Hz	11	1.501	70.00	0.186
81.037	0.05	Adapter 1501Hz	11	1.501	70.00	0.186
81.117	0.05	Adapter 1501Hz	11	1.501	70.00	0.186
81.197	0.05	Adapter 1501Hz	11	1.501	70.00	0.186
81.277	0.05	Adapter 1501Hz	11	1.501	70.00	0.186
81.537	0.05	Adapter 1501Hz	11	1.501	70.00	0.186
81.617	0.05	Adapter 1501Hz	11	1.501	70.00	0.186
81.697	0.05	Adapter 1501Hz	11	1.501	70.00	0.186
81.777	0.05	Adapter 1501Hz	11	1.501	70.00	0.186
82.037	0.05	Adapter 1501Hz	11	1.501	70.00	0.186
82.117	0.05	Adapter 1501Hz	11	1.501	70.00	0.186
82.197	0.05	Adapter 1501Hz	11	1.501	70.00	0.186
82.277	0.05	Adapter 1501Hz	11	1.501	70.00	0.186
85.056	0.05	Adapter 899Hz Probe 3839Hz	12	0.899	70.00	0.121
85.136	0.05	Adapter 899Hz Probe 3839Hz	12	0.899	70.00	0.121
85.216	0.05	Adapter 899Hz Probe 3839Hz	12	0.899	70.00	0.121
85.296	0.05	Adapter 899Hz Probe 3839Hz	12	0.899	70.00	0.121
85.376	0.05	Adapter 899Hz Probe 3839Hz	12	3.839	70.00	0.437
85.556	0.05	Adapter 899Hz Probe 3839Hz	12	0.899	70.00	0.121
85.636	0.05	Adapter 899Hz Probe 3839Hz	12	0.899	70.00	0.121
85.716	0.05	Adapter 899Hz Probe 3839Hz	12	0.899	70.00	0.121
85.796	0.05	Adapter 899Hz Probe 3839Hz	12	0.899	70.00	0.121
85.876	0.05	Adapter 899Hz Probe 3839Hz	12	3.839	70.00	0.437
86.056	0.05	Adapter 899Hz Probe 3839Hz	12	0.899	70.00	0.121
86.136	0.05	Adapter 899Hz Probe 3839Hz	12	0.899	70.00	0.121
86.216	0.05	Adapter 899Hz Probe 3839Hz	12	0.899	70.00	0.121
86.296	0.05	Adapter 899Hz Probe 3839Hz	12	0.899	70.00	0.121
86.376	0.05	Adapter 899Hz Probe 3839Hz	12	3.839	70.00	0.437
86.556	0.05	Adapter 899Hz Probe 3839Hz	12	0.899	70.00	0.121
86.636	0.05	Adapter 899Hz Probe 3839Hz	12	0.899	70.00	0.121
86.716	0.05	Adapter 899Hz Probe 3839Hz	12	0.899	70.00	0.121
86.796	0.05	Adapter 899Hz Probe 3839Hz	12	0.899	70.00	0.121
86.876	0.05	Adapter 899Hz Probe 3839Hz	12	3.839	70.00	0.437
87.056	0.05	Adapter 899Hz Probe 3839Hz	12	0.899	70.00	0.121
87.136	0.05	Adapter 899Hz Probe 3839Hz	12	0.899	70.00	0.121
87.216	0.05	Adapter 899Hz Probe 3839Hz	12	0.899	70.00	0.121
87.296	0.05	Adapter 899Hz Probe 3839Hz	12	0.899	70.00	0.121
87.376	0.05	Adapter 899Hz Probe 3839Hz	12	3.839	70.00	0.437
87.556	0.05	Adapter 899Hz Probe 3839Hz	12	0.899	70.00	0.121
87.636	0.05	Adapter 899Hz Probe 3839Hz	12	0.899	70.00	0.121
87.716	0.05	Adapter 899Hz Probe 3839Hz	12	0.899	70.00	0.121
87.796	0.05	Adapter 899Hz Probe 3839Hz	12	0.899	70.00	0.121
87.876	0.05	Adapter 899Hz Probe 3839Hz	12	3.839	70.00	0.437
88.056	0.05	Adapter 899Hz Probe 3839Hz	12	0.899	70.00	0.121
88.136	0.05	Adapter 899Hz Probe 3839Hz	12	0.899	70.00	0.121
88.216	0.05	Adapter 899Hz Probe 3839Hz	12	0.899	70.00	0.121
88.296	0.05	Adapter 899Hz Probe 3839Hz	12	0.899	70.00	0.121
88.376	0.05	Adapter 899Hz Probe 3839Hz	12	3.839	70.00	0.437
88.556	0.05	Adapter 899Hz Probe 3839Hz	12	0.899	70.00	0.121
88.636	0.05	Adapter 899Hz Probe 3839Hz	12	0.899	70.00	0.121
88.716	0.05	Adapter 899Hz Probe 3839Hz	12	0.899	70.00	0.121
88.796	0.05	Adapter 899Hz Probe 3839Hz	12	0.899	70.00	0.121
88.876	0.05	Adapter 899Hz Probe 3839Hz	12	3.839	70.00	0.437
89.056	0.05	Adapter 899Hz Probe 3839Hz	12	0.899	70.00	0.121
89.136	0.05	Adapter 899Hz Probe 3839Hz	12	0.899	70.00	0.121
89.216	0.05	Adapter 899Hz Probe 3839Hz	12	0.899	70.00	0.121
89.296	0.05	Adapter 899Hz Probe 3839Hz	12	0.899	70.00	0.121
89.376	0.05	Adapter 899Hz Probe 3839Hz	12	3.839	70.00	0.437
89.556	0.05	Adapter 899Hz Probe 3839Hz	12	0.899	70.00	0.121
89.636	0.05	Adapter 899Hz Probe 3839Hz	12	0.899	70.00	0.121
89.716	0.05	Adapter 899Hz Probe 3839Hz	12	0.899	70.00	0.121
89.796	0.05	Adapter 899Hz Probe 3839Hz	12	0.899	70.00	0.121
89.876	0.05	Adapter 899Hz Probe 3839Hz	12	3.839	70.00	0.437
100.032	0.05	Adapter 507Hz Probe 3839Hz	14	0.507	70.00	0.079
100.112	0.05	Adapter 507Hz Probe 3839Hz	14	0.507	70.00	0.079
100.192	0.05	Adapter 507Hz Probe 3839Hz	14	0.507	70.00	0.079
100.272	0.05	Adapter 507Hz Probe 3839Hz	14	0.507	70.00	0.079
100.352	0.05	Adapter 507Hz Probe 3839Hz	14	3.839	70.00	0.437
100.532	0.05	Adapter 507Hz Probe 3839Hz	14	0.507	70.00	0.079
100.612	0.05	Adapter 507Hz Probe 3839Hz	14	0.507	70.00	0.079
100.692	0.05	Adapter 507Hz Probe 3839Hz	14	0.507	70.00	0.079
100.772	0.05	Adapter 507Hz Probe 3839Hz	14	0.507	70.00	0.079
100.852	0.05	Adapter 507Hz Probe 3839Hz	14	3.839	70.00	0.437
101.032	0.05	Adapter 507Hz Probe 3839Hz	14	0.507	70.00	0.079
101.112	0.05	Adapter 507Hz Probe 3839Hz	14	0.507	70.00	0.079
101.192	0.05	Adapter 507Hz Probe 3839Hz	14	0.507	70.00	0.079
101.272	0.05	Adapter 507Hz Probe 3839Hz	14	0.507	70.00	0.079
101.352	0.05	Adapter 507Hz Probe 3839Hz	14	3.839	70.00	0.437
101.532	0.05	Adapter 507Hz Probe 3839Hz	14	0.507	70.00	0.079
101.612	0.05	Adapter 507Hz Probe 3839Hz	14	0.507	70.00	0.079
101.692	0.05	Adapter 507Hz Probe 3839Hz	14	0.507	70.00	0.079
101.772	0.05	Adapter 507Hz Probe 3839Hz	14	0.507	70.00	0.079
101.852	0.05	Adapter 507Hz Probe 3839Hz	14	3.839	70.00	0.437
102.032	0.05	Adapter 507Hz Probe 3839Hz	14	0.507	70.00	0.079
102.112	0.05	Adapter 507Hz Probe 3839Hz	14	0.507	70.00	0.079
102.192	0.05	Adapter 507Hz Probe 3839Hz	14	0.507	70.00	0.079
102.272	0.05	Adapter 507Hz Probe 3839Hz	14	0.507	70.00	0.079
102.352	0.05	Adapter 507Hz Probe 3839Hz	14	3.839	70.00	0.437
102.532	0.05	Adapter 507Hz Probe 3839Hz	14	0.507	70.00	0.079
102.612	0.05	Adapter 507Hz Probe 3839Hz	14	0.507	70.00	0.079
102.692	0.05	Adapter 507Hz Probe 3839Hz	14	0.507	70.00	0.079
102.772	0.05	Adapter 507Hz Probe 3839Hz	14	0.507	70.00	0.079
102.852	0.05	Adapter 507Hz Probe 3839Hz	14	3.839	70.00	0.437
103.032	0.05	Adapter 507Hz Probe 3839Hz	14	0.507	70.00	0.079
103.112	0.05	Adapter 507Hz Probe 3839Hz	14	0.507	70.00	0.079
103.192	0.05	Adapter 507Hz Probe 3839Hz	14	0.507	70.00	0.079
103.272	0.05	Adapter 507Hz Probe 3839Hz	14	0.507	70.00	0.079
103.352	0.05	Adapter 507Hz Probe 3839Hz	14	3.839	70.00	0.437
103.532	0.05	Adapter 507Hz Probe 3839Hz	14	0.507	70.00	0.079
103.612	0.05	Adapter 507Hz Probe 3839Hz	14	0.507	70.00	0.079
103.692	0.05	Adapter 507Hz Probe 3839Hz	14	0.507	70.00	0.079
103.772	0.05	Adapter 507Hz Probe 3839Hz	14	0.507	70.00	0.079
103.852	0.05	Adapter 507Hz Probe 3839Hz	14	3.839	70.00	0.437
104.032	0.05	Adapter 507Hz Probe 3839Hz	14	0.507	70.00	0.079
104.112	0.05	Adapter 507Hz Probe 3839Hz	14	0.507	70.00	0.079
104.192	0.05	Adapter 507Hz Probe 3839Hz	14	0.507	70.00	0.079
104.272	0.05	Adapter 507Hz Probe 3839Hz	14	0.507	70.00	0.079
104.352	0.05	Adapter 507Hz Probe 3839Hz	14	3.839	70.00	0.437
104.532	0.05	Adapter 507Hz Probe 3839Hz	14	0.507	70.00	0.079
104.612	0.05	Adapter 507Hz Probe 3839Hz	14	0.507	70.00	0.079
104.692	0.05	Adapter 507Hz Probe 3839Hz	14	0.507	70.00	0.079
104.772	0.05	Adapter 507Hz Probe 3839Hz	14	0.507	70.00	0.079
104.852	0.05	Adapter 507Hz Probe 3839Hz	14	3.839	70.00	0.437
115.039	0.05	Adapter 899Hz	16	0.899	70.00	0.121
115.119	0.05	Adapter 899Hz	16	0.899	70.00	0.121
115.199	0.05	Adapter 899Hz	16	0.899	70.00	0.121
115.279	0.05	Adapter 899Hz	16	0.899	70.00	0.121
115.539	0.05	Adapter 899Hz	16	0.899	70.00	0.121
115.619	0.05	Adapter 899Hz	16	0.899	70.00	0.121
115.699	0.05	Adapter 899Hz	16	0.899	70.00	0.121
115.779	0.05	Adapter 899Hz	16	0.899	70.00	0.121
116.039	0.05	Adapter 899Hz	16	0.899	70.00	0.121
116.119	0.05	Adapter 899Hz	16	0.899	70.00	0.121
116.199	0.05	Adapter 899Hz	16	0.899	70.00	0.121
116.279	0.05	Adapter 899Hz	16	0.899	70.00	0.121
116.539	0.05	Adapter 899Hz	16	0.899	70.00	0.121
116.619	0.05	Adapter 899Hz	16	0.899	70.00	0.121
116.699	0.05	Adapter 899Hz	16	0.899	70.00	0.121
116.779	0.05	Adapter 899Hz	16	0.899	70.00	0.121
117.039	0.05	Adapter 899Hz	16	0.899	70.00	0.121
117.119	0.05	Adapter 899Hz	16	0.899	70.00	0.121
117.199	0.05	Adapter 899Hz	16	0.899	70.00	0.121
117.279	0.05	Adapter 899Hz	16	0.899	70.00	0.121
117.539	0.05	Adapter 899Hz	16	0.899	70.00	0.121
117.619	0.05	Adapter 899Hz	16	0.899	70.00	0.121
117.699	0.05	Adapter 899Hz	16	0.899	70.00	0.121
117.779	0.05	Adapter 899Hz	16	0.899	70.00	0.121
118.039	0.05	Adapter 899Hz	16	0.899	70.00	0.121
118.119	0.05	Adapter 899Hz	16	0.899	70.00	0.121
118.199	0.05	Adapter 899Hz	16	0.899	70.00	0.121
118.279	0.05	Adapter 899Hz	16	0.899	70.00	0.121
118.539	0.05	Adapter 899Hz	16	0.899	70.00	0.121
118.619	0.05	Adapter 899Hz	16	0.899	70.00	0.121
118.699	0.05	Adapter 899Hz	16	0.899	70.00	0.121
118.779	0.05	Adapter 899Hz	16	0.899	70.00	0.121
119.039	0.05	Adapter 899Hz	16	0.899	70.00	0.121
119.119	0.05	Adapter 899Hz	16	0.899	70.00	0.121
119.199	0.05	Adapter 899Hz	16	0.899	70.00	0.121
119.279	0.05	Adapter 899Hz	16	0.899	70.00	0.121
119.539	0.05	Adapter 899Hz	16	0.899	70.00	0.121
119.619	0.05	Adapter 899Hz	16	0.899	70.00	0.121
119.699	0.05	Adapter 899Hz	16	0.899	70.00	0.121
119.779	0.05	Adapter 899Hz	16	0.899	70.00	0.121
122.543	0.05	Adapter 1501Hz Probe 3839Hz	17	1.501	70.00	0.186
122.623	0.05	Adapter 1501Hz Probe 3839Hz	17	1.501	70.00	0.186
122.703	0.05	Adapter 1501Hz Probe 3839Hz	17	1.501	70.00	0.186
122.783	0.05	Adapter 1501Hz Probe 3839Hz	17	1.501	70.00	0.186
122.863	0.05	Adapter 1501Hz Probe 3839Hz	17	3.839	70.00	0.437
123.043	0.05	Adapter 1501Hz Probe 3839Hz	17	1.501	70.00	0.186
123.123	0.05	Adapter 1501Hz Probe 3839Hz	17	1.501	70.00	0.186
123.203	0.05	Adapter 1501Hz Probe 3839Hz	17	1.501	70.00	0.186
123.283	0.05	Adapter 1501Hz Probe 3839Hz	17	1.501	70.00	0.186
123.363	0.05	Adapter 1501Hz Probe 3839Hz	17	3.839	70.00	0.437
123.543	0.05	Adapter 1501Hz Probe 3839Hz	17	1.501	70.00	0.186
123.623	0.05	Adapter 1501Hz Probe 3839Hz	17	1.501	70.00	0.186
123.703	0.05	Adapter 1501Hz Probe 3839Hz	17	1.501	70.00	0.186
123.783	0.05	Adapter 1501Hz Probe 3839Hz	17	1.501	70.00	0.186
123.863	0.05	Adapter 1501Hz Probe 3839Hz	17	3.839	70.00	0.437
124.043	0.05	Adapter 1501Hz Probe 3839Hz	17	1.501	70.00	0.186
124.123	0.05	Adapter 1501Hz Probe 3839Hz	17	1.501	70.00	0.186
124.203	0.05	Adapter 1501Hz Probe 3839Hz	17	1.501	70.00	0.186
124.283	0.05	Adapter 1501Hz Probe 3839Hz	17	1.501	70.00	0.186
124.363	0.05	Adapter 1501Hz Probe 3839Hz	17	3.839	70.00	0.437
124.543	0.05	Adapter 1501Hz Probe 3839Hz	17	1.501	70.00	0.186
124.623	0.05	Adapter 1501Hz Probe 3839Hz	17	1.501	70.00	0.186
124.703	0.05	Adapter 1501Hz Probe 3839Hz	17	1.501	70.00	0.186
124.783	0.05	Adapter 1501Hz Probe 3839Hz	17	1.501	70.00	0.186
124.863	0.05	Adapter 1501Hz Probe 3839Hz	17	3.839	70.00	0.437
125.043	0.05	Adapter 1501Hz Probe 3839Hz	17	1.501	70.00	0.186
125.123	0.05	Adapter 1501Hz Probe 3839Hz	17	1.501	70.00	0.186
125.203	0.05	Adapter 1501Hz Probe 3839Hz	17	1.501	70.00	0.186
125.283	0.05	Adapter 1501Hz Probe 3839Hz	17	1.501	70.00	0.186
125.363	0.05	Adapter 1501Hz Probe 3839Hz	17	3.839	70.00	0.437
125.543	0.05	Adapter 1501Hz Probe 3839Hz	17	1.501	70.00	0.186
125.623	0.05	Adapter 1501Hz Probe 3839Hz	17	1.501	70.00	0.186
125.703	0.05	Adapter 1501Hz Probe 3839Hz	17	1.501	70.00	0.186
125.783	0.05	Adapter 1501Hz Probe 3839Hz	17	1.501	70.00	0.186
125.863	0.05	Adapter 1501Hz Probe 3839Hz	17	3.839	70.00	0.437
126.043	0.05	Adapter 1501Hz Probe 3839Hz	17	1.501	70.00	0.186
126.123	0.05	Adapter 1501Hz Probe 3839Hz	17	1.501	70.00	0.186
126.203	0.05	Adapter 1501Hz Probe 3839Hz	17	1.501	70.00	0.186
126.283	0.05	Adapter 1501Hz Probe 3839Hz	17	1.501	70.00	0.186
126.363	0.05	Adapter 1501Hz Probe 3839Hz	17	3.839	70.00	0.437
126.543	0.05	Adapter 1501Hz Probe 3839Hz	17	1.501	70.00	0.186
126.623	0.05	Adapter 1501Hz Probe 3839Hz	17	1.501	70.00	0.186
126.703	0.05	Adapter 1501Hz Probe 3839Hz	17	1.501	70.00	0.186
126.783	0.05	Adapter 1501Hz Probe 3839Hz	17	1.501	70.00	0.186
126.863	0.05	Adapter 1501Hz Probe 3839Hz	17	3.839	70.00	0.437
127.043	0.05	Adapter 1501Hz Probe 3839Hz	17	1.501	70.00	0.186
127.123	0.05	Adapter 1501Hz Probe 3839Hz	17	1.501	70.00	0.186
127.203	0.05	Adapter 1501Hz Probe 3839Hz	17	1.501	70.00	0.186
127.283	0.05	Adapter 1501Hz Probe 3839Hz	17	1.501	70.00	0.186
127.363	0.05	Adapter 1501Hz Probe 3839Hz	17	3.839	70.00	0.437
145.373	0.05	Probe 3839Hz	20	3.839	70.00	0.437
145.873	0.05	Probe 3839Hz	20	3.839	70.00	0.437
146.373	0.05	Probe 3839Hz	20	3.839	70.00	0.437
146.873	0.05	Probe 3839Hz	20	3.839	70.00	0.437
147.373	0.05	Probe 3839Hz	20	3.839	70.00	0.437
147.873	0.05	Probe 3839Hz	20	3.839	70.00	0.437
148.373	0.05	Probe 3839Hz	20	3.839	70.00	0.437
148.873	0.05	Probe 3839Hz	20	3.839	70.00	0.437
149.373	0.05	Probe 3839Hz	20	3.839	70.00	0.437
149.873	0.05	Probe 3839Hz	20	3.839	70.00	0.437
152.557	0.05	Adapter 3839Hz Probe 3839Hz	21	3.839	70.00	0.437
152.637	0.05	Adapter 3839Hz Probe 3839Hz	21	3.839	70.00	0.437
152.717	0.05	Adapter 3839Hz Probe 3839Hz	21	3.839	70.00	0.437
152.797	0.05	Adapter 3839Hz Probe 3839Hz	21	3.839	70.00	0.437
152.877	0.05	Adapter 3839Hz Probe 3839Hz	21	3.839	70.00	0.437
153.057	0.05	Adapter 3839Hz Probe 3839Hz	21	3.839	70.00	0.437
153.137	0.05	Adapter 3839Hz Probe 3839Hz	21	3.839	70.00	0.437
153.217	0.05	Adapter 3839Hz Probe 3839Hz	21	3.839	70.00	0.437
153.297	0.05	Adapter 3839Hz Probe 3839Hz	21	3.839	70.00	0.437
153.377	0.05	Adapter 3839Hz Probe 3839Hz	21	3.839	70.00	0.437
153.557	0.05	Adapter 3839Hz Probe 3839Hz	21	3.839	70.00	0.437
153.637	0.05	Adapter 3839Hz Probe 3839Hz	21	3.839	70.00	0.437
153.717	0.05	Adapter 3839Hz Probe 3839Hz	21	3.839	70.00	0.437
153.797	0.05	Adapter 3839Hz Probe 3839Hz	21	3.839	70.00	0.437
153.877	0.05	Adapter 3839Hz Probe 3839Hz	21	3.839	70.00	0.437
154.057	0.05	Adapter 3839Hz Probe 3839Hz	21	3.839	70.00	0.437
154.137	0.05	Adapter 3839Hz Probe 3839Hz	21	3.839	70.00	0.437
154.217	0.05	Adapter 3839Hz Probe 3839Hz	21	3.839	70.00	0.437
154.297	0.05	Adapter 3839Hz Probe 3839Hz	21	3.839	70.00	0.437
154.377	0.05	Adapter 3839Hz Probe 3839Hz	21	3.839	70.00	0.437
154.557	0.05	Adapter 3839Hz Probe 3839Hz	21	3.839	70.00	0.437
154.637	0.05	Adapter 3839Hz Probe 3839Hz	21	3.839	70.00	0.437
154.717	0.05	Adapter 3839Hz Probe 3839Hz	21	3.839	70.00	0.437
154.797	0.05	Adapter 3839Hz Probe 3839Hz	21	3.839	70.00	0.437
154.877	0.05	Adapter 3839Hz Probe 3839Hz	21	3.839	70.00	0.437
155.057	0.05	Adapter 3839Hz Probe 3839Hz	21	3.839	70.00	0.437
155.137	0.05	Adapter 3839Hz Probe 3839Hz	21	3.839	70.00	0.437
155.217	0.05	Adapter 3839Hz Probe 3839Hz	21	3.839	70.00	0.437
155.297	0.05	Adapter 3839Hz Probe 3839Hz	21	3.839	70.00	0.437
155.377	0.05	Adapter 3839Hz Probe 3839Hz	21	3.839	70.00	0.437
155.557	0.05	Adapter 3839Hz Probe 3839Hz	21	3.839	70.00	0.437
155.637	0.05	Adapter 3839Hz Probe 3839Hz	21	3.839	70.00	0.437
155.717	0.05	Adapter 3839Hz Probe 3839Hz	21	3.839	70.00	0.437
155.797	0.05	Adapter 3839Hz Probe 3839Hz	21	3.839	70.00	0.437
155.877	0.05	Adapter 3839Hz Probe 3839Hz	21	3.839	70.00	0.437
156.057	0.05	Adapter 3839Hz Probe 3839Hz	21	3.839	70.00	0.437
156.137	0.05	Adapter 3839Hz Probe 3839Hz	21	3.839	70.00	0.437
156.217	0.05	Adapter 3839Hz Probe 3839Hz	21	3.839	70.00	0.437
156.297	0.05	Adapter 3839Hz Probe 3839Hz	21	3.839	70.00	0.437
156.377	0.05	Adapter 3839Hz Probe 3839Hz	21	3.839	70.00	0.437
156.557	0.05	Adapter 3839Hz Probe 3839Hz	21	3.839	70.00	0.437
156.637	0.05	Adapter 3839Hz Probe 3839Hz	21	3.839	70.00	0.437
156.717	0.05	Adapter 3839Hz Probe 3839Hz	21	3.839	70.00	0.437
156.797	0.05	Adapter 3839Hz Probe 3839Hz	21	3.839	70.00	0.437
156.877	0.05	Adapter 3839Hz Probe 3839Hz	21	3.839	70.00	0.437
157.057	0.05	Adapter 3839Hz Probe 3839Hz	21	3.839	70.00	0.437
157.137	0.05	Adapter 3839Hz Probe 3839Hz	21	3.839	70.00	0.437
157.217	0.05	Adapter 3839Hz Probe 3839Hz	21	3.839	70.00	0.437
157.297	0.05	Adapter 3839Hz Probe 3839Hz	21	3.839	70.00	0.437
157.377	0.05	Adapter 3839Hz Probe 3839Hz	21	3.839	70.00	0.437
160.045	0.05	Adapter 899Hz Probe 3839Hz	22	0.899	70.00	0.121
160.125	0.05	Adapter 899Hz Probe 3839Hz	22	0.899	70.00	0.121
160.205	0.05	Adapter 899Hz Probe 3839Hz	22	0.899	70.00	0.121
160.285	0.05	Adapter 899Hz Probe 3839Hz	22	0.899	70.00	0.121
160.365	0.05	Adapter 899Hz Probe 3839Hz	22	3.839	70.00	0.437
160.545	0.05	Adapter 899Hz Probe 3839Hz	22	0.899	70.00	0.121
160.625	0.05	Adapter 899Hz Probe 3839Hz	22	0.899	70.00	0.121
160.705	0.05	Adapter 899Hz Probe 3839Hz	22	0.899	70.00	0.121
160.785	0.05	Adapter 899Hz Probe 3839Hz	22	0.899	70.00	0.121
160.865	0.05	Adapter 899Hz Probe 3839Hz	22	3.839	70.00	0.437
161.045	0.05	Adapter 899Hz Probe 3839Hz	22	0.899	70.00	0.121
161.125	0.05	Adapter 899Hz Probe 3839Hz	22	0.899	70.00	0.121
161.205	0.05	Adapter 899Hz Probe 3839Hz	22	0.899	70.00	0.121
161.285	0.05	Adapter 899Hz Probe 3839Hz	22	0.899	70.00	0.121
161.365	0.05	Adapter 899Hz Probe 3839Hz	22	3.839	70.00	0.437
161.545	0.05	Adapter 899Hz Probe 3839Hz	22	0.899	70.00	0.121
161.625	0.05	Adapter 899Hz Probe 3839Hz	22	0.899	70.00	0.121
161.705	0.05	Adapter 899Hz Probe 3839Hz	22	0.899	70.00	0.121
161.785	0.05	Adapter 899Hz Probe 3839Hz	22	0.899	70.00	0.121
161.865	0.05	Adapter 899Hz Probe 3839Hz	22	3.839	70.00	0.437
162.045	0.05	Adapter 899Hz Probe 3839Hz	22	0.899	70.00	0.121
162.125	0.05	Adapter 899Hz Probe 3839Hz	22	0.899	70.00	0.121
162.205	0.05	Adapter 899Hz Probe 3839Hz	22	0.899	70.00	0.121
162.285	0.05	Adapter 899Hz Probe 3839Hz	22	0.899	70.00	0.121
162.365	0.05	Adapter 899Hz Probe 3839Hz	22	3.839	70.00	0.437
162.545	0.05	Adapter 899Hz Probe 3839Hz	22	0.899	70.00	0.121
162.625	0.05	Adapter 899Hz Probe 3839Hz	22	0.899	70.00	0.121
162.705	0.05	Adapter 899Hz Probe 3839Hz	22	0.899	70.00	0.121
162.785	0.05	Adapter 899Hz Probe 3839Hz	22	0.899	70.00	0.121
162.865	0.05	Adapter 899Hz Probe 3839Hz	22	3.839	70.00	0.437
163.045	0.05	Adapter 899Hz Probe 3839Hz	22	0.899	70.00	0.121
163.125	0.05	Adapter 899Hz Probe 3839Hz	22	0.899	70.00	0.121
163.205	0.05	Adapter 899Hz Probe 3839Hz	22	0.899	70.00	0.121
163.285	0.05	Adapter 899Hz Probe 3839Hz	22	0.899	70.00	0.121
163.365	0.05	Adapter 899Hz Probe 3839Hz	22	3.839	70.00	0.437
163.545	0.05	Adapter 899Hz Probe 3839Hz	22	0.899	70.00	0.121
163.625	0.05	Adapter 899Hz Probe 3839Hz	22	0.899	70.00	0.121
163.705	0.05	Adapter 899Hz Probe 3839Hz	22	0.899	70.00	0.121
163.785	0.05	Adapter 899Hz Probe 3839Hz	22	0.899	70.00	0.121
163.865	0.05	Adapter 899Hz Probe 3839Hz	22	3.839	70.00	0.437
164.045	0.05	Adapter 899Hz Probe 3839Hz	22	0.899	70.00	0.121
164.125	0.05	Adapter 899Hz Probe 3839Hz	22	0.899	70.00	0.121
164.205	0.05	Adapter 899Hz Probe 3839Hz	22	0.899	70.00	0.121
164.285	0.05	Adapter 899Hz Probe 3839Hz	22	0.899	70.00	0.121
164.365	0.05	Adapter 899Hz Probe 3839Hz	22	3.839	70.00	0.437
164.545	0.05	Adapter 899Hz Probe 3839Hz	22	0.899	70.00	0.121
164.625	0.05	Adapter 899Hz Probe 3839Hz	22	0.899	70.00	0.121
164.705	0.05	Adapter 899Hz Probe 3839Hz	22	0.899	70.00	0.121
164.785	0.05	Adapter 899Hz Probe 3839Hz	22	0.899	70.00	0.121
164.865	0.05	Adapter 899Hz Probe 3839Hz	22	3.839	70.00	0.437
167.502	0.05	Adapter 1501Hz	23	1.501	70.00	0.186
167.582	0.05	Adapter 1501Hz	23	1.501	70.00	0.186
167.662	0.05	Adapter 1501Hz	23	1.501	70.00	0.186
167.742	0.05	Adapter 1501Hz	23	1.501	70.00	0.186
168.002	0.05	Adapter 1501Hz	23	1.501	70.00	0.186
168.082	0.05	Adapter 1501Hz	23	1.501	70.00	0.186
168.162	0.05	Adapter 1501Hz	23	1.501	70.00	0.186
168.242	0.05	Adapter 1501Hz	23	1.501	70.00	0.186
168.502	0.05	Adapter 1501Hz	23	1.501	70.00	0.186
168.582	0.05	Adapter 1501Hz	23	1.501	70.00	0.186
168.662	0.05	Adapter 1501Hz	23	1.501	70.00	0.186
168.742	0.05	Adapter 1501Hz	23	1.501	70.00	0.186
169.002	0.05	Adapter 1501Hz	23	1.501	70.00	0.186
169.082	0.05	Adapter 1501Hz	23	1.501	70.00	0.186
169.162	0.05	Adapter 1501Hz	23	1.501	70.00	0.186
169.242	0.05	Adapter 1501Hz	23	1.501	70.00	0.186
169.502	0.05	Adapter 1501Hz	23	1.501	70.00	0.186
169.582	0.05	Adapter 1501Hz	23	1.501	70.00	0.186
169.662	0.05	Adapter 1501Hz	23	1.501	70.00	0.186
169.742	0.05	Adapter 1501Hz	23	1.501	70.00	0.186
170.002	0.05	Adapter 1501Hz	23	1.501	70.00	0.186
170.082	0.05	Adapter 1501Hz	23	1.501	70.00	0.186
170.162	0.05	Adapter 1501Hz	23	1.501	70.00	0.186
170.242	0.05	Adapter 1501Hz	23	1.501	70.00	0.186
170.502	0.05	Adapter 1501Hz	23	1.501	70.00	0.186
170.582	0.05	Adapter 1501Hz	23	1.501	70.00	0.186
170.662	0.05	Adapter 1501Hz	23	1.501	70.00	0.186
170.742	0.05	Adapter 1501Hz	23	1.501	70.00	0.186
171.002	0.05	Adapter 1501Hz	23	1.501	70.00	0.186
171.082	0.05	Adapter 1501Hz	23	1.501	70.00	0.186
171.162	0.05	Adapter 1501Hz	23	1.501	70.00	0.186
171.242	0.05	Adapter 1501Hz	23	1.501	70.00	0.186
171.502	0.05	Adapter 1501Hz	23	1.501	70.00	0.186
171.582	0.05	Adapter 1501Hz	23	1.501	70.00	0.186
171.662	0.05	Adapter 1501Hz	23	1.501	70.00	0.186
171.742	0.05	Adapter 1501Hz	23	1.501	70.00	0.186
172.002	0.05	Adapter 1501Hz	23	1.501	70.00	0.186
172.082	0.05	Adapter 1501Hz	23	1.501	70.00	0.186
172.162	0.05	Adapter 1501Hz	23	1.501	70.00	0.186
172.242	0.05	Adapter 1501Hz	23	1.501	70.00	0.186
175.037	0.05	Adapter 6009Hz	24	6.009	70.00	0.671
175.117	0.05	Adapter 6009Hz	24	6.009	70.00	0.671
175.197	0.05	Adapter 6009Hz	24	6.009	70.00	0.671
175.277	0.05	Adapter 6009Hz	24	6.009	70.00	0.671
175.537	0.05	Adapter 6009Hz	24	6.009	70.00	0.671
175.617	0.05	Adapter 6009Hz	24	6.009	70.00	0.671
175.697	0.05	Adapter 6009Hz	24	6.009	70.00	0.671
175.777	0.05	Adapter 6009Hz	24	6.009	70.00	0.671
176.037	0.05	Adapter 6009Hz	24	6.009	70.00	0.671
176.117	0.05	Adapter 6009Hz	24	6.009	70.00	0.671
176.197	0.05	Adapter 6009Hz	24	6.009	70.00	0.671
176.277	0.05	Adapter 6009Hz	24	6.009	70.00	0.671
176.537	0.05	Adapter 6009Hz	24	6.009	70.00	0.671
176.617	0.05	Adapter 6009Hz	24	6.009	70.00	0.671
176.697	0.05	Adapter 6009Hz	24	6.009	70.00	0.671
176.777	0.05	Adapter 6009Hz	24	6.009	70.00	0.671
177.037	0.05	Adapter 6009Hz	24	6.009	70.00	0.671
177.117	0.05	Adapter 6009Hz	24	6.009	70.00	0.671
177.197	0.05	Adapter 6009Hz	24	6.009	70.00	0.671
177.277	0.05	Adapter 6009Hz	24	6.009	70.00	0.671
177.537	0.05	Adapter 6009Hz	24	6.009	70.00	0.671
177.617	0.05	Adapter 6009Hz	24	6.009	70.00	0.671
177.697	0.05	Adapter 6009Hz	24	6.009	70.00	0.671
177.777	0.05	Adapter 6009Hz	24	6.009	70.00	0.671
178.037	0.05	Adapter 6009Hz	24	6.009	70.00	0.671
178.117	0.05	Adapter 6009Hz	24	6.009	70.00	0.671
178.197	0.05	Adapter 6009Hz	24	6.009	70.00	0.671
178.277	0.05	Adapter 6009Hz	24	6.009	70.00	0.671
178.537	0.05	Adapter 6009Hz	24	6.009	70.00	0.671
178.617	0.05	Adapter 6009Hz	24	6.009	70.00	0.671
178.697	0.05	Adapter 6009Hz	24	6.009	70.00	0.671
178.777	0.05	Adapter 6009Hz	24	6.009	70.00	0.671
179.037	0.05	Adapter 6009Hz	24	6.009	70.00	0.671
179.117	0.05	Adapter 6009Hz	24	6.009	70.00	0.671
179.197	0.05	Adapter 6009Hz	24	6.009	70.00	0.671
179.277	0.05	Adapter 6009Hz	24	6.009	70.00	0.671
179.537	0.05	Adapter 6009Hz	24	6.009	70.00	0.671
179.617	0.05	Adapter 6009Hz	24	6.009	70.00	0.671
179.697	0.05	Adapter 6009Hz	24	6.009	70.00	0.671
179.777	0.05	Adapter 6009Hz	24	6.009	70.00	0.671
182.54	0.05	Adapter 507Hz	25	0.507	70.00	0.079
182.62	0.05	Adapter 507Hz	25	0.507	70.00	0.079
182.7	0.05	Adapter 507Hz	25	0.507	70.00	0.079
182.78	0.05	Adapter 507Hz	25	0.507	70.00	0.079
183.04	0.05	Adapter 507Hz	25	0.507	70.00	0.079
183.12	0.05	Adapter 507Hz	25	0.507	70.00	0.079
183.2	0.05	Adapter 507Hz	25	0.507	70.00	0.079
183.28	0.05	Adapter 507Hz	25	0.507	70.00	0.079
183.54	0.05	Adapter 507Hz	25	0.507	70.00	0.079
183.62	0.05	Adapter 507Hz	25	0.507	70.00	0.079
183.7	0.05	Adapter 507Hz	25	0.507	70.00	0.079
183.78	0.05	Adapter 507Hz	25	0.507	70.00	0.079
184.04	0.05	Adapter 507Hz	25	0.507	70.00	0.079
184.12	0.05	Adapter 507Hz	25	0.507	70.00	0.079
184.2	0.05	Adapter 507Hz	25	0.507	70.00	0.079
184.28	0.05	Adapter 507Hz	25	0.507	70.00	0.079
184.54	0.05	Adapter 507Hz	25	0.507	70.00	0.079
184.62	0.05	Adapter 507Hz	25	0.507	70.00	0.079
184.7	0.05	Adapter 507Hz	25	0.507	70.00	0.079
184.78	0.05	Adapter 507Hz	25	0.507	70.00	0.079
185.04	0.05	Adapter 507Hz	25	0.507	70.00	0.079
185.12	0.05	Adapter 507Hz	25	0.507	70.00	0.079
185.2	0.05	Adapter 507Hz	25	0.507	70.00	0.079
185.28	0.05	Adapter 507Hz	25	0.507	70.00	0.079
185.54	0.05	Adapter 507Hz	25	0.507	70.00	0.079
185.62	0.05	Adapter 507Hz	25	0.507	70.00	0.079
185.7	0.05	Adapter 507Hz	25	0.507	70.00	0.079
185.78	0.05	Adapter 507Hz	25	0.507	70.00	0.079
186.04	0.05	Adapter 507Hz	25	0.507	70.00	0.079
186.12	0.05	Adapter 507Hz	25	0.507	70.00	0.079
186.2	0.05	Adapter 507Hz	25	0.507	70.00	0.079
186.28	0.05	Adapter 507Hz	25	0.507	70.00	0.079
186.54	0.05	Adapter 507Hz	25	0.507	70.00	0.079
186.62	0.05	Adapter 507Hz	25	0.507	70.00	0.079
186.7	0.05	Adapter 507Hz	25	0.507	70.00	0.079
186.78	0.05	Adapter 507Hz	25	0.507	70.00	0.079
187.04	0.05	Adapter 507Hz	25	0.507	70.00	0.079
187.12	0.05	Adapter 507Hz	25	0.507	70.00	0.079
187.2	0.05	Adapter 507Hz	25	0.507	70.00	0.079
187.28	0.05	Adapter 507Hz	25	0.507	70.00	0.079
197.548	0.05	Adapter 3839Hz	27	3.839	70.00	0.437
197.628	0.05	Adapter 3839Hz	27	3.839	70.00	0.437
197.708	0.05	Adapter 3839Hz	27	3.839	70.00	0.437
197.788	0.05	Adapter 3839Hz	27	3.839	70.00	0.437
198.048	0.05	Adapter 3839Hz	27	3.839	70.00	0.437
198.128	0.05	Adapter 3839Hz	27	3.839	70.00	0.437
198.208	0.05	Adapter 3839Hz	27	3.839	70.00	0.437
198.288	0.05	Adapter 3839Hz	27	3.839	70.00	0.437
198.548	0.05	Adapter 3839Hz	27	3.839	70.00	0.437
198.628	0.05	Adapter 3839Hz	27	3.839	70.00	0.437
198.708	0.05	Adapter 3839Hz	27	3.839	70.00	0.437
198.788	0.05	Adapter 3839Hz	27	3.839	70.00	0.437
199.048	0.05	Adapter 3839Hz	27	3.839	70.00	0.437
199.128	0.05	Adapter 3839Hz	27	3.839	70.00	0.437
199.208	0.05	Adapter 3839Hz	27	3.839	70.00	0.437
199.288	0.05	Adapter 3839Hz	27	3.839	70.00	0.437
199.548	0.05	Adapter 3839Hz	27	3.839	70.00	0.437
199.628	0.05	Adapter 3839Hz	27	3.839	70.00	0.437
199.708	0.05	Adapter 3839Hz	27	3.839	70.00	0.437
199.788	0.05	Adapter 3839Hz	27	3.839	70.00	0.437
200.048	0.05	Adapter 3839Hz	27	3.839	70.00	0.437
200.128	0.05	Adapter 3839Hz	27	3.839	70.00	0.437
200.208	0.05	Adapter 3839Hz	27	3.839	70.00	0.437
200.288	0.05	Adapter 3839Hz	27	3.839	70.00	0.437
200.548	0.05	Adapter 3839Hz	27	3.839	70.00	0.437
200.628	0.05	Adapter 3839Hz	27	3.839	70.00	0.437
200.708	0.05	Adapter 3839Hz	27	3.839	70.00	0.437
200.788	0.05	Adapter 3839Hz	27	3.839	70.00	0.437
201.048	0.05	Adapter 3839Hz	27	3.839	70.00	0.437
201.128	0.05	Adapter 3839Hz	27	3.839	70.00	0.437
201.208	0.05	Adapter 3839Hz	27	3.839	70.00	0.437
201.288	0.05	Adapter 3839Hz	27	3.839	70.00	0.437
201.548	0.05	Adapter 3839Hz	27	3.839	70.00	0.437
201.628	0.05	Adapter 3839Hz	27	3.839	70.00	0.437
201.708	0.05	Adapter 3839Hz	27	3.839	70.00	0.437
201.788	0.05	Adapter 3839Hz	27	3.839	70.00	0.437
202.048	0.05	Adapter 3839Hz	27	3.839	70.00	0.437
202.128	0.05	Adapter 3839Hz	27	3.839	70.00	0.437
202.208	0.05	Adapter 3839Hz	27	3.839	70.00	0.437
202.288	0.05	Adapter 3839Hz	27	3.839	70.00	0.437
205.02	0.05	Adapter 2423Hz Probe 3839Hz	28	2.423	70.00	0.285
205.1	0.05	Adapter 2423Hz Probe 3839Hz	28	2.423	70.00	0.285
205.18	0.05	Adapter 2423Hz Probe 3839Hz	28	2.423	70.00	0.285
205.26	0.05	Adapter 2423Hz Probe 3839Hz	28	2.423	70.00	0.285
205.34	0.05	Adapter 2423Hz Probe 3839Hz	28	3.839	70.00	0.437
205.52	0.05	Adapter 2423Hz Probe 3839Hz	28	2.423	70.00	0.285
205.6	0.05	Adapter 2423Hz Probe 3839Hz	28	2.423	70.00	0.285
205.68	0.05	Adapter 2423Hz Probe 3839Hz	28	2.423	70.00	0.285
205.76	0.05	Adapter 2423Hz Probe 3839Hz	28	2.423	70.00	0.285
205.84	0.05	Adapter 2423Hz Probe 3839Hz	28	3.839	70.00	0.437
206.02	0.05	Adapter 2423Hz Probe 3839Hz	28	2.423	70.00	0.285
206.1	0.05	Adapter 2423Hz Probe 3839Hz	28	2.423	70.00	0.285
206.18	0.05	Adapter 2423Hz Probe 3839Hz	28	2.423	70.00	0.285
206.26	0.05	Adapter 2423Hz Probe 3839Hz	28	2.423	70.00	0.285
206.34	0.05	Adapter 2423Hz Probe 3839Hz	28	3.839	70.00	0.437
206.52	0.05	Adapter 2423Hz Probe 3839Hz	28	2.423	70.00	0.285
206.6	0.05	Adapter 2423Hz Probe 3839Hz	28	2.423	70.00	0.285
206.68	0.05	Adapter 2423Hz Probe 3839Hz	28	2.423	70.00	0.285
206.76	0.05	Adapter 2423Hz Probe 3839Hz	28	2.423	70.00	0.285
206.84	0.05	Adapter 2423Hz Probe 3839Hz	28	3.839	70.00	0.437
207.02	0.05	Adapter 2423Hz Probe 3839Hz	28	2.423	70.00	0.285
207.1	0.05	Adapter 2423Hz Probe 3839Hz	28	2.423	70.00	0.285
207.18	0.05	Adapter 2423Hz Probe 3839Hz	28	2.423	70.00	0.285
207.26	0.05	Adapter 2423Hz Probe 3839Hz	28	2.423	70.00	0.285
207.34	0.05	Adapter 2423Hz Probe 3839Hz	28	3.839	70.00	0.437
207.52	0.05	Adapter 2423Hz Probe 3839Hz	28	2.423	70.00	0.285
207.6	0.05	Adapter 2423Hz Probe 3839Hz	28	2.423	70.00	0.285
207.68	0.05	Adapter 2423Hz Probe 3839Hz	28	2.423	70.00	0.285
207.76	0.05	Adapter 2423Hz Probe 3839Hz	28	2.423	70.00	0.285
207.84	0.05	Adapter 2423Hz Probe 3839Hz	28	3.839	70.00	0.437
208.02	0.05	Adapter 2423Hz Probe 3839Hz	28	2.423	70.00	0.285
208.1	0.05	Adapter 2423Hz Probe 3839Hz	28	2.423	70.00	0.285
208.18	0.05	Adapter 2423Hz Probe 3839Hz	28	2.423	70.00	0.285
208.26	0.05	Adapter 2423Hz Probe 3839Hz	28	2.423	70.00	0.285
208.34	0.05	Adapter 2423Hz Probe 3839Hz	28	3.839	70.00	0.437
208.52	0.05	Adapter 2423Hz Probe 3839Hz	28	2.423	70.00	0.285
208.6	0.05	Adapter 2423Hz Probe 3839Hz	28	2.423	70.00	0.285
208.68	0.05	Adapter 2423Hz Probe 3839Hz	28	2.423	70.00	0.285
208.76	0.05	Adapter 2423Hz Probe 3839Hz	28	2.423	70.00	0.285
208.84	0.05	Adapter 2423Hz Probe 3839Hz	28	3.839	70.00	0.437
209.02	0.05	Adapter 2423Hz Probe 3839Hz	28	2.423	70.00	0.285
209.1	0.05	Adapter 2423Hz Probe 3839Hz	28	2.423	70.00	0.285
209.18	0.05	Adapter 2423Hz Probe 3839Hz	28	2.423	70.00	0.285
209.26	0.05	Adapter 2423Hz Probe 3839Hz	28	2.423	70.00	0.285
209.34	0.05	Adapter 2423Hz Probe 3839Hz	28	3.839	70.00	0.437
209.52	0.05	Adapter 2423Hz Probe 3839Hz	28	2.423	70.00	0.285
209.6	0.05	Adapter 2423Hz Probe 3839Hz	28	2.423	70.00	0.285
209.68	0.05	Adapter 2423Hz Probe 3839Hz	28	2.423	70.00	0.285
209.76	0.05	Adapter 2423Hz Probe 3839Hz	28	2.423	70.00	0.285
209.84	0.05	Adapter 2423Hz Probe 3839Hz	28	3.839	70.00	0.437
212.508	0.05	Adapter 2423Hz	29	2.423	70.00	0.285
212.588	0.05	Adapter 2423Hz	29	2.423	70.00	0.285
212.668	0.05	Adapter 2423Hz	29	2.423	70.00	0.285
212.748	0.05	Adapter 2423Hz	29	2.423	70.00	0.285
213.008	0.05	Adapter 2423Hz	29	2.423	70.00	0.285
213.088	0.05	Adapter 2423Hz	29	2.423	70.00	0.285
213.168	0.05	Adapter 2423Hz	29	2.423	70.00	0.285
213.248	0.05	Adapter 2423Hz	29	2.423	70.00	0.285
213.508	0.05	Adapter 2423Hz	29	2.423	70.00	0.285
213.588	0.05	Adapter 2423Hz	29	2.423	70.00	0.285
213.668	0.05	Adapter 2423Hz	29	2.423	70.00	0.285
213.748	0.05	Adapter 2423Hz	29	2.423	70.00	0.285
214.008	0.05	Adapter 2423Hz	29	2.423	70.00	0.285
214.088	0.05	Adapter 2423Hz	29	2.423	70.00	0.285
214.168	0.05	Adapter 2423Hz	29	2.423	70.00	0.285
214.248	0.05	Adapter 2423Hz	29	2.423	70.00	0.285
214.508	0.05	Adapter 2423Hz	29	2.423	70.00	0.285
214.588	0.05	Adapter 2423Hz	29	2.423	70.00	0.285
214.668	0.05	Adapter 2423Hz	29	2.423	70.00	0.285
214.748	0.05	Adapter 2423Hz	29	2.423	70.00	0.285
215.008	0.05	Adapter 2423Hz	29	2.423	70.00	0.285
215.088	0.05	Adapter 2423Hz	29	2.423	70.00	0.285
215.168	0.05	Adapter 2423Hz	29	2.423	70.00	0.285
215.248	0.05	Adapter 2423Hz	29	2.423	70.00	0.285
215.508	0.05	Adapter 2423Hz	29	2.423	70.00	0.285
215.588	0.05	Adapter 2423Hz	29	2.423	70.00	0.285
215.668	0.05	Adapter 2423Hz	29	2.423	70.00	0.285
215.748	0.05	Adapter 2423Hz	29	2.423	70.00	0.285
216.008	0.05	Adapter 2423Hz	29	2.423	70.00	0.285
216.088	0.05	Adapter 2423Hz	29	2.423	70.00	0.285
216.168	0.05	Adapter 2423Hz	29	2.423	70.00	0.285
216.248	0.05	Adapter 2423Hz	29	2.423	70.00	0.285
216.508	0.05	Adapter 2423Hz	29	2.423	70.00	0.285
216.588	0.05	Adapter 2423Hz	29	2.423	70.00	0.285
216.668	0.05	Adapter 2423Hz	29	2.423	70.00	0.285
216.748	0.05	Adapter 2423Hz	29	2.423	70.00	0.285
217.008	0.05	Adapter 2423Hz	29	2.423	70.00	0.285
217.088	0.05	Adapter 2423Hz	29	2.423	70.00	0.285
217.168	0.05	Adapter 2423Hz	29	2.423	70.00	0.285
217.248	0.05	Adapter 2423Hz	29	2.423	70.00	0.285
220.027	0.05	Adapter 507Hz Probe 3839Hz	30	0.507	70.00	0.079
220.107	0.05	Adapter 507Hz Probe 3839Hz	30	0.507	70.00	0.079
220.187	0.05	Adapter 507Hz Probe 3839Hz	30	0.507	70.00	0.079
220.267	0.05	Adapter 507Hz Probe 3839Hz	30	0.507	70.00	0.079
220.347	0.05	Adapter 507Hz Probe 3839Hz	30	3.839	70.00	0.437
220.527	0.05	Adapter 507Hz Probe 3839Hz	30	0.507	70.00	0.079
220.607	0.05	Adapter 507Hz Probe 3839Hz	30	0.507	70.00	0.079
220.687	0.05	Adapter 507Hz Probe 3839Hz	30	0.507	70.00	0.079
220.767	0.05	Adapter 507Hz Probe 3839Hz	30	0.507	70.00	0.079
220.847	0.05	Adapter 507Hz Probe 3839Hz	30	3.839	70.00	0.437
221.027	0.05	Adapter 507Hz Probe 3839Hz	30	0.507	70.00	0.079
221.107	0.05	Adapter 507Hz Probe 3839Hz	30	0.507	70.00	0.079
221.187	0.05	Adapter 507Hz Probe 3839Hz	30	0.507	70.00	0.079
221.267	0.05	Adapter 507Hz Probe 3839Hz	30	0.507	70.00	0.079
221.347	0.05	Adapter 507Hz Probe 3839Hz	30	3.839	70.00	0.437
221.527	0.05	Adapter 507Hz Probe 3839Hz	30	0.507	70.00	0.079
221.607	0.05	Adapter 507Hz Probe 3839Hz	30	0.507	70.00	0.079
221.687	0.05	Adapter 507Hz Probe 3839Hz	30	0.507	70.00	0.079
221.767	0.05	Adapter 507Hz Probe 3839Hz	30	0.507	70.00	0.079
221.847	0.05	Adapter 507Hz Probe 3839Hz	30	3.839	70.00	0.437
222.027	0.05	Adapter 507Hz Probe 3839Hz	30	0.507	70.00	0.079
222.107	0.05	Adapter 507Hz Probe 3839Hz	30	0.507	70.00	0.079
222.187	0.05	Adapter 507Hz Probe 3839Hz	30	0.507	70.00	0.079
222.267	0.05	Adapter 507Hz Probe 3839Hz	30	0.507	70.00	0.079
222.347	0.05	Adapter 507Hz Probe 3839Hz	30	3.839	70.00	0.437
222.527	0.05	Adapter 507Hz Probe 3839Hz	30	0.507	70.00	0.079
222.607	0.05	Adapter 507Hz Probe 3839Hz	30	0.507	70.00	0.079
222.687	0.05	Adapter 507Hz Probe 3839Hz	30	0.507	70.00	0.079
222.767	0.05	Adapter 507Hz Probe 3839Hz	30	0.507	70.00	0.079
222.847	0.05	Adapter 507Hz Probe 3839Hz	30	3.839	70.00	0.437
223.027	0.05	Adapter 507Hz Probe 3839Hz	30	0.507	70.00	0.079
223.107	0.05	Adapter 507Hz Probe 3839Hz	30	0.507	70.00	0.079
223.187	0.05	Adapter 507Hz Probe 3839Hz	30	0.507	70.00	0.079
223.267	0.05	Adapter 507Hz Probe 3839Hz	30	0.507	70.00	0.079
223.347	0.05	Adapter 507Hz Probe 3839Hz	30	3.839	70.00	0.437
223.527	0.05	Adapter 507Hz Probe 3839Hz	30	0.507	70.00	0.079
223.607	0.05	Adapter 507Hz Probe 3839Hz	30	0.507	70.00	0.079
223.687	0.05	Adapter 507Hz Probe 3839Hz	30	0.507	70.00	0.079
223.767	0.05	Adapter 507Hz Probe 3839Hz	30	0.507	70.00	0.079
223.847	0.05	Adapter 507Hz Probe 3839Hz	30	3.839	70.00	0.437
224.027	0.05	Adapter 507Hz Probe 3839Hz	30	0.507	70.00	0.079
224.107	0.05	Adapter 507Hz Probe 3839Hz	30	0.507	70.00	0.079
224.187	0.05	Adapter 507Hz Probe 3839Hz	30	0.507	70.00	0.079
224.267	0.05	Adapter 507Hz Probe 3839Hz	30	0.507	70.00	0.079
224.347	0.05	Adapter 507Hz Probe 3839Hz	30	3.839	70.00	0.437
224.527	0.05	Adapter 507Hz Probe 3839Hz	30	0.507	70.00	0.079
224.607	0.05	Adapter 507Hz Probe 3839Hz	30	0.507	70.00	0.079
224.687	0.05	Adapter 507Hz Probe 3839Hz	30	0.507	70.00	0.079
224.767	0.05	Adapter 507Hz Probe 3839Hz	30	0.507	70.00	0.079
224.847	0.05	Adapter 507Hz Probe 3839Hz	30	3.839	70.00	0.437
227.562	0.05	Adapter 899Hz	31	0.899	70.00	0.121
227.642	0.05	Adapter 899Hz	31	0.899	70.00	0.121
227.722	0.05	Adapter 899Hz	31	0.899	70.00	0.121
227.802	0.05	Adapter 899Hz	31	0.899	70.00	0.121
228.062	0.05	Adapter 899Hz	31	0.899	70.00	0.121
228.142	0.05	Adapter 899Hz	31	0.899	70.00	0.121
228.222	0.05	Adapter 899Hz	31	0.899	70.00	0.121
228.302	0.05	Adapter 899Hz	31	0.899	70.00	0.121
228.562	0.05	Adapter 899Hz	31	0.899	70.00	0.121
228.642	0.05	Adapter 899Hz	31	0.899	70.00	0.121
228.722	0.05	Adapter 899Hz	31	0.899	70.00	0.121
228.802	0.05	Adapter 899Hz	31	0.899	70.00	0.121
229.062	0.05	Adapter 899Hz	31	0.899	70.00	0.121
229.142	0.05	Adapter 899Hz	31	0.899	70.00	0.121
229.222	0.05	Adapter 899Hz	31	0.899	70.00	0.121
229.302	0.05	Adapter 899Hz	31	0.899	70.00	0.121
229.562	0.05	Adapter 899Hz	31	0.899	70.00	0.121
229.642	0.05	Adapter 899Hz	31	0.899	70.00	0.121
229.722	0.05	Adapter 899Hz	31	0.899	70.00	0.121
229.802	0.05	Adapter 899Hz	31	0.899	70.00	0.121
230.062	0.05	Adapter 899Hz	31	0.899	70.00	0.121
230.142	0.05	Adapter 899Hz	31	0.899	70.00	0.121
230.222	0.05	Adapter 899Hz	31	0.899	70.00	0.121
230.302	0.05	Adapter 899Hz	31	0.899	70.00	0.121
230.562	0.05	Adapter 899Hz	31	0.899	70.00	0.121
230.642	0.05	Adapter 899Hz	31	0.899	70.00	0.121
230.722	0.05	Adapter 899Hz	31	0.899	70.00	0.121
230.802	0.05	Adapter 899Hz	31	0.899	70.00	0.121
231.062	0.05	Adapter 899Hz	31	0.899	70.00	0.121
231.142	0.05	Adapter 899Hz	31	0.899	70.00	0.121
231.222	0.05	Adapter 899Hz	31	0.899	70.00	0.121
231.302	0.05	Adapter 899Hz	31	0.899	70.00	0.121
231.562	0.05	Adapter 899Hz	31	0.899	70.00	0.121
231.642	0.05	Adapter 899Hz	31	0.899	70.00	0.121
231.722	0.05	Adapter 899Hz	31	0.899	70.00	0.121
231.802	0.05	Adapter 899Hz	31	0.899	70.00	0.121
232.062	0.05	Adapter 899Hz	31	0.899	70.00	0.121
232.142	0.05	Adapter 899Hz	31	0.899	70.00	0.121
232.222	0.05	Adapter 899Hz	31	0.899	70.00	0.121
232.302	0.05	Adapter 899Hz	31	0.899	70.00	0.121
235.034	0.05	Adapter 251Hz	32	0.251	70.00	0.052
235.114	0.05	Adapter 251Hz	32	0.251	70.00	0.052
235.194	0.05	Adapter 251Hz	32	0.251	70.00	0.052
235.274	0.05	Adapter 251Hz	32	0.251	70.00	0.052
235.534	0.05	Adapter 251Hz	32	0.251	70.00	0.052
235.614	0.05	Adapter 251Hz	32	0.251	70.00	0.052
235.694	0.05	Adapter 251Hz	32	0.251	70.00	0.052
235.774	0.05	Adapter 251Hz	32	0.251	70.00	0.052
236.034	0.05	Adapter 251Hz	32	0.251	70.00	0.052
236.114	0.05	Adapter 251Hz	32	0.251	70.00	0.052
236.194	0.05	Adapter 251Hz	32	0.251	70.00	0.052
236.274	0.05	Adapter 251Hz	32	0.251	70.00	0.052
236.534	0.05	Adapter 251Hz	32	0.251	70.00	0.052
236.614	0.05	Adapter 251Hz	32	0.251	70.00	0.052
236.694	0.05	Adapter 251Hz	32	0.251	70.00	0.052
236.774	0.05	Adapter 251Hz	32	0.251	70.00	0.052
237.034	0.05	Adapter 251Hz	32	0.251	70.00	0.052
237.114	0.05	Adapter 251Hz	32	0.251	70.00	0.052
237.194	0.05	Adapter 251Hz	32	0.251	70.00	0.052
237.274	0.05	Adapter 251Hz	32	0.251	70.00	0.052
237.534	0.05	Adapter 251Hz	32	0.251	70.00	0.052
237.614	0.05	Adapter 251Hz	32	0.251	70.00	0.052
237.694	0.05	Adapter 251Hz	32	0.251	70.00	0.052
237.774	0.05	Adapter 251Hz	32	0.251	70.00	0.052
238.034	0.05	Adapter 251Hz	32	0.251	70.00	0.052
238.114	0.05	Adapter 251Hz	32	0.251	70.00	0.052
238.194	0.05	Adapter 251Hz	32	0.251	70.00	0.052
238.274	0.05	Adapter 251Hz	32	0.251	70.00	0.052
238.534	0.05	Adapter 251Hz	32	0.251	70.00	0.052
238.614	0.05	Adapter 251Hz	32	0.251	70.00	0.052
238.694	0.05	Adapter 251Hz	32	0.251	70.00	0.052
238.774	0.05	Adapter 251Hz	32	0.251	70.00	0.052
239.034	0.05	Adapter 251Hz	32	0.251	70.00	0.052
239.114	0.05	Adapter 251Hz	32	0.251	70.00	0.052
239.194	0.05	Adapter 251Hz	32	0.251	70.00	0.052
239.274	0.05	Adapter 251Hz	32	0.251	70.00	0.052
239.534	0.05	Adapter 251Hz	32	0.251	70.00	0.052
239.614	0.05	Adapter 251Hz	32	0.251	70.00	0.052
239.694	0.05	Adapter 251Hz	32	0.251	70.00	0.052
239.774	0.05	Adapter 251Hz	32	0.251	70.00	0.052
242.538	0.05	Adapter 1501Hz	33	1.501	70.00	0.186
242.618	0.05	Adapter 1501Hz	33	1.501	70.00	0.186
242.698	0.05	Adapter 1501Hz	33	1.501	70.00	0.186
242.778	0.05	Adapter 1501Hz	33	1.501	70.00	0.186
243.038	0.05	Adapter 1501Hz	33	1.501	70.00	0.186
243.118	0.05	Adapter 1501Hz	33	1.501	70.00	0.186
243.198	0.05	Adapter 1501Hz	33	1.501	70.00	0.186
243.278	0.05	Adapter 1501Hz	33	1.501	70.00	0.186
243.538	0.05	Adapter 1501Hz	33	1.501	70.00	0.186
243.618	0.05	Adapter 1501Hz	33	1.501	70.00	0.186
243.698	0.05	Adapter 1501Hz	33	1.501	70.00	0.186
243.778	0.05	Adapter 1501Hz	33	1.501	70.00	0.186
244.038	0.05	Adapter 1501Hz	33	1.501	70.00	0.186
244.118	0.05	Adapter 1501Hz	33	1.501	70.00	0.186
244.198	0.05	Adapter 1501Hz	33	1.501	70.00	0.186
244.278	0.05	Adapter 1501Hz	33	1.501	70.00	0.186
244.538	0.05	Adapter 1501Hz	33	1.501	70.00	0.186
244.618	0.05	Adapter 1501Hz	33	1.501	70.00	0.186
244.698	0.05	Adapter 1501Hz	33	1.501	70.00	0.186
244.778	0.05	Adapter 1501Hz	33	1.501	70.00	0.186
245.038	0.05	Adapter 1501Hz	33	1.501	70.00	0.186
245.118	0.05	Adapter 1501Hz	33	1.501	70.00	0.186
245.198	0.05	Adapter 1501Hz	33	1.501	70.00	0.186
245.278	0.05	Adapter 1501Hz	33	1.501	70.00	0.186
245.538	0.05	Adapter 1501Hz	33	1.501	70.00	0.186
245.618	0.05	Adapter 1501Hz	33	1.501	70.00	0.186
245.698	0.05	Adapter 1501Hz	33	1.501	70.00	0.186
245.778	0.05	Adapter 1501Hz	33	1.501	70.00	0.186
246.038	0.05	Adapter 1501Hz	33	1.501	70.00	0.186
246.118	0.05	Adapter 1501Hz	33	1.501	70.00	0.186
246.198	0.05	Adapter 1501Hz	33	1.501	70.00	0.186
246.278	0.05	Adapter 1501Hz	33	1.501	70.00	0.186
246.538	0.05	Adapter 1501Hz	33	1.501	70.00	0.186
246.618	0.05	Adapter 1501Hz	33	1.501	70.00	0.186
246.698	0.05	Adapter 1501Hz	33	1.501	70.00	0.186
246.778	0.05	Adapter 1501Hz	33	1.501	70.00	0.186
247.038	0.05	Adapter 1501Hz	33	1.501	70.00	0.186
247.118	0.05	Adapter 1501Hz	33	1.501	70.00	0.186
247.198	0.05	Adapter 1501Hz	33	1.501	70.00	0.186
247.278	0.05	Adapter 1501Hz	33	1.501	70.00	0.186
257.545	0.05	Adapter 3839Hz	35	3.839	70.00	0.437
257.625	0.05	Adapter 3839Hz	35	3.839	70.00	0.437
257.705	0.05	Adapter 3839Hz	35	3.839	70.00	0.437
257.785	0.05	Adapter 3839Hz	35	3.839	70.00	0.437
258.045	0.05	Adapter 3839Hz	35	3.839	70.00	0.437
258.125	0.05	Adapter 3839Hz	35	3.839	70.00	0.437
258.205	0.05	Adapter 3839Hz	35	3.839	70.00	0.437
258.285	0.05	Adapter 3839Hz	35	3.839	70.00	0.437
258.545	0.05	Adapter 3839Hz	35	3.839	70.00	0.437
258.625	0.05	Adapter 3839Hz	35	3.839	70.00	0.437
258.705	0.05	Adapter 3839Hz	35	3.839	70.00	0.437
258.785	0.05	Adapter 3839Hz	35	3.839	70.00	0.437
259.045	0.05	Adapter 3839Hz	35	3.839	70.00	0.437
259.125	0.05	Adapter 3839Hz	35	3.839	70.00	0.437
259.205	0.05	Adapter 3839Hz	35	3.839	70.00	0.437
259.285	0.05	Adapter 3839Hz	35	3.839	70.00	0.437
259.545	0.05	Adapter 3839Hz	35	3.839	70.00	0.437
259.625	0.05	Adapter 3839Hz	35	3.839	70.00	0.437
259.705	0.05	Adapter 3839Hz	35	3.839	70.00	0.437
259.785	0.05	Adapter 3839Hz	35	3.839	70.00	0.437
260.045	0.05	Adapter 3839Hz	35	3.839	70.00	0.437
260.125	0.05	Adapter 3839Hz	35	3.839	70.00	0.437
260.205	0.05	Adapter 3839Hz	35	3.839	70.00	0.437
260.285	0.05	Adapter 3839Hz	35	3.839	70.00	0.437
260.545	0.05	Adapter 3839Hz	35	3.839	70.00	0.437
260.625	0.05	Adapter 3839Hz	35	3.839	70.00	0.437
260.705	0.05	Adapter 3839Hz	35	3.839	70.00	0.437
260.785	0.05	Adapter 3839Hz	35	3.839	70.00	0.437
261.045	0.05	Adapter 3839Hz	35	3.839	70.00	0.437
261.125	0.05	Adapter 3839Hz	35	3.839	70.00	0.437
261.205	0.05	Adapter 3839Hz	35	3.839	70.00	0.437
261.285	0.05	Adapter 3839Hz	35	3.839	70.00	0.437
261.545	0.05	Adapter 3839Hz	35	3.839	70.00	0.437
261.625	0.05	Adapter 3839Hz	35	3.839	70.00	0.437
261.705	0.05	Adapter 3839Hz	35	3.839	70.00	0.437
261.785	0.05	Adapter 3839Hz	35	3.839	70.00	0.437
262.045	0.05	Adapter 3839Hz	35	3.839	70.00	0.437
262.125	0.05	Adapter 3839Hz	35	3.839	70.00	0.437
262.205	0.05	Adapter 3839Hz	35	3.839	70.00	0.437
262.285	0.05	Adapter 3839Hz	35	3.839	70.00	0.437
265.049	0.05	Adapter 507Hz	36	0.507	70.00	0.079
265.129	0.05	Adapter 507Hz	36	0.507	70.00	0.079
265.209	0.05	Adapter 507Hz	36	0.507	70.00	0.079
265.289	0.05	Adapter 507Hz	36	0.507	70.00	0.079
265.549	0.05	Adapter 507Hz	36	0.507	70.00	0.079
265.629	0.05	Adapter 507Hz	36	0.507	70.00	0.079
265.709	0.05	Adapter 507Hz	36	0.507	70.00	0.079
265.789	0.05	Adapter 507Hz	36	0.507	70.00	0.079
266.049	0.05	Adapter 507Hz	36	0.507	70.00	0.079
266.129	0.05	Adapter 507Hz	36	0.507	70.00	0.079
266.209	0.05	Adapter 507Hz	36	0.507	70.00	0.079
266.289	0.05	Adapter 507Hz	36	0.507	70.00	0.079
266.549	0.05	Adapter 507Hz	36	0.507	70.00	0.079
266.629	0.05	Adapter 507Hz	36	0.507	70.00	0.079
266.709	0.05	Adapter 507Hz	36	0.507	70.00	0.079
266.789	0.05	Adapter 507Hz	36	0.507	70.00	0.079
267.049	0.05	Adapter 507Hz	36	0.507	70.00	0.079
267.129	0.05	Adapter 507Hz	36	0.507	70.00	0.079
267.209	0.05	Adapter 507Hz	36	0.507	70.00	0.079
267.289	0.05	Adapter 507Hz	36	0.507	70.00	0.079
267.549	0.05	Adapter 507Hz	36	0.507	70.00	0.079
267.629	0.05	Adapter 507Hz	36	0.507	70.00	0.079
267.709	0.05	Adapter 507Hz	36	0.507	70.00	0.079
267.789	0.05	Adapter 507Hz	36	0.507	70.00	0.079
268.049	0.05	Adapter 507Hz	36	0.507	70.00	0.079
268.129	0.05	Adapter 507Hz	36	0.507	70.00	0.079
268.209	0.05	Adapter 507Hz	36	0.507	70.00	0.079
268.289	0.05	Adapter 507Hz	36	0.507	70.00	0.079
268.549	0.05	Adapter 507Hz	36	0.507	70.00	0.079
268.629	0.05	Adapter 507Hz	36	0.507	70.00	0.079
268.709	0.05	Adapter 507Hz	36	0.507	70.00	0.079
268.789	0.05	Adapter 507Hz	36	0.507	70.00	0.079
269.049	0.05	Adapter 507Hz	36	0.507	70.00	0.079
269.129	0.05	Adapter 507Hz	36	0.507	70.00	0.079
269.209	0.05	Adapter 507Hz	36	0.507	70.00	0.079
269.289	0.05	Adapter 507Hz	36	0.507	70.00	0.079
269.549	0.05	Adapter 507Hz	36	0.507	70.00	0.079
269.629	0.05	Adapter 507Hz	36	0.507	70.00	0.079
269.709	0.05	Adapter 507Hz	36	0.507	70.00	0.079
269.789	0.05	Adapter 507Hz	36	0.507	70.00	0.079
272.521	0.05	Adapter 507Hz Probe 3839Hz	37	0.507	70.00	0.079
272.601	0.05	Adapter 507Hz Probe 3839Hz	37	0.507	70.00	0.079
272.681	0.05	Adapter 507Hz Probe 3839Hz	37	0.507	70.00	0.079
272.761	0.05	Adapter 507Hz Probe 3839Hz	37	0.507	70.00	0.079
272.841	0.05	Adapter 507Hz Probe 3839Hz	37	3.839	70.00	0.437
273.021	0.05	Adapter 507Hz Probe 3839Hz	37	0.507	70.00	0.079
273.101	0.05	Adapter 507Hz Probe 3839Hz	37	0.507	70.00	0.079
273.181	0.05	Adapter 507Hz Probe 3839Hz	37	0.507	70.00	0.079
273.261	0.05	Adapter 507Hz Probe 3839Hz	37	0.507	70.00	0.079
273.341	0.05	Adapter 507Hz Probe 3839Hz	37	3.839	70.00	0.437
273.521	0.05	Adapter 507Hz Probe 3839Hz	37	0.507	70.00	0.079
273.601	0.05	Adapter 507Hz Probe 3839Hz	37	0.507	70.00	0.079
273.681	0.05	Adapter 507Hz Probe 3839Hz	37	0.507	70.00	0.079
273.761	0.05	Adapter 507Hz Probe 3839Hz	37	0.507	70.00	0.079
273.841	0.05	Adapter 507Hz Probe 3839Hz	37	3.839	70.00	0.437
274.021	0.05	Adapter 507Hz Probe 3839Hz	37	0.507	70.00	0.079
274.101	0.05	Adapter 507Hz Probe 3839Hz	37	0.507	70.00	0.079
274.181	0.05	Adapter 507Hz Probe 3839Hz	37	0.507	70.00	0.079
274.261	0.05	Adapter 507Hz Probe 3839Hz	37	0.507	70.00	0.079
274.341	0.05	Adapter 507Hz Probe 3839Hz	37	3.839	70.00	0.437
274.521	0.05	Adapter 507Hz Probe 3839Hz	37	0.507	70.00	0.079
274.601	0.05	Adapter 507Hz Probe 3839Hz	37	0.507	70.00	0.079
274.681	0.05	Adapter 507Hz Probe 3839Hz	37	0.507	70.00	0.079
274.761	0.05	Adapter 507Hz Probe 3839Hz	37	0.507	70.00	0.079
274.841	0.05	Adapter 507Hz Probe 3839Hz	37	3.839	70.00	0.437
275.021	0.05	Adapter 507Hz Probe 3839Hz	37	0.507	70.00	0.079
275.101	0.05	Adapter 507Hz Probe 3839Hz	37	0.507	70.00	0.079
275.181	0.05	Adapter 507Hz Probe 3839Hz	37	0.507	70.00	0.079
275.261	0.05	Adapter 507Hz Probe 3839Hz	37	0.507	70.00	0.079
275.341	0.05	Adapter 507Hz Probe 3839Hz	37	3.839	70.00	0.437
275.521	0.05	Adapter 507Hz Probe 3839Hz	37	0.507	70.00	0.079
275.601	0.05	Adapter 507Hz Probe 3839Hz	37	0.507	70.00	0.079
275.681	0.05	Adapter 507Hz Probe 3839Hz	37	0.507	70.00	0.079
275.761	0.05	Adapter 507Hz Probe 3839Hz	37	0.507	70.00	0.079
275.841	0.05	Adapter 507Hz Probe 3839Hz	37	3.839	70.00	0.437
276.021	0.05	Adapter 507Hz Probe 3839Hz	37	0.507	70.00	0.079
276.101	0.05	Adapter 507Hz Probe 3839Hz	37	0.507	70.00	0.079
276.181	0.05	Adapter 507Hz Probe 3839Hz	37	0.507	70.00	0.079
276.261	0.05	Adapter 507Hz Probe 3839Hz	37	0.507	70.00	0.079
276.341	0.05	Adapter 507Hz Probe 3839Hz	37	3.839	70.00	0.437
276.521	0.05	Adapter 507Hz Probe 3839Hz	37	0.507	70.00	0.079
276.601	0.05	Adapter 507Hz Probe 3839Hz	37	0.507	70.00	0.079
276.681	0.05	Adapter 507Hz Probe 3839Hz	37	0.507	70.00	0.079
276.761	0.05	Adapter 507Hz Probe 3839Hz	37	0.507	70.00	0.079
276.841	0.05	Adapter 507Hz Probe 3839Hz	37	3.839	70.00	0.437
277.021	0.05	Adapter 507Hz Probe 3839Hz	37	0.507	70.00	0.079
277.101	0.05	Adapter 507Hz Probe 3839Hz	37	0.507	70.00	0.079
277.181	0.05	Adapter 507Hz Probe 3839Hz	37	0.507	70.00	0.079
277.261	0.05	Adapter 507Hz Probe 3839Hz	37	0.507	70.00	0.079
277.341	0.05	Adapter 507Hz Probe 3839Hz	37	3.839	70.00	0.437
280.025	0.05	Adapter 251Hz	38	0.251	70.00	0.052
280.105	0.05	Adapter 251Hz	38	0.251	70.00	0.052
280.185	0.05	Adapter 251Hz	38	0.251	70.00	0.052
280.265	0.05	Adapter 251Hz	38	0.251	70.00	0.052
280.525	0.05	Adapter 251Hz	38	0.251	70.00	0.052
280.605	0.05	Adapter 251Hz	38	0.251	70.00	0.052
280.685	0.05	Adapter 251Hz	38	0.251	70.00	0.052
280.765	0.05	Adapter 251Hz	38	0.251	70.00	0.052
281.025	0.05	Adapter 251Hz	38	0.251	70.00	0.052
281.105	0.05	Adapter 251Hz	38	0.251	70.00	0.052
281.185	0.05	Adapter 251Hz	38	0.251	70.00	0.052
281.265	0.05	Adapter 251Hz	38	0.251	70.00	0.052
281.525	0.05	Adapter 251Hz	38	0.251	70.00	0.052
281.605	0.05	Adapter 251Hz	38	0.251	70.00	0.052
281.685	0.05	Adapter 251Hz	38	0.251	70.00	0.052
281.765	0.05	Adapter 251Hz	38	0.251	70.00	0.052
282.025	0.05	Adapter 251Hz	38	0.251	70.00	0.052
282.105	0.05	Adapter 251Hz	38	0.251	70.00	0.052
282.185	0.05	Adapter 251Hz	38	0.251	70.00	0.052
282.265	0.05	Adapter 251Hz	38	0.251	70.00	0.052
282.525	0.05	Adapter 251Hz	38	0.251	70.00	0.052
282.605	0.05	Adapter 251Hz	38	0.251	70.00	0.052
282.685	0.05	Adapter 251Hz	38	0.251	70.00	0.052
282.765	0.05	Adapter 251Hz	38	0.251	70.00	0.052
283.025	0.05	Adapter 251Hz	38	0.251	70.00	0.052
283.105	0.05	Adapter 251Hz	38	0.251	70.00	0.052
283.185	0.05	Adapter 251Hz	38	0.251	70.00	0.052
283.265	0.05	Adapter 251Hz	38	0.251	70.00	0.052
283.525	0.05	Adapter 251Hz	38	0.251	70.00	0.052
283.605	0.05	Adapter 251Hz	38	0.251	70.00	0.052
283.685	0.05	Adapter 251Hz	38	0.251	70.00	0.052
283.765	0.05	Adapter 251Hz	38	0.251	70.00	0.052
284.025	0.05	Adapter 251Hz	38	0.251	70.00	0.052
284.105	0.05	Adapter 251Hz	38	0.251	70.00	0.052
284.185	0.05	Adapter 251Hz	38	0.251	70.00	0.052
284.265	0.05	Adapter 251Hz	38	0.251	70.00	0.052
284.525	0.05	Adapter 251Hz	38	0.251	70.00	0.052
284.605	0.05	Adapter 251Hz	38	0.251	70.00	0.052
284.685	0.05	Adapter 251Hz	38	0.251	70.00	0.052
284.765	0.05	Adapter 251Hz	38	0.251	70.00	0.052
287.56	0.05	Adapter 899Hz	39	0.899	70.00	0.121
287.64	0.05	Adapter 899Hz	39	0.899	70.00	0.121
287.72	0.05	Adapter 899Hz	39	0.899	70.00	0.121
287.8	0.05	Adapter 899Hz	39	0.899	70.00	0.121
288.06	0.05	Adapter 899Hz	39	0.899	70.00	0.121
288.14	0.05	Adapter 899Hz	39	0.899	70.00	0.121
288.22	0.05	Adapter 899Hz	39	0.899	70.00	0.121
288.3	0.05	Adapter 899Hz	39	0.899	70.00	0.121
288.56	0.05	Adapter 899Hz	39	0.899	70.00	0.121
288.64	0.05	Adapter 899Hz	39	0.899	70.00	0.121
288.72	0.05	Adapter 899Hz	39	0.899	70.00	0.121
288.8	0.05	Adapter 899Hz	39	0.899	70.00	0.121
289.06	0.05	Adapter 899Hz	39	0.899	70.00	0.121
289.14	0.05	Adapter 899Hz	39	0.899	70.00	0.121
289.22	0.05	Adapter 899Hz	39	0.899	70.00	0.121
289.3	0.05	Adapter 899Hz	39	0.899	70.00	0.121
289.56	0.05	Adapter 899Hz	39	0.899	70.00	0.121
289.64	0.05	Adapter 899Hz	39	0.899	70.00	0.121
289.72	0.05	Adapter 899Hz	39	0.899	70.00	0.121
289.8	0.05	Adapter 899Hz	39	0.899	70.00	0.121
290.06	0.05	Adapter 899Hz	39	0.899	70.00	0.121
290.14	0.05	Adapter 899Hz	39	0.899	70.00	0.121
290.22	0.05	Adapter 899Hz	39	0.899	70.00	0.121
290.3	0.05	Adapter 899Hz	39	0.899	70.00	0.121
290.56	0.05	Adapter 899Hz	39	0.899	70.00	0.121
290.64	0.05	Adapter 899Hz	39	0.899	70.00	0.121
290.72	0.05	Adapter 899Hz	39	0.899	70.00	0.121
290.8	0.05	Adapter 899Hz	39	0.899	70.00	0.121
291.06	0.05	Adapter 899Hz	39	0.899	70.00	0.121
291.14	0.05	Adapter 899Hz	39	0.899	70.00	0.121
291.22	0.05	Adapter 899Hz	39	0.899	70.00	0.121
291.3	0.05	Adapter 899Hz	39	0.899	70.00	0.121
291.56	0.05	Adapter 899Hz	39	0.899	70.00	0.121
291.64	0.05	Adapter 899Hz	39	0.899	70.00	0.121
291.72	0.05	Adapter 899Hz	39	0.899	70.00	0.121
291.8	0.05	Adapter 899Hz	39	0.899	70.00	0.121
292.06	0.05	Adapter 899Hz	39	0.899	70.00	0.121
292.14	0.05	Adapter 899Hz	39	0.899	70.00	0.121
292.22	0.05	Adapter 899Hz	39	0.899	70.00	0.121
292.3	0.05	Adapter 899Hz	39	0.899	70.00	0.121
302.551	0.05	Adapter 2423Hz Probe 3839Hz	41	2.423	70.00	0.285
302.631	0.05	Adapter 2423Hz Probe 3839Hz	41	2.423	70.00	0.285
302.711	0.05	Adapter 2423Hz Probe 3839Hz	41	2.423	70.00	0.285
302.791	0.05	Adapter 2423Hz Probe 3839Hz	41	2.423	70.00	0.285
302.871	0.05	Adapter 2423Hz Probe 3839Hz	41	3.839	70.00	0.437
303.051	0.05	Adapter 2423Hz Probe 3839Hz	41	2.423	70.00	0.285
303.131	0.05	Adapter 2423Hz Probe 3839Hz	41	2.423	70.00	0.285
303.211	0.05	Adapter 2423Hz Probe 3839Hz	41	2.423	70.00	0.285
303.291	0.05	Adapter 2423Hz Probe 3839Hz	41	2.423	70.00	0.285
303.371	0.05	Adapter 2423Hz Probe 3839Hz	41	3.839	70.00	0.437
303.551	0.05	Adapter 2423Hz Probe 3839Hz	41	2.423	70.00	0.285
303.631	0.05	Adapter 2423Hz Probe 3839Hz	41	2.423	70.00	0.285
303.711	0.05	Adapter 2423Hz Probe 3839Hz	41	2.423	70.00	0.285
303.791	0.05	Adapter 2423Hz Probe 3839Hz	41	2.423	70.00	0.285
303.871	0.05	Adapter 2423Hz Probe 3839Hz	41	3.839	70.00	0.437
304.051	0.05	Adapter 2423Hz Probe 3839Hz	41	2.423	70.00	0.285
304.131	0.05	Adapter 2423Hz Probe 3839Hz	41	2.423	70.00	0.285
304.211	0.05	Adapter 2423Hz Probe 3839Hz	41	2.423	70.00	0.285
304.291	0.05	Adapter 2423Hz Probe 3839Hz	41	2.423	70.00	0.285
304.371	0.05	Adapter 2423Hz Probe 3839Hz	41	3.839	70.00	0.437
304.551	0.05	Adapter 2423Hz Probe 3839Hz	41	2.423	70.00	0.285
304.631	0.05	Adapter 2423Hz Probe 3839Hz	41	2.423	70.00	0.285
304.711	0.05	Adapter 2423Hz Probe 3839Hz	41	2.423	70.00	0.285
304.791	0.05	Adapter 2423Hz Probe 3839Hz	41	2.423	70.00	0.285
304.871	0.05	Adapter 2423Hz Probe 3839Hz	41	3.839	70.00	0.437
305.051	0.05	Adapter 2423Hz Probe 3839Hz	41	2.423	70.00	0.285
305.131	0.05	Adapter 2423Hz Probe 3839Hz	41	2.423	70.00	0.285
305.211	0.05	Adapter 2423Hz Probe 3839Hz	41	2.423	70.00	0.285
305.291	0.05	Adapter 2423Hz Probe 3839Hz	41	2.423	70.00	0.285
305.371	0.05	Adapter 2423Hz Probe 3839Hz	41	3.839	70.00	0.437
305.551	0.05	Adapter 2423Hz Probe 3839Hz	41	2.423	70.00	0.285
305.631	0.05	Adapter 2423Hz Probe 3839Hz	41	2.423	70.00	0.285
305.711	0.05	Adapter 2423Hz Probe 3839Hz	41	2.423	70.00	0.285
305.791	0.05	Adapter 2423Hz Probe 3839Hz	41	2.423	70.00	0.285
305.871	0.05	Adapter 2423Hz Probe 3839Hz	41	3.839	70.00	0.437
306.051	0.05	Adapter 2423Hz Probe 3839Hz	41	2.423	70.00	0.285
306.131	0.05	Adapter 2423Hz Probe 3839Hz	41	2.423	70.00	0.285
306.211	0.05	Adapter 2423Hz Probe 3839Hz	41	2.423	70.00	0.285
306.291	0.05	Adapter 2423Hz Probe 3839Hz	41	2.423	70.00	0.285
306.371	0.05	Adapter 2423Hz Probe 3839Hz	41	3.839	70.00	0.437
306.551	0.05	Adapter 2423Hz Probe 3839Hz	41	2.423	70.00	0.285
306.631	0.05	Adapter 2423Hz Probe 3839Hz	41	2.423	70.00	0.285
306.711	0.05	Adapter 2423Hz Probe 3839Hz	41	2.423	70.00	0.285
306.791	0.05	Adapter 2423Hz Probe 3839Hz	41	2.423	70.00	0.285
306.871	0.05	Adapter 2423Hz Probe 3839Hz	41	3.839	70.00	0.437
307.051	0.05	Adapter 2423Hz Probe 3839Hz	41	2.423	70.00	0.285
307.131	0.05	Adapter 2423Hz Probe 3839Hz	41	2.423	70.00	0.285
307.211	0.05	Adapter 2423Hz Probe 3839Hz	41	2.423	70.00	0.285
307.291	0.05	Adapter 2423Hz Probe 3839Hz	41	2.423	70.00	0.285
307.371	0.05	Adapter 2423Hz Probe 3839Hz	41	3.839	70.00	0.437
310.024	0.05	Adapter 2423Hz	42	2.423	70.00	0.285
310.104	0.05	Adapter 2423Hz	42	2.423	70.00	0.285
310.184	0.05	Adapter 2423Hz	42	2.423	70.00	0.285
310.264	0.05	Adapter 2423Hz	42	2.423	70.00	0.285
310.524	0.05	Adapter 2423Hz	42	2.423	70.00	0.285
310.604	0.05	Adapter 2423Hz	42	2.423	70.00	0.285
310.684	0.05	Adapter 2423Hz	42	2.423	70.00	0.285
310.764	0.05	Adapter 2423Hz	42	2.423	70.00	0.285
311.024	0.05	Adapter 2423Hz	42	2.423	70.00	0.285
311.104	0.05	Adapter 2423Hz	42	2.423	70.00	0.285
311.184	0.05	Adapter 2423Hz	42	2.423	70.00	0.285
311.264	0.05	Adapter 2423Hz	42	2.423	70.00	0.285
311.524	0.05	Adapter 2423Hz	42	2.423	70.00	0.285
311.604	0.05	Adapter 2423Hz	42	2.423	70.00	0.285
311.684	0.05	Adapter 2423Hz	42	2.423	70.00	0.285
311.764	0.05	Adapter 2423Hz	42	2.423	70.00	0.285
312.024	0.05	Adapter 2423Hz	42	2.423	70.00	0.285
312.104	0.05	Adapter 2423Hz	42	2.423	70.00	0.285
312.184	0.05	Adapter 2423Hz	42	2.423	70.00	0.285
312.264	0.05	Adapter 2423Hz	42	2.423	70.00	0.285
312.524	0.05	Adapter 2423Hz	42	2.423	70.00	0.285
312.604	0.05	Adapter 2423Hz	42	2.423	70.00	0.285
312.684	0.05	Adapter 2423Hz	42	2.423	70.00	0.285
312.764	0.05	Adapter 2423Hz	42	2.423	70.00	0.285
313.024	0.05	Adapter 2423Hz	42	2.423	70.00	0.285
313.104	0.05	Adapter 2423Hz	42	2.423	70.00	0.285
313.184	0.05	Adapter 2423Hz	42	2.423	70.00	0.285
313.264	0.05	Adapter 2423Hz	42	2.423	70.00	0.285
313.524	0.05	Adapter 2423Hz	42	2.423	70.00	0.285
313.604	0.05	Adapter 2423Hz	42	2.423	70.00	0.285
313.684	0.05	Adapter 2423Hz	42	2.423	70.00	0.285
313.764	0.05	Adapter 2423Hz	42	2.423	70.00	0.285
314.024	0.05	Adapter 2423Hz	42	2.423	70.00	0.285
314.104	0.05	Adapter 2423Hz	42	2.423	70.00	0.285
314.184	0.05	Adapter 2423Hz	42	2.423	70.00	0.285
314.264	0.05	Adapter 2423Hz	42	2.423	70.00	0.285
314.524	0.05	Adapter 2423Hz	42	2.423	70.00	0.285
314.604	0.05	Adapter 2423Hz	42	2.423	70.00	0.285
314.684	0.05	Adapter 2423Hz	42	2.423	70.00	0.285
314.764	0.05	Adapter 2423Hz	42	2.423	70.00	0.285
317.543	0.05	Adapter 1501Hz Probe 3839Hz	43	1.501	70.00	0.186
317.623	0.05	Adapter 1501Hz Probe 3839Hz	43	1.501	70.00	0.186
317.703	0.05	Adapter 1501Hz Probe 3839Hz	43	1.501	70.00	0.186
317.783	0.05	Adapter 1501Hz Probe 3839Hz	43	1.501	70.00	0.186
317.863	0.05	Adapter 1501Hz Probe 3839Hz	43	3.839	70.00	0.437
318.043	0.05	Adapter 1501Hz Probe 3839Hz	43	1.501	70.00	0.186
318.123	0.05	Adapter 1501Hz Probe 3839Hz	43	1.501	70.00	0.186
318.203	0.05	Adapter 1501Hz Probe 3839Hz	43	1.501	70.00	0.186
318.283	0.05	Adapter 1501Hz Probe 3839Hz	43	1.501	70.00	0.186
318.363	0.05	Adapter 1501Hz Probe 3839Hz	43	3.839	70.00	0.437
318.543	0.05	Adapter 1501Hz Probe 3839Hz	43	1.501	70.00	0.186
318.623	0.05	Adapter 1501Hz Probe 3839Hz	43	1.501	70.00	0.186
318.703	0.05	Adapter 1501Hz Probe 3839Hz	43	1.501	70.00	0.186
318.783	0.05	Adapter 1501Hz Probe 3839Hz	43	1.501	70.00	0.186
318.863	0.05	Adapter 1501Hz Probe 3839Hz	43	3.839	70.00	0.437
319.043	0.05	Adapter 1501Hz Probe 3839Hz	43	1.501	70.00	0.186
319.123	0.05	Adapter 1501Hz Probe 3839Hz	43	1.501	70.00	0.186
319.203	0.05	Adapter 1501Hz Probe 3839Hz	43	1.501	70.00	0.186
319.283	0.05	Adapter 1501Hz Probe 3839Hz	43	1.501	70.00	0.186
319.363	0.05	Adapter 1501Hz Probe 3839Hz	43	3.839	70.00	0.437
319.543	0.05	Adapter 1501Hz Probe 3839Hz	43	1.501	70.00	0.186
319.623	0.05	Adapter 1501Hz Probe 3839Hz	43	1.501	70.00	0.186
319.703	0.05	Adapter 1501Hz Probe 3839Hz	43	1.501	70.00	0.186
319.783	0.05	Adapter 1501Hz Probe 3839Hz	43	1.501	70.00	0.186
319.863	0.05	Adapter 1501Hz Probe 3839Hz	43	3.839	70.00	0.437
320.043	0.05	Adapter 1501Hz Probe 3839Hz	43	1.501	70.00	0.186
320.123	0.05	Adapter 1501Hz Probe 3839Hz	43	1.501	70.00	0.186
320.203	0.05	Adapter 1501Hz Probe 3839Hz	43	1.501	70.00	0.186
320.283	0.05	Adapter 1501Hz Probe 3839Hz	43	1.501	70.00	0.186
320.363	0.05	Adapter 1501Hz Probe 3839Hz	43	3.839	70.00	0.437
320.543	0.05	Adapter 1501Hz Probe 3839Hz	43	1.501	70.00	0.186
320.623	0.05	Adapter 1501Hz Probe 3839Hz	43	1.501	70.00	0.186
320.703	0.05	Adapter 1501Hz Probe 3839Hz	43	1.501	70.00	0.186
320.783	0.05	Adapter 1501Hz Probe 3839Hz	43	1.501	70.00	0.186
320.863	0.05	Adapter 1501Hz Probe 3839Hz	43	3.839	70.00	0.437
321.043	0.05	Adapter 1501Hz Probe 3839Hz	43	1.501	70.00	0.186
321.123	0.05	Adapter 1501Hz Probe 3839Hz	43	1.501	70.00	0.186
321.203	0.05	Adapter 1501Hz Probe 3839Hz	43	1.501	70.00	0.186
321.283	0.05	Adapter 1501Hz Probe 3839Hz	43	1.501	70.00	0.186
321.363	0.05	Adapter 1501Hz Probe 3839Hz	43	3.839	70.00	0.437
321.543	0.05	Adapter 1501Hz Probe 3839Hz	43	1.501	70.00	0.186
321.623	0.05	Adapter 1501Hz Probe 3839Hz	43	1.501	70.00	0.186
321.703	0.05	Adapter 1501Hz Probe 3839Hz	43	1.501	70.00	0.186
321.783	0.05	Adapter 1501Hz Probe 3839Hz	43	1.501	70.00	0.186
321.863	0.05	Adapter 1501Hz Probe 3839Hz	43	3.839	70.00	0.437
322.043	0.05	Adapter 1501Hz Probe 3839Hz	43	1.501	70.00	0.186
322.123	0.05	Adapter 1501Hz Probe 3839Hz	43	1.501	70.00	0.186
322.203	0.05	Adapter 1501Hz Probe 3839Hz	43	1.501	70.00	0.186
322.283	0.05	Adapter 1501Hz Probe 3839Hz	43	1.501	70.00	0.186
322.363	0.05	Adapter 1501Hz Probe 3839Hz	43	3.839	70.00	0.437
325.031	0.05	Adapter 899Hz Probe 3839Hz	44	0.899	70.00	0.121
325.111	0.05	Adapter 899Hz Probe 3839Hz	44	0.899	70.00	0.121
325.191	0.05	Adapter 899Hz Probe 3839Hz	44	0.899	70.00	0.121
325.271	0.05	Adapter 899Hz Probe 3839Hz	44	0.899	70.00	0.121
325.351	0.05	Adapter 899Hz Probe 3839Hz	44	3.839	70.00	0.437
325.531	0.05	Adapter 899Hz Probe 3839Hz	44	0.899	70.00	0.121
325.611	0.05	Adapter 899Hz Probe 3839Hz	44	0.899	70.00	0.121
325.691	0.05	Adapter 899Hz Probe 3839Hz	44	0.899	70.00	0.121
325.771	0.05	Adapter 899Hz Probe 3839Hz	44	0.899	70.00	0.121
325.851	0.05	Adapter 899Hz Probe 3839Hz	44	3.839	70.00	0.437
326.031	0.05	Adapter 899Hz Probe 3839Hz	44	0.899	70.00	0.121
326.111	0.05	Adapter 899Hz Probe 3839Hz	44	0.899	70.00	0.121
326.191	0.05	Adapter 899Hz Probe 3839Hz	44	0.899	70.00	0.121
326.271	0.05	Adapter 899Hz Probe 3839Hz	44	0.899	70.00	0.121
326.351	0.05	Adapter 899Hz Probe 3839Hz	44	3.839	70.00	0.437
326.531	0.05	Adapter 899Hz Probe 3839Hz	44	0.899	70.00	0.121
326.611	0.05	Adapter 899Hz Probe 3839Hz	44	0.899	70.00	0.121
326.691	0.05	Adapter 899Hz Probe 3839Hz	44	0.899	70.00	0.121
326.771	0.05	Adapter 899Hz Probe 3839Hz	44	0.899	70.00	0.121
326.851	0.05	Adapter 899Hz Probe 3839Hz	44	3.839	70.00	0.437
327.031	0.05	Adapter 899Hz Probe 3839Hz	44	0.899	70.00	0.121
327.111	0.05	Adapter 899Hz Probe 3839Hz	44	0.899	70.00	0.121
327.191	0.05	Adapter 899Hz Probe 3839Hz	44	0.899	70.00	0.121
327.271	0.05	Adapter 899Hz Probe 3839Hz	44	0.899	70.00	0.121
327.351	0.05	Adapter 899Hz Probe 3839Hz	44	3.839	70.00	0.437
327.531	0.05	Adapter 899Hz Probe 3839Hz	44	0.899	70.00	0.121
327.611	0.05	Adapter 899Hz Probe 3839Hz	44	0.899	70.00	0.121
327.691	0.05	Adapter 899Hz Probe 3839Hz	44	0.899	70.00	0.121
327.771	0.05	Adapter 899Hz Probe 3839Hz	44	0.899	70.00	0.121
327.851	0.05	Adapter 899Hz Probe 3839Hz	44	3.839	70.00	0.437
328.031	0.05	Adapter 899Hz Probe 3839Hz	44	0.899	70.00	0.121
328.111	0.05	Adapter 899Hz Probe 3839Hz	44	0.899	70.00	0.121
328.191	0.05	Adapter 899Hz Probe 3839Hz	44	0.899	70.00	0.121
328.271	0.05	Adapter 899Hz Probe 3839Hz	44	0.899	70.00	0.121
328.351	0.05	Adapter 899Hz Probe 3839Hz	44	3.839	70.00	0.437
328.531	0.05	Adapter 899Hz Probe 3839Hz	44	0.899	70.00	0.121
328.611	0.05	Adapter 899Hz Probe 3839Hz	44	0.899	70.00	0.121
328.691	0.05	Adapter 899Hz Probe 3839Hz	44	0.899	70.00	0.121
328.771	0.05	Adapter 899Hz Probe 3839Hz	44	0.899	70.00	0.121
328.851	0.05	Adapter 899Hz Probe 3839Hz	44	3.839	70.00	0.437
329.031	0.05	Adapter 899Hz Probe 3839Hz	44	0.899	70.00	0.121
329.111	0.05	Adapter 899Hz Probe 3839Hz	44	0.899	70.00	0.121
329.191	0.05	Adapter 899Hz Probe 3839Hz	44	0.899	70.00	0.121
329.271	0.05	Adapter 899Hz Probe 3839Hz	44	0.899	70.00	0.121
329.351	0.05	Adapter 899Hz Probe 3839Hz	44	3.839	70.00	0.437
329.531	0.05	Adapter 899Hz Probe 3839Hz	44	0.899	70.00	0.121
329.611	0.05	Adapter 899Hz Probe 3839Hz	44	0.899	70.00	0.121
329.691	0.05	Adapter 899Hz Probe 3839Hz	44	0.899	70.00	0.121
329.771	0.05	Adapter 899Hz Probe 3839Hz	44	0.899	70.00	0.121
329.851	0.05	Adapter 899Hz Probe 3839Hz	44	3.839	70.00	0.437
332.823	0.05	Probe 3839Hz	45	3.839	70.00	0.437
333.323	0.05	Probe 3839Hz	45	3.839	70.00	0.437
333.823	0.05	Probe 3839Hz	45	3.839	70.00	0.437
334.323	0.05	Probe 3839Hz	45	3.839	70.00	0.437
334.823	0.05	Probe 3839Hz	45	3.839	70.00	0.437
335.323	0.05	Probe 3839Hz	45	3.839	70.00	0.437
335.823	0.05	Probe 3839Hz	45	3.839	70.00	0.437
336.323	0.05	Probe 3839Hz	45	3.839	70.00	0.437
336.823	0.05	Probe 3839Hz	45	3.839	70.00	0.437
337.323	0.05	Probe 3839Hz	45	3.839	70.00	0.437
340.023	0.05	Adapter 6009Hz	46	6.009	70.00	0.671
340.103	0.05	Adapter 6009Hz	46	6.009	70.00	0.671
340.183	0.05	Adapter 6009Hz	46	6.009	70.00	0.671
340.263	0.05	Adapter 6009Hz	46	6.009	70.00	0.671
340.523	0.05	Adapter 6009Hz	46	6.009	70.00	0.671
340.603	0.05	Adapter 6009Hz	46	6.009	70.00	0.671
340.683	0.05	Adapter 6009Hz	46	6.009	70.00	0.671
340.763	0.05	Adapter 6009Hz	46	6.009	70.00	0.671
341.023	0.05	Adapter 6009Hz	46	6.009	70.00	0.671
341.103	0.05	Adapter 6009Hz	46	6.009	70.00	0.671
341.183	0.05	Adapter 6009Hz	46	6.009	70.00	0.671
341.263	0.05	Adapter 6009Hz	46	6.009	70.00	0.671
341.523	0.05	Adapter 6009Hz	46	6.009	70.00	0.671
341.603	0.05	Adapter 6009Hz	46	6.009	70.00	0.671
341.683	0.05	Adapter 6009Hz	46	6.009	70.00	0.671
341.763	0.05	Adapter 6009Hz	46	6.009	70.00	0.671
342.023	0.05	Adapter 6009Hz	46	6.009	70.00	0.671
342.103	0.05	Adapter 6009Hz	46	6.009	70.00	0.671
342.183	0.05	Adapter 6009Hz	46	6.009	70.00	0.671
342.263	0.05	Adapter 6009Hz	46	6.009	70.00	0.671
342.523	0.05	Adapter 6009Hz	46	6.009	70.00	0.671
342.603	0.05	Adapter 6009Hz	46	6.009	70.00	0.671
342.683	0.05	Adapter 6009Hz	46	6.009	70.00	0.671
342.763	0.05	Adapter 6009Hz	46	6.009	70.00	0.671
343.023	0.05	Adapter 6009Hz	46	6.009	70.00	0.671
343.103	0.05	Adapter 6009Hz	46	6.009	70.00	0.671
343.183	0.05	Adapter 6009Hz	46	6.009	70.00	0.671
343.263	0.05	Adapter 6009Hz	46	6.009	70.00	0.671
343.523	0.05	Adapter 6009Hz	46	6.009	70.00	0.671
343.603	0.05	Adapter 6009Hz	46	6.009	70.00	0.671
343.683	0.05	Adapter 6009Hz	46	6.009	70.00	0.671
343.763	0.05	Adapter 6009Hz	46	6.009	70.00	0.671
344.023	0.05	Adapter 6009Hz	46	6.009	70.00	0.671
344.103	0.05	Adapter 6009Hz	46	6.009	70.00	0.671
344.183	0.05	Adapter 6009Hz	46	6.009	70.00	0.671
344.263	0.05	Adapter 6009Hz	46	6.009	70.00	0.671
344.523	0.05	Adapter 6009Hz	46	6.009	70.00	0.671
344.603	0.05	Adapter 6009Hz	46	6.009	70.00	0.671
344.683	0.05	Adapter 6009Hz	46	6.009	70.00	0.671
344.763	0.05	Adapter 6009Hz	46	6.009	70.00	0.671
347.542	0.05	Adapter 3839Hz Probe 3839Hz	47	3.839	70.00	0.437
347.622	0.05	Adapter 3839Hz Probe 3839Hz	47	3.839	70.00	0.437
347.702	0.05	Adapter 3839Hz Probe 3839Hz	47	3.839	70.00	0.437
347.782	0.05	Adapter 3839Hz Probe 3839Hz	47	3.839	70.00	0.437
347.862	0.05	Adapter 3839Hz Probe 3839Hz	47	3.839	70.00	0.437
348.042	0.05	Adapter 3839Hz Probe 3839Hz	47	3.839	70.00	0.437
348.122	0.05	Adapter 3839Hz Probe 3839Hz	47	3.839	70.00	0.437
348.202	0.05	Adapter 3839Hz Probe 3839Hz	47	3.839	70.00	0.437
348.282	0.05	Adapter 3839Hz Probe 3839Hz	47	3.839	70.00	0.437
348.362	0.05	Adapter 3839Hz Probe 3839Hz	47	3.839	70.00	0.437
348.542	0.05	Adapter 3839Hz Probe 3839Hz	47	3.839	70.00	0.437
348.622	0.05	Adapter 3839Hz Probe 3839Hz	47	3.839	70.00	0.437
348.702	0.05	Adapter 3839Hz Probe 3839Hz	47	3.839	70.00	0.437
348.782	0.05	Adapter 3839Hz Probe 3839Hz	47	3.839	70.00	0.437
348.862	0.05	Adapter 3839Hz Probe 3839Hz	47	3.839	70.00	0.437
349.042	0.05	Adapter 3839Hz Probe 3839Hz	47	3.839	70.00	0.437
349.122	0.05	Adapter 3839Hz Probe 3839Hz	47	3.839	70.00	0.437
349.202	0.05	Adapter 3839Hz Probe 3839Hz	47	3.839	70.00	0.437
349.282	0.05	Adapter 3839Hz Probe 3839Hz	47	3.839	70.00	0.437
349.362	0.05	Adapter 3839Hz Probe 3839Hz	47	3.839	70.00	0.437
349.542	0.05	Adapter 3839Hz Probe 3839Hz	47	3.839	70.00	0.437
349.622	0.05	Adapter 3839Hz Probe 3839Hz	47	3.839	70.00	0.437
349.702	0.05	Adapter 3839Hz Probe 3839Hz	47	3.839	70.00	0.437
349.782	0.05	Adapter 3839Hz Probe 3839Hz	47	3.839	70.00	0.437
349.862	0.05	Adapter 3839Hz Probe 3839Hz	47	3.839	70.00	0.437
350.042	0.05	Adapter 3839Hz Probe 3839Hz	47	3.839	70.00	0.437
350.122	0.05	Adapter 3839Hz Probe 3839Hz	47	3.839	70.00	0.437
350.202	0.05	Adapter 3839Hz Probe 3839Hz	47	3.839	70.00	0.437
350.282	0.05	Adapter 3839Hz Probe 3839Hz	47	3.839	70.00	0.437
350.362	0.05	Adapter 3839Hz Probe 3839Hz	47	3.839	70.00	0.437
350.542	0.05	Adapter 3839Hz Probe 3839Hz	47	3.839	70.00	0.437
350.622	0.05	Adapter 3839Hz Probe 3839Hz	47	3.839	70.00	0.437
350.702	0.05	Adapter 3839Hz Probe 3839Hz	47	3.839	70.00	0.437
350.782	0.05	Adapter 3839Hz Probe 3839Hz	47	3.839	70.00	0.437
350.862	0.05	Adapter 3839Hz Probe 3839Hz	47	3.839	70.00	0.437
351.042	0.05	Adapter 3839Hz Probe 3839Hz	47	3.839	70.00	0.437
351.122	0.05	Adapter 3839Hz Probe 3839Hz	47	3.839	70.00	0.437
351.202	0.05	Adapter 3839Hz Probe 3839Hz	47	3.839	70.00	0.437
351.282	0.05	Adapter 3839Hz Probe 3839Hz	47	3.839	70.00	0.437
351.362	0.05	Adapter 3839Hz Probe 3839Hz	47	3.839	70.00	0.437
351.542	0.05	Adapter 3839Hz Probe 3839Hz	47	3.839	70.00	0.437
351.622	0.05	Adapter 3839Hz Probe 3839Hz	47	3.839	70.00	0.437
351.702	0.05	Adapter 3839Hz Probe 3839Hz	47	3.839	70.00	0.437
351.782	0.05	Adapter 3839Hz Probe 3839Hz	47	3.839	70.00	0.437
351.862	0.05	Adapter 3839Hz Probe 3839Hz	47	3.839	70.00	0.437
352.042	0.05	Adapter 3839Hz Probe 3839Hz	47	3.839	70.00	0.437
352.122	0.05	Adapter 3839Hz Probe 3839Hz	47	3.839	70.00	0.437
352.202	0.05	Adapter 3839Hz Probe 3839Hz	47	3.839	70.00	0.437
352.282	0.05	Adapter 3839Hz Probe 3839Hz	47	3.839	70.00	0.437
352.362	0.05	Adapter 3839Hz Probe 3839Hz	47	3.839	70.00	0.437
362.565	0.05	Adapter 2423Hz	49	2.423	70.00	0.285
362.645	0.05	Adapter 2423Hz	49	2.423	70.00	0.285
362.725	0.05	Adapter 2423Hz	49	2.423	70.00	0.285
362.805	0.05	Adapter 2423Hz	49	2.423	70.00	0.285
363.065	0.05	Adapter 2423Hz	49	2.423	70.00	0.285
363.145	0.05	Adapter 2423Hz	49	2.423	70.00	0.285
363.225	0.05	Adapter 2423Hz	49	2.423	70.00	0.285
363.305	0.05	Adapter 2423Hz	49	2.423	70.00	0.285
363.565	0.05	Adapter 2423Hz	49	2.423	70.00	0.285
363.645	0.05	Adapter 2423Hz	49	2.423	70.00	0.285
363.725	0.05	Adapter 2423Hz	49	2.423	70.00	0.285
363.805	0.05	Adapter 2423Hz	49	2.423	70.00	0.285
364.065	0.05	Adapter 2423Hz	49	2.423	70.00	0.285
364.145	0.05	Adapter 2423Hz	49	2.423	70.00	0.285
364.225	0.05	Adapter 2423Hz	49	2.423	70.00	0.285
364.305	0.05	Adapter 2423Hz	49	2.423	70.00	0.285
364.565	0.05	Adapter 2423Hz	49	2.423	70.00	0.285
364.645	0.05	Adapter 2423Hz	49	2.423	70.00	0.285
364.725	0.05	Adapter 2423Hz	49	2.423	70.00	0.285
364.805	0.05	Adapter 2423Hz	49	2.423	70.00	0.285
365.065	0.05	Adapter 2423Hz	49	2.423	70.00	0.285
365.145	0.05	Adapter 2423Hz	49	2.423	70.00	0.285
365.225	0.05	Adapter 2423Hz	49	2.423	70.00	0.285
365.305	0.05	Adapter 2423Hz	49	2.423	70.00	0.285
365.565	0.05	Adapter 2423Hz	49	2.423	70.00	0.285
365.645	0.05	Adapter 2423Hz	49	2.423	70.00	0.285
365.725	0.05	Adapter 2423Hz	49	2.423	70.00	0.285
365.805	0.05	Adapter 2423Hz	49	2.423	70.00	0.285
366.065	0.05	Adapter 2423Hz	49	2.423	70.00	0.285
366.145	0.05	Adapter 2423Hz	49	2.423	70.00	0.285
366.225	0.05	Adapter 2423Hz	49	2.423	70.00	0.285
366.305	0.05	Adapter 2423Hz	49	2.423	70.00	0.285
366.565	0.05	Adapter 2423Hz	49	2.423	70.00	0.285
366.645	0.05	Adapter 2423Hz	49	2.423	70.00	0.285
366.725	0.05	Adapter 2423Hz	49	2.423	70.00	0.285
366.805	0.05	Adapter 2423Hz	49	2.423	70.00	0.285
367.065	0.05	Adapter 2423Hz	49	2.423	70.00	0.285
367.145	0.05	Adapter 2423Hz	49	2.423	70.00	0.285
367.225	0.05	Adapter 2423Hz	49	2.423	70.00	0.285
367.305	0.05	Adapter 2423Hz	49	2.423	70.00	0.285
370.021	0.05	Adapter 6009Hz	50	6.009	70.00	0.671
370.101	0.05	Adapter 6009Hz	50	6.009	70.00	0.671
370.181	0.05	Adapter 6009Hz	50	6.009	70.00	0.671
370.261	0.05	Adapter 6009Hz	50	6.009	70.00	0.671
370.521	0.05	Adapter 6009Hz	50	6.009	70.00	0.671
370.601	0.05	Adapter 6009Hz	50	6.009	70.00	0.671
370.681	0.05	Adapter 6009Hz	50	6.009	70.00	0.671
370.761	0.05	Adapter 6009Hz	50	6.009	70.00	0.671
371.021	0.05	Adapter 6009Hz	50	6.009	70.00	0.671
371.101	0.05	Adapter 6009Hz	50	6.009	70.00	0.671
371.181	0.05	Adapter 6009Hz	50	6.009	70.00	0.671
371.261	0.05	Adapter 6009Hz	50	6.009	70.00	0.671
371.521	0.05	Adapter 6009Hz	50	6.009	70.00	0.671
371.601	0.05	Adapter 6009Hz	50	6.009	70.00	0.671
371.681	0.05	Adapter 6009Hz	50	6.009	70.00	0.671
371.761	0.05	Adapter 6009Hz	50	6.009	70.00	0.671
372.021	0.05	Adapter 6009Hz	50	6.009	70.00	0.671
372.101	0.05	Adapter 6009Hz	50	6.009	70.00	0.671
372.181	0.05	Adapter 6009Hz	50	6.009	70.00	0.671
372.261	0.05	Adapter 6009Hz	50	6.009	70.00	0.671
372.521	0.05	Adapter 6009Hz	50	6.009	70.00	0.671
372.601	0.05	Adapter 6009Hz	50	6.009	70.00	0.671
372.681	0.05	Adapter 6009Hz	50	6.009	70.00	0.671
372.761	0.05	Adapter 6009Hz	50	6.009	70.00	0.671
373.021	0.05	Adapter 6009Hz	50	6.009	70.00	0.671
373.101	0.05	Adapter 6009Hz	50	6.009	70.00	0.671
373.181	0.05	Adapter 6009Hz	50	6.009	70.00	0.671
373.261	0.05	Adapter 6009Hz	50	6.009	70.00	0.671
373.521	0.05	Adapter 6009Hz	50	6.009	70.00	0.671
373.601	0.05	Adapter 6009Hz	50	6.009	70.00	0.671
373.681	0.05	Adapter 6009Hz	50	6.009	70.00	0.671
373.761	0.05	Adapter 6009Hz	50	6.009	70.00	0.671
374.021	0.05	Adapter 6009Hz	50	6.009	70.00	0.671
374.101	0.05	Adapter 6009Hz	50	6.009	70.00	0.671
374.181	0.05	Adapter 6009Hz	50	6.009	70.00	0.671
374.261	0.05	Adapter 6009Hz	50	6.009	70.00	0.671
374.521	0.05	Adapter 6009Hz	50	6.009	70.00	0.671
374.601	0.05	Adapter 6009Hz	50	6.009	70.00	0.671
374.681	0.05	Adapter 6009Hz	50	6.009	70.00	0.671
374.761	0.05	Adapter 6009Hz	50	6.009	70.00	0.671
377.541	0.05	Adapter 2423Hz Probe 3839Hz	51	2.423	70.00	0.285
377.621	0.05	Adapter 2423Hz Probe 3839Hz	51	2.423	70.00	0.285
377.701	0.05	Adapter 2423Hz Probe 3839Hz	51	2.423	70.00	0.285
377.781	0.05	Adapter 2423Hz Probe 3839Hz	51	2.423	70.00	0.285
377.861	0.05	Adapter 2423Hz Probe 3839Hz	51	3.839	70.00	0.437
378.041	0.05	Adapter 2423Hz Probe 3839Hz	51	2.423	70.00	0.285
378.121	0.05	Adapter 2423Hz Probe 3839Hz	51	2.423	70.00	0.285
378.201	0.05	Adapter 2423Hz Probe 3839Hz	51	2.423	70.00	0.285
378.281	0.05	Adapter 2423Hz Probe 3839Hz	51	2.423	70.00	0.285
378.361	0.05	Adapter 2423Hz Probe 3839Hz	51	3.839	70.00	0.437
378.541	0.05	Adapter 2423Hz Probe 3839Hz	51	2.423	70.00	0.285
378.621	0.05	Adapter 2423Hz Probe 3839Hz	51	2.423	70.00	0.285
378.701	0.05	Adapter 2423Hz Probe 3839Hz	51	2.423	70.00	0.285
378.781	0.05	Adapter 2423Hz Probe 3839Hz	51	2.423	70.00	0.285
378.861	0.05	Adapter 2423Hz Probe 3839Hz	51	3.839	70.00	0.437
379.041	0.05	Adapter 2423Hz Probe 3839Hz	51	2.423	70.00	0.285
379.121	0.05	Adapter 2423Hz Probe 3839Hz	51	2.423	70.00	0.285
379.201	0.05	Adapter 2423Hz Probe 3839Hz	51	2.423	70.00	0.285
379.281	0.05	Adapter 2423Hz Probe 3839Hz	51	2.423	70.00	0.285
379.361	0.05	Adapter 2423Hz Probe 3839Hz	51	3.839	70.00	0.437
379.541	0.05	Adapter 2423Hz Probe 3839Hz	51	2.423	70.00	0.285
379.621	0.05	Adapter 2423Hz Probe 3839Hz	51	2.423	70.00	0.285
379.701	0.05	Adapter 2423Hz Probe 3839Hz	51	2.423	70.00	0.285
379.781	0.05	Adapter 2423Hz Probe 3839Hz	51	2.423	70.00	0.285
379.861	0.05	Adapter 2423Hz Probe 3839Hz	51	3.839	70.00	0.437
380.041	0.05	Adapter 2423Hz Probe 3839Hz	51	2.423	70.00	0.285
380.121	0.05	Adapter 2423Hz Probe 3839Hz	51	2.423	70.00	0.285
380.201	0.05	Adapter 2423Hz Probe 3839Hz	51	2.423	70.00	0.285
380.281	0.05	Adapter 2423Hz Probe 3839Hz	51	2.423	70.00	0.285
380.361	0.05	Adapter 2423Hz Probe 3839Hz	51	3.839	70.00	0.437
380.541	0.05	Adapter 2423Hz Probe 3839Hz	51	2.423	70.00	0.285
380.621	0.05	Adapter 2423Hz Probe 3839Hz	51	2.423	70.00	0.285
380.701	0.05	Adapter 2423Hz Probe 3839Hz	51	2.423	70.00	0.285
380.781	0.05	Adapter 2423Hz Probe 3839Hz	51	2.423	70.00	0.285
380.861	0.05	Adapter 2423Hz Probe 3839Hz	51	3.839	70.00	0.437
381.041	0.05	Adapter 2423Hz Probe 3839Hz	51	2.423	70.00	0.285
381.121	0.05	Adapter 2423Hz Probe 3839Hz	51	2.423	70.00	0.285
381.201	0.05	Adapter 2423Hz Probe 3839Hz	51	2.423	70.00	0.285
381.281	0.05	Adapter 2423Hz Probe 3839Hz	51	2.423	70.00	0.285
381.361	0.05	Adapter 2423Hz Probe 3839Hz	51	3.839	70.00	0.437
381.541	0.05	Adapter 2423Hz Probe 3839Hz	51	2.423	70.00	0.285
381.621	0.05	Adapter 2423Hz Probe 3839Hz	51	2.423	70.00	0.285
381.701	0.05	Adapter 2423Hz Probe 3839Hz	51	2.423	70.00	0.285
381.781	0.05	Adapter 2423Hz Probe 3839Hz	51	2.423	70.00	0.285
381.861	0.05	Adapter 2423Hz Probe 3839Hz	51	3.839	70.00	0.437
382.041	0.05	Adapter 2423Hz Probe 3839Hz	51	2.423	70.00	0.285
382.121	0.05	Adapter 2423Hz Probe 3839Hz	51	2.423	70.00	0.285
382.201	0.05	Adapter 2423Hz Probe 3839Hz	51	2.423	70.00	0.285
382.281	0.05	Adapter 2423Hz Probe 3839Hz	51	2.423	70.00	0.285
382.361	0.05	Adapter 2423Hz Probe 3839Hz	51	3.839	70.00	0.437
385.029	0.05	Adapter 1501Hz	52	1.501	70.00	0.186
385.109	0.05	Adapter 1501Hz	52	1.501	70.00	0.186
385.189	0.05	Adapter 1501Hz	52	1.501	70.00	0.186
385.269	0.05	Adapter 1501Hz	52	1.501	70.00	0.186
385.529	0.05	Adapter 1501Hz	52	1.501	70.00	0.186
385.609	0.05	Adapter 1501Hz	52	1.501	70.00	0.186
385.689	0.05	Adapter 1501Hz	52	1.501	70.00	0.186
385.769	0.05	Adapter 1501Hz	52	1.501	70.00	0.186
386.029	0.05	Adapter 1501Hz	52	1.501	70.00	0.186
386.109	0.05	Adapter 1501Hz	52	1.501	70.00	0.186
386.189	0.05	Adapter 1501Hz	52	1.501	70.00	0.186
386.269	0.05	Adapter 1501Hz	52	1.501	70.00	0.186
386.529	0.05	Adapter 1501Hz	52	1.501	70.00	0.186
386.609	0.05	Adapter 1501Hz	52	1.501	70.00	0.186
386.689	0.05	Adapter 1501Hz	52	1.501	70.00	0.186
386.769	0.05	Adapter 1501Hz	52	1.501	70.00	0.186
387.029	0.05	Adapter 1501Hz	52	1.501	70.00	0.186
387.109	0.05	Adapter 1501Hz	52	1.501	70.00	0.186
387.189	0.05	Adapter 1501Hz	52	1.501	70.00	0.186
387.269	0.05	Adapter 1501Hz	52	1.501	70.00	0.186
387.529	0.05	Adapter 1501Hz	52	1.501	70.00	0.186
387.609	0.05	Adapter 1501Hz	52	1.501	70.00	0.186
387.689	0.05	Adapter 1501Hz	52	1.501	70.00	0.186
387.769	0.05	Adapter 1501Hz	52	1.501	70.00	0.186
388.029	0.05	Adapter 1501Hz	52	1.501	70.00	0.186
388.109	0.05	Adapter 1501Hz	52	1.501	70.00	0.186
388.189	0.05	Adapter 1501Hz	52	1.501	70.00	0.186
388.269	0.05	Adapter 1501Hz	52	1.501	70.00	0.186
388.529	0.05	Adapter 1501Hz	52	1.501	70.00	0.186
388.609	0.05	Adapter 1501Hz	52	1.501	70.00	0.186
388.689	0.05	Adapter 1501Hz	52	1.501	70.00	0.186
388.769	0.05	Adapter 1501Hz	52	1.501	70.00	0.186
389.029	0.05	Adapter 1501Hz	52	1.501	70.00	0.186
389.109	0.05	Adapter 1501Hz	52	1.501	70.00	0.186
389.189	0.05	Adapter 1501Hz	52	1.501	70.00	0.186
389.269	0.05	Adapter 1501Hz	52	1.501	70.00	0.186
389.529	0.05	Adapter 1501Hz	52	1.501	70.00	0.186
389.609	0.05	Adapter 1501Hz	52	1.501	70.00	0.186
389.689	0.05	Adapter 1501Hz	52	1.501	70.00	0.186
389.769	0.05	Adapter 1501Hz	52	1.501	70.00	0.186
392.517	0.05	Adapter 507Hz	53	0.507	70.00	0.079
392.597	0.05	Adapter 507Hz	53	0.507	70.00	0.079
392.677	0.05	Adapter 507Hz	53	0.507	70.00	0.079
392.757	0.05	Adapter 507Hz	53	0.507	70.00	0.079
393.017	0.05	Adapter 507Hz	53	0.507	70.00	0.079
393.097	0.05	Adapter 507Hz	53	0.507	70.00	0.079
393.177	0.05	Adapter 507Hz	53	0.507	70.00	0.079
393.257	0.05	Adapter 507Hz	53	0.507	70.00	0.079
393.517	0.05	Adapter 507Hz	53	0.507	70.00	0.079
393.597	0.05	Adapter 507Hz	53	0.507	70.00	0.079
393.677	0.05	Adapter 507Hz	53	0.507	70.00	0.079
393.757	0.05	Adapter 507Hz	53	0.507	70.00	0.079
394.017	0.05	Adapter 507Hz	53	0.507	70.00	0.079
394.097	0.05	Adapter 507Hz	53	0.507	70.00	0.079
394.177	0.05	Adapter 507Hz	53	0.507	70.00	0.079
394.257	0.05	Adapter 507Hz	53	0.507	70.00	0.079
394.517	0.05	Adapter 507Hz	53	0.507	70.00	0.079
394.597	0.05	Adapter 507Hz	53	0.507	70.00	0.079
394.677	0.05	Adapter 507Hz	53	0.507	70.00	0.079
394.757	0.05	Adapter 507Hz	53	0.507	70.00	0.079
395.017	0.05	Adapter 507Hz	53	0.507	70.00	0.079
395.097	0.05	Adapter 507Hz	53	0.507	70.00	0.079
395.177	0.05	Adapter 507Hz	53	0.507	70.00	0.079
395.257	0.05	Adapter 507Hz	53	0.507	70.00	0.079
395.517	0.05	Adapter 507Hz	53	0.507	70.00	0.079
395.597	0.05	Adapter 507Hz	53	0.507	70.00	0.079
395.677	0.05	Adapter 507Hz	53	0.507	70.00	0.079
395.757	0.05	Adapter 507Hz	53	0.507	70.00	0.079
396.017	0.05	Adapter 507Hz	53	0.507	70.00	0.079
396.097	0.05	Adapter 507Hz	53	0.507	70.00	0.079
396.177	0.05	Adapter 507Hz	53	0.507	70.00	0.079
396.257	0.05	Adapter 507Hz	53	0.507	70.00	0.079
396.517	0.05	Adapter 507Hz	53	0.507	70.00	0.079
396.597	0.05	Adapter 507Hz	53	0.507	70.00	0.079
396.677	0.05	Adapter 507Hz	53	0.507	70.00	0.079
396.757	0.05	Adapter 507Hz	53	0.507	70.00	0.079
397.017	0.05	Adapter 507Hz	53	0.507	70.00	0.079
397.097	0.05	Adapter 507Hz	53	0.507	70.00	0.079
397.177	0.05	Adapter 507Hz	53	0.507	70.00	0.079
397.257	0.05	Adapter 507Hz	53	0.507	70.00	0.079
400.02	0.05	Adapter 899Hz	54	0.899	70.00	0.121
400.1	0.05	Adapter 899Hz	54	0.899	70.00	0.121
400.18	0.05	Adapter 899Hz	54	0.899	70.00	0.121
400.26	0.05	Adapter 899Hz	54	0.899	70.00	0.121
400.52	0.05	Adapter 899Hz	54	0.899	70.00	0.121
400.6	0.05	Adapter 899Hz	54	0.899	70.00	0.121
400.68	0.05	Adapter 899Hz	54	0.899	70.00	0.121
400.76	0.05	Adapter 899Hz	54	0.899	70.00	0.121
401.02	0.05	Adapter 899Hz	54	0.899	70.00	0.121
401.1	0.05	Adapter 899Hz	54	0.899	70.00	0.121
401.18	0.05	Adapter 899Hz	54	0.899	70.00	0.121
401.26	0.05	Adapter 899Hz	54	0.899	70.00	0.121
401.52	0.05	Adapter 899Hz	54	0.899	70.00	0.121
401.6	0.05	Adapter 899Hz	54	0.899	70.00	0.121
401.68	0.05	Adapter 899Hz	54	0.899	70.00	0.121
401.76	0.05	Adapter 899Hz	54	0.899	70.00	0.121
402.02	0.05	Adapter 899Hz	54	0.899	70.00	0.121
402.1	0.05	Adapter 899Hz	54	0.899	70.00	0.121
402.18	0.05	Adapter 899Hz	54	0.899	70.00	0.121
402.26	0.05	Adapter 899Hz	54	0.899	70.00	0.121
402.52	0.05	Adapter 899Hz	54	0.899	70.00	0.121
402.6	0.05	Adapter 899Hz	54	0.899	70.00	0.121
402.68	0.05	Adapter 899Hz	54	0.899	70.00	0.121
402.76	0.05	Adapter 899Hz	54	0.899	70.00	0.121
403.02	0.05	Adapter 899Hz	54	0.899	70.00	0.121
403.1	0.05	Adapter 899Hz	54	0.899	70.00	0.121
403.18	0.05	Adapter 899Hz	54	0.899	70.00	0.121
403.26	0.05	Adapter 899Hz	54	0.899	70.00	0.121
403.52	0.05	Adapter 899Hz	54	0.899	70.00	0.121
403.6	0.05	Adapter 899Hz	54	0.899	70.00	0.121
403.68	0.05	Adapter 899Hz	54	0.899	70.00	0.121
403.76	0.05	Adapter 899Hz	54	0.899	70.00	0.121
404.02	0.05	Adapter 899Hz	54	0.899	70.00	0.121
404.1	0.05	Adapter 899Hz	54	0.899	70.00	0.121
404.18	0.05	Adapter 899Hz	54	0.899	70.00	0.121
404.26	0.05	Adapter 899Hz	54	0.899	70.00	0.121
404.52	0.05	Adapter 899Hz	54	0.899	70.00	0.121
404.6	0.05	Adapter 899Hz	54	0.899	70.00	0.121
404.68	0.05	Adapter 899Hz	54	0.899	70.00	0.121
404.76	0.05	Adapter 899Hz	54	0.899	70.00	0.121
407.828	0.05	Probe 3839Hz	55	3.839	70.00	0.437
408.328	0.05	Probe 3839Hz	55	3.839	70.00	0.437
408.828	0.05	Probe 3839Hz	55	3.839	70.00	0.437
409.328	0.05	Probe 3839Hz	55	3.839	70.00	0.437
409.828	0.05	Probe 3839Hz	55	3.839	70.00	0.437
410.328	0.05	Probe 3839Hz	55	3.839	70.00	0.437
410.828	0.05	Probe 3839Hz	55	3.839	70.00	0.437
411.328	0.05	Probe 3839Hz	55	3.839	70.00	0.437
411.828	0.05	Probe 3839Hz	55	3.839	70.00	0.437
412.328	0.05	Probe 3839Hz	55	3.839	70.00	0.437
415.043	0.05	Adapter 3839Hz	56	3.839	70.00	0.437
415.123	0.05	Adapter 3839Hz	56	3.839	70.00	0.437
415.203	0.05	Adapter 3839Hz	56	3.839	70.00	0.437
415.283	0.05	Adapter 3839Hz	56	3.839	70.00	0.437
415.543	0.05	Adapter 3839Hz	56	3.839	70.00	0.437
415.623	0.05	Adapter 3839Hz	56	3.839	70.00	0.437
415.703	0.05	Adapter 3839Hz	56	3.839	70.00	0.437
415.783	0.05	Adapter 3839Hz	56	3.839	70.00	0.437
416.043	0.05	Adapter 3839Hz	56	3.839	70.00	0.437
416.123	0.05	Adapter 3839Hz	56	3.839	70.00	0.437
416.203	0.05	Adapter 3839Hz	56	3.839	70.00	0.437
416.283	0.05	Adapter 3839Hz	56	3.839	70.00	0.437
416.543	0.05	Adapter 3839Hz	56	3.839	70.00	0.437
416.623	0.05	Adapter 3839Hz	56	3.839	70.00	0.437
416.703	0.05	Adapter 3839Hz	56	3.839	70.00	0.437
416.783	0.05	Adapter 3839Hz	56	3.839	70.00	0.437
417.043	0.05	Adapter 3839Hz	56	3.839	70.00	0.437
417.123	0.05	Adapter 3839Hz	56	3.839	70.00	0.437
417.203	0.05	Adapter 3839Hz	56	3.839	70.00	0.437
417.283	0.05	Adapter 3839Hz	56	3.839	70.00	0.437
417.543	0.05	Adapter 3839Hz	56	3.839	70.00	0.437
417.623	0.05	Adapter 3839Hz	56	3.839	70.00	0.437
417.703	0.05	Adapter 3839Hz	56	3.839	70.00	0.437
417.783	0.05	Adapter 3839Hz	56	3.839	70.00	0.437
418.043	0.05	Adapter 3839Hz	56	3.839	70.00	0.437
418.123	0.05	Adapter 3839Hz	56	3.839	70.00	0.437
418.203	0.05	Adapter 3839Hz	56	3.839	70.00	0.437
418.283	0.05	Adapter 3839Hz	56	3.839	70.00	0.437
418.543	0.05	Adapter 3839Hz	56	3.839	70.00	0.437
418.623	0.05	Adapter 3839Hz	56	3.839	70.00	0.437
418.703	0.05	Adapter 3839Hz	56	3.839	70.00	0.437
418.783	0.05	Adapter 3839Hz	56	3.839	70.00	0.437
419.043	0.05	Adapter 3839Hz	56	3.839	70.00	0.437
419.123	0.05	Adapter 3839Hz	56	3.839	70.00	0.437
419.203	0.05	Adapter 3839Hz	56	3.839	70.00	0.437
419.283	0.05	Adapter 3839Hz	56	3.839	70.00	0.437
419.543	0.05	Adapter 3839Hz	56	3.839	70.00	0.437
419.623	0.05	Adapter 3839Hz	56	3.839	70.00	0.437
419.703	0.05	Adapter 3839Hz	56	3.839	70.00	0.437
419.783	0.05	Adapter 3839Hz	56	3.839	70.00	0.437
422.531	0.05	Adapter 251Hz	57	0.251	70.00	0.052
422.611	0.05	Adapter 251Hz	57	0.251	70.00	0.052
422.691	0.05	Adapter 251Hz	57	0.251	70.00	0.052
422.771	0.05	Adapter 251Hz	57	0.251	70.00	0.052
423.031	0.05	Adapter 251Hz	57	0.251	70.00	0.052
423.111	0.05	Adapter 251Hz	57	0.251	70.00	0.052
423.191	0.05	Adapter 251Hz	57	0.251	70.00	0.052
423.271	0.05	Adapter 251Hz	57	0.251	70.00	0.052
423.531	0.05	Adapter 251Hz	57	0.251	70.00	0.052
423.611	0.05	Adapter 251Hz	57	0.251	70.00	0.052
423.691	0.05	Adapter 251Hz	57	0.251	70.00	0.052
423.771	0.05	Adapter 251Hz	57	0.251	70.00	0.052
424.031	0.05	Adapter 251Hz	57	0.251	70.00	0.052
424.111	0.05	Adapter 251Hz	57	0.251	70.00	0.052
424.191	0.05	Adapter 251Hz	57	0.251	70.00	0.052
424.271	0.05	Adapter 251Hz	57	0.251	70.00	0.052
424.531	0.05	Adapter 251Hz	57	0.251	70.00	0.052
424.611	0.05	Adapter 251Hz	57	0.251	70.00	0.052
424.691	0.05	Adapter 251Hz	57	0.251	70.00	0.052
424.771	0.05	Adapter 251Hz	57	0.251	70.00	0.052
425.031	0.05	Adapter 251Hz	57	0.251	70.00	0.052
425.111	0.05	Adapter 251Hz	57	0.251	70.00	0.052
425.191	0.05	Adapter 251Hz	57	0.251	70.00	0.052
425.271	0.05	Adapter 251Hz	57	0.251	70.00	0.052
425.531	0.05	Adapter 251Hz	57	0.251	70.00	0.052
425.611	0.05	Adapter 251Hz	57	0.251	70.00	0.052
425.691	0.05	Adapter 251Hz	57	0.251	70.00	0.052
425.771	0.05	Adapter 251Hz	57	0.251	70.00	0.052
426.031	0.05	Adapter 251Hz	57	0.251	70.00	0.052
426.111	0.05	Adapter 251Hz	57	0.251	70.00	0.052
426.191	0.05	Adapter 251Hz	57	0.251	70.00	0.052
426.271	0.05	Adapter 251Hz	57	0.251	70.00	0.052
426.531	0.05	Adapter 251Hz	57	0.251	70.00	0.052
426.611	0.05	Adapter 251Hz	57	0.251	70.00	0.052
426.691	0.05	Adapter 251Hz	57	0.251	70.00	0.052
426.771	0.05	Adapter 251Hz	57	0.251	70.00	0.052
427.031	0.05	Adapter 251Hz	57	0.251	70.00	0.052
427.111	0.05	Adapter 251Hz	57	0.251	70.00	0.052
427.191	0.05	Adapter 251Hz	57	0.251	70.00	0.052
427.271	0.05	Adapter 251Hz	57	0.251	70.00	0.052
430.019	0.05	Adapter 899Hz Probe 3839Hz	58	0.899	70.00	0.121
430.099	0.05	Adapter 899Hz Probe 3839Hz	58	0.899	70.00	0.121
430.179	0.05	Adapter 899Hz Probe 3839Hz	58	0.899	70.00	0.121
430.259	0.05	Adapter 899Hz Probe 3839Hz	58	0.899	70.00	0.121
430.339	0.05	Adapter 899Hz Probe 3839Hz	58	3.839	70.00	0.437
430.519	0.05	Adapter 899Hz Probe 3839Hz	58	0.899	70.00	0.121
430.599	0.05	Adapter 899Hz Probe 3839Hz	58	0.899	70.00	0.121
430.679	0.05	Adapter 899Hz Probe 3839Hz	58	0.899	70.00	0.121
430.759	0.05	Adapter 899Hz Probe 3839Hz	58	0.899	70.00	0.121
430.839	0.05	Adapter 899Hz Probe 3839Hz	58	3.839	70.00	0.437
431.019	0.05	Adapter 899Hz Probe 3839Hz	58	0.899	70.00	0.121
431.099	0.05	Adapter 899Hz Probe 3839Hz	58	0.899	70.00	0.121
431.179	0.05	Adapter 899Hz Probe 3839Hz	58	0.899	70.00	0.121
431.259	0.05	Adapter 899Hz Probe 3839Hz	58	0.899	70.00	0.121
431.339	0.05	Adapter 899Hz Probe 3839Hz	58	3.839	70.00	0.437
431.519	0.05	Adapter 899Hz Probe 3839Hz	58	0.899	70.00	0.121
431.599	0.05	Adapter 899Hz Probe 3839Hz	58	0.899	70.00	0.121
431.679	0.05	Adapter 899Hz Probe 3839Hz	58	0.899	70.00	0.121
431.759	0.05	Adapter 899Hz Probe 3839Hz	58	0.899	70.00	0.121
431.839	0.05	Adapter 899Hz Probe 3839Hz	58	3.839	70.00	0.437
432.019	0.05	Adapter 899Hz Probe 3839Hz	58	0.899	70.00	0.121
432.099	0.05	Adapter 899Hz Probe 3839Hz	58	0.899	70.00	0.121
432.179	0.05	Adapter 899Hz Probe 3839Hz	58	0.899	70.00	0.121
432.259	0.05	Adapter 899Hz Probe 3839Hz	58	0.899	70.00	0.121
432.339	0.05	Adapter 899Hz Probe 3839Hz	58	3.839	70.00	0.437
432.519	0.05	Adapter 899Hz Probe 3839Hz	58	0.899	70.00	0.121
432.599	0.05	Adapter 899Hz Probe 3839Hz	58	0.899	70.00	0.121
432.679	0.05	Adapter 899Hz Probe 3839Hz	58	0.899	70.00	0.121
432.759	0.05	Adapter 899Hz Probe 3839Hz	58	0.899	70.00	0.121
432.839	0.05	Adapter 899Hz Probe 3839Hz	58	3.839	70.00	0.437
433.019	0.05	Adapter 899Hz Probe 3839Hz	58	0.899	70.00	0.121
433.099	0.05	Adapter 899Hz Probe 3839Hz	58	0.899	70.00	0.121
433.179	0.05	Adapter 899Hz Probe 3839Hz	58	0.899	70.00	0.121
433.259	0.05	Adapter 899Hz Probe 3839Hz	58	0.899	70.00	0.121
433.339	0.05	Adapter 899Hz Probe 3839Hz	58	3.839	70.00	0.437
433.519	0.05	Adapter 899Hz Probe 3839Hz	58	0.899	70.00	0.121
433.599	0.05	Adapter 899Hz Probe 3839Hz	58	0.899	70.00	0.121
433.679	0.05	Adapter 899Hz Probe 3839Hz	58	0.899	70.00	0.121
433.759	0.05	Adapter 899Hz Probe 3839Hz	58	0.899	70.00	0.121
433.839	0.05	Adapter 899Hz Probe 3839Hz	58	3.839	70.00	0.437
434.019	0.05	Adapter 899Hz Probe 3839Hz	58	0.899	70.00	0.121
434.099	0.05	Adapter 899Hz Probe 3839Hz	58	0.899	70.00	0.121
434.179	0.05	Adapter 899Hz Probe 3839Hz	58	0.899	70.00	0.121
434.259	0.05	Adapter 899Hz Probe 3839Hz	58	0.899	70.00	0.121
434.339	0.05	Adapter 899Hz Probe 3839Hz	58	3.839	70.00	0.437
434.519	0.05	Adapter 899Hz Probe 3839Hz	58	0.899	70.00	0.121
434.599	0.05	Adapter 899Hz Probe 3839Hz	58	0.899	70.00	0.121
434.679	0.05	Adapter 899Hz Probe 3839Hz	58	0.899	70.00	0.121
434.759	0.05	Adapter 899Hz Probe 3839Hz	58	0.899	70.00	0.121
434.839	0.05	Adapter 899Hz Probe 3839Hz	58	3.839	70.00	0.437
437.554	0.05	Adapter 1501Hz Probe 3839Hz	59	1.501	70.00	0.186
437.634	0.05	Adapter 1501Hz Probe 3839Hz	59	1.501	70.00	0.186
437.714	0.05	Adapter 1501Hz Probe 3839Hz	59	1.501	70.00	0.186
437.794	0.05	Adapter 1501Hz Probe 3839Hz	59	1.501	70.00	0.186
437.874	0.05	Adapter 1501Hz Probe 3839Hz	59	3.839	70.00	0.437
438.054	0.05	Adapter 1501Hz Probe 3839Hz	59	1.501	70.00	0.186
438.134	0.05	Adapter 1501Hz Probe 3839Hz	59	1.501	70.00	0.186
438.214	0.05	Adapter 1501Hz Probe 3839Hz	59	1.501	70.00	0.186
438.294	0.05	Adapter 1501Hz Probe 3839Hz	59	1.501	70.00	0.186
438.374	0.05	Adapter 1501Hz Probe 3839Hz	59	3.839	70.00	0.437
438.554	0.05	Adapter 1501Hz Probe 3839Hz	59	1.501	70.00	0.186
438.634	0.05	Adapter 1501Hz Probe 3839Hz	59	1.501	70.00	0.186
438.714	0.05	Adapter 1501Hz Probe 3839Hz	59	1.501	70.00	0.186
438.794	0.05	Adapter 1501Hz Probe 3839Hz	59	1.501	70.00	0.186
438.874	0.05	Adapter 1501Hz Probe 3839Hz	59	3.839	70.00	0.437
439.054	0.05	Adapter 1501Hz Probe 3839Hz	59	1.501	70.00	0.186
439.134	0.05	Adapter 1501Hz Probe 3839Hz	59	1.501	70.00	0.186
439.214	0.05	Adapter 1501Hz Probe 3839Hz	59	1.501	70.00	0.186
439.294	0.05	Adapter 1501Hz Probe 3839Hz	59	1.501	70.00	0.186
439.374	0.05	Adapter 1501Hz Probe 3839Hz	59	3.839	70.00	0.437
439.554	0.05	Adapter 1501Hz Probe 3839Hz	59	1.501	70.00	0.186
439.634	0.05	Adapter 1501Hz Probe 3839Hz	59	1.501	70.00	0.186
439.714	0.05	Adapter 1501Hz Probe 3839Hz	59	1.501	70.00	0.186
439.794	0.05	Adapter 1501Hz Probe 3839Hz	59	1.501	70.00	0.186
439.874	0.05	Adapter 1501Hz Probe 3839Hz	59	3.839	70.00	0.437
440.054	0.05	Adapter 1501Hz Probe 3839Hz	59	1.501	70.00	0.186
440.134	0.05	Adapter 1501Hz Probe 3839Hz	59	1.501	70.00	0.186
440.214	0.05	Adapter 1501Hz Probe 3839Hz	59	1.501	70.00	0.186
440.294	0.05	Adapter 1501Hz Probe 3839Hz	59	1.501	70.00	0.186
440.374	0.05	Adapter 1501Hz Probe 3839Hz	59	3.839	70.00	0.437
440.554	0.05	Adapter 1501Hz Probe 3839Hz	59	1.501	70.00	0.186
440.634	0.05	Adapter 1501Hz Probe 3839Hz	59	1.501	70.00	0.186
440.714	0.05	Adapter 1501Hz Probe 3839Hz	59	1.501	70.00	0.186
440.794	0.05	Adapter 1501Hz Probe 3839Hz	59	1.501	70.00	0.186
440.874	0.05	Adapter 1501Hz Probe 3839Hz	59	3.839	70.00	0.437
441.054	0.05	Adapter 1501Hz Probe 3839Hz	59	1.501	70.00	0.186
441.134	0.05	Adapter 1501Hz Probe 3839Hz	59	1.501	70.00	0.186
441.214	0.05	Adapter 1501Hz Probe 3839Hz	59	1.501	70.00	0.186
441.294	0.05	Adapter 1501Hz Probe 3839Hz	59	1.501	70.00	0.186
441.374	0.05	Adapter 1501Hz Probe 3839Hz	59	3.839	70.00	0.437
441.554	0.05	Adapter 1501Hz Probe 3839Hz	59	1.501	70.00	0.186
441.634	0.05	Adapter 1501Hz Probe 3839Hz	59	1.501	70.00	0.186
441.714	0.05	Adapter 1501Hz Probe 3839Hz	59	1.501	70.00	0.186
441.794	0.05	Adapter 1501Hz Probe 3839Hz	59	1.501	70.00	0.186
441.874	0.05	Adapter 1501Hz Probe 3839Hz	59	3.839	70.00	0.437
442.054	0.05	Adapter 1501Hz Probe 3839Hz	59	1.501	70.00	0.186
442.134	0.05	Adapter 1501Hz Probe 3839Hz	59	1.501	70.00	0.186
442.214	0.05	Adapter 1501Hz Probe 3839Hz	59	1.501	70.00	0.186
442.294	0.05	Adapter 1501Hz Probe 3839Hz	59	1.501	70.00	0.186
442.374	0.05	Adapter 1501Hz Probe 3839Hz	59	3.839	70.00	0.437
445.042	0.05	Adapter 3839Hz Probe 3839Hz	60	3.839	70.00	0.437
445.122	0.05	Adapter 3839Hz Probe 3839Hz	60	3.839	70.00	0.437
445.202	0.05	Adapter 3839Hz Probe 3839Hz	60	3.839	70.00	0.437
445.282	0.05	Adapter 3839Hz Probe 3839Hz	60	3.839	70.00	0.437
445.362	0.05	Adapter 3839Hz Probe 3839Hz	60	3.839	70.00	0.437
445.542	0.05	Adapter 3839Hz Probe 3839Hz	60	3.839	70.00	0.437
445.622	0.05	Adapter 3839Hz Probe 3839Hz	60	3.839	70.00	0.437
445.702	0.05	Adapter 3839Hz Probe 3839Hz	60	3.839	70.00	0.437
445.782	0.05	Adapter 3839Hz Probe 3839Hz	60	3.839	70.00	0.437
445.862	0.05	Adapter 3839Hz Probe 3839Hz	60	3.839	70.00	0.437
446.042	0.05	Adapter 3839Hz Probe 3839Hz	60	3.839	70.00	0.437
446.122	0.05	Adapter 3839Hz Probe 3839Hz	60	3.839	70.00	0.437
446.202	0.05	Adapter 3839Hz Probe 3839Hz	60	3.839	70.00	0.437
446.282	0.05	Adapter 3839Hz Probe 3839Hz	60	3.839	70.00	0.437
446.362	0.05	Adapter 3839Hz Probe 3839Hz	60	3.839	70.00	0.437
446.542	0.05	Adapter 3839Hz Probe 3839Hz	60	3.839	70.00	0.437
446.622	0.05	Adapter 3839Hz Probe 3839Hz	60	3.839	70.00	0.437
446.702	0.05	Adapter 3839Hz Probe 3839Hz	60	3.839	70.00	0.437
446.782	0.05	Adapter 3839Hz Probe 3839Hz	60	3.839	70.00	0.437
446.862	0.05	Adapter 3839Hz Probe 3839Hz	60	3.839	70.00	0.437
447.042	0.05	Adapter 3839Hz Probe 3839Hz	60	3.839	70.00	0.437
447.122	0.05	Adapter 3839Hz Probe 3839Hz	60	3.839	70.00	0.437
447.202	0.05	Adapter 3839Hz Probe 3839Hz	60	3.839	70.00	0.437
447.282	0.05	Adapter 3839Hz Probe 3839Hz	60	3.839	70.00	0.437
447.362	0.05	Adapter 3839Hz Probe 3839Hz	60	3.839	70.00	0.437
447.542	0.05	Adapter 3839Hz Probe 3839Hz	60	3.839	70.00	0.437
447.622	0.05	Adapter 3839Hz Probe 3839Hz	60	3.839	70.00	0.437
447.702	0.05	Adapter 3839Hz Probe 3839Hz	60	3.839	70.00	0.437
447.782	0.05	Adapter 3839Hz Probe 3839Hz	60	3.839	70.00	0.437
447.862	0.05	Adapter 3839Hz Probe 3839Hz	60	3.839	70.00	0.437
448.042	0.05	Adapter 3839Hz Probe 3839Hz	60	3.839	70.00	0.437
448.122	0.05	Adapter 3839Hz Probe 3839Hz	60	3.839	70.00	0.437
448.202	0.05	Adapter 3839Hz Probe 3839Hz	60	3.839	70.00	0.437
448.282	0.05	Adapter 3839Hz Probe 3839Hz	60	3.839	70.00	0.437
448.362	0.05	Adapter 3839Hz Probe 3839Hz	60	3.839	70.00	0.437
448.542	0.05	Adapter 3839Hz Probe 3839Hz	60	3.839	70.00	0.437
448.622	0.05	Adapter 3839Hz Probe 3839Hz	60	3.839	70.00	0.437
448.702	0.05	Adapter 3839Hz Probe 3839Hz	60	3.839	70.00	0.437
448.782	0.05	Adapter 3839Hz Probe 3839Hz	60	3.839	70.00	0.437
448.862	0.05	Adapter 3839Hz Probe 3839Hz	60	3.839	70.00	0.437
449.042	0.05	Adapter 3839Hz Probe 3839Hz	60	3.839	70.00	0.437
449.122	0.05	Adapter 3839Hz Probe 3839Hz	60	3.839	70.00	0.437
449.202	0.05	Adapter 3839Hz Probe 3839Hz	60	3.839	70.00	0.437
449.282	0.05	Adapter 3839Hz Probe 3839Hz	60	3.839	70.00	0.437
449.362	0.05	Adapter 3839Hz Probe 3839Hz	60	3.839	70.00	0.437
449.542	0.05	Adapter 3839Hz Probe 3839Hz	60	3.839	70.00	0.437
449.622	0.05	Adapter 3839Hz Probe 3839Hz	60	3.839	70.00	0.437
449.702	0.05	Adapter 3839Hz Probe 3839Hz	60	3.839	70.00	0.437
449.782	0.05	Adapter 3839Hz Probe 3839Hz	60	3.839	70.00	0.437
449.862	0.05	Adapter 3839Hz Probe 3839Hz	60	3.839	70.00	0.437
467.522	0.05	Adapter 507Hz Probe 3839Hz	63	0.507	70.00	0.079
467.602	0.05	Adapter 507Hz Probe 3839Hz	63	0.507	70.00	0.079
467.682	0.05	Adapter 507Hz Probe 3839Hz	63	0.507	70.00	0.079
467.762	0.05	Adapter 507Hz Probe 3839Hz	63	0.507	70.00	0.079
467.842	0.05	Adapter 507Hz Probe 3839Hz	63	3.839	70.00	0.437
468.022	0.05	Adapter 507Hz Probe 3839Hz	63	0.507	70.00	0.079
468.102	0.05	Adapter 507Hz Probe 3839Hz	63	0.507	70.00	0.079
468.182	0.05	Adapter 507Hz Probe 3839Hz	63	0.507	70.00	0.079
468.262	0.05	Adapter 507Hz Probe 3839Hz	63	0.507	70.00	0.079
468.342	0.05	Adapter 507Hz Probe 3839Hz	63	3.839	70.00	0.437
468.522	0.05	Adapter 507Hz Probe 3839Hz	63	0.507	70.00	0.079
468.602	0.05	Adapter 507Hz Probe 3839Hz	63	0.507	70.00	0.079
468.682	0.05	Adapter 507Hz Probe 3839Hz	63	0.507	70.00	0.079
468.762	0.05	Adapter 507Hz Probe 3839Hz	63	0.507	70.00	0.079
468.842	0.05	Adapter 507Hz Probe 3839Hz	63	3.839	70.00	0.437
469.022	0.05	Adapter 507Hz Probe 3839Hz	63	0.507	70.00	0.079
469.102	0.05	Adapter 507Hz Probe 3839Hz	63	0.507	70.00	0.079
469.182	0.05	Adapter 507Hz Probe 3839Hz	63	0.507	70.00	0.079
469.262	0.05	Adapter 507Hz Probe 3839Hz	63	0.507	70.00	0.079
469.342	0.05	Adapter 507Hz Probe 3839Hz	63	3.839	70.00	0.437
469.522	0.05	Adapter 507Hz Probe 3839Hz	63	0.507	70.00	0.079
469.602	0.05	Adapter 507Hz Probe 3839Hz	63	0.507	70.00	0.079
469.682	0.05	Adapter 507Hz Probe 3839Hz	63	0.507	70.00	0.079
469.762	0.05	Adapter 507Hz Probe 3839Hz	63	0.507	70.00	0.079
469.842	0.05	Adapter 507Hz Probe 3839Hz	63	3.839	70.00	0.437
470.022	0.05	Adapter 507Hz Probe 3839Hz	63	0.507	70.00	0.079
470.102	0.05	Adapter 507Hz Probe 3839Hz	63	0.507	70.00	0.079
470.182	0.05	Adapter 507Hz Probe 3839Hz	63	0.507	70.00	0.079
470.262	0.05	Adapter 507Hz Probe 3839Hz	63	0.507	70.00	0.079
470.342	0.05	Adapter 507Hz Probe 3839Hz	63	3.839	70.00	0.437
470.522	0.05	Adapter 507Hz Probe 3839Hz	63	0.507	70.00	0.079
470.602	0.05	Adapter 507Hz Probe 3839Hz	63	0.507	70.00	0.079
470.682	0.05	Adapter 507Hz Probe 3839Hz	63	0.507	70.00	0.079
470.762	0.05	Adapter 507Hz Probe 3839Hz	63	0.507	70.00	0.079
470.842	0.05	Adapter 507Hz Probe 3839Hz	63	3.839	70.00	0.437
471.022	0.05	Adapter 507Hz Probe 3839Hz	63	0.507	70.00	0.079
471.102	0.05	Adapter 507Hz Probe 3839Hz	63	0.507	70.00	0.079
471.182	0.05	Adapter 507Hz Probe 3839Hz	63	0.507	70.00	0.079
471.262	0.05	Adapter 507Hz Probe 3839Hz	63	0.507	70.00	0.079
471.342	0.05	Adapter 507Hz Probe 3839Hz	63	3.839	70.00	0.437
471.522	0.05	Adapter 507Hz Probe 3839Hz	63	0.507	70.00	0.079
471.602	0.05	Adapter 507Hz Probe 3839Hz	63	0.507	70.00	0.079
471.682	0.05	Adapter 507Hz Probe 3839Hz	63	0.507	70.00	0.079
471.762	0.05	Adapter 507Hz Probe 3839Hz	63	0.507	70.00	0.079
471.842	0.05	Adapter 507Hz Probe 3839Hz	63	3.839	70.00	0.437
472.022	0.05	Adapter 507Hz Probe 3839Hz	63	0.507	70.00	0.079
472.102	0.05	Adapter 507Hz Probe 3839Hz	63	0.507	70.00	0.079
472.182	0.05	Adapter 507Hz Probe 3839Hz	63	0.507	70.00	0.079
472.262	0.05	Adapter 507Hz Probe 3839Hz	63	0.507	70.00	0.079
472.342	0.05	Adapter 507Hz Probe 3839Hz	63	3.839	70.00	0.437
