onset	duration	trial_type	scan	frequency_kHz	level_dB_SPL	bandwidth_kHz
17.445	0.05	Adapter 507Hz	3	0.507	70.00	0.079
17.525	0.05	Adapter 507Hz	3	0.507	70.00	0.079
17.605	0.05	Adapter 507Hz	3	0.507	70.00	0.079
17.685	0.05	Adapter 507Hz	3	0.507	70.00	0.079
17.945	0.05	Adapter 507Hz	3	0.507	70.00	0.079
18.025	0.05	Adapter 507Hz	3	0.507	70.00	0.079
18.105	0.05	Adapter 507Hz	3	0.507	70.00	0.079
18.185	0.05	Adapter 507Hz	3	0.507	70.00	0.079
18.445	0.05	Adapter 507Hz	3	0.507	70.00	0.079
18.525	0.05	Adapter 507Hz	3	0.507	70.00	0.079
18.605	0.05	Adapter 507Hz	3	0.507	70.00	0.079
18.685	0.05	Adapter 507Hz	3	0.507	70.00	0.079
18.945	0.05	Adapter 507Hz	3	0.507	70.00	0.079
19.025	0.05	Adapter 507Hz	3	0.507	70.00	0.079
19.105	0.05	Adapter 507Hz	3	0.507	70.00	0.079
19.185	0.05	Adapter 507Hz	3	0.507	70.00	0.079
19.445	0.05	Adapter 507Hz	3	0.507	70.00	0.079
19.525	0.05	Adapter 507Hz	3	0.507	70.00	0.079
19.605	0.05	Adapter 507Hz	3	0.507	70.00	0.079
19.685	0.05	Adapter 507Hz	3	0.507	70.00	0.079
19.945	0.05	Adapter 507Hz	3	0.507	70.00	0.079
20.025	0.05	Adapter 507Hz	3	0.507	70.00	0.079
20.105	0.05	Adapter 507Hz	3	0.507	70.00	0.079
20.185	0.05	Adapter 507Hz	3	0.507	70.00	0.079
20.445	0.05	Adapter 507Hz	3	0.507	70.00	0.079
20.525	0.05	Adapter 507Hz	3	0.507	70.00	0.079
20.605	0.05	Adapter 507Hz	3	0.507	70.00	0.079
20.685	0.05	Adapter 507Hz	3	0.507	70.00	0.079
20.945	0.05	Adapter 507Hz	3	0.507	70.00	0.079
21.025	0.05	Adapter 507Hz	3	0.507	70.00	0.079
21.105	0.05	Adapter 507Hz	3	0.507	70.00	0.079
21.185	0.05	Adapter 507Hz	3	0.507	70.00	0.079
21.445	0.05	Adapter 507Hz	3	0.507	70.00	0.079
21.525	0.05	Adapter 507Hz	3	0.507	70.00	0.079
21.605	0.05	Adapter 507Hz	3	0.507	70.00	0.079
21.685	0.05	Adapter 507Hz	3	0.507	70.00	0.079
21.945	0.05	Adapter 507Hz	3	0.507	70.00	0.079
22.025	0.05	Adapter 507Hz	3	0.507	70.00	0.079
22.105	0.05	Adapter 507Hz	3	0.507	70.00	0.079
22.185	0.05	Adapter 507Hz	3	0.507	70.00	0.079
24.98	0.05	Adapter 899Hz Probe 3839Hz	4	0.899	70.00	0.121
25.06	0.05	Adapter 899Hz Probe 3839Hz	4	0.899	70.00	0.121
25.14	0.05	Adapter 899Hz Probe 3839Hz	4	0.899	70.00	0.121
25.22	0.05	Adapter 899Hz Probe 3839Hz	4	0.899	70.00	0.121
25.3	0.05	Adapter 899Hz Probe 3839Hz	4	3.839	70.00	0.437
25.48	0.05	Adapter 899Hz Probe 3839Hz	4	0.899	70.00	0.121
25.56	0.05	Adapter 899Hz Probe 3839Hz	4	0.899	70.00	0.121
25.64	0.05	Adapter 899Hz Probe 3839Hz	4	0.899	70.00	0.121
25.72	0.05	Adapter 899Hz Probe 3839Hz	4	0.899	70.00	0.121
25.8	0.05	Adapter 899Hz Probe 3839Hz	4	3.839	70.00	0.437
25.98	0.05	Adapter 899Hz Probe 3839Hz	4	0.899	70.00	0.121
26.06	0.05	Adapter 899Hz Probe 3839Hz	4	0.899	70.00	0.121
26.14	0.05	Adapter 899Hz Probe 3839Hz	4	0.899	70.00	0.121
26.22	0.05	Adapter 899Hz Probe 3839Hz	4	0.899	70.00	0.121
26.3	0.05	Adapter 899Hz Probe 3839Hz	4	3.839	70.00	0.437
26.48	0.05	Adapter 899Hz Probe 3839Hz	4	0.899	70.00	0.121
26.56	0.05	Adapter 899Hz Probe 3839Hz	4	0.899	70.00	0.121
26.64	0.05	Adapter 899Hz Probe 3839Hz	4	0.899	70.00	0.121
26.72	0.05	Adapter 899Hz Probe 3839Hz	4	0.899	70.00	0.121
26.8	0.05	Adapter 899Hz Probe 3839Hz	4	3.839	70.00	0.437
26.98	0.05	Adapter 899Hz Probe 3839Hz	4	0.899	70.00	0.121
27.06	0.05	Adapter 899Hz Probe 3839Hz	4	0.899	70.00	0.121
27.14	0.05	Adapter 899Hz Probe 3839Hz	4	0.899	70.00	0.121
27.22	0.05	Adapter 899Hz Probe 3839Hz	4	0.899	70.00	0.121
27.3	0.05	Adapter 899Hz Probe 3839Hz	4	3.839	70.00	0.437
27.48	0.05	Adapter 899Hz Probe 3839Hz	4	0.899	70.00	0.121
27.56	0.05	Adapter 899Hz Probe 3839Hz	4	0.899	70.00	0.121
27.64	0.05	Adapter 899Hz Probe 3839Hz	4	0.899	70.00	0.121
27.72	0.05	Adapter 899Hz Probe 3839Hz	4	0.899	70.00	0.121
27.8	0.05	Adapter 899Hz Probe 3839Hz	4	3.839	70.00	0.437
27.98	0.05	Adapter 899Hz Probe 3839Hz	4	0.899	70.00	0.121
28.06	0.05	Adapter 899Hz Probe 3839Hz	4	0.899	70.00	0.121
28.14	0.05	Adapter 899Hz Probe 3839Hz	4	0.899	70.00	0.121
28.22	0.05	Adapter 899Hz Probe 3839Hz	4	0.899	70.00	0.121
28.3	0.05	Adapter 899Hz Probe 3839Hz	4	3.839	70.00	0.437
28.48	0.05	Adapter 899Hz Probe 3839Hz	4	0.899	70.00	0.121
28.56	0.05	Adapter 899Hz Probe 3839Hz	4	0.899	70.00	0.121
28.64	0.05	Adapter 899Hz Probe 3839Hz	4	0.899	70.00	0.121
28.72	0.05	Adapter 899Hz Probe 3839Hz	4	0.899	70.00	0.121
28.8	0.05	Adapter 899Hz Probe 3839Hz	4	3.839	70.00	0.437
28.98	0.05	Adapter 899Hz Probe 3839Hz	4	0.899	70.00	0.121
29.06	0.05	Adapter 899Hz Probe 3839Hz	4	0.899	70.00	0.121
29.14	0.05	Adapter 899Hz Probe 3839Hz	4	0.899	70.00	0.121
29.22	0.05	Adapter 899Hz Probe 3839Hz	4	0.899	70.00	0.121
29.3	0.05	Adapter 899Hz Probe 3839Hz	4	3.839	70.00	0.437
29.48	0.05	Adapter 899Hz Probe 3839Hz	4	0.899	70.00	0.121
29.56	0.05	Adapter 899Hz Probe 3839Hz	4	0.899	70.00	0.121
29.64	0.05	Adapter 899Hz Probe 3839Hz	4	0.899	70.00	0.121
29.72	0.05	Adapter 899Hz Probe 3839Hz	4	0.899	70.00	0.121
29.8	0.05	Adapter 899Hz Probe 3839Hz	4	3.839	70.00	0.437
32.452	0.05	Adapter 251Hz	5	0.251	70.00	0.052
32.532	0.05	Adapter 251Hz	5	0.251	70.00	0.052
32.612	0.05	Adapter 251Hz	5	0.251	70.00	0.052
32.692	0.05	Adapter 251Hz	5	0.251	70.00	0.052
32.952	0.05	Adapter 251Hz	5	0.251	70.00	0.052
33.032	0.05	Adapter 251Hz	5	0.251	70.00	0.052
33.112	0.05	Adapter 251Hz	5	0.251	70.00	0.052
33.192	0.05	Adapter 251Hz	5	0.251	70.00	0.052
33.452	0.05	Adapter 251Hz	5	0.251	70.00	0.052
33.532	0.05	Adapter 251Hz	5	0.251	70.00	0.052
33.612	0.05	Adapter 251Hz	5	0.251	70.00	0.052
33.692	0.05	Adapter 251Hz	5	0.251	70.00	0.052
33.952	0.05	Adapter 251Hz	5	0.251	70.00	0.052
34.032	0.05	Adapter 251Hz	5	0.251	70.00	0.052
34.112	0.05	Adapter 251Hz	5	0.251	70.00	0.052
34.192	0.05	Adapter 251Hz	5	0.251	70.00	0.052
34.452	0.05	Adapter 251Hz	5	0.251	70.00	0.052
34.532	0.05	Adapter 251Hz	5	0.251	70.00	0.052
34.612	0.05	Adapter 251Hz	5	0.251	70.00	0.052
34.692	0.05	Adapter 251Hz	5	0.251	70.00	0.052
34.952	0.05	Adapter 251Hz	5	0.251	70.00	0.052
35.032	0.05	Adapter 251Hz	5	0.251	70.00	0.052
35.112	0.05	Adapter 251Hz	5	0.251	70.00	0.052
35.192	0.05	Adapter 251Hz	5	0.251	70.00	0.052
35.452	0.05	Adapter 251Hz	5	0.251	70.00	0.052
35.532	0.05	Adapter 251Hz	5	0.251	70.00	0.052
35.612	0.05	Adapter 251Hz	5	0.251	70.00	0.052
35.692	0.05	Adapter 251Hz	5	0.251	70.00	0.052
35.952	0.05	Adapter 251Hz	5	0.251	70.00	0.052
36.032	0.05	Adapter 251Hz	5	0.251	70.00	0.052
36.112	0.05	Adapter 251Hz	5	0.251	70.00	0.052
36.192	0.05	Adapter 251Hz	5	0.251	70.00	0.052
36.452	0.05	Adapter 251Hz	5	0.251	70.00	0.052
36.532	0.05	Adapter 251Hz	5	0.251	70.00	0.052
36.612	0.05	Adapter 251Hz	5	0.251	70.00	0.052
36.692	0.05	Adapter 251Hz	5	0.251	70.00	0.052
36.952	0.05	Adapter 251Hz	5	0.251	70.00	0.052
37.032	0.05	Adapter 251Hz	5	0.251	70.00	0.052
37.112	0.05	Adapter 251Hz	5	0.251	70.00	0.052
37.192	0.05	Adapter 251Hz	5	0.251	70.00	0.052
39.987	0.05	Adapter 3839Hz	6	3.839	70.00	0.437
40.067	0.05	Adapter 3839Hz	6	3.839	70.00	0.437
40.147	0.05	Adapter 3839Hz	6	3.839	70.00	0.437
40.227	0.05	Adapter 3839Hz	6	3.839	70.00	0.437
40.487	0.05	Adapter 3839Hz	6	3.839	70.00	0.437
40.567	0.05	Adapter 3839Hz	6	3.839	70.00	0.437
40.647	0.05	Adapter 3839Hz	6	3.839	70.00	0.437
40.727	0.05	Adapter 3839Hz	6	3.839	70.00	0.437
40.987	0.05	Adapter 3839Hz	6	3.839	70.00	0.437
41.067	0.05	Adapter 3839Hz	6	3.839	70.00	0.437
41.147	0.05	Adapter 3839Hz	6	3.839	70.00	0.437
41.227	0.05	Adapter 3839Hz	6	3.839	70.00	0.437
41.487	0.05	Adapter 3839Hz	6	3.839	70.00	0.437
41.567	0.05	Adapter 3839Hz	6	3.839	70.00	0.437
41.647	0.05	Adapter 3839Hz	6	3.839	70.00	0.437
41.727	0.05	Adapter 3839Hz	6	3.839	70.00	0.437
41.987	0.05	Adapter 3839Hz	6	3.839	70.00	0.437
42.067	0.05	Adapter 3839Hz	6	3.839	70.00	0.437
42.147	0.05	Adapter 3839Hz	6	3.839	70.00	0.437
42.227	0.05	Adapter 3839Hz	6	3.839	70.00	0.437
42.487	0.05	Adapter 3839Hz	6	3.839	70.00	0.437
42.567	0.05	Adapter 3839Hz	6	3.839	70.00	0.437
42.647	0.05	Adapter 3839Hz	6	3.839	70.00	0.437
42.727	0.05	Adapter 3839Hz	6	3.839	70.00	0.437
42.987	0.05	Adapter 3839Hz	6	3.839	70.00	0.437
43.067	0.05	Adapter 3839Hz	6	3.839	70.00	0.437
43.147	0.05	Adapter 3839Hz	6	3.839	70.00	0.437
43.227	0.05	Adapter 3839Hz	6	3.839	70.00	0.437
43.487	0.05	Adapter 3839Hz	6	3.839	70.00	0.437
43.567	0.05	Adapter 3839Hz	6	3.839	70.00	0.437
43.647	0.05	Adapter 3839Hz	6	3.839	70.00	0.437
43.727	0.05	Adapter 3839Hz	6	3.839	70.00	0.437
43.987	0.05	Adapter 3839Hz	6	3.839	70.00	0.437
44.067	0.05	Adapter 3839Hz	6	3.839	70.00	0.437
44.147	0.05	Adapter 3839Hz	6	3.839	70.00	0.437
44.227	0.05	Adapter 3839Hz	6	3.839	70.00	0.437
44.487	0.05	Adapter 3839Hz	6	3.839	70.00	0.437
44.567	0.05	Adapter 3839Hz	6	3.839	70.00	0.437
44.647	0.05	Adapter 3839Hz	6	3.839	70.00	0.437
44.727	0.05	Adapter 3839Hz	6	3.839	70.00	0.437
54.994	0.05	Adapter 507Hz Probe 3839Hz	8	0.507	70.00	0.079
55.074	0.05	Adapter 507Hz Probe 3839Hz	8	0.507	70.00	0.079
55.154	0.05	Adapter 507Hz Probe 3839Hz	8	0.507	70.00	0.079
55.234	0.05	Adapter 507Hz Probe 3839Hz	8	0.507	70.00	0.079
55.314	0.05	Adapter 507Hz Probe 3839Hz	8	3.839	70.00	0.437
55.494	0.05	Adapter 507Hz Probe 3839Hz	8	0.507	70.00	0.079
55.574	0.05	Adapter 507Hz Probe 3839Hz	8	0.507	70.00	0.079
55.654	0.05	Adapter 507Hz Probe 3839Hz	8	0.507	70.00	0.079
55.734	0.05	Adapter 507Hz Probe 3839Hz	8	0.507	70.00	0.079
55.814	0.05	Adapter 507Hz Probe 3839Hz	8	3.839	70.00	0.437
55.994	0.05	Adapter 507Hz Probe 3839Hz	8	0.507	70.00	0.079
56.074	0.05	Adapter 507Hz Probe 3839Hz	8	0.507	70.00	0.079
56.154	0.05	Adapter 507Hz Probe 3839Hz	8	0.507	70.00	0.079
56.234	0.05	Adapter 507Hz Probe 3839Hz	8	0.507	70.00	0.079
56.314	0.05	Adapter 507Hz Probe 3839Hz	8	3.839	70.00	0.437
56.494	0.05	Adapter 507Hz Probe 3839Hz	8	0.507	70.00	0.079
56.574	0.05	Adapter 507Hz Probe 3839Hz	8	0.507	70.00	0.079
56.654	0.05	Adapter 507Hz Probe 3839Hz	8	0.507	70.00	0.079
56.734	0.05	Adapter 507Hz Probe 3839Hz	8	0.507	70.00	0.079
56.814	0.05	Adapter 507Hz Probe 3839Hz	8	3.839	70.00	0.437
56.994	0.05	Adapter 507Hz Probe 3839Hz	8	0.507	70.00	0.079
57.074	0.05	Adapter 507Hz Probe 3839Hz	8	0.507	70.00	0.079
57.154	0.05	Adapter 507Hz Probe 3839Hz	8	0.507	70.00	0.079
57.234	0.05	Adapter 507Hz Probe 3839Hz	8	0.507	70.00	0.079
57.314	0.05	Adapter 507Hz Probe 3839Hz	8	3.839	70.00	0.437
57.494	0.05	Adapter 507Hz Probe 3839Hz	8	0.507	70.00	0.079
57.574	0.05	Adapter 507Hz Probe 3839Hz	8	0.507	70.00	0.079
57.654	0.05	Adapter 507Hz Probe 3839Hz	8	0.507	70.00	0.079
57.734	0.05	Adapter 507Hz Probe 3839Hz	8	0.507	70.00	0.079
57.814	0.05	Adapter 507Hz Probe 3839Hz	8	3.839	70.00	0.437
57.994	0.05	Adapter 507Hz Probe 3839Hz	8	0.507	70.00	0.079
58.074	0.05	Adapter 507Hz Probe 3839Hz	8	0.507	70.00	0.079
58.154	0.05	Adapter 507Hz Probe 3839Hz	8	0.507	70.00	0.079
58.234	0.05	Adapter 507Hz Probe 3839Hz	8	0.507	70.00	0.079
58.314	0.05	Adapter 507Hz Probe 3839Hz	8	3.839	70.00	0.437
58.494	0.05	Adapter 507Hz Probe 3839Hz	8	0.507	70.00	0.079
58.574	0.05	Adapter 507Hz Probe 3839Hz	8	0.507	70.00	0.079
58.654	0.05	Adapter 507Hz Probe 3839Hz	8	0.507	70.00	0.079
58.734	0.05	Adapter 507Hz Probe 3839Hz	8	0.507	70.00	0.079
58.814	0.05	Adapter 507Hz Probe 3839Hz	8	3.839	70.00	0.437
58.994	0.05	Adapter 507Hz Probe 3839Hz	8	0.507	70.00	0.079
59.074	0.05	Adapter 507Hz Probe 3839Hz	8	0.507	70.00	0.079
59.154	0.05	Adapter 507Hz Probe 3839Hz	8	0.507	70.00	0.079
59.234	0.05	Adapter 507Hz Probe 3839Hz	8	0.507	70.00	0.079
59.314	0.05	Adapter 507Hz Probe 3839Hz	8	3.839	70.00	0.437
59.494	0.05	Adapter 507Hz Probe 3839Hz	8	0.507	70.00	0.079
59.574	0.05	Adapter 507Hz Probe 3839Hz	8	0.507	70.00	0.079
59.654	0.05	Adapter 507Hz Probe 3839Hz	8	0.507	70.00	0.079
59.734	0.05	Adapter 507Hz Probe 3839Hz	8	0.507	70.00	0.079
59.814	0.05	Adapter 507Hz Probe 3839Hz	8	3.839	70.00	0.437
62.467	0.05	Adapter 2423Hz Probe 3839Hz	9	2.423	70.00	0.285
62.547	0.05	Adapter 2423Hz Probe 3839Hz	9	2.423	70.00	0.285
62.627	0.05	Adapter 2423Hz Probe 3839Hz	9	2.423	70.00	0.285
62.707	0.05	Adapter 2423Hz Probe 3839Hz	9	2.423	70.00	0.285
62.787	0.05	Adapter 2423Hz Probe 3839Hz	9	3.839	70.00	0.437
62.967	0.05	Adapter 2423Hz Probe 3839Hz	9	2.423	70.00	0.285
63.047	0.05	Adapter 2423Hz Probe 3839Hz	9	2.423	70.00	0.285
63.127	0.05	Adapter 2423Hz Probe 3839Hz	9	2.423	70.00	0.285
63.207	0.05	Adapter 2423Hz Probe 3839Hz	9	2.423	70.00	0.285
63.287	0.05	Adapter 2423Hz Probe 3839Hz	9	3.839	70.00	0.437
63.467	0.05	Adapter 2423Hz Probe 3839Hz	9	2.423	70.00	0.285
63.547	0.05	Adapter 2423Hz Probe 3839Hz	9	2.423	70.00	0.285
63.627	0.05	Adapter 2423Hz Probe 3839Hz	9	2.423	70.00	0.285
63.707	0.05	Adapter 2423Hz Probe 3839Hz	9	2.423	70.00	0.285
63.787	0.05	Adapter 2423Hz Probe 3839Hz	9	3.839	70.00	0.437
63.967	0.05	Adapter 2423Hz Probe 3839Hz	9	2.423	70.00	0.285
64.047	0.05	Adapter 2423Hz Probe 3839Hz	9	2.423	70.00	0.285
64.127	0.05	Adapter 2423Hz Probe 3839Hz	9	2.423	70.00	0.285
64.207	0.05	Adapter 2423Hz Probe 3839Hz	9	2.423	70.00	0.285
64.287	0.05	Adapter 2423Hz Probe 3839Hz	9	3.839	70.00	0.437
64.467	0.05	Adapter 2423Hz Probe 3839Hz	9	2.423	70.00	0.285
64.547	0.05	Adapter 2423Hz Probe 3839Hz	9	2.423	70.00	0.285
64.627	0.05	Adapter 2423Hz Probe 3839Hz	9	2.423	70.00	0.285
64.707	0.05	Adapter 2423Hz Probe 3839Hz	9	2.423	70.00	0.285
64.787	0.05	Adapter 2423Hz Probe 3839Hz	9	3.839	70.00	0.437
64.967	0.05	Adapter 2423Hz Probe 3839Hz	9	2.423	70.00	0.285
65.047	0.05	Adapter 2423Hz Probe 3839Hz	9	2.423	70.00	0.285
65.127	0.05	Adapter 2423Hz Probe 3839Hz	9	2.423	70.00	0.285
65.207	0.05	Adapter 2423Hz Probe 3839Hz	9	2.423	70.00	0.285
65.287	0.05	Adapter 2423Hz Probe 3839Hz	9	3.839	70.00	0.437
65.467	0.05	Adapter 2423Hz Probe 3839Hz	9	2.423	70.00	0.285
65.547	0.05	Adapter 2423Hz Probe 3839Hz	9	2.423	70.00	0.285
65.627	0.05	Adapter 2423Hz Probe 3839Hz	9	2.423	70.00	0.285
65.707	0.05	Adapter 2423Hz Probe 3839Hz	9	2.423	70.00	0.285
65.787	0.05	Adapter 2423Hz Probe 3839Hz	9	3.839	70.00	0.437
65.967	0.05	Adapter 2423Hz Probe 3839Hz	9	2.423	70.00	0.285
66.047	0.05	Adapter 2423Hz Probe 3839Hz	9	2.423	70.00	0.285
66.127	0.05	Adapter 2423Hz Probe 3839Hz	9	2.423	70.00	0.285
66.207	0.05	Adapter 2423Hz Probe 3839Hz	9	2.423	70.00	0.285
66.287	0.05	Adapter 2423Hz Probe 3839Hz	9	3.839	70.00	0.437
66.467	0.05	Adapter 2423Hz Probe 3839Hz	9	2.423	70.00	0.285
66.547	0.05	Adapter 2423Hz Probe 3839Hz	9	2.423	70.00	0.285
66.627	0.05	Adapter 2423Hz Probe 3839Hz	9	2.423	70.00	0.285
66.707	0.05	Adapter 2423Hz Probe 3839Hz	9	2.423	70.00	0.285
66.787	0.05	Adapter 2423Hz Probe 3839Hz	9	3.839	70.00	0.437
66.967	0.05	Adapter 2423Hz Probe 3839Hz	9	2.423	70.00	0.285
67.047	0.05	Adapter 2423Hz Probe 3839Hz	9	2.423	70.00	0.285
67.127	0.05	Adapter 2423Hz Probe 3839Hz	9	2.423	70.00	0.285
67.207	0.05	Adapter 2423Hz Probe 3839Hz	9	2.423	70.00	0.285
67.287	0.05	Adapter 2423Hz Probe 3839Hz	9	3.839	70.00	0.437
69.97	0.05	Adapter 899Hz	10	0.899	70.00	0.121
70.05	0.05	Adapter 899Hz	10	0.899	70.00	0.121
70.13	0.05	Adapter 899Hz	10	0.899	70.00	0.121
70.21	0.05	Adapter 899Hz	10	0.899	70.00	0.121
70.47	0.05	Adapter 899Hz	10	0.899	70.00	0.121
70.55	0.05	Adapter 899Hz	10	0.899	70.00	0.121
70.63	0.05	Adapter 899Hz	10	0.899	70.00	0.121
70.71	0.05	Adapter 899Hz	10	0.899	70.00	0.121
70.97	0.05	Adapter 899Hz	10	0.899	70.00	0.121
71.05	0.05	Adapter 899Hz	10	0.899	70.00	0.121
71.13	0.05	Adapter 899Hz	10	0.899	70.00	0.121
71.21	0.05	Adapter 899Hz	10	0.899	70.00	0.121
71.47	0.05	Adapter 899Hz	10	0.899	70.00	0.121
71.55	0.05	Adapter 899Hz	10	0.899	70.00	0.121
71.63	0.05	Adapter 899Hz	10	0.899	70.00	0.121
71.71	0.05	Adapter 899Hz	10	0.899	70.00	0.121
71.97	0.05	Adapter 899Hz	10	0.899	70.00	0.121
72.05	0.05	Adapter 899Hz	10	0.899	70.00	0.121
72.13	0.05	Adapter 899Hz	10	0.899	70.00	0.121
72.21	0.05	Adapter 899Hz	10	0.899	70.00	0.121
72.47	0.05	Adapter 899Hz	10	0.899	70.00	0.121
72.55	0.05	Adapter 899Hz	10	0.899	70.00	0.121
72.63	0.05	Adapter 899Hz	10	0.899	70.00	0.121
72.71	0.05	Adapter 899Hz	10	0.899	70.00	0.121
72.97	0.05	Adapter 899Hz	10	0.899	70.00	0.121
73.05	0.05	Adapter 899Hz	10	0.899	70.00	0.121
73.13	0.05	Adapter 899Hz	10	0.899	70.00	0.121
73.21	0.05	Adapter 899Hz	10	0.899	70.00	0.121
73.47	0.05	Adapter 899Hz	10	0.899	70.00	0.121
73.55	0.05	Adapter 899Hz	10	0.899	70.00	0.121
73.63	0.05	Adapter 899Hz	10	0.899	70.00	0.121
73.71	0.05	Adapter 899Hz	10	0.899	70.00	0.121
73.97	0.05	Adapter 899Hz	10	0.899	70.00	0.121
74.05	0.05	Adapter 899Hz	10	0.899	70.00	0.121
74.13	0.05	Adapter 899Hz	10	0.899	70.00	0.121
74.21	0.05	Adapter 899Hz	10	0.899	70.00	0.121
74.47	0.05	Adapter 899Hz	10	0.899	70.00	0.121
74.55	0.05	Adapter 899Hz	10	0.899	70.00	0.121
74.63	0.05	Adapter 899Hz	10	0.899	70.00	0.121
74.71	0.05	Adapter 899Hz	10	0.899	70.00	0.121
77.474	0.05	Adapter 6009Hz	11	6.009	70.00	0.671
77.554	0.05	Adapter 6009Hz	11	6.009	70.00	0.671
77.634	0.05	Adapter 6009Hz	11	6.009	70.00	0.671
77.714	0.05	Adapter 6009Hz	11	6.009	70.00	0.671
77.974	0.05	Adapter 6009Hz	11	6.009	70.00	0.671
78.054	0.05	Adapter 6009Hz	11	6.009	70.00	0.671
78.134	0.05	Adapter 6009Hz	11	6.009	70.00	0.671
78.214	0.05	Adapter 6009Hz	11	6.009	70.00	0.671
78.474	0.05	Adapter 6009Hz	11	6.009	70.00	0.671
78.554	0.05	Adapter 6009Hz	11	6.009	70.00	0.671
78.634	0.05	Adapter 6009Hz	11	6.009	70.00	0.671
78.714	0.05	Adapter 6009Hz	11	6.009	70.00	0.671
78.974	0.05	Adapter 6009Hz	11	6.009	70.00	0.671
79.054	0.05	Adapter 6009Hz	11	6.009	70.00	0.671
79.134	0.05	Adapter 6009Hz	11	6.009	70.00	0.671
79.214	0.05	Adapter 6009Hz	11	6.009	70.00	0.671
79.474	0.05	Adapter 6009Hz	11	6.009	70.00	0.671
79.554	0.05	Adapter 6009Hz	11	6.009	70.00	0.671
79.634	0.05	Adapter 6009Hz	11	6.009	70.00	0.671
79.714	0.05	Adapter 6009Hz	11	6.009	70.00	0.671
79.974	0.05	Adapter 6009Hz	11	6.009	70.00	0.671
80.054	0.05	Adapter 6009Hz	11	6.009	70.00	0.671
80.134	0.05	Adapter 6009Hz	11	6.009	70.00	0.671
80.214	0.05	Adapter 6009Hz	11	6.009	70.00	0.671
80.474	0.05	Adapter 6009Hz	11	6.009	70.00	0.671
80.554	0.05	Adapter 6009Hz	11	6.009	70.00	0.671
80.634	0.05	Adapter 6009Hz	11	6.009	70.00	0.671
80.714	0.05	Adapter 6009Hz	11	6.009	70.00	0.671
80.974	0.05	Adapter 6009Hz	11	6.009	70.00	0.671
81.054	0.05	Adapter 6009Hz	11	6.009	70.00	0.671
81.134	0.05	Adapter 6009Hz	11	6.009	70.00	0.671
81.214	0.05	Adapter 6009Hz	11	6.009	70.00	0.671
81.474	0.05	Adapter 6009Hz	11	6.009	70.00	0.671
81.554	0.05	Adapter 6009Hz	11	6.009	70.00	0.671
81.634	0.05	Adapter 6009Hz	11	6.009	70.00	0.671
81.714	0.05	Adapter 6009Hz	11	6.009	70.00	0.671
81.974	0.05	Adapter 6009Hz	11	6.009	70.00	0.671
82.054	0.05	Adapter 6009Hz	11	6.009	70.00	0.671
82.134	0.05	Adapter 6009Hz	11	6.009	70.00	0.671
82.214	0.05	Adapter 6009Hz	11	6.009	70.00	0.671
85.266	0.05	Probe 3839Hz	12	3.839	70.00	0.437
85.766	0.05	Probe 3839Hz	12	3.839	70.00	0.437
86.266	0.05	Probe 3839Hz	12	3.839	70.00	0.437
86.766	0.05	Probe 3839Hz	12	3.839	70.00	0.437
87.266	0.05	Probe 3839Hz	12	3.839	70.00	0.437
87.766	0.05	Probe 3839Hz	12	3.839	70.00	0.437
88.266	0.05	Probe 3839Hz	12	3.839	70.00	0.437
88.766	0.05	Probe 3839Hz	12	3.839	70.00	0.437
89.266	0.05	Probe 3839Hz	12	3.839	70.00	0.437
89.766	0.05	Probe 3839Hz	12	3.839	70.00	0.437
92.497	0.05	Adapter 1501Hz Probe 3839Hz	13	1.501	70.00	0.186
92.577	0.05	Adapter 1501Hz Probe 3839Hz	13	1.501	70.00	0.186
92.657	0.05	Adapter 1501Hz Probe 3839Hz	13	1.501	70.00	0.186
92.737	0.05	Adapter 1501Hz Probe 3839Hz	13	1.501	70.00	0.186
92.817	0.05	Adapter 1501Hz Probe 3839Hz	13	3.839	70.00	0.437
92.997	0.05	Adapter 1501Hz Probe 3839Hz	13	1.501	70.00	0.186
93.077	0.05	Adapter 1501Hz Probe 3839Hz	13	1.501	70.00	0.186
93.157	0.05	Adapter 1501Hz Probe 3839Hz	13	1.501	70.00	0.186
93.237	0.05	Adapter 1501Hz Probe 3839Hz	13	1.501	70.00	0.186
93.317	0.05	Adapter 1501Hz Probe 3839Hz	13	3.839	70.00	0.437
93.497	0.05	Adapter 1501Hz Probe 3839Hz	13	1.501	70.00	0.186
93.577	0.05	Adapter 1501Hz Probe 3839Hz	13	1.501	70.00	0.186
93.657	0.05	Adapter 1501Hz Probe 3839Hz	13	1.501	70.00	0.186
93.737	0.05	Adapter 1501Hz Probe 3839Hz	13	1.501	70.00	0.186
93.817	0.05	Adapter 1501Hz Probe 3839Hz	13	3.839	70.00	0.437
93.997	0.05	Adapter 1501Hz Probe 3839Hz	13	1.501	70.00	0.186
94.077	0.05	Adapter 1501Hz Probe 3839Hz	13	1.501	70.00	0.186
94.157	0.05	Adapter 1501Hz Probe 3839Hz	13	1.501	70.00	0.186
94.237	0.05	Adapter 1501Hz Probe 3839Hz	13	1.501	70.00	0.186
94.317	0.05	Adapter 1501Hz Probe 3839Hz	13	3.839	70.00	0.437
94.497	0.05	Adapter 1501Hz Probe 3839Hz	13	1.501	70.00	0.186
94.577	0.05	Adapter 1501Hz Probe 3839Hz	13	1.501	70.00	0.186
94.657	0.05	Adapter 1501Hz Probe 3839Hz	13	1.501	70.00	0.186
94.737	0.05	Adapter 1501Hz Probe 3839Hz	13	1.501	70.00	0.186
94.817	0.05	Adapter 1501Hz Probe 3839Hz	13	3.839	70.00	0.437
94.997	0.05	Adapter 1501Hz Probe 3839Hz	13	1.501	70.00	0.186
95.077	0.05	Adapter 1501Hz Probe 3839Hz	13	1.501	70.00	0.186
95.157	0.05	Adapter 1501Hz Probe 3839Hz	13	1.501	70.00	0.186
95.237	0.05	Adapter 1501Hz Probe 3839Hz	13	1.501	70.00	0.186
95.317	0.05	Adapter 1501Hz Probe 3839Hz	13	3.839	70.00	0.437
95.497	0.05	Adapter 1501Hz Probe 3839Hz	13	1.501	70.00	0.186
95.577	0.05	Adapter 1501Hz Probe 3839Hz	13	1.501	70.00	0.186
95.657	0.05	Adapter 1501Hz Probe 3839Hz	13	1.501	70.00	0.186
95.737	0.05	Adapter 1501Hz Probe 3839Hz	13	1.501	70.00	0.186
95.817	0.05	Adapter 1501Hz Probe 3839Hz	13	3.839	70.00	0.437
95.997	0.05	Adapter 1501Hz Probe 3839Hz	13	1.501	70.00	0.186
96.077	0.05	Adapter 1501Hz Probe 3839Hz	13	1.501	70.00	0.186
96.157	0.05	Adapter 1501Hz Probe 3839Hz	13	1.501	70.00	0.186
96.237	0.05	Adapter 1501Hz Probe 3839Hz	13	1.501	70.00	0.186
96.317	0.05	Adapter 1501Hz Probe 3839Hz	13	3.839	70.00	0.437
96.497	0.05	Adapter 1501Hz Probe 3839Hz	13	1.501	70.00	0.186
96.577	0.05	Adapter 1501Hz Probe 3839Hz	13	1.501	70.00	0.186
96.657	0.05	Adapter 1501Hz Probe 3839Hz	13	1.501	70.00	0.186
96.737	0.05	Adapter 1501Hz Probe 3839Hz	13	1.501	70.00	0.186
96.817	0.05	Adapter 1501Hz Probe 3839Hz	13	3.839	70.00	0.437
96.997	0.05	Adapter 1501Hz Probe 3839Hz	13	1.501	70.00	0.186
97.077	0.05	Adapter 1501Hz Probe 3839Hz	13	1.501	70.00	0.186
97.157	0.05	Adapter 1501Hz Probe 3839Hz	13	1.501	70.00	0.186
97.237	0.05	Adapter 1501Hz Probe 3839Hz	13	1.501	70.00	0.186
97.317	0.05	Adapter 1501Hz Probe 3839Hz	13	3.839	70.00	0.437
100.001	0.05	Adapter 2423Hz	14	2.423	70.00	0.285
100.081	0.05	Adapter 2423Hz	14	2.423	70.00	0.285
100.161	0.05	Adapter 2423Hz	14	2.423	70.00	0.285
100.241	0.05	Adapter 2423Hz	14	2.423	70.00	0.285
100.501	0.05	Adapter 2423Hz	14	2.423	70.00	0.285
100.581	0.05	Adapter 2423Hz	14	2.423	70.00	0.285
100.661	0.05	Adapter 2423Hz	14	2.423	70.00	0.285
100.741	0.05	Adapter 2423Hz	14	2.423	70.00	0.285
101.001	0.05	Adapter 2423Hz	14	2.423	70.00	0.285
101.081	0.05	Adapter 2423Hz	14	2.423	70.00	0.285
101.161	0.05	Adapter 2423Hz	14	2.423	70.00	0.285
101.241	0.05	Adapter 2423Hz	14	2.423	70.00	0.285
101.501	0.05	Adapter 2423Hz	14	2.423	70.00	0.285
101.581	0.05	Adapter 2423Hz	14	2.423	70.00	0.285
101.661	0.05	Adapter 2423Hz	14	2.423	70.00	0.285
101.741	0.05	Adapter 2423Hz	14	2.423	70.00	0.285
102.001	0.05	Adapter 2423Hz	14	2.423	70.00	0.285
102.081	0.05	Adapter 2423Hz	14	2.423	70.00	0.285
102.161	0.05	Adapter 2423Hz	14	2.423	70.00	0.285
102.241	0.05	Adapter 2423Hz	14	2.423	70.00	0.285
102.501	0.05	Adapter 2423Hz	14	2.423	70.00	0.285
102.581	0.05	Adapter 2423Hz	14	2.423	70.00	0.285
102.661	0.05	Adapter 2423Hz	14	2.423	70.00	0.285
102.741	0.05	Adapter 2423Hz	14	2.423	70.00	0.285
103.001	0.05	Adapter 2423Hz	14	2.423	70.00	0.285
103.081	0.05	Adapter 2423Hz	14	2.423	70.00	0.285
103.161	0.05	Adapter 2423Hz	14	2.423	70.00	0.285
103.241	0.05	Adapter 2423Hz	14	2.423	70.00	0.285
103.501	0.05	Adapter 2423Hz	14	2.423	70.00	0.285
103.581	0.05	Adapter 2423Hz	14	2.423	70.00	0.285
103.661	0.05	Adapter 2423Hz	14	2.423	70.00	0.285
103.741	0.05	Adapter 2423Hz	14	2.423	70.00	0.285
104.001	0.05	Adapter 2423Hz	14	2.423	70.00	0.285
104.081	0.05	Adapter 2423Hz	14	2.423	70.00	0.285
104.161	0.05	Adapter 2423Hz	14	2.423	70.00	0.285
104.241	0.05	Adapter 2423Hz	14	2.423	70.00	0.285
104.501	0.05	Adapter 2423Hz	14	2.423	70.00	0.285
104.581	0.05	Adapter 2423Hz	14	2.423	70.00	0.285
104.661	0.05	Adapter 2423Hz	14	2.423	70.00	0.285
104.741	0.05	Adapter 2423Hz	14	2.423	70.00	0.285
107.473	0.05	Adapter 1501Hz	15	1.501	70.00	0.186
107.553	0.05	Adapter 1501Hz	15	1.501	70.00	0.186
107.633	0.05	Adapter 1501Hz	15	1.501	70.00	0.186
107.713	0.05	Adapter 1501Hz	15	1.501	70.00	0.186
107.973	0.05	Adapter 1501Hz	15	1.501	70.00	0.186
108.053	0.05	Adapter 1501Hz	15	1.501	70.00	0.186
108.133	0.05	Adapter 1501Hz	15	1.501	70.00	0.186
108.213	0.05	Adapter 1501Hz	15	1.501	70.00	0.186
108.473	0.05	Adapter 1501Hz	15	1.501	70.00	0.186
108.553	0.05	Adapter 1501Hz	15	1.501	70.00	0.186
108.633	0.05	Adapter 1501Hz	15	1.501	70.00	0.186
108.713	0.05	Adapter 1501Hz	15	1.501	70.00	0.186
108.973	0.05	Adapter 1501Hz	15	1.501	70.00	0.186
109.053	0.05	Adapter 1501Hz	15	1.501	70.00	0.186
109.133	0.05	Adapter 1501Hz	15	1.501	70.00	0.186
109.213	0.05	Adapter 1501Hz	15	1.501	70.00	0.186
109.473	0.05	Adapter 1501Hz	15	1.501	70.00	0.186
109.553	0.05	Adapter 1501Hz	15	1.501	70.00	0.186
109.633	0.05	Adapter 1501Hz	15	1.501	70.00	0.186
109.713	0.05	Adapter 1501Hz	15	1.501	70.00	0.186
109.973	0.05	Adapter 1501Hz	15	1.501	70.00	0.186
110.053	0.05	Adapter 1501Hz	15	1.501	70.00	0.186
110.133	0.05	Adapter 1501Hz	15	1.501	70.00	0.186
110.213	0.05	Adapter 1501Hz	15	1.501	70.00	0.186
110.473	0.05	Adapter 1501Hz	15	1.501	70.00	0.186
110.553	0.05	Adapter 1501Hz	15	1.501	70.00	0.186
110.633	0.05	Adapter 1501Hz	15	1.501	70.00	0.186
110.713	0.05	Adapter 1501Hz	15	1.501	70.00	0.186
110.973	0.05	Adapter 1501Hz	15	1.501	70.00	0.186
111.053	0.05	Adapter 1501Hz	15	1.501	70.00	0.186
111.133	0.05	Adapter 1501Hz	15	1.501	70.00	0.186
111.213	0.05	Adapter 1501Hz	15	1.501	70.00	0.186
111.473	0.05	Adapter 1501Hz	15	1.501	70.00	0.186
111.553	0.05	Adapter 1501Hz	15	1.501	70.00	0.186
111.633	0.05	Adapter 1501Hz	15	1.501	70.00	0.186
111.713	0.05	Adapter 1501Hz	15	1.501	70.00	0.186
111.973	0.05	Adapter 1501Hz	15	1.501	70.00	0.186
112.053	0.05	Adapter 1501Hz	15	1.501	70.00	0.186
112.133	0.05	Adapter 1501Hz	15	1.501	70.00	0.186
112.213	0.05	Adapter 1501Hz	15	1.501	70.00	0.186
114.945	0.05	Adapter 3839Hz Probe 3839Hz	16	3.839	70.00	0.437
115.025	0.05	Adapter 3839Hz Probe 3839Hz	16	3.839	70.00	0.437
115.105	0.05	Adapter 3839Hz Probe 3839Hz	16	3.839	70.00	0.437
115.185	0.05	Adapter 3839Hz Probe 3839Hz	16	3.839	70.00	0.437
115.265	0.05	Adapter 3839Hz Probe 3839Hz	16	3.839	70.00	0.437
115.445	0.05	Adapter 3839Hz Probe 3839Hz	16	3.839	70.00	0.437
115.525	0.05	Adapter 3839Hz Probe 3839Hz	16	3.839	70.00	0.437
115.605	0.05	Adapter 3839Hz Probe 3839Hz	16	3.839	70.00	0.437
115.685	0.05	Adapter 3839Hz Probe 3839Hz	16	3.839	70.00	0.437
115.765	0.05	Adapter 3839Hz Probe 3839Hz	16	3.839	70.00	0.437
115.945	0.05	Adapter 3839Hz Probe 3839Hz	16	3.839	70.00	0.437
116.025	0.05	Adapter 3839Hz Probe 3839Hz	16	3.839	70.00	0.437
116.105	0.05	Adapter 3839Hz Probe 3839Hz	16	3.839	70.00	0.437
116.185	0.05	Adapter 3839Hz Probe 3839Hz	16	3.839	70.00	0.437
116.265	0.05	Adapter 3839Hz Probe 3839Hz	16	3.839	70.00	0.437
116.445	0.05	Adapter 3839Hz Probe 3839Hz	16	3.839	70.00	0.437
116.525	0.05	Adapter 3839Hz Probe 3839Hz	16	3.839	70.00	0.437
116.605	0.05	Adapter 3839Hz Probe 3839Hz	16	3.839	70.00	0.437
116.685	0.05	Adapter 3839Hz Probe 3839Hz	16	3.839	70.00	0.437
116.765	0.05	Adapter 3839Hz Probe 3839Hz	16	3.839	70.00	0.437
116.945	0.05	Adapter 3839Hz Probe 3839Hz	16	3.839	70.00	0.437
117.025	0.05	Adapter 3839Hz Probe 3839Hz	16	3.839	70.00	0.437
117.105	0.05	Adapter 3839Hz Probe 3839Hz	16	3.839	70.00	0.437
117.185	0.05	Adapter 3839Hz Probe 3839Hz	16	3.839	70.00	0.437
117.265	0.05	Adapter 3839Hz Probe 3839Hz	16	3.839	70.00	0.437
117.445	0.05	Adapter 3839Hz Probe 3839Hz	16	3.839	70.00	0.437
117.525	0.05	Adapter 3839Hz Probe 3839Hz	16	3.839	70.00	0.437
117.605	0.05	Adapter 3839Hz Probe 3839Hz	16	3.839	70.00	0.437
117.685	0.05	Adapter 3839Hz Probe 3839Hz	16	3.839	70.00	0.437
117.765	0.05	Adapter 3839Hz Probe 3839Hz	16	3.839	70.00	0.437
117.945	0.05	Adapter 3839Hz Probe 3839Hz	16	3.839	70.00	0.437
118.025	0.05	Adapter 3839Hz Probe 3839Hz	16	3.839	70.00	0.437
118.105	0.05	Adapter 3839Hz Probe 3839Hz	16	3.839	70.00	0.437
118.185	0.05	Adapter 3839Hz Probe 3839Hz	16	3.839	70.00	0.437
118.265	0.05	Adapter 3839Hz Probe 3839Hz	16	3.839	70.00	0.437
118.445	0.05	Adapter 3839Hz Probe 3839Hz	16	3.839	70.00	0.437
118.525	0.05	Adapter 3839Hz Probe 3839Hz	16	3.839	70.00	0.437
118.605	0.05	Adapter 3839Hz Probe 3839Hz	16	3.839	70.00	0.437
118.685	0.05	Adapter 3839Hz Probe 3839Hz	16	3.839	70.00	0.437
118.765	0.05	Adapter 3839Hz Probe 3839Hz	16	3.839	70.00	0.437
118.945	0.05	Adapter 3839Hz Probe 3839Hz	16	3.839	70.00	0.437
119.025	0.05	Adapter 3839Hz Probe 3839Hz	16	3.839	70.00	0.437
119.105	0.05	Adapter 3839Hz Probe 3839Hz	16	3.839	70.00	0.437
119.185	0.05	Adapter 3839Hz Probe 3839Hz	16	3.839	70.00	0.437
119.265	0.05	Adapter 3839Hz Probe 3839Hz	16	3.839	70.00	0.437
119.445	0.05	Adapter 3839Hz Probe 3839Hz	16	3.839	70.00	0.437
119.525	0.05	Adapter 3839Hz Probe 3839Hz	16	3.839	70.00	0.437
119.605	0.05	Adapter 3839Hz Probe 3839Hz	16	3.839	70.00	0.437
119.685	0.05	Adapter 3839Hz Probe 3839Hz	16	3.839	70.00	0.437
119.765	0.05	Adapter 3839Hz Probe 3839Hz	16	3.839	70.00	0.437
129.984	0.05	Adapter 507Hz	18	0.507	70.00	0.079
130.064	0.05	Adapter 507Hz	18	0.507	70.00	0.079
130.144	0.05	Adapter 507Hz	18	0.507	70.00	0.079
130.224	0.05	Adapter 507Hz	18	0.507	70.00	0.079
130.484	0.05	Adapter 507Hz	18	0.507	70.00	0.079
130.564	0.05	Adapter 507Hz	18	0.507	70.00	0.079
130.644	0.05	Adapter 507Hz	18	0.507	70.00	0.079
130.724	0.05	Adapter 507Hz	18	0.507	70.00	0.079
130.984	0.05	Adapter 507Hz	18	0.507	70.00	0.079
131.064	0.05	Adapter 507Hz	18	0.507	70.00	0.079
131.144	0.05	Adapter 507Hz	18	0.507	70.00	0.079
131.224	0.05	Adapter 507Hz	18	0.507	70.00	0.079
131.484	0.05	Adapter 507Hz	18	0.507	70.00	0.079
131.564	0.05	Adapter 507Hz	18	0.507	70.00	0.079
131.644	0.05	Adapter 507Hz	18	0.507	70.00	0.079
131.724	0.05	Adapter 507Hz	18	0.507	70.00	0.079
131.984	0.05	Adapter 507Hz	18	0.507	70.00	0.079
132.064	0.05	Adapter 507Hz	18	0.507	70.00	0.079
132.144	0.05	Adapter 507Hz	18	0.507	70.00	0.079
132.224	0.05	Adapter 507Hz	18	0.507	70.00	0.079
132.484	0.05	Adapter 507Hz	18	0.507	70.00	0.079
132.564	0.05	Adapter 507Hz	18	0.507	70.00	0.079
132.644	0.05	Adapter 507Hz	18	0.507	70.00	0.079
132.724	0.05	Adapter 507Hz	18	0.507	70.00	0.079
132.984	0.05	Adapter 507Hz	18	0.507	70.00	0.079
133.064	0.05	Adapter 507Hz	18	0.507	70.00	0.079
133.144	0.05	Adapter 507Hz	18	0.507	70.00	0.079
133.224	0.05	Adapter 507Hz	18	0.507	70.00	0.079
133.484	0.05	Adapter 507Hz	18	0.507	70.00	0.079
133.564	0.05	Adapter 507Hz	18	0.507	70.00	0.079
133.644	0.05	Adapter 507Hz	18	0.507	70.00	0.079
133.724	0.05	Adapter 507Hz	18	0.507	70.00	0.079
133.984	0.05	Adapter 507Hz	18	0.507	70.00	0.079
134.064	0.05	Adapter 507Hz	18	0.507	70.00	0.079
134.144	0.05	Adapter 507Hz	18	0.507	70.00	0.079
134.224	0.05	Adapter 507Hz	18	0.507	70.00	0.079
134.484	0.05	Adapter 507Hz	18	0.507	70.00	0.079
134.564	0.05	Adapter 507Hz	18	0.507	70.00	0.079
134.644	0.05	Adapter 507Hz	18	0.507	70.00	0.079
134.724	0.05	Adapter 507Hz	18	0.507	70.00	0.079
137.823	0.05	Probe 3839Hz	19	3.839	70.00	0.437
138.323	0.05	Probe 3839Hz	19	3.839	70.00	0.437
138.823	0.05	Probe 3839Hz	19	3.839	70.00	0.437
139.323	0.05	Probe 3839Hz	19	3.839	70.00	0.437
139.823	0.05	Probe 3839Hz	19	3.839	70.00	0.437
140.323	0.05	Probe 3839Hz	19	3.839	70.00	0.437
140.823	0.05	Probe 3839Hz	19	3.839	70.00	0.437
141.323	0.05	Probe 3839Hz	19	3.839	70.00	0.437
141.823	0.05	Probe 3839Hz	19	3.839	70.00	0.437
142.323	0.05	Probe 3839Hz	19	3.839	70.00	0.437
144.975	0.05	Adapter 899Hz Probe 3839Hz	20	0.899	70.00	0.121
145.055	0.05	Adapter 899Hz Probe 3839Hz	20	0.899	70.00	0.121
145.135	0.05	Adapter 899Hz Probe 3839Hz	20	0.899	70.00	0.121
145.215	0.05	Adapter 899Hz Probe 3839Hz	20	0.899	70.00	0.121
145.295	0.05	Adapter 899Hz Probe 3839Hz	20	3.839	70.00	0.437
145.475	0.05	Adapter 899Hz Probe 3839Hz	20	0.899	70.00	0.121
145.555	0.05	Adapter 899Hz Probe 3839Hz	20	0.899	70.00	0.121
145.635	0.05	Adapter 899Hz Probe 3839Hz	20	0.899	70.00	0.121
145.715	0.05	Adapter 899Hz Probe 3839Hz	20	0.899	70.00	0.121
145.795	0.05	Adapter 899Hz Probe 3839Hz	20	3.839	70.00	0.437
145.975	0.05	Adapter 899Hz Probe 3839Hz	20	0.899	70.00	0.121
146.055	0.05	Adapter 899Hz Probe 3839Hz	20	0.899	70.00	0.121
146.135	0.05	Adapter 899Hz Probe 3839Hz	20	0.899	70.00	0.121
146.215	0.05	Adapter 899Hz Probe 3839Hz	20	0.899	70.00	0.121
146.295	0.05	Adapter 899Hz Probe 3839Hz	20	3.839	70.00	0.437
146.475	0.05	Adapter 899Hz Probe 3839Hz	20	0.899	70.00	0.121
146.555	0.05	Adapter 899Hz Probe 3839Hz	20	0.899	70.00	0.121
146.635	0.05	Adapter 899Hz Probe 3839Hz	20	0.899	70.00	0.121
146.715	0.05	Adapter 899Hz Probe 3839Hz	20	0.899	70.00	0.121
146.795	0.05	Adapter 899Hz Probe 3839Hz	20	3.839	70.00	0.437
146.975	0.05	Adapter 899Hz Probe 3839Hz	20	0.899	70.00	0.121
147.055	0.05	Adapter 899Hz Probe 3839Hz	20	0.899	70.00	0.121
147.135	0.05	Adapter 899Hz Probe 3839Hz	20	0.899	70.00	0.121
147.215	0.05	Adapter 899Hz Probe 3839Hz	20	0.899	70.00	0.121
147.295	0.05	Adapter 899Hz Probe 3839Hz	20	3.839	70.00	0.437
147.475	0.05	Adapter 899Hz Probe 3839Hz	20	0.899	70.00	0.121
147.555	0.05	Adapter 899Hz Probe 3839Hz	20	0.899	70.00	0.121
147.635	0.05	Adapter 899Hz Probe 3839Hz	20	0.899	70.00	0.121
147.715	0.05	Adapter 899Hz Probe 3839Hz	20	0.899	70.00	0.121
147.795	0.05	Adapter 899Hz Probe 3839Hz	20	3.839	70.00	0.437
147.975	0.05	Adapter 899Hz Probe 3839Hz	20	0.899	70.00	0.121
148.055	0.05	Adapter 899Hz Probe 3839Hz	20	0.899	70.00	0.121
148.135	0.05	Adapter 899Hz Probe 3839Hz	20	0.899	70.00	0.121
148.215	0.05	Adapter 899Hz Probe 3839Hz	20	0.899	70.00	0.121
148.295	0.05	Adapter 899Hz Probe 3839Hz	20	3.839	70.00	0.437
148.475	0.05	Adapter 899Hz Probe 3839Hz	20	0.899	70.00	0.121
148.555	0.05	Adapter 899Hz Probe 3839Hz	20	0.899	70.00	0.121
148.635	0.05	Adapter 899Hz Probe 3839Hz	20	0.899	70.00	0.121
148.715	0.05	Adapter 899Hz Probe 3839Hz	20	0.899	70.00	0.121
148.795	0.05	Adapter 899Hz Probe 3839Hz	20	3.839	70.00	0.437
148.975	0.05	Adapter 899Hz Probe 3839Hz	20	0.899	70.00	0.121
149.055	0.05	Adapter 899Hz Probe 3839Hz	20	0.899	70.00	0.121
149.135	0.05	Adapter 899Hz Probe 3839Hz	20	0.899	70.00	0.121
149.215	0.05	Adapter 899Hz Probe 3839Hz	20	0.899	70.00	0.121
149.295	0.05	Adapter 899Hz Probe 3839Hz	20	3.839	70.00	0.437
149.475	0.05	Adapter 899Hz Probe 3839Hz	20	0.899	70.00	0.121
149.555	0.05	Adapter 899Hz Probe 3839Hz	20	0.899	70.00	0.121
149.635	0.05	Adapter 899Hz Probe 3839Hz	20	0.899	70.00	0.121
149.715	0.05	Adapter 899Hz Probe 3839Hz	20	0.899	70.00	0.121
149.795	0.05	Adapter 899Hz Probe 3839Hz	20	3.839	70.00	0.437
159.998	0.05	Adapter 3839Hz Probe 3839Hz	22	3.839	70.00	0.437
160.078	0.05	Adapter 3839Hz Probe 3839Hz	22	3.839	70.00	0.437
160.158	0.05	Adapter 3839Hz Probe 3839Hz	22	3.839	70.00	0.437
160.238	0.05	Adapter 3839Hz Probe 3839Hz	22	3.839	70.00	0.437
160.318	0.05	Adapter 3839Hz Probe 3839Hz	22	3.839	70.00	0.437
160.498	0.05	Adapter 3839Hz Probe 3839Hz	22	3.839	70.00	0.437
160.578	0.05	Adapter 3839Hz Probe 3839Hz	22	3.839	70.00	0.437
160.658	0.05	Adapter 3839Hz Probe 3839Hz	22	3.839	70.00	0.437
160.738	0.05	Adapter 3839Hz Probe 3839Hz	22	3.839	70.00	0.437
160.818	0.05	Adapter 3839Hz Probe 3839Hz	22	3.839	70.00	0.437
160.998	0.05	Adapter 3839Hz Probe 3839Hz	22	3.839	70.00	0.437
161.078	0.05	Adapter 3839Hz Probe 3839Hz	22	3.839	70.00	0.437
161.158	0.05	Adapter 3839Hz Probe 3839Hz	22	3.839	70.00	0.437
161.238	0.05	Adapter 3839Hz Probe 3839Hz	22	3.839	70.00	0.437
161.318	0.05	Adapter 3839Hz Probe 3839Hz	22	3.839	70.00	0.437
161.498	0.05	Adapter 3839Hz Probe 3839Hz	22	3.839	70.00	0.437
161.578	0.05	Adapter 3839Hz Probe 3839Hz	22	3.839	70.00	0.437
161.658	0.05	Adapter 3839Hz Probe 3839Hz	22	3.839	70.00	0.437
161.738	0.05	Adapter 3839Hz Probe 3839Hz	22	3.839	70.00	0.437
161.818	0.05	Adapter 3839Hz Probe 3839Hz	22	3.839	70.00	0.437
161.998	0.05	Adapter 3839Hz Probe 3839Hz	22	3.839	70.00	0.437
162.078	0.05	Adapter 3839Hz Probe 3839Hz	22	3.839	70.00	0.437
162.158	0.05	Adapter 3839Hz Probe 3839Hz	22	3.839	70.00	0.437
162.238	0.05	Adapter 3839Hz Probe 3839Hz	22	3.839	70.00	0.437
162.318	0.05	Adapter 3839Hz Probe 3839Hz	22	3.839	70.00	0.437
162.498	0.05	Adapter 3839Hz Probe 3839Hz	22	3.839	70.00	0.437
162.578	0.05	Adapter 3839Hz Probe 3839Hz	22	3.839	70.00	0.437
162.658	0.05	Adapter 3839Hz Probe 3839Hz	22	3.839	70.00	0.437
162.738	0.05	Adapter 3839Hz Probe 3839Hz	22	3.839	70.00	0.437
162.818	0.05	Adapter 3839Hz Probe 3839Hz	22	3.839	70.00	0.437
162.998	0.05	Adapter 3839Hz Probe 3839Hz	22	3.839	70.00	0.437
163.078	0.05	Adapter 3839Hz Probe 3839Hz	22	3.839	70.00	0.437
163.158	0.05	Adapter 3839Hz Probe 3839Hz	22	3.839	70.00	0.437
163.238	0.05	Adapter 3839Hz Probe 3839Hz	22	3.839	70.00	0.437
163.318	0.05	Adapter 3839Hz Probe 3839Hz	22	3.839	70.00	0.437
163.498	0.05	Adapter 3839Hz Probe 3839Hz	22	3.839	70.00	0.437
163.578	0.05	Adapter 3839Hz Probe 3839Hz	22	3.839	70.00	0.437
163.658	0.05	Adapter 3839Hz Probe 3839Hz	22	3.839	70.00	0.437
163.738	0.05	Adapter 3839Hz Probe 3839Hz	22	3.839	70.00	0.437
163.818	0.05	Adapter 3839Hz Probe 3839Hz	22	3.839	70.00	0.437
163.998	0.05	Adapter 3839Hz Probe 3839Hz	22	3.839	70.00	0.437
164.078	0.05	Adapter 3839Hz Probe 3839Hz	22	3.839	70.00	0.437
164.158	0.05	Adapter 3839Hz Probe 3839Hz	22	3.839	70.00	0.437
164.238	0.05	Adapter 3839Hz Probe 3839Hz	22	3.839	70.00	0.437
164.318	0.05	Adapter 3839Hz Probe 3839Hz	22	3.839	70.00	0.437
164.498	0.05	Adapter 3839Hz Probe 3839Hz	22	3.839	70.00	0.437
164.578	0.05	Adapter 3839Hz Probe 3839Hz	22	3.839	70.00	0.437
164.658	0.05	Adapter 3839Hz Probe 3839Hz	22	3.839	70.00	0.437
164.738	0.05	Adapter 3839Hz Probe 3839Hz	22	3.839	70.00	0.437
164.818	0.05	Adapter 3839Hz Probe 3839Hz	22	3.839	70.00	0.437
167.502	0.05	Adapter 507Hz Probe 3839Hz	23	0.507	70.00	0.079
167.582	0.05	Adapter 507Hz Probe 3839Hz	23	0.507	70.00	0.079
167.662	0.05	Adapter 507Hz Probe 3839Hz	23	0.507	70.00	0.079
167.742	0.05	Adapter 507Hz Probe 3839Hz	23	0.507	70.00	0.079
167.822	0.05	Adapter 507Hz Probe 3839Hz	23	3.839	70.00	0.437
168.002	0.05	Adapter 507Hz Probe 3839Hz	23	0.507	70.00	0.079
168.082	0.05	Adapter 507Hz Probe 3839Hz	23	0.507	70.00	0.079
168.162	0.05	Adapter 507Hz Probe 3839Hz	23	0.507	70.00	0.079
168.242	0.05	Adapter 507Hz Probe 3839Hz	23	0.507	70.00	0.079
168.322	0.05	Adapter 507Hz Probe 3839Hz	23	3.839	70.00	0.437
168.502	0.05	Adapter 507Hz Probe 3839Hz	23	0.507	70.00	0.079
168.582	0.05	Adapter 507Hz Probe 3839Hz	23	0.507	70.00	0.079
168.662	0.05	Adapter 507Hz Probe 3839Hz	23	0.507	70.00	0.079
168.742	0.05	Adapter 507Hz Probe 3839Hz	23	0.507	70.00	0.079
168.822	0.05	Adapter 507Hz Probe 3839Hz	23	3.839	70.00	0.437
169.002	0.05	Adapter 507Hz Probe 3839Hz	23	0.507	70.00	0.079
169.082	0.05	Adapter 507Hz Probe 3839Hz	23	0.507	70.00	0.079
169.162	0.05	Adapter 507Hz Probe 3839Hz	23	0.507	70.00	0.079
169.242	0.05	Adapter 507Hz Probe 3839Hz	23	0.507	70.00	0.079
169.322	0.05	Adapter 507Hz Probe 3839Hz	23	3.839	70.00	0.437
169.502	0.05	Adapter 507Hz Probe 3839Hz	23	0.507	70.00	0.079
169.582	0.05	Adapter 507Hz Probe 3839Hz	23	0.507	70.00	0.079
169.662	0.05	Adapter 507Hz Probe 3839Hz	23	0.507	70.00	0.079
169.742	0.05	Adapter 507Hz Probe 3839Hz	23	0.507	70.00	0.079
169.822	0.05	Adapter 507Hz Probe 3839Hz	23	3.839	70.00	0.437
170.002	0.05	Adapter 507Hz Probe 3839Hz	23	0.507	70.00	0.079
170.082	0.05	Adapter 507Hz Probe 3839Hz	23	0.507	70.00	0.079
170.162	0.05	Adapter 507Hz Probe 3839Hz	23	0.507	70.00	0.079
170.242	0.05	Adapter 507Hz Probe 3839Hz	23	0.507	70.00	0.079
170.322	0.05	Adapter 507Hz Probe 3839Hz	23	3.839	70.00	0.437
170.502	0.05	Adapter 507Hz Probe 3839Hz	23	0.507	70.00	0.079
170.582	0.05	Adapter 507Hz Probe 3839Hz	23	0.507	70.00	0.079
170.662	0.05	Adapter 507Hz Probe 3839Hz	23	0.507	70.00	0.079
170.742	0.05	Adapter 507Hz Probe 3839Hz	23	0.507	70.00	0.079
170.822	0.05	Adapter 507Hz Probe 3839Hz	23	3.839	70.00	0.437
171.002	0.05	Adapter 507Hz Probe 3839Hz	23	0.507	70.00	0.079
171.082	0.05	Adapter 507Hz Probe 3839Hz	23	0.507	70.00	0.079
171.162	0.05	Adapter 507Hz Probe 3839Hz	23	0.507	70.00	0.079
171.242	0.05	Adapter 507Hz Probe 3839Hz	23	0.507	70.00	0.079
171.322	0.05	Adapter 507Hz Probe 3839Hz	23	3.839	70.00	0.437
171.502	0.05	Adapter 507Hz Probe 3839Hz	23	0.507	70.00	0.079
171.582	0.05	Adapter 507Hz Probe 3839Hz	23	0.507	70.00	0.079
171.662	0.05	Adapter 507Hz Probe 3839Hz	23	0.507	70.00	0.079
171.742	0.05	Adapter 507Hz Probe 3839Hz	23	0.507	70.00	0.079
171.822	0.05	Adapter 507Hz Probe 3839Hz	23	3.839	70.00	0.437
172.002	0.05	Adapter 507Hz Probe 3839Hz	23	0.507	70.00	0.079
172.082	0.05	Adapter 507Hz Probe 3839Hz	23	0.507	70.00	0.079
172.162	0.05	Adapter 507Hz Probe 3839Hz	23	0.507	70.00	0.079
172.242	0.05	Adapter 507Hz Probe 3839Hz	23	0.507	70.00	0.079
172.322	0.05	Adapter 507Hz Probe 3839Hz	23	3.839	70.00	0.437
174.959	0.05	Adapter 899Hz	24	0.899	70.00	0.121
175.039	0.05	Adapter 899Hz	24	0.899	70.00	0.121
175.119	0.05	Adapter 899Hz	24	0.899	70.00	0.121
175.199	0.05	Adapter 899Hz	24	0.899	70.00	0.121
175.459	0.05	Adapter 899Hz	24	0.899	70.00	0.121
175.539	0.05	Adapter 899Hz	24	0.899	70.00	0.121
175.619	0.05	Adapter 899Hz	24	0.899	70.00	0.121
175.699	0.05	Adapter 899Hz	24	0.899	70.00	0.121
175.959	0.05	Adapter 899Hz	24	0.899	70.00	0.121
176.039	0.05	Adapter 899Hz	24	0.899	70.00	0.121
176.119	0.05	Adapter 899Hz	24	0.899	70.00	0.121
176.199	0.05	Adapter 899Hz	24	0.899	70.00	0.121
176.459	0.05	Adapter 899Hz	24	0.899	70.00	0.121
176.539	0.05	Adapter 899Hz	24	0.899	70.00	0.121
176.619	0.05	Adapter 899Hz	24	0.899	70.00	0.121
176.699	0.05	Adapter 899Hz	24	0.899	70.00	0.121
176.959	0.05	Adapter 899Hz	24	0.899	70.00	0.121
177.039	0.05	Adapter 899Hz	24	0.899	70.00	0.121
177.119	0.05	Adapter 899Hz	24	0.899	70.00	0.121
177.199	0.05	Adapter 899Hz	24	0.899	70.00	0.121
177.459	0.05	Adapter 899Hz	24	0.899	70.00	0.121
177.539	0.05	Adapter 899Hz	24	0.899	70.00	0.121
177.619	0.05	Adapter 899Hz	24	0.899	70.00	0.121
177.699	0.05	Adapter 899Hz	24	0.899	70.00	0.121
177.959	0.05	Adapter 899Hz	24	0.899	70.00	0.121
178.039	0.05	Adapter 899Hz	24	0.899	70.00	0.121
178.119	0.05	Adapter 899Hz	24	0.899	70.00	0.121
178.199	0.05	Adapter 899Hz	24	0.899	70.00	0.121
178.459	0.05	Adapter 899Hz	24	0.899	70.00	0.121
178.539	0.05	Adapter 899Hz	24	0.899	70.00	0.121
178.619	0.05	Adapter 899Hz	24	0.899	70.00	0.121
178.699	0.05	Adapter 899Hz	24	0.899	70.00	0.121
178.959	0.05	Adapter 899Hz	24	0.899	70.00	0.121
179.039	0.05	Adapter 899Hz	24	0.899	70.00	0.121
179.119	0.05	Adapter 899Hz	24	0.899	70.00	0.121
179.199	0.05	Adapter 899Hz	24	0.899	70.00	0.121
179.459	0.05	Adapter 899Hz	24	0.899	70.00	0.121
179.539	0.05	Adapter 899Hz	24	0.899	70.00	0.121
179.619	0.05	Adapter 899Hz	24	0.899	70.00	0.121
179.699	0.05	Adapter 899Hz	24	0.899	70.00	0.121
182.462	0.05	Adapter 1501Hz	25	1.501	70.00	0.186
182.542	0.05	Adapter 1501Hz	25	1.501	70.00	0.186
182.622	0.05	Adapter 1501Hz	25	1.501	70.00	0.186
182.702	0.05	Adapter 1501Hz	25	1.501	70.00	0.186
182.962	0.05	Adapter 1501Hz	25	1.501	70.00	0.186
183.042	0.05	Adapter 1501Hz	25	1.501	70.00	0.186
183.122	0.05	Adapter 1501Hz	25	1.501	70.00	0.186
183.202	0.05	Adapter 1501Hz	25	1.501	70.00	0.186
183.462	0.05	Adapter 1501Hz	25	1.501	70.00	0.186
183.542	0.05	Adapter 1501Hz	25	1.501	70.00	0.186
183.622	0.05	Adapter 1501Hz	25	1.501	70.00	0.186
183.702	0.05	Adapter 1501Hz	25	1.501	70.00	0.186
183.962	0.05	Adapter 1501Hz	25	1.501	70.00	0.186
184.042	0.05	Adapter 1501Hz	25	1.501	70.00	0.186
184.122	0.05	Adapter 1501Hz	25	1.501	70.00	0.186
184.202	0.05	Adapter 1501Hz	25	1.501	70.00	0.186
184.462	0.05	Adapter 1501Hz	25	1.501	70.00	0.186
184.542	0.05	Adapter 1501Hz	25	1.501	70.00	0.186
184.622	0.05	Adapter 1501Hz	25	1.501	70.00	0.186
184.702	0.05	Adapter 1501Hz	25	1.501	70.00	0.186
184.962	0.05	Adapter 1501Hz	25	1.501	70.00	0.186
185.042	0.05	Adapter 1501Hz	25	1.501	70.00	0.186
185.122	0.05	Adapter 1501Hz	25	1.501	70.00	0.186
185.202	0.05	Adapter 1501Hz	25	1.501	70.00	0.186
185.462	0.05	Adapter 1501Hz	25	1.501	70.00	0.186
185.542	0.05	Adapter 1501Hz	25	1.501	70.00	0.186
185.622	0.05	Adapter 1501Hz	25	1.501	70.00	0.186
185.702	0.05	Adapter 1501Hz	25	1.501	70.00	0.186
185.962	0.05	Adapter 1501Hz	25	1.501	70.00	0.186
186.042	0.05	Adapter 1501Hz	25	1.501	70.00	0.186
186.122	0.05	Adapter 1501Hz	25	1.501	70.00	0.186
186.202	0.05	Adapter 1501Hz	25	1.501	70.00	0.186
186.462	0.05	Adapter 1501Hz	25	1.501	70.00	0.186
186.542	0.05	Adapter 1501Hz	25	1.501	70.00	0.186
186.622	0.05	Adapter 1501Hz	25	1.501	70.00	0.186
186.702	0.05	Adapter 1501Hz	25	1.501	70.00	0.186
186.962	0.05	Adapter 1501Hz	25	1.501	70.00	0.186
187.042	0.05	Adapter 1501Hz	25	1.501	70.00	0.186
187.122	0.05	Adapter 1501Hz	25	1.501	70.00	0.186
187.202	0.05	Adapter 1501Hz	25	1.501	70.00	0.186
189.997	0.05	Adapter 2423Hz Probe 3839Hz	26	2.423	70.00	0.285
190.077	0.05	Adapter 2423Hz Probe 3839Hz	26	2.423	70.00	0.285
190.157	0.05	Adapter 2423Hz Probe 3839Hz	26	2.423	70.00	0.285
190.237	0.05	Adapter 2423Hz Probe 3839Hz	26	2.423	70.00	0.285
190.317	0.05	Adapter 2423Hz Probe 3839Hz	26	3.839	70.00	0.437
190.497	0.05	Adapter 2423Hz Probe 3839Hz	26	2.423	70.00	0.285
190.577	0.05	Adapter 2423Hz Probe 3839Hz	26	2.423	70.00	0.285
190.657	0.05	Adapter 2423Hz Probe 3839Hz	26	2.423	70.00	0.285
190.737	0.05	Adapter 2423Hz Probe 3839Hz	26	2.423	70.00	0.285
190.817	0.05	Adapter 2423Hz Probe 3839Hz	26	3.839	70.00	0.437
190.997	0.05	Adapter 2423Hz Probe 3839Hz	26	2.423	70.00	0.285
191.077	0.05	Adapter 2423Hz Probe 3839Hz	26	2.423	70.00	0.285
191.157	0.05	Adapter 2423Hz Probe 3839Hz	26	2.423	70.00	0.285
191.237	0.05	Adapter 2423Hz Probe 3839Hz	26	2.423	70.00	0.285
191.317	0.05	Adapter 2423Hz Probe 3839Hz	26	3.839	70.00	0.437
191.497	0.05	Adapter 2423Hz Probe 3839Hz	26	2.423	70.00	0.285
191.577	0.05	Adapter 2423Hz Probe 3839Hz	26	2.423	70.00	0.285
191.657	0.05	Adapter 2423Hz Probe 3839Hz	26	2.423	70.00	0.285
191.737	0.05	Adapter 2423Hz Probe 3839Hz	26	2.423	70.00	0.285
191.817	0.05	Adapter 2423Hz Probe 3839Hz	26	3.839	70.00	0.437
191.997	0.05	Adapter 2423Hz Probe 3839Hz	26	2.423	70.00	0.285
192.077	0.05	Adapter 2423Hz Probe 3839Hz	26	2.423	70.00	0.285
192.157	0.05	Adapter 2423Hz Probe 3839Hz	26	2.423	70.00	0.285
192.237	0.05	Adapter 2423Hz Probe 3839Hz	26	2.423	70.00	0.285
192.317	0.05	Adapter 2423Hz Probe 3839Hz	26	3.839	70.00	0.437
192.497	0.05	Adapter 2423Hz Probe 3839Hz	26	2.423	70.00	0.285
192.577	0.05	Adapter 2423Hz Probe 3839Hz	26	2.423	70.00	0.285
192.657	0.05	Adapter 2423Hz Probe 3839Hz	26	2.423	70.00	0.285
192.737	0.05	Adapter 2423Hz Probe 3839Hz	26	2.423	70.00	0.285
192.817	0.05	Adapter 2423Hz Probe 3839Hz	26	3.839	70.00	0.437
192.997	0.05	Adapter 2423Hz Probe 3839Hz	26	2.423	70.00	0.285
193.077	0.05	Adapter 2423Hz Probe 3839Hz	26	2.423	70.00	0.285
193.157	0.05	Adapter 2423Hz Probe 3839Hz	26	2.423	70.00	0.285
193.237	0.05	Adapter 2423Hz Probe 3839Hz	26	2.423	70.00	0.285
193.317	0.05	Adapter 2423Hz Probe 3839Hz	26	3.839	70.00	0.437
193.497	0.05	Adapter 2423Hz Probe 3839Hz	26	2.423	70.00	0.285
193.577	0.05	Adapter 2423Hz Probe 3839Hz	26	2.423	70.00	0.285
193.657	0.05	Adapter 2423Hz Probe 3839Hz	26	2.423	70.00	0.285
193.737	0.05	Adapter 2423Hz Probe 3839Hz	26	2.423	70.00	0.285
193.817	0.05	Adapter 2423Hz Probe 3839Hz	26	3.839	70.00	0.437
193.997	0.05	Adapter 2423Hz Probe 3839Hz	26	2.423	70.00	0.285
194.077	0.05	Adapter 2423Hz Probe 3839Hz	26	2.423	70.00	0.285
194.157	0.05	Adapter 2423Hz Probe 3839Hz	26	2.423	70.00	0.285
194.237	0.05	Adapter 2423Hz Probe 3839Hz	26	2.423	70.00	0.285
194.317	0.05	Adapter 2423Hz Probe 3839Hz	26	3.839	70.00	0.437
194.497	0.05	Adapter 2423Hz Probe 3839Hz	26	2.423	70.00	0.285
194.577	0.05	Adapter 2423Hz Probe 3839Hz	26	2.423	70.00	0.285
194.657	0.05	Adapter 2423Hz Probe 3839Hz	26	2.423	70.00	0.285
194.737	0.05	Adapter 2423Hz Probe 3839Hz	26	2.423	70.00	0.285
194.817	0.05	Adapter 2423Hz Probe 3839Hz	26	3.839	70.00	0.437
197.501	0.05	Adapter 251Hz	27	0.251	70.00	0.052
197.581	0.05	Adapter 251Hz	27	0.251	70.00	0.052
197.661	0.05	Adapter 251Hz	27	0.251	70.00	0.052
197.741	0.05	Adapter 251Hz	27	0.251	70.00	0.052
198.001	0.05	Adapter 251Hz	27	0.251	70.00	0.052
198.081	0.05	Adapter 251Hz	27	0.251	70.00	0.052
198.161	0.05	Adapter 251Hz	27	0.251	70.00	0.052
198.241	0.05	Adapter 251Hz	27	0.251	70.00	0.052
198.501	0.05	Adapter 251Hz	27	0.251	70.00	0.052
198.581	0.05	Adapter 251Hz	27	0.251	70.00	0.052
198.661	0.05	Adapter 251Hz	27	0.251	70.00	0.052
198.741	0.05	Adapter 251Hz	27	0.251	70.00	0.052
199.001	0.05	Adapter 251Hz	27	0.251	70.00	0.052
199.081	0.05	Adapter 251Hz	27	0.251	70.00	0.052
199.161	0.05	Adapter 251Hz	27	0.251	70.00	0.052
199.241	0.05	Adapter 251Hz	27	0.251	70.00	0.052
199.501	0.05	Adapter 251Hz	27	0.251	70.00	0.052
199.581	0.05	Adapter 251Hz	27	0.251	70.00	0.052
199.661	0.05	Adapter 251Hz	27	0.251	70.00	0.052
199.741	0.05	Adapter 251Hz	27	0.251	70.00	0.052
200.001	0.05	Adapter 251Hz	27	0.251	70.00	0.052
200.081	0.05	Adapter 251Hz	27	0.251	70.00	0.052
200.161	0.05	Adapter 251Hz	27	0.251	70.00	0.052
200.241	0.05	Adapter 251Hz	27	0.251	70.00	0.052
200.501	0.05	Adapter 251Hz	27	0.251	70.00	0.052
200.581	0.05	Adapter 251Hz	27	0.251	70.00	0.052
200.661	0.05	Adapter 251Hz	27	0.251	70.00	0.052
200.741	0.05	Adapter 251Hz	27	0.251	70.00	0.052
201.001	0.05	Adapter 251Hz	27	0.251	70.00	0.052
201.081	0.05	Adapter 251Hz	27	0.251	70.00	0.052
201.161	0.05	Adapter 251Hz	27	0.251	70.00	0.052
201.241	0.05	Adapter 251Hz	27	0.251	70.00	0.052
201.501	0.05	Adapter 251Hz	27	0.251	70.00	0.052
201.581	0.05	Adapter 251Hz	27	0.251	70.00	0.052
201.661	0.05	Adapter 251Hz	27	0.251	70.00	0.052
201.741	0.05	Adapter 251Hz	27	0.251	70.00	0.052
202.001	0.05	Adapter 251Hz	27	0.251	70.00	0.052
202.081	0.05	Adapter 251Hz	27	0.251	70.00	0.052
202.161	0.05	Adapter 251Hz	27	0.251	70.00	0.052
202.241	0.05	Adapter 251Hz	27	0.251	70.00	0.052
212.508	0.05	Adapter 1501Hz Probe 3839Hz	29	1.501	70.00	0.186
212.588	0.05	Adapter 1501Hz Probe 3839Hz	29	1.501	70.00	0.186
212.668	0.05	Adapter 1501Hz Probe 3839Hz	29	1.501	70.00	0.186
212.748	0.05	Adapter 1501Hz Probe 3839Hz	29	1.501	70.00	0.186
212.828	0.05	Adapter 1501Hz Probe 3839Hz	29	3.839	70.00	0.437
213.008	0.05	Adapter 1501Hz Probe 3839Hz	29	1.501	70.00	0.186
213.088	0.05	Adapter 1501Hz Probe 3839Hz	29	1.501	70.00	0.186
213.168	0.05	Adapter 1501Hz Probe 3839Hz	29	1.501	70.00	0.186
213.248	0.05	Adapter 1501Hz Probe 3839Hz	29	1.501	70.00	0.186
213.328	0.05	Adapter 1501Hz Probe 3839Hz	29	3.839	70.00	0.437
213.508	0.05	Adapter 1501Hz Probe 3839Hz	29	1.501	70.00	0.186
213.588	0.05	Adapter 1501Hz Probe 3839Hz	29	1.501	70.00	0.186
213.668	0.05	Adapter 1501Hz Probe 3839Hz	29	1.501	70.00	0.186
213.748	0.05	Adapter 1501Hz Probe 3839Hz	29	1.501	70.00	0.186
213.828	0.05	Adapter 1501Hz Probe 3839Hz	29	3.839	70.00	0.437
214.008	0.05	Adapter 1501Hz Probe 3839Hz	29	1.501	70.00	0.186
214.088	0.05	Adapter 1501Hz Probe 3839Hz	29	1.501	70.00	0.186
214.168	0.05	Adapter 1501Hz Probe 3839Hz	29	1.501	70.00	0.186
214.248	0.05	Adapter 1501Hz Probe 3839Hz	29	1.501	70.00	0.186
214.328	0.05	Adapter 1501Hz Probe 3839Hz	29	3.839	70.00	0.437
214.508	0.05	Adapter 1501Hz Probe 3839Hz	29	1.501	70.00	0.186
214.588	0.05	Adapter 1501Hz Probe 3839Hz	29	1.501	70.00	0.186
214.668	0.05	Adapter 1501Hz Probe 3839Hz	29	1.501	70.00	0.186
214.748	0.05	Adapter 1501Hz Probe 3839Hz	29	1.501	70.00	0.186
214.828	0.05	Adapter 1501Hz Probe 3839Hz	29	3.839	70.00	0.437
215.008	0.05	Adapter 1501Hz Probe 3839Hz	29	1.501	70.00	0.186
215.088	0.05	Adapter 1501Hz Probe 3839Hz	29	1.501	70.00	0.186
215.168	0.05	Adapter 1501Hz Probe 3839Hz	29	1.501	70.00	0.186
215.248	0.05	Adapter 1501Hz Probe 3839Hz	29	1.501	70.00	0.186
215.328	0.05	Adapter 1501Hz Probe 3839Hz	29	3.839	70.00	0.437
215.508	0.05	Adapter 1501Hz Probe 3839Hz	29	1.501	70.00	0.186
215.588	0.05	Adapter 1501Hz Probe 3839Hz	29	1.501	70.00	0.186
215.668	0.05	Adapter 1501Hz Probe 3839Hz	29	1.501	70.00	0.186
215.748	0.05	Adapter 1501Hz Probe 3839Hz	29	1.501	70.00	0.186
215.828	0.05	Adapter 1501Hz Probe 3839Hz	29	3.839	70.00	0.437
216.008	0.05	Adapter 1501Hz Probe 3839Hz	29	1.501	70.00	0.186
216.088	0.05	Adapter 1501Hz Probe 3839Hz	29	1.501	70.00	0.186
216.168	0.05	Adapter 1501Hz Probe 3839Hz	29	1.501	70.00	0.186
216.248	0.05	Adapter 1501Hz Probe 3839Hz	29	1.501	70.00	0.186
216.328	0.05	Adapter 1501Hz Probe 3839Hz	29	3.839	70.00	0.437
216.508	0.05	Adapter 1501Hz Probe 3839Hz	29	1.501	70.00	0.186
216.588	0.05	Adapter 1501Hz Probe 3839Hz	29	1.501	70.00	0.186
216.668	0.05	Adapter 1501Hz Probe 3839Hz	29	1.501	70.00	0.186
216.748	0.05	Adapter 1501Hz Probe 3839Hz	29	1.501	70.00	0.186
216.828	0.05	Adapter 1501Hz Probe 3839Hz	29	3.839	70.00	0.437
217.008	0.05	Adapter 1501Hz Probe 3839Hz	29	1.501	70.00	0.186
217.088	0.05	Adapter 1501Hz Probe 3839Hz	29	1.501	70.00	0.186
217.168	0.05	Adapter 1501Hz Probe 3839Hz	29	1.501	70.00	0.186
217.248	0.05	Adapter 1501Hz Probe 3839Hz	29	1.501	70.00	0.186
217.328	0.05	Adapter 1501Hz Probe 3839Hz	29	3.839	70.00	0.437
219.98	0.05	Adapter 3839Hz	30	3.839	70.00	0.437
220.06	0.05	Adapter 3839Hz	30	3.839	70.00	0.437
220.14	0.05	Adapter 3839Hz	30	3.839	70.00	0.437
220.22	0.05	Adapter 3839Hz	30	3.839	70.00	0.437
220.48	0.05	Adapter 3839Hz	30	3.839	70.00	0.437
220.56	0.05	Adapter 3839Hz	30	3.839	70.00	0.437
220.64	0.05	Adapter 3839Hz	30	3.839	70.00	0.437
220.72	0.05	Adapter 3839Hz	30	3.839	70.00	0.437
220.98	0.05	Adapter 3839Hz	30	3.839	70.00	0.437
221.06	0.05	Adapter 3839Hz	30	3.839	70.00	0.437
221.14	0.05	Adapter 3839Hz	30	3.839	70.00	0.437
221.22	0.05	Adapter 3839Hz	30	3.839	70.00	0.437
221.48	0.05	Adapter 3839Hz	30	3.839	70.00	0.437
221.56	0.05	Adapter 3839Hz	30	3.839	70.00	0.437
221.64	0.05	Adapter 3839Hz	30	3.839	70.00	0.437
221.72	0.05	Adapter 3839Hz	30	3.839	70.00	0.437
221.98	0.05	Adapter 3839Hz	30	3.839	70.00	0.437
222.06	0.05	Adapter 3839Hz	30	3.839	70.00	0.437
222.14	0.05	Adapter 3839Hz	30	3.839	70.00	0.437
222.22	0.05	Adapter 3839Hz	30	3.839	70.00	0.437
222.48	0.05	Adapter 3839Hz	30	3.839	70.00	0.437
222.56	0.05	Adapter 3839Hz	30	3.839	70.00	0.437
222.64	0.05	Adapter 3839Hz	30	3.839	70.00	0.437
222.72	0.05	Adapter 3839Hz	30	3.839	70.00	0.437
222.98	0.05	Adapter 3839Hz	30	3.839	70.00	0.437
223.06	0.05	Adapter 3839Hz	30	3.839	70.00	0.437
223.14	0.05	Adapter 3839Hz	30	3.839	70.00	0.437
223.22	0.05	Adapter 3839Hz	30	3.839	70.00	0.437
223.48	0.05	Adapter 3839Hz	30	3.839	70.00	0.437
223.56	0.05	Adapter 3839Hz	30	3.839	70.00	0.437
223.64	0.05	Adapter 3839Hz	30	3.839	70.00	0.437
223.72	0.05	Adapter 3839Hz	30	3.839	70.00	0.437
223.98	0.05	Adapter 3839Hz	30	3.839	70.00	0.437
224.06	0.05	Adapter 3839Hz	30	3.839	70.00	0.437
224.14	0.05	Adapter 3839Hz	30	3.839	70.00	0.437
224.22	0.05	Adapter 3839Hz	30	3.839	70.00	0.437
224.48	0.05	Adapter 3839Hz	30	3.839	70.00	0.437
224.56	0.05	Adapter 3839Hz	30	3.839	70.00	0.437
224.64	0.05	Adapter 3839Hz	30	3.839	70.00	0.437
224.72	0.05	Adapter 3839Hz	30	3.839	70.00	0.437
227.484	0.05	Adapter 2423Hz	31	2.423	70.00	0.285
227.564	0.05	Adapter 2423Hz	31	2.423	70.00	0.285
227.644	0.05	Adapter 2423Hz	31	2.423	70.00	0.285
227.724	0.05	Adapter 2423Hz	31	2.423	70.00	0.285
227.984	0.05	Adapter 2423Hz	31	2.423	70.00	0.285
228.064	0.05	Adapter 2423Hz	31	2.423	70.00	0.285
228.144	0.05	Adapter 2423Hz	31	2.423	70.00	0.285
228.224	0.05	Adapter 2423Hz	31	2.423	70.00	0.285
228.484	0.05	Adapter 2423Hz	31	2.423	70.00	0.285
228.564	0.05	Adapter 2423Hz	31	2.423	70.00	0.285
228.644	0.05	Adapter 2423Hz	31	2.423	70.00	0.285
228.724	0.05	Adapter 2423Hz	31	2.423	70.00	0.285
228.984	0.05	Adapter 2423Hz	31	2.423	70.00	0.285
229.064	0.05	Adapter 2423Hz	31	2.423	70.00	0.285
229.144	0.05	Adapter 2423Hz	31	2.423	70.00	0.285
229.224	0.05	Adapter 2423Hz	31	2.423	70.00	0.285
229.484	0.05	Adapter 2423Hz	31	2.423	70.00	0.285
229.564	0.05	Adapter 2423Hz	31	2.423	70.00	0.285
229.644	0.05	Adapter 2423Hz	31	2.423	70.00	0.285
229.724	0.05	Adapter 2423Hz	31	2.423	70.00	0.285
229.984	0.05	Adapter 2423Hz	31	2.423	70.00	0.285
230.064	0.05	Adapter 2423Hz	31	2.423	70.00	0.285
230.144	0.05	Adapter 2423Hz	31	2.423	70.00	0.285
230.224	0.05	Adapter 2423Hz	31	2.423	70.00	0.285
230.484	0.05	Adapter 2423Hz	31	2.423	70.00	0.285
230.564	0.05	Adapter 2423Hz	31	2.423	70.00	0.285
230.644	0.05	Adapter 2423Hz	31	2.423	70.00	0.285
230.724	0.05	Adapter 2423Hz	31	2.423	70.00	0.285
230.984	0.05	Adapter 2423Hz	31	2.423	70.00	0.285
231.064	0.05	Adapter 2423Hz	31	2.423	70.00	0.285
231.144	0.05	Adapter 2423Hz	31	2.423	70.00	0.285
231.224	0.05	Adapter 2423Hz	31	2.423	70.00	0.285
231.484	0.05	Adapter 2423Hz	31	2.423	70.00	0.285
231.564	0.05	Adapter 2423Hz	31	2.423	70.00	0.285
231.644	0.05	Adapter 2423Hz	31	2.423	70.00	0.285
231.724	0.05	Adapter 2423Hz	31	2.423	70.00	0.285
231.984	0.05	Adapter 2423Hz	31	2.423	70.00	0.285
232.064	0.05	Adapter 2423Hz	31	2.423	70.00	0.285
232.144	0.05	Adapter 2423Hz	31	2.423	70.00	0.285
232.224	0.05	Adapter 2423Hz	31	2.423	70.00	0.285
234.956	0.05	Adapter 6009Hz	32	6.009	70.00	0.671
235.036	0.05	Adapter 6009Hz	32	6.009	70.00	0.671
235.116	0.05	Adapter 6009Hz	32	6.009	70.00	0.671
235.196	0.05	Adapter 6009Hz	32	6.009	70.00	0.671
235.456	0.05	Adapter 6009Hz	32	6.009	70.00	0.671
235.536	0.05	Adapter 6009Hz	32	6.009	70.00	0.671
235.616	0.05	Adapter 6009Hz	32	6.009	70.00	0.671
235.696	0.05	Adapter 6009Hz	32	6.009	70.00	0.671
235.956	0.05	Adapter 6009Hz	32	6.009	70.00	0.671
236.036	0.05	Adapter 6009Hz	32	6.009	70.00	0.671
236.116	0.05	Adapter 6009Hz	32	6.009	70.00	0.671
236.196	0.05	Adapter 6009Hz	32	6.009	70.00	0.671
236.456	0.05	Adapter 6009Hz	32	6.009	70.00	0.671
236.536	0.05	Adapter 6009Hz	32	6.009	70.00	0.671
236.616	0.05	Adapter 6009Hz	32	6.009	70.00	0.671
236.696	0.05	Adapter 6009Hz	32	6.009	70.00	0.671
236.956	0.05	Adapter 6009Hz	32	6.009	70.00	0.671
237.036	0.05	Adapter 6009Hz	32	6.009	70.00	0.671
237.116	0.05	Adapter 6009Hz	32	6.009	70.00	0.671
237.196	0.05	Adapter 6009Hz	32	6.009	70.00	0.671
237.456	0.05	Adapter 6009Hz	32	6.009	70.00	0.671
237.536	0.05	Adapter 6009Hz	32	6.009	70.00	0.671
237.616	0.05	Adapter 6009Hz	32	6.009	70.00	0.671
237.696	0.05	Adapter 6009Hz	32	6.009	70.00	0.671
237.956	0.05	Adapter 6009Hz	32	6.009	70.00	0.671
238.036	0.05	Adapter 6009Hz	32	6.009	70.00	0.671
238.116	0.05	Adapter 6009Hz	32	6.009	70.00	0.671
238.196	0.05	Adapter 6009Hz	32	6.009	70.00	0.671
238.456	0.05	Adapter 6009Hz	32	6.009	70.00	0.671
238.536	0.05	Adapter 6009Hz	32	6.009	70.00	0.671
238.616	0.05	Adapter 6009Hz	32	6.009	70.00	0.671
238.696	0.05	Adapter 6009Hz	32	6.009	70.00	0.671
238.956	0.05	Adapter 6009Hz	32	6.009	70.00	0.671
239.036	0.05	Adapter 6009Hz	32	6.009	70.00	0.671
239.116	0.05	Adapter 6009Hz	32	6.009	70.00	0.671
239.196	0.05	Adapter 6009Hz	32	6.009	70.00	0.671
239.456	0.05	Adapter 6009Hz	32	6.009	70.00	0.671
239.536	0.05	Adapter 6009Hz	32	6.009	70.00	0.671
239.616	0.05	Adapter 6009Hz	32	6.009	70.00	0.671
239.696	0.05	Adapter 6009Hz	32	6.009	70.00	0.671
249.948	0.05	Adapter 1501Hz	34	1.501	70.00	0.186
250.028	0.05	Adapter 1501Hz	34	1.501	70.00	0.186
250.108	0.05	Adapter 1501Hz	34	1.501	70.00	0.186
250.188	0.05	Adapter 1501Hz	34	1.501	70.00	0.186
250.448	0.05	Adapter 1501Hz	34	1.501	70.00	0.186
250.528	0.05	Adapter 1501Hz	34	1.501	70.00	0.186
250.608	0.05	Adapter 1501Hz	34	1.501	70.00	0.186
250.688	0.05	Adapter 1501Hz	34	1.501	70.00	0.186
250.948	0.05	Adapter 1501Hz	34	1.501	70.00	0.186
251.028	0.05	Adapter 1501Hz	34	1.501	70.00	0.186
251.108	0.05	Adapter 1501Hz	34	1.501	70.00	0.186
251.188	0.05	Adapter 1501Hz	34	1.501	70.00	0.186
251.448	0.05	Adapter 1501Hz	34	1.501	70.00	0.186
251.528	0.05	Adapter 1501Hz	34	1.501	70.00	0.186
251.608	0.05	Adapter 1501Hz	34	1.501	70.00	0.186
251.688	0.05	Adapter 1501Hz	34	1.501	70.00	0.186
251.948	0.05	Adapter 1501Hz	34	1.501	70.00	0.186
252.028	0.05	Adapter 1501Hz	34	1.501	70.00	0.186
252.108	0.05	Adapter 1501Hz	34	1.501	70.00	0.186
252.188	0.05	Adapter 1501Hz	34	1.501	70.00	0.186
252.448	0.05	Adapter 1501Hz	34	1.501	70.00	0.186
252.528	0.05	Adapter 1501Hz	34	1.501	70.00	0.186
252.608	0.05	Adapter 1501Hz	34	1.501	70.00	0.186
252.688	0.05	Adapter 1501Hz	34	1.501	70.00	0.186
252.948	0.05	Adapter 1501Hz	34	1.501	70.00	0.186
253.028	0.05	Adapter 1501Hz	34	1.501	70.00	0.186
253.108	0.05	Adapter 1501Hz	34	1.501	70.00	0.186
253.188	0.05	Adapter 1501Hz	34	1.501	70.00	0.186
253.448	0.05	Adapter 1501Hz	34	1.501	70.00	0.186
253.528	0.05	Adapter 1501Hz	34	1.501	70.00	0.186
253.608	0.05	Adapter 1501Hz	34	1.501	70.00	0.186
253.688	0.05	Adapter 1501Hz	34	1.501	70.00	0.186
253.948	0.05	Adapter 1501Hz	34	1.501	70.00	0.186
254.028	0.05	Adapter 1501Hz	34	1.501	70.00	0.186
254.108	0.05	Adapter 1501Hz	34	1.501	70.00	0.186
254.188	0.05	Adapter 1501Hz	34	1.501	70.00	0.186
254.448	0.05	Adapter 1501Hz	34	1.501	70.00	0.186
254.528	0.05	Adapter 1501Hz	34	1.501	70.00	0.186
254.608	0.05	Adapter 1501Hz	34	1.501	70.00	0.186
254.688	0.05	Adapter 1501Hz	34	1.501	70.00	0.186
257.452	0.05	Adapter 6009Hz	35	6.009	70.00	0.671
257.532	0.05	Adapter 6009Hz	35	6.009	70.00	0.671
257.612	0.05	Adapter 6009Hz	35	6.009	70.00	0.671
257.692	0.05	Adapter 6009Hz	35	6.009	70.00	0.671
257.952	0.05	Adapter 6009Hz	35	6.009	70.00	0.671
258.032	0.05	Adapter 6009Hz	35	6.009	70.00	0.671
258.112	0.05	Adapter 6009Hz	35	6.009	70.00	0.671
258.192	0.05	Adapter 6009Hz	35	6.009	70.00	0.671
258.452	0.05	Adapter 6009Hz	35	6.009	70.00	0.671
258.532	0.05	Adapter 6009Hz	35	6.009	70.00	0.671
258.612	0.05	Adapter 6009Hz	35	6.009	70.00	0.671
258.692	0.05	Adapter 6009Hz	35	6.009	70.00	0.671
258.952	0.05	Adapter 6009Hz	35	6.009	70.00	0.671
259.032	0.05	Adapter 6009Hz	35	6.009	70.00	0.671
259.112	0.05	Adapter 6009Hz	35	6.009	70.00	0.671
259.192	0.05	Adapter 6009Hz	35	6.009	70.00	0.671
259.452	0.05	Adapter 6009Hz	35	6.009	70.00	0.671
259.532	0.05	Adapter 6009Hz	35	6.009	70.00	0.671
259.612	0.05	Adapter 6009Hz	35	6.009	70.00	0.671
259.692	0.05	Adapter 6009Hz	35	6.009	70.00	0.671
259.952	0.05	Adapter 6009Hz	35	6.009	70.00	0.671
260.032	0.05	Adapter 6009Hz	35	6.009	70.00	0.671
260.112	0.05	Adapter 6009Hz	35	6.009	70.00	0.671
260.192	0.05	Adapter 6009Hz	35	6.009	70.00	0.671
260.452	0.05	Adapter 6009Hz	35	6.009	70.00	0.671
260.532	0.05	Adapter 6009Hz	35	6.009	70.00	0.671
260.612	0.05	Adapter 6009Hz	35	6.009	70.00	0.671
260.692	0.05	Adapter 6009Hz	35	6.009	70.00	0.671
260.952	0.05	Adapter 6009Hz	35	6.009	70.00	0.671
261.032	0.05	Adapter 6009Hz	35	6.009	70.00	0.671
261.112	0.05	Adapter 6009Hz	35	6.009	70.00	0.671
261.192	0.05	Adapter 6009Hz	35	6.009	70.00	0.671
261.452	0.05	Adapter 6009Hz	35	6.009	70.00	0.671
261.532	0.05	Adapter 6009Hz	35	6.009	70.00	0.671
261.612	0.05	Adapter 6009Hz	35	6.009	70.00	0.671
261.692	0.05	Adapter 6009Hz	35	6.009	70.00	0.671
261.952	0.05	Adapter 6009Hz	35	6.009	70.00	0.671
262.032	0.05	Adapter 6009Hz	35	6.009	70.00	0.671
262.112	0.05	Adapter 6009Hz	35	6.009	70.00	0.671
262.192	0.05	Adapter 6009Hz	35	6.009	70.00	0.671
264.971	0.05	Adapter 507Hz Probe 3839Hz	36	0.507	70.00	0.079
265.051	0.05	Adapter 507Hz Probe 3839Hz	36	0.507	70.00	0.079
265.131	0.05	Adapter 507Hz Probe 3839Hz	36	0.507	70.00	0.079
265.211	0.05	Adapter 507Hz Probe 3839Hz	36	0.507	70.00	0.079
265.291	0.05	Adapter 507Hz Probe 3839Hz	36	3.839	70.00	0.437
265.471	0.05	Adapter 507Hz Probe 3839Hz	36	0.507	70.00	0.079
265.551	0.05	Adapter 507Hz Probe 3839Hz	36	0.507	70.00	0.079
265.631	0.05	Adapter 507Hz Probe 3839Hz	36	0.507	70.00	0.079
265.711	0.05	Adapter 507Hz Probe 3839Hz	36	0.507	70.00	0.079
265.791	0.05	Adapter 507Hz Probe 3839Hz	36	3.839	70.00	0.437
265.971	0.05	Adapter 507Hz Probe 3839Hz	36	0.507	70.00	0.079
266.051	0.05	Adapter 507Hz Probe 3839Hz	36	0.507	70.00	0.079
266.131	0.05	Adapter 507Hz Probe 3839Hz	36	0.507	70.00	0.079
266.211	0.05	Adapter 507Hz Probe 3839Hz	36	0.507	70.00	0.079
266.291	0.05	Adapter 507Hz Probe 3839Hz	36	3.839	70.00	0.437
266.471	0.05	Adapter 507Hz Probe 3839Hz	36	0.507	70.00	0.079
266.551	0.05	Adapter 507Hz Probe 3839Hz	36	0.507	70.00	0.079
266.631	0.05	Adapter 507Hz Probe 3839Hz	36	0.507	70.00	0.079
266.711	0.05	Adapter 507Hz Probe 3839Hz	36	0.507	70.00	0.079
266.791	0.05	Adapter 507Hz Probe 3839Hz	36	3.839	70.00	0.437
266.971	0.05	Adapter 507Hz Probe 3839Hz	36	0.507	70.00	0.079
267.051	0.05	Adapter 507Hz Probe 3839Hz	36	0.507	70.00	0.079
267.131	0.05	Adapter 507Hz Probe 3839Hz	36	0.507	70.00	0.079
267.211	0.05	Adapter 507Hz Probe 3839Hz	36	0.507	70.00	0.079
267.291	0.05	Adapter 507Hz Probe 3839Hz	36	3.839	70.00	0.437
267.471	0.05	Adapter 507Hz Probe 3839Hz	36	0.507	70.00	0.079
267.551	0.05	Adapter 507Hz Probe 3839Hz	36	0.507	70.00	0.079
267.631	0.05	Adapter 507Hz Probe 3839Hz	36	0.507	70.00	0.079
267.711	0.05	Adapter 507Hz Probe 3839Hz	36	0.507	70.00	0.079
267.791	0.05	Adapter 507Hz Probe 3839Hz	36	3.839	70.00	0.437
267.971	0.05	Adapter 507Hz Probe 3839Hz	36	0.507	70.00	0.079
268.051	0.05	Adapter 507Hz Probe 3839Hz	36	0.507	70.00	0.079
268.131	0.05	Adapter 507Hz Probe 3839Hz	36	0.507	70.00	0.079
268.211	0.05	Adapter 507Hz Probe 3839Hz	36	0.507	70.00	0.079
268.291	0.05	Adapter 507Hz Probe 3839Hz	36	3.839	70.00	0.437
268.471	0.05	Adapter 507Hz Probe 3839Hz	36	0.507	70.00	0.079
268.551	0.05	Adapter 507Hz Probe 3839Hz	36	0.507	70.00	0.079
268.631	0.05	Adapter 507Hz Probe 3839Hz	36	0.507	70.00	0.079
268.711	0.05	Adapter 507Hz Probe 3839Hz	36	0.507	70.00	0.079
268.791	0.05	Adapter 507Hz Probe 3839Hz	36	3.839	70.00	0.437
268.971	0.05	Adapter 507Hz Probe 3839Hz	36	0.507	70.00	0.079
269.051	0.05	Adapter 507Hz Probe 3839Hz	36	0.507	70.00	0.079
269.131	0.05	Adapter 507Hz Probe 3839Hz	36	0.507	70.00	0.079
269.211	0.05	Adapter 507Hz Probe 3839Hz	36	0.507	70.00	0.079
269.291	0.05	Adapter 507Hz Probe 3839Hz	36	3.839	70.00	0.437
269.471	0.05	Adapter 507Hz Probe 3839Hz	36	0.507	70.00	0.079
269.551	0.05	Adapter 507Hz Probe 3839Hz	36	0.507	70.00	0.079
269.631	0.05	Adapter 507Hz Probe 3839Hz	36	0.507	70.00	0.079
269.711	0.05	Adapter 507Hz Probe 3839Hz	36	0.507	70.00	0.079
269.791	0.05	Adapter 507Hz Probe 3839Hz	36	3.839	70.00	0.437
279.978	0.05	Adapter 2423Hz	38	2.423	70.00	0.285
280.058	0.05	Adapter 2423Hz	38	2.423	70.00	0.285
280.138	0.05	Adapter 2423Hz	38	2.423	70.00	0.285
280.218	0.05	Adapter 2423Hz	38	2.423	70.00	0.285
280.478	0.05	Adapter 2423Hz	38	2.423	70.00	0.285
280.558	0.05	Adapter 2423Hz	38	2.423	70.00	0.285
280.638	0.05	Adapter 2423Hz	38	2.423	70.00	0.285
280.718	0.05	Adapter 2423Hz	38	2.423	70.00	0.285
280.978	0.05	Adapter 2423Hz	38	2.423	70.00	0.285
281.058	0.05	Adapter 2423Hz	38	2.423	70.00	0.285
281.138	0.05	Adapter 2423Hz	38	2.423	70.00	0.285
281.218	0.05	Adapter 2423Hz	38	2.423	70.00	0.285
281.478	0.05	Adapter 2423Hz	38	2.423	70.00	0.285
281.558	0.05	Adapter 2423Hz	38	2.423	70.00	0.285
281.638	0.05	Adapter 2423Hz	38	2.423	70.00	0.285
281.718	0.05	Adapter 2423Hz	38	2.423	70.00	0.285
281.978	0.05	Adapter 2423Hz	38	2.423	70.00	0.285
282.058	0.05	Adapter 2423Hz	38	2.423	70.00	0.285
282.138	0.05	Adapter 2423Hz	38	2.423	70.00	0.285
282.218	0.05	Adapter 2423Hz	38	2.423	70.00	0.285
282.478	0.05	Adapter 2423Hz	38	2.423	70.00	0.285
282.558	0.05	Adapter 2423Hz	38	2.423	70.00	0.285
282.638	0.05	Adapter 2423Hz	38	2.423	70.00	0.285
282.718	0.05	Adapter 2423Hz	38	2.423	70.00	0.285
282.978	0.05	Adapter 2423Hz	38	2.423	70.00	0.285
283.058	0.05	Adapter 2423Hz	38	2.423	70.00	0.285
283.138	0.05	Adapter 2423Hz	38	2.423	70.00	0.285
283.218	0.05	Adapter 2423Hz	38	2.423	70.00	0.285
283.478	0.05	Adapter 2423Hz	38	2.423	70.00	0.285
283.558	0.05	Adapter 2423Hz	38	2.423	70.00	0.285
283.638	0.05	Adapter 2423Hz	38	2.423	70.00	0.285
283.718	0.05	Adapter 2423Hz	38	2.423	70.00	0.285
283.978	0.05	Adapter 2423Hz	38	2.423	70.00	0.285
284.058	0.05	Adapter 2423Hz	38	2.423	70.00	0.285
284.138	0.05	Adapter 2423Hz	38	2.423	70.00	0.285
284.218	0.05	Adapter 2423Hz	38	2.423	70.00	0.285
284.478	0.05	Adapter 2423Hz	38	2.423	70.00	0.285
284.558	0.05	Adapter 2423Hz	38	2.423	70.00	0.285
284.638	0.05	Adapter 2423Hz	38	2.423	70.00	0.285
284.718	0.05	Adapter 2423Hz	38	2.423	70.00	0.285
294.985	0.05	Adapter 3839Hz Probe 3839Hz	40	3.839	70.00	0.437
295.065	0.05	Adapter 3839Hz Probe 3839Hz	40	3.839	70.00	0.437
295.145	0.05	Adapter 3839Hz Probe 3839Hz	40	3.839	70.00	0.437
295.225	0.05	Adapter 3839Hz Probe 3839Hz	40	3.839	70.00	0.437
295.305	0.05	Adapter 3839Hz Probe 3839Hz	40	3.839	70.00	0.437
295.485	0.05	Adapter 3839Hz Probe 3839Hz	40	3.839	70.00	0.437
295.565	0.05	Adapter 3839Hz Probe 3839Hz	40	3.839	70.00	0.437
295.645	0.05	Adapter 3839Hz Probe 3839Hz	40	3.839	70.00	0.437
295.725	0.05	Adapter 3839Hz Probe 3839Hz	40	3.839	70.00	0.437
295.805	0.05	Adapter 3839Hz Probe 3839Hz	40	3.839	70.00	0.437
295.985	0.05	Adapter 3839Hz Probe 3839Hz	40	3.839	70.00	0.437
296.065	0.05	Adapter 3839Hz Probe 3839Hz	40	3.839	70.00	0.437
296.145	0.05	Adapter 3839Hz Probe 3839Hz	40	3.839	70.00	0.437
296.225	0.05	Adapter 3839Hz Probe 3839Hz	40	3.839	70.00	0.437
296.305	0.05	Adapter 3839Hz Probe 3839Hz	40	3.839	70.00	0.437
296.485	0.05	Adapter 3839Hz Probe 3839Hz	40	3.839	70.00	0.437
296.565	0.05	Adapter 3839Hz Probe 3839Hz	40	3.839	70.00	0.437
296.645	0.05	Adapter 3839Hz Probe 3839Hz	40	3.839	70.00	0.437
296.725	0.05	Adapter 3839Hz Probe 3839Hz	40	3.839	70.00	0.437
296.805	0.05	Adapter 3839Hz Probe 3839Hz	40	3.839	70.00	0.437
296.985	0.05	Adapter 3839Hz Probe 3839Hz	40	3.839	70.00	0.437
297.065	0.05	Adapter 3839Hz Probe 3839Hz	40	3.839	70.00	0.437
297.145	0.05	Adapter 3839Hz Probe 3839Hz	40	3.839	70.00	0.437
297.225	0.05	Adapter 3839Hz Probe 3839Hz	40	3.839	70.00	0.437
297.305	0.05	Adapter 3839Hz Probe 3839Hz	40	3.839	70.00	0.437
297.485	0.05	Adapter 3839Hz Probe 3839Hz	40	3.839	70.00	0.437
297.565	0.05	Adapter 3839Hz Probe 3839Hz	40	3.839	70.00	0.437
297.645	0.05	Adapter 3839Hz Probe 3839Hz	40	3.839	70.00	0.437
297.725	0.05	Adapter 3839Hz Probe 3839Hz	40	3.839	70.00	0.437
297.805	0.05	Adapter 3839Hz Probe 3839Hz	40	3.839	70.00	0.437
297.985	0.05	Adapter 3839Hz Probe 3839Hz	40	3.839	70.00	0.437
298.065	0.05	Adapter 3839Hz Probe 3839Hz	40	3.839	70.00	0.437
298.145	0.05	Adapter 3839Hz Probe 3839Hz	40	3.839	70.00	0.437
298.225	0.05	Adapter 3839Hz Probe 3839Hz	40	3.839	70.00	0.437
298.305	0.05	Adapter 3839Hz Probe 3839Hz	40	3.839	70.00	0.437
298.485	0.05	Adapter 3839Hz Probe 3839Hz	40	3.839	70.00	0.437
298.565	0.05	Adapter 3839Hz Probe 3839Hz	40	3.839	70.00	0.437
298.645	0.05	Adapter 3839Hz Probe 3839Hz	40	3.839	70.00	0.437
298.725	0.05	Adapter 3839Hz Probe 3839Hz	40	3.839	70.00	0.437
298.805	0.05	Adapter 3839Hz Probe 3839Hz	40	3.839	70.00	0.437
298.985	0.05	Adapter 3839Hz Probe 3839Hz	40	3.839	70.00	0.437
299.065	0.05	Adapter 3839Hz Probe 3839Hz	40	3.839	70.00	0.437
299.145	0.05	Adapter 3839Hz Probe 3839Hz	40	3.839	70.00	0.437
299.225	0.05	Adapter 3839Hz Probe 3839Hz	40	3.839	70.00	0.437
299.305	0.05	Adapter 3839Hz Probe 3839Hz	40	3.839	70.00	0.437
299.485	0.05	Adapter 3839Hz Probe 3839Hz	40	3.839	70.00	0.437
299.565	0.05	Adapter 3839Hz Probe 3839Hz	40	3.839	70.00	0.437
299.645	0.05	Adapter 3839Hz Probe 3839Hz	40	3.839	70.00	0.437
299.725	0.05	Adapter 3839Hz Probe 3839Hz	40	3.839	70.00	0.437
299.805	0.05	Adapter 3839Hz Probe 3839Hz	40	3.839	70.00	0.437
302.489	0.05	Adapter 1501Hz Probe 3839Hz	41	1.501	70.00	0.186
302.569	0.05	Adapter 1501Hz Probe 3839Hz	41	1.501	70.00	0.186
302.649	0.05	Adapter 1501Hz Probe 3839Hz	41	1.501	70.00	0.186
302.729	0.05	Adapter 1501Hz Probe 3839Hz	41	1.501	70.00	0.186
302.809	0.05	Adapter 1501Hz Probe 3839Hz	41	3.839	70.00	0.437
302.989	0.05	Adapter 1501Hz Probe 3839Hz	41	1.501	70.00	0.186
303.069	0.05	Adapter 1501Hz Probe 3839Hz	41	1.501	70.00	0.186
303.149	0.05	Adapter 1501Hz Probe 3839Hz	41	1.501	70.00	0.186
303.229	0.05	Adapter 1501Hz Probe 3839Hz	41	1.501	70.00	0.186
303.309	0.05	Adapter 1501Hz Probe 3839Hz	41	3.839	70.00	0.437
303.489	0.05	Adapter 1501Hz Probe 3839Hz	41	1.501	70.00	0.186
303.569	0.05	Adapter 1501Hz Probe 3839Hz	41	1.501	70.00	0.186
303.649	0.05	Adapter 1501Hz Probe 3839Hz	41	1.501	70.00	0.186
303.729	0.05	Adapter 1501Hz Probe 3839Hz	41	1.501	70.00	0.186
303.809	0.05	Adapter 1501Hz Probe 3839Hz	41	3.839	70.00	0.437
303.989	0.05	Adapter 1501Hz Probe 3839Hz	41	1.501	70.00	0.186
304.069	0.05	Adapter 1501Hz Probe 3839Hz	41	1.501	70.00	0.186
304.149	0.05	Adapter 1501Hz Probe 3839Hz	41	1.501	70.00	0.186
304.229	0.05	Adapter 1501Hz Probe 3839Hz	41	1.501	70.00	0.186
304.309	0.05	Adapter 1501Hz Probe 3839Hz	41	3.839	70.00	0.437
304.489	0.05	Adapter 1501Hz Probe 3839Hz	41	1.501	70.00	0.186
304.569	0.05	Adapter 1501Hz Probe 3839Hz	41	1.501	70.00	0.186
304.649	0.05	Adapter 1501Hz Probe 3839Hz	41	1.501	70.00	0.186
304.729	0.05	Adapter 1501Hz Probe 3839Hz	41	1.501	70.00	0.186
304.809	0.05	Adapter 1501Hz Probe 3839Hz	41	3.839	70.00	0.437
304.989	0.05	Adapter 1501Hz Probe 3839Hz	41	1.501	70.00	0.186
305.069	0.05	Adapter 1501Hz Probe 3839Hz	41	1.501	70.00	0.186
305.149	0.05	Adapter 1501Hz Probe 3839Hz	41	1.501	70.00	0.186
305.229	0.05	Adapter 1501Hz Probe 3839Hz	41	1.501	70.00	0.186
305.309	0.05	Adapter 1501Hz Probe 3839Hz	41	3.839	70.00	0.437
305.489	0.05	Adapter 1501Hz Probe 3839Hz	41	1.501	70.00	0.186
305.569	0.05	Adapter 1501Hz Probe 3839Hz	41	1.501	70.00	0.186
305.649	0.05	Adapter 1501Hz Probe 3839Hz	41	1.501	70.00	0.186
305.729	0.05	Adapter 1501Hz Probe 3839Hz	41	1.501	70.00	0.186
305.809	0.05	Adapter 1501Hz Probe 3839Hz	41	3.839	70.00	0.437
305.989	0.05	Adapter 1501Hz Probe 3839Hz	41	1.501	70.00	0.186
306.069	0.05	Adapter 1501Hz Probe 3839Hz	41	1.501	70.00	0.186
306.149	0.05	Adapter 1501Hz Probe 3839Hz	41	1.501	70.00	0.186
306.229	0.05	Adapter 1501Hz Probe 3839Hz	41	1.501	70.00	0.186
306.309	0.05	Adapter 1501Hz Probe 3839Hz	41	3.839	70.00	0.437
306.489	0.05	Adapter 1501Hz Probe 3839Hz	41	1.501	70.00	0.186
306.569	0.05	Adapter 1501Hz Probe 3839Hz	41	1.501	70.00	0.186
306.649	0.05	Adapter 1501Hz Probe 3839Hz	41	1.501	70.00	0.186
306.729	0.05	Adapter 1501Hz Probe 3839Hz	41	1.501	70.00	0.186
306.809	0.05	Adapter 1501Hz Probe 3839Hz	41	3.839	70.00	0.437
306.989	0.05	Adapter 1501Hz Probe 3839Hz	41	1.501	70.00	0.186
307.069	0.05	Adapter 1501Hz Probe 3839Hz	41	1.501	70.00	0.186
307.149	0.05	Adapter 1501Hz Probe 3839Hz	41	1.501	70.00	0.186
307.229	0.05	Adapter 1501Hz Probe 3839Hz	41	1.501	70.00	0.186
307.309	0.05	Adapter 1501Hz Probe 3839Hz	41	3.839	70.00	0.437
309.977	0.05	Adapter 507Hz	42	0.507	70.00	0.079
310.057	0.05	Adapter 507Hz	42	0.507	70.00	0.079
310.137	0.05	Adapter 507Hz	42	0.507	70.00	0.079
310.217	0.05	Adapter 507Hz	42	0.507	70.00	0.079
310.477	0.05	Adapter 507Hz	42	0.507	70.00	0.079
310.557	0.05	Adapter 507Hz	42	0.507	70.00	0.079
310.637	0.05	Adapter 507Hz	42	0.507	70.00	0.079
310.717	0.05	Adapter 507Hz	42	0.507	70.00	0.079
310.977	0.05	Adapter 507Hz	42	0.507	70.00	0.079
311.057	0.05	Adapter 507Hz	42	0.507	70.00	0.079
311.137	0.05	Adapter 507Hz	42	0.507	70.00	0.079
311.217	0.05	Adapter 507Hz	42	0.507	70.00	0.079
311.477	0.05	Adapter 507Hz	42	0.507	70.00	0.079
311.557	0.05	Adapter 507Hz	42	0.507	70.00	0.079
311.637	0.05	Adapter 507Hz	42	0.507	70.00	0.079
311.717	0.05	Adapter 507Hz	42	0.507	70.00	0.079
311.977	0.05	Adapter 507Hz	42	0.507	70.00	0.079
312.057	0.05	Adapter 507Hz	42	0.507	70.00	0.079
312.137	0.05	Adapter 507Hz	42	0.507	70.00	0.079
312.217	0.05	Adapter 507Hz	42	0.507	70.00	0.079
312.477	0.05	Adapter 507Hz	42	0.507	70.00	0.079
312.557	0.05	Adapter 507Hz	42	0.507	70.00	0.079
312.637	0.05	Adapter 507Hz	42	0.507	70.00	0.079
312.717	0.05	Adapter 507Hz	42	0.507	70.00	0.079
312.977	0.05	Adapter 507Hz	42	0.507	70.00	0.079
313.057	0.05	Adapter 507Hz	42	0.507	70.00	0.079
313.137	0.05	Adapter 507Hz	42	0.507	70.00	0.079
313.217	0.05	Adapter 507Hz	42	0.507	70.00	0.079
313.477	0.05	Adapter 507Hz	42	0.507	70.00	0.079
313.557	0.05	Adapter 507Hz	42	0.507	70.00	0.079
313.637	0.05	Adapter 507Hz	42	0.507	70.00	0.079
313.717	0.05	Adapter 507Hz	42	0.507	70.00	0.079
313.977	0.05	Adapter 507Hz	42	0.507	70.00	0.079
314.057	0.05	Adapter 507Hz	42	0.507	70.00	0.079
314.137	0.05	Adapter 507Hz	42	0.507	70.00	0.079
314.217	0.05	Adapter 507Hz	42	0.507	70.00	0.079
314.477	0.05	Adapter 507Hz	42	0.507	70.00	0.079
314.557	0.05	Adapter 507Hz	42	0.507	70.00	0.079
314.637	0.05	Adapter 507Hz	42	0.507	70.00	0.079
314.717	0.05	Adapter 507Hz	42	0.507	70.00	0.079
317.465	0.05	Adapter 899Hz Probe 3839Hz	43	0.899	70.00	0.121
317.545	0.05	Adapter 899Hz Probe 3839Hz	43	0.899	70.00	0.121
317.625	0.05	Adapter 899Hz Probe 3839Hz	43	0.899	70.00	0.121
317.705	0.05	Adapter 899Hz Probe 3839Hz	43	0.899	70.00	0.121
317.785	0.05	Adapter 899Hz Probe 3839Hz	43	3.839	70.00	0.437
317.965	0.05	Adapter 899Hz Probe 3839Hz	43	0.899	70.00	0.121
318.045	0.05	Adapter 899Hz Probe 3839Hz	43	0.899	70.00	0.121
318.125	0.05	Adapter 899Hz Probe 3839Hz	43	0.899	70.00	0.121
318.205	0.05	Adapter 899Hz Probe 3839Hz	43	0.899	70.00	0.121
318.285	0.05	Adapter 899Hz Probe 3839Hz	43	3.839	70.00	0.437
318.465	0.05	Adapter 899Hz Probe 3839Hz	43	0.899	70.00	0.121
318.545	0.05	Adapter 899Hz Probe 3839Hz	43	0.899	70.00	0.121
318.625	0.05	Adapter 899Hz Probe 3839Hz	43	0.899	70.00	0.121
318.705	0.05	Adapter 899Hz Probe 3839Hz	43	0.899	70.00	0.121
318.785	0.05	Adapter 899Hz Probe 3839Hz	43	3.839	70.00	0.437
318.965	0.05	Adapter 899Hz Probe 3839Hz	43	0.899	70.00	0.121
319.045	0.05	Adapter 899Hz Probe 3839Hz	43	0.899	70.00	0.121
319.125	0.05	Adapter 899Hz Probe 3839Hz	43	0.899	70.00	0.121
319.205	0.05	Adapter 899Hz Probe 3839Hz	43	0.899	70.00	0.121
319.285	0.05	Adapter 899Hz Probe 3839Hz	43	3.839	70.00	0.437
319.465	0.05	Adapter 899Hz Probe 3839Hz	43	0.899	70.00	0.121
319.545	0.05	Adapter 899Hz Probe 3839Hz	43	0.899	70.00	0.121
319.625	0.05	Adapter 899Hz Probe 3839Hz	43	0.899	70.00	0.121
319.705	0.05	Adapter 899Hz Probe 3839Hz	43	0.899	70.00	0.121
319.785	0.05	Adapter 899Hz Probe 3839Hz	43	3.839	70.00	0.437
319.965	0.05	Adapter 899Hz Probe 3839Hz	43	0.899	70.00	0.121
320.045	0.05	Adapter 899Hz Probe 3839Hz	43	0.899	70.00	0.121
320.125	0.05	Adapter 899Hz Probe 3839Hz	43	0.899	70.00	0.121
320.205	0.05	Adapter 899Hz Probe 3839Hz	43	0.899	70.00	0.121
320.285	0.05	Adapter 899Hz Probe 3839Hz	43	3.839	70.00	0.437
320.465	0.05	Adapter 899Hz Probe 3839Hz	43	0.899	70.00	0.121
320.545	0.05	Adapter 899Hz Probe 3839Hz	43	0.899	70.00	0.121
320.625	0.05	Adapter 899Hz Probe 3839Hz	43	0.899	70.00	0.121
320.705	0.05	Adapter 899Hz Probe 3839Hz	43	0.899	70.00	0.121
320.785	0.05	Adapter 899Hz Probe 3839Hz	43	3.839	70.00	0.437
320.965	0.05	Adapter 899Hz Probe 3839Hz	43	0.899	70.00	0.121
321.045	0.05	Adapter 899Hz Probe 3839Hz	43	0.899	70.00	0.121
321.125	0.05	Adapter 899Hz Probe 3839Hz	43	0.899	70.00	0.121
321.205	0.05	Adapter 899Hz Probe 3839Hz	43	0.899	70.00	0.121
321.285	0.05	Adapter 899Hz Probe 3839Hz	43	3.839	70.00	0.437
321.465	0.05	Adapter 899Hz Probe 3839Hz	43	0.899	70.00	0.121
321.545	0.05	Adapter 899Hz Probe 3839Hz	43	0.899	70.00	0.121
321.625	0.05	Adapter 899Hz Probe 3839Hz	43	0.899	70.00	0.121
321.705	0.05	Adapter 899Hz Probe 3839Hz	43	0.899	70.00	0.121
321.785	0.05	Adapter 899Hz Probe 3839Hz	43	3.839	70.00	0.437
321.965	0.05	Adapter 899Hz Probe 3839Hz	43	0.899	70.00	0.121
322.045	0.05	Adapter 899Hz Probe 3839Hz	43	0.899	70.00	0.121
322.125	0.05	Adapter 899Hz Probe 3839Hz	43	0.899	70.00	0.121
322.205	0.05	Adapter 899Hz Probe 3839Hz	43	0.899	70.00	0.121
322.285	0.05	Adapter 899Hz Probe 3839Hz	43	3.839	70.00	0.437
325.289	0.05	Probe 3839Hz	44	3.839	70.00	0.437
325.789	0.05	Probe 3839Hz	44	3.839	70.00	0.437
326.289	0.05	Probe 3839Hz	44	3.839	70.00	0.437
326.789	0.05	Probe 3839Hz	44	3.839	70.00	0.437
327.289	0.05	Probe 3839Hz	44	3.839	70.00	0.437
327.789	0.05	Probe 3839Hz	44	3.839	70.00	0.437
328.289	0.05	Probe 3839Hz	44	3.839	70.00	0.437
328.789	0.05	Probe 3839Hz	44	3.839	70.00	0.437
329.289	0.05	Probe 3839Hz	44	3.839	70.00	0.437
329.789	0.05	Probe 3839Hz	44	3.839	70.00	0.437
332.503	0.05	Adapter 2423Hz Probe 3839Hz	45	2.423	70.00	0.285
332.583	0.05	Adapter 2423Hz Probe 3839Hz	45	2.423	70.00	0.285
332.663	0.05	Adapter 2423Hz Probe 3839Hz	45	2.423	70.00	0.285
332.743	0.05	Adapter 2423Hz Probe 3839Hz	45	2.423	70.00	0.285
332.823	0.05	Adapter 2423Hz Probe 3839Hz	45	3.839	70.00	0.437
333.003	0.05	Adapter 2423Hz Probe 3839Hz	45	2.423	70.00	0.285
333.083	0.05	Adapter 2423Hz Probe 3839Hz	45	2.423	70.00	0.285
333.163	0.05	Adapter 2423Hz Probe 3839Hz	45	2.423	70.00	0.285
333.243	0.05	Adapter 2423Hz Probe 3839Hz	45	2.423	70.00	0.285
333.323	0.05	Adapter 2423Hz Probe 3839Hz	45	3.839	70.00	0.437
333.503	0.05	Adapter 2423Hz Probe 3839Hz	45	2.423	70.00	0.285
333.583	0.05	Adapter 2423Hz Probe 3839Hz	45	2.423	70.00	0.285
333.663	0.05	Adapter 2423Hz Probe 3839Hz	45	2.423	70.00	0.285
333.743	0.05	Adapter 2423Hz Probe 3839Hz	45	2.423	70.00	0.285
333.823	0.05	Adapter 2423Hz Probe 3839Hz	45	3.839	70.00	0.437
334.003	0.05	Adapter 2423Hz Probe 3839Hz	45	2.423	70.00	0.285
334.083	0.05	Adapter 2423Hz Probe 3839Hz	45	2.423	70.00	0.285
334.163	0.05	Adapter 2423Hz Probe 3839Hz	45	2.423	70.00	0.285
334.243	0.05	Adapter 2423Hz Probe 3839Hz	45	2.423	70.00	0.285
334.323	0.05	Adapter 2423Hz Probe 3839Hz	45	3.839	70.00	0.437
334.503	0.05	Adapter 2423Hz Probe 3839Hz	45	2.423	70.00	0.285
334.583	0.05	Adapter 2423Hz Probe 3839Hz	45	2.423	70.00	0.285
334.663	0.05	Adapter 2423Hz Probe 3839Hz	45	2.423	70.00	0.285
334.743	0.05	Adapter 2423Hz Probe 3839Hz	45	2.423	70.00	0.285
334.823	0.05	Adapter 2423Hz Probe 3839Hz	45	3.839	70.00	0.437
335.003	0.05	Adapter 2423Hz Probe 3839Hz	45	2.423	70.00	0.285
335.083	0.05	Adapter 2423Hz Probe 3839Hz	45	2.423	70.00	0.285
335.163	0.05	Adapter 2423Hz Probe 3839Hz	45	2.423	70.00	0.285
335.243	0.05	Adapter 2423Hz Probe 3839Hz	45	2.423	70.00	0.285
335.323	0.05	Adapter 2423Hz Probe 3839Hz	45	3.839	70.00	0.437
335.503	0.05	Adapter 2423Hz Probe 3839Hz	45	2.423	70.00	0.285
335.583	0.05	Adapter 2423Hz Probe 3839Hz	45	2.423	70.00	0.285
335.663	0.05	Adapter 2423Hz Probe 3839Hz	45	2.423	70.00	0.285
335.743	0.05	Adapter 2423Hz Probe 3839Hz	45	2.423	70.00	0.285
335.823	0.05	Adapter 2423Hz Probe 3839Hz	45	3.839	70.00	0.437
336.003	0.05	Adapter 2423Hz Probe 3839Hz	45	2.423	70.00	0.285
336.083	0.05	Adapter 2423Hz Probe 3839Hz	45	2.423	70.00	0.285
336.163	0.05	Adapter 2423Hz Probe 3839Hz	45	2.423	70.00	0.285
336.243	0.05	Adapter 2423Hz Probe 3839Hz	45	2.423	70.00	0.285
336.323	0.05	Adapter 2423Hz Probe 3839Hz	45	3.839	70.00	0.437
336.503	0.05	Adapter 2423Hz Probe 3839Hz	45	2.423	70.00	0.285
336.583	0.05	Adapter 2423Hz Probe 3839Hz	45	2.423	70.00	0.285
336.663	0.05	Adapter 2423Hz Probe 3839Hz	45	2.423	70.00	0.285
336.743	0.05	Adapter 2423Hz Probe 3839Hz	45	2.423	70.00	0.285
336.823	0.05	Adapter 2423Hz Probe 3839Hz	45	3.839	70.00	0.437
337.003	0.05	Adapter 2423Hz Probe 3839Hz	45	2.423	70.00	0.285
337.083	0.05	Adapter 2423Hz Probe 3839Hz	45	2.423	70.00	0.285
337.163	0.05	Adapter 2423Hz Probe 3839Hz	45	2.423	70.00	0.285
337.243	0.05	Adapter 2423Hz Probe 3839Hz	45	2.423	70.00	0.285
337.323	0.05	Adapter 2423Hz Probe 3839Hz	45	3.839	70.00	0.437
340.007	0.05	Adapter 251Hz	46	0.251	70.00	0.052
340.087	0.05	Adapter 251Hz	46	0.251	70.00	0.052
340.167	0.05	Adapter 251Hz	46	0.251	70.00	0.052
340.247	0.05	Adapter 251Hz	46	0.251	70.00	0.052
340.507	0.05	Adapter 251Hz	46	0.251	70.00	0.052
340.587	0.05	Adapter 251Hz	46	0.251	70.00	0.052
340.667	0.05	Adapter 251Hz	46	0.251	70.00	0.052
340.747	0.05	Adapter 251Hz	46	0.251	70.00	0.052
341.007	0.05	Adapter 251Hz	46	0.251	70.00	0.052
341.087	0.05	Adapter 251Hz	46	0.251	70.00	0.052
341.167	0.05	Adapter 251Hz	46	0.251	70.00	0.052
341.247	0.05	Adapter 251Hz	46	0.251	70.00	0.052
341.507	0.05	Adapter 251Hz	46	0.251	70.00	0.052
341.587	0.05	Adapter 251Hz	46	0.251	70.00	0.052
341.667	0.05	Adapter 251Hz	46	0.251	70.00	0.052
341.747	0.05	Adapter 251Hz	46	0.251	70.00	0.052
342.007	0.05	Adapter 251Hz	46	0.251	70.00	0.052
342.087	0.05	Adapter 251Hz	46	0.251	70.00	0.052
342.167	0.05	Adapter 251Hz	46	0.251	70.00	0.052
342.247	0.05	Adapter 251Hz	46	0.251	70.00	0.052
342.507	0.05	Adapter 251Hz	46	0.251	70.00	0.052
342.587	0.05	Adapter 251Hz	46	0.251	70.00	0.052
342.667	0.05	Adapter 251Hz	46	0.251	70.00	0.052
342.747	0.05	Adapter 251Hz	46	0.251	70.00	0.052
343.007	0.05	Adapter 251Hz	46	0.251	70.00	0.052
343.087	0.05	Adapter 251Hz	46	0.251	70.00	0.052
343.167	0.05	Adapter 251Hz	46	0.251	70.00	0.052
343.247	0.05	Adapter 251Hz	46	0.251	70.00	0.052
343.507	0.05	Adapter 251Hz	46	0.251	70.00	0.052
343.587	0.05	Adapter 251Hz	46	0.251	70.00	0.052
343.667	0.05	Adapter 251Hz	46	0.251	70.00	0.052
343.747	0.05	Adapter 251Hz	46	0.251	70.00	0.052
344.007	0.05	Adapter 251Hz	46	0.251	70.00	0.052
344.087	0.05	Adapter 251Hz	46	0.251	70.00	0.052
344.167	0.05	Adapter 251Hz	46	0.251	70.00	0.052
344.247	0.05	Adapter 251Hz	46	0.251	70.00	0.052
344.507	0.05	Adapter 251Hz	46	0.251	70.00	0.052
344.587	0.05	Adapter 251Hz	46	0.251	70.00	0.052
344.667	0.05	Adapter 251Hz	46	0.251	70.00	0.052
344.747	0.05	Adapter 251Hz	46	0.251	70.00	0.052
347.479	0.05	Adapter 899Hz	47	0.899	70.00	0.121
347.559	0.05	Adapter 899Hz	47	0.899	70.00	0.121
347.639	0.05	Adapter 899Hz	47	0.899	70.00	0.121
347.719	0.05	Adapter 899Hz	47	0.899	70.00	0.121
347.979	0.05	Adapter 899Hz	47	0.899	70.00	0.121
348.059	0.05	Adapter 899Hz	47	0.899	70.00	0.121
348.139	0.05	Adapter 899Hz	47	0.899	70.00	0.121
348.219	0.05	Adapter 899Hz	47	0.899	70.00	0.121
348.479	0.05	Adapter 899Hz	47	0.899	70.00	0.121
348.559	0.05	Adapter 899Hz	47	0.899	70.00	0.121
348.639	0.05	Adapter 899Hz	47	0.899	70.00	0.121
348.719	0.05	Adapter 899Hz	47	0.899	70.00	0.121
348.979	0.05	Adapter 899Hz	47	0.899	70.00	0.121
349.059	0.05	Adapter 899Hz	47	0.899	70.00	0.121
349.139	0.05	Adapter 899Hz	47	0.899	70.00	0.121
349.219	0.05	Adapter 899Hz	47	0.899	70.00	0.121
349.479	0.05	Adapter 899Hz	47	0.899	70.00	0.121
349.559	0.05	Adapter 899Hz	47	0.899	70.00	0.121
349.639	0.05	Adapter 899Hz	47	0.899	70.00	0.121
349.719	0.05	Adapter 899Hz	47	0.899	70.00	0.121
349.979	0.05	Adapter 899Hz	47	0.899	70.00	0.121
350.059	0.05	Adapter 899Hz	47	0.899	70.00	0.121
350.139	0.05	Adapter 899Hz	47	0.899	70.00	0.121
350.219	0.05	Adapter 899Hz	47	0.899	70.00	0.121
350.479	0.05	Adapter 899Hz	47	0.899	70.00	0.121
350.559	0.05	Adapter 899Hz	47	0.899	70.00	0.121
350.639	0.05	Adapter 899Hz	47	0.899	70.00	0.121
350.719	0.05	Adapter 899Hz	47	0.899	70.00	0.121
350.979	0.05	Adapter 899Hz	47	0.899	70.00	0.121
351.059	0.05	Adapter 899Hz	47	0.899	70.00	0.121
351.139	0.05	Adapter 899Hz	47	0.899	70.00	0.121
351.219	0.05	Adapter 899Hz	47	0.899	70.00	0.121
351.479	0.05	Adapter 899Hz	47	0.899	70.00	0.121
351.559	0.05	Adapter 899Hz	47	0.899	70.00	0.121
351.639	0.05	Adapter 899Hz	47	0.899	70.00	0.121
351.719	0.05	Adapter 899Hz	47	0.899	70.00	0.121
351.979	0.05	Adapter 899Hz	47	0.899	70.00	0.121
352.059	0.05	Adapter 899Hz	47	0.899	70.00	0.121
352.139	0.05	Adapter 899Hz	47	0.899	70.00	0.121
352.219	0.05	Adapter 899Hz	47	0.899	70.00	0.121
354.967	0.05	Adapter 3839Hz	48	3.839	70.00	0.437
355.047	0.05	Adapter 3839Hz	48	3.839	70.00	0.437
355.127	0.05	Adapter 3839Hz	48	3.839	70.00	0.437
355.207	0.05	Adapter 3839Hz	48	3.839	70.00	0.437
355.467	0.05	Adapter 3839Hz	48	3.839	70.00	0.437
355.547	0.05	Adapter 3839Hz	48	3.839	70.00	0.437
355.627	0.05	Adapter 3839Hz	48	3.839	70.00	0.437
355.707	0.05	Adapter 3839Hz	48	3.839	70.00	0.437
355.967	0.05	Adapter 3839Hz	48	3.839	70.00	0.437
356.047	0.05	Adapter 3839Hz	48	3.839	70.00	0.437
356.127	0.05	Adapter 3839Hz	48	3.839	70.00	0.437
356.207	0.05	Adapter 3839Hz	48	3.839	70.00	0.437
356.467	0.05	Adapter 3839Hz	48	3.839	70.00	0.437
356.547	0.05	Adapter 3839Hz	48	3.839	70.00	0.437
356.627	0.05	Adapter 3839Hz	48	3.839	70.00	0.437
356.707	0.05	Adapter 3839Hz	48	3.839	70.00	0.437
356.967	0.05	Adapter 3839Hz	48	3.839	70.00	0.437
357.047	0.05	Adapter 3839Hz	48	3.839	70.00	0.437
357.127	0.05	Adapter 3839Hz	48	3.839	70.00	0.437
357.207	0.05	Adapter 3839Hz	48	3.839	70.00	0.437
357.467	0.05	Adapter 3839Hz	48	3.839	70.00	0.437
357.547	0.05	Adapter 3839Hz	48	3.839	70.00	0.437
357.627	0.05	Adapter 3839Hz	48	3.839	70.00	0.437
357.707	0.05	Adapter 3839Hz	48	3.839	70.00	0.437
357.967	0.05	Adapter 3839Hz	48	3.839	70.00	0.437
358.047	0.05	Adapter 3839Hz	48	3.839	70.00	0.437
358.127	0.05	Adapter 3839Hz	48	3.839	70.00	0.437
358.207	0.05	Adapter 3839Hz	48	3.839	70.00	0.437
358.467	0.05	Adapter 3839Hz	48	3.839	70.00	0.437
358.547	0.05	Adapter 3839Hz	48	3.839	70.00	0.437
358.627	0.05	Adapter 3839Hz	48	3.839	70.00	0.437
358.707	0.05	Adapter 3839Hz	48	3.839	70.00	0.437
358.967	0.05	Adapter 3839Hz	48	3.839	70.00	0.437
359.047	0.05	Adapter 3839Hz	48	3.839	70.00	0.437
359.127	0.05	Adapter 3839Hz	48	3.839	70.00	0.437
359.207	0.05	Adapter 3839Hz	48	3.839	70.00	0.437
359.467	0.05	Adapter 3839Hz	48	3.839	70.00	0.437
359.547	0.05	Adapter 3839Hz	48	3.839	70.00	0.437
359.627	0.05	Adapter 3839Hz	48	3.839	70.00	0.437
359.707	0.05	Adapter 3839Hz	48	3.839	70.00	0.437
362.487	0.05	Adapter 2423Hz Probe 3839Hz	49	2.423	70.00	0.285
362.567	0.05	Adapter 2423Hz Probe 3839Hz	49	2.423	70.00	0.285
362.647	0.05	Adapter 2423Hz Probe 3839Hz	49	2.423	70.00	0.285
362.727	0.05	Adapter 2423Hz Probe 3839Hz	49	2.423	70.00	0.285
362.807	0.05	Adapter 2423Hz Probe 3839Hz	49	3.839	70.00	0.437
362.987	0.05	Adapter 2423Hz Probe 3839Hz	49	2.423	70.00	0.285
363.067	0.05	Adapter 2423Hz Probe 3839Hz	49	2.423	70.00	0.285
363.147	0.05	Adapter 2423Hz Probe 3839Hz	49	2.423	70.00	0.285
363.227	0.05	Adapter 2423Hz Probe 3839Hz	49	2.423	70.00	0.285
363.307	0.05	Adapter 2423Hz Probe 3839Hz	49	3.839	70.00	0.437
363.487	0.05	Adapter 2423Hz Probe 3839Hz	49	2.423	70.00	0.285
363.567	0.05	Adapter 2423Hz Probe 3839Hz	49	2.423	70.00	0.285
363.647	0.05	Adapter 2423Hz Probe 3839Hz	49	2.423	70.00	0.285
363.727	0.05	Adapter 2423Hz Probe 3839Hz	49	2.423	70.00	0.285
363.807	0.05	Adapter 2423Hz Probe 3839Hz	49	3.839	70.00	0.437
363.987	0.05	Adapter 2423Hz Probe 3839Hz	49	2.423	70.00	0.285
364.067	0.05	Adapter 2423Hz Probe 3839Hz	49	2.423	70.00	0.285
364.147	0.05	Adapter 2423Hz Probe 3839Hz	49	2.423	70.00	0.285
364.227	0.05	Adapter 2423Hz Probe 3839Hz	49	2.423	70.00	0.285
364.307	0.05	Adapter 2423Hz Probe 3839Hz	49	3.839	70.00	0.437
364.487	0.05	Adapter 2423Hz Probe 3839Hz	49	2.423	70.00	0.285
364.567	0.05	Adapter 2423Hz Probe 3839Hz	49	2.423	70.00	0.285
364.647	0.05	Adapter 2423Hz Probe 3839Hz	49	2.423	70.00	0.285
364.727	0.05	Adapter 2423Hz Probe 3839Hz	49	2.423	70.00	0.285
364.807	0.05	Adapter 2423Hz Probe 3839Hz	49	3.839	70.00	0.437
364.987	0.05	Adapter 2423Hz Probe 3839Hz	49	2.423	70.00	0.285
365.067	0.05	Adapter 2423Hz Probe 3839Hz	49	2.423	70.00	0.285
365.147	0.05	Adapter 2423Hz Probe 3839Hz	49	2.423	70.00	0.285
365.227	0.05	Adapter 2423Hz Probe 3839Hz	49	2.423	70.00	0.285
365.307	0.05	Adapter 2423Hz Probe 3839Hz	49	3.839	70.00	0.437
365.487	0.05	Adapter 2423Hz Probe 3839Hz	49	2.423	70.00	0.285
365.567	0.05	Adapter 2423Hz Probe 3839Hz	49	2.423	70.00	0.285
365.647	0.05	Adapter 2423Hz Probe 3839Hz	49	2.423	70.00	0.285
365.727	0.05	Adapter 2423Hz Probe 3839Hz	49	2.423	70.00	0.285
365.807	0.05	Adapter 2423Hz Probe 3839Hz	49	3.839	70.00	0.437
365.987	0.05	Adapter 2423Hz Probe 3839Hz	49	2.423	70.00	0.285
366.067	0.05	Adapter 2423Hz Probe 3839Hz	49	2.423	70.00	0.285
366.147	0.05	Adapter 2423Hz Probe 3839Hz	49	2.423	70.00	0.285
366.227	0.05	Adapter 2423Hz Probe 3839Hz	49	2.423	70.00	0.285
366.307	0.05	Adapter 2423Hz Probe 3839Hz	49	3.839	70.00	0.437
366.487	0.05	Adapter 2423Hz Probe 3839Hz	49	2.423	70.00	0.285
366.567	0.05	Adapter 2423Hz Probe 3839Hz	49	2.423	70.00	0.285
366.647	0.05	Adapter 2423Hz Probe 3839Hz	49	2.423	70.00	0.285
366.727	0.05	Adapter 2423Hz Probe 3839Hz	49	2.423	70.00	0.285
366.807	0.05	Adapter 2423Hz Probe 3839Hz	49	3.839	70.00	0.437
366.987	0.05	Adapter 2423Hz Probe 3839Hz	49	2.423	70.00	0.285
367.067	0.05	Adapter 2423Hz Probe 3839Hz	49	2.423	70.00	0.285
367.147	0.05	Adapter 2423Hz Probe 3839Hz	49	2.423	70.00	0.285
367.227	0.05	Adapter 2423Hz Probe 3839Hz	49	2.423	70.00	0.285
367.307	0.05	Adapter 2423Hz Probe 3839Hz	49	3.839	70.00	0.437
369.99	0.05	Adapter 899Hz Probe 3839Hz	50	0.899	70.00	0.121
370.07	0.05	Adapter 899Hz Probe 3839Hz	50	0.899	70.00	0.121
370.15	0.05	Adapter 899Hz Probe 3839Hz	50	0.899	70.00	0.121
370.23	0.05	Adapter 899Hz Probe 3839Hz	50	0.899	70.00	0.121
370.31	0.05	Adapter 899Hz Probe 3839Hz	50	3.839	70.00	0.437
370.49	0.05	Adapter 899Hz Probe 3839Hz	50	0.899	70.00	0.121
370.57	0.05	Adapter 899Hz Probe 3839Hz	50	0.899	70.00	0.121
370.65	0.05	Adapter 899Hz Probe 3839Hz	50	0.899	70.00	0.121
370.73	0.05	Adapter 899Hz Probe 3839Hz	50	0.899	70.00	0.121
370.81	0.05	Adapter 899Hz Probe 3839Hz	50	3.839	70.00	0.437
370.99	0.05	Adapter 899Hz Probe 3839Hz	50	0.899	70.00	0.121
371.07	0.05	Adapter 899Hz Probe 3839Hz	50	0.899	70.00	0.121
371.15	0.05	Adapter 899Hz Probe 3839Hz	50	0.899	70.00	0.121
371.23	0.05	Adapter 899Hz Probe 3839Hz	50	0.899	70.00	0.121
371.31	0.05	Adapter 899Hz Probe 3839Hz	50	3.839	70.00	0.437
371.49	0.05	Adapter 899Hz Probe 3839Hz	50	0.899	70.00	0.121
371.57	0.05	Adapter 899Hz Probe 3839Hz	50	0.899	70.00	0.121
371.65	0.05	Adapter 899Hz Probe 3839Hz	50	0.899	70.00	0.121
371.73	0.05	Adapter 899Hz Probe 3839Hz	50	0.899	70.00	0.121
371.81	0.05	Adapter 899Hz Probe 3839Hz	50	3.839	70.00	0.437
371.99	0.05	Adapter 899Hz Probe 3839Hz	50	0.899	70.00	0.121
372.07	0.05	Adapter 899Hz Probe 3839Hz	50	0.899	70.00	0.121
372.15	0.05	Adapter 899Hz Probe 3839Hz	50	0.899	70.00	0.121
372.23	0.05	Adapter 899Hz Probe 3839Hz	50	0.899	70.00	0.121
372.31	0.05	Adapter 899Hz Probe 3839Hz	50	3.839	70.00	0.437
372.49	0.05	Adapter 899Hz Probe 3839Hz	50	0.899	70.00	0.121
372.57	0.05	Adapter 899Hz Probe 3839Hz	50	0.899	70.00	0.121
372.65	0.05	Adapter 899Hz Probe 3839Hz	50	0.899	70.00	0.121
372.73	0.05	Adapter 899Hz Probe 3839Hz	50	0.899	70.00	0.121
372.81	0.05	Adapter 899Hz Probe 3839Hz	50	3.839	70.00	0.437
372.99	0.05	Adapter 899Hz Probe 3839Hz	50	0.899	70.00	0.121
373.07	0.05	Adapter 899Hz Probe 3839Hz	50	0.899	70.00	0.121
373.15	0.05	Adapter 899Hz Probe 3839Hz	50	0.899	70.00	0.121
373.23	0.05	Adapter 899Hz Probe 3839Hz	50	0.899	70.00	0.121
373.31	0.05	Adapter 899Hz Probe 3839Hz	50	3.839	70.00	0.437
373.49	0.05	Adapter 899Hz Probe 3839Hz	50	0.899	70.00	0.121
373.57	0.05	Adapter 899Hz Probe 3839Hz	50	0.899	70.00	0.121
373.65	0.05	Adapter 899Hz Probe 3839Hz	50	0.899	70.00	0.121
373.73	0.05	Adapter 899Hz Probe 3839Hz	50	0.899	70.00	0.121
373.81	0.05	Adapter 899Hz Probe 3839Hz	50	3.839	70.00	0.437
373.99	0.05	Adapter 899Hz Probe 3839Hz	50	0.899	70.00	0.121
374.07	0.05	Adapter 899Hz Probe 3839Hz	50	0.899	70.00	0.121
374.15	0.05	Adapter 899Hz Probe 3839Hz	50	0.899	70.00	0.121
374.23	0.05	Adapter 899Hz Probe 3839Hz	50	0.899	70.00	0.121
374.31	0.05	Adapter 899Hz Probe 3839Hz	50	3.839	70.00	0.437
374.49	0.05	Adapter 899Hz Probe 3839Hz	50	0.899	70.00	0.121
374.57	0.05	Adapter 899Hz Probe 3839Hz	50	0.899	70.00	0.121
374.65	0.05	Adapter 899Hz Probe 3839Hz	50	0.899	70.00	0.121
374.73	0.05	Adapter 899Hz Probe 3839Hz	50	0.899	70.00	0.121
374.81	0.05	Adapter 899Hz Probe 3839Hz	50	3.839	70.00	0.437
377.463	0.05	Adapter 251Hz	51	0.251	70.00	0.052
377.543	0.05	Adapter 251Hz	51	0.251	70.00	0.052
377.623	0.05	Adapter 251Hz	51	0.251	70.00	0.052
377.703	0.05	Adapter 251Hz	51	0.251	70.00	0.052
377.963	0.05	Adapter 251Hz	51	0.251	70.00	0.052
378.043	0.05	Adapter 251Hz	51	0.251	70.00	0.052
378.123	0.05	Adapter 251Hz	51	0.251	70.00	0.052
378.203	0.05	Adapter 251Hz	51	0.251	70.00	0.052
378.463	0.05	Adapter 251Hz	51	0.251	70.00	0.052
378.543	0.05	Adapter 251Hz	51	0.251	70.00	0.052
378.623	0.05	Adapter 251Hz	51	0.251	70.00	0.052
378.703	0.05	Adapter 251Hz	51	0.251	70.00	0.052
378.963	0.05	Adapter 251Hz	51	0.251	70.00	0.052
379.043	0.05	Adapter 251Hz	51	0.251	70.00	0.052
379.123	0.05	Adapter 251Hz	51	0.251	70.00	0.052
379.203	0.05	Adapter 251Hz	51	0.251	70.00	0.052
379.463	0.05	Adapter 251Hz	51	0.251	70.00	0.052
379.543	0.05	Adapter 251Hz	51	0.251	70.00	0.052
379.623	0.05	Adapter 251Hz	51	0.251	70.00	0.052
379.703	0.05	Adapter 251Hz	51	0.251	70.00	0.052
379.963	0.05	Adapter 251Hz	51	0.251	70.00	0.052
380.043	0.05	Adapter 251Hz	51	0.251	70.00	0.052
380.123	0.05	Adapter 251Hz	51	0.251	70.00	0.052
380.203	0.05	Adapter 251Hz	51	0.251	70.00	0.052
380.463	0.05	Adapter 251Hz	51	0.251	70.00	0.052
380.543	0.05	Adapter 251Hz	51	0.251	70.00	0.052
380.623	0.05	Adapter 251Hz	51	0.251	70.00	0.052
380.703	0.05	Adapter 251Hz	51	0.251	70.00	0.052
380.963	0.05	Adapter 251Hz	51	0.251	70.00	0.052
381.043	0.05	Adapter 251Hz	51	0.251	70.00	0.052
381.123	0.05	Adapter 251Hz	51	0.251	70.00	0.052
381.203	0.05	Adapter 251Hz	51	0.251	70.00	0.052
381.463	0.05	Adapter 251Hz	51	0.251	70.00	0.052
381.543	0.05	Adapter 251Hz	51	0.251	70.00	0.052
381.623	0.05	Adapter 251Hz	51	0.251	70.00	0.052
381.703	0.05	Adapter 251Hz	51	0.251	70.00	0.052
381.963	0.05	Adapter 251Hz	51	0.251	70.00	0.052
382.043	0.05	Adapter 251Hz	51	0.251	70.00	0.052
382.123	0.05	Adapter 251Hz	51	0.251	70.00	0.052
382.203	0.05	Adapter 251Hz	51	0.251	70.00	0.052
384.966	0.05	Adapter 1501Hz Probe 3839Hz	52	1.501	70.00	0.186
385.046	0.05	Adapter 1501Hz Probe 3839Hz	52	1.501	70.00	0.186
385.126	0.05	Adapter 1501Hz Probe 3839Hz	52	1.501	70.00	0.186
385.206	0.05	Adapter 1501Hz Probe 3839Hz	52	1.501	70.00	0.186
385.286	0.05	Adapter 1501Hz Probe 3839Hz	52	3.839	70.00	0.437
385.466	0.05	Adapter 1501Hz Probe 3839Hz	52	1.501	70.00	0.186
385.546	0.05	Adapter 1501Hz Probe 3839Hz	52	1.501	70.00	0.186
385.626	0.05	Adapter 1501Hz Probe 3839Hz	52	1.501	70.00	0.186
385.706	0.05	Adapter 1501Hz Probe 3839Hz	52	1.501	70.00	0.186
385.786	0.05	Adapter 1501Hz Probe 3839Hz	52	3.839	70.00	0.437
385.966	0.05	Adapter 1501Hz Probe 3839Hz	52	1.501	70.00	0.186
386.046	0.05	Adapter 1501Hz Probe 3839Hz	52	1.501	70.00	0.186
386.126	0.05	Adapter 1501Hz Probe 3839Hz	52	1.501	70.00	0.186
386.206	0.05	Adapter 1501Hz Probe 3839Hz	52	1.501	70.00	0.186
386.286	0.05	Adapter 1501Hz Probe 3839Hz	52	3.839	70.00	0.437
386.466	0.05	Adapter 1501Hz Probe 3839Hz	52	1.501	70.00	0.186
386.546	0.05	Adapter 1501Hz Probe 3839Hz	52	1.501	70.00	0.186
386.626	0.05	Adapter 1501Hz Probe 3839Hz	52	1.501	70.00	0.186
386.706	0.05	Adapter 1501Hz Probe 3839Hz	52	1.501	70.00	0.186
386.786	0.05	Adapter 1501Hz Probe 3839Hz	52	3.839	70.00	0.437
386.966	0.05	Adapter 1501Hz Probe 3839Hz	52	1.501	70.00	0.186
387.046	0.05	Adapter 1501Hz Probe 3839Hz	52	1.501	70.00	0.186
387.126	0.05	Adapter 1501Hz Probe 3839Hz	52	1.501	70.00	0.186
387.206	0.05	Adapter 1501Hz Probe 3839Hz	52	1.501	70.00	0.186
387.286	0.05	Adapter 1501Hz Probe 3839Hz	52	3.839	70.00	0.437
387.466	0.05	Adapter 1501Hz Probe 3839Hz	52	1.501	70.00	0.186
387.546	0.05	Adapter 1501Hz Probe 3839Hz	52	1.501	70.00	0.186
387.626	0.05	Adapter 1501Hz Probe 3839Hz	52	1.501	70.00	0.186
387.706	0.05	Adapter 1501Hz Probe 3839Hz	52	1.501	70.00	0.186
387.786	0.05	Adapter 1501Hz Probe 3839Hz	52	3.839	70.00	0.437
387.966	0.05	Adapter 1501Hz Probe 3839Hz	52	1.501	70.00	0.186
388.046	0.05	Adapter 1501Hz Probe 3839Hz	52	1.501	70.00	0.186
388.126	0.05	Adapter 1501Hz Probe 3839Hz	52	1.501	70.00	0.186
388.206	0.05	Adapter 1501Hz Probe 3839Hz	52	1.501	70.00	0.186
388.286	0.05	Adapter 1501Hz Probe 3839Hz	52	3.839	70.00	0.437
388.466	0.05	Adapter 1501Hz Probe 3839Hz	52	1.501	70.00	0.186
388.546	0.05	Adapter 1501Hz Probe 3839Hz	52	1.501	70.00	0.186
388.626	0.05	Adapter 1501Hz Probe 3839Hz	52	1.501	70.00	0.186
388.706	0.05	Adapter 1501Hz Probe 3839Hz	52	1.501	70.00	0.186
388.786	0.05	Adapter 1501Hz Probe 3839Hz	52	3.839	70.00	0.437
388.966	0.05	Adapter 1501Hz Probe 3839Hz	52	1.501	70.00	0.186
389.046	0.05	Adapter 1501Hz Probe 3839Hz	52	1.501	70.00	0.186
389.126	0.05	Adapter 1501Hz Probe 3839Hz	52	1.501	70.00	0.186
389.206	0.05	Adapter 1501Hz Probe 3839Hz	52	1.501	70.00	0.186
389.286	0.05	Adapter 1501Hz Probe 3839Hz	52	3.839	70.00	0.437
389.466	0.05	Adapter 1501Hz Probe 3839Hz	52	1.501	70.00	0.186
389.546	0.05	Adapter 1501Hz Probe 3839Hz	52	1.501	70.00	0.186
389.626	0.05	Adapter 1501Hz Probe 3839Hz	52	1.501	70.00	0.186
389.706	0.05	Adapter 1501Hz Probe 3839Hz	52	1.501	70.00	0.186
389.786	0.05	Adapter 1501Hz Probe 3839Hz	52	3.839	70.00	0.437
414.996	0.05	Adapter 6009Hz	56	6.009	70.00	0.671
415.076	0.05	Adapter 6009Hz	56	6.009	70.00	0.671
415.156	0.05	Adapter 6009Hz	56	6.009	70.00	0.671
415.236	0.05	Adapter 6009Hz	56	6.009	70.00	0.671
415.496	0.05	Adapter 6009Hz	56	6.009	70.00	0.671
415.576	0.05	Adapter 6009Hz	56	6.009	70.00	0.671
415.656	0.05	Adapter 6009Hz	56	6.009	70.00	0.671
415.736	0.05	Adapter 6009Hz	56	6.009	70.00	0.671
415.996	0.05	Adapter 6009Hz	56	6.009	70.00	0.671
416.076	0.05	Adapter 6009Hz	56	6.009	70.00	0.671
416.156	0.05	Adapter 6009Hz	56	6.009	70.00	0.671
416.236	0.05	Adapter 6009Hz	56	6.009	70.00	0.671
416.496	0.05	Adapter 6009Hz	56	6.009	70.00	0.671
416.576	0.05	Adapter 6009Hz	56	6.009	70.00	0.671
416.656	0.05	Adapter 6009Hz	56	6.009	70.00	0.671
416.736	0.05	Adapter 6009Hz	56	6.009	70.00	0.671
416.996	0.05	Adapter 6009Hz	56	6.009	70.00	0.671
417.076	0.05	Adapter 6009Hz	56	6.009	70.00	0.671
417.156	0.05	Adapter 6009Hz	56	6.009	70.00	0.671
417.236	0.05	Adapter 6009Hz	56	6.009	70.00	0.671
417.496	0.05	Adapter 6009Hz	56	6.009	70.00	0.671
417.576	0.05	Adapter 6009Hz	56	6.009	70.00	0.671
417.656	0.05	Adapter 6009Hz	56	6.009	70.00	0.671
417.736	0.05	Adapter 6009Hz	56	6.009	70.00	0.671
417.996	0.05	Adapter 6009Hz	56	6.009	70.00	0.671
418.076	0.05	Adapter 6009Hz	56	6.009	70.00	0.671
418.156	0.05	Adapter 6009Hz	56	6.009	70.00	0.671
418.236	0.05	Adapter 6009Hz	56	6.009	70.00	0.671
418.496	0.05	Adapter 6009Hz	56	6.009	70.00	0.671
418.576	0.05	Adapter 6009Hz	56	6.009	70.00	0.671
418.656	0.05	Adapter 6009Hz	56	6.009	70.00	0.671
418.736	0.05	Adapter 6009Hz	56	6.009	70.00	0.671
418.996	0.05	Adapter 6009Hz	56	6.009	70.00	0.671
419.076	0.05	Adapter 6009Hz	56	6.009	70.00	0.671
419.156	0.05	Adapter 6009Hz	56	6.009	70.00	0.671
419.236	0.05	Adapter 6009Hz	56	6.009	70.00	0.671
419.496	0.05	Adapter 6009Hz	56	6.009	70.00	0.671
419.576	0.05	Adapter 6009Hz	56	6.009	70.00	0.671
419.656	0.05	Adapter 6009Hz	56	6.009	70.00	0.671
419.736	0.05	Adapter 6009Hz	56	6.009	70.00	0.671
422.453	0.05	Adapter 3839Hz Probe 3839Hz	57	3.839	70.00	0.437
422.533	0.05	Adapter 3839Hz Probe 3839Hz	57	3.839	70.00	0.437
422.613	0.05	Adapter 3839Hz Probe 3839Hz	57	3.839	70.00	0.437
422.693	0.05	Adapter 3839Hz Probe 3839Hz	57	3.839	70.00	0.437
422.773	0.05	Adapter 3839Hz Probe 3839Hz	57	3.839	70.00	0.437
422.953	0.05	Adapter 3839Hz Probe 3839Hz	57	3.839	70.00	0.437
423.033	0.05	Adapter 3839Hz Probe 3839Hz	57	3.839	70.00	0.437
423.113	0.05	Adapter 3839Hz Probe 3839Hz	57	3.839	70.00	0.437
423.193	0.05	Adapter 3839Hz Probe 3839Hz	57	3.839	70.00	0.437
423.273	0.05	Adapter 3839Hz Probe 3839Hz	57	3.839	70.00	0.437
423.453	0.05	Adapter 3839Hz Probe 3839Hz	57	3.839	70.00	0.437
423.533	0.05	Adapter 3839Hz Probe 3839Hz	57	3.839	70.00	0.437
423.613	0.05	Adapter 3839Hz Probe 3839Hz	57	3.839	70.00	0.437
423.693	0.05	Adapter 3839Hz Probe 3839Hz	57	3.839	70.00	0.437
423.773	0.05	Adapter 3839Hz Probe 3839Hz	57	3.839	70.00	0.437
423.953	0.05	Adapter 3839Hz Probe 3839Hz	57	3.839	70.00	0.437
424.033	0.05	Adapter 3839Hz Probe 3839Hz	57	3.839	70.00	0.437
424.113	0.05	Adapter 3839Hz Probe 3839Hz	57	3.839	70.00	0.437
424.193	0.05	Adapter 3839Hz Probe 3839Hz	57	3.839	70.00	0.437
424.273	0.05	Adapter 3839Hz Probe 3839Hz	57	3.839	70.00	0.437
424.453	0.05	Adapter 3839Hz Probe 3839Hz	57	3.839	70.00	0.437
424.533	0.05	Adapter 3839Hz Probe 3839Hz	57	3.839	70.00	0.437
424.613	0.05	Adapter 3839Hz Probe 3839Hz	57	3.839	70.00	0.437
424.693	0.05	Adapter 3839Hz Probe 3839Hz	57	3.839	70.00	0.437
424.773	0.05	Adapter 3839Hz Probe 3839Hz	57	3.839	70.00	0.437
424.953	0.05	Adapter 3839Hz Probe 3839Hz	57	3.839	70.00	0.437
425.033	0.05	Adapter 3839Hz Probe 3839Hz	57	3.839	70.00	0.437
425.113	0.05	Adapter 3839Hz Probe 3839Hz	57	3.839	70.00	0.437
425.193	0.05	Adapter 3839Hz Probe 3839Hz	57	3.839	70.00	0.437
425.273	0.05	Adapter 3839Hz Probe 3839Hz	57	3.839	70.00	0.437
425.453	0.05	Adapter 3839Hz Probe 3839Hz	57	3.839	70.00	0.437
425.533	0.05	Adapter 3839Hz Probe 3839Hz	57	3.839	70.00	0.437
425.613	0.05	Adapter 3839Hz Probe 3839Hz	57	3.839	70.00	0.437
425.693	0.05	Adapter 3839Hz Probe 3839Hz	57	3.839	70.00	0.437
425.773	0.05	Adapter 3839Hz Probe 3839Hz	57	3.839	70.00	0.437
425.953	0.05	Adapter 3839Hz Probe 3839Hz	57	3.839	70.00	0.437
426.033	0.05	Adapter 3839Hz Probe 3839Hz	57	3.839	70.00	0.437
426.113	0.05	Adapter 3839Hz Probe 3839Hz	57	3.839	70.00	0.437
426.193	0.05	Adapter 3839Hz Probe 3839Hz	57	3.839	70.00	0.437
426.273	0.05	Adapter 3839Hz Probe 3839Hz	57	3.839	70.00	0.437
426.453	0.05	Adapter 3839Hz Probe 3839Hz	57	3.839	70.00	0.437
426.533	0.05	Adapter 3839Hz Probe 3839Hz	57	3.839	70.00	0.437
426.613	0.05	Adapter 3839Hz Probe 3839Hz	57	3.839	70.00	0.437
426.693	0.05	Adapter 3839Hz Probe 3839Hz	57	3.839	70.00	0.437
426.773	0.05	Adapter 3839Hz Probe 3839Hz	57	3.839	70.00	0.437
426.953	0.05	Adapter 3839Hz Probe 3839Hz	57	3.839	70.00	0.437
427.033	0.05	Adapter 3839Hz Probe 3839Hz	57	3.839	70.00	0.437
427.113	0.05	Adapter 3839Hz Probe 3839Hz	57	3.839	70.00	0.437
427.193	0.05	Adapter 3839Hz Probe 3839Hz	57	3.839	70.00	0.437
427.273	0.05	Adapter 3839Hz Probe 3839Hz	57	3.839	70.00	0.437
430.003	0.05	Adapter 2423Hz	58	2.423	70.00	0.285
430.083	0.05	Adapter 2423Hz	58	2.423	70.00	0.285
430.163	0.05	Adapter 2423Hz	58	2.423	70.00	0.285
430.243	0.05	Adapter 2423Hz	58	2.423	70.00	0.285
430.503	0.05	Adapter 2423Hz	58	2.423	70.00	0.285
430.583	0.05	Adapter 2423Hz	58	2.423	70.00	0.285
430.663	0.05	Adapter 2423Hz	58	2.423	70.00	0.285
430.743	0.05	Adapter 2423Hz	58	2.423	70.00	0.285
431.003	0.05	Adapter 2423Hz	58	2.423	70.00	0.285
431.083	0.05	Adapter 2423Hz	58	2.423	70.00	0.285
431.163	0.05	Adapter 2423Hz	58	2.423	70.00	0.285
431.243	0.05	Adapter 2423Hz	58	2.423	70.00	0.285
431.503	0.05	Adapter 2423Hz	58	2.423	70.00	0.285
431.583	0.05	Adapter 2423Hz	58	2.423	70.00	0.285
431.663	0.05	Adapter 2423Hz	58	2.423	70.00	0.285
431.743	0.05	Adapter 2423Hz	58	2.423	70.00	0.285
432.003	0.05	Adapter 2423Hz	58	2.423	70.00	0.285
432.083	0.05	Adapter 2423Hz	58	2.423	70.00	0.285
432.163	0.05	Adapter 2423Hz	58	2.423	70.00	0.285
432.243	0.05	Adapter 2423Hz	58	2.423	70.00	0.285
432.503	0.05	Adapter 2423Hz	58	2.423	70.00	0.285
432.583	0.05	Adapter 2423Hz	58	2.423	70.00	0.285
432.663	0.05	Adapter 2423Hz	58	2.423	70.00	0.285
432.743	0.05	Adapter 2423Hz	58	2.423	70.00	0.285
433.003	0.05	Adapter 2423Hz	58	2.423	70.00	0.285
433.083	0.05	Adapter 2423Hz	58	2.423	70.00	0.285
433.163	0.05	Adapter 2423Hz	58	2.423	70.00	0.285
433.243	0.05	Adapter 2423Hz	58	2.423	70.00	0.285
433.503	0.05	Adapter 2423Hz	58	2.423	70.00	0.285
433.583	0.05	Adapter 2423Hz	58	2.423	70.00	0.285
433.663	0.05	Adapter 2423Hz	58	2.423	70.00	0.285
433.743	0.05	Adapter 2423Hz	58	2.423	70.00	0.285
434.003	0.05	Adapter 2423Hz	58	2.423	70.00	0.285
434.083	0.05	Adapter 2423Hz	58	2.423	70.00	0.285
434.163	0.05	Adapter 2423Hz	58	2.423	70.00	0.285
434.243	0.05	Adapter 2423Hz	58	2.423	70.00	0.285
434.503	0.05	Adapter 2423Hz	58	2.423	70.00	0.285
434.583	0.05	Adapter 2423Hz	58	2.423	70.00	0.285
434.663	0.05	Adapter 2423Hz	58	2.423	70.00	0.285
434.743	0.05	Adapter 2423Hz	58	2.423	70.00	0.285
437.46	0.05	Adapter 507Hz Probe 3839Hz	59	0.507	70.00	0.079
437.54	0.05	Adapter 507Hz Probe 3839Hz	59	0.507	70.00	0.079
437.62	0.05	Adapter 507Hz Probe 3839Hz	59	0.507	70.00	0.079
437.7	0.05	Adapter 507Hz Probe 3839Hz	59	0.507	70.00	0.079
437.78	0.05	Adapter 507Hz Probe 3839Hz	59	3.839	70.00	0.437
437.96	0.05	Adapter 507Hz Probe 3839Hz	59	0.507	70.00	0.079
438.04	0.05	Adapter 507Hz Probe 3839Hz	59	0.507	70.00	0.079
438.12	0.05	Adapter 507Hz Probe 3839Hz	59	0.507	70.00	0.079
438.2	0.05	Adapter 507Hz Probe 3839Hz	59	0.507	70.00	0.079
438.28	0.05	Adapter 507Hz Probe 3839Hz	59	3.839	70.00	0.437
438.46	0.05	Adapter 507Hz Probe 3839Hz	59	0.507	70.00	0.079
438.54	0.05	Adapter 507Hz Probe 3839Hz	59	0.507	70.00	0.079
438.62	0.05	Adapter 507Hz Probe 3839Hz	59	0.507	70.00	0.079
438.7	0.05	Adapter 507Hz Probe 3839Hz	59	0.507	70.00	0.079
438.78	0.05	Adapter 507Hz Probe 3839Hz	59	3.839	70.00	0.437
438.96	0.05	Adapter 507Hz Probe 3839Hz	59	0.507	70.00	0.079
439.04	0.05	Adapter 507Hz Probe 3839Hz	59	0.507	70.00	0.079
439.12	0.05	Adapter 507Hz Probe 3839Hz	59	0.507	70.00	0.079
439.2	0.05	Adapter 507Hz Probe 3839Hz	59	0.507	70.00	0.079
439.28	0.05	Adapter 507Hz Probe 3839Hz	59	3.839	70.00	0.437
439.46	0.05	Adapter 507Hz Probe 3839Hz	59	0.507	70.00	0.079
439.54	0.05	Adapter 507Hz Probe 3839Hz	59	0.507	70.00	0.079
439.62	0.05	Adapter 507Hz Probe 3839Hz	59	0.507	70.00	0.079
439.7	0.05	Adapter 507Hz Probe 3839Hz	59	0.507	70.00	0.079
439.78	0.05	Adapter 507Hz Probe 3839Hz	59	3.839	70.00	0.437
439.96	0.05	Adapter 507Hz Probe 3839Hz	59	0.507	70.00	0.079
440.04	0.05	Adapter 507Hz Probe 3839Hz	59	0.507	70.00	0.079
440.12	0.05	Adapter 507Hz Probe 3839Hz	59	0.507	70.00	0.079
440.2	0.05	Adapter 507Hz Probe 3839Hz	59	0.507	70.00	0.079
440.28	0.05	Adapter 507Hz Probe 3839Hz	59	3.839	70.00	0.437
440.46	0.05	Adapter 507Hz Probe 3839Hz	59	0.507	70.00	0.079
440.54	0.05	Adapter 507Hz Probe 3839Hz	59	0.507	70.00	0.079
440.62	0.05	Adapter 507Hz Probe 3839Hz	59	0.507	70.00	0.079
440.7	0.05	Adapter 507Hz Probe 3839Hz	59	0.507	70.00	0.079
440.78	0.05	Adapter 507Hz Probe 3839Hz	59	3.839	70.00	0.437
440.96	0.05	Adapter 507Hz Probe 3839Hz	59	0.507	70.00	0.079
441.04	0.05	Adapter 507Hz Probe 3839Hz	59	0.507	70.00	0.079
441.12	0.05	Adapter 507Hz Probe 3839Hz	59	0.507	70.00	0.079
441.2	0.05	Adapter 507Hz Probe 3839Hz	59	0.507	70.00	0.079
441.28	0.05	Adapter 507Hz Probe 3839Hz	59	3.839	70.00	0.437
441.46	0.05	Adapter 507Hz Probe 3839Hz	59	0.507	70.00	0.079
441.54	0.05	Adapter 507Hz Probe 3839Hz	59	0.507	70.00	0.079
441.62	0.05	Adapter 507Hz Probe 3839Hz	59	0.507	70.00	0.079
441.7	0.05	Adapter 507Hz Probe 3839Hz	59	0.507	70.00	0.079
441.78	0.05	Adapter 507Hz Probe 3839Hz	59	3.839	70.00	0.437
441.96	0.05	Adapter 507Hz Probe 3839Hz	59	0.507	70.00	0.079
442.04	0.05	Adapter 507Hz Probe 3839Hz	59	0.507	70.00	0.079
442.12	0.05	Adapter 507Hz Probe 3839Hz	59	0.507	70.00	0.079
442.2	0.05	Adapter 507Hz Probe 3839Hz	59	0.507	70.00	0.079
442.28	0.05	Adapter 507Hz Probe 3839Hz	59	3.839	70.00	0.437
444.964	0.05	Adapter 507Hz	60	0.507	70.00	0.079
445.044	0.05	Adapter 507Hz	60	0.507	70.00	0.079
445.124	0.05	Adapter 507Hz	60	0.507	70.00	0.079
445.204	0.05	Adapter 507Hz	60	0.507	70.00	0.079
445.464	0.05	Adapter 507Hz	60	0.507	70.00	0.079
445.544	0.05	Adapter 507Hz	60	0.507	70.00	0.079
445.624	0.05	Adapter 507Hz	60	0.507	70.00	0.079
445.704	0.05	Adapter 507Hz	60	0.507	70.00	0.079
445.964	0.05	Adapter 507Hz	60	0.507	70.00	0.079
446.044	0.05	Adapter 507Hz	60	0.507	70.00	0.079
446.124	0.05	Adapter 507Hz	60	0.507	70.00	0.079
446.204	0.05	Adapter 507Hz	60	0.507	70.00	0.079
446.464	0.05	Adapter 507Hz	60	0.507	70.00	0.079
446.544	0.05	Adapter 507Hz	60	0.507	70.00	0.079
446.624	0.05	Adapter 507Hz	60	0.507	70.00	0.079
446.704	0.05	Adapter 507Hz	60	0.507	70.00	0.079
446.964	0.05	Adapter 507Hz	60	0.507	70.00	0.079
447.044	0.05	Adapter 507Hz	60	0.507	70.00	0.079
447.124	0.05	Adapter 507Hz	60	0.507	70.00	0.079
447.204	0.05	Adapter 507Hz	60	0.507	70.00	0.079
447.464	0.05	Adapter 507Hz	60	0.507	70.00	0.079
447.544	0.05	Adapter 507Hz	60	0.507	70.00	0.079
447.624	0.05	Adapter 507Hz	60	0.507	70.00	0.079
447.704	0.05	Adapter 507Hz	60	0.507	70.00	0.079
447.964	0.05	Adapter 507Hz	60	0.507	70.00	0.079
448.044	0.05	Adapter 507Hz	60	0.507	70.00	0.079
448.124	0.05	Adapter 507Hz	60	0.507	70.00	0.079
448.204	0.05	Adapter 507Hz	60	0.507	70.00	0.079
448.464	0.05	Adapter 507Hz	60	0.507	70.00	0.079
448.544	0.05	Adapter 507Hz	60	0.507	70.00	0.079
448.624	0.05	Adapter 507Hz	60	0.507	70.00	0.079
448.704	0.05	Adapter 507Hz	60	0.507	70.00	0.079
448.964	0.05	Adapter 507Hz	60	0.507	70.00	0.079
449.044	0.05	Adapter 507Hz	60	0.507	70.00	0.079
449.124	0.05	Adapter 507Hz	60	0.507	70.00	0.079
449.204	0.05	Adapter 507Hz	60	0.507	70.00	0.079
449.464	0.05	Adapter 507Hz	60	0.507	70.00	0.079
449.544	0.05	Adapter 507Hz	60	0.507	70.00	0.079
449.624	0.05	Adapter 507Hz	60	0.507	70.00	0.079
449.704	0.05	Adapter 507Hz	60	0.507	70.00	0.079
452.819	0.05	Probe 3839Hz	61	3.839	70.00	0.437
453.319	0.05	Probe 3839Hz	61	3.839	70.00	0.437
453.819	0.05	Probe 3839Hz	61	3.839	70.00	0.437
454.319	0.05	Probe 3839Hz	61	3.839	70.00	0.437
454.819	0.05	Probe 3839Hz	61	3.839	70.00	0.437
455.319	0.05	Probe 3839Hz	61	3.839	70.00	0.437
455.819	0.05	Probe 3839Hz	61	3.839	70.00	0.437
456.319	0.05	Probe 3839Hz	61	3.839	70.00	0.437
456.819	0.05	Probe 3839Hz	61	3.839	70.00	0.437
457.319	0.05	Probe 3839Hz	61	3.839	70.00	0.437
460.002	0.05	Adapter 899Hz	62	0.899	70.00	0.121
460.082	0.05	Adapter 899Hz	62	0.899	70.00	0.121
460.162	0.05	Adapter 899Hz	62	0.899	70.00	0.121
460.242	0.05	Adapter 899Hz	62	0.899	70.00	0.121
460.502	0.05	Adapter 899Hz	62	0.899	70.00	0.121
460.582	0.05	Adapter 899Hz	62	0.899	70.00	0.121
460.662	0.05	Adapter 899Hz	62	0.899	70.00	0.121
460.742	0.05	Adapter 899Hz	62	0.899	70.00	0.121
461.002	0.05	Adapter 899Hz	62	0.899	70.00	0.121
461.082	0.05	Adapter 899Hz	62	0.899	70.00	0.121
461.162	0.05	Adapter 899Hz	62	0.899	70.00	0.121
461.242	0.05	Adapter 899Hz	62	0.899	70.00	0.121
461.502	0.05	Adapter 899Hz	62	0.899	70.00	0.121
461.582	0.05	Adapter 899Hz	62	0.899	70.00	0.121
461.662	0.05	Adapter 899Hz	62	0.899	70.00	0.121
461.742	0.05	Adapter 899Hz	62	0.899	70.00	0.121
462.002	0.05	Adapter 899Hz	62	0.899	70.00	0.121
462.082	0.05	Adapter 899Hz	62	0.899	70.00	0.121
462.162	0.05	Adapter 899Hz	62	0.899	70.00	0.121
462.242	0.05	Adapter 899Hz	62	0.899	70.00	0.121
462.502	0.05	Adapter 899Hz	62	0.899	70.00	0.121
462.582	0.05	Adapter 899Hz	62	0.899	70.00	0.121
462.662	0.05	Adapter 899Hz	62	0.899	70.00	0.121
462.742	0.05	Adapter 899Hz	62	0.899	70.00	0.121
463.002	0.05	Adapter 899Hz	62	0.899	70.00	0.121
463.082	0.05	Adapter 899Hz	62	0.899	70.00	0.121
463.162	0.05	Adapter 899Hz	62	0.899	70.00	0.121
463.242	0.05	Adapter 899Hz	62	0.899	70.00	0.121
463.502	0.05	Adapter 899Hz	62	0.899	70.00	0.121
463.582	0.05	Adapter 899Hz	62	0.899	70.00	0.121
463.662	0.05	Adapter 899Hz	62	0.899	70.00	0.121
463.742	0.05	Adapter 899Hz	62	0.899	70.00	0.121
464.002	0.05	Adapter 899Hz	62	0.899	70.00	0.121
464.082	0.05	Adapter 899Hz	62	0.899	70.00	0.121
464.162	0.05	Adapter 899Hz	62	0.899	70.00	0.121
464.242	0.05	Adapter 899Hz	62	0.899	70.00	0.121
464.502	0.05	Adapter 899Hz	62	0.899	70.00	0.121
464.582	0.05	Adapter 899Hz	62	0.899	70.00	0.121
464.662	0.05	Adapter 899Hz	62	0.899	70.00	0.121
464.742	0.05	Adapter 899Hz	62	0.899	70.00	0.121
467.506	0.05	Adapter 3839Hz	63	3.839	70.00	0.437
467.586	0.05	Adapter 3839Hz	63	3.839	70.00	0.437
467.666	0.05	Adapter 3839Hz	63	3.839	70.00	0.437
467.746	0.05	Adapter 3839Hz	63	3.839	70.00	0.437
468.006	0.05	Adapter 3839Hz	63	3.839	70.00	0.437
468.086	0.05	Adapter 3839Hz	63	3.839	70.00	0.437
468.166	0.05	Adapter 3839Hz	63	3.839	70.00	0.437
468.246	0.05	Adapter 3839Hz	63	3.839	70.00	0.437
468.506	0.05	Adapter 3839Hz	63	3.839	70.00	0.437
468.586	0.05	Adapter 3839Hz	63	3.839	70.00	0.437
468.666	0.05	Adapter 3839Hz	63	3.839	70.00	0.437
468.746	0.05	Adapter 3839Hz	63	3.839	70.00	0.437
469.006	0.05	Adapter 3839Hz	63	3.839	70.00	0.437
469.086	0.05	Adapter 3839Hz	63	3.839	70.00	0.437
469.166	0.05	Adapter 3839Hz	63	3.839	70.00	0.437
469.246	0.05	Adapter 3839Hz	63	3.839	70.00	0.437
469.506	0.05	Adapter 3839Hz	63	3.839	70.00	0.437
469.586	0.05	Adapter 3839Hz	63	3.839	70.00	0.437
469.666	0.05	Adapter 3839Hz	63	3.839	70.00	0.437
469.746	0.05	Adapter 3839Hz	63	3.839	70.00	0.437
470.006	0.05	Adapter 3839Hz	63	3.839	70.00	0.437
470.086	0.05	Adapter 3839Hz	63	3.839	70.00	0.437
470.166	0.05	Adapter 3839Hz	63	3.839	70.00	0.437
470.246	0.05	Adapter 3839Hz	63	3.839	70.00	0.437
470.506	0.05	Adapter 3839Hz	63	3.839	70.00	0.437
470.586	0.05	Adapter 3839Hz	63	3.839	70.00	0.437
470.666	0.05	Adapter 3839Hz	63	3.839	70.00	0.437
470.746	0.05	Adapter 3839Hz	63	3.839	70.00	0.437
471.006	0.05	Adapter 3839Hz	63	3.839	70.00	0.437
471.086	0.05	Adapter 3839Hz	63	3.839	70.00	0.437
471.166	0.05	Adapter 3839Hz	63	3.839	70.00	0.437
471.246	0.05	Adapter 3839Hz	63	3.839	70.00	0.437
471.506	0.05	Adapter 3839Hz	63	3.839	70.00	0.437
471.586	0.05	Adapter 3839Hz	63	3.839	70.00	0.437
471.666	0.05	Adapter 3839Hz	63	3.839	70.00	0.437
471.746	0.05	Adapter 3839Hz	63	3.839	70.00	0.437
472.006	0.05	Adapter 3839Hz	63	3.839	70.00	0.437
472.086	0.05	Adapter 3839Hz	63	3.839	70.00	0.437
472.166	0.05	Adapter 3839Hz	63	3.839	70.00	0.437
472.246	0.05	Adapter 3839Hz	63	3.839	70.00	0.437
475.01	0.05	Adapter 1501Hz	64	1.501	70.00	0.186
475.09	0.05	Adapter 1501Hz	64	1.501	70.00	0.186
475.17	0.05	Adapter 1501Hz	64	1.501	70.00	0.186
475.25	0.05	Adapter 1501Hz	64	1.501	70.00	0.186
475.51	0.05	Adapter 1501Hz	64	1.501	70.00	0.186
475.59	0.05	Adapter 1501Hz	64	1.501	70.00	0.186
475.67	0.05	Adapter 1501Hz	64	1.501	70.00	0.186
475.75	0.05	Adapter 1501Hz	64	1.501	70.00	0.186
476.01	0.05	Adapter 1501Hz	64	1.501	70.00	0.186
476.09	0.05	Adapter 1501Hz	64	1.501	70.00	0.186
476.17	0.05	Adapter 1501Hz	64	1.501	70.00	0.186
476.25	0.05	Adapter 1501Hz	64	1.501	70.00	0.186
476.51	0.05	Adapter 1501Hz	64	1.501	70.00	0.186
476.59	0.05	Adapter 1501Hz	64	1.501	70.00	0.186
476.67	0.05	Adapter 1501Hz	64	1.501	70.00	0.186
476.75	0.05	Adapter 1501Hz	64	1.501	70.00	0.186
477.01	0.05	Adapter 1501Hz	64	1.501	70.00	0.186
477.09	0.05	Adapter 1501Hz	64	1.501	70.00	0.186
477.17	0.05	Adapter 1501Hz	64	1.501	70.00	0.186
477.25	0.05	Adapter 1501Hz	64	1.501	70.00	0.186
477.51	0.05	Adapter 1501Hz	64	1.501	70.00	0.186
477.59	0.05	Adapter 1501Hz	64	1.501	70.00	0.186
477.67	0.05	Adapter 1501Hz	64	1.501	70.00	0.186
477.75	0.05	Adapter 1501Hz	64	1.501	70.00	0.186
478.01	0.05	Adapter 1501Hz	64	1.501	70.00	0.186
478.09	0.05	Adapter 1501Hz	64	1.501	70.00	0.186
478.17	0.05	Adapter 1501Hz	64	1.501	70.00	0.186
478.25	0.05	Adapter 1501Hz	64	1.501	70.00	0.186
478.51	0.05	Adapter 1501Hz	64	1.501	70.00	0.186
478.59	0.05	Adapter 1501Hz	64	1.501	70.00	0.186
478.67	0.05	Adapter 1501Hz	64	1.501	70.00	0.186
478.75	0.05	Adapter 1501Hz	64	1.501	70.00	0.186
479.01	0.05	Adapter 1501Hz	64	1.501	70.00	0.186
479.09	0.05	Adapter 1501Hz	64	1.501	70.00	0.186
479.17	0.05	Adapter 1501Hz	64	1.501	70.00	0.186
479.25	0.05	Adapter 1501Hz	64	1.501	70.00	0.186
479.51	0.05	Adapter 1501Hz	64	1.501	70.00	0.186
479.59	0.05	Adapter 1501Hz	64	1.501	70.00	0.186
479.67	0.05	Adapter 1501Hz	64	1.501	70.00	0.186
479.75	0.05	Adapter 1501Hz	64	1.501	70.00	0.186
