onset	duration	trial_type	scan	frequency_kHz	level_dB_SPL	bandwidth_kHz
2.5	0.05	Adapter 251Hz	1	0.251	70.00	0.052
2.58	0.05	Adapter 251Hz	1	0.251	70.00	0.052
2.66	0.05	Adapter 251Hz	1	0.251	70.00	0.052
2.74	0.05	Adapter 251Hz	1	0.251	70.00	0.052
3.0	0.05	Adapter 251Hz	1	0.251	70.00	0.052
3.08	0.05	Adapter 251Hz	1	0.251	70.00	0.052
3.16	0.05	Adapter 251Hz	1	0.251	70.00	0.052
3.24	0.05	Adapter 251Hz	1	0.251	70.00	0.052
3.5	0.05	Adapter 251Hz	1	0.251	70.00	0.052
3.58	0.05	Adapter 251Hz	1	0.251	70.00	0.052
3.66	0.05	Adapter 251Hz	1	0.251	70.00	0.052
3.74	0.05	Adapter 251Hz	1	0.251	70.00	0.052
4.0	0.05	Adapter 251Hz	1	0.251	70.00	0.052
4.08	0.05	Adapter 251Hz	1	0.251	70.00	0.052
4.16	0.05	Adapter 251Hz	1	0.251	70.00	0.052
4.24	0.05	Adapter 251Hz	1	0.251	70.00	0.052
4.5	0.05	Adapter 251Hz	1	0.251	70.00	0.052
4.58	0.05	Adapter 251Hz	1	0.251	70.00	0.052
4.66	0.05	Adapter 251Hz	1	0.251	70.00	0.052
4.74	0.05	Adapter 251Hz	1	0.251	70.00	0.052
5.0	0.05	Adapter 251Hz	1	0.251	70.00	0.052
5.08	0.05	Adapter 251Hz	1	0.251	70.00	0.052
5.16	0.05	Adapter 251Hz	1	0.251	70.00	0.052
5.24	0.05	Adapter 251Hz	1	0.251	70.00	0.052
5.5	0.05	Adapter 251Hz	1	0.251	70.00	0.052
5.58	0.05	Adapter 251Hz	1	0.251	70.00	0.052
5.66	0.05	Adapter 251Hz	1	0.251	70.00	0.052
5.74	0.05	Adapter 251Hz	1	0.251	70.00	0.052
6.0	0.05	Adapter 251Hz	1	0.251	70.00	0.052
6.08	0.05	Adapter 251Hz	1	0.251	70.00	0.052
6.16	0.05	Adapter 251Hz	1	0.251	70.00	0.052
6.24	0.05	Adapter 251Hz	1	0.251	70.00	0.052
6.5	0.05	Adapter 251Hz	1	0.251	70.00	0.052
6.58	0.05	Adapter 251Hz	1	0.251	70.00	0.052
6.66	0.05	Adapter 251Hz	1	0.251	70.00	0.052
6.74	0.05	Adapter 251Hz	1	0.251	70.00	0.052
7.0	0.05	Adapter 251Hz	1	0.251	70.00	0.052
7.08	0.05	Adapter 251Hz	1	0.251	70.00	0.052
7.16	0.05	Adapter 251Hz	1	0.251	70.00	0.052
7.24	0.05	Adapter 251Hz	1	0.251	70.00	0.052
9.988	0.05	Adapter 2423Hz	2	2.423	70.00	0.285
10.068	0.05	Adapter 2423Hz	2	2.423	70.00	0.285
10.148	0.05	Adapter 2423Hz	2	2.423	70.00	0.285
10.228	0.05	Adapter 2423Hz	2	2.423	70.00	0.285
10.488	0.05	Adapter 2423Hz	2	2.423	70.00	0.285
10.568	0.05	Adapter 2423Hz	2	2.423	70.00	0.285
10.648	0.05	Adapter 2423Hz	2	2.423	70.00	0.285
10.728	0.05	Adapter 2423Hz	2	2.423	70.00	0.285
10.988	0.05	Adapter 2423Hz	2	2.423	70.00	0.285
11.068	0.05	Adapter 2423Hz	2	2.423	70.00	0.285
11.148	0.05	Adapter 2423Hz	2	2.423	70.00	0.285
11.228	0.05	Adapter 2423Hz	2	2.423	70.00	0.285
11.488	0.05	Adapter 2423Hz	2	2.423	70.00	0.285
11.568	0.05	Adapter 2423Hz	2	2.423	70.00	0.285
11.648	0.05	Adapter 2423Hz	2	2.423	70.00	0.285
11.728	0.05	Adapter 2423Hz	2	2.423	70.00	0.285
11.988	0.05	Adapter 2423Hz	2	2.423	70.00	0.285
12.068	0.05	Adapter 2423Hz	2	2.423	70.00	0.285
12.148	0.05	Adapter 2423Hz	2	2.423	70.00	0.285
12.228	0.05	Adapter 2423Hz	2	2.423	70.00	0.285
12.488	0.05	Adapter 2423Hz	2	2.423	70.00	0.285
12.568	0.05	Adapter 2423Hz	2	2.423	70.00	0.285
12.648	0.05	Adapter 2423Hz	2	2.423	70.00	0.285
12.728	0.05	Adapter 2423Hz	2	2.423	70.00	0.285
12.988	0.05	Adapter 2423Hz	2	2.423	70.00	0.285
13.068	0.05	Adapter 2423Hz	2	2.423	70.00	0.285
13.148	0.05	Adapter 2423Hz	2	2.423	70.00	0.285
13.228	0.05	Adapter 2423Hz	2	2.423	70.00	0.285
13.488	0.05	Adapter 2423Hz	2	2.423	70.00	0.285
13.568	0.05	Adapter 2423Hz	2	2.423	70.00	0.285
13.648	0.05	Adapter 2423Hz	2	2.423	70.00	0.285
13.728	0.05	Adapter 2423Hz	2	2.423	70.00	0.285
13.988	0.05	Adapter 2423Hz	2	2.423	70.00	0.285
14.068	0.05	Adapter 2423Hz	2	2.423	70.00	0.285
14.148	0.05	Adapter 2423Hz	2	2.423	70.00	0.285
14.228	0.05	Adapter 2423Hz	2	2.423	70.00	0.285
14.488	0.05	Adapter 2423Hz	2	2.423	70.00	0.285
14.568	0.05	Adapter 2423Hz	2	2.423	70.00	0.285
14.648	0.05	Adapter 2423Hz	2	2.423	70.00	0.285
14.728	0.05	Adapter 2423Hz	2	2.423	70.00	0.285
17.46	0.05	Adapter 1501Hz	3	1.501	70.00	0.186
17.54	0.05	Adapter 1501Hz	3	1.501	70.00	0.186
17.62	0.05	Adapter 1501Hz	3	1.501	70.00	0.186
17.7	0.05	Adapter 1501Hz	3	1.501	70.00	0.186
17.96	0.05	Adapter 1501Hz	3	1.501	70.00	0.186
18.04	0.05	Adapter 1501Hz	3	1.501	70.00	0.186
18.12	0.05	Adapter 1501Hz	3	1.501	70.00	0.186
18.2	0.05	Adapter 1501Hz	3	1.501	70.00	0.186
18.46	0.05	Adapter 1501Hz	3	1.501	70.00	0.186
18.54	0.05	Adapter 1501Hz	3	1.501	70.00	0.186
18.62	0.05	Adapter 1501Hz	3	1.501	70.00	0.186
18.7	0.05	Adapter 1501Hz	3	1.501	70.00	0.186
18.96	0.05	Adapter 1501Hz	3	1.501	70.00	0.186
19.04	0.05	Adapter 1501Hz	3	1.501	70.00	0.186
19.12	0.05	Adapter 1501Hz	3	1.501	70.00	0.186
19.2	0.05	Adapter 1501Hz	3	1.501	70.00	0.186
19.46	0.05	Adapter 1501Hz	3	1.501	70.00	0.186
19.54	0.05	Adapter 1501Hz	3	1.501	70.00	0.186
19.62	0.05	Adapter 1501Hz	3	1.501	70.00	0.186
19.7	0.05	Adapter 1501Hz	3	1.501	70.00	0.186
19.96	0.05	Adapter 1501Hz	3	1.501	70.00	0.186
20.04	0.05	Adapter 1501Hz	3	1.501	70.00	0.186
20.12	0.05	Adapter 1501Hz	3	1.501	70.00	0.186
20.2	0.05	Adapter 1501Hz	3	1.501	70.00	0.186
20.46	0.05	Adapter 1501Hz	3	1.501	70.00	0.186
20.54	0.05	Adapter 1501Hz	3	1.501	70.00	0.186
20.62	0.05	Adapter 1501Hz	3	1.501	70.00	0.186
20.7	0.05	Adapter 1501Hz	3	1.501	70.00	0.186
20.96	0.05	Adapter 1501Hz	3	1.501	70.00	0.186
21.04	0.05	Adapter 1501Hz	3	1.501	70.00	0.186
21.12	0.05	Adapter 1501Hz	3	1.501	70.00	0.186
21.2	0.05	Adapter 1501Hz	3	1.501	70.00	0.186
21.46	0.05	Adapter 1501Hz	3	1.501	70.00	0.186
21.54	0.05	Adapter 1501Hz	3	1.501	70.00	0.186
21.62	0.05	Adapter 1501Hz	3	1.501	70.00	0.186
21.7	0.05	Adapter 1501Hz	3	1.501	70.00	0.186
21.96	0.05	Adapter 1501Hz	3	1.501	70.00	0.186
22.04	0.05	Adapter 1501Hz	3	1.501	70.00	0.186
22.12	0.05	Adapter 1501Hz	3	1.501	70.00	0.186
22.2	0.05	Adapter 1501Hz	3	1.501	70.00	0.186
24.964	0.05	Adapter 3839Hz Probe 3839Hz	4	3.839	70.00	0.437
25.044	0.05	Adapter 3839Hz Probe 3839Hz	4	3.839	70.00	0.437
25.124	0.05	Adapter 3839Hz Probe 3839Hz	4	3.839	70.00	0.437
25.204	0.05	Adapter 3839Hz Probe 3839Hz	4	3.839	70.00	0.437
25.284	0.05	Adapter 3839Hz Probe 3839Hz	4	3.839	70.00	0.437
25.464	0.05	Adapter 3839Hz Probe 3839Hz	4	3.839	70.00	0.437
25.544	0.05	Adapter 3839Hz Probe 3839Hz	4	3.839	70.00	0.437
25.624	0.05	Adapter 3839Hz Probe 3839Hz	4	3.839	70.00	0.437
25.704	0.05	Adapter 3839Hz Probe 3839Hz	4	3.839	70.00	0.437
25.784	0.05	Adapter 3839Hz Probe 3839Hz	4	3.839	70.00	0.437
25.964	0.05	Adapter 3839Hz Probe 3839Hz	4	3.839	70.00	0.437
26.044	0.05	Adapter 3839Hz Probe 3839Hz	4	3.839	70.00	0.437
26.124	0.05	Adapter 3839Hz Probe 3839Hz	4	3.839	70.00	0.437
26.204	0.05	Adapter 3839Hz Probe 3839Hz	4	3.839	70.00	0.437
26.284	0.05	Adapter 3839Hz Probe 3839Hz	4	3.839	70.00	0.437
26.464	0.05	Adapter 3839Hz Probe 3839Hz	4	3.839	70.00	0.437
26.544	0.05	Adapter 3839Hz Probe 3839Hz	4	3.839	70.00	0.437
26.624	0.05	Adapter 3839Hz Probe 3839Hz	4	3.839	70.00	0.437
26.704	0.05	Adapter 3839Hz Probe 3839Hz	4	3.839	70.00	0.437
26.784	0.05	Adapter 3839Hz Probe 3839Hz	4	3.839	70.00	0.437
26.964	0.05	Adapter 3839Hz Probe 3839Hz	4	3.839	70.00	0.437
27.044	0.05	Adapter 3839Hz Probe 3839Hz	4	3.839	70.00	0.437
27.124	0.05	Adapter 3839Hz Probe 3839Hz	4	3.839	70.00	0.437
27.204	0.05	Adapter 3839Hz Probe 3839Hz	4	3.839	70.00	0.437
27.284	0.05	Adapter 3839Hz Probe 3839Hz	4	3.839	70.00	0.437
27.464	0.05	Adapter 3839Hz Probe 3839Hz	4	3.839	70.00	0.437
27.544	0.05	Adapter 3839Hz Probe 3839Hz	4	3.839	70.00	0.437
27.624	0.05	Adapter 3839Hz Probe 3839Hz	4	3.839	70.00	0.437
27.704	0.05	Adapter 3839Hz Probe 3839Hz	4	3.839	70.00	0.437
27.784	0.05	Adapter 3839Hz Probe 3839Hz	4	3.839	70.00	0.437
27.964	0.05	Adapter 3839Hz Probe 3839Hz	4	3.839	70.00	0.437
28.044	0.05	Adapter 3839Hz Probe 3839Hz	4	3.839	70.00	0.437
28.124	0.05	Adapter 3839Hz Probe 3839Hz	4	3.839	70.00	0.437
28.204	0.05	Adapter 3839Hz Probe 3839Hz	4	3.839	70.00	0.437
28.284	0.05	Adapter 3839Hz Probe 3839Hz	4	3.839	70.00	0.437
28.464	0.05	Adapter 3839Hz Probe 3839Hz	4	3.839	70.00	0.437
28.544	0.05	Adapter 3839Hz Probe 3839Hz	4	3.839	70.00	0.437
28.624	0.05	Adapter 3839Hz Probe 3839Hz	4	3.839	70.00	0.437
28.704	0.05	Adapter 3839Hz Probe 3839Hz	4	3.839	70.00	0.437
28.784	0.05	Adapter 3839Hz Probe 3839Hz	4	3.839	70.00	0.437
28.964	0.05	Adapter 3839Hz Probe 3839Hz	4	3.839	70.00	0.437
29.044	0.05	Adapter 3839Hz Probe 3839Hz	4	3.839	70.00	0.437
29.124	0.05	Adapter 3839Hz Probe 3839Hz	4	3.839	70.00	0.437
29.204	0.05	Adapter 3839Hz Probe 3839Hz	4	3.839	70.00	0.437
29.284	0.05	Adapter 3839Hz Probe 3839Hz	4	3.839	70.00	0.437
29.464	0.05	Adapter 3839Hz Probe 3839Hz	4	3.839	70.00	0.437
29.544	0.05	Adapter 3839Hz Probe 3839Hz	4	3.839	70.00	0.437
29.624	0.05	Adapter 3839Hz Probe 3839Hz	4	3.839	70.00	0.437
29.704	0.05	Adapter 3839Hz Probe 3839Hz	4	3.839	70.00	0.437
29.784	0.05	Adapter 3839Hz Probe 3839Hz	4	3.839	70.00	0.437
47.475	0.05	Adapter 2423Hz Probe 3839Hz	7	2.423	70.00	0.285
47.555	0.05	Adapter 2423Hz Probe 3839Hz	7	2.423	70.00	0.285
47.635	0.05	Adapter 2423Hz Probe 3839Hz	7	2.423	70.00	0.285
47.715	0.05	Adapter 2423Hz Probe 3839Hz	7	2.423	70.00	0.285
47.795	0.05	Adapter 2423Hz Probe 3839Hz	7	3.839	70.00	0.437
47.975	0.05	Adapter 2423Hz Probe 3839Hz	7	2.423	70.00	0.285
48.055	0.05	Adapter 2423Hz Probe 3839Hz	7	2.423	70.00	0.285
48.135	0.05	Adapter 2423Hz Probe 3839Hz	7	2.423	70.00	0.285
48.215	0.05	Adapter 2423Hz Probe 3839Hz	7	2.423	70.00	0.285
48.295	0.05	Adapter 2423Hz Probe 3839Hz	7	3.839	70.00	0.437
48.475	0.05	Adapter 2423Hz Probe 3839Hz	7	2.423	70.00	0.285
48.555	0.05	Adapter 2423Hz Probe 3839Hz	7	2.423	70.00	0.285
48.635	0.05	Adapter 2423Hz Probe 3839Hz	7	2.423	70.00	0.285
48.715	0.05	Adapter 2423Hz Probe 3839Hz	7	2.423	70.00	0.285
48.795	0.05	Adapter 2423Hz Probe 3839Hz	7	3.839	70.00	0.437
48.975	0.05	Adapter 2423Hz Probe 3839Hz	7	2.423	70.00	0.285
49.055	0.05	Adapter 2423Hz Probe 3839Hz	7	2.423	70.00	0.285
49.135	0.05	Adapter 2423Hz Probe 3839Hz	7	2.423	70.00	0.285
49.215	0.05	Adapter 2423Hz Probe 3839Hz	7	2.423	70.00	0.285
49.295	0.05	Adapter 2423Hz Probe 3839Hz	7	3.839	70.00	0.437
49.475	0.05	Adapter 2423Hz Probe 3839Hz	7	2.423	70.00	0.285
49.555	0.05	Adapter 2423Hz Probe 3839Hz	7	2.423	70.00	0.285
49.635	0.05	Adapter 2423Hz Probe 3839Hz	7	2.423	70.00	0.285
49.715	0.05	Adapter 2423Hz Probe 3839Hz	7	2.423	70.00	0.285
49.795	0.05	Adapter 2423Hz Probe 3839Hz	7	3.839	70.00	0.437
49.975	0.05	Adapter 2423Hz Probe 3839Hz	7	2.423	70.00	0.285
50.055	0.05	Adapter 2423Hz Probe 3839Hz	7	2.423	70.00	0.285
50.135	0.05	Adapter 2423Hz Probe 3839Hz	7	2.423	70.00	0.285
50.215	0.05	Adapter 2423Hz Probe 3839Hz	7	2.423	70.00	0.285
50.295	0.05	Adapter 2423Hz Probe 3839Hz	7	3.839	70.00	0.437
50.475	0.05	Adapter 2423Hz Probe 3839Hz	7	2.423	70.00	0.285
50.555	0.05	Adapter 2423Hz Probe 3839Hz	7	2.423	70.00	0.285
50.635	0.05	Adapter 2423Hz Probe 3839Hz	7	2.423	70.00	0.285
50.715	0.05	Adapter 2423Hz Probe 3839Hz	7	2.423	70.00	0.285
50.795	0.05	Adapter 2423Hz Probe 3839Hz	7	3.839	70.00	0.437
50.975	0.05	Adapter 2423Hz Probe 3839Hz	7	2.423	70.00	0.285
51.055	0.05	Adapter 2423Hz Probe 3839Hz	7	2.423	70.00	0.285
51.135	0.05	Adapter 2423Hz Probe 3839Hz	7	2.423	70.00	0.285
51.215	0.05	Adapter 2423Hz Probe 3839Hz	7	2.423	70.00	0.285
51.295	0.05	Adapter 2423Hz Probe 3839Hz	7	3.839	70.00	0.437
51.475	0.05	Adapter 2423Hz Probe 3839Hz	7	2.423	70.00	0.285
51.555	0.05	Adapter 2423Hz Probe 3839Hz	7	2.423	70.00	0.285
51.635	0.05	Adapter 2423Hz Probe 3839Hz	7	2.423	70.00	0.285
51.715	0.05	Adapter 2423Hz Probe 3839Hz	7	2.423	70.00	0.285
51.795	0.05	Adapter 2423Hz Probe 3839Hz	7	3.839	70.00	0.437
51.975	0.05	Adapter 2423Hz Probe 3839Hz	7	2.423	70.00	0.285
52.055	0.05	Adapter 2423Hz Probe 3839Hz	7	2.423	70.00	0.285
52.135	0.05	Adapter 2423Hz Probe 3839Hz	7	2.423	70.00	0.285
52.215	0.05	Adapter 2423Hz Probe 3839Hz	7	2.423	70.00	0.285
52.295	0.05	Adapter 2423Hz Probe 3839Hz	7	3.839	70.00	0.437
55.298	0.05	Probe 3839Hz	8	3.839	70.00	0.437
55.798	0.05	Probe 3839Hz	8	3.839	70.00	0.437
56.298	0.05	Probe 3839Hz	8	3.839	70.00	0.437
56.798	0.05	Probe 3839Hz	8	3.839	70.00	0.437
57.298	0.05	Probe 3839Hz	8	3.839	70.00	0.437
57.798	0.05	Probe 3839Hz	8	3.839	70.00	0.437
58.298	0.05	Probe 3839Hz	8	3.839	70.00	0.437
58.798	0.05	Probe 3839Hz	8	3.839	70.00	0.437
59.298	0.05	Probe 3839Hz	8	3.839	70.00	0.437
59.798	0.05	Probe 3839Hz	8	3.839	70.00	0.437
62.466	0.05	Adapter 1501Hz Probe 3839Hz	9	1.501	70.00	0.186
62.546	0.05	Adapter 1501Hz Probe 3839Hz	9	1.501	70.00	0.186
62.626	0.05	Adapter 1501Hz Probe 3839Hz	9	1.501	70.00	0.186
62.706	0.05	Adapter 1501Hz Probe 3839Hz	9	1.501	70.00	0.186
62.786	0.05	Adapter 1501Hz Probe 3839Hz	9	3.839	70.00	0.437
62.966	0.05	Adapter 1501Hz Probe 3839Hz	9	1.501	70.00	0.186
63.046	0.05	Adapter 1501Hz Probe 3839Hz	9	1.501	70.00	0.186
63.126	0.05	Adapter 1501Hz Probe 3839Hz	9	1.501	70.00	0.186
63.206	0.05	Adapter 1501Hz Probe 3839Hz	9	1.501	70.00	0.186
63.286	0.05	Adapter 1501Hz Probe 3839Hz	9	3.839	70.00	0.437
63.466	0.05	Adapter 1501Hz Probe 3839Hz	9	1.501	70.00	0.186
63.546	0.05	Adapter 1501Hz Probe 3839Hz	9	1.501	70.00	0.186
63.626	0.05	Adapter 1501Hz Probe 3839Hz	9	1.501	70.00	0.186
63.706	0.05	Adapter 1501Hz Probe 3839Hz	9	1.501	70.00	0.186
63.786	0.05	Adapter 1501Hz Probe 3839Hz	9	3.839	70.00	0.437
63.966	0.05	Adapter 1501Hz Probe 3839Hz	9	1.501	70.00	0.186
64.046	0.05	Adapter 1501Hz Probe 3839Hz	9	1.501	70.00	0.186
64.126	0.05	Adapter 1501Hz Probe 3839Hz	9	1.501	70.00	0.186
64.206	0.05	Adapter 1501Hz Probe 3839Hz	9	1.501	70.00	0.186
64.286	0.05	Adapter 1501Hz Probe 3839Hz	9	3.839	70.00	0.437
64.466	0.05	Adapter 1501Hz Probe 3839Hz	9	1.501	70.00	0.186
64.546	0.05	Adapter 1501Hz Probe 3839Hz	9	1.501	70.00	0.186
64.626	0.05	Adapter 1501Hz Probe 3839Hz	9	1.501	70.00	0.186
64.706	0.05	Adapter 1501Hz Probe 3839Hz	9	1.501	70.00	0.186
64.786	0.05	Adapter 1501Hz Probe 3839Hz	9	3.839	70.00	0.437
64.966	0.05	Adapter 1501Hz Probe 3839Hz	9	1.501	70.00	0.186
65.046	0.05	Adapter 1501Hz Probe 3839Hz	9	1.501	70.00	0.186
65.126	0.05	Adapter 1501Hz Probe 3839Hz	9	1.501	70.00	0.186
65.206	0.05	Adapter 1501Hz Probe 3839Hz	9	1.501	70.00	0.186
65.286	0.05	Adapter 1501Hz Probe 3839Hz	9	3.839	70.00	0.437
65.466	0.05	Adapter 1501Hz Probe 3839Hz	9	1.501	70.00	0.186
65.546	0.05	Adapter 1501Hz Probe 3839Hz	9	1.501	70.00	0.186
65.626	0.05	Adapter 1501Hz Probe 3839Hz	9	1.501	70.00	0.186
65.706	0.05	Adapter 1501Hz Probe 3839Hz	9	1.501	70.00	0.186
65.786	0.05	Adapter 1501Hz Probe 3839Hz	9	3.839	70.00	0.437
65.966	0.05	Adapter 1501Hz Probe 3839Hz	9	1.501	70.00	0.186
66.046	0.05	Adapter 1501Hz Probe 3839Hz	9	1.501	70.00	0.186
66.126	0.05	Adapter 1501Hz Probe 3839Hz	9	1.501	70.00	0.186
66.206	0.05	Adapter 1501Hz Probe 3839Hz	9	1.501	70.00	0.186
66.286	0.05	Adapter 1501Hz Probe 3839Hz	9	3.839	70.00	0.437
66.466	0.05	Adapter 1501Hz Probe 3839Hz	9	1.501	70.00	0.186
66.546	0.05	Adapter 1501Hz Probe 3839Hz	9	1.501	70.00	0.186
66.626	0.05	Adapter 1501Hz Probe 3839Hz	9	1.501	70.00	0.186
66.706	0.05	Adapter 1501Hz Probe 3839Hz	9	1.501	70.00	0.186
66.786	0.05	Adapter 1501Hz Probe 3839Hz	9	3.839	70.00	0.437
66.966	0.05	Adapter 1501Hz Probe 3839Hz	9	1.501	70.00	0.186
67.046	0.05	Adapter 1501Hz Probe 3839Hz	9	1.501	70.00	0.186
67.126	0.05	Adapter 1501Hz Probe 3839Hz	9	1.501	70.00	0.186
67.206	0.05	Adapter 1501Hz Probe 3839Hz	9	1.501	70.00	0.186
67.286	0.05	Adapter 1501Hz Probe 3839Hz	9	3.839	70.00	0.437
69.954	0.05	Adapter 507Hz	10	0.507	70.00	0.079
70.034	0.05	Adapter 507Hz	10	0.507	70.00	0.079
70.114	0.05	Adapter 507Hz	10	0.507	70.00	0.079
70.194	0.05	Adapter 507Hz	10	0.507	70.00	0.079
70.454	0.05	Adapter 507Hz	10	0.507	70.00	0.079
70.534	0.05	Adapter 507Hz	10	0.507	70.00	0.079
70.614	0.05	Adapter 507Hz	10	0.507	70.00	0.079
70.694	0.05	Adapter 507Hz	10	0.507	70.00	0.079
70.954	0.05	Adapter 507Hz	10	0.507	70.00	0.079
71.034	0.05	Adapter 507Hz	10	0.507	70.00	0.079
71.114	0.05	Adapter 507Hz	10	0.507	70.00	0.079
71.194	0.05	Adapter 507Hz	10	0.507	70.00	0.079
71.454	0.05	Adapter 507Hz	10	0.507	70.00	0.079
71.534	0.05	Adapter 507Hz	10	0.507	70.00	0.079
71.614	0.05	Adapter 507Hz	10	0.507	70.00	0.079
71.694	0.05	Adapter 507Hz	10	0.507	70.00	0.079
71.954	0.05	Adapter 507Hz	10	0.507	70.00	0.079
72.034	0.05	Adapter 507Hz	10	0.507	70.00	0.079
72.114	0.05	Adapter 507Hz	10	0.507	70.00	0.079
72.194	0.05	Adapter 507Hz	10	0.507	70.00	0.079
72.454	0.05	Adapter 507Hz	10	0.507	70.00	0.079
72.534	0.05	Adapter 507Hz	10	0.507	70.00	0.079
72.614	0.05	Adapter 507Hz	10	0.507	70.00	0.079
72.694	0.05	Adapter 507Hz	10	0.507	70.00	0.079
72.954	0.05	Adapter 507Hz	10	0.507	70.00	0.079
73.034	0.05	Adapter 507Hz	10	0.507	70.00	0.079
73.114	0.05	Adapter 507Hz	10	0.507	70.00	0.079
73.194	0.05	Adapter 507Hz	10	0.507	70.00	0.079
73.454	0.05	Adapter 507Hz	10	0.507	70.00	0.079
73.534	0.05	Adapter 507Hz	10	0.507	70.00	0.079
73.614	0.05	Adapter 507Hz	10	0.507	70.00	0.079
73.694	0.05	Adapter 507Hz	10	0.507	70.00	0.079
73.954	0.05	Adapter 507Hz	10	0.507	70.00	0.079
74.034	0.05	Adapter 507Hz	10	0.507	70.00	0.079
74.114	0.05	Adapter 507Hz	10	0.507	70.00	0.079
74.194	0.05	Adapter 507Hz	10	0.507	70.00	0.079
74.454	0.05	Adapter 507Hz	10	0.507	70.00	0.079
74.534	0.05	Adapter 507Hz	10	0.507	70.00	0.079
74.614	0.05	Adapter 507Hz	10	0.507	70.00	0.079
74.694	0.05	Adapter 507Hz	10	0.507	70.00	0.079
77.505	0.05	Adapter 899Hz Probe 3839Hz	11	0.899	70.00	0.121
77.585	0.05	Adapter 899Hz Probe 3839Hz	11	0.899	70.00	0.121
77.665	0.05	Adapter 899Hz Probe 3839Hz	11	0.899	70.00	0.121
77.745	0.05	Adapter 899Hz Probe 3839Hz	11	0.899	70.00	0.121
77.825	0.05	Adapter 899Hz Probe 3839Hz	11	3.839	70.00	0.437
78.005	0.05	Adapter 899Hz Probe 3839Hz	11	0.899	70.00	0.121
78.085	0.05	Adapter 899Hz Probe 3839Hz	11	0.899	70.00	0.121
78.165	0.05	Adapter 899Hz Probe 3839Hz	11	0.899	70.00	0.121
78.245	0.05	Adapter 899Hz Probe 3839Hz	11	0.899	70.00	0.121
78.325	0.05	Adapter 899Hz Probe 3839Hz	11	3.839	70.00	0.437
78.505	0.05	Adapter 899Hz Probe 3839Hz	11	0.899	70.00	0.121
78.585	0.05	Adapter 899Hz Probe 3839Hz	11	0.899	70.00	0.121
78.665	0.05	Adapter 899Hz Probe 3839Hz	11	0.899	70.00	0.121
78.745	0.05	Adapter 899Hz Probe 3839Hz	11	0.899	70.00	0.121
78.825	0.05	Adapter 899Hz Probe 3839Hz	11	3.839	70.00	0.437
79.005	0.05	Adapter 899Hz Probe 3839Hz	11	0.899	70.00	0.121
79.085	0.05	Adapter 899Hz Probe 3839Hz	11	0.899	70.00	0.121
79.165	0.05	Adapter 899Hz Probe 3839Hz	11	0.899	70.00	0.121
79.245	0.05	Adapter 899Hz Probe 3839Hz	11	0.899	70.00	0.121
79.325	0.05	Adapter 899Hz Probe 3839Hz	11	3.839	70.00	0.437
79.505	0.05	Adapter 899Hz Probe 3839Hz	11	0.899	70.00	0.121
79.585	0.05	Adapter 899Hz Probe 3839Hz	11	0.899	70.00	0.121
79.665	0.05	Adapter 899Hz Probe 3839Hz	11	0.899	70.00	0.121
79.745	0.05	Adapter 899Hz Probe 3839Hz	11	0.899	70.00	0.121
79.825	0.05	Adapter 899Hz Probe 3839Hz	11	3.839	70.00	0.437
80.005	0.05	Adapter 899Hz Probe 3839Hz	11	0.899	70.00	0.121
80.085	0.05	Adapter 899Hz Probe 3839Hz	11	0.899	70.00	0.121
80.165	0.05	Adapter 899Hz Probe 3839Hz	11	0.899	70.00	0.121
80.245	0.05	Adapter 899Hz Probe 3839Hz	11	0.899	70.00	0.121
80.325	0.05	Adapter 899Hz Probe 3839Hz	11	3.839	70.00	0.437
80.505	0.05	Adapter 899Hz Probe 3839Hz	11	0.899	70.00	0.121
80.585	0.05	Adapter 899Hz Probe 3839Hz	11	0.899	70.00	0.121
80.665	0.05	Adapter 899Hz Probe 3839Hz	11	0.899	70.00	0.121
80.745	0.05	Adapter 899Hz Probe 3839Hz	11	0.899	70.00	0.121
80.825	0.05	Adapter 899Hz Probe 3839Hz	11	3.839	70.00	0.437
81.005	0.05	Adapter 899Hz Probe 3839Hz	11	0.899	70.00	0.121
81.085	0.05	Adapter 899Hz Probe 3839Hz	11	0.899	70.00	0.121
81.165	0.05	Adapter 899Hz Probe 3839Hz	11	0.899	70.00	0.121
81.245	0.05	Adapter 899Hz Probe 3839Hz	11	0.899	70.00	0.121
81.325	0.05	Adapter 899Hz Probe 3839Hz	11	3.839	70.00	0.437
81.505	0.05	Adapter 899Hz Probe 3839Hz	11	0.899	70.00	0.121
81.585	0.05	Adapter 899Hz Probe 3839Hz	11	0.899	70.00	0.121
81.665	0.05	Adapter 899Hz Probe 3839Hz	11	0.899	70.00	0.121
81.745	0.05	Adapter 899Hz Probe 3839Hz	11	0.899	70.00	0.121
81.825	0.05	Adapter 899Hz Probe 3839Hz	11	3.839	70.00	0.437
82.005	0.05	Adapter 899Hz Probe 3839Hz	11	0.899	70.00	0.121
82.085	0.05	Adapter 899Hz Probe 3839Hz	11	0.899	70.00	0.121
82.165	0.05	Adapter 899Hz Probe 3839Hz	11	0.899	70.00	0.121
82.245	0.05	Adapter 899Hz Probe 3839Hz	11	0.899	70.00	0.121
82.325	0.05	Adapter 899Hz Probe 3839Hz	11	3.839	70.00	0.437
85.008	0.05	Adapter 3839Hz	12	3.839	70.00	0.437
85.088	0.05	Adapter 3839Hz	12	3.839	70.00	0.437
85.168	0.05	Adapter 3839Hz	12	3.839	70.00	0.437
85.248	0.05	Adapter 3839Hz	12	3.839	70.00	0.437
85.508	0.05	Adapter 3839Hz	12	3.839	70.00	0.437
85.588	0.05	Adapter 3839Hz	12	3.839	70.00	0.437
85.668	0.05	Adapter 3839Hz	12	3.839	70.00	0.437
85.748	0.05	Adapter 3839Hz	12	3.839	70.00	0.437
86.008	0.05	Adapter 3839Hz	12	3.839	70.00	0.437
86.088	0.05	Adapter 3839Hz	12	3.839	70.00	0.437
86.168	0.05	Adapter 3839Hz	12	3.839	70.00	0.437
86.248	0.05	Adapter 3839Hz	12	3.839	70.00	0.437
86.508	0.05	Adapter 3839Hz	12	3.839	70.00	0.437
86.588	0.05	Adapter 3839Hz	12	3.839	70.00	0.437
86.668	0.05	Adapter 3839Hz	12	3.839	70.00	0.437
86.748	0.05	Adapter 3839Hz	12	3.839	70.00	0.437
87.008	0.05	Adapter 3839Hz	12	3.839	70.00	0.437
87.088	0.05	Adapter 3839Hz	12	3.839	70.00	0.437
87.168	0.05	Adapter 3839Hz	12	3.839	70.00	0.437
87.248	0.05	Adapter 3839Hz	12	3.839	70.00	0.437
87.508	0.05	Adapter 3839Hz	12	3.839	70.00	0.437
87.588	0.05	Adapter 3839Hz	12	3.839	70.00	0.437
87.668	0.05	Adapter 3839Hz	12	3.839	70.00	0.437
87.748	0.05	Adapter 3839Hz	12	3.839	70.00	0.437
88.008	0.05	Adapter 3839Hz	12	3.839	70.00	0.437
88.088	0.05	Adapter 3839Hz	12	3.839	70.00	0.437
88.168	0.05	Adapter 3839Hz	12	3.839	70.00	0.437
88.248	0.05	Adapter 3839Hz	12	3.839	70.00	0.437
88.508	0.05	Adapter 3839Hz	12	3.839	70.00	0.437
88.588	0.05	Adapter 3839Hz	12	3.839	70.00	0.437
88.668	0.05	Adapter 3839Hz	12	3.839	70.00	0.437
88.748	0.05	Adapter 3839Hz	12	3.839	70.00	0.437
89.008	0.05	Adapter 3839Hz	12	3.839	70.00	0.437
89.088	0.05	Adapter 3839Hz	12	3.839	70.00	0.437
89.168	0.05	Adapter 3839Hz	12	3.839	70.00	0.437
89.248	0.05	Adapter 3839Hz	12	3.839	70.00	0.437
89.508	0.05	Adapter 3839Hz	12	3.839	70.00	0.437
89.588	0.05	Adapter 3839Hz	12	3.839	70.00	0.437
89.668	0.05	Adapter 3839Hz	12	3.839	70.00	0.437
89.748	0.05	Adapter 3839Hz	12	3.839	70.00	0.437
92.465	0.05	Adapter 6009Hz	13	6.009	70.00	0.671
92.545	0.05	Adapter 6009Hz	13	6.009	70.00	0.671
92.625	0.05	Adapter 6009Hz	13	6.009	70.00	0.671
92.705	0.05	Adapter 6009Hz	13	6.009	70.00	0.671
92.965	0.05	Adapter 6009Hz	13	6.009	70.00	0.671
93.045	0.05	Adapter 6009Hz	13	6.009	70.00	0.671
93.125	0.05	Adapter 6009Hz	13	6.009	70.00	0.671
93.205	0.05	Adapter 6009Hz	13	6.009	70.00	0.671
93.465	0.05	Adapter 6009Hz	13	6.009	70.00	0.671
93.545	0.05	Adapter 6009Hz	13	6.009	70.00	0.671
93.625	0.05	Adapter 6009Hz	13	6.009	70.00	0.671
93.705	0.05	Adapter 6009Hz	13	6.009	70.00	0.671
93.965	0.05	Adapter 6009Hz	13	6.009	70.00	0.671
94.045	0.05	Adapter 6009Hz	13	6.009	70.00	0.671
94.125	0.05	Adapter 6009Hz	13	6.009	70.00	0.671
94.205	0.05	Adapter 6009Hz	13	6.009	70.00	0.671
94.465	0.05	Adapter 6009Hz	13	6.009	70.00	0.671
94.545	0.05	Adapter 6009Hz	13	6.009	70.00	0.671
94.625	0.05	Adapter 6009Hz	13	6.009	70.00	0.671
94.705	0.05	Adapter 6009Hz	13	6.009	70.00	0.671
94.965	0.05	Adapter 6009Hz	13	6.009	70.00	0.671
95.045	0.05	Adapter 6009Hz	13	6.009	70.00	0.671
95.125	0.05	Adapter 6009Hz	13	6.009	70.00	0.671
95.205	0.05	Adapter 6009Hz	13	6.009	70.00	0.671
95.465	0.05	Adapter 6009Hz	13	6.009	70.00	0.671
95.545	0.05	Adapter 6009Hz	13	6.009	70.00	0.671
95.625	0.05	Adapter 6009Hz	13	6.009	70.00	0.671
95.705	0.05	Adapter 6009Hz	13	6.009	70.00	0.671
95.965	0.05	Adapter 6009Hz	13	6.009	70.00	0.671
96.045	0.05	Adapter 6009Hz	13	6.009	70.00	0.671
96.125	0.05	Adapter 6009Hz	13	6.009	70.00	0.671
96.205	0.05	Adapter 6009Hz	13	6.009	70.00	0.671
96.465	0.05	Adapter 6009Hz	13	6.009	70.00	0.671
96.545	0.05	Adapter 6009Hz	13	6.009	70.00	0.671
96.625	0.05	Adapter 6009Hz	13	6.009	70.00	0.671
96.705	0.05	Adapter 6009Hz	13	6.009	70.00	0.671
96.965	0.05	Adapter 6009Hz	13	6.009	70.00	0.671
97.045	0.05	Adapter 6009Hz	13	6.009	70.00	0.671
97.125	0.05	Adapter 6009Hz	13	6.009	70.00	0.671
97.205	0.05	Adapter 6009Hz	13	6.009	70.00	0.671
100.016	0.05	Adapter 899Hz	14	0.899	70.00	0.121
100.096	0.05	Adapter 899Hz	14	0.899	70.00	0.121
100.176	0.05	Adapter 899Hz	14	0.899	70.00	0.121
100.256	0.05	Adapter 899Hz	14	0.899	70.00	0.121
100.516	0.05	Adapter 899Hz	14	0.899	70.00	0.121
100.596	0.05	Adapter 899Hz	14	0.899	70.00	0.121
100.676	0.05	Adapter 899Hz	14	0.899	70.00	0.121
100.756	0.05	Adapter 899Hz	14	0.899	70.00	0.121
101.016	0.05	Adapter 899Hz	14	0.899	70.00	0.121
101.096	0.05	Adapter 899Hz	14	0.899	70.00	0.121
101.176	0.05	Adapter 899Hz	14	0.899	70.00	0.121
101.256	0.05	Adapter 899Hz	14	0.899	70.00	0.121
101.516	0.05	Adapter 899Hz	14	0.899	70.00	0.121
101.596	0.05	Adapter 899Hz	14	0.899	70.00	0.121
101.676	0.05	Adapter 899Hz	14	0.899	70.00	0.121
101.756	0.05	Adapter 899Hz	14	0.899	70.00	0.121
102.016	0.05	Adapter 899Hz	14	0.899	70.00	0.121
102.096	0.05	Adapter 899Hz	14	0.899	70.00	0.121
102.176	0.05	Adapter 899Hz	14	0.899	70.00	0.121
102.256	0.05	Adapter 899Hz	14	0.899	70.00	0.121
102.516	0.05	Adapter 899Hz	14	0.899	70.00	0.121
102.596	0.05	Adapter 899Hz	14	0.899	70.00	0.121
102.676	0.05	Adapter 899Hz	14	0.899	70.00	0.121
102.756	0.05	Adapter 899Hz	14	0.899	70.00	0.121
103.016	0.05	Adapter 899Hz	14	0.899	70.00	0.121
103.096	0.05	Adapter 899Hz	14	0.899	70.00	0.121
103.176	0.05	Adapter 899Hz	14	0.899	70.00	0.121
103.256	0.05	Adapter 899Hz	14	0.899	70.00	0.121
103.516	0.05	Adapter 899Hz	14	0.899	70.00	0.121
103.596	0.05	Adapter 899Hz	14	0.899	70.00	0.121
103.676	0.05	Adapter 899Hz	14	0.899	70.00	0.121
103.756	0.05	Adapter 899Hz	14	0.899	70.00	0.121
104.016	0.05	Adapter 899Hz	14	0.899	70.00	0.121
104.096	0.05	Adapter 899Hz	14	0.899	70.00	0.121
104.176	0.05	Adapter 899Hz	14	0.899	70.00	0.121
104.256	0.05	Adapter 899Hz	14	0.899	70.00	0.121
104.516	0.05	Adapter 899Hz	14	0.899	70.00	0.121
104.596	0.05	Adapter 899Hz	14	0.899	70.00	0.121
104.676	0.05	Adapter 899Hz	14	0.899	70.00	0.121
104.756	0.05	Adapter 899Hz	14	0.899	70.00	0.121
107.472	0.05	Adapter 507Hz Probe 3839Hz	15	0.507	70.00	0.079
107.552	0.05	Adapter 507Hz Probe 3839Hz	15	0.507	70.00	0.079
107.632	0.05	Adapter 507Hz Probe 3839Hz	15	0.507	70.00	0.079
107.712	0.05	Adapter 507Hz Probe 3839Hz	15	0.507	70.00	0.079
107.792	0.05	Adapter 507Hz Probe 3839Hz	15	3.839	70.00	0.437
107.972	0.05	Adapter 507Hz Probe 3839Hz	15	0.507	70.00	0.079
108.052	0.05	Adapter 507Hz Probe 3839Hz	15	0.507	70.00	0.079
108.132	0.05	Adapter 507Hz Probe 3839Hz	15	0.507	70.00	0.079
108.212	0.05	Adapter 507Hz Probe 3839Hz	15	0.507	70.00	0.079
108.292	0.05	Adapter 507Hz Probe 3839Hz	15	3.839	70.00	0.437
108.472	0.05	Adapter 507Hz Probe 3839Hz	15	0.507	70.00	0.079
108.552	0.05	Adapter 507Hz Probe 3839Hz	15	0.507	70.00	0.079
108.632	0.05	Adapter 507Hz Probe 3839Hz	15	0.507	70.00	0.079
108.712	0.05	Adapter 507Hz Probe 3839Hz	15	0.507	70.00	0.079
108.792	0.05	Adapter 507Hz Probe 3839Hz	15	3.839	70.00	0.437
108.972	0.05	Adapter 507Hz Probe 3839Hz	15	0.507	70.00	0.079
109.052	0.05	Adapter 507Hz Probe 3839Hz	15	0.507	70.00	0.079
109.132	0.05	Adapter 507Hz Probe 3839Hz	15	0.507	70.00	0.079
109.212	0.05	Adapter 507Hz Probe 3839Hz	15	0.507	70.00	0.079
109.292	0.05	Adapter 507Hz Probe 3839Hz	15	3.839	70.00	0.437
109.472	0.05	Adapter 507Hz Probe 3839Hz	15	0.507	70.00	0.079
109.552	0.05	Adapter 507Hz Probe 3839Hz	15	0.507	70.00	0.079
109.632	0.05	Adapter 507Hz Probe 3839Hz	15	0.507	70.00	0.079
109.712	0.05	Adapter 507Hz Probe 3839Hz	15	0.507	70.00	0.079
109.792	0.05	Adapter 507Hz Probe 3839Hz	15	3.839	70.00	0.437
109.972	0.05	Adapter 507Hz Probe 3839Hz	15	0.507	70.00	0.079
110.052	0.05	Adapter 507Hz Probe 3839Hz	15	0.507	70.00	0.079
110.132	0.05	Adapter 507Hz Probe 3839Hz	15	0.507	70.00	0.079
110.212	0.05	Adapter 507Hz Probe 3839Hz	15	0.507	70.00	0.079
110.292	0.05	Adapter 507Hz Probe 3839Hz	15	3.839	70.00	0.437
110.472	0.05	Adapter 507Hz Probe 3839Hz	15	0.507	70.00	0.079
110.552	0.05	Adapter 507Hz Probe 3839Hz	15	0.507	70.00	0.079
110.632	0.05	Adapter 507Hz Probe 3839Hz	15	0.507	70.00	0.079
110.712	0.05	Adapter 507Hz Probe 3839Hz	15	0.507	70.00	0.079
110.792	0.05	Adapter 507Hz Probe 3839Hz	15	3.839	70.00	0.437
110.972	0.05	Adapter 507Hz Probe 3839Hz	15	0.507	70.00	0.079
111.052	0.05	Adapter 507Hz Probe 3839Hz	15	0.507	70.00	0.079
111.132	0.05	Adapter 507Hz Probe 3839Hz	15	0.507	70.00	0.079
111.212	0.05	Adapter 507Hz Probe 3839Hz	15	0.507	70.00	0.079
111.292	0.05	Adapter 507Hz Probe 3839Hz	15	3.839	70.00	0.437
111.472	0.05	Adapter 507Hz Probe 3839Hz	15	0.507	70.00	0.079
111.552	0.05	Adapter 507Hz Probe 3839Hz	15	0.507	70.00	0.079
111.632	0.05	Adapter 507Hz Probe 3839Hz	15	0.507	70.00	0.079
111.712	0.05	Adapter 507Hz Probe 3839Hz	15	0.507	70.00	0.079
111.792	0.05	Adapter 507Hz Probe 3839Hz	15	3.839	70.00	0.437
111.972	0.05	Adapter 507Hz Probe 3839Hz	15	0.507	70.00	0.079
112.052	0.05	Adapter 507Hz Probe 3839Hz	15	0.507	70.00	0.079
112.132	0.05	Adapter 507Hz Probe 3839Hz	15	0.507	70.00	0.079
112.212	0.05	Adapter 507Hz Probe 3839Hz	15	0.507	70.00	0.079
112.292	0.05	Adapter 507Hz Probe 3839Hz	15	3.839	70.00	0.437
129.999	0.05	Adapter 899Hz	18	0.899	70.00	0.121
130.079	0.05	Adapter 899Hz	18	0.899	70.00	0.121
130.159	0.05	Adapter 899Hz	18	0.899	70.00	0.121
130.239	0.05	Adapter 899Hz	18	0.899	70.00	0.121
130.499	0.05	Adapter 899Hz	18	0.899	70.00	0.121
130.579	0.05	Adapter 899Hz	18	0.899	70.00	0.121
130.659	0.05	Adapter 899Hz	18	0.899	70.00	0.121
130.739	0.05	Adapter 899Hz	18	0.899	70.00	0.121
130.999	0.05	Adapter 899Hz	18	0.899	70.00	0.121
131.079	0.05	Adapter 899Hz	18	0.899	70.00	0.121
131.159	0.05	Adapter 899Hz	18	0.899	70.00	0.121
131.239	0.05	Adapter 899Hz	18	0.899	70.00	0.121
131.499	0.05	Adapter 899Hz	18	0.899	70.00	0.121
131.579	0.05	Adapter 899Hz	18	0.899	70.00	0.121
131.659	0.05	Adapter 899Hz	18	0.899	70.00	0.121
131.739	0.05	Adapter 899Hz	18	0.899	70.00	0.121
131.999	0.05	Adapter 899Hz	18	0.899	70.00	0.121
132.079	0.05	Adapter 899Hz	18	0.899	70.00	0.121
132.159	0.05	Adapter 899Hz	18	0.899	70.00	0.121
132.239	0.05	Adapter 899Hz	18	0.899	70.00	0.121
132.499	0.05	Adapter 899Hz	18	0.899	70.00	0.121
132.579	0.05	Adapter 899Hz	18	0.899	70.00	0.121
132.659	0.05	Adapter 899Hz	18	0.899	70.00	0.121
132.739	0.05	Adapter 899Hz	18	0.899	70.00	0.121
132.999	0.05	Adapter 899Hz	18	0.899	70.00	0.121
133.079	0.05	Adapter 899Hz	18	0.899	70.00	0.121
133.159	0.05	Adapter 899Hz	18	0.899	70.00	0.121
133.239	0.05	Adapter 899Hz	18	0.899	70.00	0.121
133.499	0.05	Adapter 899Hz	18	0.899	70.00	0.121
133.579	0.05	Adapter 899Hz	18	0.899	70.00	0.121
133.659	0.05	Adapter 899Hz	18	0.899	70.00	0.121
133.739	0.05	Adapter 899Hz	18	0.899	70.00	0.121
133.999	0.05	Adapter 899Hz	18	0.899	70.00	0.121
134.079	0.05	Adapter 899Hz	18	0.899	70.00	0.121
134.159	0.05	Adapter 899Hz	18	0.899	70.00	0.121
134.239	0.05	Adapter 899Hz	18	0.899	70.00	0.121
134.499	0.05	Adapter 899Hz	18	0.899	70.00	0.121
134.579	0.05	Adapter 899Hz	18	0.899	70.00	0.121
134.659	0.05	Adapter 899Hz	18	0.899	70.00	0.121
134.739	0.05	Adapter 899Hz	18	0.899	70.00	0.121
137.487	0.05	Adapter 2423Hz Probe 3839Hz	19	2.423	70.00	0.285
137.567	0.05	Adapter 2423Hz Probe 3839Hz	19	2.423	70.00	0.285
137.647	0.05	Adapter 2423Hz Probe 3839Hz	19	2.423	70.00	0.285
137.727	0.05	Adapter 2423Hz Probe 3839Hz	19	2.423	70.00	0.285
137.807	0.05	Adapter 2423Hz Probe 3839Hz	19	3.839	70.00	0.437
137.987	0.05	Adapter 2423Hz Probe 3839Hz	19	2.423	70.00	0.285
138.067	0.05	Adapter 2423Hz Probe 3839Hz	19	2.423	70.00	0.285
138.147	0.05	Adapter 2423Hz Probe 3839Hz	19	2.423	70.00	0.285
138.227	0.05	Adapter 2423Hz Probe 3839Hz	19	2.423	70.00	0.285
138.307	0.05	Adapter 2423Hz Probe 3839Hz	19	3.839	70.00	0.437
138.487	0.05	Adapter 2423Hz Probe 3839Hz	19	2.423	70.00	0.285
138.567	0.05	Adapter 2423Hz Probe 3839Hz	19	2.423	70.00	0.285
138.647	0.05	Adapter 2423Hz Probe 3839Hz	19	2.423	70.00	0.285
138.727	0.05	Adapter 2423Hz Probe 3839Hz	19	2.423	70.00	0.285
138.807	0.05	Adapter 2423Hz Probe 3839Hz	19	3.839	70.00	0.437
138.987	0.05	Adapter 2423Hz Probe 3839Hz	19	2.423	70.00	0.285
139.067	0.05	Adapter 2423Hz Probe 3839Hz	19	2.423	70.00	0.285
139.147	0.05	Adapter 2423Hz Probe 3839Hz	19	2.423	70.00	0.285
139.227	0.05	Adapter 2423Hz Probe 3839Hz	19	2.423	70.00	0.285
139.307	0.05	Adapter 2423Hz Probe 3839Hz	19	3.839	70.00	0.437
139.487	0.05	Adapter 2423Hz Probe 3839Hz	19	2.423	70.00	0.285
139.567	0.05	Adapter 2423Hz Probe 3839Hz	19	2.423	70.00	0.285
139.647	0.05	Adapter 2423Hz Probe 3839Hz	19	2.423	70.00	0.285
139.727	0.05	Adapter 2423Hz Probe 3839Hz	19	2.423	70.00	0.285
139.807	0.05	Adapter 2423Hz Probe 3839Hz	19	3.839	70.00	0.437
139.987	0.05	Adapter 2423Hz Probe 3839Hz	19	2.423	70.00	0.285
140.067	0.05	Adapter 2423Hz Probe 3839Hz	19	2.423	70.00	0.285
140.147	0.05	Adapter 2423Hz Probe 3839Hz	19	2.423	70.00	0.285
140.227	0.05	Adapter 2423Hz Probe 3839Hz	19	2.423	70.00	0.285
140.307	0.05	Adapter 2423Hz Probe 3839Hz	19	3.839	70.00	0.437
140.487	0.05	Adapter 2423Hz Probe 3839Hz	19	2.423	70.00	0.285
140.567	0.05	Adapter 2423Hz Probe 3839Hz	19	2.423	70.00	0.285
140.647	0.05	Adapter 2423Hz Probe 3839Hz	19	2.423	70.00	0.285
140.727	0.05	Adapter 2423Hz Probe 3839Hz	19	2.423	70.00	0.285
140.807	0.05	Adapter 2423Hz Probe 3839Hz	19	3.839	70.00	0.437
140.987	0.05	Adapter 2423Hz Probe 3839Hz	19	2.423	70.00	0.285
141.067	0.05	Adapter 2423Hz Probe 3839Hz	19	2.423	70.00	0.285
141.147	0.05	Adapter 2423Hz Probe 3839Hz	19	2.423	70.00	0.285
141.227	0.05	Adapter 2423Hz Probe 3839Hz	19	2.423	70.00	0.285
141.307	0.05	Adapter 2423Hz Probe 3839Hz	19	3.839	70.00	0.437
141.487	0.05	Adapter 2423Hz Probe 3839Hz	19	2.423	70.00	0.285
141.567	0.05	Adapter 2423Hz Probe 3839Hz	19	2.423	70.00	0.285
141.647	0.05	Adapter 2423Hz Probe 3839Hz	19	2.423	70.00	0.285
141.727	0.05	Adapter 2423Hz Probe 3839Hz	19	2.423	70.00	0.285
141.807	0.05	Adapter 2423Hz Probe 3839Hz	19	3.839	70.00	0.437
141.987	0.05	Adapter 2423Hz Probe 3839Hz	19	2.423	70.00	0.285
142.067	0.05	Adapter 2423Hz Probe 3839Hz	19	2.423	70.00	0.285
142.147	0.05	Adapter 2423Hz Probe 3839Hz	19	2.423	70.00	0.285
142.227	0.05	Adapter 2423Hz Probe 3839Hz	19	2.423	70.00	0.285
142.307	0.05	Adapter 2423Hz Probe 3839Hz	19	3.839	70.00	0.437
144.99	0.05	Adapter 6009Hz	20	6.009	70.00	0.671
145.07	0.05	Adapter 6009Hz	20	6.009	70.00	0.671
145.15	0.05	Adapter 6009Hz	20	6.009	70.00	0.671
145.23	0.05	Adapter 6009Hz	20	6.009	70.00	0.671
145.49	0.05	Adapter 6009Hz	20	6.009	70.00	0.671
145.57	0.05	Adapter 6009Hz	20	6.009	70.00	0.671
145.65	0.05	Adapter 6009Hz	20	6.009	70.00	0.671
145.73	0.05	Adapter 6009Hz	20	6.009	70.00	0.671
145.99	0.05	Adapter 6009Hz	20	6.009	70.00	0.671
146.07	0.05	Adapter 6009Hz	20	6.009	70.00	0.671
146.15	0.05	Adapter 6009Hz	20	6.009	70.00	0.671
146.23	0.05	Adapter 6009Hz	20	6.009	70.00	0.671
146.49	0.05	Adapter 6009Hz	20	6.009	70.00	0.671
146.57	0.05	Adapter 6009Hz	20	6.009	70.00	0.671
146.65	0.05	Adapter 6009Hz	20	6.009	70.00	0.671
146.73	0.05	Adapter 6009Hz	20	6.009	70.00	0.671
146.99	0.05	Adapter 6009Hz	20	6.009	70.00	0.671
147.07	0.05	Adapter 6009Hz	20	6.009	70.00	0.671
147.15	0.05	Adapter 6009Hz	20	6.009	70.00	0.671
147.23	0.05	Adapter 6009Hz	20	6.009	70.00	0.671
147.49	0.05	Adapter 6009Hz	20	6.009	70.00	0.671
147.57	0.05	Adapter 6009Hz	20	6.009	70.00	0.671
147.65	0.05	Adapter 6009Hz	20	6.009	70.00	0.671
147.73	0.05	Adapter 6009Hz	20	6.009	70.00	0.671
147.99	0.05	Adapter 6009Hz	20	6.009	70.00	0.671
148.07	0.05	Adapter 6009Hz	20	6.009	70.00	0.671
148.15	0.05	Adapter 6009Hz	20	6.009	70.00	0.671
148.23	0.05	Adapter 6009Hz	20	6.009	70.00	0.671
148.49	0.05	Adapter 6009Hz	20	6.009	70.00	0.671
148.57	0.05	Adapter 6009Hz	20	6.009	70.00	0.671
148.65	0.05	Adapter 6009Hz	20	6.009	70.00	0.671
148.73	0.05	Adapter 6009Hz	20	6.009	70.00	0.671
148.99	0.05	Adapter 6009Hz	20	6.009	70.00	0.671
149.07	0.05	Adapter 6009Hz	20	6.009	70.00	0.671
149.15	0.05	Adapter 6009Hz	20	6.009	70.00	0.671
149.23	0.05	Adapter 6009Hz	20	6.009	70.00	0.671
149.49	0.05	Adapter 6009Hz	20	6.009	70.00	0.671
149.57	0.05	Adapter 6009Hz	20	6.009	70.00	0.671
149.65	0.05	Adapter 6009Hz	20	6.009	70.00	0.671
149.73	0.05	Adapter 6009Hz	20	6.009	70.00	0.671
152.494	0.05	Adapter 2423Hz	21	2.423	70.00	0.285
152.574	0.05	Adapter 2423Hz	21	2.423	70.00	0.285
152.654	0.05	Adapter 2423Hz	21	2.423	70.00	0.285
152.734	0.05	Adapter 2423Hz	21	2.423	70.00	0.285
152.994	0.05	Adapter 2423Hz	21	2.423	70.00	0.285
153.074	0.05	Adapter 2423Hz	21	2.423	70.00	0.285
153.154	0.05	Adapter 2423Hz	21	2.423	70.00	0.285
153.234	0.05	Adapter 2423Hz	21	2.423	70.00	0.285
153.494	0.05	Adapter 2423Hz	21	2.423	70.00	0.285
153.574	0.05	Adapter 2423Hz	21	2.423	70.00	0.285
153.654	0.05	Adapter 2423Hz	21	2.423	70.00	0.285
153.734	0.05	Adapter 2423Hz	21	2.423	70.00	0.285
153.994	0.05	Adapter 2423Hz	21	2.423	70.00	0.285
154.074	0.05	Adapter 2423Hz	21	2.423	70.00	0.285
154.154	0.05	Adapter 2423Hz	21	2.423	70.00	0.285
154.234	0.05	Adapter 2423Hz	21	2.423	70.00	0.285
154.494	0.05	Adapter 2423Hz	21	2.423	70.00	0.285
154.574	0.05	Adapter 2423Hz	21	2.423	70.00	0.285
154.654	0.05	Adapter 2423Hz	21	2.423	70.00	0.285
154.734	0.05	Adapter 2423Hz	21	2.423	70.00	0.285
154.994	0.05	Adapter 2423Hz	21	2.423	70.00	0.285
155.074	0.05	Adapter 2423Hz	21	2.423	70.00	0.285
155.154	0.05	Adapter 2423Hz	21	2.423	70.00	0.285
155.234	0.05	Adapter 2423Hz	21	2.423	70.00	0.285
155.494	0.05	Adapter 2423Hz	21	2.423	70.00	0.285
155.574	0.05	Adapter 2423Hz	21	2.423	70.00	0.285
155.654	0.05	Adapter 2423Hz	21	2.423	70.00	0.285
155.734	0.05	Adapter 2423Hz	21	2.423	70.00	0.285
155.994	0.05	Adapter 2423Hz	21	2.423	70.00	0.285
156.074	0.05	Adapter 2423Hz	21	2.423	70.00	0.285
156.154	0.05	Adapter 2423Hz	21	2.423	70.00	0.285
156.234	0.05	Adapter 2423Hz	21	2.423	70.00	0.285
156.494	0.05	Adapter 2423Hz	21	2.423	70.00	0.285
156.574	0.05	Adapter 2423Hz	21	2.423	70.00	0.285
156.654	0.05	Adapter 2423Hz	21	2.423	70.00	0.285
156.734	0.05	Adapter 2423Hz	21	2.423	70.00	0.285
156.994	0.05	Adapter 2423Hz	21	2.423	70.00	0.285
157.074	0.05	Adapter 2423Hz	21	2.423	70.00	0.285
157.154	0.05	Adapter 2423Hz	21	2.423	70.00	0.285
157.234	0.05	Adapter 2423Hz	21	2.423	70.00	0.285
159.998	0.05	Adapter 1501Hz Probe 3839Hz	22	1.501	70.00	0.186
160.078	0.05	Adapter 1501Hz Probe 3839Hz	22	1.501	70.00	0.186
160.158	0.05	Adapter 1501Hz Probe 3839Hz	22	1.501	70.00	0.186
160.238	0.05	Adapter 1501Hz Probe 3839Hz	22	1.501	70.00	0.186
160.318	0.05	Adapter 1501Hz Probe 3839Hz	22	3.839	70.00	0.437
160.498	0.05	Adapter 1501Hz Probe 3839Hz	22	1.501	70.00	0.186
160.578	0.05	Adapter 1501Hz Probe 3839Hz	22	1.501	70.00	0.186
160.658	0.05	Adapter 1501Hz Probe 3839Hz	22	1.501	70.00	0.186
160.738	0.05	Adapter 1501Hz Probe 3839Hz	22	1.501	70.00	0.186
160.818	0.05	Adapter 1501Hz Probe 3839Hz	22	3.839	70.00	0.437
160.998	0.05	Adapter 1501Hz Probe 3839Hz	22	1.501	70.00	0.186
161.078	0.05	Adapter 1501Hz Probe 3839Hz	22	1.501	70.00	0.186
161.158	0.05	Adapter 1501Hz Probe 3839Hz	22	1.501	70.00	0.186
161.238	0.05	Adapter 1501Hz Probe 3839Hz	22	1.501	70.00	0.186
161.318	0.05	Adapter 1501Hz Probe 3839Hz	22	3.839	70.00	0.437
161.498	0.05	Adapter 1501Hz Probe 3839Hz	22	1.501	70.00	0.186
161.578	0.05	Adapter 1501Hz Probe 3839Hz	22	1.501	70.00	0.186
161.658	0.05	Adapter 1501Hz Probe 3839Hz	22	1.501	70.00	0.186
161.738	0.05	Adapter 1501Hz Probe 3839Hz	22	1.501	70.00	0.186
161.818	0.05	Adapter 1501Hz Probe 3839Hz	22	3.839	70.00	0.437
161.998	0.05	Adapter 1501Hz Probe 3839Hz	22	1.501	70.00	0.186
162.078	0.05	Adapter 1501Hz Probe 3839Hz	22	1.501	70.00	0.186
162.158	0.05	Adapter 1501Hz Probe 3839Hz	22	1.501	70.00	0.186
162.238	0.05	Adapter 1501Hz Probe 3839Hz	22	1.501	70.00	0.186
162.318	0.05	Adapter 1501Hz Probe 3839Hz	22	3.839	70.00	0.437
162.498	0.05	Adapter 1501Hz Probe 3839Hz	22	1.501	70.00	0.186
162.578	0.05	Adapter 1501Hz Probe 3839Hz	22	1.501	70.00	0.186
162.658	0.05	Adapter 1501Hz Probe 3839Hz	22	1.501	70.00	0.186
162.738	0.05	Adapter 1501Hz Probe 3839Hz	22	1.501	70.00	0.186
162.818	0.05	Adapter 1501Hz Probe 3839Hz	22	3.839	70.00	0.437
162.998	0.05	Adapter 1501Hz Probe 3839Hz	22	1.501	70.00	0.186
163.078	0.05	Adapter 1501Hz Probe 3839Hz	22	1.501	70.00	0.186
163.158	0.05	Adapter 1501Hz Probe 3839Hz	22	1.501	70.00	0.186
163.238	0.05	Adapter 1501Hz Probe 3839Hz	22	1.501	70.00	0.186
163.318	0.05	Adapter 1501Hz Probe 3839Hz	22	3.839	70.00	0.437
163.498	0.05	Adapter 1501Hz Probe 3839Hz	22	1.501	70.00	0.186
163.578	0.05	Adapter 1501Hz Probe 3839Hz	22	1.501	70.00	0.186
163.658	0.05	Adapter 1501Hz Probe 3839Hz	22	1.501	70.00	0.186
163.738	0.05	Adapter 1501Hz Probe 3839Hz	22	1.501	70.00	0.186
163.818	0.05	Adapter 1501Hz Probe 3839Hz	22	3.839	70.00	0.437
163.998	0.05	Adapter 1501Hz Probe 3839Hz	22	1.501	70.00	0.186
164.078	0.05	Adapter 1501Hz Probe 3839Hz	22	1.501	70.00	0.186
164.158	0.05	Adapter 1501Hz Probe 3839Hz	22	1.501	70.00	0.186
164.238	0.05	Adapter 1501Hz Probe 3839Hz	22	1.501	70.00	0.186
164.318	0.05	Adapter 1501Hz Probe 3839Hz	22	3.839	70.00	0.437
164.498	0.05	Adapter 1501Hz Probe 3839Hz	22	1.501	70.00	0.186
164.578	0.05	Adapter 1501Hz Probe 3839Hz	22	1.501	70.00	0.186
164.658	0.05	Adapter 1501Hz Probe 3839Hz	22	1.501	70.00	0.186
164.738	0.05	Adapter 1501Hz Probe 3839Hz	22	1.501	70.00	0.186
164.818	0.05	Adapter 1501Hz Probe 3839Hz	22	3.839	70.00	0.437
174.974	0.05	Adapter 507Hz Probe 3839Hz	24	0.507	70.00	0.079
175.054	0.05	Adapter 507Hz Probe 3839Hz	24	0.507	70.00	0.079
175.134	0.05	Adapter 507Hz Probe 3839Hz	24	0.507	70.00	0.079
175.214	0.05	Adapter 507Hz Probe 3839Hz	24	0.507	70.00	0.079
175.294	0.05	Adapter 507Hz Probe 3839Hz	24	3.839	70.00	0.437
175.474	0.05	Adapter 507Hz Probe 3839Hz	24	0.507	70.00	0.079
175.554	0.05	Adapter 507Hz Probe 3839Hz	24	0.507	70.00	0.079
175.634	0.05	Adapter 507Hz Probe 3839Hz	24	0.507	70.00	0.079
175.714	0.05	Adapter 507Hz Probe 3839Hz	24	0.507	70.00	0.079
175.794	0.05	Adapter 507Hz Probe 3839Hz	24	3.839	70.00	0.437
175.974	0.05	Adapter 507Hz Probe 3839Hz	24	0.507	70.00	0.079
176.054	0.05	Adapter 507Hz Probe 3839Hz	24	0.507	70.00	0.079
176.134	0.05	Adapter 507Hz Probe 3839Hz	24	0.507	70.00	0.079
176.214	0.05	Adapter 507Hz Probe 3839Hz	24	0.507	70.00	0.079
176.294	0.05	Adapter 507Hz Probe 3839Hz	24	3.839	70.00	0.437
176.474	0.05	Adapter 507Hz Probe 3839Hz	24	0.507	70.00	0.079
176.554	0.05	Adapter 507Hz Probe 3839Hz	24	0.507	70.00	0.079
176.634	0.05	Adapter 507Hz Probe 3839Hz	24	0.507	70.00	0.079
176.714	0.05	Adapter 507Hz Probe 3839Hz	24	0.507	70.00	0.079
176.794	0.05	Adapter 507Hz Probe 3839Hz	24	3.839	70.00	0.437
176.974	0.05	Adapter 507Hz Probe 3839Hz	24	0.507	70.00	0.079
177.054	0.05	Adapter 507Hz Probe 3839Hz	24	0.507	70.00	0.079
177.134	0.05	Adapter 507Hz Probe 3839Hz	24	0.507	70.00	0.079
177.214	0.05	Adapter 507Hz Probe 3839Hz	24	0.507	70.00	0.079
177.294	0.05	Adapter 507Hz Probe 3839Hz	24	3.839	70.00	0.437
177.474	0.05	Adapter 507Hz Probe 3839Hz	24	0.507	70.00	0.079
177.554	0.05	Adapter 507Hz Probe 3839Hz	24	0.507	70.00	0.079
177.634	0.05	Adapter 507Hz Probe 3839Hz	24	0.507	70.00	0.079
177.714	0.05	Adapter 507Hz Probe 3839Hz	24	0.507	70.00	0.079
177.794	0.05	Adapter 507Hz Probe 3839Hz	24	3.839	70.00	0.437
177.974	0.05	Adapter 507Hz Probe 3839Hz	24	0.507	70.00	0.079
178.054	0.05	Adapter 507Hz Probe 3839Hz	24	0.507	70.00	0.079
178.134	0.05	Adapter 507Hz Probe 3839Hz	24	0.507	70.00	0.079
178.214	0.05	Adapter 507Hz Probe 3839Hz	24	0.507	70.00	0.079
178.294	0.05	Adapter 507Hz Probe 3839Hz	24	3.839	70.00	0.437
178.474	0.05	Adapter 507Hz Probe 3839Hz	24	0.507	70.00	0.079
178.554	0.05	Adapter 507Hz Probe 3839Hz	24	0.507	70.00	0.079
178.634	0.05	Adapter 507Hz Probe 3839Hz	24	0.507	70.00	0.079
178.714	0.05	Adapter 507Hz Probe 3839Hz	24	0.507	70.00	0.079
178.794	0.05	Adapter 507Hz Probe 3839Hz	24	3.839	70.00	0.437
178.974	0.05	Adapter 507Hz Probe 3839Hz	24	0.507	70.00	0.079
179.054	0.05	Adapter 507Hz Probe 3839Hz	24	0.507	70.00	0.079
179.134	0.05	Adapter 507Hz Probe 3839Hz	24	0.507	70.00	0.079
179.214	0.05	Adapter 507Hz Probe 3839Hz	24	0.507	70.00	0.079
179.294	0.05	Adapter 507Hz Probe 3839Hz	24	3.839	70.00	0.437
179.474	0.05	Adapter 507Hz Probe 3839Hz	24	0.507	70.00	0.079
179.554	0.05	Adapter 507Hz Probe 3839Hz	24	0.507	70.00	0.079
179.634	0.05	Adapter 507Hz Probe 3839Hz	24	0.507	70.00	0.079
179.714	0.05	Adapter 507Hz Probe 3839Hz	24	0.507	70.00	0.079
179.794	0.05	Adapter 507Hz Probe 3839Hz	24	3.839	70.00	0.437
182.477	0.05	Adapter 507Hz	25	0.507	70.00	0.079
182.557	0.05	Adapter 507Hz	25	0.507	70.00	0.079
182.637	0.05	Adapter 507Hz	25	0.507	70.00	0.079
182.717	0.05	Adapter 507Hz	25	0.507	70.00	0.079
182.977	0.05	Adapter 507Hz	25	0.507	70.00	0.079
183.057	0.05	Adapter 507Hz	25	0.507	70.00	0.079
183.137	0.05	Adapter 507Hz	25	0.507	70.00	0.079
183.217	0.05	Adapter 507Hz	25	0.507	70.00	0.079
183.477	0.05	Adapter 507Hz	25	0.507	70.00	0.079
183.557	0.05	Adapter 507Hz	25	0.507	70.00	0.079
183.637	0.05	Adapter 507Hz	25	0.507	70.00	0.079
183.717	0.05	Adapter 507Hz	25	0.507	70.00	0.079
183.977	0.05	Adapter 507Hz	25	0.507	70.00	0.079
184.057	0.05	Adapter 507Hz	25	0.507	70.00	0.079
184.137	0.05	Adapter 507Hz	25	0.507	70.00	0.079
184.217	0.05	Adapter 507Hz	25	0.507	70.00	0.079
184.477	0.05	Adapter 507Hz	25	0.507	70.00	0.079
184.557	0.05	Adapter 507Hz	25	0.507	70.00	0.079
184.637	0.05	Adapter 507Hz	25	0.507	70.00	0.079
184.717	0.05	Adapter 507Hz	25	0.507	70.00	0.079
184.977	0.05	Adapter 507Hz	25	0.507	70.00	0.079
185.057	0.05	Adapter 507Hz	25	0.507	70.00	0.079
185.137	0.05	Adapter 507Hz	25	0.507	70.00	0.079
185.217	0.05	Adapter 507Hz	25	0.507	70.00	0.079
185.477	0.05	Adapter 507Hz	25	0.507	70.00	0.079
185.557	0.05	Adapter 507Hz	25	0.507	70.00	0.079
185.637	0.05	Adapter 507Hz	25	0.507	70.00	0.079
185.717	0.05	Adapter 507Hz	25	0.507	70.00	0.079
185.977	0.05	Adapter 507Hz	25	0.507	70.00	0.079
186.057	0.05	Adapter 507Hz	25	0.507	70.00	0.079
186.137	0.05	Adapter 507Hz	25	0.507	70.00	0.079
186.217	0.05	Adapter 507Hz	25	0.507	70.00	0.079
186.477	0.05	Adapter 507Hz	25	0.507	70.00	0.079
186.557	0.05	Adapter 507Hz	25	0.507	70.00	0.079
186.637	0.05	Adapter 507Hz	25	0.507	70.00	0.079
186.717	0.05	Adapter 507Hz	25	0.507	70.00	0.079
186.977	0.05	Adapter 507Hz	25	0.507	70.00	0.079
187.057	0.05	Adapter 507Hz	25	0.507	70.00	0.079
187.137	0.05	Adapter 507Hz	25	0.507	70.00	0.079
187.217	0.05	Adapter 507Hz	25	0.507	70.00	0.079
189.965	0.05	Adapter 3839Hz	26	3.839	70.00	0.437
190.045	0.05	Adapter 3839Hz	26	3.839	70.00	0.437
190.125	0.05	Adapter 3839Hz	26	3.839	70.00	0.437
190.205	0.05	Adapter 3839Hz	26	3.839	70.00	0.437
190.465	0.05	Adapter 3839Hz	26	3.839	70.00	0.437
190.545	0.05	Adapter 3839Hz	26	3.839	70.00	0.437
190.625	0.05	Adapter 3839Hz	26	3.839	70.00	0.437
190.705	0.05	Adapter 3839Hz	26	3.839	70.00	0.437
190.965	0.05	Adapter 3839Hz	26	3.839	70.00	0.437
191.045	0.05	Adapter 3839Hz	26	3.839	70.00	0.437
191.125	0.05	Adapter 3839Hz	26	3.839	70.00	0.437
191.205	0.05	Adapter 3839Hz	26	3.839	70.00	0.437
191.465	0.05	Adapter 3839Hz	26	3.839	70.00	0.437
191.545	0.05	Adapter 3839Hz	26	3.839	70.00	0.437
191.625	0.05	Adapter 3839Hz	26	3.839	70.00	0.437
191.705	0.05	Adapter 3839Hz	26	3.839	70.00	0.437
191.965	0.05	Adapter 3839Hz	26	3.839	70.00	0.437
192.045	0.05	Adapter 3839Hz	26	3.839	70.00	0.437
192.125	0.05	Adapter 3839Hz	26	3.839	70.00	0.437
192.205	0.05	Adapter 3839Hz	26	3.839	70.00	0.437
192.465	0.05	Adapter 3839Hz	26	3.839	70.00	0.437
192.545	0.05	Adapter 3839Hz	26	3.839	70.00	0.437
192.625	0.05	Adapter 3839Hz	26	3.839	70.00	0.437
192.705	0.05	Adapter 3839Hz	26	3.839	70.00	0.437
192.965	0.05	Adapter 3839Hz	26	3.839	70.00	0.437
193.045	0.05	Adapter 3839Hz	26	3.839	70.00	0.437
193.125	0.05	Adapter 3839Hz	26	3.839	70.00	0.437
193.205	0.05	Adapter 3839Hz	26	3.839	70.00	0.437
193.465	0.05	Adapter 3839Hz	26	3.839	70.00	0.437
193.545	0.05	Adapter 3839Hz	26	3.839	70.00	0.437
193.625	0.05	Adapter 3839Hz	26	3.839	70.00	0.437
193.705	0.05	Adapter 3839Hz	26	3.839	70.00	0.437
193.965	0.05	Adapter 3839Hz	26	3.839	70.00	0.437
194.045	0.05	Adapter 3839Hz	26	3.839	70.00	0.437
194.125	0.05	Adapter 3839Hz	26	3.839	70.00	0.437
194.205	0.05	Adapter 3839Hz	26	3.839	70.00	0.437
194.465	0.05	Adapter 3839Hz	26	3.839	70.00	0.437
194.545	0.05	Adapter 3839Hz	26	3.839	70.00	0.437
194.625	0.05	Adapter 3839Hz	26	3.839	70.00	0.437
194.705	0.05	Adapter 3839Hz	26	3.839	70.00	0.437
197.469	0.05	Adapter 1501Hz	27	1.501	70.00	0.186
197.549	0.05	Adapter 1501Hz	27	1.501	70.00	0.186
197.629	0.05	Adapter 1501Hz	27	1.501	70.00	0.186
197.709	0.05	Adapter 1501Hz	27	1.501	70.00	0.186
197.969	0.05	Adapter 1501Hz	27	1.501	70.00	0.186
198.049	0.05	Adapter 1501Hz	27	1.501	70.00	0.186
198.129	0.05	Adapter 1501Hz	27	1.501	70.00	0.186
198.209	0.05	Adapter 1501Hz	27	1.501	70.00	0.186
198.469	0.05	Adapter 1501Hz	27	1.501	70.00	0.186
198.549	0.05	Adapter 1501Hz	27	1.501	70.00	0.186
198.629	0.05	Adapter 1501Hz	27	1.501	70.00	0.186
198.709	0.05	Adapter 1501Hz	27	1.501	70.00	0.186
198.969	0.05	Adapter 1501Hz	27	1.501	70.00	0.186
199.049	0.05	Adapter 1501Hz	27	1.501	70.00	0.186
199.129	0.05	Adapter 1501Hz	27	1.501	70.00	0.186
199.209	0.05	Adapter 1501Hz	27	1.501	70.00	0.186
199.469	0.05	Adapter 1501Hz	27	1.501	70.00	0.186
199.549	0.05	Adapter 1501Hz	27	1.501	70.00	0.186
199.629	0.05	Adapter 1501Hz	27	1.501	70.00	0.186
199.709	0.05	Adapter 1501Hz	27	1.501	70.00	0.186
199.969	0.05	Adapter 1501Hz	27	1.501	70.00	0.186
200.049	0.05	Adapter 1501Hz	27	1.501	70.00	0.186
200.129	0.05	Adapter 1501Hz	27	1.501	70.00	0.186
200.209	0.05	Adapter 1501Hz	27	1.501	70.00	0.186
200.469	0.05	Adapter 1501Hz	27	1.501	70.00	0.186
200.549	0.05	Adapter 1501Hz	27	1.501	70.00	0.186
200.629	0.05	Adapter 1501Hz	27	1.501	70.00	0.186
200.709	0.05	Adapter 1501Hz	27	1.501	70.00	0.186
200.969	0.05	Adapter 1501Hz	27	1.501	70.00	0.186
201.049	0.05	Adapter 1501Hz	27	1.501	70.00	0.186
201.129	0.05	Adapter 1501Hz	27	1.501	70.00	0.186
201.209	0.05	Adapter 1501Hz	27	1.501	70.00	0.186
201.469	0.05	Adapter 1501Hz	27	1.501	70.00	0.186
201.549	0.05	Adapter 1501Hz	27	1.501	70.00	0.186
201.629	0.05	Adapter 1501Hz	27	1.501	70.00	0.186
201.709	0.05	Adapter 1501Hz	27	1.501	70.00	0.186
201.969	0.05	Adapter 1501Hz	27	1.501	70.00	0.186
202.049	0.05	Adapter 1501Hz	27	1.501	70.00	0.186
202.129	0.05	Adapter 1501Hz	27	1.501	70.00	0.186
202.209	0.05	Adapter 1501Hz	27	1.501	70.00	0.186
212.796	0.05	Probe 3839Hz	29	3.839	70.00	0.437
213.296	0.05	Probe 3839Hz	29	3.839	70.00	0.437
213.796	0.05	Probe 3839Hz	29	3.839	70.00	0.437
214.296	0.05	Probe 3839Hz	29	3.839	70.00	0.437
214.796	0.05	Probe 3839Hz	29	3.839	70.00	0.437
215.296	0.05	Probe 3839Hz	29	3.839	70.00	0.437
215.796	0.05	Probe 3839Hz	29	3.839	70.00	0.437
216.296	0.05	Probe 3839Hz	29	3.839	70.00	0.437
216.796	0.05	Probe 3839Hz	29	3.839	70.00	0.437
217.296	0.05	Probe 3839Hz	29	3.839	70.00	0.437
220.011	0.05	Adapter 251Hz	30	0.251	70.00	0.052
220.091	0.05	Adapter 251Hz	30	0.251	70.00	0.052
220.171	0.05	Adapter 251Hz	30	0.251	70.00	0.052
220.251	0.05	Adapter 251Hz	30	0.251	70.00	0.052
220.511	0.05	Adapter 251Hz	30	0.251	70.00	0.052
220.591	0.05	Adapter 251Hz	30	0.251	70.00	0.052
220.671	0.05	Adapter 251Hz	30	0.251	70.00	0.052
220.751	0.05	Adapter 251Hz	30	0.251	70.00	0.052
221.011	0.05	Adapter 251Hz	30	0.251	70.00	0.052
221.091	0.05	Adapter 251Hz	30	0.251	70.00	0.052
221.171	0.05	Adapter 251Hz	30	0.251	70.00	0.052
221.251	0.05	Adapter 251Hz	30	0.251	70.00	0.052
221.511	0.05	Adapter 251Hz	30	0.251	70.00	0.052
221.591	0.05	Adapter 251Hz	30	0.251	70.00	0.052
221.671	0.05	Adapter 251Hz	30	0.251	70.00	0.052
221.751	0.05	Adapter 251Hz	30	0.251	70.00	0.052
222.011	0.05	Adapter 251Hz	30	0.251	70.00	0.052
222.091	0.05	Adapter 251Hz	30	0.251	70.00	0.052
222.171	0.05	Adapter 251Hz	30	0.251	70.00	0.052
222.251	0.05	Adapter 251Hz	30	0.251	70.00	0.052
222.511	0.05	Adapter 251Hz	30	0.251	70.00	0.052
222.591	0.05	Adapter 251Hz	30	0.251	70.00	0.052
222.671	0.05	Adapter 251Hz	30	0.251	70.00	0.052
222.751	0.05	Adapter 251Hz	30	0.251	70.00	0.052
223.011	0.05	Adapter 251Hz	30	0.251	70.00	0.052
223.091	0.05	Adapter 251Hz	30	0.251	70.00	0.052
223.171	0.05	Adapter 251Hz	30	0.251	70.00	0.052
223.251	0.05	Adapter 251Hz	30	0.251	70.00	0.052
223.511	0.05	Adapter 251Hz	30	0.251	70.00	0.052
223.591	0.05	Adapter 251Hz	30	0.251	70.00	0.052
223.671	0.05	Adapter 251Hz	30	0.251	70.00	0.052
223.751	0.05	Adapter 251Hz	30	0.251	70.00	0.052
224.011	0.05	Adapter 251Hz	30	0.251	70.00	0.052
224.091	0.05	Adapter 251Hz	30	0.251	70.00	0.052
224.171	0.05	Adapter 251Hz	30	0.251	70.00	0.052
224.251	0.05	Adapter 251Hz	30	0.251	70.00	0.052
224.511	0.05	Adapter 251Hz	30	0.251	70.00	0.052
224.591	0.05	Adapter 251Hz	30	0.251	70.00	0.052
224.671	0.05	Adapter 251Hz	30	0.251	70.00	0.052
224.751	0.05	Adapter 251Hz	30	0.251	70.00	0.052
227.499	0.05	Adapter 3839Hz Probe 3839Hz	31	3.839	70.00	0.437
227.579	0.05	Adapter 3839Hz Probe 3839Hz	31	3.839	70.00	0.437
227.659	0.05	Adapter 3839Hz Probe 3839Hz	31	3.839	70.00	0.437
227.739	0.05	Adapter 3839Hz Probe 3839Hz	31	3.839	70.00	0.437
227.819	0.05	Adapter 3839Hz Probe 3839Hz	31	3.839	70.00	0.437
227.999	0.05	Adapter 3839Hz Probe 3839Hz	31	3.839	70.00	0.437
228.079	0.05	Adapter 3839Hz Probe 3839Hz	31	3.839	70.00	0.437
228.159	0.05	Adapter 3839Hz Probe 3839Hz	31	3.839	70.00	0.437
228.239	0.05	Adapter 3839Hz Probe 3839Hz	31	3.839	70.00	0.437
228.319	0.05	Adapter 3839Hz Probe 3839Hz	31	3.839	70.00	0.437
228.499	0.05	Adapter 3839Hz Probe 3839Hz	31	3.839	70.00	0.437
228.579	0.05	Adapter 3839Hz Probe 3839Hz	31	3.839	70.00	0.437
228.659	0.05	Adapter 3839Hz Probe 3839Hz	31	3.839	70.00	0.437
228.739	0.05	Adapter 3839Hz Probe 3839Hz	31	3.839	70.00	0.437
228.819	0.05	Adapter 3839Hz Probe 3839Hz	31	3.839	70.00	0.437
228.999	0.05	Adapter 3839Hz Probe 3839Hz	31	3.839	70.00	0.437
229.079	0.05	Adapter 3839Hz Probe 3839Hz	31	3.839	70.00	0.437
229.159	0.05	Adapter 3839Hz Probe 3839Hz	31	3.839	70.00	0.437
229.239	0.05	Adapter 3839Hz Probe 3839Hz	31	3.839	70.00	0.437
229.319	0.05	Adapter 3839Hz Probe 3839Hz	31	3.839	70.00	0.437
229.499	0.05	Adapter 3839Hz Probe 3839Hz	31	3.839	70.00	0.437
229.579	0.05	Adapter 3839Hz Probe 3839Hz	31	3.839	70.00	0.437
229.659	0.05	Adapter 3839Hz Probe 3839Hz	31	3.839	70.00	0.437
229.739	0.05	Adapter 3839Hz Probe 3839Hz	31	3.839	70.00	0.437
229.819	0.05	Adapter 3839Hz Probe 3839Hz	31	3.839	70.00	0.437
229.999	0.05	Adapter 3839Hz Probe 3839Hz	31	3.839	70.00	0.437
230.079	0.05	Adapter 3839Hz Probe 3839Hz	31	3.839	70.00	0.437
230.159	0.05	Adapter 3839Hz Probe 3839Hz	31	3.839	70.00	0.437
230.239	0.05	Adapter 3839Hz Probe 3839Hz	31	3.839	70.00	0.437
230.319	0.05	Adapter 3839Hz Probe 3839Hz	31	3.839	70.00	0.437
230.499	0.05	Adapter 3839Hz Probe 3839Hz	31	3.839	70.00	0.437
230.579	0.05	Adapter 3839Hz Probe 3839Hz	31	3.839	70.00	0.437
230.659	0.05	Adapter 3839Hz Probe 3839Hz	31	3.839	70.00	0.437
230.739	0.05	Adapter 3839Hz Probe 3839Hz	31	3.839	70.00	0.437
230.819	0.05	Adapter 3839Hz Probe 3839Hz	31	3.839	70.00	0.437
230.999	0.05	Adapter 3839Hz Probe 3839Hz	31	3.839	70.00	0.437
231.079	0.05	Adapter 3839Hz Probe 3839Hz	31	3.839	70.00	0.437
231.159	0.05	Adapter 3839Hz Probe 3839Hz	31	3.839	70.00	0.437
231.239	0.05	Adapter 3839Hz Probe 3839Hz	31	3.839	70.00	0.437
231.319	0.05	Adapter 3839Hz Probe 3839Hz	31	3.839	70.00	0.437
231.499	0.05	Adapter 3839Hz Probe 3839Hz	31	3.839	70.00	0.437
231.579	0.05	Adapter 3839Hz Probe 3839Hz	31	3.839	70.00	0.437
231.659	0.05	Adapter 3839Hz Probe 3839Hz	31	3.839	70.00	0.437
231.739	0.05	Adapter 3839Hz Probe 3839Hz	31	3.839	70.00	0.437
231.819	0.05	Adapter 3839Hz Probe 3839Hz	31	3.839	70.00	0.437
231.999	0.05	Adapter 3839Hz Probe 3839Hz	31	3.839	70.00	0.437
232.079	0.05	Adapter 3839Hz Probe 3839Hz	31	3.839	70.00	0.437
232.159	0.05	Adapter 3839Hz Probe 3839Hz	31	3.839	70.00	0.437
232.239	0.05	Adapter 3839Hz Probe 3839Hz	31	3.839	70.00	0.437
232.319	0.05	Adapter 3839Hz Probe 3839Hz	31	3.839	70.00	0.437
235.003	0.05	Adapter 899Hz Probe 3839Hz	32	0.899	70.00	0.121
235.083	0.05	Adapter 899Hz Probe 3839Hz	32	0.899	70.00	0.121
235.163	0.05	Adapter 899Hz Probe 3839Hz	32	0.899	70.00	0.121
235.243	0.05	Adapter 899Hz Probe 3839Hz	32	0.899	70.00	0.121
235.323	0.05	Adapter 899Hz Probe 3839Hz	32	3.839	70.00	0.437
235.503	0.05	Adapter 899Hz Probe 3839Hz	32	0.899	70.00	0.121
235.583	0.05	Adapter 899Hz Probe 3839Hz	32	0.899	70.00	0.121
235.663	0.05	Adapter 899Hz Probe 3839Hz	32	0.899	70.00	0.121
235.743	0.05	Adapter 899Hz Probe 3839Hz	32	0.899	70.00	0.121
235.823	0.05	Adapter 899Hz Probe 3839Hz	32	3.839	70.00	0.437
236.003	0.05	Adapter 899Hz Probe 3839Hz	32	0.899	70.00	0.121
236.083	0.05	Adapter 899Hz Probe 3839Hz	32	0.899	70.00	0.121
236.163	0.05	Adapter 899Hz Probe 3839Hz	32	0.899	70.00	0.121
236.243	0.05	Adapter 899Hz Probe 3839Hz	32	0.899	70.00	0.121
236.323	0.05	Adapter 899Hz Probe 3839Hz	32	3.839	70.00	0.437
236.503	0.05	Adapter 899Hz Probe 3839Hz	32	0.899	70.00	0.121
236.583	0.05	Adapter 899Hz Probe 3839Hz	32	0.899	70.00	0.121
236.663	0.05	Adapter 899Hz Probe 3839Hz	32	0.899	70.00	0.121
236.743	0.05	Adapter 899Hz Probe 3839Hz	32	0.899	70.00	0.121
236.823	0.05	Adapter 899Hz Probe 3839Hz	32	3.839	70.00	0.437
237.003	0.05	Adapter 899Hz Probe 3839Hz	32	0.899	70.00	0.121
237.083	0.05	Adapter 899Hz Probe 3839Hz	32	0.899	70.00	0.121
237.163	0.05	Adapter 899Hz Probe 3839Hz	32	0.899	70.00	0.121
237.243	0.05	Adapter 899Hz Probe 3839Hz	32	0.899	70.00	0.121
237.323	0.05	Adapter 899Hz Probe 3839Hz	32	3.839	70.00	0.437
237.503	0.05	Adapter 899Hz Probe 3839Hz	32	0.899	70.00	0.121
237.583	0.05	Adapter 899Hz Probe 3839Hz	32	0.899	70.00	0.121
237.663	0.05	Adapter 899Hz Probe 3839Hz	32	0.899	70.00	0.121
237.743	0.05	Adapter 899Hz Probe 3839Hz	32	0.899	70.00	0.121
237.823	0.05	Adapter 899Hz Probe 3839Hz	32	3.839	70.00	0.437
238.003	0.05	Adapter 899Hz Probe 3839Hz	32	0.899	70.00	0.121
238.083	0.05	Adapter 899Hz Probe 3839Hz	32	0.899	70.00	0.121
238.163	0.05	Adapter 899Hz Probe 3839Hz	32	0.899	70.00	0.121
238.243	0.05	Adapter 899Hz Probe 3839Hz	32	0.899	70.00	0.121
238.323	0.05	Adapter 899Hz Probe 3839Hz	32	3.839	70.00	0.437
238.503	0.05	Adapter 899Hz Probe 3839Hz	32	0.899	70.00	0.121
238.583	0.05	Adapter 899Hz Probe 3839Hz	32	0.899	70.00	0.121
238.663	0.05	Adapter 899Hz Probe 3839Hz	32	0.899	70.00	0.121
238.743	0.05	Adapter 899Hz Probe 3839Hz	32	0.899	70.00	0.121
238.823	0.05	Adapter 899Hz Probe 3839Hz	32	3.839	70.00	0.437
239.003	0.05	Adapter 899Hz Probe 3839Hz	32	0.899	70.00	0.121
239.083	0.05	Adapter 899Hz Probe 3839Hz	32	0.899	70.00	0.121
239.163	0.05	Adapter 899Hz Probe 3839Hz	32	0.899	70.00	0.121
239.243	0.05	Adapter 899Hz Probe 3839Hz	32	0.899	70.00	0.121
239.323	0.05	Adapter 899Hz Probe 3839Hz	32	3.839	70.00	0.437
239.503	0.05	Adapter 899Hz Probe 3839Hz	32	0.899	70.00	0.121
239.583	0.05	Adapter 899Hz Probe 3839Hz	32	0.899	70.00	0.121
239.663	0.05	Adapter 899Hz Probe 3839Hz	32	0.899	70.00	0.121
239.743	0.05	Adapter 899Hz Probe 3839Hz	32	0.899	70.00	0.121
239.823	0.05	Adapter 899Hz Probe 3839Hz	32	3.839	70.00	0.437
242.459	0.05	Adapter 6009Hz	33	6.009	70.00	0.671
242.539	0.05	Adapter 6009Hz	33	6.009	70.00	0.671
242.619	0.05	Adapter 6009Hz	33	6.009	70.00	0.671
242.699	0.05	Adapter 6009Hz	33	6.009	70.00	0.671
242.959	0.05	Adapter 6009Hz	33	6.009	70.00	0.671
243.039	0.05	Adapter 6009Hz	33	6.009	70.00	0.671
243.119	0.05	Adapter 6009Hz	33	6.009	70.00	0.671
243.199	0.05	Adapter 6009Hz	33	6.009	70.00	0.671
243.459	0.05	Adapter 6009Hz	33	6.009	70.00	0.671
243.539	0.05	Adapter 6009Hz	33	6.009	70.00	0.671
243.619	0.05	Adapter 6009Hz	33	6.009	70.00	0.671
243.699	0.05	Adapter 6009Hz	33	6.009	70.00	0.671
243.959	0.05	Adapter 6009Hz	33	6.009	70.00	0.671
244.039	0.05	Adapter 6009Hz	33	6.009	70.00	0.671
244.119	0.05	Adapter 6009Hz	33	6.009	70.00	0.671
244.199	0.05	Adapter 6009Hz	33	6.009	70.00	0.671
244.459	0.05	Adapter 6009Hz	33	6.009	70.00	0.671
244.539	0.05	Adapter 6009Hz	33	6.009	70.00	0.671
244.619	0.05	Adapter 6009Hz	33	6.009	70.00	0.671
244.699	0.05	Adapter 6009Hz	33	6.009	70.00	0.671
244.959	0.05	Adapter 6009Hz	33	6.009	70.00	0.671
245.039	0.05	Adapter 6009Hz	33	6.009	70.00	0.671
245.119	0.05	Adapter 6009Hz	33	6.009	70.00	0.671
245.199	0.05	Adapter 6009Hz	33	6.009	70.00	0.671
245.459	0.05	Adapter 6009Hz	33	6.009	70.00	0.671
245.539	0.05	Adapter 6009Hz	33	6.009	70.00	0.671
245.619	0.05	Adapter 6009Hz	33	6.009	70.00	0.671
245.699	0.05	Adapter 6009Hz	33	6.009	70.00	0.671
245.959	0.05	Adapter 6009Hz	33	6.009	70.00	0.671
246.039	0.05	Adapter 6009Hz	33	6.009	70.00	0.671
246.119	0.05	Adapter 6009Hz	33	6.009	70.00	0.671
246.199	0.05	Adapter 6009Hz	33	6.009	70.00	0.671
246.459	0.05	Adapter 6009Hz	33	6.009	70.00	0.671
246.539	0.05	Adapter 6009Hz	33	6.009	70.00	0.671
246.619	0.05	Adapter 6009Hz	33	6.009	70.00	0.671
246.699	0.05	Adapter 6009Hz	33	6.009	70.00	0.671
246.959	0.05	Adapter 6009Hz	33	6.009	70.00	0.671
247.039	0.05	Adapter 6009Hz	33	6.009	70.00	0.671
247.119	0.05	Adapter 6009Hz	33	6.009	70.00	0.671
247.199	0.05	Adapter 6009Hz	33	6.009	70.00	0.671
249.979	0.05	Adapter 3839Hz	34	3.839	70.00	0.437
250.059	0.05	Adapter 3839Hz	34	3.839	70.00	0.437
250.139	0.05	Adapter 3839Hz	34	3.839	70.00	0.437
250.219	0.05	Adapter 3839Hz	34	3.839	70.00	0.437
250.479	0.05	Adapter 3839Hz	34	3.839	70.00	0.437
250.559	0.05	Adapter 3839Hz	34	3.839	70.00	0.437
250.639	0.05	Adapter 3839Hz	34	3.839	70.00	0.437
250.719	0.05	Adapter 3839Hz	34	3.839	70.00	0.437
250.979	0.05	Adapter 3839Hz	34	3.839	70.00	0.437
251.059	0.05	Adapter 3839Hz	34	3.839	70.00	0.437
251.139	0.05	Adapter 3839Hz	34	3.839	70.00	0.437
251.219	0.05	Adapter 3839Hz	34	3.839	70.00	0.437
251.479	0.05	Adapter 3839Hz	34	3.839	70.00	0.437
251.559	0.05	Adapter 3839Hz	34	3.839	70.00	0.437
251.639	0.05	Adapter 3839Hz	34	3.839	70.00	0.437
251.719	0.05	Adapter 3839Hz	34	3.839	70.00	0.437
251.979	0.05	Adapter 3839Hz	34	3.839	70.00	0.437
252.059	0.05	Adapter 3839Hz	34	3.839	70.00	0.437
252.139	0.05	Adapter 3839Hz	34	3.839	70.00	0.437
252.219	0.05	Adapter 3839Hz	34	3.839	70.00	0.437
252.479	0.05	Adapter 3839Hz	34	3.839	70.00	0.437
252.559	0.05	Adapter 3839Hz	34	3.839	70.00	0.437
252.639	0.05	Adapter 3839Hz	34	3.839	70.00	0.437
252.719	0.05	Adapter 3839Hz	34	3.839	70.00	0.437
252.979	0.05	Adapter 3839Hz	34	3.839	70.00	0.437
253.059	0.05	Adapter 3839Hz	34	3.839	70.00	0.437
253.139	0.05	Adapter 3839Hz	34	3.839	70.00	0.437
253.219	0.05	Adapter 3839Hz	34	3.839	70.00	0.437
253.479	0.05	Adapter 3839Hz	34	3.839	70.00	0.437
253.559	0.05	Adapter 3839Hz	34	3.839	70.00	0.437
253.639	0.05	Adapter 3839Hz	34	3.839	70.00	0.437
253.719	0.05	Adapter 3839Hz	34	3.839	70.00	0.437
253.979	0.05	Adapter 3839Hz	34	3.839	70.00	0.437
254.059	0.05	Adapter 3839Hz	34	3.839	70.00	0.437
254.139	0.05	Adapter 3839Hz	34	3.839	70.00	0.437
254.219	0.05	Adapter 3839Hz	34	3.839	70.00	0.437
254.479	0.05	Adapter 3839Hz	34	3.839	70.00	0.437
254.559	0.05	Adapter 3839Hz	34	3.839	70.00	0.437
254.639	0.05	Adapter 3839Hz	34	3.839	70.00	0.437
254.719	0.05	Adapter 3839Hz	34	3.839	70.00	0.437
264.986	0.05	Adapter 1501Hz	36	1.501	70.00	0.186
265.066	0.05	Adapter 1501Hz	36	1.501	70.00	0.186
265.146	0.05	Adapter 1501Hz	36	1.501	70.00	0.186
265.226	0.05	Adapter 1501Hz	36	1.501	70.00	0.186
265.486	0.05	Adapter 1501Hz	36	1.501	70.00	0.186
265.566	0.05	Adapter 1501Hz	36	1.501	70.00	0.186
265.646	0.05	Adapter 1501Hz	36	1.501	70.00	0.186
265.726	0.05	Adapter 1501Hz	36	1.501	70.00	0.186
265.986	0.05	Adapter 1501Hz	36	1.501	70.00	0.186
266.066	0.05	Adapter 1501Hz	36	1.501	70.00	0.186
266.146	0.05	Adapter 1501Hz	36	1.501	70.00	0.186
266.226	0.05	Adapter 1501Hz	36	1.501	70.00	0.186
266.486	0.05	Adapter 1501Hz	36	1.501	70.00	0.186
266.566	0.05	Adapter 1501Hz	36	1.501	70.00	0.186
266.646	0.05	Adapter 1501Hz	36	1.501	70.00	0.186
266.726	0.05	Adapter 1501Hz	36	1.501	70.00	0.186
266.986	0.05	Adapter 1501Hz	36	1.501	70.00	0.186
267.066	0.05	Adapter 1501Hz	36	1.501	70.00	0.186
267.146	0.05	Adapter 1501Hz	36	1.501	70.00	0.186
267.226	0.05	Adapter 1501Hz	36	1.501	70.00	0.186
267.486	0.05	Adapter 1501Hz	36	1.501	70.00	0.186
267.566	0.05	Adapter 1501Hz	36	1.501	70.00	0.186
267.646	0.05	Adapter 1501Hz	36	1.501	70.00	0.186
267.726	0.05	Adapter 1501Hz	36	1.501	70.00	0.186
267.986	0.05	Adapter 1501Hz	36	1.501	70.00	0.186
268.066	0.05	Adapter 1501Hz	36	1.501	70.00	0.186
268.146	0.05	Adapter 1501Hz	36	1.501	70.00	0.186
268.226	0.05	Adapter 1501Hz	36	1.501	70.00	0.186
268.486	0.05	Adapter 1501Hz	36	1.501	70.00	0.186
268.566	0.05	Adapter 1501Hz	36	1.501	70.00	0.186
268.646	0.05	Adapter 1501Hz	36	1.501	70.00	0.186
268.726	0.05	Adapter 1501Hz	36	1.501	70.00	0.186
268.986	0.05	Adapter 1501Hz	36	1.501	70.00	0.186
269.066	0.05	Adapter 1501Hz	36	1.501	70.00	0.186
269.146	0.05	Adapter 1501Hz	36	1.501	70.00	0.186
269.226	0.05	Adapter 1501Hz	36	1.501	70.00	0.186
269.486	0.05	Adapter 1501Hz	36	1.501	70.00	0.186
269.566	0.05	Adapter 1501Hz	36	1.501	70.00	0.186
269.646	0.05	Adapter 1501Hz	36	1.501	70.00	0.186
269.726	0.05	Adapter 1501Hz	36	1.501	70.00	0.186
272.505	0.05	Adapter 2423Hz Probe 3839Hz	37	2.423	70.00	0.285
272.585	0.05	Adapter 2423Hz Probe 3839Hz	37	2.423	70.00	0.285
272.665	0.05	Adapter 2423Hz Probe 3839Hz	37	2.423	70.00	0.285
272.745	0.05	Adapter 2423Hz Probe 3839Hz	37	2.423	70.00	0.285
272.825	0.05	Adapter 2423Hz Probe 3839Hz	37	3.839	70.00	0.437
273.005	0.05	Adapter 2423Hz Probe 3839Hz	37	2.423	70.00	0.285
273.085	0.05	Adapter 2423Hz Probe 3839Hz	37	2.423	70.00	0.285
273.165	0.05	Adapter 2423Hz Probe 3839Hz	37	2.423	70.00	0.285
273.245	0.05	Adapter 2423Hz Probe 3839Hz	37	2.423	70.00	0.285
273.325	0.05	Adapter 2423Hz Probe 3839Hz	37	3.839	70.00	0.437
273.505	0.05	Adapter 2423Hz Probe 3839Hz	37	2.423	70.00	0.285
273.585	0.05	Adapter 2423Hz Probe 3839Hz	37	2.423	70.00	0.285
273.665	0.05	Adapter 2423Hz Probe 3839Hz	37	2.423	70.00	0.285
273.745	0.05	Adapter 2423Hz Probe 3839Hz	37	2.423	70.00	0.285
273.825	0.05	Adapter 2423Hz Probe 3839Hz	37	3.839	70.00	0.437
274.005	0.05	Adapter 2423Hz Probe 3839Hz	37	2.423	70.00	0.285
274.085	0.05	Adapter 2423Hz Probe 3839Hz	37	2.423	70.00	0.285
274.165	0.05	Adapter 2423Hz Probe 3839Hz	37	2.423	70.00	0.285
274.245	0.05	Adapter 2423Hz Probe 3839Hz	37	2.423	70.00	0.285
274.325	0.05	Adapter 2423Hz Probe 3839Hz	37	3.839	70.00	0.437
274.505	0.05	Adapter 2423Hz Probe 3839Hz	37	2.423	70.00	0.285
274.585	0.05	Adapter 2423Hz Probe 3839Hz	37	2.423	70.00	0.285
274.665	0.05	Adapter 2423Hz Probe 3839Hz	37	2.423	70.00	0.285
274.745	0.05	Adapter 2423Hz Probe 3839Hz	37	2.423	70.00	0.285
274.825	0.05	Adapter 2423Hz Probe 3839Hz	37	3.839	70.00	0.437
275.005	0.05	Adapter 2423Hz Probe 3839Hz	37	2.423	70.00	0.285
275.085	0.05	Adapter 2423Hz Probe 3839Hz	37	2.423	70.00	0.285
275.165	0.05	Adapter 2423Hz Probe 3839Hz	37	2.423	70.00	0.285
275.245	0.05	Adapter 2423Hz Probe 3839Hz	37	2.423	70.00	0.285
275.325	0.05	Adapter 2423Hz Probe 3839Hz	37	3.839	70.00	0.437
275.505	0.05	Adapter 2423Hz Probe 3839Hz	37	2.423	70.00	0.285
275.585	0.05	Adapter 2423Hz Probe 3839Hz	37	2.423	70.00	0.285
275.665	0.05	Adapter 2423Hz Probe 3839Hz	37	2.423	70.00	0.285
275.745	0.05	Adapter 2423Hz Probe 3839Hz	37	2.423	70.00	0.285
275.825	0.05	Adapter 2423Hz Probe 3839Hz	37	3.839	70.00	0.437
276.005	0.05	Adapter 2423Hz Probe 3839Hz	37	2.423	70.00	0.285
276.085	0.05	Adapter 2423Hz Probe 3839Hz	37	2.423	70.00	0.285
276.165	0.05	Adapter 2423Hz Probe 3839Hz	37	2.423	70.00	0.285
276.245	0.05	Adapter 2423Hz Probe 3839Hz	37	2.423	70.00	0.285
276.325	0.05	Adapter 2423Hz Probe 3839Hz	37	3.839	70.00	0.437
276.505	0.05	Adapter 2423Hz Probe 3839Hz	37	2.423	70.00	0.285
276.585	0.05	Adapter 2423Hz Probe 3839Hz	37	2.423	70.00	0.285
276.665	0.05	Adapter 2423Hz Probe 3839Hz	37	2.423	70.00	0.285
276.745	0.05	Adapter 2423Hz Probe 3839Hz	37	2.423	70.00	0.285
276.825	0.05	Adapter 2423Hz Probe 3839Hz	37	3.839	70.00	0.437
277.005	0.05	Adapter 2423Hz Probe 3839Hz	37	2.423	70.00	0.285
277.085	0.05	Adapter 2423Hz Probe 3839Hz	37	2.423	70.00	0.285
277.165	0.05	Adapter 2423Hz Probe 3839Hz	37	2.423	70.00	0.285
277.245	0.05	Adapter 2423Hz Probe 3839Hz	37	2.423	70.00	0.285
277.325	0.05	Adapter 2423Hz Probe 3839Hz	37	3.839	70.00	0.437
280.009	0.05	Adapter 899Hz Probe 3839Hz	38	0.899	70.00	0.121
280.089	0.05	Adapter 899Hz Probe 3839Hz	38	0.899	70.00	0.121
280.169	0.05	Adapter 899Hz Probe 3839Hz	38	0.899	70.00	0.121
280.249	0.05	Adapter 899Hz Probe 3839Hz	38	0.899	70.00	0.121
280.329	0.05	Adapter 899Hz Probe 3839Hz	38	3.839	70.00	0.437
280.509	0.05	Adapter 899Hz Probe 3839Hz	38	0.899	70.00	0.121
280.589	0.05	Adapter 899Hz Probe 3839Hz	38	0.899	70.00	0.121
280.669	0.05	Adapter 899Hz Probe 3839Hz	38	0.899	70.00	0.121
280.749	0.05	Adapter 899Hz Probe 3839Hz	38	0.899	70.00	0.121
280.829	0.05	Adapter 899Hz Probe 3839Hz	38	3.839	70.00	0.437
281.009	0.05	Adapter 899Hz Probe 3839Hz	38	0.899	70.00	0.121
281.089	0.05	Adapter 899Hz Probe 3839Hz	38	0.899	70.00	0.121
281.169	0.05	Adapter 899Hz Probe 3839Hz	38	0.899	70.00	0.121
281.249	0.05	Adapter 899Hz Probe 3839Hz	38	0.899	70.00	0.121
281.329	0.05	Adapter 899Hz Probe 3839Hz	38	3.839	70.00	0.437
281.509	0.05	Adapter 899Hz Probe 3839Hz	38	0.899	70.00	0.121
281.589	0.05	Adapter 899Hz Probe 3839Hz	38	0.899	70.00	0.121
281.669	0.05	Adapter 899Hz Probe 3839Hz	38	0.899	70.00	0.121
281.749	0.05	Adapter 899Hz Probe 3839Hz	38	0.899	70.00	0.121
281.829	0.05	Adapter 899Hz Probe 3839Hz	38	3.839	70.00	0.437
282.009	0.05	Adapter 899Hz Probe 3839Hz	38	0.899	70.00	0.121
282.089	0.05	Adapter 899Hz Probe 3839Hz	38	0.899	70.00	0.121
282.169	0.05	Adapter 899Hz Probe 3839Hz	38	0.899	70.00	0.121
282.249	0.05	Adapter 899Hz Probe 3839Hz	38	0.899	70.00	0.121
282.329	0.05	Adapter 899Hz Probe 3839Hz	38	3.839	70.00	0.437
282.509	0.05	Adapter 899Hz Probe 3839Hz	38	0.899	70.00	0.121
282.589	0.05	Adapter 899Hz Probe 3839Hz	38	0.899	70.00	0.121
282.669	0.05	Adapter 899Hz Probe 3839Hz	38	0.899	70.00	0.121
282.749	0.05	Adapter 899Hz Probe 3839Hz	38	0.899	70.00	0.121
282.829	0.05	Adapter 899Hz Probe 3839Hz	38	3.839	70.00	0.437
283.009	0.05	Adapter 899Hz Probe 3839Hz	38	0.899	70.00	0.121
283.089	0.05	Adapter 899Hz Probe 3839Hz	38	0.899	70.00	0.121
283.169	0.05	Adapter 899Hz Probe 3839Hz	38	0.899	70.00	0.121
283.249	0.05	Adapter 899Hz Probe 3839Hz	38	0.899	70.00	0.121
283.329	0.05	Adapter 899Hz Probe 3839Hz	38	3.839	70.00	0.437
283.509	0.05	Adapter 899Hz Probe 3839Hz	38	0.899	70.00	0.121
283.589	0.05	Adapter 899Hz Probe 3839Hz	38	0.899	70.00	0.121
283.669	0.05	Adapter 899Hz Probe 3839Hz	38	0.899	70.00	0.121
283.749	0.05	Adapter 899Hz Probe 3839Hz	38	0.899	70.00	0.121
283.829	0.05	Adapter 899Hz Probe 3839Hz	38	3.839	70.00	0.437
284.009	0.05	Adapter 899Hz Probe 3839Hz	38	0.899	70.00	0.121
284.089	0.05	Adapter 899Hz Probe 3839Hz	38	0.899	70.00	0.121
284.169	0.05	Adapter 899Hz Probe 3839Hz	38	0.899	70.00	0.121
284.249	0.05	Adapter 899Hz Probe 3839Hz	38	0.899	70.00	0.121
284.329	0.05	Adapter 899Hz Probe 3839Hz	38	3.839	70.00	0.437
284.509	0.05	Adapter 899Hz Probe 3839Hz	38	0.899	70.00	0.121
284.589	0.05	Adapter 899Hz Probe 3839Hz	38	0.899	70.00	0.121
284.669	0.05	Adapter 899Hz Probe 3839Hz	38	0.899	70.00	0.121
284.749	0.05	Adapter 899Hz Probe 3839Hz	38	0.899	70.00	0.121
284.829	0.05	Adapter 899Hz Probe 3839Hz	38	3.839	70.00	0.437
287.481	0.05	Adapter 507Hz	39	0.507	70.00	0.079
287.561	0.05	Adapter 507Hz	39	0.507	70.00	0.079
287.641	0.05	Adapter 507Hz	39	0.507	70.00	0.079
287.721	0.05	Adapter 507Hz	39	0.507	70.00	0.079
287.981	0.05	Adapter 507Hz	39	0.507	70.00	0.079
288.061	0.05	Adapter 507Hz	39	0.507	70.00	0.079
288.141	0.05	Adapter 507Hz	39	0.507	70.00	0.079
288.221	0.05	Adapter 507Hz	39	0.507	70.00	0.079
288.481	0.05	Adapter 507Hz	39	0.507	70.00	0.079
288.561	0.05	Adapter 507Hz	39	0.507	70.00	0.079
288.641	0.05	Adapter 507Hz	39	0.507	70.00	0.079
288.721	0.05	Adapter 507Hz	39	0.507	70.00	0.079
288.981	0.05	Adapter 507Hz	39	0.507	70.00	0.079
289.061	0.05	Adapter 507Hz	39	0.507	70.00	0.079
289.141	0.05	Adapter 507Hz	39	0.507	70.00	0.079
289.221	0.05	Adapter 507Hz	39	0.507	70.00	0.079
289.481	0.05	Adapter 507Hz	39	0.507	70.00	0.079
289.561	0.05	Adapter 507Hz	39	0.507	70.00	0.079
289.641	0.05	Adapter 507Hz	39	0.507	70.00	0.079
289.721	0.05	Adapter 507Hz	39	0.507	70.00	0.079
289.981	0.05	Adapter 507Hz	39	0.507	70.00	0.079
290.061	0.05	Adapter 507Hz	39	0.507	70.00	0.079
290.141	0.05	Adapter 507Hz	39	0.507	70.00	0.079
290.221	0.05	Adapter 507Hz	39	0.507	70.00	0.079
290.481	0.05	Adapter 507Hz	39	0.507	70.00	0.079
290.561	0.05	Adapter 507Hz	39	0.507	70.00	0.079
290.641	0.05	Adapter 507Hz	39	0.507	70.00	0.079
290.721	0.05	Adapter 507Hz	39	0.507	70.00	0.079
290.981	0.05	Adapter 507Hz	39	0.507	70.00	0.079
291.061	0.05	Adapter 507Hz	39	0.507	70.00	0.079
291.141	0.05	Adapter 507Hz	39	0.507	70.00	0.079
291.221	0.05	Adapter 507Hz	39	0.507	70.00	0.079
291.481	0.05	Adapter 507Hz	39	0.507	70.00	0.079
291.561	0.05	Adapter 507Hz	39	0.507	70.00	0.079
291.641	0.05	Adapter 507Hz	39	0.507	70.00	0.079
291.721	0.05	Adapter 507Hz	39	0.507	70.00	0.079
291.981	0.05	Adapter 507Hz	39	0.507	70.00	0.079
292.061	0.05	Adapter 507Hz	39	0.507	70.00	0.079
292.141	0.05	Adapter 507Hz	39	0.507	70.00	0.079
292.221	0.05	Adapter 507Hz	39	0.507	70.00	0.079
309.961	0.05	Adapter 251Hz	42	0.251	70.00	0.052
310.041	0.05	Adapter 251Hz	42	0.251	70.00	0.052
310.121	0.05	Adapter 251Hz	42	0.251	70.00	0.052
310.201	0.05	Adapter 251Hz	42	0.251	70.00	0.052
310.461	0.05	Adapter 251Hz	42	0.251	70.00	0.052
310.541	0.05	Adapter 251Hz	42	0.251	70.00	0.052
310.621	0.05	Adapter 251Hz	42	0.251	70.00	0.052
310.701	0.05	Adapter 251Hz	42	0.251	70.00	0.052
310.961	0.05	Adapter 251Hz	42	0.251	70.00	0.052
311.041	0.05	Adapter 251Hz	42	0.251	70.00	0.052
311.121	0.05	Adapter 251Hz	42	0.251	70.00	0.052
311.201	0.05	Adapter 251Hz	42	0.251	70.00	0.052
311.461	0.05	Adapter 251Hz	42	0.251	70.00	0.052
311.541	0.05	Adapter 251Hz	42	0.251	70.00	0.052
311.621	0.05	Adapter 251Hz	42	0.251	70.00	0.052
311.701	0.05	Adapter 251Hz	42	0.251	70.00	0.052
311.961	0.05	Adapter 251Hz	42	0.251	70.00	0.052
312.041	0.05	Adapter 251Hz	42	0.251	70.00	0.052
312.121	0.05	Adapter 251Hz	42	0.251	70.00	0.052
312.201	0.05	Adapter 251Hz	42	0.251	70.00	0.052
312.461	0.05	Adapter 251Hz	42	0.251	70.00	0.052
312.541	0.05	Adapter 251Hz	42	0.251	70.00	0.052
312.621	0.05	Adapter 251Hz	42	0.251	70.00	0.052
312.701	0.05	Adapter 251Hz	42	0.251	70.00	0.052
312.961	0.05	Adapter 251Hz	42	0.251	70.00	0.052
313.041	0.05	Adapter 251Hz	42	0.251	70.00	0.052
313.121	0.05	Adapter 251Hz	42	0.251	70.00	0.052
313.201	0.05	Adapter 251Hz	42	0.251	70.00	0.052
313.461	0.05	Adapter 251Hz	42	0.251	70.00	0.052
313.541	0.05	Adapter 251Hz	42	0.251	70.00	0.052
313.621	0.05	Adapter 251Hz	42	0.251	70.00	0.052
313.701	0.05	Adapter 251Hz	42	0.251	70.00	0.052
313.961	0.05	Adapter 251Hz	42	0.251	70.00	0.052
314.041	0.05	Adapter 251Hz	42	0.251	70.00	0.052
314.121	0.05	Adapter 251Hz	42	0.251	70.00	0.052
314.201	0.05	Adapter 251Hz	42	0.251	70.00	0.052
314.461	0.05	Adapter 251Hz	42	0.251	70.00	0.052
314.541	0.05	Adapter 251Hz	42	0.251	70.00	0.052
314.621	0.05	Adapter 251Hz	42	0.251	70.00	0.052
314.701	0.05	Adapter 251Hz	42	0.251	70.00	0.052
317.511	0.05	Adapter 3839Hz Probe 3839Hz	43	3.839	70.00	0.437
317.591	0.05	Adapter 3839Hz Probe 3839Hz	43	3.839	70.00	0.437
317.671	0.05	Adapter 3839Hz Probe 3839Hz	43	3.839	70.00	0.437
317.751	0.05	Adapter 3839Hz Probe 3839Hz	43	3.839	70.00	0.437
317.831	0.05	Adapter 3839Hz Probe 3839Hz	43	3.839	70.00	0.437
318.011	0.05	Adapter 3839Hz Probe 3839Hz	43	3.839	70.00	0.437
318.091	0.05	Adapter 3839Hz Probe 3839Hz	43	3.839	70.00	0.437
318.171	0.05	Adapter 3839Hz Probe 3839Hz	43	3.839	70.00	0.437
318.251	0.05	Adapter 3839Hz Probe 3839Hz	43	3.839	70.00	0.437
318.331	0.05	Adapter 3839Hz Probe 3839Hz	43	3.839	70.00	0.437
318.511	0.05	Adapter 3839Hz Probe 3839Hz	43	3.839	70.00	0.437
318.591	0.05	Adapter 3839Hz Probe 3839Hz	43	3.839	70.00	0.437
318.671	0.05	Adapter 3839Hz Probe 3839Hz	43	3.839	70.00	0.437
318.751	0.05	Adapter 3839Hz Probe 3839Hz	43	3.839	70.00	0.437
318.831	0.05	Adapter 3839Hz Probe 3839Hz	43	3.839	70.00	0.437
319.011	0.05	Adapter 3839Hz Probe 3839Hz	43	3.839	70.00	0.437
319.091	0.05	Adapter 3839Hz Probe 3839Hz	43	3.839	70.00	0.437
319.171	0.05	Adapter 3839Hz Probe 3839Hz	43	3.839	70.00	0.437
319.251	0.05	Adapter 3839Hz Probe 3839Hz	43	3.839	70.00	0.437
319.331	0.05	Adapter 3839Hz Probe 3839Hz	43	3.839	70.00	0.437
319.511	0.05	Adapter 3839Hz Probe 3839Hz	43	3.839	70.00	0.437
319.591	0.05	Adapter 3839Hz Probe 3839Hz	43	3.839	70.00	0.437
319.671	0.05	Adapter 3839Hz Probe 3839Hz	43	3.839	70.00	0.437
319.751	0.05	Adapter 3839Hz Probe 3839Hz	43	3.839	70.00	0.437
319.831	0.05	Adapter 3839Hz Probe 3839Hz	43	3.839	70.00	0.437
320.011	0.05	Adapter 3839Hz Probe 3839Hz	43	3.839	70.00	0.437
320.091	0.05	Adapter 3839Hz Probe 3839Hz	43	3.839	70.00	0.437
320.171	0.05	Adapter 3839Hz Probe 3839Hz	43	3.839	70.00	0.437
320.251	0.05	Adapter 3839Hz Probe 3839Hz	43	3.839	70.00	0.437
320.331	0.05	Adapter 3839Hz Probe 3839Hz	43	3.839	70.00	0.437
320.511	0.05	Adapter 3839Hz Probe 3839Hz	43	3.839	70.00	0.437
320.591	0.05	Adapter 3839Hz Probe 3839Hz	43	3.839	70.00	0.437
320.671	0.05	Adapter 3839Hz Probe 3839Hz	43	3.839	70.00	0.437
320.751	0.05	Adapter 3839Hz Probe 3839Hz	43	3.839	70.00	0.437
320.831	0.05	Adapter 3839Hz Probe 3839Hz	43	3.839	70.00	0.437
321.011	0.05	Adapter 3839Hz Probe 3839Hz	43	3.839	70.00	0.437
321.091	0.05	Adapter 3839Hz Probe 3839Hz	43	3.839	70.00	0.437
321.171	0.05	Adapter 3839Hz Probe 3839Hz	43	3.839	70.00	0.437
321.251	0.05	Adapter 3839Hz Probe 3839Hz	43	3.839	70.00	0.437
321.331	0.05	Adapter 3839Hz Probe 3839Hz	43	3.839	70.00	0.437
321.511	0.05	Adapter 3839Hz Probe 3839Hz	43	3.839	70.00	0.437
321.591	0.05	Adapter 3839Hz Probe 3839Hz	43	3.839	70.00	0.437
321.671	0.05	Adapter 3839Hz Probe 3839Hz	43	3.839	70.00	0.437
321.751	0.05	Adapter 3839Hz Probe 3839Hz	43	3.839	70.00	0.437
321.831	0.05	Adapter 3839Hz Probe 3839Hz	43	3.839	70.00	0.437
322.011	0.05	Adapter 3839Hz Probe 3839Hz	43	3.839	70.00	0.437
322.091	0.05	Adapter 3839Hz Probe 3839Hz	43	3.839	70.00	0.437
322.171	0.05	Adapter 3839Hz Probe 3839Hz	43	3.839	70.00	0.437
322.251	0.05	Adapter 3839Hz Probe 3839Hz	43	3.839	70.00	0.437
322.331	0.05	Adapter 3839Hz Probe 3839Hz	43	3.839	70.00	0.437
325.015	0.05	Adapter 2423Hz	44	2.423	70.00	0.285
325.095	0.05	Adapter 2423Hz	44	2.423	70.00	0.285
325.175	0.05	Adapter 2423Hz	44	2.423	70.00	0.285
325.255	0.05	Adapter 2423Hz	44	2.423	70.00	0.285
325.515	0.05	Adapter 2423Hz	44	2.423	70.00	0.285
325.595	0.05	Adapter 2423Hz	44	2.423	70.00	0.285
325.675	0.05	Adapter 2423Hz	44	2.423	70.00	0.285
325.755	0.05	Adapter 2423Hz	44	2.423	70.00	0.285
326.015	0.05	Adapter 2423Hz	44	2.423	70.00	0.285
326.095	0.05	Adapter 2423Hz	44	2.423	70.00	0.285
326.175	0.05	Adapter 2423Hz	44	2.423	70.00	0.285
326.255	0.05	Adapter 2423Hz	44	2.423	70.00	0.285
326.515	0.05	Adapter 2423Hz	44	2.423	70.00	0.285
326.595	0.05	Adapter 2423Hz	44	2.423	70.00	0.285
326.675	0.05	Adapter 2423Hz	44	2.423	70.00	0.285
326.755	0.05	Adapter 2423Hz	44	2.423	70.00	0.285
327.015	0.05	Adapter 2423Hz	44	2.423	70.00	0.285
327.095	0.05	Adapter 2423Hz	44	2.423	70.00	0.285
327.175	0.05	Adapter 2423Hz	44	2.423	70.00	0.285
327.255	0.05	Adapter 2423Hz	44	2.423	70.00	0.285
327.515	0.05	Adapter 2423Hz	44	2.423	70.00	0.285
327.595	0.05	Adapter 2423Hz	44	2.423	70.00	0.285
327.675	0.05	Adapter 2423Hz	44	2.423	70.00	0.285
327.755	0.05	Adapter 2423Hz	44	2.423	70.00	0.285
328.015	0.05	Adapter 2423Hz	44	2.423	70.00	0.285
328.095	0.05	Adapter 2423Hz	44	2.423	70.00	0.285
328.175	0.05	Adapter 2423Hz	44	2.423	70.00	0.285
328.255	0.05	Adapter 2423Hz	44	2.423	70.00	0.285
328.515	0.05	Adapter 2423Hz	44	2.423	70.00	0.285
328.595	0.05	Adapter 2423Hz	44	2.423	70.00	0.285
328.675	0.05	Adapter 2423Hz	44	2.423	70.00	0.285
328.755	0.05	Adapter 2423Hz	44	2.423	70.00	0.285
329.015	0.05	Adapter 2423Hz	44	2.423	70.00	0.285
329.095	0.05	Adapter 2423Hz	44	2.423	70.00	0.285
329.175	0.05	Adapter 2423Hz	44	2.423	70.00	0.285
329.255	0.05	Adapter 2423Hz	44	2.423	70.00	0.285
329.515	0.05	Adapter 2423Hz	44	2.423	70.00	0.285
329.595	0.05	Adapter 2423Hz	44	2.423	70.00	0.285
329.675	0.05	Adapter 2423Hz	44	2.423	70.00	0.285
329.755	0.05	Adapter 2423Hz	44	2.423	70.00	0.285
332.472	0.05	Adapter 899Hz	45	0.899	70.00	0.121
332.552	0.05	Adapter 899Hz	45	0.899	70.00	0.121
332.632	0.05	Adapter 899Hz	45	0.899	70.00	0.121
332.712	0.05	Adapter 899Hz	45	0.899	70.00	0.121
332.972	0.05	Adapter 899Hz	45	0.899	70.00	0.121
333.052	0.05	Adapter 899Hz	45	0.899	70.00	0.121
333.132	0.05	Adapter 899Hz	45	0.899	70.00	0.121
333.212	0.05	Adapter 899Hz	45	0.899	70.00	0.121
333.472	0.05	Adapter 899Hz	45	0.899	70.00	0.121
333.552	0.05	Adapter 899Hz	45	0.899	70.00	0.121
333.632	0.05	Adapter 899Hz	45	0.899	70.00	0.121
333.712	0.05	Adapter 899Hz	45	0.899	70.00	0.121
333.972	0.05	Adapter 899Hz	45	0.899	70.00	0.121
334.052	0.05	Adapter 899Hz	45	0.899	70.00	0.121
334.132	0.05	Adapter 899Hz	45	0.899	70.00	0.121
334.212	0.05	Adapter 899Hz	45	0.899	70.00	0.121
334.472	0.05	Adapter 899Hz	45	0.899	70.00	0.121
334.552	0.05	Adapter 899Hz	45	0.899	70.00	0.121
334.632	0.05	Adapter 899Hz	45	0.899	70.00	0.121
334.712	0.05	Adapter 899Hz	45	0.899	70.00	0.121
334.972	0.05	Adapter 899Hz	45	0.899	70.00	0.121
335.052	0.05	Adapter 899Hz	45	0.899	70.00	0.121
335.132	0.05	Adapter 899Hz	45	0.899	70.00	0.121
335.212	0.05	Adapter 899Hz	45	0.899	70.00	0.121
335.472	0.05	Adapter 899Hz	45	0.899	70.00	0.121
335.552	0.05	Adapter 899Hz	45	0.899	70.00	0.121
335.632	0.05	Adapter 899Hz	45	0.899	70.00	0.121
335.712	0.05	Adapter 899Hz	45	0.899	70.00	0.121
335.972	0.05	Adapter 899Hz	45	0.899	70.00	0.121
336.052	0.05	Adapter 899Hz	45	0.899	70.00	0.121
336.132	0.05	Adapter 899Hz	45	0.899	70.00	0.121
336.212	0.05	Adapter 899Hz	45	0.899	70.00	0.121
336.472	0.05	Adapter 899Hz	45	0.899	70.00	0.121
336.552	0.05	Adapter 899Hz	45	0.899	70.00	0.121
336.632	0.05	Adapter 899Hz	45	0.899	70.00	0.121
336.712	0.05	Adapter 899Hz	45	0.899	70.00	0.121
336.972	0.05	Adapter 899Hz	45	0.899	70.00	0.121
337.052	0.05	Adapter 899Hz	45	0.899	70.00	0.121
337.132	0.05	Adapter 899Hz	45	0.899	70.00	0.121
337.212	0.05	Adapter 899Hz	45	0.899	70.00	0.121
339.991	0.05	Adapter 1501Hz Probe 3839Hz	46	1.501	70.00	0.186
340.071	0.05	Adapter 1501Hz Probe 3839Hz	46	1.501	70.00	0.186
340.151	0.05	Adapter 1501Hz Probe 3839Hz	46	1.501	70.00	0.186
340.231	0.05	Adapter 1501Hz Probe 3839Hz	46	1.501	70.00	0.186
340.311	0.05	Adapter 1501Hz Probe 3839Hz	46	3.839	70.00	0.437
340.491	0.05	Adapter 1501Hz Probe 3839Hz	46	1.501	70.00	0.186
340.571	0.05	Adapter 1501Hz Probe 3839Hz	46	1.501	70.00	0.186
340.651	0.05	Adapter 1501Hz Probe 3839Hz	46	1.501	70.00	0.186
340.731	0.05	Adapter 1501Hz Probe 3839Hz	46	1.501	70.00	0.186
340.811	0.05	Adapter 1501Hz Probe 3839Hz	46	3.839	70.00	0.437
340.991	0.05	Adapter 1501Hz Probe 3839Hz	46	1.501	70.00	0.186
341.071	0.05	Adapter 1501Hz Probe 3839Hz	46	1.501	70.00	0.186
341.151	0.05	Adapter 1501Hz Probe 3839Hz	46	1.501	70.00	0.186
341.231	0.05	Adapter 1501Hz Probe 3839Hz	46	1.501	70.00	0.186
341.311	0.05	Adapter 1501Hz Probe 3839Hz	46	3.839	70.00	0.437
341.491	0.05	Adapter 1501Hz Probe 3839Hz	46	1.501	70.00	0.186
341.571	0.05	Adapter 1501Hz Probe 3839Hz	46	1.501	70.00	0.186
341.651	0.05	Adapter 1501Hz Probe 3839Hz	46	1.501	70.00	0.186
341.731	0.05	Adapter 1501Hz Probe 3839Hz	46	1.501	70.00	0.186
341.811	0.05	Adapter 1501Hz Probe 3839Hz	46	3.839	70.00	0.437
341.991	0.05	Adapter 1501Hz Probe 3839Hz	46	1.501	70.00	0.186
342.071	0.05	Adapter 1501Hz Probe 3839Hz	46	1.501	70.00	0.186
342.151	0.05	Adapter 1501Hz Probe 3839Hz	46	1.501	70.00	0.186
342.231	0.05	Adapter 1501Hz Probe 3839Hz	46	1.501	70.00	0.186
342.311	0.05	Adapter 1501Hz Probe 3839Hz	46	3.839	70.00	0.437
342.491	0.05	Adapter 1501Hz Probe 3839Hz	46	1.501	70.00	0.186
342.571	0.05	Adapter 1501Hz Probe 3839Hz	46	1.501	70.00	0.186
342.651	0.05	Adapter 1501Hz Probe 3839Hz	46	1.501	70.00	0.186
342.731	0.05	Adapter 1501Hz Probe 3839Hz	46	1.501	70.00	0.186
342.811	0.05	Adapter 1501Hz Probe 3839Hz	46	3.839	70.00	0.437
342.991	0.05	Adapter 1501Hz Probe 3839Hz	46	1.501	70.00	0.186
343.071	0.05	Adapter 1501Hz Probe 3839Hz	46	1.501	70.00	0.186
343.151	0.05	Adapter 1501Hz Probe 3839Hz	46	1.501	70.00	0.186
343.231	0.05	Adapter 1501Hz Probe 3839Hz	46	1.501	70.00	0.186
343.311	0.05	Adapter 1501Hz Probe 3839Hz	46	3.839	70.00	0.437
343.491	0.05	Adapter 1501Hz Probe 3839Hz	46	1.501	70.00	0.186
343.571	0.05	Adapter 1501Hz Probe 3839Hz	46	1.501	70.00	0.186
343.651	0.05	Adapter 1501Hz Probe 3839Hz	46	1.501	70.00	0.186
343.731	0.05	Adapter 1501Hz Probe 3839Hz	46	1.501	70.00	0.186
343.811	0.05	Adapter 1501Hz Probe 3839Hz	46	3.839	70.00	0.437
343.991	0.05	Adapter 1501Hz Probe 3839Hz	46	1.501	70.00	0.186
344.071	0.05	Adapter 1501Hz Probe 3839Hz	46	1.501	70.00	0.186
344.151	0.05	Adapter 1501Hz Probe 3839Hz	46	1.501	70.00	0.186
344.231	0.05	Adapter 1501Hz Probe 3839Hz	46	1.501	70.00	0.186
344.311	0.05	Adapter 1501Hz Probe 3839Hz	46	3.839	70.00	0.437
344.491	0.05	Adapter 1501Hz Probe 3839Hz	46	1.501	70.00	0.186
344.571	0.05	Adapter 1501Hz Probe 3839Hz	46	1.501	70.00	0.186
344.651	0.05	Adapter 1501Hz Probe 3839Hz	46	1.501	70.00	0.186
344.731	0.05	Adapter 1501Hz Probe 3839Hz	46	1.501	70.00	0.186
344.811	0.05	Adapter 1501Hz Probe 3839Hz	46	3.839	70.00	0.437
347.494	0.05	Adapter 507Hz Probe 3839Hz	47	0.507	70.00	0.079
347.574	0.05	Adapter 507Hz Probe 3839Hz	47	0.507	70.00	0.079
347.654	0.05	Adapter 507Hz Probe 3839Hz	47	0.507	70.00	0.079
347.734	0.05	Adapter 507Hz Probe 3839Hz	47	0.507	70.00	0.079
347.814	0.05	Adapter 507Hz Probe 3839Hz	47	3.839	70.00	0.437
347.994	0.05	Adapter 507Hz Probe 3839Hz	47	0.507	70.00	0.079
348.074	0.05	Adapter 507Hz Probe 3839Hz	47	0.507	70.00	0.079
348.154	0.05	Adapter 507Hz Probe 3839Hz	47	0.507	70.00	0.079
348.234	0.05	Adapter 507Hz Probe 3839Hz	47	0.507	70.00	0.079
348.314	0.05	Adapter 507Hz Probe 3839Hz	47	3.839	70.00	0.437
348.494	0.05	Adapter 507Hz Probe 3839Hz	47	0.507	70.00	0.079
348.574	0.05	Adapter 507Hz Probe 3839Hz	47	0.507	70.00	0.079
348.654	0.05	Adapter 507Hz Probe 3839Hz	47	0.507	70.00	0.079
348.734	0.05	Adapter 507Hz Probe 3839Hz	47	0.507	70.00	0.079
348.814	0.05	Adapter 507Hz Probe 3839Hz	47	3.839	70.00	0.437
348.994	0.05	Adapter 507Hz Probe 3839Hz	47	0.507	70.00	0.079
349.074	0.05	Adapter 507Hz Probe 3839Hz	47	0.507	70.00	0.079
349.154	0.05	Adapter 507Hz Probe 3839Hz	47	0.507	70.00	0.079
349.234	0.05	Adapter 507Hz Probe 3839Hz	47	0.507	70.00	0.079
349.314	0.05	Adapter 507Hz Probe 3839Hz	47	3.839	70.00	0.437
349.494	0.05	Adapter 507Hz Probe 3839Hz	47	0.507	70.00	0.079
349.574	0.05	Adapter 507Hz Probe 3839Hz	47	0.507	70.00	0.079
349.654	0.05	Adapter 507Hz Probe 3839Hz	47	0.507	70.00	0.079
349.734	0.05	Adapter 507Hz Probe 3839Hz	47	0.507	70.00	0.079
349.814	0.05	Adapter 507Hz Probe 3839Hz	47	3.839	70.00	0.437
349.994	0.05	Adapter 507Hz Probe 3839Hz	47	0.507	70.00	0.079
350.074	0.05	Adapter 507Hz Probe 3839Hz	47	0.507	70.00	0.079
350.154	0.05	Adapter 507Hz Probe 3839Hz	47	0.507	70.00	0.079
350.234	0.05	Adapter 507Hz Probe 3839Hz	47	0.507	70.00	0.079
350.314	0.05	Adapter 507Hz Probe 3839Hz	47	3.839	70.00	0.437
350.494	0.05	Adapter 507Hz Probe 3839Hz	47	0.507	70.00	0.079
350.574	0.05	Adapter 507Hz Probe 3839Hz	47	0.507	70.00	0.079
350.654	0.05	Adapter 507Hz Probe 3839Hz	47	0.507	70.00	0.079
350.734	0.05	Adapter 507Hz Probe 3839Hz	47	0.507	70.00	0.079
350.814	0.05	Adapter 507Hz Probe 3839Hz	47	3.839	70.00	0.437
350.994	0.05	Adapter 507Hz Probe 3839Hz	47	0.507	70.00	0.079
351.074	0.05	Adapter 507Hz Probe 3839Hz	47	0.507	70.00	0.079
351.154	0.05	Adapter 507Hz Probe 3839Hz	47	0.507	70.00	0.079
351.234	0.05	Adapter 507Hz Probe 3839Hz	47	0.507	70.00	0.079
351.314	0.05	Adapter 507Hz Probe 3839Hz	47	3.839	70.00	0.437
351.494	0.05	Adapter 507Hz Probe 3839Hz	47	0.507	70.00	0.079
351.574	0.05	Adapter 507Hz Probe 3839Hz	47	0.507	70.00	0.079
351.654	0.05	Adapter 507Hz Probe 3839Hz	47	0.507	70.00	0.079
351.734	0.05	Adapter 507Hz Probe 3839Hz	47	0.507	70.00	0.079
351.814	0.05	Adapter 507Hz Probe 3839Hz	47	3.839	70.00	0.437
351.994	0.05	Adapter 507Hz Probe 3839Hz	47	0.507	70.00	0.079
352.074	0.05	Adapter 507Hz Probe 3839Hz	47	0.507	70.00	0.079
352.154	0.05	Adapter 507Hz Probe 3839Hz	47	0.507	70.00	0.079
352.234	0.05	Adapter 507Hz Probe 3839Hz	47	0.507	70.00	0.079
352.314	0.05	Adapter 507Hz Probe 3839Hz	47	3.839	70.00	0.437
355.334	0.05	Probe 3839Hz	48	3.839	70.00	0.437
355.834	0.05	Probe 3839Hz	48	3.839	70.00	0.437
356.334	0.05	Probe 3839Hz	48	3.839	70.00	0.437
356.834	0.05	Probe 3839Hz	48	3.839	70.00	0.437
357.334	0.05	Probe 3839Hz	48	3.839	70.00	0.437
357.834	0.05	Probe 3839Hz	48	3.839	70.00	0.437
358.334	0.05	Probe 3839Hz	48	3.839	70.00	0.437
358.834	0.05	Probe 3839Hz	48	3.839	70.00	0.437
359.334	0.05	Probe 3839Hz	48	3.839	70.00	0.437
359.834	0.05	Probe 3839Hz	48	3.839	70.00	0.437
362.502	0.05	Adapter 1501Hz Probe 3839Hz	49	1.501	70.00	0.186
362.582	0.05	Adapter 1501Hz Probe 3839Hz	49	1.501	70.00	0.186
362.662	0.05	Adapter 1501Hz Probe 3839Hz	49	1.501	70.00	0.186
362.742	0.05	Adapter 1501Hz Probe 3839Hz	49	1.501	70.00	0.186
362.822	0.05	Adapter 1501Hz Probe 3839Hz	49	3.839	70.00	0.437
363.002	0.05	Adapter 1501Hz Probe 3839Hz	49	1.501	70.00	0.186
363.082	0.05	Adapter 1501Hz Probe 3839Hz	49	1.501	70.00	0.186
363.162	0.05	Adapter 1501Hz Probe 3839Hz	49	1.501	70.00	0.186
363.242	0.05	Adapter 1501Hz Probe 3839Hz	49	1.501	70.00	0.186
363.322	0.05	Adapter 1501Hz Probe 3839Hz	49	3.839	70.00	0.437
363.502	0.05	Adapter 1501Hz Probe 3839Hz	49	1.501	70.00	0.186
363.582	0.05	Adapter 1501Hz Probe 3839Hz	49	1.501	70.00	0.186
363.662	0.05	Adapter 1501Hz Probe 3839Hz	49	1.501	70.00	0.186
363.742	0.05	Adapter 1501Hz Probe 3839Hz	49	1.501	70.00	0.186
363.822	0.05	Adapter 1501Hz Probe 3839Hz	49	3.839	70.00	0.437
364.002	0.05	Adapter 1501Hz Probe 3839Hz	49	1.501	70.00	0.186
364.082	0.05	Adapter 1501Hz Probe 3839Hz	49	1.501	70.00	0.186
364.162	0.05	Adapter 1501Hz Probe 3839Hz	49	1.501	70.00	0.186
364.242	0.05	Adapter 1501Hz Probe 3839Hz	49	1.501	70.00	0.186
364.322	0.05	Adapter 1501Hz Probe 3839Hz	49	3.839	70.00	0.437
364.502	0.05	Adapter 1501Hz Probe 3839Hz	49	1.501	70.00	0.186
364.582	0.05	Adapter 1501Hz Probe 3839Hz	49	1.501	70.00	0.186
364.662	0.05	Adapter 1501Hz Probe 3839Hz	49	1.501	70.00	0.186
364.742	0.05	Adapter 1501Hz Probe 3839Hz	49	1.501	70.00	0.186
364.822	0.05	Adapter 1501Hz Probe 3839Hz	49	3.839	70.00	0.437
365.002	0.05	Adapter 1501Hz Probe 3839Hz	49	1.501	70.00	0.186
365.082	0.05	Adapter 1501Hz Probe 3839Hz	49	1.501	70.00	0.186
365.162	0.05	Adapter 1501Hz Probe 3839Hz	49	1.501	70.00	0.186
365.242	0.05	Adapter 1501Hz Probe 3839Hz	49	1.501	70.00	0.186
365.322	0.05	Adapter 1501Hz Probe 3839Hz	49	3.839	70.00	0.437
365.502	0.05	Adapter 1501Hz Probe 3839Hz	49	1.501	70.00	0.186
365.582	0.05	Adapter 1501Hz Probe 3839Hz	49	1.501	70.00	0.186
365.662	0.05	Adapter 1501Hz Probe 3839Hz	49	1.501	70.00	0.186
365.742	0.05	Adapter 1501Hz Probe 3839Hz	49	1.501	70.00	0.186
365.822	0.05	Adapter 1501Hz Probe 3839Hz	49	3.839	70.00	0.437
366.002	0.05	Adapter 1501Hz Probe 3839Hz	49	1.501	70.00	0.186
366.082	0.05	Adapter 1501Hz Probe 3839Hz	49	1.501	70.00	0.186
366.162	0.05	Adapter 1501Hz Probe 3839Hz	49	1.501	70.00	0.186
366.242	0.05	Adapter 1501Hz Probe 3839Hz	49	1.501	70.00	0.186
366.322	0.05	Adapter 1501Hz Probe 3839Hz	49	3.839	70.00	0.437
366.502	0.05	Adapter 1501Hz Probe 3839Hz	49	1.501	70.00	0.186
366.582	0.05	Adapter 1501Hz Probe 3839Hz	49	1.501	70.00	0.186
366.662	0.05	Adapter 1501Hz Probe 3839Hz	49	1.501	70.00	0.186
366.742	0.05	Adapter 1501Hz Probe 3839Hz	49	1.501	70.00	0.186
366.822	0.05	Adapter 1501Hz Probe 3839Hz	49	3.839	70.00	0.437
367.002	0.05	Adapter 1501Hz Probe 3839Hz	49	1.501	70.00	0.186
367.082	0.05	Adapter 1501Hz Probe 3839Hz	49	1.501	70.00	0.186
367.162	0.05	Adapter 1501Hz Probe 3839Hz	49	1.501	70.00	0.186
367.242	0.05	Adapter 1501Hz Probe 3839Hz	49	1.501	70.00	0.186
367.322	0.05	Adapter 1501Hz Probe 3839Hz	49	3.839	70.00	0.437
369.99	0.05	Adapter 2423Hz Probe 3839Hz	50	2.423	70.00	0.285
370.07	0.05	Adapter 2423Hz Probe 3839Hz	50	2.423	70.00	0.285
370.15	0.05	Adapter 2423Hz Probe 3839Hz	50	2.423	70.00	0.285
370.23	0.05	Adapter 2423Hz Probe 3839Hz	50	2.423	70.00	0.285
370.31	0.05	Adapter 2423Hz Probe 3839Hz	50	3.839	70.00	0.437
370.49	0.05	Adapter 2423Hz Probe 3839Hz	50	2.423	70.00	0.285
370.57	0.05	Adapter 2423Hz Probe 3839Hz	50	2.423	70.00	0.285
370.65	0.05	Adapter 2423Hz Probe 3839Hz	50	2.423	70.00	0.285
370.73	0.05	Adapter 2423Hz Probe 3839Hz	50	2.423	70.00	0.285
370.81	0.05	Adapter 2423Hz Probe 3839Hz	50	3.839	70.00	0.437
370.99	0.05	Adapter 2423Hz Probe 3839Hz	50	2.423	70.00	0.285
371.07	0.05	Adapter 2423Hz Probe 3839Hz	50	2.423	70.00	0.285
371.15	0.05	Adapter 2423Hz Probe 3839Hz	50	2.423	70.00	0.285
371.23	0.05	Adapter 2423Hz Probe 3839Hz	50	2.423	70.00	0.285
371.31	0.05	Adapter 2423Hz Probe 3839Hz	50	3.839	70.00	0.437
371.49	0.05	Adapter 2423Hz Probe 3839Hz	50	2.423	70.00	0.285
371.57	0.05	Adapter 2423Hz Probe 3839Hz	50	2.423	70.00	0.285
371.65	0.05	Adapter 2423Hz Probe 3839Hz	50	2.423	70.00	0.285
371.73	0.05	Adapter 2423Hz Probe 3839Hz	50	2.423	70.00	0.285
371.81	0.05	Adapter 2423Hz Probe 3839Hz	50	3.839	70.00	0.437
371.99	0.05	Adapter 2423Hz Probe 3839Hz	50	2.423	70.00	0.285
372.07	0.05	Adapter 2423Hz Probe 3839Hz	50	2.423	70.00	0.285
372.15	0.05	Adapter 2423Hz Probe 3839Hz	50	2.423	70.00	0.285
372.23	0.05	Adapter 2423Hz Probe 3839Hz	50	2.423	70.00	0.285
372.31	0.05	Adapter 2423Hz Probe 3839Hz	50	3.839	70.00	0.437
372.49	0.05	Adapter 2423Hz Probe 3839Hz	50	2.423	70.00	0.285
372.57	0.05	Adapter 2423Hz Probe 3839Hz	50	2.423	70.00	0.285
372.65	0.05	Adapter 2423Hz Probe 3839Hz	50	2.423	70.00	0.285
372.73	0.05	Adapter 2423Hz Probe 3839Hz	50	2.423	70.00	0.285
372.81	0.05	Adapter 2423Hz Probe 3839Hz	50	3.839	70.00	0.437
372.99	0.05	Adapter 2423Hz Probe 3839Hz	50	2.423	70.00	0.285
373.07	0.05	Adapter 2423Hz Probe 3839Hz	50	2.423	70.00	0.285
373.15	0.05	Adapter 2423Hz Probe 3839Hz	50	2.423	70.00	0.285
373.23	0.05	Adapter 2423Hz Probe 3839Hz	50	2.423	70.00	0.285
373.31	0.05	Adapter 2423Hz Probe 3839Hz	50	3.839	70.00	0.437
373.49	0.05	Adapter 2423Hz Probe 3839Hz	50	2.423	70.00	0.285
373.57	0.05	Adapter 2423Hz Probe 3839Hz	50	2.423	70.00	0.285
373.65	0.05	Adapter 2423Hz Probe 3839Hz	50	2.423	70.00	0.285
373.73	0.05	Adapter 2423Hz Probe 3839Hz	50	2.423	70.00	0.285
373.81	0.05	Adapter 2423Hz Probe 3839Hz	50	3.839	70.00	0.437
373.99	0.05	Adapter 2423Hz Probe 3839Hz	50	2.423	70.00	0.285
374.07	0.05	Adapter 2423Hz Probe 3839Hz	50	2.423	70.00	0.285
374.15	0.05	Adapter 2423Hz Probe 3839Hz	50	2.423	70.00	0.285
374.23	0.05	Adapter 2423Hz Probe 3839Hz	50	2.423	70.00	0.285
374.31	0.05	Adapter 2423Hz Probe 3839Hz	50	3.839	70.00	0.437
374.49	0.05	Adapter 2423Hz Probe 3839Hz	50	2.423	70.00	0.285
374.57	0.05	Adapter 2423Hz Probe 3839Hz	50	2.423	70.00	0.285
374.65	0.05	Adapter 2423Hz Probe 3839Hz	50	2.423	70.00	0.285
374.73	0.05	Adapter 2423Hz Probe 3839Hz	50	2.423	70.00	0.285
374.81	0.05	Adapter 2423Hz Probe 3839Hz	50	3.839	70.00	0.437
377.493	0.05	Adapter 251Hz	51	0.251	70.00	0.052
377.573	0.05	Adapter 251Hz	51	0.251	70.00	0.052
377.653	0.05	Adapter 251Hz	51	0.251	70.00	0.052
377.733	0.05	Adapter 251Hz	51	0.251	70.00	0.052
377.993	0.05	Adapter 251Hz	51	0.251	70.00	0.052
378.073	0.05	Adapter 251Hz	51	0.251	70.00	0.052
378.153	0.05	Adapter 251Hz	51	0.251	70.00	0.052
378.233	0.05	Adapter 251Hz	51	0.251	70.00	0.052
378.493	0.05	Adapter 251Hz	51	0.251	70.00	0.052
378.573	0.05	Adapter 251Hz	51	0.251	70.00	0.052
378.653	0.05	Adapter 251Hz	51	0.251	70.00	0.052
378.733	0.05	Adapter 251Hz	51	0.251	70.00	0.052
378.993	0.05	Adapter 251Hz	51	0.251	70.00	0.052
379.073	0.05	Adapter 251Hz	51	0.251	70.00	0.052
379.153	0.05	Adapter 251Hz	51	0.251	70.00	0.052
379.233	0.05	Adapter 251Hz	51	0.251	70.00	0.052
379.493	0.05	Adapter 251Hz	51	0.251	70.00	0.052
379.573	0.05	Adapter 251Hz	51	0.251	70.00	0.052
379.653	0.05	Adapter 251Hz	51	0.251	70.00	0.052
379.733	0.05	Adapter 251Hz	51	0.251	70.00	0.052
379.993	0.05	Adapter 251Hz	51	0.251	70.00	0.052
380.073	0.05	Adapter 251Hz	51	0.251	70.00	0.052
380.153	0.05	Adapter 251Hz	51	0.251	70.00	0.052
380.233	0.05	Adapter 251Hz	51	0.251	70.00	0.052
380.493	0.05	Adapter 251Hz	51	0.251	70.00	0.052
380.573	0.05	Adapter 251Hz	51	0.251	70.00	0.052
380.653	0.05	Adapter 251Hz	51	0.251	70.00	0.052
380.733	0.05	Adapter 251Hz	51	0.251	70.00	0.052
380.993	0.05	Adapter 251Hz	51	0.251	70.00	0.052
381.073	0.05	Adapter 251Hz	51	0.251	70.00	0.052
381.153	0.05	Adapter 251Hz	51	0.251	70.00	0.052
381.233	0.05	Adapter 251Hz	51	0.251	70.00	0.052
381.493	0.05	Adapter 251Hz	51	0.251	70.00	0.052
381.573	0.05	Adapter 251Hz	51	0.251	70.00	0.052
381.653	0.05	Adapter 251Hz	51	0.251	70.00	0.052
381.733	0.05	Adapter 251Hz	51	0.251	70.00	0.052
381.993	0.05	Adapter 251Hz	51	0.251	70.00	0.052
382.073	0.05	Adapter 251Hz	51	0.251	70.00	0.052
382.153	0.05	Adapter 251Hz	51	0.251	70.00	0.052
382.233	0.05	Adapter 251Hz	51	0.251	70.00	0.052
392.516	0.05	Adapter 507Hz Probe 3839Hz	53	0.507	70.00	0.079
392.596	0.05	Adapter 507Hz Probe 3839Hz	53	0.507	70.00	0.079
392.676	0.05	Adapter 507Hz Probe 3839Hz	53	0.507	70.00	0.079
392.756	0.05	Adapter 507Hz Probe 3839Hz	53	0.507	70.00	0.079
392.836	0.05	Adapter 507Hz Probe 3839Hz	53	3.839	70.00	0.437
393.016	0.05	Adapter 507Hz Probe 3839Hz	53	0.507	70.00	0.079
393.096	0.05	Adapter 507Hz Probe 3839Hz	53	0.507	70.00	0.079
393.176	0.05	Adapter 507Hz Probe 3839Hz	53	0.507	70.00	0.079
393.256	0.05	Adapter 507Hz Probe 3839Hz	53	0.507	70.00	0.079
393.336	0.05	Adapter 507Hz Probe 3839Hz	53	3.839	70.00	0.437
393.516	0.05	Adapter 507Hz Probe 3839Hz	53	0.507	70.00	0.079
393.596	0.05	Adapter 507Hz Probe 3839Hz	53	0.507	70.00	0.079
393.676	0.05	Adapter 507Hz Probe 3839Hz	53	0.507	70.00	0.079
393.756	0.05	Adapter 507Hz Probe 3839Hz	53	0.507	70.00	0.079
393.836	0.05	Adapter 507Hz Probe 3839Hz	53	3.839	70.00	0.437
394.016	0.05	Adapter 507Hz Probe 3839Hz	53	0.507	70.00	0.079
394.096	0.05	Adapter 507Hz Probe 3839Hz	53	0.507	70.00	0.079
394.176	0.05	Adapter 507Hz Probe 3839Hz	53	0.507	70.00	0.079
394.256	0.05	Adapter 507Hz Probe 3839Hz	53	0.507	70.00	0.079
394.336	0.05	Adapter 507Hz Probe 3839Hz	53	3.839	70.00	0.437
394.516	0.05	Adapter 507Hz Probe 3839Hz	53	0.507	70.00	0.079
394.596	0.05	Adapter 507Hz Probe 3839Hz	53	0.507	70.00	0.079
394.676	0.05	Adapter 507Hz Probe 3839Hz	53	0.507	70.00	0.079
394.756	0.05	Adapter 507Hz Probe 3839Hz	53	0.507	70.00	0.079
394.836	0.05	Adapter 507Hz Probe 3839Hz	53	3.839	70.00	0.437
395.016	0.05	Adapter 507Hz Probe 3839Hz	53	0.507	70.00	0.079
395.096	0.05	Adapter 507Hz Probe 3839Hz	53	0.507	70.00	0.079
395.176	0.05	Adapter 507Hz Probe 3839Hz	53	0.507	70.00	0.079
395.256	0.05	Adapter 507Hz Probe 3839Hz	53	0.507	70.00	0.079
395.336	0.05	Adapter 507Hz Probe 3839Hz	53	3.839	70.00	0.437
395.516	0.05	Adapter 507Hz Probe 3839Hz	53	0.507	70.00	0.079
395.596	0.05	Adapter 507Hz Probe 3839Hz	53	0.507	70.00	0.079
395.676	0.05	Adapter 507Hz Probe 3839Hz	53	0.507	70.00	0.079
395.756	0.05	Adapter 507Hz Probe 3839Hz	53	0.507	70.00	0.079
395.836	0.05	Adapter 507Hz Probe 3839Hz	53	3.839	70.00	0.437
396.016	0.05	Adapter 507Hz Probe 3839Hz	53	0.507	70.00	0.079
396.096	0.05	Adapter 507Hz Probe 3839Hz	53	0.507	70.00	0.079
396.176	0.05	Adapter 507Hz Probe 3839Hz	53	0.507	70.00	0.079
396.256	0.05	Adapter 507Hz Probe 3839Hz	53	0.507	70.00	0.079
396.336	0.05	Adapter 507Hz Probe 3839Hz	53	3.839	70.00	0.437
396.516	0.05	Adapter 507Hz Probe 3839Hz	53	0.507	70.00	0.079
396.596	0.05	Adapter 507Hz Probe 3839Hz	53	0.507	70.00	0.079
396.676	0.05	Adapter 507Hz Probe 3839Hz	53	0.507	70.00	0.079
396.756	0.05	Adapter 507Hz Probe 3839Hz	53	0.507	70.00	0.079
396.836	0.05	Adapter 507Hz Probe 3839Hz	53	3.839	70.00	0.437
397.016	0.05	Adapter 507Hz Probe 3839Hz	53	0.507	70.00	0.079
397.096	0.05	Adapter 507Hz Probe 3839Hz	53	0.507	70.00	0.079
397.176	0.05	Adapter 507Hz Probe 3839Hz	53	0.507	70.00	0.079
397.256	0.05	Adapter 507Hz Probe 3839Hz	53	0.507	70.00	0.079
397.336	0.05	Adapter 507Hz Probe 3839Hz	53	3.839	70.00	0.437
407.461	0.05	Adapter 1501Hz	55	1.501	70.00	0.186
407.541	0.05	Adapter 1501Hz	55	1.501	70.00	0.186
407.621	0.05	Adapter 1501Hz	55	1.501	70.00	0.186
407.701	0.05	Adapter 1501Hz	55	1.501	70.00	0.186
407.961	0.05	Adapter 1501Hz	55	1.501	70.00	0.186
408.041	0.05	Adapter 1501Hz	55	1.501	70.00	0.186
408.121	0.05	Adapter 1501Hz	55	1.501	70.00	0.186
408.201	0.05	Adapter 1501Hz	55	1.501	70.00	0.186
408.461	0.05	Adapter 1501Hz	55	1.501	70.00	0.186
408.541	0.05	Adapter 1501Hz	55	1.501	70.00	0.186
408.621	0.05	Adapter 1501Hz	55	1.501	70.00	0.186
408.701	0.05	Adapter 1501Hz	55	1.501	70.00	0.186
408.961	0.05	Adapter 1501Hz	55	1.501	70.00	0.186
409.041	0.05	Adapter 1501Hz	55	1.501	70.00	0.186
409.121	0.05	Adapter 1501Hz	55	1.501	70.00	0.186
409.201	0.05	Adapter 1501Hz	55	1.501	70.00	0.186
409.461	0.05	Adapter 1501Hz	55	1.501	70.00	0.186
409.541	0.05	Adapter 1501Hz	55	1.501	70.00	0.186
409.621	0.05	Adapter 1501Hz	55	1.501	70.00	0.186
409.701	0.05	Adapter 1501Hz	55	1.501	70.00	0.186
409.961	0.05	Adapter 1501Hz	55	1.501	70.00	0.186
410.041	0.05	Adapter 1501Hz	55	1.501	70.00	0.186
410.121	0.05	Adapter 1501Hz	55	1.501	70.00	0.186
410.201	0.05	Adapter 1501Hz	55	1.501	70.00	0.186
410.461	0.05	Adapter 1501Hz	55	1.501	70.00	0.186
410.541	0.05	Adapter 1501Hz	55	1.501	70.00	0.186
410.621	0.05	Adapter 1501Hz	55	1.501	70.00	0.186
410.701	0.05	Adapter 1501Hz	55	1.501	70.00	0.186
410.961	0.05	Adapter 1501Hz	55	1.501	70.00	0.186
411.041	0.05	Adapter 1501Hz	55	1.501	70.00	0.186
411.121	0.05	Adapter 1501Hz	55	1.501	70.00	0.186
411.201	0.05	Adapter 1501Hz	55	1.501	70.00	0.186
411.461	0.05	Adapter 1501Hz	55	1.501	70.00	0.186
411.541	0.05	Adapter 1501Hz	55	1.501	70.00	0.186
411.621	0.05	Adapter 1501Hz	55	1.501	70.00	0.186
411.701	0.05	Adapter 1501Hz	55	1.501	70.00	0.186
411.961	0.05	Adapter 1501Hz	55	1.501	70.00	0.186
412.041	0.05	Adapter 1501Hz	55	1.501	70.00	0.186
412.121	0.05	Adapter 1501Hz	55	1.501	70.00	0.186
412.201	0.05	Adapter 1501Hz	55	1.501	70.00	0.186
422.468	0.05	Adapter 899Hz Probe 3839Hz	57	0.899	70.00	0.121
422.548	0.05	Adapter 899Hz Probe 3839Hz	57	0.899	70.00	0.121
422.628	0.05	Adapter 899Hz Probe 3839Hz	57	0.899	70.00	0.121
422.708	0.05	Adapter 899Hz Probe 3839Hz	57	0.899	70.00	0.121
422.788	0.05	Adapter 899Hz Probe 3839Hz	57	3.839	70.00	0.437
422.968	0.05	Adapter 899Hz Probe 3839Hz	57	0.899	70.00	0.121
423.048	0.05	Adapter 899Hz Probe 3839Hz	57	0.899	70.00	0.121
423.128	0.05	Adapter 899Hz Probe 3839Hz	57	0.899	70.00	0.121
423.208	0.05	Adapter 899Hz Probe 3839Hz	57	0.899	70.00	0.121
423.288	0.05	Adapter 899Hz Probe 3839Hz	57	3.839	70.00	0.437
423.468	0.05	Adapter 899Hz Probe 3839Hz	57	0.899	70.00	0.121
423.548	0.05	Adapter 899Hz Probe 3839Hz	57	0.899	70.00	0.121
423.628	0.05	Adapter 899Hz Probe 3839Hz	57	0.899	70.00	0.121
423.708	0.05	Adapter 899Hz Probe 3839Hz	57	0.899	70.00	0.121
423.788	0.05	Adapter 899Hz Probe 3839Hz	57	3.839	70.00	0.437
423.968	0.05	Adapter 899Hz Probe 3839Hz	57	0.899	70.00	0.121
424.048	0.05	Adapter 899Hz Probe 3839Hz	57	0.899	70.00	0.121
424.128	0.05	Adapter 899Hz Probe 3839Hz	57	0.899	70.00	0.121
424.208	0.05	Adapter 899Hz Probe 3839Hz	57	0.899	70.00	0.121
424.288	0.05	Adapter 899Hz Probe 3839Hz	57	3.839	70.00	0.437
424.468	0.05	Adapter 899Hz Probe 3839Hz	57	0.899	70.00	0.121
424.548	0.05	Adapter 899Hz Probe 3839Hz	57	0.899	70.00	0.121
424.628	0.05	Adapter 899Hz Probe 3839Hz	57	0.899	70.00	0.121
424.708	0.05	Adapter 899Hz Probe 3839Hz	57	0.899	70.00	0.121
424.788	0.05	Adapter 899Hz Probe 3839Hz	57	3.839	70.00	0.437
424.968	0.05	Adapter 899Hz Probe 3839Hz	57	0.899	70.00	0.121
425.048	0.05	Adapter 899Hz Probe 3839Hz	57	0.899	70.00	0.121
425.128	0.05	Adapter 899Hz Probe 3839Hz	57	0.899	70.00	0.121
425.208	0.05	Adapter 899Hz Probe 3839Hz	57	0.899	70.00	0.121
425.288	0.05	Adapter 899Hz Probe 3839Hz	57	3.839	70.00	0.437
425.468	0.05	Adapter 899Hz Probe 3839Hz	57	0.899	70.00	0.121
425.548	0.05	Adapter 899Hz Probe 3839Hz	57	0.899	70.00	0.121
425.628	0.05	Adapter 899Hz Probe 3839Hz	57	0.899	70.00	0.121
425.708	0.05	Adapter 899Hz Probe 3839Hz	57	0.899	70.00	0.121
425.788	0.05	Adapter 899Hz Probe 3839Hz	57	3.839	70.00	0.437
425.968	0.05	Adapter 899Hz Probe 3839Hz	57	0.899	70.00	0.121
426.048	0.05	Adapter 899Hz Probe 3839Hz	57	0.899	70.00	0.121
426.128	0.05	Adapter 899Hz Probe 3839Hz	57	0.899	70.00	0.121
426.208	0.05	Adapter 899Hz Probe 3839Hz	57	0.899	70.00	0.121
426.288	0.05	Adapter 899Hz Probe 3839Hz	57	3.839	70.00	0.437
426.468	0.05	Adapter 899Hz Probe 3839Hz	57	0.899	70.00	0.121
426.548	0.05	Adapter 899Hz Probe 3839Hz	57	0.899	70.00	0.121
426.628	0.05	Adapter 899Hz Probe 3839Hz	57	0.899	70.00	0.121
426.708	0.05	Adapter 899Hz Probe 3839Hz	57	0.899	70.00	0.121
426.788	0.05	Adapter 899Hz Probe 3839Hz	57	3.839	70.00	0.437
426.968	0.05	Adapter 899Hz Probe 3839Hz	57	0.899	70.00	0.121
427.048	0.05	Adapter 899Hz Probe 3839Hz	57	0.899	70.00	0.121
427.128	0.05	Adapter 899Hz Probe 3839Hz	57	0.899	70.00	0.121
427.208	0.05	Adapter 899Hz Probe 3839Hz	57	0.899	70.00	0.121
427.288	0.05	Adapter 899Hz Probe 3839Hz	57	3.839	70.00	0.437
429.987	0.05	Adapter 3839Hz	58	3.839	70.00	0.437
430.067	0.05	Adapter 3839Hz	58	3.839	70.00	0.437
430.147	0.05	Adapter 3839Hz	58	3.839	70.00	0.437
430.227	0.05	Adapter 3839Hz	58	3.839	70.00	0.437
430.487	0.05	Adapter 3839Hz	58	3.839	70.00	0.437
430.567	0.05	Adapter 3839Hz	58	3.839	70.00	0.437
430.647	0.05	Adapter 3839Hz	58	3.839	70.00	0.437
430.727	0.05	Adapter 3839Hz	58	3.839	70.00	0.437
430.987	0.05	Adapter 3839Hz	58	3.839	70.00	0.437
431.067	0.05	Adapter 3839Hz	58	3.839	70.00	0.437
431.147	0.05	Adapter 3839Hz	58	3.839	70.00	0.437
431.227	0.05	Adapter 3839Hz	58	3.839	70.00	0.437
431.487	0.05	Adapter 3839Hz	58	3.839	70.00	0.437
431.567	0.05	Adapter 3839Hz	58	3.839	70.00	0.437
431.647	0.05	Adapter 3839Hz	58	3.839	70.00	0.437
431.727	0.05	Adapter 3839Hz	58	3.839	70.00	0.437
431.987	0.05	Adapter 3839Hz	58	3.839	70.00	0.437
432.067	0.05	Adapter 3839Hz	58	3.839	70.00	0.437
432.147	0.05	Adapter 3839Hz	58	3.839	70.00	0.437
432.227	0.05	Adapter 3839Hz	58	3.839	70.00	0.437
432.487	0.05	Adapter 3839Hz	58	3.839	70.00	0.437
432.567	0.05	Adapter 3839Hz	58	3.839	70.00	0.437
432.647	0.05	Adapter 3839Hz	58	3.839	70.00	0.437
432.727	0.05	Adapter 3839Hz	58	3.839	70.00	0.437
432.987	0.05	Adapter 3839Hz	58	3.839	70.00	0.437
433.067	0.05	Adapter 3839Hz	58	3.839	70.00	0.437
433.147	0.05	Adapter 3839Hz	58	3.839	70.00	0.437
433.227	0.05	Adapter 3839Hz	58	3.839	70.00	0.437
433.487	0.05	Adapter 3839Hz	58	3.839	70.00	0.437
433.567	0.05	Adapter 3839Hz	58	3.839	70.00	0.437
433.647	0.05	Adapter 3839Hz	58	3.839	70.00	0.437
433.727	0.05	Adapter 3839Hz	58	3.839	70.00	0.437
433.987	0.05	Adapter 3839Hz	58	3.839	70.00	0.437
434.067	0.05	Adapter 3839Hz	58	3.839	70.00	0.437
434.147	0.05	Adapter 3839Hz	58	3.839	70.00	0.437
434.227	0.05	Adapter 3839Hz	58	3.839	70.00	0.437
434.487	0.05	Adapter 3839Hz	58	3.839	70.00	0.437
434.567	0.05	Adapter 3839Hz	58	3.839	70.00	0.437
434.647	0.05	Adapter 3839Hz	58	3.839	70.00	0.437
434.727	0.05	Adapter 3839Hz	58	3.839	70.00	0.437
437.491	0.05	Adapter 2423Hz	59	2.423	70.00	0.285
437.571	0.05	Adapter 2423Hz	59	2.423	70.00	0.285
437.651	0.05	Adapter 2423Hz	59	2.423	70.00	0.285
437.731	0.05	Adapter 2423Hz	59	2.423	70.00	0.285
437.991	0.05	Adapter 2423Hz	59	2.423	70.00	0.285
438.071	0.05	Adapter 2423Hz	59	2.423	70.00	0.285
438.151	0.05	Adapter 2423Hz	59	2.423	70.00	0.285
438.231	0.05	Adapter 2423Hz	59	2.423	70.00	0.285
438.491	0.05	Adapter 2423Hz	59	2.423	70.00	0.285
438.571	0.05	Adapter 2423Hz	59	2.423	70.00	0.285
438.651	0.05	Adapter 2423Hz	59	2.423	70.00	0.285
438.731	0.05	Adapter 2423Hz	59	2.423	70.00	0.285
438.991	0.05	Adapter 2423Hz	59	2.423	70.00	0.285
439.071	0.05	Adapter 2423Hz	59	2.423	70.00	0.285
439.151	0.05	Adapter 2423Hz	59	2.423	70.00	0.285
439.231	0.05	Adapter 2423Hz	59	2.423	70.00	0.285
439.491	0.05	Adapter 2423Hz	59	2.423	70.00	0.285
439.571	0.05	Adapter 2423Hz	59	2.423	70.00	0.285
439.651	0.05	Adapter 2423Hz	59	2.423	70.00	0.285
439.731	0.05	Adapter 2423Hz	59	2.423	70.00	0.285
439.991	0.05	Adapter 2423Hz	59	2.423	70.00	0.285
440.071	0.05	Adapter 2423Hz	59	2.423	70.00	0.285
440.151	0.05	Adapter 2423Hz	59	2.423	70.00	0.285
440.231	0.05	Adapter 2423Hz	59	2.423	70.00	0.285
440.491	0.05	Adapter 2423Hz	59	2.423	70.00	0.285
440.571	0.05	Adapter 2423Hz	59	2.423	70.00	0.285
440.651	0.05	Adapter 2423Hz	59	2.423	70.00	0.285
440.731	0.05	Adapter 2423Hz	59	2.423	70.00	0.285
440.991	0.05	Adapter 2423Hz	59	2.423	70.00	0.285
441.071	0.05	Adapter 2423Hz	59	2.423	70.00	0.285
441.151	0.05	Adapter 2423Hz	59	2.423	70.00	0.285
441.231	0.05	Adapter 2423Hz	59	2.423	70.00	0.285
441.491	0.05	Adapter 2423Hz	59	2.423	70.00	0.285
441.571	0.05	Adapter 2423Hz	59	2.423	70.00	0.285
441.651	0.05	Adapter 2423Hz	59	2.423	70.00	0.285
441.731	0.05	Adapter 2423Hz	59	2.423	70.00	0.285
441.991	0.05	Adapter 2423Hz	59	2.423	70.00	0.285
442.071	0.05	Adapter 2423Hz	59	2.423	70.00	0.285
442.151	0.05	Adapter 2423Hz	59	2.423	70.00	0.285
442.231	0.05	Adapter 2423Hz	59	2.423	70.00	0.285
444.963	0.05	Adapter 899Hz	60	0.899	70.00	0.121
445.043	0.05	Adapter 899Hz	60	0.899	70.00	0.121
445.123	0.05	Adapter 899Hz	60	0.899	70.00	0.121
445.203	0.05	Adapter 899Hz	60	0.899	70.00	0.121
445.463	0.05	Adapter 899Hz	60	0.899	70.00	0.121
445.543	0.05	Adapter 899Hz	60	0.899	70.00	0.121
445.623	0.05	Adapter 899Hz	60	0.899	70.00	0.121
445.703	0.05	Adapter 899Hz	60	0.899	70.00	0.121
445.963	0.05	Adapter 899Hz	60	0.899	70.00	0.121
446.043	0.05	Adapter 899Hz	60	0.899	70.00	0.121
446.123	0.05	Adapter 899Hz	60	0.899	70.00	0.121
446.203	0.05	Adapter 899Hz	60	0.899	70.00	0.121
446.463	0.05	Adapter 899Hz	60	0.899	70.00	0.121
446.543	0.05	Adapter 899Hz	60	0.899	70.00	0.121
446.623	0.05	Adapter 899Hz	60	0.899	70.00	0.121
446.703	0.05	Adapter 899Hz	60	0.899	70.00	0.121
446.963	0.05	Adapter 899Hz	60	0.899	70.00	0.121
447.043	0.05	Adapter 899Hz	60	0.899	70.00	0.121
447.123	0.05	Adapter 899Hz	60	0.899	70.00	0.121
447.203	0.05	Adapter 899Hz	60	0.899	70.00	0.121
447.463	0.05	Adapter 899Hz	60	0.899	70.00	0.121
447.543	0.05	Adapter 899Hz	60	0.899	70.00	0.121
447.623	0.05	Adapter 899Hz	60	0.899	70.00	0.121
447.703	0.05	Adapter 899Hz	60	0.899	70.00	0.121
447.963	0.05	Adapter 899Hz	60	0.899	70.00	0.121
448.043	0.05	Adapter 899Hz	60	0.899	70.00	0.121
448.123	0.05	Adapter 899Hz	60	0.899	70.00	0.121
448.203	0.05	Adapter 899Hz	60	0.899	70.00	0.121
448.463	0.05	Adapter 899Hz	60	0.899	70.00	0.121
448.543	0.05	Adapter 899Hz	60	0.899	70.00	0.121
448.623	0.05	Adapter 899Hz	60	0.899	70.00	0.121
448.703	0.05	Adapter 899Hz	60	0.899	70.00	0.121
448.963	0.05	Adapter 899Hz	60	0.899	70.00	0.121
449.043	0.05	Adapter 899Hz	60	0.899	70.00	0.121
449.123	0.05	Adapter 899Hz	60	0.899	70.00	0.121
449.203	0.05	Adapter 899Hz	60	0.899	70.00	0.121
449.463	0.05	Adapter 899Hz	60	0.899	70.00	0.121
449.543	0.05	Adapter 899Hz	60	0.899	70.00	0.121
449.623	0.05	Adapter 899Hz	60	0.899	70.00	0.121
449.703	0.05	Adapter 899Hz	60	0.899	70.00	0.121
452.467	0.05	Adapter 6009Hz	61	6.009	70.00	0.671
452.547	0.05	Adapter 6009Hz	61	6.009	70.00	0.671
452.627	0.05	Adapter 6009Hz	61	6.009	70.00	0.671
452.707	0.05	Adapter 6009Hz	61	6.009	70.00	0.671
452.967	0.05	Adapter 6009Hz	61	6.009	70.00	0.671
453.047	0.05	Adapter 6009Hz	61	6.009	70.00	0.671
453.127	0.05	Adapter 6009Hz	61	6.009	70.00	0.671
453.207	0.05	Adapter 6009Hz	61	6.009	70.00	0.671
453.467	0.05	Adapter 6009Hz	61	6.009	70.00	0.671
453.547	0.05	Adapter 6009Hz	61	6.009	70.00	0.671
453.627	0.05	Adapter 6009Hz	61	6.009	70.00	0.671
453.707	0.05	Adapter 6009Hz	61	6.009	70.00	0.671
453.967	0.05	Adapter 6009Hz	61	6.009	70.00	0.671
454.047	0.05	Adapter 6009Hz	61	6.009	70.00	0.671
454.127	0.05	Adapter 6009Hz	61	6.009	70.00	0.671
454.207	0.05	Adapter 6009Hz	61	6.009	70.00	0.671
454.467	0.05	Adapter 6009Hz	61	6.009	70.00	0.671
454.547	0.05	Adapter 6009Hz	61	6.009	70.00	0.671
454.627	0.05	Adapter 6009Hz	61	6.009	70.00	0.671
454.707	0.05	Adapter 6009Hz	61	6.009	70.00	0.671
454.967	0.05	Adapter 6009Hz	61	6.009	70.00	0.671
455.047	0.05	Adapter 6009Hz	61	6.009	70.00	0.671
455.127	0.05	Adapter 6009Hz	61	6.009	70.00	0.671
455.207	0.05	Adapter 6009Hz	61	6.009	70.00	0.671
455.467	0.05	Adapter 6009Hz	61	6.009	70.00	0.671
455.547	0.05	Adapter 6009Hz	61	6.009	70.00	0.671
455.627	0.05	Adapter 6009Hz	61	6.009	70.00	0.671
455.707	0.05	Adapter 6009Hz	61	6.009	70.00	0.671
455.967	0.05	Adapter 6009Hz	61	6.009	70.00	0.671
456.047	0.05	Adapter 6009Hz	61	6.009	70.00	0.671
456.127	0.05	Adapter 6009Hz	61	6.009	70.00	0.671
456.207	0.05	Adapter 6009Hz	61	6.009	70.00	0.671
456.467	0.05	Adapter 6009Hz	61	6.009	70.00	0.671
456.547	0.05	Adapter 6009Hz	61	6.009	70.00	0.671
456.627	0.05	Adapter 6009Hz	61	6.009	70.00	0.671
456.707	0.05	Adapter 6009Hz	61	6.009	70.00	0.671
456.967	0.05	Adapter 6009Hz	61	6.009	70.00	0.671
457.047	0.05	Adapter 6009Hz	61	6.009	70.00	0.671
457.127	0.05	Adapter 6009Hz	61	6.009	70.00	0.671
457.207	0.05	Adapter 6009Hz	61	6.009	70.00	0.671
460.291	0.05	Probe 3839Hz	62	3.839	70.00	0.437
460.791	0.05	Probe 3839Hz	62	3.839	70.00	0.437
461.291	0.05	Probe 3839Hz	62	3.839	70.00	0.437
461.791	0.05	Probe 3839Hz	62	3.839	70.00	0.437
462.291	0.05	Probe 3839Hz	62	3.839	70.00	0.437
462.791	0.05	Probe 3839Hz	62	3.839	70.00	0.437
463.291	0.05	Probe 3839Hz	62	3.839	70.00	0.437
463.791	0.05	Probe 3839Hz	62	3.839	70.00	0.437
464.291	0.05	Probe 3839Hz	62	3.839	70.00	0.437
464.791	0.05	Probe 3839Hz	62	3.839	70.00	0.437
467.505	0.05	Adapter 507Hz	63	0.507	70.00	0.079
467.585	0.05	Adapter 507Hz	63	0.507	70.00	0.079
467.665	0.05	Adapter 507Hz	63	0.507	70.00	0.079
467.745	0.05	Adapter 507Hz	63	0.507	70.00	0.079
468.005	0.05	Adapter 507Hz	63	0.507	70.00	0.079
468.085	0.05	Adapter 507Hz	63	0.507	70.00	0.079
468.165	0.05	Adapter 507Hz	63	0.507	70.00	0.079
468.245	0.05	Adapter 507Hz	63	0.507	70.00	0.079
468.505	0.05	Adapter 507Hz	63	0.507	70.00	0.079
468.585	0.05	Adapter 507Hz	63	0.507	70.00	0.079
468.665	0.05	Adapter 507Hz	63	0.507	70.00	0.079
468.745	0.05	Adapter 507Hz	63	0.507	70.00	0.079
469.005	0.05	Adapter 507Hz	63	0.507	70.00	0.079
469.085	0.05	Adapter 507Hz	63	0.507	70.00	0.079
469.165	0.05	Adapter 507Hz	63	0.507	70.00	0.079
469.245	0.05	Adapter 507Hz	63	0.507	70.00	0.079
469.505	0.05	Adapter 507Hz	63	0.507	70.00	0.079
469.585	0.05	Adapter 507Hz	63	0.507	70.00	0.079
469.665	0.05	Adapter 507Hz	63	0.507	70.00	0.079
469.745	0.05	Adapter 507Hz	63	0.507	70.00	0.079
470.005	0.05	Adapter 507Hz	63	0.507	70.00	0.079
470.085	0.05	Adapter 507Hz	63	0.507	70.00	0.079
470.165	0.05	Adapter 507Hz	63	0.507	70.00	0.079
470.245	0.05	Adapter 507Hz	63	0.507	70.00	0.079
470.505	0.05	Adapter 507Hz	63	0.507	70.00	0.079
470.585	0.05	Adapter 507Hz	63	0.507	70.00	0.079
470.665	0.05	Adapter 507Hz	63	0.507	70.00	0.079
470.745	0.05	Adapter 507Hz	63	0.507	70.00	0.079
471.005	0.05	Adapter 507Hz	63	0.507	70.00	0.079
471.085	0.05	Adapter 507Hz	63	0.507	70.00	0.079
471.165	0.05	Adapter 507Hz	63	0.507	70.00	0.079
471.245	0.05	Adapter 507Hz	63	0.507	70.00	0.079
471.505	0.05	Adapter 507Hz	63	0.507	70.00	0.079
471.585	0.05	Adapter 507Hz	63	0.507	70.00	0.079
471.665	0.05	Adapter 507Hz	63	0.507	70.00	0.079
471.745	0.05	Adapter 507Hz	63	0.507	70.00	0.079
472.005	0.05	Adapter 507Hz	63	0.507	70.00	0.079
472.085	0.05	Adapter 507Hz	63	0.507	70.00	0.079
472.165	0.05	Adapter 507Hz	63	0.507	70.00	0.079
472.245	0.05	Adapter 507Hz	63	0.507	70.00	0.079
474.962	0.05	Adapter 3839Hz Probe 3839Hz	64	3.839	70.00	0.437
475.042	0.05	Adapter 3839Hz Probe 3839Hz	64	3.839	70.00	0.437
475.122	0.05	Adapter 3839Hz Probe 3839Hz	64	3.839	70.00	0.437
475.202	0.05	Adapter 3839Hz Probe 3839Hz	64	3.839	70.00	0.437
475.282	0.05	Adapter 3839Hz Probe 3839Hz	64	3.839	70.00	0.437
475.462	0.05	Adapter 3839Hz Probe 3839Hz	64	3.839	70.00	0.437
475.542	0.05	Adapter 3839Hz Probe 3839Hz	64	3.839	70.00	0.437
475.622	0.05	Adapter 3839Hz Probe 3839Hz	64	3.839	70.00	0.437
475.702	0.05	Adapter 3839Hz Probe 3839Hz	64	3.839	70.00	0.437
475.782	0.05	Adapter 3839Hz Probe 3839Hz	64	3.839	70.00	0.437
475.962	0.05	Adapter 3839Hz Probe 3839Hz	64	3.839	70.00	0.437
476.042	0.05	Adapter 3839Hz Probe 3839Hz	64	3.839	70.00	0.437
476.122	0.05	Adapter 3839Hz Probe 3839Hz	64	3.839	70.00	0.437
476.202	0.05	Adapter 3839Hz Probe 3839Hz	64	3.839	70.00	0.437
476.282	0.05	Adapter 3839Hz Probe 3839Hz	64	3.839	70.00	0.437
476.462	0.05	Adapter 3839Hz Probe 3839Hz	64	3.839	70.00	0.437
476.542	0.05	Adapter 3839Hz Probe 3839Hz	64	3.839	70.00	0.437
476.622	0.05	Adapter 3839Hz Probe 3839Hz	64	3.839	70.00	0.437
476.702	0.05	Adapter 3839Hz Probe 3839Hz	64	3.839	70.00	0.437
476.782	0.05	Adapter 3839Hz Probe 3839Hz	64	3.839	70.00	0.437
476.962	0.05	Adapter 3839Hz Probe 3839Hz	64	3.839	70.00	0.437
477.042	0.05	Adapter 3839Hz Probe 3839Hz	64	3.839	70.00	0.437
477.122	0.05	Adapter 3839Hz Probe 3839Hz	64	3.839	70.00	0.437
477.202	0.05	Adapter 3839Hz Probe 3839Hz	64	3.839	70.00	0.437
477.282	0.05	Adapter 3839Hz Probe 3839Hz	64	3.839	70.00	0.437
477.462	0.05	Adapter 3839Hz Probe 3839Hz	64	3.839	70.00	0.437
477.542	0.05	Adapter 3839Hz Probe 3839Hz	64	3.839	70.00	0.437
477.622	0.05	Adapter 3839Hz Probe 3839Hz	64	3.839	70.00	0.437
477.702	0.05	Adapter 3839Hz Probe 3839Hz	64	3.839	70.00	0.437
477.782	0.05	Adapter 3839Hz Probe 3839Hz	64	3.839	70.00	0.437
477.962	0.05	Adapter 3839Hz Probe 3839Hz	64	3.839	70.00	0.437
478.042	0.05	Adapter 3839Hz Probe 3839Hz	64	3.839	70.00	0.437
478.122	0.05	Adapter 3839Hz Probe 3839Hz	64	3.839	70.00	0.437
478.202	0.05	Adapter 3839Hz Probe 3839Hz	64	3.839	70.00	0.437
478.282	0.05	Adapter 3839Hz Probe 3839Hz	64	3.839	70.00	0.437
478.462	0.05	Adapter 3839Hz Probe 3839Hz	64	3.839	70.00	0.437
478.542	0.05	Adapter 3839Hz Probe 3839Hz	64	3.839	70.00	0.437
478.622	0.05	Adapter 3839Hz Probe 3839Hz	64	3.839	70.00	0.437
478.702	0.05	Adapter 3839Hz Probe 3839Hz	64	3.839	70.00	0.437
478.782	0.05	Adapter 3839Hz Probe 3839Hz	64	3.839	70.00	0.437
478.962	0.05	Adapter 3839Hz Probe 3839Hz	64	3.839	70.00	0.437
479.042	0.05	Adapter 3839Hz Probe 3839Hz	64	3.839	70.00	0.437
479.122	0.05	Adapter 3839Hz Probe 3839Hz	64	3.839	70.00	0.437
479.202	0.05	Adapter 3839Hz Probe 3839Hz	64	3.839	70.00	0.437
479.282	0.05	Adapter 3839Hz Probe 3839Hz	64	3.839	70.00	0.437
479.462	0.05	Adapter 3839Hz Probe 3839Hz	64	3.839	70.00	0.437
479.542	0.05	Adapter 3839Hz Probe 3839Hz	64	3.839	70.00	0.437
479.622	0.05	Adapter 3839Hz Probe 3839Hz	64	3.839	70.00	0.437
479.702	0.05	Adapter 3839Hz Probe 3839Hz	64	3.839	70.00	0.437
479.782	0.05	Adapter 3839Hz Probe 3839Hz	64	3.839	70.00	0.437
