onset	duration	trial_type	scan	frequency_kHz	level_dB_SPL	bandwidth_kHz
9.988	0.05	Adapter 507Hz Probe 3839Hz	2	0.507	70.00	0.079
10.068	0.05	Adapter 507Hz Probe 3839Hz	2	0.507	70.00	0.079
10.148	0.05	Adapter 507Hz Probe 3839Hz	2	0.507	70.00	0.079
10.228	0.05	Adapter 507Hz Probe 3839Hz	2	0.507	70.00	0.079
10.308	0.05	Adapter 507Hz Probe 3839Hz	2	3.839	70.00	0.437
10.488	0.05	Adapter 507Hz Probe 3839Hz	2	0.507	70.00	0.079
10.568	0.05	Adapter 507Hz Probe 3839Hz	2	0.507	70.00	0.079
10.648	0.05	Adapter 507Hz Probe 3839Hz	2	0.507	70.00	0.079
10.728	0.05	Adapter 507Hz Probe 3839Hz	2	0.507	70.00	0.079
10.808	0.05	Adapter 507Hz Probe 3839Hz	2	3.839	70.00	0.437
10.988	0.05	Adapter 507Hz Probe 3839Hz	2	0.507	70.00	0.079
11.068	0.05	Adapter 507Hz Probe 3839Hz	2	0.507	70.00	0.079
11.148	0.05	Adapter 507Hz Probe 3839Hz	2	0.507	70.00	0.079
11.228	0.05	Adapter 507Hz Probe 3839Hz	2	0.507	70.00	0.079
11.308	0.05	Adapter 507Hz Probe 3839Hz	2	3.839	70.00	0.437
11.488	0.05	Adapter 507Hz Probe 3839Hz	2	0.507	70.00	0.079
11.568	0.05	Adapter 507Hz Probe 3839Hz	2	0.507	70.00	0.079
11.648	0.05	Adapter 507Hz Probe 3839Hz	2	0.507	70.00	0.079
11.728	0.05	Adapter 507Hz Probe 3839Hz	2	0.507	70.00	0.079
11.808	0.05	Adapter 507Hz Probe 3839Hz	2	3.839	70.00	0.437
11.988	0.05	Adapter 507Hz Probe 3839Hz	2	0.507	70.00	0.079
12.068	0.05	Adapter 507Hz Probe 3839Hz	2	0.507	70.00	0.079
12.148	0.05	Adapter 507Hz Probe 3839Hz	2	0.507	70.00	0.079
12.228	0.05	Adapter 507Hz Probe 3839Hz	2	0.507	70.00	0.079
12.308	0.05	Adapter 507Hz Probe 3839Hz	2	3.839	70.00	0.437
12.488	0.05	Adapter 507Hz Probe 3839Hz	2	0.507	70.00	0.079
12.568	0.05	Adapter 507Hz Probe 3839Hz	2	0.507	70.00	0.079
12.648	0.05	Adapter 507Hz Probe 3839Hz	2	0.507	70.00	0.079
12.728	0.05	Adapter 507Hz Probe 3839Hz	2	0.507	70.00	0.079
12.808	0.05	Adapter 507Hz Probe 3839Hz	2	3.839	70.00	0.437
12.988	0.05	Adapter 507Hz Probe 3839Hz	2	0.507	70.00	0.079
13.068	0.05	Adapter 507Hz Probe 3839Hz	2	0.507	70.00	0.079
13.148	0.05	Adapter 507Hz Probe 3839Hz	2	0.507	70.00	0.079
13.228	0.05	Adapter 507Hz Probe 3839Hz	2	0.507	70.00	0.079
13.308	0.05	Adapter 507Hz Probe 3839Hz	2	3.839	70.00	0.437
13.488	0.05	Adapter 507Hz Probe 3839Hz	2	0.507	70.00	0.079
13.568	0.05	Adapter 507Hz Probe 3839Hz	2	0.507	70.00	0.079
13.648	0.05	Adapter 507Hz Probe 3839Hz	2	0.507	70.00	0.079
13.728	0.05	Adapter 507Hz Probe 3839Hz	2	0.507	70.00	0.079
13.808	0.05	Adapter 507Hz Probe 3839Hz	2	3.839	70.00	0.437
13.988	0.05	Adapter 507Hz Probe 3839Hz	2	0.507	70.00	0.079
14.068	0.05	Adapter 507Hz Probe 3839Hz	2	0.507	70.00	0.079
14.148	0.05	Adapter 507Hz Probe 3839Hz	2	0.507	70.00	0.079
14.228	0.05	Adapter 507Hz Probe 3839Hz	2	0.507	70.00	0.079
14.308	0.05	Adapter 507Hz Probe 3839Hz	2	3.839	70.00	0.437
14.488	0.05	Adapter 507Hz Probe 3839Hz	2	0.507	70.00	0.079
14.568	0.05	Adapter 507Hz Probe 3839Hz	2	0.507	70.00	0.079
14.648	0.05	Adapter 507Hz Probe 3839Hz	2	0.507	70.00	0.079
14.728	0.05	Adapter 507Hz Probe 3839Hz	2	0.507	70.00	0.079
14.808	0.05	Adapter 507Hz Probe 3839Hz	2	3.839	70.00	0.437
17.492	0.05	Adapter 1501Hz Probe 3839Hz	3	1.501	70.00	0.186
17.572	0.05	Adapter 1501Hz Probe 3839Hz	3	1.501	70.00	0.186
17.652	0.05	Adapter 1501Hz Probe 3839Hz	3	1.501	70.00	0.186
17.732	0.05	Adapter 1501Hz Probe 3839Hz	3	1.501	70.00	0.186
17.812	0.05	Adapter 1501Hz Probe 3839Hz	3	3.839	70.00	0.437
17.992	0.05	Adapter 1501Hz Probe 3839Hz	3	1.501	70.00	0.186
18.072	0.05	Adapter 1501Hz Probe 3839Hz	3	1.501	70.00	0.186
18.152	0.05	Adapter 1501Hz Probe 3839Hz	3	1.501	70.00	0.186
18.232	0.05	Adapter 1501Hz Probe 3839Hz	3	1.501	70.00	0.186
18.312	0.05	Adapter 1501Hz Probe 3839Hz	3	3.839	70.00	0.437
18.492	0.05	Adapter 1501Hz Probe 3839Hz	3	1.501	70.00	0.186
18.572	0.05	Adapter 1501Hz Probe 3839Hz	3	1.501	70.00	0.186
18.652	0.05	Adapter 1501Hz Probe 3839Hz	3	1.501	70.00	0.186
18.732	0.05	Adapter 1501Hz Probe 3839Hz	3	1.501	70.00	0.186
18.812	0.05	Adapter 1501Hz Probe 3839Hz	3	3.839	70.00	0.437
18.992	0.05	Adapter 1501Hz Probe 3839Hz	3	1.501	70.00	0.186
19.072	0.05	Adapter 1501Hz Probe 3839Hz	3	1.501	70.00	0.186
19.152	0.05	Adapter 1501Hz Probe 3839Hz	3	1.501	70.00	0.186
19.232	0.05	Adapter 1501Hz Probe 3839Hz	3	1.501	70.00	0.186
19.312	0.05	Adapter 1501Hz Probe 3839Hz	3	3.839	70.00	0.437
19.492	0.05	Adapter 1501Hz Probe 3839Hz	3	1.501	70.00	0.186
19.572	0.05	Adapter 1501Hz Probe 3839Hz	3	1.501	70.00	0.186
19.652	0.05	Adapter 1501Hz Probe 3839Hz	3	1.501	70.00	0.186
19.732	0.05	Adapter 1501Hz Probe 3839Hz	3	1.501	70.00	0.186
19.812	0.05	Adapter 1501Hz Probe 3839Hz	3	3.839	70.00	0.437
19.992	0.05	Adapter 1501Hz Probe 3839Hz	3	1.501	70.00	0.186
20.072	0.05	Adapter 1501Hz Probe 3839Hz	3	1.501	70.00	0.186
20.152	0.05	Adapter 1501Hz Probe 3839Hz	3	1.501	70.00	0.186
20.232	0.05	Adapter 1501Hz Probe 3839Hz	3	1.501	70.00	0.186
20.312	0.05	Adapter 1501Hz Probe 3839Hz	3	3.839	70.00	0.437
20.492	0.05	Adapter 1501Hz Probe 3839Hz	3	1.501	70.00	0.186
20.572	0.05	Adapter 1501Hz Probe 3839Hz	3	1.501	70.00	0.186
20.652	0.05	Adapter 1501Hz Probe 3839Hz	3	1.501	70.00	0.186
20.732	0.05	Adapter 1501Hz Probe 3839Hz	3	1.501	70.00	0.186
20.812	0.05	Adapter 1501Hz Probe 3839Hz	3	3.839	70.00	0.437
20.992	0.05	Adapter 1501Hz Probe 3839Hz	3	1.501	70.00	0.186
21.072	0.05	Adapter 1501Hz Probe 3839Hz	3	1.501	70.00	0.186
21.152	0.05	Adapter 1501Hz Probe 3839Hz	3	1.501	70.00	0.186
21.232	0.05	Adapter 1501Hz Probe 3839Hz	3	1.501	70.00	0.186
21.312	0.05	Adapter 1501Hz Probe 3839Hz	3	3.839	70.00	0.437
21.492	0.05	Adapter 1501Hz Probe 3839Hz	3	1.501	70.00	0.186
21.572	0.05	Adapter 1501Hz Probe 3839Hz	3	1.501	70.00	0.186
21.652	0.05	Adapter 1501Hz Probe 3839Hz	3	1.501	70.00	0.186
21.732	0.05	Adapter 1501Hz Probe 3839Hz	3	1.501	70.00	0.186
21.812	0.05	Adapter 1501Hz Probe 3839Hz	3	3.839	70.00	0.437
21.992	0.05	Adapter 1501Hz Probe 3839Hz	3	1.501	70.00	0.186
22.072	0.05	Adapter 1501Hz Probe 3839Hz	3	1.501	70.00	0.186
22.152	0.05	Adapter 1501Hz Probe 3839Hz	3	1.501	70.00	0.186
22.232	0.05	Adapter 1501Hz Probe 3839Hz	3	1.501	70.00	0.186
22.312	0.05	Adapter 1501Hz Probe 3839Hz	3	3.839	70.00	0.437
24.995	0.05	Adapter 1501Hz	4	1.501	70.00	0.186
25.075	0.05	Adapter 1501Hz	4	1.501	70.00	0.186
25.155	0.05	Adapter 1501Hz	4	1.501	70.00	0.186
25.235	0.05	Adapter 1501Hz	4	1.501	70.00	0.186
25.495	0.05	Adapter 1501Hz	4	1.501	70.00	0.186
25.575	0.05	Adapter 1501Hz	4	1.501	70.00	0.186
25.655	0.05	Adapter 1501Hz	4	1.501	70.00	0.186
25.735	0.05	Adapter 1501Hz	4	1.501	70.00	0.186
25.995	0.05	Adapter 1501Hz	4	1.501	70.00	0.186
26.075	0.05	Adapter 1501Hz	4	1.501	70.00	0.186
26.155	0.05	Adapter 1501Hz	4	1.501	70.00	0.186
26.235	0.05	Adapter 1501Hz	4	1.501	70.00	0.186
26.495	0.05	Adapter 1501Hz	4	1.501	70.00	0.186
26.575	0.05	Adapter 1501Hz	4	1.501	70.00	0.186
26.655	0.05	Adapter 1501Hz	4	1.501	70.00	0.186
26.735	0.05	Adapter 1501Hz	4	1.501	70.00	0.186
26.995	0.05	Adapter 1501Hz	4	1.501	70.00	0.186
27.075	0.05	Adapter 1501Hz	4	1.501	70.00	0.186
27.155	0.05	Adapter 1501Hz	4	1.501	70.00	0.186
27.235	0.05	Adapter 1501Hz	4	1.501	70.00	0.186
27.495	0.05	Adapter 1501Hz	4	1.501	70.00	0.186
27.575	0.05	Adapter 1501Hz	4	1.501	70.00	0.186
27.655	0.05	Adapter 1501Hz	4	1.501	70.00	0.186
27.735	0.05	Adapter 1501Hz	4	1.501	70.00	0.186
27.995	0.05	Adapter 1501Hz	4	1.501	70.00	0.186
28.075	0.05	Adapter 1501Hz	4	1.501	70.00	0.186
28.155	0.05	Adapter 1501Hz	4	1.501	70.00	0.186
28.235	0.05	Adapter 1501Hz	4	1.501	70.00	0.186
28.495	0.05	Adapter 1501Hz	4	1.501	70.00	0.186
28.575	0.05	Adapter 1501Hz	4	1.501	70.00	0.186
28.655	0.05	Adapter 1501Hz	4	1.501	70.00	0.186
28.735	0.05	Adapter 1501Hz	4	1.501	70.00	0.186
28.995	0.05	Adapter 1501Hz	4	1.501	70.00	0.186
29.075	0.05	Adapter 1501Hz	4	1.501	70.00	0.186
29.155	0.05	Adapter 1501Hz	4	1.501	70.00	0.186
29.235	0.05	Adapter 1501Hz	4	1.501	70.00	0.186
29.495	0.05	Adapter 1501Hz	4	1.501	70.00	0.186
29.575	0.05	Adapter 1501Hz	4	1.501	70.00	0.186
29.655	0.05	Adapter 1501Hz	4	1.501	70.00	0.186
29.735	0.05	Adapter 1501Hz	4	1.501	70.00	0.186
40.322	0.05	Probe 3839Hz	6	3.839	70.00	0.437
40.822	0.05	Probe 3839Hz	6	3.839	70.00	0.437
41.322	0.05	Probe 3839Hz	6	3.839	70.00	0.437
41.822	0.05	Probe 3839Hz	6	3.839	70.00	0.437
42.322	0.05	Probe 3839Hz	6	3.839	70.00	0.437
42.822	0.05	Probe 3839Hz	6	3.839	70.00	0.437
43.322	0.05	Probe 3839Hz	6	3.839	70.00	0.437
43.822	0.05	Probe 3839Hz	6	3.839	70.00	0.437
44.322	0.05	Probe 3839Hz	6	3.839	70.00	0.437
44.822	0.05	Probe 3839Hz	6	3.839	70.00	0.437
47.522	0.05	Adapter 2423Hz	7	2.423	70.00	0.285
47.602	0.05	Adapter 2423Hz	7	2.423	70.00	0.285
47.682	0.05	Adapter 2423Hz	7	2.423	70.00	0.285
47.762	0.05	Adapter 2423Hz	7	2.423	70.00	0.285
48.022	0.05	Adapter 2423Hz	7	2.423	70.00	0.285
48.102	0.05	Adapter 2423Hz	7	2.423	70.00	0.285
48.182	0.05	Adapter 2423Hz	7	2.423	70.00	0.285
48.262	0.05	Adapter 2423Hz	7	2.423	70.00	0.285
48.522	0.05	Adapter 2423Hz	7	2.423	70.00	0.285
48.602	0.05	Adapter 2423Hz	7	2.423	70.00	0.285
48.682	0.05	Adapter 2423Hz	7	2.423	70.00	0.285
48.762	0.05	Adapter 2423Hz	7	2.423	70.00	0.285
49.022	0.05	Adapter 2423Hz	7	2.423	70.00	0.285
49.102	0.05	Adapter 2423Hz	7	2.423	70.00	0.285
49.182	0.05	Adapter 2423Hz	7	2.423	70.00	0.285
49.262	0.05	Adapter 2423Hz	7	2.423	70.00	0.285
49.522	0.05	Adapter 2423Hz	7	2.423	70.00	0.285
49.602	0.05	Adapter 2423Hz	7	2.423	70.00	0.285
49.682	0.05	Adapter 2423Hz	7	2.423	70.00	0.285
49.762	0.05	Adapter 2423Hz	7	2.423	70.00	0.285
50.022	0.05	Adapter 2423Hz	7	2.423	70.00	0.285
50.102	0.05	Adapter 2423Hz	7	2.423	70.00	0.285
50.182	0.05	Adapter 2423Hz	7	2.423	70.00	0.285
50.262	0.05	Adapter 2423Hz	7	2.423	70.00	0.285
50.522	0.05	Adapter 2423Hz	7	2.423	70.00	0.285
50.602	0.05	Adapter 2423Hz	7	2.423	70.00	0.285
50.682	0.05	Adapter 2423Hz	7	2.423	70.00	0.285
50.762	0.05	Adapter 2423Hz	7	2.423	70.00	0.285
51.022	0.05	Adapter 2423Hz	7	2.423	70.00	0.285
51.102	0.05	Adapter 2423Hz	7	2.423	70.00	0.285
51.182	0.05	Adapter 2423Hz	7	2.423	70.00	0.285
51.262	0.05	Adapter 2423Hz	7	2.423	70.00	0.285
51.522	0.05	Adapter 2423Hz	7	2.423	70.00	0.285
51.602	0.05	Adapter 2423Hz	7	2.423	70.00	0.285
51.682	0.05	Adapter 2423Hz	7	2.423	70.00	0.285
51.762	0.05	Adapter 2423Hz	7	2.423	70.00	0.285
52.022	0.05	Adapter 2423Hz	7	2.423	70.00	0.285
52.102	0.05	Adapter 2423Hz	7	2.423	70.00	0.285
52.182	0.05	Adapter 2423Hz	7	2.423	70.00	0.285
52.262	0.05	Adapter 2423Hz	7	2.423	70.00	0.285
62.513	0.05	Adapter 899Hz	9	0.899	70.00	0.121
62.593	0.05	Adapter 899Hz	9	0.899	70.00	0.121
62.673	0.05	Adapter 899Hz	9	0.899	70.00	0.121
62.753	0.05	Adapter 899Hz	9	0.899	70.00	0.121
63.013	0.05	Adapter 899Hz	9	0.899	70.00	0.121
63.093	0.05	Adapter 899Hz	9	0.899	70.00	0.121
63.173	0.05	Adapter 899Hz	9	0.899	70.00	0.121
63.253	0.05	Adapter 899Hz	9	0.899	70.00	0.121
63.513	0.05	Adapter 899Hz	9	0.899	70.00	0.121
63.593	0.05	Adapter 899Hz	9	0.899	70.00	0.121
63.673	0.05	Adapter 899Hz	9	0.899	70.00	0.121
63.753	0.05	Adapter 899Hz	9	0.899	70.00	0.121
64.013	0.05	Adapter 899Hz	9	0.899	70.00	0.121
64.093	0.05	Adapter 899Hz	9	0.899	70.00	0.121
64.173	0.05	Adapter 899Hz	9	0.899	70.00	0.121
64.253	0.05	Adapter 899Hz	9	0.899	70.00	0.121
64.513	0.05	Adapter 899Hz	9	0.899	70.00	0.121
64.593	0.05	Adapter 899Hz	9	0.899	70.00	0.121
64.673	0.05	Adapter 899Hz	9	0.899	70.00	0.121
64.753	0.05	Adapter 899Hz	9	0.899	70.00	0.121
65.013	0.05	Adapter 899Hz	9	0.899	70.00	0.121
65.093	0.05	Adapter 899Hz	9	0.899	70.00	0.121
65.173	0.05	Adapter 899Hz	9	0.899	70.00	0.121
65.253	0.05	Adapter 899Hz	9	0.899	70.00	0.121
65.513	0.05	Adapter 899Hz	9	0.899	70.00	0.121
65.593	0.05	Adapter 899Hz	9	0.899	70.00	0.121
65.673	0.05	Adapter 899Hz	9	0.899	70.00	0.121
65.753	0.05	Adapter 899Hz	9	0.899	70.00	0.121
66.013	0.05	Adapter 899Hz	9	0.899	70.00	0.121
66.093	0.05	Adapter 899Hz	9	0.899	70.00	0.121
66.173	0.05	Adapter 899Hz	9	0.899	70.00	0.121
66.253	0.05	Adapter 899Hz	9	0.899	70.00	0.121
66.513	0.05	Adapter 899Hz	9	0.899	70.00	0.121
66.593	0.05	Adapter 899Hz	9	0.899	70.00	0.121
66.673	0.05	Adapter 899Hz	9	0.899	70.00	0.121
66.753	0.05	Adapter 899Hz	9	0.899	70.00	0.121
67.013	0.05	Adapter 899Hz	9	0.899	70.00	0.121
67.093	0.05	Adapter 899Hz	9	0.899	70.00	0.121
67.173	0.05	Adapter 899Hz	9	0.899	70.00	0.121
67.253	0.05	Adapter 899Hz	9	0.899	70.00	0.121
70.017	0.05	Adapter 899Hz Probe 3839Hz	10	0.899	70.00	0.121
70.097	0.05	Adapter 899Hz Probe 3839Hz	10	0.899	70.00	0.121
70.177	0.05	Adapter 899Hz Probe 3839Hz	10	0.899	70.00	0.121
70.257	0.05	Adapter 899Hz Probe 3839Hz	10	0.899	70.00	0.121
70.337	0.05	Adapter 899Hz Probe 3839Hz	10	3.839	70.00	0.437
70.517	0.05	Adapter 899Hz Probe 3839Hz	10	0.899	70.00	0.121
70.597	0.05	Adapter 899Hz Probe 3839Hz	10	0.899	70.00	0.121
70.677	0.05	Adapter 899Hz Probe 3839Hz	10	0.899	70.00	0.121
70.757	0.05	Adapter 899Hz Probe 3839Hz	10	0.899	70.00	0.121
70.837	0.05	Adapter 899Hz Probe 3839Hz	10	3.839	70.00	0.437
71.017	0.05	Adapter 899Hz Probe 3839Hz	10	0.899	70.00	0.121
71.097	0.05	Adapter 899Hz Probe 3839Hz	10	0.899	70.00	0.121
71.177	0.05	Adapter 899Hz Probe 3839Hz	10	0.899	70.00	0.121
71.257	0.05	Adapter 899Hz Probe 3839Hz	10	0.899	70.00	0.121
71.337	0.05	Adapter 899Hz Probe 3839Hz	10	3.839	70.00	0.437
71.517	0.05	Adapter 899Hz Probe 3839Hz	10	0.899	70.00	0.121
71.597	0.05	Adapter 899Hz Probe 3839Hz	10	0.899	70.00	0.121
71.677	0.05	Adapter 899Hz Probe 3839Hz	10	0.899	70.00	0.121
71.757	0.05	Adapter 899Hz Probe 3839Hz	10	0.899	70.00	0.121
71.837	0.05	Adapter 899Hz Probe 3839Hz	10	3.839	70.00	0.437
72.017	0.05	Adapter 899Hz Probe 3839Hz	10	0.899	70.00	0.121
72.097	0.05	Adapter 899Hz Probe 3839Hz	10	0.899	70.00	0.121
72.177	0.05	Adapter 899Hz Probe 3839Hz	10	0.899	70.00	0.121
72.257	0.05	Adapter 899Hz Probe 3839Hz	10	0.899	70.00	0.121
72.337	0.05	Adapter 899Hz Probe 3839Hz	10	3.839	70.00	0.437
72.517	0.05	Adapter 899Hz Probe 3839Hz	10	0.899	70.00	0.121
72.597	0.05	Adapter 899Hz Probe 3839Hz	10	0.899	70.00	0.121
72.677	0.05	Adapter 899Hz Probe 3839Hz	10	0.899	70.00	0.121
72.757	0.05	Adapter 899Hz Probe 3839Hz	10	0.899	70.00	0.121
72.837	0.05	Adapter 899Hz Probe 3839Hz	10	3.839	70.00	0.437
73.017	0.05	Adapter 899Hz Probe 3839Hz	10	0.899	70.00	0.121
73.097	0.05	Adapter 899Hz Probe 3839Hz	10	0.899	70.00	0.121
73.177	0.05	Adapter 899Hz Probe 3839Hz	10	0.899	70.00	0.121
73.257	0.05	Adapter 899Hz Probe 3839Hz	10	0.899	70.00	0.121
73.337	0.05	Adapter 899Hz Probe 3839Hz	10	3.839	70.00	0.437
73.517	0.05	Adapter 899Hz Probe 3839Hz	10	0.899	70.00	0.121
73.597	0.05	Adapter 899Hz Probe 3839Hz	10	0.899	70.00	0.121
73.677	0.05	Adapter 899Hz Probe 3839Hz	10	0.899	70.00	0.121
73.757	0.05	Adapter 899Hz Probe 3839Hz	10	0.899	70.00	0.121
73.837	0.05	Adapter 899Hz Probe 3839Hz	10	3.839	70.00	0.437
74.017	0.05	Adapter 899Hz Probe 3839Hz	10	0.899	70.00	0.121
74.097	0.05	Adapter 899Hz Probe 3839Hz	10	0.899	70.00	0.121
74.177	0.05	Adapter 899Hz Probe 3839Hz	10	0.899	70.00	0.121
74.257	0.05	Adapter 899Hz Probe 3839Hz	10	0.899	70.00	0.121
74.337	0.05	Adapter 899Hz Probe 3839Hz	10	3.839	70.00	0.437
74.517	0.05	Adapter 899Hz Probe 3839Hz	10	0.899	70.00	0.121
74.597	0.05	Adapter 899Hz Probe 3839Hz	10	0.899	70.00	0.121
74.677	0.05	Adapter 899Hz Probe 3839Hz	10	0.899	70.00	0.121
74.757	0.05	Adapter 899Hz Probe 3839Hz	10	0.899	70.00	0.121
74.837	0.05	Adapter 899Hz Probe 3839Hz	10	3.839	70.00	0.437
77.474	0.05	Adapter 3839Hz	11	3.839	70.00	0.437
77.554	0.05	Adapter 3839Hz	11	3.839	70.00	0.437
77.634	0.05	Adapter 3839Hz	11	3.839	70.00	0.437
77.714	0.05	Adapter 3839Hz	11	3.839	70.00	0.437
77.974	0.05	Adapter 3839Hz	11	3.839	70.00	0.437
78.054	0.05	Adapter 3839Hz	11	3.839	70.00	0.437
78.134	0.05	Adapter 3839Hz	11	3.839	70.00	0.437
78.214	0.05	Adapter 3839Hz	11	3.839	70.00	0.437
78.474	0.05	Adapter 3839Hz	11	3.839	70.00	0.437
78.554	0.05	Adapter 3839Hz	11	3.839	70.00	0.437
78.634	0.05	Adapter 3839Hz	11	3.839	70.00	0.437
78.714	0.05	Adapter 3839Hz	11	3.839	70.00	0.437
78.974	0.05	Adapter 3839Hz	11	3.839	70.00	0.437
79.054	0.05	Adapter 3839Hz	11	3.839	70.00	0.437
79.134	0.05	Adapter 3839Hz	11	3.839	70.00	0.437
79.214	0.05	Adapter 3839Hz	11	3.839	70.00	0.437
79.474	0.05	Adapter 3839Hz	11	3.839	70.00	0.437
79.554	0.05	Adapter 3839Hz	11	3.839	70.00	0.437
79.634	0.05	Adapter 3839Hz	11	3.839	70.00	0.437
79.714	0.05	Adapter 3839Hz	11	3.839	70.00	0.437
79.974	0.05	Adapter 3839Hz	11	3.839	70.00	0.437
80.054	0.05	Adapter 3839Hz	11	3.839	70.00	0.437
80.134	0.05	Adapter 3839Hz	11	3.839	70.00	0.437
80.214	0.05	Adapter 3839Hz	11	3.839	70.00	0.437
80.474	0.05	Adapter 3839Hz	11	3.839	70.00	0.437
80.554	0.05	Adapter 3839Hz	11	3.839	70.00	0.437
80.634	0.05	Adapter 3839Hz	11	3.839	70.00	0.437
80.714	0.05	Adapter 3839Hz	11	3.839	70.00	0.437
80.974	0.05	Adapter 3839Hz	11	3.839	70.00	0.437
81.054	0.05	Adapter 3839Hz	11	3.839	70.00	0.437
81.134	0.05	Adapter 3839Hz	11	3.839	70.00	0.437
81.214	0.05	Adapter 3839Hz	11	3.839	70.00	0.437
81.474	0.05	Adapter 3839Hz	11	3.839	70.00	0.437
81.554	0.05	Adapter 3839Hz	11	3.839	70.00	0.437
81.634	0.05	Adapter 3839Hz	11	3.839	70.00	0.437
81.714	0.05	Adapter 3839Hz	11	3.839	70.00	0.437
81.974	0.05	Adapter 3839Hz	11	3.839	70.00	0.437
82.054	0.05	Adapter 3839Hz	11	3.839	70.00	0.437
82.134	0.05	Adapter 3839Hz	11	3.839	70.00	0.437
82.214	0.05	Adapter 3839Hz	11	3.839	70.00	0.437
84.993	0.05	Adapter 251Hz	12	0.251	70.00	0.052
85.073	0.05	Adapter 251Hz	12	0.251	70.00	0.052
85.153	0.05	Adapter 251Hz	12	0.251	70.00	0.052
85.233	0.05	Adapter 251Hz	12	0.251	70.00	0.052
85.493	0.05	Adapter 251Hz	12	0.251	70.00	0.052
85.573	0.05	Adapter 251Hz	12	0.251	70.00	0.052
85.653	0.05	Adapter 251Hz	12	0.251	70.00	0.052
85.733	0.05	Adapter 251Hz	12	0.251	70.00	0.052
85.993	0.05	Adapter 251Hz	12	0.251	70.00	0.052
86.073	0.05	Adapter 251Hz	12	0.251	70.00	0.052
86.153	0.05	Adapter 251Hz	12	0.251	70.00	0.052
86.233	0.05	Adapter 251Hz	12	0.251	70.00	0.052
86.493	0.05	Adapter 251Hz	12	0.251	70.00	0.052
86.573	0.05	Adapter 251Hz	12	0.251	70.00	0.052
86.653	0.05	Adapter 251Hz	12	0.251	70.00	0.052
86.733	0.05	Adapter 251Hz	12	0.251	70.00	0.052
86.993	0.05	Adapter 251Hz	12	0.251	70.00	0.052
87.073	0.05	Adapter 251Hz	12	0.251	70.00	0.052
87.153	0.05	Adapter 251Hz	12	0.251	70.00	0.052
87.233	0.05	Adapter 251Hz	12	0.251	70.00	0.052
87.493	0.05	Adapter 251Hz	12	0.251	70.00	0.052
87.573	0.05	Adapter 251Hz	12	0.251	70.00	0.052
87.653	0.05	Adapter 251Hz	12	0.251	70.00	0.052
87.733	0.05	Adapter 251Hz	12	0.251	70.00	0.052
87.993	0.05	Adapter 251Hz	12	0.251	70.00	0.052
88.073	0.05	Adapter 251Hz	12	0.251	70.00	0.052
88.153	0.05	Adapter 251Hz	12	0.251	70.00	0.052
88.233	0.05	Adapter 251Hz	12	0.251	70.00	0.052
88.493	0.05	Adapter 251Hz	12	0.251	70.00	0.052
88.573	0.05	Adapter 251Hz	12	0.251	70.00	0.052
88.653	0.05	Adapter 251Hz	12	0.251	70.00	0.052
88.733	0.05	Adapter 251Hz	12	0.251	70.00	0.052
88.993	0.05	Adapter 251Hz	12	0.251	70.00	0.052
89.073	0.05	Adapter 251Hz	12	0.251	70.00	0.052
89.153	0.05	Adapter 251Hz	12	0.251	70.00	0.052
89.233	0.05	Adapter 251Hz	12	0.251	70.00	0.052
89.493	0.05	Adapter 251Hz	12	0.251	70.00	0.052
89.573	0.05	Adapter 251Hz	12	0.251	70.00	0.052
89.653	0.05	Adapter 251Hz	12	0.251	70.00	0.052
89.733	0.05	Adapter 251Hz	12	0.251	70.00	0.052
92.481	0.05	Adapter 2423Hz Probe 3839Hz	13	2.423	70.00	0.285
92.561	0.05	Adapter 2423Hz Probe 3839Hz	13	2.423	70.00	0.285
92.641	0.05	Adapter 2423Hz Probe 3839Hz	13	2.423	70.00	0.285
92.721	0.05	Adapter 2423Hz Probe 3839Hz	13	2.423	70.00	0.285
92.801	0.05	Adapter 2423Hz Probe 3839Hz	13	3.839	70.00	0.437
92.981	0.05	Adapter 2423Hz Probe 3839Hz	13	2.423	70.00	0.285
93.061	0.05	Adapter 2423Hz Probe 3839Hz	13	2.423	70.00	0.285
93.141	0.05	Adapter 2423Hz Probe 3839Hz	13	2.423	70.00	0.285
93.221	0.05	Adapter 2423Hz Probe 3839Hz	13	2.423	70.00	0.285
93.301	0.05	Adapter 2423Hz Probe 3839Hz	13	3.839	70.00	0.437
93.481	0.05	Adapter 2423Hz Probe 3839Hz	13	2.423	70.00	0.285
93.561	0.05	Adapter 2423Hz Probe 3839Hz	13	2.423	70.00	0.285
93.641	0.05	Adapter 2423Hz Probe 3839Hz	13	2.423	70.00	0.285
93.721	0.05	Adapter 2423Hz Probe 3839Hz	13	2.423	70.00	0.285
93.801	0.05	Adapter 2423Hz Probe 3839Hz	13	3.839	70.00	0.437
93.981	0.05	Adapter 2423Hz Probe 3839Hz	13	2.423	70.00	0.285
94.061	0.05	Adapter 2423Hz Probe 3839Hz	13	2.423	70.00	0.285
94.141	0.05	Adapter 2423Hz Probe 3839Hz	13	2.423	70.00	0.285
94.221	0.05	Adapter 2423Hz Probe 3839Hz	13	2.423	70.00	0.285
94.301	0.05	Adapter 2423Hz Probe 3839Hz	13	3.839	70.00	0.437
94.481	0.05	Adapter 2423Hz Probe 3839Hz	13	2.423	70.00	0.285
94.561	0.05	Adapter 2423Hz Probe 3839Hz	13	2.423	70.00	0.285
94.641	0.05	Adapter 2423Hz Probe 3839Hz	13	2.423	70.00	0.285
94.721	0.05	Adapter 2423Hz Probe 3839Hz	13	2.423	70.00	0.285
94.801	0.05	Adapter 2423Hz Probe 3839Hz	13	3.839	70.00	0.437
94.981	0.05	Adapter 2423Hz Probe 3839Hz	13	2.423	70.00	0.285
95.061	0.05	Adapter 2423Hz Probe 3839Hz	13	2.423	70.00	0.285
95.141	0.05	Adapter 2423Hz Probe 3839Hz	13	2.423	70.00	0.285
95.221	0.05	Adapter 2423Hz Probe 3839Hz	13	2.423	70.00	0.285
95.301	0.05	Adapter 2423Hz Probe 3839Hz	13	3.839	70.00	0.437
95.481	0.05	Adapter 2423Hz Probe 3839Hz	13	2.423	70.00	0.285
95.561	0.05	Adapter 2423Hz Probe 3839Hz	13	2.423	70.00	0.285
95.641	0.05	Adapter 2423Hz Probe 3839Hz	13	2.423	70.00	0.285
95.721	0.05	Adapter 2423Hz Probe 3839Hz	13	2.423	70.00	0.285
95.801	0.05	Adapter 2423Hz Probe 3839Hz	13	3.839	70.00	0.437
95.981	0.05	Adapter 2423Hz Probe 3839Hz	13	2.423	70.00	0.285
96.061	0.05	Adapter 2423Hz Probe 3839Hz	13	2.423	70.00	0.285
96.141	0.05	Adapter 2423Hz Probe 3839Hz	13	2.423	70.00	0.285
96.221	0.05	Adapter 2423Hz Probe 3839Hz	13	2.423	70.00	0.285
96.301	0.05	Adapter 2423Hz Probe 3839Hz	13	3.839	70.00	0.437
96.481	0.05	Adapter 2423Hz Probe 3839Hz	13	2.423	70.00	0.285
96.561	0.05	Adapter 2423Hz Probe 3839Hz	13	2.423	70.00	0.285
96.641	0.05	Adapter 2423Hz Probe 3839Hz	13	2.423	70.00	0.285
96.721	0.05	Adapter 2423Hz Probe 3839Hz	13	2.423	70.00	0.285
96.801	0.05	Adapter 2423Hz Probe 3839Hz	13	3.839	70.00	0.437
96.981	0.05	Adapter 2423Hz Probe 3839Hz	13	2.423	70.00	0.285
97.061	0.05	Adapter 2423Hz Probe 3839Hz	13	2.423	70.00	0.285
97.141	0.05	Adapter 2423Hz Probe 3839Hz	13	2.423	70.00	0.285
97.221	0.05	Adapter 2423Hz Probe 3839Hz	13	2.423	70.00	0.285
97.301	0.05	Adapter 2423Hz Probe 3839Hz	13	3.839	70.00	0.437
100.0	0.05	Adapter 507Hz	14	0.507	70.00	0.079
100.08	0.05	Adapter 507Hz	14	0.507	70.00	0.079
100.16	0.05	Adapter 507Hz	14	0.507	70.00	0.079
100.24	0.05	Adapter 507Hz	14	0.507	70.00	0.079
100.5	0.05	Adapter 507Hz	14	0.507	70.00	0.079
100.58	0.05	Adapter 507Hz	14	0.507	70.00	0.079
100.66	0.05	Adapter 507Hz	14	0.507	70.00	0.079
100.74	0.05	Adapter 507Hz	14	0.507	70.00	0.079
101.0	0.05	Adapter 507Hz	14	0.507	70.00	0.079
101.08	0.05	Adapter 507Hz	14	0.507	70.00	0.079
101.16	0.05	Adapter 507Hz	14	0.507	70.00	0.079
101.24	0.05	Adapter 507Hz	14	0.507	70.00	0.079
101.5	0.05	Adapter 507Hz	14	0.507	70.00	0.079
101.58	0.05	Adapter 507Hz	14	0.507	70.00	0.079
101.66	0.05	Adapter 507Hz	14	0.507	70.00	0.079
101.74	0.05	Adapter 507Hz	14	0.507	70.00	0.079
102.0	0.05	Adapter 507Hz	14	0.507	70.00	0.079
102.08	0.05	Adapter 507Hz	14	0.507	70.00	0.079
102.16	0.05	Adapter 507Hz	14	0.507	70.00	0.079
102.24	0.05	Adapter 507Hz	14	0.507	70.00	0.079
102.5	0.05	Adapter 507Hz	14	0.507	70.00	0.079
102.58	0.05	Adapter 507Hz	14	0.507	70.00	0.079
102.66	0.05	Adapter 507Hz	14	0.507	70.00	0.079
102.74	0.05	Adapter 507Hz	14	0.507	70.00	0.079
103.0	0.05	Adapter 507Hz	14	0.507	70.00	0.079
103.08	0.05	Adapter 507Hz	14	0.507	70.00	0.079
103.16	0.05	Adapter 507Hz	14	0.507	70.00	0.079
103.24	0.05	Adapter 507Hz	14	0.507	70.00	0.079
103.5	0.05	Adapter 507Hz	14	0.507	70.00	0.079
103.58	0.05	Adapter 507Hz	14	0.507	70.00	0.079
103.66	0.05	Adapter 507Hz	14	0.507	70.00	0.079
103.74	0.05	Adapter 507Hz	14	0.507	70.00	0.079
104.0	0.05	Adapter 507Hz	14	0.507	70.00	0.079
104.08	0.05	Adapter 507Hz	14	0.507	70.00	0.079
104.16	0.05	Adapter 507Hz	14	0.507	70.00	0.079
104.24	0.05	Adapter 507Hz	14	0.507	70.00	0.079
104.5	0.05	Adapter 507Hz	14	0.507	70.00	0.079
104.58	0.05	Adapter 507Hz	14	0.507	70.00	0.079
104.66	0.05	Adapter 507Hz	14	0.507	70.00	0.079
104.74	0.05	Adapter 507Hz	14	0.507	70.00	0.079
107.472	0.05	Adapter 3839Hz Probe 3839Hz	15	3.839	70.00	0.437
107.552	0.05	Adapter 3839Hz Probe 3839Hz	15	3.839	70.00	0.437
107.632	0.05	Adapter 3839Hz Probe 3839Hz	15	3.839	70.00	0.437
107.712	0.05	Adapter 3839Hz Probe 3839Hz	15	3.839	70.00	0.437
107.792	0.05	Adapter 3839Hz Probe 3839Hz	15	3.839	70.00	0.437
107.972	0.05	Adapter 3839Hz Probe 3839Hz	15	3.839	70.00	0.437
108.052	0.05	Adapter 3839Hz Probe 3839Hz	15	3.839	70.00	0.437
108.132	0.05	Adapter 3839Hz Probe 3839Hz	15	3.839	70.00	0.437
108.212	0.05	Adapter 3839Hz Probe 3839Hz	15	3.839	70.00	0.437
108.292	0.05	Adapter 3839Hz Probe 3839Hz	15	3.839	70.00	0.437
108.472	0.05	Adapter 3839Hz Probe 3839Hz	15	3.839	70.00	0.437
108.552	0.05	Adapter 3839Hz Probe 3839Hz	15	3.839	70.00	0.437
108.632	0.05	Adapter 3839Hz Probe 3839Hz	15	3.839	70.00	0.437
108.712	0.05	Adapter 3839Hz Probe 3839Hz	15	3.839	70.00	0.437
108.792	0.05	Adapter 3839Hz Probe 3839Hz	15	3.839	70.00	0.437
108.972	0.05	Adapter 3839Hz Probe 3839Hz	15	3.839	70.00	0.437
109.052	0.05	Adapter 3839Hz Probe 3839Hz	15	3.839	70.00	0.437
109.132	0.05	Adapter 3839Hz Probe 3839Hz	15	3.839	70.00	0.437
109.212	0.05	Adapter 3839Hz Probe 3839Hz	15	3.839	70.00	0.437
109.292	0.05	Adapter 3839Hz Probe 3839Hz	15	3.839	70.00	0.437
109.472	0.05	Adapter 3839Hz Probe 3839Hz	15	3.839	70.00	0.437
109.552	0.05	Adapter 3839Hz Probe 3839Hz	15	3.839	70.00	0.437
109.632	0.05	Adapter 3839Hz Probe 3839Hz	15	3.839	70.00	0.437
109.712	0.05	Adapter 3839Hz Probe 3839Hz	15	3.839	70.00	0.437
109.792	0.05	Adapter 3839Hz Probe 3839Hz	15	3.839	70.00	0.437
109.972	0.05	Adapter 3839Hz Probe 3839Hz	15	3.839	70.00	0.437
110.052	0.05	Adapter 3839Hz Probe 3839Hz	15	3.839	70.00	0.437
110.132	0.05	Adapter 3839Hz Probe 3839Hz	15	3.839	70.00	0.437
110.212	0.05	Adapter 3839Hz Probe 3839Hz	15	3.839	70.00	0.437
110.292	0.05	Adapter 3839Hz Probe 3839Hz	15	3.839	70.00	0.437
110.472	0.05	Adapter 3839Hz Probe 3839Hz	15	3.839	70.00	0.437
110.552	0.05	Adapter 3839Hz Probe 3839Hz	15	3.839	70.00	0.437
110.632	0.05	Adapter 3839Hz Probe 3839Hz	15	3.839	70.00	0.437
110.712	0.05	Adapter 3839Hz Probe 3839Hz	15	3.839	70.00	0.437
110.792	0.05	Adapter 3839Hz Probe 3839Hz	15	3.839	70.00	0.437
110.972	0.05	Adapter 3839Hz Probe 3839Hz	15	3.839	70.00	0.437
111.052	0.05	Adapter 3839Hz Probe 3839Hz	15	3.839	70.00	0.437
111.132	0.05	Adapter 3839Hz Probe 3839Hz	15	3.839	70.00	0.437
111.212	0.05	Adapter 3839Hz Probe 3839Hz	15	3.839	70.00	0.437
111.292	0.05	Adapter 3839Hz Probe 3839Hz	15	3.839	70.00	0.437
111.472	0.05	Adapter 3839Hz Probe 3839Hz	15	3.839	70.00	0.437
111.552	0.05	Adapter 3839Hz Probe 3839Hz	15	3.839	70.00	0.437
111.632	0.05	Adapter 3839Hz Probe 3839Hz	15	3.839	70.00	0.437
111.712	0.05	Adapter 3839Hz Probe 3839Hz	15	3.839	70.00	0.437
111.792	0.05	Adapter 3839Hz Probe 3839Hz	15	3.839	70.00	0.437
111.972	0.05	Adapter 3839Hz Probe 3839Hz	15	3.839	70.00	0.437
112.052	0.05	Adapter 3839Hz Probe 3839Hz	15	3.839	70.00	0.437
112.132	0.05	Adapter 3839Hz Probe 3839Hz	15	3.839	70.00	0.437
112.212	0.05	Adapter 3839Hz Probe 3839Hz	15	3.839	70.00	0.437
112.292	0.05	Adapter 3839Hz Probe 3839Hz	15	3.839	70.00	0.437
114.976	0.05	Adapter 6009Hz	16	6.009	70.00	0.671
115.056	0.05	Adapter 6009Hz	16	6.009	70.00	0.671
115.136	0.05	Adapter 6009Hz	16	6.009	70.00	0.671
115.216	0.05	Adapter 6009Hz	16	6.009	70.00	0.671
115.476	0.05	Adapter 6009Hz	16	6.009	70.00	0.671
115.556	0.05	Adapter 6009Hz	16	6.009	70.00	0.671
115.636	0.05	Adapter 6009Hz	16	6.009	70.00	0.671
115.716	0.05	Adapter 6009Hz	16	6.009	70.00	0.671
115.976	0.05	Adapter 6009Hz	16	6.009	70.00	0.671
116.056	0.05	Adapter 6009Hz	16	6.009	70.00	0.671
116.136	0.05	Adapter 6009Hz	16	6.009	70.00	0.671
116.216	0.05	Adapter 6009Hz	16	6.009	70.00	0.671
116.476	0.05	Adapter 6009Hz	16	6.009	70.00	0.671
116.556	0.05	Adapter 6009Hz	16	6.009	70.00	0.671
116.636	0.05	Adapter 6009Hz	16	6.009	70.00	0.671
116.716	0.05	Adapter 6009Hz	16	6.009	70.00	0.671
116.976	0.05	Adapter 6009Hz	16	6.009	70.00	0.671
117.056	0.05	Adapter 6009Hz	16	6.009	70.00	0.671
117.136	0.05	Adapter 6009Hz	16	6.009	70.00	0.671
117.216	0.05	Adapter 6009Hz	16	6.009	70.00	0.671
117.476	0.05	Adapter 6009Hz	16	6.009	70.00	0.671
117.556	0.05	Adapter 6009Hz	16	6.009	70.00	0.671
117.636	0.05	Adapter 6009Hz	16	6.009	70.00	0.671
117.716	0.05	Adapter 6009Hz	16	6.009	70.00	0.671
117.976	0.05	Adapter 6009Hz	16	6.009	70.00	0.671
118.056	0.05	Adapter 6009Hz	16	6.009	70.00	0.671
118.136	0.05	Adapter 6009Hz	16	6.009	70.00	0.671
118.216	0.05	Adapter 6009Hz	16	6.009	70.00	0.671
118.476	0.05	Adapter 6009Hz	16	6.009	70.00	0.671
118.556	0.05	Adapter 6009Hz	16	6.009	70.00	0.671
118.636	0.05	Adapter 6009Hz	16	6.009	70.00	0.671
118.716	0.05	Adapter 6009Hz	16	6.009	70.00	0.671
118.976	0.05	Adapter 6009Hz	16	6.009	70.00	0.671
119.056	0.05	Adapter 6009Hz	16	6.009	70.00	0.671
119.136	0.05	Adapter 6009Hz	16	6.009	70.00	0.671
119.216	0.05	Adapter 6009Hz	16	6.009	70.00	0.671
119.476	0.05	Adapter 6009Hz	16	6.009	70.00	0.671
119.556	0.05	Adapter 6009Hz	16	6.009	70.00	0.671
119.636	0.05	Adapter 6009Hz	16	6.009	70.00	0.671
119.716	0.05	Adapter 6009Hz	16	6.009	70.00	0.671
122.495	0.05	Adapter 251Hz	17	0.251	70.00	0.052
122.575	0.05	Adapter 251Hz	17	0.251	70.00	0.052
122.655	0.05	Adapter 251Hz	17	0.251	70.00	0.052
122.735	0.05	Adapter 251Hz	17	0.251	70.00	0.052
122.995	0.05	Adapter 251Hz	17	0.251	70.00	0.052
123.075	0.05	Adapter 251Hz	17	0.251	70.00	0.052
123.155	0.05	Adapter 251Hz	17	0.251	70.00	0.052
123.235	0.05	Adapter 251Hz	17	0.251	70.00	0.052
123.495	0.05	Adapter 251Hz	17	0.251	70.00	0.052
123.575	0.05	Adapter 251Hz	17	0.251	70.00	0.052
123.655	0.05	Adapter 251Hz	17	0.251	70.00	0.052
123.735	0.05	Adapter 251Hz	17	0.251	70.00	0.052
123.995	0.05	Adapter 251Hz	17	0.251	70.00	0.052
124.075	0.05	Adapter 251Hz	17	0.251	70.00	0.052
124.155	0.05	Adapter 251Hz	17	0.251	70.00	0.052
124.235	0.05	Adapter 251Hz	17	0.251	70.00	0.052
124.495	0.05	Adapter 251Hz	17	0.251	70.00	0.052
124.575	0.05	Adapter 251Hz	17	0.251	70.00	0.052
124.655	0.05	Adapter 251Hz	17	0.251	70.00	0.052
124.735	0.05	Adapter 251Hz	17	0.251	70.00	0.052
124.995	0.05	Adapter 251Hz	17	0.251	70.00	0.052
125.075	0.05	Adapter 251Hz	17	0.251	70.00	0.052
125.155	0.05	Adapter 251Hz	17	0.251	70.00	0.052
125.235	0.05	Adapter 251Hz	17	0.251	70.00	0.052
125.495	0.05	Adapter 251Hz	17	0.251	70.00	0.052
125.575	0.05	Adapter 251Hz	17	0.251	70.00	0.052
125.655	0.05	Adapter 251Hz	17	0.251	70.00	0.052
125.735	0.05	Adapter 251Hz	17	0.251	70.00	0.052
125.995	0.05	Adapter 251Hz	17	0.251	70.00	0.052
126.075	0.05	Adapter 251Hz	17	0.251	70.00	0.052
126.155	0.05	Adapter 251Hz	17	0.251	70.00	0.052
126.235	0.05	Adapter 251Hz	17	0.251	70.00	0.052
126.495	0.05	Adapter 251Hz	17	0.251	70.00	0.052
126.575	0.05	Adapter 251Hz	17	0.251	70.00	0.052
126.655	0.05	Adapter 251Hz	17	0.251	70.00	0.052
126.735	0.05	Adapter 251Hz	17	0.251	70.00	0.052
126.995	0.05	Adapter 251Hz	17	0.251	70.00	0.052
127.075	0.05	Adapter 251Hz	17	0.251	70.00	0.052
127.155	0.05	Adapter 251Hz	17	0.251	70.00	0.052
127.235	0.05	Adapter 251Hz	17	0.251	70.00	0.052
130.303	0.05	Probe 3839Hz	18	3.839	70.00	0.437
130.803	0.05	Probe 3839Hz	18	3.839	70.00	0.437
131.303	0.05	Probe 3839Hz	18	3.839	70.00	0.437
131.803	0.05	Probe 3839Hz	18	3.839	70.00	0.437
132.303	0.05	Probe 3839Hz	18	3.839	70.00	0.437
132.803	0.05	Probe 3839Hz	18	3.839	70.00	0.437
133.303	0.05	Probe 3839Hz	18	3.839	70.00	0.437
133.803	0.05	Probe 3839Hz	18	3.839	70.00	0.437
134.303	0.05	Probe 3839Hz	18	3.839	70.00	0.437
134.803	0.05	Probe 3839Hz	18	3.839	70.00	0.437
137.471	0.05	Adapter 3839Hz Probe 3839Hz	19	3.839	70.00	0.437
137.551	0.05	Adapter 3839Hz Probe 3839Hz	19	3.839	70.00	0.437
137.631	0.05	Adapter 3839Hz Probe 3839Hz	19	3.839	70.00	0.437
137.711	0.05	Adapter 3839Hz Probe 3839Hz	19	3.839	70.00	0.437
137.791	0.05	Adapter 3839Hz Probe 3839Hz	19	3.839	70.00	0.437
137.971	0.05	Adapter 3839Hz Probe 3839Hz	19	3.839	70.00	0.437
138.051	0.05	Adapter 3839Hz Probe 3839Hz	19	3.839	70.00	0.437
138.131	0.05	Adapter 3839Hz Probe 3839Hz	19	3.839	70.00	0.437
138.211	0.05	Adapter 3839Hz Probe 3839Hz	19	3.839	70.00	0.437
138.291	0.05	Adapter 3839Hz Probe 3839Hz	19	3.839	70.00	0.437
138.471	0.05	Adapter 3839Hz Probe 3839Hz	19	3.839	70.00	0.437
138.551	0.05	Adapter 3839Hz Probe 3839Hz	19	3.839	70.00	0.437
138.631	0.05	Adapter 3839Hz Probe 3839Hz	19	3.839	70.00	0.437
138.711	0.05	Adapter 3839Hz Probe 3839Hz	19	3.839	70.00	0.437
138.791	0.05	Adapter 3839Hz Probe 3839Hz	19	3.839	70.00	0.437
138.971	0.05	Adapter 3839Hz Probe 3839Hz	19	3.839	70.00	0.437
139.051	0.05	Adapter 3839Hz Probe 3839Hz	19	3.839	70.00	0.437
139.131	0.05	Adapter 3839Hz Probe 3839Hz	19	3.839	70.00	0.437
139.211	0.05	Adapter 3839Hz Probe 3839Hz	19	3.839	70.00	0.437
139.291	0.05	Adapter 3839Hz Probe 3839Hz	19	3.839	70.00	0.437
139.471	0.05	Adapter 3839Hz Probe 3839Hz	19	3.839	70.00	0.437
139.551	0.05	Adapter 3839Hz Probe 3839Hz	19	3.839	70.00	0.437
139.631	0.05	Adapter 3839Hz Probe 3839Hz	19	3.839	70.00	0.437
139.711	0.05	Adapter 3839Hz Probe 3839Hz	19	3.839	70.00	0.437
139.791	0.05	Adapter 3839Hz Probe 3839Hz	19	3.839	70.00	0.437
139.971	0.05	Adapter 3839Hz Probe 3839Hz	19	3.839	70.00	0.437
140.051	0.05	Adapter 3839Hz Probe 3839Hz	19	3.839	70.00	0.437
140.131	0.05	Adapter 3839Hz Probe 3839Hz	19	3.839	70.00	0.437
140.211	0.05	Adapter 3839Hz Probe 3839Hz	19	3.839	70.00	0.437
140.291	0.05	Adapter 3839Hz Probe 3839Hz	19	3.839	70.00	0.437
140.471	0.05	Adapter 3839Hz Probe 3839Hz	19	3.839	70.00	0.437
140.551	0.05	Adapter 3839Hz Probe 3839Hz	19	3.839	70.00	0.437
140.631	0.05	Adapter 3839Hz Probe 3839Hz	19	3.839	70.00	0.437
140.711	0.05	Adapter 3839Hz Probe 3839Hz	19	3.839	70.00	0.437
140.791	0.05	Adapter 3839Hz Probe 3839Hz	19	3.839	70.00	0.437
140.971	0.05	Adapter 3839Hz Probe 3839Hz	19	3.839	70.00	0.437
141.051	0.05	Adapter 3839Hz Probe 3839Hz	19	3.839	70.00	0.437
141.131	0.05	Adapter 3839Hz Probe 3839Hz	19	3.839	70.00	0.437
141.211	0.05	Adapter 3839Hz Probe 3839Hz	19	3.839	70.00	0.437
141.291	0.05	Adapter 3839Hz Probe 3839Hz	19	3.839	70.00	0.437
141.471	0.05	Adapter 3839Hz Probe 3839Hz	19	3.839	70.00	0.437
141.551	0.05	Adapter 3839Hz Probe 3839Hz	19	3.839	70.00	0.437
141.631	0.05	Adapter 3839Hz Probe 3839Hz	19	3.839	70.00	0.437
141.711	0.05	Adapter 3839Hz Probe 3839Hz	19	3.839	70.00	0.437
141.791	0.05	Adapter 3839Hz Probe 3839Hz	19	3.839	70.00	0.437
141.971	0.05	Adapter 3839Hz Probe 3839Hz	19	3.839	70.00	0.437
142.051	0.05	Adapter 3839Hz Probe 3839Hz	19	3.839	70.00	0.437
142.131	0.05	Adapter 3839Hz Probe 3839Hz	19	3.839	70.00	0.437
142.211	0.05	Adapter 3839Hz Probe 3839Hz	19	3.839	70.00	0.437
142.291	0.05	Adapter 3839Hz Probe 3839Hz	19	3.839	70.00	0.437
144.975	0.05	Adapter 3839Hz	20	3.839	70.00	0.437
145.055	0.05	Adapter 3839Hz	20	3.839	70.00	0.437
145.135	0.05	Adapter 3839Hz	20	3.839	70.00	0.437
145.215	0.05	Adapter 3839Hz	20	3.839	70.00	0.437
145.475	0.05	Adapter 3839Hz	20	3.839	70.00	0.437
145.555	0.05	Adapter 3839Hz	20	3.839	70.00	0.437
145.635	0.05	Adapter 3839Hz	20	3.839	70.00	0.437
145.715	0.05	Adapter 3839Hz	20	3.839	70.00	0.437
145.975	0.05	Adapter 3839Hz	20	3.839	70.00	0.437
146.055	0.05	Adapter 3839Hz	20	3.839	70.00	0.437
146.135	0.05	Adapter 3839Hz	20	3.839	70.00	0.437
146.215	0.05	Adapter 3839Hz	20	3.839	70.00	0.437
146.475	0.05	Adapter 3839Hz	20	3.839	70.00	0.437
146.555	0.05	Adapter 3839Hz	20	3.839	70.00	0.437
146.635	0.05	Adapter 3839Hz	20	3.839	70.00	0.437
146.715	0.05	Adapter 3839Hz	20	3.839	70.00	0.437
146.975	0.05	Adapter 3839Hz	20	3.839	70.00	0.437
147.055	0.05	Adapter 3839Hz	20	3.839	70.00	0.437
147.135	0.05	Adapter 3839Hz	20	3.839	70.00	0.437
147.215	0.05	Adapter 3839Hz	20	3.839	70.00	0.437
147.475	0.05	Adapter 3839Hz	20	3.839	70.00	0.437
147.555	0.05	Adapter 3839Hz	20	3.839	70.00	0.437
147.635	0.05	Adapter 3839Hz	20	3.839	70.00	0.437
147.715	0.05	Adapter 3839Hz	20	3.839	70.00	0.437
147.975	0.05	Adapter 3839Hz	20	3.839	70.00	0.437
148.055	0.05	Adapter 3839Hz	20	3.839	70.00	0.437
148.135	0.05	Adapter 3839Hz	20	3.839	70.00	0.437
148.215	0.05	Adapter 3839Hz	20	3.839	70.00	0.437
148.475	0.05	Adapter 3839Hz	20	3.839	70.00	0.437
148.555	0.05	Adapter 3839Hz	20	3.839	70.00	0.437
148.635	0.05	Adapter 3839Hz	20	3.839	70.00	0.437
148.715	0.05	Adapter 3839Hz	20	3.839	70.00	0.437
148.975	0.05	Adapter 3839Hz	20	3.839	70.00	0.437
149.055	0.05	Adapter 3839Hz	20	3.839	70.00	0.437
149.135	0.05	Adapter 3839Hz	20	3.839	70.00	0.437
149.215	0.05	Adapter 3839Hz	20	3.839	70.00	0.437
149.475	0.05	Adapter 3839Hz	20	3.839	70.00	0.437
149.555	0.05	Adapter 3839Hz	20	3.839	70.00	0.437
149.635	0.05	Adapter 3839Hz	20	3.839	70.00	0.437
149.715	0.05	Adapter 3839Hz	20	3.839	70.00	0.437
152.51	0.05	Adapter 899Hz	21	0.899	70.00	0.121
152.59	0.05	Adapter 899Hz	21	0.899	70.00	0.121
152.67	0.05	Adapter 899Hz	21	0.899	70.00	0.121
152.75	0.05	Adapter 899Hz	21	0.899	70.00	0.121
153.01	0.05	Adapter 899Hz	21	0.899	70.00	0.121
153.09	0.05	Adapter 899Hz	21	0.899	70.00	0.121
153.17	0.05	Adapter 899Hz	21	0.899	70.00	0.121
153.25	0.05	Adapter 899Hz	21	0.899	70.00	0.121
153.51	0.05	Adapter 899Hz	21	0.899	70.00	0.121
153.59	0.05	Adapter 899Hz	21	0.899	70.00	0.121
153.67	0.05	Adapter 899Hz	21	0.899	70.00	0.121
153.75	0.05	Adapter 899Hz	21	0.899	70.00	0.121
154.01	0.05	Adapter 899Hz	21	0.899	70.00	0.121
154.09	0.05	Adapter 899Hz	21	0.899	70.00	0.121
154.17	0.05	Adapter 899Hz	21	0.899	70.00	0.121
154.25	0.05	Adapter 899Hz	21	0.899	70.00	0.121
154.51	0.05	Adapter 899Hz	21	0.899	70.00	0.121
154.59	0.05	Adapter 899Hz	21	0.899	70.00	0.121
154.67	0.05	Adapter 899Hz	21	0.899	70.00	0.121
154.75	0.05	Adapter 899Hz	21	0.899	70.00	0.121
155.01	0.05	Adapter 899Hz	21	0.899	70.00	0.121
155.09	0.05	Adapter 899Hz	21	0.899	70.00	0.121
155.17	0.05	Adapter 899Hz	21	0.899	70.00	0.121
155.25	0.05	Adapter 899Hz	21	0.899	70.00	0.121
155.51	0.05	Adapter 899Hz	21	0.899	70.00	0.121
155.59	0.05	Adapter 899Hz	21	0.899	70.00	0.121
155.67	0.05	Adapter 899Hz	21	0.899	70.00	0.121
155.75	0.05	Adapter 899Hz	21	0.899	70.00	0.121
156.01	0.05	Adapter 899Hz	21	0.899	70.00	0.121
156.09	0.05	Adapter 899Hz	21	0.899	70.00	0.121
156.17	0.05	Adapter 899Hz	21	0.899	70.00	0.121
156.25	0.05	Adapter 899Hz	21	0.899	70.00	0.121
156.51	0.05	Adapter 899Hz	21	0.899	70.00	0.121
156.59	0.05	Adapter 899Hz	21	0.899	70.00	0.121
156.67	0.05	Adapter 899Hz	21	0.899	70.00	0.121
156.75	0.05	Adapter 899Hz	21	0.899	70.00	0.121
157.01	0.05	Adapter 899Hz	21	0.899	70.00	0.121
157.09	0.05	Adapter 899Hz	21	0.899	70.00	0.121
157.17	0.05	Adapter 899Hz	21	0.899	70.00	0.121
157.25	0.05	Adapter 899Hz	21	0.899	70.00	0.121
159.998	0.05	Adapter 507Hz	22	0.507	70.00	0.079
160.078	0.05	Adapter 507Hz	22	0.507	70.00	0.079
160.158	0.05	Adapter 507Hz	22	0.507	70.00	0.079
160.238	0.05	Adapter 507Hz	22	0.507	70.00	0.079
160.498	0.05	Adapter 507Hz	22	0.507	70.00	0.079
160.578	0.05	Adapter 507Hz	22	0.507	70.00	0.079
160.658	0.05	Adapter 507Hz	22	0.507	70.00	0.079
160.738	0.05	Adapter 507Hz	22	0.507	70.00	0.079
160.998	0.05	Adapter 507Hz	22	0.507	70.00	0.079
161.078	0.05	Adapter 507Hz	22	0.507	70.00	0.079
161.158	0.05	Adapter 507Hz	22	0.507	70.00	0.079
161.238	0.05	Adapter 507Hz	22	0.507	70.00	0.079
161.498	0.05	Adapter 507Hz	22	0.507	70.00	0.079
161.578	0.05	Adapter 507Hz	22	0.507	70.00	0.079
161.658	0.05	Adapter 507Hz	22	0.507	70.00	0.079
161.738	0.05	Adapter 507Hz	22	0.507	70.00	0.079
161.998	0.05	Adapter 507Hz	22	0.507	70.00	0.079
162.078	0.05	Adapter 507Hz	22	0.507	70.00	0.079
162.158	0.05	Adapter 507Hz	22	0.507	70.00	0.079
162.238	0.05	Adapter 507Hz	22	0.507	70.00	0.079
162.498	0.05	Adapter 507Hz	22	0.507	70.00	0.079
162.578	0.05	Adapter 507Hz	22	0.507	70.00	0.079
162.658	0.05	Adapter 507Hz	22	0.507	70.00	0.079
162.738	0.05	Adapter 507Hz	22	0.507	70.00	0.079
162.998	0.05	Adapter 507Hz	22	0.507	70.00	0.079
163.078	0.05	Adapter 507Hz	22	0.507	70.00	0.079
163.158	0.05	Adapter 507Hz	22	0.507	70.00	0.079
163.238	0.05	Adapter 507Hz	22	0.507	70.00	0.079
163.498	0.05	Adapter 507Hz	22	0.507	70.00	0.079
163.578	0.05	Adapter 507Hz	22	0.507	70.00	0.079
163.658	0.05	Adapter 507Hz	22	0.507	70.00	0.079
163.738	0.05	Adapter 507Hz	22	0.507	70.00	0.079
163.998	0.05	Adapter 507Hz	22	0.507	70.00	0.079
164.078	0.05	Adapter 507Hz	22	0.507	70.00	0.079
164.158	0.05	Adapter 507Hz	22	0.507	70.00	0.079
164.238	0.05	Adapter 507Hz	22	0.507	70.00	0.079
164.498	0.05	Adapter 507Hz	22	0.507	70.00	0.079
164.578	0.05	Adapter 507Hz	22	0.507	70.00	0.079
164.658	0.05	Adapter 507Hz	22	0.507	70.00	0.079
164.738	0.05	Adapter 507Hz	22	0.507	70.00	0.079
175.005	0.05	Adapter 2423Hz Probe 3839Hz	24	2.423	70.00	0.285
175.085	0.05	Adapter 2423Hz Probe 3839Hz	24	2.423	70.00	0.285
175.165	0.05	Adapter 2423Hz Probe 3839Hz	24	2.423	70.00	0.285
175.245	0.05	Adapter 2423Hz Probe 3839Hz	24	2.423	70.00	0.285
175.325	0.05	Adapter 2423Hz Probe 3839Hz	24	3.839	70.00	0.437
175.505	0.05	Adapter 2423Hz Probe 3839Hz	24	2.423	70.00	0.285
175.585	0.05	Adapter 2423Hz Probe 3839Hz	24	2.423	70.00	0.285
175.665	0.05	Adapter 2423Hz Probe 3839Hz	24	2.423	70.00	0.285
175.745	0.05	Adapter 2423Hz Probe 3839Hz	24	2.423	70.00	0.285
175.825	0.05	Adapter 2423Hz Probe 3839Hz	24	3.839	70.00	0.437
176.005	0.05	Adapter 2423Hz Probe 3839Hz	24	2.423	70.00	0.285
176.085	0.05	Adapter 2423Hz Probe 3839Hz	24	2.423	70.00	0.285
176.165	0.05	Adapter 2423Hz Probe 3839Hz	24	2.423	70.00	0.285
176.245	0.05	Adapter 2423Hz Probe 3839Hz	24	2.423	70.00	0.285
176.325	0.05	Adapter 2423Hz Probe 3839Hz	24	3.839	70.00	0.437
176.505	0.05	Adapter 2423Hz Probe 3839Hz	24	2.423	70.00	0.285
176.585	0.05	Adapter 2423Hz Probe 3839Hz	24	2.423	70.00	0.285
176.665	0.05	Adapter 2423Hz Probe 3839Hz	24	2.423	70.00	0.285
176.745	0.05	Adapter 2423Hz Probe 3839Hz	24	2.423	70.00	0.285
176.825	0.05	Adapter 2423Hz Probe 3839Hz	24	3.839	70.00	0.437
177.005	0.05	Adapter 2423Hz Probe 3839Hz	24	2.423	70.00	0.285
177.085	0.05	Adapter 2423Hz Probe 3839Hz	24	2.423	70.00	0.285
177.165	0.05	Adapter 2423Hz Probe 3839Hz	24	2.423	70.00	0.285
177.245	0.05	Adapter 2423Hz Probe 3839Hz	24	2.423	70.00	0.285
177.325	0.05	Adapter 2423Hz Probe 3839Hz	24	3.839	70.00	0.437
177.505	0.05	Adapter 2423Hz Probe 3839Hz	24	2.423	70.00	0.285
177.585	0.05	Adapter 2423Hz Probe 3839Hz	24	2.423	70.00	0.285
177.665	0.05	Adapter 2423Hz Probe 3839Hz	24	2.423	70.00	0.285
177.745	0.05	Adapter 2423Hz Probe 3839Hz	24	2.423	70.00	0.285
177.825	0.05	Adapter 2423Hz Probe 3839Hz	24	3.839	70.00	0.437
178.005	0.05	Adapter 2423Hz Probe 3839Hz	24	2.423	70.00	0.285
178.085	0.05	Adapter 2423Hz Probe 3839Hz	24	2.423	70.00	0.285
178.165	0.05	Adapter 2423Hz Probe 3839Hz	24	2.423	70.00	0.285
178.245	0.05	Adapter 2423Hz Probe 3839Hz	24	2.423	70.00	0.285
178.325	0.05	Adapter 2423Hz Probe 3839Hz	24	3.839	70.00	0.437
178.505	0.05	Adapter 2423Hz Probe 3839Hz	24	2.423	70.00	0.285
178.585	0.05	Adapter 2423Hz Probe 3839Hz	24	2.423	70.00	0.285
178.665	0.05	Adapter 2423Hz Probe 3839Hz	24	2.423	70.00	0.285
178.745	0.05	Adapter 2423Hz Probe 3839Hz	24	2.423	70.00	0.285
178.825	0.05	Adapter 2423Hz Probe 3839Hz	24	3.839	70.00	0.437
179.005	0.05	Adapter 2423Hz Probe 3839Hz	24	2.423	70.00	0.285
179.085	0.05	Adapter 2423Hz Probe 3839Hz	24	2.423	70.00	0.285
179.165	0.05	Adapter 2423Hz Probe 3839Hz	24	2.423	70.00	0.285
179.245	0.05	Adapter 2423Hz Probe 3839Hz	24	2.423	70.00	0.285
179.325	0.05	Adapter 2423Hz Probe 3839Hz	24	3.839	70.00	0.437
179.505	0.05	Adapter 2423Hz Probe 3839Hz	24	2.423	70.00	0.285
179.585	0.05	Adapter 2423Hz Probe 3839Hz	24	2.423	70.00	0.285
179.665	0.05	Adapter 2423Hz Probe 3839Hz	24	2.423	70.00	0.285
179.745	0.05	Adapter 2423Hz Probe 3839Hz	24	2.423	70.00	0.285
179.825	0.05	Adapter 2423Hz Probe 3839Hz	24	3.839	70.00	0.437
182.493	0.05	Adapter 1501Hz	25	1.501	70.00	0.186
182.573	0.05	Adapter 1501Hz	25	1.501	70.00	0.186
182.653	0.05	Adapter 1501Hz	25	1.501	70.00	0.186
182.733	0.05	Adapter 1501Hz	25	1.501	70.00	0.186
182.993	0.05	Adapter 1501Hz	25	1.501	70.00	0.186
183.073	0.05	Adapter 1501Hz	25	1.501	70.00	0.186
183.153	0.05	Adapter 1501Hz	25	1.501	70.00	0.186
183.233	0.05	Adapter 1501Hz	25	1.501	70.00	0.186
183.493	0.05	Adapter 1501Hz	25	1.501	70.00	0.186
183.573	0.05	Adapter 1501Hz	25	1.501	70.00	0.186
183.653	0.05	Adapter 1501Hz	25	1.501	70.00	0.186
183.733	0.05	Adapter 1501Hz	25	1.501	70.00	0.186
183.993	0.05	Adapter 1501Hz	25	1.501	70.00	0.186
184.073	0.05	Adapter 1501Hz	25	1.501	70.00	0.186
184.153	0.05	Adapter 1501Hz	25	1.501	70.00	0.186
184.233	0.05	Adapter 1501Hz	25	1.501	70.00	0.186
184.493	0.05	Adapter 1501Hz	25	1.501	70.00	0.186
184.573	0.05	Adapter 1501Hz	25	1.501	70.00	0.186
184.653	0.05	Adapter 1501Hz	25	1.501	70.00	0.186
184.733	0.05	Adapter 1501Hz	25	1.501	70.00	0.186
184.993	0.05	Adapter 1501Hz	25	1.501	70.00	0.186
185.073	0.05	Adapter 1501Hz	25	1.501	70.00	0.186
185.153	0.05	Adapter 1501Hz	25	1.501	70.00	0.186
185.233	0.05	Adapter 1501Hz	25	1.501	70.00	0.186
185.493	0.05	Adapter 1501Hz	25	1.501	70.00	0.186
185.573	0.05	Adapter 1501Hz	25	1.501	70.00	0.186
185.653	0.05	Adapter 1501Hz	25	1.501	70.00	0.186
185.733	0.05	Adapter 1501Hz	25	1.501	70.00	0.186
185.993	0.05	Adapter 1501Hz	25	1.501	70.00	0.186
186.073	0.05	Adapter 1501Hz	25	1.501	70.00	0.186
186.153	0.05	Adapter 1501Hz	25	1.501	70.00	0.186
186.233	0.05	Adapter 1501Hz	25	1.501	70.00	0.186
186.493	0.05	Adapter 1501Hz	25	1.501	70.00	0.186
186.573	0.05	Adapter 1501Hz	25	1.501	70.00	0.186
186.653	0.05	Adapter 1501Hz	25	1.501	70.00	0.186
186.733	0.05	Adapter 1501Hz	25	1.501	70.00	0.186
186.993	0.05	Adapter 1501Hz	25	1.501	70.00	0.186
187.073	0.05	Adapter 1501Hz	25	1.501	70.00	0.186
187.153	0.05	Adapter 1501Hz	25	1.501	70.00	0.186
187.233	0.05	Adapter 1501Hz	25	1.501	70.00	0.186
189.965	0.05	Adapter 507Hz Probe 3839Hz	26	0.507	70.00	0.079
190.045	0.05	Adapter 507Hz Probe 3839Hz	26	0.507	70.00	0.079
190.125	0.05	Adapter 507Hz Probe 3839Hz	26	0.507	70.00	0.079
190.205	0.05	Adapter 507Hz Probe 3839Hz	26	0.507	70.00	0.079
190.285	0.05	Adapter 507Hz Probe 3839Hz	26	3.839	70.00	0.437
190.465	0.05	Adapter 507Hz Probe 3839Hz	26	0.507	70.00	0.079
190.545	0.05	Adapter 507Hz Probe 3839Hz	26	0.507	70.00	0.079
190.625	0.05	Adapter 507Hz Probe 3839Hz	26	0.507	70.00	0.079
190.705	0.05	Adapter 507Hz Probe 3839Hz	26	0.507	70.00	0.079
190.785	0.05	Adapter 507Hz Probe 3839Hz	26	3.839	70.00	0.437
190.965	0.05	Adapter 507Hz Probe 3839Hz	26	0.507	70.00	0.079
191.045	0.05	Adapter 507Hz Probe 3839Hz	26	0.507	70.00	0.079
191.125	0.05	Adapter 507Hz Probe 3839Hz	26	0.507	70.00	0.079
191.205	0.05	Adapter 507Hz Probe 3839Hz	26	0.507	70.00	0.079
191.285	0.05	Adapter 507Hz Probe 3839Hz	26	3.839	70.00	0.437
191.465	0.05	Adapter 507Hz Probe 3839Hz	26	0.507	70.00	0.079
191.545	0.05	Adapter 507Hz Probe 3839Hz	26	0.507	70.00	0.079
191.625	0.05	Adapter 507Hz Probe 3839Hz	26	0.507	70.00	0.079
191.705	0.05	Adapter 507Hz Probe 3839Hz	26	0.507	70.00	0.079
191.785	0.05	Adapter 507Hz Probe 3839Hz	26	3.839	70.00	0.437
191.965	0.05	Adapter 507Hz Probe 3839Hz	26	0.507	70.00	0.079
192.045	0.05	Adapter 507Hz Probe 3839Hz	26	0.507	70.00	0.079
192.125	0.05	Adapter 507Hz Probe 3839Hz	26	0.507	70.00	0.079
192.205	0.05	Adapter 507Hz Probe 3839Hz	26	0.507	70.00	0.079
192.285	0.05	Adapter 507Hz Probe 3839Hz	26	3.839	70.00	0.437
192.465	0.05	Adapter 507Hz Probe 3839Hz	26	0.507	70.00	0.079
192.545	0.05	Adapter 507Hz Probe 3839Hz	26	0.507	70.00	0.079
192.625	0.05	Adapter 507Hz Probe 3839Hz	26	0.507	70.00	0.079
192.705	0.05	Adapter 507Hz Probe 3839Hz	26	0.507	70.00	0.079
192.785	0.05	Adapter 507Hz Probe 3839Hz	26	3.839	70.00	0.437
192.965	0.05	Adapter 507Hz Probe 3839Hz	26	0.507	70.00	0.079
193.045	0.05	Adapter 507Hz Probe 3839Hz	26	0.507	70.00	0.079
193.125	0.05	Adapter 507Hz Probe 3839Hz	26	0.507	70.00	0.079
193.205	0.05	Adapter 507Hz Probe 3839Hz	26	0.507	70.00	0.079
193.285	0.05	Adapter 507Hz Probe 3839Hz	26	3.839	70.00	0.437
193.465	0.05	Adapter 507Hz Probe 3839Hz	26	0.507	70.00	0.079
193.545	0.05	Adapter 507Hz Probe 3839Hz	26	0.507	70.00	0.079
193.625	0.05	Adapter 507Hz Probe 3839Hz	26	0.507	70.00	0.079
193.705	0.05	Adapter 507Hz Probe 3839Hz	26	0.507	70.00	0.079
193.785	0.05	Adapter 507Hz Probe 3839Hz	26	3.839	70.00	0.437
193.965	0.05	Adapter 507Hz Probe 3839Hz	26	0.507	70.00	0.079
194.045	0.05	Adapter 507Hz Probe 3839Hz	26	0.507	70.00	0.079
194.125	0.05	Adapter 507Hz Probe 3839Hz	26	0.507	70.00	0.079
194.205	0.05	Adapter 507Hz Probe 3839Hz	26	0.507	70.00	0.079
194.285	0.05	Adapter 507Hz Probe 3839Hz	26	3.839	70.00	0.437
194.465	0.05	Adapter 507Hz Probe 3839Hz	26	0.507	70.00	0.079
194.545	0.05	Adapter 507Hz Probe 3839Hz	26	0.507	70.00	0.079
194.625	0.05	Adapter 507Hz Probe 3839Hz	26	0.507	70.00	0.079
194.705	0.05	Adapter 507Hz Probe 3839Hz	26	0.507	70.00	0.079
194.785	0.05	Adapter 507Hz Probe 3839Hz	26	3.839	70.00	0.437
197.469	0.05	Adapter 899Hz Probe 3839Hz	27	0.899	70.00	0.121
197.549	0.05	Adapter 899Hz Probe 3839Hz	27	0.899	70.00	0.121
197.629	0.05	Adapter 899Hz Probe 3839Hz	27	0.899	70.00	0.121
197.709	0.05	Adapter 899Hz Probe 3839Hz	27	0.899	70.00	0.121
197.789	0.05	Adapter 899Hz Probe 3839Hz	27	3.839	70.00	0.437
197.969	0.05	Adapter 899Hz Probe 3839Hz	27	0.899	70.00	0.121
198.049	0.05	Adapter 899Hz Probe 3839Hz	27	0.899	70.00	0.121
198.129	0.05	Adapter 899Hz Probe 3839Hz	27	0.899	70.00	0.121
198.209	0.05	Adapter 899Hz Probe 3839Hz	27	0.899	70.00	0.121
198.289	0.05	Adapter 899Hz Probe 3839Hz	27	3.839	70.00	0.437
198.469	0.05	Adapter 899Hz Probe 3839Hz	27	0.899	70.00	0.121
198.549	0.05	Adapter 899Hz Probe 3839Hz	27	0.899	70.00	0.121
198.629	0.05	Adapter 899Hz Probe 3839Hz	27	0.899	70.00	0.121
198.709	0.05	Adapter 899Hz Probe 3839Hz	27	0.899	70.00	0.121
198.789	0.05	Adapter 899Hz Probe 3839Hz	27	3.839	70.00	0.437
198.969	0.05	Adapter 899Hz Probe 3839Hz	27	0.899	70.00	0.121
199.049	0.05	Adapter 899Hz Probe 3839Hz	27	0.899	70.00	0.121
199.129	0.05	Adapter 899Hz Probe 3839Hz	27	0.899	70.00	0.121
199.209	0.05	Adapter 899Hz Probe 3839Hz	27	0.899	70.00	0.121
199.289	0.05	Adapter 899Hz Probe 3839Hz	27	3.839	70.00	0.437
199.469	0.05	Adapter 899Hz Probe 3839Hz	27	0.899	70.00	0.121
199.549	0.05	Adapter 899Hz Probe 3839Hz	27	0.899	70.00	0.121
199.629	0.05	Adapter 899Hz Probe 3839Hz	27	0.899	70.00	0.121
199.709	0.05	Adapter 899Hz Probe 3839Hz	27	0.899	70.00	0.121
199.789	0.05	Adapter 899Hz Probe 3839Hz	27	3.839	70.00	0.437
199.969	0.05	Adapter 899Hz Probe 3839Hz	27	0.899	70.00	0.121
200.049	0.05	Adapter 899Hz Probe 3839Hz	27	0.899	70.00	0.121
200.129	0.05	Adapter 899Hz Probe 3839Hz	27	0.899	70.00	0.121
200.209	0.05	Adapter 899Hz Probe 3839Hz	27	0.899	70.00	0.121
200.289	0.05	Adapter 899Hz Probe 3839Hz	27	3.839	70.00	0.437
200.469	0.05	Adapter 899Hz Probe 3839Hz	27	0.899	70.00	0.121
200.549	0.05	Adapter 899Hz Probe 3839Hz	27	0.899	70.00	0.121
200.629	0.05	Adapter 899Hz Probe 3839Hz	27	0.899	70.00	0.121
200.709	0.05	Adapter 899Hz Probe 3839Hz	27	0.899	70.00	0.121
200.789	0.05	Adapter 899Hz Probe 3839Hz	27	3.839	70.00	0.437
200.969	0.05	Adapter 899Hz Probe 3839Hz	27	0.899	70.00	0.121
201.049	0.05	Adapter 899Hz Probe 3839Hz	27	0.899	70.00	0.121
201.129	0.05	Adapter 899Hz Probe 3839Hz	27	0.899	70.00	0.121
201.209	0.05	Adapter 899Hz Probe 3839Hz	27	0.899	70.00	0.121
201.289	0.05	Adapter 899Hz Probe 3839Hz	27	3.839	70.00	0.437
201.469	0.05	Adapter 899Hz Probe 3839Hz	27	0.899	70.00	0.121
201.549	0.05	Adapter 899Hz Probe 3839Hz	27	0.899	70.00	0.121
201.629	0.05	Adapter 899Hz Probe 3839Hz	27	0.899	70.00	0.121
201.709	0.05	Adapter 899Hz Probe 3839Hz	27	0.899	70.00	0.121
201.789	0.05	Adapter 899Hz Probe 3839Hz	27	3.839	70.00	0.437
201.969	0.05	Adapter 899Hz Probe 3839Hz	27	0.899	70.00	0.121
202.049	0.05	Adapter 899Hz Probe 3839Hz	27	0.899	70.00	0.121
202.129	0.05	Adapter 899Hz Probe 3839Hz	27	0.899	70.00	0.121
202.209	0.05	Adapter 899Hz Probe 3839Hz	27	0.899	70.00	0.121
202.289	0.05	Adapter 899Hz Probe 3839Hz	27	3.839	70.00	0.437
204.988	0.05	Adapter 2423Hz	28	2.423	70.00	0.285
205.068	0.05	Adapter 2423Hz	28	2.423	70.00	0.285
205.148	0.05	Adapter 2423Hz	28	2.423	70.00	0.285
205.228	0.05	Adapter 2423Hz	28	2.423	70.00	0.285
205.488	0.05	Adapter 2423Hz	28	2.423	70.00	0.285
205.568	0.05	Adapter 2423Hz	28	2.423	70.00	0.285
205.648	0.05	Adapter 2423Hz	28	2.423	70.00	0.285
205.728	0.05	Adapter 2423Hz	28	2.423	70.00	0.285
205.988	0.05	Adapter 2423Hz	28	2.423	70.00	0.285
206.068	0.05	Adapter 2423Hz	28	2.423	70.00	0.285
206.148	0.05	Adapter 2423Hz	28	2.423	70.00	0.285
206.228	0.05	Adapter 2423Hz	28	2.423	70.00	0.285
206.488	0.05	Adapter 2423Hz	28	2.423	70.00	0.285
206.568	0.05	Adapter 2423Hz	28	2.423	70.00	0.285
206.648	0.05	Adapter 2423Hz	28	2.423	70.00	0.285
206.728	0.05	Adapter 2423Hz	28	2.423	70.00	0.285
206.988	0.05	Adapter 2423Hz	28	2.423	70.00	0.285
207.068	0.05	Adapter 2423Hz	28	2.423	70.00	0.285
207.148	0.05	Adapter 2423Hz	28	2.423	70.00	0.285
207.228	0.05	Adapter 2423Hz	28	2.423	70.00	0.285
207.488	0.05	Adapter 2423Hz	28	2.423	70.00	0.285
207.568	0.05	Adapter 2423Hz	28	2.423	70.00	0.285
207.648	0.05	Adapter 2423Hz	28	2.423	70.00	0.285
207.728	0.05	Adapter 2423Hz	28	2.423	70.00	0.285
207.988	0.05	Adapter 2423Hz	28	2.423	70.00	0.285
208.068	0.05	Adapter 2423Hz	28	2.423	70.00	0.285
208.148	0.05	Adapter 2423Hz	28	2.423	70.00	0.285
208.228	0.05	Adapter 2423Hz	28	2.423	70.00	0.285
208.488	0.05	Adapter 2423Hz	28	2.423	70.00	0.285
208.568	0.05	Adapter 2423Hz	28	2.423	70.00	0.285
208.648	0.05	Adapter 2423Hz	28	2.423	70.00	0.285
208.728	0.05	Adapter 2423Hz	28	2.423	70.00	0.285
208.988	0.05	Adapter 2423Hz	28	2.423	70.00	0.285
209.068	0.05	Adapter 2423Hz	28	2.423	70.00	0.285
209.148	0.05	Adapter 2423Hz	28	2.423	70.00	0.285
209.228	0.05	Adapter 2423Hz	28	2.423	70.00	0.285
209.488	0.05	Adapter 2423Hz	28	2.423	70.00	0.285
209.568	0.05	Adapter 2423Hz	28	2.423	70.00	0.285
209.648	0.05	Adapter 2423Hz	28	2.423	70.00	0.285
209.728	0.05	Adapter 2423Hz	28	2.423	70.00	0.285
212.492	0.05	Adapter 6009Hz	29	6.009	70.00	0.671
212.572	0.05	Adapter 6009Hz	29	6.009	70.00	0.671
212.652	0.05	Adapter 6009Hz	29	6.009	70.00	0.671
212.732	0.05	Adapter 6009Hz	29	6.009	70.00	0.671
212.992	0.05	Adapter 6009Hz	29	6.009	70.00	0.671
213.072	0.05	Adapter 6009Hz	29	6.009	70.00	0.671
213.152	0.05	Adapter 6009Hz	29	6.009	70.00	0.671
213.232	0.05	Adapter 6009Hz	29	6.009	70.00	0.671
213.492	0.05	Adapter 6009Hz	29	6.009	70.00	0.671
213.572	0.05	Adapter 6009Hz	29	6.009	70.00	0.671
213.652	0.05	Adapter 6009Hz	29	6.009	70.00	0.671
213.732	0.05	Adapter 6009Hz	29	6.009	70.00	0.671
213.992	0.05	Adapter 6009Hz	29	6.009	70.00	0.671
214.072	0.05	Adapter 6009Hz	29	6.009	70.00	0.671
214.152	0.05	Adapter 6009Hz	29	6.009	70.00	0.671
214.232	0.05	Adapter 6009Hz	29	6.009	70.00	0.671
214.492	0.05	Adapter 6009Hz	29	6.009	70.00	0.671
214.572	0.05	Adapter 6009Hz	29	6.009	70.00	0.671
214.652	0.05	Adapter 6009Hz	29	6.009	70.00	0.671
214.732	0.05	Adapter 6009Hz	29	6.009	70.00	0.671
214.992	0.05	Adapter 6009Hz	29	6.009	70.00	0.671
215.072	0.05	Adapter 6009Hz	29	6.009	70.00	0.671
215.152	0.05	Adapter 6009Hz	29	6.009	70.00	0.671
215.232	0.05	Adapter 6009Hz	29	6.009	70.00	0.671
215.492	0.05	Adapter 6009Hz	29	6.009	70.00	0.671
215.572	0.05	Adapter 6009Hz	29	6.009	70.00	0.671
215.652	0.05	Adapter 6009Hz	29	6.009	70.00	0.671
215.732	0.05	Adapter 6009Hz	29	6.009	70.00	0.671
215.992	0.05	Adapter 6009Hz	29	6.009	70.00	0.671
216.072	0.05	Adapter 6009Hz	29	6.009	70.00	0.671
216.152	0.05	Adapter 6009Hz	29	6.009	70.00	0.671
216.232	0.05	Adapter 6009Hz	29	6.009	70.00	0.671
216.492	0.05	Adapter 6009Hz	29	6.009	70.00	0.671
216.572	0.05	Adapter 6009Hz	29	6.009	70.00	0.671
216.652	0.05	Adapter 6009Hz	29	6.009	70.00	0.671
216.732	0.05	Adapter 6009Hz	29	6.009	70.00	0.671
216.992	0.05	Adapter 6009Hz	29	6.009	70.00	0.671
217.072	0.05	Adapter 6009Hz	29	6.009	70.00	0.671
217.152	0.05	Adapter 6009Hz	29	6.009	70.00	0.671
217.232	0.05	Adapter 6009Hz	29	6.009	70.00	0.671
220.011	0.05	Adapter 1501Hz Probe 3839Hz	30	1.501	70.00	0.186
220.091	0.05	Adapter 1501Hz Probe 3839Hz	30	1.501	70.00	0.186
220.171	0.05	Adapter 1501Hz Probe 3839Hz	30	1.501	70.00	0.186
220.251	0.05	Adapter 1501Hz Probe 3839Hz	30	1.501	70.00	0.186
220.331	0.05	Adapter 1501Hz Probe 3839Hz	30	3.839	70.00	0.437
220.511	0.05	Adapter 1501Hz Probe 3839Hz	30	1.501	70.00	0.186
220.591	0.05	Adapter 1501Hz Probe 3839Hz	30	1.501	70.00	0.186
220.671	0.05	Adapter 1501Hz Probe 3839Hz	30	1.501	70.00	0.186
220.751	0.05	Adapter 1501Hz Probe 3839Hz	30	1.501	70.00	0.186
220.831	0.05	Adapter 1501Hz Probe 3839Hz	30	3.839	70.00	0.437
221.011	0.05	Adapter 1501Hz Probe 3839Hz	30	1.501	70.00	0.186
221.091	0.05	Adapter 1501Hz Probe 3839Hz	30	1.501	70.00	0.186
221.171	0.05	Adapter 1501Hz Probe 3839Hz	30	1.501	70.00	0.186
221.251	0.05	Adapter 1501Hz Probe 3839Hz	30	1.501	70.00	0.186
221.331	0.05	Adapter 1501Hz Probe 3839Hz	30	3.839	70.00	0.437
221.511	0.05	Adapter 1501Hz Probe 3839Hz	30	1.501	70.00	0.186
221.591	0.05	Adapter 1501Hz Probe 3839Hz	30	1.501	70.00	0.186
221.671	0.05	Adapter 1501Hz Probe 3839Hz	30	1.501	70.00	0.186
221.751	0.05	Adapter 1501Hz Probe 3839Hz	30	1.501	70.00	0.186
221.831	0.05	Adapter 1501Hz Probe 3839Hz	30	3.839	70.00	0.437
222.011	0.05	Adapter 1501Hz Probe 3839Hz	30	1.501	70.00	0.186
222.091	0.05	Adapter 1501Hz Probe 3839Hz	30	1.501	70.00	0.186
222.171	0.05	Adapter 1501Hz Probe 3839Hz	30	1.501	70.00	0.186
222.251	0.05	Adapter 1501Hz Probe 3839Hz	30	1.501	70.00	0.186
222.331	0.05	Adapter 1501Hz Probe 3839Hz	30	3.839	70.00	0.437
222.511	0.05	Adapter 1501Hz Probe 3839Hz	30	1.501	70.00	0.186
222.591	0.05	Adapter 1501Hz Probe 3839Hz	30	1.501	70.00	0.186
222.671	0.05	Adapter 1501Hz Probe 3839Hz	30	1.501	70.00	0.186
222.751	0.05	Adapter 1501Hz Probe 3839Hz	30	1.501	70.00	0.186
222.831	0.05	Adapter 1501Hz Probe 3839Hz	30	3.839	70.00	0.437
223.011	0.05	Adapter 1501Hz Probe 3839Hz	30	1.501	70.00	0.186
223.091	0.05	Adapter 1501Hz Probe 3839Hz	30	1.501	70.00	0.186
223.171	0.05	Adapter 1501Hz Probe 3839Hz	30	1.501	70.00	0.186
223.251	0.05	Adapter 1501Hz Probe 3839Hz	30	1.501	70.00	0.186
223.331	0.05	Adapter 1501Hz Probe 3839Hz	30	3.839	70.00	0.437
223.511	0.05	Adapter 1501Hz Probe 3839Hz	30	1.501	70.00	0.186
223.591	0.05	Adapter 1501Hz Probe 3839Hz	30	1.501	70.00	0.186
223.671	0.05	Adapter 1501Hz Probe 3839Hz	30	1.501	70.00	0.186
223.751	0.05	Adapter 1501Hz Probe 3839Hz	30	1.501	70.00	0.186
223.831	0.05	Adapter 1501Hz Probe 3839Hz	30	3.839	70.00	0.437
224.011	0.05	Adapter 1501Hz Probe 3839Hz	30	1.501	70.00	0.186
224.091	0.05	Adapter 1501Hz Probe 3839Hz	30	1.501	70.00	0.186
224.171	0.05	Adapter 1501Hz Probe 3839Hz	30	1.501	70.00	0.186
224.251	0.05	Adapter 1501Hz Probe 3839Hz	30	1.501	70.00	0.186
224.331	0.05	Adapter 1501Hz Probe 3839Hz	30	3.839	70.00	0.437
224.511	0.05	Adapter 1501Hz Probe 3839Hz	30	1.501	70.00	0.186
224.591	0.05	Adapter 1501Hz Probe 3839Hz	30	1.501	70.00	0.186
224.671	0.05	Adapter 1501Hz Probe 3839Hz	30	1.501	70.00	0.186
224.751	0.05	Adapter 1501Hz Probe 3839Hz	30	1.501	70.00	0.186
224.831	0.05	Adapter 1501Hz Probe 3839Hz	30	3.839	70.00	0.437
242.475	0.05	Adapter 3839Hz	33	3.839	70.00	0.437
242.555	0.05	Adapter 3839Hz	33	3.839	70.00	0.437
242.635	0.05	Adapter 3839Hz	33	3.839	70.00	0.437
242.715	0.05	Adapter 3839Hz	33	3.839	70.00	0.437
242.975	0.05	Adapter 3839Hz	33	3.839	70.00	0.437
243.055	0.05	Adapter 3839Hz	33	3.839	70.00	0.437
243.135	0.05	Adapter 3839Hz	33	3.839	70.00	0.437
243.215	0.05	Adapter 3839Hz	33	3.839	70.00	0.437
243.475	0.05	Adapter 3839Hz	33	3.839	70.00	0.437
243.555	0.05	Adapter 3839Hz	33	3.839	70.00	0.437
243.635	0.05	Adapter 3839Hz	33	3.839	70.00	0.437
243.715	0.05	Adapter 3839Hz	33	3.839	70.00	0.437
243.975	0.05	Adapter 3839Hz	33	3.839	70.00	0.437
244.055	0.05	Adapter 3839Hz	33	3.839	70.00	0.437
244.135	0.05	Adapter 3839Hz	33	3.839	70.00	0.437
244.215	0.05	Adapter 3839Hz	33	3.839	70.00	0.437
244.475	0.05	Adapter 3839Hz	33	3.839	70.00	0.437
244.555	0.05	Adapter 3839Hz	33	3.839	70.00	0.437
244.635	0.05	Adapter 3839Hz	33	3.839	70.00	0.437
244.715	0.05	Adapter 3839Hz	33	3.839	70.00	0.437
244.975	0.05	Adapter 3839Hz	33	3.839	70.00	0.437
245.055	0.05	Adapter 3839Hz	33	3.839	70.00	0.437
245.135	0.05	Adapter 3839Hz	33	3.839	70.00	0.437
245.215	0.05	Adapter 3839Hz	33	3.839	70.00	0.437
245.475	0.05	Adapter 3839Hz	33	3.839	70.00	0.437
245.555	0.05	Adapter 3839Hz	33	3.839	70.00	0.437
245.635	0.05	Adapter 3839Hz	33	3.839	70.00	0.437
245.715	0.05	Adapter 3839Hz	33	3.839	70.00	0.437
245.975	0.05	Adapter 3839Hz	33	3.839	70.00	0.437
246.055	0.05	Adapter 3839Hz	33	3.839	70.00	0.437
246.135	0.05	Adapter 3839Hz	33	3.839	70.00	0.437
246.215	0.05	Adapter 3839Hz	33	3.839	70.00	0.437
246.475	0.05	Adapter 3839Hz	33	3.839	70.00	0.437
246.555	0.05	Adapter 3839Hz	33	3.839	70.00	0.437
246.635	0.05	Adapter 3839Hz	33	3.839	70.00	0.437
246.715	0.05	Adapter 3839Hz	33	3.839	70.00	0.437
246.975	0.05	Adapter 3839Hz	33	3.839	70.00	0.437
247.055	0.05	Adapter 3839Hz	33	3.839	70.00	0.437
247.135	0.05	Adapter 3839Hz	33	3.839	70.00	0.437
247.215	0.05	Adapter 3839Hz	33	3.839	70.00	0.437
249.979	0.05	Adapter 507Hz	34	0.507	70.00	0.079
250.059	0.05	Adapter 507Hz	34	0.507	70.00	0.079
250.139	0.05	Adapter 507Hz	34	0.507	70.00	0.079
250.219	0.05	Adapter 507Hz	34	0.507	70.00	0.079
250.479	0.05	Adapter 507Hz	34	0.507	70.00	0.079
250.559	0.05	Adapter 507Hz	34	0.507	70.00	0.079
250.639	0.05	Adapter 507Hz	34	0.507	70.00	0.079
250.719	0.05	Adapter 507Hz	34	0.507	70.00	0.079
250.979	0.05	Adapter 507Hz	34	0.507	70.00	0.079
251.059	0.05	Adapter 507Hz	34	0.507	70.00	0.079
251.139	0.05	Adapter 507Hz	34	0.507	70.00	0.079
251.219	0.05	Adapter 507Hz	34	0.507	70.00	0.079
251.479	0.05	Adapter 507Hz	34	0.507	70.00	0.079
251.559	0.05	Adapter 507Hz	34	0.507	70.00	0.079
251.639	0.05	Adapter 507Hz	34	0.507	70.00	0.079
251.719	0.05	Adapter 507Hz	34	0.507	70.00	0.079
251.979	0.05	Adapter 507Hz	34	0.507	70.00	0.079
252.059	0.05	Adapter 507Hz	34	0.507	70.00	0.079
252.139	0.05	Adapter 507Hz	34	0.507	70.00	0.079
252.219	0.05	Adapter 507Hz	34	0.507	70.00	0.079
252.479	0.05	Adapter 507Hz	34	0.507	70.00	0.079
252.559	0.05	Adapter 507Hz	34	0.507	70.00	0.079
252.639	0.05	Adapter 507Hz	34	0.507	70.00	0.079
252.719	0.05	Adapter 507Hz	34	0.507	70.00	0.079
252.979	0.05	Adapter 507Hz	34	0.507	70.00	0.079
253.059	0.05	Adapter 507Hz	34	0.507	70.00	0.079
253.139	0.05	Adapter 507Hz	34	0.507	70.00	0.079
253.219	0.05	Adapter 507Hz	34	0.507	70.00	0.079
253.479	0.05	Adapter 507Hz	34	0.507	70.00	0.079
253.559	0.05	Adapter 507Hz	34	0.507	70.00	0.079
253.639	0.05	Adapter 507Hz	34	0.507	70.00	0.079
253.719	0.05	Adapter 507Hz	34	0.507	70.00	0.079
253.979	0.05	Adapter 507Hz	34	0.507	70.00	0.079
254.059	0.05	Adapter 507Hz	34	0.507	70.00	0.079
254.139	0.05	Adapter 507Hz	34	0.507	70.00	0.079
254.219	0.05	Adapter 507Hz	34	0.507	70.00	0.079
254.479	0.05	Adapter 507Hz	34	0.507	70.00	0.079
254.559	0.05	Adapter 507Hz	34	0.507	70.00	0.079
254.639	0.05	Adapter 507Hz	34	0.507	70.00	0.079
254.719	0.05	Adapter 507Hz	34	0.507	70.00	0.079
257.514	0.05	Adapter 899Hz Probe 3839Hz	35	0.899	70.00	0.121
257.594	0.05	Adapter 899Hz Probe 3839Hz	35	0.899	70.00	0.121
257.674	0.05	Adapter 899Hz Probe 3839Hz	35	0.899	70.00	0.121
257.754	0.05	Adapter 899Hz Probe 3839Hz	35	0.899	70.00	0.121
257.834	0.05	Adapter 899Hz Probe 3839Hz	35	3.839	70.00	0.437
258.014	0.05	Adapter 899Hz Probe 3839Hz	35	0.899	70.00	0.121
258.094	0.05	Adapter 899Hz Probe 3839Hz	35	0.899	70.00	0.121
258.174	0.05	Adapter 899Hz Probe 3839Hz	35	0.899	70.00	0.121
258.254	0.05	Adapter 899Hz Probe 3839Hz	35	0.899	70.00	0.121
258.334	0.05	Adapter 899Hz Probe 3839Hz	35	3.839	70.00	0.437
258.514	0.05	Adapter 899Hz Probe 3839Hz	35	0.899	70.00	0.121
258.594	0.05	Adapter 899Hz Probe 3839Hz	35	0.899	70.00	0.121
258.674	0.05	Adapter 899Hz Probe 3839Hz	35	0.899	70.00	0.121
258.754	0.05	Adapter 899Hz Probe 3839Hz	35	0.899	70.00	0.121
258.834	0.05	Adapter 899Hz Probe 3839Hz	35	3.839	70.00	0.437
259.014	0.05	Adapter 899Hz Probe 3839Hz	35	0.899	70.00	0.121
259.094	0.05	Adapter 899Hz Probe 3839Hz	35	0.899	70.00	0.121
259.174	0.05	Adapter 899Hz Probe 3839Hz	35	0.899	70.00	0.121
259.254	0.05	Adapter 899Hz Probe 3839Hz	35	0.899	70.00	0.121
259.334	0.05	Adapter 899Hz Probe 3839Hz	35	3.839	70.00	0.437
259.514	0.05	Adapter 899Hz Probe 3839Hz	35	0.899	70.00	0.121
259.594	0.05	Adapter 899Hz Probe 3839Hz	35	0.899	70.00	0.121
259.674	0.05	Adapter 899Hz Probe 3839Hz	35	0.899	70.00	0.121
259.754	0.05	Adapter 899Hz Probe 3839Hz	35	0.899	70.00	0.121
259.834	0.05	Adapter 899Hz Probe 3839Hz	35	3.839	70.00	0.437
260.014	0.05	Adapter 899Hz Probe 3839Hz	35	0.899	70.00	0.121
260.094	0.05	Adapter 899Hz Probe 3839Hz	35	0.899	70.00	0.121
260.174	0.05	Adapter 899Hz Probe 3839Hz	35	0.899	70.00	0.121
260.254	0.05	Adapter 899Hz Probe 3839Hz	35	0.899	70.00	0.121
260.334	0.05	Adapter 899Hz Probe 3839Hz	35	3.839	70.00	0.437
260.514	0.05	Adapter 899Hz Probe 3839Hz	35	0.899	70.00	0.121
260.594	0.05	Adapter 899Hz Probe 3839Hz	35	0.899	70.00	0.121
260.674	0.05	Adapter 899Hz Probe 3839Hz	35	0.899	70.00	0.121
260.754	0.05	Adapter 899Hz Probe 3839Hz	35	0.899	70.00	0.121
260.834	0.05	Adapter 899Hz Probe 3839Hz	35	3.839	70.00	0.437
261.014	0.05	Adapter 899Hz Probe 3839Hz	35	0.899	70.00	0.121
261.094	0.05	Adapter 899Hz Probe 3839Hz	35	0.899	70.00	0.121
261.174	0.05	Adapter 899Hz Probe 3839Hz	35	0.899	70.00	0.121
261.254	0.05	Adapter 899Hz Probe 3839Hz	35	0.899	70.00	0.121
261.334	0.05	Adapter 899Hz Probe 3839Hz	35	3.839	70.00	0.437
261.514	0.05	Adapter 899Hz Probe 3839Hz	35	0.899	70.00	0.121
261.594	0.05	Adapter 899Hz Probe 3839Hz	35	0.899	70.00	0.121
261.674	0.05	Adapter 899Hz Probe 3839Hz	35	0.899	70.00	0.121
261.754	0.05	Adapter 899Hz Probe 3839Hz	35	0.899	70.00	0.121
261.834	0.05	Adapter 899Hz Probe 3839Hz	35	3.839	70.00	0.437
262.014	0.05	Adapter 899Hz Probe 3839Hz	35	0.899	70.00	0.121
262.094	0.05	Adapter 899Hz Probe 3839Hz	35	0.899	70.00	0.121
262.174	0.05	Adapter 899Hz Probe 3839Hz	35	0.899	70.00	0.121
262.254	0.05	Adapter 899Hz Probe 3839Hz	35	0.899	70.00	0.121
262.334	0.05	Adapter 899Hz Probe 3839Hz	35	3.839	70.00	0.437
265.017	0.05	Adapter 251Hz	36	0.251	70.00	0.052
265.097	0.05	Adapter 251Hz	36	0.251	70.00	0.052
265.177	0.05	Adapter 251Hz	36	0.251	70.00	0.052
265.257	0.05	Adapter 251Hz	36	0.251	70.00	0.052
265.517	0.05	Adapter 251Hz	36	0.251	70.00	0.052
265.597	0.05	Adapter 251Hz	36	0.251	70.00	0.052
265.677	0.05	Adapter 251Hz	36	0.251	70.00	0.052
265.757	0.05	Adapter 251Hz	36	0.251	70.00	0.052
266.017	0.05	Adapter 251Hz	36	0.251	70.00	0.052
266.097	0.05	Adapter 251Hz	36	0.251	70.00	0.052
266.177	0.05	Adapter 251Hz	36	0.251	70.00	0.052
266.257	0.05	Adapter 251Hz	36	0.251	70.00	0.052
266.517	0.05	Adapter 251Hz	36	0.251	70.00	0.052
266.597	0.05	Adapter 251Hz	36	0.251	70.00	0.052
266.677	0.05	Adapter 251Hz	36	0.251	70.00	0.052
266.757	0.05	Adapter 251Hz	36	0.251	70.00	0.052
267.017	0.05	Adapter 251Hz	36	0.251	70.00	0.052
267.097	0.05	Adapter 251Hz	36	0.251	70.00	0.052
267.177	0.05	Adapter 251Hz	36	0.251	70.00	0.052
267.257	0.05	Adapter 251Hz	36	0.251	70.00	0.052
267.517	0.05	Adapter 251Hz	36	0.251	70.00	0.052
267.597	0.05	Adapter 251Hz	36	0.251	70.00	0.052
267.677	0.05	Adapter 251Hz	36	0.251	70.00	0.052
267.757	0.05	Adapter 251Hz	36	0.251	70.00	0.052
268.017	0.05	Adapter 251Hz	36	0.251	70.00	0.052
268.097	0.05	Adapter 251Hz	36	0.251	70.00	0.052
268.177	0.05	Adapter 251Hz	36	0.251	70.00	0.052
268.257	0.05	Adapter 251Hz	36	0.251	70.00	0.052
268.517	0.05	Adapter 251Hz	36	0.251	70.00	0.052
268.597	0.05	Adapter 251Hz	36	0.251	70.00	0.052
268.677	0.05	Adapter 251Hz	36	0.251	70.00	0.052
268.757	0.05	Adapter 251Hz	36	0.251	70.00	0.052
269.017	0.05	Adapter 251Hz	36	0.251	70.00	0.052
269.097	0.05	Adapter 251Hz	36	0.251	70.00	0.052
269.177	0.05	Adapter 251Hz	36	0.251	70.00	0.052
269.257	0.05	Adapter 251Hz	36	0.251	70.00	0.052
269.517	0.05	Adapter 251Hz	36	0.251	70.00	0.052
269.597	0.05	Adapter 251Hz	36	0.251	70.00	0.052
269.677	0.05	Adapter 251Hz	36	0.251	70.00	0.052
269.757	0.05	Adapter 251Hz	36	0.251	70.00	0.052
272.825	0.05	Probe 3839Hz	37	3.839	70.00	0.437
273.325	0.05	Probe 3839Hz	37	3.839	70.00	0.437
273.825	0.05	Probe 3839Hz	37	3.839	70.00	0.437
274.325	0.05	Probe 3839Hz	37	3.839	70.00	0.437
274.825	0.05	Probe 3839Hz	37	3.839	70.00	0.437
275.325	0.05	Probe 3839Hz	37	3.839	70.00	0.437
275.825	0.05	Probe 3839Hz	37	3.839	70.00	0.437
276.325	0.05	Probe 3839Hz	37	3.839	70.00	0.437
276.825	0.05	Probe 3839Hz	37	3.839	70.00	0.437
277.325	0.05	Probe 3839Hz	37	3.839	70.00	0.437
280.024	0.05	Adapter 1501Hz	38	1.501	70.00	0.186
280.104	0.05	Adapter 1501Hz	38	1.501	70.00	0.186
280.184	0.05	Adapter 1501Hz	38	1.501	70.00	0.186
280.264	0.05	Adapter 1501Hz	38	1.501	70.00	0.186
280.524	0.05	Adapter 1501Hz	38	1.501	70.00	0.186
280.604	0.05	Adapter 1501Hz	38	1.501	70.00	0.186
280.684	0.05	Adapter 1501Hz	38	1.501	70.00	0.186
280.764	0.05	Adapter 1501Hz	38	1.501	70.00	0.186
281.024	0.05	Adapter 1501Hz	38	1.501	70.00	0.186
281.104	0.05	Adapter 1501Hz	38	1.501	70.00	0.186
281.184	0.05	Adapter 1501Hz	38	1.501	70.00	0.186
281.264	0.05	Adapter 1501Hz	38	1.501	70.00	0.186
281.524	0.05	Adapter 1501Hz	38	1.501	70.00	0.186
281.604	0.05	Adapter 1501Hz	38	1.501	70.00	0.186
281.684	0.05	Adapter 1501Hz	38	1.501	70.00	0.186
281.764	0.05	Adapter 1501Hz	38	1.501	70.00	0.186
282.024	0.05	Adapter 1501Hz	38	1.501	70.00	0.186
282.104	0.05	Adapter 1501Hz	38	1.501	70.00	0.186
282.184	0.05	Adapter 1501Hz	38	1.501	70.00	0.186
282.264	0.05	Adapter 1501Hz	38	1.501	70.00	0.186
282.524	0.05	Adapter 1501Hz	38	1.501	70.00	0.186
282.604	0.05	Adapter 1501Hz	38	1.501	70.00	0.186
282.684	0.05	Adapter 1501Hz	38	1.501	70.00	0.186
282.764	0.05	Adapter 1501Hz	38	1.501	70.00	0.186
283.024	0.05	Adapter 1501Hz	38	1.501	70.00	0.186
283.104	0.05	Adapter 1501Hz	38	1.501	70.00	0.186
283.184	0.05	Adapter 1501Hz	38	1.501	70.00	0.186
283.264	0.05	Adapter 1501Hz	38	1.501	70.00	0.186
283.524	0.05	Adapter 1501Hz	38	1.501	70.00	0.186
283.604	0.05	Adapter 1501Hz	38	1.501	70.00	0.186
283.684	0.05	Adapter 1501Hz	38	1.501	70.00	0.186
283.764	0.05	Adapter 1501Hz	38	1.501	70.00	0.186
284.024	0.05	Adapter 1501Hz	38	1.501	70.00	0.186
284.104	0.05	Adapter 1501Hz	38	1.501	70.00	0.186
284.184	0.05	Adapter 1501Hz	38	1.501	70.00	0.186
284.264	0.05	Adapter 1501Hz	38	1.501	70.00	0.186
284.524	0.05	Adapter 1501Hz	38	1.501	70.00	0.186
284.604	0.05	Adapter 1501Hz	38	1.501	70.00	0.186
284.684	0.05	Adapter 1501Hz	38	1.501	70.00	0.186
284.764	0.05	Adapter 1501Hz	38	1.501	70.00	0.186
287.466	0.05	Adapter 1501Hz Probe 3839Hz	39	1.501	70.00	0.186
287.546	0.05	Adapter 1501Hz Probe 3839Hz	39	1.501	70.00	0.186
287.626	0.05	Adapter 1501Hz Probe 3839Hz	39	1.501	70.00	0.186
287.706	0.05	Adapter 1501Hz Probe 3839Hz	39	1.501	70.00	0.186
287.786	0.05	Adapter 1501Hz Probe 3839Hz	39	3.839	70.00	0.437
287.966	0.05	Adapter 1501Hz Probe 3839Hz	39	1.501	70.00	0.186
288.046	0.05	Adapter 1501Hz Probe 3839Hz	39	1.501	70.00	0.186
288.126	0.05	Adapter 1501Hz Probe 3839Hz	39	1.501	70.00	0.186
288.206	0.05	Adapter 1501Hz Probe 3839Hz	39	1.501	70.00	0.186
288.286	0.05	Adapter 1501Hz Probe 3839Hz	39	3.839	70.00	0.437
288.466	0.05	Adapter 1501Hz Probe 3839Hz	39	1.501	70.00	0.186
288.546	0.05	Adapter 1501Hz Probe 3839Hz	39	1.501	70.00	0.186
288.626	0.05	Adapter 1501Hz Probe 3839Hz	39	1.501	70.00	0.186
288.706	0.05	Adapter 1501Hz Probe 3839Hz	39	1.501	70.00	0.186
288.786	0.05	Adapter 1501Hz Probe 3839Hz	39	3.839	70.00	0.437
288.966	0.05	Adapter 1501Hz Probe 3839Hz	39	1.501	70.00	0.186
289.046	0.05	Adapter 1501Hz Probe 3839Hz	39	1.501	70.00	0.186
289.126	0.05	Adapter 1501Hz Probe 3839Hz	39	1.501	70.00	0.186
289.206	0.05	Adapter 1501Hz Probe 3839Hz	39	1.501	70.00	0.186
289.286	0.05	Adapter 1501Hz Probe 3839Hz	39	3.839	70.00	0.437
289.466	0.05	Adapter 1501Hz Probe 3839Hz	39	1.501	70.00	0.186
289.546	0.05	Adapter 1501Hz Probe 3839Hz	39	1.501	70.00	0.186
289.626	0.05	Adapter 1501Hz Probe 3839Hz	39	1.501	70.00	0.186
289.706	0.05	Adapter 1501Hz Probe 3839Hz	39	1.501	70.00	0.186
289.786	0.05	Adapter 1501Hz Probe 3839Hz	39	3.839	70.00	0.437
289.966	0.05	Adapter 1501Hz Probe 3839Hz	39	1.501	70.00	0.186
290.046	0.05	Adapter 1501Hz Probe 3839Hz	39	1.501	70.00	0.186
290.126	0.05	Adapter 1501Hz Probe 3839Hz	39	1.501	70.00	0.186
290.206	0.05	Adapter 1501Hz Probe 3839Hz	39	1.501	70.00	0.186
290.286	0.05	Adapter 1501Hz Probe 3839Hz	39	3.839	70.00	0.437
290.466	0.05	Adapter 1501Hz Probe 3839Hz	39	1.501	70.00	0.186
290.546	0.05	Adapter 1501Hz Probe 3839Hz	39	1.501	70.00	0.186
290.626	0.05	Adapter 1501Hz Probe 3839Hz	39	1.501	70.00	0.186
290.706	0.05	Adapter 1501Hz Probe 3839Hz	39	1.501	70.00	0.186
290.786	0.05	Adapter 1501Hz Probe 3839Hz	39	3.839	70.00	0.437
290.966	0.05	Adapter 1501Hz Probe 3839Hz	39	1.501	70.00	0.186
291.046	0.05	Adapter 1501Hz Probe 3839Hz	39	1.501	70.00	0.186
291.126	0.05	Adapter 1501Hz Probe 3839Hz	39	1.501	70.00	0.186
291.206	0.05	Adapter 1501Hz Probe 3839Hz	39	1.501	70.00	0.186
291.286	0.05	Adapter 1501Hz Probe 3839Hz	39	3.839	70.00	0.437
291.466	0.05	Adapter 1501Hz Probe 3839Hz	39	1.501	70.00	0.186
291.546	0.05	Adapter 1501Hz Probe 3839Hz	39	1.501	70.00	0.186
291.626	0.05	Adapter 1501Hz Probe 3839Hz	39	1.501	70.00	0.186
291.706	0.05	Adapter 1501Hz Probe 3839Hz	39	1.501	70.00	0.186
291.786	0.05	Adapter 1501Hz Probe 3839Hz	39	3.839	70.00	0.437
291.966	0.05	Adapter 1501Hz Probe 3839Hz	39	1.501	70.00	0.186
292.046	0.05	Adapter 1501Hz Probe 3839Hz	39	1.501	70.00	0.186
292.126	0.05	Adapter 1501Hz Probe 3839Hz	39	1.501	70.00	0.186
292.206	0.05	Adapter 1501Hz Probe 3839Hz	39	1.501	70.00	0.186
292.286	0.05	Adapter 1501Hz Probe 3839Hz	39	3.839	70.00	0.437
294.985	0.05	Adapter 3839Hz Probe 3839Hz	40	3.839	70.00	0.437
295.065	0.05	Adapter 3839Hz Probe 3839Hz	40	3.839	70.00	0.437
295.145	0.05	Adapter 3839Hz Probe 3839Hz	40	3.839	70.00	0.437
295.225	0.05	Adapter 3839Hz Probe 3839Hz	40	3.839	70.00	0.437
295.305	0.05	Adapter 3839Hz Probe 3839Hz	40	3.839	70.00	0.437
295.485	0.05	Adapter 3839Hz Probe 3839Hz	40	3.839	70.00	0.437
295.565	0.05	Adapter 3839Hz Probe 3839Hz	40	3.839	70.00	0.437
295.645	0.05	Adapter 3839Hz Probe 3839Hz	40	3.839	70.00	0.437
295.725	0.05	Adapter 3839Hz Probe 3839Hz	40	3.839	70.00	0.437
295.805	0.05	Adapter 3839Hz Probe 3839Hz	40	3.839	70.00	0.437
295.985	0.05	Adapter 3839Hz Probe 3839Hz	40	3.839	70.00	0.437
296.065	0.05	Adapter 3839Hz Probe 3839Hz	40	3.839	70.00	0.437
296.145	0.05	Adapter 3839Hz Probe 3839Hz	40	3.839	70.00	0.437
296.225	0.05	Adapter 3839Hz Probe 3839Hz	40	3.839	70.00	0.437
296.305	0.05	Adapter 3839Hz Probe 3839Hz	40	3.839	70.00	0.437
296.485	0.05	Adapter 3839Hz Probe 3839Hz	40	3.839	70.00	0.437
296.565	0.05	Adapter 3839Hz Probe 3839Hz	40	3.839	70.00	0.437
296.645	0.05	Adapter 3839Hz Probe 3839Hz	40	3.839	70.00	0.437
296.725	0.05	Adapter 3839Hz Probe 3839Hz	40	3.839	70.00	0.437
296.805	0.05	Adapter 3839Hz Probe 3839Hz	40	3.839	70.00	0.437
296.985	0.05	Adapter 3839Hz Probe 3839Hz	40	3.839	70.00	0.437
297.065	0.05	Adapter 3839Hz Probe 3839Hz	40	3.839	70.00	0.437
297.145	0.05	Adapter 3839Hz Probe 3839Hz	40	3.839	70.00	0.437
297.225	0.05	Adapter 3839Hz Probe 3839Hz	40	3.839	70.00	0.437
297.305	0.05	Adapter 3839Hz Probe 3839Hz	40	3.839	70.00	0.437
297.485	0.05	Adapter 3839Hz Probe 3839Hz	40	3.839	70.00	0.437
297.565	0.05	Adapter 3839Hz Probe 3839Hz	40	3.839	70.00	0.437
297.645	0.05	Adapter 3839Hz Probe 3839Hz	40	3.839	70.00	0.437
297.725	0.05	Adapter 3839Hz Probe 3839Hz	40	3.839	70.00	0.437
297.805	0.05	Adapter 3839Hz Probe 3839Hz	40	3.839	70.00	0.437
297.985	0.05	Adapter 3839Hz Probe 3839Hz	40	3.839	70.00	0.437
298.065	0.05	Adapter 3839Hz Probe 3839Hz	40	3.839	70.00	0.437
298.145	0.05	Adapter 3839Hz Probe 3839Hz	40	3.839	70.00	0.437
298.225	0.05	Adapter 3839Hz Probe 3839Hz	40	3.839	70.00	0.437
298.305	0.05	Adapter 3839Hz Probe 3839Hz	40	3.839	70.00	0.437
298.485	0.05	Adapter 3839Hz Probe 3839Hz	40	3.839	70.00	0.437
298.565	0.05	Adapter 3839Hz Probe 3839Hz	40	3.839	70.00	0.437
298.645	0.05	Adapter 3839Hz Probe 3839Hz	40	3.839	70.00	0.437
298.725	0.05	Adapter 3839Hz Probe 3839Hz	40	3.839	70.00	0.437
298.805	0.05	Adapter 3839Hz Probe 3839Hz	40	3.839	70.00	0.437
298.985	0.05	Adapter 3839Hz Probe 3839Hz	40	3.839	70.00	0.437
299.065	0.05	Adapter 3839Hz Probe 3839Hz	40	3.839	70.00	0.437
299.145	0.05	Adapter 3839Hz Probe 3839Hz	40	3.839	70.00	0.437
299.225	0.05	Adapter 3839Hz Probe 3839Hz	40	3.839	70.00	0.437
299.305	0.05	Adapter 3839Hz Probe 3839Hz	40	3.839	70.00	0.437
299.485	0.05	Adapter 3839Hz Probe 3839Hz	40	3.839	70.00	0.437
299.565	0.05	Adapter 3839Hz Probe 3839Hz	40	3.839	70.00	0.437
299.645	0.05	Adapter 3839Hz Probe 3839Hz	40	3.839	70.00	0.437
299.725	0.05	Adapter 3839Hz Probe 3839Hz	40	3.839	70.00	0.437
299.805	0.05	Adapter 3839Hz Probe 3839Hz	40	3.839	70.00	0.437
302.473	0.05	Adapter 6009Hz	41	6.009	70.00	0.671
302.553	0.05	Adapter 6009Hz	41	6.009	70.00	0.671
302.633	0.05	Adapter 6009Hz	41	6.009	70.00	0.671
302.713	0.05	Adapter 6009Hz	41	6.009	70.00	0.671
302.973	0.05	Adapter 6009Hz	41	6.009	70.00	0.671
303.053	0.05	Adapter 6009Hz	41	6.009	70.00	0.671
303.133	0.05	Adapter 6009Hz	41	6.009	70.00	0.671
303.213	0.05	Adapter 6009Hz	41	6.009	70.00	0.671
303.473	0.05	Adapter 6009Hz	41	6.009	70.00	0.671
303.553	0.05	Adapter 6009Hz	41	6.009	70.00	0.671
303.633	0.05	Adapter 6009Hz	41	6.009	70.00	0.671
303.713	0.05	Adapter 6009Hz	41	6.009	70.00	0.671
303.973	0.05	Adapter 6009Hz	41	6.009	70.00	0.671
304.053	0.05	Adapter 6009Hz	41	6.009	70.00	0.671
304.133	0.05	Adapter 6009Hz	41	6.009	70.00	0.671
304.213	0.05	Adapter 6009Hz	41	6.009	70.00	0.671
304.473	0.05	Adapter 6009Hz	41	6.009	70.00	0.671
304.553	0.05	Adapter 6009Hz	41	6.009	70.00	0.671
304.633	0.05	Adapter 6009Hz	41	6.009	70.00	0.671
304.713	0.05	Adapter 6009Hz	41	6.009	70.00	0.671
304.973	0.05	Adapter 6009Hz	41	6.009	70.00	0.671
305.053	0.05	Adapter 6009Hz	41	6.009	70.00	0.671
305.133	0.05	Adapter 6009Hz	41	6.009	70.00	0.671
305.213	0.05	Adapter 6009Hz	41	6.009	70.00	0.671
305.473	0.05	Adapter 6009Hz	41	6.009	70.00	0.671
305.553	0.05	Adapter 6009Hz	41	6.009	70.00	0.671
305.633	0.05	Adapter 6009Hz	41	6.009	70.00	0.671
305.713	0.05	Adapter 6009Hz	41	6.009	70.00	0.671
305.973	0.05	Adapter 6009Hz	41	6.009	70.00	0.671
306.053	0.05	Adapter 6009Hz	41	6.009	70.00	0.671
306.133	0.05	Adapter 6009Hz	41	6.009	70.00	0.671
306.213	0.05	Adapter 6009Hz	41	6.009	70.00	0.671
306.473	0.05	Adapter 6009Hz	41	6.009	70.00	0.671
306.553	0.05	Adapter 6009Hz	41	6.009	70.00	0.671
306.633	0.05	Adapter 6009Hz	41	6.009	70.00	0.671
306.713	0.05	Adapter 6009Hz	41	6.009	70.00	0.671
306.973	0.05	Adapter 6009Hz	41	6.009	70.00	0.671
307.053	0.05	Adapter 6009Hz	41	6.009	70.00	0.671
307.133	0.05	Adapter 6009Hz	41	6.009	70.00	0.671
307.213	0.05	Adapter 6009Hz	41	6.009	70.00	0.671
317.527	0.05	Adapter 899Hz	43	0.899	70.00	0.121
317.607	0.05	Adapter 899Hz	43	0.899	70.00	0.121
317.687	0.05	Adapter 899Hz	43	0.899	70.00	0.121
317.767	0.05	Adapter 899Hz	43	0.899	70.00	0.121
318.027	0.05	Adapter 899Hz	43	0.899	70.00	0.121
318.107	0.05	Adapter 899Hz	43	0.899	70.00	0.121
318.187	0.05	Adapter 899Hz	43	0.899	70.00	0.121
318.267	0.05	Adapter 899Hz	43	0.899	70.00	0.121
318.527	0.05	Adapter 899Hz	43	0.899	70.00	0.121
318.607	0.05	Adapter 899Hz	43	0.899	70.00	0.121
318.687	0.05	Adapter 899Hz	43	0.899	70.00	0.121
318.767	0.05	Adapter 899Hz	43	0.899	70.00	0.121
319.027	0.05	Adapter 899Hz	43	0.899	70.00	0.121
319.107	0.05	Adapter 899Hz	43	0.899	70.00	0.121
319.187	0.05	Adapter 899Hz	43	0.899	70.00	0.121
319.267	0.05	Adapter 899Hz	43	0.899	70.00	0.121
319.527	0.05	Adapter 899Hz	43	0.899	70.00	0.121
319.607	0.05	Adapter 899Hz	43	0.899	70.00	0.121
319.687	0.05	Adapter 899Hz	43	0.899	70.00	0.121
319.767	0.05	Adapter 899Hz	43	0.899	70.00	0.121
320.027	0.05	Adapter 899Hz	43	0.899	70.00	0.121
320.107	0.05	Adapter 899Hz	43	0.899	70.00	0.121
320.187	0.05	Adapter 899Hz	43	0.899	70.00	0.121
320.267	0.05	Adapter 899Hz	43	0.899	70.00	0.121
320.527	0.05	Adapter 899Hz	43	0.899	70.00	0.121
320.607	0.05	Adapter 899Hz	43	0.899	70.00	0.121
320.687	0.05	Adapter 899Hz	43	0.899	70.00	0.121
320.767	0.05	Adapter 899Hz	43	0.899	70.00	0.121
321.027	0.05	Adapter 899Hz	43	0.899	70.00	0.121
321.107	0.05	Adapter 899Hz	43	0.899	70.00	0.121
321.187	0.05	Adapter 899Hz	43	0.899	70.00	0.121
321.267	0.05	Adapter 899Hz	43	0.899	70.00	0.121
321.527	0.05	Adapter 899Hz	43	0.899	70.00	0.121
321.607	0.05	Adapter 899Hz	43	0.899	70.00	0.121
321.687	0.05	Adapter 899Hz	43	0.899	70.00	0.121
321.767	0.05	Adapter 899Hz	43	0.899	70.00	0.121
322.027	0.05	Adapter 899Hz	43	0.899	70.00	0.121
322.107	0.05	Adapter 899Hz	43	0.899	70.00	0.121
322.187	0.05	Adapter 899Hz	43	0.899	70.00	0.121
322.267	0.05	Adapter 899Hz	43	0.899	70.00	0.121
324.984	0.05	Adapter 2423Hz	44	2.423	70.00	0.285
325.064	0.05	Adapter 2423Hz	44	2.423	70.00	0.285
325.144	0.05	Adapter 2423Hz	44	2.423	70.00	0.285
325.224	0.05	Adapter 2423Hz	44	2.423	70.00	0.285
325.484	0.05	Adapter 2423Hz	44	2.423	70.00	0.285
325.564	0.05	Adapter 2423Hz	44	2.423	70.00	0.285
325.644	0.05	Adapter 2423Hz	44	2.423	70.00	0.285
325.724	0.05	Adapter 2423Hz	44	2.423	70.00	0.285
325.984	0.05	Adapter 2423Hz	44	2.423	70.00	0.285
326.064	0.05	Adapter 2423Hz	44	2.423	70.00	0.285
326.144	0.05	Adapter 2423Hz	44	2.423	70.00	0.285
326.224	0.05	Adapter 2423Hz	44	2.423	70.00	0.285
326.484	0.05	Adapter 2423Hz	44	2.423	70.00	0.285
326.564	0.05	Adapter 2423Hz	44	2.423	70.00	0.285
326.644	0.05	Adapter 2423Hz	44	2.423	70.00	0.285
326.724	0.05	Adapter 2423Hz	44	2.423	70.00	0.285
326.984	0.05	Adapter 2423Hz	44	2.423	70.00	0.285
327.064	0.05	Adapter 2423Hz	44	2.423	70.00	0.285
327.144	0.05	Adapter 2423Hz	44	2.423	70.00	0.285
327.224	0.05	Adapter 2423Hz	44	2.423	70.00	0.285
327.484	0.05	Adapter 2423Hz	44	2.423	70.00	0.285
327.564	0.05	Adapter 2423Hz	44	2.423	70.00	0.285
327.644	0.05	Adapter 2423Hz	44	2.423	70.00	0.285
327.724	0.05	Adapter 2423Hz	44	2.423	70.00	0.285
327.984	0.05	Adapter 2423Hz	44	2.423	70.00	0.285
328.064	0.05	Adapter 2423Hz	44	2.423	70.00	0.285
328.144	0.05	Adapter 2423Hz	44	2.423	70.00	0.285
328.224	0.05	Adapter 2423Hz	44	2.423	70.00	0.285
328.484	0.05	Adapter 2423Hz	44	2.423	70.00	0.285
328.564	0.05	Adapter 2423Hz	44	2.423	70.00	0.285
328.644	0.05	Adapter 2423Hz	44	2.423	70.00	0.285
328.724	0.05	Adapter 2423Hz	44	2.423	70.00	0.285
328.984	0.05	Adapter 2423Hz	44	2.423	70.00	0.285
329.064	0.05	Adapter 2423Hz	44	2.423	70.00	0.285
329.144	0.05	Adapter 2423Hz	44	2.423	70.00	0.285
329.224	0.05	Adapter 2423Hz	44	2.423	70.00	0.285
329.484	0.05	Adapter 2423Hz	44	2.423	70.00	0.285
329.564	0.05	Adapter 2423Hz	44	2.423	70.00	0.285
329.644	0.05	Adapter 2423Hz	44	2.423	70.00	0.285
329.724	0.05	Adapter 2423Hz	44	2.423	70.00	0.285
347.526	0.05	Adapter 2423Hz Probe 3839Hz	47	2.423	70.00	0.285
347.606	0.05	Adapter 2423Hz Probe 3839Hz	47	2.423	70.00	0.285
347.686	0.05	Adapter 2423Hz Probe 3839Hz	47	2.423	70.00	0.285
347.766	0.05	Adapter 2423Hz Probe 3839Hz	47	2.423	70.00	0.285
347.846	0.05	Adapter 2423Hz Probe 3839Hz	47	3.839	70.00	0.437
348.026	0.05	Adapter 2423Hz Probe 3839Hz	47	2.423	70.00	0.285
348.106	0.05	Adapter 2423Hz Probe 3839Hz	47	2.423	70.00	0.285
348.186	0.05	Adapter 2423Hz Probe 3839Hz	47	2.423	70.00	0.285
348.266	0.05	Adapter 2423Hz Probe 3839Hz	47	2.423	70.00	0.285
348.346	0.05	Adapter 2423Hz Probe 3839Hz	47	3.839	70.00	0.437
348.526	0.05	Adapter 2423Hz Probe 3839Hz	47	2.423	70.00	0.285
348.606	0.05	Adapter 2423Hz Probe 3839Hz	47	2.423	70.00	0.285
348.686	0.05	Adapter 2423Hz Probe 3839Hz	47	2.423	70.00	0.285
348.766	0.05	Adapter 2423Hz Probe 3839Hz	47	2.423	70.00	0.285
348.846	0.05	Adapter 2423Hz Probe 3839Hz	47	3.839	70.00	0.437
349.026	0.05	Adapter 2423Hz Probe 3839Hz	47	2.423	70.00	0.285
349.106	0.05	Adapter 2423Hz Probe 3839Hz	47	2.423	70.00	0.285
349.186	0.05	Adapter 2423Hz Probe 3839Hz	47	2.423	70.00	0.285
349.266	0.05	Adapter 2423Hz Probe 3839Hz	47	2.423	70.00	0.285
349.346	0.05	Adapter 2423Hz Probe 3839Hz	47	3.839	70.00	0.437
349.526	0.05	Adapter 2423Hz Probe 3839Hz	47	2.423	70.00	0.285
349.606	0.05	Adapter 2423Hz Probe 3839Hz	47	2.423	70.00	0.285
349.686	0.05	Adapter 2423Hz Probe 3839Hz	47	2.423	70.00	0.285
349.766	0.05	Adapter 2423Hz Probe 3839Hz	47	2.423	70.00	0.285
349.846	0.05	Adapter 2423Hz Probe 3839Hz	47	3.839	70.00	0.437
350.026	0.05	Adapter 2423Hz Probe 3839Hz	47	2.423	70.00	0.285
350.106	0.05	Adapter 2423Hz Probe 3839Hz	47	2.423	70.00	0.285
350.186	0.05	Adapter 2423Hz Probe 3839Hz	47	2.423	70.00	0.285
350.266	0.05	Adapter 2423Hz Probe 3839Hz	47	2.423	70.00	0.285
350.346	0.05	Adapter 2423Hz Probe 3839Hz	47	3.839	70.00	0.437
350.526	0.05	Adapter 2423Hz Probe 3839Hz	47	2.423	70.00	0.285
350.606	0.05	Adapter 2423Hz Probe 3839Hz	47	2.423	70.00	0.285
350.686	0.05	Adapter 2423Hz Probe 3839Hz	47	2.423	70.00	0.285
350.766	0.05	Adapter 2423Hz Probe 3839Hz	47	2.423	70.00	0.285
350.846	0.05	Adapter 2423Hz Probe 3839Hz	47	3.839	70.00	0.437
351.026	0.05	Adapter 2423Hz Probe 3839Hz	47	2.423	70.00	0.285
351.106	0.05	Adapter 2423Hz Probe 3839Hz	47	2.423	70.00	0.285
351.186	0.05	Adapter 2423Hz Probe 3839Hz	47	2.423	70.00	0.285
351.266	0.05	Adapter 2423Hz Probe 3839Hz	47	2.423	70.00	0.285
351.346	0.05	Adapter 2423Hz Probe 3839Hz	47	3.839	70.00	0.437
351.526	0.05	Adapter 2423Hz Probe 3839Hz	47	2.423	70.00	0.285
351.606	0.05	Adapter 2423Hz Probe 3839Hz	47	2.423	70.00	0.285
351.686	0.05	Adapter 2423Hz Probe 3839Hz	47	2.423	70.00	0.285
351.766	0.05	Adapter 2423Hz Probe 3839Hz	47	2.423	70.00	0.285
351.846	0.05	Adapter 2423Hz Probe 3839Hz	47	3.839	70.00	0.437
352.026	0.05	Adapter 2423Hz Probe 3839Hz	47	2.423	70.00	0.285
352.106	0.05	Adapter 2423Hz Probe 3839Hz	47	2.423	70.00	0.285
352.186	0.05	Adapter 2423Hz Probe 3839Hz	47	2.423	70.00	0.285
352.266	0.05	Adapter 2423Hz Probe 3839Hz	47	2.423	70.00	0.285
352.346	0.05	Adapter 2423Hz Probe 3839Hz	47	3.839	70.00	0.437
354.967	0.05	Adapter 507Hz Probe 3839Hz	48	0.507	70.00	0.079
355.047	0.05	Adapter 507Hz Probe 3839Hz	48	0.507	70.00	0.079
355.127	0.05	Adapter 507Hz Probe 3839Hz	48	0.507	70.00	0.079
355.207	0.05	Adapter 507Hz Probe 3839Hz	48	0.507	70.00	0.079
355.287	0.05	Adapter 507Hz Probe 3839Hz	48	3.839	70.00	0.437
355.467	0.05	Adapter 507Hz Probe 3839Hz	48	0.507	70.00	0.079
355.547	0.05	Adapter 507Hz Probe 3839Hz	48	0.507	70.00	0.079
355.627	0.05	Adapter 507Hz Probe 3839Hz	48	0.507	70.00	0.079
355.707	0.05	Adapter 507Hz Probe 3839Hz	48	0.507	70.00	0.079
355.787	0.05	Adapter 507Hz Probe 3839Hz	48	3.839	70.00	0.437
355.967	0.05	Adapter 507Hz Probe 3839Hz	48	0.507	70.00	0.079
356.047	0.05	Adapter 507Hz Probe 3839Hz	48	0.507	70.00	0.079
356.127	0.05	Adapter 507Hz Probe 3839Hz	48	0.507	70.00	0.079
356.207	0.05	Adapter 507Hz Probe 3839Hz	48	0.507	70.00	0.079
356.287	0.05	Adapter 507Hz Probe 3839Hz	48	3.839	70.00	0.437
356.467	0.05	Adapter 507Hz Probe 3839Hz	48	0.507	70.00	0.079
356.547	0.05	Adapter 507Hz Probe 3839Hz	48	0.507	70.00	0.079
356.627	0.05	Adapter 507Hz Probe 3839Hz	48	0.507	70.00	0.079
356.707	0.05	Adapter 507Hz Probe 3839Hz	48	0.507	70.00	0.079
356.787	0.05	Adapter 507Hz Probe 3839Hz	48	3.839	70.00	0.437
356.967	0.05	Adapter 507Hz Probe 3839Hz	48	0.507	70.00	0.079
357.047	0.05	Adapter 507Hz Probe 3839Hz	48	0.507	70.00	0.079
357.127	0.05	Adapter 507Hz Probe 3839Hz	48	0.507	70.00	0.079
357.207	0.05	Adapter 507Hz Probe 3839Hz	48	0.507	70.00	0.079
357.287	0.05	Adapter 507Hz Probe 3839Hz	48	3.839	70.00	0.437
357.467	0.05	Adapter 507Hz Probe 3839Hz	48	0.507	70.00	0.079
357.547	0.05	Adapter 507Hz Probe 3839Hz	48	0.507	70.00	0.079
357.627	0.05	Adapter 507Hz Probe 3839Hz	48	0.507	70.00	0.079
357.707	0.05	Adapter 507Hz Probe 3839Hz	48	0.507	70.00	0.079
357.787	0.05	Adapter 507Hz Probe 3839Hz	48	3.839	70.00	0.437
357.967	0.05	Adapter 507Hz Probe 3839Hz	48	0.507	70.00	0.079
358.047	0.05	Adapter 507Hz Probe 3839Hz	48	0.507	70.00	0.079
358.127	0.05	Adapter 507Hz Probe 3839Hz	48	0.507	70.00	0.079
358.207	0.05	Adapter 507Hz Probe 3839Hz	48	0.507	70.00	0.079
358.287	0.05	Adapter 507Hz Probe 3839Hz	48	3.839	70.00	0.437
358.467	0.05	Adapter 507Hz Probe 3839Hz	48	0.507	70.00	0.079
358.547	0.05	Adapter 507Hz Probe 3839Hz	48	0.507	70.00	0.079
358.627	0.05	Adapter 507Hz Probe 3839Hz	48	0.507	70.00	0.079
358.707	0.05	Adapter 507Hz Probe 3839Hz	48	0.507	70.00	0.079
358.787	0.05	Adapter 507Hz Probe 3839Hz	48	3.839	70.00	0.437
358.967	0.05	Adapter 507Hz Probe 3839Hz	48	0.507	70.00	0.079
359.047	0.05	Adapter 507Hz Probe 3839Hz	48	0.507	70.00	0.079
359.127	0.05	Adapter 507Hz Probe 3839Hz	48	0.507	70.00	0.079
359.207	0.05	Adapter 507Hz Probe 3839Hz	48	0.507	70.00	0.079
359.287	0.05	Adapter 507Hz Probe 3839Hz	48	3.839	70.00	0.437
359.467	0.05	Adapter 507Hz Probe 3839Hz	48	0.507	70.00	0.079
359.547	0.05	Adapter 507Hz Probe 3839Hz	48	0.507	70.00	0.079
359.627	0.05	Adapter 507Hz Probe 3839Hz	48	0.507	70.00	0.079
359.707	0.05	Adapter 507Hz Probe 3839Hz	48	0.507	70.00	0.079
359.787	0.05	Adapter 507Hz Probe 3839Hz	48	3.839	70.00	0.437
362.502	0.05	Adapter 507Hz	49	0.507	70.00	0.079
362.582	0.05	Adapter 507Hz	49	0.507	70.00	0.079
362.662	0.05	Adapter 507Hz	49	0.507	70.00	0.079
362.742	0.05	Adapter 507Hz	49	0.507	70.00	0.079
363.002	0.05	Adapter 507Hz	49	0.507	70.00	0.079
363.082	0.05	Adapter 507Hz	49	0.507	70.00	0.079
363.162	0.05	Adapter 507Hz	49	0.507	70.00	0.079
363.242	0.05	Adapter 507Hz	49	0.507	70.00	0.079
363.502	0.05	Adapter 507Hz	49	0.507	70.00	0.079
363.582	0.05	Adapter 507Hz	49	0.507	70.00	0.079
363.662	0.05	Adapter 507Hz	49	0.507	70.00	0.079
363.742	0.05	Adapter 507Hz	49	0.507	70.00	0.079
364.002	0.05	Adapter 507Hz	49	0.507	70.00	0.079
364.082	0.05	Adapter 507Hz	49	0.507	70.00	0.079
364.162	0.05	Adapter 507Hz	49	0.507	70.00	0.079
364.242	0.05	Adapter 507Hz	49	0.507	70.00	0.079
364.502	0.05	Adapter 507Hz	49	0.507	70.00	0.079
364.582	0.05	Adapter 507Hz	49	0.507	70.00	0.079
364.662	0.05	Adapter 507Hz	49	0.507	70.00	0.079
364.742	0.05	Adapter 507Hz	49	0.507	70.00	0.079
365.002	0.05	Adapter 507Hz	49	0.507	70.00	0.079
365.082	0.05	Adapter 507Hz	49	0.507	70.00	0.079
365.162	0.05	Adapter 507Hz	49	0.507	70.00	0.079
365.242	0.05	Adapter 507Hz	49	0.507	70.00	0.079
365.502	0.05	Adapter 507Hz	49	0.507	70.00	0.079
365.582	0.05	Adapter 507Hz	49	0.507	70.00	0.079
365.662	0.05	Adapter 507Hz	49	0.507	70.00	0.079
365.742	0.05	Adapter 507Hz	49	0.507	70.00	0.079
366.002	0.05	Adapter 507Hz	49	0.507	70.00	0.079
366.082	0.05	Adapter 507Hz	49	0.507	70.00	0.079
366.162	0.05	Adapter 507Hz	49	0.507	70.00	0.079
366.242	0.05	Adapter 507Hz	49	0.507	70.00	0.079
366.502	0.05	Adapter 507Hz	49	0.507	70.00	0.079
366.582	0.05	Adapter 507Hz	49	0.507	70.00	0.079
366.662	0.05	Adapter 507Hz	49	0.507	70.00	0.079
366.742	0.05	Adapter 507Hz	49	0.507	70.00	0.079
367.002	0.05	Adapter 507Hz	49	0.507	70.00	0.079
367.082	0.05	Adapter 507Hz	49	0.507	70.00	0.079
367.162	0.05	Adapter 507Hz	49	0.507	70.00	0.079
367.242	0.05	Adapter 507Hz	49	0.507	70.00	0.079
369.974	0.05	Adapter 1501Hz	50	1.501	70.00	0.186
370.054	0.05	Adapter 1501Hz	50	1.501	70.00	0.186
370.134	0.05	Adapter 1501Hz	50	1.501	70.00	0.186
370.214	0.05	Adapter 1501Hz	50	1.501	70.00	0.186
370.474	0.05	Adapter 1501Hz	50	1.501	70.00	0.186
370.554	0.05	Adapter 1501Hz	50	1.501	70.00	0.186
370.634	0.05	Adapter 1501Hz	50	1.501	70.00	0.186
370.714	0.05	Adapter 1501Hz	50	1.501	70.00	0.186
370.974	0.05	Adapter 1501Hz	50	1.501	70.00	0.186
371.054	0.05	Adapter 1501Hz	50	1.501	70.00	0.186
371.134	0.05	Adapter 1501Hz	50	1.501	70.00	0.186
371.214	0.05	Adapter 1501Hz	50	1.501	70.00	0.186
371.474	0.05	Adapter 1501Hz	50	1.501	70.00	0.186
371.554	0.05	Adapter 1501Hz	50	1.501	70.00	0.186
371.634	0.05	Adapter 1501Hz	50	1.501	70.00	0.186
371.714	0.05	Adapter 1501Hz	50	1.501	70.00	0.186
371.974	0.05	Adapter 1501Hz	50	1.501	70.00	0.186
372.054	0.05	Adapter 1501Hz	50	1.501	70.00	0.186
372.134	0.05	Adapter 1501Hz	50	1.501	70.00	0.186
372.214	0.05	Adapter 1501Hz	50	1.501	70.00	0.186
372.474	0.05	Adapter 1501Hz	50	1.501	70.00	0.186
372.554	0.05	Adapter 1501Hz	50	1.501	70.00	0.186
372.634	0.05	Adapter 1501Hz	50	1.501	70.00	0.186
372.714	0.05	Adapter 1501Hz	50	1.501	70.00	0.186
372.974	0.05	Adapter 1501Hz	50	1.501	70.00	0.186
373.054	0.05	Adapter 1501Hz	50	1.501	70.00	0.186
373.134	0.05	Adapter 1501Hz	50	1.501	70.00	0.186
373.214	0.05	Adapter 1501Hz	50	1.501	70.00	0.186
373.474	0.05	Adapter 1501Hz	50	1.501	70.00	0.186
373.554	0.05	Adapter 1501Hz	50	1.501	70.00	0.186
373.634	0.05	Adapter 1501Hz	50	1.501	70.00	0.186
373.714	0.05	Adapter 1501Hz	50	1.501	70.00	0.186
373.974	0.05	Adapter 1501Hz	50	1.501	70.00	0.186
374.054	0.05	Adapter 1501Hz	50	1.501	70.00	0.186
374.134	0.05	Adapter 1501Hz	50	1.501	70.00	0.186
374.214	0.05	Adapter 1501Hz	50	1.501	70.00	0.186
374.474	0.05	Adapter 1501Hz	50	1.501	70.00	0.186
374.554	0.05	Adapter 1501Hz	50	1.501	70.00	0.186
374.634	0.05	Adapter 1501Hz	50	1.501	70.00	0.186
374.714	0.05	Adapter 1501Hz	50	1.501	70.00	0.186
377.509	0.05	Adapter 899Hz	51	0.899	70.00	0.121
377.589	0.05	Adapter 899Hz	51	0.899	70.00	0.121
377.669	0.05	Adapter 899Hz	51	0.899	70.00	0.121
377.749	0.05	Adapter 899Hz	51	0.899	70.00	0.121
378.009	0.05	Adapter 899Hz	51	0.899	70.00	0.121
378.089	0.05	Adapter 899Hz	51	0.899	70.00	0.121
378.169	0.05	Adapter 899Hz	51	0.899	70.00	0.121
378.249	0.05	Adapter 899Hz	51	0.899	70.00	0.121
378.509	0.05	Adapter 899Hz	51	0.899	70.00	0.121
378.589	0.05	Adapter 899Hz	51	0.899	70.00	0.121
378.669	0.05	Adapter 899Hz	51	0.899	70.00	0.121
378.749	0.05	Adapter 899Hz	51	0.899	70.00	0.121
379.009	0.05	Adapter 899Hz	51	0.899	70.00	0.121
379.089	0.05	Adapter 899Hz	51	0.899	70.00	0.121
379.169	0.05	Adapter 899Hz	51	0.899	70.00	0.121
379.249	0.05	Adapter 899Hz	51	0.899	70.00	0.121
379.509	0.05	Adapter 899Hz	51	0.899	70.00	0.121
379.589	0.05	Adapter 899Hz	51	0.899	70.00	0.121
379.669	0.05	Adapter 899Hz	51	0.899	70.00	0.121
379.749	0.05	Adapter 899Hz	51	0.899	70.00	0.121
380.009	0.05	Adapter 899Hz	51	0.899	70.00	0.121
380.089	0.05	Adapter 899Hz	51	0.899	70.00	0.121
380.169	0.05	Adapter 899Hz	51	0.899	70.00	0.121
380.249	0.05	Adapter 899Hz	51	0.899	70.00	0.121
380.509	0.05	Adapter 899Hz	51	0.899	70.00	0.121
380.589	0.05	Adapter 899Hz	51	0.899	70.00	0.121
380.669	0.05	Adapter 899Hz	51	0.899	70.00	0.121
380.749	0.05	Adapter 899Hz	51	0.899	70.00	0.121
381.009	0.05	Adapter 899Hz	51	0.899	70.00	0.121
381.089	0.05	Adapter 899Hz	51	0.899	70.00	0.121
381.169	0.05	Adapter 899Hz	51	0.899	70.00	0.121
381.249	0.05	Adapter 899Hz	51	0.899	70.00	0.121
381.509	0.05	Adapter 899Hz	51	0.899	70.00	0.121
381.589	0.05	Adapter 899Hz	51	0.899	70.00	0.121
381.669	0.05	Adapter 899Hz	51	0.899	70.00	0.121
381.749	0.05	Adapter 899Hz	51	0.899	70.00	0.121
382.009	0.05	Adapter 899Hz	51	0.899	70.00	0.121
382.089	0.05	Adapter 899Hz	51	0.899	70.00	0.121
382.169	0.05	Adapter 899Hz	51	0.899	70.00	0.121
382.249	0.05	Adapter 899Hz	51	0.899	70.00	0.121
392.501	0.05	Adapter 899Hz Probe 3839Hz	53	0.899	70.00	0.121
392.581	0.05	Adapter 899Hz Probe 3839Hz	53	0.899	70.00	0.121
392.661	0.05	Adapter 899Hz Probe 3839Hz	53	0.899	70.00	0.121
392.741	0.05	Adapter 899Hz Probe 3839Hz	53	0.899	70.00	0.121
392.821	0.05	Adapter 899Hz Probe 3839Hz	53	3.839	70.00	0.437
393.001	0.05	Adapter 899Hz Probe 3839Hz	53	0.899	70.00	0.121
393.081	0.05	Adapter 899Hz Probe 3839Hz	53	0.899	70.00	0.121
393.161	0.05	Adapter 899Hz Probe 3839Hz	53	0.899	70.00	0.121
393.241	0.05	Adapter 899Hz Probe 3839Hz	53	0.899	70.00	0.121
393.321	0.05	Adapter 899Hz Probe 3839Hz	53	3.839	70.00	0.437
393.501	0.05	Adapter 899Hz Probe 3839Hz	53	0.899	70.00	0.121
393.581	0.05	Adapter 899Hz Probe 3839Hz	53	0.899	70.00	0.121
393.661	0.05	Adapter 899Hz Probe 3839Hz	53	0.899	70.00	0.121
393.741	0.05	Adapter 899Hz Probe 3839Hz	53	0.899	70.00	0.121
393.821	0.05	Adapter 899Hz Probe 3839Hz	53	3.839	70.00	0.437
394.001	0.05	Adapter 899Hz Probe 3839Hz	53	0.899	70.00	0.121
394.081	0.05	Adapter 899Hz Probe 3839Hz	53	0.899	70.00	0.121
394.161	0.05	Adapter 899Hz Probe 3839Hz	53	0.899	70.00	0.121
394.241	0.05	Adapter 899Hz Probe 3839Hz	53	0.899	70.00	0.121
394.321	0.05	Adapter 899Hz Probe 3839Hz	53	3.839	70.00	0.437
394.501	0.05	Adapter 899Hz Probe 3839Hz	53	0.899	70.00	0.121
394.581	0.05	Adapter 899Hz Probe 3839Hz	53	0.899	70.00	0.121
394.661	0.05	Adapter 899Hz Probe 3839Hz	53	0.899	70.00	0.121
394.741	0.05	Adapter 899Hz Probe 3839Hz	53	0.899	70.00	0.121
394.821	0.05	Adapter 899Hz Probe 3839Hz	53	3.839	70.00	0.437
395.001	0.05	Adapter 899Hz Probe 3839Hz	53	0.899	70.00	0.121
395.081	0.05	Adapter 899Hz Probe 3839Hz	53	0.899	70.00	0.121
395.161	0.05	Adapter 899Hz Probe 3839Hz	53	0.899	70.00	0.121
395.241	0.05	Adapter 899Hz Probe 3839Hz	53	0.899	70.00	0.121
395.321	0.05	Adapter 899Hz Probe 3839Hz	53	3.839	70.00	0.437
395.501	0.05	Adapter 899Hz Probe 3839Hz	53	0.899	70.00	0.121
395.581	0.05	Adapter 899Hz Probe 3839Hz	53	0.899	70.00	0.121
395.661	0.05	Adapter 899Hz Probe 3839Hz	53	0.899	70.00	0.121
395.741	0.05	Adapter 899Hz Probe 3839Hz	53	0.899	70.00	0.121
395.821	0.05	Adapter 899Hz Probe 3839Hz	53	3.839	70.00	0.437
396.001	0.05	Adapter 899Hz Probe 3839Hz	53	0.899	70.00	0.121
396.081	0.05	Adapter 899Hz Probe 3839Hz	53	0.899	70.00	0.121
396.161	0.05	Adapter 899Hz Probe 3839Hz	53	0.899	70.00	0.121
396.241	0.05	Adapter 899Hz Probe 3839Hz	53	0.899	70.00	0.121
396.321	0.05	Adapter 899Hz Probe 3839Hz	53	3.839	70.00	0.437
396.501	0.05	Adapter 899Hz Probe 3839Hz	53	0.899	70.00	0.121
396.581	0.05	Adapter 899Hz Probe 3839Hz	53	0.899	70.00	0.121
396.661	0.05	Adapter 899Hz Probe 3839Hz	53	0.899	70.00	0.121
396.741	0.05	Adapter 899Hz Probe 3839Hz	53	0.899	70.00	0.121
396.821	0.05	Adapter 899Hz Probe 3839Hz	53	3.839	70.00	0.437
397.001	0.05	Adapter 899Hz Probe 3839Hz	53	0.899	70.00	0.121
397.081	0.05	Adapter 899Hz Probe 3839Hz	53	0.899	70.00	0.121
397.161	0.05	Adapter 899Hz Probe 3839Hz	53	0.899	70.00	0.121
397.241	0.05	Adapter 899Hz Probe 3839Hz	53	0.899	70.00	0.121
397.321	0.05	Adapter 899Hz Probe 3839Hz	53	3.839	70.00	0.437
400.004	0.05	Adapter 3839Hz Probe 3839Hz	54	3.839	70.00	0.437
400.084	0.05	Adapter 3839Hz Probe 3839Hz	54	3.839	70.00	0.437
400.164	0.05	Adapter 3839Hz Probe 3839Hz	54	3.839	70.00	0.437
400.244	0.05	Adapter 3839Hz Probe 3839Hz	54	3.839	70.00	0.437
400.324	0.05	Adapter 3839Hz Probe 3839Hz	54	3.839	70.00	0.437
400.504	0.05	Adapter 3839Hz Probe 3839Hz	54	3.839	70.00	0.437
400.584	0.05	Adapter 3839Hz Probe 3839Hz	54	3.839	70.00	0.437
400.664	0.05	Adapter 3839Hz Probe 3839Hz	54	3.839	70.00	0.437
400.744	0.05	Adapter 3839Hz Probe 3839Hz	54	3.839	70.00	0.437
400.824	0.05	Adapter 3839Hz Probe 3839Hz	54	3.839	70.00	0.437
401.004	0.05	Adapter 3839Hz Probe 3839Hz	54	3.839	70.00	0.437
401.084	0.05	Adapter 3839Hz Probe 3839Hz	54	3.839	70.00	0.437
401.164	0.05	Adapter 3839Hz Probe 3839Hz	54	3.839	70.00	0.437
401.244	0.05	Adapter 3839Hz Probe 3839Hz	54	3.839	70.00	0.437
401.324	0.05	Adapter 3839Hz Probe 3839Hz	54	3.839	70.00	0.437
401.504	0.05	Adapter 3839Hz Probe 3839Hz	54	3.839	70.00	0.437
401.584	0.05	Adapter 3839Hz Probe 3839Hz	54	3.839	70.00	0.437
401.664	0.05	Adapter 3839Hz Probe 3839Hz	54	3.839	70.00	0.437
401.744	0.05	Adapter 3839Hz Probe 3839Hz	54	3.839	70.00	0.437
401.824	0.05	Adapter 3839Hz Probe 3839Hz	54	3.839	70.00	0.437
402.004	0.05	Adapter 3839Hz Probe 3839Hz	54	3.839	70.00	0.437
402.084	0.05	Adapter 3839Hz Probe 3839Hz	54	3.839	70.00	0.437
402.164	0.05	Adapter 3839Hz Probe 3839Hz	54	3.839	70.00	0.437
402.244	0.05	Adapter 3839Hz Probe 3839Hz	54	3.839	70.00	0.437
402.324	0.05	Adapter 3839Hz Probe 3839Hz	54	3.839	70.00	0.437
402.504	0.05	Adapter 3839Hz Probe 3839Hz	54	3.839	70.00	0.437
402.584	0.05	Adapter 3839Hz Probe 3839Hz	54	3.839	70.00	0.437
402.664	0.05	Adapter 3839Hz Probe 3839Hz	54	3.839	70.00	0.437
402.744	0.05	Adapter 3839Hz Probe 3839Hz	54	3.839	70.00	0.437
402.824	0.05	Adapter 3839Hz Probe 3839Hz	54	3.839	70.00	0.437
403.004	0.05	Adapter 3839Hz Probe 3839Hz	54	3.839	70.00	0.437
403.084	0.05	Adapter 3839Hz Probe 3839Hz	54	3.839	70.00	0.437
403.164	0.05	Adapter 3839Hz Probe 3839Hz	54	3.839	70.00	0.437
403.244	0.05	Adapter 3839Hz Probe 3839Hz	54	3.839	70.00	0.437
403.324	0.05	Adapter 3839Hz Probe 3839Hz	54	3.839	70.00	0.437
403.504	0.05	Adapter 3839Hz Probe 3839Hz	54	3.839	70.00	0.437
403.584	0.05	Adapter 3839Hz Probe 3839Hz	54	3.839	70.00	0.437
403.664	0.05	Adapter 3839Hz Probe 3839Hz	54	3.839	70.00	0.437
403.744	0.05	Adapter 3839Hz Probe 3839Hz	54	3.839	70.00	0.437
403.824	0.05	Adapter 3839Hz Probe 3839Hz	54	3.839	70.00	0.437
404.004	0.05	Adapter 3839Hz Probe 3839Hz	54	3.839	70.00	0.437
404.084	0.05	Adapter 3839Hz Probe 3839Hz	54	3.839	70.00	0.437
404.164	0.05	Adapter 3839Hz Probe 3839Hz	54	3.839	70.00	0.437
404.244	0.05	Adapter 3839Hz Probe 3839Hz	54	3.839	70.00	0.437
404.324	0.05	Adapter 3839Hz Probe 3839Hz	54	3.839	70.00	0.437
404.504	0.05	Adapter 3839Hz Probe 3839Hz	54	3.839	70.00	0.437
404.584	0.05	Adapter 3839Hz Probe 3839Hz	54	3.839	70.00	0.437
404.664	0.05	Adapter 3839Hz Probe 3839Hz	54	3.839	70.00	0.437
404.744	0.05	Adapter 3839Hz Probe 3839Hz	54	3.839	70.00	0.437
404.824	0.05	Adapter 3839Hz Probe 3839Hz	54	3.839	70.00	0.437
407.492	0.05	Adapter 3839Hz	55	3.839	70.00	0.437
407.572	0.05	Adapter 3839Hz	55	3.839	70.00	0.437
407.652	0.05	Adapter 3839Hz	55	3.839	70.00	0.437
407.732	0.05	Adapter 3839Hz	55	3.839	70.00	0.437
407.992	0.05	Adapter 3839Hz	55	3.839	70.00	0.437
408.072	0.05	Adapter 3839Hz	55	3.839	70.00	0.437
408.152	0.05	Adapter 3839Hz	55	3.839	70.00	0.437
408.232	0.05	Adapter 3839Hz	55	3.839	70.00	0.437
408.492	0.05	Adapter 3839Hz	55	3.839	70.00	0.437
408.572	0.05	Adapter 3839Hz	55	3.839	70.00	0.437
408.652	0.05	Adapter 3839Hz	55	3.839	70.00	0.437
408.732	0.05	Adapter 3839Hz	55	3.839	70.00	0.437
408.992	0.05	Adapter 3839Hz	55	3.839	70.00	0.437
409.072	0.05	Adapter 3839Hz	55	3.839	70.00	0.437
409.152	0.05	Adapter 3839Hz	55	3.839	70.00	0.437
409.232	0.05	Adapter 3839Hz	55	3.839	70.00	0.437
409.492	0.05	Adapter 3839Hz	55	3.839	70.00	0.437
409.572	0.05	Adapter 3839Hz	55	3.839	70.00	0.437
409.652	0.05	Adapter 3839Hz	55	3.839	70.00	0.437
409.732	0.05	Adapter 3839Hz	55	3.839	70.00	0.437
409.992	0.05	Adapter 3839Hz	55	3.839	70.00	0.437
410.072	0.05	Adapter 3839Hz	55	3.839	70.00	0.437
410.152	0.05	Adapter 3839Hz	55	3.839	70.00	0.437
410.232	0.05	Adapter 3839Hz	55	3.839	70.00	0.437
410.492	0.05	Adapter 3839Hz	55	3.839	70.00	0.437
410.572	0.05	Adapter 3839Hz	55	3.839	70.00	0.437
410.652	0.05	Adapter 3839Hz	55	3.839	70.00	0.437
410.732	0.05	Adapter 3839Hz	55	3.839	70.00	0.437
410.992	0.05	Adapter 3839Hz	55	3.839	70.00	0.437
411.072	0.05	Adapter 3839Hz	55	3.839	70.00	0.437
411.152	0.05	Adapter 3839Hz	55	3.839	70.00	0.437
411.232	0.05	Adapter 3839Hz	55	3.839	70.00	0.437
411.492	0.05	Adapter 3839Hz	55	3.839	70.00	0.437
411.572	0.05	Adapter 3839Hz	55	3.839	70.00	0.437
411.652	0.05	Adapter 3839Hz	55	3.839	70.00	0.437
411.732	0.05	Adapter 3839Hz	55	3.839	70.00	0.437
411.992	0.05	Adapter 3839Hz	55	3.839	70.00	0.437
412.072	0.05	Adapter 3839Hz	55	3.839	70.00	0.437
412.152	0.05	Adapter 3839Hz	55	3.839	70.00	0.437
412.232	0.05	Adapter 3839Hz	55	3.839	70.00	0.437
415.011	0.05	Adapter 251Hz	56	0.251	70.00	0.052
415.091	0.05	Adapter 251Hz	56	0.251	70.00	0.052
415.171	0.05	Adapter 251Hz	56	0.251	70.00	0.052
415.251	0.05	Adapter 251Hz	56	0.251	70.00	0.052
415.511	0.05	Adapter 251Hz	56	0.251	70.00	0.052
415.591	0.05	Adapter 251Hz	56	0.251	70.00	0.052
415.671	0.05	Adapter 251Hz	56	0.251	70.00	0.052
415.751	0.05	Adapter 251Hz	56	0.251	70.00	0.052
416.011	0.05	Adapter 251Hz	56	0.251	70.00	0.052
416.091	0.05	Adapter 251Hz	56	0.251	70.00	0.052
416.171	0.05	Adapter 251Hz	56	0.251	70.00	0.052
416.251	0.05	Adapter 251Hz	56	0.251	70.00	0.052
416.511	0.05	Adapter 251Hz	56	0.251	70.00	0.052
416.591	0.05	Adapter 251Hz	56	0.251	70.00	0.052
416.671	0.05	Adapter 251Hz	56	0.251	70.00	0.052
416.751	0.05	Adapter 251Hz	56	0.251	70.00	0.052
417.011	0.05	Adapter 251Hz	56	0.251	70.00	0.052
417.091	0.05	Adapter 251Hz	56	0.251	70.00	0.052
417.171	0.05	Adapter 251Hz	56	0.251	70.00	0.052
417.251	0.05	Adapter 251Hz	56	0.251	70.00	0.052
417.511	0.05	Adapter 251Hz	56	0.251	70.00	0.052
417.591	0.05	Adapter 251Hz	56	0.251	70.00	0.052
417.671	0.05	Adapter 251Hz	56	0.251	70.00	0.052
417.751	0.05	Adapter 251Hz	56	0.251	70.00	0.052
418.011	0.05	Adapter 251Hz	56	0.251	70.00	0.052
418.091	0.05	Adapter 251Hz	56	0.251	70.00	0.052
418.171	0.05	Adapter 251Hz	56	0.251	70.00	0.052
418.251	0.05	Adapter 251Hz	56	0.251	70.00	0.052
418.511	0.05	Adapter 251Hz	56	0.251	70.00	0.052
418.591	0.05	Adapter 251Hz	56	0.251	70.00	0.052
418.671	0.05	Adapter 251Hz	56	0.251	70.00	0.052
418.751	0.05	Adapter 251Hz	56	0.251	70.00	0.052
419.011	0.05	Adapter 251Hz	56	0.251	70.00	0.052
419.091	0.05	Adapter 251Hz	56	0.251	70.00	0.052
419.171	0.05	Adapter 251Hz	56	0.251	70.00	0.052
419.251	0.05	Adapter 251Hz	56	0.251	70.00	0.052
419.511	0.05	Adapter 251Hz	56	0.251	70.00	0.052
419.591	0.05	Adapter 251Hz	56	0.251	70.00	0.052
419.671	0.05	Adapter 251Hz	56	0.251	70.00	0.052
419.751	0.05	Adapter 251Hz	56	0.251	70.00	0.052
422.499	0.05	Adapter 2423Hz	57	2.423	70.00	0.285
422.579	0.05	Adapter 2423Hz	57	2.423	70.00	0.285
422.659	0.05	Adapter 2423Hz	57	2.423	70.00	0.285
422.739	0.05	Adapter 2423Hz	57	2.423	70.00	0.285
422.999	0.05	Adapter 2423Hz	57	2.423	70.00	0.285
423.079	0.05	Adapter 2423Hz	57	2.423	70.00	0.285
423.159	0.05	Adapter 2423Hz	57	2.423	70.00	0.285
423.239	0.05	Adapter 2423Hz	57	2.423	70.00	0.285
423.499	0.05	Adapter 2423Hz	57	2.423	70.00	0.285
423.579	0.05	Adapter 2423Hz	57	2.423	70.00	0.285
423.659	0.05	Adapter 2423Hz	57	2.423	70.00	0.285
423.739	0.05	Adapter 2423Hz	57	2.423	70.00	0.285
423.999	0.05	Adapter 2423Hz	57	2.423	70.00	0.285
424.079	0.05	Adapter 2423Hz	57	2.423	70.00	0.285
424.159	0.05	Adapter 2423Hz	57	2.423	70.00	0.285
424.239	0.05	Adapter 2423Hz	57	2.423	70.00	0.285
424.499	0.05	Adapter 2423Hz	57	2.423	70.00	0.285
424.579	0.05	Adapter 2423Hz	57	2.423	70.00	0.285
424.659	0.05	Adapter 2423Hz	57	2.423	70.00	0.285
424.739	0.05	Adapter 2423Hz	57	2.423	70.00	0.285
424.999	0.05	Adapter 2423Hz	57	2.423	70.00	0.285
425.079	0.05	Adapter 2423Hz	57	2.423	70.00	0.285
425.159	0.05	Adapter 2423Hz	57	2.423	70.00	0.285
425.239	0.05	Adapter 2423Hz	57	2.423	70.00	0.285
425.499	0.05	Adapter 2423Hz	57	2.423	70.00	0.285
425.579	0.05	Adapter 2423Hz	57	2.423	70.00	0.285
425.659	0.05	Adapter 2423Hz	57	2.423	70.00	0.285
425.739	0.05	Adapter 2423Hz	57	2.423	70.00	0.285
425.999	0.05	Adapter 2423Hz	57	2.423	70.00	0.285
426.079	0.05	Adapter 2423Hz	57	2.423	70.00	0.285
426.159	0.05	Adapter 2423Hz	57	2.423	70.00	0.285
426.239	0.05	Adapter 2423Hz	57	2.423	70.00	0.285
426.499	0.05	Adapter 2423Hz	57	2.423	70.00	0.285
426.579	0.05	Adapter 2423Hz	57	2.423	70.00	0.285
426.659	0.05	Adapter 2423Hz	57	2.423	70.00	0.285
426.739	0.05	Adapter 2423Hz	57	2.423	70.00	0.285
426.999	0.05	Adapter 2423Hz	57	2.423	70.00	0.285
427.079	0.05	Adapter 2423Hz	57	2.423	70.00	0.285
427.159	0.05	Adapter 2423Hz	57	2.423	70.00	0.285
427.239	0.05	Adapter 2423Hz	57	2.423	70.00	0.285
430.292	0.05	Probe 3839Hz	58	3.839	70.00	0.437
430.792	0.05	Probe 3839Hz	58	3.839	70.00	0.437
431.292	0.05	Probe 3839Hz	58	3.839	70.00	0.437
431.792	0.05	Probe 3839Hz	58	3.839	70.00	0.437
432.292	0.05	Probe 3839Hz	58	3.839	70.00	0.437
432.792	0.05	Probe 3839Hz	58	3.839	70.00	0.437
433.292	0.05	Probe 3839Hz	58	3.839	70.00	0.437
433.792	0.05	Probe 3839Hz	58	3.839	70.00	0.437
434.292	0.05	Probe 3839Hz	58	3.839	70.00	0.437
434.792	0.05	Probe 3839Hz	58	3.839	70.00	0.437
444.995	0.05	Adapter 507Hz Probe 3839Hz	60	0.507	70.00	0.079
445.075	0.05	Adapter 507Hz Probe 3839Hz	60	0.507	70.00	0.079
445.155	0.05	Adapter 507Hz Probe 3839Hz	60	0.507	70.00	0.079
445.235	0.05	Adapter 507Hz Probe 3839Hz	60	0.507	70.00	0.079
445.315	0.05	Adapter 507Hz Probe 3839Hz	60	3.839	70.00	0.437
445.495	0.05	Adapter 507Hz Probe 3839Hz	60	0.507	70.00	0.079
445.575	0.05	Adapter 507Hz Probe 3839Hz	60	0.507	70.00	0.079
445.655	0.05	Adapter 507Hz Probe 3839Hz	60	0.507	70.00	0.079
445.735	0.05	Adapter 507Hz Probe 3839Hz	60	0.507	70.00	0.079
445.815	0.05	Adapter 507Hz Probe 3839Hz	60	3.839	70.00	0.437
445.995	0.05	Adapter 507Hz Probe 3839Hz	60	0.507	70.00	0.079
446.075	0.05	Adapter 507Hz Probe 3839Hz	60	0.507	70.00	0.079
446.155	0.05	Adapter 507Hz Probe 3839Hz	60	0.507	70.00	0.079
446.235	0.05	Adapter 507Hz Probe 3839Hz	60	0.507	70.00	0.079
446.315	0.05	Adapter 507Hz Probe 3839Hz	60	3.839	70.00	0.437
446.495	0.05	Adapter 507Hz Probe 3839Hz	60	0.507	70.00	0.079
446.575	0.05	Adapter 507Hz Probe 3839Hz	60	0.507	70.00	0.079
446.655	0.05	Adapter 507Hz Probe 3839Hz	60	0.507	70.00	0.079
446.735	0.05	Adapter 507Hz Probe 3839Hz	60	0.507	70.00	0.079
446.815	0.05	Adapter 507Hz Probe 3839Hz	60	3.839	70.00	0.437
446.995	0.05	Adapter 507Hz Probe 3839Hz	60	0.507	70.00	0.079
447.075	0.05	Adapter 507Hz Probe 3839Hz	60	0.507	70.00	0.079
447.155	0.05	Adapter 507Hz Probe 3839Hz	60	0.507	70.00	0.079
447.235	0.05	Adapter 507Hz Probe 3839Hz	60	0.507	70.00	0.079
447.315	0.05	Adapter 507Hz Probe 3839Hz	60	3.839	70.00	0.437
447.495	0.05	Adapter 507Hz Probe 3839Hz	60	0.507	70.00	0.079
447.575	0.05	Adapter 507Hz Probe 3839Hz	60	0.507	70.00	0.079
447.655	0.05	Adapter 507Hz Probe 3839Hz	60	0.507	70.00	0.079
447.735	0.05	Adapter 507Hz Probe 3839Hz	60	0.507	70.00	0.079
447.815	0.05	Adapter 507Hz Probe 3839Hz	60	3.839	70.00	0.437
447.995	0.05	Adapter 507Hz Probe 3839Hz	60	0.507	70.00	0.079
448.075	0.05	Adapter 507Hz Probe 3839Hz	60	0.507	70.00	0.079
448.155	0.05	Adapter 507Hz Probe 3839Hz	60	0.507	70.00	0.079
448.235	0.05	Adapter 507Hz Probe 3839Hz	60	0.507	70.00	0.079
448.315	0.05	Adapter 507Hz Probe 3839Hz	60	3.839	70.00	0.437
448.495	0.05	Adapter 507Hz Probe 3839Hz	60	0.507	70.00	0.079
448.575	0.05	Adapter 507Hz Probe 3839Hz	60	0.507	70.00	0.079
448.655	0.05	Adapter 507Hz Probe 3839Hz	60	0.507	70.00	0.079
448.735	0.05	Adapter 507Hz Probe 3839Hz	60	0.507	70.00	0.079
448.815	0.05	Adapter 507Hz Probe 3839Hz	60	3.839	70.00	0.437
448.995	0.05	Adapter 507Hz Probe 3839Hz	60	0.507	70.00	0.079
449.075	0.05	Adapter 507Hz Probe 3839Hz	60	0.507	70.00	0.079
449.155	0.05	Adapter 507Hz Probe 3839Hz	60	0.507	70.00	0.079
449.235	0.05	Adapter 507Hz Probe 3839Hz	60	0.507	70.00	0.079
449.315	0.05	Adapter 507Hz Probe 3839Hz	60	3.839	70.00	0.437
449.495	0.05	Adapter 507Hz Probe 3839Hz	60	0.507	70.00	0.079
449.575	0.05	Adapter 507Hz Probe 3839Hz	60	0.507	70.00	0.079
449.655	0.05	Adapter 507Hz Probe 3839Hz	60	0.507	70.00	0.079
449.735	0.05	Adapter 507Hz Probe 3839Hz	60	0.507	70.00	0.079
449.815	0.05	Adapter 507Hz Probe 3839Hz	60	3.839	70.00	0.437
452.529	0.05	Adapter 2423Hz Probe 3839Hz	61	2.423	70.00	0.285
452.609	0.05	Adapter 2423Hz Probe 3839Hz	61	2.423	70.00	0.285
452.689	0.05	Adapter 2423Hz Probe 3839Hz	61	2.423	70.00	0.285
452.769	0.05	Adapter 2423Hz Probe 3839Hz	61	2.423	70.00	0.285
452.849	0.05	Adapter 2423Hz Probe 3839Hz	61	3.839	70.00	0.437
453.029	0.05	Adapter 2423Hz Probe 3839Hz	61	2.423	70.00	0.285
453.109	0.05	Adapter 2423Hz Probe 3839Hz	61	2.423	70.00	0.285
453.189	0.05	Adapter 2423Hz Probe 3839Hz	61	2.423	70.00	0.285
453.269	0.05	Adapter 2423Hz Probe 3839Hz	61	2.423	70.00	0.285
453.349	0.05	Adapter 2423Hz Probe 3839Hz	61	3.839	70.00	0.437
453.529	0.05	Adapter 2423Hz Probe 3839Hz	61	2.423	70.00	0.285
453.609	0.05	Adapter 2423Hz Probe 3839Hz	61	2.423	70.00	0.285
453.689	0.05	Adapter 2423Hz Probe 3839Hz	61	2.423	70.00	0.285
453.769	0.05	Adapter 2423Hz Probe 3839Hz	61	2.423	70.00	0.285
453.849	0.05	Adapter 2423Hz Probe 3839Hz	61	3.839	70.00	0.437
454.029	0.05	Adapter 2423Hz Probe 3839Hz	61	2.423	70.00	0.285
454.109	0.05	Adapter 2423Hz Probe 3839Hz	61	2.423	70.00	0.285
454.189	0.05	Adapter 2423Hz Probe 3839Hz	61	2.423	70.00	0.285
454.269	0.05	Adapter 2423Hz Probe 3839Hz	61	2.423	70.00	0.285
454.349	0.05	Adapter 2423Hz Probe 3839Hz	61	3.839	70.00	0.437
454.529	0.05	Adapter 2423Hz Probe 3839Hz	61	2.423	70.00	0.285
454.609	0.05	Adapter 2423Hz Probe 3839Hz	61	2.423	70.00	0.285
454.689	0.05	Adapter 2423Hz Probe 3839Hz	61	2.423	70.00	0.285
454.769	0.05	Adapter 2423Hz Probe 3839Hz	61	2.423	70.00	0.285
454.849	0.05	Adapter 2423Hz Probe 3839Hz	61	3.839	70.00	0.437
455.029	0.05	Adapter 2423Hz Probe 3839Hz	61	2.423	70.00	0.285
455.109	0.05	Adapter 2423Hz Probe 3839Hz	61	2.423	70.00	0.285
455.189	0.05	Adapter 2423Hz Probe 3839Hz	61	2.423	70.00	0.285
455.269	0.05	Adapter 2423Hz Probe 3839Hz	61	2.423	70.00	0.285
455.349	0.05	Adapter 2423Hz Probe 3839Hz	61	3.839	70.00	0.437
455.529	0.05	Adapter 2423Hz Probe 3839Hz	61	2.423	70.00	0.285
455.609	0.05	Adapter 2423Hz Probe 3839Hz	61	2.423	70.00	0.285
455.689	0.05	Adapter 2423Hz Probe 3839Hz	61	2.423	70.00	0.285
455.769	0.05	Adapter 2423Hz Probe 3839Hz	61	2.423	70.00	0.285
455.849	0.05	Adapter 2423Hz Probe 3839Hz	61	3.839	70.00	0.437
456.029	0.05	Adapter 2423Hz Probe 3839Hz	61	2.423	70.00	0.285
456.109	0.05	Adapter 2423Hz Probe 3839Hz	61	2.423	70.00	0.285
456.189	0.05	Adapter 2423Hz Probe 3839Hz	61	2.423	70.00	0.285
456.269	0.05	Adapter 2423Hz Probe 3839Hz	61	2.423	70.00	0.285
456.349	0.05	Adapter 2423Hz Probe 3839Hz	61	3.839	70.00	0.437
456.529	0.05	Adapter 2423Hz Probe 3839Hz	61	2.423	70.00	0.285
456.609	0.05	Adapter 2423Hz Probe 3839Hz	61	2.423	70.00	0.285
456.689	0.05	Adapter 2423Hz Probe 3839Hz	61	2.423	70.00	0.285
456.769	0.05	Adapter 2423Hz Probe 3839Hz	61	2.423	70.00	0.285
456.849	0.05	Adapter 2423Hz Probe 3839Hz	61	3.839	70.00	0.437
457.029	0.05	Adapter 2423Hz Probe 3839Hz	61	2.423	70.00	0.285
457.109	0.05	Adapter 2423Hz Probe 3839Hz	61	2.423	70.00	0.285
457.189	0.05	Adapter 2423Hz Probe 3839Hz	61	2.423	70.00	0.285
457.269	0.05	Adapter 2423Hz Probe 3839Hz	61	2.423	70.00	0.285
457.349	0.05	Adapter 2423Hz Probe 3839Hz	61	3.839	70.00	0.437
459.971	0.05	Adapter 1501Hz Probe 3839Hz	62	1.501	70.00	0.186
460.051	0.05	Adapter 1501Hz Probe 3839Hz	62	1.501	70.00	0.186
460.131	0.05	Adapter 1501Hz Probe 3839Hz	62	1.501	70.00	0.186
460.211	0.05	Adapter 1501Hz Probe 3839Hz	62	1.501	70.00	0.186
460.291	0.05	Adapter 1501Hz Probe 3839Hz	62	3.839	70.00	0.437
460.471	0.05	Adapter 1501Hz Probe 3839Hz	62	1.501	70.00	0.186
460.551	0.05	Adapter 1501Hz Probe 3839Hz	62	1.501	70.00	0.186
460.631	0.05	Adapter 1501Hz Probe 3839Hz	62	1.501	70.00	0.186
460.711	0.05	Adapter 1501Hz Probe 3839Hz	62	1.501	70.00	0.186
460.791	0.05	Adapter 1501Hz Probe 3839Hz	62	3.839	70.00	0.437
460.971	0.05	Adapter 1501Hz Probe 3839Hz	62	1.501	70.00	0.186
461.051	0.05	Adapter 1501Hz Probe 3839Hz	62	1.501	70.00	0.186
461.131	0.05	Adapter 1501Hz Probe 3839Hz	62	1.501	70.00	0.186
461.211	0.05	Adapter 1501Hz Probe 3839Hz	62	1.501	70.00	0.186
461.291	0.05	Adapter 1501Hz Probe 3839Hz	62	3.839	70.00	0.437
461.471	0.05	Adapter 1501Hz Probe 3839Hz	62	1.501	70.00	0.186
461.551	0.05	Adapter 1501Hz Probe 3839Hz	62	1.501	70.00	0.186
461.631	0.05	Adapter 1501Hz Probe 3839Hz	62	1.501	70.00	0.186
461.711	0.05	Adapter 1501Hz Probe 3839Hz	62	1.501	70.00	0.186
461.791	0.05	Adapter 1501Hz Probe 3839Hz	62	3.839	70.00	0.437
461.971	0.05	Adapter 1501Hz Probe 3839Hz	62	1.501	70.00	0.186
462.051	0.05	Adapter 1501Hz Probe 3839Hz	62	1.501	70.00	0.186
462.131	0.05	Adapter 1501Hz Probe 3839Hz	62	1.501	70.00	0.186
462.211	0.05	Adapter 1501Hz Probe 3839Hz	62	1.501	70.00	0.186
462.291	0.05	Adapter 1501Hz Probe 3839Hz	62	3.839	70.00	0.437
462.471	0.05	Adapter 1501Hz Probe 3839Hz	62	1.501	70.00	0.186
462.551	0.05	Adapter 1501Hz Probe 3839Hz	62	1.501	70.00	0.186
462.631	0.05	Adapter 1501Hz Probe 3839Hz	62	1.501	70.00	0.186
462.711	0.05	Adapter 1501Hz Probe 3839Hz	62	1.501	70.00	0.186
462.791	0.05	Adapter 1501Hz Probe 3839Hz	62	3.839	70.00	0.437
462.971	0.05	Adapter 1501Hz Probe 3839Hz	62	1.501	70.00	0.186
463.051	0.05	Adapter 1501Hz Probe 3839Hz	62	1.501	70.00	0.186
463.131	0.05	Adapter 1501Hz Probe 3839Hz	62	1.501	70.00	0.186
463.211	0.05	Adapter 1501Hz Probe 3839Hz	62	1.501	70.00	0.186
463.291	0.05	Adapter 1501Hz Probe 3839Hz	62	3.839	70.00	0.437
463.471	0.05	Adapter 1501Hz Probe 3839Hz	62	1.501	70.00	0.186
463.551	0.05	Adapter 1501Hz Probe 3839Hz	62	1.501	70.00	0.186
463.631	0.05	Adapter 1501Hz Probe 3839Hz	62	1.501	70.00	0.186
463.711	0.05	Adapter 1501Hz Probe 3839Hz	62	1.501	70.00	0.186
463.791	0.05	Adapter 1501Hz Probe 3839Hz	62	3.839	70.00	0.437
463.971	0.05	Adapter 1501Hz Probe 3839Hz	62	1.501	70.00	0.186
464.051	0.05	Adapter 1501Hz Probe 3839Hz	62	1.501	70.00	0.186
464.131	0.05	Adapter 1501Hz Probe 3839Hz	62	1.501	70.00	0.186
464.211	0.05	Adapter 1501Hz Probe 3839Hz	62	1.501	70.00	0.186
464.291	0.05	Adapter 1501Hz Probe 3839Hz	62	3.839	70.00	0.437
464.471	0.05	Adapter 1501Hz Probe 3839Hz	62	1.501	70.00	0.186
464.551	0.05	Adapter 1501Hz Probe 3839Hz	62	1.501	70.00	0.186
464.631	0.05	Adapter 1501Hz Probe 3839Hz	62	1.501	70.00	0.186
464.711	0.05	Adapter 1501Hz Probe 3839Hz	62	1.501	70.00	0.186
464.791	0.05	Adapter 1501Hz Probe 3839Hz	62	3.839	70.00	0.437
474.994	0.05	Adapter 6009Hz	64	6.009	70.00	0.671
475.074	0.05	Adapter 6009Hz	64	6.009	70.00	0.671
475.154	0.05	Adapter 6009Hz	64	6.009	70.00	0.671
475.234	0.05	Adapter 6009Hz	64	6.009	70.00	0.671
475.494	0.05	Adapter 6009Hz	64	6.009	70.00	0.671
475.574	0.05	Adapter 6009Hz	64	6.009	70.00	0.671
475.654	0.05	Adapter 6009Hz	64	6.009	70.00	0.671
475.734	0.05	Adapter 6009Hz	64	6.009	70.00	0.671
475.994	0.05	Adapter 6009Hz	64	6.009	70.00	0.671
476.074	0.05	Adapter 6009Hz	64	6.009	70.00	0.671
476.154	0.05	Adapter 6009Hz	64	6.009	70.00	0.671
476.234	0.05	Adapter 6009Hz	64	6.009	70.00	0.671
476.494	0.05	Adapter 6009Hz	64	6.009	70.00	0.671
476.574	0.05	Adapter 6009Hz	64	6.009	70.00	0.671
476.654	0.05	Adapter 6009Hz	64	6.009	70.00	0.671
476.734	0.05	Adapter 6009Hz	64	6.009	70.00	0.671
476.994	0.05	Adapter 6009Hz	64	6.009	70.00	0.671
477.074	0.05	Adapter 6009Hz	64	6.009	70.00	0.671
477.154	0.05	Adapter 6009Hz	64	6.009	70.00	0.671
477.234	0.05	Adapter 6009Hz	64	6.009	70.00	0.671
477.494	0.05	Adapter 6009Hz	64	6.009	70.00	0.671
477.574	0.05	Adapter 6009Hz	64	6.009	70.00	0.671
477.654	0.05	Adapter 6009Hz	64	6.009	70.00	0.671
477.734	0.05	Adapter 6009Hz	64	6.009	70.00	0.671
477.994	0.05	Adapter 6009Hz	64	6.009	70.00	0.671
478.074	0.05	Adapter 6009Hz	64	6.009	70.00	0.671
478.154	0.05	Adapter 6009Hz	64	6.009	70.00	0.671
478.234	0.05	Adapter 6009Hz	64	6.009	70.00	0.671
478.494	0.05	Adapter 6009Hz	64	6.009	70.00	0.671
478.574	0.05	Adapter 6009Hz	64	6.009	70.00	0.671
478.654	0.05	Adapter 6009Hz	64	6.009	70.00	0.671
478.734	0.05	Adapter 6009Hz	64	6.009	70.00	0.671
478.994	0.05	Adapter 6009Hz	64	6.009	70.00	0.671
479.074	0.05	Adapter 6009Hz	64	6.009	70.00	0.671
479.154	0.05	Adapter 6009Hz	64	6.009	70.00	0.671
479.234	0.05	Adapter 6009Hz	64	6.009	70.00	0.671
479.494	0.05	Adapter 6009Hz	64	6.009	70.00	0.671
479.574	0.05	Adapter 6009Hz	64	6.009	70.00	0.671
479.654	0.05	Adapter 6009Hz	64	6.009	70.00	0.671
479.734	0.05	Adapter 6009Hz	64	6.009	70.00	0.671
