onset	duration	trial_type	scan	frequency_kHz	level_dB_SPL	bandwidth_kHz
2.5	0.05	Adapter 2423Hz	1	2.423	70.00	0.285
2.58	0.05	Adapter 2423Hz	1	2.423	70.00	0.285
2.66	0.05	Adapter 2423Hz	1	2.423	70.00	0.285
2.74	0.05	Adapter 2423Hz	1	2.423	70.00	0.285
3.0	0.05	Adapter 2423Hz	1	2.423	70.00	0.285
3.08	0.05	Adapter 2423Hz	1	2.423	70.00	0.285
3.16	0.05	Adapter 2423Hz	1	2.423	70.00	0.285
3.24	0.05	Adapter 2423Hz	1	2.423	70.00	0.285
3.5	0.05	Adapter 2423Hz	1	2.423	70.00	0.285
3.58	0.05	Adapter 2423Hz	1	2.423	70.00	0.285
3.66	0.05	Adapter 2423Hz	1	2.423	70.00	0.285
3.74	0.05	Adapter 2423Hz	1	2.423	70.00	0.285
4.0	0.05	Adapter 2423Hz	1	2.423	70.00	0.285
4.08	0.05	Adapter 2423Hz	1	2.423	70.00	0.285
4.16	0.05	Adapter 2423Hz	1	2.423	70.00	0.285
4.24	0.05	Adapter 2423Hz	1	2.423	70.00	0.285
4.5	0.05	Adapter 2423Hz	1	2.423	70.00	0.285
4.58	0.05	Adapter 2423Hz	1	2.423	70.00	0.285
4.66	0.05	Adapter 2423Hz	1	2.423	70.00	0.285
4.74	0.05	Adapter 2423Hz	1	2.423	70.00	0.285
5.0	0.05	Adapter 2423Hz	1	2.423	70.00	0.285
5.08	0.05	Adapter 2423Hz	1	2.423	70.00	0.285
5.16	0.05	Adapter 2423Hz	1	2.423	70.00	0.285
5.24	0.05	Adapter 2423Hz	1	2.423	70.00	0.285
5.5	0.05	Adapter 2423Hz	1	2.423	70.00	0.285
5.58	0.05	Adapter 2423Hz	1	2.423	70.00	0.285
5.66	0.05	Adapter 2423Hz	1	2.423	70.00	0.285
5.74	0.05	Adapter 2423Hz	1	2.423	70.00	0.285
6.0	0.05	Adapter 2423Hz	1	2.423	70.00	0.285
6.08	0.05	Adapter 2423Hz	1	2.423	70.00	0.285
6.16	0.05	Adapter 2423Hz	1	2.423	70.00	0.285
6.24	0.05	Adapter 2423Hz	1	2.423	70.00	0.285
6.5	0.05	Adapter 2423Hz	1	2.423	70.00	0.285
6.58	0.05	Adapter 2423Hz	1	2.423	70.00	0.285
6.66	0.05	Adapter 2423Hz	1	2.423	70.00	0.285
6.74	0.05	Adapter 2423Hz	1	2.423	70.00	0.285
7.0	0.05	Adapter 2423Hz	1	2.423	70.00	0.285
7.08	0.05	Adapter 2423Hz	1	2.423	70.00	0.285
7.16	0.05	Adapter 2423Hz	1	2.423	70.00	0.285
7.24	0.05	Adapter 2423Hz	1	2.423	70.00	0.285
10.004	0.05	Adapter 2423Hz Probe 3839Hz	2	2.423	70.00	0.285
10.084	0.05	Adapter 2423Hz Probe 3839Hz	2	2.423	70.00	0.285
10.164	0.05	Adapter 2423Hz Probe 3839Hz	2	2.423	70.00	0.285
10.244	0.05	Adapter 2423Hz Probe 3839Hz	2	2.423	70.00	0.285
10.324	0.05	Adapter 2423Hz Probe 3839Hz	2	3.839	70.00	0.437
10.504	0.05	Adapter 2423Hz Probe 3839Hz	2	2.423	70.00	0.285
10.584	0.05	Adapter 2423Hz Probe 3839Hz	2	2.423	70.00	0.285
10.664	0.05	Adapter 2423Hz Probe 3839Hz	2	2.423	70.00	0.285
10.744	0.05	Adapter 2423Hz Probe 3839Hz	2	2.423	70.00	0.285
10.824	0.05	Adapter 2423Hz Probe 3839Hz	2	3.839	70.00	0.437
11.004	0.05	Adapter 2423Hz Probe 3839Hz	2	2.423	70.00	0.285
11.084	0.05	Adapter 2423Hz Probe 3839Hz	2	2.423	70.00	0.285
11.164	0.05	Adapter 2423Hz Probe 3839Hz	2	2.423	70.00	0.285
11.244	0.05	Adapter 2423Hz Probe 3839Hz	2	2.423	70.00	0.285
11.324	0.05	Adapter 2423Hz Probe 3839Hz	2	3.839	70.00	0.437
11.504	0.05	Adapter 2423Hz Probe 3839Hz	2	2.423	70.00	0.285
11.584	0.05	Adapter 2423Hz Probe 3839Hz	2	2.423	70.00	0.285
11.664	0.05	Adapter 2423Hz Probe 3839Hz	2	2.423	70.00	0.285
11.744	0.05	Adapter 2423Hz Probe 3839Hz	2	2.423	70.00	0.285
11.824	0.05	Adapter 2423Hz Probe 3839Hz	2	3.839	70.00	0.437
12.004	0.05	Adapter 2423Hz Probe 3839Hz	2	2.423	70.00	0.285
12.084	0.05	Adapter 2423Hz Probe 3839Hz	2	2.423	70.00	0.285
12.164	0.05	Adapter 2423Hz Probe 3839Hz	2	2.423	70.00	0.285
12.244	0.05	Adapter 2423Hz Probe 3839Hz	2	2.423	70.00	0.285
12.324	0.05	Adapter 2423Hz Probe 3839Hz	2	3.839	70.00	0.437
12.504	0.05	Adapter 2423Hz Probe 3839Hz	2	2.423	70.00	0.285
12.584	0.05	Adapter 2423Hz Probe 3839Hz	2	2.423	70.00	0.285
12.664	0.05	Adapter 2423Hz Probe 3839Hz	2	2.423	70.00	0.285
12.744	0.05	Adapter 2423Hz Probe 3839Hz	2	2.423	70.00	0.285
12.824	0.05	Adapter 2423Hz Probe 3839Hz	2	3.839	70.00	0.437
13.004	0.05	Adapter 2423Hz Probe 3839Hz	2	2.423	70.00	0.285
13.084	0.05	Adapter 2423Hz Probe 3839Hz	2	2.423	70.00	0.285
13.164	0.05	Adapter 2423Hz Probe 3839Hz	2	2.423	70.00	0.285
13.244	0.05	Adapter 2423Hz Probe 3839Hz	2	2.423	70.00	0.285
13.324	0.05	Adapter 2423Hz Probe 3839Hz	2	3.839	70.00	0.437
13.504	0.05	Adapter 2423Hz Probe 3839Hz	2	2.423	70.00	0.285
13.584	0.05	Adapter 2423Hz Probe 3839Hz	2	2.423	70.00	0.285
13.664	0.05	Adapter 2423Hz Probe 3839Hz	2	2.423	70.00	0.285
13.744	0.05	Adapter 2423Hz Probe 3839Hz	2	2.423	70.00	0.285
13.824	0.05	Adapter 2423Hz Probe 3839Hz	2	3.839	70.00	0.437
14.004	0.05	Adapter 2423Hz Probe 3839Hz	2	2.423	70.00	0.285
14.084	0.05	Adapter 2423Hz Probe 3839Hz	2	2.423	70.00	0.285
14.164	0.05	Adapter 2423Hz Probe 3839Hz	2	2.423	70.00	0.285
14.244	0.05	Adapter 2423Hz Probe 3839Hz	2	2.423	70.00	0.285
14.324	0.05	Adapter 2423Hz Probe 3839Hz	2	3.839	70.00	0.437
14.504	0.05	Adapter 2423Hz Probe 3839Hz	2	2.423	70.00	0.285
14.584	0.05	Adapter 2423Hz Probe 3839Hz	2	2.423	70.00	0.285
14.664	0.05	Adapter 2423Hz Probe 3839Hz	2	2.423	70.00	0.285
14.744	0.05	Adapter 2423Hz Probe 3839Hz	2	2.423	70.00	0.285
14.824	0.05	Adapter 2423Hz Probe 3839Hz	2	3.839	70.00	0.437
17.492	0.05	Adapter 251Hz	3	0.251	70.00	0.052
17.572	0.05	Adapter 251Hz	3	0.251	70.00	0.052
17.652	0.05	Adapter 251Hz	3	0.251	70.00	0.052
17.732	0.05	Adapter 251Hz	3	0.251	70.00	0.052
17.992	0.05	Adapter 251Hz	3	0.251	70.00	0.052
18.072	0.05	Adapter 251Hz	3	0.251	70.00	0.052
18.152	0.05	Adapter 251Hz	3	0.251	70.00	0.052
18.232	0.05	Adapter 251Hz	3	0.251	70.00	0.052
18.492	0.05	Adapter 251Hz	3	0.251	70.00	0.052
18.572	0.05	Adapter 251Hz	3	0.251	70.00	0.052
18.652	0.05	Adapter 251Hz	3	0.251	70.00	0.052
18.732	0.05	Adapter 251Hz	3	0.251	70.00	0.052
18.992	0.05	Adapter 251Hz	3	0.251	70.00	0.052
19.072	0.05	Adapter 251Hz	3	0.251	70.00	0.052
19.152	0.05	Adapter 251Hz	3	0.251	70.00	0.052
19.232	0.05	Adapter 251Hz	3	0.251	70.00	0.052
19.492	0.05	Adapter 251Hz	3	0.251	70.00	0.052
19.572	0.05	Adapter 251Hz	3	0.251	70.00	0.052
19.652	0.05	Adapter 251Hz	3	0.251	70.00	0.052
19.732	0.05	Adapter 251Hz	3	0.251	70.00	0.052
19.992	0.05	Adapter 251Hz	3	0.251	70.00	0.052
20.072	0.05	Adapter 251Hz	3	0.251	70.00	0.052
20.152	0.05	Adapter 251Hz	3	0.251	70.00	0.052
20.232	0.05	Adapter 251Hz	3	0.251	70.00	0.052
20.492	0.05	Adapter 251Hz	3	0.251	70.00	0.052
20.572	0.05	Adapter 251Hz	3	0.251	70.00	0.052
20.652	0.05	Adapter 251Hz	3	0.251	70.00	0.052
20.732	0.05	Adapter 251Hz	3	0.251	70.00	0.052
20.992	0.05	Adapter 251Hz	3	0.251	70.00	0.052
21.072	0.05	Adapter 251Hz	3	0.251	70.00	0.052
21.152	0.05	Adapter 251Hz	3	0.251	70.00	0.052
21.232	0.05	Adapter 251Hz	3	0.251	70.00	0.052
21.492	0.05	Adapter 251Hz	3	0.251	70.00	0.052
21.572	0.05	Adapter 251Hz	3	0.251	70.00	0.052
21.652	0.05	Adapter 251Hz	3	0.251	70.00	0.052
21.732	0.05	Adapter 251Hz	3	0.251	70.00	0.052
21.992	0.05	Adapter 251Hz	3	0.251	70.00	0.052
22.072	0.05	Adapter 251Hz	3	0.251	70.00	0.052
22.152	0.05	Adapter 251Hz	3	0.251	70.00	0.052
22.232	0.05	Adapter 251Hz	3	0.251	70.00	0.052
24.995	0.05	Adapter 3839Hz	4	3.839	70.00	0.437
25.075	0.05	Adapter 3839Hz	4	3.839	70.00	0.437
25.155	0.05	Adapter 3839Hz	4	3.839	70.00	0.437
25.235	0.05	Adapter 3839Hz	4	3.839	70.00	0.437
25.495	0.05	Adapter 3839Hz	4	3.839	70.00	0.437
25.575	0.05	Adapter 3839Hz	4	3.839	70.00	0.437
25.655	0.05	Adapter 3839Hz	4	3.839	70.00	0.437
25.735	0.05	Adapter 3839Hz	4	3.839	70.00	0.437
25.995	0.05	Adapter 3839Hz	4	3.839	70.00	0.437
26.075	0.05	Adapter 3839Hz	4	3.839	70.00	0.437
26.155	0.05	Adapter 3839Hz	4	3.839	70.00	0.437
26.235	0.05	Adapter 3839Hz	4	3.839	70.00	0.437
26.495	0.05	Adapter 3839Hz	4	3.839	70.00	0.437
26.575	0.05	Adapter 3839Hz	4	3.839	70.00	0.437
26.655	0.05	Adapter 3839Hz	4	3.839	70.00	0.437
26.735	0.05	Adapter 3839Hz	4	3.839	70.00	0.437
26.995	0.05	Adapter 3839Hz	4	3.839	70.00	0.437
27.075	0.05	Adapter 3839Hz	4	3.839	70.00	0.437
27.155	0.05	Adapter 3839Hz	4	3.839	70.00	0.437
27.235	0.05	Adapter 3839Hz	4	3.839	70.00	0.437
27.495	0.05	Adapter 3839Hz	4	3.839	70.00	0.437
27.575	0.05	Adapter 3839Hz	4	3.839	70.00	0.437
27.655	0.05	Adapter 3839Hz	4	3.839	70.00	0.437
27.735	0.05	Adapter 3839Hz	4	3.839	70.00	0.437
27.995	0.05	Adapter 3839Hz	4	3.839	70.00	0.437
28.075	0.05	Adapter 3839Hz	4	3.839	70.00	0.437
28.155	0.05	Adapter 3839Hz	4	3.839	70.00	0.437
28.235	0.05	Adapter 3839Hz	4	3.839	70.00	0.437
28.495	0.05	Adapter 3839Hz	4	3.839	70.00	0.437
28.575	0.05	Adapter 3839Hz	4	3.839	70.00	0.437
28.655	0.05	Adapter 3839Hz	4	3.839	70.00	0.437
28.735	0.05	Adapter 3839Hz	4	3.839	70.00	0.437
28.995	0.05	Adapter 3839Hz	4	3.839	70.00	0.437
29.075	0.05	Adapter 3839Hz	4	3.839	70.00	0.437
29.155	0.05	Adapter 3839Hz	4	3.839	70.00	0.437
29.235	0.05	Adapter 3839Hz	4	3.839	70.00	0.437
29.495	0.05	Adapter 3839Hz	4	3.839	70.00	0.437
29.575	0.05	Adapter 3839Hz	4	3.839	70.00	0.437
29.655	0.05	Adapter 3839Hz	4	3.839	70.00	0.437
29.735	0.05	Adapter 3839Hz	4	3.839	70.00	0.437
32.468	0.05	Adapter 6009Hz	5	6.009	70.00	0.671
32.548	0.05	Adapter 6009Hz	5	6.009	70.00	0.671
32.628	0.05	Adapter 6009Hz	5	6.009	70.00	0.671
32.708	0.05	Adapter 6009Hz	5	6.009	70.00	0.671
32.968	0.05	Adapter 6009Hz	5	6.009	70.00	0.671
33.048	0.05	Adapter 6009Hz	5	6.009	70.00	0.671
33.128	0.05	Adapter 6009Hz	5	6.009	70.00	0.671
33.208	0.05	Adapter 6009Hz	5	6.009	70.00	0.671
33.468	0.05	Adapter 6009Hz	5	6.009	70.00	0.671
33.548	0.05	Adapter 6009Hz	5	6.009	70.00	0.671
33.628	0.05	Adapter 6009Hz	5	6.009	70.00	0.671
33.708	0.05	Adapter 6009Hz	5	6.009	70.00	0.671
33.968	0.05	Adapter 6009Hz	5	6.009	70.00	0.671
34.048	0.05	Adapter 6009Hz	5	6.009	70.00	0.671
34.128	0.05	Adapter 6009Hz	5	6.009	70.00	0.671
34.208	0.05	Adapter 6009Hz	5	6.009	70.00	0.671
34.468	0.05	Adapter 6009Hz	5	6.009	70.00	0.671
34.548	0.05	Adapter 6009Hz	5	6.009	70.00	0.671
34.628	0.05	Adapter 6009Hz	5	6.009	70.00	0.671
34.708	0.05	Adapter 6009Hz	5	6.009	70.00	0.671
34.968	0.05	Adapter 6009Hz	5	6.009	70.00	0.671
35.048	0.05	Adapter 6009Hz	5	6.009	70.00	0.671
35.128	0.05	Adapter 6009Hz	5	6.009	70.00	0.671
35.208	0.05	Adapter 6009Hz	5	6.009	70.00	0.671
35.468	0.05	Adapter 6009Hz	5	6.009	70.00	0.671
35.548	0.05	Adapter 6009Hz	5	6.009	70.00	0.671
35.628	0.05	Adapter 6009Hz	5	6.009	70.00	0.671
35.708	0.05	Adapter 6009Hz	5	6.009	70.00	0.671
35.968	0.05	Adapter 6009Hz	5	6.009	70.00	0.671
36.048	0.05	Adapter 6009Hz	5	6.009	70.00	0.671
36.128	0.05	Adapter 6009Hz	5	6.009	70.00	0.671
36.208	0.05	Adapter 6009Hz	5	6.009	70.00	0.671
36.468	0.05	Adapter 6009Hz	5	6.009	70.00	0.671
36.548	0.05	Adapter 6009Hz	5	6.009	70.00	0.671
36.628	0.05	Adapter 6009Hz	5	6.009	70.00	0.671
36.708	0.05	Adapter 6009Hz	5	6.009	70.00	0.671
36.968	0.05	Adapter 6009Hz	5	6.009	70.00	0.671
37.048	0.05	Adapter 6009Hz	5	6.009	70.00	0.671
37.128	0.05	Adapter 6009Hz	5	6.009	70.00	0.671
37.208	0.05	Adapter 6009Hz	5	6.009	70.00	0.671
47.491	0.05	Adapter 3839Hz Probe 3839Hz	7	3.839	70.00	0.437
47.571	0.05	Adapter 3839Hz Probe 3839Hz	7	3.839	70.00	0.437
47.651	0.05	Adapter 3839Hz Probe 3839Hz	7	3.839	70.00	0.437
47.731	0.05	Adapter 3839Hz Probe 3839Hz	7	3.839	70.00	0.437
47.811	0.05	Adapter 3839Hz Probe 3839Hz	7	3.839	70.00	0.437
47.991	0.05	Adapter 3839Hz Probe 3839Hz	7	3.839	70.00	0.437
48.071	0.05	Adapter 3839Hz Probe 3839Hz	7	3.839	70.00	0.437
48.151	0.05	Adapter 3839Hz Probe 3839Hz	7	3.839	70.00	0.437
48.231	0.05	Adapter 3839Hz Probe 3839Hz	7	3.839	70.00	0.437
48.311	0.05	Adapter 3839Hz Probe 3839Hz	7	3.839	70.00	0.437
48.491	0.05	Adapter 3839Hz Probe 3839Hz	7	3.839	70.00	0.437
48.571	0.05	Adapter 3839Hz Probe 3839Hz	7	3.839	70.00	0.437
48.651	0.05	Adapter 3839Hz Probe 3839Hz	7	3.839	70.00	0.437
48.731	0.05	Adapter 3839Hz Probe 3839Hz	7	3.839	70.00	0.437
48.811	0.05	Adapter 3839Hz Probe 3839Hz	7	3.839	70.00	0.437
48.991	0.05	Adapter 3839Hz Probe 3839Hz	7	3.839	70.00	0.437
49.071	0.05	Adapter 3839Hz Probe 3839Hz	7	3.839	70.00	0.437
49.151	0.05	Adapter 3839Hz Probe 3839Hz	7	3.839	70.00	0.437
49.231	0.05	Adapter 3839Hz Probe 3839Hz	7	3.839	70.00	0.437
49.311	0.05	Adapter 3839Hz Probe 3839Hz	7	3.839	70.00	0.437
49.491	0.05	Adapter 3839Hz Probe 3839Hz	7	3.839	70.00	0.437
49.571	0.05	Adapter 3839Hz Probe 3839Hz	7	3.839	70.00	0.437
49.651	0.05	Adapter 3839Hz Probe 3839Hz	7	3.839	70.00	0.437
49.731	0.05	Adapter 3839Hz Probe 3839Hz	7	3.839	70.00	0.437
49.811	0.05	Adapter 3839Hz Probe 3839Hz	7	3.839	70.00	0.437
49.991	0.05	Adapter 3839Hz Probe 3839Hz	7	3.839	70.00	0.437
50.071	0.05	Adapter 3839Hz Probe 3839Hz	7	3.839	70.00	0.437
50.151	0.05	Adapter 3839Hz Probe 3839Hz	7	3.839	70.00	0.437
50.231	0.05	Adapter 3839Hz Probe 3839Hz	7	3.839	70.00	0.437
50.311	0.05	Adapter 3839Hz Probe 3839Hz	7	3.839	70.00	0.437
50.491	0.05	Adapter 3839Hz Probe 3839Hz	7	3.839	70.00	0.437
50.571	0.05	Adapter 3839Hz Probe 3839Hz	7	3.839	70.00	0.437
50.651	0.05	Adapter 3839Hz Probe 3839Hz	7	3.839	70.00	0.437
50.731	0.05	Adapter 3839Hz Probe 3839Hz	7	3.839	70.00	0.437
50.811	0.05	Adapter 3839Hz Probe 3839Hz	7	3.839	70.00	0.437
50.991	0.05	Adapter 3839Hz Probe 3839Hz	7	3.839	70.00	0.437
51.071	0.05	Adapter 3839Hz Probe 3839Hz	7	3.839	70.00	0.437
51.151	0.05	Adapter 3839Hz Probe 3839Hz	7	3.839	70.00	0.437
51.231	0.05	Adapter 3839Hz Probe 3839Hz	7	3.839	70.00	0.437
51.311	0.05	Adapter 3839Hz Probe 3839Hz	7	3.839	70.00	0.437
51.491	0.05	Adapter 3839Hz Probe 3839Hz	7	3.839	70.00	0.437
51.571	0.05	Adapter 3839Hz Probe 3839Hz	7	3.839	70.00	0.437
51.651	0.05	Adapter 3839Hz Probe 3839Hz	7	3.839	70.00	0.437
51.731	0.05	Adapter 3839Hz Probe 3839Hz	7	3.839	70.00	0.437
51.811	0.05	Adapter 3839Hz Probe 3839Hz	7	3.839	70.00	0.437
51.991	0.05	Adapter 3839Hz Probe 3839Hz	7	3.839	70.00	0.437
52.071	0.05	Adapter 3839Hz Probe 3839Hz	7	3.839	70.00	0.437
52.151	0.05	Adapter 3839Hz Probe 3839Hz	7	3.839	70.00	0.437
52.231	0.05	Adapter 3839Hz Probe 3839Hz	7	3.839	70.00	0.437
52.311	0.05	Adapter 3839Hz Probe 3839Hz	7	3.839	70.00	0.437
62.787	0.05	Probe 3839Hz	9	3.839	70.00	0.437
63.287	0.05	Probe 3839Hz	9	3.839	70.00	0.437
63.787	0.05	Probe 3839Hz	9	3.839	70.00	0.437
64.287	0.05	Probe 3839Hz	9	3.839	70.00	0.437
64.787	0.05	Probe 3839Hz	9	3.839	70.00	0.437
65.287	0.05	Probe 3839Hz	9	3.839	70.00	0.437
65.787	0.05	Probe 3839Hz	9	3.839	70.00	0.437
66.287	0.05	Probe 3839Hz	9	3.839	70.00	0.437
66.787	0.05	Probe 3839Hz	9	3.839	70.00	0.437
67.287	0.05	Probe 3839Hz	9	3.839	70.00	0.437
77.505	0.05	Adapter 899Hz	11	0.899	70.00	0.121
77.585	0.05	Adapter 899Hz	11	0.899	70.00	0.121
77.665	0.05	Adapter 899Hz	11	0.899	70.00	0.121
77.745	0.05	Adapter 899Hz	11	0.899	70.00	0.121
78.005	0.05	Adapter 899Hz	11	0.899	70.00	0.121
78.085	0.05	Adapter 899Hz	11	0.899	70.00	0.121
78.165	0.05	Adapter 899Hz	11	0.899	70.00	0.121
78.245	0.05	Adapter 899Hz	11	0.899	70.00	0.121
78.505	0.05	Adapter 899Hz	11	0.899	70.00	0.121
78.585	0.05	Adapter 899Hz	11	0.899	70.00	0.121
78.665	0.05	Adapter 899Hz	11	0.899	70.00	0.121
78.745	0.05	Adapter 899Hz	11	0.899	70.00	0.121
79.005	0.05	Adapter 899Hz	11	0.899	70.00	0.121
79.085	0.05	Adapter 899Hz	11	0.899	70.00	0.121
79.165	0.05	Adapter 899Hz	11	0.899	70.00	0.121
79.245	0.05	Adapter 899Hz	11	0.899	70.00	0.121
79.505	0.05	Adapter 899Hz	11	0.899	70.00	0.121
79.585	0.05	Adapter 899Hz	11	0.899	70.00	0.121
79.665	0.05	Adapter 899Hz	11	0.899	70.00	0.121
79.745	0.05	Adapter 899Hz	11	0.899	70.00	0.121
80.005	0.05	Adapter 899Hz	11	0.899	70.00	0.121
80.085	0.05	Adapter 899Hz	11	0.899	70.00	0.121
80.165	0.05	Adapter 899Hz	11	0.899	70.00	0.121
80.245	0.05	Adapter 899Hz	11	0.899	70.00	0.121
80.505	0.05	Adapter 899Hz	11	0.899	70.00	0.121
80.585	0.05	Adapter 899Hz	11	0.899	70.00	0.121
80.665	0.05	Adapter 899Hz	11	0.899	70.00	0.121
80.745	0.05	Adapter 899Hz	11	0.899	70.00	0.121
81.005	0.05	Adapter 899Hz	11	0.899	70.00	0.121
81.085	0.05	Adapter 899Hz	11	0.899	70.00	0.121
81.165	0.05	Adapter 899Hz	11	0.899	70.00	0.121
81.245	0.05	Adapter 899Hz	11	0.899	70.00	0.121
81.505	0.05	Adapter 899Hz	11	0.899	70.00	0.121
81.585	0.05	Adapter 899Hz	11	0.899	70.00	0.121
81.665	0.05	Adapter 899Hz	11	0.899	70.00	0.121
81.745	0.05	Adapter 899Hz	11	0.899	70.00	0.121
82.005	0.05	Adapter 899Hz	11	0.899	70.00	0.121
82.085	0.05	Adapter 899Hz	11	0.899	70.00	0.121
82.165	0.05	Adapter 899Hz	11	0.899	70.00	0.121
82.245	0.05	Adapter 899Hz	11	0.899	70.00	0.121
84.977	0.05	Adapter 899Hz Probe 3839Hz	12	0.899	70.00	0.121
85.057	0.05	Adapter 899Hz Probe 3839Hz	12	0.899	70.00	0.121
85.137	0.05	Adapter 899Hz Probe 3839Hz	12	0.899	70.00	0.121
85.217	0.05	Adapter 899Hz Probe 3839Hz	12	0.899	70.00	0.121
85.297	0.05	Adapter 899Hz Probe 3839Hz	12	3.839	70.00	0.437
85.477	0.05	Adapter 899Hz Probe 3839Hz	12	0.899	70.00	0.121
85.557	0.05	Adapter 899Hz Probe 3839Hz	12	0.899	70.00	0.121
85.637	0.05	Adapter 899Hz Probe 3839Hz	12	0.899	70.00	0.121
85.717	0.05	Adapter 899Hz Probe 3839Hz	12	0.899	70.00	0.121
85.797	0.05	Adapter 899Hz Probe 3839Hz	12	3.839	70.00	0.437
85.977	0.05	Adapter 899Hz Probe 3839Hz	12	0.899	70.00	0.121
86.057	0.05	Adapter 899Hz Probe 3839Hz	12	0.899	70.00	0.121
86.137	0.05	Adapter 899Hz Probe 3839Hz	12	0.899	70.00	0.121
86.217	0.05	Adapter 899Hz Probe 3839Hz	12	0.899	70.00	0.121
86.297	0.05	Adapter 899Hz Probe 3839Hz	12	3.839	70.00	0.437
86.477	0.05	Adapter 899Hz Probe 3839Hz	12	0.899	70.00	0.121
86.557	0.05	Adapter 899Hz Probe 3839Hz	12	0.899	70.00	0.121
86.637	0.05	Adapter 899Hz Probe 3839Hz	12	0.899	70.00	0.121
86.717	0.05	Adapter 899Hz Probe 3839Hz	12	0.899	70.00	0.121
86.797	0.05	Adapter 899Hz Probe 3839Hz	12	3.839	70.00	0.437
86.977	0.05	Adapter 899Hz Probe 3839Hz	12	0.899	70.00	0.121
87.057	0.05	Adapter 899Hz Probe 3839Hz	12	0.899	70.00	0.121
87.137	0.05	Adapter 899Hz Probe 3839Hz	12	0.899	70.00	0.121
87.217	0.05	Adapter 899Hz Probe 3839Hz	12	0.899	70.00	0.121
87.297	0.05	Adapter 899Hz Probe 3839Hz	12	3.839	70.00	0.437
87.477	0.05	Adapter 899Hz Probe 3839Hz	12	0.899	70.00	0.121
87.557	0.05	Adapter 899Hz Probe 3839Hz	12	0.899	70.00	0.121
87.637	0.05	Adapter 899Hz Probe 3839Hz	12	0.899	70.00	0.121
87.717	0.05	Adapter 899Hz Probe 3839Hz	12	0.899	70.00	0.121
87.797	0.05	Adapter 899Hz Probe 3839Hz	12	3.839	70.00	0.437
87.977	0.05	Adapter 899Hz Probe 3839Hz	12	0.899	70.00	0.121
88.057	0.05	Adapter 899Hz Probe 3839Hz	12	0.899	70.00	0.121
88.137	0.05	Adapter 899Hz Probe 3839Hz	12	0.899	70.00	0.121
88.217	0.05	Adapter 899Hz Probe 3839Hz	12	0.899	70.00	0.121
88.297	0.05	Adapter 899Hz Probe 3839Hz	12	3.839	70.00	0.437
88.477	0.05	Adapter 899Hz Probe 3839Hz	12	0.899	70.00	0.121
88.557	0.05	Adapter 899Hz Probe 3839Hz	12	0.899	70.00	0.121
88.637	0.05	Adapter 899Hz Probe 3839Hz	12	0.899	70.00	0.121
88.717	0.05	Adapter 899Hz Probe 3839Hz	12	0.899	70.00	0.121
88.797	0.05	Adapter 899Hz Probe 3839Hz	12	3.839	70.00	0.437
88.977	0.05	Adapter 899Hz Probe 3839Hz	12	0.899	70.00	0.121
89.057	0.05	Adapter 899Hz Probe 3839Hz	12	0.899	70.00	0.121
89.137	0.05	Adapter 899Hz Probe 3839Hz	12	0.899	70.00	0.121
89.217	0.05	Adapter 899Hz Probe 3839Hz	12	0.899	70.00	0.121
89.297	0.05	Adapter 899Hz Probe 3839Hz	12	3.839	70.00	0.437
89.477	0.05	Adapter 899Hz Probe 3839Hz	12	0.899	70.00	0.121
89.557	0.05	Adapter 899Hz Probe 3839Hz	12	0.899	70.00	0.121
89.637	0.05	Adapter 899Hz Probe 3839Hz	12	0.899	70.00	0.121
89.717	0.05	Adapter 899Hz Probe 3839Hz	12	0.899	70.00	0.121
89.797	0.05	Adapter 899Hz Probe 3839Hz	12	3.839	70.00	0.437
92.512	0.05	Adapter 507Hz Probe 3839Hz	13	0.507	70.00	0.079
92.592	0.05	Adapter 507Hz Probe 3839Hz	13	0.507	70.00	0.079
92.672	0.05	Adapter 507Hz Probe 3839Hz	13	0.507	70.00	0.079
92.752	0.05	Adapter 507Hz Probe 3839Hz	13	0.507	70.00	0.079
92.832	0.05	Adapter 507Hz Probe 3839Hz	13	3.839	70.00	0.437
93.012	0.05	Adapter 507Hz Probe 3839Hz	13	0.507	70.00	0.079
93.092	0.05	Adapter 507Hz Probe 3839Hz	13	0.507	70.00	0.079
93.172	0.05	Adapter 507Hz Probe 3839Hz	13	0.507	70.00	0.079
93.252	0.05	Adapter 507Hz Probe 3839Hz	13	0.507	70.00	0.079
93.332	0.05	Adapter 507Hz Probe 3839Hz	13	3.839	70.00	0.437
93.512	0.05	Adapter 507Hz Probe 3839Hz	13	0.507	70.00	0.079
93.592	0.05	Adapter 507Hz Probe 3839Hz	13	0.507	70.00	0.079
93.672	0.05	Adapter 507Hz Probe 3839Hz	13	0.507	70.00	0.079
93.752	0.05	Adapter 507Hz Probe 3839Hz	13	0.507	70.00	0.079
93.832	0.05	Adapter 507Hz Probe 3839Hz	13	3.839	70.00	0.437
94.012	0.05	Adapter 507Hz Probe 3839Hz	13	0.507	70.00	0.079
94.092	0.05	Adapter 507Hz Probe 3839Hz	13	0.507	70.00	0.079
94.172	0.05	Adapter 507Hz Probe 3839Hz	13	0.507	70.00	0.079
94.252	0.05	Adapter 507Hz Probe 3839Hz	13	0.507	70.00	0.079
94.332	0.05	Adapter 507Hz Probe 3839Hz	13	3.839	70.00	0.437
94.512	0.05	Adapter 507Hz Probe 3839Hz	13	0.507	70.00	0.079
94.592	0.05	Adapter 507Hz Probe 3839Hz	13	0.507	70.00	0.079
94.672	0.05	Adapter 507Hz Probe 3839Hz	13	0.507	70.00	0.079
94.752	0.05	Adapter 507Hz Probe 3839Hz	13	0.507	70.00	0.079
94.832	0.05	Adapter 507Hz Probe 3839Hz	13	3.839	70.00	0.437
95.012	0.05	Adapter 507Hz Probe 3839Hz	13	0.507	70.00	0.079
95.092	0.05	Adapter 507Hz Probe 3839Hz	13	0.507	70.00	0.079
95.172	0.05	Adapter 507Hz Probe 3839Hz	13	0.507	70.00	0.079
95.252	0.05	Adapter 507Hz Probe 3839Hz	13	0.507	70.00	0.079
95.332	0.05	Adapter 507Hz Probe 3839Hz	13	3.839	70.00	0.437
95.512	0.05	Adapter 507Hz Probe 3839Hz	13	0.507	70.00	0.079
95.592	0.05	Adapter 507Hz Probe 3839Hz	13	0.507	70.00	0.079
95.672	0.05	Adapter 507Hz Probe 3839Hz	13	0.507	70.00	0.079
95.752	0.05	Adapter 507Hz Probe 3839Hz	13	0.507	70.00	0.079
95.832	0.05	Adapter 507Hz Probe 3839Hz	13	3.839	70.00	0.437
96.012	0.05	Adapter 507Hz Probe 3839Hz	13	0.507	70.00	0.079
96.092	0.05	Adapter 507Hz Probe 3839Hz	13	0.507	70.00	0.079
96.172	0.05	Adapter 507Hz Probe 3839Hz	13	0.507	70.00	0.079
96.252	0.05	Adapter 507Hz Probe 3839Hz	13	0.507	70.00	0.079
96.332	0.05	Adapter 507Hz Probe 3839Hz	13	3.839	70.00	0.437
96.512	0.05	Adapter 507Hz Probe 3839Hz	13	0.507	70.00	0.079
96.592	0.05	Adapter 507Hz Probe 3839Hz	13	0.507	70.00	0.079
96.672	0.05	Adapter 507Hz Probe 3839Hz	13	0.507	70.00	0.079
96.752	0.05	Adapter 507Hz Probe 3839Hz	13	0.507	70.00	0.079
96.832	0.05	Adapter 507Hz Probe 3839Hz	13	3.839	70.00	0.437
97.012	0.05	Adapter 507Hz Probe 3839Hz	13	0.507	70.00	0.079
97.092	0.05	Adapter 507Hz Probe 3839Hz	13	0.507	70.00	0.079
97.172	0.05	Adapter 507Hz Probe 3839Hz	13	0.507	70.00	0.079
97.252	0.05	Adapter 507Hz Probe 3839Hz	13	0.507	70.00	0.079
97.332	0.05	Adapter 507Hz Probe 3839Hz	13	3.839	70.00	0.437
99.985	0.05	Adapter 507Hz	14	0.507	70.00	0.079
100.065	0.05	Adapter 507Hz	14	0.507	70.00	0.079
100.145	0.05	Adapter 507Hz	14	0.507	70.00	0.079
100.225	0.05	Adapter 507Hz	14	0.507	70.00	0.079
100.485	0.05	Adapter 507Hz	14	0.507	70.00	0.079
100.565	0.05	Adapter 507Hz	14	0.507	70.00	0.079
100.645	0.05	Adapter 507Hz	14	0.507	70.00	0.079
100.725	0.05	Adapter 507Hz	14	0.507	70.00	0.079
100.985	0.05	Adapter 507Hz	14	0.507	70.00	0.079
101.065	0.05	Adapter 507Hz	14	0.507	70.00	0.079
101.145	0.05	Adapter 507Hz	14	0.507	70.00	0.079
101.225	0.05	Adapter 507Hz	14	0.507	70.00	0.079
101.485	0.05	Adapter 507Hz	14	0.507	70.00	0.079
101.565	0.05	Adapter 507Hz	14	0.507	70.00	0.079
101.645	0.05	Adapter 507Hz	14	0.507	70.00	0.079
101.725	0.05	Adapter 507Hz	14	0.507	70.00	0.079
101.985	0.05	Adapter 507Hz	14	0.507	70.00	0.079
102.065	0.05	Adapter 507Hz	14	0.507	70.00	0.079
102.145	0.05	Adapter 507Hz	14	0.507	70.00	0.079
102.225	0.05	Adapter 507Hz	14	0.507	70.00	0.079
102.485	0.05	Adapter 507Hz	14	0.507	70.00	0.079
102.565	0.05	Adapter 507Hz	14	0.507	70.00	0.079
102.645	0.05	Adapter 507Hz	14	0.507	70.00	0.079
102.725	0.05	Adapter 507Hz	14	0.507	70.00	0.079
102.985	0.05	Adapter 507Hz	14	0.507	70.00	0.079
103.065	0.05	Adapter 507Hz	14	0.507	70.00	0.079
103.145	0.05	Adapter 507Hz	14	0.507	70.00	0.079
103.225	0.05	Adapter 507Hz	14	0.507	70.00	0.079
103.485	0.05	Adapter 507Hz	14	0.507	70.00	0.079
103.565	0.05	Adapter 507Hz	14	0.507	70.00	0.079
103.645	0.05	Adapter 507Hz	14	0.507	70.00	0.079
103.725	0.05	Adapter 507Hz	14	0.507	70.00	0.079
103.985	0.05	Adapter 507Hz	14	0.507	70.00	0.079
104.065	0.05	Adapter 507Hz	14	0.507	70.00	0.079
104.145	0.05	Adapter 507Hz	14	0.507	70.00	0.079
104.225	0.05	Adapter 507Hz	14	0.507	70.00	0.079
104.485	0.05	Adapter 507Hz	14	0.507	70.00	0.079
104.565	0.05	Adapter 507Hz	14	0.507	70.00	0.079
104.645	0.05	Adapter 507Hz	14	0.507	70.00	0.079
104.725	0.05	Adapter 507Hz	14	0.507	70.00	0.079
107.457	0.05	Adapter 1501Hz	15	1.501	70.00	0.186
107.537	0.05	Adapter 1501Hz	15	1.501	70.00	0.186
107.617	0.05	Adapter 1501Hz	15	1.501	70.00	0.186
107.697	0.05	Adapter 1501Hz	15	1.501	70.00	0.186
107.957	0.05	Adapter 1501Hz	15	1.501	70.00	0.186
108.037	0.05	Adapter 1501Hz	15	1.501	70.00	0.186
108.117	0.05	Adapter 1501Hz	15	1.501	70.00	0.186
108.197	0.05	Adapter 1501Hz	15	1.501	70.00	0.186
108.457	0.05	Adapter 1501Hz	15	1.501	70.00	0.186
108.537	0.05	Adapter 1501Hz	15	1.501	70.00	0.186
108.617	0.05	Adapter 1501Hz	15	1.501	70.00	0.186
108.697	0.05	Adapter 1501Hz	15	1.501	70.00	0.186
108.957	0.05	Adapter 1501Hz	15	1.501	70.00	0.186
109.037	0.05	Adapter 1501Hz	15	1.501	70.00	0.186
109.117	0.05	Adapter 1501Hz	15	1.501	70.00	0.186
109.197	0.05	Adapter 1501Hz	15	1.501	70.00	0.186
109.457	0.05	Adapter 1501Hz	15	1.501	70.00	0.186
109.537	0.05	Adapter 1501Hz	15	1.501	70.00	0.186
109.617	0.05	Adapter 1501Hz	15	1.501	70.00	0.186
109.697	0.05	Adapter 1501Hz	15	1.501	70.00	0.186
109.957	0.05	Adapter 1501Hz	15	1.501	70.00	0.186
110.037	0.05	Adapter 1501Hz	15	1.501	70.00	0.186
110.117	0.05	Adapter 1501Hz	15	1.501	70.00	0.186
110.197	0.05	Adapter 1501Hz	15	1.501	70.00	0.186
110.457	0.05	Adapter 1501Hz	15	1.501	70.00	0.186
110.537	0.05	Adapter 1501Hz	15	1.501	70.00	0.186
110.617	0.05	Adapter 1501Hz	15	1.501	70.00	0.186
110.697	0.05	Adapter 1501Hz	15	1.501	70.00	0.186
110.957	0.05	Adapter 1501Hz	15	1.501	70.00	0.186
111.037	0.05	Adapter 1501Hz	15	1.501	70.00	0.186
111.117	0.05	Adapter 1501Hz	15	1.501	70.00	0.186
111.197	0.05	Adapter 1501Hz	15	1.501	70.00	0.186
111.457	0.05	Adapter 1501Hz	15	1.501	70.00	0.186
111.537	0.05	Adapter 1501Hz	15	1.501	70.00	0.186
111.617	0.05	Adapter 1501Hz	15	1.501	70.00	0.186
111.697	0.05	Adapter 1501Hz	15	1.501	70.00	0.186
111.957	0.05	Adapter 1501Hz	15	1.501	70.00	0.186
112.037	0.05	Adapter 1501Hz	15	1.501	70.00	0.186
112.117	0.05	Adapter 1501Hz	15	1.501	70.00	0.186
112.197	0.05	Adapter 1501Hz	15	1.501	70.00	0.186
114.992	0.05	Adapter 1501Hz Probe 3839Hz	16	1.501	70.00	0.186
115.072	0.05	Adapter 1501Hz Probe 3839Hz	16	1.501	70.00	0.186
115.152	0.05	Adapter 1501Hz Probe 3839Hz	16	1.501	70.00	0.186
115.232	0.05	Adapter 1501Hz Probe 3839Hz	16	1.501	70.00	0.186
115.312	0.05	Adapter 1501Hz Probe 3839Hz	16	3.839	70.00	0.437
115.492	0.05	Adapter 1501Hz Probe 3839Hz	16	1.501	70.00	0.186
115.572	0.05	Adapter 1501Hz Probe 3839Hz	16	1.501	70.00	0.186
115.652	0.05	Adapter 1501Hz Probe 3839Hz	16	1.501	70.00	0.186
115.732	0.05	Adapter 1501Hz Probe 3839Hz	16	1.501	70.00	0.186
115.812	0.05	Adapter 1501Hz Probe 3839Hz	16	3.839	70.00	0.437
115.992	0.05	Adapter 1501Hz Probe 3839Hz	16	1.501	70.00	0.186
116.072	0.05	Adapter 1501Hz Probe 3839Hz	16	1.501	70.00	0.186
116.152	0.05	Adapter 1501Hz Probe 3839Hz	16	1.501	70.00	0.186
116.232	0.05	Adapter 1501Hz Probe 3839Hz	16	1.501	70.00	0.186
116.312	0.05	Adapter 1501Hz Probe 3839Hz	16	3.839	70.00	0.437
116.492	0.05	Adapter 1501Hz Probe 3839Hz	16	1.501	70.00	0.186
116.572	0.05	Adapter 1501Hz Probe 3839Hz	16	1.501	70.00	0.186
116.652	0.05	Adapter 1501Hz Probe 3839Hz	16	1.501	70.00	0.186
116.732	0.05	Adapter 1501Hz Probe 3839Hz	16	1.501	70.00	0.186
116.812	0.05	Adapter 1501Hz Probe 3839Hz	16	3.839	70.00	0.437
116.992	0.05	Adapter 1501Hz Probe 3839Hz	16	1.501	70.00	0.186
117.072	0.05	Adapter 1501Hz Probe 3839Hz	16	1.501	70.00	0.186
117.152	0.05	Adapter 1501Hz Probe 3839Hz	16	1.501	70.00	0.186
117.232	0.05	Adapter 1501Hz Probe 3839Hz	16	1.501	70.00	0.186
117.312	0.05	Adapter 1501Hz Probe 3839Hz	16	3.839	70.00	0.437
117.492	0.05	Adapter 1501Hz Probe 3839Hz	16	1.501	70.00	0.186
117.572	0.05	Adapter 1501Hz Probe 3839Hz	16	1.501	70.00	0.186
117.652	0.05	Adapter 1501Hz Probe 3839Hz	16	1.501	70.00	0.186
117.732	0.05	Adapter 1501Hz Probe 3839Hz	16	1.501	70.00	0.186
117.812	0.05	Adapter 1501Hz Probe 3839Hz	16	3.839	70.00	0.437
117.992	0.05	Adapter 1501Hz Probe 3839Hz	16	1.501	70.00	0.186
118.072	0.05	Adapter 1501Hz Probe 3839Hz	16	1.501	70.00	0.186
118.152	0.05	Adapter 1501Hz Probe 3839Hz	16	1.501	70.00	0.186
118.232	0.05	Adapter 1501Hz Probe 3839Hz	16	1.501	70.00	0.186
118.312	0.05	Adapter 1501Hz Probe 3839Hz	16	3.839	70.00	0.437
118.492	0.05	Adapter 1501Hz Probe 3839Hz	16	1.501	70.00	0.186
118.572	0.05	Adapter 1501Hz Probe 3839Hz	16	1.501	70.00	0.186
118.652	0.05	Adapter 1501Hz Probe 3839Hz	16	1.501	70.00	0.186
118.732	0.05	Adapter 1501Hz Probe 3839Hz	16	1.501	70.00	0.186
118.812	0.05	Adapter 1501Hz Probe 3839Hz	16	3.839	70.00	0.437
118.992	0.05	Adapter 1501Hz Probe 3839Hz	16	1.501	70.00	0.186
119.072	0.05	Adapter 1501Hz Probe 3839Hz	16	1.501	70.00	0.186
119.152	0.05	Adapter 1501Hz Probe 3839Hz	16	1.501	70.00	0.186
119.232	0.05	Adapter 1501Hz Probe 3839Hz	16	1.501	70.00	0.186
119.312	0.05	Adapter 1501Hz Probe 3839Hz	16	3.839	70.00	0.437
119.492	0.05	Adapter 1501Hz Probe 3839Hz	16	1.501	70.00	0.186
119.572	0.05	Adapter 1501Hz Probe 3839Hz	16	1.501	70.00	0.186
119.652	0.05	Adapter 1501Hz Probe 3839Hz	16	1.501	70.00	0.186
119.732	0.05	Adapter 1501Hz Probe 3839Hz	16	1.501	70.00	0.186
119.812	0.05	Adapter 1501Hz Probe 3839Hz	16	3.839	70.00	0.437
122.496	0.05	Adapter 899Hz Probe 3839Hz	17	0.899	70.00	0.121
122.576	0.05	Adapter 899Hz Probe 3839Hz	17	0.899	70.00	0.121
122.656	0.05	Adapter 899Hz Probe 3839Hz	17	0.899	70.00	0.121
122.736	0.05	Adapter 899Hz Probe 3839Hz	17	0.899	70.00	0.121
122.816	0.05	Adapter 899Hz Probe 3839Hz	17	3.839	70.00	0.437
122.996	0.05	Adapter 899Hz Probe 3839Hz	17	0.899	70.00	0.121
123.076	0.05	Adapter 899Hz Probe 3839Hz	17	0.899	70.00	0.121
123.156	0.05	Adapter 899Hz Probe 3839Hz	17	0.899	70.00	0.121
123.236	0.05	Adapter 899Hz Probe 3839Hz	17	0.899	70.00	0.121
123.316	0.05	Adapter 899Hz Probe 3839Hz	17	3.839	70.00	0.437
123.496	0.05	Adapter 899Hz Probe 3839Hz	17	0.899	70.00	0.121
123.576	0.05	Adapter 899Hz Probe 3839Hz	17	0.899	70.00	0.121
123.656	0.05	Adapter 899Hz Probe 3839Hz	17	0.899	70.00	0.121
123.736	0.05	Adapter 899Hz Probe 3839Hz	17	0.899	70.00	0.121
123.816	0.05	Adapter 899Hz Probe 3839Hz	17	3.839	70.00	0.437
123.996	0.05	Adapter 899Hz Probe 3839Hz	17	0.899	70.00	0.121
124.076	0.05	Adapter 899Hz Probe 3839Hz	17	0.899	70.00	0.121
124.156	0.05	Adapter 899Hz Probe 3839Hz	17	0.899	70.00	0.121
124.236	0.05	Adapter 899Hz Probe 3839Hz	17	0.899	70.00	0.121
124.316	0.05	Adapter 899Hz Probe 3839Hz	17	3.839	70.00	0.437
124.496	0.05	Adapter 899Hz Probe 3839Hz	17	0.899	70.00	0.121
124.576	0.05	Adapter 899Hz Probe 3839Hz	17	0.899	70.00	0.121
124.656	0.05	Adapter 899Hz Probe 3839Hz	17	0.899	70.00	0.121
124.736	0.05	Adapter 899Hz Probe 3839Hz	17	0.899	70.00	0.121
124.816	0.05	Adapter 899Hz Probe 3839Hz	17	3.839	70.00	0.437
124.996	0.05	Adapter 899Hz Probe 3839Hz	17	0.899	70.00	0.121
125.076	0.05	Adapter 899Hz Probe 3839Hz	17	0.899	70.00	0.121
125.156	0.05	Adapter 899Hz Probe 3839Hz	17	0.899	70.00	0.121
125.236	0.05	Adapter 899Hz Probe 3839Hz	17	0.899	70.00	0.121
125.316	0.05	Adapter 899Hz Probe 3839Hz	17	3.839	70.00	0.437
125.496	0.05	Adapter 899Hz Probe 3839Hz	17	0.899	70.00	0.121
125.576	0.05	Adapter 899Hz Probe 3839Hz	17	0.899	70.00	0.121
125.656	0.05	Adapter 899Hz Probe 3839Hz	17	0.899	70.00	0.121
125.736	0.05	Adapter 899Hz Probe 3839Hz	17	0.899	70.00	0.121
125.816	0.05	Adapter 899Hz Probe 3839Hz	17	3.839	70.00	0.437
125.996	0.05	Adapter 899Hz Probe 3839Hz	17	0.899	70.00	0.121
126.076	0.05	Adapter 899Hz Probe 3839Hz	17	0.899	70.00	0.121
126.156	0.05	Adapter 899Hz Probe 3839Hz	17	0.899	70.00	0.121
126.236	0.05	Adapter 899Hz Probe 3839Hz	17	0.899	70.00	0.121
126.316	0.05	Adapter 899Hz Probe 3839Hz	17	3.839	70.00	0.437
126.496	0.05	Adapter 899Hz Probe 3839Hz	17	0.899	70.00	0.121
126.576	0.05	Adapter 899Hz Probe 3839Hz	17	0.899	70.00	0.121
126.656	0.05	Adapter 899Hz Probe 3839Hz	17	0.899	70.00	0.121
126.736	0.05	Adapter 899Hz Probe 3839Hz	17	0.899	70.00	0.121
126.816	0.05	Adapter 899Hz Probe 3839Hz	17	3.839	70.00	0.437
126.996	0.05	Adapter 899Hz Probe 3839Hz	17	0.899	70.00	0.121
127.076	0.05	Adapter 899Hz Probe 3839Hz	17	0.899	70.00	0.121
127.156	0.05	Adapter 899Hz Probe 3839Hz	17	0.899	70.00	0.121
127.236	0.05	Adapter 899Hz Probe 3839Hz	17	0.899	70.00	0.121
127.316	0.05	Adapter 899Hz Probe 3839Hz	17	3.839	70.00	0.437
129.999	0.05	Adapter 2423Hz	18	2.423	70.00	0.285
130.079	0.05	Adapter 2423Hz	18	2.423	70.00	0.285
130.159	0.05	Adapter 2423Hz	18	2.423	70.00	0.285
130.239	0.05	Adapter 2423Hz	18	2.423	70.00	0.285
130.499	0.05	Adapter 2423Hz	18	2.423	70.00	0.285
130.579	0.05	Adapter 2423Hz	18	2.423	70.00	0.285
130.659	0.05	Adapter 2423Hz	18	2.423	70.00	0.285
130.739	0.05	Adapter 2423Hz	18	2.423	70.00	0.285
130.999	0.05	Adapter 2423Hz	18	2.423	70.00	0.285
131.079	0.05	Adapter 2423Hz	18	2.423	70.00	0.285
131.159	0.05	Adapter 2423Hz	18	2.423	70.00	0.285
131.239	0.05	Adapter 2423Hz	18	2.423	70.00	0.285
131.499	0.05	Adapter 2423Hz	18	2.423	70.00	0.285
131.579	0.05	Adapter 2423Hz	18	2.423	70.00	0.285
131.659	0.05	Adapter 2423Hz	18	2.423	70.00	0.285
131.739	0.05	Adapter 2423Hz	18	2.423	70.00	0.285
131.999	0.05	Adapter 2423Hz	18	2.423	70.00	0.285
132.079	0.05	Adapter 2423Hz	18	2.423	70.00	0.285
132.159	0.05	Adapter 2423Hz	18	2.423	70.00	0.285
132.239	0.05	Adapter 2423Hz	18	2.423	70.00	0.285
132.499	0.05	Adapter 2423Hz	18	2.423	70.00	0.285
132.579	0.05	Adapter 2423Hz	18	2.423	70.00	0.285
132.659	0.05	Adapter 2423Hz	18	2.423	70.00	0.285
132.739	0.05	Adapter 2423Hz	18	2.423	70.00	0.285
132.999	0.05	Adapter 2423Hz	18	2.423	70.00	0.285
133.079	0.05	Adapter 2423Hz	18	2.423	70.00	0.285
133.159	0.05	Adapter 2423Hz	18	2.423	70.00	0.285
133.239	0.05	Adapter 2423Hz	18	2.423	70.00	0.285
133.499	0.05	Adapter 2423Hz	18	2.423	70.00	0.285
133.579	0.05	Adapter 2423Hz	18	2.423	70.00	0.285
133.659	0.05	Adapter 2423Hz	18	2.423	70.00	0.285
133.739	0.05	Adapter 2423Hz	18	2.423	70.00	0.285
133.999	0.05	Adapter 2423Hz	18	2.423	70.00	0.285
134.079	0.05	Adapter 2423Hz	18	2.423	70.00	0.285
134.159	0.05	Adapter 2423Hz	18	2.423	70.00	0.285
134.239	0.05	Adapter 2423Hz	18	2.423	70.00	0.285
134.499	0.05	Adapter 2423Hz	18	2.423	70.00	0.285
134.579	0.05	Adapter 2423Hz	18	2.423	70.00	0.285
134.659	0.05	Adapter 2423Hz	18	2.423	70.00	0.285
134.739	0.05	Adapter 2423Hz	18	2.423	70.00	0.285
137.487	0.05	Adapter 899Hz	19	0.899	70.00	0.121
137.567	0.05	Adapter 899Hz	19	0.899	70.00	0.121
137.647	0.05	Adapter 899Hz	19	0.899	70.00	0.121
137.727	0.05	Adapter 899Hz	19	0.899	70.00	0.121
137.987	0.05	Adapter 899Hz	19	0.899	70.00	0.121
138.067	0.05	Adapter 899Hz	19	0.899	70.00	0.121
138.147	0.05	Adapter 899Hz	19	0.899	70.00	0.121
138.227	0.05	Adapter 899Hz	19	0.899	70.00	0.121
138.487	0.05	Adapter 899Hz	19	0.899	70.00	0.121
138.567	0.05	Adapter 899Hz	19	0.899	70.00	0.121
138.647	0.05	Adapter 899Hz	19	0.899	70.00	0.121
138.727	0.05	Adapter 899Hz	19	0.899	70.00	0.121
138.987	0.05	Adapter 899Hz	19	0.899	70.00	0.121
139.067	0.05	Adapter 899Hz	19	0.899	70.00	0.121
139.147	0.05	Adapter 899Hz	19	0.899	70.00	0.121
139.227	0.05	Adapter 899Hz	19	0.899	70.00	0.121
139.487	0.05	Adapter 899Hz	19	0.899	70.00	0.121
139.567	0.05	Adapter 899Hz	19	0.899	70.00	0.121
139.647	0.05	Adapter 899Hz	19	0.899	70.00	0.121
139.727	0.05	Adapter 899Hz	19	0.899	70.00	0.121
139.987	0.05	Adapter 899Hz	19	0.899	70.00	0.121
140.067	0.05	Adapter 899Hz	19	0.899	70.00	0.121
140.147	0.05	Adapter 899Hz	19	0.899	70.00	0.121
140.227	0.05	Adapter 899Hz	19	0.899	70.00	0.121
140.487	0.05	Adapter 899Hz	19	0.899	70.00	0.121
140.567	0.05	Adapter 899Hz	19	0.899	70.00	0.121
140.647	0.05	Adapter 899Hz	19	0.899	70.00	0.121
140.727	0.05	Adapter 899Hz	19	0.899	70.00	0.121
140.987	0.05	Adapter 899Hz	19	0.899	70.00	0.121
141.067	0.05	Adapter 899Hz	19	0.899	70.00	0.121
141.147	0.05	Adapter 899Hz	19	0.899	70.00	0.121
141.227	0.05	Adapter 899Hz	19	0.899	70.00	0.121
141.487	0.05	Adapter 899Hz	19	0.899	70.00	0.121
141.567	0.05	Adapter 899Hz	19	0.899	70.00	0.121
141.647	0.05	Adapter 899Hz	19	0.899	70.00	0.121
141.727	0.05	Adapter 899Hz	19	0.899	70.00	0.121
141.987	0.05	Adapter 899Hz	19	0.899	70.00	0.121
142.067	0.05	Adapter 899Hz	19	0.899	70.00	0.121
142.147	0.05	Adapter 899Hz	19	0.899	70.00	0.121
142.227	0.05	Adapter 899Hz	19	0.899	70.00	0.121
144.991	0.05	Adapter 3839Hz Probe 3839Hz	20	3.839	70.00	0.437
145.071	0.05	Adapter 3839Hz Probe 3839Hz	20	3.839	70.00	0.437
145.151	0.05	Adapter 3839Hz Probe 3839Hz	20	3.839	70.00	0.437
145.231	0.05	Adapter 3839Hz Probe 3839Hz	20	3.839	70.00	0.437
145.311	0.05	Adapter 3839Hz Probe 3839Hz	20	3.839	70.00	0.437
145.491	0.05	Adapter 3839Hz Probe 3839Hz	20	3.839	70.00	0.437
145.571	0.05	Adapter 3839Hz Probe 3839Hz	20	3.839	70.00	0.437
145.651	0.05	Adapter 3839Hz Probe 3839Hz	20	3.839	70.00	0.437
145.731	0.05	Adapter 3839Hz Probe 3839Hz	20	3.839	70.00	0.437
145.811	0.05	Adapter 3839Hz Probe 3839Hz	20	3.839	70.00	0.437
145.991	0.05	Adapter 3839Hz Probe 3839Hz	20	3.839	70.00	0.437
146.071	0.05	Adapter 3839Hz Probe 3839Hz	20	3.839	70.00	0.437
146.151	0.05	Adapter 3839Hz Probe 3839Hz	20	3.839	70.00	0.437
146.231	0.05	Adapter 3839Hz Probe 3839Hz	20	3.839	70.00	0.437
146.311	0.05	Adapter 3839Hz Probe 3839Hz	20	3.839	70.00	0.437
146.491	0.05	Adapter 3839Hz Probe 3839Hz	20	3.839	70.00	0.437
146.571	0.05	Adapter 3839Hz Probe 3839Hz	20	3.839	70.00	0.437
146.651	0.05	Adapter 3839Hz Probe 3839Hz	20	3.839	70.00	0.437
146.731	0.05	Adapter 3839Hz Probe 3839Hz	20	3.839	70.00	0.437
146.811	0.05	Adapter 3839Hz Probe 3839Hz	20	3.839	70.00	0.437
146.991	0.05	Adapter 3839Hz Probe 3839Hz	20	3.839	70.00	0.437
147.071	0.05	Adapter 3839Hz Probe 3839Hz	20	3.839	70.00	0.437
147.151	0.05	Adapter 3839Hz Probe 3839Hz	20	3.839	70.00	0.437
147.231	0.05	Adapter 3839Hz Probe 3839Hz	20	3.839	70.00	0.437
147.311	0.05	Adapter 3839Hz Probe 3839Hz	20	3.839	70.00	0.437
147.491	0.05	Adapter 3839Hz Probe 3839Hz	20	3.839	70.00	0.437
147.571	0.05	Adapter 3839Hz Probe 3839Hz	20	3.839	70.00	0.437
147.651	0.05	Adapter 3839Hz Probe 3839Hz	20	3.839	70.00	0.437
147.731	0.05	Adapter 3839Hz Probe 3839Hz	20	3.839	70.00	0.437
147.811	0.05	Adapter 3839Hz Probe 3839Hz	20	3.839	70.00	0.437
147.991	0.05	Adapter 3839Hz Probe 3839Hz	20	3.839	70.00	0.437
148.071	0.05	Adapter 3839Hz Probe 3839Hz	20	3.839	70.00	0.437
148.151	0.05	Adapter 3839Hz Probe 3839Hz	20	3.839	70.00	0.437
148.231	0.05	Adapter 3839Hz Probe 3839Hz	20	3.839	70.00	0.437
148.311	0.05	Adapter 3839Hz Probe 3839Hz	20	3.839	70.00	0.437
148.491	0.05	Adapter 3839Hz Probe 3839Hz	20	3.839	70.00	0.437
148.571	0.05	Adapter 3839Hz Probe 3839Hz	20	3.839	70.00	0.437
148.651	0.05	Adapter 3839Hz Probe 3839Hz	20	3.839	70.00	0.437
148.731	0.05	Adapter 3839Hz Probe 3839Hz	20	3.839	70.00	0.437
148.811	0.05	Adapter 3839Hz Probe 3839Hz	20	3.839	70.00	0.437
148.991	0.05	Adapter 3839Hz Probe 3839Hz	20	3.839	70.00	0.437
149.071	0.05	Adapter 3839Hz Probe 3839Hz	20	3.839	70.00	0.437
149.151	0.05	Adapter 3839Hz Probe 3839Hz	20	3.839	70.00	0.437
149.231	0.05	Adapter 3839Hz Probe 3839Hz	20	3.839	70.00	0.437
149.311	0.05	Adapter 3839Hz Probe 3839Hz	20	3.839	70.00	0.437
149.491	0.05	Adapter 3839Hz Probe 3839Hz	20	3.839	70.00	0.437
149.571	0.05	Adapter 3839Hz Probe 3839Hz	20	3.839	70.00	0.437
149.651	0.05	Adapter 3839Hz Probe 3839Hz	20	3.839	70.00	0.437
149.731	0.05	Adapter 3839Hz Probe 3839Hz	20	3.839	70.00	0.437
149.811	0.05	Adapter 3839Hz Probe 3839Hz	20	3.839	70.00	0.437
152.51	0.05	Adapter 2423Hz Probe 3839Hz	21	2.423	70.00	0.285
152.59	0.05	Adapter 2423Hz Probe 3839Hz	21	2.423	70.00	0.285
152.67	0.05	Adapter 2423Hz Probe 3839Hz	21	2.423	70.00	0.285
152.75	0.05	Adapter 2423Hz Probe 3839Hz	21	2.423	70.00	0.285
152.83	0.05	Adapter 2423Hz Probe 3839Hz	21	3.839	70.00	0.437
153.01	0.05	Adapter 2423Hz Probe 3839Hz	21	2.423	70.00	0.285
153.09	0.05	Adapter 2423Hz Probe 3839Hz	21	2.423	70.00	0.285
153.17	0.05	Adapter 2423Hz Probe 3839Hz	21	2.423	70.00	0.285
153.25	0.05	Adapter 2423Hz Probe 3839Hz	21	2.423	70.00	0.285
153.33	0.05	Adapter 2423Hz Probe 3839Hz	21	3.839	70.00	0.437
153.51	0.05	Adapter 2423Hz Probe 3839Hz	21	2.423	70.00	0.285
153.59	0.05	Adapter 2423Hz Probe 3839Hz	21	2.423	70.00	0.285
153.67	0.05	Adapter 2423Hz Probe 3839Hz	21	2.423	70.00	0.285
153.75	0.05	Adapter 2423Hz Probe 3839Hz	21	2.423	70.00	0.285
153.83	0.05	Adapter 2423Hz Probe 3839Hz	21	3.839	70.00	0.437
154.01	0.05	Adapter 2423Hz Probe 3839Hz	21	2.423	70.00	0.285
154.09	0.05	Adapter 2423Hz Probe 3839Hz	21	2.423	70.00	0.285
154.17	0.05	Adapter 2423Hz Probe 3839Hz	21	2.423	70.00	0.285
154.25	0.05	Adapter 2423Hz Probe 3839Hz	21	2.423	70.00	0.285
154.33	0.05	Adapter 2423Hz Probe 3839Hz	21	3.839	70.00	0.437
154.51	0.05	Adapter 2423Hz Probe 3839Hz	21	2.423	70.00	0.285
154.59	0.05	Adapter 2423Hz Probe 3839Hz	21	2.423	70.00	0.285
154.67	0.05	Adapter 2423Hz Probe 3839Hz	21	2.423	70.00	0.285
154.75	0.05	Adapter 2423Hz Probe 3839Hz	21	2.423	70.00	0.285
154.83	0.05	Adapter 2423Hz Probe 3839Hz	21	3.839	70.00	0.437
155.01	0.05	Adapter 2423Hz Probe 3839Hz	21	2.423	70.00	0.285
155.09	0.05	Adapter 2423Hz Probe 3839Hz	21	2.423	70.00	0.285
155.17	0.05	Adapter 2423Hz Probe 3839Hz	21	2.423	70.00	0.285
155.25	0.05	Adapter 2423Hz Probe 3839Hz	21	2.423	70.00	0.285
155.33	0.05	Adapter 2423Hz Probe 3839Hz	21	3.839	70.00	0.437
155.51	0.05	Adapter 2423Hz Probe 3839Hz	21	2.423	70.00	0.285
155.59	0.05	Adapter 2423Hz Probe 3839Hz	21	2.423	70.00	0.285
155.67	0.05	Adapter 2423Hz Probe 3839Hz	21	2.423	70.00	0.285
155.75	0.05	Adapter 2423Hz Probe 3839Hz	21	2.423	70.00	0.285
155.83	0.05	Adapter 2423Hz Probe 3839Hz	21	3.839	70.00	0.437
156.01	0.05	Adapter 2423Hz Probe 3839Hz	21	2.423	70.00	0.285
156.09	0.05	Adapter 2423Hz Probe 3839Hz	21	2.423	70.00	0.285
156.17	0.05	Adapter 2423Hz Probe 3839Hz	21	2.423	70.00	0.285
156.25	0.05	Adapter 2423Hz Probe 3839Hz	21	2.423	70.00	0.285
156.33	0.05	Adapter 2423Hz Probe 3839Hz	21	3.839	70.00	0.437
156.51	0.05	Adapter 2423Hz Probe 3839Hz	21	2.423	70.00	0.285
156.59	0.05	Adapter 2423Hz Probe 3839Hz	21	2.423	70.00	0.285
156.67	0.05	Adapter 2423Hz Probe 3839Hz	21	2.423	70.00	0.285
156.75	0.05	Adapter 2423Hz Probe 3839Hz	21	2.423	70.00	0.285
156.83	0.05	Adapter 2423Hz Probe 3839Hz	21	3.839	70.00	0.437
157.01	0.05	Adapter 2423Hz Probe 3839Hz	21	2.423	70.00	0.285
157.09	0.05	Adapter 2423Hz Probe 3839Hz	21	2.423	70.00	0.285
157.17	0.05	Adapter 2423Hz Probe 3839Hz	21	2.423	70.00	0.285
157.25	0.05	Adapter 2423Hz Probe 3839Hz	21	2.423	70.00	0.285
157.33	0.05	Adapter 2423Hz Probe 3839Hz	21	3.839	70.00	0.437
160.302	0.05	Probe 3839Hz	22	3.839	70.00	0.437
160.802	0.05	Probe 3839Hz	22	3.839	70.00	0.437
161.302	0.05	Probe 3839Hz	22	3.839	70.00	0.437
161.802	0.05	Probe 3839Hz	22	3.839	70.00	0.437
162.302	0.05	Probe 3839Hz	22	3.839	70.00	0.437
162.802	0.05	Probe 3839Hz	22	3.839	70.00	0.437
163.302	0.05	Probe 3839Hz	22	3.839	70.00	0.437
163.802	0.05	Probe 3839Hz	22	3.839	70.00	0.437
164.302	0.05	Probe 3839Hz	22	3.839	70.00	0.437
164.802	0.05	Probe 3839Hz	22	3.839	70.00	0.437
182.509	0.05	Adapter 6009Hz	25	6.009	70.00	0.671
182.589	0.05	Adapter 6009Hz	25	6.009	70.00	0.671
182.669	0.05	Adapter 6009Hz	25	6.009	70.00	0.671
182.749	0.05	Adapter 6009Hz	25	6.009	70.00	0.671
183.009	0.05	Adapter 6009Hz	25	6.009	70.00	0.671
183.089	0.05	Adapter 6009Hz	25	6.009	70.00	0.671
183.169	0.05	Adapter 6009Hz	25	6.009	70.00	0.671
183.249	0.05	Adapter 6009Hz	25	6.009	70.00	0.671
183.509	0.05	Adapter 6009Hz	25	6.009	70.00	0.671
183.589	0.05	Adapter 6009Hz	25	6.009	70.00	0.671
183.669	0.05	Adapter 6009Hz	25	6.009	70.00	0.671
183.749	0.05	Adapter 6009Hz	25	6.009	70.00	0.671
184.009	0.05	Adapter 6009Hz	25	6.009	70.00	0.671
184.089	0.05	Adapter 6009Hz	25	6.009	70.00	0.671
184.169	0.05	Adapter 6009Hz	25	6.009	70.00	0.671
184.249	0.05	Adapter 6009Hz	25	6.009	70.00	0.671
184.509	0.05	Adapter 6009Hz	25	6.009	70.00	0.671
184.589	0.05	Adapter 6009Hz	25	6.009	70.00	0.671
184.669	0.05	Adapter 6009Hz	25	6.009	70.00	0.671
184.749	0.05	Adapter 6009Hz	25	6.009	70.00	0.671
185.009	0.05	Adapter 6009Hz	25	6.009	70.00	0.671
185.089	0.05	Adapter 6009Hz	25	6.009	70.00	0.671
185.169	0.05	Adapter 6009Hz	25	6.009	70.00	0.671
185.249	0.05	Adapter 6009Hz	25	6.009	70.00	0.671
185.509	0.05	Adapter 6009Hz	25	6.009	70.00	0.671
185.589	0.05	Adapter 6009Hz	25	6.009	70.00	0.671
185.669	0.05	Adapter 6009Hz	25	6.009	70.00	0.671
185.749	0.05	Adapter 6009Hz	25	6.009	70.00	0.671
186.009	0.05	Adapter 6009Hz	25	6.009	70.00	0.671
186.089	0.05	Adapter 6009Hz	25	6.009	70.00	0.671
186.169	0.05	Adapter 6009Hz	25	6.009	70.00	0.671
186.249	0.05	Adapter 6009Hz	25	6.009	70.00	0.671
186.509	0.05	Adapter 6009Hz	25	6.009	70.00	0.671
186.589	0.05	Adapter 6009Hz	25	6.009	70.00	0.671
186.669	0.05	Adapter 6009Hz	25	6.009	70.00	0.671
186.749	0.05	Adapter 6009Hz	25	6.009	70.00	0.671
187.009	0.05	Adapter 6009Hz	25	6.009	70.00	0.671
187.089	0.05	Adapter 6009Hz	25	6.009	70.00	0.671
187.169	0.05	Adapter 6009Hz	25	6.009	70.00	0.671
187.249	0.05	Adapter 6009Hz	25	6.009	70.00	0.671
190.012	0.05	Adapter 251Hz	26	0.251	70.00	0.052
190.092	0.05	Adapter 251Hz	26	0.251	70.00	0.052
190.172	0.05	Adapter 251Hz	26	0.251	70.00	0.052
190.252	0.05	Adapter 251Hz	26	0.251	70.00	0.052
190.512	0.05	Adapter 251Hz	26	0.251	70.00	0.052
190.592	0.05	Adapter 251Hz	26	0.251	70.00	0.052
190.672	0.05	Adapter 251Hz	26	0.251	70.00	0.052
190.752	0.05	Adapter 251Hz	26	0.251	70.00	0.052
191.012	0.05	Adapter 251Hz	26	0.251	70.00	0.052
191.092	0.05	Adapter 251Hz	26	0.251	70.00	0.052
191.172	0.05	Adapter 251Hz	26	0.251	70.00	0.052
191.252	0.05	Adapter 251Hz	26	0.251	70.00	0.052
191.512	0.05	Adapter 251Hz	26	0.251	70.00	0.052
191.592	0.05	Adapter 251Hz	26	0.251	70.00	0.052
191.672	0.05	Adapter 251Hz	26	0.251	70.00	0.052
191.752	0.05	Adapter 251Hz	26	0.251	70.00	0.052
192.012	0.05	Adapter 251Hz	26	0.251	70.00	0.052
192.092	0.05	Adapter 251Hz	26	0.251	70.00	0.052
192.172	0.05	Adapter 251Hz	26	0.251	70.00	0.052
192.252	0.05	Adapter 251Hz	26	0.251	70.00	0.052
192.512	0.05	Adapter 251Hz	26	0.251	70.00	0.052
192.592	0.05	Adapter 251Hz	26	0.251	70.00	0.052
192.672	0.05	Adapter 251Hz	26	0.251	70.00	0.052
192.752	0.05	Adapter 251Hz	26	0.251	70.00	0.052
193.012	0.05	Adapter 251Hz	26	0.251	70.00	0.052
193.092	0.05	Adapter 251Hz	26	0.251	70.00	0.052
193.172	0.05	Adapter 251Hz	26	0.251	70.00	0.052
193.252	0.05	Adapter 251Hz	26	0.251	70.00	0.052
193.512	0.05	Adapter 251Hz	26	0.251	70.00	0.052
193.592	0.05	Adapter 251Hz	26	0.251	70.00	0.052
193.672	0.05	Adapter 251Hz	26	0.251	70.00	0.052
193.752	0.05	Adapter 251Hz	26	0.251	70.00	0.052
194.012	0.05	Adapter 251Hz	26	0.251	70.00	0.052
194.092	0.05	Adapter 251Hz	26	0.251	70.00	0.052
194.172	0.05	Adapter 251Hz	26	0.251	70.00	0.052
194.252	0.05	Adapter 251Hz	26	0.251	70.00	0.052
194.512	0.05	Adapter 251Hz	26	0.251	70.00	0.052
194.592	0.05	Adapter 251Hz	26	0.251	70.00	0.052
194.672	0.05	Adapter 251Hz	26	0.251	70.00	0.052
194.752	0.05	Adapter 251Hz	26	0.251	70.00	0.052
197.469	0.05	Adapter 507Hz Probe 3839Hz	27	0.507	70.00	0.079
197.549	0.05	Adapter 507Hz Probe 3839Hz	27	0.507	70.00	0.079
197.629	0.05	Adapter 507Hz Probe 3839Hz	27	0.507	70.00	0.079
197.709	0.05	Adapter 507Hz Probe 3839Hz	27	0.507	70.00	0.079
197.789	0.05	Adapter 507Hz Probe 3839Hz	27	3.839	70.00	0.437
197.969	0.05	Adapter 507Hz Probe 3839Hz	27	0.507	70.00	0.079
198.049	0.05	Adapter 507Hz Probe 3839Hz	27	0.507	70.00	0.079
198.129	0.05	Adapter 507Hz Probe 3839Hz	27	0.507	70.00	0.079
198.209	0.05	Adapter 507Hz Probe 3839Hz	27	0.507	70.00	0.079
198.289	0.05	Adapter 507Hz Probe 3839Hz	27	3.839	70.00	0.437
198.469	0.05	Adapter 507Hz Probe 3839Hz	27	0.507	70.00	0.079
198.549	0.05	Adapter 507Hz Probe 3839Hz	27	0.507	70.00	0.079
198.629	0.05	Adapter 507Hz Probe 3839Hz	27	0.507	70.00	0.079
198.709	0.05	Adapter 507Hz Probe 3839Hz	27	0.507	70.00	0.079
198.789	0.05	Adapter 507Hz Probe 3839Hz	27	3.839	70.00	0.437
198.969	0.05	Adapter 507Hz Probe 3839Hz	27	0.507	70.00	0.079
199.049	0.05	Adapter 507Hz Probe 3839Hz	27	0.507	70.00	0.079
199.129	0.05	Adapter 507Hz Probe 3839Hz	27	0.507	70.00	0.079
199.209	0.05	Adapter 507Hz Probe 3839Hz	27	0.507	70.00	0.079
199.289	0.05	Adapter 507Hz Probe 3839Hz	27	3.839	70.00	0.437
199.469	0.05	Adapter 507Hz Probe 3839Hz	27	0.507	70.00	0.079
199.549	0.05	Adapter 507Hz Probe 3839Hz	27	0.507	70.00	0.079
199.629	0.05	Adapter 507Hz Probe 3839Hz	27	0.507	70.00	0.079
199.709	0.05	Adapter 507Hz Probe 3839Hz	27	0.507	70.00	0.079
199.789	0.05	Adapter 507Hz Probe 3839Hz	27	3.839	70.00	0.437
199.969	0.05	Adapter 507Hz Probe 3839Hz	27	0.507	70.00	0.079
200.049	0.05	Adapter 507Hz Probe 3839Hz	27	0.507	70.00	0.079
200.129	0.05	Adapter 507Hz Probe 3839Hz	27	0.507	70.00	0.079
200.209	0.05	Adapter 507Hz Probe 3839Hz	27	0.507	70.00	0.079
200.289	0.05	Adapter 507Hz Probe 3839Hz	27	3.839	70.00	0.437
200.469	0.05	Adapter 507Hz Probe 3839Hz	27	0.507	70.00	0.079
200.549	0.05	Adapter 507Hz Probe 3839Hz	27	0.507	70.00	0.079
200.629	0.05	Adapter 507Hz Probe 3839Hz	27	0.507	70.00	0.079
200.709	0.05	Adapter 507Hz Probe 3839Hz	27	0.507	70.00	0.079
200.789	0.05	Adapter 507Hz Probe 3839Hz	27	3.839	70.00	0.437
200.969	0.05	Adapter 507Hz Probe 3839Hz	27	0.507	70.00	0.079
201.049	0.05	Adapter 507Hz Probe 3839Hz	27	0.507	70.00	0.079
201.129	0.05	Adapter 507Hz Probe 3839Hz	27	0.507	70.00	0.079
201.209	0.05	Adapter 507Hz Probe 3839Hz	27	0.507	70.00	0.079
201.289	0.05	Adapter 507Hz Probe 3839Hz	27	3.839	70.00	0.437
201.469	0.05	Adapter 507Hz Probe 3839Hz	27	0.507	70.00	0.079
201.549	0.05	Adapter 507Hz Probe 3839Hz	27	0.507	70.00	0.079
201.629	0.05	Adapter 507Hz Probe 3839Hz	27	0.507	70.00	0.079
201.709	0.05	Adapter 507Hz Probe 3839Hz	27	0.507	70.00	0.079
201.789	0.05	Adapter 507Hz Probe 3839Hz	27	3.839	70.00	0.437
201.969	0.05	Adapter 507Hz Probe 3839Hz	27	0.507	70.00	0.079
202.049	0.05	Adapter 507Hz Probe 3839Hz	27	0.507	70.00	0.079
202.129	0.05	Adapter 507Hz Probe 3839Hz	27	0.507	70.00	0.079
202.209	0.05	Adapter 507Hz Probe 3839Hz	27	0.507	70.00	0.079
202.289	0.05	Adapter 507Hz Probe 3839Hz	27	3.839	70.00	0.437
204.988	0.05	Adapter 1501Hz	28	1.501	70.00	0.186
205.068	0.05	Adapter 1501Hz	28	1.501	70.00	0.186
205.148	0.05	Adapter 1501Hz	28	1.501	70.00	0.186
205.228	0.05	Adapter 1501Hz	28	1.501	70.00	0.186
205.488	0.05	Adapter 1501Hz	28	1.501	70.00	0.186
205.568	0.05	Adapter 1501Hz	28	1.501	70.00	0.186
205.648	0.05	Adapter 1501Hz	28	1.501	70.00	0.186
205.728	0.05	Adapter 1501Hz	28	1.501	70.00	0.186
205.988	0.05	Adapter 1501Hz	28	1.501	70.00	0.186
206.068	0.05	Adapter 1501Hz	28	1.501	70.00	0.186
206.148	0.05	Adapter 1501Hz	28	1.501	70.00	0.186
206.228	0.05	Adapter 1501Hz	28	1.501	70.00	0.186
206.488	0.05	Adapter 1501Hz	28	1.501	70.00	0.186
206.568	0.05	Adapter 1501Hz	28	1.501	70.00	0.186
206.648	0.05	Adapter 1501Hz	28	1.501	70.00	0.186
206.728	0.05	Adapter 1501Hz	28	1.501	70.00	0.186
206.988	0.05	Adapter 1501Hz	28	1.501	70.00	0.186
207.068	0.05	Adapter 1501Hz	28	1.501	70.00	0.186
207.148	0.05	Adapter 1501Hz	28	1.501	70.00	0.186
207.228	0.05	Adapter 1501Hz	28	1.501	70.00	0.186
207.488	0.05	Adapter 1501Hz	28	1.501	70.00	0.186
207.568	0.05	Adapter 1501Hz	28	1.501	70.00	0.186
207.648	0.05	Adapter 1501Hz	28	1.501	70.00	0.186
207.728	0.05	Adapter 1501Hz	28	1.501	70.00	0.186
207.988	0.05	Adapter 1501Hz	28	1.501	70.00	0.186
208.068	0.05	Adapter 1501Hz	28	1.501	70.00	0.186
208.148	0.05	Adapter 1501Hz	28	1.501	70.00	0.186
208.228	0.05	Adapter 1501Hz	28	1.501	70.00	0.186
208.488	0.05	Adapter 1501Hz	28	1.501	70.00	0.186
208.568	0.05	Adapter 1501Hz	28	1.501	70.00	0.186
208.648	0.05	Adapter 1501Hz	28	1.501	70.00	0.186
208.728	0.05	Adapter 1501Hz	28	1.501	70.00	0.186
208.988	0.05	Adapter 1501Hz	28	1.501	70.00	0.186
209.068	0.05	Adapter 1501Hz	28	1.501	70.00	0.186
209.148	0.05	Adapter 1501Hz	28	1.501	70.00	0.186
209.228	0.05	Adapter 1501Hz	28	1.501	70.00	0.186
209.488	0.05	Adapter 1501Hz	28	1.501	70.00	0.186
209.568	0.05	Adapter 1501Hz	28	1.501	70.00	0.186
209.648	0.05	Adapter 1501Hz	28	1.501	70.00	0.186
209.728	0.05	Adapter 1501Hz	28	1.501	70.00	0.186
212.461	0.05	Adapter 3839Hz	29	3.839	70.00	0.437
212.541	0.05	Adapter 3839Hz	29	3.839	70.00	0.437
212.621	0.05	Adapter 3839Hz	29	3.839	70.00	0.437
212.701	0.05	Adapter 3839Hz	29	3.839	70.00	0.437
212.961	0.05	Adapter 3839Hz	29	3.839	70.00	0.437
213.041	0.05	Adapter 3839Hz	29	3.839	70.00	0.437
213.121	0.05	Adapter 3839Hz	29	3.839	70.00	0.437
213.201	0.05	Adapter 3839Hz	29	3.839	70.00	0.437
213.461	0.05	Adapter 3839Hz	29	3.839	70.00	0.437
213.541	0.05	Adapter 3839Hz	29	3.839	70.00	0.437
213.621	0.05	Adapter 3839Hz	29	3.839	70.00	0.437
213.701	0.05	Adapter 3839Hz	29	3.839	70.00	0.437
213.961	0.05	Adapter 3839Hz	29	3.839	70.00	0.437
214.041	0.05	Adapter 3839Hz	29	3.839	70.00	0.437
214.121	0.05	Adapter 3839Hz	29	3.839	70.00	0.437
214.201	0.05	Adapter 3839Hz	29	3.839	70.00	0.437
214.461	0.05	Adapter 3839Hz	29	3.839	70.00	0.437
214.541	0.05	Adapter 3839Hz	29	3.839	70.00	0.437
214.621	0.05	Adapter 3839Hz	29	3.839	70.00	0.437
214.701	0.05	Adapter 3839Hz	29	3.839	70.00	0.437
214.961	0.05	Adapter 3839Hz	29	3.839	70.00	0.437
215.041	0.05	Adapter 3839Hz	29	3.839	70.00	0.437
215.121	0.05	Adapter 3839Hz	29	3.839	70.00	0.437
215.201	0.05	Adapter 3839Hz	29	3.839	70.00	0.437
215.461	0.05	Adapter 3839Hz	29	3.839	70.00	0.437
215.541	0.05	Adapter 3839Hz	29	3.839	70.00	0.437
215.621	0.05	Adapter 3839Hz	29	3.839	70.00	0.437
215.701	0.05	Adapter 3839Hz	29	3.839	70.00	0.437
215.961	0.05	Adapter 3839Hz	29	3.839	70.00	0.437
216.041	0.05	Adapter 3839Hz	29	3.839	70.00	0.437
216.121	0.05	Adapter 3839Hz	29	3.839	70.00	0.437
216.201	0.05	Adapter 3839Hz	29	3.839	70.00	0.437
216.461	0.05	Adapter 3839Hz	29	3.839	70.00	0.437
216.541	0.05	Adapter 3839Hz	29	3.839	70.00	0.437
216.621	0.05	Adapter 3839Hz	29	3.839	70.00	0.437
216.701	0.05	Adapter 3839Hz	29	3.839	70.00	0.437
216.961	0.05	Adapter 3839Hz	29	3.839	70.00	0.437
217.041	0.05	Adapter 3839Hz	29	3.839	70.00	0.437
217.121	0.05	Adapter 3839Hz	29	3.839	70.00	0.437
217.201	0.05	Adapter 3839Hz	29	3.839	70.00	0.437
227.484	0.05	Adapter 1501Hz Probe 3839Hz	31	1.501	70.00	0.186
227.564	0.05	Adapter 1501Hz Probe 3839Hz	31	1.501	70.00	0.186
227.644	0.05	Adapter 1501Hz Probe 3839Hz	31	1.501	70.00	0.186
227.724	0.05	Adapter 1501Hz Probe 3839Hz	31	1.501	70.00	0.186
227.804	0.05	Adapter 1501Hz Probe 3839Hz	31	3.839	70.00	0.437
227.984	0.05	Adapter 1501Hz Probe 3839Hz	31	1.501	70.00	0.186
228.064	0.05	Adapter 1501Hz Probe 3839Hz	31	1.501	70.00	0.186
228.144	0.05	Adapter 1501Hz Probe 3839Hz	31	1.501	70.00	0.186
228.224	0.05	Adapter 1501Hz Probe 3839Hz	31	1.501	70.00	0.186
228.304	0.05	Adapter 1501Hz Probe 3839Hz	31	3.839	70.00	0.437
228.484	0.05	Adapter 1501Hz Probe 3839Hz	31	1.501	70.00	0.186
228.564	0.05	Adapter 1501Hz Probe 3839Hz	31	1.501	70.00	0.186
228.644	0.05	Adapter 1501Hz Probe 3839Hz	31	1.501	70.00	0.186
228.724	0.05	Adapter 1501Hz Probe 3839Hz	31	1.501	70.00	0.186
228.804	0.05	Adapter 1501Hz Probe 3839Hz	31	3.839	70.00	0.437
228.984	0.05	Adapter 1501Hz Probe 3839Hz	31	1.501	70.00	0.186
229.064	0.05	Adapter 1501Hz Probe 3839Hz	31	1.501	70.00	0.186
229.144	0.05	Adapter 1501Hz Probe 3839Hz	31	1.501	70.00	0.186
229.224	0.05	Adapter 1501Hz Probe 3839Hz	31	1.501	70.00	0.186
229.304	0.05	Adapter 1501Hz Probe 3839Hz	31	3.839	70.00	0.437
229.484	0.05	Adapter 1501Hz Probe 3839Hz	31	1.501	70.00	0.186
229.564	0.05	Adapter 1501Hz Probe 3839Hz	31	1.501	70.00	0.186
229.644	0.05	Adapter 1501Hz Probe 3839Hz	31	1.501	70.00	0.186
229.724	0.05	Adapter 1501Hz Probe 3839Hz	31	1.501	70.00	0.186
229.804	0.05	Adapter 1501Hz Probe 3839Hz	31	3.839	70.00	0.437
229.984	0.05	Adapter 1501Hz Probe 3839Hz	31	1.501	70.00	0.186
230.064	0.05	Adapter 1501Hz Probe 3839Hz	31	1.501	70.00	0.186
230.144	0.05	Adapter 1501Hz Probe 3839Hz	31	1.501	70.00	0.186
230.224	0.05	Adapter 1501Hz Probe 3839Hz	31	1.501	70.00	0.186
230.304	0.05	Adapter 1501Hz Probe 3839Hz	31	3.839	70.00	0.437
230.484	0.05	Adapter 1501Hz Probe 3839Hz	31	1.501	70.00	0.186
230.564	0.05	Adapter 1501Hz Probe 3839Hz	31	1.501	70.00	0.186
230.644	0.05	Adapter 1501Hz Probe 3839Hz	31	1.501	70.00	0.186
230.724	0.05	Adapter 1501Hz Probe 3839Hz	31	1.501	70.00	0.186
230.804	0.05	Adapter 1501Hz Probe 3839Hz	31	3.839	70.00	0.437
230.984	0.05	Adapter 1501Hz Probe 3839Hz	31	1.501	70.00	0.186
231.064	0.05	Adapter 1501Hz Probe 3839Hz	31	1.501	70.00	0.186
231.144	0.05	Adapter 1501Hz Probe 3839Hz	31	1.501	70.00	0.186
231.224	0.05	Adapter 1501Hz Probe 3839Hz	31	1.501	70.00	0.186
231.304	0.05	Adapter 1501Hz Probe 3839Hz	31	3.839	70.00	0.437
231.484	0.05	Adapter 1501Hz Probe 3839Hz	31	1.501	70.00	0.186
231.564	0.05	Adapter 1501Hz Probe 3839Hz	31	1.501	70.00	0.186
231.644	0.05	Adapter 1501Hz Probe 3839Hz	31	1.501	70.00	0.186
231.724	0.05	Adapter 1501Hz Probe 3839Hz	31	1.501	70.00	0.186
231.804	0.05	Adapter 1501Hz Probe 3839Hz	31	3.839	70.00	0.437
231.984	0.05	Adapter 1501Hz Probe 3839Hz	31	1.501	70.00	0.186
232.064	0.05	Adapter 1501Hz Probe 3839Hz	31	1.501	70.00	0.186
232.144	0.05	Adapter 1501Hz Probe 3839Hz	31	1.501	70.00	0.186
232.224	0.05	Adapter 1501Hz Probe 3839Hz	31	1.501	70.00	0.186
232.304	0.05	Adapter 1501Hz Probe 3839Hz	31	3.839	70.00	0.437
234.987	0.05	Adapter 507Hz	32	0.507	70.00	0.079
235.067	0.05	Adapter 507Hz	32	0.507	70.00	0.079
235.147	0.05	Adapter 507Hz	32	0.507	70.00	0.079
235.227	0.05	Adapter 507Hz	32	0.507	70.00	0.079
235.487	0.05	Adapter 507Hz	32	0.507	70.00	0.079
235.567	0.05	Adapter 507Hz	32	0.507	70.00	0.079
235.647	0.05	Adapter 507Hz	32	0.507	70.00	0.079
235.727	0.05	Adapter 507Hz	32	0.507	70.00	0.079
235.987	0.05	Adapter 507Hz	32	0.507	70.00	0.079
236.067	0.05	Adapter 507Hz	32	0.507	70.00	0.079
236.147	0.05	Adapter 507Hz	32	0.507	70.00	0.079
236.227	0.05	Adapter 507Hz	32	0.507	70.00	0.079
236.487	0.05	Adapter 507Hz	32	0.507	70.00	0.079
236.567	0.05	Adapter 507Hz	32	0.507	70.00	0.079
236.647	0.05	Adapter 507Hz	32	0.507	70.00	0.079
236.727	0.05	Adapter 507Hz	32	0.507	70.00	0.079
236.987	0.05	Adapter 507Hz	32	0.507	70.00	0.079
237.067	0.05	Adapter 507Hz	32	0.507	70.00	0.079
237.147	0.05	Adapter 507Hz	32	0.507	70.00	0.079
237.227	0.05	Adapter 507Hz	32	0.507	70.00	0.079
237.487	0.05	Adapter 507Hz	32	0.507	70.00	0.079
237.567	0.05	Adapter 507Hz	32	0.507	70.00	0.079
237.647	0.05	Adapter 507Hz	32	0.507	70.00	0.079
237.727	0.05	Adapter 507Hz	32	0.507	70.00	0.079
237.987	0.05	Adapter 507Hz	32	0.507	70.00	0.079
238.067	0.05	Adapter 507Hz	32	0.507	70.00	0.079
238.147	0.05	Adapter 507Hz	32	0.507	70.00	0.079
238.227	0.05	Adapter 507Hz	32	0.507	70.00	0.079
238.487	0.05	Adapter 507Hz	32	0.507	70.00	0.079
238.567	0.05	Adapter 507Hz	32	0.507	70.00	0.079
238.647	0.05	Adapter 507Hz	32	0.507	70.00	0.079
238.727	0.05	Adapter 507Hz	32	0.507	70.00	0.079
238.987	0.05	Adapter 507Hz	32	0.507	70.00	0.079
239.067	0.05	Adapter 507Hz	32	0.507	70.00	0.079
239.147	0.05	Adapter 507Hz	32	0.507	70.00	0.079
239.227	0.05	Adapter 507Hz	32	0.507	70.00	0.079
239.487	0.05	Adapter 507Hz	32	0.507	70.00	0.079
239.567	0.05	Adapter 507Hz	32	0.507	70.00	0.079
239.647	0.05	Adapter 507Hz	32	0.507	70.00	0.079
239.727	0.05	Adapter 507Hz	32	0.507	70.00	0.079
242.46	0.05	Adapter 2423Hz Probe 3839Hz	33	2.423	70.00	0.285
242.54	0.05	Adapter 2423Hz Probe 3839Hz	33	2.423	70.00	0.285
242.62	0.05	Adapter 2423Hz Probe 3839Hz	33	2.423	70.00	0.285
242.7	0.05	Adapter 2423Hz Probe 3839Hz	33	2.423	70.00	0.285
242.78	0.05	Adapter 2423Hz Probe 3839Hz	33	3.839	70.00	0.437
242.96	0.05	Adapter 2423Hz Probe 3839Hz	33	2.423	70.00	0.285
243.04	0.05	Adapter 2423Hz Probe 3839Hz	33	2.423	70.00	0.285
243.12	0.05	Adapter 2423Hz Probe 3839Hz	33	2.423	70.00	0.285
243.2	0.05	Adapter 2423Hz Probe 3839Hz	33	2.423	70.00	0.285
243.28	0.05	Adapter 2423Hz Probe 3839Hz	33	3.839	70.00	0.437
243.46	0.05	Adapter 2423Hz Probe 3839Hz	33	2.423	70.00	0.285
243.54	0.05	Adapter 2423Hz Probe 3839Hz	33	2.423	70.00	0.285
243.62	0.05	Adapter 2423Hz Probe 3839Hz	33	2.423	70.00	0.285
243.7	0.05	Adapter 2423Hz Probe 3839Hz	33	2.423	70.00	0.285
243.78	0.05	Adapter 2423Hz Probe 3839Hz	33	3.839	70.00	0.437
243.96	0.05	Adapter 2423Hz Probe 3839Hz	33	2.423	70.00	0.285
244.04	0.05	Adapter 2423Hz Probe 3839Hz	33	2.423	70.00	0.285
244.12	0.05	Adapter 2423Hz Probe 3839Hz	33	2.423	70.00	0.285
244.2	0.05	Adapter 2423Hz Probe 3839Hz	33	2.423	70.00	0.285
244.28	0.05	Adapter 2423Hz Probe 3839Hz	33	3.839	70.00	0.437
244.46	0.05	Adapter 2423Hz Probe 3839Hz	33	2.423	70.00	0.285
244.54	0.05	Adapter 2423Hz Probe 3839Hz	33	2.423	70.00	0.285
244.62	0.05	Adapter 2423Hz Probe 3839Hz	33	2.423	70.00	0.285
244.7	0.05	Adapter 2423Hz Probe 3839Hz	33	2.423	70.00	0.285
244.78	0.05	Adapter 2423Hz Probe 3839Hz	33	3.839	70.00	0.437
244.96	0.05	Adapter 2423Hz Probe 3839Hz	33	2.423	70.00	0.285
245.04	0.05	Adapter 2423Hz Probe 3839Hz	33	2.423	70.00	0.285
245.12	0.05	Adapter 2423Hz Probe 3839Hz	33	2.423	70.00	0.285
245.2	0.05	Adapter 2423Hz Probe 3839Hz	33	2.423	70.00	0.285
245.28	0.05	Adapter 2423Hz Probe 3839Hz	33	3.839	70.00	0.437
245.46	0.05	Adapter 2423Hz Probe 3839Hz	33	2.423	70.00	0.285
245.54	0.05	Adapter 2423Hz Probe 3839Hz	33	2.423	70.00	0.285
245.62	0.05	Adapter 2423Hz Probe 3839Hz	33	2.423	70.00	0.285
245.7	0.05	Adapter 2423Hz Probe 3839Hz	33	2.423	70.00	0.285
245.78	0.05	Adapter 2423Hz Probe 3839Hz	33	3.839	70.00	0.437
245.96	0.05	Adapter 2423Hz Probe 3839Hz	33	2.423	70.00	0.285
246.04	0.05	Adapter 2423Hz Probe 3839Hz	33	2.423	70.00	0.285
246.12	0.05	Adapter 2423Hz Probe 3839Hz	33	2.423	70.00	0.285
246.2	0.05	Adapter 2423Hz Probe 3839Hz	33	2.423	70.00	0.285
246.28	0.05	Adapter 2423Hz Probe 3839Hz	33	3.839	70.00	0.437
246.46	0.05	Adapter 2423Hz Probe 3839Hz	33	2.423	70.00	0.285
246.54	0.05	Adapter 2423Hz Probe 3839Hz	33	2.423	70.00	0.285
246.62	0.05	Adapter 2423Hz Probe 3839Hz	33	2.423	70.00	0.285
246.7	0.05	Adapter 2423Hz Probe 3839Hz	33	2.423	70.00	0.285
246.78	0.05	Adapter 2423Hz Probe 3839Hz	33	3.839	70.00	0.437
246.96	0.05	Adapter 2423Hz Probe 3839Hz	33	2.423	70.00	0.285
247.04	0.05	Adapter 2423Hz Probe 3839Hz	33	2.423	70.00	0.285
247.12	0.05	Adapter 2423Hz Probe 3839Hz	33	2.423	70.00	0.285
247.2	0.05	Adapter 2423Hz Probe 3839Hz	33	2.423	70.00	0.285
247.28	0.05	Adapter 2423Hz Probe 3839Hz	33	3.839	70.00	0.437
249.963	0.05	Adapter 1501Hz	34	1.501	70.00	0.186
250.043	0.05	Adapter 1501Hz	34	1.501	70.00	0.186
250.123	0.05	Adapter 1501Hz	34	1.501	70.00	0.186
250.203	0.05	Adapter 1501Hz	34	1.501	70.00	0.186
250.463	0.05	Adapter 1501Hz	34	1.501	70.00	0.186
250.543	0.05	Adapter 1501Hz	34	1.501	70.00	0.186
250.623	0.05	Adapter 1501Hz	34	1.501	70.00	0.186
250.703	0.05	Adapter 1501Hz	34	1.501	70.00	0.186
250.963	0.05	Adapter 1501Hz	34	1.501	70.00	0.186
251.043	0.05	Adapter 1501Hz	34	1.501	70.00	0.186
251.123	0.05	Adapter 1501Hz	34	1.501	70.00	0.186
251.203	0.05	Adapter 1501Hz	34	1.501	70.00	0.186
251.463	0.05	Adapter 1501Hz	34	1.501	70.00	0.186
251.543	0.05	Adapter 1501Hz	34	1.501	70.00	0.186
251.623	0.05	Adapter 1501Hz	34	1.501	70.00	0.186
251.703	0.05	Adapter 1501Hz	34	1.501	70.00	0.186
251.963	0.05	Adapter 1501Hz	34	1.501	70.00	0.186
252.043	0.05	Adapter 1501Hz	34	1.501	70.00	0.186
252.123	0.05	Adapter 1501Hz	34	1.501	70.00	0.186
252.203	0.05	Adapter 1501Hz	34	1.501	70.00	0.186
252.463	0.05	Adapter 1501Hz	34	1.501	70.00	0.186
252.543	0.05	Adapter 1501Hz	34	1.501	70.00	0.186
252.623	0.05	Adapter 1501Hz	34	1.501	70.00	0.186
252.703	0.05	Adapter 1501Hz	34	1.501	70.00	0.186
252.963	0.05	Adapter 1501Hz	34	1.501	70.00	0.186
253.043	0.05	Adapter 1501Hz	34	1.501	70.00	0.186
253.123	0.05	Adapter 1501Hz	34	1.501	70.00	0.186
253.203	0.05	Adapter 1501Hz	34	1.501	70.00	0.186
253.463	0.05	Adapter 1501Hz	34	1.501	70.00	0.186
253.543	0.05	Adapter 1501Hz	34	1.501	70.00	0.186
253.623	0.05	Adapter 1501Hz	34	1.501	70.00	0.186
253.703	0.05	Adapter 1501Hz	34	1.501	70.00	0.186
253.963	0.05	Adapter 1501Hz	34	1.501	70.00	0.186
254.043	0.05	Adapter 1501Hz	34	1.501	70.00	0.186
254.123	0.05	Adapter 1501Hz	34	1.501	70.00	0.186
254.203	0.05	Adapter 1501Hz	34	1.501	70.00	0.186
254.463	0.05	Adapter 1501Hz	34	1.501	70.00	0.186
254.543	0.05	Adapter 1501Hz	34	1.501	70.00	0.186
254.623	0.05	Adapter 1501Hz	34	1.501	70.00	0.186
254.703	0.05	Adapter 1501Hz	34	1.501	70.00	0.186
257.483	0.05	Adapter 507Hz Probe 3839Hz	35	0.507	70.00	0.079
257.563	0.05	Adapter 507Hz Probe 3839Hz	35	0.507	70.00	0.079
257.643	0.05	Adapter 507Hz Probe 3839Hz	35	0.507	70.00	0.079
257.723	0.05	Adapter 507Hz Probe 3839Hz	35	0.507	70.00	0.079
257.803	0.05	Adapter 507Hz Probe 3839Hz	35	3.839	70.00	0.437
257.983	0.05	Adapter 507Hz Probe 3839Hz	35	0.507	70.00	0.079
258.063	0.05	Adapter 507Hz Probe 3839Hz	35	0.507	70.00	0.079
258.143	0.05	Adapter 507Hz Probe 3839Hz	35	0.507	70.00	0.079
258.223	0.05	Adapter 507Hz Probe 3839Hz	35	0.507	70.00	0.079
258.303	0.05	Adapter 507Hz Probe 3839Hz	35	3.839	70.00	0.437
258.483	0.05	Adapter 507Hz Probe 3839Hz	35	0.507	70.00	0.079
258.563	0.05	Adapter 507Hz Probe 3839Hz	35	0.507	70.00	0.079
258.643	0.05	Adapter 507Hz Probe 3839Hz	35	0.507	70.00	0.079
258.723	0.05	Adapter 507Hz Probe 3839Hz	35	0.507	70.00	0.079
258.803	0.05	Adapter 507Hz Probe 3839Hz	35	3.839	70.00	0.437
258.983	0.05	Adapter 507Hz Probe 3839Hz	35	0.507	70.00	0.079
259.063	0.05	Adapter 507Hz Probe 3839Hz	35	0.507	70.00	0.079
259.143	0.05	Adapter 507Hz Probe 3839Hz	35	0.507	70.00	0.079
259.223	0.05	Adapter 507Hz Probe 3839Hz	35	0.507	70.00	0.079
259.303	0.05	Adapter 507Hz Probe 3839Hz	35	3.839	70.00	0.437
259.483	0.05	Adapter 507Hz Probe 3839Hz	35	0.507	70.00	0.079
259.563	0.05	Adapter 507Hz Probe 3839Hz	35	0.507	70.00	0.079
259.643	0.05	Adapter 507Hz Probe 3839Hz	35	0.507	70.00	0.079
259.723	0.05	Adapter 507Hz Probe 3839Hz	35	0.507	70.00	0.079
259.803	0.05	Adapter 507Hz Probe 3839Hz	35	3.839	70.00	0.437
259.983	0.05	Adapter 507Hz Probe 3839Hz	35	0.507	70.00	0.079
260.063	0.05	Adapter 507Hz Probe 3839Hz	35	0.507	70.00	0.079
260.143	0.05	Adapter 507Hz Probe 3839Hz	35	0.507	70.00	0.079
260.223	0.05	Adapter 507Hz Probe 3839Hz	35	0.507	70.00	0.079
260.303	0.05	Adapter 507Hz Probe 3839Hz	35	3.839	70.00	0.437
260.483	0.05	Adapter 507Hz Probe 3839Hz	35	0.507	70.00	0.079
260.563	0.05	Adapter 507Hz Probe 3839Hz	35	0.507	70.00	0.079
260.643	0.05	Adapter 507Hz Probe 3839Hz	35	0.507	70.00	0.079
260.723	0.05	Adapter 507Hz Probe 3839Hz	35	0.507	70.00	0.079
260.803	0.05	Adapter 507Hz Probe 3839Hz	35	3.839	70.00	0.437
260.983	0.05	Adapter 507Hz Probe 3839Hz	35	0.507	70.00	0.079
261.063	0.05	Adapter 507Hz Probe 3839Hz	35	0.507	70.00	0.079
261.143	0.05	Adapter 507Hz Probe 3839Hz	35	0.507	70.00	0.079
261.223	0.05	Adapter 507Hz Probe 3839Hz	35	0.507	70.00	0.079
261.303	0.05	Adapter 507Hz Probe 3839Hz	35	3.839	70.00	0.437
261.483	0.05	Adapter 507Hz Probe 3839Hz	35	0.507	70.00	0.079
261.563	0.05	Adapter 507Hz Probe 3839Hz	35	0.507	70.00	0.079
261.643	0.05	Adapter 507Hz Probe 3839Hz	35	0.507	70.00	0.079
261.723	0.05	Adapter 507Hz Probe 3839Hz	35	0.507	70.00	0.079
261.803	0.05	Adapter 507Hz Probe 3839Hz	35	3.839	70.00	0.437
261.983	0.05	Adapter 507Hz Probe 3839Hz	35	0.507	70.00	0.079
262.063	0.05	Adapter 507Hz Probe 3839Hz	35	0.507	70.00	0.079
262.143	0.05	Adapter 507Hz Probe 3839Hz	35	0.507	70.00	0.079
262.223	0.05	Adapter 507Hz Probe 3839Hz	35	0.507	70.00	0.079
262.303	0.05	Adapter 507Hz Probe 3839Hz	35	3.839	70.00	0.437
264.986	0.05	Adapter 899Hz Probe 3839Hz	36	0.899	70.00	0.121
265.066	0.05	Adapter 899Hz Probe 3839Hz	36	0.899	70.00	0.121
265.146	0.05	Adapter 899Hz Probe 3839Hz	36	0.899	70.00	0.121
265.226	0.05	Adapter 899Hz Probe 3839Hz	36	0.899	70.00	0.121
265.306	0.05	Adapter 899Hz Probe 3839Hz	36	3.839	70.00	0.437
265.486	0.05	Adapter 899Hz Probe 3839Hz	36	0.899	70.00	0.121
265.566	0.05	Adapter 899Hz Probe 3839Hz	36	0.899	70.00	0.121
265.646	0.05	Adapter 899Hz Probe 3839Hz	36	0.899	70.00	0.121
265.726	0.05	Adapter 899Hz Probe 3839Hz	36	0.899	70.00	0.121
265.806	0.05	Adapter 899Hz Probe 3839Hz	36	3.839	70.00	0.437
265.986	0.05	Adapter 899Hz Probe 3839Hz	36	0.899	70.00	0.121
266.066	0.05	Adapter 899Hz Probe 3839Hz	36	0.899	70.00	0.121
266.146	0.05	Adapter 899Hz Probe 3839Hz	36	0.899	70.00	0.121
266.226	0.05	Adapter 899Hz Probe 3839Hz	36	0.899	70.00	0.121
266.306	0.05	Adapter 899Hz Probe 3839Hz	36	3.839	70.00	0.437
266.486	0.05	Adapter 899Hz Probe 3839Hz	36	0.899	70.00	0.121
266.566	0.05	Adapter 899Hz Probe 3839Hz	36	0.899	70.00	0.121
266.646	0.05	Adapter 899Hz Probe 3839Hz	36	0.899	70.00	0.121
266.726	0.05	Adapter 899Hz Probe 3839Hz	36	0.899	70.00	0.121
266.806	0.05	Adapter 899Hz Probe 3839Hz	36	3.839	70.00	0.437
266.986	0.05	Adapter 899Hz Probe 3839Hz	36	0.899	70.00	0.121
267.066	0.05	Adapter 899Hz Probe 3839Hz	36	0.899	70.00	0.121
267.146	0.05	Adapter 899Hz Probe 3839Hz	36	0.899	70.00	0.121
267.226	0.05	Adapter 899Hz Probe 3839Hz	36	0.899	70.00	0.121
267.306	0.05	Adapter 899Hz Probe 3839Hz	36	3.839	70.00	0.437
267.486	0.05	Adapter 899Hz Probe 3839Hz	36	0.899	70.00	0.121
267.566	0.05	Adapter 899Hz Probe 3839Hz	36	0.899	70.00	0.121
267.646	0.05	Adapter 899Hz Probe 3839Hz	36	0.899	70.00	0.121
267.726	0.05	Adapter 899Hz Probe 3839Hz	36	0.899	70.00	0.121
267.806	0.05	Adapter 899Hz Probe 3839Hz	36	3.839	70.00	0.437
267.986	0.05	Adapter 899Hz Probe 3839Hz	36	0.899	70.00	0.121
268.066	0.05	Adapter 899Hz Probe 3839Hz	36	0.899	70.00	0.121
268.146	0.05	Adapter 899Hz Probe 3839Hz	36	0.899	70.00	0.121
268.226	0.05	Adapter 899Hz Probe 3839Hz	36	0.899	70.00	0.121
268.306	0.05	Adapter 899Hz Probe 3839Hz	36	3.839	70.00	0.437
268.486	0.05	Adapter 899Hz Probe 3839Hz	36	0.899	70.00	0.121
268.566	0.05	Adapter 899Hz Probe 3839Hz	36	0.899	70.00	0.121
268.646	0.05	Adapter 899Hz Probe 3839Hz	36	0.899	70.00	0.121
268.726	0.05	Adapter 899Hz Probe 3839Hz	36	0.899	70.00	0.121
268.806	0.05	Adapter 899Hz Probe 3839Hz	36	3.839	70.00	0.437
268.986	0.05	Adapter 899Hz Probe 3839Hz	36	0.899	70.00	0.121
269.066	0.05	Adapter 899Hz Probe 3839Hz	36	0.899	70.00	0.121
269.146	0.05	Adapter 899Hz Probe 3839Hz	36	0.899	70.00	0.121
269.226	0.05	Adapter 899Hz Probe 3839Hz	36	0.899	70.00	0.121
269.306	0.05	Adapter 899Hz Probe 3839Hz	36	3.839	70.00	0.437
269.486	0.05	Adapter 899Hz Probe 3839Hz	36	0.899	70.00	0.121
269.566	0.05	Adapter 899Hz Probe 3839Hz	36	0.899	70.00	0.121
269.646	0.05	Adapter 899Hz Probe 3839Hz	36	0.899	70.00	0.121
269.726	0.05	Adapter 899Hz Probe 3839Hz	36	0.899	70.00	0.121
269.806	0.05	Adapter 899Hz Probe 3839Hz	36	3.839	70.00	0.437
272.505	0.05	Adapter 1501Hz Probe 3839Hz	37	1.501	70.00	0.186
272.585	0.05	Adapter 1501Hz Probe 3839Hz	37	1.501	70.00	0.186
272.665	0.05	Adapter 1501Hz Probe 3839Hz	37	1.501	70.00	0.186
272.745	0.05	Adapter 1501Hz Probe 3839Hz	37	1.501	70.00	0.186
272.825	0.05	Adapter 1501Hz Probe 3839Hz	37	3.839	70.00	0.437
273.005	0.05	Adapter 1501Hz Probe 3839Hz	37	1.501	70.00	0.186
273.085	0.05	Adapter 1501Hz Probe 3839Hz	37	1.501	70.00	0.186
273.165	0.05	Adapter 1501Hz Probe 3839Hz	37	1.501	70.00	0.186
273.245	0.05	Adapter 1501Hz Probe 3839Hz	37	1.501	70.00	0.186
273.325	0.05	Adapter 1501Hz Probe 3839Hz	37	3.839	70.00	0.437
273.505	0.05	Adapter 1501Hz Probe 3839Hz	37	1.501	70.00	0.186
273.585	0.05	Adapter 1501Hz Probe 3839Hz	37	1.501	70.00	0.186
273.665	0.05	Adapter 1501Hz Probe 3839Hz	37	1.501	70.00	0.186
273.745	0.05	Adapter 1501Hz Probe 3839Hz	37	1.501	70.00	0.186
273.825	0.05	Adapter 1501Hz Probe 3839Hz	37	3.839	70.00	0.437
274.005	0.05	Adapter 1501Hz Probe 3839Hz	37	1.501	70.00	0.186
274.085	0.05	Adapter 1501Hz Probe 3839Hz	37	1.501	70.00	0.186
274.165	0.05	Adapter 1501Hz Probe 3839Hz	37	1.501	70.00	0.186
274.245	0.05	Adapter 1501Hz Probe 3839Hz	37	1.501	70.00	0.186
274.325	0.05	Adapter 1501Hz Probe 3839Hz	37	3.839	70.00	0.437
274.505	0.05	Adapter 1501Hz Probe 3839Hz	37	1.501	70.00	0.186
274.585	0.05	Adapter 1501Hz Probe 3839Hz	37	1.501	70.00	0.186
274.665	0.05	Adapter 1501Hz Probe 3839Hz	37	1.501	70.00	0.186
274.745	0.05	Adapter 1501Hz Probe 3839Hz	37	1.501	70.00	0.186
274.825	0.05	Adapter 1501Hz Probe 3839Hz	37	3.839	70.00	0.437
275.005	0.05	Adapter 1501Hz Probe 3839Hz	37	1.501	70.00	0.186
275.085	0.05	Adapter 1501Hz Probe 3839Hz	37	1.501	70.00	0.186
275.165	0.05	Adapter 1501Hz Probe 3839Hz	37	1.501	70.00	0.186
275.245	0.05	Adapter 1501Hz Probe 3839Hz	37	1.501	70.00	0.186
275.325	0.05	Adapter 1501Hz Probe 3839Hz	37	3.839	70.00	0.437
275.505	0.05	Adapter 1501Hz Probe 3839Hz	37	1.501	70.00	0.186
275.585	0.05	Adapter 1501Hz Probe 3839Hz	37	1.501	70.00	0.186
275.665	0.05	Adapter 1501Hz Probe 3839Hz	37	1.501	70.00	0.186
275.745	0.05	Adapter 1501Hz Probe 3839Hz	37	1.501	70.00	0.186
275.825	0.05	Adapter 1501Hz Probe 3839Hz	37	3.839	70.00	0.437
276.005	0.05	Adapter 1501Hz Probe 3839Hz	37	1.501	70.00	0.186
276.085	0.05	Adapter 1501Hz Probe 3839Hz	37	1.501	70.00	0.186
276.165	0.05	Adapter 1501Hz Probe 3839Hz	37	1.501	70.00	0.186
276.245	0.05	Adapter 1501Hz Probe 3839Hz	37	1.501	70.00	0.186
276.325	0.05	Adapter 1501Hz Probe 3839Hz	37	3.839	70.00	0.437
276.505	0.05	Adapter 1501Hz Probe 3839Hz	37	1.501	70.00	0.186
276.585	0.05	Adapter 1501Hz Probe 3839Hz	37	1.501	70.00	0.186
276.665	0.05	Adapter 1501Hz Probe 3839Hz	37	1.501	70.00	0.186
276.745	0.05	Adapter 1501Hz Probe 3839Hz	37	1.501	70.00	0.186
276.825	0.05	Adapter 1501Hz Probe 3839Hz	37	3.839	70.00	0.437
277.005	0.05	Adapter 1501Hz Probe 3839Hz	37	1.501	70.00	0.186
277.085	0.05	Adapter 1501Hz Probe 3839Hz	37	1.501	70.00	0.186
277.165	0.05	Adapter 1501Hz Probe 3839Hz	37	1.501	70.00	0.186
277.245	0.05	Adapter 1501Hz Probe 3839Hz	37	1.501	70.00	0.186
277.325	0.05	Adapter 1501Hz Probe 3839Hz	37	3.839	70.00	0.437
279.993	0.05	Adapter 2423Hz	38	2.423	70.00	0.285
280.073	0.05	Adapter 2423Hz	38	2.423	70.00	0.285
280.153	0.05	Adapter 2423Hz	38	2.423	70.00	0.285
280.233	0.05	Adapter 2423Hz	38	2.423	70.00	0.285
280.493	0.05	Adapter 2423Hz	38	2.423	70.00	0.285
280.573	0.05	Adapter 2423Hz	38	2.423	70.00	0.285
280.653	0.05	Adapter 2423Hz	38	2.423	70.00	0.285
280.733	0.05	Adapter 2423Hz	38	2.423	70.00	0.285
280.993	0.05	Adapter 2423Hz	38	2.423	70.00	0.285
281.073	0.05	Adapter 2423Hz	38	2.423	70.00	0.285
281.153	0.05	Adapter 2423Hz	38	2.423	70.00	0.285
281.233	0.05	Adapter 2423Hz	38	2.423	70.00	0.285
281.493	0.05	Adapter 2423Hz	38	2.423	70.00	0.285
281.573	0.05	Adapter 2423Hz	38	2.423	70.00	0.285
281.653	0.05	Adapter 2423Hz	38	2.423	70.00	0.285
281.733	0.05	Adapter 2423Hz	38	2.423	70.00	0.285
281.993	0.05	Adapter 2423Hz	38	2.423	70.00	0.285
282.073	0.05	Adapter 2423Hz	38	2.423	70.00	0.285
282.153	0.05	Adapter 2423Hz	38	2.423	70.00	0.285
282.233	0.05	Adapter 2423Hz	38	2.423	70.00	0.285
282.493	0.05	Adapter 2423Hz	38	2.423	70.00	0.285
282.573	0.05	Adapter 2423Hz	38	2.423	70.00	0.285
282.653	0.05	Adapter 2423Hz	38	2.423	70.00	0.285
282.733	0.05	Adapter 2423Hz	38	2.423	70.00	0.285
282.993	0.05	Adapter 2423Hz	38	2.423	70.00	0.285
283.073	0.05	Adapter 2423Hz	38	2.423	70.00	0.285
283.153	0.05	Adapter 2423Hz	38	2.423	70.00	0.285
283.233	0.05	Adapter 2423Hz	38	2.423	70.00	0.285
283.493	0.05	Adapter 2423Hz	38	2.423	70.00	0.285
283.573	0.05	Adapter 2423Hz	38	2.423	70.00	0.285
283.653	0.05	Adapter 2423Hz	38	2.423	70.00	0.285
283.733	0.05	Adapter 2423Hz	38	2.423	70.00	0.285
283.993	0.05	Adapter 2423Hz	38	2.423	70.00	0.285
284.073	0.05	Adapter 2423Hz	38	2.423	70.00	0.285
284.153	0.05	Adapter 2423Hz	38	2.423	70.00	0.285
284.233	0.05	Adapter 2423Hz	38	2.423	70.00	0.285
284.493	0.05	Adapter 2423Hz	38	2.423	70.00	0.285
284.573	0.05	Adapter 2423Hz	38	2.423	70.00	0.285
284.653	0.05	Adapter 2423Hz	38	2.423	70.00	0.285
284.733	0.05	Adapter 2423Hz	38	2.423	70.00	0.285
294.969	0.05	Adapter 251Hz	40	0.251	70.00	0.052
295.049	0.05	Adapter 251Hz	40	0.251	70.00	0.052
295.129	0.05	Adapter 251Hz	40	0.251	70.00	0.052
295.209	0.05	Adapter 251Hz	40	0.251	70.00	0.052
295.469	0.05	Adapter 251Hz	40	0.251	70.00	0.052
295.549	0.05	Adapter 251Hz	40	0.251	70.00	0.052
295.629	0.05	Adapter 251Hz	40	0.251	70.00	0.052
295.709	0.05	Adapter 251Hz	40	0.251	70.00	0.052
295.969	0.05	Adapter 251Hz	40	0.251	70.00	0.052
296.049	0.05	Adapter 251Hz	40	0.251	70.00	0.052
296.129	0.05	Adapter 251Hz	40	0.251	70.00	0.052
296.209	0.05	Adapter 251Hz	40	0.251	70.00	0.052
296.469	0.05	Adapter 251Hz	40	0.251	70.00	0.052
296.549	0.05	Adapter 251Hz	40	0.251	70.00	0.052
296.629	0.05	Adapter 251Hz	40	0.251	70.00	0.052
296.709	0.05	Adapter 251Hz	40	0.251	70.00	0.052
296.969	0.05	Adapter 251Hz	40	0.251	70.00	0.052
297.049	0.05	Adapter 251Hz	40	0.251	70.00	0.052
297.129	0.05	Adapter 251Hz	40	0.251	70.00	0.052
297.209	0.05	Adapter 251Hz	40	0.251	70.00	0.052
297.469	0.05	Adapter 251Hz	40	0.251	70.00	0.052
297.549	0.05	Adapter 251Hz	40	0.251	70.00	0.052
297.629	0.05	Adapter 251Hz	40	0.251	70.00	0.052
297.709	0.05	Adapter 251Hz	40	0.251	70.00	0.052
297.969	0.05	Adapter 251Hz	40	0.251	70.00	0.052
298.049	0.05	Adapter 251Hz	40	0.251	70.00	0.052
298.129	0.05	Adapter 251Hz	40	0.251	70.00	0.052
298.209	0.05	Adapter 251Hz	40	0.251	70.00	0.052
298.469	0.05	Adapter 251Hz	40	0.251	70.00	0.052
298.549	0.05	Adapter 251Hz	40	0.251	70.00	0.052
298.629	0.05	Adapter 251Hz	40	0.251	70.00	0.052
298.709	0.05	Adapter 251Hz	40	0.251	70.00	0.052
298.969	0.05	Adapter 251Hz	40	0.251	70.00	0.052
299.049	0.05	Adapter 251Hz	40	0.251	70.00	0.052
299.129	0.05	Adapter 251Hz	40	0.251	70.00	0.052
299.209	0.05	Adapter 251Hz	40	0.251	70.00	0.052
299.469	0.05	Adapter 251Hz	40	0.251	70.00	0.052
299.549	0.05	Adapter 251Hz	40	0.251	70.00	0.052
299.629	0.05	Adapter 251Hz	40	0.251	70.00	0.052
299.709	0.05	Adapter 251Hz	40	0.251	70.00	0.052
309.992	0.05	Adapter 3839Hz Probe 3839Hz	42	3.839	70.00	0.437
310.072	0.05	Adapter 3839Hz Probe 3839Hz	42	3.839	70.00	0.437
310.152	0.05	Adapter 3839Hz Probe 3839Hz	42	3.839	70.00	0.437
310.232	0.05	Adapter 3839Hz Probe 3839Hz	42	3.839	70.00	0.437
310.312	0.05	Adapter 3839Hz Probe 3839Hz	42	3.839	70.00	0.437
310.492	0.05	Adapter 3839Hz Probe 3839Hz	42	3.839	70.00	0.437
310.572	0.05	Adapter 3839Hz Probe 3839Hz	42	3.839	70.00	0.437
310.652	0.05	Adapter 3839Hz Probe 3839Hz	42	3.839	70.00	0.437
310.732	0.05	Adapter 3839Hz Probe 3839Hz	42	3.839	70.00	0.437
310.812	0.05	Adapter 3839Hz Probe 3839Hz	42	3.839	70.00	0.437
310.992	0.05	Adapter 3839Hz Probe 3839Hz	42	3.839	70.00	0.437
311.072	0.05	Adapter 3839Hz Probe 3839Hz	42	3.839	70.00	0.437
311.152	0.05	Adapter 3839Hz Probe 3839Hz	42	3.839	70.00	0.437
311.232	0.05	Adapter 3839Hz Probe 3839Hz	42	3.839	70.00	0.437
311.312	0.05	Adapter 3839Hz Probe 3839Hz	42	3.839	70.00	0.437
311.492	0.05	Adapter 3839Hz Probe 3839Hz	42	3.839	70.00	0.437
311.572	0.05	Adapter 3839Hz Probe 3839Hz	42	3.839	70.00	0.437
311.652	0.05	Adapter 3839Hz Probe 3839Hz	42	3.839	70.00	0.437
311.732	0.05	Adapter 3839Hz Probe 3839Hz	42	3.839	70.00	0.437
311.812	0.05	Adapter 3839Hz Probe 3839Hz	42	3.839	70.00	0.437
311.992	0.05	Adapter 3839Hz Probe 3839Hz	42	3.839	70.00	0.437
312.072	0.05	Adapter 3839Hz Probe 3839Hz	42	3.839	70.00	0.437
312.152	0.05	Adapter 3839Hz Probe 3839Hz	42	3.839	70.00	0.437
312.232	0.05	Adapter 3839Hz Probe 3839Hz	42	3.839	70.00	0.437
312.312	0.05	Adapter 3839Hz Probe 3839Hz	42	3.839	70.00	0.437
312.492	0.05	Adapter 3839Hz Probe 3839Hz	42	3.839	70.00	0.437
312.572	0.05	Adapter 3839Hz Probe 3839Hz	42	3.839	70.00	0.437
312.652	0.05	Adapter 3839Hz Probe 3839Hz	42	3.839	70.00	0.437
312.732	0.05	Adapter 3839Hz Probe 3839Hz	42	3.839	70.00	0.437
312.812	0.05	Adapter 3839Hz Probe 3839Hz	42	3.839	70.00	0.437
312.992	0.05	Adapter 3839Hz Probe 3839Hz	42	3.839	70.00	0.437
313.072	0.05	Adapter 3839Hz Probe 3839Hz	42	3.839	70.00	0.437
313.152	0.05	Adapter 3839Hz Probe 3839Hz	42	3.839	70.00	0.437
313.232	0.05	Adapter 3839Hz Probe 3839Hz	42	3.839	70.00	0.437
313.312	0.05	Adapter 3839Hz Probe 3839Hz	42	3.839	70.00	0.437
313.492	0.05	Adapter 3839Hz Probe 3839Hz	42	3.839	70.00	0.437
313.572	0.05	Adapter 3839Hz Probe 3839Hz	42	3.839	70.00	0.437
313.652	0.05	Adapter 3839Hz Probe 3839Hz	42	3.839	70.00	0.437
313.732	0.05	Adapter 3839Hz Probe 3839Hz	42	3.839	70.00	0.437
313.812	0.05	Adapter 3839Hz Probe 3839Hz	42	3.839	70.00	0.437
313.992	0.05	Adapter 3839Hz Probe 3839Hz	42	3.839	70.00	0.437
314.072	0.05	Adapter 3839Hz Probe 3839Hz	42	3.839	70.00	0.437
314.152	0.05	Adapter 3839Hz Probe 3839Hz	42	3.839	70.00	0.437
314.232	0.05	Adapter 3839Hz Probe 3839Hz	42	3.839	70.00	0.437
314.312	0.05	Adapter 3839Hz Probe 3839Hz	42	3.839	70.00	0.437
314.492	0.05	Adapter 3839Hz Probe 3839Hz	42	3.839	70.00	0.437
314.572	0.05	Adapter 3839Hz Probe 3839Hz	42	3.839	70.00	0.437
314.652	0.05	Adapter 3839Hz Probe 3839Hz	42	3.839	70.00	0.437
314.732	0.05	Adapter 3839Hz Probe 3839Hz	42	3.839	70.00	0.437
314.812	0.05	Adapter 3839Hz Probe 3839Hz	42	3.839	70.00	0.437
317.48	0.05	Adapter 899Hz	43	0.899	70.00	0.121
317.56	0.05	Adapter 899Hz	43	0.899	70.00	0.121
317.64	0.05	Adapter 899Hz	43	0.899	70.00	0.121
317.72	0.05	Adapter 899Hz	43	0.899	70.00	0.121
317.98	0.05	Adapter 899Hz	43	0.899	70.00	0.121
318.06	0.05	Adapter 899Hz	43	0.899	70.00	0.121
318.14	0.05	Adapter 899Hz	43	0.899	70.00	0.121
318.22	0.05	Adapter 899Hz	43	0.899	70.00	0.121
318.48	0.05	Adapter 899Hz	43	0.899	70.00	0.121
318.56	0.05	Adapter 899Hz	43	0.899	70.00	0.121
318.64	0.05	Adapter 899Hz	43	0.899	70.00	0.121
318.72	0.05	Adapter 899Hz	43	0.899	70.00	0.121
318.98	0.05	Adapter 899Hz	43	0.899	70.00	0.121
319.06	0.05	Adapter 899Hz	43	0.899	70.00	0.121
319.14	0.05	Adapter 899Hz	43	0.899	70.00	0.121
319.22	0.05	Adapter 899Hz	43	0.899	70.00	0.121
319.48	0.05	Adapter 899Hz	43	0.899	70.00	0.121
319.56	0.05	Adapter 899Hz	43	0.899	70.00	0.121
319.64	0.05	Adapter 899Hz	43	0.899	70.00	0.121
319.72	0.05	Adapter 899Hz	43	0.899	70.00	0.121
319.98	0.05	Adapter 899Hz	43	0.899	70.00	0.121
320.06	0.05	Adapter 899Hz	43	0.899	70.00	0.121
320.14	0.05	Adapter 899Hz	43	0.899	70.00	0.121
320.22	0.05	Adapter 899Hz	43	0.899	70.00	0.121
320.48	0.05	Adapter 899Hz	43	0.899	70.00	0.121
320.56	0.05	Adapter 899Hz	43	0.899	70.00	0.121
320.64	0.05	Adapter 899Hz	43	0.899	70.00	0.121
320.72	0.05	Adapter 899Hz	43	0.899	70.00	0.121
320.98	0.05	Adapter 899Hz	43	0.899	70.00	0.121
321.06	0.05	Adapter 899Hz	43	0.899	70.00	0.121
321.14	0.05	Adapter 899Hz	43	0.899	70.00	0.121
321.22	0.05	Adapter 899Hz	43	0.899	70.00	0.121
321.48	0.05	Adapter 899Hz	43	0.899	70.00	0.121
321.56	0.05	Adapter 899Hz	43	0.899	70.00	0.121
321.64	0.05	Adapter 899Hz	43	0.899	70.00	0.121
321.72	0.05	Adapter 899Hz	43	0.899	70.00	0.121
321.98	0.05	Adapter 899Hz	43	0.899	70.00	0.121
322.06	0.05	Adapter 899Hz	43	0.899	70.00	0.121
322.14	0.05	Adapter 899Hz	43	0.899	70.00	0.121
322.22	0.05	Adapter 899Hz	43	0.899	70.00	0.121
332.823	0.05	Probe 3839Hz	45	3.839	70.00	0.437
333.323	0.05	Probe 3839Hz	45	3.839	70.00	0.437
333.823	0.05	Probe 3839Hz	45	3.839	70.00	0.437
334.323	0.05	Probe 3839Hz	45	3.839	70.00	0.437
334.823	0.05	Probe 3839Hz	45	3.839	70.00	0.437
335.323	0.05	Probe 3839Hz	45	3.839	70.00	0.437
335.823	0.05	Probe 3839Hz	45	3.839	70.00	0.437
336.323	0.05	Probe 3839Hz	45	3.839	70.00	0.437
336.823	0.05	Probe 3839Hz	45	3.839	70.00	0.437
337.323	0.05	Probe 3839Hz	45	3.839	70.00	0.437
339.976	0.05	Adapter 3839Hz	46	3.839	70.00	0.437
340.056	0.05	Adapter 3839Hz	46	3.839	70.00	0.437
340.136	0.05	Adapter 3839Hz	46	3.839	70.00	0.437
340.216	0.05	Adapter 3839Hz	46	3.839	70.00	0.437
340.476	0.05	Adapter 3839Hz	46	3.839	70.00	0.437
340.556	0.05	Adapter 3839Hz	46	3.839	70.00	0.437
340.636	0.05	Adapter 3839Hz	46	3.839	70.00	0.437
340.716	0.05	Adapter 3839Hz	46	3.839	70.00	0.437
340.976	0.05	Adapter 3839Hz	46	3.839	70.00	0.437
341.056	0.05	Adapter 3839Hz	46	3.839	70.00	0.437
341.136	0.05	Adapter 3839Hz	46	3.839	70.00	0.437
341.216	0.05	Adapter 3839Hz	46	3.839	70.00	0.437
341.476	0.05	Adapter 3839Hz	46	3.839	70.00	0.437
341.556	0.05	Adapter 3839Hz	46	3.839	70.00	0.437
341.636	0.05	Adapter 3839Hz	46	3.839	70.00	0.437
341.716	0.05	Adapter 3839Hz	46	3.839	70.00	0.437
341.976	0.05	Adapter 3839Hz	46	3.839	70.00	0.437
342.056	0.05	Adapter 3839Hz	46	3.839	70.00	0.437
342.136	0.05	Adapter 3839Hz	46	3.839	70.00	0.437
342.216	0.05	Adapter 3839Hz	46	3.839	70.00	0.437
342.476	0.05	Adapter 3839Hz	46	3.839	70.00	0.437
342.556	0.05	Adapter 3839Hz	46	3.839	70.00	0.437
342.636	0.05	Adapter 3839Hz	46	3.839	70.00	0.437
342.716	0.05	Adapter 3839Hz	46	3.839	70.00	0.437
342.976	0.05	Adapter 3839Hz	46	3.839	70.00	0.437
343.056	0.05	Adapter 3839Hz	46	3.839	70.00	0.437
343.136	0.05	Adapter 3839Hz	46	3.839	70.00	0.437
343.216	0.05	Adapter 3839Hz	46	3.839	70.00	0.437
343.476	0.05	Adapter 3839Hz	46	3.839	70.00	0.437
343.556	0.05	Adapter 3839Hz	46	3.839	70.00	0.437
343.636	0.05	Adapter 3839Hz	46	3.839	70.00	0.437
343.716	0.05	Adapter 3839Hz	46	3.839	70.00	0.437
343.976	0.05	Adapter 3839Hz	46	3.839	70.00	0.437
344.056	0.05	Adapter 3839Hz	46	3.839	70.00	0.437
344.136	0.05	Adapter 3839Hz	46	3.839	70.00	0.437
344.216	0.05	Adapter 3839Hz	46	3.839	70.00	0.437
344.476	0.05	Adapter 3839Hz	46	3.839	70.00	0.437
344.556	0.05	Adapter 3839Hz	46	3.839	70.00	0.437
344.636	0.05	Adapter 3839Hz	46	3.839	70.00	0.437
344.716	0.05	Adapter 3839Hz	46	3.839	70.00	0.437
347.479	0.05	Adapter 6009Hz	47	6.009	70.00	0.671
347.559	0.05	Adapter 6009Hz	47	6.009	70.00	0.671
347.639	0.05	Adapter 6009Hz	47	6.009	70.00	0.671
347.719	0.05	Adapter 6009Hz	47	6.009	70.00	0.671
347.979	0.05	Adapter 6009Hz	47	6.009	70.00	0.671
348.059	0.05	Adapter 6009Hz	47	6.009	70.00	0.671
348.139	0.05	Adapter 6009Hz	47	6.009	70.00	0.671
348.219	0.05	Adapter 6009Hz	47	6.009	70.00	0.671
348.479	0.05	Adapter 6009Hz	47	6.009	70.00	0.671
348.559	0.05	Adapter 6009Hz	47	6.009	70.00	0.671
348.639	0.05	Adapter 6009Hz	47	6.009	70.00	0.671
348.719	0.05	Adapter 6009Hz	47	6.009	70.00	0.671
348.979	0.05	Adapter 6009Hz	47	6.009	70.00	0.671
349.059	0.05	Adapter 6009Hz	47	6.009	70.00	0.671
349.139	0.05	Adapter 6009Hz	47	6.009	70.00	0.671
349.219	0.05	Adapter 6009Hz	47	6.009	70.00	0.671
349.479	0.05	Adapter 6009Hz	47	6.009	70.00	0.671
349.559	0.05	Adapter 6009Hz	47	6.009	70.00	0.671
349.639	0.05	Adapter 6009Hz	47	6.009	70.00	0.671
349.719	0.05	Adapter 6009Hz	47	6.009	70.00	0.671
349.979	0.05	Adapter 6009Hz	47	6.009	70.00	0.671
350.059	0.05	Adapter 6009Hz	47	6.009	70.00	0.671
350.139	0.05	Adapter 6009Hz	47	6.009	70.00	0.671
350.219	0.05	Adapter 6009Hz	47	6.009	70.00	0.671
350.479	0.05	Adapter 6009Hz	47	6.009	70.00	0.671
350.559	0.05	Adapter 6009Hz	47	6.009	70.00	0.671
350.639	0.05	Adapter 6009Hz	47	6.009	70.00	0.671
350.719	0.05	Adapter 6009Hz	47	6.009	70.00	0.671
350.979	0.05	Adapter 6009Hz	47	6.009	70.00	0.671
351.059	0.05	Adapter 6009Hz	47	6.009	70.00	0.671
351.139	0.05	Adapter 6009Hz	47	6.009	70.00	0.671
351.219	0.05	Adapter 6009Hz	47	6.009	70.00	0.671
351.479	0.05	Adapter 6009Hz	47	6.009	70.00	0.671
351.559	0.05	Adapter 6009Hz	47	6.009	70.00	0.671
351.639	0.05	Adapter 6009Hz	47	6.009	70.00	0.671
351.719	0.05	Adapter 6009Hz	47	6.009	70.00	0.671
351.979	0.05	Adapter 6009Hz	47	6.009	70.00	0.671
352.059	0.05	Adapter 6009Hz	47	6.009	70.00	0.671
352.139	0.05	Adapter 6009Hz	47	6.009	70.00	0.671
352.219	0.05	Adapter 6009Hz	47	6.009	70.00	0.671
354.967	0.05	Adapter 507Hz	48	0.507	70.00	0.079
355.047	0.05	Adapter 507Hz	48	0.507	70.00	0.079
355.127	0.05	Adapter 507Hz	48	0.507	70.00	0.079
355.207	0.05	Adapter 507Hz	48	0.507	70.00	0.079
355.467	0.05	Adapter 507Hz	48	0.507	70.00	0.079
355.547	0.05	Adapter 507Hz	48	0.507	70.00	0.079
355.627	0.05	Adapter 507Hz	48	0.507	70.00	0.079
355.707	0.05	Adapter 507Hz	48	0.507	70.00	0.079
355.967	0.05	Adapter 507Hz	48	0.507	70.00	0.079
356.047	0.05	Adapter 507Hz	48	0.507	70.00	0.079
356.127	0.05	Adapter 507Hz	48	0.507	70.00	0.079
356.207	0.05	Adapter 507Hz	48	0.507	70.00	0.079
356.467	0.05	Adapter 507Hz	48	0.507	70.00	0.079
356.547	0.05	Adapter 507Hz	48	0.507	70.00	0.079
356.627	0.05	Adapter 507Hz	48	0.507	70.00	0.079
356.707	0.05	Adapter 507Hz	48	0.507	70.00	0.079
356.967	0.05	Adapter 507Hz	48	0.507	70.00	0.079
357.047	0.05	Adapter 507Hz	48	0.507	70.00	0.079
357.127	0.05	Adapter 507Hz	48	0.507	70.00	0.079
357.207	0.05	Adapter 507Hz	48	0.507	70.00	0.079
357.467	0.05	Adapter 507Hz	48	0.507	70.00	0.079
357.547	0.05	Adapter 507Hz	48	0.507	70.00	0.079
357.627	0.05	Adapter 507Hz	48	0.507	70.00	0.079
357.707	0.05	Adapter 507Hz	48	0.507	70.00	0.079
357.967	0.05	Adapter 507Hz	48	0.507	70.00	0.079
358.047	0.05	Adapter 507Hz	48	0.507	70.00	0.079
358.127	0.05	Adapter 507Hz	48	0.507	70.00	0.079
358.207	0.05	Adapter 507Hz	48	0.507	70.00	0.079
358.467	0.05	Adapter 507Hz	48	0.507	70.00	0.079
358.547	0.05	Adapter 507Hz	48	0.507	70.00	0.079
358.627	0.05	Adapter 507Hz	48	0.507	70.00	0.079
358.707	0.05	Adapter 507Hz	48	0.507	70.00	0.079
358.967	0.05	Adapter 507Hz	48	0.507	70.00	0.079
359.047	0.05	Adapter 507Hz	48	0.507	70.00	0.079
359.127	0.05	Adapter 507Hz	48	0.507	70.00	0.079
359.207	0.05	Adapter 507Hz	48	0.507	70.00	0.079
359.467	0.05	Adapter 507Hz	48	0.507	70.00	0.079
359.547	0.05	Adapter 507Hz	48	0.507	70.00	0.079
359.627	0.05	Adapter 507Hz	48	0.507	70.00	0.079
359.707	0.05	Adapter 507Hz	48	0.507	70.00	0.079
362.518	0.05	Adapter 2423Hz	49	2.423	70.00	0.285
362.598	0.05	Adapter 2423Hz	49	2.423	70.00	0.285
362.678	0.05	Adapter 2423Hz	49	2.423	70.00	0.285
362.758	0.05	Adapter 2423Hz	49	2.423	70.00	0.285
363.018	0.05	Adapter 2423Hz	49	2.423	70.00	0.285
363.098	0.05	Adapter 2423Hz	49	2.423	70.00	0.285
363.178	0.05	Adapter 2423Hz	49	2.423	70.00	0.285
363.258	0.05	Adapter 2423Hz	49	2.423	70.00	0.285
363.518	0.05	Adapter 2423Hz	49	2.423	70.00	0.285
363.598	0.05	Adapter 2423Hz	49	2.423	70.00	0.285
363.678	0.05	Adapter 2423Hz	49	2.423	70.00	0.285
363.758	0.05	Adapter 2423Hz	49	2.423	70.00	0.285
364.018	0.05	Adapter 2423Hz	49	2.423	70.00	0.285
364.098	0.05	Adapter 2423Hz	49	2.423	70.00	0.285
364.178	0.05	Adapter 2423Hz	49	2.423	70.00	0.285
364.258	0.05	Adapter 2423Hz	49	2.423	70.00	0.285
364.518	0.05	Adapter 2423Hz	49	2.423	70.00	0.285
364.598	0.05	Adapter 2423Hz	49	2.423	70.00	0.285
364.678	0.05	Adapter 2423Hz	49	2.423	70.00	0.285
364.758	0.05	Adapter 2423Hz	49	2.423	70.00	0.285
365.018	0.05	Adapter 2423Hz	49	2.423	70.00	0.285
365.098	0.05	Adapter 2423Hz	49	2.423	70.00	0.285
365.178	0.05	Adapter 2423Hz	49	2.423	70.00	0.285
365.258	0.05	Adapter 2423Hz	49	2.423	70.00	0.285
365.518	0.05	Adapter 2423Hz	49	2.423	70.00	0.285
365.598	0.05	Adapter 2423Hz	49	2.423	70.00	0.285
365.678	0.05	Adapter 2423Hz	49	2.423	70.00	0.285
365.758	0.05	Adapter 2423Hz	49	2.423	70.00	0.285
366.018	0.05	Adapter 2423Hz	49	2.423	70.00	0.285
366.098	0.05	Adapter 2423Hz	49	2.423	70.00	0.285
366.178	0.05	Adapter 2423Hz	49	2.423	70.00	0.285
366.258	0.05	Adapter 2423Hz	49	2.423	70.00	0.285
366.518	0.05	Adapter 2423Hz	49	2.423	70.00	0.285
366.598	0.05	Adapter 2423Hz	49	2.423	70.00	0.285
366.678	0.05	Adapter 2423Hz	49	2.423	70.00	0.285
366.758	0.05	Adapter 2423Hz	49	2.423	70.00	0.285
367.018	0.05	Adapter 2423Hz	49	2.423	70.00	0.285
367.098	0.05	Adapter 2423Hz	49	2.423	70.00	0.285
367.178	0.05	Adapter 2423Hz	49	2.423	70.00	0.285
367.258	0.05	Adapter 2423Hz	49	2.423	70.00	0.285
369.974	0.05	Adapter 507Hz	50	0.507	70.00	0.079
370.054	0.05	Adapter 507Hz	50	0.507	70.00	0.079
370.134	0.05	Adapter 507Hz	50	0.507	70.00	0.079
370.214	0.05	Adapter 507Hz	50	0.507	70.00	0.079
370.474	0.05	Adapter 507Hz	50	0.507	70.00	0.079
370.554	0.05	Adapter 507Hz	50	0.507	70.00	0.079
370.634	0.05	Adapter 507Hz	50	0.507	70.00	0.079
370.714	0.05	Adapter 507Hz	50	0.507	70.00	0.079
370.974	0.05	Adapter 507Hz	50	0.507	70.00	0.079
371.054	0.05	Adapter 507Hz	50	0.507	70.00	0.079
371.134	0.05	Adapter 507Hz	50	0.507	70.00	0.079
371.214	0.05	Adapter 507Hz	50	0.507	70.00	0.079
371.474	0.05	Adapter 507Hz	50	0.507	70.00	0.079
371.554	0.05	Adapter 507Hz	50	0.507	70.00	0.079
371.634	0.05	Adapter 507Hz	50	0.507	70.00	0.079
371.714	0.05	Adapter 507Hz	50	0.507	70.00	0.079
371.974	0.05	Adapter 507Hz	50	0.507	70.00	0.079
372.054	0.05	Adapter 507Hz	50	0.507	70.00	0.079
372.134	0.05	Adapter 507Hz	50	0.507	70.00	0.079
372.214	0.05	Adapter 507Hz	50	0.507	70.00	0.079
372.474	0.05	Adapter 507Hz	50	0.507	70.00	0.079
372.554	0.05	Adapter 507Hz	50	0.507	70.00	0.079
372.634	0.05	Adapter 507Hz	50	0.507	70.00	0.079
372.714	0.05	Adapter 507Hz	50	0.507	70.00	0.079
372.974	0.05	Adapter 507Hz	50	0.507	70.00	0.079
373.054	0.05	Adapter 507Hz	50	0.507	70.00	0.079
373.134	0.05	Adapter 507Hz	50	0.507	70.00	0.079
373.214	0.05	Adapter 507Hz	50	0.507	70.00	0.079
373.474	0.05	Adapter 507Hz	50	0.507	70.00	0.079
373.554	0.05	Adapter 507Hz	50	0.507	70.00	0.079
373.634	0.05	Adapter 507Hz	50	0.507	70.00	0.079
373.714	0.05	Adapter 507Hz	50	0.507	70.00	0.079
373.974	0.05	Adapter 507Hz	50	0.507	70.00	0.079
374.054	0.05	Adapter 507Hz	50	0.507	70.00	0.079
374.134	0.05	Adapter 507Hz	50	0.507	70.00	0.079
374.214	0.05	Adapter 507Hz	50	0.507	70.00	0.079
374.474	0.05	Adapter 507Hz	50	0.507	70.00	0.079
374.554	0.05	Adapter 507Hz	50	0.507	70.00	0.079
374.634	0.05	Adapter 507Hz	50	0.507	70.00	0.079
374.714	0.05	Adapter 507Hz	50	0.507	70.00	0.079
377.509	0.05	Adapter 3839Hz Probe 3839Hz	51	3.839	70.00	0.437
377.589	0.05	Adapter 3839Hz Probe 3839Hz	51	3.839	70.00	0.437
377.669	0.05	Adapter 3839Hz Probe 3839Hz	51	3.839	70.00	0.437
377.749	0.05	Adapter 3839Hz Probe 3839Hz	51	3.839	70.00	0.437
377.829	0.05	Adapter 3839Hz Probe 3839Hz	51	3.839	70.00	0.437
378.009	0.05	Adapter 3839Hz Probe 3839Hz	51	3.839	70.00	0.437
378.089	0.05	Adapter 3839Hz Probe 3839Hz	51	3.839	70.00	0.437
378.169	0.05	Adapter 3839Hz Probe 3839Hz	51	3.839	70.00	0.437
378.249	0.05	Adapter 3839Hz Probe 3839Hz	51	3.839	70.00	0.437
378.329	0.05	Adapter 3839Hz Probe 3839Hz	51	3.839	70.00	0.437
378.509	0.05	Adapter 3839Hz Probe 3839Hz	51	3.839	70.00	0.437
378.589	0.05	Adapter 3839Hz Probe 3839Hz	51	3.839	70.00	0.437
378.669	0.05	Adapter 3839Hz Probe 3839Hz	51	3.839	70.00	0.437
378.749	0.05	Adapter 3839Hz Probe 3839Hz	51	3.839	70.00	0.437
378.829	0.05	Adapter 3839Hz Probe 3839Hz	51	3.839	70.00	0.437
379.009	0.05	Adapter 3839Hz Probe 3839Hz	51	3.839	70.00	0.437
379.089	0.05	Adapter 3839Hz Probe 3839Hz	51	3.839	70.00	0.437
379.169	0.05	Adapter 3839Hz Probe 3839Hz	51	3.839	70.00	0.437
379.249	0.05	Adapter 3839Hz Probe 3839Hz	51	3.839	70.00	0.437
379.329	0.05	Adapter 3839Hz Probe 3839Hz	51	3.839	70.00	0.437
379.509	0.05	Adapter 3839Hz Probe 3839Hz	51	3.839	70.00	0.437
379.589	0.05	Adapter 3839Hz Probe 3839Hz	51	3.839	70.00	0.437
379.669	0.05	Adapter 3839Hz Probe 3839Hz	51	3.839	70.00	0.437
379.749	0.05	Adapter 3839Hz Probe 3839Hz	51	3.839	70.00	0.437
379.829	0.05	Adapter 3839Hz Probe 3839Hz	51	3.839	70.00	0.437
380.009	0.05	Adapter 3839Hz Probe 3839Hz	51	3.839	70.00	0.437
380.089	0.05	Adapter 3839Hz Probe 3839Hz	51	3.839	70.00	0.437
380.169	0.05	Adapter 3839Hz Probe 3839Hz	51	3.839	70.00	0.437
380.249	0.05	Adapter 3839Hz Probe 3839Hz	51	3.839	70.00	0.437
380.329	0.05	Adapter 3839Hz Probe 3839Hz	51	3.839	70.00	0.437
380.509	0.05	Adapter 3839Hz Probe 3839Hz	51	3.839	70.00	0.437
380.589	0.05	Adapter 3839Hz Probe 3839Hz	51	3.839	70.00	0.437
380.669	0.05	Adapter 3839Hz Probe 3839Hz	51	3.839	70.00	0.437
380.749	0.05	Adapter 3839Hz Probe 3839Hz	51	3.839	70.00	0.437
380.829	0.05	Adapter 3839Hz Probe 3839Hz	51	3.839	70.00	0.437
381.009	0.05	Adapter 3839Hz Probe 3839Hz	51	3.839	70.00	0.437
381.089	0.05	Adapter 3839Hz Probe 3839Hz	51	3.839	70.00	0.437
381.169	0.05	Adapter 3839Hz Probe 3839Hz	51	3.839	70.00	0.437
381.249	0.05	Adapter 3839Hz Probe 3839Hz	51	3.839	70.00	0.437
381.329	0.05	Adapter 3839Hz Probe 3839Hz	51	3.839	70.00	0.437
381.509	0.05	Adapter 3839Hz Probe 3839Hz	51	3.839	70.00	0.437
381.589	0.05	Adapter 3839Hz Probe 3839Hz	51	3.839	70.00	0.437
381.669	0.05	Adapter 3839Hz Probe 3839Hz	51	3.839	70.00	0.437
381.749	0.05	Adapter 3839Hz Probe 3839Hz	51	3.839	70.00	0.437
381.829	0.05	Adapter 3839Hz Probe 3839Hz	51	3.839	70.00	0.437
382.009	0.05	Adapter 3839Hz Probe 3839Hz	51	3.839	70.00	0.437
382.089	0.05	Adapter 3839Hz Probe 3839Hz	51	3.839	70.00	0.437
382.169	0.05	Adapter 3839Hz Probe 3839Hz	51	3.839	70.00	0.437
382.249	0.05	Adapter 3839Hz Probe 3839Hz	51	3.839	70.00	0.437
382.329	0.05	Adapter 3839Hz Probe 3839Hz	51	3.839	70.00	0.437
385.013	0.05	Adapter 2423Hz Probe 3839Hz	52	2.423	70.00	0.285
385.093	0.05	Adapter 2423Hz Probe 3839Hz	52	2.423	70.00	0.285
385.173	0.05	Adapter 2423Hz Probe 3839Hz	52	2.423	70.00	0.285
385.253	0.05	Adapter 2423Hz Probe 3839Hz	52	2.423	70.00	0.285
385.333	0.05	Adapter 2423Hz Probe 3839Hz	52	3.839	70.00	0.437
385.513	0.05	Adapter 2423Hz Probe 3839Hz	52	2.423	70.00	0.285
385.593	0.05	Adapter 2423Hz Probe 3839Hz	52	2.423	70.00	0.285
385.673	0.05	Adapter 2423Hz Probe 3839Hz	52	2.423	70.00	0.285
385.753	0.05	Adapter 2423Hz Probe 3839Hz	52	2.423	70.00	0.285
385.833	0.05	Adapter 2423Hz Probe 3839Hz	52	3.839	70.00	0.437
386.013	0.05	Adapter 2423Hz Probe 3839Hz	52	2.423	70.00	0.285
386.093	0.05	Adapter 2423Hz Probe 3839Hz	52	2.423	70.00	0.285
386.173	0.05	Adapter 2423Hz Probe 3839Hz	52	2.423	70.00	0.285
386.253	0.05	Adapter 2423Hz Probe 3839Hz	52	2.423	70.00	0.285
386.333	0.05	Adapter 2423Hz Probe 3839Hz	52	3.839	70.00	0.437
386.513	0.05	Adapter 2423Hz Probe 3839Hz	52	2.423	70.00	0.285
386.593	0.05	Adapter 2423Hz Probe 3839Hz	52	2.423	70.00	0.285
386.673	0.05	Adapter 2423Hz Probe 3839Hz	52	2.423	70.00	0.285
386.753	0.05	Adapter 2423Hz Probe 3839Hz	52	2.423	70.00	0.285
386.833	0.05	Adapter 2423Hz Probe 3839Hz	52	3.839	70.00	0.437
387.013	0.05	Adapter 2423Hz Probe 3839Hz	52	2.423	70.00	0.285
387.093	0.05	Adapter 2423Hz Probe 3839Hz	52	2.423	70.00	0.285
387.173	0.05	Adapter 2423Hz Probe 3839Hz	52	2.423	70.00	0.285
387.253	0.05	Adapter 2423Hz Probe 3839Hz	52	2.423	70.00	0.285
387.333	0.05	Adapter 2423Hz Probe 3839Hz	52	3.839	70.00	0.437
387.513	0.05	Adapter 2423Hz Probe 3839Hz	52	2.423	70.00	0.285
387.593	0.05	Adapter 2423Hz Probe 3839Hz	52	2.423	70.00	0.285
387.673	0.05	Adapter 2423Hz Probe 3839Hz	52	2.423	70.00	0.285
387.753	0.05	Adapter 2423Hz Probe 3839Hz	52	2.423	70.00	0.285
387.833	0.05	Adapter 2423Hz Probe 3839Hz	52	3.839	70.00	0.437
388.013	0.05	Adapter 2423Hz Probe 3839Hz	52	2.423	70.00	0.285
388.093	0.05	Adapter 2423Hz Probe 3839Hz	52	2.423	70.00	0.285
388.173	0.05	Adapter 2423Hz Probe 3839Hz	52	2.423	70.00	0.285
388.253	0.05	Adapter 2423Hz Probe 3839Hz	52	2.423	70.00	0.285
388.333	0.05	Adapter 2423Hz Probe 3839Hz	52	3.839	70.00	0.437
388.513	0.05	Adapter 2423Hz Probe 3839Hz	52	2.423	70.00	0.285
388.593	0.05	Adapter 2423Hz Probe 3839Hz	52	2.423	70.00	0.285
388.673	0.05	Adapter 2423Hz Probe 3839Hz	52	2.423	70.00	0.285
388.753	0.05	Adapter 2423Hz Probe 3839Hz	52	2.423	70.00	0.285
388.833	0.05	Adapter 2423Hz Probe 3839Hz	52	3.839	70.00	0.437
389.013	0.05	Adapter 2423Hz Probe 3839Hz	52	2.423	70.00	0.285
389.093	0.05	Adapter 2423Hz Probe 3839Hz	52	2.423	70.00	0.285
389.173	0.05	Adapter 2423Hz Probe 3839Hz	52	2.423	70.00	0.285
389.253	0.05	Adapter 2423Hz Probe 3839Hz	52	2.423	70.00	0.285
389.333	0.05	Adapter 2423Hz Probe 3839Hz	52	3.839	70.00	0.437
389.513	0.05	Adapter 2423Hz Probe 3839Hz	52	2.423	70.00	0.285
389.593	0.05	Adapter 2423Hz Probe 3839Hz	52	2.423	70.00	0.285
389.673	0.05	Adapter 2423Hz Probe 3839Hz	52	2.423	70.00	0.285
389.753	0.05	Adapter 2423Hz Probe 3839Hz	52	2.423	70.00	0.285
389.833	0.05	Adapter 2423Hz Probe 3839Hz	52	3.839	70.00	0.437
392.516	0.05	Adapter 251Hz	53	0.251	70.00	0.052
392.596	0.05	Adapter 251Hz	53	0.251	70.00	0.052
392.676	0.05	Adapter 251Hz	53	0.251	70.00	0.052
392.756	0.05	Adapter 251Hz	53	0.251	70.00	0.052
393.016	0.05	Adapter 251Hz	53	0.251	70.00	0.052
393.096	0.05	Adapter 251Hz	53	0.251	70.00	0.052
393.176	0.05	Adapter 251Hz	53	0.251	70.00	0.052
393.256	0.05	Adapter 251Hz	53	0.251	70.00	0.052
393.516	0.05	Adapter 251Hz	53	0.251	70.00	0.052
393.596	0.05	Adapter 251Hz	53	0.251	70.00	0.052
393.676	0.05	Adapter 251Hz	53	0.251	70.00	0.052
393.756	0.05	Adapter 251Hz	53	0.251	70.00	0.052
394.016	0.05	Adapter 251Hz	53	0.251	70.00	0.052
394.096	0.05	Adapter 251Hz	53	0.251	70.00	0.052
394.176	0.05	Adapter 251Hz	53	0.251	70.00	0.052
394.256	0.05	Adapter 251Hz	53	0.251	70.00	0.052
394.516	0.05	Adapter 251Hz	53	0.251	70.00	0.052
394.596	0.05	Adapter 251Hz	53	0.251	70.00	0.052
394.676	0.05	Adapter 251Hz	53	0.251	70.00	0.052
394.756	0.05	Adapter 251Hz	53	0.251	70.00	0.052
395.016	0.05	Adapter 251Hz	53	0.251	70.00	0.052
395.096	0.05	Adapter 251Hz	53	0.251	70.00	0.052
395.176	0.05	Adapter 251Hz	53	0.251	70.00	0.052
395.256	0.05	Adapter 251Hz	53	0.251	70.00	0.052
395.516	0.05	Adapter 251Hz	53	0.251	70.00	0.052
395.596	0.05	Adapter 251Hz	53	0.251	70.00	0.052
395.676	0.05	Adapter 251Hz	53	0.251	70.00	0.052
395.756	0.05	Adapter 251Hz	53	0.251	70.00	0.052
396.016	0.05	Adapter 251Hz	53	0.251	70.00	0.052
396.096	0.05	Adapter 251Hz	53	0.251	70.00	0.052
396.176	0.05	Adapter 251Hz	53	0.251	70.00	0.052
396.256	0.05	Adapter 251Hz	53	0.251	70.00	0.052
396.516	0.05	Adapter 251Hz	53	0.251	70.00	0.052
396.596	0.05	Adapter 251Hz	53	0.251	70.00	0.052
396.676	0.05	Adapter 251Hz	53	0.251	70.00	0.052
396.756	0.05	Adapter 251Hz	53	0.251	70.00	0.052
397.016	0.05	Adapter 251Hz	53	0.251	70.00	0.052
397.096	0.05	Adapter 251Hz	53	0.251	70.00	0.052
397.176	0.05	Adapter 251Hz	53	0.251	70.00	0.052
397.256	0.05	Adapter 251Hz	53	0.251	70.00	0.052
407.492	0.05	Adapter 507Hz Probe 3839Hz	55	0.507	70.00	0.079
407.572	0.05	Adapter 507Hz Probe 3839Hz	55	0.507	70.00	0.079
407.652	0.05	Adapter 507Hz Probe 3839Hz	55	0.507	70.00	0.079
407.732	0.05	Adapter 507Hz Probe 3839Hz	55	0.507	70.00	0.079
407.812	0.05	Adapter 507Hz Probe 3839Hz	55	3.839	70.00	0.437
407.992	0.05	Adapter 507Hz Probe 3839Hz	55	0.507	70.00	0.079
408.072	0.05	Adapter 507Hz Probe 3839Hz	55	0.507	70.00	0.079
408.152	0.05	Adapter 507Hz Probe 3839Hz	55	0.507	70.00	0.079
408.232	0.05	Adapter 507Hz Probe 3839Hz	55	0.507	70.00	0.079
408.312	0.05	Adapter 507Hz Probe 3839Hz	55	3.839	70.00	0.437
408.492	0.05	Adapter 507Hz Probe 3839Hz	55	0.507	70.00	0.079
408.572	0.05	Adapter 507Hz Probe 3839Hz	55	0.507	70.00	0.079
408.652	0.05	Adapter 507Hz Probe 3839Hz	55	0.507	70.00	0.079
408.732	0.05	Adapter 507Hz Probe 3839Hz	55	0.507	70.00	0.079
408.812	0.05	Adapter 507Hz Probe 3839Hz	55	3.839	70.00	0.437
408.992	0.05	Adapter 507Hz Probe 3839Hz	55	0.507	70.00	0.079
409.072	0.05	Adapter 507Hz Probe 3839Hz	55	0.507	70.00	0.079
409.152	0.05	Adapter 507Hz Probe 3839Hz	55	0.507	70.00	0.079
409.232	0.05	Adapter 507Hz Probe 3839Hz	55	0.507	70.00	0.079
409.312	0.05	Adapter 507Hz Probe 3839Hz	55	3.839	70.00	0.437
409.492	0.05	Adapter 507Hz Probe 3839Hz	55	0.507	70.00	0.079
409.572	0.05	Adapter 507Hz Probe 3839Hz	55	0.507	70.00	0.079
409.652	0.05	Adapter 507Hz Probe 3839Hz	55	0.507	70.00	0.079
409.732	0.05	Adapter 507Hz Probe 3839Hz	55	0.507	70.00	0.079
409.812	0.05	Adapter 507Hz Probe 3839Hz	55	3.839	70.00	0.437
409.992	0.05	Adapter 507Hz Probe 3839Hz	55	0.507	70.00	0.079
410.072	0.05	Adapter 507Hz Probe 3839Hz	55	0.507	70.00	0.079
410.152	0.05	Adapter 507Hz Probe 3839Hz	55	0.507	70.00	0.079
410.232	0.05	Adapter 507Hz Probe 3839Hz	55	0.507	70.00	0.079
410.312	0.05	Adapter 507Hz Probe 3839Hz	55	3.839	70.00	0.437
410.492	0.05	Adapter 507Hz Probe 3839Hz	55	0.507	70.00	0.079
410.572	0.05	Adapter 507Hz Probe 3839Hz	55	0.507	70.00	0.079
410.652	0.05	Adapter 507Hz Probe 3839Hz	55	0.507	70.00	0.079
410.732	0.05	Adapter 507Hz Probe 3839Hz	55	0.507	70.00	0.079
410.812	0.05	Adapter 507Hz Probe 3839Hz	55	3.839	70.00	0.437
410.992	0.05	Adapter 507Hz Probe 3839Hz	55	0.507	70.00	0.079
411.072	0.05	Adapter 507Hz Probe 3839Hz	55	0.507	70.00	0.079
411.152	0.05	Adapter 507Hz Probe 3839Hz	55	0.507	70.00	0.079
411.232	0.05	Adapter 507Hz Probe 3839Hz	55	0.507	70.00	0.079
411.312	0.05	Adapter 507Hz Probe 3839Hz	55	3.839	70.00	0.437
411.492	0.05	Adapter 507Hz Probe 3839Hz	55	0.507	70.00	0.079
411.572	0.05	Adapter 507Hz Probe 3839Hz	55	0.507	70.00	0.079
411.652	0.05	Adapter 507Hz Probe 3839Hz	55	0.507	70.00	0.079
411.732	0.05	Adapter 507Hz Probe 3839Hz	55	0.507	70.00	0.079
411.812	0.05	Adapter 507Hz Probe 3839Hz	55	3.839	70.00	0.437
411.992	0.05	Adapter 507Hz Probe 3839Hz	55	0.507	70.00	0.079
412.072	0.05	Adapter 507Hz Probe 3839Hz	55	0.507	70.00	0.079
412.152	0.05	Adapter 507Hz Probe 3839Hz	55	0.507	70.00	0.079
412.232	0.05	Adapter 507Hz Probe 3839Hz	55	0.507	70.00	0.079
412.312	0.05	Adapter 507Hz Probe 3839Hz	55	3.839	70.00	0.437
415.285	0.05	Probe 3839Hz	56	3.839	70.00	0.437
415.785	0.05	Probe 3839Hz	56	3.839	70.00	0.437
416.285	0.05	Probe 3839Hz	56	3.839	70.00	0.437
416.785	0.05	Probe 3839Hz	56	3.839	70.00	0.437
417.285	0.05	Probe 3839Hz	56	3.839	70.00	0.437
417.785	0.05	Probe 3839Hz	56	3.839	70.00	0.437
418.285	0.05	Probe 3839Hz	56	3.839	70.00	0.437
418.785	0.05	Probe 3839Hz	56	3.839	70.00	0.437
419.285	0.05	Probe 3839Hz	56	3.839	70.00	0.437
419.785	0.05	Probe 3839Hz	56	3.839	70.00	0.437
429.988	0.05	Adapter 899Hz Probe 3839Hz	58	0.899	70.00	0.121
430.068	0.05	Adapter 899Hz Probe 3839Hz	58	0.899	70.00	0.121
430.148	0.05	Adapter 899Hz Probe 3839Hz	58	0.899	70.00	0.121
430.228	0.05	Adapter 899Hz Probe 3839Hz	58	0.899	70.00	0.121
430.308	0.05	Adapter 899Hz Probe 3839Hz	58	3.839	70.00	0.437
430.488	0.05	Adapter 899Hz Probe 3839Hz	58	0.899	70.00	0.121
430.568	0.05	Adapter 899Hz Probe 3839Hz	58	0.899	70.00	0.121
430.648	0.05	Adapter 899Hz Probe 3839Hz	58	0.899	70.00	0.121
430.728	0.05	Adapter 899Hz Probe 3839Hz	58	0.899	70.00	0.121
430.808	0.05	Adapter 899Hz Probe 3839Hz	58	3.839	70.00	0.437
430.988	0.05	Adapter 899Hz Probe 3839Hz	58	0.899	70.00	0.121
431.068	0.05	Adapter 899Hz Probe 3839Hz	58	0.899	70.00	0.121
431.148	0.05	Adapter 899Hz Probe 3839Hz	58	0.899	70.00	0.121
431.228	0.05	Adapter 899Hz Probe 3839Hz	58	0.899	70.00	0.121
431.308	0.05	Adapter 899Hz Probe 3839Hz	58	3.839	70.00	0.437
431.488	0.05	Adapter 899Hz Probe 3839Hz	58	0.899	70.00	0.121
431.568	0.05	Adapter 899Hz Probe 3839Hz	58	0.899	70.00	0.121
431.648	0.05	Adapter 899Hz Probe 3839Hz	58	0.899	70.00	0.121
431.728	0.05	Adapter 899Hz Probe 3839Hz	58	0.899	70.00	0.121
431.808	0.05	Adapter 899Hz Probe 3839Hz	58	3.839	70.00	0.437
431.988	0.05	Adapter 899Hz Probe 3839Hz	58	0.899	70.00	0.121
432.068	0.05	Adapter 899Hz Probe 3839Hz	58	0.899	70.00	0.121
432.148	0.05	Adapter 899Hz Probe 3839Hz	58	0.899	70.00	0.121
432.228	0.05	Adapter 899Hz Probe 3839Hz	58	0.899	70.00	0.121
432.308	0.05	Adapter 899Hz Probe 3839Hz	58	3.839	70.00	0.437
432.488	0.05	Adapter 899Hz Probe 3839Hz	58	0.899	70.00	0.121
432.568	0.05	Adapter 899Hz Probe 3839Hz	58	0.899	70.00	0.121
432.648	0.05	Adapter 899Hz Probe 3839Hz	58	0.899	70.00	0.121
432.728	0.05	Adapter 899Hz Probe 3839Hz	58	0.899	70.00	0.121
432.808	0.05	Adapter 899Hz Probe 3839Hz	58	3.839	70.00	0.437
432.988	0.05	Adapter 899Hz Probe 3839Hz	58	0.899	70.00	0.121
433.068	0.05	Adapter 899Hz Probe 3839Hz	58	0.899	70.00	0.121
433.148	0.05	Adapter 899Hz Probe 3839Hz	58	0.899	70.00	0.121
433.228	0.05	Adapter 899Hz Probe 3839Hz	58	0.899	70.00	0.121
433.308	0.05	Adapter 899Hz Probe 3839Hz	58	3.839	70.00	0.437
433.488	0.05	Adapter 899Hz Probe 3839Hz	58	0.899	70.00	0.121
433.568	0.05	Adapter 899Hz Probe 3839Hz	58	0.899	70.00	0.121
433.648	0.05	Adapter 899Hz Probe 3839Hz	58	0.899	70.00	0.121
433.728	0.05	Adapter 899Hz Probe 3839Hz	58	0.899	70.00	0.121
433.808	0.05	Adapter 899Hz Probe 3839Hz	58	3.839	70.00	0.437
433.988	0.05	Adapter 899Hz Probe 3839Hz	58	0.899	70.00	0.121
434.068	0.05	Adapter 899Hz Probe 3839Hz	58	0.899	70.00	0.121
434.148	0.05	Adapter 899Hz Probe 3839Hz	58	0.899	70.00	0.121
434.228	0.05	Adapter 899Hz Probe 3839Hz	58	0.899	70.00	0.121
434.308	0.05	Adapter 899Hz Probe 3839Hz	58	3.839	70.00	0.437
434.488	0.05	Adapter 899Hz Probe 3839Hz	58	0.899	70.00	0.121
434.568	0.05	Adapter 899Hz Probe 3839Hz	58	0.899	70.00	0.121
434.648	0.05	Adapter 899Hz Probe 3839Hz	58	0.899	70.00	0.121
434.728	0.05	Adapter 899Hz Probe 3839Hz	58	0.899	70.00	0.121
434.808	0.05	Adapter 899Hz Probe 3839Hz	58	3.839	70.00	0.437
437.491	0.05	Adapter 1501Hz Probe 3839Hz	59	1.501	70.00	0.186
437.571	0.05	Adapter 1501Hz Probe 3839Hz	59	1.501	70.00	0.186
437.651	0.05	Adapter 1501Hz Probe 3839Hz	59	1.501	70.00	0.186
437.731	0.05	Adapter 1501Hz Probe 3839Hz	59	1.501	70.00	0.186
437.811	0.05	Adapter 1501Hz Probe 3839Hz	59	3.839	70.00	0.437
437.991	0.05	Adapter 1501Hz Probe 3839Hz	59	1.501	70.00	0.186
438.071	0.05	Adapter 1501Hz Probe 3839Hz	59	1.501	70.00	0.186
438.151	0.05	Adapter 1501Hz Probe 3839Hz	59	1.501	70.00	0.186
438.231	0.05	Adapter 1501Hz Probe 3839Hz	59	1.501	70.00	0.186
438.311	0.05	Adapter 1501Hz Probe 3839Hz	59	3.839	70.00	0.437
438.491	0.05	Adapter 1501Hz Probe 3839Hz	59	1.501	70.00	0.186
438.571	0.05	Adapter 1501Hz Probe 3839Hz	59	1.501	70.00	0.186
438.651	0.05	Adapter 1501Hz Probe 3839Hz	59	1.501	70.00	0.186
438.731	0.05	Adapter 1501Hz Probe 3839Hz	59	1.501	70.00	0.186
438.811	0.05	Adapter 1501Hz Probe 3839Hz	59	3.839	70.00	0.437
438.991	0.05	Adapter 1501Hz Probe 3839Hz	59	1.501	70.00	0.186
439.071	0.05	Adapter 1501Hz Probe 3839Hz	59	1.501	70.00	0.186
439.151	0.05	Adapter 1501Hz Probe 3839Hz	59	1.501	70.00	0.186
439.231	0.05	Adapter 1501Hz Probe 3839Hz	59	1.501	70.00	0.186
439.311	0.05	Adapter 1501Hz Probe 3839Hz	59	3.839	70.00	0.437
439.491	0.05	Adapter 1501Hz Probe 3839Hz	59	1.501	70.00	0.186
439.571	0.05	Adapter 1501Hz Probe 3839Hz	59	1.501	70.00	0.186
439.651	0.05	Adapter 1501Hz Probe 3839Hz	59	1.501	70.00	0.186
439.731	0.05	Adapter 1501Hz Probe 3839Hz	59	1.501	70.00	0.186
439.811	0.05	Adapter 1501Hz Probe 3839Hz	59	3.839	70.00	0.437
439.991	0.05	Adapter 1501Hz Probe 3839Hz	59	1.501	70.00	0.186
440.071	0.05	Adapter 1501Hz Probe 3839Hz	59	1.501	70.00	0.186
440.151	0.05	Adapter 1501Hz Probe 3839Hz	59	1.501	70.00	0.186
440.231	0.05	Adapter 1501Hz Probe 3839Hz	59	1.501	70.00	0.186
440.311	0.05	Adapter 1501Hz Probe 3839Hz	59	3.839	70.00	0.437
440.491	0.05	Adapter 1501Hz Probe 3839Hz	59	1.501	70.00	0.186
440.571	0.05	Adapter 1501Hz Probe 3839Hz	59	1.501	70.00	0.186
440.651	0.05	Adapter 1501Hz Probe 3839Hz	59	1.501	70.00	0.186
440.731	0.05	Adapter 1501Hz Probe 3839Hz	59	1.501	70.00	0.186
440.811	0.05	Adapter 1501Hz Probe 3839Hz	59	3.839	70.00	0.437
440.991	0.05	Adapter 1501Hz Probe 3839Hz	59	1.501	70.00	0.186
441.071	0.05	Adapter 1501Hz Probe 3839Hz	59	1.501	70.00	0.186
441.151	0.05	Adapter 1501Hz Probe 3839Hz	59	1.501	70.00	0.186
441.231	0.05	Adapter 1501Hz Probe 3839Hz	59	1.501	70.00	0.186
441.311	0.05	Adapter 1501Hz Probe 3839Hz	59	3.839	70.00	0.437
441.491	0.05	Adapter 1501Hz Probe 3839Hz	59	1.501	70.00	0.186
441.571	0.05	Adapter 1501Hz Probe 3839Hz	59	1.501	70.00	0.186
441.651	0.05	Adapter 1501Hz Probe 3839Hz	59	1.501	70.00	0.186
441.731	0.05	Adapter 1501Hz Probe 3839Hz	59	1.501	70.00	0.186
441.811	0.05	Adapter 1501Hz Probe 3839Hz	59	3.839	70.00	0.437
441.991	0.05	Adapter 1501Hz Probe 3839Hz	59	1.501	70.00	0.186
442.071	0.05	Adapter 1501Hz Probe 3839Hz	59	1.501	70.00	0.186
442.151	0.05	Adapter 1501Hz Probe 3839Hz	59	1.501	70.00	0.186
442.231	0.05	Adapter 1501Hz Probe 3839Hz	59	1.501	70.00	0.186
442.311	0.05	Adapter 1501Hz Probe 3839Hz	59	3.839	70.00	0.437
444.964	0.05	Adapter 1501Hz	60	1.501	70.00	0.186
445.044	0.05	Adapter 1501Hz	60	1.501	70.00	0.186
445.124	0.05	Adapter 1501Hz	60	1.501	70.00	0.186
445.204	0.05	Adapter 1501Hz	60	1.501	70.00	0.186
445.464	0.05	Adapter 1501Hz	60	1.501	70.00	0.186
445.544	0.05	Adapter 1501Hz	60	1.501	70.00	0.186
445.624	0.05	Adapter 1501Hz	60	1.501	70.00	0.186
445.704	0.05	Adapter 1501Hz	60	1.501	70.00	0.186
445.964	0.05	Adapter 1501Hz	60	1.501	70.00	0.186
446.044	0.05	Adapter 1501Hz	60	1.501	70.00	0.186
446.124	0.05	Adapter 1501Hz	60	1.501	70.00	0.186
446.204	0.05	Adapter 1501Hz	60	1.501	70.00	0.186
446.464	0.05	Adapter 1501Hz	60	1.501	70.00	0.186
446.544	0.05	Adapter 1501Hz	60	1.501	70.00	0.186
446.624	0.05	Adapter 1501Hz	60	1.501	70.00	0.186
446.704	0.05	Adapter 1501Hz	60	1.501	70.00	0.186
446.964	0.05	Adapter 1501Hz	60	1.501	70.00	0.186
447.044	0.05	Adapter 1501Hz	60	1.501	70.00	0.186
447.124	0.05	Adapter 1501Hz	60	1.501	70.00	0.186
447.204	0.05	Adapter 1501Hz	60	1.501	70.00	0.186
447.464	0.05	Adapter 1501Hz	60	1.501	70.00	0.186
447.544	0.05	Adapter 1501Hz	60	1.501	70.00	0.186
447.624	0.05	Adapter 1501Hz	60	1.501	70.00	0.186
447.704	0.05	Adapter 1501Hz	60	1.501	70.00	0.186
447.964	0.05	Adapter 1501Hz	60	1.501	70.00	0.186
448.044	0.05	Adapter 1501Hz	60	1.501	70.00	0.186
448.124	0.05	Adapter 1501Hz	60	1.501	70.00	0.186
448.204	0.05	Adapter 1501Hz	60	1.501	70.00	0.186
448.464	0.05	Adapter 1501Hz	60	1.501	70.00	0.186
448.544	0.05	Adapter 1501Hz	60	1.501	70.00	0.186
448.624	0.05	Adapter 1501Hz	60	1.501	70.00	0.186
448.704	0.05	Adapter 1501Hz	60	1.501	70.00	0.186
448.964	0.05	Adapter 1501Hz	60	1.501	70.00	0.186
449.044	0.05	Adapter 1501Hz	60	1.501	70.00	0.186
449.124	0.05	Adapter 1501Hz	60	1.501	70.00	0.186
449.204	0.05	Adapter 1501Hz	60	1.501	70.00	0.186
449.464	0.05	Adapter 1501Hz	60	1.501	70.00	0.186
449.544	0.05	Adapter 1501Hz	60	1.501	70.00	0.186
449.624	0.05	Adapter 1501Hz	60	1.501	70.00	0.186
449.704	0.05	Adapter 1501Hz	60	1.501	70.00	0.186
452.483	0.05	Adapter 6009Hz	61	6.009	70.00	0.671
452.563	0.05	Adapter 6009Hz	61	6.009	70.00	0.671
452.643	0.05	Adapter 6009Hz	61	6.009	70.00	0.671
452.723	0.05	Adapter 6009Hz	61	6.009	70.00	0.671
452.983	0.05	Adapter 6009Hz	61	6.009	70.00	0.671
453.063	0.05	Adapter 6009Hz	61	6.009	70.00	0.671
453.143	0.05	Adapter 6009Hz	61	6.009	70.00	0.671
453.223	0.05	Adapter 6009Hz	61	6.009	70.00	0.671
453.483	0.05	Adapter 6009Hz	61	6.009	70.00	0.671
453.563	0.05	Adapter 6009Hz	61	6.009	70.00	0.671
453.643	0.05	Adapter 6009Hz	61	6.009	70.00	0.671
453.723	0.05	Adapter 6009Hz	61	6.009	70.00	0.671
453.983	0.05	Adapter 6009Hz	61	6.009	70.00	0.671
454.063	0.05	Adapter 6009Hz	61	6.009	70.00	0.671
454.143	0.05	Adapter 6009Hz	61	6.009	70.00	0.671
454.223	0.05	Adapter 6009Hz	61	6.009	70.00	0.671
454.483	0.05	Adapter 6009Hz	61	6.009	70.00	0.671
454.563	0.05	Adapter 6009Hz	61	6.009	70.00	0.671
454.643	0.05	Adapter 6009Hz	61	6.009	70.00	0.671
454.723	0.05	Adapter 6009Hz	61	6.009	70.00	0.671
454.983	0.05	Adapter 6009Hz	61	6.009	70.00	0.671
455.063	0.05	Adapter 6009Hz	61	6.009	70.00	0.671
455.143	0.05	Adapter 6009Hz	61	6.009	70.00	0.671
455.223	0.05	Adapter 6009Hz	61	6.009	70.00	0.671
455.483	0.05	Adapter 6009Hz	61	6.009	70.00	0.671
455.563	0.05	Adapter 6009Hz	61	6.009	70.00	0.671
455.643	0.05	Adapter 6009Hz	61	6.009	70.00	0.671
455.723	0.05	Adapter 6009Hz	61	6.009	70.00	0.671
455.983	0.05	Adapter 6009Hz	61	6.009	70.00	0.671
456.063	0.05	Adapter 6009Hz	61	6.009	70.00	0.671
456.143	0.05	Adapter 6009Hz	61	6.009	70.00	0.671
456.223	0.05	Adapter 6009Hz	61	6.009	70.00	0.671
456.483	0.05	Adapter 6009Hz	61	6.009	70.00	0.671
456.563	0.05	Adapter 6009Hz	61	6.009	70.00	0.671
456.643	0.05	Adapter 6009Hz	61	6.009	70.00	0.671
456.723	0.05	Adapter 6009Hz	61	6.009	70.00	0.671
456.983	0.05	Adapter 6009Hz	61	6.009	70.00	0.671
457.063	0.05	Adapter 6009Hz	61	6.009	70.00	0.671
457.143	0.05	Adapter 6009Hz	61	6.009	70.00	0.671
457.223	0.05	Adapter 6009Hz	61	6.009	70.00	0.671
459.971	0.05	Adapter 3839Hz	62	3.839	70.00	0.437
460.051	0.05	Adapter 3839Hz	62	3.839	70.00	0.437
460.131	0.05	Adapter 3839Hz	62	3.839	70.00	0.437
460.211	0.05	Adapter 3839Hz	62	3.839	70.00	0.437
460.471	0.05	Adapter 3839Hz	62	3.839	70.00	0.437
460.551	0.05	Adapter 3839Hz	62	3.839	70.00	0.437
460.631	0.05	Adapter 3839Hz	62	3.839	70.00	0.437
460.711	0.05	Adapter 3839Hz	62	3.839	70.00	0.437
460.971	0.05	Adapter 3839Hz	62	3.839	70.00	0.437
461.051	0.05	Adapter 3839Hz	62	3.839	70.00	0.437
461.131	0.05	Adapter 3839Hz	62	3.839	70.00	0.437
461.211	0.05	Adapter 3839Hz	62	3.839	70.00	0.437
461.471	0.05	Adapter 3839Hz	62	3.839	70.00	0.437
461.551	0.05	Adapter 3839Hz	62	3.839	70.00	0.437
461.631	0.05	Adapter 3839Hz	62	3.839	70.00	0.437
461.711	0.05	Adapter 3839Hz	62	3.839	70.00	0.437
461.971	0.05	Adapter 3839Hz	62	3.839	70.00	0.437
462.051	0.05	Adapter 3839Hz	62	3.839	70.00	0.437
462.131	0.05	Adapter 3839Hz	62	3.839	70.00	0.437
462.211	0.05	Adapter 3839Hz	62	3.839	70.00	0.437
462.471	0.05	Adapter 3839Hz	62	3.839	70.00	0.437
462.551	0.05	Adapter 3839Hz	62	3.839	70.00	0.437
462.631	0.05	Adapter 3839Hz	62	3.839	70.00	0.437
462.711	0.05	Adapter 3839Hz	62	3.839	70.00	0.437
462.971	0.05	Adapter 3839Hz	62	3.839	70.00	0.437
463.051	0.05	Adapter 3839Hz	62	3.839	70.00	0.437
463.131	0.05	Adapter 3839Hz	62	3.839	70.00	0.437
463.211	0.05	Adapter 3839Hz	62	3.839	70.00	0.437
463.471	0.05	Adapter 3839Hz	62	3.839	70.00	0.437
463.551	0.05	Adapter 3839Hz	62	3.839	70.00	0.437
463.631	0.05	Adapter 3839Hz	62	3.839	70.00	0.437
463.711	0.05	Adapter 3839Hz	62	3.839	70.00	0.437
463.971	0.05	Adapter 3839Hz	62	3.839	70.00	0.437
464.051	0.05	Adapter 3839Hz	62	3.839	70.00	0.437
464.131	0.05	Adapter 3839Hz	62	3.839	70.00	0.437
464.211	0.05	Adapter 3839Hz	62	3.839	70.00	0.437
464.471	0.05	Adapter 3839Hz	62	3.839	70.00	0.437
464.551	0.05	Adapter 3839Hz	62	3.839	70.00	0.437
464.631	0.05	Adapter 3839Hz	62	3.839	70.00	0.437
464.711	0.05	Adapter 3839Hz	62	3.839	70.00	0.437
467.49	0.05	Adapter 899Hz	63	0.899	70.00	0.121
467.57	0.05	Adapter 899Hz	63	0.899	70.00	0.121
467.65	0.05	Adapter 899Hz	63	0.899	70.00	0.121
467.73	0.05	Adapter 899Hz	63	0.899	70.00	0.121
467.99	0.05	Adapter 899Hz	63	0.899	70.00	0.121
468.07	0.05	Adapter 899Hz	63	0.899	70.00	0.121
468.15	0.05	Adapter 899Hz	63	0.899	70.00	0.121
468.23	0.05	Adapter 899Hz	63	0.899	70.00	0.121
468.49	0.05	Adapter 899Hz	63	0.899	70.00	0.121
468.57	0.05	Adapter 899Hz	63	0.899	70.00	0.121
468.65	0.05	Adapter 899Hz	63	0.899	70.00	0.121
468.73	0.05	Adapter 899Hz	63	0.899	70.00	0.121
468.99	0.05	Adapter 899Hz	63	0.899	70.00	0.121
469.07	0.05	Adapter 899Hz	63	0.899	70.00	0.121
469.15	0.05	Adapter 899Hz	63	0.899	70.00	0.121
469.23	0.05	Adapter 899Hz	63	0.899	70.00	0.121
469.49	0.05	Adapter 899Hz	63	0.899	70.00	0.121
469.57	0.05	Adapter 899Hz	63	0.899	70.00	0.121
469.65	0.05	Adapter 899Hz	63	0.899	70.00	0.121
469.73	0.05	Adapter 899Hz	63	0.899	70.00	0.121
469.99	0.05	Adapter 899Hz	63	0.899	70.00	0.121
470.07	0.05	Adapter 899Hz	63	0.899	70.00	0.121
470.15	0.05	Adapter 899Hz	63	0.899	70.00	0.121
470.23	0.05	Adapter 899Hz	63	0.899	70.00	0.121
470.49	0.05	Adapter 899Hz	63	0.899	70.00	0.121
470.57	0.05	Adapter 899Hz	63	0.899	70.00	0.121
470.65	0.05	Adapter 899Hz	63	0.899	70.00	0.121
470.73	0.05	Adapter 899Hz	63	0.899	70.00	0.121
470.99	0.05	Adapter 899Hz	63	0.899	70.00	0.121
471.07	0.05	Adapter 899Hz	63	0.899	70.00	0.121
471.15	0.05	Adapter 899Hz	63	0.899	70.00	0.121
471.23	0.05	Adapter 899Hz	63	0.899	70.00	0.121
471.49	0.05	Adapter 899Hz	63	0.899	70.00	0.121
471.57	0.05	Adapter 899Hz	63	0.899	70.00	0.121
471.65	0.05	Adapter 899Hz	63	0.899	70.00	0.121
471.73	0.05	Adapter 899Hz	63	0.899	70.00	0.121
471.99	0.05	Adapter 899Hz	63	0.899	70.00	0.121
472.07	0.05	Adapter 899Hz	63	0.899	70.00	0.121
472.15	0.05	Adapter 899Hz	63	0.899	70.00	0.121
472.23	0.05	Adapter 899Hz	63	0.899	70.00	0.121
