onset	duration	trial_type	scan	frequency_kHz	level_dB_SPL	bandwidth_kHz
2.5	0.05	Adapter 899Hz	1	0.899	70.00	0.121
2.58	0.05	Adapter 899Hz	1	0.899	70.00	0.121
2.66	0.05	Adapter 899Hz	1	0.899	70.00	0.121
2.74	0.05	Adapter 899Hz	1	0.899	70.00	0.121
3.0	0.05	Adapter 899Hz	1	0.899	70.00	0.121
3.08	0.05	Adapter 899Hz	1	0.899	70.00	0.121
3.16	0.05	Adapter 899Hz	1	0.899	70.00	0.121
3.24	0.05	Adapter 899Hz	1	0.899	70.00	0.121
3.5	0.05	Adapter 899Hz	1	0.899	70.00	0.121
3.58	0.05	Adapter 899Hz	1	0.899	70.00	0.121
3.66	0.05	Adapter 899Hz	1	0.899	70.00	0.121
3.74	0.05	Adapter 899Hz	1	0.899	70.00	0.121
4.0	0.05	Adapter 899Hz	1	0.899	70.00	0.121
4.08	0.05	Adapter 899Hz	1	0.899	70.00	0.121
4.16	0.05	Adapter 899Hz	1	0.899	70.00	0.121
4.24	0.05	Adapter 899Hz	1	0.899	70.00	0.121
4.5	0.05	Adapter 899Hz	1	0.899	70.00	0.121
4.58	0.05	Adapter 899Hz	1	0.899	70.00	0.121
4.66	0.05	Adapter 899Hz	1	0.899	70.00	0.121
4.74	0.05	Adapter 899Hz	1	0.899	70.00	0.121
5.0	0.05	Adapter 899Hz	1	0.899	70.00	0.121
5.08	0.05	Adapter 899Hz	1	0.899	70.00	0.121
5.16	0.05	Adapter 899Hz	1	0.899	70.00	0.121
5.24	0.05	Adapter 899Hz	1	0.899	70.00	0.121
5.5	0.05	Adapter 899Hz	1	0.899	70.00	0.121
5.58	0.05	Adapter 899Hz	1	0.899	70.00	0.121
5.66	0.05	Adapter 899Hz	1	0.899	70.00	0.121
5.74	0.05	Adapter 899Hz	1	0.899	70.00	0.121
6.0	0.05	Adapter 899Hz	1	0.899	70.00	0.121
6.08	0.05	Adapter 899Hz	1	0.899	70.00	0.121
6.16	0.05	Adapter 899Hz	1	0.899	70.00	0.121
6.24	0.05	Adapter 899Hz	1	0.899	70.00	0.121
6.5	0.05	Adapter 899Hz	1	0.899	70.00	0.121
6.58	0.05	Adapter 899Hz	1	0.899	70.00	0.121
6.66	0.05	Adapter 899Hz	1	0.899	70.00	0.121
6.74	0.05	Adapter 899Hz	1	0.899	70.00	0.121
7.0	0.05	Adapter 899Hz	1	0.899	70.00	0.121
7.08	0.05	Adapter 899Hz	1	0.899	70.00	0.121
7.16	0.05	Adapter 899Hz	1	0.899	70.00	0.121
7.24	0.05	Adapter 899Hz	1	0.899	70.00	0.121
25.011	0.05	Adapter 6009Hz	4	6.009	70.00	0.671
25.091	0.05	Adapter 6009Hz	4	6.009	70.00	0.671
25.171	0.05	Adapter 6009Hz	4	6.009	70.00	0.671
25.251	0.05	Adapter 6009Hz	4	6.009	70.00	0.671
25.511	0.05	Adapter 6009Hz	4	6.009	70.00	0.671
25.591	0.05	Adapter 6009Hz	4	6.009	70.00	0.671
25.671	0.05	Adapter 6009Hz	4	6.009	70.00	0.671
25.751	0.05	Adapter 6009Hz	4	6.009	70.00	0.671
26.011	0.05	Adapter 6009Hz	4	6.009	70.00	0.671
26.091	0.05	Adapter 6009Hz	4	6.009	70.00	0.671
26.171	0.05	Adapter 6009Hz	4	6.009	70.00	0.671
26.251	0.05	Adapter 6009Hz	4	6.009	70.00	0.671
26.511	0.05	Adapter 6009Hz	4	6.009	70.00	0.671
26.591	0.05	Adapter 6009Hz	4	6.009	70.00	0.671
26.671	0.05	Adapter 6009Hz	4	6.009	70.00	0.671
26.751	0.05	Adapter 6009Hz	4	6.009	70.00	0.671
27.011	0.05	Adapter 6009Hz	4	6.009	70.00	0.671
27.091	0.05	Adapter 6009Hz	4	6.009	70.00	0.671
27.171	0.05	Adapter 6009Hz	4	6.009	70.00	0.671
27.251	0.05	Adapter 6009Hz	4	6.009	70.00	0.671
27.511	0.05	Adapter 6009Hz	4	6.009	70.00	0.671
27.591	0.05	Adapter 6009Hz	4	6.009	70.00	0.671
27.671	0.05	Adapter 6009Hz	4	6.009	70.00	0.671
27.751	0.05	Adapter 6009Hz	4	6.009	70.00	0.671
28.011	0.05	Adapter 6009Hz	4	6.009	70.00	0.671
28.091	0.05	Adapter 6009Hz	4	6.009	70.00	0.671
28.171	0.05	Adapter 6009Hz	4	6.009	70.00	0.671
28.251	0.05	Adapter 6009Hz	4	6.009	70.00	0.671
28.511	0.05	Adapter 6009Hz	4	6.009	70.00	0.671
28.591	0.05	Adapter 6009Hz	4	6.009	70.00	0.671
28.671	0.05	Adapter 6009Hz	4	6.009	70.00	0.671
28.751	0.05	Adapter 6009Hz	4	6.009	70.00	0.671
29.011	0.05	Adapter 6009Hz	4	6.009	70.00	0.671
29.091	0.05	Adapter 6009Hz	4	6.009	70.00	0.671
29.171	0.05	Adapter 6009Hz	4	6.009	70.00	0.671
29.251	0.05	Adapter 6009Hz	4	6.009	70.00	0.671
29.511	0.05	Adapter 6009Hz	4	6.009	70.00	0.671
29.591	0.05	Adapter 6009Hz	4	6.009	70.00	0.671
29.671	0.05	Adapter 6009Hz	4	6.009	70.00	0.671
29.751	0.05	Adapter 6009Hz	4	6.009	70.00	0.671
32.53	0.05	Adapter 507Hz Probe 3839Hz	5	0.507	70.00	0.079
32.61	0.05	Adapter 507Hz Probe 3839Hz	5	0.507	70.00	0.079
32.69	0.05	Adapter 507Hz Probe 3839Hz	5	0.507	70.00	0.079
32.77	0.05	Adapter 507Hz Probe 3839Hz	5	0.507	70.00	0.079
32.85	0.05	Adapter 507Hz Probe 3839Hz	5	3.839	70.00	0.437
33.03	0.05	Adapter 507Hz Probe 3839Hz	5	0.507	70.00	0.079
33.11	0.05	Adapter 507Hz Probe 3839Hz	5	0.507	70.00	0.079
33.19	0.05	Adapter 507Hz Probe 3839Hz	5	0.507	70.00	0.079
33.27	0.05	Adapter 507Hz Probe 3839Hz	5	0.507	70.00	0.079
33.35	0.05	Adapter 507Hz Probe 3839Hz	5	3.839	70.00	0.437
33.53	0.05	Adapter 507Hz Probe 3839Hz	5	0.507	70.00	0.079
33.61	0.05	Adapter 507Hz Probe 3839Hz	5	0.507	70.00	0.079
33.69	0.05	Adapter 507Hz Probe 3839Hz	5	0.507	70.00	0.079
33.77	0.05	Adapter 507Hz Probe 3839Hz	5	0.507	70.00	0.079
33.85	0.05	Adapter 507Hz Probe 3839Hz	5	3.839	70.00	0.437
34.03	0.05	Adapter 507Hz Probe 3839Hz	5	0.507	70.00	0.079
34.11	0.05	Adapter 507Hz Probe 3839Hz	5	0.507	70.00	0.079
34.19	0.05	Adapter 507Hz Probe 3839Hz	5	0.507	70.00	0.079
34.27	0.05	Adapter 507Hz Probe 3839Hz	5	0.507	70.00	0.079
34.35	0.05	Adapter 507Hz Probe 3839Hz	5	3.839	70.00	0.437
34.53	0.05	Adapter 507Hz Probe 3839Hz	5	0.507	70.00	0.079
34.61	0.05	Adapter 507Hz Probe 3839Hz	5	0.507	70.00	0.079
34.69	0.05	Adapter 507Hz Probe 3839Hz	5	0.507	70.00	0.079
34.77	0.05	Adapter 507Hz Probe 3839Hz	5	0.507	70.00	0.079
34.85	0.05	Adapter 507Hz Probe 3839Hz	5	3.839	70.00	0.437
35.03	0.05	Adapter 507Hz Probe 3839Hz	5	0.507	70.00	0.079
35.11	0.05	Adapter 507Hz Probe 3839Hz	5	0.507	70.00	0.079
35.19	0.05	Adapter 507Hz Probe 3839Hz	5	0.507	70.00	0.079
35.27	0.05	Adapter 507Hz Probe 3839Hz	5	0.507	70.00	0.079
35.35	0.05	Adapter 507Hz Probe 3839Hz	5	3.839	70.00	0.437
35.53	0.05	Adapter 507Hz Probe 3839Hz	5	0.507	70.00	0.079
35.61	0.05	Adapter 507Hz Probe 3839Hz	5	0.507	70.00	0.079
35.69	0.05	Adapter 507Hz Probe 3839Hz	5	0.507	70.00	0.079
35.77	0.05	Adapter 507Hz Probe 3839Hz	5	0.507	70.00	0.079
35.85	0.05	Adapter 507Hz Probe 3839Hz	5	3.839	70.00	0.437
36.03	0.05	Adapter 507Hz Probe 3839Hz	5	0.507	70.00	0.079
36.11	0.05	Adapter 507Hz Probe 3839Hz	5	0.507	70.00	0.079
36.19	0.05	Adapter 507Hz Probe 3839Hz	5	0.507	70.00	0.079
36.27	0.05	Adapter 507Hz Probe 3839Hz	5	0.507	70.00	0.079
36.35	0.05	Adapter 507Hz Probe 3839Hz	5	3.839	70.00	0.437
36.53	0.05	Adapter 507Hz Probe 3839Hz	5	0.507	70.00	0.079
36.61	0.05	Adapter 507Hz Probe 3839Hz	5	0.507	70.00	0.079
36.69	0.05	Adapter 507Hz Probe 3839Hz	5	0.507	70.00	0.079
36.77	0.05	Adapter 507Hz Probe 3839Hz	5	0.507	70.00	0.079
36.85	0.05	Adapter 507Hz Probe 3839Hz	5	3.839	70.00	0.437
37.03	0.05	Adapter 507Hz Probe 3839Hz	5	0.507	70.00	0.079
37.11	0.05	Adapter 507Hz Probe 3839Hz	5	0.507	70.00	0.079
37.19	0.05	Adapter 507Hz Probe 3839Hz	5	0.507	70.00	0.079
37.27	0.05	Adapter 507Hz Probe 3839Hz	5	0.507	70.00	0.079
37.35	0.05	Adapter 507Hz Probe 3839Hz	5	3.839	70.00	0.437
40.049	0.05	Adapter 3839Hz Probe 3839Hz	6	3.839	70.00	0.437
40.129	0.05	Adapter 3839Hz Probe 3839Hz	6	3.839	70.00	0.437
40.209	0.05	Adapter 3839Hz Probe 3839Hz	6	3.839	70.00	0.437
40.289	0.05	Adapter 3839Hz Probe 3839Hz	6	3.839	70.00	0.437
40.369	0.05	Adapter 3839Hz Probe 3839Hz	6	3.839	70.00	0.437
40.549	0.05	Adapter 3839Hz Probe 3839Hz	6	3.839	70.00	0.437
40.629	0.05	Adapter 3839Hz Probe 3839Hz	6	3.839	70.00	0.437
40.709	0.05	Adapter 3839Hz Probe 3839Hz	6	3.839	70.00	0.437
40.789	0.05	Adapter 3839Hz Probe 3839Hz	6	3.839	70.00	0.437
40.869	0.05	Adapter 3839Hz Probe 3839Hz	6	3.839	70.00	0.437
41.049	0.05	Adapter 3839Hz Probe 3839Hz	6	3.839	70.00	0.437
41.129	0.05	Adapter 3839Hz Probe 3839Hz	6	3.839	70.00	0.437
41.209	0.05	Adapter 3839Hz Probe 3839Hz	6	3.839	70.00	0.437
41.289	0.05	Adapter 3839Hz Probe 3839Hz	6	3.839	70.00	0.437
41.369	0.05	Adapter 3839Hz Probe 3839Hz	6	3.839	70.00	0.437
41.549	0.05	Adapter 3839Hz Probe 3839Hz	6	3.839	70.00	0.437
41.629	0.05	Adapter 3839Hz Probe 3839Hz	6	3.839	70.00	0.437
41.709	0.05	Adapter 3839Hz Probe 3839Hz	6	3.839	70.00	0.437
41.789	0.05	Adapter 3839Hz Probe 3839Hz	6	3.839	70.00	0.437
41.869	0.05	Adapter 3839Hz Probe 3839Hz	6	3.839	70.00	0.437
42.049	0.05	Adapter 3839Hz Probe 3839Hz	6	3.839	70.00	0.437
42.129	0.05	Adapter 3839Hz Probe 3839Hz	6	3.839	70.00	0.437
42.209	0.05	Adapter 3839Hz Probe 3839Hz	6	3.839	70.00	0.437
42.289	0.05	Adapter 3839Hz Probe 3839Hz	6	3.839	70.00	0.437
42.369	0.05	Adapter 3839Hz Probe 3839Hz	6	3.839	70.00	0.437
42.549	0.05	Adapter 3839Hz Probe 3839Hz	6	3.839	70.00	0.437
42.629	0.05	Adapter 3839Hz Probe 3839Hz	6	3.839	70.00	0.437
42.709	0.05	Adapter 3839Hz Probe 3839Hz	6	3.839	70.00	0.437
42.789	0.05	Adapter 3839Hz Probe 3839Hz	6	3.839	70.00	0.437
42.869	0.05	Adapter 3839Hz Probe 3839Hz	6	3.839	70.00	0.437
43.049	0.05	Adapter 3839Hz Probe 3839Hz	6	3.839	70.00	0.437
43.129	0.05	Adapter 3839Hz Probe 3839Hz	6	3.839	70.00	0.437
43.209	0.05	Adapter 3839Hz Probe 3839Hz	6	3.839	70.00	0.437
43.289	0.05	Adapter 3839Hz Probe 3839Hz	6	3.839	70.00	0.437
43.369	0.05	Adapter 3839Hz Probe 3839Hz	6	3.839	70.00	0.437
43.549	0.05	Adapter 3839Hz Probe 3839Hz	6	3.839	70.00	0.437
43.629	0.05	Adapter 3839Hz Probe 3839Hz	6	3.839	70.00	0.437
43.709	0.05	Adapter 3839Hz Probe 3839Hz	6	3.839	70.00	0.437
43.789	0.05	Adapter 3839Hz Probe 3839Hz	6	3.839	70.00	0.437
43.869	0.05	Adapter 3839Hz Probe 3839Hz	6	3.839	70.00	0.437
44.049	0.05	Adapter 3839Hz Probe 3839Hz	6	3.839	70.00	0.437
44.129	0.05	Adapter 3839Hz Probe 3839Hz	6	3.839	70.00	0.437
44.209	0.05	Adapter 3839Hz Probe 3839Hz	6	3.839	70.00	0.437
44.289	0.05	Adapter 3839Hz Probe 3839Hz	6	3.839	70.00	0.437
44.369	0.05	Adapter 3839Hz Probe 3839Hz	6	3.839	70.00	0.437
44.549	0.05	Adapter 3839Hz Probe 3839Hz	6	3.839	70.00	0.437
44.629	0.05	Adapter 3839Hz Probe 3839Hz	6	3.839	70.00	0.437
44.709	0.05	Adapter 3839Hz Probe 3839Hz	6	3.839	70.00	0.437
44.789	0.05	Adapter 3839Hz Probe 3839Hz	6	3.839	70.00	0.437
44.869	0.05	Adapter 3839Hz Probe 3839Hz	6	3.839	70.00	0.437
47.537	0.05	Adapter 507Hz	7	0.507	70.00	0.079
47.617	0.05	Adapter 507Hz	7	0.507	70.00	0.079
47.697	0.05	Adapter 507Hz	7	0.507	70.00	0.079
47.777	0.05	Adapter 507Hz	7	0.507	70.00	0.079
48.037	0.05	Adapter 507Hz	7	0.507	70.00	0.079
48.117	0.05	Adapter 507Hz	7	0.507	70.00	0.079
48.197	0.05	Adapter 507Hz	7	0.507	70.00	0.079
48.277	0.05	Adapter 507Hz	7	0.507	70.00	0.079
48.537	0.05	Adapter 507Hz	7	0.507	70.00	0.079
48.617	0.05	Adapter 507Hz	7	0.507	70.00	0.079
48.697	0.05	Adapter 507Hz	7	0.507	70.00	0.079
48.777	0.05	Adapter 507Hz	7	0.507	70.00	0.079
49.037	0.05	Adapter 507Hz	7	0.507	70.00	0.079
49.117	0.05	Adapter 507Hz	7	0.507	70.00	0.079
49.197	0.05	Adapter 507Hz	7	0.507	70.00	0.079
49.277	0.05	Adapter 507Hz	7	0.507	70.00	0.079
49.537	0.05	Adapter 507Hz	7	0.507	70.00	0.079
49.617	0.05	Adapter 507Hz	7	0.507	70.00	0.079
49.697	0.05	Adapter 507Hz	7	0.507	70.00	0.079
49.777	0.05	Adapter 507Hz	7	0.507	70.00	0.079
50.037	0.05	Adapter 507Hz	7	0.507	70.00	0.079
50.117	0.05	Adapter 507Hz	7	0.507	70.00	0.079
50.197	0.05	Adapter 507Hz	7	0.507	70.00	0.079
50.277	0.05	Adapter 507Hz	7	0.507	70.00	0.079
50.537	0.05	Adapter 507Hz	7	0.507	70.00	0.079
50.617	0.05	Adapter 507Hz	7	0.507	70.00	0.079
50.697	0.05	Adapter 507Hz	7	0.507	70.00	0.079
50.777	0.05	Adapter 507Hz	7	0.507	70.00	0.079
51.037	0.05	Adapter 507Hz	7	0.507	70.00	0.079
51.117	0.05	Adapter 507Hz	7	0.507	70.00	0.079
51.197	0.05	Adapter 507Hz	7	0.507	70.00	0.079
51.277	0.05	Adapter 507Hz	7	0.507	70.00	0.079
51.537	0.05	Adapter 507Hz	7	0.507	70.00	0.079
51.617	0.05	Adapter 507Hz	7	0.507	70.00	0.079
51.697	0.05	Adapter 507Hz	7	0.507	70.00	0.079
51.777	0.05	Adapter 507Hz	7	0.507	70.00	0.079
52.037	0.05	Adapter 507Hz	7	0.507	70.00	0.079
52.117	0.05	Adapter 507Hz	7	0.507	70.00	0.079
52.197	0.05	Adapter 507Hz	7	0.507	70.00	0.079
52.277	0.05	Adapter 507Hz	7	0.507	70.00	0.079
55.056	0.05	Adapter 2423Hz	8	2.423	70.00	0.285
55.136	0.05	Adapter 2423Hz	8	2.423	70.00	0.285
55.216	0.05	Adapter 2423Hz	8	2.423	70.00	0.285
55.296	0.05	Adapter 2423Hz	8	2.423	70.00	0.285
55.556	0.05	Adapter 2423Hz	8	2.423	70.00	0.285
55.636	0.05	Adapter 2423Hz	8	2.423	70.00	0.285
55.716	0.05	Adapter 2423Hz	8	2.423	70.00	0.285
55.796	0.05	Adapter 2423Hz	8	2.423	70.00	0.285
56.056	0.05	Adapter 2423Hz	8	2.423	70.00	0.285
56.136	0.05	Adapter 2423Hz	8	2.423	70.00	0.285
56.216	0.05	Adapter 2423Hz	8	2.423	70.00	0.285
56.296	0.05	Adapter 2423Hz	8	2.423	70.00	0.285
56.556	0.05	Adapter 2423Hz	8	2.423	70.00	0.285
56.636	0.05	Adapter 2423Hz	8	2.423	70.00	0.285
56.716	0.05	Adapter 2423Hz	8	2.423	70.00	0.285
56.796	0.05	Adapter 2423Hz	8	2.423	70.00	0.285
57.056	0.05	Adapter 2423Hz	8	2.423	70.00	0.285
57.136	0.05	Adapter 2423Hz	8	2.423	70.00	0.285
57.216	0.05	Adapter 2423Hz	8	2.423	70.00	0.285
57.296	0.05	Adapter 2423Hz	8	2.423	70.00	0.285
57.556	0.05	Adapter 2423Hz	8	2.423	70.00	0.285
57.636	0.05	Adapter 2423Hz	8	2.423	70.00	0.285
57.716	0.05	Adapter 2423Hz	8	2.423	70.00	0.285
57.796	0.05	Adapter 2423Hz	8	2.423	70.00	0.285
58.056	0.05	Adapter 2423Hz	8	2.423	70.00	0.285
58.136	0.05	Adapter 2423Hz	8	2.423	70.00	0.285
58.216	0.05	Adapter 2423Hz	8	2.423	70.00	0.285
58.296	0.05	Adapter 2423Hz	8	2.423	70.00	0.285
58.556	0.05	Adapter 2423Hz	8	2.423	70.00	0.285
58.636	0.05	Adapter 2423Hz	8	2.423	70.00	0.285
58.716	0.05	Adapter 2423Hz	8	2.423	70.00	0.285
58.796	0.05	Adapter 2423Hz	8	2.423	70.00	0.285
59.056	0.05	Adapter 2423Hz	8	2.423	70.00	0.285
59.136	0.05	Adapter 2423Hz	8	2.423	70.00	0.285
59.216	0.05	Adapter 2423Hz	8	2.423	70.00	0.285
59.296	0.05	Adapter 2423Hz	8	2.423	70.00	0.285
59.556	0.05	Adapter 2423Hz	8	2.423	70.00	0.285
59.636	0.05	Adapter 2423Hz	8	2.423	70.00	0.285
59.716	0.05	Adapter 2423Hz	8	2.423	70.00	0.285
59.796	0.05	Adapter 2423Hz	8	2.423	70.00	0.285
70.017	0.05	Adapter 251Hz	10	0.251	70.00	0.052
70.097	0.05	Adapter 251Hz	10	0.251	70.00	0.052
70.177	0.05	Adapter 251Hz	10	0.251	70.00	0.052
70.257	0.05	Adapter 251Hz	10	0.251	70.00	0.052
70.517	0.05	Adapter 251Hz	10	0.251	70.00	0.052
70.597	0.05	Adapter 251Hz	10	0.251	70.00	0.052
70.677	0.05	Adapter 251Hz	10	0.251	70.00	0.052
70.757	0.05	Adapter 251Hz	10	0.251	70.00	0.052
71.017	0.05	Adapter 251Hz	10	0.251	70.00	0.052
71.097	0.05	Adapter 251Hz	10	0.251	70.00	0.052
71.177	0.05	Adapter 251Hz	10	0.251	70.00	0.052
71.257	0.05	Adapter 251Hz	10	0.251	70.00	0.052
71.517	0.05	Adapter 251Hz	10	0.251	70.00	0.052
71.597	0.05	Adapter 251Hz	10	0.251	70.00	0.052
71.677	0.05	Adapter 251Hz	10	0.251	70.00	0.052
71.757	0.05	Adapter 251Hz	10	0.251	70.00	0.052
72.017	0.05	Adapter 251Hz	10	0.251	70.00	0.052
72.097	0.05	Adapter 251Hz	10	0.251	70.00	0.052
72.177	0.05	Adapter 251Hz	10	0.251	70.00	0.052
72.257	0.05	Adapter 251Hz	10	0.251	70.00	0.052
72.517	0.05	Adapter 251Hz	10	0.251	70.00	0.052
72.597	0.05	Adapter 251Hz	10	0.251	70.00	0.052
72.677	0.05	Adapter 251Hz	10	0.251	70.00	0.052
72.757	0.05	Adapter 251Hz	10	0.251	70.00	0.052
73.017	0.05	Adapter 251Hz	10	0.251	70.00	0.052
73.097	0.05	Adapter 251Hz	10	0.251	70.00	0.052
73.177	0.05	Adapter 251Hz	10	0.251	70.00	0.052
73.257	0.05	Adapter 251Hz	10	0.251	70.00	0.052
73.517	0.05	Adapter 251Hz	10	0.251	70.00	0.052
73.597	0.05	Adapter 251Hz	10	0.251	70.00	0.052
73.677	0.05	Adapter 251Hz	10	0.251	70.00	0.052
73.757	0.05	Adapter 251Hz	10	0.251	70.00	0.052
74.017	0.05	Adapter 251Hz	10	0.251	70.00	0.052
74.097	0.05	Adapter 251Hz	10	0.251	70.00	0.052
74.177	0.05	Adapter 251Hz	10	0.251	70.00	0.052
74.257	0.05	Adapter 251Hz	10	0.251	70.00	0.052
74.517	0.05	Adapter 251Hz	10	0.251	70.00	0.052
74.597	0.05	Adapter 251Hz	10	0.251	70.00	0.052
74.677	0.05	Adapter 251Hz	10	0.251	70.00	0.052
74.757	0.05	Adapter 251Hz	10	0.251	70.00	0.052
77.505	0.05	Adapter 1501Hz Probe 3839Hz	11	1.501	70.00	0.186
77.585	0.05	Adapter 1501Hz Probe 3839Hz	11	1.501	70.00	0.186
77.665	0.05	Adapter 1501Hz Probe 3839Hz	11	1.501	70.00	0.186
77.745	0.05	Adapter 1501Hz Probe 3839Hz	11	1.501	70.00	0.186
77.825	0.05	Adapter 1501Hz Probe 3839Hz	11	3.839	70.00	0.437
78.005	0.05	Adapter 1501Hz Probe 3839Hz	11	1.501	70.00	0.186
78.085	0.05	Adapter 1501Hz Probe 3839Hz	11	1.501	70.00	0.186
78.165	0.05	Adapter 1501Hz Probe 3839Hz	11	1.501	70.00	0.186
78.245	0.05	Adapter 1501Hz Probe 3839Hz	11	1.501	70.00	0.186
78.325	0.05	Adapter 1501Hz Probe 3839Hz	11	3.839	70.00	0.437
78.505	0.05	Adapter 1501Hz Probe 3839Hz	11	1.501	70.00	0.186
78.585	0.05	Adapter 1501Hz Probe 3839Hz	11	1.501	70.00	0.186
78.665	0.05	Adapter 1501Hz Probe 3839Hz	11	1.501	70.00	0.186
78.745	0.05	Adapter 1501Hz Probe 3839Hz	11	1.501	70.00	0.186
78.825	0.05	Adapter 1501Hz Probe 3839Hz	11	3.839	70.00	0.437
79.005	0.05	Adapter 1501Hz Probe 3839Hz	11	1.501	70.00	0.186
79.085	0.05	Adapter 1501Hz Probe 3839Hz	11	1.501	70.00	0.186
79.165	0.05	Adapter 1501Hz Probe 3839Hz	11	1.501	70.00	0.186
79.245	0.05	Adapter 1501Hz Probe 3839Hz	11	1.501	70.00	0.186
79.325	0.05	Adapter 1501Hz Probe 3839Hz	11	3.839	70.00	0.437
79.505	0.05	Adapter 1501Hz Probe 3839Hz	11	1.501	70.00	0.186
79.585	0.05	Adapter 1501Hz Probe 3839Hz	11	1.501	70.00	0.186
79.665	0.05	Adapter 1501Hz Probe 3839Hz	11	1.501	70.00	0.186
79.745	0.05	Adapter 1501Hz Probe 3839Hz	11	1.501	70.00	0.186
79.825	0.05	Adapter 1501Hz Probe 3839Hz	11	3.839	70.00	0.437
80.005	0.05	Adapter 1501Hz Probe 3839Hz	11	1.501	70.00	0.186
80.085	0.05	Adapter 1501Hz Probe 3839Hz	11	1.501	70.00	0.186
80.165	0.05	Adapter 1501Hz Probe 3839Hz	11	1.501	70.00	0.186
80.245	0.05	Adapter 1501Hz Probe 3839Hz	11	1.501	70.00	0.186
80.325	0.05	Adapter 1501Hz Probe 3839Hz	11	3.839	70.00	0.437
80.505	0.05	Adapter 1501Hz Probe 3839Hz	11	1.501	70.00	0.186
80.585	0.05	Adapter 1501Hz Probe 3839Hz	11	1.501	70.00	0.186
80.665	0.05	Adapter 1501Hz Probe 3839Hz	11	1.501	70.00	0.186
80.745	0.05	Adapter 1501Hz Probe 3839Hz	11	1.501	70.00	0.186
80.825	0.05	Adapter 1501Hz Probe 3839Hz	11	3.839	70.00	0.437
81.005	0.05	Adapter 1501Hz Probe 3839Hz	11	1.501	70.00	0.186
81.085	0.05	Adapter 1501Hz Probe 3839Hz	11	1.501	70.00	0.186
81.165	0.05	Adapter 1501Hz Probe 3839Hz	11	1.501	70.00	0.186
81.245	0.05	Adapter 1501Hz Probe 3839Hz	11	1.501	70.00	0.186
81.325	0.05	Adapter 1501Hz Probe 3839Hz	11	3.839	70.00	0.437
81.505	0.05	Adapter 1501Hz Probe 3839Hz	11	1.501	70.00	0.186
81.585	0.05	Adapter 1501Hz Probe 3839Hz	11	1.501	70.00	0.186
81.665	0.05	Adapter 1501Hz Probe 3839Hz	11	1.501	70.00	0.186
81.745	0.05	Adapter 1501Hz Probe 3839Hz	11	1.501	70.00	0.186
81.825	0.05	Adapter 1501Hz Probe 3839Hz	11	3.839	70.00	0.437
82.005	0.05	Adapter 1501Hz Probe 3839Hz	11	1.501	70.00	0.186
82.085	0.05	Adapter 1501Hz Probe 3839Hz	11	1.501	70.00	0.186
82.165	0.05	Adapter 1501Hz Probe 3839Hz	11	1.501	70.00	0.186
82.245	0.05	Adapter 1501Hz Probe 3839Hz	11	1.501	70.00	0.186
82.325	0.05	Adapter 1501Hz Probe 3839Hz	11	3.839	70.00	0.437
85.008	0.05	Adapter 2423Hz Probe 3839Hz	12	2.423	70.00	0.285
85.088	0.05	Adapter 2423Hz Probe 3839Hz	12	2.423	70.00	0.285
85.168	0.05	Adapter 2423Hz Probe 3839Hz	12	2.423	70.00	0.285
85.248	0.05	Adapter 2423Hz Probe 3839Hz	12	2.423	70.00	0.285
85.328	0.05	Adapter 2423Hz Probe 3839Hz	12	3.839	70.00	0.437
85.508	0.05	Adapter 2423Hz Probe 3839Hz	12	2.423	70.00	0.285
85.588	0.05	Adapter 2423Hz Probe 3839Hz	12	2.423	70.00	0.285
85.668	0.05	Adapter 2423Hz Probe 3839Hz	12	2.423	70.00	0.285
85.748	0.05	Adapter 2423Hz Probe 3839Hz	12	2.423	70.00	0.285
85.828	0.05	Adapter 2423Hz Probe 3839Hz	12	3.839	70.00	0.437
86.008	0.05	Adapter 2423Hz Probe 3839Hz	12	2.423	70.00	0.285
86.088	0.05	Adapter 2423Hz Probe 3839Hz	12	2.423	70.00	0.285
86.168	0.05	Adapter 2423Hz Probe 3839Hz	12	2.423	70.00	0.285
86.248	0.05	Adapter 2423Hz Probe 3839Hz	12	2.423	70.00	0.285
86.328	0.05	Adapter 2423Hz Probe 3839Hz	12	3.839	70.00	0.437
86.508	0.05	Adapter 2423Hz Probe 3839Hz	12	2.423	70.00	0.285
86.588	0.05	Adapter 2423Hz Probe 3839Hz	12	2.423	70.00	0.285
86.668	0.05	Adapter 2423Hz Probe 3839Hz	12	2.423	70.00	0.285
86.748	0.05	Adapter 2423Hz Probe 3839Hz	12	2.423	70.00	0.285
86.828	0.05	Adapter 2423Hz Probe 3839Hz	12	3.839	70.00	0.437
87.008	0.05	Adapter 2423Hz Probe 3839Hz	12	2.423	70.00	0.285
87.088	0.05	Adapter 2423Hz Probe 3839Hz	12	2.423	70.00	0.285
87.168	0.05	Adapter 2423Hz Probe 3839Hz	12	2.423	70.00	0.285
87.248	0.05	Adapter 2423Hz Probe 3839Hz	12	2.423	70.00	0.285
87.328	0.05	Adapter 2423Hz Probe 3839Hz	12	3.839	70.00	0.437
87.508	0.05	Adapter 2423Hz Probe 3839Hz	12	2.423	70.00	0.285
87.588	0.05	Adapter 2423Hz Probe 3839Hz	12	2.423	70.00	0.285
87.668	0.05	Adapter 2423Hz Probe 3839Hz	12	2.423	70.00	0.285
87.748	0.05	Adapter 2423Hz Probe 3839Hz	12	2.423	70.00	0.285
87.828	0.05	Adapter 2423Hz Probe 3839Hz	12	3.839	70.00	0.437
88.008	0.05	Adapter 2423Hz Probe 3839Hz	12	2.423	70.00	0.285
88.088	0.05	Adapter 2423Hz Probe 3839Hz	12	2.423	70.00	0.285
88.168	0.05	Adapter 2423Hz Probe 3839Hz	12	2.423	70.00	0.285
88.248	0.05	Adapter 2423Hz Probe 3839Hz	12	2.423	70.00	0.285
88.328	0.05	Adapter 2423Hz Probe 3839Hz	12	3.839	70.00	0.437
88.508	0.05	Adapter 2423Hz Probe 3839Hz	12	2.423	70.00	0.285
88.588	0.05	Adapter 2423Hz Probe 3839Hz	12	2.423	70.00	0.285
88.668	0.05	Adapter 2423Hz Probe 3839Hz	12	2.423	70.00	0.285
88.748	0.05	Adapter 2423Hz Probe 3839Hz	12	2.423	70.00	0.285
88.828	0.05	Adapter 2423Hz Probe 3839Hz	12	3.839	70.00	0.437
89.008	0.05	Adapter 2423Hz Probe 3839Hz	12	2.423	70.00	0.285
89.088	0.05	Adapter 2423Hz Probe 3839Hz	12	2.423	70.00	0.285
89.168	0.05	Adapter 2423Hz Probe 3839Hz	12	2.423	70.00	0.285
89.248	0.05	Adapter 2423Hz Probe 3839Hz	12	2.423	70.00	0.285
89.328	0.05	Adapter 2423Hz Probe 3839Hz	12	3.839	70.00	0.437
89.508	0.05	Adapter 2423Hz Probe 3839Hz	12	2.423	70.00	0.285
89.588	0.05	Adapter 2423Hz Probe 3839Hz	12	2.423	70.00	0.285
89.668	0.05	Adapter 2423Hz Probe 3839Hz	12	2.423	70.00	0.285
89.748	0.05	Adapter 2423Hz Probe 3839Hz	12	2.423	70.00	0.285
89.828	0.05	Adapter 2423Hz Probe 3839Hz	12	3.839	70.00	0.437
92.512	0.05	Adapter 3839Hz	13	3.839	70.00	0.437
92.592	0.05	Adapter 3839Hz	13	3.839	70.00	0.437
92.672	0.05	Adapter 3839Hz	13	3.839	70.00	0.437
92.752	0.05	Adapter 3839Hz	13	3.839	70.00	0.437
93.012	0.05	Adapter 3839Hz	13	3.839	70.00	0.437
93.092	0.05	Adapter 3839Hz	13	3.839	70.00	0.437
93.172	0.05	Adapter 3839Hz	13	3.839	70.00	0.437
93.252	0.05	Adapter 3839Hz	13	3.839	70.00	0.437
93.512	0.05	Adapter 3839Hz	13	3.839	70.00	0.437
93.592	0.05	Adapter 3839Hz	13	3.839	70.00	0.437
93.672	0.05	Adapter 3839Hz	13	3.839	70.00	0.437
93.752	0.05	Adapter 3839Hz	13	3.839	70.00	0.437
94.012	0.05	Adapter 3839Hz	13	3.839	70.00	0.437
94.092	0.05	Adapter 3839Hz	13	3.839	70.00	0.437
94.172	0.05	Adapter 3839Hz	13	3.839	70.00	0.437
94.252	0.05	Adapter 3839Hz	13	3.839	70.00	0.437
94.512	0.05	Adapter 3839Hz	13	3.839	70.00	0.437
94.592	0.05	Adapter 3839Hz	13	3.839	70.00	0.437
94.672	0.05	Adapter 3839Hz	13	3.839	70.00	0.437
94.752	0.05	Adapter 3839Hz	13	3.839	70.00	0.437
95.012	0.05	Adapter 3839Hz	13	3.839	70.00	0.437
95.092	0.05	Adapter 3839Hz	13	3.839	70.00	0.437
95.172	0.05	Adapter 3839Hz	13	3.839	70.00	0.437
95.252	0.05	Adapter 3839Hz	13	3.839	70.00	0.437
95.512	0.05	Adapter 3839Hz	13	3.839	70.00	0.437
95.592	0.05	Adapter 3839Hz	13	3.839	70.00	0.437
95.672	0.05	Adapter 3839Hz	13	3.839	70.00	0.437
95.752	0.05	Adapter 3839Hz	13	3.839	70.00	0.437
96.012	0.05	Adapter 3839Hz	13	3.839	70.00	0.437
96.092	0.05	Adapter 3839Hz	13	3.839	70.00	0.437
96.172	0.05	Adapter 3839Hz	13	3.839	70.00	0.437
96.252	0.05	Adapter 3839Hz	13	3.839	70.00	0.437
96.512	0.05	Adapter 3839Hz	13	3.839	70.00	0.437
96.592	0.05	Adapter 3839Hz	13	3.839	70.00	0.437
96.672	0.05	Adapter 3839Hz	13	3.839	70.00	0.437
96.752	0.05	Adapter 3839Hz	13	3.839	70.00	0.437
97.012	0.05	Adapter 3839Hz	13	3.839	70.00	0.437
97.092	0.05	Adapter 3839Hz	13	3.839	70.00	0.437
97.172	0.05	Adapter 3839Hz	13	3.839	70.00	0.437
97.252	0.05	Adapter 3839Hz	13	3.839	70.00	0.437
100.0	0.05	Adapter 1501Hz	14	1.501	70.00	0.186
100.08	0.05	Adapter 1501Hz	14	1.501	70.00	0.186
100.16	0.05	Adapter 1501Hz	14	1.501	70.00	0.186
100.24	0.05	Adapter 1501Hz	14	1.501	70.00	0.186
100.5	0.05	Adapter 1501Hz	14	1.501	70.00	0.186
100.58	0.05	Adapter 1501Hz	14	1.501	70.00	0.186
100.66	0.05	Adapter 1501Hz	14	1.501	70.00	0.186
100.74	0.05	Adapter 1501Hz	14	1.501	70.00	0.186
101.0	0.05	Adapter 1501Hz	14	1.501	70.00	0.186
101.08	0.05	Adapter 1501Hz	14	1.501	70.00	0.186
101.16	0.05	Adapter 1501Hz	14	1.501	70.00	0.186
101.24	0.05	Adapter 1501Hz	14	1.501	70.00	0.186
101.5	0.05	Adapter 1501Hz	14	1.501	70.00	0.186
101.58	0.05	Adapter 1501Hz	14	1.501	70.00	0.186
101.66	0.05	Adapter 1501Hz	14	1.501	70.00	0.186
101.74	0.05	Adapter 1501Hz	14	1.501	70.00	0.186
102.0	0.05	Adapter 1501Hz	14	1.501	70.00	0.186
102.08	0.05	Adapter 1501Hz	14	1.501	70.00	0.186
102.16	0.05	Adapter 1501Hz	14	1.501	70.00	0.186
102.24	0.05	Adapter 1501Hz	14	1.501	70.00	0.186
102.5	0.05	Adapter 1501Hz	14	1.501	70.00	0.186
102.58	0.05	Adapter 1501Hz	14	1.501	70.00	0.186
102.66	0.05	Adapter 1501Hz	14	1.501	70.00	0.186
102.74	0.05	Adapter 1501Hz	14	1.501	70.00	0.186
103.0	0.05	Adapter 1501Hz	14	1.501	70.00	0.186
103.08	0.05	Adapter 1501Hz	14	1.501	70.00	0.186
103.16	0.05	Adapter 1501Hz	14	1.501	70.00	0.186
103.24	0.05	Adapter 1501Hz	14	1.501	70.00	0.186
103.5	0.05	Adapter 1501Hz	14	1.501	70.00	0.186
103.58	0.05	Adapter 1501Hz	14	1.501	70.00	0.186
103.66	0.05	Adapter 1501Hz	14	1.501	70.00	0.186
103.74	0.05	Adapter 1501Hz	14	1.501	70.00	0.186
104.0	0.05	Adapter 1501Hz	14	1.501	70.00	0.186
104.08	0.05	Adapter 1501Hz	14	1.501	70.00	0.186
104.16	0.05	Adapter 1501Hz	14	1.501	70.00	0.186
104.24	0.05	Adapter 1501Hz	14	1.501	70.00	0.186
104.5	0.05	Adapter 1501Hz	14	1.501	70.00	0.186
104.58	0.05	Adapter 1501Hz	14	1.501	70.00	0.186
104.66	0.05	Adapter 1501Hz	14	1.501	70.00	0.186
104.74	0.05	Adapter 1501Hz	14	1.501	70.00	0.186
107.87	0.05	Probe 3839Hz	15	3.839	70.00	0.437
108.37	0.05	Probe 3839Hz	15	3.839	70.00	0.437
108.87	0.05	Probe 3839Hz	15	3.839	70.00	0.437
109.37	0.05	Probe 3839Hz	15	3.839	70.00	0.437
109.87	0.05	Probe 3839Hz	15	3.839	70.00	0.437
110.37	0.05	Probe 3839Hz	15	3.839	70.00	0.437
110.87	0.05	Probe 3839Hz	15	3.839	70.00	0.437
111.37	0.05	Probe 3839Hz	15	3.839	70.00	0.437
111.87	0.05	Probe 3839Hz	15	3.839	70.00	0.437
112.37	0.05	Probe 3839Hz	15	3.839	70.00	0.437
115.023	0.05	Adapter 899Hz Probe 3839Hz	16	0.899	70.00	0.121
115.103	0.05	Adapter 899Hz Probe 3839Hz	16	0.899	70.00	0.121
115.183	0.05	Adapter 899Hz Probe 3839Hz	16	0.899	70.00	0.121
115.263	0.05	Adapter 899Hz Probe 3839Hz	16	0.899	70.00	0.121
115.343	0.05	Adapter 899Hz Probe 3839Hz	16	3.839	70.00	0.437
115.523	0.05	Adapter 899Hz Probe 3839Hz	16	0.899	70.00	0.121
115.603	0.05	Adapter 899Hz Probe 3839Hz	16	0.899	70.00	0.121
115.683	0.05	Adapter 899Hz Probe 3839Hz	16	0.899	70.00	0.121
115.763	0.05	Adapter 899Hz Probe 3839Hz	16	0.899	70.00	0.121
115.843	0.05	Adapter 899Hz Probe 3839Hz	16	3.839	70.00	0.437
116.023	0.05	Adapter 899Hz Probe 3839Hz	16	0.899	70.00	0.121
116.103	0.05	Adapter 899Hz Probe 3839Hz	16	0.899	70.00	0.121
116.183	0.05	Adapter 899Hz Probe 3839Hz	16	0.899	70.00	0.121
116.263	0.05	Adapter 899Hz Probe 3839Hz	16	0.899	70.00	0.121
116.343	0.05	Adapter 899Hz Probe 3839Hz	16	3.839	70.00	0.437
116.523	0.05	Adapter 899Hz Probe 3839Hz	16	0.899	70.00	0.121
116.603	0.05	Adapter 899Hz Probe 3839Hz	16	0.899	70.00	0.121
116.683	0.05	Adapter 899Hz Probe 3839Hz	16	0.899	70.00	0.121
116.763	0.05	Adapter 899Hz Probe 3839Hz	16	0.899	70.00	0.121
116.843	0.05	Adapter 899Hz Probe 3839Hz	16	3.839	70.00	0.437
117.023	0.05	Adapter 899Hz Probe 3839Hz	16	0.899	70.00	0.121
117.103	0.05	Adapter 899Hz Probe 3839Hz	16	0.899	70.00	0.121
117.183	0.05	Adapter 899Hz Probe 3839Hz	16	0.899	70.00	0.121
117.263	0.05	Adapter 899Hz Probe 3839Hz	16	0.899	70.00	0.121
117.343	0.05	Adapter 899Hz Probe 3839Hz	16	3.839	70.00	0.437
117.523	0.05	Adapter 899Hz Probe 3839Hz	16	0.899	70.00	0.121
117.603	0.05	Adapter 899Hz Probe 3839Hz	16	0.899	70.00	0.121
117.683	0.05	Adapter 899Hz Probe 3839Hz	16	0.899	70.00	0.121
117.763	0.05	Adapter 899Hz Probe 3839Hz	16	0.899	70.00	0.121
117.843	0.05	Adapter 899Hz Probe 3839Hz	16	3.839	70.00	0.437
118.023	0.05	Adapter 899Hz Probe 3839Hz	16	0.899	70.00	0.121
118.103	0.05	Adapter 899Hz Probe 3839Hz	16	0.899	70.00	0.121
118.183	0.05	Adapter 899Hz Probe 3839Hz	16	0.899	70.00	0.121
118.263	0.05	Adapter 899Hz Probe 3839Hz	16	0.899	70.00	0.121
118.343	0.05	Adapter 899Hz Probe 3839Hz	16	3.839	70.00	0.437
118.523	0.05	Adapter 899Hz Probe 3839Hz	16	0.899	70.00	0.121
118.603	0.05	Adapter 899Hz Probe 3839Hz	16	0.899	70.00	0.121
118.683	0.05	Adapter 899Hz Probe 3839Hz	16	0.899	70.00	0.121
118.763	0.05	Adapter 899Hz Probe 3839Hz	16	0.899	70.00	0.121
118.843	0.05	Adapter 899Hz Probe 3839Hz	16	3.839	70.00	0.437
119.023	0.05	Adapter 899Hz Probe 3839Hz	16	0.899	70.00	0.121
119.103	0.05	Adapter 899Hz Probe 3839Hz	16	0.899	70.00	0.121
119.183	0.05	Adapter 899Hz Probe 3839Hz	16	0.899	70.00	0.121
119.263	0.05	Adapter 899Hz Probe 3839Hz	16	0.899	70.00	0.121
119.343	0.05	Adapter 899Hz Probe 3839Hz	16	3.839	70.00	0.437
119.523	0.05	Adapter 899Hz Probe 3839Hz	16	0.899	70.00	0.121
119.603	0.05	Adapter 899Hz Probe 3839Hz	16	0.899	70.00	0.121
119.683	0.05	Adapter 899Hz Probe 3839Hz	16	0.899	70.00	0.121
119.763	0.05	Adapter 899Hz Probe 3839Hz	16	0.899	70.00	0.121
119.843	0.05	Adapter 899Hz Probe 3839Hz	16	3.839	70.00	0.437
130.014	0.05	Adapter 2423Hz	18	2.423	70.00	0.285
130.094	0.05	Adapter 2423Hz	18	2.423	70.00	0.285
130.174	0.05	Adapter 2423Hz	18	2.423	70.00	0.285
130.254	0.05	Adapter 2423Hz	18	2.423	70.00	0.285
130.514	0.05	Adapter 2423Hz	18	2.423	70.00	0.285
130.594	0.05	Adapter 2423Hz	18	2.423	70.00	0.285
130.674	0.05	Adapter 2423Hz	18	2.423	70.00	0.285
130.754	0.05	Adapter 2423Hz	18	2.423	70.00	0.285
131.014	0.05	Adapter 2423Hz	18	2.423	70.00	0.285
131.094	0.05	Adapter 2423Hz	18	2.423	70.00	0.285
131.174	0.05	Adapter 2423Hz	18	2.423	70.00	0.285
131.254	0.05	Adapter 2423Hz	18	2.423	70.00	0.285
131.514	0.05	Adapter 2423Hz	18	2.423	70.00	0.285
131.594	0.05	Adapter 2423Hz	18	2.423	70.00	0.285
131.674	0.05	Adapter 2423Hz	18	2.423	70.00	0.285
131.754	0.05	Adapter 2423Hz	18	2.423	70.00	0.285
132.014	0.05	Adapter 2423Hz	18	2.423	70.00	0.285
132.094	0.05	Adapter 2423Hz	18	2.423	70.00	0.285
132.174	0.05	Adapter 2423Hz	18	2.423	70.00	0.285
132.254	0.05	Adapter 2423Hz	18	2.423	70.00	0.285
132.514	0.05	Adapter 2423Hz	18	2.423	70.00	0.285
132.594	0.05	Adapter 2423Hz	18	2.423	70.00	0.285
132.674	0.05	Adapter 2423Hz	18	2.423	70.00	0.285
132.754	0.05	Adapter 2423Hz	18	2.423	70.00	0.285
133.014	0.05	Adapter 2423Hz	18	2.423	70.00	0.285
133.094	0.05	Adapter 2423Hz	18	2.423	70.00	0.285
133.174	0.05	Adapter 2423Hz	18	2.423	70.00	0.285
133.254	0.05	Adapter 2423Hz	18	2.423	70.00	0.285
133.514	0.05	Adapter 2423Hz	18	2.423	70.00	0.285
133.594	0.05	Adapter 2423Hz	18	2.423	70.00	0.285
133.674	0.05	Adapter 2423Hz	18	2.423	70.00	0.285
133.754	0.05	Adapter 2423Hz	18	2.423	70.00	0.285
134.014	0.05	Adapter 2423Hz	18	2.423	70.00	0.285
134.094	0.05	Adapter 2423Hz	18	2.423	70.00	0.285
134.174	0.05	Adapter 2423Hz	18	2.423	70.00	0.285
134.254	0.05	Adapter 2423Hz	18	2.423	70.00	0.285
134.514	0.05	Adapter 2423Hz	18	2.423	70.00	0.285
134.594	0.05	Adapter 2423Hz	18	2.423	70.00	0.285
134.674	0.05	Adapter 2423Hz	18	2.423	70.00	0.285
134.754	0.05	Adapter 2423Hz	18	2.423	70.00	0.285
137.502	0.05	Adapter 507Hz	19	0.507	70.00	0.079
137.582	0.05	Adapter 507Hz	19	0.507	70.00	0.079
137.662	0.05	Adapter 507Hz	19	0.507	70.00	0.079
137.742	0.05	Adapter 507Hz	19	0.507	70.00	0.079
138.002	0.05	Adapter 507Hz	19	0.507	70.00	0.079
138.082	0.05	Adapter 507Hz	19	0.507	70.00	0.079
138.162	0.05	Adapter 507Hz	19	0.507	70.00	0.079
138.242	0.05	Adapter 507Hz	19	0.507	70.00	0.079
138.502	0.05	Adapter 507Hz	19	0.507	70.00	0.079
138.582	0.05	Adapter 507Hz	19	0.507	70.00	0.079
138.662	0.05	Adapter 507Hz	19	0.507	70.00	0.079
138.742	0.05	Adapter 507Hz	19	0.507	70.00	0.079
139.002	0.05	Adapter 507Hz	19	0.507	70.00	0.079
139.082	0.05	Adapter 507Hz	19	0.507	70.00	0.079
139.162	0.05	Adapter 507Hz	19	0.507	70.00	0.079
139.242	0.05	Adapter 507Hz	19	0.507	70.00	0.079
139.502	0.05	Adapter 507Hz	19	0.507	70.00	0.079
139.582	0.05	Adapter 507Hz	19	0.507	70.00	0.079
139.662	0.05	Adapter 507Hz	19	0.507	70.00	0.079
139.742	0.05	Adapter 507Hz	19	0.507	70.00	0.079
140.002	0.05	Adapter 507Hz	19	0.507	70.00	0.079
140.082	0.05	Adapter 507Hz	19	0.507	70.00	0.079
140.162	0.05	Adapter 507Hz	19	0.507	70.00	0.079
140.242	0.05	Adapter 507Hz	19	0.507	70.00	0.079
140.502	0.05	Adapter 507Hz	19	0.507	70.00	0.079
140.582	0.05	Adapter 507Hz	19	0.507	70.00	0.079
140.662	0.05	Adapter 507Hz	19	0.507	70.00	0.079
140.742	0.05	Adapter 507Hz	19	0.507	70.00	0.079
141.002	0.05	Adapter 507Hz	19	0.507	70.00	0.079
141.082	0.05	Adapter 507Hz	19	0.507	70.00	0.079
141.162	0.05	Adapter 507Hz	19	0.507	70.00	0.079
141.242	0.05	Adapter 507Hz	19	0.507	70.00	0.079
141.502	0.05	Adapter 507Hz	19	0.507	70.00	0.079
141.582	0.05	Adapter 507Hz	19	0.507	70.00	0.079
141.662	0.05	Adapter 507Hz	19	0.507	70.00	0.079
141.742	0.05	Adapter 507Hz	19	0.507	70.00	0.079
142.002	0.05	Adapter 507Hz	19	0.507	70.00	0.079
142.082	0.05	Adapter 507Hz	19	0.507	70.00	0.079
142.162	0.05	Adapter 507Hz	19	0.507	70.00	0.079
142.242	0.05	Adapter 507Hz	19	0.507	70.00	0.079
145.037	0.05	Adapter 251Hz	20	0.251	70.00	0.052
145.117	0.05	Adapter 251Hz	20	0.251	70.00	0.052
145.197	0.05	Adapter 251Hz	20	0.251	70.00	0.052
145.277	0.05	Adapter 251Hz	20	0.251	70.00	0.052
145.537	0.05	Adapter 251Hz	20	0.251	70.00	0.052
145.617	0.05	Adapter 251Hz	20	0.251	70.00	0.052
145.697	0.05	Adapter 251Hz	20	0.251	70.00	0.052
145.777	0.05	Adapter 251Hz	20	0.251	70.00	0.052
146.037	0.05	Adapter 251Hz	20	0.251	70.00	0.052
146.117	0.05	Adapter 251Hz	20	0.251	70.00	0.052
146.197	0.05	Adapter 251Hz	20	0.251	70.00	0.052
146.277	0.05	Adapter 251Hz	20	0.251	70.00	0.052
146.537	0.05	Adapter 251Hz	20	0.251	70.00	0.052
146.617	0.05	Adapter 251Hz	20	0.251	70.00	0.052
146.697	0.05	Adapter 251Hz	20	0.251	70.00	0.052
146.777	0.05	Adapter 251Hz	20	0.251	70.00	0.052
147.037	0.05	Adapter 251Hz	20	0.251	70.00	0.052
147.117	0.05	Adapter 251Hz	20	0.251	70.00	0.052
147.197	0.05	Adapter 251Hz	20	0.251	70.00	0.052
147.277	0.05	Adapter 251Hz	20	0.251	70.00	0.052
147.537	0.05	Adapter 251Hz	20	0.251	70.00	0.052
147.617	0.05	Adapter 251Hz	20	0.251	70.00	0.052
147.697	0.05	Adapter 251Hz	20	0.251	70.00	0.052
147.777	0.05	Adapter 251Hz	20	0.251	70.00	0.052
148.037	0.05	Adapter 251Hz	20	0.251	70.00	0.052
148.117	0.05	Adapter 251Hz	20	0.251	70.00	0.052
148.197	0.05	Adapter 251Hz	20	0.251	70.00	0.052
148.277	0.05	Adapter 251Hz	20	0.251	70.00	0.052
148.537	0.05	Adapter 251Hz	20	0.251	70.00	0.052
148.617	0.05	Adapter 251Hz	20	0.251	70.00	0.052
148.697	0.05	Adapter 251Hz	20	0.251	70.00	0.052
148.777	0.05	Adapter 251Hz	20	0.251	70.00	0.052
149.037	0.05	Adapter 251Hz	20	0.251	70.00	0.052
149.117	0.05	Adapter 251Hz	20	0.251	70.00	0.052
149.197	0.05	Adapter 251Hz	20	0.251	70.00	0.052
149.277	0.05	Adapter 251Hz	20	0.251	70.00	0.052
149.537	0.05	Adapter 251Hz	20	0.251	70.00	0.052
149.617	0.05	Adapter 251Hz	20	0.251	70.00	0.052
149.697	0.05	Adapter 251Hz	20	0.251	70.00	0.052
149.777	0.05	Adapter 251Hz	20	0.251	70.00	0.052
152.541	0.05	Adapter 1501Hz Probe 3839Hz	21	1.501	70.00	0.186
152.621	0.05	Adapter 1501Hz Probe 3839Hz	21	1.501	70.00	0.186
152.701	0.05	Adapter 1501Hz Probe 3839Hz	21	1.501	70.00	0.186
152.781	0.05	Adapter 1501Hz Probe 3839Hz	21	1.501	70.00	0.186
152.861	0.05	Adapter 1501Hz Probe 3839Hz	21	3.839	70.00	0.437
153.041	0.05	Adapter 1501Hz Probe 3839Hz	21	1.501	70.00	0.186
153.121	0.05	Adapter 1501Hz Probe 3839Hz	21	1.501	70.00	0.186
153.201	0.05	Adapter 1501Hz Probe 3839Hz	21	1.501	70.00	0.186
153.281	0.05	Adapter 1501Hz Probe 3839Hz	21	1.501	70.00	0.186
153.361	0.05	Adapter 1501Hz Probe 3839Hz	21	3.839	70.00	0.437
153.541	0.05	Adapter 1501Hz Probe 3839Hz	21	1.501	70.00	0.186
153.621	0.05	Adapter 1501Hz Probe 3839Hz	21	1.501	70.00	0.186
153.701	0.05	Adapter 1501Hz Probe 3839Hz	21	1.501	70.00	0.186
153.781	0.05	Adapter 1501Hz Probe 3839Hz	21	1.501	70.00	0.186
153.861	0.05	Adapter 1501Hz Probe 3839Hz	21	3.839	70.00	0.437
154.041	0.05	Adapter 1501Hz Probe 3839Hz	21	1.501	70.00	0.186
154.121	0.05	Adapter 1501Hz Probe 3839Hz	21	1.501	70.00	0.186
154.201	0.05	Adapter 1501Hz Probe 3839Hz	21	1.501	70.00	0.186
154.281	0.05	Adapter 1501Hz Probe 3839Hz	21	1.501	70.00	0.186
154.361	0.05	Adapter 1501Hz Probe 3839Hz	21	3.839	70.00	0.437
154.541	0.05	Adapter 1501Hz Probe 3839Hz	21	1.501	70.00	0.186
154.621	0.05	Adapter 1501Hz Probe 3839Hz	21	1.501	70.00	0.186
154.701	0.05	Adapter 1501Hz Probe 3839Hz	21	1.501	70.00	0.186
154.781	0.05	Adapter 1501Hz Probe 3839Hz	21	1.501	70.00	0.186
154.861	0.05	Adapter 1501Hz Probe 3839Hz	21	3.839	70.00	0.437
155.041	0.05	Adapter 1501Hz Probe 3839Hz	21	1.501	70.00	0.186
155.121	0.05	Adapter 1501Hz Probe 3839Hz	21	1.501	70.00	0.186
155.201	0.05	Adapter 1501Hz Probe 3839Hz	21	1.501	70.00	0.186
155.281	0.05	Adapter 1501Hz Probe 3839Hz	21	1.501	70.00	0.186
155.361	0.05	Adapter 1501Hz Probe 3839Hz	21	3.839	70.00	0.437
155.541	0.05	Adapter 1501Hz Probe 3839Hz	21	1.501	70.00	0.186
155.621	0.05	Adapter 1501Hz Probe 3839Hz	21	1.501	70.00	0.186
155.701	0.05	Adapter 1501Hz Probe 3839Hz	21	1.501	70.00	0.186
155.781	0.05	Adapter 1501Hz Probe 3839Hz	21	1.501	70.00	0.186
155.861	0.05	Adapter 1501Hz Probe 3839Hz	21	3.839	70.00	0.437
156.041	0.05	Adapter 1501Hz Probe 3839Hz	21	1.501	70.00	0.186
156.121	0.05	Adapter 1501Hz Probe 3839Hz	21	1.501	70.00	0.186
156.201	0.05	Adapter 1501Hz Probe 3839Hz	21	1.501	70.00	0.186
156.281	0.05	Adapter 1501Hz Probe 3839Hz	21	1.501	70.00	0.186
156.361	0.05	Adapter 1501Hz Probe 3839Hz	21	3.839	70.00	0.437
156.541	0.05	Adapter 1501Hz Probe 3839Hz	21	1.501	70.00	0.186
156.621	0.05	Adapter 1501Hz Probe 3839Hz	21	1.501	70.00	0.186
156.701	0.05	Adapter 1501Hz Probe 3839Hz	21	1.501	70.00	0.186
156.781	0.05	Adapter 1501Hz Probe 3839Hz	21	1.501	70.00	0.186
156.861	0.05	Adapter 1501Hz Probe 3839Hz	21	3.839	70.00	0.437
157.041	0.05	Adapter 1501Hz Probe 3839Hz	21	1.501	70.00	0.186
157.121	0.05	Adapter 1501Hz Probe 3839Hz	21	1.501	70.00	0.186
157.201	0.05	Adapter 1501Hz Probe 3839Hz	21	1.501	70.00	0.186
157.281	0.05	Adapter 1501Hz Probe 3839Hz	21	1.501	70.00	0.186
157.361	0.05	Adapter 1501Hz Probe 3839Hz	21	3.839	70.00	0.437
160.029	0.05	Adapter 899Hz	22	0.899	70.00	0.121
160.109	0.05	Adapter 899Hz	22	0.899	70.00	0.121
160.189	0.05	Adapter 899Hz	22	0.899	70.00	0.121
160.269	0.05	Adapter 899Hz	22	0.899	70.00	0.121
160.529	0.05	Adapter 899Hz	22	0.899	70.00	0.121
160.609	0.05	Adapter 899Hz	22	0.899	70.00	0.121
160.689	0.05	Adapter 899Hz	22	0.899	70.00	0.121
160.769	0.05	Adapter 899Hz	22	0.899	70.00	0.121
161.029	0.05	Adapter 899Hz	22	0.899	70.00	0.121
161.109	0.05	Adapter 899Hz	22	0.899	70.00	0.121
161.189	0.05	Adapter 899Hz	22	0.899	70.00	0.121
161.269	0.05	Adapter 899Hz	22	0.899	70.00	0.121
161.529	0.05	Adapter 899Hz	22	0.899	70.00	0.121
161.609	0.05	Adapter 899Hz	22	0.899	70.00	0.121
161.689	0.05	Adapter 899Hz	22	0.899	70.00	0.121
161.769	0.05	Adapter 899Hz	22	0.899	70.00	0.121
162.029	0.05	Adapter 899Hz	22	0.899	70.00	0.121
162.109	0.05	Adapter 899Hz	22	0.899	70.00	0.121
162.189	0.05	Adapter 899Hz	22	0.899	70.00	0.121
162.269	0.05	Adapter 899Hz	22	0.899	70.00	0.121
162.529	0.05	Adapter 899Hz	22	0.899	70.00	0.121
162.609	0.05	Adapter 899Hz	22	0.899	70.00	0.121
162.689	0.05	Adapter 899Hz	22	0.899	70.00	0.121
162.769	0.05	Adapter 899Hz	22	0.899	70.00	0.121
163.029	0.05	Adapter 899Hz	22	0.899	70.00	0.121
163.109	0.05	Adapter 899Hz	22	0.899	70.00	0.121
163.189	0.05	Adapter 899Hz	22	0.899	70.00	0.121
163.269	0.05	Adapter 899Hz	22	0.899	70.00	0.121
163.529	0.05	Adapter 899Hz	22	0.899	70.00	0.121
163.609	0.05	Adapter 899Hz	22	0.899	70.00	0.121
163.689	0.05	Adapter 899Hz	22	0.899	70.00	0.121
163.769	0.05	Adapter 899Hz	22	0.899	70.00	0.121
164.029	0.05	Adapter 899Hz	22	0.899	70.00	0.121
164.109	0.05	Adapter 899Hz	22	0.899	70.00	0.121
164.189	0.05	Adapter 899Hz	22	0.899	70.00	0.121
164.269	0.05	Adapter 899Hz	22	0.899	70.00	0.121
164.529	0.05	Adapter 899Hz	22	0.899	70.00	0.121
164.609	0.05	Adapter 899Hz	22	0.899	70.00	0.121
164.689	0.05	Adapter 899Hz	22	0.899	70.00	0.121
164.769	0.05	Adapter 899Hz	22	0.899	70.00	0.121
175.005	0.05	Adapter 3839Hz	24	3.839	70.00	0.437
175.085	0.05	Adapter 3839Hz	24	3.839	70.00	0.437
175.165	0.05	Adapter 3839Hz	24	3.839	70.00	0.437
175.245	0.05	Adapter 3839Hz	24	3.839	70.00	0.437
175.505	0.05	Adapter 3839Hz	24	3.839	70.00	0.437
175.585	0.05	Adapter 3839Hz	24	3.839	70.00	0.437
175.665	0.05	Adapter 3839Hz	24	3.839	70.00	0.437
175.745	0.05	Adapter 3839Hz	24	3.839	70.00	0.437
176.005	0.05	Adapter 3839Hz	24	3.839	70.00	0.437
176.085	0.05	Adapter 3839Hz	24	3.839	70.00	0.437
176.165	0.05	Adapter 3839Hz	24	3.839	70.00	0.437
176.245	0.05	Adapter 3839Hz	24	3.839	70.00	0.437
176.505	0.05	Adapter 3839Hz	24	3.839	70.00	0.437
176.585	0.05	Adapter 3839Hz	24	3.839	70.00	0.437
176.665	0.05	Adapter 3839Hz	24	3.839	70.00	0.437
176.745	0.05	Adapter 3839Hz	24	3.839	70.00	0.437
177.005	0.05	Adapter 3839Hz	24	3.839	70.00	0.437
177.085	0.05	Adapter 3839Hz	24	3.839	70.00	0.437
177.165	0.05	Adapter 3839Hz	24	3.839	70.00	0.437
177.245	0.05	Adapter 3839Hz	24	3.839	70.00	0.437
177.505	0.05	Adapter 3839Hz	24	3.839	70.00	0.437
177.585	0.05	Adapter 3839Hz	24	3.839	70.00	0.437
177.665	0.05	Adapter 3839Hz	24	3.839	70.00	0.437
177.745	0.05	Adapter 3839Hz	24	3.839	70.00	0.437
178.005	0.05	Adapter 3839Hz	24	3.839	70.00	0.437
178.085	0.05	Adapter 3839Hz	24	3.839	70.00	0.437
178.165	0.05	Adapter 3839Hz	24	3.839	70.00	0.437
178.245	0.05	Adapter 3839Hz	24	3.839	70.00	0.437
178.505	0.05	Adapter 3839Hz	24	3.839	70.00	0.437
178.585	0.05	Adapter 3839Hz	24	3.839	70.00	0.437
178.665	0.05	Adapter 3839Hz	24	3.839	70.00	0.437
178.745	0.05	Adapter 3839Hz	24	3.839	70.00	0.437
179.005	0.05	Adapter 3839Hz	24	3.839	70.00	0.437
179.085	0.05	Adapter 3839Hz	24	3.839	70.00	0.437
179.165	0.05	Adapter 3839Hz	24	3.839	70.00	0.437
179.245	0.05	Adapter 3839Hz	24	3.839	70.00	0.437
179.505	0.05	Adapter 3839Hz	24	3.839	70.00	0.437
179.585	0.05	Adapter 3839Hz	24	3.839	70.00	0.437
179.665	0.05	Adapter 3839Hz	24	3.839	70.00	0.437
179.745	0.05	Adapter 3839Hz	24	3.839	70.00	0.437
190.012	0.05	Adapter 1501Hz	26	1.501	70.00	0.186
190.092	0.05	Adapter 1501Hz	26	1.501	70.00	0.186
190.172	0.05	Adapter 1501Hz	26	1.501	70.00	0.186
190.252	0.05	Adapter 1501Hz	26	1.501	70.00	0.186
190.512	0.05	Adapter 1501Hz	26	1.501	70.00	0.186
190.592	0.05	Adapter 1501Hz	26	1.501	70.00	0.186
190.672	0.05	Adapter 1501Hz	26	1.501	70.00	0.186
190.752	0.05	Adapter 1501Hz	26	1.501	70.00	0.186
191.012	0.05	Adapter 1501Hz	26	1.501	70.00	0.186
191.092	0.05	Adapter 1501Hz	26	1.501	70.00	0.186
191.172	0.05	Adapter 1501Hz	26	1.501	70.00	0.186
191.252	0.05	Adapter 1501Hz	26	1.501	70.00	0.186
191.512	0.05	Adapter 1501Hz	26	1.501	70.00	0.186
191.592	0.05	Adapter 1501Hz	26	1.501	70.00	0.186
191.672	0.05	Adapter 1501Hz	26	1.501	70.00	0.186
191.752	0.05	Adapter 1501Hz	26	1.501	70.00	0.186
192.012	0.05	Adapter 1501Hz	26	1.501	70.00	0.186
192.092	0.05	Adapter 1501Hz	26	1.501	70.00	0.186
192.172	0.05	Adapter 1501Hz	26	1.501	70.00	0.186
192.252	0.05	Adapter 1501Hz	26	1.501	70.00	0.186
192.512	0.05	Adapter 1501Hz	26	1.501	70.00	0.186
192.592	0.05	Adapter 1501Hz	26	1.501	70.00	0.186
192.672	0.05	Adapter 1501Hz	26	1.501	70.00	0.186
192.752	0.05	Adapter 1501Hz	26	1.501	70.00	0.186
193.012	0.05	Adapter 1501Hz	26	1.501	70.00	0.186
193.092	0.05	Adapter 1501Hz	26	1.501	70.00	0.186
193.172	0.05	Adapter 1501Hz	26	1.501	70.00	0.186
193.252	0.05	Adapter 1501Hz	26	1.501	70.00	0.186
193.512	0.05	Adapter 1501Hz	26	1.501	70.00	0.186
193.592	0.05	Adapter 1501Hz	26	1.501	70.00	0.186
193.672	0.05	Adapter 1501Hz	26	1.501	70.00	0.186
193.752	0.05	Adapter 1501Hz	26	1.501	70.00	0.186
194.012	0.05	Adapter 1501Hz	26	1.501	70.00	0.186
194.092	0.05	Adapter 1501Hz	26	1.501	70.00	0.186
194.172	0.05	Adapter 1501Hz	26	1.501	70.00	0.186
194.252	0.05	Adapter 1501Hz	26	1.501	70.00	0.186
194.512	0.05	Adapter 1501Hz	26	1.501	70.00	0.186
194.592	0.05	Adapter 1501Hz	26	1.501	70.00	0.186
194.672	0.05	Adapter 1501Hz	26	1.501	70.00	0.186
194.752	0.05	Adapter 1501Hz	26	1.501	70.00	0.186
197.531	0.05	Adapter 899Hz Probe 3839Hz	27	0.899	70.00	0.121
197.611	0.05	Adapter 899Hz Probe 3839Hz	27	0.899	70.00	0.121
197.691	0.05	Adapter 899Hz Probe 3839Hz	27	0.899	70.00	0.121
197.771	0.05	Adapter 899Hz Probe 3839Hz	27	0.899	70.00	0.121
197.851	0.05	Adapter 899Hz Probe 3839Hz	27	3.839	70.00	0.437
198.031	0.05	Adapter 899Hz Probe 3839Hz	27	0.899	70.00	0.121
198.111	0.05	Adapter 899Hz Probe 3839Hz	27	0.899	70.00	0.121
198.191	0.05	Adapter 899Hz Probe 3839Hz	27	0.899	70.00	0.121
198.271	0.05	Adapter 899Hz Probe 3839Hz	27	0.899	70.00	0.121
198.351	0.05	Adapter 899Hz Probe 3839Hz	27	3.839	70.00	0.437
198.531	0.05	Adapter 899Hz Probe 3839Hz	27	0.899	70.00	0.121
198.611	0.05	Adapter 899Hz Probe 3839Hz	27	0.899	70.00	0.121
198.691	0.05	Adapter 899Hz Probe 3839Hz	27	0.899	70.00	0.121
198.771	0.05	Adapter 899Hz Probe 3839Hz	27	0.899	70.00	0.121
198.851	0.05	Adapter 899Hz Probe 3839Hz	27	3.839	70.00	0.437
199.031	0.05	Adapter 899Hz Probe 3839Hz	27	0.899	70.00	0.121
199.111	0.05	Adapter 899Hz Probe 3839Hz	27	0.899	70.00	0.121
199.191	0.05	Adapter 899Hz Probe 3839Hz	27	0.899	70.00	0.121
199.271	0.05	Adapter 899Hz Probe 3839Hz	27	0.899	70.00	0.121
199.351	0.05	Adapter 899Hz Probe 3839Hz	27	3.839	70.00	0.437
199.531	0.05	Adapter 899Hz Probe 3839Hz	27	0.899	70.00	0.121
199.611	0.05	Adapter 899Hz Probe 3839Hz	27	0.899	70.00	0.121
199.691	0.05	Adapter 899Hz Probe 3839Hz	27	0.899	70.00	0.121
199.771	0.05	Adapter 899Hz Probe 3839Hz	27	0.899	70.00	0.121
199.851	0.05	Adapter 899Hz Probe 3839Hz	27	3.839	70.00	0.437
200.031	0.05	Adapter 899Hz Probe 3839Hz	27	0.899	70.00	0.121
200.111	0.05	Adapter 899Hz Probe 3839Hz	27	0.899	70.00	0.121
200.191	0.05	Adapter 899Hz Probe 3839Hz	27	0.899	70.00	0.121
200.271	0.05	Adapter 899Hz Probe 3839Hz	27	0.899	70.00	0.121
200.351	0.05	Adapter 899Hz Probe 3839Hz	27	3.839	70.00	0.437
200.531	0.05	Adapter 899Hz Probe 3839Hz	27	0.899	70.00	0.121
200.611	0.05	Adapter 899Hz Probe 3839Hz	27	0.899	70.00	0.121
200.691	0.05	Adapter 899Hz Probe 3839Hz	27	0.899	70.00	0.121
200.771	0.05	Adapter 899Hz Probe 3839Hz	27	0.899	70.00	0.121
200.851	0.05	Adapter 899Hz Probe 3839Hz	27	3.839	70.00	0.437
201.031	0.05	Adapter 899Hz Probe 3839Hz	27	0.899	70.00	0.121
201.111	0.05	Adapter 899Hz Probe 3839Hz	27	0.899	70.00	0.121
201.191	0.05	Adapter 899Hz Probe 3839Hz	27	0.899	70.00	0.121
201.271	0.05	Adapter 899Hz Probe 3839Hz	27	0.899	70.00	0.121
201.351	0.05	Adapter 899Hz Probe 3839Hz	27	3.839	70.00	0.437
201.531	0.05	Adapter 899Hz Probe 3839Hz	27	0.899	70.00	0.121
201.611	0.05	Adapter 899Hz Probe 3839Hz	27	0.899	70.00	0.121
201.691	0.05	Adapter 899Hz Probe 3839Hz	27	0.899	70.00	0.121
201.771	0.05	Adapter 899Hz Probe 3839Hz	27	0.899	70.00	0.121
201.851	0.05	Adapter 899Hz Probe 3839Hz	27	3.839	70.00	0.437
202.031	0.05	Adapter 899Hz Probe 3839Hz	27	0.899	70.00	0.121
202.111	0.05	Adapter 899Hz Probe 3839Hz	27	0.899	70.00	0.121
202.191	0.05	Adapter 899Hz Probe 3839Hz	27	0.899	70.00	0.121
202.271	0.05	Adapter 899Hz Probe 3839Hz	27	0.899	70.00	0.121
202.351	0.05	Adapter 899Hz Probe 3839Hz	27	3.839	70.00	0.437
205.004	0.05	Adapter 3839Hz Probe 3839Hz	28	3.839	70.00	0.437
205.084	0.05	Adapter 3839Hz Probe 3839Hz	28	3.839	70.00	0.437
205.164	0.05	Adapter 3839Hz Probe 3839Hz	28	3.839	70.00	0.437
205.244	0.05	Adapter 3839Hz Probe 3839Hz	28	3.839	70.00	0.437
205.324	0.05	Adapter 3839Hz Probe 3839Hz	28	3.839	70.00	0.437
205.504	0.05	Adapter 3839Hz Probe 3839Hz	28	3.839	70.00	0.437
205.584	0.05	Adapter 3839Hz Probe 3839Hz	28	3.839	70.00	0.437
205.664	0.05	Adapter 3839Hz Probe 3839Hz	28	3.839	70.00	0.437
205.744	0.05	Adapter 3839Hz Probe 3839Hz	28	3.839	70.00	0.437
205.824	0.05	Adapter 3839Hz Probe 3839Hz	28	3.839	70.00	0.437
206.004	0.05	Adapter 3839Hz Probe 3839Hz	28	3.839	70.00	0.437
206.084	0.05	Adapter 3839Hz Probe 3839Hz	28	3.839	70.00	0.437
206.164	0.05	Adapter 3839Hz Probe 3839Hz	28	3.839	70.00	0.437
206.244	0.05	Adapter 3839Hz Probe 3839Hz	28	3.839	70.00	0.437
206.324	0.05	Adapter 3839Hz Probe 3839Hz	28	3.839	70.00	0.437
206.504	0.05	Adapter 3839Hz Probe 3839Hz	28	3.839	70.00	0.437
206.584	0.05	Adapter 3839Hz Probe 3839Hz	28	3.839	70.00	0.437
206.664	0.05	Adapter 3839Hz Probe 3839Hz	28	3.839	70.00	0.437
206.744	0.05	Adapter 3839Hz Probe 3839Hz	28	3.839	70.00	0.437
206.824	0.05	Adapter 3839Hz Probe 3839Hz	28	3.839	70.00	0.437
207.004	0.05	Adapter 3839Hz Probe 3839Hz	28	3.839	70.00	0.437
207.084	0.05	Adapter 3839Hz Probe 3839Hz	28	3.839	70.00	0.437
207.164	0.05	Adapter 3839Hz Probe 3839Hz	28	3.839	70.00	0.437
207.244	0.05	Adapter 3839Hz Probe 3839Hz	28	3.839	70.00	0.437
207.324	0.05	Adapter 3839Hz Probe 3839Hz	28	3.839	70.00	0.437
207.504	0.05	Adapter 3839Hz Probe 3839Hz	28	3.839	70.00	0.437
207.584	0.05	Adapter 3839Hz Probe 3839Hz	28	3.839	70.00	0.437
207.664	0.05	Adapter 3839Hz Probe 3839Hz	28	3.839	70.00	0.437
207.744	0.05	Adapter 3839Hz Probe 3839Hz	28	3.839	70.00	0.437
207.824	0.05	Adapter 3839Hz Probe 3839Hz	28	3.839	70.00	0.437
208.004	0.05	Adapter 3839Hz Probe 3839Hz	28	3.839	70.00	0.437
208.084	0.05	Adapter 3839Hz Probe 3839Hz	28	3.839	70.00	0.437
208.164	0.05	Adapter 3839Hz Probe 3839Hz	28	3.839	70.00	0.437
208.244	0.05	Adapter 3839Hz Probe 3839Hz	28	3.839	70.00	0.437
208.324	0.05	Adapter 3839Hz Probe 3839Hz	28	3.839	70.00	0.437
208.504	0.05	Adapter 3839Hz Probe 3839Hz	28	3.839	70.00	0.437
208.584	0.05	Adapter 3839Hz Probe 3839Hz	28	3.839	70.00	0.437
208.664	0.05	Adapter 3839Hz Probe 3839Hz	28	3.839	70.00	0.437
208.744	0.05	Adapter 3839Hz Probe 3839Hz	28	3.839	70.00	0.437
208.824	0.05	Adapter 3839Hz Probe 3839Hz	28	3.839	70.00	0.437
209.004	0.05	Adapter 3839Hz Probe 3839Hz	28	3.839	70.00	0.437
209.084	0.05	Adapter 3839Hz Probe 3839Hz	28	3.839	70.00	0.437
209.164	0.05	Adapter 3839Hz Probe 3839Hz	28	3.839	70.00	0.437
209.244	0.05	Adapter 3839Hz Probe 3839Hz	28	3.839	70.00	0.437
209.324	0.05	Adapter 3839Hz Probe 3839Hz	28	3.839	70.00	0.437
209.504	0.05	Adapter 3839Hz Probe 3839Hz	28	3.839	70.00	0.437
209.584	0.05	Adapter 3839Hz Probe 3839Hz	28	3.839	70.00	0.437
209.664	0.05	Adapter 3839Hz Probe 3839Hz	28	3.839	70.00	0.437
209.744	0.05	Adapter 3839Hz Probe 3839Hz	28	3.839	70.00	0.437
209.824	0.05	Adapter 3839Hz Probe 3839Hz	28	3.839	70.00	0.437
212.507	0.05	Adapter 6009Hz	29	6.009	70.00	0.671
212.587	0.05	Adapter 6009Hz	29	6.009	70.00	0.671
212.667	0.05	Adapter 6009Hz	29	6.009	70.00	0.671
212.747	0.05	Adapter 6009Hz	29	6.009	70.00	0.671
213.007	0.05	Adapter 6009Hz	29	6.009	70.00	0.671
213.087	0.05	Adapter 6009Hz	29	6.009	70.00	0.671
213.167	0.05	Adapter 6009Hz	29	6.009	70.00	0.671
213.247	0.05	Adapter 6009Hz	29	6.009	70.00	0.671
213.507	0.05	Adapter 6009Hz	29	6.009	70.00	0.671
213.587	0.05	Adapter 6009Hz	29	6.009	70.00	0.671
213.667	0.05	Adapter 6009Hz	29	6.009	70.00	0.671
213.747	0.05	Adapter 6009Hz	29	6.009	70.00	0.671
214.007	0.05	Adapter 6009Hz	29	6.009	70.00	0.671
214.087	0.05	Adapter 6009Hz	29	6.009	70.00	0.671
214.167	0.05	Adapter 6009Hz	29	6.009	70.00	0.671
214.247	0.05	Adapter 6009Hz	29	6.009	70.00	0.671
214.507	0.05	Adapter 6009Hz	29	6.009	70.00	0.671
214.587	0.05	Adapter 6009Hz	29	6.009	70.00	0.671
214.667	0.05	Adapter 6009Hz	29	6.009	70.00	0.671
214.747	0.05	Adapter 6009Hz	29	6.009	70.00	0.671
215.007	0.05	Adapter 6009Hz	29	6.009	70.00	0.671
215.087	0.05	Adapter 6009Hz	29	6.009	70.00	0.671
215.167	0.05	Adapter 6009Hz	29	6.009	70.00	0.671
215.247	0.05	Adapter 6009Hz	29	6.009	70.00	0.671
215.507	0.05	Adapter 6009Hz	29	6.009	70.00	0.671
215.587	0.05	Adapter 6009Hz	29	6.009	70.00	0.671
215.667	0.05	Adapter 6009Hz	29	6.009	70.00	0.671
215.747	0.05	Adapter 6009Hz	29	6.009	70.00	0.671
216.007	0.05	Adapter 6009Hz	29	6.009	70.00	0.671
216.087	0.05	Adapter 6009Hz	29	6.009	70.00	0.671
216.167	0.05	Adapter 6009Hz	29	6.009	70.00	0.671
216.247	0.05	Adapter 6009Hz	29	6.009	70.00	0.671
216.507	0.05	Adapter 6009Hz	29	6.009	70.00	0.671
216.587	0.05	Adapter 6009Hz	29	6.009	70.00	0.671
216.667	0.05	Adapter 6009Hz	29	6.009	70.00	0.671
216.747	0.05	Adapter 6009Hz	29	6.009	70.00	0.671
217.007	0.05	Adapter 6009Hz	29	6.009	70.00	0.671
217.087	0.05	Adapter 6009Hz	29	6.009	70.00	0.671
217.167	0.05	Adapter 6009Hz	29	6.009	70.00	0.671
217.247	0.05	Adapter 6009Hz	29	6.009	70.00	0.671
220.026	0.05	Adapter 507Hz Probe 3839Hz	30	0.507	70.00	0.079
220.106	0.05	Adapter 507Hz Probe 3839Hz	30	0.507	70.00	0.079
220.186	0.05	Adapter 507Hz Probe 3839Hz	30	0.507	70.00	0.079
220.266	0.05	Adapter 507Hz Probe 3839Hz	30	0.507	70.00	0.079
220.346	0.05	Adapter 507Hz Probe 3839Hz	30	3.839	70.00	0.437
220.526	0.05	Adapter 507Hz Probe 3839Hz	30	0.507	70.00	0.079
220.606	0.05	Adapter 507Hz Probe 3839Hz	30	0.507	70.00	0.079
220.686	0.05	Adapter 507Hz Probe 3839Hz	30	0.507	70.00	0.079
220.766	0.05	Adapter 507Hz Probe 3839Hz	30	0.507	70.00	0.079
220.846	0.05	Adapter 507Hz Probe 3839Hz	30	3.839	70.00	0.437
221.026	0.05	Adapter 507Hz Probe 3839Hz	30	0.507	70.00	0.079
221.106	0.05	Adapter 507Hz Probe 3839Hz	30	0.507	70.00	0.079
221.186	0.05	Adapter 507Hz Probe 3839Hz	30	0.507	70.00	0.079
221.266	0.05	Adapter 507Hz Probe 3839Hz	30	0.507	70.00	0.079
221.346	0.05	Adapter 507Hz Probe 3839Hz	30	3.839	70.00	0.437
221.526	0.05	Adapter 507Hz Probe 3839Hz	30	0.507	70.00	0.079
221.606	0.05	Adapter 507Hz Probe 3839Hz	30	0.507	70.00	0.079
221.686	0.05	Adapter 507Hz Probe 3839Hz	30	0.507	70.00	0.079
221.766	0.05	Adapter 507Hz Probe 3839Hz	30	0.507	70.00	0.079
221.846	0.05	Adapter 507Hz Probe 3839Hz	30	3.839	70.00	0.437
222.026	0.05	Adapter 507Hz Probe 3839Hz	30	0.507	70.00	0.079
222.106	0.05	Adapter 507Hz Probe 3839Hz	30	0.507	70.00	0.079
222.186	0.05	Adapter 507Hz Probe 3839Hz	30	0.507	70.00	0.079
222.266	0.05	Adapter 507Hz Probe 3839Hz	30	0.507	70.00	0.079
222.346	0.05	Adapter 507Hz Probe 3839Hz	30	3.839	70.00	0.437
222.526	0.05	Adapter 507Hz Probe 3839Hz	30	0.507	70.00	0.079
222.606	0.05	Adapter 507Hz Probe 3839Hz	30	0.507	70.00	0.079
222.686	0.05	Adapter 507Hz Probe 3839Hz	30	0.507	70.00	0.079
222.766	0.05	Adapter 507Hz Probe 3839Hz	30	0.507	70.00	0.079
222.846	0.05	Adapter 507Hz Probe 3839Hz	30	3.839	70.00	0.437
223.026	0.05	Adapter 507Hz Probe 3839Hz	30	0.507	70.00	0.079
223.106	0.05	Adapter 507Hz Probe 3839Hz	30	0.507	70.00	0.079
223.186	0.05	Adapter 507Hz Probe 3839Hz	30	0.507	70.00	0.079
223.266	0.05	Adapter 507Hz Probe 3839Hz	30	0.507	70.00	0.079
223.346	0.05	Adapter 507Hz Probe 3839Hz	30	3.839	70.00	0.437
223.526	0.05	Adapter 507Hz Probe 3839Hz	30	0.507	70.00	0.079
223.606	0.05	Adapter 507Hz Probe 3839Hz	30	0.507	70.00	0.079
223.686	0.05	Adapter 507Hz Probe 3839Hz	30	0.507	70.00	0.079
223.766	0.05	Adapter 507Hz Probe 3839Hz	30	0.507	70.00	0.079
223.846	0.05	Adapter 507Hz Probe 3839Hz	30	3.839	70.00	0.437
224.026	0.05	Adapter 507Hz Probe 3839Hz	30	0.507	70.00	0.079
224.106	0.05	Adapter 507Hz Probe 3839Hz	30	0.507	70.00	0.079
224.186	0.05	Adapter 507Hz Probe 3839Hz	30	0.507	70.00	0.079
224.266	0.05	Adapter 507Hz Probe 3839Hz	30	0.507	70.00	0.079
224.346	0.05	Adapter 507Hz Probe 3839Hz	30	3.839	70.00	0.437
224.526	0.05	Adapter 507Hz Probe 3839Hz	30	0.507	70.00	0.079
224.606	0.05	Adapter 507Hz Probe 3839Hz	30	0.507	70.00	0.079
224.686	0.05	Adapter 507Hz Probe 3839Hz	30	0.507	70.00	0.079
224.766	0.05	Adapter 507Hz Probe 3839Hz	30	0.507	70.00	0.079
224.846	0.05	Adapter 507Hz Probe 3839Hz	30	3.839	70.00	0.437
227.53	0.05	Adapter 2423Hz Probe 3839Hz	31	2.423	70.00	0.285
227.61	0.05	Adapter 2423Hz Probe 3839Hz	31	2.423	70.00	0.285
227.69	0.05	Adapter 2423Hz Probe 3839Hz	31	2.423	70.00	0.285
227.77	0.05	Adapter 2423Hz Probe 3839Hz	31	2.423	70.00	0.285
227.85	0.05	Adapter 2423Hz Probe 3839Hz	31	3.839	70.00	0.437
228.03	0.05	Adapter 2423Hz Probe 3839Hz	31	2.423	70.00	0.285
228.11	0.05	Adapter 2423Hz Probe 3839Hz	31	2.423	70.00	0.285
228.19	0.05	Adapter 2423Hz Probe 3839Hz	31	2.423	70.00	0.285
228.27	0.05	Adapter 2423Hz Probe 3839Hz	31	2.423	70.00	0.285
228.35	0.05	Adapter 2423Hz Probe 3839Hz	31	3.839	70.00	0.437
228.53	0.05	Adapter 2423Hz Probe 3839Hz	31	2.423	70.00	0.285
228.61	0.05	Adapter 2423Hz Probe 3839Hz	31	2.423	70.00	0.285
228.69	0.05	Adapter 2423Hz Probe 3839Hz	31	2.423	70.00	0.285
228.77	0.05	Adapter 2423Hz Probe 3839Hz	31	2.423	70.00	0.285
228.85	0.05	Adapter 2423Hz Probe 3839Hz	31	3.839	70.00	0.437
229.03	0.05	Adapter 2423Hz Probe 3839Hz	31	2.423	70.00	0.285
229.11	0.05	Adapter 2423Hz Probe 3839Hz	31	2.423	70.00	0.285
229.19	0.05	Adapter 2423Hz Probe 3839Hz	31	2.423	70.00	0.285
229.27	0.05	Adapter 2423Hz Probe 3839Hz	31	2.423	70.00	0.285
229.35	0.05	Adapter 2423Hz Probe 3839Hz	31	3.839	70.00	0.437
229.53	0.05	Adapter 2423Hz Probe 3839Hz	31	2.423	70.00	0.285
229.61	0.05	Adapter 2423Hz Probe 3839Hz	31	2.423	70.00	0.285
229.69	0.05	Adapter 2423Hz Probe 3839Hz	31	2.423	70.00	0.285
229.77	0.05	Adapter 2423Hz Probe 3839Hz	31	2.423	70.00	0.285
229.85	0.05	Adapter 2423Hz Probe 3839Hz	31	3.839	70.00	0.437
230.03	0.05	Adapter 2423Hz Probe 3839Hz	31	2.423	70.00	0.285
230.11	0.05	Adapter 2423Hz Probe 3839Hz	31	2.423	70.00	0.285
230.19	0.05	Adapter 2423Hz Probe 3839Hz	31	2.423	70.00	0.285
230.27	0.05	Adapter 2423Hz Probe 3839Hz	31	2.423	70.00	0.285
230.35	0.05	Adapter 2423Hz Probe 3839Hz	31	3.839	70.00	0.437
230.53	0.05	Adapter 2423Hz Probe 3839Hz	31	2.423	70.00	0.285
230.61	0.05	Adapter 2423Hz Probe 3839Hz	31	2.423	70.00	0.285
230.69	0.05	Adapter 2423Hz Probe 3839Hz	31	2.423	70.00	0.285
230.77	0.05	Adapter 2423Hz Probe 3839Hz	31	2.423	70.00	0.285
230.85	0.05	Adapter 2423Hz Probe 3839Hz	31	3.839	70.00	0.437
231.03	0.05	Adapter 2423Hz Probe 3839Hz	31	2.423	70.00	0.285
231.11	0.05	Adapter 2423Hz Probe 3839Hz	31	2.423	70.00	0.285
231.19	0.05	Adapter 2423Hz Probe 3839Hz	31	2.423	70.00	0.285
231.27	0.05	Adapter 2423Hz Probe 3839Hz	31	2.423	70.00	0.285
231.35	0.05	Adapter 2423Hz Probe 3839Hz	31	3.839	70.00	0.437
231.53	0.05	Adapter 2423Hz Probe 3839Hz	31	2.423	70.00	0.285
231.61	0.05	Adapter 2423Hz Probe 3839Hz	31	2.423	70.00	0.285
231.69	0.05	Adapter 2423Hz Probe 3839Hz	31	2.423	70.00	0.285
231.77	0.05	Adapter 2423Hz Probe 3839Hz	31	2.423	70.00	0.285
231.85	0.05	Adapter 2423Hz Probe 3839Hz	31	3.839	70.00	0.437
232.03	0.05	Adapter 2423Hz Probe 3839Hz	31	2.423	70.00	0.285
232.11	0.05	Adapter 2423Hz Probe 3839Hz	31	2.423	70.00	0.285
232.19	0.05	Adapter 2423Hz Probe 3839Hz	31	2.423	70.00	0.285
232.27	0.05	Adapter 2423Hz Probe 3839Hz	31	2.423	70.00	0.285
232.35	0.05	Adapter 2423Hz Probe 3839Hz	31	3.839	70.00	0.437
235.338	0.05	Probe 3839Hz	32	3.839	70.00	0.437
235.838	0.05	Probe 3839Hz	32	3.839	70.00	0.437
236.338	0.05	Probe 3839Hz	32	3.839	70.00	0.437
236.838	0.05	Probe 3839Hz	32	3.839	70.00	0.437
237.338	0.05	Probe 3839Hz	32	3.839	70.00	0.437
237.838	0.05	Probe 3839Hz	32	3.839	70.00	0.437
238.338	0.05	Probe 3839Hz	32	3.839	70.00	0.437
238.838	0.05	Probe 3839Hz	32	3.839	70.00	0.437
239.338	0.05	Probe 3839Hz	32	3.839	70.00	0.437
239.838	0.05	Probe 3839Hz	32	3.839	70.00	0.437
242.537	0.05	Adapter 1501Hz	33	1.501	70.00	0.186
242.617	0.05	Adapter 1501Hz	33	1.501	70.00	0.186
242.697	0.05	Adapter 1501Hz	33	1.501	70.00	0.186
242.777	0.05	Adapter 1501Hz	33	1.501	70.00	0.186
243.037	0.05	Adapter 1501Hz	33	1.501	70.00	0.186
243.117	0.05	Adapter 1501Hz	33	1.501	70.00	0.186
243.197	0.05	Adapter 1501Hz	33	1.501	70.00	0.186
243.277	0.05	Adapter 1501Hz	33	1.501	70.00	0.186
243.537	0.05	Adapter 1501Hz	33	1.501	70.00	0.186
243.617	0.05	Adapter 1501Hz	33	1.501	70.00	0.186
243.697	0.05	Adapter 1501Hz	33	1.501	70.00	0.186
243.777	0.05	Adapter 1501Hz	33	1.501	70.00	0.186
244.037	0.05	Adapter 1501Hz	33	1.501	70.00	0.186
244.117	0.05	Adapter 1501Hz	33	1.501	70.00	0.186
244.197	0.05	Adapter 1501Hz	33	1.501	70.00	0.186
244.277	0.05	Adapter 1501Hz	33	1.501	70.00	0.186
244.537	0.05	Adapter 1501Hz	33	1.501	70.00	0.186
244.617	0.05	Adapter 1501Hz	33	1.501	70.00	0.186
244.697	0.05	Adapter 1501Hz	33	1.501	70.00	0.186
244.777	0.05	Adapter 1501Hz	33	1.501	70.00	0.186
245.037	0.05	Adapter 1501Hz	33	1.501	70.00	0.186
245.117	0.05	Adapter 1501Hz	33	1.501	70.00	0.186
245.197	0.05	Adapter 1501Hz	33	1.501	70.00	0.186
245.277	0.05	Adapter 1501Hz	33	1.501	70.00	0.186
245.537	0.05	Adapter 1501Hz	33	1.501	70.00	0.186
245.617	0.05	Adapter 1501Hz	33	1.501	70.00	0.186
245.697	0.05	Adapter 1501Hz	33	1.501	70.00	0.186
245.777	0.05	Adapter 1501Hz	33	1.501	70.00	0.186
246.037	0.05	Adapter 1501Hz	33	1.501	70.00	0.186
246.117	0.05	Adapter 1501Hz	33	1.501	70.00	0.186
246.197	0.05	Adapter 1501Hz	33	1.501	70.00	0.186
246.277	0.05	Adapter 1501Hz	33	1.501	70.00	0.186
246.537	0.05	Adapter 1501Hz	33	1.501	70.00	0.186
246.617	0.05	Adapter 1501Hz	33	1.501	70.00	0.186
246.697	0.05	Adapter 1501Hz	33	1.501	70.00	0.186
246.777	0.05	Adapter 1501Hz	33	1.501	70.00	0.186
247.037	0.05	Adapter 1501Hz	33	1.501	70.00	0.186
247.117	0.05	Adapter 1501Hz	33	1.501	70.00	0.186
247.197	0.05	Adapter 1501Hz	33	1.501	70.00	0.186
247.277	0.05	Adapter 1501Hz	33	1.501	70.00	0.186
250.041	0.05	Adapter 899Hz Probe 3839Hz	34	0.899	70.00	0.121
250.121	0.05	Adapter 899Hz Probe 3839Hz	34	0.899	70.00	0.121
250.201	0.05	Adapter 899Hz Probe 3839Hz	34	0.899	70.00	0.121
250.281	0.05	Adapter 899Hz Probe 3839Hz	34	0.899	70.00	0.121
250.361	0.05	Adapter 899Hz Probe 3839Hz	34	3.839	70.00	0.437
250.541	0.05	Adapter 899Hz Probe 3839Hz	34	0.899	70.00	0.121
250.621	0.05	Adapter 899Hz Probe 3839Hz	34	0.899	70.00	0.121
250.701	0.05	Adapter 899Hz Probe 3839Hz	34	0.899	70.00	0.121
250.781	0.05	Adapter 899Hz Probe 3839Hz	34	0.899	70.00	0.121
250.861	0.05	Adapter 899Hz Probe 3839Hz	34	3.839	70.00	0.437
251.041	0.05	Adapter 899Hz Probe 3839Hz	34	0.899	70.00	0.121
251.121	0.05	Adapter 899Hz Probe 3839Hz	34	0.899	70.00	0.121
251.201	0.05	Adapter 899Hz Probe 3839Hz	34	0.899	70.00	0.121
251.281	0.05	Adapter 899Hz Probe 3839Hz	34	0.899	70.00	0.121
251.361	0.05	Adapter 899Hz Probe 3839Hz	34	3.839	70.00	0.437
251.541	0.05	Adapter 899Hz Probe 3839Hz	34	0.899	70.00	0.121
251.621	0.05	Adapter 899Hz Probe 3839Hz	34	0.899	70.00	0.121
251.701	0.05	Adapter 899Hz Probe 3839Hz	34	0.899	70.00	0.121
251.781	0.05	Adapter 899Hz Probe 3839Hz	34	0.899	70.00	0.121
251.861	0.05	Adapter 899Hz Probe 3839Hz	34	3.839	70.00	0.437
252.041	0.05	Adapter 899Hz Probe 3839Hz	34	0.899	70.00	0.121
252.121	0.05	Adapter 899Hz Probe 3839Hz	34	0.899	70.00	0.121
252.201	0.05	Adapter 899Hz Probe 3839Hz	34	0.899	70.00	0.121
252.281	0.05	Adapter 899Hz Probe 3839Hz	34	0.899	70.00	0.121
252.361	0.05	Adapter 899Hz Probe 3839Hz	34	3.839	70.00	0.437
252.541	0.05	Adapter 899Hz Probe 3839Hz	34	0.899	70.00	0.121
252.621	0.05	Adapter 899Hz Probe 3839Hz	34	0.899	70.00	0.121
252.701	0.05	Adapter 899Hz Probe 3839Hz	34	0.899	70.00	0.121
252.781	0.05	Adapter 899Hz Probe 3839Hz	34	0.899	70.00	0.121
252.861	0.05	Adapter 899Hz Probe 3839Hz	34	3.839	70.00	0.437
253.041	0.05	Adapter 899Hz Probe 3839Hz	34	0.899	70.00	0.121
253.121	0.05	Adapter 899Hz Probe 3839Hz	34	0.899	70.00	0.121
253.201	0.05	Adapter 899Hz Probe 3839Hz	34	0.899	70.00	0.121
253.281	0.05	Adapter 899Hz Probe 3839Hz	34	0.899	70.00	0.121
253.361	0.05	Adapter 899Hz Probe 3839Hz	34	3.839	70.00	0.437
253.541	0.05	Adapter 899Hz Probe 3839Hz	34	0.899	70.00	0.121
253.621	0.05	Adapter 899Hz Probe 3839Hz	34	0.899	70.00	0.121
253.701	0.05	Adapter 899Hz Probe 3839Hz	34	0.899	70.00	0.121
253.781	0.05	Adapter 899Hz Probe 3839Hz	34	0.899	70.00	0.121
253.861	0.05	Adapter 899Hz Probe 3839Hz	34	3.839	70.00	0.437
254.041	0.05	Adapter 899Hz Probe 3839Hz	34	0.899	70.00	0.121
254.121	0.05	Adapter 899Hz Probe 3839Hz	34	0.899	70.00	0.121
254.201	0.05	Adapter 899Hz Probe 3839Hz	34	0.899	70.00	0.121
254.281	0.05	Adapter 899Hz Probe 3839Hz	34	0.899	70.00	0.121
254.361	0.05	Adapter 899Hz Probe 3839Hz	34	3.839	70.00	0.437
254.541	0.05	Adapter 899Hz Probe 3839Hz	34	0.899	70.00	0.121
254.621	0.05	Adapter 899Hz Probe 3839Hz	34	0.899	70.00	0.121
254.701	0.05	Adapter 899Hz Probe 3839Hz	34	0.899	70.00	0.121
254.781	0.05	Adapter 899Hz Probe 3839Hz	34	0.899	70.00	0.121
254.861	0.05	Adapter 899Hz Probe 3839Hz	34	3.839	70.00	0.437
257.56	0.05	Adapter 2423Hz	35	2.423	70.00	0.285
257.64	0.05	Adapter 2423Hz	35	2.423	70.00	0.285
257.72	0.05	Adapter 2423Hz	35	2.423	70.00	0.285
257.8	0.05	Adapter 2423Hz	35	2.423	70.00	0.285
258.06	0.05	Adapter 2423Hz	35	2.423	70.00	0.285
258.14	0.05	Adapter 2423Hz	35	2.423	70.00	0.285
258.22	0.05	Adapter 2423Hz	35	2.423	70.00	0.285
258.3	0.05	Adapter 2423Hz	35	2.423	70.00	0.285
258.56	0.05	Adapter 2423Hz	35	2.423	70.00	0.285
258.64	0.05	Adapter 2423Hz	35	2.423	70.00	0.285
258.72	0.05	Adapter 2423Hz	35	2.423	70.00	0.285
258.8	0.05	Adapter 2423Hz	35	2.423	70.00	0.285
259.06	0.05	Adapter 2423Hz	35	2.423	70.00	0.285
259.14	0.05	Adapter 2423Hz	35	2.423	70.00	0.285
259.22	0.05	Adapter 2423Hz	35	2.423	70.00	0.285
259.3	0.05	Adapter 2423Hz	35	2.423	70.00	0.285
259.56	0.05	Adapter 2423Hz	35	2.423	70.00	0.285
259.64	0.05	Adapter 2423Hz	35	2.423	70.00	0.285
259.72	0.05	Adapter 2423Hz	35	2.423	70.00	0.285
259.8	0.05	Adapter 2423Hz	35	2.423	70.00	0.285
260.06	0.05	Adapter 2423Hz	35	2.423	70.00	0.285
260.14	0.05	Adapter 2423Hz	35	2.423	70.00	0.285
260.22	0.05	Adapter 2423Hz	35	2.423	70.00	0.285
260.3	0.05	Adapter 2423Hz	35	2.423	70.00	0.285
260.56	0.05	Adapter 2423Hz	35	2.423	70.00	0.285
260.64	0.05	Adapter 2423Hz	35	2.423	70.00	0.285
260.72	0.05	Adapter 2423Hz	35	2.423	70.00	0.285
260.8	0.05	Adapter 2423Hz	35	2.423	70.00	0.285
261.06	0.05	Adapter 2423Hz	35	2.423	70.00	0.285
261.14	0.05	Adapter 2423Hz	35	2.423	70.00	0.285
261.22	0.05	Adapter 2423Hz	35	2.423	70.00	0.285
261.3	0.05	Adapter 2423Hz	35	2.423	70.00	0.285
261.56	0.05	Adapter 2423Hz	35	2.423	70.00	0.285
261.64	0.05	Adapter 2423Hz	35	2.423	70.00	0.285
261.72	0.05	Adapter 2423Hz	35	2.423	70.00	0.285
261.8	0.05	Adapter 2423Hz	35	2.423	70.00	0.285
262.06	0.05	Adapter 2423Hz	35	2.423	70.00	0.285
262.14	0.05	Adapter 2423Hz	35	2.423	70.00	0.285
262.22	0.05	Adapter 2423Hz	35	2.423	70.00	0.285
262.3	0.05	Adapter 2423Hz	35	2.423	70.00	0.285
265.017	0.05	Adapter 1501Hz Probe 3839Hz	36	1.501	70.00	0.186
265.097	0.05	Adapter 1501Hz Probe 3839Hz	36	1.501	70.00	0.186
265.177	0.05	Adapter 1501Hz Probe 3839Hz	36	1.501	70.00	0.186
265.257	0.05	Adapter 1501Hz Probe 3839Hz	36	1.501	70.00	0.186
265.337	0.05	Adapter 1501Hz Probe 3839Hz	36	3.839	70.00	0.437
265.517	0.05	Adapter 1501Hz Probe 3839Hz	36	1.501	70.00	0.186
265.597	0.05	Adapter 1501Hz Probe 3839Hz	36	1.501	70.00	0.186
265.677	0.05	Adapter 1501Hz Probe 3839Hz	36	1.501	70.00	0.186
265.757	0.05	Adapter 1501Hz Probe 3839Hz	36	1.501	70.00	0.186
265.837	0.05	Adapter 1501Hz Probe 3839Hz	36	3.839	70.00	0.437
266.017	0.05	Adapter 1501Hz Probe 3839Hz	36	1.501	70.00	0.186
266.097	0.05	Adapter 1501Hz Probe 3839Hz	36	1.501	70.00	0.186
266.177	0.05	Adapter 1501Hz Probe 3839Hz	36	1.501	70.00	0.186
266.257	0.05	Adapter 1501Hz Probe 3839Hz	36	1.501	70.00	0.186
266.337	0.05	Adapter 1501Hz Probe 3839Hz	36	3.839	70.00	0.437
266.517	0.05	Adapter 1501Hz Probe 3839Hz	36	1.501	70.00	0.186
266.597	0.05	Adapter 1501Hz Probe 3839Hz	36	1.501	70.00	0.186
266.677	0.05	Adapter 1501Hz Probe 3839Hz	36	1.501	70.00	0.186
266.757	0.05	Adapter 1501Hz Probe 3839Hz	36	1.501	70.00	0.186
266.837	0.05	Adapter 1501Hz Probe 3839Hz	36	3.839	70.00	0.437
267.017	0.05	Adapter 1501Hz Probe 3839Hz	36	1.501	70.00	0.186
267.097	0.05	Adapter 1501Hz Probe 3839Hz	36	1.501	70.00	0.186
267.177	0.05	Adapter 1501Hz Probe 3839Hz	36	1.501	70.00	0.186
267.257	0.05	Adapter 1501Hz Probe 3839Hz	36	1.501	70.00	0.186
267.337	0.05	Adapter 1501Hz Probe 3839Hz	36	3.839	70.00	0.437
267.517	0.05	Adapter 1501Hz Probe 3839Hz	36	1.501	70.00	0.186
267.597	0.05	Adapter 1501Hz Probe 3839Hz	36	1.501	70.00	0.186
267.677	0.05	Adapter 1501Hz Probe 3839Hz	36	1.501	70.00	0.186
267.757	0.05	Adapter 1501Hz Probe 3839Hz	36	1.501	70.00	0.186
267.837	0.05	Adapter 1501Hz Probe 3839Hz	36	3.839	70.00	0.437
268.017	0.05	Adapter 1501Hz Probe 3839Hz	36	1.501	70.00	0.186
268.097	0.05	Adapter 1501Hz Probe 3839Hz	36	1.501	70.00	0.186
268.177	0.05	Adapter 1501Hz Probe 3839Hz	36	1.501	70.00	0.186
268.257	0.05	Adapter 1501Hz Probe 3839Hz	36	1.501	70.00	0.186
268.337	0.05	Adapter 1501Hz Probe 3839Hz	36	3.839	70.00	0.437
268.517	0.05	Adapter 1501Hz Probe 3839Hz	36	1.501	70.00	0.186
268.597	0.05	Adapter 1501Hz Probe 3839Hz	36	1.501	70.00	0.186
268.677	0.05	Adapter 1501Hz Probe 3839Hz	36	1.501	70.00	0.186
268.757	0.05	Adapter 1501Hz Probe 3839Hz	36	1.501	70.00	0.186
268.837	0.05	Adapter 1501Hz Probe 3839Hz	36	3.839	70.00	0.437
269.017	0.05	Adapter 1501Hz Probe 3839Hz	36	1.501	70.00	0.186
269.097	0.05	Adapter 1501Hz Probe 3839Hz	36	1.501	70.00	0.186
269.177	0.05	Adapter 1501Hz Probe 3839Hz	36	1.501	70.00	0.186
269.257	0.05	Adapter 1501Hz Probe 3839Hz	36	1.501	70.00	0.186
269.337	0.05	Adapter 1501Hz Probe 3839Hz	36	3.839	70.00	0.437
269.517	0.05	Adapter 1501Hz Probe 3839Hz	36	1.501	70.00	0.186
269.597	0.05	Adapter 1501Hz Probe 3839Hz	36	1.501	70.00	0.186
269.677	0.05	Adapter 1501Hz Probe 3839Hz	36	1.501	70.00	0.186
269.757	0.05	Adapter 1501Hz Probe 3839Hz	36	1.501	70.00	0.186
269.837	0.05	Adapter 1501Hz Probe 3839Hz	36	3.839	70.00	0.437
272.825	0.05	Probe 3839Hz	37	3.839	70.00	0.437
273.325	0.05	Probe 3839Hz	37	3.839	70.00	0.437
273.825	0.05	Probe 3839Hz	37	3.839	70.00	0.437
274.325	0.05	Probe 3839Hz	37	3.839	70.00	0.437
274.825	0.05	Probe 3839Hz	37	3.839	70.00	0.437
275.325	0.05	Probe 3839Hz	37	3.839	70.00	0.437
275.825	0.05	Probe 3839Hz	37	3.839	70.00	0.437
276.325	0.05	Probe 3839Hz	37	3.839	70.00	0.437
276.825	0.05	Probe 3839Hz	37	3.839	70.00	0.437
277.325	0.05	Probe 3839Hz	37	3.839	70.00	0.437
280.04	0.05	Adapter 3839Hz Probe 3839Hz	38	3.839	70.00	0.437
280.12	0.05	Adapter 3839Hz Probe 3839Hz	38	3.839	70.00	0.437
280.2	0.05	Adapter 3839Hz Probe 3839Hz	38	3.839	70.00	0.437
280.28	0.05	Adapter 3839Hz Probe 3839Hz	38	3.839	70.00	0.437
280.36	0.05	Adapter 3839Hz Probe 3839Hz	38	3.839	70.00	0.437
280.54	0.05	Adapter 3839Hz Probe 3839Hz	38	3.839	70.00	0.437
280.62	0.05	Adapter 3839Hz Probe 3839Hz	38	3.839	70.00	0.437
280.7	0.05	Adapter 3839Hz Probe 3839Hz	38	3.839	70.00	0.437
280.78	0.05	Adapter 3839Hz Probe 3839Hz	38	3.839	70.00	0.437
280.86	0.05	Adapter 3839Hz Probe 3839Hz	38	3.839	70.00	0.437
281.04	0.05	Adapter 3839Hz Probe 3839Hz	38	3.839	70.00	0.437
281.12	0.05	Adapter 3839Hz Probe 3839Hz	38	3.839	70.00	0.437
281.2	0.05	Adapter 3839Hz Probe 3839Hz	38	3.839	70.00	0.437
281.28	0.05	Adapter 3839Hz Probe 3839Hz	38	3.839	70.00	0.437
281.36	0.05	Adapter 3839Hz Probe 3839Hz	38	3.839	70.00	0.437
281.54	0.05	Adapter 3839Hz Probe 3839Hz	38	3.839	70.00	0.437
281.62	0.05	Adapter 3839Hz Probe 3839Hz	38	3.839	70.00	0.437
281.7	0.05	Adapter 3839Hz Probe 3839Hz	38	3.839	70.00	0.437
281.78	0.05	Adapter 3839Hz Probe 3839Hz	38	3.839	70.00	0.437
281.86	0.05	Adapter 3839Hz Probe 3839Hz	38	3.839	70.00	0.437
282.04	0.05	Adapter 3839Hz Probe 3839Hz	38	3.839	70.00	0.437
282.12	0.05	Adapter 3839Hz Probe 3839Hz	38	3.839	70.00	0.437
282.2	0.05	Adapter 3839Hz Probe 3839Hz	38	3.839	70.00	0.437
282.28	0.05	Adapter 3839Hz Probe 3839Hz	38	3.839	70.00	0.437
282.36	0.05	Adapter 3839Hz Probe 3839Hz	38	3.839	70.00	0.437
282.54	0.05	Adapter 3839Hz Probe 3839Hz	38	3.839	70.00	0.437
282.62	0.05	Adapter 3839Hz Probe 3839Hz	38	3.839	70.00	0.437
282.7	0.05	Adapter 3839Hz Probe 3839Hz	38	3.839	70.00	0.437
282.78	0.05	Adapter 3839Hz Probe 3839Hz	38	3.839	70.00	0.437
282.86	0.05	Adapter 3839Hz Probe 3839Hz	38	3.839	70.00	0.437
283.04	0.05	Adapter 3839Hz Probe 3839Hz	38	3.839	70.00	0.437
283.12	0.05	Adapter 3839Hz Probe 3839Hz	38	3.839	70.00	0.437
283.2	0.05	Adapter 3839Hz Probe 3839Hz	38	3.839	70.00	0.437
283.28	0.05	Adapter 3839Hz Probe 3839Hz	38	3.839	70.00	0.437
283.36	0.05	Adapter 3839Hz Probe 3839Hz	38	3.839	70.00	0.437
283.54	0.05	Adapter 3839Hz Probe 3839Hz	38	3.839	70.00	0.437
283.62	0.05	Adapter 3839Hz Probe 3839Hz	38	3.839	70.00	0.437
283.7	0.05	Adapter 3839Hz Probe 3839Hz	38	3.839	70.00	0.437
283.78	0.05	Adapter 3839Hz Probe 3839Hz	38	3.839	70.00	0.437
283.86	0.05	Adapter 3839Hz Probe 3839Hz	38	3.839	70.00	0.437
284.04	0.05	Adapter 3839Hz Probe 3839Hz	38	3.839	70.00	0.437
284.12	0.05	Adapter 3839Hz Probe 3839Hz	38	3.839	70.00	0.437
284.2	0.05	Adapter 3839Hz Probe 3839Hz	38	3.839	70.00	0.437
284.28	0.05	Adapter 3839Hz Probe 3839Hz	38	3.839	70.00	0.437
284.36	0.05	Adapter 3839Hz Probe 3839Hz	38	3.839	70.00	0.437
284.54	0.05	Adapter 3839Hz Probe 3839Hz	38	3.839	70.00	0.437
284.62	0.05	Adapter 3839Hz Probe 3839Hz	38	3.839	70.00	0.437
284.7	0.05	Adapter 3839Hz Probe 3839Hz	38	3.839	70.00	0.437
284.78	0.05	Adapter 3839Hz Probe 3839Hz	38	3.839	70.00	0.437
284.86	0.05	Adapter 3839Hz Probe 3839Hz	38	3.839	70.00	0.437
287.543	0.05	Adapter 507Hz Probe 3839Hz	39	0.507	70.00	0.079
287.623	0.05	Adapter 507Hz Probe 3839Hz	39	0.507	70.00	0.079
287.703	0.05	Adapter 507Hz Probe 3839Hz	39	0.507	70.00	0.079
287.783	0.05	Adapter 507Hz Probe 3839Hz	39	0.507	70.00	0.079
287.863	0.05	Adapter 507Hz Probe 3839Hz	39	3.839	70.00	0.437
288.043	0.05	Adapter 507Hz Probe 3839Hz	39	0.507	70.00	0.079
288.123	0.05	Adapter 507Hz Probe 3839Hz	39	0.507	70.00	0.079
288.203	0.05	Adapter 507Hz Probe 3839Hz	39	0.507	70.00	0.079
288.283	0.05	Adapter 507Hz Probe 3839Hz	39	0.507	70.00	0.079
288.363	0.05	Adapter 507Hz Probe 3839Hz	39	3.839	70.00	0.437
288.543	0.05	Adapter 507Hz Probe 3839Hz	39	0.507	70.00	0.079
288.623	0.05	Adapter 507Hz Probe 3839Hz	39	0.507	70.00	0.079
288.703	0.05	Adapter 507Hz Probe 3839Hz	39	0.507	70.00	0.079
288.783	0.05	Adapter 507Hz Probe 3839Hz	39	0.507	70.00	0.079
288.863	0.05	Adapter 507Hz Probe 3839Hz	39	3.839	70.00	0.437
289.043	0.05	Adapter 507Hz Probe 3839Hz	39	0.507	70.00	0.079
289.123	0.05	Adapter 507Hz Probe 3839Hz	39	0.507	70.00	0.079
289.203	0.05	Adapter 507Hz Probe 3839Hz	39	0.507	70.00	0.079
289.283	0.05	Adapter 507Hz Probe 3839Hz	39	0.507	70.00	0.079
289.363	0.05	Adapter 507Hz Probe 3839Hz	39	3.839	70.00	0.437
289.543	0.05	Adapter 507Hz Probe 3839Hz	39	0.507	70.00	0.079
289.623	0.05	Adapter 507Hz Probe 3839Hz	39	0.507	70.00	0.079
289.703	0.05	Adapter 507Hz Probe 3839Hz	39	0.507	70.00	0.079
289.783	0.05	Adapter 507Hz Probe 3839Hz	39	0.507	70.00	0.079
289.863	0.05	Adapter 507Hz Probe 3839Hz	39	3.839	70.00	0.437
290.043	0.05	Adapter 507Hz Probe 3839Hz	39	0.507	70.00	0.079
290.123	0.05	Adapter 507Hz Probe 3839Hz	39	0.507	70.00	0.079
290.203	0.05	Adapter 507Hz Probe 3839Hz	39	0.507	70.00	0.079
290.283	0.05	Adapter 507Hz Probe 3839Hz	39	0.507	70.00	0.079
290.363	0.05	Adapter 507Hz Probe 3839Hz	39	3.839	70.00	0.437
290.543	0.05	Adapter 507Hz Probe 3839Hz	39	0.507	70.00	0.079
290.623	0.05	Adapter 507Hz Probe 3839Hz	39	0.507	70.00	0.079
290.703	0.05	Adapter 507Hz Probe 3839Hz	39	0.507	70.00	0.079
290.783	0.05	Adapter 507Hz Probe 3839Hz	39	0.507	70.00	0.079
290.863	0.05	Adapter 507Hz Probe 3839Hz	39	3.839	70.00	0.437
291.043	0.05	Adapter 507Hz Probe 3839Hz	39	0.507	70.00	0.079
291.123	0.05	Adapter 507Hz Probe 3839Hz	39	0.507	70.00	0.079
291.203	0.05	Adapter 507Hz Probe 3839Hz	39	0.507	70.00	0.079
291.283	0.05	Adapter 507Hz Probe 3839Hz	39	0.507	70.00	0.079
291.363	0.05	Adapter 507Hz Probe 3839Hz	39	3.839	70.00	0.437
291.543	0.05	Adapter 507Hz Probe 3839Hz	39	0.507	70.00	0.079
291.623	0.05	Adapter 507Hz Probe 3839Hz	39	0.507	70.00	0.079
291.703	0.05	Adapter 507Hz Probe 3839Hz	39	0.507	70.00	0.079
291.783	0.05	Adapter 507Hz Probe 3839Hz	39	0.507	70.00	0.079
291.863	0.05	Adapter 507Hz Probe 3839Hz	39	3.839	70.00	0.437
292.043	0.05	Adapter 507Hz Probe 3839Hz	39	0.507	70.00	0.079
292.123	0.05	Adapter 507Hz Probe 3839Hz	39	0.507	70.00	0.079
292.203	0.05	Adapter 507Hz Probe 3839Hz	39	0.507	70.00	0.079
292.283	0.05	Adapter 507Hz Probe 3839Hz	39	0.507	70.00	0.079
292.363	0.05	Adapter 507Hz Probe 3839Hz	39	3.839	70.00	0.437
295.047	0.05	Adapter 507Hz	40	0.507	70.00	0.079
295.127	0.05	Adapter 507Hz	40	0.507	70.00	0.079
295.207	0.05	Adapter 507Hz	40	0.507	70.00	0.079
295.287	0.05	Adapter 507Hz	40	0.507	70.00	0.079
295.547	0.05	Adapter 507Hz	40	0.507	70.00	0.079
295.627	0.05	Adapter 507Hz	40	0.507	70.00	0.079
295.707	0.05	Adapter 507Hz	40	0.507	70.00	0.079
295.787	0.05	Adapter 507Hz	40	0.507	70.00	0.079
296.047	0.05	Adapter 507Hz	40	0.507	70.00	0.079
296.127	0.05	Adapter 507Hz	40	0.507	70.00	0.079
296.207	0.05	Adapter 507Hz	40	0.507	70.00	0.079
296.287	0.05	Adapter 507Hz	40	0.507	70.00	0.079
296.547	0.05	Adapter 507Hz	40	0.507	70.00	0.079
296.627	0.05	Adapter 507Hz	40	0.507	70.00	0.079
296.707	0.05	Adapter 507Hz	40	0.507	70.00	0.079
296.787	0.05	Adapter 507Hz	40	0.507	70.00	0.079
297.047	0.05	Adapter 507Hz	40	0.507	70.00	0.079
297.127	0.05	Adapter 507Hz	40	0.507	70.00	0.079
297.207	0.05	Adapter 507Hz	40	0.507	70.00	0.079
297.287	0.05	Adapter 507Hz	40	0.507	70.00	0.079
297.547	0.05	Adapter 507Hz	40	0.507	70.00	0.079
297.627	0.05	Adapter 507Hz	40	0.507	70.00	0.079
297.707	0.05	Adapter 507Hz	40	0.507	70.00	0.079
297.787	0.05	Adapter 507Hz	40	0.507	70.00	0.079
298.047	0.05	Adapter 507Hz	40	0.507	70.00	0.079
298.127	0.05	Adapter 507Hz	40	0.507	70.00	0.079
298.207	0.05	Adapter 507Hz	40	0.507	70.00	0.079
298.287	0.05	Adapter 507Hz	40	0.507	70.00	0.079
298.547	0.05	Adapter 507Hz	40	0.507	70.00	0.079
298.627	0.05	Adapter 507Hz	40	0.507	70.00	0.079
298.707	0.05	Adapter 507Hz	40	0.507	70.00	0.079
298.787	0.05	Adapter 507Hz	40	0.507	70.00	0.079
299.047	0.05	Adapter 507Hz	40	0.507	70.00	0.079
299.127	0.05	Adapter 507Hz	40	0.507	70.00	0.079
299.207	0.05	Adapter 507Hz	40	0.507	70.00	0.079
299.287	0.05	Adapter 507Hz	40	0.507	70.00	0.079
299.547	0.05	Adapter 507Hz	40	0.507	70.00	0.079
299.627	0.05	Adapter 507Hz	40	0.507	70.00	0.079
299.707	0.05	Adapter 507Hz	40	0.507	70.00	0.079
299.787	0.05	Adapter 507Hz	40	0.507	70.00	0.079
302.519	0.05	Adapter 251Hz	41	0.251	70.00	0.052
302.599	0.05	Adapter 251Hz	41	0.251	70.00	0.052
302.679	0.05	Adapter 251Hz	41	0.251	70.00	0.052
302.759	0.05	Adapter 251Hz	41	0.251	70.00	0.052
303.019	0.05	Adapter 251Hz	41	0.251	70.00	0.052
303.099	0.05	Adapter 251Hz	41	0.251	70.00	0.052
303.179	0.05	Adapter 251Hz	41	0.251	70.00	0.052
303.259	0.05	Adapter 251Hz	41	0.251	70.00	0.052
303.519	0.05	Adapter 251Hz	41	0.251	70.00	0.052
303.599	0.05	Adapter 251Hz	41	0.251	70.00	0.052
303.679	0.05	Adapter 251Hz	41	0.251	70.00	0.052
303.759	0.05	Adapter 251Hz	41	0.251	70.00	0.052
304.019	0.05	Adapter 251Hz	41	0.251	70.00	0.052
304.099	0.05	Adapter 251Hz	41	0.251	70.00	0.052
304.179	0.05	Adapter 251Hz	41	0.251	70.00	0.052
304.259	0.05	Adapter 251Hz	41	0.251	70.00	0.052
304.519	0.05	Adapter 251Hz	41	0.251	70.00	0.052
304.599	0.05	Adapter 251Hz	41	0.251	70.00	0.052
304.679	0.05	Adapter 251Hz	41	0.251	70.00	0.052
304.759	0.05	Adapter 251Hz	41	0.251	70.00	0.052
305.019	0.05	Adapter 251Hz	41	0.251	70.00	0.052
305.099	0.05	Adapter 251Hz	41	0.251	70.00	0.052
305.179	0.05	Adapter 251Hz	41	0.251	70.00	0.052
305.259	0.05	Adapter 251Hz	41	0.251	70.00	0.052
305.519	0.05	Adapter 251Hz	41	0.251	70.00	0.052
305.599	0.05	Adapter 251Hz	41	0.251	70.00	0.052
305.679	0.05	Adapter 251Hz	41	0.251	70.00	0.052
305.759	0.05	Adapter 251Hz	41	0.251	70.00	0.052
306.019	0.05	Adapter 251Hz	41	0.251	70.00	0.052
306.099	0.05	Adapter 251Hz	41	0.251	70.00	0.052
306.179	0.05	Adapter 251Hz	41	0.251	70.00	0.052
306.259	0.05	Adapter 251Hz	41	0.251	70.00	0.052
306.519	0.05	Adapter 251Hz	41	0.251	70.00	0.052
306.599	0.05	Adapter 251Hz	41	0.251	70.00	0.052
306.679	0.05	Adapter 251Hz	41	0.251	70.00	0.052
306.759	0.05	Adapter 251Hz	41	0.251	70.00	0.052
307.019	0.05	Adapter 251Hz	41	0.251	70.00	0.052
307.099	0.05	Adapter 251Hz	41	0.251	70.00	0.052
307.179	0.05	Adapter 251Hz	41	0.251	70.00	0.052
307.259	0.05	Adapter 251Hz	41	0.251	70.00	0.052
310.007	0.05	Adapter 2423Hz Probe 3839Hz	42	2.423	70.00	0.285
310.087	0.05	Adapter 2423Hz Probe 3839Hz	42	2.423	70.00	0.285
310.167	0.05	Adapter 2423Hz Probe 3839Hz	42	2.423	70.00	0.285
310.247	0.05	Adapter 2423Hz Probe 3839Hz	42	2.423	70.00	0.285
310.327	0.05	Adapter 2423Hz Probe 3839Hz	42	3.839	70.00	0.437
310.507	0.05	Adapter 2423Hz Probe 3839Hz	42	2.423	70.00	0.285
310.587	0.05	Adapter 2423Hz Probe 3839Hz	42	2.423	70.00	0.285
310.667	0.05	Adapter 2423Hz Probe 3839Hz	42	2.423	70.00	0.285
310.747	0.05	Adapter 2423Hz Probe 3839Hz	42	2.423	70.00	0.285
310.827	0.05	Adapter 2423Hz Probe 3839Hz	42	3.839	70.00	0.437
311.007	0.05	Adapter 2423Hz Probe 3839Hz	42	2.423	70.00	0.285
311.087	0.05	Adapter 2423Hz Probe 3839Hz	42	2.423	70.00	0.285
311.167	0.05	Adapter 2423Hz Probe 3839Hz	42	2.423	70.00	0.285
311.247	0.05	Adapter 2423Hz Probe 3839Hz	42	2.423	70.00	0.285
311.327	0.05	Adapter 2423Hz Probe 3839Hz	42	3.839	70.00	0.437
311.507	0.05	Adapter 2423Hz Probe 3839Hz	42	2.423	70.00	0.285
311.587	0.05	Adapter 2423Hz Probe 3839Hz	42	2.423	70.00	0.285
311.667	0.05	Adapter 2423Hz Probe 3839Hz	42	2.423	70.00	0.285
311.747	0.05	Adapter 2423Hz Probe 3839Hz	42	2.423	70.00	0.285
311.827	0.05	Adapter 2423Hz Probe 3839Hz	42	3.839	70.00	0.437
312.007	0.05	Adapter 2423Hz Probe 3839Hz	42	2.423	70.00	0.285
312.087	0.05	Adapter 2423Hz Probe 3839Hz	42	2.423	70.00	0.285
312.167	0.05	Adapter 2423Hz Probe 3839Hz	42	2.423	70.00	0.285
312.247	0.05	Adapter 2423Hz Probe 3839Hz	42	2.423	70.00	0.285
312.327	0.05	Adapter 2423Hz Probe 3839Hz	42	3.839	70.00	0.437
312.507	0.05	Adapter 2423Hz Probe 3839Hz	42	2.423	70.00	0.285
312.587	0.05	Adapter 2423Hz Probe 3839Hz	42	2.423	70.00	0.285
312.667	0.05	Adapter 2423Hz Probe 3839Hz	42	2.423	70.00	0.285
312.747	0.05	Adapter 2423Hz Probe 3839Hz	42	2.423	70.00	0.285
312.827	0.05	Adapter 2423Hz Probe 3839Hz	42	3.839	70.00	0.437
313.007	0.05	Adapter 2423Hz Probe 3839Hz	42	2.423	70.00	0.285
313.087	0.05	Adapter 2423Hz Probe 3839Hz	42	2.423	70.00	0.285
313.167	0.05	Adapter 2423Hz Probe 3839Hz	42	2.423	70.00	0.285
313.247	0.05	Adapter 2423Hz Probe 3839Hz	42	2.423	70.00	0.285
313.327	0.05	Adapter 2423Hz Probe 3839Hz	42	3.839	70.00	0.437
313.507	0.05	Adapter 2423Hz Probe 3839Hz	42	2.423	70.00	0.285
313.587	0.05	Adapter 2423Hz Probe 3839Hz	42	2.423	70.00	0.285
313.667	0.05	Adapter 2423Hz Probe 3839Hz	42	2.423	70.00	0.285
313.747	0.05	Adapter 2423Hz Probe 3839Hz	42	2.423	70.00	0.285
313.827	0.05	Adapter 2423Hz Probe 3839Hz	42	3.839	70.00	0.437
314.007	0.05	Adapter 2423Hz Probe 3839Hz	42	2.423	70.00	0.285
314.087	0.05	Adapter 2423Hz Probe 3839Hz	42	2.423	70.00	0.285
314.167	0.05	Adapter 2423Hz Probe 3839Hz	42	2.423	70.00	0.285
314.247	0.05	Adapter 2423Hz Probe 3839Hz	42	2.423	70.00	0.285
314.327	0.05	Adapter 2423Hz Probe 3839Hz	42	3.839	70.00	0.437
314.507	0.05	Adapter 2423Hz Probe 3839Hz	42	2.423	70.00	0.285
314.587	0.05	Adapter 2423Hz Probe 3839Hz	42	2.423	70.00	0.285
314.667	0.05	Adapter 2423Hz Probe 3839Hz	42	2.423	70.00	0.285
314.747	0.05	Adapter 2423Hz Probe 3839Hz	42	2.423	70.00	0.285
314.827	0.05	Adapter 2423Hz Probe 3839Hz	42	3.839	70.00	0.437
325.046	0.05	Adapter 899Hz	44	0.899	70.00	0.121
325.126	0.05	Adapter 899Hz	44	0.899	70.00	0.121
325.206	0.05	Adapter 899Hz	44	0.899	70.00	0.121
325.286	0.05	Adapter 899Hz	44	0.899	70.00	0.121
325.546	0.05	Adapter 899Hz	44	0.899	70.00	0.121
325.626	0.05	Adapter 899Hz	44	0.899	70.00	0.121
325.706	0.05	Adapter 899Hz	44	0.899	70.00	0.121
325.786	0.05	Adapter 899Hz	44	0.899	70.00	0.121
326.046	0.05	Adapter 899Hz	44	0.899	70.00	0.121
326.126	0.05	Adapter 899Hz	44	0.899	70.00	0.121
326.206	0.05	Adapter 899Hz	44	0.899	70.00	0.121
326.286	0.05	Adapter 899Hz	44	0.899	70.00	0.121
326.546	0.05	Adapter 899Hz	44	0.899	70.00	0.121
326.626	0.05	Adapter 899Hz	44	0.899	70.00	0.121
326.706	0.05	Adapter 899Hz	44	0.899	70.00	0.121
326.786	0.05	Adapter 899Hz	44	0.899	70.00	0.121
327.046	0.05	Adapter 899Hz	44	0.899	70.00	0.121
327.126	0.05	Adapter 899Hz	44	0.899	70.00	0.121
327.206	0.05	Adapter 899Hz	44	0.899	70.00	0.121
327.286	0.05	Adapter 899Hz	44	0.899	70.00	0.121
327.546	0.05	Adapter 899Hz	44	0.899	70.00	0.121
327.626	0.05	Adapter 899Hz	44	0.899	70.00	0.121
327.706	0.05	Adapter 899Hz	44	0.899	70.00	0.121
327.786	0.05	Adapter 899Hz	44	0.899	70.00	0.121
328.046	0.05	Adapter 899Hz	44	0.899	70.00	0.121
328.126	0.05	Adapter 899Hz	44	0.899	70.00	0.121
328.206	0.05	Adapter 899Hz	44	0.899	70.00	0.121
328.286	0.05	Adapter 899Hz	44	0.899	70.00	0.121
328.546	0.05	Adapter 899Hz	44	0.899	70.00	0.121
328.626	0.05	Adapter 899Hz	44	0.899	70.00	0.121
328.706	0.05	Adapter 899Hz	44	0.899	70.00	0.121
328.786	0.05	Adapter 899Hz	44	0.899	70.00	0.121
329.046	0.05	Adapter 899Hz	44	0.899	70.00	0.121
329.126	0.05	Adapter 899Hz	44	0.899	70.00	0.121
329.206	0.05	Adapter 899Hz	44	0.899	70.00	0.121
329.286	0.05	Adapter 899Hz	44	0.899	70.00	0.121
329.546	0.05	Adapter 899Hz	44	0.899	70.00	0.121
329.626	0.05	Adapter 899Hz	44	0.899	70.00	0.121
329.706	0.05	Adapter 899Hz	44	0.899	70.00	0.121
329.786	0.05	Adapter 899Hz	44	0.899	70.00	0.121
347.51	0.05	Adapter 3839Hz	47	3.839	70.00	0.437
347.59	0.05	Adapter 3839Hz	47	3.839	70.00	0.437
347.67	0.05	Adapter 3839Hz	47	3.839	70.00	0.437
347.75	0.05	Adapter 3839Hz	47	3.839	70.00	0.437
348.01	0.05	Adapter 3839Hz	47	3.839	70.00	0.437
348.09	0.05	Adapter 3839Hz	47	3.839	70.00	0.437
348.17	0.05	Adapter 3839Hz	47	3.839	70.00	0.437
348.25	0.05	Adapter 3839Hz	47	3.839	70.00	0.437
348.51	0.05	Adapter 3839Hz	47	3.839	70.00	0.437
348.59	0.05	Adapter 3839Hz	47	3.839	70.00	0.437
348.67	0.05	Adapter 3839Hz	47	3.839	70.00	0.437
348.75	0.05	Adapter 3839Hz	47	3.839	70.00	0.437
349.01	0.05	Adapter 3839Hz	47	3.839	70.00	0.437
349.09	0.05	Adapter 3839Hz	47	3.839	70.00	0.437
349.17	0.05	Adapter 3839Hz	47	3.839	70.00	0.437
349.25	0.05	Adapter 3839Hz	47	3.839	70.00	0.437
349.51	0.05	Adapter 3839Hz	47	3.839	70.00	0.437
349.59	0.05	Adapter 3839Hz	47	3.839	70.00	0.437
349.67	0.05	Adapter 3839Hz	47	3.839	70.00	0.437
349.75	0.05	Adapter 3839Hz	47	3.839	70.00	0.437
350.01	0.05	Adapter 3839Hz	47	3.839	70.00	0.437
350.09	0.05	Adapter 3839Hz	47	3.839	70.00	0.437
350.17	0.05	Adapter 3839Hz	47	3.839	70.00	0.437
350.25	0.05	Adapter 3839Hz	47	3.839	70.00	0.437
350.51	0.05	Adapter 3839Hz	47	3.839	70.00	0.437
350.59	0.05	Adapter 3839Hz	47	3.839	70.00	0.437
350.67	0.05	Adapter 3839Hz	47	3.839	70.00	0.437
350.75	0.05	Adapter 3839Hz	47	3.839	70.00	0.437
351.01	0.05	Adapter 3839Hz	47	3.839	70.00	0.437
351.09	0.05	Adapter 3839Hz	47	3.839	70.00	0.437
351.17	0.05	Adapter 3839Hz	47	3.839	70.00	0.437
351.25	0.05	Adapter 3839Hz	47	3.839	70.00	0.437
351.51	0.05	Adapter 3839Hz	47	3.839	70.00	0.437
351.59	0.05	Adapter 3839Hz	47	3.839	70.00	0.437
351.67	0.05	Adapter 3839Hz	47	3.839	70.00	0.437
351.75	0.05	Adapter 3839Hz	47	3.839	70.00	0.437
352.01	0.05	Adapter 3839Hz	47	3.839	70.00	0.437
352.09	0.05	Adapter 3839Hz	47	3.839	70.00	0.437
352.17	0.05	Adapter 3839Hz	47	3.839	70.00	0.437
352.25	0.05	Adapter 3839Hz	47	3.839	70.00	0.437
355.045	0.05	Adapter 6009Hz	48	6.009	70.00	0.671
355.125	0.05	Adapter 6009Hz	48	6.009	70.00	0.671
355.205	0.05	Adapter 6009Hz	48	6.009	70.00	0.671
355.285	0.05	Adapter 6009Hz	48	6.009	70.00	0.671
355.545	0.05	Adapter 6009Hz	48	6.009	70.00	0.671
355.625	0.05	Adapter 6009Hz	48	6.009	70.00	0.671
355.705	0.05	Adapter 6009Hz	48	6.009	70.00	0.671
355.785	0.05	Adapter 6009Hz	48	6.009	70.00	0.671
356.045	0.05	Adapter 6009Hz	48	6.009	70.00	0.671
356.125	0.05	Adapter 6009Hz	48	6.009	70.00	0.671
356.205	0.05	Adapter 6009Hz	48	6.009	70.00	0.671
356.285	0.05	Adapter 6009Hz	48	6.009	70.00	0.671
356.545	0.05	Adapter 6009Hz	48	6.009	70.00	0.671
356.625	0.05	Adapter 6009Hz	48	6.009	70.00	0.671
356.705	0.05	Adapter 6009Hz	48	6.009	70.00	0.671
356.785	0.05	Adapter 6009Hz	48	6.009	70.00	0.671
357.045	0.05	Adapter 6009Hz	48	6.009	70.00	0.671
357.125	0.05	Adapter 6009Hz	48	6.009	70.00	0.671
357.205	0.05	Adapter 6009Hz	48	6.009	70.00	0.671
357.285	0.05	Adapter 6009Hz	48	6.009	70.00	0.671
357.545	0.05	Adapter 6009Hz	48	6.009	70.00	0.671
357.625	0.05	Adapter 6009Hz	48	6.009	70.00	0.671
357.705	0.05	Adapter 6009Hz	48	6.009	70.00	0.671
357.785	0.05	Adapter 6009Hz	48	6.009	70.00	0.671
358.045	0.05	Adapter 6009Hz	48	6.009	70.00	0.671
358.125	0.05	Adapter 6009Hz	48	6.009	70.00	0.671
358.205	0.05	Adapter 6009Hz	48	6.009	70.00	0.671
358.285	0.05	Adapter 6009Hz	48	6.009	70.00	0.671
358.545	0.05	Adapter 6009Hz	48	6.009	70.00	0.671
358.625	0.05	Adapter 6009Hz	48	6.009	70.00	0.671
358.705	0.05	Adapter 6009Hz	48	6.009	70.00	0.671
358.785	0.05	Adapter 6009Hz	48	6.009	70.00	0.671
359.045	0.05	Adapter 6009Hz	48	6.009	70.00	0.671
359.125	0.05	Adapter 6009Hz	48	6.009	70.00	0.671
359.205	0.05	Adapter 6009Hz	48	6.009	70.00	0.671
359.285	0.05	Adapter 6009Hz	48	6.009	70.00	0.671
359.545	0.05	Adapter 6009Hz	48	6.009	70.00	0.671
359.625	0.05	Adapter 6009Hz	48	6.009	70.00	0.671
359.705	0.05	Adapter 6009Hz	48	6.009	70.00	0.671
359.785	0.05	Adapter 6009Hz	48	6.009	70.00	0.671
362.564	0.05	Adapter 899Hz	49	0.899	70.00	0.121
362.644	0.05	Adapter 899Hz	49	0.899	70.00	0.121
362.724	0.05	Adapter 899Hz	49	0.899	70.00	0.121
362.804	0.05	Adapter 899Hz	49	0.899	70.00	0.121
363.064	0.05	Adapter 899Hz	49	0.899	70.00	0.121
363.144	0.05	Adapter 899Hz	49	0.899	70.00	0.121
363.224	0.05	Adapter 899Hz	49	0.899	70.00	0.121
363.304	0.05	Adapter 899Hz	49	0.899	70.00	0.121
363.564	0.05	Adapter 899Hz	49	0.899	70.00	0.121
363.644	0.05	Adapter 899Hz	49	0.899	70.00	0.121
363.724	0.05	Adapter 899Hz	49	0.899	70.00	0.121
363.804	0.05	Adapter 899Hz	49	0.899	70.00	0.121
364.064	0.05	Adapter 899Hz	49	0.899	70.00	0.121
364.144	0.05	Adapter 899Hz	49	0.899	70.00	0.121
364.224	0.05	Adapter 899Hz	49	0.899	70.00	0.121
364.304	0.05	Adapter 899Hz	49	0.899	70.00	0.121
364.564	0.05	Adapter 899Hz	49	0.899	70.00	0.121
364.644	0.05	Adapter 899Hz	49	0.899	70.00	0.121
364.724	0.05	Adapter 899Hz	49	0.899	70.00	0.121
364.804	0.05	Adapter 899Hz	49	0.899	70.00	0.121
365.064	0.05	Adapter 899Hz	49	0.899	70.00	0.121
365.144	0.05	Adapter 899Hz	49	0.899	70.00	0.121
365.224	0.05	Adapter 899Hz	49	0.899	70.00	0.121
365.304	0.05	Adapter 899Hz	49	0.899	70.00	0.121
365.564	0.05	Adapter 899Hz	49	0.899	70.00	0.121
365.644	0.05	Adapter 899Hz	49	0.899	70.00	0.121
365.724	0.05	Adapter 899Hz	49	0.899	70.00	0.121
365.804	0.05	Adapter 899Hz	49	0.899	70.00	0.121
366.064	0.05	Adapter 899Hz	49	0.899	70.00	0.121
366.144	0.05	Adapter 899Hz	49	0.899	70.00	0.121
366.224	0.05	Adapter 899Hz	49	0.899	70.00	0.121
366.304	0.05	Adapter 899Hz	49	0.899	70.00	0.121
366.564	0.05	Adapter 899Hz	49	0.899	70.00	0.121
366.644	0.05	Adapter 899Hz	49	0.899	70.00	0.121
366.724	0.05	Adapter 899Hz	49	0.899	70.00	0.121
366.804	0.05	Adapter 899Hz	49	0.899	70.00	0.121
367.064	0.05	Adapter 899Hz	49	0.899	70.00	0.121
367.144	0.05	Adapter 899Hz	49	0.899	70.00	0.121
367.224	0.05	Adapter 899Hz	49	0.899	70.00	0.121
367.304	0.05	Adapter 899Hz	49	0.899	70.00	0.121
377.54	0.05	Adapter 251Hz	51	0.251	70.00	0.052
377.62	0.05	Adapter 251Hz	51	0.251	70.00	0.052
377.7	0.05	Adapter 251Hz	51	0.251	70.00	0.052
377.78	0.05	Adapter 251Hz	51	0.251	70.00	0.052
378.04	0.05	Adapter 251Hz	51	0.251	70.00	0.052
378.12	0.05	Adapter 251Hz	51	0.251	70.00	0.052
378.2	0.05	Adapter 251Hz	51	0.251	70.00	0.052
378.28	0.05	Adapter 251Hz	51	0.251	70.00	0.052
378.54	0.05	Adapter 251Hz	51	0.251	70.00	0.052
378.62	0.05	Adapter 251Hz	51	0.251	70.00	0.052
378.7	0.05	Adapter 251Hz	51	0.251	70.00	0.052
378.78	0.05	Adapter 251Hz	51	0.251	70.00	0.052
379.04	0.05	Adapter 251Hz	51	0.251	70.00	0.052
379.12	0.05	Adapter 251Hz	51	0.251	70.00	0.052
379.2	0.05	Adapter 251Hz	51	0.251	70.00	0.052
379.28	0.05	Adapter 251Hz	51	0.251	70.00	0.052
379.54	0.05	Adapter 251Hz	51	0.251	70.00	0.052
379.62	0.05	Adapter 251Hz	51	0.251	70.00	0.052
379.7	0.05	Adapter 251Hz	51	0.251	70.00	0.052
379.78	0.05	Adapter 251Hz	51	0.251	70.00	0.052
380.04	0.05	Adapter 251Hz	51	0.251	70.00	0.052
380.12	0.05	Adapter 251Hz	51	0.251	70.00	0.052
380.2	0.05	Adapter 251Hz	51	0.251	70.00	0.052
380.28	0.05	Adapter 251Hz	51	0.251	70.00	0.052
380.54	0.05	Adapter 251Hz	51	0.251	70.00	0.052
380.62	0.05	Adapter 251Hz	51	0.251	70.00	0.052
380.7	0.05	Adapter 251Hz	51	0.251	70.00	0.052
380.78	0.05	Adapter 251Hz	51	0.251	70.00	0.052
381.04	0.05	Adapter 251Hz	51	0.251	70.00	0.052
381.12	0.05	Adapter 251Hz	51	0.251	70.00	0.052
381.2	0.05	Adapter 251Hz	51	0.251	70.00	0.052
381.28	0.05	Adapter 251Hz	51	0.251	70.00	0.052
381.54	0.05	Adapter 251Hz	51	0.251	70.00	0.052
381.62	0.05	Adapter 251Hz	51	0.251	70.00	0.052
381.7	0.05	Adapter 251Hz	51	0.251	70.00	0.052
381.78	0.05	Adapter 251Hz	51	0.251	70.00	0.052
382.04	0.05	Adapter 251Hz	51	0.251	70.00	0.052
382.12	0.05	Adapter 251Hz	51	0.251	70.00	0.052
382.2	0.05	Adapter 251Hz	51	0.251	70.00	0.052
382.28	0.05	Adapter 251Hz	51	0.251	70.00	0.052
385.028	0.05	Adapter 2423Hz Probe 3839Hz	52	2.423	70.00	0.285
385.108	0.05	Adapter 2423Hz Probe 3839Hz	52	2.423	70.00	0.285
385.188	0.05	Adapter 2423Hz Probe 3839Hz	52	2.423	70.00	0.285
385.268	0.05	Adapter 2423Hz Probe 3839Hz	52	2.423	70.00	0.285
385.348	0.05	Adapter 2423Hz Probe 3839Hz	52	3.839	70.00	0.437
385.528	0.05	Adapter 2423Hz Probe 3839Hz	52	2.423	70.00	0.285
385.608	0.05	Adapter 2423Hz Probe 3839Hz	52	2.423	70.00	0.285
385.688	0.05	Adapter 2423Hz Probe 3839Hz	52	2.423	70.00	0.285
385.768	0.05	Adapter 2423Hz Probe 3839Hz	52	2.423	70.00	0.285
385.848	0.05	Adapter 2423Hz Probe 3839Hz	52	3.839	70.00	0.437
386.028	0.05	Adapter 2423Hz Probe 3839Hz	52	2.423	70.00	0.285
386.108	0.05	Adapter 2423Hz Probe 3839Hz	52	2.423	70.00	0.285
386.188	0.05	Adapter 2423Hz Probe 3839Hz	52	2.423	70.00	0.285
386.268	0.05	Adapter 2423Hz Probe 3839Hz	52	2.423	70.00	0.285
386.348	0.05	Adapter 2423Hz Probe 3839Hz	52	3.839	70.00	0.437
386.528	0.05	Adapter 2423Hz Probe 3839Hz	52	2.423	70.00	0.285
386.608	0.05	Adapter 2423Hz Probe 3839Hz	52	2.423	70.00	0.285
386.688	0.05	Adapter 2423Hz Probe 3839Hz	52	2.423	70.00	0.285
386.768	0.05	Adapter 2423Hz Probe 3839Hz	52	2.423	70.00	0.285
386.848	0.05	Adapter 2423Hz Probe 3839Hz	52	3.839	70.00	0.437
387.028	0.05	Adapter 2423Hz Probe 3839Hz	52	2.423	70.00	0.285
387.108	0.05	Adapter 2423Hz Probe 3839Hz	52	2.423	70.00	0.285
387.188	0.05	Adapter 2423Hz Probe 3839Hz	52	2.423	70.00	0.285
387.268	0.05	Adapter 2423Hz Probe 3839Hz	52	2.423	70.00	0.285
387.348	0.05	Adapter 2423Hz Probe 3839Hz	52	3.839	70.00	0.437
387.528	0.05	Adapter 2423Hz Probe 3839Hz	52	2.423	70.00	0.285
387.608	0.05	Adapter 2423Hz Probe 3839Hz	52	2.423	70.00	0.285
387.688	0.05	Adapter 2423Hz Probe 3839Hz	52	2.423	70.00	0.285
387.768	0.05	Adapter 2423Hz Probe 3839Hz	52	2.423	70.00	0.285
387.848	0.05	Adapter 2423Hz Probe 3839Hz	52	3.839	70.00	0.437
388.028	0.05	Adapter 2423Hz Probe 3839Hz	52	2.423	70.00	0.285
388.108	0.05	Adapter 2423Hz Probe 3839Hz	52	2.423	70.00	0.285
388.188	0.05	Adapter 2423Hz Probe 3839Hz	52	2.423	70.00	0.285
388.268	0.05	Adapter 2423Hz Probe 3839Hz	52	2.423	70.00	0.285
388.348	0.05	Adapter 2423Hz Probe 3839Hz	52	3.839	70.00	0.437
388.528	0.05	Adapter 2423Hz Probe 3839Hz	52	2.423	70.00	0.285
388.608	0.05	Adapter 2423Hz Probe 3839Hz	52	2.423	70.00	0.285
388.688	0.05	Adapter 2423Hz Probe 3839Hz	52	2.423	70.00	0.285
388.768	0.05	Adapter 2423Hz Probe 3839Hz	52	2.423	70.00	0.285
388.848	0.05	Adapter 2423Hz Probe 3839Hz	52	3.839	70.00	0.437
389.028	0.05	Adapter 2423Hz Probe 3839Hz	52	2.423	70.00	0.285
389.108	0.05	Adapter 2423Hz Probe 3839Hz	52	2.423	70.00	0.285
389.188	0.05	Adapter 2423Hz Probe 3839Hz	52	2.423	70.00	0.285
389.268	0.05	Adapter 2423Hz Probe 3839Hz	52	2.423	70.00	0.285
389.348	0.05	Adapter 2423Hz Probe 3839Hz	52	3.839	70.00	0.437
389.528	0.05	Adapter 2423Hz Probe 3839Hz	52	2.423	70.00	0.285
389.608	0.05	Adapter 2423Hz Probe 3839Hz	52	2.423	70.00	0.285
389.688	0.05	Adapter 2423Hz Probe 3839Hz	52	2.423	70.00	0.285
389.768	0.05	Adapter 2423Hz Probe 3839Hz	52	2.423	70.00	0.285
389.848	0.05	Adapter 2423Hz Probe 3839Hz	52	3.839	70.00	0.437
400.066	0.05	Adapter 1501Hz	54	1.501	70.00	0.186
400.146	0.05	Adapter 1501Hz	54	1.501	70.00	0.186
400.226	0.05	Adapter 1501Hz	54	1.501	70.00	0.186
400.306	0.05	Adapter 1501Hz	54	1.501	70.00	0.186
400.566	0.05	Adapter 1501Hz	54	1.501	70.00	0.186
400.646	0.05	Adapter 1501Hz	54	1.501	70.00	0.186
400.726	0.05	Adapter 1501Hz	54	1.501	70.00	0.186
400.806	0.05	Adapter 1501Hz	54	1.501	70.00	0.186
401.066	0.05	Adapter 1501Hz	54	1.501	70.00	0.186
401.146	0.05	Adapter 1501Hz	54	1.501	70.00	0.186
401.226	0.05	Adapter 1501Hz	54	1.501	70.00	0.186
401.306	0.05	Adapter 1501Hz	54	1.501	70.00	0.186
401.566	0.05	Adapter 1501Hz	54	1.501	70.00	0.186
401.646	0.05	Adapter 1501Hz	54	1.501	70.00	0.186
401.726	0.05	Adapter 1501Hz	54	1.501	70.00	0.186
401.806	0.05	Adapter 1501Hz	54	1.501	70.00	0.186
402.066	0.05	Adapter 1501Hz	54	1.501	70.00	0.186
402.146	0.05	Adapter 1501Hz	54	1.501	70.00	0.186
402.226	0.05	Adapter 1501Hz	54	1.501	70.00	0.186
402.306	0.05	Adapter 1501Hz	54	1.501	70.00	0.186
402.566	0.05	Adapter 1501Hz	54	1.501	70.00	0.186
402.646	0.05	Adapter 1501Hz	54	1.501	70.00	0.186
402.726	0.05	Adapter 1501Hz	54	1.501	70.00	0.186
402.806	0.05	Adapter 1501Hz	54	1.501	70.00	0.186
403.066	0.05	Adapter 1501Hz	54	1.501	70.00	0.186
403.146	0.05	Adapter 1501Hz	54	1.501	70.00	0.186
403.226	0.05	Adapter 1501Hz	54	1.501	70.00	0.186
403.306	0.05	Adapter 1501Hz	54	1.501	70.00	0.186
403.566	0.05	Adapter 1501Hz	54	1.501	70.00	0.186
403.646	0.05	Adapter 1501Hz	54	1.501	70.00	0.186
403.726	0.05	Adapter 1501Hz	54	1.501	70.00	0.186
403.806	0.05	Adapter 1501Hz	54	1.501	70.00	0.186
404.066	0.05	Adapter 1501Hz	54	1.501	70.00	0.186
404.146	0.05	Adapter 1501Hz	54	1.501	70.00	0.186
404.226	0.05	Adapter 1501Hz	54	1.501	70.00	0.186
404.306	0.05	Adapter 1501Hz	54	1.501	70.00	0.186
404.566	0.05	Adapter 1501Hz	54	1.501	70.00	0.186
404.646	0.05	Adapter 1501Hz	54	1.501	70.00	0.186
404.726	0.05	Adapter 1501Hz	54	1.501	70.00	0.186
404.806	0.05	Adapter 1501Hz	54	1.501	70.00	0.186
415.011	0.05	Adapter 507Hz Probe 3839Hz	56	0.507	70.00	0.079
415.091	0.05	Adapter 507Hz Probe 3839Hz	56	0.507	70.00	0.079
415.171	0.05	Adapter 507Hz Probe 3839Hz	56	0.507	70.00	0.079
415.251	0.05	Adapter 507Hz Probe 3839Hz	56	0.507	70.00	0.079
415.331	0.05	Adapter 507Hz Probe 3839Hz	56	3.839	70.00	0.437
415.511	0.05	Adapter 507Hz Probe 3839Hz	56	0.507	70.00	0.079
415.591	0.05	Adapter 507Hz Probe 3839Hz	56	0.507	70.00	0.079
415.671	0.05	Adapter 507Hz Probe 3839Hz	56	0.507	70.00	0.079
415.751	0.05	Adapter 507Hz Probe 3839Hz	56	0.507	70.00	0.079
415.831	0.05	Adapter 507Hz Probe 3839Hz	56	3.839	70.00	0.437
416.011	0.05	Adapter 507Hz Probe 3839Hz	56	0.507	70.00	0.079
416.091	0.05	Adapter 507Hz Probe 3839Hz	56	0.507	70.00	0.079
416.171	0.05	Adapter 507Hz Probe 3839Hz	56	0.507	70.00	0.079
416.251	0.05	Adapter 507Hz Probe 3839Hz	56	0.507	70.00	0.079
416.331	0.05	Adapter 507Hz Probe 3839Hz	56	3.839	70.00	0.437
416.511	0.05	Adapter 507Hz Probe 3839Hz	56	0.507	70.00	0.079
416.591	0.05	Adapter 507Hz Probe 3839Hz	56	0.507	70.00	0.079
416.671	0.05	Adapter 507Hz Probe 3839Hz	56	0.507	70.00	0.079
416.751	0.05	Adapter 507Hz Probe 3839Hz	56	0.507	70.00	0.079
416.831	0.05	Adapter 507Hz Probe 3839Hz	56	3.839	70.00	0.437
417.011	0.05	Adapter 507Hz Probe 3839Hz	56	0.507	70.00	0.079
417.091	0.05	Adapter 507Hz Probe 3839Hz	56	0.507	70.00	0.079
417.171	0.05	Adapter 507Hz Probe 3839Hz	56	0.507	70.00	0.079
417.251	0.05	Adapter 507Hz Probe 3839Hz	56	0.507	70.00	0.079
417.331	0.05	Adapter 507Hz Probe 3839Hz	56	3.839	70.00	0.437
417.511	0.05	Adapter 507Hz Probe 3839Hz	56	0.507	70.00	0.079
417.591	0.05	Adapter 507Hz Probe 3839Hz	56	0.507	70.00	0.079
417.671	0.05	Adapter 507Hz Probe 3839Hz	56	0.507	70.00	0.079
417.751	0.05	Adapter 507Hz Probe 3839Hz	56	0.507	70.00	0.079
417.831	0.05	Adapter 507Hz Probe 3839Hz	56	3.839	70.00	0.437
418.011	0.05	Adapter 507Hz Probe 3839Hz	56	0.507	70.00	0.079
418.091	0.05	Adapter 507Hz Probe 3839Hz	56	0.507	70.00	0.079
418.171	0.05	Adapter 507Hz Probe 3839Hz	56	0.507	70.00	0.079
418.251	0.05	Adapter 507Hz Probe 3839Hz	56	0.507	70.00	0.079
418.331	0.05	Adapter 507Hz Probe 3839Hz	56	3.839	70.00	0.437
418.511	0.05	Adapter 507Hz Probe 3839Hz	56	0.507	70.00	0.079
418.591	0.05	Adapter 507Hz Probe 3839Hz	56	0.507	70.00	0.079
418.671	0.05	Adapter 507Hz Probe 3839Hz	56	0.507	70.00	0.079
418.751	0.05	Adapter 507Hz Probe 3839Hz	56	0.507	70.00	0.079
418.831	0.05	Adapter 507Hz Probe 3839Hz	56	3.839	70.00	0.437
419.011	0.05	Adapter 507Hz Probe 3839Hz	56	0.507	70.00	0.079
419.091	0.05	Adapter 507Hz Probe 3839Hz	56	0.507	70.00	0.079
419.171	0.05	Adapter 507Hz Probe 3839Hz	56	0.507	70.00	0.079
419.251	0.05	Adapter 507Hz Probe 3839Hz	56	0.507	70.00	0.079
419.331	0.05	Adapter 507Hz Probe 3839Hz	56	3.839	70.00	0.437
419.511	0.05	Adapter 507Hz Probe 3839Hz	56	0.507	70.00	0.079
419.591	0.05	Adapter 507Hz Probe 3839Hz	56	0.507	70.00	0.079
419.671	0.05	Adapter 507Hz Probe 3839Hz	56	0.507	70.00	0.079
419.751	0.05	Adapter 507Hz Probe 3839Hz	56	0.507	70.00	0.079
419.831	0.05	Adapter 507Hz Probe 3839Hz	56	3.839	70.00	0.437
422.515	0.05	Adapter 899Hz Probe 3839Hz	57	0.899	70.00	0.121
422.595	0.05	Adapter 899Hz Probe 3839Hz	57	0.899	70.00	0.121
422.675	0.05	Adapter 899Hz Probe 3839Hz	57	0.899	70.00	0.121
422.755	0.05	Adapter 899Hz Probe 3839Hz	57	0.899	70.00	0.121
422.835	0.05	Adapter 899Hz Probe 3839Hz	57	3.839	70.00	0.437
423.015	0.05	Adapter 899Hz Probe 3839Hz	57	0.899	70.00	0.121
423.095	0.05	Adapter 899Hz Probe 3839Hz	57	0.899	70.00	0.121
423.175	0.05	Adapter 899Hz Probe 3839Hz	57	0.899	70.00	0.121
423.255	0.05	Adapter 899Hz Probe 3839Hz	57	0.899	70.00	0.121
423.335	0.05	Adapter 899Hz Probe 3839Hz	57	3.839	70.00	0.437
423.515	0.05	Adapter 899Hz Probe 3839Hz	57	0.899	70.00	0.121
423.595	0.05	Adapter 899Hz Probe 3839Hz	57	0.899	70.00	0.121
423.675	0.05	Adapter 899Hz Probe 3839Hz	57	0.899	70.00	0.121
423.755	0.05	Adapter 899Hz Probe 3839Hz	57	0.899	70.00	0.121
423.835	0.05	Adapter 899Hz Probe 3839Hz	57	3.839	70.00	0.437
424.015	0.05	Adapter 899Hz Probe 3839Hz	57	0.899	70.00	0.121
424.095	0.05	Adapter 899Hz Probe 3839Hz	57	0.899	70.00	0.121
424.175	0.05	Adapter 899Hz Probe 3839Hz	57	0.899	70.00	0.121
424.255	0.05	Adapter 899Hz Probe 3839Hz	57	0.899	70.00	0.121
424.335	0.05	Adapter 899Hz Probe 3839Hz	57	3.839	70.00	0.437
424.515	0.05	Adapter 899Hz Probe 3839Hz	57	0.899	70.00	0.121
424.595	0.05	Adapter 899Hz Probe 3839Hz	57	0.899	70.00	0.121
424.675	0.05	Adapter 899Hz Probe 3839Hz	57	0.899	70.00	0.121
424.755	0.05	Adapter 899Hz Probe 3839Hz	57	0.899	70.00	0.121
424.835	0.05	Adapter 899Hz Probe 3839Hz	57	3.839	70.00	0.437
425.015	0.05	Adapter 899Hz Probe 3839Hz	57	0.899	70.00	0.121
425.095	0.05	Adapter 899Hz Probe 3839Hz	57	0.899	70.00	0.121
425.175	0.05	Adapter 899Hz Probe 3839Hz	57	0.899	70.00	0.121
425.255	0.05	Adapter 899Hz Probe 3839Hz	57	0.899	70.00	0.121
425.335	0.05	Adapter 899Hz Probe 3839Hz	57	3.839	70.00	0.437
425.515	0.05	Adapter 899Hz Probe 3839Hz	57	0.899	70.00	0.121
425.595	0.05	Adapter 899Hz Probe 3839Hz	57	0.899	70.00	0.121
425.675	0.05	Adapter 899Hz Probe 3839Hz	57	0.899	70.00	0.121
425.755	0.05	Adapter 899Hz Probe 3839Hz	57	0.899	70.00	0.121
425.835	0.05	Adapter 899Hz Probe 3839Hz	57	3.839	70.00	0.437
426.015	0.05	Adapter 899Hz Probe 3839Hz	57	0.899	70.00	0.121
426.095	0.05	Adapter 899Hz Probe 3839Hz	57	0.899	70.00	0.121
426.175	0.05	Adapter 899Hz Probe 3839Hz	57	0.899	70.00	0.121
426.255	0.05	Adapter 899Hz Probe 3839Hz	57	0.899	70.00	0.121
426.335	0.05	Adapter 899Hz Probe 3839Hz	57	3.839	70.00	0.437
426.515	0.05	Adapter 899Hz Probe 3839Hz	57	0.899	70.00	0.121
426.595	0.05	Adapter 899Hz Probe 3839Hz	57	0.899	70.00	0.121
426.675	0.05	Adapter 899Hz Probe 3839Hz	57	0.899	70.00	0.121
426.755	0.05	Adapter 899Hz Probe 3839Hz	57	0.899	70.00	0.121
426.835	0.05	Adapter 899Hz Probe 3839Hz	57	3.839	70.00	0.437
427.015	0.05	Adapter 899Hz Probe 3839Hz	57	0.899	70.00	0.121
427.095	0.05	Adapter 899Hz Probe 3839Hz	57	0.899	70.00	0.121
427.175	0.05	Adapter 899Hz Probe 3839Hz	57	0.899	70.00	0.121
427.255	0.05	Adapter 899Hz Probe 3839Hz	57	0.899	70.00	0.121
427.335	0.05	Adapter 899Hz Probe 3839Hz	57	3.839	70.00	0.437
430.05	0.05	Adapter 3839Hz Probe 3839Hz	58	3.839	70.00	0.437
430.13	0.05	Adapter 3839Hz Probe 3839Hz	58	3.839	70.00	0.437
430.21	0.05	Adapter 3839Hz Probe 3839Hz	58	3.839	70.00	0.437
430.29	0.05	Adapter 3839Hz Probe 3839Hz	58	3.839	70.00	0.437
430.37	0.05	Adapter 3839Hz Probe 3839Hz	58	3.839	70.00	0.437
430.55	0.05	Adapter 3839Hz Probe 3839Hz	58	3.839	70.00	0.437
430.63	0.05	Adapter 3839Hz Probe 3839Hz	58	3.839	70.00	0.437
430.71	0.05	Adapter 3839Hz Probe 3839Hz	58	3.839	70.00	0.437
430.79	0.05	Adapter 3839Hz Probe 3839Hz	58	3.839	70.00	0.437
430.87	0.05	Adapter 3839Hz Probe 3839Hz	58	3.839	70.00	0.437
431.05	0.05	Adapter 3839Hz Probe 3839Hz	58	3.839	70.00	0.437
431.13	0.05	Adapter 3839Hz Probe 3839Hz	58	3.839	70.00	0.437
431.21	0.05	Adapter 3839Hz Probe 3839Hz	58	3.839	70.00	0.437
431.29	0.05	Adapter 3839Hz Probe 3839Hz	58	3.839	70.00	0.437
431.37	0.05	Adapter 3839Hz Probe 3839Hz	58	3.839	70.00	0.437
431.55	0.05	Adapter 3839Hz Probe 3839Hz	58	3.839	70.00	0.437
431.63	0.05	Adapter 3839Hz Probe 3839Hz	58	3.839	70.00	0.437
431.71	0.05	Adapter 3839Hz Probe 3839Hz	58	3.839	70.00	0.437
431.79	0.05	Adapter 3839Hz Probe 3839Hz	58	3.839	70.00	0.437
431.87	0.05	Adapter 3839Hz Probe 3839Hz	58	3.839	70.00	0.437
432.05	0.05	Adapter 3839Hz Probe 3839Hz	58	3.839	70.00	0.437
432.13	0.05	Adapter 3839Hz Probe 3839Hz	58	3.839	70.00	0.437
432.21	0.05	Adapter 3839Hz Probe 3839Hz	58	3.839	70.00	0.437
432.29	0.05	Adapter 3839Hz Probe 3839Hz	58	3.839	70.00	0.437
432.37	0.05	Adapter 3839Hz Probe 3839Hz	58	3.839	70.00	0.437
432.55	0.05	Adapter 3839Hz Probe 3839Hz	58	3.839	70.00	0.437
432.63	0.05	Adapter 3839Hz Probe 3839Hz	58	3.839	70.00	0.437
432.71	0.05	Adapter 3839Hz Probe 3839Hz	58	3.839	70.00	0.437
432.79	0.05	Adapter 3839Hz Probe 3839Hz	58	3.839	70.00	0.437
432.87	0.05	Adapter 3839Hz Probe 3839Hz	58	3.839	70.00	0.437
433.05	0.05	Adapter 3839Hz Probe 3839Hz	58	3.839	70.00	0.437
433.13	0.05	Adapter 3839Hz Probe 3839Hz	58	3.839	70.00	0.437
433.21	0.05	Adapter 3839Hz Probe 3839Hz	58	3.839	70.00	0.437
433.29	0.05	Adapter 3839Hz Probe 3839Hz	58	3.839	70.00	0.437
433.37	0.05	Adapter 3839Hz Probe 3839Hz	58	3.839	70.00	0.437
433.55	0.05	Adapter 3839Hz Probe 3839Hz	58	3.839	70.00	0.437
433.63	0.05	Adapter 3839Hz Probe 3839Hz	58	3.839	70.00	0.437
433.71	0.05	Adapter 3839Hz Probe 3839Hz	58	3.839	70.00	0.437
433.79	0.05	Adapter 3839Hz Probe 3839Hz	58	3.839	70.00	0.437
433.87	0.05	Adapter 3839Hz Probe 3839Hz	58	3.839	70.00	0.437
434.05	0.05	Adapter 3839Hz Probe 3839Hz	58	3.839	70.00	0.437
434.13	0.05	Adapter 3839Hz Probe 3839Hz	58	3.839	70.00	0.437
434.21	0.05	Adapter 3839Hz Probe 3839Hz	58	3.839	70.00	0.437
434.29	0.05	Adapter 3839Hz Probe 3839Hz	58	3.839	70.00	0.437
434.37	0.05	Adapter 3839Hz Probe 3839Hz	58	3.839	70.00	0.437
434.55	0.05	Adapter 3839Hz Probe 3839Hz	58	3.839	70.00	0.437
434.63	0.05	Adapter 3839Hz Probe 3839Hz	58	3.839	70.00	0.437
434.71	0.05	Adapter 3839Hz Probe 3839Hz	58	3.839	70.00	0.437
434.79	0.05	Adapter 3839Hz Probe 3839Hz	58	3.839	70.00	0.437
434.87	0.05	Adapter 3839Hz Probe 3839Hz	58	3.839	70.00	0.437
437.553	0.05	Adapter 2423Hz	59	2.423	70.00	0.285
437.633	0.05	Adapter 2423Hz	59	2.423	70.00	0.285
437.713	0.05	Adapter 2423Hz	59	2.423	70.00	0.285
437.793	0.05	Adapter 2423Hz	59	2.423	70.00	0.285
438.053	0.05	Adapter 2423Hz	59	2.423	70.00	0.285
438.133	0.05	Adapter 2423Hz	59	2.423	70.00	0.285
438.213	0.05	Adapter 2423Hz	59	2.423	70.00	0.285
438.293	0.05	Adapter 2423Hz	59	2.423	70.00	0.285
438.553	0.05	Adapter 2423Hz	59	2.423	70.00	0.285
438.633	0.05	Adapter 2423Hz	59	2.423	70.00	0.285
438.713	0.05	Adapter 2423Hz	59	2.423	70.00	0.285
438.793	0.05	Adapter 2423Hz	59	2.423	70.00	0.285
439.053	0.05	Adapter 2423Hz	59	2.423	70.00	0.285
439.133	0.05	Adapter 2423Hz	59	2.423	70.00	0.285
439.213	0.05	Adapter 2423Hz	59	2.423	70.00	0.285
439.293	0.05	Adapter 2423Hz	59	2.423	70.00	0.285
439.553	0.05	Adapter 2423Hz	59	2.423	70.00	0.285
439.633	0.05	Adapter 2423Hz	59	2.423	70.00	0.285
439.713	0.05	Adapter 2423Hz	59	2.423	70.00	0.285
439.793	0.05	Adapter 2423Hz	59	2.423	70.00	0.285
440.053	0.05	Adapter 2423Hz	59	2.423	70.00	0.285
440.133	0.05	Adapter 2423Hz	59	2.423	70.00	0.285
440.213	0.05	Adapter 2423Hz	59	2.423	70.00	0.285
440.293	0.05	Adapter 2423Hz	59	2.423	70.00	0.285
440.553	0.05	Adapter 2423Hz	59	2.423	70.00	0.285
440.633	0.05	Adapter 2423Hz	59	2.423	70.00	0.285
440.713	0.05	Adapter 2423Hz	59	2.423	70.00	0.285
440.793	0.05	Adapter 2423Hz	59	2.423	70.00	0.285
441.053	0.05	Adapter 2423Hz	59	2.423	70.00	0.285
441.133	0.05	Adapter 2423Hz	59	2.423	70.00	0.285
441.213	0.05	Adapter 2423Hz	59	2.423	70.00	0.285
441.293	0.05	Adapter 2423Hz	59	2.423	70.00	0.285
441.553	0.05	Adapter 2423Hz	59	2.423	70.00	0.285
441.633	0.05	Adapter 2423Hz	59	2.423	70.00	0.285
441.713	0.05	Adapter 2423Hz	59	2.423	70.00	0.285
441.793	0.05	Adapter 2423Hz	59	2.423	70.00	0.285
442.053	0.05	Adapter 2423Hz	59	2.423	70.00	0.285
442.133	0.05	Adapter 2423Hz	59	2.423	70.00	0.285
442.213	0.05	Adapter 2423Hz	59	2.423	70.00	0.285
442.293	0.05	Adapter 2423Hz	59	2.423	70.00	0.285
445.01	0.05	Adapter 507Hz	60	0.507	70.00	0.079
445.09	0.05	Adapter 507Hz	60	0.507	70.00	0.079
445.17	0.05	Adapter 507Hz	60	0.507	70.00	0.079
445.25	0.05	Adapter 507Hz	60	0.507	70.00	0.079
445.51	0.05	Adapter 507Hz	60	0.507	70.00	0.079
445.59	0.05	Adapter 507Hz	60	0.507	70.00	0.079
445.67	0.05	Adapter 507Hz	60	0.507	70.00	0.079
445.75	0.05	Adapter 507Hz	60	0.507	70.00	0.079
446.01	0.05	Adapter 507Hz	60	0.507	70.00	0.079
446.09	0.05	Adapter 507Hz	60	0.507	70.00	0.079
446.17	0.05	Adapter 507Hz	60	0.507	70.00	0.079
446.25	0.05	Adapter 507Hz	60	0.507	70.00	0.079
446.51	0.05	Adapter 507Hz	60	0.507	70.00	0.079
446.59	0.05	Adapter 507Hz	60	0.507	70.00	0.079
446.67	0.05	Adapter 507Hz	60	0.507	70.00	0.079
446.75	0.05	Adapter 507Hz	60	0.507	70.00	0.079
447.01	0.05	Adapter 507Hz	60	0.507	70.00	0.079
447.09	0.05	Adapter 507Hz	60	0.507	70.00	0.079
447.17	0.05	Adapter 507Hz	60	0.507	70.00	0.079
447.25	0.05	Adapter 507Hz	60	0.507	70.00	0.079
447.51	0.05	Adapter 507Hz	60	0.507	70.00	0.079
447.59	0.05	Adapter 507Hz	60	0.507	70.00	0.079
447.67	0.05	Adapter 507Hz	60	0.507	70.00	0.079
447.75	0.05	Adapter 507Hz	60	0.507	70.00	0.079
448.01	0.05	Adapter 507Hz	60	0.507	70.00	0.079
448.09	0.05	Adapter 507Hz	60	0.507	70.00	0.079
448.17	0.05	Adapter 507Hz	60	0.507	70.00	0.079
448.25	0.05	Adapter 507Hz	60	0.507	70.00	0.079
448.51	0.05	Adapter 507Hz	60	0.507	70.00	0.079
448.59	0.05	Adapter 507Hz	60	0.507	70.00	0.079
448.67	0.05	Adapter 507Hz	60	0.507	70.00	0.079
448.75	0.05	Adapter 507Hz	60	0.507	70.00	0.079
449.01	0.05	Adapter 507Hz	60	0.507	70.00	0.079
449.09	0.05	Adapter 507Hz	60	0.507	70.00	0.079
449.17	0.05	Adapter 507Hz	60	0.507	70.00	0.079
449.25	0.05	Adapter 507Hz	60	0.507	70.00	0.079
449.51	0.05	Adapter 507Hz	60	0.507	70.00	0.079
449.59	0.05	Adapter 507Hz	60	0.507	70.00	0.079
449.67	0.05	Adapter 507Hz	60	0.507	70.00	0.079
449.75	0.05	Adapter 507Hz	60	0.507	70.00	0.079
452.865	0.05	Probe 3839Hz	61	3.839	70.00	0.437
453.365	0.05	Probe 3839Hz	61	3.839	70.00	0.437
453.865	0.05	Probe 3839Hz	61	3.839	70.00	0.437
454.365	0.05	Probe 3839Hz	61	3.839	70.00	0.437
454.865	0.05	Probe 3839Hz	61	3.839	70.00	0.437
455.365	0.05	Probe 3839Hz	61	3.839	70.00	0.437
455.865	0.05	Probe 3839Hz	61	3.839	70.00	0.437
456.365	0.05	Probe 3839Hz	61	3.839	70.00	0.437
456.865	0.05	Probe 3839Hz	61	3.839	70.00	0.437
457.365	0.05	Probe 3839Hz	61	3.839	70.00	0.437
460.033	0.05	Adapter 3839Hz	62	3.839	70.00	0.437
460.113	0.05	Adapter 3839Hz	62	3.839	70.00	0.437
460.193	0.05	Adapter 3839Hz	62	3.839	70.00	0.437
460.273	0.05	Adapter 3839Hz	62	3.839	70.00	0.437
460.533	0.05	Adapter 3839Hz	62	3.839	70.00	0.437
460.613	0.05	Adapter 3839Hz	62	3.839	70.00	0.437
460.693	0.05	Adapter 3839Hz	62	3.839	70.00	0.437
460.773	0.05	Adapter 3839Hz	62	3.839	70.00	0.437
461.033	0.05	Adapter 3839Hz	62	3.839	70.00	0.437
461.113	0.05	Adapter 3839Hz	62	3.839	70.00	0.437
461.193	0.05	Adapter 3839Hz	62	3.839	70.00	0.437
461.273	0.05	Adapter 3839Hz	62	3.839	70.00	0.437
461.533	0.05	Adapter 3839Hz	62	3.839	70.00	0.437
461.613	0.05	Adapter 3839Hz	62	3.839	70.00	0.437
461.693	0.05	Adapter 3839Hz	62	3.839	70.00	0.437
461.773	0.05	Adapter 3839Hz	62	3.839	70.00	0.437
462.033	0.05	Adapter 3839Hz	62	3.839	70.00	0.437
462.113	0.05	Adapter 3839Hz	62	3.839	70.00	0.437
462.193	0.05	Adapter 3839Hz	62	3.839	70.00	0.437
462.273	0.05	Adapter 3839Hz	62	3.839	70.00	0.437
462.533	0.05	Adapter 3839Hz	62	3.839	70.00	0.437
462.613	0.05	Adapter 3839Hz	62	3.839	70.00	0.437
462.693	0.05	Adapter 3839Hz	62	3.839	70.00	0.437
462.773	0.05	Adapter 3839Hz	62	3.839	70.00	0.437
463.033	0.05	Adapter 3839Hz	62	3.839	70.00	0.437
463.113	0.05	Adapter 3839Hz	62	3.839	70.00	0.437
463.193	0.05	Adapter 3839Hz	62	3.839	70.00	0.437
463.273	0.05	Adapter 3839Hz	62	3.839	70.00	0.437
463.533	0.05	Adapter 3839Hz	62	3.839	70.00	0.437
463.613	0.05	Adapter 3839Hz	62	3.839	70.00	0.437
463.693	0.05	Adapter 3839Hz	62	3.839	70.00	0.437
463.773	0.05	Adapter 3839Hz	62	3.839	70.00	0.437
464.033	0.05	Adapter 3839Hz	62	3.839	70.00	0.437
464.113	0.05	Adapter 3839Hz	62	3.839	70.00	0.437
464.193	0.05	Adapter 3839Hz	62	3.839	70.00	0.437
464.273	0.05	Adapter 3839Hz	62	3.839	70.00	0.437
464.533	0.05	Adapter 3839Hz	62	3.839	70.00	0.437
464.613	0.05	Adapter 3839Hz	62	3.839	70.00	0.437
464.693	0.05	Adapter 3839Hz	62	3.839	70.00	0.437
464.773	0.05	Adapter 3839Hz	62	3.839	70.00	0.437
467.568	0.05	Adapter 1501Hz Probe 3839Hz	63	1.501	70.00	0.186
467.648	0.05	Adapter 1501Hz Probe 3839Hz	63	1.501	70.00	0.186
467.728	0.05	Adapter 1501Hz Probe 3839Hz	63	1.501	70.00	0.186
467.808	0.05	Adapter 1501Hz Probe 3839Hz	63	1.501	70.00	0.186
467.888	0.05	Adapter 1501Hz Probe 3839Hz	63	3.839	70.00	0.437
468.068	0.05	Adapter 1501Hz Probe 3839Hz	63	1.501	70.00	0.186
468.148	0.05	Adapter 1501Hz Probe 3839Hz	63	1.501	70.00	0.186
468.228	0.05	Adapter 1501Hz Probe 3839Hz	63	1.501	70.00	0.186
468.308	0.05	Adapter 1501Hz Probe 3839Hz	63	1.501	70.00	0.186
468.388	0.05	Adapter 1501Hz Probe 3839Hz	63	3.839	70.00	0.437
468.568	0.05	Adapter 1501Hz Probe 3839Hz	63	1.501	70.00	0.186
468.648	0.05	Adapter 1501Hz Probe 3839Hz	63	1.501	70.00	0.186
468.728	0.05	Adapter 1501Hz Probe 3839Hz	63	1.501	70.00	0.186
468.808	0.05	Adapter 1501Hz Probe 3839Hz	63	1.501	70.00	0.186
468.888	0.05	Adapter 1501Hz Probe 3839Hz	63	3.839	70.00	0.437
469.068	0.05	Adapter 1501Hz Probe 3839Hz	63	1.501	70.00	0.186
469.148	0.05	Adapter 1501Hz Probe 3839Hz	63	1.501	70.00	0.186
469.228	0.05	Adapter 1501Hz Probe 3839Hz	63	1.501	70.00	0.186
469.308	0.05	Adapter 1501Hz Probe 3839Hz	63	1.501	70.00	0.186
469.388	0.05	Adapter 1501Hz Probe 3839Hz	63	3.839	70.00	0.437
469.568	0.05	Adapter 1501Hz Probe 3839Hz	63	1.501	70.00	0.186
469.648	0.05	Adapter 1501Hz Probe 3839Hz	63	1.501	70.00	0.186
469.728	0.05	Adapter 1501Hz Probe 3839Hz	63	1.501	70.00	0.186
469.808	0.05	Adapter 1501Hz Probe 3839Hz	63	1.501	70.00	0.186
469.888	0.05	Adapter 1501Hz Probe 3839Hz	63	3.839	70.00	0.437
470.068	0.05	Adapter 1501Hz Probe 3839Hz	63	1.501	70.00	0.186
470.148	0.05	Adapter 1501Hz Probe 3839Hz	63	1.501	70.00	0.186
470.228	0.05	Adapter 1501Hz Probe 3839Hz	63	1.501	70.00	0.186
470.308	0.05	Adapter 1501Hz Probe 3839Hz	63	1.501	70.00	0.186
470.388	0.05	Adapter 1501Hz Probe 3839Hz	63	3.839	70.00	0.437
470.568	0.05	Adapter 1501Hz Probe 3839Hz	63	1.501	70.00	0.186
470.648	0.05	Adapter 1501Hz Probe 3839Hz	63	1.501	70.00	0.186
470.728	0.05	Adapter 1501Hz Probe 3839Hz	63	1.501	70.00	0.186
470.808	0.05	Adapter 1501Hz Probe 3839Hz	63	1.501	70.00	0.186
470.888	0.05	Adapter 1501Hz Probe 3839Hz	63	3.839	70.00	0.437
471.068	0.05	Adapter 1501Hz Probe 3839Hz	63	1.501	70.00	0.186
471.148	0.05	Adapter 1501Hz Probe 3839Hz	63	1.501	70.00	0.186
471.228	0.05	Adapter 1501Hz Probe 3839Hz	63	1.501	70.00	0.186
471.308	0.05	Adapter 1501Hz Probe 3839Hz	63	1.501	70.00	0.186
471.388	0.05	Adapter 1501Hz Probe 3839Hz	63	3.839	70.00	0.437
471.568	0.05	Adapter 1501Hz Probe 3839Hz	63	1.501	70.00	0.186
471.648	0.05	Adapter 1501Hz Probe 3839Hz	63	1.501	70.00	0.186
471.728	0.05	Adapter 1501Hz Probe 3839Hz	63	1.501	70.00	0.186
471.808	0.05	Adapter 1501Hz Probe 3839Hz	63	1.501	70.00	0.186
471.888	0.05	Adapter 1501Hz Probe 3839Hz	63	3.839	70.00	0.437
472.068	0.05	Adapter 1501Hz Probe 3839Hz	63	1.501	70.00	0.186
472.148	0.05	Adapter 1501Hz Probe 3839Hz	63	1.501	70.00	0.186
472.228	0.05	Adapter 1501Hz Probe 3839Hz	63	1.501	70.00	0.186
472.308	0.05	Adapter 1501Hz Probe 3839Hz	63	1.501	70.00	0.186
472.388	0.05	Adapter 1501Hz Probe 3839Hz	63	3.839	70.00	0.437
475.025	0.05	Adapter 6009Hz	64	6.009	70.00	0.671
475.105	0.05	Adapter 6009Hz	64	6.009	70.00	0.671
475.185	0.05	Adapter 6009Hz	64	6.009	70.00	0.671
475.265	0.05	Adapter 6009Hz	64	6.009	70.00	0.671
475.525	0.05	Adapter 6009Hz	64	6.009	70.00	0.671
475.605	0.05	Adapter 6009Hz	64	6.009	70.00	0.671
475.685	0.05	Adapter 6009Hz	64	6.009	70.00	0.671
475.765	0.05	Adapter 6009Hz	64	6.009	70.00	0.671
476.025	0.05	Adapter 6009Hz	64	6.009	70.00	0.671
476.105	0.05	Adapter 6009Hz	64	6.009	70.00	0.671
476.185	0.05	Adapter 6009Hz	64	6.009	70.00	0.671
476.265	0.05	Adapter 6009Hz	64	6.009	70.00	0.671
476.525	0.05	Adapter 6009Hz	64	6.009	70.00	0.671
476.605	0.05	Adapter 6009Hz	64	6.009	70.00	0.671
476.685	0.05	Adapter 6009Hz	64	6.009	70.00	0.671
476.765	0.05	Adapter 6009Hz	64	6.009	70.00	0.671
477.025	0.05	Adapter 6009Hz	64	6.009	70.00	0.671
477.105	0.05	Adapter 6009Hz	64	6.009	70.00	0.671
477.185	0.05	Adapter 6009Hz	64	6.009	70.00	0.671
477.265	0.05	Adapter 6009Hz	64	6.009	70.00	0.671
477.525	0.05	Adapter 6009Hz	64	6.009	70.00	0.671
477.605	0.05	Adapter 6009Hz	64	6.009	70.00	0.671
477.685	0.05	Adapter 6009Hz	64	6.009	70.00	0.671
477.765	0.05	Adapter 6009Hz	64	6.009	70.00	0.671
478.025	0.05	Adapter 6009Hz	64	6.009	70.00	0.671
478.105	0.05	Adapter 6009Hz	64	6.009	70.00	0.671
478.185	0.05	Adapter 6009Hz	64	6.009	70.00	0.671
478.265	0.05	Adapter 6009Hz	64	6.009	70.00	0.671
478.525	0.05	Adapter 6009Hz	64	6.009	70.00	0.671
478.605	0.05	Adapter 6009Hz	64	6.009	70.00	0.671
478.685	0.05	Adapter 6009Hz	64	6.009	70.00	0.671
478.765	0.05	Adapter 6009Hz	64	6.009	70.00	0.671
479.025	0.05	Adapter 6009Hz	64	6.009	70.00	0.671
479.105	0.05	Adapter 6009Hz	64	6.009	70.00	0.671
479.185	0.05	Adapter 6009Hz	64	6.009	70.00	0.671
479.265	0.05	Adapter 6009Hz	64	6.009	70.00	0.671
479.525	0.05	Adapter 6009Hz	64	6.009	70.00	0.671
479.605	0.05	Adapter 6009Hz	64	6.009	70.00	0.671
479.685	0.05	Adapter 6009Hz	64	6.009	70.00	0.671
479.765	0.05	Adapter 6009Hz	64	6.009	70.00	0.671
