onset	duration	trial_type	scan	frequency_kHz	level_dB_SPL	bandwidth_kHz
2.5	0.05	Adapter 251Hz	1	0.251	70.00	0.052
2.58	0.05	Adapter 251Hz	1	0.251	70.00	0.052
2.66	0.05	Adapter 251Hz	1	0.251	70.00	0.052
2.74	0.05	Adapter 251Hz	1	0.251	70.00	0.052
3.0	0.05	Adapter 251Hz	1	0.251	70.00	0.052
3.08	0.05	Adapter 251Hz	1	0.251	70.00	0.052
3.16	0.05	Adapter 251Hz	1	0.251	70.00	0.052
3.24	0.05	Adapter 251Hz	1	0.251	70.00	0.052
3.5	0.05	Adapter 251Hz	1	0.251	70.00	0.052
3.58	0.05	Adapter 251Hz	1	0.251	70.00	0.052
3.66	0.05	Adapter 251Hz	1	0.251	70.00	0.052
3.74	0.05	Adapter 251Hz	1	0.251	70.00	0.052
4.0	0.05	Adapter 251Hz	1	0.251	70.00	0.052
4.08	0.05	Adapter 251Hz	1	0.251	70.00	0.052
4.16	0.05	Adapter 251Hz	1	0.251	70.00	0.052
4.24	0.05	Adapter 251Hz	1	0.251	70.00	0.052
4.5	0.05	Adapter 251Hz	1	0.251	70.00	0.052
4.58	0.05	Adapter 251Hz	1	0.251	70.00	0.052
4.66	0.05	Adapter 251Hz	1	0.251	70.00	0.052
4.74	0.05	Adapter 251Hz	1	0.251	70.00	0.052
5.0	0.05	Adapter 251Hz	1	0.251	70.00	0.052
5.08	0.05	Adapter 251Hz	1	0.251	70.00	0.052
5.16	0.05	Adapter 251Hz	1	0.251	70.00	0.052
5.24	0.05	Adapter 251Hz	1	0.251	70.00	0.052
5.5	0.05	Adapter 251Hz	1	0.251	70.00	0.052
5.58	0.05	Adapter 251Hz	1	0.251	70.00	0.052
5.66	0.05	Adapter 251Hz	1	0.251	70.00	0.052
5.74	0.05	Adapter 251Hz	1	0.251	70.00	0.052
6.0	0.05	Adapter 251Hz	1	0.251	70.00	0.052
6.08	0.05	Adapter 251Hz	1	0.251	70.00	0.052
6.16	0.05	Adapter 251Hz	1	0.251	70.00	0.052
6.24	0.05	Adapter 251Hz	1	0.251	70.00	0.052
6.5	0.05	Adapter 251Hz	1	0.251	70.00	0.052
6.58	0.05	Adapter 251Hz	1	0.251	70.00	0.052
6.66	0.05	Adapter 251Hz	1	0.251	70.00	0.052
6.74	0.05	Adapter 251Hz	1	0.251	70.00	0.052
7.0	0.05	Adapter 251Hz	1	0.251	70.00	0.052
7.08	0.05	Adapter 251Hz	1	0.251	70.00	0.052
7.16	0.05	Adapter 251Hz	1	0.251	70.00	0.052
7.24	0.05	Adapter 251Hz	1	0.251	70.00	0.052
10.05	0.05	Adapter 3839Hz Probe 3839Hz	2	3.839	70.00	0.437
10.13	0.05	Adapter 3839Hz Probe 3839Hz	2	3.839	70.00	0.437
10.21	0.05	Adapter 3839Hz Probe 3839Hz	2	3.839	70.00	0.437
10.29	0.05	Adapter 3839Hz Probe 3839Hz	2	3.839	70.00	0.437
10.37	0.05	Adapter 3839Hz Probe 3839Hz	2	3.839	70.00	0.437
10.55	0.05	Adapter 3839Hz Probe 3839Hz	2	3.839	70.00	0.437
10.63	0.05	Adapter 3839Hz Probe 3839Hz	2	3.839	70.00	0.437
10.71	0.05	Adapter 3839Hz Probe 3839Hz	2	3.839	70.00	0.437
10.79	0.05	Adapter 3839Hz Probe 3839Hz	2	3.839	70.00	0.437
10.87	0.05	Adapter 3839Hz Probe 3839Hz	2	3.839	70.00	0.437
11.05	0.05	Adapter 3839Hz Probe 3839Hz	2	3.839	70.00	0.437
11.13	0.05	Adapter 3839Hz Probe 3839Hz	2	3.839	70.00	0.437
11.21	0.05	Adapter 3839Hz Probe 3839Hz	2	3.839	70.00	0.437
11.29	0.05	Adapter 3839Hz Probe 3839Hz	2	3.839	70.00	0.437
11.37	0.05	Adapter 3839Hz Probe 3839Hz	2	3.839	70.00	0.437
11.55	0.05	Adapter 3839Hz Probe 3839Hz	2	3.839	70.00	0.437
11.63	0.05	Adapter 3839Hz Probe 3839Hz	2	3.839	70.00	0.437
11.71	0.05	Adapter 3839Hz Probe 3839Hz	2	3.839	70.00	0.437
11.79	0.05	Adapter 3839Hz Probe 3839Hz	2	3.839	70.00	0.437
11.87	0.05	Adapter 3839Hz Probe 3839Hz	2	3.839	70.00	0.437
12.05	0.05	Adapter 3839Hz Probe 3839Hz	2	3.839	70.00	0.437
12.13	0.05	Adapter 3839Hz Probe 3839Hz	2	3.839	70.00	0.437
12.21	0.05	Adapter 3839Hz Probe 3839Hz	2	3.839	70.00	0.437
12.29	0.05	Adapter 3839Hz Probe 3839Hz	2	3.839	70.00	0.437
12.37	0.05	Adapter 3839Hz Probe 3839Hz	2	3.839	70.00	0.437
12.55	0.05	Adapter 3839Hz Probe 3839Hz	2	3.839	70.00	0.437
12.63	0.05	Adapter 3839Hz Probe 3839Hz	2	3.839	70.00	0.437
12.71	0.05	Adapter 3839Hz Probe 3839Hz	2	3.839	70.00	0.437
12.79	0.05	Adapter 3839Hz Probe 3839Hz	2	3.839	70.00	0.437
12.87	0.05	Adapter 3839Hz Probe 3839Hz	2	3.839	70.00	0.437
13.05	0.05	Adapter 3839Hz Probe 3839Hz	2	3.839	70.00	0.437
13.13	0.05	Adapter 3839Hz Probe 3839Hz	2	3.839	70.00	0.437
13.21	0.05	Adapter 3839Hz Probe 3839Hz	2	3.839	70.00	0.437
13.29	0.05	Adapter 3839Hz Probe 3839Hz	2	3.839	70.00	0.437
13.37	0.05	Adapter 3839Hz Probe 3839Hz	2	3.839	70.00	0.437
13.55	0.05	Adapter 3839Hz Probe 3839Hz	2	3.839	70.00	0.437
13.63	0.05	Adapter 3839Hz Probe 3839Hz	2	3.839	70.00	0.437
13.71	0.05	Adapter 3839Hz Probe 3839Hz	2	3.839	70.00	0.437
13.79	0.05	Adapter 3839Hz Probe 3839Hz	2	3.839	70.00	0.437
13.87	0.05	Adapter 3839Hz Probe 3839Hz	2	3.839	70.00	0.437
14.05	0.05	Adapter 3839Hz Probe 3839Hz	2	3.839	70.00	0.437
14.13	0.05	Adapter 3839Hz Probe 3839Hz	2	3.839	70.00	0.437
14.21	0.05	Adapter 3839Hz Probe 3839Hz	2	3.839	70.00	0.437
14.29	0.05	Adapter 3839Hz Probe 3839Hz	2	3.839	70.00	0.437
14.37	0.05	Adapter 3839Hz Probe 3839Hz	2	3.839	70.00	0.437
14.55	0.05	Adapter 3839Hz Probe 3839Hz	2	3.839	70.00	0.437
14.63	0.05	Adapter 3839Hz Probe 3839Hz	2	3.839	70.00	0.437
14.71	0.05	Adapter 3839Hz Probe 3839Hz	2	3.839	70.00	0.437
14.79	0.05	Adapter 3839Hz Probe 3839Hz	2	3.839	70.00	0.437
14.87	0.05	Adapter 3839Hz Probe 3839Hz	2	3.839	70.00	0.437
25.027	0.05	Adapter 899Hz Probe 3839Hz	4	0.899	70.00	0.121
25.107	0.05	Adapter 899Hz Probe 3839Hz	4	0.899	70.00	0.121
25.187	0.05	Adapter 899Hz Probe 3839Hz	4	0.899	70.00	0.121
25.267	0.05	Adapter 899Hz Probe 3839Hz	4	0.899	70.00	0.121
25.347	0.05	Adapter 899Hz Probe 3839Hz	4	3.839	70.00	0.437
25.527	0.05	Adapter 899Hz Probe 3839Hz	4	0.899	70.00	0.121
25.607	0.05	Adapter 899Hz Probe 3839Hz	4	0.899	70.00	0.121
25.687	0.05	Adapter 899Hz Probe 3839Hz	4	0.899	70.00	0.121
25.767	0.05	Adapter 899Hz Probe 3839Hz	4	0.899	70.00	0.121
25.847	0.05	Adapter 899Hz Probe 3839Hz	4	3.839	70.00	0.437
26.027	0.05	Adapter 899Hz Probe 3839Hz	4	0.899	70.00	0.121
26.107	0.05	Adapter 899Hz Probe 3839Hz	4	0.899	70.00	0.121
26.187	0.05	Adapter 899Hz Probe 3839Hz	4	0.899	70.00	0.121
26.267	0.05	Adapter 899Hz Probe 3839Hz	4	0.899	70.00	0.121
26.347	0.05	Adapter 899Hz Probe 3839Hz	4	3.839	70.00	0.437
26.527	0.05	Adapter 899Hz Probe 3839Hz	4	0.899	70.00	0.121
26.607	0.05	Adapter 899Hz Probe 3839Hz	4	0.899	70.00	0.121
26.687	0.05	Adapter 899Hz Probe 3839Hz	4	0.899	70.00	0.121
26.767	0.05	Adapter 899Hz Probe 3839Hz	4	0.899	70.00	0.121
26.847	0.05	Adapter 899Hz Probe 3839Hz	4	3.839	70.00	0.437
27.027	0.05	Adapter 899Hz Probe 3839Hz	4	0.899	70.00	0.121
27.107	0.05	Adapter 899Hz Probe 3839Hz	4	0.899	70.00	0.121
27.187	0.05	Adapter 899Hz Probe 3839Hz	4	0.899	70.00	0.121
27.267	0.05	Adapter 899Hz Probe 3839Hz	4	0.899	70.00	0.121
27.347	0.05	Adapter 899Hz Probe 3839Hz	4	3.839	70.00	0.437
27.527	0.05	Adapter 899Hz Probe 3839Hz	4	0.899	70.00	0.121
27.607	0.05	Adapter 899Hz Probe 3839Hz	4	0.899	70.00	0.121
27.687	0.05	Adapter 899Hz Probe 3839Hz	4	0.899	70.00	0.121
27.767	0.05	Adapter 899Hz Probe 3839Hz	4	0.899	70.00	0.121
27.847	0.05	Adapter 899Hz Probe 3839Hz	4	3.839	70.00	0.437
28.027	0.05	Adapter 899Hz Probe 3839Hz	4	0.899	70.00	0.121
28.107	0.05	Adapter 899Hz Probe 3839Hz	4	0.899	70.00	0.121
28.187	0.05	Adapter 899Hz Probe 3839Hz	4	0.899	70.00	0.121
28.267	0.05	Adapter 899Hz Probe 3839Hz	4	0.899	70.00	0.121
28.347	0.05	Adapter 899Hz Probe 3839Hz	4	3.839	70.00	0.437
28.527	0.05	Adapter 899Hz Probe 3839Hz	4	0.899	70.00	0.121
28.607	0.05	Adapter 899Hz Probe 3839Hz	4	0.899	70.00	0.121
28.687	0.05	Adapter 899Hz Probe 3839Hz	4	0.899	70.00	0.121
28.767	0.05	Adapter 899Hz Probe 3839Hz	4	0.899	70.00	0.121
28.847	0.05	Adapter 899Hz Probe 3839Hz	4	3.839	70.00	0.437
29.027	0.05	Adapter 899Hz Probe 3839Hz	4	0.899	70.00	0.121
29.107	0.05	Adapter 899Hz Probe 3839Hz	4	0.899	70.00	0.121
29.187	0.05	Adapter 899Hz Probe 3839Hz	4	0.899	70.00	0.121
29.267	0.05	Adapter 899Hz Probe 3839Hz	4	0.899	70.00	0.121
29.347	0.05	Adapter 899Hz Probe 3839Hz	4	3.839	70.00	0.437
29.527	0.05	Adapter 899Hz Probe 3839Hz	4	0.899	70.00	0.121
29.607	0.05	Adapter 899Hz Probe 3839Hz	4	0.899	70.00	0.121
29.687	0.05	Adapter 899Hz Probe 3839Hz	4	0.899	70.00	0.121
29.767	0.05	Adapter 899Hz Probe 3839Hz	4	0.899	70.00	0.121
29.847	0.05	Adapter 899Hz Probe 3839Hz	4	3.839	70.00	0.437
32.515	0.05	Adapter 3839Hz	5	3.839	70.00	0.437
32.595	0.05	Adapter 3839Hz	5	3.839	70.00	0.437
32.675	0.05	Adapter 3839Hz	5	3.839	70.00	0.437
32.755	0.05	Adapter 3839Hz	5	3.839	70.00	0.437
33.015	0.05	Adapter 3839Hz	5	3.839	70.00	0.437
33.095	0.05	Adapter 3839Hz	5	3.839	70.00	0.437
33.175	0.05	Adapter 3839Hz	5	3.839	70.00	0.437
33.255	0.05	Adapter 3839Hz	5	3.839	70.00	0.437
33.515	0.05	Adapter 3839Hz	5	3.839	70.00	0.437
33.595	0.05	Adapter 3839Hz	5	3.839	70.00	0.437
33.675	0.05	Adapter 3839Hz	5	3.839	70.00	0.437
33.755	0.05	Adapter 3839Hz	5	3.839	70.00	0.437
34.015	0.05	Adapter 3839Hz	5	3.839	70.00	0.437
34.095	0.05	Adapter 3839Hz	5	3.839	70.00	0.437
34.175	0.05	Adapter 3839Hz	5	3.839	70.00	0.437
34.255	0.05	Adapter 3839Hz	5	3.839	70.00	0.437
34.515	0.05	Adapter 3839Hz	5	3.839	70.00	0.437
34.595	0.05	Adapter 3839Hz	5	3.839	70.00	0.437
34.675	0.05	Adapter 3839Hz	5	3.839	70.00	0.437
34.755	0.05	Adapter 3839Hz	5	3.839	70.00	0.437
35.015	0.05	Adapter 3839Hz	5	3.839	70.00	0.437
35.095	0.05	Adapter 3839Hz	5	3.839	70.00	0.437
35.175	0.05	Adapter 3839Hz	5	3.839	70.00	0.437
35.255	0.05	Adapter 3839Hz	5	3.839	70.00	0.437
35.515	0.05	Adapter 3839Hz	5	3.839	70.00	0.437
35.595	0.05	Adapter 3839Hz	5	3.839	70.00	0.437
35.675	0.05	Adapter 3839Hz	5	3.839	70.00	0.437
35.755	0.05	Adapter 3839Hz	5	3.839	70.00	0.437
36.015	0.05	Adapter 3839Hz	5	3.839	70.00	0.437
36.095	0.05	Adapter 3839Hz	5	3.839	70.00	0.437
36.175	0.05	Adapter 3839Hz	5	3.839	70.00	0.437
36.255	0.05	Adapter 3839Hz	5	3.839	70.00	0.437
36.515	0.05	Adapter 3839Hz	5	3.839	70.00	0.437
36.595	0.05	Adapter 3839Hz	5	3.839	70.00	0.437
36.675	0.05	Adapter 3839Hz	5	3.839	70.00	0.437
36.755	0.05	Adapter 3839Hz	5	3.839	70.00	0.437
37.015	0.05	Adapter 3839Hz	5	3.839	70.00	0.437
37.095	0.05	Adapter 3839Hz	5	3.839	70.00	0.437
37.175	0.05	Adapter 3839Hz	5	3.839	70.00	0.437
37.255	0.05	Adapter 3839Hz	5	3.839	70.00	0.437
47.553	0.05	Adapter 507Hz Probe 3839Hz	7	0.507	70.00	0.079
47.633	0.05	Adapter 507Hz Probe 3839Hz	7	0.507	70.00	0.079
47.713	0.05	Adapter 507Hz Probe 3839Hz	7	0.507	70.00	0.079
47.793	0.05	Adapter 507Hz Probe 3839Hz	7	0.507	70.00	0.079
47.873	0.05	Adapter 507Hz Probe 3839Hz	7	3.839	70.00	0.437
48.053	0.05	Adapter 507Hz Probe 3839Hz	7	0.507	70.00	0.079
48.133	0.05	Adapter 507Hz Probe 3839Hz	7	0.507	70.00	0.079
48.213	0.05	Adapter 507Hz Probe 3839Hz	7	0.507	70.00	0.079
48.293	0.05	Adapter 507Hz Probe 3839Hz	7	0.507	70.00	0.079
48.373	0.05	Adapter 507Hz Probe 3839Hz	7	3.839	70.00	0.437
48.553	0.05	Adapter 507Hz Probe 3839Hz	7	0.507	70.00	0.079
48.633	0.05	Adapter 507Hz Probe 3839Hz	7	0.507	70.00	0.079
48.713	0.05	Adapter 507Hz Probe 3839Hz	7	0.507	70.00	0.079
48.793	0.05	Adapter 507Hz Probe 3839Hz	7	0.507	70.00	0.079
48.873	0.05	Adapter 507Hz Probe 3839Hz	7	3.839	70.00	0.437
49.053	0.05	Adapter 507Hz Probe 3839Hz	7	0.507	70.00	0.079
49.133	0.05	Adapter 507Hz Probe 3839Hz	7	0.507	70.00	0.079
49.213	0.05	Adapter 507Hz Probe 3839Hz	7	0.507	70.00	0.079
49.293	0.05	Adapter 507Hz Probe 3839Hz	7	0.507	70.00	0.079
49.373	0.05	Adapter 507Hz Probe 3839Hz	7	3.839	70.00	0.437
49.553	0.05	Adapter 507Hz Probe 3839Hz	7	0.507	70.00	0.079
49.633	0.05	Adapter 507Hz Probe 3839Hz	7	0.507	70.00	0.079
49.713	0.05	Adapter 507Hz Probe 3839Hz	7	0.507	70.00	0.079
49.793	0.05	Adapter 507Hz Probe 3839Hz	7	0.507	70.00	0.079
49.873	0.05	Adapter 507Hz Probe 3839Hz	7	3.839	70.00	0.437
50.053	0.05	Adapter 507Hz Probe 3839Hz	7	0.507	70.00	0.079
50.133	0.05	Adapter 507Hz Probe 3839Hz	7	0.507	70.00	0.079
50.213	0.05	Adapter 507Hz Probe 3839Hz	7	0.507	70.00	0.079
50.293	0.05	Adapter 507Hz Probe 3839Hz	7	0.507	70.00	0.079
50.373	0.05	Adapter 507Hz Probe 3839Hz	7	3.839	70.00	0.437
50.553	0.05	Adapter 507Hz Probe 3839Hz	7	0.507	70.00	0.079
50.633	0.05	Adapter 507Hz Probe 3839Hz	7	0.507	70.00	0.079
50.713	0.05	Adapter 507Hz Probe 3839Hz	7	0.507	70.00	0.079
50.793	0.05	Adapter 507Hz Probe 3839Hz	7	0.507	70.00	0.079
50.873	0.05	Adapter 507Hz Probe 3839Hz	7	3.839	70.00	0.437
51.053	0.05	Adapter 507Hz Probe 3839Hz	7	0.507	70.00	0.079
51.133	0.05	Adapter 507Hz Probe 3839Hz	7	0.507	70.00	0.079
51.213	0.05	Adapter 507Hz Probe 3839Hz	7	0.507	70.00	0.079
51.293	0.05	Adapter 507Hz Probe 3839Hz	7	0.507	70.00	0.079
51.373	0.05	Adapter 507Hz Probe 3839Hz	7	3.839	70.00	0.437
51.553	0.05	Adapter 507Hz Probe 3839Hz	7	0.507	70.00	0.079
51.633	0.05	Adapter 507Hz Probe 3839Hz	7	0.507	70.00	0.079
51.713	0.05	Adapter 507Hz Probe 3839Hz	7	0.507	70.00	0.079
51.793	0.05	Adapter 507Hz Probe 3839Hz	7	0.507	70.00	0.079
51.873	0.05	Adapter 507Hz Probe 3839Hz	7	3.839	70.00	0.437
52.053	0.05	Adapter 507Hz Probe 3839Hz	7	0.507	70.00	0.079
52.133	0.05	Adapter 507Hz Probe 3839Hz	7	0.507	70.00	0.079
52.213	0.05	Adapter 507Hz Probe 3839Hz	7	0.507	70.00	0.079
52.293	0.05	Adapter 507Hz Probe 3839Hz	7	0.507	70.00	0.079
52.373	0.05	Adapter 507Hz Probe 3839Hz	7	3.839	70.00	0.437
55.041	0.05	Adapter 2423Hz Probe 3839Hz	8	2.423	70.00	0.285
55.121	0.05	Adapter 2423Hz Probe 3839Hz	8	2.423	70.00	0.285
55.201	0.05	Adapter 2423Hz Probe 3839Hz	8	2.423	70.00	0.285
55.281	0.05	Adapter 2423Hz Probe 3839Hz	8	2.423	70.00	0.285
55.361	0.05	Adapter 2423Hz Probe 3839Hz	8	3.839	70.00	0.437
55.541	0.05	Adapter 2423Hz Probe 3839Hz	8	2.423	70.00	0.285
55.621	0.05	Adapter 2423Hz Probe 3839Hz	8	2.423	70.00	0.285
55.701	0.05	Adapter 2423Hz Probe 3839Hz	8	2.423	70.00	0.285
55.781	0.05	Adapter 2423Hz Probe 3839Hz	8	2.423	70.00	0.285
55.861	0.05	Adapter 2423Hz Probe 3839Hz	8	3.839	70.00	0.437
56.041	0.05	Adapter 2423Hz Probe 3839Hz	8	2.423	70.00	0.285
56.121	0.05	Adapter 2423Hz Probe 3839Hz	8	2.423	70.00	0.285
56.201	0.05	Adapter 2423Hz Probe 3839Hz	8	2.423	70.00	0.285
56.281	0.05	Adapter 2423Hz Probe 3839Hz	8	2.423	70.00	0.285
56.361	0.05	Adapter 2423Hz Probe 3839Hz	8	3.839	70.00	0.437
56.541	0.05	Adapter 2423Hz Probe 3839Hz	8	2.423	70.00	0.285
56.621	0.05	Adapter 2423Hz Probe 3839Hz	8	2.423	70.00	0.285
56.701	0.05	Adapter 2423Hz Probe 3839Hz	8	2.423	70.00	0.285
56.781	0.05	Adapter 2423Hz Probe 3839Hz	8	2.423	70.00	0.285
56.861	0.05	Adapter 2423Hz Probe 3839Hz	8	3.839	70.00	0.437
57.041	0.05	Adapter 2423Hz Probe 3839Hz	8	2.423	70.00	0.285
57.121	0.05	Adapter 2423Hz Probe 3839Hz	8	2.423	70.00	0.285
57.201	0.05	Adapter 2423Hz Probe 3839Hz	8	2.423	70.00	0.285
57.281	0.05	Adapter 2423Hz Probe 3839Hz	8	2.423	70.00	0.285
57.361	0.05	Adapter 2423Hz Probe 3839Hz	8	3.839	70.00	0.437
57.541	0.05	Adapter 2423Hz Probe 3839Hz	8	2.423	70.00	0.285
57.621	0.05	Adapter 2423Hz Probe 3839Hz	8	2.423	70.00	0.285
57.701	0.05	Adapter 2423Hz Probe 3839Hz	8	2.423	70.00	0.285
57.781	0.05	Adapter 2423Hz Probe 3839Hz	8	2.423	70.00	0.285
57.861	0.05	Adapter 2423Hz Probe 3839Hz	8	3.839	70.00	0.437
58.041	0.05	Adapter 2423Hz Probe 3839Hz	8	2.423	70.00	0.285
58.121	0.05	Adapter 2423Hz Probe 3839Hz	8	2.423	70.00	0.285
58.201	0.05	Adapter 2423Hz Probe 3839Hz	8	2.423	70.00	0.285
58.281	0.05	Adapter 2423Hz Probe 3839Hz	8	2.423	70.00	0.285
58.361	0.05	Adapter 2423Hz Probe 3839Hz	8	3.839	70.00	0.437
58.541	0.05	Adapter 2423Hz Probe 3839Hz	8	2.423	70.00	0.285
58.621	0.05	Adapter 2423Hz Probe 3839Hz	8	2.423	70.00	0.285
58.701	0.05	Adapter 2423Hz Probe 3839Hz	8	2.423	70.00	0.285
58.781	0.05	Adapter 2423Hz Probe 3839Hz	8	2.423	70.00	0.285
58.861	0.05	Adapter 2423Hz Probe 3839Hz	8	3.839	70.00	0.437
59.041	0.05	Adapter 2423Hz Probe 3839Hz	8	2.423	70.00	0.285
59.121	0.05	Adapter 2423Hz Probe 3839Hz	8	2.423	70.00	0.285
59.201	0.05	Adapter 2423Hz Probe 3839Hz	8	2.423	70.00	0.285
59.281	0.05	Adapter 2423Hz Probe 3839Hz	8	2.423	70.00	0.285
59.361	0.05	Adapter 2423Hz Probe 3839Hz	8	3.839	70.00	0.437
59.541	0.05	Adapter 2423Hz Probe 3839Hz	8	2.423	70.00	0.285
59.621	0.05	Adapter 2423Hz Probe 3839Hz	8	2.423	70.00	0.285
59.701	0.05	Adapter 2423Hz Probe 3839Hz	8	2.423	70.00	0.285
59.781	0.05	Adapter 2423Hz Probe 3839Hz	8	2.423	70.00	0.285
59.861	0.05	Adapter 2423Hz Probe 3839Hz	8	3.839	70.00	0.437
62.513	0.05	Adapter 2423Hz	9	2.423	70.00	0.285
62.593	0.05	Adapter 2423Hz	9	2.423	70.00	0.285
62.673	0.05	Adapter 2423Hz	9	2.423	70.00	0.285
62.753	0.05	Adapter 2423Hz	9	2.423	70.00	0.285
63.013	0.05	Adapter 2423Hz	9	2.423	70.00	0.285
63.093	0.05	Adapter 2423Hz	9	2.423	70.00	0.285
63.173	0.05	Adapter 2423Hz	9	2.423	70.00	0.285
63.253	0.05	Adapter 2423Hz	9	2.423	70.00	0.285
63.513	0.05	Adapter 2423Hz	9	2.423	70.00	0.285
63.593	0.05	Adapter 2423Hz	9	2.423	70.00	0.285
63.673	0.05	Adapter 2423Hz	9	2.423	70.00	0.285
63.753	0.05	Adapter 2423Hz	9	2.423	70.00	0.285
64.013	0.05	Adapter 2423Hz	9	2.423	70.00	0.285
64.093	0.05	Adapter 2423Hz	9	2.423	70.00	0.285
64.173	0.05	Adapter 2423Hz	9	2.423	70.00	0.285
64.253	0.05	Adapter 2423Hz	9	2.423	70.00	0.285
64.513	0.05	Adapter 2423Hz	9	2.423	70.00	0.285
64.593	0.05	Adapter 2423Hz	9	2.423	70.00	0.285
64.673	0.05	Adapter 2423Hz	9	2.423	70.00	0.285
64.753	0.05	Adapter 2423Hz	9	2.423	70.00	0.285
65.013	0.05	Adapter 2423Hz	9	2.423	70.00	0.285
65.093	0.05	Adapter 2423Hz	9	2.423	70.00	0.285
65.173	0.05	Adapter 2423Hz	9	2.423	70.00	0.285
65.253	0.05	Adapter 2423Hz	9	2.423	70.00	0.285
65.513	0.05	Adapter 2423Hz	9	2.423	70.00	0.285
65.593	0.05	Adapter 2423Hz	9	2.423	70.00	0.285
65.673	0.05	Adapter 2423Hz	9	2.423	70.00	0.285
65.753	0.05	Adapter 2423Hz	9	2.423	70.00	0.285
66.013	0.05	Adapter 2423Hz	9	2.423	70.00	0.285
66.093	0.05	Adapter 2423Hz	9	2.423	70.00	0.285
66.173	0.05	Adapter 2423Hz	9	2.423	70.00	0.285
66.253	0.05	Adapter 2423Hz	9	2.423	70.00	0.285
66.513	0.05	Adapter 2423Hz	9	2.423	70.00	0.285
66.593	0.05	Adapter 2423Hz	9	2.423	70.00	0.285
66.673	0.05	Adapter 2423Hz	9	2.423	70.00	0.285
66.753	0.05	Adapter 2423Hz	9	2.423	70.00	0.285
67.013	0.05	Adapter 2423Hz	9	2.423	70.00	0.285
67.093	0.05	Adapter 2423Hz	9	2.423	70.00	0.285
67.173	0.05	Adapter 2423Hz	9	2.423	70.00	0.285
67.253	0.05	Adapter 2423Hz	9	2.423	70.00	0.285
70.048	0.05	Adapter 507Hz	10	0.507	70.00	0.079
70.128	0.05	Adapter 507Hz	10	0.507	70.00	0.079
70.208	0.05	Adapter 507Hz	10	0.507	70.00	0.079
70.288	0.05	Adapter 507Hz	10	0.507	70.00	0.079
70.548	0.05	Adapter 507Hz	10	0.507	70.00	0.079
70.628	0.05	Adapter 507Hz	10	0.507	70.00	0.079
70.708	0.05	Adapter 507Hz	10	0.507	70.00	0.079
70.788	0.05	Adapter 507Hz	10	0.507	70.00	0.079
71.048	0.05	Adapter 507Hz	10	0.507	70.00	0.079
71.128	0.05	Adapter 507Hz	10	0.507	70.00	0.079
71.208	0.05	Adapter 507Hz	10	0.507	70.00	0.079
71.288	0.05	Adapter 507Hz	10	0.507	70.00	0.079
71.548	0.05	Adapter 507Hz	10	0.507	70.00	0.079
71.628	0.05	Adapter 507Hz	10	0.507	70.00	0.079
71.708	0.05	Adapter 507Hz	10	0.507	70.00	0.079
71.788	0.05	Adapter 507Hz	10	0.507	70.00	0.079
72.048	0.05	Adapter 507Hz	10	0.507	70.00	0.079
72.128	0.05	Adapter 507Hz	10	0.507	70.00	0.079
72.208	0.05	Adapter 507Hz	10	0.507	70.00	0.079
72.288	0.05	Adapter 507Hz	10	0.507	70.00	0.079
72.548	0.05	Adapter 507Hz	10	0.507	70.00	0.079
72.628	0.05	Adapter 507Hz	10	0.507	70.00	0.079
72.708	0.05	Adapter 507Hz	10	0.507	70.00	0.079
72.788	0.05	Adapter 507Hz	10	0.507	70.00	0.079
73.048	0.05	Adapter 507Hz	10	0.507	70.00	0.079
73.128	0.05	Adapter 507Hz	10	0.507	70.00	0.079
73.208	0.05	Adapter 507Hz	10	0.507	70.00	0.079
73.288	0.05	Adapter 507Hz	10	0.507	70.00	0.079
73.548	0.05	Adapter 507Hz	10	0.507	70.00	0.079
73.628	0.05	Adapter 507Hz	10	0.507	70.00	0.079
73.708	0.05	Adapter 507Hz	10	0.507	70.00	0.079
73.788	0.05	Adapter 507Hz	10	0.507	70.00	0.079
74.048	0.05	Adapter 507Hz	10	0.507	70.00	0.079
74.128	0.05	Adapter 507Hz	10	0.507	70.00	0.079
74.208	0.05	Adapter 507Hz	10	0.507	70.00	0.079
74.288	0.05	Adapter 507Hz	10	0.507	70.00	0.079
74.548	0.05	Adapter 507Hz	10	0.507	70.00	0.079
74.628	0.05	Adapter 507Hz	10	0.507	70.00	0.079
74.708	0.05	Adapter 507Hz	10	0.507	70.00	0.079
74.788	0.05	Adapter 507Hz	10	0.507	70.00	0.079
85.375	0.05	Probe 3839Hz	12	3.839	70.00	0.437
85.875	0.05	Probe 3839Hz	12	3.839	70.00	0.437
86.375	0.05	Probe 3839Hz	12	3.839	70.00	0.437
86.875	0.05	Probe 3839Hz	12	3.839	70.00	0.437
87.375	0.05	Probe 3839Hz	12	3.839	70.00	0.437
87.875	0.05	Probe 3839Hz	12	3.839	70.00	0.437
88.375	0.05	Probe 3839Hz	12	3.839	70.00	0.437
88.875	0.05	Probe 3839Hz	12	3.839	70.00	0.437
89.375	0.05	Probe 3839Hz	12	3.839	70.00	0.437
89.875	0.05	Probe 3839Hz	12	3.839	70.00	0.437
92.543	0.05	Adapter 899Hz	13	0.899	70.00	0.121
92.623	0.05	Adapter 899Hz	13	0.899	70.00	0.121
92.703	0.05	Adapter 899Hz	13	0.899	70.00	0.121
92.783	0.05	Adapter 899Hz	13	0.899	70.00	0.121
93.043	0.05	Adapter 899Hz	13	0.899	70.00	0.121
93.123	0.05	Adapter 899Hz	13	0.899	70.00	0.121
93.203	0.05	Adapter 899Hz	13	0.899	70.00	0.121
93.283	0.05	Adapter 899Hz	13	0.899	70.00	0.121
93.543	0.05	Adapter 899Hz	13	0.899	70.00	0.121
93.623	0.05	Adapter 899Hz	13	0.899	70.00	0.121
93.703	0.05	Adapter 899Hz	13	0.899	70.00	0.121
93.783	0.05	Adapter 899Hz	13	0.899	70.00	0.121
94.043	0.05	Adapter 899Hz	13	0.899	70.00	0.121
94.123	0.05	Adapter 899Hz	13	0.899	70.00	0.121
94.203	0.05	Adapter 899Hz	13	0.899	70.00	0.121
94.283	0.05	Adapter 899Hz	13	0.899	70.00	0.121
94.543	0.05	Adapter 899Hz	13	0.899	70.00	0.121
94.623	0.05	Adapter 899Hz	13	0.899	70.00	0.121
94.703	0.05	Adapter 899Hz	13	0.899	70.00	0.121
94.783	0.05	Adapter 899Hz	13	0.899	70.00	0.121
95.043	0.05	Adapter 899Hz	13	0.899	70.00	0.121
95.123	0.05	Adapter 899Hz	13	0.899	70.00	0.121
95.203	0.05	Adapter 899Hz	13	0.899	70.00	0.121
95.283	0.05	Adapter 899Hz	13	0.899	70.00	0.121
95.543	0.05	Adapter 899Hz	13	0.899	70.00	0.121
95.623	0.05	Adapter 899Hz	13	0.899	70.00	0.121
95.703	0.05	Adapter 899Hz	13	0.899	70.00	0.121
95.783	0.05	Adapter 899Hz	13	0.899	70.00	0.121
96.043	0.05	Adapter 899Hz	13	0.899	70.00	0.121
96.123	0.05	Adapter 899Hz	13	0.899	70.00	0.121
96.203	0.05	Adapter 899Hz	13	0.899	70.00	0.121
96.283	0.05	Adapter 899Hz	13	0.899	70.00	0.121
96.543	0.05	Adapter 899Hz	13	0.899	70.00	0.121
96.623	0.05	Adapter 899Hz	13	0.899	70.00	0.121
96.703	0.05	Adapter 899Hz	13	0.899	70.00	0.121
96.783	0.05	Adapter 899Hz	13	0.899	70.00	0.121
97.043	0.05	Adapter 899Hz	13	0.899	70.00	0.121
97.123	0.05	Adapter 899Hz	13	0.899	70.00	0.121
97.203	0.05	Adapter 899Hz	13	0.899	70.00	0.121
97.283	0.05	Adapter 899Hz	13	0.899	70.00	0.121
100.031	0.05	Adapter 1501Hz Probe 3839Hz	14	1.501	70.00	0.186
100.111	0.05	Adapter 1501Hz Probe 3839Hz	14	1.501	70.00	0.186
100.191	0.05	Adapter 1501Hz Probe 3839Hz	14	1.501	70.00	0.186
100.271	0.05	Adapter 1501Hz Probe 3839Hz	14	1.501	70.00	0.186
100.351	0.05	Adapter 1501Hz Probe 3839Hz	14	3.839	70.00	0.437
100.531	0.05	Adapter 1501Hz Probe 3839Hz	14	1.501	70.00	0.186
100.611	0.05	Adapter 1501Hz Probe 3839Hz	14	1.501	70.00	0.186
100.691	0.05	Adapter 1501Hz Probe 3839Hz	14	1.501	70.00	0.186
100.771	0.05	Adapter 1501Hz Probe 3839Hz	14	1.501	70.00	0.186
100.851	0.05	Adapter 1501Hz Probe 3839Hz	14	3.839	70.00	0.437
101.031	0.05	Adapter 1501Hz Probe 3839Hz	14	1.501	70.00	0.186
101.111	0.05	Adapter 1501Hz Probe 3839Hz	14	1.501	70.00	0.186
101.191	0.05	Adapter 1501Hz Probe 3839Hz	14	1.501	70.00	0.186
101.271	0.05	Adapter 1501Hz Probe 3839Hz	14	1.501	70.00	0.186
101.351	0.05	Adapter 1501Hz Probe 3839Hz	14	3.839	70.00	0.437
101.531	0.05	Adapter 1501Hz Probe 3839Hz	14	1.501	70.00	0.186
101.611	0.05	Adapter 1501Hz Probe 3839Hz	14	1.501	70.00	0.186
101.691	0.05	Adapter 1501Hz Probe 3839Hz	14	1.501	70.00	0.186
101.771	0.05	Adapter 1501Hz Probe 3839Hz	14	1.501	70.00	0.186
101.851	0.05	Adapter 1501Hz Probe 3839Hz	14	3.839	70.00	0.437
102.031	0.05	Adapter 1501Hz Probe 3839Hz	14	1.501	70.00	0.186
102.111	0.05	Adapter 1501Hz Probe 3839Hz	14	1.501	70.00	0.186
102.191	0.05	Adapter 1501Hz Probe 3839Hz	14	1.501	70.00	0.186
102.271	0.05	Adapter 1501Hz Probe 3839Hz	14	1.501	70.00	0.186
102.351	0.05	Adapter 1501Hz Probe 3839Hz	14	3.839	70.00	0.437
102.531	0.05	Adapter 1501Hz Probe 3839Hz	14	1.501	70.00	0.186
102.611	0.05	Adapter 1501Hz Probe 3839Hz	14	1.501	70.00	0.186
102.691	0.05	Adapter 1501Hz Probe 3839Hz	14	1.501	70.00	0.186
102.771	0.05	Adapter 1501Hz Probe 3839Hz	14	1.501	70.00	0.186
102.851	0.05	Adapter 1501Hz Probe 3839Hz	14	3.839	70.00	0.437
103.031	0.05	Adapter 1501Hz Probe 3839Hz	14	1.501	70.00	0.186
103.111	0.05	Adapter 1501Hz Probe 3839Hz	14	1.501	70.00	0.186
103.191	0.05	Adapter 1501Hz Probe 3839Hz	14	1.501	70.00	0.186
103.271	0.05	Adapter 1501Hz Probe 3839Hz	14	1.501	70.00	0.186
103.351	0.05	Adapter 1501Hz Probe 3839Hz	14	3.839	70.00	0.437
103.531	0.05	Adapter 1501Hz Probe 3839Hz	14	1.501	70.00	0.186
103.611	0.05	Adapter 1501Hz Probe 3839Hz	14	1.501	70.00	0.186
103.691	0.05	Adapter 1501Hz Probe 3839Hz	14	1.501	70.00	0.186
103.771	0.05	Adapter 1501Hz Probe 3839Hz	14	1.501	70.00	0.186
103.851	0.05	Adapter 1501Hz Probe 3839Hz	14	3.839	70.00	0.437
104.031	0.05	Adapter 1501Hz Probe 3839Hz	14	1.501	70.00	0.186
104.111	0.05	Adapter 1501Hz Probe 3839Hz	14	1.501	70.00	0.186
104.191	0.05	Adapter 1501Hz Probe 3839Hz	14	1.501	70.00	0.186
104.271	0.05	Adapter 1501Hz Probe 3839Hz	14	1.501	70.00	0.186
104.351	0.05	Adapter 1501Hz Probe 3839Hz	14	3.839	70.00	0.437
104.531	0.05	Adapter 1501Hz Probe 3839Hz	14	1.501	70.00	0.186
104.611	0.05	Adapter 1501Hz Probe 3839Hz	14	1.501	70.00	0.186
104.691	0.05	Adapter 1501Hz Probe 3839Hz	14	1.501	70.00	0.186
104.771	0.05	Adapter 1501Hz Probe 3839Hz	14	1.501	70.00	0.186
104.851	0.05	Adapter 1501Hz Probe 3839Hz	14	3.839	70.00	0.437
107.519	0.05	Adapter 6009Hz	15	6.009	70.00	0.671
107.599	0.05	Adapter 6009Hz	15	6.009	70.00	0.671
107.679	0.05	Adapter 6009Hz	15	6.009	70.00	0.671
107.759	0.05	Adapter 6009Hz	15	6.009	70.00	0.671
108.019	0.05	Adapter 6009Hz	15	6.009	70.00	0.671
108.099	0.05	Adapter 6009Hz	15	6.009	70.00	0.671
108.179	0.05	Adapter 6009Hz	15	6.009	70.00	0.671
108.259	0.05	Adapter 6009Hz	15	6.009	70.00	0.671
108.519	0.05	Adapter 6009Hz	15	6.009	70.00	0.671
108.599	0.05	Adapter 6009Hz	15	6.009	70.00	0.671
108.679	0.05	Adapter 6009Hz	15	6.009	70.00	0.671
108.759	0.05	Adapter 6009Hz	15	6.009	70.00	0.671
109.019	0.05	Adapter 6009Hz	15	6.009	70.00	0.671
109.099	0.05	Adapter 6009Hz	15	6.009	70.00	0.671
109.179	0.05	Adapter 6009Hz	15	6.009	70.00	0.671
109.259	0.05	Adapter 6009Hz	15	6.009	70.00	0.671
109.519	0.05	Adapter 6009Hz	15	6.009	70.00	0.671
109.599	0.05	Adapter 6009Hz	15	6.009	70.00	0.671
109.679	0.05	Adapter 6009Hz	15	6.009	70.00	0.671
109.759	0.05	Adapter 6009Hz	15	6.009	70.00	0.671
110.019	0.05	Adapter 6009Hz	15	6.009	70.00	0.671
110.099	0.05	Adapter 6009Hz	15	6.009	70.00	0.671
110.179	0.05	Adapter 6009Hz	15	6.009	70.00	0.671
110.259	0.05	Adapter 6009Hz	15	6.009	70.00	0.671
110.519	0.05	Adapter 6009Hz	15	6.009	70.00	0.671
110.599	0.05	Adapter 6009Hz	15	6.009	70.00	0.671
110.679	0.05	Adapter 6009Hz	15	6.009	70.00	0.671
110.759	0.05	Adapter 6009Hz	15	6.009	70.00	0.671
111.019	0.05	Adapter 6009Hz	15	6.009	70.00	0.671
111.099	0.05	Adapter 6009Hz	15	6.009	70.00	0.671
111.179	0.05	Adapter 6009Hz	15	6.009	70.00	0.671
111.259	0.05	Adapter 6009Hz	15	6.009	70.00	0.671
111.519	0.05	Adapter 6009Hz	15	6.009	70.00	0.671
111.599	0.05	Adapter 6009Hz	15	6.009	70.00	0.671
111.679	0.05	Adapter 6009Hz	15	6.009	70.00	0.671
111.759	0.05	Adapter 6009Hz	15	6.009	70.00	0.671
112.019	0.05	Adapter 6009Hz	15	6.009	70.00	0.671
112.099	0.05	Adapter 6009Hz	15	6.009	70.00	0.671
112.179	0.05	Adapter 6009Hz	15	6.009	70.00	0.671
112.259	0.05	Adapter 6009Hz	15	6.009	70.00	0.671
115.054	0.05	Adapter 1501Hz	16	1.501	70.00	0.186
115.134	0.05	Adapter 1501Hz	16	1.501	70.00	0.186
115.214	0.05	Adapter 1501Hz	16	1.501	70.00	0.186
115.294	0.05	Adapter 1501Hz	16	1.501	70.00	0.186
115.554	0.05	Adapter 1501Hz	16	1.501	70.00	0.186
115.634	0.05	Adapter 1501Hz	16	1.501	70.00	0.186
115.714	0.05	Adapter 1501Hz	16	1.501	70.00	0.186
115.794	0.05	Adapter 1501Hz	16	1.501	70.00	0.186
116.054	0.05	Adapter 1501Hz	16	1.501	70.00	0.186
116.134	0.05	Adapter 1501Hz	16	1.501	70.00	0.186
116.214	0.05	Adapter 1501Hz	16	1.501	70.00	0.186
116.294	0.05	Adapter 1501Hz	16	1.501	70.00	0.186
116.554	0.05	Adapter 1501Hz	16	1.501	70.00	0.186
116.634	0.05	Adapter 1501Hz	16	1.501	70.00	0.186
116.714	0.05	Adapter 1501Hz	16	1.501	70.00	0.186
116.794	0.05	Adapter 1501Hz	16	1.501	70.00	0.186
117.054	0.05	Adapter 1501Hz	16	1.501	70.00	0.186
117.134	0.05	Adapter 1501Hz	16	1.501	70.00	0.186
117.214	0.05	Adapter 1501Hz	16	1.501	70.00	0.186
117.294	0.05	Adapter 1501Hz	16	1.501	70.00	0.186
117.554	0.05	Adapter 1501Hz	16	1.501	70.00	0.186
117.634	0.05	Adapter 1501Hz	16	1.501	70.00	0.186
117.714	0.05	Adapter 1501Hz	16	1.501	70.00	0.186
117.794	0.05	Adapter 1501Hz	16	1.501	70.00	0.186
118.054	0.05	Adapter 1501Hz	16	1.501	70.00	0.186
118.134	0.05	Adapter 1501Hz	16	1.501	70.00	0.186
118.214	0.05	Adapter 1501Hz	16	1.501	70.00	0.186
118.294	0.05	Adapter 1501Hz	16	1.501	70.00	0.186
118.554	0.05	Adapter 1501Hz	16	1.501	70.00	0.186
118.634	0.05	Adapter 1501Hz	16	1.501	70.00	0.186
118.714	0.05	Adapter 1501Hz	16	1.501	70.00	0.186
118.794	0.05	Adapter 1501Hz	16	1.501	70.00	0.186
119.054	0.05	Adapter 1501Hz	16	1.501	70.00	0.186
119.134	0.05	Adapter 1501Hz	16	1.501	70.00	0.186
119.214	0.05	Adapter 1501Hz	16	1.501	70.00	0.186
119.294	0.05	Adapter 1501Hz	16	1.501	70.00	0.186
119.554	0.05	Adapter 1501Hz	16	1.501	70.00	0.186
119.634	0.05	Adapter 1501Hz	16	1.501	70.00	0.186
119.714	0.05	Adapter 1501Hz	16	1.501	70.00	0.186
119.794	0.05	Adapter 1501Hz	16	1.501	70.00	0.186
122.527	0.05	Adapter 899Hz	17	0.899	70.00	0.121
122.607	0.05	Adapter 899Hz	17	0.899	70.00	0.121
122.687	0.05	Adapter 899Hz	17	0.899	70.00	0.121
122.767	0.05	Adapter 899Hz	17	0.899	70.00	0.121
123.027	0.05	Adapter 899Hz	17	0.899	70.00	0.121
123.107	0.05	Adapter 899Hz	17	0.899	70.00	0.121
123.187	0.05	Adapter 899Hz	17	0.899	70.00	0.121
123.267	0.05	Adapter 899Hz	17	0.899	70.00	0.121
123.527	0.05	Adapter 899Hz	17	0.899	70.00	0.121
123.607	0.05	Adapter 899Hz	17	0.899	70.00	0.121
123.687	0.05	Adapter 899Hz	17	0.899	70.00	0.121
123.767	0.05	Adapter 899Hz	17	0.899	70.00	0.121
124.027	0.05	Adapter 899Hz	17	0.899	70.00	0.121
124.107	0.05	Adapter 899Hz	17	0.899	70.00	0.121
124.187	0.05	Adapter 899Hz	17	0.899	70.00	0.121
124.267	0.05	Adapter 899Hz	17	0.899	70.00	0.121
124.527	0.05	Adapter 899Hz	17	0.899	70.00	0.121
124.607	0.05	Adapter 899Hz	17	0.899	70.00	0.121
124.687	0.05	Adapter 899Hz	17	0.899	70.00	0.121
124.767	0.05	Adapter 899Hz	17	0.899	70.00	0.121
125.027	0.05	Adapter 899Hz	17	0.899	70.00	0.121
125.107	0.05	Adapter 899Hz	17	0.899	70.00	0.121
125.187	0.05	Adapter 899Hz	17	0.899	70.00	0.121
125.267	0.05	Adapter 899Hz	17	0.899	70.00	0.121
125.527	0.05	Adapter 899Hz	17	0.899	70.00	0.121
125.607	0.05	Adapter 899Hz	17	0.899	70.00	0.121
125.687	0.05	Adapter 899Hz	17	0.899	70.00	0.121
125.767	0.05	Adapter 899Hz	17	0.899	70.00	0.121
126.027	0.05	Adapter 899Hz	17	0.899	70.00	0.121
126.107	0.05	Adapter 899Hz	17	0.899	70.00	0.121
126.187	0.05	Adapter 899Hz	17	0.899	70.00	0.121
126.267	0.05	Adapter 899Hz	17	0.899	70.00	0.121
126.527	0.05	Adapter 899Hz	17	0.899	70.00	0.121
126.607	0.05	Adapter 899Hz	17	0.899	70.00	0.121
126.687	0.05	Adapter 899Hz	17	0.899	70.00	0.121
126.767	0.05	Adapter 899Hz	17	0.899	70.00	0.121
127.027	0.05	Adapter 899Hz	17	0.899	70.00	0.121
127.107	0.05	Adapter 899Hz	17	0.899	70.00	0.121
127.187	0.05	Adapter 899Hz	17	0.899	70.00	0.121
127.267	0.05	Adapter 899Hz	17	0.899	70.00	0.121
130.015	0.05	Adapter 1501Hz Probe 3839Hz	18	1.501	70.00	0.186
130.095	0.05	Adapter 1501Hz Probe 3839Hz	18	1.501	70.00	0.186
130.175	0.05	Adapter 1501Hz Probe 3839Hz	18	1.501	70.00	0.186
130.255	0.05	Adapter 1501Hz Probe 3839Hz	18	1.501	70.00	0.186
130.335	0.05	Adapter 1501Hz Probe 3839Hz	18	3.839	70.00	0.437
130.515	0.05	Adapter 1501Hz Probe 3839Hz	18	1.501	70.00	0.186
130.595	0.05	Adapter 1501Hz Probe 3839Hz	18	1.501	70.00	0.186
130.675	0.05	Adapter 1501Hz Probe 3839Hz	18	1.501	70.00	0.186
130.755	0.05	Adapter 1501Hz Probe 3839Hz	18	1.501	70.00	0.186
130.835	0.05	Adapter 1501Hz Probe 3839Hz	18	3.839	70.00	0.437
131.015	0.05	Adapter 1501Hz Probe 3839Hz	18	1.501	70.00	0.186
131.095	0.05	Adapter 1501Hz Probe 3839Hz	18	1.501	70.00	0.186
131.175	0.05	Adapter 1501Hz Probe 3839Hz	18	1.501	70.00	0.186
131.255	0.05	Adapter 1501Hz Probe 3839Hz	18	1.501	70.00	0.186
131.335	0.05	Adapter 1501Hz Probe 3839Hz	18	3.839	70.00	0.437
131.515	0.05	Adapter 1501Hz Probe 3839Hz	18	1.501	70.00	0.186
131.595	0.05	Adapter 1501Hz Probe 3839Hz	18	1.501	70.00	0.186
131.675	0.05	Adapter 1501Hz Probe 3839Hz	18	1.501	70.00	0.186
131.755	0.05	Adapter 1501Hz Probe 3839Hz	18	1.501	70.00	0.186
131.835	0.05	Adapter 1501Hz Probe 3839Hz	18	3.839	70.00	0.437
132.015	0.05	Adapter 1501Hz Probe 3839Hz	18	1.501	70.00	0.186
132.095	0.05	Adapter 1501Hz Probe 3839Hz	18	1.501	70.00	0.186
132.175	0.05	Adapter 1501Hz Probe 3839Hz	18	1.501	70.00	0.186
132.255	0.05	Adapter 1501Hz Probe 3839Hz	18	1.501	70.00	0.186
132.335	0.05	Adapter 1501Hz Probe 3839Hz	18	3.839	70.00	0.437
132.515	0.05	Adapter 1501Hz Probe 3839Hz	18	1.501	70.00	0.186
132.595	0.05	Adapter 1501Hz Probe 3839Hz	18	1.501	70.00	0.186
132.675	0.05	Adapter 1501Hz Probe 3839Hz	18	1.501	70.00	0.186
132.755	0.05	Adapter 1501Hz Probe 3839Hz	18	1.501	70.00	0.186
132.835	0.05	Adapter 1501Hz Probe 3839Hz	18	3.839	70.00	0.437
133.015	0.05	Adapter 1501Hz Probe 3839Hz	18	1.501	70.00	0.186
133.095	0.05	Adapter 1501Hz Probe 3839Hz	18	1.501	70.00	0.186
133.175	0.05	Adapter 1501Hz Probe 3839Hz	18	1.501	70.00	0.186
133.255	0.05	Adapter 1501Hz Probe 3839Hz	18	1.501	70.00	0.186
133.335	0.05	Adapter 1501Hz Probe 3839Hz	18	3.839	70.00	0.437
133.515	0.05	Adapter 1501Hz Probe 3839Hz	18	1.501	70.00	0.186
133.595	0.05	Adapter 1501Hz Probe 3839Hz	18	1.501	70.00	0.186
133.675	0.05	Adapter 1501Hz Probe 3839Hz	18	1.501	70.00	0.186
133.755	0.05	Adapter 1501Hz Probe 3839Hz	18	1.501	70.00	0.186
133.835	0.05	Adapter 1501Hz Probe 3839Hz	18	3.839	70.00	0.437
134.015	0.05	Adapter 1501Hz Probe 3839Hz	18	1.501	70.00	0.186
134.095	0.05	Adapter 1501Hz Probe 3839Hz	18	1.501	70.00	0.186
134.175	0.05	Adapter 1501Hz Probe 3839Hz	18	1.501	70.00	0.186
134.255	0.05	Adapter 1501Hz Probe 3839Hz	18	1.501	70.00	0.186
134.335	0.05	Adapter 1501Hz Probe 3839Hz	18	3.839	70.00	0.437
134.515	0.05	Adapter 1501Hz Probe 3839Hz	18	1.501	70.00	0.186
134.595	0.05	Adapter 1501Hz Probe 3839Hz	18	1.501	70.00	0.186
134.675	0.05	Adapter 1501Hz Probe 3839Hz	18	1.501	70.00	0.186
134.755	0.05	Adapter 1501Hz Probe 3839Hz	18	1.501	70.00	0.186
134.835	0.05	Adapter 1501Hz Probe 3839Hz	18	3.839	70.00	0.437
137.503	0.05	Adapter 2423Hz Probe 3839Hz	19	2.423	70.00	0.285
137.583	0.05	Adapter 2423Hz Probe 3839Hz	19	2.423	70.00	0.285
137.663	0.05	Adapter 2423Hz Probe 3839Hz	19	2.423	70.00	0.285
137.743	0.05	Adapter 2423Hz Probe 3839Hz	19	2.423	70.00	0.285
137.823	0.05	Adapter 2423Hz Probe 3839Hz	19	3.839	70.00	0.437
138.003	0.05	Adapter 2423Hz Probe 3839Hz	19	2.423	70.00	0.285
138.083	0.05	Adapter 2423Hz Probe 3839Hz	19	2.423	70.00	0.285
138.163	0.05	Adapter 2423Hz Probe 3839Hz	19	2.423	70.00	0.285
138.243	0.05	Adapter 2423Hz Probe 3839Hz	19	2.423	70.00	0.285
138.323	0.05	Adapter 2423Hz Probe 3839Hz	19	3.839	70.00	0.437
138.503	0.05	Adapter 2423Hz Probe 3839Hz	19	2.423	70.00	0.285
138.583	0.05	Adapter 2423Hz Probe 3839Hz	19	2.423	70.00	0.285
138.663	0.05	Adapter 2423Hz Probe 3839Hz	19	2.423	70.00	0.285
138.743	0.05	Adapter 2423Hz Probe 3839Hz	19	2.423	70.00	0.285
138.823	0.05	Adapter 2423Hz Probe 3839Hz	19	3.839	70.00	0.437
139.003	0.05	Adapter 2423Hz Probe 3839Hz	19	2.423	70.00	0.285
139.083	0.05	Adapter 2423Hz Probe 3839Hz	19	2.423	70.00	0.285
139.163	0.05	Adapter 2423Hz Probe 3839Hz	19	2.423	70.00	0.285
139.243	0.05	Adapter 2423Hz Probe 3839Hz	19	2.423	70.00	0.285
139.323	0.05	Adapter 2423Hz Probe 3839Hz	19	3.839	70.00	0.437
139.503	0.05	Adapter 2423Hz Probe 3839Hz	19	2.423	70.00	0.285
139.583	0.05	Adapter 2423Hz Probe 3839Hz	19	2.423	70.00	0.285
139.663	0.05	Adapter 2423Hz Probe 3839Hz	19	2.423	70.00	0.285
139.743	0.05	Adapter 2423Hz Probe 3839Hz	19	2.423	70.00	0.285
139.823	0.05	Adapter 2423Hz Probe 3839Hz	19	3.839	70.00	0.437
140.003	0.05	Adapter 2423Hz Probe 3839Hz	19	2.423	70.00	0.285
140.083	0.05	Adapter 2423Hz Probe 3839Hz	19	2.423	70.00	0.285
140.163	0.05	Adapter 2423Hz Probe 3839Hz	19	2.423	70.00	0.285
140.243	0.05	Adapter 2423Hz Probe 3839Hz	19	2.423	70.00	0.285
140.323	0.05	Adapter 2423Hz Probe 3839Hz	19	3.839	70.00	0.437
140.503	0.05	Adapter 2423Hz Probe 3839Hz	19	2.423	70.00	0.285
140.583	0.05	Adapter 2423Hz Probe 3839Hz	19	2.423	70.00	0.285
140.663	0.05	Adapter 2423Hz Probe 3839Hz	19	2.423	70.00	0.285
140.743	0.05	Adapter 2423Hz Probe 3839Hz	19	2.423	70.00	0.285
140.823	0.05	Adapter 2423Hz Probe 3839Hz	19	3.839	70.00	0.437
141.003	0.05	Adapter 2423Hz Probe 3839Hz	19	2.423	70.00	0.285
141.083	0.05	Adapter 2423Hz Probe 3839Hz	19	2.423	70.00	0.285
141.163	0.05	Adapter 2423Hz Probe 3839Hz	19	2.423	70.00	0.285
141.243	0.05	Adapter 2423Hz Probe 3839Hz	19	2.423	70.00	0.285
141.323	0.05	Adapter 2423Hz Probe 3839Hz	19	3.839	70.00	0.437
141.503	0.05	Adapter 2423Hz Probe 3839Hz	19	2.423	70.00	0.285
141.583	0.05	Adapter 2423Hz Probe 3839Hz	19	2.423	70.00	0.285
141.663	0.05	Adapter 2423Hz Probe 3839Hz	19	2.423	70.00	0.285
141.743	0.05	Adapter 2423Hz Probe 3839Hz	19	2.423	70.00	0.285
141.823	0.05	Adapter 2423Hz Probe 3839Hz	19	3.839	70.00	0.437
142.003	0.05	Adapter 2423Hz Probe 3839Hz	19	2.423	70.00	0.285
142.083	0.05	Adapter 2423Hz Probe 3839Hz	19	2.423	70.00	0.285
142.163	0.05	Adapter 2423Hz Probe 3839Hz	19	2.423	70.00	0.285
142.243	0.05	Adapter 2423Hz Probe 3839Hz	19	2.423	70.00	0.285
142.323	0.05	Adapter 2423Hz Probe 3839Hz	19	3.839	70.00	0.437
145.053	0.05	Adapter 507Hz Probe 3839Hz	20	0.507	70.00	0.079
145.133	0.05	Adapter 507Hz Probe 3839Hz	20	0.507	70.00	0.079
145.213	0.05	Adapter 507Hz Probe 3839Hz	20	0.507	70.00	0.079
145.293	0.05	Adapter 507Hz Probe 3839Hz	20	0.507	70.00	0.079
145.373	0.05	Adapter 507Hz Probe 3839Hz	20	3.839	70.00	0.437
145.553	0.05	Adapter 507Hz Probe 3839Hz	20	0.507	70.00	0.079
145.633	0.05	Adapter 507Hz Probe 3839Hz	20	0.507	70.00	0.079
145.713	0.05	Adapter 507Hz Probe 3839Hz	20	0.507	70.00	0.079
145.793	0.05	Adapter 507Hz Probe 3839Hz	20	0.507	70.00	0.079
145.873	0.05	Adapter 507Hz Probe 3839Hz	20	3.839	70.00	0.437
146.053	0.05	Adapter 507Hz Probe 3839Hz	20	0.507	70.00	0.079
146.133	0.05	Adapter 507Hz Probe 3839Hz	20	0.507	70.00	0.079
146.213	0.05	Adapter 507Hz Probe 3839Hz	20	0.507	70.00	0.079
146.293	0.05	Adapter 507Hz Probe 3839Hz	20	0.507	70.00	0.079
146.373	0.05	Adapter 507Hz Probe 3839Hz	20	3.839	70.00	0.437
146.553	0.05	Adapter 507Hz Probe 3839Hz	20	0.507	70.00	0.079
146.633	0.05	Adapter 507Hz Probe 3839Hz	20	0.507	70.00	0.079
146.713	0.05	Adapter 507Hz Probe 3839Hz	20	0.507	70.00	0.079
146.793	0.05	Adapter 507Hz Probe 3839Hz	20	0.507	70.00	0.079
146.873	0.05	Adapter 507Hz Probe 3839Hz	20	3.839	70.00	0.437
147.053	0.05	Adapter 507Hz Probe 3839Hz	20	0.507	70.00	0.079
147.133	0.05	Adapter 507Hz Probe 3839Hz	20	0.507	70.00	0.079
147.213	0.05	Adapter 507Hz Probe 3839Hz	20	0.507	70.00	0.079
147.293	0.05	Adapter 507Hz Probe 3839Hz	20	0.507	70.00	0.079
147.373	0.05	Adapter 507Hz Probe 3839Hz	20	3.839	70.00	0.437
147.553	0.05	Adapter 507Hz Probe 3839Hz	20	0.507	70.00	0.079
147.633	0.05	Adapter 507Hz Probe 3839Hz	20	0.507	70.00	0.079
147.713	0.05	Adapter 507Hz Probe 3839Hz	20	0.507	70.00	0.079
147.793	0.05	Adapter 507Hz Probe 3839Hz	20	0.507	70.00	0.079
147.873	0.05	Adapter 507Hz Probe 3839Hz	20	3.839	70.00	0.437
148.053	0.05	Adapter 507Hz Probe 3839Hz	20	0.507	70.00	0.079
148.133	0.05	Adapter 507Hz Probe 3839Hz	20	0.507	70.00	0.079
148.213	0.05	Adapter 507Hz Probe 3839Hz	20	0.507	70.00	0.079
148.293	0.05	Adapter 507Hz Probe 3839Hz	20	0.507	70.00	0.079
148.373	0.05	Adapter 507Hz Probe 3839Hz	20	3.839	70.00	0.437
148.553	0.05	Adapter 507Hz Probe 3839Hz	20	0.507	70.00	0.079
148.633	0.05	Adapter 507Hz Probe 3839Hz	20	0.507	70.00	0.079
148.713	0.05	Adapter 507Hz Probe 3839Hz	20	0.507	70.00	0.079
148.793	0.05	Adapter 507Hz Probe 3839Hz	20	0.507	70.00	0.079
148.873	0.05	Adapter 507Hz Probe 3839Hz	20	3.839	70.00	0.437
149.053	0.05	Adapter 507Hz Probe 3839Hz	20	0.507	70.00	0.079
149.133	0.05	Adapter 507Hz Probe 3839Hz	20	0.507	70.00	0.079
149.213	0.05	Adapter 507Hz Probe 3839Hz	20	0.507	70.00	0.079
149.293	0.05	Adapter 507Hz Probe 3839Hz	20	0.507	70.00	0.079
149.373	0.05	Adapter 507Hz Probe 3839Hz	20	3.839	70.00	0.437
149.553	0.05	Adapter 507Hz Probe 3839Hz	20	0.507	70.00	0.079
149.633	0.05	Adapter 507Hz Probe 3839Hz	20	0.507	70.00	0.079
149.713	0.05	Adapter 507Hz Probe 3839Hz	20	0.507	70.00	0.079
149.793	0.05	Adapter 507Hz Probe 3839Hz	20	0.507	70.00	0.079
149.873	0.05	Adapter 507Hz Probe 3839Hz	20	3.839	70.00	0.437
160.318	0.05	Probe 3839Hz	22	3.839	70.00	0.437
160.818	0.05	Probe 3839Hz	22	3.839	70.00	0.437
161.318	0.05	Probe 3839Hz	22	3.839	70.00	0.437
161.818	0.05	Probe 3839Hz	22	3.839	70.00	0.437
162.318	0.05	Probe 3839Hz	22	3.839	70.00	0.437
162.818	0.05	Probe 3839Hz	22	3.839	70.00	0.437
163.318	0.05	Probe 3839Hz	22	3.839	70.00	0.437
163.818	0.05	Probe 3839Hz	22	3.839	70.00	0.437
164.318	0.05	Probe 3839Hz	22	3.839	70.00	0.437
164.818	0.05	Probe 3839Hz	22	3.839	70.00	0.437
175.036	0.05	Adapter 3839Hz Probe 3839Hz	24	3.839	70.00	0.437
175.116	0.05	Adapter 3839Hz Probe 3839Hz	24	3.839	70.00	0.437
175.196	0.05	Adapter 3839Hz Probe 3839Hz	24	3.839	70.00	0.437
175.276	0.05	Adapter 3839Hz Probe 3839Hz	24	3.839	70.00	0.437
175.356	0.05	Adapter 3839Hz Probe 3839Hz	24	3.839	70.00	0.437
175.536	0.05	Adapter 3839Hz Probe 3839Hz	24	3.839	70.00	0.437
175.616	0.05	Adapter 3839Hz Probe 3839Hz	24	3.839	70.00	0.437
175.696	0.05	Adapter 3839Hz Probe 3839Hz	24	3.839	70.00	0.437
175.776	0.05	Adapter 3839Hz Probe 3839Hz	24	3.839	70.00	0.437
175.856	0.05	Adapter 3839Hz Probe 3839Hz	24	3.839	70.00	0.437
176.036	0.05	Adapter 3839Hz Probe 3839Hz	24	3.839	70.00	0.437
176.116	0.05	Adapter 3839Hz Probe 3839Hz	24	3.839	70.00	0.437
176.196	0.05	Adapter 3839Hz Probe 3839Hz	24	3.839	70.00	0.437
176.276	0.05	Adapter 3839Hz Probe 3839Hz	24	3.839	70.00	0.437
176.356	0.05	Adapter 3839Hz Probe 3839Hz	24	3.839	70.00	0.437
176.536	0.05	Adapter 3839Hz Probe 3839Hz	24	3.839	70.00	0.437
176.616	0.05	Adapter 3839Hz Probe 3839Hz	24	3.839	70.00	0.437
176.696	0.05	Adapter 3839Hz Probe 3839Hz	24	3.839	70.00	0.437
176.776	0.05	Adapter 3839Hz Probe 3839Hz	24	3.839	70.00	0.437
176.856	0.05	Adapter 3839Hz Probe 3839Hz	24	3.839	70.00	0.437
177.036	0.05	Adapter 3839Hz Probe 3839Hz	24	3.839	70.00	0.437
177.116	0.05	Adapter 3839Hz Probe 3839Hz	24	3.839	70.00	0.437
177.196	0.05	Adapter 3839Hz Probe 3839Hz	24	3.839	70.00	0.437
177.276	0.05	Adapter 3839Hz Probe 3839Hz	24	3.839	70.00	0.437
177.356	0.05	Adapter 3839Hz Probe 3839Hz	24	3.839	70.00	0.437
177.536	0.05	Adapter 3839Hz Probe 3839Hz	24	3.839	70.00	0.437
177.616	0.05	Adapter 3839Hz Probe 3839Hz	24	3.839	70.00	0.437
177.696	0.05	Adapter 3839Hz Probe 3839Hz	24	3.839	70.00	0.437
177.776	0.05	Adapter 3839Hz Probe 3839Hz	24	3.839	70.00	0.437
177.856	0.05	Adapter 3839Hz Probe 3839Hz	24	3.839	70.00	0.437
178.036	0.05	Adapter 3839Hz Probe 3839Hz	24	3.839	70.00	0.437
178.116	0.05	Adapter 3839Hz Probe 3839Hz	24	3.839	70.00	0.437
178.196	0.05	Adapter 3839Hz Probe 3839Hz	24	3.839	70.00	0.437
178.276	0.05	Adapter 3839Hz Probe 3839Hz	24	3.839	70.00	0.437
178.356	0.05	Adapter 3839Hz Probe 3839Hz	24	3.839	70.00	0.437
178.536	0.05	Adapter 3839Hz Probe 3839Hz	24	3.839	70.00	0.437
178.616	0.05	Adapter 3839Hz Probe 3839Hz	24	3.839	70.00	0.437
178.696	0.05	Adapter 3839Hz Probe 3839Hz	24	3.839	70.00	0.437
178.776	0.05	Adapter 3839Hz Probe 3839Hz	24	3.839	70.00	0.437
178.856	0.05	Adapter 3839Hz Probe 3839Hz	24	3.839	70.00	0.437
179.036	0.05	Adapter 3839Hz Probe 3839Hz	24	3.839	70.00	0.437
179.116	0.05	Adapter 3839Hz Probe 3839Hz	24	3.839	70.00	0.437
179.196	0.05	Adapter 3839Hz Probe 3839Hz	24	3.839	70.00	0.437
179.276	0.05	Adapter 3839Hz Probe 3839Hz	24	3.839	70.00	0.437
179.356	0.05	Adapter 3839Hz Probe 3839Hz	24	3.839	70.00	0.437
179.536	0.05	Adapter 3839Hz Probe 3839Hz	24	3.839	70.00	0.437
179.616	0.05	Adapter 3839Hz Probe 3839Hz	24	3.839	70.00	0.437
179.696	0.05	Adapter 3839Hz Probe 3839Hz	24	3.839	70.00	0.437
179.776	0.05	Adapter 3839Hz Probe 3839Hz	24	3.839	70.00	0.437
179.856	0.05	Adapter 3839Hz Probe 3839Hz	24	3.839	70.00	0.437
182.524	0.05	Adapter 1501Hz	25	1.501	70.00	0.186
182.604	0.05	Adapter 1501Hz	25	1.501	70.00	0.186
182.684	0.05	Adapter 1501Hz	25	1.501	70.00	0.186
182.764	0.05	Adapter 1501Hz	25	1.501	70.00	0.186
183.024	0.05	Adapter 1501Hz	25	1.501	70.00	0.186
183.104	0.05	Adapter 1501Hz	25	1.501	70.00	0.186
183.184	0.05	Adapter 1501Hz	25	1.501	70.00	0.186
183.264	0.05	Adapter 1501Hz	25	1.501	70.00	0.186
183.524	0.05	Adapter 1501Hz	25	1.501	70.00	0.186
183.604	0.05	Adapter 1501Hz	25	1.501	70.00	0.186
183.684	0.05	Adapter 1501Hz	25	1.501	70.00	0.186
183.764	0.05	Adapter 1501Hz	25	1.501	70.00	0.186
184.024	0.05	Adapter 1501Hz	25	1.501	70.00	0.186
184.104	0.05	Adapter 1501Hz	25	1.501	70.00	0.186
184.184	0.05	Adapter 1501Hz	25	1.501	70.00	0.186
184.264	0.05	Adapter 1501Hz	25	1.501	70.00	0.186
184.524	0.05	Adapter 1501Hz	25	1.501	70.00	0.186
184.604	0.05	Adapter 1501Hz	25	1.501	70.00	0.186
184.684	0.05	Adapter 1501Hz	25	1.501	70.00	0.186
184.764	0.05	Adapter 1501Hz	25	1.501	70.00	0.186
185.024	0.05	Adapter 1501Hz	25	1.501	70.00	0.186
185.104	0.05	Adapter 1501Hz	25	1.501	70.00	0.186
185.184	0.05	Adapter 1501Hz	25	1.501	70.00	0.186
185.264	0.05	Adapter 1501Hz	25	1.501	70.00	0.186
185.524	0.05	Adapter 1501Hz	25	1.501	70.00	0.186
185.604	0.05	Adapter 1501Hz	25	1.501	70.00	0.186
185.684	0.05	Adapter 1501Hz	25	1.501	70.00	0.186
185.764	0.05	Adapter 1501Hz	25	1.501	70.00	0.186
186.024	0.05	Adapter 1501Hz	25	1.501	70.00	0.186
186.104	0.05	Adapter 1501Hz	25	1.501	70.00	0.186
186.184	0.05	Adapter 1501Hz	25	1.501	70.00	0.186
186.264	0.05	Adapter 1501Hz	25	1.501	70.00	0.186
186.524	0.05	Adapter 1501Hz	25	1.501	70.00	0.186
186.604	0.05	Adapter 1501Hz	25	1.501	70.00	0.186
186.684	0.05	Adapter 1501Hz	25	1.501	70.00	0.186
186.764	0.05	Adapter 1501Hz	25	1.501	70.00	0.186
187.024	0.05	Adapter 1501Hz	25	1.501	70.00	0.186
187.104	0.05	Adapter 1501Hz	25	1.501	70.00	0.186
187.184	0.05	Adapter 1501Hz	25	1.501	70.00	0.186
187.264	0.05	Adapter 1501Hz	25	1.501	70.00	0.186
190.059	0.05	Adapter 3839Hz	26	3.839	70.00	0.437
190.139	0.05	Adapter 3839Hz	26	3.839	70.00	0.437
190.219	0.05	Adapter 3839Hz	26	3.839	70.00	0.437
190.299	0.05	Adapter 3839Hz	26	3.839	70.00	0.437
190.559	0.05	Adapter 3839Hz	26	3.839	70.00	0.437
190.639	0.05	Adapter 3839Hz	26	3.839	70.00	0.437
190.719	0.05	Adapter 3839Hz	26	3.839	70.00	0.437
190.799	0.05	Adapter 3839Hz	26	3.839	70.00	0.437
191.059	0.05	Adapter 3839Hz	26	3.839	70.00	0.437
191.139	0.05	Adapter 3839Hz	26	3.839	70.00	0.437
191.219	0.05	Adapter 3839Hz	26	3.839	70.00	0.437
191.299	0.05	Adapter 3839Hz	26	3.839	70.00	0.437
191.559	0.05	Adapter 3839Hz	26	3.839	70.00	0.437
191.639	0.05	Adapter 3839Hz	26	3.839	70.00	0.437
191.719	0.05	Adapter 3839Hz	26	3.839	70.00	0.437
191.799	0.05	Adapter 3839Hz	26	3.839	70.00	0.437
192.059	0.05	Adapter 3839Hz	26	3.839	70.00	0.437
192.139	0.05	Adapter 3839Hz	26	3.839	70.00	0.437
192.219	0.05	Adapter 3839Hz	26	3.839	70.00	0.437
192.299	0.05	Adapter 3839Hz	26	3.839	70.00	0.437
192.559	0.05	Adapter 3839Hz	26	3.839	70.00	0.437
192.639	0.05	Adapter 3839Hz	26	3.839	70.00	0.437
192.719	0.05	Adapter 3839Hz	26	3.839	70.00	0.437
192.799	0.05	Adapter 3839Hz	26	3.839	70.00	0.437
193.059	0.05	Adapter 3839Hz	26	3.839	70.00	0.437
193.139	0.05	Adapter 3839Hz	26	3.839	70.00	0.437
193.219	0.05	Adapter 3839Hz	26	3.839	70.00	0.437
193.299	0.05	Adapter 3839Hz	26	3.839	70.00	0.437
193.559	0.05	Adapter 3839Hz	26	3.839	70.00	0.437
193.639	0.05	Adapter 3839Hz	26	3.839	70.00	0.437
193.719	0.05	Adapter 3839Hz	26	3.839	70.00	0.437
193.799	0.05	Adapter 3839Hz	26	3.839	70.00	0.437
194.059	0.05	Adapter 3839Hz	26	3.839	70.00	0.437
194.139	0.05	Adapter 3839Hz	26	3.839	70.00	0.437
194.219	0.05	Adapter 3839Hz	26	3.839	70.00	0.437
194.299	0.05	Adapter 3839Hz	26	3.839	70.00	0.437
194.559	0.05	Adapter 3839Hz	26	3.839	70.00	0.437
194.639	0.05	Adapter 3839Hz	26	3.839	70.00	0.437
194.719	0.05	Adapter 3839Hz	26	3.839	70.00	0.437
194.799	0.05	Adapter 3839Hz	26	3.839	70.00	0.437
197.547	0.05	Adapter 899Hz Probe 3839Hz	27	0.899	70.00	0.121
197.627	0.05	Adapter 899Hz Probe 3839Hz	27	0.899	70.00	0.121
197.707	0.05	Adapter 899Hz Probe 3839Hz	27	0.899	70.00	0.121
197.787	0.05	Adapter 899Hz Probe 3839Hz	27	0.899	70.00	0.121
197.867	0.05	Adapter 899Hz Probe 3839Hz	27	3.839	70.00	0.437
198.047	0.05	Adapter 899Hz Probe 3839Hz	27	0.899	70.00	0.121
198.127	0.05	Adapter 899Hz Probe 3839Hz	27	0.899	70.00	0.121
198.207	0.05	Adapter 899Hz Probe 3839Hz	27	0.899	70.00	0.121
198.287	0.05	Adapter 899Hz Probe 3839Hz	27	0.899	70.00	0.121
198.367	0.05	Adapter 899Hz Probe 3839Hz	27	3.839	70.00	0.437
198.547	0.05	Adapter 899Hz Probe 3839Hz	27	0.899	70.00	0.121
198.627	0.05	Adapter 899Hz Probe 3839Hz	27	0.899	70.00	0.121
198.707	0.05	Adapter 899Hz Probe 3839Hz	27	0.899	70.00	0.121
198.787	0.05	Adapter 899Hz Probe 3839Hz	27	0.899	70.00	0.121
198.867	0.05	Adapter 899Hz Probe 3839Hz	27	3.839	70.00	0.437
199.047	0.05	Adapter 899Hz Probe 3839Hz	27	0.899	70.00	0.121
199.127	0.05	Adapter 899Hz Probe 3839Hz	27	0.899	70.00	0.121
199.207	0.05	Adapter 899Hz Probe 3839Hz	27	0.899	70.00	0.121
199.287	0.05	Adapter 899Hz Probe 3839Hz	27	0.899	70.00	0.121
199.367	0.05	Adapter 899Hz Probe 3839Hz	27	3.839	70.00	0.437
199.547	0.05	Adapter 899Hz Probe 3839Hz	27	0.899	70.00	0.121
199.627	0.05	Adapter 899Hz Probe 3839Hz	27	0.899	70.00	0.121
199.707	0.05	Adapter 899Hz Probe 3839Hz	27	0.899	70.00	0.121
199.787	0.05	Adapter 899Hz Probe 3839Hz	27	0.899	70.00	0.121
199.867	0.05	Adapter 899Hz Probe 3839Hz	27	3.839	70.00	0.437
200.047	0.05	Adapter 899Hz Probe 3839Hz	27	0.899	70.00	0.121
200.127	0.05	Adapter 899Hz Probe 3839Hz	27	0.899	70.00	0.121
200.207	0.05	Adapter 899Hz Probe 3839Hz	27	0.899	70.00	0.121
200.287	0.05	Adapter 899Hz Probe 3839Hz	27	0.899	70.00	0.121
200.367	0.05	Adapter 899Hz Probe 3839Hz	27	3.839	70.00	0.437
200.547	0.05	Adapter 899Hz Probe 3839Hz	27	0.899	70.00	0.121
200.627	0.05	Adapter 899Hz Probe 3839Hz	27	0.899	70.00	0.121
200.707	0.05	Adapter 899Hz Probe 3839Hz	27	0.899	70.00	0.121
200.787	0.05	Adapter 899Hz Probe 3839Hz	27	0.899	70.00	0.121
200.867	0.05	Adapter 899Hz Probe 3839Hz	27	3.839	70.00	0.437
201.047	0.05	Adapter 899Hz Probe 3839Hz	27	0.899	70.00	0.121
201.127	0.05	Adapter 899Hz Probe 3839Hz	27	0.899	70.00	0.121
201.207	0.05	Adapter 899Hz Probe 3839Hz	27	0.899	70.00	0.121
201.287	0.05	Adapter 899Hz Probe 3839Hz	27	0.899	70.00	0.121
201.367	0.05	Adapter 899Hz Probe 3839Hz	27	3.839	70.00	0.437
201.547	0.05	Adapter 899Hz Probe 3839Hz	27	0.899	70.00	0.121
201.627	0.05	Adapter 899Hz Probe 3839Hz	27	0.899	70.00	0.121
201.707	0.05	Adapter 899Hz Probe 3839Hz	27	0.899	70.00	0.121
201.787	0.05	Adapter 899Hz Probe 3839Hz	27	0.899	70.00	0.121
201.867	0.05	Adapter 899Hz Probe 3839Hz	27	3.839	70.00	0.437
202.047	0.05	Adapter 899Hz Probe 3839Hz	27	0.899	70.00	0.121
202.127	0.05	Adapter 899Hz Probe 3839Hz	27	0.899	70.00	0.121
202.207	0.05	Adapter 899Hz Probe 3839Hz	27	0.899	70.00	0.121
202.287	0.05	Adapter 899Hz Probe 3839Hz	27	0.899	70.00	0.121
202.367	0.05	Adapter 899Hz Probe 3839Hz	27	3.839	70.00	0.437
205.02	0.05	Adapter 251Hz	28	0.251	70.00	0.052
205.1	0.05	Adapter 251Hz	28	0.251	70.00	0.052
205.18	0.05	Adapter 251Hz	28	0.251	70.00	0.052
205.26	0.05	Adapter 251Hz	28	0.251	70.00	0.052
205.52	0.05	Adapter 251Hz	28	0.251	70.00	0.052
205.6	0.05	Adapter 251Hz	28	0.251	70.00	0.052
205.68	0.05	Adapter 251Hz	28	0.251	70.00	0.052
205.76	0.05	Adapter 251Hz	28	0.251	70.00	0.052
206.02	0.05	Adapter 251Hz	28	0.251	70.00	0.052
206.1	0.05	Adapter 251Hz	28	0.251	70.00	0.052
206.18	0.05	Adapter 251Hz	28	0.251	70.00	0.052
206.26	0.05	Adapter 251Hz	28	0.251	70.00	0.052
206.52	0.05	Adapter 251Hz	28	0.251	70.00	0.052
206.6	0.05	Adapter 251Hz	28	0.251	70.00	0.052
206.68	0.05	Adapter 251Hz	28	0.251	70.00	0.052
206.76	0.05	Adapter 251Hz	28	0.251	70.00	0.052
207.02	0.05	Adapter 251Hz	28	0.251	70.00	0.052
207.1	0.05	Adapter 251Hz	28	0.251	70.00	0.052
207.18	0.05	Adapter 251Hz	28	0.251	70.00	0.052
207.26	0.05	Adapter 251Hz	28	0.251	70.00	0.052
207.52	0.05	Adapter 251Hz	28	0.251	70.00	0.052
207.6	0.05	Adapter 251Hz	28	0.251	70.00	0.052
207.68	0.05	Adapter 251Hz	28	0.251	70.00	0.052
207.76	0.05	Adapter 251Hz	28	0.251	70.00	0.052
208.02	0.05	Adapter 251Hz	28	0.251	70.00	0.052
208.1	0.05	Adapter 251Hz	28	0.251	70.00	0.052
208.18	0.05	Adapter 251Hz	28	0.251	70.00	0.052
208.26	0.05	Adapter 251Hz	28	0.251	70.00	0.052
208.52	0.05	Adapter 251Hz	28	0.251	70.00	0.052
208.6	0.05	Adapter 251Hz	28	0.251	70.00	0.052
208.68	0.05	Adapter 251Hz	28	0.251	70.00	0.052
208.76	0.05	Adapter 251Hz	28	0.251	70.00	0.052
209.02	0.05	Adapter 251Hz	28	0.251	70.00	0.052
209.1	0.05	Adapter 251Hz	28	0.251	70.00	0.052
209.18	0.05	Adapter 251Hz	28	0.251	70.00	0.052
209.26	0.05	Adapter 251Hz	28	0.251	70.00	0.052
209.52	0.05	Adapter 251Hz	28	0.251	70.00	0.052
209.6	0.05	Adapter 251Hz	28	0.251	70.00	0.052
209.68	0.05	Adapter 251Hz	28	0.251	70.00	0.052
209.76	0.05	Adapter 251Hz	28	0.251	70.00	0.052
212.554	0.05	Adapter 2423Hz	29	2.423	70.00	0.285
212.634	0.05	Adapter 2423Hz	29	2.423	70.00	0.285
212.714	0.05	Adapter 2423Hz	29	2.423	70.00	0.285
212.794	0.05	Adapter 2423Hz	29	2.423	70.00	0.285
213.054	0.05	Adapter 2423Hz	29	2.423	70.00	0.285
213.134	0.05	Adapter 2423Hz	29	2.423	70.00	0.285
213.214	0.05	Adapter 2423Hz	29	2.423	70.00	0.285
213.294	0.05	Adapter 2423Hz	29	2.423	70.00	0.285
213.554	0.05	Adapter 2423Hz	29	2.423	70.00	0.285
213.634	0.05	Adapter 2423Hz	29	2.423	70.00	0.285
213.714	0.05	Adapter 2423Hz	29	2.423	70.00	0.285
213.794	0.05	Adapter 2423Hz	29	2.423	70.00	0.285
214.054	0.05	Adapter 2423Hz	29	2.423	70.00	0.285
214.134	0.05	Adapter 2423Hz	29	2.423	70.00	0.285
214.214	0.05	Adapter 2423Hz	29	2.423	70.00	0.285
214.294	0.05	Adapter 2423Hz	29	2.423	70.00	0.285
214.554	0.05	Adapter 2423Hz	29	2.423	70.00	0.285
214.634	0.05	Adapter 2423Hz	29	2.423	70.00	0.285
214.714	0.05	Adapter 2423Hz	29	2.423	70.00	0.285
214.794	0.05	Adapter 2423Hz	29	2.423	70.00	0.285
215.054	0.05	Adapter 2423Hz	29	2.423	70.00	0.285
215.134	0.05	Adapter 2423Hz	29	2.423	70.00	0.285
215.214	0.05	Adapter 2423Hz	29	2.423	70.00	0.285
215.294	0.05	Adapter 2423Hz	29	2.423	70.00	0.285
215.554	0.05	Adapter 2423Hz	29	2.423	70.00	0.285
215.634	0.05	Adapter 2423Hz	29	2.423	70.00	0.285
215.714	0.05	Adapter 2423Hz	29	2.423	70.00	0.285
215.794	0.05	Adapter 2423Hz	29	2.423	70.00	0.285
216.054	0.05	Adapter 2423Hz	29	2.423	70.00	0.285
216.134	0.05	Adapter 2423Hz	29	2.423	70.00	0.285
216.214	0.05	Adapter 2423Hz	29	2.423	70.00	0.285
216.294	0.05	Adapter 2423Hz	29	2.423	70.00	0.285
216.554	0.05	Adapter 2423Hz	29	2.423	70.00	0.285
216.634	0.05	Adapter 2423Hz	29	2.423	70.00	0.285
216.714	0.05	Adapter 2423Hz	29	2.423	70.00	0.285
216.794	0.05	Adapter 2423Hz	29	2.423	70.00	0.285
217.054	0.05	Adapter 2423Hz	29	2.423	70.00	0.285
217.134	0.05	Adapter 2423Hz	29	2.423	70.00	0.285
217.214	0.05	Adapter 2423Hz	29	2.423	70.00	0.285
217.294	0.05	Adapter 2423Hz	29	2.423	70.00	0.285
220.027	0.05	Adapter 507Hz	30	0.507	70.00	0.079
220.107	0.05	Adapter 507Hz	30	0.507	70.00	0.079
220.187	0.05	Adapter 507Hz	30	0.507	70.00	0.079
220.267	0.05	Adapter 507Hz	30	0.507	70.00	0.079
220.527	0.05	Adapter 507Hz	30	0.507	70.00	0.079
220.607	0.05	Adapter 507Hz	30	0.507	70.00	0.079
220.687	0.05	Adapter 507Hz	30	0.507	70.00	0.079
220.767	0.05	Adapter 507Hz	30	0.507	70.00	0.079
221.027	0.05	Adapter 507Hz	30	0.507	70.00	0.079
221.107	0.05	Adapter 507Hz	30	0.507	70.00	0.079
221.187	0.05	Adapter 507Hz	30	0.507	70.00	0.079
221.267	0.05	Adapter 507Hz	30	0.507	70.00	0.079
221.527	0.05	Adapter 507Hz	30	0.507	70.00	0.079
221.607	0.05	Adapter 507Hz	30	0.507	70.00	0.079
221.687	0.05	Adapter 507Hz	30	0.507	70.00	0.079
221.767	0.05	Adapter 507Hz	30	0.507	70.00	0.079
222.027	0.05	Adapter 507Hz	30	0.507	70.00	0.079
222.107	0.05	Adapter 507Hz	30	0.507	70.00	0.079
222.187	0.05	Adapter 507Hz	30	0.507	70.00	0.079
222.267	0.05	Adapter 507Hz	30	0.507	70.00	0.079
222.527	0.05	Adapter 507Hz	30	0.507	70.00	0.079
222.607	0.05	Adapter 507Hz	30	0.507	70.00	0.079
222.687	0.05	Adapter 507Hz	30	0.507	70.00	0.079
222.767	0.05	Adapter 507Hz	30	0.507	70.00	0.079
223.027	0.05	Adapter 507Hz	30	0.507	70.00	0.079
223.107	0.05	Adapter 507Hz	30	0.507	70.00	0.079
223.187	0.05	Adapter 507Hz	30	0.507	70.00	0.079
223.267	0.05	Adapter 507Hz	30	0.507	70.00	0.079
223.527	0.05	Adapter 507Hz	30	0.507	70.00	0.079
223.607	0.05	Adapter 507Hz	30	0.507	70.00	0.079
223.687	0.05	Adapter 507Hz	30	0.507	70.00	0.079
223.767	0.05	Adapter 507Hz	30	0.507	70.00	0.079
224.027	0.05	Adapter 507Hz	30	0.507	70.00	0.079
224.107	0.05	Adapter 507Hz	30	0.507	70.00	0.079
224.187	0.05	Adapter 507Hz	30	0.507	70.00	0.079
224.267	0.05	Adapter 507Hz	30	0.507	70.00	0.079
224.527	0.05	Adapter 507Hz	30	0.507	70.00	0.079
224.607	0.05	Adapter 507Hz	30	0.507	70.00	0.079
224.687	0.05	Adapter 507Hz	30	0.507	70.00	0.079
224.767	0.05	Adapter 507Hz	30	0.507	70.00	0.079
227.515	0.05	Adapter 6009Hz	31	6.009	70.00	0.671
227.595	0.05	Adapter 6009Hz	31	6.009	70.00	0.671
227.675	0.05	Adapter 6009Hz	31	6.009	70.00	0.671
227.755	0.05	Adapter 6009Hz	31	6.009	70.00	0.671
228.015	0.05	Adapter 6009Hz	31	6.009	70.00	0.671
228.095	0.05	Adapter 6009Hz	31	6.009	70.00	0.671
228.175	0.05	Adapter 6009Hz	31	6.009	70.00	0.671
228.255	0.05	Adapter 6009Hz	31	6.009	70.00	0.671
228.515	0.05	Adapter 6009Hz	31	6.009	70.00	0.671
228.595	0.05	Adapter 6009Hz	31	6.009	70.00	0.671
228.675	0.05	Adapter 6009Hz	31	6.009	70.00	0.671
228.755	0.05	Adapter 6009Hz	31	6.009	70.00	0.671
229.015	0.05	Adapter 6009Hz	31	6.009	70.00	0.671
229.095	0.05	Adapter 6009Hz	31	6.009	70.00	0.671
229.175	0.05	Adapter 6009Hz	31	6.009	70.00	0.671
229.255	0.05	Adapter 6009Hz	31	6.009	70.00	0.671
229.515	0.05	Adapter 6009Hz	31	6.009	70.00	0.671
229.595	0.05	Adapter 6009Hz	31	6.009	70.00	0.671
229.675	0.05	Adapter 6009Hz	31	6.009	70.00	0.671
229.755	0.05	Adapter 6009Hz	31	6.009	70.00	0.671
230.015	0.05	Adapter 6009Hz	31	6.009	70.00	0.671
230.095	0.05	Adapter 6009Hz	31	6.009	70.00	0.671
230.175	0.05	Adapter 6009Hz	31	6.009	70.00	0.671
230.255	0.05	Adapter 6009Hz	31	6.009	70.00	0.671
230.515	0.05	Adapter 6009Hz	31	6.009	70.00	0.671
230.595	0.05	Adapter 6009Hz	31	6.009	70.00	0.671
230.675	0.05	Adapter 6009Hz	31	6.009	70.00	0.671
230.755	0.05	Adapter 6009Hz	31	6.009	70.00	0.671
231.015	0.05	Adapter 6009Hz	31	6.009	70.00	0.671
231.095	0.05	Adapter 6009Hz	31	6.009	70.00	0.671
231.175	0.05	Adapter 6009Hz	31	6.009	70.00	0.671
231.255	0.05	Adapter 6009Hz	31	6.009	70.00	0.671
231.515	0.05	Adapter 6009Hz	31	6.009	70.00	0.671
231.595	0.05	Adapter 6009Hz	31	6.009	70.00	0.671
231.675	0.05	Adapter 6009Hz	31	6.009	70.00	0.671
231.755	0.05	Adapter 6009Hz	31	6.009	70.00	0.671
232.015	0.05	Adapter 6009Hz	31	6.009	70.00	0.671
232.095	0.05	Adapter 6009Hz	31	6.009	70.00	0.671
232.175	0.05	Adapter 6009Hz	31	6.009	70.00	0.671
232.255	0.05	Adapter 6009Hz	31	6.009	70.00	0.671
242.553	0.05	Adapter 3839Hz	33	3.839	70.00	0.437
242.633	0.05	Adapter 3839Hz	33	3.839	70.00	0.437
242.713	0.05	Adapter 3839Hz	33	3.839	70.00	0.437
242.793	0.05	Adapter 3839Hz	33	3.839	70.00	0.437
243.053	0.05	Adapter 3839Hz	33	3.839	70.00	0.437
243.133	0.05	Adapter 3839Hz	33	3.839	70.00	0.437
243.213	0.05	Adapter 3839Hz	33	3.839	70.00	0.437
243.293	0.05	Adapter 3839Hz	33	3.839	70.00	0.437
243.553	0.05	Adapter 3839Hz	33	3.839	70.00	0.437
243.633	0.05	Adapter 3839Hz	33	3.839	70.00	0.437
243.713	0.05	Adapter 3839Hz	33	3.839	70.00	0.437
243.793	0.05	Adapter 3839Hz	33	3.839	70.00	0.437
244.053	0.05	Adapter 3839Hz	33	3.839	70.00	0.437
244.133	0.05	Adapter 3839Hz	33	3.839	70.00	0.437
244.213	0.05	Adapter 3839Hz	33	3.839	70.00	0.437
244.293	0.05	Adapter 3839Hz	33	3.839	70.00	0.437
244.553	0.05	Adapter 3839Hz	33	3.839	70.00	0.437
244.633	0.05	Adapter 3839Hz	33	3.839	70.00	0.437
244.713	0.05	Adapter 3839Hz	33	3.839	70.00	0.437
244.793	0.05	Adapter 3839Hz	33	3.839	70.00	0.437
245.053	0.05	Adapter 3839Hz	33	3.839	70.00	0.437
245.133	0.05	Adapter 3839Hz	33	3.839	70.00	0.437
245.213	0.05	Adapter 3839Hz	33	3.839	70.00	0.437
245.293	0.05	Adapter 3839Hz	33	3.839	70.00	0.437
245.553	0.05	Adapter 3839Hz	33	3.839	70.00	0.437
245.633	0.05	Adapter 3839Hz	33	3.839	70.00	0.437
245.713	0.05	Adapter 3839Hz	33	3.839	70.00	0.437
245.793	0.05	Adapter 3839Hz	33	3.839	70.00	0.437
246.053	0.05	Adapter 3839Hz	33	3.839	70.00	0.437
246.133	0.05	Adapter 3839Hz	33	3.839	70.00	0.437
246.213	0.05	Adapter 3839Hz	33	3.839	70.00	0.437
246.293	0.05	Adapter 3839Hz	33	3.839	70.00	0.437
246.553	0.05	Adapter 3839Hz	33	3.839	70.00	0.437
246.633	0.05	Adapter 3839Hz	33	3.839	70.00	0.437
246.713	0.05	Adapter 3839Hz	33	3.839	70.00	0.437
246.793	0.05	Adapter 3839Hz	33	3.839	70.00	0.437
247.053	0.05	Adapter 3839Hz	33	3.839	70.00	0.437
247.133	0.05	Adapter 3839Hz	33	3.839	70.00	0.437
247.213	0.05	Adapter 3839Hz	33	3.839	70.00	0.437
247.293	0.05	Adapter 3839Hz	33	3.839	70.00	0.437
250.041	0.05	Adapter 2423Hz Probe 3839Hz	34	2.423	70.00	0.285
250.121	0.05	Adapter 2423Hz Probe 3839Hz	34	2.423	70.00	0.285
250.201	0.05	Adapter 2423Hz Probe 3839Hz	34	2.423	70.00	0.285
250.281	0.05	Adapter 2423Hz Probe 3839Hz	34	2.423	70.00	0.285
250.361	0.05	Adapter 2423Hz Probe 3839Hz	34	3.839	70.00	0.437
250.541	0.05	Adapter 2423Hz Probe 3839Hz	34	2.423	70.00	0.285
250.621	0.05	Adapter 2423Hz Probe 3839Hz	34	2.423	70.00	0.285
250.701	0.05	Adapter 2423Hz Probe 3839Hz	34	2.423	70.00	0.285
250.781	0.05	Adapter 2423Hz Probe 3839Hz	34	2.423	70.00	0.285
250.861	0.05	Adapter 2423Hz Probe 3839Hz	34	3.839	70.00	0.437
251.041	0.05	Adapter 2423Hz Probe 3839Hz	34	2.423	70.00	0.285
251.121	0.05	Adapter 2423Hz Probe 3839Hz	34	2.423	70.00	0.285
251.201	0.05	Adapter 2423Hz Probe 3839Hz	34	2.423	70.00	0.285
251.281	0.05	Adapter 2423Hz Probe 3839Hz	34	2.423	70.00	0.285
251.361	0.05	Adapter 2423Hz Probe 3839Hz	34	3.839	70.00	0.437
251.541	0.05	Adapter 2423Hz Probe 3839Hz	34	2.423	70.00	0.285
251.621	0.05	Adapter 2423Hz Probe 3839Hz	34	2.423	70.00	0.285
251.701	0.05	Adapter 2423Hz Probe 3839Hz	34	2.423	70.00	0.285
251.781	0.05	Adapter 2423Hz Probe 3839Hz	34	2.423	70.00	0.285
251.861	0.05	Adapter 2423Hz Probe 3839Hz	34	3.839	70.00	0.437
252.041	0.05	Adapter 2423Hz Probe 3839Hz	34	2.423	70.00	0.285
252.121	0.05	Adapter 2423Hz Probe 3839Hz	34	2.423	70.00	0.285
252.201	0.05	Adapter 2423Hz Probe 3839Hz	34	2.423	70.00	0.285
252.281	0.05	Adapter 2423Hz Probe 3839Hz	34	2.423	70.00	0.285
252.361	0.05	Adapter 2423Hz Probe 3839Hz	34	3.839	70.00	0.437
252.541	0.05	Adapter 2423Hz Probe 3839Hz	34	2.423	70.00	0.285
252.621	0.05	Adapter 2423Hz Probe 3839Hz	34	2.423	70.00	0.285
252.701	0.05	Adapter 2423Hz Probe 3839Hz	34	2.423	70.00	0.285
252.781	0.05	Adapter 2423Hz Probe 3839Hz	34	2.423	70.00	0.285
252.861	0.05	Adapter 2423Hz Probe 3839Hz	34	3.839	70.00	0.437
253.041	0.05	Adapter 2423Hz Probe 3839Hz	34	2.423	70.00	0.285
253.121	0.05	Adapter 2423Hz Probe 3839Hz	34	2.423	70.00	0.285
253.201	0.05	Adapter 2423Hz Probe 3839Hz	34	2.423	70.00	0.285
253.281	0.05	Adapter 2423Hz Probe 3839Hz	34	2.423	70.00	0.285
253.361	0.05	Adapter 2423Hz Probe 3839Hz	34	3.839	70.00	0.437
253.541	0.05	Adapter 2423Hz Probe 3839Hz	34	2.423	70.00	0.285
253.621	0.05	Adapter 2423Hz Probe 3839Hz	34	2.423	70.00	0.285
253.701	0.05	Adapter 2423Hz Probe 3839Hz	34	2.423	70.00	0.285
253.781	0.05	Adapter 2423Hz Probe 3839Hz	34	2.423	70.00	0.285
253.861	0.05	Adapter 2423Hz Probe 3839Hz	34	3.839	70.00	0.437
254.041	0.05	Adapter 2423Hz Probe 3839Hz	34	2.423	70.00	0.285
254.121	0.05	Adapter 2423Hz Probe 3839Hz	34	2.423	70.00	0.285
254.201	0.05	Adapter 2423Hz Probe 3839Hz	34	2.423	70.00	0.285
254.281	0.05	Adapter 2423Hz Probe 3839Hz	34	2.423	70.00	0.285
254.361	0.05	Adapter 2423Hz Probe 3839Hz	34	3.839	70.00	0.437
254.541	0.05	Adapter 2423Hz Probe 3839Hz	34	2.423	70.00	0.285
254.621	0.05	Adapter 2423Hz Probe 3839Hz	34	2.423	70.00	0.285
254.701	0.05	Adapter 2423Hz Probe 3839Hz	34	2.423	70.00	0.285
254.781	0.05	Adapter 2423Hz Probe 3839Hz	34	2.423	70.00	0.285
254.861	0.05	Adapter 2423Hz Probe 3839Hz	34	3.839	70.00	0.437
265.017	0.05	Adapter 3839Hz Probe 3839Hz	36	3.839	70.00	0.437
265.097	0.05	Adapter 3839Hz Probe 3839Hz	36	3.839	70.00	0.437
265.177	0.05	Adapter 3839Hz Probe 3839Hz	36	3.839	70.00	0.437
265.257	0.05	Adapter 3839Hz Probe 3839Hz	36	3.839	70.00	0.437
265.337	0.05	Adapter 3839Hz Probe 3839Hz	36	3.839	70.00	0.437
265.517	0.05	Adapter 3839Hz Probe 3839Hz	36	3.839	70.00	0.437
265.597	0.05	Adapter 3839Hz Probe 3839Hz	36	3.839	70.00	0.437
265.677	0.05	Adapter 3839Hz Probe 3839Hz	36	3.839	70.00	0.437
265.757	0.05	Adapter 3839Hz Probe 3839Hz	36	3.839	70.00	0.437
265.837	0.05	Adapter 3839Hz Probe 3839Hz	36	3.839	70.00	0.437
266.017	0.05	Adapter 3839Hz Probe 3839Hz	36	3.839	70.00	0.437
266.097	0.05	Adapter 3839Hz Probe 3839Hz	36	3.839	70.00	0.437
266.177	0.05	Adapter 3839Hz Probe 3839Hz	36	3.839	70.00	0.437
266.257	0.05	Adapter 3839Hz Probe 3839Hz	36	3.839	70.00	0.437
266.337	0.05	Adapter 3839Hz Probe 3839Hz	36	3.839	70.00	0.437
266.517	0.05	Adapter 3839Hz Probe 3839Hz	36	3.839	70.00	0.437
266.597	0.05	Adapter 3839Hz Probe 3839Hz	36	3.839	70.00	0.437
266.677	0.05	Adapter 3839Hz Probe 3839Hz	36	3.839	70.00	0.437
266.757	0.05	Adapter 3839Hz Probe 3839Hz	36	3.839	70.00	0.437
266.837	0.05	Adapter 3839Hz Probe 3839Hz	36	3.839	70.00	0.437
267.017	0.05	Adapter 3839Hz Probe 3839Hz	36	3.839	70.00	0.437
267.097	0.05	Adapter 3839Hz Probe 3839Hz	36	3.839	70.00	0.437
267.177	0.05	Adapter 3839Hz Probe 3839Hz	36	3.839	70.00	0.437
267.257	0.05	Adapter 3839Hz Probe 3839Hz	36	3.839	70.00	0.437
267.337	0.05	Adapter 3839Hz Probe 3839Hz	36	3.839	70.00	0.437
267.517	0.05	Adapter 3839Hz Probe 3839Hz	36	3.839	70.00	0.437
267.597	0.05	Adapter 3839Hz Probe 3839Hz	36	3.839	70.00	0.437
267.677	0.05	Adapter 3839Hz Probe 3839Hz	36	3.839	70.00	0.437
267.757	0.05	Adapter 3839Hz Probe 3839Hz	36	3.839	70.00	0.437
267.837	0.05	Adapter 3839Hz Probe 3839Hz	36	3.839	70.00	0.437
268.017	0.05	Adapter 3839Hz Probe 3839Hz	36	3.839	70.00	0.437
268.097	0.05	Adapter 3839Hz Probe 3839Hz	36	3.839	70.00	0.437
268.177	0.05	Adapter 3839Hz Probe 3839Hz	36	3.839	70.00	0.437
268.257	0.05	Adapter 3839Hz Probe 3839Hz	36	3.839	70.00	0.437
268.337	0.05	Adapter 3839Hz Probe 3839Hz	36	3.839	70.00	0.437
268.517	0.05	Adapter 3839Hz Probe 3839Hz	36	3.839	70.00	0.437
268.597	0.05	Adapter 3839Hz Probe 3839Hz	36	3.839	70.00	0.437
268.677	0.05	Adapter 3839Hz Probe 3839Hz	36	3.839	70.00	0.437
268.757	0.05	Adapter 3839Hz Probe 3839Hz	36	3.839	70.00	0.437
268.837	0.05	Adapter 3839Hz Probe 3839Hz	36	3.839	70.00	0.437
269.017	0.05	Adapter 3839Hz Probe 3839Hz	36	3.839	70.00	0.437
269.097	0.05	Adapter 3839Hz Probe 3839Hz	36	3.839	70.00	0.437
269.177	0.05	Adapter 3839Hz Probe 3839Hz	36	3.839	70.00	0.437
269.257	0.05	Adapter 3839Hz Probe 3839Hz	36	3.839	70.00	0.437
269.337	0.05	Adapter 3839Hz Probe 3839Hz	36	3.839	70.00	0.437
269.517	0.05	Adapter 3839Hz Probe 3839Hz	36	3.839	70.00	0.437
269.597	0.05	Adapter 3839Hz Probe 3839Hz	36	3.839	70.00	0.437
269.677	0.05	Adapter 3839Hz Probe 3839Hz	36	3.839	70.00	0.437
269.757	0.05	Adapter 3839Hz Probe 3839Hz	36	3.839	70.00	0.437
269.837	0.05	Adapter 3839Hz Probe 3839Hz	36	3.839	70.00	0.437
272.552	0.05	Adapter 251Hz	37	0.251	70.00	0.052
272.632	0.05	Adapter 251Hz	37	0.251	70.00	0.052
272.712	0.05	Adapter 251Hz	37	0.251	70.00	0.052
272.792	0.05	Adapter 251Hz	37	0.251	70.00	0.052
273.052	0.05	Adapter 251Hz	37	0.251	70.00	0.052
273.132	0.05	Adapter 251Hz	37	0.251	70.00	0.052
273.212	0.05	Adapter 251Hz	37	0.251	70.00	0.052
273.292	0.05	Adapter 251Hz	37	0.251	70.00	0.052
273.552	0.05	Adapter 251Hz	37	0.251	70.00	0.052
273.632	0.05	Adapter 251Hz	37	0.251	70.00	0.052
273.712	0.05	Adapter 251Hz	37	0.251	70.00	0.052
273.792	0.05	Adapter 251Hz	37	0.251	70.00	0.052
274.052	0.05	Adapter 251Hz	37	0.251	70.00	0.052
274.132	0.05	Adapter 251Hz	37	0.251	70.00	0.052
274.212	0.05	Adapter 251Hz	37	0.251	70.00	0.052
274.292	0.05	Adapter 251Hz	37	0.251	70.00	0.052
274.552	0.05	Adapter 251Hz	37	0.251	70.00	0.052
274.632	0.05	Adapter 251Hz	37	0.251	70.00	0.052
274.712	0.05	Adapter 251Hz	37	0.251	70.00	0.052
274.792	0.05	Adapter 251Hz	37	0.251	70.00	0.052
275.052	0.05	Adapter 251Hz	37	0.251	70.00	0.052
275.132	0.05	Adapter 251Hz	37	0.251	70.00	0.052
275.212	0.05	Adapter 251Hz	37	0.251	70.00	0.052
275.292	0.05	Adapter 251Hz	37	0.251	70.00	0.052
275.552	0.05	Adapter 251Hz	37	0.251	70.00	0.052
275.632	0.05	Adapter 251Hz	37	0.251	70.00	0.052
275.712	0.05	Adapter 251Hz	37	0.251	70.00	0.052
275.792	0.05	Adapter 251Hz	37	0.251	70.00	0.052
276.052	0.05	Adapter 251Hz	37	0.251	70.00	0.052
276.132	0.05	Adapter 251Hz	37	0.251	70.00	0.052
276.212	0.05	Adapter 251Hz	37	0.251	70.00	0.052
276.292	0.05	Adapter 251Hz	37	0.251	70.00	0.052
276.552	0.05	Adapter 251Hz	37	0.251	70.00	0.052
276.632	0.05	Adapter 251Hz	37	0.251	70.00	0.052
276.712	0.05	Adapter 251Hz	37	0.251	70.00	0.052
276.792	0.05	Adapter 251Hz	37	0.251	70.00	0.052
277.052	0.05	Adapter 251Hz	37	0.251	70.00	0.052
277.132	0.05	Adapter 251Hz	37	0.251	70.00	0.052
277.212	0.05	Adapter 251Hz	37	0.251	70.00	0.052
277.292	0.05	Adapter 251Hz	37	0.251	70.00	0.052
280.04	0.05	Adapter 899Hz Probe 3839Hz	38	0.899	70.00	0.121
280.12	0.05	Adapter 899Hz Probe 3839Hz	38	0.899	70.00	0.121
280.2	0.05	Adapter 899Hz Probe 3839Hz	38	0.899	70.00	0.121
280.28	0.05	Adapter 899Hz Probe 3839Hz	38	0.899	70.00	0.121
280.36	0.05	Adapter 899Hz Probe 3839Hz	38	3.839	70.00	0.437
280.54	0.05	Adapter 899Hz Probe 3839Hz	38	0.899	70.00	0.121
280.62	0.05	Adapter 899Hz Probe 3839Hz	38	0.899	70.00	0.121
280.7	0.05	Adapter 899Hz Probe 3839Hz	38	0.899	70.00	0.121
280.78	0.05	Adapter 899Hz Probe 3839Hz	38	0.899	70.00	0.121
280.86	0.05	Adapter 899Hz Probe 3839Hz	38	3.839	70.00	0.437
281.04	0.05	Adapter 899Hz Probe 3839Hz	38	0.899	70.00	0.121
281.12	0.05	Adapter 899Hz Probe 3839Hz	38	0.899	70.00	0.121
281.2	0.05	Adapter 899Hz Probe 3839Hz	38	0.899	70.00	0.121
281.28	0.05	Adapter 899Hz Probe 3839Hz	38	0.899	70.00	0.121
281.36	0.05	Adapter 899Hz Probe 3839Hz	38	3.839	70.00	0.437
281.54	0.05	Adapter 899Hz Probe 3839Hz	38	0.899	70.00	0.121
281.62	0.05	Adapter 899Hz Probe 3839Hz	38	0.899	70.00	0.121
281.7	0.05	Adapter 899Hz Probe 3839Hz	38	0.899	70.00	0.121
281.78	0.05	Adapter 899Hz Probe 3839Hz	38	0.899	70.00	0.121
281.86	0.05	Adapter 899Hz Probe 3839Hz	38	3.839	70.00	0.437
282.04	0.05	Adapter 899Hz Probe 3839Hz	38	0.899	70.00	0.121
282.12	0.05	Adapter 899Hz Probe 3839Hz	38	0.899	70.00	0.121
282.2	0.05	Adapter 899Hz Probe 3839Hz	38	0.899	70.00	0.121
282.28	0.05	Adapter 899Hz Probe 3839Hz	38	0.899	70.00	0.121
282.36	0.05	Adapter 899Hz Probe 3839Hz	38	3.839	70.00	0.437
282.54	0.05	Adapter 899Hz Probe 3839Hz	38	0.899	70.00	0.121
282.62	0.05	Adapter 899Hz Probe 3839Hz	38	0.899	70.00	0.121
282.7	0.05	Adapter 899Hz Probe 3839Hz	38	0.899	70.00	0.121
282.78	0.05	Adapter 899Hz Probe 3839Hz	38	0.899	70.00	0.121
282.86	0.05	Adapter 899Hz Probe 3839Hz	38	3.839	70.00	0.437
283.04	0.05	Adapter 899Hz Probe 3839Hz	38	0.899	70.00	0.121
283.12	0.05	Adapter 899Hz Probe 3839Hz	38	0.899	70.00	0.121
283.2	0.05	Adapter 899Hz Probe 3839Hz	38	0.899	70.00	0.121
283.28	0.05	Adapter 899Hz Probe 3839Hz	38	0.899	70.00	0.121
283.36	0.05	Adapter 899Hz Probe 3839Hz	38	3.839	70.00	0.437
283.54	0.05	Adapter 899Hz Probe 3839Hz	38	0.899	70.00	0.121
283.62	0.05	Adapter 899Hz Probe 3839Hz	38	0.899	70.00	0.121
283.7	0.05	Adapter 899Hz Probe 3839Hz	38	0.899	70.00	0.121
283.78	0.05	Adapter 899Hz Probe 3839Hz	38	0.899	70.00	0.121
283.86	0.05	Adapter 899Hz Probe 3839Hz	38	3.839	70.00	0.437
284.04	0.05	Adapter 899Hz Probe 3839Hz	38	0.899	70.00	0.121
284.12	0.05	Adapter 899Hz Probe 3839Hz	38	0.899	70.00	0.121
284.2	0.05	Adapter 899Hz Probe 3839Hz	38	0.899	70.00	0.121
284.28	0.05	Adapter 899Hz Probe 3839Hz	38	0.899	70.00	0.121
284.36	0.05	Adapter 899Hz Probe 3839Hz	38	3.839	70.00	0.437
284.54	0.05	Adapter 899Hz Probe 3839Hz	38	0.899	70.00	0.121
284.62	0.05	Adapter 899Hz Probe 3839Hz	38	0.899	70.00	0.121
284.7	0.05	Adapter 899Hz Probe 3839Hz	38	0.899	70.00	0.121
284.78	0.05	Adapter 899Hz Probe 3839Hz	38	0.899	70.00	0.121
284.86	0.05	Adapter 899Hz Probe 3839Hz	38	3.839	70.00	0.437
302.52	0.05	Adapter 1501Hz Probe 3839Hz	41	1.501	70.00	0.186
302.6	0.05	Adapter 1501Hz Probe 3839Hz	41	1.501	70.00	0.186
302.68	0.05	Adapter 1501Hz Probe 3839Hz	41	1.501	70.00	0.186
302.76	0.05	Adapter 1501Hz Probe 3839Hz	41	1.501	70.00	0.186
302.84	0.05	Adapter 1501Hz Probe 3839Hz	41	3.839	70.00	0.437
303.02	0.05	Adapter 1501Hz Probe 3839Hz	41	1.501	70.00	0.186
303.1	0.05	Adapter 1501Hz Probe 3839Hz	41	1.501	70.00	0.186
303.18	0.05	Adapter 1501Hz Probe 3839Hz	41	1.501	70.00	0.186
303.26	0.05	Adapter 1501Hz Probe 3839Hz	41	1.501	70.00	0.186
303.34	0.05	Adapter 1501Hz Probe 3839Hz	41	3.839	70.00	0.437
303.52	0.05	Adapter 1501Hz Probe 3839Hz	41	1.501	70.00	0.186
303.6	0.05	Adapter 1501Hz Probe 3839Hz	41	1.501	70.00	0.186
303.68	0.05	Adapter 1501Hz Probe 3839Hz	41	1.501	70.00	0.186
303.76	0.05	Adapter 1501Hz Probe 3839Hz	41	1.501	70.00	0.186
303.84	0.05	Adapter 1501Hz Probe 3839Hz	41	3.839	70.00	0.437
304.02	0.05	Adapter 1501Hz Probe 3839Hz	41	1.501	70.00	0.186
304.1	0.05	Adapter 1501Hz Probe 3839Hz	41	1.501	70.00	0.186
304.18	0.05	Adapter 1501Hz Probe 3839Hz	41	1.501	70.00	0.186
304.26	0.05	Adapter 1501Hz Probe 3839Hz	41	1.501	70.00	0.186
304.34	0.05	Adapter 1501Hz Probe 3839Hz	41	3.839	70.00	0.437
304.52	0.05	Adapter 1501Hz Probe 3839Hz	41	1.501	70.00	0.186
304.6	0.05	Adapter 1501Hz Probe 3839Hz	41	1.501	70.00	0.186
304.68	0.05	Adapter 1501Hz Probe 3839Hz	41	1.501	70.00	0.186
304.76	0.05	Adapter 1501Hz Probe 3839Hz	41	1.501	70.00	0.186
304.84	0.05	Adapter 1501Hz Probe 3839Hz	41	3.839	70.00	0.437
305.02	0.05	Adapter 1501Hz Probe 3839Hz	41	1.501	70.00	0.186
305.1	0.05	Adapter 1501Hz Probe 3839Hz	41	1.501	70.00	0.186
305.18	0.05	Adapter 1501Hz Probe 3839Hz	41	1.501	70.00	0.186
305.26	0.05	Adapter 1501Hz Probe 3839Hz	41	1.501	70.00	0.186
305.34	0.05	Adapter 1501Hz Probe 3839Hz	41	3.839	70.00	0.437
305.52	0.05	Adapter 1501Hz Probe 3839Hz	41	1.501	70.00	0.186
305.6	0.05	Adapter 1501Hz Probe 3839Hz	41	1.501	70.00	0.186
305.68	0.05	Adapter 1501Hz Probe 3839Hz	41	1.501	70.00	0.186
305.76	0.05	Adapter 1501Hz Probe 3839Hz	41	1.501	70.00	0.186
305.84	0.05	Adapter 1501Hz Probe 3839Hz	41	3.839	70.00	0.437
306.02	0.05	Adapter 1501Hz Probe 3839Hz	41	1.501	70.00	0.186
306.1	0.05	Adapter 1501Hz Probe 3839Hz	41	1.501	70.00	0.186
306.18	0.05	Adapter 1501Hz Probe 3839Hz	41	1.501	70.00	0.186
306.26	0.05	Adapter 1501Hz Probe 3839Hz	41	1.501	70.00	0.186
306.34	0.05	Adapter 1501Hz Probe 3839Hz	41	3.839	70.00	0.437
306.52	0.05	Adapter 1501Hz Probe 3839Hz	41	1.501	70.00	0.186
306.6	0.05	Adapter 1501Hz Probe 3839Hz	41	1.501	70.00	0.186
306.68	0.05	Adapter 1501Hz Probe 3839Hz	41	1.501	70.00	0.186
306.76	0.05	Adapter 1501Hz Probe 3839Hz	41	1.501	70.00	0.186
306.84	0.05	Adapter 1501Hz Probe 3839Hz	41	3.839	70.00	0.437
307.02	0.05	Adapter 1501Hz Probe 3839Hz	41	1.501	70.00	0.186
307.1	0.05	Adapter 1501Hz Probe 3839Hz	41	1.501	70.00	0.186
307.18	0.05	Adapter 1501Hz Probe 3839Hz	41	1.501	70.00	0.186
307.26	0.05	Adapter 1501Hz Probe 3839Hz	41	1.501	70.00	0.186
307.34	0.05	Adapter 1501Hz Probe 3839Hz	41	3.839	70.00	0.437
310.055	0.05	Adapter 2423Hz	42	2.423	70.00	0.285
310.135	0.05	Adapter 2423Hz	42	2.423	70.00	0.285
310.215	0.05	Adapter 2423Hz	42	2.423	70.00	0.285
310.295	0.05	Adapter 2423Hz	42	2.423	70.00	0.285
310.555	0.05	Adapter 2423Hz	42	2.423	70.00	0.285
310.635	0.05	Adapter 2423Hz	42	2.423	70.00	0.285
310.715	0.05	Adapter 2423Hz	42	2.423	70.00	0.285
310.795	0.05	Adapter 2423Hz	42	2.423	70.00	0.285
311.055	0.05	Adapter 2423Hz	42	2.423	70.00	0.285
311.135	0.05	Adapter 2423Hz	42	2.423	70.00	0.285
311.215	0.05	Adapter 2423Hz	42	2.423	70.00	0.285
311.295	0.05	Adapter 2423Hz	42	2.423	70.00	0.285
311.555	0.05	Adapter 2423Hz	42	2.423	70.00	0.285
311.635	0.05	Adapter 2423Hz	42	2.423	70.00	0.285
311.715	0.05	Adapter 2423Hz	42	2.423	70.00	0.285
311.795	0.05	Adapter 2423Hz	42	2.423	70.00	0.285
312.055	0.05	Adapter 2423Hz	42	2.423	70.00	0.285
312.135	0.05	Adapter 2423Hz	42	2.423	70.00	0.285
312.215	0.05	Adapter 2423Hz	42	2.423	70.00	0.285
312.295	0.05	Adapter 2423Hz	42	2.423	70.00	0.285
312.555	0.05	Adapter 2423Hz	42	2.423	70.00	0.285
312.635	0.05	Adapter 2423Hz	42	2.423	70.00	0.285
312.715	0.05	Adapter 2423Hz	42	2.423	70.00	0.285
312.795	0.05	Adapter 2423Hz	42	2.423	70.00	0.285
313.055	0.05	Adapter 2423Hz	42	2.423	70.00	0.285
313.135	0.05	Adapter 2423Hz	42	2.423	70.00	0.285
313.215	0.05	Adapter 2423Hz	42	2.423	70.00	0.285
313.295	0.05	Adapter 2423Hz	42	2.423	70.00	0.285
313.555	0.05	Adapter 2423Hz	42	2.423	70.00	0.285
313.635	0.05	Adapter 2423Hz	42	2.423	70.00	0.285
313.715	0.05	Adapter 2423Hz	42	2.423	70.00	0.285
313.795	0.05	Adapter 2423Hz	42	2.423	70.00	0.285
314.055	0.05	Adapter 2423Hz	42	2.423	70.00	0.285
314.135	0.05	Adapter 2423Hz	42	2.423	70.00	0.285
314.215	0.05	Adapter 2423Hz	42	2.423	70.00	0.285
314.295	0.05	Adapter 2423Hz	42	2.423	70.00	0.285
314.555	0.05	Adapter 2423Hz	42	2.423	70.00	0.285
314.635	0.05	Adapter 2423Hz	42	2.423	70.00	0.285
314.715	0.05	Adapter 2423Hz	42	2.423	70.00	0.285
314.795	0.05	Adapter 2423Hz	42	2.423	70.00	0.285
317.527	0.05	Adapter 1501Hz	43	1.501	70.00	0.186
317.607	0.05	Adapter 1501Hz	43	1.501	70.00	0.186
317.687	0.05	Adapter 1501Hz	43	1.501	70.00	0.186
317.767	0.05	Adapter 1501Hz	43	1.501	70.00	0.186
318.027	0.05	Adapter 1501Hz	43	1.501	70.00	0.186
318.107	0.05	Adapter 1501Hz	43	1.501	70.00	0.186
318.187	0.05	Adapter 1501Hz	43	1.501	70.00	0.186
318.267	0.05	Adapter 1501Hz	43	1.501	70.00	0.186
318.527	0.05	Adapter 1501Hz	43	1.501	70.00	0.186
318.607	0.05	Adapter 1501Hz	43	1.501	70.00	0.186
318.687	0.05	Adapter 1501Hz	43	1.501	70.00	0.186
318.767	0.05	Adapter 1501Hz	43	1.501	70.00	0.186
319.027	0.05	Adapter 1501Hz	43	1.501	70.00	0.186
319.107	0.05	Adapter 1501Hz	43	1.501	70.00	0.186
319.187	0.05	Adapter 1501Hz	43	1.501	70.00	0.186
319.267	0.05	Adapter 1501Hz	43	1.501	70.00	0.186
319.527	0.05	Adapter 1501Hz	43	1.501	70.00	0.186
319.607	0.05	Adapter 1501Hz	43	1.501	70.00	0.186
319.687	0.05	Adapter 1501Hz	43	1.501	70.00	0.186
319.767	0.05	Adapter 1501Hz	43	1.501	70.00	0.186
320.027	0.05	Adapter 1501Hz	43	1.501	70.00	0.186
320.107	0.05	Adapter 1501Hz	43	1.501	70.00	0.186
320.187	0.05	Adapter 1501Hz	43	1.501	70.00	0.186
320.267	0.05	Adapter 1501Hz	43	1.501	70.00	0.186
320.527	0.05	Adapter 1501Hz	43	1.501	70.00	0.186
320.607	0.05	Adapter 1501Hz	43	1.501	70.00	0.186
320.687	0.05	Adapter 1501Hz	43	1.501	70.00	0.186
320.767	0.05	Adapter 1501Hz	43	1.501	70.00	0.186
321.027	0.05	Adapter 1501Hz	43	1.501	70.00	0.186
321.107	0.05	Adapter 1501Hz	43	1.501	70.00	0.186
321.187	0.05	Adapter 1501Hz	43	1.501	70.00	0.186
321.267	0.05	Adapter 1501Hz	43	1.501	70.00	0.186
321.527	0.05	Adapter 1501Hz	43	1.501	70.00	0.186
321.607	0.05	Adapter 1501Hz	43	1.501	70.00	0.186
321.687	0.05	Adapter 1501Hz	43	1.501	70.00	0.186
321.767	0.05	Adapter 1501Hz	43	1.501	70.00	0.186
322.027	0.05	Adapter 1501Hz	43	1.501	70.00	0.186
322.107	0.05	Adapter 1501Hz	43	1.501	70.00	0.186
322.187	0.05	Adapter 1501Hz	43	1.501	70.00	0.186
322.267	0.05	Adapter 1501Hz	43	1.501	70.00	0.186
325.015	0.05	Adapter 899Hz	44	0.899	70.00	0.121
325.095	0.05	Adapter 899Hz	44	0.899	70.00	0.121
325.175	0.05	Adapter 899Hz	44	0.899	70.00	0.121
325.255	0.05	Adapter 899Hz	44	0.899	70.00	0.121
325.515	0.05	Adapter 899Hz	44	0.899	70.00	0.121
325.595	0.05	Adapter 899Hz	44	0.899	70.00	0.121
325.675	0.05	Adapter 899Hz	44	0.899	70.00	0.121
325.755	0.05	Adapter 899Hz	44	0.899	70.00	0.121
326.015	0.05	Adapter 899Hz	44	0.899	70.00	0.121
326.095	0.05	Adapter 899Hz	44	0.899	70.00	0.121
326.175	0.05	Adapter 899Hz	44	0.899	70.00	0.121
326.255	0.05	Adapter 899Hz	44	0.899	70.00	0.121
326.515	0.05	Adapter 899Hz	44	0.899	70.00	0.121
326.595	0.05	Adapter 899Hz	44	0.899	70.00	0.121
326.675	0.05	Adapter 899Hz	44	0.899	70.00	0.121
326.755	0.05	Adapter 899Hz	44	0.899	70.00	0.121
327.015	0.05	Adapter 899Hz	44	0.899	70.00	0.121
327.095	0.05	Adapter 899Hz	44	0.899	70.00	0.121
327.175	0.05	Adapter 899Hz	44	0.899	70.00	0.121
327.255	0.05	Adapter 899Hz	44	0.899	70.00	0.121
327.515	0.05	Adapter 899Hz	44	0.899	70.00	0.121
327.595	0.05	Adapter 899Hz	44	0.899	70.00	0.121
327.675	0.05	Adapter 899Hz	44	0.899	70.00	0.121
327.755	0.05	Adapter 899Hz	44	0.899	70.00	0.121
328.015	0.05	Adapter 899Hz	44	0.899	70.00	0.121
328.095	0.05	Adapter 899Hz	44	0.899	70.00	0.121
328.175	0.05	Adapter 899Hz	44	0.899	70.00	0.121
328.255	0.05	Adapter 899Hz	44	0.899	70.00	0.121
328.515	0.05	Adapter 899Hz	44	0.899	70.00	0.121
328.595	0.05	Adapter 899Hz	44	0.899	70.00	0.121
328.675	0.05	Adapter 899Hz	44	0.899	70.00	0.121
328.755	0.05	Adapter 899Hz	44	0.899	70.00	0.121
329.015	0.05	Adapter 899Hz	44	0.899	70.00	0.121
329.095	0.05	Adapter 899Hz	44	0.899	70.00	0.121
329.175	0.05	Adapter 899Hz	44	0.899	70.00	0.121
329.255	0.05	Adapter 899Hz	44	0.899	70.00	0.121
329.515	0.05	Adapter 899Hz	44	0.899	70.00	0.121
329.595	0.05	Adapter 899Hz	44	0.899	70.00	0.121
329.675	0.05	Adapter 899Hz	44	0.899	70.00	0.121
329.755	0.05	Adapter 899Hz	44	0.899	70.00	0.121
332.55	0.05	Adapter 507Hz	45	0.507	70.00	0.079
332.63	0.05	Adapter 507Hz	45	0.507	70.00	0.079
332.71	0.05	Adapter 507Hz	45	0.507	70.00	0.079
332.79	0.05	Adapter 507Hz	45	0.507	70.00	0.079
333.05	0.05	Adapter 507Hz	45	0.507	70.00	0.079
333.13	0.05	Adapter 507Hz	45	0.507	70.00	0.079
333.21	0.05	Adapter 507Hz	45	0.507	70.00	0.079
333.29	0.05	Adapter 507Hz	45	0.507	70.00	0.079
333.55	0.05	Adapter 507Hz	45	0.507	70.00	0.079
333.63	0.05	Adapter 507Hz	45	0.507	70.00	0.079
333.71	0.05	Adapter 507Hz	45	0.507	70.00	0.079
333.79	0.05	Adapter 507Hz	45	0.507	70.00	0.079
334.05	0.05	Adapter 507Hz	45	0.507	70.00	0.079
334.13	0.05	Adapter 507Hz	45	0.507	70.00	0.079
334.21	0.05	Adapter 507Hz	45	0.507	70.00	0.079
334.29	0.05	Adapter 507Hz	45	0.507	70.00	0.079
334.55	0.05	Adapter 507Hz	45	0.507	70.00	0.079
334.63	0.05	Adapter 507Hz	45	0.507	70.00	0.079
334.71	0.05	Adapter 507Hz	45	0.507	70.00	0.079
334.79	0.05	Adapter 507Hz	45	0.507	70.00	0.079
335.05	0.05	Adapter 507Hz	45	0.507	70.00	0.079
335.13	0.05	Adapter 507Hz	45	0.507	70.00	0.079
335.21	0.05	Adapter 507Hz	45	0.507	70.00	0.079
335.29	0.05	Adapter 507Hz	45	0.507	70.00	0.079
335.55	0.05	Adapter 507Hz	45	0.507	70.00	0.079
335.63	0.05	Adapter 507Hz	45	0.507	70.00	0.079
335.71	0.05	Adapter 507Hz	45	0.507	70.00	0.079
335.79	0.05	Adapter 507Hz	45	0.507	70.00	0.079
336.05	0.05	Adapter 507Hz	45	0.507	70.00	0.079
336.13	0.05	Adapter 507Hz	45	0.507	70.00	0.079
336.21	0.05	Adapter 507Hz	45	0.507	70.00	0.079
336.29	0.05	Adapter 507Hz	45	0.507	70.00	0.079
336.55	0.05	Adapter 507Hz	45	0.507	70.00	0.079
336.63	0.05	Adapter 507Hz	45	0.507	70.00	0.079
336.71	0.05	Adapter 507Hz	45	0.507	70.00	0.079
336.79	0.05	Adapter 507Hz	45	0.507	70.00	0.079
337.05	0.05	Adapter 507Hz	45	0.507	70.00	0.079
337.13	0.05	Adapter 507Hz	45	0.507	70.00	0.079
337.21	0.05	Adapter 507Hz	45	0.507	70.00	0.079
337.29	0.05	Adapter 507Hz	45	0.507	70.00	0.079
340.327	0.05	Probe 3839Hz	46	3.839	70.00	0.437
340.827	0.05	Probe 3839Hz	46	3.839	70.00	0.437
341.327	0.05	Probe 3839Hz	46	3.839	70.00	0.437
341.827	0.05	Probe 3839Hz	46	3.839	70.00	0.437
342.327	0.05	Probe 3839Hz	46	3.839	70.00	0.437
342.827	0.05	Probe 3839Hz	46	3.839	70.00	0.437
343.327	0.05	Probe 3839Hz	46	3.839	70.00	0.437
343.827	0.05	Probe 3839Hz	46	3.839	70.00	0.437
344.327	0.05	Probe 3839Hz	46	3.839	70.00	0.437
344.827	0.05	Probe 3839Hz	46	3.839	70.00	0.437
347.557	0.05	Adapter 6009Hz	47	6.009	70.00	0.671
347.637	0.05	Adapter 6009Hz	47	6.009	70.00	0.671
347.717	0.05	Adapter 6009Hz	47	6.009	70.00	0.671
347.797	0.05	Adapter 6009Hz	47	6.009	70.00	0.671
348.057	0.05	Adapter 6009Hz	47	6.009	70.00	0.671
348.137	0.05	Adapter 6009Hz	47	6.009	70.00	0.671
348.217	0.05	Adapter 6009Hz	47	6.009	70.00	0.671
348.297	0.05	Adapter 6009Hz	47	6.009	70.00	0.671
348.557	0.05	Adapter 6009Hz	47	6.009	70.00	0.671
348.637	0.05	Adapter 6009Hz	47	6.009	70.00	0.671
348.717	0.05	Adapter 6009Hz	47	6.009	70.00	0.671
348.797	0.05	Adapter 6009Hz	47	6.009	70.00	0.671
349.057	0.05	Adapter 6009Hz	47	6.009	70.00	0.671
349.137	0.05	Adapter 6009Hz	47	6.009	70.00	0.671
349.217	0.05	Adapter 6009Hz	47	6.009	70.00	0.671
349.297	0.05	Adapter 6009Hz	47	6.009	70.00	0.671
349.557	0.05	Adapter 6009Hz	47	6.009	70.00	0.671
349.637	0.05	Adapter 6009Hz	47	6.009	70.00	0.671
349.717	0.05	Adapter 6009Hz	47	6.009	70.00	0.671
349.797	0.05	Adapter 6009Hz	47	6.009	70.00	0.671
350.057	0.05	Adapter 6009Hz	47	6.009	70.00	0.671
350.137	0.05	Adapter 6009Hz	47	6.009	70.00	0.671
350.217	0.05	Adapter 6009Hz	47	6.009	70.00	0.671
350.297	0.05	Adapter 6009Hz	47	6.009	70.00	0.671
350.557	0.05	Adapter 6009Hz	47	6.009	70.00	0.671
350.637	0.05	Adapter 6009Hz	47	6.009	70.00	0.671
350.717	0.05	Adapter 6009Hz	47	6.009	70.00	0.671
350.797	0.05	Adapter 6009Hz	47	6.009	70.00	0.671
351.057	0.05	Adapter 6009Hz	47	6.009	70.00	0.671
351.137	0.05	Adapter 6009Hz	47	6.009	70.00	0.671
351.217	0.05	Adapter 6009Hz	47	6.009	70.00	0.671
351.297	0.05	Adapter 6009Hz	47	6.009	70.00	0.671
351.557	0.05	Adapter 6009Hz	47	6.009	70.00	0.671
351.637	0.05	Adapter 6009Hz	47	6.009	70.00	0.671
351.717	0.05	Adapter 6009Hz	47	6.009	70.00	0.671
351.797	0.05	Adapter 6009Hz	47	6.009	70.00	0.671
352.057	0.05	Adapter 6009Hz	47	6.009	70.00	0.671
352.137	0.05	Adapter 6009Hz	47	6.009	70.00	0.671
352.217	0.05	Adapter 6009Hz	47	6.009	70.00	0.671
352.297	0.05	Adapter 6009Hz	47	6.009	70.00	0.671
355.045	0.05	Adapter 507Hz Probe 3839Hz	48	0.507	70.00	0.079
355.125	0.05	Adapter 507Hz Probe 3839Hz	48	0.507	70.00	0.079
355.205	0.05	Adapter 507Hz Probe 3839Hz	48	0.507	70.00	0.079
355.285	0.05	Adapter 507Hz Probe 3839Hz	48	0.507	70.00	0.079
355.365	0.05	Adapter 507Hz Probe 3839Hz	48	3.839	70.00	0.437
355.545	0.05	Adapter 507Hz Probe 3839Hz	48	0.507	70.00	0.079
355.625	0.05	Adapter 507Hz Probe 3839Hz	48	0.507	70.00	0.079
355.705	0.05	Adapter 507Hz Probe 3839Hz	48	0.507	70.00	0.079
355.785	0.05	Adapter 507Hz Probe 3839Hz	48	0.507	70.00	0.079
355.865	0.05	Adapter 507Hz Probe 3839Hz	48	3.839	70.00	0.437
356.045	0.05	Adapter 507Hz Probe 3839Hz	48	0.507	70.00	0.079
356.125	0.05	Adapter 507Hz Probe 3839Hz	48	0.507	70.00	0.079
356.205	0.05	Adapter 507Hz Probe 3839Hz	48	0.507	70.00	0.079
356.285	0.05	Adapter 507Hz Probe 3839Hz	48	0.507	70.00	0.079
356.365	0.05	Adapter 507Hz Probe 3839Hz	48	3.839	70.00	0.437
356.545	0.05	Adapter 507Hz Probe 3839Hz	48	0.507	70.00	0.079
356.625	0.05	Adapter 507Hz Probe 3839Hz	48	0.507	70.00	0.079
356.705	0.05	Adapter 507Hz Probe 3839Hz	48	0.507	70.00	0.079
356.785	0.05	Adapter 507Hz Probe 3839Hz	48	0.507	70.00	0.079
356.865	0.05	Adapter 507Hz Probe 3839Hz	48	3.839	70.00	0.437
357.045	0.05	Adapter 507Hz Probe 3839Hz	48	0.507	70.00	0.079
357.125	0.05	Adapter 507Hz Probe 3839Hz	48	0.507	70.00	0.079
357.205	0.05	Adapter 507Hz Probe 3839Hz	48	0.507	70.00	0.079
357.285	0.05	Adapter 507Hz Probe 3839Hz	48	0.507	70.00	0.079
357.365	0.05	Adapter 507Hz Probe 3839Hz	48	3.839	70.00	0.437
357.545	0.05	Adapter 507Hz Probe 3839Hz	48	0.507	70.00	0.079
357.625	0.05	Adapter 507Hz Probe 3839Hz	48	0.507	70.00	0.079
357.705	0.05	Adapter 507Hz Probe 3839Hz	48	0.507	70.00	0.079
357.785	0.05	Adapter 507Hz Probe 3839Hz	48	0.507	70.00	0.079
357.865	0.05	Adapter 507Hz Probe 3839Hz	48	3.839	70.00	0.437
358.045	0.05	Adapter 507Hz Probe 3839Hz	48	0.507	70.00	0.079
358.125	0.05	Adapter 507Hz Probe 3839Hz	48	0.507	70.00	0.079
358.205	0.05	Adapter 507Hz Probe 3839Hz	48	0.507	70.00	0.079
358.285	0.05	Adapter 507Hz Probe 3839Hz	48	0.507	70.00	0.079
358.365	0.05	Adapter 507Hz Probe 3839Hz	48	3.839	70.00	0.437
358.545	0.05	Adapter 507Hz Probe 3839Hz	48	0.507	70.00	0.079
358.625	0.05	Adapter 507Hz Probe 3839Hz	48	0.507	70.00	0.079
358.705	0.05	Adapter 507Hz Probe 3839Hz	48	0.507	70.00	0.079
358.785	0.05	Adapter 507Hz Probe 3839Hz	48	0.507	70.00	0.079
358.865	0.05	Adapter 507Hz Probe 3839Hz	48	3.839	70.00	0.437
359.045	0.05	Adapter 507Hz Probe 3839Hz	48	0.507	70.00	0.079
359.125	0.05	Adapter 507Hz Probe 3839Hz	48	0.507	70.00	0.079
359.205	0.05	Adapter 507Hz Probe 3839Hz	48	0.507	70.00	0.079
359.285	0.05	Adapter 507Hz Probe 3839Hz	48	0.507	70.00	0.079
359.365	0.05	Adapter 507Hz Probe 3839Hz	48	3.839	70.00	0.437
359.545	0.05	Adapter 507Hz Probe 3839Hz	48	0.507	70.00	0.079
359.625	0.05	Adapter 507Hz Probe 3839Hz	48	0.507	70.00	0.079
359.705	0.05	Adapter 507Hz Probe 3839Hz	48	0.507	70.00	0.079
359.785	0.05	Adapter 507Hz Probe 3839Hz	48	0.507	70.00	0.079
359.865	0.05	Adapter 507Hz Probe 3839Hz	48	3.839	70.00	0.437
362.518	0.05	Adapter 2423Hz	49	2.423	70.00	0.285
362.598	0.05	Adapter 2423Hz	49	2.423	70.00	0.285
362.678	0.05	Adapter 2423Hz	49	2.423	70.00	0.285
362.758	0.05	Adapter 2423Hz	49	2.423	70.00	0.285
363.018	0.05	Adapter 2423Hz	49	2.423	70.00	0.285
363.098	0.05	Adapter 2423Hz	49	2.423	70.00	0.285
363.178	0.05	Adapter 2423Hz	49	2.423	70.00	0.285
363.258	0.05	Adapter 2423Hz	49	2.423	70.00	0.285
363.518	0.05	Adapter 2423Hz	49	2.423	70.00	0.285
363.598	0.05	Adapter 2423Hz	49	2.423	70.00	0.285
363.678	0.05	Adapter 2423Hz	49	2.423	70.00	0.285
363.758	0.05	Adapter 2423Hz	49	2.423	70.00	0.285
364.018	0.05	Adapter 2423Hz	49	2.423	70.00	0.285
364.098	0.05	Adapter 2423Hz	49	2.423	70.00	0.285
364.178	0.05	Adapter 2423Hz	49	2.423	70.00	0.285
364.258	0.05	Adapter 2423Hz	49	2.423	70.00	0.285
364.518	0.05	Adapter 2423Hz	49	2.423	70.00	0.285
364.598	0.05	Adapter 2423Hz	49	2.423	70.00	0.285
364.678	0.05	Adapter 2423Hz	49	2.423	70.00	0.285
364.758	0.05	Adapter 2423Hz	49	2.423	70.00	0.285
365.018	0.05	Adapter 2423Hz	49	2.423	70.00	0.285
365.098	0.05	Adapter 2423Hz	49	2.423	70.00	0.285
365.178	0.05	Adapter 2423Hz	49	2.423	70.00	0.285
365.258	0.05	Adapter 2423Hz	49	2.423	70.00	0.285
365.518	0.05	Adapter 2423Hz	49	2.423	70.00	0.285
365.598	0.05	Adapter 2423Hz	49	2.423	70.00	0.285
365.678	0.05	Adapter 2423Hz	49	2.423	70.00	0.285
365.758	0.05	Adapter 2423Hz	49	2.423	70.00	0.285
366.018	0.05	Adapter 2423Hz	49	2.423	70.00	0.285
366.098	0.05	Adapter 2423Hz	49	2.423	70.00	0.285
366.178	0.05	Adapter 2423Hz	49	2.423	70.00	0.285
366.258	0.05	Adapter 2423Hz	49	2.423	70.00	0.285
366.518	0.05	Adapter 2423Hz	49	2.423	70.00	0.285
366.598	0.05	Adapter 2423Hz	49	2.423	70.00	0.285
366.678	0.05	Adapter 2423Hz	49	2.423	70.00	0.285
366.758	0.05	Adapter 2423Hz	49	2.423	70.00	0.285
367.018	0.05	Adapter 2423Hz	49	2.423	70.00	0.285
367.098	0.05	Adapter 2423Hz	49	2.423	70.00	0.285
367.178	0.05	Adapter 2423Hz	49	2.423	70.00	0.285
367.258	0.05	Adapter 2423Hz	49	2.423	70.00	0.285
370.052	0.05	Adapter 1501Hz	50	1.501	70.00	0.186
370.132	0.05	Adapter 1501Hz	50	1.501	70.00	0.186
370.212	0.05	Adapter 1501Hz	50	1.501	70.00	0.186
370.292	0.05	Adapter 1501Hz	50	1.501	70.00	0.186
370.552	0.05	Adapter 1501Hz	50	1.501	70.00	0.186
370.632	0.05	Adapter 1501Hz	50	1.501	70.00	0.186
370.712	0.05	Adapter 1501Hz	50	1.501	70.00	0.186
370.792	0.05	Adapter 1501Hz	50	1.501	70.00	0.186
371.052	0.05	Adapter 1501Hz	50	1.501	70.00	0.186
371.132	0.05	Adapter 1501Hz	50	1.501	70.00	0.186
371.212	0.05	Adapter 1501Hz	50	1.501	70.00	0.186
371.292	0.05	Adapter 1501Hz	50	1.501	70.00	0.186
371.552	0.05	Adapter 1501Hz	50	1.501	70.00	0.186
371.632	0.05	Adapter 1501Hz	50	1.501	70.00	0.186
371.712	0.05	Adapter 1501Hz	50	1.501	70.00	0.186
371.792	0.05	Adapter 1501Hz	50	1.501	70.00	0.186
372.052	0.05	Adapter 1501Hz	50	1.501	70.00	0.186
372.132	0.05	Adapter 1501Hz	50	1.501	70.00	0.186
372.212	0.05	Adapter 1501Hz	50	1.501	70.00	0.186
372.292	0.05	Adapter 1501Hz	50	1.501	70.00	0.186
372.552	0.05	Adapter 1501Hz	50	1.501	70.00	0.186
372.632	0.05	Adapter 1501Hz	50	1.501	70.00	0.186
372.712	0.05	Adapter 1501Hz	50	1.501	70.00	0.186
372.792	0.05	Adapter 1501Hz	50	1.501	70.00	0.186
373.052	0.05	Adapter 1501Hz	50	1.501	70.00	0.186
373.132	0.05	Adapter 1501Hz	50	1.501	70.00	0.186
373.212	0.05	Adapter 1501Hz	50	1.501	70.00	0.186
373.292	0.05	Adapter 1501Hz	50	1.501	70.00	0.186
373.552	0.05	Adapter 1501Hz	50	1.501	70.00	0.186
373.632	0.05	Adapter 1501Hz	50	1.501	70.00	0.186
373.712	0.05	Adapter 1501Hz	50	1.501	70.00	0.186
373.792	0.05	Adapter 1501Hz	50	1.501	70.00	0.186
374.052	0.05	Adapter 1501Hz	50	1.501	70.00	0.186
374.132	0.05	Adapter 1501Hz	50	1.501	70.00	0.186
374.212	0.05	Adapter 1501Hz	50	1.501	70.00	0.186
374.292	0.05	Adapter 1501Hz	50	1.501	70.00	0.186
374.552	0.05	Adapter 1501Hz	50	1.501	70.00	0.186
374.632	0.05	Adapter 1501Hz	50	1.501	70.00	0.186
374.712	0.05	Adapter 1501Hz	50	1.501	70.00	0.186
374.792	0.05	Adapter 1501Hz	50	1.501	70.00	0.186
377.54	0.05	Adapter 3839Hz Probe 3839Hz	51	3.839	70.00	0.437
377.62	0.05	Adapter 3839Hz Probe 3839Hz	51	3.839	70.00	0.437
377.7	0.05	Adapter 3839Hz Probe 3839Hz	51	3.839	70.00	0.437
377.78	0.05	Adapter 3839Hz Probe 3839Hz	51	3.839	70.00	0.437
377.86	0.05	Adapter 3839Hz Probe 3839Hz	51	3.839	70.00	0.437
378.04	0.05	Adapter 3839Hz Probe 3839Hz	51	3.839	70.00	0.437
378.12	0.05	Adapter 3839Hz Probe 3839Hz	51	3.839	70.00	0.437
378.2	0.05	Adapter 3839Hz Probe 3839Hz	51	3.839	70.00	0.437
378.28	0.05	Adapter 3839Hz Probe 3839Hz	51	3.839	70.00	0.437
378.36	0.05	Adapter 3839Hz Probe 3839Hz	51	3.839	70.00	0.437
378.54	0.05	Adapter 3839Hz Probe 3839Hz	51	3.839	70.00	0.437
378.62	0.05	Adapter 3839Hz Probe 3839Hz	51	3.839	70.00	0.437
378.7	0.05	Adapter 3839Hz Probe 3839Hz	51	3.839	70.00	0.437
378.78	0.05	Adapter 3839Hz Probe 3839Hz	51	3.839	70.00	0.437
378.86	0.05	Adapter 3839Hz Probe 3839Hz	51	3.839	70.00	0.437
379.04	0.05	Adapter 3839Hz Probe 3839Hz	51	3.839	70.00	0.437
379.12	0.05	Adapter 3839Hz Probe 3839Hz	51	3.839	70.00	0.437
379.2	0.05	Adapter 3839Hz Probe 3839Hz	51	3.839	70.00	0.437
379.28	0.05	Adapter 3839Hz Probe 3839Hz	51	3.839	70.00	0.437
379.36	0.05	Adapter 3839Hz Probe 3839Hz	51	3.839	70.00	0.437
379.54	0.05	Adapter 3839Hz Probe 3839Hz	51	3.839	70.00	0.437
379.62	0.05	Adapter 3839Hz Probe 3839Hz	51	3.839	70.00	0.437
379.7	0.05	Adapter 3839Hz Probe 3839Hz	51	3.839	70.00	0.437
379.78	0.05	Adapter 3839Hz Probe 3839Hz	51	3.839	70.00	0.437
379.86	0.05	Adapter 3839Hz Probe 3839Hz	51	3.839	70.00	0.437
380.04	0.05	Adapter 3839Hz Probe 3839Hz	51	3.839	70.00	0.437
380.12	0.05	Adapter 3839Hz Probe 3839Hz	51	3.839	70.00	0.437
380.2	0.05	Adapter 3839Hz Probe 3839Hz	51	3.839	70.00	0.437
380.28	0.05	Adapter 3839Hz Probe 3839Hz	51	3.839	70.00	0.437
380.36	0.05	Adapter 3839Hz Probe 3839Hz	51	3.839	70.00	0.437
380.54	0.05	Adapter 3839Hz Probe 3839Hz	51	3.839	70.00	0.437
380.62	0.05	Adapter 3839Hz Probe 3839Hz	51	3.839	70.00	0.437
380.7	0.05	Adapter 3839Hz Probe 3839Hz	51	3.839	70.00	0.437
380.78	0.05	Adapter 3839Hz Probe 3839Hz	51	3.839	70.00	0.437
380.86	0.05	Adapter 3839Hz Probe 3839Hz	51	3.839	70.00	0.437
381.04	0.05	Adapter 3839Hz Probe 3839Hz	51	3.839	70.00	0.437
381.12	0.05	Adapter 3839Hz Probe 3839Hz	51	3.839	70.00	0.437
381.2	0.05	Adapter 3839Hz Probe 3839Hz	51	3.839	70.00	0.437
381.28	0.05	Adapter 3839Hz Probe 3839Hz	51	3.839	70.00	0.437
381.36	0.05	Adapter 3839Hz Probe 3839Hz	51	3.839	70.00	0.437
381.54	0.05	Adapter 3839Hz Probe 3839Hz	51	3.839	70.00	0.437
381.62	0.05	Adapter 3839Hz Probe 3839Hz	51	3.839	70.00	0.437
381.7	0.05	Adapter 3839Hz Probe 3839Hz	51	3.839	70.00	0.437
381.78	0.05	Adapter 3839Hz Probe 3839Hz	51	3.839	70.00	0.437
381.86	0.05	Adapter 3839Hz Probe 3839Hz	51	3.839	70.00	0.437
382.04	0.05	Adapter 3839Hz Probe 3839Hz	51	3.839	70.00	0.437
382.12	0.05	Adapter 3839Hz Probe 3839Hz	51	3.839	70.00	0.437
382.2	0.05	Adapter 3839Hz Probe 3839Hz	51	3.839	70.00	0.437
382.28	0.05	Adapter 3839Hz Probe 3839Hz	51	3.839	70.00	0.437
382.36	0.05	Adapter 3839Hz Probe 3839Hz	51	3.839	70.00	0.437
385.013	0.05	Adapter 6009Hz	52	6.009	70.00	0.671
385.093	0.05	Adapter 6009Hz	52	6.009	70.00	0.671
385.173	0.05	Adapter 6009Hz	52	6.009	70.00	0.671
385.253	0.05	Adapter 6009Hz	52	6.009	70.00	0.671
385.513	0.05	Adapter 6009Hz	52	6.009	70.00	0.671
385.593	0.05	Adapter 6009Hz	52	6.009	70.00	0.671
385.673	0.05	Adapter 6009Hz	52	6.009	70.00	0.671
385.753	0.05	Adapter 6009Hz	52	6.009	70.00	0.671
386.013	0.05	Adapter 6009Hz	52	6.009	70.00	0.671
386.093	0.05	Adapter 6009Hz	52	6.009	70.00	0.671
386.173	0.05	Adapter 6009Hz	52	6.009	70.00	0.671
386.253	0.05	Adapter 6009Hz	52	6.009	70.00	0.671
386.513	0.05	Adapter 6009Hz	52	6.009	70.00	0.671
386.593	0.05	Adapter 6009Hz	52	6.009	70.00	0.671
386.673	0.05	Adapter 6009Hz	52	6.009	70.00	0.671
386.753	0.05	Adapter 6009Hz	52	6.009	70.00	0.671
387.013	0.05	Adapter 6009Hz	52	6.009	70.00	0.671
387.093	0.05	Adapter 6009Hz	52	6.009	70.00	0.671
387.173	0.05	Adapter 6009Hz	52	6.009	70.00	0.671
387.253	0.05	Adapter 6009Hz	52	6.009	70.00	0.671
387.513	0.05	Adapter 6009Hz	52	6.009	70.00	0.671
387.593	0.05	Adapter 6009Hz	52	6.009	70.00	0.671
387.673	0.05	Adapter 6009Hz	52	6.009	70.00	0.671
387.753	0.05	Adapter 6009Hz	52	6.009	70.00	0.671
388.013	0.05	Adapter 6009Hz	52	6.009	70.00	0.671
388.093	0.05	Adapter 6009Hz	52	6.009	70.00	0.671
388.173	0.05	Adapter 6009Hz	52	6.009	70.00	0.671
388.253	0.05	Adapter 6009Hz	52	6.009	70.00	0.671
388.513	0.05	Adapter 6009Hz	52	6.009	70.00	0.671
388.593	0.05	Adapter 6009Hz	52	6.009	70.00	0.671
388.673	0.05	Adapter 6009Hz	52	6.009	70.00	0.671
388.753	0.05	Adapter 6009Hz	52	6.009	70.00	0.671
389.013	0.05	Adapter 6009Hz	52	6.009	70.00	0.671
389.093	0.05	Adapter 6009Hz	52	6.009	70.00	0.671
389.173	0.05	Adapter 6009Hz	52	6.009	70.00	0.671
389.253	0.05	Adapter 6009Hz	52	6.009	70.00	0.671
389.513	0.05	Adapter 6009Hz	52	6.009	70.00	0.671
389.593	0.05	Adapter 6009Hz	52	6.009	70.00	0.671
389.673	0.05	Adapter 6009Hz	52	6.009	70.00	0.671
389.753	0.05	Adapter 6009Hz	52	6.009	70.00	0.671
392.548	0.05	Adapter 507Hz	53	0.507	70.00	0.079
392.628	0.05	Adapter 507Hz	53	0.507	70.00	0.079
392.708	0.05	Adapter 507Hz	53	0.507	70.00	0.079
392.788	0.05	Adapter 507Hz	53	0.507	70.00	0.079
393.048	0.05	Adapter 507Hz	53	0.507	70.00	0.079
393.128	0.05	Adapter 507Hz	53	0.507	70.00	0.079
393.208	0.05	Adapter 507Hz	53	0.507	70.00	0.079
393.288	0.05	Adapter 507Hz	53	0.507	70.00	0.079
393.548	0.05	Adapter 507Hz	53	0.507	70.00	0.079
393.628	0.05	Adapter 507Hz	53	0.507	70.00	0.079
393.708	0.05	Adapter 507Hz	53	0.507	70.00	0.079
393.788	0.05	Adapter 507Hz	53	0.507	70.00	0.079
394.048	0.05	Adapter 507Hz	53	0.507	70.00	0.079
394.128	0.05	Adapter 507Hz	53	0.507	70.00	0.079
394.208	0.05	Adapter 507Hz	53	0.507	70.00	0.079
394.288	0.05	Adapter 507Hz	53	0.507	70.00	0.079
394.548	0.05	Adapter 507Hz	53	0.507	70.00	0.079
394.628	0.05	Adapter 507Hz	53	0.507	70.00	0.079
394.708	0.05	Adapter 507Hz	53	0.507	70.00	0.079
394.788	0.05	Adapter 507Hz	53	0.507	70.00	0.079
395.048	0.05	Adapter 507Hz	53	0.507	70.00	0.079
395.128	0.05	Adapter 507Hz	53	0.507	70.00	0.079
395.208	0.05	Adapter 507Hz	53	0.507	70.00	0.079
395.288	0.05	Adapter 507Hz	53	0.507	70.00	0.079
395.548	0.05	Adapter 507Hz	53	0.507	70.00	0.079
395.628	0.05	Adapter 507Hz	53	0.507	70.00	0.079
395.708	0.05	Adapter 507Hz	53	0.507	70.00	0.079
395.788	0.05	Adapter 507Hz	53	0.507	70.00	0.079
396.048	0.05	Adapter 507Hz	53	0.507	70.00	0.079
396.128	0.05	Adapter 507Hz	53	0.507	70.00	0.079
396.208	0.05	Adapter 507Hz	53	0.507	70.00	0.079
396.288	0.05	Adapter 507Hz	53	0.507	70.00	0.079
396.548	0.05	Adapter 507Hz	53	0.507	70.00	0.079
396.628	0.05	Adapter 507Hz	53	0.507	70.00	0.079
396.708	0.05	Adapter 507Hz	53	0.507	70.00	0.079
396.788	0.05	Adapter 507Hz	53	0.507	70.00	0.079
397.048	0.05	Adapter 507Hz	53	0.507	70.00	0.079
397.128	0.05	Adapter 507Hz	53	0.507	70.00	0.079
397.208	0.05	Adapter 507Hz	53	0.507	70.00	0.079
397.288	0.05	Adapter 507Hz	53	0.507	70.00	0.079
400.036	0.05	Adapter 1501Hz Probe 3839Hz	54	1.501	70.00	0.186
400.116	0.05	Adapter 1501Hz Probe 3839Hz	54	1.501	70.00	0.186
400.196	0.05	Adapter 1501Hz Probe 3839Hz	54	1.501	70.00	0.186
400.276	0.05	Adapter 1501Hz Probe 3839Hz	54	1.501	70.00	0.186
400.356	0.05	Adapter 1501Hz Probe 3839Hz	54	3.839	70.00	0.437
400.536	0.05	Adapter 1501Hz Probe 3839Hz	54	1.501	70.00	0.186
400.616	0.05	Adapter 1501Hz Probe 3839Hz	54	1.501	70.00	0.186
400.696	0.05	Adapter 1501Hz Probe 3839Hz	54	1.501	70.00	0.186
400.776	0.05	Adapter 1501Hz Probe 3839Hz	54	1.501	70.00	0.186
400.856	0.05	Adapter 1501Hz Probe 3839Hz	54	3.839	70.00	0.437
401.036	0.05	Adapter 1501Hz Probe 3839Hz	54	1.501	70.00	0.186
401.116	0.05	Adapter 1501Hz Probe 3839Hz	54	1.501	70.00	0.186
401.196	0.05	Adapter 1501Hz Probe 3839Hz	54	1.501	70.00	0.186
401.276	0.05	Adapter 1501Hz Probe 3839Hz	54	1.501	70.00	0.186
401.356	0.05	Adapter 1501Hz Probe 3839Hz	54	3.839	70.00	0.437
401.536	0.05	Adapter 1501Hz Probe 3839Hz	54	1.501	70.00	0.186
401.616	0.05	Adapter 1501Hz Probe 3839Hz	54	1.501	70.00	0.186
401.696	0.05	Adapter 1501Hz Probe 3839Hz	54	1.501	70.00	0.186
401.776	0.05	Adapter 1501Hz Probe 3839Hz	54	1.501	70.00	0.186
401.856	0.05	Adapter 1501Hz Probe 3839Hz	54	3.839	70.00	0.437
402.036	0.05	Adapter 1501Hz Probe 3839Hz	54	1.501	70.00	0.186
402.116	0.05	Adapter 1501Hz Probe 3839Hz	54	1.501	70.00	0.186
402.196	0.05	Adapter 1501Hz Probe 3839Hz	54	1.501	70.00	0.186
402.276	0.05	Adapter 1501Hz Probe 3839Hz	54	1.501	70.00	0.186
402.356	0.05	Adapter 1501Hz Probe 3839Hz	54	3.839	70.00	0.437
402.536	0.05	Adapter 1501Hz Probe 3839Hz	54	1.501	70.00	0.186
402.616	0.05	Adapter 1501Hz Probe 3839Hz	54	1.501	70.00	0.186
402.696	0.05	Adapter 1501Hz Probe 3839Hz	54	1.501	70.00	0.186
402.776	0.05	Adapter 1501Hz Probe 3839Hz	54	1.501	70.00	0.186
402.856	0.05	Adapter 1501Hz Probe 3839Hz	54	3.839	70.00	0.437
403.036	0.05	Adapter 1501Hz Probe 3839Hz	54	1.501	70.00	0.186
403.116	0.05	Adapter 1501Hz Probe 3839Hz	54	1.501	70.00	0.186
403.196	0.05	Adapter 1501Hz Probe 3839Hz	54	1.501	70.00	0.186
403.276	0.05	Adapter 1501Hz Probe 3839Hz	54	1.501	70.00	0.186
403.356	0.05	Adapter 1501Hz Probe 3839Hz	54	3.839	70.00	0.437
403.536	0.05	Adapter 1501Hz Probe 3839Hz	54	1.501	70.00	0.186
403.616	0.05	Adapter 1501Hz Probe 3839Hz	54	1.501	70.00	0.186
403.696	0.05	Adapter 1501Hz Probe 3839Hz	54	1.501	70.00	0.186
403.776	0.05	Adapter 1501Hz Probe 3839Hz	54	1.501	70.00	0.186
403.856	0.05	Adapter 1501Hz Probe 3839Hz	54	3.839	70.00	0.437
404.036	0.05	Adapter 1501Hz Probe 3839Hz	54	1.501	70.00	0.186
404.116	0.05	Adapter 1501Hz Probe 3839Hz	54	1.501	70.00	0.186
404.196	0.05	Adapter 1501Hz Probe 3839Hz	54	1.501	70.00	0.186
404.276	0.05	Adapter 1501Hz Probe 3839Hz	54	1.501	70.00	0.186
404.356	0.05	Adapter 1501Hz Probe 3839Hz	54	3.839	70.00	0.437
404.536	0.05	Adapter 1501Hz Probe 3839Hz	54	1.501	70.00	0.186
404.616	0.05	Adapter 1501Hz Probe 3839Hz	54	1.501	70.00	0.186
404.696	0.05	Adapter 1501Hz Probe 3839Hz	54	1.501	70.00	0.186
404.776	0.05	Adapter 1501Hz Probe 3839Hz	54	1.501	70.00	0.186
404.856	0.05	Adapter 1501Hz Probe 3839Hz	54	3.839	70.00	0.437
407.524	0.05	Adapter 3839Hz	55	3.839	70.00	0.437
407.604	0.05	Adapter 3839Hz	55	3.839	70.00	0.437
407.684	0.05	Adapter 3839Hz	55	3.839	70.00	0.437
407.764	0.05	Adapter 3839Hz	55	3.839	70.00	0.437
408.024	0.05	Adapter 3839Hz	55	3.839	70.00	0.437
408.104	0.05	Adapter 3839Hz	55	3.839	70.00	0.437
408.184	0.05	Adapter 3839Hz	55	3.839	70.00	0.437
408.264	0.05	Adapter 3839Hz	55	3.839	70.00	0.437
408.524	0.05	Adapter 3839Hz	55	3.839	70.00	0.437
408.604	0.05	Adapter 3839Hz	55	3.839	70.00	0.437
408.684	0.05	Adapter 3839Hz	55	3.839	70.00	0.437
408.764	0.05	Adapter 3839Hz	55	3.839	70.00	0.437
409.024	0.05	Adapter 3839Hz	55	3.839	70.00	0.437
409.104	0.05	Adapter 3839Hz	55	3.839	70.00	0.437
409.184	0.05	Adapter 3839Hz	55	3.839	70.00	0.437
409.264	0.05	Adapter 3839Hz	55	3.839	70.00	0.437
409.524	0.05	Adapter 3839Hz	55	3.839	70.00	0.437
409.604	0.05	Adapter 3839Hz	55	3.839	70.00	0.437
409.684	0.05	Adapter 3839Hz	55	3.839	70.00	0.437
409.764	0.05	Adapter 3839Hz	55	3.839	70.00	0.437
410.024	0.05	Adapter 3839Hz	55	3.839	70.00	0.437
410.104	0.05	Adapter 3839Hz	55	3.839	70.00	0.437
410.184	0.05	Adapter 3839Hz	55	3.839	70.00	0.437
410.264	0.05	Adapter 3839Hz	55	3.839	70.00	0.437
410.524	0.05	Adapter 3839Hz	55	3.839	70.00	0.437
410.604	0.05	Adapter 3839Hz	55	3.839	70.00	0.437
410.684	0.05	Adapter 3839Hz	55	3.839	70.00	0.437
410.764	0.05	Adapter 3839Hz	55	3.839	70.00	0.437
411.024	0.05	Adapter 3839Hz	55	3.839	70.00	0.437
411.104	0.05	Adapter 3839Hz	55	3.839	70.00	0.437
411.184	0.05	Adapter 3839Hz	55	3.839	70.00	0.437
411.264	0.05	Adapter 3839Hz	55	3.839	70.00	0.437
411.524	0.05	Adapter 3839Hz	55	3.839	70.00	0.437
411.604	0.05	Adapter 3839Hz	55	3.839	70.00	0.437
411.684	0.05	Adapter 3839Hz	55	3.839	70.00	0.437
411.764	0.05	Adapter 3839Hz	55	3.839	70.00	0.437
412.024	0.05	Adapter 3839Hz	55	3.839	70.00	0.437
412.104	0.05	Adapter 3839Hz	55	3.839	70.00	0.437
412.184	0.05	Adapter 3839Hz	55	3.839	70.00	0.437
412.264	0.05	Adapter 3839Hz	55	3.839	70.00	0.437
422.562	0.05	Adapter 251Hz	57	0.251	70.00	0.052
422.642	0.05	Adapter 251Hz	57	0.251	70.00	0.052
422.722	0.05	Adapter 251Hz	57	0.251	70.00	0.052
422.802	0.05	Adapter 251Hz	57	0.251	70.00	0.052
423.062	0.05	Adapter 251Hz	57	0.251	70.00	0.052
423.142	0.05	Adapter 251Hz	57	0.251	70.00	0.052
423.222	0.05	Adapter 251Hz	57	0.251	70.00	0.052
423.302	0.05	Adapter 251Hz	57	0.251	70.00	0.052
423.562	0.05	Adapter 251Hz	57	0.251	70.00	0.052
423.642	0.05	Adapter 251Hz	57	0.251	70.00	0.052
423.722	0.05	Adapter 251Hz	57	0.251	70.00	0.052
423.802	0.05	Adapter 251Hz	57	0.251	70.00	0.052
424.062	0.05	Adapter 251Hz	57	0.251	70.00	0.052
424.142	0.05	Adapter 251Hz	57	0.251	70.00	0.052
424.222	0.05	Adapter 251Hz	57	0.251	70.00	0.052
424.302	0.05	Adapter 251Hz	57	0.251	70.00	0.052
424.562	0.05	Adapter 251Hz	57	0.251	70.00	0.052
424.642	0.05	Adapter 251Hz	57	0.251	70.00	0.052
424.722	0.05	Adapter 251Hz	57	0.251	70.00	0.052
424.802	0.05	Adapter 251Hz	57	0.251	70.00	0.052
425.062	0.05	Adapter 251Hz	57	0.251	70.00	0.052
425.142	0.05	Adapter 251Hz	57	0.251	70.00	0.052
425.222	0.05	Adapter 251Hz	57	0.251	70.00	0.052
425.302	0.05	Adapter 251Hz	57	0.251	70.00	0.052
425.562	0.05	Adapter 251Hz	57	0.251	70.00	0.052
425.642	0.05	Adapter 251Hz	57	0.251	70.00	0.052
425.722	0.05	Adapter 251Hz	57	0.251	70.00	0.052
425.802	0.05	Adapter 251Hz	57	0.251	70.00	0.052
426.062	0.05	Adapter 251Hz	57	0.251	70.00	0.052
426.142	0.05	Adapter 251Hz	57	0.251	70.00	0.052
426.222	0.05	Adapter 251Hz	57	0.251	70.00	0.052
426.302	0.05	Adapter 251Hz	57	0.251	70.00	0.052
426.562	0.05	Adapter 251Hz	57	0.251	70.00	0.052
426.642	0.05	Adapter 251Hz	57	0.251	70.00	0.052
426.722	0.05	Adapter 251Hz	57	0.251	70.00	0.052
426.802	0.05	Adapter 251Hz	57	0.251	70.00	0.052
427.062	0.05	Adapter 251Hz	57	0.251	70.00	0.052
427.142	0.05	Adapter 251Hz	57	0.251	70.00	0.052
427.222	0.05	Adapter 251Hz	57	0.251	70.00	0.052
427.302	0.05	Adapter 251Hz	57	0.251	70.00	0.052
437.538	0.05	Adapter 507Hz Probe 3839Hz	59	0.507	70.00	0.079
437.618	0.05	Adapter 507Hz Probe 3839Hz	59	0.507	70.00	0.079
437.698	0.05	Adapter 507Hz Probe 3839Hz	59	0.507	70.00	0.079
437.778	0.05	Adapter 507Hz Probe 3839Hz	59	0.507	70.00	0.079
437.858	0.05	Adapter 507Hz Probe 3839Hz	59	3.839	70.00	0.437
438.038	0.05	Adapter 507Hz Probe 3839Hz	59	0.507	70.00	0.079
438.118	0.05	Adapter 507Hz Probe 3839Hz	59	0.507	70.00	0.079
438.198	0.05	Adapter 507Hz Probe 3839Hz	59	0.507	70.00	0.079
438.278	0.05	Adapter 507Hz Probe 3839Hz	59	0.507	70.00	0.079
438.358	0.05	Adapter 507Hz Probe 3839Hz	59	3.839	70.00	0.437
438.538	0.05	Adapter 507Hz Probe 3839Hz	59	0.507	70.00	0.079
438.618	0.05	Adapter 507Hz Probe 3839Hz	59	0.507	70.00	0.079
438.698	0.05	Adapter 507Hz Probe 3839Hz	59	0.507	70.00	0.079
438.778	0.05	Adapter 507Hz Probe 3839Hz	59	0.507	70.00	0.079
438.858	0.05	Adapter 507Hz Probe 3839Hz	59	3.839	70.00	0.437
439.038	0.05	Adapter 507Hz Probe 3839Hz	59	0.507	70.00	0.079
439.118	0.05	Adapter 507Hz Probe 3839Hz	59	0.507	70.00	0.079
439.198	0.05	Adapter 507Hz Probe 3839Hz	59	0.507	70.00	0.079
439.278	0.05	Adapter 507Hz Probe 3839Hz	59	0.507	70.00	0.079
439.358	0.05	Adapter 507Hz Probe 3839Hz	59	3.839	70.00	0.437
439.538	0.05	Adapter 507Hz Probe 3839Hz	59	0.507	70.00	0.079
439.618	0.05	Adapter 507Hz Probe 3839Hz	59	0.507	70.00	0.079
439.698	0.05	Adapter 507Hz Probe 3839Hz	59	0.507	70.00	0.079
439.778	0.05	Adapter 507Hz Probe 3839Hz	59	0.507	70.00	0.079
439.858	0.05	Adapter 507Hz Probe 3839Hz	59	3.839	70.00	0.437
440.038	0.05	Adapter 507Hz Probe 3839Hz	59	0.507	70.00	0.079
440.118	0.05	Adapter 507Hz Probe 3839Hz	59	0.507	70.00	0.079
440.198	0.05	Adapter 507Hz Probe 3839Hz	59	0.507	70.00	0.079
440.278	0.05	Adapter 507Hz Probe 3839Hz	59	0.507	70.00	0.079
440.358	0.05	Adapter 507Hz Probe 3839Hz	59	3.839	70.00	0.437
440.538	0.05	Adapter 507Hz Probe 3839Hz	59	0.507	70.00	0.079
440.618	0.05	Adapter 507Hz Probe 3839Hz	59	0.507	70.00	0.079
440.698	0.05	Adapter 507Hz Probe 3839Hz	59	0.507	70.00	0.079
440.778	0.05	Adapter 507Hz Probe 3839Hz	59	0.507	70.00	0.079
440.858	0.05	Adapter 507Hz Probe 3839Hz	59	3.839	70.00	0.437
441.038	0.05	Adapter 507Hz Probe 3839Hz	59	0.507	70.00	0.079
441.118	0.05	Adapter 507Hz Probe 3839Hz	59	0.507	70.00	0.079
441.198	0.05	Adapter 507Hz Probe 3839Hz	59	0.507	70.00	0.079
441.278	0.05	Adapter 507Hz Probe 3839Hz	59	0.507	70.00	0.079
441.358	0.05	Adapter 507Hz Probe 3839Hz	59	3.839	70.00	0.437
441.538	0.05	Adapter 507Hz Probe 3839Hz	59	0.507	70.00	0.079
441.618	0.05	Adapter 507Hz Probe 3839Hz	59	0.507	70.00	0.079
441.698	0.05	Adapter 507Hz Probe 3839Hz	59	0.507	70.00	0.079
441.778	0.05	Adapter 507Hz Probe 3839Hz	59	0.507	70.00	0.079
441.858	0.05	Adapter 507Hz Probe 3839Hz	59	3.839	70.00	0.437
442.038	0.05	Adapter 507Hz Probe 3839Hz	59	0.507	70.00	0.079
442.118	0.05	Adapter 507Hz Probe 3839Hz	59	0.507	70.00	0.079
442.198	0.05	Adapter 507Hz Probe 3839Hz	59	0.507	70.00	0.079
442.278	0.05	Adapter 507Hz Probe 3839Hz	59	0.507	70.00	0.079
442.358	0.05	Adapter 507Hz Probe 3839Hz	59	3.839	70.00	0.437
445.026	0.05	Adapter 2423Hz Probe 3839Hz	60	2.423	70.00	0.285
445.106	0.05	Adapter 2423Hz Probe 3839Hz	60	2.423	70.00	0.285
445.186	0.05	Adapter 2423Hz Probe 3839Hz	60	2.423	70.00	0.285
445.266	0.05	Adapter 2423Hz Probe 3839Hz	60	2.423	70.00	0.285
445.346	0.05	Adapter 2423Hz Probe 3839Hz	60	3.839	70.00	0.437
445.526	0.05	Adapter 2423Hz Probe 3839Hz	60	2.423	70.00	0.285
445.606	0.05	Adapter 2423Hz Probe 3839Hz	60	2.423	70.00	0.285
445.686	0.05	Adapter 2423Hz Probe 3839Hz	60	2.423	70.00	0.285
445.766	0.05	Adapter 2423Hz Probe 3839Hz	60	2.423	70.00	0.285
445.846	0.05	Adapter 2423Hz Probe 3839Hz	60	3.839	70.00	0.437
446.026	0.05	Adapter 2423Hz Probe 3839Hz	60	2.423	70.00	0.285
446.106	0.05	Adapter 2423Hz Probe 3839Hz	60	2.423	70.00	0.285
446.186	0.05	Adapter 2423Hz Probe 3839Hz	60	2.423	70.00	0.285
446.266	0.05	Adapter 2423Hz Probe 3839Hz	60	2.423	70.00	0.285
446.346	0.05	Adapter 2423Hz Probe 3839Hz	60	3.839	70.00	0.437
446.526	0.05	Adapter 2423Hz Probe 3839Hz	60	2.423	70.00	0.285
446.606	0.05	Adapter 2423Hz Probe 3839Hz	60	2.423	70.00	0.285
446.686	0.05	Adapter 2423Hz Probe 3839Hz	60	2.423	70.00	0.285
446.766	0.05	Adapter 2423Hz Probe 3839Hz	60	2.423	70.00	0.285
446.846	0.05	Adapter 2423Hz Probe 3839Hz	60	3.839	70.00	0.437
447.026	0.05	Adapter 2423Hz Probe 3839Hz	60	2.423	70.00	0.285
447.106	0.05	Adapter 2423Hz Probe 3839Hz	60	2.423	70.00	0.285
447.186	0.05	Adapter 2423Hz Probe 3839Hz	60	2.423	70.00	0.285
447.266	0.05	Adapter 2423Hz Probe 3839Hz	60	2.423	70.00	0.285
447.346	0.05	Adapter 2423Hz Probe 3839Hz	60	3.839	70.00	0.437
447.526	0.05	Adapter 2423Hz Probe 3839Hz	60	2.423	70.00	0.285
447.606	0.05	Adapter 2423Hz Probe 3839Hz	60	2.423	70.00	0.285
447.686	0.05	Adapter 2423Hz Probe 3839Hz	60	2.423	70.00	0.285
447.766	0.05	Adapter 2423Hz Probe 3839Hz	60	2.423	70.00	0.285
447.846	0.05	Adapter 2423Hz Probe 3839Hz	60	3.839	70.00	0.437
448.026	0.05	Adapter 2423Hz Probe 3839Hz	60	2.423	70.00	0.285
448.106	0.05	Adapter 2423Hz Probe 3839Hz	60	2.423	70.00	0.285
448.186	0.05	Adapter 2423Hz Probe 3839Hz	60	2.423	70.00	0.285
448.266	0.05	Adapter 2423Hz Probe 3839Hz	60	2.423	70.00	0.285
448.346	0.05	Adapter 2423Hz Probe 3839Hz	60	3.839	70.00	0.437
448.526	0.05	Adapter 2423Hz Probe 3839Hz	60	2.423	70.00	0.285
448.606	0.05	Adapter 2423Hz Probe 3839Hz	60	2.423	70.00	0.285
448.686	0.05	Adapter 2423Hz Probe 3839Hz	60	2.423	70.00	0.285
448.766	0.05	Adapter 2423Hz Probe 3839Hz	60	2.423	70.00	0.285
448.846	0.05	Adapter 2423Hz Probe 3839Hz	60	3.839	70.00	0.437
449.026	0.05	Adapter 2423Hz Probe 3839Hz	60	2.423	70.00	0.285
449.106	0.05	Adapter 2423Hz Probe 3839Hz	60	2.423	70.00	0.285
449.186	0.05	Adapter 2423Hz Probe 3839Hz	60	2.423	70.00	0.285
449.266	0.05	Adapter 2423Hz Probe 3839Hz	60	2.423	70.00	0.285
449.346	0.05	Adapter 2423Hz Probe 3839Hz	60	3.839	70.00	0.437
449.526	0.05	Adapter 2423Hz Probe 3839Hz	60	2.423	70.00	0.285
449.606	0.05	Adapter 2423Hz Probe 3839Hz	60	2.423	70.00	0.285
449.686	0.05	Adapter 2423Hz Probe 3839Hz	60	2.423	70.00	0.285
449.766	0.05	Adapter 2423Hz Probe 3839Hz	60	2.423	70.00	0.285
449.846	0.05	Adapter 2423Hz Probe 3839Hz	60	3.839	70.00	0.437
452.865	0.05	Probe 3839Hz	61	3.839	70.00	0.437
453.365	0.05	Probe 3839Hz	61	3.839	70.00	0.437
453.865	0.05	Probe 3839Hz	61	3.839	70.00	0.437
454.365	0.05	Probe 3839Hz	61	3.839	70.00	0.437
454.865	0.05	Probe 3839Hz	61	3.839	70.00	0.437
455.365	0.05	Probe 3839Hz	61	3.839	70.00	0.437
455.865	0.05	Probe 3839Hz	61	3.839	70.00	0.437
456.365	0.05	Probe 3839Hz	61	3.839	70.00	0.437
456.865	0.05	Probe 3839Hz	61	3.839	70.00	0.437
457.365	0.05	Probe 3839Hz	61	3.839	70.00	0.437
460.018	0.05	Adapter 899Hz	62	0.899	70.00	0.121
460.098	0.05	Adapter 899Hz	62	0.899	70.00	0.121
460.178	0.05	Adapter 899Hz	62	0.899	70.00	0.121
460.258	0.05	Adapter 899Hz	62	0.899	70.00	0.121
460.518	0.05	Adapter 899Hz	62	0.899	70.00	0.121
460.598	0.05	Adapter 899Hz	62	0.899	70.00	0.121
460.678	0.05	Adapter 899Hz	62	0.899	70.00	0.121
460.758	0.05	Adapter 899Hz	62	0.899	70.00	0.121
461.018	0.05	Adapter 899Hz	62	0.899	70.00	0.121
461.098	0.05	Adapter 899Hz	62	0.899	70.00	0.121
461.178	0.05	Adapter 899Hz	62	0.899	70.00	0.121
461.258	0.05	Adapter 899Hz	62	0.899	70.00	0.121
461.518	0.05	Adapter 899Hz	62	0.899	70.00	0.121
461.598	0.05	Adapter 899Hz	62	0.899	70.00	0.121
461.678	0.05	Adapter 899Hz	62	0.899	70.00	0.121
461.758	0.05	Adapter 899Hz	62	0.899	70.00	0.121
462.018	0.05	Adapter 899Hz	62	0.899	70.00	0.121
462.098	0.05	Adapter 899Hz	62	0.899	70.00	0.121
462.178	0.05	Adapter 899Hz	62	0.899	70.00	0.121
462.258	0.05	Adapter 899Hz	62	0.899	70.00	0.121
462.518	0.05	Adapter 899Hz	62	0.899	70.00	0.121
462.598	0.05	Adapter 899Hz	62	0.899	70.00	0.121
462.678	0.05	Adapter 899Hz	62	0.899	70.00	0.121
462.758	0.05	Adapter 899Hz	62	0.899	70.00	0.121
463.018	0.05	Adapter 899Hz	62	0.899	70.00	0.121
463.098	0.05	Adapter 899Hz	62	0.899	70.00	0.121
463.178	0.05	Adapter 899Hz	62	0.899	70.00	0.121
463.258	0.05	Adapter 899Hz	62	0.899	70.00	0.121
463.518	0.05	Adapter 899Hz	62	0.899	70.00	0.121
463.598	0.05	Adapter 899Hz	62	0.899	70.00	0.121
463.678	0.05	Adapter 899Hz	62	0.899	70.00	0.121
463.758	0.05	Adapter 899Hz	62	0.899	70.00	0.121
464.018	0.05	Adapter 899Hz	62	0.899	70.00	0.121
464.098	0.05	Adapter 899Hz	62	0.899	70.00	0.121
464.178	0.05	Adapter 899Hz	62	0.899	70.00	0.121
464.258	0.05	Adapter 899Hz	62	0.899	70.00	0.121
464.518	0.05	Adapter 899Hz	62	0.899	70.00	0.121
464.598	0.05	Adapter 899Hz	62	0.899	70.00	0.121
464.678	0.05	Adapter 899Hz	62	0.899	70.00	0.121
464.758	0.05	Adapter 899Hz	62	0.899	70.00	0.121
475.056	0.05	Adapter 899Hz Probe 3839Hz	64	0.899	70.00	0.121
475.136	0.05	Adapter 899Hz Probe 3839Hz	64	0.899	70.00	0.121
475.216	0.05	Adapter 899Hz Probe 3839Hz	64	0.899	70.00	0.121
475.296	0.05	Adapter 899Hz Probe 3839Hz	64	0.899	70.00	0.121
475.376	0.05	Adapter 899Hz Probe 3839Hz	64	3.839	70.00	0.437
475.556	0.05	Adapter 899Hz Probe 3839Hz	64	0.899	70.00	0.121
475.636	0.05	Adapter 899Hz Probe 3839Hz	64	0.899	70.00	0.121
475.716	0.05	Adapter 899Hz Probe 3839Hz	64	0.899	70.00	0.121
475.796	0.05	Adapter 899Hz Probe 3839Hz	64	0.899	70.00	0.121
475.876	0.05	Adapter 899Hz Probe 3839Hz	64	3.839	70.00	0.437
476.056	0.05	Adapter 899Hz Probe 3839Hz	64	0.899	70.00	0.121
476.136	0.05	Adapter 899Hz Probe 3839Hz	64	0.899	70.00	0.121
476.216	0.05	Adapter 899Hz Probe 3839Hz	64	0.899	70.00	0.121
476.296	0.05	Adapter 899Hz Probe 3839Hz	64	0.899	70.00	0.121
476.376	0.05	Adapter 899Hz Probe 3839Hz	64	3.839	70.00	0.437
476.556	0.05	Adapter 899Hz Probe 3839Hz	64	0.899	70.00	0.121
476.636	0.05	Adapter 899Hz Probe 3839Hz	64	0.899	70.00	0.121
476.716	0.05	Adapter 899Hz Probe 3839Hz	64	0.899	70.00	0.121
476.796	0.05	Adapter 899Hz Probe 3839Hz	64	0.899	70.00	0.121
476.876	0.05	Adapter 899Hz Probe 3839Hz	64	3.839	70.00	0.437
477.056	0.05	Adapter 899Hz Probe 3839Hz	64	0.899	70.00	0.121
477.136	0.05	Adapter 899Hz Probe 3839Hz	64	0.899	70.00	0.121
477.216	0.05	Adapter 899Hz Probe 3839Hz	64	0.899	70.00	0.121
477.296	0.05	Adapter 899Hz Probe 3839Hz	64	0.899	70.00	0.121
477.376	0.05	Adapter 899Hz Probe 3839Hz	64	3.839	70.00	0.437
477.556	0.05	Adapter 899Hz Probe 3839Hz	64	0.899	70.00	0.121
477.636	0.05	Adapter 899Hz Probe 3839Hz	64	0.899	70.00	0.121
477.716	0.05	Adapter 899Hz Probe 3839Hz	64	0.899	70.00	0.121
477.796	0.05	Adapter 899Hz Probe 3839Hz	64	0.899	70.00	0.121
477.876	0.05	Adapter 899Hz Probe 3839Hz	64	3.839	70.00	0.437
478.056	0.05	Adapter 899Hz Probe 3839Hz	64	0.899	70.00	0.121
478.136	0.05	Adapter 899Hz Probe 3839Hz	64	0.899	70.00	0.121
478.216	0.05	Adapter 899Hz Probe 3839Hz	64	0.899	70.00	0.121
478.296	0.05	Adapter 899Hz Probe 3839Hz	64	0.899	70.00	0.121
478.376	0.05	Adapter 899Hz Probe 3839Hz	64	3.839	70.00	0.437
478.556	0.05	Adapter 899Hz Probe 3839Hz	64	0.899	70.00	0.121
478.636	0.05	Adapter 899Hz Probe 3839Hz	64	0.899	70.00	0.121
478.716	0.05	Adapter 899Hz Probe 3839Hz	64	0.899	70.00	0.121
478.796	0.05	Adapter 899Hz Probe 3839Hz	64	0.899	70.00	0.121
478.876	0.05	Adapter 899Hz Probe 3839Hz	64	3.839	70.00	0.437
479.056	0.05	Adapter 899Hz Probe 3839Hz	64	0.899	70.00	0.121
479.136	0.05	Adapter 899Hz Probe 3839Hz	64	0.899	70.00	0.121
479.216	0.05	Adapter 899Hz Probe 3839Hz	64	0.899	70.00	0.121
479.296	0.05	Adapter 899Hz Probe 3839Hz	64	0.899	70.00	0.121
479.376	0.05	Adapter 899Hz Probe 3839Hz	64	3.839	70.00	0.437
479.556	0.05	Adapter 899Hz Probe 3839Hz	64	0.899	70.00	0.121
479.636	0.05	Adapter 899Hz Probe 3839Hz	64	0.899	70.00	0.121
479.716	0.05	Adapter 899Hz Probe 3839Hz	64	0.899	70.00	0.121
479.796	0.05	Adapter 899Hz Probe 3839Hz	64	0.899	70.00	0.121
479.876	0.05	Adapter 899Hz Probe 3839Hz	64	3.839	70.00	0.437
