onset	duration	trial_type	scan	frequency_kHz	level_dB_SPL	bandwidth_kHz
2.5	0.05	Adapter 2423Hz	1	2.423	70.00	0.285
2.58	0.05	Adapter 2423Hz	1	2.423	70.00	0.285
2.66	0.05	Adapter 2423Hz	1	2.423	70.00	0.285
2.74	0.05	Adapter 2423Hz	1	2.423	70.00	0.285
3.0	0.05	Adapter 2423Hz	1	2.423	70.00	0.285
3.08	0.05	Adapter 2423Hz	1	2.423	70.00	0.285
3.16	0.05	Adapter 2423Hz	1	2.423	70.00	0.285
3.24	0.05	Adapter 2423Hz	1	2.423	70.00	0.285
3.5	0.05	Adapter 2423Hz	1	2.423	70.00	0.285
3.58	0.05	Adapter 2423Hz	1	2.423	70.00	0.285
3.66	0.05	Adapter 2423Hz	1	2.423	70.00	0.285
3.74	0.05	Adapter 2423Hz	1	2.423	70.00	0.285
4.0	0.05	Adapter 2423Hz	1	2.423	70.00	0.285
4.08	0.05	Adapter 2423Hz	1	2.423	70.00	0.285
4.16	0.05	Adapter 2423Hz	1	2.423	70.00	0.285
4.24	0.05	Adapter 2423Hz	1	2.423	70.00	0.285
4.5	0.05	Adapter 2423Hz	1	2.423	70.00	0.285
4.58	0.05	Adapter 2423Hz	1	2.423	70.00	0.285
4.66	0.05	Adapter 2423Hz	1	2.423	70.00	0.285
4.74	0.05	Adapter 2423Hz	1	2.423	70.00	0.285
5.0	0.05	Adapter 2423Hz	1	2.423	70.00	0.285
5.08	0.05	Adapter 2423Hz	1	2.423	70.00	0.285
5.16	0.05	Adapter 2423Hz	1	2.423	70.00	0.285
5.24	0.05	Adapter 2423Hz	1	2.423	70.00	0.285
5.5	0.05	Adapter 2423Hz	1	2.423	70.00	0.285
5.58	0.05	Adapter 2423Hz	1	2.423	70.00	0.285
5.66	0.05	Adapter 2423Hz	1	2.423	70.00	0.285
5.74	0.05	Adapter 2423Hz	1	2.423	70.00	0.285
6.0	0.05	Adapter 2423Hz	1	2.423	70.00	0.285
6.08	0.05	Adapter 2423Hz	1	2.423	70.00	0.285
6.16	0.05	Adapter 2423Hz	1	2.423	70.00	0.285
6.24	0.05	Adapter 2423Hz	1	2.423	70.00	0.285
6.5	0.05	Adapter 2423Hz	1	2.423	70.00	0.285
6.58	0.05	Adapter 2423Hz	1	2.423	70.00	0.285
6.66	0.05	Adapter 2423Hz	1	2.423	70.00	0.285
6.74	0.05	Adapter 2423Hz	1	2.423	70.00	0.285
7.0	0.05	Adapter 2423Hz	1	2.423	70.00	0.285
7.08	0.05	Adapter 2423Hz	1	2.423	70.00	0.285
7.16	0.05	Adapter 2423Hz	1	2.423	70.00	0.285
7.24	0.05	Adapter 2423Hz	1	2.423	70.00	0.285
9.988	0.05	Adapter 507Hz	2	0.507	70.00	0.079
10.068	0.05	Adapter 507Hz	2	0.507	70.00	0.079
10.148	0.05	Adapter 507Hz	2	0.507	70.00	0.079
10.228	0.05	Adapter 507Hz	2	0.507	70.00	0.079
10.488	0.05	Adapter 507Hz	2	0.507	70.00	0.079
10.568	0.05	Adapter 507Hz	2	0.507	70.00	0.079
10.648	0.05	Adapter 507Hz	2	0.507	70.00	0.079
10.728	0.05	Adapter 507Hz	2	0.507	70.00	0.079
10.988	0.05	Adapter 507Hz	2	0.507	70.00	0.079
11.068	0.05	Adapter 507Hz	2	0.507	70.00	0.079
11.148	0.05	Adapter 507Hz	2	0.507	70.00	0.079
11.228	0.05	Adapter 507Hz	2	0.507	70.00	0.079
11.488	0.05	Adapter 507Hz	2	0.507	70.00	0.079
11.568	0.05	Adapter 507Hz	2	0.507	70.00	0.079
11.648	0.05	Adapter 507Hz	2	0.507	70.00	0.079
11.728	0.05	Adapter 507Hz	2	0.507	70.00	0.079
11.988	0.05	Adapter 507Hz	2	0.507	70.00	0.079
12.068	0.05	Adapter 507Hz	2	0.507	70.00	0.079
12.148	0.05	Adapter 507Hz	2	0.507	70.00	0.079
12.228	0.05	Adapter 507Hz	2	0.507	70.00	0.079
12.488	0.05	Adapter 507Hz	2	0.507	70.00	0.079
12.568	0.05	Adapter 507Hz	2	0.507	70.00	0.079
12.648	0.05	Adapter 507Hz	2	0.507	70.00	0.079
12.728	0.05	Adapter 507Hz	2	0.507	70.00	0.079
12.988	0.05	Adapter 507Hz	2	0.507	70.00	0.079
13.068	0.05	Adapter 507Hz	2	0.507	70.00	0.079
13.148	0.05	Adapter 507Hz	2	0.507	70.00	0.079
13.228	0.05	Adapter 507Hz	2	0.507	70.00	0.079
13.488	0.05	Adapter 507Hz	2	0.507	70.00	0.079
13.568	0.05	Adapter 507Hz	2	0.507	70.00	0.079
13.648	0.05	Adapter 507Hz	2	0.507	70.00	0.079
13.728	0.05	Adapter 507Hz	2	0.507	70.00	0.079
13.988	0.05	Adapter 507Hz	2	0.507	70.00	0.079
14.068	0.05	Adapter 507Hz	2	0.507	70.00	0.079
14.148	0.05	Adapter 507Hz	2	0.507	70.00	0.079
14.228	0.05	Adapter 507Hz	2	0.507	70.00	0.079
14.488	0.05	Adapter 507Hz	2	0.507	70.00	0.079
14.568	0.05	Adapter 507Hz	2	0.507	70.00	0.079
14.648	0.05	Adapter 507Hz	2	0.507	70.00	0.079
14.728	0.05	Adapter 507Hz	2	0.507	70.00	0.079
17.476	0.05	Adapter 3839Hz Probe 3839Hz	3	3.839	70.00	0.437
17.556	0.05	Adapter 3839Hz Probe 3839Hz	3	3.839	70.00	0.437
17.636	0.05	Adapter 3839Hz Probe 3839Hz	3	3.839	70.00	0.437
17.716	0.05	Adapter 3839Hz Probe 3839Hz	3	3.839	70.00	0.437
17.796	0.05	Adapter 3839Hz Probe 3839Hz	3	3.839	70.00	0.437
17.976	0.05	Adapter 3839Hz Probe 3839Hz	3	3.839	70.00	0.437
18.056	0.05	Adapter 3839Hz Probe 3839Hz	3	3.839	70.00	0.437
18.136	0.05	Adapter 3839Hz Probe 3839Hz	3	3.839	70.00	0.437
18.216	0.05	Adapter 3839Hz Probe 3839Hz	3	3.839	70.00	0.437
18.296	0.05	Adapter 3839Hz Probe 3839Hz	3	3.839	70.00	0.437
18.476	0.05	Adapter 3839Hz Probe 3839Hz	3	3.839	70.00	0.437
18.556	0.05	Adapter 3839Hz Probe 3839Hz	3	3.839	70.00	0.437
18.636	0.05	Adapter 3839Hz Probe 3839Hz	3	3.839	70.00	0.437
18.716	0.05	Adapter 3839Hz Probe 3839Hz	3	3.839	70.00	0.437
18.796	0.05	Adapter 3839Hz Probe 3839Hz	3	3.839	70.00	0.437
18.976	0.05	Adapter 3839Hz Probe 3839Hz	3	3.839	70.00	0.437
19.056	0.05	Adapter 3839Hz Probe 3839Hz	3	3.839	70.00	0.437
19.136	0.05	Adapter 3839Hz Probe 3839Hz	3	3.839	70.00	0.437
19.216	0.05	Adapter 3839Hz Probe 3839Hz	3	3.839	70.00	0.437
19.296	0.05	Adapter 3839Hz Probe 3839Hz	3	3.839	70.00	0.437
19.476	0.05	Adapter 3839Hz Probe 3839Hz	3	3.839	70.00	0.437
19.556	0.05	Adapter 3839Hz Probe 3839Hz	3	3.839	70.00	0.437
19.636	0.05	Adapter 3839Hz Probe 3839Hz	3	3.839	70.00	0.437
19.716	0.05	Adapter 3839Hz Probe 3839Hz	3	3.839	70.00	0.437
19.796	0.05	Adapter 3839Hz Probe 3839Hz	3	3.839	70.00	0.437
19.976	0.05	Adapter 3839Hz Probe 3839Hz	3	3.839	70.00	0.437
20.056	0.05	Adapter 3839Hz Probe 3839Hz	3	3.839	70.00	0.437
20.136	0.05	Adapter 3839Hz Probe 3839Hz	3	3.839	70.00	0.437
20.216	0.05	Adapter 3839Hz Probe 3839Hz	3	3.839	70.00	0.437
20.296	0.05	Adapter 3839Hz Probe 3839Hz	3	3.839	70.00	0.437
20.476	0.05	Adapter 3839Hz Probe 3839Hz	3	3.839	70.00	0.437
20.556	0.05	Adapter 3839Hz Probe 3839Hz	3	3.839	70.00	0.437
20.636	0.05	Adapter 3839Hz Probe 3839Hz	3	3.839	70.00	0.437
20.716	0.05	Adapter 3839Hz Probe 3839Hz	3	3.839	70.00	0.437
20.796	0.05	Adapter 3839Hz Probe 3839Hz	3	3.839	70.00	0.437
20.976	0.05	Adapter 3839Hz Probe 3839Hz	3	3.839	70.00	0.437
21.056	0.05	Adapter 3839Hz Probe 3839Hz	3	3.839	70.00	0.437
21.136	0.05	Adapter 3839Hz Probe 3839Hz	3	3.839	70.00	0.437
21.216	0.05	Adapter 3839Hz Probe 3839Hz	3	3.839	70.00	0.437
21.296	0.05	Adapter 3839Hz Probe 3839Hz	3	3.839	70.00	0.437
21.476	0.05	Adapter 3839Hz Probe 3839Hz	3	3.839	70.00	0.437
21.556	0.05	Adapter 3839Hz Probe 3839Hz	3	3.839	70.00	0.437
21.636	0.05	Adapter 3839Hz Probe 3839Hz	3	3.839	70.00	0.437
21.716	0.05	Adapter 3839Hz Probe 3839Hz	3	3.839	70.00	0.437
21.796	0.05	Adapter 3839Hz Probe 3839Hz	3	3.839	70.00	0.437
21.976	0.05	Adapter 3839Hz Probe 3839Hz	3	3.839	70.00	0.437
22.056	0.05	Adapter 3839Hz Probe 3839Hz	3	3.839	70.00	0.437
22.136	0.05	Adapter 3839Hz Probe 3839Hz	3	3.839	70.00	0.437
22.216	0.05	Adapter 3839Hz Probe 3839Hz	3	3.839	70.00	0.437
22.296	0.05	Adapter 3839Hz Probe 3839Hz	3	3.839	70.00	0.437
24.964	0.05	Adapter 1501Hz	4	1.501	70.00	0.186
25.044	0.05	Adapter 1501Hz	4	1.501	70.00	0.186
25.124	0.05	Adapter 1501Hz	4	1.501	70.00	0.186
25.204	0.05	Adapter 1501Hz	4	1.501	70.00	0.186
25.464	0.05	Adapter 1501Hz	4	1.501	70.00	0.186
25.544	0.05	Adapter 1501Hz	4	1.501	70.00	0.186
25.624	0.05	Adapter 1501Hz	4	1.501	70.00	0.186
25.704	0.05	Adapter 1501Hz	4	1.501	70.00	0.186
25.964	0.05	Adapter 1501Hz	4	1.501	70.00	0.186
26.044	0.05	Adapter 1501Hz	4	1.501	70.00	0.186
26.124	0.05	Adapter 1501Hz	4	1.501	70.00	0.186
26.204	0.05	Adapter 1501Hz	4	1.501	70.00	0.186
26.464	0.05	Adapter 1501Hz	4	1.501	70.00	0.186
26.544	0.05	Adapter 1501Hz	4	1.501	70.00	0.186
26.624	0.05	Adapter 1501Hz	4	1.501	70.00	0.186
26.704	0.05	Adapter 1501Hz	4	1.501	70.00	0.186
26.964	0.05	Adapter 1501Hz	4	1.501	70.00	0.186
27.044	0.05	Adapter 1501Hz	4	1.501	70.00	0.186
27.124	0.05	Adapter 1501Hz	4	1.501	70.00	0.186
27.204	0.05	Adapter 1501Hz	4	1.501	70.00	0.186
27.464	0.05	Adapter 1501Hz	4	1.501	70.00	0.186
27.544	0.05	Adapter 1501Hz	4	1.501	70.00	0.186
27.624	0.05	Adapter 1501Hz	4	1.501	70.00	0.186
27.704	0.05	Adapter 1501Hz	4	1.501	70.00	0.186
27.964	0.05	Adapter 1501Hz	4	1.501	70.00	0.186
28.044	0.05	Adapter 1501Hz	4	1.501	70.00	0.186
28.124	0.05	Adapter 1501Hz	4	1.501	70.00	0.186
28.204	0.05	Adapter 1501Hz	4	1.501	70.00	0.186
28.464	0.05	Adapter 1501Hz	4	1.501	70.00	0.186
28.544	0.05	Adapter 1501Hz	4	1.501	70.00	0.186
28.624	0.05	Adapter 1501Hz	4	1.501	70.00	0.186
28.704	0.05	Adapter 1501Hz	4	1.501	70.00	0.186
28.964	0.05	Adapter 1501Hz	4	1.501	70.00	0.186
29.044	0.05	Adapter 1501Hz	4	1.501	70.00	0.186
29.124	0.05	Adapter 1501Hz	4	1.501	70.00	0.186
29.204	0.05	Adapter 1501Hz	4	1.501	70.00	0.186
29.464	0.05	Adapter 1501Hz	4	1.501	70.00	0.186
29.544	0.05	Adapter 1501Hz	4	1.501	70.00	0.186
29.624	0.05	Adapter 1501Hz	4	1.501	70.00	0.186
29.704	0.05	Adapter 1501Hz	4	1.501	70.00	0.186
32.499	0.05	Adapter 251Hz	5	0.251	70.00	0.052
32.579	0.05	Adapter 251Hz	5	0.251	70.00	0.052
32.659	0.05	Adapter 251Hz	5	0.251	70.00	0.052
32.739	0.05	Adapter 251Hz	5	0.251	70.00	0.052
32.999	0.05	Adapter 251Hz	5	0.251	70.00	0.052
33.079	0.05	Adapter 251Hz	5	0.251	70.00	0.052
33.159	0.05	Adapter 251Hz	5	0.251	70.00	0.052
33.239	0.05	Adapter 251Hz	5	0.251	70.00	0.052
33.499	0.05	Adapter 251Hz	5	0.251	70.00	0.052
33.579	0.05	Adapter 251Hz	5	0.251	70.00	0.052
33.659	0.05	Adapter 251Hz	5	0.251	70.00	0.052
33.739	0.05	Adapter 251Hz	5	0.251	70.00	0.052
33.999	0.05	Adapter 251Hz	5	0.251	70.00	0.052
34.079	0.05	Adapter 251Hz	5	0.251	70.00	0.052
34.159	0.05	Adapter 251Hz	5	0.251	70.00	0.052
34.239	0.05	Adapter 251Hz	5	0.251	70.00	0.052
34.499	0.05	Adapter 251Hz	5	0.251	70.00	0.052
34.579	0.05	Adapter 251Hz	5	0.251	70.00	0.052
34.659	0.05	Adapter 251Hz	5	0.251	70.00	0.052
34.739	0.05	Adapter 251Hz	5	0.251	70.00	0.052
34.999	0.05	Adapter 251Hz	5	0.251	70.00	0.052
35.079	0.05	Adapter 251Hz	5	0.251	70.00	0.052
35.159	0.05	Adapter 251Hz	5	0.251	70.00	0.052
35.239	0.05	Adapter 251Hz	5	0.251	70.00	0.052
35.499	0.05	Adapter 251Hz	5	0.251	70.00	0.052
35.579	0.05	Adapter 251Hz	5	0.251	70.00	0.052
35.659	0.05	Adapter 251Hz	5	0.251	70.00	0.052
35.739	0.05	Adapter 251Hz	5	0.251	70.00	0.052
35.999	0.05	Adapter 251Hz	5	0.251	70.00	0.052
36.079	0.05	Adapter 251Hz	5	0.251	70.00	0.052
36.159	0.05	Adapter 251Hz	5	0.251	70.00	0.052
36.239	0.05	Adapter 251Hz	5	0.251	70.00	0.052
36.499	0.05	Adapter 251Hz	5	0.251	70.00	0.052
36.579	0.05	Adapter 251Hz	5	0.251	70.00	0.052
36.659	0.05	Adapter 251Hz	5	0.251	70.00	0.052
36.739	0.05	Adapter 251Hz	5	0.251	70.00	0.052
36.999	0.05	Adapter 251Hz	5	0.251	70.00	0.052
37.079	0.05	Adapter 251Hz	5	0.251	70.00	0.052
37.159	0.05	Adapter 251Hz	5	0.251	70.00	0.052
37.239	0.05	Adapter 251Hz	5	0.251	70.00	0.052
40.276	0.05	Probe 3839Hz	6	3.839	70.00	0.437
40.776	0.05	Probe 3839Hz	6	3.839	70.00	0.437
41.276	0.05	Probe 3839Hz	6	3.839	70.00	0.437
41.776	0.05	Probe 3839Hz	6	3.839	70.00	0.437
42.276	0.05	Probe 3839Hz	6	3.839	70.00	0.437
42.776	0.05	Probe 3839Hz	6	3.839	70.00	0.437
43.276	0.05	Probe 3839Hz	6	3.839	70.00	0.437
43.776	0.05	Probe 3839Hz	6	3.839	70.00	0.437
44.276	0.05	Probe 3839Hz	6	3.839	70.00	0.437
44.776	0.05	Probe 3839Hz	6	3.839	70.00	0.437
62.498	0.05	Adapter 899Hz	9	0.899	70.00	0.121
62.578	0.05	Adapter 899Hz	9	0.899	70.00	0.121
62.658	0.05	Adapter 899Hz	9	0.899	70.00	0.121
62.738	0.05	Adapter 899Hz	9	0.899	70.00	0.121
62.998	0.05	Adapter 899Hz	9	0.899	70.00	0.121
63.078	0.05	Adapter 899Hz	9	0.899	70.00	0.121
63.158	0.05	Adapter 899Hz	9	0.899	70.00	0.121
63.238	0.05	Adapter 899Hz	9	0.899	70.00	0.121
63.498	0.05	Adapter 899Hz	9	0.899	70.00	0.121
63.578	0.05	Adapter 899Hz	9	0.899	70.00	0.121
63.658	0.05	Adapter 899Hz	9	0.899	70.00	0.121
63.738	0.05	Adapter 899Hz	9	0.899	70.00	0.121
63.998	0.05	Adapter 899Hz	9	0.899	70.00	0.121
64.078	0.05	Adapter 899Hz	9	0.899	70.00	0.121
64.158	0.05	Adapter 899Hz	9	0.899	70.00	0.121
64.238	0.05	Adapter 899Hz	9	0.899	70.00	0.121
64.498	0.05	Adapter 899Hz	9	0.899	70.00	0.121
64.578	0.05	Adapter 899Hz	9	0.899	70.00	0.121
64.658	0.05	Adapter 899Hz	9	0.899	70.00	0.121
64.738	0.05	Adapter 899Hz	9	0.899	70.00	0.121
64.998	0.05	Adapter 899Hz	9	0.899	70.00	0.121
65.078	0.05	Adapter 899Hz	9	0.899	70.00	0.121
65.158	0.05	Adapter 899Hz	9	0.899	70.00	0.121
65.238	0.05	Adapter 899Hz	9	0.899	70.00	0.121
65.498	0.05	Adapter 899Hz	9	0.899	70.00	0.121
65.578	0.05	Adapter 899Hz	9	0.899	70.00	0.121
65.658	0.05	Adapter 899Hz	9	0.899	70.00	0.121
65.738	0.05	Adapter 899Hz	9	0.899	70.00	0.121
65.998	0.05	Adapter 899Hz	9	0.899	70.00	0.121
66.078	0.05	Adapter 899Hz	9	0.899	70.00	0.121
66.158	0.05	Adapter 899Hz	9	0.899	70.00	0.121
66.238	0.05	Adapter 899Hz	9	0.899	70.00	0.121
66.498	0.05	Adapter 899Hz	9	0.899	70.00	0.121
66.578	0.05	Adapter 899Hz	9	0.899	70.00	0.121
66.658	0.05	Adapter 899Hz	9	0.899	70.00	0.121
66.738	0.05	Adapter 899Hz	9	0.899	70.00	0.121
66.998	0.05	Adapter 899Hz	9	0.899	70.00	0.121
67.078	0.05	Adapter 899Hz	9	0.899	70.00	0.121
67.158	0.05	Adapter 899Hz	9	0.899	70.00	0.121
67.238	0.05	Adapter 899Hz	9	0.899	70.00	0.121
77.474	0.05	Adapter 1501Hz Probe 3839Hz	11	1.501	70.00	0.186
77.554	0.05	Adapter 1501Hz Probe 3839Hz	11	1.501	70.00	0.186
77.634	0.05	Adapter 1501Hz Probe 3839Hz	11	1.501	70.00	0.186
77.714	0.05	Adapter 1501Hz Probe 3839Hz	11	1.501	70.00	0.186
77.794	0.05	Adapter 1501Hz Probe 3839Hz	11	3.839	70.00	0.437
77.974	0.05	Adapter 1501Hz Probe 3839Hz	11	1.501	70.00	0.186
78.054	0.05	Adapter 1501Hz Probe 3839Hz	11	1.501	70.00	0.186
78.134	0.05	Adapter 1501Hz Probe 3839Hz	11	1.501	70.00	0.186
78.214	0.05	Adapter 1501Hz Probe 3839Hz	11	1.501	70.00	0.186
78.294	0.05	Adapter 1501Hz Probe 3839Hz	11	3.839	70.00	0.437
78.474	0.05	Adapter 1501Hz Probe 3839Hz	11	1.501	70.00	0.186
78.554	0.05	Adapter 1501Hz Probe 3839Hz	11	1.501	70.00	0.186
78.634	0.05	Adapter 1501Hz Probe 3839Hz	11	1.501	70.00	0.186
78.714	0.05	Adapter 1501Hz Probe 3839Hz	11	1.501	70.00	0.186
78.794	0.05	Adapter 1501Hz Probe 3839Hz	11	3.839	70.00	0.437
78.974	0.05	Adapter 1501Hz Probe 3839Hz	11	1.501	70.00	0.186
79.054	0.05	Adapter 1501Hz Probe 3839Hz	11	1.501	70.00	0.186
79.134	0.05	Adapter 1501Hz Probe 3839Hz	11	1.501	70.00	0.186
79.214	0.05	Adapter 1501Hz Probe 3839Hz	11	1.501	70.00	0.186
79.294	0.05	Adapter 1501Hz Probe 3839Hz	11	3.839	70.00	0.437
79.474	0.05	Adapter 1501Hz Probe 3839Hz	11	1.501	70.00	0.186
79.554	0.05	Adapter 1501Hz Probe 3839Hz	11	1.501	70.00	0.186
79.634	0.05	Adapter 1501Hz Probe 3839Hz	11	1.501	70.00	0.186
79.714	0.05	Adapter 1501Hz Probe 3839Hz	11	1.501	70.00	0.186
79.794	0.05	Adapter 1501Hz Probe 3839Hz	11	3.839	70.00	0.437
79.974	0.05	Adapter 1501Hz Probe 3839Hz	11	1.501	70.00	0.186
80.054	0.05	Adapter 1501Hz Probe 3839Hz	11	1.501	70.00	0.186
80.134	0.05	Adapter 1501Hz Probe 3839Hz	11	1.501	70.00	0.186
80.214	0.05	Adapter 1501Hz Probe 3839Hz	11	1.501	70.00	0.186
80.294	0.05	Adapter 1501Hz Probe 3839Hz	11	3.839	70.00	0.437
80.474	0.05	Adapter 1501Hz Probe 3839Hz	11	1.501	70.00	0.186
80.554	0.05	Adapter 1501Hz Probe 3839Hz	11	1.501	70.00	0.186
80.634	0.05	Adapter 1501Hz Probe 3839Hz	11	1.501	70.00	0.186
80.714	0.05	Adapter 1501Hz Probe 3839Hz	11	1.501	70.00	0.186
80.794	0.05	Adapter 1501Hz Probe 3839Hz	11	3.839	70.00	0.437
80.974	0.05	Adapter 1501Hz Probe 3839Hz	11	1.501	70.00	0.186
81.054	0.05	Adapter 1501Hz Probe 3839Hz	11	1.501	70.00	0.186
81.134	0.05	Adapter 1501Hz Probe 3839Hz	11	1.501	70.00	0.186
81.214	0.05	Adapter 1501Hz Probe 3839Hz	11	1.501	70.00	0.186
81.294	0.05	Adapter 1501Hz Probe 3839Hz	11	3.839	70.00	0.437
81.474	0.05	Adapter 1501Hz Probe 3839Hz	11	1.501	70.00	0.186
81.554	0.05	Adapter 1501Hz Probe 3839Hz	11	1.501	70.00	0.186
81.634	0.05	Adapter 1501Hz Probe 3839Hz	11	1.501	70.00	0.186
81.714	0.05	Adapter 1501Hz Probe 3839Hz	11	1.501	70.00	0.186
81.794	0.05	Adapter 1501Hz Probe 3839Hz	11	3.839	70.00	0.437
81.974	0.05	Adapter 1501Hz Probe 3839Hz	11	1.501	70.00	0.186
82.054	0.05	Adapter 1501Hz Probe 3839Hz	11	1.501	70.00	0.186
82.134	0.05	Adapter 1501Hz Probe 3839Hz	11	1.501	70.00	0.186
82.214	0.05	Adapter 1501Hz Probe 3839Hz	11	1.501	70.00	0.186
82.294	0.05	Adapter 1501Hz Probe 3839Hz	11	3.839	70.00	0.437
84.962	0.05	Adapter 507Hz Probe 3839Hz	12	0.507	70.00	0.079
85.042	0.05	Adapter 507Hz Probe 3839Hz	12	0.507	70.00	0.079
85.122	0.05	Adapter 507Hz Probe 3839Hz	12	0.507	70.00	0.079
85.202	0.05	Adapter 507Hz Probe 3839Hz	12	0.507	70.00	0.079
85.282	0.05	Adapter 507Hz Probe 3839Hz	12	3.839	70.00	0.437
85.462	0.05	Adapter 507Hz Probe 3839Hz	12	0.507	70.00	0.079
85.542	0.05	Adapter 507Hz Probe 3839Hz	12	0.507	70.00	0.079
85.622	0.05	Adapter 507Hz Probe 3839Hz	12	0.507	70.00	0.079
85.702	0.05	Adapter 507Hz Probe 3839Hz	12	0.507	70.00	0.079
85.782	0.05	Adapter 507Hz Probe 3839Hz	12	3.839	70.00	0.437
85.962	0.05	Adapter 507Hz Probe 3839Hz	12	0.507	70.00	0.079
86.042	0.05	Adapter 507Hz Probe 3839Hz	12	0.507	70.00	0.079
86.122	0.05	Adapter 507Hz Probe 3839Hz	12	0.507	70.00	0.079
86.202	0.05	Adapter 507Hz Probe 3839Hz	12	0.507	70.00	0.079
86.282	0.05	Adapter 507Hz Probe 3839Hz	12	3.839	70.00	0.437
86.462	0.05	Adapter 507Hz Probe 3839Hz	12	0.507	70.00	0.079
86.542	0.05	Adapter 507Hz Probe 3839Hz	12	0.507	70.00	0.079
86.622	0.05	Adapter 507Hz Probe 3839Hz	12	0.507	70.00	0.079
86.702	0.05	Adapter 507Hz Probe 3839Hz	12	0.507	70.00	0.079
86.782	0.05	Adapter 507Hz Probe 3839Hz	12	3.839	70.00	0.437
86.962	0.05	Adapter 507Hz Probe 3839Hz	12	0.507	70.00	0.079
87.042	0.05	Adapter 507Hz Probe 3839Hz	12	0.507	70.00	0.079
87.122	0.05	Adapter 507Hz Probe 3839Hz	12	0.507	70.00	0.079
87.202	0.05	Adapter 507Hz Probe 3839Hz	12	0.507	70.00	0.079
87.282	0.05	Adapter 507Hz Probe 3839Hz	12	3.839	70.00	0.437
87.462	0.05	Adapter 507Hz Probe 3839Hz	12	0.507	70.00	0.079
87.542	0.05	Adapter 507Hz Probe 3839Hz	12	0.507	70.00	0.079
87.622	0.05	Adapter 507Hz Probe 3839Hz	12	0.507	70.00	0.079
87.702	0.05	Adapter 507Hz Probe 3839Hz	12	0.507	70.00	0.079
87.782	0.05	Adapter 507Hz Probe 3839Hz	12	3.839	70.00	0.437
87.962	0.05	Adapter 507Hz Probe 3839Hz	12	0.507	70.00	0.079
88.042	0.05	Adapter 507Hz Probe 3839Hz	12	0.507	70.00	0.079
88.122	0.05	Adapter 507Hz Probe 3839Hz	12	0.507	70.00	0.079
88.202	0.05	Adapter 507Hz Probe 3839Hz	12	0.507	70.00	0.079
88.282	0.05	Adapter 507Hz Probe 3839Hz	12	3.839	70.00	0.437
88.462	0.05	Adapter 507Hz Probe 3839Hz	12	0.507	70.00	0.079
88.542	0.05	Adapter 507Hz Probe 3839Hz	12	0.507	70.00	0.079
88.622	0.05	Adapter 507Hz Probe 3839Hz	12	0.507	70.00	0.079
88.702	0.05	Adapter 507Hz Probe 3839Hz	12	0.507	70.00	0.079
88.782	0.05	Adapter 507Hz Probe 3839Hz	12	3.839	70.00	0.437
88.962	0.05	Adapter 507Hz Probe 3839Hz	12	0.507	70.00	0.079
89.042	0.05	Adapter 507Hz Probe 3839Hz	12	0.507	70.00	0.079
89.122	0.05	Adapter 507Hz Probe 3839Hz	12	0.507	70.00	0.079
89.202	0.05	Adapter 507Hz Probe 3839Hz	12	0.507	70.00	0.079
89.282	0.05	Adapter 507Hz Probe 3839Hz	12	3.839	70.00	0.437
89.462	0.05	Adapter 507Hz Probe 3839Hz	12	0.507	70.00	0.079
89.542	0.05	Adapter 507Hz Probe 3839Hz	12	0.507	70.00	0.079
89.622	0.05	Adapter 507Hz Probe 3839Hz	12	0.507	70.00	0.079
89.702	0.05	Adapter 507Hz Probe 3839Hz	12	0.507	70.00	0.079
89.782	0.05	Adapter 507Hz Probe 3839Hz	12	3.839	70.00	0.437
92.497	0.05	Adapter 6009Hz	13	6.009	70.00	0.671
92.577	0.05	Adapter 6009Hz	13	6.009	70.00	0.671
92.657	0.05	Adapter 6009Hz	13	6.009	70.00	0.671
92.737	0.05	Adapter 6009Hz	13	6.009	70.00	0.671
92.997	0.05	Adapter 6009Hz	13	6.009	70.00	0.671
93.077	0.05	Adapter 6009Hz	13	6.009	70.00	0.671
93.157	0.05	Adapter 6009Hz	13	6.009	70.00	0.671
93.237	0.05	Adapter 6009Hz	13	6.009	70.00	0.671
93.497	0.05	Adapter 6009Hz	13	6.009	70.00	0.671
93.577	0.05	Adapter 6009Hz	13	6.009	70.00	0.671
93.657	0.05	Adapter 6009Hz	13	6.009	70.00	0.671
93.737	0.05	Adapter 6009Hz	13	6.009	70.00	0.671
93.997	0.05	Adapter 6009Hz	13	6.009	70.00	0.671
94.077	0.05	Adapter 6009Hz	13	6.009	70.00	0.671
94.157	0.05	Adapter 6009Hz	13	6.009	70.00	0.671
94.237	0.05	Adapter 6009Hz	13	6.009	70.00	0.671
94.497	0.05	Adapter 6009Hz	13	6.009	70.00	0.671
94.577	0.05	Adapter 6009Hz	13	6.009	70.00	0.671
94.657	0.05	Adapter 6009Hz	13	6.009	70.00	0.671
94.737	0.05	Adapter 6009Hz	13	6.009	70.00	0.671
94.997	0.05	Adapter 6009Hz	13	6.009	70.00	0.671
95.077	0.05	Adapter 6009Hz	13	6.009	70.00	0.671
95.157	0.05	Adapter 6009Hz	13	6.009	70.00	0.671
95.237	0.05	Adapter 6009Hz	13	6.009	70.00	0.671
95.497	0.05	Adapter 6009Hz	13	6.009	70.00	0.671
95.577	0.05	Adapter 6009Hz	13	6.009	70.00	0.671
95.657	0.05	Adapter 6009Hz	13	6.009	70.00	0.671
95.737	0.05	Adapter 6009Hz	13	6.009	70.00	0.671
95.997	0.05	Adapter 6009Hz	13	6.009	70.00	0.671
96.077	0.05	Adapter 6009Hz	13	6.009	70.00	0.671
96.157	0.05	Adapter 6009Hz	13	6.009	70.00	0.671
96.237	0.05	Adapter 6009Hz	13	6.009	70.00	0.671
96.497	0.05	Adapter 6009Hz	13	6.009	70.00	0.671
96.577	0.05	Adapter 6009Hz	13	6.009	70.00	0.671
96.657	0.05	Adapter 6009Hz	13	6.009	70.00	0.671
96.737	0.05	Adapter 6009Hz	13	6.009	70.00	0.671
96.997	0.05	Adapter 6009Hz	13	6.009	70.00	0.671
97.077	0.05	Adapter 6009Hz	13	6.009	70.00	0.671
97.157	0.05	Adapter 6009Hz	13	6.009	70.00	0.671
97.237	0.05	Adapter 6009Hz	13	6.009	70.00	0.671
99.985	0.05	Adapter 899Hz Probe 3839Hz	14	0.899	70.00	0.121
100.065	0.05	Adapter 899Hz Probe 3839Hz	14	0.899	70.00	0.121
100.145	0.05	Adapter 899Hz Probe 3839Hz	14	0.899	70.00	0.121
100.225	0.05	Adapter 899Hz Probe 3839Hz	14	0.899	70.00	0.121
100.305	0.05	Adapter 899Hz Probe 3839Hz	14	3.839	70.00	0.437
100.485	0.05	Adapter 899Hz Probe 3839Hz	14	0.899	70.00	0.121
100.565	0.05	Adapter 899Hz Probe 3839Hz	14	0.899	70.00	0.121
100.645	0.05	Adapter 899Hz Probe 3839Hz	14	0.899	70.00	0.121
100.725	0.05	Adapter 899Hz Probe 3839Hz	14	0.899	70.00	0.121
100.805	0.05	Adapter 899Hz Probe 3839Hz	14	3.839	70.00	0.437
100.985	0.05	Adapter 899Hz Probe 3839Hz	14	0.899	70.00	0.121
101.065	0.05	Adapter 899Hz Probe 3839Hz	14	0.899	70.00	0.121
101.145	0.05	Adapter 899Hz Probe 3839Hz	14	0.899	70.00	0.121
101.225	0.05	Adapter 899Hz Probe 3839Hz	14	0.899	70.00	0.121
101.305	0.05	Adapter 899Hz Probe 3839Hz	14	3.839	70.00	0.437
101.485	0.05	Adapter 899Hz Probe 3839Hz	14	0.899	70.00	0.121
101.565	0.05	Adapter 899Hz Probe 3839Hz	14	0.899	70.00	0.121
101.645	0.05	Adapter 899Hz Probe 3839Hz	14	0.899	70.00	0.121
101.725	0.05	Adapter 899Hz Probe 3839Hz	14	0.899	70.00	0.121
101.805	0.05	Adapter 899Hz Probe 3839Hz	14	3.839	70.00	0.437
101.985	0.05	Adapter 899Hz Probe 3839Hz	14	0.899	70.00	0.121
102.065	0.05	Adapter 899Hz Probe 3839Hz	14	0.899	70.00	0.121
102.145	0.05	Adapter 899Hz Probe 3839Hz	14	0.899	70.00	0.121
102.225	0.05	Adapter 899Hz Probe 3839Hz	14	0.899	70.00	0.121
102.305	0.05	Adapter 899Hz Probe 3839Hz	14	3.839	70.00	0.437
102.485	0.05	Adapter 899Hz Probe 3839Hz	14	0.899	70.00	0.121
102.565	0.05	Adapter 899Hz Probe 3839Hz	14	0.899	70.00	0.121
102.645	0.05	Adapter 899Hz Probe 3839Hz	14	0.899	70.00	0.121
102.725	0.05	Adapter 899Hz Probe 3839Hz	14	0.899	70.00	0.121
102.805	0.05	Adapter 899Hz Probe 3839Hz	14	3.839	70.00	0.437
102.985	0.05	Adapter 899Hz Probe 3839Hz	14	0.899	70.00	0.121
103.065	0.05	Adapter 899Hz Probe 3839Hz	14	0.899	70.00	0.121
103.145	0.05	Adapter 899Hz Probe 3839Hz	14	0.899	70.00	0.121
103.225	0.05	Adapter 899Hz Probe 3839Hz	14	0.899	70.00	0.121
103.305	0.05	Adapter 899Hz Probe 3839Hz	14	3.839	70.00	0.437
103.485	0.05	Adapter 899Hz Probe 3839Hz	14	0.899	70.00	0.121
103.565	0.05	Adapter 899Hz Probe 3839Hz	14	0.899	70.00	0.121
103.645	0.05	Adapter 899Hz Probe 3839Hz	14	0.899	70.00	0.121
103.725	0.05	Adapter 899Hz Probe 3839Hz	14	0.899	70.00	0.121
103.805	0.05	Adapter 899Hz Probe 3839Hz	14	3.839	70.00	0.437
103.985	0.05	Adapter 899Hz Probe 3839Hz	14	0.899	70.00	0.121
104.065	0.05	Adapter 899Hz Probe 3839Hz	14	0.899	70.00	0.121
104.145	0.05	Adapter 899Hz Probe 3839Hz	14	0.899	70.00	0.121
104.225	0.05	Adapter 899Hz Probe 3839Hz	14	0.899	70.00	0.121
104.305	0.05	Adapter 899Hz Probe 3839Hz	14	3.839	70.00	0.437
104.485	0.05	Adapter 899Hz Probe 3839Hz	14	0.899	70.00	0.121
104.565	0.05	Adapter 899Hz Probe 3839Hz	14	0.899	70.00	0.121
104.645	0.05	Adapter 899Hz Probe 3839Hz	14	0.899	70.00	0.121
104.725	0.05	Adapter 899Hz Probe 3839Hz	14	0.899	70.00	0.121
104.805	0.05	Adapter 899Hz Probe 3839Hz	14	3.839	70.00	0.437
107.473	0.05	Adapter 2423Hz Probe 3839Hz	15	2.423	70.00	0.285
107.553	0.05	Adapter 2423Hz Probe 3839Hz	15	2.423	70.00	0.285
107.633	0.05	Adapter 2423Hz Probe 3839Hz	15	2.423	70.00	0.285
107.713	0.05	Adapter 2423Hz Probe 3839Hz	15	2.423	70.00	0.285
107.793	0.05	Adapter 2423Hz Probe 3839Hz	15	3.839	70.00	0.437
107.973	0.05	Adapter 2423Hz Probe 3839Hz	15	2.423	70.00	0.285
108.053	0.05	Adapter 2423Hz Probe 3839Hz	15	2.423	70.00	0.285
108.133	0.05	Adapter 2423Hz Probe 3839Hz	15	2.423	70.00	0.285
108.213	0.05	Adapter 2423Hz Probe 3839Hz	15	2.423	70.00	0.285
108.293	0.05	Adapter 2423Hz Probe 3839Hz	15	3.839	70.00	0.437
108.473	0.05	Adapter 2423Hz Probe 3839Hz	15	2.423	70.00	0.285
108.553	0.05	Adapter 2423Hz Probe 3839Hz	15	2.423	70.00	0.285
108.633	0.05	Adapter 2423Hz Probe 3839Hz	15	2.423	70.00	0.285
108.713	0.05	Adapter 2423Hz Probe 3839Hz	15	2.423	70.00	0.285
108.793	0.05	Adapter 2423Hz Probe 3839Hz	15	3.839	70.00	0.437
108.973	0.05	Adapter 2423Hz Probe 3839Hz	15	2.423	70.00	0.285
109.053	0.05	Adapter 2423Hz Probe 3839Hz	15	2.423	70.00	0.285
109.133	0.05	Adapter 2423Hz Probe 3839Hz	15	2.423	70.00	0.285
109.213	0.05	Adapter 2423Hz Probe 3839Hz	15	2.423	70.00	0.285
109.293	0.05	Adapter 2423Hz Probe 3839Hz	15	3.839	70.00	0.437
109.473	0.05	Adapter 2423Hz Probe 3839Hz	15	2.423	70.00	0.285
109.553	0.05	Adapter 2423Hz Probe 3839Hz	15	2.423	70.00	0.285
109.633	0.05	Adapter 2423Hz Probe 3839Hz	15	2.423	70.00	0.285
109.713	0.05	Adapter 2423Hz Probe 3839Hz	15	2.423	70.00	0.285
109.793	0.05	Adapter 2423Hz Probe 3839Hz	15	3.839	70.00	0.437
109.973	0.05	Adapter 2423Hz Probe 3839Hz	15	2.423	70.00	0.285
110.053	0.05	Adapter 2423Hz Probe 3839Hz	15	2.423	70.00	0.285
110.133	0.05	Adapter 2423Hz Probe 3839Hz	15	2.423	70.00	0.285
110.213	0.05	Adapter 2423Hz Probe 3839Hz	15	2.423	70.00	0.285
110.293	0.05	Adapter 2423Hz Probe 3839Hz	15	3.839	70.00	0.437
110.473	0.05	Adapter 2423Hz Probe 3839Hz	15	2.423	70.00	0.285
110.553	0.05	Adapter 2423Hz Probe 3839Hz	15	2.423	70.00	0.285
110.633	0.05	Adapter 2423Hz Probe 3839Hz	15	2.423	70.00	0.285
110.713	0.05	Adapter 2423Hz Probe 3839Hz	15	2.423	70.00	0.285
110.793	0.05	Adapter 2423Hz Probe 3839Hz	15	3.839	70.00	0.437
110.973	0.05	Adapter 2423Hz Probe 3839Hz	15	2.423	70.00	0.285
111.053	0.05	Adapter 2423Hz Probe 3839Hz	15	2.423	70.00	0.285
111.133	0.05	Adapter 2423Hz Probe 3839Hz	15	2.423	70.00	0.285
111.213	0.05	Adapter 2423Hz Probe 3839Hz	15	2.423	70.00	0.285
111.293	0.05	Adapter 2423Hz Probe 3839Hz	15	3.839	70.00	0.437
111.473	0.05	Adapter 2423Hz Probe 3839Hz	15	2.423	70.00	0.285
111.553	0.05	Adapter 2423Hz Probe 3839Hz	15	2.423	70.00	0.285
111.633	0.05	Adapter 2423Hz Probe 3839Hz	15	2.423	70.00	0.285
111.713	0.05	Adapter 2423Hz Probe 3839Hz	15	2.423	70.00	0.285
111.793	0.05	Adapter 2423Hz Probe 3839Hz	15	3.839	70.00	0.437
111.973	0.05	Adapter 2423Hz Probe 3839Hz	15	2.423	70.00	0.285
112.053	0.05	Adapter 2423Hz Probe 3839Hz	15	2.423	70.00	0.285
112.133	0.05	Adapter 2423Hz Probe 3839Hz	15	2.423	70.00	0.285
112.213	0.05	Adapter 2423Hz Probe 3839Hz	15	2.423	70.00	0.285
112.293	0.05	Adapter 2423Hz Probe 3839Hz	15	3.839	70.00	0.437
115.008	0.05	Adapter 3839Hz	16	3.839	70.00	0.437
115.088	0.05	Adapter 3839Hz	16	3.839	70.00	0.437
115.168	0.05	Adapter 3839Hz	16	3.839	70.00	0.437
115.248	0.05	Adapter 3839Hz	16	3.839	70.00	0.437
115.508	0.05	Adapter 3839Hz	16	3.839	70.00	0.437
115.588	0.05	Adapter 3839Hz	16	3.839	70.00	0.437
115.668	0.05	Adapter 3839Hz	16	3.839	70.00	0.437
115.748	0.05	Adapter 3839Hz	16	3.839	70.00	0.437
116.008	0.05	Adapter 3839Hz	16	3.839	70.00	0.437
116.088	0.05	Adapter 3839Hz	16	3.839	70.00	0.437
116.168	0.05	Adapter 3839Hz	16	3.839	70.00	0.437
116.248	0.05	Adapter 3839Hz	16	3.839	70.00	0.437
116.508	0.05	Adapter 3839Hz	16	3.839	70.00	0.437
116.588	0.05	Adapter 3839Hz	16	3.839	70.00	0.437
116.668	0.05	Adapter 3839Hz	16	3.839	70.00	0.437
116.748	0.05	Adapter 3839Hz	16	3.839	70.00	0.437
117.008	0.05	Adapter 3839Hz	16	3.839	70.00	0.437
117.088	0.05	Adapter 3839Hz	16	3.839	70.00	0.437
117.168	0.05	Adapter 3839Hz	16	3.839	70.00	0.437
117.248	0.05	Adapter 3839Hz	16	3.839	70.00	0.437
117.508	0.05	Adapter 3839Hz	16	3.839	70.00	0.437
117.588	0.05	Adapter 3839Hz	16	3.839	70.00	0.437
117.668	0.05	Adapter 3839Hz	16	3.839	70.00	0.437
117.748	0.05	Adapter 3839Hz	16	3.839	70.00	0.437
118.008	0.05	Adapter 3839Hz	16	3.839	70.00	0.437
118.088	0.05	Adapter 3839Hz	16	3.839	70.00	0.437
118.168	0.05	Adapter 3839Hz	16	3.839	70.00	0.437
118.248	0.05	Adapter 3839Hz	16	3.839	70.00	0.437
118.508	0.05	Adapter 3839Hz	16	3.839	70.00	0.437
118.588	0.05	Adapter 3839Hz	16	3.839	70.00	0.437
118.668	0.05	Adapter 3839Hz	16	3.839	70.00	0.437
118.748	0.05	Adapter 3839Hz	16	3.839	70.00	0.437
119.008	0.05	Adapter 3839Hz	16	3.839	70.00	0.437
119.088	0.05	Adapter 3839Hz	16	3.839	70.00	0.437
119.168	0.05	Adapter 3839Hz	16	3.839	70.00	0.437
119.248	0.05	Adapter 3839Hz	16	3.839	70.00	0.437
119.508	0.05	Adapter 3839Hz	16	3.839	70.00	0.437
119.588	0.05	Adapter 3839Hz	16	3.839	70.00	0.437
119.668	0.05	Adapter 3839Hz	16	3.839	70.00	0.437
119.748	0.05	Adapter 3839Hz	16	3.839	70.00	0.437
122.496	0.05	Adapter 2423Hz Probe 3839Hz	17	2.423	70.00	0.285
122.576	0.05	Adapter 2423Hz Probe 3839Hz	17	2.423	70.00	0.285
122.656	0.05	Adapter 2423Hz Probe 3839Hz	17	2.423	70.00	0.285
122.736	0.05	Adapter 2423Hz Probe 3839Hz	17	2.423	70.00	0.285
122.816	0.05	Adapter 2423Hz Probe 3839Hz	17	3.839	70.00	0.437
122.996	0.05	Adapter 2423Hz Probe 3839Hz	17	2.423	70.00	0.285
123.076	0.05	Adapter 2423Hz Probe 3839Hz	17	2.423	70.00	0.285
123.156	0.05	Adapter 2423Hz Probe 3839Hz	17	2.423	70.00	0.285
123.236	0.05	Adapter 2423Hz Probe 3839Hz	17	2.423	70.00	0.285
123.316	0.05	Adapter 2423Hz Probe 3839Hz	17	3.839	70.00	0.437
123.496	0.05	Adapter 2423Hz Probe 3839Hz	17	2.423	70.00	0.285
123.576	0.05	Adapter 2423Hz Probe 3839Hz	17	2.423	70.00	0.285
123.656	0.05	Adapter 2423Hz Probe 3839Hz	17	2.423	70.00	0.285
123.736	0.05	Adapter 2423Hz Probe 3839Hz	17	2.423	70.00	0.285
123.816	0.05	Adapter 2423Hz Probe 3839Hz	17	3.839	70.00	0.437
123.996	0.05	Adapter 2423Hz Probe 3839Hz	17	2.423	70.00	0.285
124.076	0.05	Adapter 2423Hz Probe 3839Hz	17	2.423	70.00	0.285
124.156	0.05	Adapter 2423Hz Probe 3839Hz	17	2.423	70.00	0.285
124.236	0.05	Adapter 2423Hz Probe 3839Hz	17	2.423	70.00	0.285
124.316	0.05	Adapter 2423Hz Probe 3839Hz	17	3.839	70.00	0.437
124.496	0.05	Adapter 2423Hz Probe 3839Hz	17	2.423	70.00	0.285
124.576	0.05	Adapter 2423Hz Probe 3839Hz	17	2.423	70.00	0.285
124.656	0.05	Adapter 2423Hz Probe 3839Hz	17	2.423	70.00	0.285
124.736	0.05	Adapter 2423Hz Probe 3839Hz	17	2.423	70.00	0.285
124.816	0.05	Adapter 2423Hz Probe 3839Hz	17	3.839	70.00	0.437
124.996	0.05	Adapter 2423Hz Probe 3839Hz	17	2.423	70.00	0.285
125.076	0.05	Adapter 2423Hz Probe 3839Hz	17	2.423	70.00	0.285
125.156	0.05	Adapter 2423Hz Probe 3839Hz	17	2.423	70.00	0.285
125.236	0.05	Adapter 2423Hz Probe 3839Hz	17	2.423	70.00	0.285
125.316	0.05	Adapter 2423Hz Probe 3839Hz	17	3.839	70.00	0.437
125.496	0.05	Adapter 2423Hz Probe 3839Hz	17	2.423	70.00	0.285
125.576	0.05	Adapter 2423Hz Probe 3839Hz	17	2.423	70.00	0.285
125.656	0.05	Adapter 2423Hz Probe 3839Hz	17	2.423	70.00	0.285
125.736	0.05	Adapter 2423Hz Probe 3839Hz	17	2.423	70.00	0.285
125.816	0.05	Adapter 2423Hz Probe 3839Hz	17	3.839	70.00	0.437
125.996	0.05	Adapter 2423Hz Probe 3839Hz	17	2.423	70.00	0.285
126.076	0.05	Adapter 2423Hz Probe 3839Hz	17	2.423	70.00	0.285
126.156	0.05	Adapter 2423Hz Probe 3839Hz	17	2.423	70.00	0.285
126.236	0.05	Adapter 2423Hz Probe 3839Hz	17	2.423	70.00	0.285
126.316	0.05	Adapter 2423Hz Probe 3839Hz	17	3.839	70.00	0.437
126.496	0.05	Adapter 2423Hz Probe 3839Hz	17	2.423	70.00	0.285
126.576	0.05	Adapter 2423Hz Probe 3839Hz	17	2.423	70.00	0.285
126.656	0.05	Adapter 2423Hz Probe 3839Hz	17	2.423	70.00	0.285
126.736	0.05	Adapter 2423Hz Probe 3839Hz	17	2.423	70.00	0.285
126.816	0.05	Adapter 2423Hz Probe 3839Hz	17	3.839	70.00	0.437
126.996	0.05	Adapter 2423Hz Probe 3839Hz	17	2.423	70.00	0.285
127.076	0.05	Adapter 2423Hz Probe 3839Hz	17	2.423	70.00	0.285
127.156	0.05	Adapter 2423Hz Probe 3839Hz	17	2.423	70.00	0.285
127.236	0.05	Adapter 2423Hz Probe 3839Hz	17	2.423	70.00	0.285
127.316	0.05	Adapter 2423Hz Probe 3839Hz	17	3.839	70.00	0.437
137.472	0.05	Adapter 2423Hz	19	2.423	70.00	0.285
137.552	0.05	Adapter 2423Hz	19	2.423	70.00	0.285
137.632	0.05	Adapter 2423Hz	19	2.423	70.00	0.285
137.712	0.05	Adapter 2423Hz	19	2.423	70.00	0.285
137.972	0.05	Adapter 2423Hz	19	2.423	70.00	0.285
138.052	0.05	Adapter 2423Hz	19	2.423	70.00	0.285
138.132	0.05	Adapter 2423Hz	19	2.423	70.00	0.285
138.212	0.05	Adapter 2423Hz	19	2.423	70.00	0.285
138.472	0.05	Adapter 2423Hz	19	2.423	70.00	0.285
138.552	0.05	Adapter 2423Hz	19	2.423	70.00	0.285
138.632	0.05	Adapter 2423Hz	19	2.423	70.00	0.285
138.712	0.05	Adapter 2423Hz	19	2.423	70.00	0.285
138.972	0.05	Adapter 2423Hz	19	2.423	70.00	0.285
139.052	0.05	Adapter 2423Hz	19	2.423	70.00	0.285
139.132	0.05	Adapter 2423Hz	19	2.423	70.00	0.285
139.212	0.05	Adapter 2423Hz	19	2.423	70.00	0.285
139.472	0.05	Adapter 2423Hz	19	2.423	70.00	0.285
139.552	0.05	Adapter 2423Hz	19	2.423	70.00	0.285
139.632	0.05	Adapter 2423Hz	19	2.423	70.00	0.285
139.712	0.05	Adapter 2423Hz	19	2.423	70.00	0.285
139.972	0.05	Adapter 2423Hz	19	2.423	70.00	0.285
140.052	0.05	Adapter 2423Hz	19	2.423	70.00	0.285
140.132	0.05	Adapter 2423Hz	19	2.423	70.00	0.285
140.212	0.05	Adapter 2423Hz	19	2.423	70.00	0.285
140.472	0.05	Adapter 2423Hz	19	2.423	70.00	0.285
140.552	0.05	Adapter 2423Hz	19	2.423	70.00	0.285
140.632	0.05	Adapter 2423Hz	19	2.423	70.00	0.285
140.712	0.05	Adapter 2423Hz	19	2.423	70.00	0.285
140.972	0.05	Adapter 2423Hz	19	2.423	70.00	0.285
141.052	0.05	Adapter 2423Hz	19	2.423	70.00	0.285
141.132	0.05	Adapter 2423Hz	19	2.423	70.00	0.285
141.212	0.05	Adapter 2423Hz	19	2.423	70.00	0.285
141.472	0.05	Adapter 2423Hz	19	2.423	70.00	0.285
141.552	0.05	Adapter 2423Hz	19	2.423	70.00	0.285
141.632	0.05	Adapter 2423Hz	19	2.423	70.00	0.285
141.712	0.05	Adapter 2423Hz	19	2.423	70.00	0.285
141.972	0.05	Adapter 2423Hz	19	2.423	70.00	0.285
142.052	0.05	Adapter 2423Hz	19	2.423	70.00	0.285
142.132	0.05	Adapter 2423Hz	19	2.423	70.00	0.285
142.212	0.05	Adapter 2423Hz	19	2.423	70.00	0.285
145.007	0.05	Adapter 6009Hz	20	6.009	70.00	0.671
145.087	0.05	Adapter 6009Hz	20	6.009	70.00	0.671
145.167	0.05	Adapter 6009Hz	20	6.009	70.00	0.671
145.247	0.05	Adapter 6009Hz	20	6.009	70.00	0.671
145.507	0.05	Adapter 6009Hz	20	6.009	70.00	0.671
145.587	0.05	Adapter 6009Hz	20	6.009	70.00	0.671
145.667	0.05	Adapter 6009Hz	20	6.009	70.00	0.671
145.747	0.05	Adapter 6009Hz	20	6.009	70.00	0.671
146.007	0.05	Adapter 6009Hz	20	6.009	70.00	0.671
146.087	0.05	Adapter 6009Hz	20	6.009	70.00	0.671
146.167	0.05	Adapter 6009Hz	20	6.009	70.00	0.671
146.247	0.05	Adapter 6009Hz	20	6.009	70.00	0.671
146.507	0.05	Adapter 6009Hz	20	6.009	70.00	0.671
146.587	0.05	Adapter 6009Hz	20	6.009	70.00	0.671
146.667	0.05	Adapter 6009Hz	20	6.009	70.00	0.671
146.747	0.05	Adapter 6009Hz	20	6.009	70.00	0.671
147.007	0.05	Adapter 6009Hz	20	6.009	70.00	0.671
147.087	0.05	Adapter 6009Hz	20	6.009	70.00	0.671
147.167	0.05	Adapter 6009Hz	20	6.009	70.00	0.671
147.247	0.05	Adapter 6009Hz	20	6.009	70.00	0.671
147.507	0.05	Adapter 6009Hz	20	6.009	70.00	0.671
147.587	0.05	Adapter 6009Hz	20	6.009	70.00	0.671
147.667	0.05	Adapter 6009Hz	20	6.009	70.00	0.671
147.747	0.05	Adapter 6009Hz	20	6.009	70.00	0.671
148.007	0.05	Adapter 6009Hz	20	6.009	70.00	0.671
148.087	0.05	Adapter 6009Hz	20	6.009	70.00	0.671
148.167	0.05	Adapter 6009Hz	20	6.009	70.00	0.671
148.247	0.05	Adapter 6009Hz	20	6.009	70.00	0.671
148.507	0.05	Adapter 6009Hz	20	6.009	70.00	0.671
148.587	0.05	Adapter 6009Hz	20	6.009	70.00	0.671
148.667	0.05	Adapter 6009Hz	20	6.009	70.00	0.671
148.747	0.05	Adapter 6009Hz	20	6.009	70.00	0.671
149.007	0.05	Adapter 6009Hz	20	6.009	70.00	0.671
149.087	0.05	Adapter 6009Hz	20	6.009	70.00	0.671
149.167	0.05	Adapter 6009Hz	20	6.009	70.00	0.671
149.247	0.05	Adapter 6009Hz	20	6.009	70.00	0.671
149.507	0.05	Adapter 6009Hz	20	6.009	70.00	0.671
149.587	0.05	Adapter 6009Hz	20	6.009	70.00	0.671
149.667	0.05	Adapter 6009Hz	20	6.009	70.00	0.671
149.747	0.05	Adapter 6009Hz	20	6.009	70.00	0.671
152.495	0.05	Adapter 251Hz	21	0.251	70.00	0.052
152.575	0.05	Adapter 251Hz	21	0.251	70.00	0.052
152.655	0.05	Adapter 251Hz	21	0.251	70.00	0.052
152.735	0.05	Adapter 251Hz	21	0.251	70.00	0.052
152.995	0.05	Adapter 251Hz	21	0.251	70.00	0.052
153.075	0.05	Adapter 251Hz	21	0.251	70.00	0.052
153.155	0.05	Adapter 251Hz	21	0.251	70.00	0.052
153.235	0.05	Adapter 251Hz	21	0.251	70.00	0.052
153.495	0.05	Adapter 251Hz	21	0.251	70.00	0.052
153.575	0.05	Adapter 251Hz	21	0.251	70.00	0.052
153.655	0.05	Adapter 251Hz	21	0.251	70.00	0.052
153.735	0.05	Adapter 251Hz	21	0.251	70.00	0.052
153.995	0.05	Adapter 251Hz	21	0.251	70.00	0.052
154.075	0.05	Adapter 251Hz	21	0.251	70.00	0.052
154.155	0.05	Adapter 251Hz	21	0.251	70.00	0.052
154.235	0.05	Adapter 251Hz	21	0.251	70.00	0.052
154.495	0.05	Adapter 251Hz	21	0.251	70.00	0.052
154.575	0.05	Adapter 251Hz	21	0.251	70.00	0.052
154.655	0.05	Adapter 251Hz	21	0.251	70.00	0.052
154.735	0.05	Adapter 251Hz	21	0.251	70.00	0.052
154.995	0.05	Adapter 251Hz	21	0.251	70.00	0.052
155.075	0.05	Adapter 251Hz	21	0.251	70.00	0.052
155.155	0.05	Adapter 251Hz	21	0.251	70.00	0.052
155.235	0.05	Adapter 251Hz	21	0.251	70.00	0.052
155.495	0.05	Adapter 251Hz	21	0.251	70.00	0.052
155.575	0.05	Adapter 251Hz	21	0.251	70.00	0.052
155.655	0.05	Adapter 251Hz	21	0.251	70.00	0.052
155.735	0.05	Adapter 251Hz	21	0.251	70.00	0.052
155.995	0.05	Adapter 251Hz	21	0.251	70.00	0.052
156.075	0.05	Adapter 251Hz	21	0.251	70.00	0.052
156.155	0.05	Adapter 251Hz	21	0.251	70.00	0.052
156.235	0.05	Adapter 251Hz	21	0.251	70.00	0.052
156.495	0.05	Adapter 251Hz	21	0.251	70.00	0.052
156.575	0.05	Adapter 251Hz	21	0.251	70.00	0.052
156.655	0.05	Adapter 251Hz	21	0.251	70.00	0.052
156.735	0.05	Adapter 251Hz	21	0.251	70.00	0.052
156.995	0.05	Adapter 251Hz	21	0.251	70.00	0.052
157.075	0.05	Adapter 251Hz	21	0.251	70.00	0.052
157.155	0.05	Adapter 251Hz	21	0.251	70.00	0.052
157.235	0.05	Adapter 251Hz	21	0.251	70.00	0.052
159.967	0.05	Adapter 899Hz	22	0.899	70.00	0.121
160.047	0.05	Adapter 899Hz	22	0.899	70.00	0.121
160.127	0.05	Adapter 899Hz	22	0.899	70.00	0.121
160.207	0.05	Adapter 899Hz	22	0.899	70.00	0.121
160.467	0.05	Adapter 899Hz	22	0.899	70.00	0.121
160.547	0.05	Adapter 899Hz	22	0.899	70.00	0.121
160.627	0.05	Adapter 899Hz	22	0.899	70.00	0.121
160.707	0.05	Adapter 899Hz	22	0.899	70.00	0.121
160.967	0.05	Adapter 899Hz	22	0.899	70.00	0.121
161.047	0.05	Adapter 899Hz	22	0.899	70.00	0.121
161.127	0.05	Adapter 899Hz	22	0.899	70.00	0.121
161.207	0.05	Adapter 899Hz	22	0.899	70.00	0.121
161.467	0.05	Adapter 899Hz	22	0.899	70.00	0.121
161.547	0.05	Adapter 899Hz	22	0.899	70.00	0.121
161.627	0.05	Adapter 899Hz	22	0.899	70.00	0.121
161.707	0.05	Adapter 899Hz	22	0.899	70.00	0.121
161.967	0.05	Adapter 899Hz	22	0.899	70.00	0.121
162.047	0.05	Adapter 899Hz	22	0.899	70.00	0.121
162.127	0.05	Adapter 899Hz	22	0.899	70.00	0.121
162.207	0.05	Adapter 899Hz	22	0.899	70.00	0.121
162.467	0.05	Adapter 899Hz	22	0.899	70.00	0.121
162.547	0.05	Adapter 899Hz	22	0.899	70.00	0.121
162.627	0.05	Adapter 899Hz	22	0.899	70.00	0.121
162.707	0.05	Adapter 899Hz	22	0.899	70.00	0.121
162.967	0.05	Adapter 899Hz	22	0.899	70.00	0.121
163.047	0.05	Adapter 899Hz	22	0.899	70.00	0.121
163.127	0.05	Adapter 899Hz	22	0.899	70.00	0.121
163.207	0.05	Adapter 899Hz	22	0.899	70.00	0.121
163.467	0.05	Adapter 899Hz	22	0.899	70.00	0.121
163.547	0.05	Adapter 899Hz	22	0.899	70.00	0.121
163.627	0.05	Adapter 899Hz	22	0.899	70.00	0.121
163.707	0.05	Adapter 899Hz	22	0.899	70.00	0.121
163.967	0.05	Adapter 899Hz	22	0.899	70.00	0.121
164.047	0.05	Adapter 899Hz	22	0.899	70.00	0.121
164.127	0.05	Adapter 899Hz	22	0.899	70.00	0.121
164.207	0.05	Adapter 899Hz	22	0.899	70.00	0.121
164.467	0.05	Adapter 899Hz	22	0.899	70.00	0.121
164.547	0.05	Adapter 899Hz	22	0.899	70.00	0.121
164.627	0.05	Adapter 899Hz	22	0.899	70.00	0.121
164.707	0.05	Adapter 899Hz	22	0.899	70.00	0.121
167.517	0.05	Adapter 3839Hz Probe 3839Hz	23	3.839	70.00	0.437
167.597	0.05	Adapter 3839Hz Probe 3839Hz	23	3.839	70.00	0.437
167.677	0.05	Adapter 3839Hz Probe 3839Hz	23	3.839	70.00	0.437
167.757	0.05	Adapter 3839Hz Probe 3839Hz	23	3.839	70.00	0.437
167.837	0.05	Adapter 3839Hz Probe 3839Hz	23	3.839	70.00	0.437
168.017	0.05	Adapter 3839Hz Probe 3839Hz	23	3.839	70.00	0.437
168.097	0.05	Adapter 3839Hz Probe 3839Hz	23	3.839	70.00	0.437
168.177	0.05	Adapter 3839Hz Probe 3839Hz	23	3.839	70.00	0.437
168.257	0.05	Adapter 3839Hz Probe 3839Hz	23	3.839	70.00	0.437
168.337	0.05	Adapter 3839Hz Probe 3839Hz	23	3.839	70.00	0.437
168.517	0.05	Adapter 3839Hz Probe 3839Hz	23	3.839	70.00	0.437
168.597	0.05	Adapter 3839Hz Probe 3839Hz	23	3.839	70.00	0.437
168.677	0.05	Adapter 3839Hz Probe 3839Hz	23	3.839	70.00	0.437
168.757	0.05	Adapter 3839Hz Probe 3839Hz	23	3.839	70.00	0.437
168.837	0.05	Adapter 3839Hz Probe 3839Hz	23	3.839	70.00	0.437
169.017	0.05	Adapter 3839Hz Probe 3839Hz	23	3.839	70.00	0.437
169.097	0.05	Adapter 3839Hz Probe 3839Hz	23	3.839	70.00	0.437
169.177	0.05	Adapter 3839Hz Probe 3839Hz	23	3.839	70.00	0.437
169.257	0.05	Adapter 3839Hz Probe 3839Hz	23	3.839	70.00	0.437
169.337	0.05	Adapter 3839Hz Probe 3839Hz	23	3.839	70.00	0.437
169.517	0.05	Adapter 3839Hz Probe 3839Hz	23	3.839	70.00	0.437
169.597	0.05	Adapter 3839Hz Probe 3839Hz	23	3.839	70.00	0.437
169.677	0.05	Adapter 3839Hz Probe 3839Hz	23	3.839	70.00	0.437
169.757	0.05	Adapter 3839Hz Probe 3839Hz	23	3.839	70.00	0.437
169.837	0.05	Adapter 3839Hz Probe 3839Hz	23	3.839	70.00	0.437
170.017	0.05	Adapter 3839Hz Probe 3839Hz	23	3.839	70.00	0.437
170.097	0.05	Adapter 3839Hz Probe 3839Hz	23	3.839	70.00	0.437
170.177	0.05	Adapter 3839Hz Probe 3839Hz	23	3.839	70.00	0.437
170.257	0.05	Adapter 3839Hz Probe 3839Hz	23	3.839	70.00	0.437
170.337	0.05	Adapter 3839Hz Probe 3839Hz	23	3.839	70.00	0.437
170.517	0.05	Adapter 3839Hz Probe 3839Hz	23	3.839	70.00	0.437
170.597	0.05	Adapter 3839Hz Probe 3839Hz	23	3.839	70.00	0.437
170.677	0.05	Adapter 3839Hz Probe 3839Hz	23	3.839	70.00	0.437
170.757	0.05	Adapter 3839Hz Probe 3839Hz	23	3.839	70.00	0.437
170.837	0.05	Adapter 3839Hz Probe 3839Hz	23	3.839	70.00	0.437
171.017	0.05	Adapter 3839Hz Probe 3839Hz	23	3.839	70.00	0.437
171.097	0.05	Adapter 3839Hz Probe 3839Hz	23	3.839	70.00	0.437
171.177	0.05	Adapter 3839Hz Probe 3839Hz	23	3.839	70.00	0.437
171.257	0.05	Adapter 3839Hz Probe 3839Hz	23	3.839	70.00	0.437
171.337	0.05	Adapter 3839Hz Probe 3839Hz	23	3.839	70.00	0.437
171.517	0.05	Adapter 3839Hz Probe 3839Hz	23	3.839	70.00	0.437
171.597	0.05	Adapter 3839Hz Probe 3839Hz	23	3.839	70.00	0.437
171.677	0.05	Adapter 3839Hz Probe 3839Hz	23	3.839	70.00	0.437
171.757	0.05	Adapter 3839Hz Probe 3839Hz	23	3.839	70.00	0.437
171.837	0.05	Adapter 3839Hz Probe 3839Hz	23	3.839	70.00	0.437
172.017	0.05	Adapter 3839Hz Probe 3839Hz	23	3.839	70.00	0.437
172.097	0.05	Adapter 3839Hz Probe 3839Hz	23	3.839	70.00	0.437
172.177	0.05	Adapter 3839Hz Probe 3839Hz	23	3.839	70.00	0.437
172.257	0.05	Adapter 3839Hz Probe 3839Hz	23	3.839	70.00	0.437
172.337	0.05	Adapter 3839Hz Probe 3839Hz	23	3.839	70.00	0.437
175.294	0.05	Probe 3839Hz	24	3.839	70.00	0.437
175.794	0.05	Probe 3839Hz	24	3.839	70.00	0.437
176.294	0.05	Probe 3839Hz	24	3.839	70.00	0.437
176.794	0.05	Probe 3839Hz	24	3.839	70.00	0.437
177.294	0.05	Probe 3839Hz	24	3.839	70.00	0.437
177.794	0.05	Probe 3839Hz	24	3.839	70.00	0.437
178.294	0.05	Probe 3839Hz	24	3.839	70.00	0.437
178.794	0.05	Probe 3839Hz	24	3.839	70.00	0.437
179.294	0.05	Probe 3839Hz	24	3.839	70.00	0.437
179.794	0.05	Probe 3839Hz	24	3.839	70.00	0.437
182.509	0.05	Adapter 3839Hz	25	3.839	70.00	0.437
182.589	0.05	Adapter 3839Hz	25	3.839	70.00	0.437
182.669	0.05	Adapter 3839Hz	25	3.839	70.00	0.437
182.749	0.05	Adapter 3839Hz	25	3.839	70.00	0.437
183.009	0.05	Adapter 3839Hz	25	3.839	70.00	0.437
183.089	0.05	Adapter 3839Hz	25	3.839	70.00	0.437
183.169	0.05	Adapter 3839Hz	25	3.839	70.00	0.437
183.249	0.05	Adapter 3839Hz	25	3.839	70.00	0.437
183.509	0.05	Adapter 3839Hz	25	3.839	70.00	0.437
183.589	0.05	Adapter 3839Hz	25	3.839	70.00	0.437
183.669	0.05	Adapter 3839Hz	25	3.839	70.00	0.437
183.749	0.05	Adapter 3839Hz	25	3.839	70.00	0.437
184.009	0.05	Adapter 3839Hz	25	3.839	70.00	0.437
184.089	0.05	Adapter 3839Hz	25	3.839	70.00	0.437
184.169	0.05	Adapter 3839Hz	25	3.839	70.00	0.437
184.249	0.05	Adapter 3839Hz	25	3.839	70.00	0.437
184.509	0.05	Adapter 3839Hz	25	3.839	70.00	0.437
184.589	0.05	Adapter 3839Hz	25	3.839	70.00	0.437
184.669	0.05	Adapter 3839Hz	25	3.839	70.00	0.437
184.749	0.05	Adapter 3839Hz	25	3.839	70.00	0.437
185.009	0.05	Adapter 3839Hz	25	3.839	70.00	0.437
185.089	0.05	Adapter 3839Hz	25	3.839	70.00	0.437
185.169	0.05	Adapter 3839Hz	25	3.839	70.00	0.437
185.249	0.05	Adapter 3839Hz	25	3.839	70.00	0.437
185.509	0.05	Adapter 3839Hz	25	3.839	70.00	0.437
185.589	0.05	Adapter 3839Hz	25	3.839	70.00	0.437
185.669	0.05	Adapter 3839Hz	25	3.839	70.00	0.437
185.749	0.05	Adapter 3839Hz	25	3.839	70.00	0.437
186.009	0.05	Adapter 3839Hz	25	3.839	70.00	0.437
186.089	0.05	Adapter 3839Hz	25	3.839	70.00	0.437
186.169	0.05	Adapter 3839Hz	25	3.839	70.00	0.437
186.249	0.05	Adapter 3839Hz	25	3.839	70.00	0.437
186.509	0.05	Adapter 3839Hz	25	3.839	70.00	0.437
186.589	0.05	Adapter 3839Hz	25	3.839	70.00	0.437
186.669	0.05	Adapter 3839Hz	25	3.839	70.00	0.437
186.749	0.05	Adapter 3839Hz	25	3.839	70.00	0.437
187.009	0.05	Adapter 3839Hz	25	3.839	70.00	0.437
187.089	0.05	Adapter 3839Hz	25	3.839	70.00	0.437
187.169	0.05	Adapter 3839Hz	25	3.839	70.00	0.437
187.249	0.05	Adapter 3839Hz	25	3.839	70.00	0.437
189.997	0.05	Adapter 1501Hz Probe 3839Hz	26	1.501	70.00	0.186
190.077	0.05	Adapter 1501Hz Probe 3839Hz	26	1.501	70.00	0.186
190.157	0.05	Adapter 1501Hz Probe 3839Hz	26	1.501	70.00	0.186
190.237	0.05	Adapter 1501Hz Probe 3839Hz	26	1.501	70.00	0.186
190.317	0.05	Adapter 1501Hz Probe 3839Hz	26	3.839	70.00	0.437
190.497	0.05	Adapter 1501Hz Probe 3839Hz	26	1.501	70.00	0.186
190.577	0.05	Adapter 1501Hz Probe 3839Hz	26	1.501	70.00	0.186
190.657	0.05	Adapter 1501Hz Probe 3839Hz	26	1.501	70.00	0.186
190.737	0.05	Adapter 1501Hz Probe 3839Hz	26	1.501	70.00	0.186
190.817	0.05	Adapter 1501Hz Probe 3839Hz	26	3.839	70.00	0.437
190.997	0.05	Adapter 1501Hz Probe 3839Hz	26	1.501	70.00	0.186
191.077	0.05	Adapter 1501Hz Probe 3839Hz	26	1.501	70.00	0.186
191.157	0.05	Adapter 1501Hz Probe 3839Hz	26	1.501	70.00	0.186
191.237	0.05	Adapter 1501Hz Probe 3839Hz	26	1.501	70.00	0.186
191.317	0.05	Adapter 1501Hz Probe 3839Hz	26	3.839	70.00	0.437
191.497	0.05	Adapter 1501Hz Probe 3839Hz	26	1.501	70.00	0.186
191.577	0.05	Adapter 1501Hz Probe 3839Hz	26	1.501	70.00	0.186
191.657	0.05	Adapter 1501Hz Probe 3839Hz	26	1.501	70.00	0.186
191.737	0.05	Adapter 1501Hz Probe 3839Hz	26	1.501	70.00	0.186
191.817	0.05	Adapter 1501Hz Probe 3839Hz	26	3.839	70.00	0.437
191.997	0.05	Adapter 1501Hz Probe 3839Hz	26	1.501	70.00	0.186
192.077	0.05	Adapter 1501Hz Probe 3839Hz	26	1.501	70.00	0.186
192.157	0.05	Adapter 1501Hz Probe 3839Hz	26	1.501	70.00	0.186
192.237	0.05	Adapter 1501Hz Probe 3839Hz	26	1.501	70.00	0.186
192.317	0.05	Adapter 1501Hz Probe 3839Hz	26	3.839	70.00	0.437
192.497	0.05	Adapter 1501Hz Probe 3839Hz	26	1.501	70.00	0.186
192.577	0.05	Adapter 1501Hz Probe 3839Hz	26	1.501	70.00	0.186
192.657	0.05	Adapter 1501Hz Probe 3839Hz	26	1.501	70.00	0.186
192.737	0.05	Adapter 1501Hz Probe 3839Hz	26	1.501	70.00	0.186
192.817	0.05	Adapter 1501Hz Probe 3839Hz	26	3.839	70.00	0.437
192.997	0.05	Adapter 1501Hz Probe 3839Hz	26	1.501	70.00	0.186
193.077	0.05	Adapter 1501Hz Probe 3839Hz	26	1.501	70.00	0.186
193.157	0.05	Adapter 1501Hz Probe 3839Hz	26	1.501	70.00	0.186
193.237	0.05	Adapter 1501Hz Probe 3839Hz	26	1.501	70.00	0.186
193.317	0.05	Adapter 1501Hz Probe 3839Hz	26	3.839	70.00	0.437
193.497	0.05	Adapter 1501Hz Probe 3839Hz	26	1.501	70.00	0.186
193.577	0.05	Adapter 1501Hz Probe 3839Hz	26	1.501	70.00	0.186
193.657	0.05	Adapter 1501Hz Probe 3839Hz	26	1.501	70.00	0.186
193.737	0.05	Adapter 1501Hz Probe 3839Hz	26	1.501	70.00	0.186
193.817	0.05	Adapter 1501Hz Probe 3839Hz	26	3.839	70.00	0.437
193.997	0.05	Adapter 1501Hz Probe 3839Hz	26	1.501	70.00	0.186
194.077	0.05	Adapter 1501Hz Probe 3839Hz	26	1.501	70.00	0.186
194.157	0.05	Adapter 1501Hz Probe 3839Hz	26	1.501	70.00	0.186
194.237	0.05	Adapter 1501Hz Probe 3839Hz	26	1.501	70.00	0.186
194.317	0.05	Adapter 1501Hz Probe 3839Hz	26	3.839	70.00	0.437
194.497	0.05	Adapter 1501Hz Probe 3839Hz	26	1.501	70.00	0.186
194.577	0.05	Adapter 1501Hz Probe 3839Hz	26	1.501	70.00	0.186
194.657	0.05	Adapter 1501Hz Probe 3839Hz	26	1.501	70.00	0.186
194.737	0.05	Adapter 1501Hz Probe 3839Hz	26	1.501	70.00	0.186
194.817	0.05	Adapter 1501Hz Probe 3839Hz	26	3.839	70.00	0.437
197.485	0.05	Adapter 899Hz Probe 3839Hz	27	0.899	70.00	0.121
197.565	0.05	Adapter 899Hz Probe 3839Hz	27	0.899	70.00	0.121
197.645	0.05	Adapter 899Hz Probe 3839Hz	27	0.899	70.00	0.121
197.725	0.05	Adapter 899Hz Probe 3839Hz	27	0.899	70.00	0.121
197.805	0.05	Adapter 899Hz Probe 3839Hz	27	3.839	70.00	0.437
197.985	0.05	Adapter 899Hz Probe 3839Hz	27	0.899	70.00	0.121
198.065	0.05	Adapter 899Hz Probe 3839Hz	27	0.899	70.00	0.121
198.145	0.05	Adapter 899Hz Probe 3839Hz	27	0.899	70.00	0.121
198.225	0.05	Adapter 899Hz Probe 3839Hz	27	0.899	70.00	0.121
198.305	0.05	Adapter 899Hz Probe 3839Hz	27	3.839	70.00	0.437
198.485	0.05	Adapter 899Hz Probe 3839Hz	27	0.899	70.00	0.121
198.565	0.05	Adapter 899Hz Probe 3839Hz	27	0.899	70.00	0.121
198.645	0.05	Adapter 899Hz Probe 3839Hz	27	0.899	70.00	0.121
198.725	0.05	Adapter 899Hz Probe 3839Hz	27	0.899	70.00	0.121
198.805	0.05	Adapter 899Hz Probe 3839Hz	27	3.839	70.00	0.437
198.985	0.05	Adapter 899Hz Probe 3839Hz	27	0.899	70.00	0.121
199.065	0.05	Adapter 899Hz Probe 3839Hz	27	0.899	70.00	0.121
199.145	0.05	Adapter 899Hz Probe 3839Hz	27	0.899	70.00	0.121
199.225	0.05	Adapter 899Hz Probe 3839Hz	27	0.899	70.00	0.121
199.305	0.05	Adapter 899Hz Probe 3839Hz	27	3.839	70.00	0.437
199.485	0.05	Adapter 899Hz Probe 3839Hz	27	0.899	70.00	0.121
199.565	0.05	Adapter 899Hz Probe 3839Hz	27	0.899	70.00	0.121
199.645	0.05	Adapter 899Hz Probe 3839Hz	27	0.899	70.00	0.121
199.725	0.05	Adapter 899Hz Probe 3839Hz	27	0.899	70.00	0.121
199.805	0.05	Adapter 899Hz Probe 3839Hz	27	3.839	70.00	0.437
199.985	0.05	Adapter 899Hz Probe 3839Hz	27	0.899	70.00	0.121
200.065	0.05	Adapter 899Hz Probe 3839Hz	27	0.899	70.00	0.121
200.145	0.05	Adapter 899Hz Probe 3839Hz	27	0.899	70.00	0.121
200.225	0.05	Adapter 899Hz Probe 3839Hz	27	0.899	70.00	0.121
200.305	0.05	Adapter 899Hz Probe 3839Hz	27	3.839	70.00	0.437
200.485	0.05	Adapter 899Hz Probe 3839Hz	27	0.899	70.00	0.121
200.565	0.05	Adapter 899Hz Probe 3839Hz	27	0.899	70.00	0.121
200.645	0.05	Adapter 899Hz Probe 3839Hz	27	0.899	70.00	0.121
200.725	0.05	Adapter 899Hz Probe 3839Hz	27	0.899	70.00	0.121
200.805	0.05	Adapter 899Hz Probe 3839Hz	27	3.839	70.00	0.437
200.985	0.05	Adapter 899Hz Probe 3839Hz	27	0.899	70.00	0.121
201.065	0.05	Adapter 899Hz Probe 3839Hz	27	0.899	70.00	0.121
201.145	0.05	Adapter 899Hz Probe 3839Hz	27	0.899	70.00	0.121
201.225	0.05	Adapter 899Hz Probe 3839Hz	27	0.899	70.00	0.121
201.305	0.05	Adapter 899Hz Probe 3839Hz	27	3.839	70.00	0.437
201.485	0.05	Adapter 899Hz Probe 3839Hz	27	0.899	70.00	0.121
201.565	0.05	Adapter 899Hz Probe 3839Hz	27	0.899	70.00	0.121
201.645	0.05	Adapter 899Hz Probe 3839Hz	27	0.899	70.00	0.121
201.725	0.05	Adapter 899Hz Probe 3839Hz	27	0.899	70.00	0.121
201.805	0.05	Adapter 899Hz Probe 3839Hz	27	3.839	70.00	0.437
201.985	0.05	Adapter 899Hz Probe 3839Hz	27	0.899	70.00	0.121
202.065	0.05	Adapter 899Hz Probe 3839Hz	27	0.899	70.00	0.121
202.145	0.05	Adapter 899Hz Probe 3839Hz	27	0.899	70.00	0.121
202.225	0.05	Adapter 899Hz Probe 3839Hz	27	0.899	70.00	0.121
202.305	0.05	Adapter 899Hz Probe 3839Hz	27	3.839	70.00	0.437
204.973	0.05	Adapter 1501Hz	28	1.501	70.00	0.186
205.053	0.05	Adapter 1501Hz	28	1.501	70.00	0.186
205.133	0.05	Adapter 1501Hz	28	1.501	70.00	0.186
205.213	0.05	Adapter 1501Hz	28	1.501	70.00	0.186
205.473	0.05	Adapter 1501Hz	28	1.501	70.00	0.186
205.553	0.05	Adapter 1501Hz	28	1.501	70.00	0.186
205.633	0.05	Adapter 1501Hz	28	1.501	70.00	0.186
205.713	0.05	Adapter 1501Hz	28	1.501	70.00	0.186
205.973	0.05	Adapter 1501Hz	28	1.501	70.00	0.186
206.053	0.05	Adapter 1501Hz	28	1.501	70.00	0.186
206.133	0.05	Adapter 1501Hz	28	1.501	70.00	0.186
206.213	0.05	Adapter 1501Hz	28	1.501	70.00	0.186
206.473	0.05	Adapter 1501Hz	28	1.501	70.00	0.186
206.553	0.05	Adapter 1501Hz	28	1.501	70.00	0.186
206.633	0.05	Adapter 1501Hz	28	1.501	70.00	0.186
206.713	0.05	Adapter 1501Hz	28	1.501	70.00	0.186
206.973	0.05	Adapter 1501Hz	28	1.501	70.00	0.186
207.053	0.05	Adapter 1501Hz	28	1.501	70.00	0.186
207.133	0.05	Adapter 1501Hz	28	1.501	70.00	0.186
207.213	0.05	Adapter 1501Hz	28	1.501	70.00	0.186
207.473	0.05	Adapter 1501Hz	28	1.501	70.00	0.186
207.553	0.05	Adapter 1501Hz	28	1.501	70.00	0.186
207.633	0.05	Adapter 1501Hz	28	1.501	70.00	0.186
207.713	0.05	Adapter 1501Hz	28	1.501	70.00	0.186
207.973	0.05	Adapter 1501Hz	28	1.501	70.00	0.186
208.053	0.05	Adapter 1501Hz	28	1.501	70.00	0.186
208.133	0.05	Adapter 1501Hz	28	1.501	70.00	0.186
208.213	0.05	Adapter 1501Hz	28	1.501	70.00	0.186
208.473	0.05	Adapter 1501Hz	28	1.501	70.00	0.186
208.553	0.05	Adapter 1501Hz	28	1.501	70.00	0.186
208.633	0.05	Adapter 1501Hz	28	1.501	70.00	0.186
208.713	0.05	Adapter 1501Hz	28	1.501	70.00	0.186
208.973	0.05	Adapter 1501Hz	28	1.501	70.00	0.186
209.053	0.05	Adapter 1501Hz	28	1.501	70.00	0.186
209.133	0.05	Adapter 1501Hz	28	1.501	70.00	0.186
209.213	0.05	Adapter 1501Hz	28	1.501	70.00	0.186
209.473	0.05	Adapter 1501Hz	28	1.501	70.00	0.186
209.553	0.05	Adapter 1501Hz	28	1.501	70.00	0.186
209.633	0.05	Adapter 1501Hz	28	1.501	70.00	0.186
209.713	0.05	Adapter 1501Hz	28	1.501	70.00	0.186
220.012	0.05	Adapter 507Hz Probe 3839Hz	30	0.507	70.00	0.079
220.092	0.05	Adapter 507Hz Probe 3839Hz	30	0.507	70.00	0.079
220.172	0.05	Adapter 507Hz Probe 3839Hz	30	0.507	70.00	0.079
220.252	0.05	Adapter 507Hz Probe 3839Hz	30	0.507	70.00	0.079
220.332	0.05	Adapter 507Hz Probe 3839Hz	30	3.839	70.00	0.437
220.512	0.05	Adapter 507Hz Probe 3839Hz	30	0.507	70.00	0.079
220.592	0.05	Adapter 507Hz Probe 3839Hz	30	0.507	70.00	0.079
220.672	0.05	Adapter 507Hz Probe 3839Hz	30	0.507	70.00	0.079
220.752	0.05	Adapter 507Hz Probe 3839Hz	30	0.507	70.00	0.079
220.832	0.05	Adapter 507Hz Probe 3839Hz	30	3.839	70.00	0.437
221.012	0.05	Adapter 507Hz Probe 3839Hz	30	0.507	70.00	0.079
221.092	0.05	Adapter 507Hz Probe 3839Hz	30	0.507	70.00	0.079
221.172	0.05	Adapter 507Hz Probe 3839Hz	30	0.507	70.00	0.079
221.252	0.05	Adapter 507Hz Probe 3839Hz	30	0.507	70.00	0.079
221.332	0.05	Adapter 507Hz Probe 3839Hz	30	3.839	70.00	0.437
221.512	0.05	Adapter 507Hz Probe 3839Hz	30	0.507	70.00	0.079
221.592	0.05	Adapter 507Hz Probe 3839Hz	30	0.507	70.00	0.079
221.672	0.05	Adapter 507Hz Probe 3839Hz	30	0.507	70.00	0.079
221.752	0.05	Adapter 507Hz Probe 3839Hz	30	0.507	70.00	0.079
221.832	0.05	Adapter 507Hz Probe 3839Hz	30	3.839	70.00	0.437
222.012	0.05	Adapter 507Hz Probe 3839Hz	30	0.507	70.00	0.079
222.092	0.05	Adapter 507Hz Probe 3839Hz	30	0.507	70.00	0.079
222.172	0.05	Adapter 507Hz Probe 3839Hz	30	0.507	70.00	0.079
222.252	0.05	Adapter 507Hz Probe 3839Hz	30	0.507	70.00	0.079
222.332	0.05	Adapter 507Hz Probe 3839Hz	30	3.839	70.00	0.437
222.512	0.05	Adapter 507Hz Probe 3839Hz	30	0.507	70.00	0.079
222.592	0.05	Adapter 507Hz Probe 3839Hz	30	0.507	70.00	0.079
222.672	0.05	Adapter 507Hz Probe 3839Hz	30	0.507	70.00	0.079
222.752	0.05	Adapter 507Hz Probe 3839Hz	30	0.507	70.00	0.079
222.832	0.05	Adapter 507Hz Probe 3839Hz	30	3.839	70.00	0.437
223.012	0.05	Adapter 507Hz Probe 3839Hz	30	0.507	70.00	0.079
223.092	0.05	Adapter 507Hz Probe 3839Hz	30	0.507	70.00	0.079
223.172	0.05	Adapter 507Hz Probe 3839Hz	30	0.507	70.00	0.079
223.252	0.05	Adapter 507Hz Probe 3839Hz	30	0.507	70.00	0.079
223.332	0.05	Adapter 507Hz Probe 3839Hz	30	3.839	70.00	0.437
223.512	0.05	Adapter 507Hz Probe 3839Hz	30	0.507	70.00	0.079
223.592	0.05	Adapter 507Hz Probe 3839Hz	30	0.507	70.00	0.079
223.672	0.05	Adapter 507Hz Probe 3839Hz	30	0.507	70.00	0.079
223.752	0.05	Adapter 507Hz Probe 3839Hz	30	0.507	70.00	0.079
223.832	0.05	Adapter 507Hz Probe 3839Hz	30	3.839	70.00	0.437
224.012	0.05	Adapter 507Hz Probe 3839Hz	30	0.507	70.00	0.079
224.092	0.05	Adapter 507Hz Probe 3839Hz	30	0.507	70.00	0.079
224.172	0.05	Adapter 507Hz Probe 3839Hz	30	0.507	70.00	0.079
224.252	0.05	Adapter 507Hz Probe 3839Hz	30	0.507	70.00	0.079
224.332	0.05	Adapter 507Hz Probe 3839Hz	30	3.839	70.00	0.437
224.512	0.05	Adapter 507Hz Probe 3839Hz	30	0.507	70.00	0.079
224.592	0.05	Adapter 507Hz Probe 3839Hz	30	0.507	70.00	0.079
224.672	0.05	Adapter 507Hz Probe 3839Hz	30	0.507	70.00	0.079
224.752	0.05	Adapter 507Hz Probe 3839Hz	30	0.507	70.00	0.079
224.832	0.05	Adapter 507Hz Probe 3839Hz	30	3.839	70.00	0.437
227.5	0.05	Adapter 507Hz	31	0.507	70.00	0.079
227.58	0.05	Adapter 507Hz	31	0.507	70.00	0.079
227.66	0.05	Adapter 507Hz	31	0.507	70.00	0.079
227.74	0.05	Adapter 507Hz	31	0.507	70.00	0.079
228.0	0.05	Adapter 507Hz	31	0.507	70.00	0.079
228.08	0.05	Adapter 507Hz	31	0.507	70.00	0.079
228.16	0.05	Adapter 507Hz	31	0.507	70.00	0.079
228.24	0.05	Adapter 507Hz	31	0.507	70.00	0.079
228.5	0.05	Adapter 507Hz	31	0.507	70.00	0.079
228.58	0.05	Adapter 507Hz	31	0.507	70.00	0.079
228.66	0.05	Adapter 507Hz	31	0.507	70.00	0.079
228.74	0.05	Adapter 507Hz	31	0.507	70.00	0.079
229.0	0.05	Adapter 507Hz	31	0.507	70.00	0.079
229.08	0.05	Adapter 507Hz	31	0.507	70.00	0.079
229.16	0.05	Adapter 507Hz	31	0.507	70.00	0.079
229.24	0.05	Adapter 507Hz	31	0.507	70.00	0.079
229.5	0.05	Adapter 507Hz	31	0.507	70.00	0.079
229.58	0.05	Adapter 507Hz	31	0.507	70.00	0.079
229.66	0.05	Adapter 507Hz	31	0.507	70.00	0.079
229.74	0.05	Adapter 507Hz	31	0.507	70.00	0.079
230.0	0.05	Adapter 507Hz	31	0.507	70.00	0.079
230.08	0.05	Adapter 507Hz	31	0.507	70.00	0.079
230.16	0.05	Adapter 507Hz	31	0.507	70.00	0.079
230.24	0.05	Adapter 507Hz	31	0.507	70.00	0.079
230.5	0.05	Adapter 507Hz	31	0.507	70.00	0.079
230.58	0.05	Adapter 507Hz	31	0.507	70.00	0.079
230.66	0.05	Adapter 507Hz	31	0.507	70.00	0.079
230.74	0.05	Adapter 507Hz	31	0.507	70.00	0.079
231.0	0.05	Adapter 507Hz	31	0.507	70.00	0.079
231.08	0.05	Adapter 507Hz	31	0.507	70.00	0.079
231.16	0.05	Adapter 507Hz	31	0.507	70.00	0.079
231.24	0.05	Adapter 507Hz	31	0.507	70.00	0.079
231.5	0.05	Adapter 507Hz	31	0.507	70.00	0.079
231.58	0.05	Adapter 507Hz	31	0.507	70.00	0.079
231.66	0.05	Adapter 507Hz	31	0.507	70.00	0.079
231.74	0.05	Adapter 507Hz	31	0.507	70.00	0.079
232.0	0.05	Adapter 507Hz	31	0.507	70.00	0.079
232.08	0.05	Adapter 507Hz	31	0.507	70.00	0.079
232.16	0.05	Adapter 507Hz	31	0.507	70.00	0.079
232.24	0.05	Adapter 507Hz	31	0.507	70.00	0.079
242.476	0.05	Adapter 251Hz	33	0.251	70.00	0.052
242.556	0.05	Adapter 251Hz	33	0.251	70.00	0.052
242.636	0.05	Adapter 251Hz	33	0.251	70.00	0.052
242.716	0.05	Adapter 251Hz	33	0.251	70.00	0.052
242.976	0.05	Adapter 251Hz	33	0.251	70.00	0.052
243.056	0.05	Adapter 251Hz	33	0.251	70.00	0.052
243.136	0.05	Adapter 251Hz	33	0.251	70.00	0.052
243.216	0.05	Adapter 251Hz	33	0.251	70.00	0.052
243.476	0.05	Adapter 251Hz	33	0.251	70.00	0.052
243.556	0.05	Adapter 251Hz	33	0.251	70.00	0.052
243.636	0.05	Adapter 251Hz	33	0.251	70.00	0.052
243.716	0.05	Adapter 251Hz	33	0.251	70.00	0.052
243.976	0.05	Adapter 251Hz	33	0.251	70.00	0.052
244.056	0.05	Adapter 251Hz	33	0.251	70.00	0.052
244.136	0.05	Adapter 251Hz	33	0.251	70.00	0.052
244.216	0.05	Adapter 251Hz	33	0.251	70.00	0.052
244.476	0.05	Adapter 251Hz	33	0.251	70.00	0.052
244.556	0.05	Adapter 251Hz	33	0.251	70.00	0.052
244.636	0.05	Adapter 251Hz	33	0.251	70.00	0.052
244.716	0.05	Adapter 251Hz	33	0.251	70.00	0.052
244.976	0.05	Adapter 251Hz	33	0.251	70.00	0.052
245.056	0.05	Adapter 251Hz	33	0.251	70.00	0.052
245.136	0.05	Adapter 251Hz	33	0.251	70.00	0.052
245.216	0.05	Adapter 251Hz	33	0.251	70.00	0.052
245.476	0.05	Adapter 251Hz	33	0.251	70.00	0.052
245.556	0.05	Adapter 251Hz	33	0.251	70.00	0.052
245.636	0.05	Adapter 251Hz	33	0.251	70.00	0.052
245.716	0.05	Adapter 251Hz	33	0.251	70.00	0.052
245.976	0.05	Adapter 251Hz	33	0.251	70.00	0.052
246.056	0.05	Adapter 251Hz	33	0.251	70.00	0.052
246.136	0.05	Adapter 251Hz	33	0.251	70.00	0.052
246.216	0.05	Adapter 251Hz	33	0.251	70.00	0.052
246.476	0.05	Adapter 251Hz	33	0.251	70.00	0.052
246.556	0.05	Adapter 251Hz	33	0.251	70.00	0.052
246.636	0.05	Adapter 251Hz	33	0.251	70.00	0.052
246.716	0.05	Adapter 251Hz	33	0.251	70.00	0.052
246.976	0.05	Adapter 251Hz	33	0.251	70.00	0.052
247.056	0.05	Adapter 251Hz	33	0.251	70.00	0.052
247.136	0.05	Adapter 251Hz	33	0.251	70.00	0.052
247.216	0.05	Adapter 251Hz	33	0.251	70.00	0.052
249.964	0.05	Adapter 3839Hz	34	3.839	70.00	0.437
250.044	0.05	Adapter 3839Hz	34	3.839	70.00	0.437
250.124	0.05	Adapter 3839Hz	34	3.839	70.00	0.437
250.204	0.05	Adapter 3839Hz	34	3.839	70.00	0.437
250.464	0.05	Adapter 3839Hz	34	3.839	70.00	0.437
250.544	0.05	Adapter 3839Hz	34	3.839	70.00	0.437
250.624	0.05	Adapter 3839Hz	34	3.839	70.00	0.437
250.704	0.05	Adapter 3839Hz	34	3.839	70.00	0.437
250.964	0.05	Adapter 3839Hz	34	3.839	70.00	0.437
251.044	0.05	Adapter 3839Hz	34	3.839	70.00	0.437
251.124	0.05	Adapter 3839Hz	34	3.839	70.00	0.437
251.204	0.05	Adapter 3839Hz	34	3.839	70.00	0.437
251.464	0.05	Adapter 3839Hz	34	3.839	70.00	0.437
251.544	0.05	Adapter 3839Hz	34	3.839	70.00	0.437
251.624	0.05	Adapter 3839Hz	34	3.839	70.00	0.437
251.704	0.05	Adapter 3839Hz	34	3.839	70.00	0.437
251.964	0.05	Adapter 3839Hz	34	3.839	70.00	0.437
252.044	0.05	Adapter 3839Hz	34	3.839	70.00	0.437
252.124	0.05	Adapter 3839Hz	34	3.839	70.00	0.437
252.204	0.05	Adapter 3839Hz	34	3.839	70.00	0.437
252.464	0.05	Adapter 3839Hz	34	3.839	70.00	0.437
252.544	0.05	Adapter 3839Hz	34	3.839	70.00	0.437
252.624	0.05	Adapter 3839Hz	34	3.839	70.00	0.437
252.704	0.05	Adapter 3839Hz	34	3.839	70.00	0.437
252.964	0.05	Adapter 3839Hz	34	3.839	70.00	0.437
253.044	0.05	Adapter 3839Hz	34	3.839	70.00	0.437
253.124	0.05	Adapter 3839Hz	34	3.839	70.00	0.437
253.204	0.05	Adapter 3839Hz	34	3.839	70.00	0.437
253.464	0.05	Adapter 3839Hz	34	3.839	70.00	0.437
253.544	0.05	Adapter 3839Hz	34	3.839	70.00	0.437
253.624	0.05	Adapter 3839Hz	34	3.839	70.00	0.437
253.704	0.05	Adapter 3839Hz	34	3.839	70.00	0.437
253.964	0.05	Adapter 3839Hz	34	3.839	70.00	0.437
254.044	0.05	Adapter 3839Hz	34	3.839	70.00	0.437
254.124	0.05	Adapter 3839Hz	34	3.839	70.00	0.437
254.204	0.05	Adapter 3839Hz	34	3.839	70.00	0.437
254.464	0.05	Adapter 3839Hz	34	3.839	70.00	0.437
254.544	0.05	Adapter 3839Hz	34	3.839	70.00	0.437
254.624	0.05	Adapter 3839Hz	34	3.839	70.00	0.437
254.704	0.05	Adapter 3839Hz	34	3.839	70.00	0.437
257.514	0.05	Adapter 3839Hz Probe 3839Hz	35	3.839	70.00	0.437
257.594	0.05	Adapter 3839Hz Probe 3839Hz	35	3.839	70.00	0.437
257.674	0.05	Adapter 3839Hz Probe 3839Hz	35	3.839	70.00	0.437
257.754	0.05	Adapter 3839Hz Probe 3839Hz	35	3.839	70.00	0.437
257.834	0.05	Adapter 3839Hz Probe 3839Hz	35	3.839	70.00	0.437
258.014	0.05	Adapter 3839Hz Probe 3839Hz	35	3.839	70.00	0.437
258.094	0.05	Adapter 3839Hz Probe 3839Hz	35	3.839	70.00	0.437
258.174	0.05	Adapter 3839Hz Probe 3839Hz	35	3.839	70.00	0.437
258.254	0.05	Adapter 3839Hz Probe 3839Hz	35	3.839	70.00	0.437
258.334	0.05	Adapter 3839Hz Probe 3839Hz	35	3.839	70.00	0.437
258.514	0.05	Adapter 3839Hz Probe 3839Hz	35	3.839	70.00	0.437
258.594	0.05	Adapter 3839Hz Probe 3839Hz	35	3.839	70.00	0.437
258.674	0.05	Adapter 3839Hz Probe 3839Hz	35	3.839	70.00	0.437
258.754	0.05	Adapter 3839Hz Probe 3839Hz	35	3.839	70.00	0.437
258.834	0.05	Adapter 3839Hz Probe 3839Hz	35	3.839	70.00	0.437
259.014	0.05	Adapter 3839Hz Probe 3839Hz	35	3.839	70.00	0.437
259.094	0.05	Adapter 3839Hz Probe 3839Hz	35	3.839	70.00	0.437
259.174	0.05	Adapter 3839Hz Probe 3839Hz	35	3.839	70.00	0.437
259.254	0.05	Adapter 3839Hz Probe 3839Hz	35	3.839	70.00	0.437
259.334	0.05	Adapter 3839Hz Probe 3839Hz	35	3.839	70.00	0.437
259.514	0.05	Adapter 3839Hz Probe 3839Hz	35	3.839	70.00	0.437
259.594	0.05	Adapter 3839Hz Probe 3839Hz	35	3.839	70.00	0.437
259.674	0.05	Adapter 3839Hz Probe 3839Hz	35	3.839	70.00	0.437
259.754	0.05	Adapter 3839Hz Probe 3839Hz	35	3.839	70.00	0.437
259.834	0.05	Adapter 3839Hz Probe 3839Hz	35	3.839	70.00	0.437
260.014	0.05	Adapter 3839Hz Probe 3839Hz	35	3.839	70.00	0.437
260.094	0.05	Adapter 3839Hz Probe 3839Hz	35	3.839	70.00	0.437
260.174	0.05	Adapter 3839Hz Probe 3839Hz	35	3.839	70.00	0.437
260.254	0.05	Adapter 3839Hz Probe 3839Hz	35	3.839	70.00	0.437
260.334	0.05	Adapter 3839Hz Probe 3839Hz	35	3.839	70.00	0.437
260.514	0.05	Adapter 3839Hz Probe 3839Hz	35	3.839	70.00	0.437
260.594	0.05	Adapter 3839Hz Probe 3839Hz	35	3.839	70.00	0.437
260.674	0.05	Adapter 3839Hz Probe 3839Hz	35	3.839	70.00	0.437
260.754	0.05	Adapter 3839Hz Probe 3839Hz	35	3.839	70.00	0.437
260.834	0.05	Adapter 3839Hz Probe 3839Hz	35	3.839	70.00	0.437
261.014	0.05	Adapter 3839Hz Probe 3839Hz	35	3.839	70.00	0.437
261.094	0.05	Adapter 3839Hz Probe 3839Hz	35	3.839	70.00	0.437
261.174	0.05	Adapter 3839Hz Probe 3839Hz	35	3.839	70.00	0.437
261.254	0.05	Adapter 3839Hz Probe 3839Hz	35	3.839	70.00	0.437
261.334	0.05	Adapter 3839Hz Probe 3839Hz	35	3.839	70.00	0.437
261.514	0.05	Adapter 3839Hz Probe 3839Hz	35	3.839	70.00	0.437
261.594	0.05	Adapter 3839Hz Probe 3839Hz	35	3.839	70.00	0.437
261.674	0.05	Adapter 3839Hz Probe 3839Hz	35	3.839	70.00	0.437
261.754	0.05	Adapter 3839Hz Probe 3839Hz	35	3.839	70.00	0.437
261.834	0.05	Adapter 3839Hz Probe 3839Hz	35	3.839	70.00	0.437
262.014	0.05	Adapter 3839Hz Probe 3839Hz	35	3.839	70.00	0.437
262.094	0.05	Adapter 3839Hz Probe 3839Hz	35	3.839	70.00	0.437
262.174	0.05	Adapter 3839Hz Probe 3839Hz	35	3.839	70.00	0.437
262.254	0.05	Adapter 3839Hz Probe 3839Hz	35	3.839	70.00	0.437
262.334	0.05	Adapter 3839Hz Probe 3839Hz	35	3.839	70.00	0.437
272.49	0.05	Adapter 2423Hz Probe 3839Hz	37	2.423	70.00	0.285
272.57	0.05	Adapter 2423Hz Probe 3839Hz	37	2.423	70.00	0.285
272.65	0.05	Adapter 2423Hz Probe 3839Hz	37	2.423	70.00	0.285
272.73	0.05	Adapter 2423Hz Probe 3839Hz	37	2.423	70.00	0.285
272.81	0.05	Adapter 2423Hz Probe 3839Hz	37	3.839	70.00	0.437
272.99	0.05	Adapter 2423Hz Probe 3839Hz	37	2.423	70.00	0.285
273.07	0.05	Adapter 2423Hz Probe 3839Hz	37	2.423	70.00	0.285
273.15	0.05	Adapter 2423Hz Probe 3839Hz	37	2.423	70.00	0.285
273.23	0.05	Adapter 2423Hz Probe 3839Hz	37	2.423	70.00	0.285
273.31	0.05	Adapter 2423Hz Probe 3839Hz	37	3.839	70.00	0.437
273.49	0.05	Adapter 2423Hz Probe 3839Hz	37	2.423	70.00	0.285
273.57	0.05	Adapter 2423Hz Probe 3839Hz	37	2.423	70.00	0.285
273.65	0.05	Adapter 2423Hz Probe 3839Hz	37	2.423	70.00	0.285
273.73	0.05	Adapter 2423Hz Probe 3839Hz	37	2.423	70.00	0.285
273.81	0.05	Adapter 2423Hz Probe 3839Hz	37	3.839	70.00	0.437
273.99	0.05	Adapter 2423Hz Probe 3839Hz	37	2.423	70.00	0.285
274.07	0.05	Adapter 2423Hz Probe 3839Hz	37	2.423	70.00	0.285
274.15	0.05	Adapter 2423Hz Probe 3839Hz	37	2.423	70.00	0.285
274.23	0.05	Adapter 2423Hz Probe 3839Hz	37	2.423	70.00	0.285
274.31	0.05	Adapter 2423Hz Probe 3839Hz	37	3.839	70.00	0.437
274.49	0.05	Adapter 2423Hz Probe 3839Hz	37	2.423	70.00	0.285
274.57	0.05	Adapter 2423Hz Probe 3839Hz	37	2.423	70.00	0.285
274.65	0.05	Adapter 2423Hz Probe 3839Hz	37	2.423	70.00	0.285
274.73	0.05	Adapter 2423Hz Probe 3839Hz	37	2.423	70.00	0.285
274.81	0.05	Adapter 2423Hz Probe 3839Hz	37	3.839	70.00	0.437
274.99	0.05	Adapter 2423Hz Probe 3839Hz	37	2.423	70.00	0.285
275.07	0.05	Adapter 2423Hz Probe 3839Hz	37	2.423	70.00	0.285
275.15	0.05	Adapter 2423Hz Probe 3839Hz	37	2.423	70.00	0.285
275.23	0.05	Adapter 2423Hz Probe 3839Hz	37	2.423	70.00	0.285
275.31	0.05	Adapter 2423Hz Probe 3839Hz	37	3.839	70.00	0.437
275.49	0.05	Adapter 2423Hz Probe 3839Hz	37	2.423	70.00	0.285
275.57	0.05	Adapter 2423Hz Probe 3839Hz	37	2.423	70.00	0.285
275.65	0.05	Adapter 2423Hz Probe 3839Hz	37	2.423	70.00	0.285
275.73	0.05	Adapter 2423Hz Probe 3839Hz	37	2.423	70.00	0.285
275.81	0.05	Adapter 2423Hz Probe 3839Hz	37	3.839	70.00	0.437
275.99	0.05	Adapter 2423Hz Probe 3839Hz	37	2.423	70.00	0.285
276.07	0.05	Adapter 2423Hz Probe 3839Hz	37	2.423	70.00	0.285
276.15	0.05	Adapter 2423Hz Probe 3839Hz	37	2.423	70.00	0.285
276.23	0.05	Adapter 2423Hz Probe 3839Hz	37	2.423	70.00	0.285
276.31	0.05	Adapter 2423Hz Probe 3839Hz	37	3.839	70.00	0.437
276.49	0.05	Adapter 2423Hz Probe 3839Hz	37	2.423	70.00	0.285
276.57	0.05	Adapter 2423Hz Probe 3839Hz	37	2.423	70.00	0.285
276.65	0.05	Adapter 2423Hz Probe 3839Hz	37	2.423	70.00	0.285
276.73	0.05	Adapter 2423Hz Probe 3839Hz	37	2.423	70.00	0.285
276.81	0.05	Adapter 2423Hz Probe 3839Hz	37	3.839	70.00	0.437
276.99	0.05	Adapter 2423Hz Probe 3839Hz	37	2.423	70.00	0.285
277.07	0.05	Adapter 2423Hz Probe 3839Hz	37	2.423	70.00	0.285
277.15	0.05	Adapter 2423Hz Probe 3839Hz	37	2.423	70.00	0.285
277.23	0.05	Adapter 2423Hz Probe 3839Hz	37	2.423	70.00	0.285
277.31	0.05	Adapter 2423Hz Probe 3839Hz	37	3.839	70.00	0.437
279.962	0.05	Adapter 899Hz	38	0.899	70.00	0.121
280.042	0.05	Adapter 899Hz	38	0.899	70.00	0.121
280.122	0.05	Adapter 899Hz	38	0.899	70.00	0.121
280.202	0.05	Adapter 899Hz	38	0.899	70.00	0.121
280.462	0.05	Adapter 899Hz	38	0.899	70.00	0.121
280.542	0.05	Adapter 899Hz	38	0.899	70.00	0.121
280.622	0.05	Adapter 899Hz	38	0.899	70.00	0.121
280.702	0.05	Adapter 899Hz	38	0.899	70.00	0.121
280.962	0.05	Adapter 899Hz	38	0.899	70.00	0.121
281.042	0.05	Adapter 899Hz	38	0.899	70.00	0.121
281.122	0.05	Adapter 899Hz	38	0.899	70.00	0.121
281.202	0.05	Adapter 899Hz	38	0.899	70.00	0.121
281.462	0.05	Adapter 899Hz	38	0.899	70.00	0.121
281.542	0.05	Adapter 899Hz	38	0.899	70.00	0.121
281.622	0.05	Adapter 899Hz	38	0.899	70.00	0.121
281.702	0.05	Adapter 899Hz	38	0.899	70.00	0.121
281.962	0.05	Adapter 899Hz	38	0.899	70.00	0.121
282.042	0.05	Adapter 899Hz	38	0.899	70.00	0.121
282.122	0.05	Adapter 899Hz	38	0.899	70.00	0.121
282.202	0.05	Adapter 899Hz	38	0.899	70.00	0.121
282.462	0.05	Adapter 899Hz	38	0.899	70.00	0.121
282.542	0.05	Adapter 899Hz	38	0.899	70.00	0.121
282.622	0.05	Adapter 899Hz	38	0.899	70.00	0.121
282.702	0.05	Adapter 899Hz	38	0.899	70.00	0.121
282.962	0.05	Adapter 899Hz	38	0.899	70.00	0.121
283.042	0.05	Adapter 899Hz	38	0.899	70.00	0.121
283.122	0.05	Adapter 899Hz	38	0.899	70.00	0.121
283.202	0.05	Adapter 899Hz	38	0.899	70.00	0.121
283.462	0.05	Adapter 899Hz	38	0.899	70.00	0.121
283.542	0.05	Adapter 899Hz	38	0.899	70.00	0.121
283.622	0.05	Adapter 899Hz	38	0.899	70.00	0.121
283.702	0.05	Adapter 899Hz	38	0.899	70.00	0.121
283.962	0.05	Adapter 899Hz	38	0.899	70.00	0.121
284.042	0.05	Adapter 899Hz	38	0.899	70.00	0.121
284.122	0.05	Adapter 899Hz	38	0.899	70.00	0.121
284.202	0.05	Adapter 899Hz	38	0.899	70.00	0.121
284.462	0.05	Adapter 899Hz	38	0.899	70.00	0.121
284.542	0.05	Adapter 899Hz	38	0.899	70.00	0.121
284.622	0.05	Adapter 899Hz	38	0.899	70.00	0.121
284.702	0.05	Adapter 899Hz	38	0.899	70.00	0.121
295.001	0.05	Adapter 6009Hz	40	6.009	70.00	0.671
295.081	0.05	Adapter 6009Hz	40	6.009	70.00	0.671
295.161	0.05	Adapter 6009Hz	40	6.009	70.00	0.671
295.241	0.05	Adapter 6009Hz	40	6.009	70.00	0.671
295.501	0.05	Adapter 6009Hz	40	6.009	70.00	0.671
295.581	0.05	Adapter 6009Hz	40	6.009	70.00	0.671
295.661	0.05	Adapter 6009Hz	40	6.009	70.00	0.671
295.741	0.05	Adapter 6009Hz	40	6.009	70.00	0.671
296.001	0.05	Adapter 6009Hz	40	6.009	70.00	0.671
296.081	0.05	Adapter 6009Hz	40	6.009	70.00	0.671
296.161	0.05	Adapter 6009Hz	40	6.009	70.00	0.671
296.241	0.05	Adapter 6009Hz	40	6.009	70.00	0.671
296.501	0.05	Adapter 6009Hz	40	6.009	70.00	0.671
296.581	0.05	Adapter 6009Hz	40	6.009	70.00	0.671
296.661	0.05	Adapter 6009Hz	40	6.009	70.00	0.671
296.741	0.05	Adapter 6009Hz	40	6.009	70.00	0.671
297.001	0.05	Adapter 6009Hz	40	6.009	70.00	0.671
297.081	0.05	Adapter 6009Hz	40	6.009	70.00	0.671
297.161	0.05	Adapter 6009Hz	40	6.009	70.00	0.671
297.241	0.05	Adapter 6009Hz	40	6.009	70.00	0.671
297.501	0.05	Adapter 6009Hz	40	6.009	70.00	0.671
297.581	0.05	Adapter 6009Hz	40	6.009	70.00	0.671
297.661	0.05	Adapter 6009Hz	40	6.009	70.00	0.671
297.741	0.05	Adapter 6009Hz	40	6.009	70.00	0.671
298.001	0.05	Adapter 6009Hz	40	6.009	70.00	0.671
298.081	0.05	Adapter 6009Hz	40	6.009	70.00	0.671
298.161	0.05	Adapter 6009Hz	40	6.009	70.00	0.671
298.241	0.05	Adapter 6009Hz	40	6.009	70.00	0.671
298.501	0.05	Adapter 6009Hz	40	6.009	70.00	0.671
298.581	0.05	Adapter 6009Hz	40	6.009	70.00	0.671
298.661	0.05	Adapter 6009Hz	40	6.009	70.00	0.671
298.741	0.05	Adapter 6009Hz	40	6.009	70.00	0.671
299.001	0.05	Adapter 6009Hz	40	6.009	70.00	0.671
299.081	0.05	Adapter 6009Hz	40	6.009	70.00	0.671
299.161	0.05	Adapter 6009Hz	40	6.009	70.00	0.671
299.241	0.05	Adapter 6009Hz	40	6.009	70.00	0.671
299.501	0.05	Adapter 6009Hz	40	6.009	70.00	0.671
299.581	0.05	Adapter 6009Hz	40	6.009	70.00	0.671
299.661	0.05	Adapter 6009Hz	40	6.009	70.00	0.671
299.741	0.05	Adapter 6009Hz	40	6.009	70.00	0.671
302.473	0.05	Adapter 507Hz	41	0.507	70.00	0.079
302.553	0.05	Adapter 507Hz	41	0.507	70.00	0.079
302.633	0.05	Adapter 507Hz	41	0.507	70.00	0.079
302.713	0.05	Adapter 507Hz	41	0.507	70.00	0.079
302.973	0.05	Adapter 507Hz	41	0.507	70.00	0.079
303.053	0.05	Adapter 507Hz	41	0.507	70.00	0.079
303.133	0.05	Adapter 507Hz	41	0.507	70.00	0.079
303.213	0.05	Adapter 507Hz	41	0.507	70.00	0.079
303.473	0.05	Adapter 507Hz	41	0.507	70.00	0.079
303.553	0.05	Adapter 507Hz	41	0.507	70.00	0.079
303.633	0.05	Adapter 507Hz	41	0.507	70.00	0.079
303.713	0.05	Adapter 507Hz	41	0.507	70.00	0.079
303.973	0.05	Adapter 507Hz	41	0.507	70.00	0.079
304.053	0.05	Adapter 507Hz	41	0.507	70.00	0.079
304.133	0.05	Adapter 507Hz	41	0.507	70.00	0.079
304.213	0.05	Adapter 507Hz	41	0.507	70.00	0.079
304.473	0.05	Adapter 507Hz	41	0.507	70.00	0.079
304.553	0.05	Adapter 507Hz	41	0.507	70.00	0.079
304.633	0.05	Adapter 507Hz	41	0.507	70.00	0.079
304.713	0.05	Adapter 507Hz	41	0.507	70.00	0.079
304.973	0.05	Adapter 507Hz	41	0.507	70.00	0.079
305.053	0.05	Adapter 507Hz	41	0.507	70.00	0.079
305.133	0.05	Adapter 507Hz	41	0.507	70.00	0.079
305.213	0.05	Adapter 507Hz	41	0.507	70.00	0.079
305.473	0.05	Adapter 507Hz	41	0.507	70.00	0.079
305.553	0.05	Adapter 507Hz	41	0.507	70.00	0.079
305.633	0.05	Adapter 507Hz	41	0.507	70.00	0.079
305.713	0.05	Adapter 507Hz	41	0.507	70.00	0.079
305.973	0.05	Adapter 507Hz	41	0.507	70.00	0.079
306.053	0.05	Adapter 507Hz	41	0.507	70.00	0.079
306.133	0.05	Adapter 507Hz	41	0.507	70.00	0.079
306.213	0.05	Adapter 507Hz	41	0.507	70.00	0.079
306.473	0.05	Adapter 507Hz	41	0.507	70.00	0.079
306.553	0.05	Adapter 507Hz	41	0.507	70.00	0.079
306.633	0.05	Adapter 507Hz	41	0.507	70.00	0.079
306.713	0.05	Adapter 507Hz	41	0.507	70.00	0.079
306.973	0.05	Adapter 507Hz	41	0.507	70.00	0.079
307.053	0.05	Adapter 507Hz	41	0.507	70.00	0.079
307.133	0.05	Adapter 507Hz	41	0.507	70.00	0.079
307.213	0.05	Adapter 507Hz	41	0.507	70.00	0.079
317.512	0.05	Adapter 507Hz Probe 3839Hz	43	0.507	70.00	0.079
317.592	0.05	Adapter 507Hz Probe 3839Hz	43	0.507	70.00	0.079
317.672	0.05	Adapter 507Hz Probe 3839Hz	43	0.507	70.00	0.079
317.752	0.05	Adapter 507Hz Probe 3839Hz	43	0.507	70.00	0.079
317.832	0.05	Adapter 507Hz Probe 3839Hz	43	3.839	70.00	0.437
318.012	0.05	Adapter 507Hz Probe 3839Hz	43	0.507	70.00	0.079
318.092	0.05	Adapter 507Hz Probe 3839Hz	43	0.507	70.00	0.079
318.172	0.05	Adapter 507Hz Probe 3839Hz	43	0.507	70.00	0.079
318.252	0.05	Adapter 507Hz Probe 3839Hz	43	0.507	70.00	0.079
318.332	0.05	Adapter 507Hz Probe 3839Hz	43	3.839	70.00	0.437
318.512	0.05	Adapter 507Hz Probe 3839Hz	43	0.507	70.00	0.079
318.592	0.05	Adapter 507Hz Probe 3839Hz	43	0.507	70.00	0.079
318.672	0.05	Adapter 507Hz Probe 3839Hz	43	0.507	70.00	0.079
318.752	0.05	Adapter 507Hz Probe 3839Hz	43	0.507	70.00	0.079
318.832	0.05	Adapter 507Hz Probe 3839Hz	43	3.839	70.00	0.437
319.012	0.05	Adapter 507Hz Probe 3839Hz	43	0.507	70.00	0.079
319.092	0.05	Adapter 507Hz Probe 3839Hz	43	0.507	70.00	0.079
319.172	0.05	Adapter 507Hz Probe 3839Hz	43	0.507	70.00	0.079
319.252	0.05	Adapter 507Hz Probe 3839Hz	43	0.507	70.00	0.079
319.332	0.05	Adapter 507Hz Probe 3839Hz	43	3.839	70.00	0.437
319.512	0.05	Adapter 507Hz Probe 3839Hz	43	0.507	70.00	0.079
319.592	0.05	Adapter 507Hz Probe 3839Hz	43	0.507	70.00	0.079
319.672	0.05	Adapter 507Hz Probe 3839Hz	43	0.507	70.00	0.079
319.752	0.05	Adapter 507Hz Probe 3839Hz	43	0.507	70.00	0.079
319.832	0.05	Adapter 507Hz Probe 3839Hz	43	3.839	70.00	0.437
320.012	0.05	Adapter 507Hz Probe 3839Hz	43	0.507	70.00	0.079
320.092	0.05	Adapter 507Hz Probe 3839Hz	43	0.507	70.00	0.079
320.172	0.05	Adapter 507Hz Probe 3839Hz	43	0.507	70.00	0.079
320.252	0.05	Adapter 507Hz Probe 3839Hz	43	0.507	70.00	0.079
320.332	0.05	Adapter 507Hz Probe 3839Hz	43	3.839	70.00	0.437
320.512	0.05	Adapter 507Hz Probe 3839Hz	43	0.507	70.00	0.079
320.592	0.05	Adapter 507Hz Probe 3839Hz	43	0.507	70.00	0.079
320.672	0.05	Adapter 507Hz Probe 3839Hz	43	0.507	70.00	0.079
320.752	0.05	Adapter 507Hz Probe 3839Hz	43	0.507	70.00	0.079
320.832	0.05	Adapter 507Hz Probe 3839Hz	43	3.839	70.00	0.437
321.012	0.05	Adapter 507Hz Probe 3839Hz	43	0.507	70.00	0.079
321.092	0.05	Adapter 507Hz Probe 3839Hz	43	0.507	70.00	0.079
321.172	0.05	Adapter 507Hz Probe 3839Hz	43	0.507	70.00	0.079
321.252	0.05	Adapter 507Hz Probe 3839Hz	43	0.507	70.00	0.079
321.332	0.05	Adapter 507Hz Probe 3839Hz	43	3.839	70.00	0.437
321.512	0.05	Adapter 507Hz Probe 3839Hz	43	0.507	70.00	0.079
321.592	0.05	Adapter 507Hz Probe 3839Hz	43	0.507	70.00	0.079
321.672	0.05	Adapter 507Hz Probe 3839Hz	43	0.507	70.00	0.079
321.752	0.05	Adapter 507Hz Probe 3839Hz	43	0.507	70.00	0.079
321.832	0.05	Adapter 507Hz Probe 3839Hz	43	3.839	70.00	0.437
322.012	0.05	Adapter 507Hz Probe 3839Hz	43	0.507	70.00	0.079
322.092	0.05	Adapter 507Hz Probe 3839Hz	43	0.507	70.00	0.079
322.172	0.05	Adapter 507Hz Probe 3839Hz	43	0.507	70.00	0.079
322.252	0.05	Adapter 507Hz Probe 3839Hz	43	0.507	70.00	0.079
322.332	0.05	Adapter 507Hz Probe 3839Hz	43	3.839	70.00	0.437
325.0	0.05	Adapter 1501Hz	44	1.501	70.00	0.186
325.08	0.05	Adapter 1501Hz	44	1.501	70.00	0.186
325.16	0.05	Adapter 1501Hz	44	1.501	70.00	0.186
325.24	0.05	Adapter 1501Hz	44	1.501	70.00	0.186
325.5	0.05	Adapter 1501Hz	44	1.501	70.00	0.186
325.58	0.05	Adapter 1501Hz	44	1.501	70.00	0.186
325.66	0.05	Adapter 1501Hz	44	1.501	70.00	0.186
325.74	0.05	Adapter 1501Hz	44	1.501	70.00	0.186
326.0	0.05	Adapter 1501Hz	44	1.501	70.00	0.186
326.08	0.05	Adapter 1501Hz	44	1.501	70.00	0.186
326.16	0.05	Adapter 1501Hz	44	1.501	70.00	0.186
326.24	0.05	Adapter 1501Hz	44	1.501	70.00	0.186
326.5	0.05	Adapter 1501Hz	44	1.501	70.00	0.186
326.58	0.05	Adapter 1501Hz	44	1.501	70.00	0.186
326.66	0.05	Adapter 1501Hz	44	1.501	70.00	0.186
326.74	0.05	Adapter 1501Hz	44	1.501	70.00	0.186
327.0	0.05	Adapter 1501Hz	44	1.501	70.00	0.186
327.08	0.05	Adapter 1501Hz	44	1.501	70.00	0.186
327.16	0.05	Adapter 1501Hz	44	1.501	70.00	0.186
327.24	0.05	Adapter 1501Hz	44	1.501	70.00	0.186
327.5	0.05	Adapter 1501Hz	44	1.501	70.00	0.186
327.58	0.05	Adapter 1501Hz	44	1.501	70.00	0.186
327.66	0.05	Adapter 1501Hz	44	1.501	70.00	0.186
327.74	0.05	Adapter 1501Hz	44	1.501	70.00	0.186
328.0	0.05	Adapter 1501Hz	44	1.501	70.00	0.186
328.08	0.05	Adapter 1501Hz	44	1.501	70.00	0.186
328.16	0.05	Adapter 1501Hz	44	1.501	70.00	0.186
328.24	0.05	Adapter 1501Hz	44	1.501	70.00	0.186
328.5	0.05	Adapter 1501Hz	44	1.501	70.00	0.186
328.58	0.05	Adapter 1501Hz	44	1.501	70.00	0.186
328.66	0.05	Adapter 1501Hz	44	1.501	70.00	0.186
328.74	0.05	Adapter 1501Hz	44	1.501	70.00	0.186
329.0	0.05	Adapter 1501Hz	44	1.501	70.00	0.186
329.08	0.05	Adapter 1501Hz	44	1.501	70.00	0.186
329.16	0.05	Adapter 1501Hz	44	1.501	70.00	0.186
329.24	0.05	Adapter 1501Hz	44	1.501	70.00	0.186
329.5	0.05	Adapter 1501Hz	44	1.501	70.00	0.186
329.58	0.05	Adapter 1501Hz	44	1.501	70.00	0.186
329.66	0.05	Adapter 1501Hz	44	1.501	70.00	0.186
329.74	0.05	Adapter 1501Hz	44	1.501	70.00	0.186
332.472	0.05	Adapter 2423Hz	45	2.423	70.00	0.285
332.552	0.05	Adapter 2423Hz	45	2.423	70.00	0.285
332.632	0.05	Adapter 2423Hz	45	2.423	70.00	0.285
332.712	0.05	Adapter 2423Hz	45	2.423	70.00	0.285
332.972	0.05	Adapter 2423Hz	45	2.423	70.00	0.285
333.052	0.05	Adapter 2423Hz	45	2.423	70.00	0.285
333.132	0.05	Adapter 2423Hz	45	2.423	70.00	0.285
333.212	0.05	Adapter 2423Hz	45	2.423	70.00	0.285
333.472	0.05	Adapter 2423Hz	45	2.423	70.00	0.285
333.552	0.05	Adapter 2423Hz	45	2.423	70.00	0.285
333.632	0.05	Adapter 2423Hz	45	2.423	70.00	0.285
333.712	0.05	Adapter 2423Hz	45	2.423	70.00	0.285
333.972	0.05	Adapter 2423Hz	45	2.423	70.00	0.285
334.052	0.05	Adapter 2423Hz	45	2.423	70.00	0.285
334.132	0.05	Adapter 2423Hz	45	2.423	70.00	0.285
334.212	0.05	Adapter 2423Hz	45	2.423	70.00	0.285
334.472	0.05	Adapter 2423Hz	45	2.423	70.00	0.285
334.552	0.05	Adapter 2423Hz	45	2.423	70.00	0.285
334.632	0.05	Adapter 2423Hz	45	2.423	70.00	0.285
334.712	0.05	Adapter 2423Hz	45	2.423	70.00	0.285
334.972	0.05	Adapter 2423Hz	45	2.423	70.00	0.285
335.052	0.05	Adapter 2423Hz	45	2.423	70.00	0.285
335.132	0.05	Adapter 2423Hz	45	2.423	70.00	0.285
335.212	0.05	Adapter 2423Hz	45	2.423	70.00	0.285
335.472	0.05	Adapter 2423Hz	45	2.423	70.00	0.285
335.552	0.05	Adapter 2423Hz	45	2.423	70.00	0.285
335.632	0.05	Adapter 2423Hz	45	2.423	70.00	0.285
335.712	0.05	Adapter 2423Hz	45	2.423	70.00	0.285
335.972	0.05	Adapter 2423Hz	45	2.423	70.00	0.285
336.052	0.05	Adapter 2423Hz	45	2.423	70.00	0.285
336.132	0.05	Adapter 2423Hz	45	2.423	70.00	0.285
336.212	0.05	Adapter 2423Hz	45	2.423	70.00	0.285
336.472	0.05	Adapter 2423Hz	45	2.423	70.00	0.285
336.552	0.05	Adapter 2423Hz	45	2.423	70.00	0.285
336.632	0.05	Adapter 2423Hz	45	2.423	70.00	0.285
336.712	0.05	Adapter 2423Hz	45	2.423	70.00	0.285
336.972	0.05	Adapter 2423Hz	45	2.423	70.00	0.285
337.052	0.05	Adapter 2423Hz	45	2.423	70.00	0.285
337.132	0.05	Adapter 2423Hz	45	2.423	70.00	0.285
337.212	0.05	Adapter 2423Hz	45	2.423	70.00	0.285
340.023	0.05	Adapter 1501Hz Probe 3839Hz	46	1.501	70.00	0.186
340.103	0.05	Adapter 1501Hz Probe 3839Hz	46	1.501	70.00	0.186
340.183	0.05	Adapter 1501Hz Probe 3839Hz	46	1.501	70.00	0.186
340.263	0.05	Adapter 1501Hz Probe 3839Hz	46	1.501	70.00	0.186
340.343	0.05	Adapter 1501Hz Probe 3839Hz	46	3.839	70.00	0.437
340.523	0.05	Adapter 1501Hz Probe 3839Hz	46	1.501	70.00	0.186
340.603	0.05	Adapter 1501Hz Probe 3839Hz	46	1.501	70.00	0.186
340.683	0.05	Adapter 1501Hz Probe 3839Hz	46	1.501	70.00	0.186
340.763	0.05	Adapter 1501Hz Probe 3839Hz	46	1.501	70.00	0.186
340.843	0.05	Adapter 1501Hz Probe 3839Hz	46	3.839	70.00	0.437
341.023	0.05	Adapter 1501Hz Probe 3839Hz	46	1.501	70.00	0.186
341.103	0.05	Adapter 1501Hz Probe 3839Hz	46	1.501	70.00	0.186
341.183	0.05	Adapter 1501Hz Probe 3839Hz	46	1.501	70.00	0.186
341.263	0.05	Adapter 1501Hz Probe 3839Hz	46	1.501	70.00	0.186
341.343	0.05	Adapter 1501Hz Probe 3839Hz	46	3.839	70.00	0.437
341.523	0.05	Adapter 1501Hz Probe 3839Hz	46	1.501	70.00	0.186
341.603	0.05	Adapter 1501Hz Probe 3839Hz	46	1.501	70.00	0.186
341.683	0.05	Adapter 1501Hz Probe 3839Hz	46	1.501	70.00	0.186
341.763	0.05	Adapter 1501Hz Probe 3839Hz	46	1.501	70.00	0.186
341.843	0.05	Adapter 1501Hz Probe 3839Hz	46	3.839	70.00	0.437
342.023	0.05	Adapter 1501Hz Probe 3839Hz	46	1.501	70.00	0.186
342.103	0.05	Adapter 1501Hz Probe 3839Hz	46	1.501	70.00	0.186
342.183	0.05	Adapter 1501Hz Probe 3839Hz	46	1.501	70.00	0.186
342.263	0.05	Adapter 1501Hz Probe 3839Hz	46	1.501	70.00	0.186
342.343	0.05	Adapter 1501Hz Probe 3839Hz	46	3.839	70.00	0.437
342.523	0.05	Adapter 1501Hz Probe 3839Hz	46	1.501	70.00	0.186
342.603	0.05	Adapter 1501Hz Probe 3839Hz	46	1.501	70.00	0.186
342.683	0.05	Adapter 1501Hz Probe 3839Hz	46	1.501	70.00	0.186
342.763	0.05	Adapter 1501Hz Probe 3839Hz	46	1.501	70.00	0.186
342.843	0.05	Adapter 1501Hz Probe 3839Hz	46	3.839	70.00	0.437
343.023	0.05	Adapter 1501Hz Probe 3839Hz	46	1.501	70.00	0.186
343.103	0.05	Adapter 1501Hz Probe 3839Hz	46	1.501	70.00	0.186
343.183	0.05	Adapter 1501Hz Probe 3839Hz	46	1.501	70.00	0.186
343.263	0.05	Adapter 1501Hz Probe 3839Hz	46	1.501	70.00	0.186
343.343	0.05	Adapter 1501Hz Probe 3839Hz	46	3.839	70.00	0.437
343.523	0.05	Adapter 1501Hz Probe 3839Hz	46	1.501	70.00	0.186
343.603	0.05	Adapter 1501Hz Probe 3839Hz	46	1.501	70.00	0.186
343.683	0.05	Adapter 1501Hz Probe 3839Hz	46	1.501	70.00	0.186
343.763	0.05	Adapter 1501Hz Probe 3839Hz	46	1.501	70.00	0.186
343.843	0.05	Adapter 1501Hz Probe 3839Hz	46	3.839	70.00	0.437
344.023	0.05	Adapter 1501Hz Probe 3839Hz	46	1.501	70.00	0.186
344.103	0.05	Adapter 1501Hz Probe 3839Hz	46	1.501	70.00	0.186
344.183	0.05	Adapter 1501Hz Probe 3839Hz	46	1.501	70.00	0.186
344.263	0.05	Adapter 1501Hz Probe 3839Hz	46	1.501	70.00	0.186
344.343	0.05	Adapter 1501Hz Probe 3839Hz	46	3.839	70.00	0.437
344.523	0.05	Adapter 1501Hz Probe 3839Hz	46	1.501	70.00	0.186
344.603	0.05	Adapter 1501Hz Probe 3839Hz	46	1.501	70.00	0.186
344.683	0.05	Adapter 1501Hz Probe 3839Hz	46	1.501	70.00	0.186
344.763	0.05	Adapter 1501Hz Probe 3839Hz	46	1.501	70.00	0.186
344.843	0.05	Adapter 1501Hz Probe 3839Hz	46	3.839	70.00	0.437
347.799	0.05	Probe 3839Hz	47	3.839	70.00	0.437
348.299	0.05	Probe 3839Hz	47	3.839	70.00	0.437
348.799	0.05	Probe 3839Hz	47	3.839	70.00	0.437
349.299	0.05	Probe 3839Hz	47	3.839	70.00	0.437
349.799	0.05	Probe 3839Hz	47	3.839	70.00	0.437
350.299	0.05	Probe 3839Hz	47	3.839	70.00	0.437
350.799	0.05	Probe 3839Hz	47	3.839	70.00	0.437
351.299	0.05	Probe 3839Hz	47	3.839	70.00	0.437
351.799	0.05	Probe 3839Hz	47	3.839	70.00	0.437
352.299	0.05	Probe 3839Hz	47	3.839	70.00	0.437
354.967	0.05	Adapter 899Hz Probe 3839Hz	48	0.899	70.00	0.121
355.047	0.05	Adapter 899Hz Probe 3839Hz	48	0.899	70.00	0.121
355.127	0.05	Adapter 899Hz Probe 3839Hz	48	0.899	70.00	0.121
355.207	0.05	Adapter 899Hz Probe 3839Hz	48	0.899	70.00	0.121
355.287	0.05	Adapter 899Hz Probe 3839Hz	48	3.839	70.00	0.437
355.467	0.05	Adapter 899Hz Probe 3839Hz	48	0.899	70.00	0.121
355.547	0.05	Adapter 899Hz Probe 3839Hz	48	0.899	70.00	0.121
355.627	0.05	Adapter 899Hz Probe 3839Hz	48	0.899	70.00	0.121
355.707	0.05	Adapter 899Hz Probe 3839Hz	48	0.899	70.00	0.121
355.787	0.05	Adapter 899Hz Probe 3839Hz	48	3.839	70.00	0.437
355.967	0.05	Adapter 899Hz Probe 3839Hz	48	0.899	70.00	0.121
356.047	0.05	Adapter 899Hz Probe 3839Hz	48	0.899	70.00	0.121
356.127	0.05	Adapter 899Hz Probe 3839Hz	48	0.899	70.00	0.121
356.207	0.05	Adapter 899Hz Probe 3839Hz	48	0.899	70.00	0.121
356.287	0.05	Adapter 899Hz Probe 3839Hz	48	3.839	70.00	0.437
356.467	0.05	Adapter 899Hz Probe 3839Hz	48	0.899	70.00	0.121
356.547	0.05	Adapter 899Hz Probe 3839Hz	48	0.899	70.00	0.121
356.627	0.05	Adapter 899Hz Probe 3839Hz	48	0.899	70.00	0.121
356.707	0.05	Adapter 899Hz Probe 3839Hz	48	0.899	70.00	0.121
356.787	0.05	Adapter 899Hz Probe 3839Hz	48	3.839	70.00	0.437
356.967	0.05	Adapter 899Hz Probe 3839Hz	48	0.899	70.00	0.121
357.047	0.05	Adapter 899Hz Probe 3839Hz	48	0.899	70.00	0.121
357.127	0.05	Adapter 899Hz Probe 3839Hz	48	0.899	70.00	0.121
357.207	0.05	Adapter 899Hz Probe 3839Hz	48	0.899	70.00	0.121
357.287	0.05	Adapter 899Hz Probe 3839Hz	48	3.839	70.00	0.437
357.467	0.05	Adapter 899Hz Probe 3839Hz	48	0.899	70.00	0.121
357.547	0.05	Adapter 899Hz Probe 3839Hz	48	0.899	70.00	0.121
357.627	0.05	Adapter 899Hz Probe 3839Hz	48	0.899	70.00	0.121
357.707	0.05	Adapter 899Hz Probe 3839Hz	48	0.899	70.00	0.121
357.787	0.05	Adapter 899Hz Probe 3839Hz	48	3.839	70.00	0.437
357.967	0.05	Adapter 899Hz Probe 3839Hz	48	0.899	70.00	0.121
358.047	0.05	Adapter 899Hz Probe 3839Hz	48	0.899	70.00	0.121
358.127	0.05	Adapter 899Hz Probe 3839Hz	48	0.899	70.00	0.121
358.207	0.05	Adapter 899Hz Probe 3839Hz	48	0.899	70.00	0.121
358.287	0.05	Adapter 899Hz Probe 3839Hz	48	3.839	70.00	0.437
358.467	0.05	Adapter 899Hz Probe 3839Hz	48	0.899	70.00	0.121
358.547	0.05	Adapter 899Hz Probe 3839Hz	48	0.899	70.00	0.121
358.627	0.05	Adapter 899Hz Probe 3839Hz	48	0.899	70.00	0.121
358.707	0.05	Adapter 899Hz Probe 3839Hz	48	0.899	70.00	0.121
358.787	0.05	Adapter 899Hz Probe 3839Hz	48	3.839	70.00	0.437
358.967	0.05	Adapter 899Hz Probe 3839Hz	48	0.899	70.00	0.121
359.047	0.05	Adapter 899Hz Probe 3839Hz	48	0.899	70.00	0.121
359.127	0.05	Adapter 899Hz Probe 3839Hz	48	0.899	70.00	0.121
359.207	0.05	Adapter 899Hz Probe 3839Hz	48	0.899	70.00	0.121
359.287	0.05	Adapter 899Hz Probe 3839Hz	48	3.839	70.00	0.437
359.467	0.05	Adapter 899Hz Probe 3839Hz	48	0.899	70.00	0.121
359.547	0.05	Adapter 899Hz Probe 3839Hz	48	0.899	70.00	0.121
359.627	0.05	Adapter 899Hz Probe 3839Hz	48	0.899	70.00	0.121
359.707	0.05	Adapter 899Hz Probe 3839Hz	48	0.899	70.00	0.121
359.787	0.05	Adapter 899Hz Probe 3839Hz	48	3.839	70.00	0.437
362.502	0.05	Adapter 6009Hz	49	6.009	70.00	0.671
362.582	0.05	Adapter 6009Hz	49	6.009	70.00	0.671
362.662	0.05	Adapter 6009Hz	49	6.009	70.00	0.671
362.742	0.05	Adapter 6009Hz	49	6.009	70.00	0.671
363.002	0.05	Adapter 6009Hz	49	6.009	70.00	0.671
363.082	0.05	Adapter 6009Hz	49	6.009	70.00	0.671
363.162	0.05	Adapter 6009Hz	49	6.009	70.00	0.671
363.242	0.05	Adapter 6009Hz	49	6.009	70.00	0.671
363.502	0.05	Adapter 6009Hz	49	6.009	70.00	0.671
363.582	0.05	Adapter 6009Hz	49	6.009	70.00	0.671
363.662	0.05	Adapter 6009Hz	49	6.009	70.00	0.671
363.742	0.05	Adapter 6009Hz	49	6.009	70.00	0.671
364.002	0.05	Adapter 6009Hz	49	6.009	70.00	0.671
364.082	0.05	Adapter 6009Hz	49	6.009	70.00	0.671
364.162	0.05	Adapter 6009Hz	49	6.009	70.00	0.671
364.242	0.05	Adapter 6009Hz	49	6.009	70.00	0.671
364.502	0.05	Adapter 6009Hz	49	6.009	70.00	0.671
364.582	0.05	Adapter 6009Hz	49	6.009	70.00	0.671
364.662	0.05	Adapter 6009Hz	49	6.009	70.00	0.671
364.742	0.05	Adapter 6009Hz	49	6.009	70.00	0.671
365.002	0.05	Adapter 6009Hz	49	6.009	70.00	0.671
365.082	0.05	Adapter 6009Hz	49	6.009	70.00	0.671
365.162	0.05	Adapter 6009Hz	49	6.009	70.00	0.671
365.242	0.05	Adapter 6009Hz	49	6.009	70.00	0.671
365.502	0.05	Adapter 6009Hz	49	6.009	70.00	0.671
365.582	0.05	Adapter 6009Hz	49	6.009	70.00	0.671
365.662	0.05	Adapter 6009Hz	49	6.009	70.00	0.671
365.742	0.05	Adapter 6009Hz	49	6.009	70.00	0.671
366.002	0.05	Adapter 6009Hz	49	6.009	70.00	0.671
366.082	0.05	Adapter 6009Hz	49	6.009	70.00	0.671
366.162	0.05	Adapter 6009Hz	49	6.009	70.00	0.671
366.242	0.05	Adapter 6009Hz	49	6.009	70.00	0.671
366.502	0.05	Adapter 6009Hz	49	6.009	70.00	0.671
366.582	0.05	Adapter 6009Hz	49	6.009	70.00	0.671
366.662	0.05	Adapter 6009Hz	49	6.009	70.00	0.671
366.742	0.05	Adapter 6009Hz	49	6.009	70.00	0.671
367.002	0.05	Adapter 6009Hz	49	6.009	70.00	0.671
367.082	0.05	Adapter 6009Hz	49	6.009	70.00	0.671
367.162	0.05	Adapter 6009Hz	49	6.009	70.00	0.671
367.242	0.05	Adapter 6009Hz	49	6.009	70.00	0.671
369.99	0.05	Adapter 507Hz	50	0.507	70.00	0.079
370.07	0.05	Adapter 507Hz	50	0.507	70.00	0.079
370.15	0.05	Adapter 507Hz	50	0.507	70.00	0.079
370.23	0.05	Adapter 507Hz	50	0.507	70.00	0.079
370.49	0.05	Adapter 507Hz	50	0.507	70.00	0.079
370.57	0.05	Adapter 507Hz	50	0.507	70.00	0.079
370.65	0.05	Adapter 507Hz	50	0.507	70.00	0.079
370.73	0.05	Adapter 507Hz	50	0.507	70.00	0.079
370.99	0.05	Adapter 507Hz	50	0.507	70.00	0.079
371.07	0.05	Adapter 507Hz	50	0.507	70.00	0.079
371.15	0.05	Adapter 507Hz	50	0.507	70.00	0.079
371.23	0.05	Adapter 507Hz	50	0.507	70.00	0.079
371.49	0.05	Adapter 507Hz	50	0.507	70.00	0.079
371.57	0.05	Adapter 507Hz	50	0.507	70.00	0.079
371.65	0.05	Adapter 507Hz	50	0.507	70.00	0.079
371.73	0.05	Adapter 507Hz	50	0.507	70.00	0.079
371.99	0.05	Adapter 507Hz	50	0.507	70.00	0.079
372.07	0.05	Adapter 507Hz	50	0.507	70.00	0.079
372.15	0.05	Adapter 507Hz	50	0.507	70.00	0.079
372.23	0.05	Adapter 507Hz	50	0.507	70.00	0.079
372.49	0.05	Adapter 507Hz	50	0.507	70.00	0.079
372.57	0.05	Adapter 507Hz	50	0.507	70.00	0.079
372.65	0.05	Adapter 507Hz	50	0.507	70.00	0.079
372.73	0.05	Adapter 507Hz	50	0.507	70.00	0.079
372.99	0.05	Adapter 507Hz	50	0.507	70.00	0.079
373.07	0.05	Adapter 507Hz	50	0.507	70.00	0.079
373.15	0.05	Adapter 507Hz	50	0.507	70.00	0.079
373.23	0.05	Adapter 507Hz	50	0.507	70.00	0.079
373.49	0.05	Adapter 507Hz	50	0.507	70.00	0.079
373.57	0.05	Adapter 507Hz	50	0.507	70.00	0.079
373.65	0.05	Adapter 507Hz	50	0.507	70.00	0.079
373.73	0.05	Adapter 507Hz	50	0.507	70.00	0.079
373.99	0.05	Adapter 507Hz	50	0.507	70.00	0.079
374.07	0.05	Adapter 507Hz	50	0.507	70.00	0.079
374.15	0.05	Adapter 507Hz	50	0.507	70.00	0.079
374.23	0.05	Adapter 507Hz	50	0.507	70.00	0.079
374.49	0.05	Adapter 507Hz	50	0.507	70.00	0.079
374.57	0.05	Adapter 507Hz	50	0.507	70.00	0.079
374.65	0.05	Adapter 507Hz	50	0.507	70.00	0.079
374.73	0.05	Adapter 507Hz	50	0.507	70.00	0.079
377.463	0.05	Adapter 251Hz	51	0.251	70.00	0.052
377.543	0.05	Adapter 251Hz	51	0.251	70.00	0.052
377.623	0.05	Adapter 251Hz	51	0.251	70.00	0.052
377.703	0.05	Adapter 251Hz	51	0.251	70.00	0.052
377.963	0.05	Adapter 251Hz	51	0.251	70.00	0.052
378.043	0.05	Adapter 251Hz	51	0.251	70.00	0.052
378.123	0.05	Adapter 251Hz	51	0.251	70.00	0.052
378.203	0.05	Adapter 251Hz	51	0.251	70.00	0.052
378.463	0.05	Adapter 251Hz	51	0.251	70.00	0.052
378.543	0.05	Adapter 251Hz	51	0.251	70.00	0.052
378.623	0.05	Adapter 251Hz	51	0.251	70.00	0.052
378.703	0.05	Adapter 251Hz	51	0.251	70.00	0.052
378.963	0.05	Adapter 251Hz	51	0.251	70.00	0.052
379.043	0.05	Adapter 251Hz	51	0.251	70.00	0.052
379.123	0.05	Adapter 251Hz	51	0.251	70.00	0.052
379.203	0.05	Adapter 251Hz	51	0.251	70.00	0.052
379.463	0.05	Adapter 251Hz	51	0.251	70.00	0.052
379.543	0.05	Adapter 251Hz	51	0.251	70.00	0.052
379.623	0.05	Adapter 251Hz	51	0.251	70.00	0.052
379.703	0.05	Adapter 251Hz	51	0.251	70.00	0.052
379.963	0.05	Adapter 251Hz	51	0.251	70.00	0.052
380.043	0.05	Adapter 251Hz	51	0.251	70.00	0.052
380.123	0.05	Adapter 251Hz	51	0.251	70.00	0.052
380.203	0.05	Adapter 251Hz	51	0.251	70.00	0.052
380.463	0.05	Adapter 251Hz	51	0.251	70.00	0.052
380.543	0.05	Adapter 251Hz	51	0.251	70.00	0.052
380.623	0.05	Adapter 251Hz	51	0.251	70.00	0.052
380.703	0.05	Adapter 251Hz	51	0.251	70.00	0.052
380.963	0.05	Adapter 251Hz	51	0.251	70.00	0.052
381.043	0.05	Adapter 251Hz	51	0.251	70.00	0.052
381.123	0.05	Adapter 251Hz	51	0.251	70.00	0.052
381.203	0.05	Adapter 251Hz	51	0.251	70.00	0.052
381.463	0.05	Adapter 251Hz	51	0.251	70.00	0.052
381.543	0.05	Adapter 251Hz	51	0.251	70.00	0.052
381.623	0.05	Adapter 251Hz	51	0.251	70.00	0.052
381.703	0.05	Adapter 251Hz	51	0.251	70.00	0.052
381.963	0.05	Adapter 251Hz	51	0.251	70.00	0.052
382.043	0.05	Adapter 251Hz	51	0.251	70.00	0.052
382.123	0.05	Adapter 251Hz	51	0.251	70.00	0.052
382.203	0.05	Adapter 251Hz	51	0.251	70.00	0.052
392.517	0.05	Adapter 899Hz Probe 3839Hz	53	0.899	70.00	0.121
392.597	0.05	Adapter 899Hz Probe 3839Hz	53	0.899	70.00	0.121
392.677	0.05	Adapter 899Hz Probe 3839Hz	53	0.899	70.00	0.121
392.757	0.05	Adapter 899Hz Probe 3839Hz	53	0.899	70.00	0.121
392.837	0.05	Adapter 899Hz Probe 3839Hz	53	3.839	70.00	0.437
393.017	0.05	Adapter 899Hz Probe 3839Hz	53	0.899	70.00	0.121
393.097	0.05	Adapter 899Hz Probe 3839Hz	53	0.899	70.00	0.121
393.177	0.05	Adapter 899Hz Probe 3839Hz	53	0.899	70.00	0.121
393.257	0.05	Adapter 899Hz Probe 3839Hz	53	0.899	70.00	0.121
393.337	0.05	Adapter 899Hz Probe 3839Hz	53	3.839	70.00	0.437
393.517	0.05	Adapter 899Hz Probe 3839Hz	53	0.899	70.00	0.121
393.597	0.05	Adapter 899Hz Probe 3839Hz	53	0.899	70.00	0.121
393.677	0.05	Adapter 899Hz Probe 3839Hz	53	0.899	70.00	0.121
393.757	0.05	Adapter 899Hz Probe 3839Hz	53	0.899	70.00	0.121
393.837	0.05	Adapter 899Hz Probe 3839Hz	53	3.839	70.00	0.437
394.017	0.05	Adapter 899Hz Probe 3839Hz	53	0.899	70.00	0.121
394.097	0.05	Adapter 899Hz Probe 3839Hz	53	0.899	70.00	0.121
394.177	0.05	Adapter 899Hz Probe 3839Hz	53	0.899	70.00	0.121
394.257	0.05	Adapter 899Hz Probe 3839Hz	53	0.899	70.00	0.121
394.337	0.05	Adapter 899Hz Probe 3839Hz	53	3.839	70.00	0.437
394.517	0.05	Adapter 899Hz Probe 3839Hz	53	0.899	70.00	0.121
394.597	0.05	Adapter 899Hz Probe 3839Hz	53	0.899	70.00	0.121
394.677	0.05	Adapter 899Hz Probe 3839Hz	53	0.899	70.00	0.121
394.757	0.05	Adapter 899Hz Probe 3839Hz	53	0.899	70.00	0.121
394.837	0.05	Adapter 899Hz Probe 3839Hz	53	3.839	70.00	0.437
395.017	0.05	Adapter 899Hz Probe 3839Hz	53	0.899	70.00	0.121
395.097	0.05	Adapter 899Hz Probe 3839Hz	53	0.899	70.00	0.121
395.177	0.05	Adapter 899Hz Probe 3839Hz	53	0.899	70.00	0.121
395.257	0.05	Adapter 899Hz Probe 3839Hz	53	0.899	70.00	0.121
395.337	0.05	Adapter 899Hz Probe 3839Hz	53	3.839	70.00	0.437
395.517	0.05	Adapter 899Hz Probe 3839Hz	53	0.899	70.00	0.121
395.597	0.05	Adapter 899Hz Probe 3839Hz	53	0.899	70.00	0.121
395.677	0.05	Adapter 899Hz Probe 3839Hz	53	0.899	70.00	0.121
395.757	0.05	Adapter 899Hz Probe 3839Hz	53	0.899	70.00	0.121
395.837	0.05	Adapter 899Hz Probe 3839Hz	53	3.839	70.00	0.437
396.017	0.05	Adapter 899Hz Probe 3839Hz	53	0.899	70.00	0.121
396.097	0.05	Adapter 899Hz Probe 3839Hz	53	0.899	70.00	0.121
396.177	0.05	Adapter 899Hz Probe 3839Hz	53	0.899	70.00	0.121
396.257	0.05	Adapter 899Hz Probe 3839Hz	53	0.899	70.00	0.121
396.337	0.05	Adapter 899Hz Probe 3839Hz	53	3.839	70.00	0.437
396.517	0.05	Adapter 899Hz Probe 3839Hz	53	0.899	70.00	0.121
396.597	0.05	Adapter 899Hz Probe 3839Hz	53	0.899	70.00	0.121
396.677	0.05	Adapter 899Hz Probe 3839Hz	53	0.899	70.00	0.121
396.757	0.05	Adapter 899Hz Probe 3839Hz	53	0.899	70.00	0.121
396.837	0.05	Adapter 899Hz Probe 3839Hz	53	3.839	70.00	0.437
397.017	0.05	Adapter 899Hz Probe 3839Hz	53	0.899	70.00	0.121
397.097	0.05	Adapter 899Hz Probe 3839Hz	53	0.899	70.00	0.121
397.177	0.05	Adapter 899Hz Probe 3839Hz	53	0.899	70.00	0.121
397.257	0.05	Adapter 899Hz Probe 3839Hz	53	0.899	70.00	0.121
397.337	0.05	Adapter 899Hz Probe 3839Hz	53	3.839	70.00	0.437
400.005	0.05	Adapter 1501Hz Probe 3839Hz	54	1.501	70.00	0.186
400.085	0.05	Adapter 1501Hz Probe 3839Hz	54	1.501	70.00	0.186
400.165	0.05	Adapter 1501Hz Probe 3839Hz	54	1.501	70.00	0.186
400.245	0.05	Adapter 1501Hz Probe 3839Hz	54	1.501	70.00	0.186
400.325	0.05	Adapter 1501Hz Probe 3839Hz	54	3.839	70.00	0.437
400.505	0.05	Adapter 1501Hz Probe 3839Hz	54	1.501	70.00	0.186
400.585	0.05	Adapter 1501Hz Probe 3839Hz	54	1.501	70.00	0.186
400.665	0.05	Adapter 1501Hz Probe 3839Hz	54	1.501	70.00	0.186
400.745	0.05	Adapter 1501Hz Probe 3839Hz	54	1.501	70.00	0.186
400.825	0.05	Adapter 1501Hz Probe 3839Hz	54	3.839	70.00	0.437
401.005	0.05	Adapter 1501Hz Probe 3839Hz	54	1.501	70.00	0.186
401.085	0.05	Adapter 1501Hz Probe 3839Hz	54	1.501	70.00	0.186
401.165	0.05	Adapter 1501Hz Probe 3839Hz	54	1.501	70.00	0.186
401.245	0.05	Adapter 1501Hz Probe 3839Hz	54	1.501	70.00	0.186
401.325	0.05	Adapter 1501Hz Probe 3839Hz	54	3.839	70.00	0.437
401.505	0.05	Adapter 1501Hz Probe 3839Hz	54	1.501	70.00	0.186
401.585	0.05	Adapter 1501Hz Probe 3839Hz	54	1.501	70.00	0.186
401.665	0.05	Adapter 1501Hz Probe 3839Hz	54	1.501	70.00	0.186
401.745	0.05	Adapter 1501Hz Probe 3839Hz	54	1.501	70.00	0.186
401.825	0.05	Adapter 1501Hz Probe 3839Hz	54	3.839	70.00	0.437
402.005	0.05	Adapter 1501Hz Probe 3839Hz	54	1.501	70.00	0.186
402.085	0.05	Adapter 1501Hz Probe 3839Hz	54	1.501	70.00	0.186
402.165	0.05	Adapter 1501Hz Probe 3839Hz	54	1.501	70.00	0.186
402.245	0.05	Adapter 1501Hz Probe 3839Hz	54	1.501	70.00	0.186
402.325	0.05	Adapter 1501Hz Probe 3839Hz	54	3.839	70.00	0.437
402.505	0.05	Adapter 1501Hz Probe 3839Hz	54	1.501	70.00	0.186
402.585	0.05	Adapter 1501Hz Probe 3839Hz	54	1.501	70.00	0.186
402.665	0.05	Adapter 1501Hz Probe 3839Hz	54	1.501	70.00	0.186
402.745	0.05	Adapter 1501Hz Probe 3839Hz	54	1.501	70.00	0.186
402.825	0.05	Adapter 1501Hz Probe 3839Hz	54	3.839	70.00	0.437
403.005	0.05	Adapter 1501Hz Probe 3839Hz	54	1.501	70.00	0.186
403.085	0.05	Adapter 1501Hz Probe 3839Hz	54	1.501	70.00	0.186
403.165	0.05	Adapter 1501Hz Probe 3839Hz	54	1.501	70.00	0.186
403.245	0.05	Adapter 1501Hz Probe 3839Hz	54	1.501	70.00	0.186
403.325	0.05	Adapter 1501Hz Probe 3839Hz	54	3.839	70.00	0.437
403.505	0.05	Adapter 1501Hz Probe 3839Hz	54	1.501	70.00	0.186
403.585	0.05	Adapter 1501Hz Probe 3839Hz	54	1.501	70.00	0.186
403.665	0.05	Adapter 1501Hz Probe 3839Hz	54	1.501	70.00	0.186
403.745	0.05	Adapter 1501Hz Probe 3839Hz	54	1.501	70.00	0.186
403.825	0.05	Adapter 1501Hz Probe 3839Hz	54	3.839	70.00	0.437
404.005	0.05	Adapter 1501Hz Probe 3839Hz	54	1.501	70.00	0.186
404.085	0.05	Adapter 1501Hz Probe 3839Hz	54	1.501	70.00	0.186
404.165	0.05	Adapter 1501Hz Probe 3839Hz	54	1.501	70.00	0.186
404.245	0.05	Adapter 1501Hz Probe 3839Hz	54	1.501	70.00	0.186
404.325	0.05	Adapter 1501Hz Probe 3839Hz	54	3.839	70.00	0.437
404.505	0.05	Adapter 1501Hz Probe 3839Hz	54	1.501	70.00	0.186
404.585	0.05	Adapter 1501Hz Probe 3839Hz	54	1.501	70.00	0.186
404.665	0.05	Adapter 1501Hz Probe 3839Hz	54	1.501	70.00	0.186
404.745	0.05	Adapter 1501Hz Probe 3839Hz	54	1.501	70.00	0.186
404.825	0.05	Adapter 1501Hz Probe 3839Hz	54	3.839	70.00	0.437
407.477	0.05	Adapter 2423Hz Probe 3839Hz	55	2.423	70.00	0.285
407.557	0.05	Adapter 2423Hz Probe 3839Hz	55	2.423	70.00	0.285
407.637	0.05	Adapter 2423Hz Probe 3839Hz	55	2.423	70.00	0.285
407.717	0.05	Adapter 2423Hz Probe 3839Hz	55	2.423	70.00	0.285
407.797	0.05	Adapter 2423Hz Probe 3839Hz	55	3.839	70.00	0.437
407.977	0.05	Adapter 2423Hz Probe 3839Hz	55	2.423	70.00	0.285
408.057	0.05	Adapter 2423Hz Probe 3839Hz	55	2.423	70.00	0.285
408.137	0.05	Adapter 2423Hz Probe 3839Hz	55	2.423	70.00	0.285
408.217	0.05	Adapter 2423Hz Probe 3839Hz	55	2.423	70.00	0.285
408.297	0.05	Adapter 2423Hz Probe 3839Hz	55	3.839	70.00	0.437
408.477	0.05	Adapter 2423Hz Probe 3839Hz	55	2.423	70.00	0.285
408.557	0.05	Adapter 2423Hz Probe 3839Hz	55	2.423	70.00	0.285
408.637	0.05	Adapter 2423Hz Probe 3839Hz	55	2.423	70.00	0.285
408.717	0.05	Adapter 2423Hz Probe 3839Hz	55	2.423	70.00	0.285
408.797	0.05	Adapter 2423Hz Probe 3839Hz	55	3.839	70.00	0.437
408.977	0.05	Adapter 2423Hz Probe 3839Hz	55	2.423	70.00	0.285
409.057	0.05	Adapter 2423Hz Probe 3839Hz	55	2.423	70.00	0.285
409.137	0.05	Adapter 2423Hz Probe 3839Hz	55	2.423	70.00	0.285
409.217	0.05	Adapter 2423Hz Probe 3839Hz	55	2.423	70.00	0.285
409.297	0.05	Adapter 2423Hz Probe 3839Hz	55	3.839	70.00	0.437
409.477	0.05	Adapter 2423Hz Probe 3839Hz	55	2.423	70.00	0.285
409.557	0.05	Adapter 2423Hz Probe 3839Hz	55	2.423	70.00	0.285
409.637	0.05	Adapter 2423Hz Probe 3839Hz	55	2.423	70.00	0.285
409.717	0.05	Adapter 2423Hz Probe 3839Hz	55	2.423	70.00	0.285
409.797	0.05	Adapter 2423Hz Probe 3839Hz	55	3.839	70.00	0.437
409.977	0.05	Adapter 2423Hz Probe 3839Hz	55	2.423	70.00	0.285
410.057	0.05	Adapter 2423Hz Probe 3839Hz	55	2.423	70.00	0.285
410.137	0.05	Adapter 2423Hz Probe 3839Hz	55	2.423	70.00	0.285
410.217	0.05	Adapter 2423Hz Probe 3839Hz	55	2.423	70.00	0.285
410.297	0.05	Adapter 2423Hz Probe 3839Hz	55	3.839	70.00	0.437
410.477	0.05	Adapter 2423Hz Probe 3839Hz	55	2.423	70.00	0.285
410.557	0.05	Adapter 2423Hz Probe 3839Hz	55	2.423	70.00	0.285
410.637	0.05	Adapter 2423Hz Probe 3839Hz	55	2.423	70.00	0.285
410.717	0.05	Adapter 2423Hz Probe 3839Hz	55	2.423	70.00	0.285
410.797	0.05	Adapter 2423Hz Probe 3839Hz	55	3.839	70.00	0.437
410.977	0.05	Adapter 2423Hz Probe 3839Hz	55	2.423	70.00	0.285
411.057	0.05	Adapter 2423Hz Probe 3839Hz	55	2.423	70.00	0.285
411.137	0.05	Adapter 2423Hz Probe 3839Hz	55	2.423	70.00	0.285
411.217	0.05	Adapter 2423Hz Probe 3839Hz	55	2.423	70.00	0.285
411.297	0.05	Adapter 2423Hz Probe 3839Hz	55	3.839	70.00	0.437
411.477	0.05	Adapter 2423Hz Probe 3839Hz	55	2.423	70.00	0.285
411.557	0.05	Adapter 2423Hz Probe 3839Hz	55	2.423	70.00	0.285
411.637	0.05	Adapter 2423Hz Probe 3839Hz	55	2.423	70.00	0.285
411.717	0.05	Adapter 2423Hz Probe 3839Hz	55	2.423	70.00	0.285
411.797	0.05	Adapter 2423Hz Probe 3839Hz	55	3.839	70.00	0.437
411.977	0.05	Adapter 2423Hz Probe 3839Hz	55	2.423	70.00	0.285
412.057	0.05	Adapter 2423Hz Probe 3839Hz	55	2.423	70.00	0.285
412.137	0.05	Adapter 2423Hz Probe 3839Hz	55	2.423	70.00	0.285
412.217	0.05	Adapter 2423Hz Probe 3839Hz	55	2.423	70.00	0.285
412.297	0.05	Adapter 2423Hz Probe 3839Hz	55	3.839	70.00	0.437
414.965	0.05	Adapter 899Hz	56	0.899	70.00	0.121
415.045	0.05	Adapter 899Hz	56	0.899	70.00	0.121
415.125	0.05	Adapter 899Hz	56	0.899	70.00	0.121
415.205	0.05	Adapter 899Hz	56	0.899	70.00	0.121
415.465	0.05	Adapter 899Hz	56	0.899	70.00	0.121
415.545	0.05	Adapter 899Hz	56	0.899	70.00	0.121
415.625	0.05	Adapter 899Hz	56	0.899	70.00	0.121
415.705	0.05	Adapter 899Hz	56	0.899	70.00	0.121
415.965	0.05	Adapter 899Hz	56	0.899	70.00	0.121
416.045	0.05	Adapter 899Hz	56	0.899	70.00	0.121
416.125	0.05	Adapter 899Hz	56	0.899	70.00	0.121
416.205	0.05	Adapter 899Hz	56	0.899	70.00	0.121
416.465	0.05	Adapter 899Hz	56	0.899	70.00	0.121
416.545	0.05	Adapter 899Hz	56	0.899	70.00	0.121
416.625	0.05	Adapter 899Hz	56	0.899	70.00	0.121
416.705	0.05	Adapter 899Hz	56	0.899	70.00	0.121
416.965	0.05	Adapter 899Hz	56	0.899	70.00	0.121
417.045	0.05	Adapter 899Hz	56	0.899	70.00	0.121
417.125	0.05	Adapter 899Hz	56	0.899	70.00	0.121
417.205	0.05	Adapter 899Hz	56	0.899	70.00	0.121
417.465	0.05	Adapter 899Hz	56	0.899	70.00	0.121
417.545	0.05	Adapter 899Hz	56	0.899	70.00	0.121
417.625	0.05	Adapter 899Hz	56	0.899	70.00	0.121
417.705	0.05	Adapter 899Hz	56	0.899	70.00	0.121
417.965	0.05	Adapter 899Hz	56	0.899	70.00	0.121
418.045	0.05	Adapter 899Hz	56	0.899	70.00	0.121
418.125	0.05	Adapter 899Hz	56	0.899	70.00	0.121
418.205	0.05	Adapter 899Hz	56	0.899	70.00	0.121
418.465	0.05	Adapter 899Hz	56	0.899	70.00	0.121
418.545	0.05	Adapter 899Hz	56	0.899	70.00	0.121
418.625	0.05	Adapter 899Hz	56	0.899	70.00	0.121
418.705	0.05	Adapter 899Hz	56	0.899	70.00	0.121
418.965	0.05	Adapter 899Hz	56	0.899	70.00	0.121
419.045	0.05	Adapter 899Hz	56	0.899	70.00	0.121
419.125	0.05	Adapter 899Hz	56	0.899	70.00	0.121
419.205	0.05	Adapter 899Hz	56	0.899	70.00	0.121
419.465	0.05	Adapter 899Hz	56	0.899	70.00	0.121
419.545	0.05	Adapter 899Hz	56	0.899	70.00	0.121
419.625	0.05	Adapter 899Hz	56	0.899	70.00	0.121
419.705	0.05	Adapter 899Hz	56	0.899	70.00	0.121
422.5	0.05	Adapter 2423Hz	57	2.423	70.00	0.285
422.58	0.05	Adapter 2423Hz	57	2.423	70.00	0.285
422.66	0.05	Adapter 2423Hz	57	2.423	70.00	0.285
422.74	0.05	Adapter 2423Hz	57	2.423	70.00	0.285
423.0	0.05	Adapter 2423Hz	57	2.423	70.00	0.285
423.08	0.05	Adapter 2423Hz	57	2.423	70.00	0.285
423.16	0.05	Adapter 2423Hz	57	2.423	70.00	0.285
423.24	0.05	Adapter 2423Hz	57	2.423	70.00	0.285
423.5	0.05	Adapter 2423Hz	57	2.423	70.00	0.285
423.58	0.05	Adapter 2423Hz	57	2.423	70.00	0.285
423.66	0.05	Adapter 2423Hz	57	2.423	70.00	0.285
423.74	0.05	Adapter 2423Hz	57	2.423	70.00	0.285
424.0	0.05	Adapter 2423Hz	57	2.423	70.00	0.285
424.08	0.05	Adapter 2423Hz	57	2.423	70.00	0.285
424.16	0.05	Adapter 2423Hz	57	2.423	70.00	0.285
424.24	0.05	Adapter 2423Hz	57	2.423	70.00	0.285
424.5	0.05	Adapter 2423Hz	57	2.423	70.00	0.285
424.58	0.05	Adapter 2423Hz	57	2.423	70.00	0.285
424.66	0.05	Adapter 2423Hz	57	2.423	70.00	0.285
424.74	0.05	Adapter 2423Hz	57	2.423	70.00	0.285
425.0	0.05	Adapter 2423Hz	57	2.423	70.00	0.285
425.08	0.05	Adapter 2423Hz	57	2.423	70.00	0.285
425.16	0.05	Adapter 2423Hz	57	2.423	70.00	0.285
425.24	0.05	Adapter 2423Hz	57	2.423	70.00	0.285
425.5	0.05	Adapter 2423Hz	57	2.423	70.00	0.285
425.58	0.05	Adapter 2423Hz	57	2.423	70.00	0.285
425.66	0.05	Adapter 2423Hz	57	2.423	70.00	0.285
425.74	0.05	Adapter 2423Hz	57	2.423	70.00	0.285
426.0	0.05	Adapter 2423Hz	57	2.423	70.00	0.285
426.08	0.05	Adapter 2423Hz	57	2.423	70.00	0.285
426.16	0.05	Adapter 2423Hz	57	2.423	70.00	0.285
426.24	0.05	Adapter 2423Hz	57	2.423	70.00	0.285
426.5	0.05	Adapter 2423Hz	57	2.423	70.00	0.285
426.58	0.05	Adapter 2423Hz	57	2.423	70.00	0.285
426.66	0.05	Adapter 2423Hz	57	2.423	70.00	0.285
426.74	0.05	Adapter 2423Hz	57	2.423	70.00	0.285
427.0	0.05	Adapter 2423Hz	57	2.423	70.00	0.285
427.08	0.05	Adapter 2423Hz	57	2.423	70.00	0.285
427.16	0.05	Adapter 2423Hz	57	2.423	70.00	0.285
427.24	0.05	Adapter 2423Hz	57	2.423	70.00	0.285
437.476	0.05	Adapter 3839Hz Probe 3839Hz	59	3.839	70.00	0.437
437.556	0.05	Adapter 3839Hz Probe 3839Hz	59	3.839	70.00	0.437
437.636	0.05	Adapter 3839Hz Probe 3839Hz	59	3.839	70.00	0.437
437.716	0.05	Adapter 3839Hz Probe 3839Hz	59	3.839	70.00	0.437
437.796	0.05	Adapter 3839Hz Probe 3839Hz	59	3.839	70.00	0.437
437.976	0.05	Adapter 3839Hz Probe 3839Hz	59	3.839	70.00	0.437
438.056	0.05	Adapter 3839Hz Probe 3839Hz	59	3.839	70.00	0.437
438.136	0.05	Adapter 3839Hz Probe 3839Hz	59	3.839	70.00	0.437
438.216	0.05	Adapter 3839Hz Probe 3839Hz	59	3.839	70.00	0.437
438.296	0.05	Adapter 3839Hz Probe 3839Hz	59	3.839	70.00	0.437
438.476	0.05	Adapter 3839Hz Probe 3839Hz	59	3.839	70.00	0.437
438.556	0.05	Adapter 3839Hz Probe 3839Hz	59	3.839	70.00	0.437
438.636	0.05	Adapter 3839Hz Probe 3839Hz	59	3.839	70.00	0.437
438.716	0.05	Adapter 3839Hz Probe 3839Hz	59	3.839	70.00	0.437
438.796	0.05	Adapter 3839Hz Probe 3839Hz	59	3.839	70.00	0.437
438.976	0.05	Adapter 3839Hz Probe 3839Hz	59	3.839	70.00	0.437
439.056	0.05	Adapter 3839Hz Probe 3839Hz	59	3.839	70.00	0.437
439.136	0.05	Adapter 3839Hz Probe 3839Hz	59	3.839	70.00	0.437
439.216	0.05	Adapter 3839Hz Probe 3839Hz	59	3.839	70.00	0.437
439.296	0.05	Adapter 3839Hz Probe 3839Hz	59	3.839	70.00	0.437
439.476	0.05	Adapter 3839Hz Probe 3839Hz	59	3.839	70.00	0.437
439.556	0.05	Adapter 3839Hz Probe 3839Hz	59	3.839	70.00	0.437
439.636	0.05	Adapter 3839Hz Probe 3839Hz	59	3.839	70.00	0.437
439.716	0.05	Adapter 3839Hz Probe 3839Hz	59	3.839	70.00	0.437
439.796	0.05	Adapter 3839Hz Probe 3839Hz	59	3.839	70.00	0.437
439.976	0.05	Adapter 3839Hz Probe 3839Hz	59	3.839	70.00	0.437
440.056	0.05	Adapter 3839Hz Probe 3839Hz	59	3.839	70.00	0.437
440.136	0.05	Adapter 3839Hz Probe 3839Hz	59	3.839	70.00	0.437
440.216	0.05	Adapter 3839Hz Probe 3839Hz	59	3.839	70.00	0.437
440.296	0.05	Adapter 3839Hz Probe 3839Hz	59	3.839	70.00	0.437
440.476	0.05	Adapter 3839Hz Probe 3839Hz	59	3.839	70.00	0.437
440.556	0.05	Adapter 3839Hz Probe 3839Hz	59	3.839	70.00	0.437
440.636	0.05	Adapter 3839Hz Probe 3839Hz	59	3.839	70.00	0.437
440.716	0.05	Adapter 3839Hz Probe 3839Hz	59	3.839	70.00	0.437
440.796	0.05	Adapter 3839Hz Probe 3839Hz	59	3.839	70.00	0.437
440.976	0.05	Adapter 3839Hz Probe 3839Hz	59	3.839	70.00	0.437
441.056	0.05	Adapter 3839Hz Probe 3839Hz	59	3.839	70.00	0.437
441.136	0.05	Adapter 3839Hz Probe 3839Hz	59	3.839	70.00	0.437
441.216	0.05	Adapter 3839Hz Probe 3839Hz	59	3.839	70.00	0.437
441.296	0.05	Adapter 3839Hz Probe 3839Hz	59	3.839	70.00	0.437
441.476	0.05	Adapter 3839Hz Probe 3839Hz	59	3.839	70.00	0.437
441.556	0.05	Adapter 3839Hz Probe 3839Hz	59	3.839	70.00	0.437
441.636	0.05	Adapter 3839Hz Probe 3839Hz	59	3.839	70.00	0.437
441.716	0.05	Adapter 3839Hz Probe 3839Hz	59	3.839	70.00	0.437
441.796	0.05	Adapter 3839Hz Probe 3839Hz	59	3.839	70.00	0.437
441.976	0.05	Adapter 3839Hz Probe 3839Hz	59	3.839	70.00	0.437
442.056	0.05	Adapter 3839Hz Probe 3839Hz	59	3.839	70.00	0.437
442.136	0.05	Adapter 3839Hz Probe 3839Hz	59	3.839	70.00	0.437
442.216	0.05	Adapter 3839Hz Probe 3839Hz	59	3.839	70.00	0.437
442.296	0.05	Adapter 3839Hz Probe 3839Hz	59	3.839	70.00	0.437
444.964	0.05	Adapter 3839Hz	60	3.839	70.00	0.437
445.044	0.05	Adapter 3839Hz	60	3.839	70.00	0.437
445.124	0.05	Adapter 3839Hz	60	3.839	70.00	0.437
445.204	0.05	Adapter 3839Hz	60	3.839	70.00	0.437
445.464	0.05	Adapter 3839Hz	60	3.839	70.00	0.437
445.544	0.05	Adapter 3839Hz	60	3.839	70.00	0.437
445.624	0.05	Adapter 3839Hz	60	3.839	70.00	0.437
445.704	0.05	Adapter 3839Hz	60	3.839	70.00	0.437
445.964	0.05	Adapter 3839Hz	60	3.839	70.00	0.437
446.044	0.05	Adapter 3839Hz	60	3.839	70.00	0.437
446.124	0.05	Adapter 3839Hz	60	3.839	70.00	0.437
446.204	0.05	Adapter 3839Hz	60	3.839	70.00	0.437
446.464	0.05	Adapter 3839Hz	60	3.839	70.00	0.437
446.544	0.05	Adapter 3839Hz	60	3.839	70.00	0.437
446.624	0.05	Adapter 3839Hz	60	3.839	70.00	0.437
446.704	0.05	Adapter 3839Hz	60	3.839	70.00	0.437
446.964	0.05	Adapter 3839Hz	60	3.839	70.00	0.437
447.044	0.05	Adapter 3839Hz	60	3.839	70.00	0.437
447.124	0.05	Adapter 3839Hz	60	3.839	70.00	0.437
447.204	0.05	Adapter 3839Hz	60	3.839	70.00	0.437
447.464	0.05	Adapter 3839Hz	60	3.839	70.00	0.437
447.544	0.05	Adapter 3839Hz	60	3.839	70.00	0.437
447.624	0.05	Adapter 3839Hz	60	3.839	70.00	0.437
447.704	0.05	Adapter 3839Hz	60	3.839	70.00	0.437
447.964	0.05	Adapter 3839Hz	60	3.839	70.00	0.437
448.044	0.05	Adapter 3839Hz	60	3.839	70.00	0.437
448.124	0.05	Adapter 3839Hz	60	3.839	70.00	0.437
448.204	0.05	Adapter 3839Hz	60	3.839	70.00	0.437
448.464	0.05	Adapter 3839Hz	60	3.839	70.00	0.437
448.544	0.05	Adapter 3839Hz	60	3.839	70.00	0.437
448.624	0.05	Adapter 3839Hz	60	3.839	70.00	0.437
448.704	0.05	Adapter 3839Hz	60	3.839	70.00	0.437
448.964	0.05	Adapter 3839Hz	60	3.839	70.00	0.437
449.044	0.05	Adapter 3839Hz	60	3.839	70.00	0.437
449.124	0.05	Adapter 3839Hz	60	3.839	70.00	0.437
449.204	0.05	Adapter 3839Hz	60	3.839	70.00	0.437
449.464	0.05	Adapter 3839Hz	60	3.839	70.00	0.437
449.544	0.05	Adapter 3839Hz	60	3.839	70.00	0.437
449.624	0.05	Adapter 3839Hz	60	3.839	70.00	0.437
449.704	0.05	Adapter 3839Hz	60	3.839	70.00	0.437
452.514	0.05	Adapter 507Hz Probe 3839Hz	61	0.507	70.00	0.079
452.594	0.05	Adapter 507Hz Probe 3839Hz	61	0.507	70.00	0.079
452.674	0.05	Adapter 507Hz Probe 3839Hz	61	0.507	70.00	0.079
452.754	0.05	Adapter 507Hz Probe 3839Hz	61	0.507	70.00	0.079
452.834	0.05	Adapter 507Hz Probe 3839Hz	61	3.839	70.00	0.437
453.014	0.05	Adapter 507Hz Probe 3839Hz	61	0.507	70.00	0.079
453.094	0.05	Adapter 507Hz Probe 3839Hz	61	0.507	70.00	0.079
453.174	0.05	Adapter 507Hz Probe 3839Hz	61	0.507	70.00	0.079
453.254	0.05	Adapter 507Hz Probe 3839Hz	61	0.507	70.00	0.079
453.334	0.05	Adapter 507Hz Probe 3839Hz	61	3.839	70.00	0.437
453.514	0.05	Adapter 507Hz Probe 3839Hz	61	0.507	70.00	0.079
453.594	0.05	Adapter 507Hz Probe 3839Hz	61	0.507	70.00	0.079
453.674	0.05	Adapter 507Hz Probe 3839Hz	61	0.507	70.00	0.079
453.754	0.05	Adapter 507Hz Probe 3839Hz	61	0.507	70.00	0.079
453.834	0.05	Adapter 507Hz Probe 3839Hz	61	3.839	70.00	0.437
454.014	0.05	Adapter 507Hz Probe 3839Hz	61	0.507	70.00	0.079
454.094	0.05	Adapter 507Hz Probe 3839Hz	61	0.507	70.00	0.079
454.174	0.05	Adapter 507Hz Probe 3839Hz	61	0.507	70.00	0.079
454.254	0.05	Adapter 507Hz Probe 3839Hz	61	0.507	70.00	0.079
454.334	0.05	Adapter 507Hz Probe 3839Hz	61	3.839	70.00	0.437
454.514	0.05	Adapter 507Hz Probe 3839Hz	61	0.507	70.00	0.079
454.594	0.05	Adapter 507Hz Probe 3839Hz	61	0.507	70.00	0.079
454.674	0.05	Adapter 507Hz Probe 3839Hz	61	0.507	70.00	0.079
454.754	0.05	Adapter 507Hz Probe 3839Hz	61	0.507	70.00	0.079
454.834	0.05	Adapter 507Hz Probe 3839Hz	61	3.839	70.00	0.437
455.014	0.05	Adapter 507Hz Probe 3839Hz	61	0.507	70.00	0.079
455.094	0.05	Adapter 507Hz Probe 3839Hz	61	0.507	70.00	0.079
455.174	0.05	Adapter 507Hz Probe 3839Hz	61	0.507	70.00	0.079
455.254	0.05	Adapter 507Hz Probe 3839Hz	61	0.507	70.00	0.079
455.334	0.05	Adapter 507Hz Probe 3839Hz	61	3.839	70.00	0.437
455.514	0.05	Adapter 507Hz Probe 3839Hz	61	0.507	70.00	0.079
455.594	0.05	Adapter 507Hz Probe 3839Hz	61	0.507	70.00	0.079
455.674	0.05	Adapter 507Hz Probe 3839Hz	61	0.507	70.00	0.079
455.754	0.05	Adapter 507Hz Probe 3839Hz	61	0.507	70.00	0.079
455.834	0.05	Adapter 507Hz Probe 3839Hz	61	3.839	70.00	0.437
456.014	0.05	Adapter 507Hz Probe 3839Hz	61	0.507	70.00	0.079
456.094	0.05	Adapter 507Hz Probe 3839Hz	61	0.507	70.00	0.079
456.174	0.05	Adapter 507Hz Probe 3839Hz	61	0.507	70.00	0.079
456.254	0.05	Adapter 507Hz Probe 3839Hz	61	0.507	70.00	0.079
456.334	0.05	Adapter 507Hz Probe 3839Hz	61	3.839	70.00	0.437
456.514	0.05	Adapter 507Hz Probe 3839Hz	61	0.507	70.00	0.079
456.594	0.05	Adapter 507Hz Probe 3839Hz	61	0.507	70.00	0.079
456.674	0.05	Adapter 507Hz Probe 3839Hz	61	0.507	70.00	0.079
456.754	0.05	Adapter 507Hz Probe 3839Hz	61	0.507	70.00	0.079
456.834	0.05	Adapter 507Hz Probe 3839Hz	61	3.839	70.00	0.437
457.014	0.05	Adapter 507Hz Probe 3839Hz	61	0.507	70.00	0.079
457.094	0.05	Adapter 507Hz Probe 3839Hz	61	0.507	70.00	0.079
457.174	0.05	Adapter 507Hz Probe 3839Hz	61	0.507	70.00	0.079
457.254	0.05	Adapter 507Hz Probe 3839Hz	61	0.507	70.00	0.079
457.334	0.05	Adapter 507Hz Probe 3839Hz	61	3.839	70.00	0.437
467.49	0.05	Adapter 1501Hz	63	1.501	70.00	0.186
467.57	0.05	Adapter 1501Hz	63	1.501	70.00	0.186
467.65	0.05	Adapter 1501Hz	63	1.501	70.00	0.186
467.73	0.05	Adapter 1501Hz	63	1.501	70.00	0.186
467.99	0.05	Adapter 1501Hz	63	1.501	70.00	0.186
468.07	0.05	Adapter 1501Hz	63	1.501	70.00	0.186
468.15	0.05	Adapter 1501Hz	63	1.501	70.00	0.186
468.23	0.05	Adapter 1501Hz	63	1.501	70.00	0.186
468.49	0.05	Adapter 1501Hz	63	1.501	70.00	0.186
468.57	0.05	Adapter 1501Hz	63	1.501	70.00	0.186
468.65	0.05	Adapter 1501Hz	63	1.501	70.00	0.186
468.73	0.05	Adapter 1501Hz	63	1.501	70.00	0.186
468.99	0.05	Adapter 1501Hz	63	1.501	70.00	0.186
469.07	0.05	Adapter 1501Hz	63	1.501	70.00	0.186
469.15	0.05	Adapter 1501Hz	63	1.501	70.00	0.186
469.23	0.05	Adapter 1501Hz	63	1.501	70.00	0.186
469.49	0.05	Adapter 1501Hz	63	1.501	70.00	0.186
469.57	0.05	Adapter 1501Hz	63	1.501	70.00	0.186
469.65	0.05	Adapter 1501Hz	63	1.501	70.00	0.186
469.73	0.05	Adapter 1501Hz	63	1.501	70.00	0.186
469.99	0.05	Adapter 1501Hz	63	1.501	70.00	0.186
470.07	0.05	Adapter 1501Hz	63	1.501	70.00	0.186
470.15	0.05	Adapter 1501Hz	63	1.501	70.00	0.186
470.23	0.05	Adapter 1501Hz	63	1.501	70.00	0.186
470.49	0.05	Adapter 1501Hz	63	1.501	70.00	0.186
470.57	0.05	Adapter 1501Hz	63	1.501	70.00	0.186
470.65	0.05	Adapter 1501Hz	63	1.501	70.00	0.186
470.73	0.05	Adapter 1501Hz	63	1.501	70.00	0.186
470.99	0.05	Adapter 1501Hz	63	1.501	70.00	0.186
471.07	0.05	Adapter 1501Hz	63	1.501	70.00	0.186
471.15	0.05	Adapter 1501Hz	63	1.501	70.00	0.186
471.23	0.05	Adapter 1501Hz	63	1.501	70.00	0.186
471.49	0.05	Adapter 1501Hz	63	1.501	70.00	0.186
471.57	0.05	Adapter 1501Hz	63	1.501	70.00	0.186
471.65	0.05	Adapter 1501Hz	63	1.501	70.00	0.186
471.73	0.05	Adapter 1501Hz	63	1.501	70.00	0.186
471.99	0.05	Adapter 1501Hz	63	1.501	70.00	0.186
472.07	0.05	Adapter 1501Hz	63	1.501	70.00	0.186
472.15	0.05	Adapter 1501Hz	63	1.501	70.00	0.186
472.23	0.05	Adapter 1501Hz	63	1.501	70.00	0.186
475.33	0.05	Probe 3839Hz	64	3.839	70.00	0.437
475.83	0.05	Probe 3839Hz	64	3.839	70.00	0.437
476.33	0.05	Probe 3839Hz	64	3.839	70.00	0.437
476.83	0.05	Probe 3839Hz	64	3.839	70.00	0.437
477.33	0.05	Probe 3839Hz	64	3.839	70.00	0.437
477.83	0.05	Probe 3839Hz	64	3.839	70.00	0.437
478.33	0.05	Probe 3839Hz	64	3.839	70.00	0.437
478.83	0.05	Probe 3839Hz	64	3.839	70.00	0.437
479.33	0.05	Probe 3839Hz	64	3.839	70.00	0.437
479.83	0.05	Probe 3839Hz	64	3.839	70.00	0.437
