onset	duration	trial_type	scan	frequency_kHz	level_dB_SPL	bandwidth_kHz
2.5	0.05	Adapter 507Hz	1	0.507	70.00	0.079
2.58	0.05	Adapter 507Hz	1	0.507	70.00	0.079
2.66	0.05	Adapter 507Hz	1	0.507	70.00	0.079
2.74	0.05	Adapter 507Hz	1	0.507	70.00	0.079
3.0	0.05	Adapter 507Hz	1	0.507	70.00	0.079
3.08	0.05	Adapter 507Hz	1	0.507	70.00	0.079
3.16	0.05	Adapter 507Hz	1	0.507	70.00	0.079
3.24	0.05	Adapter 507Hz	1	0.507	70.00	0.079
3.5	0.05	Adapter 507Hz	1	0.507	70.00	0.079
3.58	0.05	Adapter 507Hz	1	0.507	70.00	0.079
3.66	0.05	Adapter 507Hz	1	0.507	70.00	0.079
3.74	0.05	Adapter 507Hz	1	0.507	70.00	0.079
4.0	0.05	Adapter 507Hz	1	0.507	70.00	0.079
4.08	0.05	Adapter 507Hz	1	0.507	70.00	0.079
4.16	0.05	Adapter 507Hz	1	0.507	70.00	0.079
4.24	0.05	Adapter 507Hz	1	0.507	70.00	0.079
4.5	0.05	Adapter 507Hz	1	0.507	70.00	0.079
4.58	0.05	Adapter 507Hz	1	0.507	70.00	0.079
4.66	0.05	Adapter 507Hz	1	0.507	70.00	0.079
4.74	0.05	Adapter 507Hz	1	0.507	70.00	0.079
5.0	0.05	Adapter 507Hz	1	0.507	70.00	0.079
5.08	0.05	Adapter 507Hz	1	0.507	70.00	0.079
5.16	0.05	Adapter 507Hz	1	0.507	70.00	0.079
5.24	0.05	Adapter 507Hz	1	0.507	70.00	0.079
5.5	0.05	Adapter 507Hz	1	0.507	70.00	0.079
5.58	0.05	Adapter 507Hz	1	0.507	70.00	0.079
5.66	0.05	Adapter 507Hz	1	0.507	70.00	0.079
5.74	0.05	Adapter 507Hz	1	0.507	70.00	0.079
6.0	0.05	Adapter 507Hz	1	0.507	70.00	0.079
6.08	0.05	Adapter 507Hz	1	0.507	70.00	0.079
6.16	0.05	Adapter 507Hz	1	0.507	70.00	0.079
6.24	0.05	Adapter 507Hz	1	0.507	70.00	0.079
6.5	0.05	Adapter 507Hz	1	0.507	70.00	0.079
6.58	0.05	Adapter 507Hz	1	0.507	70.00	0.079
6.66	0.05	Adapter 507Hz	1	0.507	70.00	0.079
6.74	0.05	Adapter 507Hz	1	0.507	70.00	0.079
7.0	0.05	Adapter 507Hz	1	0.507	70.00	0.079
7.08	0.05	Adapter 507Hz	1	0.507	70.00	0.079
7.16	0.05	Adapter 507Hz	1	0.507	70.00	0.079
7.24	0.05	Adapter 507Hz	1	0.507	70.00	0.079
9.972	0.05	Adapter 251Hz	2	0.251	70.00	0.052
10.052	0.05	Adapter 251Hz	2	0.251	70.00	0.052
10.132	0.05	Adapter 251Hz	2	0.251	70.00	0.052
10.212	0.05	Adapter 251Hz	2	0.251	70.00	0.052
10.472	0.05	Adapter 251Hz	2	0.251	70.00	0.052
10.552	0.05	Adapter 251Hz	2	0.251	70.00	0.052
10.632	0.05	Adapter 251Hz	2	0.251	70.00	0.052
10.712	0.05	Adapter 251Hz	2	0.251	70.00	0.052
10.972	0.05	Adapter 251Hz	2	0.251	70.00	0.052
11.052	0.05	Adapter 251Hz	2	0.251	70.00	0.052
11.132	0.05	Adapter 251Hz	2	0.251	70.00	0.052
11.212	0.05	Adapter 251Hz	2	0.251	70.00	0.052
11.472	0.05	Adapter 251Hz	2	0.251	70.00	0.052
11.552	0.05	Adapter 251Hz	2	0.251	70.00	0.052
11.632	0.05	Adapter 251Hz	2	0.251	70.00	0.052
11.712	0.05	Adapter 251Hz	2	0.251	70.00	0.052
11.972	0.05	Adapter 251Hz	2	0.251	70.00	0.052
12.052	0.05	Adapter 251Hz	2	0.251	70.00	0.052
12.132	0.05	Adapter 251Hz	2	0.251	70.00	0.052
12.212	0.05	Adapter 251Hz	2	0.251	70.00	0.052
12.472	0.05	Adapter 251Hz	2	0.251	70.00	0.052
12.552	0.05	Adapter 251Hz	2	0.251	70.00	0.052
12.632	0.05	Adapter 251Hz	2	0.251	70.00	0.052
12.712	0.05	Adapter 251Hz	2	0.251	70.00	0.052
12.972	0.05	Adapter 251Hz	2	0.251	70.00	0.052
13.052	0.05	Adapter 251Hz	2	0.251	70.00	0.052
13.132	0.05	Adapter 251Hz	2	0.251	70.00	0.052
13.212	0.05	Adapter 251Hz	2	0.251	70.00	0.052
13.472	0.05	Adapter 251Hz	2	0.251	70.00	0.052
13.552	0.05	Adapter 251Hz	2	0.251	70.00	0.052
13.632	0.05	Adapter 251Hz	2	0.251	70.00	0.052
13.712	0.05	Adapter 251Hz	2	0.251	70.00	0.052
13.972	0.05	Adapter 251Hz	2	0.251	70.00	0.052
14.052	0.05	Adapter 251Hz	2	0.251	70.00	0.052
14.132	0.05	Adapter 251Hz	2	0.251	70.00	0.052
14.212	0.05	Adapter 251Hz	2	0.251	70.00	0.052
14.472	0.05	Adapter 251Hz	2	0.251	70.00	0.052
14.552	0.05	Adapter 251Hz	2	0.251	70.00	0.052
14.632	0.05	Adapter 251Hz	2	0.251	70.00	0.052
14.712	0.05	Adapter 251Hz	2	0.251	70.00	0.052
17.507	0.05	Adapter 1501Hz	3	1.501	70.00	0.186
17.587	0.05	Adapter 1501Hz	3	1.501	70.00	0.186
17.667	0.05	Adapter 1501Hz	3	1.501	70.00	0.186
17.747	0.05	Adapter 1501Hz	3	1.501	70.00	0.186
18.007	0.05	Adapter 1501Hz	3	1.501	70.00	0.186
18.087	0.05	Adapter 1501Hz	3	1.501	70.00	0.186
18.167	0.05	Adapter 1501Hz	3	1.501	70.00	0.186
18.247	0.05	Adapter 1501Hz	3	1.501	70.00	0.186
18.507	0.05	Adapter 1501Hz	3	1.501	70.00	0.186
18.587	0.05	Adapter 1501Hz	3	1.501	70.00	0.186
18.667	0.05	Adapter 1501Hz	3	1.501	70.00	0.186
18.747	0.05	Adapter 1501Hz	3	1.501	70.00	0.186
19.007	0.05	Adapter 1501Hz	3	1.501	70.00	0.186
19.087	0.05	Adapter 1501Hz	3	1.501	70.00	0.186
19.167	0.05	Adapter 1501Hz	3	1.501	70.00	0.186
19.247	0.05	Adapter 1501Hz	3	1.501	70.00	0.186
19.507	0.05	Adapter 1501Hz	3	1.501	70.00	0.186
19.587	0.05	Adapter 1501Hz	3	1.501	70.00	0.186
19.667	0.05	Adapter 1501Hz	3	1.501	70.00	0.186
19.747	0.05	Adapter 1501Hz	3	1.501	70.00	0.186
20.007	0.05	Adapter 1501Hz	3	1.501	70.00	0.186
20.087	0.05	Adapter 1501Hz	3	1.501	70.00	0.186
20.167	0.05	Adapter 1501Hz	3	1.501	70.00	0.186
20.247	0.05	Adapter 1501Hz	3	1.501	70.00	0.186
20.507	0.05	Adapter 1501Hz	3	1.501	70.00	0.186
20.587	0.05	Adapter 1501Hz	3	1.501	70.00	0.186
20.667	0.05	Adapter 1501Hz	3	1.501	70.00	0.186
20.747	0.05	Adapter 1501Hz	3	1.501	70.00	0.186
21.007	0.05	Adapter 1501Hz	3	1.501	70.00	0.186
21.087	0.05	Adapter 1501Hz	3	1.501	70.00	0.186
21.167	0.05	Adapter 1501Hz	3	1.501	70.00	0.186
21.247	0.05	Adapter 1501Hz	3	1.501	70.00	0.186
21.507	0.05	Adapter 1501Hz	3	1.501	70.00	0.186
21.587	0.05	Adapter 1501Hz	3	1.501	70.00	0.186
21.667	0.05	Adapter 1501Hz	3	1.501	70.00	0.186
21.747	0.05	Adapter 1501Hz	3	1.501	70.00	0.186
22.007	0.05	Adapter 1501Hz	3	1.501	70.00	0.186
22.087	0.05	Adapter 1501Hz	3	1.501	70.00	0.186
22.167	0.05	Adapter 1501Hz	3	1.501	70.00	0.186
22.247	0.05	Adapter 1501Hz	3	1.501	70.00	0.186
24.995	0.05	Adapter 507Hz Probe 3839Hz	4	0.507	70.00	0.079
25.075	0.05	Adapter 507Hz Probe 3839Hz	4	0.507	70.00	0.079
25.155	0.05	Adapter 507Hz Probe 3839Hz	4	0.507	70.00	0.079
25.235	0.05	Adapter 507Hz Probe 3839Hz	4	0.507	70.00	0.079
25.315	0.05	Adapter 507Hz Probe 3839Hz	4	3.839	70.00	0.437
25.495	0.05	Adapter 507Hz Probe 3839Hz	4	0.507	70.00	0.079
25.575	0.05	Adapter 507Hz Probe 3839Hz	4	0.507	70.00	0.079
25.655	0.05	Adapter 507Hz Probe 3839Hz	4	0.507	70.00	0.079
25.735	0.05	Adapter 507Hz Probe 3839Hz	4	0.507	70.00	0.079
25.815	0.05	Adapter 507Hz Probe 3839Hz	4	3.839	70.00	0.437
25.995	0.05	Adapter 507Hz Probe 3839Hz	4	0.507	70.00	0.079
26.075	0.05	Adapter 507Hz Probe 3839Hz	4	0.507	70.00	0.079
26.155	0.05	Adapter 507Hz Probe 3839Hz	4	0.507	70.00	0.079
26.235	0.05	Adapter 507Hz Probe 3839Hz	4	0.507	70.00	0.079
26.315	0.05	Adapter 507Hz Probe 3839Hz	4	3.839	70.00	0.437
26.495	0.05	Adapter 507Hz Probe 3839Hz	4	0.507	70.00	0.079
26.575	0.05	Adapter 507Hz Probe 3839Hz	4	0.507	70.00	0.079
26.655	0.05	Adapter 507Hz Probe 3839Hz	4	0.507	70.00	0.079
26.735	0.05	Adapter 507Hz Probe 3839Hz	4	0.507	70.00	0.079
26.815	0.05	Adapter 507Hz Probe 3839Hz	4	3.839	70.00	0.437
26.995	0.05	Adapter 507Hz Probe 3839Hz	4	0.507	70.00	0.079
27.075	0.05	Adapter 507Hz Probe 3839Hz	4	0.507	70.00	0.079
27.155	0.05	Adapter 507Hz Probe 3839Hz	4	0.507	70.00	0.079
27.235	0.05	Adapter 507Hz Probe 3839Hz	4	0.507	70.00	0.079
27.315	0.05	Adapter 507Hz Probe 3839Hz	4	3.839	70.00	0.437
27.495	0.05	Adapter 507Hz Probe 3839Hz	4	0.507	70.00	0.079
27.575	0.05	Adapter 507Hz Probe 3839Hz	4	0.507	70.00	0.079
27.655	0.05	Adapter 507Hz Probe 3839Hz	4	0.507	70.00	0.079
27.735	0.05	Adapter 507Hz Probe 3839Hz	4	0.507	70.00	0.079
27.815	0.05	Adapter 507Hz Probe 3839Hz	4	3.839	70.00	0.437
27.995	0.05	Adapter 507Hz Probe 3839Hz	4	0.507	70.00	0.079
28.075	0.05	Adapter 507Hz Probe 3839Hz	4	0.507	70.00	0.079
28.155	0.05	Adapter 507Hz Probe 3839Hz	4	0.507	70.00	0.079
28.235	0.05	Adapter 507Hz Probe 3839Hz	4	0.507	70.00	0.079
28.315	0.05	Adapter 507Hz Probe 3839Hz	4	3.839	70.00	0.437
28.495	0.05	Adapter 507Hz Probe 3839Hz	4	0.507	70.00	0.079
28.575	0.05	Adapter 507Hz Probe 3839Hz	4	0.507	70.00	0.079
28.655	0.05	Adapter 507Hz Probe 3839Hz	4	0.507	70.00	0.079
28.735	0.05	Adapter 507Hz Probe 3839Hz	4	0.507	70.00	0.079
28.815	0.05	Adapter 507Hz Probe 3839Hz	4	3.839	70.00	0.437
28.995	0.05	Adapter 507Hz Probe 3839Hz	4	0.507	70.00	0.079
29.075	0.05	Adapter 507Hz Probe 3839Hz	4	0.507	70.00	0.079
29.155	0.05	Adapter 507Hz Probe 3839Hz	4	0.507	70.00	0.079
29.235	0.05	Adapter 507Hz Probe 3839Hz	4	0.507	70.00	0.079
29.315	0.05	Adapter 507Hz Probe 3839Hz	4	3.839	70.00	0.437
29.495	0.05	Adapter 507Hz Probe 3839Hz	4	0.507	70.00	0.079
29.575	0.05	Adapter 507Hz Probe 3839Hz	4	0.507	70.00	0.079
29.655	0.05	Adapter 507Hz Probe 3839Hz	4	0.507	70.00	0.079
29.735	0.05	Adapter 507Hz Probe 3839Hz	4	0.507	70.00	0.079
29.815	0.05	Adapter 507Hz Probe 3839Hz	4	3.839	70.00	0.437
39.971	0.05	Adapter 2423Hz Probe 3839Hz	6	2.423	70.00	0.285
40.051	0.05	Adapter 2423Hz Probe 3839Hz	6	2.423	70.00	0.285
40.131	0.05	Adapter 2423Hz Probe 3839Hz	6	2.423	70.00	0.285
40.211	0.05	Adapter 2423Hz Probe 3839Hz	6	2.423	70.00	0.285
40.291	0.05	Adapter 2423Hz Probe 3839Hz	6	3.839	70.00	0.437
40.471	0.05	Adapter 2423Hz Probe 3839Hz	6	2.423	70.00	0.285
40.551	0.05	Adapter 2423Hz Probe 3839Hz	6	2.423	70.00	0.285
40.631	0.05	Adapter 2423Hz Probe 3839Hz	6	2.423	70.00	0.285
40.711	0.05	Adapter 2423Hz Probe 3839Hz	6	2.423	70.00	0.285
40.791	0.05	Adapter 2423Hz Probe 3839Hz	6	3.839	70.00	0.437
40.971	0.05	Adapter 2423Hz Probe 3839Hz	6	2.423	70.00	0.285
41.051	0.05	Adapter 2423Hz Probe 3839Hz	6	2.423	70.00	0.285
41.131	0.05	Adapter 2423Hz Probe 3839Hz	6	2.423	70.00	0.285
41.211	0.05	Adapter 2423Hz Probe 3839Hz	6	2.423	70.00	0.285
41.291	0.05	Adapter 2423Hz Probe 3839Hz	6	3.839	70.00	0.437
41.471	0.05	Adapter 2423Hz Probe 3839Hz	6	2.423	70.00	0.285
41.551	0.05	Adapter 2423Hz Probe 3839Hz	6	2.423	70.00	0.285
41.631	0.05	Adapter 2423Hz Probe 3839Hz	6	2.423	70.00	0.285
41.711	0.05	Adapter 2423Hz Probe 3839Hz	6	2.423	70.00	0.285
41.791	0.05	Adapter 2423Hz Probe 3839Hz	6	3.839	70.00	0.437
41.971	0.05	Adapter 2423Hz Probe 3839Hz	6	2.423	70.00	0.285
42.051	0.05	Adapter 2423Hz Probe 3839Hz	6	2.423	70.00	0.285
42.131	0.05	Adapter 2423Hz Probe 3839Hz	6	2.423	70.00	0.285
42.211	0.05	Adapter 2423Hz Probe 3839Hz	6	2.423	70.00	0.285
42.291	0.05	Adapter 2423Hz Probe 3839Hz	6	3.839	70.00	0.437
42.471	0.05	Adapter 2423Hz Probe 3839Hz	6	2.423	70.00	0.285
42.551	0.05	Adapter 2423Hz Probe 3839Hz	6	2.423	70.00	0.285
42.631	0.05	Adapter 2423Hz Probe 3839Hz	6	2.423	70.00	0.285
42.711	0.05	Adapter 2423Hz Probe 3839Hz	6	2.423	70.00	0.285
42.791	0.05	Adapter 2423Hz Probe 3839Hz	6	3.839	70.00	0.437
42.971	0.05	Adapter 2423Hz Probe 3839Hz	6	2.423	70.00	0.285
43.051	0.05	Adapter 2423Hz Probe 3839Hz	6	2.423	70.00	0.285
43.131	0.05	Adapter 2423Hz Probe 3839Hz	6	2.423	70.00	0.285
43.211	0.05	Adapter 2423Hz Probe 3839Hz	6	2.423	70.00	0.285
43.291	0.05	Adapter 2423Hz Probe 3839Hz	6	3.839	70.00	0.437
43.471	0.05	Adapter 2423Hz Probe 3839Hz	6	2.423	70.00	0.285
43.551	0.05	Adapter 2423Hz Probe 3839Hz	6	2.423	70.00	0.285
43.631	0.05	Adapter 2423Hz Probe 3839Hz	6	2.423	70.00	0.285
43.711	0.05	Adapter 2423Hz Probe 3839Hz	6	2.423	70.00	0.285
43.791	0.05	Adapter 2423Hz Probe 3839Hz	6	3.839	70.00	0.437
43.971	0.05	Adapter 2423Hz Probe 3839Hz	6	2.423	70.00	0.285
44.051	0.05	Adapter 2423Hz Probe 3839Hz	6	2.423	70.00	0.285
44.131	0.05	Adapter 2423Hz Probe 3839Hz	6	2.423	70.00	0.285
44.211	0.05	Adapter 2423Hz Probe 3839Hz	6	2.423	70.00	0.285
44.291	0.05	Adapter 2423Hz Probe 3839Hz	6	3.839	70.00	0.437
44.471	0.05	Adapter 2423Hz Probe 3839Hz	6	2.423	70.00	0.285
44.551	0.05	Adapter 2423Hz Probe 3839Hz	6	2.423	70.00	0.285
44.631	0.05	Adapter 2423Hz Probe 3839Hz	6	2.423	70.00	0.285
44.711	0.05	Adapter 2423Hz Probe 3839Hz	6	2.423	70.00	0.285
44.791	0.05	Adapter 2423Hz Probe 3839Hz	6	3.839	70.00	0.437
55.01	0.05	Adapter 6009Hz	8	6.009	70.00	0.671
55.09	0.05	Adapter 6009Hz	8	6.009	70.00	0.671
55.17	0.05	Adapter 6009Hz	8	6.009	70.00	0.671
55.25	0.05	Adapter 6009Hz	8	6.009	70.00	0.671
55.51	0.05	Adapter 6009Hz	8	6.009	70.00	0.671
55.59	0.05	Adapter 6009Hz	8	6.009	70.00	0.671
55.67	0.05	Adapter 6009Hz	8	6.009	70.00	0.671
55.75	0.05	Adapter 6009Hz	8	6.009	70.00	0.671
56.01	0.05	Adapter 6009Hz	8	6.009	70.00	0.671
56.09	0.05	Adapter 6009Hz	8	6.009	70.00	0.671
56.17	0.05	Adapter 6009Hz	8	6.009	70.00	0.671
56.25	0.05	Adapter 6009Hz	8	6.009	70.00	0.671
56.51	0.05	Adapter 6009Hz	8	6.009	70.00	0.671
56.59	0.05	Adapter 6009Hz	8	6.009	70.00	0.671
56.67	0.05	Adapter 6009Hz	8	6.009	70.00	0.671
56.75	0.05	Adapter 6009Hz	8	6.009	70.00	0.671
57.01	0.05	Adapter 6009Hz	8	6.009	70.00	0.671
57.09	0.05	Adapter 6009Hz	8	6.009	70.00	0.671
57.17	0.05	Adapter 6009Hz	8	6.009	70.00	0.671
57.25	0.05	Adapter 6009Hz	8	6.009	70.00	0.671
57.51	0.05	Adapter 6009Hz	8	6.009	70.00	0.671
57.59	0.05	Adapter 6009Hz	8	6.009	70.00	0.671
57.67	0.05	Adapter 6009Hz	8	6.009	70.00	0.671
57.75	0.05	Adapter 6009Hz	8	6.009	70.00	0.671
58.01	0.05	Adapter 6009Hz	8	6.009	70.00	0.671
58.09	0.05	Adapter 6009Hz	8	6.009	70.00	0.671
58.17	0.05	Adapter 6009Hz	8	6.009	70.00	0.671
58.25	0.05	Adapter 6009Hz	8	6.009	70.00	0.671
58.51	0.05	Adapter 6009Hz	8	6.009	70.00	0.671
58.59	0.05	Adapter 6009Hz	8	6.009	70.00	0.671
58.67	0.05	Adapter 6009Hz	8	6.009	70.00	0.671
58.75	0.05	Adapter 6009Hz	8	6.009	70.00	0.671
59.01	0.05	Adapter 6009Hz	8	6.009	70.00	0.671
59.09	0.05	Adapter 6009Hz	8	6.009	70.00	0.671
59.17	0.05	Adapter 6009Hz	8	6.009	70.00	0.671
59.25	0.05	Adapter 6009Hz	8	6.009	70.00	0.671
59.51	0.05	Adapter 6009Hz	8	6.009	70.00	0.671
59.59	0.05	Adapter 6009Hz	8	6.009	70.00	0.671
59.67	0.05	Adapter 6009Hz	8	6.009	70.00	0.671
59.75	0.05	Adapter 6009Hz	8	6.009	70.00	0.671
62.498	0.05	Adapter 2423Hz	9	2.423	70.00	0.285
62.578	0.05	Adapter 2423Hz	9	2.423	70.00	0.285
62.658	0.05	Adapter 2423Hz	9	2.423	70.00	0.285
62.738	0.05	Adapter 2423Hz	9	2.423	70.00	0.285
62.998	0.05	Adapter 2423Hz	9	2.423	70.00	0.285
63.078	0.05	Adapter 2423Hz	9	2.423	70.00	0.285
63.158	0.05	Adapter 2423Hz	9	2.423	70.00	0.285
63.238	0.05	Adapter 2423Hz	9	2.423	70.00	0.285
63.498	0.05	Adapter 2423Hz	9	2.423	70.00	0.285
63.578	0.05	Adapter 2423Hz	9	2.423	70.00	0.285
63.658	0.05	Adapter 2423Hz	9	2.423	70.00	0.285
63.738	0.05	Adapter 2423Hz	9	2.423	70.00	0.285
63.998	0.05	Adapter 2423Hz	9	2.423	70.00	0.285
64.078	0.05	Adapter 2423Hz	9	2.423	70.00	0.285
64.158	0.05	Adapter 2423Hz	9	2.423	70.00	0.285
64.238	0.05	Adapter 2423Hz	9	2.423	70.00	0.285
64.498	0.05	Adapter 2423Hz	9	2.423	70.00	0.285
64.578	0.05	Adapter 2423Hz	9	2.423	70.00	0.285
64.658	0.05	Adapter 2423Hz	9	2.423	70.00	0.285
64.738	0.05	Adapter 2423Hz	9	2.423	70.00	0.285
64.998	0.05	Adapter 2423Hz	9	2.423	70.00	0.285
65.078	0.05	Adapter 2423Hz	9	2.423	70.00	0.285
65.158	0.05	Adapter 2423Hz	9	2.423	70.00	0.285
65.238	0.05	Adapter 2423Hz	9	2.423	70.00	0.285
65.498	0.05	Adapter 2423Hz	9	2.423	70.00	0.285
65.578	0.05	Adapter 2423Hz	9	2.423	70.00	0.285
65.658	0.05	Adapter 2423Hz	9	2.423	70.00	0.285
65.738	0.05	Adapter 2423Hz	9	2.423	70.00	0.285
65.998	0.05	Adapter 2423Hz	9	2.423	70.00	0.285
66.078	0.05	Adapter 2423Hz	9	2.423	70.00	0.285
66.158	0.05	Adapter 2423Hz	9	2.423	70.00	0.285
66.238	0.05	Adapter 2423Hz	9	2.423	70.00	0.285
66.498	0.05	Adapter 2423Hz	9	2.423	70.00	0.285
66.578	0.05	Adapter 2423Hz	9	2.423	70.00	0.285
66.658	0.05	Adapter 2423Hz	9	2.423	70.00	0.285
66.738	0.05	Adapter 2423Hz	9	2.423	70.00	0.285
66.998	0.05	Adapter 2423Hz	9	2.423	70.00	0.285
67.078	0.05	Adapter 2423Hz	9	2.423	70.00	0.285
67.158	0.05	Adapter 2423Hz	9	2.423	70.00	0.285
67.238	0.05	Adapter 2423Hz	9	2.423	70.00	0.285
69.986	0.05	Adapter 1501Hz Probe 3839Hz	10	1.501	70.00	0.186
70.066	0.05	Adapter 1501Hz Probe 3839Hz	10	1.501	70.00	0.186
70.146	0.05	Adapter 1501Hz Probe 3839Hz	10	1.501	70.00	0.186
70.226	0.05	Adapter 1501Hz Probe 3839Hz	10	1.501	70.00	0.186
70.306	0.05	Adapter 1501Hz Probe 3839Hz	10	3.839	70.00	0.437
70.486	0.05	Adapter 1501Hz Probe 3839Hz	10	1.501	70.00	0.186
70.566	0.05	Adapter 1501Hz Probe 3839Hz	10	1.501	70.00	0.186
70.646	0.05	Adapter 1501Hz Probe 3839Hz	10	1.501	70.00	0.186
70.726	0.05	Adapter 1501Hz Probe 3839Hz	10	1.501	70.00	0.186
70.806	0.05	Adapter 1501Hz Probe 3839Hz	10	3.839	70.00	0.437
70.986	0.05	Adapter 1501Hz Probe 3839Hz	10	1.501	70.00	0.186
71.066	0.05	Adapter 1501Hz Probe 3839Hz	10	1.501	70.00	0.186
71.146	0.05	Adapter 1501Hz Probe 3839Hz	10	1.501	70.00	0.186
71.226	0.05	Adapter 1501Hz Probe 3839Hz	10	1.501	70.00	0.186
71.306	0.05	Adapter 1501Hz Probe 3839Hz	10	3.839	70.00	0.437
71.486	0.05	Adapter 1501Hz Probe 3839Hz	10	1.501	70.00	0.186
71.566	0.05	Adapter 1501Hz Probe 3839Hz	10	1.501	70.00	0.186
71.646	0.05	Adapter 1501Hz Probe 3839Hz	10	1.501	70.00	0.186
71.726	0.05	Adapter 1501Hz Probe 3839Hz	10	1.501	70.00	0.186
71.806	0.05	Adapter 1501Hz Probe 3839Hz	10	3.839	70.00	0.437
71.986	0.05	Adapter 1501Hz Probe 3839Hz	10	1.501	70.00	0.186
72.066	0.05	Adapter 1501Hz Probe 3839Hz	10	1.501	70.00	0.186
72.146	0.05	Adapter 1501Hz Probe 3839Hz	10	1.501	70.00	0.186
72.226	0.05	Adapter 1501Hz Probe 3839Hz	10	1.501	70.00	0.186
72.306	0.05	Adapter 1501Hz Probe 3839Hz	10	3.839	70.00	0.437
72.486	0.05	Adapter 1501Hz Probe 3839Hz	10	1.501	70.00	0.186
72.566	0.05	Adapter 1501Hz Probe 3839Hz	10	1.501	70.00	0.186
72.646	0.05	Adapter 1501Hz Probe 3839Hz	10	1.501	70.00	0.186
72.726	0.05	Adapter 1501Hz Probe 3839Hz	10	1.501	70.00	0.186
72.806	0.05	Adapter 1501Hz Probe 3839Hz	10	3.839	70.00	0.437
72.986	0.05	Adapter 1501Hz Probe 3839Hz	10	1.501	70.00	0.186
73.066	0.05	Adapter 1501Hz Probe 3839Hz	10	1.501	70.00	0.186
73.146	0.05	Adapter 1501Hz Probe 3839Hz	10	1.501	70.00	0.186
73.226	0.05	Adapter 1501Hz Probe 3839Hz	10	1.501	70.00	0.186
73.306	0.05	Adapter 1501Hz Probe 3839Hz	10	3.839	70.00	0.437
73.486	0.05	Adapter 1501Hz Probe 3839Hz	10	1.501	70.00	0.186
73.566	0.05	Adapter 1501Hz Probe 3839Hz	10	1.501	70.00	0.186
73.646	0.05	Adapter 1501Hz Probe 3839Hz	10	1.501	70.00	0.186
73.726	0.05	Adapter 1501Hz Probe 3839Hz	10	1.501	70.00	0.186
73.806	0.05	Adapter 1501Hz Probe 3839Hz	10	3.839	70.00	0.437
73.986	0.05	Adapter 1501Hz Probe 3839Hz	10	1.501	70.00	0.186
74.066	0.05	Adapter 1501Hz Probe 3839Hz	10	1.501	70.00	0.186
74.146	0.05	Adapter 1501Hz Probe 3839Hz	10	1.501	70.00	0.186
74.226	0.05	Adapter 1501Hz Probe 3839Hz	10	1.501	70.00	0.186
74.306	0.05	Adapter 1501Hz Probe 3839Hz	10	3.839	70.00	0.437
74.486	0.05	Adapter 1501Hz Probe 3839Hz	10	1.501	70.00	0.186
74.566	0.05	Adapter 1501Hz Probe 3839Hz	10	1.501	70.00	0.186
74.646	0.05	Adapter 1501Hz Probe 3839Hz	10	1.501	70.00	0.186
74.726	0.05	Adapter 1501Hz Probe 3839Hz	10	1.501	70.00	0.186
74.806	0.05	Adapter 1501Hz Probe 3839Hz	10	3.839	70.00	0.437
85.024	0.05	Adapter 899Hz Probe 3839Hz	12	0.899	70.00	0.121
85.104	0.05	Adapter 899Hz Probe 3839Hz	12	0.899	70.00	0.121
85.184	0.05	Adapter 899Hz Probe 3839Hz	12	0.899	70.00	0.121
85.264	0.05	Adapter 899Hz Probe 3839Hz	12	0.899	70.00	0.121
85.344	0.05	Adapter 899Hz Probe 3839Hz	12	3.839	70.00	0.437
85.524	0.05	Adapter 899Hz Probe 3839Hz	12	0.899	70.00	0.121
85.604	0.05	Adapter 899Hz Probe 3839Hz	12	0.899	70.00	0.121
85.684	0.05	Adapter 899Hz Probe 3839Hz	12	0.899	70.00	0.121
85.764	0.05	Adapter 899Hz Probe 3839Hz	12	0.899	70.00	0.121
85.844	0.05	Adapter 899Hz Probe 3839Hz	12	3.839	70.00	0.437
86.024	0.05	Adapter 899Hz Probe 3839Hz	12	0.899	70.00	0.121
86.104	0.05	Adapter 899Hz Probe 3839Hz	12	0.899	70.00	0.121
86.184	0.05	Adapter 899Hz Probe 3839Hz	12	0.899	70.00	0.121
86.264	0.05	Adapter 899Hz Probe 3839Hz	12	0.899	70.00	0.121
86.344	0.05	Adapter 899Hz Probe 3839Hz	12	3.839	70.00	0.437
86.524	0.05	Adapter 899Hz Probe 3839Hz	12	0.899	70.00	0.121
86.604	0.05	Adapter 899Hz Probe 3839Hz	12	0.899	70.00	0.121
86.684	0.05	Adapter 899Hz Probe 3839Hz	12	0.899	70.00	0.121
86.764	0.05	Adapter 899Hz Probe 3839Hz	12	0.899	70.00	0.121
86.844	0.05	Adapter 899Hz Probe 3839Hz	12	3.839	70.00	0.437
87.024	0.05	Adapter 899Hz Probe 3839Hz	12	0.899	70.00	0.121
87.104	0.05	Adapter 899Hz Probe 3839Hz	12	0.899	70.00	0.121
87.184	0.05	Adapter 899Hz Probe 3839Hz	12	0.899	70.00	0.121
87.264	0.05	Adapter 899Hz Probe 3839Hz	12	0.899	70.00	0.121
87.344	0.05	Adapter 899Hz Probe 3839Hz	12	3.839	70.00	0.437
87.524	0.05	Adapter 899Hz Probe 3839Hz	12	0.899	70.00	0.121
87.604	0.05	Adapter 899Hz Probe 3839Hz	12	0.899	70.00	0.121
87.684	0.05	Adapter 899Hz Probe 3839Hz	12	0.899	70.00	0.121
87.764	0.05	Adapter 899Hz Probe 3839Hz	12	0.899	70.00	0.121
87.844	0.05	Adapter 899Hz Probe 3839Hz	12	3.839	70.00	0.437
88.024	0.05	Adapter 899Hz Probe 3839Hz	12	0.899	70.00	0.121
88.104	0.05	Adapter 899Hz Probe 3839Hz	12	0.899	70.00	0.121
88.184	0.05	Adapter 899Hz Probe 3839Hz	12	0.899	70.00	0.121
88.264	0.05	Adapter 899Hz Probe 3839Hz	12	0.899	70.00	0.121
88.344	0.05	Adapter 899Hz Probe 3839Hz	12	3.839	70.00	0.437
88.524	0.05	Adapter 899Hz Probe 3839Hz	12	0.899	70.00	0.121
88.604	0.05	Adapter 899Hz Probe 3839Hz	12	0.899	70.00	0.121
88.684	0.05	Adapter 899Hz Probe 3839Hz	12	0.899	70.00	0.121
88.764	0.05	Adapter 899Hz Probe 3839Hz	12	0.899	70.00	0.121
88.844	0.05	Adapter 899Hz Probe 3839Hz	12	3.839	70.00	0.437
89.024	0.05	Adapter 899Hz Probe 3839Hz	12	0.899	70.00	0.121
89.104	0.05	Adapter 899Hz Probe 3839Hz	12	0.899	70.00	0.121
89.184	0.05	Adapter 899Hz Probe 3839Hz	12	0.899	70.00	0.121
89.264	0.05	Adapter 899Hz Probe 3839Hz	12	0.899	70.00	0.121
89.344	0.05	Adapter 899Hz Probe 3839Hz	12	3.839	70.00	0.437
89.524	0.05	Adapter 899Hz Probe 3839Hz	12	0.899	70.00	0.121
89.604	0.05	Adapter 899Hz Probe 3839Hz	12	0.899	70.00	0.121
89.684	0.05	Adapter 899Hz Probe 3839Hz	12	0.899	70.00	0.121
89.764	0.05	Adapter 899Hz Probe 3839Hz	12	0.899	70.00	0.121
89.844	0.05	Adapter 899Hz Probe 3839Hz	12	3.839	70.00	0.437
92.512	0.05	Adapter 3839Hz Probe 3839Hz	13	3.839	70.00	0.437
92.592	0.05	Adapter 3839Hz Probe 3839Hz	13	3.839	70.00	0.437
92.672	0.05	Adapter 3839Hz Probe 3839Hz	13	3.839	70.00	0.437
92.752	0.05	Adapter 3839Hz Probe 3839Hz	13	3.839	70.00	0.437
92.832	0.05	Adapter 3839Hz Probe 3839Hz	13	3.839	70.00	0.437
93.012	0.05	Adapter 3839Hz Probe 3839Hz	13	3.839	70.00	0.437
93.092	0.05	Adapter 3839Hz Probe 3839Hz	13	3.839	70.00	0.437
93.172	0.05	Adapter 3839Hz Probe 3839Hz	13	3.839	70.00	0.437
93.252	0.05	Adapter 3839Hz Probe 3839Hz	13	3.839	70.00	0.437
93.332	0.05	Adapter 3839Hz Probe 3839Hz	13	3.839	70.00	0.437
93.512	0.05	Adapter 3839Hz Probe 3839Hz	13	3.839	70.00	0.437
93.592	0.05	Adapter 3839Hz Probe 3839Hz	13	3.839	70.00	0.437
93.672	0.05	Adapter 3839Hz Probe 3839Hz	13	3.839	70.00	0.437
93.752	0.05	Adapter 3839Hz Probe 3839Hz	13	3.839	70.00	0.437
93.832	0.05	Adapter 3839Hz Probe 3839Hz	13	3.839	70.00	0.437
94.012	0.05	Adapter 3839Hz Probe 3839Hz	13	3.839	70.00	0.437
94.092	0.05	Adapter 3839Hz Probe 3839Hz	13	3.839	70.00	0.437
94.172	0.05	Adapter 3839Hz Probe 3839Hz	13	3.839	70.00	0.437
94.252	0.05	Adapter 3839Hz Probe 3839Hz	13	3.839	70.00	0.437
94.332	0.05	Adapter 3839Hz Probe 3839Hz	13	3.839	70.00	0.437
94.512	0.05	Adapter 3839Hz Probe 3839Hz	13	3.839	70.00	0.437
94.592	0.05	Adapter 3839Hz Probe 3839Hz	13	3.839	70.00	0.437
94.672	0.05	Adapter 3839Hz Probe 3839Hz	13	3.839	70.00	0.437
94.752	0.05	Adapter 3839Hz Probe 3839Hz	13	3.839	70.00	0.437
94.832	0.05	Adapter 3839Hz Probe 3839Hz	13	3.839	70.00	0.437
95.012	0.05	Adapter 3839Hz Probe 3839Hz	13	3.839	70.00	0.437
95.092	0.05	Adapter 3839Hz Probe 3839Hz	13	3.839	70.00	0.437
95.172	0.05	Adapter 3839Hz Probe 3839Hz	13	3.839	70.00	0.437
95.252	0.05	Adapter 3839Hz Probe 3839Hz	13	3.839	70.00	0.437
95.332	0.05	Adapter 3839Hz Probe 3839Hz	13	3.839	70.00	0.437
95.512	0.05	Adapter 3839Hz Probe 3839Hz	13	3.839	70.00	0.437
95.592	0.05	Adapter 3839Hz Probe 3839Hz	13	3.839	70.00	0.437
95.672	0.05	Adapter 3839Hz Probe 3839Hz	13	3.839	70.00	0.437
95.752	0.05	Adapter 3839Hz Probe 3839Hz	13	3.839	70.00	0.437
95.832	0.05	Adapter 3839Hz Probe 3839Hz	13	3.839	70.00	0.437
96.012	0.05	Adapter 3839Hz Probe 3839Hz	13	3.839	70.00	0.437
96.092	0.05	Adapter 3839Hz Probe 3839Hz	13	3.839	70.00	0.437
96.172	0.05	Adapter 3839Hz Probe 3839Hz	13	3.839	70.00	0.437
96.252	0.05	Adapter 3839Hz Probe 3839Hz	13	3.839	70.00	0.437
96.332	0.05	Adapter 3839Hz Probe 3839Hz	13	3.839	70.00	0.437
96.512	0.05	Adapter 3839Hz Probe 3839Hz	13	3.839	70.00	0.437
96.592	0.05	Adapter 3839Hz Probe 3839Hz	13	3.839	70.00	0.437
96.672	0.05	Adapter 3839Hz Probe 3839Hz	13	3.839	70.00	0.437
96.752	0.05	Adapter 3839Hz Probe 3839Hz	13	3.839	70.00	0.437
96.832	0.05	Adapter 3839Hz Probe 3839Hz	13	3.839	70.00	0.437
97.012	0.05	Adapter 3839Hz Probe 3839Hz	13	3.839	70.00	0.437
97.092	0.05	Adapter 3839Hz Probe 3839Hz	13	3.839	70.00	0.437
97.172	0.05	Adapter 3839Hz Probe 3839Hz	13	3.839	70.00	0.437
97.252	0.05	Adapter 3839Hz Probe 3839Hz	13	3.839	70.00	0.437
97.332	0.05	Adapter 3839Hz Probe 3839Hz	13	3.839	70.00	0.437
100.0	0.05	Adapter 899Hz	14	0.899	70.00	0.121
100.08	0.05	Adapter 899Hz	14	0.899	70.00	0.121
100.16	0.05	Adapter 899Hz	14	0.899	70.00	0.121
100.24	0.05	Adapter 899Hz	14	0.899	70.00	0.121
100.5	0.05	Adapter 899Hz	14	0.899	70.00	0.121
100.58	0.05	Adapter 899Hz	14	0.899	70.00	0.121
100.66	0.05	Adapter 899Hz	14	0.899	70.00	0.121
100.74	0.05	Adapter 899Hz	14	0.899	70.00	0.121
101.0	0.05	Adapter 899Hz	14	0.899	70.00	0.121
101.08	0.05	Adapter 899Hz	14	0.899	70.00	0.121
101.16	0.05	Adapter 899Hz	14	0.899	70.00	0.121
101.24	0.05	Adapter 899Hz	14	0.899	70.00	0.121
101.5	0.05	Adapter 899Hz	14	0.899	70.00	0.121
101.58	0.05	Adapter 899Hz	14	0.899	70.00	0.121
101.66	0.05	Adapter 899Hz	14	0.899	70.00	0.121
101.74	0.05	Adapter 899Hz	14	0.899	70.00	0.121
102.0	0.05	Adapter 899Hz	14	0.899	70.00	0.121
102.08	0.05	Adapter 899Hz	14	0.899	70.00	0.121
102.16	0.05	Adapter 899Hz	14	0.899	70.00	0.121
102.24	0.05	Adapter 899Hz	14	0.899	70.00	0.121
102.5	0.05	Adapter 899Hz	14	0.899	70.00	0.121
102.58	0.05	Adapter 899Hz	14	0.899	70.00	0.121
102.66	0.05	Adapter 899Hz	14	0.899	70.00	0.121
102.74	0.05	Adapter 899Hz	14	0.899	70.00	0.121
103.0	0.05	Adapter 899Hz	14	0.899	70.00	0.121
103.08	0.05	Adapter 899Hz	14	0.899	70.00	0.121
103.16	0.05	Adapter 899Hz	14	0.899	70.00	0.121
103.24	0.05	Adapter 899Hz	14	0.899	70.00	0.121
103.5	0.05	Adapter 899Hz	14	0.899	70.00	0.121
103.58	0.05	Adapter 899Hz	14	0.899	70.00	0.121
103.66	0.05	Adapter 899Hz	14	0.899	70.00	0.121
103.74	0.05	Adapter 899Hz	14	0.899	70.00	0.121
104.0	0.05	Adapter 899Hz	14	0.899	70.00	0.121
104.08	0.05	Adapter 899Hz	14	0.899	70.00	0.121
104.16	0.05	Adapter 899Hz	14	0.899	70.00	0.121
104.24	0.05	Adapter 899Hz	14	0.899	70.00	0.121
104.5	0.05	Adapter 899Hz	14	0.899	70.00	0.121
104.58	0.05	Adapter 899Hz	14	0.899	70.00	0.121
104.66	0.05	Adapter 899Hz	14	0.899	70.00	0.121
104.74	0.05	Adapter 899Hz	14	0.899	70.00	0.121
107.839	0.05	Probe 3839Hz	15	3.839	70.00	0.437
108.339	0.05	Probe 3839Hz	15	3.839	70.00	0.437
108.839	0.05	Probe 3839Hz	15	3.839	70.00	0.437
109.339	0.05	Probe 3839Hz	15	3.839	70.00	0.437
109.839	0.05	Probe 3839Hz	15	3.839	70.00	0.437
110.339	0.05	Probe 3839Hz	15	3.839	70.00	0.437
110.839	0.05	Probe 3839Hz	15	3.839	70.00	0.437
111.339	0.05	Probe 3839Hz	15	3.839	70.00	0.437
111.839	0.05	Probe 3839Hz	15	3.839	70.00	0.437
112.339	0.05	Probe 3839Hz	15	3.839	70.00	0.437
114.992	0.05	Adapter 3839Hz	16	3.839	70.00	0.437
115.072	0.05	Adapter 3839Hz	16	3.839	70.00	0.437
115.152	0.05	Adapter 3839Hz	16	3.839	70.00	0.437
115.232	0.05	Adapter 3839Hz	16	3.839	70.00	0.437
115.492	0.05	Adapter 3839Hz	16	3.839	70.00	0.437
115.572	0.05	Adapter 3839Hz	16	3.839	70.00	0.437
115.652	0.05	Adapter 3839Hz	16	3.839	70.00	0.437
115.732	0.05	Adapter 3839Hz	16	3.839	70.00	0.437
115.992	0.05	Adapter 3839Hz	16	3.839	70.00	0.437
116.072	0.05	Adapter 3839Hz	16	3.839	70.00	0.437
116.152	0.05	Adapter 3839Hz	16	3.839	70.00	0.437
116.232	0.05	Adapter 3839Hz	16	3.839	70.00	0.437
116.492	0.05	Adapter 3839Hz	16	3.839	70.00	0.437
116.572	0.05	Adapter 3839Hz	16	3.839	70.00	0.437
116.652	0.05	Adapter 3839Hz	16	3.839	70.00	0.437
116.732	0.05	Adapter 3839Hz	16	3.839	70.00	0.437
116.992	0.05	Adapter 3839Hz	16	3.839	70.00	0.437
117.072	0.05	Adapter 3839Hz	16	3.839	70.00	0.437
117.152	0.05	Adapter 3839Hz	16	3.839	70.00	0.437
117.232	0.05	Adapter 3839Hz	16	3.839	70.00	0.437
117.492	0.05	Adapter 3839Hz	16	3.839	70.00	0.437
117.572	0.05	Adapter 3839Hz	16	3.839	70.00	0.437
117.652	0.05	Adapter 3839Hz	16	3.839	70.00	0.437
117.732	0.05	Adapter 3839Hz	16	3.839	70.00	0.437
117.992	0.05	Adapter 3839Hz	16	3.839	70.00	0.437
118.072	0.05	Adapter 3839Hz	16	3.839	70.00	0.437
118.152	0.05	Adapter 3839Hz	16	3.839	70.00	0.437
118.232	0.05	Adapter 3839Hz	16	3.839	70.00	0.437
118.492	0.05	Adapter 3839Hz	16	3.839	70.00	0.437
118.572	0.05	Adapter 3839Hz	16	3.839	70.00	0.437
118.652	0.05	Adapter 3839Hz	16	3.839	70.00	0.437
118.732	0.05	Adapter 3839Hz	16	3.839	70.00	0.437
118.992	0.05	Adapter 3839Hz	16	3.839	70.00	0.437
119.072	0.05	Adapter 3839Hz	16	3.839	70.00	0.437
119.152	0.05	Adapter 3839Hz	16	3.839	70.00	0.437
119.232	0.05	Adapter 3839Hz	16	3.839	70.00	0.437
119.492	0.05	Adapter 3839Hz	16	3.839	70.00	0.437
119.572	0.05	Adapter 3839Hz	16	3.839	70.00	0.437
119.652	0.05	Adapter 3839Hz	16	3.839	70.00	0.437
119.732	0.05	Adapter 3839Hz	16	3.839	70.00	0.437
122.464	0.05	Adapter 507Hz	17	0.507	70.00	0.079
122.544	0.05	Adapter 507Hz	17	0.507	70.00	0.079
122.624	0.05	Adapter 507Hz	17	0.507	70.00	0.079
122.704	0.05	Adapter 507Hz	17	0.507	70.00	0.079
122.964	0.05	Adapter 507Hz	17	0.507	70.00	0.079
123.044	0.05	Adapter 507Hz	17	0.507	70.00	0.079
123.124	0.05	Adapter 507Hz	17	0.507	70.00	0.079
123.204	0.05	Adapter 507Hz	17	0.507	70.00	0.079
123.464	0.05	Adapter 507Hz	17	0.507	70.00	0.079
123.544	0.05	Adapter 507Hz	17	0.507	70.00	0.079
123.624	0.05	Adapter 507Hz	17	0.507	70.00	0.079
123.704	0.05	Adapter 507Hz	17	0.507	70.00	0.079
123.964	0.05	Adapter 507Hz	17	0.507	70.00	0.079
124.044	0.05	Adapter 507Hz	17	0.507	70.00	0.079
124.124	0.05	Adapter 507Hz	17	0.507	70.00	0.079
124.204	0.05	Adapter 507Hz	17	0.507	70.00	0.079
124.464	0.05	Adapter 507Hz	17	0.507	70.00	0.079
124.544	0.05	Adapter 507Hz	17	0.507	70.00	0.079
124.624	0.05	Adapter 507Hz	17	0.507	70.00	0.079
124.704	0.05	Adapter 507Hz	17	0.507	70.00	0.079
124.964	0.05	Adapter 507Hz	17	0.507	70.00	0.079
125.044	0.05	Adapter 507Hz	17	0.507	70.00	0.079
125.124	0.05	Adapter 507Hz	17	0.507	70.00	0.079
125.204	0.05	Adapter 507Hz	17	0.507	70.00	0.079
125.464	0.05	Adapter 507Hz	17	0.507	70.00	0.079
125.544	0.05	Adapter 507Hz	17	0.507	70.00	0.079
125.624	0.05	Adapter 507Hz	17	0.507	70.00	0.079
125.704	0.05	Adapter 507Hz	17	0.507	70.00	0.079
125.964	0.05	Adapter 507Hz	17	0.507	70.00	0.079
126.044	0.05	Adapter 507Hz	17	0.507	70.00	0.079
126.124	0.05	Adapter 507Hz	17	0.507	70.00	0.079
126.204	0.05	Adapter 507Hz	17	0.507	70.00	0.079
126.464	0.05	Adapter 507Hz	17	0.507	70.00	0.079
126.544	0.05	Adapter 507Hz	17	0.507	70.00	0.079
126.624	0.05	Adapter 507Hz	17	0.507	70.00	0.079
126.704	0.05	Adapter 507Hz	17	0.507	70.00	0.079
126.964	0.05	Adapter 507Hz	17	0.507	70.00	0.079
127.044	0.05	Adapter 507Hz	17	0.507	70.00	0.079
127.124	0.05	Adapter 507Hz	17	0.507	70.00	0.079
127.204	0.05	Adapter 507Hz	17	0.507	70.00	0.079
130.303	0.05	Probe 3839Hz	18	3.839	70.00	0.437
130.803	0.05	Probe 3839Hz	18	3.839	70.00	0.437
131.303	0.05	Probe 3839Hz	18	3.839	70.00	0.437
131.803	0.05	Probe 3839Hz	18	3.839	70.00	0.437
132.303	0.05	Probe 3839Hz	18	3.839	70.00	0.437
132.803	0.05	Probe 3839Hz	18	3.839	70.00	0.437
133.303	0.05	Probe 3839Hz	18	3.839	70.00	0.437
133.803	0.05	Probe 3839Hz	18	3.839	70.00	0.437
134.303	0.05	Probe 3839Hz	18	3.839	70.00	0.437
134.803	0.05	Probe 3839Hz	18	3.839	70.00	0.437
137.471	0.05	Adapter 899Hz	19	0.899	70.00	0.121
137.551	0.05	Adapter 899Hz	19	0.899	70.00	0.121
137.631	0.05	Adapter 899Hz	19	0.899	70.00	0.121
137.711	0.05	Adapter 899Hz	19	0.899	70.00	0.121
137.971	0.05	Adapter 899Hz	19	0.899	70.00	0.121
138.051	0.05	Adapter 899Hz	19	0.899	70.00	0.121
138.131	0.05	Adapter 899Hz	19	0.899	70.00	0.121
138.211	0.05	Adapter 899Hz	19	0.899	70.00	0.121
138.471	0.05	Adapter 899Hz	19	0.899	70.00	0.121
138.551	0.05	Adapter 899Hz	19	0.899	70.00	0.121
138.631	0.05	Adapter 899Hz	19	0.899	70.00	0.121
138.711	0.05	Adapter 899Hz	19	0.899	70.00	0.121
138.971	0.05	Adapter 899Hz	19	0.899	70.00	0.121
139.051	0.05	Adapter 899Hz	19	0.899	70.00	0.121
139.131	0.05	Adapter 899Hz	19	0.899	70.00	0.121
139.211	0.05	Adapter 899Hz	19	0.899	70.00	0.121
139.471	0.05	Adapter 899Hz	19	0.899	70.00	0.121
139.551	0.05	Adapter 899Hz	19	0.899	70.00	0.121
139.631	0.05	Adapter 899Hz	19	0.899	70.00	0.121
139.711	0.05	Adapter 899Hz	19	0.899	70.00	0.121
139.971	0.05	Adapter 899Hz	19	0.899	70.00	0.121
140.051	0.05	Adapter 899Hz	19	0.899	70.00	0.121
140.131	0.05	Adapter 899Hz	19	0.899	70.00	0.121
140.211	0.05	Adapter 899Hz	19	0.899	70.00	0.121
140.471	0.05	Adapter 899Hz	19	0.899	70.00	0.121
140.551	0.05	Adapter 899Hz	19	0.899	70.00	0.121
140.631	0.05	Adapter 899Hz	19	0.899	70.00	0.121
140.711	0.05	Adapter 899Hz	19	0.899	70.00	0.121
140.971	0.05	Adapter 899Hz	19	0.899	70.00	0.121
141.051	0.05	Adapter 899Hz	19	0.899	70.00	0.121
141.131	0.05	Adapter 899Hz	19	0.899	70.00	0.121
141.211	0.05	Adapter 899Hz	19	0.899	70.00	0.121
141.471	0.05	Adapter 899Hz	19	0.899	70.00	0.121
141.551	0.05	Adapter 899Hz	19	0.899	70.00	0.121
141.631	0.05	Adapter 899Hz	19	0.899	70.00	0.121
141.711	0.05	Adapter 899Hz	19	0.899	70.00	0.121
141.971	0.05	Adapter 899Hz	19	0.899	70.00	0.121
142.051	0.05	Adapter 899Hz	19	0.899	70.00	0.121
142.131	0.05	Adapter 899Hz	19	0.899	70.00	0.121
142.211	0.05	Adapter 899Hz	19	0.899	70.00	0.121
145.006	0.05	Adapter 3839Hz	20	3.839	70.00	0.437
145.086	0.05	Adapter 3839Hz	20	3.839	70.00	0.437
145.166	0.05	Adapter 3839Hz	20	3.839	70.00	0.437
145.246	0.05	Adapter 3839Hz	20	3.839	70.00	0.437
145.506	0.05	Adapter 3839Hz	20	3.839	70.00	0.437
145.586	0.05	Adapter 3839Hz	20	3.839	70.00	0.437
145.666	0.05	Adapter 3839Hz	20	3.839	70.00	0.437
145.746	0.05	Adapter 3839Hz	20	3.839	70.00	0.437
146.006	0.05	Adapter 3839Hz	20	3.839	70.00	0.437
146.086	0.05	Adapter 3839Hz	20	3.839	70.00	0.437
146.166	0.05	Adapter 3839Hz	20	3.839	70.00	0.437
146.246	0.05	Adapter 3839Hz	20	3.839	70.00	0.437
146.506	0.05	Adapter 3839Hz	20	3.839	70.00	0.437
146.586	0.05	Adapter 3839Hz	20	3.839	70.00	0.437
146.666	0.05	Adapter 3839Hz	20	3.839	70.00	0.437
146.746	0.05	Adapter 3839Hz	20	3.839	70.00	0.437
147.006	0.05	Adapter 3839Hz	20	3.839	70.00	0.437
147.086	0.05	Adapter 3839Hz	20	3.839	70.00	0.437
147.166	0.05	Adapter 3839Hz	20	3.839	70.00	0.437
147.246	0.05	Adapter 3839Hz	20	3.839	70.00	0.437
147.506	0.05	Adapter 3839Hz	20	3.839	70.00	0.437
147.586	0.05	Adapter 3839Hz	20	3.839	70.00	0.437
147.666	0.05	Adapter 3839Hz	20	3.839	70.00	0.437
147.746	0.05	Adapter 3839Hz	20	3.839	70.00	0.437
148.006	0.05	Adapter 3839Hz	20	3.839	70.00	0.437
148.086	0.05	Adapter 3839Hz	20	3.839	70.00	0.437
148.166	0.05	Adapter 3839Hz	20	3.839	70.00	0.437
148.246	0.05	Adapter 3839Hz	20	3.839	70.00	0.437
148.506	0.05	Adapter 3839Hz	20	3.839	70.00	0.437
148.586	0.05	Adapter 3839Hz	20	3.839	70.00	0.437
148.666	0.05	Adapter 3839Hz	20	3.839	70.00	0.437
148.746	0.05	Adapter 3839Hz	20	3.839	70.00	0.437
149.006	0.05	Adapter 3839Hz	20	3.839	70.00	0.437
149.086	0.05	Adapter 3839Hz	20	3.839	70.00	0.437
149.166	0.05	Adapter 3839Hz	20	3.839	70.00	0.437
149.246	0.05	Adapter 3839Hz	20	3.839	70.00	0.437
149.506	0.05	Adapter 3839Hz	20	3.839	70.00	0.437
149.586	0.05	Adapter 3839Hz	20	3.839	70.00	0.437
149.666	0.05	Adapter 3839Hz	20	3.839	70.00	0.437
149.746	0.05	Adapter 3839Hz	20	3.839	70.00	0.437
152.494	0.05	Adapter 2423Hz Probe 3839Hz	21	2.423	70.00	0.285
152.574	0.05	Adapter 2423Hz Probe 3839Hz	21	2.423	70.00	0.285
152.654	0.05	Adapter 2423Hz Probe 3839Hz	21	2.423	70.00	0.285
152.734	0.05	Adapter 2423Hz Probe 3839Hz	21	2.423	70.00	0.285
152.814	0.05	Adapter 2423Hz Probe 3839Hz	21	3.839	70.00	0.437
152.994	0.05	Adapter 2423Hz Probe 3839Hz	21	2.423	70.00	0.285
153.074	0.05	Adapter 2423Hz Probe 3839Hz	21	2.423	70.00	0.285
153.154	0.05	Adapter 2423Hz Probe 3839Hz	21	2.423	70.00	0.285
153.234	0.05	Adapter 2423Hz Probe 3839Hz	21	2.423	70.00	0.285
153.314	0.05	Adapter 2423Hz Probe 3839Hz	21	3.839	70.00	0.437
153.494	0.05	Adapter 2423Hz Probe 3839Hz	21	2.423	70.00	0.285
153.574	0.05	Adapter 2423Hz Probe 3839Hz	21	2.423	70.00	0.285
153.654	0.05	Adapter 2423Hz Probe 3839Hz	21	2.423	70.00	0.285
153.734	0.05	Adapter 2423Hz Probe 3839Hz	21	2.423	70.00	0.285
153.814	0.05	Adapter 2423Hz Probe 3839Hz	21	3.839	70.00	0.437
153.994	0.05	Adapter 2423Hz Probe 3839Hz	21	2.423	70.00	0.285
154.074	0.05	Adapter 2423Hz Probe 3839Hz	21	2.423	70.00	0.285
154.154	0.05	Adapter 2423Hz Probe 3839Hz	21	2.423	70.00	0.285
154.234	0.05	Adapter 2423Hz Probe 3839Hz	21	2.423	70.00	0.285
154.314	0.05	Adapter 2423Hz Probe 3839Hz	21	3.839	70.00	0.437
154.494	0.05	Adapter 2423Hz Probe 3839Hz	21	2.423	70.00	0.285
154.574	0.05	Adapter 2423Hz Probe 3839Hz	21	2.423	70.00	0.285
154.654	0.05	Adapter 2423Hz Probe 3839Hz	21	2.423	70.00	0.285
154.734	0.05	Adapter 2423Hz Probe 3839Hz	21	2.423	70.00	0.285
154.814	0.05	Adapter 2423Hz Probe 3839Hz	21	3.839	70.00	0.437
154.994	0.05	Adapter 2423Hz Probe 3839Hz	21	2.423	70.00	0.285
155.074	0.05	Adapter 2423Hz Probe 3839Hz	21	2.423	70.00	0.285
155.154	0.05	Adapter 2423Hz Probe 3839Hz	21	2.423	70.00	0.285
155.234	0.05	Adapter 2423Hz Probe 3839Hz	21	2.423	70.00	0.285
155.314	0.05	Adapter 2423Hz Probe 3839Hz	21	3.839	70.00	0.437
155.494	0.05	Adapter 2423Hz Probe 3839Hz	21	2.423	70.00	0.285
155.574	0.05	Adapter 2423Hz Probe 3839Hz	21	2.423	70.00	0.285
155.654	0.05	Adapter 2423Hz Probe 3839Hz	21	2.423	70.00	0.285
155.734	0.05	Adapter 2423Hz Probe 3839Hz	21	2.423	70.00	0.285
155.814	0.05	Adapter 2423Hz Probe 3839Hz	21	3.839	70.00	0.437
155.994	0.05	Adapter 2423Hz Probe 3839Hz	21	2.423	70.00	0.285
156.074	0.05	Adapter 2423Hz Probe 3839Hz	21	2.423	70.00	0.285
156.154	0.05	Adapter 2423Hz Probe 3839Hz	21	2.423	70.00	0.285
156.234	0.05	Adapter 2423Hz Probe 3839Hz	21	2.423	70.00	0.285
156.314	0.05	Adapter 2423Hz Probe 3839Hz	21	3.839	70.00	0.437
156.494	0.05	Adapter 2423Hz Probe 3839Hz	21	2.423	70.00	0.285
156.574	0.05	Adapter 2423Hz Probe 3839Hz	21	2.423	70.00	0.285
156.654	0.05	Adapter 2423Hz Probe 3839Hz	21	2.423	70.00	0.285
156.734	0.05	Adapter 2423Hz Probe 3839Hz	21	2.423	70.00	0.285
156.814	0.05	Adapter 2423Hz Probe 3839Hz	21	3.839	70.00	0.437
156.994	0.05	Adapter 2423Hz Probe 3839Hz	21	2.423	70.00	0.285
157.074	0.05	Adapter 2423Hz Probe 3839Hz	21	2.423	70.00	0.285
157.154	0.05	Adapter 2423Hz Probe 3839Hz	21	2.423	70.00	0.285
157.234	0.05	Adapter 2423Hz Probe 3839Hz	21	2.423	70.00	0.285
157.314	0.05	Adapter 2423Hz Probe 3839Hz	21	3.839	70.00	0.437
159.982	0.05	Adapter 1501Hz Probe 3839Hz	22	1.501	70.00	0.186
160.062	0.05	Adapter 1501Hz Probe 3839Hz	22	1.501	70.00	0.186
160.142	0.05	Adapter 1501Hz Probe 3839Hz	22	1.501	70.00	0.186
160.222	0.05	Adapter 1501Hz Probe 3839Hz	22	1.501	70.00	0.186
160.302	0.05	Adapter 1501Hz Probe 3839Hz	22	3.839	70.00	0.437
160.482	0.05	Adapter 1501Hz Probe 3839Hz	22	1.501	70.00	0.186
160.562	0.05	Adapter 1501Hz Probe 3839Hz	22	1.501	70.00	0.186
160.642	0.05	Adapter 1501Hz Probe 3839Hz	22	1.501	70.00	0.186
160.722	0.05	Adapter 1501Hz Probe 3839Hz	22	1.501	70.00	0.186
160.802	0.05	Adapter 1501Hz Probe 3839Hz	22	3.839	70.00	0.437
160.982	0.05	Adapter 1501Hz Probe 3839Hz	22	1.501	70.00	0.186
161.062	0.05	Adapter 1501Hz Probe 3839Hz	22	1.501	70.00	0.186
161.142	0.05	Adapter 1501Hz Probe 3839Hz	22	1.501	70.00	0.186
161.222	0.05	Adapter 1501Hz Probe 3839Hz	22	1.501	70.00	0.186
161.302	0.05	Adapter 1501Hz Probe 3839Hz	22	3.839	70.00	0.437
161.482	0.05	Adapter 1501Hz Probe 3839Hz	22	1.501	70.00	0.186
161.562	0.05	Adapter 1501Hz Probe 3839Hz	22	1.501	70.00	0.186
161.642	0.05	Adapter 1501Hz Probe 3839Hz	22	1.501	70.00	0.186
161.722	0.05	Adapter 1501Hz Probe 3839Hz	22	1.501	70.00	0.186
161.802	0.05	Adapter 1501Hz Probe 3839Hz	22	3.839	70.00	0.437
161.982	0.05	Adapter 1501Hz Probe 3839Hz	22	1.501	70.00	0.186
162.062	0.05	Adapter 1501Hz Probe 3839Hz	22	1.501	70.00	0.186
162.142	0.05	Adapter 1501Hz Probe 3839Hz	22	1.501	70.00	0.186
162.222	0.05	Adapter 1501Hz Probe 3839Hz	22	1.501	70.00	0.186
162.302	0.05	Adapter 1501Hz Probe 3839Hz	22	3.839	70.00	0.437
162.482	0.05	Adapter 1501Hz Probe 3839Hz	22	1.501	70.00	0.186
162.562	0.05	Adapter 1501Hz Probe 3839Hz	22	1.501	70.00	0.186
162.642	0.05	Adapter 1501Hz Probe 3839Hz	22	1.501	70.00	0.186
162.722	0.05	Adapter 1501Hz Probe 3839Hz	22	1.501	70.00	0.186
162.802	0.05	Adapter 1501Hz Probe 3839Hz	22	3.839	70.00	0.437
162.982	0.05	Adapter 1501Hz Probe 3839Hz	22	1.501	70.00	0.186
163.062	0.05	Adapter 1501Hz Probe 3839Hz	22	1.501	70.00	0.186
163.142	0.05	Adapter 1501Hz Probe 3839Hz	22	1.501	70.00	0.186
163.222	0.05	Adapter 1501Hz Probe 3839Hz	22	1.501	70.00	0.186
163.302	0.05	Adapter 1501Hz Probe 3839Hz	22	3.839	70.00	0.437
163.482	0.05	Adapter 1501Hz Probe 3839Hz	22	1.501	70.00	0.186
163.562	0.05	Adapter 1501Hz Probe 3839Hz	22	1.501	70.00	0.186
163.642	0.05	Adapter 1501Hz Probe 3839Hz	22	1.501	70.00	0.186
163.722	0.05	Adapter 1501Hz Probe 3839Hz	22	1.501	70.00	0.186
163.802	0.05	Adapter 1501Hz Probe 3839Hz	22	3.839	70.00	0.437
163.982	0.05	Adapter 1501Hz Probe 3839Hz	22	1.501	70.00	0.186
164.062	0.05	Adapter 1501Hz Probe 3839Hz	22	1.501	70.00	0.186
164.142	0.05	Adapter 1501Hz Probe 3839Hz	22	1.501	70.00	0.186
164.222	0.05	Adapter 1501Hz Probe 3839Hz	22	1.501	70.00	0.186
164.302	0.05	Adapter 1501Hz Probe 3839Hz	22	3.839	70.00	0.437
164.482	0.05	Adapter 1501Hz Probe 3839Hz	22	1.501	70.00	0.186
164.562	0.05	Adapter 1501Hz Probe 3839Hz	22	1.501	70.00	0.186
164.642	0.05	Adapter 1501Hz Probe 3839Hz	22	1.501	70.00	0.186
164.722	0.05	Adapter 1501Hz Probe 3839Hz	22	1.501	70.00	0.186
164.802	0.05	Adapter 1501Hz Probe 3839Hz	22	3.839	70.00	0.437
167.47	0.05	Adapter 251Hz	23	0.251	70.00	0.052
167.55	0.05	Adapter 251Hz	23	0.251	70.00	0.052
167.63	0.05	Adapter 251Hz	23	0.251	70.00	0.052
167.71	0.05	Adapter 251Hz	23	0.251	70.00	0.052
167.97	0.05	Adapter 251Hz	23	0.251	70.00	0.052
168.05	0.05	Adapter 251Hz	23	0.251	70.00	0.052
168.13	0.05	Adapter 251Hz	23	0.251	70.00	0.052
168.21	0.05	Adapter 251Hz	23	0.251	70.00	0.052
168.47	0.05	Adapter 251Hz	23	0.251	70.00	0.052
168.55	0.05	Adapter 251Hz	23	0.251	70.00	0.052
168.63	0.05	Adapter 251Hz	23	0.251	70.00	0.052
168.71	0.05	Adapter 251Hz	23	0.251	70.00	0.052
168.97	0.05	Adapter 251Hz	23	0.251	70.00	0.052
169.05	0.05	Adapter 251Hz	23	0.251	70.00	0.052
169.13	0.05	Adapter 251Hz	23	0.251	70.00	0.052
169.21	0.05	Adapter 251Hz	23	0.251	70.00	0.052
169.47	0.05	Adapter 251Hz	23	0.251	70.00	0.052
169.55	0.05	Adapter 251Hz	23	0.251	70.00	0.052
169.63	0.05	Adapter 251Hz	23	0.251	70.00	0.052
169.71	0.05	Adapter 251Hz	23	0.251	70.00	0.052
169.97	0.05	Adapter 251Hz	23	0.251	70.00	0.052
170.05	0.05	Adapter 251Hz	23	0.251	70.00	0.052
170.13	0.05	Adapter 251Hz	23	0.251	70.00	0.052
170.21	0.05	Adapter 251Hz	23	0.251	70.00	0.052
170.47	0.05	Adapter 251Hz	23	0.251	70.00	0.052
170.55	0.05	Adapter 251Hz	23	0.251	70.00	0.052
170.63	0.05	Adapter 251Hz	23	0.251	70.00	0.052
170.71	0.05	Adapter 251Hz	23	0.251	70.00	0.052
170.97	0.05	Adapter 251Hz	23	0.251	70.00	0.052
171.05	0.05	Adapter 251Hz	23	0.251	70.00	0.052
171.13	0.05	Adapter 251Hz	23	0.251	70.00	0.052
171.21	0.05	Adapter 251Hz	23	0.251	70.00	0.052
171.47	0.05	Adapter 251Hz	23	0.251	70.00	0.052
171.55	0.05	Adapter 251Hz	23	0.251	70.00	0.052
171.63	0.05	Adapter 251Hz	23	0.251	70.00	0.052
171.71	0.05	Adapter 251Hz	23	0.251	70.00	0.052
171.97	0.05	Adapter 251Hz	23	0.251	70.00	0.052
172.05	0.05	Adapter 251Hz	23	0.251	70.00	0.052
172.13	0.05	Adapter 251Hz	23	0.251	70.00	0.052
172.21	0.05	Adapter 251Hz	23	0.251	70.00	0.052
182.509	0.05	Adapter 1501Hz	25	1.501	70.00	0.186
182.589	0.05	Adapter 1501Hz	25	1.501	70.00	0.186
182.669	0.05	Adapter 1501Hz	25	1.501	70.00	0.186
182.749	0.05	Adapter 1501Hz	25	1.501	70.00	0.186
183.009	0.05	Adapter 1501Hz	25	1.501	70.00	0.186
183.089	0.05	Adapter 1501Hz	25	1.501	70.00	0.186
183.169	0.05	Adapter 1501Hz	25	1.501	70.00	0.186
183.249	0.05	Adapter 1501Hz	25	1.501	70.00	0.186
183.509	0.05	Adapter 1501Hz	25	1.501	70.00	0.186
183.589	0.05	Adapter 1501Hz	25	1.501	70.00	0.186
183.669	0.05	Adapter 1501Hz	25	1.501	70.00	0.186
183.749	0.05	Adapter 1501Hz	25	1.501	70.00	0.186
184.009	0.05	Adapter 1501Hz	25	1.501	70.00	0.186
184.089	0.05	Adapter 1501Hz	25	1.501	70.00	0.186
184.169	0.05	Adapter 1501Hz	25	1.501	70.00	0.186
184.249	0.05	Adapter 1501Hz	25	1.501	70.00	0.186
184.509	0.05	Adapter 1501Hz	25	1.501	70.00	0.186
184.589	0.05	Adapter 1501Hz	25	1.501	70.00	0.186
184.669	0.05	Adapter 1501Hz	25	1.501	70.00	0.186
184.749	0.05	Adapter 1501Hz	25	1.501	70.00	0.186
185.009	0.05	Adapter 1501Hz	25	1.501	70.00	0.186
185.089	0.05	Adapter 1501Hz	25	1.501	70.00	0.186
185.169	0.05	Adapter 1501Hz	25	1.501	70.00	0.186
185.249	0.05	Adapter 1501Hz	25	1.501	70.00	0.186
185.509	0.05	Adapter 1501Hz	25	1.501	70.00	0.186
185.589	0.05	Adapter 1501Hz	25	1.501	70.00	0.186
185.669	0.05	Adapter 1501Hz	25	1.501	70.00	0.186
185.749	0.05	Adapter 1501Hz	25	1.501	70.00	0.186
186.009	0.05	Adapter 1501Hz	25	1.501	70.00	0.186
186.089	0.05	Adapter 1501Hz	25	1.501	70.00	0.186
186.169	0.05	Adapter 1501Hz	25	1.501	70.00	0.186
186.249	0.05	Adapter 1501Hz	25	1.501	70.00	0.186
186.509	0.05	Adapter 1501Hz	25	1.501	70.00	0.186
186.589	0.05	Adapter 1501Hz	25	1.501	70.00	0.186
186.669	0.05	Adapter 1501Hz	25	1.501	70.00	0.186
186.749	0.05	Adapter 1501Hz	25	1.501	70.00	0.186
187.009	0.05	Adapter 1501Hz	25	1.501	70.00	0.186
187.089	0.05	Adapter 1501Hz	25	1.501	70.00	0.186
187.169	0.05	Adapter 1501Hz	25	1.501	70.00	0.186
187.249	0.05	Adapter 1501Hz	25	1.501	70.00	0.186
197.485	0.05	Adapter 6009Hz	27	6.009	70.00	0.671
197.565	0.05	Adapter 6009Hz	27	6.009	70.00	0.671
197.645	0.05	Adapter 6009Hz	27	6.009	70.00	0.671
197.725	0.05	Adapter 6009Hz	27	6.009	70.00	0.671
197.985	0.05	Adapter 6009Hz	27	6.009	70.00	0.671
198.065	0.05	Adapter 6009Hz	27	6.009	70.00	0.671
198.145	0.05	Adapter 6009Hz	27	6.009	70.00	0.671
198.225	0.05	Adapter 6009Hz	27	6.009	70.00	0.671
198.485	0.05	Adapter 6009Hz	27	6.009	70.00	0.671
198.565	0.05	Adapter 6009Hz	27	6.009	70.00	0.671
198.645	0.05	Adapter 6009Hz	27	6.009	70.00	0.671
198.725	0.05	Adapter 6009Hz	27	6.009	70.00	0.671
198.985	0.05	Adapter 6009Hz	27	6.009	70.00	0.671
199.065	0.05	Adapter 6009Hz	27	6.009	70.00	0.671
199.145	0.05	Adapter 6009Hz	27	6.009	70.00	0.671
199.225	0.05	Adapter 6009Hz	27	6.009	70.00	0.671
199.485	0.05	Adapter 6009Hz	27	6.009	70.00	0.671
199.565	0.05	Adapter 6009Hz	27	6.009	70.00	0.671
199.645	0.05	Adapter 6009Hz	27	6.009	70.00	0.671
199.725	0.05	Adapter 6009Hz	27	6.009	70.00	0.671
199.985	0.05	Adapter 6009Hz	27	6.009	70.00	0.671
200.065	0.05	Adapter 6009Hz	27	6.009	70.00	0.671
200.145	0.05	Adapter 6009Hz	27	6.009	70.00	0.671
200.225	0.05	Adapter 6009Hz	27	6.009	70.00	0.671
200.485	0.05	Adapter 6009Hz	27	6.009	70.00	0.671
200.565	0.05	Adapter 6009Hz	27	6.009	70.00	0.671
200.645	0.05	Adapter 6009Hz	27	6.009	70.00	0.671
200.725	0.05	Adapter 6009Hz	27	6.009	70.00	0.671
200.985	0.05	Adapter 6009Hz	27	6.009	70.00	0.671
201.065	0.05	Adapter 6009Hz	27	6.009	70.00	0.671
201.145	0.05	Adapter 6009Hz	27	6.009	70.00	0.671
201.225	0.05	Adapter 6009Hz	27	6.009	70.00	0.671
201.485	0.05	Adapter 6009Hz	27	6.009	70.00	0.671
201.565	0.05	Adapter 6009Hz	27	6.009	70.00	0.671
201.645	0.05	Adapter 6009Hz	27	6.009	70.00	0.671
201.725	0.05	Adapter 6009Hz	27	6.009	70.00	0.671
201.985	0.05	Adapter 6009Hz	27	6.009	70.00	0.671
202.065	0.05	Adapter 6009Hz	27	6.009	70.00	0.671
202.145	0.05	Adapter 6009Hz	27	6.009	70.00	0.671
202.225	0.05	Adapter 6009Hz	27	6.009	70.00	0.671
204.973	0.05	Adapter 899Hz Probe 3839Hz	28	0.899	70.00	0.121
205.053	0.05	Adapter 899Hz Probe 3839Hz	28	0.899	70.00	0.121
205.133	0.05	Adapter 899Hz Probe 3839Hz	28	0.899	70.00	0.121
205.213	0.05	Adapter 899Hz Probe 3839Hz	28	0.899	70.00	0.121
205.293	0.05	Adapter 899Hz Probe 3839Hz	28	3.839	70.00	0.437
205.473	0.05	Adapter 899Hz Probe 3839Hz	28	0.899	70.00	0.121
205.553	0.05	Adapter 899Hz Probe 3839Hz	28	0.899	70.00	0.121
205.633	0.05	Adapter 899Hz Probe 3839Hz	28	0.899	70.00	0.121
205.713	0.05	Adapter 899Hz Probe 3839Hz	28	0.899	70.00	0.121
205.793	0.05	Adapter 899Hz Probe 3839Hz	28	3.839	70.00	0.437
205.973	0.05	Adapter 899Hz Probe 3839Hz	28	0.899	70.00	0.121
206.053	0.05	Adapter 899Hz Probe 3839Hz	28	0.899	70.00	0.121
206.133	0.05	Adapter 899Hz Probe 3839Hz	28	0.899	70.00	0.121
206.213	0.05	Adapter 899Hz Probe 3839Hz	28	0.899	70.00	0.121
206.293	0.05	Adapter 899Hz Probe 3839Hz	28	3.839	70.00	0.437
206.473	0.05	Adapter 899Hz Probe 3839Hz	28	0.899	70.00	0.121
206.553	0.05	Adapter 899Hz Probe 3839Hz	28	0.899	70.00	0.121
206.633	0.05	Adapter 899Hz Probe 3839Hz	28	0.899	70.00	0.121
206.713	0.05	Adapter 899Hz Probe 3839Hz	28	0.899	70.00	0.121
206.793	0.05	Adapter 899Hz Probe 3839Hz	28	3.839	70.00	0.437
206.973	0.05	Adapter 899Hz Probe 3839Hz	28	0.899	70.00	0.121
207.053	0.05	Adapter 899Hz Probe 3839Hz	28	0.899	70.00	0.121
207.133	0.05	Adapter 899Hz Probe 3839Hz	28	0.899	70.00	0.121
207.213	0.05	Adapter 899Hz Probe 3839Hz	28	0.899	70.00	0.121
207.293	0.05	Adapter 899Hz Probe 3839Hz	28	3.839	70.00	0.437
207.473	0.05	Adapter 899Hz Probe 3839Hz	28	0.899	70.00	0.121
207.553	0.05	Adapter 899Hz Probe 3839Hz	28	0.899	70.00	0.121
207.633	0.05	Adapter 899Hz Probe 3839Hz	28	0.899	70.00	0.121
207.713	0.05	Adapter 899Hz Probe 3839Hz	28	0.899	70.00	0.121
207.793	0.05	Adapter 899Hz Probe 3839Hz	28	3.839	70.00	0.437
207.973	0.05	Adapter 899Hz Probe 3839Hz	28	0.899	70.00	0.121
208.053	0.05	Adapter 899Hz Probe 3839Hz	28	0.899	70.00	0.121
208.133	0.05	Adapter 899Hz Probe 3839Hz	28	0.899	70.00	0.121
208.213	0.05	Adapter 899Hz Probe 3839Hz	28	0.899	70.00	0.121
208.293	0.05	Adapter 899Hz Probe 3839Hz	28	3.839	70.00	0.437
208.473	0.05	Adapter 899Hz Probe 3839Hz	28	0.899	70.00	0.121
208.553	0.05	Adapter 899Hz Probe 3839Hz	28	0.899	70.00	0.121
208.633	0.05	Adapter 899Hz Probe 3839Hz	28	0.899	70.00	0.121
208.713	0.05	Adapter 899Hz Probe 3839Hz	28	0.899	70.00	0.121
208.793	0.05	Adapter 899Hz Probe 3839Hz	28	3.839	70.00	0.437
208.973	0.05	Adapter 899Hz Probe 3839Hz	28	0.899	70.00	0.121
209.053	0.05	Adapter 899Hz Probe 3839Hz	28	0.899	70.00	0.121
209.133	0.05	Adapter 899Hz Probe 3839Hz	28	0.899	70.00	0.121
209.213	0.05	Adapter 899Hz Probe 3839Hz	28	0.899	70.00	0.121
209.293	0.05	Adapter 899Hz Probe 3839Hz	28	3.839	70.00	0.437
209.473	0.05	Adapter 899Hz Probe 3839Hz	28	0.899	70.00	0.121
209.553	0.05	Adapter 899Hz Probe 3839Hz	28	0.899	70.00	0.121
209.633	0.05	Adapter 899Hz Probe 3839Hz	28	0.899	70.00	0.121
209.713	0.05	Adapter 899Hz Probe 3839Hz	28	0.899	70.00	0.121
209.793	0.05	Adapter 899Hz Probe 3839Hz	28	3.839	70.00	0.437
212.523	0.05	Adapter 3839Hz Probe 3839Hz	29	3.839	70.00	0.437
212.603	0.05	Adapter 3839Hz Probe 3839Hz	29	3.839	70.00	0.437
212.683	0.05	Adapter 3839Hz Probe 3839Hz	29	3.839	70.00	0.437
212.763	0.05	Adapter 3839Hz Probe 3839Hz	29	3.839	70.00	0.437
212.843	0.05	Adapter 3839Hz Probe 3839Hz	29	3.839	70.00	0.437
213.023	0.05	Adapter 3839Hz Probe 3839Hz	29	3.839	70.00	0.437
213.103	0.05	Adapter 3839Hz Probe 3839Hz	29	3.839	70.00	0.437
213.183	0.05	Adapter 3839Hz Probe 3839Hz	29	3.839	70.00	0.437
213.263	0.05	Adapter 3839Hz Probe 3839Hz	29	3.839	70.00	0.437
213.343	0.05	Adapter 3839Hz Probe 3839Hz	29	3.839	70.00	0.437
213.523	0.05	Adapter 3839Hz Probe 3839Hz	29	3.839	70.00	0.437
213.603	0.05	Adapter 3839Hz Probe 3839Hz	29	3.839	70.00	0.437
213.683	0.05	Adapter 3839Hz Probe 3839Hz	29	3.839	70.00	0.437
213.763	0.05	Adapter 3839Hz Probe 3839Hz	29	3.839	70.00	0.437
213.843	0.05	Adapter 3839Hz Probe 3839Hz	29	3.839	70.00	0.437
214.023	0.05	Adapter 3839Hz Probe 3839Hz	29	3.839	70.00	0.437
214.103	0.05	Adapter 3839Hz Probe 3839Hz	29	3.839	70.00	0.437
214.183	0.05	Adapter 3839Hz Probe 3839Hz	29	3.839	70.00	0.437
214.263	0.05	Adapter 3839Hz Probe 3839Hz	29	3.839	70.00	0.437
214.343	0.05	Adapter 3839Hz Probe 3839Hz	29	3.839	70.00	0.437
214.523	0.05	Adapter 3839Hz Probe 3839Hz	29	3.839	70.00	0.437
214.603	0.05	Adapter 3839Hz Probe 3839Hz	29	3.839	70.00	0.437
214.683	0.05	Adapter 3839Hz Probe 3839Hz	29	3.839	70.00	0.437
214.763	0.05	Adapter 3839Hz Probe 3839Hz	29	3.839	70.00	0.437
214.843	0.05	Adapter 3839Hz Probe 3839Hz	29	3.839	70.00	0.437
215.023	0.05	Adapter 3839Hz Probe 3839Hz	29	3.839	70.00	0.437
215.103	0.05	Adapter 3839Hz Probe 3839Hz	29	3.839	70.00	0.437
215.183	0.05	Adapter 3839Hz Probe 3839Hz	29	3.839	70.00	0.437
215.263	0.05	Adapter 3839Hz Probe 3839Hz	29	3.839	70.00	0.437
215.343	0.05	Adapter 3839Hz Probe 3839Hz	29	3.839	70.00	0.437
215.523	0.05	Adapter 3839Hz Probe 3839Hz	29	3.839	70.00	0.437
215.603	0.05	Adapter 3839Hz Probe 3839Hz	29	3.839	70.00	0.437
215.683	0.05	Adapter 3839Hz Probe 3839Hz	29	3.839	70.00	0.437
215.763	0.05	Adapter 3839Hz Probe 3839Hz	29	3.839	70.00	0.437
215.843	0.05	Adapter 3839Hz Probe 3839Hz	29	3.839	70.00	0.437
216.023	0.05	Adapter 3839Hz Probe 3839Hz	29	3.839	70.00	0.437
216.103	0.05	Adapter 3839Hz Probe 3839Hz	29	3.839	70.00	0.437
216.183	0.05	Adapter 3839Hz Probe 3839Hz	29	3.839	70.00	0.437
216.263	0.05	Adapter 3839Hz Probe 3839Hz	29	3.839	70.00	0.437
216.343	0.05	Adapter 3839Hz Probe 3839Hz	29	3.839	70.00	0.437
216.523	0.05	Adapter 3839Hz Probe 3839Hz	29	3.839	70.00	0.437
216.603	0.05	Adapter 3839Hz Probe 3839Hz	29	3.839	70.00	0.437
216.683	0.05	Adapter 3839Hz Probe 3839Hz	29	3.839	70.00	0.437
216.763	0.05	Adapter 3839Hz Probe 3839Hz	29	3.839	70.00	0.437
216.843	0.05	Adapter 3839Hz Probe 3839Hz	29	3.839	70.00	0.437
217.023	0.05	Adapter 3839Hz Probe 3839Hz	29	3.839	70.00	0.437
217.103	0.05	Adapter 3839Hz Probe 3839Hz	29	3.839	70.00	0.437
217.183	0.05	Adapter 3839Hz Probe 3839Hz	29	3.839	70.00	0.437
217.263	0.05	Adapter 3839Hz Probe 3839Hz	29	3.839	70.00	0.437
217.343	0.05	Adapter 3839Hz Probe 3839Hz	29	3.839	70.00	0.437
227.499	0.05	Adapter 507Hz Probe 3839Hz	31	0.507	70.00	0.079
227.579	0.05	Adapter 507Hz Probe 3839Hz	31	0.507	70.00	0.079
227.659	0.05	Adapter 507Hz Probe 3839Hz	31	0.507	70.00	0.079
227.739	0.05	Adapter 507Hz Probe 3839Hz	31	0.507	70.00	0.079
227.819	0.05	Adapter 507Hz Probe 3839Hz	31	3.839	70.00	0.437
227.999	0.05	Adapter 507Hz Probe 3839Hz	31	0.507	70.00	0.079
228.079	0.05	Adapter 507Hz Probe 3839Hz	31	0.507	70.00	0.079
228.159	0.05	Adapter 507Hz Probe 3839Hz	31	0.507	70.00	0.079
228.239	0.05	Adapter 507Hz Probe 3839Hz	31	0.507	70.00	0.079
228.319	0.05	Adapter 507Hz Probe 3839Hz	31	3.839	70.00	0.437
228.499	0.05	Adapter 507Hz Probe 3839Hz	31	0.507	70.00	0.079
228.579	0.05	Adapter 507Hz Probe 3839Hz	31	0.507	70.00	0.079
228.659	0.05	Adapter 507Hz Probe 3839Hz	31	0.507	70.00	0.079
228.739	0.05	Adapter 507Hz Probe 3839Hz	31	0.507	70.00	0.079
228.819	0.05	Adapter 507Hz Probe 3839Hz	31	3.839	70.00	0.437
228.999	0.05	Adapter 507Hz Probe 3839Hz	31	0.507	70.00	0.079
229.079	0.05	Adapter 507Hz Probe 3839Hz	31	0.507	70.00	0.079
229.159	0.05	Adapter 507Hz Probe 3839Hz	31	0.507	70.00	0.079
229.239	0.05	Adapter 507Hz Probe 3839Hz	31	0.507	70.00	0.079
229.319	0.05	Adapter 507Hz Probe 3839Hz	31	3.839	70.00	0.437
229.499	0.05	Adapter 507Hz Probe 3839Hz	31	0.507	70.00	0.079
229.579	0.05	Adapter 507Hz Probe 3839Hz	31	0.507	70.00	0.079
229.659	0.05	Adapter 507Hz Probe 3839Hz	31	0.507	70.00	0.079
229.739	0.05	Adapter 507Hz Probe 3839Hz	31	0.507	70.00	0.079
229.819	0.05	Adapter 507Hz Probe 3839Hz	31	3.839	70.00	0.437
229.999	0.05	Adapter 507Hz Probe 3839Hz	31	0.507	70.00	0.079
230.079	0.05	Adapter 507Hz Probe 3839Hz	31	0.507	70.00	0.079
230.159	0.05	Adapter 507Hz Probe 3839Hz	31	0.507	70.00	0.079
230.239	0.05	Adapter 507Hz Probe 3839Hz	31	0.507	70.00	0.079
230.319	0.05	Adapter 507Hz Probe 3839Hz	31	3.839	70.00	0.437
230.499	0.05	Adapter 507Hz Probe 3839Hz	31	0.507	70.00	0.079
230.579	0.05	Adapter 507Hz Probe 3839Hz	31	0.507	70.00	0.079
230.659	0.05	Adapter 507Hz Probe 3839Hz	31	0.507	70.00	0.079
230.739	0.05	Adapter 507Hz Probe 3839Hz	31	0.507	70.00	0.079
230.819	0.05	Adapter 507Hz Probe 3839Hz	31	3.839	70.00	0.437
230.999	0.05	Adapter 507Hz Probe 3839Hz	31	0.507	70.00	0.079
231.079	0.05	Adapter 507Hz Probe 3839Hz	31	0.507	70.00	0.079
231.159	0.05	Adapter 507Hz Probe 3839Hz	31	0.507	70.00	0.079
231.239	0.05	Adapter 507Hz Probe 3839Hz	31	0.507	70.00	0.079
231.319	0.05	Adapter 507Hz Probe 3839Hz	31	3.839	70.00	0.437
231.499	0.05	Adapter 507Hz Probe 3839Hz	31	0.507	70.00	0.079
231.579	0.05	Adapter 507Hz Probe 3839Hz	31	0.507	70.00	0.079
231.659	0.05	Adapter 507Hz Probe 3839Hz	31	0.507	70.00	0.079
231.739	0.05	Adapter 507Hz Probe 3839Hz	31	0.507	70.00	0.079
231.819	0.05	Adapter 507Hz Probe 3839Hz	31	3.839	70.00	0.437
231.999	0.05	Adapter 507Hz Probe 3839Hz	31	0.507	70.00	0.079
232.079	0.05	Adapter 507Hz Probe 3839Hz	31	0.507	70.00	0.079
232.159	0.05	Adapter 507Hz Probe 3839Hz	31	0.507	70.00	0.079
232.239	0.05	Adapter 507Hz Probe 3839Hz	31	0.507	70.00	0.079
232.319	0.05	Adapter 507Hz Probe 3839Hz	31	3.839	70.00	0.437
234.972	0.05	Adapter 2423Hz	32	2.423	70.00	0.285
235.052	0.05	Adapter 2423Hz	32	2.423	70.00	0.285
235.132	0.05	Adapter 2423Hz	32	2.423	70.00	0.285
235.212	0.05	Adapter 2423Hz	32	2.423	70.00	0.285
235.472	0.05	Adapter 2423Hz	32	2.423	70.00	0.285
235.552	0.05	Adapter 2423Hz	32	2.423	70.00	0.285
235.632	0.05	Adapter 2423Hz	32	2.423	70.00	0.285
235.712	0.05	Adapter 2423Hz	32	2.423	70.00	0.285
235.972	0.05	Adapter 2423Hz	32	2.423	70.00	0.285
236.052	0.05	Adapter 2423Hz	32	2.423	70.00	0.285
236.132	0.05	Adapter 2423Hz	32	2.423	70.00	0.285
236.212	0.05	Adapter 2423Hz	32	2.423	70.00	0.285
236.472	0.05	Adapter 2423Hz	32	2.423	70.00	0.285
236.552	0.05	Adapter 2423Hz	32	2.423	70.00	0.285
236.632	0.05	Adapter 2423Hz	32	2.423	70.00	0.285
236.712	0.05	Adapter 2423Hz	32	2.423	70.00	0.285
236.972	0.05	Adapter 2423Hz	32	2.423	70.00	0.285
237.052	0.05	Adapter 2423Hz	32	2.423	70.00	0.285
237.132	0.05	Adapter 2423Hz	32	2.423	70.00	0.285
237.212	0.05	Adapter 2423Hz	32	2.423	70.00	0.285
237.472	0.05	Adapter 2423Hz	32	2.423	70.00	0.285
237.552	0.05	Adapter 2423Hz	32	2.423	70.00	0.285
237.632	0.05	Adapter 2423Hz	32	2.423	70.00	0.285
237.712	0.05	Adapter 2423Hz	32	2.423	70.00	0.285
237.972	0.05	Adapter 2423Hz	32	2.423	70.00	0.285
238.052	0.05	Adapter 2423Hz	32	2.423	70.00	0.285
238.132	0.05	Adapter 2423Hz	32	2.423	70.00	0.285
238.212	0.05	Adapter 2423Hz	32	2.423	70.00	0.285
238.472	0.05	Adapter 2423Hz	32	2.423	70.00	0.285
238.552	0.05	Adapter 2423Hz	32	2.423	70.00	0.285
238.632	0.05	Adapter 2423Hz	32	2.423	70.00	0.285
238.712	0.05	Adapter 2423Hz	32	2.423	70.00	0.285
238.972	0.05	Adapter 2423Hz	32	2.423	70.00	0.285
239.052	0.05	Adapter 2423Hz	32	2.423	70.00	0.285
239.132	0.05	Adapter 2423Hz	32	2.423	70.00	0.285
239.212	0.05	Adapter 2423Hz	32	2.423	70.00	0.285
239.472	0.05	Adapter 2423Hz	32	2.423	70.00	0.285
239.552	0.05	Adapter 2423Hz	32	2.423	70.00	0.285
239.632	0.05	Adapter 2423Hz	32	2.423	70.00	0.285
239.712	0.05	Adapter 2423Hz	32	2.423	70.00	0.285
242.522	0.05	Adapter 3839Hz Probe 3839Hz	33	3.839	70.00	0.437
242.602	0.05	Adapter 3839Hz Probe 3839Hz	33	3.839	70.00	0.437
242.682	0.05	Adapter 3839Hz Probe 3839Hz	33	3.839	70.00	0.437
242.762	0.05	Adapter 3839Hz Probe 3839Hz	33	3.839	70.00	0.437
242.842	0.05	Adapter 3839Hz Probe 3839Hz	33	3.839	70.00	0.437
243.022	0.05	Adapter 3839Hz Probe 3839Hz	33	3.839	70.00	0.437
243.102	0.05	Adapter 3839Hz Probe 3839Hz	33	3.839	70.00	0.437
243.182	0.05	Adapter 3839Hz Probe 3839Hz	33	3.839	70.00	0.437
243.262	0.05	Adapter 3839Hz Probe 3839Hz	33	3.839	70.00	0.437
243.342	0.05	Adapter 3839Hz Probe 3839Hz	33	3.839	70.00	0.437
243.522	0.05	Adapter 3839Hz Probe 3839Hz	33	3.839	70.00	0.437
243.602	0.05	Adapter 3839Hz Probe 3839Hz	33	3.839	70.00	0.437
243.682	0.05	Adapter 3839Hz Probe 3839Hz	33	3.839	70.00	0.437
243.762	0.05	Adapter 3839Hz Probe 3839Hz	33	3.839	70.00	0.437
243.842	0.05	Adapter 3839Hz Probe 3839Hz	33	3.839	70.00	0.437
244.022	0.05	Adapter 3839Hz Probe 3839Hz	33	3.839	70.00	0.437
244.102	0.05	Adapter 3839Hz Probe 3839Hz	33	3.839	70.00	0.437
244.182	0.05	Adapter 3839Hz Probe 3839Hz	33	3.839	70.00	0.437
244.262	0.05	Adapter 3839Hz Probe 3839Hz	33	3.839	70.00	0.437
244.342	0.05	Adapter 3839Hz Probe 3839Hz	33	3.839	70.00	0.437
244.522	0.05	Adapter 3839Hz Probe 3839Hz	33	3.839	70.00	0.437
244.602	0.05	Adapter 3839Hz Probe 3839Hz	33	3.839	70.00	0.437
244.682	0.05	Adapter 3839Hz Probe 3839Hz	33	3.839	70.00	0.437
244.762	0.05	Adapter 3839Hz Probe 3839Hz	33	3.839	70.00	0.437
244.842	0.05	Adapter 3839Hz Probe 3839Hz	33	3.839	70.00	0.437
245.022	0.05	Adapter 3839Hz Probe 3839Hz	33	3.839	70.00	0.437
245.102	0.05	Adapter 3839Hz Probe 3839Hz	33	3.839	70.00	0.437
245.182	0.05	Adapter 3839Hz Probe 3839Hz	33	3.839	70.00	0.437
245.262	0.05	Adapter 3839Hz Probe 3839Hz	33	3.839	70.00	0.437
245.342	0.05	Adapter 3839Hz Probe 3839Hz	33	3.839	70.00	0.437
245.522	0.05	Adapter 3839Hz Probe 3839Hz	33	3.839	70.00	0.437
245.602	0.05	Adapter 3839Hz Probe 3839Hz	33	3.839	70.00	0.437
245.682	0.05	Adapter 3839Hz Probe 3839Hz	33	3.839	70.00	0.437
245.762	0.05	Adapter 3839Hz Probe 3839Hz	33	3.839	70.00	0.437
245.842	0.05	Adapter 3839Hz Probe 3839Hz	33	3.839	70.00	0.437
246.022	0.05	Adapter 3839Hz Probe 3839Hz	33	3.839	70.00	0.437
246.102	0.05	Adapter 3839Hz Probe 3839Hz	33	3.839	70.00	0.437
246.182	0.05	Adapter 3839Hz Probe 3839Hz	33	3.839	70.00	0.437
246.262	0.05	Adapter 3839Hz Probe 3839Hz	33	3.839	70.00	0.437
246.342	0.05	Adapter 3839Hz Probe 3839Hz	33	3.839	70.00	0.437
246.522	0.05	Adapter 3839Hz Probe 3839Hz	33	3.839	70.00	0.437
246.602	0.05	Adapter 3839Hz Probe 3839Hz	33	3.839	70.00	0.437
246.682	0.05	Adapter 3839Hz Probe 3839Hz	33	3.839	70.00	0.437
246.762	0.05	Adapter 3839Hz Probe 3839Hz	33	3.839	70.00	0.437
246.842	0.05	Adapter 3839Hz Probe 3839Hz	33	3.839	70.00	0.437
247.022	0.05	Adapter 3839Hz Probe 3839Hz	33	3.839	70.00	0.437
247.102	0.05	Adapter 3839Hz Probe 3839Hz	33	3.839	70.00	0.437
247.182	0.05	Adapter 3839Hz Probe 3839Hz	33	3.839	70.00	0.437
247.262	0.05	Adapter 3839Hz Probe 3839Hz	33	3.839	70.00	0.437
247.342	0.05	Adapter 3839Hz Probe 3839Hz	33	3.839	70.00	0.437
250.01	0.05	Adapter 507Hz Probe 3839Hz	34	0.507	70.00	0.079
250.09	0.05	Adapter 507Hz Probe 3839Hz	34	0.507	70.00	0.079
250.17	0.05	Adapter 507Hz Probe 3839Hz	34	0.507	70.00	0.079
250.25	0.05	Adapter 507Hz Probe 3839Hz	34	0.507	70.00	0.079
250.33	0.05	Adapter 507Hz Probe 3839Hz	34	3.839	70.00	0.437
250.51	0.05	Adapter 507Hz Probe 3839Hz	34	0.507	70.00	0.079
250.59	0.05	Adapter 507Hz Probe 3839Hz	34	0.507	70.00	0.079
250.67	0.05	Adapter 507Hz Probe 3839Hz	34	0.507	70.00	0.079
250.75	0.05	Adapter 507Hz Probe 3839Hz	34	0.507	70.00	0.079
250.83	0.05	Adapter 507Hz Probe 3839Hz	34	3.839	70.00	0.437
251.01	0.05	Adapter 507Hz Probe 3839Hz	34	0.507	70.00	0.079
251.09	0.05	Adapter 507Hz Probe 3839Hz	34	0.507	70.00	0.079
251.17	0.05	Adapter 507Hz Probe 3839Hz	34	0.507	70.00	0.079
251.25	0.05	Adapter 507Hz Probe 3839Hz	34	0.507	70.00	0.079
251.33	0.05	Adapter 507Hz Probe 3839Hz	34	3.839	70.00	0.437
251.51	0.05	Adapter 507Hz Probe 3839Hz	34	0.507	70.00	0.079
251.59	0.05	Adapter 507Hz Probe 3839Hz	34	0.507	70.00	0.079
251.67	0.05	Adapter 507Hz Probe 3839Hz	34	0.507	70.00	0.079
251.75	0.05	Adapter 507Hz Probe 3839Hz	34	0.507	70.00	0.079
251.83	0.05	Adapter 507Hz Probe 3839Hz	34	3.839	70.00	0.437
252.01	0.05	Adapter 507Hz Probe 3839Hz	34	0.507	70.00	0.079
252.09	0.05	Adapter 507Hz Probe 3839Hz	34	0.507	70.00	0.079
252.17	0.05	Adapter 507Hz Probe 3839Hz	34	0.507	70.00	0.079
252.25	0.05	Adapter 507Hz Probe 3839Hz	34	0.507	70.00	0.079
252.33	0.05	Adapter 507Hz Probe 3839Hz	34	3.839	70.00	0.437
252.51	0.05	Adapter 507Hz Probe 3839Hz	34	0.507	70.00	0.079
252.59	0.05	Adapter 507Hz Probe 3839Hz	34	0.507	70.00	0.079
252.67	0.05	Adapter 507Hz Probe 3839Hz	34	0.507	70.00	0.079
252.75	0.05	Adapter 507Hz Probe 3839Hz	34	0.507	70.00	0.079
252.83	0.05	Adapter 507Hz Probe 3839Hz	34	3.839	70.00	0.437
253.01	0.05	Adapter 507Hz Probe 3839Hz	34	0.507	70.00	0.079
253.09	0.05	Adapter 507Hz Probe 3839Hz	34	0.507	70.00	0.079
253.17	0.05	Adapter 507Hz Probe 3839Hz	34	0.507	70.00	0.079
253.25	0.05	Adapter 507Hz Probe 3839Hz	34	0.507	70.00	0.079
253.33	0.05	Adapter 507Hz Probe 3839Hz	34	3.839	70.00	0.437
253.51	0.05	Adapter 507Hz Probe 3839Hz	34	0.507	70.00	0.079
253.59	0.05	Adapter 507Hz Probe 3839Hz	34	0.507	70.00	0.079
253.67	0.05	Adapter 507Hz Probe 3839Hz	34	0.507	70.00	0.079
253.75	0.05	Adapter 507Hz Probe 3839Hz	34	0.507	70.00	0.079
253.83	0.05	Adapter 507Hz Probe 3839Hz	34	3.839	70.00	0.437
254.01	0.05	Adapter 507Hz Probe 3839Hz	34	0.507	70.00	0.079
254.09	0.05	Adapter 507Hz Probe 3839Hz	34	0.507	70.00	0.079
254.17	0.05	Adapter 507Hz Probe 3839Hz	34	0.507	70.00	0.079
254.25	0.05	Adapter 507Hz Probe 3839Hz	34	0.507	70.00	0.079
254.33	0.05	Adapter 507Hz Probe 3839Hz	34	3.839	70.00	0.437
254.51	0.05	Adapter 507Hz Probe 3839Hz	34	0.507	70.00	0.079
254.59	0.05	Adapter 507Hz Probe 3839Hz	34	0.507	70.00	0.079
254.67	0.05	Adapter 507Hz Probe 3839Hz	34	0.507	70.00	0.079
254.75	0.05	Adapter 507Hz Probe 3839Hz	34	0.507	70.00	0.079
254.83	0.05	Adapter 507Hz Probe 3839Hz	34	3.839	70.00	0.437
257.498	0.05	Adapter 3839Hz	35	3.839	70.00	0.437
257.578	0.05	Adapter 3839Hz	35	3.839	70.00	0.437
257.658	0.05	Adapter 3839Hz	35	3.839	70.00	0.437
257.738	0.05	Adapter 3839Hz	35	3.839	70.00	0.437
257.998	0.05	Adapter 3839Hz	35	3.839	70.00	0.437
258.078	0.05	Adapter 3839Hz	35	3.839	70.00	0.437
258.158	0.05	Adapter 3839Hz	35	3.839	70.00	0.437
258.238	0.05	Adapter 3839Hz	35	3.839	70.00	0.437
258.498	0.05	Adapter 3839Hz	35	3.839	70.00	0.437
258.578	0.05	Adapter 3839Hz	35	3.839	70.00	0.437
258.658	0.05	Adapter 3839Hz	35	3.839	70.00	0.437
258.738	0.05	Adapter 3839Hz	35	3.839	70.00	0.437
258.998	0.05	Adapter 3839Hz	35	3.839	70.00	0.437
259.078	0.05	Adapter 3839Hz	35	3.839	70.00	0.437
259.158	0.05	Adapter 3839Hz	35	3.839	70.00	0.437
259.238	0.05	Adapter 3839Hz	35	3.839	70.00	0.437
259.498	0.05	Adapter 3839Hz	35	3.839	70.00	0.437
259.578	0.05	Adapter 3839Hz	35	3.839	70.00	0.437
259.658	0.05	Adapter 3839Hz	35	3.839	70.00	0.437
259.738	0.05	Adapter 3839Hz	35	3.839	70.00	0.437
259.998	0.05	Adapter 3839Hz	35	3.839	70.00	0.437
260.078	0.05	Adapter 3839Hz	35	3.839	70.00	0.437
260.158	0.05	Adapter 3839Hz	35	3.839	70.00	0.437
260.238	0.05	Adapter 3839Hz	35	3.839	70.00	0.437
260.498	0.05	Adapter 3839Hz	35	3.839	70.00	0.437
260.578	0.05	Adapter 3839Hz	35	3.839	70.00	0.437
260.658	0.05	Adapter 3839Hz	35	3.839	70.00	0.437
260.738	0.05	Adapter 3839Hz	35	3.839	70.00	0.437
260.998	0.05	Adapter 3839Hz	35	3.839	70.00	0.437
261.078	0.05	Adapter 3839Hz	35	3.839	70.00	0.437
261.158	0.05	Adapter 3839Hz	35	3.839	70.00	0.437
261.238	0.05	Adapter 3839Hz	35	3.839	70.00	0.437
261.498	0.05	Adapter 3839Hz	35	3.839	70.00	0.437
261.578	0.05	Adapter 3839Hz	35	3.839	70.00	0.437
261.658	0.05	Adapter 3839Hz	35	3.839	70.00	0.437
261.738	0.05	Adapter 3839Hz	35	3.839	70.00	0.437
261.998	0.05	Adapter 3839Hz	35	3.839	70.00	0.437
262.078	0.05	Adapter 3839Hz	35	3.839	70.00	0.437
262.158	0.05	Adapter 3839Hz	35	3.839	70.00	0.437
262.238	0.05	Adapter 3839Hz	35	3.839	70.00	0.437
279.993	0.05	Adapter 2423Hz	38	2.423	70.00	0.285
280.073	0.05	Adapter 2423Hz	38	2.423	70.00	0.285
280.153	0.05	Adapter 2423Hz	38	2.423	70.00	0.285
280.233	0.05	Adapter 2423Hz	38	2.423	70.00	0.285
280.493	0.05	Adapter 2423Hz	38	2.423	70.00	0.285
280.573	0.05	Adapter 2423Hz	38	2.423	70.00	0.285
280.653	0.05	Adapter 2423Hz	38	2.423	70.00	0.285
280.733	0.05	Adapter 2423Hz	38	2.423	70.00	0.285
280.993	0.05	Adapter 2423Hz	38	2.423	70.00	0.285
281.073	0.05	Adapter 2423Hz	38	2.423	70.00	0.285
281.153	0.05	Adapter 2423Hz	38	2.423	70.00	0.285
281.233	0.05	Adapter 2423Hz	38	2.423	70.00	0.285
281.493	0.05	Adapter 2423Hz	38	2.423	70.00	0.285
281.573	0.05	Adapter 2423Hz	38	2.423	70.00	0.285
281.653	0.05	Adapter 2423Hz	38	2.423	70.00	0.285
281.733	0.05	Adapter 2423Hz	38	2.423	70.00	0.285
281.993	0.05	Adapter 2423Hz	38	2.423	70.00	0.285
282.073	0.05	Adapter 2423Hz	38	2.423	70.00	0.285
282.153	0.05	Adapter 2423Hz	38	2.423	70.00	0.285
282.233	0.05	Adapter 2423Hz	38	2.423	70.00	0.285
282.493	0.05	Adapter 2423Hz	38	2.423	70.00	0.285
282.573	0.05	Adapter 2423Hz	38	2.423	70.00	0.285
282.653	0.05	Adapter 2423Hz	38	2.423	70.00	0.285
282.733	0.05	Adapter 2423Hz	38	2.423	70.00	0.285
282.993	0.05	Adapter 2423Hz	38	2.423	70.00	0.285
283.073	0.05	Adapter 2423Hz	38	2.423	70.00	0.285
283.153	0.05	Adapter 2423Hz	38	2.423	70.00	0.285
283.233	0.05	Adapter 2423Hz	38	2.423	70.00	0.285
283.493	0.05	Adapter 2423Hz	38	2.423	70.00	0.285
283.573	0.05	Adapter 2423Hz	38	2.423	70.00	0.285
283.653	0.05	Adapter 2423Hz	38	2.423	70.00	0.285
283.733	0.05	Adapter 2423Hz	38	2.423	70.00	0.285
283.993	0.05	Adapter 2423Hz	38	2.423	70.00	0.285
284.073	0.05	Adapter 2423Hz	38	2.423	70.00	0.285
284.153	0.05	Adapter 2423Hz	38	2.423	70.00	0.285
284.233	0.05	Adapter 2423Hz	38	2.423	70.00	0.285
284.493	0.05	Adapter 2423Hz	38	2.423	70.00	0.285
284.573	0.05	Adapter 2423Hz	38	2.423	70.00	0.285
284.653	0.05	Adapter 2423Hz	38	2.423	70.00	0.285
284.733	0.05	Adapter 2423Hz	38	2.423	70.00	0.285
287.481	0.05	Adapter 1501Hz Probe 3839Hz	39	1.501	70.00	0.186
287.561	0.05	Adapter 1501Hz Probe 3839Hz	39	1.501	70.00	0.186
287.641	0.05	Adapter 1501Hz Probe 3839Hz	39	1.501	70.00	0.186
287.721	0.05	Adapter 1501Hz Probe 3839Hz	39	1.501	70.00	0.186
287.801	0.05	Adapter 1501Hz Probe 3839Hz	39	3.839	70.00	0.437
287.981	0.05	Adapter 1501Hz Probe 3839Hz	39	1.501	70.00	0.186
288.061	0.05	Adapter 1501Hz Probe 3839Hz	39	1.501	70.00	0.186
288.141	0.05	Adapter 1501Hz Probe 3839Hz	39	1.501	70.00	0.186
288.221	0.05	Adapter 1501Hz Probe 3839Hz	39	1.501	70.00	0.186
288.301	0.05	Adapter 1501Hz Probe 3839Hz	39	3.839	70.00	0.437
288.481	0.05	Adapter 1501Hz Probe 3839Hz	39	1.501	70.00	0.186
288.561	0.05	Adapter 1501Hz Probe 3839Hz	39	1.501	70.00	0.186
288.641	0.05	Adapter 1501Hz Probe 3839Hz	39	1.501	70.00	0.186
288.721	0.05	Adapter 1501Hz Probe 3839Hz	39	1.501	70.00	0.186
288.801	0.05	Adapter 1501Hz Probe 3839Hz	39	3.839	70.00	0.437
288.981	0.05	Adapter 1501Hz Probe 3839Hz	39	1.501	70.00	0.186
289.061	0.05	Adapter 1501Hz Probe 3839Hz	39	1.501	70.00	0.186
289.141	0.05	Adapter 1501Hz Probe 3839Hz	39	1.501	70.00	0.186
289.221	0.05	Adapter 1501Hz Probe 3839Hz	39	1.501	70.00	0.186
289.301	0.05	Adapter 1501Hz Probe 3839Hz	39	3.839	70.00	0.437
289.481	0.05	Adapter 1501Hz Probe 3839Hz	39	1.501	70.00	0.186
289.561	0.05	Adapter 1501Hz Probe 3839Hz	39	1.501	70.00	0.186
289.641	0.05	Adapter 1501Hz Probe 3839Hz	39	1.501	70.00	0.186
289.721	0.05	Adapter 1501Hz Probe 3839Hz	39	1.501	70.00	0.186
289.801	0.05	Adapter 1501Hz Probe 3839Hz	39	3.839	70.00	0.437
289.981	0.05	Adapter 1501Hz Probe 3839Hz	39	1.501	70.00	0.186
290.061	0.05	Adapter 1501Hz Probe 3839Hz	39	1.501	70.00	0.186
290.141	0.05	Adapter 1501Hz Probe 3839Hz	39	1.501	70.00	0.186
290.221	0.05	Adapter 1501Hz Probe 3839Hz	39	1.501	70.00	0.186
290.301	0.05	Adapter 1501Hz Probe 3839Hz	39	3.839	70.00	0.437
290.481	0.05	Adapter 1501Hz Probe 3839Hz	39	1.501	70.00	0.186
290.561	0.05	Adapter 1501Hz Probe 3839Hz	39	1.501	70.00	0.186
290.641	0.05	Adapter 1501Hz Probe 3839Hz	39	1.501	70.00	0.186
290.721	0.05	Adapter 1501Hz Probe 3839Hz	39	1.501	70.00	0.186
290.801	0.05	Adapter 1501Hz Probe 3839Hz	39	3.839	70.00	0.437
290.981	0.05	Adapter 1501Hz Probe 3839Hz	39	1.501	70.00	0.186
291.061	0.05	Adapter 1501Hz Probe 3839Hz	39	1.501	70.00	0.186
291.141	0.05	Adapter 1501Hz Probe 3839Hz	39	1.501	70.00	0.186
291.221	0.05	Adapter 1501Hz Probe 3839Hz	39	1.501	70.00	0.186
291.301	0.05	Adapter 1501Hz Probe 3839Hz	39	3.839	70.00	0.437
291.481	0.05	Adapter 1501Hz Probe 3839Hz	39	1.501	70.00	0.186
291.561	0.05	Adapter 1501Hz Probe 3839Hz	39	1.501	70.00	0.186
291.641	0.05	Adapter 1501Hz Probe 3839Hz	39	1.501	70.00	0.186
291.721	0.05	Adapter 1501Hz Probe 3839Hz	39	1.501	70.00	0.186
291.801	0.05	Adapter 1501Hz Probe 3839Hz	39	3.839	70.00	0.437
291.981	0.05	Adapter 1501Hz Probe 3839Hz	39	1.501	70.00	0.186
292.061	0.05	Adapter 1501Hz Probe 3839Hz	39	1.501	70.00	0.186
292.141	0.05	Adapter 1501Hz Probe 3839Hz	39	1.501	70.00	0.186
292.221	0.05	Adapter 1501Hz Probe 3839Hz	39	1.501	70.00	0.186
292.301	0.05	Adapter 1501Hz Probe 3839Hz	39	3.839	70.00	0.437
294.969	0.05	Adapter 1501Hz	40	1.501	70.00	0.186
295.049	0.05	Adapter 1501Hz	40	1.501	70.00	0.186
295.129	0.05	Adapter 1501Hz	40	1.501	70.00	0.186
295.209	0.05	Adapter 1501Hz	40	1.501	70.00	0.186
295.469	0.05	Adapter 1501Hz	40	1.501	70.00	0.186
295.549	0.05	Adapter 1501Hz	40	1.501	70.00	0.186
295.629	0.05	Adapter 1501Hz	40	1.501	70.00	0.186
295.709	0.05	Adapter 1501Hz	40	1.501	70.00	0.186
295.969	0.05	Adapter 1501Hz	40	1.501	70.00	0.186
296.049	0.05	Adapter 1501Hz	40	1.501	70.00	0.186
296.129	0.05	Adapter 1501Hz	40	1.501	70.00	0.186
296.209	0.05	Adapter 1501Hz	40	1.501	70.00	0.186
296.469	0.05	Adapter 1501Hz	40	1.501	70.00	0.186
296.549	0.05	Adapter 1501Hz	40	1.501	70.00	0.186
296.629	0.05	Adapter 1501Hz	40	1.501	70.00	0.186
296.709	0.05	Adapter 1501Hz	40	1.501	70.00	0.186
296.969	0.05	Adapter 1501Hz	40	1.501	70.00	0.186
297.049	0.05	Adapter 1501Hz	40	1.501	70.00	0.186
297.129	0.05	Adapter 1501Hz	40	1.501	70.00	0.186
297.209	0.05	Adapter 1501Hz	40	1.501	70.00	0.186
297.469	0.05	Adapter 1501Hz	40	1.501	70.00	0.186
297.549	0.05	Adapter 1501Hz	40	1.501	70.00	0.186
297.629	0.05	Adapter 1501Hz	40	1.501	70.00	0.186
297.709	0.05	Adapter 1501Hz	40	1.501	70.00	0.186
297.969	0.05	Adapter 1501Hz	40	1.501	70.00	0.186
298.049	0.05	Adapter 1501Hz	40	1.501	70.00	0.186
298.129	0.05	Adapter 1501Hz	40	1.501	70.00	0.186
298.209	0.05	Adapter 1501Hz	40	1.501	70.00	0.186
298.469	0.05	Adapter 1501Hz	40	1.501	70.00	0.186
298.549	0.05	Adapter 1501Hz	40	1.501	70.00	0.186
298.629	0.05	Adapter 1501Hz	40	1.501	70.00	0.186
298.709	0.05	Adapter 1501Hz	40	1.501	70.00	0.186
298.969	0.05	Adapter 1501Hz	40	1.501	70.00	0.186
299.049	0.05	Adapter 1501Hz	40	1.501	70.00	0.186
299.129	0.05	Adapter 1501Hz	40	1.501	70.00	0.186
299.209	0.05	Adapter 1501Hz	40	1.501	70.00	0.186
299.469	0.05	Adapter 1501Hz	40	1.501	70.00	0.186
299.549	0.05	Adapter 1501Hz	40	1.501	70.00	0.186
299.629	0.05	Adapter 1501Hz	40	1.501	70.00	0.186
299.709	0.05	Adapter 1501Hz	40	1.501	70.00	0.186
302.52	0.05	Adapter 2423Hz Probe 3839Hz	41	2.423	70.00	0.285
302.6	0.05	Adapter 2423Hz Probe 3839Hz	41	2.423	70.00	0.285
302.68	0.05	Adapter 2423Hz Probe 3839Hz	41	2.423	70.00	0.285
302.76	0.05	Adapter 2423Hz Probe 3839Hz	41	2.423	70.00	0.285
302.84	0.05	Adapter 2423Hz Probe 3839Hz	41	3.839	70.00	0.437
303.02	0.05	Adapter 2423Hz Probe 3839Hz	41	2.423	70.00	0.285
303.1	0.05	Adapter 2423Hz Probe 3839Hz	41	2.423	70.00	0.285
303.18	0.05	Adapter 2423Hz Probe 3839Hz	41	2.423	70.00	0.285
303.26	0.05	Adapter 2423Hz Probe 3839Hz	41	2.423	70.00	0.285
303.34	0.05	Adapter 2423Hz Probe 3839Hz	41	3.839	70.00	0.437
303.52	0.05	Adapter 2423Hz Probe 3839Hz	41	2.423	70.00	0.285
303.6	0.05	Adapter 2423Hz Probe 3839Hz	41	2.423	70.00	0.285
303.68	0.05	Adapter 2423Hz Probe 3839Hz	41	2.423	70.00	0.285
303.76	0.05	Adapter 2423Hz Probe 3839Hz	41	2.423	70.00	0.285
303.84	0.05	Adapter 2423Hz Probe 3839Hz	41	3.839	70.00	0.437
304.02	0.05	Adapter 2423Hz Probe 3839Hz	41	2.423	70.00	0.285
304.1	0.05	Adapter 2423Hz Probe 3839Hz	41	2.423	70.00	0.285
304.18	0.05	Adapter 2423Hz Probe 3839Hz	41	2.423	70.00	0.285
304.26	0.05	Adapter 2423Hz Probe 3839Hz	41	2.423	70.00	0.285
304.34	0.05	Adapter 2423Hz Probe 3839Hz	41	3.839	70.00	0.437
304.52	0.05	Adapter 2423Hz Probe 3839Hz	41	2.423	70.00	0.285
304.6	0.05	Adapter 2423Hz Probe 3839Hz	41	2.423	70.00	0.285
304.68	0.05	Adapter 2423Hz Probe 3839Hz	41	2.423	70.00	0.285
304.76	0.05	Adapter 2423Hz Probe 3839Hz	41	2.423	70.00	0.285
304.84	0.05	Adapter 2423Hz Probe 3839Hz	41	3.839	70.00	0.437
305.02	0.05	Adapter 2423Hz Probe 3839Hz	41	2.423	70.00	0.285
305.1	0.05	Adapter 2423Hz Probe 3839Hz	41	2.423	70.00	0.285
305.18	0.05	Adapter 2423Hz Probe 3839Hz	41	2.423	70.00	0.285
305.26	0.05	Adapter 2423Hz Probe 3839Hz	41	2.423	70.00	0.285
305.34	0.05	Adapter 2423Hz Probe 3839Hz	41	3.839	70.00	0.437
305.52	0.05	Adapter 2423Hz Probe 3839Hz	41	2.423	70.00	0.285
305.6	0.05	Adapter 2423Hz Probe 3839Hz	41	2.423	70.00	0.285
305.68	0.05	Adapter 2423Hz Probe 3839Hz	41	2.423	70.00	0.285
305.76	0.05	Adapter 2423Hz Probe 3839Hz	41	2.423	70.00	0.285
305.84	0.05	Adapter 2423Hz Probe 3839Hz	41	3.839	70.00	0.437
306.02	0.05	Adapter 2423Hz Probe 3839Hz	41	2.423	70.00	0.285
306.1	0.05	Adapter 2423Hz Probe 3839Hz	41	2.423	70.00	0.285
306.18	0.05	Adapter 2423Hz Probe 3839Hz	41	2.423	70.00	0.285
306.26	0.05	Adapter 2423Hz Probe 3839Hz	41	2.423	70.00	0.285
306.34	0.05	Adapter 2423Hz Probe 3839Hz	41	3.839	70.00	0.437
306.52	0.05	Adapter 2423Hz Probe 3839Hz	41	2.423	70.00	0.285
306.6	0.05	Adapter 2423Hz Probe 3839Hz	41	2.423	70.00	0.285
306.68	0.05	Adapter 2423Hz Probe 3839Hz	41	2.423	70.00	0.285
306.76	0.05	Adapter 2423Hz Probe 3839Hz	41	2.423	70.00	0.285
306.84	0.05	Adapter 2423Hz Probe 3839Hz	41	3.839	70.00	0.437
307.02	0.05	Adapter 2423Hz Probe 3839Hz	41	2.423	70.00	0.285
307.1	0.05	Adapter 2423Hz Probe 3839Hz	41	2.423	70.00	0.285
307.18	0.05	Adapter 2423Hz Probe 3839Hz	41	2.423	70.00	0.285
307.26	0.05	Adapter 2423Hz Probe 3839Hz	41	2.423	70.00	0.285
307.34	0.05	Adapter 2423Hz Probe 3839Hz	41	3.839	70.00	0.437
309.992	0.05	Adapter 251Hz	42	0.251	70.00	0.052
310.072	0.05	Adapter 251Hz	42	0.251	70.00	0.052
310.152	0.05	Adapter 251Hz	42	0.251	70.00	0.052
310.232	0.05	Adapter 251Hz	42	0.251	70.00	0.052
310.492	0.05	Adapter 251Hz	42	0.251	70.00	0.052
310.572	0.05	Adapter 251Hz	42	0.251	70.00	0.052
310.652	0.05	Adapter 251Hz	42	0.251	70.00	0.052
310.732	0.05	Adapter 251Hz	42	0.251	70.00	0.052
310.992	0.05	Adapter 251Hz	42	0.251	70.00	0.052
311.072	0.05	Adapter 251Hz	42	0.251	70.00	0.052
311.152	0.05	Adapter 251Hz	42	0.251	70.00	0.052
311.232	0.05	Adapter 251Hz	42	0.251	70.00	0.052
311.492	0.05	Adapter 251Hz	42	0.251	70.00	0.052
311.572	0.05	Adapter 251Hz	42	0.251	70.00	0.052
311.652	0.05	Adapter 251Hz	42	0.251	70.00	0.052
311.732	0.05	Adapter 251Hz	42	0.251	70.00	0.052
311.992	0.05	Adapter 251Hz	42	0.251	70.00	0.052
312.072	0.05	Adapter 251Hz	42	0.251	70.00	0.052
312.152	0.05	Adapter 251Hz	42	0.251	70.00	0.052
312.232	0.05	Adapter 251Hz	42	0.251	70.00	0.052
312.492	0.05	Adapter 251Hz	42	0.251	70.00	0.052
312.572	0.05	Adapter 251Hz	42	0.251	70.00	0.052
312.652	0.05	Adapter 251Hz	42	0.251	70.00	0.052
312.732	0.05	Adapter 251Hz	42	0.251	70.00	0.052
312.992	0.05	Adapter 251Hz	42	0.251	70.00	0.052
313.072	0.05	Adapter 251Hz	42	0.251	70.00	0.052
313.152	0.05	Adapter 251Hz	42	0.251	70.00	0.052
313.232	0.05	Adapter 251Hz	42	0.251	70.00	0.052
313.492	0.05	Adapter 251Hz	42	0.251	70.00	0.052
313.572	0.05	Adapter 251Hz	42	0.251	70.00	0.052
313.652	0.05	Adapter 251Hz	42	0.251	70.00	0.052
313.732	0.05	Adapter 251Hz	42	0.251	70.00	0.052
313.992	0.05	Adapter 251Hz	42	0.251	70.00	0.052
314.072	0.05	Adapter 251Hz	42	0.251	70.00	0.052
314.152	0.05	Adapter 251Hz	42	0.251	70.00	0.052
314.232	0.05	Adapter 251Hz	42	0.251	70.00	0.052
314.492	0.05	Adapter 251Hz	42	0.251	70.00	0.052
314.572	0.05	Adapter 251Hz	42	0.251	70.00	0.052
314.652	0.05	Adapter 251Hz	42	0.251	70.00	0.052
314.732	0.05	Adapter 251Hz	42	0.251	70.00	0.052
317.48	0.05	Adapter 899Hz Probe 3839Hz	43	0.899	70.00	0.121
317.56	0.05	Adapter 899Hz Probe 3839Hz	43	0.899	70.00	0.121
317.64	0.05	Adapter 899Hz Probe 3839Hz	43	0.899	70.00	0.121
317.72	0.05	Adapter 899Hz Probe 3839Hz	43	0.899	70.00	0.121
317.8	0.05	Adapter 899Hz Probe 3839Hz	43	3.839	70.00	0.437
317.98	0.05	Adapter 899Hz Probe 3839Hz	43	0.899	70.00	0.121
318.06	0.05	Adapter 899Hz Probe 3839Hz	43	0.899	70.00	0.121
318.14	0.05	Adapter 899Hz Probe 3839Hz	43	0.899	70.00	0.121
318.22	0.05	Adapter 899Hz Probe 3839Hz	43	0.899	70.00	0.121
318.3	0.05	Adapter 899Hz Probe 3839Hz	43	3.839	70.00	0.437
318.48	0.05	Adapter 899Hz Probe 3839Hz	43	0.899	70.00	0.121
318.56	0.05	Adapter 899Hz Probe 3839Hz	43	0.899	70.00	0.121
318.64	0.05	Adapter 899Hz Probe 3839Hz	43	0.899	70.00	0.121
318.72	0.05	Adapter 899Hz Probe 3839Hz	43	0.899	70.00	0.121
318.8	0.05	Adapter 899Hz Probe 3839Hz	43	3.839	70.00	0.437
318.98	0.05	Adapter 899Hz Probe 3839Hz	43	0.899	70.00	0.121
319.06	0.05	Adapter 899Hz Probe 3839Hz	43	0.899	70.00	0.121
319.14	0.05	Adapter 899Hz Probe 3839Hz	43	0.899	70.00	0.121
319.22	0.05	Adapter 899Hz Probe 3839Hz	43	0.899	70.00	0.121
319.3	0.05	Adapter 899Hz Probe 3839Hz	43	3.839	70.00	0.437
319.48	0.05	Adapter 899Hz Probe 3839Hz	43	0.899	70.00	0.121
319.56	0.05	Adapter 899Hz Probe 3839Hz	43	0.899	70.00	0.121
319.64	0.05	Adapter 899Hz Probe 3839Hz	43	0.899	70.00	0.121
319.72	0.05	Adapter 899Hz Probe 3839Hz	43	0.899	70.00	0.121
319.8	0.05	Adapter 899Hz Probe 3839Hz	43	3.839	70.00	0.437
319.98	0.05	Adapter 899Hz Probe 3839Hz	43	0.899	70.00	0.121
320.06	0.05	Adapter 899Hz Probe 3839Hz	43	0.899	70.00	0.121
320.14	0.05	Adapter 899Hz Probe 3839Hz	43	0.899	70.00	0.121
320.22	0.05	Adapter 899Hz Probe 3839Hz	43	0.899	70.00	0.121
320.3	0.05	Adapter 899Hz Probe 3839Hz	43	3.839	70.00	0.437
320.48	0.05	Adapter 899Hz Probe 3839Hz	43	0.899	70.00	0.121
320.56	0.05	Adapter 899Hz Probe 3839Hz	43	0.899	70.00	0.121
320.64	0.05	Adapter 899Hz Probe 3839Hz	43	0.899	70.00	0.121
320.72	0.05	Adapter 899Hz Probe 3839Hz	43	0.899	70.00	0.121
320.8	0.05	Adapter 899Hz Probe 3839Hz	43	3.839	70.00	0.437
320.98	0.05	Adapter 899Hz Probe 3839Hz	43	0.899	70.00	0.121
321.06	0.05	Adapter 899Hz Probe 3839Hz	43	0.899	70.00	0.121
321.14	0.05	Adapter 899Hz Probe 3839Hz	43	0.899	70.00	0.121
321.22	0.05	Adapter 899Hz Probe 3839Hz	43	0.899	70.00	0.121
321.3	0.05	Adapter 899Hz Probe 3839Hz	43	3.839	70.00	0.437
321.48	0.05	Adapter 899Hz Probe 3839Hz	43	0.899	70.00	0.121
321.56	0.05	Adapter 899Hz Probe 3839Hz	43	0.899	70.00	0.121
321.64	0.05	Adapter 899Hz Probe 3839Hz	43	0.899	70.00	0.121
321.72	0.05	Adapter 899Hz Probe 3839Hz	43	0.899	70.00	0.121
321.8	0.05	Adapter 899Hz Probe 3839Hz	43	3.839	70.00	0.437
321.98	0.05	Adapter 899Hz Probe 3839Hz	43	0.899	70.00	0.121
322.06	0.05	Adapter 899Hz Probe 3839Hz	43	0.899	70.00	0.121
322.14	0.05	Adapter 899Hz Probe 3839Hz	43	0.899	70.00	0.121
322.22	0.05	Adapter 899Hz Probe 3839Hz	43	0.899	70.00	0.121
322.3	0.05	Adapter 899Hz Probe 3839Hz	43	3.839	70.00	0.437
325.319	0.05	Probe 3839Hz	44	3.839	70.00	0.437
325.819	0.05	Probe 3839Hz	44	3.839	70.00	0.437
326.319	0.05	Probe 3839Hz	44	3.839	70.00	0.437
326.819	0.05	Probe 3839Hz	44	3.839	70.00	0.437
327.319	0.05	Probe 3839Hz	44	3.839	70.00	0.437
327.819	0.05	Probe 3839Hz	44	3.839	70.00	0.437
328.319	0.05	Probe 3839Hz	44	3.839	70.00	0.437
328.819	0.05	Probe 3839Hz	44	3.839	70.00	0.437
329.319	0.05	Probe 3839Hz	44	3.839	70.00	0.437
329.819	0.05	Probe 3839Hz	44	3.839	70.00	0.437
332.472	0.05	Adapter 507Hz	45	0.507	70.00	0.079
332.552	0.05	Adapter 507Hz	45	0.507	70.00	0.079
332.632	0.05	Adapter 507Hz	45	0.507	70.00	0.079
332.712	0.05	Adapter 507Hz	45	0.507	70.00	0.079
332.972	0.05	Adapter 507Hz	45	0.507	70.00	0.079
333.052	0.05	Adapter 507Hz	45	0.507	70.00	0.079
333.132	0.05	Adapter 507Hz	45	0.507	70.00	0.079
333.212	0.05	Adapter 507Hz	45	0.507	70.00	0.079
333.472	0.05	Adapter 507Hz	45	0.507	70.00	0.079
333.552	0.05	Adapter 507Hz	45	0.507	70.00	0.079
333.632	0.05	Adapter 507Hz	45	0.507	70.00	0.079
333.712	0.05	Adapter 507Hz	45	0.507	70.00	0.079
333.972	0.05	Adapter 507Hz	45	0.507	70.00	0.079
334.052	0.05	Adapter 507Hz	45	0.507	70.00	0.079
334.132	0.05	Adapter 507Hz	45	0.507	70.00	0.079
334.212	0.05	Adapter 507Hz	45	0.507	70.00	0.079
334.472	0.05	Adapter 507Hz	45	0.507	70.00	0.079
334.552	0.05	Adapter 507Hz	45	0.507	70.00	0.079
334.632	0.05	Adapter 507Hz	45	0.507	70.00	0.079
334.712	0.05	Adapter 507Hz	45	0.507	70.00	0.079
334.972	0.05	Adapter 507Hz	45	0.507	70.00	0.079
335.052	0.05	Adapter 507Hz	45	0.507	70.00	0.079
335.132	0.05	Adapter 507Hz	45	0.507	70.00	0.079
335.212	0.05	Adapter 507Hz	45	0.507	70.00	0.079
335.472	0.05	Adapter 507Hz	45	0.507	70.00	0.079
335.552	0.05	Adapter 507Hz	45	0.507	70.00	0.079
335.632	0.05	Adapter 507Hz	45	0.507	70.00	0.079
335.712	0.05	Adapter 507Hz	45	0.507	70.00	0.079
335.972	0.05	Adapter 507Hz	45	0.507	70.00	0.079
336.052	0.05	Adapter 507Hz	45	0.507	70.00	0.079
336.132	0.05	Adapter 507Hz	45	0.507	70.00	0.079
336.212	0.05	Adapter 507Hz	45	0.507	70.00	0.079
336.472	0.05	Adapter 507Hz	45	0.507	70.00	0.079
336.552	0.05	Adapter 507Hz	45	0.507	70.00	0.079
336.632	0.05	Adapter 507Hz	45	0.507	70.00	0.079
336.712	0.05	Adapter 507Hz	45	0.507	70.00	0.079
336.972	0.05	Adapter 507Hz	45	0.507	70.00	0.079
337.052	0.05	Adapter 507Hz	45	0.507	70.00	0.079
337.132	0.05	Adapter 507Hz	45	0.507	70.00	0.079
337.212	0.05	Adapter 507Hz	45	0.507	70.00	0.079
340.007	0.05	Adapter 899Hz	46	0.899	70.00	0.121
340.087	0.05	Adapter 899Hz	46	0.899	70.00	0.121
340.167	0.05	Adapter 899Hz	46	0.899	70.00	0.121
340.247	0.05	Adapter 899Hz	46	0.899	70.00	0.121
340.507	0.05	Adapter 899Hz	46	0.899	70.00	0.121
340.587	0.05	Adapter 899Hz	46	0.899	70.00	0.121
340.667	0.05	Adapter 899Hz	46	0.899	70.00	0.121
340.747	0.05	Adapter 899Hz	46	0.899	70.00	0.121
341.007	0.05	Adapter 899Hz	46	0.899	70.00	0.121
341.087	0.05	Adapter 899Hz	46	0.899	70.00	0.121
341.167	0.05	Adapter 899Hz	46	0.899	70.00	0.121
341.247	0.05	Adapter 899Hz	46	0.899	70.00	0.121
341.507	0.05	Adapter 899Hz	46	0.899	70.00	0.121
341.587	0.05	Adapter 899Hz	46	0.899	70.00	0.121
341.667	0.05	Adapter 899Hz	46	0.899	70.00	0.121
341.747	0.05	Adapter 899Hz	46	0.899	70.00	0.121
342.007	0.05	Adapter 899Hz	46	0.899	70.00	0.121
342.087	0.05	Adapter 899Hz	46	0.899	70.00	0.121
342.167	0.05	Adapter 899Hz	46	0.899	70.00	0.121
342.247	0.05	Adapter 899Hz	46	0.899	70.00	0.121
342.507	0.05	Adapter 899Hz	46	0.899	70.00	0.121
342.587	0.05	Adapter 899Hz	46	0.899	70.00	0.121
342.667	0.05	Adapter 899Hz	46	0.899	70.00	0.121
342.747	0.05	Adapter 899Hz	46	0.899	70.00	0.121
343.007	0.05	Adapter 899Hz	46	0.899	70.00	0.121
343.087	0.05	Adapter 899Hz	46	0.899	70.00	0.121
343.167	0.05	Adapter 899Hz	46	0.899	70.00	0.121
343.247	0.05	Adapter 899Hz	46	0.899	70.00	0.121
343.507	0.05	Adapter 899Hz	46	0.899	70.00	0.121
343.587	0.05	Adapter 899Hz	46	0.899	70.00	0.121
343.667	0.05	Adapter 899Hz	46	0.899	70.00	0.121
343.747	0.05	Adapter 899Hz	46	0.899	70.00	0.121
344.007	0.05	Adapter 899Hz	46	0.899	70.00	0.121
344.087	0.05	Adapter 899Hz	46	0.899	70.00	0.121
344.167	0.05	Adapter 899Hz	46	0.899	70.00	0.121
344.247	0.05	Adapter 899Hz	46	0.899	70.00	0.121
344.507	0.05	Adapter 899Hz	46	0.899	70.00	0.121
344.587	0.05	Adapter 899Hz	46	0.899	70.00	0.121
344.667	0.05	Adapter 899Hz	46	0.899	70.00	0.121
344.747	0.05	Adapter 899Hz	46	0.899	70.00	0.121
347.495	0.05	Adapter 6009Hz	47	6.009	70.00	0.671
347.575	0.05	Adapter 6009Hz	47	6.009	70.00	0.671
347.655	0.05	Adapter 6009Hz	47	6.009	70.00	0.671
347.735	0.05	Adapter 6009Hz	47	6.009	70.00	0.671
347.995	0.05	Adapter 6009Hz	47	6.009	70.00	0.671
348.075	0.05	Adapter 6009Hz	47	6.009	70.00	0.671
348.155	0.05	Adapter 6009Hz	47	6.009	70.00	0.671
348.235	0.05	Adapter 6009Hz	47	6.009	70.00	0.671
348.495	0.05	Adapter 6009Hz	47	6.009	70.00	0.671
348.575	0.05	Adapter 6009Hz	47	6.009	70.00	0.671
348.655	0.05	Adapter 6009Hz	47	6.009	70.00	0.671
348.735	0.05	Adapter 6009Hz	47	6.009	70.00	0.671
348.995	0.05	Adapter 6009Hz	47	6.009	70.00	0.671
349.075	0.05	Adapter 6009Hz	47	6.009	70.00	0.671
349.155	0.05	Adapter 6009Hz	47	6.009	70.00	0.671
349.235	0.05	Adapter 6009Hz	47	6.009	70.00	0.671
349.495	0.05	Adapter 6009Hz	47	6.009	70.00	0.671
349.575	0.05	Adapter 6009Hz	47	6.009	70.00	0.671
349.655	0.05	Adapter 6009Hz	47	6.009	70.00	0.671
349.735	0.05	Adapter 6009Hz	47	6.009	70.00	0.671
349.995	0.05	Adapter 6009Hz	47	6.009	70.00	0.671
350.075	0.05	Adapter 6009Hz	47	6.009	70.00	0.671
350.155	0.05	Adapter 6009Hz	47	6.009	70.00	0.671
350.235	0.05	Adapter 6009Hz	47	6.009	70.00	0.671
350.495	0.05	Adapter 6009Hz	47	6.009	70.00	0.671
350.575	0.05	Adapter 6009Hz	47	6.009	70.00	0.671
350.655	0.05	Adapter 6009Hz	47	6.009	70.00	0.671
350.735	0.05	Adapter 6009Hz	47	6.009	70.00	0.671
350.995	0.05	Adapter 6009Hz	47	6.009	70.00	0.671
351.075	0.05	Adapter 6009Hz	47	6.009	70.00	0.671
351.155	0.05	Adapter 6009Hz	47	6.009	70.00	0.671
351.235	0.05	Adapter 6009Hz	47	6.009	70.00	0.671
351.495	0.05	Adapter 6009Hz	47	6.009	70.00	0.671
351.575	0.05	Adapter 6009Hz	47	6.009	70.00	0.671
351.655	0.05	Adapter 6009Hz	47	6.009	70.00	0.671
351.735	0.05	Adapter 6009Hz	47	6.009	70.00	0.671
351.995	0.05	Adapter 6009Hz	47	6.009	70.00	0.671
352.075	0.05	Adapter 6009Hz	47	6.009	70.00	0.671
352.155	0.05	Adapter 6009Hz	47	6.009	70.00	0.671
352.235	0.05	Adapter 6009Hz	47	6.009	70.00	0.671
362.471	0.05	Adapter 3839Hz	49	3.839	70.00	0.437
362.551	0.05	Adapter 3839Hz	49	3.839	70.00	0.437
362.631	0.05	Adapter 3839Hz	49	3.839	70.00	0.437
362.711	0.05	Adapter 3839Hz	49	3.839	70.00	0.437
362.971	0.05	Adapter 3839Hz	49	3.839	70.00	0.437
363.051	0.05	Adapter 3839Hz	49	3.839	70.00	0.437
363.131	0.05	Adapter 3839Hz	49	3.839	70.00	0.437
363.211	0.05	Adapter 3839Hz	49	3.839	70.00	0.437
363.471	0.05	Adapter 3839Hz	49	3.839	70.00	0.437
363.551	0.05	Adapter 3839Hz	49	3.839	70.00	0.437
363.631	0.05	Adapter 3839Hz	49	3.839	70.00	0.437
363.711	0.05	Adapter 3839Hz	49	3.839	70.00	0.437
363.971	0.05	Adapter 3839Hz	49	3.839	70.00	0.437
364.051	0.05	Adapter 3839Hz	49	3.839	70.00	0.437
364.131	0.05	Adapter 3839Hz	49	3.839	70.00	0.437
364.211	0.05	Adapter 3839Hz	49	3.839	70.00	0.437
364.471	0.05	Adapter 3839Hz	49	3.839	70.00	0.437
364.551	0.05	Adapter 3839Hz	49	3.839	70.00	0.437
364.631	0.05	Adapter 3839Hz	49	3.839	70.00	0.437
364.711	0.05	Adapter 3839Hz	49	3.839	70.00	0.437
364.971	0.05	Adapter 3839Hz	49	3.839	70.00	0.437
365.051	0.05	Adapter 3839Hz	49	3.839	70.00	0.437
365.131	0.05	Adapter 3839Hz	49	3.839	70.00	0.437
365.211	0.05	Adapter 3839Hz	49	3.839	70.00	0.437
365.471	0.05	Adapter 3839Hz	49	3.839	70.00	0.437
365.551	0.05	Adapter 3839Hz	49	3.839	70.00	0.437
365.631	0.05	Adapter 3839Hz	49	3.839	70.00	0.437
365.711	0.05	Adapter 3839Hz	49	3.839	70.00	0.437
365.971	0.05	Adapter 3839Hz	49	3.839	70.00	0.437
366.051	0.05	Adapter 3839Hz	49	3.839	70.00	0.437
366.131	0.05	Adapter 3839Hz	49	3.839	70.00	0.437
366.211	0.05	Adapter 3839Hz	49	3.839	70.00	0.437
366.471	0.05	Adapter 3839Hz	49	3.839	70.00	0.437
366.551	0.05	Adapter 3839Hz	49	3.839	70.00	0.437
366.631	0.05	Adapter 3839Hz	49	3.839	70.00	0.437
366.711	0.05	Adapter 3839Hz	49	3.839	70.00	0.437
366.971	0.05	Adapter 3839Hz	49	3.839	70.00	0.437
367.051	0.05	Adapter 3839Hz	49	3.839	70.00	0.437
367.131	0.05	Adapter 3839Hz	49	3.839	70.00	0.437
367.211	0.05	Adapter 3839Hz	49	3.839	70.00	0.437
370.021	0.05	Adapter 251Hz	50	0.251	70.00	0.052
370.101	0.05	Adapter 251Hz	50	0.251	70.00	0.052
370.181	0.05	Adapter 251Hz	50	0.251	70.00	0.052
370.261	0.05	Adapter 251Hz	50	0.251	70.00	0.052
370.521	0.05	Adapter 251Hz	50	0.251	70.00	0.052
370.601	0.05	Adapter 251Hz	50	0.251	70.00	0.052
370.681	0.05	Adapter 251Hz	50	0.251	70.00	0.052
370.761	0.05	Adapter 251Hz	50	0.251	70.00	0.052
371.021	0.05	Adapter 251Hz	50	0.251	70.00	0.052
371.101	0.05	Adapter 251Hz	50	0.251	70.00	0.052
371.181	0.05	Adapter 251Hz	50	0.251	70.00	0.052
371.261	0.05	Adapter 251Hz	50	0.251	70.00	0.052
371.521	0.05	Adapter 251Hz	50	0.251	70.00	0.052
371.601	0.05	Adapter 251Hz	50	0.251	70.00	0.052
371.681	0.05	Adapter 251Hz	50	0.251	70.00	0.052
371.761	0.05	Adapter 251Hz	50	0.251	70.00	0.052
372.021	0.05	Adapter 251Hz	50	0.251	70.00	0.052
372.101	0.05	Adapter 251Hz	50	0.251	70.00	0.052
372.181	0.05	Adapter 251Hz	50	0.251	70.00	0.052
372.261	0.05	Adapter 251Hz	50	0.251	70.00	0.052
372.521	0.05	Adapter 251Hz	50	0.251	70.00	0.052
372.601	0.05	Adapter 251Hz	50	0.251	70.00	0.052
372.681	0.05	Adapter 251Hz	50	0.251	70.00	0.052
372.761	0.05	Adapter 251Hz	50	0.251	70.00	0.052
373.021	0.05	Adapter 251Hz	50	0.251	70.00	0.052
373.101	0.05	Adapter 251Hz	50	0.251	70.00	0.052
373.181	0.05	Adapter 251Hz	50	0.251	70.00	0.052
373.261	0.05	Adapter 251Hz	50	0.251	70.00	0.052
373.521	0.05	Adapter 251Hz	50	0.251	70.00	0.052
373.601	0.05	Adapter 251Hz	50	0.251	70.00	0.052
373.681	0.05	Adapter 251Hz	50	0.251	70.00	0.052
373.761	0.05	Adapter 251Hz	50	0.251	70.00	0.052
374.021	0.05	Adapter 251Hz	50	0.251	70.00	0.052
374.101	0.05	Adapter 251Hz	50	0.251	70.00	0.052
374.181	0.05	Adapter 251Hz	50	0.251	70.00	0.052
374.261	0.05	Adapter 251Hz	50	0.251	70.00	0.052
374.521	0.05	Adapter 251Hz	50	0.251	70.00	0.052
374.601	0.05	Adapter 251Hz	50	0.251	70.00	0.052
374.681	0.05	Adapter 251Hz	50	0.251	70.00	0.052
374.761	0.05	Adapter 251Hz	50	0.251	70.00	0.052
377.493	0.05	Adapter 899Hz	51	0.899	70.00	0.121
377.573	0.05	Adapter 899Hz	51	0.899	70.00	0.121
377.653	0.05	Adapter 899Hz	51	0.899	70.00	0.121
377.733	0.05	Adapter 899Hz	51	0.899	70.00	0.121
377.993	0.05	Adapter 899Hz	51	0.899	70.00	0.121
378.073	0.05	Adapter 899Hz	51	0.899	70.00	0.121
378.153	0.05	Adapter 899Hz	51	0.899	70.00	0.121
378.233	0.05	Adapter 899Hz	51	0.899	70.00	0.121
378.493	0.05	Adapter 899Hz	51	0.899	70.00	0.121
378.573	0.05	Adapter 899Hz	51	0.899	70.00	0.121
378.653	0.05	Adapter 899Hz	51	0.899	70.00	0.121
378.733	0.05	Adapter 899Hz	51	0.899	70.00	0.121
378.993	0.05	Adapter 899Hz	51	0.899	70.00	0.121
379.073	0.05	Adapter 899Hz	51	0.899	70.00	0.121
379.153	0.05	Adapter 899Hz	51	0.899	70.00	0.121
379.233	0.05	Adapter 899Hz	51	0.899	70.00	0.121
379.493	0.05	Adapter 899Hz	51	0.899	70.00	0.121
379.573	0.05	Adapter 899Hz	51	0.899	70.00	0.121
379.653	0.05	Adapter 899Hz	51	0.899	70.00	0.121
379.733	0.05	Adapter 899Hz	51	0.899	70.00	0.121
379.993	0.05	Adapter 899Hz	51	0.899	70.00	0.121
380.073	0.05	Adapter 899Hz	51	0.899	70.00	0.121
380.153	0.05	Adapter 899Hz	51	0.899	70.00	0.121
380.233	0.05	Adapter 899Hz	51	0.899	70.00	0.121
380.493	0.05	Adapter 899Hz	51	0.899	70.00	0.121
380.573	0.05	Adapter 899Hz	51	0.899	70.00	0.121
380.653	0.05	Adapter 899Hz	51	0.899	70.00	0.121
380.733	0.05	Adapter 899Hz	51	0.899	70.00	0.121
380.993	0.05	Adapter 899Hz	51	0.899	70.00	0.121
381.073	0.05	Adapter 899Hz	51	0.899	70.00	0.121
381.153	0.05	Adapter 899Hz	51	0.899	70.00	0.121
381.233	0.05	Adapter 899Hz	51	0.899	70.00	0.121
381.493	0.05	Adapter 899Hz	51	0.899	70.00	0.121
381.573	0.05	Adapter 899Hz	51	0.899	70.00	0.121
381.653	0.05	Adapter 899Hz	51	0.899	70.00	0.121
381.733	0.05	Adapter 899Hz	51	0.899	70.00	0.121
381.993	0.05	Adapter 899Hz	51	0.899	70.00	0.121
382.073	0.05	Adapter 899Hz	51	0.899	70.00	0.121
382.153	0.05	Adapter 899Hz	51	0.899	70.00	0.121
382.233	0.05	Adapter 899Hz	51	0.899	70.00	0.121
399.973	0.05	Adapter 507Hz Probe 3839Hz	54	0.507	70.00	0.079
400.053	0.05	Adapter 507Hz Probe 3839Hz	54	0.507	70.00	0.079
400.133	0.05	Adapter 507Hz Probe 3839Hz	54	0.507	70.00	0.079
400.213	0.05	Adapter 507Hz Probe 3839Hz	54	0.507	70.00	0.079
400.293	0.05	Adapter 507Hz Probe 3839Hz	54	3.839	70.00	0.437
400.473	0.05	Adapter 507Hz Probe 3839Hz	54	0.507	70.00	0.079
400.553	0.05	Adapter 507Hz Probe 3839Hz	54	0.507	70.00	0.079
400.633	0.05	Adapter 507Hz Probe 3839Hz	54	0.507	70.00	0.079
400.713	0.05	Adapter 507Hz Probe 3839Hz	54	0.507	70.00	0.079
400.793	0.05	Adapter 507Hz Probe 3839Hz	54	3.839	70.00	0.437
400.973	0.05	Adapter 507Hz Probe 3839Hz	54	0.507	70.00	0.079
401.053	0.05	Adapter 507Hz Probe 3839Hz	54	0.507	70.00	0.079
401.133	0.05	Adapter 507Hz Probe 3839Hz	54	0.507	70.00	0.079
401.213	0.05	Adapter 507Hz Probe 3839Hz	54	0.507	70.00	0.079
401.293	0.05	Adapter 507Hz Probe 3839Hz	54	3.839	70.00	0.437
401.473	0.05	Adapter 507Hz Probe 3839Hz	54	0.507	70.00	0.079
401.553	0.05	Adapter 507Hz Probe 3839Hz	54	0.507	70.00	0.079
401.633	0.05	Adapter 507Hz Probe 3839Hz	54	0.507	70.00	0.079
401.713	0.05	Adapter 507Hz Probe 3839Hz	54	0.507	70.00	0.079
401.793	0.05	Adapter 507Hz Probe 3839Hz	54	3.839	70.00	0.437
401.973	0.05	Adapter 507Hz Probe 3839Hz	54	0.507	70.00	0.079
402.053	0.05	Adapter 507Hz Probe 3839Hz	54	0.507	70.00	0.079
402.133	0.05	Adapter 507Hz Probe 3839Hz	54	0.507	70.00	0.079
402.213	0.05	Adapter 507Hz Probe 3839Hz	54	0.507	70.00	0.079
402.293	0.05	Adapter 507Hz Probe 3839Hz	54	3.839	70.00	0.437
402.473	0.05	Adapter 507Hz Probe 3839Hz	54	0.507	70.00	0.079
402.553	0.05	Adapter 507Hz Probe 3839Hz	54	0.507	70.00	0.079
402.633	0.05	Adapter 507Hz Probe 3839Hz	54	0.507	70.00	0.079
402.713	0.05	Adapter 507Hz Probe 3839Hz	54	0.507	70.00	0.079
402.793	0.05	Adapter 507Hz Probe 3839Hz	54	3.839	70.00	0.437
402.973	0.05	Adapter 507Hz Probe 3839Hz	54	0.507	70.00	0.079
403.053	0.05	Adapter 507Hz Probe 3839Hz	54	0.507	70.00	0.079
403.133	0.05	Adapter 507Hz Probe 3839Hz	54	0.507	70.00	0.079
403.213	0.05	Adapter 507Hz Probe 3839Hz	54	0.507	70.00	0.079
403.293	0.05	Adapter 507Hz Probe 3839Hz	54	3.839	70.00	0.437
403.473	0.05	Adapter 507Hz Probe 3839Hz	54	0.507	70.00	0.079
403.553	0.05	Adapter 507Hz Probe 3839Hz	54	0.507	70.00	0.079
403.633	0.05	Adapter 507Hz Probe 3839Hz	54	0.507	70.00	0.079
403.713	0.05	Adapter 507Hz Probe 3839Hz	54	0.507	70.00	0.079
403.793	0.05	Adapter 507Hz Probe 3839Hz	54	3.839	70.00	0.437
403.973	0.05	Adapter 507Hz Probe 3839Hz	54	0.507	70.00	0.079
404.053	0.05	Adapter 507Hz Probe 3839Hz	54	0.507	70.00	0.079
404.133	0.05	Adapter 507Hz Probe 3839Hz	54	0.507	70.00	0.079
404.213	0.05	Adapter 507Hz Probe 3839Hz	54	0.507	70.00	0.079
404.293	0.05	Adapter 507Hz Probe 3839Hz	54	3.839	70.00	0.437
404.473	0.05	Adapter 507Hz Probe 3839Hz	54	0.507	70.00	0.079
404.553	0.05	Adapter 507Hz Probe 3839Hz	54	0.507	70.00	0.079
404.633	0.05	Adapter 507Hz Probe 3839Hz	54	0.507	70.00	0.079
404.713	0.05	Adapter 507Hz Probe 3839Hz	54	0.507	70.00	0.079
404.793	0.05	Adapter 507Hz Probe 3839Hz	54	3.839	70.00	0.437
407.524	0.05	Adapter 2423Hz Probe 3839Hz	55	2.423	70.00	0.285
407.604	0.05	Adapter 2423Hz Probe 3839Hz	55	2.423	70.00	0.285
407.684	0.05	Adapter 2423Hz Probe 3839Hz	55	2.423	70.00	0.285
407.764	0.05	Adapter 2423Hz Probe 3839Hz	55	2.423	70.00	0.285
407.844	0.05	Adapter 2423Hz Probe 3839Hz	55	3.839	70.00	0.437
408.024	0.05	Adapter 2423Hz Probe 3839Hz	55	2.423	70.00	0.285
408.104	0.05	Adapter 2423Hz Probe 3839Hz	55	2.423	70.00	0.285
408.184	0.05	Adapter 2423Hz Probe 3839Hz	55	2.423	70.00	0.285
408.264	0.05	Adapter 2423Hz Probe 3839Hz	55	2.423	70.00	0.285
408.344	0.05	Adapter 2423Hz Probe 3839Hz	55	3.839	70.00	0.437
408.524	0.05	Adapter 2423Hz Probe 3839Hz	55	2.423	70.00	0.285
408.604	0.05	Adapter 2423Hz Probe 3839Hz	55	2.423	70.00	0.285
408.684	0.05	Adapter 2423Hz Probe 3839Hz	55	2.423	70.00	0.285
408.764	0.05	Adapter 2423Hz Probe 3839Hz	55	2.423	70.00	0.285
408.844	0.05	Adapter 2423Hz Probe 3839Hz	55	3.839	70.00	0.437
409.024	0.05	Adapter 2423Hz Probe 3839Hz	55	2.423	70.00	0.285
409.104	0.05	Adapter 2423Hz Probe 3839Hz	55	2.423	70.00	0.285
409.184	0.05	Adapter 2423Hz Probe 3839Hz	55	2.423	70.00	0.285
409.264	0.05	Adapter 2423Hz Probe 3839Hz	55	2.423	70.00	0.285
409.344	0.05	Adapter 2423Hz Probe 3839Hz	55	3.839	70.00	0.437
409.524	0.05	Adapter 2423Hz Probe 3839Hz	55	2.423	70.00	0.285
409.604	0.05	Adapter 2423Hz Probe 3839Hz	55	2.423	70.00	0.285
409.684	0.05	Adapter 2423Hz Probe 3839Hz	55	2.423	70.00	0.285
409.764	0.05	Adapter 2423Hz Probe 3839Hz	55	2.423	70.00	0.285
409.844	0.05	Adapter 2423Hz Probe 3839Hz	55	3.839	70.00	0.437
410.024	0.05	Adapter 2423Hz Probe 3839Hz	55	2.423	70.00	0.285
410.104	0.05	Adapter 2423Hz Probe 3839Hz	55	2.423	70.00	0.285
410.184	0.05	Adapter 2423Hz Probe 3839Hz	55	2.423	70.00	0.285
410.264	0.05	Adapter 2423Hz Probe 3839Hz	55	2.423	70.00	0.285
410.344	0.05	Adapter 2423Hz Probe 3839Hz	55	3.839	70.00	0.437
410.524	0.05	Adapter 2423Hz Probe 3839Hz	55	2.423	70.00	0.285
410.604	0.05	Adapter 2423Hz Probe 3839Hz	55	2.423	70.00	0.285
410.684	0.05	Adapter 2423Hz Probe 3839Hz	55	2.423	70.00	0.285
410.764	0.05	Adapter 2423Hz Probe 3839Hz	55	2.423	70.00	0.285
410.844	0.05	Adapter 2423Hz Probe 3839Hz	55	3.839	70.00	0.437
411.024	0.05	Adapter 2423Hz Probe 3839Hz	55	2.423	70.00	0.285
411.104	0.05	Adapter 2423Hz Probe 3839Hz	55	2.423	70.00	0.285
411.184	0.05	Adapter 2423Hz Probe 3839Hz	55	2.423	70.00	0.285
411.264	0.05	Adapter 2423Hz Probe 3839Hz	55	2.423	70.00	0.285
411.344	0.05	Adapter 2423Hz Probe 3839Hz	55	3.839	70.00	0.437
411.524	0.05	Adapter 2423Hz Probe 3839Hz	55	2.423	70.00	0.285
411.604	0.05	Adapter 2423Hz Probe 3839Hz	55	2.423	70.00	0.285
411.684	0.05	Adapter 2423Hz Probe 3839Hz	55	2.423	70.00	0.285
411.764	0.05	Adapter 2423Hz Probe 3839Hz	55	2.423	70.00	0.285
411.844	0.05	Adapter 2423Hz Probe 3839Hz	55	3.839	70.00	0.437
412.024	0.05	Adapter 2423Hz Probe 3839Hz	55	2.423	70.00	0.285
412.104	0.05	Adapter 2423Hz Probe 3839Hz	55	2.423	70.00	0.285
412.184	0.05	Adapter 2423Hz Probe 3839Hz	55	2.423	70.00	0.285
412.264	0.05	Adapter 2423Hz Probe 3839Hz	55	2.423	70.00	0.285
412.344	0.05	Adapter 2423Hz Probe 3839Hz	55	3.839	70.00	0.437
415.012	0.05	Adapter 507Hz	56	0.507	70.00	0.079
415.092	0.05	Adapter 507Hz	56	0.507	70.00	0.079
415.172	0.05	Adapter 507Hz	56	0.507	70.00	0.079
415.252	0.05	Adapter 507Hz	56	0.507	70.00	0.079
415.512	0.05	Adapter 507Hz	56	0.507	70.00	0.079
415.592	0.05	Adapter 507Hz	56	0.507	70.00	0.079
415.672	0.05	Adapter 507Hz	56	0.507	70.00	0.079
415.752	0.05	Adapter 507Hz	56	0.507	70.00	0.079
416.012	0.05	Adapter 507Hz	56	0.507	70.00	0.079
416.092	0.05	Adapter 507Hz	56	0.507	70.00	0.079
416.172	0.05	Adapter 507Hz	56	0.507	70.00	0.079
416.252	0.05	Adapter 507Hz	56	0.507	70.00	0.079
416.512	0.05	Adapter 507Hz	56	0.507	70.00	0.079
416.592	0.05	Adapter 507Hz	56	0.507	70.00	0.079
416.672	0.05	Adapter 507Hz	56	0.507	70.00	0.079
416.752	0.05	Adapter 507Hz	56	0.507	70.00	0.079
417.012	0.05	Adapter 507Hz	56	0.507	70.00	0.079
417.092	0.05	Adapter 507Hz	56	0.507	70.00	0.079
417.172	0.05	Adapter 507Hz	56	0.507	70.00	0.079
417.252	0.05	Adapter 507Hz	56	0.507	70.00	0.079
417.512	0.05	Adapter 507Hz	56	0.507	70.00	0.079
417.592	0.05	Adapter 507Hz	56	0.507	70.00	0.079
417.672	0.05	Adapter 507Hz	56	0.507	70.00	0.079
417.752	0.05	Adapter 507Hz	56	0.507	70.00	0.079
418.012	0.05	Adapter 507Hz	56	0.507	70.00	0.079
418.092	0.05	Adapter 507Hz	56	0.507	70.00	0.079
418.172	0.05	Adapter 507Hz	56	0.507	70.00	0.079
418.252	0.05	Adapter 507Hz	56	0.507	70.00	0.079
418.512	0.05	Adapter 507Hz	56	0.507	70.00	0.079
418.592	0.05	Adapter 507Hz	56	0.507	70.00	0.079
418.672	0.05	Adapter 507Hz	56	0.507	70.00	0.079
418.752	0.05	Adapter 507Hz	56	0.507	70.00	0.079
419.012	0.05	Adapter 507Hz	56	0.507	70.00	0.079
419.092	0.05	Adapter 507Hz	56	0.507	70.00	0.079
419.172	0.05	Adapter 507Hz	56	0.507	70.00	0.079
419.252	0.05	Adapter 507Hz	56	0.507	70.00	0.079
419.512	0.05	Adapter 507Hz	56	0.507	70.00	0.079
419.592	0.05	Adapter 507Hz	56	0.507	70.00	0.079
419.672	0.05	Adapter 507Hz	56	0.507	70.00	0.079
419.752	0.05	Adapter 507Hz	56	0.507	70.00	0.079
422.5	0.05	Adapter 6009Hz	57	6.009	70.00	0.671
422.58	0.05	Adapter 6009Hz	57	6.009	70.00	0.671
422.66	0.05	Adapter 6009Hz	57	6.009	70.00	0.671
422.74	0.05	Adapter 6009Hz	57	6.009	70.00	0.671
423.0	0.05	Adapter 6009Hz	57	6.009	70.00	0.671
423.08	0.05	Adapter 6009Hz	57	6.009	70.00	0.671
423.16	0.05	Adapter 6009Hz	57	6.009	70.00	0.671
423.24	0.05	Adapter 6009Hz	57	6.009	70.00	0.671
423.5	0.05	Adapter 6009Hz	57	6.009	70.00	0.671
423.58	0.05	Adapter 6009Hz	57	6.009	70.00	0.671
423.66	0.05	Adapter 6009Hz	57	6.009	70.00	0.671
423.74	0.05	Adapter 6009Hz	57	6.009	70.00	0.671
424.0	0.05	Adapter 6009Hz	57	6.009	70.00	0.671
424.08	0.05	Adapter 6009Hz	57	6.009	70.00	0.671
424.16	0.05	Adapter 6009Hz	57	6.009	70.00	0.671
424.24	0.05	Adapter 6009Hz	57	6.009	70.00	0.671
424.5	0.05	Adapter 6009Hz	57	6.009	70.00	0.671
424.58	0.05	Adapter 6009Hz	57	6.009	70.00	0.671
424.66	0.05	Adapter 6009Hz	57	6.009	70.00	0.671
424.74	0.05	Adapter 6009Hz	57	6.009	70.00	0.671
425.0	0.05	Adapter 6009Hz	57	6.009	70.00	0.671
425.08	0.05	Adapter 6009Hz	57	6.009	70.00	0.671
425.16	0.05	Adapter 6009Hz	57	6.009	70.00	0.671
425.24	0.05	Adapter 6009Hz	57	6.009	70.00	0.671
425.5	0.05	Adapter 6009Hz	57	6.009	70.00	0.671
425.58	0.05	Adapter 6009Hz	57	6.009	70.00	0.671
425.66	0.05	Adapter 6009Hz	57	6.009	70.00	0.671
425.74	0.05	Adapter 6009Hz	57	6.009	70.00	0.671
426.0	0.05	Adapter 6009Hz	57	6.009	70.00	0.671
426.08	0.05	Adapter 6009Hz	57	6.009	70.00	0.671
426.16	0.05	Adapter 6009Hz	57	6.009	70.00	0.671
426.24	0.05	Adapter 6009Hz	57	6.009	70.00	0.671
426.5	0.05	Adapter 6009Hz	57	6.009	70.00	0.671
426.58	0.05	Adapter 6009Hz	57	6.009	70.00	0.671
426.66	0.05	Adapter 6009Hz	57	6.009	70.00	0.671
426.74	0.05	Adapter 6009Hz	57	6.009	70.00	0.671
427.0	0.05	Adapter 6009Hz	57	6.009	70.00	0.671
427.08	0.05	Adapter 6009Hz	57	6.009	70.00	0.671
427.16	0.05	Adapter 6009Hz	57	6.009	70.00	0.671
427.24	0.05	Adapter 6009Hz	57	6.009	70.00	0.671
429.988	0.05	Adapter 3839Hz Probe 3839Hz	58	3.839	70.00	0.437
430.068	0.05	Adapter 3839Hz Probe 3839Hz	58	3.839	70.00	0.437
430.148	0.05	Adapter 3839Hz Probe 3839Hz	58	3.839	70.00	0.437
430.228	0.05	Adapter 3839Hz Probe 3839Hz	58	3.839	70.00	0.437
430.308	0.05	Adapter 3839Hz Probe 3839Hz	58	3.839	70.00	0.437
430.488	0.05	Adapter 3839Hz Probe 3839Hz	58	3.839	70.00	0.437
430.568	0.05	Adapter 3839Hz Probe 3839Hz	58	3.839	70.00	0.437
430.648	0.05	Adapter 3839Hz Probe 3839Hz	58	3.839	70.00	0.437
430.728	0.05	Adapter 3839Hz Probe 3839Hz	58	3.839	70.00	0.437
430.808	0.05	Adapter 3839Hz Probe 3839Hz	58	3.839	70.00	0.437
430.988	0.05	Adapter 3839Hz Probe 3839Hz	58	3.839	70.00	0.437
431.068	0.05	Adapter 3839Hz Probe 3839Hz	58	3.839	70.00	0.437
431.148	0.05	Adapter 3839Hz Probe 3839Hz	58	3.839	70.00	0.437
431.228	0.05	Adapter 3839Hz Probe 3839Hz	58	3.839	70.00	0.437
431.308	0.05	Adapter 3839Hz Probe 3839Hz	58	3.839	70.00	0.437
431.488	0.05	Adapter 3839Hz Probe 3839Hz	58	3.839	70.00	0.437
431.568	0.05	Adapter 3839Hz Probe 3839Hz	58	3.839	70.00	0.437
431.648	0.05	Adapter 3839Hz Probe 3839Hz	58	3.839	70.00	0.437
431.728	0.05	Adapter 3839Hz Probe 3839Hz	58	3.839	70.00	0.437
431.808	0.05	Adapter 3839Hz Probe 3839Hz	58	3.839	70.00	0.437
431.988	0.05	Adapter 3839Hz Probe 3839Hz	58	3.839	70.00	0.437
432.068	0.05	Adapter 3839Hz Probe 3839Hz	58	3.839	70.00	0.437
432.148	0.05	Adapter 3839Hz Probe 3839Hz	58	3.839	70.00	0.437
432.228	0.05	Adapter 3839Hz Probe 3839Hz	58	3.839	70.00	0.437
432.308	0.05	Adapter 3839Hz Probe 3839Hz	58	3.839	70.00	0.437
432.488	0.05	Adapter 3839Hz Probe 3839Hz	58	3.839	70.00	0.437
432.568	0.05	Adapter 3839Hz Probe 3839Hz	58	3.839	70.00	0.437
432.648	0.05	Adapter 3839Hz Probe 3839Hz	58	3.839	70.00	0.437
432.728	0.05	Adapter 3839Hz Probe 3839Hz	58	3.839	70.00	0.437
432.808	0.05	Adapter 3839Hz Probe 3839Hz	58	3.839	70.00	0.437
432.988	0.05	Adapter 3839Hz Probe 3839Hz	58	3.839	70.00	0.437
433.068	0.05	Adapter 3839Hz Probe 3839Hz	58	3.839	70.00	0.437
433.148	0.05	Adapter 3839Hz Probe 3839Hz	58	3.839	70.00	0.437
433.228	0.05	Adapter 3839Hz Probe 3839Hz	58	3.839	70.00	0.437
433.308	0.05	Adapter 3839Hz Probe 3839Hz	58	3.839	70.00	0.437
433.488	0.05	Adapter 3839Hz Probe 3839Hz	58	3.839	70.00	0.437
433.568	0.05	Adapter 3839Hz Probe 3839Hz	58	3.839	70.00	0.437
433.648	0.05	Adapter 3839Hz Probe 3839Hz	58	3.839	70.00	0.437
433.728	0.05	Adapter 3839Hz Probe 3839Hz	58	3.839	70.00	0.437
433.808	0.05	Adapter 3839Hz Probe 3839Hz	58	3.839	70.00	0.437
433.988	0.05	Adapter 3839Hz Probe 3839Hz	58	3.839	70.00	0.437
434.068	0.05	Adapter 3839Hz Probe 3839Hz	58	3.839	70.00	0.437
434.148	0.05	Adapter 3839Hz Probe 3839Hz	58	3.839	70.00	0.437
434.228	0.05	Adapter 3839Hz Probe 3839Hz	58	3.839	70.00	0.437
434.308	0.05	Adapter 3839Hz Probe 3839Hz	58	3.839	70.00	0.437
434.488	0.05	Adapter 3839Hz Probe 3839Hz	58	3.839	70.00	0.437
434.568	0.05	Adapter 3839Hz Probe 3839Hz	58	3.839	70.00	0.437
434.648	0.05	Adapter 3839Hz Probe 3839Hz	58	3.839	70.00	0.437
434.728	0.05	Adapter 3839Hz Probe 3839Hz	58	3.839	70.00	0.437
434.808	0.05	Adapter 3839Hz Probe 3839Hz	58	3.839	70.00	0.437
437.476	0.05	Adapter 1501Hz	59	1.501	70.00	0.186
437.556	0.05	Adapter 1501Hz	59	1.501	70.00	0.186
437.636	0.05	Adapter 1501Hz	59	1.501	70.00	0.186
437.716	0.05	Adapter 1501Hz	59	1.501	70.00	0.186
437.976	0.05	Adapter 1501Hz	59	1.501	70.00	0.186
438.056	0.05	Adapter 1501Hz	59	1.501	70.00	0.186
438.136	0.05	Adapter 1501Hz	59	1.501	70.00	0.186
438.216	0.05	Adapter 1501Hz	59	1.501	70.00	0.186
438.476	0.05	Adapter 1501Hz	59	1.501	70.00	0.186
438.556	0.05	Adapter 1501Hz	59	1.501	70.00	0.186
438.636	0.05	Adapter 1501Hz	59	1.501	70.00	0.186
438.716	0.05	Adapter 1501Hz	59	1.501	70.00	0.186
438.976	0.05	Adapter 1501Hz	59	1.501	70.00	0.186
439.056	0.05	Adapter 1501Hz	59	1.501	70.00	0.186
439.136	0.05	Adapter 1501Hz	59	1.501	70.00	0.186
439.216	0.05	Adapter 1501Hz	59	1.501	70.00	0.186
439.476	0.05	Adapter 1501Hz	59	1.501	70.00	0.186
439.556	0.05	Adapter 1501Hz	59	1.501	70.00	0.186
439.636	0.05	Adapter 1501Hz	59	1.501	70.00	0.186
439.716	0.05	Adapter 1501Hz	59	1.501	70.00	0.186
439.976	0.05	Adapter 1501Hz	59	1.501	70.00	0.186
440.056	0.05	Adapter 1501Hz	59	1.501	70.00	0.186
440.136	0.05	Adapter 1501Hz	59	1.501	70.00	0.186
440.216	0.05	Adapter 1501Hz	59	1.501	70.00	0.186
440.476	0.05	Adapter 1501Hz	59	1.501	70.00	0.186
440.556	0.05	Adapter 1501Hz	59	1.501	70.00	0.186
440.636	0.05	Adapter 1501Hz	59	1.501	70.00	0.186
440.716	0.05	Adapter 1501Hz	59	1.501	70.00	0.186
440.976	0.05	Adapter 1501Hz	59	1.501	70.00	0.186
441.056	0.05	Adapter 1501Hz	59	1.501	70.00	0.186
441.136	0.05	Adapter 1501Hz	59	1.501	70.00	0.186
441.216	0.05	Adapter 1501Hz	59	1.501	70.00	0.186
441.476	0.05	Adapter 1501Hz	59	1.501	70.00	0.186
441.556	0.05	Adapter 1501Hz	59	1.501	70.00	0.186
441.636	0.05	Adapter 1501Hz	59	1.501	70.00	0.186
441.716	0.05	Adapter 1501Hz	59	1.501	70.00	0.186
441.976	0.05	Adapter 1501Hz	59	1.501	70.00	0.186
442.056	0.05	Adapter 1501Hz	59	1.501	70.00	0.186
442.136	0.05	Adapter 1501Hz	59	1.501	70.00	0.186
442.216	0.05	Adapter 1501Hz	59	1.501	70.00	0.186
445.315	0.05	Probe 3839Hz	60	3.839	70.00	0.437
445.815	0.05	Probe 3839Hz	60	3.839	70.00	0.437
446.315	0.05	Probe 3839Hz	60	3.839	70.00	0.437
446.815	0.05	Probe 3839Hz	60	3.839	70.00	0.437
447.315	0.05	Probe 3839Hz	60	3.839	70.00	0.437
447.815	0.05	Probe 3839Hz	60	3.839	70.00	0.437
448.315	0.05	Probe 3839Hz	60	3.839	70.00	0.437
448.815	0.05	Probe 3839Hz	60	3.839	70.00	0.437
449.315	0.05	Probe 3839Hz	60	3.839	70.00	0.437
449.815	0.05	Probe 3839Hz	60	3.839	70.00	0.437
459.971	0.05	Adapter 2423Hz	62	2.423	70.00	0.285
460.051	0.05	Adapter 2423Hz	62	2.423	70.00	0.285
460.131	0.05	Adapter 2423Hz	62	2.423	70.00	0.285
460.211	0.05	Adapter 2423Hz	62	2.423	70.00	0.285
460.471	0.05	Adapter 2423Hz	62	2.423	70.00	0.285
460.551	0.05	Adapter 2423Hz	62	2.423	70.00	0.285
460.631	0.05	Adapter 2423Hz	62	2.423	70.00	0.285
460.711	0.05	Adapter 2423Hz	62	2.423	70.00	0.285
460.971	0.05	Adapter 2423Hz	62	2.423	70.00	0.285
461.051	0.05	Adapter 2423Hz	62	2.423	70.00	0.285
461.131	0.05	Adapter 2423Hz	62	2.423	70.00	0.285
461.211	0.05	Adapter 2423Hz	62	2.423	70.00	0.285
461.471	0.05	Adapter 2423Hz	62	2.423	70.00	0.285
461.551	0.05	Adapter 2423Hz	62	2.423	70.00	0.285
461.631	0.05	Adapter 2423Hz	62	2.423	70.00	0.285
461.711	0.05	Adapter 2423Hz	62	2.423	70.00	0.285
461.971	0.05	Adapter 2423Hz	62	2.423	70.00	0.285
462.051	0.05	Adapter 2423Hz	62	2.423	70.00	0.285
462.131	0.05	Adapter 2423Hz	62	2.423	70.00	0.285
462.211	0.05	Adapter 2423Hz	62	2.423	70.00	0.285
462.471	0.05	Adapter 2423Hz	62	2.423	70.00	0.285
462.551	0.05	Adapter 2423Hz	62	2.423	70.00	0.285
462.631	0.05	Adapter 2423Hz	62	2.423	70.00	0.285
462.711	0.05	Adapter 2423Hz	62	2.423	70.00	0.285
462.971	0.05	Adapter 2423Hz	62	2.423	70.00	0.285
463.051	0.05	Adapter 2423Hz	62	2.423	70.00	0.285
463.131	0.05	Adapter 2423Hz	62	2.423	70.00	0.285
463.211	0.05	Adapter 2423Hz	62	2.423	70.00	0.285
463.471	0.05	Adapter 2423Hz	62	2.423	70.00	0.285
463.551	0.05	Adapter 2423Hz	62	2.423	70.00	0.285
463.631	0.05	Adapter 2423Hz	62	2.423	70.00	0.285
463.711	0.05	Adapter 2423Hz	62	2.423	70.00	0.285
463.971	0.05	Adapter 2423Hz	62	2.423	70.00	0.285
464.051	0.05	Adapter 2423Hz	62	2.423	70.00	0.285
464.131	0.05	Adapter 2423Hz	62	2.423	70.00	0.285
464.211	0.05	Adapter 2423Hz	62	2.423	70.00	0.285
464.471	0.05	Adapter 2423Hz	62	2.423	70.00	0.285
464.551	0.05	Adapter 2423Hz	62	2.423	70.00	0.285
464.631	0.05	Adapter 2423Hz	62	2.423	70.00	0.285
464.711	0.05	Adapter 2423Hz	62	2.423	70.00	0.285
467.521	0.05	Adapter 1501Hz Probe 3839Hz	63	1.501	70.00	0.186
467.601	0.05	Adapter 1501Hz Probe 3839Hz	63	1.501	70.00	0.186
467.681	0.05	Adapter 1501Hz Probe 3839Hz	63	1.501	70.00	0.186
467.761	0.05	Adapter 1501Hz Probe 3839Hz	63	1.501	70.00	0.186
467.841	0.05	Adapter 1501Hz Probe 3839Hz	63	3.839	70.00	0.437
468.021	0.05	Adapter 1501Hz Probe 3839Hz	63	1.501	70.00	0.186
468.101	0.05	Adapter 1501Hz Probe 3839Hz	63	1.501	70.00	0.186
468.181	0.05	Adapter 1501Hz Probe 3839Hz	63	1.501	70.00	0.186
468.261	0.05	Adapter 1501Hz Probe 3839Hz	63	1.501	70.00	0.186
468.341	0.05	Adapter 1501Hz Probe 3839Hz	63	3.839	70.00	0.437
468.521	0.05	Adapter 1501Hz Probe 3839Hz	63	1.501	70.00	0.186
468.601	0.05	Adapter 1501Hz Probe 3839Hz	63	1.501	70.00	0.186
468.681	0.05	Adapter 1501Hz Probe 3839Hz	63	1.501	70.00	0.186
468.761	0.05	Adapter 1501Hz Probe 3839Hz	63	1.501	70.00	0.186
468.841	0.05	Adapter 1501Hz Probe 3839Hz	63	3.839	70.00	0.437
469.021	0.05	Adapter 1501Hz Probe 3839Hz	63	1.501	70.00	0.186
469.101	0.05	Adapter 1501Hz Probe 3839Hz	63	1.501	70.00	0.186
469.181	0.05	Adapter 1501Hz Probe 3839Hz	63	1.501	70.00	0.186
469.261	0.05	Adapter 1501Hz Probe 3839Hz	63	1.501	70.00	0.186
469.341	0.05	Adapter 1501Hz Probe 3839Hz	63	3.839	70.00	0.437
469.521	0.05	Adapter 1501Hz Probe 3839Hz	63	1.501	70.00	0.186
469.601	0.05	Adapter 1501Hz Probe 3839Hz	63	1.501	70.00	0.186
469.681	0.05	Adapter 1501Hz Probe 3839Hz	63	1.501	70.00	0.186
469.761	0.05	Adapter 1501Hz Probe 3839Hz	63	1.501	70.00	0.186
469.841	0.05	Adapter 1501Hz Probe 3839Hz	63	3.839	70.00	0.437
470.021	0.05	Adapter 1501Hz Probe 3839Hz	63	1.501	70.00	0.186
470.101	0.05	Adapter 1501Hz Probe 3839Hz	63	1.501	70.00	0.186
470.181	0.05	Adapter 1501Hz Probe 3839Hz	63	1.501	70.00	0.186
470.261	0.05	Adapter 1501Hz Probe 3839Hz	63	1.501	70.00	0.186
470.341	0.05	Adapter 1501Hz Probe 3839Hz	63	3.839	70.00	0.437
470.521	0.05	Adapter 1501Hz Probe 3839Hz	63	1.501	70.00	0.186
470.601	0.05	Adapter 1501Hz Probe 3839Hz	63	1.501	70.00	0.186
470.681	0.05	Adapter 1501Hz Probe 3839Hz	63	1.501	70.00	0.186
470.761	0.05	Adapter 1501Hz Probe 3839Hz	63	1.501	70.00	0.186
470.841	0.05	Adapter 1501Hz Probe 3839Hz	63	3.839	70.00	0.437
471.021	0.05	Adapter 1501Hz Probe 3839Hz	63	1.501	70.00	0.186
471.101	0.05	Adapter 1501Hz Probe 3839Hz	63	1.501	70.00	0.186
471.181	0.05	Adapter 1501Hz Probe 3839Hz	63	1.501	70.00	0.186
471.261	0.05	Adapter 1501Hz Probe 3839Hz	63	1.501	70.00	0.186
471.341	0.05	Adapter 1501Hz Probe 3839Hz	63	3.839	70.00	0.437
471.521	0.05	Adapter 1501Hz Probe 3839Hz	63	1.501	70.00	0.186
471.601	0.05	Adapter 1501Hz Probe 3839Hz	63	1.501	70.00	0.186
471.681	0.05	Adapter 1501Hz Probe 3839Hz	63	1.501	70.00	0.186
471.761	0.05	Adapter 1501Hz Probe 3839Hz	63	1.501	70.00	0.186
471.841	0.05	Adapter 1501Hz Probe 3839Hz	63	3.839	70.00	0.437
472.021	0.05	Adapter 1501Hz Probe 3839Hz	63	1.501	70.00	0.186
472.101	0.05	Adapter 1501Hz Probe 3839Hz	63	1.501	70.00	0.186
472.181	0.05	Adapter 1501Hz Probe 3839Hz	63	1.501	70.00	0.186
472.261	0.05	Adapter 1501Hz Probe 3839Hz	63	1.501	70.00	0.186
472.341	0.05	Adapter 1501Hz Probe 3839Hz	63	3.839	70.00	0.437
475.009	0.05	Adapter 899Hz Probe 3839Hz	64	0.899	70.00	0.121
475.089	0.05	Adapter 899Hz Probe 3839Hz	64	0.899	70.00	0.121
475.169	0.05	Adapter 899Hz Probe 3839Hz	64	0.899	70.00	0.121
475.249	0.05	Adapter 899Hz Probe 3839Hz	64	0.899	70.00	0.121
475.329	0.05	Adapter 899Hz Probe 3839Hz	64	3.839	70.00	0.437
475.509	0.05	Adapter 899Hz Probe 3839Hz	64	0.899	70.00	0.121
475.589	0.05	Adapter 899Hz Probe 3839Hz	64	0.899	70.00	0.121
475.669	0.05	Adapter 899Hz Probe 3839Hz	64	0.899	70.00	0.121
475.749	0.05	Adapter 899Hz Probe 3839Hz	64	0.899	70.00	0.121
475.829	0.05	Adapter 899Hz Probe 3839Hz	64	3.839	70.00	0.437
476.009	0.05	Adapter 899Hz Probe 3839Hz	64	0.899	70.00	0.121
476.089	0.05	Adapter 899Hz Probe 3839Hz	64	0.899	70.00	0.121
476.169	0.05	Adapter 899Hz Probe 3839Hz	64	0.899	70.00	0.121
476.249	0.05	Adapter 899Hz Probe 3839Hz	64	0.899	70.00	0.121
476.329	0.05	Adapter 899Hz Probe 3839Hz	64	3.839	70.00	0.437
476.509	0.05	Adapter 899Hz Probe 3839Hz	64	0.899	70.00	0.121
476.589	0.05	Adapter 899Hz Probe 3839Hz	64	0.899	70.00	0.121
476.669	0.05	Adapter 899Hz Probe 3839Hz	64	0.899	70.00	0.121
476.749	0.05	Adapter 899Hz Probe 3839Hz	64	0.899	70.00	0.121
476.829	0.05	Adapter 899Hz Probe 3839Hz	64	3.839	70.00	0.437
477.009	0.05	Adapter 899Hz Probe 3839Hz	64	0.899	70.00	0.121
477.089	0.05	Adapter 899Hz Probe 3839Hz	64	0.899	70.00	0.121
477.169	0.05	Adapter 899Hz Probe 3839Hz	64	0.899	70.00	0.121
477.249	0.05	Adapter 899Hz Probe 3839Hz	64	0.899	70.00	0.121
477.329	0.05	Adapter 899Hz Probe 3839Hz	64	3.839	70.00	0.437
477.509	0.05	Adapter 899Hz Probe 3839Hz	64	0.899	70.00	0.121
477.589	0.05	Adapter 899Hz Probe 3839Hz	64	0.899	70.00	0.121
477.669	0.05	Adapter 899Hz Probe 3839Hz	64	0.899	70.00	0.121
477.749	0.05	Adapter 899Hz Probe 3839Hz	64	0.899	70.00	0.121
477.829	0.05	Adapter 899Hz Probe 3839Hz	64	3.839	70.00	0.437
478.009	0.05	Adapter 899Hz Probe 3839Hz	64	0.899	70.00	0.121
478.089	0.05	Adapter 899Hz Probe 3839Hz	64	0.899	70.00	0.121
478.169	0.05	Adapter 899Hz Probe 3839Hz	64	0.899	70.00	0.121
478.249	0.05	Adapter 899Hz Probe 3839Hz	64	0.899	70.00	0.121
478.329	0.05	Adapter 899Hz Probe 3839Hz	64	3.839	70.00	0.437
478.509	0.05	Adapter 899Hz Probe 3839Hz	64	0.899	70.00	0.121
478.589	0.05	Adapter 899Hz Probe 3839Hz	64	0.899	70.00	0.121
478.669	0.05	Adapter 899Hz Probe 3839Hz	64	0.899	70.00	0.121
478.749	0.05	Adapter 899Hz Probe 3839Hz	64	0.899	70.00	0.121
478.829	0.05	Adapter 899Hz Probe 3839Hz	64	3.839	70.00	0.437
479.009	0.05	Adapter 899Hz Probe 3839Hz	64	0.899	70.00	0.121
479.089	0.05	Adapter 899Hz Probe 3839Hz	64	0.899	70.00	0.121
479.169	0.05	Adapter 899Hz Probe 3839Hz	64	0.899	70.00	0.121
479.249	0.05	Adapter 899Hz Probe 3839Hz	64	0.899	70.00	0.121
479.329	0.05	Adapter 899Hz Probe 3839Hz	64	3.839	70.00	0.437
479.509	0.05	Adapter 899Hz Probe 3839Hz	64	0.899	70.00	0.121
479.589	0.05	Adapter 899Hz Probe 3839Hz	64	0.899	70.00	0.121
479.669	0.05	Adapter 899Hz Probe 3839Hz	64	0.899	70.00	0.121
479.749	0.05	Adapter 899Hz Probe 3839Hz	64	0.899	70.00	0.121
479.829	0.05	Adapter 899Hz Probe 3839Hz	64	3.839	70.00	0.437
