onset	duration	trial_type	scan	frequency_kHz	level_dB_SPL	bandwidth_kHz
2.5	0.05	Adapter 899Hz	1	0.899	70.00	0.121
2.58	0.05	Adapter 899Hz	1	0.899	70.00	0.121
2.66	0.05	Adapter 899Hz	1	0.899	70.00	0.121
2.74	0.05	Adapter 899Hz	1	0.899	70.00	0.121
3.0	0.05	Adapter 899Hz	1	0.899	70.00	0.121
3.08	0.05	Adapter 899Hz	1	0.899	70.00	0.121
3.16	0.05	Adapter 899Hz	1	0.899	70.00	0.121
3.24	0.05	Adapter 899Hz	1	0.899	70.00	0.121
3.5	0.05	Adapter 899Hz	1	0.899	70.00	0.121
3.58	0.05	Adapter 899Hz	1	0.899	70.00	0.121
3.66	0.05	Adapter 899Hz	1	0.899	70.00	0.121
3.74	0.05	Adapter 899Hz	1	0.899	70.00	0.121
4.0	0.05	Adapter 899Hz	1	0.899	70.00	0.121
4.08	0.05	Adapter 899Hz	1	0.899	70.00	0.121
4.16	0.05	Adapter 899Hz	1	0.899	70.00	0.121
4.24	0.05	Adapter 899Hz	1	0.899	70.00	0.121
4.5	0.05	Adapter 899Hz	1	0.899	70.00	0.121
4.58	0.05	Adapter 899Hz	1	0.899	70.00	0.121
4.66	0.05	Adapter 899Hz	1	0.899	70.00	0.121
4.74	0.05	Adapter 899Hz	1	0.899	70.00	0.121
5.0	0.05	Adapter 899Hz	1	0.899	70.00	0.121
5.08	0.05	Adapter 899Hz	1	0.899	70.00	0.121
5.16	0.05	Adapter 899Hz	1	0.899	70.00	0.121
5.24	0.05	Adapter 899Hz	1	0.899	70.00	0.121
5.5	0.05	Adapter 899Hz	1	0.899	70.00	0.121
5.58	0.05	Adapter 899Hz	1	0.899	70.00	0.121
5.66	0.05	Adapter 899Hz	1	0.899	70.00	0.121
5.74	0.05	Adapter 899Hz	1	0.899	70.00	0.121
6.0	0.05	Adapter 899Hz	1	0.899	70.00	0.121
6.08	0.05	Adapter 899Hz	1	0.899	70.00	0.121
6.16	0.05	Adapter 899Hz	1	0.899	70.00	0.121
6.24	0.05	Adapter 899Hz	1	0.899	70.00	0.121
6.5	0.05	Adapter 899Hz	1	0.899	70.00	0.121
6.58	0.05	Adapter 899Hz	1	0.899	70.00	0.121
6.66	0.05	Adapter 899Hz	1	0.899	70.00	0.121
6.74	0.05	Adapter 899Hz	1	0.899	70.00	0.121
7.0	0.05	Adapter 899Hz	1	0.899	70.00	0.121
7.08	0.05	Adapter 899Hz	1	0.899	70.00	0.121
7.16	0.05	Adapter 899Hz	1	0.899	70.00	0.121
7.24	0.05	Adapter 899Hz	1	0.899	70.00	0.121
10.035	0.05	Adapter 1501Hz	2	1.501	70.00	0.186
10.115	0.05	Adapter 1501Hz	2	1.501	70.00	0.186
10.195	0.05	Adapter 1501Hz	2	1.501	70.00	0.186
10.275	0.05	Adapter 1501Hz	2	1.501	70.00	0.186
10.535	0.05	Adapter 1501Hz	2	1.501	70.00	0.186
10.615	0.05	Adapter 1501Hz	2	1.501	70.00	0.186
10.695	0.05	Adapter 1501Hz	2	1.501	70.00	0.186
10.775	0.05	Adapter 1501Hz	2	1.501	70.00	0.186
11.035	0.05	Adapter 1501Hz	2	1.501	70.00	0.186
11.115	0.05	Adapter 1501Hz	2	1.501	70.00	0.186
11.195	0.05	Adapter 1501Hz	2	1.501	70.00	0.186
11.275	0.05	Adapter 1501Hz	2	1.501	70.00	0.186
11.535	0.05	Adapter 1501Hz	2	1.501	70.00	0.186
11.615	0.05	Adapter 1501Hz	2	1.501	70.00	0.186
11.695	0.05	Adapter 1501Hz	2	1.501	70.00	0.186
11.775	0.05	Adapter 1501Hz	2	1.501	70.00	0.186
12.035	0.05	Adapter 1501Hz	2	1.501	70.00	0.186
12.115	0.05	Adapter 1501Hz	2	1.501	70.00	0.186
12.195	0.05	Adapter 1501Hz	2	1.501	70.00	0.186
12.275	0.05	Adapter 1501Hz	2	1.501	70.00	0.186
12.535	0.05	Adapter 1501Hz	2	1.501	70.00	0.186
12.615	0.05	Adapter 1501Hz	2	1.501	70.00	0.186
12.695	0.05	Adapter 1501Hz	2	1.501	70.00	0.186
12.775	0.05	Adapter 1501Hz	2	1.501	70.00	0.186
13.035	0.05	Adapter 1501Hz	2	1.501	70.00	0.186
13.115	0.05	Adapter 1501Hz	2	1.501	70.00	0.186
13.195	0.05	Adapter 1501Hz	2	1.501	70.00	0.186
13.275	0.05	Adapter 1501Hz	2	1.501	70.00	0.186
13.535	0.05	Adapter 1501Hz	2	1.501	70.00	0.186
13.615	0.05	Adapter 1501Hz	2	1.501	70.00	0.186
13.695	0.05	Adapter 1501Hz	2	1.501	70.00	0.186
13.775	0.05	Adapter 1501Hz	2	1.501	70.00	0.186
14.035	0.05	Adapter 1501Hz	2	1.501	70.00	0.186
14.115	0.05	Adapter 1501Hz	2	1.501	70.00	0.186
14.195	0.05	Adapter 1501Hz	2	1.501	70.00	0.186
14.275	0.05	Adapter 1501Hz	2	1.501	70.00	0.186
14.535	0.05	Adapter 1501Hz	2	1.501	70.00	0.186
14.615	0.05	Adapter 1501Hz	2	1.501	70.00	0.186
14.695	0.05	Adapter 1501Hz	2	1.501	70.00	0.186
14.775	0.05	Adapter 1501Hz	2	1.501	70.00	0.186
17.523	0.05	Adapter 6009Hz	3	6.009	70.00	0.671
17.603	0.05	Adapter 6009Hz	3	6.009	70.00	0.671
17.683	0.05	Adapter 6009Hz	3	6.009	70.00	0.671
17.763	0.05	Adapter 6009Hz	3	6.009	70.00	0.671
18.023	0.05	Adapter 6009Hz	3	6.009	70.00	0.671
18.103	0.05	Adapter 6009Hz	3	6.009	70.00	0.671
18.183	0.05	Adapter 6009Hz	3	6.009	70.00	0.671
18.263	0.05	Adapter 6009Hz	3	6.009	70.00	0.671
18.523	0.05	Adapter 6009Hz	3	6.009	70.00	0.671
18.603	0.05	Adapter 6009Hz	3	6.009	70.00	0.671
18.683	0.05	Adapter 6009Hz	3	6.009	70.00	0.671
18.763	0.05	Adapter 6009Hz	3	6.009	70.00	0.671
19.023	0.05	Adapter 6009Hz	3	6.009	70.00	0.671
19.103	0.05	Adapter 6009Hz	3	6.009	70.00	0.671
19.183	0.05	Adapter 6009Hz	3	6.009	70.00	0.671
19.263	0.05	Adapter 6009Hz	3	6.009	70.00	0.671
19.523	0.05	Adapter 6009Hz	3	6.009	70.00	0.671
19.603	0.05	Adapter 6009Hz	3	6.009	70.00	0.671
19.683	0.05	Adapter 6009Hz	3	6.009	70.00	0.671
19.763	0.05	Adapter 6009Hz	3	6.009	70.00	0.671
20.023	0.05	Adapter 6009Hz	3	6.009	70.00	0.671
20.103	0.05	Adapter 6009Hz	3	6.009	70.00	0.671
20.183	0.05	Adapter 6009Hz	3	6.009	70.00	0.671
20.263	0.05	Adapter 6009Hz	3	6.009	70.00	0.671
20.523	0.05	Adapter 6009Hz	3	6.009	70.00	0.671
20.603	0.05	Adapter 6009Hz	3	6.009	70.00	0.671
20.683	0.05	Adapter 6009Hz	3	6.009	70.00	0.671
20.763	0.05	Adapter 6009Hz	3	6.009	70.00	0.671
21.023	0.05	Adapter 6009Hz	3	6.009	70.00	0.671
21.103	0.05	Adapter 6009Hz	3	6.009	70.00	0.671
21.183	0.05	Adapter 6009Hz	3	6.009	70.00	0.671
21.263	0.05	Adapter 6009Hz	3	6.009	70.00	0.671
21.523	0.05	Adapter 6009Hz	3	6.009	70.00	0.671
21.603	0.05	Adapter 6009Hz	3	6.009	70.00	0.671
21.683	0.05	Adapter 6009Hz	3	6.009	70.00	0.671
21.763	0.05	Adapter 6009Hz	3	6.009	70.00	0.671
22.023	0.05	Adapter 6009Hz	3	6.009	70.00	0.671
22.103	0.05	Adapter 6009Hz	3	6.009	70.00	0.671
22.183	0.05	Adapter 6009Hz	3	6.009	70.00	0.671
22.263	0.05	Adapter 6009Hz	3	6.009	70.00	0.671
25.011	0.05	Adapter 2423Hz Probe 3839Hz	4	2.423	70.00	0.285
25.091	0.05	Adapter 2423Hz Probe 3839Hz	4	2.423	70.00	0.285
25.171	0.05	Adapter 2423Hz Probe 3839Hz	4	2.423	70.00	0.285
25.251	0.05	Adapter 2423Hz Probe 3839Hz	4	2.423	70.00	0.285
25.331	0.05	Adapter 2423Hz Probe 3839Hz	4	3.839	70.00	0.437
25.511	0.05	Adapter 2423Hz Probe 3839Hz	4	2.423	70.00	0.285
25.591	0.05	Adapter 2423Hz Probe 3839Hz	4	2.423	70.00	0.285
25.671	0.05	Adapter 2423Hz Probe 3839Hz	4	2.423	70.00	0.285
25.751	0.05	Adapter 2423Hz Probe 3839Hz	4	2.423	70.00	0.285
25.831	0.05	Adapter 2423Hz Probe 3839Hz	4	3.839	70.00	0.437
26.011	0.05	Adapter 2423Hz Probe 3839Hz	4	2.423	70.00	0.285
26.091	0.05	Adapter 2423Hz Probe 3839Hz	4	2.423	70.00	0.285
26.171	0.05	Adapter 2423Hz Probe 3839Hz	4	2.423	70.00	0.285
26.251	0.05	Adapter 2423Hz Probe 3839Hz	4	2.423	70.00	0.285
26.331	0.05	Adapter 2423Hz Probe 3839Hz	4	3.839	70.00	0.437
26.511	0.05	Adapter 2423Hz Probe 3839Hz	4	2.423	70.00	0.285
26.591	0.05	Adapter 2423Hz Probe 3839Hz	4	2.423	70.00	0.285
26.671	0.05	Adapter 2423Hz Probe 3839Hz	4	2.423	70.00	0.285
26.751	0.05	Adapter 2423Hz Probe 3839Hz	4	2.423	70.00	0.285
26.831	0.05	Adapter 2423Hz Probe 3839Hz	4	3.839	70.00	0.437
27.011	0.05	Adapter 2423Hz Probe 3839Hz	4	2.423	70.00	0.285
27.091	0.05	Adapter 2423Hz Probe 3839Hz	4	2.423	70.00	0.285
27.171	0.05	Adapter 2423Hz Probe 3839Hz	4	2.423	70.00	0.285
27.251	0.05	Adapter 2423Hz Probe 3839Hz	4	2.423	70.00	0.285
27.331	0.05	Adapter 2423Hz Probe 3839Hz	4	3.839	70.00	0.437
27.511	0.05	Adapter 2423Hz Probe 3839Hz	4	2.423	70.00	0.285
27.591	0.05	Adapter 2423Hz Probe 3839Hz	4	2.423	70.00	0.285
27.671	0.05	Adapter 2423Hz Probe 3839Hz	4	2.423	70.00	0.285
27.751	0.05	Adapter 2423Hz Probe 3839Hz	4	2.423	70.00	0.285
27.831	0.05	Adapter 2423Hz Probe 3839Hz	4	3.839	70.00	0.437
28.011	0.05	Adapter 2423Hz Probe 3839Hz	4	2.423	70.00	0.285
28.091	0.05	Adapter 2423Hz Probe 3839Hz	4	2.423	70.00	0.285
28.171	0.05	Adapter 2423Hz Probe 3839Hz	4	2.423	70.00	0.285
28.251	0.05	Adapter 2423Hz Probe 3839Hz	4	2.423	70.00	0.285
28.331	0.05	Adapter 2423Hz Probe 3839Hz	4	3.839	70.00	0.437
28.511	0.05	Adapter 2423Hz Probe 3839Hz	4	2.423	70.00	0.285
28.591	0.05	Adapter 2423Hz Probe 3839Hz	4	2.423	70.00	0.285
28.671	0.05	Adapter 2423Hz Probe 3839Hz	4	2.423	70.00	0.285
28.751	0.05	Adapter 2423Hz Probe 3839Hz	4	2.423	70.00	0.285
28.831	0.05	Adapter 2423Hz Probe 3839Hz	4	3.839	70.00	0.437
29.011	0.05	Adapter 2423Hz Probe 3839Hz	4	2.423	70.00	0.285
29.091	0.05	Adapter 2423Hz Probe 3839Hz	4	2.423	70.00	0.285
29.171	0.05	Adapter 2423Hz Probe 3839Hz	4	2.423	70.00	0.285
29.251	0.05	Adapter 2423Hz Probe 3839Hz	4	2.423	70.00	0.285
29.331	0.05	Adapter 2423Hz Probe 3839Hz	4	3.839	70.00	0.437
29.511	0.05	Adapter 2423Hz Probe 3839Hz	4	2.423	70.00	0.285
29.591	0.05	Adapter 2423Hz Probe 3839Hz	4	2.423	70.00	0.285
29.671	0.05	Adapter 2423Hz Probe 3839Hz	4	2.423	70.00	0.285
29.751	0.05	Adapter 2423Hz Probe 3839Hz	4	2.423	70.00	0.285
29.831	0.05	Adapter 2423Hz Probe 3839Hz	4	3.839	70.00	0.437
40.05	0.05	Adapter 3839Hz	6	3.839	70.00	0.437
40.13	0.05	Adapter 3839Hz	6	3.839	70.00	0.437
40.21	0.05	Adapter 3839Hz	6	3.839	70.00	0.437
40.29	0.05	Adapter 3839Hz	6	3.839	70.00	0.437
40.55	0.05	Adapter 3839Hz	6	3.839	70.00	0.437
40.63	0.05	Adapter 3839Hz	6	3.839	70.00	0.437
40.71	0.05	Adapter 3839Hz	6	3.839	70.00	0.437
40.79	0.05	Adapter 3839Hz	6	3.839	70.00	0.437
41.05	0.05	Adapter 3839Hz	6	3.839	70.00	0.437
41.13	0.05	Adapter 3839Hz	6	3.839	70.00	0.437
41.21	0.05	Adapter 3839Hz	6	3.839	70.00	0.437
41.29	0.05	Adapter 3839Hz	6	3.839	70.00	0.437
41.55	0.05	Adapter 3839Hz	6	3.839	70.00	0.437
41.63	0.05	Adapter 3839Hz	6	3.839	70.00	0.437
41.71	0.05	Adapter 3839Hz	6	3.839	70.00	0.437
41.79	0.05	Adapter 3839Hz	6	3.839	70.00	0.437
42.05	0.05	Adapter 3839Hz	6	3.839	70.00	0.437
42.13	0.05	Adapter 3839Hz	6	3.839	70.00	0.437
42.21	0.05	Adapter 3839Hz	6	3.839	70.00	0.437
42.29	0.05	Adapter 3839Hz	6	3.839	70.00	0.437
42.55	0.05	Adapter 3839Hz	6	3.839	70.00	0.437
42.63	0.05	Adapter 3839Hz	6	3.839	70.00	0.437
42.71	0.05	Adapter 3839Hz	6	3.839	70.00	0.437
42.79	0.05	Adapter 3839Hz	6	3.839	70.00	0.437
43.05	0.05	Adapter 3839Hz	6	3.839	70.00	0.437
43.13	0.05	Adapter 3839Hz	6	3.839	70.00	0.437
43.21	0.05	Adapter 3839Hz	6	3.839	70.00	0.437
43.29	0.05	Adapter 3839Hz	6	3.839	70.00	0.437
43.55	0.05	Adapter 3839Hz	6	3.839	70.00	0.437
43.63	0.05	Adapter 3839Hz	6	3.839	70.00	0.437
43.71	0.05	Adapter 3839Hz	6	3.839	70.00	0.437
43.79	0.05	Adapter 3839Hz	6	3.839	70.00	0.437
44.05	0.05	Adapter 3839Hz	6	3.839	70.00	0.437
44.13	0.05	Adapter 3839Hz	6	3.839	70.00	0.437
44.21	0.05	Adapter 3839Hz	6	3.839	70.00	0.437
44.29	0.05	Adapter 3839Hz	6	3.839	70.00	0.437
44.55	0.05	Adapter 3839Hz	6	3.839	70.00	0.437
44.63	0.05	Adapter 3839Hz	6	3.839	70.00	0.437
44.71	0.05	Adapter 3839Hz	6	3.839	70.00	0.437
44.79	0.05	Adapter 3839Hz	6	3.839	70.00	0.437
47.522	0.05	Adapter 507Hz	7	0.507	70.00	0.079
47.602	0.05	Adapter 507Hz	7	0.507	70.00	0.079
47.682	0.05	Adapter 507Hz	7	0.507	70.00	0.079
47.762	0.05	Adapter 507Hz	7	0.507	70.00	0.079
48.022	0.05	Adapter 507Hz	7	0.507	70.00	0.079
48.102	0.05	Adapter 507Hz	7	0.507	70.00	0.079
48.182	0.05	Adapter 507Hz	7	0.507	70.00	0.079
48.262	0.05	Adapter 507Hz	7	0.507	70.00	0.079
48.522	0.05	Adapter 507Hz	7	0.507	70.00	0.079
48.602	0.05	Adapter 507Hz	7	0.507	70.00	0.079
48.682	0.05	Adapter 507Hz	7	0.507	70.00	0.079
48.762	0.05	Adapter 507Hz	7	0.507	70.00	0.079
49.022	0.05	Adapter 507Hz	7	0.507	70.00	0.079
49.102	0.05	Adapter 507Hz	7	0.507	70.00	0.079
49.182	0.05	Adapter 507Hz	7	0.507	70.00	0.079
49.262	0.05	Adapter 507Hz	7	0.507	70.00	0.079
49.522	0.05	Adapter 507Hz	7	0.507	70.00	0.079
49.602	0.05	Adapter 507Hz	7	0.507	70.00	0.079
49.682	0.05	Adapter 507Hz	7	0.507	70.00	0.079
49.762	0.05	Adapter 507Hz	7	0.507	70.00	0.079
50.022	0.05	Adapter 507Hz	7	0.507	70.00	0.079
50.102	0.05	Adapter 507Hz	7	0.507	70.00	0.079
50.182	0.05	Adapter 507Hz	7	0.507	70.00	0.079
50.262	0.05	Adapter 507Hz	7	0.507	70.00	0.079
50.522	0.05	Adapter 507Hz	7	0.507	70.00	0.079
50.602	0.05	Adapter 507Hz	7	0.507	70.00	0.079
50.682	0.05	Adapter 507Hz	7	0.507	70.00	0.079
50.762	0.05	Adapter 507Hz	7	0.507	70.00	0.079
51.022	0.05	Adapter 507Hz	7	0.507	70.00	0.079
51.102	0.05	Adapter 507Hz	7	0.507	70.00	0.079
51.182	0.05	Adapter 507Hz	7	0.507	70.00	0.079
51.262	0.05	Adapter 507Hz	7	0.507	70.00	0.079
51.522	0.05	Adapter 507Hz	7	0.507	70.00	0.079
51.602	0.05	Adapter 507Hz	7	0.507	70.00	0.079
51.682	0.05	Adapter 507Hz	7	0.507	70.00	0.079
51.762	0.05	Adapter 507Hz	7	0.507	70.00	0.079
52.022	0.05	Adapter 507Hz	7	0.507	70.00	0.079
52.102	0.05	Adapter 507Hz	7	0.507	70.00	0.079
52.182	0.05	Adapter 507Hz	7	0.507	70.00	0.079
52.262	0.05	Adapter 507Hz	7	0.507	70.00	0.079
55.01	0.05	Adapter 899Hz Probe 3839Hz	8	0.899	70.00	0.121
55.09	0.05	Adapter 899Hz Probe 3839Hz	8	0.899	70.00	0.121
55.17	0.05	Adapter 899Hz Probe 3839Hz	8	0.899	70.00	0.121
55.25	0.05	Adapter 899Hz Probe 3839Hz	8	0.899	70.00	0.121
55.33	0.05	Adapter 899Hz Probe 3839Hz	8	3.839	70.00	0.437
55.51	0.05	Adapter 899Hz Probe 3839Hz	8	0.899	70.00	0.121
55.59	0.05	Adapter 899Hz Probe 3839Hz	8	0.899	70.00	0.121
55.67	0.05	Adapter 899Hz Probe 3839Hz	8	0.899	70.00	0.121
55.75	0.05	Adapter 899Hz Probe 3839Hz	8	0.899	70.00	0.121
55.83	0.05	Adapter 899Hz Probe 3839Hz	8	3.839	70.00	0.437
56.01	0.05	Adapter 899Hz Probe 3839Hz	8	0.899	70.00	0.121
56.09	0.05	Adapter 899Hz Probe 3839Hz	8	0.899	70.00	0.121
56.17	0.05	Adapter 899Hz Probe 3839Hz	8	0.899	70.00	0.121
56.25	0.05	Adapter 899Hz Probe 3839Hz	8	0.899	70.00	0.121
56.33	0.05	Adapter 899Hz Probe 3839Hz	8	3.839	70.00	0.437
56.51	0.05	Adapter 899Hz Probe 3839Hz	8	0.899	70.00	0.121
56.59	0.05	Adapter 899Hz Probe 3839Hz	8	0.899	70.00	0.121
56.67	0.05	Adapter 899Hz Probe 3839Hz	8	0.899	70.00	0.121
56.75	0.05	Adapter 899Hz Probe 3839Hz	8	0.899	70.00	0.121
56.83	0.05	Adapter 899Hz Probe 3839Hz	8	3.839	70.00	0.437
57.01	0.05	Adapter 899Hz Probe 3839Hz	8	0.899	70.00	0.121
57.09	0.05	Adapter 899Hz Probe 3839Hz	8	0.899	70.00	0.121
57.17	0.05	Adapter 899Hz Probe 3839Hz	8	0.899	70.00	0.121
57.25	0.05	Adapter 899Hz Probe 3839Hz	8	0.899	70.00	0.121
57.33	0.05	Adapter 899Hz Probe 3839Hz	8	3.839	70.00	0.437
57.51	0.05	Adapter 899Hz Probe 3839Hz	8	0.899	70.00	0.121
57.59	0.05	Adapter 899Hz Probe 3839Hz	8	0.899	70.00	0.121
57.67	0.05	Adapter 899Hz Probe 3839Hz	8	0.899	70.00	0.121
57.75	0.05	Adapter 899Hz Probe 3839Hz	8	0.899	70.00	0.121
57.83	0.05	Adapter 899Hz Probe 3839Hz	8	3.839	70.00	0.437
58.01	0.05	Adapter 899Hz Probe 3839Hz	8	0.899	70.00	0.121
58.09	0.05	Adapter 899Hz Probe 3839Hz	8	0.899	70.00	0.121
58.17	0.05	Adapter 899Hz Probe 3839Hz	8	0.899	70.00	0.121
58.25	0.05	Adapter 899Hz Probe 3839Hz	8	0.899	70.00	0.121
58.33	0.05	Adapter 899Hz Probe 3839Hz	8	3.839	70.00	0.437
58.51	0.05	Adapter 899Hz Probe 3839Hz	8	0.899	70.00	0.121
58.59	0.05	Adapter 899Hz Probe 3839Hz	8	0.899	70.00	0.121
58.67	0.05	Adapter 899Hz Probe 3839Hz	8	0.899	70.00	0.121
58.75	0.05	Adapter 899Hz Probe 3839Hz	8	0.899	70.00	0.121
58.83	0.05	Adapter 899Hz Probe 3839Hz	8	3.839	70.00	0.437
59.01	0.05	Adapter 899Hz Probe 3839Hz	8	0.899	70.00	0.121
59.09	0.05	Adapter 899Hz Probe 3839Hz	8	0.899	70.00	0.121
59.17	0.05	Adapter 899Hz Probe 3839Hz	8	0.899	70.00	0.121
59.25	0.05	Adapter 899Hz Probe 3839Hz	8	0.899	70.00	0.121
59.33	0.05	Adapter 899Hz Probe 3839Hz	8	3.839	70.00	0.437
59.51	0.05	Adapter 899Hz Probe 3839Hz	8	0.899	70.00	0.121
59.59	0.05	Adapter 899Hz Probe 3839Hz	8	0.899	70.00	0.121
59.67	0.05	Adapter 899Hz Probe 3839Hz	8	0.899	70.00	0.121
59.75	0.05	Adapter 899Hz Probe 3839Hz	8	0.899	70.00	0.121
59.83	0.05	Adapter 899Hz Probe 3839Hz	8	3.839	70.00	0.437
62.498	0.05	Adapter 2423Hz	9	2.423	70.00	0.285
62.578	0.05	Adapter 2423Hz	9	2.423	70.00	0.285
62.658	0.05	Adapter 2423Hz	9	2.423	70.00	0.285
62.738	0.05	Adapter 2423Hz	9	2.423	70.00	0.285
62.998	0.05	Adapter 2423Hz	9	2.423	70.00	0.285
63.078	0.05	Adapter 2423Hz	9	2.423	70.00	0.285
63.158	0.05	Adapter 2423Hz	9	2.423	70.00	0.285
63.238	0.05	Adapter 2423Hz	9	2.423	70.00	0.285
63.498	0.05	Adapter 2423Hz	9	2.423	70.00	0.285
63.578	0.05	Adapter 2423Hz	9	2.423	70.00	0.285
63.658	0.05	Adapter 2423Hz	9	2.423	70.00	0.285
63.738	0.05	Adapter 2423Hz	9	2.423	70.00	0.285
63.998	0.05	Adapter 2423Hz	9	2.423	70.00	0.285
64.078	0.05	Adapter 2423Hz	9	2.423	70.00	0.285
64.158	0.05	Adapter 2423Hz	9	2.423	70.00	0.285
64.238	0.05	Adapter 2423Hz	9	2.423	70.00	0.285
64.498	0.05	Adapter 2423Hz	9	2.423	70.00	0.285
64.578	0.05	Adapter 2423Hz	9	2.423	70.00	0.285
64.658	0.05	Adapter 2423Hz	9	2.423	70.00	0.285
64.738	0.05	Adapter 2423Hz	9	2.423	70.00	0.285
64.998	0.05	Adapter 2423Hz	9	2.423	70.00	0.285
65.078	0.05	Adapter 2423Hz	9	2.423	70.00	0.285
65.158	0.05	Adapter 2423Hz	9	2.423	70.00	0.285
65.238	0.05	Adapter 2423Hz	9	2.423	70.00	0.285
65.498	0.05	Adapter 2423Hz	9	2.423	70.00	0.285
65.578	0.05	Adapter 2423Hz	9	2.423	70.00	0.285
65.658	0.05	Adapter 2423Hz	9	2.423	70.00	0.285
65.738	0.05	Adapter 2423Hz	9	2.423	70.00	0.285
65.998	0.05	Adapter 2423Hz	9	2.423	70.00	0.285
66.078	0.05	Adapter 2423Hz	9	2.423	70.00	0.285
66.158	0.05	Adapter 2423Hz	9	2.423	70.00	0.285
66.238	0.05	Adapter 2423Hz	9	2.423	70.00	0.285
66.498	0.05	Adapter 2423Hz	9	2.423	70.00	0.285
66.578	0.05	Adapter 2423Hz	9	2.423	70.00	0.285
66.658	0.05	Adapter 2423Hz	9	2.423	70.00	0.285
66.738	0.05	Adapter 2423Hz	9	2.423	70.00	0.285
66.998	0.05	Adapter 2423Hz	9	2.423	70.00	0.285
67.078	0.05	Adapter 2423Hz	9	2.423	70.00	0.285
67.158	0.05	Adapter 2423Hz	9	2.423	70.00	0.285
67.238	0.05	Adapter 2423Hz	9	2.423	70.00	0.285
70.337	0.05	Probe 3839Hz	10	3.839	70.00	0.437
70.837	0.05	Probe 3839Hz	10	3.839	70.00	0.437
71.337	0.05	Probe 3839Hz	10	3.839	70.00	0.437
71.837	0.05	Probe 3839Hz	10	3.839	70.00	0.437
72.337	0.05	Probe 3839Hz	10	3.839	70.00	0.437
72.837	0.05	Probe 3839Hz	10	3.839	70.00	0.437
73.337	0.05	Probe 3839Hz	10	3.839	70.00	0.437
73.837	0.05	Probe 3839Hz	10	3.839	70.00	0.437
74.337	0.05	Probe 3839Hz	10	3.839	70.00	0.437
74.837	0.05	Probe 3839Hz	10	3.839	70.00	0.437
85.056	0.05	Adapter 1501Hz Probe 3839Hz	12	1.501	70.00	0.186
85.136	0.05	Adapter 1501Hz Probe 3839Hz	12	1.501	70.00	0.186
85.216	0.05	Adapter 1501Hz Probe 3839Hz	12	1.501	70.00	0.186
85.296	0.05	Adapter 1501Hz Probe 3839Hz	12	1.501	70.00	0.186
85.376	0.05	Adapter 1501Hz Probe 3839Hz	12	3.839	70.00	0.437
85.556	0.05	Adapter 1501Hz Probe 3839Hz	12	1.501	70.00	0.186
85.636	0.05	Adapter 1501Hz Probe 3839Hz	12	1.501	70.00	0.186
85.716	0.05	Adapter 1501Hz Probe 3839Hz	12	1.501	70.00	0.186
85.796	0.05	Adapter 1501Hz Probe 3839Hz	12	1.501	70.00	0.186
85.876	0.05	Adapter 1501Hz Probe 3839Hz	12	3.839	70.00	0.437
86.056	0.05	Adapter 1501Hz Probe 3839Hz	12	1.501	70.00	0.186
86.136	0.05	Adapter 1501Hz Probe 3839Hz	12	1.501	70.00	0.186
86.216	0.05	Adapter 1501Hz Probe 3839Hz	12	1.501	70.00	0.186
86.296	0.05	Adapter 1501Hz Probe 3839Hz	12	1.501	70.00	0.186
86.376	0.05	Adapter 1501Hz Probe 3839Hz	12	3.839	70.00	0.437
86.556	0.05	Adapter 1501Hz Probe 3839Hz	12	1.501	70.00	0.186
86.636	0.05	Adapter 1501Hz Probe 3839Hz	12	1.501	70.00	0.186
86.716	0.05	Adapter 1501Hz Probe 3839Hz	12	1.501	70.00	0.186
86.796	0.05	Adapter 1501Hz Probe 3839Hz	12	1.501	70.00	0.186
86.876	0.05	Adapter 1501Hz Probe 3839Hz	12	3.839	70.00	0.437
87.056	0.05	Adapter 1501Hz Probe 3839Hz	12	1.501	70.00	0.186
87.136	0.05	Adapter 1501Hz Probe 3839Hz	12	1.501	70.00	0.186
87.216	0.05	Adapter 1501Hz Probe 3839Hz	12	1.501	70.00	0.186
87.296	0.05	Adapter 1501Hz Probe 3839Hz	12	1.501	70.00	0.186
87.376	0.05	Adapter 1501Hz Probe 3839Hz	12	3.839	70.00	0.437
87.556	0.05	Adapter 1501Hz Probe 3839Hz	12	1.501	70.00	0.186
87.636	0.05	Adapter 1501Hz Probe 3839Hz	12	1.501	70.00	0.186
87.716	0.05	Adapter 1501Hz Probe 3839Hz	12	1.501	70.00	0.186
87.796	0.05	Adapter 1501Hz Probe 3839Hz	12	1.501	70.00	0.186
87.876	0.05	Adapter 1501Hz Probe 3839Hz	12	3.839	70.00	0.437
88.056	0.05	Adapter 1501Hz Probe 3839Hz	12	1.501	70.00	0.186
88.136	0.05	Adapter 1501Hz Probe 3839Hz	12	1.501	70.00	0.186
88.216	0.05	Adapter 1501Hz Probe 3839Hz	12	1.501	70.00	0.186
88.296	0.05	Adapter 1501Hz Probe 3839Hz	12	1.501	70.00	0.186
88.376	0.05	Adapter 1501Hz Probe 3839Hz	12	3.839	70.00	0.437
88.556	0.05	Adapter 1501Hz Probe 3839Hz	12	1.501	70.00	0.186
88.636	0.05	Adapter 1501Hz Probe 3839Hz	12	1.501	70.00	0.186
88.716	0.05	Adapter 1501Hz Probe 3839Hz	12	1.501	70.00	0.186
88.796	0.05	Adapter 1501Hz Probe 3839Hz	12	1.501	70.00	0.186
88.876	0.05	Adapter 1501Hz Probe 3839Hz	12	3.839	70.00	0.437
89.056	0.05	Adapter 1501Hz Probe 3839Hz	12	1.501	70.00	0.186
89.136	0.05	Adapter 1501Hz Probe 3839Hz	12	1.501	70.00	0.186
89.216	0.05	Adapter 1501Hz Probe 3839Hz	12	1.501	70.00	0.186
89.296	0.05	Adapter 1501Hz Probe 3839Hz	12	1.501	70.00	0.186
89.376	0.05	Adapter 1501Hz Probe 3839Hz	12	3.839	70.00	0.437
89.556	0.05	Adapter 1501Hz Probe 3839Hz	12	1.501	70.00	0.186
89.636	0.05	Adapter 1501Hz Probe 3839Hz	12	1.501	70.00	0.186
89.716	0.05	Adapter 1501Hz Probe 3839Hz	12	1.501	70.00	0.186
89.796	0.05	Adapter 1501Hz Probe 3839Hz	12	1.501	70.00	0.186
89.876	0.05	Adapter 1501Hz Probe 3839Hz	12	3.839	70.00	0.437
92.544	0.05	Adapter 507Hz Probe 3839Hz	13	0.507	70.00	0.079
92.624	0.05	Adapter 507Hz Probe 3839Hz	13	0.507	70.00	0.079
92.704	0.05	Adapter 507Hz Probe 3839Hz	13	0.507	70.00	0.079
92.784	0.05	Adapter 507Hz Probe 3839Hz	13	0.507	70.00	0.079
92.864	0.05	Adapter 507Hz Probe 3839Hz	13	3.839	70.00	0.437
93.044	0.05	Adapter 507Hz Probe 3839Hz	13	0.507	70.00	0.079
93.124	0.05	Adapter 507Hz Probe 3839Hz	13	0.507	70.00	0.079
93.204	0.05	Adapter 507Hz Probe 3839Hz	13	0.507	70.00	0.079
93.284	0.05	Adapter 507Hz Probe 3839Hz	13	0.507	70.00	0.079
93.364	0.05	Adapter 507Hz Probe 3839Hz	13	3.839	70.00	0.437
93.544	0.05	Adapter 507Hz Probe 3839Hz	13	0.507	70.00	0.079
93.624	0.05	Adapter 507Hz Probe 3839Hz	13	0.507	70.00	0.079
93.704	0.05	Adapter 507Hz Probe 3839Hz	13	0.507	70.00	0.079
93.784	0.05	Adapter 507Hz Probe 3839Hz	13	0.507	70.00	0.079
93.864	0.05	Adapter 507Hz Probe 3839Hz	13	3.839	70.00	0.437
94.044	0.05	Adapter 507Hz Probe 3839Hz	13	0.507	70.00	0.079
94.124	0.05	Adapter 507Hz Probe 3839Hz	13	0.507	70.00	0.079
94.204	0.05	Adapter 507Hz Probe 3839Hz	13	0.507	70.00	0.079
94.284	0.05	Adapter 507Hz Probe 3839Hz	13	0.507	70.00	0.079
94.364	0.05	Adapter 507Hz Probe 3839Hz	13	3.839	70.00	0.437
94.544	0.05	Adapter 507Hz Probe 3839Hz	13	0.507	70.00	0.079
94.624	0.05	Adapter 507Hz Probe 3839Hz	13	0.507	70.00	0.079
94.704	0.05	Adapter 507Hz Probe 3839Hz	13	0.507	70.00	0.079
94.784	0.05	Adapter 507Hz Probe 3839Hz	13	0.507	70.00	0.079
94.864	0.05	Adapter 507Hz Probe 3839Hz	13	3.839	70.00	0.437
95.044	0.05	Adapter 507Hz Probe 3839Hz	13	0.507	70.00	0.079
95.124	0.05	Adapter 507Hz Probe 3839Hz	13	0.507	70.00	0.079
95.204	0.05	Adapter 507Hz Probe 3839Hz	13	0.507	70.00	0.079
95.284	0.05	Adapter 507Hz Probe 3839Hz	13	0.507	70.00	0.079
95.364	0.05	Adapter 507Hz Probe 3839Hz	13	3.839	70.00	0.437
95.544	0.05	Adapter 507Hz Probe 3839Hz	13	0.507	70.00	0.079
95.624	0.05	Adapter 507Hz Probe 3839Hz	13	0.507	70.00	0.079
95.704	0.05	Adapter 507Hz Probe 3839Hz	13	0.507	70.00	0.079
95.784	0.05	Adapter 507Hz Probe 3839Hz	13	0.507	70.00	0.079
95.864	0.05	Adapter 507Hz Probe 3839Hz	13	3.839	70.00	0.437
96.044	0.05	Adapter 507Hz Probe 3839Hz	13	0.507	70.00	0.079
96.124	0.05	Adapter 507Hz Probe 3839Hz	13	0.507	70.00	0.079
96.204	0.05	Adapter 507Hz Probe 3839Hz	13	0.507	70.00	0.079
96.284	0.05	Adapter 507Hz Probe 3839Hz	13	0.507	70.00	0.079
96.364	0.05	Adapter 507Hz Probe 3839Hz	13	3.839	70.00	0.437
96.544	0.05	Adapter 507Hz Probe 3839Hz	13	0.507	70.00	0.079
96.624	0.05	Adapter 507Hz Probe 3839Hz	13	0.507	70.00	0.079
96.704	0.05	Adapter 507Hz Probe 3839Hz	13	0.507	70.00	0.079
96.784	0.05	Adapter 507Hz Probe 3839Hz	13	0.507	70.00	0.079
96.864	0.05	Adapter 507Hz Probe 3839Hz	13	3.839	70.00	0.437
97.044	0.05	Adapter 507Hz Probe 3839Hz	13	0.507	70.00	0.079
97.124	0.05	Adapter 507Hz Probe 3839Hz	13	0.507	70.00	0.079
97.204	0.05	Adapter 507Hz Probe 3839Hz	13	0.507	70.00	0.079
97.284	0.05	Adapter 507Hz Probe 3839Hz	13	0.507	70.00	0.079
97.364	0.05	Adapter 507Hz Probe 3839Hz	13	3.839	70.00	0.437
100.032	0.05	Adapter 3839Hz Probe 3839Hz	14	3.839	70.00	0.437
100.112	0.05	Adapter 3839Hz Probe 3839Hz	14	3.839	70.00	0.437
100.192	0.05	Adapter 3839Hz Probe 3839Hz	14	3.839	70.00	0.437
100.272	0.05	Adapter 3839Hz Probe 3839Hz	14	3.839	70.00	0.437
100.352	0.05	Adapter 3839Hz Probe 3839Hz	14	3.839	70.00	0.437
100.532	0.05	Adapter 3839Hz Probe 3839Hz	14	3.839	70.00	0.437
100.612	0.05	Adapter 3839Hz Probe 3839Hz	14	3.839	70.00	0.437
100.692	0.05	Adapter 3839Hz Probe 3839Hz	14	3.839	70.00	0.437
100.772	0.05	Adapter 3839Hz Probe 3839Hz	14	3.839	70.00	0.437
100.852	0.05	Adapter 3839Hz Probe 3839Hz	14	3.839	70.00	0.437
101.032	0.05	Adapter 3839Hz Probe 3839Hz	14	3.839	70.00	0.437
101.112	0.05	Adapter 3839Hz Probe 3839Hz	14	3.839	70.00	0.437
101.192	0.05	Adapter 3839Hz Probe 3839Hz	14	3.839	70.00	0.437
101.272	0.05	Adapter 3839Hz Probe 3839Hz	14	3.839	70.00	0.437
101.352	0.05	Adapter 3839Hz Probe 3839Hz	14	3.839	70.00	0.437
101.532	0.05	Adapter 3839Hz Probe 3839Hz	14	3.839	70.00	0.437
101.612	0.05	Adapter 3839Hz Probe 3839Hz	14	3.839	70.00	0.437
101.692	0.05	Adapter 3839Hz Probe 3839Hz	14	3.839	70.00	0.437
101.772	0.05	Adapter 3839Hz Probe 3839Hz	14	3.839	70.00	0.437
101.852	0.05	Adapter 3839Hz Probe 3839Hz	14	3.839	70.00	0.437
102.032	0.05	Adapter 3839Hz Probe 3839Hz	14	3.839	70.00	0.437
102.112	0.05	Adapter 3839Hz Probe 3839Hz	14	3.839	70.00	0.437
102.192	0.05	Adapter 3839Hz Probe 3839Hz	14	3.839	70.00	0.437
102.272	0.05	Adapter 3839Hz Probe 3839Hz	14	3.839	70.00	0.437
102.352	0.05	Adapter 3839Hz Probe 3839Hz	14	3.839	70.00	0.437
102.532	0.05	Adapter 3839Hz Probe 3839Hz	14	3.839	70.00	0.437
102.612	0.05	Adapter 3839Hz Probe 3839Hz	14	3.839	70.00	0.437
102.692	0.05	Adapter 3839Hz Probe 3839Hz	14	3.839	70.00	0.437
102.772	0.05	Adapter 3839Hz Probe 3839Hz	14	3.839	70.00	0.437
102.852	0.05	Adapter 3839Hz Probe 3839Hz	14	3.839	70.00	0.437
103.032	0.05	Adapter 3839Hz Probe 3839Hz	14	3.839	70.00	0.437
103.112	0.05	Adapter 3839Hz Probe 3839Hz	14	3.839	70.00	0.437
103.192	0.05	Adapter 3839Hz Probe 3839Hz	14	3.839	70.00	0.437
103.272	0.05	Adapter 3839Hz Probe 3839Hz	14	3.839	70.00	0.437
103.352	0.05	Adapter 3839Hz Probe 3839Hz	14	3.839	70.00	0.437
103.532	0.05	Adapter 3839Hz Probe 3839Hz	14	3.839	70.00	0.437
103.612	0.05	Adapter 3839Hz Probe 3839Hz	14	3.839	70.00	0.437
103.692	0.05	Adapter 3839Hz Probe 3839Hz	14	3.839	70.00	0.437
103.772	0.05	Adapter 3839Hz Probe 3839Hz	14	3.839	70.00	0.437
103.852	0.05	Adapter 3839Hz Probe 3839Hz	14	3.839	70.00	0.437
104.032	0.05	Adapter 3839Hz Probe 3839Hz	14	3.839	70.00	0.437
104.112	0.05	Adapter 3839Hz Probe 3839Hz	14	3.839	70.00	0.437
104.192	0.05	Adapter 3839Hz Probe 3839Hz	14	3.839	70.00	0.437
104.272	0.05	Adapter 3839Hz Probe 3839Hz	14	3.839	70.00	0.437
104.352	0.05	Adapter 3839Hz Probe 3839Hz	14	3.839	70.00	0.437
104.532	0.05	Adapter 3839Hz Probe 3839Hz	14	3.839	70.00	0.437
104.612	0.05	Adapter 3839Hz Probe 3839Hz	14	3.839	70.00	0.437
104.692	0.05	Adapter 3839Hz Probe 3839Hz	14	3.839	70.00	0.437
104.772	0.05	Adapter 3839Hz Probe 3839Hz	14	3.839	70.00	0.437
104.852	0.05	Adapter 3839Hz Probe 3839Hz	14	3.839	70.00	0.437
107.52	0.05	Adapter 251Hz	15	0.251	70.00	0.052
107.6	0.05	Adapter 251Hz	15	0.251	70.00	0.052
107.68	0.05	Adapter 251Hz	15	0.251	70.00	0.052
107.76	0.05	Adapter 251Hz	15	0.251	70.00	0.052
108.02	0.05	Adapter 251Hz	15	0.251	70.00	0.052
108.1	0.05	Adapter 251Hz	15	0.251	70.00	0.052
108.18	0.05	Adapter 251Hz	15	0.251	70.00	0.052
108.26	0.05	Adapter 251Hz	15	0.251	70.00	0.052
108.52	0.05	Adapter 251Hz	15	0.251	70.00	0.052
108.6	0.05	Adapter 251Hz	15	0.251	70.00	0.052
108.68	0.05	Adapter 251Hz	15	0.251	70.00	0.052
108.76	0.05	Adapter 251Hz	15	0.251	70.00	0.052
109.02	0.05	Adapter 251Hz	15	0.251	70.00	0.052
109.1	0.05	Adapter 251Hz	15	0.251	70.00	0.052
109.18	0.05	Adapter 251Hz	15	0.251	70.00	0.052
109.26	0.05	Adapter 251Hz	15	0.251	70.00	0.052
109.52	0.05	Adapter 251Hz	15	0.251	70.00	0.052
109.6	0.05	Adapter 251Hz	15	0.251	70.00	0.052
109.68	0.05	Adapter 251Hz	15	0.251	70.00	0.052
109.76	0.05	Adapter 251Hz	15	0.251	70.00	0.052
110.02	0.05	Adapter 251Hz	15	0.251	70.00	0.052
110.1	0.05	Adapter 251Hz	15	0.251	70.00	0.052
110.18	0.05	Adapter 251Hz	15	0.251	70.00	0.052
110.26	0.05	Adapter 251Hz	15	0.251	70.00	0.052
110.52	0.05	Adapter 251Hz	15	0.251	70.00	0.052
110.6	0.05	Adapter 251Hz	15	0.251	70.00	0.052
110.68	0.05	Adapter 251Hz	15	0.251	70.00	0.052
110.76	0.05	Adapter 251Hz	15	0.251	70.00	0.052
111.02	0.05	Adapter 251Hz	15	0.251	70.00	0.052
111.1	0.05	Adapter 251Hz	15	0.251	70.00	0.052
111.18	0.05	Adapter 251Hz	15	0.251	70.00	0.052
111.26	0.05	Adapter 251Hz	15	0.251	70.00	0.052
111.52	0.05	Adapter 251Hz	15	0.251	70.00	0.052
111.6	0.05	Adapter 251Hz	15	0.251	70.00	0.052
111.68	0.05	Adapter 251Hz	15	0.251	70.00	0.052
111.76	0.05	Adapter 251Hz	15	0.251	70.00	0.052
112.02	0.05	Adapter 251Hz	15	0.251	70.00	0.052
112.1	0.05	Adapter 251Hz	15	0.251	70.00	0.052
112.18	0.05	Adapter 251Hz	15	0.251	70.00	0.052
112.26	0.05	Adapter 251Hz	15	0.251	70.00	0.052
122.863	0.05	Probe 3839Hz	17	3.839	70.00	0.437
123.363	0.05	Probe 3839Hz	17	3.839	70.00	0.437
123.863	0.05	Probe 3839Hz	17	3.839	70.00	0.437
124.363	0.05	Probe 3839Hz	17	3.839	70.00	0.437
124.863	0.05	Probe 3839Hz	17	3.839	70.00	0.437
125.363	0.05	Probe 3839Hz	17	3.839	70.00	0.437
125.863	0.05	Probe 3839Hz	17	3.839	70.00	0.437
126.363	0.05	Probe 3839Hz	17	3.839	70.00	0.437
126.863	0.05	Probe 3839Hz	17	3.839	70.00	0.437
127.363	0.05	Probe 3839Hz	17	3.839	70.00	0.437
130.031	0.05	Adapter 251Hz	18	0.251	70.00	0.052
130.111	0.05	Adapter 251Hz	18	0.251	70.00	0.052
130.191	0.05	Adapter 251Hz	18	0.251	70.00	0.052
130.271	0.05	Adapter 251Hz	18	0.251	70.00	0.052
130.531	0.05	Adapter 251Hz	18	0.251	70.00	0.052
130.611	0.05	Adapter 251Hz	18	0.251	70.00	0.052
130.691	0.05	Adapter 251Hz	18	0.251	70.00	0.052
130.771	0.05	Adapter 251Hz	18	0.251	70.00	0.052
131.031	0.05	Adapter 251Hz	18	0.251	70.00	0.052
131.111	0.05	Adapter 251Hz	18	0.251	70.00	0.052
131.191	0.05	Adapter 251Hz	18	0.251	70.00	0.052
131.271	0.05	Adapter 251Hz	18	0.251	70.00	0.052
131.531	0.05	Adapter 251Hz	18	0.251	70.00	0.052
131.611	0.05	Adapter 251Hz	18	0.251	70.00	0.052
131.691	0.05	Adapter 251Hz	18	0.251	70.00	0.052
131.771	0.05	Adapter 251Hz	18	0.251	70.00	0.052
132.031	0.05	Adapter 251Hz	18	0.251	70.00	0.052
132.111	0.05	Adapter 251Hz	18	0.251	70.00	0.052
132.191	0.05	Adapter 251Hz	18	0.251	70.00	0.052
132.271	0.05	Adapter 251Hz	18	0.251	70.00	0.052
132.531	0.05	Adapter 251Hz	18	0.251	70.00	0.052
132.611	0.05	Adapter 251Hz	18	0.251	70.00	0.052
132.691	0.05	Adapter 251Hz	18	0.251	70.00	0.052
132.771	0.05	Adapter 251Hz	18	0.251	70.00	0.052
133.031	0.05	Adapter 251Hz	18	0.251	70.00	0.052
133.111	0.05	Adapter 251Hz	18	0.251	70.00	0.052
133.191	0.05	Adapter 251Hz	18	0.251	70.00	0.052
133.271	0.05	Adapter 251Hz	18	0.251	70.00	0.052
133.531	0.05	Adapter 251Hz	18	0.251	70.00	0.052
133.611	0.05	Adapter 251Hz	18	0.251	70.00	0.052
133.691	0.05	Adapter 251Hz	18	0.251	70.00	0.052
133.771	0.05	Adapter 251Hz	18	0.251	70.00	0.052
134.031	0.05	Adapter 251Hz	18	0.251	70.00	0.052
134.111	0.05	Adapter 251Hz	18	0.251	70.00	0.052
134.191	0.05	Adapter 251Hz	18	0.251	70.00	0.052
134.271	0.05	Adapter 251Hz	18	0.251	70.00	0.052
134.531	0.05	Adapter 251Hz	18	0.251	70.00	0.052
134.611	0.05	Adapter 251Hz	18	0.251	70.00	0.052
134.691	0.05	Adapter 251Hz	18	0.251	70.00	0.052
134.771	0.05	Adapter 251Hz	18	0.251	70.00	0.052
145.007	0.05	Adapter 6009Hz	20	6.009	70.00	0.671
145.087	0.05	Adapter 6009Hz	20	6.009	70.00	0.671
145.167	0.05	Adapter 6009Hz	20	6.009	70.00	0.671
145.247	0.05	Adapter 6009Hz	20	6.009	70.00	0.671
145.507	0.05	Adapter 6009Hz	20	6.009	70.00	0.671
145.587	0.05	Adapter 6009Hz	20	6.009	70.00	0.671
145.667	0.05	Adapter 6009Hz	20	6.009	70.00	0.671
145.747	0.05	Adapter 6009Hz	20	6.009	70.00	0.671
146.007	0.05	Adapter 6009Hz	20	6.009	70.00	0.671
146.087	0.05	Adapter 6009Hz	20	6.009	70.00	0.671
146.167	0.05	Adapter 6009Hz	20	6.009	70.00	0.671
146.247	0.05	Adapter 6009Hz	20	6.009	70.00	0.671
146.507	0.05	Adapter 6009Hz	20	6.009	70.00	0.671
146.587	0.05	Adapter 6009Hz	20	6.009	70.00	0.671
146.667	0.05	Adapter 6009Hz	20	6.009	70.00	0.671
146.747	0.05	Adapter 6009Hz	20	6.009	70.00	0.671
147.007	0.05	Adapter 6009Hz	20	6.009	70.00	0.671
147.087	0.05	Adapter 6009Hz	20	6.009	70.00	0.671
147.167	0.05	Adapter 6009Hz	20	6.009	70.00	0.671
147.247	0.05	Adapter 6009Hz	20	6.009	70.00	0.671
147.507	0.05	Adapter 6009Hz	20	6.009	70.00	0.671
147.587	0.05	Adapter 6009Hz	20	6.009	70.00	0.671
147.667	0.05	Adapter 6009Hz	20	6.009	70.00	0.671
147.747	0.05	Adapter 6009Hz	20	6.009	70.00	0.671
148.007	0.05	Adapter 6009Hz	20	6.009	70.00	0.671
148.087	0.05	Adapter 6009Hz	20	6.009	70.00	0.671
148.167	0.05	Adapter 6009Hz	20	6.009	70.00	0.671
148.247	0.05	Adapter 6009Hz	20	6.009	70.00	0.671
148.507	0.05	Adapter 6009Hz	20	6.009	70.00	0.671
148.587	0.05	Adapter 6009Hz	20	6.009	70.00	0.671
148.667	0.05	Adapter 6009Hz	20	6.009	70.00	0.671
148.747	0.05	Adapter 6009Hz	20	6.009	70.00	0.671
149.007	0.05	Adapter 6009Hz	20	6.009	70.00	0.671
149.087	0.05	Adapter 6009Hz	20	6.009	70.00	0.671
149.167	0.05	Adapter 6009Hz	20	6.009	70.00	0.671
149.247	0.05	Adapter 6009Hz	20	6.009	70.00	0.671
149.507	0.05	Adapter 6009Hz	20	6.009	70.00	0.671
149.587	0.05	Adapter 6009Hz	20	6.009	70.00	0.671
149.667	0.05	Adapter 6009Hz	20	6.009	70.00	0.671
149.747	0.05	Adapter 6009Hz	20	6.009	70.00	0.671
160.045	0.05	Adapter 507Hz	22	0.507	70.00	0.079
160.125	0.05	Adapter 507Hz	22	0.507	70.00	0.079
160.205	0.05	Adapter 507Hz	22	0.507	70.00	0.079
160.285	0.05	Adapter 507Hz	22	0.507	70.00	0.079
160.545	0.05	Adapter 507Hz	22	0.507	70.00	0.079
160.625	0.05	Adapter 507Hz	22	0.507	70.00	0.079
160.705	0.05	Adapter 507Hz	22	0.507	70.00	0.079
160.785	0.05	Adapter 507Hz	22	0.507	70.00	0.079
161.045	0.05	Adapter 507Hz	22	0.507	70.00	0.079
161.125	0.05	Adapter 507Hz	22	0.507	70.00	0.079
161.205	0.05	Adapter 507Hz	22	0.507	70.00	0.079
161.285	0.05	Adapter 507Hz	22	0.507	70.00	0.079
161.545	0.05	Adapter 507Hz	22	0.507	70.00	0.079
161.625	0.05	Adapter 507Hz	22	0.507	70.00	0.079
161.705	0.05	Adapter 507Hz	22	0.507	70.00	0.079
161.785	0.05	Adapter 507Hz	22	0.507	70.00	0.079
162.045	0.05	Adapter 507Hz	22	0.507	70.00	0.079
162.125	0.05	Adapter 507Hz	22	0.507	70.00	0.079
162.205	0.05	Adapter 507Hz	22	0.507	70.00	0.079
162.285	0.05	Adapter 507Hz	22	0.507	70.00	0.079
162.545	0.05	Adapter 507Hz	22	0.507	70.00	0.079
162.625	0.05	Adapter 507Hz	22	0.507	70.00	0.079
162.705	0.05	Adapter 507Hz	22	0.507	70.00	0.079
162.785	0.05	Adapter 507Hz	22	0.507	70.00	0.079
163.045	0.05	Adapter 507Hz	22	0.507	70.00	0.079
163.125	0.05	Adapter 507Hz	22	0.507	70.00	0.079
163.205	0.05	Adapter 507Hz	22	0.507	70.00	0.079
163.285	0.05	Adapter 507Hz	22	0.507	70.00	0.079
163.545	0.05	Adapter 507Hz	22	0.507	70.00	0.079
163.625	0.05	Adapter 507Hz	22	0.507	70.00	0.079
163.705	0.05	Adapter 507Hz	22	0.507	70.00	0.079
163.785	0.05	Adapter 507Hz	22	0.507	70.00	0.079
164.045	0.05	Adapter 507Hz	22	0.507	70.00	0.079
164.125	0.05	Adapter 507Hz	22	0.507	70.00	0.079
164.205	0.05	Adapter 507Hz	22	0.507	70.00	0.079
164.285	0.05	Adapter 507Hz	22	0.507	70.00	0.079
164.545	0.05	Adapter 507Hz	22	0.507	70.00	0.079
164.625	0.05	Adapter 507Hz	22	0.507	70.00	0.079
164.705	0.05	Adapter 507Hz	22	0.507	70.00	0.079
164.785	0.05	Adapter 507Hz	22	0.507	70.00	0.079
167.533	0.05	Adapter 2423Hz Probe 3839Hz	23	2.423	70.00	0.285
167.613	0.05	Adapter 2423Hz Probe 3839Hz	23	2.423	70.00	0.285
167.693	0.05	Adapter 2423Hz Probe 3839Hz	23	2.423	70.00	0.285
167.773	0.05	Adapter 2423Hz Probe 3839Hz	23	2.423	70.00	0.285
167.853	0.05	Adapter 2423Hz Probe 3839Hz	23	3.839	70.00	0.437
168.033	0.05	Adapter 2423Hz Probe 3839Hz	23	2.423	70.00	0.285
168.113	0.05	Adapter 2423Hz Probe 3839Hz	23	2.423	70.00	0.285
168.193	0.05	Adapter 2423Hz Probe 3839Hz	23	2.423	70.00	0.285
168.273	0.05	Adapter 2423Hz Probe 3839Hz	23	2.423	70.00	0.285
168.353	0.05	Adapter 2423Hz Probe 3839Hz	23	3.839	70.00	0.437
168.533	0.05	Adapter 2423Hz Probe 3839Hz	23	2.423	70.00	0.285
168.613	0.05	Adapter 2423Hz Probe 3839Hz	23	2.423	70.00	0.285
168.693	0.05	Adapter 2423Hz Probe 3839Hz	23	2.423	70.00	0.285
168.773	0.05	Adapter 2423Hz Probe 3839Hz	23	2.423	70.00	0.285
168.853	0.05	Adapter 2423Hz Probe 3839Hz	23	3.839	70.00	0.437
169.033	0.05	Adapter 2423Hz Probe 3839Hz	23	2.423	70.00	0.285
169.113	0.05	Adapter 2423Hz Probe 3839Hz	23	2.423	70.00	0.285
169.193	0.05	Adapter 2423Hz Probe 3839Hz	23	2.423	70.00	0.285
169.273	0.05	Adapter 2423Hz Probe 3839Hz	23	2.423	70.00	0.285
169.353	0.05	Adapter 2423Hz Probe 3839Hz	23	3.839	70.00	0.437
169.533	0.05	Adapter 2423Hz Probe 3839Hz	23	2.423	70.00	0.285
169.613	0.05	Adapter 2423Hz Probe 3839Hz	23	2.423	70.00	0.285
169.693	0.05	Adapter 2423Hz Probe 3839Hz	23	2.423	70.00	0.285
169.773	0.05	Adapter 2423Hz Probe 3839Hz	23	2.423	70.00	0.285
169.853	0.05	Adapter 2423Hz Probe 3839Hz	23	3.839	70.00	0.437
170.033	0.05	Adapter 2423Hz Probe 3839Hz	23	2.423	70.00	0.285
170.113	0.05	Adapter 2423Hz Probe 3839Hz	23	2.423	70.00	0.285
170.193	0.05	Adapter 2423Hz Probe 3839Hz	23	2.423	70.00	0.285
170.273	0.05	Adapter 2423Hz Probe 3839Hz	23	2.423	70.00	0.285
170.353	0.05	Adapter 2423Hz Probe 3839Hz	23	3.839	70.00	0.437
170.533	0.05	Adapter 2423Hz Probe 3839Hz	23	2.423	70.00	0.285
170.613	0.05	Adapter 2423Hz Probe 3839Hz	23	2.423	70.00	0.285
170.693	0.05	Adapter 2423Hz Probe 3839Hz	23	2.423	70.00	0.285
170.773	0.05	Adapter 2423Hz Probe 3839Hz	23	2.423	70.00	0.285
170.853	0.05	Adapter 2423Hz Probe 3839Hz	23	3.839	70.00	0.437
171.033	0.05	Adapter 2423Hz Probe 3839Hz	23	2.423	70.00	0.285
171.113	0.05	Adapter 2423Hz Probe 3839Hz	23	2.423	70.00	0.285
171.193	0.05	Adapter 2423Hz Probe 3839Hz	23	2.423	70.00	0.285
171.273	0.05	Adapter 2423Hz Probe 3839Hz	23	2.423	70.00	0.285
171.353	0.05	Adapter 2423Hz Probe 3839Hz	23	3.839	70.00	0.437
171.533	0.05	Adapter 2423Hz Probe 3839Hz	23	2.423	70.00	0.285
171.613	0.05	Adapter 2423Hz Probe 3839Hz	23	2.423	70.00	0.285
171.693	0.05	Adapter 2423Hz Probe 3839Hz	23	2.423	70.00	0.285
171.773	0.05	Adapter 2423Hz Probe 3839Hz	23	2.423	70.00	0.285
171.853	0.05	Adapter 2423Hz Probe 3839Hz	23	3.839	70.00	0.437
172.033	0.05	Adapter 2423Hz Probe 3839Hz	23	2.423	70.00	0.285
172.113	0.05	Adapter 2423Hz Probe 3839Hz	23	2.423	70.00	0.285
172.193	0.05	Adapter 2423Hz Probe 3839Hz	23	2.423	70.00	0.285
172.273	0.05	Adapter 2423Hz Probe 3839Hz	23	2.423	70.00	0.285
172.353	0.05	Adapter 2423Hz Probe 3839Hz	23	3.839	70.00	0.437
182.509	0.05	Adapter 507Hz Probe 3839Hz	25	0.507	70.00	0.079
182.589	0.05	Adapter 507Hz Probe 3839Hz	25	0.507	70.00	0.079
182.669	0.05	Adapter 507Hz Probe 3839Hz	25	0.507	70.00	0.079
182.749	0.05	Adapter 507Hz Probe 3839Hz	25	0.507	70.00	0.079
182.829	0.05	Adapter 507Hz Probe 3839Hz	25	3.839	70.00	0.437
183.009	0.05	Adapter 507Hz Probe 3839Hz	25	0.507	70.00	0.079
183.089	0.05	Adapter 507Hz Probe 3839Hz	25	0.507	70.00	0.079
183.169	0.05	Adapter 507Hz Probe 3839Hz	25	0.507	70.00	0.079
183.249	0.05	Adapter 507Hz Probe 3839Hz	25	0.507	70.00	0.079
183.329	0.05	Adapter 507Hz Probe 3839Hz	25	3.839	70.00	0.437
183.509	0.05	Adapter 507Hz Probe 3839Hz	25	0.507	70.00	0.079
183.589	0.05	Adapter 507Hz Probe 3839Hz	25	0.507	70.00	0.079
183.669	0.05	Adapter 507Hz Probe 3839Hz	25	0.507	70.00	0.079
183.749	0.05	Adapter 507Hz Probe 3839Hz	25	0.507	70.00	0.079
183.829	0.05	Adapter 507Hz Probe 3839Hz	25	3.839	70.00	0.437
184.009	0.05	Adapter 507Hz Probe 3839Hz	25	0.507	70.00	0.079
184.089	0.05	Adapter 507Hz Probe 3839Hz	25	0.507	70.00	0.079
184.169	0.05	Adapter 507Hz Probe 3839Hz	25	0.507	70.00	0.079
184.249	0.05	Adapter 507Hz Probe 3839Hz	25	0.507	70.00	0.079
184.329	0.05	Adapter 507Hz Probe 3839Hz	25	3.839	70.00	0.437
184.509	0.05	Adapter 507Hz Probe 3839Hz	25	0.507	70.00	0.079
184.589	0.05	Adapter 507Hz Probe 3839Hz	25	0.507	70.00	0.079
184.669	0.05	Adapter 507Hz Probe 3839Hz	25	0.507	70.00	0.079
184.749	0.05	Adapter 507Hz Probe 3839Hz	25	0.507	70.00	0.079
184.829	0.05	Adapter 507Hz Probe 3839Hz	25	3.839	70.00	0.437
185.009	0.05	Adapter 507Hz Probe 3839Hz	25	0.507	70.00	0.079
185.089	0.05	Adapter 507Hz Probe 3839Hz	25	0.507	70.00	0.079
185.169	0.05	Adapter 507Hz Probe 3839Hz	25	0.507	70.00	0.079
185.249	0.05	Adapter 507Hz Probe 3839Hz	25	0.507	70.00	0.079
185.329	0.05	Adapter 507Hz Probe 3839Hz	25	3.839	70.00	0.437
185.509	0.05	Adapter 507Hz Probe 3839Hz	25	0.507	70.00	0.079
185.589	0.05	Adapter 507Hz Probe 3839Hz	25	0.507	70.00	0.079
185.669	0.05	Adapter 507Hz Probe 3839Hz	25	0.507	70.00	0.079
185.749	0.05	Adapter 507Hz Probe 3839Hz	25	0.507	70.00	0.079
185.829	0.05	Adapter 507Hz Probe 3839Hz	25	3.839	70.00	0.437
186.009	0.05	Adapter 507Hz Probe 3839Hz	25	0.507	70.00	0.079
186.089	0.05	Adapter 507Hz Probe 3839Hz	25	0.507	70.00	0.079
186.169	0.05	Adapter 507Hz Probe 3839Hz	25	0.507	70.00	0.079
186.249	0.05	Adapter 507Hz Probe 3839Hz	25	0.507	70.00	0.079
186.329	0.05	Adapter 507Hz Probe 3839Hz	25	3.839	70.00	0.437
186.509	0.05	Adapter 507Hz Probe 3839Hz	25	0.507	70.00	0.079
186.589	0.05	Adapter 507Hz Probe 3839Hz	25	0.507	70.00	0.079
186.669	0.05	Adapter 507Hz Probe 3839Hz	25	0.507	70.00	0.079
186.749	0.05	Adapter 507Hz Probe 3839Hz	25	0.507	70.00	0.079
186.829	0.05	Adapter 507Hz Probe 3839Hz	25	3.839	70.00	0.437
187.009	0.05	Adapter 507Hz Probe 3839Hz	25	0.507	70.00	0.079
187.089	0.05	Adapter 507Hz Probe 3839Hz	25	0.507	70.00	0.079
187.169	0.05	Adapter 507Hz Probe 3839Hz	25	0.507	70.00	0.079
187.249	0.05	Adapter 507Hz Probe 3839Hz	25	0.507	70.00	0.079
187.329	0.05	Adapter 507Hz Probe 3839Hz	25	3.839	70.00	0.437
190.059	0.05	Adapter 899Hz Probe 3839Hz	26	0.899	70.00	0.121
190.139	0.05	Adapter 899Hz Probe 3839Hz	26	0.899	70.00	0.121
190.219	0.05	Adapter 899Hz Probe 3839Hz	26	0.899	70.00	0.121
190.299	0.05	Adapter 899Hz Probe 3839Hz	26	0.899	70.00	0.121
190.379	0.05	Adapter 899Hz Probe 3839Hz	26	3.839	70.00	0.437
190.559	0.05	Adapter 899Hz Probe 3839Hz	26	0.899	70.00	0.121
190.639	0.05	Adapter 899Hz Probe 3839Hz	26	0.899	70.00	0.121
190.719	0.05	Adapter 899Hz Probe 3839Hz	26	0.899	70.00	0.121
190.799	0.05	Adapter 899Hz Probe 3839Hz	26	0.899	70.00	0.121
190.879	0.05	Adapter 899Hz Probe 3839Hz	26	3.839	70.00	0.437
191.059	0.05	Adapter 899Hz Probe 3839Hz	26	0.899	70.00	0.121
191.139	0.05	Adapter 899Hz Probe 3839Hz	26	0.899	70.00	0.121
191.219	0.05	Adapter 899Hz Probe 3839Hz	26	0.899	70.00	0.121
191.299	0.05	Adapter 899Hz Probe 3839Hz	26	0.899	70.00	0.121
191.379	0.05	Adapter 899Hz Probe 3839Hz	26	3.839	70.00	0.437
191.559	0.05	Adapter 899Hz Probe 3839Hz	26	0.899	70.00	0.121
191.639	0.05	Adapter 899Hz Probe 3839Hz	26	0.899	70.00	0.121
191.719	0.05	Adapter 899Hz Probe 3839Hz	26	0.899	70.00	0.121
191.799	0.05	Adapter 899Hz Probe 3839Hz	26	0.899	70.00	0.121
191.879	0.05	Adapter 899Hz Probe 3839Hz	26	3.839	70.00	0.437
192.059	0.05	Adapter 899Hz Probe 3839Hz	26	0.899	70.00	0.121
192.139	0.05	Adapter 899Hz Probe 3839Hz	26	0.899	70.00	0.121
192.219	0.05	Adapter 899Hz Probe 3839Hz	26	0.899	70.00	0.121
192.299	0.05	Adapter 899Hz Probe 3839Hz	26	0.899	70.00	0.121
192.379	0.05	Adapter 899Hz Probe 3839Hz	26	3.839	70.00	0.437
192.559	0.05	Adapter 899Hz Probe 3839Hz	26	0.899	70.00	0.121
192.639	0.05	Adapter 899Hz Probe 3839Hz	26	0.899	70.00	0.121
192.719	0.05	Adapter 899Hz Probe 3839Hz	26	0.899	70.00	0.121
192.799	0.05	Adapter 899Hz Probe 3839Hz	26	0.899	70.00	0.121
192.879	0.05	Adapter 899Hz Probe 3839Hz	26	3.839	70.00	0.437
193.059	0.05	Adapter 899Hz Probe 3839Hz	26	0.899	70.00	0.121
193.139	0.05	Adapter 899Hz Probe 3839Hz	26	0.899	70.00	0.121
193.219	0.05	Adapter 899Hz Probe 3839Hz	26	0.899	70.00	0.121
193.299	0.05	Adapter 899Hz Probe 3839Hz	26	0.899	70.00	0.121
193.379	0.05	Adapter 899Hz Probe 3839Hz	26	3.839	70.00	0.437
193.559	0.05	Adapter 899Hz Probe 3839Hz	26	0.899	70.00	0.121
193.639	0.05	Adapter 899Hz Probe 3839Hz	26	0.899	70.00	0.121
193.719	0.05	Adapter 899Hz Probe 3839Hz	26	0.899	70.00	0.121
193.799	0.05	Adapter 899Hz Probe 3839Hz	26	0.899	70.00	0.121
193.879	0.05	Adapter 899Hz Probe 3839Hz	26	3.839	70.00	0.437
194.059	0.05	Adapter 899Hz Probe 3839Hz	26	0.899	70.00	0.121
194.139	0.05	Adapter 899Hz Probe 3839Hz	26	0.899	70.00	0.121
194.219	0.05	Adapter 899Hz Probe 3839Hz	26	0.899	70.00	0.121
194.299	0.05	Adapter 899Hz Probe 3839Hz	26	0.899	70.00	0.121
194.379	0.05	Adapter 899Hz Probe 3839Hz	26	3.839	70.00	0.437
194.559	0.05	Adapter 899Hz Probe 3839Hz	26	0.899	70.00	0.121
194.639	0.05	Adapter 899Hz Probe 3839Hz	26	0.899	70.00	0.121
194.719	0.05	Adapter 899Hz Probe 3839Hz	26	0.899	70.00	0.121
194.799	0.05	Adapter 899Hz Probe 3839Hz	26	0.899	70.00	0.121
194.879	0.05	Adapter 899Hz Probe 3839Hz	26	3.839	70.00	0.437
197.532	0.05	Adapter 3839Hz	27	3.839	70.00	0.437
197.612	0.05	Adapter 3839Hz	27	3.839	70.00	0.437
197.692	0.05	Adapter 3839Hz	27	3.839	70.00	0.437
197.772	0.05	Adapter 3839Hz	27	3.839	70.00	0.437
198.032	0.05	Adapter 3839Hz	27	3.839	70.00	0.437
198.112	0.05	Adapter 3839Hz	27	3.839	70.00	0.437
198.192	0.05	Adapter 3839Hz	27	3.839	70.00	0.437
198.272	0.05	Adapter 3839Hz	27	3.839	70.00	0.437
198.532	0.05	Adapter 3839Hz	27	3.839	70.00	0.437
198.612	0.05	Adapter 3839Hz	27	3.839	70.00	0.437
198.692	0.05	Adapter 3839Hz	27	3.839	70.00	0.437
198.772	0.05	Adapter 3839Hz	27	3.839	70.00	0.437
199.032	0.05	Adapter 3839Hz	27	3.839	70.00	0.437
199.112	0.05	Adapter 3839Hz	27	3.839	70.00	0.437
199.192	0.05	Adapter 3839Hz	27	3.839	70.00	0.437
199.272	0.05	Adapter 3839Hz	27	3.839	70.00	0.437
199.532	0.05	Adapter 3839Hz	27	3.839	70.00	0.437
199.612	0.05	Adapter 3839Hz	27	3.839	70.00	0.437
199.692	0.05	Adapter 3839Hz	27	3.839	70.00	0.437
199.772	0.05	Adapter 3839Hz	27	3.839	70.00	0.437
200.032	0.05	Adapter 3839Hz	27	3.839	70.00	0.437
200.112	0.05	Adapter 3839Hz	27	3.839	70.00	0.437
200.192	0.05	Adapter 3839Hz	27	3.839	70.00	0.437
200.272	0.05	Adapter 3839Hz	27	3.839	70.00	0.437
200.532	0.05	Adapter 3839Hz	27	3.839	70.00	0.437
200.612	0.05	Adapter 3839Hz	27	3.839	70.00	0.437
200.692	0.05	Adapter 3839Hz	27	3.839	70.00	0.437
200.772	0.05	Adapter 3839Hz	27	3.839	70.00	0.437
201.032	0.05	Adapter 3839Hz	27	3.839	70.00	0.437
201.112	0.05	Adapter 3839Hz	27	3.839	70.00	0.437
201.192	0.05	Adapter 3839Hz	27	3.839	70.00	0.437
201.272	0.05	Adapter 3839Hz	27	3.839	70.00	0.437
201.532	0.05	Adapter 3839Hz	27	3.839	70.00	0.437
201.612	0.05	Adapter 3839Hz	27	3.839	70.00	0.437
201.692	0.05	Adapter 3839Hz	27	3.839	70.00	0.437
201.772	0.05	Adapter 3839Hz	27	3.839	70.00	0.437
202.032	0.05	Adapter 3839Hz	27	3.839	70.00	0.437
202.112	0.05	Adapter 3839Hz	27	3.839	70.00	0.437
202.192	0.05	Adapter 3839Hz	27	3.839	70.00	0.437
202.272	0.05	Adapter 3839Hz	27	3.839	70.00	0.437
205.02	0.05	Adapter 1501Hz Probe 3839Hz	28	1.501	70.00	0.186
205.1	0.05	Adapter 1501Hz Probe 3839Hz	28	1.501	70.00	0.186
205.18	0.05	Adapter 1501Hz Probe 3839Hz	28	1.501	70.00	0.186
205.26	0.05	Adapter 1501Hz Probe 3839Hz	28	1.501	70.00	0.186
205.34	0.05	Adapter 1501Hz Probe 3839Hz	28	3.839	70.00	0.437
205.52	0.05	Adapter 1501Hz Probe 3839Hz	28	1.501	70.00	0.186
205.6	0.05	Adapter 1501Hz Probe 3839Hz	28	1.501	70.00	0.186
205.68	0.05	Adapter 1501Hz Probe 3839Hz	28	1.501	70.00	0.186
205.76	0.05	Adapter 1501Hz Probe 3839Hz	28	1.501	70.00	0.186
205.84	0.05	Adapter 1501Hz Probe 3839Hz	28	3.839	70.00	0.437
206.02	0.05	Adapter 1501Hz Probe 3839Hz	28	1.501	70.00	0.186
206.1	0.05	Adapter 1501Hz Probe 3839Hz	28	1.501	70.00	0.186
206.18	0.05	Adapter 1501Hz Probe 3839Hz	28	1.501	70.00	0.186
206.26	0.05	Adapter 1501Hz Probe 3839Hz	28	1.501	70.00	0.186
206.34	0.05	Adapter 1501Hz Probe 3839Hz	28	3.839	70.00	0.437
206.52	0.05	Adapter 1501Hz Probe 3839Hz	28	1.501	70.00	0.186
206.6	0.05	Adapter 1501Hz Probe 3839Hz	28	1.501	70.00	0.186
206.68	0.05	Adapter 1501Hz Probe 3839Hz	28	1.501	70.00	0.186
206.76	0.05	Adapter 1501Hz Probe 3839Hz	28	1.501	70.00	0.186
206.84	0.05	Adapter 1501Hz Probe 3839Hz	28	3.839	70.00	0.437
207.02	0.05	Adapter 1501Hz Probe 3839Hz	28	1.501	70.00	0.186
207.1	0.05	Adapter 1501Hz Probe 3839Hz	28	1.501	70.00	0.186
207.18	0.05	Adapter 1501Hz Probe 3839Hz	28	1.501	70.00	0.186
207.26	0.05	Adapter 1501Hz Probe 3839Hz	28	1.501	70.00	0.186
207.34	0.05	Adapter 1501Hz Probe 3839Hz	28	3.839	70.00	0.437
207.52	0.05	Adapter 1501Hz Probe 3839Hz	28	1.501	70.00	0.186
207.6	0.05	Adapter 1501Hz Probe 3839Hz	28	1.501	70.00	0.186
207.68	0.05	Adapter 1501Hz Probe 3839Hz	28	1.501	70.00	0.186
207.76	0.05	Adapter 1501Hz Probe 3839Hz	28	1.501	70.00	0.186
207.84	0.05	Adapter 1501Hz Probe 3839Hz	28	3.839	70.00	0.437
208.02	0.05	Adapter 1501Hz Probe 3839Hz	28	1.501	70.00	0.186
208.1	0.05	Adapter 1501Hz Probe 3839Hz	28	1.501	70.00	0.186
208.18	0.05	Adapter 1501Hz Probe 3839Hz	28	1.501	70.00	0.186
208.26	0.05	Adapter 1501Hz Probe 3839Hz	28	1.501	70.00	0.186
208.34	0.05	Adapter 1501Hz Probe 3839Hz	28	3.839	70.00	0.437
208.52	0.05	Adapter 1501Hz Probe 3839Hz	28	1.501	70.00	0.186
208.6	0.05	Adapter 1501Hz Probe 3839Hz	28	1.501	70.00	0.186
208.68	0.05	Adapter 1501Hz Probe 3839Hz	28	1.501	70.00	0.186
208.76	0.05	Adapter 1501Hz Probe 3839Hz	28	1.501	70.00	0.186
208.84	0.05	Adapter 1501Hz Probe 3839Hz	28	3.839	70.00	0.437
209.02	0.05	Adapter 1501Hz Probe 3839Hz	28	1.501	70.00	0.186
209.1	0.05	Adapter 1501Hz Probe 3839Hz	28	1.501	70.00	0.186
209.18	0.05	Adapter 1501Hz Probe 3839Hz	28	1.501	70.00	0.186
209.26	0.05	Adapter 1501Hz Probe 3839Hz	28	1.501	70.00	0.186
209.34	0.05	Adapter 1501Hz Probe 3839Hz	28	3.839	70.00	0.437
209.52	0.05	Adapter 1501Hz Probe 3839Hz	28	1.501	70.00	0.186
209.6	0.05	Adapter 1501Hz Probe 3839Hz	28	1.501	70.00	0.186
209.68	0.05	Adapter 1501Hz Probe 3839Hz	28	1.501	70.00	0.186
209.76	0.05	Adapter 1501Hz Probe 3839Hz	28	1.501	70.00	0.186
209.84	0.05	Adapter 1501Hz Probe 3839Hz	28	3.839	70.00	0.437
212.555	0.05	Adapter 899Hz	29	0.899	70.00	0.121
212.635	0.05	Adapter 899Hz	29	0.899	70.00	0.121
212.715	0.05	Adapter 899Hz	29	0.899	70.00	0.121
212.795	0.05	Adapter 899Hz	29	0.899	70.00	0.121
213.055	0.05	Adapter 899Hz	29	0.899	70.00	0.121
213.135	0.05	Adapter 899Hz	29	0.899	70.00	0.121
213.215	0.05	Adapter 899Hz	29	0.899	70.00	0.121
213.295	0.05	Adapter 899Hz	29	0.899	70.00	0.121
213.555	0.05	Adapter 899Hz	29	0.899	70.00	0.121
213.635	0.05	Adapter 899Hz	29	0.899	70.00	0.121
213.715	0.05	Adapter 899Hz	29	0.899	70.00	0.121
213.795	0.05	Adapter 899Hz	29	0.899	70.00	0.121
214.055	0.05	Adapter 899Hz	29	0.899	70.00	0.121
214.135	0.05	Adapter 899Hz	29	0.899	70.00	0.121
214.215	0.05	Adapter 899Hz	29	0.899	70.00	0.121
214.295	0.05	Adapter 899Hz	29	0.899	70.00	0.121
214.555	0.05	Adapter 899Hz	29	0.899	70.00	0.121
214.635	0.05	Adapter 899Hz	29	0.899	70.00	0.121
214.715	0.05	Adapter 899Hz	29	0.899	70.00	0.121
214.795	0.05	Adapter 899Hz	29	0.899	70.00	0.121
215.055	0.05	Adapter 899Hz	29	0.899	70.00	0.121
215.135	0.05	Adapter 899Hz	29	0.899	70.00	0.121
215.215	0.05	Adapter 899Hz	29	0.899	70.00	0.121
215.295	0.05	Adapter 899Hz	29	0.899	70.00	0.121
215.555	0.05	Adapter 899Hz	29	0.899	70.00	0.121
215.635	0.05	Adapter 899Hz	29	0.899	70.00	0.121
215.715	0.05	Adapter 899Hz	29	0.899	70.00	0.121
215.795	0.05	Adapter 899Hz	29	0.899	70.00	0.121
216.055	0.05	Adapter 899Hz	29	0.899	70.00	0.121
216.135	0.05	Adapter 899Hz	29	0.899	70.00	0.121
216.215	0.05	Adapter 899Hz	29	0.899	70.00	0.121
216.295	0.05	Adapter 899Hz	29	0.899	70.00	0.121
216.555	0.05	Adapter 899Hz	29	0.899	70.00	0.121
216.635	0.05	Adapter 899Hz	29	0.899	70.00	0.121
216.715	0.05	Adapter 899Hz	29	0.899	70.00	0.121
216.795	0.05	Adapter 899Hz	29	0.899	70.00	0.121
217.055	0.05	Adapter 899Hz	29	0.899	70.00	0.121
217.135	0.05	Adapter 899Hz	29	0.899	70.00	0.121
217.215	0.05	Adapter 899Hz	29	0.899	70.00	0.121
217.295	0.05	Adapter 899Hz	29	0.899	70.00	0.121
220.027	0.05	Adapter 2423Hz	30	2.423	70.00	0.285
220.107	0.05	Adapter 2423Hz	30	2.423	70.00	0.285
220.187	0.05	Adapter 2423Hz	30	2.423	70.00	0.285
220.267	0.05	Adapter 2423Hz	30	2.423	70.00	0.285
220.527	0.05	Adapter 2423Hz	30	2.423	70.00	0.285
220.607	0.05	Adapter 2423Hz	30	2.423	70.00	0.285
220.687	0.05	Adapter 2423Hz	30	2.423	70.00	0.285
220.767	0.05	Adapter 2423Hz	30	2.423	70.00	0.285
221.027	0.05	Adapter 2423Hz	30	2.423	70.00	0.285
221.107	0.05	Adapter 2423Hz	30	2.423	70.00	0.285
221.187	0.05	Adapter 2423Hz	30	2.423	70.00	0.285
221.267	0.05	Adapter 2423Hz	30	2.423	70.00	0.285
221.527	0.05	Adapter 2423Hz	30	2.423	70.00	0.285
221.607	0.05	Adapter 2423Hz	30	2.423	70.00	0.285
221.687	0.05	Adapter 2423Hz	30	2.423	70.00	0.285
221.767	0.05	Adapter 2423Hz	30	2.423	70.00	0.285
222.027	0.05	Adapter 2423Hz	30	2.423	70.00	0.285
222.107	0.05	Adapter 2423Hz	30	2.423	70.00	0.285
222.187	0.05	Adapter 2423Hz	30	2.423	70.00	0.285
222.267	0.05	Adapter 2423Hz	30	2.423	70.00	0.285
222.527	0.05	Adapter 2423Hz	30	2.423	70.00	0.285
222.607	0.05	Adapter 2423Hz	30	2.423	70.00	0.285
222.687	0.05	Adapter 2423Hz	30	2.423	70.00	0.285
222.767	0.05	Adapter 2423Hz	30	2.423	70.00	0.285
223.027	0.05	Adapter 2423Hz	30	2.423	70.00	0.285
223.107	0.05	Adapter 2423Hz	30	2.423	70.00	0.285
223.187	0.05	Adapter 2423Hz	30	2.423	70.00	0.285
223.267	0.05	Adapter 2423Hz	30	2.423	70.00	0.285
223.527	0.05	Adapter 2423Hz	30	2.423	70.00	0.285
223.607	0.05	Adapter 2423Hz	30	2.423	70.00	0.285
223.687	0.05	Adapter 2423Hz	30	2.423	70.00	0.285
223.767	0.05	Adapter 2423Hz	30	2.423	70.00	0.285
224.027	0.05	Adapter 2423Hz	30	2.423	70.00	0.285
224.107	0.05	Adapter 2423Hz	30	2.423	70.00	0.285
224.187	0.05	Adapter 2423Hz	30	2.423	70.00	0.285
224.267	0.05	Adapter 2423Hz	30	2.423	70.00	0.285
224.527	0.05	Adapter 2423Hz	30	2.423	70.00	0.285
224.607	0.05	Adapter 2423Hz	30	2.423	70.00	0.285
224.687	0.05	Adapter 2423Hz	30	2.423	70.00	0.285
224.767	0.05	Adapter 2423Hz	30	2.423	70.00	0.285
227.562	0.05	Adapter 1501Hz	31	1.501	70.00	0.186
227.642	0.05	Adapter 1501Hz	31	1.501	70.00	0.186
227.722	0.05	Adapter 1501Hz	31	1.501	70.00	0.186
227.802	0.05	Adapter 1501Hz	31	1.501	70.00	0.186
228.062	0.05	Adapter 1501Hz	31	1.501	70.00	0.186
228.142	0.05	Adapter 1501Hz	31	1.501	70.00	0.186
228.222	0.05	Adapter 1501Hz	31	1.501	70.00	0.186
228.302	0.05	Adapter 1501Hz	31	1.501	70.00	0.186
228.562	0.05	Adapter 1501Hz	31	1.501	70.00	0.186
228.642	0.05	Adapter 1501Hz	31	1.501	70.00	0.186
228.722	0.05	Adapter 1501Hz	31	1.501	70.00	0.186
228.802	0.05	Adapter 1501Hz	31	1.501	70.00	0.186
229.062	0.05	Adapter 1501Hz	31	1.501	70.00	0.186
229.142	0.05	Adapter 1501Hz	31	1.501	70.00	0.186
229.222	0.05	Adapter 1501Hz	31	1.501	70.00	0.186
229.302	0.05	Adapter 1501Hz	31	1.501	70.00	0.186
229.562	0.05	Adapter 1501Hz	31	1.501	70.00	0.186
229.642	0.05	Adapter 1501Hz	31	1.501	70.00	0.186
229.722	0.05	Adapter 1501Hz	31	1.501	70.00	0.186
229.802	0.05	Adapter 1501Hz	31	1.501	70.00	0.186
230.062	0.05	Adapter 1501Hz	31	1.501	70.00	0.186
230.142	0.05	Adapter 1501Hz	31	1.501	70.00	0.186
230.222	0.05	Adapter 1501Hz	31	1.501	70.00	0.186
230.302	0.05	Adapter 1501Hz	31	1.501	70.00	0.186
230.562	0.05	Adapter 1501Hz	31	1.501	70.00	0.186
230.642	0.05	Adapter 1501Hz	31	1.501	70.00	0.186
230.722	0.05	Adapter 1501Hz	31	1.501	70.00	0.186
230.802	0.05	Adapter 1501Hz	31	1.501	70.00	0.186
231.062	0.05	Adapter 1501Hz	31	1.501	70.00	0.186
231.142	0.05	Adapter 1501Hz	31	1.501	70.00	0.186
231.222	0.05	Adapter 1501Hz	31	1.501	70.00	0.186
231.302	0.05	Adapter 1501Hz	31	1.501	70.00	0.186
231.562	0.05	Adapter 1501Hz	31	1.501	70.00	0.186
231.642	0.05	Adapter 1501Hz	31	1.501	70.00	0.186
231.722	0.05	Adapter 1501Hz	31	1.501	70.00	0.186
231.802	0.05	Adapter 1501Hz	31	1.501	70.00	0.186
232.062	0.05	Adapter 1501Hz	31	1.501	70.00	0.186
232.142	0.05	Adapter 1501Hz	31	1.501	70.00	0.186
232.222	0.05	Adapter 1501Hz	31	1.501	70.00	0.186
232.302	0.05	Adapter 1501Hz	31	1.501	70.00	0.186
235.05	0.05	Adapter 3839Hz Probe 3839Hz	32	3.839	70.00	0.437
235.13	0.05	Adapter 3839Hz Probe 3839Hz	32	3.839	70.00	0.437
235.21	0.05	Adapter 3839Hz Probe 3839Hz	32	3.839	70.00	0.437
235.29	0.05	Adapter 3839Hz Probe 3839Hz	32	3.839	70.00	0.437
235.37	0.05	Adapter 3839Hz Probe 3839Hz	32	3.839	70.00	0.437
235.55	0.05	Adapter 3839Hz Probe 3839Hz	32	3.839	70.00	0.437
235.63	0.05	Adapter 3839Hz Probe 3839Hz	32	3.839	70.00	0.437
235.71	0.05	Adapter 3839Hz Probe 3839Hz	32	3.839	70.00	0.437
235.79	0.05	Adapter 3839Hz Probe 3839Hz	32	3.839	70.00	0.437
235.87	0.05	Adapter 3839Hz Probe 3839Hz	32	3.839	70.00	0.437
236.05	0.05	Adapter 3839Hz Probe 3839Hz	32	3.839	70.00	0.437
236.13	0.05	Adapter 3839Hz Probe 3839Hz	32	3.839	70.00	0.437
236.21	0.05	Adapter 3839Hz Probe 3839Hz	32	3.839	70.00	0.437
236.29	0.05	Adapter 3839Hz Probe 3839Hz	32	3.839	70.00	0.437
236.37	0.05	Adapter 3839Hz Probe 3839Hz	32	3.839	70.00	0.437
236.55	0.05	Adapter 3839Hz Probe 3839Hz	32	3.839	70.00	0.437
236.63	0.05	Adapter 3839Hz Probe 3839Hz	32	3.839	70.00	0.437
236.71	0.05	Adapter 3839Hz Probe 3839Hz	32	3.839	70.00	0.437
236.79	0.05	Adapter 3839Hz Probe 3839Hz	32	3.839	70.00	0.437
236.87	0.05	Adapter 3839Hz Probe 3839Hz	32	3.839	70.00	0.437
237.05	0.05	Adapter 3839Hz Probe 3839Hz	32	3.839	70.00	0.437
237.13	0.05	Adapter 3839Hz Probe 3839Hz	32	3.839	70.00	0.437
237.21	0.05	Adapter 3839Hz Probe 3839Hz	32	3.839	70.00	0.437
237.29	0.05	Adapter 3839Hz Probe 3839Hz	32	3.839	70.00	0.437
237.37	0.05	Adapter 3839Hz Probe 3839Hz	32	3.839	70.00	0.437
237.55	0.05	Adapter 3839Hz Probe 3839Hz	32	3.839	70.00	0.437
237.63	0.05	Adapter 3839Hz Probe 3839Hz	32	3.839	70.00	0.437
237.71	0.05	Adapter 3839Hz Probe 3839Hz	32	3.839	70.00	0.437
237.79	0.05	Adapter 3839Hz Probe 3839Hz	32	3.839	70.00	0.437
237.87	0.05	Adapter 3839Hz Probe 3839Hz	32	3.839	70.00	0.437
238.05	0.05	Adapter 3839Hz Probe 3839Hz	32	3.839	70.00	0.437
238.13	0.05	Adapter 3839Hz Probe 3839Hz	32	3.839	70.00	0.437
238.21	0.05	Adapter 3839Hz Probe 3839Hz	32	3.839	70.00	0.437
238.29	0.05	Adapter 3839Hz Probe 3839Hz	32	3.839	70.00	0.437
238.37	0.05	Adapter 3839Hz Probe 3839Hz	32	3.839	70.00	0.437
238.55	0.05	Adapter 3839Hz Probe 3839Hz	32	3.839	70.00	0.437
238.63	0.05	Adapter 3839Hz Probe 3839Hz	32	3.839	70.00	0.437
238.71	0.05	Adapter 3839Hz Probe 3839Hz	32	3.839	70.00	0.437
238.79	0.05	Adapter 3839Hz Probe 3839Hz	32	3.839	70.00	0.437
238.87	0.05	Adapter 3839Hz Probe 3839Hz	32	3.839	70.00	0.437
239.05	0.05	Adapter 3839Hz Probe 3839Hz	32	3.839	70.00	0.437
239.13	0.05	Adapter 3839Hz Probe 3839Hz	32	3.839	70.00	0.437
239.21	0.05	Adapter 3839Hz Probe 3839Hz	32	3.839	70.00	0.437
239.29	0.05	Adapter 3839Hz Probe 3839Hz	32	3.839	70.00	0.437
239.37	0.05	Adapter 3839Hz Probe 3839Hz	32	3.839	70.00	0.437
239.55	0.05	Adapter 3839Hz Probe 3839Hz	32	3.839	70.00	0.437
239.63	0.05	Adapter 3839Hz Probe 3839Hz	32	3.839	70.00	0.437
239.71	0.05	Adapter 3839Hz Probe 3839Hz	32	3.839	70.00	0.437
239.79	0.05	Adapter 3839Hz Probe 3839Hz	32	3.839	70.00	0.437
239.87	0.05	Adapter 3839Hz Probe 3839Hz	32	3.839	70.00	0.437
250.377	0.05	Probe 3839Hz	34	3.839	70.00	0.437
250.877	0.05	Probe 3839Hz	34	3.839	70.00	0.437
251.377	0.05	Probe 3839Hz	34	3.839	70.00	0.437
251.877	0.05	Probe 3839Hz	34	3.839	70.00	0.437
252.377	0.05	Probe 3839Hz	34	3.839	70.00	0.437
252.877	0.05	Probe 3839Hz	34	3.839	70.00	0.437
253.377	0.05	Probe 3839Hz	34	3.839	70.00	0.437
253.877	0.05	Probe 3839Hz	34	3.839	70.00	0.437
254.377	0.05	Probe 3839Hz	34	3.839	70.00	0.437
254.877	0.05	Probe 3839Hz	34	3.839	70.00	0.437
257.545	0.05	Adapter 1501Hz Probe 3839Hz	35	1.501	70.00	0.186
257.625	0.05	Adapter 1501Hz Probe 3839Hz	35	1.501	70.00	0.186
257.705	0.05	Adapter 1501Hz Probe 3839Hz	35	1.501	70.00	0.186
257.785	0.05	Adapter 1501Hz Probe 3839Hz	35	1.501	70.00	0.186
257.865	0.05	Adapter 1501Hz Probe 3839Hz	35	3.839	70.00	0.437
258.045	0.05	Adapter 1501Hz Probe 3839Hz	35	1.501	70.00	0.186
258.125	0.05	Adapter 1501Hz Probe 3839Hz	35	1.501	70.00	0.186
258.205	0.05	Adapter 1501Hz Probe 3839Hz	35	1.501	70.00	0.186
258.285	0.05	Adapter 1501Hz Probe 3839Hz	35	1.501	70.00	0.186
258.365	0.05	Adapter 1501Hz Probe 3839Hz	35	3.839	70.00	0.437
258.545	0.05	Adapter 1501Hz Probe 3839Hz	35	1.501	70.00	0.186
258.625	0.05	Adapter 1501Hz Probe 3839Hz	35	1.501	70.00	0.186
258.705	0.05	Adapter 1501Hz Probe 3839Hz	35	1.501	70.00	0.186
258.785	0.05	Adapter 1501Hz Probe 3839Hz	35	1.501	70.00	0.186
258.865	0.05	Adapter 1501Hz Probe 3839Hz	35	3.839	70.00	0.437
259.045	0.05	Adapter 1501Hz Probe 3839Hz	35	1.501	70.00	0.186
259.125	0.05	Adapter 1501Hz Probe 3839Hz	35	1.501	70.00	0.186
259.205	0.05	Adapter 1501Hz Probe 3839Hz	35	1.501	70.00	0.186
259.285	0.05	Adapter 1501Hz Probe 3839Hz	35	1.501	70.00	0.186
259.365	0.05	Adapter 1501Hz Probe 3839Hz	35	3.839	70.00	0.437
259.545	0.05	Adapter 1501Hz Probe 3839Hz	35	1.501	70.00	0.186
259.625	0.05	Adapter 1501Hz Probe 3839Hz	35	1.501	70.00	0.186
259.705	0.05	Adapter 1501Hz Probe 3839Hz	35	1.501	70.00	0.186
259.785	0.05	Adapter 1501Hz Probe 3839Hz	35	1.501	70.00	0.186
259.865	0.05	Adapter 1501Hz Probe 3839Hz	35	3.839	70.00	0.437
260.045	0.05	Adapter 1501Hz Probe 3839Hz	35	1.501	70.00	0.186
260.125	0.05	Adapter 1501Hz Probe 3839Hz	35	1.501	70.00	0.186
260.205	0.05	Adapter 1501Hz Probe 3839Hz	35	1.501	70.00	0.186
260.285	0.05	Adapter 1501Hz Probe 3839Hz	35	1.501	70.00	0.186
260.365	0.05	Adapter 1501Hz Probe 3839Hz	35	3.839	70.00	0.437
260.545	0.05	Adapter 1501Hz Probe 3839Hz	35	1.501	70.00	0.186
260.625	0.05	Adapter 1501Hz Probe 3839Hz	35	1.501	70.00	0.186
260.705	0.05	Adapter 1501Hz Probe 3839Hz	35	1.501	70.00	0.186
260.785	0.05	Adapter 1501Hz Probe 3839Hz	35	1.501	70.00	0.186
260.865	0.05	Adapter 1501Hz Probe 3839Hz	35	3.839	70.00	0.437
261.045	0.05	Adapter 1501Hz Probe 3839Hz	35	1.501	70.00	0.186
261.125	0.05	Adapter 1501Hz Probe 3839Hz	35	1.501	70.00	0.186
261.205	0.05	Adapter 1501Hz Probe 3839Hz	35	1.501	70.00	0.186
261.285	0.05	Adapter 1501Hz Probe 3839Hz	35	1.501	70.00	0.186
261.365	0.05	Adapter 1501Hz Probe 3839Hz	35	3.839	70.00	0.437
261.545	0.05	Adapter 1501Hz Probe 3839Hz	35	1.501	70.00	0.186
261.625	0.05	Adapter 1501Hz Probe 3839Hz	35	1.501	70.00	0.186
261.705	0.05	Adapter 1501Hz Probe 3839Hz	35	1.501	70.00	0.186
261.785	0.05	Adapter 1501Hz Probe 3839Hz	35	1.501	70.00	0.186
261.865	0.05	Adapter 1501Hz Probe 3839Hz	35	3.839	70.00	0.437
262.045	0.05	Adapter 1501Hz Probe 3839Hz	35	1.501	70.00	0.186
262.125	0.05	Adapter 1501Hz Probe 3839Hz	35	1.501	70.00	0.186
262.205	0.05	Adapter 1501Hz Probe 3839Hz	35	1.501	70.00	0.186
262.285	0.05	Adapter 1501Hz Probe 3839Hz	35	1.501	70.00	0.186
262.365	0.05	Adapter 1501Hz Probe 3839Hz	35	3.839	70.00	0.437
265.033	0.05	Adapter 899Hz Probe 3839Hz	36	0.899	70.00	0.121
265.113	0.05	Adapter 899Hz Probe 3839Hz	36	0.899	70.00	0.121
265.193	0.05	Adapter 899Hz Probe 3839Hz	36	0.899	70.00	0.121
265.273	0.05	Adapter 899Hz Probe 3839Hz	36	0.899	70.00	0.121
265.353	0.05	Adapter 899Hz Probe 3839Hz	36	3.839	70.00	0.437
265.533	0.05	Adapter 899Hz Probe 3839Hz	36	0.899	70.00	0.121
265.613	0.05	Adapter 899Hz Probe 3839Hz	36	0.899	70.00	0.121
265.693	0.05	Adapter 899Hz Probe 3839Hz	36	0.899	70.00	0.121
265.773	0.05	Adapter 899Hz Probe 3839Hz	36	0.899	70.00	0.121
265.853	0.05	Adapter 899Hz Probe 3839Hz	36	3.839	70.00	0.437
266.033	0.05	Adapter 899Hz Probe 3839Hz	36	0.899	70.00	0.121
266.113	0.05	Adapter 899Hz Probe 3839Hz	36	0.899	70.00	0.121
266.193	0.05	Adapter 899Hz Probe 3839Hz	36	0.899	70.00	0.121
266.273	0.05	Adapter 899Hz Probe 3839Hz	36	0.899	70.00	0.121
266.353	0.05	Adapter 899Hz Probe 3839Hz	36	3.839	70.00	0.437
266.533	0.05	Adapter 899Hz Probe 3839Hz	36	0.899	70.00	0.121
266.613	0.05	Adapter 899Hz Probe 3839Hz	36	0.899	70.00	0.121
266.693	0.05	Adapter 899Hz Probe 3839Hz	36	0.899	70.00	0.121
266.773	0.05	Adapter 899Hz Probe 3839Hz	36	0.899	70.00	0.121
266.853	0.05	Adapter 899Hz Probe 3839Hz	36	3.839	70.00	0.437
267.033	0.05	Adapter 899Hz Probe 3839Hz	36	0.899	70.00	0.121
267.113	0.05	Adapter 899Hz Probe 3839Hz	36	0.899	70.00	0.121
267.193	0.05	Adapter 899Hz Probe 3839Hz	36	0.899	70.00	0.121
267.273	0.05	Adapter 899Hz Probe 3839Hz	36	0.899	70.00	0.121
267.353	0.05	Adapter 899Hz Probe 3839Hz	36	3.839	70.00	0.437
267.533	0.05	Adapter 899Hz Probe 3839Hz	36	0.899	70.00	0.121
267.613	0.05	Adapter 899Hz Probe 3839Hz	36	0.899	70.00	0.121
267.693	0.05	Adapter 899Hz Probe 3839Hz	36	0.899	70.00	0.121
267.773	0.05	Adapter 899Hz Probe 3839Hz	36	0.899	70.00	0.121
267.853	0.05	Adapter 899Hz Probe 3839Hz	36	3.839	70.00	0.437
268.033	0.05	Adapter 899Hz Probe 3839Hz	36	0.899	70.00	0.121
268.113	0.05	Adapter 899Hz Probe 3839Hz	36	0.899	70.00	0.121
268.193	0.05	Adapter 899Hz Probe 3839Hz	36	0.899	70.00	0.121
268.273	0.05	Adapter 899Hz Probe 3839Hz	36	0.899	70.00	0.121
268.353	0.05	Adapter 899Hz Probe 3839Hz	36	3.839	70.00	0.437
268.533	0.05	Adapter 899Hz Probe 3839Hz	36	0.899	70.00	0.121
268.613	0.05	Adapter 899Hz Probe 3839Hz	36	0.899	70.00	0.121
268.693	0.05	Adapter 899Hz Probe 3839Hz	36	0.899	70.00	0.121
268.773	0.05	Adapter 899Hz Probe 3839Hz	36	0.899	70.00	0.121
268.853	0.05	Adapter 899Hz Probe 3839Hz	36	3.839	70.00	0.437
269.033	0.05	Adapter 899Hz Probe 3839Hz	36	0.899	70.00	0.121
269.113	0.05	Adapter 899Hz Probe 3839Hz	36	0.899	70.00	0.121
269.193	0.05	Adapter 899Hz Probe 3839Hz	36	0.899	70.00	0.121
269.273	0.05	Adapter 899Hz Probe 3839Hz	36	0.899	70.00	0.121
269.353	0.05	Adapter 899Hz Probe 3839Hz	36	3.839	70.00	0.437
269.533	0.05	Adapter 899Hz Probe 3839Hz	36	0.899	70.00	0.121
269.613	0.05	Adapter 899Hz Probe 3839Hz	36	0.899	70.00	0.121
269.693	0.05	Adapter 899Hz Probe 3839Hz	36	0.899	70.00	0.121
269.773	0.05	Adapter 899Hz Probe 3839Hz	36	0.899	70.00	0.121
269.853	0.05	Adapter 899Hz Probe 3839Hz	36	3.839	70.00	0.437
272.521	0.05	Adapter 507Hz	37	0.507	70.00	0.079
272.601	0.05	Adapter 507Hz	37	0.507	70.00	0.079
272.681	0.05	Adapter 507Hz	37	0.507	70.00	0.079
272.761	0.05	Adapter 507Hz	37	0.507	70.00	0.079
273.021	0.05	Adapter 507Hz	37	0.507	70.00	0.079
273.101	0.05	Adapter 507Hz	37	0.507	70.00	0.079
273.181	0.05	Adapter 507Hz	37	0.507	70.00	0.079
273.261	0.05	Adapter 507Hz	37	0.507	70.00	0.079
273.521	0.05	Adapter 507Hz	37	0.507	70.00	0.079
273.601	0.05	Adapter 507Hz	37	0.507	70.00	0.079
273.681	0.05	Adapter 507Hz	37	0.507	70.00	0.079
273.761	0.05	Adapter 507Hz	37	0.507	70.00	0.079
274.021	0.05	Adapter 507Hz	37	0.507	70.00	0.079
274.101	0.05	Adapter 507Hz	37	0.507	70.00	0.079
274.181	0.05	Adapter 507Hz	37	0.507	70.00	0.079
274.261	0.05	Adapter 507Hz	37	0.507	70.00	0.079
274.521	0.05	Adapter 507Hz	37	0.507	70.00	0.079
274.601	0.05	Adapter 507Hz	37	0.507	70.00	0.079
274.681	0.05	Adapter 507Hz	37	0.507	70.00	0.079
274.761	0.05	Adapter 507Hz	37	0.507	70.00	0.079
275.021	0.05	Adapter 507Hz	37	0.507	70.00	0.079
275.101	0.05	Adapter 507Hz	37	0.507	70.00	0.079
275.181	0.05	Adapter 507Hz	37	0.507	70.00	0.079
275.261	0.05	Adapter 507Hz	37	0.507	70.00	0.079
275.521	0.05	Adapter 507Hz	37	0.507	70.00	0.079
275.601	0.05	Adapter 507Hz	37	0.507	70.00	0.079
275.681	0.05	Adapter 507Hz	37	0.507	70.00	0.079
275.761	0.05	Adapter 507Hz	37	0.507	70.00	0.079
276.021	0.05	Adapter 507Hz	37	0.507	70.00	0.079
276.101	0.05	Adapter 507Hz	37	0.507	70.00	0.079
276.181	0.05	Adapter 507Hz	37	0.507	70.00	0.079
276.261	0.05	Adapter 507Hz	37	0.507	70.00	0.079
276.521	0.05	Adapter 507Hz	37	0.507	70.00	0.079
276.601	0.05	Adapter 507Hz	37	0.507	70.00	0.079
276.681	0.05	Adapter 507Hz	37	0.507	70.00	0.079
276.761	0.05	Adapter 507Hz	37	0.507	70.00	0.079
277.021	0.05	Adapter 507Hz	37	0.507	70.00	0.079
277.101	0.05	Adapter 507Hz	37	0.507	70.00	0.079
277.181	0.05	Adapter 507Hz	37	0.507	70.00	0.079
277.261	0.05	Adapter 507Hz	37	0.507	70.00	0.079
280.009	0.05	Adapter 3839Hz Probe 3839Hz	38	3.839	70.00	0.437
280.089	0.05	Adapter 3839Hz Probe 3839Hz	38	3.839	70.00	0.437
280.169	0.05	Adapter 3839Hz Probe 3839Hz	38	3.839	70.00	0.437
280.249	0.05	Adapter 3839Hz Probe 3839Hz	38	3.839	70.00	0.437
280.329	0.05	Adapter 3839Hz Probe 3839Hz	38	3.839	70.00	0.437
280.509	0.05	Adapter 3839Hz Probe 3839Hz	38	3.839	70.00	0.437
280.589	0.05	Adapter 3839Hz Probe 3839Hz	38	3.839	70.00	0.437
280.669	0.05	Adapter 3839Hz Probe 3839Hz	38	3.839	70.00	0.437
280.749	0.05	Adapter 3839Hz Probe 3839Hz	38	3.839	70.00	0.437
280.829	0.05	Adapter 3839Hz Probe 3839Hz	38	3.839	70.00	0.437
281.009	0.05	Adapter 3839Hz Probe 3839Hz	38	3.839	70.00	0.437
281.089	0.05	Adapter 3839Hz Probe 3839Hz	38	3.839	70.00	0.437
281.169	0.05	Adapter 3839Hz Probe 3839Hz	38	3.839	70.00	0.437
281.249	0.05	Adapter 3839Hz Probe 3839Hz	38	3.839	70.00	0.437
281.329	0.05	Adapter 3839Hz Probe 3839Hz	38	3.839	70.00	0.437
281.509	0.05	Adapter 3839Hz Probe 3839Hz	38	3.839	70.00	0.437
281.589	0.05	Adapter 3839Hz Probe 3839Hz	38	3.839	70.00	0.437
281.669	0.05	Adapter 3839Hz Probe 3839Hz	38	3.839	70.00	0.437
281.749	0.05	Adapter 3839Hz Probe 3839Hz	38	3.839	70.00	0.437
281.829	0.05	Adapter 3839Hz Probe 3839Hz	38	3.839	70.00	0.437
282.009	0.05	Adapter 3839Hz Probe 3839Hz	38	3.839	70.00	0.437
282.089	0.05	Adapter 3839Hz Probe 3839Hz	38	3.839	70.00	0.437
282.169	0.05	Adapter 3839Hz Probe 3839Hz	38	3.839	70.00	0.437
282.249	0.05	Adapter 3839Hz Probe 3839Hz	38	3.839	70.00	0.437
282.329	0.05	Adapter 3839Hz Probe 3839Hz	38	3.839	70.00	0.437
282.509	0.05	Adapter 3839Hz Probe 3839Hz	38	3.839	70.00	0.437
282.589	0.05	Adapter 3839Hz Probe 3839Hz	38	3.839	70.00	0.437
282.669	0.05	Adapter 3839Hz Probe 3839Hz	38	3.839	70.00	0.437
282.749	0.05	Adapter 3839Hz Probe 3839Hz	38	3.839	70.00	0.437
282.829	0.05	Adapter 3839Hz Probe 3839Hz	38	3.839	70.00	0.437
283.009	0.05	Adapter 3839Hz Probe 3839Hz	38	3.839	70.00	0.437
283.089	0.05	Adapter 3839Hz Probe 3839Hz	38	3.839	70.00	0.437
283.169	0.05	Adapter 3839Hz Probe 3839Hz	38	3.839	70.00	0.437
283.249	0.05	Adapter 3839Hz Probe 3839Hz	38	3.839	70.00	0.437
283.329	0.05	Adapter 3839Hz Probe 3839Hz	38	3.839	70.00	0.437
283.509	0.05	Adapter 3839Hz Probe 3839Hz	38	3.839	70.00	0.437
283.589	0.05	Adapter 3839Hz Probe 3839Hz	38	3.839	70.00	0.437
283.669	0.05	Adapter 3839Hz Probe 3839Hz	38	3.839	70.00	0.437
283.749	0.05	Adapter 3839Hz Probe 3839Hz	38	3.839	70.00	0.437
283.829	0.05	Adapter 3839Hz Probe 3839Hz	38	3.839	70.00	0.437
284.009	0.05	Adapter 3839Hz Probe 3839Hz	38	3.839	70.00	0.437
284.089	0.05	Adapter 3839Hz Probe 3839Hz	38	3.839	70.00	0.437
284.169	0.05	Adapter 3839Hz Probe 3839Hz	38	3.839	70.00	0.437
284.249	0.05	Adapter 3839Hz Probe 3839Hz	38	3.839	70.00	0.437
284.329	0.05	Adapter 3839Hz Probe 3839Hz	38	3.839	70.00	0.437
284.509	0.05	Adapter 3839Hz Probe 3839Hz	38	3.839	70.00	0.437
284.589	0.05	Adapter 3839Hz Probe 3839Hz	38	3.839	70.00	0.437
284.669	0.05	Adapter 3839Hz Probe 3839Hz	38	3.839	70.00	0.437
284.749	0.05	Adapter 3839Hz Probe 3839Hz	38	3.839	70.00	0.437
284.829	0.05	Adapter 3839Hz Probe 3839Hz	38	3.839	70.00	0.437
295.048	0.05	Adapter 2423Hz Probe 3839Hz	40	2.423	70.00	0.285
295.128	0.05	Adapter 2423Hz Probe 3839Hz	40	2.423	70.00	0.285
295.208	0.05	Adapter 2423Hz Probe 3839Hz	40	2.423	70.00	0.285
295.288	0.05	Adapter 2423Hz Probe 3839Hz	40	2.423	70.00	0.285
295.368	0.05	Adapter 2423Hz Probe 3839Hz	40	3.839	70.00	0.437
295.548	0.05	Adapter 2423Hz Probe 3839Hz	40	2.423	70.00	0.285
295.628	0.05	Adapter 2423Hz Probe 3839Hz	40	2.423	70.00	0.285
295.708	0.05	Adapter 2423Hz Probe 3839Hz	40	2.423	70.00	0.285
295.788	0.05	Adapter 2423Hz Probe 3839Hz	40	2.423	70.00	0.285
295.868	0.05	Adapter 2423Hz Probe 3839Hz	40	3.839	70.00	0.437
296.048	0.05	Adapter 2423Hz Probe 3839Hz	40	2.423	70.00	0.285
296.128	0.05	Adapter 2423Hz Probe 3839Hz	40	2.423	70.00	0.285
296.208	0.05	Adapter 2423Hz Probe 3839Hz	40	2.423	70.00	0.285
296.288	0.05	Adapter 2423Hz Probe 3839Hz	40	2.423	70.00	0.285
296.368	0.05	Adapter 2423Hz Probe 3839Hz	40	3.839	70.00	0.437
296.548	0.05	Adapter 2423Hz Probe 3839Hz	40	2.423	70.00	0.285
296.628	0.05	Adapter 2423Hz Probe 3839Hz	40	2.423	70.00	0.285
296.708	0.05	Adapter 2423Hz Probe 3839Hz	40	2.423	70.00	0.285
296.788	0.05	Adapter 2423Hz Probe 3839Hz	40	2.423	70.00	0.285
296.868	0.05	Adapter 2423Hz Probe 3839Hz	40	3.839	70.00	0.437
297.048	0.05	Adapter 2423Hz Probe 3839Hz	40	2.423	70.00	0.285
297.128	0.05	Adapter 2423Hz Probe 3839Hz	40	2.423	70.00	0.285
297.208	0.05	Adapter 2423Hz Probe 3839Hz	40	2.423	70.00	0.285
297.288	0.05	Adapter 2423Hz Probe 3839Hz	40	2.423	70.00	0.285
297.368	0.05	Adapter 2423Hz Probe 3839Hz	40	3.839	70.00	0.437
297.548	0.05	Adapter 2423Hz Probe 3839Hz	40	2.423	70.00	0.285
297.628	0.05	Adapter 2423Hz Probe 3839Hz	40	2.423	70.00	0.285
297.708	0.05	Adapter 2423Hz Probe 3839Hz	40	2.423	70.00	0.285
297.788	0.05	Adapter 2423Hz Probe 3839Hz	40	2.423	70.00	0.285
297.868	0.05	Adapter 2423Hz Probe 3839Hz	40	3.839	70.00	0.437
298.048	0.05	Adapter 2423Hz Probe 3839Hz	40	2.423	70.00	0.285
298.128	0.05	Adapter 2423Hz Probe 3839Hz	40	2.423	70.00	0.285
298.208	0.05	Adapter 2423Hz Probe 3839Hz	40	2.423	70.00	0.285
298.288	0.05	Adapter 2423Hz Probe 3839Hz	40	2.423	70.00	0.285
298.368	0.05	Adapter 2423Hz Probe 3839Hz	40	3.839	70.00	0.437
298.548	0.05	Adapter 2423Hz Probe 3839Hz	40	2.423	70.00	0.285
298.628	0.05	Adapter 2423Hz Probe 3839Hz	40	2.423	70.00	0.285
298.708	0.05	Adapter 2423Hz Probe 3839Hz	40	2.423	70.00	0.285
298.788	0.05	Adapter 2423Hz Probe 3839Hz	40	2.423	70.00	0.285
298.868	0.05	Adapter 2423Hz Probe 3839Hz	40	3.839	70.00	0.437
299.048	0.05	Adapter 2423Hz Probe 3839Hz	40	2.423	70.00	0.285
299.128	0.05	Adapter 2423Hz Probe 3839Hz	40	2.423	70.00	0.285
299.208	0.05	Adapter 2423Hz Probe 3839Hz	40	2.423	70.00	0.285
299.288	0.05	Adapter 2423Hz Probe 3839Hz	40	2.423	70.00	0.285
299.368	0.05	Adapter 2423Hz Probe 3839Hz	40	3.839	70.00	0.437
299.548	0.05	Adapter 2423Hz Probe 3839Hz	40	2.423	70.00	0.285
299.628	0.05	Adapter 2423Hz Probe 3839Hz	40	2.423	70.00	0.285
299.708	0.05	Adapter 2423Hz Probe 3839Hz	40	2.423	70.00	0.285
299.788	0.05	Adapter 2423Hz Probe 3839Hz	40	2.423	70.00	0.285
299.868	0.05	Adapter 2423Hz Probe 3839Hz	40	3.839	70.00	0.437
302.52	0.05	Adapter 2423Hz	41	2.423	70.00	0.285
302.6	0.05	Adapter 2423Hz	41	2.423	70.00	0.285
302.68	0.05	Adapter 2423Hz	41	2.423	70.00	0.285
302.76	0.05	Adapter 2423Hz	41	2.423	70.00	0.285
303.02	0.05	Adapter 2423Hz	41	2.423	70.00	0.285
303.1	0.05	Adapter 2423Hz	41	2.423	70.00	0.285
303.18	0.05	Adapter 2423Hz	41	2.423	70.00	0.285
303.26	0.05	Adapter 2423Hz	41	2.423	70.00	0.285
303.52	0.05	Adapter 2423Hz	41	2.423	70.00	0.285
303.6	0.05	Adapter 2423Hz	41	2.423	70.00	0.285
303.68	0.05	Adapter 2423Hz	41	2.423	70.00	0.285
303.76	0.05	Adapter 2423Hz	41	2.423	70.00	0.285
304.02	0.05	Adapter 2423Hz	41	2.423	70.00	0.285
304.1	0.05	Adapter 2423Hz	41	2.423	70.00	0.285
304.18	0.05	Adapter 2423Hz	41	2.423	70.00	0.285
304.26	0.05	Adapter 2423Hz	41	2.423	70.00	0.285
304.52	0.05	Adapter 2423Hz	41	2.423	70.00	0.285
304.6	0.05	Adapter 2423Hz	41	2.423	70.00	0.285
304.68	0.05	Adapter 2423Hz	41	2.423	70.00	0.285
304.76	0.05	Adapter 2423Hz	41	2.423	70.00	0.285
305.02	0.05	Adapter 2423Hz	41	2.423	70.00	0.285
305.1	0.05	Adapter 2423Hz	41	2.423	70.00	0.285
305.18	0.05	Adapter 2423Hz	41	2.423	70.00	0.285
305.26	0.05	Adapter 2423Hz	41	2.423	70.00	0.285
305.52	0.05	Adapter 2423Hz	41	2.423	70.00	0.285
305.6	0.05	Adapter 2423Hz	41	2.423	70.00	0.285
305.68	0.05	Adapter 2423Hz	41	2.423	70.00	0.285
305.76	0.05	Adapter 2423Hz	41	2.423	70.00	0.285
306.02	0.05	Adapter 2423Hz	41	2.423	70.00	0.285
306.1	0.05	Adapter 2423Hz	41	2.423	70.00	0.285
306.18	0.05	Adapter 2423Hz	41	2.423	70.00	0.285
306.26	0.05	Adapter 2423Hz	41	2.423	70.00	0.285
306.52	0.05	Adapter 2423Hz	41	2.423	70.00	0.285
306.6	0.05	Adapter 2423Hz	41	2.423	70.00	0.285
306.68	0.05	Adapter 2423Hz	41	2.423	70.00	0.285
306.76	0.05	Adapter 2423Hz	41	2.423	70.00	0.285
307.02	0.05	Adapter 2423Hz	41	2.423	70.00	0.285
307.1	0.05	Adapter 2423Hz	41	2.423	70.00	0.285
307.18	0.05	Adapter 2423Hz	41	2.423	70.00	0.285
307.26	0.05	Adapter 2423Hz	41	2.423	70.00	0.285
317.559	0.05	Adapter 3839Hz	43	3.839	70.00	0.437
317.639	0.05	Adapter 3839Hz	43	3.839	70.00	0.437
317.719	0.05	Adapter 3839Hz	43	3.839	70.00	0.437
317.799	0.05	Adapter 3839Hz	43	3.839	70.00	0.437
318.059	0.05	Adapter 3839Hz	43	3.839	70.00	0.437
318.139	0.05	Adapter 3839Hz	43	3.839	70.00	0.437
318.219	0.05	Adapter 3839Hz	43	3.839	70.00	0.437
318.299	0.05	Adapter 3839Hz	43	3.839	70.00	0.437
318.559	0.05	Adapter 3839Hz	43	3.839	70.00	0.437
318.639	0.05	Adapter 3839Hz	43	3.839	70.00	0.437
318.719	0.05	Adapter 3839Hz	43	3.839	70.00	0.437
318.799	0.05	Adapter 3839Hz	43	3.839	70.00	0.437
319.059	0.05	Adapter 3839Hz	43	3.839	70.00	0.437
319.139	0.05	Adapter 3839Hz	43	3.839	70.00	0.437
319.219	0.05	Adapter 3839Hz	43	3.839	70.00	0.437
319.299	0.05	Adapter 3839Hz	43	3.839	70.00	0.437
319.559	0.05	Adapter 3839Hz	43	3.839	70.00	0.437
319.639	0.05	Adapter 3839Hz	43	3.839	70.00	0.437
319.719	0.05	Adapter 3839Hz	43	3.839	70.00	0.437
319.799	0.05	Adapter 3839Hz	43	3.839	70.00	0.437
320.059	0.05	Adapter 3839Hz	43	3.839	70.00	0.437
320.139	0.05	Adapter 3839Hz	43	3.839	70.00	0.437
320.219	0.05	Adapter 3839Hz	43	3.839	70.00	0.437
320.299	0.05	Adapter 3839Hz	43	3.839	70.00	0.437
320.559	0.05	Adapter 3839Hz	43	3.839	70.00	0.437
320.639	0.05	Adapter 3839Hz	43	3.839	70.00	0.437
320.719	0.05	Adapter 3839Hz	43	3.839	70.00	0.437
320.799	0.05	Adapter 3839Hz	43	3.839	70.00	0.437
321.059	0.05	Adapter 3839Hz	43	3.839	70.00	0.437
321.139	0.05	Adapter 3839Hz	43	3.839	70.00	0.437
321.219	0.05	Adapter 3839Hz	43	3.839	70.00	0.437
321.299	0.05	Adapter 3839Hz	43	3.839	70.00	0.437
321.559	0.05	Adapter 3839Hz	43	3.839	70.00	0.437
321.639	0.05	Adapter 3839Hz	43	3.839	70.00	0.437
321.719	0.05	Adapter 3839Hz	43	3.839	70.00	0.437
321.799	0.05	Adapter 3839Hz	43	3.839	70.00	0.437
322.059	0.05	Adapter 3839Hz	43	3.839	70.00	0.437
322.139	0.05	Adapter 3839Hz	43	3.839	70.00	0.437
322.219	0.05	Adapter 3839Hz	43	3.839	70.00	0.437
322.299	0.05	Adapter 3839Hz	43	3.839	70.00	0.437
325.047	0.05	Adapter 507Hz Probe 3839Hz	44	0.507	70.00	0.079
325.127	0.05	Adapter 507Hz Probe 3839Hz	44	0.507	70.00	0.079
325.207	0.05	Adapter 507Hz Probe 3839Hz	44	0.507	70.00	0.079
325.287	0.05	Adapter 507Hz Probe 3839Hz	44	0.507	70.00	0.079
325.367	0.05	Adapter 507Hz Probe 3839Hz	44	3.839	70.00	0.437
325.547	0.05	Adapter 507Hz Probe 3839Hz	44	0.507	70.00	0.079
325.627	0.05	Adapter 507Hz Probe 3839Hz	44	0.507	70.00	0.079
325.707	0.05	Adapter 507Hz Probe 3839Hz	44	0.507	70.00	0.079
325.787	0.05	Adapter 507Hz Probe 3839Hz	44	0.507	70.00	0.079
325.867	0.05	Adapter 507Hz Probe 3839Hz	44	3.839	70.00	0.437
326.047	0.05	Adapter 507Hz Probe 3839Hz	44	0.507	70.00	0.079
326.127	0.05	Adapter 507Hz Probe 3839Hz	44	0.507	70.00	0.079
326.207	0.05	Adapter 507Hz Probe 3839Hz	44	0.507	70.00	0.079
326.287	0.05	Adapter 507Hz Probe 3839Hz	44	0.507	70.00	0.079
326.367	0.05	Adapter 507Hz Probe 3839Hz	44	3.839	70.00	0.437
326.547	0.05	Adapter 507Hz Probe 3839Hz	44	0.507	70.00	0.079
326.627	0.05	Adapter 507Hz Probe 3839Hz	44	0.507	70.00	0.079
326.707	0.05	Adapter 507Hz Probe 3839Hz	44	0.507	70.00	0.079
326.787	0.05	Adapter 507Hz Probe 3839Hz	44	0.507	70.00	0.079
326.867	0.05	Adapter 507Hz Probe 3839Hz	44	3.839	70.00	0.437
327.047	0.05	Adapter 507Hz Probe 3839Hz	44	0.507	70.00	0.079
327.127	0.05	Adapter 507Hz Probe 3839Hz	44	0.507	70.00	0.079
327.207	0.05	Adapter 507Hz Probe 3839Hz	44	0.507	70.00	0.079
327.287	0.05	Adapter 507Hz Probe 3839Hz	44	0.507	70.00	0.079
327.367	0.05	Adapter 507Hz Probe 3839Hz	44	3.839	70.00	0.437
327.547	0.05	Adapter 507Hz Probe 3839Hz	44	0.507	70.00	0.079
327.627	0.05	Adapter 507Hz Probe 3839Hz	44	0.507	70.00	0.079
327.707	0.05	Adapter 507Hz Probe 3839Hz	44	0.507	70.00	0.079
327.787	0.05	Adapter 507Hz Probe 3839Hz	44	0.507	70.00	0.079
327.867	0.05	Adapter 507Hz Probe 3839Hz	44	3.839	70.00	0.437
328.047	0.05	Adapter 507Hz Probe 3839Hz	44	0.507	70.00	0.079
328.127	0.05	Adapter 507Hz Probe 3839Hz	44	0.507	70.00	0.079
328.207	0.05	Adapter 507Hz Probe 3839Hz	44	0.507	70.00	0.079
328.287	0.05	Adapter 507Hz Probe 3839Hz	44	0.507	70.00	0.079
328.367	0.05	Adapter 507Hz Probe 3839Hz	44	3.839	70.00	0.437
328.547	0.05	Adapter 507Hz Probe 3839Hz	44	0.507	70.00	0.079
328.627	0.05	Adapter 507Hz Probe 3839Hz	44	0.507	70.00	0.079
328.707	0.05	Adapter 507Hz Probe 3839Hz	44	0.507	70.00	0.079
328.787	0.05	Adapter 507Hz Probe 3839Hz	44	0.507	70.00	0.079
328.867	0.05	Adapter 507Hz Probe 3839Hz	44	3.839	70.00	0.437
329.047	0.05	Adapter 507Hz Probe 3839Hz	44	0.507	70.00	0.079
329.127	0.05	Adapter 507Hz Probe 3839Hz	44	0.507	70.00	0.079
329.207	0.05	Adapter 507Hz Probe 3839Hz	44	0.507	70.00	0.079
329.287	0.05	Adapter 507Hz Probe 3839Hz	44	0.507	70.00	0.079
329.367	0.05	Adapter 507Hz Probe 3839Hz	44	3.839	70.00	0.437
329.547	0.05	Adapter 507Hz Probe 3839Hz	44	0.507	70.00	0.079
329.627	0.05	Adapter 507Hz Probe 3839Hz	44	0.507	70.00	0.079
329.707	0.05	Adapter 507Hz Probe 3839Hz	44	0.507	70.00	0.079
329.787	0.05	Adapter 507Hz Probe 3839Hz	44	0.507	70.00	0.079
329.867	0.05	Adapter 507Hz Probe 3839Hz	44	3.839	70.00	0.437
332.519	0.05	Adapter 251Hz	45	0.251	70.00	0.052
332.599	0.05	Adapter 251Hz	45	0.251	70.00	0.052
332.679	0.05	Adapter 251Hz	45	0.251	70.00	0.052
332.759	0.05	Adapter 251Hz	45	0.251	70.00	0.052
333.019	0.05	Adapter 251Hz	45	0.251	70.00	0.052
333.099	0.05	Adapter 251Hz	45	0.251	70.00	0.052
333.179	0.05	Adapter 251Hz	45	0.251	70.00	0.052
333.259	0.05	Adapter 251Hz	45	0.251	70.00	0.052
333.519	0.05	Adapter 251Hz	45	0.251	70.00	0.052
333.599	0.05	Adapter 251Hz	45	0.251	70.00	0.052
333.679	0.05	Adapter 251Hz	45	0.251	70.00	0.052
333.759	0.05	Adapter 251Hz	45	0.251	70.00	0.052
334.019	0.05	Adapter 251Hz	45	0.251	70.00	0.052
334.099	0.05	Adapter 251Hz	45	0.251	70.00	0.052
334.179	0.05	Adapter 251Hz	45	0.251	70.00	0.052
334.259	0.05	Adapter 251Hz	45	0.251	70.00	0.052
334.519	0.05	Adapter 251Hz	45	0.251	70.00	0.052
334.599	0.05	Adapter 251Hz	45	0.251	70.00	0.052
334.679	0.05	Adapter 251Hz	45	0.251	70.00	0.052
334.759	0.05	Adapter 251Hz	45	0.251	70.00	0.052
335.019	0.05	Adapter 251Hz	45	0.251	70.00	0.052
335.099	0.05	Adapter 251Hz	45	0.251	70.00	0.052
335.179	0.05	Adapter 251Hz	45	0.251	70.00	0.052
335.259	0.05	Adapter 251Hz	45	0.251	70.00	0.052
335.519	0.05	Adapter 251Hz	45	0.251	70.00	0.052
335.599	0.05	Adapter 251Hz	45	0.251	70.00	0.052
335.679	0.05	Adapter 251Hz	45	0.251	70.00	0.052
335.759	0.05	Adapter 251Hz	45	0.251	70.00	0.052
336.019	0.05	Adapter 251Hz	45	0.251	70.00	0.052
336.099	0.05	Adapter 251Hz	45	0.251	70.00	0.052
336.179	0.05	Adapter 251Hz	45	0.251	70.00	0.052
336.259	0.05	Adapter 251Hz	45	0.251	70.00	0.052
336.519	0.05	Adapter 251Hz	45	0.251	70.00	0.052
336.599	0.05	Adapter 251Hz	45	0.251	70.00	0.052
336.679	0.05	Adapter 251Hz	45	0.251	70.00	0.052
336.759	0.05	Adapter 251Hz	45	0.251	70.00	0.052
337.019	0.05	Adapter 251Hz	45	0.251	70.00	0.052
337.099	0.05	Adapter 251Hz	45	0.251	70.00	0.052
337.179	0.05	Adapter 251Hz	45	0.251	70.00	0.052
337.259	0.05	Adapter 251Hz	45	0.251	70.00	0.052
340.007	0.05	Adapter 6009Hz	46	6.009	70.00	0.671
340.087	0.05	Adapter 6009Hz	46	6.009	70.00	0.671
340.167	0.05	Adapter 6009Hz	46	6.009	70.00	0.671
340.247	0.05	Adapter 6009Hz	46	6.009	70.00	0.671
340.507	0.05	Adapter 6009Hz	46	6.009	70.00	0.671
340.587	0.05	Adapter 6009Hz	46	6.009	70.00	0.671
340.667	0.05	Adapter 6009Hz	46	6.009	70.00	0.671
340.747	0.05	Adapter 6009Hz	46	6.009	70.00	0.671
341.007	0.05	Adapter 6009Hz	46	6.009	70.00	0.671
341.087	0.05	Adapter 6009Hz	46	6.009	70.00	0.671
341.167	0.05	Adapter 6009Hz	46	6.009	70.00	0.671
341.247	0.05	Adapter 6009Hz	46	6.009	70.00	0.671
341.507	0.05	Adapter 6009Hz	46	6.009	70.00	0.671
341.587	0.05	Adapter 6009Hz	46	6.009	70.00	0.671
341.667	0.05	Adapter 6009Hz	46	6.009	70.00	0.671
341.747	0.05	Adapter 6009Hz	46	6.009	70.00	0.671
342.007	0.05	Adapter 6009Hz	46	6.009	70.00	0.671
342.087	0.05	Adapter 6009Hz	46	6.009	70.00	0.671
342.167	0.05	Adapter 6009Hz	46	6.009	70.00	0.671
342.247	0.05	Adapter 6009Hz	46	6.009	70.00	0.671
342.507	0.05	Adapter 6009Hz	46	6.009	70.00	0.671
342.587	0.05	Adapter 6009Hz	46	6.009	70.00	0.671
342.667	0.05	Adapter 6009Hz	46	6.009	70.00	0.671
342.747	0.05	Adapter 6009Hz	46	6.009	70.00	0.671
343.007	0.05	Adapter 6009Hz	46	6.009	70.00	0.671
343.087	0.05	Adapter 6009Hz	46	6.009	70.00	0.671
343.167	0.05	Adapter 6009Hz	46	6.009	70.00	0.671
343.247	0.05	Adapter 6009Hz	46	6.009	70.00	0.671
343.507	0.05	Adapter 6009Hz	46	6.009	70.00	0.671
343.587	0.05	Adapter 6009Hz	46	6.009	70.00	0.671
343.667	0.05	Adapter 6009Hz	46	6.009	70.00	0.671
343.747	0.05	Adapter 6009Hz	46	6.009	70.00	0.671
344.007	0.05	Adapter 6009Hz	46	6.009	70.00	0.671
344.087	0.05	Adapter 6009Hz	46	6.009	70.00	0.671
344.167	0.05	Adapter 6009Hz	46	6.009	70.00	0.671
344.247	0.05	Adapter 6009Hz	46	6.009	70.00	0.671
344.507	0.05	Adapter 6009Hz	46	6.009	70.00	0.671
344.587	0.05	Adapter 6009Hz	46	6.009	70.00	0.671
344.667	0.05	Adapter 6009Hz	46	6.009	70.00	0.671
344.747	0.05	Adapter 6009Hz	46	6.009	70.00	0.671
347.557	0.05	Adapter 899Hz	47	0.899	70.00	0.121
347.637	0.05	Adapter 899Hz	47	0.899	70.00	0.121
347.717	0.05	Adapter 899Hz	47	0.899	70.00	0.121
347.797	0.05	Adapter 899Hz	47	0.899	70.00	0.121
348.057	0.05	Adapter 899Hz	47	0.899	70.00	0.121
348.137	0.05	Adapter 899Hz	47	0.899	70.00	0.121
348.217	0.05	Adapter 899Hz	47	0.899	70.00	0.121
348.297	0.05	Adapter 899Hz	47	0.899	70.00	0.121
348.557	0.05	Adapter 899Hz	47	0.899	70.00	0.121
348.637	0.05	Adapter 899Hz	47	0.899	70.00	0.121
348.717	0.05	Adapter 899Hz	47	0.899	70.00	0.121
348.797	0.05	Adapter 899Hz	47	0.899	70.00	0.121
349.057	0.05	Adapter 899Hz	47	0.899	70.00	0.121
349.137	0.05	Adapter 899Hz	47	0.899	70.00	0.121
349.217	0.05	Adapter 899Hz	47	0.899	70.00	0.121
349.297	0.05	Adapter 899Hz	47	0.899	70.00	0.121
349.557	0.05	Adapter 899Hz	47	0.899	70.00	0.121
349.637	0.05	Adapter 899Hz	47	0.899	70.00	0.121
349.717	0.05	Adapter 899Hz	47	0.899	70.00	0.121
349.797	0.05	Adapter 899Hz	47	0.899	70.00	0.121
350.057	0.05	Adapter 899Hz	47	0.899	70.00	0.121
350.137	0.05	Adapter 899Hz	47	0.899	70.00	0.121
350.217	0.05	Adapter 899Hz	47	0.899	70.00	0.121
350.297	0.05	Adapter 899Hz	47	0.899	70.00	0.121
350.557	0.05	Adapter 899Hz	47	0.899	70.00	0.121
350.637	0.05	Adapter 899Hz	47	0.899	70.00	0.121
350.717	0.05	Adapter 899Hz	47	0.899	70.00	0.121
350.797	0.05	Adapter 899Hz	47	0.899	70.00	0.121
351.057	0.05	Adapter 899Hz	47	0.899	70.00	0.121
351.137	0.05	Adapter 899Hz	47	0.899	70.00	0.121
351.217	0.05	Adapter 899Hz	47	0.899	70.00	0.121
351.297	0.05	Adapter 899Hz	47	0.899	70.00	0.121
351.557	0.05	Adapter 899Hz	47	0.899	70.00	0.121
351.637	0.05	Adapter 899Hz	47	0.899	70.00	0.121
351.717	0.05	Adapter 899Hz	47	0.899	70.00	0.121
351.797	0.05	Adapter 899Hz	47	0.899	70.00	0.121
352.057	0.05	Adapter 899Hz	47	0.899	70.00	0.121
352.137	0.05	Adapter 899Hz	47	0.899	70.00	0.121
352.217	0.05	Adapter 899Hz	47	0.899	70.00	0.121
352.297	0.05	Adapter 899Hz	47	0.899	70.00	0.121
355.03	0.05	Adapter 1501Hz	48	1.501	70.00	0.186
355.11	0.05	Adapter 1501Hz	48	1.501	70.00	0.186
355.19	0.05	Adapter 1501Hz	48	1.501	70.00	0.186
355.27	0.05	Adapter 1501Hz	48	1.501	70.00	0.186
355.53	0.05	Adapter 1501Hz	48	1.501	70.00	0.186
355.61	0.05	Adapter 1501Hz	48	1.501	70.00	0.186
355.69	0.05	Adapter 1501Hz	48	1.501	70.00	0.186
355.77	0.05	Adapter 1501Hz	48	1.501	70.00	0.186
356.03	0.05	Adapter 1501Hz	48	1.501	70.00	0.186
356.11	0.05	Adapter 1501Hz	48	1.501	70.00	0.186
356.19	0.05	Adapter 1501Hz	48	1.501	70.00	0.186
356.27	0.05	Adapter 1501Hz	48	1.501	70.00	0.186
356.53	0.05	Adapter 1501Hz	48	1.501	70.00	0.186
356.61	0.05	Adapter 1501Hz	48	1.501	70.00	0.186
356.69	0.05	Adapter 1501Hz	48	1.501	70.00	0.186
356.77	0.05	Adapter 1501Hz	48	1.501	70.00	0.186
357.03	0.05	Adapter 1501Hz	48	1.501	70.00	0.186
357.11	0.05	Adapter 1501Hz	48	1.501	70.00	0.186
357.19	0.05	Adapter 1501Hz	48	1.501	70.00	0.186
357.27	0.05	Adapter 1501Hz	48	1.501	70.00	0.186
357.53	0.05	Adapter 1501Hz	48	1.501	70.00	0.186
357.61	0.05	Adapter 1501Hz	48	1.501	70.00	0.186
357.69	0.05	Adapter 1501Hz	48	1.501	70.00	0.186
357.77	0.05	Adapter 1501Hz	48	1.501	70.00	0.186
358.03	0.05	Adapter 1501Hz	48	1.501	70.00	0.186
358.11	0.05	Adapter 1501Hz	48	1.501	70.00	0.186
358.19	0.05	Adapter 1501Hz	48	1.501	70.00	0.186
358.27	0.05	Adapter 1501Hz	48	1.501	70.00	0.186
358.53	0.05	Adapter 1501Hz	48	1.501	70.00	0.186
358.61	0.05	Adapter 1501Hz	48	1.501	70.00	0.186
358.69	0.05	Adapter 1501Hz	48	1.501	70.00	0.186
358.77	0.05	Adapter 1501Hz	48	1.501	70.00	0.186
359.03	0.05	Adapter 1501Hz	48	1.501	70.00	0.186
359.11	0.05	Adapter 1501Hz	48	1.501	70.00	0.186
359.19	0.05	Adapter 1501Hz	48	1.501	70.00	0.186
359.27	0.05	Adapter 1501Hz	48	1.501	70.00	0.186
359.53	0.05	Adapter 1501Hz	48	1.501	70.00	0.186
359.61	0.05	Adapter 1501Hz	48	1.501	70.00	0.186
359.69	0.05	Adapter 1501Hz	48	1.501	70.00	0.186
359.77	0.05	Adapter 1501Hz	48	1.501	70.00	0.186
362.518	0.05	Adapter 507Hz	49	0.507	70.00	0.079
362.598	0.05	Adapter 507Hz	49	0.507	70.00	0.079
362.678	0.05	Adapter 507Hz	49	0.507	70.00	0.079
362.758	0.05	Adapter 507Hz	49	0.507	70.00	0.079
363.018	0.05	Adapter 507Hz	49	0.507	70.00	0.079
363.098	0.05	Adapter 507Hz	49	0.507	70.00	0.079
363.178	0.05	Adapter 507Hz	49	0.507	70.00	0.079
363.258	0.05	Adapter 507Hz	49	0.507	70.00	0.079
363.518	0.05	Adapter 507Hz	49	0.507	70.00	0.079
363.598	0.05	Adapter 507Hz	49	0.507	70.00	0.079
363.678	0.05	Adapter 507Hz	49	0.507	70.00	0.079
363.758	0.05	Adapter 507Hz	49	0.507	70.00	0.079
364.018	0.05	Adapter 507Hz	49	0.507	70.00	0.079
364.098	0.05	Adapter 507Hz	49	0.507	70.00	0.079
364.178	0.05	Adapter 507Hz	49	0.507	70.00	0.079
364.258	0.05	Adapter 507Hz	49	0.507	70.00	0.079
364.518	0.05	Adapter 507Hz	49	0.507	70.00	0.079
364.598	0.05	Adapter 507Hz	49	0.507	70.00	0.079
364.678	0.05	Adapter 507Hz	49	0.507	70.00	0.079
364.758	0.05	Adapter 507Hz	49	0.507	70.00	0.079
365.018	0.05	Adapter 507Hz	49	0.507	70.00	0.079
365.098	0.05	Adapter 507Hz	49	0.507	70.00	0.079
365.178	0.05	Adapter 507Hz	49	0.507	70.00	0.079
365.258	0.05	Adapter 507Hz	49	0.507	70.00	0.079
365.518	0.05	Adapter 507Hz	49	0.507	70.00	0.079
365.598	0.05	Adapter 507Hz	49	0.507	70.00	0.079
365.678	0.05	Adapter 507Hz	49	0.507	70.00	0.079
365.758	0.05	Adapter 507Hz	49	0.507	70.00	0.079
366.018	0.05	Adapter 507Hz	49	0.507	70.00	0.079
366.098	0.05	Adapter 507Hz	49	0.507	70.00	0.079
366.178	0.05	Adapter 507Hz	49	0.507	70.00	0.079
366.258	0.05	Adapter 507Hz	49	0.507	70.00	0.079
366.518	0.05	Adapter 507Hz	49	0.507	70.00	0.079
366.598	0.05	Adapter 507Hz	49	0.507	70.00	0.079
366.678	0.05	Adapter 507Hz	49	0.507	70.00	0.079
366.758	0.05	Adapter 507Hz	49	0.507	70.00	0.079
367.018	0.05	Adapter 507Hz	49	0.507	70.00	0.079
367.098	0.05	Adapter 507Hz	49	0.507	70.00	0.079
367.178	0.05	Adapter 507Hz	49	0.507	70.00	0.079
367.258	0.05	Adapter 507Hz	49	0.507	70.00	0.079
370.006	0.05	Adapter 3839Hz Probe 3839Hz	50	3.839	70.00	0.437
370.086	0.05	Adapter 3839Hz Probe 3839Hz	50	3.839	70.00	0.437
370.166	0.05	Adapter 3839Hz Probe 3839Hz	50	3.839	70.00	0.437
370.246	0.05	Adapter 3839Hz Probe 3839Hz	50	3.839	70.00	0.437
370.326	0.05	Adapter 3839Hz Probe 3839Hz	50	3.839	70.00	0.437
370.506	0.05	Adapter 3839Hz Probe 3839Hz	50	3.839	70.00	0.437
370.586	0.05	Adapter 3839Hz Probe 3839Hz	50	3.839	70.00	0.437
370.666	0.05	Adapter 3839Hz Probe 3839Hz	50	3.839	70.00	0.437
370.746	0.05	Adapter 3839Hz Probe 3839Hz	50	3.839	70.00	0.437
370.826	0.05	Adapter 3839Hz Probe 3839Hz	50	3.839	70.00	0.437
371.006	0.05	Adapter 3839Hz Probe 3839Hz	50	3.839	70.00	0.437
371.086	0.05	Adapter 3839Hz Probe 3839Hz	50	3.839	70.00	0.437
371.166	0.05	Adapter 3839Hz Probe 3839Hz	50	3.839	70.00	0.437
371.246	0.05	Adapter 3839Hz Probe 3839Hz	50	3.839	70.00	0.437
371.326	0.05	Adapter 3839Hz Probe 3839Hz	50	3.839	70.00	0.437
371.506	0.05	Adapter 3839Hz Probe 3839Hz	50	3.839	70.00	0.437
371.586	0.05	Adapter 3839Hz Probe 3839Hz	50	3.839	70.00	0.437
371.666	0.05	Adapter 3839Hz Probe 3839Hz	50	3.839	70.00	0.437
371.746	0.05	Adapter 3839Hz Probe 3839Hz	50	3.839	70.00	0.437
371.826	0.05	Adapter 3839Hz Probe 3839Hz	50	3.839	70.00	0.437
372.006	0.05	Adapter 3839Hz Probe 3839Hz	50	3.839	70.00	0.437
372.086	0.05	Adapter 3839Hz Probe 3839Hz	50	3.839	70.00	0.437
372.166	0.05	Adapter 3839Hz Probe 3839Hz	50	3.839	70.00	0.437
372.246	0.05	Adapter 3839Hz Probe 3839Hz	50	3.839	70.00	0.437
372.326	0.05	Adapter 3839Hz Probe 3839Hz	50	3.839	70.00	0.437
372.506	0.05	Adapter 3839Hz Probe 3839Hz	50	3.839	70.00	0.437
372.586	0.05	Adapter 3839Hz Probe 3839Hz	50	3.839	70.00	0.437
372.666	0.05	Adapter 3839Hz Probe 3839Hz	50	3.839	70.00	0.437
372.746	0.05	Adapter 3839Hz Probe 3839Hz	50	3.839	70.00	0.437
372.826	0.05	Adapter 3839Hz Probe 3839Hz	50	3.839	70.00	0.437
373.006	0.05	Adapter 3839Hz Probe 3839Hz	50	3.839	70.00	0.437
373.086	0.05	Adapter 3839Hz Probe 3839Hz	50	3.839	70.00	0.437
373.166	0.05	Adapter 3839Hz Probe 3839Hz	50	3.839	70.00	0.437
373.246	0.05	Adapter 3839Hz Probe 3839Hz	50	3.839	70.00	0.437
373.326	0.05	Adapter 3839Hz Probe 3839Hz	50	3.839	70.00	0.437
373.506	0.05	Adapter 3839Hz Probe 3839Hz	50	3.839	70.00	0.437
373.586	0.05	Adapter 3839Hz Probe 3839Hz	50	3.839	70.00	0.437
373.666	0.05	Adapter 3839Hz Probe 3839Hz	50	3.839	70.00	0.437
373.746	0.05	Adapter 3839Hz Probe 3839Hz	50	3.839	70.00	0.437
373.826	0.05	Adapter 3839Hz Probe 3839Hz	50	3.839	70.00	0.437
374.006	0.05	Adapter 3839Hz Probe 3839Hz	50	3.839	70.00	0.437
374.086	0.05	Adapter 3839Hz Probe 3839Hz	50	3.839	70.00	0.437
374.166	0.05	Adapter 3839Hz Probe 3839Hz	50	3.839	70.00	0.437
374.246	0.05	Adapter 3839Hz Probe 3839Hz	50	3.839	70.00	0.437
374.326	0.05	Adapter 3839Hz Probe 3839Hz	50	3.839	70.00	0.437
374.506	0.05	Adapter 3839Hz Probe 3839Hz	50	3.839	70.00	0.437
374.586	0.05	Adapter 3839Hz Probe 3839Hz	50	3.839	70.00	0.437
374.666	0.05	Adapter 3839Hz Probe 3839Hz	50	3.839	70.00	0.437
374.746	0.05	Adapter 3839Hz Probe 3839Hz	50	3.839	70.00	0.437
374.826	0.05	Adapter 3839Hz Probe 3839Hz	50	3.839	70.00	0.437
377.556	0.05	Adapter 2423Hz Probe 3839Hz	51	2.423	70.00	0.285
377.636	0.05	Adapter 2423Hz Probe 3839Hz	51	2.423	70.00	0.285
377.716	0.05	Adapter 2423Hz Probe 3839Hz	51	2.423	70.00	0.285
377.796	0.05	Adapter 2423Hz Probe 3839Hz	51	2.423	70.00	0.285
377.876	0.05	Adapter 2423Hz Probe 3839Hz	51	3.839	70.00	0.437
378.056	0.05	Adapter 2423Hz Probe 3839Hz	51	2.423	70.00	0.285
378.136	0.05	Adapter 2423Hz Probe 3839Hz	51	2.423	70.00	0.285
378.216	0.05	Adapter 2423Hz Probe 3839Hz	51	2.423	70.00	0.285
378.296	0.05	Adapter 2423Hz Probe 3839Hz	51	2.423	70.00	0.285
378.376	0.05	Adapter 2423Hz Probe 3839Hz	51	3.839	70.00	0.437
378.556	0.05	Adapter 2423Hz Probe 3839Hz	51	2.423	70.00	0.285
378.636	0.05	Adapter 2423Hz Probe 3839Hz	51	2.423	70.00	0.285
378.716	0.05	Adapter 2423Hz Probe 3839Hz	51	2.423	70.00	0.285
378.796	0.05	Adapter 2423Hz Probe 3839Hz	51	2.423	70.00	0.285
378.876	0.05	Adapter 2423Hz Probe 3839Hz	51	3.839	70.00	0.437
379.056	0.05	Adapter 2423Hz Probe 3839Hz	51	2.423	70.00	0.285
379.136	0.05	Adapter 2423Hz Probe 3839Hz	51	2.423	70.00	0.285
379.216	0.05	Adapter 2423Hz Probe 3839Hz	51	2.423	70.00	0.285
379.296	0.05	Adapter 2423Hz Probe 3839Hz	51	2.423	70.00	0.285
379.376	0.05	Adapter 2423Hz Probe 3839Hz	51	3.839	70.00	0.437
379.556	0.05	Adapter 2423Hz Probe 3839Hz	51	2.423	70.00	0.285
379.636	0.05	Adapter 2423Hz Probe 3839Hz	51	2.423	70.00	0.285
379.716	0.05	Adapter 2423Hz Probe 3839Hz	51	2.423	70.00	0.285
379.796	0.05	Adapter 2423Hz Probe 3839Hz	51	2.423	70.00	0.285
379.876	0.05	Adapter 2423Hz Probe 3839Hz	51	3.839	70.00	0.437
380.056	0.05	Adapter 2423Hz Probe 3839Hz	51	2.423	70.00	0.285
380.136	0.05	Adapter 2423Hz Probe 3839Hz	51	2.423	70.00	0.285
380.216	0.05	Adapter 2423Hz Probe 3839Hz	51	2.423	70.00	0.285
380.296	0.05	Adapter 2423Hz Probe 3839Hz	51	2.423	70.00	0.285
380.376	0.05	Adapter 2423Hz Probe 3839Hz	51	3.839	70.00	0.437
380.556	0.05	Adapter 2423Hz Probe 3839Hz	51	2.423	70.00	0.285
380.636	0.05	Adapter 2423Hz Probe 3839Hz	51	2.423	70.00	0.285
380.716	0.05	Adapter 2423Hz Probe 3839Hz	51	2.423	70.00	0.285
380.796	0.05	Adapter 2423Hz Probe 3839Hz	51	2.423	70.00	0.285
380.876	0.05	Adapter 2423Hz Probe 3839Hz	51	3.839	70.00	0.437
381.056	0.05	Adapter 2423Hz Probe 3839Hz	51	2.423	70.00	0.285
381.136	0.05	Adapter 2423Hz Probe 3839Hz	51	2.423	70.00	0.285
381.216	0.05	Adapter 2423Hz Probe 3839Hz	51	2.423	70.00	0.285
381.296	0.05	Adapter 2423Hz Probe 3839Hz	51	2.423	70.00	0.285
381.376	0.05	Adapter 2423Hz Probe 3839Hz	51	3.839	70.00	0.437
381.556	0.05	Adapter 2423Hz Probe 3839Hz	51	2.423	70.00	0.285
381.636	0.05	Adapter 2423Hz Probe 3839Hz	51	2.423	70.00	0.285
381.716	0.05	Adapter 2423Hz Probe 3839Hz	51	2.423	70.00	0.285
381.796	0.05	Adapter 2423Hz Probe 3839Hz	51	2.423	70.00	0.285
381.876	0.05	Adapter 2423Hz Probe 3839Hz	51	3.839	70.00	0.437
382.056	0.05	Adapter 2423Hz Probe 3839Hz	51	2.423	70.00	0.285
382.136	0.05	Adapter 2423Hz Probe 3839Hz	51	2.423	70.00	0.285
382.216	0.05	Adapter 2423Hz Probe 3839Hz	51	2.423	70.00	0.285
382.296	0.05	Adapter 2423Hz Probe 3839Hz	51	2.423	70.00	0.285
382.376	0.05	Adapter 2423Hz Probe 3839Hz	51	3.839	70.00	0.437
385.044	0.05	Adapter 1501Hz Probe 3839Hz	52	1.501	70.00	0.186
385.124	0.05	Adapter 1501Hz Probe 3839Hz	52	1.501	70.00	0.186
385.204	0.05	Adapter 1501Hz Probe 3839Hz	52	1.501	70.00	0.186
385.284	0.05	Adapter 1501Hz Probe 3839Hz	52	1.501	70.00	0.186
385.364	0.05	Adapter 1501Hz Probe 3839Hz	52	3.839	70.00	0.437
385.544	0.05	Adapter 1501Hz Probe 3839Hz	52	1.501	70.00	0.186
385.624	0.05	Adapter 1501Hz Probe 3839Hz	52	1.501	70.00	0.186
385.704	0.05	Adapter 1501Hz Probe 3839Hz	52	1.501	70.00	0.186
385.784	0.05	Adapter 1501Hz Probe 3839Hz	52	1.501	70.00	0.186
385.864	0.05	Adapter 1501Hz Probe 3839Hz	52	3.839	70.00	0.437
386.044	0.05	Adapter 1501Hz Probe 3839Hz	52	1.501	70.00	0.186
386.124	0.05	Adapter 1501Hz Probe 3839Hz	52	1.501	70.00	0.186
386.204	0.05	Adapter 1501Hz Probe 3839Hz	52	1.501	70.00	0.186
386.284	0.05	Adapter 1501Hz Probe 3839Hz	52	1.501	70.00	0.186
386.364	0.05	Adapter 1501Hz Probe 3839Hz	52	3.839	70.00	0.437
386.544	0.05	Adapter 1501Hz Probe 3839Hz	52	1.501	70.00	0.186
386.624	0.05	Adapter 1501Hz Probe 3839Hz	52	1.501	70.00	0.186
386.704	0.05	Adapter 1501Hz Probe 3839Hz	52	1.501	70.00	0.186
386.784	0.05	Adapter 1501Hz Probe 3839Hz	52	1.501	70.00	0.186
386.864	0.05	Adapter 1501Hz Probe 3839Hz	52	3.839	70.00	0.437
387.044	0.05	Adapter 1501Hz Probe 3839Hz	52	1.501	70.00	0.186
387.124	0.05	Adapter 1501Hz Probe 3839Hz	52	1.501	70.00	0.186
387.204	0.05	Adapter 1501Hz Probe 3839Hz	52	1.501	70.00	0.186
387.284	0.05	Adapter 1501Hz Probe 3839Hz	52	1.501	70.00	0.186
387.364	0.05	Adapter 1501Hz Probe 3839Hz	52	3.839	70.00	0.437
387.544	0.05	Adapter 1501Hz Probe 3839Hz	52	1.501	70.00	0.186
387.624	0.05	Adapter 1501Hz Probe 3839Hz	52	1.501	70.00	0.186
387.704	0.05	Adapter 1501Hz Probe 3839Hz	52	1.501	70.00	0.186
387.784	0.05	Adapter 1501Hz Probe 3839Hz	52	1.501	70.00	0.186
387.864	0.05	Adapter 1501Hz Probe 3839Hz	52	3.839	70.00	0.437
388.044	0.05	Adapter 1501Hz Probe 3839Hz	52	1.501	70.00	0.186
388.124	0.05	Adapter 1501Hz Probe 3839Hz	52	1.501	70.00	0.186
388.204	0.05	Adapter 1501Hz Probe 3839Hz	52	1.501	70.00	0.186
388.284	0.05	Adapter 1501Hz Probe 3839Hz	52	1.501	70.00	0.186
388.364	0.05	Adapter 1501Hz Probe 3839Hz	52	3.839	70.00	0.437
388.544	0.05	Adapter 1501Hz Probe 3839Hz	52	1.501	70.00	0.186
388.624	0.05	Adapter 1501Hz Probe 3839Hz	52	1.501	70.00	0.186
388.704	0.05	Adapter 1501Hz Probe 3839Hz	52	1.501	70.00	0.186
388.784	0.05	Adapter 1501Hz Probe 3839Hz	52	1.501	70.00	0.186
388.864	0.05	Adapter 1501Hz Probe 3839Hz	52	3.839	70.00	0.437
389.044	0.05	Adapter 1501Hz Probe 3839Hz	52	1.501	70.00	0.186
389.124	0.05	Adapter 1501Hz Probe 3839Hz	52	1.501	70.00	0.186
389.204	0.05	Adapter 1501Hz Probe 3839Hz	52	1.501	70.00	0.186
389.284	0.05	Adapter 1501Hz Probe 3839Hz	52	1.501	70.00	0.186
389.364	0.05	Adapter 1501Hz Probe 3839Hz	52	3.839	70.00	0.437
389.544	0.05	Adapter 1501Hz Probe 3839Hz	52	1.501	70.00	0.186
389.624	0.05	Adapter 1501Hz Probe 3839Hz	52	1.501	70.00	0.186
389.704	0.05	Adapter 1501Hz Probe 3839Hz	52	1.501	70.00	0.186
389.784	0.05	Adapter 1501Hz Probe 3839Hz	52	1.501	70.00	0.186
389.864	0.05	Adapter 1501Hz Probe 3839Hz	52	3.839	70.00	0.437
392.532	0.05	Adapter 6009Hz	53	6.009	70.00	0.671
392.612	0.05	Adapter 6009Hz	53	6.009	70.00	0.671
392.692	0.05	Adapter 6009Hz	53	6.009	70.00	0.671
392.772	0.05	Adapter 6009Hz	53	6.009	70.00	0.671
393.032	0.05	Adapter 6009Hz	53	6.009	70.00	0.671
393.112	0.05	Adapter 6009Hz	53	6.009	70.00	0.671
393.192	0.05	Adapter 6009Hz	53	6.009	70.00	0.671
393.272	0.05	Adapter 6009Hz	53	6.009	70.00	0.671
393.532	0.05	Adapter 6009Hz	53	6.009	70.00	0.671
393.612	0.05	Adapter 6009Hz	53	6.009	70.00	0.671
393.692	0.05	Adapter 6009Hz	53	6.009	70.00	0.671
393.772	0.05	Adapter 6009Hz	53	6.009	70.00	0.671
394.032	0.05	Adapter 6009Hz	53	6.009	70.00	0.671
394.112	0.05	Adapter 6009Hz	53	6.009	70.00	0.671
394.192	0.05	Adapter 6009Hz	53	6.009	70.00	0.671
394.272	0.05	Adapter 6009Hz	53	6.009	70.00	0.671
394.532	0.05	Adapter 6009Hz	53	6.009	70.00	0.671
394.612	0.05	Adapter 6009Hz	53	6.009	70.00	0.671
394.692	0.05	Adapter 6009Hz	53	6.009	70.00	0.671
394.772	0.05	Adapter 6009Hz	53	6.009	70.00	0.671
395.032	0.05	Adapter 6009Hz	53	6.009	70.00	0.671
395.112	0.05	Adapter 6009Hz	53	6.009	70.00	0.671
395.192	0.05	Adapter 6009Hz	53	6.009	70.00	0.671
395.272	0.05	Adapter 6009Hz	53	6.009	70.00	0.671
395.532	0.05	Adapter 6009Hz	53	6.009	70.00	0.671
395.612	0.05	Adapter 6009Hz	53	6.009	70.00	0.671
395.692	0.05	Adapter 6009Hz	53	6.009	70.00	0.671
395.772	0.05	Adapter 6009Hz	53	6.009	70.00	0.671
396.032	0.05	Adapter 6009Hz	53	6.009	70.00	0.671
396.112	0.05	Adapter 6009Hz	53	6.009	70.00	0.671
396.192	0.05	Adapter 6009Hz	53	6.009	70.00	0.671
396.272	0.05	Adapter 6009Hz	53	6.009	70.00	0.671
396.532	0.05	Adapter 6009Hz	53	6.009	70.00	0.671
396.612	0.05	Adapter 6009Hz	53	6.009	70.00	0.671
396.692	0.05	Adapter 6009Hz	53	6.009	70.00	0.671
396.772	0.05	Adapter 6009Hz	53	6.009	70.00	0.671
397.032	0.05	Adapter 6009Hz	53	6.009	70.00	0.671
397.112	0.05	Adapter 6009Hz	53	6.009	70.00	0.671
397.192	0.05	Adapter 6009Hz	53	6.009	70.00	0.671
397.272	0.05	Adapter 6009Hz	53	6.009	70.00	0.671
400.02	0.05	Adapter 899Hz Probe 3839Hz	54	0.899	70.00	0.121
400.1	0.05	Adapter 899Hz Probe 3839Hz	54	0.899	70.00	0.121
400.18	0.05	Adapter 899Hz Probe 3839Hz	54	0.899	70.00	0.121
400.26	0.05	Adapter 899Hz Probe 3839Hz	54	0.899	70.00	0.121
400.34	0.05	Adapter 899Hz Probe 3839Hz	54	3.839	70.00	0.437
400.52	0.05	Adapter 899Hz Probe 3839Hz	54	0.899	70.00	0.121
400.6	0.05	Adapter 899Hz Probe 3839Hz	54	0.899	70.00	0.121
400.68	0.05	Adapter 899Hz Probe 3839Hz	54	0.899	70.00	0.121
400.76	0.05	Adapter 899Hz Probe 3839Hz	54	0.899	70.00	0.121
400.84	0.05	Adapter 899Hz Probe 3839Hz	54	3.839	70.00	0.437
401.02	0.05	Adapter 899Hz Probe 3839Hz	54	0.899	70.00	0.121
401.1	0.05	Adapter 899Hz Probe 3839Hz	54	0.899	70.00	0.121
401.18	0.05	Adapter 899Hz Probe 3839Hz	54	0.899	70.00	0.121
401.26	0.05	Adapter 899Hz Probe 3839Hz	54	0.899	70.00	0.121
401.34	0.05	Adapter 899Hz Probe 3839Hz	54	3.839	70.00	0.437
401.52	0.05	Adapter 899Hz Probe 3839Hz	54	0.899	70.00	0.121
401.6	0.05	Adapter 899Hz Probe 3839Hz	54	0.899	70.00	0.121
401.68	0.05	Adapter 899Hz Probe 3839Hz	54	0.899	70.00	0.121
401.76	0.05	Adapter 899Hz Probe 3839Hz	54	0.899	70.00	0.121
401.84	0.05	Adapter 899Hz Probe 3839Hz	54	3.839	70.00	0.437
402.02	0.05	Adapter 899Hz Probe 3839Hz	54	0.899	70.00	0.121
402.1	0.05	Adapter 899Hz Probe 3839Hz	54	0.899	70.00	0.121
402.18	0.05	Adapter 899Hz Probe 3839Hz	54	0.899	70.00	0.121
402.26	0.05	Adapter 899Hz Probe 3839Hz	54	0.899	70.00	0.121
402.34	0.05	Adapter 899Hz Probe 3839Hz	54	3.839	70.00	0.437
402.52	0.05	Adapter 899Hz Probe 3839Hz	54	0.899	70.00	0.121
402.6	0.05	Adapter 899Hz Probe 3839Hz	54	0.899	70.00	0.121
402.68	0.05	Adapter 899Hz Probe 3839Hz	54	0.899	70.00	0.121
402.76	0.05	Adapter 899Hz Probe 3839Hz	54	0.899	70.00	0.121
402.84	0.05	Adapter 899Hz Probe 3839Hz	54	3.839	70.00	0.437
403.02	0.05	Adapter 899Hz Probe 3839Hz	54	0.899	70.00	0.121
403.1	0.05	Adapter 899Hz Probe 3839Hz	54	0.899	70.00	0.121
403.18	0.05	Adapter 899Hz Probe 3839Hz	54	0.899	70.00	0.121
403.26	0.05	Adapter 899Hz Probe 3839Hz	54	0.899	70.00	0.121
403.34	0.05	Adapter 899Hz Probe 3839Hz	54	3.839	70.00	0.437
403.52	0.05	Adapter 899Hz Probe 3839Hz	54	0.899	70.00	0.121
403.6	0.05	Adapter 899Hz Probe 3839Hz	54	0.899	70.00	0.121
403.68	0.05	Adapter 899Hz Probe 3839Hz	54	0.899	70.00	0.121
403.76	0.05	Adapter 899Hz Probe 3839Hz	54	0.899	70.00	0.121
403.84	0.05	Adapter 899Hz Probe 3839Hz	54	3.839	70.00	0.437
404.02	0.05	Adapter 899Hz Probe 3839Hz	54	0.899	70.00	0.121
404.1	0.05	Adapter 899Hz Probe 3839Hz	54	0.899	70.00	0.121
404.18	0.05	Adapter 899Hz Probe 3839Hz	54	0.899	70.00	0.121
404.26	0.05	Adapter 899Hz Probe 3839Hz	54	0.899	70.00	0.121
404.34	0.05	Adapter 899Hz Probe 3839Hz	54	3.839	70.00	0.437
404.52	0.05	Adapter 899Hz Probe 3839Hz	54	0.899	70.00	0.121
404.6	0.05	Adapter 899Hz Probe 3839Hz	54	0.899	70.00	0.121
404.68	0.05	Adapter 899Hz Probe 3839Hz	54	0.899	70.00	0.121
404.76	0.05	Adapter 899Hz Probe 3839Hz	54	0.899	70.00	0.121
404.84	0.05	Adapter 899Hz Probe 3839Hz	54	3.839	70.00	0.437
407.508	0.05	Adapter 3839Hz	55	3.839	70.00	0.437
407.588	0.05	Adapter 3839Hz	55	3.839	70.00	0.437
407.668	0.05	Adapter 3839Hz	55	3.839	70.00	0.437
407.748	0.05	Adapter 3839Hz	55	3.839	70.00	0.437
408.008	0.05	Adapter 3839Hz	55	3.839	70.00	0.437
408.088	0.05	Adapter 3839Hz	55	3.839	70.00	0.437
408.168	0.05	Adapter 3839Hz	55	3.839	70.00	0.437
408.248	0.05	Adapter 3839Hz	55	3.839	70.00	0.437
408.508	0.05	Adapter 3839Hz	55	3.839	70.00	0.437
408.588	0.05	Adapter 3839Hz	55	3.839	70.00	0.437
408.668	0.05	Adapter 3839Hz	55	3.839	70.00	0.437
408.748	0.05	Adapter 3839Hz	55	3.839	70.00	0.437
409.008	0.05	Adapter 3839Hz	55	3.839	70.00	0.437
409.088	0.05	Adapter 3839Hz	55	3.839	70.00	0.437
409.168	0.05	Adapter 3839Hz	55	3.839	70.00	0.437
409.248	0.05	Adapter 3839Hz	55	3.839	70.00	0.437
409.508	0.05	Adapter 3839Hz	55	3.839	70.00	0.437
409.588	0.05	Adapter 3839Hz	55	3.839	70.00	0.437
409.668	0.05	Adapter 3839Hz	55	3.839	70.00	0.437
409.748	0.05	Adapter 3839Hz	55	3.839	70.00	0.437
410.008	0.05	Adapter 3839Hz	55	3.839	70.00	0.437
410.088	0.05	Adapter 3839Hz	55	3.839	70.00	0.437
410.168	0.05	Adapter 3839Hz	55	3.839	70.00	0.437
410.248	0.05	Adapter 3839Hz	55	3.839	70.00	0.437
410.508	0.05	Adapter 3839Hz	55	3.839	70.00	0.437
410.588	0.05	Adapter 3839Hz	55	3.839	70.00	0.437
410.668	0.05	Adapter 3839Hz	55	3.839	70.00	0.437
410.748	0.05	Adapter 3839Hz	55	3.839	70.00	0.437
411.008	0.05	Adapter 3839Hz	55	3.839	70.00	0.437
411.088	0.05	Adapter 3839Hz	55	3.839	70.00	0.437
411.168	0.05	Adapter 3839Hz	55	3.839	70.00	0.437
411.248	0.05	Adapter 3839Hz	55	3.839	70.00	0.437
411.508	0.05	Adapter 3839Hz	55	3.839	70.00	0.437
411.588	0.05	Adapter 3839Hz	55	3.839	70.00	0.437
411.668	0.05	Adapter 3839Hz	55	3.839	70.00	0.437
411.748	0.05	Adapter 3839Hz	55	3.839	70.00	0.437
412.008	0.05	Adapter 3839Hz	55	3.839	70.00	0.437
412.088	0.05	Adapter 3839Hz	55	3.839	70.00	0.437
412.168	0.05	Adapter 3839Hz	55	3.839	70.00	0.437
412.248	0.05	Adapter 3839Hz	55	3.839	70.00	0.437
415.059	0.05	Adapter 899Hz	56	0.899	70.00	0.121
415.139	0.05	Adapter 899Hz	56	0.899	70.00	0.121
415.219	0.05	Adapter 899Hz	56	0.899	70.00	0.121
415.299	0.05	Adapter 899Hz	56	0.899	70.00	0.121
415.559	0.05	Adapter 899Hz	56	0.899	70.00	0.121
415.639	0.05	Adapter 899Hz	56	0.899	70.00	0.121
415.719	0.05	Adapter 899Hz	56	0.899	70.00	0.121
415.799	0.05	Adapter 899Hz	56	0.899	70.00	0.121
416.059	0.05	Adapter 899Hz	56	0.899	70.00	0.121
416.139	0.05	Adapter 899Hz	56	0.899	70.00	0.121
416.219	0.05	Adapter 899Hz	56	0.899	70.00	0.121
416.299	0.05	Adapter 899Hz	56	0.899	70.00	0.121
416.559	0.05	Adapter 899Hz	56	0.899	70.00	0.121
416.639	0.05	Adapter 899Hz	56	0.899	70.00	0.121
416.719	0.05	Adapter 899Hz	56	0.899	70.00	0.121
416.799	0.05	Adapter 899Hz	56	0.899	70.00	0.121
417.059	0.05	Adapter 899Hz	56	0.899	70.00	0.121
417.139	0.05	Adapter 899Hz	56	0.899	70.00	0.121
417.219	0.05	Adapter 899Hz	56	0.899	70.00	0.121
417.299	0.05	Adapter 899Hz	56	0.899	70.00	0.121
417.559	0.05	Adapter 899Hz	56	0.899	70.00	0.121
417.639	0.05	Adapter 899Hz	56	0.899	70.00	0.121
417.719	0.05	Adapter 899Hz	56	0.899	70.00	0.121
417.799	0.05	Adapter 899Hz	56	0.899	70.00	0.121
418.059	0.05	Adapter 899Hz	56	0.899	70.00	0.121
418.139	0.05	Adapter 899Hz	56	0.899	70.00	0.121
418.219	0.05	Adapter 899Hz	56	0.899	70.00	0.121
418.299	0.05	Adapter 899Hz	56	0.899	70.00	0.121
418.559	0.05	Adapter 899Hz	56	0.899	70.00	0.121
418.639	0.05	Adapter 899Hz	56	0.899	70.00	0.121
418.719	0.05	Adapter 899Hz	56	0.899	70.00	0.121
418.799	0.05	Adapter 899Hz	56	0.899	70.00	0.121
419.059	0.05	Adapter 899Hz	56	0.899	70.00	0.121
419.139	0.05	Adapter 899Hz	56	0.899	70.00	0.121
419.219	0.05	Adapter 899Hz	56	0.899	70.00	0.121
419.299	0.05	Adapter 899Hz	56	0.899	70.00	0.121
419.559	0.05	Adapter 899Hz	56	0.899	70.00	0.121
419.639	0.05	Adapter 899Hz	56	0.899	70.00	0.121
419.719	0.05	Adapter 899Hz	56	0.899	70.00	0.121
419.799	0.05	Adapter 899Hz	56	0.899	70.00	0.121
422.547	0.05	Adapter 2423Hz	57	2.423	70.00	0.285
422.627	0.05	Adapter 2423Hz	57	2.423	70.00	0.285
422.707	0.05	Adapter 2423Hz	57	2.423	70.00	0.285
422.787	0.05	Adapter 2423Hz	57	2.423	70.00	0.285
423.047	0.05	Adapter 2423Hz	57	2.423	70.00	0.285
423.127	0.05	Adapter 2423Hz	57	2.423	70.00	0.285
423.207	0.05	Adapter 2423Hz	57	2.423	70.00	0.285
423.287	0.05	Adapter 2423Hz	57	2.423	70.00	0.285
423.547	0.05	Adapter 2423Hz	57	2.423	70.00	0.285
423.627	0.05	Adapter 2423Hz	57	2.423	70.00	0.285
423.707	0.05	Adapter 2423Hz	57	2.423	70.00	0.285
423.787	0.05	Adapter 2423Hz	57	2.423	70.00	0.285
424.047	0.05	Adapter 2423Hz	57	2.423	70.00	0.285
424.127	0.05	Adapter 2423Hz	57	2.423	70.00	0.285
424.207	0.05	Adapter 2423Hz	57	2.423	70.00	0.285
424.287	0.05	Adapter 2423Hz	57	2.423	70.00	0.285
424.547	0.05	Adapter 2423Hz	57	2.423	70.00	0.285
424.627	0.05	Adapter 2423Hz	57	2.423	70.00	0.285
424.707	0.05	Adapter 2423Hz	57	2.423	70.00	0.285
424.787	0.05	Adapter 2423Hz	57	2.423	70.00	0.285
425.047	0.05	Adapter 2423Hz	57	2.423	70.00	0.285
425.127	0.05	Adapter 2423Hz	57	2.423	70.00	0.285
425.207	0.05	Adapter 2423Hz	57	2.423	70.00	0.285
425.287	0.05	Adapter 2423Hz	57	2.423	70.00	0.285
425.547	0.05	Adapter 2423Hz	57	2.423	70.00	0.285
425.627	0.05	Adapter 2423Hz	57	2.423	70.00	0.285
425.707	0.05	Adapter 2423Hz	57	2.423	70.00	0.285
425.787	0.05	Adapter 2423Hz	57	2.423	70.00	0.285
426.047	0.05	Adapter 2423Hz	57	2.423	70.00	0.285
426.127	0.05	Adapter 2423Hz	57	2.423	70.00	0.285
426.207	0.05	Adapter 2423Hz	57	2.423	70.00	0.285
426.287	0.05	Adapter 2423Hz	57	2.423	70.00	0.285
426.547	0.05	Adapter 2423Hz	57	2.423	70.00	0.285
426.627	0.05	Adapter 2423Hz	57	2.423	70.00	0.285
426.707	0.05	Adapter 2423Hz	57	2.423	70.00	0.285
426.787	0.05	Adapter 2423Hz	57	2.423	70.00	0.285
427.047	0.05	Adapter 2423Hz	57	2.423	70.00	0.285
427.127	0.05	Adapter 2423Hz	57	2.423	70.00	0.285
427.207	0.05	Adapter 2423Hz	57	2.423	70.00	0.285
427.287	0.05	Adapter 2423Hz	57	2.423	70.00	0.285
430.019	0.05	Adapter 1501Hz	58	1.501	70.00	0.186
430.099	0.05	Adapter 1501Hz	58	1.501	70.00	0.186
430.179	0.05	Adapter 1501Hz	58	1.501	70.00	0.186
430.259	0.05	Adapter 1501Hz	58	1.501	70.00	0.186
430.519	0.05	Adapter 1501Hz	58	1.501	70.00	0.186
430.599	0.05	Adapter 1501Hz	58	1.501	70.00	0.186
430.679	0.05	Adapter 1501Hz	58	1.501	70.00	0.186
430.759	0.05	Adapter 1501Hz	58	1.501	70.00	0.186
431.019	0.05	Adapter 1501Hz	58	1.501	70.00	0.186
431.099	0.05	Adapter 1501Hz	58	1.501	70.00	0.186
431.179	0.05	Adapter 1501Hz	58	1.501	70.00	0.186
431.259	0.05	Adapter 1501Hz	58	1.501	70.00	0.186
431.519	0.05	Adapter 1501Hz	58	1.501	70.00	0.186
431.599	0.05	Adapter 1501Hz	58	1.501	70.00	0.186
431.679	0.05	Adapter 1501Hz	58	1.501	70.00	0.186
431.759	0.05	Adapter 1501Hz	58	1.501	70.00	0.186
432.019	0.05	Adapter 1501Hz	58	1.501	70.00	0.186
432.099	0.05	Adapter 1501Hz	58	1.501	70.00	0.186
432.179	0.05	Adapter 1501Hz	58	1.501	70.00	0.186
432.259	0.05	Adapter 1501Hz	58	1.501	70.00	0.186
432.519	0.05	Adapter 1501Hz	58	1.501	70.00	0.186
432.599	0.05	Adapter 1501Hz	58	1.501	70.00	0.186
432.679	0.05	Adapter 1501Hz	58	1.501	70.00	0.186
432.759	0.05	Adapter 1501Hz	58	1.501	70.00	0.186
433.019	0.05	Adapter 1501Hz	58	1.501	70.00	0.186
433.099	0.05	Adapter 1501Hz	58	1.501	70.00	0.186
433.179	0.05	Adapter 1501Hz	58	1.501	70.00	0.186
433.259	0.05	Adapter 1501Hz	58	1.501	70.00	0.186
433.519	0.05	Adapter 1501Hz	58	1.501	70.00	0.186
433.599	0.05	Adapter 1501Hz	58	1.501	70.00	0.186
433.679	0.05	Adapter 1501Hz	58	1.501	70.00	0.186
433.759	0.05	Adapter 1501Hz	58	1.501	70.00	0.186
434.019	0.05	Adapter 1501Hz	58	1.501	70.00	0.186
434.099	0.05	Adapter 1501Hz	58	1.501	70.00	0.186
434.179	0.05	Adapter 1501Hz	58	1.501	70.00	0.186
434.259	0.05	Adapter 1501Hz	58	1.501	70.00	0.186
434.519	0.05	Adapter 1501Hz	58	1.501	70.00	0.186
434.599	0.05	Adapter 1501Hz	58	1.501	70.00	0.186
434.679	0.05	Adapter 1501Hz	58	1.501	70.00	0.186
434.759	0.05	Adapter 1501Hz	58	1.501	70.00	0.186
437.507	0.05	Adapter 507Hz Probe 3839Hz	59	0.507	70.00	0.079
437.587	0.05	Adapter 507Hz Probe 3839Hz	59	0.507	70.00	0.079
437.667	0.05	Adapter 507Hz Probe 3839Hz	59	0.507	70.00	0.079
437.747	0.05	Adapter 507Hz Probe 3839Hz	59	0.507	70.00	0.079
437.827	0.05	Adapter 507Hz Probe 3839Hz	59	3.839	70.00	0.437
438.007	0.05	Adapter 507Hz Probe 3839Hz	59	0.507	70.00	0.079
438.087	0.05	Adapter 507Hz Probe 3839Hz	59	0.507	70.00	0.079
438.167	0.05	Adapter 507Hz Probe 3839Hz	59	0.507	70.00	0.079
438.247	0.05	Adapter 507Hz Probe 3839Hz	59	0.507	70.00	0.079
438.327	0.05	Adapter 507Hz Probe 3839Hz	59	3.839	70.00	0.437
438.507	0.05	Adapter 507Hz Probe 3839Hz	59	0.507	70.00	0.079
438.587	0.05	Adapter 507Hz Probe 3839Hz	59	0.507	70.00	0.079
438.667	0.05	Adapter 507Hz Probe 3839Hz	59	0.507	70.00	0.079
438.747	0.05	Adapter 507Hz Probe 3839Hz	59	0.507	70.00	0.079
438.827	0.05	Adapter 507Hz Probe 3839Hz	59	3.839	70.00	0.437
439.007	0.05	Adapter 507Hz Probe 3839Hz	59	0.507	70.00	0.079
439.087	0.05	Adapter 507Hz Probe 3839Hz	59	0.507	70.00	0.079
439.167	0.05	Adapter 507Hz Probe 3839Hz	59	0.507	70.00	0.079
439.247	0.05	Adapter 507Hz Probe 3839Hz	59	0.507	70.00	0.079
439.327	0.05	Adapter 507Hz Probe 3839Hz	59	3.839	70.00	0.437
439.507	0.05	Adapter 507Hz Probe 3839Hz	59	0.507	70.00	0.079
439.587	0.05	Adapter 507Hz Probe 3839Hz	59	0.507	70.00	0.079
439.667	0.05	Adapter 507Hz Probe 3839Hz	59	0.507	70.00	0.079
439.747	0.05	Adapter 507Hz Probe 3839Hz	59	0.507	70.00	0.079
439.827	0.05	Adapter 507Hz Probe 3839Hz	59	3.839	70.00	0.437
440.007	0.05	Adapter 507Hz Probe 3839Hz	59	0.507	70.00	0.079
440.087	0.05	Adapter 507Hz Probe 3839Hz	59	0.507	70.00	0.079
440.167	0.05	Adapter 507Hz Probe 3839Hz	59	0.507	70.00	0.079
440.247	0.05	Adapter 507Hz Probe 3839Hz	59	0.507	70.00	0.079
440.327	0.05	Adapter 507Hz Probe 3839Hz	59	3.839	70.00	0.437
440.507	0.05	Adapter 507Hz Probe 3839Hz	59	0.507	70.00	0.079
440.587	0.05	Adapter 507Hz Probe 3839Hz	59	0.507	70.00	0.079
440.667	0.05	Adapter 507Hz Probe 3839Hz	59	0.507	70.00	0.079
440.747	0.05	Adapter 507Hz Probe 3839Hz	59	0.507	70.00	0.079
440.827	0.05	Adapter 507Hz Probe 3839Hz	59	3.839	70.00	0.437
441.007	0.05	Adapter 507Hz Probe 3839Hz	59	0.507	70.00	0.079
441.087	0.05	Adapter 507Hz Probe 3839Hz	59	0.507	70.00	0.079
441.167	0.05	Adapter 507Hz Probe 3839Hz	59	0.507	70.00	0.079
441.247	0.05	Adapter 507Hz Probe 3839Hz	59	0.507	70.00	0.079
441.327	0.05	Adapter 507Hz Probe 3839Hz	59	3.839	70.00	0.437
441.507	0.05	Adapter 507Hz Probe 3839Hz	59	0.507	70.00	0.079
441.587	0.05	Adapter 507Hz Probe 3839Hz	59	0.507	70.00	0.079
441.667	0.05	Adapter 507Hz Probe 3839Hz	59	0.507	70.00	0.079
441.747	0.05	Adapter 507Hz Probe 3839Hz	59	0.507	70.00	0.079
441.827	0.05	Adapter 507Hz Probe 3839Hz	59	3.839	70.00	0.437
442.007	0.05	Adapter 507Hz Probe 3839Hz	59	0.507	70.00	0.079
442.087	0.05	Adapter 507Hz Probe 3839Hz	59	0.507	70.00	0.079
442.167	0.05	Adapter 507Hz Probe 3839Hz	59	0.507	70.00	0.079
442.247	0.05	Adapter 507Hz Probe 3839Hz	59	0.507	70.00	0.079
442.327	0.05	Adapter 507Hz Probe 3839Hz	59	3.839	70.00	0.437
460.049	0.05	Adapter 251Hz	62	0.251	70.00	0.052
460.129	0.05	Adapter 251Hz	62	0.251	70.00	0.052
460.209	0.05	Adapter 251Hz	62	0.251	70.00	0.052
460.289	0.05	Adapter 251Hz	62	0.251	70.00	0.052
460.549	0.05	Adapter 251Hz	62	0.251	70.00	0.052
460.629	0.05	Adapter 251Hz	62	0.251	70.00	0.052
460.709	0.05	Adapter 251Hz	62	0.251	70.00	0.052
460.789	0.05	Adapter 251Hz	62	0.251	70.00	0.052
461.049	0.05	Adapter 251Hz	62	0.251	70.00	0.052
461.129	0.05	Adapter 251Hz	62	0.251	70.00	0.052
461.209	0.05	Adapter 251Hz	62	0.251	70.00	0.052
461.289	0.05	Adapter 251Hz	62	0.251	70.00	0.052
461.549	0.05	Adapter 251Hz	62	0.251	70.00	0.052
461.629	0.05	Adapter 251Hz	62	0.251	70.00	0.052
461.709	0.05	Adapter 251Hz	62	0.251	70.00	0.052
461.789	0.05	Adapter 251Hz	62	0.251	70.00	0.052
462.049	0.05	Adapter 251Hz	62	0.251	70.00	0.052
462.129	0.05	Adapter 251Hz	62	0.251	70.00	0.052
462.209	0.05	Adapter 251Hz	62	0.251	70.00	0.052
462.289	0.05	Adapter 251Hz	62	0.251	70.00	0.052
462.549	0.05	Adapter 251Hz	62	0.251	70.00	0.052
462.629	0.05	Adapter 251Hz	62	0.251	70.00	0.052
462.709	0.05	Adapter 251Hz	62	0.251	70.00	0.052
462.789	0.05	Adapter 251Hz	62	0.251	70.00	0.052
463.049	0.05	Adapter 251Hz	62	0.251	70.00	0.052
463.129	0.05	Adapter 251Hz	62	0.251	70.00	0.052
463.209	0.05	Adapter 251Hz	62	0.251	70.00	0.052
463.289	0.05	Adapter 251Hz	62	0.251	70.00	0.052
463.549	0.05	Adapter 251Hz	62	0.251	70.00	0.052
463.629	0.05	Adapter 251Hz	62	0.251	70.00	0.052
463.709	0.05	Adapter 251Hz	62	0.251	70.00	0.052
463.789	0.05	Adapter 251Hz	62	0.251	70.00	0.052
464.049	0.05	Adapter 251Hz	62	0.251	70.00	0.052
464.129	0.05	Adapter 251Hz	62	0.251	70.00	0.052
464.209	0.05	Adapter 251Hz	62	0.251	70.00	0.052
464.289	0.05	Adapter 251Hz	62	0.251	70.00	0.052
464.549	0.05	Adapter 251Hz	62	0.251	70.00	0.052
464.629	0.05	Adapter 251Hz	62	0.251	70.00	0.052
464.709	0.05	Adapter 251Hz	62	0.251	70.00	0.052
464.789	0.05	Adapter 251Hz	62	0.251	70.00	0.052
475.376	0.05	Probe 3839Hz	64	3.839	70.00	0.437
475.876	0.05	Probe 3839Hz	64	3.839	70.00	0.437
476.376	0.05	Probe 3839Hz	64	3.839	70.00	0.437
476.876	0.05	Probe 3839Hz	64	3.839	70.00	0.437
477.376	0.05	Probe 3839Hz	64	3.839	70.00	0.437
477.876	0.05	Probe 3839Hz	64	3.839	70.00	0.437
478.376	0.05	Probe 3839Hz	64	3.839	70.00	0.437
478.876	0.05	Probe 3839Hz	64	3.839	70.00	0.437
479.376	0.05	Probe 3839Hz	64	3.839	70.00	0.437
479.876	0.05	Probe 3839Hz	64	3.839	70.00	0.437
