onset	duration	trial_type	scan	frequency_kHz	level_dB_SPL	bandwidth_kHz
2.82	0.05	Probe 3839Hz	1	3.839	70.00	0.437
3.32	0.05	Probe 3839Hz	1	3.839	70.00	0.437
3.82	0.05	Probe 3839Hz	1	3.839	70.00	0.437
4.32	0.05	Probe 3839Hz	1	3.839	70.00	0.437
4.82	0.05	Probe 3839Hz	1	3.839	70.00	0.437
5.32	0.05	Probe 3839Hz	1	3.839	70.00	0.437
5.82	0.05	Probe 3839Hz	1	3.839	70.00	0.437
6.32	0.05	Probe 3839Hz	1	3.839	70.00	0.437
6.82	0.05	Probe 3839Hz	1	3.839	70.00	0.437
7.32	0.05	Probe 3839Hz	1	3.839	70.00	0.437
10.05	0.05	Adapter 3839Hz Probe 3839Hz	2	3.839	70.00	0.437
10.13	0.05	Adapter 3839Hz Probe 3839Hz	2	3.839	70.00	0.437
10.21	0.05	Adapter 3839Hz Probe 3839Hz	2	3.839	70.00	0.437
10.29	0.05	Adapter 3839Hz Probe 3839Hz	2	3.839	70.00	0.437
10.37	0.05	Adapter 3839Hz Probe 3839Hz	2	3.839	70.00	0.437
10.55	0.05	Adapter 3839Hz Probe 3839Hz	2	3.839	70.00	0.437
10.63	0.05	Adapter 3839Hz Probe 3839Hz	2	3.839	70.00	0.437
10.71	0.05	Adapter 3839Hz Probe 3839Hz	2	3.839	70.00	0.437
10.79	0.05	Adapter 3839Hz Probe 3839Hz	2	3.839	70.00	0.437
10.87	0.05	Adapter 3839Hz Probe 3839Hz	2	3.839	70.00	0.437
11.05	0.05	Adapter 3839Hz Probe 3839Hz	2	3.839	70.00	0.437
11.13	0.05	Adapter 3839Hz Probe 3839Hz	2	3.839	70.00	0.437
11.21	0.05	Adapter 3839Hz Probe 3839Hz	2	3.839	70.00	0.437
11.29	0.05	Adapter 3839Hz Probe 3839Hz	2	3.839	70.00	0.437
11.37	0.05	Adapter 3839Hz Probe 3839Hz	2	3.839	70.00	0.437
11.55	0.05	Adapter 3839Hz Probe 3839Hz	2	3.839	70.00	0.437
11.63	0.05	Adapter 3839Hz Probe 3839Hz	2	3.839	70.00	0.437
11.71	0.05	Adapter 3839Hz Probe 3839Hz	2	3.839	70.00	0.437
11.79	0.05	Adapter 3839Hz Probe 3839Hz	2	3.839	70.00	0.437
11.87	0.05	Adapter 3839Hz Probe 3839Hz	2	3.839	70.00	0.437
12.05	0.05	Adapter 3839Hz Probe 3839Hz	2	3.839	70.00	0.437
12.13	0.05	Adapter 3839Hz Probe 3839Hz	2	3.839	70.00	0.437
12.21	0.05	Adapter 3839Hz Probe 3839Hz	2	3.839	70.00	0.437
12.29	0.05	Adapter 3839Hz Probe 3839Hz	2	3.839	70.00	0.437
12.37	0.05	Adapter 3839Hz Probe 3839Hz	2	3.839	70.00	0.437
12.55	0.05	Adapter 3839Hz Probe 3839Hz	2	3.839	70.00	0.437
12.63	0.05	Adapter 3839Hz Probe 3839Hz	2	3.839	70.00	0.437
12.71	0.05	Adapter 3839Hz Probe 3839Hz	2	3.839	70.00	0.437
12.79	0.05	Adapter 3839Hz Probe 3839Hz	2	3.839	70.00	0.437
12.87	0.05	Adapter 3839Hz Probe 3839Hz	2	3.839	70.00	0.437
13.05	0.05	Adapter 3839Hz Probe 3839Hz	2	3.839	70.00	0.437
13.13	0.05	Adapter 3839Hz Probe 3839Hz	2	3.839	70.00	0.437
13.21	0.05	Adapter 3839Hz Probe 3839Hz	2	3.839	70.00	0.437
13.29	0.05	Adapter 3839Hz Probe 3839Hz	2	3.839	70.00	0.437
13.37	0.05	Adapter 3839Hz Probe 3839Hz	2	3.839	70.00	0.437
13.55	0.05	Adapter 3839Hz Probe 3839Hz	2	3.839	70.00	0.437
13.63	0.05	Adapter 3839Hz Probe 3839Hz	2	3.839	70.00	0.437
13.71	0.05	Adapter 3839Hz Probe 3839Hz	2	3.839	70.00	0.437
13.79	0.05	Adapter 3839Hz Probe 3839Hz	2	3.839	70.00	0.437
13.87	0.05	Adapter 3839Hz Probe 3839Hz	2	3.839	70.00	0.437
14.05	0.05	Adapter 3839Hz Probe 3839Hz	2	3.839	70.00	0.437
14.13	0.05	Adapter 3839Hz Probe 3839Hz	2	3.839	70.00	0.437
14.21	0.05	Adapter 3839Hz Probe 3839Hz	2	3.839	70.00	0.437
14.29	0.05	Adapter 3839Hz Probe 3839Hz	2	3.839	70.00	0.437
14.37	0.05	Adapter 3839Hz Probe 3839Hz	2	3.839	70.00	0.437
14.55	0.05	Adapter 3839Hz Probe 3839Hz	2	3.839	70.00	0.437
14.63	0.05	Adapter 3839Hz Probe 3839Hz	2	3.839	70.00	0.437
14.71	0.05	Adapter 3839Hz Probe 3839Hz	2	3.839	70.00	0.437
14.79	0.05	Adapter 3839Hz Probe 3839Hz	2	3.839	70.00	0.437
14.87	0.05	Adapter 3839Hz Probe 3839Hz	2	3.839	70.00	0.437
17.538	0.05	Adapter 6009Hz	3	6.009	70.00	0.671
17.618	0.05	Adapter 6009Hz	3	6.009	70.00	0.671
17.698	0.05	Adapter 6009Hz	3	6.009	70.00	0.671
17.778	0.05	Adapter 6009Hz	3	6.009	70.00	0.671
18.038	0.05	Adapter 6009Hz	3	6.009	70.00	0.671
18.118	0.05	Adapter 6009Hz	3	6.009	70.00	0.671
18.198	0.05	Adapter 6009Hz	3	6.009	70.00	0.671
18.278	0.05	Adapter 6009Hz	3	6.009	70.00	0.671
18.538	0.05	Adapter 6009Hz	3	6.009	70.00	0.671
18.618	0.05	Adapter 6009Hz	3	6.009	70.00	0.671
18.698	0.05	Adapter 6009Hz	3	6.009	70.00	0.671
18.778	0.05	Adapter 6009Hz	3	6.009	70.00	0.671
19.038	0.05	Adapter 6009Hz	3	6.009	70.00	0.671
19.118	0.05	Adapter 6009Hz	3	6.009	70.00	0.671
19.198	0.05	Adapter 6009Hz	3	6.009	70.00	0.671
19.278	0.05	Adapter 6009Hz	3	6.009	70.00	0.671
19.538	0.05	Adapter 6009Hz	3	6.009	70.00	0.671
19.618	0.05	Adapter 6009Hz	3	6.009	70.00	0.671
19.698	0.05	Adapter 6009Hz	3	6.009	70.00	0.671
19.778	0.05	Adapter 6009Hz	3	6.009	70.00	0.671
20.038	0.05	Adapter 6009Hz	3	6.009	70.00	0.671
20.118	0.05	Adapter 6009Hz	3	6.009	70.00	0.671
20.198	0.05	Adapter 6009Hz	3	6.009	70.00	0.671
20.278	0.05	Adapter 6009Hz	3	6.009	70.00	0.671
20.538	0.05	Adapter 6009Hz	3	6.009	70.00	0.671
20.618	0.05	Adapter 6009Hz	3	6.009	70.00	0.671
20.698	0.05	Adapter 6009Hz	3	6.009	70.00	0.671
20.778	0.05	Adapter 6009Hz	3	6.009	70.00	0.671
21.038	0.05	Adapter 6009Hz	3	6.009	70.00	0.671
21.118	0.05	Adapter 6009Hz	3	6.009	70.00	0.671
21.198	0.05	Adapter 6009Hz	3	6.009	70.00	0.671
21.278	0.05	Adapter 6009Hz	3	6.009	70.00	0.671
21.538	0.05	Adapter 6009Hz	3	6.009	70.00	0.671
21.618	0.05	Adapter 6009Hz	3	6.009	70.00	0.671
21.698	0.05	Adapter 6009Hz	3	6.009	70.00	0.671
21.778	0.05	Adapter 6009Hz	3	6.009	70.00	0.671
22.038	0.05	Adapter 6009Hz	3	6.009	70.00	0.671
22.118	0.05	Adapter 6009Hz	3	6.009	70.00	0.671
22.198	0.05	Adapter 6009Hz	3	6.009	70.00	0.671
22.278	0.05	Adapter 6009Hz	3	6.009	70.00	0.671
32.514	0.05	Adapter 2423Hz	5	2.423	70.00	0.285
32.594	0.05	Adapter 2423Hz	5	2.423	70.00	0.285
32.674	0.05	Adapter 2423Hz	5	2.423	70.00	0.285
32.754	0.05	Adapter 2423Hz	5	2.423	70.00	0.285
33.014	0.05	Adapter 2423Hz	5	2.423	70.00	0.285
33.094	0.05	Adapter 2423Hz	5	2.423	70.00	0.285
33.174	0.05	Adapter 2423Hz	5	2.423	70.00	0.285
33.254	0.05	Adapter 2423Hz	5	2.423	70.00	0.285
33.514	0.05	Adapter 2423Hz	5	2.423	70.00	0.285
33.594	0.05	Adapter 2423Hz	5	2.423	70.00	0.285
33.674	0.05	Adapter 2423Hz	5	2.423	70.00	0.285
33.754	0.05	Adapter 2423Hz	5	2.423	70.00	0.285
34.014	0.05	Adapter 2423Hz	5	2.423	70.00	0.285
34.094	0.05	Adapter 2423Hz	5	2.423	70.00	0.285
34.174	0.05	Adapter 2423Hz	5	2.423	70.00	0.285
34.254	0.05	Adapter 2423Hz	5	2.423	70.00	0.285
34.514	0.05	Adapter 2423Hz	5	2.423	70.00	0.285
34.594	0.05	Adapter 2423Hz	5	2.423	70.00	0.285
34.674	0.05	Adapter 2423Hz	5	2.423	70.00	0.285
34.754	0.05	Adapter 2423Hz	5	2.423	70.00	0.285
35.014	0.05	Adapter 2423Hz	5	2.423	70.00	0.285
35.094	0.05	Adapter 2423Hz	5	2.423	70.00	0.285
35.174	0.05	Adapter 2423Hz	5	2.423	70.00	0.285
35.254	0.05	Adapter 2423Hz	5	2.423	70.00	0.285
35.514	0.05	Adapter 2423Hz	5	2.423	70.00	0.285
35.594	0.05	Adapter 2423Hz	5	2.423	70.00	0.285
35.674	0.05	Adapter 2423Hz	5	2.423	70.00	0.285
35.754	0.05	Adapter 2423Hz	5	2.423	70.00	0.285
36.014	0.05	Adapter 2423Hz	5	2.423	70.00	0.285
36.094	0.05	Adapter 2423Hz	5	2.423	70.00	0.285
36.174	0.05	Adapter 2423Hz	5	2.423	70.00	0.285
36.254	0.05	Adapter 2423Hz	5	2.423	70.00	0.285
36.514	0.05	Adapter 2423Hz	5	2.423	70.00	0.285
36.594	0.05	Adapter 2423Hz	5	2.423	70.00	0.285
36.674	0.05	Adapter 2423Hz	5	2.423	70.00	0.285
36.754	0.05	Adapter 2423Hz	5	2.423	70.00	0.285
37.014	0.05	Adapter 2423Hz	5	2.423	70.00	0.285
37.094	0.05	Adapter 2423Hz	5	2.423	70.00	0.285
37.174	0.05	Adapter 2423Hz	5	2.423	70.00	0.285
37.254	0.05	Adapter 2423Hz	5	2.423	70.00	0.285
47.506	0.05	Adapter 899Hz Probe 3839Hz	7	0.899	70.00	0.121
47.586	0.05	Adapter 899Hz Probe 3839Hz	7	0.899	70.00	0.121
47.666	0.05	Adapter 899Hz Probe 3839Hz	7	0.899	70.00	0.121
47.746	0.05	Adapter 899Hz Probe 3839Hz	7	0.899	70.00	0.121
47.826	0.05	Adapter 899Hz Probe 3839Hz	7	3.839	70.00	0.437
48.006	0.05	Adapter 899Hz Probe 3839Hz	7	0.899	70.00	0.121
48.086	0.05	Adapter 899Hz Probe 3839Hz	7	0.899	70.00	0.121
48.166	0.05	Adapter 899Hz Probe 3839Hz	7	0.899	70.00	0.121
48.246	0.05	Adapter 899Hz Probe 3839Hz	7	0.899	70.00	0.121
48.326	0.05	Adapter 899Hz Probe 3839Hz	7	3.839	70.00	0.437
48.506	0.05	Adapter 899Hz Probe 3839Hz	7	0.899	70.00	0.121
48.586	0.05	Adapter 899Hz Probe 3839Hz	7	0.899	70.00	0.121
48.666	0.05	Adapter 899Hz Probe 3839Hz	7	0.899	70.00	0.121
48.746	0.05	Adapter 899Hz Probe 3839Hz	7	0.899	70.00	0.121
48.826	0.05	Adapter 899Hz Probe 3839Hz	7	3.839	70.00	0.437
49.006	0.05	Adapter 899Hz Probe 3839Hz	7	0.899	70.00	0.121
49.086	0.05	Adapter 899Hz Probe 3839Hz	7	0.899	70.00	0.121
49.166	0.05	Adapter 899Hz Probe 3839Hz	7	0.899	70.00	0.121
49.246	0.05	Adapter 899Hz Probe 3839Hz	7	0.899	70.00	0.121
49.326	0.05	Adapter 899Hz Probe 3839Hz	7	3.839	70.00	0.437
49.506	0.05	Adapter 899Hz Probe 3839Hz	7	0.899	70.00	0.121
49.586	0.05	Adapter 899Hz Probe 3839Hz	7	0.899	70.00	0.121
49.666	0.05	Adapter 899Hz Probe 3839Hz	7	0.899	70.00	0.121
49.746	0.05	Adapter 899Hz Probe 3839Hz	7	0.899	70.00	0.121
49.826	0.05	Adapter 899Hz Probe 3839Hz	7	3.839	70.00	0.437
50.006	0.05	Adapter 899Hz Probe 3839Hz	7	0.899	70.00	0.121
50.086	0.05	Adapter 899Hz Probe 3839Hz	7	0.899	70.00	0.121
50.166	0.05	Adapter 899Hz Probe 3839Hz	7	0.899	70.00	0.121
50.246	0.05	Adapter 899Hz Probe 3839Hz	7	0.899	70.00	0.121
50.326	0.05	Adapter 899Hz Probe 3839Hz	7	3.839	70.00	0.437
50.506	0.05	Adapter 899Hz Probe 3839Hz	7	0.899	70.00	0.121
50.586	0.05	Adapter 899Hz Probe 3839Hz	7	0.899	70.00	0.121
50.666	0.05	Adapter 899Hz Probe 3839Hz	7	0.899	70.00	0.121
50.746	0.05	Adapter 899Hz Probe 3839Hz	7	0.899	70.00	0.121
50.826	0.05	Adapter 899Hz Probe 3839Hz	7	3.839	70.00	0.437
51.006	0.05	Adapter 899Hz Probe 3839Hz	7	0.899	70.00	0.121
51.086	0.05	Adapter 899Hz Probe 3839Hz	7	0.899	70.00	0.121
51.166	0.05	Adapter 899Hz Probe 3839Hz	7	0.899	70.00	0.121
51.246	0.05	Adapter 899Hz Probe 3839Hz	7	0.899	70.00	0.121
51.326	0.05	Adapter 899Hz Probe 3839Hz	7	3.839	70.00	0.437
51.506	0.05	Adapter 899Hz Probe 3839Hz	7	0.899	70.00	0.121
51.586	0.05	Adapter 899Hz Probe 3839Hz	7	0.899	70.00	0.121
51.666	0.05	Adapter 899Hz Probe 3839Hz	7	0.899	70.00	0.121
51.746	0.05	Adapter 899Hz Probe 3839Hz	7	0.899	70.00	0.121
51.826	0.05	Adapter 899Hz Probe 3839Hz	7	3.839	70.00	0.437
52.006	0.05	Adapter 899Hz Probe 3839Hz	7	0.899	70.00	0.121
52.086	0.05	Adapter 899Hz Probe 3839Hz	7	0.899	70.00	0.121
52.166	0.05	Adapter 899Hz Probe 3839Hz	7	0.899	70.00	0.121
52.246	0.05	Adapter 899Hz Probe 3839Hz	7	0.899	70.00	0.121
52.326	0.05	Adapter 899Hz Probe 3839Hz	7	3.839	70.00	0.437
55.056	0.05	Adapter 3839Hz	8	3.839	70.00	0.437
55.136	0.05	Adapter 3839Hz	8	3.839	70.00	0.437
55.216	0.05	Adapter 3839Hz	8	3.839	70.00	0.437
55.296	0.05	Adapter 3839Hz	8	3.839	70.00	0.437
55.556	0.05	Adapter 3839Hz	8	3.839	70.00	0.437
55.636	0.05	Adapter 3839Hz	8	3.839	70.00	0.437
55.716	0.05	Adapter 3839Hz	8	3.839	70.00	0.437
55.796	0.05	Adapter 3839Hz	8	3.839	70.00	0.437
56.056	0.05	Adapter 3839Hz	8	3.839	70.00	0.437
56.136	0.05	Adapter 3839Hz	8	3.839	70.00	0.437
56.216	0.05	Adapter 3839Hz	8	3.839	70.00	0.437
56.296	0.05	Adapter 3839Hz	8	3.839	70.00	0.437
56.556	0.05	Adapter 3839Hz	8	3.839	70.00	0.437
56.636	0.05	Adapter 3839Hz	8	3.839	70.00	0.437
56.716	0.05	Adapter 3839Hz	8	3.839	70.00	0.437
56.796	0.05	Adapter 3839Hz	8	3.839	70.00	0.437
57.056	0.05	Adapter 3839Hz	8	3.839	70.00	0.437
57.136	0.05	Adapter 3839Hz	8	3.839	70.00	0.437
57.216	0.05	Adapter 3839Hz	8	3.839	70.00	0.437
57.296	0.05	Adapter 3839Hz	8	3.839	70.00	0.437
57.556	0.05	Adapter 3839Hz	8	3.839	70.00	0.437
57.636	0.05	Adapter 3839Hz	8	3.839	70.00	0.437
57.716	0.05	Adapter 3839Hz	8	3.839	70.00	0.437
57.796	0.05	Adapter 3839Hz	8	3.839	70.00	0.437
58.056	0.05	Adapter 3839Hz	8	3.839	70.00	0.437
58.136	0.05	Adapter 3839Hz	8	3.839	70.00	0.437
58.216	0.05	Adapter 3839Hz	8	3.839	70.00	0.437
58.296	0.05	Adapter 3839Hz	8	3.839	70.00	0.437
58.556	0.05	Adapter 3839Hz	8	3.839	70.00	0.437
58.636	0.05	Adapter 3839Hz	8	3.839	70.00	0.437
58.716	0.05	Adapter 3839Hz	8	3.839	70.00	0.437
58.796	0.05	Adapter 3839Hz	8	3.839	70.00	0.437
59.056	0.05	Adapter 3839Hz	8	3.839	70.00	0.437
59.136	0.05	Adapter 3839Hz	8	3.839	70.00	0.437
59.216	0.05	Adapter 3839Hz	8	3.839	70.00	0.437
59.296	0.05	Adapter 3839Hz	8	3.839	70.00	0.437
59.556	0.05	Adapter 3839Hz	8	3.839	70.00	0.437
59.636	0.05	Adapter 3839Hz	8	3.839	70.00	0.437
59.716	0.05	Adapter 3839Hz	8	3.839	70.00	0.437
59.796	0.05	Adapter 3839Hz	8	3.839	70.00	0.437
70.032	0.05	Adapter 507Hz Probe 3839Hz	10	0.507	70.00	0.079
70.112	0.05	Adapter 507Hz Probe 3839Hz	10	0.507	70.00	0.079
70.192	0.05	Adapter 507Hz Probe 3839Hz	10	0.507	70.00	0.079
70.272	0.05	Adapter 507Hz Probe 3839Hz	10	0.507	70.00	0.079
70.352	0.05	Adapter 507Hz Probe 3839Hz	10	3.839	70.00	0.437
70.532	0.05	Adapter 507Hz Probe 3839Hz	10	0.507	70.00	0.079
70.612	0.05	Adapter 507Hz Probe 3839Hz	10	0.507	70.00	0.079
70.692	0.05	Adapter 507Hz Probe 3839Hz	10	0.507	70.00	0.079
70.772	0.05	Adapter 507Hz Probe 3839Hz	10	0.507	70.00	0.079
70.852	0.05	Adapter 507Hz Probe 3839Hz	10	3.839	70.00	0.437
71.032	0.05	Adapter 507Hz Probe 3839Hz	10	0.507	70.00	0.079
71.112	0.05	Adapter 507Hz Probe 3839Hz	10	0.507	70.00	0.079
71.192	0.05	Adapter 507Hz Probe 3839Hz	10	0.507	70.00	0.079
71.272	0.05	Adapter 507Hz Probe 3839Hz	10	0.507	70.00	0.079
71.352	0.05	Adapter 507Hz Probe 3839Hz	10	3.839	70.00	0.437
71.532	0.05	Adapter 507Hz Probe 3839Hz	10	0.507	70.00	0.079
71.612	0.05	Adapter 507Hz Probe 3839Hz	10	0.507	70.00	0.079
71.692	0.05	Adapter 507Hz Probe 3839Hz	10	0.507	70.00	0.079
71.772	0.05	Adapter 507Hz Probe 3839Hz	10	0.507	70.00	0.079
71.852	0.05	Adapter 507Hz Probe 3839Hz	10	3.839	70.00	0.437
72.032	0.05	Adapter 507Hz Probe 3839Hz	10	0.507	70.00	0.079
72.112	0.05	Adapter 507Hz Probe 3839Hz	10	0.507	70.00	0.079
72.192	0.05	Adapter 507Hz Probe 3839Hz	10	0.507	70.00	0.079
72.272	0.05	Adapter 507Hz Probe 3839Hz	10	0.507	70.00	0.079
72.352	0.05	Adapter 507Hz Probe 3839Hz	10	3.839	70.00	0.437
72.532	0.05	Adapter 507Hz Probe 3839Hz	10	0.507	70.00	0.079
72.612	0.05	Adapter 507Hz Probe 3839Hz	10	0.507	70.00	0.079
72.692	0.05	Adapter 507Hz Probe 3839Hz	10	0.507	70.00	0.079
72.772	0.05	Adapter 507Hz Probe 3839Hz	10	0.507	70.00	0.079
72.852	0.05	Adapter 507Hz Probe 3839Hz	10	3.839	70.00	0.437
73.032	0.05	Adapter 507Hz Probe 3839Hz	10	0.507	70.00	0.079
73.112	0.05	Adapter 507Hz Probe 3839Hz	10	0.507	70.00	0.079
73.192	0.05	Adapter 507Hz Probe 3839Hz	10	0.507	70.00	0.079
73.272	0.05	Adapter 507Hz Probe 3839Hz	10	0.507	70.00	0.079
73.352	0.05	Adapter 507Hz Probe 3839Hz	10	3.839	70.00	0.437
73.532	0.05	Adapter 507Hz Probe 3839Hz	10	0.507	70.00	0.079
73.612	0.05	Adapter 507Hz Probe 3839Hz	10	0.507	70.00	0.079
73.692	0.05	Adapter 507Hz Probe 3839Hz	10	0.507	70.00	0.079
73.772	0.05	Adapter 507Hz Probe 3839Hz	10	0.507	70.00	0.079
73.852	0.05	Adapter 507Hz Probe 3839Hz	10	3.839	70.00	0.437
74.032	0.05	Adapter 507Hz Probe 3839Hz	10	0.507	70.00	0.079
74.112	0.05	Adapter 507Hz Probe 3839Hz	10	0.507	70.00	0.079
74.192	0.05	Adapter 507Hz Probe 3839Hz	10	0.507	70.00	0.079
74.272	0.05	Adapter 507Hz Probe 3839Hz	10	0.507	70.00	0.079
74.352	0.05	Adapter 507Hz Probe 3839Hz	10	3.839	70.00	0.437
74.532	0.05	Adapter 507Hz Probe 3839Hz	10	0.507	70.00	0.079
74.612	0.05	Adapter 507Hz Probe 3839Hz	10	0.507	70.00	0.079
74.692	0.05	Adapter 507Hz Probe 3839Hz	10	0.507	70.00	0.079
74.772	0.05	Adapter 507Hz Probe 3839Hz	10	0.507	70.00	0.079
74.852	0.05	Adapter 507Hz Probe 3839Hz	10	3.839	70.00	0.437
77.505	0.05	Adapter 251Hz	11	0.251	70.00	0.052
77.585	0.05	Adapter 251Hz	11	0.251	70.00	0.052
77.665	0.05	Adapter 251Hz	11	0.251	70.00	0.052
77.745	0.05	Adapter 251Hz	11	0.251	70.00	0.052
78.005	0.05	Adapter 251Hz	11	0.251	70.00	0.052
78.085	0.05	Adapter 251Hz	11	0.251	70.00	0.052
78.165	0.05	Adapter 251Hz	11	0.251	70.00	0.052
78.245	0.05	Adapter 251Hz	11	0.251	70.00	0.052
78.505	0.05	Adapter 251Hz	11	0.251	70.00	0.052
78.585	0.05	Adapter 251Hz	11	0.251	70.00	0.052
78.665	0.05	Adapter 251Hz	11	0.251	70.00	0.052
78.745	0.05	Adapter 251Hz	11	0.251	70.00	0.052
79.005	0.05	Adapter 251Hz	11	0.251	70.00	0.052
79.085	0.05	Adapter 251Hz	11	0.251	70.00	0.052
79.165	0.05	Adapter 251Hz	11	0.251	70.00	0.052
79.245	0.05	Adapter 251Hz	11	0.251	70.00	0.052
79.505	0.05	Adapter 251Hz	11	0.251	70.00	0.052
79.585	0.05	Adapter 251Hz	11	0.251	70.00	0.052
79.665	0.05	Adapter 251Hz	11	0.251	70.00	0.052
79.745	0.05	Adapter 251Hz	11	0.251	70.00	0.052
80.005	0.05	Adapter 251Hz	11	0.251	70.00	0.052
80.085	0.05	Adapter 251Hz	11	0.251	70.00	0.052
80.165	0.05	Adapter 251Hz	11	0.251	70.00	0.052
80.245	0.05	Adapter 251Hz	11	0.251	70.00	0.052
80.505	0.05	Adapter 251Hz	11	0.251	70.00	0.052
80.585	0.05	Adapter 251Hz	11	0.251	70.00	0.052
80.665	0.05	Adapter 251Hz	11	0.251	70.00	0.052
80.745	0.05	Adapter 251Hz	11	0.251	70.00	0.052
81.005	0.05	Adapter 251Hz	11	0.251	70.00	0.052
81.085	0.05	Adapter 251Hz	11	0.251	70.00	0.052
81.165	0.05	Adapter 251Hz	11	0.251	70.00	0.052
81.245	0.05	Adapter 251Hz	11	0.251	70.00	0.052
81.505	0.05	Adapter 251Hz	11	0.251	70.00	0.052
81.585	0.05	Adapter 251Hz	11	0.251	70.00	0.052
81.665	0.05	Adapter 251Hz	11	0.251	70.00	0.052
81.745	0.05	Adapter 251Hz	11	0.251	70.00	0.052
82.005	0.05	Adapter 251Hz	11	0.251	70.00	0.052
82.085	0.05	Adapter 251Hz	11	0.251	70.00	0.052
82.165	0.05	Adapter 251Hz	11	0.251	70.00	0.052
82.245	0.05	Adapter 251Hz	11	0.251	70.00	0.052
85.055	0.05	Adapter 1501Hz	12	1.501	70.00	0.186
85.135	0.05	Adapter 1501Hz	12	1.501	70.00	0.186
85.215	0.05	Adapter 1501Hz	12	1.501	70.00	0.186
85.295	0.05	Adapter 1501Hz	12	1.501	70.00	0.186
85.555	0.05	Adapter 1501Hz	12	1.501	70.00	0.186
85.635	0.05	Adapter 1501Hz	12	1.501	70.00	0.186
85.715	0.05	Adapter 1501Hz	12	1.501	70.00	0.186
85.795	0.05	Adapter 1501Hz	12	1.501	70.00	0.186
86.055	0.05	Adapter 1501Hz	12	1.501	70.00	0.186
86.135	0.05	Adapter 1501Hz	12	1.501	70.00	0.186
86.215	0.05	Adapter 1501Hz	12	1.501	70.00	0.186
86.295	0.05	Adapter 1501Hz	12	1.501	70.00	0.186
86.555	0.05	Adapter 1501Hz	12	1.501	70.00	0.186
86.635	0.05	Adapter 1501Hz	12	1.501	70.00	0.186
86.715	0.05	Adapter 1501Hz	12	1.501	70.00	0.186
86.795	0.05	Adapter 1501Hz	12	1.501	70.00	0.186
87.055	0.05	Adapter 1501Hz	12	1.501	70.00	0.186
87.135	0.05	Adapter 1501Hz	12	1.501	70.00	0.186
87.215	0.05	Adapter 1501Hz	12	1.501	70.00	0.186
87.295	0.05	Adapter 1501Hz	12	1.501	70.00	0.186
87.555	0.05	Adapter 1501Hz	12	1.501	70.00	0.186
87.635	0.05	Adapter 1501Hz	12	1.501	70.00	0.186
87.715	0.05	Adapter 1501Hz	12	1.501	70.00	0.186
87.795	0.05	Adapter 1501Hz	12	1.501	70.00	0.186
88.055	0.05	Adapter 1501Hz	12	1.501	70.00	0.186
88.135	0.05	Adapter 1501Hz	12	1.501	70.00	0.186
88.215	0.05	Adapter 1501Hz	12	1.501	70.00	0.186
88.295	0.05	Adapter 1501Hz	12	1.501	70.00	0.186
88.555	0.05	Adapter 1501Hz	12	1.501	70.00	0.186
88.635	0.05	Adapter 1501Hz	12	1.501	70.00	0.186
88.715	0.05	Adapter 1501Hz	12	1.501	70.00	0.186
88.795	0.05	Adapter 1501Hz	12	1.501	70.00	0.186
89.055	0.05	Adapter 1501Hz	12	1.501	70.00	0.186
89.135	0.05	Adapter 1501Hz	12	1.501	70.00	0.186
89.215	0.05	Adapter 1501Hz	12	1.501	70.00	0.186
89.295	0.05	Adapter 1501Hz	12	1.501	70.00	0.186
89.555	0.05	Adapter 1501Hz	12	1.501	70.00	0.186
89.635	0.05	Adapter 1501Hz	12	1.501	70.00	0.186
89.715	0.05	Adapter 1501Hz	12	1.501	70.00	0.186
89.795	0.05	Adapter 1501Hz	12	1.501	70.00	0.186
92.528	0.05	Adapter 507Hz	13	0.507	70.00	0.079
92.608	0.05	Adapter 507Hz	13	0.507	70.00	0.079
92.688	0.05	Adapter 507Hz	13	0.507	70.00	0.079
92.768	0.05	Adapter 507Hz	13	0.507	70.00	0.079
93.028	0.05	Adapter 507Hz	13	0.507	70.00	0.079
93.108	0.05	Adapter 507Hz	13	0.507	70.00	0.079
93.188	0.05	Adapter 507Hz	13	0.507	70.00	0.079
93.268	0.05	Adapter 507Hz	13	0.507	70.00	0.079
93.528	0.05	Adapter 507Hz	13	0.507	70.00	0.079
93.608	0.05	Adapter 507Hz	13	0.507	70.00	0.079
93.688	0.05	Adapter 507Hz	13	0.507	70.00	0.079
93.768	0.05	Adapter 507Hz	13	0.507	70.00	0.079
94.028	0.05	Adapter 507Hz	13	0.507	70.00	0.079
94.108	0.05	Adapter 507Hz	13	0.507	70.00	0.079
94.188	0.05	Adapter 507Hz	13	0.507	70.00	0.079
94.268	0.05	Adapter 507Hz	13	0.507	70.00	0.079
94.528	0.05	Adapter 507Hz	13	0.507	70.00	0.079
94.608	0.05	Adapter 507Hz	13	0.507	70.00	0.079
94.688	0.05	Adapter 507Hz	13	0.507	70.00	0.079
94.768	0.05	Adapter 507Hz	13	0.507	70.00	0.079
95.028	0.05	Adapter 507Hz	13	0.507	70.00	0.079
95.108	0.05	Adapter 507Hz	13	0.507	70.00	0.079
95.188	0.05	Adapter 507Hz	13	0.507	70.00	0.079
95.268	0.05	Adapter 507Hz	13	0.507	70.00	0.079
95.528	0.05	Adapter 507Hz	13	0.507	70.00	0.079
95.608	0.05	Adapter 507Hz	13	0.507	70.00	0.079
95.688	0.05	Adapter 507Hz	13	0.507	70.00	0.079
95.768	0.05	Adapter 507Hz	13	0.507	70.00	0.079
96.028	0.05	Adapter 507Hz	13	0.507	70.00	0.079
96.108	0.05	Adapter 507Hz	13	0.507	70.00	0.079
96.188	0.05	Adapter 507Hz	13	0.507	70.00	0.079
96.268	0.05	Adapter 507Hz	13	0.507	70.00	0.079
96.528	0.05	Adapter 507Hz	13	0.507	70.00	0.079
96.608	0.05	Adapter 507Hz	13	0.507	70.00	0.079
96.688	0.05	Adapter 507Hz	13	0.507	70.00	0.079
96.768	0.05	Adapter 507Hz	13	0.507	70.00	0.079
97.028	0.05	Adapter 507Hz	13	0.507	70.00	0.079
97.108	0.05	Adapter 507Hz	13	0.507	70.00	0.079
97.188	0.05	Adapter 507Hz	13	0.507	70.00	0.079
97.268	0.05	Adapter 507Hz	13	0.507	70.00	0.079
100.016	0.05	Adapter 2423Hz Probe 3839Hz	14	2.423	70.00	0.285
100.096	0.05	Adapter 2423Hz Probe 3839Hz	14	2.423	70.00	0.285
100.176	0.05	Adapter 2423Hz Probe 3839Hz	14	2.423	70.00	0.285
100.256	0.05	Adapter 2423Hz Probe 3839Hz	14	2.423	70.00	0.285
100.336	0.05	Adapter 2423Hz Probe 3839Hz	14	3.839	70.00	0.437
100.516	0.05	Adapter 2423Hz Probe 3839Hz	14	2.423	70.00	0.285
100.596	0.05	Adapter 2423Hz Probe 3839Hz	14	2.423	70.00	0.285
100.676	0.05	Adapter 2423Hz Probe 3839Hz	14	2.423	70.00	0.285
100.756	0.05	Adapter 2423Hz Probe 3839Hz	14	2.423	70.00	0.285
100.836	0.05	Adapter 2423Hz Probe 3839Hz	14	3.839	70.00	0.437
101.016	0.05	Adapter 2423Hz Probe 3839Hz	14	2.423	70.00	0.285
101.096	0.05	Adapter 2423Hz Probe 3839Hz	14	2.423	70.00	0.285
101.176	0.05	Adapter 2423Hz Probe 3839Hz	14	2.423	70.00	0.285
101.256	0.05	Adapter 2423Hz Probe 3839Hz	14	2.423	70.00	0.285
101.336	0.05	Adapter 2423Hz Probe 3839Hz	14	3.839	70.00	0.437
101.516	0.05	Adapter 2423Hz Probe 3839Hz	14	2.423	70.00	0.285
101.596	0.05	Adapter 2423Hz Probe 3839Hz	14	2.423	70.00	0.285
101.676	0.05	Adapter 2423Hz Probe 3839Hz	14	2.423	70.00	0.285
101.756	0.05	Adapter 2423Hz Probe 3839Hz	14	2.423	70.00	0.285
101.836	0.05	Adapter 2423Hz Probe 3839Hz	14	3.839	70.00	0.437
102.016	0.05	Adapter 2423Hz Probe 3839Hz	14	2.423	70.00	0.285
102.096	0.05	Adapter 2423Hz Probe 3839Hz	14	2.423	70.00	0.285
102.176	0.05	Adapter 2423Hz Probe 3839Hz	14	2.423	70.00	0.285
102.256	0.05	Adapter 2423Hz Probe 3839Hz	14	2.423	70.00	0.285
102.336	0.05	Adapter 2423Hz Probe 3839Hz	14	3.839	70.00	0.437
102.516	0.05	Adapter 2423Hz Probe 3839Hz	14	2.423	70.00	0.285
102.596	0.05	Adapter 2423Hz Probe 3839Hz	14	2.423	70.00	0.285
102.676	0.05	Adapter 2423Hz Probe 3839Hz	14	2.423	70.00	0.285
102.756	0.05	Adapter 2423Hz Probe 3839Hz	14	2.423	70.00	0.285
102.836	0.05	Adapter 2423Hz Probe 3839Hz	14	3.839	70.00	0.437
103.016	0.05	Adapter 2423Hz Probe 3839Hz	14	2.423	70.00	0.285
103.096	0.05	Adapter 2423Hz Probe 3839Hz	14	2.423	70.00	0.285
103.176	0.05	Adapter 2423Hz Probe 3839Hz	14	2.423	70.00	0.285
103.256	0.05	Adapter 2423Hz Probe 3839Hz	14	2.423	70.00	0.285
103.336	0.05	Adapter 2423Hz Probe 3839Hz	14	3.839	70.00	0.437
103.516	0.05	Adapter 2423Hz Probe 3839Hz	14	2.423	70.00	0.285
103.596	0.05	Adapter 2423Hz Probe 3839Hz	14	2.423	70.00	0.285
103.676	0.05	Adapter 2423Hz Probe 3839Hz	14	2.423	70.00	0.285
103.756	0.05	Adapter 2423Hz Probe 3839Hz	14	2.423	70.00	0.285
103.836	0.05	Adapter 2423Hz Probe 3839Hz	14	3.839	70.00	0.437
104.016	0.05	Adapter 2423Hz Probe 3839Hz	14	2.423	70.00	0.285
104.096	0.05	Adapter 2423Hz Probe 3839Hz	14	2.423	70.00	0.285
104.176	0.05	Adapter 2423Hz Probe 3839Hz	14	2.423	70.00	0.285
104.256	0.05	Adapter 2423Hz Probe 3839Hz	14	2.423	70.00	0.285
104.336	0.05	Adapter 2423Hz Probe 3839Hz	14	3.839	70.00	0.437
104.516	0.05	Adapter 2423Hz Probe 3839Hz	14	2.423	70.00	0.285
104.596	0.05	Adapter 2423Hz Probe 3839Hz	14	2.423	70.00	0.285
104.676	0.05	Adapter 2423Hz Probe 3839Hz	14	2.423	70.00	0.285
104.756	0.05	Adapter 2423Hz Probe 3839Hz	14	2.423	70.00	0.285
104.836	0.05	Adapter 2423Hz Probe 3839Hz	14	3.839	70.00	0.437
107.504	0.05	Adapter 1501Hz Probe 3839Hz	15	1.501	70.00	0.186
107.584	0.05	Adapter 1501Hz Probe 3839Hz	15	1.501	70.00	0.186
107.664	0.05	Adapter 1501Hz Probe 3839Hz	15	1.501	70.00	0.186
107.744	0.05	Adapter 1501Hz Probe 3839Hz	15	1.501	70.00	0.186
107.824	0.05	Adapter 1501Hz Probe 3839Hz	15	3.839	70.00	0.437
108.004	0.05	Adapter 1501Hz Probe 3839Hz	15	1.501	70.00	0.186
108.084	0.05	Adapter 1501Hz Probe 3839Hz	15	1.501	70.00	0.186
108.164	0.05	Adapter 1501Hz Probe 3839Hz	15	1.501	70.00	0.186
108.244	0.05	Adapter 1501Hz Probe 3839Hz	15	1.501	70.00	0.186
108.324	0.05	Adapter 1501Hz Probe 3839Hz	15	3.839	70.00	0.437
108.504	0.05	Adapter 1501Hz Probe 3839Hz	15	1.501	70.00	0.186
108.584	0.05	Adapter 1501Hz Probe 3839Hz	15	1.501	70.00	0.186
108.664	0.05	Adapter 1501Hz Probe 3839Hz	15	1.501	70.00	0.186
108.744	0.05	Adapter 1501Hz Probe 3839Hz	15	1.501	70.00	0.186
108.824	0.05	Adapter 1501Hz Probe 3839Hz	15	3.839	70.00	0.437
109.004	0.05	Adapter 1501Hz Probe 3839Hz	15	1.501	70.00	0.186
109.084	0.05	Adapter 1501Hz Probe 3839Hz	15	1.501	70.00	0.186
109.164	0.05	Adapter 1501Hz Probe 3839Hz	15	1.501	70.00	0.186
109.244	0.05	Adapter 1501Hz Probe 3839Hz	15	1.501	70.00	0.186
109.324	0.05	Adapter 1501Hz Probe 3839Hz	15	3.839	70.00	0.437
109.504	0.05	Adapter 1501Hz Probe 3839Hz	15	1.501	70.00	0.186
109.584	0.05	Adapter 1501Hz Probe 3839Hz	15	1.501	70.00	0.186
109.664	0.05	Adapter 1501Hz Probe 3839Hz	15	1.501	70.00	0.186
109.744	0.05	Adapter 1501Hz Probe 3839Hz	15	1.501	70.00	0.186
109.824	0.05	Adapter 1501Hz Probe 3839Hz	15	3.839	70.00	0.437
110.004	0.05	Adapter 1501Hz Probe 3839Hz	15	1.501	70.00	0.186
110.084	0.05	Adapter 1501Hz Probe 3839Hz	15	1.501	70.00	0.186
110.164	0.05	Adapter 1501Hz Probe 3839Hz	15	1.501	70.00	0.186
110.244	0.05	Adapter 1501Hz Probe 3839Hz	15	1.501	70.00	0.186
110.324	0.05	Adapter 1501Hz Probe 3839Hz	15	3.839	70.00	0.437
110.504	0.05	Adapter 1501Hz Probe 3839Hz	15	1.501	70.00	0.186
110.584	0.05	Adapter 1501Hz Probe 3839Hz	15	1.501	70.00	0.186
110.664	0.05	Adapter 1501Hz Probe 3839Hz	15	1.501	70.00	0.186
110.744	0.05	Adapter 1501Hz Probe 3839Hz	15	1.501	70.00	0.186
110.824	0.05	Adapter 1501Hz Probe 3839Hz	15	3.839	70.00	0.437
111.004	0.05	Adapter 1501Hz Probe 3839Hz	15	1.501	70.00	0.186
111.084	0.05	Adapter 1501Hz Probe 3839Hz	15	1.501	70.00	0.186
111.164	0.05	Adapter 1501Hz Probe 3839Hz	15	1.501	70.00	0.186
111.244	0.05	Adapter 1501Hz Probe 3839Hz	15	1.501	70.00	0.186
111.324	0.05	Adapter 1501Hz Probe 3839Hz	15	3.839	70.00	0.437
111.504	0.05	Adapter 1501Hz Probe 3839Hz	15	1.501	70.00	0.186
111.584	0.05	Adapter 1501Hz Probe 3839Hz	15	1.501	70.00	0.186
111.664	0.05	Adapter 1501Hz Probe 3839Hz	15	1.501	70.00	0.186
111.744	0.05	Adapter 1501Hz Probe 3839Hz	15	1.501	70.00	0.186
111.824	0.05	Adapter 1501Hz Probe 3839Hz	15	3.839	70.00	0.437
112.004	0.05	Adapter 1501Hz Probe 3839Hz	15	1.501	70.00	0.186
112.084	0.05	Adapter 1501Hz Probe 3839Hz	15	1.501	70.00	0.186
112.164	0.05	Adapter 1501Hz Probe 3839Hz	15	1.501	70.00	0.186
112.244	0.05	Adapter 1501Hz Probe 3839Hz	15	1.501	70.00	0.186
112.324	0.05	Adapter 1501Hz Probe 3839Hz	15	3.839	70.00	0.437
115.054	0.05	Adapter 899Hz	16	0.899	70.00	0.121
115.134	0.05	Adapter 899Hz	16	0.899	70.00	0.121
115.214	0.05	Adapter 899Hz	16	0.899	70.00	0.121
115.294	0.05	Adapter 899Hz	16	0.899	70.00	0.121
115.554	0.05	Adapter 899Hz	16	0.899	70.00	0.121
115.634	0.05	Adapter 899Hz	16	0.899	70.00	0.121
115.714	0.05	Adapter 899Hz	16	0.899	70.00	0.121
115.794	0.05	Adapter 899Hz	16	0.899	70.00	0.121
116.054	0.05	Adapter 899Hz	16	0.899	70.00	0.121
116.134	0.05	Adapter 899Hz	16	0.899	70.00	0.121
116.214	0.05	Adapter 899Hz	16	0.899	70.00	0.121
116.294	0.05	Adapter 899Hz	16	0.899	70.00	0.121
116.554	0.05	Adapter 899Hz	16	0.899	70.00	0.121
116.634	0.05	Adapter 899Hz	16	0.899	70.00	0.121
116.714	0.05	Adapter 899Hz	16	0.899	70.00	0.121
116.794	0.05	Adapter 899Hz	16	0.899	70.00	0.121
117.054	0.05	Adapter 899Hz	16	0.899	70.00	0.121
117.134	0.05	Adapter 899Hz	16	0.899	70.00	0.121
117.214	0.05	Adapter 899Hz	16	0.899	70.00	0.121
117.294	0.05	Adapter 899Hz	16	0.899	70.00	0.121
117.554	0.05	Adapter 899Hz	16	0.899	70.00	0.121
117.634	0.05	Adapter 899Hz	16	0.899	70.00	0.121
117.714	0.05	Adapter 899Hz	16	0.899	70.00	0.121
117.794	0.05	Adapter 899Hz	16	0.899	70.00	0.121
118.054	0.05	Adapter 899Hz	16	0.899	70.00	0.121
118.134	0.05	Adapter 899Hz	16	0.899	70.00	0.121
118.214	0.05	Adapter 899Hz	16	0.899	70.00	0.121
118.294	0.05	Adapter 899Hz	16	0.899	70.00	0.121
118.554	0.05	Adapter 899Hz	16	0.899	70.00	0.121
118.634	0.05	Adapter 899Hz	16	0.899	70.00	0.121
118.714	0.05	Adapter 899Hz	16	0.899	70.00	0.121
118.794	0.05	Adapter 899Hz	16	0.899	70.00	0.121
119.054	0.05	Adapter 899Hz	16	0.899	70.00	0.121
119.134	0.05	Adapter 899Hz	16	0.899	70.00	0.121
119.214	0.05	Adapter 899Hz	16	0.899	70.00	0.121
119.294	0.05	Adapter 899Hz	16	0.899	70.00	0.121
119.554	0.05	Adapter 899Hz	16	0.899	70.00	0.121
119.634	0.05	Adapter 899Hz	16	0.899	70.00	0.121
119.714	0.05	Adapter 899Hz	16	0.899	70.00	0.121
119.794	0.05	Adapter 899Hz	16	0.899	70.00	0.121
122.526	0.05	Adapter 3839Hz	17	3.839	70.00	0.437
122.606	0.05	Adapter 3839Hz	17	3.839	70.00	0.437
122.686	0.05	Adapter 3839Hz	17	3.839	70.00	0.437
122.766	0.05	Adapter 3839Hz	17	3.839	70.00	0.437
123.026	0.05	Adapter 3839Hz	17	3.839	70.00	0.437
123.106	0.05	Adapter 3839Hz	17	3.839	70.00	0.437
123.186	0.05	Adapter 3839Hz	17	3.839	70.00	0.437
123.266	0.05	Adapter 3839Hz	17	3.839	70.00	0.437
123.526	0.05	Adapter 3839Hz	17	3.839	70.00	0.437
123.606	0.05	Adapter 3839Hz	17	3.839	70.00	0.437
123.686	0.05	Adapter 3839Hz	17	3.839	70.00	0.437
123.766	0.05	Adapter 3839Hz	17	3.839	70.00	0.437
124.026	0.05	Adapter 3839Hz	17	3.839	70.00	0.437
124.106	0.05	Adapter 3839Hz	17	3.839	70.00	0.437
124.186	0.05	Adapter 3839Hz	17	3.839	70.00	0.437
124.266	0.05	Adapter 3839Hz	17	3.839	70.00	0.437
124.526	0.05	Adapter 3839Hz	17	3.839	70.00	0.437
124.606	0.05	Adapter 3839Hz	17	3.839	70.00	0.437
124.686	0.05	Adapter 3839Hz	17	3.839	70.00	0.437
124.766	0.05	Adapter 3839Hz	17	3.839	70.00	0.437
125.026	0.05	Adapter 3839Hz	17	3.839	70.00	0.437
125.106	0.05	Adapter 3839Hz	17	3.839	70.00	0.437
125.186	0.05	Adapter 3839Hz	17	3.839	70.00	0.437
125.266	0.05	Adapter 3839Hz	17	3.839	70.00	0.437
125.526	0.05	Adapter 3839Hz	17	3.839	70.00	0.437
125.606	0.05	Adapter 3839Hz	17	3.839	70.00	0.437
125.686	0.05	Adapter 3839Hz	17	3.839	70.00	0.437
125.766	0.05	Adapter 3839Hz	17	3.839	70.00	0.437
126.026	0.05	Adapter 3839Hz	17	3.839	70.00	0.437
126.106	0.05	Adapter 3839Hz	17	3.839	70.00	0.437
126.186	0.05	Adapter 3839Hz	17	3.839	70.00	0.437
126.266	0.05	Adapter 3839Hz	17	3.839	70.00	0.437
126.526	0.05	Adapter 3839Hz	17	3.839	70.00	0.437
126.606	0.05	Adapter 3839Hz	17	3.839	70.00	0.437
126.686	0.05	Adapter 3839Hz	17	3.839	70.00	0.437
126.766	0.05	Adapter 3839Hz	17	3.839	70.00	0.437
127.026	0.05	Adapter 3839Hz	17	3.839	70.00	0.437
127.106	0.05	Adapter 3839Hz	17	3.839	70.00	0.437
127.186	0.05	Adapter 3839Hz	17	3.839	70.00	0.437
127.266	0.05	Adapter 3839Hz	17	3.839	70.00	0.437
137.502	0.05	Adapter 899Hz Probe 3839Hz	19	0.899	70.00	0.121
137.582	0.05	Adapter 899Hz Probe 3839Hz	19	0.899	70.00	0.121
137.662	0.05	Adapter 899Hz Probe 3839Hz	19	0.899	70.00	0.121
137.742	0.05	Adapter 899Hz Probe 3839Hz	19	0.899	70.00	0.121
137.822	0.05	Adapter 899Hz Probe 3839Hz	19	3.839	70.00	0.437
138.002	0.05	Adapter 899Hz Probe 3839Hz	19	0.899	70.00	0.121
138.082	0.05	Adapter 899Hz Probe 3839Hz	19	0.899	70.00	0.121
138.162	0.05	Adapter 899Hz Probe 3839Hz	19	0.899	70.00	0.121
138.242	0.05	Adapter 899Hz Probe 3839Hz	19	0.899	70.00	0.121
138.322	0.05	Adapter 899Hz Probe 3839Hz	19	3.839	70.00	0.437
138.502	0.05	Adapter 899Hz Probe 3839Hz	19	0.899	70.00	0.121
138.582	0.05	Adapter 899Hz Probe 3839Hz	19	0.899	70.00	0.121
138.662	0.05	Adapter 899Hz Probe 3839Hz	19	0.899	70.00	0.121
138.742	0.05	Adapter 899Hz Probe 3839Hz	19	0.899	70.00	0.121
138.822	0.05	Adapter 899Hz Probe 3839Hz	19	3.839	70.00	0.437
139.002	0.05	Adapter 899Hz Probe 3839Hz	19	0.899	70.00	0.121
139.082	0.05	Adapter 899Hz Probe 3839Hz	19	0.899	70.00	0.121
139.162	0.05	Adapter 899Hz Probe 3839Hz	19	0.899	70.00	0.121
139.242	0.05	Adapter 899Hz Probe 3839Hz	19	0.899	70.00	0.121
139.322	0.05	Adapter 899Hz Probe 3839Hz	19	3.839	70.00	0.437
139.502	0.05	Adapter 899Hz Probe 3839Hz	19	0.899	70.00	0.121
139.582	0.05	Adapter 899Hz Probe 3839Hz	19	0.899	70.00	0.121
139.662	0.05	Adapter 899Hz Probe 3839Hz	19	0.899	70.00	0.121
139.742	0.05	Adapter 899Hz Probe 3839Hz	19	0.899	70.00	0.121
139.822	0.05	Adapter 899Hz Probe 3839Hz	19	3.839	70.00	0.437
140.002	0.05	Adapter 899Hz Probe 3839Hz	19	0.899	70.00	0.121
140.082	0.05	Adapter 899Hz Probe 3839Hz	19	0.899	70.00	0.121
140.162	0.05	Adapter 899Hz Probe 3839Hz	19	0.899	70.00	0.121
140.242	0.05	Adapter 899Hz Probe 3839Hz	19	0.899	70.00	0.121
140.322	0.05	Adapter 899Hz Probe 3839Hz	19	3.839	70.00	0.437
140.502	0.05	Adapter 899Hz Probe 3839Hz	19	0.899	70.00	0.121
140.582	0.05	Adapter 899Hz Probe 3839Hz	19	0.899	70.00	0.121
140.662	0.05	Adapter 899Hz Probe 3839Hz	19	0.899	70.00	0.121
140.742	0.05	Adapter 899Hz Probe 3839Hz	19	0.899	70.00	0.121
140.822	0.05	Adapter 899Hz Probe 3839Hz	19	3.839	70.00	0.437
141.002	0.05	Adapter 899Hz Probe 3839Hz	19	0.899	70.00	0.121
141.082	0.05	Adapter 899Hz Probe 3839Hz	19	0.899	70.00	0.121
141.162	0.05	Adapter 899Hz Probe 3839Hz	19	0.899	70.00	0.121
141.242	0.05	Adapter 899Hz Probe 3839Hz	19	0.899	70.00	0.121
141.322	0.05	Adapter 899Hz Probe 3839Hz	19	3.839	70.00	0.437
141.502	0.05	Adapter 899Hz Probe 3839Hz	19	0.899	70.00	0.121
141.582	0.05	Adapter 899Hz Probe 3839Hz	19	0.899	70.00	0.121
141.662	0.05	Adapter 899Hz Probe 3839Hz	19	0.899	70.00	0.121
141.742	0.05	Adapter 899Hz Probe 3839Hz	19	0.899	70.00	0.121
141.822	0.05	Adapter 899Hz Probe 3839Hz	19	3.839	70.00	0.437
142.002	0.05	Adapter 899Hz Probe 3839Hz	19	0.899	70.00	0.121
142.082	0.05	Adapter 899Hz Probe 3839Hz	19	0.899	70.00	0.121
142.162	0.05	Adapter 899Hz Probe 3839Hz	19	0.899	70.00	0.121
142.242	0.05	Adapter 899Hz Probe 3839Hz	19	0.899	70.00	0.121
142.322	0.05	Adapter 899Hz Probe 3839Hz	19	3.839	70.00	0.437
145.037	0.05	Adapter 2423Hz	20	2.423	70.00	0.285
145.117	0.05	Adapter 2423Hz	20	2.423	70.00	0.285
145.197	0.05	Adapter 2423Hz	20	2.423	70.00	0.285
145.277	0.05	Adapter 2423Hz	20	2.423	70.00	0.285
145.537	0.05	Adapter 2423Hz	20	2.423	70.00	0.285
145.617	0.05	Adapter 2423Hz	20	2.423	70.00	0.285
145.697	0.05	Adapter 2423Hz	20	2.423	70.00	0.285
145.777	0.05	Adapter 2423Hz	20	2.423	70.00	0.285
146.037	0.05	Adapter 2423Hz	20	2.423	70.00	0.285
146.117	0.05	Adapter 2423Hz	20	2.423	70.00	0.285
146.197	0.05	Adapter 2423Hz	20	2.423	70.00	0.285
146.277	0.05	Adapter 2423Hz	20	2.423	70.00	0.285
146.537	0.05	Adapter 2423Hz	20	2.423	70.00	0.285
146.617	0.05	Adapter 2423Hz	20	2.423	70.00	0.285
146.697	0.05	Adapter 2423Hz	20	2.423	70.00	0.285
146.777	0.05	Adapter 2423Hz	20	2.423	70.00	0.285
147.037	0.05	Adapter 2423Hz	20	2.423	70.00	0.285
147.117	0.05	Adapter 2423Hz	20	2.423	70.00	0.285
147.197	0.05	Adapter 2423Hz	20	2.423	70.00	0.285
147.277	0.05	Adapter 2423Hz	20	2.423	70.00	0.285
147.537	0.05	Adapter 2423Hz	20	2.423	70.00	0.285
147.617	0.05	Adapter 2423Hz	20	2.423	70.00	0.285
147.697	0.05	Adapter 2423Hz	20	2.423	70.00	0.285
147.777	0.05	Adapter 2423Hz	20	2.423	70.00	0.285
148.037	0.05	Adapter 2423Hz	20	2.423	70.00	0.285
148.117	0.05	Adapter 2423Hz	20	2.423	70.00	0.285
148.197	0.05	Adapter 2423Hz	20	2.423	70.00	0.285
148.277	0.05	Adapter 2423Hz	20	2.423	70.00	0.285
148.537	0.05	Adapter 2423Hz	20	2.423	70.00	0.285
148.617	0.05	Adapter 2423Hz	20	2.423	70.00	0.285
148.697	0.05	Adapter 2423Hz	20	2.423	70.00	0.285
148.777	0.05	Adapter 2423Hz	20	2.423	70.00	0.285
149.037	0.05	Adapter 2423Hz	20	2.423	70.00	0.285
149.117	0.05	Adapter 2423Hz	20	2.423	70.00	0.285
149.197	0.05	Adapter 2423Hz	20	2.423	70.00	0.285
149.277	0.05	Adapter 2423Hz	20	2.423	70.00	0.285
149.537	0.05	Adapter 2423Hz	20	2.423	70.00	0.285
149.617	0.05	Adapter 2423Hz	20	2.423	70.00	0.285
149.697	0.05	Adapter 2423Hz	20	2.423	70.00	0.285
149.777	0.05	Adapter 2423Hz	20	2.423	70.00	0.285
152.525	0.05	Adapter 6009Hz	21	6.009	70.00	0.671
152.605	0.05	Adapter 6009Hz	21	6.009	70.00	0.671
152.685	0.05	Adapter 6009Hz	21	6.009	70.00	0.671
152.765	0.05	Adapter 6009Hz	21	6.009	70.00	0.671
153.025	0.05	Adapter 6009Hz	21	6.009	70.00	0.671
153.105	0.05	Adapter 6009Hz	21	6.009	70.00	0.671
153.185	0.05	Adapter 6009Hz	21	6.009	70.00	0.671
153.265	0.05	Adapter 6009Hz	21	6.009	70.00	0.671
153.525	0.05	Adapter 6009Hz	21	6.009	70.00	0.671
153.605	0.05	Adapter 6009Hz	21	6.009	70.00	0.671
153.685	0.05	Adapter 6009Hz	21	6.009	70.00	0.671
153.765	0.05	Adapter 6009Hz	21	6.009	70.00	0.671
154.025	0.05	Adapter 6009Hz	21	6.009	70.00	0.671
154.105	0.05	Adapter 6009Hz	21	6.009	70.00	0.671
154.185	0.05	Adapter 6009Hz	21	6.009	70.00	0.671
154.265	0.05	Adapter 6009Hz	21	6.009	70.00	0.671
154.525	0.05	Adapter 6009Hz	21	6.009	70.00	0.671
154.605	0.05	Adapter 6009Hz	21	6.009	70.00	0.671
154.685	0.05	Adapter 6009Hz	21	6.009	70.00	0.671
154.765	0.05	Adapter 6009Hz	21	6.009	70.00	0.671
155.025	0.05	Adapter 6009Hz	21	6.009	70.00	0.671
155.105	0.05	Adapter 6009Hz	21	6.009	70.00	0.671
155.185	0.05	Adapter 6009Hz	21	6.009	70.00	0.671
155.265	0.05	Adapter 6009Hz	21	6.009	70.00	0.671
155.525	0.05	Adapter 6009Hz	21	6.009	70.00	0.671
155.605	0.05	Adapter 6009Hz	21	6.009	70.00	0.671
155.685	0.05	Adapter 6009Hz	21	6.009	70.00	0.671
155.765	0.05	Adapter 6009Hz	21	6.009	70.00	0.671
156.025	0.05	Adapter 6009Hz	21	6.009	70.00	0.671
156.105	0.05	Adapter 6009Hz	21	6.009	70.00	0.671
156.185	0.05	Adapter 6009Hz	21	6.009	70.00	0.671
156.265	0.05	Adapter 6009Hz	21	6.009	70.00	0.671
156.525	0.05	Adapter 6009Hz	21	6.009	70.00	0.671
156.605	0.05	Adapter 6009Hz	21	6.009	70.00	0.671
156.685	0.05	Adapter 6009Hz	21	6.009	70.00	0.671
156.765	0.05	Adapter 6009Hz	21	6.009	70.00	0.671
157.025	0.05	Adapter 6009Hz	21	6.009	70.00	0.671
157.105	0.05	Adapter 6009Hz	21	6.009	70.00	0.671
157.185	0.05	Adapter 6009Hz	21	6.009	70.00	0.671
157.265	0.05	Adapter 6009Hz	21	6.009	70.00	0.671
160.06	0.05	Adapter 507Hz	22	0.507	70.00	0.079
160.14	0.05	Adapter 507Hz	22	0.507	70.00	0.079
160.22	0.05	Adapter 507Hz	22	0.507	70.00	0.079
160.3	0.05	Adapter 507Hz	22	0.507	70.00	0.079
160.56	0.05	Adapter 507Hz	22	0.507	70.00	0.079
160.64	0.05	Adapter 507Hz	22	0.507	70.00	0.079
160.72	0.05	Adapter 507Hz	22	0.507	70.00	0.079
160.8	0.05	Adapter 507Hz	22	0.507	70.00	0.079
161.06	0.05	Adapter 507Hz	22	0.507	70.00	0.079
161.14	0.05	Adapter 507Hz	22	0.507	70.00	0.079
161.22	0.05	Adapter 507Hz	22	0.507	70.00	0.079
161.3	0.05	Adapter 507Hz	22	0.507	70.00	0.079
161.56	0.05	Adapter 507Hz	22	0.507	70.00	0.079
161.64	0.05	Adapter 507Hz	22	0.507	70.00	0.079
161.72	0.05	Adapter 507Hz	22	0.507	70.00	0.079
161.8	0.05	Adapter 507Hz	22	0.507	70.00	0.079
162.06	0.05	Adapter 507Hz	22	0.507	70.00	0.079
162.14	0.05	Adapter 507Hz	22	0.507	70.00	0.079
162.22	0.05	Adapter 507Hz	22	0.507	70.00	0.079
162.3	0.05	Adapter 507Hz	22	0.507	70.00	0.079
162.56	0.05	Adapter 507Hz	22	0.507	70.00	0.079
162.64	0.05	Adapter 507Hz	22	0.507	70.00	0.079
162.72	0.05	Adapter 507Hz	22	0.507	70.00	0.079
162.8	0.05	Adapter 507Hz	22	0.507	70.00	0.079
163.06	0.05	Adapter 507Hz	22	0.507	70.00	0.079
163.14	0.05	Adapter 507Hz	22	0.507	70.00	0.079
163.22	0.05	Adapter 507Hz	22	0.507	70.00	0.079
163.3	0.05	Adapter 507Hz	22	0.507	70.00	0.079
163.56	0.05	Adapter 507Hz	22	0.507	70.00	0.079
163.64	0.05	Adapter 507Hz	22	0.507	70.00	0.079
163.72	0.05	Adapter 507Hz	22	0.507	70.00	0.079
163.8	0.05	Adapter 507Hz	22	0.507	70.00	0.079
164.06	0.05	Adapter 507Hz	22	0.507	70.00	0.079
164.14	0.05	Adapter 507Hz	22	0.507	70.00	0.079
164.22	0.05	Adapter 507Hz	22	0.507	70.00	0.079
164.3	0.05	Adapter 507Hz	22	0.507	70.00	0.079
164.56	0.05	Adapter 507Hz	22	0.507	70.00	0.079
164.64	0.05	Adapter 507Hz	22	0.507	70.00	0.079
164.72	0.05	Adapter 507Hz	22	0.507	70.00	0.079
164.8	0.05	Adapter 507Hz	22	0.507	70.00	0.079
175.036	0.05	Adapter 3839Hz Probe 3839Hz	24	3.839	70.00	0.437
175.116	0.05	Adapter 3839Hz Probe 3839Hz	24	3.839	70.00	0.437
175.196	0.05	Adapter 3839Hz Probe 3839Hz	24	3.839	70.00	0.437
175.276	0.05	Adapter 3839Hz Probe 3839Hz	24	3.839	70.00	0.437
175.356	0.05	Adapter 3839Hz Probe 3839Hz	24	3.839	70.00	0.437
175.536	0.05	Adapter 3839Hz Probe 3839Hz	24	3.839	70.00	0.437
175.616	0.05	Adapter 3839Hz Probe 3839Hz	24	3.839	70.00	0.437
175.696	0.05	Adapter 3839Hz Probe 3839Hz	24	3.839	70.00	0.437
175.776	0.05	Adapter 3839Hz Probe 3839Hz	24	3.839	70.00	0.437
175.856	0.05	Adapter 3839Hz Probe 3839Hz	24	3.839	70.00	0.437
176.036	0.05	Adapter 3839Hz Probe 3839Hz	24	3.839	70.00	0.437
176.116	0.05	Adapter 3839Hz Probe 3839Hz	24	3.839	70.00	0.437
176.196	0.05	Adapter 3839Hz Probe 3839Hz	24	3.839	70.00	0.437
176.276	0.05	Adapter 3839Hz Probe 3839Hz	24	3.839	70.00	0.437
176.356	0.05	Adapter 3839Hz Probe 3839Hz	24	3.839	70.00	0.437
176.536	0.05	Adapter 3839Hz Probe 3839Hz	24	3.839	70.00	0.437
176.616	0.05	Adapter 3839Hz Probe 3839Hz	24	3.839	70.00	0.437
176.696	0.05	Adapter 3839Hz Probe 3839Hz	24	3.839	70.00	0.437
176.776	0.05	Adapter 3839Hz Probe 3839Hz	24	3.839	70.00	0.437
176.856	0.05	Adapter 3839Hz Probe 3839Hz	24	3.839	70.00	0.437
177.036	0.05	Adapter 3839Hz Probe 3839Hz	24	3.839	70.00	0.437
177.116	0.05	Adapter 3839Hz Probe 3839Hz	24	3.839	70.00	0.437
177.196	0.05	Adapter 3839Hz Probe 3839Hz	24	3.839	70.00	0.437
177.276	0.05	Adapter 3839Hz Probe 3839Hz	24	3.839	70.00	0.437
177.356	0.05	Adapter 3839Hz Probe 3839Hz	24	3.839	70.00	0.437
177.536	0.05	Adapter 3839Hz Probe 3839Hz	24	3.839	70.00	0.437
177.616	0.05	Adapter 3839Hz Probe 3839Hz	24	3.839	70.00	0.437
177.696	0.05	Adapter 3839Hz Probe 3839Hz	24	3.839	70.00	0.437
177.776	0.05	Adapter 3839Hz Probe 3839Hz	24	3.839	70.00	0.437
177.856	0.05	Adapter 3839Hz Probe 3839Hz	24	3.839	70.00	0.437
178.036	0.05	Adapter 3839Hz Probe 3839Hz	24	3.839	70.00	0.437
178.116	0.05	Adapter 3839Hz Probe 3839Hz	24	3.839	70.00	0.437
178.196	0.05	Adapter 3839Hz Probe 3839Hz	24	3.839	70.00	0.437
178.276	0.05	Adapter 3839Hz Probe 3839Hz	24	3.839	70.00	0.437
178.356	0.05	Adapter 3839Hz Probe 3839Hz	24	3.839	70.00	0.437
178.536	0.05	Adapter 3839Hz Probe 3839Hz	24	3.839	70.00	0.437
178.616	0.05	Adapter 3839Hz Probe 3839Hz	24	3.839	70.00	0.437
178.696	0.05	Adapter 3839Hz Probe 3839Hz	24	3.839	70.00	0.437
178.776	0.05	Adapter 3839Hz Probe 3839Hz	24	3.839	70.00	0.437
178.856	0.05	Adapter 3839Hz Probe 3839Hz	24	3.839	70.00	0.437
179.036	0.05	Adapter 3839Hz Probe 3839Hz	24	3.839	70.00	0.437
179.116	0.05	Adapter 3839Hz Probe 3839Hz	24	3.839	70.00	0.437
179.196	0.05	Adapter 3839Hz Probe 3839Hz	24	3.839	70.00	0.437
179.276	0.05	Adapter 3839Hz Probe 3839Hz	24	3.839	70.00	0.437
179.356	0.05	Adapter 3839Hz Probe 3839Hz	24	3.839	70.00	0.437
179.536	0.05	Adapter 3839Hz Probe 3839Hz	24	3.839	70.00	0.437
179.616	0.05	Adapter 3839Hz Probe 3839Hz	24	3.839	70.00	0.437
179.696	0.05	Adapter 3839Hz Probe 3839Hz	24	3.839	70.00	0.437
179.776	0.05	Adapter 3839Hz Probe 3839Hz	24	3.839	70.00	0.437
179.856	0.05	Adapter 3839Hz Probe 3839Hz	24	3.839	70.00	0.437
182.524	0.05	Adapter 507Hz Probe 3839Hz	25	0.507	70.00	0.079
182.604	0.05	Adapter 507Hz Probe 3839Hz	25	0.507	70.00	0.079
182.684	0.05	Adapter 507Hz Probe 3839Hz	25	0.507	70.00	0.079
182.764	0.05	Adapter 507Hz Probe 3839Hz	25	0.507	70.00	0.079
182.844	0.05	Adapter 507Hz Probe 3839Hz	25	3.839	70.00	0.437
183.024	0.05	Adapter 507Hz Probe 3839Hz	25	0.507	70.00	0.079
183.104	0.05	Adapter 507Hz Probe 3839Hz	25	0.507	70.00	0.079
183.184	0.05	Adapter 507Hz Probe 3839Hz	25	0.507	70.00	0.079
183.264	0.05	Adapter 507Hz Probe 3839Hz	25	0.507	70.00	0.079
183.344	0.05	Adapter 507Hz Probe 3839Hz	25	3.839	70.00	0.437
183.524	0.05	Adapter 507Hz Probe 3839Hz	25	0.507	70.00	0.079
183.604	0.05	Adapter 507Hz Probe 3839Hz	25	0.507	70.00	0.079
183.684	0.05	Adapter 507Hz Probe 3839Hz	25	0.507	70.00	0.079
183.764	0.05	Adapter 507Hz Probe 3839Hz	25	0.507	70.00	0.079
183.844	0.05	Adapter 507Hz Probe 3839Hz	25	3.839	70.00	0.437
184.024	0.05	Adapter 507Hz Probe 3839Hz	25	0.507	70.00	0.079
184.104	0.05	Adapter 507Hz Probe 3839Hz	25	0.507	70.00	0.079
184.184	0.05	Adapter 507Hz Probe 3839Hz	25	0.507	70.00	0.079
184.264	0.05	Adapter 507Hz Probe 3839Hz	25	0.507	70.00	0.079
184.344	0.05	Adapter 507Hz Probe 3839Hz	25	3.839	70.00	0.437
184.524	0.05	Adapter 507Hz Probe 3839Hz	25	0.507	70.00	0.079
184.604	0.05	Adapter 507Hz Probe 3839Hz	25	0.507	70.00	0.079
184.684	0.05	Adapter 507Hz Probe 3839Hz	25	0.507	70.00	0.079
184.764	0.05	Adapter 507Hz Probe 3839Hz	25	0.507	70.00	0.079
184.844	0.05	Adapter 507Hz Probe 3839Hz	25	3.839	70.00	0.437
185.024	0.05	Adapter 507Hz Probe 3839Hz	25	0.507	70.00	0.079
185.104	0.05	Adapter 507Hz Probe 3839Hz	25	0.507	70.00	0.079
185.184	0.05	Adapter 507Hz Probe 3839Hz	25	0.507	70.00	0.079
185.264	0.05	Adapter 507Hz Probe 3839Hz	25	0.507	70.00	0.079
185.344	0.05	Adapter 507Hz Probe 3839Hz	25	3.839	70.00	0.437
185.524	0.05	Adapter 507Hz Probe 3839Hz	25	0.507	70.00	0.079
185.604	0.05	Adapter 507Hz Probe 3839Hz	25	0.507	70.00	0.079
185.684	0.05	Adapter 507Hz Probe 3839Hz	25	0.507	70.00	0.079
185.764	0.05	Adapter 507Hz Probe 3839Hz	25	0.507	70.00	0.079
185.844	0.05	Adapter 507Hz Probe 3839Hz	25	3.839	70.00	0.437
186.024	0.05	Adapter 507Hz Probe 3839Hz	25	0.507	70.00	0.079
186.104	0.05	Adapter 507Hz Probe 3839Hz	25	0.507	70.00	0.079
186.184	0.05	Adapter 507Hz Probe 3839Hz	25	0.507	70.00	0.079
186.264	0.05	Adapter 507Hz Probe 3839Hz	25	0.507	70.00	0.079
186.344	0.05	Adapter 507Hz Probe 3839Hz	25	3.839	70.00	0.437
186.524	0.05	Adapter 507Hz Probe 3839Hz	25	0.507	70.00	0.079
186.604	0.05	Adapter 507Hz Probe 3839Hz	25	0.507	70.00	0.079
186.684	0.05	Adapter 507Hz Probe 3839Hz	25	0.507	70.00	0.079
186.764	0.05	Adapter 507Hz Probe 3839Hz	25	0.507	70.00	0.079
186.844	0.05	Adapter 507Hz Probe 3839Hz	25	3.839	70.00	0.437
187.024	0.05	Adapter 507Hz Probe 3839Hz	25	0.507	70.00	0.079
187.104	0.05	Adapter 507Hz Probe 3839Hz	25	0.507	70.00	0.079
187.184	0.05	Adapter 507Hz Probe 3839Hz	25	0.507	70.00	0.079
187.264	0.05	Adapter 507Hz Probe 3839Hz	25	0.507	70.00	0.079
187.344	0.05	Adapter 507Hz Probe 3839Hz	25	3.839	70.00	0.437
190.059	0.05	Adapter 1501Hz	26	1.501	70.00	0.186
190.139	0.05	Adapter 1501Hz	26	1.501	70.00	0.186
190.219	0.05	Adapter 1501Hz	26	1.501	70.00	0.186
190.299	0.05	Adapter 1501Hz	26	1.501	70.00	0.186
190.559	0.05	Adapter 1501Hz	26	1.501	70.00	0.186
190.639	0.05	Adapter 1501Hz	26	1.501	70.00	0.186
190.719	0.05	Adapter 1501Hz	26	1.501	70.00	0.186
190.799	0.05	Adapter 1501Hz	26	1.501	70.00	0.186
191.059	0.05	Adapter 1501Hz	26	1.501	70.00	0.186
191.139	0.05	Adapter 1501Hz	26	1.501	70.00	0.186
191.219	0.05	Adapter 1501Hz	26	1.501	70.00	0.186
191.299	0.05	Adapter 1501Hz	26	1.501	70.00	0.186
191.559	0.05	Adapter 1501Hz	26	1.501	70.00	0.186
191.639	0.05	Adapter 1501Hz	26	1.501	70.00	0.186
191.719	0.05	Adapter 1501Hz	26	1.501	70.00	0.186
191.799	0.05	Adapter 1501Hz	26	1.501	70.00	0.186
192.059	0.05	Adapter 1501Hz	26	1.501	70.00	0.186
192.139	0.05	Adapter 1501Hz	26	1.501	70.00	0.186
192.219	0.05	Adapter 1501Hz	26	1.501	70.00	0.186
192.299	0.05	Adapter 1501Hz	26	1.501	70.00	0.186
192.559	0.05	Adapter 1501Hz	26	1.501	70.00	0.186
192.639	0.05	Adapter 1501Hz	26	1.501	70.00	0.186
192.719	0.05	Adapter 1501Hz	26	1.501	70.00	0.186
192.799	0.05	Adapter 1501Hz	26	1.501	70.00	0.186
193.059	0.05	Adapter 1501Hz	26	1.501	70.00	0.186
193.139	0.05	Adapter 1501Hz	26	1.501	70.00	0.186
193.219	0.05	Adapter 1501Hz	26	1.501	70.00	0.186
193.299	0.05	Adapter 1501Hz	26	1.501	70.00	0.186
193.559	0.05	Adapter 1501Hz	26	1.501	70.00	0.186
193.639	0.05	Adapter 1501Hz	26	1.501	70.00	0.186
193.719	0.05	Adapter 1501Hz	26	1.501	70.00	0.186
193.799	0.05	Adapter 1501Hz	26	1.501	70.00	0.186
194.059	0.05	Adapter 1501Hz	26	1.501	70.00	0.186
194.139	0.05	Adapter 1501Hz	26	1.501	70.00	0.186
194.219	0.05	Adapter 1501Hz	26	1.501	70.00	0.186
194.299	0.05	Adapter 1501Hz	26	1.501	70.00	0.186
194.559	0.05	Adapter 1501Hz	26	1.501	70.00	0.186
194.639	0.05	Adapter 1501Hz	26	1.501	70.00	0.186
194.719	0.05	Adapter 1501Hz	26	1.501	70.00	0.186
194.799	0.05	Adapter 1501Hz	26	1.501	70.00	0.186
197.547	0.05	Adapter 1501Hz Probe 3839Hz	27	1.501	70.00	0.186
197.627	0.05	Adapter 1501Hz Probe 3839Hz	27	1.501	70.00	0.186
197.707	0.05	Adapter 1501Hz Probe 3839Hz	27	1.501	70.00	0.186
197.787	0.05	Adapter 1501Hz Probe 3839Hz	27	1.501	70.00	0.186
197.867	0.05	Adapter 1501Hz Probe 3839Hz	27	3.839	70.00	0.437
198.047	0.05	Adapter 1501Hz Probe 3839Hz	27	1.501	70.00	0.186
198.127	0.05	Adapter 1501Hz Probe 3839Hz	27	1.501	70.00	0.186
198.207	0.05	Adapter 1501Hz Probe 3839Hz	27	1.501	70.00	0.186
198.287	0.05	Adapter 1501Hz Probe 3839Hz	27	1.501	70.00	0.186
198.367	0.05	Adapter 1501Hz Probe 3839Hz	27	3.839	70.00	0.437
198.547	0.05	Adapter 1501Hz Probe 3839Hz	27	1.501	70.00	0.186
198.627	0.05	Adapter 1501Hz Probe 3839Hz	27	1.501	70.00	0.186
198.707	0.05	Adapter 1501Hz Probe 3839Hz	27	1.501	70.00	0.186
198.787	0.05	Adapter 1501Hz Probe 3839Hz	27	1.501	70.00	0.186
198.867	0.05	Adapter 1501Hz Probe 3839Hz	27	3.839	70.00	0.437
199.047	0.05	Adapter 1501Hz Probe 3839Hz	27	1.501	70.00	0.186
199.127	0.05	Adapter 1501Hz Probe 3839Hz	27	1.501	70.00	0.186
199.207	0.05	Adapter 1501Hz Probe 3839Hz	27	1.501	70.00	0.186
199.287	0.05	Adapter 1501Hz Probe 3839Hz	27	1.501	70.00	0.186
199.367	0.05	Adapter 1501Hz Probe 3839Hz	27	3.839	70.00	0.437
199.547	0.05	Adapter 1501Hz Probe 3839Hz	27	1.501	70.00	0.186
199.627	0.05	Adapter 1501Hz Probe 3839Hz	27	1.501	70.00	0.186
199.707	0.05	Adapter 1501Hz Probe 3839Hz	27	1.501	70.00	0.186
199.787	0.05	Adapter 1501Hz Probe 3839Hz	27	1.501	70.00	0.186
199.867	0.05	Adapter 1501Hz Probe 3839Hz	27	3.839	70.00	0.437
200.047	0.05	Adapter 1501Hz Probe 3839Hz	27	1.501	70.00	0.186
200.127	0.05	Adapter 1501Hz Probe 3839Hz	27	1.501	70.00	0.186
200.207	0.05	Adapter 1501Hz Probe 3839Hz	27	1.501	70.00	0.186
200.287	0.05	Adapter 1501Hz Probe 3839Hz	27	1.501	70.00	0.186
200.367	0.05	Adapter 1501Hz Probe 3839Hz	27	3.839	70.00	0.437
200.547	0.05	Adapter 1501Hz Probe 3839Hz	27	1.501	70.00	0.186
200.627	0.05	Adapter 1501Hz Probe 3839Hz	27	1.501	70.00	0.186
200.707	0.05	Adapter 1501Hz Probe 3839Hz	27	1.501	70.00	0.186
200.787	0.05	Adapter 1501Hz Probe 3839Hz	27	1.501	70.00	0.186
200.867	0.05	Adapter 1501Hz Probe 3839Hz	27	3.839	70.00	0.437
201.047	0.05	Adapter 1501Hz Probe 3839Hz	27	1.501	70.00	0.186
201.127	0.05	Adapter 1501Hz Probe 3839Hz	27	1.501	70.00	0.186
201.207	0.05	Adapter 1501Hz Probe 3839Hz	27	1.501	70.00	0.186
201.287	0.05	Adapter 1501Hz Probe 3839Hz	27	1.501	70.00	0.186
201.367	0.05	Adapter 1501Hz Probe 3839Hz	27	3.839	70.00	0.437
201.547	0.05	Adapter 1501Hz Probe 3839Hz	27	1.501	70.00	0.186
201.627	0.05	Adapter 1501Hz Probe 3839Hz	27	1.501	70.00	0.186
201.707	0.05	Adapter 1501Hz Probe 3839Hz	27	1.501	70.00	0.186
201.787	0.05	Adapter 1501Hz Probe 3839Hz	27	1.501	70.00	0.186
201.867	0.05	Adapter 1501Hz Probe 3839Hz	27	3.839	70.00	0.437
202.047	0.05	Adapter 1501Hz Probe 3839Hz	27	1.501	70.00	0.186
202.127	0.05	Adapter 1501Hz Probe 3839Hz	27	1.501	70.00	0.186
202.207	0.05	Adapter 1501Hz Probe 3839Hz	27	1.501	70.00	0.186
202.287	0.05	Adapter 1501Hz Probe 3839Hz	27	1.501	70.00	0.186
202.367	0.05	Adapter 1501Hz Probe 3839Hz	27	3.839	70.00	0.437
205.035	0.05	Adapter 2423Hz Probe 3839Hz	28	2.423	70.00	0.285
205.115	0.05	Adapter 2423Hz Probe 3839Hz	28	2.423	70.00	0.285
205.195	0.05	Adapter 2423Hz Probe 3839Hz	28	2.423	70.00	0.285
205.275	0.05	Adapter 2423Hz Probe 3839Hz	28	2.423	70.00	0.285
205.355	0.05	Adapter 2423Hz Probe 3839Hz	28	3.839	70.00	0.437
205.535	0.05	Adapter 2423Hz Probe 3839Hz	28	2.423	70.00	0.285
205.615	0.05	Adapter 2423Hz Probe 3839Hz	28	2.423	70.00	0.285
205.695	0.05	Adapter 2423Hz Probe 3839Hz	28	2.423	70.00	0.285
205.775	0.05	Adapter 2423Hz Probe 3839Hz	28	2.423	70.00	0.285
205.855	0.05	Adapter 2423Hz Probe 3839Hz	28	3.839	70.00	0.437
206.035	0.05	Adapter 2423Hz Probe 3839Hz	28	2.423	70.00	0.285
206.115	0.05	Adapter 2423Hz Probe 3839Hz	28	2.423	70.00	0.285
206.195	0.05	Adapter 2423Hz Probe 3839Hz	28	2.423	70.00	0.285
206.275	0.05	Adapter 2423Hz Probe 3839Hz	28	2.423	70.00	0.285
206.355	0.05	Adapter 2423Hz Probe 3839Hz	28	3.839	70.00	0.437
206.535	0.05	Adapter 2423Hz Probe 3839Hz	28	2.423	70.00	0.285
206.615	0.05	Adapter 2423Hz Probe 3839Hz	28	2.423	70.00	0.285
206.695	0.05	Adapter 2423Hz Probe 3839Hz	28	2.423	70.00	0.285
206.775	0.05	Adapter 2423Hz Probe 3839Hz	28	2.423	70.00	0.285
206.855	0.05	Adapter 2423Hz Probe 3839Hz	28	3.839	70.00	0.437
207.035	0.05	Adapter 2423Hz Probe 3839Hz	28	2.423	70.00	0.285
207.115	0.05	Adapter 2423Hz Probe 3839Hz	28	2.423	70.00	0.285
207.195	0.05	Adapter 2423Hz Probe 3839Hz	28	2.423	70.00	0.285
207.275	0.05	Adapter 2423Hz Probe 3839Hz	28	2.423	70.00	0.285
207.355	0.05	Adapter 2423Hz Probe 3839Hz	28	3.839	70.00	0.437
207.535	0.05	Adapter 2423Hz Probe 3839Hz	28	2.423	70.00	0.285
207.615	0.05	Adapter 2423Hz Probe 3839Hz	28	2.423	70.00	0.285
207.695	0.05	Adapter 2423Hz Probe 3839Hz	28	2.423	70.00	0.285
207.775	0.05	Adapter 2423Hz Probe 3839Hz	28	2.423	70.00	0.285
207.855	0.05	Adapter 2423Hz Probe 3839Hz	28	3.839	70.00	0.437
208.035	0.05	Adapter 2423Hz Probe 3839Hz	28	2.423	70.00	0.285
208.115	0.05	Adapter 2423Hz Probe 3839Hz	28	2.423	70.00	0.285
208.195	0.05	Adapter 2423Hz Probe 3839Hz	28	2.423	70.00	0.285
208.275	0.05	Adapter 2423Hz Probe 3839Hz	28	2.423	70.00	0.285
208.355	0.05	Adapter 2423Hz Probe 3839Hz	28	3.839	70.00	0.437
208.535	0.05	Adapter 2423Hz Probe 3839Hz	28	2.423	70.00	0.285
208.615	0.05	Adapter 2423Hz Probe 3839Hz	28	2.423	70.00	0.285
208.695	0.05	Adapter 2423Hz Probe 3839Hz	28	2.423	70.00	0.285
208.775	0.05	Adapter 2423Hz Probe 3839Hz	28	2.423	70.00	0.285
208.855	0.05	Adapter 2423Hz Probe 3839Hz	28	3.839	70.00	0.437
209.035	0.05	Adapter 2423Hz Probe 3839Hz	28	2.423	70.00	0.285
209.115	0.05	Adapter 2423Hz Probe 3839Hz	28	2.423	70.00	0.285
209.195	0.05	Adapter 2423Hz Probe 3839Hz	28	2.423	70.00	0.285
209.275	0.05	Adapter 2423Hz Probe 3839Hz	28	2.423	70.00	0.285
209.355	0.05	Adapter 2423Hz Probe 3839Hz	28	3.839	70.00	0.437
209.535	0.05	Adapter 2423Hz Probe 3839Hz	28	2.423	70.00	0.285
209.615	0.05	Adapter 2423Hz Probe 3839Hz	28	2.423	70.00	0.285
209.695	0.05	Adapter 2423Hz Probe 3839Hz	28	2.423	70.00	0.285
209.775	0.05	Adapter 2423Hz Probe 3839Hz	28	2.423	70.00	0.285
209.855	0.05	Adapter 2423Hz Probe 3839Hz	28	3.839	70.00	0.437
212.874	0.05	Probe 3839Hz	29	3.839	70.00	0.437
213.374	0.05	Probe 3839Hz	29	3.839	70.00	0.437
213.874	0.05	Probe 3839Hz	29	3.839	70.00	0.437
214.374	0.05	Probe 3839Hz	29	3.839	70.00	0.437
214.874	0.05	Probe 3839Hz	29	3.839	70.00	0.437
215.374	0.05	Probe 3839Hz	29	3.839	70.00	0.437
215.874	0.05	Probe 3839Hz	29	3.839	70.00	0.437
216.374	0.05	Probe 3839Hz	29	3.839	70.00	0.437
216.874	0.05	Probe 3839Hz	29	3.839	70.00	0.437
217.374	0.05	Probe 3839Hz	29	3.839	70.00	0.437
220.027	0.05	Adapter 899Hz	30	0.899	70.00	0.121
220.107	0.05	Adapter 899Hz	30	0.899	70.00	0.121
220.187	0.05	Adapter 899Hz	30	0.899	70.00	0.121
220.267	0.05	Adapter 899Hz	30	0.899	70.00	0.121
220.527	0.05	Adapter 899Hz	30	0.899	70.00	0.121
220.607	0.05	Adapter 899Hz	30	0.899	70.00	0.121
220.687	0.05	Adapter 899Hz	30	0.899	70.00	0.121
220.767	0.05	Adapter 899Hz	30	0.899	70.00	0.121
221.027	0.05	Adapter 899Hz	30	0.899	70.00	0.121
221.107	0.05	Adapter 899Hz	30	0.899	70.00	0.121
221.187	0.05	Adapter 899Hz	30	0.899	70.00	0.121
221.267	0.05	Adapter 899Hz	30	0.899	70.00	0.121
221.527	0.05	Adapter 899Hz	30	0.899	70.00	0.121
221.607	0.05	Adapter 899Hz	30	0.899	70.00	0.121
221.687	0.05	Adapter 899Hz	30	0.899	70.00	0.121
221.767	0.05	Adapter 899Hz	30	0.899	70.00	0.121
222.027	0.05	Adapter 899Hz	30	0.899	70.00	0.121
222.107	0.05	Adapter 899Hz	30	0.899	70.00	0.121
222.187	0.05	Adapter 899Hz	30	0.899	70.00	0.121
222.267	0.05	Adapter 899Hz	30	0.899	70.00	0.121
222.527	0.05	Adapter 899Hz	30	0.899	70.00	0.121
222.607	0.05	Adapter 899Hz	30	0.899	70.00	0.121
222.687	0.05	Adapter 899Hz	30	0.899	70.00	0.121
222.767	0.05	Adapter 899Hz	30	0.899	70.00	0.121
223.027	0.05	Adapter 899Hz	30	0.899	70.00	0.121
223.107	0.05	Adapter 899Hz	30	0.899	70.00	0.121
223.187	0.05	Adapter 899Hz	30	0.899	70.00	0.121
223.267	0.05	Adapter 899Hz	30	0.899	70.00	0.121
223.527	0.05	Adapter 899Hz	30	0.899	70.00	0.121
223.607	0.05	Adapter 899Hz	30	0.899	70.00	0.121
223.687	0.05	Adapter 899Hz	30	0.899	70.00	0.121
223.767	0.05	Adapter 899Hz	30	0.899	70.00	0.121
224.027	0.05	Adapter 899Hz	30	0.899	70.00	0.121
224.107	0.05	Adapter 899Hz	30	0.899	70.00	0.121
224.187	0.05	Adapter 899Hz	30	0.899	70.00	0.121
224.267	0.05	Adapter 899Hz	30	0.899	70.00	0.121
224.527	0.05	Adapter 899Hz	30	0.899	70.00	0.121
224.607	0.05	Adapter 899Hz	30	0.899	70.00	0.121
224.687	0.05	Adapter 899Hz	30	0.899	70.00	0.121
224.767	0.05	Adapter 899Hz	30	0.899	70.00	0.121
235.065	0.05	Adapter 251Hz	32	0.251	70.00	0.052
235.145	0.05	Adapter 251Hz	32	0.251	70.00	0.052
235.225	0.05	Adapter 251Hz	32	0.251	70.00	0.052
235.305	0.05	Adapter 251Hz	32	0.251	70.00	0.052
235.565	0.05	Adapter 251Hz	32	0.251	70.00	0.052
235.645	0.05	Adapter 251Hz	32	0.251	70.00	0.052
235.725	0.05	Adapter 251Hz	32	0.251	70.00	0.052
235.805	0.05	Adapter 251Hz	32	0.251	70.00	0.052
236.065	0.05	Adapter 251Hz	32	0.251	70.00	0.052
236.145	0.05	Adapter 251Hz	32	0.251	70.00	0.052
236.225	0.05	Adapter 251Hz	32	0.251	70.00	0.052
236.305	0.05	Adapter 251Hz	32	0.251	70.00	0.052
236.565	0.05	Adapter 251Hz	32	0.251	70.00	0.052
236.645	0.05	Adapter 251Hz	32	0.251	70.00	0.052
236.725	0.05	Adapter 251Hz	32	0.251	70.00	0.052
236.805	0.05	Adapter 251Hz	32	0.251	70.00	0.052
237.065	0.05	Adapter 251Hz	32	0.251	70.00	0.052
237.145	0.05	Adapter 251Hz	32	0.251	70.00	0.052
237.225	0.05	Adapter 251Hz	32	0.251	70.00	0.052
237.305	0.05	Adapter 251Hz	32	0.251	70.00	0.052
237.565	0.05	Adapter 251Hz	32	0.251	70.00	0.052
237.645	0.05	Adapter 251Hz	32	0.251	70.00	0.052
237.725	0.05	Adapter 251Hz	32	0.251	70.00	0.052
237.805	0.05	Adapter 251Hz	32	0.251	70.00	0.052
238.065	0.05	Adapter 251Hz	32	0.251	70.00	0.052
238.145	0.05	Adapter 251Hz	32	0.251	70.00	0.052
238.225	0.05	Adapter 251Hz	32	0.251	70.00	0.052
238.305	0.05	Adapter 251Hz	32	0.251	70.00	0.052
238.565	0.05	Adapter 251Hz	32	0.251	70.00	0.052
238.645	0.05	Adapter 251Hz	32	0.251	70.00	0.052
238.725	0.05	Adapter 251Hz	32	0.251	70.00	0.052
238.805	0.05	Adapter 251Hz	32	0.251	70.00	0.052
239.065	0.05	Adapter 251Hz	32	0.251	70.00	0.052
239.145	0.05	Adapter 251Hz	32	0.251	70.00	0.052
239.225	0.05	Adapter 251Hz	32	0.251	70.00	0.052
239.305	0.05	Adapter 251Hz	32	0.251	70.00	0.052
239.565	0.05	Adapter 251Hz	32	0.251	70.00	0.052
239.645	0.05	Adapter 251Hz	32	0.251	70.00	0.052
239.725	0.05	Adapter 251Hz	32	0.251	70.00	0.052
239.805	0.05	Adapter 251Hz	32	0.251	70.00	0.052
242.553	0.05	Adapter 1501Hz Probe 3839Hz	33	1.501	70.00	0.186
242.633	0.05	Adapter 1501Hz Probe 3839Hz	33	1.501	70.00	0.186
242.713	0.05	Adapter 1501Hz Probe 3839Hz	33	1.501	70.00	0.186
242.793	0.05	Adapter 1501Hz Probe 3839Hz	33	1.501	70.00	0.186
242.873	0.05	Adapter 1501Hz Probe 3839Hz	33	3.839	70.00	0.437
243.053	0.05	Adapter 1501Hz Probe 3839Hz	33	1.501	70.00	0.186
243.133	0.05	Adapter 1501Hz Probe 3839Hz	33	1.501	70.00	0.186
243.213	0.05	Adapter 1501Hz Probe 3839Hz	33	1.501	70.00	0.186
243.293	0.05	Adapter 1501Hz Probe 3839Hz	33	1.501	70.00	0.186
243.373	0.05	Adapter 1501Hz Probe 3839Hz	33	3.839	70.00	0.437
243.553	0.05	Adapter 1501Hz Probe 3839Hz	33	1.501	70.00	0.186
243.633	0.05	Adapter 1501Hz Probe 3839Hz	33	1.501	70.00	0.186
243.713	0.05	Adapter 1501Hz Probe 3839Hz	33	1.501	70.00	0.186
243.793	0.05	Adapter 1501Hz Probe 3839Hz	33	1.501	70.00	0.186
243.873	0.05	Adapter 1501Hz Probe 3839Hz	33	3.839	70.00	0.437
244.053	0.05	Adapter 1501Hz Probe 3839Hz	33	1.501	70.00	0.186
244.133	0.05	Adapter 1501Hz Probe 3839Hz	33	1.501	70.00	0.186
244.213	0.05	Adapter 1501Hz Probe 3839Hz	33	1.501	70.00	0.186
244.293	0.05	Adapter 1501Hz Probe 3839Hz	33	1.501	70.00	0.186
244.373	0.05	Adapter 1501Hz Probe 3839Hz	33	3.839	70.00	0.437
244.553	0.05	Adapter 1501Hz Probe 3839Hz	33	1.501	70.00	0.186
244.633	0.05	Adapter 1501Hz Probe 3839Hz	33	1.501	70.00	0.186
244.713	0.05	Adapter 1501Hz Probe 3839Hz	33	1.501	70.00	0.186
244.793	0.05	Adapter 1501Hz Probe 3839Hz	33	1.501	70.00	0.186
244.873	0.05	Adapter 1501Hz Probe 3839Hz	33	3.839	70.00	0.437
245.053	0.05	Adapter 1501Hz Probe 3839Hz	33	1.501	70.00	0.186
245.133	0.05	Adapter 1501Hz Probe 3839Hz	33	1.501	70.00	0.186
245.213	0.05	Adapter 1501Hz Probe 3839Hz	33	1.501	70.00	0.186
245.293	0.05	Adapter 1501Hz Probe 3839Hz	33	1.501	70.00	0.186
245.373	0.05	Adapter 1501Hz Probe 3839Hz	33	3.839	70.00	0.437
245.553	0.05	Adapter 1501Hz Probe 3839Hz	33	1.501	70.00	0.186
245.633	0.05	Adapter 1501Hz Probe 3839Hz	33	1.501	70.00	0.186
245.713	0.05	Adapter 1501Hz Probe 3839Hz	33	1.501	70.00	0.186
245.793	0.05	Adapter 1501Hz Probe 3839Hz	33	1.501	70.00	0.186
245.873	0.05	Adapter 1501Hz Probe 3839Hz	33	3.839	70.00	0.437
246.053	0.05	Adapter 1501Hz Probe 3839Hz	33	1.501	70.00	0.186
246.133	0.05	Adapter 1501Hz Probe 3839Hz	33	1.501	70.00	0.186
246.213	0.05	Adapter 1501Hz Probe 3839Hz	33	1.501	70.00	0.186
246.293	0.05	Adapter 1501Hz Probe 3839Hz	33	1.501	70.00	0.186
246.373	0.05	Adapter 1501Hz Probe 3839Hz	33	3.839	70.00	0.437
246.553	0.05	Adapter 1501Hz Probe 3839Hz	33	1.501	70.00	0.186
246.633	0.05	Adapter 1501Hz Probe 3839Hz	33	1.501	70.00	0.186
246.713	0.05	Adapter 1501Hz Probe 3839Hz	33	1.501	70.00	0.186
246.793	0.05	Adapter 1501Hz Probe 3839Hz	33	1.501	70.00	0.186
246.873	0.05	Adapter 1501Hz Probe 3839Hz	33	3.839	70.00	0.437
247.053	0.05	Adapter 1501Hz Probe 3839Hz	33	1.501	70.00	0.186
247.133	0.05	Adapter 1501Hz Probe 3839Hz	33	1.501	70.00	0.186
247.213	0.05	Adapter 1501Hz Probe 3839Hz	33	1.501	70.00	0.186
247.293	0.05	Adapter 1501Hz Probe 3839Hz	33	1.501	70.00	0.186
247.373	0.05	Adapter 1501Hz Probe 3839Hz	33	3.839	70.00	0.437
250.041	0.05	Adapter 507Hz Probe 3839Hz	34	0.507	70.00	0.079
250.121	0.05	Adapter 507Hz Probe 3839Hz	34	0.507	70.00	0.079
250.201	0.05	Adapter 507Hz Probe 3839Hz	34	0.507	70.00	0.079
250.281	0.05	Adapter 507Hz Probe 3839Hz	34	0.507	70.00	0.079
250.361	0.05	Adapter 507Hz Probe 3839Hz	34	3.839	70.00	0.437
250.541	0.05	Adapter 507Hz Probe 3839Hz	34	0.507	70.00	0.079
250.621	0.05	Adapter 507Hz Probe 3839Hz	34	0.507	70.00	0.079
250.701	0.05	Adapter 507Hz Probe 3839Hz	34	0.507	70.00	0.079
250.781	0.05	Adapter 507Hz Probe 3839Hz	34	0.507	70.00	0.079
250.861	0.05	Adapter 507Hz Probe 3839Hz	34	3.839	70.00	0.437
251.041	0.05	Adapter 507Hz Probe 3839Hz	34	0.507	70.00	0.079
251.121	0.05	Adapter 507Hz Probe 3839Hz	34	0.507	70.00	0.079
251.201	0.05	Adapter 507Hz Probe 3839Hz	34	0.507	70.00	0.079
251.281	0.05	Adapter 507Hz Probe 3839Hz	34	0.507	70.00	0.079
251.361	0.05	Adapter 507Hz Probe 3839Hz	34	3.839	70.00	0.437
251.541	0.05	Adapter 507Hz Probe 3839Hz	34	0.507	70.00	0.079
251.621	0.05	Adapter 507Hz Probe 3839Hz	34	0.507	70.00	0.079
251.701	0.05	Adapter 507Hz Probe 3839Hz	34	0.507	70.00	0.079
251.781	0.05	Adapter 507Hz Probe 3839Hz	34	0.507	70.00	0.079
251.861	0.05	Adapter 507Hz Probe 3839Hz	34	3.839	70.00	0.437
252.041	0.05	Adapter 507Hz Probe 3839Hz	34	0.507	70.00	0.079
252.121	0.05	Adapter 507Hz Probe 3839Hz	34	0.507	70.00	0.079
252.201	0.05	Adapter 507Hz Probe 3839Hz	34	0.507	70.00	0.079
252.281	0.05	Adapter 507Hz Probe 3839Hz	34	0.507	70.00	0.079
252.361	0.05	Adapter 507Hz Probe 3839Hz	34	3.839	70.00	0.437
252.541	0.05	Adapter 507Hz Probe 3839Hz	34	0.507	70.00	0.079
252.621	0.05	Adapter 507Hz Probe 3839Hz	34	0.507	70.00	0.079
252.701	0.05	Adapter 507Hz Probe 3839Hz	34	0.507	70.00	0.079
252.781	0.05	Adapter 507Hz Probe 3839Hz	34	0.507	70.00	0.079
252.861	0.05	Adapter 507Hz Probe 3839Hz	34	3.839	70.00	0.437
253.041	0.05	Adapter 507Hz Probe 3839Hz	34	0.507	70.00	0.079
253.121	0.05	Adapter 507Hz Probe 3839Hz	34	0.507	70.00	0.079
253.201	0.05	Adapter 507Hz Probe 3839Hz	34	0.507	70.00	0.079
253.281	0.05	Adapter 507Hz Probe 3839Hz	34	0.507	70.00	0.079
253.361	0.05	Adapter 507Hz Probe 3839Hz	34	3.839	70.00	0.437
253.541	0.05	Adapter 507Hz Probe 3839Hz	34	0.507	70.00	0.079
253.621	0.05	Adapter 507Hz Probe 3839Hz	34	0.507	70.00	0.079
253.701	0.05	Adapter 507Hz Probe 3839Hz	34	0.507	70.00	0.079
253.781	0.05	Adapter 507Hz Probe 3839Hz	34	0.507	70.00	0.079
253.861	0.05	Adapter 507Hz Probe 3839Hz	34	3.839	70.00	0.437
254.041	0.05	Adapter 507Hz Probe 3839Hz	34	0.507	70.00	0.079
254.121	0.05	Adapter 507Hz Probe 3839Hz	34	0.507	70.00	0.079
254.201	0.05	Adapter 507Hz Probe 3839Hz	34	0.507	70.00	0.079
254.281	0.05	Adapter 507Hz Probe 3839Hz	34	0.507	70.00	0.079
254.361	0.05	Adapter 507Hz Probe 3839Hz	34	3.839	70.00	0.437
254.541	0.05	Adapter 507Hz Probe 3839Hz	34	0.507	70.00	0.079
254.621	0.05	Adapter 507Hz Probe 3839Hz	34	0.507	70.00	0.079
254.701	0.05	Adapter 507Hz Probe 3839Hz	34	0.507	70.00	0.079
254.781	0.05	Adapter 507Hz Probe 3839Hz	34	0.507	70.00	0.079
254.861	0.05	Adapter 507Hz Probe 3839Hz	34	3.839	70.00	0.437
257.529	0.05	Adapter 2423Hz Probe 3839Hz	35	2.423	70.00	0.285
257.609	0.05	Adapter 2423Hz Probe 3839Hz	35	2.423	70.00	0.285
257.689	0.05	Adapter 2423Hz Probe 3839Hz	35	2.423	70.00	0.285
257.769	0.05	Adapter 2423Hz Probe 3839Hz	35	2.423	70.00	0.285
257.849	0.05	Adapter 2423Hz Probe 3839Hz	35	3.839	70.00	0.437
258.029	0.05	Adapter 2423Hz Probe 3839Hz	35	2.423	70.00	0.285
258.109	0.05	Adapter 2423Hz Probe 3839Hz	35	2.423	70.00	0.285
258.189	0.05	Adapter 2423Hz Probe 3839Hz	35	2.423	70.00	0.285
258.269	0.05	Adapter 2423Hz Probe 3839Hz	35	2.423	70.00	0.285
258.349	0.05	Adapter 2423Hz Probe 3839Hz	35	3.839	70.00	0.437
258.529	0.05	Adapter 2423Hz Probe 3839Hz	35	2.423	70.00	0.285
258.609	0.05	Adapter 2423Hz Probe 3839Hz	35	2.423	70.00	0.285
258.689	0.05	Adapter 2423Hz Probe 3839Hz	35	2.423	70.00	0.285
258.769	0.05	Adapter 2423Hz Probe 3839Hz	35	2.423	70.00	0.285
258.849	0.05	Adapter 2423Hz Probe 3839Hz	35	3.839	70.00	0.437
259.029	0.05	Adapter 2423Hz Probe 3839Hz	35	2.423	70.00	0.285
259.109	0.05	Adapter 2423Hz Probe 3839Hz	35	2.423	70.00	0.285
259.189	0.05	Adapter 2423Hz Probe 3839Hz	35	2.423	70.00	0.285
259.269	0.05	Adapter 2423Hz Probe 3839Hz	35	2.423	70.00	0.285
259.349	0.05	Adapter 2423Hz Probe 3839Hz	35	3.839	70.00	0.437
259.529	0.05	Adapter 2423Hz Probe 3839Hz	35	2.423	70.00	0.285
259.609	0.05	Adapter 2423Hz Probe 3839Hz	35	2.423	70.00	0.285
259.689	0.05	Adapter 2423Hz Probe 3839Hz	35	2.423	70.00	0.285
259.769	0.05	Adapter 2423Hz Probe 3839Hz	35	2.423	70.00	0.285
259.849	0.05	Adapter 2423Hz Probe 3839Hz	35	3.839	70.00	0.437
260.029	0.05	Adapter 2423Hz Probe 3839Hz	35	2.423	70.00	0.285
260.109	0.05	Adapter 2423Hz Probe 3839Hz	35	2.423	70.00	0.285
260.189	0.05	Adapter 2423Hz Probe 3839Hz	35	2.423	70.00	0.285
260.269	0.05	Adapter 2423Hz Probe 3839Hz	35	2.423	70.00	0.285
260.349	0.05	Adapter 2423Hz Probe 3839Hz	35	3.839	70.00	0.437
260.529	0.05	Adapter 2423Hz Probe 3839Hz	35	2.423	70.00	0.285
260.609	0.05	Adapter 2423Hz Probe 3839Hz	35	2.423	70.00	0.285
260.689	0.05	Adapter 2423Hz Probe 3839Hz	35	2.423	70.00	0.285
260.769	0.05	Adapter 2423Hz Probe 3839Hz	35	2.423	70.00	0.285
260.849	0.05	Adapter 2423Hz Probe 3839Hz	35	3.839	70.00	0.437
261.029	0.05	Adapter 2423Hz Probe 3839Hz	35	2.423	70.00	0.285
261.109	0.05	Adapter 2423Hz Probe 3839Hz	35	2.423	70.00	0.285
261.189	0.05	Adapter 2423Hz Probe 3839Hz	35	2.423	70.00	0.285
261.269	0.05	Adapter 2423Hz Probe 3839Hz	35	2.423	70.00	0.285
261.349	0.05	Adapter 2423Hz Probe 3839Hz	35	3.839	70.00	0.437
261.529	0.05	Adapter 2423Hz Probe 3839Hz	35	2.423	70.00	0.285
261.609	0.05	Adapter 2423Hz Probe 3839Hz	35	2.423	70.00	0.285
261.689	0.05	Adapter 2423Hz Probe 3839Hz	35	2.423	70.00	0.285
261.769	0.05	Adapter 2423Hz Probe 3839Hz	35	2.423	70.00	0.285
261.849	0.05	Adapter 2423Hz Probe 3839Hz	35	3.839	70.00	0.437
262.029	0.05	Adapter 2423Hz Probe 3839Hz	35	2.423	70.00	0.285
262.109	0.05	Adapter 2423Hz Probe 3839Hz	35	2.423	70.00	0.285
262.189	0.05	Adapter 2423Hz Probe 3839Hz	35	2.423	70.00	0.285
262.269	0.05	Adapter 2423Hz Probe 3839Hz	35	2.423	70.00	0.285
262.349	0.05	Adapter 2423Hz Probe 3839Hz	35	3.839	70.00	0.437
265.064	0.05	Adapter 3839Hz	36	3.839	70.00	0.437
265.144	0.05	Adapter 3839Hz	36	3.839	70.00	0.437
265.224	0.05	Adapter 3839Hz	36	3.839	70.00	0.437
265.304	0.05	Adapter 3839Hz	36	3.839	70.00	0.437
265.564	0.05	Adapter 3839Hz	36	3.839	70.00	0.437
265.644	0.05	Adapter 3839Hz	36	3.839	70.00	0.437
265.724	0.05	Adapter 3839Hz	36	3.839	70.00	0.437
265.804	0.05	Adapter 3839Hz	36	3.839	70.00	0.437
266.064	0.05	Adapter 3839Hz	36	3.839	70.00	0.437
266.144	0.05	Adapter 3839Hz	36	3.839	70.00	0.437
266.224	0.05	Adapter 3839Hz	36	3.839	70.00	0.437
266.304	0.05	Adapter 3839Hz	36	3.839	70.00	0.437
266.564	0.05	Adapter 3839Hz	36	3.839	70.00	0.437
266.644	0.05	Adapter 3839Hz	36	3.839	70.00	0.437
266.724	0.05	Adapter 3839Hz	36	3.839	70.00	0.437
266.804	0.05	Adapter 3839Hz	36	3.839	70.00	0.437
267.064	0.05	Adapter 3839Hz	36	3.839	70.00	0.437
267.144	0.05	Adapter 3839Hz	36	3.839	70.00	0.437
267.224	0.05	Adapter 3839Hz	36	3.839	70.00	0.437
267.304	0.05	Adapter 3839Hz	36	3.839	70.00	0.437
267.564	0.05	Adapter 3839Hz	36	3.839	70.00	0.437
267.644	0.05	Adapter 3839Hz	36	3.839	70.00	0.437
267.724	0.05	Adapter 3839Hz	36	3.839	70.00	0.437
267.804	0.05	Adapter 3839Hz	36	3.839	70.00	0.437
268.064	0.05	Adapter 3839Hz	36	3.839	70.00	0.437
268.144	0.05	Adapter 3839Hz	36	3.839	70.00	0.437
268.224	0.05	Adapter 3839Hz	36	3.839	70.00	0.437
268.304	0.05	Adapter 3839Hz	36	3.839	70.00	0.437
268.564	0.05	Adapter 3839Hz	36	3.839	70.00	0.437
268.644	0.05	Adapter 3839Hz	36	3.839	70.00	0.437
268.724	0.05	Adapter 3839Hz	36	3.839	70.00	0.437
268.804	0.05	Adapter 3839Hz	36	3.839	70.00	0.437
269.064	0.05	Adapter 3839Hz	36	3.839	70.00	0.437
269.144	0.05	Adapter 3839Hz	36	3.839	70.00	0.437
269.224	0.05	Adapter 3839Hz	36	3.839	70.00	0.437
269.304	0.05	Adapter 3839Hz	36	3.839	70.00	0.437
269.564	0.05	Adapter 3839Hz	36	3.839	70.00	0.437
269.644	0.05	Adapter 3839Hz	36	3.839	70.00	0.437
269.724	0.05	Adapter 3839Hz	36	3.839	70.00	0.437
269.804	0.05	Adapter 3839Hz	36	3.839	70.00	0.437
272.552	0.05	Adapter 899Hz Probe 3839Hz	37	0.899	70.00	0.121
272.632	0.05	Adapter 899Hz Probe 3839Hz	37	0.899	70.00	0.121
272.712	0.05	Adapter 899Hz Probe 3839Hz	37	0.899	70.00	0.121
272.792	0.05	Adapter 899Hz Probe 3839Hz	37	0.899	70.00	0.121
272.872	0.05	Adapter 899Hz Probe 3839Hz	37	3.839	70.00	0.437
273.052	0.05	Adapter 899Hz Probe 3839Hz	37	0.899	70.00	0.121
273.132	0.05	Adapter 899Hz Probe 3839Hz	37	0.899	70.00	0.121
273.212	0.05	Adapter 899Hz Probe 3839Hz	37	0.899	70.00	0.121
273.292	0.05	Adapter 899Hz Probe 3839Hz	37	0.899	70.00	0.121
273.372	0.05	Adapter 899Hz Probe 3839Hz	37	3.839	70.00	0.437
273.552	0.05	Adapter 899Hz Probe 3839Hz	37	0.899	70.00	0.121
273.632	0.05	Adapter 899Hz Probe 3839Hz	37	0.899	70.00	0.121
273.712	0.05	Adapter 899Hz Probe 3839Hz	37	0.899	70.00	0.121
273.792	0.05	Adapter 899Hz Probe 3839Hz	37	0.899	70.00	0.121
273.872	0.05	Adapter 899Hz Probe 3839Hz	37	3.839	70.00	0.437
274.052	0.05	Adapter 899Hz Probe 3839Hz	37	0.899	70.00	0.121
274.132	0.05	Adapter 899Hz Probe 3839Hz	37	0.899	70.00	0.121
274.212	0.05	Adapter 899Hz Probe 3839Hz	37	0.899	70.00	0.121
274.292	0.05	Adapter 899Hz Probe 3839Hz	37	0.899	70.00	0.121
274.372	0.05	Adapter 899Hz Probe 3839Hz	37	3.839	70.00	0.437
274.552	0.05	Adapter 899Hz Probe 3839Hz	37	0.899	70.00	0.121
274.632	0.05	Adapter 899Hz Probe 3839Hz	37	0.899	70.00	0.121
274.712	0.05	Adapter 899Hz Probe 3839Hz	37	0.899	70.00	0.121
274.792	0.05	Adapter 899Hz Probe 3839Hz	37	0.899	70.00	0.121
274.872	0.05	Adapter 899Hz Probe 3839Hz	37	3.839	70.00	0.437
275.052	0.05	Adapter 899Hz Probe 3839Hz	37	0.899	70.00	0.121
275.132	0.05	Adapter 899Hz Probe 3839Hz	37	0.899	70.00	0.121
275.212	0.05	Adapter 899Hz Probe 3839Hz	37	0.899	70.00	0.121
275.292	0.05	Adapter 899Hz Probe 3839Hz	37	0.899	70.00	0.121
275.372	0.05	Adapter 899Hz Probe 3839Hz	37	3.839	70.00	0.437
275.552	0.05	Adapter 899Hz Probe 3839Hz	37	0.899	70.00	0.121
275.632	0.05	Adapter 899Hz Probe 3839Hz	37	0.899	70.00	0.121
275.712	0.05	Adapter 899Hz Probe 3839Hz	37	0.899	70.00	0.121
275.792	0.05	Adapter 899Hz Probe 3839Hz	37	0.899	70.00	0.121
275.872	0.05	Adapter 899Hz Probe 3839Hz	37	3.839	70.00	0.437
276.052	0.05	Adapter 899Hz Probe 3839Hz	37	0.899	70.00	0.121
276.132	0.05	Adapter 899Hz Probe 3839Hz	37	0.899	70.00	0.121
276.212	0.05	Adapter 899Hz Probe 3839Hz	37	0.899	70.00	0.121
276.292	0.05	Adapter 899Hz Probe 3839Hz	37	0.899	70.00	0.121
276.372	0.05	Adapter 899Hz Probe 3839Hz	37	3.839	70.00	0.437
276.552	0.05	Adapter 899Hz Probe 3839Hz	37	0.899	70.00	0.121
276.632	0.05	Adapter 899Hz Probe 3839Hz	37	0.899	70.00	0.121
276.712	0.05	Adapter 899Hz Probe 3839Hz	37	0.899	70.00	0.121
276.792	0.05	Adapter 899Hz Probe 3839Hz	37	0.899	70.00	0.121
276.872	0.05	Adapter 899Hz Probe 3839Hz	37	3.839	70.00	0.437
277.052	0.05	Adapter 899Hz Probe 3839Hz	37	0.899	70.00	0.121
277.132	0.05	Adapter 899Hz Probe 3839Hz	37	0.899	70.00	0.121
277.212	0.05	Adapter 899Hz Probe 3839Hz	37	0.899	70.00	0.121
277.292	0.05	Adapter 899Hz Probe 3839Hz	37	0.899	70.00	0.121
277.372	0.05	Adapter 899Hz Probe 3839Hz	37	3.839	70.00	0.437
280.024	0.05	Adapter 507Hz	38	0.507	70.00	0.079
280.104	0.05	Adapter 507Hz	38	0.507	70.00	0.079
280.184	0.05	Adapter 507Hz	38	0.507	70.00	0.079
280.264	0.05	Adapter 507Hz	38	0.507	70.00	0.079
280.524	0.05	Adapter 507Hz	38	0.507	70.00	0.079
280.604	0.05	Adapter 507Hz	38	0.507	70.00	0.079
280.684	0.05	Adapter 507Hz	38	0.507	70.00	0.079
280.764	0.05	Adapter 507Hz	38	0.507	70.00	0.079
281.024	0.05	Adapter 507Hz	38	0.507	70.00	0.079
281.104	0.05	Adapter 507Hz	38	0.507	70.00	0.079
281.184	0.05	Adapter 507Hz	38	0.507	70.00	0.079
281.264	0.05	Adapter 507Hz	38	0.507	70.00	0.079
281.524	0.05	Adapter 507Hz	38	0.507	70.00	0.079
281.604	0.05	Adapter 507Hz	38	0.507	70.00	0.079
281.684	0.05	Adapter 507Hz	38	0.507	70.00	0.079
281.764	0.05	Adapter 507Hz	38	0.507	70.00	0.079
282.024	0.05	Adapter 507Hz	38	0.507	70.00	0.079
282.104	0.05	Adapter 507Hz	38	0.507	70.00	0.079
282.184	0.05	Adapter 507Hz	38	0.507	70.00	0.079
282.264	0.05	Adapter 507Hz	38	0.507	70.00	0.079
282.524	0.05	Adapter 507Hz	38	0.507	70.00	0.079
282.604	0.05	Adapter 507Hz	38	0.507	70.00	0.079
282.684	0.05	Adapter 507Hz	38	0.507	70.00	0.079
282.764	0.05	Adapter 507Hz	38	0.507	70.00	0.079
283.024	0.05	Adapter 507Hz	38	0.507	70.00	0.079
283.104	0.05	Adapter 507Hz	38	0.507	70.00	0.079
283.184	0.05	Adapter 507Hz	38	0.507	70.00	0.079
283.264	0.05	Adapter 507Hz	38	0.507	70.00	0.079
283.524	0.05	Adapter 507Hz	38	0.507	70.00	0.079
283.604	0.05	Adapter 507Hz	38	0.507	70.00	0.079
283.684	0.05	Adapter 507Hz	38	0.507	70.00	0.079
283.764	0.05	Adapter 507Hz	38	0.507	70.00	0.079
284.024	0.05	Adapter 507Hz	38	0.507	70.00	0.079
284.104	0.05	Adapter 507Hz	38	0.507	70.00	0.079
284.184	0.05	Adapter 507Hz	38	0.507	70.00	0.079
284.264	0.05	Adapter 507Hz	38	0.507	70.00	0.079
284.524	0.05	Adapter 507Hz	38	0.507	70.00	0.079
284.604	0.05	Adapter 507Hz	38	0.507	70.00	0.079
284.684	0.05	Adapter 507Hz	38	0.507	70.00	0.079
284.764	0.05	Adapter 507Hz	38	0.507	70.00	0.079
287.512	0.05	Adapter 6009Hz	39	6.009	70.00	0.671
287.592	0.05	Adapter 6009Hz	39	6.009	70.00	0.671
287.672	0.05	Adapter 6009Hz	39	6.009	70.00	0.671
287.752	0.05	Adapter 6009Hz	39	6.009	70.00	0.671
288.012	0.05	Adapter 6009Hz	39	6.009	70.00	0.671
288.092	0.05	Adapter 6009Hz	39	6.009	70.00	0.671
288.172	0.05	Adapter 6009Hz	39	6.009	70.00	0.671
288.252	0.05	Adapter 6009Hz	39	6.009	70.00	0.671
288.512	0.05	Adapter 6009Hz	39	6.009	70.00	0.671
288.592	0.05	Adapter 6009Hz	39	6.009	70.00	0.671
288.672	0.05	Adapter 6009Hz	39	6.009	70.00	0.671
288.752	0.05	Adapter 6009Hz	39	6.009	70.00	0.671
289.012	0.05	Adapter 6009Hz	39	6.009	70.00	0.671
289.092	0.05	Adapter 6009Hz	39	6.009	70.00	0.671
289.172	0.05	Adapter 6009Hz	39	6.009	70.00	0.671
289.252	0.05	Adapter 6009Hz	39	6.009	70.00	0.671
289.512	0.05	Adapter 6009Hz	39	6.009	70.00	0.671
289.592	0.05	Adapter 6009Hz	39	6.009	70.00	0.671
289.672	0.05	Adapter 6009Hz	39	6.009	70.00	0.671
289.752	0.05	Adapter 6009Hz	39	6.009	70.00	0.671
290.012	0.05	Adapter 6009Hz	39	6.009	70.00	0.671
290.092	0.05	Adapter 6009Hz	39	6.009	70.00	0.671
290.172	0.05	Adapter 6009Hz	39	6.009	70.00	0.671
290.252	0.05	Adapter 6009Hz	39	6.009	70.00	0.671
290.512	0.05	Adapter 6009Hz	39	6.009	70.00	0.671
290.592	0.05	Adapter 6009Hz	39	6.009	70.00	0.671
290.672	0.05	Adapter 6009Hz	39	6.009	70.00	0.671
290.752	0.05	Adapter 6009Hz	39	6.009	70.00	0.671
291.012	0.05	Adapter 6009Hz	39	6.009	70.00	0.671
291.092	0.05	Adapter 6009Hz	39	6.009	70.00	0.671
291.172	0.05	Adapter 6009Hz	39	6.009	70.00	0.671
291.252	0.05	Adapter 6009Hz	39	6.009	70.00	0.671
291.512	0.05	Adapter 6009Hz	39	6.009	70.00	0.671
291.592	0.05	Adapter 6009Hz	39	6.009	70.00	0.671
291.672	0.05	Adapter 6009Hz	39	6.009	70.00	0.671
291.752	0.05	Adapter 6009Hz	39	6.009	70.00	0.671
292.012	0.05	Adapter 6009Hz	39	6.009	70.00	0.671
292.092	0.05	Adapter 6009Hz	39	6.009	70.00	0.671
292.172	0.05	Adapter 6009Hz	39	6.009	70.00	0.671
292.252	0.05	Adapter 6009Hz	39	6.009	70.00	0.671
295.063	0.05	Adapter 899Hz	40	0.899	70.00	0.121
295.143	0.05	Adapter 899Hz	40	0.899	70.00	0.121
295.223	0.05	Adapter 899Hz	40	0.899	70.00	0.121
295.303	0.05	Adapter 899Hz	40	0.899	70.00	0.121
295.563	0.05	Adapter 899Hz	40	0.899	70.00	0.121
295.643	0.05	Adapter 899Hz	40	0.899	70.00	0.121
295.723	0.05	Adapter 899Hz	40	0.899	70.00	0.121
295.803	0.05	Adapter 899Hz	40	0.899	70.00	0.121
296.063	0.05	Adapter 899Hz	40	0.899	70.00	0.121
296.143	0.05	Adapter 899Hz	40	0.899	70.00	0.121
296.223	0.05	Adapter 899Hz	40	0.899	70.00	0.121
296.303	0.05	Adapter 899Hz	40	0.899	70.00	0.121
296.563	0.05	Adapter 899Hz	40	0.899	70.00	0.121
296.643	0.05	Adapter 899Hz	40	0.899	70.00	0.121
296.723	0.05	Adapter 899Hz	40	0.899	70.00	0.121
296.803	0.05	Adapter 899Hz	40	0.899	70.00	0.121
297.063	0.05	Adapter 899Hz	40	0.899	70.00	0.121
297.143	0.05	Adapter 899Hz	40	0.899	70.00	0.121
297.223	0.05	Adapter 899Hz	40	0.899	70.00	0.121
297.303	0.05	Adapter 899Hz	40	0.899	70.00	0.121
297.563	0.05	Adapter 899Hz	40	0.899	70.00	0.121
297.643	0.05	Adapter 899Hz	40	0.899	70.00	0.121
297.723	0.05	Adapter 899Hz	40	0.899	70.00	0.121
297.803	0.05	Adapter 899Hz	40	0.899	70.00	0.121
298.063	0.05	Adapter 899Hz	40	0.899	70.00	0.121
298.143	0.05	Adapter 899Hz	40	0.899	70.00	0.121
298.223	0.05	Adapter 899Hz	40	0.899	70.00	0.121
298.303	0.05	Adapter 899Hz	40	0.899	70.00	0.121
298.563	0.05	Adapter 899Hz	40	0.899	70.00	0.121
298.643	0.05	Adapter 899Hz	40	0.899	70.00	0.121
298.723	0.05	Adapter 899Hz	40	0.899	70.00	0.121
298.803	0.05	Adapter 899Hz	40	0.899	70.00	0.121
299.063	0.05	Adapter 899Hz	40	0.899	70.00	0.121
299.143	0.05	Adapter 899Hz	40	0.899	70.00	0.121
299.223	0.05	Adapter 899Hz	40	0.899	70.00	0.121
299.303	0.05	Adapter 899Hz	40	0.899	70.00	0.121
299.563	0.05	Adapter 899Hz	40	0.899	70.00	0.121
299.643	0.05	Adapter 899Hz	40	0.899	70.00	0.121
299.723	0.05	Adapter 899Hz	40	0.899	70.00	0.121
299.803	0.05	Adapter 899Hz	40	0.899	70.00	0.121
302.535	0.05	Adapter 2423Hz	41	2.423	70.00	0.285
302.615	0.05	Adapter 2423Hz	41	2.423	70.00	0.285
302.695	0.05	Adapter 2423Hz	41	2.423	70.00	0.285
302.775	0.05	Adapter 2423Hz	41	2.423	70.00	0.285
303.035	0.05	Adapter 2423Hz	41	2.423	70.00	0.285
303.115	0.05	Adapter 2423Hz	41	2.423	70.00	0.285
303.195	0.05	Adapter 2423Hz	41	2.423	70.00	0.285
303.275	0.05	Adapter 2423Hz	41	2.423	70.00	0.285
303.535	0.05	Adapter 2423Hz	41	2.423	70.00	0.285
303.615	0.05	Adapter 2423Hz	41	2.423	70.00	0.285
303.695	0.05	Adapter 2423Hz	41	2.423	70.00	0.285
303.775	0.05	Adapter 2423Hz	41	2.423	70.00	0.285
304.035	0.05	Adapter 2423Hz	41	2.423	70.00	0.285
304.115	0.05	Adapter 2423Hz	41	2.423	70.00	0.285
304.195	0.05	Adapter 2423Hz	41	2.423	70.00	0.285
304.275	0.05	Adapter 2423Hz	41	2.423	70.00	0.285
304.535	0.05	Adapter 2423Hz	41	2.423	70.00	0.285
304.615	0.05	Adapter 2423Hz	41	2.423	70.00	0.285
304.695	0.05	Adapter 2423Hz	41	2.423	70.00	0.285
304.775	0.05	Adapter 2423Hz	41	2.423	70.00	0.285
305.035	0.05	Adapter 2423Hz	41	2.423	70.00	0.285
305.115	0.05	Adapter 2423Hz	41	2.423	70.00	0.285
305.195	0.05	Adapter 2423Hz	41	2.423	70.00	0.285
305.275	0.05	Adapter 2423Hz	41	2.423	70.00	0.285
305.535	0.05	Adapter 2423Hz	41	2.423	70.00	0.285
305.615	0.05	Adapter 2423Hz	41	2.423	70.00	0.285
305.695	0.05	Adapter 2423Hz	41	2.423	70.00	0.285
305.775	0.05	Adapter 2423Hz	41	2.423	70.00	0.285
306.035	0.05	Adapter 2423Hz	41	2.423	70.00	0.285
306.115	0.05	Adapter 2423Hz	41	2.423	70.00	0.285
306.195	0.05	Adapter 2423Hz	41	2.423	70.00	0.285
306.275	0.05	Adapter 2423Hz	41	2.423	70.00	0.285
306.535	0.05	Adapter 2423Hz	41	2.423	70.00	0.285
306.615	0.05	Adapter 2423Hz	41	2.423	70.00	0.285
306.695	0.05	Adapter 2423Hz	41	2.423	70.00	0.285
306.775	0.05	Adapter 2423Hz	41	2.423	70.00	0.285
307.035	0.05	Adapter 2423Hz	41	2.423	70.00	0.285
307.115	0.05	Adapter 2423Hz	41	2.423	70.00	0.285
307.195	0.05	Adapter 2423Hz	41	2.423	70.00	0.285
307.275	0.05	Adapter 2423Hz	41	2.423	70.00	0.285
317.527	0.05	Adapter 1501Hz	43	1.501	70.00	0.186
317.607	0.05	Adapter 1501Hz	43	1.501	70.00	0.186
317.687	0.05	Adapter 1501Hz	43	1.501	70.00	0.186
317.767	0.05	Adapter 1501Hz	43	1.501	70.00	0.186
318.027	0.05	Adapter 1501Hz	43	1.501	70.00	0.186
318.107	0.05	Adapter 1501Hz	43	1.501	70.00	0.186
318.187	0.05	Adapter 1501Hz	43	1.501	70.00	0.186
318.267	0.05	Adapter 1501Hz	43	1.501	70.00	0.186
318.527	0.05	Adapter 1501Hz	43	1.501	70.00	0.186
318.607	0.05	Adapter 1501Hz	43	1.501	70.00	0.186
318.687	0.05	Adapter 1501Hz	43	1.501	70.00	0.186
318.767	0.05	Adapter 1501Hz	43	1.501	70.00	0.186
319.027	0.05	Adapter 1501Hz	43	1.501	70.00	0.186
319.107	0.05	Adapter 1501Hz	43	1.501	70.00	0.186
319.187	0.05	Adapter 1501Hz	43	1.501	70.00	0.186
319.267	0.05	Adapter 1501Hz	43	1.501	70.00	0.186
319.527	0.05	Adapter 1501Hz	43	1.501	70.00	0.186
319.607	0.05	Adapter 1501Hz	43	1.501	70.00	0.186
319.687	0.05	Adapter 1501Hz	43	1.501	70.00	0.186
319.767	0.05	Adapter 1501Hz	43	1.501	70.00	0.186
320.027	0.05	Adapter 1501Hz	43	1.501	70.00	0.186
320.107	0.05	Adapter 1501Hz	43	1.501	70.00	0.186
320.187	0.05	Adapter 1501Hz	43	1.501	70.00	0.186
320.267	0.05	Adapter 1501Hz	43	1.501	70.00	0.186
320.527	0.05	Adapter 1501Hz	43	1.501	70.00	0.186
320.607	0.05	Adapter 1501Hz	43	1.501	70.00	0.186
320.687	0.05	Adapter 1501Hz	43	1.501	70.00	0.186
320.767	0.05	Adapter 1501Hz	43	1.501	70.00	0.186
321.027	0.05	Adapter 1501Hz	43	1.501	70.00	0.186
321.107	0.05	Adapter 1501Hz	43	1.501	70.00	0.186
321.187	0.05	Adapter 1501Hz	43	1.501	70.00	0.186
321.267	0.05	Adapter 1501Hz	43	1.501	70.00	0.186
321.527	0.05	Adapter 1501Hz	43	1.501	70.00	0.186
321.607	0.05	Adapter 1501Hz	43	1.501	70.00	0.186
321.687	0.05	Adapter 1501Hz	43	1.501	70.00	0.186
321.767	0.05	Adapter 1501Hz	43	1.501	70.00	0.186
322.027	0.05	Adapter 1501Hz	43	1.501	70.00	0.186
322.107	0.05	Adapter 1501Hz	43	1.501	70.00	0.186
322.187	0.05	Adapter 1501Hz	43	1.501	70.00	0.186
322.267	0.05	Adapter 1501Hz	43	1.501	70.00	0.186
325.015	0.05	Adapter 3839Hz Probe 3839Hz	44	3.839	70.00	0.437
325.095	0.05	Adapter 3839Hz Probe 3839Hz	44	3.839	70.00	0.437
325.175	0.05	Adapter 3839Hz Probe 3839Hz	44	3.839	70.00	0.437
325.255	0.05	Adapter 3839Hz Probe 3839Hz	44	3.839	70.00	0.437
325.335	0.05	Adapter 3839Hz Probe 3839Hz	44	3.839	70.00	0.437
325.515	0.05	Adapter 3839Hz Probe 3839Hz	44	3.839	70.00	0.437
325.595	0.05	Adapter 3839Hz Probe 3839Hz	44	3.839	70.00	0.437
325.675	0.05	Adapter 3839Hz Probe 3839Hz	44	3.839	70.00	0.437
325.755	0.05	Adapter 3839Hz Probe 3839Hz	44	3.839	70.00	0.437
325.835	0.05	Adapter 3839Hz Probe 3839Hz	44	3.839	70.00	0.437
326.015	0.05	Adapter 3839Hz Probe 3839Hz	44	3.839	70.00	0.437
326.095	0.05	Adapter 3839Hz Probe 3839Hz	44	3.839	70.00	0.437
326.175	0.05	Adapter 3839Hz Probe 3839Hz	44	3.839	70.00	0.437
326.255	0.05	Adapter 3839Hz Probe 3839Hz	44	3.839	70.00	0.437
326.335	0.05	Adapter 3839Hz Probe 3839Hz	44	3.839	70.00	0.437
326.515	0.05	Adapter 3839Hz Probe 3839Hz	44	3.839	70.00	0.437
326.595	0.05	Adapter 3839Hz Probe 3839Hz	44	3.839	70.00	0.437
326.675	0.05	Adapter 3839Hz Probe 3839Hz	44	3.839	70.00	0.437
326.755	0.05	Adapter 3839Hz Probe 3839Hz	44	3.839	70.00	0.437
326.835	0.05	Adapter 3839Hz Probe 3839Hz	44	3.839	70.00	0.437
327.015	0.05	Adapter 3839Hz Probe 3839Hz	44	3.839	70.00	0.437
327.095	0.05	Adapter 3839Hz Probe 3839Hz	44	3.839	70.00	0.437
327.175	0.05	Adapter 3839Hz Probe 3839Hz	44	3.839	70.00	0.437
327.255	0.05	Adapter 3839Hz Probe 3839Hz	44	3.839	70.00	0.437
327.335	0.05	Adapter 3839Hz Probe 3839Hz	44	3.839	70.00	0.437
327.515	0.05	Adapter 3839Hz Probe 3839Hz	44	3.839	70.00	0.437
327.595	0.05	Adapter 3839Hz Probe 3839Hz	44	3.839	70.00	0.437
327.675	0.05	Adapter 3839Hz Probe 3839Hz	44	3.839	70.00	0.437
327.755	0.05	Adapter 3839Hz Probe 3839Hz	44	3.839	70.00	0.437
327.835	0.05	Adapter 3839Hz Probe 3839Hz	44	3.839	70.00	0.437
328.015	0.05	Adapter 3839Hz Probe 3839Hz	44	3.839	70.00	0.437
328.095	0.05	Adapter 3839Hz Probe 3839Hz	44	3.839	70.00	0.437
328.175	0.05	Adapter 3839Hz Probe 3839Hz	44	3.839	70.00	0.437
328.255	0.05	Adapter 3839Hz Probe 3839Hz	44	3.839	70.00	0.437
328.335	0.05	Adapter 3839Hz Probe 3839Hz	44	3.839	70.00	0.437
328.515	0.05	Adapter 3839Hz Probe 3839Hz	44	3.839	70.00	0.437
328.595	0.05	Adapter 3839Hz Probe 3839Hz	44	3.839	70.00	0.437
328.675	0.05	Adapter 3839Hz Probe 3839Hz	44	3.839	70.00	0.437
328.755	0.05	Adapter 3839Hz Probe 3839Hz	44	3.839	70.00	0.437
328.835	0.05	Adapter 3839Hz Probe 3839Hz	44	3.839	70.00	0.437
329.015	0.05	Adapter 3839Hz Probe 3839Hz	44	3.839	70.00	0.437
329.095	0.05	Adapter 3839Hz Probe 3839Hz	44	3.839	70.00	0.437
329.175	0.05	Adapter 3839Hz Probe 3839Hz	44	3.839	70.00	0.437
329.255	0.05	Adapter 3839Hz Probe 3839Hz	44	3.839	70.00	0.437
329.335	0.05	Adapter 3839Hz Probe 3839Hz	44	3.839	70.00	0.437
329.515	0.05	Adapter 3839Hz Probe 3839Hz	44	3.839	70.00	0.437
329.595	0.05	Adapter 3839Hz Probe 3839Hz	44	3.839	70.00	0.437
329.675	0.05	Adapter 3839Hz Probe 3839Hz	44	3.839	70.00	0.437
329.755	0.05	Adapter 3839Hz Probe 3839Hz	44	3.839	70.00	0.437
329.835	0.05	Adapter 3839Hz Probe 3839Hz	44	3.839	70.00	0.437
340.053	0.05	Adapter 251Hz	46	0.251	70.00	0.052
340.133	0.05	Adapter 251Hz	46	0.251	70.00	0.052
340.213	0.05	Adapter 251Hz	46	0.251	70.00	0.052
340.293	0.05	Adapter 251Hz	46	0.251	70.00	0.052
340.553	0.05	Adapter 251Hz	46	0.251	70.00	0.052
340.633	0.05	Adapter 251Hz	46	0.251	70.00	0.052
340.713	0.05	Adapter 251Hz	46	0.251	70.00	0.052
340.793	0.05	Adapter 251Hz	46	0.251	70.00	0.052
341.053	0.05	Adapter 251Hz	46	0.251	70.00	0.052
341.133	0.05	Adapter 251Hz	46	0.251	70.00	0.052
341.213	0.05	Adapter 251Hz	46	0.251	70.00	0.052
341.293	0.05	Adapter 251Hz	46	0.251	70.00	0.052
341.553	0.05	Adapter 251Hz	46	0.251	70.00	0.052
341.633	0.05	Adapter 251Hz	46	0.251	70.00	0.052
341.713	0.05	Adapter 251Hz	46	0.251	70.00	0.052
341.793	0.05	Adapter 251Hz	46	0.251	70.00	0.052
342.053	0.05	Adapter 251Hz	46	0.251	70.00	0.052
342.133	0.05	Adapter 251Hz	46	0.251	70.00	0.052
342.213	0.05	Adapter 251Hz	46	0.251	70.00	0.052
342.293	0.05	Adapter 251Hz	46	0.251	70.00	0.052
342.553	0.05	Adapter 251Hz	46	0.251	70.00	0.052
342.633	0.05	Adapter 251Hz	46	0.251	70.00	0.052
342.713	0.05	Adapter 251Hz	46	0.251	70.00	0.052
342.793	0.05	Adapter 251Hz	46	0.251	70.00	0.052
343.053	0.05	Adapter 251Hz	46	0.251	70.00	0.052
343.133	0.05	Adapter 251Hz	46	0.251	70.00	0.052
343.213	0.05	Adapter 251Hz	46	0.251	70.00	0.052
343.293	0.05	Adapter 251Hz	46	0.251	70.00	0.052
343.553	0.05	Adapter 251Hz	46	0.251	70.00	0.052
343.633	0.05	Adapter 251Hz	46	0.251	70.00	0.052
343.713	0.05	Adapter 251Hz	46	0.251	70.00	0.052
343.793	0.05	Adapter 251Hz	46	0.251	70.00	0.052
344.053	0.05	Adapter 251Hz	46	0.251	70.00	0.052
344.133	0.05	Adapter 251Hz	46	0.251	70.00	0.052
344.213	0.05	Adapter 251Hz	46	0.251	70.00	0.052
344.293	0.05	Adapter 251Hz	46	0.251	70.00	0.052
344.553	0.05	Adapter 251Hz	46	0.251	70.00	0.052
344.633	0.05	Adapter 251Hz	46	0.251	70.00	0.052
344.713	0.05	Adapter 251Hz	46	0.251	70.00	0.052
344.793	0.05	Adapter 251Hz	46	0.251	70.00	0.052
355.334	0.05	Probe 3839Hz	48	3.839	70.00	0.437
355.834	0.05	Probe 3839Hz	48	3.839	70.00	0.437
356.334	0.05	Probe 3839Hz	48	3.839	70.00	0.437
356.834	0.05	Probe 3839Hz	48	3.839	70.00	0.437
357.334	0.05	Probe 3839Hz	48	3.839	70.00	0.437
357.834	0.05	Probe 3839Hz	48	3.839	70.00	0.437
358.334	0.05	Probe 3839Hz	48	3.839	70.00	0.437
358.834	0.05	Probe 3839Hz	48	3.839	70.00	0.437
359.334	0.05	Probe 3839Hz	48	3.839	70.00	0.437
359.834	0.05	Probe 3839Hz	48	3.839	70.00	0.437
377.556	0.05	Adapter 6009Hz	51	6.009	70.00	0.671
377.636	0.05	Adapter 6009Hz	51	6.009	70.00	0.671
377.716	0.05	Adapter 6009Hz	51	6.009	70.00	0.671
377.796	0.05	Adapter 6009Hz	51	6.009	70.00	0.671
378.056	0.05	Adapter 6009Hz	51	6.009	70.00	0.671
378.136	0.05	Adapter 6009Hz	51	6.009	70.00	0.671
378.216	0.05	Adapter 6009Hz	51	6.009	70.00	0.671
378.296	0.05	Adapter 6009Hz	51	6.009	70.00	0.671
378.556	0.05	Adapter 6009Hz	51	6.009	70.00	0.671
378.636	0.05	Adapter 6009Hz	51	6.009	70.00	0.671
378.716	0.05	Adapter 6009Hz	51	6.009	70.00	0.671
378.796	0.05	Adapter 6009Hz	51	6.009	70.00	0.671
379.056	0.05	Adapter 6009Hz	51	6.009	70.00	0.671
379.136	0.05	Adapter 6009Hz	51	6.009	70.00	0.671
379.216	0.05	Adapter 6009Hz	51	6.009	70.00	0.671
379.296	0.05	Adapter 6009Hz	51	6.009	70.00	0.671
379.556	0.05	Adapter 6009Hz	51	6.009	70.00	0.671
379.636	0.05	Adapter 6009Hz	51	6.009	70.00	0.671
379.716	0.05	Adapter 6009Hz	51	6.009	70.00	0.671
379.796	0.05	Adapter 6009Hz	51	6.009	70.00	0.671
380.056	0.05	Adapter 6009Hz	51	6.009	70.00	0.671
380.136	0.05	Adapter 6009Hz	51	6.009	70.00	0.671
380.216	0.05	Adapter 6009Hz	51	6.009	70.00	0.671
380.296	0.05	Adapter 6009Hz	51	6.009	70.00	0.671
380.556	0.05	Adapter 6009Hz	51	6.009	70.00	0.671
380.636	0.05	Adapter 6009Hz	51	6.009	70.00	0.671
380.716	0.05	Adapter 6009Hz	51	6.009	70.00	0.671
380.796	0.05	Adapter 6009Hz	51	6.009	70.00	0.671
381.056	0.05	Adapter 6009Hz	51	6.009	70.00	0.671
381.136	0.05	Adapter 6009Hz	51	6.009	70.00	0.671
381.216	0.05	Adapter 6009Hz	51	6.009	70.00	0.671
381.296	0.05	Adapter 6009Hz	51	6.009	70.00	0.671
381.556	0.05	Adapter 6009Hz	51	6.009	70.00	0.671
381.636	0.05	Adapter 6009Hz	51	6.009	70.00	0.671
381.716	0.05	Adapter 6009Hz	51	6.009	70.00	0.671
381.796	0.05	Adapter 6009Hz	51	6.009	70.00	0.671
382.056	0.05	Adapter 6009Hz	51	6.009	70.00	0.671
382.136	0.05	Adapter 6009Hz	51	6.009	70.00	0.671
382.216	0.05	Adapter 6009Hz	51	6.009	70.00	0.671
382.296	0.05	Adapter 6009Hz	51	6.009	70.00	0.671
385.044	0.05	Adapter 1501Hz Probe 3839Hz	52	1.501	70.00	0.186
385.124	0.05	Adapter 1501Hz Probe 3839Hz	52	1.501	70.00	0.186
385.204	0.05	Adapter 1501Hz Probe 3839Hz	52	1.501	70.00	0.186
385.284	0.05	Adapter 1501Hz Probe 3839Hz	52	1.501	70.00	0.186
385.364	0.05	Adapter 1501Hz Probe 3839Hz	52	3.839	70.00	0.437
385.544	0.05	Adapter 1501Hz Probe 3839Hz	52	1.501	70.00	0.186
385.624	0.05	Adapter 1501Hz Probe 3839Hz	52	1.501	70.00	0.186
385.704	0.05	Adapter 1501Hz Probe 3839Hz	52	1.501	70.00	0.186
385.784	0.05	Adapter 1501Hz Probe 3839Hz	52	1.501	70.00	0.186
385.864	0.05	Adapter 1501Hz Probe 3839Hz	52	3.839	70.00	0.437
386.044	0.05	Adapter 1501Hz Probe 3839Hz	52	1.501	70.00	0.186
386.124	0.05	Adapter 1501Hz Probe 3839Hz	52	1.501	70.00	0.186
386.204	0.05	Adapter 1501Hz Probe 3839Hz	52	1.501	70.00	0.186
386.284	0.05	Adapter 1501Hz Probe 3839Hz	52	1.501	70.00	0.186
386.364	0.05	Adapter 1501Hz Probe 3839Hz	52	3.839	70.00	0.437
386.544	0.05	Adapter 1501Hz Probe 3839Hz	52	1.501	70.00	0.186
386.624	0.05	Adapter 1501Hz Probe 3839Hz	52	1.501	70.00	0.186
386.704	0.05	Adapter 1501Hz Probe 3839Hz	52	1.501	70.00	0.186
386.784	0.05	Adapter 1501Hz Probe 3839Hz	52	1.501	70.00	0.186
386.864	0.05	Adapter 1501Hz Probe 3839Hz	52	3.839	70.00	0.437
387.044	0.05	Adapter 1501Hz Probe 3839Hz	52	1.501	70.00	0.186
387.124	0.05	Adapter 1501Hz Probe 3839Hz	52	1.501	70.00	0.186
387.204	0.05	Adapter 1501Hz Probe 3839Hz	52	1.501	70.00	0.186
387.284	0.05	Adapter 1501Hz Probe 3839Hz	52	1.501	70.00	0.186
387.364	0.05	Adapter 1501Hz Probe 3839Hz	52	3.839	70.00	0.437
387.544	0.05	Adapter 1501Hz Probe 3839Hz	52	1.501	70.00	0.186
387.624	0.05	Adapter 1501Hz Probe 3839Hz	52	1.501	70.00	0.186
387.704	0.05	Adapter 1501Hz Probe 3839Hz	52	1.501	70.00	0.186
387.784	0.05	Adapter 1501Hz Probe 3839Hz	52	1.501	70.00	0.186
387.864	0.05	Adapter 1501Hz Probe 3839Hz	52	3.839	70.00	0.437
388.044	0.05	Adapter 1501Hz Probe 3839Hz	52	1.501	70.00	0.186
388.124	0.05	Adapter 1501Hz Probe 3839Hz	52	1.501	70.00	0.186
388.204	0.05	Adapter 1501Hz Probe 3839Hz	52	1.501	70.00	0.186
388.284	0.05	Adapter 1501Hz Probe 3839Hz	52	1.501	70.00	0.186
388.364	0.05	Adapter 1501Hz Probe 3839Hz	52	3.839	70.00	0.437
388.544	0.05	Adapter 1501Hz Probe 3839Hz	52	1.501	70.00	0.186
388.624	0.05	Adapter 1501Hz Probe 3839Hz	52	1.501	70.00	0.186
388.704	0.05	Adapter 1501Hz Probe 3839Hz	52	1.501	70.00	0.186
388.784	0.05	Adapter 1501Hz Probe 3839Hz	52	1.501	70.00	0.186
388.864	0.05	Adapter 1501Hz Probe 3839Hz	52	3.839	70.00	0.437
389.044	0.05	Adapter 1501Hz Probe 3839Hz	52	1.501	70.00	0.186
389.124	0.05	Adapter 1501Hz Probe 3839Hz	52	1.501	70.00	0.186
389.204	0.05	Adapter 1501Hz Probe 3839Hz	52	1.501	70.00	0.186
389.284	0.05	Adapter 1501Hz Probe 3839Hz	52	1.501	70.00	0.186
389.364	0.05	Adapter 1501Hz Probe 3839Hz	52	3.839	70.00	0.437
389.544	0.05	Adapter 1501Hz Probe 3839Hz	52	1.501	70.00	0.186
389.624	0.05	Adapter 1501Hz Probe 3839Hz	52	1.501	70.00	0.186
389.704	0.05	Adapter 1501Hz Probe 3839Hz	52	1.501	70.00	0.186
389.784	0.05	Adapter 1501Hz Probe 3839Hz	52	1.501	70.00	0.186
389.864	0.05	Adapter 1501Hz Probe 3839Hz	52	3.839	70.00	0.437
392.532	0.05	Adapter 2423Hz Probe 3839Hz	53	2.423	70.00	0.285
392.612	0.05	Adapter 2423Hz Probe 3839Hz	53	2.423	70.00	0.285
392.692	0.05	Adapter 2423Hz Probe 3839Hz	53	2.423	70.00	0.285
392.772	0.05	Adapter 2423Hz Probe 3839Hz	53	2.423	70.00	0.285
392.852	0.05	Adapter 2423Hz Probe 3839Hz	53	3.839	70.00	0.437
393.032	0.05	Adapter 2423Hz Probe 3839Hz	53	2.423	70.00	0.285
393.112	0.05	Adapter 2423Hz Probe 3839Hz	53	2.423	70.00	0.285
393.192	0.05	Adapter 2423Hz Probe 3839Hz	53	2.423	70.00	0.285
393.272	0.05	Adapter 2423Hz Probe 3839Hz	53	2.423	70.00	0.285
393.352	0.05	Adapter 2423Hz Probe 3839Hz	53	3.839	70.00	0.437
393.532	0.05	Adapter 2423Hz Probe 3839Hz	53	2.423	70.00	0.285
393.612	0.05	Adapter 2423Hz Probe 3839Hz	53	2.423	70.00	0.285
393.692	0.05	Adapter 2423Hz Probe 3839Hz	53	2.423	70.00	0.285
393.772	0.05	Adapter 2423Hz Probe 3839Hz	53	2.423	70.00	0.285
393.852	0.05	Adapter 2423Hz Probe 3839Hz	53	3.839	70.00	0.437
394.032	0.05	Adapter 2423Hz Probe 3839Hz	53	2.423	70.00	0.285
394.112	0.05	Adapter 2423Hz Probe 3839Hz	53	2.423	70.00	0.285
394.192	0.05	Adapter 2423Hz Probe 3839Hz	53	2.423	70.00	0.285
394.272	0.05	Adapter 2423Hz Probe 3839Hz	53	2.423	70.00	0.285
394.352	0.05	Adapter 2423Hz Probe 3839Hz	53	3.839	70.00	0.437
394.532	0.05	Adapter 2423Hz Probe 3839Hz	53	2.423	70.00	0.285
394.612	0.05	Adapter 2423Hz Probe 3839Hz	53	2.423	70.00	0.285
394.692	0.05	Adapter 2423Hz Probe 3839Hz	53	2.423	70.00	0.285
394.772	0.05	Adapter 2423Hz Probe 3839Hz	53	2.423	70.00	0.285
394.852	0.05	Adapter 2423Hz Probe 3839Hz	53	3.839	70.00	0.437
395.032	0.05	Adapter 2423Hz Probe 3839Hz	53	2.423	70.00	0.285
395.112	0.05	Adapter 2423Hz Probe 3839Hz	53	2.423	70.00	0.285
395.192	0.05	Adapter 2423Hz Probe 3839Hz	53	2.423	70.00	0.285
395.272	0.05	Adapter 2423Hz Probe 3839Hz	53	2.423	70.00	0.285
395.352	0.05	Adapter 2423Hz Probe 3839Hz	53	3.839	70.00	0.437
395.532	0.05	Adapter 2423Hz Probe 3839Hz	53	2.423	70.00	0.285
395.612	0.05	Adapter 2423Hz Probe 3839Hz	53	2.423	70.00	0.285
395.692	0.05	Adapter 2423Hz Probe 3839Hz	53	2.423	70.00	0.285
395.772	0.05	Adapter 2423Hz Probe 3839Hz	53	2.423	70.00	0.285
395.852	0.05	Adapter 2423Hz Probe 3839Hz	53	3.839	70.00	0.437
396.032	0.05	Adapter 2423Hz Probe 3839Hz	53	2.423	70.00	0.285
396.112	0.05	Adapter 2423Hz Probe 3839Hz	53	2.423	70.00	0.285
396.192	0.05	Adapter 2423Hz Probe 3839Hz	53	2.423	70.00	0.285
396.272	0.05	Adapter 2423Hz Probe 3839Hz	53	2.423	70.00	0.285
396.352	0.05	Adapter 2423Hz Probe 3839Hz	53	3.839	70.00	0.437
396.532	0.05	Adapter 2423Hz Probe 3839Hz	53	2.423	70.00	0.285
396.612	0.05	Adapter 2423Hz Probe 3839Hz	53	2.423	70.00	0.285
396.692	0.05	Adapter 2423Hz Probe 3839Hz	53	2.423	70.00	0.285
396.772	0.05	Adapter 2423Hz Probe 3839Hz	53	2.423	70.00	0.285
396.852	0.05	Adapter 2423Hz Probe 3839Hz	53	3.839	70.00	0.437
397.032	0.05	Adapter 2423Hz Probe 3839Hz	53	2.423	70.00	0.285
397.112	0.05	Adapter 2423Hz Probe 3839Hz	53	2.423	70.00	0.285
397.192	0.05	Adapter 2423Hz Probe 3839Hz	53	2.423	70.00	0.285
397.272	0.05	Adapter 2423Hz Probe 3839Hz	53	2.423	70.00	0.285
397.352	0.05	Adapter 2423Hz Probe 3839Hz	53	3.839	70.00	0.437
400.371	0.05	Probe 3839Hz	54	3.839	70.00	0.437
400.871	0.05	Probe 3839Hz	54	3.839	70.00	0.437
401.371	0.05	Probe 3839Hz	54	3.839	70.00	0.437
401.871	0.05	Probe 3839Hz	54	3.839	70.00	0.437
402.371	0.05	Probe 3839Hz	54	3.839	70.00	0.437
402.871	0.05	Probe 3839Hz	54	3.839	70.00	0.437
403.371	0.05	Probe 3839Hz	54	3.839	70.00	0.437
403.871	0.05	Probe 3839Hz	54	3.839	70.00	0.437
404.371	0.05	Probe 3839Hz	54	3.839	70.00	0.437
404.871	0.05	Probe 3839Hz	54	3.839	70.00	0.437
407.523	0.05	Adapter 251Hz	55	0.251	70.00	0.052
407.603	0.05	Adapter 251Hz	55	0.251	70.00	0.052
407.683	0.05	Adapter 251Hz	55	0.251	70.00	0.052
407.763	0.05	Adapter 251Hz	55	0.251	70.00	0.052
408.023	0.05	Adapter 251Hz	55	0.251	70.00	0.052
408.103	0.05	Adapter 251Hz	55	0.251	70.00	0.052
408.183	0.05	Adapter 251Hz	55	0.251	70.00	0.052
408.263	0.05	Adapter 251Hz	55	0.251	70.00	0.052
408.523	0.05	Adapter 251Hz	55	0.251	70.00	0.052
408.603	0.05	Adapter 251Hz	55	0.251	70.00	0.052
408.683	0.05	Adapter 251Hz	55	0.251	70.00	0.052
408.763	0.05	Adapter 251Hz	55	0.251	70.00	0.052
409.023	0.05	Adapter 251Hz	55	0.251	70.00	0.052
409.103	0.05	Adapter 251Hz	55	0.251	70.00	0.052
409.183	0.05	Adapter 251Hz	55	0.251	70.00	0.052
409.263	0.05	Adapter 251Hz	55	0.251	70.00	0.052
409.523	0.05	Adapter 251Hz	55	0.251	70.00	0.052
409.603	0.05	Adapter 251Hz	55	0.251	70.00	0.052
409.683	0.05	Adapter 251Hz	55	0.251	70.00	0.052
409.763	0.05	Adapter 251Hz	55	0.251	70.00	0.052
410.023	0.05	Adapter 251Hz	55	0.251	70.00	0.052
410.103	0.05	Adapter 251Hz	55	0.251	70.00	0.052
410.183	0.05	Adapter 251Hz	55	0.251	70.00	0.052
410.263	0.05	Adapter 251Hz	55	0.251	70.00	0.052
410.523	0.05	Adapter 251Hz	55	0.251	70.00	0.052
410.603	0.05	Adapter 251Hz	55	0.251	70.00	0.052
410.683	0.05	Adapter 251Hz	55	0.251	70.00	0.052
410.763	0.05	Adapter 251Hz	55	0.251	70.00	0.052
411.023	0.05	Adapter 251Hz	55	0.251	70.00	0.052
411.103	0.05	Adapter 251Hz	55	0.251	70.00	0.052
411.183	0.05	Adapter 251Hz	55	0.251	70.00	0.052
411.263	0.05	Adapter 251Hz	55	0.251	70.00	0.052
411.523	0.05	Adapter 251Hz	55	0.251	70.00	0.052
411.603	0.05	Adapter 251Hz	55	0.251	70.00	0.052
411.683	0.05	Adapter 251Hz	55	0.251	70.00	0.052
411.763	0.05	Adapter 251Hz	55	0.251	70.00	0.052
412.023	0.05	Adapter 251Hz	55	0.251	70.00	0.052
412.103	0.05	Adapter 251Hz	55	0.251	70.00	0.052
412.183	0.05	Adapter 251Hz	55	0.251	70.00	0.052
412.263	0.05	Adapter 251Hz	55	0.251	70.00	0.052
415.058	0.05	Adapter 899Hz	56	0.899	70.00	0.121
415.138	0.05	Adapter 899Hz	56	0.899	70.00	0.121
415.218	0.05	Adapter 899Hz	56	0.899	70.00	0.121
415.298	0.05	Adapter 899Hz	56	0.899	70.00	0.121
415.558	0.05	Adapter 899Hz	56	0.899	70.00	0.121
415.638	0.05	Adapter 899Hz	56	0.899	70.00	0.121
415.718	0.05	Adapter 899Hz	56	0.899	70.00	0.121
415.798	0.05	Adapter 899Hz	56	0.899	70.00	0.121
416.058	0.05	Adapter 899Hz	56	0.899	70.00	0.121
416.138	0.05	Adapter 899Hz	56	0.899	70.00	0.121
416.218	0.05	Adapter 899Hz	56	0.899	70.00	0.121
416.298	0.05	Adapter 899Hz	56	0.899	70.00	0.121
416.558	0.05	Adapter 899Hz	56	0.899	70.00	0.121
416.638	0.05	Adapter 899Hz	56	0.899	70.00	0.121
416.718	0.05	Adapter 899Hz	56	0.899	70.00	0.121
416.798	0.05	Adapter 899Hz	56	0.899	70.00	0.121
417.058	0.05	Adapter 899Hz	56	0.899	70.00	0.121
417.138	0.05	Adapter 899Hz	56	0.899	70.00	0.121
417.218	0.05	Adapter 899Hz	56	0.899	70.00	0.121
417.298	0.05	Adapter 899Hz	56	0.899	70.00	0.121
417.558	0.05	Adapter 899Hz	56	0.899	70.00	0.121
417.638	0.05	Adapter 899Hz	56	0.899	70.00	0.121
417.718	0.05	Adapter 899Hz	56	0.899	70.00	0.121
417.798	0.05	Adapter 899Hz	56	0.899	70.00	0.121
418.058	0.05	Adapter 899Hz	56	0.899	70.00	0.121
418.138	0.05	Adapter 899Hz	56	0.899	70.00	0.121
418.218	0.05	Adapter 899Hz	56	0.899	70.00	0.121
418.298	0.05	Adapter 899Hz	56	0.899	70.00	0.121
418.558	0.05	Adapter 899Hz	56	0.899	70.00	0.121
418.638	0.05	Adapter 899Hz	56	0.899	70.00	0.121
418.718	0.05	Adapter 899Hz	56	0.899	70.00	0.121
418.798	0.05	Adapter 899Hz	56	0.899	70.00	0.121
419.058	0.05	Adapter 899Hz	56	0.899	70.00	0.121
419.138	0.05	Adapter 899Hz	56	0.899	70.00	0.121
419.218	0.05	Adapter 899Hz	56	0.899	70.00	0.121
419.298	0.05	Adapter 899Hz	56	0.899	70.00	0.121
419.558	0.05	Adapter 899Hz	56	0.899	70.00	0.121
419.638	0.05	Adapter 899Hz	56	0.899	70.00	0.121
419.718	0.05	Adapter 899Hz	56	0.899	70.00	0.121
419.798	0.05	Adapter 899Hz	56	0.899	70.00	0.121
422.546	0.05	Adapter 1501Hz	57	1.501	70.00	0.186
422.626	0.05	Adapter 1501Hz	57	1.501	70.00	0.186
422.706	0.05	Adapter 1501Hz	57	1.501	70.00	0.186
422.786	0.05	Adapter 1501Hz	57	1.501	70.00	0.186
423.046	0.05	Adapter 1501Hz	57	1.501	70.00	0.186
423.126	0.05	Adapter 1501Hz	57	1.501	70.00	0.186
423.206	0.05	Adapter 1501Hz	57	1.501	70.00	0.186
423.286	0.05	Adapter 1501Hz	57	1.501	70.00	0.186
423.546	0.05	Adapter 1501Hz	57	1.501	70.00	0.186
423.626	0.05	Adapter 1501Hz	57	1.501	70.00	0.186
423.706	0.05	Adapter 1501Hz	57	1.501	70.00	0.186
423.786	0.05	Adapter 1501Hz	57	1.501	70.00	0.186
424.046	0.05	Adapter 1501Hz	57	1.501	70.00	0.186
424.126	0.05	Adapter 1501Hz	57	1.501	70.00	0.186
424.206	0.05	Adapter 1501Hz	57	1.501	70.00	0.186
424.286	0.05	Adapter 1501Hz	57	1.501	70.00	0.186
424.546	0.05	Adapter 1501Hz	57	1.501	70.00	0.186
424.626	0.05	Adapter 1501Hz	57	1.501	70.00	0.186
424.706	0.05	Adapter 1501Hz	57	1.501	70.00	0.186
424.786	0.05	Adapter 1501Hz	57	1.501	70.00	0.186
425.046	0.05	Adapter 1501Hz	57	1.501	70.00	0.186
425.126	0.05	Adapter 1501Hz	57	1.501	70.00	0.186
425.206	0.05	Adapter 1501Hz	57	1.501	70.00	0.186
425.286	0.05	Adapter 1501Hz	57	1.501	70.00	0.186
425.546	0.05	Adapter 1501Hz	57	1.501	70.00	0.186
425.626	0.05	Adapter 1501Hz	57	1.501	70.00	0.186
425.706	0.05	Adapter 1501Hz	57	1.501	70.00	0.186
425.786	0.05	Adapter 1501Hz	57	1.501	70.00	0.186
426.046	0.05	Adapter 1501Hz	57	1.501	70.00	0.186
426.126	0.05	Adapter 1501Hz	57	1.501	70.00	0.186
426.206	0.05	Adapter 1501Hz	57	1.501	70.00	0.186
426.286	0.05	Adapter 1501Hz	57	1.501	70.00	0.186
426.546	0.05	Adapter 1501Hz	57	1.501	70.00	0.186
426.626	0.05	Adapter 1501Hz	57	1.501	70.00	0.186
426.706	0.05	Adapter 1501Hz	57	1.501	70.00	0.186
426.786	0.05	Adapter 1501Hz	57	1.501	70.00	0.186
427.046	0.05	Adapter 1501Hz	57	1.501	70.00	0.186
427.126	0.05	Adapter 1501Hz	57	1.501	70.00	0.186
427.206	0.05	Adapter 1501Hz	57	1.501	70.00	0.186
427.286	0.05	Adapter 1501Hz	57	1.501	70.00	0.186
430.034	0.05	Adapter 3839Hz	58	3.839	70.00	0.437
430.114	0.05	Adapter 3839Hz	58	3.839	70.00	0.437
430.194	0.05	Adapter 3839Hz	58	3.839	70.00	0.437
430.274	0.05	Adapter 3839Hz	58	3.839	70.00	0.437
430.534	0.05	Adapter 3839Hz	58	3.839	70.00	0.437
430.614	0.05	Adapter 3839Hz	58	3.839	70.00	0.437
430.694	0.05	Adapter 3839Hz	58	3.839	70.00	0.437
430.774	0.05	Adapter 3839Hz	58	3.839	70.00	0.437
431.034	0.05	Adapter 3839Hz	58	3.839	70.00	0.437
431.114	0.05	Adapter 3839Hz	58	3.839	70.00	0.437
431.194	0.05	Adapter 3839Hz	58	3.839	70.00	0.437
431.274	0.05	Adapter 3839Hz	58	3.839	70.00	0.437
431.534	0.05	Adapter 3839Hz	58	3.839	70.00	0.437
431.614	0.05	Adapter 3839Hz	58	3.839	70.00	0.437
431.694	0.05	Adapter 3839Hz	58	3.839	70.00	0.437
431.774	0.05	Adapter 3839Hz	58	3.839	70.00	0.437
432.034	0.05	Adapter 3839Hz	58	3.839	70.00	0.437
432.114	0.05	Adapter 3839Hz	58	3.839	70.00	0.437
432.194	0.05	Adapter 3839Hz	58	3.839	70.00	0.437
432.274	0.05	Adapter 3839Hz	58	3.839	70.00	0.437
432.534	0.05	Adapter 3839Hz	58	3.839	70.00	0.437
432.614	0.05	Adapter 3839Hz	58	3.839	70.00	0.437
432.694	0.05	Adapter 3839Hz	58	3.839	70.00	0.437
432.774	0.05	Adapter 3839Hz	58	3.839	70.00	0.437
433.034	0.05	Adapter 3839Hz	58	3.839	70.00	0.437
433.114	0.05	Adapter 3839Hz	58	3.839	70.00	0.437
433.194	0.05	Adapter 3839Hz	58	3.839	70.00	0.437
433.274	0.05	Adapter 3839Hz	58	3.839	70.00	0.437
433.534	0.05	Adapter 3839Hz	58	3.839	70.00	0.437
433.614	0.05	Adapter 3839Hz	58	3.839	70.00	0.437
433.694	0.05	Adapter 3839Hz	58	3.839	70.00	0.437
433.774	0.05	Adapter 3839Hz	58	3.839	70.00	0.437
434.034	0.05	Adapter 3839Hz	58	3.839	70.00	0.437
434.114	0.05	Adapter 3839Hz	58	3.839	70.00	0.437
434.194	0.05	Adapter 3839Hz	58	3.839	70.00	0.437
434.274	0.05	Adapter 3839Hz	58	3.839	70.00	0.437
434.534	0.05	Adapter 3839Hz	58	3.839	70.00	0.437
434.614	0.05	Adapter 3839Hz	58	3.839	70.00	0.437
434.694	0.05	Adapter 3839Hz	58	3.839	70.00	0.437
434.774	0.05	Adapter 3839Hz	58	3.839	70.00	0.437
445.01	0.05	Adapter 507Hz Probe 3839Hz	60	0.507	70.00	0.079
445.09	0.05	Adapter 507Hz Probe 3839Hz	60	0.507	70.00	0.079
445.17	0.05	Adapter 507Hz Probe 3839Hz	60	0.507	70.00	0.079
445.25	0.05	Adapter 507Hz Probe 3839Hz	60	0.507	70.00	0.079
445.33	0.05	Adapter 507Hz Probe 3839Hz	60	3.839	70.00	0.437
445.51	0.05	Adapter 507Hz Probe 3839Hz	60	0.507	70.00	0.079
445.59	0.05	Adapter 507Hz Probe 3839Hz	60	0.507	70.00	0.079
445.67	0.05	Adapter 507Hz Probe 3839Hz	60	0.507	70.00	0.079
445.75	0.05	Adapter 507Hz Probe 3839Hz	60	0.507	70.00	0.079
445.83	0.05	Adapter 507Hz Probe 3839Hz	60	3.839	70.00	0.437
446.01	0.05	Adapter 507Hz Probe 3839Hz	60	0.507	70.00	0.079
446.09	0.05	Adapter 507Hz Probe 3839Hz	60	0.507	70.00	0.079
446.17	0.05	Adapter 507Hz Probe 3839Hz	60	0.507	70.00	0.079
446.25	0.05	Adapter 507Hz Probe 3839Hz	60	0.507	70.00	0.079
446.33	0.05	Adapter 507Hz Probe 3839Hz	60	3.839	70.00	0.437
446.51	0.05	Adapter 507Hz Probe 3839Hz	60	0.507	70.00	0.079
446.59	0.05	Adapter 507Hz Probe 3839Hz	60	0.507	70.00	0.079
446.67	0.05	Adapter 507Hz Probe 3839Hz	60	0.507	70.00	0.079
446.75	0.05	Adapter 507Hz Probe 3839Hz	60	0.507	70.00	0.079
446.83	0.05	Adapter 507Hz Probe 3839Hz	60	3.839	70.00	0.437
447.01	0.05	Adapter 507Hz Probe 3839Hz	60	0.507	70.00	0.079
447.09	0.05	Adapter 507Hz Probe 3839Hz	60	0.507	70.00	0.079
447.17	0.05	Adapter 507Hz Probe 3839Hz	60	0.507	70.00	0.079
447.25	0.05	Adapter 507Hz Probe 3839Hz	60	0.507	70.00	0.079
447.33	0.05	Adapter 507Hz Probe 3839Hz	60	3.839	70.00	0.437
447.51	0.05	Adapter 507Hz Probe 3839Hz	60	0.507	70.00	0.079
447.59	0.05	Adapter 507Hz Probe 3839Hz	60	0.507	70.00	0.079
447.67	0.05	Adapter 507Hz Probe 3839Hz	60	0.507	70.00	0.079
447.75	0.05	Adapter 507Hz Probe 3839Hz	60	0.507	70.00	0.079
447.83	0.05	Adapter 507Hz Probe 3839Hz	60	3.839	70.00	0.437
448.01	0.05	Adapter 507Hz Probe 3839Hz	60	0.507	70.00	0.079
448.09	0.05	Adapter 507Hz Probe 3839Hz	60	0.507	70.00	0.079
448.17	0.05	Adapter 507Hz Probe 3839Hz	60	0.507	70.00	0.079
448.25	0.05	Adapter 507Hz Probe 3839Hz	60	0.507	70.00	0.079
448.33	0.05	Adapter 507Hz Probe 3839Hz	60	3.839	70.00	0.437
448.51	0.05	Adapter 507Hz Probe 3839Hz	60	0.507	70.00	0.079
448.59	0.05	Adapter 507Hz Probe 3839Hz	60	0.507	70.00	0.079
448.67	0.05	Adapter 507Hz Probe 3839Hz	60	0.507	70.00	0.079
448.75	0.05	Adapter 507Hz Probe 3839Hz	60	0.507	70.00	0.079
448.83	0.05	Adapter 507Hz Probe 3839Hz	60	3.839	70.00	0.437
449.01	0.05	Adapter 507Hz Probe 3839Hz	60	0.507	70.00	0.079
449.09	0.05	Adapter 507Hz Probe 3839Hz	60	0.507	70.00	0.079
449.17	0.05	Adapter 507Hz Probe 3839Hz	60	0.507	70.00	0.079
449.25	0.05	Adapter 507Hz Probe 3839Hz	60	0.507	70.00	0.079
449.33	0.05	Adapter 507Hz Probe 3839Hz	60	3.839	70.00	0.437
449.51	0.05	Adapter 507Hz Probe 3839Hz	60	0.507	70.00	0.079
449.59	0.05	Adapter 507Hz Probe 3839Hz	60	0.507	70.00	0.079
449.67	0.05	Adapter 507Hz Probe 3839Hz	60	0.507	70.00	0.079
449.75	0.05	Adapter 507Hz Probe 3839Hz	60	0.507	70.00	0.079
449.83	0.05	Adapter 507Hz Probe 3839Hz	60	3.839	70.00	0.437
452.561	0.05	Adapter 507Hz	61	0.507	70.00	0.079
452.641	0.05	Adapter 507Hz	61	0.507	70.00	0.079
452.721	0.05	Adapter 507Hz	61	0.507	70.00	0.079
452.801	0.05	Adapter 507Hz	61	0.507	70.00	0.079
453.061	0.05	Adapter 507Hz	61	0.507	70.00	0.079
453.141	0.05	Adapter 507Hz	61	0.507	70.00	0.079
453.221	0.05	Adapter 507Hz	61	0.507	70.00	0.079
453.301	0.05	Adapter 507Hz	61	0.507	70.00	0.079
453.561	0.05	Adapter 507Hz	61	0.507	70.00	0.079
453.641	0.05	Adapter 507Hz	61	0.507	70.00	0.079
453.721	0.05	Adapter 507Hz	61	0.507	70.00	0.079
453.801	0.05	Adapter 507Hz	61	0.507	70.00	0.079
454.061	0.05	Adapter 507Hz	61	0.507	70.00	0.079
454.141	0.05	Adapter 507Hz	61	0.507	70.00	0.079
454.221	0.05	Adapter 507Hz	61	0.507	70.00	0.079
454.301	0.05	Adapter 507Hz	61	0.507	70.00	0.079
454.561	0.05	Adapter 507Hz	61	0.507	70.00	0.079
454.641	0.05	Adapter 507Hz	61	0.507	70.00	0.079
454.721	0.05	Adapter 507Hz	61	0.507	70.00	0.079
454.801	0.05	Adapter 507Hz	61	0.507	70.00	0.079
455.061	0.05	Adapter 507Hz	61	0.507	70.00	0.079
455.141	0.05	Adapter 507Hz	61	0.507	70.00	0.079
455.221	0.05	Adapter 507Hz	61	0.507	70.00	0.079
455.301	0.05	Adapter 507Hz	61	0.507	70.00	0.079
455.561	0.05	Adapter 507Hz	61	0.507	70.00	0.079
455.641	0.05	Adapter 507Hz	61	0.507	70.00	0.079
455.721	0.05	Adapter 507Hz	61	0.507	70.00	0.079
455.801	0.05	Adapter 507Hz	61	0.507	70.00	0.079
456.061	0.05	Adapter 507Hz	61	0.507	70.00	0.079
456.141	0.05	Adapter 507Hz	61	0.507	70.00	0.079
456.221	0.05	Adapter 507Hz	61	0.507	70.00	0.079
456.301	0.05	Adapter 507Hz	61	0.507	70.00	0.079
456.561	0.05	Adapter 507Hz	61	0.507	70.00	0.079
456.641	0.05	Adapter 507Hz	61	0.507	70.00	0.079
456.721	0.05	Adapter 507Hz	61	0.507	70.00	0.079
456.801	0.05	Adapter 507Hz	61	0.507	70.00	0.079
457.061	0.05	Adapter 507Hz	61	0.507	70.00	0.079
457.141	0.05	Adapter 507Hz	61	0.507	70.00	0.079
457.221	0.05	Adapter 507Hz	61	0.507	70.00	0.079
457.301	0.05	Adapter 507Hz	61	0.507	70.00	0.079
460.049	0.05	Adapter 3839Hz Probe 3839Hz	62	3.839	70.00	0.437
460.129	0.05	Adapter 3839Hz Probe 3839Hz	62	3.839	70.00	0.437
460.209	0.05	Adapter 3839Hz Probe 3839Hz	62	3.839	70.00	0.437
460.289	0.05	Adapter 3839Hz Probe 3839Hz	62	3.839	70.00	0.437
460.369	0.05	Adapter 3839Hz Probe 3839Hz	62	3.839	70.00	0.437
460.549	0.05	Adapter 3839Hz Probe 3839Hz	62	3.839	70.00	0.437
460.629	0.05	Adapter 3839Hz Probe 3839Hz	62	3.839	70.00	0.437
460.709	0.05	Adapter 3839Hz Probe 3839Hz	62	3.839	70.00	0.437
460.789	0.05	Adapter 3839Hz Probe 3839Hz	62	3.839	70.00	0.437
460.869	0.05	Adapter 3839Hz Probe 3839Hz	62	3.839	70.00	0.437
461.049	0.05	Adapter 3839Hz Probe 3839Hz	62	3.839	70.00	0.437
461.129	0.05	Adapter 3839Hz Probe 3839Hz	62	3.839	70.00	0.437
461.209	0.05	Adapter 3839Hz Probe 3839Hz	62	3.839	70.00	0.437
461.289	0.05	Adapter 3839Hz Probe 3839Hz	62	3.839	70.00	0.437
461.369	0.05	Adapter 3839Hz Probe 3839Hz	62	3.839	70.00	0.437
461.549	0.05	Adapter 3839Hz Probe 3839Hz	62	3.839	70.00	0.437
461.629	0.05	Adapter 3839Hz Probe 3839Hz	62	3.839	70.00	0.437
461.709	0.05	Adapter 3839Hz Probe 3839Hz	62	3.839	70.00	0.437
461.789	0.05	Adapter 3839Hz Probe 3839Hz	62	3.839	70.00	0.437
461.869	0.05	Adapter 3839Hz Probe 3839Hz	62	3.839	70.00	0.437
462.049	0.05	Adapter 3839Hz Probe 3839Hz	62	3.839	70.00	0.437
462.129	0.05	Adapter 3839Hz Probe 3839Hz	62	3.839	70.00	0.437
462.209	0.05	Adapter 3839Hz Probe 3839Hz	62	3.839	70.00	0.437
462.289	0.05	Adapter 3839Hz Probe 3839Hz	62	3.839	70.00	0.437
462.369	0.05	Adapter 3839Hz Probe 3839Hz	62	3.839	70.00	0.437
462.549	0.05	Adapter 3839Hz Probe 3839Hz	62	3.839	70.00	0.437
462.629	0.05	Adapter 3839Hz Probe 3839Hz	62	3.839	70.00	0.437
462.709	0.05	Adapter 3839Hz Probe 3839Hz	62	3.839	70.00	0.437
462.789	0.05	Adapter 3839Hz Probe 3839Hz	62	3.839	70.00	0.437
462.869	0.05	Adapter 3839Hz Probe 3839Hz	62	3.839	70.00	0.437
463.049	0.05	Adapter 3839Hz Probe 3839Hz	62	3.839	70.00	0.437
463.129	0.05	Adapter 3839Hz Probe 3839Hz	62	3.839	70.00	0.437
463.209	0.05	Adapter 3839Hz Probe 3839Hz	62	3.839	70.00	0.437
463.289	0.05	Adapter 3839Hz Probe 3839Hz	62	3.839	70.00	0.437
463.369	0.05	Adapter 3839Hz Probe 3839Hz	62	3.839	70.00	0.437
463.549	0.05	Adapter 3839Hz Probe 3839Hz	62	3.839	70.00	0.437
463.629	0.05	Adapter 3839Hz Probe 3839Hz	62	3.839	70.00	0.437
463.709	0.05	Adapter 3839Hz Probe 3839Hz	62	3.839	70.00	0.437
463.789	0.05	Adapter 3839Hz Probe 3839Hz	62	3.839	70.00	0.437
463.869	0.05	Adapter 3839Hz Probe 3839Hz	62	3.839	70.00	0.437
464.049	0.05	Adapter 3839Hz Probe 3839Hz	62	3.839	70.00	0.437
464.129	0.05	Adapter 3839Hz Probe 3839Hz	62	3.839	70.00	0.437
464.209	0.05	Adapter 3839Hz Probe 3839Hz	62	3.839	70.00	0.437
464.289	0.05	Adapter 3839Hz Probe 3839Hz	62	3.839	70.00	0.437
464.369	0.05	Adapter 3839Hz Probe 3839Hz	62	3.839	70.00	0.437
464.549	0.05	Adapter 3839Hz Probe 3839Hz	62	3.839	70.00	0.437
464.629	0.05	Adapter 3839Hz Probe 3839Hz	62	3.839	70.00	0.437
464.709	0.05	Adapter 3839Hz Probe 3839Hz	62	3.839	70.00	0.437
464.789	0.05	Adapter 3839Hz Probe 3839Hz	62	3.839	70.00	0.437
464.869	0.05	Adapter 3839Hz Probe 3839Hz	62	3.839	70.00	0.437
467.521	0.05	Adapter 2423Hz	63	2.423	70.00	0.285
467.601	0.05	Adapter 2423Hz	63	2.423	70.00	0.285
467.681	0.05	Adapter 2423Hz	63	2.423	70.00	0.285
467.761	0.05	Adapter 2423Hz	63	2.423	70.00	0.285
468.021	0.05	Adapter 2423Hz	63	2.423	70.00	0.285
468.101	0.05	Adapter 2423Hz	63	2.423	70.00	0.285
468.181	0.05	Adapter 2423Hz	63	2.423	70.00	0.285
468.261	0.05	Adapter 2423Hz	63	2.423	70.00	0.285
468.521	0.05	Adapter 2423Hz	63	2.423	70.00	0.285
468.601	0.05	Adapter 2423Hz	63	2.423	70.00	0.285
468.681	0.05	Adapter 2423Hz	63	2.423	70.00	0.285
468.761	0.05	Adapter 2423Hz	63	2.423	70.00	0.285
469.021	0.05	Adapter 2423Hz	63	2.423	70.00	0.285
469.101	0.05	Adapter 2423Hz	63	2.423	70.00	0.285
469.181	0.05	Adapter 2423Hz	63	2.423	70.00	0.285
469.261	0.05	Adapter 2423Hz	63	2.423	70.00	0.285
469.521	0.05	Adapter 2423Hz	63	2.423	70.00	0.285
469.601	0.05	Adapter 2423Hz	63	2.423	70.00	0.285
469.681	0.05	Adapter 2423Hz	63	2.423	70.00	0.285
469.761	0.05	Adapter 2423Hz	63	2.423	70.00	0.285
470.021	0.05	Adapter 2423Hz	63	2.423	70.00	0.285
470.101	0.05	Adapter 2423Hz	63	2.423	70.00	0.285
470.181	0.05	Adapter 2423Hz	63	2.423	70.00	0.285
470.261	0.05	Adapter 2423Hz	63	2.423	70.00	0.285
470.521	0.05	Adapter 2423Hz	63	2.423	70.00	0.285
470.601	0.05	Adapter 2423Hz	63	2.423	70.00	0.285
470.681	0.05	Adapter 2423Hz	63	2.423	70.00	0.285
470.761	0.05	Adapter 2423Hz	63	2.423	70.00	0.285
471.021	0.05	Adapter 2423Hz	63	2.423	70.00	0.285
471.101	0.05	Adapter 2423Hz	63	2.423	70.00	0.285
471.181	0.05	Adapter 2423Hz	63	2.423	70.00	0.285
471.261	0.05	Adapter 2423Hz	63	2.423	70.00	0.285
471.521	0.05	Adapter 2423Hz	63	2.423	70.00	0.285
471.601	0.05	Adapter 2423Hz	63	2.423	70.00	0.285
471.681	0.05	Adapter 2423Hz	63	2.423	70.00	0.285
471.761	0.05	Adapter 2423Hz	63	2.423	70.00	0.285
472.021	0.05	Adapter 2423Hz	63	2.423	70.00	0.285
472.101	0.05	Adapter 2423Hz	63	2.423	70.00	0.285
472.181	0.05	Adapter 2423Hz	63	2.423	70.00	0.285
472.261	0.05	Adapter 2423Hz	63	2.423	70.00	0.285
475.009	0.05	Adapter 899Hz Probe 3839Hz	64	0.899	70.00	0.121
475.089	0.05	Adapter 899Hz Probe 3839Hz	64	0.899	70.00	0.121
475.169	0.05	Adapter 899Hz Probe 3839Hz	64	0.899	70.00	0.121
475.249	0.05	Adapter 899Hz Probe 3839Hz	64	0.899	70.00	0.121
475.329	0.05	Adapter 899Hz Probe 3839Hz	64	3.839	70.00	0.437
475.509	0.05	Adapter 899Hz Probe 3839Hz	64	0.899	70.00	0.121
475.589	0.05	Adapter 899Hz Probe 3839Hz	64	0.899	70.00	0.121
475.669	0.05	Adapter 899Hz Probe 3839Hz	64	0.899	70.00	0.121
475.749	0.05	Adapter 899Hz Probe 3839Hz	64	0.899	70.00	0.121
475.829	0.05	Adapter 899Hz Probe 3839Hz	64	3.839	70.00	0.437
476.009	0.05	Adapter 899Hz Probe 3839Hz	64	0.899	70.00	0.121
476.089	0.05	Adapter 899Hz Probe 3839Hz	64	0.899	70.00	0.121
476.169	0.05	Adapter 899Hz Probe 3839Hz	64	0.899	70.00	0.121
476.249	0.05	Adapter 899Hz Probe 3839Hz	64	0.899	70.00	0.121
476.329	0.05	Adapter 899Hz Probe 3839Hz	64	3.839	70.00	0.437
476.509	0.05	Adapter 899Hz Probe 3839Hz	64	0.899	70.00	0.121
476.589	0.05	Adapter 899Hz Probe 3839Hz	64	0.899	70.00	0.121
476.669	0.05	Adapter 899Hz Probe 3839Hz	64	0.899	70.00	0.121
476.749	0.05	Adapter 899Hz Probe 3839Hz	64	0.899	70.00	0.121
476.829	0.05	Adapter 899Hz Probe 3839Hz	64	3.839	70.00	0.437
477.009	0.05	Adapter 899Hz Probe 3839Hz	64	0.899	70.00	0.121
477.089	0.05	Adapter 899Hz Probe 3839Hz	64	0.899	70.00	0.121
477.169	0.05	Adapter 899Hz Probe 3839Hz	64	0.899	70.00	0.121
477.249	0.05	Adapter 899Hz Probe 3839Hz	64	0.899	70.00	0.121
477.329	0.05	Adapter 899Hz Probe 3839Hz	64	3.839	70.00	0.437
477.509	0.05	Adapter 899Hz Probe 3839Hz	64	0.899	70.00	0.121
477.589	0.05	Adapter 899Hz Probe 3839Hz	64	0.899	70.00	0.121
477.669	0.05	Adapter 899Hz Probe 3839Hz	64	0.899	70.00	0.121
477.749	0.05	Adapter 899Hz Probe 3839Hz	64	0.899	70.00	0.121
477.829	0.05	Adapter 899Hz Probe 3839Hz	64	3.839	70.00	0.437
478.009	0.05	Adapter 899Hz Probe 3839Hz	64	0.899	70.00	0.121
478.089	0.05	Adapter 899Hz Probe 3839Hz	64	0.899	70.00	0.121
478.169	0.05	Adapter 899Hz Probe 3839Hz	64	0.899	70.00	0.121
478.249	0.05	Adapter 899Hz Probe 3839Hz	64	0.899	70.00	0.121
478.329	0.05	Adapter 899Hz Probe 3839Hz	64	3.839	70.00	0.437
478.509	0.05	Adapter 899Hz Probe 3839Hz	64	0.899	70.00	0.121
478.589	0.05	Adapter 899Hz Probe 3839Hz	64	0.899	70.00	0.121
478.669	0.05	Adapter 899Hz Probe 3839Hz	64	0.899	70.00	0.121
478.749	0.05	Adapter 899Hz Probe 3839Hz	64	0.899	70.00	0.121
478.829	0.05	Adapter 899Hz Probe 3839Hz	64	3.839	70.00	0.437
479.009	0.05	Adapter 899Hz Probe 3839Hz	64	0.899	70.00	0.121
479.089	0.05	Adapter 899Hz Probe 3839Hz	64	0.899	70.00	0.121
479.169	0.05	Adapter 899Hz Probe 3839Hz	64	0.899	70.00	0.121
479.249	0.05	Adapter 899Hz Probe 3839Hz	64	0.899	70.00	0.121
479.329	0.05	Adapter 899Hz Probe 3839Hz	64	3.839	70.00	0.437
479.509	0.05	Adapter 899Hz Probe 3839Hz	64	0.899	70.00	0.121
479.589	0.05	Adapter 899Hz Probe 3839Hz	64	0.899	70.00	0.121
479.669	0.05	Adapter 899Hz Probe 3839Hz	64	0.899	70.00	0.121
479.749	0.05	Adapter 899Hz Probe 3839Hz	64	0.899	70.00	0.121
479.829	0.05	Adapter 899Hz Probe 3839Hz	64	3.839	70.00	0.437
