onset	duration	trial_type	scan	frequency_kHz	level_dB_SPL	bandwidth_kHz
2.5	0.05	Adapter 2423Hz Probe 3839Hz	1	2.423	70.00	0.285
2.58	0.05	Adapter 2423Hz Probe 3839Hz	1	2.423	70.00	0.285
2.66	0.05	Adapter 2423Hz Probe 3839Hz	1	2.423	70.00	0.285
2.74	0.05	Adapter 2423Hz Probe 3839Hz	1	2.423	70.00	0.285
2.82	0.05	Adapter 2423Hz Probe 3839Hz	1	3.839	70.00	0.437
3.0	0.05	Adapter 2423Hz Probe 3839Hz	1	2.423	70.00	0.285
3.08	0.05	Adapter 2423Hz Probe 3839Hz	1	2.423	70.00	0.285
3.16	0.05	Adapter 2423Hz Probe 3839Hz	1	2.423	70.00	0.285
3.24	0.05	Adapter 2423Hz Probe 3839Hz	1	2.423	70.00	0.285
3.32	0.05	Adapter 2423Hz Probe 3839Hz	1	3.839	70.00	0.437
3.5	0.05	Adapter 2423Hz Probe 3839Hz	1	2.423	70.00	0.285
3.58	0.05	Adapter 2423Hz Probe 3839Hz	1	2.423	70.00	0.285
3.66	0.05	Adapter 2423Hz Probe 3839Hz	1	2.423	70.00	0.285
3.74	0.05	Adapter 2423Hz Probe 3839Hz	1	2.423	70.00	0.285
3.82	0.05	Adapter 2423Hz Probe 3839Hz	1	3.839	70.00	0.437
4.0	0.05	Adapter 2423Hz Probe 3839Hz	1	2.423	70.00	0.285
4.08	0.05	Adapter 2423Hz Probe 3839Hz	1	2.423	70.00	0.285
4.16	0.05	Adapter 2423Hz Probe 3839Hz	1	2.423	70.00	0.285
4.24	0.05	Adapter 2423Hz Probe 3839Hz	1	2.423	70.00	0.285
4.32	0.05	Adapter 2423Hz Probe 3839Hz	1	3.839	70.00	0.437
4.5	0.05	Adapter 2423Hz Probe 3839Hz	1	2.423	70.00	0.285
4.58	0.05	Adapter 2423Hz Probe 3839Hz	1	2.423	70.00	0.285
4.66	0.05	Adapter 2423Hz Probe 3839Hz	1	2.423	70.00	0.285
4.74	0.05	Adapter 2423Hz Probe 3839Hz	1	2.423	70.00	0.285
4.82	0.05	Adapter 2423Hz Probe 3839Hz	1	3.839	70.00	0.437
5.0	0.05	Adapter 2423Hz Probe 3839Hz	1	2.423	70.00	0.285
5.08	0.05	Adapter 2423Hz Probe 3839Hz	1	2.423	70.00	0.285
5.16	0.05	Adapter 2423Hz Probe 3839Hz	1	2.423	70.00	0.285
5.24	0.05	Adapter 2423Hz Probe 3839Hz	1	2.423	70.00	0.285
5.32	0.05	Adapter 2423Hz Probe 3839Hz	1	3.839	70.00	0.437
5.5	0.05	Adapter 2423Hz Probe 3839Hz	1	2.423	70.00	0.285
5.58	0.05	Adapter 2423Hz Probe 3839Hz	1	2.423	70.00	0.285
5.66	0.05	Adapter 2423Hz Probe 3839Hz	1	2.423	70.00	0.285
5.74	0.05	Adapter 2423Hz Probe 3839Hz	1	2.423	70.00	0.285
5.82	0.05	Adapter 2423Hz Probe 3839Hz	1	3.839	70.00	0.437
6.0	0.05	Adapter 2423Hz Probe 3839Hz	1	2.423	70.00	0.285
6.08	0.05	Adapter 2423Hz Probe 3839Hz	1	2.423	70.00	0.285
6.16	0.05	Adapter 2423Hz Probe 3839Hz	1	2.423	70.00	0.285
6.24	0.05	Adapter 2423Hz Probe 3839Hz	1	2.423	70.00	0.285
6.32	0.05	Adapter 2423Hz Probe 3839Hz	1	3.839	70.00	0.437
6.5	0.05	Adapter 2423Hz Probe 3839Hz	1	2.423	70.00	0.285
6.58	0.05	Adapter 2423Hz Probe 3839Hz	1	2.423	70.00	0.285
6.66	0.05	Adapter 2423Hz Probe 3839Hz	1	2.423	70.00	0.285
6.74	0.05	Adapter 2423Hz Probe 3839Hz	1	2.423	70.00	0.285
6.82	0.05	Adapter 2423Hz Probe 3839Hz	1	3.839	70.00	0.437
7.0	0.05	Adapter 2423Hz Probe 3839Hz	1	2.423	70.00	0.285
7.08	0.05	Adapter 2423Hz Probe 3839Hz	1	2.423	70.00	0.285
7.16	0.05	Adapter 2423Hz Probe 3839Hz	1	2.423	70.00	0.285
7.24	0.05	Adapter 2423Hz Probe 3839Hz	1	2.423	70.00	0.285
7.32	0.05	Adapter 2423Hz Probe 3839Hz	1	3.839	70.00	0.437
9.988	0.05	Adapter 3839Hz	2	3.839	70.00	0.437
10.068	0.05	Adapter 3839Hz	2	3.839	70.00	0.437
10.148	0.05	Adapter 3839Hz	2	3.839	70.00	0.437
10.228	0.05	Adapter 3839Hz	2	3.839	70.00	0.437
10.488	0.05	Adapter 3839Hz	2	3.839	70.00	0.437
10.568	0.05	Adapter 3839Hz	2	3.839	70.00	0.437
10.648	0.05	Adapter 3839Hz	2	3.839	70.00	0.437
10.728	0.05	Adapter 3839Hz	2	3.839	70.00	0.437
10.988	0.05	Adapter 3839Hz	2	3.839	70.00	0.437
11.068	0.05	Adapter 3839Hz	2	3.839	70.00	0.437
11.148	0.05	Adapter 3839Hz	2	3.839	70.00	0.437
11.228	0.05	Adapter 3839Hz	2	3.839	70.00	0.437
11.488	0.05	Adapter 3839Hz	2	3.839	70.00	0.437
11.568	0.05	Adapter 3839Hz	2	3.839	70.00	0.437
11.648	0.05	Adapter 3839Hz	2	3.839	70.00	0.437
11.728	0.05	Adapter 3839Hz	2	3.839	70.00	0.437
11.988	0.05	Adapter 3839Hz	2	3.839	70.00	0.437
12.068	0.05	Adapter 3839Hz	2	3.839	70.00	0.437
12.148	0.05	Adapter 3839Hz	2	3.839	70.00	0.437
12.228	0.05	Adapter 3839Hz	2	3.839	70.00	0.437
12.488	0.05	Adapter 3839Hz	2	3.839	70.00	0.437
12.568	0.05	Adapter 3839Hz	2	3.839	70.00	0.437
12.648	0.05	Adapter 3839Hz	2	3.839	70.00	0.437
12.728	0.05	Adapter 3839Hz	2	3.839	70.00	0.437
12.988	0.05	Adapter 3839Hz	2	3.839	70.00	0.437
13.068	0.05	Adapter 3839Hz	2	3.839	70.00	0.437
13.148	0.05	Adapter 3839Hz	2	3.839	70.00	0.437
13.228	0.05	Adapter 3839Hz	2	3.839	70.00	0.437
13.488	0.05	Adapter 3839Hz	2	3.839	70.00	0.437
13.568	0.05	Adapter 3839Hz	2	3.839	70.00	0.437
13.648	0.05	Adapter 3839Hz	2	3.839	70.00	0.437
13.728	0.05	Adapter 3839Hz	2	3.839	70.00	0.437
13.988	0.05	Adapter 3839Hz	2	3.839	70.00	0.437
14.068	0.05	Adapter 3839Hz	2	3.839	70.00	0.437
14.148	0.05	Adapter 3839Hz	2	3.839	70.00	0.437
14.228	0.05	Adapter 3839Hz	2	3.839	70.00	0.437
14.488	0.05	Adapter 3839Hz	2	3.839	70.00	0.437
14.568	0.05	Adapter 3839Hz	2	3.839	70.00	0.437
14.648	0.05	Adapter 3839Hz	2	3.839	70.00	0.437
14.728	0.05	Adapter 3839Hz	2	3.839	70.00	0.437
17.523	0.05	Adapter 3839Hz Probe 3839Hz	3	3.839	70.00	0.437
17.603	0.05	Adapter 3839Hz Probe 3839Hz	3	3.839	70.00	0.437
17.683	0.05	Adapter 3839Hz Probe 3839Hz	3	3.839	70.00	0.437
17.763	0.05	Adapter 3839Hz Probe 3839Hz	3	3.839	70.00	0.437
17.843	0.05	Adapter 3839Hz Probe 3839Hz	3	3.839	70.00	0.437
18.023	0.05	Adapter 3839Hz Probe 3839Hz	3	3.839	70.00	0.437
18.103	0.05	Adapter 3839Hz Probe 3839Hz	3	3.839	70.00	0.437
18.183	0.05	Adapter 3839Hz Probe 3839Hz	3	3.839	70.00	0.437
18.263	0.05	Adapter 3839Hz Probe 3839Hz	3	3.839	70.00	0.437
18.343	0.05	Adapter 3839Hz Probe 3839Hz	3	3.839	70.00	0.437
18.523	0.05	Adapter 3839Hz Probe 3839Hz	3	3.839	70.00	0.437
18.603	0.05	Adapter 3839Hz Probe 3839Hz	3	3.839	70.00	0.437
18.683	0.05	Adapter 3839Hz Probe 3839Hz	3	3.839	70.00	0.437
18.763	0.05	Adapter 3839Hz Probe 3839Hz	3	3.839	70.00	0.437
18.843	0.05	Adapter 3839Hz Probe 3839Hz	3	3.839	70.00	0.437
19.023	0.05	Adapter 3839Hz Probe 3839Hz	3	3.839	70.00	0.437
19.103	0.05	Adapter 3839Hz Probe 3839Hz	3	3.839	70.00	0.437
19.183	0.05	Adapter 3839Hz Probe 3839Hz	3	3.839	70.00	0.437
19.263	0.05	Adapter 3839Hz Probe 3839Hz	3	3.839	70.00	0.437
19.343	0.05	Adapter 3839Hz Probe 3839Hz	3	3.839	70.00	0.437
19.523	0.05	Adapter 3839Hz Probe 3839Hz	3	3.839	70.00	0.437
19.603	0.05	Adapter 3839Hz Probe 3839Hz	3	3.839	70.00	0.437
19.683	0.05	Adapter 3839Hz Probe 3839Hz	3	3.839	70.00	0.437
19.763	0.05	Adapter 3839Hz Probe 3839Hz	3	3.839	70.00	0.437
19.843	0.05	Adapter 3839Hz Probe 3839Hz	3	3.839	70.00	0.437
20.023	0.05	Adapter 3839Hz Probe 3839Hz	3	3.839	70.00	0.437
20.103	0.05	Adapter 3839Hz Probe 3839Hz	3	3.839	70.00	0.437
20.183	0.05	Adapter 3839Hz Probe 3839Hz	3	3.839	70.00	0.437
20.263	0.05	Adapter 3839Hz Probe 3839Hz	3	3.839	70.00	0.437
20.343	0.05	Adapter 3839Hz Probe 3839Hz	3	3.839	70.00	0.437
20.523	0.05	Adapter 3839Hz Probe 3839Hz	3	3.839	70.00	0.437
20.603	0.05	Adapter 3839Hz Probe 3839Hz	3	3.839	70.00	0.437
20.683	0.05	Adapter 3839Hz Probe 3839Hz	3	3.839	70.00	0.437
20.763	0.05	Adapter 3839Hz Probe 3839Hz	3	3.839	70.00	0.437
20.843	0.05	Adapter 3839Hz Probe 3839Hz	3	3.839	70.00	0.437
21.023	0.05	Adapter 3839Hz Probe 3839Hz	3	3.839	70.00	0.437
21.103	0.05	Adapter 3839Hz Probe 3839Hz	3	3.839	70.00	0.437
21.183	0.05	Adapter 3839Hz Probe 3839Hz	3	3.839	70.00	0.437
21.263	0.05	Adapter 3839Hz Probe 3839Hz	3	3.839	70.00	0.437
21.343	0.05	Adapter 3839Hz Probe 3839Hz	3	3.839	70.00	0.437
21.523	0.05	Adapter 3839Hz Probe 3839Hz	3	3.839	70.00	0.437
21.603	0.05	Adapter 3839Hz Probe 3839Hz	3	3.839	70.00	0.437
21.683	0.05	Adapter 3839Hz Probe 3839Hz	3	3.839	70.00	0.437
21.763	0.05	Adapter 3839Hz Probe 3839Hz	3	3.839	70.00	0.437
21.843	0.05	Adapter 3839Hz Probe 3839Hz	3	3.839	70.00	0.437
22.023	0.05	Adapter 3839Hz Probe 3839Hz	3	3.839	70.00	0.437
22.103	0.05	Adapter 3839Hz Probe 3839Hz	3	3.839	70.00	0.437
22.183	0.05	Adapter 3839Hz Probe 3839Hz	3	3.839	70.00	0.437
22.263	0.05	Adapter 3839Hz Probe 3839Hz	3	3.839	70.00	0.437
22.343	0.05	Adapter 3839Hz Probe 3839Hz	3	3.839	70.00	0.437
25.011	0.05	Adapter 507Hz Probe 3839Hz	4	0.507	70.00	0.079
25.091	0.05	Adapter 507Hz Probe 3839Hz	4	0.507	70.00	0.079
25.171	0.05	Adapter 507Hz Probe 3839Hz	4	0.507	70.00	0.079
25.251	0.05	Adapter 507Hz Probe 3839Hz	4	0.507	70.00	0.079
25.331	0.05	Adapter 507Hz Probe 3839Hz	4	3.839	70.00	0.437
25.511	0.05	Adapter 507Hz Probe 3839Hz	4	0.507	70.00	0.079
25.591	0.05	Adapter 507Hz Probe 3839Hz	4	0.507	70.00	0.079
25.671	0.05	Adapter 507Hz Probe 3839Hz	4	0.507	70.00	0.079
25.751	0.05	Adapter 507Hz Probe 3839Hz	4	0.507	70.00	0.079
25.831	0.05	Adapter 507Hz Probe 3839Hz	4	3.839	70.00	0.437
26.011	0.05	Adapter 507Hz Probe 3839Hz	4	0.507	70.00	0.079
26.091	0.05	Adapter 507Hz Probe 3839Hz	4	0.507	70.00	0.079
26.171	0.05	Adapter 507Hz Probe 3839Hz	4	0.507	70.00	0.079
26.251	0.05	Adapter 507Hz Probe 3839Hz	4	0.507	70.00	0.079
26.331	0.05	Adapter 507Hz Probe 3839Hz	4	3.839	70.00	0.437
26.511	0.05	Adapter 507Hz Probe 3839Hz	4	0.507	70.00	0.079
26.591	0.05	Adapter 507Hz Probe 3839Hz	4	0.507	70.00	0.079
26.671	0.05	Adapter 507Hz Probe 3839Hz	4	0.507	70.00	0.079
26.751	0.05	Adapter 507Hz Probe 3839Hz	4	0.507	70.00	0.079
26.831	0.05	Adapter 507Hz Probe 3839Hz	4	3.839	70.00	0.437
27.011	0.05	Adapter 507Hz Probe 3839Hz	4	0.507	70.00	0.079
27.091	0.05	Adapter 507Hz Probe 3839Hz	4	0.507	70.00	0.079
27.171	0.05	Adapter 507Hz Probe 3839Hz	4	0.507	70.00	0.079
27.251	0.05	Adapter 507Hz Probe 3839Hz	4	0.507	70.00	0.079
27.331	0.05	Adapter 507Hz Probe 3839Hz	4	3.839	70.00	0.437
27.511	0.05	Adapter 507Hz Probe 3839Hz	4	0.507	70.00	0.079
27.591	0.05	Adapter 507Hz Probe 3839Hz	4	0.507	70.00	0.079
27.671	0.05	Adapter 507Hz Probe 3839Hz	4	0.507	70.00	0.079
27.751	0.05	Adapter 507Hz Probe 3839Hz	4	0.507	70.00	0.079
27.831	0.05	Adapter 507Hz Probe 3839Hz	4	3.839	70.00	0.437
28.011	0.05	Adapter 507Hz Probe 3839Hz	4	0.507	70.00	0.079
28.091	0.05	Adapter 507Hz Probe 3839Hz	4	0.507	70.00	0.079
28.171	0.05	Adapter 507Hz Probe 3839Hz	4	0.507	70.00	0.079
28.251	0.05	Adapter 507Hz Probe 3839Hz	4	0.507	70.00	0.079
28.331	0.05	Adapter 507Hz Probe 3839Hz	4	3.839	70.00	0.437
28.511	0.05	Adapter 507Hz Probe 3839Hz	4	0.507	70.00	0.079
28.591	0.05	Adapter 507Hz Probe 3839Hz	4	0.507	70.00	0.079
28.671	0.05	Adapter 507Hz Probe 3839Hz	4	0.507	70.00	0.079
28.751	0.05	Adapter 507Hz Probe 3839Hz	4	0.507	70.00	0.079
28.831	0.05	Adapter 507Hz Probe 3839Hz	4	3.839	70.00	0.437
29.011	0.05	Adapter 507Hz Probe 3839Hz	4	0.507	70.00	0.079
29.091	0.05	Adapter 507Hz Probe 3839Hz	4	0.507	70.00	0.079
29.171	0.05	Adapter 507Hz Probe 3839Hz	4	0.507	70.00	0.079
29.251	0.05	Adapter 507Hz Probe 3839Hz	4	0.507	70.00	0.079
29.331	0.05	Adapter 507Hz Probe 3839Hz	4	3.839	70.00	0.437
29.511	0.05	Adapter 507Hz Probe 3839Hz	4	0.507	70.00	0.079
29.591	0.05	Adapter 507Hz Probe 3839Hz	4	0.507	70.00	0.079
29.671	0.05	Adapter 507Hz Probe 3839Hz	4	0.507	70.00	0.079
29.751	0.05	Adapter 507Hz Probe 3839Hz	4	0.507	70.00	0.079
29.831	0.05	Adapter 507Hz Probe 3839Hz	4	3.839	70.00	0.437
32.483	0.05	Adapter 2423Hz	5	2.423	70.00	0.285
32.563	0.05	Adapter 2423Hz	5	2.423	70.00	0.285
32.643	0.05	Adapter 2423Hz	5	2.423	70.00	0.285
32.723	0.05	Adapter 2423Hz	5	2.423	70.00	0.285
32.983	0.05	Adapter 2423Hz	5	2.423	70.00	0.285
33.063	0.05	Adapter 2423Hz	5	2.423	70.00	0.285
33.143	0.05	Adapter 2423Hz	5	2.423	70.00	0.285
33.223	0.05	Adapter 2423Hz	5	2.423	70.00	0.285
33.483	0.05	Adapter 2423Hz	5	2.423	70.00	0.285
33.563	0.05	Adapter 2423Hz	5	2.423	70.00	0.285
33.643	0.05	Adapter 2423Hz	5	2.423	70.00	0.285
33.723	0.05	Adapter 2423Hz	5	2.423	70.00	0.285
33.983	0.05	Adapter 2423Hz	5	2.423	70.00	0.285
34.063	0.05	Adapter 2423Hz	5	2.423	70.00	0.285
34.143	0.05	Adapter 2423Hz	5	2.423	70.00	0.285
34.223	0.05	Adapter 2423Hz	5	2.423	70.00	0.285
34.483	0.05	Adapter 2423Hz	5	2.423	70.00	0.285
34.563	0.05	Adapter 2423Hz	5	2.423	70.00	0.285
34.643	0.05	Adapter 2423Hz	5	2.423	70.00	0.285
34.723	0.05	Adapter 2423Hz	5	2.423	70.00	0.285
34.983	0.05	Adapter 2423Hz	5	2.423	70.00	0.285
35.063	0.05	Adapter 2423Hz	5	2.423	70.00	0.285
35.143	0.05	Adapter 2423Hz	5	2.423	70.00	0.285
35.223	0.05	Adapter 2423Hz	5	2.423	70.00	0.285
35.483	0.05	Adapter 2423Hz	5	2.423	70.00	0.285
35.563	0.05	Adapter 2423Hz	5	2.423	70.00	0.285
35.643	0.05	Adapter 2423Hz	5	2.423	70.00	0.285
35.723	0.05	Adapter 2423Hz	5	2.423	70.00	0.285
35.983	0.05	Adapter 2423Hz	5	2.423	70.00	0.285
36.063	0.05	Adapter 2423Hz	5	2.423	70.00	0.285
36.143	0.05	Adapter 2423Hz	5	2.423	70.00	0.285
36.223	0.05	Adapter 2423Hz	5	2.423	70.00	0.285
36.483	0.05	Adapter 2423Hz	5	2.423	70.00	0.285
36.563	0.05	Adapter 2423Hz	5	2.423	70.00	0.285
36.643	0.05	Adapter 2423Hz	5	2.423	70.00	0.285
36.723	0.05	Adapter 2423Hz	5	2.423	70.00	0.285
36.983	0.05	Adapter 2423Hz	5	2.423	70.00	0.285
37.063	0.05	Adapter 2423Hz	5	2.423	70.00	0.285
37.143	0.05	Adapter 2423Hz	5	2.423	70.00	0.285
37.223	0.05	Adapter 2423Hz	5	2.423	70.00	0.285
40.034	0.05	Adapter 1501Hz	6	1.501	70.00	0.186
40.114	0.05	Adapter 1501Hz	6	1.501	70.00	0.186
40.194	0.05	Adapter 1501Hz	6	1.501	70.00	0.186
40.274	0.05	Adapter 1501Hz	6	1.501	70.00	0.186
40.534	0.05	Adapter 1501Hz	6	1.501	70.00	0.186
40.614	0.05	Adapter 1501Hz	6	1.501	70.00	0.186
40.694	0.05	Adapter 1501Hz	6	1.501	70.00	0.186
40.774	0.05	Adapter 1501Hz	6	1.501	70.00	0.186
41.034	0.05	Adapter 1501Hz	6	1.501	70.00	0.186
41.114	0.05	Adapter 1501Hz	6	1.501	70.00	0.186
41.194	0.05	Adapter 1501Hz	6	1.501	70.00	0.186
41.274	0.05	Adapter 1501Hz	6	1.501	70.00	0.186
41.534	0.05	Adapter 1501Hz	6	1.501	70.00	0.186
41.614	0.05	Adapter 1501Hz	6	1.501	70.00	0.186
41.694	0.05	Adapter 1501Hz	6	1.501	70.00	0.186
41.774	0.05	Adapter 1501Hz	6	1.501	70.00	0.186
42.034	0.05	Adapter 1501Hz	6	1.501	70.00	0.186
42.114	0.05	Adapter 1501Hz	6	1.501	70.00	0.186
42.194	0.05	Adapter 1501Hz	6	1.501	70.00	0.186
42.274	0.05	Adapter 1501Hz	6	1.501	70.00	0.186
42.534	0.05	Adapter 1501Hz	6	1.501	70.00	0.186
42.614	0.05	Adapter 1501Hz	6	1.501	70.00	0.186
42.694	0.05	Adapter 1501Hz	6	1.501	70.00	0.186
42.774	0.05	Adapter 1501Hz	6	1.501	70.00	0.186
43.034	0.05	Adapter 1501Hz	6	1.501	70.00	0.186
43.114	0.05	Adapter 1501Hz	6	1.501	70.00	0.186
43.194	0.05	Adapter 1501Hz	6	1.501	70.00	0.186
43.274	0.05	Adapter 1501Hz	6	1.501	70.00	0.186
43.534	0.05	Adapter 1501Hz	6	1.501	70.00	0.186
43.614	0.05	Adapter 1501Hz	6	1.501	70.00	0.186
43.694	0.05	Adapter 1501Hz	6	1.501	70.00	0.186
43.774	0.05	Adapter 1501Hz	6	1.501	70.00	0.186
44.034	0.05	Adapter 1501Hz	6	1.501	70.00	0.186
44.114	0.05	Adapter 1501Hz	6	1.501	70.00	0.186
44.194	0.05	Adapter 1501Hz	6	1.501	70.00	0.186
44.274	0.05	Adapter 1501Hz	6	1.501	70.00	0.186
44.534	0.05	Adapter 1501Hz	6	1.501	70.00	0.186
44.614	0.05	Adapter 1501Hz	6	1.501	70.00	0.186
44.694	0.05	Adapter 1501Hz	6	1.501	70.00	0.186
44.774	0.05	Adapter 1501Hz	6	1.501	70.00	0.186
47.506	0.05	Adapter 507Hz	7	0.507	70.00	0.079
47.586	0.05	Adapter 507Hz	7	0.507	70.00	0.079
47.666	0.05	Adapter 507Hz	7	0.507	70.00	0.079
47.746	0.05	Adapter 507Hz	7	0.507	70.00	0.079
48.006	0.05	Adapter 507Hz	7	0.507	70.00	0.079
48.086	0.05	Adapter 507Hz	7	0.507	70.00	0.079
48.166	0.05	Adapter 507Hz	7	0.507	70.00	0.079
48.246	0.05	Adapter 507Hz	7	0.507	70.00	0.079
48.506	0.05	Adapter 507Hz	7	0.507	70.00	0.079
48.586	0.05	Adapter 507Hz	7	0.507	70.00	0.079
48.666	0.05	Adapter 507Hz	7	0.507	70.00	0.079
48.746	0.05	Adapter 507Hz	7	0.507	70.00	0.079
49.006	0.05	Adapter 507Hz	7	0.507	70.00	0.079
49.086	0.05	Adapter 507Hz	7	0.507	70.00	0.079
49.166	0.05	Adapter 507Hz	7	0.507	70.00	0.079
49.246	0.05	Adapter 507Hz	7	0.507	70.00	0.079
49.506	0.05	Adapter 507Hz	7	0.507	70.00	0.079
49.586	0.05	Adapter 507Hz	7	0.507	70.00	0.079
49.666	0.05	Adapter 507Hz	7	0.507	70.00	0.079
49.746	0.05	Adapter 507Hz	7	0.507	70.00	0.079
50.006	0.05	Adapter 507Hz	7	0.507	70.00	0.079
50.086	0.05	Adapter 507Hz	7	0.507	70.00	0.079
50.166	0.05	Adapter 507Hz	7	0.507	70.00	0.079
50.246	0.05	Adapter 507Hz	7	0.507	70.00	0.079
50.506	0.05	Adapter 507Hz	7	0.507	70.00	0.079
50.586	0.05	Adapter 507Hz	7	0.507	70.00	0.079
50.666	0.05	Adapter 507Hz	7	0.507	70.00	0.079
50.746	0.05	Adapter 507Hz	7	0.507	70.00	0.079
51.006	0.05	Adapter 507Hz	7	0.507	70.00	0.079
51.086	0.05	Adapter 507Hz	7	0.507	70.00	0.079
51.166	0.05	Adapter 507Hz	7	0.507	70.00	0.079
51.246	0.05	Adapter 507Hz	7	0.507	70.00	0.079
51.506	0.05	Adapter 507Hz	7	0.507	70.00	0.079
51.586	0.05	Adapter 507Hz	7	0.507	70.00	0.079
51.666	0.05	Adapter 507Hz	7	0.507	70.00	0.079
51.746	0.05	Adapter 507Hz	7	0.507	70.00	0.079
52.006	0.05	Adapter 507Hz	7	0.507	70.00	0.079
52.086	0.05	Adapter 507Hz	7	0.507	70.00	0.079
52.166	0.05	Adapter 507Hz	7	0.507	70.00	0.079
52.246	0.05	Adapter 507Hz	7	0.507	70.00	0.079
54.994	0.05	Adapter 899Hz Probe 3839Hz	8	0.899	70.00	0.121
55.074	0.05	Adapter 899Hz Probe 3839Hz	8	0.899	70.00	0.121
55.154	0.05	Adapter 899Hz Probe 3839Hz	8	0.899	70.00	0.121
55.234	0.05	Adapter 899Hz Probe 3839Hz	8	0.899	70.00	0.121
55.314	0.05	Adapter 899Hz Probe 3839Hz	8	3.839	70.00	0.437
55.494	0.05	Adapter 899Hz Probe 3839Hz	8	0.899	70.00	0.121
55.574	0.05	Adapter 899Hz Probe 3839Hz	8	0.899	70.00	0.121
55.654	0.05	Adapter 899Hz Probe 3839Hz	8	0.899	70.00	0.121
55.734	0.05	Adapter 899Hz Probe 3839Hz	8	0.899	70.00	0.121
55.814	0.05	Adapter 899Hz Probe 3839Hz	8	3.839	70.00	0.437
55.994	0.05	Adapter 899Hz Probe 3839Hz	8	0.899	70.00	0.121
56.074	0.05	Adapter 899Hz Probe 3839Hz	8	0.899	70.00	0.121
56.154	0.05	Adapter 899Hz Probe 3839Hz	8	0.899	70.00	0.121
56.234	0.05	Adapter 899Hz Probe 3839Hz	8	0.899	70.00	0.121
56.314	0.05	Adapter 899Hz Probe 3839Hz	8	3.839	70.00	0.437
56.494	0.05	Adapter 899Hz Probe 3839Hz	8	0.899	70.00	0.121
56.574	0.05	Adapter 899Hz Probe 3839Hz	8	0.899	70.00	0.121
56.654	0.05	Adapter 899Hz Probe 3839Hz	8	0.899	70.00	0.121
56.734	0.05	Adapter 899Hz Probe 3839Hz	8	0.899	70.00	0.121
56.814	0.05	Adapter 899Hz Probe 3839Hz	8	3.839	70.00	0.437
56.994	0.05	Adapter 899Hz Probe 3839Hz	8	0.899	70.00	0.121
57.074	0.05	Adapter 899Hz Probe 3839Hz	8	0.899	70.00	0.121
57.154	0.05	Adapter 899Hz Probe 3839Hz	8	0.899	70.00	0.121
57.234	0.05	Adapter 899Hz Probe 3839Hz	8	0.899	70.00	0.121
57.314	0.05	Adapter 899Hz Probe 3839Hz	8	3.839	70.00	0.437
57.494	0.05	Adapter 899Hz Probe 3839Hz	8	0.899	70.00	0.121
57.574	0.05	Adapter 899Hz Probe 3839Hz	8	0.899	70.00	0.121
57.654	0.05	Adapter 899Hz Probe 3839Hz	8	0.899	70.00	0.121
57.734	0.05	Adapter 899Hz Probe 3839Hz	8	0.899	70.00	0.121
57.814	0.05	Adapter 899Hz Probe 3839Hz	8	3.839	70.00	0.437
57.994	0.05	Adapter 899Hz Probe 3839Hz	8	0.899	70.00	0.121
58.074	0.05	Adapter 899Hz Probe 3839Hz	8	0.899	70.00	0.121
58.154	0.05	Adapter 899Hz Probe 3839Hz	8	0.899	70.00	0.121
58.234	0.05	Adapter 899Hz Probe 3839Hz	8	0.899	70.00	0.121
58.314	0.05	Adapter 899Hz Probe 3839Hz	8	3.839	70.00	0.437
58.494	0.05	Adapter 899Hz Probe 3839Hz	8	0.899	70.00	0.121
58.574	0.05	Adapter 899Hz Probe 3839Hz	8	0.899	70.00	0.121
58.654	0.05	Adapter 899Hz Probe 3839Hz	8	0.899	70.00	0.121
58.734	0.05	Adapter 899Hz Probe 3839Hz	8	0.899	70.00	0.121
58.814	0.05	Adapter 899Hz Probe 3839Hz	8	3.839	70.00	0.437
58.994	0.05	Adapter 899Hz Probe 3839Hz	8	0.899	70.00	0.121
59.074	0.05	Adapter 899Hz Probe 3839Hz	8	0.899	70.00	0.121
59.154	0.05	Adapter 899Hz Probe 3839Hz	8	0.899	70.00	0.121
59.234	0.05	Adapter 899Hz Probe 3839Hz	8	0.899	70.00	0.121
59.314	0.05	Adapter 899Hz Probe 3839Hz	8	3.839	70.00	0.437
59.494	0.05	Adapter 899Hz Probe 3839Hz	8	0.899	70.00	0.121
59.574	0.05	Adapter 899Hz Probe 3839Hz	8	0.899	70.00	0.121
59.654	0.05	Adapter 899Hz Probe 3839Hz	8	0.899	70.00	0.121
59.734	0.05	Adapter 899Hz Probe 3839Hz	8	0.899	70.00	0.121
59.814	0.05	Adapter 899Hz Probe 3839Hz	8	3.839	70.00	0.437
62.482	0.05	Adapter 1501Hz Probe 3839Hz	9	1.501	70.00	0.186
62.562	0.05	Adapter 1501Hz Probe 3839Hz	9	1.501	70.00	0.186
62.642	0.05	Adapter 1501Hz Probe 3839Hz	9	1.501	70.00	0.186
62.722	0.05	Adapter 1501Hz Probe 3839Hz	9	1.501	70.00	0.186
62.802	0.05	Adapter 1501Hz Probe 3839Hz	9	3.839	70.00	0.437
62.982	0.05	Adapter 1501Hz Probe 3839Hz	9	1.501	70.00	0.186
63.062	0.05	Adapter 1501Hz Probe 3839Hz	9	1.501	70.00	0.186
63.142	0.05	Adapter 1501Hz Probe 3839Hz	9	1.501	70.00	0.186
63.222	0.05	Adapter 1501Hz Probe 3839Hz	9	1.501	70.00	0.186
63.302	0.05	Adapter 1501Hz Probe 3839Hz	9	3.839	70.00	0.437
63.482	0.05	Adapter 1501Hz Probe 3839Hz	9	1.501	70.00	0.186
63.562	0.05	Adapter 1501Hz Probe 3839Hz	9	1.501	70.00	0.186
63.642	0.05	Adapter 1501Hz Probe 3839Hz	9	1.501	70.00	0.186
63.722	0.05	Adapter 1501Hz Probe 3839Hz	9	1.501	70.00	0.186
63.802	0.05	Adapter 1501Hz Probe 3839Hz	9	3.839	70.00	0.437
63.982	0.05	Adapter 1501Hz Probe 3839Hz	9	1.501	70.00	0.186
64.062	0.05	Adapter 1501Hz Probe 3839Hz	9	1.501	70.00	0.186
64.142	0.05	Adapter 1501Hz Probe 3839Hz	9	1.501	70.00	0.186
64.222	0.05	Adapter 1501Hz Probe 3839Hz	9	1.501	70.00	0.186
64.302	0.05	Adapter 1501Hz Probe 3839Hz	9	3.839	70.00	0.437
64.482	0.05	Adapter 1501Hz Probe 3839Hz	9	1.501	70.00	0.186
64.562	0.05	Adapter 1501Hz Probe 3839Hz	9	1.501	70.00	0.186
64.642	0.05	Adapter 1501Hz Probe 3839Hz	9	1.501	70.00	0.186
64.722	0.05	Adapter 1501Hz Probe 3839Hz	9	1.501	70.00	0.186
64.802	0.05	Adapter 1501Hz Probe 3839Hz	9	3.839	70.00	0.437
64.982	0.05	Adapter 1501Hz Probe 3839Hz	9	1.501	70.00	0.186
65.062	0.05	Adapter 1501Hz Probe 3839Hz	9	1.501	70.00	0.186
65.142	0.05	Adapter 1501Hz Probe 3839Hz	9	1.501	70.00	0.186
65.222	0.05	Adapter 1501Hz Probe 3839Hz	9	1.501	70.00	0.186
65.302	0.05	Adapter 1501Hz Probe 3839Hz	9	3.839	70.00	0.437
65.482	0.05	Adapter 1501Hz Probe 3839Hz	9	1.501	70.00	0.186
65.562	0.05	Adapter 1501Hz Probe 3839Hz	9	1.501	70.00	0.186
65.642	0.05	Adapter 1501Hz Probe 3839Hz	9	1.501	70.00	0.186
65.722	0.05	Adapter 1501Hz Probe 3839Hz	9	1.501	70.00	0.186
65.802	0.05	Adapter 1501Hz Probe 3839Hz	9	3.839	70.00	0.437
65.982	0.05	Adapter 1501Hz Probe 3839Hz	9	1.501	70.00	0.186
66.062	0.05	Adapter 1501Hz Probe 3839Hz	9	1.501	70.00	0.186
66.142	0.05	Adapter 1501Hz Probe 3839Hz	9	1.501	70.00	0.186
66.222	0.05	Adapter 1501Hz Probe 3839Hz	9	1.501	70.00	0.186
66.302	0.05	Adapter 1501Hz Probe 3839Hz	9	3.839	70.00	0.437
66.482	0.05	Adapter 1501Hz Probe 3839Hz	9	1.501	70.00	0.186
66.562	0.05	Adapter 1501Hz Probe 3839Hz	9	1.501	70.00	0.186
66.642	0.05	Adapter 1501Hz Probe 3839Hz	9	1.501	70.00	0.186
66.722	0.05	Adapter 1501Hz Probe 3839Hz	9	1.501	70.00	0.186
66.802	0.05	Adapter 1501Hz Probe 3839Hz	9	3.839	70.00	0.437
66.982	0.05	Adapter 1501Hz Probe 3839Hz	9	1.501	70.00	0.186
67.062	0.05	Adapter 1501Hz Probe 3839Hz	9	1.501	70.00	0.186
67.142	0.05	Adapter 1501Hz Probe 3839Hz	9	1.501	70.00	0.186
67.222	0.05	Adapter 1501Hz Probe 3839Hz	9	1.501	70.00	0.186
67.302	0.05	Adapter 1501Hz Probe 3839Hz	9	3.839	70.00	0.437
70.033	0.05	Adapter 251Hz	10	0.251	70.00	0.052
70.113	0.05	Adapter 251Hz	10	0.251	70.00	0.052
70.193	0.05	Adapter 251Hz	10	0.251	70.00	0.052
70.273	0.05	Adapter 251Hz	10	0.251	70.00	0.052
70.533	0.05	Adapter 251Hz	10	0.251	70.00	0.052
70.613	0.05	Adapter 251Hz	10	0.251	70.00	0.052
70.693	0.05	Adapter 251Hz	10	0.251	70.00	0.052
70.773	0.05	Adapter 251Hz	10	0.251	70.00	0.052
71.033	0.05	Adapter 251Hz	10	0.251	70.00	0.052
71.113	0.05	Adapter 251Hz	10	0.251	70.00	0.052
71.193	0.05	Adapter 251Hz	10	0.251	70.00	0.052
71.273	0.05	Adapter 251Hz	10	0.251	70.00	0.052
71.533	0.05	Adapter 251Hz	10	0.251	70.00	0.052
71.613	0.05	Adapter 251Hz	10	0.251	70.00	0.052
71.693	0.05	Adapter 251Hz	10	0.251	70.00	0.052
71.773	0.05	Adapter 251Hz	10	0.251	70.00	0.052
72.033	0.05	Adapter 251Hz	10	0.251	70.00	0.052
72.113	0.05	Adapter 251Hz	10	0.251	70.00	0.052
72.193	0.05	Adapter 251Hz	10	0.251	70.00	0.052
72.273	0.05	Adapter 251Hz	10	0.251	70.00	0.052
72.533	0.05	Adapter 251Hz	10	0.251	70.00	0.052
72.613	0.05	Adapter 251Hz	10	0.251	70.00	0.052
72.693	0.05	Adapter 251Hz	10	0.251	70.00	0.052
72.773	0.05	Adapter 251Hz	10	0.251	70.00	0.052
73.033	0.05	Adapter 251Hz	10	0.251	70.00	0.052
73.113	0.05	Adapter 251Hz	10	0.251	70.00	0.052
73.193	0.05	Adapter 251Hz	10	0.251	70.00	0.052
73.273	0.05	Adapter 251Hz	10	0.251	70.00	0.052
73.533	0.05	Adapter 251Hz	10	0.251	70.00	0.052
73.613	0.05	Adapter 251Hz	10	0.251	70.00	0.052
73.693	0.05	Adapter 251Hz	10	0.251	70.00	0.052
73.773	0.05	Adapter 251Hz	10	0.251	70.00	0.052
74.033	0.05	Adapter 251Hz	10	0.251	70.00	0.052
74.113	0.05	Adapter 251Hz	10	0.251	70.00	0.052
74.193	0.05	Adapter 251Hz	10	0.251	70.00	0.052
74.273	0.05	Adapter 251Hz	10	0.251	70.00	0.052
74.533	0.05	Adapter 251Hz	10	0.251	70.00	0.052
74.613	0.05	Adapter 251Hz	10	0.251	70.00	0.052
74.693	0.05	Adapter 251Hz	10	0.251	70.00	0.052
74.773	0.05	Adapter 251Hz	10	0.251	70.00	0.052
77.505	0.05	Adapter 6009Hz	11	6.009	70.00	0.671
77.585	0.05	Adapter 6009Hz	11	6.009	70.00	0.671
77.665	0.05	Adapter 6009Hz	11	6.009	70.00	0.671
77.745	0.05	Adapter 6009Hz	11	6.009	70.00	0.671
78.005	0.05	Adapter 6009Hz	11	6.009	70.00	0.671
78.085	0.05	Adapter 6009Hz	11	6.009	70.00	0.671
78.165	0.05	Adapter 6009Hz	11	6.009	70.00	0.671
78.245	0.05	Adapter 6009Hz	11	6.009	70.00	0.671
78.505	0.05	Adapter 6009Hz	11	6.009	70.00	0.671
78.585	0.05	Adapter 6009Hz	11	6.009	70.00	0.671
78.665	0.05	Adapter 6009Hz	11	6.009	70.00	0.671
78.745	0.05	Adapter 6009Hz	11	6.009	70.00	0.671
79.005	0.05	Adapter 6009Hz	11	6.009	70.00	0.671
79.085	0.05	Adapter 6009Hz	11	6.009	70.00	0.671
79.165	0.05	Adapter 6009Hz	11	6.009	70.00	0.671
79.245	0.05	Adapter 6009Hz	11	6.009	70.00	0.671
79.505	0.05	Adapter 6009Hz	11	6.009	70.00	0.671
79.585	0.05	Adapter 6009Hz	11	6.009	70.00	0.671
79.665	0.05	Adapter 6009Hz	11	6.009	70.00	0.671
79.745	0.05	Adapter 6009Hz	11	6.009	70.00	0.671
80.005	0.05	Adapter 6009Hz	11	6.009	70.00	0.671
80.085	0.05	Adapter 6009Hz	11	6.009	70.00	0.671
80.165	0.05	Adapter 6009Hz	11	6.009	70.00	0.671
80.245	0.05	Adapter 6009Hz	11	6.009	70.00	0.671
80.505	0.05	Adapter 6009Hz	11	6.009	70.00	0.671
80.585	0.05	Adapter 6009Hz	11	6.009	70.00	0.671
80.665	0.05	Adapter 6009Hz	11	6.009	70.00	0.671
80.745	0.05	Adapter 6009Hz	11	6.009	70.00	0.671
81.005	0.05	Adapter 6009Hz	11	6.009	70.00	0.671
81.085	0.05	Adapter 6009Hz	11	6.009	70.00	0.671
81.165	0.05	Adapter 6009Hz	11	6.009	70.00	0.671
81.245	0.05	Adapter 6009Hz	11	6.009	70.00	0.671
81.505	0.05	Adapter 6009Hz	11	6.009	70.00	0.671
81.585	0.05	Adapter 6009Hz	11	6.009	70.00	0.671
81.665	0.05	Adapter 6009Hz	11	6.009	70.00	0.671
81.745	0.05	Adapter 6009Hz	11	6.009	70.00	0.671
82.005	0.05	Adapter 6009Hz	11	6.009	70.00	0.671
82.085	0.05	Adapter 6009Hz	11	6.009	70.00	0.671
82.165	0.05	Adapter 6009Hz	11	6.009	70.00	0.671
82.245	0.05	Adapter 6009Hz	11	6.009	70.00	0.671
100.305	0.05	Probe 3839Hz	14	3.839	70.00	0.437
100.805	0.05	Probe 3839Hz	14	3.839	70.00	0.437
101.305	0.05	Probe 3839Hz	14	3.839	70.00	0.437
101.805	0.05	Probe 3839Hz	14	3.839	70.00	0.437
102.305	0.05	Probe 3839Hz	14	3.839	70.00	0.437
102.805	0.05	Probe 3839Hz	14	3.839	70.00	0.437
103.305	0.05	Probe 3839Hz	14	3.839	70.00	0.437
103.805	0.05	Probe 3839Hz	14	3.839	70.00	0.437
104.305	0.05	Probe 3839Hz	14	3.839	70.00	0.437
104.805	0.05	Probe 3839Hz	14	3.839	70.00	0.437
115.023	0.05	Adapter 899Hz	16	0.899	70.00	0.121
115.103	0.05	Adapter 899Hz	16	0.899	70.00	0.121
115.183	0.05	Adapter 899Hz	16	0.899	70.00	0.121
115.263	0.05	Adapter 899Hz	16	0.899	70.00	0.121
115.523	0.05	Adapter 899Hz	16	0.899	70.00	0.121
115.603	0.05	Adapter 899Hz	16	0.899	70.00	0.121
115.683	0.05	Adapter 899Hz	16	0.899	70.00	0.121
115.763	0.05	Adapter 899Hz	16	0.899	70.00	0.121
116.023	0.05	Adapter 899Hz	16	0.899	70.00	0.121
116.103	0.05	Adapter 899Hz	16	0.899	70.00	0.121
116.183	0.05	Adapter 899Hz	16	0.899	70.00	0.121
116.263	0.05	Adapter 899Hz	16	0.899	70.00	0.121
116.523	0.05	Adapter 899Hz	16	0.899	70.00	0.121
116.603	0.05	Adapter 899Hz	16	0.899	70.00	0.121
116.683	0.05	Adapter 899Hz	16	0.899	70.00	0.121
116.763	0.05	Adapter 899Hz	16	0.899	70.00	0.121
117.023	0.05	Adapter 899Hz	16	0.899	70.00	0.121
117.103	0.05	Adapter 899Hz	16	0.899	70.00	0.121
117.183	0.05	Adapter 899Hz	16	0.899	70.00	0.121
117.263	0.05	Adapter 899Hz	16	0.899	70.00	0.121
117.523	0.05	Adapter 899Hz	16	0.899	70.00	0.121
117.603	0.05	Adapter 899Hz	16	0.899	70.00	0.121
117.683	0.05	Adapter 899Hz	16	0.899	70.00	0.121
117.763	0.05	Adapter 899Hz	16	0.899	70.00	0.121
118.023	0.05	Adapter 899Hz	16	0.899	70.00	0.121
118.103	0.05	Adapter 899Hz	16	0.899	70.00	0.121
118.183	0.05	Adapter 899Hz	16	0.899	70.00	0.121
118.263	0.05	Adapter 899Hz	16	0.899	70.00	0.121
118.523	0.05	Adapter 899Hz	16	0.899	70.00	0.121
118.603	0.05	Adapter 899Hz	16	0.899	70.00	0.121
118.683	0.05	Adapter 899Hz	16	0.899	70.00	0.121
118.763	0.05	Adapter 899Hz	16	0.899	70.00	0.121
119.023	0.05	Adapter 899Hz	16	0.899	70.00	0.121
119.103	0.05	Adapter 899Hz	16	0.899	70.00	0.121
119.183	0.05	Adapter 899Hz	16	0.899	70.00	0.121
119.263	0.05	Adapter 899Hz	16	0.899	70.00	0.121
119.523	0.05	Adapter 899Hz	16	0.899	70.00	0.121
119.603	0.05	Adapter 899Hz	16	0.899	70.00	0.121
119.683	0.05	Adapter 899Hz	16	0.899	70.00	0.121
119.763	0.05	Adapter 899Hz	16	0.899	70.00	0.121
122.8	0.05	Probe 3839Hz	17	3.839	70.00	0.437
123.3	0.05	Probe 3839Hz	17	3.839	70.00	0.437
123.8	0.05	Probe 3839Hz	17	3.839	70.00	0.437
124.3	0.05	Probe 3839Hz	17	3.839	70.00	0.437
124.8	0.05	Probe 3839Hz	17	3.839	70.00	0.437
125.3	0.05	Probe 3839Hz	17	3.839	70.00	0.437
125.8	0.05	Probe 3839Hz	17	3.839	70.00	0.437
126.3	0.05	Probe 3839Hz	17	3.839	70.00	0.437
126.8	0.05	Probe 3839Hz	17	3.839	70.00	0.437
127.3	0.05	Probe 3839Hz	17	3.839	70.00	0.437
130.03	0.05	Adapter 2423Hz Probe 3839Hz	18	2.423	70.00	0.285
130.11	0.05	Adapter 2423Hz Probe 3839Hz	18	2.423	70.00	0.285
130.19	0.05	Adapter 2423Hz Probe 3839Hz	18	2.423	70.00	0.285
130.27	0.05	Adapter 2423Hz Probe 3839Hz	18	2.423	70.00	0.285
130.35	0.05	Adapter 2423Hz Probe 3839Hz	18	3.839	70.00	0.437
130.53	0.05	Adapter 2423Hz Probe 3839Hz	18	2.423	70.00	0.285
130.61	0.05	Adapter 2423Hz Probe 3839Hz	18	2.423	70.00	0.285
130.69	0.05	Adapter 2423Hz Probe 3839Hz	18	2.423	70.00	0.285
130.77	0.05	Adapter 2423Hz Probe 3839Hz	18	2.423	70.00	0.285
130.85	0.05	Adapter 2423Hz Probe 3839Hz	18	3.839	70.00	0.437
131.03	0.05	Adapter 2423Hz Probe 3839Hz	18	2.423	70.00	0.285
131.11	0.05	Adapter 2423Hz Probe 3839Hz	18	2.423	70.00	0.285
131.19	0.05	Adapter 2423Hz Probe 3839Hz	18	2.423	70.00	0.285
131.27	0.05	Adapter 2423Hz Probe 3839Hz	18	2.423	70.00	0.285
131.35	0.05	Adapter 2423Hz Probe 3839Hz	18	3.839	70.00	0.437
131.53	0.05	Adapter 2423Hz Probe 3839Hz	18	2.423	70.00	0.285
131.61	0.05	Adapter 2423Hz Probe 3839Hz	18	2.423	70.00	0.285
131.69	0.05	Adapter 2423Hz Probe 3839Hz	18	2.423	70.00	0.285
131.77	0.05	Adapter 2423Hz Probe 3839Hz	18	2.423	70.00	0.285
131.85	0.05	Adapter 2423Hz Probe 3839Hz	18	3.839	70.00	0.437
132.03	0.05	Adapter 2423Hz Probe 3839Hz	18	2.423	70.00	0.285
132.11	0.05	Adapter 2423Hz Probe 3839Hz	18	2.423	70.00	0.285
132.19	0.05	Adapter 2423Hz Probe 3839Hz	18	2.423	70.00	0.285
132.27	0.05	Adapter 2423Hz Probe 3839Hz	18	2.423	70.00	0.285
132.35	0.05	Adapter 2423Hz Probe 3839Hz	18	3.839	70.00	0.437
132.53	0.05	Adapter 2423Hz Probe 3839Hz	18	2.423	70.00	0.285
132.61	0.05	Adapter 2423Hz Probe 3839Hz	18	2.423	70.00	0.285
132.69	0.05	Adapter 2423Hz Probe 3839Hz	18	2.423	70.00	0.285
132.77	0.05	Adapter 2423Hz Probe 3839Hz	18	2.423	70.00	0.285
132.85	0.05	Adapter 2423Hz Probe 3839Hz	18	3.839	70.00	0.437
133.03	0.05	Adapter 2423Hz Probe 3839Hz	18	2.423	70.00	0.285
133.11	0.05	Adapter 2423Hz Probe 3839Hz	18	2.423	70.00	0.285
133.19	0.05	Adapter 2423Hz Probe 3839Hz	18	2.423	70.00	0.285
133.27	0.05	Adapter 2423Hz Probe 3839Hz	18	2.423	70.00	0.285
133.35	0.05	Adapter 2423Hz Probe 3839Hz	18	3.839	70.00	0.437
133.53	0.05	Adapter 2423Hz Probe 3839Hz	18	2.423	70.00	0.285
133.61	0.05	Adapter 2423Hz Probe 3839Hz	18	2.423	70.00	0.285
133.69	0.05	Adapter 2423Hz Probe 3839Hz	18	2.423	70.00	0.285
133.77	0.05	Adapter 2423Hz Probe 3839Hz	18	2.423	70.00	0.285
133.85	0.05	Adapter 2423Hz Probe 3839Hz	18	3.839	70.00	0.437
134.03	0.05	Adapter 2423Hz Probe 3839Hz	18	2.423	70.00	0.285
134.11	0.05	Adapter 2423Hz Probe 3839Hz	18	2.423	70.00	0.285
134.19	0.05	Adapter 2423Hz Probe 3839Hz	18	2.423	70.00	0.285
134.27	0.05	Adapter 2423Hz Probe 3839Hz	18	2.423	70.00	0.285
134.35	0.05	Adapter 2423Hz Probe 3839Hz	18	3.839	70.00	0.437
134.53	0.05	Adapter 2423Hz Probe 3839Hz	18	2.423	70.00	0.285
134.61	0.05	Adapter 2423Hz Probe 3839Hz	18	2.423	70.00	0.285
134.69	0.05	Adapter 2423Hz Probe 3839Hz	18	2.423	70.00	0.285
134.77	0.05	Adapter 2423Hz Probe 3839Hz	18	2.423	70.00	0.285
134.85	0.05	Adapter 2423Hz Probe 3839Hz	18	3.839	70.00	0.437
137.518	0.05	Adapter 6009Hz	19	6.009	70.00	0.671
137.598	0.05	Adapter 6009Hz	19	6.009	70.00	0.671
137.678	0.05	Adapter 6009Hz	19	6.009	70.00	0.671
137.758	0.05	Adapter 6009Hz	19	6.009	70.00	0.671
138.018	0.05	Adapter 6009Hz	19	6.009	70.00	0.671
138.098	0.05	Adapter 6009Hz	19	6.009	70.00	0.671
138.178	0.05	Adapter 6009Hz	19	6.009	70.00	0.671
138.258	0.05	Adapter 6009Hz	19	6.009	70.00	0.671
138.518	0.05	Adapter 6009Hz	19	6.009	70.00	0.671
138.598	0.05	Adapter 6009Hz	19	6.009	70.00	0.671
138.678	0.05	Adapter 6009Hz	19	6.009	70.00	0.671
138.758	0.05	Adapter 6009Hz	19	6.009	70.00	0.671
139.018	0.05	Adapter 6009Hz	19	6.009	70.00	0.671
139.098	0.05	Adapter 6009Hz	19	6.009	70.00	0.671
139.178	0.05	Adapter 6009Hz	19	6.009	70.00	0.671
139.258	0.05	Adapter 6009Hz	19	6.009	70.00	0.671
139.518	0.05	Adapter 6009Hz	19	6.009	70.00	0.671
139.598	0.05	Adapter 6009Hz	19	6.009	70.00	0.671
139.678	0.05	Adapter 6009Hz	19	6.009	70.00	0.671
139.758	0.05	Adapter 6009Hz	19	6.009	70.00	0.671
140.018	0.05	Adapter 6009Hz	19	6.009	70.00	0.671
140.098	0.05	Adapter 6009Hz	19	6.009	70.00	0.671
140.178	0.05	Adapter 6009Hz	19	6.009	70.00	0.671
140.258	0.05	Adapter 6009Hz	19	6.009	70.00	0.671
140.518	0.05	Adapter 6009Hz	19	6.009	70.00	0.671
140.598	0.05	Adapter 6009Hz	19	6.009	70.00	0.671
140.678	0.05	Adapter 6009Hz	19	6.009	70.00	0.671
140.758	0.05	Adapter 6009Hz	19	6.009	70.00	0.671
141.018	0.05	Adapter 6009Hz	19	6.009	70.00	0.671
141.098	0.05	Adapter 6009Hz	19	6.009	70.00	0.671
141.178	0.05	Adapter 6009Hz	19	6.009	70.00	0.671
141.258	0.05	Adapter 6009Hz	19	6.009	70.00	0.671
141.518	0.05	Adapter 6009Hz	19	6.009	70.00	0.671
141.598	0.05	Adapter 6009Hz	19	6.009	70.00	0.671
141.678	0.05	Adapter 6009Hz	19	6.009	70.00	0.671
141.758	0.05	Adapter 6009Hz	19	6.009	70.00	0.671
142.018	0.05	Adapter 6009Hz	19	6.009	70.00	0.671
142.098	0.05	Adapter 6009Hz	19	6.009	70.00	0.671
142.178	0.05	Adapter 6009Hz	19	6.009	70.00	0.671
142.258	0.05	Adapter 6009Hz	19	6.009	70.00	0.671
145.006	0.05	Adapter 3839Hz	20	3.839	70.00	0.437
145.086	0.05	Adapter 3839Hz	20	3.839	70.00	0.437
145.166	0.05	Adapter 3839Hz	20	3.839	70.00	0.437
145.246	0.05	Adapter 3839Hz	20	3.839	70.00	0.437
145.506	0.05	Adapter 3839Hz	20	3.839	70.00	0.437
145.586	0.05	Adapter 3839Hz	20	3.839	70.00	0.437
145.666	0.05	Adapter 3839Hz	20	3.839	70.00	0.437
145.746	0.05	Adapter 3839Hz	20	3.839	70.00	0.437
146.006	0.05	Adapter 3839Hz	20	3.839	70.00	0.437
146.086	0.05	Adapter 3839Hz	20	3.839	70.00	0.437
146.166	0.05	Adapter 3839Hz	20	3.839	70.00	0.437
146.246	0.05	Adapter 3839Hz	20	3.839	70.00	0.437
146.506	0.05	Adapter 3839Hz	20	3.839	70.00	0.437
146.586	0.05	Adapter 3839Hz	20	3.839	70.00	0.437
146.666	0.05	Adapter 3839Hz	20	3.839	70.00	0.437
146.746	0.05	Adapter 3839Hz	20	3.839	70.00	0.437
147.006	0.05	Adapter 3839Hz	20	3.839	70.00	0.437
147.086	0.05	Adapter 3839Hz	20	3.839	70.00	0.437
147.166	0.05	Adapter 3839Hz	20	3.839	70.00	0.437
147.246	0.05	Adapter 3839Hz	20	3.839	70.00	0.437
147.506	0.05	Adapter 3839Hz	20	3.839	70.00	0.437
147.586	0.05	Adapter 3839Hz	20	3.839	70.00	0.437
147.666	0.05	Adapter 3839Hz	20	3.839	70.00	0.437
147.746	0.05	Adapter 3839Hz	20	3.839	70.00	0.437
148.006	0.05	Adapter 3839Hz	20	3.839	70.00	0.437
148.086	0.05	Adapter 3839Hz	20	3.839	70.00	0.437
148.166	0.05	Adapter 3839Hz	20	3.839	70.00	0.437
148.246	0.05	Adapter 3839Hz	20	3.839	70.00	0.437
148.506	0.05	Adapter 3839Hz	20	3.839	70.00	0.437
148.586	0.05	Adapter 3839Hz	20	3.839	70.00	0.437
148.666	0.05	Adapter 3839Hz	20	3.839	70.00	0.437
148.746	0.05	Adapter 3839Hz	20	3.839	70.00	0.437
149.006	0.05	Adapter 3839Hz	20	3.839	70.00	0.437
149.086	0.05	Adapter 3839Hz	20	3.839	70.00	0.437
149.166	0.05	Adapter 3839Hz	20	3.839	70.00	0.437
149.246	0.05	Adapter 3839Hz	20	3.839	70.00	0.437
149.506	0.05	Adapter 3839Hz	20	3.839	70.00	0.437
149.586	0.05	Adapter 3839Hz	20	3.839	70.00	0.437
149.666	0.05	Adapter 3839Hz	20	3.839	70.00	0.437
149.746	0.05	Adapter 3839Hz	20	3.839	70.00	0.437
152.494	0.05	Adapter 1501Hz Probe 3839Hz	21	1.501	70.00	0.186
152.574	0.05	Adapter 1501Hz Probe 3839Hz	21	1.501	70.00	0.186
152.654	0.05	Adapter 1501Hz Probe 3839Hz	21	1.501	70.00	0.186
152.734	0.05	Adapter 1501Hz Probe 3839Hz	21	1.501	70.00	0.186
152.814	0.05	Adapter 1501Hz Probe 3839Hz	21	3.839	70.00	0.437
152.994	0.05	Adapter 1501Hz Probe 3839Hz	21	1.501	70.00	0.186
153.074	0.05	Adapter 1501Hz Probe 3839Hz	21	1.501	70.00	0.186
153.154	0.05	Adapter 1501Hz Probe 3839Hz	21	1.501	70.00	0.186
153.234	0.05	Adapter 1501Hz Probe 3839Hz	21	1.501	70.00	0.186
153.314	0.05	Adapter 1501Hz Probe 3839Hz	21	3.839	70.00	0.437
153.494	0.05	Adapter 1501Hz Probe 3839Hz	21	1.501	70.00	0.186
153.574	0.05	Adapter 1501Hz Probe 3839Hz	21	1.501	70.00	0.186
153.654	0.05	Adapter 1501Hz Probe 3839Hz	21	1.501	70.00	0.186
153.734	0.05	Adapter 1501Hz Probe 3839Hz	21	1.501	70.00	0.186
153.814	0.05	Adapter 1501Hz Probe 3839Hz	21	3.839	70.00	0.437
153.994	0.05	Adapter 1501Hz Probe 3839Hz	21	1.501	70.00	0.186
154.074	0.05	Adapter 1501Hz Probe 3839Hz	21	1.501	70.00	0.186
154.154	0.05	Adapter 1501Hz Probe 3839Hz	21	1.501	70.00	0.186
154.234	0.05	Adapter 1501Hz Probe 3839Hz	21	1.501	70.00	0.186
154.314	0.05	Adapter 1501Hz Probe 3839Hz	21	3.839	70.00	0.437
154.494	0.05	Adapter 1501Hz Probe 3839Hz	21	1.501	70.00	0.186
154.574	0.05	Adapter 1501Hz Probe 3839Hz	21	1.501	70.00	0.186
154.654	0.05	Adapter 1501Hz Probe 3839Hz	21	1.501	70.00	0.186
154.734	0.05	Adapter 1501Hz Probe 3839Hz	21	1.501	70.00	0.186
154.814	0.05	Adapter 1501Hz Probe 3839Hz	21	3.839	70.00	0.437
154.994	0.05	Adapter 1501Hz Probe 3839Hz	21	1.501	70.00	0.186
155.074	0.05	Adapter 1501Hz Probe 3839Hz	21	1.501	70.00	0.186
155.154	0.05	Adapter 1501Hz Probe 3839Hz	21	1.501	70.00	0.186
155.234	0.05	Adapter 1501Hz Probe 3839Hz	21	1.501	70.00	0.186
155.314	0.05	Adapter 1501Hz Probe 3839Hz	21	3.839	70.00	0.437
155.494	0.05	Adapter 1501Hz Probe 3839Hz	21	1.501	70.00	0.186
155.574	0.05	Adapter 1501Hz Probe 3839Hz	21	1.501	70.00	0.186
155.654	0.05	Adapter 1501Hz Probe 3839Hz	21	1.501	70.00	0.186
155.734	0.05	Adapter 1501Hz Probe 3839Hz	21	1.501	70.00	0.186
155.814	0.05	Adapter 1501Hz Probe 3839Hz	21	3.839	70.00	0.437
155.994	0.05	Adapter 1501Hz Probe 3839Hz	21	1.501	70.00	0.186
156.074	0.05	Adapter 1501Hz Probe 3839Hz	21	1.501	70.00	0.186
156.154	0.05	Adapter 1501Hz Probe 3839Hz	21	1.501	70.00	0.186
156.234	0.05	Adapter 1501Hz Probe 3839Hz	21	1.501	70.00	0.186
156.314	0.05	Adapter 1501Hz Probe 3839Hz	21	3.839	70.00	0.437
156.494	0.05	Adapter 1501Hz Probe 3839Hz	21	1.501	70.00	0.186
156.574	0.05	Adapter 1501Hz Probe 3839Hz	21	1.501	70.00	0.186
156.654	0.05	Adapter 1501Hz Probe 3839Hz	21	1.501	70.00	0.186
156.734	0.05	Adapter 1501Hz Probe 3839Hz	21	1.501	70.00	0.186
156.814	0.05	Adapter 1501Hz Probe 3839Hz	21	3.839	70.00	0.437
156.994	0.05	Adapter 1501Hz Probe 3839Hz	21	1.501	70.00	0.186
157.074	0.05	Adapter 1501Hz Probe 3839Hz	21	1.501	70.00	0.186
157.154	0.05	Adapter 1501Hz Probe 3839Hz	21	1.501	70.00	0.186
157.234	0.05	Adapter 1501Hz Probe 3839Hz	21	1.501	70.00	0.186
157.314	0.05	Adapter 1501Hz Probe 3839Hz	21	3.839	70.00	0.437
159.982	0.05	Adapter 507Hz Probe 3839Hz	22	0.507	70.00	0.079
160.062	0.05	Adapter 507Hz Probe 3839Hz	22	0.507	70.00	0.079
160.142	0.05	Adapter 507Hz Probe 3839Hz	22	0.507	70.00	0.079
160.222	0.05	Adapter 507Hz Probe 3839Hz	22	0.507	70.00	0.079
160.302	0.05	Adapter 507Hz Probe 3839Hz	22	3.839	70.00	0.437
160.482	0.05	Adapter 507Hz Probe 3839Hz	22	0.507	70.00	0.079
160.562	0.05	Adapter 507Hz Probe 3839Hz	22	0.507	70.00	0.079
160.642	0.05	Adapter 507Hz Probe 3839Hz	22	0.507	70.00	0.079
160.722	0.05	Adapter 507Hz Probe 3839Hz	22	0.507	70.00	0.079
160.802	0.05	Adapter 507Hz Probe 3839Hz	22	3.839	70.00	0.437
160.982	0.05	Adapter 507Hz Probe 3839Hz	22	0.507	70.00	0.079
161.062	0.05	Adapter 507Hz Probe 3839Hz	22	0.507	70.00	0.079
161.142	0.05	Adapter 507Hz Probe 3839Hz	22	0.507	70.00	0.079
161.222	0.05	Adapter 507Hz Probe 3839Hz	22	0.507	70.00	0.079
161.302	0.05	Adapter 507Hz Probe 3839Hz	22	3.839	70.00	0.437
161.482	0.05	Adapter 507Hz Probe 3839Hz	22	0.507	70.00	0.079
161.562	0.05	Adapter 507Hz Probe 3839Hz	22	0.507	70.00	0.079
161.642	0.05	Adapter 507Hz Probe 3839Hz	22	0.507	70.00	0.079
161.722	0.05	Adapter 507Hz Probe 3839Hz	22	0.507	70.00	0.079
161.802	0.05	Adapter 507Hz Probe 3839Hz	22	3.839	70.00	0.437
161.982	0.05	Adapter 507Hz Probe 3839Hz	22	0.507	70.00	0.079
162.062	0.05	Adapter 507Hz Probe 3839Hz	22	0.507	70.00	0.079
162.142	0.05	Adapter 507Hz Probe 3839Hz	22	0.507	70.00	0.079
162.222	0.05	Adapter 507Hz Probe 3839Hz	22	0.507	70.00	0.079
162.302	0.05	Adapter 507Hz Probe 3839Hz	22	3.839	70.00	0.437
162.482	0.05	Adapter 507Hz Probe 3839Hz	22	0.507	70.00	0.079
162.562	0.05	Adapter 507Hz Probe 3839Hz	22	0.507	70.00	0.079
162.642	0.05	Adapter 507Hz Probe 3839Hz	22	0.507	70.00	0.079
162.722	0.05	Adapter 507Hz Probe 3839Hz	22	0.507	70.00	0.079
162.802	0.05	Adapter 507Hz Probe 3839Hz	22	3.839	70.00	0.437
162.982	0.05	Adapter 507Hz Probe 3839Hz	22	0.507	70.00	0.079
163.062	0.05	Adapter 507Hz Probe 3839Hz	22	0.507	70.00	0.079
163.142	0.05	Adapter 507Hz Probe 3839Hz	22	0.507	70.00	0.079
163.222	0.05	Adapter 507Hz Probe 3839Hz	22	0.507	70.00	0.079
163.302	0.05	Adapter 507Hz Probe 3839Hz	22	3.839	70.00	0.437
163.482	0.05	Adapter 507Hz Probe 3839Hz	22	0.507	70.00	0.079
163.562	0.05	Adapter 507Hz Probe 3839Hz	22	0.507	70.00	0.079
163.642	0.05	Adapter 507Hz Probe 3839Hz	22	0.507	70.00	0.079
163.722	0.05	Adapter 507Hz Probe 3839Hz	22	0.507	70.00	0.079
163.802	0.05	Adapter 507Hz Probe 3839Hz	22	3.839	70.00	0.437
163.982	0.05	Adapter 507Hz Probe 3839Hz	22	0.507	70.00	0.079
164.062	0.05	Adapter 507Hz Probe 3839Hz	22	0.507	70.00	0.079
164.142	0.05	Adapter 507Hz Probe 3839Hz	22	0.507	70.00	0.079
164.222	0.05	Adapter 507Hz Probe 3839Hz	22	0.507	70.00	0.079
164.302	0.05	Adapter 507Hz Probe 3839Hz	22	3.839	70.00	0.437
164.482	0.05	Adapter 507Hz Probe 3839Hz	22	0.507	70.00	0.079
164.562	0.05	Adapter 507Hz Probe 3839Hz	22	0.507	70.00	0.079
164.642	0.05	Adapter 507Hz Probe 3839Hz	22	0.507	70.00	0.079
164.722	0.05	Adapter 507Hz Probe 3839Hz	22	0.507	70.00	0.079
164.802	0.05	Adapter 507Hz Probe 3839Hz	22	3.839	70.00	0.437
175.021	0.05	Adapter 899Hz Probe 3839Hz	24	0.899	70.00	0.121
175.101	0.05	Adapter 899Hz Probe 3839Hz	24	0.899	70.00	0.121
175.181	0.05	Adapter 899Hz Probe 3839Hz	24	0.899	70.00	0.121
175.261	0.05	Adapter 899Hz Probe 3839Hz	24	0.899	70.00	0.121
175.341	0.05	Adapter 899Hz Probe 3839Hz	24	3.839	70.00	0.437
175.521	0.05	Adapter 899Hz Probe 3839Hz	24	0.899	70.00	0.121
175.601	0.05	Adapter 899Hz Probe 3839Hz	24	0.899	70.00	0.121
175.681	0.05	Adapter 899Hz Probe 3839Hz	24	0.899	70.00	0.121
175.761	0.05	Adapter 899Hz Probe 3839Hz	24	0.899	70.00	0.121
175.841	0.05	Adapter 899Hz Probe 3839Hz	24	3.839	70.00	0.437
176.021	0.05	Adapter 899Hz Probe 3839Hz	24	0.899	70.00	0.121
176.101	0.05	Adapter 899Hz Probe 3839Hz	24	0.899	70.00	0.121
176.181	0.05	Adapter 899Hz Probe 3839Hz	24	0.899	70.00	0.121
176.261	0.05	Adapter 899Hz Probe 3839Hz	24	0.899	70.00	0.121
176.341	0.05	Adapter 899Hz Probe 3839Hz	24	3.839	70.00	0.437
176.521	0.05	Adapter 899Hz Probe 3839Hz	24	0.899	70.00	0.121
176.601	0.05	Adapter 899Hz Probe 3839Hz	24	0.899	70.00	0.121
176.681	0.05	Adapter 899Hz Probe 3839Hz	24	0.899	70.00	0.121
176.761	0.05	Adapter 899Hz Probe 3839Hz	24	0.899	70.00	0.121
176.841	0.05	Adapter 899Hz Probe 3839Hz	24	3.839	70.00	0.437
177.021	0.05	Adapter 899Hz Probe 3839Hz	24	0.899	70.00	0.121
177.101	0.05	Adapter 899Hz Probe 3839Hz	24	0.899	70.00	0.121
177.181	0.05	Adapter 899Hz Probe 3839Hz	24	0.899	70.00	0.121
177.261	0.05	Adapter 899Hz Probe 3839Hz	24	0.899	70.00	0.121
177.341	0.05	Adapter 899Hz Probe 3839Hz	24	3.839	70.00	0.437
177.521	0.05	Adapter 899Hz Probe 3839Hz	24	0.899	70.00	0.121
177.601	0.05	Adapter 899Hz Probe 3839Hz	24	0.899	70.00	0.121
177.681	0.05	Adapter 899Hz Probe 3839Hz	24	0.899	70.00	0.121
177.761	0.05	Adapter 899Hz Probe 3839Hz	24	0.899	70.00	0.121
177.841	0.05	Adapter 899Hz Probe 3839Hz	24	3.839	70.00	0.437
178.021	0.05	Adapter 899Hz Probe 3839Hz	24	0.899	70.00	0.121
178.101	0.05	Adapter 899Hz Probe 3839Hz	24	0.899	70.00	0.121
178.181	0.05	Adapter 899Hz Probe 3839Hz	24	0.899	70.00	0.121
178.261	0.05	Adapter 899Hz Probe 3839Hz	24	0.899	70.00	0.121
178.341	0.05	Adapter 899Hz Probe 3839Hz	24	3.839	70.00	0.437
178.521	0.05	Adapter 899Hz Probe 3839Hz	24	0.899	70.00	0.121
178.601	0.05	Adapter 899Hz Probe 3839Hz	24	0.899	70.00	0.121
178.681	0.05	Adapter 899Hz Probe 3839Hz	24	0.899	70.00	0.121
178.761	0.05	Adapter 899Hz Probe 3839Hz	24	0.899	70.00	0.121
178.841	0.05	Adapter 899Hz Probe 3839Hz	24	3.839	70.00	0.437
179.021	0.05	Adapter 899Hz Probe 3839Hz	24	0.899	70.00	0.121
179.101	0.05	Adapter 899Hz Probe 3839Hz	24	0.899	70.00	0.121
179.181	0.05	Adapter 899Hz Probe 3839Hz	24	0.899	70.00	0.121
179.261	0.05	Adapter 899Hz Probe 3839Hz	24	0.899	70.00	0.121
179.341	0.05	Adapter 899Hz Probe 3839Hz	24	3.839	70.00	0.437
179.521	0.05	Adapter 899Hz Probe 3839Hz	24	0.899	70.00	0.121
179.601	0.05	Adapter 899Hz Probe 3839Hz	24	0.899	70.00	0.121
179.681	0.05	Adapter 899Hz Probe 3839Hz	24	0.899	70.00	0.121
179.761	0.05	Adapter 899Hz Probe 3839Hz	24	0.899	70.00	0.121
179.841	0.05	Adapter 899Hz Probe 3839Hz	24	3.839	70.00	0.437
182.509	0.05	Adapter 1501Hz	25	1.501	70.00	0.186
182.589	0.05	Adapter 1501Hz	25	1.501	70.00	0.186
182.669	0.05	Adapter 1501Hz	25	1.501	70.00	0.186
182.749	0.05	Adapter 1501Hz	25	1.501	70.00	0.186
183.009	0.05	Adapter 1501Hz	25	1.501	70.00	0.186
183.089	0.05	Adapter 1501Hz	25	1.501	70.00	0.186
183.169	0.05	Adapter 1501Hz	25	1.501	70.00	0.186
183.249	0.05	Adapter 1501Hz	25	1.501	70.00	0.186
183.509	0.05	Adapter 1501Hz	25	1.501	70.00	0.186
183.589	0.05	Adapter 1501Hz	25	1.501	70.00	0.186
183.669	0.05	Adapter 1501Hz	25	1.501	70.00	0.186
183.749	0.05	Adapter 1501Hz	25	1.501	70.00	0.186
184.009	0.05	Adapter 1501Hz	25	1.501	70.00	0.186
184.089	0.05	Adapter 1501Hz	25	1.501	70.00	0.186
184.169	0.05	Adapter 1501Hz	25	1.501	70.00	0.186
184.249	0.05	Adapter 1501Hz	25	1.501	70.00	0.186
184.509	0.05	Adapter 1501Hz	25	1.501	70.00	0.186
184.589	0.05	Adapter 1501Hz	25	1.501	70.00	0.186
184.669	0.05	Adapter 1501Hz	25	1.501	70.00	0.186
184.749	0.05	Adapter 1501Hz	25	1.501	70.00	0.186
185.009	0.05	Adapter 1501Hz	25	1.501	70.00	0.186
185.089	0.05	Adapter 1501Hz	25	1.501	70.00	0.186
185.169	0.05	Adapter 1501Hz	25	1.501	70.00	0.186
185.249	0.05	Adapter 1501Hz	25	1.501	70.00	0.186
185.509	0.05	Adapter 1501Hz	25	1.501	70.00	0.186
185.589	0.05	Adapter 1501Hz	25	1.501	70.00	0.186
185.669	0.05	Adapter 1501Hz	25	1.501	70.00	0.186
185.749	0.05	Adapter 1501Hz	25	1.501	70.00	0.186
186.009	0.05	Adapter 1501Hz	25	1.501	70.00	0.186
186.089	0.05	Adapter 1501Hz	25	1.501	70.00	0.186
186.169	0.05	Adapter 1501Hz	25	1.501	70.00	0.186
186.249	0.05	Adapter 1501Hz	25	1.501	70.00	0.186
186.509	0.05	Adapter 1501Hz	25	1.501	70.00	0.186
186.589	0.05	Adapter 1501Hz	25	1.501	70.00	0.186
186.669	0.05	Adapter 1501Hz	25	1.501	70.00	0.186
186.749	0.05	Adapter 1501Hz	25	1.501	70.00	0.186
187.009	0.05	Adapter 1501Hz	25	1.501	70.00	0.186
187.089	0.05	Adapter 1501Hz	25	1.501	70.00	0.186
187.169	0.05	Adapter 1501Hz	25	1.501	70.00	0.186
187.249	0.05	Adapter 1501Hz	25	1.501	70.00	0.186
197.485	0.05	Adapter 507Hz	27	0.507	70.00	0.079
197.565	0.05	Adapter 507Hz	27	0.507	70.00	0.079
197.645	0.05	Adapter 507Hz	27	0.507	70.00	0.079
197.725	0.05	Adapter 507Hz	27	0.507	70.00	0.079
197.985	0.05	Adapter 507Hz	27	0.507	70.00	0.079
198.065	0.05	Adapter 507Hz	27	0.507	70.00	0.079
198.145	0.05	Adapter 507Hz	27	0.507	70.00	0.079
198.225	0.05	Adapter 507Hz	27	0.507	70.00	0.079
198.485	0.05	Adapter 507Hz	27	0.507	70.00	0.079
198.565	0.05	Adapter 507Hz	27	0.507	70.00	0.079
198.645	0.05	Adapter 507Hz	27	0.507	70.00	0.079
198.725	0.05	Adapter 507Hz	27	0.507	70.00	0.079
198.985	0.05	Adapter 507Hz	27	0.507	70.00	0.079
199.065	0.05	Adapter 507Hz	27	0.507	70.00	0.079
199.145	0.05	Adapter 507Hz	27	0.507	70.00	0.079
199.225	0.05	Adapter 507Hz	27	0.507	70.00	0.079
199.485	0.05	Adapter 507Hz	27	0.507	70.00	0.079
199.565	0.05	Adapter 507Hz	27	0.507	70.00	0.079
199.645	0.05	Adapter 507Hz	27	0.507	70.00	0.079
199.725	0.05	Adapter 507Hz	27	0.507	70.00	0.079
199.985	0.05	Adapter 507Hz	27	0.507	70.00	0.079
200.065	0.05	Adapter 507Hz	27	0.507	70.00	0.079
200.145	0.05	Adapter 507Hz	27	0.507	70.00	0.079
200.225	0.05	Adapter 507Hz	27	0.507	70.00	0.079
200.485	0.05	Adapter 507Hz	27	0.507	70.00	0.079
200.565	0.05	Adapter 507Hz	27	0.507	70.00	0.079
200.645	0.05	Adapter 507Hz	27	0.507	70.00	0.079
200.725	0.05	Adapter 507Hz	27	0.507	70.00	0.079
200.985	0.05	Adapter 507Hz	27	0.507	70.00	0.079
201.065	0.05	Adapter 507Hz	27	0.507	70.00	0.079
201.145	0.05	Adapter 507Hz	27	0.507	70.00	0.079
201.225	0.05	Adapter 507Hz	27	0.507	70.00	0.079
201.485	0.05	Adapter 507Hz	27	0.507	70.00	0.079
201.565	0.05	Adapter 507Hz	27	0.507	70.00	0.079
201.645	0.05	Adapter 507Hz	27	0.507	70.00	0.079
201.725	0.05	Adapter 507Hz	27	0.507	70.00	0.079
201.985	0.05	Adapter 507Hz	27	0.507	70.00	0.079
202.065	0.05	Adapter 507Hz	27	0.507	70.00	0.079
202.145	0.05	Adapter 507Hz	27	0.507	70.00	0.079
202.225	0.05	Adapter 507Hz	27	0.507	70.00	0.079
205.02	0.05	Adapter 2423Hz	28	2.423	70.00	0.285
205.1	0.05	Adapter 2423Hz	28	2.423	70.00	0.285
205.18	0.05	Adapter 2423Hz	28	2.423	70.00	0.285
205.26	0.05	Adapter 2423Hz	28	2.423	70.00	0.285
205.52	0.05	Adapter 2423Hz	28	2.423	70.00	0.285
205.6	0.05	Adapter 2423Hz	28	2.423	70.00	0.285
205.68	0.05	Adapter 2423Hz	28	2.423	70.00	0.285
205.76	0.05	Adapter 2423Hz	28	2.423	70.00	0.285
206.02	0.05	Adapter 2423Hz	28	2.423	70.00	0.285
206.1	0.05	Adapter 2423Hz	28	2.423	70.00	0.285
206.18	0.05	Adapter 2423Hz	28	2.423	70.00	0.285
206.26	0.05	Adapter 2423Hz	28	2.423	70.00	0.285
206.52	0.05	Adapter 2423Hz	28	2.423	70.00	0.285
206.6	0.05	Adapter 2423Hz	28	2.423	70.00	0.285
206.68	0.05	Adapter 2423Hz	28	2.423	70.00	0.285
206.76	0.05	Adapter 2423Hz	28	2.423	70.00	0.285
207.02	0.05	Adapter 2423Hz	28	2.423	70.00	0.285
207.1	0.05	Adapter 2423Hz	28	2.423	70.00	0.285
207.18	0.05	Adapter 2423Hz	28	2.423	70.00	0.285
207.26	0.05	Adapter 2423Hz	28	2.423	70.00	0.285
207.52	0.05	Adapter 2423Hz	28	2.423	70.00	0.285
207.6	0.05	Adapter 2423Hz	28	2.423	70.00	0.285
207.68	0.05	Adapter 2423Hz	28	2.423	70.00	0.285
207.76	0.05	Adapter 2423Hz	28	2.423	70.00	0.285
208.02	0.05	Adapter 2423Hz	28	2.423	70.00	0.285
208.1	0.05	Adapter 2423Hz	28	2.423	70.00	0.285
208.18	0.05	Adapter 2423Hz	28	2.423	70.00	0.285
208.26	0.05	Adapter 2423Hz	28	2.423	70.00	0.285
208.52	0.05	Adapter 2423Hz	28	2.423	70.00	0.285
208.6	0.05	Adapter 2423Hz	28	2.423	70.00	0.285
208.68	0.05	Adapter 2423Hz	28	2.423	70.00	0.285
208.76	0.05	Adapter 2423Hz	28	2.423	70.00	0.285
209.02	0.05	Adapter 2423Hz	28	2.423	70.00	0.285
209.1	0.05	Adapter 2423Hz	28	2.423	70.00	0.285
209.18	0.05	Adapter 2423Hz	28	2.423	70.00	0.285
209.26	0.05	Adapter 2423Hz	28	2.423	70.00	0.285
209.52	0.05	Adapter 2423Hz	28	2.423	70.00	0.285
209.6	0.05	Adapter 2423Hz	28	2.423	70.00	0.285
209.68	0.05	Adapter 2423Hz	28	2.423	70.00	0.285
209.76	0.05	Adapter 2423Hz	28	2.423	70.00	0.285
212.508	0.05	Adapter 899Hz	29	0.899	70.00	0.121
212.588	0.05	Adapter 899Hz	29	0.899	70.00	0.121
212.668	0.05	Adapter 899Hz	29	0.899	70.00	0.121
212.748	0.05	Adapter 899Hz	29	0.899	70.00	0.121
213.008	0.05	Adapter 899Hz	29	0.899	70.00	0.121
213.088	0.05	Adapter 899Hz	29	0.899	70.00	0.121
213.168	0.05	Adapter 899Hz	29	0.899	70.00	0.121
213.248	0.05	Adapter 899Hz	29	0.899	70.00	0.121
213.508	0.05	Adapter 899Hz	29	0.899	70.00	0.121
213.588	0.05	Adapter 899Hz	29	0.899	70.00	0.121
213.668	0.05	Adapter 899Hz	29	0.899	70.00	0.121
213.748	0.05	Adapter 899Hz	29	0.899	70.00	0.121
214.008	0.05	Adapter 899Hz	29	0.899	70.00	0.121
214.088	0.05	Adapter 899Hz	29	0.899	70.00	0.121
214.168	0.05	Adapter 899Hz	29	0.899	70.00	0.121
214.248	0.05	Adapter 899Hz	29	0.899	70.00	0.121
214.508	0.05	Adapter 899Hz	29	0.899	70.00	0.121
214.588	0.05	Adapter 899Hz	29	0.899	70.00	0.121
214.668	0.05	Adapter 899Hz	29	0.899	70.00	0.121
214.748	0.05	Adapter 899Hz	29	0.899	70.00	0.121
215.008	0.05	Adapter 899Hz	29	0.899	70.00	0.121
215.088	0.05	Adapter 899Hz	29	0.899	70.00	0.121
215.168	0.05	Adapter 899Hz	29	0.899	70.00	0.121
215.248	0.05	Adapter 899Hz	29	0.899	70.00	0.121
215.508	0.05	Adapter 899Hz	29	0.899	70.00	0.121
215.588	0.05	Adapter 899Hz	29	0.899	70.00	0.121
215.668	0.05	Adapter 899Hz	29	0.899	70.00	0.121
215.748	0.05	Adapter 899Hz	29	0.899	70.00	0.121
216.008	0.05	Adapter 899Hz	29	0.899	70.00	0.121
216.088	0.05	Adapter 899Hz	29	0.899	70.00	0.121
216.168	0.05	Adapter 899Hz	29	0.899	70.00	0.121
216.248	0.05	Adapter 899Hz	29	0.899	70.00	0.121
216.508	0.05	Adapter 899Hz	29	0.899	70.00	0.121
216.588	0.05	Adapter 899Hz	29	0.899	70.00	0.121
216.668	0.05	Adapter 899Hz	29	0.899	70.00	0.121
216.748	0.05	Adapter 899Hz	29	0.899	70.00	0.121
217.008	0.05	Adapter 899Hz	29	0.899	70.00	0.121
217.088	0.05	Adapter 899Hz	29	0.899	70.00	0.121
217.168	0.05	Adapter 899Hz	29	0.899	70.00	0.121
217.248	0.05	Adapter 899Hz	29	0.899	70.00	0.121
219.996	0.05	Adapter 3839Hz Probe 3839Hz	30	3.839	70.00	0.437
220.076	0.05	Adapter 3839Hz Probe 3839Hz	30	3.839	70.00	0.437
220.156	0.05	Adapter 3839Hz Probe 3839Hz	30	3.839	70.00	0.437
220.236	0.05	Adapter 3839Hz Probe 3839Hz	30	3.839	70.00	0.437
220.316	0.05	Adapter 3839Hz Probe 3839Hz	30	3.839	70.00	0.437
220.496	0.05	Adapter 3839Hz Probe 3839Hz	30	3.839	70.00	0.437
220.576	0.05	Adapter 3839Hz Probe 3839Hz	30	3.839	70.00	0.437
220.656	0.05	Adapter 3839Hz Probe 3839Hz	30	3.839	70.00	0.437
220.736	0.05	Adapter 3839Hz Probe 3839Hz	30	3.839	70.00	0.437
220.816	0.05	Adapter 3839Hz Probe 3839Hz	30	3.839	70.00	0.437
220.996	0.05	Adapter 3839Hz Probe 3839Hz	30	3.839	70.00	0.437
221.076	0.05	Adapter 3839Hz Probe 3839Hz	30	3.839	70.00	0.437
221.156	0.05	Adapter 3839Hz Probe 3839Hz	30	3.839	70.00	0.437
221.236	0.05	Adapter 3839Hz Probe 3839Hz	30	3.839	70.00	0.437
221.316	0.05	Adapter 3839Hz Probe 3839Hz	30	3.839	70.00	0.437
221.496	0.05	Adapter 3839Hz Probe 3839Hz	30	3.839	70.00	0.437
221.576	0.05	Adapter 3839Hz Probe 3839Hz	30	3.839	70.00	0.437
221.656	0.05	Adapter 3839Hz Probe 3839Hz	30	3.839	70.00	0.437
221.736	0.05	Adapter 3839Hz Probe 3839Hz	30	3.839	70.00	0.437
221.816	0.05	Adapter 3839Hz Probe 3839Hz	30	3.839	70.00	0.437
221.996	0.05	Adapter 3839Hz Probe 3839Hz	30	3.839	70.00	0.437
222.076	0.05	Adapter 3839Hz Probe 3839Hz	30	3.839	70.00	0.437
222.156	0.05	Adapter 3839Hz Probe 3839Hz	30	3.839	70.00	0.437
222.236	0.05	Adapter 3839Hz Probe 3839Hz	30	3.839	70.00	0.437
222.316	0.05	Adapter 3839Hz Probe 3839Hz	30	3.839	70.00	0.437
222.496	0.05	Adapter 3839Hz Probe 3839Hz	30	3.839	70.00	0.437
222.576	0.05	Adapter 3839Hz Probe 3839Hz	30	3.839	70.00	0.437
222.656	0.05	Adapter 3839Hz Probe 3839Hz	30	3.839	70.00	0.437
222.736	0.05	Adapter 3839Hz Probe 3839Hz	30	3.839	70.00	0.437
222.816	0.05	Adapter 3839Hz Probe 3839Hz	30	3.839	70.00	0.437
222.996	0.05	Adapter 3839Hz Probe 3839Hz	30	3.839	70.00	0.437
223.076	0.05	Adapter 3839Hz Probe 3839Hz	30	3.839	70.00	0.437
223.156	0.05	Adapter 3839Hz Probe 3839Hz	30	3.839	70.00	0.437
223.236	0.05	Adapter 3839Hz Probe 3839Hz	30	3.839	70.00	0.437
223.316	0.05	Adapter 3839Hz Probe 3839Hz	30	3.839	70.00	0.437
223.496	0.05	Adapter 3839Hz Probe 3839Hz	30	3.839	70.00	0.437
223.576	0.05	Adapter 3839Hz Probe 3839Hz	30	3.839	70.00	0.437
223.656	0.05	Adapter 3839Hz Probe 3839Hz	30	3.839	70.00	0.437
223.736	0.05	Adapter 3839Hz Probe 3839Hz	30	3.839	70.00	0.437
223.816	0.05	Adapter 3839Hz Probe 3839Hz	30	3.839	70.00	0.437
223.996	0.05	Adapter 3839Hz Probe 3839Hz	30	3.839	70.00	0.437
224.076	0.05	Adapter 3839Hz Probe 3839Hz	30	3.839	70.00	0.437
224.156	0.05	Adapter 3839Hz Probe 3839Hz	30	3.839	70.00	0.437
224.236	0.05	Adapter 3839Hz Probe 3839Hz	30	3.839	70.00	0.437
224.316	0.05	Adapter 3839Hz Probe 3839Hz	30	3.839	70.00	0.437
224.496	0.05	Adapter 3839Hz Probe 3839Hz	30	3.839	70.00	0.437
224.576	0.05	Adapter 3839Hz Probe 3839Hz	30	3.839	70.00	0.437
224.656	0.05	Adapter 3839Hz Probe 3839Hz	30	3.839	70.00	0.437
224.736	0.05	Adapter 3839Hz Probe 3839Hz	30	3.839	70.00	0.437
224.816	0.05	Adapter 3839Hz Probe 3839Hz	30	3.839	70.00	0.437
227.484	0.05	Adapter 251Hz	31	0.251	70.00	0.052
227.564	0.05	Adapter 251Hz	31	0.251	70.00	0.052
227.644	0.05	Adapter 251Hz	31	0.251	70.00	0.052
227.724	0.05	Adapter 251Hz	31	0.251	70.00	0.052
227.984	0.05	Adapter 251Hz	31	0.251	70.00	0.052
228.064	0.05	Adapter 251Hz	31	0.251	70.00	0.052
228.144	0.05	Adapter 251Hz	31	0.251	70.00	0.052
228.224	0.05	Adapter 251Hz	31	0.251	70.00	0.052
228.484	0.05	Adapter 251Hz	31	0.251	70.00	0.052
228.564	0.05	Adapter 251Hz	31	0.251	70.00	0.052
228.644	0.05	Adapter 251Hz	31	0.251	70.00	0.052
228.724	0.05	Adapter 251Hz	31	0.251	70.00	0.052
228.984	0.05	Adapter 251Hz	31	0.251	70.00	0.052
229.064	0.05	Adapter 251Hz	31	0.251	70.00	0.052
229.144	0.05	Adapter 251Hz	31	0.251	70.00	0.052
229.224	0.05	Adapter 251Hz	31	0.251	70.00	0.052
229.484	0.05	Adapter 251Hz	31	0.251	70.00	0.052
229.564	0.05	Adapter 251Hz	31	0.251	70.00	0.052
229.644	0.05	Adapter 251Hz	31	0.251	70.00	0.052
229.724	0.05	Adapter 251Hz	31	0.251	70.00	0.052
229.984	0.05	Adapter 251Hz	31	0.251	70.00	0.052
230.064	0.05	Adapter 251Hz	31	0.251	70.00	0.052
230.144	0.05	Adapter 251Hz	31	0.251	70.00	0.052
230.224	0.05	Adapter 251Hz	31	0.251	70.00	0.052
230.484	0.05	Adapter 251Hz	31	0.251	70.00	0.052
230.564	0.05	Adapter 251Hz	31	0.251	70.00	0.052
230.644	0.05	Adapter 251Hz	31	0.251	70.00	0.052
230.724	0.05	Adapter 251Hz	31	0.251	70.00	0.052
230.984	0.05	Adapter 251Hz	31	0.251	70.00	0.052
231.064	0.05	Adapter 251Hz	31	0.251	70.00	0.052
231.144	0.05	Adapter 251Hz	31	0.251	70.00	0.052
231.224	0.05	Adapter 251Hz	31	0.251	70.00	0.052
231.484	0.05	Adapter 251Hz	31	0.251	70.00	0.052
231.564	0.05	Adapter 251Hz	31	0.251	70.00	0.052
231.644	0.05	Adapter 251Hz	31	0.251	70.00	0.052
231.724	0.05	Adapter 251Hz	31	0.251	70.00	0.052
231.984	0.05	Adapter 251Hz	31	0.251	70.00	0.052
232.064	0.05	Adapter 251Hz	31	0.251	70.00	0.052
232.144	0.05	Adapter 251Hz	31	0.251	70.00	0.052
232.224	0.05	Adapter 251Hz	31	0.251	70.00	0.052
242.522	0.05	Adapter 6009Hz	33	6.009	70.00	0.671
242.602	0.05	Adapter 6009Hz	33	6.009	70.00	0.671
242.682	0.05	Adapter 6009Hz	33	6.009	70.00	0.671
242.762	0.05	Adapter 6009Hz	33	6.009	70.00	0.671
243.022	0.05	Adapter 6009Hz	33	6.009	70.00	0.671
243.102	0.05	Adapter 6009Hz	33	6.009	70.00	0.671
243.182	0.05	Adapter 6009Hz	33	6.009	70.00	0.671
243.262	0.05	Adapter 6009Hz	33	6.009	70.00	0.671
243.522	0.05	Adapter 6009Hz	33	6.009	70.00	0.671
243.602	0.05	Adapter 6009Hz	33	6.009	70.00	0.671
243.682	0.05	Adapter 6009Hz	33	6.009	70.00	0.671
243.762	0.05	Adapter 6009Hz	33	6.009	70.00	0.671
244.022	0.05	Adapter 6009Hz	33	6.009	70.00	0.671
244.102	0.05	Adapter 6009Hz	33	6.009	70.00	0.671
244.182	0.05	Adapter 6009Hz	33	6.009	70.00	0.671
244.262	0.05	Adapter 6009Hz	33	6.009	70.00	0.671
244.522	0.05	Adapter 6009Hz	33	6.009	70.00	0.671
244.602	0.05	Adapter 6009Hz	33	6.009	70.00	0.671
244.682	0.05	Adapter 6009Hz	33	6.009	70.00	0.671
244.762	0.05	Adapter 6009Hz	33	6.009	70.00	0.671
245.022	0.05	Adapter 6009Hz	33	6.009	70.00	0.671
245.102	0.05	Adapter 6009Hz	33	6.009	70.00	0.671
245.182	0.05	Adapter 6009Hz	33	6.009	70.00	0.671
245.262	0.05	Adapter 6009Hz	33	6.009	70.00	0.671
245.522	0.05	Adapter 6009Hz	33	6.009	70.00	0.671
245.602	0.05	Adapter 6009Hz	33	6.009	70.00	0.671
245.682	0.05	Adapter 6009Hz	33	6.009	70.00	0.671
245.762	0.05	Adapter 6009Hz	33	6.009	70.00	0.671
246.022	0.05	Adapter 6009Hz	33	6.009	70.00	0.671
246.102	0.05	Adapter 6009Hz	33	6.009	70.00	0.671
246.182	0.05	Adapter 6009Hz	33	6.009	70.00	0.671
246.262	0.05	Adapter 6009Hz	33	6.009	70.00	0.671
246.522	0.05	Adapter 6009Hz	33	6.009	70.00	0.671
246.602	0.05	Adapter 6009Hz	33	6.009	70.00	0.671
246.682	0.05	Adapter 6009Hz	33	6.009	70.00	0.671
246.762	0.05	Adapter 6009Hz	33	6.009	70.00	0.671
247.022	0.05	Adapter 6009Hz	33	6.009	70.00	0.671
247.102	0.05	Adapter 6009Hz	33	6.009	70.00	0.671
247.182	0.05	Adapter 6009Hz	33	6.009	70.00	0.671
247.262	0.05	Adapter 6009Hz	33	6.009	70.00	0.671
257.514	0.05	Adapter 1501Hz Probe 3839Hz	35	1.501	70.00	0.186
257.594	0.05	Adapter 1501Hz Probe 3839Hz	35	1.501	70.00	0.186
257.674	0.05	Adapter 1501Hz Probe 3839Hz	35	1.501	70.00	0.186
257.754	0.05	Adapter 1501Hz Probe 3839Hz	35	1.501	70.00	0.186
257.834	0.05	Adapter 1501Hz Probe 3839Hz	35	3.839	70.00	0.437
258.014	0.05	Adapter 1501Hz Probe 3839Hz	35	1.501	70.00	0.186
258.094	0.05	Adapter 1501Hz Probe 3839Hz	35	1.501	70.00	0.186
258.174	0.05	Adapter 1501Hz Probe 3839Hz	35	1.501	70.00	0.186
258.254	0.05	Adapter 1501Hz Probe 3839Hz	35	1.501	70.00	0.186
258.334	0.05	Adapter 1501Hz Probe 3839Hz	35	3.839	70.00	0.437
258.514	0.05	Adapter 1501Hz Probe 3839Hz	35	1.501	70.00	0.186
258.594	0.05	Adapter 1501Hz Probe 3839Hz	35	1.501	70.00	0.186
258.674	0.05	Adapter 1501Hz Probe 3839Hz	35	1.501	70.00	0.186
258.754	0.05	Adapter 1501Hz Probe 3839Hz	35	1.501	70.00	0.186
258.834	0.05	Adapter 1501Hz Probe 3839Hz	35	3.839	70.00	0.437
259.014	0.05	Adapter 1501Hz Probe 3839Hz	35	1.501	70.00	0.186
259.094	0.05	Adapter 1501Hz Probe 3839Hz	35	1.501	70.00	0.186
259.174	0.05	Adapter 1501Hz Probe 3839Hz	35	1.501	70.00	0.186
259.254	0.05	Adapter 1501Hz Probe 3839Hz	35	1.501	70.00	0.186
259.334	0.05	Adapter 1501Hz Probe 3839Hz	35	3.839	70.00	0.437
259.514	0.05	Adapter 1501Hz Probe 3839Hz	35	1.501	70.00	0.186
259.594	0.05	Adapter 1501Hz Probe 3839Hz	35	1.501	70.00	0.186
259.674	0.05	Adapter 1501Hz Probe 3839Hz	35	1.501	70.00	0.186
259.754	0.05	Adapter 1501Hz Probe 3839Hz	35	1.501	70.00	0.186
259.834	0.05	Adapter 1501Hz Probe 3839Hz	35	3.839	70.00	0.437
260.014	0.05	Adapter 1501Hz Probe 3839Hz	35	1.501	70.00	0.186
260.094	0.05	Adapter 1501Hz Probe 3839Hz	35	1.501	70.00	0.186
260.174	0.05	Adapter 1501Hz Probe 3839Hz	35	1.501	70.00	0.186
260.254	0.05	Adapter 1501Hz Probe 3839Hz	35	1.501	70.00	0.186
260.334	0.05	Adapter 1501Hz Probe 3839Hz	35	3.839	70.00	0.437
260.514	0.05	Adapter 1501Hz Probe 3839Hz	35	1.501	70.00	0.186
260.594	0.05	Adapter 1501Hz Probe 3839Hz	35	1.501	70.00	0.186
260.674	0.05	Adapter 1501Hz Probe 3839Hz	35	1.501	70.00	0.186
260.754	0.05	Adapter 1501Hz Probe 3839Hz	35	1.501	70.00	0.186
260.834	0.05	Adapter 1501Hz Probe 3839Hz	35	3.839	70.00	0.437
261.014	0.05	Adapter 1501Hz Probe 3839Hz	35	1.501	70.00	0.186
261.094	0.05	Adapter 1501Hz Probe 3839Hz	35	1.501	70.00	0.186
261.174	0.05	Adapter 1501Hz Probe 3839Hz	35	1.501	70.00	0.186
261.254	0.05	Adapter 1501Hz Probe 3839Hz	35	1.501	70.00	0.186
261.334	0.05	Adapter 1501Hz Probe 3839Hz	35	3.839	70.00	0.437
261.514	0.05	Adapter 1501Hz Probe 3839Hz	35	1.501	70.00	0.186
261.594	0.05	Adapter 1501Hz Probe 3839Hz	35	1.501	70.00	0.186
261.674	0.05	Adapter 1501Hz Probe 3839Hz	35	1.501	70.00	0.186
261.754	0.05	Adapter 1501Hz Probe 3839Hz	35	1.501	70.00	0.186
261.834	0.05	Adapter 1501Hz Probe 3839Hz	35	3.839	70.00	0.437
262.014	0.05	Adapter 1501Hz Probe 3839Hz	35	1.501	70.00	0.186
262.094	0.05	Adapter 1501Hz Probe 3839Hz	35	1.501	70.00	0.186
262.174	0.05	Adapter 1501Hz Probe 3839Hz	35	1.501	70.00	0.186
262.254	0.05	Adapter 1501Hz Probe 3839Hz	35	1.501	70.00	0.186
262.334	0.05	Adapter 1501Hz Probe 3839Hz	35	3.839	70.00	0.437
265.002	0.05	Adapter 3839Hz Probe 3839Hz	36	3.839	70.00	0.437
265.082	0.05	Adapter 3839Hz Probe 3839Hz	36	3.839	70.00	0.437
265.162	0.05	Adapter 3839Hz Probe 3839Hz	36	3.839	70.00	0.437
265.242	0.05	Adapter 3839Hz Probe 3839Hz	36	3.839	70.00	0.437
265.322	0.05	Adapter 3839Hz Probe 3839Hz	36	3.839	70.00	0.437
265.502	0.05	Adapter 3839Hz Probe 3839Hz	36	3.839	70.00	0.437
265.582	0.05	Adapter 3839Hz Probe 3839Hz	36	3.839	70.00	0.437
265.662	0.05	Adapter 3839Hz Probe 3839Hz	36	3.839	70.00	0.437
265.742	0.05	Adapter 3839Hz Probe 3839Hz	36	3.839	70.00	0.437
265.822	0.05	Adapter 3839Hz Probe 3839Hz	36	3.839	70.00	0.437
266.002	0.05	Adapter 3839Hz Probe 3839Hz	36	3.839	70.00	0.437
266.082	0.05	Adapter 3839Hz Probe 3839Hz	36	3.839	70.00	0.437
266.162	0.05	Adapter 3839Hz Probe 3839Hz	36	3.839	70.00	0.437
266.242	0.05	Adapter 3839Hz Probe 3839Hz	36	3.839	70.00	0.437
266.322	0.05	Adapter 3839Hz Probe 3839Hz	36	3.839	70.00	0.437
266.502	0.05	Adapter 3839Hz Probe 3839Hz	36	3.839	70.00	0.437
266.582	0.05	Adapter 3839Hz Probe 3839Hz	36	3.839	70.00	0.437
266.662	0.05	Adapter 3839Hz Probe 3839Hz	36	3.839	70.00	0.437
266.742	0.05	Adapter 3839Hz Probe 3839Hz	36	3.839	70.00	0.437
266.822	0.05	Adapter 3839Hz Probe 3839Hz	36	3.839	70.00	0.437
267.002	0.05	Adapter 3839Hz Probe 3839Hz	36	3.839	70.00	0.437
267.082	0.05	Adapter 3839Hz Probe 3839Hz	36	3.839	70.00	0.437
267.162	0.05	Adapter 3839Hz Probe 3839Hz	36	3.839	70.00	0.437
267.242	0.05	Adapter 3839Hz Probe 3839Hz	36	3.839	70.00	0.437
267.322	0.05	Adapter 3839Hz Probe 3839Hz	36	3.839	70.00	0.437
267.502	0.05	Adapter 3839Hz Probe 3839Hz	36	3.839	70.00	0.437
267.582	0.05	Adapter 3839Hz Probe 3839Hz	36	3.839	70.00	0.437
267.662	0.05	Adapter 3839Hz Probe 3839Hz	36	3.839	70.00	0.437
267.742	0.05	Adapter 3839Hz Probe 3839Hz	36	3.839	70.00	0.437
267.822	0.05	Adapter 3839Hz Probe 3839Hz	36	3.839	70.00	0.437
268.002	0.05	Adapter 3839Hz Probe 3839Hz	36	3.839	70.00	0.437
268.082	0.05	Adapter 3839Hz Probe 3839Hz	36	3.839	70.00	0.437
268.162	0.05	Adapter 3839Hz Probe 3839Hz	36	3.839	70.00	0.437
268.242	0.05	Adapter 3839Hz Probe 3839Hz	36	3.839	70.00	0.437
268.322	0.05	Adapter 3839Hz Probe 3839Hz	36	3.839	70.00	0.437
268.502	0.05	Adapter 3839Hz Probe 3839Hz	36	3.839	70.00	0.437
268.582	0.05	Adapter 3839Hz Probe 3839Hz	36	3.839	70.00	0.437
268.662	0.05	Adapter 3839Hz Probe 3839Hz	36	3.839	70.00	0.437
268.742	0.05	Adapter 3839Hz Probe 3839Hz	36	3.839	70.00	0.437
268.822	0.05	Adapter 3839Hz Probe 3839Hz	36	3.839	70.00	0.437
269.002	0.05	Adapter 3839Hz Probe 3839Hz	36	3.839	70.00	0.437
269.082	0.05	Adapter 3839Hz Probe 3839Hz	36	3.839	70.00	0.437
269.162	0.05	Adapter 3839Hz Probe 3839Hz	36	3.839	70.00	0.437
269.242	0.05	Adapter 3839Hz Probe 3839Hz	36	3.839	70.00	0.437
269.322	0.05	Adapter 3839Hz Probe 3839Hz	36	3.839	70.00	0.437
269.502	0.05	Adapter 3839Hz Probe 3839Hz	36	3.839	70.00	0.437
269.582	0.05	Adapter 3839Hz Probe 3839Hz	36	3.839	70.00	0.437
269.662	0.05	Adapter 3839Hz Probe 3839Hz	36	3.839	70.00	0.437
269.742	0.05	Adapter 3839Hz Probe 3839Hz	36	3.839	70.00	0.437
269.822	0.05	Adapter 3839Hz Probe 3839Hz	36	3.839	70.00	0.437
272.537	0.05	Adapter 2423Hz	37	2.423	70.00	0.285
272.617	0.05	Adapter 2423Hz	37	2.423	70.00	0.285
272.697	0.05	Adapter 2423Hz	37	2.423	70.00	0.285
272.777	0.05	Adapter 2423Hz	37	2.423	70.00	0.285
273.037	0.05	Adapter 2423Hz	37	2.423	70.00	0.285
273.117	0.05	Adapter 2423Hz	37	2.423	70.00	0.285
273.197	0.05	Adapter 2423Hz	37	2.423	70.00	0.285
273.277	0.05	Adapter 2423Hz	37	2.423	70.00	0.285
273.537	0.05	Adapter 2423Hz	37	2.423	70.00	0.285
273.617	0.05	Adapter 2423Hz	37	2.423	70.00	0.285
273.697	0.05	Adapter 2423Hz	37	2.423	70.00	0.285
273.777	0.05	Adapter 2423Hz	37	2.423	70.00	0.285
274.037	0.05	Adapter 2423Hz	37	2.423	70.00	0.285
274.117	0.05	Adapter 2423Hz	37	2.423	70.00	0.285
274.197	0.05	Adapter 2423Hz	37	2.423	70.00	0.285
274.277	0.05	Adapter 2423Hz	37	2.423	70.00	0.285
274.537	0.05	Adapter 2423Hz	37	2.423	70.00	0.285
274.617	0.05	Adapter 2423Hz	37	2.423	70.00	0.285
274.697	0.05	Adapter 2423Hz	37	2.423	70.00	0.285
274.777	0.05	Adapter 2423Hz	37	2.423	70.00	0.285
275.037	0.05	Adapter 2423Hz	37	2.423	70.00	0.285
275.117	0.05	Adapter 2423Hz	37	2.423	70.00	0.285
275.197	0.05	Adapter 2423Hz	37	2.423	70.00	0.285
275.277	0.05	Adapter 2423Hz	37	2.423	70.00	0.285
275.537	0.05	Adapter 2423Hz	37	2.423	70.00	0.285
275.617	0.05	Adapter 2423Hz	37	2.423	70.00	0.285
275.697	0.05	Adapter 2423Hz	37	2.423	70.00	0.285
275.777	0.05	Adapter 2423Hz	37	2.423	70.00	0.285
276.037	0.05	Adapter 2423Hz	37	2.423	70.00	0.285
276.117	0.05	Adapter 2423Hz	37	2.423	70.00	0.285
276.197	0.05	Adapter 2423Hz	37	2.423	70.00	0.285
276.277	0.05	Adapter 2423Hz	37	2.423	70.00	0.285
276.537	0.05	Adapter 2423Hz	37	2.423	70.00	0.285
276.617	0.05	Adapter 2423Hz	37	2.423	70.00	0.285
276.697	0.05	Adapter 2423Hz	37	2.423	70.00	0.285
276.777	0.05	Adapter 2423Hz	37	2.423	70.00	0.285
277.037	0.05	Adapter 2423Hz	37	2.423	70.00	0.285
277.117	0.05	Adapter 2423Hz	37	2.423	70.00	0.285
277.197	0.05	Adapter 2423Hz	37	2.423	70.00	0.285
277.277	0.05	Adapter 2423Hz	37	2.423	70.00	0.285
287.513	0.05	Adapter 899Hz Probe 3839Hz	39	0.899	70.00	0.121
287.593	0.05	Adapter 899Hz Probe 3839Hz	39	0.899	70.00	0.121
287.673	0.05	Adapter 899Hz Probe 3839Hz	39	0.899	70.00	0.121
287.753	0.05	Adapter 899Hz Probe 3839Hz	39	0.899	70.00	0.121
287.833	0.05	Adapter 899Hz Probe 3839Hz	39	3.839	70.00	0.437
288.013	0.05	Adapter 899Hz Probe 3839Hz	39	0.899	70.00	0.121
288.093	0.05	Adapter 899Hz Probe 3839Hz	39	0.899	70.00	0.121
288.173	0.05	Adapter 899Hz Probe 3839Hz	39	0.899	70.00	0.121
288.253	0.05	Adapter 899Hz Probe 3839Hz	39	0.899	70.00	0.121
288.333	0.05	Adapter 899Hz Probe 3839Hz	39	3.839	70.00	0.437
288.513	0.05	Adapter 899Hz Probe 3839Hz	39	0.899	70.00	0.121
288.593	0.05	Adapter 899Hz Probe 3839Hz	39	0.899	70.00	0.121
288.673	0.05	Adapter 899Hz Probe 3839Hz	39	0.899	70.00	0.121
288.753	0.05	Adapter 899Hz Probe 3839Hz	39	0.899	70.00	0.121
288.833	0.05	Adapter 899Hz Probe 3839Hz	39	3.839	70.00	0.437
289.013	0.05	Adapter 899Hz Probe 3839Hz	39	0.899	70.00	0.121
289.093	0.05	Adapter 899Hz Probe 3839Hz	39	0.899	70.00	0.121
289.173	0.05	Adapter 899Hz Probe 3839Hz	39	0.899	70.00	0.121
289.253	0.05	Adapter 899Hz Probe 3839Hz	39	0.899	70.00	0.121
289.333	0.05	Adapter 899Hz Probe 3839Hz	39	3.839	70.00	0.437
289.513	0.05	Adapter 899Hz Probe 3839Hz	39	0.899	70.00	0.121
289.593	0.05	Adapter 899Hz Probe 3839Hz	39	0.899	70.00	0.121
289.673	0.05	Adapter 899Hz Probe 3839Hz	39	0.899	70.00	0.121
289.753	0.05	Adapter 899Hz Probe 3839Hz	39	0.899	70.00	0.121
289.833	0.05	Adapter 899Hz Probe 3839Hz	39	3.839	70.00	0.437
290.013	0.05	Adapter 899Hz Probe 3839Hz	39	0.899	70.00	0.121
290.093	0.05	Adapter 899Hz Probe 3839Hz	39	0.899	70.00	0.121
290.173	0.05	Adapter 899Hz Probe 3839Hz	39	0.899	70.00	0.121
290.253	0.05	Adapter 899Hz Probe 3839Hz	39	0.899	70.00	0.121
290.333	0.05	Adapter 899Hz Probe 3839Hz	39	3.839	70.00	0.437
290.513	0.05	Adapter 899Hz Probe 3839Hz	39	0.899	70.00	0.121
290.593	0.05	Adapter 899Hz Probe 3839Hz	39	0.899	70.00	0.121
290.673	0.05	Adapter 899Hz Probe 3839Hz	39	0.899	70.00	0.121
290.753	0.05	Adapter 899Hz Probe 3839Hz	39	0.899	70.00	0.121
290.833	0.05	Adapter 899Hz Probe 3839Hz	39	3.839	70.00	0.437
291.013	0.05	Adapter 899Hz Probe 3839Hz	39	0.899	70.00	0.121
291.093	0.05	Adapter 899Hz Probe 3839Hz	39	0.899	70.00	0.121
291.173	0.05	Adapter 899Hz Probe 3839Hz	39	0.899	70.00	0.121
291.253	0.05	Adapter 899Hz Probe 3839Hz	39	0.899	70.00	0.121
291.333	0.05	Adapter 899Hz Probe 3839Hz	39	3.839	70.00	0.437
291.513	0.05	Adapter 899Hz Probe 3839Hz	39	0.899	70.00	0.121
291.593	0.05	Adapter 899Hz Probe 3839Hz	39	0.899	70.00	0.121
291.673	0.05	Adapter 899Hz Probe 3839Hz	39	0.899	70.00	0.121
291.753	0.05	Adapter 899Hz Probe 3839Hz	39	0.899	70.00	0.121
291.833	0.05	Adapter 899Hz Probe 3839Hz	39	3.839	70.00	0.437
292.013	0.05	Adapter 899Hz Probe 3839Hz	39	0.899	70.00	0.121
292.093	0.05	Adapter 899Hz Probe 3839Hz	39	0.899	70.00	0.121
292.173	0.05	Adapter 899Hz Probe 3839Hz	39	0.899	70.00	0.121
292.253	0.05	Adapter 899Hz Probe 3839Hz	39	0.899	70.00	0.121
292.333	0.05	Adapter 899Hz Probe 3839Hz	39	3.839	70.00	0.437
295.001	0.05	Adapter 3839Hz	40	3.839	70.00	0.437
295.081	0.05	Adapter 3839Hz	40	3.839	70.00	0.437
295.161	0.05	Adapter 3839Hz	40	3.839	70.00	0.437
295.241	0.05	Adapter 3839Hz	40	3.839	70.00	0.437
295.501	0.05	Adapter 3839Hz	40	3.839	70.00	0.437
295.581	0.05	Adapter 3839Hz	40	3.839	70.00	0.437
295.661	0.05	Adapter 3839Hz	40	3.839	70.00	0.437
295.741	0.05	Adapter 3839Hz	40	3.839	70.00	0.437
296.001	0.05	Adapter 3839Hz	40	3.839	70.00	0.437
296.081	0.05	Adapter 3839Hz	40	3.839	70.00	0.437
296.161	0.05	Adapter 3839Hz	40	3.839	70.00	0.437
296.241	0.05	Adapter 3839Hz	40	3.839	70.00	0.437
296.501	0.05	Adapter 3839Hz	40	3.839	70.00	0.437
296.581	0.05	Adapter 3839Hz	40	3.839	70.00	0.437
296.661	0.05	Adapter 3839Hz	40	3.839	70.00	0.437
296.741	0.05	Adapter 3839Hz	40	3.839	70.00	0.437
297.001	0.05	Adapter 3839Hz	40	3.839	70.00	0.437
297.081	0.05	Adapter 3839Hz	40	3.839	70.00	0.437
297.161	0.05	Adapter 3839Hz	40	3.839	70.00	0.437
297.241	0.05	Adapter 3839Hz	40	3.839	70.00	0.437
297.501	0.05	Adapter 3839Hz	40	3.839	70.00	0.437
297.581	0.05	Adapter 3839Hz	40	3.839	70.00	0.437
297.661	0.05	Adapter 3839Hz	40	3.839	70.00	0.437
297.741	0.05	Adapter 3839Hz	40	3.839	70.00	0.437
298.001	0.05	Adapter 3839Hz	40	3.839	70.00	0.437
298.081	0.05	Adapter 3839Hz	40	3.839	70.00	0.437
298.161	0.05	Adapter 3839Hz	40	3.839	70.00	0.437
298.241	0.05	Adapter 3839Hz	40	3.839	70.00	0.437
298.501	0.05	Adapter 3839Hz	40	3.839	70.00	0.437
298.581	0.05	Adapter 3839Hz	40	3.839	70.00	0.437
298.661	0.05	Adapter 3839Hz	40	3.839	70.00	0.437
298.741	0.05	Adapter 3839Hz	40	3.839	70.00	0.437
299.001	0.05	Adapter 3839Hz	40	3.839	70.00	0.437
299.081	0.05	Adapter 3839Hz	40	3.839	70.00	0.437
299.161	0.05	Adapter 3839Hz	40	3.839	70.00	0.437
299.241	0.05	Adapter 3839Hz	40	3.839	70.00	0.437
299.501	0.05	Adapter 3839Hz	40	3.839	70.00	0.437
299.581	0.05	Adapter 3839Hz	40	3.839	70.00	0.437
299.661	0.05	Adapter 3839Hz	40	3.839	70.00	0.437
299.741	0.05	Adapter 3839Hz	40	3.839	70.00	0.437
302.489	0.05	Adapter 251Hz	41	0.251	70.00	0.052
302.569	0.05	Adapter 251Hz	41	0.251	70.00	0.052
302.649	0.05	Adapter 251Hz	41	0.251	70.00	0.052
302.729	0.05	Adapter 251Hz	41	0.251	70.00	0.052
302.989	0.05	Adapter 251Hz	41	0.251	70.00	0.052
303.069	0.05	Adapter 251Hz	41	0.251	70.00	0.052
303.149	0.05	Adapter 251Hz	41	0.251	70.00	0.052
303.229	0.05	Adapter 251Hz	41	0.251	70.00	0.052
303.489	0.05	Adapter 251Hz	41	0.251	70.00	0.052
303.569	0.05	Adapter 251Hz	41	0.251	70.00	0.052
303.649	0.05	Adapter 251Hz	41	0.251	70.00	0.052
303.729	0.05	Adapter 251Hz	41	0.251	70.00	0.052
303.989	0.05	Adapter 251Hz	41	0.251	70.00	0.052
304.069	0.05	Adapter 251Hz	41	0.251	70.00	0.052
304.149	0.05	Adapter 251Hz	41	0.251	70.00	0.052
304.229	0.05	Adapter 251Hz	41	0.251	70.00	0.052
304.489	0.05	Adapter 251Hz	41	0.251	70.00	0.052
304.569	0.05	Adapter 251Hz	41	0.251	70.00	0.052
304.649	0.05	Adapter 251Hz	41	0.251	70.00	0.052
304.729	0.05	Adapter 251Hz	41	0.251	70.00	0.052
304.989	0.05	Adapter 251Hz	41	0.251	70.00	0.052
305.069	0.05	Adapter 251Hz	41	0.251	70.00	0.052
305.149	0.05	Adapter 251Hz	41	0.251	70.00	0.052
305.229	0.05	Adapter 251Hz	41	0.251	70.00	0.052
305.489	0.05	Adapter 251Hz	41	0.251	70.00	0.052
305.569	0.05	Adapter 251Hz	41	0.251	70.00	0.052
305.649	0.05	Adapter 251Hz	41	0.251	70.00	0.052
305.729	0.05	Adapter 251Hz	41	0.251	70.00	0.052
305.989	0.05	Adapter 251Hz	41	0.251	70.00	0.052
306.069	0.05	Adapter 251Hz	41	0.251	70.00	0.052
306.149	0.05	Adapter 251Hz	41	0.251	70.00	0.052
306.229	0.05	Adapter 251Hz	41	0.251	70.00	0.052
306.489	0.05	Adapter 251Hz	41	0.251	70.00	0.052
306.569	0.05	Adapter 251Hz	41	0.251	70.00	0.052
306.649	0.05	Adapter 251Hz	41	0.251	70.00	0.052
306.729	0.05	Adapter 251Hz	41	0.251	70.00	0.052
306.989	0.05	Adapter 251Hz	41	0.251	70.00	0.052
307.069	0.05	Adapter 251Hz	41	0.251	70.00	0.052
307.149	0.05	Adapter 251Hz	41	0.251	70.00	0.052
307.229	0.05	Adapter 251Hz	41	0.251	70.00	0.052
310.328	0.05	Probe 3839Hz	42	3.839	70.00	0.437
310.828	0.05	Probe 3839Hz	42	3.839	70.00	0.437
311.328	0.05	Probe 3839Hz	42	3.839	70.00	0.437
311.828	0.05	Probe 3839Hz	42	3.839	70.00	0.437
312.328	0.05	Probe 3839Hz	42	3.839	70.00	0.437
312.828	0.05	Probe 3839Hz	42	3.839	70.00	0.437
313.328	0.05	Probe 3839Hz	42	3.839	70.00	0.437
313.828	0.05	Probe 3839Hz	42	3.839	70.00	0.437
314.328	0.05	Probe 3839Hz	42	3.839	70.00	0.437
314.828	0.05	Probe 3839Hz	42	3.839	70.00	0.437
317.48	0.05	Adapter 507Hz	43	0.507	70.00	0.079
317.56	0.05	Adapter 507Hz	43	0.507	70.00	0.079
317.64	0.05	Adapter 507Hz	43	0.507	70.00	0.079
317.72	0.05	Adapter 507Hz	43	0.507	70.00	0.079
317.98	0.05	Adapter 507Hz	43	0.507	70.00	0.079
318.06	0.05	Adapter 507Hz	43	0.507	70.00	0.079
318.14	0.05	Adapter 507Hz	43	0.507	70.00	0.079
318.22	0.05	Adapter 507Hz	43	0.507	70.00	0.079
318.48	0.05	Adapter 507Hz	43	0.507	70.00	0.079
318.56	0.05	Adapter 507Hz	43	0.507	70.00	0.079
318.64	0.05	Adapter 507Hz	43	0.507	70.00	0.079
318.72	0.05	Adapter 507Hz	43	0.507	70.00	0.079
318.98	0.05	Adapter 507Hz	43	0.507	70.00	0.079
319.06	0.05	Adapter 507Hz	43	0.507	70.00	0.079
319.14	0.05	Adapter 507Hz	43	0.507	70.00	0.079
319.22	0.05	Adapter 507Hz	43	0.507	70.00	0.079
319.48	0.05	Adapter 507Hz	43	0.507	70.00	0.079
319.56	0.05	Adapter 507Hz	43	0.507	70.00	0.079
319.64	0.05	Adapter 507Hz	43	0.507	70.00	0.079
319.72	0.05	Adapter 507Hz	43	0.507	70.00	0.079
319.98	0.05	Adapter 507Hz	43	0.507	70.00	0.079
320.06	0.05	Adapter 507Hz	43	0.507	70.00	0.079
320.14	0.05	Adapter 507Hz	43	0.507	70.00	0.079
320.22	0.05	Adapter 507Hz	43	0.507	70.00	0.079
320.48	0.05	Adapter 507Hz	43	0.507	70.00	0.079
320.56	0.05	Adapter 507Hz	43	0.507	70.00	0.079
320.64	0.05	Adapter 507Hz	43	0.507	70.00	0.079
320.72	0.05	Adapter 507Hz	43	0.507	70.00	0.079
320.98	0.05	Adapter 507Hz	43	0.507	70.00	0.079
321.06	0.05	Adapter 507Hz	43	0.507	70.00	0.079
321.14	0.05	Adapter 507Hz	43	0.507	70.00	0.079
321.22	0.05	Adapter 507Hz	43	0.507	70.00	0.079
321.48	0.05	Adapter 507Hz	43	0.507	70.00	0.079
321.56	0.05	Adapter 507Hz	43	0.507	70.00	0.079
321.64	0.05	Adapter 507Hz	43	0.507	70.00	0.079
321.72	0.05	Adapter 507Hz	43	0.507	70.00	0.079
321.98	0.05	Adapter 507Hz	43	0.507	70.00	0.079
322.06	0.05	Adapter 507Hz	43	0.507	70.00	0.079
322.14	0.05	Adapter 507Hz	43	0.507	70.00	0.079
322.22	0.05	Adapter 507Hz	43	0.507	70.00	0.079
325.015	0.05	Adapter 1501Hz	44	1.501	70.00	0.186
325.095	0.05	Adapter 1501Hz	44	1.501	70.00	0.186
325.175	0.05	Adapter 1501Hz	44	1.501	70.00	0.186
325.255	0.05	Adapter 1501Hz	44	1.501	70.00	0.186
325.515	0.05	Adapter 1501Hz	44	1.501	70.00	0.186
325.595	0.05	Adapter 1501Hz	44	1.501	70.00	0.186
325.675	0.05	Adapter 1501Hz	44	1.501	70.00	0.186
325.755	0.05	Adapter 1501Hz	44	1.501	70.00	0.186
326.015	0.05	Adapter 1501Hz	44	1.501	70.00	0.186
326.095	0.05	Adapter 1501Hz	44	1.501	70.00	0.186
326.175	0.05	Adapter 1501Hz	44	1.501	70.00	0.186
326.255	0.05	Adapter 1501Hz	44	1.501	70.00	0.186
326.515	0.05	Adapter 1501Hz	44	1.501	70.00	0.186
326.595	0.05	Adapter 1501Hz	44	1.501	70.00	0.186
326.675	0.05	Adapter 1501Hz	44	1.501	70.00	0.186
326.755	0.05	Adapter 1501Hz	44	1.501	70.00	0.186
327.015	0.05	Adapter 1501Hz	44	1.501	70.00	0.186
327.095	0.05	Adapter 1501Hz	44	1.501	70.00	0.186
327.175	0.05	Adapter 1501Hz	44	1.501	70.00	0.186
327.255	0.05	Adapter 1501Hz	44	1.501	70.00	0.186
327.515	0.05	Adapter 1501Hz	44	1.501	70.00	0.186
327.595	0.05	Adapter 1501Hz	44	1.501	70.00	0.186
327.675	0.05	Adapter 1501Hz	44	1.501	70.00	0.186
327.755	0.05	Adapter 1501Hz	44	1.501	70.00	0.186
328.015	0.05	Adapter 1501Hz	44	1.501	70.00	0.186
328.095	0.05	Adapter 1501Hz	44	1.501	70.00	0.186
328.175	0.05	Adapter 1501Hz	44	1.501	70.00	0.186
328.255	0.05	Adapter 1501Hz	44	1.501	70.00	0.186
328.515	0.05	Adapter 1501Hz	44	1.501	70.00	0.186
328.595	0.05	Adapter 1501Hz	44	1.501	70.00	0.186
328.675	0.05	Adapter 1501Hz	44	1.501	70.00	0.186
328.755	0.05	Adapter 1501Hz	44	1.501	70.00	0.186
329.015	0.05	Adapter 1501Hz	44	1.501	70.00	0.186
329.095	0.05	Adapter 1501Hz	44	1.501	70.00	0.186
329.175	0.05	Adapter 1501Hz	44	1.501	70.00	0.186
329.255	0.05	Adapter 1501Hz	44	1.501	70.00	0.186
329.515	0.05	Adapter 1501Hz	44	1.501	70.00	0.186
329.595	0.05	Adapter 1501Hz	44	1.501	70.00	0.186
329.675	0.05	Adapter 1501Hz	44	1.501	70.00	0.186
329.755	0.05	Adapter 1501Hz	44	1.501	70.00	0.186
332.503	0.05	Adapter 2423Hz Probe 3839Hz	45	2.423	70.00	0.285
332.583	0.05	Adapter 2423Hz Probe 3839Hz	45	2.423	70.00	0.285
332.663	0.05	Adapter 2423Hz Probe 3839Hz	45	2.423	70.00	0.285
332.743	0.05	Adapter 2423Hz Probe 3839Hz	45	2.423	70.00	0.285
332.823	0.05	Adapter 2423Hz Probe 3839Hz	45	3.839	70.00	0.437
333.003	0.05	Adapter 2423Hz Probe 3839Hz	45	2.423	70.00	0.285
333.083	0.05	Adapter 2423Hz Probe 3839Hz	45	2.423	70.00	0.285
333.163	0.05	Adapter 2423Hz Probe 3839Hz	45	2.423	70.00	0.285
333.243	0.05	Adapter 2423Hz Probe 3839Hz	45	2.423	70.00	0.285
333.323	0.05	Adapter 2423Hz Probe 3839Hz	45	3.839	70.00	0.437
333.503	0.05	Adapter 2423Hz Probe 3839Hz	45	2.423	70.00	0.285
333.583	0.05	Adapter 2423Hz Probe 3839Hz	45	2.423	70.00	0.285
333.663	0.05	Adapter 2423Hz Probe 3839Hz	45	2.423	70.00	0.285
333.743	0.05	Adapter 2423Hz Probe 3839Hz	45	2.423	70.00	0.285
333.823	0.05	Adapter 2423Hz Probe 3839Hz	45	3.839	70.00	0.437
334.003	0.05	Adapter 2423Hz Probe 3839Hz	45	2.423	70.00	0.285
334.083	0.05	Adapter 2423Hz Probe 3839Hz	45	2.423	70.00	0.285
334.163	0.05	Adapter 2423Hz Probe 3839Hz	45	2.423	70.00	0.285
334.243	0.05	Adapter 2423Hz Probe 3839Hz	45	2.423	70.00	0.285
334.323	0.05	Adapter 2423Hz Probe 3839Hz	45	3.839	70.00	0.437
334.503	0.05	Adapter 2423Hz Probe 3839Hz	45	2.423	70.00	0.285
334.583	0.05	Adapter 2423Hz Probe 3839Hz	45	2.423	70.00	0.285
334.663	0.05	Adapter 2423Hz Probe 3839Hz	45	2.423	70.00	0.285
334.743	0.05	Adapter 2423Hz Probe 3839Hz	45	2.423	70.00	0.285
334.823	0.05	Adapter 2423Hz Probe 3839Hz	45	3.839	70.00	0.437
335.003	0.05	Adapter 2423Hz Probe 3839Hz	45	2.423	70.00	0.285
335.083	0.05	Adapter 2423Hz Probe 3839Hz	45	2.423	70.00	0.285
335.163	0.05	Adapter 2423Hz Probe 3839Hz	45	2.423	70.00	0.285
335.243	0.05	Adapter 2423Hz Probe 3839Hz	45	2.423	70.00	0.285
335.323	0.05	Adapter 2423Hz Probe 3839Hz	45	3.839	70.00	0.437
335.503	0.05	Adapter 2423Hz Probe 3839Hz	45	2.423	70.00	0.285
335.583	0.05	Adapter 2423Hz Probe 3839Hz	45	2.423	70.00	0.285
335.663	0.05	Adapter 2423Hz Probe 3839Hz	45	2.423	70.00	0.285
335.743	0.05	Adapter 2423Hz Probe 3839Hz	45	2.423	70.00	0.285
335.823	0.05	Adapter 2423Hz Probe 3839Hz	45	3.839	70.00	0.437
336.003	0.05	Adapter 2423Hz Probe 3839Hz	45	2.423	70.00	0.285
336.083	0.05	Adapter 2423Hz Probe 3839Hz	45	2.423	70.00	0.285
336.163	0.05	Adapter 2423Hz Probe 3839Hz	45	2.423	70.00	0.285
336.243	0.05	Adapter 2423Hz Probe 3839Hz	45	2.423	70.00	0.285
336.323	0.05	Adapter 2423Hz Probe 3839Hz	45	3.839	70.00	0.437
336.503	0.05	Adapter 2423Hz Probe 3839Hz	45	2.423	70.00	0.285
336.583	0.05	Adapter 2423Hz Probe 3839Hz	45	2.423	70.00	0.285
336.663	0.05	Adapter 2423Hz Probe 3839Hz	45	2.423	70.00	0.285
336.743	0.05	Adapter 2423Hz Probe 3839Hz	45	2.423	70.00	0.285
336.823	0.05	Adapter 2423Hz Probe 3839Hz	45	3.839	70.00	0.437
337.003	0.05	Adapter 2423Hz Probe 3839Hz	45	2.423	70.00	0.285
337.083	0.05	Adapter 2423Hz Probe 3839Hz	45	2.423	70.00	0.285
337.163	0.05	Adapter 2423Hz Probe 3839Hz	45	2.423	70.00	0.285
337.243	0.05	Adapter 2423Hz Probe 3839Hz	45	2.423	70.00	0.285
337.323	0.05	Adapter 2423Hz Probe 3839Hz	45	3.839	70.00	0.437
347.541	0.05	Adapter 507Hz Probe 3839Hz	47	0.507	70.00	0.079
347.621	0.05	Adapter 507Hz Probe 3839Hz	47	0.507	70.00	0.079
347.701	0.05	Adapter 507Hz Probe 3839Hz	47	0.507	70.00	0.079
347.781	0.05	Adapter 507Hz Probe 3839Hz	47	0.507	70.00	0.079
347.861	0.05	Adapter 507Hz Probe 3839Hz	47	3.839	70.00	0.437
348.041	0.05	Adapter 507Hz Probe 3839Hz	47	0.507	70.00	0.079
348.121	0.05	Adapter 507Hz Probe 3839Hz	47	0.507	70.00	0.079
348.201	0.05	Adapter 507Hz Probe 3839Hz	47	0.507	70.00	0.079
348.281	0.05	Adapter 507Hz Probe 3839Hz	47	0.507	70.00	0.079
348.361	0.05	Adapter 507Hz Probe 3839Hz	47	3.839	70.00	0.437
348.541	0.05	Adapter 507Hz Probe 3839Hz	47	0.507	70.00	0.079
348.621	0.05	Adapter 507Hz Probe 3839Hz	47	0.507	70.00	0.079
348.701	0.05	Adapter 507Hz Probe 3839Hz	47	0.507	70.00	0.079
348.781	0.05	Adapter 507Hz Probe 3839Hz	47	0.507	70.00	0.079
348.861	0.05	Adapter 507Hz Probe 3839Hz	47	3.839	70.00	0.437
349.041	0.05	Adapter 507Hz Probe 3839Hz	47	0.507	70.00	0.079
349.121	0.05	Adapter 507Hz Probe 3839Hz	47	0.507	70.00	0.079
349.201	0.05	Adapter 507Hz Probe 3839Hz	47	0.507	70.00	0.079
349.281	0.05	Adapter 507Hz Probe 3839Hz	47	0.507	70.00	0.079
349.361	0.05	Adapter 507Hz Probe 3839Hz	47	3.839	70.00	0.437
349.541	0.05	Adapter 507Hz Probe 3839Hz	47	0.507	70.00	0.079
349.621	0.05	Adapter 507Hz Probe 3839Hz	47	0.507	70.00	0.079
349.701	0.05	Adapter 507Hz Probe 3839Hz	47	0.507	70.00	0.079
349.781	0.05	Adapter 507Hz Probe 3839Hz	47	0.507	70.00	0.079
349.861	0.05	Adapter 507Hz Probe 3839Hz	47	3.839	70.00	0.437
350.041	0.05	Adapter 507Hz Probe 3839Hz	47	0.507	70.00	0.079
350.121	0.05	Adapter 507Hz Probe 3839Hz	47	0.507	70.00	0.079
350.201	0.05	Adapter 507Hz Probe 3839Hz	47	0.507	70.00	0.079
350.281	0.05	Adapter 507Hz Probe 3839Hz	47	0.507	70.00	0.079
350.361	0.05	Adapter 507Hz Probe 3839Hz	47	3.839	70.00	0.437
350.541	0.05	Adapter 507Hz Probe 3839Hz	47	0.507	70.00	0.079
350.621	0.05	Adapter 507Hz Probe 3839Hz	47	0.507	70.00	0.079
350.701	0.05	Adapter 507Hz Probe 3839Hz	47	0.507	70.00	0.079
350.781	0.05	Adapter 507Hz Probe 3839Hz	47	0.507	70.00	0.079
350.861	0.05	Adapter 507Hz Probe 3839Hz	47	3.839	70.00	0.437
351.041	0.05	Adapter 507Hz Probe 3839Hz	47	0.507	70.00	0.079
351.121	0.05	Adapter 507Hz Probe 3839Hz	47	0.507	70.00	0.079
351.201	0.05	Adapter 507Hz Probe 3839Hz	47	0.507	70.00	0.079
351.281	0.05	Adapter 507Hz Probe 3839Hz	47	0.507	70.00	0.079
351.361	0.05	Adapter 507Hz Probe 3839Hz	47	3.839	70.00	0.437
351.541	0.05	Adapter 507Hz Probe 3839Hz	47	0.507	70.00	0.079
351.621	0.05	Adapter 507Hz Probe 3839Hz	47	0.507	70.00	0.079
351.701	0.05	Adapter 507Hz Probe 3839Hz	47	0.507	70.00	0.079
351.781	0.05	Adapter 507Hz Probe 3839Hz	47	0.507	70.00	0.079
351.861	0.05	Adapter 507Hz Probe 3839Hz	47	3.839	70.00	0.437
352.041	0.05	Adapter 507Hz Probe 3839Hz	47	0.507	70.00	0.079
352.121	0.05	Adapter 507Hz Probe 3839Hz	47	0.507	70.00	0.079
352.201	0.05	Adapter 507Hz Probe 3839Hz	47	0.507	70.00	0.079
352.281	0.05	Adapter 507Hz Probe 3839Hz	47	0.507	70.00	0.079
352.361	0.05	Adapter 507Hz Probe 3839Hz	47	3.839	70.00	0.437
355.014	0.05	Adapter 899Hz	48	0.899	70.00	0.121
355.094	0.05	Adapter 899Hz	48	0.899	70.00	0.121
355.174	0.05	Adapter 899Hz	48	0.899	70.00	0.121
355.254	0.05	Adapter 899Hz	48	0.899	70.00	0.121
355.514	0.05	Adapter 899Hz	48	0.899	70.00	0.121
355.594	0.05	Adapter 899Hz	48	0.899	70.00	0.121
355.674	0.05	Adapter 899Hz	48	0.899	70.00	0.121
355.754	0.05	Adapter 899Hz	48	0.899	70.00	0.121
356.014	0.05	Adapter 899Hz	48	0.899	70.00	0.121
356.094	0.05	Adapter 899Hz	48	0.899	70.00	0.121
356.174	0.05	Adapter 899Hz	48	0.899	70.00	0.121
356.254	0.05	Adapter 899Hz	48	0.899	70.00	0.121
356.514	0.05	Adapter 899Hz	48	0.899	70.00	0.121
356.594	0.05	Adapter 899Hz	48	0.899	70.00	0.121
356.674	0.05	Adapter 899Hz	48	0.899	70.00	0.121
356.754	0.05	Adapter 899Hz	48	0.899	70.00	0.121
357.014	0.05	Adapter 899Hz	48	0.899	70.00	0.121
357.094	0.05	Adapter 899Hz	48	0.899	70.00	0.121
357.174	0.05	Adapter 899Hz	48	0.899	70.00	0.121
357.254	0.05	Adapter 899Hz	48	0.899	70.00	0.121
357.514	0.05	Adapter 899Hz	48	0.899	70.00	0.121
357.594	0.05	Adapter 899Hz	48	0.899	70.00	0.121
357.674	0.05	Adapter 899Hz	48	0.899	70.00	0.121
357.754	0.05	Adapter 899Hz	48	0.899	70.00	0.121
358.014	0.05	Adapter 899Hz	48	0.899	70.00	0.121
358.094	0.05	Adapter 899Hz	48	0.899	70.00	0.121
358.174	0.05	Adapter 899Hz	48	0.899	70.00	0.121
358.254	0.05	Adapter 899Hz	48	0.899	70.00	0.121
358.514	0.05	Adapter 899Hz	48	0.899	70.00	0.121
358.594	0.05	Adapter 899Hz	48	0.899	70.00	0.121
358.674	0.05	Adapter 899Hz	48	0.899	70.00	0.121
358.754	0.05	Adapter 899Hz	48	0.899	70.00	0.121
359.014	0.05	Adapter 899Hz	48	0.899	70.00	0.121
359.094	0.05	Adapter 899Hz	48	0.899	70.00	0.121
359.174	0.05	Adapter 899Hz	48	0.899	70.00	0.121
359.254	0.05	Adapter 899Hz	48	0.899	70.00	0.121
359.514	0.05	Adapter 899Hz	48	0.899	70.00	0.121
359.594	0.05	Adapter 899Hz	48	0.899	70.00	0.121
359.674	0.05	Adapter 899Hz	48	0.899	70.00	0.121
359.754	0.05	Adapter 899Hz	48	0.899	70.00	0.121
362.486	0.05	Adapter 1501Hz	49	1.501	70.00	0.186
362.566	0.05	Adapter 1501Hz	49	1.501	70.00	0.186
362.646	0.05	Adapter 1501Hz	49	1.501	70.00	0.186
362.726	0.05	Adapter 1501Hz	49	1.501	70.00	0.186
362.986	0.05	Adapter 1501Hz	49	1.501	70.00	0.186
363.066	0.05	Adapter 1501Hz	49	1.501	70.00	0.186
363.146	0.05	Adapter 1501Hz	49	1.501	70.00	0.186
363.226	0.05	Adapter 1501Hz	49	1.501	70.00	0.186
363.486	0.05	Adapter 1501Hz	49	1.501	70.00	0.186
363.566	0.05	Adapter 1501Hz	49	1.501	70.00	0.186
363.646	0.05	Adapter 1501Hz	49	1.501	70.00	0.186
363.726	0.05	Adapter 1501Hz	49	1.501	70.00	0.186
363.986	0.05	Adapter 1501Hz	49	1.501	70.00	0.186
364.066	0.05	Adapter 1501Hz	49	1.501	70.00	0.186
364.146	0.05	Adapter 1501Hz	49	1.501	70.00	0.186
364.226	0.05	Adapter 1501Hz	49	1.501	70.00	0.186
364.486	0.05	Adapter 1501Hz	49	1.501	70.00	0.186
364.566	0.05	Adapter 1501Hz	49	1.501	70.00	0.186
364.646	0.05	Adapter 1501Hz	49	1.501	70.00	0.186
364.726	0.05	Adapter 1501Hz	49	1.501	70.00	0.186
364.986	0.05	Adapter 1501Hz	49	1.501	70.00	0.186
365.066	0.05	Adapter 1501Hz	49	1.501	70.00	0.186
365.146	0.05	Adapter 1501Hz	49	1.501	70.00	0.186
365.226	0.05	Adapter 1501Hz	49	1.501	70.00	0.186
365.486	0.05	Adapter 1501Hz	49	1.501	70.00	0.186
365.566	0.05	Adapter 1501Hz	49	1.501	70.00	0.186
365.646	0.05	Adapter 1501Hz	49	1.501	70.00	0.186
365.726	0.05	Adapter 1501Hz	49	1.501	70.00	0.186
365.986	0.05	Adapter 1501Hz	49	1.501	70.00	0.186
366.066	0.05	Adapter 1501Hz	49	1.501	70.00	0.186
366.146	0.05	Adapter 1501Hz	49	1.501	70.00	0.186
366.226	0.05	Adapter 1501Hz	49	1.501	70.00	0.186
366.486	0.05	Adapter 1501Hz	49	1.501	70.00	0.186
366.566	0.05	Adapter 1501Hz	49	1.501	70.00	0.186
366.646	0.05	Adapter 1501Hz	49	1.501	70.00	0.186
366.726	0.05	Adapter 1501Hz	49	1.501	70.00	0.186
366.986	0.05	Adapter 1501Hz	49	1.501	70.00	0.186
367.066	0.05	Adapter 1501Hz	49	1.501	70.00	0.186
367.146	0.05	Adapter 1501Hz	49	1.501	70.00	0.186
367.226	0.05	Adapter 1501Hz	49	1.501	70.00	0.186
370.037	0.05	Adapter 899Hz Probe 3839Hz	50	0.899	70.00	0.121
370.117	0.05	Adapter 899Hz Probe 3839Hz	50	0.899	70.00	0.121
370.197	0.05	Adapter 899Hz Probe 3839Hz	50	0.899	70.00	0.121
370.277	0.05	Adapter 899Hz Probe 3839Hz	50	0.899	70.00	0.121
370.357	0.05	Adapter 899Hz Probe 3839Hz	50	3.839	70.00	0.437
370.537	0.05	Adapter 899Hz Probe 3839Hz	50	0.899	70.00	0.121
370.617	0.05	Adapter 899Hz Probe 3839Hz	50	0.899	70.00	0.121
370.697	0.05	Adapter 899Hz Probe 3839Hz	50	0.899	70.00	0.121
370.777	0.05	Adapter 899Hz Probe 3839Hz	50	0.899	70.00	0.121
370.857	0.05	Adapter 899Hz Probe 3839Hz	50	3.839	70.00	0.437
371.037	0.05	Adapter 899Hz Probe 3839Hz	50	0.899	70.00	0.121
371.117	0.05	Adapter 899Hz Probe 3839Hz	50	0.899	70.00	0.121
371.197	0.05	Adapter 899Hz Probe 3839Hz	50	0.899	70.00	0.121
371.277	0.05	Adapter 899Hz Probe 3839Hz	50	0.899	70.00	0.121
371.357	0.05	Adapter 899Hz Probe 3839Hz	50	3.839	70.00	0.437
371.537	0.05	Adapter 899Hz Probe 3839Hz	50	0.899	70.00	0.121
371.617	0.05	Adapter 899Hz Probe 3839Hz	50	0.899	70.00	0.121
371.697	0.05	Adapter 899Hz Probe 3839Hz	50	0.899	70.00	0.121
371.777	0.05	Adapter 899Hz Probe 3839Hz	50	0.899	70.00	0.121
371.857	0.05	Adapter 899Hz Probe 3839Hz	50	3.839	70.00	0.437
372.037	0.05	Adapter 899Hz Probe 3839Hz	50	0.899	70.00	0.121
372.117	0.05	Adapter 899Hz Probe 3839Hz	50	0.899	70.00	0.121
372.197	0.05	Adapter 899Hz Probe 3839Hz	50	0.899	70.00	0.121
372.277	0.05	Adapter 899Hz Probe 3839Hz	50	0.899	70.00	0.121
372.357	0.05	Adapter 899Hz Probe 3839Hz	50	3.839	70.00	0.437
372.537	0.05	Adapter 899Hz Probe 3839Hz	50	0.899	70.00	0.121
372.617	0.05	Adapter 899Hz Probe 3839Hz	50	0.899	70.00	0.121
372.697	0.05	Adapter 899Hz Probe 3839Hz	50	0.899	70.00	0.121
372.777	0.05	Adapter 899Hz Probe 3839Hz	50	0.899	70.00	0.121
372.857	0.05	Adapter 899Hz Probe 3839Hz	50	3.839	70.00	0.437
373.037	0.05	Adapter 899Hz Probe 3839Hz	50	0.899	70.00	0.121
373.117	0.05	Adapter 899Hz Probe 3839Hz	50	0.899	70.00	0.121
373.197	0.05	Adapter 899Hz Probe 3839Hz	50	0.899	70.00	0.121
373.277	0.05	Adapter 899Hz Probe 3839Hz	50	0.899	70.00	0.121
373.357	0.05	Adapter 899Hz Probe 3839Hz	50	3.839	70.00	0.437
373.537	0.05	Adapter 899Hz Probe 3839Hz	50	0.899	70.00	0.121
373.617	0.05	Adapter 899Hz Probe 3839Hz	50	0.899	70.00	0.121
373.697	0.05	Adapter 899Hz Probe 3839Hz	50	0.899	70.00	0.121
373.777	0.05	Adapter 899Hz Probe 3839Hz	50	0.899	70.00	0.121
373.857	0.05	Adapter 899Hz Probe 3839Hz	50	3.839	70.00	0.437
374.037	0.05	Adapter 899Hz Probe 3839Hz	50	0.899	70.00	0.121
374.117	0.05	Adapter 899Hz Probe 3839Hz	50	0.899	70.00	0.121
374.197	0.05	Adapter 899Hz Probe 3839Hz	50	0.899	70.00	0.121
374.277	0.05	Adapter 899Hz Probe 3839Hz	50	0.899	70.00	0.121
374.357	0.05	Adapter 899Hz Probe 3839Hz	50	3.839	70.00	0.437
374.537	0.05	Adapter 899Hz Probe 3839Hz	50	0.899	70.00	0.121
374.617	0.05	Adapter 899Hz Probe 3839Hz	50	0.899	70.00	0.121
374.697	0.05	Adapter 899Hz Probe 3839Hz	50	0.899	70.00	0.121
374.777	0.05	Adapter 899Hz Probe 3839Hz	50	0.899	70.00	0.121
374.857	0.05	Adapter 899Hz Probe 3839Hz	50	3.839	70.00	0.437
377.525	0.05	Adapter 1501Hz Probe 3839Hz	51	1.501	70.00	0.186
377.605	0.05	Adapter 1501Hz Probe 3839Hz	51	1.501	70.00	0.186
377.685	0.05	Adapter 1501Hz Probe 3839Hz	51	1.501	70.00	0.186
377.765	0.05	Adapter 1501Hz Probe 3839Hz	51	1.501	70.00	0.186
377.845	0.05	Adapter 1501Hz Probe 3839Hz	51	3.839	70.00	0.437
378.025	0.05	Adapter 1501Hz Probe 3839Hz	51	1.501	70.00	0.186
378.105	0.05	Adapter 1501Hz Probe 3839Hz	51	1.501	70.00	0.186
378.185	0.05	Adapter 1501Hz Probe 3839Hz	51	1.501	70.00	0.186
378.265	0.05	Adapter 1501Hz Probe 3839Hz	51	1.501	70.00	0.186
378.345	0.05	Adapter 1501Hz Probe 3839Hz	51	3.839	70.00	0.437
378.525	0.05	Adapter 1501Hz Probe 3839Hz	51	1.501	70.00	0.186
378.605	0.05	Adapter 1501Hz Probe 3839Hz	51	1.501	70.00	0.186
378.685	0.05	Adapter 1501Hz Probe 3839Hz	51	1.501	70.00	0.186
378.765	0.05	Adapter 1501Hz Probe 3839Hz	51	1.501	70.00	0.186
378.845	0.05	Adapter 1501Hz Probe 3839Hz	51	3.839	70.00	0.437
379.025	0.05	Adapter 1501Hz Probe 3839Hz	51	1.501	70.00	0.186
379.105	0.05	Adapter 1501Hz Probe 3839Hz	51	1.501	70.00	0.186
379.185	0.05	Adapter 1501Hz Probe 3839Hz	51	1.501	70.00	0.186
379.265	0.05	Adapter 1501Hz Probe 3839Hz	51	1.501	70.00	0.186
379.345	0.05	Adapter 1501Hz Probe 3839Hz	51	3.839	70.00	0.437
379.525	0.05	Adapter 1501Hz Probe 3839Hz	51	1.501	70.00	0.186
379.605	0.05	Adapter 1501Hz Probe 3839Hz	51	1.501	70.00	0.186
379.685	0.05	Adapter 1501Hz Probe 3839Hz	51	1.501	70.00	0.186
379.765	0.05	Adapter 1501Hz Probe 3839Hz	51	1.501	70.00	0.186
379.845	0.05	Adapter 1501Hz Probe 3839Hz	51	3.839	70.00	0.437
380.025	0.05	Adapter 1501Hz Probe 3839Hz	51	1.501	70.00	0.186
380.105	0.05	Adapter 1501Hz Probe 3839Hz	51	1.501	70.00	0.186
380.185	0.05	Adapter 1501Hz Probe 3839Hz	51	1.501	70.00	0.186
380.265	0.05	Adapter 1501Hz Probe 3839Hz	51	1.501	70.00	0.186
380.345	0.05	Adapter 1501Hz Probe 3839Hz	51	3.839	70.00	0.437
380.525	0.05	Adapter 1501Hz Probe 3839Hz	51	1.501	70.00	0.186
380.605	0.05	Adapter 1501Hz Probe 3839Hz	51	1.501	70.00	0.186
380.685	0.05	Adapter 1501Hz Probe 3839Hz	51	1.501	70.00	0.186
380.765	0.05	Adapter 1501Hz Probe 3839Hz	51	1.501	70.00	0.186
380.845	0.05	Adapter 1501Hz Probe 3839Hz	51	3.839	70.00	0.437
381.025	0.05	Adapter 1501Hz Probe 3839Hz	51	1.501	70.00	0.186
381.105	0.05	Adapter 1501Hz Probe 3839Hz	51	1.501	70.00	0.186
381.185	0.05	Adapter 1501Hz Probe 3839Hz	51	1.501	70.00	0.186
381.265	0.05	Adapter 1501Hz Probe 3839Hz	51	1.501	70.00	0.186
381.345	0.05	Adapter 1501Hz Probe 3839Hz	51	3.839	70.00	0.437
381.525	0.05	Adapter 1501Hz Probe 3839Hz	51	1.501	70.00	0.186
381.605	0.05	Adapter 1501Hz Probe 3839Hz	51	1.501	70.00	0.186
381.685	0.05	Adapter 1501Hz Probe 3839Hz	51	1.501	70.00	0.186
381.765	0.05	Adapter 1501Hz Probe 3839Hz	51	1.501	70.00	0.186
381.845	0.05	Adapter 1501Hz Probe 3839Hz	51	3.839	70.00	0.437
382.025	0.05	Adapter 1501Hz Probe 3839Hz	51	1.501	70.00	0.186
382.105	0.05	Adapter 1501Hz Probe 3839Hz	51	1.501	70.00	0.186
382.185	0.05	Adapter 1501Hz Probe 3839Hz	51	1.501	70.00	0.186
382.265	0.05	Adapter 1501Hz Probe 3839Hz	51	1.501	70.00	0.186
382.345	0.05	Adapter 1501Hz Probe 3839Hz	51	3.839	70.00	0.437
407.508	0.05	Adapter 2423Hz	55	2.423	70.00	0.285
407.588	0.05	Adapter 2423Hz	55	2.423	70.00	0.285
407.668	0.05	Adapter 2423Hz	55	2.423	70.00	0.285
407.748	0.05	Adapter 2423Hz	55	2.423	70.00	0.285
408.008	0.05	Adapter 2423Hz	55	2.423	70.00	0.285
408.088	0.05	Adapter 2423Hz	55	2.423	70.00	0.285
408.168	0.05	Adapter 2423Hz	55	2.423	70.00	0.285
408.248	0.05	Adapter 2423Hz	55	2.423	70.00	0.285
408.508	0.05	Adapter 2423Hz	55	2.423	70.00	0.285
408.588	0.05	Adapter 2423Hz	55	2.423	70.00	0.285
408.668	0.05	Adapter 2423Hz	55	2.423	70.00	0.285
408.748	0.05	Adapter 2423Hz	55	2.423	70.00	0.285
409.008	0.05	Adapter 2423Hz	55	2.423	70.00	0.285
409.088	0.05	Adapter 2423Hz	55	2.423	70.00	0.285
409.168	0.05	Adapter 2423Hz	55	2.423	70.00	0.285
409.248	0.05	Adapter 2423Hz	55	2.423	70.00	0.285
409.508	0.05	Adapter 2423Hz	55	2.423	70.00	0.285
409.588	0.05	Adapter 2423Hz	55	2.423	70.00	0.285
409.668	0.05	Adapter 2423Hz	55	2.423	70.00	0.285
409.748	0.05	Adapter 2423Hz	55	2.423	70.00	0.285
410.008	0.05	Adapter 2423Hz	55	2.423	70.00	0.285
410.088	0.05	Adapter 2423Hz	55	2.423	70.00	0.285
410.168	0.05	Adapter 2423Hz	55	2.423	70.00	0.285
410.248	0.05	Adapter 2423Hz	55	2.423	70.00	0.285
410.508	0.05	Adapter 2423Hz	55	2.423	70.00	0.285
410.588	0.05	Adapter 2423Hz	55	2.423	70.00	0.285
410.668	0.05	Adapter 2423Hz	55	2.423	70.00	0.285
410.748	0.05	Adapter 2423Hz	55	2.423	70.00	0.285
411.008	0.05	Adapter 2423Hz	55	2.423	70.00	0.285
411.088	0.05	Adapter 2423Hz	55	2.423	70.00	0.285
411.168	0.05	Adapter 2423Hz	55	2.423	70.00	0.285
411.248	0.05	Adapter 2423Hz	55	2.423	70.00	0.285
411.508	0.05	Adapter 2423Hz	55	2.423	70.00	0.285
411.588	0.05	Adapter 2423Hz	55	2.423	70.00	0.285
411.668	0.05	Adapter 2423Hz	55	2.423	70.00	0.285
411.748	0.05	Adapter 2423Hz	55	2.423	70.00	0.285
412.008	0.05	Adapter 2423Hz	55	2.423	70.00	0.285
412.088	0.05	Adapter 2423Hz	55	2.423	70.00	0.285
412.168	0.05	Adapter 2423Hz	55	2.423	70.00	0.285
412.248	0.05	Adapter 2423Hz	55	2.423	70.00	0.285
415.043	0.05	Adapter 3839Hz	56	3.839	70.00	0.437
415.123	0.05	Adapter 3839Hz	56	3.839	70.00	0.437
415.203	0.05	Adapter 3839Hz	56	3.839	70.00	0.437
415.283	0.05	Adapter 3839Hz	56	3.839	70.00	0.437
415.543	0.05	Adapter 3839Hz	56	3.839	70.00	0.437
415.623	0.05	Adapter 3839Hz	56	3.839	70.00	0.437
415.703	0.05	Adapter 3839Hz	56	3.839	70.00	0.437
415.783	0.05	Adapter 3839Hz	56	3.839	70.00	0.437
416.043	0.05	Adapter 3839Hz	56	3.839	70.00	0.437
416.123	0.05	Adapter 3839Hz	56	3.839	70.00	0.437
416.203	0.05	Adapter 3839Hz	56	3.839	70.00	0.437
416.283	0.05	Adapter 3839Hz	56	3.839	70.00	0.437
416.543	0.05	Adapter 3839Hz	56	3.839	70.00	0.437
416.623	0.05	Adapter 3839Hz	56	3.839	70.00	0.437
416.703	0.05	Adapter 3839Hz	56	3.839	70.00	0.437
416.783	0.05	Adapter 3839Hz	56	3.839	70.00	0.437
417.043	0.05	Adapter 3839Hz	56	3.839	70.00	0.437
417.123	0.05	Adapter 3839Hz	56	3.839	70.00	0.437
417.203	0.05	Adapter 3839Hz	56	3.839	70.00	0.437
417.283	0.05	Adapter 3839Hz	56	3.839	70.00	0.437
417.543	0.05	Adapter 3839Hz	56	3.839	70.00	0.437
417.623	0.05	Adapter 3839Hz	56	3.839	70.00	0.437
417.703	0.05	Adapter 3839Hz	56	3.839	70.00	0.437
417.783	0.05	Adapter 3839Hz	56	3.839	70.00	0.437
418.043	0.05	Adapter 3839Hz	56	3.839	70.00	0.437
418.123	0.05	Adapter 3839Hz	56	3.839	70.00	0.437
418.203	0.05	Adapter 3839Hz	56	3.839	70.00	0.437
418.283	0.05	Adapter 3839Hz	56	3.839	70.00	0.437
418.543	0.05	Adapter 3839Hz	56	3.839	70.00	0.437
418.623	0.05	Adapter 3839Hz	56	3.839	70.00	0.437
418.703	0.05	Adapter 3839Hz	56	3.839	70.00	0.437
418.783	0.05	Adapter 3839Hz	56	3.839	70.00	0.437
419.043	0.05	Adapter 3839Hz	56	3.839	70.00	0.437
419.123	0.05	Adapter 3839Hz	56	3.839	70.00	0.437
419.203	0.05	Adapter 3839Hz	56	3.839	70.00	0.437
419.283	0.05	Adapter 3839Hz	56	3.839	70.00	0.437
419.543	0.05	Adapter 3839Hz	56	3.839	70.00	0.437
419.623	0.05	Adapter 3839Hz	56	3.839	70.00	0.437
419.703	0.05	Adapter 3839Hz	56	3.839	70.00	0.437
419.783	0.05	Adapter 3839Hz	56	3.839	70.00	0.437
422.515	0.05	Adapter 251Hz	57	0.251	70.00	0.052
422.595	0.05	Adapter 251Hz	57	0.251	70.00	0.052
422.675	0.05	Adapter 251Hz	57	0.251	70.00	0.052
422.755	0.05	Adapter 251Hz	57	0.251	70.00	0.052
423.015	0.05	Adapter 251Hz	57	0.251	70.00	0.052
423.095	0.05	Adapter 251Hz	57	0.251	70.00	0.052
423.175	0.05	Adapter 251Hz	57	0.251	70.00	0.052
423.255	0.05	Adapter 251Hz	57	0.251	70.00	0.052
423.515	0.05	Adapter 251Hz	57	0.251	70.00	0.052
423.595	0.05	Adapter 251Hz	57	0.251	70.00	0.052
423.675	0.05	Adapter 251Hz	57	0.251	70.00	0.052
423.755	0.05	Adapter 251Hz	57	0.251	70.00	0.052
424.015	0.05	Adapter 251Hz	57	0.251	70.00	0.052
424.095	0.05	Adapter 251Hz	57	0.251	70.00	0.052
424.175	0.05	Adapter 251Hz	57	0.251	70.00	0.052
424.255	0.05	Adapter 251Hz	57	0.251	70.00	0.052
424.515	0.05	Adapter 251Hz	57	0.251	70.00	0.052
424.595	0.05	Adapter 251Hz	57	0.251	70.00	0.052
424.675	0.05	Adapter 251Hz	57	0.251	70.00	0.052
424.755	0.05	Adapter 251Hz	57	0.251	70.00	0.052
425.015	0.05	Adapter 251Hz	57	0.251	70.00	0.052
425.095	0.05	Adapter 251Hz	57	0.251	70.00	0.052
425.175	0.05	Adapter 251Hz	57	0.251	70.00	0.052
425.255	0.05	Adapter 251Hz	57	0.251	70.00	0.052
425.515	0.05	Adapter 251Hz	57	0.251	70.00	0.052
425.595	0.05	Adapter 251Hz	57	0.251	70.00	0.052
425.675	0.05	Adapter 251Hz	57	0.251	70.00	0.052
425.755	0.05	Adapter 251Hz	57	0.251	70.00	0.052
426.015	0.05	Adapter 251Hz	57	0.251	70.00	0.052
426.095	0.05	Adapter 251Hz	57	0.251	70.00	0.052
426.175	0.05	Adapter 251Hz	57	0.251	70.00	0.052
426.255	0.05	Adapter 251Hz	57	0.251	70.00	0.052
426.515	0.05	Adapter 251Hz	57	0.251	70.00	0.052
426.595	0.05	Adapter 251Hz	57	0.251	70.00	0.052
426.675	0.05	Adapter 251Hz	57	0.251	70.00	0.052
426.755	0.05	Adapter 251Hz	57	0.251	70.00	0.052
427.015	0.05	Adapter 251Hz	57	0.251	70.00	0.052
427.095	0.05	Adapter 251Hz	57	0.251	70.00	0.052
427.175	0.05	Adapter 251Hz	57	0.251	70.00	0.052
427.255	0.05	Adapter 251Hz	57	0.251	70.00	0.052
429.988	0.05	Adapter 507Hz	58	0.507	70.00	0.079
430.068	0.05	Adapter 507Hz	58	0.507	70.00	0.079
430.148	0.05	Adapter 507Hz	58	0.507	70.00	0.079
430.228	0.05	Adapter 507Hz	58	0.507	70.00	0.079
430.488	0.05	Adapter 507Hz	58	0.507	70.00	0.079
430.568	0.05	Adapter 507Hz	58	0.507	70.00	0.079
430.648	0.05	Adapter 507Hz	58	0.507	70.00	0.079
430.728	0.05	Adapter 507Hz	58	0.507	70.00	0.079
430.988	0.05	Adapter 507Hz	58	0.507	70.00	0.079
431.068	0.05	Adapter 507Hz	58	0.507	70.00	0.079
431.148	0.05	Adapter 507Hz	58	0.507	70.00	0.079
431.228	0.05	Adapter 507Hz	58	0.507	70.00	0.079
431.488	0.05	Adapter 507Hz	58	0.507	70.00	0.079
431.568	0.05	Adapter 507Hz	58	0.507	70.00	0.079
431.648	0.05	Adapter 507Hz	58	0.507	70.00	0.079
431.728	0.05	Adapter 507Hz	58	0.507	70.00	0.079
431.988	0.05	Adapter 507Hz	58	0.507	70.00	0.079
432.068	0.05	Adapter 507Hz	58	0.507	70.00	0.079
432.148	0.05	Adapter 507Hz	58	0.507	70.00	0.079
432.228	0.05	Adapter 507Hz	58	0.507	70.00	0.079
432.488	0.05	Adapter 507Hz	58	0.507	70.00	0.079
432.568	0.05	Adapter 507Hz	58	0.507	70.00	0.079
432.648	0.05	Adapter 507Hz	58	0.507	70.00	0.079
432.728	0.05	Adapter 507Hz	58	0.507	70.00	0.079
432.988	0.05	Adapter 507Hz	58	0.507	70.00	0.079
433.068	0.05	Adapter 507Hz	58	0.507	70.00	0.079
433.148	0.05	Adapter 507Hz	58	0.507	70.00	0.079
433.228	0.05	Adapter 507Hz	58	0.507	70.00	0.079
433.488	0.05	Adapter 507Hz	58	0.507	70.00	0.079
433.568	0.05	Adapter 507Hz	58	0.507	70.00	0.079
433.648	0.05	Adapter 507Hz	58	0.507	70.00	0.079
433.728	0.05	Adapter 507Hz	58	0.507	70.00	0.079
433.988	0.05	Adapter 507Hz	58	0.507	70.00	0.079
434.068	0.05	Adapter 507Hz	58	0.507	70.00	0.079
434.148	0.05	Adapter 507Hz	58	0.507	70.00	0.079
434.228	0.05	Adapter 507Hz	58	0.507	70.00	0.079
434.488	0.05	Adapter 507Hz	58	0.507	70.00	0.079
434.568	0.05	Adapter 507Hz	58	0.507	70.00	0.079
434.648	0.05	Adapter 507Hz	58	0.507	70.00	0.079
434.728	0.05	Adapter 507Hz	58	0.507	70.00	0.079
437.522	0.05	Adapter 899Hz	59	0.899	70.00	0.121
437.602	0.05	Adapter 899Hz	59	0.899	70.00	0.121
437.682	0.05	Adapter 899Hz	59	0.899	70.00	0.121
437.762	0.05	Adapter 899Hz	59	0.899	70.00	0.121
438.022	0.05	Adapter 899Hz	59	0.899	70.00	0.121
438.102	0.05	Adapter 899Hz	59	0.899	70.00	0.121
438.182	0.05	Adapter 899Hz	59	0.899	70.00	0.121
438.262	0.05	Adapter 899Hz	59	0.899	70.00	0.121
438.522	0.05	Adapter 899Hz	59	0.899	70.00	0.121
438.602	0.05	Adapter 899Hz	59	0.899	70.00	0.121
438.682	0.05	Adapter 899Hz	59	0.899	70.00	0.121
438.762	0.05	Adapter 899Hz	59	0.899	70.00	0.121
439.022	0.05	Adapter 899Hz	59	0.899	70.00	0.121
439.102	0.05	Adapter 899Hz	59	0.899	70.00	0.121
439.182	0.05	Adapter 899Hz	59	0.899	70.00	0.121
439.262	0.05	Adapter 899Hz	59	0.899	70.00	0.121
439.522	0.05	Adapter 899Hz	59	0.899	70.00	0.121
439.602	0.05	Adapter 899Hz	59	0.899	70.00	0.121
439.682	0.05	Adapter 899Hz	59	0.899	70.00	0.121
439.762	0.05	Adapter 899Hz	59	0.899	70.00	0.121
440.022	0.05	Adapter 899Hz	59	0.899	70.00	0.121
440.102	0.05	Adapter 899Hz	59	0.899	70.00	0.121
440.182	0.05	Adapter 899Hz	59	0.899	70.00	0.121
440.262	0.05	Adapter 899Hz	59	0.899	70.00	0.121
440.522	0.05	Adapter 899Hz	59	0.899	70.00	0.121
440.602	0.05	Adapter 899Hz	59	0.899	70.00	0.121
440.682	0.05	Adapter 899Hz	59	0.899	70.00	0.121
440.762	0.05	Adapter 899Hz	59	0.899	70.00	0.121
441.022	0.05	Adapter 899Hz	59	0.899	70.00	0.121
441.102	0.05	Adapter 899Hz	59	0.899	70.00	0.121
441.182	0.05	Adapter 899Hz	59	0.899	70.00	0.121
441.262	0.05	Adapter 899Hz	59	0.899	70.00	0.121
441.522	0.05	Adapter 899Hz	59	0.899	70.00	0.121
441.602	0.05	Adapter 899Hz	59	0.899	70.00	0.121
441.682	0.05	Adapter 899Hz	59	0.899	70.00	0.121
441.762	0.05	Adapter 899Hz	59	0.899	70.00	0.121
442.022	0.05	Adapter 899Hz	59	0.899	70.00	0.121
442.102	0.05	Adapter 899Hz	59	0.899	70.00	0.121
442.182	0.05	Adapter 899Hz	59	0.899	70.00	0.121
442.262	0.05	Adapter 899Hz	59	0.899	70.00	0.121
445.01	0.05	Adapter 6009Hz	60	6.009	70.00	0.671
445.09	0.05	Adapter 6009Hz	60	6.009	70.00	0.671
445.17	0.05	Adapter 6009Hz	60	6.009	70.00	0.671
445.25	0.05	Adapter 6009Hz	60	6.009	70.00	0.671
445.51	0.05	Adapter 6009Hz	60	6.009	70.00	0.671
445.59	0.05	Adapter 6009Hz	60	6.009	70.00	0.671
445.67	0.05	Adapter 6009Hz	60	6.009	70.00	0.671
445.75	0.05	Adapter 6009Hz	60	6.009	70.00	0.671
446.01	0.05	Adapter 6009Hz	60	6.009	70.00	0.671
446.09	0.05	Adapter 6009Hz	60	6.009	70.00	0.671
446.17	0.05	Adapter 6009Hz	60	6.009	70.00	0.671
446.25	0.05	Adapter 6009Hz	60	6.009	70.00	0.671
446.51	0.05	Adapter 6009Hz	60	6.009	70.00	0.671
446.59	0.05	Adapter 6009Hz	60	6.009	70.00	0.671
446.67	0.05	Adapter 6009Hz	60	6.009	70.00	0.671
446.75	0.05	Adapter 6009Hz	60	6.009	70.00	0.671
447.01	0.05	Adapter 6009Hz	60	6.009	70.00	0.671
447.09	0.05	Adapter 6009Hz	60	6.009	70.00	0.671
447.17	0.05	Adapter 6009Hz	60	6.009	70.00	0.671
447.25	0.05	Adapter 6009Hz	60	6.009	70.00	0.671
447.51	0.05	Adapter 6009Hz	60	6.009	70.00	0.671
447.59	0.05	Adapter 6009Hz	60	6.009	70.00	0.671
447.67	0.05	Adapter 6009Hz	60	6.009	70.00	0.671
447.75	0.05	Adapter 6009Hz	60	6.009	70.00	0.671
448.01	0.05	Adapter 6009Hz	60	6.009	70.00	0.671
448.09	0.05	Adapter 6009Hz	60	6.009	70.00	0.671
448.17	0.05	Adapter 6009Hz	60	6.009	70.00	0.671
448.25	0.05	Adapter 6009Hz	60	6.009	70.00	0.671
448.51	0.05	Adapter 6009Hz	60	6.009	70.00	0.671
448.59	0.05	Adapter 6009Hz	60	6.009	70.00	0.671
448.67	0.05	Adapter 6009Hz	60	6.009	70.00	0.671
448.75	0.05	Adapter 6009Hz	60	6.009	70.00	0.671
449.01	0.05	Adapter 6009Hz	60	6.009	70.00	0.671
449.09	0.05	Adapter 6009Hz	60	6.009	70.00	0.671
449.17	0.05	Adapter 6009Hz	60	6.009	70.00	0.671
449.25	0.05	Adapter 6009Hz	60	6.009	70.00	0.671
449.51	0.05	Adapter 6009Hz	60	6.009	70.00	0.671
449.59	0.05	Adapter 6009Hz	60	6.009	70.00	0.671
449.67	0.05	Adapter 6009Hz	60	6.009	70.00	0.671
449.75	0.05	Adapter 6009Hz	60	6.009	70.00	0.671
452.498	0.05	Adapter 3839Hz Probe 3839Hz	61	3.839	70.00	0.437
452.578	0.05	Adapter 3839Hz Probe 3839Hz	61	3.839	70.00	0.437
452.658	0.05	Adapter 3839Hz Probe 3839Hz	61	3.839	70.00	0.437
452.738	0.05	Adapter 3839Hz Probe 3839Hz	61	3.839	70.00	0.437
452.818	0.05	Adapter 3839Hz Probe 3839Hz	61	3.839	70.00	0.437
452.998	0.05	Adapter 3839Hz Probe 3839Hz	61	3.839	70.00	0.437
453.078	0.05	Adapter 3839Hz Probe 3839Hz	61	3.839	70.00	0.437
453.158	0.05	Adapter 3839Hz Probe 3839Hz	61	3.839	70.00	0.437
453.238	0.05	Adapter 3839Hz Probe 3839Hz	61	3.839	70.00	0.437
453.318	0.05	Adapter 3839Hz Probe 3839Hz	61	3.839	70.00	0.437
453.498	0.05	Adapter 3839Hz Probe 3839Hz	61	3.839	70.00	0.437
453.578	0.05	Adapter 3839Hz Probe 3839Hz	61	3.839	70.00	0.437
453.658	0.05	Adapter 3839Hz Probe 3839Hz	61	3.839	70.00	0.437
453.738	0.05	Adapter 3839Hz Probe 3839Hz	61	3.839	70.00	0.437
453.818	0.05	Adapter 3839Hz Probe 3839Hz	61	3.839	70.00	0.437
453.998	0.05	Adapter 3839Hz Probe 3839Hz	61	3.839	70.00	0.437
454.078	0.05	Adapter 3839Hz Probe 3839Hz	61	3.839	70.00	0.437
454.158	0.05	Adapter 3839Hz Probe 3839Hz	61	3.839	70.00	0.437
454.238	0.05	Adapter 3839Hz Probe 3839Hz	61	3.839	70.00	0.437
454.318	0.05	Adapter 3839Hz Probe 3839Hz	61	3.839	70.00	0.437
454.498	0.05	Adapter 3839Hz Probe 3839Hz	61	3.839	70.00	0.437
454.578	0.05	Adapter 3839Hz Probe 3839Hz	61	3.839	70.00	0.437
454.658	0.05	Adapter 3839Hz Probe 3839Hz	61	3.839	70.00	0.437
454.738	0.05	Adapter 3839Hz Probe 3839Hz	61	3.839	70.00	0.437
454.818	0.05	Adapter 3839Hz Probe 3839Hz	61	3.839	70.00	0.437
454.998	0.05	Adapter 3839Hz Probe 3839Hz	61	3.839	70.00	0.437
455.078	0.05	Adapter 3839Hz Probe 3839Hz	61	3.839	70.00	0.437
455.158	0.05	Adapter 3839Hz Probe 3839Hz	61	3.839	70.00	0.437
455.238	0.05	Adapter 3839Hz Probe 3839Hz	61	3.839	70.00	0.437
455.318	0.05	Adapter 3839Hz Probe 3839Hz	61	3.839	70.00	0.437
455.498	0.05	Adapter 3839Hz Probe 3839Hz	61	3.839	70.00	0.437
455.578	0.05	Adapter 3839Hz Probe 3839Hz	61	3.839	70.00	0.437
455.658	0.05	Adapter 3839Hz Probe 3839Hz	61	3.839	70.00	0.437
455.738	0.05	Adapter 3839Hz Probe 3839Hz	61	3.839	70.00	0.437
455.818	0.05	Adapter 3839Hz Probe 3839Hz	61	3.839	70.00	0.437
455.998	0.05	Adapter 3839Hz Probe 3839Hz	61	3.839	70.00	0.437
456.078	0.05	Adapter 3839Hz Probe 3839Hz	61	3.839	70.00	0.437
456.158	0.05	Adapter 3839Hz Probe 3839Hz	61	3.839	70.00	0.437
456.238	0.05	Adapter 3839Hz Probe 3839Hz	61	3.839	70.00	0.437
456.318	0.05	Adapter 3839Hz Probe 3839Hz	61	3.839	70.00	0.437
456.498	0.05	Adapter 3839Hz Probe 3839Hz	61	3.839	70.00	0.437
456.578	0.05	Adapter 3839Hz Probe 3839Hz	61	3.839	70.00	0.437
456.658	0.05	Adapter 3839Hz Probe 3839Hz	61	3.839	70.00	0.437
456.738	0.05	Adapter 3839Hz Probe 3839Hz	61	3.839	70.00	0.437
456.818	0.05	Adapter 3839Hz Probe 3839Hz	61	3.839	70.00	0.437
456.998	0.05	Adapter 3839Hz Probe 3839Hz	61	3.839	70.00	0.437
457.078	0.05	Adapter 3839Hz Probe 3839Hz	61	3.839	70.00	0.437
457.158	0.05	Adapter 3839Hz Probe 3839Hz	61	3.839	70.00	0.437
457.238	0.05	Adapter 3839Hz Probe 3839Hz	61	3.839	70.00	0.437
457.318	0.05	Adapter 3839Hz Probe 3839Hz	61	3.839	70.00	0.437
459.986	0.05	Adapter 507Hz Probe 3839Hz	62	0.507	70.00	0.079
460.066	0.05	Adapter 507Hz Probe 3839Hz	62	0.507	70.00	0.079
460.146	0.05	Adapter 507Hz Probe 3839Hz	62	0.507	70.00	0.079
460.226	0.05	Adapter 507Hz Probe 3839Hz	62	0.507	70.00	0.079
460.306	0.05	Adapter 507Hz Probe 3839Hz	62	3.839	70.00	0.437
460.486	0.05	Adapter 507Hz Probe 3839Hz	62	0.507	70.00	0.079
460.566	0.05	Adapter 507Hz Probe 3839Hz	62	0.507	70.00	0.079
460.646	0.05	Adapter 507Hz Probe 3839Hz	62	0.507	70.00	0.079
460.726	0.05	Adapter 507Hz Probe 3839Hz	62	0.507	70.00	0.079
460.806	0.05	Adapter 507Hz Probe 3839Hz	62	3.839	70.00	0.437
460.986	0.05	Adapter 507Hz Probe 3839Hz	62	0.507	70.00	0.079
461.066	0.05	Adapter 507Hz Probe 3839Hz	62	0.507	70.00	0.079
461.146	0.05	Adapter 507Hz Probe 3839Hz	62	0.507	70.00	0.079
461.226	0.05	Adapter 507Hz Probe 3839Hz	62	0.507	70.00	0.079
461.306	0.05	Adapter 507Hz Probe 3839Hz	62	3.839	70.00	0.437
461.486	0.05	Adapter 507Hz Probe 3839Hz	62	0.507	70.00	0.079
461.566	0.05	Adapter 507Hz Probe 3839Hz	62	0.507	70.00	0.079
461.646	0.05	Adapter 507Hz Probe 3839Hz	62	0.507	70.00	0.079
461.726	0.05	Adapter 507Hz Probe 3839Hz	62	0.507	70.00	0.079
461.806	0.05	Adapter 507Hz Probe 3839Hz	62	3.839	70.00	0.437
461.986	0.05	Adapter 507Hz Probe 3839Hz	62	0.507	70.00	0.079
462.066	0.05	Adapter 507Hz Probe 3839Hz	62	0.507	70.00	0.079
462.146	0.05	Adapter 507Hz Probe 3839Hz	62	0.507	70.00	0.079
462.226	0.05	Adapter 507Hz Probe 3839Hz	62	0.507	70.00	0.079
462.306	0.05	Adapter 507Hz Probe 3839Hz	62	3.839	70.00	0.437
462.486	0.05	Adapter 507Hz Probe 3839Hz	62	0.507	70.00	0.079
462.566	0.05	Adapter 507Hz Probe 3839Hz	62	0.507	70.00	0.079
462.646	0.05	Adapter 507Hz Probe 3839Hz	62	0.507	70.00	0.079
462.726	0.05	Adapter 507Hz Probe 3839Hz	62	0.507	70.00	0.079
462.806	0.05	Adapter 507Hz Probe 3839Hz	62	3.839	70.00	0.437
462.986	0.05	Adapter 507Hz Probe 3839Hz	62	0.507	70.00	0.079
463.066	0.05	Adapter 507Hz Probe 3839Hz	62	0.507	70.00	0.079
463.146	0.05	Adapter 507Hz Probe 3839Hz	62	0.507	70.00	0.079
463.226	0.05	Adapter 507Hz Probe 3839Hz	62	0.507	70.00	0.079
463.306	0.05	Adapter 507Hz Probe 3839Hz	62	3.839	70.00	0.437
463.486	0.05	Adapter 507Hz Probe 3839Hz	62	0.507	70.00	0.079
463.566	0.05	Adapter 507Hz Probe 3839Hz	62	0.507	70.00	0.079
463.646	0.05	Adapter 507Hz Probe 3839Hz	62	0.507	70.00	0.079
463.726	0.05	Adapter 507Hz Probe 3839Hz	62	0.507	70.00	0.079
463.806	0.05	Adapter 507Hz Probe 3839Hz	62	3.839	70.00	0.437
463.986	0.05	Adapter 507Hz Probe 3839Hz	62	0.507	70.00	0.079
464.066	0.05	Adapter 507Hz Probe 3839Hz	62	0.507	70.00	0.079
464.146	0.05	Adapter 507Hz Probe 3839Hz	62	0.507	70.00	0.079
464.226	0.05	Adapter 507Hz Probe 3839Hz	62	0.507	70.00	0.079
464.306	0.05	Adapter 507Hz Probe 3839Hz	62	3.839	70.00	0.437
464.486	0.05	Adapter 507Hz Probe 3839Hz	62	0.507	70.00	0.079
464.566	0.05	Adapter 507Hz Probe 3839Hz	62	0.507	70.00	0.079
464.646	0.05	Adapter 507Hz Probe 3839Hz	62	0.507	70.00	0.079
464.726	0.05	Adapter 507Hz Probe 3839Hz	62	0.507	70.00	0.079
464.806	0.05	Adapter 507Hz Probe 3839Hz	62	3.839	70.00	0.437
467.826	0.05	Probe 3839Hz	63	3.839	70.00	0.437
468.326	0.05	Probe 3839Hz	63	3.839	70.00	0.437
468.826	0.05	Probe 3839Hz	63	3.839	70.00	0.437
469.326	0.05	Probe 3839Hz	63	3.839	70.00	0.437
469.826	0.05	Probe 3839Hz	63	3.839	70.00	0.437
470.326	0.05	Probe 3839Hz	63	3.839	70.00	0.437
470.826	0.05	Probe 3839Hz	63	3.839	70.00	0.437
471.326	0.05	Probe 3839Hz	63	3.839	70.00	0.437
471.826	0.05	Probe 3839Hz	63	3.839	70.00	0.437
472.326	0.05	Probe 3839Hz	63	3.839	70.00	0.437
474.994	0.05	Adapter 2423Hz Probe 3839Hz	64	2.423	70.00	0.285
475.074	0.05	Adapter 2423Hz Probe 3839Hz	64	2.423	70.00	0.285
475.154	0.05	Adapter 2423Hz Probe 3839Hz	64	2.423	70.00	0.285
475.234	0.05	Adapter 2423Hz Probe 3839Hz	64	2.423	70.00	0.285
475.314	0.05	Adapter 2423Hz Probe 3839Hz	64	3.839	70.00	0.437
475.494	0.05	Adapter 2423Hz Probe 3839Hz	64	2.423	70.00	0.285
475.574	0.05	Adapter 2423Hz Probe 3839Hz	64	2.423	70.00	0.285
475.654	0.05	Adapter 2423Hz Probe 3839Hz	64	2.423	70.00	0.285
475.734	0.05	Adapter 2423Hz Probe 3839Hz	64	2.423	70.00	0.285
475.814	0.05	Adapter 2423Hz Probe 3839Hz	64	3.839	70.00	0.437
475.994	0.05	Adapter 2423Hz Probe 3839Hz	64	2.423	70.00	0.285
476.074	0.05	Adapter 2423Hz Probe 3839Hz	64	2.423	70.00	0.285
476.154	0.05	Adapter 2423Hz Probe 3839Hz	64	2.423	70.00	0.285
476.234	0.05	Adapter 2423Hz Probe 3839Hz	64	2.423	70.00	0.285
476.314	0.05	Adapter 2423Hz Probe 3839Hz	64	3.839	70.00	0.437
476.494	0.05	Adapter 2423Hz Probe 3839Hz	64	2.423	70.00	0.285
476.574	0.05	Adapter 2423Hz Probe 3839Hz	64	2.423	70.00	0.285
476.654	0.05	Adapter 2423Hz Probe 3839Hz	64	2.423	70.00	0.285
476.734	0.05	Adapter 2423Hz Probe 3839Hz	64	2.423	70.00	0.285
476.814	0.05	Adapter 2423Hz Probe 3839Hz	64	3.839	70.00	0.437
476.994	0.05	Adapter 2423Hz Probe 3839Hz	64	2.423	70.00	0.285
477.074	0.05	Adapter 2423Hz Probe 3839Hz	64	2.423	70.00	0.285
477.154	0.05	Adapter 2423Hz Probe 3839Hz	64	2.423	70.00	0.285
477.234	0.05	Adapter 2423Hz Probe 3839Hz	64	2.423	70.00	0.285
477.314	0.05	Adapter 2423Hz Probe 3839Hz	64	3.839	70.00	0.437
477.494	0.05	Adapter 2423Hz Probe 3839Hz	64	2.423	70.00	0.285
477.574	0.05	Adapter 2423Hz Probe 3839Hz	64	2.423	70.00	0.285
477.654	0.05	Adapter 2423Hz Probe 3839Hz	64	2.423	70.00	0.285
477.734	0.05	Adapter 2423Hz Probe 3839Hz	64	2.423	70.00	0.285
477.814	0.05	Adapter 2423Hz Probe 3839Hz	64	3.839	70.00	0.437
477.994	0.05	Adapter 2423Hz Probe 3839Hz	64	2.423	70.00	0.285
478.074	0.05	Adapter 2423Hz Probe 3839Hz	64	2.423	70.00	0.285
478.154	0.05	Adapter 2423Hz Probe 3839Hz	64	2.423	70.00	0.285
478.234	0.05	Adapter 2423Hz Probe 3839Hz	64	2.423	70.00	0.285
478.314	0.05	Adapter 2423Hz Probe 3839Hz	64	3.839	70.00	0.437
478.494	0.05	Adapter 2423Hz Probe 3839Hz	64	2.423	70.00	0.285
478.574	0.05	Adapter 2423Hz Probe 3839Hz	64	2.423	70.00	0.285
478.654	0.05	Adapter 2423Hz Probe 3839Hz	64	2.423	70.00	0.285
478.734	0.05	Adapter 2423Hz Probe 3839Hz	64	2.423	70.00	0.285
478.814	0.05	Adapter 2423Hz Probe 3839Hz	64	3.839	70.00	0.437
478.994	0.05	Adapter 2423Hz Probe 3839Hz	64	2.423	70.00	0.285
479.074	0.05	Adapter 2423Hz Probe 3839Hz	64	2.423	70.00	0.285
479.154	0.05	Adapter 2423Hz Probe 3839Hz	64	2.423	70.00	0.285
479.234	0.05	Adapter 2423Hz Probe 3839Hz	64	2.423	70.00	0.285
479.314	0.05	Adapter 2423Hz Probe 3839Hz	64	3.839	70.00	0.437
479.494	0.05	Adapter 2423Hz Probe 3839Hz	64	2.423	70.00	0.285
479.574	0.05	Adapter 2423Hz Probe 3839Hz	64	2.423	70.00	0.285
479.654	0.05	Adapter 2423Hz Probe 3839Hz	64	2.423	70.00	0.285
479.734	0.05	Adapter 2423Hz Probe 3839Hz	64	2.423	70.00	0.285
479.814	0.05	Adapter 2423Hz Probe 3839Hz	64	3.839	70.00	0.437
