onset	duration	trial_type	scan	frequency_kHz	level_dB_SPL	bandwidth_kHz
2.82	0.05	Probe 3839Hz	1	3.839	70.00	0.437
3.32	0.05	Probe 3839Hz	1	3.839	70.00	0.437
3.82	0.05	Probe 3839Hz	1	3.839	70.00	0.437
4.32	0.05	Probe 3839Hz	1	3.839	70.00	0.437
4.82	0.05	Probe 3839Hz	1	3.839	70.00	0.437
5.32	0.05	Probe 3839Hz	1	3.839	70.00	0.437
5.82	0.05	Probe 3839Hz	1	3.839	70.00	0.437
6.32	0.05	Probe 3839Hz	1	3.839	70.00	0.437
6.82	0.05	Probe 3839Hz	1	3.839	70.00	0.437
7.32	0.05	Probe 3839Hz	1	3.839	70.00	0.437
17.538	0.05	Adapter 899Hz	3	0.899	70.00	0.121
17.618	0.05	Adapter 899Hz	3	0.899	70.00	0.121
17.698	0.05	Adapter 899Hz	3	0.899	70.00	0.121
17.778	0.05	Adapter 899Hz	3	0.899	70.00	0.121
18.038	0.05	Adapter 899Hz	3	0.899	70.00	0.121
18.118	0.05	Adapter 899Hz	3	0.899	70.00	0.121
18.198	0.05	Adapter 899Hz	3	0.899	70.00	0.121
18.278	0.05	Adapter 899Hz	3	0.899	70.00	0.121
18.538	0.05	Adapter 899Hz	3	0.899	70.00	0.121
18.618	0.05	Adapter 899Hz	3	0.899	70.00	0.121
18.698	0.05	Adapter 899Hz	3	0.899	70.00	0.121
18.778	0.05	Adapter 899Hz	3	0.899	70.00	0.121
19.038	0.05	Adapter 899Hz	3	0.899	70.00	0.121
19.118	0.05	Adapter 899Hz	3	0.899	70.00	0.121
19.198	0.05	Adapter 899Hz	3	0.899	70.00	0.121
19.278	0.05	Adapter 899Hz	3	0.899	70.00	0.121
19.538	0.05	Adapter 899Hz	3	0.899	70.00	0.121
19.618	0.05	Adapter 899Hz	3	0.899	70.00	0.121
19.698	0.05	Adapter 899Hz	3	0.899	70.00	0.121
19.778	0.05	Adapter 899Hz	3	0.899	70.00	0.121
20.038	0.05	Adapter 899Hz	3	0.899	70.00	0.121
20.118	0.05	Adapter 899Hz	3	0.899	70.00	0.121
20.198	0.05	Adapter 899Hz	3	0.899	70.00	0.121
20.278	0.05	Adapter 899Hz	3	0.899	70.00	0.121
20.538	0.05	Adapter 899Hz	3	0.899	70.00	0.121
20.618	0.05	Adapter 899Hz	3	0.899	70.00	0.121
20.698	0.05	Adapter 899Hz	3	0.899	70.00	0.121
20.778	0.05	Adapter 899Hz	3	0.899	70.00	0.121
21.038	0.05	Adapter 899Hz	3	0.899	70.00	0.121
21.118	0.05	Adapter 899Hz	3	0.899	70.00	0.121
21.198	0.05	Adapter 899Hz	3	0.899	70.00	0.121
21.278	0.05	Adapter 899Hz	3	0.899	70.00	0.121
21.538	0.05	Adapter 899Hz	3	0.899	70.00	0.121
21.618	0.05	Adapter 899Hz	3	0.899	70.00	0.121
21.698	0.05	Adapter 899Hz	3	0.899	70.00	0.121
21.778	0.05	Adapter 899Hz	3	0.899	70.00	0.121
22.038	0.05	Adapter 899Hz	3	0.899	70.00	0.121
22.118	0.05	Adapter 899Hz	3	0.899	70.00	0.121
22.198	0.05	Adapter 899Hz	3	0.899	70.00	0.121
22.278	0.05	Adapter 899Hz	3	0.899	70.00	0.121
24.995	0.05	Adapter 2423Hz Probe 3839Hz	4	2.423	70.00	0.285
25.075	0.05	Adapter 2423Hz Probe 3839Hz	4	2.423	70.00	0.285
25.155	0.05	Adapter 2423Hz Probe 3839Hz	4	2.423	70.00	0.285
25.235	0.05	Adapter 2423Hz Probe 3839Hz	4	2.423	70.00	0.285
25.315	0.05	Adapter 2423Hz Probe 3839Hz	4	3.839	70.00	0.437
25.495	0.05	Adapter 2423Hz Probe 3839Hz	4	2.423	70.00	0.285
25.575	0.05	Adapter 2423Hz Probe 3839Hz	4	2.423	70.00	0.285
25.655	0.05	Adapter 2423Hz Probe 3839Hz	4	2.423	70.00	0.285
25.735	0.05	Adapter 2423Hz Probe 3839Hz	4	2.423	70.00	0.285
25.815	0.05	Adapter 2423Hz Probe 3839Hz	4	3.839	70.00	0.437
25.995	0.05	Adapter 2423Hz Probe 3839Hz	4	2.423	70.00	0.285
26.075	0.05	Adapter 2423Hz Probe 3839Hz	4	2.423	70.00	0.285
26.155	0.05	Adapter 2423Hz Probe 3839Hz	4	2.423	70.00	0.285
26.235	0.05	Adapter 2423Hz Probe 3839Hz	4	2.423	70.00	0.285
26.315	0.05	Adapter 2423Hz Probe 3839Hz	4	3.839	70.00	0.437
26.495	0.05	Adapter 2423Hz Probe 3839Hz	4	2.423	70.00	0.285
26.575	0.05	Adapter 2423Hz Probe 3839Hz	4	2.423	70.00	0.285
26.655	0.05	Adapter 2423Hz Probe 3839Hz	4	2.423	70.00	0.285
26.735	0.05	Adapter 2423Hz Probe 3839Hz	4	2.423	70.00	0.285
26.815	0.05	Adapter 2423Hz Probe 3839Hz	4	3.839	70.00	0.437
26.995	0.05	Adapter 2423Hz Probe 3839Hz	4	2.423	70.00	0.285
27.075	0.05	Adapter 2423Hz Probe 3839Hz	4	2.423	70.00	0.285
27.155	0.05	Adapter 2423Hz Probe 3839Hz	4	2.423	70.00	0.285
27.235	0.05	Adapter 2423Hz Probe 3839Hz	4	2.423	70.00	0.285
27.315	0.05	Adapter 2423Hz Probe 3839Hz	4	3.839	70.00	0.437
27.495	0.05	Adapter 2423Hz Probe 3839Hz	4	2.423	70.00	0.285
27.575	0.05	Adapter 2423Hz Probe 3839Hz	4	2.423	70.00	0.285
27.655	0.05	Adapter 2423Hz Probe 3839Hz	4	2.423	70.00	0.285
27.735	0.05	Adapter 2423Hz Probe 3839Hz	4	2.423	70.00	0.285
27.815	0.05	Adapter 2423Hz Probe 3839Hz	4	3.839	70.00	0.437
27.995	0.05	Adapter 2423Hz Probe 3839Hz	4	2.423	70.00	0.285
28.075	0.05	Adapter 2423Hz Probe 3839Hz	4	2.423	70.00	0.285
28.155	0.05	Adapter 2423Hz Probe 3839Hz	4	2.423	70.00	0.285
28.235	0.05	Adapter 2423Hz Probe 3839Hz	4	2.423	70.00	0.285
28.315	0.05	Adapter 2423Hz Probe 3839Hz	4	3.839	70.00	0.437
28.495	0.05	Adapter 2423Hz Probe 3839Hz	4	2.423	70.00	0.285
28.575	0.05	Adapter 2423Hz Probe 3839Hz	4	2.423	70.00	0.285
28.655	0.05	Adapter 2423Hz Probe 3839Hz	4	2.423	70.00	0.285
28.735	0.05	Adapter 2423Hz Probe 3839Hz	4	2.423	70.00	0.285
28.815	0.05	Adapter 2423Hz Probe 3839Hz	4	3.839	70.00	0.437
28.995	0.05	Adapter 2423Hz Probe 3839Hz	4	2.423	70.00	0.285
29.075	0.05	Adapter 2423Hz Probe 3839Hz	4	2.423	70.00	0.285
29.155	0.05	Adapter 2423Hz Probe 3839Hz	4	2.423	70.00	0.285
29.235	0.05	Adapter 2423Hz Probe 3839Hz	4	2.423	70.00	0.285
29.315	0.05	Adapter 2423Hz Probe 3839Hz	4	3.839	70.00	0.437
29.495	0.05	Adapter 2423Hz Probe 3839Hz	4	2.423	70.00	0.285
29.575	0.05	Adapter 2423Hz Probe 3839Hz	4	2.423	70.00	0.285
29.655	0.05	Adapter 2423Hz Probe 3839Hz	4	2.423	70.00	0.285
29.735	0.05	Adapter 2423Hz Probe 3839Hz	4	2.423	70.00	0.285
29.815	0.05	Adapter 2423Hz Probe 3839Hz	4	3.839	70.00	0.437
40.034	0.05	Adapter 251Hz	6	0.251	70.00	0.052
40.114	0.05	Adapter 251Hz	6	0.251	70.00	0.052
40.194	0.05	Adapter 251Hz	6	0.251	70.00	0.052
40.274	0.05	Adapter 251Hz	6	0.251	70.00	0.052
40.534	0.05	Adapter 251Hz	6	0.251	70.00	0.052
40.614	0.05	Adapter 251Hz	6	0.251	70.00	0.052
40.694	0.05	Adapter 251Hz	6	0.251	70.00	0.052
40.774	0.05	Adapter 251Hz	6	0.251	70.00	0.052
41.034	0.05	Adapter 251Hz	6	0.251	70.00	0.052
41.114	0.05	Adapter 251Hz	6	0.251	70.00	0.052
41.194	0.05	Adapter 251Hz	6	0.251	70.00	0.052
41.274	0.05	Adapter 251Hz	6	0.251	70.00	0.052
41.534	0.05	Adapter 251Hz	6	0.251	70.00	0.052
41.614	0.05	Adapter 251Hz	6	0.251	70.00	0.052
41.694	0.05	Adapter 251Hz	6	0.251	70.00	0.052
41.774	0.05	Adapter 251Hz	6	0.251	70.00	0.052
42.034	0.05	Adapter 251Hz	6	0.251	70.00	0.052
42.114	0.05	Adapter 251Hz	6	0.251	70.00	0.052
42.194	0.05	Adapter 251Hz	6	0.251	70.00	0.052
42.274	0.05	Adapter 251Hz	6	0.251	70.00	0.052
42.534	0.05	Adapter 251Hz	6	0.251	70.00	0.052
42.614	0.05	Adapter 251Hz	6	0.251	70.00	0.052
42.694	0.05	Adapter 251Hz	6	0.251	70.00	0.052
42.774	0.05	Adapter 251Hz	6	0.251	70.00	0.052
43.034	0.05	Adapter 251Hz	6	0.251	70.00	0.052
43.114	0.05	Adapter 251Hz	6	0.251	70.00	0.052
43.194	0.05	Adapter 251Hz	6	0.251	70.00	0.052
43.274	0.05	Adapter 251Hz	6	0.251	70.00	0.052
43.534	0.05	Adapter 251Hz	6	0.251	70.00	0.052
43.614	0.05	Adapter 251Hz	6	0.251	70.00	0.052
43.694	0.05	Adapter 251Hz	6	0.251	70.00	0.052
43.774	0.05	Adapter 251Hz	6	0.251	70.00	0.052
44.034	0.05	Adapter 251Hz	6	0.251	70.00	0.052
44.114	0.05	Adapter 251Hz	6	0.251	70.00	0.052
44.194	0.05	Adapter 251Hz	6	0.251	70.00	0.052
44.274	0.05	Adapter 251Hz	6	0.251	70.00	0.052
44.534	0.05	Adapter 251Hz	6	0.251	70.00	0.052
44.614	0.05	Adapter 251Hz	6	0.251	70.00	0.052
44.694	0.05	Adapter 251Hz	6	0.251	70.00	0.052
44.774	0.05	Adapter 251Hz	6	0.251	70.00	0.052
47.49	0.05	Adapter 1501Hz Probe 3839Hz	7	1.501	70.00	0.186
47.57	0.05	Adapter 1501Hz Probe 3839Hz	7	1.501	70.00	0.186
47.65	0.05	Adapter 1501Hz Probe 3839Hz	7	1.501	70.00	0.186
47.73	0.05	Adapter 1501Hz Probe 3839Hz	7	1.501	70.00	0.186
47.81	0.05	Adapter 1501Hz Probe 3839Hz	7	3.839	70.00	0.437
47.99	0.05	Adapter 1501Hz Probe 3839Hz	7	1.501	70.00	0.186
48.07	0.05	Adapter 1501Hz Probe 3839Hz	7	1.501	70.00	0.186
48.15	0.05	Adapter 1501Hz Probe 3839Hz	7	1.501	70.00	0.186
48.23	0.05	Adapter 1501Hz Probe 3839Hz	7	1.501	70.00	0.186
48.31	0.05	Adapter 1501Hz Probe 3839Hz	7	3.839	70.00	0.437
48.49	0.05	Adapter 1501Hz Probe 3839Hz	7	1.501	70.00	0.186
48.57	0.05	Adapter 1501Hz Probe 3839Hz	7	1.501	70.00	0.186
48.65	0.05	Adapter 1501Hz Probe 3839Hz	7	1.501	70.00	0.186
48.73	0.05	Adapter 1501Hz Probe 3839Hz	7	1.501	70.00	0.186
48.81	0.05	Adapter 1501Hz Probe 3839Hz	7	3.839	70.00	0.437
48.99	0.05	Adapter 1501Hz Probe 3839Hz	7	1.501	70.00	0.186
49.07	0.05	Adapter 1501Hz Probe 3839Hz	7	1.501	70.00	0.186
49.15	0.05	Adapter 1501Hz Probe 3839Hz	7	1.501	70.00	0.186
49.23	0.05	Adapter 1501Hz Probe 3839Hz	7	1.501	70.00	0.186
49.31	0.05	Adapter 1501Hz Probe 3839Hz	7	3.839	70.00	0.437
49.49	0.05	Adapter 1501Hz Probe 3839Hz	7	1.501	70.00	0.186
49.57	0.05	Adapter 1501Hz Probe 3839Hz	7	1.501	70.00	0.186
49.65	0.05	Adapter 1501Hz Probe 3839Hz	7	1.501	70.00	0.186
49.73	0.05	Adapter 1501Hz Probe 3839Hz	7	1.501	70.00	0.186
49.81	0.05	Adapter 1501Hz Probe 3839Hz	7	3.839	70.00	0.437
49.99	0.05	Adapter 1501Hz Probe 3839Hz	7	1.501	70.00	0.186
50.07	0.05	Adapter 1501Hz Probe 3839Hz	7	1.501	70.00	0.186
50.15	0.05	Adapter 1501Hz Probe 3839Hz	7	1.501	70.00	0.186
50.23	0.05	Adapter 1501Hz Probe 3839Hz	7	1.501	70.00	0.186
50.31	0.05	Adapter 1501Hz Probe 3839Hz	7	3.839	70.00	0.437
50.49	0.05	Adapter 1501Hz Probe 3839Hz	7	1.501	70.00	0.186
50.57	0.05	Adapter 1501Hz Probe 3839Hz	7	1.501	70.00	0.186
50.65	0.05	Adapter 1501Hz Probe 3839Hz	7	1.501	70.00	0.186
50.73	0.05	Adapter 1501Hz Probe 3839Hz	7	1.501	70.00	0.186
50.81	0.05	Adapter 1501Hz Probe 3839Hz	7	3.839	70.00	0.437
50.99	0.05	Adapter 1501Hz Probe 3839Hz	7	1.501	70.00	0.186
51.07	0.05	Adapter 1501Hz Probe 3839Hz	7	1.501	70.00	0.186
51.15	0.05	Adapter 1501Hz Probe 3839Hz	7	1.501	70.00	0.186
51.23	0.05	Adapter 1501Hz Probe 3839Hz	7	1.501	70.00	0.186
51.31	0.05	Adapter 1501Hz Probe 3839Hz	7	3.839	70.00	0.437
51.49	0.05	Adapter 1501Hz Probe 3839Hz	7	1.501	70.00	0.186
51.57	0.05	Adapter 1501Hz Probe 3839Hz	7	1.501	70.00	0.186
51.65	0.05	Adapter 1501Hz Probe 3839Hz	7	1.501	70.00	0.186
51.73	0.05	Adapter 1501Hz Probe 3839Hz	7	1.501	70.00	0.186
51.81	0.05	Adapter 1501Hz Probe 3839Hz	7	3.839	70.00	0.437
51.99	0.05	Adapter 1501Hz Probe 3839Hz	7	1.501	70.00	0.186
52.07	0.05	Adapter 1501Hz Probe 3839Hz	7	1.501	70.00	0.186
52.15	0.05	Adapter 1501Hz Probe 3839Hz	7	1.501	70.00	0.186
52.23	0.05	Adapter 1501Hz Probe 3839Hz	7	1.501	70.00	0.186
52.31	0.05	Adapter 1501Hz Probe 3839Hz	7	3.839	70.00	0.437
54.994	0.05	Adapter 6009Hz	8	6.009	70.00	0.671
55.074	0.05	Adapter 6009Hz	8	6.009	70.00	0.671
55.154	0.05	Adapter 6009Hz	8	6.009	70.00	0.671
55.234	0.05	Adapter 6009Hz	8	6.009	70.00	0.671
55.494	0.05	Adapter 6009Hz	8	6.009	70.00	0.671
55.574	0.05	Adapter 6009Hz	8	6.009	70.00	0.671
55.654	0.05	Adapter 6009Hz	8	6.009	70.00	0.671
55.734	0.05	Adapter 6009Hz	8	6.009	70.00	0.671
55.994	0.05	Adapter 6009Hz	8	6.009	70.00	0.671
56.074	0.05	Adapter 6009Hz	8	6.009	70.00	0.671
56.154	0.05	Adapter 6009Hz	8	6.009	70.00	0.671
56.234	0.05	Adapter 6009Hz	8	6.009	70.00	0.671
56.494	0.05	Adapter 6009Hz	8	6.009	70.00	0.671
56.574	0.05	Adapter 6009Hz	8	6.009	70.00	0.671
56.654	0.05	Adapter 6009Hz	8	6.009	70.00	0.671
56.734	0.05	Adapter 6009Hz	8	6.009	70.00	0.671
56.994	0.05	Adapter 6009Hz	8	6.009	70.00	0.671
57.074	0.05	Adapter 6009Hz	8	6.009	70.00	0.671
57.154	0.05	Adapter 6009Hz	8	6.009	70.00	0.671
57.234	0.05	Adapter 6009Hz	8	6.009	70.00	0.671
57.494	0.05	Adapter 6009Hz	8	6.009	70.00	0.671
57.574	0.05	Adapter 6009Hz	8	6.009	70.00	0.671
57.654	0.05	Adapter 6009Hz	8	6.009	70.00	0.671
57.734	0.05	Adapter 6009Hz	8	6.009	70.00	0.671
57.994	0.05	Adapter 6009Hz	8	6.009	70.00	0.671
58.074	0.05	Adapter 6009Hz	8	6.009	70.00	0.671
58.154	0.05	Adapter 6009Hz	8	6.009	70.00	0.671
58.234	0.05	Adapter 6009Hz	8	6.009	70.00	0.671
58.494	0.05	Adapter 6009Hz	8	6.009	70.00	0.671
58.574	0.05	Adapter 6009Hz	8	6.009	70.00	0.671
58.654	0.05	Adapter 6009Hz	8	6.009	70.00	0.671
58.734	0.05	Adapter 6009Hz	8	6.009	70.00	0.671
58.994	0.05	Adapter 6009Hz	8	6.009	70.00	0.671
59.074	0.05	Adapter 6009Hz	8	6.009	70.00	0.671
59.154	0.05	Adapter 6009Hz	8	6.009	70.00	0.671
59.234	0.05	Adapter 6009Hz	8	6.009	70.00	0.671
59.494	0.05	Adapter 6009Hz	8	6.009	70.00	0.671
59.574	0.05	Adapter 6009Hz	8	6.009	70.00	0.671
59.654	0.05	Adapter 6009Hz	8	6.009	70.00	0.671
59.734	0.05	Adapter 6009Hz	8	6.009	70.00	0.671
62.498	0.05	Adapter 507Hz	9	0.507	70.00	0.079
62.578	0.05	Adapter 507Hz	9	0.507	70.00	0.079
62.658	0.05	Adapter 507Hz	9	0.507	70.00	0.079
62.738	0.05	Adapter 507Hz	9	0.507	70.00	0.079
62.998	0.05	Adapter 507Hz	9	0.507	70.00	0.079
63.078	0.05	Adapter 507Hz	9	0.507	70.00	0.079
63.158	0.05	Adapter 507Hz	9	0.507	70.00	0.079
63.238	0.05	Adapter 507Hz	9	0.507	70.00	0.079
63.498	0.05	Adapter 507Hz	9	0.507	70.00	0.079
63.578	0.05	Adapter 507Hz	9	0.507	70.00	0.079
63.658	0.05	Adapter 507Hz	9	0.507	70.00	0.079
63.738	0.05	Adapter 507Hz	9	0.507	70.00	0.079
63.998	0.05	Adapter 507Hz	9	0.507	70.00	0.079
64.078	0.05	Adapter 507Hz	9	0.507	70.00	0.079
64.158	0.05	Adapter 507Hz	9	0.507	70.00	0.079
64.238	0.05	Adapter 507Hz	9	0.507	70.00	0.079
64.498	0.05	Adapter 507Hz	9	0.507	70.00	0.079
64.578	0.05	Adapter 507Hz	9	0.507	70.00	0.079
64.658	0.05	Adapter 507Hz	9	0.507	70.00	0.079
64.738	0.05	Adapter 507Hz	9	0.507	70.00	0.079
64.998	0.05	Adapter 507Hz	9	0.507	70.00	0.079
65.078	0.05	Adapter 507Hz	9	0.507	70.00	0.079
65.158	0.05	Adapter 507Hz	9	0.507	70.00	0.079
65.238	0.05	Adapter 507Hz	9	0.507	70.00	0.079
65.498	0.05	Adapter 507Hz	9	0.507	70.00	0.079
65.578	0.05	Adapter 507Hz	9	0.507	70.00	0.079
65.658	0.05	Adapter 507Hz	9	0.507	70.00	0.079
65.738	0.05	Adapter 507Hz	9	0.507	70.00	0.079
65.998	0.05	Adapter 507Hz	9	0.507	70.00	0.079
66.078	0.05	Adapter 507Hz	9	0.507	70.00	0.079
66.158	0.05	Adapter 507Hz	9	0.507	70.00	0.079
66.238	0.05	Adapter 507Hz	9	0.507	70.00	0.079
66.498	0.05	Adapter 507Hz	9	0.507	70.00	0.079
66.578	0.05	Adapter 507Hz	9	0.507	70.00	0.079
66.658	0.05	Adapter 507Hz	9	0.507	70.00	0.079
66.738	0.05	Adapter 507Hz	9	0.507	70.00	0.079
66.998	0.05	Adapter 507Hz	9	0.507	70.00	0.079
67.078	0.05	Adapter 507Hz	9	0.507	70.00	0.079
67.158	0.05	Adapter 507Hz	9	0.507	70.00	0.079
67.238	0.05	Adapter 507Hz	9	0.507	70.00	0.079
70.001	0.05	Adapter 507Hz Probe 3839Hz	10	0.507	70.00	0.079
70.081	0.05	Adapter 507Hz Probe 3839Hz	10	0.507	70.00	0.079
70.161	0.05	Adapter 507Hz Probe 3839Hz	10	0.507	70.00	0.079
70.241	0.05	Adapter 507Hz Probe 3839Hz	10	0.507	70.00	0.079
70.321	0.05	Adapter 507Hz Probe 3839Hz	10	3.839	70.00	0.437
70.501	0.05	Adapter 507Hz Probe 3839Hz	10	0.507	70.00	0.079
70.581	0.05	Adapter 507Hz Probe 3839Hz	10	0.507	70.00	0.079
70.661	0.05	Adapter 507Hz Probe 3839Hz	10	0.507	70.00	0.079
70.741	0.05	Adapter 507Hz Probe 3839Hz	10	0.507	70.00	0.079
70.821	0.05	Adapter 507Hz Probe 3839Hz	10	3.839	70.00	0.437
71.001	0.05	Adapter 507Hz Probe 3839Hz	10	0.507	70.00	0.079
71.081	0.05	Adapter 507Hz Probe 3839Hz	10	0.507	70.00	0.079
71.161	0.05	Adapter 507Hz Probe 3839Hz	10	0.507	70.00	0.079
71.241	0.05	Adapter 507Hz Probe 3839Hz	10	0.507	70.00	0.079
71.321	0.05	Adapter 507Hz Probe 3839Hz	10	3.839	70.00	0.437
71.501	0.05	Adapter 507Hz Probe 3839Hz	10	0.507	70.00	0.079
71.581	0.05	Adapter 507Hz Probe 3839Hz	10	0.507	70.00	0.079
71.661	0.05	Adapter 507Hz Probe 3839Hz	10	0.507	70.00	0.079
71.741	0.05	Adapter 507Hz Probe 3839Hz	10	0.507	70.00	0.079
71.821	0.05	Adapter 507Hz Probe 3839Hz	10	3.839	70.00	0.437
72.001	0.05	Adapter 507Hz Probe 3839Hz	10	0.507	70.00	0.079
72.081	0.05	Adapter 507Hz Probe 3839Hz	10	0.507	70.00	0.079
72.161	0.05	Adapter 507Hz Probe 3839Hz	10	0.507	70.00	0.079
72.241	0.05	Adapter 507Hz Probe 3839Hz	10	0.507	70.00	0.079
72.321	0.05	Adapter 507Hz Probe 3839Hz	10	3.839	70.00	0.437
72.501	0.05	Adapter 507Hz Probe 3839Hz	10	0.507	70.00	0.079
72.581	0.05	Adapter 507Hz Probe 3839Hz	10	0.507	70.00	0.079
72.661	0.05	Adapter 507Hz Probe 3839Hz	10	0.507	70.00	0.079
72.741	0.05	Adapter 507Hz Probe 3839Hz	10	0.507	70.00	0.079
72.821	0.05	Adapter 507Hz Probe 3839Hz	10	3.839	70.00	0.437
73.001	0.05	Adapter 507Hz Probe 3839Hz	10	0.507	70.00	0.079
73.081	0.05	Adapter 507Hz Probe 3839Hz	10	0.507	70.00	0.079
73.161	0.05	Adapter 507Hz Probe 3839Hz	10	0.507	70.00	0.079
73.241	0.05	Adapter 507Hz Probe 3839Hz	10	0.507	70.00	0.079
73.321	0.05	Adapter 507Hz Probe 3839Hz	10	3.839	70.00	0.437
73.501	0.05	Adapter 507Hz Probe 3839Hz	10	0.507	70.00	0.079
73.581	0.05	Adapter 507Hz Probe 3839Hz	10	0.507	70.00	0.079
73.661	0.05	Adapter 507Hz Probe 3839Hz	10	0.507	70.00	0.079
73.741	0.05	Adapter 507Hz Probe 3839Hz	10	0.507	70.00	0.079
73.821	0.05	Adapter 507Hz Probe 3839Hz	10	3.839	70.00	0.437
74.001	0.05	Adapter 507Hz Probe 3839Hz	10	0.507	70.00	0.079
74.081	0.05	Adapter 507Hz Probe 3839Hz	10	0.507	70.00	0.079
74.161	0.05	Adapter 507Hz Probe 3839Hz	10	0.507	70.00	0.079
74.241	0.05	Adapter 507Hz Probe 3839Hz	10	0.507	70.00	0.079
74.321	0.05	Adapter 507Hz Probe 3839Hz	10	3.839	70.00	0.437
74.501	0.05	Adapter 507Hz Probe 3839Hz	10	0.507	70.00	0.079
74.581	0.05	Adapter 507Hz Probe 3839Hz	10	0.507	70.00	0.079
74.661	0.05	Adapter 507Hz Probe 3839Hz	10	0.507	70.00	0.079
74.741	0.05	Adapter 507Hz Probe 3839Hz	10	0.507	70.00	0.079
74.821	0.05	Adapter 507Hz Probe 3839Hz	10	3.839	70.00	0.437
77.505	0.05	Adapter 899Hz Probe 3839Hz	11	0.899	70.00	0.121
77.585	0.05	Adapter 899Hz Probe 3839Hz	11	0.899	70.00	0.121
77.665	0.05	Adapter 899Hz Probe 3839Hz	11	0.899	70.00	0.121
77.745	0.05	Adapter 899Hz Probe 3839Hz	11	0.899	70.00	0.121
77.825	0.05	Adapter 899Hz Probe 3839Hz	11	3.839	70.00	0.437
78.005	0.05	Adapter 899Hz Probe 3839Hz	11	0.899	70.00	0.121
78.085	0.05	Adapter 899Hz Probe 3839Hz	11	0.899	70.00	0.121
78.165	0.05	Adapter 899Hz Probe 3839Hz	11	0.899	70.00	0.121
78.245	0.05	Adapter 899Hz Probe 3839Hz	11	0.899	70.00	0.121
78.325	0.05	Adapter 899Hz Probe 3839Hz	11	3.839	70.00	0.437
78.505	0.05	Adapter 899Hz Probe 3839Hz	11	0.899	70.00	0.121
78.585	0.05	Adapter 899Hz Probe 3839Hz	11	0.899	70.00	0.121
78.665	0.05	Adapter 899Hz Probe 3839Hz	11	0.899	70.00	0.121
78.745	0.05	Adapter 899Hz Probe 3839Hz	11	0.899	70.00	0.121
78.825	0.05	Adapter 899Hz Probe 3839Hz	11	3.839	70.00	0.437
79.005	0.05	Adapter 899Hz Probe 3839Hz	11	0.899	70.00	0.121
79.085	0.05	Adapter 899Hz Probe 3839Hz	11	0.899	70.00	0.121
79.165	0.05	Adapter 899Hz Probe 3839Hz	11	0.899	70.00	0.121
79.245	0.05	Adapter 899Hz Probe 3839Hz	11	0.899	70.00	0.121
79.325	0.05	Adapter 899Hz Probe 3839Hz	11	3.839	70.00	0.437
79.505	0.05	Adapter 899Hz Probe 3839Hz	11	0.899	70.00	0.121
79.585	0.05	Adapter 899Hz Probe 3839Hz	11	0.899	70.00	0.121
79.665	0.05	Adapter 899Hz Probe 3839Hz	11	0.899	70.00	0.121
79.745	0.05	Adapter 899Hz Probe 3839Hz	11	0.899	70.00	0.121
79.825	0.05	Adapter 899Hz Probe 3839Hz	11	3.839	70.00	0.437
80.005	0.05	Adapter 899Hz Probe 3839Hz	11	0.899	70.00	0.121
80.085	0.05	Adapter 899Hz Probe 3839Hz	11	0.899	70.00	0.121
80.165	0.05	Adapter 899Hz Probe 3839Hz	11	0.899	70.00	0.121
80.245	0.05	Adapter 899Hz Probe 3839Hz	11	0.899	70.00	0.121
80.325	0.05	Adapter 899Hz Probe 3839Hz	11	3.839	70.00	0.437
80.505	0.05	Adapter 899Hz Probe 3839Hz	11	0.899	70.00	0.121
80.585	0.05	Adapter 899Hz Probe 3839Hz	11	0.899	70.00	0.121
80.665	0.05	Adapter 899Hz Probe 3839Hz	11	0.899	70.00	0.121
80.745	0.05	Adapter 899Hz Probe 3839Hz	11	0.899	70.00	0.121
80.825	0.05	Adapter 899Hz Probe 3839Hz	11	3.839	70.00	0.437
81.005	0.05	Adapter 899Hz Probe 3839Hz	11	0.899	70.00	0.121
81.085	0.05	Adapter 899Hz Probe 3839Hz	11	0.899	70.00	0.121
81.165	0.05	Adapter 899Hz Probe 3839Hz	11	0.899	70.00	0.121
81.245	0.05	Adapter 899Hz Probe 3839Hz	11	0.899	70.00	0.121
81.325	0.05	Adapter 899Hz Probe 3839Hz	11	3.839	70.00	0.437
81.505	0.05	Adapter 899Hz Probe 3839Hz	11	0.899	70.00	0.121
81.585	0.05	Adapter 899Hz Probe 3839Hz	11	0.899	70.00	0.121
81.665	0.05	Adapter 899Hz Probe 3839Hz	11	0.899	70.00	0.121
81.745	0.05	Adapter 899Hz Probe 3839Hz	11	0.899	70.00	0.121
81.825	0.05	Adapter 899Hz Probe 3839Hz	11	3.839	70.00	0.437
82.005	0.05	Adapter 899Hz Probe 3839Hz	11	0.899	70.00	0.121
82.085	0.05	Adapter 899Hz Probe 3839Hz	11	0.899	70.00	0.121
82.165	0.05	Adapter 899Hz Probe 3839Hz	11	0.899	70.00	0.121
82.245	0.05	Adapter 899Hz Probe 3839Hz	11	0.899	70.00	0.121
82.325	0.05	Adapter 899Hz Probe 3839Hz	11	3.839	70.00	0.437
85.04	0.05	Adapter 2423Hz	12	2.423	70.00	0.285
85.12	0.05	Adapter 2423Hz	12	2.423	70.00	0.285
85.2	0.05	Adapter 2423Hz	12	2.423	70.00	0.285
85.28	0.05	Adapter 2423Hz	12	2.423	70.00	0.285
85.54	0.05	Adapter 2423Hz	12	2.423	70.00	0.285
85.62	0.05	Adapter 2423Hz	12	2.423	70.00	0.285
85.7	0.05	Adapter 2423Hz	12	2.423	70.00	0.285
85.78	0.05	Adapter 2423Hz	12	2.423	70.00	0.285
86.04	0.05	Adapter 2423Hz	12	2.423	70.00	0.285
86.12	0.05	Adapter 2423Hz	12	2.423	70.00	0.285
86.2	0.05	Adapter 2423Hz	12	2.423	70.00	0.285
86.28	0.05	Adapter 2423Hz	12	2.423	70.00	0.285
86.54	0.05	Adapter 2423Hz	12	2.423	70.00	0.285
86.62	0.05	Adapter 2423Hz	12	2.423	70.00	0.285
86.7	0.05	Adapter 2423Hz	12	2.423	70.00	0.285
86.78	0.05	Adapter 2423Hz	12	2.423	70.00	0.285
87.04	0.05	Adapter 2423Hz	12	2.423	70.00	0.285
87.12	0.05	Adapter 2423Hz	12	2.423	70.00	0.285
87.2	0.05	Adapter 2423Hz	12	2.423	70.00	0.285
87.28	0.05	Adapter 2423Hz	12	2.423	70.00	0.285
87.54	0.05	Adapter 2423Hz	12	2.423	70.00	0.285
87.62	0.05	Adapter 2423Hz	12	2.423	70.00	0.285
87.7	0.05	Adapter 2423Hz	12	2.423	70.00	0.285
87.78	0.05	Adapter 2423Hz	12	2.423	70.00	0.285
88.04	0.05	Adapter 2423Hz	12	2.423	70.00	0.285
88.12	0.05	Adapter 2423Hz	12	2.423	70.00	0.285
88.2	0.05	Adapter 2423Hz	12	2.423	70.00	0.285
88.28	0.05	Adapter 2423Hz	12	2.423	70.00	0.285
88.54	0.05	Adapter 2423Hz	12	2.423	70.00	0.285
88.62	0.05	Adapter 2423Hz	12	2.423	70.00	0.285
88.7	0.05	Adapter 2423Hz	12	2.423	70.00	0.285
88.78	0.05	Adapter 2423Hz	12	2.423	70.00	0.285
89.04	0.05	Adapter 2423Hz	12	2.423	70.00	0.285
89.12	0.05	Adapter 2423Hz	12	2.423	70.00	0.285
89.2	0.05	Adapter 2423Hz	12	2.423	70.00	0.285
89.28	0.05	Adapter 2423Hz	12	2.423	70.00	0.285
89.54	0.05	Adapter 2423Hz	12	2.423	70.00	0.285
89.62	0.05	Adapter 2423Hz	12	2.423	70.00	0.285
89.7	0.05	Adapter 2423Hz	12	2.423	70.00	0.285
89.78	0.05	Adapter 2423Hz	12	2.423	70.00	0.285
100.016	0.05	Adapter 3839Hz Probe 3839Hz	14	3.839	70.00	0.437
100.096	0.05	Adapter 3839Hz Probe 3839Hz	14	3.839	70.00	0.437
100.176	0.05	Adapter 3839Hz Probe 3839Hz	14	3.839	70.00	0.437
100.256	0.05	Adapter 3839Hz Probe 3839Hz	14	3.839	70.00	0.437
100.336	0.05	Adapter 3839Hz Probe 3839Hz	14	3.839	70.00	0.437
100.516	0.05	Adapter 3839Hz Probe 3839Hz	14	3.839	70.00	0.437
100.596	0.05	Adapter 3839Hz Probe 3839Hz	14	3.839	70.00	0.437
100.676	0.05	Adapter 3839Hz Probe 3839Hz	14	3.839	70.00	0.437
100.756	0.05	Adapter 3839Hz Probe 3839Hz	14	3.839	70.00	0.437
100.836	0.05	Adapter 3839Hz Probe 3839Hz	14	3.839	70.00	0.437
101.016	0.05	Adapter 3839Hz Probe 3839Hz	14	3.839	70.00	0.437
101.096	0.05	Adapter 3839Hz Probe 3839Hz	14	3.839	70.00	0.437
101.176	0.05	Adapter 3839Hz Probe 3839Hz	14	3.839	70.00	0.437
101.256	0.05	Adapter 3839Hz Probe 3839Hz	14	3.839	70.00	0.437
101.336	0.05	Adapter 3839Hz Probe 3839Hz	14	3.839	70.00	0.437
101.516	0.05	Adapter 3839Hz Probe 3839Hz	14	3.839	70.00	0.437
101.596	0.05	Adapter 3839Hz Probe 3839Hz	14	3.839	70.00	0.437
101.676	0.05	Adapter 3839Hz Probe 3839Hz	14	3.839	70.00	0.437
101.756	0.05	Adapter 3839Hz Probe 3839Hz	14	3.839	70.00	0.437
101.836	0.05	Adapter 3839Hz Probe 3839Hz	14	3.839	70.00	0.437
102.016	0.05	Adapter 3839Hz Probe 3839Hz	14	3.839	70.00	0.437
102.096	0.05	Adapter 3839Hz Probe 3839Hz	14	3.839	70.00	0.437
102.176	0.05	Adapter 3839Hz Probe 3839Hz	14	3.839	70.00	0.437
102.256	0.05	Adapter 3839Hz Probe 3839Hz	14	3.839	70.00	0.437
102.336	0.05	Adapter 3839Hz Probe 3839Hz	14	3.839	70.00	0.437
102.516	0.05	Adapter 3839Hz Probe 3839Hz	14	3.839	70.00	0.437
102.596	0.05	Adapter 3839Hz Probe 3839Hz	14	3.839	70.00	0.437
102.676	0.05	Adapter 3839Hz Probe 3839Hz	14	3.839	70.00	0.437
102.756	0.05	Adapter 3839Hz Probe 3839Hz	14	3.839	70.00	0.437
102.836	0.05	Adapter 3839Hz Probe 3839Hz	14	3.839	70.00	0.437
103.016	0.05	Adapter 3839Hz Probe 3839Hz	14	3.839	70.00	0.437
103.096	0.05	Adapter 3839Hz Probe 3839Hz	14	3.839	70.00	0.437
103.176	0.05	Adapter 3839Hz Probe 3839Hz	14	3.839	70.00	0.437
103.256	0.05	Adapter 3839Hz Probe 3839Hz	14	3.839	70.00	0.437
103.336	0.05	Adapter 3839Hz Probe 3839Hz	14	3.839	70.00	0.437
103.516	0.05	Adapter 3839Hz Probe 3839Hz	14	3.839	70.00	0.437
103.596	0.05	Adapter 3839Hz Probe 3839Hz	14	3.839	70.00	0.437
103.676	0.05	Adapter 3839Hz Probe 3839Hz	14	3.839	70.00	0.437
103.756	0.05	Adapter 3839Hz Probe 3839Hz	14	3.839	70.00	0.437
103.836	0.05	Adapter 3839Hz Probe 3839Hz	14	3.839	70.00	0.437
104.016	0.05	Adapter 3839Hz Probe 3839Hz	14	3.839	70.00	0.437
104.096	0.05	Adapter 3839Hz Probe 3839Hz	14	3.839	70.00	0.437
104.176	0.05	Adapter 3839Hz Probe 3839Hz	14	3.839	70.00	0.437
104.256	0.05	Adapter 3839Hz Probe 3839Hz	14	3.839	70.00	0.437
104.336	0.05	Adapter 3839Hz Probe 3839Hz	14	3.839	70.00	0.437
104.516	0.05	Adapter 3839Hz Probe 3839Hz	14	3.839	70.00	0.437
104.596	0.05	Adapter 3839Hz Probe 3839Hz	14	3.839	70.00	0.437
104.676	0.05	Adapter 3839Hz Probe 3839Hz	14	3.839	70.00	0.437
104.756	0.05	Adapter 3839Hz Probe 3839Hz	14	3.839	70.00	0.437
104.836	0.05	Adapter 3839Hz Probe 3839Hz	14	3.839	70.00	0.437
107.535	0.05	Adapter 1501Hz	15	1.501	70.00	0.186
107.615	0.05	Adapter 1501Hz	15	1.501	70.00	0.186
107.695	0.05	Adapter 1501Hz	15	1.501	70.00	0.186
107.775	0.05	Adapter 1501Hz	15	1.501	70.00	0.186
108.035	0.05	Adapter 1501Hz	15	1.501	70.00	0.186
108.115	0.05	Adapter 1501Hz	15	1.501	70.00	0.186
108.195	0.05	Adapter 1501Hz	15	1.501	70.00	0.186
108.275	0.05	Adapter 1501Hz	15	1.501	70.00	0.186
108.535	0.05	Adapter 1501Hz	15	1.501	70.00	0.186
108.615	0.05	Adapter 1501Hz	15	1.501	70.00	0.186
108.695	0.05	Adapter 1501Hz	15	1.501	70.00	0.186
108.775	0.05	Adapter 1501Hz	15	1.501	70.00	0.186
109.035	0.05	Adapter 1501Hz	15	1.501	70.00	0.186
109.115	0.05	Adapter 1501Hz	15	1.501	70.00	0.186
109.195	0.05	Adapter 1501Hz	15	1.501	70.00	0.186
109.275	0.05	Adapter 1501Hz	15	1.501	70.00	0.186
109.535	0.05	Adapter 1501Hz	15	1.501	70.00	0.186
109.615	0.05	Adapter 1501Hz	15	1.501	70.00	0.186
109.695	0.05	Adapter 1501Hz	15	1.501	70.00	0.186
109.775	0.05	Adapter 1501Hz	15	1.501	70.00	0.186
110.035	0.05	Adapter 1501Hz	15	1.501	70.00	0.186
110.115	0.05	Adapter 1501Hz	15	1.501	70.00	0.186
110.195	0.05	Adapter 1501Hz	15	1.501	70.00	0.186
110.275	0.05	Adapter 1501Hz	15	1.501	70.00	0.186
110.535	0.05	Adapter 1501Hz	15	1.501	70.00	0.186
110.615	0.05	Adapter 1501Hz	15	1.501	70.00	0.186
110.695	0.05	Adapter 1501Hz	15	1.501	70.00	0.186
110.775	0.05	Adapter 1501Hz	15	1.501	70.00	0.186
111.035	0.05	Adapter 1501Hz	15	1.501	70.00	0.186
111.115	0.05	Adapter 1501Hz	15	1.501	70.00	0.186
111.195	0.05	Adapter 1501Hz	15	1.501	70.00	0.186
111.275	0.05	Adapter 1501Hz	15	1.501	70.00	0.186
111.535	0.05	Adapter 1501Hz	15	1.501	70.00	0.186
111.615	0.05	Adapter 1501Hz	15	1.501	70.00	0.186
111.695	0.05	Adapter 1501Hz	15	1.501	70.00	0.186
111.775	0.05	Adapter 1501Hz	15	1.501	70.00	0.186
112.035	0.05	Adapter 1501Hz	15	1.501	70.00	0.186
112.115	0.05	Adapter 1501Hz	15	1.501	70.00	0.186
112.195	0.05	Adapter 1501Hz	15	1.501	70.00	0.186
112.275	0.05	Adapter 1501Hz	15	1.501	70.00	0.186
115.039	0.05	Adapter 3839Hz	16	3.839	70.00	0.437
115.119	0.05	Adapter 3839Hz	16	3.839	70.00	0.437
115.199	0.05	Adapter 3839Hz	16	3.839	70.00	0.437
115.279	0.05	Adapter 3839Hz	16	3.839	70.00	0.437
115.539	0.05	Adapter 3839Hz	16	3.839	70.00	0.437
115.619	0.05	Adapter 3839Hz	16	3.839	70.00	0.437
115.699	0.05	Adapter 3839Hz	16	3.839	70.00	0.437
115.779	0.05	Adapter 3839Hz	16	3.839	70.00	0.437
116.039	0.05	Adapter 3839Hz	16	3.839	70.00	0.437
116.119	0.05	Adapter 3839Hz	16	3.839	70.00	0.437
116.199	0.05	Adapter 3839Hz	16	3.839	70.00	0.437
116.279	0.05	Adapter 3839Hz	16	3.839	70.00	0.437
116.539	0.05	Adapter 3839Hz	16	3.839	70.00	0.437
116.619	0.05	Adapter 3839Hz	16	3.839	70.00	0.437
116.699	0.05	Adapter 3839Hz	16	3.839	70.00	0.437
116.779	0.05	Adapter 3839Hz	16	3.839	70.00	0.437
117.039	0.05	Adapter 3839Hz	16	3.839	70.00	0.437
117.119	0.05	Adapter 3839Hz	16	3.839	70.00	0.437
117.199	0.05	Adapter 3839Hz	16	3.839	70.00	0.437
117.279	0.05	Adapter 3839Hz	16	3.839	70.00	0.437
117.539	0.05	Adapter 3839Hz	16	3.839	70.00	0.437
117.619	0.05	Adapter 3839Hz	16	3.839	70.00	0.437
117.699	0.05	Adapter 3839Hz	16	3.839	70.00	0.437
117.779	0.05	Adapter 3839Hz	16	3.839	70.00	0.437
118.039	0.05	Adapter 3839Hz	16	3.839	70.00	0.437
118.119	0.05	Adapter 3839Hz	16	3.839	70.00	0.437
118.199	0.05	Adapter 3839Hz	16	3.839	70.00	0.437
118.279	0.05	Adapter 3839Hz	16	3.839	70.00	0.437
118.539	0.05	Adapter 3839Hz	16	3.839	70.00	0.437
118.619	0.05	Adapter 3839Hz	16	3.839	70.00	0.437
118.699	0.05	Adapter 3839Hz	16	3.839	70.00	0.437
118.779	0.05	Adapter 3839Hz	16	3.839	70.00	0.437
119.039	0.05	Adapter 3839Hz	16	3.839	70.00	0.437
119.119	0.05	Adapter 3839Hz	16	3.839	70.00	0.437
119.199	0.05	Adapter 3839Hz	16	3.839	70.00	0.437
119.279	0.05	Adapter 3839Hz	16	3.839	70.00	0.437
119.539	0.05	Adapter 3839Hz	16	3.839	70.00	0.437
119.619	0.05	Adapter 3839Hz	16	3.839	70.00	0.437
119.699	0.05	Adapter 3839Hz	16	3.839	70.00	0.437
119.779	0.05	Adapter 3839Hz	16	3.839	70.00	0.437
122.511	0.05	Adapter 1501Hz Probe 3839Hz	17	1.501	70.00	0.186
122.591	0.05	Adapter 1501Hz Probe 3839Hz	17	1.501	70.00	0.186
122.671	0.05	Adapter 1501Hz Probe 3839Hz	17	1.501	70.00	0.186
122.751	0.05	Adapter 1501Hz Probe 3839Hz	17	1.501	70.00	0.186
122.831	0.05	Adapter 1501Hz Probe 3839Hz	17	3.839	70.00	0.437
123.011	0.05	Adapter 1501Hz Probe 3839Hz	17	1.501	70.00	0.186
123.091	0.05	Adapter 1501Hz Probe 3839Hz	17	1.501	70.00	0.186
123.171	0.05	Adapter 1501Hz Probe 3839Hz	17	1.501	70.00	0.186
123.251	0.05	Adapter 1501Hz Probe 3839Hz	17	1.501	70.00	0.186
123.331	0.05	Adapter 1501Hz Probe 3839Hz	17	3.839	70.00	0.437
123.511	0.05	Adapter 1501Hz Probe 3839Hz	17	1.501	70.00	0.186
123.591	0.05	Adapter 1501Hz Probe 3839Hz	17	1.501	70.00	0.186
123.671	0.05	Adapter 1501Hz Probe 3839Hz	17	1.501	70.00	0.186
123.751	0.05	Adapter 1501Hz Probe 3839Hz	17	1.501	70.00	0.186
123.831	0.05	Adapter 1501Hz Probe 3839Hz	17	3.839	70.00	0.437
124.011	0.05	Adapter 1501Hz Probe 3839Hz	17	1.501	70.00	0.186
124.091	0.05	Adapter 1501Hz Probe 3839Hz	17	1.501	70.00	0.186
124.171	0.05	Adapter 1501Hz Probe 3839Hz	17	1.501	70.00	0.186
124.251	0.05	Adapter 1501Hz Probe 3839Hz	17	1.501	70.00	0.186
124.331	0.05	Adapter 1501Hz Probe 3839Hz	17	3.839	70.00	0.437
124.511	0.05	Adapter 1501Hz Probe 3839Hz	17	1.501	70.00	0.186
124.591	0.05	Adapter 1501Hz Probe 3839Hz	17	1.501	70.00	0.186
124.671	0.05	Adapter 1501Hz Probe 3839Hz	17	1.501	70.00	0.186
124.751	0.05	Adapter 1501Hz Probe 3839Hz	17	1.501	70.00	0.186
124.831	0.05	Adapter 1501Hz Probe 3839Hz	17	3.839	70.00	0.437
125.011	0.05	Adapter 1501Hz Probe 3839Hz	17	1.501	70.00	0.186
125.091	0.05	Adapter 1501Hz Probe 3839Hz	17	1.501	70.00	0.186
125.171	0.05	Adapter 1501Hz Probe 3839Hz	17	1.501	70.00	0.186
125.251	0.05	Adapter 1501Hz Probe 3839Hz	17	1.501	70.00	0.186
125.331	0.05	Adapter 1501Hz Probe 3839Hz	17	3.839	70.00	0.437
125.511	0.05	Adapter 1501Hz Probe 3839Hz	17	1.501	70.00	0.186
125.591	0.05	Adapter 1501Hz Probe 3839Hz	17	1.501	70.00	0.186
125.671	0.05	Adapter 1501Hz Probe 3839Hz	17	1.501	70.00	0.186
125.751	0.05	Adapter 1501Hz Probe 3839Hz	17	1.501	70.00	0.186
125.831	0.05	Adapter 1501Hz Probe 3839Hz	17	3.839	70.00	0.437
126.011	0.05	Adapter 1501Hz Probe 3839Hz	17	1.501	70.00	0.186
126.091	0.05	Adapter 1501Hz Probe 3839Hz	17	1.501	70.00	0.186
126.171	0.05	Adapter 1501Hz Probe 3839Hz	17	1.501	70.00	0.186
126.251	0.05	Adapter 1501Hz Probe 3839Hz	17	1.501	70.00	0.186
126.331	0.05	Adapter 1501Hz Probe 3839Hz	17	3.839	70.00	0.437
126.511	0.05	Adapter 1501Hz Probe 3839Hz	17	1.501	70.00	0.186
126.591	0.05	Adapter 1501Hz Probe 3839Hz	17	1.501	70.00	0.186
126.671	0.05	Adapter 1501Hz Probe 3839Hz	17	1.501	70.00	0.186
126.751	0.05	Adapter 1501Hz Probe 3839Hz	17	1.501	70.00	0.186
126.831	0.05	Adapter 1501Hz Probe 3839Hz	17	3.839	70.00	0.437
127.011	0.05	Adapter 1501Hz Probe 3839Hz	17	1.501	70.00	0.186
127.091	0.05	Adapter 1501Hz Probe 3839Hz	17	1.501	70.00	0.186
127.171	0.05	Adapter 1501Hz Probe 3839Hz	17	1.501	70.00	0.186
127.251	0.05	Adapter 1501Hz Probe 3839Hz	17	1.501	70.00	0.186
127.331	0.05	Adapter 1501Hz Probe 3839Hz	17	3.839	70.00	0.437
130.335	0.05	Probe 3839Hz	18	3.839	70.00	0.437
130.835	0.05	Probe 3839Hz	18	3.839	70.00	0.437
131.335	0.05	Probe 3839Hz	18	3.839	70.00	0.437
131.835	0.05	Probe 3839Hz	18	3.839	70.00	0.437
132.335	0.05	Probe 3839Hz	18	3.839	70.00	0.437
132.835	0.05	Probe 3839Hz	18	3.839	70.00	0.437
133.335	0.05	Probe 3839Hz	18	3.839	70.00	0.437
133.835	0.05	Probe 3839Hz	18	3.839	70.00	0.437
134.335	0.05	Probe 3839Hz	18	3.839	70.00	0.437
134.835	0.05	Probe 3839Hz	18	3.839	70.00	0.437
145.037	0.05	Adapter 1501Hz	20	1.501	70.00	0.186
145.117	0.05	Adapter 1501Hz	20	1.501	70.00	0.186
145.197	0.05	Adapter 1501Hz	20	1.501	70.00	0.186
145.277	0.05	Adapter 1501Hz	20	1.501	70.00	0.186
145.537	0.05	Adapter 1501Hz	20	1.501	70.00	0.186
145.617	0.05	Adapter 1501Hz	20	1.501	70.00	0.186
145.697	0.05	Adapter 1501Hz	20	1.501	70.00	0.186
145.777	0.05	Adapter 1501Hz	20	1.501	70.00	0.186
146.037	0.05	Adapter 1501Hz	20	1.501	70.00	0.186
146.117	0.05	Adapter 1501Hz	20	1.501	70.00	0.186
146.197	0.05	Adapter 1501Hz	20	1.501	70.00	0.186
146.277	0.05	Adapter 1501Hz	20	1.501	70.00	0.186
146.537	0.05	Adapter 1501Hz	20	1.501	70.00	0.186
146.617	0.05	Adapter 1501Hz	20	1.501	70.00	0.186
146.697	0.05	Adapter 1501Hz	20	1.501	70.00	0.186
146.777	0.05	Adapter 1501Hz	20	1.501	70.00	0.186
147.037	0.05	Adapter 1501Hz	20	1.501	70.00	0.186
147.117	0.05	Adapter 1501Hz	20	1.501	70.00	0.186
147.197	0.05	Adapter 1501Hz	20	1.501	70.00	0.186
147.277	0.05	Adapter 1501Hz	20	1.501	70.00	0.186
147.537	0.05	Adapter 1501Hz	20	1.501	70.00	0.186
147.617	0.05	Adapter 1501Hz	20	1.501	70.00	0.186
147.697	0.05	Adapter 1501Hz	20	1.501	70.00	0.186
147.777	0.05	Adapter 1501Hz	20	1.501	70.00	0.186
148.037	0.05	Adapter 1501Hz	20	1.501	70.00	0.186
148.117	0.05	Adapter 1501Hz	20	1.501	70.00	0.186
148.197	0.05	Adapter 1501Hz	20	1.501	70.00	0.186
148.277	0.05	Adapter 1501Hz	20	1.501	70.00	0.186
148.537	0.05	Adapter 1501Hz	20	1.501	70.00	0.186
148.617	0.05	Adapter 1501Hz	20	1.501	70.00	0.186
148.697	0.05	Adapter 1501Hz	20	1.501	70.00	0.186
148.777	0.05	Adapter 1501Hz	20	1.501	70.00	0.186
149.037	0.05	Adapter 1501Hz	20	1.501	70.00	0.186
149.117	0.05	Adapter 1501Hz	20	1.501	70.00	0.186
149.197	0.05	Adapter 1501Hz	20	1.501	70.00	0.186
149.277	0.05	Adapter 1501Hz	20	1.501	70.00	0.186
149.537	0.05	Adapter 1501Hz	20	1.501	70.00	0.186
149.617	0.05	Adapter 1501Hz	20	1.501	70.00	0.186
149.697	0.05	Adapter 1501Hz	20	1.501	70.00	0.186
149.777	0.05	Adapter 1501Hz	20	1.501	70.00	0.186
160.029	0.05	Adapter 3839Hz	22	3.839	70.00	0.437
160.109	0.05	Adapter 3839Hz	22	3.839	70.00	0.437
160.189	0.05	Adapter 3839Hz	22	3.839	70.00	0.437
160.269	0.05	Adapter 3839Hz	22	3.839	70.00	0.437
160.529	0.05	Adapter 3839Hz	22	3.839	70.00	0.437
160.609	0.05	Adapter 3839Hz	22	3.839	70.00	0.437
160.689	0.05	Adapter 3839Hz	22	3.839	70.00	0.437
160.769	0.05	Adapter 3839Hz	22	3.839	70.00	0.437
161.029	0.05	Adapter 3839Hz	22	3.839	70.00	0.437
161.109	0.05	Adapter 3839Hz	22	3.839	70.00	0.437
161.189	0.05	Adapter 3839Hz	22	3.839	70.00	0.437
161.269	0.05	Adapter 3839Hz	22	3.839	70.00	0.437
161.529	0.05	Adapter 3839Hz	22	3.839	70.00	0.437
161.609	0.05	Adapter 3839Hz	22	3.839	70.00	0.437
161.689	0.05	Adapter 3839Hz	22	3.839	70.00	0.437
161.769	0.05	Adapter 3839Hz	22	3.839	70.00	0.437
162.029	0.05	Adapter 3839Hz	22	3.839	70.00	0.437
162.109	0.05	Adapter 3839Hz	22	3.839	70.00	0.437
162.189	0.05	Adapter 3839Hz	22	3.839	70.00	0.437
162.269	0.05	Adapter 3839Hz	22	3.839	70.00	0.437
162.529	0.05	Adapter 3839Hz	22	3.839	70.00	0.437
162.609	0.05	Adapter 3839Hz	22	3.839	70.00	0.437
162.689	0.05	Adapter 3839Hz	22	3.839	70.00	0.437
162.769	0.05	Adapter 3839Hz	22	3.839	70.00	0.437
163.029	0.05	Adapter 3839Hz	22	3.839	70.00	0.437
163.109	0.05	Adapter 3839Hz	22	3.839	70.00	0.437
163.189	0.05	Adapter 3839Hz	22	3.839	70.00	0.437
163.269	0.05	Adapter 3839Hz	22	3.839	70.00	0.437
163.529	0.05	Adapter 3839Hz	22	3.839	70.00	0.437
163.609	0.05	Adapter 3839Hz	22	3.839	70.00	0.437
163.689	0.05	Adapter 3839Hz	22	3.839	70.00	0.437
163.769	0.05	Adapter 3839Hz	22	3.839	70.00	0.437
164.029	0.05	Adapter 3839Hz	22	3.839	70.00	0.437
164.109	0.05	Adapter 3839Hz	22	3.839	70.00	0.437
164.189	0.05	Adapter 3839Hz	22	3.839	70.00	0.437
164.269	0.05	Adapter 3839Hz	22	3.839	70.00	0.437
164.529	0.05	Adapter 3839Hz	22	3.839	70.00	0.437
164.609	0.05	Adapter 3839Hz	22	3.839	70.00	0.437
164.689	0.05	Adapter 3839Hz	22	3.839	70.00	0.437
164.769	0.05	Adapter 3839Hz	22	3.839	70.00	0.437
167.533	0.05	Adapter 251Hz	23	0.251	70.00	0.052
167.613	0.05	Adapter 251Hz	23	0.251	70.00	0.052
167.693	0.05	Adapter 251Hz	23	0.251	70.00	0.052
167.773	0.05	Adapter 251Hz	23	0.251	70.00	0.052
168.033	0.05	Adapter 251Hz	23	0.251	70.00	0.052
168.113	0.05	Adapter 251Hz	23	0.251	70.00	0.052
168.193	0.05	Adapter 251Hz	23	0.251	70.00	0.052
168.273	0.05	Adapter 251Hz	23	0.251	70.00	0.052
168.533	0.05	Adapter 251Hz	23	0.251	70.00	0.052
168.613	0.05	Adapter 251Hz	23	0.251	70.00	0.052
168.693	0.05	Adapter 251Hz	23	0.251	70.00	0.052
168.773	0.05	Adapter 251Hz	23	0.251	70.00	0.052
169.033	0.05	Adapter 251Hz	23	0.251	70.00	0.052
169.113	0.05	Adapter 251Hz	23	0.251	70.00	0.052
169.193	0.05	Adapter 251Hz	23	0.251	70.00	0.052
169.273	0.05	Adapter 251Hz	23	0.251	70.00	0.052
169.533	0.05	Adapter 251Hz	23	0.251	70.00	0.052
169.613	0.05	Adapter 251Hz	23	0.251	70.00	0.052
169.693	0.05	Adapter 251Hz	23	0.251	70.00	0.052
169.773	0.05	Adapter 251Hz	23	0.251	70.00	0.052
170.033	0.05	Adapter 251Hz	23	0.251	70.00	0.052
170.113	0.05	Adapter 251Hz	23	0.251	70.00	0.052
170.193	0.05	Adapter 251Hz	23	0.251	70.00	0.052
170.273	0.05	Adapter 251Hz	23	0.251	70.00	0.052
170.533	0.05	Adapter 251Hz	23	0.251	70.00	0.052
170.613	0.05	Adapter 251Hz	23	0.251	70.00	0.052
170.693	0.05	Adapter 251Hz	23	0.251	70.00	0.052
170.773	0.05	Adapter 251Hz	23	0.251	70.00	0.052
171.033	0.05	Adapter 251Hz	23	0.251	70.00	0.052
171.113	0.05	Adapter 251Hz	23	0.251	70.00	0.052
171.193	0.05	Adapter 251Hz	23	0.251	70.00	0.052
171.273	0.05	Adapter 251Hz	23	0.251	70.00	0.052
171.533	0.05	Adapter 251Hz	23	0.251	70.00	0.052
171.613	0.05	Adapter 251Hz	23	0.251	70.00	0.052
171.693	0.05	Adapter 251Hz	23	0.251	70.00	0.052
171.773	0.05	Adapter 251Hz	23	0.251	70.00	0.052
172.033	0.05	Adapter 251Hz	23	0.251	70.00	0.052
172.113	0.05	Adapter 251Hz	23	0.251	70.00	0.052
172.193	0.05	Adapter 251Hz	23	0.251	70.00	0.052
172.273	0.05	Adapter 251Hz	23	0.251	70.00	0.052
175.021	0.05	Adapter 899Hz	24	0.899	70.00	0.121
175.101	0.05	Adapter 899Hz	24	0.899	70.00	0.121
175.181	0.05	Adapter 899Hz	24	0.899	70.00	0.121
175.261	0.05	Adapter 899Hz	24	0.899	70.00	0.121
175.521	0.05	Adapter 899Hz	24	0.899	70.00	0.121
175.601	0.05	Adapter 899Hz	24	0.899	70.00	0.121
175.681	0.05	Adapter 899Hz	24	0.899	70.00	0.121
175.761	0.05	Adapter 899Hz	24	0.899	70.00	0.121
176.021	0.05	Adapter 899Hz	24	0.899	70.00	0.121
176.101	0.05	Adapter 899Hz	24	0.899	70.00	0.121
176.181	0.05	Adapter 899Hz	24	0.899	70.00	0.121
176.261	0.05	Adapter 899Hz	24	0.899	70.00	0.121
176.521	0.05	Adapter 899Hz	24	0.899	70.00	0.121
176.601	0.05	Adapter 899Hz	24	0.899	70.00	0.121
176.681	0.05	Adapter 899Hz	24	0.899	70.00	0.121
176.761	0.05	Adapter 899Hz	24	0.899	70.00	0.121
177.021	0.05	Adapter 899Hz	24	0.899	70.00	0.121
177.101	0.05	Adapter 899Hz	24	0.899	70.00	0.121
177.181	0.05	Adapter 899Hz	24	0.899	70.00	0.121
177.261	0.05	Adapter 899Hz	24	0.899	70.00	0.121
177.521	0.05	Adapter 899Hz	24	0.899	70.00	0.121
177.601	0.05	Adapter 899Hz	24	0.899	70.00	0.121
177.681	0.05	Adapter 899Hz	24	0.899	70.00	0.121
177.761	0.05	Adapter 899Hz	24	0.899	70.00	0.121
178.021	0.05	Adapter 899Hz	24	0.899	70.00	0.121
178.101	0.05	Adapter 899Hz	24	0.899	70.00	0.121
178.181	0.05	Adapter 899Hz	24	0.899	70.00	0.121
178.261	0.05	Adapter 899Hz	24	0.899	70.00	0.121
178.521	0.05	Adapter 899Hz	24	0.899	70.00	0.121
178.601	0.05	Adapter 899Hz	24	0.899	70.00	0.121
178.681	0.05	Adapter 899Hz	24	0.899	70.00	0.121
178.761	0.05	Adapter 899Hz	24	0.899	70.00	0.121
179.021	0.05	Adapter 899Hz	24	0.899	70.00	0.121
179.101	0.05	Adapter 899Hz	24	0.899	70.00	0.121
179.181	0.05	Adapter 899Hz	24	0.899	70.00	0.121
179.261	0.05	Adapter 899Hz	24	0.899	70.00	0.121
179.521	0.05	Adapter 899Hz	24	0.899	70.00	0.121
179.601	0.05	Adapter 899Hz	24	0.899	70.00	0.121
179.681	0.05	Adapter 899Hz	24	0.899	70.00	0.121
179.761	0.05	Adapter 899Hz	24	0.899	70.00	0.121
182.493	0.05	Adapter 3839Hz Probe 3839Hz	25	3.839	70.00	0.437
182.573	0.05	Adapter 3839Hz Probe 3839Hz	25	3.839	70.00	0.437
182.653	0.05	Adapter 3839Hz Probe 3839Hz	25	3.839	70.00	0.437
182.733	0.05	Adapter 3839Hz Probe 3839Hz	25	3.839	70.00	0.437
182.813	0.05	Adapter 3839Hz Probe 3839Hz	25	3.839	70.00	0.437
182.993	0.05	Adapter 3839Hz Probe 3839Hz	25	3.839	70.00	0.437
183.073	0.05	Adapter 3839Hz Probe 3839Hz	25	3.839	70.00	0.437
183.153	0.05	Adapter 3839Hz Probe 3839Hz	25	3.839	70.00	0.437
183.233	0.05	Adapter 3839Hz Probe 3839Hz	25	3.839	70.00	0.437
183.313	0.05	Adapter 3839Hz Probe 3839Hz	25	3.839	70.00	0.437
183.493	0.05	Adapter 3839Hz Probe 3839Hz	25	3.839	70.00	0.437
183.573	0.05	Adapter 3839Hz Probe 3839Hz	25	3.839	70.00	0.437
183.653	0.05	Adapter 3839Hz Probe 3839Hz	25	3.839	70.00	0.437
183.733	0.05	Adapter 3839Hz Probe 3839Hz	25	3.839	70.00	0.437
183.813	0.05	Adapter 3839Hz Probe 3839Hz	25	3.839	70.00	0.437
183.993	0.05	Adapter 3839Hz Probe 3839Hz	25	3.839	70.00	0.437
184.073	0.05	Adapter 3839Hz Probe 3839Hz	25	3.839	70.00	0.437
184.153	0.05	Adapter 3839Hz Probe 3839Hz	25	3.839	70.00	0.437
184.233	0.05	Adapter 3839Hz Probe 3839Hz	25	3.839	70.00	0.437
184.313	0.05	Adapter 3839Hz Probe 3839Hz	25	3.839	70.00	0.437
184.493	0.05	Adapter 3839Hz Probe 3839Hz	25	3.839	70.00	0.437
184.573	0.05	Adapter 3839Hz Probe 3839Hz	25	3.839	70.00	0.437
184.653	0.05	Adapter 3839Hz Probe 3839Hz	25	3.839	70.00	0.437
184.733	0.05	Adapter 3839Hz Probe 3839Hz	25	3.839	70.00	0.437
184.813	0.05	Adapter 3839Hz Probe 3839Hz	25	3.839	70.00	0.437
184.993	0.05	Adapter 3839Hz Probe 3839Hz	25	3.839	70.00	0.437
185.073	0.05	Adapter 3839Hz Probe 3839Hz	25	3.839	70.00	0.437
185.153	0.05	Adapter 3839Hz Probe 3839Hz	25	3.839	70.00	0.437
185.233	0.05	Adapter 3839Hz Probe 3839Hz	25	3.839	70.00	0.437
185.313	0.05	Adapter 3839Hz Probe 3839Hz	25	3.839	70.00	0.437
185.493	0.05	Adapter 3839Hz Probe 3839Hz	25	3.839	70.00	0.437
185.573	0.05	Adapter 3839Hz Probe 3839Hz	25	3.839	70.00	0.437
185.653	0.05	Adapter 3839Hz Probe 3839Hz	25	3.839	70.00	0.437
185.733	0.05	Adapter 3839Hz Probe 3839Hz	25	3.839	70.00	0.437
185.813	0.05	Adapter 3839Hz Probe 3839Hz	25	3.839	70.00	0.437
185.993	0.05	Adapter 3839Hz Probe 3839Hz	25	3.839	70.00	0.437
186.073	0.05	Adapter 3839Hz Probe 3839Hz	25	3.839	70.00	0.437
186.153	0.05	Adapter 3839Hz Probe 3839Hz	25	3.839	70.00	0.437
186.233	0.05	Adapter 3839Hz Probe 3839Hz	25	3.839	70.00	0.437
186.313	0.05	Adapter 3839Hz Probe 3839Hz	25	3.839	70.00	0.437
186.493	0.05	Adapter 3839Hz Probe 3839Hz	25	3.839	70.00	0.437
186.573	0.05	Adapter 3839Hz Probe 3839Hz	25	3.839	70.00	0.437
186.653	0.05	Adapter 3839Hz Probe 3839Hz	25	3.839	70.00	0.437
186.733	0.05	Adapter 3839Hz Probe 3839Hz	25	3.839	70.00	0.437
186.813	0.05	Adapter 3839Hz Probe 3839Hz	25	3.839	70.00	0.437
186.993	0.05	Adapter 3839Hz Probe 3839Hz	25	3.839	70.00	0.437
187.073	0.05	Adapter 3839Hz Probe 3839Hz	25	3.839	70.00	0.437
187.153	0.05	Adapter 3839Hz Probe 3839Hz	25	3.839	70.00	0.437
187.233	0.05	Adapter 3839Hz Probe 3839Hz	25	3.839	70.00	0.437
187.313	0.05	Adapter 3839Hz Probe 3839Hz	25	3.839	70.00	0.437
197.5	0.05	Adapter 899Hz Probe 3839Hz	27	0.899	70.00	0.121
197.58	0.05	Adapter 899Hz Probe 3839Hz	27	0.899	70.00	0.121
197.66	0.05	Adapter 899Hz Probe 3839Hz	27	0.899	70.00	0.121
197.74	0.05	Adapter 899Hz Probe 3839Hz	27	0.899	70.00	0.121
197.82	0.05	Adapter 899Hz Probe 3839Hz	27	3.839	70.00	0.437
198.0	0.05	Adapter 899Hz Probe 3839Hz	27	0.899	70.00	0.121
198.08	0.05	Adapter 899Hz Probe 3839Hz	27	0.899	70.00	0.121
198.16	0.05	Adapter 899Hz Probe 3839Hz	27	0.899	70.00	0.121
198.24	0.05	Adapter 899Hz Probe 3839Hz	27	0.899	70.00	0.121
198.32	0.05	Adapter 899Hz Probe 3839Hz	27	3.839	70.00	0.437
198.5	0.05	Adapter 899Hz Probe 3839Hz	27	0.899	70.00	0.121
198.58	0.05	Adapter 899Hz Probe 3839Hz	27	0.899	70.00	0.121
198.66	0.05	Adapter 899Hz Probe 3839Hz	27	0.899	70.00	0.121
198.74	0.05	Adapter 899Hz Probe 3839Hz	27	0.899	70.00	0.121
198.82	0.05	Adapter 899Hz Probe 3839Hz	27	3.839	70.00	0.437
199.0	0.05	Adapter 899Hz Probe 3839Hz	27	0.899	70.00	0.121
199.08	0.05	Adapter 899Hz Probe 3839Hz	27	0.899	70.00	0.121
199.16	0.05	Adapter 899Hz Probe 3839Hz	27	0.899	70.00	0.121
199.24	0.05	Adapter 899Hz Probe 3839Hz	27	0.899	70.00	0.121
199.32	0.05	Adapter 899Hz Probe 3839Hz	27	3.839	70.00	0.437
199.5	0.05	Adapter 899Hz Probe 3839Hz	27	0.899	70.00	0.121
199.58	0.05	Adapter 899Hz Probe 3839Hz	27	0.899	70.00	0.121
199.66	0.05	Adapter 899Hz Probe 3839Hz	27	0.899	70.00	0.121
199.74	0.05	Adapter 899Hz Probe 3839Hz	27	0.899	70.00	0.121
199.82	0.05	Adapter 899Hz Probe 3839Hz	27	3.839	70.00	0.437
200.0	0.05	Adapter 899Hz Probe 3839Hz	27	0.899	70.00	0.121
200.08	0.05	Adapter 899Hz Probe 3839Hz	27	0.899	70.00	0.121
200.16	0.05	Adapter 899Hz Probe 3839Hz	27	0.899	70.00	0.121
200.24	0.05	Adapter 899Hz Probe 3839Hz	27	0.899	70.00	0.121
200.32	0.05	Adapter 899Hz Probe 3839Hz	27	3.839	70.00	0.437
200.5	0.05	Adapter 899Hz Probe 3839Hz	27	0.899	70.00	0.121
200.58	0.05	Adapter 899Hz Probe 3839Hz	27	0.899	70.00	0.121
200.66	0.05	Adapter 899Hz Probe 3839Hz	27	0.899	70.00	0.121
200.74	0.05	Adapter 899Hz Probe 3839Hz	27	0.899	70.00	0.121
200.82	0.05	Adapter 899Hz Probe 3839Hz	27	3.839	70.00	0.437
201.0	0.05	Adapter 899Hz Probe 3839Hz	27	0.899	70.00	0.121
201.08	0.05	Adapter 899Hz Probe 3839Hz	27	0.899	70.00	0.121
201.16	0.05	Adapter 899Hz Probe 3839Hz	27	0.899	70.00	0.121
201.24	0.05	Adapter 899Hz Probe 3839Hz	27	0.899	70.00	0.121
201.32	0.05	Adapter 899Hz Probe 3839Hz	27	3.839	70.00	0.437
201.5	0.05	Adapter 899Hz Probe 3839Hz	27	0.899	70.00	0.121
201.58	0.05	Adapter 899Hz Probe 3839Hz	27	0.899	70.00	0.121
201.66	0.05	Adapter 899Hz Probe 3839Hz	27	0.899	70.00	0.121
201.74	0.05	Adapter 899Hz Probe 3839Hz	27	0.899	70.00	0.121
201.82	0.05	Adapter 899Hz Probe 3839Hz	27	3.839	70.00	0.437
202.0	0.05	Adapter 899Hz Probe 3839Hz	27	0.899	70.00	0.121
202.08	0.05	Adapter 899Hz Probe 3839Hz	27	0.899	70.00	0.121
202.16	0.05	Adapter 899Hz Probe 3839Hz	27	0.899	70.00	0.121
202.24	0.05	Adapter 899Hz Probe 3839Hz	27	0.899	70.00	0.121
202.32	0.05	Adapter 899Hz Probe 3839Hz	27	3.839	70.00	0.437
204.988	0.05	Adapter 2423Hz Probe 3839Hz	28	2.423	70.00	0.285
205.068	0.05	Adapter 2423Hz Probe 3839Hz	28	2.423	70.00	0.285
205.148	0.05	Adapter 2423Hz Probe 3839Hz	28	2.423	70.00	0.285
205.228	0.05	Adapter 2423Hz Probe 3839Hz	28	2.423	70.00	0.285
205.308	0.05	Adapter 2423Hz Probe 3839Hz	28	3.839	70.00	0.437
205.488	0.05	Adapter 2423Hz Probe 3839Hz	28	2.423	70.00	0.285
205.568	0.05	Adapter 2423Hz Probe 3839Hz	28	2.423	70.00	0.285
205.648	0.05	Adapter 2423Hz Probe 3839Hz	28	2.423	70.00	0.285
205.728	0.05	Adapter 2423Hz Probe 3839Hz	28	2.423	70.00	0.285
205.808	0.05	Adapter 2423Hz Probe 3839Hz	28	3.839	70.00	0.437
205.988	0.05	Adapter 2423Hz Probe 3839Hz	28	2.423	70.00	0.285
206.068	0.05	Adapter 2423Hz Probe 3839Hz	28	2.423	70.00	0.285
206.148	0.05	Adapter 2423Hz Probe 3839Hz	28	2.423	70.00	0.285
206.228	0.05	Adapter 2423Hz Probe 3839Hz	28	2.423	70.00	0.285
206.308	0.05	Adapter 2423Hz Probe 3839Hz	28	3.839	70.00	0.437
206.488	0.05	Adapter 2423Hz Probe 3839Hz	28	2.423	70.00	0.285
206.568	0.05	Adapter 2423Hz Probe 3839Hz	28	2.423	70.00	0.285
206.648	0.05	Adapter 2423Hz Probe 3839Hz	28	2.423	70.00	0.285
206.728	0.05	Adapter 2423Hz Probe 3839Hz	28	2.423	70.00	0.285
206.808	0.05	Adapter 2423Hz Probe 3839Hz	28	3.839	70.00	0.437
206.988	0.05	Adapter 2423Hz Probe 3839Hz	28	2.423	70.00	0.285
207.068	0.05	Adapter 2423Hz Probe 3839Hz	28	2.423	70.00	0.285
207.148	0.05	Adapter 2423Hz Probe 3839Hz	28	2.423	70.00	0.285
207.228	0.05	Adapter 2423Hz Probe 3839Hz	28	2.423	70.00	0.285
207.308	0.05	Adapter 2423Hz Probe 3839Hz	28	3.839	70.00	0.437
207.488	0.05	Adapter 2423Hz Probe 3839Hz	28	2.423	70.00	0.285
207.568	0.05	Adapter 2423Hz Probe 3839Hz	28	2.423	70.00	0.285
207.648	0.05	Adapter 2423Hz Probe 3839Hz	28	2.423	70.00	0.285
207.728	0.05	Adapter 2423Hz Probe 3839Hz	28	2.423	70.00	0.285
207.808	0.05	Adapter 2423Hz Probe 3839Hz	28	3.839	70.00	0.437
207.988	0.05	Adapter 2423Hz Probe 3839Hz	28	2.423	70.00	0.285
208.068	0.05	Adapter 2423Hz Probe 3839Hz	28	2.423	70.00	0.285
208.148	0.05	Adapter 2423Hz Probe 3839Hz	28	2.423	70.00	0.285
208.228	0.05	Adapter 2423Hz Probe 3839Hz	28	2.423	70.00	0.285
208.308	0.05	Adapter 2423Hz Probe 3839Hz	28	3.839	70.00	0.437
208.488	0.05	Adapter 2423Hz Probe 3839Hz	28	2.423	70.00	0.285
208.568	0.05	Adapter 2423Hz Probe 3839Hz	28	2.423	70.00	0.285
208.648	0.05	Adapter 2423Hz Probe 3839Hz	28	2.423	70.00	0.285
208.728	0.05	Adapter 2423Hz Probe 3839Hz	28	2.423	70.00	0.285
208.808	0.05	Adapter 2423Hz Probe 3839Hz	28	3.839	70.00	0.437
208.988	0.05	Adapter 2423Hz Probe 3839Hz	28	2.423	70.00	0.285
209.068	0.05	Adapter 2423Hz Probe 3839Hz	28	2.423	70.00	0.285
209.148	0.05	Adapter 2423Hz Probe 3839Hz	28	2.423	70.00	0.285
209.228	0.05	Adapter 2423Hz Probe 3839Hz	28	2.423	70.00	0.285
209.308	0.05	Adapter 2423Hz Probe 3839Hz	28	3.839	70.00	0.437
209.488	0.05	Adapter 2423Hz Probe 3839Hz	28	2.423	70.00	0.285
209.568	0.05	Adapter 2423Hz Probe 3839Hz	28	2.423	70.00	0.285
209.648	0.05	Adapter 2423Hz Probe 3839Hz	28	2.423	70.00	0.285
209.728	0.05	Adapter 2423Hz Probe 3839Hz	28	2.423	70.00	0.285
209.808	0.05	Adapter 2423Hz Probe 3839Hz	28	3.839	70.00	0.437
212.508	0.05	Adapter 507Hz Probe 3839Hz	29	0.507	70.00	0.079
212.588	0.05	Adapter 507Hz Probe 3839Hz	29	0.507	70.00	0.079
212.668	0.05	Adapter 507Hz Probe 3839Hz	29	0.507	70.00	0.079
212.748	0.05	Adapter 507Hz Probe 3839Hz	29	0.507	70.00	0.079
212.828	0.05	Adapter 507Hz Probe 3839Hz	29	3.839	70.00	0.437
213.008	0.05	Adapter 507Hz Probe 3839Hz	29	0.507	70.00	0.079
213.088	0.05	Adapter 507Hz Probe 3839Hz	29	0.507	70.00	0.079
213.168	0.05	Adapter 507Hz Probe 3839Hz	29	0.507	70.00	0.079
213.248	0.05	Adapter 507Hz Probe 3839Hz	29	0.507	70.00	0.079
213.328	0.05	Adapter 507Hz Probe 3839Hz	29	3.839	70.00	0.437
213.508	0.05	Adapter 507Hz Probe 3839Hz	29	0.507	70.00	0.079
213.588	0.05	Adapter 507Hz Probe 3839Hz	29	0.507	70.00	0.079
213.668	0.05	Adapter 507Hz Probe 3839Hz	29	0.507	70.00	0.079
213.748	0.05	Adapter 507Hz Probe 3839Hz	29	0.507	70.00	0.079
213.828	0.05	Adapter 507Hz Probe 3839Hz	29	3.839	70.00	0.437
214.008	0.05	Adapter 507Hz Probe 3839Hz	29	0.507	70.00	0.079
214.088	0.05	Adapter 507Hz Probe 3839Hz	29	0.507	70.00	0.079
214.168	0.05	Adapter 507Hz Probe 3839Hz	29	0.507	70.00	0.079
214.248	0.05	Adapter 507Hz Probe 3839Hz	29	0.507	70.00	0.079
214.328	0.05	Adapter 507Hz Probe 3839Hz	29	3.839	70.00	0.437
214.508	0.05	Adapter 507Hz Probe 3839Hz	29	0.507	70.00	0.079
214.588	0.05	Adapter 507Hz Probe 3839Hz	29	0.507	70.00	0.079
214.668	0.05	Adapter 507Hz Probe 3839Hz	29	0.507	70.00	0.079
214.748	0.05	Adapter 507Hz Probe 3839Hz	29	0.507	70.00	0.079
214.828	0.05	Adapter 507Hz Probe 3839Hz	29	3.839	70.00	0.437
215.008	0.05	Adapter 507Hz Probe 3839Hz	29	0.507	70.00	0.079
215.088	0.05	Adapter 507Hz Probe 3839Hz	29	0.507	70.00	0.079
215.168	0.05	Adapter 507Hz Probe 3839Hz	29	0.507	70.00	0.079
215.248	0.05	Adapter 507Hz Probe 3839Hz	29	0.507	70.00	0.079
215.328	0.05	Adapter 507Hz Probe 3839Hz	29	3.839	70.00	0.437
215.508	0.05	Adapter 507Hz Probe 3839Hz	29	0.507	70.00	0.079
215.588	0.05	Adapter 507Hz Probe 3839Hz	29	0.507	70.00	0.079
215.668	0.05	Adapter 507Hz Probe 3839Hz	29	0.507	70.00	0.079
215.748	0.05	Adapter 507Hz Probe 3839Hz	29	0.507	70.00	0.079
215.828	0.05	Adapter 507Hz Probe 3839Hz	29	3.839	70.00	0.437
216.008	0.05	Adapter 507Hz Probe 3839Hz	29	0.507	70.00	0.079
216.088	0.05	Adapter 507Hz Probe 3839Hz	29	0.507	70.00	0.079
216.168	0.05	Adapter 507Hz Probe 3839Hz	29	0.507	70.00	0.079
216.248	0.05	Adapter 507Hz Probe 3839Hz	29	0.507	70.00	0.079
216.328	0.05	Adapter 507Hz Probe 3839Hz	29	3.839	70.00	0.437
216.508	0.05	Adapter 507Hz Probe 3839Hz	29	0.507	70.00	0.079
216.588	0.05	Adapter 507Hz Probe 3839Hz	29	0.507	70.00	0.079
216.668	0.05	Adapter 507Hz Probe 3839Hz	29	0.507	70.00	0.079
216.748	0.05	Adapter 507Hz Probe 3839Hz	29	0.507	70.00	0.079
216.828	0.05	Adapter 507Hz Probe 3839Hz	29	3.839	70.00	0.437
217.008	0.05	Adapter 507Hz Probe 3839Hz	29	0.507	70.00	0.079
217.088	0.05	Adapter 507Hz Probe 3839Hz	29	0.507	70.00	0.079
217.168	0.05	Adapter 507Hz Probe 3839Hz	29	0.507	70.00	0.079
217.248	0.05	Adapter 507Hz Probe 3839Hz	29	0.507	70.00	0.079
217.328	0.05	Adapter 507Hz Probe 3839Hz	29	3.839	70.00	0.437
220.011	0.05	Adapter 2423Hz	30	2.423	70.00	0.285
220.091	0.05	Adapter 2423Hz	30	2.423	70.00	0.285
220.171	0.05	Adapter 2423Hz	30	2.423	70.00	0.285
220.251	0.05	Adapter 2423Hz	30	2.423	70.00	0.285
220.511	0.05	Adapter 2423Hz	30	2.423	70.00	0.285
220.591	0.05	Adapter 2423Hz	30	2.423	70.00	0.285
220.671	0.05	Adapter 2423Hz	30	2.423	70.00	0.285
220.751	0.05	Adapter 2423Hz	30	2.423	70.00	0.285
221.011	0.05	Adapter 2423Hz	30	2.423	70.00	0.285
221.091	0.05	Adapter 2423Hz	30	2.423	70.00	0.285
221.171	0.05	Adapter 2423Hz	30	2.423	70.00	0.285
221.251	0.05	Adapter 2423Hz	30	2.423	70.00	0.285
221.511	0.05	Adapter 2423Hz	30	2.423	70.00	0.285
221.591	0.05	Adapter 2423Hz	30	2.423	70.00	0.285
221.671	0.05	Adapter 2423Hz	30	2.423	70.00	0.285
221.751	0.05	Adapter 2423Hz	30	2.423	70.00	0.285
222.011	0.05	Adapter 2423Hz	30	2.423	70.00	0.285
222.091	0.05	Adapter 2423Hz	30	2.423	70.00	0.285
222.171	0.05	Adapter 2423Hz	30	2.423	70.00	0.285
222.251	0.05	Adapter 2423Hz	30	2.423	70.00	0.285
222.511	0.05	Adapter 2423Hz	30	2.423	70.00	0.285
222.591	0.05	Adapter 2423Hz	30	2.423	70.00	0.285
222.671	0.05	Adapter 2423Hz	30	2.423	70.00	0.285
222.751	0.05	Adapter 2423Hz	30	2.423	70.00	0.285
223.011	0.05	Adapter 2423Hz	30	2.423	70.00	0.285
223.091	0.05	Adapter 2423Hz	30	2.423	70.00	0.285
223.171	0.05	Adapter 2423Hz	30	2.423	70.00	0.285
223.251	0.05	Adapter 2423Hz	30	2.423	70.00	0.285
223.511	0.05	Adapter 2423Hz	30	2.423	70.00	0.285
223.591	0.05	Adapter 2423Hz	30	2.423	70.00	0.285
223.671	0.05	Adapter 2423Hz	30	2.423	70.00	0.285
223.751	0.05	Adapter 2423Hz	30	2.423	70.00	0.285
224.011	0.05	Adapter 2423Hz	30	2.423	70.00	0.285
224.091	0.05	Adapter 2423Hz	30	2.423	70.00	0.285
224.171	0.05	Adapter 2423Hz	30	2.423	70.00	0.285
224.251	0.05	Adapter 2423Hz	30	2.423	70.00	0.285
224.511	0.05	Adapter 2423Hz	30	2.423	70.00	0.285
224.591	0.05	Adapter 2423Hz	30	2.423	70.00	0.285
224.671	0.05	Adapter 2423Hz	30	2.423	70.00	0.285
224.751	0.05	Adapter 2423Hz	30	2.423	70.00	0.285
227.53	0.05	Adapter 507Hz	31	0.507	70.00	0.079
227.61	0.05	Adapter 507Hz	31	0.507	70.00	0.079
227.69	0.05	Adapter 507Hz	31	0.507	70.00	0.079
227.77	0.05	Adapter 507Hz	31	0.507	70.00	0.079
228.03	0.05	Adapter 507Hz	31	0.507	70.00	0.079
228.11	0.05	Adapter 507Hz	31	0.507	70.00	0.079
228.19	0.05	Adapter 507Hz	31	0.507	70.00	0.079
228.27	0.05	Adapter 507Hz	31	0.507	70.00	0.079
228.53	0.05	Adapter 507Hz	31	0.507	70.00	0.079
228.61	0.05	Adapter 507Hz	31	0.507	70.00	0.079
228.69	0.05	Adapter 507Hz	31	0.507	70.00	0.079
228.77	0.05	Adapter 507Hz	31	0.507	70.00	0.079
229.03	0.05	Adapter 507Hz	31	0.507	70.00	0.079
229.11	0.05	Adapter 507Hz	31	0.507	70.00	0.079
229.19	0.05	Adapter 507Hz	31	0.507	70.00	0.079
229.27	0.05	Adapter 507Hz	31	0.507	70.00	0.079
229.53	0.05	Adapter 507Hz	31	0.507	70.00	0.079
229.61	0.05	Adapter 507Hz	31	0.507	70.00	0.079
229.69	0.05	Adapter 507Hz	31	0.507	70.00	0.079
229.77	0.05	Adapter 507Hz	31	0.507	70.00	0.079
230.03	0.05	Adapter 507Hz	31	0.507	70.00	0.079
230.11	0.05	Adapter 507Hz	31	0.507	70.00	0.079
230.19	0.05	Adapter 507Hz	31	0.507	70.00	0.079
230.27	0.05	Adapter 507Hz	31	0.507	70.00	0.079
230.53	0.05	Adapter 507Hz	31	0.507	70.00	0.079
230.61	0.05	Adapter 507Hz	31	0.507	70.00	0.079
230.69	0.05	Adapter 507Hz	31	0.507	70.00	0.079
230.77	0.05	Adapter 507Hz	31	0.507	70.00	0.079
231.03	0.05	Adapter 507Hz	31	0.507	70.00	0.079
231.11	0.05	Adapter 507Hz	31	0.507	70.00	0.079
231.19	0.05	Adapter 507Hz	31	0.507	70.00	0.079
231.27	0.05	Adapter 507Hz	31	0.507	70.00	0.079
231.53	0.05	Adapter 507Hz	31	0.507	70.00	0.079
231.61	0.05	Adapter 507Hz	31	0.507	70.00	0.079
231.69	0.05	Adapter 507Hz	31	0.507	70.00	0.079
231.77	0.05	Adapter 507Hz	31	0.507	70.00	0.079
232.03	0.05	Adapter 507Hz	31	0.507	70.00	0.079
232.11	0.05	Adapter 507Hz	31	0.507	70.00	0.079
232.19	0.05	Adapter 507Hz	31	0.507	70.00	0.079
232.27	0.05	Adapter 507Hz	31	0.507	70.00	0.079
235.018	0.05	Adapter 6009Hz	32	6.009	70.00	0.671
235.098	0.05	Adapter 6009Hz	32	6.009	70.00	0.671
235.178	0.05	Adapter 6009Hz	32	6.009	70.00	0.671
235.258	0.05	Adapter 6009Hz	32	6.009	70.00	0.671
235.518	0.05	Adapter 6009Hz	32	6.009	70.00	0.671
235.598	0.05	Adapter 6009Hz	32	6.009	70.00	0.671
235.678	0.05	Adapter 6009Hz	32	6.009	70.00	0.671
235.758	0.05	Adapter 6009Hz	32	6.009	70.00	0.671
236.018	0.05	Adapter 6009Hz	32	6.009	70.00	0.671
236.098	0.05	Adapter 6009Hz	32	6.009	70.00	0.671
236.178	0.05	Adapter 6009Hz	32	6.009	70.00	0.671
236.258	0.05	Adapter 6009Hz	32	6.009	70.00	0.671
236.518	0.05	Adapter 6009Hz	32	6.009	70.00	0.671
236.598	0.05	Adapter 6009Hz	32	6.009	70.00	0.671
236.678	0.05	Adapter 6009Hz	32	6.009	70.00	0.671
236.758	0.05	Adapter 6009Hz	32	6.009	70.00	0.671
237.018	0.05	Adapter 6009Hz	32	6.009	70.00	0.671
237.098	0.05	Adapter 6009Hz	32	6.009	70.00	0.671
237.178	0.05	Adapter 6009Hz	32	6.009	70.00	0.671
237.258	0.05	Adapter 6009Hz	32	6.009	70.00	0.671
237.518	0.05	Adapter 6009Hz	32	6.009	70.00	0.671
237.598	0.05	Adapter 6009Hz	32	6.009	70.00	0.671
237.678	0.05	Adapter 6009Hz	32	6.009	70.00	0.671
237.758	0.05	Adapter 6009Hz	32	6.009	70.00	0.671
238.018	0.05	Adapter 6009Hz	32	6.009	70.00	0.671
238.098	0.05	Adapter 6009Hz	32	6.009	70.00	0.671
238.178	0.05	Adapter 6009Hz	32	6.009	70.00	0.671
238.258	0.05	Adapter 6009Hz	32	6.009	70.00	0.671
238.518	0.05	Adapter 6009Hz	32	6.009	70.00	0.671
238.598	0.05	Adapter 6009Hz	32	6.009	70.00	0.671
238.678	0.05	Adapter 6009Hz	32	6.009	70.00	0.671
238.758	0.05	Adapter 6009Hz	32	6.009	70.00	0.671
239.018	0.05	Adapter 6009Hz	32	6.009	70.00	0.671
239.098	0.05	Adapter 6009Hz	32	6.009	70.00	0.671
239.178	0.05	Adapter 6009Hz	32	6.009	70.00	0.671
239.258	0.05	Adapter 6009Hz	32	6.009	70.00	0.671
239.518	0.05	Adapter 6009Hz	32	6.009	70.00	0.671
239.598	0.05	Adapter 6009Hz	32	6.009	70.00	0.671
239.678	0.05	Adapter 6009Hz	32	6.009	70.00	0.671
239.758	0.05	Adapter 6009Hz	32	6.009	70.00	0.671
242.522	0.05	Adapter 3839Hz Probe 3839Hz	33	3.839	70.00	0.437
242.602	0.05	Adapter 3839Hz Probe 3839Hz	33	3.839	70.00	0.437
242.682	0.05	Adapter 3839Hz Probe 3839Hz	33	3.839	70.00	0.437
242.762	0.05	Adapter 3839Hz Probe 3839Hz	33	3.839	70.00	0.437
242.842	0.05	Adapter 3839Hz Probe 3839Hz	33	3.839	70.00	0.437
243.022	0.05	Adapter 3839Hz Probe 3839Hz	33	3.839	70.00	0.437
243.102	0.05	Adapter 3839Hz Probe 3839Hz	33	3.839	70.00	0.437
243.182	0.05	Adapter 3839Hz Probe 3839Hz	33	3.839	70.00	0.437
243.262	0.05	Adapter 3839Hz Probe 3839Hz	33	3.839	70.00	0.437
243.342	0.05	Adapter 3839Hz Probe 3839Hz	33	3.839	70.00	0.437
243.522	0.05	Adapter 3839Hz Probe 3839Hz	33	3.839	70.00	0.437
243.602	0.05	Adapter 3839Hz Probe 3839Hz	33	3.839	70.00	0.437
243.682	0.05	Adapter 3839Hz Probe 3839Hz	33	3.839	70.00	0.437
243.762	0.05	Adapter 3839Hz Probe 3839Hz	33	3.839	70.00	0.437
243.842	0.05	Adapter 3839Hz Probe 3839Hz	33	3.839	70.00	0.437
244.022	0.05	Adapter 3839Hz Probe 3839Hz	33	3.839	70.00	0.437
244.102	0.05	Adapter 3839Hz Probe 3839Hz	33	3.839	70.00	0.437
244.182	0.05	Adapter 3839Hz Probe 3839Hz	33	3.839	70.00	0.437
244.262	0.05	Adapter 3839Hz Probe 3839Hz	33	3.839	70.00	0.437
244.342	0.05	Adapter 3839Hz Probe 3839Hz	33	3.839	70.00	0.437
244.522	0.05	Adapter 3839Hz Probe 3839Hz	33	3.839	70.00	0.437
244.602	0.05	Adapter 3839Hz Probe 3839Hz	33	3.839	70.00	0.437
244.682	0.05	Adapter 3839Hz Probe 3839Hz	33	3.839	70.00	0.437
244.762	0.05	Adapter 3839Hz Probe 3839Hz	33	3.839	70.00	0.437
244.842	0.05	Adapter 3839Hz Probe 3839Hz	33	3.839	70.00	0.437
245.022	0.05	Adapter 3839Hz Probe 3839Hz	33	3.839	70.00	0.437
245.102	0.05	Adapter 3839Hz Probe 3839Hz	33	3.839	70.00	0.437
245.182	0.05	Adapter 3839Hz Probe 3839Hz	33	3.839	70.00	0.437
245.262	0.05	Adapter 3839Hz Probe 3839Hz	33	3.839	70.00	0.437
245.342	0.05	Adapter 3839Hz Probe 3839Hz	33	3.839	70.00	0.437
245.522	0.05	Adapter 3839Hz Probe 3839Hz	33	3.839	70.00	0.437
245.602	0.05	Adapter 3839Hz Probe 3839Hz	33	3.839	70.00	0.437
245.682	0.05	Adapter 3839Hz Probe 3839Hz	33	3.839	70.00	0.437
245.762	0.05	Adapter 3839Hz Probe 3839Hz	33	3.839	70.00	0.437
245.842	0.05	Adapter 3839Hz Probe 3839Hz	33	3.839	70.00	0.437
246.022	0.05	Adapter 3839Hz Probe 3839Hz	33	3.839	70.00	0.437
246.102	0.05	Adapter 3839Hz Probe 3839Hz	33	3.839	70.00	0.437
246.182	0.05	Adapter 3839Hz Probe 3839Hz	33	3.839	70.00	0.437
246.262	0.05	Adapter 3839Hz Probe 3839Hz	33	3.839	70.00	0.437
246.342	0.05	Adapter 3839Hz Probe 3839Hz	33	3.839	70.00	0.437
246.522	0.05	Adapter 3839Hz Probe 3839Hz	33	3.839	70.00	0.437
246.602	0.05	Adapter 3839Hz Probe 3839Hz	33	3.839	70.00	0.437
246.682	0.05	Adapter 3839Hz Probe 3839Hz	33	3.839	70.00	0.437
246.762	0.05	Adapter 3839Hz Probe 3839Hz	33	3.839	70.00	0.437
246.842	0.05	Adapter 3839Hz Probe 3839Hz	33	3.839	70.00	0.437
247.022	0.05	Adapter 3839Hz Probe 3839Hz	33	3.839	70.00	0.437
247.102	0.05	Adapter 3839Hz Probe 3839Hz	33	3.839	70.00	0.437
247.182	0.05	Adapter 3839Hz Probe 3839Hz	33	3.839	70.00	0.437
247.262	0.05	Adapter 3839Hz Probe 3839Hz	33	3.839	70.00	0.437
247.342	0.05	Adapter 3839Hz Probe 3839Hz	33	3.839	70.00	0.437
250.041	0.05	Adapter 251Hz	34	0.251	70.00	0.052
250.121	0.05	Adapter 251Hz	34	0.251	70.00	0.052
250.201	0.05	Adapter 251Hz	34	0.251	70.00	0.052
250.281	0.05	Adapter 251Hz	34	0.251	70.00	0.052
250.541	0.05	Adapter 251Hz	34	0.251	70.00	0.052
250.621	0.05	Adapter 251Hz	34	0.251	70.00	0.052
250.701	0.05	Adapter 251Hz	34	0.251	70.00	0.052
250.781	0.05	Adapter 251Hz	34	0.251	70.00	0.052
251.041	0.05	Adapter 251Hz	34	0.251	70.00	0.052
251.121	0.05	Adapter 251Hz	34	0.251	70.00	0.052
251.201	0.05	Adapter 251Hz	34	0.251	70.00	0.052
251.281	0.05	Adapter 251Hz	34	0.251	70.00	0.052
251.541	0.05	Adapter 251Hz	34	0.251	70.00	0.052
251.621	0.05	Adapter 251Hz	34	0.251	70.00	0.052
251.701	0.05	Adapter 251Hz	34	0.251	70.00	0.052
251.781	0.05	Adapter 251Hz	34	0.251	70.00	0.052
252.041	0.05	Adapter 251Hz	34	0.251	70.00	0.052
252.121	0.05	Adapter 251Hz	34	0.251	70.00	0.052
252.201	0.05	Adapter 251Hz	34	0.251	70.00	0.052
252.281	0.05	Adapter 251Hz	34	0.251	70.00	0.052
252.541	0.05	Adapter 251Hz	34	0.251	70.00	0.052
252.621	0.05	Adapter 251Hz	34	0.251	70.00	0.052
252.701	0.05	Adapter 251Hz	34	0.251	70.00	0.052
252.781	0.05	Adapter 251Hz	34	0.251	70.00	0.052
253.041	0.05	Adapter 251Hz	34	0.251	70.00	0.052
253.121	0.05	Adapter 251Hz	34	0.251	70.00	0.052
253.201	0.05	Adapter 251Hz	34	0.251	70.00	0.052
253.281	0.05	Adapter 251Hz	34	0.251	70.00	0.052
253.541	0.05	Adapter 251Hz	34	0.251	70.00	0.052
253.621	0.05	Adapter 251Hz	34	0.251	70.00	0.052
253.701	0.05	Adapter 251Hz	34	0.251	70.00	0.052
253.781	0.05	Adapter 251Hz	34	0.251	70.00	0.052
254.041	0.05	Adapter 251Hz	34	0.251	70.00	0.052
254.121	0.05	Adapter 251Hz	34	0.251	70.00	0.052
254.201	0.05	Adapter 251Hz	34	0.251	70.00	0.052
254.281	0.05	Adapter 251Hz	34	0.251	70.00	0.052
254.541	0.05	Adapter 251Hz	34	0.251	70.00	0.052
254.621	0.05	Adapter 251Hz	34	0.251	70.00	0.052
254.701	0.05	Adapter 251Hz	34	0.251	70.00	0.052
254.781	0.05	Adapter 251Hz	34	0.251	70.00	0.052
257.529	0.05	Adapter 1501Hz	35	1.501	70.00	0.186
257.609	0.05	Adapter 1501Hz	35	1.501	70.00	0.186
257.689	0.05	Adapter 1501Hz	35	1.501	70.00	0.186
257.769	0.05	Adapter 1501Hz	35	1.501	70.00	0.186
258.029	0.05	Adapter 1501Hz	35	1.501	70.00	0.186
258.109	0.05	Adapter 1501Hz	35	1.501	70.00	0.186
258.189	0.05	Adapter 1501Hz	35	1.501	70.00	0.186
258.269	0.05	Adapter 1501Hz	35	1.501	70.00	0.186
258.529	0.05	Adapter 1501Hz	35	1.501	70.00	0.186
258.609	0.05	Adapter 1501Hz	35	1.501	70.00	0.186
258.689	0.05	Adapter 1501Hz	35	1.501	70.00	0.186
258.769	0.05	Adapter 1501Hz	35	1.501	70.00	0.186
259.029	0.05	Adapter 1501Hz	35	1.501	70.00	0.186
259.109	0.05	Adapter 1501Hz	35	1.501	70.00	0.186
259.189	0.05	Adapter 1501Hz	35	1.501	70.00	0.186
259.269	0.05	Adapter 1501Hz	35	1.501	70.00	0.186
259.529	0.05	Adapter 1501Hz	35	1.501	70.00	0.186
259.609	0.05	Adapter 1501Hz	35	1.501	70.00	0.186
259.689	0.05	Adapter 1501Hz	35	1.501	70.00	0.186
259.769	0.05	Adapter 1501Hz	35	1.501	70.00	0.186
260.029	0.05	Adapter 1501Hz	35	1.501	70.00	0.186
260.109	0.05	Adapter 1501Hz	35	1.501	70.00	0.186
260.189	0.05	Adapter 1501Hz	35	1.501	70.00	0.186
260.269	0.05	Adapter 1501Hz	35	1.501	70.00	0.186
260.529	0.05	Adapter 1501Hz	35	1.501	70.00	0.186
260.609	0.05	Adapter 1501Hz	35	1.501	70.00	0.186
260.689	0.05	Adapter 1501Hz	35	1.501	70.00	0.186
260.769	0.05	Adapter 1501Hz	35	1.501	70.00	0.186
261.029	0.05	Adapter 1501Hz	35	1.501	70.00	0.186
261.109	0.05	Adapter 1501Hz	35	1.501	70.00	0.186
261.189	0.05	Adapter 1501Hz	35	1.501	70.00	0.186
261.269	0.05	Adapter 1501Hz	35	1.501	70.00	0.186
261.529	0.05	Adapter 1501Hz	35	1.501	70.00	0.186
261.609	0.05	Adapter 1501Hz	35	1.501	70.00	0.186
261.689	0.05	Adapter 1501Hz	35	1.501	70.00	0.186
261.769	0.05	Adapter 1501Hz	35	1.501	70.00	0.186
262.029	0.05	Adapter 1501Hz	35	1.501	70.00	0.186
262.109	0.05	Adapter 1501Hz	35	1.501	70.00	0.186
262.189	0.05	Adapter 1501Hz	35	1.501	70.00	0.186
262.269	0.05	Adapter 1501Hz	35	1.501	70.00	0.186
265.322	0.05	Probe 3839Hz	36	3.839	70.00	0.437
265.822	0.05	Probe 3839Hz	36	3.839	70.00	0.437
266.322	0.05	Probe 3839Hz	36	3.839	70.00	0.437
266.822	0.05	Probe 3839Hz	36	3.839	70.00	0.437
267.322	0.05	Probe 3839Hz	36	3.839	70.00	0.437
267.822	0.05	Probe 3839Hz	36	3.839	70.00	0.437
268.322	0.05	Probe 3839Hz	36	3.839	70.00	0.437
268.822	0.05	Probe 3839Hz	36	3.839	70.00	0.437
269.322	0.05	Probe 3839Hz	36	3.839	70.00	0.437
269.822	0.05	Probe 3839Hz	36	3.839	70.00	0.437
280.009	0.05	Adapter 899Hz Probe 3839Hz	38	0.899	70.00	0.121
280.089	0.05	Adapter 899Hz Probe 3839Hz	38	0.899	70.00	0.121
280.169	0.05	Adapter 899Hz Probe 3839Hz	38	0.899	70.00	0.121
280.249	0.05	Adapter 899Hz Probe 3839Hz	38	0.899	70.00	0.121
280.329	0.05	Adapter 899Hz Probe 3839Hz	38	3.839	70.00	0.437
280.509	0.05	Adapter 899Hz Probe 3839Hz	38	0.899	70.00	0.121
280.589	0.05	Adapter 899Hz Probe 3839Hz	38	0.899	70.00	0.121
280.669	0.05	Adapter 899Hz Probe 3839Hz	38	0.899	70.00	0.121
280.749	0.05	Adapter 899Hz Probe 3839Hz	38	0.899	70.00	0.121
280.829	0.05	Adapter 899Hz Probe 3839Hz	38	3.839	70.00	0.437
281.009	0.05	Adapter 899Hz Probe 3839Hz	38	0.899	70.00	0.121
281.089	0.05	Adapter 899Hz Probe 3839Hz	38	0.899	70.00	0.121
281.169	0.05	Adapter 899Hz Probe 3839Hz	38	0.899	70.00	0.121
281.249	0.05	Adapter 899Hz Probe 3839Hz	38	0.899	70.00	0.121
281.329	0.05	Adapter 899Hz Probe 3839Hz	38	3.839	70.00	0.437
281.509	0.05	Adapter 899Hz Probe 3839Hz	38	0.899	70.00	0.121
281.589	0.05	Adapter 899Hz Probe 3839Hz	38	0.899	70.00	0.121
281.669	0.05	Adapter 899Hz Probe 3839Hz	38	0.899	70.00	0.121
281.749	0.05	Adapter 899Hz Probe 3839Hz	38	0.899	70.00	0.121
281.829	0.05	Adapter 899Hz Probe 3839Hz	38	3.839	70.00	0.437
282.009	0.05	Adapter 899Hz Probe 3839Hz	38	0.899	70.00	0.121
282.089	0.05	Adapter 899Hz Probe 3839Hz	38	0.899	70.00	0.121
282.169	0.05	Adapter 899Hz Probe 3839Hz	38	0.899	70.00	0.121
282.249	0.05	Adapter 899Hz Probe 3839Hz	38	0.899	70.00	0.121
282.329	0.05	Adapter 899Hz Probe 3839Hz	38	3.839	70.00	0.437
282.509	0.05	Adapter 899Hz Probe 3839Hz	38	0.899	70.00	0.121
282.589	0.05	Adapter 899Hz Probe 3839Hz	38	0.899	70.00	0.121
282.669	0.05	Adapter 899Hz Probe 3839Hz	38	0.899	70.00	0.121
282.749	0.05	Adapter 899Hz Probe 3839Hz	38	0.899	70.00	0.121
282.829	0.05	Adapter 899Hz Probe 3839Hz	38	3.839	70.00	0.437
283.009	0.05	Adapter 899Hz Probe 3839Hz	38	0.899	70.00	0.121
283.089	0.05	Adapter 899Hz Probe 3839Hz	38	0.899	70.00	0.121
283.169	0.05	Adapter 899Hz Probe 3839Hz	38	0.899	70.00	0.121
283.249	0.05	Adapter 899Hz Probe 3839Hz	38	0.899	70.00	0.121
283.329	0.05	Adapter 899Hz Probe 3839Hz	38	3.839	70.00	0.437
283.509	0.05	Adapter 899Hz Probe 3839Hz	38	0.899	70.00	0.121
283.589	0.05	Adapter 899Hz Probe 3839Hz	38	0.899	70.00	0.121
283.669	0.05	Adapter 899Hz Probe 3839Hz	38	0.899	70.00	0.121
283.749	0.05	Adapter 899Hz Probe 3839Hz	38	0.899	70.00	0.121
283.829	0.05	Adapter 899Hz Probe 3839Hz	38	3.839	70.00	0.437
284.009	0.05	Adapter 899Hz Probe 3839Hz	38	0.899	70.00	0.121
284.089	0.05	Adapter 899Hz Probe 3839Hz	38	0.899	70.00	0.121
284.169	0.05	Adapter 899Hz Probe 3839Hz	38	0.899	70.00	0.121
284.249	0.05	Adapter 899Hz Probe 3839Hz	38	0.899	70.00	0.121
284.329	0.05	Adapter 899Hz Probe 3839Hz	38	3.839	70.00	0.437
284.509	0.05	Adapter 899Hz Probe 3839Hz	38	0.899	70.00	0.121
284.589	0.05	Adapter 899Hz Probe 3839Hz	38	0.899	70.00	0.121
284.669	0.05	Adapter 899Hz Probe 3839Hz	38	0.899	70.00	0.121
284.749	0.05	Adapter 899Hz Probe 3839Hz	38	0.899	70.00	0.121
284.829	0.05	Adapter 899Hz Probe 3839Hz	38	3.839	70.00	0.437
294.985	0.05	Adapter 1501Hz Probe 3839Hz	40	1.501	70.00	0.186
295.065	0.05	Adapter 1501Hz Probe 3839Hz	40	1.501	70.00	0.186
295.145	0.05	Adapter 1501Hz Probe 3839Hz	40	1.501	70.00	0.186
295.225	0.05	Adapter 1501Hz Probe 3839Hz	40	1.501	70.00	0.186
295.305	0.05	Adapter 1501Hz Probe 3839Hz	40	3.839	70.00	0.437
295.485	0.05	Adapter 1501Hz Probe 3839Hz	40	1.501	70.00	0.186
295.565	0.05	Adapter 1501Hz Probe 3839Hz	40	1.501	70.00	0.186
295.645	0.05	Adapter 1501Hz Probe 3839Hz	40	1.501	70.00	0.186
295.725	0.05	Adapter 1501Hz Probe 3839Hz	40	1.501	70.00	0.186
295.805	0.05	Adapter 1501Hz Probe 3839Hz	40	3.839	70.00	0.437
295.985	0.05	Adapter 1501Hz Probe 3839Hz	40	1.501	70.00	0.186
296.065	0.05	Adapter 1501Hz Probe 3839Hz	40	1.501	70.00	0.186
296.145	0.05	Adapter 1501Hz Probe 3839Hz	40	1.501	70.00	0.186
296.225	0.05	Adapter 1501Hz Probe 3839Hz	40	1.501	70.00	0.186
296.305	0.05	Adapter 1501Hz Probe 3839Hz	40	3.839	70.00	0.437
296.485	0.05	Adapter 1501Hz Probe 3839Hz	40	1.501	70.00	0.186
296.565	0.05	Adapter 1501Hz Probe 3839Hz	40	1.501	70.00	0.186
296.645	0.05	Adapter 1501Hz Probe 3839Hz	40	1.501	70.00	0.186
296.725	0.05	Adapter 1501Hz Probe 3839Hz	40	1.501	70.00	0.186
296.805	0.05	Adapter 1501Hz Probe 3839Hz	40	3.839	70.00	0.437
296.985	0.05	Adapter 1501Hz Probe 3839Hz	40	1.501	70.00	0.186
297.065	0.05	Adapter 1501Hz Probe 3839Hz	40	1.501	70.00	0.186
297.145	0.05	Adapter 1501Hz Probe 3839Hz	40	1.501	70.00	0.186
297.225	0.05	Adapter 1501Hz Probe 3839Hz	40	1.501	70.00	0.186
297.305	0.05	Adapter 1501Hz Probe 3839Hz	40	3.839	70.00	0.437
297.485	0.05	Adapter 1501Hz Probe 3839Hz	40	1.501	70.00	0.186
297.565	0.05	Adapter 1501Hz Probe 3839Hz	40	1.501	70.00	0.186
297.645	0.05	Adapter 1501Hz Probe 3839Hz	40	1.501	70.00	0.186
297.725	0.05	Adapter 1501Hz Probe 3839Hz	40	1.501	70.00	0.186
297.805	0.05	Adapter 1501Hz Probe 3839Hz	40	3.839	70.00	0.437
297.985	0.05	Adapter 1501Hz Probe 3839Hz	40	1.501	70.00	0.186
298.065	0.05	Adapter 1501Hz Probe 3839Hz	40	1.501	70.00	0.186
298.145	0.05	Adapter 1501Hz Probe 3839Hz	40	1.501	70.00	0.186
298.225	0.05	Adapter 1501Hz Probe 3839Hz	40	1.501	70.00	0.186
298.305	0.05	Adapter 1501Hz Probe 3839Hz	40	3.839	70.00	0.437
298.485	0.05	Adapter 1501Hz Probe 3839Hz	40	1.501	70.00	0.186
298.565	0.05	Adapter 1501Hz Probe 3839Hz	40	1.501	70.00	0.186
298.645	0.05	Adapter 1501Hz Probe 3839Hz	40	1.501	70.00	0.186
298.725	0.05	Adapter 1501Hz Probe 3839Hz	40	1.501	70.00	0.186
298.805	0.05	Adapter 1501Hz Probe 3839Hz	40	3.839	70.00	0.437
298.985	0.05	Adapter 1501Hz Probe 3839Hz	40	1.501	70.00	0.186
299.065	0.05	Adapter 1501Hz Probe 3839Hz	40	1.501	70.00	0.186
299.145	0.05	Adapter 1501Hz Probe 3839Hz	40	1.501	70.00	0.186
299.225	0.05	Adapter 1501Hz Probe 3839Hz	40	1.501	70.00	0.186
299.305	0.05	Adapter 1501Hz Probe 3839Hz	40	3.839	70.00	0.437
299.485	0.05	Adapter 1501Hz Probe 3839Hz	40	1.501	70.00	0.186
299.565	0.05	Adapter 1501Hz Probe 3839Hz	40	1.501	70.00	0.186
299.645	0.05	Adapter 1501Hz Probe 3839Hz	40	1.501	70.00	0.186
299.725	0.05	Adapter 1501Hz Probe 3839Hz	40	1.501	70.00	0.186
299.805	0.05	Adapter 1501Hz Probe 3839Hz	40	3.839	70.00	0.437
302.489	0.05	Adapter 899Hz	41	0.899	70.00	0.121
302.569	0.05	Adapter 899Hz	41	0.899	70.00	0.121
302.649	0.05	Adapter 899Hz	41	0.899	70.00	0.121
302.729	0.05	Adapter 899Hz	41	0.899	70.00	0.121
302.989	0.05	Adapter 899Hz	41	0.899	70.00	0.121
303.069	0.05	Adapter 899Hz	41	0.899	70.00	0.121
303.149	0.05	Adapter 899Hz	41	0.899	70.00	0.121
303.229	0.05	Adapter 899Hz	41	0.899	70.00	0.121
303.489	0.05	Adapter 899Hz	41	0.899	70.00	0.121
303.569	0.05	Adapter 899Hz	41	0.899	70.00	0.121
303.649	0.05	Adapter 899Hz	41	0.899	70.00	0.121
303.729	0.05	Adapter 899Hz	41	0.899	70.00	0.121
303.989	0.05	Adapter 899Hz	41	0.899	70.00	0.121
304.069	0.05	Adapter 899Hz	41	0.899	70.00	0.121
304.149	0.05	Adapter 899Hz	41	0.899	70.00	0.121
304.229	0.05	Adapter 899Hz	41	0.899	70.00	0.121
304.489	0.05	Adapter 899Hz	41	0.899	70.00	0.121
304.569	0.05	Adapter 899Hz	41	0.899	70.00	0.121
304.649	0.05	Adapter 899Hz	41	0.899	70.00	0.121
304.729	0.05	Adapter 899Hz	41	0.899	70.00	0.121
304.989	0.05	Adapter 899Hz	41	0.899	70.00	0.121
305.069	0.05	Adapter 899Hz	41	0.899	70.00	0.121
305.149	0.05	Adapter 899Hz	41	0.899	70.00	0.121
305.229	0.05	Adapter 899Hz	41	0.899	70.00	0.121
305.489	0.05	Adapter 899Hz	41	0.899	70.00	0.121
305.569	0.05	Adapter 899Hz	41	0.899	70.00	0.121
305.649	0.05	Adapter 899Hz	41	0.899	70.00	0.121
305.729	0.05	Adapter 899Hz	41	0.899	70.00	0.121
305.989	0.05	Adapter 899Hz	41	0.899	70.00	0.121
306.069	0.05	Adapter 899Hz	41	0.899	70.00	0.121
306.149	0.05	Adapter 899Hz	41	0.899	70.00	0.121
306.229	0.05	Adapter 899Hz	41	0.899	70.00	0.121
306.489	0.05	Adapter 899Hz	41	0.899	70.00	0.121
306.569	0.05	Adapter 899Hz	41	0.899	70.00	0.121
306.649	0.05	Adapter 899Hz	41	0.899	70.00	0.121
306.729	0.05	Adapter 899Hz	41	0.899	70.00	0.121
306.989	0.05	Adapter 899Hz	41	0.899	70.00	0.121
307.069	0.05	Adapter 899Hz	41	0.899	70.00	0.121
307.149	0.05	Adapter 899Hz	41	0.899	70.00	0.121
307.229	0.05	Adapter 899Hz	41	0.899	70.00	0.121
310.008	0.05	Adapter 2423Hz Probe 3839Hz	42	2.423	70.00	0.285
310.088	0.05	Adapter 2423Hz Probe 3839Hz	42	2.423	70.00	0.285
310.168	0.05	Adapter 2423Hz Probe 3839Hz	42	2.423	70.00	0.285
310.248	0.05	Adapter 2423Hz Probe 3839Hz	42	2.423	70.00	0.285
310.328	0.05	Adapter 2423Hz Probe 3839Hz	42	3.839	70.00	0.437
310.508	0.05	Adapter 2423Hz Probe 3839Hz	42	2.423	70.00	0.285
310.588	0.05	Adapter 2423Hz Probe 3839Hz	42	2.423	70.00	0.285
310.668	0.05	Adapter 2423Hz Probe 3839Hz	42	2.423	70.00	0.285
310.748	0.05	Adapter 2423Hz Probe 3839Hz	42	2.423	70.00	0.285
310.828	0.05	Adapter 2423Hz Probe 3839Hz	42	3.839	70.00	0.437
311.008	0.05	Adapter 2423Hz Probe 3839Hz	42	2.423	70.00	0.285
311.088	0.05	Adapter 2423Hz Probe 3839Hz	42	2.423	70.00	0.285
311.168	0.05	Adapter 2423Hz Probe 3839Hz	42	2.423	70.00	0.285
311.248	0.05	Adapter 2423Hz Probe 3839Hz	42	2.423	70.00	0.285
311.328	0.05	Adapter 2423Hz Probe 3839Hz	42	3.839	70.00	0.437
311.508	0.05	Adapter 2423Hz Probe 3839Hz	42	2.423	70.00	0.285
311.588	0.05	Adapter 2423Hz Probe 3839Hz	42	2.423	70.00	0.285
311.668	0.05	Adapter 2423Hz Probe 3839Hz	42	2.423	70.00	0.285
311.748	0.05	Adapter 2423Hz Probe 3839Hz	42	2.423	70.00	0.285
311.828	0.05	Adapter 2423Hz Probe 3839Hz	42	3.839	70.00	0.437
312.008	0.05	Adapter 2423Hz Probe 3839Hz	42	2.423	70.00	0.285
312.088	0.05	Adapter 2423Hz Probe 3839Hz	42	2.423	70.00	0.285
312.168	0.05	Adapter 2423Hz Probe 3839Hz	42	2.423	70.00	0.285
312.248	0.05	Adapter 2423Hz Probe 3839Hz	42	2.423	70.00	0.285
312.328	0.05	Adapter 2423Hz Probe 3839Hz	42	3.839	70.00	0.437
312.508	0.05	Adapter 2423Hz Probe 3839Hz	42	2.423	70.00	0.285
312.588	0.05	Adapter 2423Hz Probe 3839Hz	42	2.423	70.00	0.285
312.668	0.05	Adapter 2423Hz Probe 3839Hz	42	2.423	70.00	0.285
312.748	0.05	Adapter 2423Hz Probe 3839Hz	42	2.423	70.00	0.285
312.828	0.05	Adapter 2423Hz Probe 3839Hz	42	3.839	70.00	0.437
313.008	0.05	Adapter 2423Hz Probe 3839Hz	42	2.423	70.00	0.285
313.088	0.05	Adapter 2423Hz Probe 3839Hz	42	2.423	70.00	0.285
313.168	0.05	Adapter 2423Hz Probe 3839Hz	42	2.423	70.00	0.285
313.248	0.05	Adapter 2423Hz Probe 3839Hz	42	2.423	70.00	0.285
313.328	0.05	Adapter 2423Hz Probe 3839Hz	42	3.839	70.00	0.437
313.508	0.05	Adapter 2423Hz Probe 3839Hz	42	2.423	70.00	0.285
313.588	0.05	Adapter 2423Hz Probe 3839Hz	42	2.423	70.00	0.285
313.668	0.05	Adapter 2423Hz Probe 3839Hz	42	2.423	70.00	0.285
313.748	0.05	Adapter 2423Hz Probe 3839Hz	42	2.423	70.00	0.285
313.828	0.05	Adapter 2423Hz Probe 3839Hz	42	3.839	70.00	0.437
314.008	0.05	Adapter 2423Hz Probe 3839Hz	42	2.423	70.00	0.285
314.088	0.05	Adapter 2423Hz Probe 3839Hz	42	2.423	70.00	0.285
314.168	0.05	Adapter 2423Hz Probe 3839Hz	42	2.423	70.00	0.285
314.248	0.05	Adapter 2423Hz Probe 3839Hz	42	2.423	70.00	0.285
314.328	0.05	Adapter 2423Hz Probe 3839Hz	42	3.839	70.00	0.437
314.508	0.05	Adapter 2423Hz Probe 3839Hz	42	2.423	70.00	0.285
314.588	0.05	Adapter 2423Hz Probe 3839Hz	42	2.423	70.00	0.285
314.668	0.05	Adapter 2423Hz Probe 3839Hz	42	2.423	70.00	0.285
314.748	0.05	Adapter 2423Hz Probe 3839Hz	42	2.423	70.00	0.285
314.828	0.05	Adapter 2423Hz Probe 3839Hz	42	3.839	70.00	0.437
324.999	0.05	Adapter 2423Hz	44	2.423	70.00	0.285
325.079	0.05	Adapter 2423Hz	44	2.423	70.00	0.285
325.159	0.05	Adapter 2423Hz	44	2.423	70.00	0.285
325.239	0.05	Adapter 2423Hz	44	2.423	70.00	0.285
325.499	0.05	Adapter 2423Hz	44	2.423	70.00	0.285
325.579	0.05	Adapter 2423Hz	44	2.423	70.00	0.285
325.659	0.05	Adapter 2423Hz	44	2.423	70.00	0.285
325.739	0.05	Adapter 2423Hz	44	2.423	70.00	0.285
325.999	0.05	Adapter 2423Hz	44	2.423	70.00	0.285
326.079	0.05	Adapter 2423Hz	44	2.423	70.00	0.285
326.159	0.05	Adapter 2423Hz	44	2.423	70.00	0.285
326.239	0.05	Adapter 2423Hz	44	2.423	70.00	0.285
326.499	0.05	Adapter 2423Hz	44	2.423	70.00	0.285
326.579	0.05	Adapter 2423Hz	44	2.423	70.00	0.285
326.659	0.05	Adapter 2423Hz	44	2.423	70.00	0.285
326.739	0.05	Adapter 2423Hz	44	2.423	70.00	0.285
326.999	0.05	Adapter 2423Hz	44	2.423	70.00	0.285
327.079	0.05	Adapter 2423Hz	44	2.423	70.00	0.285
327.159	0.05	Adapter 2423Hz	44	2.423	70.00	0.285
327.239	0.05	Adapter 2423Hz	44	2.423	70.00	0.285
327.499	0.05	Adapter 2423Hz	44	2.423	70.00	0.285
327.579	0.05	Adapter 2423Hz	44	2.423	70.00	0.285
327.659	0.05	Adapter 2423Hz	44	2.423	70.00	0.285
327.739	0.05	Adapter 2423Hz	44	2.423	70.00	0.285
327.999	0.05	Adapter 2423Hz	44	2.423	70.00	0.285
328.079	0.05	Adapter 2423Hz	44	2.423	70.00	0.285
328.159	0.05	Adapter 2423Hz	44	2.423	70.00	0.285
328.239	0.05	Adapter 2423Hz	44	2.423	70.00	0.285
328.499	0.05	Adapter 2423Hz	44	2.423	70.00	0.285
328.579	0.05	Adapter 2423Hz	44	2.423	70.00	0.285
328.659	0.05	Adapter 2423Hz	44	2.423	70.00	0.285
328.739	0.05	Adapter 2423Hz	44	2.423	70.00	0.285
328.999	0.05	Adapter 2423Hz	44	2.423	70.00	0.285
329.079	0.05	Adapter 2423Hz	44	2.423	70.00	0.285
329.159	0.05	Adapter 2423Hz	44	2.423	70.00	0.285
329.239	0.05	Adapter 2423Hz	44	2.423	70.00	0.285
329.499	0.05	Adapter 2423Hz	44	2.423	70.00	0.285
329.579	0.05	Adapter 2423Hz	44	2.423	70.00	0.285
329.659	0.05	Adapter 2423Hz	44	2.423	70.00	0.285
329.739	0.05	Adapter 2423Hz	44	2.423	70.00	0.285
332.534	0.05	Adapter 507Hz Probe 3839Hz	45	0.507	70.00	0.079
332.614	0.05	Adapter 507Hz Probe 3839Hz	45	0.507	70.00	0.079
332.694	0.05	Adapter 507Hz Probe 3839Hz	45	0.507	70.00	0.079
332.774	0.05	Adapter 507Hz Probe 3839Hz	45	0.507	70.00	0.079
332.854	0.05	Adapter 507Hz Probe 3839Hz	45	3.839	70.00	0.437
333.034	0.05	Adapter 507Hz Probe 3839Hz	45	0.507	70.00	0.079
333.114	0.05	Adapter 507Hz Probe 3839Hz	45	0.507	70.00	0.079
333.194	0.05	Adapter 507Hz Probe 3839Hz	45	0.507	70.00	0.079
333.274	0.05	Adapter 507Hz Probe 3839Hz	45	0.507	70.00	0.079
333.354	0.05	Adapter 507Hz Probe 3839Hz	45	3.839	70.00	0.437
333.534	0.05	Adapter 507Hz Probe 3839Hz	45	0.507	70.00	0.079
333.614	0.05	Adapter 507Hz Probe 3839Hz	45	0.507	70.00	0.079
333.694	0.05	Adapter 507Hz Probe 3839Hz	45	0.507	70.00	0.079
333.774	0.05	Adapter 507Hz Probe 3839Hz	45	0.507	70.00	0.079
333.854	0.05	Adapter 507Hz Probe 3839Hz	45	3.839	70.00	0.437
334.034	0.05	Adapter 507Hz Probe 3839Hz	45	0.507	70.00	0.079
334.114	0.05	Adapter 507Hz Probe 3839Hz	45	0.507	70.00	0.079
334.194	0.05	Adapter 507Hz Probe 3839Hz	45	0.507	70.00	0.079
334.274	0.05	Adapter 507Hz Probe 3839Hz	45	0.507	70.00	0.079
334.354	0.05	Adapter 507Hz Probe 3839Hz	45	3.839	70.00	0.437
334.534	0.05	Adapter 507Hz Probe 3839Hz	45	0.507	70.00	0.079
334.614	0.05	Adapter 507Hz Probe 3839Hz	45	0.507	70.00	0.079
334.694	0.05	Adapter 507Hz Probe 3839Hz	45	0.507	70.00	0.079
334.774	0.05	Adapter 507Hz Probe 3839Hz	45	0.507	70.00	0.079
334.854	0.05	Adapter 507Hz Probe 3839Hz	45	3.839	70.00	0.437
335.034	0.05	Adapter 507Hz Probe 3839Hz	45	0.507	70.00	0.079
335.114	0.05	Adapter 507Hz Probe 3839Hz	45	0.507	70.00	0.079
335.194	0.05	Adapter 507Hz Probe 3839Hz	45	0.507	70.00	0.079
335.274	0.05	Adapter 507Hz Probe 3839Hz	45	0.507	70.00	0.079
335.354	0.05	Adapter 507Hz Probe 3839Hz	45	3.839	70.00	0.437
335.534	0.05	Adapter 507Hz Probe 3839Hz	45	0.507	70.00	0.079
335.614	0.05	Adapter 507Hz Probe 3839Hz	45	0.507	70.00	0.079
335.694	0.05	Adapter 507Hz Probe 3839Hz	45	0.507	70.00	0.079
335.774	0.05	Adapter 507Hz Probe 3839Hz	45	0.507	70.00	0.079
335.854	0.05	Adapter 507Hz Probe 3839Hz	45	3.839	70.00	0.437
336.034	0.05	Adapter 507Hz Probe 3839Hz	45	0.507	70.00	0.079
336.114	0.05	Adapter 507Hz Probe 3839Hz	45	0.507	70.00	0.079
336.194	0.05	Adapter 507Hz Probe 3839Hz	45	0.507	70.00	0.079
336.274	0.05	Adapter 507Hz Probe 3839Hz	45	0.507	70.00	0.079
336.354	0.05	Adapter 507Hz Probe 3839Hz	45	3.839	70.00	0.437
336.534	0.05	Adapter 507Hz Probe 3839Hz	45	0.507	70.00	0.079
336.614	0.05	Adapter 507Hz Probe 3839Hz	45	0.507	70.00	0.079
336.694	0.05	Adapter 507Hz Probe 3839Hz	45	0.507	70.00	0.079
336.774	0.05	Adapter 507Hz Probe 3839Hz	45	0.507	70.00	0.079
336.854	0.05	Adapter 507Hz Probe 3839Hz	45	3.839	70.00	0.437
337.034	0.05	Adapter 507Hz Probe 3839Hz	45	0.507	70.00	0.079
337.114	0.05	Adapter 507Hz Probe 3839Hz	45	0.507	70.00	0.079
337.194	0.05	Adapter 507Hz Probe 3839Hz	45	0.507	70.00	0.079
337.274	0.05	Adapter 507Hz Probe 3839Hz	45	0.507	70.00	0.079
337.354	0.05	Adapter 507Hz Probe 3839Hz	45	3.839	70.00	0.437
339.991	0.05	Adapter 6009Hz	46	6.009	70.00	0.671
340.071	0.05	Adapter 6009Hz	46	6.009	70.00	0.671
340.151	0.05	Adapter 6009Hz	46	6.009	70.00	0.671
340.231	0.05	Adapter 6009Hz	46	6.009	70.00	0.671
340.491	0.05	Adapter 6009Hz	46	6.009	70.00	0.671
340.571	0.05	Adapter 6009Hz	46	6.009	70.00	0.671
340.651	0.05	Adapter 6009Hz	46	6.009	70.00	0.671
340.731	0.05	Adapter 6009Hz	46	6.009	70.00	0.671
340.991	0.05	Adapter 6009Hz	46	6.009	70.00	0.671
341.071	0.05	Adapter 6009Hz	46	6.009	70.00	0.671
341.151	0.05	Adapter 6009Hz	46	6.009	70.00	0.671
341.231	0.05	Adapter 6009Hz	46	6.009	70.00	0.671
341.491	0.05	Adapter 6009Hz	46	6.009	70.00	0.671
341.571	0.05	Adapter 6009Hz	46	6.009	70.00	0.671
341.651	0.05	Adapter 6009Hz	46	6.009	70.00	0.671
341.731	0.05	Adapter 6009Hz	46	6.009	70.00	0.671
341.991	0.05	Adapter 6009Hz	46	6.009	70.00	0.671
342.071	0.05	Adapter 6009Hz	46	6.009	70.00	0.671
342.151	0.05	Adapter 6009Hz	46	6.009	70.00	0.671
342.231	0.05	Adapter 6009Hz	46	6.009	70.00	0.671
342.491	0.05	Adapter 6009Hz	46	6.009	70.00	0.671
342.571	0.05	Adapter 6009Hz	46	6.009	70.00	0.671
342.651	0.05	Adapter 6009Hz	46	6.009	70.00	0.671
342.731	0.05	Adapter 6009Hz	46	6.009	70.00	0.671
342.991	0.05	Adapter 6009Hz	46	6.009	70.00	0.671
343.071	0.05	Adapter 6009Hz	46	6.009	70.00	0.671
343.151	0.05	Adapter 6009Hz	46	6.009	70.00	0.671
343.231	0.05	Adapter 6009Hz	46	6.009	70.00	0.671
343.491	0.05	Adapter 6009Hz	46	6.009	70.00	0.671
343.571	0.05	Adapter 6009Hz	46	6.009	70.00	0.671
343.651	0.05	Adapter 6009Hz	46	6.009	70.00	0.671
343.731	0.05	Adapter 6009Hz	46	6.009	70.00	0.671
343.991	0.05	Adapter 6009Hz	46	6.009	70.00	0.671
344.071	0.05	Adapter 6009Hz	46	6.009	70.00	0.671
344.151	0.05	Adapter 6009Hz	46	6.009	70.00	0.671
344.231	0.05	Adapter 6009Hz	46	6.009	70.00	0.671
344.491	0.05	Adapter 6009Hz	46	6.009	70.00	0.671
344.571	0.05	Adapter 6009Hz	46	6.009	70.00	0.671
344.651	0.05	Adapter 6009Hz	46	6.009	70.00	0.671
344.731	0.05	Adapter 6009Hz	46	6.009	70.00	0.671
347.51	0.05	Adapter 3839Hz	47	3.839	70.00	0.437
347.59	0.05	Adapter 3839Hz	47	3.839	70.00	0.437
347.67	0.05	Adapter 3839Hz	47	3.839	70.00	0.437
347.75	0.05	Adapter 3839Hz	47	3.839	70.00	0.437
348.01	0.05	Adapter 3839Hz	47	3.839	70.00	0.437
348.09	0.05	Adapter 3839Hz	47	3.839	70.00	0.437
348.17	0.05	Adapter 3839Hz	47	3.839	70.00	0.437
348.25	0.05	Adapter 3839Hz	47	3.839	70.00	0.437
348.51	0.05	Adapter 3839Hz	47	3.839	70.00	0.437
348.59	0.05	Adapter 3839Hz	47	3.839	70.00	0.437
348.67	0.05	Adapter 3839Hz	47	3.839	70.00	0.437
348.75	0.05	Adapter 3839Hz	47	3.839	70.00	0.437
349.01	0.05	Adapter 3839Hz	47	3.839	70.00	0.437
349.09	0.05	Adapter 3839Hz	47	3.839	70.00	0.437
349.17	0.05	Adapter 3839Hz	47	3.839	70.00	0.437
349.25	0.05	Adapter 3839Hz	47	3.839	70.00	0.437
349.51	0.05	Adapter 3839Hz	47	3.839	70.00	0.437
349.59	0.05	Adapter 3839Hz	47	3.839	70.00	0.437
349.67	0.05	Adapter 3839Hz	47	3.839	70.00	0.437
349.75	0.05	Adapter 3839Hz	47	3.839	70.00	0.437
350.01	0.05	Adapter 3839Hz	47	3.839	70.00	0.437
350.09	0.05	Adapter 3839Hz	47	3.839	70.00	0.437
350.17	0.05	Adapter 3839Hz	47	3.839	70.00	0.437
350.25	0.05	Adapter 3839Hz	47	3.839	70.00	0.437
350.51	0.05	Adapter 3839Hz	47	3.839	70.00	0.437
350.59	0.05	Adapter 3839Hz	47	3.839	70.00	0.437
350.67	0.05	Adapter 3839Hz	47	3.839	70.00	0.437
350.75	0.05	Adapter 3839Hz	47	3.839	70.00	0.437
351.01	0.05	Adapter 3839Hz	47	3.839	70.00	0.437
351.09	0.05	Adapter 3839Hz	47	3.839	70.00	0.437
351.17	0.05	Adapter 3839Hz	47	3.839	70.00	0.437
351.25	0.05	Adapter 3839Hz	47	3.839	70.00	0.437
351.51	0.05	Adapter 3839Hz	47	3.839	70.00	0.437
351.59	0.05	Adapter 3839Hz	47	3.839	70.00	0.437
351.67	0.05	Adapter 3839Hz	47	3.839	70.00	0.437
351.75	0.05	Adapter 3839Hz	47	3.839	70.00	0.437
352.01	0.05	Adapter 3839Hz	47	3.839	70.00	0.437
352.09	0.05	Adapter 3839Hz	47	3.839	70.00	0.437
352.17	0.05	Adapter 3839Hz	47	3.839	70.00	0.437
352.25	0.05	Adapter 3839Hz	47	3.839	70.00	0.437
355.029	0.05	Adapter 507Hz	48	0.507	70.00	0.079
355.109	0.05	Adapter 507Hz	48	0.507	70.00	0.079
355.189	0.05	Adapter 507Hz	48	0.507	70.00	0.079
355.269	0.05	Adapter 507Hz	48	0.507	70.00	0.079
355.529	0.05	Adapter 507Hz	48	0.507	70.00	0.079
355.609	0.05	Adapter 507Hz	48	0.507	70.00	0.079
355.689	0.05	Adapter 507Hz	48	0.507	70.00	0.079
355.769	0.05	Adapter 507Hz	48	0.507	70.00	0.079
356.029	0.05	Adapter 507Hz	48	0.507	70.00	0.079
356.109	0.05	Adapter 507Hz	48	0.507	70.00	0.079
356.189	0.05	Adapter 507Hz	48	0.507	70.00	0.079
356.269	0.05	Adapter 507Hz	48	0.507	70.00	0.079
356.529	0.05	Adapter 507Hz	48	0.507	70.00	0.079
356.609	0.05	Adapter 507Hz	48	0.507	70.00	0.079
356.689	0.05	Adapter 507Hz	48	0.507	70.00	0.079
356.769	0.05	Adapter 507Hz	48	0.507	70.00	0.079
357.029	0.05	Adapter 507Hz	48	0.507	70.00	0.079
357.109	0.05	Adapter 507Hz	48	0.507	70.00	0.079
357.189	0.05	Adapter 507Hz	48	0.507	70.00	0.079
357.269	0.05	Adapter 507Hz	48	0.507	70.00	0.079
357.529	0.05	Adapter 507Hz	48	0.507	70.00	0.079
357.609	0.05	Adapter 507Hz	48	0.507	70.00	0.079
357.689	0.05	Adapter 507Hz	48	0.507	70.00	0.079
357.769	0.05	Adapter 507Hz	48	0.507	70.00	0.079
358.029	0.05	Adapter 507Hz	48	0.507	70.00	0.079
358.109	0.05	Adapter 507Hz	48	0.507	70.00	0.079
358.189	0.05	Adapter 507Hz	48	0.507	70.00	0.079
358.269	0.05	Adapter 507Hz	48	0.507	70.00	0.079
358.529	0.05	Adapter 507Hz	48	0.507	70.00	0.079
358.609	0.05	Adapter 507Hz	48	0.507	70.00	0.079
358.689	0.05	Adapter 507Hz	48	0.507	70.00	0.079
358.769	0.05	Adapter 507Hz	48	0.507	70.00	0.079
359.029	0.05	Adapter 507Hz	48	0.507	70.00	0.079
359.109	0.05	Adapter 507Hz	48	0.507	70.00	0.079
359.189	0.05	Adapter 507Hz	48	0.507	70.00	0.079
359.269	0.05	Adapter 507Hz	48	0.507	70.00	0.079
359.529	0.05	Adapter 507Hz	48	0.507	70.00	0.079
359.609	0.05	Adapter 507Hz	48	0.507	70.00	0.079
359.689	0.05	Adapter 507Hz	48	0.507	70.00	0.079
359.769	0.05	Adapter 507Hz	48	0.507	70.00	0.079
362.517	0.05	Adapter 1501Hz	49	1.501	70.00	0.186
362.597	0.05	Adapter 1501Hz	49	1.501	70.00	0.186
362.677	0.05	Adapter 1501Hz	49	1.501	70.00	0.186
362.757	0.05	Adapter 1501Hz	49	1.501	70.00	0.186
363.017	0.05	Adapter 1501Hz	49	1.501	70.00	0.186
363.097	0.05	Adapter 1501Hz	49	1.501	70.00	0.186
363.177	0.05	Adapter 1501Hz	49	1.501	70.00	0.186
363.257	0.05	Adapter 1501Hz	49	1.501	70.00	0.186
363.517	0.05	Adapter 1501Hz	49	1.501	70.00	0.186
363.597	0.05	Adapter 1501Hz	49	1.501	70.00	0.186
363.677	0.05	Adapter 1501Hz	49	1.501	70.00	0.186
363.757	0.05	Adapter 1501Hz	49	1.501	70.00	0.186
364.017	0.05	Adapter 1501Hz	49	1.501	70.00	0.186
364.097	0.05	Adapter 1501Hz	49	1.501	70.00	0.186
364.177	0.05	Adapter 1501Hz	49	1.501	70.00	0.186
364.257	0.05	Adapter 1501Hz	49	1.501	70.00	0.186
364.517	0.05	Adapter 1501Hz	49	1.501	70.00	0.186
364.597	0.05	Adapter 1501Hz	49	1.501	70.00	0.186
364.677	0.05	Adapter 1501Hz	49	1.501	70.00	0.186
364.757	0.05	Adapter 1501Hz	49	1.501	70.00	0.186
365.017	0.05	Adapter 1501Hz	49	1.501	70.00	0.186
365.097	0.05	Adapter 1501Hz	49	1.501	70.00	0.186
365.177	0.05	Adapter 1501Hz	49	1.501	70.00	0.186
365.257	0.05	Adapter 1501Hz	49	1.501	70.00	0.186
365.517	0.05	Adapter 1501Hz	49	1.501	70.00	0.186
365.597	0.05	Adapter 1501Hz	49	1.501	70.00	0.186
365.677	0.05	Adapter 1501Hz	49	1.501	70.00	0.186
365.757	0.05	Adapter 1501Hz	49	1.501	70.00	0.186
366.017	0.05	Adapter 1501Hz	49	1.501	70.00	0.186
366.097	0.05	Adapter 1501Hz	49	1.501	70.00	0.186
366.177	0.05	Adapter 1501Hz	49	1.501	70.00	0.186
366.257	0.05	Adapter 1501Hz	49	1.501	70.00	0.186
366.517	0.05	Adapter 1501Hz	49	1.501	70.00	0.186
366.597	0.05	Adapter 1501Hz	49	1.501	70.00	0.186
366.677	0.05	Adapter 1501Hz	49	1.501	70.00	0.186
366.757	0.05	Adapter 1501Hz	49	1.501	70.00	0.186
367.017	0.05	Adapter 1501Hz	49	1.501	70.00	0.186
367.097	0.05	Adapter 1501Hz	49	1.501	70.00	0.186
367.177	0.05	Adapter 1501Hz	49	1.501	70.00	0.186
367.257	0.05	Adapter 1501Hz	49	1.501	70.00	0.186
370.021	0.05	Adapter 251Hz	50	0.251	70.00	0.052
370.101	0.05	Adapter 251Hz	50	0.251	70.00	0.052
370.181	0.05	Adapter 251Hz	50	0.251	70.00	0.052
370.261	0.05	Adapter 251Hz	50	0.251	70.00	0.052
370.521	0.05	Adapter 251Hz	50	0.251	70.00	0.052
370.601	0.05	Adapter 251Hz	50	0.251	70.00	0.052
370.681	0.05	Adapter 251Hz	50	0.251	70.00	0.052
370.761	0.05	Adapter 251Hz	50	0.251	70.00	0.052
371.021	0.05	Adapter 251Hz	50	0.251	70.00	0.052
371.101	0.05	Adapter 251Hz	50	0.251	70.00	0.052
371.181	0.05	Adapter 251Hz	50	0.251	70.00	0.052
371.261	0.05	Adapter 251Hz	50	0.251	70.00	0.052
371.521	0.05	Adapter 251Hz	50	0.251	70.00	0.052
371.601	0.05	Adapter 251Hz	50	0.251	70.00	0.052
371.681	0.05	Adapter 251Hz	50	0.251	70.00	0.052
371.761	0.05	Adapter 251Hz	50	0.251	70.00	0.052
372.021	0.05	Adapter 251Hz	50	0.251	70.00	0.052
372.101	0.05	Adapter 251Hz	50	0.251	70.00	0.052
372.181	0.05	Adapter 251Hz	50	0.251	70.00	0.052
372.261	0.05	Adapter 251Hz	50	0.251	70.00	0.052
372.521	0.05	Adapter 251Hz	50	0.251	70.00	0.052
372.601	0.05	Adapter 251Hz	50	0.251	70.00	0.052
372.681	0.05	Adapter 251Hz	50	0.251	70.00	0.052
372.761	0.05	Adapter 251Hz	50	0.251	70.00	0.052
373.021	0.05	Adapter 251Hz	50	0.251	70.00	0.052
373.101	0.05	Adapter 251Hz	50	0.251	70.00	0.052
373.181	0.05	Adapter 251Hz	50	0.251	70.00	0.052
373.261	0.05	Adapter 251Hz	50	0.251	70.00	0.052
373.521	0.05	Adapter 251Hz	50	0.251	70.00	0.052
373.601	0.05	Adapter 251Hz	50	0.251	70.00	0.052
373.681	0.05	Adapter 251Hz	50	0.251	70.00	0.052
373.761	0.05	Adapter 251Hz	50	0.251	70.00	0.052
374.021	0.05	Adapter 251Hz	50	0.251	70.00	0.052
374.101	0.05	Adapter 251Hz	50	0.251	70.00	0.052
374.181	0.05	Adapter 251Hz	50	0.251	70.00	0.052
374.261	0.05	Adapter 251Hz	50	0.251	70.00	0.052
374.521	0.05	Adapter 251Hz	50	0.251	70.00	0.052
374.601	0.05	Adapter 251Hz	50	0.251	70.00	0.052
374.681	0.05	Adapter 251Hz	50	0.251	70.00	0.052
374.761	0.05	Adapter 251Hz	50	0.251	70.00	0.052
377.509	0.05	Adapter 507Hz	51	0.507	70.00	0.079
377.589	0.05	Adapter 507Hz	51	0.507	70.00	0.079
377.669	0.05	Adapter 507Hz	51	0.507	70.00	0.079
377.749	0.05	Adapter 507Hz	51	0.507	70.00	0.079
378.009	0.05	Adapter 507Hz	51	0.507	70.00	0.079
378.089	0.05	Adapter 507Hz	51	0.507	70.00	0.079
378.169	0.05	Adapter 507Hz	51	0.507	70.00	0.079
378.249	0.05	Adapter 507Hz	51	0.507	70.00	0.079
378.509	0.05	Adapter 507Hz	51	0.507	70.00	0.079
378.589	0.05	Adapter 507Hz	51	0.507	70.00	0.079
378.669	0.05	Adapter 507Hz	51	0.507	70.00	0.079
378.749	0.05	Adapter 507Hz	51	0.507	70.00	0.079
379.009	0.05	Adapter 507Hz	51	0.507	70.00	0.079
379.089	0.05	Adapter 507Hz	51	0.507	70.00	0.079
379.169	0.05	Adapter 507Hz	51	0.507	70.00	0.079
379.249	0.05	Adapter 507Hz	51	0.507	70.00	0.079
379.509	0.05	Adapter 507Hz	51	0.507	70.00	0.079
379.589	0.05	Adapter 507Hz	51	0.507	70.00	0.079
379.669	0.05	Adapter 507Hz	51	0.507	70.00	0.079
379.749	0.05	Adapter 507Hz	51	0.507	70.00	0.079
380.009	0.05	Adapter 507Hz	51	0.507	70.00	0.079
380.089	0.05	Adapter 507Hz	51	0.507	70.00	0.079
380.169	0.05	Adapter 507Hz	51	0.507	70.00	0.079
380.249	0.05	Adapter 507Hz	51	0.507	70.00	0.079
380.509	0.05	Adapter 507Hz	51	0.507	70.00	0.079
380.589	0.05	Adapter 507Hz	51	0.507	70.00	0.079
380.669	0.05	Adapter 507Hz	51	0.507	70.00	0.079
380.749	0.05	Adapter 507Hz	51	0.507	70.00	0.079
381.009	0.05	Adapter 507Hz	51	0.507	70.00	0.079
381.089	0.05	Adapter 507Hz	51	0.507	70.00	0.079
381.169	0.05	Adapter 507Hz	51	0.507	70.00	0.079
381.249	0.05	Adapter 507Hz	51	0.507	70.00	0.079
381.509	0.05	Adapter 507Hz	51	0.507	70.00	0.079
381.589	0.05	Adapter 507Hz	51	0.507	70.00	0.079
381.669	0.05	Adapter 507Hz	51	0.507	70.00	0.079
381.749	0.05	Adapter 507Hz	51	0.507	70.00	0.079
382.009	0.05	Adapter 507Hz	51	0.507	70.00	0.079
382.089	0.05	Adapter 507Hz	51	0.507	70.00	0.079
382.169	0.05	Adapter 507Hz	51	0.507	70.00	0.079
382.249	0.05	Adapter 507Hz	51	0.507	70.00	0.079
392.485	0.05	Adapter 507Hz Probe 3839Hz	53	0.507	70.00	0.079
392.565	0.05	Adapter 507Hz Probe 3839Hz	53	0.507	70.00	0.079
392.645	0.05	Adapter 507Hz Probe 3839Hz	53	0.507	70.00	0.079
392.725	0.05	Adapter 507Hz Probe 3839Hz	53	0.507	70.00	0.079
392.805	0.05	Adapter 507Hz Probe 3839Hz	53	3.839	70.00	0.437
392.985	0.05	Adapter 507Hz Probe 3839Hz	53	0.507	70.00	0.079
393.065	0.05	Adapter 507Hz Probe 3839Hz	53	0.507	70.00	0.079
393.145	0.05	Adapter 507Hz Probe 3839Hz	53	0.507	70.00	0.079
393.225	0.05	Adapter 507Hz Probe 3839Hz	53	0.507	70.00	0.079
393.305	0.05	Adapter 507Hz Probe 3839Hz	53	3.839	70.00	0.437
393.485	0.05	Adapter 507Hz Probe 3839Hz	53	0.507	70.00	0.079
393.565	0.05	Adapter 507Hz Probe 3839Hz	53	0.507	70.00	0.079
393.645	0.05	Adapter 507Hz Probe 3839Hz	53	0.507	70.00	0.079
393.725	0.05	Adapter 507Hz Probe 3839Hz	53	0.507	70.00	0.079
393.805	0.05	Adapter 507Hz Probe 3839Hz	53	3.839	70.00	0.437
393.985	0.05	Adapter 507Hz Probe 3839Hz	53	0.507	70.00	0.079
394.065	0.05	Adapter 507Hz Probe 3839Hz	53	0.507	70.00	0.079
394.145	0.05	Adapter 507Hz Probe 3839Hz	53	0.507	70.00	0.079
394.225	0.05	Adapter 507Hz Probe 3839Hz	53	0.507	70.00	0.079
394.305	0.05	Adapter 507Hz Probe 3839Hz	53	3.839	70.00	0.437
394.485	0.05	Adapter 507Hz Probe 3839Hz	53	0.507	70.00	0.079
394.565	0.05	Adapter 507Hz Probe 3839Hz	53	0.507	70.00	0.079
394.645	0.05	Adapter 507Hz Probe 3839Hz	53	0.507	70.00	0.079
394.725	0.05	Adapter 507Hz Probe 3839Hz	53	0.507	70.00	0.079
394.805	0.05	Adapter 507Hz Probe 3839Hz	53	3.839	70.00	0.437
394.985	0.05	Adapter 507Hz Probe 3839Hz	53	0.507	70.00	0.079
395.065	0.05	Adapter 507Hz Probe 3839Hz	53	0.507	70.00	0.079
395.145	0.05	Adapter 507Hz Probe 3839Hz	53	0.507	70.00	0.079
395.225	0.05	Adapter 507Hz Probe 3839Hz	53	0.507	70.00	0.079
395.305	0.05	Adapter 507Hz Probe 3839Hz	53	3.839	70.00	0.437
395.485	0.05	Adapter 507Hz Probe 3839Hz	53	0.507	70.00	0.079
395.565	0.05	Adapter 507Hz Probe 3839Hz	53	0.507	70.00	0.079
395.645	0.05	Adapter 507Hz Probe 3839Hz	53	0.507	70.00	0.079
395.725	0.05	Adapter 507Hz Probe 3839Hz	53	0.507	70.00	0.079
395.805	0.05	Adapter 507Hz Probe 3839Hz	53	3.839	70.00	0.437
395.985	0.05	Adapter 507Hz Probe 3839Hz	53	0.507	70.00	0.079
396.065	0.05	Adapter 507Hz Probe 3839Hz	53	0.507	70.00	0.079
396.145	0.05	Adapter 507Hz Probe 3839Hz	53	0.507	70.00	0.079
396.225	0.05	Adapter 507Hz Probe 3839Hz	53	0.507	70.00	0.079
396.305	0.05	Adapter 507Hz Probe 3839Hz	53	3.839	70.00	0.437
396.485	0.05	Adapter 507Hz Probe 3839Hz	53	0.507	70.00	0.079
396.565	0.05	Adapter 507Hz Probe 3839Hz	53	0.507	70.00	0.079
396.645	0.05	Adapter 507Hz Probe 3839Hz	53	0.507	70.00	0.079
396.725	0.05	Adapter 507Hz Probe 3839Hz	53	0.507	70.00	0.079
396.805	0.05	Adapter 507Hz Probe 3839Hz	53	3.839	70.00	0.437
396.985	0.05	Adapter 507Hz Probe 3839Hz	53	0.507	70.00	0.079
397.065	0.05	Adapter 507Hz Probe 3839Hz	53	0.507	70.00	0.079
397.145	0.05	Adapter 507Hz Probe 3839Hz	53	0.507	70.00	0.079
397.225	0.05	Adapter 507Hz Probe 3839Hz	53	0.507	70.00	0.079
397.305	0.05	Adapter 507Hz Probe 3839Hz	53	3.839	70.00	0.437
399.989	0.05	Adapter 3839Hz Probe 3839Hz	54	3.839	70.00	0.437
400.069	0.05	Adapter 3839Hz Probe 3839Hz	54	3.839	70.00	0.437
400.149	0.05	Adapter 3839Hz Probe 3839Hz	54	3.839	70.00	0.437
400.229	0.05	Adapter 3839Hz Probe 3839Hz	54	3.839	70.00	0.437
400.309	0.05	Adapter 3839Hz Probe 3839Hz	54	3.839	70.00	0.437
400.489	0.05	Adapter 3839Hz Probe 3839Hz	54	3.839	70.00	0.437
400.569	0.05	Adapter 3839Hz Probe 3839Hz	54	3.839	70.00	0.437
400.649	0.05	Adapter 3839Hz Probe 3839Hz	54	3.839	70.00	0.437
400.729	0.05	Adapter 3839Hz Probe 3839Hz	54	3.839	70.00	0.437
400.809	0.05	Adapter 3839Hz Probe 3839Hz	54	3.839	70.00	0.437
400.989	0.05	Adapter 3839Hz Probe 3839Hz	54	3.839	70.00	0.437
401.069	0.05	Adapter 3839Hz Probe 3839Hz	54	3.839	70.00	0.437
401.149	0.05	Adapter 3839Hz Probe 3839Hz	54	3.839	70.00	0.437
401.229	0.05	Adapter 3839Hz Probe 3839Hz	54	3.839	70.00	0.437
401.309	0.05	Adapter 3839Hz Probe 3839Hz	54	3.839	70.00	0.437
401.489	0.05	Adapter 3839Hz Probe 3839Hz	54	3.839	70.00	0.437
401.569	0.05	Adapter 3839Hz Probe 3839Hz	54	3.839	70.00	0.437
401.649	0.05	Adapter 3839Hz Probe 3839Hz	54	3.839	70.00	0.437
401.729	0.05	Adapter 3839Hz Probe 3839Hz	54	3.839	70.00	0.437
401.809	0.05	Adapter 3839Hz Probe 3839Hz	54	3.839	70.00	0.437
401.989	0.05	Adapter 3839Hz Probe 3839Hz	54	3.839	70.00	0.437
402.069	0.05	Adapter 3839Hz Probe 3839Hz	54	3.839	70.00	0.437
402.149	0.05	Adapter 3839Hz Probe 3839Hz	54	3.839	70.00	0.437
402.229	0.05	Adapter 3839Hz Probe 3839Hz	54	3.839	70.00	0.437
402.309	0.05	Adapter 3839Hz Probe 3839Hz	54	3.839	70.00	0.437
402.489	0.05	Adapter 3839Hz Probe 3839Hz	54	3.839	70.00	0.437
402.569	0.05	Adapter 3839Hz Probe 3839Hz	54	3.839	70.00	0.437
402.649	0.05	Adapter 3839Hz Probe 3839Hz	54	3.839	70.00	0.437
402.729	0.05	Adapter 3839Hz Probe 3839Hz	54	3.839	70.00	0.437
402.809	0.05	Adapter 3839Hz Probe 3839Hz	54	3.839	70.00	0.437
402.989	0.05	Adapter 3839Hz Probe 3839Hz	54	3.839	70.00	0.437
403.069	0.05	Adapter 3839Hz Probe 3839Hz	54	3.839	70.00	0.437
403.149	0.05	Adapter 3839Hz Probe 3839Hz	54	3.839	70.00	0.437
403.229	0.05	Adapter 3839Hz Probe 3839Hz	54	3.839	70.00	0.437
403.309	0.05	Adapter 3839Hz Probe 3839Hz	54	3.839	70.00	0.437
403.489	0.05	Adapter 3839Hz Probe 3839Hz	54	3.839	70.00	0.437
403.569	0.05	Adapter 3839Hz Probe 3839Hz	54	3.839	70.00	0.437
403.649	0.05	Adapter 3839Hz Probe 3839Hz	54	3.839	70.00	0.437
403.729	0.05	Adapter 3839Hz Probe 3839Hz	54	3.839	70.00	0.437
403.809	0.05	Adapter 3839Hz Probe 3839Hz	54	3.839	70.00	0.437
403.989	0.05	Adapter 3839Hz Probe 3839Hz	54	3.839	70.00	0.437
404.069	0.05	Adapter 3839Hz Probe 3839Hz	54	3.839	70.00	0.437
404.149	0.05	Adapter 3839Hz Probe 3839Hz	54	3.839	70.00	0.437
404.229	0.05	Adapter 3839Hz Probe 3839Hz	54	3.839	70.00	0.437
404.309	0.05	Adapter 3839Hz Probe 3839Hz	54	3.839	70.00	0.437
404.489	0.05	Adapter 3839Hz Probe 3839Hz	54	3.839	70.00	0.437
404.569	0.05	Adapter 3839Hz Probe 3839Hz	54	3.839	70.00	0.437
404.649	0.05	Adapter 3839Hz Probe 3839Hz	54	3.839	70.00	0.437
404.729	0.05	Adapter 3839Hz Probe 3839Hz	54	3.839	70.00	0.437
404.809	0.05	Adapter 3839Hz Probe 3839Hz	54	3.839	70.00	0.437
407.508	0.05	Adapter 2423Hz	55	2.423	70.00	0.285
407.588	0.05	Adapter 2423Hz	55	2.423	70.00	0.285
407.668	0.05	Adapter 2423Hz	55	2.423	70.00	0.285
407.748	0.05	Adapter 2423Hz	55	2.423	70.00	0.285
408.008	0.05	Adapter 2423Hz	55	2.423	70.00	0.285
408.088	0.05	Adapter 2423Hz	55	2.423	70.00	0.285
408.168	0.05	Adapter 2423Hz	55	2.423	70.00	0.285
408.248	0.05	Adapter 2423Hz	55	2.423	70.00	0.285
408.508	0.05	Adapter 2423Hz	55	2.423	70.00	0.285
408.588	0.05	Adapter 2423Hz	55	2.423	70.00	0.285
408.668	0.05	Adapter 2423Hz	55	2.423	70.00	0.285
408.748	0.05	Adapter 2423Hz	55	2.423	70.00	0.285
409.008	0.05	Adapter 2423Hz	55	2.423	70.00	0.285
409.088	0.05	Adapter 2423Hz	55	2.423	70.00	0.285
409.168	0.05	Adapter 2423Hz	55	2.423	70.00	0.285
409.248	0.05	Adapter 2423Hz	55	2.423	70.00	0.285
409.508	0.05	Adapter 2423Hz	55	2.423	70.00	0.285
409.588	0.05	Adapter 2423Hz	55	2.423	70.00	0.285
409.668	0.05	Adapter 2423Hz	55	2.423	70.00	0.285
409.748	0.05	Adapter 2423Hz	55	2.423	70.00	0.285
410.008	0.05	Adapter 2423Hz	55	2.423	70.00	0.285
410.088	0.05	Adapter 2423Hz	55	2.423	70.00	0.285
410.168	0.05	Adapter 2423Hz	55	2.423	70.00	0.285
410.248	0.05	Adapter 2423Hz	55	2.423	70.00	0.285
410.508	0.05	Adapter 2423Hz	55	2.423	70.00	0.285
410.588	0.05	Adapter 2423Hz	55	2.423	70.00	0.285
410.668	0.05	Adapter 2423Hz	55	2.423	70.00	0.285
410.748	0.05	Adapter 2423Hz	55	2.423	70.00	0.285
411.008	0.05	Adapter 2423Hz	55	2.423	70.00	0.285
411.088	0.05	Adapter 2423Hz	55	2.423	70.00	0.285
411.168	0.05	Adapter 2423Hz	55	2.423	70.00	0.285
411.248	0.05	Adapter 2423Hz	55	2.423	70.00	0.285
411.508	0.05	Adapter 2423Hz	55	2.423	70.00	0.285
411.588	0.05	Adapter 2423Hz	55	2.423	70.00	0.285
411.668	0.05	Adapter 2423Hz	55	2.423	70.00	0.285
411.748	0.05	Adapter 2423Hz	55	2.423	70.00	0.285
412.008	0.05	Adapter 2423Hz	55	2.423	70.00	0.285
412.088	0.05	Adapter 2423Hz	55	2.423	70.00	0.285
412.168	0.05	Adapter 2423Hz	55	2.423	70.00	0.285
412.248	0.05	Adapter 2423Hz	55	2.423	70.00	0.285
415.027	0.05	Adapter 3839Hz	56	3.839	70.00	0.437
415.107	0.05	Adapter 3839Hz	56	3.839	70.00	0.437
415.187	0.05	Adapter 3839Hz	56	3.839	70.00	0.437
415.267	0.05	Adapter 3839Hz	56	3.839	70.00	0.437
415.527	0.05	Adapter 3839Hz	56	3.839	70.00	0.437
415.607	0.05	Adapter 3839Hz	56	3.839	70.00	0.437
415.687	0.05	Adapter 3839Hz	56	3.839	70.00	0.437
415.767	0.05	Adapter 3839Hz	56	3.839	70.00	0.437
416.027	0.05	Adapter 3839Hz	56	3.839	70.00	0.437
416.107	0.05	Adapter 3839Hz	56	3.839	70.00	0.437
416.187	0.05	Adapter 3839Hz	56	3.839	70.00	0.437
416.267	0.05	Adapter 3839Hz	56	3.839	70.00	0.437
416.527	0.05	Adapter 3839Hz	56	3.839	70.00	0.437
416.607	0.05	Adapter 3839Hz	56	3.839	70.00	0.437
416.687	0.05	Adapter 3839Hz	56	3.839	70.00	0.437
416.767	0.05	Adapter 3839Hz	56	3.839	70.00	0.437
417.027	0.05	Adapter 3839Hz	56	3.839	70.00	0.437
417.107	0.05	Adapter 3839Hz	56	3.839	70.00	0.437
417.187	0.05	Adapter 3839Hz	56	3.839	70.00	0.437
417.267	0.05	Adapter 3839Hz	56	3.839	70.00	0.437
417.527	0.05	Adapter 3839Hz	56	3.839	70.00	0.437
417.607	0.05	Adapter 3839Hz	56	3.839	70.00	0.437
417.687	0.05	Adapter 3839Hz	56	3.839	70.00	0.437
417.767	0.05	Adapter 3839Hz	56	3.839	70.00	0.437
418.027	0.05	Adapter 3839Hz	56	3.839	70.00	0.437
418.107	0.05	Adapter 3839Hz	56	3.839	70.00	0.437
418.187	0.05	Adapter 3839Hz	56	3.839	70.00	0.437
418.267	0.05	Adapter 3839Hz	56	3.839	70.00	0.437
418.527	0.05	Adapter 3839Hz	56	3.839	70.00	0.437
418.607	0.05	Adapter 3839Hz	56	3.839	70.00	0.437
418.687	0.05	Adapter 3839Hz	56	3.839	70.00	0.437
418.767	0.05	Adapter 3839Hz	56	3.839	70.00	0.437
419.027	0.05	Adapter 3839Hz	56	3.839	70.00	0.437
419.107	0.05	Adapter 3839Hz	56	3.839	70.00	0.437
419.187	0.05	Adapter 3839Hz	56	3.839	70.00	0.437
419.267	0.05	Adapter 3839Hz	56	3.839	70.00	0.437
419.527	0.05	Adapter 3839Hz	56	3.839	70.00	0.437
419.607	0.05	Adapter 3839Hz	56	3.839	70.00	0.437
419.687	0.05	Adapter 3839Hz	56	3.839	70.00	0.437
419.767	0.05	Adapter 3839Hz	56	3.839	70.00	0.437
422.5	0.05	Adapter 899Hz Probe 3839Hz	57	0.899	70.00	0.121
422.58	0.05	Adapter 899Hz Probe 3839Hz	57	0.899	70.00	0.121
422.66	0.05	Adapter 899Hz Probe 3839Hz	57	0.899	70.00	0.121
422.74	0.05	Adapter 899Hz Probe 3839Hz	57	0.899	70.00	0.121
422.82	0.05	Adapter 899Hz Probe 3839Hz	57	3.839	70.00	0.437
423.0	0.05	Adapter 899Hz Probe 3839Hz	57	0.899	70.00	0.121
423.08	0.05	Adapter 899Hz Probe 3839Hz	57	0.899	70.00	0.121
423.16	0.05	Adapter 899Hz Probe 3839Hz	57	0.899	70.00	0.121
423.24	0.05	Adapter 899Hz Probe 3839Hz	57	0.899	70.00	0.121
423.32	0.05	Adapter 899Hz Probe 3839Hz	57	3.839	70.00	0.437
423.5	0.05	Adapter 899Hz Probe 3839Hz	57	0.899	70.00	0.121
423.58	0.05	Adapter 899Hz Probe 3839Hz	57	0.899	70.00	0.121
423.66	0.05	Adapter 899Hz Probe 3839Hz	57	0.899	70.00	0.121
423.74	0.05	Adapter 899Hz Probe 3839Hz	57	0.899	70.00	0.121
423.82	0.05	Adapter 899Hz Probe 3839Hz	57	3.839	70.00	0.437
424.0	0.05	Adapter 899Hz Probe 3839Hz	57	0.899	70.00	0.121
424.08	0.05	Adapter 899Hz Probe 3839Hz	57	0.899	70.00	0.121
424.16	0.05	Adapter 899Hz Probe 3839Hz	57	0.899	70.00	0.121
424.24	0.05	Adapter 899Hz Probe 3839Hz	57	0.899	70.00	0.121
424.32	0.05	Adapter 899Hz Probe 3839Hz	57	3.839	70.00	0.437
424.5	0.05	Adapter 899Hz Probe 3839Hz	57	0.899	70.00	0.121
424.58	0.05	Adapter 899Hz Probe 3839Hz	57	0.899	70.00	0.121
424.66	0.05	Adapter 899Hz Probe 3839Hz	57	0.899	70.00	0.121
424.74	0.05	Adapter 899Hz Probe 3839Hz	57	0.899	70.00	0.121
424.82	0.05	Adapter 899Hz Probe 3839Hz	57	3.839	70.00	0.437
425.0	0.05	Adapter 899Hz Probe 3839Hz	57	0.899	70.00	0.121
425.08	0.05	Adapter 899Hz Probe 3839Hz	57	0.899	70.00	0.121
425.16	0.05	Adapter 899Hz Probe 3839Hz	57	0.899	70.00	0.121
425.24	0.05	Adapter 899Hz Probe 3839Hz	57	0.899	70.00	0.121
425.32	0.05	Adapter 899Hz Probe 3839Hz	57	3.839	70.00	0.437
425.5	0.05	Adapter 899Hz Probe 3839Hz	57	0.899	70.00	0.121
425.58	0.05	Adapter 899Hz Probe 3839Hz	57	0.899	70.00	0.121
425.66	0.05	Adapter 899Hz Probe 3839Hz	57	0.899	70.00	0.121
425.74	0.05	Adapter 899Hz Probe 3839Hz	57	0.899	70.00	0.121
425.82	0.05	Adapter 899Hz Probe 3839Hz	57	3.839	70.00	0.437
426.0	0.05	Adapter 899Hz Probe 3839Hz	57	0.899	70.00	0.121
426.08	0.05	Adapter 899Hz Probe 3839Hz	57	0.899	70.00	0.121
426.16	0.05	Adapter 899Hz Probe 3839Hz	57	0.899	70.00	0.121
426.24	0.05	Adapter 899Hz Probe 3839Hz	57	0.899	70.00	0.121
426.32	0.05	Adapter 899Hz Probe 3839Hz	57	3.839	70.00	0.437
426.5	0.05	Adapter 899Hz Probe 3839Hz	57	0.899	70.00	0.121
426.58	0.05	Adapter 899Hz Probe 3839Hz	57	0.899	70.00	0.121
426.66	0.05	Adapter 899Hz Probe 3839Hz	57	0.899	70.00	0.121
426.74	0.05	Adapter 899Hz Probe 3839Hz	57	0.899	70.00	0.121
426.82	0.05	Adapter 899Hz Probe 3839Hz	57	3.839	70.00	0.437
427.0	0.05	Adapter 899Hz Probe 3839Hz	57	0.899	70.00	0.121
427.08	0.05	Adapter 899Hz Probe 3839Hz	57	0.899	70.00	0.121
427.16	0.05	Adapter 899Hz Probe 3839Hz	57	0.899	70.00	0.121
427.24	0.05	Adapter 899Hz Probe 3839Hz	57	0.899	70.00	0.121
427.32	0.05	Adapter 899Hz Probe 3839Hz	57	3.839	70.00	0.437
445.315	0.05	Probe 3839Hz	60	3.839	70.00	0.437
445.815	0.05	Probe 3839Hz	60	3.839	70.00	0.437
446.315	0.05	Probe 3839Hz	60	3.839	70.00	0.437
446.815	0.05	Probe 3839Hz	60	3.839	70.00	0.437
447.315	0.05	Probe 3839Hz	60	3.839	70.00	0.437
447.815	0.05	Probe 3839Hz	60	3.839	70.00	0.437
448.315	0.05	Probe 3839Hz	60	3.839	70.00	0.437
448.815	0.05	Probe 3839Hz	60	3.839	70.00	0.437
449.315	0.05	Probe 3839Hz	60	3.839	70.00	0.437
449.815	0.05	Probe 3839Hz	60	3.839	70.00	0.437
452.514	0.05	Adapter 6009Hz	61	6.009	70.00	0.671
452.594	0.05	Adapter 6009Hz	61	6.009	70.00	0.671
452.674	0.05	Adapter 6009Hz	61	6.009	70.00	0.671
452.754	0.05	Adapter 6009Hz	61	6.009	70.00	0.671
453.014	0.05	Adapter 6009Hz	61	6.009	70.00	0.671
453.094	0.05	Adapter 6009Hz	61	6.009	70.00	0.671
453.174	0.05	Adapter 6009Hz	61	6.009	70.00	0.671
453.254	0.05	Adapter 6009Hz	61	6.009	70.00	0.671
453.514	0.05	Adapter 6009Hz	61	6.009	70.00	0.671
453.594	0.05	Adapter 6009Hz	61	6.009	70.00	0.671
453.674	0.05	Adapter 6009Hz	61	6.009	70.00	0.671
453.754	0.05	Adapter 6009Hz	61	6.009	70.00	0.671
454.014	0.05	Adapter 6009Hz	61	6.009	70.00	0.671
454.094	0.05	Adapter 6009Hz	61	6.009	70.00	0.671
454.174	0.05	Adapter 6009Hz	61	6.009	70.00	0.671
454.254	0.05	Adapter 6009Hz	61	6.009	70.00	0.671
454.514	0.05	Adapter 6009Hz	61	6.009	70.00	0.671
454.594	0.05	Adapter 6009Hz	61	6.009	70.00	0.671
454.674	0.05	Adapter 6009Hz	61	6.009	70.00	0.671
454.754	0.05	Adapter 6009Hz	61	6.009	70.00	0.671
455.014	0.05	Adapter 6009Hz	61	6.009	70.00	0.671
455.094	0.05	Adapter 6009Hz	61	6.009	70.00	0.671
455.174	0.05	Adapter 6009Hz	61	6.009	70.00	0.671
455.254	0.05	Adapter 6009Hz	61	6.009	70.00	0.671
455.514	0.05	Adapter 6009Hz	61	6.009	70.00	0.671
455.594	0.05	Adapter 6009Hz	61	6.009	70.00	0.671
455.674	0.05	Adapter 6009Hz	61	6.009	70.00	0.671
455.754	0.05	Adapter 6009Hz	61	6.009	70.00	0.671
456.014	0.05	Adapter 6009Hz	61	6.009	70.00	0.671
456.094	0.05	Adapter 6009Hz	61	6.009	70.00	0.671
456.174	0.05	Adapter 6009Hz	61	6.009	70.00	0.671
456.254	0.05	Adapter 6009Hz	61	6.009	70.00	0.671
456.514	0.05	Adapter 6009Hz	61	6.009	70.00	0.671
456.594	0.05	Adapter 6009Hz	61	6.009	70.00	0.671
456.674	0.05	Adapter 6009Hz	61	6.009	70.00	0.671
456.754	0.05	Adapter 6009Hz	61	6.009	70.00	0.671
457.014	0.05	Adapter 6009Hz	61	6.009	70.00	0.671
457.094	0.05	Adapter 6009Hz	61	6.009	70.00	0.671
457.174	0.05	Adapter 6009Hz	61	6.009	70.00	0.671
457.254	0.05	Adapter 6009Hz	61	6.009	70.00	0.671
460.033	0.05	Adapter 1501Hz Probe 3839Hz	62	1.501	70.00	0.186
460.113	0.05	Adapter 1501Hz Probe 3839Hz	62	1.501	70.00	0.186
460.193	0.05	Adapter 1501Hz Probe 3839Hz	62	1.501	70.00	0.186
460.273	0.05	Adapter 1501Hz Probe 3839Hz	62	1.501	70.00	0.186
460.353	0.05	Adapter 1501Hz Probe 3839Hz	62	3.839	70.00	0.437
460.533	0.05	Adapter 1501Hz Probe 3839Hz	62	1.501	70.00	0.186
460.613	0.05	Adapter 1501Hz Probe 3839Hz	62	1.501	70.00	0.186
460.693	0.05	Adapter 1501Hz Probe 3839Hz	62	1.501	70.00	0.186
460.773	0.05	Adapter 1501Hz Probe 3839Hz	62	1.501	70.00	0.186
460.853	0.05	Adapter 1501Hz Probe 3839Hz	62	3.839	70.00	0.437
461.033	0.05	Adapter 1501Hz Probe 3839Hz	62	1.501	70.00	0.186
461.113	0.05	Adapter 1501Hz Probe 3839Hz	62	1.501	70.00	0.186
461.193	0.05	Adapter 1501Hz Probe 3839Hz	62	1.501	70.00	0.186
461.273	0.05	Adapter 1501Hz Probe 3839Hz	62	1.501	70.00	0.186
461.353	0.05	Adapter 1501Hz Probe 3839Hz	62	3.839	70.00	0.437
461.533	0.05	Adapter 1501Hz Probe 3839Hz	62	1.501	70.00	0.186
461.613	0.05	Adapter 1501Hz Probe 3839Hz	62	1.501	70.00	0.186
461.693	0.05	Adapter 1501Hz Probe 3839Hz	62	1.501	70.00	0.186
461.773	0.05	Adapter 1501Hz Probe 3839Hz	62	1.501	70.00	0.186
461.853	0.05	Adapter 1501Hz Probe 3839Hz	62	3.839	70.00	0.437
462.033	0.05	Adapter 1501Hz Probe 3839Hz	62	1.501	70.00	0.186
462.113	0.05	Adapter 1501Hz Probe 3839Hz	62	1.501	70.00	0.186
462.193	0.05	Adapter 1501Hz Probe 3839Hz	62	1.501	70.00	0.186
462.273	0.05	Adapter 1501Hz Probe 3839Hz	62	1.501	70.00	0.186
462.353	0.05	Adapter 1501Hz Probe 3839Hz	62	3.839	70.00	0.437
462.533	0.05	Adapter 1501Hz Probe 3839Hz	62	1.501	70.00	0.186
462.613	0.05	Adapter 1501Hz Probe 3839Hz	62	1.501	70.00	0.186
462.693	0.05	Adapter 1501Hz Probe 3839Hz	62	1.501	70.00	0.186
462.773	0.05	Adapter 1501Hz Probe 3839Hz	62	1.501	70.00	0.186
462.853	0.05	Adapter 1501Hz Probe 3839Hz	62	3.839	70.00	0.437
463.033	0.05	Adapter 1501Hz Probe 3839Hz	62	1.501	70.00	0.186
463.113	0.05	Adapter 1501Hz Probe 3839Hz	62	1.501	70.00	0.186
463.193	0.05	Adapter 1501Hz Probe 3839Hz	62	1.501	70.00	0.186
463.273	0.05	Adapter 1501Hz Probe 3839Hz	62	1.501	70.00	0.186
463.353	0.05	Adapter 1501Hz Probe 3839Hz	62	3.839	70.00	0.437
463.533	0.05	Adapter 1501Hz Probe 3839Hz	62	1.501	70.00	0.186
463.613	0.05	Adapter 1501Hz Probe 3839Hz	62	1.501	70.00	0.186
463.693	0.05	Adapter 1501Hz Probe 3839Hz	62	1.501	70.00	0.186
463.773	0.05	Adapter 1501Hz Probe 3839Hz	62	1.501	70.00	0.186
463.853	0.05	Adapter 1501Hz Probe 3839Hz	62	3.839	70.00	0.437
464.033	0.05	Adapter 1501Hz Probe 3839Hz	62	1.501	70.00	0.186
464.113	0.05	Adapter 1501Hz Probe 3839Hz	62	1.501	70.00	0.186
464.193	0.05	Adapter 1501Hz Probe 3839Hz	62	1.501	70.00	0.186
464.273	0.05	Adapter 1501Hz Probe 3839Hz	62	1.501	70.00	0.186
464.353	0.05	Adapter 1501Hz Probe 3839Hz	62	3.839	70.00	0.437
464.533	0.05	Adapter 1501Hz Probe 3839Hz	62	1.501	70.00	0.186
464.613	0.05	Adapter 1501Hz Probe 3839Hz	62	1.501	70.00	0.186
464.693	0.05	Adapter 1501Hz Probe 3839Hz	62	1.501	70.00	0.186
464.773	0.05	Adapter 1501Hz Probe 3839Hz	62	1.501	70.00	0.186
464.853	0.05	Adapter 1501Hz Probe 3839Hz	62	3.839	70.00	0.437
467.506	0.05	Adapter 899Hz	63	0.899	70.00	0.121
467.586	0.05	Adapter 899Hz	63	0.899	70.00	0.121
467.666	0.05	Adapter 899Hz	63	0.899	70.00	0.121
467.746	0.05	Adapter 899Hz	63	0.899	70.00	0.121
468.006	0.05	Adapter 899Hz	63	0.899	70.00	0.121
468.086	0.05	Adapter 899Hz	63	0.899	70.00	0.121
468.166	0.05	Adapter 899Hz	63	0.899	70.00	0.121
468.246	0.05	Adapter 899Hz	63	0.899	70.00	0.121
468.506	0.05	Adapter 899Hz	63	0.899	70.00	0.121
468.586	0.05	Adapter 899Hz	63	0.899	70.00	0.121
468.666	0.05	Adapter 899Hz	63	0.899	70.00	0.121
468.746	0.05	Adapter 899Hz	63	0.899	70.00	0.121
469.006	0.05	Adapter 899Hz	63	0.899	70.00	0.121
469.086	0.05	Adapter 899Hz	63	0.899	70.00	0.121
469.166	0.05	Adapter 899Hz	63	0.899	70.00	0.121
469.246	0.05	Adapter 899Hz	63	0.899	70.00	0.121
469.506	0.05	Adapter 899Hz	63	0.899	70.00	0.121
469.586	0.05	Adapter 899Hz	63	0.899	70.00	0.121
469.666	0.05	Adapter 899Hz	63	0.899	70.00	0.121
469.746	0.05	Adapter 899Hz	63	0.899	70.00	0.121
470.006	0.05	Adapter 899Hz	63	0.899	70.00	0.121
470.086	0.05	Adapter 899Hz	63	0.899	70.00	0.121
470.166	0.05	Adapter 899Hz	63	0.899	70.00	0.121
470.246	0.05	Adapter 899Hz	63	0.899	70.00	0.121
470.506	0.05	Adapter 899Hz	63	0.899	70.00	0.121
470.586	0.05	Adapter 899Hz	63	0.899	70.00	0.121
470.666	0.05	Adapter 899Hz	63	0.899	70.00	0.121
470.746	0.05	Adapter 899Hz	63	0.899	70.00	0.121
471.006	0.05	Adapter 899Hz	63	0.899	70.00	0.121
471.086	0.05	Adapter 899Hz	63	0.899	70.00	0.121
471.166	0.05	Adapter 899Hz	63	0.899	70.00	0.121
471.246	0.05	Adapter 899Hz	63	0.899	70.00	0.121
471.506	0.05	Adapter 899Hz	63	0.899	70.00	0.121
471.586	0.05	Adapter 899Hz	63	0.899	70.00	0.121
471.666	0.05	Adapter 899Hz	63	0.899	70.00	0.121
471.746	0.05	Adapter 899Hz	63	0.899	70.00	0.121
472.006	0.05	Adapter 899Hz	63	0.899	70.00	0.121
472.086	0.05	Adapter 899Hz	63	0.899	70.00	0.121
472.166	0.05	Adapter 899Hz	63	0.899	70.00	0.121
472.246	0.05	Adapter 899Hz	63	0.899	70.00	0.121
475.009	0.05	Adapter 2423Hz Probe 3839Hz	64	2.423	70.00	0.285
475.089	0.05	Adapter 2423Hz Probe 3839Hz	64	2.423	70.00	0.285
475.169	0.05	Adapter 2423Hz Probe 3839Hz	64	2.423	70.00	0.285
475.249	0.05	Adapter 2423Hz Probe 3839Hz	64	2.423	70.00	0.285
475.329	0.05	Adapter 2423Hz Probe 3839Hz	64	3.839	70.00	0.437
475.509	0.05	Adapter 2423Hz Probe 3839Hz	64	2.423	70.00	0.285
475.589	0.05	Adapter 2423Hz Probe 3839Hz	64	2.423	70.00	0.285
475.669	0.05	Adapter 2423Hz Probe 3839Hz	64	2.423	70.00	0.285
475.749	0.05	Adapter 2423Hz Probe 3839Hz	64	2.423	70.00	0.285
475.829	0.05	Adapter 2423Hz Probe 3839Hz	64	3.839	70.00	0.437
476.009	0.05	Adapter 2423Hz Probe 3839Hz	64	2.423	70.00	0.285
476.089	0.05	Adapter 2423Hz Probe 3839Hz	64	2.423	70.00	0.285
476.169	0.05	Adapter 2423Hz Probe 3839Hz	64	2.423	70.00	0.285
476.249	0.05	Adapter 2423Hz Probe 3839Hz	64	2.423	70.00	0.285
476.329	0.05	Adapter 2423Hz Probe 3839Hz	64	3.839	70.00	0.437
476.509	0.05	Adapter 2423Hz Probe 3839Hz	64	2.423	70.00	0.285
476.589	0.05	Adapter 2423Hz Probe 3839Hz	64	2.423	70.00	0.285
476.669	0.05	Adapter 2423Hz Probe 3839Hz	64	2.423	70.00	0.285
476.749	0.05	Adapter 2423Hz Probe 3839Hz	64	2.423	70.00	0.285
476.829	0.05	Adapter 2423Hz Probe 3839Hz	64	3.839	70.00	0.437
477.009	0.05	Adapter 2423Hz Probe 3839Hz	64	2.423	70.00	0.285
477.089	0.05	Adapter 2423Hz Probe 3839Hz	64	2.423	70.00	0.285
477.169	0.05	Adapter 2423Hz Probe 3839Hz	64	2.423	70.00	0.285
477.249	0.05	Adapter 2423Hz Probe 3839Hz	64	2.423	70.00	0.285
477.329	0.05	Adapter 2423Hz Probe 3839Hz	64	3.839	70.00	0.437
477.509	0.05	Adapter 2423Hz Probe 3839Hz	64	2.423	70.00	0.285
477.589	0.05	Adapter 2423Hz Probe 3839Hz	64	2.423	70.00	0.285
477.669	0.05	Adapter 2423Hz Probe 3839Hz	64	2.423	70.00	0.285
477.749	0.05	Adapter 2423Hz Probe 3839Hz	64	2.423	70.00	0.285
477.829	0.05	Adapter 2423Hz Probe 3839Hz	64	3.839	70.00	0.437
478.009	0.05	Adapter 2423Hz Probe 3839Hz	64	2.423	70.00	0.285
478.089	0.05	Adapter 2423Hz Probe 3839Hz	64	2.423	70.00	0.285
478.169	0.05	Adapter 2423Hz Probe 3839Hz	64	2.423	70.00	0.285
478.249	0.05	Adapter 2423Hz Probe 3839Hz	64	2.423	70.00	0.285
478.329	0.05	Adapter 2423Hz Probe 3839Hz	64	3.839	70.00	0.437
478.509	0.05	Adapter 2423Hz Probe 3839Hz	64	2.423	70.00	0.285
478.589	0.05	Adapter 2423Hz Probe 3839Hz	64	2.423	70.00	0.285
478.669	0.05	Adapter 2423Hz Probe 3839Hz	64	2.423	70.00	0.285
478.749	0.05	Adapter 2423Hz Probe 3839Hz	64	2.423	70.00	0.285
478.829	0.05	Adapter 2423Hz Probe 3839Hz	64	3.839	70.00	0.437
479.009	0.05	Adapter 2423Hz Probe 3839Hz	64	2.423	70.00	0.285
479.089	0.05	Adapter 2423Hz Probe 3839Hz	64	2.423	70.00	0.285
479.169	0.05	Adapter 2423Hz Probe 3839Hz	64	2.423	70.00	0.285
479.249	0.05	Adapter 2423Hz Probe 3839Hz	64	2.423	70.00	0.285
479.329	0.05	Adapter 2423Hz Probe 3839Hz	64	3.839	70.00	0.437
479.509	0.05	Adapter 2423Hz Probe 3839Hz	64	2.423	70.00	0.285
479.589	0.05	Adapter 2423Hz Probe 3839Hz	64	2.423	70.00	0.285
479.669	0.05	Adapter 2423Hz Probe 3839Hz	64	2.423	70.00	0.285
479.749	0.05	Adapter 2423Hz Probe 3839Hz	64	2.423	70.00	0.285
479.829	0.05	Adapter 2423Hz Probe 3839Hz	64	3.839	70.00	0.437
