onset	duration	trial_type	scan	frequency_kHz	level_dB_SPL	bandwidth_kHz
9.972	0.05	Adapter 6009Hz	2	6.009	70.00	0.671
10.052	0.05	Adapter 6009Hz	2	6.009	70.00	0.671
10.132	0.05	Adapter 6009Hz	2	6.009	70.00	0.671
10.212	0.05	Adapter 6009Hz	2	6.009	70.00	0.671
10.472	0.05	Adapter 6009Hz	2	6.009	70.00	0.671
10.552	0.05	Adapter 6009Hz	2	6.009	70.00	0.671
10.632	0.05	Adapter 6009Hz	2	6.009	70.00	0.671
10.712	0.05	Adapter 6009Hz	2	6.009	70.00	0.671
10.972	0.05	Adapter 6009Hz	2	6.009	70.00	0.671
11.052	0.05	Adapter 6009Hz	2	6.009	70.00	0.671
11.132	0.05	Adapter 6009Hz	2	6.009	70.00	0.671
11.212	0.05	Adapter 6009Hz	2	6.009	70.00	0.671
11.472	0.05	Adapter 6009Hz	2	6.009	70.00	0.671
11.552	0.05	Adapter 6009Hz	2	6.009	70.00	0.671
11.632	0.05	Adapter 6009Hz	2	6.009	70.00	0.671
11.712	0.05	Adapter 6009Hz	2	6.009	70.00	0.671
11.972	0.05	Adapter 6009Hz	2	6.009	70.00	0.671
12.052	0.05	Adapter 6009Hz	2	6.009	70.00	0.671
12.132	0.05	Adapter 6009Hz	2	6.009	70.00	0.671
12.212	0.05	Adapter 6009Hz	2	6.009	70.00	0.671
12.472	0.05	Adapter 6009Hz	2	6.009	70.00	0.671
12.552	0.05	Adapter 6009Hz	2	6.009	70.00	0.671
12.632	0.05	Adapter 6009Hz	2	6.009	70.00	0.671
12.712	0.05	Adapter 6009Hz	2	6.009	70.00	0.671
12.972	0.05	Adapter 6009Hz	2	6.009	70.00	0.671
13.052	0.05	Adapter 6009Hz	2	6.009	70.00	0.671
13.132	0.05	Adapter 6009Hz	2	6.009	70.00	0.671
13.212	0.05	Adapter 6009Hz	2	6.009	70.00	0.671
13.472	0.05	Adapter 6009Hz	2	6.009	70.00	0.671
13.552	0.05	Adapter 6009Hz	2	6.009	70.00	0.671
13.632	0.05	Adapter 6009Hz	2	6.009	70.00	0.671
13.712	0.05	Adapter 6009Hz	2	6.009	70.00	0.671
13.972	0.05	Adapter 6009Hz	2	6.009	70.00	0.671
14.052	0.05	Adapter 6009Hz	2	6.009	70.00	0.671
14.132	0.05	Adapter 6009Hz	2	6.009	70.00	0.671
14.212	0.05	Adapter 6009Hz	2	6.009	70.00	0.671
14.472	0.05	Adapter 6009Hz	2	6.009	70.00	0.671
14.552	0.05	Adapter 6009Hz	2	6.009	70.00	0.671
14.632	0.05	Adapter 6009Hz	2	6.009	70.00	0.671
14.712	0.05	Adapter 6009Hz	2	6.009	70.00	0.671
17.476	0.05	Adapter 3839Hz	3	3.839	70.00	0.437
17.556	0.05	Adapter 3839Hz	3	3.839	70.00	0.437
17.636	0.05	Adapter 3839Hz	3	3.839	70.00	0.437
17.716	0.05	Adapter 3839Hz	3	3.839	70.00	0.437
17.976	0.05	Adapter 3839Hz	3	3.839	70.00	0.437
18.056	0.05	Adapter 3839Hz	3	3.839	70.00	0.437
18.136	0.05	Adapter 3839Hz	3	3.839	70.00	0.437
18.216	0.05	Adapter 3839Hz	3	3.839	70.00	0.437
18.476	0.05	Adapter 3839Hz	3	3.839	70.00	0.437
18.556	0.05	Adapter 3839Hz	3	3.839	70.00	0.437
18.636	0.05	Adapter 3839Hz	3	3.839	70.00	0.437
18.716	0.05	Adapter 3839Hz	3	3.839	70.00	0.437
18.976	0.05	Adapter 3839Hz	3	3.839	70.00	0.437
19.056	0.05	Adapter 3839Hz	3	3.839	70.00	0.437
19.136	0.05	Adapter 3839Hz	3	3.839	70.00	0.437
19.216	0.05	Adapter 3839Hz	3	3.839	70.00	0.437
19.476	0.05	Adapter 3839Hz	3	3.839	70.00	0.437
19.556	0.05	Adapter 3839Hz	3	3.839	70.00	0.437
19.636	0.05	Adapter 3839Hz	3	3.839	70.00	0.437
19.716	0.05	Adapter 3839Hz	3	3.839	70.00	0.437
19.976	0.05	Adapter 3839Hz	3	3.839	70.00	0.437
20.056	0.05	Adapter 3839Hz	3	3.839	70.00	0.437
20.136	0.05	Adapter 3839Hz	3	3.839	70.00	0.437
20.216	0.05	Adapter 3839Hz	3	3.839	70.00	0.437
20.476	0.05	Adapter 3839Hz	3	3.839	70.00	0.437
20.556	0.05	Adapter 3839Hz	3	3.839	70.00	0.437
20.636	0.05	Adapter 3839Hz	3	3.839	70.00	0.437
20.716	0.05	Adapter 3839Hz	3	3.839	70.00	0.437
20.976	0.05	Adapter 3839Hz	3	3.839	70.00	0.437
21.056	0.05	Adapter 3839Hz	3	3.839	70.00	0.437
21.136	0.05	Adapter 3839Hz	3	3.839	70.00	0.437
21.216	0.05	Adapter 3839Hz	3	3.839	70.00	0.437
21.476	0.05	Adapter 3839Hz	3	3.839	70.00	0.437
21.556	0.05	Adapter 3839Hz	3	3.839	70.00	0.437
21.636	0.05	Adapter 3839Hz	3	3.839	70.00	0.437
21.716	0.05	Adapter 3839Hz	3	3.839	70.00	0.437
21.976	0.05	Adapter 3839Hz	3	3.839	70.00	0.437
22.056	0.05	Adapter 3839Hz	3	3.839	70.00	0.437
22.136	0.05	Adapter 3839Hz	3	3.839	70.00	0.437
22.216	0.05	Adapter 3839Hz	3	3.839	70.00	0.437
32.467	0.05	Adapter 507Hz	5	0.507	70.00	0.079
32.547	0.05	Adapter 507Hz	5	0.507	70.00	0.079
32.627	0.05	Adapter 507Hz	5	0.507	70.00	0.079
32.707	0.05	Adapter 507Hz	5	0.507	70.00	0.079
32.967	0.05	Adapter 507Hz	5	0.507	70.00	0.079
33.047	0.05	Adapter 507Hz	5	0.507	70.00	0.079
33.127	0.05	Adapter 507Hz	5	0.507	70.00	0.079
33.207	0.05	Adapter 507Hz	5	0.507	70.00	0.079
33.467	0.05	Adapter 507Hz	5	0.507	70.00	0.079
33.547	0.05	Adapter 507Hz	5	0.507	70.00	0.079
33.627	0.05	Adapter 507Hz	5	0.507	70.00	0.079
33.707	0.05	Adapter 507Hz	5	0.507	70.00	0.079
33.967	0.05	Adapter 507Hz	5	0.507	70.00	0.079
34.047	0.05	Adapter 507Hz	5	0.507	70.00	0.079
34.127	0.05	Adapter 507Hz	5	0.507	70.00	0.079
34.207	0.05	Adapter 507Hz	5	0.507	70.00	0.079
34.467	0.05	Adapter 507Hz	5	0.507	70.00	0.079
34.547	0.05	Adapter 507Hz	5	0.507	70.00	0.079
34.627	0.05	Adapter 507Hz	5	0.507	70.00	0.079
34.707	0.05	Adapter 507Hz	5	0.507	70.00	0.079
34.967	0.05	Adapter 507Hz	5	0.507	70.00	0.079
35.047	0.05	Adapter 507Hz	5	0.507	70.00	0.079
35.127	0.05	Adapter 507Hz	5	0.507	70.00	0.079
35.207	0.05	Adapter 507Hz	5	0.507	70.00	0.079
35.467	0.05	Adapter 507Hz	5	0.507	70.00	0.079
35.547	0.05	Adapter 507Hz	5	0.507	70.00	0.079
35.627	0.05	Adapter 507Hz	5	0.507	70.00	0.079
35.707	0.05	Adapter 507Hz	5	0.507	70.00	0.079
35.967	0.05	Adapter 507Hz	5	0.507	70.00	0.079
36.047	0.05	Adapter 507Hz	5	0.507	70.00	0.079
36.127	0.05	Adapter 507Hz	5	0.507	70.00	0.079
36.207	0.05	Adapter 507Hz	5	0.507	70.00	0.079
36.467	0.05	Adapter 507Hz	5	0.507	70.00	0.079
36.547	0.05	Adapter 507Hz	5	0.507	70.00	0.079
36.627	0.05	Adapter 507Hz	5	0.507	70.00	0.079
36.707	0.05	Adapter 507Hz	5	0.507	70.00	0.079
36.967	0.05	Adapter 507Hz	5	0.507	70.00	0.079
37.047	0.05	Adapter 507Hz	5	0.507	70.00	0.079
37.127	0.05	Adapter 507Hz	5	0.507	70.00	0.079
37.207	0.05	Adapter 507Hz	5	0.507	70.00	0.079
39.971	0.05	Adapter 1501Hz Probe 3839Hz	6	1.501	70.00	0.186
40.051	0.05	Adapter 1501Hz Probe 3839Hz	6	1.501	70.00	0.186
40.131	0.05	Adapter 1501Hz Probe 3839Hz	6	1.501	70.00	0.186
40.211	0.05	Adapter 1501Hz Probe 3839Hz	6	1.501	70.00	0.186
40.291	0.05	Adapter 1501Hz Probe 3839Hz	6	3.839	70.00	0.437
40.471	0.05	Adapter 1501Hz Probe 3839Hz	6	1.501	70.00	0.186
40.551	0.05	Adapter 1501Hz Probe 3839Hz	6	1.501	70.00	0.186
40.631	0.05	Adapter 1501Hz Probe 3839Hz	6	1.501	70.00	0.186
40.711	0.05	Adapter 1501Hz Probe 3839Hz	6	1.501	70.00	0.186
40.791	0.05	Adapter 1501Hz Probe 3839Hz	6	3.839	70.00	0.437
40.971	0.05	Adapter 1501Hz Probe 3839Hz	6	1.501	70.00	0.186
41.051	0.05	Adapter 1501Hz Probe 3839Hz	6	1.501	70.00	0.186
41.131	0.05	Adapter 1501Hz Probe 3839Hz	6	1.501	70.00	0.186
41.211	0.05	Adapter 1501Hz Probe 3839Hz	6	1.501	70.00	0.186
41.291	0.05	Adapter 1501Hz Probe 3839Hz	6	3.839	70.00	0.437
41.471	0.05	Adapter 1501Hz Probe 3839Hz	6	1.501	70.00	0.186
41.551	0.05	Adapter 1501Hz Probe 3839Hz	6	1.501	70.00	0.186
41.631	0.05	Adapter 1501Hz Probe 3839Hz	6	1.501	70.00	0.186
41.711	0.05	Adapter 1501Hz Probe 3839Hz	6	1.501	70.00	0.186
41.791	0.05	Adapter 1501Hz Probe 3839Hz	6	3.839	70.00	0.437
41.971	0.05	Adapter 1501Hz Probe 3839Hz	6	1.501	70.00	0.186
42.051	0.05	Adapter 1501Hz Probe 3839Hz	6	1.501	70.00	0.186
42.131	0.05	Adapter 1501Hz Probe 3839Hz	6	1.501	70.00	0.186
42.211	0.05	Adapter 1501Hz Probe 3839Hz	6	1.501	70.00	0.186
42.291	0.05	Adapter 1501Hz Probe 3839Hz	6	3.839	70.00	0.437
42.471	0.05	Adapter 1501Hz Probe 3839Hz	6	1.501	70.00	0.186
42.551	0.05	Adapter 1501Hz Probe 3839Hz	6	1.501	70.00	0.186
42.631	0.05	Adapter 1501Hz Probe 3839Hz	6	1.501	70.00	0.186
42.711	0.05	Adapter 1501Hz Probe 3839Hz	6	1.501	70.00	0.186
42.791	0.05	Adapter 1501Hz Probe 3839Hz	6	3.839	70.00	0.437
42.971	0.05	Adapter 1501Hz Probe 3839Hz	6	1.501	70.00	0.186
43.051	0.05	Adapter 1501Hz Probe 3839Hz	6	1.501	70.00	0.186
43.131	0.05	Adapter 1501Hz Probe 3839Hz	6	1.501	70.00	0.186
43.211	0.05	Adapter 1501Hz Probe 3839Hz	6	1.501	70.00	0.186
43.291	0.05	Adapter 1501Hz Probe 3839Hz	6	3.839	70.00	0.437
43.471	0.05	Adapter 1501Hz Probe 3839Hz	6	1.501	70.00	0.186
43.551	0.05	Adapter 1501Hz Probe 3839Hz	6	1.501	70.00	0.186
43.631	0.05	Adapter 1501Hz Probe 3839Hz	6	1.501	70.00	0.186
43.711	0.05	Adapter 1501Hz Probe 3839Hz	6	1.501	70.00	0.186
43.791	0.05	Adapter 1501Hz Probe 3839Hz	6	3.839	70.00	0.437
43.971	0.05	Adapter 1501Hz Probe 3839Hz	6	1.501	70.00	0.186
44.051	0.05	Adapter 1501Hz Probe 3839Hz	6	1.501	70.00	0.186
44.131	0.05	Adapter 1501Hz Probe 3839Hz	6	1.501	70.00	0.186
44.211	0.05	Adapter 1501Hz Probe 3839Hz	6	1.501	70.00	0.186
44.291	0.05	Adapter 1501Hz Probe 3839Hz	6	3.839	70.00	0.437
44.471	0.05	Adapter 1501Hz Probe 3839Hz	6	1.501	70.00	0.186
44.551	0.05	Adapter 1501Hz Probe 3839Hz	6	1.501	70.00	0.186
44.631	0.05	Adapter 1501Hz Probe 3839Hz	6	1.501	70.00	0.186
44.711	0.05	Adapter 1501Hz Probe 3839Hz	6	1.501	70.00	0.186
44.791	0.05	Adapter 1501Hz Probe 3839Hz	6	3.839	70.00	0.437
47.521	0.05	Adapter 899Hz	7	0.899	70.00	0.121
47.601	0.05	Adapter 899Hz	7	0.899	70.00	0.121
47.681	0.05	Adapter 899Hz	7	0.899	70.00	0.121
47.761	0.05	Adapter 899Hz	7	0.899	70.00	0.121
48.021	0.05	Adapter 899Hz	7	0.899	70.00	0.121
48.101	0.05	Adapter 899Hz	7	0.899	70.00	0.121
48.181	0.05	Adapter 899Hz	7	0.899	70.00	0.121
48.261	0.05	Adapter 899Hz	7	0.899	70.00	0.121
48.521	0.05	Adapter 899Hz	7	0.899	70.00	0.121
48.601	0.05	Adapter 899Hz	7	0.899	70.00	0.121
48.681	0.05	Adapter 899Hz	7	0.899	70.00	0.121
48.761	0.05	Adapter 899Hz	7	0.899	70.00	0.121
49.021	0.05	Adapter 899Hz	7	0.899	70.00	0.121
49.101	0.05	Adapter 899Hz	7	0.899	70.00	0.121
49.181	0.05	Adapter 899Hz	7	0.899	70.00	0.121
49.261	0.05	Adapter 899Hz	7	0.899	70.00	0.121
49.521	0.05	Adapter 899Hz	7	0.899	70.00	0.121
49.601	0.05	Adapter 899Hz	7	0.899	70.00	0.121
49.681	0.05	Adapter 899Hz	7	0.899	70.00	0.121
49.761	0.05	Adapter 899Hz	7	0.899	70.00	0.121
50.021	0.05	Adapter 899Hz	7	0.899	70.00	0.121
50.101	0.05	Adapter 899Hz	7	0.899	70.00	0.121
50.181	0.05	Adapter 899Hz	7	0.899	70.00	0.121
50.261	0.05	Adapter 899Hz	7	0.899	70.00	0.121
50.521	0.05	Adapter 899Hz	7	0.899	70.00	0.121
50.601	0.05	Adapter 899Hz	7	0.899	70.00	0.121
50.681	0.05	Adapter 899Hz	7	0.899	70.00	0.121
50.761	0.05	Adapter 899Hz	7	0.899	70.00	0.121
51.021	0.05	Adapter 899Hz	7	0.899	70.00	0.121
51.101	0.05	Adapter 899Hz	7	0.899	70.00	0.121
51.181	0.05	Adapter 899Hz	7	0.899	70.00	0.121
51.261	0.05	Adapter 899Hz	7	0.899	70.00	0.121
51.521	0.05	Adapter 899Hz	7	0.899	70.00	0.121
51.601	0.05	Adapter 899Hz	7	0.899	70.00	0.121
51.681	0.05	Adapter 899Hz	7	0.899	70.00	0.121
51.761	0.05	Adapter 899Hz	7	0.899	70.00	0.121
52.021	0.05	Adapter 899Hz	7	0.899	70.00	0.121
52.101	0.05	Adapter 899Hz	7	0.899	70.00	0.121
52.181	0.05	Adapter 899Hz	7	0.899	70.00	0.121
52.261	0.05	Adapter 899Hz	7	0.899	70.00	0.121
55.009	0.05	Adapter 251Hz	8	0.251	70.00	0.052
55.089	0.05	Adapter 251Hz	8	0.251	70.00	0.052
55.169	0.05	Adapter 251Hz	8	0.251	70.00	0.052
55.249	0.05	Adapter 251Hz	8	0.251	70.00	0.052
55.509	0.05	Adapter 251Hz	8	0.251	70.00	0.052
55.589	0.05	Adapter 251Hz	8	0.251	70.00	0.052
55.669	0.05	Adapter 251Hz	8	0.251	70.00	0.052
55.749	0.05	Adapter 251Hz	8	0.251	70.00	0.052
56.009	0.05	Adapter 251Hz	8	0.251	70.00	0.052
56.089	0.05	Adapter 251Hz	8	0.251	70.00	0.052
56.169	0.05	Adapter 251Hz	8	0.251	70.00	0.052
56.249	0.05	Adapter 251Hz	8	0.251	70.00	0.052
56.509	0.05	Adapter 251Hz	8	0.251	70.00	0.052
56.589	0.05	Adapter 251Hz	8	0.251	70.00	0.052
56.669	0.05	Adapter 251Hz	8	0.251	70.00	0.052
56.749	0.05	Adapter 251Hz	8	0.251	70.00	0.052
57.009	0.05	Adapter 251Hz	8	0.251	70.00	0.052
57.089	0.05	Adapter 251Hz	8	0.251	70.00	0.052
57.169	0.05	Adapter 251Hz	8	0.251	70.00	0.052
57.249	0.05	Adapter 251Hz	8	0.251	70.00	0.052
57.509	0.05	Adapter 251Hz	8	0.251	70.00	0.052
57.589	0.05	Adapter 251Hz	8	0.251	70.00	0.052
57.669	0.05	Adapter 251Hz	8	0.251	70.00	0.052
57.749	0.05	Adapter 251Hz	8	0.251	70.00	0.052
58.009	0.05	Adapter 251Hz	8	0.251	70.00	0.052
58.089	0.05	Adapter 251Hz	8	0.251	70.00	0.052
58.169	0.05	Adapter 251Hz	8	0.251	70.00	0.052
58.249	0.05	Adapter 251Hz	8	0.251	70.00	0.052
58.509	0.05	Adapter 251Hz	8	0.251	70.00	0.052
58.589	0.05	Adapter 251Hz	8	0.251	70.00	0.052
58.669	0.05	Adapter 251Hz	8	0.251	70.00	0.052
58.749	0.05	Adapter 251Hz	8	0.251	70.00	0.052
59.009	0.05	Adapter 251Hz	8	0.251	70.00	0.052
59.089	0.05	Adapter 251Hz	8	0.251	70.00	0.052
59.169	0.05	Adapter 251Hz	8	0.251	70.00	0.052
59.249	0.05	Adapter 251Hz	8	0.251	70.00	0.052
59.509	0.05	Adapter 251Hz	8	0.251	70.00	0.052
59.589	0.05	Adapter 251Hz	8	0.251	70.00	0.052
59.669	0.05	Adapter 251Hz	8	0.251	70.00	0.052
59.749	0.05	Adapter 251Hz	8	0.251	70.00	0.052
62.497	0.05	Adapter 2423Hz Probe 3839Hz	9	2.423	70.00	0.285
62.577	0.05	Adapter 2423Hz Probe 3839Hz	9	2.423	70.00	0.285
62.657	0.05	Adapter 2423Hz Probe 3839Hz	9	2.423	70.00	0.285
62.737	0.05	Adapter 2423Hz Probe 3839Hz	9	2.423	70.00	0.285
62.817	0.05	Adapter 2423Hz Probe 3839Hz	9	3.839	70.00	0.437
62.997	0.05	Adapter 2423Hz Probe 3839Hz	9	2.423	70.00	0.285
63.077	0.05	Adapter 2423Hz Probe 3839Hz	9	2.423	70.00	0.285
63.157	0.05	Adapter 2423Hz Probe 3839Hz	9	2.423	70.00	0.285
63.237	0.05	Adapter 2423Hz Probe 3839Hz	9	2.423	70.00	0.285
63.317	0.05	Adapter 2423Hz Probe 3839Hz	9	3.839	70.00	0.437
63.497	0.05	Adapter 2423Hz Probe 3839Hz	9	2.423	70.00	0.285
63.577	0.05	Adapter 2423Hz Probe 3839Hz	9	2.423	70.00	0.285
63.657	0.05	Adapter 2423Hz Probe 3839Hz	9	2.423	70.00	0.285
63.737	0.05	Adapter 2423Hz Probe 3839Hz	9	2.423	70.00	0.285
63.817	0.05	Adapter 2423Hz Probe 3839Hz	9	3.839	70.00	0.437
63.997	0.05	Adapter 2423Hz Probe 3839Hz	9	2.423	70.00	0.285
64.077	0.05	Adapter 2423Hz Probe 3839Hz	9	2.423	70.00	0.285
64.157	0.05	Adapter 2423Hz Probe 3839Hz	9	2.423	70.00	0.285
64.237	0.05	Adapter 2423Hz Probe 3839Hz	9	2.423	70.00	0.285
64.317	0.05	Adapter 2423Hz Probe 3839Hz	9	3.839	70.00	0.437
64.497	0.05	Adapter 2423Hz Probe 3839Hz	9	2.423	70.00	0.285
64.577	0.05	Adapter 2423Hz Probe 3839Hz	9	2.423	70.00	0.285
64.657	0.05	Adapter 2423Hz Probe 3839Hz	9	2.423	70.00	0.285
64.737	0.05	Adapter 2423Hz Probe 3839Hz	9	2.423	70.00	0.285
64.817	0.05	Adapter 2423Hz Probe 3839Hz	9	3.839	70.00	0.437
64.997	0.05	Adapter 2423Hz Probe 3839Hz	9	2.423	70.00	0.285
65.077	0.05	Adapter 2423Hz Probe 3839Hz	9	2.423	70.00	0.285
65.157	0.05	Adapter 2423Hz Probe 3839Hz	9	2.423	70.00	0.285
65.237	0.05	Adapter 2423Hz Probe 3839Hz	9	2.423	70.00	0.285
65.317	0.05	Adapter 2423Hz Probe 3839Hz	9	3.839	70.00	0.437
65.497	0.05	Adapter 2423Hz Probe 3839Hz	9	2.423	70.00	0.285
65.577	0.05	Adapter 2423Hz Probe 3839Hz	9	2.423	70.00	0.285
65.657	0.05	Adapter 2423Hz Probe 3839Hz	9	2.423	70.00	0.285
65.737	0.05	Adapter 2423Hz Probe 3839Hz	9	2.423	70.00	0.285
65.817	0.05	Adapter 2423Hz Probe 3839Hz	9	3.839	70.00	0.437
65.997	0.05	Adapter 2423Hz Probe 3839Hz	9	2.423	70.00	0.285
66.077	0.05	Adapter 2423Hz Probe 3839Hz	9	2.423	70.00	0.285
66.157	0.05	Adapter 2423Hz Probe 3839Hz	9	2.423	70.00	0.285
66.237	0.05	Adapter 2423Hz Probe 3839Hz	9	2.423	70.00	0.285
66.317	0.05	Adapter 2423Hz Probe 3839Hz	9	3.839	70.00	0.437
66.497	0.05	Adapter 2423Hz Probe 3839Hz	9	2.423	70.00	0.285
66.577	0.05	Adapter 2423Hz Probe 3839Hz	9	2.423	70.00	0.285
66.657	0.05	Adapter 2423Hz Probe 3839Hz	9	2.423	70.00	0.285
66.737	0.05	Adapter 2423Hz Probe 3839Hz	9	2.423	70.00	0.285
66.817	0.05	Adapter 2423Hz Probe 3839Hz	9	3.839	70.00	0.437
66.997	0.05	Adapter 2423Hz Probe 3839Hz	9	2.423	70.00	0.285
67.077	0.05	Adapter 2423Hz Probe 3839Hz	9	2.423	70.00	0.285
67.157	0.05	Adapter 2423Hz Probe 3839Hz	9	2.423	70.00	0.285
67.237	0.05	Adapter 2423Hz Probe 3839Hz	9	2.423	70.00	0.285
67.317	0.05	Adapter 2423Hz Probe 3839Hz	9	3.839	70.00	0.437
70.016	0.05	Adapter 899Hz Probe 3839Hz	10	0.899	70.00	0.121
70.096	0.05	Adapter 899Hz Probe 3839Hz	10	0.899	70.00	0.121
70.176	0.05	Adapter 899Hz Probe 3839Hz	10	0.899	70.00	0.121
70.256	0.05	Adapter 899Hz Probe 3839Hz	10	0.899	70.00	0.121
70.336	0.05	Adapter 899Hz Probe 3839Hz	10	3.839	70.00	0.437
70.516	0.05	Adapter 899Hz Probe 3839Hz	10	0.899	70.00	0.121
70.596	0.05	Adapter 899Hz Probe 3839Hz	10	0.899	70.00	0.121
70.676	0.05	Adapter 899Hz Probe 3839Hz	10	0.899	70.00	0.121
70.756	0.05	Adapter 899Hz Probe 3839Hz	10	0.899	70.00	0.121
70.836	0.05	Adapter 899Hz Probe 3839Hz	10	3.839	70.00	0.437
71.016	0.05	Adapter 899Hz Probe 3839Hz	10	0.899	70.00	0.121
71.096	0.05	Adapter 899Hz Probe 3839Hz	10	0.899	70.00	0.121
71.176	0.05	Adapter 899Hz Probe 3839Hz	10	0.899	70.00	0.121
71.256	0.05	Adapter 899Hz Probe 3839Hz	10	0.899	70.00	0.121
71.336	0.05	Adapter 899Hz Probe 3839Hz	10	3.839	70.00	0.437
71.516	0.05	Adapter 899Hz Probe 3839Hz	10	0.899	70.00	0.121
71.596	0.05	Adapter 899Hz Probe 3839Hz	10	0.899	70.00	0.121
71.676	0.05	Adapter 899Hz Probe 3839Hz	10	0.899	70.00	0.121
71.756	0.05	Adapter 899Hz Probe 3839Hz	10	0.899	70.00	0.121
71.836	0.05	Adapter 899Hz Probe 3839Hz	10	3.839	70.00	0.437
72.016	0.05	Adapter 899Hz Probe 3839Hz	10	0.899	70.00	0.121
72.096	0.05	Adapter 899Hz Probe 3839Hz	10	0.899	70.00	0.121
72.176	0.05	Adapter 899Hz Probe 3839Hz	10	0.899	70.00	0.121
72.256	0.05	Adapter 899Hz Probe 3839Hz	10	0.899	70.00	0.121
72.336	0.05	Adapter 899Hz Probe 3839Hz	10	3.839	70.00	0.437
72.516	0.05	Adapter 899Hz Probe 3839Hz	10	0.899	70.00	0.121
72.596	0.05	Adapter 899Hz Probe 3839Hz	10	0.899	70.00	0.121
72.676	0.05	Adapter 899Hz Probe 3839Hz	10	0.899	70.00	0.121
72.756	0.05	Adapter 899Hz Probe 3839Hz	10	0.899	70.00	0.121
72.836	0.05	Adapter 899Hz Probe 3839Hz	10	3.839	70.00	0.437
73.016	0.05	Adapter 899Hz Probe 3839Hz	10	0.899	70.00	0.121
73.096	0.05	Adapter 899Hz Probe 3839Hz	10	0.899	70.00	0.121
73.176	0.05	Adapter 899Hz Probe 3839Hz	10	0.899	70.00	0.121
73.256	0.05	Adapter 899Hz Probe 3839Hz	10	0.899	70.00	0.121
73.336	0.05	Adapter 899Hz Probe 3839Hz	10	3.839	70.00	0.437
73.516	0.05	Adapter 899Hz Probe 3839Hz	10	0.899	70.00	0.121
73.596	0.05	Adapter 899Hz Probe 3839Hz	10	0.899	70.00	0.121
73.676	0.05	Adapter 899Hz Probe 3839Hz	10	0.899	70.00	0.121
73.756	0.05	Adapter 899Hz Probe 3839Hz	10	0.899	70.00	0.121
73.836	0.05	Adapter 899Hz Probe 3839Hz	10	3.839	70.00	0.437
74.016	0.05	Adapter 899Hz Probe 3839Hz	10	0.899	70.00	0.121
74.096	0.05	Adapter 899Hz Probe 3839Hz	10	0.899	70.00	0.121
74.176	0.05	Adapter 899Hz Probe 3839Hz	10	0.899	70.00	0.121
74.256	0.05	Adapter 899Hz Probe 3839Hz	10	0.899	70.00	0.121
74.336	0.05	Adapter 899Hz Probe 3839Hz	10	3.839	70.00	0.437
74.516	0.05	Adapter 899Hz Probe 3839Hz	10	0.899	70.00	0.121
74.596	0.05	Adapter 899Hz Probe 3839Hz	10	0.899	70.00	0.121
74.676	0.05	Adapter 899Hz Probe 3839Hz	10	0.899	70.00	0.121
74.756	0.05	Adapter 899Hz Probe 3839Hz	10	0.899	70.00	0.121
74.836	0.05	Adapter 899Hz Probe 3839Hz	10	3.839	70.00	0.437
77.489	0.05	Adapter 507Hz Probe 3839Hz	11	0.507	70.00	0.079
77.569	0.05	Adapter 507Hz Probe 3839Hz	11	0.507	70.00	0.079
77.649	0.05	Adapter 507Hz Probe 3839Hz	11	0.507	70.00	0.079
77.729	0.05	Adapter 507Hz Probe 3839Hz	11	0.507	70.00	0.079
77.809	0.05	Adapter 507Hz Probe 3839Hz	11	3.839	70.00	0.437
77.989	0.05	Adapter 507Hz Probe 3839Hz	11	0.507	70.00	0.079
78.069	0.05	Adapter 507Hz Probe 3839Hz	11	0.507	70.00	0.079
78.149	0.05	Adapter 507Hz Probe 3839Hz	11	0.507	70.00	0.079
78.229	0.05	Adapter 507Hz Probe 3839Hz	11	0.507	70.00	0.079
78.309	0.05	Adapter 507Hz Probe 3839Hz	11	3.839	70.00	0.437
78.489	0.05	Adapter 507Hz Probe 3839Hz	11	0.507	70.00	0.079
78.569	0.05	Adapter 507Hz Probe 3839Hz	11	0.507	70.00	0.079
78.649	0.05	Adapter 507Hz Probe 3839Hz	11	0.507	70.00	0.079
78.729	0.05	Adapter 507Hz Probe 3839Hz	11	0.507	70.00	0.079
78.809	0.05	Adapter 507Hz Probe 3839Hz	11	3.839	70.00	0.437
78.989	0.05	Adapter 507Hz Probe 3839Hz	11	0.507	70.00	0.079
79.069	0.05	Adapter 507Hz Probe 3839Hz	11	0.507	70.00	0.079
79.149	0.05	Adapter 507Hz Probe 3839Hz	11	0.507	70.00	0.079
79.229	0.05	Adapter 507Hz Probe 3839Hz	11	0.507	70.00	0.079
79.309	0.05	Adapter 507Hz Probe 3839Hz	11	3.839	70.00	0.437
79.489	0.05	Adapter 507Hz Probe 3839Hz	11	0.507	70.00	0.079
79.569	0.05	Adapter 507Hz Probe 3839Hz	11	0.507	70.00	0.079
79.649	0.05	Adapter 507Hz Probe 3839Hz	11	0.507	70.00	0.079
79.729	0.05	Adapter 507Hz Probe 3839Hz	11	0.507	70.00	0.079
79.809	0.05	Adapter 507Hz Probe 3839Hz	11	3.839	70.00	0.437
79.989	0.05	Adapter 507Hz Probe 3839Hz	11	0.507	70.00	0.079
80.069	0.05	Adapter 507Hz Probe 3839Hz	11	0.507	70.00	0.079
80.149	0.05	Adapter 507Hz Probe 3839Hz	11	0.507	70.00	0.079
80.229	0.05	Adapter 507Hz Probe 3839Hz	11	0.507	70.00	0.079
80.309	0.05	Adapter 507Hz Probe 3839Hz	11	3.839	70.00	0.437
80.489	0.05	Adapter 507Hz Probe 3839Hz	11	0.507	70.00	0.079
80.569	0.05	Adapter 507Hz Probe 3839Hz	11	0.507	70.00	0.079
80.649	0.05	Adapter 507Hz Probe 3839Hz	11	0.507	70.00	0.079
80.729	0.05	Adapter 507Hz Probe 3839Hz	11	0.507	70.00	0.079
80.809	0.05	Adapter 507Hz Probe 3839Hz	11	3.839	70.00	0.437
80.989	0.05	Adapter 507Hz Probe 3839Hz	11	0.507	70.00	0.079
81.069	0.05	Adapter 507Hz Probe 3839Hz	11	0.507	70.00	0.079
81.149	0.05	Adapter 507Hz Probe 3839Hz	11	0.507	70.00	0.079
81.229	0.05	Adapter 507Hz Probe 3839Hz	11	0.507	70.00	0.079
81.309	0.05	Adapter 507Hz Probe 3839Hz	11	3.839	70.00	0.437
81.489	0.05	Adapter 507Hz Probe 3839Hz	11	0.507	70.00	0.079
81.569	0.05	Adapter 507Hz Probe 3839Hz	11	0.507	70.00	0.079
81.649	0.05	Adapter 507Hz Probe 3839Hz	11	0.507	70.00	0.079
81.729	0.05	Adapter 507Hz Probe 3839Hz	11	0.507	70.00	0.079
81.809	0.05	Adapter 507Hz Probe 3839Hz	11	3.839	70.00	0.437
81.989	0.05	Adapter 507Hz Probe 3839Hz	11	0.507	70.00	0.079
82.069	0.05	Adapter 507Hz Probe 3839Hz	11	0.507	70.00	0.079
82.149	0.05	Adapter 507Hz Probe 3839Hz	11	0.507	70.00	0.079
82.229	0.05	Adapter 507Hz Probe 3839Hz	11	0.507	70.00	0.079
82.309	0.05	Adapter 507Hz Probe 3839Hz	11	3.839	70.00	0.437
85.008	0.05	Adapter 3839Hz Probe 3839Hz	12	3.839	70.00	0.437
85.088	0.05	Adapter 3839Hz Probe 3839Hz	12	3.839	70.00	0.437
85.168	0.05	Adapter 3839Hz Probe 3839Hz	12	3.839	70.00	0.437
85.248	0.05	Adapter 3839Hz Probe 3839Hz	12	3.839	70.00	0.437
85.328	0.05	Adapter 3839Hz Probe 3839Hz	12	3.839	70.00	0.437
85.508	0.05	Adapter 3839Hz Probe 3839Hz	12	3.839	70.00	0.437
85.588	0.05	Adapter 3839Hz Probe 3839Hz	12	3.839	70.00	0.437
85.668	0.05	Adapter 3839Hz Probe 3839Hz	12	3.839	70.00	0.437
85.748	0.05	Adapter 3839Hz Probe 3839Hz	12	3.839	70.00	0.437
85.828	0.05	Adapter 3839Hz Probe 3839Hz	12	3.839	70.00	0.437
86.008	0.05	Adapter 3839Hz Probe 3839Hz	12	3.839	70.00	0.437
86.088	0.05	Adapter 3839Hz Probe 3839Hz	12	3.839	70.00	0.437
86.168	0.05	Adapter 3839Hz Probe 3839Hz	12	3.839	70.00	0.437
86.248	0.05	Adapter 3839Hz Probe 3839Hz	12	3.839	70.00	0.437
86.328	0.05	Adapter 3839Hz Probe 3839Hz	12	3.839	70.00	0.437
86.508	0.05	Adapter 3839Hz Probe 3839Hz	12	3.839	70.00	0.437
86.588	0.05	Adapter 3839Hz Probe 3839Hz	12	3.839	70.00	0.437
86.668	0.05	Adapter 3839Hz Probe 3839Hz	12	3.839	70.00	0.437
86.748	0.05	Adapter 3839Hz Probe 3839Hz	12	3.839	70.00	0.437
86.828	0.05	Adapter 3839Hz Probe 3839Hz	12	3.839	70.00	0.437
87.008	0.05	Adapter 3839Hz Probe 3839Hz	12	3.839	70.00	0.437
87.088	0.05	Adapter 3839Hz Probe 3839Hz	12	3.839	70.00	0.437
87.168	0.05	Adapter 3839Hz Probe 3839Hz	12	3.839	70.00	0.437
87.248	0.05	Adapter 3839Hz Probe 3839Hz	12	3.839	70.00	0.437
87.328	0.05	Adapter 3839Hz Probe 3839Hz	12	3.839	70.00	0.437
87.508	0.05	Adapter 3839Hz Probe 3839Hz	12	3.839	70.00	0.437
87.588	0.05	Adapter 3839Hz Probe 3839Hz	12	3.839	70.00	0.437
87.668	0.05	Adapter 3839Hz Probe 3839Hz	12	3.839	70.00	0.437
87.748	0.05	Adapter 3839Hz Probe 3839Hz	12	3.839	70.00	0.437
87.828	0.05	Adapter 3839Hz Probe 3839Hz	12	3.839	70.00	0.437
88.008	0.05	Adapter 3839Hz Probe 3839Hz	12	3.839	70.00	0.437
88.088	0.05	Adapter 3839Hz Probe 3839Hz	12	3.839	70.00	0.437
88.168	0.05	Adapter 3839Hz Probe 3839Hz	12	3.839	70.00	0.437
88.248	0.05	Adapter 3839Hz Probe 3839Hz	12	3.839	70.00	0.437
88.328	0.05	Adapter 3839Hz Probe 3839Hz	12	3.839	70.00	0.437
88.508	0.05	Adapter 3839Hz Probe 3839Hz	12	3.839	70.00	0.437
88.588	0.05	Adapter 3839Hz Probe 3839Hz	12	3.839	70.00	0.437
88.668	0.05	Adapter 3839Hz Probe 3839Hz	12	3.839	70.00	0.437
88.748	0.05	Adapter 3839Hz Probe 3839Hz	12	3.839	70.00	0.437
88.828	0.05	Adapter 3839Hz Probe 3839Hz	12	3.839	70.00	0.437
89.008	0.05	Adapter 3839Hz Probe 3839Hz	12	3.839	70.00	0.437
89.088	0.05	Adapter 3839Hz Probe 3839Hz	12	3.839	70.00	0.437
89.168	0.05	Adapter 3839Hz Probe 3839Hz	12	3.839	70.00	0.437
89.248	0.05	Adapter 3839Hz Probe 3839Hz	12	3.839	70.00	0.437
89.328	0.05	Adapter 3839Hz Probe 3839Hz	12	3.839	70.00	0.437
89.508	0.05	Adapter 3839Hz Probe 3839Hz	12	3.839	70.00	0.437
89.588	0.05	Adapter 3839Hz Probe 3839Hz	12	3.839	70.00	0.437
89.668	0.05	Adapter 3839Hz Probe 3839Hz	12	3.839	70.00	0.437
89.748	0.05	Adapter 3839Hz Probe 3839Hz	12	3.839	70.00	0.437
89.828	0.05	Adapter 3839Hz Probe 3839Hz	12	3.839	70.00	0.437
92.465	0.05	Adapter 1501Hz	13	1.501	70.00	0.186
92.545	0.05	Adapter 1501Hz	13	1.501	70.00	0.186
92.625	0.05	Adapter 1501Hz	13	1.501	70.00	0.186
92.705	0.05	Adapter 1501Hz	13	1.501	70.00	0.186
92.965	0.05	Adapter 1501Hz	13	1.501	70.00	0.186
93.045	0.05	Adapter 1501Hz	13	1.501	70.00	0.186
93.125	0.05	Adapter 1501Hz	13	1.501	70.00	0.186
93.205	0.05	Adapter 1501Hz	13	1.501	70.00	0.186
93.465	0.05	Adapter 1501Hz	13	1.501	70.00	0.186
93.545	0.05	Adapter 1501Hz	13	1.501	70.00	0.186
93.625	0.05	Adapter 1501Hz	13	1.501	70.00	0.186
93.705	0.05	Adapter 1501Hz	13	1.501	70.00	0.186
93.965	0.05	Adapter 1501Hz	13	1.501	70.00	0.186
94.045	0.05	Adapter 1501Hz	13	1.501	70.00	0.186
94.125	0.05	Adapter 1501Hz	13	1.501	70.00	0.186
94.205	0.05	Adapter 1501Hz	13	1.501	70.00	0.186
94.465	0.05	Adapter 1501Hz	13	1.501	70.00	0.186
94.545	0.05	Adapter 1501Hz	13	1.501	70.00	0.186
94.625	0.05	Adapter 1501Hz	13	1.501	70.00	0.186
94.705	0.05	Adapter 1501Hz	13	1.501	70.00	0.186
94.965	0.05	Adapter 1501Hz	13	1.501	70.00	0.186
95.045	0.05	Adapter 1501Hz	13	1.501	70.00	0.186
95.125	0.05	Adapter 1501Hz	13	1.501	70.00	0.186
95.205	0.05	Adapter 1501Hz	13	1.501	70.00	0.186
95.465	0.05	Adapter 1501Hz	13	1.501	70.00	0.186
95.545	0.05	Adapter 1501Hz	13	1.501	70.00	0.186
95.625	0.05	Adapter 1501Hz	13	1.501	70.00	0.186
95.705	0.05	Adapter 1501Hz	13	1.501	70.00	0.186
95.965	0.05	Adapter 1501Hz	13	1.501	70.00	0.186
96.045	0.05	Adapter 1501Hz	13	1.501	70.00	0.186
96.125	0.05	Adapter 1501Hz	13	1.501	70.00	0.186
96.205	0.05	Adapter 1501Hz	13	1.501	70.00	0.186
96.465	0.05	Adapter 1501Hz	13	1.501	70.00	0.186
96.545	0.05	Adapter 1501Hz	13	1.501	70.00	0.186
96.625	0.05	Adapter 1501Hz	13	1.501	70.00	0.186
96.705	0.05	Adapter 1501Hz	13	1.501	70.00	0.186
96.965	0.05	Adapter 1501Hz	13	1.501	70.00	0.186
97.045	0.05	Adapter 1501Hz	13	1.501	70.00	0.186
97.125	0.05	Adapter 1501Hz	13	1.501	70.00	0.186
97.205	0.05	Adapter 1501Hz	13	1.501	70.00	0.186
107.792	0.05	Probe 3839Hz	15	3.839	70.00	0.437
108.292	0.05	Probe 3839Hz	15	3.839	70.00	0.437
108.792	0.05	Probe 3839Hz	15	3.839	70.00	0.437
109.292	0.05	Probe 3839Hz	15	3.839	70.00	0.437
109.792	0.05	Probe 3839Hz	15	3.839	70.00	0.437
110.292	0.05	Probe 3839Hz	15	3.839	70.00	0.437
110.792	0.05	Probe 3839Hz	15	3.839	70.00	0.437
111.292	0.05	Probe 3839Hz	15	3.839	70.00	0.437
111.792	0.05	Probe 3839Hz	15	3.839	70.00	0.437
112.292	0.05	Probe 3839Hz	15	3.839	70.00	0.437
114.976	0.05	Adapter 2423Hz	16	2.423	70.00	0.285
115.056	0.05	Adapter 2423Hz	16	2.423	70.00	0.285
115.136	0.05	Adapter 2423Hz	16	2.423	70.00	0.285
115.216	0.05	Adapter 2423Hz	16	2.423	70.00	0.285
115.476	0.05	Adapter 2423Hz	16	2.423	70.00	0.285
115.556	0.05	Adapter 2423Hz	16	2.423	70.00	0.285
115.636	0.05	Adapter 2423Hz	16	2.423	70.00	0.285
115.716	0.05	Adapter 2423Hz	16	2.423	70.00	0.285
115.976	0.05	Adapter 2423Hz	16	2.423	70.00	0.285
116.056	0.05	Adapter 2423Hz	16	2.423	70.00	0.285
116.136	0.05	Adapter 2423Hz	16	2.423	70.00	0.285
116.216	0.05	Adapter 2423Hz	16	2.423	70.00	0.285
116.476	0.05	Adapter 2423Hz	16	2.423	70.00	0.285
116.556	0.05	Adapter 2423Hz	16	2.423	70.00	0.285
116.636	0.05	Adapter 2423Hz	16	2.423	70.00	0.285
116.716	0.05	Adapter 2423Hz	16	2.423	70.00	0.285
116.976	0.05	Adapter 2423Hz	16	2.423	70.00	0.285
117.056	0.05	Adapter 2423Hz	16	2.423	70.00	0.285
117.136	0.05	Adapter 2423Hz	16	2.423	70.00	0.285
117.216	0.05	Adapter 2423Hz	16	2.423	70.00	0.285
117.476	0.05	Adapter 2423Hz	16	2.423	70.00	0.285
117.556	0.05	Adapter 2423Hz	16	2.423	70.00	0.285
117.636	0.05	Adapter 2423Hz	16	2.423	70.00	0.285
117.716	0.05	Adapter 2423Hz	16	2.423	70.00	0.285
117.976	0.05	Adapter 2423Hz	16	2.423	70.00	0.285
118.056	0.05	Adapter 2423Hz	16	2.423	70.00	0.285
118.136	0.05	Adapter 2423Hz	16	2.423	70.00	0.285
118.216	0.05	Adapter 2423Hz	16	2.423	70.00	0.285
118.476	0.05	Adapter 2423Hz	16	2.423	70.00	0.285
118.556	0.05	Adapter 2423Hz	16	2.423	70.00	0.285
118.636	0.05	Adapter 2423Hz	16	2.423	70.00	0.285
118.716	0.05	Adapter 2423Hz	16	2.423	70.00	0.285
118.976	0.05	Adapter 2423Hz	16	2.423	70.00	0.285
119.056	0.05	Adapter 2423Hz	16	2.423	70.00	0.285
119.136	0.05	Adapter 2423Hz	16	2.423	70.00	0.285
119.216	0.05	Adapter 2423Hz	16	2.423	70.00	0.285
119.476	0.05	Adapter 2423Hz	16	2.423	70.00	0.285
119.556	0.05	Adapter 2423Hz	16	2.423	70.00	0.285
119.636	0.05	Adapter 2423Hz	16	2.423	70.00	0.285
119.716	0.05	Adapter 2423Hz	16	2.423	70.00	0.285
122.495	0.05	Adapter 899Hz	17	0.899	70.00	0.121
122.575	0.05	Adapter 899Hz	17	0.899	70.00	0.121
122.655	0.05	Adapter 899Hz	17	0.899	70.00	0.121
122.735	0.05	Adapter 899Hz	17	0.899	70.00	0.121
122.995	0.05	Adapter 899Hz	17	0.899	70.00	0.121
123.075	0.05	Adapter 899Hz	17	0.899	70.00	0.121
123.155	0.05	Adapter 899Hz	17	0.899	70.00	0.121
123.235	0.05	Adapter 899Hz	17	0.899	70.00	0.121
123.495	0.05	Adapter 899Hz	17	0.899	70.00	0.121
123.575	0.05	Adapter 899Hz	17	0.899	70.00	0.121
123.655	0.05	Adapter 899Hz	17	0.899	70.00	0.121
123.735	0.05	Adapter 899Hz	17	0.899	70.00	0.121
123.995	0.05	Adapter 899Hz	17	0.899	70.00	0.121
124.075	0.05	Adapter 899Hz	17	0.899	70.00	0.121
124.155	0.05	Adapter 899Hz	17	0.899	70.00	0.121
124.235	0.05	Adapter 899Hz	17	0.899	70.00	0.121
124.495	0.05	Adapter 899Hz	17	0.899	70.00	0.121
124.575	0.05	Adapter 899Hz	17	0.899	70.00	0.121
124.655	0.05	Adapter 899Hz	17	0.899	70.00	0.121
124.735	0.05	Adapter 899Hz	17	0.899	70.00	0.121
124.995	0.05	Adapter 899Hz	17	0.899	70.00	0.121
125.075	0.05	Adapter 899Hz	17	0.899	70.00	0.121
125.155	0.05	Adapter 899Hz	17	0.899	70.00	0.121
125.235	0.05	Adapter 899Hz	17	0.899	70.00	0.121
125.495	0.05	Adapter 899Hz	17	0.899	70.00	0.121
125.575	0.05	Adapter 899Hz	17	0.899	70.00	0.121
125.655	0.05	Adapter 899Hz	17	0.899	70.00	0.121
125.735	0.05	Adapter 899Hz	17	0.899	70.00	0.121
125.995	0.05	Adapter 899Hz	17	0.899	70.00	0.121
126.075	0.05	Adapter 899Hz	17	0.899	70.00	0.121
126.155	0.05	Adapter 899Hz	17	0.899	70.00	0.121
126.235	0.05	Adapter 899Hz	17	0.899	70.00	0.121
126.495	0.05	Adapter 899Hz	17	0.899	70.00	0.121
126.575	0.05	Adapter 899Hz	17	0.899	70.00	0.121
126.655	0.05	Adapter 899Hz	17	0.899	70.00	0.121
126.735	0.05	Adapter 899Hz	17	0.899	70.00	0.121
126.995	0.05	Adapter 899Hz	17	0.899	70.00	0.121
127.075	0.05	Adapter 899Hz	17	0.899	70.00	0.121
127.155	0.05	Adapter 899Hz	17	0.899	70.00	0.121
127.235	0.05	Adapter 899Hz	17	0.899	70.00	0.121
129.983	0.05	Adapter 507Hz	18	0.507	70.00	0.079
130.063	0.05	Adapter 507Hz	18	0.507	70.00	0.079
130.143	0.05	Adapter 507Hz	18	0.507	70.00	0.079
130.223	0.05	Adapter 507Hz	18	0.507	70.00	0.079
130.483	0.05	Adapter 507Hz	18	0.507	70.00	0.079
130.563	0.05	Adapter 507Hz	18	0.507	70.00	0.079
130.643	0.05	Adapter 507Hz	18	0.507	70.00	0.079
130.723	0.05	Adapter 507Hz	18	0.507	70.00	0.079
130.983	0.05	Adapter 507Hz	18	0.507	70.00	0.079
131.063	0.05	Adapter 507Hz	18	0.507	70.00	0.079
131.143	0.05	Adapter 507Hz	18	0.507	70.00	0.079
131.223	0.05	Adapter 507Hz	18	0.507	70.00	0.079
131.483	0.05	Adapter 507Hz	18	0.507	70.00	0.079
131.563	0.05	Adapter 507Hz	18	0.507	70.00	0.079
131.643	0.05	Adapter 507Hz	18	0.507	70.00	0.079
131.723	0.05	Adapter 507Hz	18	0.507	70.00	0.079
131.983	0.05	Adapter 507Hz	18	0.507	70.00	0.079
132.063	0.05	Adapter 507Hz	18	0.507	70.00	0.079
132.143	0.05	Adapter 507Hz	18	0.507	70.00	0.079
132.223	0.05	Adapter 507Hz	18	0.507	70.00	0.079
132.483	0.05	Adapter 507Hz	18	0.507	70.00	0.079
132.563	0.05	Adapter 507Hz	18	0.507	70.00	0.079
132.643	0.05	Adapter 507Hz	18	0.507	70.00	0.079
132.723	0.05	Adapter 507Hz	18	0.507	70.00	0.079
132.983	0.05	Adapter 507Hz	18	0.507	70.00	0.079
133.063	0.05	Adapter 507Hz	18	0.507	70.00	0.079
133.143	0.05	Adapter 507Hz	18	0.507	70.00	0.079
133.223	0.05	Adapter 507Hz	18	0.507	70.00	0.079
133.483	0.05	Adapter 507Hz	18	0.507	70.00	0.079
133.563	0.05	Adapter 507Hz	18	0.507	70.00	0.079
133.643	0.05	Adapter 507Hz	18	0.507	70.00	0.079
133.723	0.05	Adapter 507Hz	18	0.507	70.00	0.079
133.983	0.05	Adapter 507Hz	18	0.507	70.00	0.079
134.063	0.05	Adapter 507Hz	18	0.507	70.00	0.079
134.143	0.05	Adapter 507Hz	18	0.507	70.00	0.079
134.223	0.05	Adapter 507Hz	18	0.507	70.00	0.079
134.483	0.05	Adapter 507Hz	18	0.507	70.00	0.079
134.563	0.05	Adapter 507Hz	18	0.507	70.00	0.079
134.643	0.05	Adapter 507Hz	18	0.507	70.00	0.079
134.723	0.05	Adapter 507Hz	18	0.507	70.00	0.079
137.518	0.05	Adapter 6009Hz	19	6.009	70.00	0.671
137.598	0.05	Adapter 6009Hz	19	6.009	70.00	0.671
137.678	0.05	Adapter 6009Hz	19	6.009	70.00	0.671
137.758	0.05	Adapter 6009Hz	19	6.009	70.00	0.671
138.018	0.05	Adapter 6009Hz	19	6.009	70.00	0.671
138.098	0.05	Adapter 6009Hz	19	6.009	70.00	0.671
138.178	0.05	Adapter 6009Hz	19	6.009	70.00	0.671
138.258	0.05	Adapter 6009Hz	19	6.009	70.00	0.671
138.518	0.05	Adapter 6009Hz	19	6.009	70.00	0.671
138.598	0.05	Adapter 6009Hz	19	6.009	70.00	0.671
138.678	0.05	Adapter 6009Hz	19	6.009	70.00	0.671
138.758	0.05	Adapter 6009Hz	19	6.009	70.00	0.671
139.018	0.05	Adapter 6009Hz	19	6.009	70.00	0.671
139.098	0.05	Adapter 6009Hz	19	6.009	70.00	0.671
139.178	0.05	Adapter 6009Hz	19	6.009	70.00	0.671
139.258	0.05	Adapter 6009Hz	19	6.009	70.00	0.671
139.518	0.05	Adapter 6009Hz	19	6.009	70.00	0.671
139.598	0.05	Adapter 6009Hz	19	6.009	70.00	0.671
139.678	0.05	Adapter 6009Hz	19	6.009	70.00	0.671
139.758	0.05	Adapter 6009Hz	19	6.009	70.00	0.671
140.018	0.05	Adapter 6009Hz	19	6.009	70.00	0.671
140.098	0.05	Adapter 6009Hz	19	6.009	70.00	0.671
140.178	0.05	Adapter 6009Hz	19	6.009	70.00	0.671
140.258	0.05	Adapter 6009Hz	19	6.009	70.00	0.671
140.518	0.05	Adapter 6009Hz	19	6.009	70.00	0.671
140.598	0.05	Adapter 6009Hz	19	6.009	70.00	0.671
140.678	0.05	Adapter 6009Hz	19	6.009	70.00	0.671
140.758	0.05	Adapter 6009Hz	19	6.009	70.00	0.671
141.018	0.05	Adapter 6009Hz	19	6.009	70.00	0.671
141.098	0.05	Adapter 6009Hz	19	6.009	70.00	0.671
141.178	0.05	Adapter 6009Hz	19	6.009	70.00	0.671
141.258	0.05	Adapter 6009Hz	19	6.009	70.00	0.671
141.518	0.05	Adapter 6009Hz	19	6.009	70.00	0.671
141.598	0.05	Adapter 6009Hz	19	6.009	70.00	0.671
141.678	0.05	Adapter 6009Hz	19	6.009	70.00	0.671
141.758	0.05	Adapter 6009Hz	19	6.009	70.00	0.671
142.018	0.05	Adapter 6009Hz	19	6.009	70.00	0.671
142.098	0.05	Adapter 6009Hz	19	6.009	70.00	0.671
142.178	0.05	Adapter 6009Hz	19	6.009	70.00	0.671
142.258	0.05	Adapter 6009Hz	19	6.009	70.00	0.671
144.975	0.05	Adapter 2423Hz	20	2.423	70.00	0.285
145.055	0.05	Adapter 2423Hz	20	2.423	70.00	0.285
145.135	0.05	Adapter 2423Hz	20	2.423	70.00	0.285
145.215	0.05	Adapter 2423Hz	20	2.423	70.00	0.285
145.475	0.05	Adapter 2423Hz	20	2.423	70.00	0.285
145.555	0.05	Adapter 2423Hz	20	2.423	70.00	0.285
145.635	0.05	Adapter 2423Hz	20	2.423	70.00	0.285
145.715	0.05	Adapter 2423Hz	20	2.423	70.00	0.285
145.975	0.05	Adapter 2423Hz	20	2.423	70.00	0.285
146.055	0.05	Adapter 2423Hz	20	2.423	70.00	0.285
146.135	0.05	Adapter 2423Hz	20	2.423	70.00	0.285
146.215	0.05	Adapter 2423Hz	20	2.423	70.00	0.285
146.475	0.05	Adapter 2423Hz	20	2.423	70.00	0.285
146.555	0.05	Adapter 2423Hz	20	2.423	70.00	0.285
146.635	0.05	Adapter 2423Hz	20	2.423	70.00	0.285
146.715	0.05	Adapter 2423Hz	20	2.423	70.00	0.285
146.975	0.05	Adapter 2423Hz	20	2.423	70.00	0.285
147.055	0.05	Adapter 2423Hz	20	2.423	70.00	0.285
147.135	0.05	Adapter 2423Hz	20	2.423	70.00	0.285
147.215	0.05	Adapter 2423Hz	20	2.423	70.00	0.285
147.475	0.05	Adapter 2423Hz	20	2.423	70.00	0.285
147.555	0.05	Adapter 2423Hz	20	2.423	70.00	0.285
147.635	0.05	Adapter 2423Hz	20	2.423	70.00	0.285
147.715	0.05	Adapter 2423Hz	20	2.423	70.00	0.285
147.975	0.05	Adapter 2423Hz	20	2.423	70.00	0.285
148.055	0.05	Adapter 2423Hz	20	2.423	70.00	0.285
148.135	0.05	Adapter 2423Hz	20	2.423	70.00	0.285
148.215	0.05	Adapter 2423Hz	20	2.423	70.00	0.285
148.475	0.05	Adapter 2423Hz	20	2.423	70.00	0.285
148.555	0.05	Adapter 2423Hz	20	2.423	70.00	0.285
148.635	0.05	Adapter 2423Hz	20	2.423	70.00	0.285
148.715	0.05	Adapter 2423Hz	20	2.423	70.00	0.285
148.975	0.05	Adapter 2423Hz	20	2.423	70.00	0.285
149.055	0.05	Adapter 2423Hz	20	2.423	70.00	0.285
149.135	0.05	Adapter 2423Hz	20	2.423	70.00	0.285
149.215	0.05	Adapter 2423Hz	20	2.423	70.00	0.285
149.475	0.05	Adapter 2423Hz	20	2.423	70.00	0.285
149.555	0.05	Adapter 2423Hz	20	2.423	70.00	0.285
149.635	0.05	Adapter 2423Hz	20	2.423	70.00	0.285
149.715	0.05	Adapter 2423Hz	20	2.423	70.00	0.285
152.509	0.05	Adapter 899Hz Probe 3839Hz	21	0.899	70.00	0.121
152.589	0.05	Adapter 899Hz Probe 3839Hz	21	0.899	70.00	0.121
152.669	0.05	Adapter 899Hz Probe 3839Hz	21	0.899	70.00	0.121
152.749	0.05	Adapter 899Hz Probe 3839Hz	21	0.899	70.00	0.121
152.829	0.05	Adapter 899Hz Probe 3839Hz	21	3.839	70.00	0.437
153.009	0.05	Adapter 899Hz Probe 3839Hz	21	0.899	70.00	0.121
153.089	0.05	Adapter 899Hz Probe 3839Hz	21	0.899	70.00	0.121
153.169	0.05	Adapter 899Hz Probe 3839Hz	21	0.899	70.00	0.121
153.249	0.05	Adapter 899Hz Probe 3839Hz	21	0.899	70.00	0.121
153.329	0.05	Adapter 899Hz Probe 3839Hz	21	3.839	70.00	0.437
153.509	0.05	Adapter 899Hz Probe 3839Hz	21	0.899	70.00	0.121
153.589	0.05	Adapter 899Hz Probe 3839Hz	21	0.899	70.00	0.121
153.669	0.05	Adapter 899Hz Probe 3839Hz	21	0.899	70.00	0.121
153.749	0.05	Adapter 899Hz Probe 3839Hz	21	0.899	70.00	0.121
153.829	0.05	Adapter 899Hz Probe 3839Hz	21	3.839	70.00	0.437
154.009	0.05	Adapter 899Hz Probe 3839Hz	21	0.899	70.00	0.121
154.089	0.05	Adapter 899Hz Probe 3839Hz	21	0.899	70.00	0.121
154.169	0.05	Adapter 899Hz Probe 3839Hz	21	0.899	70.00	0.121
154.249	0.05	Adapter 899Hz Probe 3839Hz	21	0.899	70.00	0.121
154.329	0.05	Adapter 899Hz Probe 3839Hz	21	3.839	70.00	0.437
154.509	0.05	Adapter 899Hz Probe 3839Hz	21	0.899	70.00	0.121
154.589	0.05	Adapter 899Hz Probe 3839Hz	21	0.899	70.00	0.121
154.669	0.05	Adapter 899Hz Probe 3839Hz	21	0.899	70.00	0.121
154.749	0.05	Adapter 899Hz Probe 3839Hz	21	0.899	70.00	0.121
154.829	0.05	Adapter 899Hz Probe 3839Hz	21	3.839	70.00	0.437
155.009	0.05	Adapter 899Hz Probe 3839Hz	21	0.899	70.00	0.121
155.089	0.05	Adapter 899Hz Probe 3839Hz	21	0.899	70.00	0.121
155.169	0.05	Adapter 899Hz Probe 3839Hz	21	0.899	70.00	0.121
155.249	0.05	Adapter 899Hz Probe 3839Hz	21	0.899	70.00	0.121
155.329	0.05	Adapter 899Hz Probe 3839Hz	21	3.839	70.00	0.437
155.509	0.05	Adapter 899Hz Probe 3839Hz	21	0.899	70.00	0.121
155.589	0.05	Adapter 899Hz Probe 3839Hz	21	0.899	70.00	0.121
155.669	0.05	Adapter 899Hz Probe 3839Hz	21	0.899	70.00	0.121
155.749	0.05	Adapter 899Hz Probe 3839Hz	21	0.899	70.00	0.121
155.829	0.05	Adapter 899Hz Probe 3839Hz	21	3.839	70.00	0.437
156.009	0.05	Adapter 899Hz Probe 3839Hz	21	0.899	70.00	0.121
156.089	0.05	Adapter 899Hz Probe 3839Hz	21	0.899	70.00	0.121
156.169	0.05	Adapter 899Hz Probe 3839Hz	21	0.899	70.00	0.121
156.249	0.05	Adapter 899Hz Probe 3839Hz	21	0.899	70.00	0.121
156.329	0.05	Adapter 899Hz Probe 3839Hz	21	3.839	70.00	0.437
156.509	0.05	Adapter 899Hz Probe 3839Hz	21	0.899	70.00	0.121
156.589	0.05	Adapter 899Hz Probe 3839Hz	21	0.899	70.00	0.121
156.669	0.05	Adapter 899Hz Probe 3839Hz	21	0.899	70.00	0.121
156.749	0.05	Adapter 899Hz Probe 3839Hz	21	0.899	70.00	0.121
156.829	0.05	Adapter 899Hz Probe 3839Hz	21	3.839	70.00	0.437
157.009	0.05	Adapter 899Hz Probe 3839Hz	21	0.899	70.00	0.121
157.089	0.05	Adapter 899Hz Probe 3839Hz	21	0.899	70.00	0.121
157.169	0.05	Adapter 899Hz Probe 3839Hz	21	0.899	70.00	0.121
157.249	0.05	Adapter 899Hz Probe 3839Hz	21	0.899	70.00	0.121
157.329	0.05	Adapter 899Hz Probe 3839Hz	21	3.839	70.00	0.437
174.973	0.05	Adapter 1501Hz Probe 3839Hz	24	1.501	70.00	0.186
175.053	0.05	Adapter 1501Hz Probe 3839Hz	24	1.501	70.00	0.186
175.133	0.05	Adapter 1501Hz Probe 3839Hz	24	1.501	70.00	0.186
175.213	0.05	Adapter 1501Hz Probe 3839Hz	24	1.501	70.00	0.186
175.293	0.05	Adapter 1501Hz Probe 3839Hz	24	3.839	70.00	0.437
175.473	0.05	Adapter 1501Hz Probe 3839Hz	24	1.501	70.00	0.186
175.553	0.05	Adapter 1501Hz Probe 3839Hz	24	1.501	70.00	0.186
175.633	0.05	Adapter 1501Hz Probe 3839Hz	24	1.501	70.00	0.186
175.713	0.05	Adapter 1501Hz Probe 3839Hz	24	1.501	70.00	0.186
175.793	0.05	Adapter 1501Hz Probe 3839Hz	24	3.839	70.00	0.437
175.973	0.05	Adapter 1501Hz Probe 3839Hz	24	1.501	70.00	0.186
176.053	0.05	Adapter 1501Hz Probe 3839Hz	24	1.501	70.00	0.186
176.133	0.05	Adapter 1501Hz Probe 3839Hz	24	1.501	70.00	0.186
176.213	0.05	Adapter 1501Hz Probe 3839Hz	24	1.501	70.00	0.186
176.293	0.05	Adapter 1501Hz Probe 3839Hz	24	3.839	70.00	0.437
176.473	0.05	Adapter 1501Hz Probe 3839Hz	24	1.501	70.00	0.186
176.553	0.05	Adapter 1501Hz Probe 3839Hz	24	1.501	70.00	0.186
176.633	0.05	Adapter 1501Hz Probe 3839Hz	24	1.501	70.00	0.186
176.713	0.05	Adapter 1501Hz Probe 3839Hz	24	1.501	70.00	0.186
176.793	0.05	Adapter 1501Hz Probe 3839Hz	24	3.839	70.00	0.437
176.973	0.05	Adapter 1501Hz Probe 3839Hz	24	1.501	70.00	0.186
177.053	0.05	Adapter 1501Hz Probe 3839Hz	24	1.501	70.00	0.186
177.133	0.05	Adapter 1501Hz Probe 3839Hz	24	1.501	70.00	0.186
177.213	0.05	Adapter 1501Hz Probe 3839Hz	24	1.501	70.00	0.186
177.293	0.05	Adapter 1501Hz Probe 3839Hz	24	3.839	70.00	0.437
177.473	0.05	Adapter 1501Hz Probe 3839Hz	24	1.501	70.00	0.186
177.553	0.05	Adapter 1501Hz Probe 3839Hz	24	1.501	70.00	0.186
177.633	0.05	Adapter 1501Hz Probe 3839Hz	24	1.501	70.00	0.186
177.713	0.05	Adapter 1501Hz Probe 3839Hz	24	1.501	70.00	0.186
177.793	0.05	Adapter 1501Hz Probe 3839Hz	24	3.839	70.00	0.437
177.973	0.05	Adapter 1501Hz Probe 3839Hz	24	1.501	70.00	0.186
178.053	0.05	Adapter 1501Hz Probe 3839Hz	24	1.501	70.00	0.186
178.133	0.05	Adapter 1501Hz Probe 3839Hz	24	1.501	70.00	0.186
178.213	0.05	Adapter 1501Hz Probe 3839Hz	24	1.501	70.00	0.186
178.293	0.05	Adapter 1501Hz Probe 3839Hz	24	3.839	70.00	0.437
178.473	0.05	Adapter 1501Hz Probe 3839Hz	24	1.501	70.00	0.186
178.553	0.05	Adapter 1501Hz Probe 3839Hz	24	1.501	70.00	0.186
178.633	0.05	Adapter 1501Hz Probe 3839Hz	24	1.501	70.00	0.186
178.713	0.05	Adapter 1501Hz Probe 3839Hz	24	1.501	70.00	0.186
178.793	0.05	Adapter 1501Hz Probe 3839Hz	24	3.839	70.00	0.437
178.973	0.05	Adapter 1501Hz Probe 3839Hz	24	1.501	70.00	0.186
179.053	0.05	Adapter 1501Hz Probe 3839Hz	24	1.501	70.00	0.186
179.133	0.05	Adapter 1501Hz Probe 3839Hz	24	1.501	70.00	0.186
179.213	0.05	Adapter 1501Hz Probe 3839Hz	24	1.501	70.00	0.186
179.293	0.05	Adapter 1501Hz Probe 3839Hz	24	3.839	70.00	0.437
179.473	0.05	Adapter 1501Hz Probe 3839Hz	24	1.501	70.00	0.186
179.553	0.05	Adapter 1501Hz Probe 3839Hz	24	1.501	70.00	0.186
179.633	0.05	Adapter 1501Hz Probe 3839Hz	24	1.501	70.00	0.186
179.713	0.05	Adapter 1501Hz Probe 3839Hz	24	1.501	70.00	0.186
179.793	0.05	Adapter 1501Hz Probe 3839Hz	24	3.839	70.00	0.437
182.477	0.05	Adapter 2423Hz Probe 3839Hz	25	2.423	70.00	0.285
182.557	0.05	Adapter 2423Hz Probe 3839Hz	25	2.423	70.00	0.285
182.637	0.05	Adapter 2423Hz Probe 3839Hz	25	2.423	70.00	0.285
182.717	0.05	Adapter 2423Hz Probe 3839Hz	25	2.423	70.00	0.285
182.797	0.05	Adapter 2423Hz Probe 3839Hz	25	3.839	70.00	0.437
182.977	0.05	Adapter 2423Hz Probe 3839Hz	25	2.423	70.00	0.285
183.057	0.05	Adapter 2423Hz Probe 3839Hz	25	2.423	70.00	0.285
183.137	0.05	Adapter 2423Hz Probe 3839Hz	25	2.423	70.00	0.285
183.217	0.05	Adapter 2423Hz Probe 3839Hz	25	2.423	70.00	0.285
183.297	0.05	Adapter 2423Hz Probe 3839Hz	25	3.839	70.00	0.437
183.477	0.05	Adapter 2423Hz Probe 3839Hz	25	2.423	70.00	0.285
183.557	0.05	Adapter 2423Hz Probe 3839Hz	25	2.423	70.00	0.285
183.637	0.05	Adapter 2423Hz Probe 3839Hz	25	2.423	70.00	0.285
183.717	0.05	Adapter 2423Hz Probe 3839Hz	25	2.423	70.00	0.285
183.797	0.05	Adapter 2423Hz Probe 3839Hz	25	3.839	70.00	0.437
183.977	0.05	Adapter 2423Hz Probe 3839Hz	25	2.423	70.00	0.285
184.057	0.05	Adapter 2423Hz Probe 3839Hz	25	2.423	70.00	0.285
184.137	0.05	Adapter 2423Hz Probe 3839Hz	25	2.423	70.00	0.285
184.217	0.05	Adapter 2423Hz Probe 3839Hz	25	2.423	70.00	0.285
184.297	0.05	Adapter 2423Hz Probe 3839Hz	25	3.839	70.00	0.437
184.477	0.05	Adapter 2423Hz Probe 3839Hz	25	2.423	70.00	0.285
184.557	0.05	Adapter 2423Hz Probe 3839Hz	25	2.423	70.00	0.285
184.637	0.05	Adapter 2423Hz Probe 3839Hz	25	2.423	70.00	0.285
184.717	0.05	Adapter 2423Hz Probe 3839Hz	25	2.423	70.00	0.285
184.797	0.05	Adapter 2423Hz Probe 3839Hz	25	3.839	70.00	0.437
184.977	0.05	Adapter 2423Hz Probe 3839Hz	25	2.423	70.00	0.285
185.057	0.05	Adapter 2423Hz Probe 3839Hz	25	2.423	70.00	0.285
185.137	0.05	Adapter 2423Hz Probe 3839Hz	25	2.423	70.00	0.285
185.217	0.05	Adapter 2423Hz Probe 3839Hz	25	2.423	70.00	0.285
185.297	0.05	Adapter 2423Hz Probe 3839Hz	25	3.839	70.00	0.437
185.477	0.05	Adapter 2423Hz Probe 3839Hz	25	2.423	70.00	0.285
185.557	0.05	Adapter 2423Hz Probe 3839Hz	25	2.423	70.00	0.285
185.637	0.05	Adapter 2423Hz Probe 3839Hz	25	2.423	70.00	0.285
185.717	0.05	Adapter 2423Hz Probe 3839Hz	25	2.423	70.00	0.285
185.797	0.05	Adapter 2423Hz Probe 3839Hz	25	3.839	70.00	0.437
185.977	0.05	Adapter 2423Hz Probe 3839Hz	25	2.423	70.00	0.285
186.057	0.05	Adapter 2423Hz Probe 3839Hz	25	2.423	70.00	0.285
186.137	0.05	Adapter 2423Hz Probe 3839Hz	25	2.423	70.00	0.285
186.217	0.05	Adapter 2423Hz Probe 3839Hz	25	2.423	70.00	0.285
186.297	0.05	Adapter 2423Hz Probe 3839Hz	25	3.839	70.00	0.437
186.477	0.05	Adapter 2423Hz Probe 3839Hz	25	2.423	70.00	0.285
186.557	0.05	Adapter 2423Hz Probe 3839Hz	25	2.423	70.00	0.285
186.637	0.05	Adapter 2423Hz Probe 3839Hz	25	2.423	70.00	0.285
186.717	0.05	Adapter 2423Hz Probe 3839Hz	25	2.423	70.00	0.285
186.797	0.05	Adapter 2423Hz Probe 3839Hz	25	3.839	70.00	0.437
186.977	0.05	Adapter 2423Hz Probe 3839Hz	25	2.423	70.00	0.285
187.057	0.05	Adapter 2423Hz Probe 3839Hz	25	2.423	70.00	0.285
187.137	0.05	Adapter 2423Hz Probe 3839Hz	25	2.423	70.00	0.285
187.217	0.05	Adapter 2423Hz Probe 3839Hz	25	2.423	70.00	0.285
187.297	0.05	Adapter 2423Hz Probe 3839Hz	25	3.839	70.00	0.437
189.965	0.05	Adapter 1501Hz	26	1.501	70.00	0.186
190.045	0.05	Adapter 1501Hz	26	1.501	70.00	0.186
190.125	0.05	Adapter 1501Hz	26	1.501	70.00	0.186
190.205	0.05	Adapter 1501Hz	26	1.501	70.00	0.186
190.465	0.05	Adapter 1501Hz	26	1.501	70.00	0.186
190.545	0.05	Adapter 1501Hz	26	1.501	70.00	0.186
190.625	0.05	Adapter 1501Hz	26	1.501	70.00	0.186
190.705	0.05	Adapter 1501Hz	26	1.501	70.00	0.186
190.965	0.05	Adapter 1501Hz	26	1.501	70.00	0.186
191.045	0.05	Adapter 1501Hz	26	1.501	70.00	0.186
191.125	0.05	Adapter 1501Hz	26	1.501	70.00	0.186
191.205	0.05	Adapter 1501Hz	26	1.501	70.00	0.186
191.465	0.05	Adapter 1501Hz	26	1.501	70.00	0.186
191.545	0.05	Adapter 1501Hz	26	1.501	70.00	0.186
191.625	0.05	Adapter 1501Hz	26	1.501	70.00	0.186
191.705	0.05	Adapter 1501Hz	26	1.501	70.00	0.186
191.965	0.05	Adapter 1501Hz	26	1.501	70.00	0.186
192.045	0.05	Adapter 1501Hz	26	1.501	70.00	0.186
192.125	0.05	Adapter 1501Hz	26	1.501	70.00	0.186
192.205	0.05	Adapter 1501Hz	26	1.501	70.00	0.186
192.465	0.05	Adapter 1501Hz	26	1.501	70.00	0.186
192.545	0.05	Adapter 1501Hz	26	1.501	70.00	0.186
192.625	0.05	Adapter 1501Hz	26	1.501	70.00	0.186
192.705	0.05	Adapter 1501Hz	26	1.501	70.00	0.186
192.965	0.05	Adapter 1501Hz	26	1.501	70.00	0.186
193.045	0.05	Adapter 1501Hz	26	1.501	70.00	0.186
193.125	0.05	Adapter 1501Hz	26	1.501	70.00	0.186
193.205	0.05	Adapter 1501Hz	26	1.501	70.00	0.186
193.465	0.05	Adapter 1501Hz	26	1.501	70.00	0.186
193.545	0.05	Adapter 1501Hz	26	1.501	70.00	0.186
193.625	0.05	Adapter 1501Hz	26	1.501	70.00	0.186
193.705	0.05	Adapter 1501Hz	26	1.501	70.00	0.186
193.965	0.05	Adapter 1501Hz	26	1.501	70.00	0.186
194.045	0.05	Adapter 1501Hz	26	1.501	70.00	0.186
194.125	0.05	Adapter 1501Hz	26	1.501	70.00	0.186
194.205	0.05	Adapter 1501Hz	26	1.501	70.00	0.186
194.465	0.05	Adapter 1501Hz	26	1.501	70.00	0.186
194.545	0.05	Adapter 1501Hz	26	1.501	70.00	0.186
194.625	0.05	Adapter 1501Hz	26	1.501	70.00	0.186
194.705	0.05	Adapter 1501Hz	26	1.501	70.00	0.186
197.484	0.05	Adapter 251Hz	27	0.251	70.00	0.052
197.564	0.05	Adapter 251Hz	27	0.251	70.00	0.052
197.644	0.05	Adapter 251Hz	27	0.251	70.00	0.052
197.724	0.05	Adapter 251Hz	27	0.251	70.00	0.052
197.984	0.05	Adapter 251Hz	27	0.251	70.00	0.052
198.064	0.05	Adapter 251Hz	27	0.251	70.00	0.052
198.144	0.05	Adapter 251Hz	27	0.251	70.00	0.052
198.224	0.05	Adapter 251Hz	27	0.251	70.00	0.052
198.484	0.05	Adapter 251Hz	27	0.251	70.00	0.052
198.564	0.05	Adapter 251Hz	27	0.251	70.00	0.052
198.644	0.05	Adapter 251Hz	27	0.251	70.00	0.052
198.724	0.05	Adapter 251Hz	27	0.251	70.00	0.052
198.984	0.05	Adapter 251Hz	27	0.251	70.00	0.052
199.064	0.05	Adapter 251Hz	27	0.251	70.00	0.052
199.144	0.05	Adapter 251Hz	27	0.251	70.00	0.052
199.224	0.05	Adapter 251Hz	27	0.251	70.00	0.052
199.484	0.05	Adapter 251Hz	27	0.251	70.00	0.052
199.564	0.05	Adapter 251Hz	27	0.251	70.00	0.052
199.644	0.05	Adapter 251Hz	27	0.251	70.00	0.052
199.724	0.05	Adapter 251Hz	27	0.251	70.00	0.052
199.984	0.05	Adapter 251Hz	27	0.251	70.00	0.052
200.064	0.05	Adapter 251Hz	27	0.251	70.00	0.052
200.144	0.05	Adapter 251Hz	27	0.251	70.00	0.052
200.224	0.05	Adapter 251Hz	27	0.251	70.00	0.052
200.484	0.05	Adapter 251Hz	27	0.251	70.00	0.052
200.564	0.05	Adapter 251Hz	27	0.251	70.00	0.052
200.644	0.05	Adapter 251Hz	27	0.251	70.00	0.052
200.724	0.05	Adapter 251Hz	27	0.251	70.00	0.052
200.984	0.05	Adapter 251Hz	27	0.251	70.00	0.052
201.064	0.05	Adapter 251Hz	27	0.251	70.00	0.052
201.144	0.05	Adapter 251Hz	27	0.251	70.00	0.052
201.224	0.05	Adapter 251Hz	27	0.251	70.00	0.052
201.484	0.05	Adapter 251Hz	27	0.251	70.00	0.052
201.564	0.05	Adapter 251Hz	27	0.251	70.00	0.052
201.644	0.05	Adapter 251Hz	27	0.251	70.00	0.052
201.724	0.05	Adapter 251Hz	27	0.251	70.00	0.052
201.984	0.05	Adapter 251Hz	27	0.251	70.00	0.052
202.064	0.05	Adapter 251Hz	27	0.251	70.00	0.052
202.144	0.05	Adapter 251Hz	27	0.251	70.00	0.052
202.224	0.05	Adapter 251Hz	27	0.251	70.00	0.052
212.523	0.05	Adapter 507Hz Probe 3839Hz	29	0.507	70.00	0.079
212.603	0.05	Adapter 507Hz Probe 3839Hz	29	0.507	70.00	0.079
212.683	0.05	Adapter 507Hz Probe 3839Hz	29	0.507	70.00	0.079
212.763	0.05	Adapter 507Hz Probe 3839Hz	29	0.507	70.00	0.079
212.843	0.05	Adapter 507Hz Probe 3839Hz	29	3.839	70.00	0.437
213.023	0.05	Adapter 507Hz Probe 3839Hz	29	0.507	70.00	0.079
213.103	0.05	Adapter 507Hz Probe 3839Hz	29	0.507	70.00	0.079
213.183	0.05	Adapter 507Hz Probe 3839Hz	29	0.507	70.00	0.079
213.263	0.05	Adapter 507Hz Probe 3839Hz	29	0.507	70.00	0.079
213.343	0.05	Adapter 507Hz Probe 3839Hz	29	3.839	70.00	0.437
213.523	0.05	Adapter 507Hz Probe 3839Hz	29	0.507	70.00	0.079
213.603	0.05	Adapter 507Hz Probe 3839Hz	29	0.507	70.00	0.079
213.683	0.05	Adapter 507Hz Probe 3839Hz	29	0.507	70.00	0.079
213.763	0.05	Adapter 507Hz Probe 3839Hz	29	0.507	70.00	0.079
213.843	0.05	Adapter 507Hz Probe 3839Hz	29	3.839	70.00	0.437
214.023	0.05	Adapter 507Hz Probe 3839Hz	29	0.507	70.00	0.079
214.103	0.05	Adapter 507Hz Probe 3839Hz	29	0.507	70.00	0.079
214.183	0.05	Adapter 507Hz Probe 3839Hz	29	0.507	70.00	0.079
214.263	0.05	Adapter 507Hz Probe 3839Hz	29	0.507	70.00	0.079
214.343	0.05	Adapter 507Hz Probe 3839Hz	29	3.839	70.00	0.437
214.523	0.05	Adapter 507Hz Probe 3839Hz	29	0.507	70.00	0.079
214.603	0.05	Adapter 507Hz Probe 3839Hz	29	0.507	70.00	0.079
214.683	0.05	Adapter 507Hz Probe 3839Hz	29	0.507	70.00	0.079
214.763	0.05	Adapter 507Hz Probe 3839Hz	29	0.507	70.00	0.079
214.843	0.05	Adapter 507Hz Probe 3839Hz	29	3.839	70.00	0.437
215.023	0.05	Adapter 507Hz Probe 3839Hz	29	0.507	70.00	0.079
215.103	0.05	Adapter 507Hz Probe 3839Hz	29	0.507	70.00	0.079
215.183	0.05	Adapter 507Hz Probe 3839Hz	29	0.507	70.00	0.079
215.263	0.05	Adapter 507Hz Probe 3839Hz	29	0.507	70.00	0.079
215.343	0.05	Adapter 507Hz Probe 3839Hz	29	3.839	70.00	0.437
215.523	0.05	Adapter 507Hz Probe 3839Hz	29	0.507	70.00	0.079
215.603	0.05	Adapter 507Hz Probe 3839Hz	29	0.507	70.00	0.079
215.683	0.05	Adapter 507Hz Probe 3839Hz	29	0.507	70.00	0.079
215.763	0.05	Adapter 507Hz Probe 3839Hz	29	0.507	70.00	0.079
215.843	0.05	Adapter 507Hz Probe 3839Hz	29	3.839	70.00	0.437
216.023	0.05	Adapter 507Hz Probe 3839Hz	29	0.507	70.00	0.079
216.103	0.05	Adapter 507Hz Probe 3839Hz	29	0.507	70.00	0.079
216.183	0.05	Adapter 507Hz Probe 3839Hz	29	0.507	70.00	0.079
216.263	0.05	Adapter 507Hz Probe 3839Hz	29	0.507	70.00	0.079
216.343	0.05	Adapter 507Hz Probe 3839Hz	29	3.839	70.00	0.437
216.523	0.05	Adapter 507Hz Probe 3839Hz	29	0.507	70.00	0.079
216.603	0.05	Adapter 507Hz Probe 3839Hz	29	0.507	70.00	0.079
216.683	0.05	Adapter 507Hz Probe 3839Hz	29	0.507	70.00	0.079
216.763	0.05	Adapter 507Hz Probe 3839Hz	29	0.507	70.00	0.079
216.843	0.05	Adapter 507Hz Probe 3839Hz	29	3.839	70.00	0.437
217.023	0.05	Adapter 507Hz Probe 3839Hz	29	0.507	70.00	0.079
217.103	0.05	Adapter 507Hz Probe 3839Hz	29	0.507	70.00	0.079
217.183	0.05	Adapter 507Hz Probe 3839Hz	29	0.507	70.00	0.079
217.263	0.05	Adapter 507Hz Probe 3839Hz	29	0.507	70.00	0.079
217.343	0.05	Adapter 507Hz Probe 3839Hz	29	3.839	70.00	0.437
220.331	0.05	Probe 3839Hz	30	3.839	70.00	0.437
220.831	0.05	Probe 3839Hz	30	3.839	70.00	0.437
221.331	0.05	Probe 3839Hz	30	3.839	70.00	0.437
221.831	0.05	Probe 3839Hz	30	3.839	70.00	0.437
222.331	0.05	Probe 3839Hz	30	3.839	70.00	0.437
222.831	0.05	Probe 3839Hz	30	3.839	70.00	0.437
223.331	0.05	Probe 3839Hz	30	3.839	70.00	0.437
223.831	0.05	Probe 3839Hz	30	3.839	70.00	0.437
224.331	0.05	Probe 3839Hz	30	3.839	70.00	0.437
224.831	0.05	Probe 3839Hz	30	3.839	70.00	0.437
227.514	0.05	Adapter 3839Hz	31	3.839	70.00	0.437
227.594	0.05	Adapter 3839Hz	31	3.839	70.00	0.437
227.674	0.05	Adapter 3839Hz	31	3.839	70.00	0.437
227.754	0.05	Adapter 3839Hz	31	3.839	70.00	0.437
228.014	0.05	Adapter 3839Hz	31	3.839	70.00	0.437
228.094	0.05	Adapter 3839Hz	31	3.839	70.00	0.437
228.174	0.05	Adapter 3839Hz	31	3.839	70.00	0.437
228.254	0.05	Adapter 3839Hz	31	3.839	70.00	0.437
228.514	0.05	Adapter 3839Hz	31	3.839	70.00	0.437
228.594	0.05	Adapter 3839Hz	31	3.839	70.00	0.437
228.674	0.05	Adapter 3839Hz	31	3.839	70.00	0.437
228.754	0.05	Adapter 3839Hz	31	3.839	70.00	0.437
229.014	0.05	Adapter 3839Hz	31	3.839	70.00	0.437
229.094	0.05	Adapter 3839Hz	31	3.839	70.00	0.437
229.174	0.05	Adapter 3839Hz	31	3.839	70.00	0.437
229.254	0.05	Adapter 3839Hz	31	3.839	70.00	0.437
229.514	0.05	Adapter 3839Hz	31	3.839	70.00	0.437
229.594	0.05	Adapter 3839Hz	31	3.839	70.00	0.437
229.674	0.05	Adapter 3839Hz	31	3.839	70.00	0.437
229.754	0.05	Adapter 3839Hz	31	3.839	70.00	0.437
230.014	0.05	Adapter 3839Hz	31	3.839	70.00	0.437
230.094	0.05	Adapter 3839Hz	31	3.839	70.00	0.437
230.174	0.05	Adapter 3839Hz	31	3.839	70.00	0.437
230.254	0.05	Adapter 3839Hz	31	3.839	70.00	0.437
230.514	0.05	Adapter 3839Hz	31	3.839	70.00	0.437
230.594	0.05	Adapter 3839Hz	31	3.839	70.00	0.437
230.674	0.05	Adapter 3839Hz	31	3.839	70.00	0.437
230.754	0.05	Adapter 3839Hz	31	3.839	70.00	0.437
231.014	0.05	Adapter 3839Hz	31	3.839	70.00	0.437
231.094	0.05	Adapter 3839Hz	31	3.839	70.00	0.437
231.174	0.05	Adapter 3839Hz	31	3.839	70.00	0.437
231.254	0.05	Adapter 3839Hz	31	3.839	70.00	0.437
231.514	0.05	Adapter 3839Hz	31	3.839	70.00	0.437
231.594	0.05	Adapter 3839Hz	31	3.839	70.00	0.437
231.674	0.05	Adapter 3839Hz	31	3.839	70.00	0.437
231.754	0.05	Adapter 3839Hz	31	3.839	70.00	0.437
232.014	0.05	Adapter 3839Hz	31	3.839	70.00	0.437
232.094	0.05	Adapter 3839Hz	31	3.839	70.00	0.437
232.174	0.05	Adapter 3839Hz	31	3.839	70.00	0.437
232.254	0.05	Adapter 3839Hz	31	3.839	70.00	0.437
235.002	0.05	Adapter 3839Hz Probe 3839Hz	32	3.839	70.00	0.437
235.082	0.05	Adapter 3839Hz Probe 3839Hz	32	3.839	70.00	0.437
235.162	0.05	Adapter 3839Hz Probe 3839Hz	32	3.839	70.00	0.437
235.242	0.05	Adapter 3839Hz Probe 3839Hz	32	3.839	70.00	0.437
235.322	0.05	Adapter 3839Hz Probe 3839Hz	32	3.839	70.00	0.437
235.502	0.05	Adapter 3839Hz Probe 3839Hz	32	3.839	70.00	0.437
235.582	0.05	Adapter 3839Hz Probe 3839Hz	32	3.839	70.00	0.437
235.662	0.05	Adapter 3839Hz Probe 3839Hz	32	3.839	70.00	0.437
235.742	0.05	Adapter 3839Hz Probe 3839Hz	32	3.839	70.00	0.437
235.822	0.05	Adapter 3839Hz Probe 3839Hz	32	3.839	70.00	0.437
236.002	0.05	Adapter 3839Hz Probe 3839Hz	32	3.839	70.00	0.437
236.082	0.05	Adapter 3839Hz Probe 3839Hz	32	3.839	70.00	0.437
236.162	0.05	Adapter 3839Hz Probe 3839Hz	32	3.839	70.00	0.437
236.242	0.05	Adapter 3839Hz Probe 3839Hz	32	3.839	70.00	0.437
236.322	0.05	Adapter 3839Hz Probe 3839Hz	32	3.839	70.00	0.437
236.502	0.05	Adapter 3839Hz Probe 3839Hz	32	3.839	70.00	0.437
236.582	0.05	Adapter 3839Hz Probe 3839Hz	32	3.839	70.00	0.437
236.662	0.05	Adapter 3839Hz Probe 3839Hz	32	3.839	70.00	0.437
236.742	0.05	Adapter 3839Hz Probe 3839Hz	32	3.839	70.00	0.437
236.822	0.05	Adapter 3839Hz Probe 3839Hz	32	3.839	70.00	0.437
237.002	0.05	Adapter 3839Hz Probe 3839Hz	32	3.839	70.00	0.437
237.082	0.05	Adapter 3839Hz Probe 3839Hz	32	3.839	70.00	0.437
237.162	0.05	Adapter 3839Hz Probe 3839Hz	32	3.839	70.00	0.437
237.242	0.05	Adapter 3839Hz Probe 3839Hz	32	3.839	70.00	0.437
237.322	0.05	Adapter 3839Hz Probe 3839Hz	32	3.839	70.00	0.437
237.502	0.05	Adapter 3839Hz Probe 3839Hz	32	3.839	70.00	0.437
237.582	0.05	Adapter 3839Hz Probe 3839Hz	32	3.839	70.00	0.437
237.662	0.05	Adapter 3839Hz Probe 3839Hz	32	3.839	70.00	0.437
237.742	0.05	Adapter 3839Hz Probe 3839Hz	32	3.839	70.00	0.437
237.822	0.05	Adapter 3839Hz Probe 3839Hz	32	3.839	70.00	0.437
238.002	0.05	Adapter 3839Hz Probe 3839Hz	32	3.839	70.00	0.437
238.082	0.05	Adapter 3839Hz Probe 3839Hz	32	3.839	70.00	0.437
238.162	0.05	Adapter 3839Hz Probe 3839Hz	32	3.839	70.00	0.437
238.242	0.05	Adapter 3839Hz Probe 3839Hz	32	3.839	70.00	0.437
238.322	0.05	Adapter 3839Hz Probe 3839Hz	32	3.839	70.00	0.437
238.502	0.05	Adapter 3839Hz Probe 3839Hz	32	3.839	70.00	0.437
238.582	0.05	Adapter 3839Hz Probe 3839Hz	32	3.839	70.00	0.437
238.662	0.05	Adapter 3839Hz Probe 3839Hz	32	3.839	70.00	0.437
238.742	0.05	Adapter 3839Hz Probe 3839Hz	32	3.839	70.00	0.437
238.822	0.05	Adapter 3839Hz Probe 3839Hz	32	3.839	70.00	0.437
239.002	0.05	Adapter 3839Hz Probe 3839Hz	32	3.839	70.00	0.437
239.082	0.05	Adapter 3839Hz Probe 3839Hz	32	3.839	70.00	0.437
239.162	0.05	Adapter 3839Hz Probe 3839Hz	32	3.839	70.00	0.437
239.242	0.05	Adapter 3839Hz Probe 3839Hz	32	3.839	70.00	0.437
239.322	0.05	Adapter 3839Hz Probe 3839Hz	32	3.839	70.00	0.437
239.502	0.05	Adapter 3839Hz Probe 3839Hz	32	3.839	70.00	0.437
239.582	0.05	Adapter 3839Hz Probe 3839Hz	32	3.839	70.00	0.437
239.662	0.05	Adapter 3839Hz Probe 3839Hz	32	3.839	70.00	0.437
239.742	0.05	Adapter 3839Hz Probe 3839Hz	32	3.839	70.00	0.437
239.822	0.05	Adapter 3839Hz Probe 3839Hz	32	3.839	70.00	0.437
242.826	0.05	Probe 3839Hz	33	3.839	70.00	0.437
243.326	0.05	Probe 3839Hz	33	3.839	70.00	0.437
243.826	0.05	Probe 3839Hz	33	3.839	70.00	0.437
244.326	0.05	Probe 3839Hz	33	3.839	70.00	0.437
244.826	0.05	Probe 3839Hz	33	3.839	70.00	0.437
245.326	0.05	Probe 3839Hz	33	3.839	70.00	0.437
245.826	0.05	Probe 3839Hz	33	3.839	70.00	0.437
246.326	0.05	Probe 3839Hz	33	3.839	70.00	0.437
246.826	0.05	Probe 3839Hz	33	3.839	70.00	0.437
247.326	0.05	Probe 3839Hz	33	3.839	70.00	0.437
250.01	0.05	Adapter 6009Hz	34	6.009	70.00	0.671
250.09	0.05	Adapter 6009Hz	34	6.009	70.00	0.671
250.17	0.05	Adapter 6009Hz	34	6.009	70.00	0.671
250.25	0.05	Adapter 6009Hz	34	6.009	70.00	0.671
250.51	0.05	Adapter 6009Hz	34	6.009	70.00	0.671
250.59	0.05	Adapter 6009Hz	34	6.009	70.00	0.671
250.67	0.05	Adapter 6009Hz	34	6.009	70.00	0.671
250.75	0.05	Adapter 6009Hz	34	6.009	70.00	0.671
251.01	0.05	Adapter 6009Hz	34	6.009	70.00	0.671
251.09	0.05	Adapter 6009Hz	34	6.009	70.00	0.671
251.17	0.05	Adapter 6009Hz	34	6.009	70.00	0.671
251.25	0.05	Adapter 6009Hz	34	6.009	70.00	0.671
251.51	0.05	Adapter 6009Hz	34	6.009	70.00	0.671
251.59	0.05	Adapter 6009Hz	34	6.009	70.00	0.671
251.67	0.05	Adapter 6009Hz	34	6.009	70.00	0.671
251.75	0.05	Adapter 6009Hz	34	6.009	70.00	0.671
252.01	0.05	Adapter 6009Hz	34	6.009	70.00	0.671
252.09	0.05	Adapter 6009Hz	34	6.009	70.00	0.671
252.17	0.05	Adapter 6009Hz	34	6.009	70.00	0.671
252.25	0.05	Adapter 6009Hz	34	6.009	70.00	0.671
252.51	0.05	Adapter 6009Hz	34	6.009	70.00	0.671
252.59	0.05	Adapter 6009Hz	34	6.009	70.00	0.671
252.67	0.05	Adapter 6009Hz	34	6.009	70.00	0.671
252.75	0.05	Adapter 6009Hz	34	6.009	70.00	0.671
253.01	0.05	Adapter 6009Hz	34	6.009	70.00	0.671
253.09	0.05	Adapter 6009Hz	34	6.009	70.00	0.671
253.17	0.05	Adapter 6009Hz	34	6.009	70.00	0.671
253.25	0.05	Adapter 6009Hz	34	6.009	70.00	0.671
253.51	0.05	Adapter 6009Hz	34	6.009	70.00	0.671
253.59	0.05	Adapter 6009Hz	34	6.009	70.00	0.671
253.67	0.05	Adapter 6009Hz	34	6.009	70.00	0.671
253.75	0.05	Adapter 6009Hz	34	6.009	70.00	0.671
254.01	0.05	Adapter 6009Hz	34	6.009	70.00	0.671
254.09	0.05	Adapter 6009Hz	34	6.009	70.00	0.671
254.17	0.05	Adapter 6009Hz	34	6.009	70.00	0.671
254.25	0.05	Adapter 6009Hz	34	6.009	70.00	0.671
254.51	0.05	Adapter 6009Hz	34	6.009	70.00	0.671
254.59	0.05	Adapter 6009Hz	34	6.009	70.00	0.671
254.67	0.05	Adapter 6009Hz	34	6.009	70.00	0.671
254.75	0.05	Adapter 6009Hz	34	6.009	70.00	0.671
265.001	0.05	Adapter 2423Hz	36	2.423	70.00	0.285
265.081	0.05	Adapter 2423Hz	36	2.423	70.00	0.285
265.161	0.05	Adapter 2423Hz	36	2.423	70.00	0.285
265.241	0.05	Adapter 2423Hz	36	2.423	70.00	0.285
265.501	0.05	Adapter 2423Hz	36	2.423	70.00	0.285
265.581	0.05	Adapter 2423Hz	36	2.423	70.00	0.285
265.661	0.05	Adapter 2423Hz	36	2.423	70.00	0.285
265.741	0.05	Adapter 2423Hz	36	2.423	70.00	0.285
266.001	0.05	Adapter 2423Hz	36	2.423	70.00	0.285
266.081	0.05	Adapter 2423Hz	36	2.423	70.00	0.285
266.161	0.05	Adapter 2423Hz	36	2.423	70.00	0.285
266.241	0.05	Adapter 2423Hz	36	2.423	70.00	0.285
266.501	0.05	Adapter 2423Hz	36	2.423	70.00	0.285
266.581	0.05	Adapter 2423Hz	36	2.423	70.00	0.285
266.661	0.05	Adapter 2423Hz	36	2.423	70.00	0.285
266.741	0.05	Adapter 2423Hz	36	2.423	70.00	0.285
267.001	0.05	Adapter 2423Hz	36	2.423	70.00	0.285
267.081	0.05	Adapter 2423Hz	36	2.423	70.00	0.285
267.161	0.05	Adapter 2423Hz	36	2.423	70.00	0.285
267.241	0.05	Adapter 2423Hz	36	2.423	70.00	0.285
267.501	0.05	Adapter 2423Hz	36	2.423	70.00	0.285
267.581	0.05	Adapter 2423Hz	36	2.423	70.00	0.285
267.661	0.05	Adapter 2423Hz	36	2.423	70.00	0.285
267.741	0.05	Adapter 2423Hz	36	2.423	70.00	0.285
268.001	0.05	Adapter 2423Hz	36	2.423	70.00	0.285
268.081	0.05	Adapter 2423Hz	36	2.423	70.00	0.285
268.161	0.05	Adapter 2423Hz	36	2.423	70.00	0.285
268.241	0.05	Adapter 2423Hz	36	2.423	70.00	0.285
268.501	0.05	Adapter 2423Hz	36	2.423	70.00	0.285
268.581	0.05	Adapter 2423Hz	36	2.423	70.00	0.285
268.661	0.05	Adapter 2423Hz	36	2.423	70.00	0.285
268.741	0.05	Adapter 2423Hz	36	2.423	70.00	0.285
269.001	0.05	Adapter 2423Hz	36	2.423	70.00	0.285
269.081	0.05	Adapter 2423Hz	36	2.423	70.00	0.285
269.161	0.05	Adapter 2423Hz	36	2.423	70.00	0.285
269.241	0.05	Adapter 2423Hz	36	2.423	70.00	0.285
269.501	0.05	Adapter 2423Hz	36	2.423	70.00	0.285
269.581	0.05	Adapter 2423Hz	36	2.423	70.00	0.285
269.661	0.05	Adapter 2423Hz	36	2.423	70.00	0.285
269.741	0.05	Adapter 2423Hz	36	2.423	70.00	0.285
272.52	0.05	Adapter 1501Hz	37	1.501	70.00	0.186
272.6	0.05	Adapter 1501Hz	37	1.501	70.00	0.186
272.68	0.05	Adapter 1501Hz	37	1.501	70.00	0.186
272.76	0.05	Adapter 1501Hz	37	1.501	70.00	0.186
273.02	0.05	Adapter 1501Hz	37	1.501	70.00	0.186
273.1	0.05	Adapter 1501Hz	37	1.501	70.00	0.186
273.18	0.05	Adapter 1501Hz	37	1.501	70.00	0.186
273.26	0.05	Adapter 1501Hz	37	1.501	70.00	0.186
273.52	0.05	Adapter 1501Hz	37	1.501	70.00	0.186
273.6	0.05	Adapter 1501Hz	37	1.501	70.00	0.186
273.68	0.05	Adapter 1501Hz	37	1.501	70.00	0.186
273.76	0.05	Adapter 1501Hz	37	1.501	70.00	0.186
274.02	0.05	Adapter 1501Hz	37	1.501	70.00	0.186
274.1	0.05	Adapter 1501Hz	37	1.501	70.00	0.186
274.18	0.05	Adapter 1501Hz	37	1.501	70.00	0.186
274.26	0.05	Adapter 1501Hz	37	1.501	70.00	0.186
274.52	0.05	Adapter 1501Hz	37	1.501	70.00	0.186
274.6	0.05	Adapter 1501Hz	37	1.501	70.00	0.186
274.68	0.05	Adapter 1501Hz	37	1.501	70.00	0.186
274.76	0.05	Adapter 1501Hz	37	1.501	70.00	0.186
275.02	0.05	Adapter 1501Hz	37	1.501	70.00	0.186
275.1	0.05	Adapter 1501Hz	37	1.501	70.00	0.186
275.18	0.05	Adapter 1501Hz	37	1.501	70.00	0.186
275.26	0.05	Adapter 1501Hz	37	1.501	70.00	0.186
275.52	0.05	Adapter 1501Hz	37	1.501	70.00	0.186
275.6	0.05	Adapter 1501Hz	37	1.501	70.00	0.186
275.68	0.05	Adapter 1501Hz	37	1.501	70.00	0.186
275.76	0.05	Adapter 1501Hz	37	1.501	70.00	0.186
276.02	0.05	Adapter 1501Hz	37	1.501	70.00	0.186
276.1	0.05	Adapter 1501Hz	37	1.501	70.00	0.186
276.18	0.05	Adapter 1501Hz	37	1.501	70.00	0.186
276.26	0.05	Adapter 1501Hz	37	1.501	70.00	0.186
276.52	0.05	Adapter 1501Hz	37	1.501	70.00	0.186
276.6	0.05	Adapter 1501Hz	37	1.501	70.00	0.186
276.68	0.05	Adapter 1501Hz	37	1.501	70.00	0.186
276.76	0.05	Adapter 1501Hz	37	1.501	70.00	0.186
277.02	0.05	Adapter 1501Hz	37	1.501	70.00	0.186
277.1	0.05	Adapter 1501Hz	37	1.501	70.00	0.186
277.18	0.05	Adapter 1501Hz	37	1.501	70.00	0.186
277.26	0.05	Adapter 1501Hz	37	1.501	70.00	0.186
287.528	0.05	Adapter 899Hz	39	0.899	70.00	0.121
287.608	0.05	Adapter 899Hz	39	0.899	70.00	0.121
287.688	0.05	Adapter 899Hz	39	0.899	70.00	0.121
287.768	0.05	Adapter 899Hz	39	0.899	70.00	0.121
288.028	0.05	Adapter 899Hz	39	0.899	70.00	0.121
288.108	0.05	Adapter 899Hz	39	0.899	70.00	0.121
288.188	0.05	Adapter 899Hz	39	0.899	70.00	0.121
288.268	0.05	Adapter 899Hz	39	0.899	70.00	0.121
288.528	0.05	Adapter 899Hz	39	0.899	70.00	0.121
288.608	0.05	Adapter 899Hz	39	0.899	70.00	0.121
288.688	0.05	Adapter 899Hz	39	0.899	70.00	0.121
288.768	0.05	Adapter 899Hz	39	0.899	70.00	0.121
289.028	0.05	Adapter 899Hz	39	0.899	70.00	0.121
289.108	0.05	Adapter 899Hz	39	0.899	70.00	0.121
289.188	0.05	Adapter 899Hz	39	0.899	70.00	0.121
289.268	0.05	Adapter 899Hz	39	0.899	70.00	0.121
289.528	0.05	Adapter 899Hz	39	0.899	70.00	0.121
289.608	0.05	Adapter 899Hz	39	0.899	70.00	0.121
289.688	0.05	Adapter 899Hz	39	0.899	70.00	0.121
289.768	0.05	Adapter 899Hz	39	0.899	70.00	0.121
290.028	0.05	Adapter 899Hz	39	0.899	70.00	0.121
290.108	0.05	Adapter 899Hz	39	0.899	70.00	0.121
290.188	0.05	Adapter 899Hz	39	0.899	70.00	0.121
290.268	0.05	Adapter 899Hz	39	0.899	70.00	0.121
290.528	0.05	Adapter 899Hz	39	0.899	70.00	0.121
290.608	0.05	Adapter 899Hz	39	0.899	70.00	0.121
290.688	0.05	Adapter 899Hz	39	0.899	70.00	0.121
290.768	0.05	Adapter 899Hz	39	0.899	70.00	0.121
291.028	0.05	Adapter 899Hz	39	0.899	70.00	0.121
291.108	0.05	Adapter 899Hz	39	0.899	70.00	0.121
291.188	0.05	Adapter 899Hz	39	0.899	70.00	0.121
291.268	0.05	Adapter 899Hz	39	0.899	70.00	0.121
291.528	0.05	Adapter 899Hz	39	0.899	70.00	0.121
291.608	0.05	Adapter 899Hz	39	0.899	70.00	0.121
291.688	0.05	Adapter 899Hz	39	0.899	70.00	0.121
291.768	0.05	Adapter 899Hz	39	0.899	70.00	0.121
292.028	0.05	Adapter 899Hz	39	0.899	70.00	0.121
292.108	0.05	Adapter 899Hz	39	0.899	70.00	0.121
292.188	0.05	Adapter 899Hz	39	0.899	70.00	0.121
292.268	0.05	Adapter 899Hz	39	0.899	70.00	0.121
294.969	0.05	Adapter 507Hz Probe 3839Hz	40	0.507	70.00	0.079
295.049	0.05	Adapter 507Hz Probe 3839Hz	40	0.507	70.00	0.079
295.129	0.05	Adapter 507Hz Probe 3839Hz	40	0.507	70.00	0.079
295.209	0.05	Adapter 507Hz Probe 3839Hz	40	0.507	70.00	0.079
295.289	0.05	Adapter 507Hz Probe 3839Hz	40	3.839	70.00	0.437
295.469	0.05	Adapter 507Hz Probe 3839Hz	40	0.507	70.00	0.079
295.549	0.05	Adapter 507Hz Probe 3839Hz	40	0.507	70.00	0.079
295.629	0.05	Adapter 507Hz Probe 3839Hz	40	0.507	70.00	0.079
295.709	0.05	Adapter 507Hz Probe 3839Hz	40	0.507	70.00	0.079
295.789	0.05	Adapter 507Hz Probe 3839Hz	40	3.839	70.00	0.437
295.969	0.05	Adapter 507Hz Probe 3839Hz	40	0.507	70.00	0.079
296.049	0.05	Adapter 507Hz Probe 3839Hz	40	0.507	70.00	0.079
296.129	0.05	Adapter 507Hz Probe 3839Hz	40	0.507	70.00	0.079
296.209	0.05	Adapter 507Hz Probe 3839Hz	40	0.507	70.00	0.079
296.289	0.05	Adapter 507Hz Probe 3839Hz	40	3.839	70.00	0.437
296.469	0.05	Adapter 507Hz Probe 3839Hz	40	0.507	70.00	0.079
296.549	0.05	Adapter 507Hz Probe 3839Hz	40	0.507	70.00	0.079
296.629	0.05	Adapter 507Hz Probe 3839Hz	40	0.507	70.00	0.079
296.709	0.05	Adapter 507Hz Probe 3839Hz	40	0.507	70.00	0.079
296.789	0.05	Adapter 507Hz Probe 3839Hz	40	3.839	70.00	0.437
296.969	0.05	Adapter 507Hz Probe 3839Hz	40	0.507	70.00	0.079
297.049	0.05	Adapter 507Hz Probe 3839Hz	40	0.507	70.00	0.079
297.129	0.05	Adapter 507Hz Probe 3839Hz	40	0.507	70.00	0.079
297.209	0.05	Adapter 507Hz Probe 3839Hz	40	0.507	70.00	0.079
297.289	0.05	Adapter 507Hz Probe 3839Hz	40	3.839	70.00	0.437
297.469	0.05	Adapter 507Hz Probe 3839Hz	40	0.507	70.00	0.079
297.549	0.05	Adapter 507Hz Probe 3839Hz	40	0.507	70.00	0.079
297.629	0.05	Adapter 507Hz Probe 3839Hz	40	0.507	70.00	0.079
297.709	0.05	Adapter 507Hz Probe 3839Hz	40	0.507	70.00	0.079
297.789	0.05	Adapter 507Hz Probe 3839Hz	40	3.839	70.00	0.437
297.969	0.05	Adapter 507Hz Probe 3839Hz	40	0.507	70.00	0.079
298.049	0.05	Adapter 507Hz Probe 3839Hz	40	0.507	70.00	0.079
298.129	0.05	Adapter 507Hz Probe 3839Hz	40	0.507	70.00	0.079
298.209	0.05	Adapter 507Hz Probe 3839Hz	40	0.507	70.00	0.079
298.289	0.05	Adapter 507Hz Probe 3839Hz	40	3.839	70.00	0.437
298.469	0.05	Adapter 507Hz Probe 3839Hz	40	0.507	70.00	0.079
298.549	0.05	Adapter 507Hz Probe 3839Hz	40	0.507	70.00	0.079
298.629	0.05	Adapter 507Hz Probe 3839Hz	40	0.507	70.00	0.079
298.709	0.05	Adapter 507Hz Probe 3839Hz	40	0.507	70.00	0.079
298.789	0.05	Adapter 507Hz Probe 3839Hz	40	3.839	70.00	0.437
298.969	0.05	Adapter 507Hz Probe 3839Hz	40	0.507	70.00	0.079
299.049	0.05	Adapter 507Hz Probe 3839Hz	40	0.507	70.00	0.079
299.129	0.05	Adapter 507Hz Probe 3839Hz	40	0.507	70.00	0.079
299.209	0.05	Adapter 507Hz Probe 3839Hz	40	0.507	70.00	0.079
299.289	0.05	Adapter 507Hz Probe 3839Hz	40	3.839	70.00	0.437
299.469	0.05	Adapter 507Hz Probe 3839Hz	40	0.507	70.00	0.079
299.549	0.05	Adapter 507Hz Probe 3839Hz	40	0.507	70.00	0.079
299.629	0.05	Adapter 507Hz Probe 3839Hz	40	0.507	70.00	0.079
299.709	0.05	Adapter 507Hz Probe 3839Hz	40	0.507	70.00	0.079
299.789	0.05	Adapter 507Hz Probe 3839Hz	40	3.839	70.00	0.437
302.472	0.05	Adapter 1501Hz Probe 3839Hz	41	1.501	70.00	0.186
302.552	0.05	Adapter 1501Hz Probe 3839Hz	41	1.501	70.00	0.186
302.632	0.05	Adapter 1501Hz Probe 3839Hz	41	1.501	70.00	0.186
302.712	0.05	Adapter 1501Hz Probe 3839Hz	41	1.501	70.00	0.186
302.792	0.05	Adapter 1501Hz Probe 3839Hz	41	3.839	70.00	0.437
302.972	0.05	Adapter 1501Hz Probe 3839Hz	41	1.501	70.00	0.186
303.052	0.05	Adapter 1501Hz Probe 3839Hz	41	1.501	70.00	0.186
303.132	0.05	Adapter 1501Hz Probe 3839Hz	41	1.501	70.00	0.186
303.212	0.05	Adapter 1501Hz Probe 3839Hz	41	1.501	70.00	0.186
303.292	0.05	Adapter 1501Hz Probe 3839Hz	41	3.839	70.00	0.437
303.472	0.05	Adapter 1501Hz Probe 3839Hz	41	1.501	70.00	0.186
303.552	0.05	Adapter 1501Hz Probe 3839Hz	41	1.501	70.00	0.186
303.632	0.05	Adapter 1501Hz Probe 3839Hz	41	1.501	70.00	0.186
303.712	0.05	Adapter 1501Hz Probe 3839Hz	41	1.501	70.00	0.186
303.792	0.05	Adapter 1501Hz Probe 3839Hz	41	3.839	70.00	0.437
303.972	0.05	Adapter 1501Hz Probe 3839Hz	41	1.501	70.00	0.186
304.052	0.05	Adapter 1501Hz Probe 3839Hz	41	1.501	70.00	0.186
304.132	0.05	Adapter 1501Hz Probe 3839Hz	41	1.501	70.00	0.186
304.212	0.05	Adapter 1501Hz Probe 3839Hz	41	1.501	70.00	0.186
304.292	0.05	Adapter 1501Hz Probe 3839Hz	41	3.839	70.00	0.437
304.472	0.05	Adapter 1501Hz Probe 3839Hz	41	1.501	70.00	0.186
304.552	0.05	Adapter 1501Hz Probe 3839Hz	41	1.501	70.00	0.186
304.632	0.05	Adapter 1501Hz Probe 3839Hz	41	1.501	70.00	0.186
304.712	0.05	Adapter 1501Hz Probe 3839Hz	41	1.501	70.00	0.186
304.792	0.05	Adapter 1501Hz Probe 3839Hz	41	3.839	70.00	0.437
304.972	0.05	Adapter 1501Hz Probe 3839Hz	41	1.501	70.00	0.186
305.052	0.05	Adapter 1501Hz Probe 3839Hz	41	1.501	70.00	0.186
305.132	0.05	Adapter 1501Hz Probe 3839Hz	41	1.501	70.00	0.186
305.212	0.05	Adapter 1501Hz Probe 3839Hz	41	1.501	70.00	0.186
305.292	0.05	Adapter 1501Hz Probe 3839Hz	41	3.839	70.00	0.437
305.472	0.05	Adapter 1501Hz Probe 3839Hz	41	1.501	70.00	0.186
305.552	0.05	Adapter 1501Hz Probe 3839Hz	41	1.501	70.00	0.186
305.632	0.05	Adapter 1501Hz Probe 3839Hz	41	1.501	70.00	0.186
305.712	0.05	Adapter 1501Hz Probe 3839Hz	41	1.501	70.00	0.186
305.792	0.05	Adapter 1501Hz Probe 3839Hz	41	3.839	70.00	0.437
305.972	0.05	Adapter 1501Hz Probe 3839Hz	41	1.501	70.00	0.186
306.052	0.05	Adapter 1501Hz Probe 3839Hz	41	1.501	70.00	0.186
306.132	0.05	Adapter 1501Hz Probe 3839Hz	41	1.501	70.00	0.186
306.212	0.05	Adapter 1501Hz Probe 3839Hz	41	1.501	70.00	0.186
306.292	0.05	Adapter 1501Hz Probe 3839Hz	41	3.839	70.00	0.437
306.472	0.05	Adapter 1501Hz Probe 3839Hz	41	1.501	70.00	0.186
306.552	0.05	Adapter 1501Hz Probe 3839Hz	41	1.501	70.00	0.186
306.632	0.05	Adapter 1501Hz Probe 3839Hz	41	1.501	70.00	0.186
306.712	0.05	Adapter 1501Hz Probe 3839Hz	41	1.501	70.00	0.186
306.792	0.05	Adapter 1501Hz Probe 3839Hz	41	3.839	70.00	0.437
306.972	0.05	Adapter 1501Hz Probe 3839Hz	41	1.501	70.00	0.186
307.052	0.05	Adapter 1501Hz Probe 3839Hz	41	1.501	70.00	0.186
307.132	0.05	Adapter 1501Hz Probe 3839Hz	41	1.501	70.00	0.186
307.212	0.05	Adapter 1501Hz Probe 3839Hz	41	1.501	70.00	0.186
307.292	0.05	Adapter 1501Hz Probe 3839Hz	41	3.839	70.00	0.437
310.023	0.05	Adapter 251Hz	42	0.251	70.00	0.052
310.103	0.05	Adapter 251Hz	42	0.251	70.00	0.052
310.183	0.05	Adapter 251Hz	42	0.251	70.00	0.052
310.263	0.05	Adapter 251Hz	42	0.251	70.00	0.052
310.523	0.05	Adapter 251Hz	42	0.251	70.00	0.052
310.603	0.05	Adapter 251Hz	42	0.251	70.00	0.052
310.683	0.05	Adapter 251Hz	42	0.251	70.00	0.052
310.763	0.05	Adapter 251Hz	42	0.251	70.00	0.052
311.023	0.05	Adapter 251Hz	42	0.251	70.00	0.052
311.103	0.05	Adapter 251Hz	42	0.251	70.00	0.052
311.183	0.05	Adapter 251Hz	42	0.251	70.00	0.052
311.263	0.05	Adapter 251Hz	42	0.251	70.00	0.052
311.523	0.05	Adapter 251Hz	42	0.251	70.00	0.052
311.603	0.05	Adapter 251Hz	42	0.251	70.00	0.052
311.683	0.05	Adapter 251Hz	42	0.251	70.00	0.052
311.763	0.05	Adapter 251Hz	42	0.251	70.00	0.052
312.023	0.05	Adapter 251Hz	42	0.251	70.00	0.052
312.103	0.05	Adapter 251Hz	42	0.251	70.00	0.052
312.183	0.05	Adapter 251Hz	42	0.251	70.00	0.052
312.263	0.05	Adapter 251Hz	42	0.251	70.00	0.052
312.523	0.05	Adapter 251Hz	42	0.251	70.00	0.052
312.603	0.05	Adapter 251Hz	42	0.251	70.00	0.052
312.683	0.05	Adapter 251Hz	42	0.251	70.00	0.052
312.763	0.05	Adapter 251Hz	42	0.251	70.00	0.052
313.023	0.05	Adapter 251Hz	42	0.251	70.00	0.052
313.103	0.05	Adapter 251Hz	42	0.251	70.00	0.052
313.183	0.05	Adapter 251Hz	42	0.251	70.00	0.052
313.263	0.05	Adapter 251Hz	42	0.251	70.00	0.052
313.523	0.05	Adapter 251Hz	42	0.251	70.00	0.052
313.603	0.05	Adapter 251Hz	42	0.251	70.00	0.052
313.683	0.05	Adapter 251Hz	42	0.251	70.00	0.052
313.763	0.05	Adapter 251Hz	42	0.251	70.00	0.052
314.023	0.05	Adapter 251Hz	42	0.251	70.00	0.052
314.103	0.05	Adapter 251Hz	42	0.251	70.00	0.052
314.183	0.05	Adapter 251Hz	42	0.251	70.00	0.052
314.263	0.05	Adapter 251Hz	42	0.251	70.00	0.052
314.523	0.05	Adapter 251Hz	42	0.251	70.00	0.052
314.603	0.05	Adapter 251Hz	42	0.251	70.00	0.052
314.683	0.05	Adapter 251Hz	42	0.251	70.00	0.052
314.763	0.05	Adapter 251Hz	42	0.251	70.00	0.052
317.526	0.05	Adapter 899Hz Probe 3839Hz	43	0.899	70.00	0.121
317.606	0.05	Adapter 899Hz Probe 3839Hz	43	0.899	70.00	0.121
317.686	0.05	Adapter 899Hz Probe 3839Hz	43	0.899	70.00	0.121
317.766	0.05	Adapter 899Hz Probe 3839Hz	43	0.899	70.00	0.121
317.846	0.05	Adapter 899Hz Probe 3839Hz	43	3.839	70.00	0.437
318.026	0.05	Adapter 899Hz Probe 3839Hz	43	0.899	70.00	0.121
318.106	0.05	Adapter 899Hz Probe 3839Hz	43	0.899	70.00	0.121
318.186	0.05	Adapter 899Hz Probe 3839Hz	43	0.899	70.00	0.121
318.266	0.05	Adapter 899Hz Probe 3839Hz	43	0.899	70.00	0.121
318.346	0.05	Adapter 899Hz Probe 3839Hz	43	3.839	70.00	0.437
318.526	0.05	Adapter 899Hz Probe 3839Hz	43	0.899	70.00	0.121
318.606	0.05	Adapter 899Hz Probe 3839Hz	43	0.899	70.00	0.121
318.686	0.05	Adapter 899Hz Probe 3839Hz	43	0.899	70.00	0.121
318.766	0.05	Adapter 899Hz Probe 3839Hz	43	0.899	70.00	0.121
318.846	0.05	Adapter 899Hz Probe 3839Hz	43	3.839	70.00	0.437
319.026	0.05	Adapter 899Hz Probe 3839Hz	43	0.899	70.00	0.121
319.106	0.05	Adapter 899Hz Probe 3839Hz	43	0.899	70.00	0.121
319.186	0.05	Adapter 899Hz Probe 3839Hz	43	0.899	70.00	0.121
319.266	0.05	Adapter 899Hz Probe 3839Hz	43	0.899	70.00	0.121
319.346	0.05	Adapter 899Hz Probe 3839Hz	43	3.839	70.00	0.437
319.526	0.05	Adapter 899Hz Probe 3839Hz	43	0.899	70.00	0.121
319.606	0.05	Adapter 899Hz Probe 3839Hz	43	0.899	70.00	0.121
319.686	0.05	Adapter 899Hz Probe 3839Hz	43	0.899	70.00	0.121
319.766	0.05	Adapter 899Hz Probe 3839Hz	43	0.899	70.00	0.121
319.846	0.05	Adapter 899Hz Probe 3839Hz	43	3.839	70.00	0.437
320.026	0.05	Adapter 899Hz Probe 3839Hz	43	0.899	70.00	0.121
320.106	0.05	Adapter 899Hz Probe 3839Hz	43	0.899	70.00	0.121
320.186	0.05	Adapter 899Hz Probe 3839Hz	43	0.899	70.00	0.121
320.266	0.05	Adapter 899Hz Probe 3839Hz	43	0.899	70.00	0.121
320.346	0.05	Adapter 899Hz Probe 3839Hz	43	3.839	70.00	0.437
320.526	0.05	Adapter 899Hz Probe 3839Hz	43	0.899	70.00	0.121
320.606	0.05	Adapter 899Hz Probe 3839Hz	43	0.899	70.00	0.121
320.686	0.05	Adapter 899Hz Probe 3839Hz	43	0.899	70.00	0.121
320.766	0.05	Adapter 899Hz Probe 3839Hz	43	0.899	70.00	0.121
320.846	0.05	Adapter 899Hz Probe 3839Hz	43	3.839	70.00	0.437
321.026	0.05	Adapter 899Hz Probe 3839Hz	43	0.899	70.00	0.121
321.106	0.05	Adapter 899Hz Probe 3839Hz	43	0.899	70.00	0.121
321.186	0.05	Adapter 899Hz Probe 3839Hz	43	0.899	70.00	0.121
321.266	0.05	Adapter 899Hz Probe 3839Hz	43	0.899	70.00	0.121
321.346	0.05	Adapter 899Hz Probe 3839Hz	43	3.839	70.00	0.437
321.526	0.05	Adapter 899Hz Probe 3839Hz	43	0.899	70.00	0.121
321.606	0.05	Adapter 899Hz Probe 3839Hz	43	0.899	70.00	0.121
321.686	0.05	Adapter 899Hz Probe 3839Hz	43	0.899	70.00	0.121
321.766	0.05	Adapter 899Hz Probe 3839Hz	43	0.899	70.00	0.121
321.846	0.05	Adapter 899Hz Probe 3839Hz	43	3.839	70.00	0.437
322.026	0.05	Adapter 899Hz Probe 3839Hz	43	0.899	70.00	0.121
322.106	0.05	Adapter 899Hz Probe 3839Hz	43	0.899	70.00	0.121
322.186	0.05	Adapter 899Hz Probe 3839Hz	43	0.899	70.00	0.121
322.266	0.05	Adapter 899Hz Probe 3839Hz	43	0.899	70.00	0.121
322.346	0.05	Adapter 899Hz Probe 3839Hz	43	3.839	70.00	0.437
325.014	0.05	Adapter 2423Hz Probe 3839Hz	44	2.423	70.00	0.285
325.094	0.05	Adapter 2423Hz Probe 3839Hz	44	2.423	70.00	0.285
325.174	0.05	Adapter 2423Hz Probe 3839Hz	44	2.423	70.00	0.285
325.254	0.05	Adapter 2423Hz Probe 3839Hz	44	2.423	70.00	0.285
325.334	0.05	Adapter 2423Hz Probe 3839Hz	44	3.839	70.00	0.437
325.514	0.05	Adapter 2423Hz Probe 3839Hz	44	2.423	70.00	0.285
325.594	0.05	Adapter 2423Hz Probe 3839Hz	44	2.423	70.00	0.285
325.674	0.05	Adapter 2423Hz Probe 3839Hz	44	2.423	70.00	0.285
325.754	0.05	Adapter 2423Hz Probe 3839Hz	44	2.423	70.00	0.285
325.834	0.05	Adapter 2423Hz Probe 3839Hz	44	3.839	70.00	0.437
326.014	0.05	Adapter 2423Hz Probe 3839Hz	44	2.423	70.00	0.285
326.094	0.05	Adapter 2423Hz Probe 3839Hz	44	2.423	70.00	0.285
326.174	0.05	Adapter 2423Hz Probe 3839Hz	44	2.423	70.00	0.285
326.254	0.05	Adapter 2423Hz Probe 3839Hz	44	2.423	70.00	0.285
326.334	0.05	Adapter 2423Hz Probe 3839Hz	44	3.839	70.00	0.437
326.514	0.05	Adapter 2423Hz Probe 3839Hz	44	2.423	70.00	0.285
326.594	0.05	Adapter 2423Hz Probe 3839Hz	44	2.423	70.00	0.285
326.674	0.05	Adapter 2423Hz Probe 3839Hz	44	2.423	70.00	0.285
326.754	0.05	Adapter 2423Hz Probe 3839Hz	44	2.423	70.00	0.285
326.834	0.05	Adapter 2423Hz Probe 3839Hz	44	3.839	70.00	0.437
327.014	0.05	Adapter 2423Hz Probe 3839Hz	44	2.423	70.00	0.285
327.094	0.05	Adapter 2423Hz Probe 3839Hz	44	2.423	70.00	0.285
327.174	0.05	Adapter 2423Hz Probe 3839Hz	44	2.423	70.00	0.285
327.254	0.05	Adapter 2423Hz Probe 3839Hz	44	2.423	70.00	0.285
327.334	0.05	Adapter 2423Hz Probe 3839Hz	44	3.839	70.00	0.437
327.514	0.05	Adapter 2423Hz Probe 3839Hz	44	2.423	70.00	0.285
327.594	0.05	Adapter 2423Hz Probe 3839Hz	44	2.423	70.00	0.285
327.674	0.05	Adapter 2423Hz Probe 3839Hz	44	2.423	70.00	0.285
327.754	0.05	Adapter 2423Hz Probe 3839Hz	44	2.423	70.00	0.285
327.834	0.05	Adapter 2423Hz Probe 3839Hz	44	3.839	70.00	0.437
328.014	0.05	Adapter 2423Hz Probe 3839Hz	44	2.423	70.00	0.285
328.094	0.05	Adapter 2423Hz Probe 3839Hz	44	2.423	70.00	0.285
328.174	0.05	Adapter 2423Hz Probe 3839Hz	44	2.423	70.00	0.285
328.254	0.05	Adapter 2423Hz Probe 3839Hz	44	2.423	70.00	0.285
328.334	0.05	Adapter 2423Hz Probe 3839Hz	44	3.839	70.00	0.437
328.514	0.05	Adapter 2423Hz Probe 3839Hz	44	2.423	70.00	0.285
328.594	0.05	Adapter 2423Hz Probe 3839Hz	44	2.423	70.00	0.285
328.674	0.05	Adapter 2423Hz Probe 3839Hz	44	2.423	70.00	0.285
328.754	0.05	Adapter 2423Hz Probe 3839Hz	44	2.423	70.00	0.285
328.834	0.05	Adapter 2423Hz Probe 3839Hz	44	3.839	70.00	0.437
329.014	0.05	Adapter 2423Hz Probe 3839Hz	44	2.423	70.00	0.285
329.094	0.05	Adapter 2423Hz Probe 3839Hz	44	2.423	70.00	0.285
329.174	0.05	Adapter 2423Hz Probe 3839Hz	44	2.423	70.00	0.285
329.254	0.05	Adapter 2423Hz Probe 3839Hz	44	2.423	70.00	0.285
329.334	0.05	Adapter 2423Hz Probe 3839Hz	44	3.839	70.00	0.437
329.514	0.05	Adapter 2423Hz Probe 3839Hz	44	2.423	70.00	0.285
329.594	0.05	Adapter 2423Hz Probe 3839Hz	44	2.423	70.00	0.285
329.674	0.05	Adapter 2423Hz Probe 3839Hz	44	2.423	70.00	0.285
329.754	0.05	Adapter 2423Hz Probe 3839Hz	44	2.423	70.00	0.285
329.834	0.05	Adapter 2423Hz Probe 3839Hz	44	3.839	70.00	0.437
339.991	0.05	Adapter 3839Hz Probe 3839Hz	46	3.839	70.00	0.437
340.071	0.05	Adapter 3839Hz Probe 3839Hz	46	3.839	70.00	0.437
340.151	0.05	Adapter 3839Hz Probe 3839Hz	46	3.839	70.00	0.437
340.231	0.05	Adapter 3839Hz Probe 3839Hz	46	3.839	70.00	0.437
340.311	0.05	Adapter 3839Hz Probe 3839Hz	46	3.839	70.00	0.437
340.491	0.05	Adapter 3839Hz Probe 3839Hz	46	3.839	70.00	0.437
340.571	0.05	Adapter 3839Hz Probe 3839Hz	46	3.839	70.00	0.437
340.651	0.05	Adapter 3839Hz Probe 3839Hz	46	3.839	70.00	0.437
340.731	0.05	Adapter 3839Hz Probe 3839Hz	46	3.839	70.00	0.437
340.811	0.05	Adapter 3839Hz Probe 3839Hz	46	3.839	70.00	0.437
340.991	0.05	Adapter 3839Hz Probe 3839Hz	46	3.839	70.00	0.437
341.071	0.05	Adapter 3839Hz Probe 3839Hz	46	3.839	70.00	0.437
341.151	0.05	Adapter 3839Hz Probe 3839Hz	46	3.839	70.00	0.437
341.231	0.05	Adapter 3839Hz Probe 3839Hz	46	3.839	70.00	0.437
341.311	0.05	Adapter 3839Hz Probe 3839Hz	46	3.839	70.00	0.437
341.491	0.05	Adapter 3839Hz Probe 3839Hz	46	3.839	70.00	0.437
341.571	0.05	Adapter 3839Hz Probe 3839Hz	46	3.839	70.00	0.437
341.651	0.05	Adapter 3839Hz Probe 3839Hz	46	3.839	70.00	0.437
341.731	0.05	Adapter 3839Hz Probe 3839Hz	46	3.839	70.00	0.437
341.811	0.05	Adapter 3839Hz Probe 3839Hz	46	3.839	70.00	0.437
341.991	0.05	Adapter 3839Hz Probe 3839Hz	46	3.839	70.00	0.437
342.071	0.05	Adapter 3839Hz Probe 3839Hz	46	3.839	70.00	0.437
342.151	0.05	Adapter 3839Hz Probe 3839Hz	46	3.839	70.00	0.437
342.231	0.05	Adapter 3839Hz Probe 3839Hz	46	3.839	70.00	0.437
342.311	0.05	Adapter 3839Hz Probe 3839Hz	46	3.839	70.00	0.437
342.491	0.05	Adapter 3839Hz Probe 3839Hz	46	3.839	70.00	0.437
342.571	0.05	Adapter 3839Hz Probe 3839Hz	46	3.839	70.00	0.437
342.651	0.05	Adapter 3839Hz Probe 3839Hz	46	3.839	70.00	0.437
342.731	0.05	Adapter 3839Hz Probe 3839Hz	46	3.839	70.00	0.437
342.811	0.05	Adapter 3839Hz Probe 3839Hz	46	3.839	70.00	0.437
342.991	0.05	Adapter 3839Hz Probe 3839Hz	46	3.839	70.00	0.437
343.071	0.05	Adapter 3839Hz Probe 3839Hz	46	3.839	70.00	0.437
343.151	0.05	Adapter 3839Hz Probe 3839Hz	46	3.839	70.00	0.437
343.231	0.05	Adapter 3839Hz Probe 3839Hz	46	3.839	70.00	0.437
343.311	0.05	Adapter 3839Hz Probe 3839Hz	46	3.839	70.00	0.437
343.491	0.05	Adapter 3839Hz Probe 3839Hz	46	3.839	70.00	0.437
343.571	0.05	Adapter 3839Hz Probe 3839Hz	46	3.839	70.00	0.437
343.651	0.05	Adapter 3839Hz Probe 3839Hz	46	3.839	70.00	0.437
343.731	0.05	Adapter 3839Hz Probe 3839Hz	46	3.839	70.00	0.437
343.811	0.05	Adapter 3839Hz Probe 3839Hz	46	3.839	70.00	0.437
343.991	0.05	Adapter 3839Hz Probe 3839Hz	46	3.839	70.00	0.437
344.071	0.05	Adapter 3839Hz Probe 3839Hz	46	3.839	70.00	0.437
344.151	0.05	Adapter 3839Hz Probe 3839Hz	46	3.839	70.00	0.437
344.231	0.05	Adapter 3839Hz Probe 3839Hz	46	3.839	70.00	0.437
344.311	0.05	Adapter 3839Hz Probe 3839Hz	46	3.839	70.00	0.437
344.491	0.05	Adapter 3839Hz Probe 3839Hz	46	3.839	70.00	0.437
344.571	0.05	Adapter 3839Hz Probe 3839Hz	46	3.839	70.00	0.437
344.651	0.05	Adapter 3839Hz Probe 3839Hz	46	3.839	70.00	0.437
344.731	0.05	Adapter 3839Hz Probe 3839Hz	46	3.839	70.00	0.437
344.811	0.05	Adapter 3839Hz Probe 3839Hz	46	3.839	70.00	0.437
347.479	0.05	Adapter 3839Hz	47	3.839	70.00	0.437
347.559	0.05	Adapter 3839Hz	47	3.839	70.00	0.437
347.639	0.05	Adapter 3839Hz	47	3.839	70.00	0.437
347.719	0.05	Adapter 3839Hz	47	3.839	70.00	0.437
347.979	0.05	Adapter 3839Hz	47	3.839	70.00	0.437
348.059	0.05	Adapter 3839Hz	47	3.839	70.00	0.437
348.139	0.05	Adapter 3839Hz	47	3.839	70.00	0.437
348.219	0.05	Adapter 3839Hz	47	3.839	70.00	0.437
348.479	0.05	Adapter 3839Hz	47	3.839	70.00	0.437
348.559	0.05	Adapter 3839Hz	47	3.839	70.00	0.437
348.639	0.05	Adapter 3839Hz	47	3.839	70.00	0.437
348.719	0.05	Adapter 3839Hz	47	3.839	70.00	0.437
348.979	0.05	Adapter 3839Hz	47	3.839	70.00	0.437
349.059	0.05	Adapter 3839Hz	47	3.839	70.00	0.437
349.139	0.05	Adapter 3839Hz	47	3.839	70.00	0.437
349.219	0.05	Adapter 3839Hz	47	3.839	70.00	0.437
349.479	0.05	Adapter 3839Hz	47	3.839	70.00	0.437
349.559	0.05	Adapter 3839Hz	47	3.839	70.00	0.437
349.639	0.05	Adapter 3839Hz	47	3.839	70.00	0.437
349.719	0.05	Adapter 3839Hz	47	3.839	70.00	0.437
349.979	0.05	Adapter 3839Hz	47	3.839	70.00	0.437
350.059	0.05	Adapter 3839Hz	47	3.839	70.00	0.437
350.139	0.05	Adapter 3839Hz	47	3.839	70.00	0.437
350.219	0.05	Adapter 3839Hz	47	3.839	70.00	0.437
350.479	0.05	Adapter 3839Hz	47	3.839	70.00	0.437
350.559	0.05	Adapter 3839Hz	47	3.839	70.00	0.437
350.639	0.05	Adapter 3839Hz	47	3.839	70.00	0.437
350.719	0.05	Adapter 3839Hz	47	3.839	70.00	0.437
350.979	0.05	Adapter 3839Hz	47	3.839	70.00	0.437
351.059	0.05	Adapter 3839Hz	47	3.839	70.00	0.437
351.139	0.05	Adapter 3839Hz	47	3.839	70.00	0.437
351.219	0.05	Adapter 3839Hz	47	3.839	70.00	0.437
351.479	0.05	Adapter 3839Hz	47	3.839	70.00	0.437
351.559	0.05	Adapter 3839Hz	47	3.839	70.00	0.437
351.639	0.05	Adapter 3839Hz	47	3.839	70.00	0.437
351.719	0.05	Adapter 3839Hz	47	3.839	70.00	0.437
351.979	0.05	Adapter 3839Hz	47	3.839	70.00	0.437
352.059	0.05	Adapter 3839Hz	47	3.839	70.00	0.437
352.139	0.05	Adapter 3839Hz	47	3.839	70.00	0.437
352.219	0.05	Adapter 3839Hz	47	3.839	70.00	0.437
355.013	0.05	Adapter 507Hz	48	0.507	70.00	0.079
355.093	0.05	Adapter 507Hz	48	0.507	70.00	0.079
355.173	0.05	Adapter 507Hz	48	0.507	70.00	0.079
355.253	0.05	Adapter 507Hz	48	0.507	70.00	0.079
355.513	0.05	Adapter 507Hz	48	0.507	70.00	0.079
355.593	0.05	Adapter 507Hz	48	0.507	70.00	0.079
355.673	0.05	Adapter 507Hz	48	0.507	70.00	0.079
355.753	0.05	Adapter 507Hz	48	0.507	70.00	0.079
356.013	0.05	Adapter 507Hz	48	0.507	70.00	0.079
356.093	0.05	Adapter 507Hz	48	0.507	70.00	0.079
356.173	0.05	Adapter 507Hz	48	0.507	70.00	0.079
356.253	0.05	Adapter 507Hz	48	0.507	70.00	0.079
356.513	0.05	Adapter 507Hz	48	0.507	70.00	0.079
356.593	0.05	Adapter 507Hz	48	0.507	70.00	0.079
356.673	0.05	Adapter 507Hz	48	0.507	70.00	0.079
356.753	0.05	Adapter 507Hz	48	0.507	70.00	0.079
357.013	0.05	Adapter 507Hz	48	0.507	70.00	0.079
357.093	0.05	Adapter 507Hz	48	0.507	70.00	0.079
357.173	0.05	Adapter 507Hz	48	0.507	70.00	0.079
357.253	0.05	Adapter 507Hz	48	0.507	70.00	0.079
357.513	0.05	Adapter 507Hz	48	0.507	70.00	0.079
357.593	0.05	Adapter 507Hz	48	0.507	70.00	0.079
357.673	0.05	Adapter 507Hz	48	0.507	70.00	0.079
357.753	0.05	Adapter 507Hz	48	0.507	70.00	0.079
358.013	0.05	Adapter 507Hz	48	0.507	70.00	0.079
358.093	0.05	Adapter 507Hz	48	0.507	70.00	0.079
358.173	0.05	Adapter 507Hz	48	0.507	70.00	0.079
358.253	0.05	Adapter 507Hz	48	0.507	70.00	0.079
358.513	0.05	Adapter 507Hz	48	0.507	70.00	0.079
358.593	0.05	Adapter 507Hz	48	0.507	70.00	0.079
358.673	0.05	Adapter 507Hz	48	0.507	70.00	0.079
358.753	0.05	Adapter 507Hz	48	0.507	70.00	0.079
359.013	0.05	Adapter 507Hz	48	0.507	70.00	0.079
359.093	0.05	Adapter 507Hz	48	0.507	70.00	0.079
359.173	0.05	Adapter 507Hz	48	0.507	70.00	0.079
359.253	0.05	Adapter 507Hz	48	0.507	70.00	0.079
359.513	0.05	Adapter 507Hz	48	0.507	70.00	0.079
359.593	0.05	Adapter 507Hz	48	0.507	70.00	0.079
359.673	0.05	Adapter 507Hz	48	0.507	70.00	0.079
359.753	0.05	Adapter 507Hz	48	0.507	70.00	0.079
362.486	0.05	Adapter 1501Hz	49	1.501	70.00	0.186
362.566	0.05	Adapter 1501Hz	49	1.501	70.00	0.186
362.646	0.05	Adapter 1501Hz	49	1.501	70.00	0.186
362.726	0.05	Adapter 1501Hz	49	1.501	70.00	0.186
362.986	0.05	Adapter 1501Hz	49	1.501	70.00	0.186
363.066	0.05	Adapter 1501Hz	49	1.501	70.00	0.186
363.146	0.05	Adapter 1501Hz	49	1.501	70.00	0.186
363.226	0.05	Adapter 1501Hz	49	1.501	70.00	0.186
363.486	0.05	Adapter 1501Hz	49	1.501	70.00	0.186
363.566	0.05	Adapter 1501Hz	49	1.501	70.00	0.186
363.646	0.05	Adapter 1501Hz	49	1.501	70.00	0.186
363.726	0.05	Adapter 1501Hz	49	1.501	70.00	0.186
363.986	0.05	Adapter 1501Hz	49	1.501	70.00	0.186
364.066	0.05	Adapter 1501Hz	49	1.501	70.00	0.186
364.146	0.05	Adapter 1501Hz	49	1.501	70.00	0.186
364.226	0.05	Adapter 1501Hz	49	1.501	70.00	0.186
364.486	0.05	Adapter 1501Hz	49	1.501	70.00	0.186
364.566	0.05	Adapter 1501Hz	49	1.501	70.00	0.186
364.646	0.05	Adapter 1501Hz	49	1.501	70.00	0.186
364.726	0.05	Adapter 1501Hz	49	1.501	70.00	0.186
364.986	0.05	Adapter 1501Hz	49	1.501	70.00	0.186
365.066	0.05	Adapter 1501Hz	49	1.501	70.00	0.186
365.146	0.05	Adapter 1501Hz	49	1.501	70.00	0.186
365.226	0.05	Adapter 1501Hz	49	1.501	70.00	0.186
365.486	0.05	Adapter 1501Hz	49	1.501	70.00	0.186
365.566	0.05	Adapter 1501Hz	49	1.501	70.00	0.186
365.646	0.05	Adapter 1501Hz	49	1.501	70.00	0.186
365.726	0.05	Adapter 1501Hz	49	1.501	70.00	0.186
365.986	0.05	Adapter 1501Hz	49	1.501	70.00	0.186
366.066	0.05	Adapter 1501Hz	49	1.501	70.00	0.186
366.146	0.05	Adapter 1501Hz	49	1.501	70.00	0.186
366.226	0.05	Adapter 1501Hz	49	1.501	70.00	0.186
366.486	0.05	Adapter 1501Hz	49	1.501	70.00	0.186
366.566	0.05	Adapter 1501Hz	49	1.501	70.00	0.186
366.646	0.05	Adapter 1501Hz	49	1.501	70.00	0.186
366.726	0.05	Adapter 1501Hz	49	1.501	70.00	0.186
366.986	0.05	Adapter 1501Hz	49	1.501	70.00	0.186
367.066	0.05	Adapter 1501Hz	49	1.501	70.00	0.186
367.146	0.05	Adapter 1501Hz	49	1.501	70.00	0.186
367.226	0.05	Adapter 1501Hz	49	1.501	70.00	0.186
370.021	0.05	Adapter 507Hz	50	0.507	70.00	0.079
370.101	0.05	Adapter 507Hz	50	0.507	70.00	0.079
370.181	0.05	Adapter 507Hz	50	0.507	70.00	0.079
370.261	0.05	Adapter 507Hz	50	0.507	70.00	0.079
370.521	0.05	Adapter 507Hz	50	0.507	70.00	0.079
370.601	0.05	Adapter 507Hz	50	0.507	70.00	0.079
370.681	0.05	Adapter 507Hz	50	0.507	70.00	0.079
370.761	0.05	Adapter 507Hz	50	0.507	70.00	0.079
371.021	0.05	Adapter 507Hz	50	0.507	70.00	0.079
371.101	0.05	Adapter 507Hz	50	0.507	70.00	0.079
371.181	0.05	Adapter 507Hz	50	0.507	70.00	0.079
371.261	0.05	Adapter 507Hz	50	0.507	70.00	0.079
371.521	0.05	Adapter 507Hz	50	0.507	70.00	0.079
371.601	0.05	Adapter 507Hz	50	0.507	70.00	0.079
371.681	0.05	Adapter 507Hz	50	0.507	70.00	0.079
371.761	0.05	Adapter 507Hz	50	0.507	70.00	0.079
372.021	0.05	Adapter 507Hz	50	0.507	70.00	0.079
372.101	0.05	Adapter 507Hz	50	0.507	70.00	0.079
372.181	0.05	Adapter 507Hz	50	0.507	70.00	0.079
372.261	0.05	Adapter 507Hz	50	0.507	70.00	0.079
372.521	0.05	Adapter 507Hz	50	0.507	70.00	0.079
372.601	0.05	Adapter 507Hz	50	0.507	70.00	0.079
372.681	0.05	Adapter 507Hz	50	0.507	70.00	0.079
372.761	0.05	Adapter 507Hz	50	0.507	70.00	0.079
373.021	0.05	Adapter 507Hz	50	0.507	70.00	0.079
373.101	0.05	Adapter 507Hz	50	0.507	70.00	0.079
373.181	0.05	Adapter 507Hz	50	0.507	70.00	0.079
373.261	0.05	Adapter 507Hz	50	0.507	70.00	0.079
373.521	0.05	Adapter 507Hz	50	0.507	70.00	0.079
373.601	0.05	Adapter 507Hz	50	0.507	70.00	0.079
373.681	0.05	Adapter 507Hz	50	0.507	70.00	0.079
373.761	0.05	Adapter 507Hz	50	0.507	70.00	0.079
374.021	0.05	Adapter 507Hz	50	0.507	70.00	0.079
374.101	0.05	Adapter 507Hz	50	0.507	70.00	0.079
374.181	0.05	Adapter 507Hz	50	0.507	70.00	0.079
374.261	0.05	Adapter 507Hz	50	0.507	70.00	0.079
374.521	0.05	Adapter 507Hz	50	0.507	70.00	0.079
374.601	0.05	Adapter 507Hz	50	0.507	70.00	0.079
374.681	0.05	Adapter 507Hz	50	0.507	70.00	0.079
374.761	0.05	Adapter 507Hz	50	0.507	70.00	0.079
377.493	0.05	Adapter 3839Hz	51	3.839	70.00	0.437
377.573	0.05	Adapter 3839Hz	51	3.839	70.00	0.437
377.653	0.05	Adapter 3839Hz	51	3.839	70.00	0.437
377.733	0.05	Adapter 3839Hz	51	3.839	70.00	0.437
377.993	0.05	Adapter 3839Hz	51	3.839	70.00	0.437
378.073	0.05	Adapter 3839Hz	51	3.839	70.00	0.437
378.153	0.05	Adapter 3839Hz	51	3.839	70.00	0.437
378.233	0.05	Adapter 3839Hz	51	3.839	70.00	0.437
378.493	0.05	Adapter 3839Hz	51	3.839	70.00	0.437
378.573	0.05	Adapter 3839Hz	51	3.839	70.00	0.437
378.653	0.05	Adapter 3839Hz	51	3.839	70.00	0.437
378.733	0.05	Adapter 3839Hz	51	3.839	70.00	0.437
378.993	0.05	Adapter 3839Hz	51	3.839	70.00	0.437
379.073	0.05	Adapter 3839Hz	51	3.839	70.00	0.437
379.153	0.05	Adapter 3839Hz	51	3.839	70.00	0.437
379.233	0.05	Adapter 3839Hz	51	3.839	70.00	0.437
379.493	0.05	Adapter 3839Hz	51	3.839	70.00	0.437
379.573	0.05	Adapter 3839Hz	51	3.839	70.00	0.437
379.653	0.05	Adapter 3839Hz	51	3.839	70.00	0.437
379.733	0.05	Adapter 3839Hz	51	3.839	70.00	0.437
379.993	0.05	Adapter 3839Hz	51	3.839	70.00	0.437
380.073	0.05	Adapter 3839Hz	51	3.839	70.00	0.437
380.153	0.05	Adapter 3839Hz	51	3.839	70.00	0.437
380.233	0.05	Adapter 3839Hz	51	3.839	70.00	0.437
380.493	0.05	Adapter 3839Hz	51	3.839	70.00	0.437
380.573	0.05	Adapter 3839Hz	51	3.839	70.00	0.437
380.653	0.05	Adapter 3839Hz	51	3.839	70.00	0.437
380.733	0.05	Adapter 3839Hz	51	3.839	70.00	0.437
380.993	0.05	Adapter 3839Hz	51	3.839	70.00	0.437
381.073	0.05	Adapter 3839Hz	51	3.839	70.00	0.437
381.153	0.05	Adapter 3839Hz	51	3.839	70.00	0.437
381.233	0.05	Adapter 3839Hz	51	3.839	70.00	0.437
381.493	0.05	Adapter 3839Hz	51	3.839	70.00	0.437
381.573	0.05	Adapter 3839Hz	51	3.839	70.00	0.437
381.653	0.05	Adapter 3839Hz	51	3.839	70.00	0.437
381.733	0.05	Adapter 3839Hz	51	3.839	70.00	0.437
381.993	0.05	Adapter 3839Hz	51	3.839	70.00	0.437
382.073	0.05	Adapter 3839Hz	51	3.839	70.00	0.437
382.153	0.05	Adapter 3839Hz	51	3.839	70.00	0.437
382.233	0.05	Adapter 3839Hz	51	3.839	70.00	0.437
384.997	0.05	Adapter 899Hz	52	0.899	70.00	0.121
385.077	0.05	Adapter 899Hz	52	0.899	70.00	0.121
385.157	0.05	Adapter 899Hz	52	0.899	70.00	0.121
385.237	0.05	Adapter 899Hz	52	0.899	70.00	0.121
385.497	0.05	Adapter 899Hz	52	0.899	70.00	0.121
385.577	0.05	Adapter 899Hz	52	0.899	70.00	0.121
385.657	0.05	Adapter 899Hz	52	0.899	70.00	0.121
385.737	0.05	Adapter 899Hz	52	0.899	70.00	0.121
385.997	0.05	Adapter 899Hz	52	0.899	70.00	0.121
386.077	0.05	Adapter 899Hz	52	0.899	70.00	0.121
386.157	0.05	Adapter 899Hz	52	0.899	70.00	0.121
386.237	0.05	Adapter 899Hz	52	0.899	70.00	0.121
386.497	0.05	Adapter 899Hz	52	0.899	70.00	0.121
386.577	0.05	Adapter 899Hz	52	0.899	70.00	0.121
386.657	0.05	Adapter 899Hz	52	0.899	70.00	0.121
386.737	0.05	Adapter 899Hz	52	0.899	70.00	0.121
386.997	0.05	Adapter 899Hz	52	0.899	70.00	0.121
387.077	0.05	Adapter 899Hz	52	0.899	70.00	0.121
387.157	0.05	Adapter 899Hz	52	0.899	70.00	0.121
387.237	0.05	Adapter 899Hz	52	0.899	70.00	0.121
387.497	0.05	Adapter 899Hz	52	0.899	70.00	0.121
387.577	0.05	Adapter 899Hz	52	0.899	70.00	0.121
387.657	0.05	Adapter 899Hz	52	0.899	70.00	0.121
387.737	0.05	Adapter 899Hz	52	0.899	70.00	0.121
387.997	0.05	Adapter 899Hz	52	0.899	70.00	0.121
388.077	0.05	Adapter 899Hz	52	0.899	70.00	0.121
388.157	0.05	Adapter 899Hz	52	0.899	70.00	0.121
388.237	0.05	Adapter 899Hz	52	0.899	70.00	0.121
388.497	0.05	Adapter 899Hz	52	0.899	70.00	0.121
388.577	0.05	Adapter 899Hz	52	0.899	70.00	0.121
388.657	0.05	Adapter 899Hz	52	0.899	70.00	0.121
388.737	0.05	Adapter 899Hz	52	0.899	70.00	0.121
388.997	0.05	Adapter 899Hz	52	0.899	70.00	0.121
389.077	0.05	Adapter 899Hz	52	0.899	70.00	0.121
389.157	0.05	Adapter 899Hz	52	0.899	70.00	0.121
389.237	0.05	Adapter 899Hz	52	0.899	70.00	0.121
389.497	0.05	Adapter 899Hz	52	0.899	70.00	0.121
389.577	0.05	Adapter 899Hz	52	0.899	70.00	0.121
389.657	0.05	Adapter 899Hz	52	0.899	70.00	0.121
389.737	0.05	Adapter 899Hz	52	0.899	70.00	0.121
392.469	0.05	Adapter 507Hz Probe 3839Hz	53	0.507	70.00	0.079
392.549	0.05	Adapter 507Hz Probe 3839Hz	53	0.507	70.00	0.079
392.629	0.05	Adapter 507Hz Probe 3839Hz	53	0.507	70.00	0.079
392.709	0.05	Adapter 507Hz Probe 3839Hz	53	0.507	70.00	0.079
392.789	0.05	Adapter 507Hz Probe 3839Hz	53	3.839	70.00	0.437
392.969	0.05	Adapter 507Hz Probe 3839Hz	53	0.507	70.00	0.079
393.049	0.05	Adapter 507Hz Probe 3839Hz	53	0.507	70.00	0.079
393.129	0.05	Adapter 507Hz Probe 3839Hz	53	0.507	70.00	0.079
393.209	0.05	Adapter 507Hz Probe 3839Hz	53	0.507	70.00	0.079
393.289	0.05	Adapter 507Hz Probe 3839Hz	53	3.839	70.00	0.437
393.469	0.05	Adapter 507Hz Probe 3839Hz	53	0.507	70.00	0.079
393.549	0.05	Adapter 507Hz Probe 3839Hz	53	0.507	70.00	0.079
393.629	0.05	Adapter 507Hz Probe 3839Hz	53	0.507	70.00	0.079
393.709	0.05	Adapter 507Hz Probe 3839Hz	53	0.507	70.00	0.079
393.789	0.05	Adapter 507Hz Probe 3839Hz	53	3.839	70.00	0.437
393.969	0.05	Adapter 507Hz Probe 3839Hz	53	0.507	70.00	0.079
394.049	0.05	Adapter 507Hz Probe 3839Hz	53	0.507	70.00	0.079
394.129	0.05	Adapter 507Hz Probe 3839Hz	53	0.507	70.00	0.079
394.209	0.05	Adapter 507Hz Probe 3839Hz	53	0.507	70.00	0.079
394.289	0.05	Adapter 507Hz Probe 3839Hz	53	3.839	70.00	0.437
394.469	0.05	Adapter 507Hz Probe 3839Hz	53	0.507	70.00	0.079
394.549	0.05	Adapter 507Hz Probe 3839Hz	53	0.507	70.00	0.079
394.629	0.05	Adapter 507Hz Probe 3839Hz	53	0.507	70.00	0.079
394.709	0.05	Adapter 507Hz Probe 3839Hz	53	0.507	70.00	0.079
394.789	0.05	Adapter 507Hz Probe 3839Hz	53	3.839	70.00	0.437
394.969	0.05	Adapter 507Hz Probe 3839Hz	53	0.507	70.00	0.079
395.049	0.05	Adapter 507Hz Probe 3839Hz	53	0.507	70.00	0.079
395.129	0.05	Adapter 507Hz Probe 3839Hz	53	0.507	70.00	0.079
395.209	0.05	Adapter 507Hz Probe 3839Hz	53	0.507	70.00	0.079
395.289	0.05	Adapter 507Hz Probe 3839Hz	53	3.839	70.00	0.437
395.469	0.05	Adapter 507Hz Probe 3839Hz	53	0.507	70.00	0.079
395.549	0.05	Adapter 507Hz Probe 3839Hz	53	0.507	70.00	0.079
395.629	0.05	Adapter 507Hz Probe 3839Hz	53	0.507	70.00	0.079
395.709	0.05	Adapter 507Hz Probe 3839Hz	53	0.507	70.00	0.079
395.789	0.05	Adapter 507Hz Probe 3839Hz	53	3.839	70.00	0.437
395.969	0.05	Adapter 507Hz Probe 3839Hz	53	0.507	70.00	0.079
396.049	0.05	Adapter 507Hz Probe 3839Hz	53	0.507	70.00	0.079
396.129	0.05	Adapter 507Hz Probe 3839Hz	53	0.507	70.00	0.079
396.209	0.05	Adapter 507Hz Probe 3839Hz	53	0.507	70.00	0.079
396.289	0.05	Adapter 507Hz Probe 3839Hz	53	3.839	70.00	0.437
396.469	0.05	Adapter 507Hz Probe 3839Hz	53	0.507	70.00	0.079
396.549	0.05	Adapter 507Hz Probe 3839Hz	53	0.507	70.00	0.079
396.629	0.05	Adapter 507Hz Probe 3839Hz	53	0.507	70.00	0.079
396.709	0.05	Adapter 507Hz Probe 3839Hz	53	0.507	70.00	0.079
396.789	0.05	Adapter 507Hz Probe 3839Hz	53	3.839	70.00	0.437
396.969	0.05	Adapter 507Hz Probe 3839Hz	53	0.507	70.00	0.079
397.049	0.05	Adapter 507Hz Probe 3839Hz	53	0.507	70.00	0.079
397.129	0.05	Adapter 507Hz Probe 3839Hz	53	0.507	70.00	0.079
397.209	0.05	Adapter 507Hz Probe 3839Hz	53	0.507	70.00	0.079
397.289	0.05	Adapter 507Hz Probe 3839Hz	53	3.839	70.00	0.437
414.98	0.05	Adapter 2423Hz Probe 3839Hz	56	2.423	70.00	0.285
415.06	0.05	Adapter 2423Hz Probe 3839Hz	56	2.423	70.00	0.285
415.14	0.05	Adapter 2423Hz Probe 3839Hz	56	2.423	70.00	0.285
415.22	0.05	Adapter 2423Hz Probe 3839Hz	56	2.423	70.00	0.285
415.3	0.05	Adapter 2423Hz Probe 3839Hz	56	3.839	70.00	0.437
415.48	0.05	Adapter 2423Hz Probe 3839Hz	56	2.423	70.00	0.285
415.56	0.05	Adapter 2423Hz Probe 3839Hz	56	2.423	70.00	0.285
415.64	0.05	Adapter 2423Hz Probe 3839Hz	56	2.423	70.00	0.285
415.72	0.05	Adapter 2423Hz Probe 3839Hz	56	2.423	70.00	0.285
415.8	0.05	Adapter 2423Hz Probe 3839Hz	56	3.839	70.00	0.437
415.98	0.05	Adapter 2423Hz Probe 3839Hz	56	2.423	70.00	0.285
416.06	0.05	Adapter 2423Hz Probe 3839Hz	56	2.423	70.00	0.285
416.14	0.05	Adapter 2423Hz Probe 3839Hz	56	2.423	70.00	0.285
416.22	0.05	Adapter 2423Hz Probe 3839Hz	56	2.423	70.00	0.285
416.3	0.05	Adapter 2423Hz Probe 3839Hz	56	3.839	70.00	0.437
416.48	0.05	Adapter 2423Hz Probe 3839Hz	56	2.423	70.00	0.285
416.56	0.05	Adapter 2423Hz Probe 3839Hz	56	2.423	70.00	0.285
416.64	0.05	Adapter 2423Hz Probe 3839Hz	56	2.423	70.00	0.285
416.72	0.05	Adapter 2423Hz Probe 3839Hz	56	2.423	70.00	0.285
416.8	0.05	Adapter 2423Hz Probe 3839Hz	56	3.839	70.00	0.437
416.98	0.05	Adapter 2423Hz Probe 3839Hz	56	2.423	70.00	0.285
417.06	0.05	Adapter 2423Hz Probe 3839Hz	56	2.423	70.00	0.285
417.14	0.05	Adapter 2423Hz Probe 3839Hz	56	2.423	70.00	0.285
417.22	0.05	Adapter 2423Hz Probe 3839Hz	56	2.423	70.00	0.285
417.3	0.05	Adapter 2423Hz Probe 3839Hz	56	3.839	70.00	0.437
417.48	0.05	Adapter 2423Hz Probe 3839Hz	56	2.423	70.00	0.285
417.56	0.05	Adapter 2423Hz Probe 3839Hz	56	2.423	70.00	0.285
417.64	0.05	Adapter 2423Hz Probe 3839Hz	56	2.423	70.00	0.285
417.72	0.05	Adapter 2423Hz Probe 3839Hz	56	2.423	70.00	0.285
417.8	0.05	Adapter 2423Hz Probe 3839Hz	56	3.839	70.00	0.437
417.98	0.05	Adapter 2423Hz Probe 3839Hz	56	2.423	70.00	0.285
418.06	0.05	Adapter 2423Hz Probe 3839Hz	56	2.423	70.00	0.285
418.14	0.05	Adapter 2423Hz Probe 3839Hz	56	2.423	70.00	0.285
418.22	0.05	Adapter 2423Hz Probe 3839Hz	56	2.423	70.00	0.285
418.3	0.05	Adapter 2423Hz Probe 3839Hz	56	3.839	70.00	0.437
418.48	0.05	Adapter 2423Hz Probe 3839Hz	56	2.423	70.00	0.285
418.56	0.05	Adapter 2423Hz Probe 3839Hz	56	2.423	70.00	0.285
418.64	0.05	Adapter 2423Hz Probe 3839Hz	56	2.423	70.00	0.285
418.72	0.05	Adapter 2423Hz Probe 3839Hz	56	2.423	70.00	0.285
418.8	0.05	Adapter 2423Hz Probe 3839Hz	56	3.839	70.00	0.437
418.98	0.05	Adapter 2423Hz Probe 3839Hz	56	2.423	70.00	0.285
419.06	0.05	Adapter 2423Hz Probe 3839Hz	56	2.423	70.00	0.285
419.14	0.05	Adapter 2423Hz Probe 3839Hz	56	2.423	70.00	0.285
419.22	0.05	Adapter 2423Hz Probe 3839Hz	56	2.423	70.00	0.285
419.3	0.05	Adapter 2423Hz Probe 3839Hz	56	3.839	70.00	0.437
419.48	0.05	Adapter 2423Hz Probe 3839Hz	56	2.423	70.00	0.285
419.56	0.05	Adapter 2423Hz Probe 3839Hz	56	2.423	70.00	0.285
419.64	0.05	Adapter 2423Hz Probe 3839Hz	56	2.423	70.00	0.285
419.72	0.05	Adapter 2423Hz Probe 3839Hz	56	2.423	70.00	0.285
419.8	0.05	Adapter 2423Hz Probe 3839Hz	56	3.839	70.00	0.437
422.483	0.05	Adapter 251Hz	57	0.251	70.00	0.052
422.563	0.05	Adapter 251Hz	57	0.251	70.00	0.052
422.643	0.05	Adapter 251Hz	57	0.251	70.00	0.052
422.723	0.05	Adapter 251Hz	57	0.251	70.00	0.052
422.983	0.05	Adapter 251Hz	57	0.251	70.00	0.052
423.063	0.05	Adapter 251Hz	57	0.251	70.00	0.052
423.143	0.05	Adapter 251Hz	57	0.251	70.00	0.052
423.223	0.05	Adapter 251Hz	57	0.251	70.00	0.052
423.483	0.05	Adapter 251Hz	57	0.251	70.00	0.052
423.563	0.05	Adapter 251Hz	57	0.251	70.00	0.052
423.643	0.05	Adapter 251Hz	57	0.251	70.00	0.052
423.723	0.05	Adapter 251Hz	57	0.251	70.00	0.052
423.983	0.05	Adapter 251Hz	57	0.251	70.00	0.052
424.063	0.05	Adapter 251Hz	57	0.251	70.00	0.052
424.143	0.05	Adapter 251Hz	57	0.251	70.00	0.052
424.223	0.05	Adapter 251Hz	57	0.251	70.00	0.052
424.483	0.05	Adapter 251Hz	57	0.251	70.00	0.052
424.563	0.05	Adapter 251Hz	57	0.251	70.00	0.052
424.643	0.05	Adapter 251Hz	57	0.251	70.00	0.052
424.723	0.05	Adapter 251Hz	57	0.251	70.00	0.052
424.983	0.05	Adapter 251Hz	57	0.251	70.00	0.052
425.063	0.05	Adapter 251Hz	57	0.251	70.00	0.052
425.143	0.05	Adapter 251Hz	57	0.251	70.00	0.052
425.223	0.05	Adapter 251Hz	57	0.251	70.00	0.052
425.483	0.05	Adapter 251Hz	57	0.251	70.00	0.052
425.563	0.05	Adapter 251Hz	57	0.251	70.00	0.052
425.643	0.05	Adapter 251Hz	57	0.251	70.00	0.052
425.723	0.05	Adapter 251Hz	57	0.251	70.00	0.052
425.983	0.05	Adapter 251Hz	57	0.251	70.00	0.052
426.063	0.05	Adapter 251Hz	57	0.251	70.00	0.052
426.143	0.05	Adapter 251Hz	57	0.251	70.00	0.052
426.223	0.05	Adapter 251Hz	57	0.251	70.00	0.052
426.483	0.05	Adapter 251Hz	57	0.251	70.00	0.052
426.563	0.05	Adapter 251Hz	57	0.251	70.00	0.052
426.643	0.05	Adapter 251Hz	57	0.251	70.00	0.052
426.723	0.05	Adapter 251Hz	57	0.251	70.00	0.052
426.983	0.05	Adapter 251Hz	57	0.251	70.00	0.052
427.063	0.05	Adapter 251Hz	57	0.251	70.00	0.052
427.143	0.05	Adapter 251Hz	57	0.251	70.00	0.052
427.223	0.05	Adapter 251Hz	57	0.251	70.00	0.052
429.971	0.05	Adapter 899Hz Probe 3839Hz	58	0.899	70.00	0.121
430.051	0.05	Adapter 899Hz Probe 3839Hz	58	0.899	70.00	0.121
430.131	0.05	Adapter 899Hz Probe 3839Hz	58	0.899	70.00	0.121
430.211	0.05	Adapter 899Hz Probe 3839Hz	58	0.899	70.00	0.121
430.291	0.05	Adapter 899Hz Probe 3839Hz	58	3.839	70.00	0.437
430.471	0.05	Adapter 899Hz Probe 3839Hz	58	0.899	70.00	0.121
430.551	0.05	Adapter 899Hz Probe 3839Hz	58	0.899	70.00	0.121
430.631	0.05	Adapter 899Hz Probe 3839Hz	58	0.899	70.00	0.121
430.711	0.05	Adapter 899Hz Probe 3839Hz	58	0.899	70.00	0.121
430.791	0.05	Adapter 899Hz Probe 3839Hz	58	3.839	70.00	0.437
430.971	0.05	Adapter 899Hz Probe 3839Hz	58	0.899	70.00	0.121
431.051	0.05	Adapter 899Hz Probe 3839Hz	58	0.899	70.00	0.121
431.131	0.05	Adapter 899Hz Probe 3839Hz	58	0.899	70.00	0.121
431.211	0.05	Adapter 899Hz Probe 3839Hz	58	0.899	70.00	0.121
431.291	0.05	Adapter 899Hz Probe 3839Hz	58	3.839	70.00	0.437
431.471	0.05	Adapter 899Hz Probe 3839Hz	58	0.899	70.00	0.121
431.551	0.05	Adapter 899Hz Probe 3839Hz	58	0.899	70.00	0.121
431.631	0.05	Adapter 899Hz Probe 3839Hz	58	0.899	70.00	0.121
431.711	0.05	Adapter 899Hz Probe 3839Hz	58	0.899	70.00	0.121
431.791	0.05	Adapter 899Hz Probe 3839Hz	58	3.839	70.00	0.437
431.971	0.05	Adapter 899Hz Probe 3839Hz	58	0.899	70.00	0.121
432.051	0.05	Adapter 899Hz Probe 3839Hz	58	0.899	70.00	0.121
432.131	0.05	Adapter 899Hz Probe 3839Hz	58	0.899	70.00	0.121
432.211	0.05	Adapter 899Hz Probe 3839Hz	58	0.899	70.00	0.121
432.291	0.05	Adapter 899Hz Probe 3839Hz	58	3.839	70.00	0.437
432.471	0.05	Adapter 899Hz Probe 3839Hz	58	0.899	70.00	0.121
432.551	0.05	Adapter 899Hz Probe 3839Hz	58	0.899	70.00	0.121
432.631	0.05	Adapter 899Hz Probe 3839Hz	58	0.899	70.00	0.121
432.711	0.05	Adapter 899Hz Probe 3839Hz	58	0.899	70.00	0.121
432.791	0.05	Adapter 899Hz Probe 3839Hz	58	3.839	70.00	0.437
432.971	0.05	Adapter 899Hz Probe 3839Hz	58	0.899	70.00	0.121
433.051	0.05	Adapter 899Hz Probe 3839Hz	58	0.899	70.00	0.121
433.131	0.05	Adapter 899Hz Probe 3839Hz	58	0.899	70.00	0.121
433.211	0.05	Adapter 899Hz Probe 3839Hz	58	0.899	70.00	0.121
433.291	0.05	Adapter 899Hz Probe 3839Hz	58	3.839	70.00	0.437
433.471	0.05	Adapter 899Hz Probe 3839Hz	58	0.899	70.00	0.121
433.551	0.05	Adapter 899Hz Probe 3839Hz	58	0.899	70.00	0.121
433.631	0.05	Adapter 899Hz Probe 3839Hz	58	0.899	70.00	0.121
433.711	0.05	Adapter 899Hz Probe 3839Hz	58	0.899	70.00	0.121
433.791	0.05	Adapter 899Hz Probe 3839Hz	58	3.839	70.00	0.437
433.971	0.05	Adapter 899Hz Probe 3839Hz	58	0.899	70.00	0.121
434.051	0.05	Adapter 899Hz Probe 3839Hz	58	0.899	70.00	0.121
434.131	0.05	Adapter 899Hz Probe 3839Hz	58	0.899	70.00	0.121
434.211	0.05	Adapter 899Hz Probe 3839Hz	58	0.899	70.00	0.121
434.291	0.05	Adapter 899Hz Probe 3839Hz	58	3.839	70.00	0.437
434.471	0.05	Adapter 899Hz Probe 3839Hz	58	0.899	70.00	0.121
434.551	0.05	Adapter 899Hz Probe 3839Hz	58	0.899	70.00	0.121
434.631	0.05	Adapter 899Hz Probe 3839Hz	58	0.899	70.00	0.121
434.711	0.05	Adapter 899Hz Probe 3839Hz	58	0.899	70.00	0.121
434.791	0.05	Adapter 899Hz Probe 3839Hz	58	3.839	70.00	0.437
445.314	0.05	Probe 3839Hz	60	3.839	70.00	0.437
445.814	0.05	Probe 3839Hz	60	3.839	70.00	0.437
446.314	0.05	Probe 3839Hz	60	3.839	70.00	0.437
446.814	0.05	Probe 3839Hz	60	3.839	70.00	0.437
447.314	0.05	Probe 3839Hz	60	3.839	70.00	0.437
447.814	0.05	Probe 3839Hz	60	3.839	70.00	0.437
448.314	0.05	Probe 3839Hz	60	3.839	70.00	0.437
448.814	0.05	Probe 3839Hz	60	3.839	70.00	0.437
449.314	0.05	Probe 3839Hz	60	3.839	70.00	0.437
449.814	0.05	Probe 3839Hz	60	3.839	70.00	0.437
452.498	0.05	Adapter 6009Hz	61	6.009	70.00	0.671
452.578	0.05	Adapter 6009Hz	61	6.009	70.00	0.671
452.658	0.05	Adapter 6009Hz	61	6.009	70.00	0.671
452.738	0.05	Adapter 6009Hz	61	6.009	70.00	0.671
452.998	0.05	Adapter 6009Hz	61	6.009	70.00	0.671
453.078	0.05	Adapter 6009Hz	61	6.009	70.00	0.671
453.158	0.05	Adapter 6009Hz	61	6.009	70.00	0.671
453.238	0.05	Adapter 6009Hz	61	6.009	70.00	0.671
453.498	0.05	Adapter 6009Hz	61	6.009	70.00	0.671
453.578	0.05	Adapter 6009Hz	61	6.009	70.00	0.671
453.658	0.05	Adapter 6009Hz	61	6.009	70.00	0.671
453.738	0.05	Adapter 6009Hz	61	6.009	70.00	0.671
453.998	0.05	Adapter 6009Hz	61	6.009	70.00	0.671
454.078	0.05	Adapter 6009Hz	61	6.009	70.00	0.671
454.158	0.05	Adapter 6009Hz	61	6.009	70.00	0.671
454.238	0.05	Adapter 6009Hz	61	6.009	70.00	0.671
454.498	0.05	Adapter 6009Hz	61	6.009	70.00	0.671
454.578	0.05	Adapter 6009Hz	61	6.009	70.00	0.671
454.658	0.05	Adapter 6009Hz	61	6.009	70.00	0.671
454.738	0.05	Adapter 6009Hz	61	6.009	70.00	0.671
454.998	0.05	Adapter 6009Hz	61	6.009	70.00	0.671
455.078	0.05	Adapter 6009Hz	61	6.009	70.00	0.671
455.158	0.05	Adapter 6009Hz	61	6.009	70.00	0.671
455.238	0.05	Adapter 6009Hz	61	6.009	70.00	0.671
455.498	0.05	Adapter 6009Hz	61	6.009	70.00	0.671
455.578	0.05	Adapter 6009Hz	61	6.009	70.00	0.671
455.658	0.05	Adapter 6009Hz	61	6.009	70.00	0.671
455.738	0.05	Adapter 6009Hz	61	6.009	70.00	0.671
455.998	0.05	Adapter 6009Hz	61	6.009	70.00	0.671
456.078	0.05	Adapter 6009Hz	61	6.009	70.00	0.671
456.158	0.05	Adapter 6009Hz	61	6.009	70.00	0.671
456.238	0.05	Adapter 6009Hz	61	6.009	70.00	0.671
456.498	0.05	Adapter 6009Hz	61	6.009	70.00	0.671
456.578	0.05	Adapter 6009Hz	61	6.009	70.00	0.671
456.658	0.05	Adapter 6009Hz	61	6.009	70.00	0.671
456.738	0.05	Adapter 6009Hz	61	6.009	70.00	0.671
456.998	0.05	Adapter 6009Hz	61	6.009	70.00	0.671
457.078	0.05	Adapter 6009Hz	61	6.009	70.00	0.671
457.158	0.05	Adapter 6009Hz	61	6.009	70.00	0.671
457.238	0.05	Adapter 6009Hz	61	6.009	70.00	0.671
460.017	0.05	Adapter 1501Hz Probe 3839Hz	62	1.501	70.00	0.186
460.097	0.05	Adapter 1501Hz Probe 3839Hz	62	1.501	70.00	0.186
460.177	0.05	Adapter 1501Hz Probe 3839Hz	62	1.501	70.00	0.186
460.257	0.05	Adapter 1501Hz Probe 3839Hz	62	1.501	70.00	0.186
460.337	0.05	Adapter 1501Hz Probe 3839Hz	62	3.839	70.00	0.437
460.517	0.05	Adapter 1501Hz Probe 3839Hz	62	1.501	70.00	0.186
460.597	0.05	Adapter 1501Hz Probe 3839Hz	62	1.501	70.00	0.186
460.677	0.05	Adapter 1501Hz Probe 3839Hz	62	1.501	70.00	0.186
460.757	0.05	Adapter 1501Hz Probe 3839Hz	62	1.501	70.00	0.186
460.837	0.05	Adapter 1501Hz Probe 3839Hz	62	3.839	70.00	0.437
461.017	0.05	Adapter 1501Hz Probe 3839Hz	62	1.501	70.00	0.186
461.097	0.05	Adapter 1501Hz Probe 3839Hz	62	1.501	70.00	0.186
461.177	0.05	Adapter 1501Hz Probe 3839Hz	62	1.501	70.00	0.186
461.257	0.05	Adapter 1501Hz Probe 3839Hz	62	1.501	70.00	0.186
461.337	0.05	Adapter 1501Hz Probe 3839Hz	62	3.839	70.00	0.437
461.517	0.05	Adapter 1501Hz Probe 3839Hz	62	1.501	70.00	0.186
461.597	0.05	Adapter 1501Hz Probe 3839Hz	62	1.501	70.00	0.186
461.677	0.05	Adapter 1501Hz Probe 3839Hz	62	1.501	70.00	0.186
461.757	0.05	Adapter 1501Hz Probe 3839Hz	62	1.501	70.00	0.186
461.837	0.05	Adapter 1501Hz Probe 3839Hz	62	3.839	70.00	0.437
462.017	0.05	Adapter 1501Hz Probe 3839Hz	62	1.501	70.00	0.186
462.097	0.05	Adapter 1501Hz Probe 3839Hz	62	1.501	70.00	0.186
462.177	0.05	Adapter 1501Hz Probe 3839Hz	62	1.501	70.00	0.186
462.257	0.05	Adapter 1501Hz Probe 3839Hz	62	1.501	70.00	0.186
462.337	0.05	Adapter 1501Hz Probe 3839Hz	62	3.839	70.00	0.437
462.517	0.05	Adapter 1501Hz Probe 3839Hz	62	1.501	70.00	0.186
462.597	0.05	Adapter 1501Hz Probe 3839Hz	62	1.501	70.00	0.186
462.677	0.05	Adapter 1501Hz Probe 3839Hz	62	1.501	70.00	0.186
462.757	0.05	Adapter 1501Hz Probe 3839Hz	62	1.501	70.00	0.186
462.837	0.05	Adapter 1501Hz Probe 3839Hz	62	3.839	70.00	0.437
463.017	0.05	Adapter 1501Hz Probe 3839Hz	62	1.501	70.00	0.186
463.097	0.05	Adapter 1501Hz Probe 3839Hz	62	1.501	70.00	0.186
463.177	0.05	Adapter 1501Hz Probe 3839Hz	62	1.501	70.00	0.186
463.257	0.05	Adapter 1501Hz Probe 3839Hz	62	1.501	70.00	0.186
463.337	0.05	Adapter 1501Hz Probe 3839Hz	62	3.839	70.00	0.437
463.517	0.05	Adapter 1501Hz Probe 3839Hz	62	1.501	70.00	0.186
463.597	0.05	Adapter 1501Hz Probe 3839Hz	62	1.501	70.00	0.186
463.677	0.05	Adapter 1501Hz Probe 3839Hz	62	1.501	70.00	0.186
463.757	0.05	Adapter 1501Hz Probe 3839Hz	62	1.501	70.00	0.186
463.837	0.05	Adapter 1501Hz Probe 3839Hz	62	3.839	70.00	0.437
464.017	0.05	Adapter 1501Hz Probe 3839Hz	62	1.501	70.00	0.186
464.097	0.05	Adapter 1501Hz Probe 3839Hz	62	1.501	70.00	0.186
464.177	0.05	Adapter 1501Hz Probe 3839Hz	62	1.501	70.00	0.186
464.257	0.05	Adapter 1501Hz Probe 3839Hz	62	1.501	70.00	0.186
464.337	0.05	Adapter 1501Hz Probe 3839Hz	62	3.839	70.00	0.437
464.517	0.05	Adapter 1501Hz Probe 3839Hz	62	1.501	70.00	0.186
464.597	0.05	Adapter 1501Hz Probe 3839Hz	62	1.501	70.00	0.186
464.677	0.05	Adapter 1501Hz Probe 3839Hz	62	1.501	70.00	0.186
464.757	0.05	Adapter 1501Hz Probe 3839Hz	62	1.501	70.00	0.186
464.837	0.05	Adapter 1501Hz Probe 3839Hz	62	3.839	70.00	0.437
467.49	0.05	Adapter 2423Hz	63	2.423	70.00	0.285
467.57	0.05	Adapter 2423Hz	63	2.423	70.00	0.285
467.65	0.05	Adapter 2423Hz	63	2.423	70.00	0.285
467.73	0.05	Adapter 2423Hz	63	2.423	70.00	0.285
467.99	0.05	Adapter 2423Hz	63	2.423	70.00	0.285
468.07	0.05	Adapter 2423Hz	63	2.423	70.00	0.285
468.15	0.05	Adapter 2423Hz	63	2.423	70.00	0.285
468.23	0.05	Adapter 2423Hz	63	2.423	70.00	0.285
468.49	0.05	Adapter 2423Hz	63	2.423	70.00	0.285
468.57	0.05	Adapter 2423Hz	63	2.423	70.00	0.285
468.65	0.05	Adapter 2423Hz	63	2.423	70.00	0.285
468.73	0.05	Adapter 2423Hz	63	2.423	70.00	0.285
468.99	0.05	Adapter 2423Hz	63	2.423	70.00	0.285
469.07	0.05	Adapter 2423Hz	63	2.423	70.00	0.285
469.15	0.05	Adapter 2423Hz	63	2.423	70.00	0.285
469.23	0.05	Adapter 2423Hz	63	2.423	70.00	0.285
469.49	0.05	Adapter 2423Hz	63	2.423	70.00	0.285
469.57	0.05	Adapter 2423Hz	63	2.423	70.00	0.285
469.65	0.05	Adapter 2423Hz	63	2.423	70.00	0.285
469.73	0.05	Adapter 2423Hz	63	2.423	70.00	0.285
469.99	0.05	Adapter 2423Hz	63	2.423	70.00	0.285
470.07	0.05	Adapter 2423Hz	63	2.423	70.00	0.285
470.15	0.05	Adapter 2423Hz	63	2.423	70.00	0.285
470.23	0.05	Adapter 2423Hz	63	2.423	70.00	0.285
470.49	0.05	Adapter 2423Hz	63	2.423	70.00	0.285
470.57	0.05	Adapter 2423Hz	63	2.423	70.00	0.285
470.65	0.05	Adapter 2423Hz	63	2.423	70.00	0.285
470.73	0.05	Adapter 2423Hz	63	2.423	70.00	0.285
470.99	0.05	Adapter 2423Hz	63	2.423	70.00	0.285
471.07	0.05	Adapter 2423Hz	63	2.423	70.00	0.285
471.15	0.05	Adapter 2423Hz	63	2.423	70.00	0.285
471.23	0.05	Adapter 2423Hz	63	2.423	70.00	0.285
471.49	0.05	Adapter 2423Hz	63	2.423	70.00	0.285
471.57	0.05	Adapter 2423Hz	63	2.423	70.00	0.285
471.65	0.05	Adapter 2423Hz	63	2.423	70.00	0.285
471.73	0.05	Adapter 2423Hz	63	2.423	70.00	0.285
471.99	0.05	Adapter 2423Hz	63	2.423	70.00	0.285
472.07	0.05	Adapter 2423Hz	63	2.423	70.00	0.285
472.15	0.05	Adapter 2423Hz	63	2.423	70.00	0.285
472.23	0.05	Adapter 2423Hz	63	2.423	70.00	0.285
475.024	0.05	Adapter 3839Hz Probe 3839Hz	64	3.839	70.00	0.437
475.104	0.05	Adapter 3839Hz Probe 3839Hz	64	3.839	70.00	0.437
475.184	0.05	Adapter 3839Hz Probe 3839Hz	64	3.839	70.00	0.437
475.264	0.05	Adapter 3839Hz Probe 3839Hz	64	3.839	70.00	0.437
475.344	0.05	Adapter 3839Hz Probe 3839Hz	64	3.839	70.00	0.437
475.524	0.05	Adapter 3839Hz Probe 3839Hz	64	3.839	70.00	0.437
475.604	0.05	Adapter 3839Hz Probe 3839Hz	64	3.839	70.00	0.437
475.684	0.05	Adapter 3839Hz Probe 3839Hz	64	3.839	70.00	0.437
475.764	0.05	Adapter 3839Hz Probe 3839Hz	64	3.839	70.00	0.437
475.844	0.05	Adapter 3839Hz Probe 3839Hz	64	3.839	70.00	0.437
476.024	0.05	Adapter 3839Hz Probe 3839Hz	64	3.839	70.00	0.437
476.104	0.05	Adapter 3839Hz Probe 3839Hz	64	3.839	70.00	0.437
476.184	0.05	Adapter 3839Hz Probe 3839Hz	64	3.839	70.00	0.437
476.264	0.05	Adapter 3839Hz Probe 3839Hz	64	3.839	70.00	0.437
476.344	0.05	Adapter 3839Hz Probe 3839Hz	64	3.839	70.00	0.437
476.524	0.05	Adapter 3839Hz Probe 3839Hz	64	3.839	70.00	0.437
476.604	0.05	Adapter 3839Hz Probe 3839Hz	64	3.839	70.00	0.437
476.684	0.05	Adapter 3839Hz Probe 3839Hz	64	3.839	70.00	0.437
476.764	0.05	Adapter 3839Hz Probe 3839Hz	64	3.839	70.00	0.437
476.844	0.05	Adapter 3839Hz Probe 3839Hz	64	3.839	70.00	0.437
477.024	0.05	Adapter 3839Hz Probe 3839Hz	64	3.839	70.00	0.437
477.104	0.05	Adapter 3839Hz Probe 3839Hz	64	3.839	70.00	0.437
477.184	0.05	Adapter 3839Hz Probe 3839Hz	64	3.839	70.00	0.437
477.264	0.05	Adapter 3839Hz Probe 3839Hz	64	3.839	70.00	0.437
477.344	0.05	Adapter 3839Hz Probe 3839Hz	64	3.839	70.00	0.437
477.524	0.05	Adapter 3839Hz Probe 3839Hz	64	3.839	70.00	0.437
477.604	0.05	Adapter 3839Hz Probe 3839Hz	64	3.839	70.00	0.437
477.684	0.05	Adapter 3839Hz Probe 3839Hz	64	3.839	70.00	0.437
477.764	0.05	Adapter 3839Hz Probe 3839Hz	64	3.839	70.00	0.437
477.844	0.05	Adapter 3839Hz Probe 3839Hz	64	3.839	70.00	0.437
478.024	0.05	Adapter 3839Hz Probe 3839Hz	64	3.839	70.00	0.437
478.104	0.05	Adapter 3839Hz Probe 3839Hz	64	3.839	70.00	0.437
478.184	0.05	Adapter 3839Hz Probe 3839Hz	64	3.839	70.00	0.437
478.264	0.05	Adapter 3839Hz Probe 3839Hz	64	3.839	70.00	0.437
478.344	0.05	Adapter 3839Hz Probe 3839Hz	64	3.839	70.00	0.437
478.524	0.05	Adapter 3839Hz Probe 3839Hz	64	3.839	70.00	0.437
478.604	0.05	Adapter 3839Hz Probe 3839Hz	64	3.839	70.00	0.437
478.684	0.05	Adapter 3839Hz Probe 3839Hz	64	3.839	70.00	0.437
478.764	0.05	Adapter 3839Hz Probe 3839Hz	64	3.839	70.00	0.437
478.844	0.05	Adapter 3839Hz Probe 3839Hz	64	3.839	70.00	0.437
479.024	0.05	Adapter 3839Hz Probe 3839Hz	64	3.839	70.00	0.437
479.104	0.05	Adapter 3839Hz Probe 3839Hz	64	3.839	70.00	0.437
479.184	0.05	Adapter 3839Hz Probe 3839Hz	64	3.839	70.00	0.437
479.264	0.05	Adapter 3839Hz Probe 3839Hz	64	3.839	70.00	0.437
479.344	0.05	Adapter 3839Hz Probe 3839Hz	64	3.839	70.00	0.437
479.524	0.05	Adapter 3839Hz Probe 3839Hz	64	3.839	70.00	0.437
479.604	0.05	Adapter 3839Hz Probe 3839Hz	64	3.839	70.00	0.437
479.684	0.05	Adapter 3839Hz Probe 3839Hz	64	3.839	70.00	0.437
479.764	0.05	Adapter 3839Hz Probe 3839Hz	64	3.839	70.00	0.437
479.844	0.05	Adapter 3839Hz Probe 3839Hz	64	3.839	70.00	0.437
