onset	duration	trial_type	scan	frequency_kHz	level_dB_SPL	bandwidth_kHz
10.004	0.05	Adapter 251Hz	2	0.251	70.00	0.052
10.084	0.05	Adapter 251Hz	2	0.251	70.00	0.052
10.164	0.05	Adapter 251Hz	2	0.251	70.00	0.052
10.244	0.05	Adapter 251Hz	2	0.251	70.00	0.052
10.504	0.05	Adapter 251Hz	2	0.251	70.00	0.052
10.584	0.05	Adapter 251Hz	2	0.251	70.00	0.052
10.664	0.05	Adapter 251Hz	2	0.251	70.00	0.052
10.744	0.05	Adapter 251Hz	2	0.251	70.00	0.052
11.004	0.05	Adapter 251Hz	2	0.251	70.00	0.052
11.084	0.05	Adapter 251Hz	2	0.251	70.00	0.052
11.164	0.05	Adapter 251Hz	2	0.251	70.00	0.052
11.244	0.05	Adapter 251Hz	2	0.251	70.00	0.052
11.504	0.05	Adapter 251Hz	2	0.251	70.00	0.052
11.584	0.05	Adapter 251Hz	2	0.251	70.00	0.052
11.664	0.05	Adapter 251Hz	2	0.251	70.00	0.052
11.744	0.05	Adapter 251Hz	2	0.251	70.00	0.052
12.004	0.05	Adapter 251Hz	2	0.251	70.00	0.052
12.084	0.05	Adapter 251Hz	2	0.251	70.00	0.052
12.164	0.05	Adapter 251Hz	2	0.251	70.00	0.052
12.244	0.05	Adapter 251Hz	2	0.251	70.00	0.052
12.504	0.05	Adapter 251Hz	2	0.251	70.00	0.052
12.584	0.05	Adapter 251Hz	2	0.251	70.00	0.052
12.664	0.05	Adapter 251Hz	2	0.251	70.00	0.052
12.744	0.05	Adapter 251Hz	2	0.251	70.00	0.052
13.004	0.05	Adapter 251Hz	2	0.251	70.00	0.052
13.084	0.05	Adapter 251Hz	2	0.251	70.00	0.052
13.164	0.05	Adapter 251Hz	2	0.251	70.00	0.052
13.244	0.05	Adapter 251Hz	2	0.251	70.00	0.052
13.504	0.05	Adapter 251Hz	2	0.251	70.00	0.052
13.584	0.05	Adapter 251Hz	2	0.251	70.00	0.052
13.664	0.05	Adapter 251Hz	2	0.251	70.00	0.052
13.744	0.05	Adapter 251Hz	2	0.251	70.00	0.052
14.004	0.05	Adapter 251Hz	2	0.251	70.00	0.052
14.084	0.05	Adapter 251Hz	2	0.251	70.00	0.052
14.164	0.05	Adapter 251Hz	2	0.251	70.00	0.052
14.244	0.05	Adapter 251Hz	2	0.251	70.00	0.052
14.504	0.05	Adapter 251Hz	2	0.251	70.00	0.052
14.584	0.05	Adapter 251Hz	2	0.251	70.00	0.052
14.664	0.05	Adapter 251Hz	2	0.251	70.00	0.052
14.744	0.05	Adapter 251Hz	2	0.251	70.00	0.052
24.964	0.05	Adapter 1501Hz	4	1.501	70.00	0.186
25.044	0.05	Adapter 1501Hz	4	1.501	70.00	0.186
25.124	0.05	Adapter 1501Hz	4	1.501	70.00	0.186
25.204	0.05	Adapter 1501Hz	4	1.501	70.00	0.186
25.464	0.05	Adapter 1501Hz	4	1.501	70.00	0.186
25.544	0.05	Adapter 1501Hz	4	1.501	70.00	0.186
25.624	0.05	Adapter 1501Hz	4	1.501	70.00	0.186
25.704	0.05	Adapter 1501Hz	4	1.501	70.00	0.186
25.964	0.05	Adapter 1501Hz	4	1.501	70.00	0.186
26.044	0.05	Adapter 1501Hz	4	1.501	70.00	0.186
26.124	0.05	Adapter 1501Hz	4	1.501	70.00	0.186
26.204	0.05	Adapter 1501Hz	4	1.501	70.00	0.186
26.464	0.05	Adapter 1501Hz	4	1.501	70.00	0.186
26.544	0.05	Adapter 1501Hz	4	1.501	70.00	0.186
26.624	0.05	Adapter 1501Hz	4	1.501	70.00	0.186
26.704	0.05	Adapter 1501Hz	4	1.501	70.00	0.186
26.964	0.05	Adapter 1501Hz	4	1.501	70.00	0.186
27.044	0.05	Adapter 1501Hz	4	1.501	70.00	0.186
27.124	0.05	Adapter 1501Hz	4	1.501	70.00	0.186
27.204	0.05	Adapter 1501Hz	4	1.501	70.00	0.186
27.464	0.05	Adapter 1501Hz	4	1.501	70.00	0.186
27.544	0.05	Adapter 1501Hz	4	1.501	70.00	0.186
27.624	0.05	Adapter 1501Hz	4	1.501	70.00	0.186
27.704	0.05	Adapter 1501Hz	4	1.501	70.00	0.186
27.964	0.05	Adapter 1501Hz	4	1.501	70.00	0.186
28.044	0.05	Adapter 1501Hz	4	1.501	70.00	0.186
28.124	0.05	Adapter 1501Hz	4	1.501	70.00	0.186
28.204	0.05	Adapter 1501Hz	4	1.501	70.00	0.186
28.464	0.05	Adapter 1501Hz	4	1.501	70.00	0.186
28.544	0.05	Adapter 1501Hz	4	1.501	70.00	0.186
28.624	0.05	Adapter 1501Hz	4	1.501	70.00	0.186
28.704	0.05	Adapter 1501Hz	4	1.501	70.00	0.186
28.964	0.05	Adapter 1501Hz	4	1.501	70.00	0.186
29.044	0.05	Adapter 1501Hz	4	1.501	70.00	0.186
29.124	0.05	Adapter 1501Hz	4	1.501	70.00	0.186
29.204	0.05	Adapter 1501Hz	4	1.501	70.00	0.186
29.464	0.05	Adapter 1501Hz	4	1.501	70.00	0.186
29.544	0.05	Adapter 1501Hz	4	1.501	70.00	0.186
29.624	0.05	Adapter 1501Hz	4	1.501	70.00	0.186
29.704	0.05	Adapter 1501Hz	4	1.501	70.00	0.186
32.484	0.05	Adapter 3839Hz	5	3.839	70.00	0.437
32.564	0.05	Adapter 3839Hz	5	3.839	70.00	0.437
32.644	0.05	Adapter 3839Hz	5	3.839	70.00	0.437
32.724	0.05	Adapter 3839Hz	5	3.839	70.00	0.437
32.984	0.05	Adapter 3839Hz	5	3.839	70.00	0.437
33.064	0.05	Adapter 3839Hz	5	3.839	70.00	0.437
33.144	0.05	Adapter 3839Hz	5	3.839	70.00	0.437
33.224	0.05	Adapter 3839Hz	5	3.839	70.00	0.437
33.484	0.05	Adapter 3839Hz	5	3.839	70.00	0.437
33.564	0.05	Adapter 3839Hz	5	3.839	70.00	0.437
33.644	0.05	Adapter 3839Hz	5	3.839	70.00	0.437
33.724	0.05	Adapter 3839Hz	5	3.839	70.00	0.437
33.984	0.05	Adapter 3839Hz	5	3.839	70.00	0.437
34.064	0.05	Adapter 3839Hz	5	3.839	70.00	0.437
34.144	0.05	Adapter 3839Hz	5	3.839	70.00	0.437
34.224	0.05	Adapter 3839Hz	5	3.839	70.00	0.437
34.484	0.05	Adapter 3839Hz	5	3.839	70.00	0.437
34.564	0.05	Adapter 3839Hz	5	3.839	70.00	0.437
34.644	0.05	Adapter 3839Hz	5	3.839	70.00	0.437
34.724	0.05	Adapter 3839Hz	5	3.839	70.00	0.437
34.984	0.05	Adapter 3839Hz	5	3.839	70.00	0.437
35.064	0.05	Adapter 3839Hz	5	3.839	70.00	0.437
35.144	0.05	Adapter 3839Hz	5	3.839	70.00	0.437
35.224	0.05	Adapter 3839Hz	5	3.839	70.00	0.437
35.484	0.05	Adapter 3839Hz	5	3.839	70.00	0.437
35.564	0.05	Adapter 3839Hz	5	3.839	70.00	0.437
35.644	0.05	Adapter 3839Hz	5	3.839	70.00	0.437
35.724	0.05	Adapter 3839Hz	5	3.839	70.00	0.437
35.984	0.05	Adapter 3839Hz	5	3.839	70.00	0.437
36.064	0.05	Adapter 3839Hz	5	3.839	70.00	0.437
36.144	0.05	Adapter 3839Hz	5	3.839	70.00	0.437
36.224	0.05	Adapter 3839Hz	5	3.839	70.00	0.437
36.484	0.05	Adapter 3839Hz	5	3.839	70.00	0.437
36.564	0.05	Adapter 3839Hz	5	3.839	70.00	0.437
36.644	0.05	Adapter 3839Hz	5	3.839	70.00	0.437
36.724	0.05	Adapter 3839Hz	5	3.839	70.00	0.437
36.984	0.05	Adapter 3839Hz	5	3.839	70.00	0.437
37.064	0.05	Adapter 3839Hz	5	3.839	70.00	0.437
37.144	0.05	Adapter 3839Hz	5	3.839	70.00	0.437
37.224	0.05	Adapter 3839Hz	5	3.839	70.00	0.437
39.956	0.05	Adapter 6009Hz	6	6.009	70.00	0.671
40.036	0.05	Adapter 6009Hz	6	6.009	70.00	0.671
40.116	0.05	Adapter 6009Hz	6	6.009	70.00	0.671
40.196	0.05	Adapter 6009Hz	6	6.009	70.00	0.671
40.456	0.05	Adapter 6009Hz	6	6.009	70.00	0.671
40.536	0.05	Adapter 6009Hz	6	6.009	70.00	0.671
40.616	0.05	Adapter 6009Hz	6	6.009	70.00	0.671
40.696	0.05	Adapter 6009Hz	6	6.009	70.00	0.671
40.956	0.05	Adapter 6009Hz	6	6.009	70.00	0.671
41.036	0.05	Adapter 6009Hz	6	6.009	70.00	0.671
41.116	0.05	Adapter 6009Hz	6	6.009	70.00	0.671
41.196	0.05	Adapter 6009Hz	6	6.009	70.00	0.671
41.456	0.05	Adapter 6009Hz	6	6.009	70.00	0.671
41.536	0.05	Adapter 6009Hz	6	6.009	70.00	0.671
41.616	0.05	Adapter 6009Hz	6	6.009	70.00	0.671
41.696	0.05	Adapter 6009Hz	6	6.009	70.00	0.671
41.956	0.05	Adapter 6009Hz	6	6.009	70.00	0.671
42.036	0.05	Adapter 6009Hz	6	6.009	70.00	0.671
42.116	0.05	Adapter 6009Hz	6	6.009	70.00	0.671
42.196	0.05	Adapter 6009Hz	6	6.009	70.00	0.671
42.456	0.05	Adapter 6009Hz	6	6.009	70.00	0.671
42.536	0.05	Adapter 6009Hz	6	6.009	70.00	0.671
42.616	0.05	Adapter 6009Hz	6	6.009	70.00	0.671
42.696	0.05	Adapter 6009Hz	6	6.009	70.00	0.671
42.956	0.05	Adapter 6009Hz	6	6.009	70.00	0.671
43.036	0.05	Adapter 6009Hz	6	6.009	70.00	0.671
43.116	0.05	Adapter 6009Hz	6	6.009	70.00	0.671
43.196	0.05	Adapter 6009Hz	6	6.009	70.00	0.671
43.456	0.05	Adapter 6009Hz	6	6.009	70.00	0.671
43.536	0.05	Adapter 6009Hz	6	6.009	70.00	0.671
43.616	0.05	Adapter 6009Hz	6	6.009	70.00	0.671
43.696	0.05	Adapter 6009Hz	6	6.009	70.00	0.671
43.956	0.05	Adapter 6009Hz	6	6.009	70.00	0.671
44.036	0.05	Adapter 6009Hz	6	6.009	70.00	0.671
44.116	0.05	Adapter 6009Hz	6	6.009	70.00	0.671
44.196	0.05	Adapter 6009Hz	6	6.009	70.00	0.671
44.456	0.05	Adapter 6009Hz	6	6.009	70.00	0.671
44.536	0.05	Adapter 6009Hz	6	6.009	70.00	0.671
44.616	0.05	Adapter 6009Hz	6	6.009	70.00	0.671
44.696	0.05	Adapter 6009Hz	6	6.009	70.00	0.671
54.963	0.05	Adapter 507Hz	8	0.507	70.00	0.079
55.043	0.05	Adapter 507Hz	8	0.507	70.00	0.079
55.123	0.05	Adapter 507Hz	8	0.507	70.00	0.079
55.203	0.05	Adapter 507Hz	8	0.507	70.00	0.079
55.463	0.05	Adapter 507Hz	8	0.507	70.00	0.079
55.543	0.05	Adapter 507Hz	8	0.507	70.00	0.079
55.623	0.05	Adapter 507Hz	8	0.507	70.00	0.079
55.703	0.05	Adapter 507Hz	8	0.507	70.00	0.079
55.963	0.05	Adapter 507Hz	8	0.507	70.00	0.079
56.043	0.05	Adapter 507Hz	8	0.507	70.00	0.079
56.123	0.05	Adapter 507Hz	8	0.507	70.00	0.079
56.203	0.05	Adapter 507Hz	8	0.507	70.00	0.079
56.463	0.05	Adapter 507Hz	8	0.507	70.00	0.079
56.543	0.05	Adapter 507Hz	8	0.507	70.00	0.079
56.623	0.05	Adapter 507Hz	8	0.507	70.00	0.079
56.703	0.05	Adapter 507Hz	8	0.507	70.00	0.079
56.963	0.05	Adapter 507Hz	8	0.507	70.00	0.079
57.043	0.05	Adapter 507Hz	8	0.507	70.00	0.079
57.123	0.05	Adapter 507Hz	8	0.507	70.00	0.079
57.203	0.05	Adapter 507Hz	8	0.507	70.00	0.079
57.463	0.05	Adapter 507Hz	8	0.507	70.00	0.079
57.543	0.05	Adapter 507Hz	8	0.507	70.00	0.079
57.623	0.05	Adapter 507Hz	8	0.507	70.00	0.079
57.703	0.05	Adapter 507Hz	8	0.507	70.00	0.079
57.963	0.05	Adapter 507Hz	8	0.507	70.00	0.079
58.043	0.05	Adapter 507Hz	8	0.507	70.00	0.079
58.123	0.05	Adapter 507Hz	8	0.507	70.00	0.079
58.203	0.05	Adapter 507Hz	8	0.507	70.00	0.079
58.463	0.05	Adapter 507Hz	8	0.507	70.00	0.079
58.543	0.05	Adapter 507Hz	8	0.507	70.00	0.079
58.623	0.05	Adapter 507Hz	8	0.507	70.00	0.079
58.703	0.05	Adapter 507Hz	8	0.507	70.00	0.079
58.963	0.05	Adapter 507Hz	8	0.507	70.00	0.079
59.043	0.05	Adapter 507Hz	8	0.507	70.00	0.079
59.123	0.05	Adapter 507Hz	8	0.507	70.00	0.079
59.203	0.05	Adapter 507Hz	8	0.507	70.00	0.079
59.463	0.05	Adapter 507Hz	8	0.507	70.00	0.079
59.543	0.05	Adapter 507Hz	8	0.507	70.00	0.079
59.623	0.05	Adapter 507Hz	8	0.507	70.00	0.079
59.703	0.05	Adapter 507Hz	8	0.507	70.00	0.079
62.482	0.05	Adapter 899Hz	9	0.899	70.00	0.121
62.562	0.05	Adapter 899Hz	9	0.899	70.00	0.121
62.642	0.05	Adapter 899Hz	9	0.899	70.00	0.121
62.722	0.05	Adapter 899Hz	9	0.899	70.00	0.121
62.982	0.05	Adapter 899Hz	9	0.899	70.00	0.121
63.062	0.05	Adapter 899Hz	9	0.899	70.00	0.121
63.142	0.05	Adapter 899Hz	9	0.899	70.00	0.121
63.222	0.05	Adapter 899Hz	9	0.899	70.00	0.121
63.482	0.05	Adapter 899Hz	9	0.899	70.00	0.121
63.562	0.05	Adapter 899Hz	9	0.899	70.00	0.121
63.642	0.05	Adapter 899Hz	9	0.899	70.00	0.121
63.722	0.05	Adapter 899Hz	9	0.899	70.00	0.121
63.982	0.05	Adapter 899Hz	9	0.899	70.00	0.121
64.062	0.05	Adapter 899Hz	9	0.899	70.00	0.121
64.142	0.05	Adapter 899Hz	9	0.899	70.00	0.121
64.222	0.05	Adapter 899Hz	9	0.899	70.00	0.121
64.482	0.05	Adapter 899Hz	9	0.899	70.00	0.121
64.562	0.05	Adapter 899Hz	9	0.899	70.00	0.121
64.642	0.05	Adapter 899Hz	9	0.899	70.00	0.121
64.722	0.05	Adapter 899Hz	9	0.899	70.00	0.121
64.982	0.05	Adapter 899Hz	9	0.899	70.00	0.121
65.062	0.05	Adapter 899Hz	9	0.899	70.00	0.121
65.142	0.05	Adapter 899Hz	9	0.899	70.00	0.121
65.222	0.05	Adapter 899Hz	9	0.899	70.00	0.121
65.482	0.05	Adapter 899Hz	9	0.899	70.00	0.121
65.562	0.05	Adapter 899Hz	9	0.899	70.00	0.121
65.642	0.05	Adapter 899Hz	9	0.899	70.00	0.121
65.722	0.05	Adapter 899Hz	9	0.899	70.00	0.121
65.982	0.05	Adapter 899Hz	9	0.899	70.00	0.121
66.062	0.05	Adapter 899Hz	9	0.899	70.00	0.121
66.142	0.05	Adapter 899Hz	9	0.899	70.00	0.121
66.222	0.05	Adapter 899Hz	9	0.899	70.00	0.121
66.482	0.05	Adapter 899Hz	9	0.899	70.00	0.121
66.562	0.05	Adapter 899Hz	9	0.899	70.00	0.121
66.642	0.05	Adapter 899Hz	9	0.899	70.00	0.121
66.722	0.05	Adapter 899Hz	9	0.899	70.00	0.121
66.982	0.05	Adapter 899Hz	9	0.899	70.00	0.121
67.062	0.05	Adapter 899Hz	9	0.899	70.00	0.121
67.142	0.05	Adapter 899Hz	9	0.899	70.00	0.121
67.222	0.05	Adapter 899Hz	9	0.899	70.00	0.121
69.986	0.05	Adapter 899Hz Probe 3839Hz	10	0.899	70.00	0.121
70.066	0.05	Adapter 899Hz Probe 3839Hz	10	0.899	70.00	0.121
70.146	0.05	Adapter 899Hz Probe 3839Hz	10	0.899	70.00	0.121
70.226	0.05	Adapter 899Hz Probe 3839Hz	10	0.899	70.00	0.121
70.306	0.05	Adapter 899Hz Probe 3839Hz	10	3.839	70.00	0.437
70.486	0.05	Adapter 899Hz Probe 3839Hz	10	0.899	70.00	0.121
70.566	0.05	Adapter 899Hz Probe 3839Hz	10	0.899	70.00	0.121
70.646	0.05	Adapter 899Hz Probe 3839Hz	10	0.899	70.00	0.121
70.726	0.05	Adapter 899Hz Probe 3839Hz	10	0.899	70.00	0.121
70.806	0.05	Adapter 899Hz Probe 3839Hz	10	3.839	70.00	0.437
70.986	0.05	Adapter 899Hz Probe 3839Hz	10	0.899	70.00	0.121
71.066	0.05	Adapter 899Hz Probe 3839Hz	10	0.899	70.00	0.121
71.146	0.05	Adapter 899Hz Probe 3839Hz	10	0.899	70.00	0.121
71.226	0.05	Adapter 899Hz Probe 3839Hz	10	0.899	70.00	0.121
71.306	0.05	Adapter 899Hz Probe 3839Hz	10	3.839	70.00	0.437
71.486	0.05	Adapter 899Hz Probe 3839Hz	10	0.899	70.00	0.121
71.566	0.05	Adapter 899Hz Probe 3839Hz	10	0.899	70.00	0.121
71.646	0.05	Adapter 899Hz Probe 3839Hz	10	0.899	70.00	0.121
71.726	0.05	Adapter 899Hz Probe 3839Hz	10	0.899	70.00	0.121
71.806	0.05	Adapter 899Hz Probe 3839Hz	10	3.839	70.00	0.437
71.986	0.05	Adapter 899Hz Probe 3839Hz	10	0.899	70.00	0.121
72.066	0.05	Adapter 899Hz Probe 3839Hz	10	0.899	70.00	0.121
72.146	0.05	Adapter 899Hz Probe 3839Hz	10	0.899	70.00	0.121
72.226	0.05	Adapter 899Hz Probe 3839Hz	10	0.899	70.00	0.121
72.306	0.05	Adapter 899Hz Probe 3839Hz	10	3.839	70.00	0.437
72.486	0.05	Adapter 899Hz Probe 3839Hz	10	0.899	70.00	0.121
72.566	0.05	Adapter 899Hz Probe 3839Hz	10	0.899	70.00	0.121
72.646	0.05	Adapter 899Hz Probe 3839Hz	10	0.899	70.00	0.121
72.726	0.05	Adapter 899Hz Probe 3839Hz	10	0.899	70.00	0.121
72.806	0.05	Adapter 899Hz Probe 3839Hz	10	3.839	70.00	0.437
72.986	0.05	Adapter 899Hz Probe 3839Hz	10	0.899	70.00	0.121
73.066	0.05	Adapter 899Hz Probe 3839Hz	10	0.899	70.00	0.121
73.146	0.05	Adapter 899Hz Probe 3839Hz	10	0.899	70.00	0.121
73.226	0.05	Adapter 899Hz Probe 3839Hz	10	0.899	70.00	0.121
73.306	0.05	Adapter 899Hz Probe 3839Hz	10	3.839	70.00	0.437
73.486	0.05	Adapter 899Hz Probe 3839Hz	10	0.899	70.00	0.121
73.566	0.05	Adapter 899Hz Probe 3839Hz	10	0.899	70.00	0.121
73.646	0.05	Adapter 899Hz Probe 3839Hz	10	0.899	70.00	0.121
73.726	0.05	Adapter 899Hz Probe 3839Hz	10	0.899	70.00	0.121
73.806	0.05	Adapter 899Hz Probe 3839Hz	10	3.839	70.00	0.437
73.986	0.05	Adapter 899Hz Probe 3839Hz	10	0.899	70.00	0.121
74.066	0.05	Adapter 899Hz Probe 3839Hz	10	0.899	70.00	0.121
74.146	0.05	Adapter 899Hz Probe 3839Hz	10	0.899	70.00	0.121
74.226	0.05	Adapter 899Hz Probe 3839Hz	10	0.899	70.00	0.121
74.306	0.05	Adapter 899Hz Probe 3839Hz	10	3.839	70.00	0.437
74.486	0.05	Adapter 899Hz Probe 3839Hz	10	0.899	70.00	0.121
74.566	0.05	Adapter 899Hz Probe 3839Hz	10	0.899	70.00	0.121
74.646	0.05	Adapter 899Hz Probe 3839Hz	10	0.899	70.00	0.121
74.726	0.05	Adapter 899Hz Probe 3839Hz	10	0.899	70.00	0.121
74.806	0.05	Adapter 899Hz Probe 3839Hz	10	3.839	70.00	0.437
77.458	0.05	Adapter 2423Hz	11	2.423	70.00	0.285
77.538	0.05	Adapter 2423Hz	11	2.423	70.00	0.285
77.618	0.05	Adapter 2423Hz	11	2.423	70.00	0.285
77.698	0.05	Adapter 2423Hz	11	2.423	70.00	0.285
77.958	0.05	Adapter 2423Hz	11	2.423	70.00	0.285
78.038	0.05	Adapter 2423Hz	11	2.423	70.00	0.285
78.118	0.05	Adapter 2423Hz	11	2.423	70.00	0.285
78.198	0.05	Adapter 2423Hz	11	2.423	70.00	0.285
78.458	0.05	Adapter 2423Hz	11	2.423	70.00	0.285
78.538	0.05	Adapter 2423Hz	11	2.423	70.00	0.285
78.618	0.05	Adapter 2423Hz	11	2.423	70.00	0.285
78.698	0.05	Adapter 2423Hz	11	2.423	70.00	0.285
78.958	0.05	Adapter 2423Hz	11	2.423	70.00	0.285
79.038	0.05	Adapter 2423Hz	11	2.423	70.00	0.285
79.118	0.05	Adapter 2423Hz	11	2.423	70.00	0.285
79.198	0.05	Adapter 2423Hz	11	2.423	70.00	0.285
79.458	0.05	Adapter 2423Hz	11	2.423	70.00	0.285
79.538	0.05	Adapter 2423Hz	11	2.423	70.00	0.285
79.618	0.05	Adapter 2423Hz	11	2.423	70.00	0.285
79.698	0.05	Adapter 2423Hz	11	2.423	70.00	0.285
79.958	0.05	Adapter 2423Hz	11	2.423	70.00	0.285
80.038	0.05	Adapter 2423Hz	11	2.423	70.00	0.285
80.118	0.05	Adapter 2423Hz	11	2.423	70.00	0.285
80.198	0.05	Adapter 2423Hz	11	2.423	70.00	0.285
80.458	0.05	Adapter 2423Hz	11	2.423	70.00	0.285
80.538	0.05	Adapter 2423Hz	11	2.423	70.00	0.285
80.618	0.05	Adapter 2423Hz	11	2.423	70.00	0.285
80.698	0.05	Adapter 2423Hz	11	2.423	70.00	0.285
80.958	0.05	Adapter 2423Hz	11	2.423	70.00	0.285
81.038	0.05	Adapter 2423Hz	11	2.423	70.00	0.285
81.118	0.05	Adapter 2423Hz	11	2.423	70.00	0.285
81.198	0.05	Adapter 2423Hz	11	2.423	70.00	0.285
81.458	0.05	Adapter 2423Hz	11	2.423	70.00	0.285
81.538	0.05	Adapter 2423Hz	11	2.423	70.00	0.285
81.618	0.05	Adapter 2423Hz	11	2.423	70.00	0.285
81.698	0.05	Adapter 2423Hz	11	2.423	70.00	0.285
81.958	0.05	Adapter 2423Hz	11	2.423	70.00	0.285
82.038	0.05	Adapter 2423Hz	11	2.423	70.00	0.285
82.118	0.05	Adapter 2423Hz	11	2.423	70.00	0.285
82.198	0.05	Adapter 2423Hz	11	2.423	70.00	0.285
84.993	0.05	Adapter 1501Hz Probe 3839Hz	12	1.501	70.00	0.186
85.073	0.05	Adapter 1501Hz Probe 3839Hz	12	1.501	70.00	0.186
85.153	0.05	Adapter 1501Hz Probe 3839Hz	12	1.501	70.00	0.186
85.233	0.05	Adapter 1501Hz Probe 3839Hz	12	1.501	70.00	0.186
85.313	0.05	Adapter 1501Hz Probe 3839Hz	12	3.839	70.00	0.437
85.493	0.05	Adapter 1501Hz Probe 3839Hz	12	1.501	70.00	0.186
85.573	0.05	Adapter 1501Hz Probe 3839Hz	12	1.501	70.00	0.186
85.653	0.05	Adapter 1501Hz Probe 3839Hz	12	1.501	70.00	0.186
85.733	0.05	Adapter 1501Hz Probe 3839Hz	12	1.501	70.00	0.186
85.813	0.05	Adapter 1501Hz Probe 3839Hz	12	3.839	70.00	0.437
85.993	0.05	Adapter 1501Hz Probe 3839Hz	12	1.501	70.00	0.186
86.073	0.05	Adapter 1501Hz Probe 3839Hz	12	1.501	70.00	0.186
86.153	0.05	Adapter 1501Hz Probe 3839Hz	12	1.501	70.00	0.186
86.233	0.05	Adapter 1501Hz Probe 3839Hz	12	1.501	70.00	0.186
86.313	0.05	Adapter 1501Hz Probe 3839Hz	12	3.839	70.00	0.437
86.493	0.05	Adapter 1501Hz Probe 3839Hz	12	1.501	70.00	0.186
86.573	0.05	Adapter 1501Hz Probe 3839Hz	12	1.501	70.00	0.186
86.653	0.05	Adapter 1501Hz Probe 3839Hz	12	1.501	70.00	0.186
86.733	0.05	Adapter 1501Hz Probe 3839Hz	12	1.501	70.00	0.186
86.813	0.05	Adapter 1501Hz Probe 3839Hz	12	3.839	70.00	0.437
86.993	0.05	Adapter 1501Hz Probe 3839Hz	12	1.501	70.00	0.186
87.073	0.05	Adapter 1501Hz Probe 3839Hz	12	1.501	70.00	0.186
87.153	0.05	Adapter 1501Hz Probe 3839Hz	12	1.501	70.00	0.186
87.233	0.05	Adapter 1501Hz Probe 3839Hz	12	1.501	70.00	0.186
87.313	0.05	Adapter 1501Hz Probe 3839Hz	12	3.839	70.00	0.437
87.493	0.05	Adapter 1501Hz Probe 3839Hz	12	1.501	70.00	0.186
87.573	0.05	Adapter 1501Hz Probe 3839Hz	12	1.501	70.00	0.186
87.653	0.05	Adapter 1501Hz Probe 3839Hz	12	1.501	70.00	0.186
87.733	0.05	Adapter 1501Hz Probe 3839Hz	12	1.501	70.00	0.186
87.813	0.05	Adapter 1501Hz Probe 3839Hz	12	3.839	70.00	0.437
87.993	0.05	Adapter 1501Hz Probe 3839Hz	12	1.501	70.00	0.186
88.073	0.05	Adapter 1501Hz Probe 3839Hz	12	1.501	70.00	0.186
88.153	0.05	Adapter 1501Hz Probe 3839Hz	12	1.501	70.00	0.186
88.233	0.05	Adapter 1501Hz Probe 3839Hz	12	1.501	70.00	0.186
88.313	0.05	Adapter 1501Hz Probe 3839Hz	12	3.839	70.00	0.437
88.493	0.05	Adapter 1501Hz Probe 3839Hz	12	1.501	70.00	0.186
88.573	0.05	Adapter 1501Hz Probe 3839Hz	12	1.501	70.00	0.186
88.653	0.05	Adapter 1501Hz Probe 3839Hz	12	1.501	70.00	0.186
88.733	0.05	Adapter 1501Hz Probe 3839Hz	12	1.501	70.00	0.186
88.813	0.05	Adapter 1501Hz Probe 3839Hz	12	3.839	70.00	0.437
88.993	0.05	Adapter 1501Hz Probe 3839Hz	12	1.501	70.00	0.186
89.073	0.05	Adapter 1501Hz Probe 3839Hz	12	1.501	70.00	0.186
89.153	0.05	Adapter 1501Hz Probe 3839Hz	12	1.501	70.00	0.186
89.233	0.05	Adapter 1501Hz Probe 3839Hz	12	1.501	70.00	0.186
89.313	0.05	Adapter 1501Hz Probe 3839Hz	12	3.839	70.00	0.437
89.493	0.05	Adapter 1501Hz Probe 3839Hz	12	1.501	70.00	0.186
89.573	0.05	Adapter 1501Hz Probe 3839Hz	12	1.501	70.00	0.186
89.653	0.05	Adapter 1501Hz Probe 3839Hz	12	1.501	70.00	0.186
89.733	0.05	Adapter 1501Hz Probe 3839Hz	12	1.501	70.00	0.186
89.813	0.05	Adapter 1501Hz Probe 3839Hz	12	3.839	70.00	0.437
92.497	0.05	Adapter 2423Hz Probe 3839Hz	13	2.423	70.00	0.285
92.577	0.05	Adapter 2423Hz Probe 3839Hz	13	2.423	70.00	0.285
92.657	0.05	Adapter 2423Hz Probe 3839Hz	13	2.423	70.00	0.285
92.737	0.05	Adapter 2423Hz Probe 3839Hz	13	2.423	70.00	0.285
92.817	0.05	Adapter 2423Hz Probe 3839Hz	13	3.839	70.00	0.437
92.997	0.05	Adapter 2423Hz Probe 3839Hz	13	2.423	70.00	0.285
93.077	0.05	Adapter 2423Hz Probe 3839Hz	13	2.423	70.00	0.285
93.157	0.05	Adapter 2423Hz Probe 3839Hz	13	2.423	70.00	0.285
93.237	0.05	Adapter 2423Hz Probe 3839Hz	13	2.423	70.00	0.285
93.317	0.05	Adapter 2423Hz Probe 3839Hz	13	3.839	70.00	0.437
93.497	0.05	Adapter 2423Hz Probe 3839Hz	13	2.423	70.00	0.285
93.577	0.05	Adapter 2423Hz Probe 3839Hz	13	2.423	70.00	0.285
93.657	0.05	Adapter 2423Hz Probe 3839Hz	13	2.423	70.00	0.285
93.737	0.05	Adapter 2423Hz Probe 3839Hz	13	2.423	70.00	0.285
93.817	0.05	Adapter 2423Hz Probe 3839Hz	13	3.839	70.00	0.437
93.997	0.05	Adapter 2423Hz Probe 3839Hz	13	2.423	70.00	0.285
94.077	0.05	Adapter 2423Hz Probe 3839Hz	13	2.423	70.00	0.285
94.157	0.05	Adapter 2423Hz Probe 3839Hz	13	2.423	70.00	0.285
94.237	0.05	Adapter 2423Hz Probe 3839Hz	13	2.423	70.00	0.285
94.317	0.05	Adapter 2423Hz Probe 3839Hz	13	3.839	70.00	0.437
94.497	0.05	Adapter 2423Hz Probe 3839Hz	13	2.423	70.00	0.285
94.577	0.05	Adapter 2423Hz Probe 3839Hz	13	2.423	70.00	0.285
94.657	0.05	Adapter 2423Hz Probe 3839Hz	13	2.423	70.00	0.285
94.737	0.05	Adapter 2423Hz Probe 3839Hz	13	2.423	70.00	0.285
94.817	0.05	Adapter 2423Hz Probe 3839Hz	13	3.839	70.00	0.437
94.997	0.05	Adapter 2423Hz Probe 3839Hz	13	2.423	70.00	0.285
95.077	0.05	Adapter 2423Hz Probe 3839Hz	13	2.423	70.00	0.285
95.157	0.05	Adapter 2423Hz Probe 3839Hz	13	2.423	70.00	0.285
95.237	0.05	Adapter 2423Hz Probe 3839Hz	13	2.423	70.00	0.285
95.317	0.05	Adapter 2423Hz Probe 3839Hz	13	3.839	70.00	0.437
95.497	0.05	Adapter 2423Hz Probe 3839Hz	13	2.423	70.00	0.285
95.577	0.05	Adapter 2423Hz Probe 3839Hz	13	2.423	70.00	0.285
95.657	0.05	Adapter 2423Hz Probe 3839Hz	13	2.423	70.00	0.285
95.737	0.05	Adapter 2423Hz Probe 3839Hz	13	2.423	70.00	0.285
95.817	0.05	Adapter 2423Hz Probe 3839Hz	13	3.839	70.00	0.437
95.997	0.05	Adapter 2423Hz Probe 3839Hz	13	2.423	70.00	0.285
96.077	0.05	Adapter 2423Hz Probe 3839Hz	13	2.423	70.00	0.285
96.157	0.05	Adapter 2423Hz Probe 3839Hz	13	2.423	70.00	0.285
96.237	0.05	Adapter 2423Hz Probe 3839Hz	13	2.423	70.00	0.285
96.317	0.05	Adapter 2423Hz Probe 3839Hz	13	3.839	70.00	0.437
96.497	0.05	Adapter 2423Hz Probe 3839Hz	13	2.423	70.00	0.285
96.577	0.05	Adapter 2423Hz Probe 3839Hz	13	2.423	70.00	0.285
96.657	0.05	Adapter 2423Hz Probe 3839Hz	13	2.423	70.00	0.285
96.737	0.05	Adapter 2423Hz Probe 3839Hz	13	2.423	70.00	0.285
96.817	0.05	Adapter 2423Hz Probe 3839Hz	13	3.839	70.00	0.437
96.997	0.05	Adapter 2423Hz Probe 3839Hz	13	2.423	70.00	0.285
97.077	0.05	Adapter 2423Hz Probe 3839Hz	13	2.423	70.00	0.285
97.157	0.05	Adapter 2423Hz Probe 3839Hz	13	2.423	70.00	0.285
97.237	0.05	Adapter 2423Hz Probe 3839Hz	13	2.423	70.00	0.285
97.317	0.05	Adapter 2423Hz Probe 3839Hz	13	3.839	70.00	0.437
99.969	0.05	Adapter 3839Hz Probe 3839Hz	14	3.839	70.00	0.437
100.049	0.05	Adapter 3839Hz Probe 3839Hz	14	3.839	70.00	0.437
100.129	0.05	Adapter 3839Hz Probe 3839Hz	14	3.839	70.00	0.437
100.209	0.05	Adapter 3839Hz Probe 3839Hz	14	3.839	70.00	0.437
100.289	0.05	Adapter 3839Hz Probe 3839Hz	14	3.839	70.00	0.437
100.469	0.05	Adapter 3839Hz Probe 3839Hz	14	3.839	70.00	0.437
100.549	0.05	Adapter 3839Hz Probe 3839Hz	14	3.839	70.00	0.437
100.629	0.05	Adapter 3839Hz Probe 3839Hz	14	3.839	70.00	0.437
100.709	0.05	Adapter 3839Hz Probe 3839Hz	14	3.839	70.00	0.437
100.789	0.05	Adapter 3839Hz Probe 3839Hz	14	3.839	70.00	0.437
100.969	0.05	Adapter 3839Hz Probe 3839Hz	14	3.839	70.00	0.437
101.049	0.05	Adapter 3839Hz Probe 3839Hz	14	3.839	70.00	0.437
101.129	0.05	Adapter 3839Hz Probe 3839Hz	14	3.839	70.00	0.437
101.209	0.05	Adapter 3839Hz Probe 3839Hz	14	3.839	70.00	0.437
101.289	0.05	Adapter 3839Hz Probe 3839Hz	14	3.839	70.00	0.437
101.469	0.05	Adapter 3839Hz Probe 3839Hz	14	3.839	70.00	0.437
101.549	0.05	Adapter 3839Hz Probe 3839Hz	14	3.839	70.00	0.437
101.629	0.05	Adapter 3839Hz Probe 3839Hz	14	3.839	70.00	0.437
101.709	0.05	Adapter 3839Hz Probe 3839Hz	14	3.839	70.00	0.437
101.789	0.05	Adapter 3839Hz Probe 3839Hz	14	3.839	70.00	0.437
101.969	0.05	Adapter 3839Hz Probe 3839Hz	14	3.839	70.00	0.437
102.049	0.05	Adapter 3839Hz Probe 3839Hz	14	3.839	70.00	0.437
102.129	0.05	Adapter 3839Hz Probe 3839Hz	14	3.839	70.00	0.437
102.209	0.05	Adapter 3839Hz Probe 3839Hz	14	3.839	70.00	0.437
102.289	0.05	Adapter 3839Hz Probe 3839Hz	14	3.839	70.00	0.437
102.469	0.05	Adapter 3839Hz Probe 3839Hz	14	3.839	70.00	0.437
102.549	0.05	Adapter 3839Hz Probe 3839Hz	14	3.839	70.00	0.437
102.629	0.05	Adapter 3839Hz Probe 3839Hz	14	3.839	70.00	0.437
102.709	0.05	Adapter 3839Hz Probe 3839Hz	14	3.839	70.00	0.437
102.789	0.05	Adapter 3839Hz Probe 3839Hz	14	3.839	70.00	0.437
102.969	0.05	Adapter 3839Hz Probe 3839Hz	14	3.839	70.00	0.437
103.049	0.05	Adapter 3839Hz Probe 3839Hz	14	3.839	70.00	0.437
103.129	0.05	Adapter 3839Hz Probe 3839Hz	14	3.839	70.00	0.437
103.209	0.05	Adapter 3839Hz Probe 3839Hz	14	3.839	70.00	0.437
103.289	0.05	Adapter 3839Hz Probe 3839Hz	14	3.839	70.00	0.437
103.469	0.05	Adapter 3839Hz Probe 3839Hz	14	3.839	70.00	0.437
103.549	0.05	Adapter 3839Hz Probe 3839Hz	14	3.839	70.00	0.437
103.629	0.05	Adapter 3839Hz Probe 3839Hz	14	3.839	70.00	0.437
103.709	0.05	Adapter 3839Hz Probe 3839Hz	14	3.839	70.00	0.437
103.789	0.05	Adapter 3839Hz Probe 3839Hz	14	3.839	70.00	0.437
103.969	0.05	Adapter 3839Hz Probe 3839Hz	14	3.839	70.00	0.437
104.049	0.05	Adapter 3839Hz Probe 3839Hz	14	3.839	70.00	0.437
104.129	0.05	Adapter 3839Hz Probe 3839Hz	14	3.839	70.00	0.437
104.209	0.05	Adapter 3839Hz Probe 3839Hz	14	3.839	70.00	0.437
104.289	0.05	Adapter 3839Hz Probe 3839Hz	14	3.839	70.00	0.437
104.469	0.05	Adapter 3839Hz Probe 3839Hz	14	3.839	70.00	0.437
104.549	0.05	Adapter 3839Hz Probe 3839Hz	14	3.839	70.00	0.437
104.629	0.05	Adapter 3839Hz Probe 3839Hz	14	3.839	70.00	0.437
104.709	0.05	Adapter 3839Hz Probe 3839Hz	14	3.839	70.00	0.437
104.789	0.05	Adapter 3839Hz Probe 3839Hz	14	3.839	70.00	0.437
107.473	0.05	Adapter 507Hz Probe 3839Hz	15	0.507	70.00	0.079
107.553	0.05	Adapter 507Hz Probe 3839Hz	15	0.507	70.00	0.079
107.633	0.05	Adapter 507Hz Probe 3839Hz	15	0.507	70.00	0.079
107.713	0.05	Adapter 507Hz Probe 3839Hz	15	0.507	70.00	0.079
107.793	0.05	Adapter 507Hz Probe 3839Hz	15	3.839	70.00	0.437
107.973	0.05	Adapter 507Hz Probe 3839Hz	15	0.507	70.00	0.079
108.053	0.05	Adapter 507Hz Probe 3839Hz	15	0.507	70.00	0.079
108.133	0.05	Adapter 507Hz Probe 3839Hz	15	0.507	70.00	0.079
108.213	0.05	Adapter 507Hz Probe 3839Hz	15	0.507	70.00	0.079
108.293	0.05	Adapter 507Hz Probe 3839Hz	15	3.839	70.00	0.437
108.473	0.05	Adapter 507Hz Probe 3839Hz	15	0.507	70.00	0.079
108.553	0.05	Adapter 507Hz Probe 3839Hz	15	0.507	70.00	0.079
108.633	0.05	Adapter 507Hz Probe 3839Hz	15	0.507	70.00	0.079
108.713	0.05	Adapter 507Hz Probe 3839Hz	15	0.507	70.00	0.079
108.793	0.05	Adapter 507Hz Probe 3839Hz	15	3.839	70.00	0.437
108.973	0.05	Adapter 507Hz Probe 3839Hz	15	0.507	70.00	0.079
109.053	0.05	Adapter 507Hz Probe 3839Hz	15	0.507	70.00	0.079
109.133	0.05	Adapter 507Hz Probe 3839Hz	15	0.507	70.00	0.079
109.213	0.05	Adapter 507Hz Probe 3839Hz	15	0.507	70.00	0.079
109.293	0.05	Adapter 507Hz Probe 3839Hz	15	3.839	70.00	0.437
109.473	0.05	Adapter 507Hz Probe 3839Hz	15	0.507	70.00	0.079
109.553	0.05	Adapter 507Hz Probe 3839Hz	15	0.507	70.00	0.079
109.633	0.05	Adapter 507Hz Probe 3839Hz	15	0.507	70.00	0.079
109.713	0.05	Adapter 507Hz Probe 3839Hz	15	0.507	70.00	0.079
109.793	0.05	Adapter 507Hz Probe 3839Hz	15	3.839	70.00	0.437
109.973	0.05	Adapter 507Hz Probe 3839Hz	15	0.507	70.00	0.079
110.053	0.05	Adapter 507Hz Probe 3839Hz	15	0.507	70.00	0.079
110.133	0.05	Adapter 507Hz Probe 3839Hz	15	0.507	70.00	0.079
110.213	0.05	Adapter 507Hz Probe 3839Hz	15	0.507	70.00	0.079
110.293	0.05	Adapter 507Hz Probe 3839Hz	15	3.839	70.00	0.437
110.473	0.05	Adapter 507Hz Probe 3839Hz	15	0.507	70.00	0.079
110.553	0.05	Adapter 507Hz Probe 3839Hz	15	0.507	70.00	0.079
110.633	0.05	Adapter 507Hz Probe 3839Hz	15	0.507	70.00	0.079
110.713	0.05	Adapter 507Hz Probe 3839Hz	15	0.507	70.00	0.079
110.793	0.05	Adapter 507Hz Probe 3839Hz	15	3.839	70.00	0.437
110.973	0.05	Adapter 507Hz Probe 3839Hz	15	0.507	70.00	0.079
111.053	0.05	Adapter 507Hz Probe 3839Hz	15	0.507	70.00	0.079
111.133	0.05	Adapter 507Hz Probe 3839Hz	15	0.507	70.00	0.079
111.213	0.05	Adapter 507Hz Probe 3839Hz	15	0.507	70.00	0.079
111.293	0.05	Adapter 507Hz Probe 3839Hz	15	3.839	70.00	0.437
111.473	0.05	Adapter 507Hz Probe 3839Hz	15	0.507	70.00	0.079
111.553	0.05	Adapter 507Hz Probe 3839Hz	15	0.507	70.00	0.079
111.633	0.05	Adapter 507Hz Probe 3839Hz	15	0.507	70.00	0.079
111.713	0.05	Adapter 507Hz Probe 3839Hz	15	0.507	70.00	0.079
111.793	0.05	Adapter 507Hz Probe 3839Hz	15	3.839	70.00	0.437
111.973	0.05	Adapter 507Hz Probe 3839Hz	15	0.507	70.00	0.079
112.053	0.05	Adapter 507Hz Probe 3839Hz	15	0.507	70.00	0.079
112.133	0.05	Adapter 507Hz Probe 3839Hz	15	0.507	70.00	0.079
112.213	0.05	Adapter 507Hz Probe 3839Hz	15	0.507	70.00	0.079
112.293	0.05	Adapter 507Hz Probe 3839Hz	15	3.839	70.00	0.437
115.312	0.05	Probe 3839Hz	16	3.839	70.00	0.437
115.812	0.05	Probe 3839Hz	16	3.839	70.00	0.437
116.312	0.05	Probe 3839Hz	16	3.839	70.00	0.437
116.812	0.05	Probe 3839Hz	16	3.839	70.00	0.437
117.312	0.05	Probe 3839Hz	16	3.839	70.00	0.437
117.812	0.05	Probe 3839Hz	16	3.839	70.00	0.437
118.312	0.05	Probe 3839Hz	16	3.839	70.00	0.437
118.812	0.05	Probe 3839Hz	16	3.839	70.00	0.437
119.312	0.05	Probe 3839Hz	16	3.839	70.00	0.437
119.812	0.05	Probe 3839Hz	16	3.839	70.00	0.437
122.496	0.05	Adapter 1501Hz	17	1.501	70.00	0.186
122.576	0.05	Adapter 1501Hz	17	1.501	70.00	0.186
122.656	0.05	Adapter 1501Hz	17	1.501	70.00	0.186
122.736	0.05	Adapter 1501Hz	17	1.501	70.00	0.186
122.996	0.05	Adapter 1501Hz	17	1.501	70.00	0.186
123.076	0.05	Adapter 1501Hz	17	1.501	70.00	0.186
123.156	0.05	Adapter 1501Hz	17	1.501	70.00	0.186
123.236	0.05	Adapter 1501Hz	17	1.501	70.00	0.186
123.496	0.05	Adapter 1501Hz	17	1.501	70.00	0.186
123.576	0.05	Adapter 1501Hz	17	1.501	70.00	0.186
123.656	0.05	Adapter 1501Hz	17	1.501	70.00	0.186
123.736	0.05	Adapter 1501Hz	17	1.501	70.00	0.186
123.996	0.05	Adapter 1501Hz	17	1.501	70.00	0.186
124.076	0.05	Adapter 1501Hz	17	1.501	70.00	0.186
124.156	0.05	Adapter 1501Hz	17	1.501	70.00	0.186
124.236	0.05	Adapter 1501Hz	17	1.501	70.00	0.186
124.496	0.05	Adapter 1501Hz	17	1.501	70.00	0.186
124.576	0.05	Adapter 1501Hz	17	1.501	70.00	0.186
124.656	0.05	Adapter 1501Hz	17	1.501	70.00	0.186
124.736	0.05	Adapter 1501Hz	17	1.501	70.00	0.186
124.996	0.05	Adapter 1501Hz	17	1.501	70.00	0.186
125.076	0.05	Adapter 1501Hz	17	1.501	70.00	0.186
125.156	0.05	Adapter 1501Hz	17	1.501	70.00	0.186
125.236	0.05	Adapter 1501Hz	17	1.501	70.00	0.186
125.496	0.05	Adapter 1501Hz	17	1.501	70.00	0.186
125.576	0.05	Adapter 1501Hz	17	1.501	70.00	0.186
125.656	0.05	Adapter 1501Hz	17	1.501	70.00	0.186
125.736	0.05	Adapter 1501Hz	17	1.501	70.00	0.186
125.996	0.05	Adapter 1501Hz	17	1.501	70.00	0.186
126.076	0.05	Adapter 1501Hz	17	1.501	70.00	0.186
126.156	0.05	Adapter 1501Hz	17	1.501	70.00	0.186
126.236	0.05	Adapter 1501Hz	17	1.501	70.00	0.186
126.496	0.05	Adapter 1501Hz	17	1.501	70.00	0.186
126.576	0.05	Adapter 1501Hz	17	1.501	70.00	0.186
126.656	0.05	Adapter 1501Hz	17	1.501	70.00	0.186
126.736	0.05	Adapter 1501Hz	17	1.501	70.00	0.186
126.996	0.05	Adapter 1501Hz	17	1.501	70.00	0.186
127.076	0.05	Adapter 1501Hz	17	1.501	70.00	0.186
127.156	0.05	Adapter 1501Hz	17	1.501	70.00	0.186
127.236	0.05	Adapter 1501Hz	17	1.501	70.00	0.186
130.015	0.05	Adapter 6009Hz	18	6.009	70.00	0.671
130.095	0.05	Adapter 6009Hz	18	6.009	70.00	0.671
130.175	0.05	Adapter 6009Hz	18	6.009	70.00	0.671
130.255	0.05	Adapter 6009Hz	18	6.009	70.00	0.671
130.515	0.05	Adapter 6009Hz	18	6.009	70.00	0.671
130.595	0.05	Adapter 6009Hz	18	6.009	70.00	0.671
130.675	0.05	Adapter 6009Hz	18	6.009	70.00	0.671
130.755	0.05	Adapter 6009Hz	18	6.009	70.00	0.671
131.015	0.05	Adapter 6009Hz	18	6.009	70.00	0.671
131.095	0.05	Adapter 6009Hz	18	6.009	70.00	0.671
131.175	0.05	Adapter 6009Hz	18	6.009	70.00	0.671
131.255	0.05	Adapter 6009Hz	18	6.009	70.00	0.671
131.515	0.05	Adapter 6009Hz	18	6.009	70.00	0.671
131.595	0.05	Adapter 6009Hz	18	6.009	70.00	0.671
131.675	0.05	Adapter 6009Hz	18	6.009	70.00	0.671
131.755	0.05	Adapter 6009Hz	18	6.009	70.00	0.671
132.015	0.05	Adapter 6009Hz	18	6.009	70.00	0.671
132.095	0.05	Adapter 6009Hz	18	6.009	70.00	0.671
132.175	0.05	Adapter 6009Hz	18	6.009	70.00	0.671
132.255	0.05	Adapter 6009Hz	18	6.009	70.00	0.671
132.515	0.05	Adapter 6009Hz	18	6.009	70.00	0.671
132.595	0.05	Adapter 6009Hz	18	6.009	70.00	0.671
132.675	0.05	Adapter 6009Hz	18	6.009	70.00	0.671
132.755	0.05	Adapter 6009Hz	18	6.009	70.00	0.671
133.015	0.05	Adapter 6009Hz	18	6.009	70.00	0.671
133.095	0.05	Adapter 6009Hz	18	6.009	70.00	0.671
133.175	0.05	Adapter 6009Hz	18	6.009	70.00	0.671
133.255	0.05	Adapter 6009Hz	18	6.009	70.00	0.671
133.515	0.05	Adapter 6009Hz	18	6.009	70.00	0.671
133.595	0.05	Adapter 6009Hz	18	6.009	70.00	0.671
133.675	0.05	Adapter 6009Hz	18	6.009	70.00	0.671
133.755	0.05	Adapter 6009Hz	18	6.009	70.00	0.671
134.015	0.05	Adapter 6009Hz	18	6.009	70.00	0.671
134.095	0.05	Adapter 6009Hz	18	6.009	70.00	0.671
134.175	0.05	Adapter 6009Hz	18	6.009	70.00	0.671
134.255	0.05	Adapter 6009Hz	18	6.009	70.00	0.671
134.515	0.05	Adapter 6009Hz	18	6.009	70.00	0.671
134.595	0.05	Adapter 6009Hz	18	6.009	70.00	0.671
134.675	0.05	Adapter 6009Hz	18	6.009	70.00	0.671
134.755	0.05	Adapter 6009Hz	18	6.009	70.00	0.671
137.487	0.05	Adapter 1501Hz Probe 3839Hz	19	1.501	70.00	0.186
137.567	0.05	Adapter 1501Hz Probe 3839Hz	19	1.501	70.00	0.186
137.647	0.05	Adapter 1501Hz Probe 3839Hz	19	1.501	70.00	0.186
137.727	0.05	Adapter 1501Hz Probe 3839Hz	19	1.501	70.00	0.186
137.807	0.05	Adapter 1501Hz Probe 3839Hz	19	3.839	70.00	0.437
137.987	0.05	Adapter 1501Hz Probe 3839Hz	19	1.501	70.00	0.186
138.067	0.05	Adapter 1501Hz Probe 3839Hz	19	1.501	70.00	0.186
138.147	0.05	Adapter 1501Hz Probe 3839Hz	19	1.501	70.00	0.186
138.227	0.05	Adapter 1501Hz Probe 3839Hz	19	1.501	70.00	0.186
138.307	0.05	Adapter 1501Hz Probe 3839Hz	19	3.839	70.00	0.437
138.487	0.05	Adapter 1501Hz Probe 3839Hz	19	1.501	70.00	0.186
138.567	0.05	Adapter 1501Hz Probe 3839Hz	19	1.501	70.00	0.186
138.647	0.05	Adapter 1501Hz Probe 3839Hz	19	1.501	70.00	0.186
138.727	0.05	Adapter 1501Hz Probe 3839Hz	19	1.501	70.00	0.186
138.807	0.05	Adapter 1501Hz Probe 3839Hz	19	3.839	70.00	0.437
138.987	0.05	Adapter 1501Hz Probe 3839Hz	19	1.501	70.00	0.186
139.067	0.05	Adapter 1501Hz Probe 3839Hz	19	1.501	70.00	0.186
139.147	0.05	Adapter 1501Hz Probe 3839Hz	19	1.501	70.00	0.186
139.227	0.05	Adapter 1501Hz Probe 3839Hz	19	1.501	70.00	0.186
139.307	0.05	Adapter 1501Hz Probe 3839Hz	19	3.839	70.00	0.437
139.487	0.05	Adapter 1501Hz Probe 3839Hz	19	1.501	70.00	0.186
139.567	0.05	Adapter 1501Hz Probe 3839Hz	19	1.501	70.00	0.186
139.647	0.05	Adapter 1501Hz Probe 3839Hz	19	1.501	70.00	0.186
139.727	0.05	Adapter 1501Hz Probe 3839Hz	19	1.501	70.00	0.186
139.807	0.05	Adapter 1501Hz Probe 3839Hz	19	3.839	70.00	0.437
139.987	0.05	Adapter 1501Hz Probe 3839Hz	19	1.501	70.00	0.186
140.067	0.05	Adapter 1501Hz Probe 3839Hz	19	1.501	70.00	0.186
140.147	0.05	Adapter 1501Hz Probe 3839Hz	19	1.501	70.00	0.186
140.227	0.05	Adapter 1501Hz Probe 3839Hz	19	1.501	70.00	0.186
140.307	0.05	Adapter 1501Hz Probe 3839Hz	19	3.839	70.00	0.437
140.487	0.05	Adapter 1501Hz Probe 3839Hz	19	1.501	70.00	0.186
140.567	0.05	Adapter 1501Hz Probe 3839Hz	19	1.501	70.00	0.186
140.647	0.05	Adapter 1501Hz Probe 3839Hz	19	1.501	70.00	0.186
140.727	0.05	Adapter 1501Hz Probe 3839Hz	19	1.501	70.00	0.186
140.807	0.05	Adapter 1501Hz Probe 3839Hz	19	3.839	70.00	0.437
140.987	0.05	Adapter 1501Hz Probe 3839Hz	19	1.501	70.00	0.186
141.067	0.05	Adapter 1501Hz Probe 3839Hz	19	1.501	70.00	0.186
141.147	0.05	Adapter 1501Hz Probe 3839Hz	19	1.501	70.00	0.186
141.227	0.05	Adapter 1501Hz Probe 3839Hz	19	1.501	70.00	0.186
141.307	0.05	Adapter 1501Hz Probe 3839Hz	19	3.839	70.00	0.437
141.487	0.05	Adapter 1501Hz Probe 3839Hz	19	1.501	70.00	0.186
141.567	0.05	Adapter 1501Hz Probe 3839Hz	19	1.501	70.00	0.186
141.647	0.05	Adapter 1501Hz Probe 3839Hz	19	1.501	70.00	0.186
141.727	0.05	Adapter 1501Hz Probe 3839Hz	19	1.501	70.00	0.186
141.807	0.05	Adapter 1501Hz Probe 3839Hz	19	3.839	70.00	0.437
141.987	0.05	Adapter 1501Hz Probe 3839Hz	19	1.501	70.00	0.186
142.067	0.05	Adapter 1501Hz Probe 3839Hz	19	1.501	70.00	0.186
142.147	0.05	Adapter 1501Hz Probe 3839Hz	19	1.501	70.00	0.186
142.227	0.05	Adapter 1501Hz Probe 3839Hz	19	1.501	70.00	0.186
142.307	0.05	Adapter 1501Hz Probe 3839Hz	19	3.839	70.00	0.437
152.495	0.05	Adapter 2423Hz	21	2.423	70.00	0.285
152.575	0.05	Adapter 2423Hz	21	2.423	70.00	0.285
152.655	0.05	Adapter 2423Hz	21	2.423	70.00	0.285
152.735	0.05	Adapter 2423Hz	21	2.423	70.00	0.285
152.995	0.05	Adapter 2423Hz	21	2.423	70.00	0.285
153.075	0.05	Adapter 2423Hz	21	2.423	70.00	0.285
153.155	0.05	Adapter 2423Hz	21	2.423	70.00	0.285
153.235	0.05	Adapter 2423Hz	21	2.423	70.00	0.285
153.495	0.05	Adapter 2423Hz	21	2.423	70.00	0.285
153.575	0.05	Adapter 2423Hz	21	2.423	70.00	0.285
153.655	0.05	Adapter 2423Hz	21	2.423	70.00	0.285
153.735	0.05	Adapter 2423Hz	21	2.423	70.00	0.285
153.995	0.05	Adapter 2423Hz	21	2.423	70.00	0.285
154.075	0.05	Adapter 2423Hz	21	2.423	70.00	0.285
154.155	0.05	Adapter 2423Hz	21	2.423	70.00	0.285
154.235	0.05	Adapter 2423Hz	21	2.423	70.00	0.285
154.495	0.05	Adapter 2423Hz	21	2.423	70.00	0.285
154.575	0.05	Adapter 2423Hz	21	2.423	70.00	0.285
154.655	0.05	Adapter 2423Hz	21	2.423	70.00	0.285
154.735	0.05	Adapter 2423Hz	21	2.423	70.00	0.285
154.995	0.05	Adapter 2423Hz	21	2.423	70.00	0.285
155.075	0.05	Adapter 2423Hz	21	2.423	70.00	0.285
155.155	0.05	Adapter 2423Hz	21	2.423	70.00	0.285
155.235	0.05	Adapter 2423Hz	21	2.423	70.00	0.285
155.495	0.05	Adapter 2423Hz	21	2.423	70.00	0.285
155.575	0.05	Adapter 2423Hz	21	2.423	70.00	0.285
155.655	0.05	Adapter 2423Hz	21	2.423	70.00	0.285
155.735	0.05	Adapter 2423Hz	21	2.423	70.00	0.285
155.995	0.05	Adapter 2423Hz	21	2.423	70.00	0.285
156.075	0.05	Adapter 2423Hz	21	2.423	70.00	0.285
156.155	0.05	Adapter 2423Hz	21	2.423	70.00	0.285
156.235	0.05	Adapter 2423Hz	21	2.423	70.00	0.285
156.495	0.05	Adapter 2423Hz	21	2.423	70.00	0.285
156.575	0.05	Adapter 2423Hz	21	2.423	70.00	0.285
156.655	0.05	Adapter 2423Hz	21	2.423	70.00	0.285
156.735	0.05	Adapter 2423Hz	21	2.423	70.00	0.285
156.995	0.05	Adapter 2423Hz	21	2.423	70.00	0.285
157.075	0.05	Adapter 2423Hz	21	2.423	70.00	0.285
157.155	0.05	Adapter 2423Hz	21	2.423	70.00	0.285
157.235	0.05	Adapter 2423Hz	21	2.423	70.00	0.285
160.014	0.05	Adapter 507Hz	22	0.507	70.00	0.079
160.094	0.05	Adapter 507Hz	22	0.507	70.00	0.079
160.174	0.05	Adapter 507Hz	22	0.507	70.00	0.079
160.254	0.05	Adapter 507Hz	22	0.507	70.00	0.079
160.514	0.05	Adapter 507Hz	22	0.507	70.00	0.079
160.594	0.05	Adapter 507Hz	22	0.507	70.00	0.079
160.674	0.05	Adapter 507Hz	22	0.507	70.00	0.079
160.754	0.05	Adapter 507Hz	22	0.507	70.00	0.079
161.014	0.05	Adapter 507Hz	22	0.507	70.00	0.079
161.094	0.05	Adapter 507Hz	22	0.507	70.00	0.079
161.174	0.05	Adapter 507Hz	22	0.507	70.00	0.079
161.254	0.05	Adapter 507Hz	22	0.507	70.00	0.079
161.514	0.05	Adapter 507Hz	22	0.507	70.00	0.079
161.594	0.05	Adapter 507Hz	22	0.507	70.00	0.079
161.674	0.05	Adapter 507Hz	22	0.507	70.00	0.079
161.754	0.05	Adapter 507Hz	22	0.507	70.00	0.079
162.014	0.05	Adapter 507Hz	22	0.507	70.00	0.079
162.094	0.05	Adapter 507Hz	22	0.507	70.00	0.079
162.174	0.05	Adapter 507Hz	22	0.507	70.00	0.079
162.254	0.05	Adapter 507Hz	22	0.507	70.00	0.079
162.514	0.05	Adapter 507Hz	22	0.507	70.00	0.079
162.594	0.05	Adapter 507Hz	22	0.507	70.00	0.079
162.674	0.05	Adapter 507Hz	22	0.507	70.00	0.079
162.754	0.05	Adapter 507Hz	22	0.507	70.00	0.079
163.014	0.05	Adapter 507Hz	22	0.507	70.00	0.079
163.094	0.05	Adapter 507Hz	22	0.507	70.00	0.079
163.174	0.05	Adapter 507Hz	22	0.507	70.00	0.079
163.254	0.05	Adapter 507Hz	22	0.507	70.00	0.079
163.514	0.05	Adapter 507Hz	22	0.507	70.00	0.079
163.594	0.05	Adapter 507Hz	22	0.507	70.00	0.079
163.674	0.05	Adapter 507Hz	22	0.507	70.00	0.079
163.754	0.05	Adapter 507Hz	22	0.507	70.00	0.079
164.014	0.05	Adapter 507Hz	22	0.507	70.00	0.079
164.094	0.05	Adapter 507Hz	22	0.507	70.00	0.079
164.174	0.05	Adapter 507Hz	22	0.507	70.00	0.079
164.254	0.05	Adapter 507Hz	22	0.507	70.00	0.079
164.514	0.05	Adapter 507Hz	22	0.507	70.00	0.079
164.594	0.05	Adapter 507Hz	22	0.507	70.00	0.079
164.674	0.05	Adapter 507Hz	22	0.507	70.00	0.079
164.754	0.05	Adapter 507Hz	22	0.507	70.00	0.079
167.502	0.05	Adapter 899Hz Probe 3839Hz	23	0.899	70.00	0.121
167.582	0.05	Adapter 899Hz Probe 3839Hz	23	0.899	70.00	0.121
167.662	0.05	Adapter 899Hz Probe 3839Hz	23	0.899	70.00	0.121
167.742	0.05	Adapter 899Hz Probe 3839Hz	23	0.899	70.00	0.121
167.822	0.05	Adapter 899Hz Probe 3839Hz	23	3.839	70.00	0.437
168.002	0.05	Adapter 899Hz Probe 3839Hz	23	0.899	70.00	0.121
168.082	0.05	Adapter 899Hz Probe 3839Hz	23	0.899	70.00	0.121
168.162	0.05	Adapter 899Hz Probe 3839Hz	23	0.899	70.00	0.121
168.242	0.05	Adapter 899Hz Probe 3839Hz	23	0.899	70.00	0.121
168.322	0.05	Adapter 899Hz Probe 3839Hz	23	3.839	70.00	0.437
168.502	0.05	Adapter 899Hz Probe 3839Hz	23	0.899	70.00	0.121
168.582	0.05	Adapter 899Hz Probe 3839Hz	23	0.899	70.00	0.121
168.662	0.05	Adapter 899Hz Probe 3839Hz	23	0.899	70.00	0.121
168.742	0.05	Adapter 899Hz Probe 3839Hz	23	0.899	70.00	0.121
168.822	0.05	Adapter 899Hz Probe 3839Hz	23	3.839	70.00	0.437
169.002	0.05	Adapter 899Hz Probe 3839Hz	23	0.899	70.00	0.121
169.082	0.05	Adapter 899Hz Probe 3839Hz	23	0.899	70.00	0.121
169.162	0.05	Adapter 899Hz Probe 3839Hz	23	0.899	70.00	0.121
169.242	0.05	Adapter 899Hz Probe 3839Hz	23	0.899	70.00	0.121
169.322	0.05	Adapter 899Hz Probe 3839Hz	23	3.839	70.00	0.437
169.502	0.05	Adapter 899Hz Probe 3839Hz	23	0.899	70.00	0.121
169.582	0.05	Adapter 899Hz Probe 3839Hz	23	0.899	70.00	0.121
169.662	0.05	Adapter 899Hz Probe 3839Hz	23	0.899	70.00	0.121
169.742	0.05	Adapter 899Hz Probe 3839Hz	23	0.899	70.00	0.121
169.822	0.05	Adapter 899Hz Probe 3839Hz	23	3.839	70.00	0.437
170.002	0.05	Adapter 899Hz Probe 3839Hz	23	0.899	70.00	0.121
170.082	0.05	Adapter 899Hz Probe 3839Hz	23	0.899	70.00	0.121
170.162	0.05	Adapter 899Hz Probe 3839Hz	23	0.899	70.00	0.121
170.242	0.05	Adapter 899Hz Probe 3839Hz	23	0.899	70.00	0.121
170.322	0.05	Adapter 899Hz Probe 3839Hz	23	3.839	70.00	0.437
170.502	0.05	Adapter 899Hz Probe 3839Hz	23	0.899	70.00	0.121
170.582	0.05	Adapter 899Hz Probe 3839Hz	23	0.899	70.00	0.121
170.662	0.05	Adapter 899Hz Probe 3839Hz	23	0.899	70.00	0.121
170.742	0.05	Adapter 899Hz Probe 3839Hz	23	0.899	70.00	0.121
170.822	0.05	Adapter 899Hz Probe 3839Hz	23	3.839	70.00	0.437
171.002	0.05	Adapter 899Hz Probe 3839Hz	23	0.899	70.00	0.121
171.082	0.05	Adapter 899Hz Probe 3839Hz	23	0.899	70.00	0.121
171.162	0.05	Adapter 899Hz Probe 3839Hz	23	0.899	70.00	0.121
171.242	0.05	Adapter 899Hz Probe 3839Hz	23	0.899	70.00	0.121
171.322	0.05	Adapter 899Hz Probe 3839Hz	23	3.839	70.00	0.437
171.502	0.05	Adapter 899Hz Probe 3839Hz	23	0.899	70.00	0.121
171.582	0.05	Adapter 899Hz Probe 3839Hz	23	0.899	70.00	0.121
171.662	0.05	Adapter 899Hz Probe 3839Hz	23	0.899	70.00	0.121
171.742	0.05	Adapter 899Hz Probe 3839Hz	23	0.899	70.00	0.121
171.822	0.05	Adapter 899Hz Probe 3839Hz	23	3.839	70.00	0.437
172.002	0.05	Adapter 899Hz Probe 3839Hz	23	0.899	70.00	0.121
172.082	0.05	Adapter 899Hz Probe 3839Hz	23	0.899	70.00	0.121
172.162	0.05	Adapter 899Hz Probe 3839Hz	23	0.899	70.00	0.121
172.242	0.05	Adapter 899Hz Probe 3839Hz	23	0.899	70.00	0.121
172.322	0.05	Adapter 899Hz Probe 3839Hz	23	3.839	70.00	0.437
182.509	0.05	Adapter 899Hz	25	0.899	70.00	0.121
182.589	0.05	Adapter 899Hz	25	0.899	70.00	0.121
182.669	0.05	Adapter 899Hz	25	0.899	70.00	0.121
182.749	0.05	Adapter 899Hz	25	0.899	70.00	0.121
183.009	0.05	Adapter 899Hz	25	0.899	70.00	0.121
183.089	0.05	Adapter 899Hz	25	0.899	70.00	0.121
183.169	0.05	Adapter 899Hz	25	0.899	70.00	0.121
183.249	0.05	Adapter 899Hz	25	0.899	70.00	0.121
183.509	0.05	Adapter 899Hz	25	0.899	70.00	0.121
183.589	0.05	Adapter 899Hz	25	0.899	70.00	0.121
183.669	0.05	Adapter 899Hz	25	0.899	70.00	0.121
183.749	0.05	Adapter 899Hz	25	0.899	70.00	0.121
184.009	0.05	Adapter 899Hz	25	0.899	70.00	0.121
184.089	0.05	Adapter 899Hz	25	0.899	70.00	0.121
184.169	0.05	Adapter 899Hz	25	0.899	70.00	0.121
184.249	0.05	Adapter 899Hz	25	0.899	70.00	0.121
184.509	0.05	Adapter 899Hz	25	0.899	70.00	0.121
184.589	0.05	Adapter 899Hz	25	0.899	70.00	0.121
184.669	0.05	Adapter 899Hz	25	0.899	70.00	0.121
184.749	0.05	Adapter 899Hz	25	0.899	70.00	0.121
185.009	0.05	Adapter 899Hz	25	0.899	70.00	0.121
185.089	0.05	Adapter 899Hz	25	0.899	70.00	0.121
185.169	0.05	Adapter 899Hz	25	0.899	70.00	0.121
185.249	0.05	Adapter 899Hz	25	0.899	70.00	0.121
185.509	0.05	Adapter 899Hz	25	0.899	70.00	0.121
185.589	0.05	Adapter 899Hz	25	0.899	70.00	0.121
185.669	0.05	Adapter 899Hz	25	0.899	70.00	0.121
185.749	0.05	Adapter 899Hz	25	0.899	70.00	0.121
186.009	0.05	Adapter 899Hz	25	0.899	70.00	0.121
186.089	0.05	Adapter 899Hz	25	0.899	70.00	0.121
186.169	0.05	Adapter 899Hz	25	0.899	70.00	0.121
186.249	0.05	Adapter 899Hz	25	0.899	70.00	0.121
186.509	0.05	Adapter 899Hz	25	0.899	70.00	0.121
186.589	0.05	Adapter 899Hz	25	0.899	70.00	0.121
186.669	0.05	Adapter 899Hz	25	0.899	70.00	0.121
186.749	0.05	Adapter 899Hz	25	0.899	70.00	0.121
187.009	0.05	Adapter 899Hz	25	0.899	70.00	0.121
187.089	0.05	Adapter 899Hz	25	0.899	70.00	0.121
187.169	0.05	Adapter 899Hz	25	0.899	70.00	0.121
187.249	0.05	Adapter 899Hz	25	0.899	70.00	0.121
189.997	0.05	Adapter 251Hz	26	0.251	70.00	0.052
190.077	0.05	Adapter 251Hz	26	0.251	70.00	0.052
190.157	0.05	Adapter 251Hz	26	0.251	70.00	0.052
190.237	0.05	Adapter 251Hz	26	0.251	70.00	0.052
190.497	0.05	Adapter 251Hz	26	0.251	70.00	0.052
190.577	0.05	Adapter 251Hz	26	0.251	70.00	0.052
190.657	0.05	Adapter 251Hz	26	0.251	70.00	0.052
190.737	0.05	Adapter 251Hz	26	0.251	70.00	0.052
190.997	0.05	Adapter 251Hz	26	0.251	70.00	0.052
191.077	0.05	Adapter 251Hz	26	0.251	70.00	0.052
191.157	0.05	Adapter 251Hz	26	0.251	70.00	0.052
191.237	0.05	Adapter 251Hz	26	0.251	70.00	0.052
191.497	0.05	Adapter 251Hz	26	0.251	70.00	0.052
191.577	0.05	Adapter 251Hz	26	0.251	70.00	0.052
191.657	0.05	Adapter 251Hz	26	0.251	70.00	0.052
191.737	0.05	Adapter 251Hz	26	0.251	70.00	0.052
191.997	0.05	Adapter 251Hz	26	0.251	70.00	0.052
192.077	0.05	Adapter 251Hz	26	0.251	70.00	0.052
192.157	0.05	Adapter 251Hz	26	0.251	70.00	0.052
192.237	0.05	Adapter 251Hz	26	0.251	70.00	0.052
192.497	0.05	Adapter 251Hz	26	0.251	70.00	0.052
192.577	0.05	Adapter 251Hz	26	0.251	70.00	0.052
192.657	0.05	Adapter 251Hz	26	0.251	70.00	0.052
192.737	0.05	Adapter 251Hz	26	0.251	70.00	0.052
192.997	0.05	Adapter 251Hz	26	0.251	70.00	0.052
193.077	0.05	Adapter 251Hz	26	0.251	70.00	0.052
193.157	0.05	Adapter 251Hz	26	0.251	70.00	0.052
193.237	0.05	Adapter 251Hz	26	0.251	70.00	0.052
193.497	0.05	Adapter 251Hz	26	0.251	70.00	0.052
193.577	0.05	Adapter 251Hz	26	0.251	70.00	0.052
193.657	0.05	Adapter 251Hz	26	0.251	70.00	0.052
193.737	0.05	Adapter 251Hz	26	0.251	70.00	0.052
193.997	0.05	Adapter 251Hz	26	0.251	70.00	0.052
194.077	0.05	Adapter 251Hz	26	0.251	70.00	0.052
194.157	0.05	Adapter 251Hz	26	0.251	70.00	0.052
194.237	0.05	Adapter 251Hz	26	0.251	70.00	0.052
194.497	0.05	Adapter 251Hz	26	0.251	70.00	0.052
194.577	0.05	Adapter 251Hz	26	0.251	70.00	0.052
194.657	0.05	Adapter 251Hz	26	0.251	70.00	0.052
194.737	0.05	Adapter 251Hz	26	0.251	70.00	0.052
197.805	0.05	Probe 3839Hz	27	3.839	70.00	0.437
198.305	0.05	Probe 3839Hz	27	3.839	70.00	0.437
198.805	0.05	Probe 3839Hz	27	3.839	70.00	0.437
199.305	0.05	Probe 3839Hz	27	3.839	70.00	0.437
199.805	0.05	Probe 3839Hz	27	3.839	70.00	0.437
200.305	0.05	Probe 3839Hz	27	3.839	70.00	0.437
200.805	0.05	Probe 3839Hz	27	3.839	70.00	0.437
201.305	0.05	Probe 3839Hz	27	3.839	70.00	0.437
201.805	0.05	Probe 3839Hz	27	3.839	70.00	0.437
202.305	0.05	Probe 3839Hz	27	3.839	70.00	0.437
205.004	0.05	Adapter 3839Hz Probe 3839Hz	28	3.839	70.00	0.437
205.084	0.05	Adapter 3839Hz Probe 3839Hz	28	3.839	70.00	0.437
205.164	0.05	Adapter 3839Hz Probe 3839Hz	28	3.839	70.00	0.437
205.244	0.05	Adapter 3839Hz Probe 3839Hz	28	3.839	70.00	0.437
205.324	0.05	Adapter 3839Hz Probe 3839Hz	28	3.839	70.00	0.437
205.504	0.05	Adapter 3839Hz Probe 3839Hz	28	3.839	70.00	0.437
205.584	0.05	Adapter 3839Hz Probe 3839Hz	28	3.839	70.00	0.437
205.664	0.05	Adapter 3839Hz Probe 3839Hz	28	3.839	70.00	0.437
205.744	0.05	Adapter 3839Hz Probe 3839Hz	28	3.839	70.00	0.437
205.824	0.05	Adapter 3839Hz Probe 3839Hz	28	3.839	70.00	0.437
206.004	0.05	Adapter 3839Hz Probe 3839Hz	28	3.839	70.00	0.437
206.084	0.05	Adapter 3839Hz Probe 3839Hz	28	3.839	70.00	0.437
206.164	0.05	Adapter 3839Hz Probe 3839Hz	28	3.839	70.00	0.437
206.244	0.05	Adapter 3839Hz Probe 3839Hz	28	3.839	70.00	0.437
206.324	0.05	Adapter 3839Hz Probe 3839Hz	28	3.839	70.00	0.437
206.504	0.05	Adapter 3839Hz Probe 3839Hz	28	3.839	70.00	0.437
206.584	0.05	Adapter 3839Hz Probe 3839Hz	28	3.839	70.00	0.437
206.664	0.05	Adapter 3839Hz Probe 3839Hz	28	3.839	70.00	0.437
206.744	0.05	Adapter 3839Hz Probe 3839Hz	28	3.839	70.00	0.437
206.824	0.05	Adapter 3839Hz Probe 3839Hz	28	3.839	70.00	0.437
207.004	0.05	Adapter 3839Hz Probe 3839Hz	28	3.839	70.00	0.437
207.084	0.05	Adapter 3839Hz Probe 3839Hz	28	3.839	70.00	0.437
207.164	0.05	Adapter 3839Hz Probe 3839Hz	28	3.839	70.00	0.437
207.244	0.05	Adapter 3839Hz Probe 3839Hz	28	3.839	70.00	0.437
207.324	0.05	Adapter 3839Hz Probe 3839Hz	28	3.839	70.00	0.437
207.504	0.05	Adapter 3839Hz Probe 3839Hz	28	3.839	70.00	0.437
207.584	0.05	Adapter 3839Hz Probe 3839Hz	28	3.839	70.00	0.437
207.664	0.05	Adapter 3839Hz Probe 3839Hz	28	3.839	70.00	0.437
207.744	0.05	Adapter 3839Hz Probe 3839Hz	28	3.839	70.00	0.437
207.824	0.05	Adapter 3839Hz Probe 3839Hz	28	3.839	70.00	0.437
208.004	0.05	Adapter 3839Hz Probe 3839Hz	28	3.839	70.00	0.437
208.084	0.05	Adapter 3839Hz Probe 3839Hz	28	3.839	70.00	0.437
208.164	0.05	Adapter 3839Hz Probe 3839Hz	28	3.839	70.00	0.437
208.244	0.05	Adapter 3839Hz Probe 3839Hz	28	3.839	70.00	0.437
208.324	0.05	Adapter 3839Hz Probe 3839Hz	28	3.839	70.00	0.437
208.504	0.05	Adapter 3839Hz Probe 3839Hz	28	3.839	70.00	0.437
208.584	0.05	Adapter 3839Hz Probe 3839Hz	28	3.839	70.00	0.437
208.664	0.05	Adapter 3839Hz Probe 3839Hz	28	3.839	70.00	0.437
208.744	0.05	Adapter 3839Hz Probe 3839Hz	28	3.839	70.00	0.437
208.824	0.05	Adapter 3839Hz Probe 3839Hz	28	3.839	70.00	0.437
209.004	0.05	Adapter 3839Hz Probe 3839Hz	28	3.839	70.00	0.437
209.084	0.05	Adapter 3839Hz Probe 3839Hz	28	3.839	70.00	0.437
209.164	0.05	Adapter 3839Hz Probe 3839Hz	28	3.839	70.00	0.437
209.244	0.05	Adapter 3839Hz Probe 3839Hz	28	3.839	70.00	0.437
209.324	0.05	Adapter 3839Hz Probe 3839Hz	28	3.839	70.00	0.437
209.504	0.05	Adapter 3839Hz Probe 3839Hz	28	3.839	70.00	0.437
209.584	0.05	Adapter 3839Hz Probe 3839Hz	28	3.839	70.00	0.437
209.664	0.05	Adapter 3839Hz Probe 3839Hz	28	3.839	70.00	0.437
209.744	0.05	Adapter 3839Hz Probe 3839Hz	28	3.839	70.00	0.437
209.824	0.05	Adapter 3839Hz Probe 3839Hz	28	3.839	70.00	0.437
212.508	0.05	Adapter 507Hz Probe 3839Hz	29	0.507	70.00	0.079
212.588	0.05	Adapter 507Hz Probe 3839Hz	29	0.507	70.00	0.079
212.668	0.05	Adapter 507Hz Probe 3839Hz	29	0.507	70.00	0.079
212.748	0.05	Adapter 507Hz Probe 3839Hz	29	0.507	70.00	0.079
212.828	0.05	Adapter 507Hz Probe 3839Hz	29	3.839	70.00	0.437
213.008	0.05	Adapter 507Hz Probe 3839Hz	29	0.507	70.00	0.079
213.088	0.05	Adapter 507Hz Probe 3839Hz	29	0.507	70.00	0.079
213.168	0.05	Adapter 507Hz Probe 3839Hz	29	0.507	70.00	0.079
213.248	0.05	Adapter 507Hz Probe 3839Hz	29	0.507	70.00	0.079
213.328	0.05	Adapter 507Hz Probe 3839Hz	29	3.839	70.00	0.437
213.508	0.05	Adapter 507Hz Probe 3839Hz	29	0.507	70.00	0.079
213.588	0.05	Adapter 507Hz Probe 3839Hz	29	0.507	70.00	0.079
213.668	0.05	Adapter 507Hz Probe 3839Hz	29	0.507	70.00	0.079
213.748	0.05	Adapter 507Hz Probe 3839Hz	29	0.507	70.00	0.079
213.828	0.05	Adapter 507Hz Probe 3839Hz	29	3.839	70.00	0.437
214.008	0.05	Adapter 507Hz Probe 3839Hz	29	0.507	70.00	0.079
214.088	0.05	Adapter 507Hz Probe 3839Hz	29	0.507	70.00	0.079
214.168	0.05	Adapter 507Hz Probe 3839Hz	29	0.507	70.00	0.079
214.248	0.05	Adapter 507Hz Probe 3839Hz	29	0.507	70.00	0.079
214.328	0.05	Adapter 507Hz Probe 3839Hz	29	3.839	70.00	0.437
214.508	0.05	Adapter 507Hz Probe 3839Hz	29	0.507	70.00	0.079
214.588	0.05	Adapter 507Hz Probe 3839Hz	29	0.507	70.00	0.079
214.668	0.05	Adapter 507Hz Probe 3839Hz	29	0.507	70.00	0.079
214.748	0.05	Adapter 507Hz Probe 3839Hz	29	0.507	70.00	0.079
214.828	0.05	Adapter 507Hz Probe 3839Hz	29	3.839	70.00	0.437
215.008	0.05	Adapter 507Hz Probe 3839Hz	29	0.507	70.00	0.079
215.088	0.05	Adapter 507Hz Probe 3839Hz	29	0.507	70.00	0.079
215.168	0.05	Adapter 507Hz Probe 3839Hz	29	0.507	70.00	0.079
215.248	0.05	Adapter 507Hz Probe 3839Hz	29	0.507	70.00	0.079
215.328	0.05	Adapter 507Hz Probe 3839Hz	29	3.839	70.00	0.437
215.508	0.05	Adapter 507Hz Probe 3839Hz	29	0.507	70.00	0.079
215.588	0.05	Adapter 507Hz Probe 3839Hz	29	0.507	70.00	0.079
215.668	0.05	Adapter 507Hz Probe 3839Hz	29	0.507	70.00	0.079
215.748	0.05	Adapter 507Hz Probe 3839Hz	29	0.507	70.00	0.079
215.828	0.05	Adapter 507Hz Probe 3839Hz	29	3.839	70.00	0.437
216.008	0.05	Adapter 507Hz Probe 3839Hz	29	0.507	70.00	0.079
216.088	0.05	Adapter 507Hz Probe 3839Hz	29	0.507	70.00	0.079
216.168	0.05	Adapter 507Hz Probe 3839Hz	29	0.507	70.00	0.079
216.248	0.05	Adapter 507Hz Probe 3839Hz	29	0.507	70.00	0.079
216.328	0.05	Adapter 507Hz Probe 3839Hz	29	3.839	70.00	0.437
216.508	0.05	Adapter 507Hz Probe 3839Hz	29	0.507	70.00	0.079
216.588	0.05	Adapter 507Hz Probe 3839Hz	29	0.507	70.00	0.079
216.668	0.05	Adapter 507Hz Probe 3839Hz	29	0.507	70.00	0.079
216.748	0.05	Adapter 507Hz Probe 3839Hz	29	0.507	70.00	0.079
216.828	0.05	Adapter 507Hz Probe 3839Hz	29	3.839	70.00	0.437
217.008	0.05	Adapter 507Hz Probe 3839Hz	29	0.507	70.00	0.079
217.088	0.05	Adapter 507Hz Probe 3839Hz	29	0.507	70.00	0.079
217.168	0.05	Adapter 507Hz Probe 3839Hz	29	0.507	70.00	0.079
217.248	0.05	Adapter 507Hz Probe 3839Hz	29	0.507	70.00	0.079
217.328	0.05	Adapter 507Hz Probe 3839Hz	29	3.839	70.00	0.437
220.012	0.05	Adapter 2423Hz Probe 3839Hz	30	2.423	70.00	0.285
220.092	0.05	Adapter 2423Hz Probe 3839Hz	30	2.423	70.00	0.285
220.172	0.05	Adapter 2423Hz Probe 3839Hz	30	2.423	70.00	0.285
220.252	0.05	Adapter 2423Hz Probe 3839Hz	30	2.423	70.00	0.285
220.332	0.05	Adapter 2423Hz Probe 3839Hz	30	3.839	70.00	0.437
220.512	0.05	Adapter 2423Hz Probe 3839Hz	30	2.423	70.00	0.285
220.592	0.05	Adapter 2423Hz Probe 3839Hz	30	2.423	70.00	0.285
220.672	0.05	Adapter 2423Hz Probe 3839Hz	30	2.423	70.00	0.285
220.752	0.05	Adapter 2423Hz Probe 3839Hz	30	2.423	70.00	0.285
220.832	0.05	Adapter 2423Hz Probe 3839Hz	30	3.839	70.00	0.437
221.012	0.05	Adapter 2423Hz Probe 3839Hz	30	2.423	70.00	0.285
221.092	0.05	Adapter 2423Hz Probe 3839Hz	30	2.423	70.00	0.285
221.172	0.05	Adapter 2423Hz Probe 3839Hz	30	2.423	70.00	0.285
221.252	0.05	Adapter 2423Hz Probe 3839Hz	30	2.423	70.00	0.285
221.332	0.05	Adapter 2423Hz Probe 3839Hz	30	3.839	70.00	0.437
221.512	0.05	Adapter 2423Hz Probe 3839Hz	30	2.423	70.00	0.285
221.592	0.05	Adapter 2423Hz Probe 3839Hz	30	2.423	70.00	0.285
221.672	0.05	Adapter 2423Hz Probe 3839Hz	30	2.423	70.00	0.285
221.752	0.05	Adapter 2423Hz Probe 3839Hz	30	2.423	70.00	0.285
221.832	0.05	Adapter 2423Hz Probe 3839Hz	30	3.839	70.00	0.437
222.012	0.05	Adapter 2423Hz Probe 3839Hz	30	2.423	70.00	0.285
222.092	0.05	Adapter 2423Hz Probe 3839Hz	30	2.423	70.00	0.285
222.172	0.05	Adapter 2423Hz Probe 3839Hz	30	2.423	70.00	0.285
222.252	0.05	Adapter 2423Hz Probe 3839Hz	30	2.423	70.00	0.285
222.332	0.05	Adapter 2423Hz Probe 3839Hz	30	3.839	70.00	0.437
222.512	0.05	Adapter 2423Hz Probe 3839Hz	30	2.423	70.00	0.285
222.592	0.05	Adapter 2423Hz Probe 3839Hz	30	2.423	70.00	0.285
222.672	0.05	Adapter 2423Hz Probe 3839Hz	30	2.423	70.00	0.285
222.752	0.05	Adapter 2423Hz Probe 3839Hz	30	2.423	70.00	0.285
222.832	0.05	Adapter 2423Hz Probe 3839Hz	30	3.839	70.00	0.437
223.012	0.05	Adapter 2423Hz Probe 3839Hz	30	2.423	70.00	0.285
223.092	0.05	Adapter 2423Hz Probe 3839Hz	30	2.423	70.00	0.285
223.172	0.05	Adapter 2423Hz Probe 3839Hz	30	2.423	70.00	0.285
223.252	0.05	Adapter 2423Hz Probe 3839Hz	30	2.423	70.00	0.285
223.332	0.05	Adapter 2423Hz Probe 3839Hz	30	3.839	70.00	0.437
223.512	0.05	Adapter 2423Hz Probe 3839Hz	30	2.423	70.00	0.285
223.592	0.05	Adapter 2423Hz Probe 3839Hz	30	2.423	70.00	0.285
223.672	0.05	Adapter 2423Hz Probe 3839Hz	30	2.423	70.00	0.285
223.752	0.05	Adapter 2423Hz Probe 3839Hz	30	2.423	70.00	0.285
223.832	0.05	Adapter 2423Hz Probe 3839Hz	30	3.839	70.00	0.437
224.012	0.05	Adapter 2423Hz Probe 3839Hz	30	2.423	70.00	0.285
224.092	0.05	Adapter 2423Hz Probe 3839Hz	30	2.423	70.00	0.285
224.172	0.05	Adapter 2423Hz Probe 3839Hz	30	2.423	70.00	0.285
224.252	0.05	Adapter 2423Hz Probe 3839Hz	30	2.423	70.00	0.285
224.332	0.05	Adapter 2423Hz Probe 3839Hz	30	3.839	70.00	0.437
224.512	0.05	Adapter 2423Hz Probe 3839Hz	30	2.423	70.00	0.285
224.592	0.05	Adapter 2423Hz Probe 3839Hz	30	2.423	70.00	0.285
224.672	0.05	Adapter 2423Hz Probe 3839Hz	30	2.423	70.00	0.285
224.752	0.05	Adapter 2423Hz Probe 3839Hz	30	2.423	70.00	0.285
224.832	0.05	Adapter 2423Hz Probe 3839Hz	30	3.839	70.00	0.437
234.972	0.05	Adapter 3839Hz	32	3.839	70.00	0.437
235.052	0.05	Adapter 3839Hz	32	3.839	70.00	0.437
235.132	0.05	Adapter 3839Hz	32	3.839	70.00	0.437
235.212	0.05	Adapter 3839Hz	32	3.839	70.00	0.437
235.472	0.05	Adapter 3839Hz	32	3.839	70.00	0.437
235.552	0.05	Adapter 3839Hz	32	3.839	70.00	0.437
235.632	0.05	Adapter 3839Hz	32	3.839	70.00	0.437
235.712	0.05	Adapter 3839Hz	32	3.839	70.00	0.437
235.972	0.05	Adapter 3839Hz	32	3.839	70.00	0.437
236.052	0.05	Adapter 3839Hz	32	3.839	70.00	0.437
236.132	0.05	Adapter 3839Hz	32	3.839	70.00	0.437
236.212	0.05	Adapter 3839Hz	32	3.839	70.00	0.437
236.472	0.05	Adapter 3839Hz	32	3.839	70.00	0.437
236.552	0.05	Adapter 3839Hz	32	3.839	70.00	0.437
236.632	0.05	Adapter 3839Hz	32	3.839	70.00	0.437
236.712	0.05	Adapter 3839Hz	32	3.839	70.00	0.437
236.972	0.05	Adapter 3839Hz	32	3.839	70.00	0.437
237.052	0.05	Adapter 3839Hz	32	3.839	70.00	0.437
237.132	0.05	Adapter 3839Hz	32	3.839	70.00	0.437
237.212	0.05	Adapter 3839Hz	32	3.839	70.00	0.437
237.472	0.05	Adapter 3839Hz	32	3.839	70.00	0.437
237.552	0.05	Adapter 3839Hz	32	3.839	70.00	0.437
237.632	0.05	Adapter 3839Hz	32	3.839	70.00	0.437
237.712	0.05	Adapter 3839Hz	32	3.839	70.00	0.437
237.972	0.05	Adapter 3839Hz	32	3.839	70.00	0.437
238.052	0.05	Adapter 3839Hz	32	3.839	70.00	0.437
238.132	0.05	Adapter 3839Hz	32	3.839	70.00	0.437
238.212	0.05	Adapter 3839Hz	32	3.839	70.00	0.437
238.472	0.05	Adapter 3839Hz	32	3.839	70.00	0.437
238.552	0.05	Adapter 3839Hz	32	3.839	70.00	0.437
238.632	0.05	Adapter 3839Hz	32	3.839	70.00	0.437
238.712	0.05	Adapter 3839Hz	32	3.839	70.00	0.437
238.972	0.05	Adapter 3839Hz	32	3.839	70.00	0.437
239.052	0.05	Adapter 3839Hz	32	3.839	70.00	0.437
239.132	0.05	Adapter 3839Hz	32	3.839	70.00	0.437
239.212	0.05	Adapter 3839Hz	32	3.839	70.00	0.437
239.472	0.05	Adapter 3839Hz	32	3.839	70.00	0.437
239.552	0.05	Adapter 3839Hz	32	3.839	70.00	0.437
239.632	0.05	Adapter 3839Hz	32	3.839	70.00	0.437
239.712	0.05	Adapter 3839Hz	32	3.839	70.00	0.437
242.476	0.05	Adapter 2423Hz Probe 3839Hz	33	2.423	70.00	0.285
242.556	0.05	Adapter 2423Hz Probe 3839Hz	33	2.423	70.00	0.285
242.636	0.05	Adapter 2423Hz Probe 3839Hz	33	2.423	70.00	0.285
242.716	0.05	Adapter 2423Hz Probe 3839Hz	33	2.423	70.00	0.285
242.796	0.05	Adapter 2423Hz Probe 3839Hz	33	3.839	70.00	0.437
242.976	0.05	Adapter 2423Hz Probe 3839Hz	33	2.423	70.00	0.285
243.056	0.05	Adapter 2423Hz Probe 3839Hz	33	2.423	70.00	0.285
243.136	0.05	Adapter 2423Hz Probe 3839Hz	33	2.423	70.00	0.285
243.216	0.05	Adapter 2423Hz Probe 3839Hz	33	2.423	70.00	0.285
243.296	0.05	Adapter 2423Hz Probe 3839Hz	33	3.839	70.00	0.437
243.476	0.05	Adapter 2423Hz Probe 3839Hz	33	2.423	70.00	0.285
243.556	0.05	Adapter 2423Hz Probe 3839Hz	33	2.423	70.00	0.285
243.636	0.05	Adapter 2423Hz Probe 3839Hz	33	2.423	70.00	0.285
243.716	0.05	Adapter 2423Hz Probe 3839Hz	33	2.423	70.00	0.285
243.796	0.05	Adapter 2423Hz Probe 3839Hz	33	3.839	70.00	0.437
243.976	0.05	Adapter 2423Hz Probe 3839Hz	33	2.423	70.00	0.285
244.056	0.05	Adapter 2423Hz Probe 3839Hz	33	2.423	70.00	0.285
244.136	0.05	Adapter 2423Hz Probe 3839Hz	33	2.423	70.00	0.285
244.216	0.05	Adapter 2423Hz Probe 3839Hz	33	2.423	70.00	0.285
244.296	0.05	Adapter 2423Hz Probe 3839Hz	33	3.839	70.00	0.437
244.476	0.05	Adapter 2423Hz Probe 3839Hz	33	2.423	70.00	0.285
244.556	0.05	Adapter 2423Hz Probe 3839Hz	33	2.423	70.00	0.285
244.636	0.05	Adapter 2423Hz Probe 3839Hz	33	2.423	70.00	0.285
244.716	0.05	Adapter 2423Hz Probe 3839Hz	33	2.423	70.00	0.285
244.796	0.05	Adapter 2423Hz Probe 3839Hz	33	3.839	70.00	0.437
244.976	0.05	Adapter 2423Hz Probe 3839Hz	33	2.423	70.00	0.285
245.056	0.05	Adapter 2423Hz Probe 3839Hz	33	2.423	70.00	0.285
245.136	0.05	Adapter 2423Hz Probe 3839Hz	33	2.423	70.00	0.285
245.216	0.05	Adapter 2423Hz Probe 3839Hz	33	2.423	70.00	0.285
245.296	0.05	Adapter 2423Hz Probe 3839Hz	33	3.839	70.00	0.437
245.476	0.05	Adapter 2423Hz Probe 3839Hz	33	2.423	70.00	0.285
245.556	0.05	Adapter 2423Hz Probe 3839Hz	33	2.423	70.00	0.285
245.636	0.05	Adapter 2423Hz Probe 3839Hz	33	2.423	70.00	0.285
245.716	0.05	Adapter 2423Hz Probe 3839Hz	33	2.423	70.00	0.285
245.796	0.05	Adapter 2423Hz Probe 3839Hz	33	3.839	70.00	0.437
245.976	0.05	Adapter 2423Hz Probe 3839Hz	33	2.423	70.00	0.285
246.056	0.05	Adapter 2423Hz Probe 3839Hz	33	2.423	70.00	0.285
246.136	0.05	Adapter 2423Hz Probe 3839Hz	33	2.423	70.00	0.285
246.216	0.05	Adapter 2423Hz Probe 3839Hz	33	2.423	70.00	0.285
246.296	0.05	Adapter 2423Hz Probe 3839Hz	33	3.839	70.00	0.437
246.476	0.05	Adapter 2423Hz Probe 3839Hz	33	2.423	70.00	0.285
246.556	0.05	Adapter 2423Hz Probe 3839Hz	33	2.423	70.00	0.285
246.636	0.05	Adapter 2423Hz Probe 3839Hz	33	2.423	70.00	0.285
246.716	0.05	Adapter 2423Hz Probe 3839Hz	33	2.423	70.00	0.285
246.796	0.05	Adapter 2423Hz Probe 3839Hz	33	3.839	70.00	0.437
246.976	0.05	Adapter 2423Hz Probe 3839Hz	33	2.423	70.00	0.285
247.056	0.05	Adapter 2423Hz Probe 3839Hz	33	2.423	70.00	0.285
247.136	0.05	Adapter 2423Hz Probe 3839Hz	33	2.423	70.00	0.285
247.216	0.05	Adapter 2423Hz Probe 3839Hz	33	2.423	70.00	0.285
247.296	0.05	Adapter 2423Hz Probe 3839Hz	33	3.839	70.00	0.437
249.995	0.05	Adapter 3839Hz	34	3.839	70.00	0.437
250.075	0.05	Adapter 3839Hz	34	3.839	70.00	0.437
250.155	0.05	Adapter 3839Hz	34	3.839	70.00	0.437
250.235	0.05	Adapter 3839Hz	34	3.839	70.00	0.437
250.495	0.05	Adapter 3839Hz	34	3.839	70.00	0.437
250.575	0.05	Adapter 3839Hz	34	3.839	70.00	0.437
250.655	0.05	Adapter 3839Hz	34	3.839	70.00	0.437
250.735	0.05	Adapter 3839Hz	34	3.839	70.00	0.437
250.995	0.05	Adapter 3839Hz	34	3.839	70.00	0.437
251.075	0.05	Adapter 3839Hz	34	3.839	70.00	0.437
251.155	0.05	Adapter 3839Hz	34	3.839	70.00	0.437
251.235	0.05	Adapter 3839Hz	34	3.839	70.00	0.437
251.495	0.05	Adapter 3839Hz	34	3.839	70.00	0.437
251.575	0.05	Adapter 3839Hz	34	3.839	70.00	0.437
251.655	0.05	Adapter 3839Hz	34	3.839	70.00	0.437
251.735	0.05	Adapter 3839Hz	34	3.839	70.00	0.437
251.995	0.05	Adapter 3839Hz	34	3.839	70.00	0.437
252.075	0.05	Adapter 3839Hz	34	3.839	70.00	0.437
252.155	0.05	Adapter 3839Hz	34	3.839	70.00	0.437
252.235	0.05	Adapter 3839Hz	34	3.839	70.00	0.437
252.495	0.05	Adapter 3839Hz	34	3.839	70.00	0.437
252.575	0.05	Adapter 3839Hz	34	3.839	70.00	0.437
252.655	0.05	Adapter 3839Hz	34	3.839	70.00	0.437
252.735	0.05	Adapter 3839Hz	34	3.839	70.00	0.437
252.995	0.05	Adapter 3839Hz	34	3.839	70.00	0.437
253.075	0.05	Adapter 3839Hz	34	3.839	70.00	0.437
253.155	0.05	Adapter 3839Hz	34	3.839	70.00	0.437
253.235	0.05	Adapter 3839Hz	34	3.839	70.00	0.437
253.495	0.05	Adapter 3839Hz	34	3.839	70.00	0.437
253.575	0.05	Adapter 3839Hz	34	3.839	70.00	0.437
253.655	0.05	Adapter 3839Hz	34	3.839	70.00	0.437
253.735	0.05	Adapter 3839Hz	34	3.839	70.00	0.437
253.995	0.05	Adapter 3839Hz	34	3.839	70.00	0.437
254.075	0.05	Adapter 3839Hz	34	3.839	70.00	0.437
254.155	0.05	Adapter 3839Hz	34	3.839	70.00	0.437
254.235	0.05	Adapter 3839Hz	34	3.839	70.00	0.437
254.495	0.05	Adapter 3839Hz	34	3.839	70.00	0.437
254.575	0.05	Adapter 3839Hz	34	3.839	70.00	0.437
254.655	0.05	Adapter 3839Hz	34	3.839	70.00	0.437
254.735	0.05	Adapter 3839Hz	34	3.839	70.00	0.437
257.514	0.05	Adapter 251Hz	35	0.251	70.00	0.052
257.594	0.05	Adapter 251Hz	35	0.251	70.00	0.052
257.674	0.05	Adapter 251Hz	35	0.251	70.00	0.052
257.754	0.05	Adapter 251Hz	35	0.251	70.00	0.052
258.014	0.05	Adapter 251Hz	35	0.251	70.00	0.052
258.094	0.05	Adapter 251Hz	35	0.251	70.00	0.052
258.174	0.05	Adapter 251Hz	35	0.251	70.00	0.052
258.254	0.05	Adapter 251Hz	35	0.251	70.00	0.052
258.514	0.05	Adapter 251Hz	35	0.251	70.00	0.052
258.594	0.05	Adapter 251Hz	35	0.251	70.00	0.052
258.674	0.05	Adapter 251Hz	35	0.251	70.00	0.052
258.754	0.05	Adapter 251Hz	35	0.251	70.00	0.052
259.014	0.05	Adapter 251Hz	35	0.251	70.00	0.052
259.094	0.05	Adapter 251Hz	35	0.251	70.00	0.052
259.174	0.05	Adapter 251Hz	35	0.251	70.00	0.052
259.254	0.05	Adapter 251Hz	35	0.251	70.00	0.052
259.514	0.05	Adapter 251Hz	35	0.251	70.00	0.052
259.594	0.05	Adapter 251Hz	35	0.251	70.00	0.052
259.674	0.05	Adapter 251Hz	35	0.251	70.00	0.052
259.754	0.05	Adapter 251Hz	35	0.251	70.00	0.052
260.014	0.05	Adapter 251Hz	35	0.251	70.00	0.052
260.094	0.05	Adapter 251Hz	35	0.251	70.00	0.052
260.174	0.05	Adapter 251Hz	35	0.251	70.00	0.052
260.254	0.05	Adapter 251Hz	35	0.251	70.00	0.052
260.514	0.05	Adapter 251Hz	35	0.251	70.00	0.052
260.594	0.05	Adapter 251Hz	35	0.251	70.00	0.052
260.674	0.05	Adapter 251Hz	35	0.251	70.00	0.052
260.754	0.05	Adapter 251Hz	35	0.251	70.00	0.052
261.014	0.05	Adapter 251Hz	35	0.251	70.00	0.052
261.094	0.05	Adapter 251Hz	35	0.251	70.00	0.052
261.174	0.05	Adapter 251Hz	35	0.251	70.00	0.052
261.254	0.05	Adapter 251Hz	35	0.251	70.00	0.052
261.514	0.05	Adapter 251Hz	35	0.251	70.00	0.052
261.594	0.05	Adapter 251Hz	35	0.251	70.00	0.052
261.674	0.05	Adapter 251Hz	35	0.251	70.00	0.052
261.754	0.05	Adapter 251Hz	35	0.251	70.00	0.052
262.014	0.05	Adapter 251Hz	35	0.251	70.00	0.052
262.094	0.05	Adapter 251Hz	35	0.251	70.00	0.052
262.174	0.05	Adapter 251Hz	35	0.251	70.00	0.052
262.254	0.05	Adapter 251Hz	35	0.251	70.00	0.052
265.018	0.05	Adapter 3839Hz Probe 3839Hz	36	3.839	70.00	0.437
265.098	0.05	Adapter 3839Hz Probe 3839Hz	36	3.839	70.00	0.437
265.178	0.05	Adapter 3839Hz Probe 3839Hz	36	3.839	70.00	0.437
265.258	0.05	Adapter 3839Hz Probe 3839Hz	36	3.839	70.00	0.437
265.338	0.05	Adapter 3839Hz Probe 3839Hz	36	3.839	70.00	0.437
265.518	0.05	Adapter 3839Hz Probe 3839Hz	36	3.839	70.00	0.437
265.598	0.05	Adapter 3839Hz Probe 3839Hz	36	3.839	70.00	0.437
265.678	0.05	Adapter 3839Hz Probe 3839Hz	36	3.839	70.00	0.437
265.758	0.05	Adapter 3839Hz Probe 3839Hz	36	3.839	70.00	0.437
265.838	0.05	Adapter 3839Hz Probe 3839Hz	36	3.839	70.00	0.437
266.018	0.05	Adapter 3839Hz Probe 3839Hz	36	3.839	70.00	0.437
266.098	0.05	Adapter 3839Hz Probe 3839Hz	36	3.839	70.00	0.437
266.178	0.05	Adapter 3839Hz Probe 3839Hz	36	3.839	70.00	0.437
266.258	0.05	Adapter 3839Hz Probe 3839Hz	36	3.839	70.00	0.437
266.338	0.05	Adapter 3839Hz Probe 3839Hz	36	3.839	70.00	0.437
266.518	0.05	Adapter 3839Hz Probe 3839Hz	36	3.839	70.00	0.437
266.598	0.05	Adapter 3839Hz Probe 3839Hz	36	3.839	70.00	0.437
266.678	0.05	Adapter 3839Hz Probe 3839Hz	36	3.839	70.00	0.437
266.758	0.05	Adapter 3839Hz Probe 3839Hz	36	3.839	70.00	0.437
266.838	0.05	Adapter 3839Hz Probe 3839Hz	36	3.839	70.00	0.437
267.018	0.05	Adapter 3839Hz Probe 3839Hz	36	3.839	70.00	0.437
267.098	0.05	Adapter 3839Hz Probe 3839Hz	36	3.839	70.00	0.437
267.178	0.05	Adapter 3839Hz Probe 3839Hz	36	3.839	70.00	0.437
267.258	0.05	Adapter 3839Hz Probe 3839Hz	36	3.839	70.00	0.437
267.338	0.05	Adapter 3839Hz Probe 3839Hz	36	3.839	70.00	0.437
267.518	0.05	Adapter 3839Hz Probe 3839Hz	36	3.839	70.00	0.437
267.598	0.05	Adapter 3839Hz Probe 3839Hz	36	3.839	70.00	0.437
267.678	0.05	Adapter 3839Hz Probe 3839Hz	36	3.839	70.00	0.437
267.758	0.05	Adapter 3839Hz Probe 3839Hz	36	3.839	70.00	0.437
267.838	0.05	Adapter 3839Hz Probe 3839Hz	36	3.839	70.00	0.437
268.018	0.05	Adapter 3839Hz Probe 3839Hz	36	3.839	70.00	0.437
268.098	0.05	Adapter 3839Hz Probe 3839Hz	36	3.839	70.00	0.437
268.178	0.05	Adapter 3839Hz Probe 3839Hz	36	3.839	70.00	0.437
268.258	0.05	Adapter 3839Hz Probe 3839Hz	36	3.839	70.00	0.437
268.338	0.05	Adapter 3839Hz Probe 3839Hz	36	3.839	70.00	0.437
268.518	0.05	Adapter 3839Hz Probe 3839Hz	36	3.839	70.00	0.437
268.598	0.05	Adapter 3839Hz Probe 3839Hz	36	3.839	70.00	0.437
268.678	0.05	Adapter 3839Hz Probe 3839Hz	36	3.839	70.00	0.437
268.758	0.05	Adapter 3839Hz Probe 3839Hz	36	3.839	70.00	0.437
268.838	0.05	Adapter 3839Hz Probe 3839Hz	36	3.839	70.00	0.437
269.018	0.05	Adapter 3839Hz Probe 3839Hz	36	3.839	70.00	0.437
269.098	0.05	Adapter 3839Hz Probe 3839Hz	36	3.839	70.00	0.437
269.178	0.05	Adapter 3839Hz Probe 3839Hz	36	3.839	70.00	0.437
269.258	0.05	Adapter 3839Hz Probe 3839Hz	36	3.839	70.00	0.437
269.338	0.05	Adapter 3839Hz Probe 3839Hz	36	3.839	70.00	0.437
269.518	0.05	Adapter 3839Hz Probe 3839Hz	36	3.839	70.00	0.437
269.598	0.05	Adapter 3839Hz Probe 3839Hz	36	3.839	70.00	0.437
269.678	0.05	Adapter 3839Hz Probe 3839Hz	36	3.839	70.00	0.437
269.758	0.05	Adapter 3839Hz Probe 3839Hz	36	3.839	70.00	0.437
269.838	0.05	Adapter 3839Hz Probe 3839Hz	36	3.839	70.00	0.437
272.459	0.05	Adapter 1501Hz	37	1.501	70.00	0.186
272.539	0.05	Adapter 1501Hz	37	1.501	70.00	0.186
272.619	0.05	Adapter 1501Hz	37	1.501	70.00	0.186
272.699	0.05	Adapter 1501Hz	37	1.501	70.00	0.186
272.959	0.05	Adapter 1501Hz	37	1.501	70.00	0.186
273.039	0.05	Adapter 1501Hz	37	1.501	70.00	0.186
273.119	0.05	Adapter 1501Hz	37	1.501	70.00	0.186
273.199	0.05	Adapter 1501Hz	37	1.501	70.00	0.186
273.459	0.05	Adapter 1501Hz	37	1.501	70.00	0.186
273.539	0.05	Adapter 1501Hz	37	1.501	70.00	0.186
273.619	0.05	Adapter 1501Hz	37	1.501	70.00	0.186
273.699	0.05	Adapter 1501Hz	37	1.501	70.00	0.186
273.959	0.05	Adapter 1501Hz	37	1.501	70.00	0.186
274.039	0.05	Adapter 1501Hz	37	1.501	70.00	0.186
274.119	0.05	Adapter 1501Hz	37	1.501	70.00	0.186
274.199	0.05	Adapter 1501Hz	37	1.501	70.00	0.186
274.459	0.05	Adapter 1501Hz	37	1.501	70.00	0.186
274.539	0.05	Adapter 1501Hz	37	1.501	70.00	0.186
274.619	0.05	Adapter 1501Hz	37	1.501	70.00	0.186
274.699	0.05	Adapter 1501Hz	37	1.501	70.00	0.186
274.959	0.05	Adapter 1501Hz	37	1.501	70.00	0.186
275.039	0.05	Adapter 1501Hz	37	1.501	70.00	0.186
275.119	0.05	Adapter 1501Hz	37	1.501	70.00	0.186
275.199	0.05	Adapter 1501Hz	37	1.501	70.00	0.186
275.459	0.05	Adapter 1501Hz	37	1.501	70.00	0.186
275.539	0.05	Adapter 1501Hz	37	1.501	70.00	0.186
275.619	0.05	Adapter 1501Hz	37	1.501	70.00	0.186
275.699	0.05	Adapter 1501Hz	37	1.501	70.00	0.186
275.959	0.05	Adapter 1501Hz	37	1.501	70.00	0.186
276.039	0.05	Adapter 1501Hz	37	1.501	70.00	0.186
276.119	0.05	Adapter 1501Hz	37	1.501	70.00	0.186
276.199	0.05	Adapter 1501Hz	37	1.501	70.00	0.186
276.459	0.05	Adapter 1501Hz	37	1.501	70.00	0.186
276.539	0.05	Adapter 1501Hz	37	1.501	70.00	0.186
276.619	0.05	Adapter 1501Hz	37	1.501	70.00	0.186
276.699	0.05	Adapter 1501Hz	37	1.501	70.00	0.186
276.959	0.05	Adapter 1501Hz	37	1.501	70.00	0.186
277.039	0.05	Adapter 1501Hz	37	1.501	70.00	0.186
277.119	0.05	Adapter 1501Hz	37	1.501	70.00	0.186
277.199	0.05	Adapter 1501Hz	37	1.501	70.00	0.186
279.994	0.05	Adapter 1501Hz Probe 3839Hz	38	1.501	70.00	0.186
280.074	0.05	Adapter 1501Hz Probe 3839Hz	38	1.501	70.00	0.186
280.154	0.05	Adapter 1501Hz Probe 3839Hz	38	1.501	70.00	0.186
280.234	0.05	Adapter 1501Hz Probe 3839Hz	38	1.501	70.00	0.186
280.314	0.05	Adapter 1501Hz Probe 3839Hz	38	3.839	70.00	0.437
280.494	0.05	Adapter 1501Hz Probe 3839Hz	38	1.501	70.00	0.186
280.574	0.05	Adapter 1501Hz Probe 3839Hz	38	1.501	70.00	0.186
280.654	0.05	Adapter 1501Hz Probe 3839Hz	38	1.501	70.00	0.186
280.734	0.05	Adapter 1501Hz Probe 3839Hz	38	1.501	70.00	0.186
280.814	0.05	Adapter 1501Hz Probe 3839Hz	38	3.839	70.00	0.437
280.994	0.05	Adapter 1501Hz Probe 3839Hz	38	1.501	70.00	0.186
281.074	0.05	Adapter 1501Hz Probe 3839Hz	38	1.501	70.00	0.186
281.154	0.05	Adapter 1501Hz Probe 3839Hz	38	1.501	70.00	0.186
281.234	0.05	Adapter 1501Hz Probe 3839Hz	38	1.501	70.00	0.186
281.314	0.05	Adapter 1501Hz Probe 3839Hz	38	3.839	70.00	0.437
281.494	0.05	Adapter 1501Hz Probe 3839Hz	38	1.501	70.00	0.186
281.574	0.05	Adapter 1501Hz Probe 3839Hz	38	1.501	70.00	0.186
281.654	0.05	Adapter 1501Hz Probe 3839Hz	38	1.501	70.00	0.186
281.734	0.05	Adapter 1501Hz Probe 3839Hz	38	1.501	70.00	0.186
281.814	0.05	Adapter 1501Hz Probe 3839Hz	38	3.839	70.00	0.437
281.994	0.05	Adapter 1501Hz Probe 3839Hz	38	1.501	70.00	0.186
282.074	0.05	Adapter 1501Hz Probe 3839Hz	38	1.501	70.00	0.186
282.154	0.05	Adapter 1501Hz Probe 3839Hz	38	1.501	70.00	0.186
282.234	0.05	Adapter 1501Hz Probe 3839Hz	38	1.501	70.00	0.186
282.314	0.05	Adapter 1501Hz Probe 3839Hz	38	3.839	70.00	0.437
282.494	0.05	Adapter 1501Hz Probe 3839Hz	38	1.501	70.00	0.186
282.574	0.05	Adapter 1501Hz Probe 3839Hz	38	1.501	70.00	0.186
282.654	0.05	Adapter 1501Hz Probe 3839Hz	38	1.501	70.00	0.186
282.734	0.05	Adapter 1501Hz Probe 3839Hz	38	1.501	70.00	0.186
282.814	0.05	Adapter 1501Hz Probe 3839Hz	38	3.839	70.00	0.437
282.994	0.05	Adapter 1501Hz Probe 3839Hz	38	1.501	70.00	0.186
283.074	0.05	Adapter 1501Hz Probe 3839Hz	38	1.501	70.00	0.186
283.154	0.05	Adapter 1501Hz Probe 3839Hz	38	1.501	70.00	0.186
283.234	0.05	Adapter 1501Hz Probe 3839Hz	38	1.501	70.00	0.186
283.314	0.05	Adapter 1501Hz Probe 3839Hz	38	3.839	70.00	0.437
283.494	0.05	Adapter 1501Hz Probe 3839Hz	38	1.501	70.00	0.186
283.574	0.05	Adapter 1501Hz Probe 3839Hz	38	1.501	70.00	0.186
283.654	0.05	Adapter 1501Hz Probe 3839Hz	38	1.501	70.00	0.186
283.734	0.05	Adapter 1501Hz Probe 3839Hz	38	1.501	70.00	0.186
283.814	0.05	Adapter 1501Hz Probe 3839Hz	38	3.839	70.00	0.437
283.994	0.05	Adapter 1501Hz Probe 3839Hz	38	1.501	70.00	0.186
284.074	0.05	Adapter 1501Hz Probe 3839Hz	38	1.501	70.00	0.186
284.154	0.05	Adapter 1501Hz Probe 3839Hz	38	1.501	70.00	0.186
284.234	0.05	Adapter 1501Hz Probe 3839Hz	38	1.501	70.00	0.186
284.314	0.05	Adapter 1501Hz Probe 3839Hz	38	3.839	70.00	0.437
284.494	0.05	Adapter 1501Hz Probe 3839Hz	38	1.501	70.00	0.186
284.574	0.05	Adapter 1501Hz Probe 3839Hz	38	1.501	70.00	0.186
284.654	0.05	Adapter 1501Hz Probe 3839Hz	38	1.501	70.00	0.186
284.734	0.05	Adapter 1501Hz Probe 3839Hz	38	1.501	70.00	0.186
284.814	0.05	Adapter 1501Hz Probe 3839Hz	38	3.839	70.00	0.437
287.513	0.05	Adapter 899Hz Probe 3839Hz	39	0.899	70.00	0.121
287.593	0.05	Adapter 899Hz Probe 3839Hz	39	0.899	70.00	0.121
287.673	0.05	Adapter 899Hz Probe 3839Hz	39	0.899	70.00	0.121
287.753	0.05	Adapter 899Hz Probe 3839Hz	39	0.899	70.00	0.121
287.833	0.05	Adapter 899Hz Probe 3839Hz	39	3.839	70.00	0.437
288.013	0.05	Adapter 899Hz Probe 3839Hz	39	0.899	70.00	0.121
288.093	0.05	Adapter 899Hz Probe 3839Hz	39	0.899	70.00	0.121
288.173	0.05	Adapter 899Hz Probe 3839Hz	39	0.899	70.00	0.121
288.253	0.05	Adapter 899Hz Probe 3839Hz	39	0.899	70.00	0.121
288.333	0.05	Adapter 899Hz Probe 3839Hz	39	3.839	70.00	0.437
288.513	0.05	Adapter 899Hz Probe 3839Hz	39	0.899	70.00	0.121
288.593	0.05	Adapter 899Hz Probe 3839Hz	39	0.899	70.00	0.121
288.673	0.05	Adapter 899Hz Probe 3839Hz	39	0.899	70.00	0.121
288.753	0.05	Adapter 899Hz Probe 3839Hz	39	0.899	70.00	0.121
288.833	0.05	Adapter 899Hz Probe 3839Hz	39	3.839	70.00	0.437
289.013	0.05	Adapter 899Hz Probe 3839Hz	39	0.899	70.00	0.121
289.093	0.05	Adapter 899Hz Probe 3839Hz	39	0.899	70.00	0.121
289.173	0.05	Adapter 899Hz Probe 3839Hz	39	0.899	70.00	0.121
289.253	0.05	Adapter 899Hz Probe 3839Hz	39	0.899	70.00	0.121
289.333	0.05	Adapter 899Hz Probe 3839Hz	39	3.839	70.00	0.437
289.513	0.05	Adapter 899Hz Probe 3839Hz	39	0.899	70.00	0.121
289.593	0.05	Adapter 899Hz Probe 3839Hz	39	0.899	70.00	0.121
289.673	0.05	Adapter 899Hz Probe 3839Hz	39	0.899	70.00	0.121
289.753	0.05	Adapter 899Hz Probe 3839Hz	39	0.899	70.00	0.121
289.833	0.05	Adapter 899Hz Probe 3839Hz	39	3.839	70.00	0.437
290.013	0.05	Adapter 899Hz Probe 3839Hz	39	0.899	70.00	0.121
290.093	0.05	Adapter 899Hz Probe 3839Hz	39	0.899	70.00	0.121
290.173	0.05	Adapter 899Hz Probe 3839Hz	39	0.899	70.00	0.121
290.253	0.05	Adapter 899Hz Probe 3839Hz	39	0.899	70.00	0.121
290.333	0.05	Adapter 899Hz Probe 3839Hz	39	3.839	70.00	0.437
290.513	0.05	Adapter 899Hz Probe 3839Hz	39	0.899	70.00	0.121
290.593	0.05	Adapter 899Hz Probe 3839Hz	39	0.899	70.00	0.121
290.673	0.05	Adapter 899Hz Probe 3839Hz	39	0.899	70.00	0.121
290.753	0.05	Adapter 899Hz Probe 3839Hz	39	0.899	70.00	0.121
290.833	0.05	Adapter 899Hz Probe 3839Hz	39	3.839	70.00	0.437
291.013	0.05	Adapter 899Hz Probe 3839Hz	39	0.899	70.00	0.121
291.093	0.05	Adapter 899Hz Probe 3839Hz	39	0.899	70.00	0.121
291.173	0.05	Adapter 899Hz Probe 3839Hz	39	0.899	70.00	0.121
291.253	0.05	Adapter 899Hz Probe 3839Hz	39	0.899	70.00	0.121
291.333	0.05	Adapter 899Hz Probe 3839Hz	39	3.839	70.00	0.437
291.513	0.05	Adapter 899Hz Probe 3839Hz	39	0.899	70.00	0.121
291.593	0.05	Adapter 899Hz Probe 3839Hz	39	0.899	70.00	0.121
291.673	0.05	Adapter 899Hz Probe 3839Hz	39	0.899	70.00	0.121
291.753	0.05	Adapter 899Hz Probe 3839Hz	39	0.899	70.00	0.121
291.833	0.05	Adapter 899Hz Probe 3839Hz	39	3.839	70.00	0.437
292.013	0.05	Adapter 899Hz Probe 3839Hz	39	0.899	70.00	0.121
292.093	0.05	Adapter 899Hz Probe 3839Hz	39	0.899	70.00	0.121
292.173	0.05	Adapter 899Hz Probe 3839Hz	39	0.899	70.00	0.121
292.253	0.05	Adapter 899Hz Probe 3839Hz	39	0.899	70.00	0.121
292.333	0.05	Adapter 899Hz Probe 3839Hz	39	3.839	70.00	0.437
295.305	0.05	Probe 3839Hz	40	3.839	70.00	0.437
295.805	0.05	Probe 3839Hz	40	3.839	70.00	0.437
296.305	0.05	Probe 3839Hz	40	3.839	70.00	0.437
296.805	0.05	Probe 3839Hz	40	3.839	70.00	0.437
297.305	0.05	Probe 3839Hz	40	3.839	70.00	0.437
297.805	0.05	Probe 3839Hz	40	3.839	70.00	0.437
298.305	0.05	Probe 3839Hz	40	3.839	70.00	0.437
298.805	0.05	Probe 3839Hz	40	3.839	70.00	0.437
299.305	0.05	Probe 3839Hz	40	3.839	70.00	0.437
299.805	0.05	Probe 3839Hz	40	3.839	70.00	0.437
309.961	0.05	Adapter 899Hz	42	0.899	70.00	0.121
310.041	0.05	Adapter 899Hz	42	0.899	70.00	0.121
310.121	0.05	Adapter 899Hz	42	0.899	70.00	0.121
310.201	0.05	Adapter 899Hz	42	0.899	70.00	0.121
310.461	0.05	Adapter 899Hz	42	0.899	70.00	0.121
310.541	0.05	Adapter 899Hz	42	0.899	70.00	0.121
310.621	0.05	Adapter 899Hz	42	0.899	70.00	0.121
310.701	0.05	Adapter 899Hz	42	0.899	70.00	0.121
310.961	0.05	Adapter 899Hz	42	0.899	70.00	0.121
311.041	0.05	Adapter 899Hz	42	0.899	70.00	0.121
311.121	0.05	Adapter 899Hz	42	0.899	70.00	0.121
311.201	0.05	Adapter 899Hz	42	0.899	70.00	0.121
311.461	0.05	Adapter 899Hz	42	0.899	70.00	0.121
311.541	0.05	Adapter 899Hz	42	0.899	70.00	0.121
311.621	0.05	Adapter 899Hz	42	0.899	70.00	0.121
311.701	0.05	Adapter 899Hz	42	0.899	70.00	0.121
311.961	0.05	Adapter 899Hz	42	0.899	70.00	0.121
312.041	0.05	Adapter 899Hz	42	0.899	70.00	0.121
312.121	0.05	Adapter 899Hz	42	0.899	70.00	0.121
312.201	0.05	Adapter 899Hz	42	0.899	70.00	0.121
312.461	0.05	Adapter 899Hz	42	0.899	70.00	0.121
312.541	0.05	Adapter 899Hz	42	0.899	70.00	0.121
312.621	0.05	Adapter 899Hz	42	0.899	70.00	0.121
312.701	0.05	Adapter 899Hz	42	0.899	70.00	0.121
312.961	0.05	Adapter 899Hz	42	0.899	70.00	0.121
313.041	0.05	Adapter 899Hz	42	0.899	70.00	0.121
313.121	0.05	Adapter 899Hz	42	0.899	70.00	0.121
313.201	0.05	Adapter 899Hz	42	0.899	70.00	0.121
313.461	0.05	Adapter 899Hz	42	0.899	70.00	0.121
313.541	0.05	Adapter 899Hz	42	0.899	70.00	0.121
313.621	0.05	Adapter 899Hz	42	0.899	70.00	0.121
313.701	0.05	Adapter 899Hz	42	0.899	70.00	0.121
313.961	0.05	Adapter 899Hz	42	0.899	70.00	0.121
314.041	0.05	Adapter 899Hz	42	0.899	70.00	0.121
314.121	0.05	Adapter 899Hz	42	0.899	70.00	0.121
314.201	0.05	Adapter 899Hz	42	0.899	70.00	0.121
314.461	0.05	Adapter 899Hz	42	0.899	70.00	0.121
314.541	0.05	Adapter 899Hz	42	0.899	70.00	0.121
314.621	0.05	Adapter 899Hz	42	0.899	70.00	0.121
314.701	0.05	Adapter 899Hz	42	0.899	70.00	0.121
324.969	0.05	Adapter 2423Hz	44	2.423	70.00	0.285
325.049	0.05	Adapter 2423Hz	44	2.423	70.00	0.285
325.129	0.05	Adapter 2423Hz	44	2.423	70.00	0.285
325.209	0.05	Adapter 2423Hz	44	2.423	70.00	0.285
325.469	0.05	Adapter 2423Hz	44	2.423	70.00	0.285
325.549	0.05	Adapter 2423Hz	44	2.423	70.00	0.285
325.629	0.05	Adapter 2423Hz	44	2.423	70.00	0.285
325.709	0.05	Adapter 2423Hz	44	2.423	70.00	0.285
325.969	0.05	Adapter 2423Hz	44	2.423	70.00	0.285
326.049	0.05	Adapter 2423Hz	44	2.423	70.00	0.285
326.129	0.05	Adapter 2423Hz	44	2.423	70.00	0.285
326.209	0.05	Adapter 2423Hz	44	2.423	70.00	0.285
326.469	0.05	Adapter 2423Hz	44	2.423	70.00	0.285
326.549	0.05	Adapter 2423Hz	44	2.423	70.00	0.285
326.629	0.05	Adapter 2423Hz	44	2.423	70.00	0.285
326.709	0.05	Adapter 2423Hz	44	2.423	70.00	0.285
326.969	0.05	Adapter 2423Hz	44	2.423	70.00	0.285
327.049	0.05	Adapter 2423Hz	44	2.423	70.00	0.285
327.129	0.05	Adapter 2423Hz	44	2.423	70.00	0.285
327.209	0.05	Adapter 2423Hz	44	2.423	70.00	0.285
327.469	0.05	Adapter 2423Hz	44	2.423	70.00	0.285
327.549	0.05	Adapter 2423Hz	44	2.423	70.00	0.285
327.629	0.05	Adapter 2423Hz	44	2.423	70.00	0.285
327.709	0.05	Adapter 2423Hz	44	2.423	70.00	0.285
327.969	0.05	Adapter 2423Hz	44	2.423	70.00	0.285
328.049	0.05	Adapter 2423Hz	44	2.423	70.00	0.285
328.129	0.05	Adapter 2423Hz	44	2.423	70.00	0.285
328.209	0.05	Adapter 2423Hz	44	2.423	70.00	0.285
328.469	0.05	Adapter 2423Hz	44	2.423	70.00	0.285
328.549	0.05	Adapter 2423Hz	44	2.423	70.00	0.285
328.629	0.05	Adapter 2423Hz	44	2.423	70.00	0.285
328.709	0.05	Adapter 2423Hz	44	2.423	70.00	0.285
328.969	0.05	Adapter 2423Hz	44	2.423	70.00	0.285
329.049	0.05	Adapter 2423Hz	44	2.423	70.00	0.285
329.129	0.05	Adapter 2423Hz	44	2.423	70.00	0.285
329.209	0.05	Adapter 2423Hz	44	2.423	70.00	0.285
329.469	0.05	Adapter 2423Hz	44	2.423	70.00	0.285
329.549	0.05	Adapter 2423Hz	44	2.423	70.00	0.285
329.629	0.05	Adapter 2423Hz	44	2.423	70.00	0.285
329.709	0.05	Adapter 2423Hz	44	2.423	70.00	0.285
332.488	0.05	Adapter 6009Hz	45	6.009	70.00	0.671
332.568	0.05	Adapter 6009Hz	45	6.009	70.00	0.671
332.648	0.05	Adapter 6009Hz	45	6.009	70.00	0.671
332.728	0.05	Adapter 6009Hz	45	6.009	70.00	0.671
332.988	0.05	Adapter 6009Hz	45	6.009	70.00	0.671
333.068	0.05	Adapter 6009Hz	45	6.009	70.00	0.671
333.148	0.05	Adapter 6009Hz	45	6.009	70.00	0.671
333.228	0.05	Adapter 6009Hz	45	6.009	70.00	0.671
333.488	0.05	Adapter 6009Hz	45	6.009	70.00	0.671
333.568	0.05	Adapter 6009Hz	45	6.009	70.00	0.671
333.648	0.05	Adapter 6009Hz	45	6.009	70.00	0.671
333.728	0.05	Adapter 6009Hz	45	6.009	70.00	0.671
333.988	0.05	Adapter 6009Hz	45	6.009	70.00	0.671
334.068	0.05	Adapter 6009Hz	45	6.009	70.00	0.671
334.148	0.05	Adapter 6009Hz	45	6.009	70.00	0.671
334.228	0.05	Adapter 6009Hz	45	6.009	70.00	0.671
334.488	0.05	Adapter 6009Hz	45	6.009	70.00	0.671
334.568	0.05	Adapter 6009Hz	45	6.009	70.00	0.671
334.648	0.05	Adapter 6009Hz	45	6.009	70.00	0.671
334.728	0.05	Adapter 6009Hz	45	6.009	70.00	0.671
334.988	0.05	Adapter 6009Hz	45	6.009	70.00	0.671
335.068	0.05	Adapter 6009Hz	45	6.009	70.00	0.671
335.148	0.05	Adapter 6009Hz	45	6.009	70.00	0.671
335.228	0.05	Adapter 6009Hz	45	6.009	70.00	0.671
335.488	0.05	Adapter 6009Hz	45	6.009	70.00	0.671
335.568	0.05	Adapter 6009Hz	45	6.009	70.00	0.671
335.648	0.05	Adapter 6009Hz	45	6.009	70.00	0.671
335.728	0.05	Adapter 6009Hz	45	6.009	70.00	0.671
335.988	0.05	Adapter 6009Hz	45	6.009	70.00	0.671
336.068	0.05	Adapter 6009Hz	45	6.009	70.00	0.671
336.148	0.05	Adapter 6009Hz	45	6.009	70.00	0.671
336.228	0.05	Adapter 6009Hz	45	6.009	70.00	0.671
336.488	0.05	Adapter 6009Hz	45	6.009	70.00	0.671
336.568	0.05	Adapter 6009Hz	45	6.009	70.00	0.671
336.648	0.05	Adapter 6009Hz	45	6.009	70.00	0.671
336.728	0.05	Adapter 6009Hz	45	6.009	70.00	0.671
336.988	0.05	Adapter 6009Hz	45	6.009	70.00	0.671
337.068	0.05	Adapter 6009Hz	45	6.009	70.00	0.671
337.148	0.05	Adapter 6009Hz	45	6.009	70.00	0.671
337.228	0.05	Adapter 6009Hz	45	6.009	70.00	0.671
347.495	0.05	Adapter 507Hz Probe 3839Hz	47	0.507	70.00	0.079
347.575	0.05	Adapter 507Hz Probe 3839Hz	47	0.507	70.00	0.079
347.655	0.05	Adapter 507Hz Probe 3839Hz	47	0.507	70.00	0.079
347.735	0.05	Adapter 507Hz Probe 3839Hz	47	0.507	70.00	0.079
347.815	0.05	Adapter 507Hz Probe 3839Hz	47	3.839	70.00	0.437
347.995	0.05	Adapter 507Hz Probe 3839Hz	47	0.507	70.00	0.079
348.075	0.05	Adapter 507Hz Probe 3839Hz	47	0.507	70.00	0.079
348.155	0.05	Adapter 507Hz Probe 3839Hz	47	0.507	70.00	0.079
348.235	0.05	Adapter 507Hz Probe 3839Hz	47	0.507	70.00	0.079
348.315	0.05	Adapter 507Hz Probe 3839Hz	47	3.839	70.00	0.437
348.495	0.05	Adapter 507Hz Probe 3839Hz	47	0.507	70.00	0.079
348.575	0.05	Adapter 507Hz Probe 3839Hz	47	0.507	70.00	0.079
348.655	0.05	Adapter 507Hz Probe 3839Hz	47	0.507	70.00	0.079
348.735	0.05	Adapter 507Hz Probe 3839Hz	47	0.507	70.00	0.079
348.815	0.05	Adapter 507Hz Probe 3839Hz	47	3.839	70.00	0.437
348.995	0.05	Adapter 507Hz Probe 3839Hz	47	0.507	70.00	0.079
349.075	0.05	Adapter 507Hz Probe 3839Hz	47	0.507	70.00	0.079
349.155	0.05	Adapter 507Hz Probe 3839Hz	47	0.507	70.00	0.079
349.235	0.05	Adapter 507Hz Probe 3839Hz	47	0.507	70.00	0.079
349.315	0.05	Adapter 507Hz Probe 3839Hz	47	3.839	70.00	0.437
349.495	0.05	Adapter 507Hz Probe 3839Hz	47	0.507	70.00	0.079
349.575	0.05	Adapter 507Hz Probe 3839Hz	47	0.507	70.00	0.079
349.655	0.05	Adapter 507Hz Probe 3839Hz	47	0.507	70.00	0.079
349.735	0.05	Adapter 507Hz Probe 3839Hz	47	0.507	70.00	0.079
349.815	0.05	Adapter 507Hz Probe 3839Hz	47	3.839	70.00	0.437
349.995	0.05	Adapter 507Hz Probe 3839Hz	47	0.507	70.00	0.079
350.075	0.05	Adapter 507Hz Probe 3839Hz	47	0.507	70.00	0.079
350.155	0.05	Adapter 507Hz Probe 3839Hz	47	0.507	70.00	0.079
350.235	0.05	Adapter 507Hz Probe 3839Hz	47	0.507	70.00	0.079
350.315	0.05	Adapter 507Hz Probe 3839Hz	47	3.839	70.00	0.437
350.495	0.05	Adapter 507Hz Probe 3839Hz	47	0.507	70.00	0.079
350.575	0.05	Adapter 507Hz Probe 3839Hz	47	0.507	70.00	0.079
350.655	0.05	Adapter 507Hz Probe 3839Hz	47	0.507	70.00	0.079
350.735	0.05	Adapter 507Hz Probe 3839Hz	47	0.507	70.00	0.079
350.815	0.05	Adapter 507Hz Probe 3839Hz	47	3.839	70.00	0.437
350.995	0.05	Adapter 507Hz Probe 3839Hz	47	0.507	70.00	0.079
351.075	0.05	Adapter 507Hz Probe 3839Hz	47	0.507	70.00	0.079
351.155	0.05	Adapter 507Hz Probe 3839Hz	47	0.507	70.00	0.079
351.235	0.05	Adapter 507Hz Probe 3839Hz	47	0.507	70.00	0.079
351.315	0.05	Adapter 507Hz Probe 3839Hz	47	3.839	70.00	0.437
351.495	0.05	Adapter 507Hz Probe 3839Hz	47	0.507	70.00	0.079
351.575	0.05	Adapter 507Hz Probe 3839Hz	47	0.507	70.00	0.079
351.655	0.05	Adapter 507Hz Probe 3839Hz	47	0.507	70.00	0.079
351.735	0.05	Adapter 507Hz Probe 3839Hz	47	0.507	70.00	0.079
351.815	0.05	Adapter 507Hz Probe 3839Hz	47	3.839	70.00	0.437
351.995	0.05	Adapter 507Hz Probe 3839Hz	47	0.507	70.00	0.079
352.075	0.05	Adapter 507Hz Probe 3839Hz	47	0.507	70.00	0.079
352.155	0.05	Adapter 507Hz Probe 3839Hz	47	0.507	70.00	0.079
352.235	0.05	Adapter 507Hz Probe 3839Hz	47	0.507	70.00	0.079
352.315	0.05	Adapter 507Hz Probe 3839Hz	47	3.839	70.00	0.437
354.999	0.05	Adapter 507Hz	48	0.507	70.00	0.079
355.079	0.05	Adapter 507Hz	48	0.507	70.00	0.079
355.159	0.05	Adapter 507Hz	48	0.507	70.00	0.079
355.239	0.05	Adapter 507Hz	48	0.507	70.00	0.079
355.499	0.05	Adapter 507Hz	48	0.507	70.00	0.079
355.579	0.05	Adapter 507Hz	48	0.507	70.00	0.079
355.659	0.05	Adapter 507Hz	48	0.507	70.00	0.079
355.739	0.05	Adapter 507Hz	48	0.507	70.00	0.079
355.999	0.05	Adapter 507Hz	48	0.507	70.00	0.079
356.079	0.05	Adapter 507Hz	48	0.507	70.00	0.079
356.159	0.05	Adapter 507Hz	48	0.507	70.00	0.079
356.239	0.05	Adapter 507Hz	48	0.507	70.00	0.079
356.499	0.05	Adapter 507Hz	48	0.507	70.00	0.079
356.579	0.05	Adapter 507Hz	48	0.507	70.00	0.079
356.659	0.05	Adapter 507Hz	48	0.507	70.00	0.079
356.739	0.05	Adapter 507Hz	48	0.507	70.00	0.079
356.999	0.05	Adapter 507Hz	48	0.507	70.00	0.079
357.079	0.05	Adapter 507Hz	48	0.507	70.00	0.079
357.159	0.05	Adapter 507Hz	48	0.507	70.00	0.079
357.239	0.05	Adapter 507Hz	48	0.507	70.00	0.079
357.499	0.05	Adapter 507Hz	48	0.507	70.00	0.079
357.579	0.05	Adapter 507Hz	48	0.507	70.00	0.079
357.659	0.05	Adapter 507Hz	48	0.507	70.00	0.079
357.739	0.05	Adapter 507Hz	48	0.507	70.00	0.079
357.999	0.05	Adapter 507Hz	48	0.507	70.00	0.079
358.079	0.05	Adapter 507Hz	48	0.507	70.00	0.079
358.159	0.05	Adapter 507Hz	48	0.507	70.00	0.079
358.239	0.05	Adapter 507Hz	48	0.507	70.00	0.079
358.499	0.05	Adapter 507Hz	48	0.507	70.00	0.079
358.579	0.05	Adapter 507Hz	48	0.507	70.00	0.079
358.659	0.05	Adapter 507Hz	48	0.507	70.00	0.079
358.739	0.05	Adapter 507Hz	48	0.507	70.00	0.079
358.999	0.05	Adapter 507Hz	48	0.507	70.00	0.079
359.079	0.05	Adapter 507Hz	48	0.507	70.00	0.079
359.159	0.05	Adapter 507Hz	48	0.507	70.00	0.079
359.239	0.05	Adapter 507Hz	48	0.507	70.00	0.079
359.499	0.05	Adapter 507Hz	48	0.507	70.00	0.079
359.579	0.05	Adapter 507Hz	48	0.507	70.00	0.079
359.659	0.05	Adapter 507Hz	48	0.507	70.00	0.079
359.739	0.05	Adapter 507Hz	48	0.507	70.00	0.079
362.487	0.05	Adapter 6009Hz	49	6.009	70.00	0.671
362.567	0.05	Adapter 6009Hz	49	6.009	70.00	0.671
362.647	0.05	Adapter 6009Hz	49	6.009	70.00	0.671
362.727	0.05	Adapter 6009Hz	49	6.009	70.00	0.671
362.987	0.05	Adapter 6009Hz	49	6.009	70.00	0.671
363.067	0.05	Adapter 6009Hz	49	6.009	70.00	0.671
363.147	0.05	Adapter 6009Hz	49	6.009	70.00	0.671
363.227	0.05	Adapter 6009Hz	49	6.009	70.00	0.671
363.487	0.05	Adapter 6009Hz	49	6.009	70.00	0.671
363.567	0.05	Adapter 6009Hz	49	6.009	70.00	0.671
363.647	0.05	Adapter 6009Hz	49	6.009	70.00	0.671
363.727	0.05	Adapter 6009Hz	49	6.009	70.00	0.671
363.987	0.05	Adapter 6009Hz	49	6.009	70.00	0.671
364.067	0.05	Adapter 6009Hz	49	6.009	70.00	0.671
364.147	0.05	Adapter 6009Hz	49	6.009	70.00	0.671
364.227	0.05	Adapter 6009Hz	49	6.009	70.00	0.671
364.487	0.05	Adapter 6009Hz	49	6.009	70.00	0.671
364.567	0.05	Adapter 6009Hz	49	6.009	70.00	0.671
364.647	0.05	Adapter 6009Hz	49	6.009	70.00	0.671
364.727	0.05	Adapter 6009Hz	49	6.009	70.00	0.671
364.987	0.05	Adapter 6009Hz	49	6.009	70.00	0.671
365.067	0.05	Adapter 6009Hz	49	6.009	70.00	0.671
365.147	0.05	Adapter 6009Hz	49	6.009	70.00	0.671
365.227	0.05	Adapter 6009Hz	49	6.009	70.00	0.671
365.487	0.05	Adapter 6009Hz	49	6.009	70.00	0.671
365.567	0.05	Adapter 6009Hz	49	6.009	70.00	0.671
365.647	0.05	Adapter 6009Hz	49	6.009	70.00	0.671
365.727	0.05	Adapter 6009Hz	49	6.009	70.00	0.671
365.987	0.05	Adapter 6009Hz	49	6.009	70.00	0.671
366.067	0.05	Adapter 6009Hz	49	6.009	70.00	0.671
366.147	0.05	Adapter 6009Hz	49	6.009	70.00	0.671
366.227	0.05	Adapter 6009Hz	49	6.009	70.00	0.671
366.487	0.05	Adapter 6009Hz	49	6.009	70.00	0.671
366.567	0.05	Adapter 6009Hz	49	6.009	70.00	0.671
366.647	0.05	Adapter 6009Hz	49	6.009	70.00	0.671
366.727	0.05	Adapter 6009Hz	49	6.009	70.00	0.671
366.987	0.05	Adapter 6009Hz	49	6.009	70.00	0.671
367.067	0.05	Adapter 6009Hz	49	6.009	70.00	0.671
367.147	0.05	Adapter 6009Hz	49	6.009	70.00	0.671
367.227	0.05	Adapter 6009Hz	49	6.009	70.00	0.671
377.494	0.05	Adapter 899Hz	51	0.899	70.00	0.121
377.574	0.05	Adapter 899Hz	51	0.899	70.00	0.121
377.654	0.05	Adapter 899Hz	51	0.899	70.00	0.121
377.734	0.05	Adapter 899Hz	51	0.899	70.00	0.121
377.994	0.05	Adapter 899Hz	51	0.899	70.00	0.121
378.074	0.05	Adapter 899Hz	51	0.899	70.00	0.121
378.154	0.05	Adapter 899Hz	51	0.899	70.00	0.121
378.234	0.05	Adapter 899Hz	51	0.899	70.00	0.121
378.494	0.05	Adapter 899Hz	51	0.899	70.00	0.121
378.574	0.05	Adapter 899Hz	51	0.899	70.00	0.121
378.654	0.05	Adapter 899Hz	51	0.899	70.00	0.121
378.734	0.05	Adapter 899Hz	51	0.899	70.00	0.121
378.994	0.05	Adapter 899Hz	51	0.899	70.00	0.121
379.074	0.05	Adapter 899Hz	51	0.899	70.00	0.121
379.154	0.05	Adapter 899Hz	51	0.899	70.00	0.121
379.234	0.05	Adapter 899Hz	51	0.899	70.00	0.121
379.494	0.05	Adapter 899Hz	51	0.899	70.00	0.121
379.574	0.05	Adapter 899Hz	51	0.899	70.00	0.121
379.654	0.05	Adapter 899Hz	51	0.899	70.00	0.121
379.734	0.05	Adapter 899Hz	51	0.899	70.00	0.121
379.994	0.05	Adapter 899Hz	51	0.899	70.00	0.121
380.074	0.05	Adapter 899Hz	51	0.899	70.00	0.121
380.154	0.05	Adapter 899Hz	51	0.899	70.00	0.121
380.234	0.05	Adapter 899Hz	51	0.899	70.00	0.121
380.494	0.05	Adapter 899Hz	51	0.899	70.00	0.121
380.574	0.05	Adapter 899Hz	51	0.899	70.00	0.121
380.654	0.05	Adapter 899Hz	51	0.899	70.00	0.121
380.734	0.05	Adapter 899Hz	51	0.899	70.00	0.121
380.994	0.05	Adapter 899Hz	51	0.899	70.00	0.121
381.074	0.05	Adapter 899Hz	51	0.899	70.00	0.121
381.154	0.05	Adapter 899Hz	51	0.899	70.00	0.121
381.234	0.05	Adapter 899Hz	51	0.899	70.00	0.121
381.494	0.05	Adapter 899Hz	51	0.899	70.00	0.121
381.574	0.05	Adapter 899Hz	51	0.899	70.00	0.121
381.654	0.05	Adapter 899Hz	51	0.899	70.00	0.121
381.734	0.05	Adapter 899Hz	51	0.899	70.00	0.121
381.994	0.05	Adapter 899Hz	51	0.899	70.00	0.121
382.074	0.05	Adapter 899Hz	51	0.899	70.00	0.121
382.154	0.05	Adapter 899Hz	51	0.899	70.00	0.121
382.234	0.05	Adapter 899Hz	51	0.899	70.00	0.121
385.286	0.05	Probe 3839Hz	52	3.839	70.00	0.437
385.786	0.05	Probe 3839Hz	52	3.839	70.00	0.437
386.286	0.05	Probe 3839Hz	52	3.839	70.00	0.437
386.786	0.05	Probe 3839Hz	52	3.839	70.00	0.437
387.286	0.05	Probe 3839Hz	52	3.839	70.00	0.437
387.786	0.05	Probe 3839Hz	52	3.839	70.00	0.437
388.286	0.05	Probe 3839Hz	52	3.839	70.00	0.437
388.786	0.05	Probe 3839Hz	52	3.839	70.00	0.437
389.286	0.05	Probe 3839Hz	52	3.839	70.00	0.437
389.786	0.05	Probe 3839Hz	52	3.839	70.00	0.437
392.47	0.05	Adapter 251Hz	53	0.251	70.00	0.052
392.55	0.05	Adapter 251Hz	53	0.251	70.00	0.052
392.63	0.05	Adapter 251Hz	53	0.251	70.00	0.052
392.71	0.05	Adapter 251Hz	53	0.251	70.00	0.052
392.97	0.05	Adapter 251Hz	53	0.251	70.00	0.052
393.05	0.05	Adapter 251Hz	53	0.251	70.00	0.052
393.13	0.05	Adapter 251Hz	53	0.251	70.00	0.052
393.21	0.05	Adapter 251Hz	53	0.251	70.00	0.052
393.47	0.05	Adapter 251Hz	53	0.251	70.00	0.052
393.55	0.05	Adapter 251Hz	53	0.251	70.00	0.052
393.63	0.05	Adapter 251Hz	53	0.251	70.00	0.052
393.71	0.05	Adapter 251Hz	53	0.251	70.00	0.052
393.97	0.05	Adapter 251Hz	53	0.251	70.00	0.052
394.05	0.05	Adapter 251Hz	53	0.251	70.00	0.052
394.13	0.05	Adapter 251Hz	53	0.251	70.00	0.052
394.21	0.05	Adapter 251Hz	53	0.251	70.00	0.052
394.47	0.05	Adapter 251Hz	53	0.251	70.00	0.052
394.55	0.05	Adapter 251Hz	53	0.251	70.00	0.052
394.63	0.05	Adapter 251Hz	53	0.251	70.00	0.052
394.71	0.05	Adapter 251Hz	53	0.251	70.00	0.052
394.97	0.05	Adapter 251Hz	53	0.251	70.00	0.052
395.05	0.05	Adapter 251Hz	53	0.251	70.00	0.052
395.13	0.05	Adapter 251Hz	53	0.251	70.00	0.052
395.21	0.05	Adapter 251Hz	53	0.251	70.00	0.052
395.47	0.05	Adapter 251Hz	53	0.251	70.00	0.052
395.55	0.05	Adapter 251Hz	53	0.251	70.00	0.052
395.63	0.05	Adapter 251Hz	53	0.251	70.00	0.052
395.71	0.05	Adapter 251Hz	53	0.251	70.00	0.052
395.97	0.05	Adapter 251Hz	53	0.251	70.00	0.052
396.05	0.05	Adapter 251Hz	53	0.251	70.00	0.052
396.13	0.05	Adapter 251Hz	53	0.251	70.00	0.052
396.21	0.05	Adapter 251Hz	53	0.251	70.00	0.052
396.47	0.05	Adapter 251Hz	53	0.251	70.00	0.052
396.55	0.05	Adapter 251Hz	53	0.251	70.00	0.052
396.63	0.05	Adapter 251Hz	53	0.251	70.00	0.052
396.71	0.05	Adapter 251Hz	53	0.251	70.00	0.052
396.97	0.05	Adapter 251Hz	53	0.251	70.00	0.052
397.05	0.05	Adapter 251Hz	53	0.251	70.00	0.052
397.13	0.05	Adapter 251Hz	53	0.251	70.00	0.052
397.21	0.05	Adapter 251Hz	53	0.251	70.00	0.052
399.973	0.05	Adapter 2423Hz Probe 3839Hz	54	2.423	70.00	0.285
400.053	0.05	Adapter 2423Hz Probe 3839Hz	54	2.423	70.00	0.285
400.133	0.05	Adapter 2423Hz Probe 3839Hz	54	2.423	70.00	0.285
400.213	0.05	Adapter 2423Hz Probe 3839Hz	54	2.423	70.00	0.285
400.293	0.05	Adapter 2423Hz Probe 3839Hz	54	3.839	70.00	0.437
400.473	0.05	Adapter 2423Hz Probe 3839Hz	54	2.423	70.00	0.285
400.553	0.05	Adapter 2423Hz Probe 3839Hz	54	2.423	70.00	0.285
400.633	0.05	Adapter 2423Hz Probe 3839Hz	54	2.423	70.00	0.285
400.713	0.05	Adapter 2423Hz Probe 3839Hz	54	2.423	70.00	0.285
400.793	0.05	Adapter 2423Hz Probe 3839Hz	54	3.839	70.00	0.437
400.973	0.05	Adapter 2423Hz Probe 3839Hz	54	2.423	70.00	0.285
401.053	0.05	Adapter 2423Hz Probe 3839Hz	54	2.423	70.00	0.285
401.133	0.05	Adapter 2423Hz Probe 3839Hz	54	2.423	70.00	0.285
401.213	0.05	Adapter 2423Hz Probe 3839Hz	54	2.423	70.00	0.285
401.293	0.05	Adapter 2423Hz Probe 3839Hz	54	3.839	70.00	0.437
401.473	0.05	Adapter 2423Hz Probe 3839Hz	54	2.423	70.00	0.285
401.553	0.05	Adapter 2423Hz Probe 3839Hz	54	2.423	70.00	0.285
401.633	0.05	Adapter 2423Hz Probe 3839Hz	54	2.423	70.00	0.285
401.713	0.05	Adapter 2423Hz Probe 3839Hz	54	2.423	70.00	0.285
401.793	0.05	Adapter 2423Hz Probe 3839Hz	54	3.839	70.00	0.437
401.973	0.05	Adapter 2423Hz Probe 3839Hz	54	2.423	70.00	0.285
402.053	0.05	Adapter 2423Hz Probe 3839Hz	54	2.423	70.00	0.285
402.133	0.05	Adapter 2423Hz Probe 3839Hz	54	2.423	70.00	0.285
402.213	0.05	Adapter 2423Hz Probe 3839Hz	54	2.423	70.00	0.285
402.293	0.05	Adapter 2423Hz Probe 3839Hz	54	3.839	70.00	0.437
402.473	0.05	Adapter 2423Hz Probe 3839Hz	54	2.423	70.00	0.285
402.553	0.05	Adapter 2423Hz Probe 3839Hz	54	2.423	70.00	0.285
402.633	0.05	Adapter 2423Hz Probe 3839Hz	54	2.423	70.00	0.285
402.713	0.05	Adapter 2423Hz Probe 3839Hz	54	2.423	70.00	0.285
402.793	0.05	Adapter 2423Hz Probe 3839Hz	54	3.839	70.00	0.437
402.973	0.05	Adapter 2423Hz Probe 3839Hz	54	2.423	70.00	0.285
403.053	0.05	Adapter 2423Hz Probe 3839Hz	54	2.423	70.00	0.285
403.133	0.05	Adapter 2423Hz Probe 3839Hz	54	2.423	70.00	0.285
403.213	0.05	Adapter 2423Hz Probe 3839Hz	54	2.423	70.00	0.285
403.293	0.05	Adapter 2423Hz Probe 3839Hz	54	3.839	70.00	0.437
403.473	0.05	Adapter 2423Hz Probe 3839Hz	54	2.423	70.00	0.285
403.553	0.05	Adapter 2423Hz Probe 3839Hz	54	2.423	70.00	0.285
403.633	0.05	Adapter 2423Hz Probe 3839Hz	54	2.423	70.00	0.285
403.713	0.05	Adapter 2423Hz Probe 3839Hz	54	2.423	70.00	0.285
403.793	0.05	Adapter 2423Hz Probe 3839Hz	54	3.839	70.00	0.437
403.973	0.05	Adapter 2423Hz Probe 3839Hz	54	2.423	70.00	0.285
404.053	0.05	Adapter 2423Hz Probe 3839Hz	54	2.423	70.00	0.285
404.133	0.05	Adapter 2423Hz Probe 3839Hz	54	2.423	70.00	0.285
404.213	0.05	Adapter 2423Hz Probe 3839Hz	54	2.423	70.00	0.285
404.293	0.05	Adapter 2423Hz Probe 3839Hz	54	3.839	70.00	0.437
404.473	0.05	Adapter 2423Hz Probe 3839Hz	54	2.423	70.00	0.285
404.553	0.05	Adapter 2423Hz Probe 3839Hz	54	2.423	70.00	0.285
404.633	0.05	Adapter 2423Hz Probe 3839Hz	54	2.423	70.00	0.285
404.713	0.05	Adapter 2423Hz Probe 3839Hz	54	2.423	70.00	0.285
404.793	0.05	Adapter 2423Hz Probe 3839Hz	54	3.839	70.00	0.437
407.477	0.05	Adapter 2423Hz	55	2.423	70.00	0.285
407.557	0.05	Adapter 2423Hz	55	2.423	70.00	0.285
407.637	0.05	Adapter 2423Hz	55	2.423	70.00	0.285
407.717	0.05	Adapter 2423Hz	55	2.423	70.00	0.285
407.977	0.05	Adapter 2423Hz	55	2.423	70.00	0.285
408.057	0.05	Adapter 2423Hz	55	2.423	70.00	0.285
408.137	0.05	Adapter 2423Hz	55	2.423	70.00	0.285
408.217	0.05	Adapter 2423Hz	55	2.423	70.00	0.285
408.477	0.05	Adapter 2423Hz	55	2.423	70.00	0.285
408.557	0.05	Adapter 2423Hz	55	2.423	70.00	0.285
408.637	0.05	Adapter 2423Hz	55	2.423	70.00	0.285
408.717	0.05	Adapter 2423Hz	55	2.423	70.00	0.285
408.977	0.05	Adapter 2423Hz	55	2.423	70.00	0.285
409.057	0.05	Adapter 2423Hz	55	2.423	70.00	0.285
409.137	0.05	Adapter 2423Hz	55	2.423	70.00	0.285
409.217	0.05	Adapter 2423Hz	55	2.423	70.00	0.285
409.477	0.05	Adapter 2423Hz	55	2.423	70.00	0.285
409.557	0.05	Adapter 2423Hz	55	2.423	70.00	0.285
409.637	0.05	Adapter 2423Hz	55	2.423	70.00	0.285
409.717	0.05	Adapter 2423Hz	55	2.423	70.00	0.285
409.977	0.05	Adapter 2423Hz	55	2.423	70.00	0.285
410.057	0.05	Adapter 2423Hz	55	2.423	70.00	0.285
410.137	0.05	Adapter 2423Hz	55	2.423	70.00	0.285
410.217	0.05	Adapter 2423Hz	55	2.423	70.00	0.285
410.477	0.05	Adapter 2423Hz	55	2.423	70.00	0.285
410.557	0.05	Adapter 2423Hz	55	2.423	70.00	0.285
410.637	0.05	Adapter 2423Hz	55	2.423	70.00	0.285
410.717	0.05	Adapter 2423Hz	55	2.423	70.00	0.285
410.977	0.05	Adapter 2423Hz	55	2.423	70.00	0.285
411.057	0.05	Adapter 2423Hz	55	2.423	70.00	0.285
411.137	0.05	Adapter 2423Hz	55	2.423	70.00	0.285
411.217	0.05	Adapter 2423Hz	55	2.423	70.00	0.285
411.477	0.05	Adapter 2423Hz	55	2.423	70.00	0.285
411.557	0.05	Adapter 2423Hz	55	2.423	70.00	0.285
411.637	0.05	Adapter 2423Hz	55	2.423	70.00	0.285
411.717	0.05	Adapter 2423Hz	55	2.423	70.00	0.285
411.977	0.05	Adapter 2423Hz	55	2.423	70.00	0.285
412.057	0.05	Adapter 2423Hz	55	2.423	70.00	0.285
412.137	0.05	Adapter 2423Hz	55	2.423	70.00	0.285
412.217	0.05	Adapter 2423Hz	55	2.423	70.00	0.285
415.012	0.05	Adapter 3839Hz	56	3.839	70.00	0.437
415.092	0.05	Adapter 3839Hz	56	3.839	70.00	0.437
415.172	0.05	Adapter 3839Hz	56	3.839	70.00	0.437
415.252	0.05	Adapter 3839Hz	56	3.839	70.00	0.437
415.512	0.05	Adapter 3839Hz	56	3.839	70.00	0.437
415.592	0.05	Adapter 3839Hz	56	3.839	70.00	0.437
415.672	0.05	Adapter 3839Hz	56	3.839	70.00	0.437
415.752	0.05	Adapter 3839Hz	56	3.839	70.00	0.437
416.012	0.05	Adapter 3839Hz	56	3.839	70.00	0.437
416.092	0.05	Adapter 3839Hz	56	3.839	70.00	0.437
416.172	0.05	Adapter 3839Hz	56	3.839	70.00	0.437
416.252	0.05	Adapter 3839Hz	56	3.839	70.00	0.437
416.512	0.05	Adapter 3839Hz	56	3.839	70.00	0.437
416.592	0.05	Adapter 3839Hz	56	3.839	70.00	0.437
416.672	0.05	Adapter 3839Hz	56	3.839	70.00	0.437
416.752	0.05	Adapter 3839Hz	56	3.839	70.00	0.437
417.012	0.05	Adapter 3839Hz	56	3.839	70.00	0.437
417.092	0.05	Adapter 3839Hz	56	3.839	70.00	0.437
417.172	0.05	Adapter 3839Hz	56	3.839	70.00	0.437
417.252	0.05	Adapter 3839Hz	56	3.839	70.00	0.437
417.512	0.05	Adapter 3839Hz	56	3.839	70.00	0.437
417.592	0.05	Adapter 3839Hz	56	3.839	70.00	0.437
417.672	0.05	Adapter 3839Hz	56	3.839	70.00	0.437
417.752	0.05	Adapter 3839Hz	56	3.839	70.00	0.437
418.012	0.05	Adapter 3839Hz	56	3.839	70.00	0.437
418.092	0.05	Adapter 3839Hz	56	3.839	70.00	0.437
418.172	0.05	Adapter 3839Hz	56	3.839	70.00	0.437
418.252	0.05	Adapter 3839Hz	56	3.839	70.00	0.437
418.512	0.05	Adapter 3839Hz	56	3.839	70.00	0.437
418.592	0.05	Adapter 3839Hz	56	3.839	70.00	0.437
418.672	0.05	Adapter 3839Hz	56	3.839	70.00	0.437
418.752	0.05	Adapter 3839Hz	56	3.839	70.00	0.437
419.012	0.05	Adapter 3839Hz	56	3.839	70.00	0.437
419.092	0.05	Adapter 3839Hz	56	3.839	70.00	0.437
419.172	0.05	Adapter 3839Hz	56	3.839	70.00	0.437
419.252	0.05	Adapter 3839Hz	56	3.839	70.00	0.437
419.512	0.05	Adapter 3839Hz	56	3.839	70.00	0.437
419.592	0.05	Adapter 3839Hz	56	3.839	70.00	0.437
419.672	0.05	Adapter 3839Hz	56	3.839	70.00	0.437
419.752	0.05	Adapter 3839Hz	56	3.839	70.00	0.437
422.484	0.05	Adapter 3839Hz Probe 3839Hz	57	3.839	70.00	0.437
422.564	0.05	Adapter 3839Hz Probe 3839Hz	57	3.839	70.00	0.437
422.644	0.05	Adapter 3839Hz Probe 3839Hz	57	3.839	70.00	0.437
422.724	0.05	Adapter 3839Hz Probe 3839Hz	57	3.839	70.00	0.437
422.804	0.05	Adapter 3839Hz Probe 3839Hz	57	3.839	70.00	0.437
422.984	0.05	Adapter 3839Hz Probe 3839Hz	57	3.839	70.00	0.437
423.064	0.05	Adapter 3839Hz Probe 3839Hz	57	3.839	70.00	0.437
423.144	0.05	Adapter 3839Hz Probe 3839Hz	57	3.839	70.00	0.437
423.224	0.05	Adapter 3839Hz Probe 3839Hz	57	3.839	70.00	0.437
423.304	0.05	Adapter 3839Hz Probe 3839Hz	57	3.839	70.00	0.437
423.484	0.05	Adapter 3839Hz Probe 3839Hz	57	3.839	70.00	0.437
423.564	0.05	Adapter 3839Hz Probe 3839Hz	57	3.839	70.00	0.437
423.644	0.05	Adapter 3839Hz Probe 3839Hz	57	3.839	70.00	0.437
423.724	0.05	Adapter 3839Hz Probe 3839Hz	57	3.839	70.00	0.437
423.804	0.05	Adapter 3839Hz Probe 3839Hz	57	3.839	70.00	0.437
423.984	0.05	Adapter 3839Hz Probe 3839Hz	57	3.839	70.00	0.437
424.064	0.05	Adapter 3839Hz Probe 3839Hz	57	3.839	70.00	0.437
424.144	0.05	Adapter 3839Hz Probe 3839Hz	57	3.839	70.00	0.437
424.224	0.05	Adapter 3839Hz Probe 3839Hz	57	3.839	70.00	0.437
424.304	0.05	Adapter 3839Hz Probe 3839Hz	57	3.839	70.00	0.437
424.484	0.05	Adapter 3839Hz Probe 3839Hz	57	3.839	70.00	0.437
424.564	0.05	Adapter 3839Hz Probe 3839Hz	57	3.839	70.00	0.437
424.644	0.05	Adapter 3839Hz Probe 3839Hz	57	3.839	70.00	0.437
424.724	0.05	Adapter 3839Hz Probe 3839Hz	57	3.839	70.00	0.437
424.804	0.05	Adapter 3839Hz Probe 3839Hz	57	3.839	70.00	0.437
424.984	0.05	Adapter 3839Hz Probe 3839Hz	57	3.839	70.00	0.437
425.064	0.05	Adapter 3839Hz Probe 3839Hz	57	3.839	70.00	0.437
425.144	0.05	Adapter 3839Hz Probe 3839Hz	57	3.839	70.00	0.437
425.224	0.05	Adapter 3839Hz Probe 3839Hz	57	3.839	70.00	0.437
425.304	0.05	Adapter 3839Hz Probe 3839Hz	57	3.839	70.00	0.437
425.484	0.05	Adapter 3839Hz Probe 3839Hz	57	3.839	70.00	0.437
425.564	0.05	Adapter 3839Hz Probe 3839Hz	57	3.839	70.00	0.437
425.644	0.05	Adapter 3839Hz Probe 3839Hz	57	3.839	70.00	0.437
425.724	0.05	Adapter 3839Hz Probe 3839Hz	57	3.839	70.00	0.437
425.804	0.05	Adapter 3839Hz Probe 3839Hz	57	3.839	70.00	0.437
425.984	0.05	Adapter 3839Hz Probe 3839Hz	57	3.839	70.00	0.437
426.064	0.05	Adapter 3839Hz Probe 3839Hz	57	3.839	70.00	0.437
426.144	0.05	Adapter 3839Hz Probe 3839Hz	57	3.839	70.00	0.437
426.224	0.05	Adapter 3839Hz Probe 3839Hz	57	3.839	70.00	0.437
426.304	0.05	Adapter 3839Hz Probe 3839Hz	57	3.839	70.00	0.437
426.484	0.05	Adapter 3839Hz Probe 3839Hz	57	3.839	70.00	0.437
426.564	0.05	Adapter 3839Hz Probe 3839Hz	57	3.839	70.00	0.437
426.644	0.05	Adapter 3839Hz Probe 3839Hz	57	3.839	70.00	0.437
426.724	0.05	Adapter 3839Hz Probe 3839Hz	57	3.839	70.00	0.437
426.804	0.05	Adapter 3839Hz Probe 3839Hz	57	3.839	70.00	0.437
426.984	0.05	Adapter 3839Hz Probe 3839Hz	57	3.839	70.00	0.437
427.064	0.05	Adapter 3839Hz Probe 3839Hz	57	3.839	70.00	0.437
427.144	0.05	Adapter 3839Hz Probe 3839Hz	57	3.839	70.00	0.437
427.224	0.05	Adapter 3839Hz Probe 3839Hz	57	3.839	70.00	0.437
427.304	0.05	Adapter 3839Hz Probe 3839Hz	57	3.839	70.00	0.437
430.019	0.05	Adapter 507Hz Probe 3839Hz	58	0.507	70.00	0.079
430.099	0.05	Adapter 507Hz Probe 3839Hz	58	0.507	70.00	0.079
430.179	0.05	Adapter 507Hz Probe 3839Hz	58	0.507	70.00	0.079
430.259	0.05	Adapter 507Hz Probe 3839Hz	58	0.507	70.00	0.079
430.339	0.05	Adapter 507Hz Probe 3839Hz	58	3.839	70.00	0.437
430.519	0.05	Adapter 507Hz Probe 3839Hz	58	0.507	70.00	0.079
430.599	0.05	Adapter 507Hz Probe 3839Hz	58	0.507	70.00	0.079
430.679	0.05	Adapter 507Hz Probe 3839Hz	58	0.507	70.00	0.079
430.759	0.05	Adapter 507Hz Probe 3839Hz	58	0.507	70.00	0.079
430.839	0.05	Adapter 507Hz Probe 3839Hz	58	3.839	70.00	0.437
431.019	0.05	Adapter 507Hz Probe 3839Hz	58	0.507	70.00	0.079
431.099	0.05	Adapter 507Hz Probe 3839Hz	58	0.507	70.00	0.079
431.179	0.05	Adapter 507Hz Probe 3839Hz	58	0.507	70.00	0.079
431.259	0.05	Adapter 507Hz Probe 3839Hz	58	0.507	70.00	0.079
431.339	0.05	Adapter 507Hz Probe 3839Hz	58	3.839	70.00	0.437
431.519	0.05	Adapter 507Hz Probe 3839Hz	58	0.507	70.00	0.079
431.599	0.05	Adapter 507Hz Probe 3839Hz	58	0.507	70.00	0.079
431.679	0.05	Adapter 507Hz Probe 3839Hz	58	0.507	70.00	0.079
431.759	0.05	Adapter 507Hz Probe 3839Hz	58	0.507	70.00	0.079
431.839	0.05	Adapter 507Hz Probe 3839Hz	58	3.839	70.00	0.437
432.019	0.05	Adapter 507Hz Probe 3839Hz	58	0.507	70.00	0.079
432.099	0.05	Adapter 507Hz Probe 3839Hz	58	0.507	70.00	0.079
432.179	0.05	Adapter 507Hz Probe 3839Hz	58	0.507	70.00	0.079
432.259	0.05	Adapter 507Hz Probe 3839Hz	58	0.507	70.00	0.079
432.339	0.05	Adapter 507Hz Probe 3839Hz	58	3.839	70.00	0.437
432.519	0.05	Adapter 507Hz Probe 3839Hz	58	0.507	70.00	0.079
432.599	0.05	Adapter 507Hz Probe 3839Hz	58	0.507	70.00	0.079
432.679	0.05	Adapter 507Hz Probe 3839Hz	58	0.507	70.00	0.079
432.759	0.05	Adapter 507Hz Probe 3839Hz	58	0.507	70.00	0.079
432.839	0.05	Adapter 507Hz Probe 3839Hz	58	3.839	70.00	0.437
433.019	0.05	Adapter 507Hz Probe 3839Hz	58	0.507	70.00	0.079
433.099	0.05	Adapter 507Hz Probe 3839Hz	58	0.507	70.00	0.079
433.179	0.05	Adapter 507Hz Probe 3839Hz	58	0.507	70.00	0.079
433.259	0.05	Adapter 507Hz Probe 3839Hz	58	0.507	70.00	0.079
433.339	0.05	Adapter 507Hz Probe 3839Hz	58	3.839	70.00	0.437
433.519	0.05	Adapter 507Hz Probe 3839Hz	58	0.507	70.00	0.079
433.599	0.05	Adapter 507Hz Probe 3839Hz	58	0.507	70.00	0.079
433.679	0.05	Adapter 507Hz Probe 3839Hz	58	0.507	70.00	0.079
433.759	0.05	Adapter 507Hz Probe 3839Hz	58	0.507	70.00	0.079
433.839	0.05	Adapter 507Hz Probe 3839Hz	58	3.839	70.00	0.437
434.019	0.05	Adapter 507Hz Probe 3839Hz	58	0.507	70.00	0.079
434.099	0.05	Adapter 507Hz Probe 3839Hz	58	0.507	70.00	0.079
434.179	0.05	Adapter 507Hz Probe 3839Hz	58	0.507	70.00	0.079
434.259	0.05	Adapter 507Hz Probe 3839Hz	58	0.507	70.00	0.079
434.339	0.05	Adapter 507Hz Probe 3839Hz	58	3.839	70.00	0.437
434.519	0.05	Adapter 507Hz Probe 3839Hz	58	0.507	70.00	0.079
434.599	0.05	Adapter 507Hz Probe 3839Hz	58	0.507	70.00	0.079
434.679	0.05	Adapter 507Hz Probe 3839Hz	58	0.507	70.00	0.079
434.759	0.05	Adapter 507Hz Probe 3839Hz	58	0.507	70.00	0.079
434.839	0.05	Adapter 507Hz Probe 3839Hz	58	3.839	70.00	0.437
444.995	0.05	Adapter 507Hz	60	0.507	70.00	0.079
445.075	0.05	Adapter 507Hz	60	0.507	70.00	0.079
445.155	0.05	Adapter 507Hz	60	0.507	70.00	0.079
445.235	0.05	Adapter 507Hz	60	0.507	70.00	0.079
445.495	0.05	Adapter 507Hz	60	0.507	70.00	0.079
445.575	0.05	Adapter 507Hz	60	0.507	70.00	0.079
445.655	0.05	Adapter 507Hz	60	0.507	70.00	0.079
445.735	0.05	Adapter 507Hz	60	0.507	70.00	0.079
445.995	0.05	Adapter 507Hz	60	0.507	70.00	0.079
446.075	0.05	Adapter 507Hz	60	0.507	70.00	0.079
446.155	0.05	Adapter 507Hz	60	0.507	70.00	0.079
446.235	0.05	Adapter 507Hz	60	0.507	70.00	0.079
446.495	0.05	Adapter 507Hz	60	0.507	70.00	0.079
446.575	0.05	Adapter 507Hz	60	0.507	70.00	0.079
446.655	0.05	Adapter 507Hz	60	0.507	70.00	0.079
446.735	0.05	Adapter 507Hz	60	0.507	70.00	0.079
446.995	0.05	Adapter 507Hz	60	0.507	70.00	0.079
447.075	0.05	Adapter 507Hz	60	0.507	70.00	0.079
447.155	0.05	Adapter 507Hz	60	0.507	70.00	0.079
447.235	0.05	Adapter 507Hz	60	0.507	70.00	0.079
447.495	0.05	Adapter 507Hz	60	0.507	70.00	0.079
447.575	0.05	Adapter 507Hz	60	0.507	70.00	0.079
447.655	0.05	Adapter 507Hz	60	0.507	70.00	0.079
447.735	0.05	Adapter 507Hz	60	0.507	70.00	0.079
447.995	0.05	Adapter 507Hz	60	0.507	70.00	0.079
448.075	0.05	Adapter 507Hz	60	0.507	70.00	0.079
448.155	0.05	Adapter 507Hz	60	0.507	70.00	0.079
448.235	0.05	Adapter 507Hz	60	0.507	70.00	0.079
448.495	0.05	Adapter 507Hz	60	0.507	70.00	0.079
448.575	0.05	Adapter 507Hz	60	0.507	70.00	0.079
448.655	0.05	Adapter 507Hz	60	0.507	70.00	0.079
448.735	0.05	Adapter 507Hz	60	0.507	70.00	0.079
448.995	0.05	Adapter 507Hz	60	0.507	70.00	0.079
449.075	0.05	Adapter 507Hz	60	0.507	70.00	0.079
449.155	0.05	Adapter 507Hz	60	0.507	70.00	0.079
449.235	0.05	Adapter 507Hz	60	0.507	70.00	0.079
449.495	0.05	Adapter 507Hz	60	0.507	70.00	0.079
449.575	0.05	Adapter 507Hz	60	0.507	70.00	0.079
449.655	0.05	Adapter 507Hz	60	0.507	70.00	0.079
449.735	0.05	Adapter 507Hz	60	0.507	70.00	0.079
452.483	0.05	Adapter 899Hz Probe 3839Hz	61	0.899	70.00	0.121
452.563	0.05	Adapter 899Hz Probe 3839Hz	61	0.899	70.00	0.121
452.643	0.05	Adapter 899Hz Probe 3839Hz	61	0.899	70.00	0.121
452.723	0.05	Adapter 899Hz Probe 3839Hz	61	0.899	70.00	0.121
452.803	0.05	Adapter 899Hz Probe 3839Hz	61	3.839	70.00	0.437
452.983	0.05	Adapter 899Hz Probe 3839Hz	61	0.899	70.00	0.121
453.063	0.05	Adapter 899Hz Probe 3839Hz	61	0.899	70.00	0.121
453.143	0.05	Adapter 899Hz Probe 3839Hz	61	0.899	70.00	0.121
453.223	0.05	Adapter 899Hz Probe 3839Hz	61	0.899	70.00	0.121
453.303	0.05	Adapter 899Hz Probe 3839Hz	61	3.839	70.00	0.437
453.483	0.05	Adapter 899Hz Probe 3839Hz	61	0.899	70.00	0.121
453.563	0.05	Adapter 899Hz Probe 3839Hz	61	0.899	70.00	0.121
453.643	0.05	Adapter 899Hz Probe 3839Hz	61	0.899	70.00	0.121
453.723	0.05	Adapter 899Hz Probe 3839Hz	61	0.899	70.00	0.121
453.803	0.05	Adapter 899Hz Probe 3839Hz	61	3.839	70.00	0.437
453.983	0.05	Adapter 899Hz Probe 3839Hz	61	0.899	70.00	0.121
454.063	0.05	Adapter 899Hz Probe 3839Hz	61	0.899	70.00	0.121
454.143	0.05	Adapter 899Hz Probe 3839Hz	61	0.899	70.00	0.121
454.223	0.05	Adapter 899Hz Probe 3839Hz	61	0.899	70.00	0.121
454.303	0.05	Adapter 899Hz Probe 3839Hz	61	3.839	70.00	0.437
454.483	0.05	Adapter 899Hz Probe 3839Hz	61	0.899	70.00	0.121
454.563	0.05	Adapter 899Hz Probe 3839Hz	61	0.899	70.00	0.121
454.643	0.05	Adapter 899Hz Probe 3839Hz	61	0.899	70.00	0.121
454.723	0.05	Adapter 899Hz Probe 3839Hz	61	0.899	70.00	0.121
454.803	0.05	Adapter 899Hz Probe 3839Hz	61	3.839	70.00	0.437
454.983	0.05	Adapter 899Hz Probe 3839Hz	61	0.899	70.00	0.121
455.063	0.05	Adapter 899Hz Probe 3839Hz	61	0.899	70.00	0.121
455.143	0.05	Adapter 899Hz Probe 3839Hz	61	0.899	70.00	0.121
455.223	0.05	Adapter 899Hz Probe 3839Hz	61	0.899	70.00	0.121
455.303	0.05	Adapter 899Hz Probe 3839Hz	61	3.839	70.00	0.437
455.483	0.05	Adapter 899Hz Probe 3839Hz	61	0.899	70.00	0.121
455.563	0.05	Adapter 899Hz Probe 3839Hz	61	0.899	70.00	0.121
455.643	0.05	Adapter 899Hz Probe 3839Hz	61	0.899	70.00	0.121
455.723	0.05	Adapter 899Hz Probe 3839Hz	61	0.899	70.00	0.121
455.803	0.05	Adapter 899Hz Probe 3839Hz	61	3.839	70.00	0.437
455.983	0.05	Adapter 899Hz Probe 3839Hz	61	0.899	70.00	0.121
456.063	0.05	Adapter 899Hz Probe 3839Hz	61	0.899	70.00	0.121
456.143	0.05	Adapter 899Hz Probe 3839Hz	61	0.899	70.00	0.121
456.223	0.05	Adapter 899Hz Probe 3839Hz	61	0.899	70.00	0.121
456.303	0.05	Adapter 899Hz Probe 3839Hz	61	3.839	70.00	0.437
456.483	0.05	Adapter 899Hz Probe 3839Hz	61	0.899	70.00	0.121
456.563	0.05	Adapter 899Hz Probe 3839Hz	61	0.899	70.00	0.121
456.643	0.05	Adapter 899Hz Probe 3839Hz	61	0.899	70.00	0.121
456.723	0.05	Adapter 899Hz Probe 3839Hz	61	0.899	70.00	0.121
456.803	0.05	Adapter 899Hz Probe 3839Hz	61	3.839	70.00	0.437
456.983	0.05	Adapter 899Hz Probe 3839Hz	61	0.899	70.00	0.121
457.063	0.05	Adapter 899Hz Probe 3839Hz	61	0.899	70.00	0.121
457.143	0.05	Adapter 899Hz Probe 3839Hz	61	0.899	70.00	0.121
457.223	0.05	Adapter 899Hz Probe 3839Hz	61	0.899	70.00	0.121
457.303	0.05	Adapter 899Hz Probe 3839Hz	61	3.839	70.00	0.437
459.971	0.05	Adapter 1501Hz Probe 3839Hz	62	1.501	70.00	0.186
460.051	0.05	Adapter 1501Hz Probe 3839Hz	62	1.501	70.00	0.186
460.131	0.05	Adapter 1501Hz Probe 3839Hz	62	1.501	70.00	0.186
460.211	0.05	Adapter 1501Hz Probe 3839Hz	62	1.501	70.00	0.186
460.291	0.05	Adapter 1501Hz Probe 3839Hz	62	3.839	70.00	0.437
460.471	0.05	Adapter 1501Hz Probe 3839Hz	62	1.501	70.00	0.186
460.551	0.05	Adapter 1501Hz Probe 3839Hz	62	1.501	70.00	0.186
460.631	0.05	Adapter 1501Hz Probe 3839Hz	62	1.501	70.00	0.186
460.711	0.05	Adapter 1501Hz Probe 3839Hz	62	1.501	70.00	0.186
460.791	0.05	Adapter 1501Hz Probe 3839Hz	62	3.839	70.00	0.437
460.971	0.05	Adapter 1501Hz Probe 3839Hz	62	1.501	70.00	0.186
461.051	0.05	Adapter 1501Hz Probe 3839Hz	62	1.501	70.00	0.186
461.131	0.05	Adapter 1501Hz Probe 3839Hz	62	1.501	70.00	0.186
461.211	0.05	Adapter 1501Hz Probe 3839Hz	62	1.501	70.00	0.186
461.291	0.05	Adapter 1501Hz Probe 3839Hz	62	3.839	70.00	0.437
461.471	0.05	Adapter 1501Hz Probe 3839Hz	62	1.501	70.00	0.186
461.551	0.05	Adapter 1501Hz Probe 3839Hz	62	1.501	70.00	0.186
461.631	0.05	Adapter 1501Hz Probe 3839Hz	62	1.501	70.00	0.186
461.711	0.05	Adapter 1501Hz Probe 3839Hz	62	1.501	70.00	0.186
461.791	0.05	Adapter 1501Hz Probe 3839Hz	62	3.839	70.00	0.437
461.971	0.05	Adapter 1501Hz Probe 3839Hz	62	1.501	70.00	0.186
462.051	0.05	Adapter 1501Hz Probe 3839Hz	62	1.501	70.00	0.186
462.131	0.05	Adapter 1501Hz Probe 3839Hz	62	1.501	70.00	0.186
462.211	0.05	Adapter 1501Hz Probe 3839Hz	62	1.501	70.00	0.186
462.291	0.05	Adapter 1501Hz Probe 3839Hz	62	3.839	70.00	0.437
462.471	0.05	Adapter 1501Hz Probe 3839Hz	62	1.501	70.00	0.186
462.551	0.05	Adapter 1501Hz Probe 3839Hz	62	1.501	70.00	0.186
462.631	0.05	Adapter 1501Hz Probe 3839Hz	62	1.501	70.00	0.186
462.711	0.05	Adapter 1501Hz Probe 3839Hz	62	1.501	70.00	0.186
462.791	0.05	Adapter 1501Hz Probe 3839Hz	62	3.839	70.00	0.437
462.971	0.05	Adapter 1501Hz Probe 3839Hz	62	1.501	70.00	0.186
463.051	0.05	Adapter 1501Hz Probe 3839Hz	62	1.501	70.00	0.186
463.131	0.05	Adapter 1501Hz Probe 3839Hz	62	1.501	70.00	0.186
463.211	0.05	Adapter 1501Hz Probe 3839Hz	62	1.501	70.00	0.186
463.291	0.05	Adapter 1501Hz Probe 3839Hz	62	3.839	70.00	0.437
463.471	0.05	Adapter 1501Hz Probe 3839Hz	62	1.501	70.00	0.186
463.551	0.05	Adapter 1501Hz Probe 3839Hz	62	1.501	70.00	0.186
463.631	0.05	Adapter 1501Hz Probe 3839Hz	62	1.501	70.00	0.186
463.711	0.05	Adapter 1501Hz Probe 3839Hz	62	1.501	70.00	0.186
463.791	0.05	Adapter 1501Hz Probe 3839Hz	62	3.839	70.00	0.437
463.971	0.05	Adapter 1501Hz Probe 3839Hz	62	1.501	70.00	0.186
464.051	0.05	Adapter 1501Hz Probe 3839Hz	62	1.501	70.00	0.186
464.131	0.05	Adapter 1501Hz Probe 3839Hz	62	1.501	70.00	0.186
464.211	0.05	Adapter 1501Hz Probe 3839Hz	62	1.501	70.00	0.186
464.291	0.05	Adapter 1501Hz Probe 3839Hz	62	3.839	70.00	0.437
464.471	0.05	Adapter 1501Hz Probe 3839Hz	62	1.501	70.00	0.186
464.551	0.05	Adapter 1501Hz Probe 3839Hz	62	1.501	70.00	0.186
464.631	0.05	Adapter 1501Hz Probe 3839Hz	62	1.501	70.00	0.186
464.711	0.05	Adapter 1501Hz Probe 3839Hz	62	1.501	70.00	0.186
464.791	0.05	Adapter 1501Hz Probe 3839Hz	62	3.839	70.00	0.437
474.963	0.05	Adapter 1501Hz	64	1.501	70.00	0.186
475.043	0.05	Adapter 1501Hz	64	1.501	70.00	0.186
475.123	0.05	Adapter 1501Hz	64	1.501	70.00	0.186
475.203	0.05	Adapter 1501Hz	64	1.501	70.00	0.186
475.463	0.05	Adapter 1501Hz	64	1.501	70.00	0.186
475.543	0.05	Adapter 1501Hz	64	1.501	70.00	0.186
475.623	0.05	Adapter 1501Hz	64	1.501	70.00	0.186
475.703	0.05	Adapter 1501Hz	64	1.501	70.00	0.186
475.963	0.05	Adapter 1501Hz	64	1.501	70.00	0.186
476.043	0.05	Adapter 1501Hz	64	1.501	70.00	0.186
476.123	0.05	Adapter 1501Hz	64	1.501	70.00	0.186
476.203	0.05	Adapter 1501Hz	64	1.501	70.00	0.186
476.463	0.05	Adapter 1501Hz	64	1.501	70.00	0.186
476.543	0.05	Adapter 1501Hz	64	1.501	70.00	0.186
476.623	0.05	Adapter 1501Hz	64	1.501	70.00	0.186
476.703	0.05	Adapter 1501Hz	64	1.501	70.00	0.186
476.963	0.05	Adapter 1501Hz	64	1.501	70.00	0.186
477.043	0.05	Adapter 1501Hz	64	1.501	70.00	0.186
477.123	0.05	Adapter 1501Hz	64	1.501	70.00	0.186
477.203	0.05	Adapter 1501Hz	64	1.501	70.00	0.186
477.463	0.05	Adapter 1501Hz	64	1.501	70.00	0.186
477.543	0.05	Adapter 1501Hz	64	1.501	70.00	0.186
477.623	0.05	Adapter 1501Hz	64	1.501	70.00	0.186
477.703	0.05	Adapter 1501Hz	64	1.501	70.00	0.186
477.963	0.05	Adapter 1501Hz	64	1.501	70.00	0.186
478.043	0.05	Adapter 1501Hz	64	1.501	70.00	0.186
478.123	0.05	Adapter 1501Hz	64	1.501	70.00	0.186
478.203	0.05	Adapter 1501Hz	64	1.501	70.00	0.186
478.463	0.05	Adapter 1501Hz	64	1.501	70.00	0.186
478.543	0.05	Adapter 1501Hz	64	1.501	70.00	0.186
478.623	0.05	Adapter 1501Hz	64	1.501	70.00	0.186
478.703	0.05	Adapter 1501Hz	64	1.501	70.00	0.186
478.963	0.05	Adapter 1501Hz	64	1.501	70.00	0.186
479.043	0.05	Adapter 1501Hz	64	1.501	70.00	0.186
479.123	0.05	Adapter 1501Hz	64	1.501	70.00	0.186
479.203	0.05	Adapter 1501Hz	64	1.501	70.00	0.186
479.463	0.05	Adapter 1501Hz	64	1.501	70.00	0.186
479.543	0.05	Adapter 1501Hz	64	1.501	70.00	0.186
479.623	0.05	Adapter 1501Hz	64	1.501	70.00	0.186
479.703	0.05	Adapter 1501Hz	64	1.501	70.00	0.186
