onset	duration	trial_type	scan	frequency_kHz	level_dB_SPL	bandwidth_kHz
2.5	0.05	Adapter 251Hz	1	0.251	70.00	0.052
2.58	0.05	Adapter 251Hz	1	0.251	70.00	0.052
2.66	0.05	Adapter 251Hz	1	0.251	70.00	0.052
2.74	0.05	Adapter 251Hz	1	0.251	70.00	0.052
3.0	0.05	Adapter 251Hz	1	0.251	70.00	0.052
3.08	0.05	Adapter 251Hz	1	0.251	70.00	0.052
3.16	0.05	Adapter 251Hz	1	0.251	70.00	0.052
3.24	0.05	Adapter 251Hz	1	0.251	70.00	0.052
3.5	0.05	Adapter 251Hz	1	0.251	70.00	0.052
3.58	0.05	Adapter 251Hz	1	0.251	70.00	0.052
3.66	0.05	Adapter 251Hz	1	0.251	70.00	0.052
3.74	0.05	Adapter 251Hz	1	0.251	70.00	0.052
4.0	0.05	Adapter 251Hz	1	0.251	70.00	0.052
4.08	0.05	Adapter 251Hz	1	0.251	70.00	0.052
4.16	0.05	Adapter 251Hz	1	0.251	70.00	0.052
4.24	0.05	Adapter 251Hz	1	0.251	70.00	0.052
4.5	0.05	Adapter 251Hz	1	0.251	70.00	0.052
4.58	0.05	Adapter 251Hz	1	0.251	70.00	0.052
4.66	0.05	Adapter 251Hz	1	0.251	70.00	0.052
4.74	0.05	Adapter 251Hz	1	0.251	70.00	0.052
5.0	0.05	Adapter 251Hz	1	0.251	70.00	0.052
5.08	0.05	Adapter 251Hz	1	0.251	70.00	0.052
5.16	0.05	Adapter 251Hz	1	0.251	70.00	0.052
5.24	0.05	Adapter 251Hz	1	0.251	70.00	0.052
5.5	0.05	Adapter 251Hz	1	0.251	70.00	0.052
5.58	0.05	Adapter 251Hz	1	0.251	70.00	0.052
5.66	0.05	Adapter 251Hz	1	0.251	70.00	0.052
5.74	0.05	Adapter 251Hz	1	0.251	70.00	0.052
6.0	0.05	Adapter 251Hz	1	0.251	70.00	0.052
6.08	0.05	Adapter 251Hz	1	0.251	70.00	0.052
6.16	0.05	Adapter 251Hz	1	0.251	70.00	0.052
6.24	0.05	Adapter 251Hz	1	0.251	70.00	0.052
6.5	0.05	Adapter 251Hz	1	0.251	70.00	0.052
6.58	0.05	Adapter 251Hz	1	0.251	70.00	0.052
6.66	0.05	Adapter 251Hz	1	0.251	70.00	0.052
6.74	0.05	Adapter 251Hz	1	0.251	70.00	0.052
7.0	0.05	Adapter 251Hz	1	0.251	70.00	0.052
7.08	0.05	Adapter 251Hz	1	0.251	70.00	0.052
7.16	0.05	Adapter 251Hz	1	0.251	70.00	0.052
7.24	0.05	Adapter 251Hz	1	0.251	70.00	0.052
10.004	0.05	Adapter 1501Hz Probe 3839Hz	2	1.501	70.00	0.186
10.084	0.05	Adapter 1501Hz Probe 3839Hz	2	1.501	70.00	0.186
10.164	0.05	Adapter 1501Hz Probe 3839Hz	2	1.501	70.00	0.186
10.244	0.05	Adapter 1501Hz Probe 3839Hz	2	1.501	70.00	0.186
10.324	0.05	Adapter 1501Hz Probe 3839Hz	2	3.839	70.00	0.437
10.504	0.05	Adapter 1501Hz Probe 3839Hz	2	1.501	70.00	0.186
10.584	0.05	Adapter 1501Hz Probe 3839Hz	2	1.501	70.00	0.186
10.664	0.05	Adapter 1501Hz Probe 3839Hz	2	1.501	70.00	0.186
10.744	0.05	Adapter 1501Hz Probe 3839Hz	2	1.501	70.00	0.186
10.824	0.05	Adapter 1501Hz Probe 3839Hz	2	3.839	70.00	0.437
11.004	0.05	Adapter 1501Hz Probe 3839Hz	2	1.501	70.00	0.186
11.084	0.05	Adapter 1501Hz Probe 3839Hz	2	1.501	70.00	0.186
11.164	0.05	Adapter 1501Hz Probe 3839Hz	2	1.501	70.00	0.186
11.244	0.05	Adapter 1501Hz Probe 3839Hz	2	1.501	70.00	0.186
11.324	0.05	Adapter 1501Hz Probe 3839Hz	2	3.839	70.00	0.437
11.504	0.05	Adapter 1501Hz Probe 3839Hz	2	1.501	70.00	0.186
11.584	0.05	Adapter 1501Hz Probe 3839Hz	2	1.501	70.00	0.186
11.664	0.05	Adapter 1501Hz Probe 3839Hz	2	1.501	70.00	0.186
11.744	0.05	Adapter 1501Hz Probe 3839Hz	2	1.501	70.00	0.186
11.824	0.05	Adapter 1501Hz Probe 3839Hz	2	3.839	70.00	0.437
12.004	0.05	Adapter 1501Hz Probe 3839Hz	2	1.501	70.00	0.186
12.084	0.05	Adapter 1501Hz Probe 3839Hz	2	1.501	70.00	0.186
12.164	0.05	Adapter 1501Hz Probe 3839Hz	2	1.501	70.00	0.186
12.244	0.05	Adapter 1501Hz Probe 3839Hz	2	1.501	70.00	0.186
12.324	0.05	Adapter 1501Hz Probe 3839Hz	2	3.839	70.00	0.437
12.504	0.05	Adapter 1501Hz Probe 3839Hz	2	1.501	70.00	0.186
12.584	0.05	Adapter 1501Hz Probe 3839Hz	2	1.501	70.00	0.186
12.664	0.05	Adapter 1501Hz Probe 3839Hz	2	1.501	70.00	0.186
12.744	0.05	Adapter 1501Hz Probe 3839Hz	2	1.501	70.00	0.186
12.824	0.05	Adapter 1501Hz Probe 3839Hz	2	3.839	70.00	0.437
13.004	0.05	Adapter 1501Hz Probe 3839Hz	2	1.501	70.00	0.186
13.084	0.05	Adapter 1501Hz Probe 3839Hz	2	1.501	70.00	0.186
13.164	0.05	Adapter 1501Hz Probe 3839Hz	2	1.501	70.00	0.186
13.244	0.05	Adapter 1501Hz Probe 3839Hz	2	1.501	70.00	0.186
13.324	0.05	Adapter 1501Hz Probe 3839Hz	2	3.839	70.00	0.437
13.504	0.05	Adapter 1501Hz Probe 3839Hz	2	1.501	70.00	0.186
13.584	0.05	Adapter 1501Hz Probe 3839Hz	2	1.501	70.00	0.186
13.664	0.05	Adapter 1501Hz Probe 3839Hz	2	1.501	70.00	0.186
13.744	0.05	Adapter 1501Hz Probe 3839Hz	2	1.501	70.00	0.186
13.824	0.05	Adapter 1501Hz Probe 3839Hz	2	3.839	70.00	0.437
14.004	0.05	Adapter 1501Hz Probe 3839Hz	2	1.501	70.00	0.186
14.084	0.05	Adapter 1501Hz Probe 3839Hz	2	1.501	70.00	0.186
14.164	0.05	Adapter 1501Hz Probe 3839Hz	2	1.501	70.00	0.186
14.244	0.05	Adapter 1501Hz Probe 3839Hz	2	1.501	70.00	0.186
14.324	0.05	Adapter 1501Hz Probe 3839Hz	2	3.839	70.00	0.437
14.504	0.05	Adapter 1501Hz Probe 3839Hz	2	1.501	70.00	0.186
14.584	0.05	Adapter 1501Hz Probe 3839Hz	2	1.501	70.00	0.186
14.664	0.05	Adapter 1501Hz Probe 3839Hz	2	1.501	70.00	0.186
14.744	0.05	Adapter 1501Hz Probe 3839Hz	2	1.501	70.00	0.186
14.824	0.05	Adapter 1501Hz Probe 3839Hz	2	3.839	70.00	0.437
17.508	0.05	Adapter 899Hz	3	0.899	70.00	0.121
17.588	0.05	Adapter 899Hz	3	0.899	70.00	0.121
17.668	0.05	Adapter 899Hz	3	0.899	70.00	0.121
17.748	0.05	Adapter 899Hz	3	0.899	70.00	0.121
18.008	0.05	Adapter 899Hz	3	0.899	70.00	0.121
18.088	0.05	Adapter 899Hz	3	0.899	70.00	0.121
18.168	0.05	Adapter 899Hz	3	0.899	70.00	0.121
18.248	0.05	Adapter 899Hz	3	0.899	70.00	0.121
18.508	0.05	Adapter 899Hz	3	0.899	70.00	0.121
18.588	0.05	Adapter 899Hz	3	0.899	70.00	0.121
18.668	0.05	Adapter 899Hz	3	0.899	70.00	0.121
18.748	0.05	Adapter 899Hz	3	0.899	70.00	0.121
19.008	0.05	Adapter 899Hz	3	0.899	70.00	0.121
19.088	0.05	Adapter 899Hz	3	0.899	70.00	0.121
19.168	0.05	Adapter 899Hz	3	0.899	70.00	0.121
19.248	0.05	Adapter 899Hz	3	0.899	70.00	0.121
19.508	0.05	Adapter 899Hz	3	0.899	70.00	0.121
19.588	0.05	Adapter 899Hz	3	0.899	70.00	0.121
19.668	0.05	Adapter 899Hz	3	0.899	70.00	0.121
19.748	0.05	Adapter 899Hz	3	0.899	70.00	0.121
20.008	0.05	Adapter 899Hz	3	0.899	70.00	0.121
20.088	0.05	Adapter 899Hz	3	0.899	70.00	0.121
20.168	0.05	Adapter 899Hz	3	0.899	70.00	0.121
20.248	0.05	Adapter 899Hz	3	0.899	70.00	0.121
20.508	0.05	Adapter 899Hz	3	0.899	70.00	0.121
20.588	0.05	Adapter 899Hz	3	0.899	70.00	0.121
20.668	0.05	Adapter 899Hz	3	0.899	70.00	0.121
20.748	0.05	Adapter 899Hz	3	0.899	70.00	0.121
21.008	0.05	Adapter 899Hz	3	0.899	70.00	0.121
21.088	0.05	Adapter 899Hz	3	0.899	70.00	0.121
21.168	0.05	Adapter 899Hz	3	0.899	70.00	0.121
21.248	0.05	Adapter 899Hz	3	0.899	70.00	0.121
21.508	0.05	Adapter 899Hz	3	0.899	70.00	0.121
21.588	0.05	Adapter 899Hz	3	0.899	70.00	0.121
21.668	0.05	Adapter 899Hz	3	0.899	70.00	0.121
21.748	0.05	Adapter 899Hz	3	0.899	70.00	0.121
22.008	0.05	Adapter 899Hz	3	0.899	70.00	0.121
22.088	0.05	Adapter 899Hz	3	0.899	70.00	0.121
22.168	0.05	Adapter 899Hz	3	0.899	70.00	0.121
22.248	0.05	Adapter 899Hz	3	0.899	70.00	0.121
24.996	0.05	Adapter 2423Hz	4	2.423	70.00	0.285
25.076	0.05	Adapter 2423Hz	4	2.423	70.00	0.285
25.156	0.05	Adapter 2423Hz	4	2.423	70.00	0.285
25.236	0.05	Adapter 2423Hz	4	2.423	70.00	0.285
25.496	0.05	Adapter 2423Hz	4	2.423	70.00	0.285
25.576	0.05	Adapter 2423Hz	4	2.423	70.00	0.285
25.656	0.05	Adapter 2423Hz	4	2.423	70.00	0.285
25.736	0.05	Adapter 2423Hz	4	2.423	70.00	0.285
25.996	0.05	Adapter 2423Hz	4	2.423	70.00	0.285
26.076	0.05	Adapter 2423Hz	4	2.423	70.00	0.285
26.156	0.05	Adapter 2423Hz	4	2.423	70.00	0.285
26.236	0.05	Adapter 2423Hz	4	2.423	70.00	0.285
26.496	0.05	Adapter 2423Hz	4	2.423	70.00	0.285
26.576	0.05	Adapter 2423Hz	4	2.423	70.00	0.285
26.656	0.05	Adapter 2423Hz	4	2.423	70.00	0.285
26.736	0.05	Adapter 2423Hz	4	2.423	70.00	0.285
26.996	0.05	Adapter 2423Hz	4	2.423	70.00	0.285
27.076	0.05	Adapter 2423Hz	4	2.423	70.00	0.285
27.156	0.05	Adapter 2423Hz	4	2.423	70.00	0.285
27.236	0.05	Adapter 2423Hz	4	2.423	70.00	0.285
27.496	0.05	Adapter 2423Hz	4	2.423	70.00	0.285
27.576	0.05	Adapter 2423Hz	4	2.423	70.00	0.285
27.656	0.05	Adapter 2423Hz	4	2.423	70.00	0.285
27.736	0.05	Adapter 2423Hz	4	2.423	70.00	0.285
27.996	0.05	Adapter 2423Hz	4	2.423	70.00	0.285
28.076	0.05	Adapter 2423Hz	4	2.423	70.00	0.285
28.156	0.05	Adapter 2423Hz	4	2.423	70.00	0.285
28.236	0.05	Adapter 2423Hz	4	2.423	70.00	0.285
28.496	0.05	Adapter 2423Hz	4	2.423	70.00	0.285
28.576	0.05	Adapter 2423Hz	4	2.423	70.00	0.285
28.656	0.05	Adapter 2423Hz	4	2.423	70.00	0.285
28.736	0.05	Adapter 2423Hz	4	2.423	70.00	0.285
28.996	0.05	Adapter 2423Hz	4	2.423	70.00	0.285
29.076	0.05	Adapter 2423Hz	4	2.423	70.00	0.285
29.156	0.05	Adapter 2423Hz	4	2.423	70.00	0.285
29.236	0.05	Adapter 2423Hz	4	2.423	70.00	0.285
29.496	0.05	Adapter 2423Hz	4	2.423	70.00	0.285
29.576	0.05	Adapter 2423Hz	4	2.423	70.00	0.285
29.656	0.05	Adapter 2423Hz	4	2.423	70.00	0.285
29.736	0.05	Adapter 2423Hz	4	2.423	70.00	0.285
32.85	0.05	Probe 3839Hz	5	3.839	70.00	0.437
33.35	0.05	Probe 3839Hz	5	3.839	70.00	0.437
33.85	0.05	Probe 3839Hz	5	3.839	70.00	0.437
34.35	0.05	Probe 3839Hz	5	3.839	70.00	0.437
34.85	0.05	Probe 3839Hz	5	3.839	70.00	0.437
35.35	0.05	Probe 3839Hz	5	3.839	70.00	0.437
35.85	0.05	Probe 3839Hz	5	3.839	70.00	0.437
36.35	0.05	Probe 3839Hz	5	3.839	70.00	0.437
36.85	0.05	Probe 3839Hz	5	3.839	70.00	0.437
37.35	0.05	Probe 3839Hz	5	3.839	70.00	0.437
55.057	0.05	Adapter 507Hz	8	0.507	70.00	0.079
55.137	0.05	Adapter 507Hz	8	0.507	70.00	0.079
55.217	0.05	Adapter 507Hz	8	0.507	70.00	0.079
55.297	0.05	Adapter 507Hz	8	0.507	70.00	0.079
55.557	0.05	Adapter 507Hz	8	0.507	70.00	0.079
55.637	0.05	Adapter 507Hz	8	0.507	70.00	0.079
55.717	0.05	Adapter 507Hz	8	0.507	70.00	0.079
55.797	0.05	Adapter 507Hz	8	0.507	70.00	0.079
56.057	0.05	Adapter 507Hz	8	0.507	70.00	0.079
56.137	0.05	Adapter 507Hz	8	0.507	70.00	0.079
56.217	0.05	Adapter 507Hz	8	0.507	70.00	0.079
56.297	0.05	Adapter 507Hz	8	0.507	70.00	0.079
56.557	0.05	Adapter 507Hz	8	0.507	70.00	0.079
56.637	0.05	Adapter 507Hz	8	0.507	70.00	0.079
56.717	0.05	Adapter 507Hz	8	0.507	70.00	0.079
56.797	0.05	Adapter 507Hz	8	0.507	70.00	0.079
57.057	0.05	Adapter 507Hz	8	0.507	70.00	0.079
57.137	0.05	Adapter 507Hz	8	0.507	70.00	0.079
57.217	0.05	Adapter 507Hz	8	0.507	70.00	0.079
57.297	0.05	Adapter 507Hz	8	0.507	70.00	0.079
57.557	0.05	Adapter 507Hz	8	0.507	70.00	0.079
57.637	0.05	Adapter 507Hz	8	0.507	70.00	0.079
57.717	0.05	Adapter 507Hz	8	0.507	70.00	0.079
57.797	0.05	Adapter 507Hz	8	0.507	70.00	0.079
58.057	0.05	Adapter 507Hz	8	0.507	70.00	0.079
58.137	0.05	Adapter 507Hz	8	0.507	70.00	0.079
58.217	0.05	Adapter 507Hz	8	0.507	70.00	0.079
58.297	0.05	Adapter 507Hz	8	0.507	70.00	0.079
58.557	0.05	Adapter 507Hz	8	0.507	70.00	0.079
58.637	0.05	Adapter 507Hz	8	0.507	70.00	0.079
58.717	0.05	Adapter 507Hz	8	0.507	70.00	0.079
58.797	0.05	Adapter 507Hz	8	0.507	70.00	0.079
59.057	0.05	Adapter 507Hz	8	0.507	70.00	0.079
59.137	0.05	Adapter 507Hz	8	0.507	70.00	0.079
59.217	0.05	Adapter 507Hz	8	0.507	70.00	0.079
59.297	0.05	Adapter 507Hz	8	0.507	70.00	0.079
59.557	0.05	Adapter 507Hz	8	0.507	70.00	0.079
59.637	0.05	Adapter 507Hz	8	0.507	70.00	0.079
59.717	0.05	Adapter 507Hz	8	0.507	70.00	0.079
59.797	0.05	Adapter 507Hz	8	0.507	70.00	0.079
62.545	0.05	Adapter 3839Hz Probe 3839Hz	9	3.839	70.00	0.437
62.625	0.05	Adapter 3839Hz Probe 3839Hz	9	3.839	70.00	0.437
62.705	0.05	Adapter 3839Hz Probe 3839Hz	9	3.839	70.00	0.437
62.785	0.05	Adapter 3839Hz Probe 3839Hz	9	3.839	70.00	0.437
62.865	0.05	Adapter 3839Hz Probe 3839Hz	9	3.839	70.00	0.437
63.045	0.05	Adapter 3839Hz Probe 3839Hz	9	3.839	70.00	0.437
63.125	0.05	Adapter 3839Hz Probe 3839Hz	9	3.839	70.00	0.437
63.205	0.05	Adapter 3839Hz Probe 3839Hz	9	3.839	70.00	0.437
63.285	0.05	Adapter 3839Hz Probe 3839Hz	9	3.839	70.00	0.437
63.365	0.05	Adapter 3839Hz Probe 3839Hz	9	3.839	70.00	0.437
63.545	0.05	Adapter 3839Hz Probe 3839Hz	9	3.839	70.00	0.437
63.625	0.05	Adapter 3839Hz Probe 3839Hz	9	3.839	70.00	0.437
63.705	0.05	Adapter 3839Hz Probe 3839Hz	9	3.839	70.00	0.437
63.785	0.05	Adapter 3839Hz Probe 3839Hz	9	3.839	70.00	0.437
63.865	0.05	Adapter 3839Hz Probe 3839Hz	9	3.839	70.00	0.437
64.045	0.05	Adapter 3839Hz Probe 3839Hz	9	3.839	70.00	0.437
64.125	0.05	Adapter 3839Hz Probe 3839Hz	9	3.839	70.00	0.437
64.205	0.05	Adapter 3839Hz Probe 3839Hz	9	3.839	70.00	0.437
64.285	0.05	Adapter 3839Hz Probe 3839Hz	9	3.839	70.00	0.437
64.365	0.05	Adapter 3839Hz Probe 3839Hz	9	3.839	70.00	0.437
64.545	0.05	Adapter 3839Hz Probe 3839Hz	9	3.839	70.00	0.437
64.625	0.05	Adapter 3839Hz Probe 3839Hz	9	3.839	70.00	0.437
64.705	0.05	Adapter 3839Hz Probe 3839Hz	9	3.839	70.00	0.437
64.785	0.05	Adapter 3839Hz Probe 3839Hz	9	3.839	70.00	0.437
64.865	0.05	Adapter 3839Hz Probe 3839Hz	9	3.839	70.00	0.437
65.045	0.05	Adapter 3839Hz Probe 3839Hz	9	3.839	70.00	0.437
65.125	0.05	Adapter 3839Hz Probe 3839Hz	9	3.839	70.00	0.437
65.205	0.05	Adapter 3839Hz Probe 3839Hz	9	3.839	70.00	0.437
65.285	0.05	Adapter 3839Hz Probe 3839Hz	9	3.839	70.00	0.437
65.365	0.05	Adapter 3839Hz Probe 3839Hz	9	3.839	70.00	0.437
65.545	0.05	Adapter 3839Hz Probe 3839Hz	9	3.839	70.00	0.437
65.625	0.05	Adapter 3839Hz Probe 3839Hz	9	3.839	70.00	0.437
65.705	0.05	Adapter 3839Hz Probe 3839Hz	9	3.839	70.00	0.437
65.785	0.05	Adapter 3839Hz Probe 3839Hz	9	3.839	70.00	0.437
65.865	0.05	Adapter 3839Hz Probe 3839Hz	9	3.839	70.00	0.437
66.045	0.05	Adapter 3839Hz Probe 3839Hz	9	3.839	70.00	0.437
66.125	0.05	Adapter 3839Hz Probe 3839Hz	9	3.839	70.00	0.437
66.205	0.05	Adapter 3839Hz Probe 3839Hz	9	3.839	70.00	0.437
66.285	0.05	Adapter 3839Hz Probe 3839Hz	9	3.839	70.00	0.437
66.365	0.05	Adapter 3839Hz Probe 3839Hz	9	3.839	70.00	0.437
66.545	0.05	Adapter 3839Hz Probe 3839Hz	9	3.839	70.00	0.437
66.625	0.05	Adapter 3839Hz Probe 3839Hz	9	3.839	70.00	0.437
66.705	0.05	Adapter 3839Hz Probe 3839Hz	9	3.839	70.00	0.437
66.785	0.05	Adapter 3839Hz Probe 3839Hz	9	3.839	70.00	0.437
66.865	0.05	Adapter 3839Hz Probe 3839Hz	9	3.839	70.00	0.437
67.045	0.05	Adapter 3839Hz Probe 3839Hz	9	3.839	70.00	0.437
67.125	0.05	Adapter 3839Hz Probe 3839Hz	9	3.839	70.00	0.437
67.205	0.05	Adapter 3839Hz Probe 3839Hz	9	3.839	70.00	0.437
67.285	0.05	Adapter 3839Hz Probe 3839Hz	9	3.839	70.00	0.437
67.365	0.05	Adapter 3839Hz Probe 3839Hz	9	3.839	70.00	0.437
70.002	0.05	Adapter 2423Hz Probe 3839Hz	10	2.423	70.00	0.285
70.082	0.05	Adapter 2423Hz Probe 3839Hz	10	2.423	70.00	0.285
70.162	0.05	Adapter 2423Hz Probe 3839Hz	10	2.423	70.00	0.285
70.242	0.05	Adapter 2423Hz Probe 3839Hz	10	2.423	70.00	0.285
70.322	0.05	Adapter 2423Hz Probe 3839Hz	10	3.839	70.00	0.437
70.502	0.05	Adapter 2423Hz Probe 3839Hz	10	2.423	70.00	0.285
70.582	0.05	Adapter 2423Hz Probe 3839Hz	10	2.423	70.00	0.285
70.662	0.05	Adapter 2423Hz Probe 3839Hz	10	2.423	70.00	0.285
70.742	0.05	Adapter 2423Hz Probe 3839Hz	10	2.423	70.00	0.285
70.822	0.05	Adapter 2423Hz Probe 3839Hz	10	3.839	70.00	0.437
71.002	0.05	Adapter 2423Hz Probe 3839Hz	10	2.423	70.00	0.285
71.082	0.05	Adapter 2423Hz Probe 3839Hz	10	2.423	70.00	0.285
71.162	0.05	Adapter 2423Hz Probe 3839Hz	10	2.423	70.00	0.285
71.242	0.05	Adapter 2423Hz Probe 3839Hz	10	2.423	70.00	0.285
71.322	0.05	Adapter 2423Hz Probe 3839Hz	10	3.839	70.00	0.437
71.502	0.05	Adapter 2423Hz Probe 3839Hz	10	2.423	70.00	0.285
71.582	0.05	Adapter 2423Hz Probe 3839Hz	10	2.423	70.00	0.285
71.662	0.05	Adapter 2423Hz Probe 3839Hz	10	2.423	70.00	0.285
71.742	0.05	Adapter 2423Hz Probe 3839Hz	10	2.423	70.00	0.285
71.822	0.05	Adapter 2423Hz Probe 3839Hz	10	3.839	70.00	0.437
72.002	0.05	Adapter 2423Hz Probe 3839Hz	10	2.423	70.00	0.285
72.082	0.05	Adapter 2423Hz Probe 3839Hz	10	2.423	70.00	0.285
72.162	0.05	Adapter 2423Hz Probe 3839Hz	10	2.423	70.00	0.285
72.242	0.05	Adapter 2423Hz Probe 3839Hz	10	2.423	70.00	0.285
72.322	0.05	Adapter 2423Hz Probe 3839Hz	10	3.839	70.00	0.437
72.502	0.05	Adapter 2423Hz Probe 3839Hz	10	2.423	70.00	0.285
72.582	0.05	Adapter 2423Hz Probe 3839Hz	10	2.423	70.00	0.285
72.662	0.05	Adapter 2423Hz Probe 3839Hz	10	2.423	70.00	0.285
72.742	0.05	Adapter 2423Hz Probe 3839Hz	10	2.423	70.00	0.285
72.822	0.05	Adapter 2423Hz Probe 3839Hz	10	3.839	70.00	0.437
73.002	0.05	Adapter 2423Hz Probe 3839Hz	10	2.423	70.00	0.285
73.082	0.05	Adapter 2423Hz Probe 3839Hz	10	2.423	70.00	0.285
73.162	0.05	Adapter 2423Hz Probe 3839Hz	10	2.423	70.00	0.285
73.242	0.05	Adapter 2423Hz Probe 3839Hz	10	2.423	70.00	0.285
73.322	0.05	Adapter 2423Hz Probe 3839Hz	10	3.839	70.00	0.437
73.502	0.05	Adapter 2423Hz Probe 3839Hz	10	2.423	70.00	0.285
73.582	0.05	Adapter 2423Hz Probe 3839Hz	10	2.423	70.00	0.285
73.662	0.05	Adapter 2423Hz Probe 3839Hz	10	2.423	70.00	0.285
73.742	0.05	Adapter 2423Hz Probe 3839Hz	10	2.423	70.00	0.285
73.822	0.05	Adapter 2423Hz Probe 3839Hz	10	3.839	70.00	0.437
74.002	0.05	Adapter 2423Hz Probe 3839Hz	10	2.423	70.00	0.285
74.082	0.05	Adapter 2423Hz Probe 3839Hz	10	2.423	70.00	0.285
74.162	0.05	Adapter 2423Hz Probe 3839Hz	10	2.423	70.00	0.285
74.242	0.05	Adapter 2423Hz Probe 3839Hz	10	2.423	70.00	0.285
74.322	0.05	Adapter 2423Hz Probe 3839Hz	10	3.839	70.00	0.437
74.502	0.05	Adapter 2423Hz Probe 3839Hz	10	2.423	70.00	0.285
74.582	0.05	Adapter 2423Hz Probe 3839Hz	10	2.423	70.00	0.285
74.662	0.05	Adapter 2423Hz Probe 3839Hz	10	2.423	70.00	0.285
74.742	0.05	Adapter 2423Hz Probe 3839Hz	10	2.423	70.00	0.285
74.822	0.05	Adapter 2423Hz Probe 3839Hz	10	3.839	70.00	0.437
77.505	0.05	Adapter 507Hz Probe 3839Hz	11	0.507	70.00	0.079
77.585	0.05	Adapter 507Hz Probe 3839Hz	11	0.507	70.00	0.079
77.665	0.05	Adapter 507Hz Probe 3839Hz	11	0.507	70.00	0.079
77.745	0.05	Adapter 507Hz Probe 3839Hz	11	0.507	70.00	0.079
77.825	0.05	Adapter 507Hz Probe 3839Hz	11	3.839	70.00	0.437
78.005	0.05	Adapter 507Hz Probe 3839Hz	11	0.507	70.00	0.079
78.085	0.05	Adapter 507Hz Probe 3839Hz	11	0.507	70.00	0.079
78.165	0.05	Adapter 507Hz Probe 3839Hz	11	0.507	70.00	0.079
78.245	0.05	Adapter 507Hz Probe 3839Hz	11	0.507	70.00	0.079
78.325	0.05	Adapter 507Hz Probe 3839Hz	11	3.839	70.00	0.437
78.505	0.05	Adapter 507Hz Probe 3839Hz	11	0.507	70.00	0.079
78.585	0.05	Adapter 507Hz Probe 3839Hz	11	0.507	70.00	0.079
78.665	0.05	Adapter 507Hz Probe 3839Hz	11	0.507	70.00	0.079
78.745	0.05	Adapter 507Hz Probe 3839Hz	11	0.507	70.00	0.079
78.825	0.05	Adapter 507Hz Probe 3839Hz	11	3.839	70.00	0.437
79.005	0.05	Adapter 507Hz Probe 3839Hz	11	0.507	70.00	0.079
79.085	0.05	Adapter 507Hz Probe 3839Hz	11	0.507	70.00	0.079
79.165	0.05	Adapter 507Hz Probe 3839Hz	11	0.507	70.00	0.079
79.245	0.05	Adapter 507Hz Probe 3839Hz	11	0.507	70.00	0.079
79.325	0.05	Adapter 507Hz Probe 3839Hz	11	3.839	70.00	0.437
79.505	0.05	Adapter 507Hz Probe 3839Hz	11	0.507	70.00	0.079
79.585	0.05	Adapter 507Hz Probe 3839Hz	11	0.507	70.00	0.079
79.665	0.05	Adapter 507Hz Probe 3839Hz	11	0.507	70.00	0.079
79.745	0.05	Adapter 507Hz Probe 3839Hz	11	0.507	70.00	0.079
79.825	0.05	Adapter 507Hz Probe 3839Hz	11	3.839	70.00	0.437
80.005	0.05	Adapter 507Hz Probe 3839Hz	11	0.507	70.00	0.079
80.085	0.05	Adapter 507Hz Probe 3839Hz	11	0.507	70.00	0.079
80.165	0.05	Adapter 507Hz Probe 3839Hz	11	0.507	70.00	0.079
80.245	0.05	Adapter 507Hz Probe 3839Hz	11	0.507	70.00	0.079
80.325	0.05	Adapter 507Hz Probe 3839Hz	11	3.839	70.00	0.437
80.505	0.05	Adapter 507Hz Probe 3839Hz	11	0.507	70.00	0.079
80.585	0.05	Adapter 507Hz Probe 3839Hz	11	0.507	70.00	0.079
80.665	0.05	Adapter 507Hz Probe 3839Hz	11	0.507	70.00	0.079
80.745	0.05	Adapter 507Hz Probe 3839Hz	11	0.507	70.00	0.079
80.825	0.05	Adapter 507Hz Probe 3839Hz	11	3.839	70.00	0.437
81.005	0.05	Adapter 507Hz Probe 3839Hz	11	0.507	70.00	0.079
81.085	0.05	Adapter 507Hz Probe 3839Hz	11	0.507	70.00	0.079
81.165	0.05	Adapter 507Hz Probe 3839Hz	11	0.507	70.00	0.079
81.245	0.05	Adapter 507Hz Probe 3839Hz	11	0.507	70.00	0.079
81.325	0.05	Adapter 507Hz Probe 3839Hz	11	3.839	70.00	0.437
81.505	0.05	Adapter 507Hz Probe 3839Hz	11	0.507	70.00	0.079
81.585	0.05	Adapter 507Hz Probe 3839Hz	11	0.507	70.00	0.079
81.665	0.05	Adapter 507Hz Probe 3839Hz	11	0.507	70.00	0.079
81.745	0.05	Adapter 507Hz Probe 3839Hz	11	0.507	70.00	0.079
81.825	0.05	Adapter 507Hz Probe 3839Hz	11	3.839	70.00	0.437
82.005	0.05	Adapter 507Hz Probe 3839Hz	11	0.507	70.00	0.079
82.085	0.05	Adapter 507Hz Probe 3839Hz	11	0.507	70.00	0.079
82.165	0.05	Adapter 507Hz Probe 3839Hz	11	0.507	70.00	0.079
82.245	0.05	Adapter 507Hz Probe 3839Hz	11	0.507	70.00	0.079
82.325	0.05	Adapter 507Hz Probe 3839Hz	11	3.839	70.00	0.437
85.009	0.05	Adapter 1501Hz	12	1.501	70.00	0.186
85.089	0.05	Adapter 1501Hz	12	1.501	70.00	0.186
85.169	0.05	Adapter 1501Hz	12	1.501	70.00	0.186
85.249	0.05	Adapter 1501Hz	12	1.501	70.00	0.186
85.509	0.05	Adapter 1501Hz	12	1.501	70.00	0.186
85.589	0.05	Adapter 1501Hz	12	1.501	70.00	0.186
85.669	0.05	Adapter 1501Hz	12	1.501	70.00	0.186
85.749	0.05	Adapter 1501Hz	12	1.501	70.00	0.186
86.009	0.05	Adapter 1501Hz	12	1.501	70.00	0.186
86.089	0.05	Adapter 1501Hz	12	1.501	70.00	0.186
86.169	0.05	Adapter 1501Hz	12	1.501	70.00	0.186
86.249	0.05	Adapter 1501Hz	12	1.501	70.00	0.186
86.509	0.05	Adapter 1501Hz	12	1.501	70.00	0.186
86.589	0.05	Adapter 1501Hz	12	1.501	70.00	0.186
86.669	0.05	Adapter 1501Hz	12	1.501	70.00	0.186
86.749	0.05	Adapter 1501Hz	12	1.501	70.00	0.186
87.009	0.05	Adapter 1501Hz	12	1.501	70.00	0.186
87.089	0.05	Adapter 1501Hz	12	1.501	70.00	0.186
87.169	0.05	Adapter 1501Hz	12	1.501	70.00	0.186
87.249	0.05	Adapter 1501Hz	12	1.501	70.00	0.186
87.509	0.05	Adapter 1501Hz	12	1.501	70.00	0.186
87.589	0.05	Adapter 1501Hz	12	1.501	70.00	0.186
87.669	0.05	Adapter 1501Hz	12	1.501	70.00	0.186
87.749	0.05	Adapter 1501Hz	12	1.501	70.00	0.186
88.009	0.05	Adapter 1501Hz	12	1.501	70.00	0.186
88.089	0.05	Adapter 1501Hz	12	1.501	70.00	0.186
88.169	0.05	Adapter 1501Hz	12	1.501	70.00	0.186
88.249	0.05	Adapter 1501Hz	12	1.501	70.00	0.186
88.509	0.05	Adapter 1501Hz	12	1.501	70.00	0.186
88.589	0.05	Adapter 1501Hz	12	1.501	70.00	0.186
88.669	0.05	Adapter 1501Hz	12	1.501	70.00	0.186
88.749	0.05	Adapter 1501Hz	12	1.501	70.00	0.186
89.009	0.05	Adapter 1501Hz	12	1.501	70.00	0.186
89.089	0.05	Adapter 1501Hz	12	1.501	70.00	0.186
89.169	0.05	Adapter 1501Hz	12	1.501	70.00	0.186
89.249	0.05	Adapter 1501Hz	12	1.501	70.00	0.186
89.509	0.05	Adapter 1501Hz	12	1.501	70.00	0.186
89.589	0.05	Adapter 1501Hz	12	1.501	70.00	0.186
89.669	0.05	Adapter 1501Hz	12	1.501	70.00	0.186
89.749	0.05	Adapter 1501Hz	12	1.501	70.00	0.186
100.047	0.05	Adapter 899Hz Probe 3839Hz	14	0.899	70.00	0.121
100.127	0.05	Adapter 899Hz Probe 3839Hz	14	0.899	70.00	0.121
100.207	0.05	Adapter 899Hz Probe 3839Hz	14	0.899	70.00	0.121
100.287	0.05	Adapter 899Hz Probe 3839Hz	14	0.899	70.00	0.121
100.367	0.05	Adapter 899Hz Probe 3839Hz	14	3.839	70.00	0.437
100.547	0.05	Adapter 899Hz Probe 3839Hz	14	0.899	70.00	0.121
100.627	0.05	Adapter 899Hz Probe 3839Hz	14	0.899	70.00	0.121
100.707	0.05	Adapter 899Hz Probe 3839Hz	14	0.899	70.00	0.121
100.787	0.05	Adapter 899Hz Probe 3839Hz	14	0.899	70.00	0.121
100.867	0.05	Adapter 899Hz Probe 3839Hz	14	3.839	70.00	0.437
101.047	0.05	Adapter 899Hz Probe 3839Hz	14	0.899	70.00	0.121
101.127	0.05	Adapter 899Hz Probe 3839Hz	14	0.899	70.00	0.121
101.207	0.05	Adapter 899Hz Probe 3839Hz	14	0.899	70.00	0.121
101.287	0.05	Adapter 899Hz Probe 3839Hz	14	0.899	70.00	0.121
101.367	0.05	Adapter 899Hz Probe 3839Hz	14	3.839	70.00	0.437
101.547	0.05	Adapter 899Hz Probe 3839Hz	14	0.899	70.00	0.121
101.627	0.05	Adapter 899Hz Probe 3839Hz	14	0.899	70.00	0.121
101.707	0.05	Adapter 899Hz Probe 3839Hz	14	0.899	70.00	0.121
101.787	0.05	Adapter 899Hz Probe 3839Hz	14	0.899	70.00	0.121
101.867	0.05	Adapter 899Hz Probe 3839Hz	14	3.839	70.00	0.437
102.047	0.05	Adapter 899Hz Probe 3839Hz	14	0.899	70.00	0.121
102.127	0.05	Adapter 899Hz Probe 3839Hz	14	0.899	70.00	0.121
102.207	0.05	Adapter 899Hz Probe 3839Hz	14	0.899	70.00	0.121
102.287	0.05	Adapter 899Hz Probe 3839Hz	14	0.899	70.00	0.121
102.367	0.05	Adapter 899Hz Probe 3839Hz	14	3.839	70.00	0.437
102.547	0.05	Adapter 899Hz Probe 3839Hz	14	0.899	70.00	0.121
102.627	0.05	Adapter 899Hz Probe 3839Hz	14	0.899	70.00	0.121
102.707	0.05	Adapter 899Hz Probe 3839Hz	14	0.899	70.00	0.121
102.787	0.05	Adapter 899Hz Probe 3839Hz	14	0.899	70.00	0.121
102.867	0.05	Adapter 899Hz Probe 3839Hz	14	3.839	70.00	0.437
103.047	0.05	Adapter 899Hz Probe 3839Hz	14	0.899	70.00	0.121
103.127	0.05	Adapter 899Hz Probe 3839Hz	14	0.899	70.00	0.121
103.207	0.05	Adapter 899Hz Probe 3839Hz	14	0.899	70.00	0.121
103.287	0.05	Adapter 899Hz Probe 3839Hz	14	0.899	70.00	0.121
103.367	0.05	Adapter 899Hz Probe 3839Hz	14	3.839	70.00	0.437
103.547	0.05	Adapter 899Hz Probe 3839Hz	14	0.899	70.00	0.121
103.627	0.05	Adapter 899Hz Probe 3839Hz	14	0.899	70.00	0.121
103.707	0.05	Adapter 899Hz Probe 3839Hz	14	0.899	70.00	0.121
103.787	0.05	Adapter 899Hz Probe 3839Hz	14	0.899	70.00	0.121
103.867	0.05	Adapter 899Hz Probe 3839Hz	14	3.839	70.00	0.437
104.047	0.05	Adapter 899Hz Probe 3839Hz	14	0.899	70.00	0.121
104.127	0.05	Adapter 899Hz Probe 3839Hz	14	0.899	70.00	0.121
104.207	0.05	Adapter 899Hz Probe 3839Hz	14	0.899	70.00	0.121
104.287	0.05	Adapter 899Hz Probe 3839Hz	14	0.899	70.00	0.121
104.367	0.05	Adapter 899Hz Probe 3839Hz	14	3.839	70.00	0.437
104.547	0.05	Adapter 899Hz Probe 3839Hz	14	0.899	70.00	0.121
104.627	0.05	Adapter 899Hz Probe 3839Hz	14	0.899	70.00	0.121
104.707	0.05	Adapter 899Hz Probe 3839Hz	14	0.899	70.00	0.121
104.787	0.05	Adapter 899Hz Probe 3839Hz	14	0.899	70.00	0.121
104.867	0.05	Adapter 899Hz Probe 3839Hz	14	3.839	70.00	0.437
107.52	0.05	Adapter 6009Hz	15	6.009	70.00	0.671
107.6	0.05	Adapter 6009Hz	15	6.009	70.00	0.671
107.68	0.05	Adapter 6009Hz	15	6.009	70.00	0.671
107.76	0.05	Adapter 6009Hz	15	6.009	70.00	0.671
108.02	0.05	Adapter 6009Hz	15	6.009	70.00	0.671
108.1	0.05	Adapter 6009Hz	15	6.009	70.00	0.671
108.18	0.05	Adapter 6009Hz	15	6.009	70.00	0.671
108.26	0.05	Adapter 6009Hz	15	6.009	70.00	0.671
108.52	0.05	Adapter 6009Hz	15	6.009	70.00	0.671
108.6	0.05	Adapter 6009Hz	15	6.009	70.00	0.671
108.68	0.05	Adapter 6009Hz	15	6.009	70.00	0.671
108.76	0.05	Adapter 6009Hz	15	6.009	70.00	0.671
109.02	0.05	Adapter 6009Hz	15	6.009	70.00	0.671
109.1	0.05	Adapter 6009Hz	15	6.009	70.00	0.671
109.18	0.05	Adapter 6009Hz	15	6.009	70.00	0.671
109.26	0.05	Adapter 6009Hz	15	6.009	70.00	0.671
109.52	0.05	Adapter 6009Hz	15	6.009	70.00	0.671
109.6	0.05	Adapter 6009Hz	15	6.009	70.00	0.671
109.68	0.05	Adapter 6009Hz	15	6.009	70.00	0.671
109.76	0.05	Adapter 6009Hz	15	6.009	70.00	0.671
110.02	0.05	Adapter 6009Hz	15	6.009	70.00	0.671
110.1	0.05	Adapter 6009Hz	15	6.009	70.00	0.671
110.18	0.05	Adapter 6009Hz	15	6.009	70.00	0.671
110.26	0.05	Adapter 6009Hz	15	6.009	70.00	0.671
110.52	0.05	Adapter 6009Hz	15	6.009	70.00	0.671
110.6	0.05	Adapter 6009Hz	15	6.009	70.00	0.671
110.68	0.05	Adapter 6009Hz	15	6.009	70.00	0.671
110.76	0.05	Adapter 6009Hz	15	6.009	70.00	0.671
111.02	0.05	Adapter 6009Hz	15	6.009	70.00	0.671
111.1	0.05	Adapter 6009Hz	15	6.009	70.00	0.671
111.18	0.05	Adapter 6009Hz	15	6.009	70.00	0.671
111.26	0.05	Adapter 6009Hz	15	6.009	70.00	0.671
111.52	0.05	Adapter 6009Hz	15	6.009	70.00	0.671
111.6	0.05	Adapter 6009Hz	15	6.009	70.00	0.671
111.68	0.05	Adapter 6009Hz	15	6.009	70.00	0.671
111.76	0.05	Adapter 6009Hz	15	6.009	70.00	0.671
112.02	0.05	Adapter 6009Hz	15	6.009	70.00	0.671
112.1	0.05	Adapter 6009Hz	15	6.009	70.00	0.671
112.18	0.05	Adapter 6009Hz	15	6.009	70.00	0.671
112.26	0.05	Adapter 6009Hz	15	6.009	70.00	0.671
115.039	0.05	Adapter 3839Hz	16	3.839	70.00	0.437
115.119	0.05	Adapter 3839Hz	16	3.839	70.00	0.437
115.199	0.05	Adapter 3839Hz	16	3.839	70.00	0.437
115.279	0.05	Adapter 3839Hz	16	3.839	70.00	0.437
115.539	0.05	Adapter 3839Hz	16	3.839	70.00	0.437
115.619	0.05	Adapter 3839Hz	16	3.839	70.00	0.437
115.699	0.05	Adapter 3839Hz	16	3.839	70.00	0.437
115.779	0.05	Adapter 3839Hz	16	3.839	70.00	0.437
116.039	0.05	Adapter 3839Hz	16	3.839	70.00	0.437
116.119	0.05	Adapter 3839Hz	16	3.839	70.00	0.437
116.199	0.05	Adapter 3839Hz	16	3.839	70.00	0.437
116.279	0.05	Adapter 3839Hz	16	3.839	70.00	0.437
116.539	0.05	Adapter 3839Hz	16	3.839	70.00	0.437
116.619	0.05	Adapter 3839Hz	16	3.839	70.00	0.437
116.699	0.05	Adapter 3839Hz	16	3.839	70.00	0.437
116.779	0.05	Adapter 3839Hz	16	3.839	70.00	0.437
117.039	0.05	Adapter 3839Hz	16	3.839	70.00	0.437
117.119	0.05	Adapter 3839Hz	16	3.839	70.00	0.437
117.199	0.05	Adapter 3839Hz	16	3.839	70.00	0.437
117.279	0.05	Adapter 3839Hz	16	3.839	70.00	0.437
117.539	0.05	Adapter 3839Hz	16	3.839	70.00	0.437
117.619	0.05	Adapter 3839Hz	16	3.839	70.00	0.437
117.699	0.05	Adapter 3839Hz	16	3.839	70.00	0.437
117.779	0.05	Adapter 3839Hz	16	3.839	70.00	0.437
118.039	0.05	Adapter 3839Hz	16	3.839	70.00	0.437
118.119	0.05	Adapter 3839Hz	16	3.839	70.00	0.437
118.199	0.05	Adapter 3839Hz	16	3.839	70.00	0.437
118.279	0.05	Adapter 3839Hz	16	3.839	70.00	0.437
118.539	0.05	Adapter 3839Hz	16	3.839	70.00	0.437
118.619	0.05	Adapter 3839Hz	16	3.839	70.00	0.437
118.699	0.05	Adapter 3839Hz	16	3.839	70.00	0.437
118.779	0.05	Adapter 3839Hz	16	3.839	70.00	0.437
119.039	0.05	Adapter 3839Hz	16	3.839	70.00	0.437
119.119	0.05	Adapter 3839Hz	16	3.839	70.00	0.437
119.199	0.05	Adapter 3839Hz	16	3.839	70.00	0.437
119.279	0.05	Adapter 3839Hz	16	3.839	70.00	0.437
119.539	0.05	Adapter 3839Hz	16	3.839	70.00	0.437
119.619	0.05	Adapter 3839Hz	16	3.839	70.00	0.437
119.699	0.05	Adapter 3839Hz	16	3.839	70.00	0.437
119.779	0.05	Adapter 3839Hz	16	3.839	70.00	0.437
122.511	0.05	Adapter 3839Hz	17	3.839	70.00	0.437
122.591	0.05	Adapter 3839Hz	17	3.839	70.00	0.437
122.671	0.05	Adapter 3839Hz	17	3.839	70.00	0.437
122.751	0.05	Adapter 3839Hz	17	3.839	70.00	0.437
123.011	0.05	Adapter 3839Hz	17	3.839	70.00	0.437
123.091	0.05	Adapter 3839Hz	17	3.839	70.00	0.437
123.171	0.05	Adapter 3839Hz	17	3.839	70.00	0.437
123.251	0.05	Adapter 3839Hz	17	3.839	70.00	0.437
123.511	0.05	Adapter 3839Hz	17	3.839	70.00	0.437
123.591	0.05	Adapter 3839Hz	17	3.839	70.00	0.437
123.671	0.05	Adapter 3839Hz	17	3.839	70.00	0.437
123.751	0.05	Adapter 3839Hz	17	3.839	70.00	0.437
124.011	0.05	Adapter 3839Hz	17	3.839	70.00	0.437
124.091	0.05	Adapter 3839Hz	17	3.839	70.00	0.437
124.171	0.05	Adapter 3839Hz	17	3.839	70.00	0.437
124.251	0.05	Adapter 3839Hz	17	3.839	70.00	0.437
124.511	0.05	Adapter 3839Hz	17	3.839	70.00	0.437
124.591	0.05	Adapter 3839Hz	17	3.839	70.00	0.437
124.671	0.05	Adapter 3839Hz	17	3.839	70.00	0.437
124.751	0.05	Adapter 3839Hz	17	3.839	70.00	0.437
125.011	0.05	Adapter 3839Hz	17	3.839	70.00	0.437
125.091	0.05	Adapter 3839Hz	17	3.839	70.00	0.437
125.171	0.05	Adapter 3839Hz	17	3.839	70.00	0.437
125.251	0.05	Adapter 3839Hz	17	3.839	70.00	0.437
125.511	0.05	Adapter 3839Hz	17	3.839	70.00	0.437
125.591	0.05	Adapter 3839Hz	17	3.839	70.00	0.437
125.671	0.05	Adapter 3839Hz	17	3.839	70.00	0.437
125.751	0.05	Adapter 3839Hz	17	3.839	70.00	0.437
126.011	0.05	Adapter 3839Hz	17	3.839	70.00	0.437
126.091	0.05	Adapter 3839Hz	17	3.839	70.00	0.437
126.171	0.05	Adapter 3839Hz	17	3.839	70.00	0.437
126.251	0.05	Adapter 3839Hz	17	3.839	70.00	0.437
126.511	0.05	Adapter 3839Hz	17	3.839	70.00	0.437
126.591	0.05	Adapter 3839Hz	17	3.839	70.00	0.437
126.671	0.05	Adapter 3839Hz	17	3.839	70.00	0.437
126.751	0.05	Adapter 3839Hz	17	3.839	70.00	0.437
127.011	0.05	Adapter 3839Hz	17	3.839	70.00	0.437
127.091	0.05	Adapter 3839Hz	17	3.839	70.00	0.437
127.171	0.05	Adapter 3839Hz	17	3.839	70.00	0.437
127.251	0.05	Adapter 3839Hz	17	3.839	70.00	0.437
130.046	0.05	Adapter 899Hz	18	0.899	70.00	0.121
130.126	0.05	Adapter 899Hz	18	0.899	70.00	0.121
130.206	0.05	Adapter 899Hz	18	0.899	70.00	0.121
130.286	0.05	Adapter 899Hz	18	0.899	70.00	0.121
130.546	0.05	Adapter 899Hz	18	0.899	70.00	0.121
130.626	0.05	Adapter 899Hz	18	0.899	70.00	0.121
130.706	0.05	Adapter 899Hz	18	0.899	70.00	0.121
130.786	0.05	Adapter 899Hz	18	0.899	70.00	0.121
131.046	0.05	Adapter 899Hz	18	0.899	70.00	0.121
131.126	0.05	Adapter 899Hz	18	0.899	70.00	0.121
131.206	0.05	Adapter 899Hz	18	0.899	70.00	0.121
131.286	0.05	Adapter 899Hz	18	0.899	70.00	0.121
131.546	0.05	Adapter 899Hz	18	0.899	70.00	0.121
131.626	0.05	Adapter 899Hz	18	0.899	70.00	0.121
131.706	0.05	Adapter 899Hz	18	0.899	70.00	0.121
131.786	0.05	Adapter 899Hz	18	0.899	70.00	0.121
132.046	0.05	Adapter 899Hz	18	0.899	70.00	0.121
132.126	0.05	Adapter 899Hz	18	0.899	70.00	0.121
132.206	0.05	Adapter 899Hz	18	0.899	70.00	0.121
132.286	0.05	Adapter 899Hz	18	0.899	70.00	0.121
132.546	0.05	Adapter 899Hz	18	0.899	70.00	0.121
132.626	0.05	Adapter 899Hz	18	0.899	70.00	0.121
132.706	0.05	Adapter 899Hz	18	0.899	70.00	0.121
132.786	0.05	Adapter 899Hz	18	0.899	70.00	0.121
133.046	0.05	Adapter 899Hz	18	0.899	70.00	0.121
133.126	0.05	Adapter 899Hz	18	0.899	70.00	0.121
133.206	0.05	Adapter 899Hz	18	0.899	70.00	0.121
133.286	0.05	Adapter 899Hz	18	0.899	70.00	0.121
133.546	0.05	Adapter 899Hz	18	0.899	70.00	0.121
133.626	0.05	Adapter 899Hz	18	0.899	70.00	0.121
133.706	0.05	Adapter 899Hz	18	0.899	70.00	0.121
133.786	0.05	Adapter 899Hz	18	0.899	70.00	0.121
134.046	0.05	Adapter 899Hz	18	0.899	70.00	0.121
134.126	0.05	Adapter 899Hz	18	0.899	70.00	0.121
134.206	0.05	Adapter 899Hz	18	0.899	70.00	0.121
134.286	0.05	Adapter 899Hz	18	0.899	70.00	0.121
134.546	0.05	Adapter 899Hz	18	0.899	70.00	0.121
134.626	0.05	Adapter 899Hz	18	0.899	70.00	0.121
134.706	0.05	Adapter 899Hz	18	0.899	70.00	0.121
134.786	0.05	Adapter 899Hz	18	0.899	70.00	0.121
137.534	0.05	Adapter 251Hz	19	0.251	70.00	0.052
137.614	0.05	Adapter 251Hz	19	0.251	70.00	0.052
137.694	0.05	Adapter 251Hz	19	0.251	70.00	0.052
137.774	0.05	Adapter 251Hz	19	0.251	70.00	0.052
138.034	0.05	Adapter 251Hz	19	0.251	70.00	0.052
138.114	0.05	Adapter 251Hz	19	0.251	70.00	0.052
138.194	0.05	Adapter 251Hz	19	0.251	70.00	0.052
138.274	0.05	Adapter 251Hz	19	0.251	70.00	0.052
138.534	0.05	Adapter 251Hz	19	0.251	70.00	0.052
138.614	0.05	Adapter 251Hz	19	0.251	70.00	0.052
138.694	0.05	Adapter 251Hz	19	0.251	70.00	0.052
138.774	0.05	Adapter 251Hz	19	0.251	70.00	0.052
139.034	0.05	Adapter 251Hz	19	0.251	70.00	0.052
139.114	0.05	Adapter 251Hz	19	0.251	70.00	0.052
139.194	0.05	Adapter 251Hz	19	0.251	70.00	0.052
139.274	0.05	Adapter 251Hz	19	0.251	70.00	0.052
139.534	0.05	Adapter 251Hz	19	0.251	70.00	0.052
139.614	0.05	Adapter 251Hz	19	0.251	70.00	0.052
139.694	0.05	Adapter 251Hz	19	0.251	70.00	0.052
139.774	0.05	Adapter 251Hz	19	0.251	70.00	0.052
140.034	0.05	Adapter 251Hz	19	0.251	70.00	0.052
140.114	0.05	Adapter 251Hz	19	0.251	70.00	0.052
140.194	0.05	Adapter 251Hz	19	0.251	70.00	0.052
140.274	0.05	Adapter 251Hz	19	0.251	70.00	0.052
140.534	0.05	Adapter 251Hz	19	0.251	70.00	0.052
140.614	0.05	Adapter 251Hz	19	0.251	70.00	0.052
140.694	0.05	Adapter 251Hz	19	0.251	70.00	0.052
140.774	0.05	Adapter 251Hz	19	0.251	70.00	0.052
141.034	0.05	Adapter 251Hz	19	0.251	70.00	0.052
141.114	0.05	Adapter 251Hz	19	0.251	70.00	0.052
141.194	0.05	Adapter 251Hz	19	0.251	70.00	0.052
141.274	0.05	Adapter 251Hz	19	0.251	70.00	0.052
141.534	0.05	Adapter 251Hz	19	0.251	70.00	0.052
141.614	0.05	Adapter 251Hz	19	0.251	70.00	0.052
141.694	0.05	Adapter 251Hz	19	0.251	70.00	0.052
141.774	0.05	Adapter 251Hz	19	0.251	70.00	0.052
142.034	0.05	Adapter 251Hz	19	0.251	70.00	0.052
142.114	0.05	Adapter 251Hz	19	0.251	70.00	0.052
142.194	0.05	Adapter 251Hz	19	0.251	70.00	0.052
142.274	0.05	Adapter 251Hz	19	0.251	70.00	0.052
145.038	0.05	Adapter 507Hz Probe 3839Hz	20	0.507	70.00	0.079
145.118	0.05	Adapter 507Hz Probe 3839Hz	20	0.507	70.00	0.079
145.198	0.05	Adapter 507Hz Probe 3839Hz	20	0.507	70.00	0.079
145.278	0.05	Adapter 507Hz Probe 3839Hz	20	0.507	70.00	0.079
145.358	0.05	Adapter 507Hz Probe 3839Hz	20	3.839	70.00	0.437
145.538	0.05	Adapter 507Hz Probe 3839Hz	20	0.507	70.00	0.079
145.618	0.05	Adapter 507Hz Probe 3839Hz	20	0.507	70.00	0.079
145.698	0.05	Adapter 507Hz Probe 3839Hz	20	0.507	70.00	0.079
145.778	0.05	Adapter 507Hz Probe 3839Hz	20	0.507	70.00	0.079
145.858	0.05	Adapter 507Hz Probe 3839Hz	20	3.839	70.00	0.437
146.038	0.05	Adapter 507Hz Probe 3839Hz	20	0.507	70.00	0.079
146.118	0.05	Adapter 507Hz Probe 3839Hz	20	0.507	70.00	0.079
146.198	0.05	Adapter 507Hz Probe 3839Hz	20	0.507	70.00	0.079
146.278	0.05	Adapter 507Hz Probe 3839Hz	20	0.507	70.00	0.079
146.358	0.05	Adapter 507Hz Probe 3839Hz	20	3.839	70.00	0.437
146.538	0.05	Adapter 507Hz Probe 3839Hz	20	0.507	70.00	0.079
146.618	0.05	Adapter 507Hz Probe 3839Hz	20	0.507	70.00	0.079
146.698	0.05	Adapter 507Hz Probe 3839Hz	20	0.507	70.00	0.079
146.778	0.05	Adapter 507Hz Probe 3839Hz	20	0.507	70.00	0.079
146.858	0.05	Adapter 507Hz Probe 3839Hz	20	3.839	70.00	0.437
147.038	0.05	Adapter 507Hz Probe 3839Hz	20	0.507	70.00	0.079
147.118	0.05	Adapter 507Hz Probe 3839Hz	20	0.507	70.00	0.079
147.198	0.05	Adapter 507Hz Probe 3839Hz	20	0.507	70.00	0.079
147.278	0.05	Adapter 507Hz Probe 3839Hz	20	0.507	70.00	0.079
147.358	0.05	Adapter 507Hz Probe 3839Hz	20	3.839	70.00	0.437
147.538	0.05	Adapter 507Hz Probe 3839Hz	20	0.507	70.00	0.079
147.618	0.05	Adapter 507Hz Probe 3839Hz	20	0.507	70.00	0.079
147.698	0.05	Adapter 507Hz Probe 3839Hz	20	0.507	70.00	0.079
147.778	0.05	Adapter 507Hz Probe 3839Hz	20	0.507	70.00	0.079
147.858	0.05	Adapter 507Hz Probe 3839Hz	20	3.839	70.00	0.437
148.038	0.05	Adapter 507Hz Probe 3839Hz	20	0.507	70.00	0.079
148.118	0.05	Adapter 507Hz Probe 3839Hz	20	0.507	70.00	0.079
148.198	0.05	Adapter 507Hz Probe 3839Hz	20	0.507	70.00	0.079
148.278	0.05	Adapter 507Hz Probe 3839Hz	20	0.507	70.00	0.079
148.358	0.05	Adapter 507Hz Probe 3839Hz	20	3.839	70.00	0.437
148.538	0.05	Adapter 507Hz Probe 3839Hz	20	0.507	70.00	0.079
148.618	0.05	Adapter 507Hz Probe 3839Hz	20	0.507	70.00	0.079
148.698	0.05	Adapter 507Hz Probe 3839Hz	20	0.507	70.00	0.079
148.778	0.05	Adapter 507Hz Probe 3839Hz	20	0.507	70.00	0.079
148.858	0.05	Adapter 507Hz Probe 3839Hz	20	3.839	70.00	0.437
149.038	0.05	Adapter 507Hz Probe 3839Hz	20	0.507	70.00	0.079
149.118	0.05	Adapter 507Hz Probe 3839Hz	20	0.507	70.00	0.079
149.198	0.05	Adapter 507Hz Probe 3839Hz	20	0.507	70.00	0.079
149.278	0.05	Adapter 507Hz Probe 3839Hz	20	0.507	70.00	0.079
149.358	0.05	Adapter 507Hz Probe 3839Hz	20	3.839	70.00	0.437
149.538	0.05	Adapter 507Hz Probe 3839Hz	20	0.507	70.00	0.079
149.618	0.05	Adapter 507Hz Probe 3839Hz	20	0.507	70.00	0.079
149.698	0.05	Adapter 507Hz Probe 3839Hz	20	0.507	70.00	0.079
149.778	0.05	Adapter 507Hz Probe 3839Hz	20	0.507	70.00	0.079
149.858	0.05	Adapter 507Hz Probe 3839Hz	20	3.839	70.00	0.437
152.877	0.05	Probe 3839Hz	21	3.839	70.00	0.437
153.377	0.05	Probe 3839Hz	21	3.839	70.00	0.437
153.877	0.05	Probe 3839Hz	21	3.839	70.00	0.437
154.377	0.05	Probe 3839Hz	21	3.839	70.00	0.437
154.877	0.05	Probe 3839Hz	21	3.839	70.00	0.437
155.377	0.05	Probe 3839Hz	21	3.839	70.00	0.437
155.877	0.05	Probe 3839Hz	21	3.839	70.00	0.437
156.377	0.05	Probe 3839Hz	21	3.839	70.00	0.437
156.877	0.05	Probe 3839Hz	21	3.839	70.00	0.437
157.377	0.05	Probe 3839Hz	21	3.839	70.00	0.437
160.014	0.05	Adapter 1501Hz Probe 3839Hz	22	1.501	70.00	0.186
160.094	0.05	Adapter 1501Hz Probe 3839Hz	22	1.501	70.00	0.186
160.174	0.05	Adapter 1501Hz Probe 3839Hz	22	1.501	70.00	0.186
160.254	0.05	Adapter 1501Hz Probe 3839Hz	22	1.501	70.00	0.186
160.334	0.05	Adapter 1501Hz Probe 3839Hz	22	3.839	70.00	0.437
160.514	0.05	Adapter 1501Hz Probe 3839Hz	22	1.501	70.00	0.186
160.594	0.05	Adapter 1501Hz Probe 3839Hz	22	1.501	70.00	0.186
160.674	0.05	Adapter 1501Hz Probe 3839Hz	22	1.501	70.00	0.186
160.754	0.05	Adapter 1501Hz Probe 3839Hz	22	1.501	70.00	0.186
160.834	0.05	Adapter 1501Hz Probe 3839Hz	22	3.839	70.00	0.437
161.014	0.05	Adapter 1501Hz Probe 3839Hz	22	1.501	70.00	0.186
161.094	0.05	Adapter 1501Hz Probe 3839Hz	22	1.501	70.00	0.186
161.174	0.05	Adapter 1501Hz Probe 3839Hz	22	1.501	70.00	0.186
161.254	0.05	Adapter 1501Hz Probe 3839Hz	22	1.501	70.00	0.186
161.334	0.05	Adapter 1501Hz Probe 3839Hz	22	3.839	70.00	0.437
161.514	0.05	Adapter 1501Hz Probe 3839Hz	22	1.501	70.00	0.186
161.594	0.05	Adapter 1501Hz Probe 3839Hz	22	1.501	70.00	0.186
161.674	0.05	Adapter 1501Hz Probe 3839Hz	22	1.501	70.00	0.186
161.754	0.05	Adapter 1501Hz Probe 3839Hz	22	1.501	70.00	0.186
161.834	0.05	Adapter 1501Hz Probe 3839Hz	22	3.839	70.00	0.437
162.014	0.05	Adapter 1501Hz Probe 3839Hz	22	1.501	70.00	0.186
162.094	0.05	Adapter 1501Hz Probe 3839Hz	22	1.501	70.00	0.186
162.174	0.05	Adapter 1501Hz Probe 3839Hz	22	1.501	70.00	0.186
162.254	0.05	Adapter 1501Hz Probe 3839Hz	22	1.501	70.00	0.186
162.334	0.05	Adapter 1501Hz Probe 3839Hz	22	3.839	70.00	0.437
162.514	0.05	Adapter 1501Hz Probe 3839Hz	22	1.501	70.00	0.186
162.594	0.05	Adapter 1501Hz Probe 3839Hz	22	1.501	70.00	0.186
162.674	0.05	Adapter 1501Hz Probe 3839Hz	22	1.501	70.00	0.186
162.754	0.05	Adapter 1501Hz Probe 3839Hz	22	1.501	70.00	0.186
162.834	0.05	Adapter 1501Hz Probe 3839Hz	22	3.839	70.00	0.437
163.014	0.05	Adapter 1501Hz Probe 3839Hz	22	1.501	70.00	0.186
163.094	0.05	Adapter 1501Hz Probe 3839Hz	22	1.501	70.00	0.186
163.174	0.05	Adapter 1501Hz Probe 3839Hz	22	1.501	70.00	0.186
163.254	0.05	Adapter 1501Hz Probe 3839Hz	22	1.501	70.00	0.186
163.334	0.05	Adapter 1501Hz Probe 3839Hz	22	3.839	70.00	0.437
163.514	0.05	Adapter 1501Hz Probe 3839Hz	22	1.501	70.00	0.186
163.594	0.05	Adapter 1501Hz Probe 3839Hz	22	1.501	70.00	0.186
163.674	0.05	Adapter 1501Hz Probe 3839Hz	22	1.501	70.00	0.186
163.754	0.05	Adapter 1501Hz Probe 3839Hz	22	1.501	70.00	0.186
163.834	0.05	Adapter 1501Hz Probe 3839Hz	22	3.839	70.00	0.437
164.014	0.05	Adapter 1501Hz Probe 3839Hz	22	1.501	70.00	0.186
164.094	0.05	Adapter 1501Hz Probe 3839Hz	22	1.501	70.00	0.186
164.174	0.05	Adapter 1501Hz Probe 3839Hz	22	1.501	70.00	0.186
164.254	0.05	Adapter 1501Hz Probe 3839Hz	22	1.501	70.00	0.186
164.334	0.05	Adapter 1501Hz Probe 3839Hz	22	3.839	70.00	0.437
164.514	0.05	Adapter 1501Hz Probe 3839Hz	22	1.501	70.00	0.186
164.594	0.05	Adapter 1501Hz Probe 3839Hz	22	1.501	70.00	0.186
164.674	0.05	Adapter 1501Hz Probe 3839Hz	22	1.501	70.00	0.186
164.754	0.05	Adapter 1501Hz Probe 3839Hz	22	1.501	70.00	0.186
164.834	0.05	Adapter 1501Hz Probe 3839Hz	22	3.839	70.00	0.437
167.518	0.05	Adapter 1501Hz	23	1.501	70.00	0.186
167.598	0.05	Adapter 1501Hz	23	1.501	70.00	0.186
167.678	0.05	Adapter 1501Hz	23	1.501	70.00	0.186
167.758	0.05	Adapter 1501Hz	23	1.501	70.00	0.186
168.018	0.05	Adapter 1501Hz	23	1.501	70.00	0.186
168.098	0.05	Adapter 1501Hz	23	1.501	70.00	0.186
168.178	0.05	Adapter 1501Hz	23	1.501	70.00	0.186
168.258	0.05	Adapter 1501Hz	23	1.501	70.00	0.186
168.518	0.05	Adapter 1501Hz	23	1.501	70.00	0.186
168.598	0.05	Adapter 1501Hz	23	1.501	70.00	0.186
168.678	0.05	Adapter 1501Hz	23	1.501	70.00	0.186
168.758	0.05	Adapter 1501Hz	23	1.501	70.00	0.186
169.018	0.05	Adapter 1501Hz	23	1.501	70.00	0.186
169.098	0.05	Adapter 1501Hz	23	1.501	70.00	0.186
169.178	0.05	Adapter 1501Hz	23	1.501	70.00	0.186
169.258	0.05	Adapter 1501Hz	23	1.501	70.00	0.186
169.518	0.05	Adapter 1501Hz	23	1.501	70.00	0.186
169.598	0.05	Adapter 1501Hz	23	1.501	70.00	0.186
169.678	0.05	Adapter 1501Hz	23	1.501	70.00	0.186
169.758	0.05	Adapter 1501Hz	23	1.501	70.00	0.186
170.018	0.05	Adapter 1501Hz	23	1.501	70.00	0.186
170.098	0.05	Adapter 1501Hz	23	1.501	70.00	0.186
170.178	0.05	Adapter 1501Hz	23	1.501	70.00	0.186
170.258	0.05	Adapter 1501Hz	23	1.501	70.00	0.186
170.518	0.05	Adapter 1501Hz	23	1.501	70.00	0.186
170.598	0.05	Adapter 1501Hz	23	1.501	70.00	0.186
170.678	0.05	Adapter 1501Hz	23	1.501	70.00	0.186
170.758	0.05	Adapter 1501Hz	23	1.501	70.00	0.186
171.018	0.05	Adapter 1501Hz	23	1.501	70.00	0.186
171.098	0.05	Adapter 1501Hz	23	1.501	70.00	0.186
171.178	0.05	Adapter 1501Hz	23	1.501	70.00	0.186
171.258	0.05	Adapter 1501Hz	23	1.501	70.00	0.186
171.518	0.05	Adapter 1501Hz	23	1.501	70.00	0.186
171.598	0.05	Adapter 1501Hz	23	1.501	70.00	0.186
171.678	0.05	Adapter 1501Hz	23	1.501	70.00	0.186
171.758	0.05	Adapter 1501Hz	23	1.501	70.00	0.186
172.018	0.05	Adapter 1501Hz	23	1.501	70.00	0.186
172.098	0.05	Adapter 1501Hz	23	1.501	70.00	0.186
172.178	0.05	Adapter 1501Hz	23	1.501	70.00	0.186
172.258	0.05	Adapter 1501Hz	23	1.501	70.00	0.186
182.525	0.05	Adapter 899Hz Probe 3839Hz	25	0.899	70.00	0.121
182.605	0.05	Adapter 899Hz Probe 3839Hz	25	0.899	70.00	0.121
182.685	0.05	Adapter 899Hz Probe 3839Hz	25	0.899	70.00	0.121
182.765	0.05	Adapter 899Hz Probe 3839Hz	25	0.899	70.00	0.121
182.845	0.05	Adapter 899Hz Probe 3839Hz	25	3.839	70.00	0.437
183.025	0.05	Adapter 899Hz Probe 3839Hz	25	0.899	70.00	0.121
183.105	0.05	Adapter 899Hz Probe 3839Hz	25	0.899	70.00	0.121
183.185	0.05	Adapter 899Hz Probe 3839Hz	25	0.899	70.00	0.121
183.265	0.05	Adapter 899Hz Probe 3839Hz	25	0.899	70.00	0.121
183.345	0.05	Adapter 899Hz Probe 3839Hz	25	3.839	70.00	0.437
183.525	0.05	Adapter 899Hz Probe 3839Hz	25	0.899	70.00	0.121
183.605	0.05	Adapter 899Hz Probe 3839Hz	25	0.899	70.00	0.121
183.685	0.05	Adapter 899Hz Probe 3839Hz	25	0.899	70.00	0.121
183.765	0.05	Adapter 899Hz Probe 3839Hz	25	0.899	70.00	0.121
183.845	0.05	Adapter 899Hz Probe 3839Hz	25	3.839	70.00	0.437
184.025	0.05	Adapter 899Hz Probe 3839Hz	25	0.899	70.00	0.121
184.105	0.05	Adapter 899Hz Probe 3839Hz	25	0.899	70.00	0.121
184.185	0.05	Adapter 899Hz Probe 3839Hz	25	0.899	70.00	0.121
184.265	0.05	Adapter 899Hz Probe 3839Hz	25	0.899	70.00	0.121
184.345	0.05	Adapter 899Hz Probe 3839Hz	25	3.839	70.00	0.437
184.525	0.05	Adapter 899Hz Probe 3839Hz	25	0.899	70.00	0.121
184.605	0.05	Adapter 899Hz Probe 3839Hz	25	0.899	70.00	0.121
184.685	0.05	Adapter 899Hz Probe 3839Hz	25	0.899	70.00	0.121
184.765	0.05	Adapter 899Hz Probe 3839Hz	25	0.899	70.00	0.121
184.845	0.05	Adapter 899Hz Probe 3839Hz	25	3.839	70.00	0.437
185.025	0.05	Adapter 899Hz Probe 3839Hz	25	0.899	70.00	0.121
185.105	0.05	Adapter 899Hz Probe 3839Hz	25	0.899	70.00	0.121
185.185	0.05	Adapter 899Hz Probe 3839Hz	25	0.899	70.00	0.121
185.265	0.05	Adapter 899Hz Probe 3839Hz	25	0.899	70.00	0.121
185.345	0.05	Adapter 899Hz Probe 3839Hz	25	3.839	70.00	0.437
185.525	0.05	Adapter 899Hz Probe 3839Hz	25	0.899	70.00	0.121
185.605	0.05	Adapter 899Hz Probe 3839Hz	25	0.899	70.00	0.121
185.685	0.05	Adapter 899Hz Probe 3839Hz	25	0.899	70.00	0.121
185.765	0.05	Adapter 899Hz Probe 3839Hz	25	0.899	70.00	0.121
185.845	0.05	Adapter 899Hz Probe 3839Hz	25	3.839	70.00	0.437
186.025	0.05	Adapter 899Hz Probe 3839Hz	25	0.899	70.00	0.121
186.105	0.05	Adapter 899Hz Probe 3839Hz	25	0.899	70.00	0.121
186.185	0.05	Adapter 899Hz Probe 3839Hz	25	0.899	70.00	0.121
186.265	0.05	Adapter 899Hz Probe 3839Hz	25	0.899	70.00	0.121
186.345	0.05	Adapter 899Hz Probe 3839Hz	25	3.839	70.00	0.437
186.525	0.05	Adapter 899Hz Probe 3839Hz	25	0.899	70.00	0.121
186.605	0.05	Adapter 899Hz Probe 3839Hz	25	0.899	70.00	0.121
186.685	0.05	Adapter 899Hz Probe 3839Hz	25	0.899	70.00	0.121
186.765	0.05	Adapter 899Hz Probe 3839Hz	25	0.899	70.00	0.121
186.845	0.05	Adapter 899Hz Probe 3839Hz	25	3.839	70.00	0.437
187.025	0.05	Adapter 899Hz Probe 3839Hz	25	0.899	70.00	0.121
187.105	0.05	Adapter 899Hz Probe 3839Hz	25	0.899	70.00	0.121
187.185	0.05	Adapter 899Hz Probe 3839Hz	25	0.899	70.00	0.121
187.265	0.05	Adapter 899Hz Probe 3839Hz	25	0.899	70.00	0.121
187.345	0.05	Adapter 899Hz Probe 3839Hz	25	3.839	70.00	0.437
197.532	0.05	Adapter 2423Hz	27	2.423	70.00	0.285
197.612	0.05	Adapter 2423Hz	27	2.423	70.00	0.285
197.692	0.05	Adapter 2423Hz	27	2.423	70.00	0.285
197.772	0.05	Adapter 2423Hz	27	2.423	70.00	0.285
198.032	0.05	Adapter 2423Hz	27	2.423	70.00	0.285
198.112	0.05	Adapter 2423Hz	27	2.423	70.00	0.285
198.192	0.05	Adapter 2423Hz	27	2.423	70.00	0.285
198.272	0.05	Adapter 2423Hz	27	2.423	70.00	0.285
198.532	0.05	Adapter 2423Hz	27	2.423	70.00	0.285
198.612	0.05	Adapter 2423Hz	27	2.423	70.00	0.285
198.692	0.05	Adapter 2423Hz	27	2.423	70.00	0.285
198.772	0.05	Adapter 2423Hz	27	2.423	70.00	0.285
199.032	0.05	Adapter 2423Hz	27	2.423	70.00	0.285
199.112	0.05	Adapter 2423Hz	27	2.423	70.00	0.285
199.192	0.05	Adapter 2423Hz	27	2.423	70.00	0.285
199.272	0.05	Adapter 2423Hz	27	2.423	70.00	0.285
199.532	0.05	Adapter 2423Hz	27	2.423	70.00	0.285
199.612	0.05	Adapter 2423Hz	27	2.423	70.00	0.285
199.692	0.05	Adapter 2423Hz	27	2.423	70.00	0.285
199.772	0.05	Adapter 2423Hz	27	2.423	70.00	0.285
200.032	0.05	Adapter 2423Hz	27	2.423	70.00	0.285
200.112	0.05	Adapter 2423Hz	27	2.423	70.00	0.285
200.192	0.05	Adapter 2423Hz	27	2.423	70.00	0.285
200.272	0.05	Adapter 2423Hz	27	2.423	70.00	0.285
200.532	0.05	Adapter 2423Hz	27	2.423	70.00	0.285
200.612	0.05	Adapter 2423Hz	27	2.423	70.00	0.285
200.692	0.05	Adapter 2423Hz	27	2.423	70.00	0.285
200.772	0.05	Adapter 2423Hz	27	2.423	70.00	0.285
201.032	0.05	Adapter 2423Hz	27	2.423	70.00	0.285
201.112	0.05	Adapter 2423Hz	27	2.423	70.00	0.285
201.192	0.05	Adapter 2423Hz	27	2.423	70.00	0.285
201.272	0.05	Adapter 2423Hz	27	2.423	70.00	0.285
201.532	0.05	Adapter 2423Hz	27	2.423	70.00	0.285
201.612	0.05	Adapter 2423Hz	27	2.423	70.00	0.285
201.692	0.05	Adapter 2423Hz	27	2.423	70.00	0.285
201.772	0.05	Adapter 2423Hz	27	2.423	70.00	0.285
202.032	0.05	Adapter 2423Hz	27	2.423	70.00	0.285
202.112	0.05	Adapter 2423Hz	27	2.423	70.00	0.285
202.192	0.05	Adapter 2423Hz	27	2.423	70.00	0.285
202.272	0.05	Adapter 2423Hz	27	2.423	70.00	0.285
205.004	0.05	Adapter 2423Hz Probe 3839Hz	28	2.423	70.00	0.285
205.084	0.05	Adapter 2423Hz Probe 3839Hz	28	2.423	70.00	0.285
205.164	0.05	Adapter 2423Hz Probe 3839Hz	28	2.423	70.00	0.285
205.244	0.05	Adapter 2423Hz Probe 3839Hz	28	2.423	70.00	0.285
205.324	0.05	Adapter 2423Hz Probe 3839Hz	28	3.839	70.00	0.437
205.504	0.05	Adapter 2423Hz Probe 3839Hz	28	2.423	70.00	0.285
205.584	0.05	Adapter 2423Hz Probe 3839Hz	28	2.423	70.00	0.285
205.664	0.05	Adapter 2423Hz Probe 3839Hz	28	2.423	70.00	0.285
205.744	0.05	Adapter 2423Hz Probe 3839Hz	28	2.423	70.00	0.285
205.824	0.05	Adapter 2423Hz Probe 3839Hz	28	3.839	70.00	0.437
206.004	0.05	Adapter 2423Hz Probe 3839Hz	28	2.423	70.00	0.285
206.084	0.05	Adapter 2423Hz Probe 3839Hz	28	2.423	70.00	0.285
206.164	0.05	Adapter 2423Hz Probe 3839Hz	28	2.423	70.00	0.285
206.244	0.05	Adapter 2423Hz Probe 3839Hz	28	2.423	70.00	0.285
206.324	0.05	Adapter 2423Hz Probe 3839Hz	28	3.839	70.00	0.437
206.504	0.05	Adapter 2423Hz Probe 3839Hz	28	2.423	70.00	0.285
206.584	0.05	Adapter 2423Hz Probe 3839Hz	28	2.423	70.00	0.285
206.664	0.05	Adapter 2423Hz Probe 3839Hz	28	2.423	70.00	0.285
206.744	0.05	Adapter 2423Hz Probe 3839Hz	28	2.423	70.00	0.285
206.824	0.05	Adapter 2423Hz Probe 3839Hz	28	3.839	70.00	0.437
207.004	0.05	Adapter 2423Hz Probe 3839Hz	28	2.423	70.00	0.285
207.084	0.05	Adapter 2423Hz Probe 3839Hz	28	2.423	70.00	0.285
207.164	0.05	Adapter 2423Hz Probe 3839Hz	28	2.423	70.00	0.285
207.244	0.05	Adapter 2423Hz Probe 3839Hz	28	2.423	70.00	0.285
207.324	0.05	Adapter 2423Hz Probe 3839Hz	28	3.839	70.00	0.437
207.504	0.05	Adapter 2423Hz Probe 3839Hz	28	2.423	70.00	0.285
207.584	0.05	Adapter 2423Hz Probe 3839Hz	28	2.423	70.00	0.285
207.664	0.05	Adapter 2423Hz Probe 3839Hz	28	2.423	70.00	0.285
207.744	0.05	Adapter 2423Hz Probe 3839Hz	28	2.423	70.00	0.285
207.824	0.05	Adapter 2423Hz Probe 3839Hz	28	3.839	70.00	0.437
208.004	0.05	Adapter 2423Hz Probe 3839Hz	28	2.423	70.00	0.285
208.084	0.05	Adapter 2423Hz Probe 3839Hz	28	2.423	70.00	0.285
208.164	0.05	Adapter 2423Hz Probe 3839Hz	28	2.423	70.00	0.285
208.244	0.05	Adapter 2423Hz Probe 3839Hz	28	2.423	70.00	0.285
208.324	0.05	Adapter 2423Hz Probe 3839Hz	28	3.839	70.00	0.437
208.504	0.05	Adapter 2423Hz Probe 3839Hz	28	2.423	70.00	0.285
208.584	0.05	Adapter 2423Hz Probe 3839Hz	28	2.423	70.00	0.285
208.664	0.05	Adapter 2423Hz Probe 3839Hz	28	2.423	70.00	0.285
208.744	0.05	Adapter 2423Hz Probe 3839Hz	28	2.423	70.00	0.285
208.824	0.05	Adapter 2423Hz Probe 3839Hz	28	3.839	70.00	0.437
209.004	0.05	Adapter 2423Hz Probe 3839Hz	28	2.423	70.00	0.285
209.084	0.05	Adapter 2423Hz Probe 3839Hz	28	2.423	70.00	0.285
209.164	0.05	Adapter 2423Hz Probe 3839Hz	28	2.423	70.00	0.285
209.244	0.05	Adapter 2423Hz Probe 3839Hz	28	2.423	70.00	0.285
209.324	0.05	Adapter 2423Hz Probe 3839Hz	28	3.839	70.00	0.437
209.504	0.05	Adapter 2423Hz Probe 3839Hz	28	2.423	70.00	0.285
209.584	0.05	Adapter 2423Hz Probe 3839Hz	28	2.423	70.00	0.285
209.664	0.05	Adapter 2423Hz Probe 3839Hz	28	2.423	70.00	0.285
209.744	0.05	Adapter 2423Hz Probe 3839Hz	28	2.423	70.00	0.285
209.824	0.05	Adapter 2423Hz Probe 3839Hz	28	3.839	70.00	0.437
212.508	0.05	Adapter 3839Hz Probe 3839Hz	29	3.839	70.00	0.437
212.588	0.05	Adapter 3839Hz Probe 3839Hz	29	3.839	70.00	0.437
212.668	0.05	Adapter 3839Hz Probe 3839Hz	29	3.839	70.00	0.437
212.748	0.05	Adapter 3839Hz Probe 3839Hz	29	3.839	70.00	0.437
212.828	0.05	Adapter 3839Hz Probe 3839Hz	29	3.839	70.00	0.437
213.008	0.05	Adapter 3839Hz Probe 3839Hz	29	3.839	70.00	0.437
213.088	0.05	Adapter 3839Hz Probe 3839Hz	29	3.839	70.00	0.437
213.168	0.05	Adapter 3839Hz Probe 3839Hz	29	3.839	70.00	0.437
213.248	0.05	Adapter 3839Hz Probe 3839Hz	29	3.839	70.00	0.437
213.328	0.05	Adapter 3839Hz Probe 3839Hz	29	3.839	70.00	0.437
213.508	0.05	Adapter 3839Hz Probe 3839Hz	29	3.839	70.00	0.437
213.588	0.05	Adapter 3839Hz Probe 3839Hz	29	3.839	70.00	0.437
213.668	0.05	Adapter 3839Hz Probe 3839Hz	29	3.839	70.00	0.437
213.748	0.05	Adapter 3839Hz Probe 3839Hz	29	3.839	70.00	0.437
213.828	0.05	Adapter 3839Hz Probe 3839Hz	29	3.839	70.00	0.437
214.008	0.05	Adapter 3839Hz Probe 3839Hz	29	3.839	70.00	0.437
214.088	0.05	Adapter 3839Hz Probe 3839Hz	29	3.839	70.00	0.437
214.168	0.05	Adapter 3839Hz Probe 3839Hz	29	3.839	70.00	0.437
214.248	0.05	Adapter 3839Hz Probe 3839Hz	29	3.839	70.00	0.437
214.328	0.05	Adapter 3839Hz Probe 3839Hz	29	3.839	70.00	0.437
214.508	0.05	Adapter 3839Hz Probe 3839Hz	29	3.839	70.00	0.437
214.588	0.05	Adapter 3839Hz Probe 3839Hz	29	3.839	70.00	0.437
214.668	0.05	Adapter 3839Hz Probe 3839Hz	29	3.839	70.00	0.437
214.748	0.05	Adapter 3839Hz Probe 3839Hz	29	3.839	70.00	0.437
214.828	0.05	Adapter 3839Hz Probe 3839Hz	29	3.839	70.00	0.437
215.008	0.05	Adapter 3839Hz Probe 3839Hz	29	3.839	70.00	0.437
215.088	0.05	Adapter 3839Hz Probe 3839Hz	29	3.839	70.00	0.437
215.168	0.05	Adapter 3839Hz Probe 3839Hz	29	3.839	70.00	0.437
215.248	0.05	Adapter 3839Hz Probe 3839Hz	29	3.839	70.00	0.437
215.328	0.05	Adapter 3839Hz Probe 3839Hz	29	3.839	70.00	0.437
215.508	0.05	Adapter 3839Hz Probe 3839Hz	29	3.839	70.00	0.437
215.588	0.05	Adapter 3839Hz Probe 3839Hz	29	3.839	70.00	0.437
215.668	0.05	Adapter 3839Hz Probe 3839Hz	29	3.839	70.00	0.437
215.748	0.05	Adapter 3839Hz Probe 3839Hz	29	3.839	70.00	0.437
215.828	0.05	Adapter 3839Hz Probe 3839Hz	29	3.839	70.00	0.437
216.008	0.05	Adapter 3839Hz Probe 3839Hz	29	3.839	70.00	0.437
216.088	0.05	Adapter 3839Hz Probe 3839Hz	29	3.839	70.00	0.437
216.168	0.05	Adapter 3839Hz Probe 3839Hz	29	3.839	70.00	0.437
216.248	0.05	Adapter 3839Hz Probe 3839Hz	29	3.839	70.00	0.437
216.328	0.05	Adapter 3839Hz Probe 3839Hz	29	3.839	70.00	0.437
216.508	0.05	Adapter 3839Hz Probe 3839Hz	29	3.839	70.00	0.437
216.588	0.05	Adapter 3839Hz Probe 3839Hz	29	3.839	70.00	0.437
216.668	0.05	Adapter 3839Hz Probe 3839Hz	29	3.839	70.00	0.437
216.748	0.05	Adapter 3839Hz Probe 3839Hz	29	3.839	70.00	0.437
216.828	0.05	Adapter 3839Hz Probe 3839Hz	29	3.839	70.00	0.437
217.008	0.05	Adapter 3839Hz Probe 3839Hz	29	3.839	70.00	0.437
217.088	0.05	Adapter 3839Hz Probe 3839Hz	29	3.839	70.00	0.437
217.168	0.05	Adapter 3839Hz Probe 3839Hz	29	3.839	70.00	0.437
217.248	0.05	Adapter 3839Hz Probe 3839Hz	29	3.839	70.00	0.437
217.328	0.05	Adapter 3839Hz Probe 3839Hz	29	3.839	70.00	0.437
227.546	0.05	Adapter 507Hz	31	0.507	70.00	0.079
227.626	0.05	Adapter 507Hz	31	0.507	70.00	0.079
227.706	0.05	Adapter 507Hz	31	0.507	70.00	0.079
227.786	0.05	Adapter 507Hz	31	0.507	70.00	0.079
228.046	0.05	Adapter 507Hz	31	0.507	70.00	0.079
228.126	0.05	Adapter 507Hz	31	0.507	70.00	0.079
228.206	0.05	Adapter 507Hz	31	0.507	70.00	0.079
228.286	0.05	Adapter 507Hz	31	0.507	70.00	0.079
228.546	0.05	Adapter 507Hz	31	0.507	70.00	0.079
228.626	0.05	Adapter 507Hz	31	0.507	70.00	0.079
228.706	0.05	Adapter 507Hz	31	0.507	70.00	0.079
228.786	0.05	Adapter 507Hz	31	0.507	70.00	0.079
229.046	0.05	Adapter 507Hz	31	0.507	70.00	0.079
229.126	0.05	Adapter 507Hz	31	0.507	70.00	0.079
229.206	0.05	Adapter 507Hz	31	0.507	70.00	0.079
229.286	0.05	Adapter 507Hz	31	0.507	70.00	0.079
229.546	0.05	Adapter 507Hz	31	0.507	70.00	0.079
229.626	0.05	Adapter 507Hz	31	0.507	70.00	0.079
229.706	0.05	Adapter 507Hz	31	0.507	70.00	0.079
229.786	0.05	Adapter 507Hz	31	0.507	70.00	0.079
230.046	0.05	Adapter 507Hz	31	0.507	70.00	0.079
230.126	0.05	Adapter 507Hz	31	0.507	70.00	0.079
230.206	0.05	Adapter 507Hz	31	0.507	70.00	0.079
230.286	0.05	Adapter 507Hz	31	0.507	70.00	0.079
230.546	0.05	Adapter 507Hz	31	0.507	70.00	0.079
230.626	0.05	Adapter 507Hz	31	0.507	70.00	0.079
230.706	0.05	Adapter 507Hz	31	0.507	70.00	0.079
230.786	0.05	Adapter 507Hz	31	0.507	70.00	0.079
231.046	0.05	Adapter 507Hz	31	0.507	70.00	0.079
231.126	0.05	Adapter 507Hz	31	0.507	70.00	0.079
231.206	0.05	Adapter 507Hz	31	0.507	70.00	0.079
231.286	0.05	Adapter 507Hz	31	0.507	70.00	0.079
231.546	0.05	Adapter 507Hz	31	0.507	70.00	0.079
231.626	0.05	Adapter 507Hz	31	0.507	70.00	0.079
231.706	0.05	Adapter 507Hz	31	0.507	70.00	0.079
231.786	0.05	Adapter 507Hz	31	0.507	70.00	0.079
232.046	0.05	Adapter 507Hz	31	0.507	70.00	0.079
232.126	0.05	Adapter 507Hz	31	0.507	70.00	0.079
232.206	0.05	Adapter 507Hz	31	0.507	70.00	0.079
232.286	0.05	Adapter 507Hz	31	0.507	70.00	0.079
235.034	0.05	Adapter 6009Hz	32	6.009	70.00	0.671
235.114	0.05	Adapter 6009Hz	32	6.009	70.00	0.671
235.194	0.05	Adapter 6009Hz	32	6.009	70.00	0.671
235.274	0.05	Adapter 6009Hz	32	6.009	70.00	0.671
235.534	0.05	Adapter 6009Hz	32	6.009	70.00	0.671
235.614	0.05	Adapter 6009Hz	32	6.009	70.00	0.671
235.694	0.05	Adapter 6009Hz	32	6.009	70.00	0.671
235.774	0.05	Adapter 6009Hz	32	6.009	70.00	0.671
236.034	0.05	Adapter 6009Hz	32	6.009	70.00	0.671
236.114	0.05	Adapter 6009Hz	32	6.009	70.00	0.671
236.194	0.05	Adapter 6009Hz	32	6.009	70.00	0.671
236.274	0.05	Adapter 6009Hz	32	6.009	70.00	0.671
236.534	0.05	Adapter 6009Hz	32	6.009	70.00	0.671
236.614	0.05	Adapter 6009Hz	32	6.009	70.00	0.671
236.694	0.05	Adapter 6009Hz	32	6.009	70.00	0.671
236.774	0.05	Adapter 6009Hz	32	6.009	70.00	0.671
237.034	0.05	Adapter 6009Hz	32	6.009	70.00	0.671
237.114	0.05	Adapter 6009Hz	32	6.009	70.00	0.671
237.194	0.05	Adapter 6009Hz	32	6.009	70.00	0.671
237.274	0.05	Adapter 6009Hz	32	6.009	70.00	0.671
237.534	0.05	Adapter 6009Hz	32	6.009	70.00	0.671
237.614	0.05	Adapter 6009Hz	32	6.009	70.00	0.671
237.694	0.05	Adapter 6009Hz	32	6.009	70.00	0.671
237.774	0.05	Adapter 6009Hz	32	6.009	70.00	0.671
238.034	0.05	Adapter 6009Hz	32	6.009	70.00	0.671
238.114	0.05	Adapter 6009Hz	32	6.009	70.00	0.671
238.194	0.05	Adapter 6009Hz	32	6.009	70.00	0.671
238.274	0.05	Adapter 6009Hz	32	6.009	70.00	0.671
238.534	0.05	Adapter 6009Hz	32	6.009	70.00	0.671
238.614	0.05	Adapter 6009Hz	32	6.009	70.00	0.671
238.694	0.05	Adapter 6009Hz	32	6.009	70.00	0.671
238.774	0.05	Adapter 6009Hz	32	6.009	70.00	0.671
239.034	0.05	Adapter 6009Hz	32	6.009	70.00	0.671
239.114	0.05	Adapter 6009Hz	32	6.009	70.00	0.671
239.194	0.05	Adapter 6009Hz	32	6.009	70.00	0.671
239.274	0.05	Adapter 6009Hz	32	6.009	70.00	0.671
239.534	0.05	Adapter 6009Hz	32	6.009	70.00	0.671
239.614	0.05	Adapter 6009Hz	32	6.009	70.00	0.671
239.694	0.05	Adapter 6009Hz	32	6.009	70.00	0.671
239.774	0.05	Adapter 6009Hz	32	6.009	70.00	0.671
242.827	0.05	Probe 3839Hz	33	3.839	70.00	0.437
243.327	0.05	Probe 3839Hz	33	3.839	70.00	0.437
243.827	0.05	Probe 3839Hz	33	3.839	70.00	0.437
244.327	0.05	Probe 3839Hz	33	3.839	70.00	0.437
244.827	0.05	Probe 3839Hz	33	3.839	70.00	0.437
245.327	0.05	Probe 3839Hz	33	3.839	70.00	0.437
245.827	0.05	Probe 3839Hz	33	3.839	70.00	0.437
246.327	0.05	Probe 3839Hz	33	3.839	70.00	0.437
246.827	0.05	Probe 3839Hz	33	3.839	70.00	0.437
247.327	0.05	Probe 3839Hz	33	3.839	70.00	0.437
257.53	0.05	Adapter 507Hz	35	0.507	70.00	0.079
257.61	0.05	Adapter 507Hz	35	0.507	70.00	0.079
257.69	0.05	Adapter 507Hz	35	0.507	70.00	0.079
257.77	0.05	Adapter 507Hz	35	0.507	70.00	0.079
258.03	0.05	Adapter 507Hz	35	0.507	70.00	0.079
258.11	0.05	Adapter 507Hz	35	0.507	70.00	0.079
258.19	0.05	Adapter 507Hz	35	0.507	70.00	0.079
258.27	0.05	Adapter 507Hz	35	0.507	70.00	0.079
258.53	0.05	Adapter 507Hz	35	0.507	70.00	0.079
258.61	0.05	Adapter 507Hz	35	0.507	70.00	0.079
258.69	0.05	Adapter 507Hz	35	0.507	70.00	0.079
258.77	0.05	Adapter 507Hz	35	0.507	70.00	0.079
259.03	0.05	Adapter 507Hz	35	0.507	70.00	0.079
259.11	0.05	Adapter 507Hz	35	0.507	70.00	0.079
259.19	0.05	Adapter 507Hz	35	0.507	70.00	0.079
259.27	0.05	Adapter 507Hz	35	0.507	70.00	0.079
259.53	0.05	Adapter 507Hz	35	0.507	70.00	0.079
259.61	0.05	Adapter 507Hz	35	0.507	70.00	0.079
259.69	0.05	Adapter 507Hz	35	0.507	70.00	0.079
259.77	0.05	Adapter 507Hz	35	0.507	70.00	0.079
260.03	0.05	Adapter 507Hz	35	0.507	70.00	0.079
260.11	0.05	Adapter 507Hz	35	0.507	70.00	0.079
260.19	0.05	Adapter 507Hz	35	0.507	70.00	0.079
260.27	0.05	Adapter 507Hz	35	0.507	70.00	0.079
260.53	0.05	Adapter 507Hz	35	0.507	70.00	0.079
260.61	0.05	Adapter 507Hz	35	0.507	70.00	0.079
260.69	0.05	Adapter 507Hz	35	0.507	70.00	0.079
260.77	0.05	Adapter 507Hz	35	0.507	70.00	0.079
261.03	0.05	Adapter 507Hz	35	0.507	70.00	0.079
261.11	0.05	Adapter 507Hz	35	0.507	70.00	0.079
261.19	0.05	Adapter 507Hz	35	0.507	70.00	0.079
261.27	0.05	Adapter 507Hz	35	0.507	70.00	0.079
261.53	0.05	Adapter 507Hz	35	0.507	70.00	0.079
261.61	0.05	Adapter 507Hz	35	0.507	70.00	0.079
261.69	0.05	Adapter 507Hz	35	0.507	70.00	0.079
261.77	0.05	Adapter 507Hz	35	0.507	70.00	0.079
262.03	0.05	Adapter 507Hz	35	0.507	70.00	0.079
262.11	0.05	Adapter 507Hz	35	0.507	70.00	0.079
262.19	0.05	Adapter 507Hz	35	0.507	70.00	0.079
262.27	0.05	Adapter 507Hz	35	0.507	70.00	0.079
265.018	0.05	Adapter 2423Hz	36	2.423	70.00	0.285
265.098	0.05	Adapter 2423Hz	36	2.423	70.00	0.285
265.178	0.05	Adapter 2423Hz	36	2.423	70.00	0.285
265.258	0.05	Adapter 2423Hz	36	2.423	70.00	0.285
265.518	0.05	Adapter 2423Hz	36	2.423	70.00	0.285
265.598	0.05	Adapter 2423Hz	36	2.423	70.00	0.285
265.678	0.05	Adapter 2423Hz	36	2.423	70.00	0.285
265.758	0.05	Adapter 2423Hz	36	2.423	70.00	0.285
266.018	0.05	Adapter 2423Hz	36	2.423	70.00	0.285
266.098	0.05	Adapter 2423Hz	36	2.423	70.00	0.285
266.178	0.05	Adapter 2423Hz	36	2.423	70.00	0.285
266.258	0.05	Adapter 2423Hz	36	2.423	70.00	0.285
266.518	0.05	Adapter 2423Hz	36	2.423	70.00	0.285
266.598	0.05	Adapter 2423Hz	36	2.423	70.00	0.285
266.678	0.05	Adapter 2423Hz	36	2.423	70.00	0.285
266.758	0.05	Adapter 2423Hz	36	2.423	70.00	0.285
267.018	0.05	Adapter 2423Hz	36	2.423	70.00	0.285
267.098	0.05	Adapter 2423Hz	36	2.423	70.00	0.285
267.178	0.05	Adapter 2423Hz	36	2.423	70.00	0.285
267.258	0.05	Adapter 2423Hz	36	2.423	70.00	0.285
267.518	0.05	Adapter 2423Hz	36	2.423	70.00	0.285
267.598	0.05	Adapter 2423Hz	36	2.423	70.00	0.285
267.678	0.05	Adapter 2423Hz	36	2.423	70.00	0.285
267.758	0.05	Adapter 2423Hz	36	2.423	70.00	0.285
268.018	0.05	Adapter 2423Hz	36	2.423	70.00	0.285
268.098	0.05	Adapter 2423Hz	36	2.423	70.00	0.285
268.178	0.05	Adapter 2423Hz	36	2.423	70.00	0.285
268.258	0.05	Adapter 2423Hz	36	2.423	70.00	0.285
268.518	0.05	Adapter 2423Hz	36	2.423	70.00	0.285
268.598	0.05	Adapter 2423Hz	36	2.423	70.00	0.285
268.678	0.05	Adapter 2423Hz	36	2.423	70.00	0.285
268.758	0.05	Adapter 2423Hz	36	2.423	70.00	0.285
269.018	0.05	Adapter 2423Hz	36	2.423	70.00	0.285
269.098	0.05	Adapter 2423Hz	36	2.423	70.00	0.285
269.178	0.05	Adapter 2423Hz	36	2.423	70.00	0.285
269.258	0.05	Adapter 2423Hz	36	2.423	70.00	0.285
269.518	0.05	Adapter 2423Hz	36	2.423	70.00	0.285
269.598	0.05	Adapter 2423Hz	36	2.423	70.00	0.285
269.678	0.05	Adapter 2423Hz	36	2.423	70.00	0.285
269.758	0.05	Adapter 2423Hz	36	2.423	70.00	0.285
280.025	0.05	Adapter 6009Hz	38	6.009	70.00	0.671
280.105	0.05	Adapter 6009Hz	38	6.009	70.00	0.671
280.185	0.05	Adapter 6009Hz	38	6.009	70.00	0.671
280.265	0.05	Adapter 6009Hz	38	6.009	70.00	0.671
280.525	0.05	Adapter 6009Hz	38	6.009	70.00	0.671
280.605	0.05	Adapter 6009Hz	38	6.009	70.00	0.671
280.685	0.05	Adapter 6009Hz	38	6.009	70.00	0.671
280.765	0.05	Adapter 6009Hz	38	6.009	70.00	0.671
281.025	0.05	Adapter 6009Hz	38	6.009	70.00	0.671
281.105	0.05	Adapter 6009Hz	38	6.009	70.00	0.671
281.185	0.05	Adapter 6009Hz	38	6.009	70.00	0.671
281.265	0.05	Adapter 6009Hz	38	6.009	70.00	0.671
281.525	0.05	Adapter 6009Hz	38	6.009	70.00	0.671
281.605	0.05	Adapter 6009Hz	38	6.009	70.00	0.671
281.685	0.05	Adapter 6009Hz	38	6.009	70.00	0.671
281.765	0.05	Adapter 6009Hz	38	6.009	70.00	0.671
282.025	0.05	Adapter 6009Hz	38	6.009	70.00	0.671
282.105	0.05	Adapter 6009Hz	38	6.009	70.00	0.671
282.185	0.05	Adapter 6009Hz	38	6.009	70.00	0.671
282.265	0.05	Adapter 6009Hz	38	6.009	70.00	0.671
282.525	0.05	Adapter 6009Hz	38	6.009	70.00	0.671
282.605	0.05	Adapter 6009Hz	38	6.009	70.00	0.671
282.685	0.05	Adapter 6009Hz	38	6.009	70.00	0.671
282.765	0.05	Adapter 6009Hz	38	6.009	70.00	0.671
283.025	0.05	Adapter 6009Hz	38	6.009	70.00	0.671
283.105	0.05	Adapter 6009Hz	38	6.009	70.00	0.671
283.185	0.05	Adapter 6009Hz	38	6.009	70.00	0.671
283.265	0.05	Adapter 6009Hz	38	6.009	70.00	0.671
283.525	0.05	Adapter 6009Hz	38	6.009	70.00	0.671
283.605	0.05	Adapter 6009Hz	38	6.009	70.00	0.671
283.685	0.05	Adapter 6009Hz	38	6.009	70.00	0.671
283.765	0.05	Adapter 6009Hz	38	6.009	70.00	0.671
284.025	0.05	Adapter 6009Hz	38	6.009	70.00	0.671
284.105	0.05	Adapter 6009Hz	38	6.009	70.00	0.671
284.185	0.05	Adapter 6009Hz	38	6.009	70.00	0.671
284.265	0.05	Adapter 6009Hz	38	6.009	70.00	0.671
284.525	0.05	Adapter 6009Hz	38	6.009	70.00	0.671
284.605	0.05	Adapter 6009Hz	38	6.009	70.00	0.671
284.685	0.05	Adapter 6009Hz	38	6.009	70.00	0.671
284.765	0.05	Adapter 6009Hz	38	6.009	70.00	0.671
287.544	0.05	Adapter 899Hz	39	0.899	70.00	0.121
287.624	0.05	Adapter 899Hz	39	0.899	70.00	0.121
287.704	0.05	Adapter 899Hz	39	0.899	70.00	0.121
287.784	0.05	Adapter 899Hz	39	0.899	70.00	0.121
288.044	0.05	Adapter 899Hz	39	0.899	70.00	0.121
288.124	0.05	Adapter 899Hz	39	0.899	70.00	0.121
288.204	0.05	Adapter 899Hz	39	0.899	70.00	0.121
288.284	0.05	Adapter 899Hz	39	0.899	70.00	0.121
288.544	0.05	Adapter 899Hz	39	0.899	70.00	0.121
288.624	0.05	Adapter 899Hz	39	0.899	70.00	0.121
288.704	0.05	Adapter 899Hz	39	0.899	70.00	0.121
288.784	0.05	Adapter 899Hz	39	0.899	70.00	0.121
289.044	0.05	Adapter 899Hz	39	0.899	70.00	0.121
289.124	0.05	Adapter 899Hz	39	0.899	70.00	0.121
289.204	0.05	Adapter 899Hz	39	0.899	70.00	0.121
289.284	0.05	Adapter 899Hz	39	0.899	70.00	0.121
289.544	0.05	Adapter 899Hz	39	0.899	70.00	0.121
289.624	0.05	Adapter 899Hz	39	0.899	70.00	0.121
289.704	0.05	Adapter 899Hz	39	0.899	70.00	0.121
289.784	0.05	Adapter 899Hz	39	0.899	70.00	0.121
290.044	0.05	Adapter 899Hz	39	0.899	70.00	0.121
290.124	0.05	Adapter 899Hz	39	0.899	70.00	0.121
290.204	0.05	Adapter 899Hz	39	0.899	70.00	0.121
290.284	0.05	Adapter 899Hz	39	0.899	70.00	0.121
290.544	0.05	Adapter 899Hz	39	0.899	70.00	0.121
290.624	0.05	Adapter 899Hz	39	0.899	70.00	0.121
290.704	0.05	Adapter 899Hz	39	0.899	70.00	0.121
290.784	0.05	Adapter 899Hz	39	0.899	70.00	0.121
291.044	0.05	Adapter 899Hz	39	0.899	70.00	0.121
291.124	0.05	Adapter 899Hz	39	0.899	70.00	0.121
291.204	0.05	Adapter 899Hz	39	0.899	70.00	0.121
291.284	0.05	Adapter 899Hz	39	0.899	70.00	0.121
291.544	0.05	Adapter 899Hz	39	0.899	70.00	0.121
291.624	0.05	Adapter 899Hz	39	0.899	70.00	0.121
291.704	0.05	Adapter 899Hz	39	0.899	70.00	0.121
291.784	0.05	Adapter 899Hz	39	0.899	70.00	0.121
292.044	0.05	Adapter 899Hz	39	0.899	70.00	0.121
292.124	0.05	Adapter 899Hz	39	0.899	70.00	0.121
292.204	0.05	Adapter 899Hz	39	0.899	70.00	0.121
292.284	0.05	Adapter 899Hz	39	0.899	70.00	0.121
295.032	0.05	Adapter 3839Hz	40	3.839	70.00	0.437
295.112	0.05	Adapter 3839Hz	40	3.839	70.00	0.437
295.192	0.05	Adapter 3839Hz	40	3.839	70.00	0.437
295.272	0.05	Adapter 3839Hz	40	3.839	70.00	0.437
295.532	0.05	Adapter 3839Hz	40	3.839	70.00	0.437
295.612	0.05	Adapter 3839Hz	40	3.839	70.00	0.437
295.692	0.05	Adapter 3839Hz	40	3.839	70.00	0.437
295.772	0.05	Adapter 3839Hz	40	3.839	70.00	0.437
296.032	0.05	Adapter 3839Hz	40	3.839	70.00	0.437
296.112	0.05	Adapter 3839Hz	40	3.839	70.00	0.437
296.192	0.05	Adapter 3839Hz	40	3.839	70.00	0.437
296.272	0.05	Adapter 3839Hz	40	3.839	70.00	0.437
296.532	0.05	Adapter 3839Hz	40	3.839	70.00	0.437
296.612	0.05	Adapter 3839Hz	40	3.839	70.00	0.437
296.692	0.05	Adapter 3839Hz	40	3.839	70.00	0.437
296.772	0.05	Adapter 3839Hz	40	3.839	70.00	0.437
297.032	0.05	Adapter 3839Hz	40	3.839	70.00	0.437
297.112	0.05	Adapter 3839Hz	40	3.839	70.00	0.437
297.192	0.05	Adapter 3839Hz	40	3.839	70.00	0.437
297.272	0.05	Adapter 3839Hz	40	3.839	70.00	0.437
297.532	0.05	Adapter 3839Hz	40	3.839	70.00	0.437
297.612	0.05	Adapter 3839Hz	40	3.839	70.00	0.437
297.692	0.05	Adapter 3839Hz	40	3.839	70.00	0.437
297.772	0.05	Adapter 3839Hz	40	3.839	70.00	0.437
298.032	0.05	Adapter 3839Hz	40	3.839	70.00	0.437
298.112	0.05	Adapter 3839Hz	40	3.839	70.00	0.437
298.192	0.05	Adapter 3839Hz	40	3.839	70.00	0.437
298.272	0.05	Adapter 3839Hz	40	3.839	70.00	0.437
298.532	0.05	Adapter 3839Hz	40	3.839	70.00	0.437
298.612	0.05	Adapter 3839Hz	40	3.839	70.00	0.437
298.692	0.05	Adapter 3839Hz	40	3.839	70.00	0.437
298.772	0.05	Adapter 3839Hz	40	3.839	70.00	0.437
299.032	0.05	Adapter 3839Hz	40	3.839	70.00	0.437
299.112	0.05	Adapter 3839Hz	40	3.839	70.00	0.437
299.192	0.05	Adapter 3839Hz	40	3.839	70.00	0.437
299.272	0.05	Adapter 3839Hz	40	3.839	70.00	0.437
299.532	0.05	Adapter 3839Hz	40	3.839	70.00	0.437
299.612	0.05	Adapter 3839Hz	40	3.839	70.00	0.437
299.692	0.05	Adapter 3839Hz	40	3.839	70.00	0.437
299.772	0.05	Adapter 3839Hz	40	3.839	70.00	0.437
302.536	0.05	Adapter 3839Hz Probe 3839Hz	41	3.839	70.00	0.437
302.616	0.05	Adapter 3839Hz Probe 3839Hz	41	3.839	70.00	0.437
302.696	0.05	Adapter 3839Hz Probe 3839Hz	41	3.839	70.00	0.437
302.776	0.05	Adapter 3839Hz Probe 3839Hz	41	3.839	70.00	0.437
302.856	0.05	Adapter 3839Hz Probe 3839Hz	41	3.839	70.00	0.437
303.036	0.05	Adapter 3839Hz Probe 3839Hz	41	3.839	70.00	0.437
303.116	0.05	Adapter 3839Hz Probe 3839Hz	41	3.839	70.00	0.437
303.196	0.05	Adapter 3839Hz Probe 3839Hz	41	3.839	70.00	0.437
303.276	0.05	Adapter 3839Hz Probe 3839Hz	41	3.839	70.00	0.437
303.356	0.05	Adapter 3839Hz Probe 3839Hz	41	3.839	70.00	0.437
303.536	0.05	Adapter 3839Hz Probe 3839Hz	41	3.839	70.00	0.437
303.616	0.05	Adapter 3839Hz Probe 3839Hz	41	3.839	70.00	0.437
303.696	0.05	Adapter 3839Hz Probe 3839Hz	41	3.839	70.00	0.437
303.776	0.05	Adapter 3839Hz Probe 3839Hz	41	3.839	70.00	0.437
303.856	0.05	Adapter 3839Hz Probe 3839Hz	41	3.839	70.00	0.437
304.036	0.05	Adapter 3839Hz Probe 3839Hz	41	3.839	70.00	0.437
304.116	0.05	Adapter 3839Hz Probe 3839Hz	41	3.839	70.00	0.437
304.196	0.05	Adapter 3839Hz Probe 3839Hz	41	3.839	70.00	0.437
304.276	0.05	Adapter 3839Hz Probe 3839Hz	41	3.839	70.00	0.437
304.356	0.05	Adapter 3839Hz Probe 3839Hz	41	3.839	70.00	0.437
304.536	0.05	Adapter 3839Hz Probe 3839Hz	41	3.839	70.00	0.437
304.616	0.05	Adapter 3839Hz Probe 3839Hz	41	3.839	70.00	0.437
304.696	0.05	Adapter 3839Hz Probe 3839Hz	41	3.839	70.00	0.437
304.776	0.05	Adapter 3839Hz Probe 3839Hz	41	3.839	70.00	0.437
304.856	0.05	Adapter 3839Hz Probe 3839Hz	41	3.839	70.00	0.437
305.036	0.05	Adapter 3839Hz Probe 3839Hz	41	3.839	70.00	0.437
305.116	0.05	Adapter 3839Hz Probe 3839Hz	41	3.839	70.00	0.437
305.196	0.05	Adapter 3839Hz Probe 3839Hz	41	3.839	70.00	0.437
305.276	0.05	Adapter 3839Hz Probe 3839Hz	41	3.839	70.00	0.437
305.356	0.05	Adapter 3839Hz Probe 3839Hz	41	3.839	70.00	0.437
305.536	0.05	Adapter 3839Hz Probe 3839Hz	41	3.839	70.00	0.437
305.616	0.05	Adapter 3839Hz Probe 3839Hz	41	3.839	70.00	0.437
305.696	0.05	Adapter 3839Hz Probe 3839Hz	41	3.839	70.00	0.437
305.776	0.05	Adapter 3839Hz Probe 3839Hz	41	3.839	70.00	0.437
305.856	0.05	Adapter 3839Hz Probe 3839Hz	41	3.839	70.00	0.437
306.036	0.05	Adapter 3839Hz Probe 3839Hz	41	3.839	70.00	0.437
306.116	0.05	Adapter 3839Hz Probe 3839Hz	41	3.839	70.00	0.437
306.196	0.05	Adapter 3839Hz Probe 3839Hz	41	3.839	70.00	0.437
306.276	0.05	Adapter 3839Hz Probe 3839Hz	41	3.839	70.00	0.437
306.356	0.05	Adapter 3839Hz Probe 3839Hz	41	3.839	70.00	0.437
306.536	0.05	Adapter 3839Hz Probe 3839Hz	41	3.839	70.00	0.437
306.616	0.05	Adapter 3839Hz Probe 3839Hz	41	3.839	70.00	0.437
306.696	0.05	Adapter 3839Hz Probe 3839Hz	41	3.839	70.00	0.437
306.776	0.05	Adapter 3839Hz Probe 3839Hz	41	3.839	70.00	0.437
306.856	0.05	Adapter 3839Hz Probe 3839Hz	41	3.839	70.00	0.437
307.036	0.05	Adapter 3839Hz Probe 3839Hz	41	3.839	70.00	0.437
307.116	0.05	Adapter 3839Hz Probe 3839Hz	41	3.839	70.00	0.437
307.196	0.05	Adapter 3839Hz Probe 3839Hz	41	3.839	70.00	0.437
307.276	0.05	Adapter 3839Hz Probe 3839Hz	41	3.839	70.00	0.437
307.356	0.05	Adapter 3839Hz Probe 3839Hz	41	3.839	70.00	0.437
317.527	0.05	Adapter 507Hz Probe 3839Hz	43	0.507	70.00	0.079
317.607	0.05	Adapter 507Hz Probe 3839Hz	43	0.507	70.00	0.079
317.687	0.05	Adapter 507Hz Probe 3839Hz	43	0.507	70.00	0.079
317.767	0.05	Adapter 507Hz Probe 3839Hz	43	0.507	70.00	0.079
317.847	0.05	Adapter 507Hz Probe 3839Hz	43	3.839	70.00	0.437
318.027	0.05	Adapter 507Hz Probe 3839Hz	43	0.507	70.00	0.079
318.107	0.05	Adapter 507Hz Probe 3839Hz	43	0.507	70.00	0.079
318.187	0.05	Adapter 507Hz Probe 3839Hz	43	0.507	70.00	0.079
318.267	0.05	Adapter 507Hz Probe 3839Hz	43	0.507	70.00	0.079
318.347	0.05	Adapter 507Hz Probe 3839Hz	43	3.839	70.00	0.437
318.527	0.05	Adapter 507Hz Probe 3839Hz	43	0.507	70.00	0.079
318.607	0.05	Adapter 507Hz Probe 3839Hz	43	0.507	70.00	0.079
318.687	0.05	Adapter 507Hz Probe 3839Hz	43	0.507	70.00	0.079
318.767	0.05	Adapter 507Hz Probe 3839Hz	43	0.507	70.00	0.079
318.847	0.05	Adapter 507Hz Probe 3839Hz	43	3.839	70.00	0.437
319.027	0.05	Adapter 507Hz Probe 3839Hz	43	0.507	70.00	0.079
319.107	0.05	Adapter 507Hz Probe 3839Hz	43	0.507	70.00	0.079
319.187	0.05	Adapter 507Hz Probe 3839Hz	43	0.507	70.00	0.079
319.267	0.05	Adapter 507Hz Probe 3839Hz	43	0.507	70.00	0.079
319.347	0.05	Adapter 507Hz Probe 3839Hz	43	3.839	70.00	0.437
319.527	0.05	Adapter 507Hz Probe 3839Hz	43	0.507	70.00	0.079
319.607	0.05	Adapter 507Hz Probe 3839Hz	43	0.507	70.00	0.079
319.687	0.05	Adapter 507Hz Probe 3839Hz	43	0.507	70.00	0.079
319.767	0.05	Adapter 507Hz Probe 3839Hz	43	0.507	70.00	0.079
319.847	0.05	Adapter 507Hz Probe 3839Hz	43	3.839	70.00	0.437
320.027	0.05	Adapter 507Hz Probe 3839Hz	43	0.507	70.00	0.079
320.107	0.05	Adapter 507Hz Probe 3839Hz	43	0.507	70.00	0.079
320.187	0.05	Adapter 507Hz Probe 3839Hz	43	0.507	70.00	0.079
320.267	0.05	Adapter 507Hz Probe 3839Hz	43	0.507	70.00	0.079
320.347	0.05	Adapter 507Hz Probe 3839Hz	43	3.839	70.00	0.437
320.527	0.05	Adapter 507Hz Probe 3839Hz	43	0.507	70.00	0.079
320.607	0.05	Adapter 507Hz Probe 3839Hz	43	0.507	70.00	0.079
320.687	0.05	Adapter 507Hz Probe 3839Hz	43	0.507	70.00	0.079
320.767	0.05	Adapter 507Hz Probe 3839Hz	43	0.507	70.00	0.079
320.847	0.05	Adapter 507Hz Probe 3839Hz	43	3.839	70.00	0.437
321.027	0.05	Adapter 507Hz Probe 3839Hz	43	0.507	70.00	0.079
321.107	0.05	Adapter 507Hz Probe 3839Hz	43	0.507	70.00	0.079
321.187	0.05	Adapter 507Hz Probe 3839Hz	43	0.507	70.00	0.079
321.267	0.05	Adapter 507Hz Probe 3839Hz	43	0.507	70.00	0.079
321.347	0.05	Adapter 507Hz Probe 3839Hz	43	3.839	70.00	0.437
321.527	0.05	Adapter 507Hz Probe 3839Hz	43	0.507	70.00	0.079
321.607	0.05	Adapter 507Hz Probe 3839Hz	43	0.507	70.00	0.079
321.687	0.05	Adapter 507Hz Probe 3839Hz	43	0.507	70.00	0.079
321.767	0.05	Adapter 507Hz Probe 3839Hz	43	0.507	70.00	0.079
321.847	0.05	Adapter 507Hz Probe 3839Hz	43	3.839	70.00	0.437
322.027	0.05	Adapter 507Hz Probe 3839Hz	43	0.507	70.00	0.079
322.107	0.05	Adapter 507Hz Probe 3839Hz	43	0.507	70.00	0.079
322.187	0.05	Adapter 507Hz Probe 3839Hz	43	0.507	70.00	0.079
322.267	0.05	Adapter 507Hz Probe 3839Hz	43	0.507	70.00	0.079
322.347	0.05	Adapter 507Hz Probe 3839Hz	43	3.839	70.00	0.437
325.031	0.05	Adapter 2423Hz Probe 3839Hz	44	2.423	70.00	0.285
325.111	0.05	Adapter 2423Hz Probe 3839Hz	44	2.423	70.00	0.285
325.191	0.05	Adapter 2423Hz Probe 3839Hz	44	2.423	70.00	0.285
325.271	0.05	Adapter 2423Hz Probe 3839Hz	44	2.423	70.00	0.285
325.351	0.05	Adapter 2423Hz Probe 3839Hz	44	3.839	70.00	0.437
325.531	0.05	Adapter 2423Hz Probe 3839Hz	44	2.423	70.00	0.285
325.611	0.05	Adapter 2423Hz Probe 3839Hz	44	2.423	70.00	0.285
325.691	0.05	Adapter 2423Hz Probe 3839Hz	44	2.423	70.00	0.285
325.771	0.05	Adapter 2423Hz Probe 3839Hz	44	2.423	70.00	0.285
325.851	0.05	Adapter 2423Hz Probe 3839Hz	44	3.839	70.00	0.437
326.031	0.05	Adapter 2423Hz Probe 3839Hz	44	2.423	70.00	0.285
326.111	0.05	Adapter 2423Hz Probe 3839Hz	44	2.423	70.00	0.285
326.191	0.05	Adapter 2423Hz Probe 3839Hz	44	2.423	70.00	0.285
326.271	0.05	Adapter 2423Hz Probe 3839Hz	44	2.423	70.00	0.285
326.351	0.05	Adapter 2423Hz Probe 3839Hz	44	3.839	70.00	0.437
326.531	0.05	Adapter 2423Hz Probe 3839Hz	44	2.423	70.00	0.285
326.611	0.05	Adapter 2423Hz Probe 3839Hz	44	2.423	70.00	0.285
326.691	0.05	Adapter 2423Hz Probe 3839Hz	44	2.423	70.00	0.285
326.771	0.05	Adapter 2423Hz Probe 3839Hz	44	2.423	70.00	0.285
326.851	0.05	Adapter 2423Hz Probe 3839Hz	44	3.839	70.00	0.437
327.031	0.05	Adapter 2423Hz Probe 3839Hz	44	2.423	70.00	0.285
327.111	0.05	Adapter 2423Hz Probe 3839Hz	44	2.423	70.00	0.285
327.191	0.05	Adapter 2423Hz Probe 3839Hz	44	2.423	70.00	0.285
327.271	0.05	Adapter 2423Hz Probe 3839Hz	44	2.423	70.00	0.285
327.351	0.05	Adapter 2423Hz Probe 3839Hz	44	3.839	70.00	0.437
327.531	0.05	Adapter 2423Hz Probe 3839Hz	44	2.423	70.00	0.285
327.611	0.05	Adapter 2423Hz Probe 3839Hz	44	2.423	70.00	0.285
327.691	0.05	Adapter 2423Hz Probe 3839Hz	44	2.423	70.00	0.285
327.771	0.05	Adapter 2423Hz Probe 3839Hz	44	2.423	70.00	0.285
327.851	0.05	Adapter 2423Hz Probe 3839Hz	44	3.839	70.00	0.437
328.031	0.05	Adapter 2423Hz Probe 3839Hz	44	2.423	70.00	0.285
328.111	0.05	Adapter 2423Hz Probe 3839Hz	44	2.423	70.00	0.285
328.191	0.05	Adapter 2423Hz Probe 3839Hz	44	2.423	70.00	0.285
328.271	0.05	Adapter 2423Hz Probe 3839Hz	44	2.423	70.00	0.285
328.351	0.05	Adapter 2423Hz Probe 3839Hz	44	3.839	70.00	0.437
328.531	0.05	Adapter 2423Hz Probe 3839Hz	44	2.423	70.00	0.285
328.611	0.05	Adapter 2423Hz Probe 3839Hz	44	2.423	70.00	0.285
328.691	0.05	Adapter 2423Hz Probe 3839Hz	44	2.423	70.00	0.285
328.771	0.05	Adapter 2423Hz Probe 3839Hz	44	2.423	70.00	0.285
328.851	0.05	Adapter 2423Hz Probe 3839Hz	44	3.839	70.00	0.437
329.031	0.05	Adapter 2423Hz Probe 3839Hz	44	2.423	70.00	0.285
329.111	0.05	Adapter 2423Hz Probe 3839Hz	44	2.423	70.00	0.285
329.191	0.05	Adapter 2423Hz Probe 3839Hz	44	2.423	70.00	0.285
329.271	0.05	Adapter 2423Hz Probe 3839Hz	44	2.423	70.00	0.285
329.351	0.05	Adapter 2423Hz Probe 3839Hz	44	3.839	70.00	0.437
329.531	0.05	Adapter 2423Hz Probe 3839Hz	44	2.423	70.00	0.285
329.611	0.05	Adapter 2423Hz Probe 3839Hz	44	2.423	70.00	0.285
329.691	0.05	Adapter 2423Hz Probe 3839Hz	44	2.423	70.00	0.285
329.771	0.05	Adapter 2423Hz Probe 3839Hz	44	2.423	70.00	0.285
329.851	0.05	Adapter 2423Hz Probe 3839Hz	44	3.839	70.00	0.437
332.55	0.05	Adapter 1501Hz Probe 3839Hz	45	1.501	70.00	0.186
332.63	0.05	Adapter 1501Hz Probe 3839Hz	45	1.501	70.00	0.186
332.71	0.05	Adapter 1501Hz Probe 3839Hz	45	1.501	70.00	0.186
332.79	0.05	Adapter 1501Hz Probe 3839Hz	45	1.501	70.00	0.186
332.87	0.05	Adapter 1501Hz Probe 3839Hz	45	3.839	70.00	0.437
333.05	0.05	Adapter 1501Hz Probe 3839Hz	45	1.501	70.00	0.186
333.13	0.05	Adapter 1501Hz Probe 3839Hz	45	1.501	70.00	0.186
333.21	0.05	Adapter 1501Hz Probe 3839Hz	45	1.501	70.00	0.186
333.29	0.05	Adapter 1501Hz Probe 3839Hz	45	1.501	70.00	0.186
333.37	0.05	Adapter 1501Hz Probe 3839Hz	45	3.839	70.00	0.437
333.55	0.05	Adapter 1501Hz Probe 3839Hz	45	1.501	70.00	0.186
333.63	0.05	Adapter 1501Hz Probe 3839Hz	45	1.501	70.00	0.186
333.71	0.05	Adapter 1501Hz Probe 3839Hz	45	1.501	70.00	0.186
333.79	0.05	Adapter 1501Hz Probe 3839Hz	45	1.501	70.00	0.186
333.87	0.05	Adapter 1501Hz Probe 3839Hz	45	3.839	70.00	0.437
334.05	0.05	Adapter 1501Hz Probe 3839Hz	45	1.501	70.00	0.186
334.13	0.05	Adapter 1501Hz Probe 3839Hz	45	1.501	70.00	0.186
334.21	0.05	Adapter 1501Hz Probe 3839Hz	45	1.501	70.00	0.186
334.29	0.05	Adapter 1501Hz Probe 3839Hz	45	1.501	70.00	0.186
334.37	0.05	Adapter 1501Hz Probe 3839Hz	45	3.839	70.00	0.437
334.55	0.05	Adapter 1501Hz Probe 3839Hz	45	1.501	70.00	0.186
334.63	0.05	Adapter 1501Hz Probe 3839Hz	45	1.501	70.00	0.186
334.71	0.05	Adapter 1501Hz Probe 3839Hz	45	1.501	70.00	0.186
334.79	0.05	Adapter 1501Hz Probe 3839Hz	45	1.501	70.00	0.186
334.87	0.05	Adapter 1501Hz Probe 3839Hz	45	3.839	70.00	0.437
335.05	0.05	Adapter 1501Hz Probe 3839Hz	45	1.501	70.00	0.186
335.13	0.05	Adapter 1501Hz Probe 3839Hz	45	1.501	70.00	0.186
335.21	0.05	Adapter 1501Hz Probe 3839Hz	45	1.501	70.00	0.186
335.29	0.05	Adapter 1501Hz Probe 3839Hz	45	1.501	70.00	0.186
335.37	0.05	Adapter 1501Hz Probe 3839Hz	45	3.839	70.00	0.437
335.55	0.05	Adapter 1501Hz Probe 3839Hz	45	1.501	70.00	0.186
335.63	0.05	Adapter 1501Hz Probe 3839Hz	45	1.501	70.00	0.186
335.71	0.05	Adapter 1501Hz Probe 3839Hz	45	1.501	70.00	0.186
335.79	0.05	Adapter 1501Hz Probe 3839Hz	45	1.501	70.00	0.186
335.87	0.05	Adapter 1501Hz Probe 3839Hz	45	3.839	70.00	0.437
336.05	0.05	Adapter 1501Hz Probe 3839Hz	45	1.501	70.00	0.186
336.13	0.05	Adapter 1501Hz Probe 3839Hz	45	1.501	70.00	0.186
336.21	0.05	Adapter 1501Hz Probe 3839Hz	45	1.501	70.00	0.186
336.29	0.05	Adapter 1501Hz Probe 3839Hz	45	1.501	70.00	0.186
336.37	0.05	Adapter 1501Hz Probe 3839Hz	45	3.839	70.00	0.437
336.55	0.05	Adapter 1501Hz Probe 3839Hz	45	1.501	70.00	0.186
336.63	0.05	Adapter 1501Hz Probe 3839Hz	45	1.501	70.00	0.186
336.71	0.05	Adapter 1501Hz Probe 3839Hz	45	1.501	70.00	0.186
336.79	0.05	Adapter 1501Hz Probe 3839Hz	45	1.501	70.00	0.186
336.87	0.05	Adapter 1501Hz Probe 3839Hz	45	3.839	70.00	0.437
337.05	0.05	Adapter 1501Hz Probe 3839Hz	45	1.501	70.00	0.186
337.13	0.05	Adapter 1501Hz Probe 3839Hz	45	1.501	70.00	0.186
337.21	0.05	Adapter 1501Hz Probe 3839Hz	45	1.501	70.00	0.186
337.29	0.05	Adapter 1501Hz Probe 3839Hz	45	1.501	70.00	0.186
337.37	0.05	Adapter 1501Hz Probe 3839Hz	45	3.839	70.00	0.437
340.054	0.05	Adapter 899Hz Probe 3839Hz	46	0.899	70.00	0.121
340.134	0.05	Adapter 899Hz Probe 3839Hz	46	0.899	70.00	0.121
340.214	0.05	Adapter 899Hz Probe 3839Hz	46	0.899	70.00	0.121
340.294	0.05	Adapter 899Hz Probe 3839Hz	46	0.899	70.00	0.121
340.374	0.05	Adapter 899Hz Probe 3839Hz	46	3.839	70.00	0.437
340.554	0.05	Adapter 899Hz Probe 3839Hz	46	0.899	70.00	0.121
340.634	0.05	Adapter 899Hz Probe 3839Hz	46	0.899	70.00	0.121
340.714	0.05	Adapter 899Hz Probe 3839Hz	46	0.899	70.00	0.121
340.794	0.05	Adapter 899Hz Probe 3839Hz	46	0.899	70.00	0.121
340.874	0.05	Adapter 899Hz Probe 3839Hz	46	3.839	70.00	0.437
341.054	0.05	Adapter 899Hz Probe 3839Hz	46	0.899	70.00	0.121
341.134	0.05	Adapter 899Hz Probe 3839Hz	46	0.899	70.00	0.121
341.214	0.05	Adapter 899Hz Probe 3839Hz	46	0.899	70.00	0.121
341.294	0.05	Adapter 899Hz Probe 3839Hz	46	0.899	70.00	0.121
341.374	0.05	Adapter 899Hz Probe 3839Hz	46	3.839	70.00	0.437
341.554	0.05	Adapter 899Hz Probe 3839Hz	46	0.899	70.00	0.121
341.634	0.05	Adapter 899Hz Probe 3839Hz	46	0.899	70.00	0.121
341.714	0.05	Adapter 899Hz Probe 3839Hz	46	0.899	70.00	0.121
341.794	0.05	Adapter 899Hz Probe 3839Hz	46	0.899	70.00	0.121
341.874	0.05	Adapter 899Hz Probe 3839Hz	46	3.839	70.00	0.437
342.054	0.05	Adapter 899Hz Probe 3839Hz	46	0.899	70.00	0.121
342.134	0.05	Adapter 899Hz Probe 3839Hz	46	0.899	70.00	0.121
342.214	0.05	Adapter 899Hz Probe 3839Hz	46	0.899	70.00	0.121
342.294	0.05	Adapter 899Hz Probe 3839Hz	46	0.899	70.00	0.121
342.374	0.05	Adapter 899Hz Probe 3839Hz	46	3.839	70.00	0.437
342.554	0.05	Adapter 899Hz Probe 3839Hz	46	0.899	70.00	0.121
342.634	0.05	Adapter 899Hz Probe 3839Hz	46	0.899	70.00	0.121
342.714	0.05	Adapter 899Hz Probe 3839Hz	46	0.899	70.00	0.121
342.794	0.05	Adapter 899Hz Probe 3839Hz	46	0.899	70.00	0.121
342.874	0.05	Adapter 899Hz Probe 3839Hz	46	3.839	70.00	0.437
343.054	0.05	Adapter 899Hz Probe 3839Hz	46	0.899	70.00	0.121
343.134	0.05	Adapter 899Hz Probe 3839Hz	46	0.899	70.00	0.121
343.214	0.05	Adapter 899Hz Probe 3839Hz	46	0.899	70.00	0.121
343.294	0.05	Adapter 899Hz Probe 3839Hz	46	0.899	70.00	0.121
343.374	0.05	Adapter 899Hz Probe 3839Hz	46	3.839	70.00	0.437
343.554	0.05	Adapter 899Hz Probe 3839Hz	46	0.899	70.00	0.121
343.634	0.05	Adapter 899Hz Probe 3839Hz	46	0.899	70.00	0.121
343.714	0.05	Adapter 899Hz Probe 3839Hz	46	0.899	70.00	0.121
343.794	0.05	Adapter 899Hz Probe 3839Hz	46	0.899	70.00	0.121
343.874	0.05	Adapter 899Hz Probe 3839Hz	46	3.839	70.00	0.437
344.054	0.05	Adapter 899Hz Probe 3839Hz	46	0.899	70.00	0.121
344.134	0.05	Adapter 899Hz Probe 3839Hz	46	0.899	70.00	0.121
344.214	0.05	Adapter 899Hz Probe 3839Hz	46	0.899	70.00	0.121
344.294	0.05	Adapter 899Hz Probe 3839Hz	46	0.899	70.00	0.121
344.374	0.05	Adapter 899Hz Probe 3839Hz	46	3.839	70.00	0.437
344.554	0.05	Adapter 899Hz Probe 3839Hz	46	0.899	70.00	0.121
344.634	0.05	Adapter 899Hz Probe 3839Hz	46	0.899	70.00	0.121
344.714	0.05	Adapter 899Hz Probe 3839Hz	46	0.899	70.00	0.121
344.794	0.05	Adapter 899Hz Probe 3839Hz	46	0.899	70.00	0.121
344.874	0.05	Adapter 899Hz Probe 3839Hz	46	3.839	70.00	0.437
347.542	0.05	Adapter 251Hz	47	0.251	70.00	0.052
347.622	0.05	Adapter 251Hz	47	0.251	70.00	0.052
347.702	0.05	Adapter 251Hz	47	0.251	70.00	0.052
347.782	0.05	Adapter 251Hz	47	0.251	70.00	0.052
348.042	0.05	Adapter 251Hz	47	0.251	70.00	0.052
348.122	0.05	Adapter 251Hz	47	0.251	70.00	0.052
348.202	0.05	Adapter 251Hz	47	0.251	70.00	0.052
348.282	0.05	Adapter 251Hz	47	0.251	70.00	0.052
348.542	0.05	Adapter 251Hz	47	0.251	70.00	0.052
348.622	0.05	Adapter 251Hz	47	0.251	70.00	0.052
348.702	0.05	Adapter 251Hz	47	0.251	70.00	0.052
348.782	0.05	Adapter 251Hz	47	0.251	70.00	0.052
349.042	0.05	Adapter 251Hz	47	0.251	70.00	0.052
349.122	0.05	Adapter 251Hz	47	0.251	70.00	0.052
349.202	0.05	Adapter 251Hz	47	0.251	70.00	0.052
349.282	0.05	Adapter 251Hz	47	0.251	70.00	0.052
349.542	0.05	Adapter 251Hz	47	0.251	70.00	0.052
349.622	0.05	Adapter 251Hz	47	0.251	70.00	0.052
349.702	0.05	Adapter 251Hz	47	0.251	70.00	0.052
349.782	0.05	Adapter 251Hz	47	0.251	70.00	0.052
350.042	0.05	Adapter 251Hz	47	0.251	70.00	0.052
350.122	0.05	Adapter 251Hz	47	0.251	70.00	0.052
350.202	0.05	Adapter 251Hz	47	0.251	70.00	0.052
350.282	0.05	Adapter 251Hz	47	0.251	70.00	0.052
350.542	0.05	Adapter 251Hz	47	0.251	70.00	0.052
350.622	0.05	Adapter 251Hz	47	0.251	70.00	0.052
350.702	0.05	Adapter 251Hz	47	0.251	70.00	0.052
350.782	0.05	Adapter 251Hz	47	0.251	70.00	0.052
351.042	0.05	Adapter 251Hz	47	0.251	70.00	0.052
351.122	0.05	Adapter 251Hz	47	0.251	70.00	0.052
351.202	0.05	Adapter 251Hz	47	0.251	70.00	0.052
351.282	0.05	Adapter 251Hz	47	0.251	70.00	0.052
351.542	0.05	Adapter 251Hz	47	0.251	70.00	0.052
351.622	0.05	Adapter 251Hz	47	0.251	70.00	0.052
351.702	0.05	Adapter 251Hz	47	0.251	70.00	0.052
351.782	0.05	Adapter 251Hz	47	0.251	70.00	0.052
352.042	0.05	Adapter 251Hz	47	0.251	70.00	0.052
352.122	0.05	Adapter 251Hz	47	0.251	70.00	0.052
352.202	0.05	Adapter 251Hz	47	0.251	70.00	0.052
352.282	0.05	Adapter 251Hz	47	0.251	70.00	0.052
355.014	0.05	Adapter 1501Hz	48	1.501	70.00	0.186
355.094	0.05	Adapter 1501Hz	48	1.501	70.00	0.186
355.174	0.05	Adapter 1501Hz	48	1.501	70.00	0.186
355.254	0.05	Adapter 1501Hz	48	1.501	70.00	0.186
355.514	0.05	Adapter 1501Hz	48	1.501	70.00	0.186
355.594	0.05	Adapter 1501Hz	48	1.501	70.00	0.186
355.674	0.05	Adapter 1501Hz	48	1.501	70.00	0.186
355.754	0.05	Adapter 1501Hz	48	1.501	70.00	0.186
356.014	0.05	Adapter 1501Hz	48	1.501	70.00	0.186
356.094	0.05	Adapter 1501Hz	48	1.501	70.00	0.186
356.174	0.05	Adapter 1501Hz	48	1.501	70.00	0.186
356.254	0.05	Adapter 1501Hz	48	1.501	70.00	0.186
356.514	0.05	Adapter 1501Hz	48	1.501	70.00	0.186
356.594	0.05	Adapter 1501Hz	48	1.501	70.00	0.186
356.674	0.05	Adapter 1501Hz	48	1.501	70.00	0.186
356.754	0.05	Adapter 1501Hz	48	1.501	70.00	0.186
357.014	0.05	Adapter 1501Hz	48	1.501	70.00	0.186
357.094	0.05	Adapter 1501Hz	48	1.501	70.00	0.186
357.174	0.05	Adapter 1501Hz	48	1.501	70.00	0.186
357.254	0.05	Adapter 1501Hz	48	1.501	70.00	0.186
357.514	0.05	Adapter 1501Hz	48	1.501	70.00	0.186
357.594	0.05	Adapter 1501Hz	48	1.501	70.00	0.186
357.674	0.05	Adapter 1501Hz	48	1.501	70.00	0.186
357.754	0.05	Adapter 1501Hz	48	1.501	70.00	0.186
358.014	0.05	Adapter 1501Hz	48	1.501	70.00	0.186
358.094	0.05	Adapter 1501Hz	48	1.501	70.00	0.186
358.174	0.05	Adapter 1501Hz	48	1.501	70.00	0.186
358.254	0.05	Adapter 1501Hz	48	1.501	70.00	0.186
358.514	0.05	Adapter 1501Hz	48	1.501	70.00	0.186
358.594	0.05	Adapter 1501Hz	48	1.501	70.00	0.186
358.674	0.05	Adapter 1501Hz	48	1.501	70.00	0.186
358.754	0.05	Adapter 1501Hz	48	1.501	70.00	0.186
359.014	0.05	Adapter 1501Hz	48	1.501	70.00	0.186
359.094	0.05	Adapter 1501Hz	48	1.501	70.00	0.186
359.174	0.05	Adapter 1501Hz	48	1.501	70.00	0.186
359.254	0.05	Adapter 1501Hz	48	1.501	70.00	0.186
359.514	0.05	Adapter 1501Hz	48	1.501	70.00	0.186
359.594	0.05	Adapter 1501Hz	48	1.501	70.00	0.186
359.674	0.05	Adapter 1501Hz	48	1.501	70.00	0.186
359.754	0.05	Adapter 1501Hz	48	1.501	70.00	0.186
370.021	0.05	Adapter 3839Hz	50	3.839	70.00	0.437
370.101	0.05	Adapter 3839Hz	50	3.839	70.00	0.437
370.181	0.05	Adapter 3839Hz	50	3.839	70.00	0.437
370.261	0.05	Adapter 3839Hz	50	3.839	70.00	0.437
370.521	0.05	Adapter 3839Hz	50	3.839	70.00	0.437
370.601	0.05	Adapter 3839Hz	50	3.839	70.00	0.437
370.681	0.05	Adapter 3839Hz	50	3.839	70.00	0.437
370.761	0.05	Adapter 3839Hz	50	3.839	70.00	0.437
371.021	0.05	Adapter 3839Hz	50	3.839	70.00	0.437
371.101	0.05	Adapter 3839Hz	50	3.839	70.00	0.437
371.181	0.05	Adapter 3839Hz	50	3.839	70.00	0.437
371.261	0.05	Adapter 3839Hz	50	3.839	70.00	0.437
371.521	0.05	Adapter 3839Hz	50	3.839	70.00	0.437
371.601	0.05	Adapter 3839Hz	50	3.839	70.00	0.437
371.681	0.05	Adapter 3839Hz	50	3.839	70.00	0.437
371.761	0.05	Adapter 3839Hz	50	3.839	70.00	0.437
372.021	0.05	Adapter 3839Hz	50	3.839	70.00	0.437
372.101	0.05	Adapter 3839Hz	50	3.839	70.00	0.437
372.181	0.05	Adapter 3839Hz	50	3.839	70.00	0.437
372.261	0.05	Adapter 3839Hz	50	3.839	70.00	0.437
372.521	0.05	Adapter 3839Hz	50	3.839	70.00	0.437
372.601	0.05	Adapter 3839Hz	50	3.839	70.00	0.437
372.681	0.05	Adapter 3839Hz	50	3.839	70.00	0.437
372.761	0.05	Adapter 3839Hz	50	3.839	70.00	0.437
373.021	0.05	Adapter 3839Hz	50	3.839	70.00	0.437
373.101	0.05	Adapter 3839Hz	50	3.839	70.00	0.437
373.181	0.05	Adapter 3839Hz	50	3.839	70.00	0.437
373.261	0.05	Adapter 3839Hz	50	3.839	70.00	0.437
373.521	0.05	Adapter 3839Hz	50	3.839	70.00	0.437
373.601	0.05	Adapter 3839Hz	50	3.839	70.00	0.437
373.681	0.05	Adapter 3839Hz	50	3.839	70.00	0.437
373.761	0.05	Adapter 3839Hz	50	3.839	70.00	0.437
374.021	0.05	Adapter 3839Hz	50	3.839	70.00	0.437
374.101	0.05	Adapter 3839Hz	50	3.839	70.00	0.437
374.181	0.05	Adapter 3839Hz	50	3.839	70.00	0.437
374.261	0.05	Adapter 3839Hz	50	3.839	70.00	0.437
374.521	0.05	Adapter 3839Hz	50	3.839	70.00	0.437
374.601	0.05	Adapter 3839Hz	50	3.839	70.00	0.437
374.681	0.05	Adapter 3839Hz	50	3.839	70.00	0.437
374.761	0.05	Adapter 3839Hz	50	3.839	70.00	0.437
377.876	0.05	Probe 3839Hz	51	3.839	70.00	0.437
378.376	0.05	Probe 3839Hz	51	3.839	70.00	0.437
378.876	0.05	Probe 3839Hz	51	3.839	70.00	0.437
379.376	0.05	Probe 3839Hz	51	3.839	70.00	0.437
379.876	0.05	Probe 3839Hz	51	3.839	70.00	0.437
380.376	0.05	Probe 3839Hz	51	3.839	70.00	0.437
380.876	0.05	Probe 3839Hz	51	3.839	70.00	0.437
381.376	0.05	Probe 3839Hz	51	3.839	70.00	0.437
381.876	0.05	Probe 3839Hz	51	3.839	70.00	0.437
382.376	0.05	Probe 3839Hz	51	3.839	70.00	0.437
385.06	0.05	Adapter 1501Hz	52	1.501	70.00	0.186
385.14	0.05	Adapter 1501Hz	52	1.501	70.00	0.186
385.22	0.05	Adapter 1501Hz	52	1.501	70.00	0.186
385.3	0.05	Adapter 1501Hz	52	1.501	70.00	0.186
385.56	0.05	Adapter 1501Hz	52	1.501	70.00	0.186
385.64	0.05	Adapter 1501Hz	52	1.501	70.00	0.186
385.72	0.05	Adapter 1501Hz	52	1.501	70.00	0.186
385.8	0.05	Adapter 1501Hz	52	1.501	70.00	0.186
386.06	0.05	Adapter 1501Hz	52	1.501	70.00	0.186
386.14	0.05	Adapter 1501Hz	52	1.501	70.00	0.186
386.22	0.05	Adapter 1501Hz	52	1.501	70.00	0.186
386.3	0.05	Adapter 1501Hz	52	1.501	70.00	0.186
386.56	0.05	Adapter 1501Hz	52	1.501	70.00	0.186
386.64	0.05	Adapter 1501Hz	52	1.501	70.00	0.186
386.72	0.05	Adapter 1501Hz	52	1.501	70.00	0.186
386.8	0.05	Adapter 1501Hz	52	1.501	70.00	0.186
387.06	0.05	Adapter 1501Hz	52	1.501	70.00	0.186
387.14	0.05	Adapter 1501Hz	52	1.501	70.00	0.186
387.22	0.05	Adapter 1501Hz	52	1.501	70.00	0.186
387.3	0.05	Adapter 1501Hz	52	1.501	70.00	0.186
387.56	0.05	Adapter 1501Hz	52	1.501	70.00	0.186
387.64	0.05	Adapter 1501Hz	52	1.501	70.00	0.186
387.72	0.05	Adapter 1501Hz	52	1.501	70.00	0.186
387.8	0.05	Adapter 1501Hz	52	1.501	70.00	0.186
388.06	0.05	Adapter 1501Hz	52	1.501	70.00	0.186
388.14	0.05	Adapter 1501Hz	52	1.501	70.00	0.186
388.22	0.05	Adapter 1501Hz	52	1.501	70.00	0.186
388.3	0.05	Adapter 1501Hz	52	1.501	70.00	0.186
388.56	0.05	Adapter 1501Hz	52	1.501	70.00	0.186
388.64	0.05	Adapter 1501Hz	52	1.501	70.00	0.186
388.72	0.05	Adapter 1501Hz	52	1.501	70.00	0.186
388.8	0.05	Adapter 1501Hz	52	1.501	70.00	0.186
389.06	0.05	Adapter 1501Hz	52	1.501	70.00	0.186
389.14	0.05	Adapter 1501Hz	52	1.501	70.00	0.186
389.22	0.05	Adapter 1501Hz	52	1.501	70.00	0.186
389.3	0.05	Adapter 1501Hz	52	1.501	70.00	0.186
389.56	0.05	Adapter 1501Hz	52	1.501	70.00	0.186
389.64	0.05	Adapter 1501Hz	52	1.501	70.00	0.186
389.72	0.05	Adapter 1501Hz	52	1.501	70.00	0.186
389.8	0.05	Adapter 1501Hz	52	1.501	70.00	0.186
392.517	0.05	Adapter 899Hz Probe 3839Hz	53	0.899	70.00	0.121
392.597	0.05	Adapter 899Hz Probe 3839Hz	53	0.899	70.00	0.121
392.677	0.05	Adapter 899Hz Probe 3839Hz	53	0.899	70.00	0.121
392.757	0.05	Adapter 899Hz Probe 3839Hz	53	0.899	70.00	0.121
392.837	0.05	Adapter 899Hz Probe 3839Hz	53	3.839	70.00	0.437
393.017	0.05	Adapter 899Hz Probe 3839Hz	53	0.899	70.00	0.121
393.097	0.05	Adapter 899Hz Probe 3839Hz	53	0.899	70.00	0.121
393.177	0.05	Adapter 899Hz Probe 3839Hz	53	0.899	70.00	0.121
393.257	0.05	Adapter 899Hz Probe 3839Hz	53	0.899	70.00	0.121
393.337	0.05	Adapter 899Hz Probe 3839Hz	53	3.839	70.00	0.437
393.517	0.05	Adapter 899Hz Probe 3839Hz	53	0.899	70.00	0.121
393.597	0.05	Adapter 899Hz Probe 3839Hz	53	0.899	70.00	0.121
393.677	0.05	Adapter 899Hz Probe 3839Hz	53	0.899	70.00	0.121
393.757	0.05	Adapter 899Hz Probe 3839Hz	53	0.899	70.00	0.121
393.837	0.05	Adapter 899Hz Probe 3839Hz	53	3.839	70.00	0.437
394.017	0.05	Adapter 899Hz Probe 3839Hz	53	0.899	70.00	0.121
394.097	0.05	Adapter 899Hz Probe 3839Hz	53	0.899	70.00	0.121
394.177	0.05	Adapter 899Hz Probe 3839Hz	53	0.899	70.00	0.121
394.257	0.05	Adapter 899Hz Probe 3839Hz	53	0.899	70.00	0.121
394.337	0.05	Adapter 899Hz Probe 3839Hz	53	3.839	70.00	0.437
394.517	0.05	Adapter 899Hz Probe 3839Hz	53	0.899	70.00	0.121
394.597	0.05	Adapter 899Hz Probe 3839Hz	53	0.899	70.00	0.121
394.677	0.05	Adapter 899Hz Probe 3839Hz	53	0.899	70.00	0.121
394.757	0.05	Adapter 899Hz Probe 3839Hz	53	0.899	70.00	0.121
394.837	0.05	Adapter 899Hz Probe 3839Hz	53	3.839	70.00	0.437
395.017	0.05	Adapter 899Hz Probe 3839Hz	53	0.899	70.00	0.121
395.097	0.05	Adapter 899Hz Probe 3839Hz	53	0.899	70.00	0.121
395.177	0.05	Adapter 899Hz Probe 3839Hz	53	0.899	70.00	0.121
395.257	0.05	Adapter 899Hz Probe 3839Hz	53	0.899	70.00	0.121
395.337	0.05	Adapter 899Hz Probe 3839Hz	53	3.839	70.00	0.437
395.517	0.05	Adapter 899Hz Probe 3839Hz	53	0.899	70.00	0.121
395.597	0.05	Adapter 899Hz Probe 3839Hz	53	0.899	70.00	0.121
395.677	0.05	Adapter 899Hz Probe 3839Hz	53	0.899	70.00	0.121
395.757	0.05	Adapter 899Hz Probe 3839Hz	53	0.899	70.00	0.121
395.837	0.05	Adapter 899Hz Probe 3839Hz	53	3.839	70.00	0.437
396.017	0.05	Adapter 899Hz Probe 3839Hz	53	0.899	70.00	0.121
396.097	0.05	Adapter 899Hz Probe 3839Hz	53	0.899	70.00	0.121
396.177	0.05	Adapter 899Hz Probe 3839Hz	53	0.899	70.00	0.121
396.257	0.05	Adapter 899Hz Probe 3839Hz	53	0.899	70.00	0.121
396.337	0.05	Adapter 899Hz Probe 3839Hz	53	3.839	70.00	0.437
396.517	0.05	Adapter 899Hz Probe 3839Hz	53	0.899	70.00	0.121
396.597	0.05	Adapter 899Hz Probe 3839Hz	53	0.899	70.00	0.121
396.677	0.05	Adapter 899Hz Probe 3839Hz	53	0.899	70.00	0.121
396.757	0.05	Adapter 899Hz Probe 3839Hz	53	0.899	70.00	0.121
396.837	0.05	Adapter 899Hz Probe 3839Hz	53	3.839	70.00	0.437
397.017	0.05	Adapter 899Hz Probe 3839Hz	53	0.899	70.00	0.121
397.097	0.05	Adapter 899Hz Probe 3839Hz	53	0.899	70.00	0.121
397.177	0.05	Adapter 899Hz Probe 3839Hz	53	0.899	70.00	0.121
397.257	0.05	Adapter 899Hz Probe 3839Hz	53	0.899	70.00	0.121
397.337	0.05	Adapter 899Hz Probe 3839Hz	53	3.839	70.00	0.437
400.005	0.05	Adapter 507Hz	54	0.507	70.00	0.079
400.085	0.05	Adapter 507Hz	54	0.507	70.00	0.079
400.165	0.05	Adapter 507Hz	54	0.507	70.00	0.079
400.245	0.05	Adapter 507Hz	54	0.507	70.00	0.079
400.505	0.05	Adapter 507Hz	54	0.507	70.00	0.079
400.585	0.05	Adapter 507Hz	54	0.507	70.00	0.079
400.665	0.05	Adapter 507Hz	54	0.507	70.00	0.079
400.745	0.05	Adapter 507Hz	54	0.507	70.00	0.079
401.005	0.05	Adapter 507Hz	54	0.507	70.00	0.079
401.085	0.05	Adapter 507Hz	54	0.507	70.00	0.079
401.165	0.05	Adapter 507Hz	54	0.507	70.00	0.079
401.245	0.05	Adapter 507Hz	54	0.507	70.00	0.079
401.505	0.05	Adapter 507Hz	54	0.507	70.00	0.079
401.585	0.05	Adapter 507Hz	54	0.507	70.00	0.079
401.665	0.05	Adapter 507Hz	54	0.507	70.00	0.079
401.745	0.05	Adapter 507Hz	54	0.507	70.00	0.079
402.005	0.05	Adapter 507Hz	54	0.507	70.00	0.079
402.085	0.05	Adapter 507Hz	54	0.507	70.00	0.079
402.165	0.05	Adapter 507Hz	54	0.507	70.00	0.079
402.245	0.05	Adapter 507Hz	54	0.507	70.00	0.079
402.505	0.05	Adapter 507Hz	54	0.507	70.00	0.079
402.585	0.05	Adapter 507Hz	54	0.507	70.00	0.079
402.665	0.05	Adapter 507Hz	54	0.507	70.00	0.079
402.745	0.05	Adapter 507Hz	54	0.507	70.00	0.079
403.005	0.05	Adapter 507Hz	54	0.507	70.00	0.079
403.085	0.05	Adapter 507Hz	54	0.507	70.00	0.079
403.165	0.05	Adapter 507Hz	54	0.507	70.00	0.079
403.245	0.05	Adapter 507Hz	54	0.507	70.00	0.079
403.505	0.05	Adapter 507Hz	54	0.507	70.00	0.079
403.585	0.05	Adapter 507Hz	54	0.507	70.00	0.079
403.665	0.05	Adapter 507Hz	54	0.507	70.00	0.079
403.745	0.05	Adapter 507Hz	54	0.507	70.00	0.079
404.005	0.05	Adapter 507Hz	54	0.507	70.00	0.079
404.085	0.05	Adapter 507Hz	54	0.507	70.00	0.079
404.165	0.05	Adapter 507Hz	54	0.507	70.00	0.079
404.245	0.05	Adapter 507Hz	54	0.507	70.00	0.079
404.505	0.05	Adapter 507Hz	54	0.507	70.00	0.079
404.585	0.05	Adapter 507Hz	54	0.507	70.00	0.079
404.665	0.05	Adapter 507Hz	54	0.507	70.00	0.079
404.745	0.05	Adapter 507Hz	54	0.507	70.00	0.079
415.028	0.05	Adapter 2423Hz Probe 3839Hz	56	2.423	70.00	0.285
415.108	0.05	Adapter 2423Hz Probe 3839Hz	56	2.423	70.00	0.285
415.188	0.05	Adapter 2423Hz Probe 3839Hz	56	2.423	70.00	0.285
415.268	0.05	Adapter 2423Hz Probe 3839Hz	56	2.423	70.00	0.285
415.348	0.05	Adapter 2423Hz Probe 3839Hz	56	3.839	70.00	0.437
415.528	0.05	Adapter 2423Hz Probe 3839Hz	56	2.423	70.00	0.285
415.608	0.05	Adapter 2423Hz Probe 3839Hz	56	2.423	70.00	0.285
415.688	0.05	Adapter 2423Hz Probe 3839Hz	56	2.423	70.00	0.285
415.768	0.05	Adapter 2423Hz Probe 3839Hz	56	2.423	70.00	0.285
415.848	0.05	Adapter 2423Hz Probe 3839Hz	56	3.839	70.00	0.437
416.028	0.05	Adapter 2423Hz Probe 3839Hz	56	2.423	70.00	0.285
416.108	0.05	Adapter 2423Hz Probe 3839Hz	56	2.423	70.00	0.285
416.188	0.05	Adapter 2423Hz Probe 3839Hz	56	2.423	70.00	0.285
416.268	0.05	Adapter 2423Hz Probe 3839Hz	56	2.423	70.00	0.285
416.348	0.05	Adapter 2423Hz Probe 3839Hz	56	3.839	70.00	0.437
416.528	0.05	Adapter 2423Hz Probe 3839Hz	56	2.423	70.00	0.285
416.608	0.05	Adapter 2423Hz Probe 3839Hz	56	2.423	70.00	0.285
416.688	0.05	Adapter 2423Hz Probe 3839Hz	56	2.423	70.00	0.285
416.768	0.05	Adapter 2423Hz Probe 3839Hz	56	2.423	70.00	0.285
416.848	0.05	Adapter 2423Hz Probe 3839Hz	56	3.839	70.00	0.437
417.028	0.05	Adapter 2423Hz Probe 3839Hz	56	2.423	70.00	0.285
417.108	0.05	Adapter 2423Hz Probe 3839Hz	56	2.423	70.00	0.285
417.188	0.05	Adapter 2423Hz Probe 3839Hz	56	2.423	70.00	0.285
417.268	0.05	Adapter 2423Hz Probe 3839Hz	56	2.423	70.00	0.285
417.348	0.05	Adapter 2423Hz Probe 3839Hz	56	3.839	70.00	0.437
417.528	0.05	Adapter 2423Hz Probe 3839Hz	56	2.423	70.00	0.285
417.608	0.05	Adapter 2423Hz Probe 3839Hz	56	2.423	70.00	0.285
417.688	0.05	Adapter 2423Hz Probe 3839Hz	56	2.423	70.00	0.285
417.768	0.05	Adapter 2423Hz Probe 3839Hz	56	2.423	70.00	0.285
417.848	0.05	Adapter 2423Hz Probe 3839Hz	56	3.839	70.00	0.437
418.028	0.05	Adapter 2423Hz Probe 3839Hz	56	2.423	70.00	0.285
418.108	0.05	Adapter 2423Hz Probe 3839Hz	56	2.423	70.00	0.285
418.188	0.05	Adapter 2423Hz Probe 3839Hz	56	2.423	70.00	0.285
418.268	0.05	Adapter 2423Hz Probe 3839Hz	56	2.423	70.00	0.285
418.348	0.05	Adapter 2423Hz Probe 3839Hz	56	3.839	70.00	0.437
418.528	0.05	Adapter 2423Hz Probe 3839Hz	56	2.423	70.00	0.285
418.608	0.05	Adapter 2423Hz Probe 3839Hz	56	2.423	70.00	0.285
418.688	0.05	Adapter 2423Hz Probe 3839Hz	56	2.423	70.00	0.285
418.768	0.05	Adapter 2423Hz Probe 3839Hz	56	2.423	70.00	0.285
418.848	0.05	Adapter 2423Hz Probe 3839Hz	56	3.839	70.00	0.437
419.028	0.05	Adapter 2423Hz Probe 3839Hz	56	2.423	70.00	0.285
419.108	0.05	Adapter 2423Hz Probe 3839Hz	56	2.423	70.00	0.285
419.188	0.05	Adapter 2423Hz Probe 3839Hz	56	2.423	70.00	0.285
419.268	0.05	Adapter 2423Hz Probe 3839Hz	56	2.423	70.00	0.285
419.348	0.05	Adapter 2423Hz Probe 3839Hz	56	3.839	70.00	0.437
419.528	0.05	Adapter 2423Hz Probe 3839Hz	56	2.423	70.00	0.285
419.608	0.05	Adapter 2423Hz Probe 3839Hz	56	2.423	70.00	0.285
419.688	0.05	Adapter 2423Hz Probe 3839Hz	56	2.423	70.00	0.285
419.768	0.05	Adapter 2423Hz Probe 3839Hz	56	2.423	70.00	0.285
419.848	0.05	Adapter 2423Hz Probe 3839Hz	56	3.839	70.00	0.437
422.516	0.05	Adapter 6009Hz	57	6.009	70.00	0.671
422.596	0.05	Adapter 6009Hz	57	6.009	70.00	0.671
422.676	0.05	Adapter 6009Hz	57	6.009	70.00	0.671
422.756	0.05	Adapter 6009Hz	57	6.009	70.00	0.671
423.016	0.05	Adapter 6009Hz	57	6.009	70.00	0.671
423.096	0.05	Adapter 6009Hz	57	6.009	70.00	0.671
423.176	0.05	Adapter 6009Hz	57	6.009	70.00	0.671
423.256	0.05	Adapter 6009Hz	57	6.009	70.00	0.671
423.516	0.05	Adapter 6009Hz	57	6.009	70.00	0.671
423.596	0.05	Adapter 6009Hz	57	6.009	70.00	0.671
423.676	0.05	Adapter 6009Hz	57	6.009	70.00	0.671
423.756	0.05	Adapter 6009Hz	57	6.009	70.00	0.671
424.016	0.05	Adapter 6009Hz	57	6.009	70.00	0.671
424.096	0.05	Adapter 6009Hz	57	6.009	70.00	0.671
424.176	0.05	Adapter 6009Hz	57	6.009	70.00	0.671
424.256	0.05	Adapter 6009Hz	57	6.009	70.00	0.671
424.516	0.05	Adapter 6009Hz	57	6.009	70.00	0.671
424.596	0.05	Adapter 6009Hz	57	6.009	70.00	0.671
424.676	0.05	Adapter 6009Hz	57	6.009	70.00	0.671
424.756	0.05	Adapter 6009Hz	57	6.009	70.00	0.671
425.016	0.05	Adapter 6009Hz	57	6.009	70.00	0.671
425.096	0.05	Adapter 6009Hz	57	6.009	70.00	0.671
425.176	0.05	Adapter 6009Hz	57	6.009	70.00	0.671
425.256	0.05	Adapter 6009Hz	57	6.009	70.00	0.671
425.516	0.05	Adapter 6009Hz	57	6.009	70.00	0.671
425.596	0.05	Adapter 6009Hz	57	6.009	70.00	0.671
425.676	0.05	Adapter 6009Hz	57	6.009	70.00	0.671
425.756	0.05	Adapter 6009Hz	57	6.009	70.00	0.671
426.016	0.05	Adapter 6009Hz	57	6.009	70.00	0.671
426.096	0.05	Adapter 6009Hz	57	6.009	70.00	0.671
426.176	0.05	Adapter 6009Hz	57	6.009	70.00	0.671
426.256	0.05	Adapter 6009Hz	57	6.009	70.00	0.671
426.516	0.05	Adapter 6009Hz	57	6.009	70.00	0.671
426.596	0.05	Adapter 6009Hz	57	6.009	70.00	0.671
426.676	0.05	Adapter 6009Hz	57	6.009	70.00	0.671
426.756	0.05	Adapter 6009Hz	57	6.009	70.00	0.671
427.016	0.05	Adapter 6009Hz	57	6.009	70.00	0.671
427.096	0.05	Adapter 6009Hz	57	6.009	70.00	0.671
427.176	0.05	Adapter 6009Hz	57	6.009	70.00	0.671
427.256	0.05	Adapter 6009Hz	57	6.009	70.00	0.671
430.035	0.05	Adapter 899Hz	58	0.899	70.00	0.121
430.115	0.05	Adapter 899Hz	58	0.899	70.00	0.121
430.195	0.05	Adapter 899Hz	58	0.899	70.00	0.121
430.275	0.05	Adapter 899Hz	58	0.899	70.00	0.121
430.535	0.05	Adapter 899Hz	58	0.899	70.00	0.121
430.615	0.05	Adapter 899Hz	58	0.899	70.00	0.121
430.695	0.05	Adapter 899Hz	58	0.899	70.00	0.121
430.775	0.05	Adapter 899Hz	58	0.899	70.00	0.121
431.035	0.05	Adapter 899Hz	58	0.899	70.00	0.121
431.115	0.05	Adapter 899Hz	58	0.899	70.00	0.121
431.195	0.05	Adapter 899Hz	58	0.899	70.00	0.121
431.275	0.05	Adapter 899Hz	58	0.899	70.00	0.121
431.535	0.05	Adapter 899Hz	58	0.899	70.00	0.121
431.615	0.05	Adapter 899Hz	58	0.899	70.00	0.121
431.695	0.05	Adapter 899Hz	58	0.899	70.00	0.121
431.775	0.05	Adapter 899Hz	58	0.899	70.00	0.121
432.035	0.05	Adapter 899Hz	58	0.899	70.00	0.121
432.115	0.05	Adapter 899Hz	58	0.899	70.00	0.121
432.195	0.05	Adapter 899Hz	58	0.899	70.00	0.121
432.275	0.05	Adapter 899Hz	58	0.899	70.00	0.121
432.535	0.05	Adapter 899Hz	58	0.899	70.00	0.121
432.615	0.05	Adapter 899Hz	58	0.899	70.00	0.121
432.695	0.05	Adapter 899Hz	58	0.899	70.00	0.121
432.775	0.05	Adapter 899Hz	58	0.899	70.00	0.121
433.035	0.05	Adapter 899Hz	58	0.899	70.00	0.121
433.115	0.05	Adapter 899Hz	58	0.899	70.00	0.121
433.195	0.05	Adapter 899Hz	58	0.899	70.00	0.121
433.275	0.05	Adapter 899Hz	58	0.899	70.00	0.121
433.535	0.05	Adapter 899Hz	58	0.899	70.00	0.121
433.615	0.05	Adapter 899Hz	58	0.899	70.00	0.121
433.695	0.05	Adapter 899Hz	58	0.899	70.00	0.121
433.775	0.05	Adapter 899Hz	58	0.899	70.00	0.121
434.035	0.05	Adapter 899Hz	58	0.899	70.00	0.121
434.115	0.05	Adapter 899Hz	58	0.899	70.00	0.121
434.195	0.05	Adapter 899Hz	58	0.899	70.00	0.121
434.275	0.05	Adapter 899Hz	58	0.899	70.00	0.121
434.535	0.05	Adapter 899Hz	58	0.899	70.00	0.121
434.615	0.05	Adapter 899Hz	58	0.899	70.00	0.121
434.695	0.05	Adapter 899Hz	58	0.899	70.00	0.121
434.775	0.05	Adapter 899Hz	58	0.899	70.00	0.121
437.538	0.05	Adapter 1501Hz Probe 3839Hz	59	1.501	70.00	0.186
437.618	0.05	Adapter 1501Hz Probe 3839Hz	59	1.501	70.00	0.186
437.698	0.05	Adapter 1501Hz Probe 3839Hz	59	1.501	70.00	0.186
437.778	0.05	Adapter 1501Hz Probe 3839Hz	59	1.501	70.00	0.186
437.858	0.05	Adapter 1501Hz Probe 3839Hz	59	3.839	70.00	0.437
438.038	0.05	Adapter 1501Hz Probe 3839Hz	59	1.501	70.00	0.186
438.118	0.05	Adapter 1501Hz Probe 3839Hz	59	1.501	70.00	0.186
438.198	0.05	Adapter 1501Hz Probe 3839Hz	59	1.501	70.00	0.186
438.278	0.05	Adapter 1501Hz Probe 3839Hz	59	1.501	70.00	0.186
438.358	0.05	Adapter 1501Hz Probe 3839Hz	59	3.839	70.00	0.437
438.538	0.05	Adapter 1501Hz Probe 3839Hz	59	1.501	70.00	0.186
438.618	0.05	Adapter 1501Hz Probe 3839Hz	59	1.501	70.00	0.186
438.698	0.05	Adapter 1501Hz Probe 3839Hz	59	1.501	70.00	0.186
438.778	0.05	Adapter 1501Hz Probe 3839Hz	59	1.501	70.00	0.186
438.858	0.05	Adapter 1501Hz Probe 3839Hz	59	3.839	70.00	0.437
439.038	0.05	Adapter 1501Hz Probe 3839Hz	59	1.501	70.00	0.186
439.118	0.05	Adapter 1501Hz Probe 3839Hz	59	1.501	70.00	0.186
439.198	0.05	Adapter 1501Hz Probe 3839Hz	59	1.501	70.00	0.186
439.278	0.05	Adapter 1501Hz Probe 3839Hz	59	1.501	70.00	0.186
439.358	0.05	Adapter 1501Hz Probe 3839Hz	59	3.839	70.00	0.437
439.538	0.05	Adapter 1501Hz Probe 3839Hz	59	1.501	70.00	0.186
439.618	0.05	Adapter 1501Hz Probe 3839Hz	59	1.501	70.00	0.186
439.698	0.05	Adapter 1501Hz Probe 3839Hz	59	1.501	70.00	0.186
439.778	0.05	Adapter 1501Hz Probe 3839Hz	59	1.501	70.00	0.186
439.858	0.05	Adapter 1501Hz Probe 3839Hz	59	3.839	70.00	0.437
440.038	0.05	Adapter 1501Hz Probe 3839Hz	59	1.501	70.00	0.186
440.118	0.05	Adapter 1501Hz Probe 3839Hz	59	1.501	70.00	0.186
440.198	0.05	Adapter 1501Hz Probe 3839Hz	59	1.501	70.00	0.186
440.278	0.05	Adapter 1501Hz Probe 3839Hz	59	1.501	70.00	0.186
440.358	0.05	Adapter 1501Hz Probe 3839Hz	59	3.839	70.00	0.437
440.538	0.05	Adapter 1501Hz Probe 3839Hz	59	1.501	70.00	0.186
440.618	0.05	Adapter 1501Hz Probe 3839Hz	59	1.501	70.00	0.186
440.698	0.05	Adapter 1501Hz Probe 3839Hz	59	1.501	70.00	0.186
440.778	0.05	Adapter 1501Hz Probe 3839Hz	59	1.501	70.00	0.186
440.858	0.05	Adapter 1501Hz Probe 3839Hz	59	3.839	70.00	0.437
441.038	0.05	Adapter 1501Hz Probe 3839Hz	59	1.501	70.00	0.186
441.118	0.05	Adapter 1501Hz Probe 3839Hz	59	1.501	70.00	0.186
441.198	0.05	Adapter 1501Hz Probe 3839Hz	59	1.501	70.00	0.186
441.278	0.05	Adapter 1501Hz Probe 3839Hz	59	1.501	70.00	0.186
441.358	0.05	Adapter 1501Hz Probe 3839Hz	59	3.839	70.00	0.437
441.538	0.05	Adapter 1501Hz Probe 3839Hz	59	1.501	70.00	0.186
441.618	0.05	Adapter 1501Hz Probe 3839Hz	59	1.501	70.00	0.186
441.698	0.05	Adapter 1501Hz Probe 3839Hz	59	1.501	70.00	0.186
441.778	0.05	Adapter 1501Hz Probe 3839Hz	59	1.501	70.00	0.186
441.858	0.05	Adapter 1501Hz Probe 3839Hz	59	3.839	70.00	0.437
442.038	0.05	Adapter 1501Hz Probe 3839Hz	59	1.501	70.00	0.186
442.118	0.05	Adapter 1501Hz Probe 3839Hz	59	1.501	70.00	0.186
442.198	0.05	Adapter 1501Hz Probe 3839Hz	59	1.501	70.00	0.186
442.278	0.05	Adapter 1501Hz Probe 3839Hz	59	1.501	70.00	0.186
442.358	0.05	Adapter 1501Hz Probe 3839Hz	59	3.839	70.00	0.437
445.058	0.05	Adapter 3839Hz Probe 3839Hz	60	3.839	70.00	0.437
445.138	0.05	Adapter 3839Hz Probe 3839Hz	60	3.839	70.00	0.437
445.218	0.05	Adapter 3839Hz Probe 3839Hz	60	3.839	70.00	0.437
445.298	0.05	Adapter 3839Hz Probe 3839Hz	60	3.839	70.00	0.437
445.378	0.05	Adapter 3839Hz Probe 3839Hz	60	3.839	70.00	0.437
445.558	0.05	Adapter 3839Hz Probe 3839Hz	60	3.839	70.00	0.437
445.638	0.05	Adapter 3839Hz Probe 3839Hz	60	3.839	70.00	0.437
445.718	0.05	Adapter 3839Hz Probe 3839Hz	60	3.839	70.00	0.437
445.798	0.05	Adapter 3839Hz Probe 3839Hz	60	3.839	70.00	0.437
445.878	0.05	Adapter 3839Hz Probe 3839Hz	60	3.839	70.00	0.437
446.058	0.05	Adapter 3839Hz Probe 3839Hz	60	3.839	70.00	0.437
446.138	0.05	Adapter 3839Hz Probe 3839Hz	60	3.839	70.00	0.437
446.218	0.05	Adapter 3839Hz Probe 3839Hz	60	3.839	70.00	0.437
446.298	0.05	Adapter 3839Hz Probe 3839Hz	60	3.839	70.00	0.437
446.378	0.05	Adapter 3839Hz Probe 3839Hz	60	3.839	70.00	0.437
446.558	0.05	Adapter 3839Hz Probe 3839Hz	60	3.839	70.00	0.437
446.638	0.05	Adapter 3839Hz Probe 3839Hz	60	3.839	70.00	0.437
446.718	0.05	Adapter 3839Hz Probe 3839Hz	60	3.839	70.00	0.437
446.798	0.05	Adapter 3839Hz Probe 3839Hz	60	3.839	70.00	0.437
446.878	0.05	Adapter 3839Hz Probe 3839Hz	60	3.839	70.00	0.437
447.058	0.05	Adapter 3839Hz Probe 3839Hz	60	3.839	70.00	0.437
447.138	0.05	Adapter 3839Hz Probe 3839Hz	60	3.839	70.00	0.437
447.218	0.05	Adapter 3839Hz Probe 3839Hz	60	3.839	70.00	0.437
447.298	0.05	Adapter 3839Hz Probe 3839Hz	60	3.839	70.00	0.437
447.378	0.05	Adapter 3839Hz Probe 3839Hz	60	3.839	70.00	0.437
447.558	0.05	Adapter 3839Hz Probe 3839Hz	60	3.839	70.00	0.437
447.638	0.05	Adapter 3839Hz Probe 3839Hz	60	3.839	70.00	0.437
447.718	0.05	Adapter 3839Hz Probe 3839Hz	60	3.839	70.00	0.437
447.798	0.05	Adapter 3839Hz Probe 3839Hz	60	3.839	70.00	0.437
447.878	0.05	Adapter 3839Hz Probe 3839Hz	60	3.839	70.00	0.437
448.058	0.05	Adapter 3839Hz Probe 3839Hz	60	3.839	70.00	0.437
448.138	0.05	Adapter 3839Hz Probe 3839Hz	60	3.839	70.00	0.437
448.218	0.05	Adapter 3839Hz Probe 3839Hz	60	3.839	70.00	0.437
448.298	0.05	Adapter 3839Hz Probe 3839Hz	60	3.839	70.00	0.437
448.378	0.05	Adapter 3839Hz Probe 3839Hz	60	3.839	70.00	0.437
448.558	0.05	Adapter 3839Hz Probe 3839Hz	60	3.839	70.00	0.437
448.638	0.05	Adapter 3839Hz Probe 3839Hz	60	3.839	70.00	0.437
448.718	0.05	Adapter 3839Hz Probe 3839Hz	60	3.839	70.00	0.437
448.798	0.05	Adapter 3839Hz Probe 3839Hz	60	3.839	70.00	0.437
448.878	0.05	Adapter 3839Hz Probe 3839Hz	60	3.839	70.00	0.437
449.058	0.05	Adapter 3839Hz Probe 3839Hz	60	3.839	70.00	0.437
449.138	0.05	Adapter 3839Hz Probe 3839Hz	60	3.839	70.00	0.437
449.218	0.05	Adapter 3839Hz Probe 3839Hz	60	3.839	70.00	0.437
449.298	0.05	Adapter 3839Hz Probe 3839Hz	60	3.839	70.00	0.437
449.378	0.05	Adapter 3839Hz Probe 3839Hz	60	3.839	70.00	0.437
449.558	0.05	Adapter 3839Hz Probe 3839Hz	60	3.839	70.00	0.437
449.638	0.05	Adapter 3839Hz Probe 3839Hz	60	3.839	70.00	0.437
449.718	0.05	Adapter 3839Hz Probe 3839Hz	60	3.839	70.00	0.437
449.798	0.05	Adapter 3839Hz Probe 3839Hz	60	3.839	70.00	0.437
449.878	0.05	Adapter 3839Hz Probe 3839Hz	60	3.839	70.00	0.437
452.561	0.05	Adapter 507Hz Probe 3839Hz	61	0.507	70.00	0.079
452.641	0.05	Adapter 507Hz Probe 3839Hz	61	0.507	70.00	0.079
452.721	0.05	Adapter 507Hz Probe 3839Hz	61	0.507	70.00	0.079
452.801	0.05	Adapter 507Hz Probe 3839Hz	61	0.507	70.00	0.079
452.881	0.05	Adapter 507Hz Probe 3839Hz	61	3.839	70.00	0.437
453.061	0.05	Adapter 507Hz Probe 3839Hz	61	0.507	70.00	0.079
453.141	0.05	Adapter 507Hz Probe 3839Hz	61	0.507	70.00	0.079
453.221	0.05	Adapter 507Hz Probe 3839Hz	61	0.507	70.00	0.079
453.301	0.05	Adapter 507Hz Probe 3839Hz	61	0.507	70.00	0.079
453.381	0.05	Adapter 507Hz Probe 3839Hz	61	3.839	70.00	0.437
453.561	0.05	Adapter 507Hz Probe 3839Hz	61	0.507	70.00	0.079
453.641	0.05	Adapter 507Hz Probe 3839Hz	61	0.507	70.00	0.079
453.721	0.05	Adapter 507Hz Probe 3839Hz	61	0.507	70.00	0.079
453.801	0.05	Adapter 507Hz Probe 3839Hz	61	0.507	70.00	0.079
453.881	0.05	Adapter 507Hz Probe 3839Hz	61	3.839	70.00	0.437
454.061	0.05	Adapter 507Hz Probe 3839Hz	61	0.507	70.00	0.079
454.141	0.05	Adapter 507Hz Probe 3839Hz	61	0.507	70.00	0.079
454.221	0.05	Adapter 507Hz Probe 3839Hz	61	0.507	70.00	0.079
454.301	0.05	Adapter 507Hz Probe 3839Hz	61	0.507	70.00	0.079
454.381	0.05	Adapter 507Hz Probe 3839Hz	61	3.839	70.00	0.437
454.561	0.05	Adapter 507Hz Probe 3839Hz	61	0.507	70.00	0.079
454.641	0.05	Adapter 507Hz Probe 3839Hz	61	0.507	70.00	0.079
454.721	0.05	Adapter 507Hz Probe 3839Hz	61	0.507	70.00	0.079
454.801	0.05	Adapter 507Hz Probe 3839Hz	61	0.507	70.00	0.079
454.881	0.05	Adapter 507Hz Probe 3839Hz	61	3.839	70.00	0.437
455.061	0.05	Adapter 507Hz Probe 3839Hz	61	0.507	70.00	0.079
455.141	0.05	Adapter 507Hz Probe 3839Hz	61	0.507	70.00	0.079
455.221	0.05	Adapter 507Hz Probe 3839Hz	61	0.507	70.00	0.079
455.301	0.05	Adapter 507Hz Probe 3839Hz	61	0.507	70.00	0.079
455.381	0.05	Adapter 507Hz Probe 3839Hz	61	3.839	70.00	0.437
455.561	0.05	Adapter 507Hz Probe 3839Hz	61	0.507	70.00	0.079
455.641	0.05	Adapter 507Hz Probe 3839Hz	61	0.507	70.00	0.079
455.721	0.05	Adapter 507Hz Probe 3839Hz	61	0.507	70.00	0.079
455.801	0.05	Adapter 507Hz Probe 3839Hz	61	0.507	70.00	0.079
455.881	0.05	Adapter 507Hz Probe 3839Hz	61	3.839	70.00	0.437
456.061	0.05	Adapter 507Hz Probe 3839Hz	61	0.507	70.00	0.079
456.141	0.05	Adapter 507Hz Probe 3839Hz	61	0.507	70.00	0.079
456.221	0.05	Adapter 507Hz Probe 3839Hz	61	0.507	70.00	0.079
456.301	0.05	Adapter 507Hz Probe 3839Hz	61	0.507	70.00	0.079
456.381	0.05	Adapter 507Hz Probe 3839Hz	61	3.839	70.00	0.437
456.561	0.05	Adapter 507Hz Probe 3839Hz	61	0.507	70.00	0.079
456.641	0.05	Adapter 507Hz Probe 3839Hz	61	0.507	70.00	0.079
456.721	0.05	Adapter 507Hz Probe 3839Hz	61	0.507	70.00	0.079
456.801	0.05	Adapter 507Hz Probe 3839Hz	61	0.507	70.00	0.079
456.881	0.05	Adapter 507Hz Probe 3839Hz	61	3.839	70.00	0.437
457.061	0.05	Adapter 507Hz Probe 3839Hz	61	0.507	70.00	0.079
457.141	0.05	Adapter 507Hz Probe 3839Hz	61	0.507	70.00	0.079
457.221	0.05	Adapter 507Hz Probe 3839Hz	61	0.507	70.00	0.079
457.301	0.05	Adapter 507Hz Probe 3839Hz	61	0.507	70.00	0.079
457.381	0.05	Adapter 507Hz Probe 3839Hz	61	3.839	70.00	0.437
460.065	0.05	Adapter 2423Hz	62	2.423	70.00	0.285
460.145	0.05	Adapter 2423Hz	62	2.423	70.00	0.285
460.225	0.05	Adapter 2423Hz	62	2.423	70.00	0.285
460.305	0.05	Adapter 2423Hz	62	2.423	70.00	0.285
460.565	0.05	Adapter 2423Hz	62	2.423	70.00	0.285
460.645	0.05	Adapter 2423Hz	62	2.423	70.00	0.285
460.725	0.05	Adapter 2423Hz	62	2.423	70.00	0.285
460.805	0.05	Adapter 2423Hz	62	2.423	70.00	0.285
461.065	0.05	Adapter 2423Hz	62	2.423	70.00	0.285
461.145	0.05	Adapter 2423Hz	62	2.423	70.00	0.285
461.225	0.05	Adapter 2423Hz	62	2.423	70.00	0.285
461.305	0.05	Adapter 2423Hz	62	2.423	70.00	0.285
461.565	0.05	Adapter 2423Hz	62	2.423	70.00	0.285
461.645	0.05	Adapter 2423Hz	62	2.423	70.00	0.285
461.725	0.05	Adapter 2423Hz	62	2.423	70.00	0.285
461.805	0.05	Adapter 2423Hz	62	2.423	70.00	0.285
462.065	0.05	Adapter 2423Hz	62	2.423	70.00	0.285
462.145	0.05	Adapter 2423Hz	62	2.423	70.00	0.285
462.225	0.05	Adapter 2423Hz	62	2.423	70.00	0.285
462.305	0.05	Adapter 2423Hz	62	2.423	70.00	0.285
462.565	0.05	Adapter 2423Hz	62	2.423	70.00	0.285
462.645	0.05	Adapter 2423Hz	62	2.423	70.00	0.285
462.725	0.05	Adapter 2423Hz	62	2.423	70.00	0.285
462.805	0.05	Adapter 2423Hz	62	2.423	70.00	0.285
463.065	0.05	Adapter 2423Hz	62	2.423	70.00	0.285
463.145	0.05	Adapter 2423Hz	62	2.423	70.00	0.285
463.225	0.05	Adapter 2423Hz	62	2.423	70.00	0.285
463.305	0.05	Adapter 2423Hz	62	2.423	70.00	0.285
463.565	0.05	Adapter 2423Hz	62	2.423	70.00	0.285
463.645	0.05	Adapter 2423Hz	62	2.423	70.00	0.285
463.725	0.05	Adapter 2423Hz	62	2.423	70.00	0.285
463.805	0.05	Adapter 2423Hz	62	2.423	70.00	0.285
464.065	0.05	Adapter 2423Hz	62	2.423	70.00	0.285
464.145	0.05	Adapter 2423Hz	62	2.423	70.00	0.285
464.225	0.05	Adapter 2423Hz	62	2.423	70.00	0.285
464.305	0.05	Adapter 2423Hz	62	2.423	70.00	0.285
464.565	0.05	Adapter 2423Hz	62	2.423	70.00	0.285
464.645	0.05	Adapter 2423Hz	62	2.423	70.00	0.285
464.725	0.05	Adapter 2423Hz	62	2.423	70.00	0.285
464.805	0.05	Adapter 2423Hz	62	2.423	70.00	0.285
467.522	0.05	Adapter 251Hz	63	0.251	70.00	0.052
467.602	0.05	Adapter 251Hz	63	0.251	70.00	0.052
467.682	0.05	Adapter 251Hz	63	0.251	70.00	0.052
467.762	0.05	Adapter 251Hz	63	0.251	70.00	0.052
468.022	0.05	Adapter 251Hz	63	0.251	70.00	0.052
468.102	0.05	Adapter 251Hz	63	0.251	70.00	0.052
468.182	0.05	Adapter 251Hz	63	0.251	70.00	0.052
468.262	0.05	Adapter 251Hz	63	0.251	70.00	0.052
468.522	0.05	Adapter 251Hz	63	0.251	70.00	0.052
468.602	0.05	Adapter 251Hz	63	0.251	70.00	0.052
468.682	0.05	Adapter 251Hz	63	0.251	70.00	0.052
468.762	0.05	Adapter 251Hz	63	0.251	70.00	0.052
469.022	0.05	Adapter 251Hz	63	0.251	70.00	0.052
469.102	0.05	Adapter 251Hz	63	0.251	70.00	0.052
469.182	0.05	Adapter 251Hz	63	0.251	70.00	0.052
469.262	0.05	Adapter 251Hz	63	0.251	70.00	0.052
469.522	0.05	Adapter 251Hz	63	0.251	70.00	0.052
469.602	0.05	Adapter 251Hz	63	0.251	70.00	0.052
469.682	0.05	Adapter 251Hz	63	0.251	70.00	0.052
469.762	0.05	Adapter 251Hz	63	0.251	70.00	0.052
470.022	0.05	Adapter 251Hz	63	0.251	70.00	0.052
470.102	0.05	Adapter 251Hz	63	0.251	70.00	0.052
470.182	0.05	Adapter 251Hz	63	0.251	70.00	0.052
470.262	0.05	Adapter 251Hz	63	0.251	70.00	0.052
470.522	0.05	Adapter 251Hz	63	0.251	70.00	0.052
470.602	0.05	Adapter 251Hz	63	0.251	70.00	0.052
470.682	0.05	Adapter 251Hz	63	0.251	70.00	0.052
470.762	0.05	Adapter 251Hz	63	0.251	70.00	0.052
471.022	0.05	Adapter 251Hz	63	0.251	70.00	0.052
471.102	0.05	Adapter 251Hz	63	0.251	70.00	0.052
471.182	0.05	Adapter 251Hz	63	0.251	70.00	0.052
471.262	0.05	Adapter 251Hz	63	0.251	70.00	0.052
471.522	0.05	Adapter 251Hz	63	0.251	70.00	0.052
471.602	0.05	Adapter 251Hz	63	0.251	70.00	0.052
471.682	0.05	Adapter 251Hz	63	0.251	70.00	0.052
471.762	0.05	Adapter 251Hz	63	0.251	70.00	0.052
472.022	0.05	Adapter 251Hz	63	0.251	70.00	0.052
472.102	0.05	Adapter 251Hz	63	0.251	70.00	0.052
472.182	0.05	Adapter 251Hz	63	0.251	70.00	0.052
472.262	0.05	Adapter 251Hz	63	0.251	70.00	0.052
