onset	duration	trial_type	scan	frequency_kHz	level_dB_SPL	bandwidth_kHz
2.5	0.05	Adapter 3839Hz Probe 3839Hz	1	3.839	70.00	0.437
2.58	0.05	Adapter 3839Hz Probe 3839Hz	1	3.839	70.00	0.437
2.66	0.05	Adapter 3839Hz Probe 3839Hz	1	3.839	70.00	0.437
2.74	0.05	Adapter 3839Hz Probe 3839Hz	1	3.839	70.00	0.437
2.82	0.05	Adapter 3839Hz Probe 3839Hz	1	3.839	70.00	0.437
3.0	0.05	Adapter 3839Hz Probe 3839Hz	1	3.839	70.00	0.437
3.08	0.05	Adapter 3839Hz Probe 3839Hz	1	3.839	70.00	0.437
3.16	0.05	Adapter 3839Hz Probe 3839Hz	1	3.839	70.00	0.437
3.24	0.05	Adapter 3839Hz Probe 3839Hz	1	3.839	70.00	0.437
3.32	0.05	Adapter 3839Hz Probe 3839Hz	1	3.839	70.00	0.437
3.5	0.05	Adapter 3839Hz Probe 3839Hz	1	3.839	70.00	0.437
3.58	0.05	Adapter 3839Hz Probe 3839Hz	1	3.839	70.00	0.437
3.66	0.05	Adapter 3839Hz Probe 3839Hz	1	3.839	70.00	0.437
3.74	0.05	Adapter 3839Hz Probe 3839Hz	1	3.839	70.00	0.437
3.82	0.05	Adapter 3839Hz Probe 3839Hz	1	3.839	70.00	0.437
4.0	0.05	Adapter 3839Hz Probe 3839Hz	1	3.839	70.00	0.437
4.08	0.05	Adapter 3839Hz Probe 3839Hz	1	3.839	70.00	0.437
4.16	0.05	Adapter 3839Hz Probe 3839Hz	1	3.839	70.00	0.437
4.24	0.05	Adapter 3839Hz Probe 3839Hz	1	3.839	70.00	0.437
4.32	0.05	Adapter 3839Hz Probe 3839Hz	1	3.839	70.00	0.437
4.5	0.05	Adapter 3839Hz Probe 3839Hz	1	3.839	70.00	0.437
4.58	0.05	Adapter 3839Hz Probe 3839Hz	1	3.839	70.00	0.437
4.66	0.05	Adapter 3839Hz Probe 3839Hz	1	3.839	70.00	0.437
4.74	0.05	Adapter 3839Hz Probe 3839Hz	1	3.839	70.00	0.437
4.82	0.05	Adapter 3839Hz Probe 3839Hz	1	3.839	70.00	0.437
5.0	0.05	Adapter 3839Hz Probe 3839Hz	1	3.839	70.00	0.437
5.08	0.05	Adapter 3839Hz Probe 3839Hz	1	3.839	70.00	0.437
5.16	0.05	Adapter 3839Hz Probe 3839Hz	1	3.839	70.00	0.437
5.24	0.05	Adapter 3839Hz Probe 3839Hz	1	3.839	70.00	0.437
5.32	0.05	Adapter 3839Hz Probe 3839Hz	1	3.839	70.00	0.437
5.5	0.05	Adapter 3839Hz Probe 3839Hz	1	3.839	70.00	0.437
5.58	0.05	Adapter 3839Hz Probe 3839Hz	1	3.839	70.00	0.437
5.66	0.05	Adapter 3839Hz Probe 3839Hz	1	3.839	70.00	0.437
5.74	0.05	Adapter 3839Hz Probe 3839Hz	1	3.839	70.00	0.437
5.82	0.05	Adapter 3839Hz Probe 3839Hz	1	3.839	70.00	0.437
6.0	0.05	Adapter 3839Hz Probe 3839Hz	1	3.839	70.00	0.437
6.08	0.05	Adapter 3839Hz Probe 3839Hz	1	3.839	70.00	0.437
6.16	0.05	Adapter 3839Hz Probe 3839Hz	1	3.839	70.00	0.437
6.24	0.05	Adapter 3839Hz Probe 3839Hz	1	3.839	70.00	0.437
6.32	0.05	Adapter 3839Hz Probe 3839Hz	1	3.839	70.00	0.437
6.5	0.05	Adapter 3839Hz Probe 3839Hz	1	3.839	70.00	0.437
6.58	0.05	Adapter 3839Hz Probe 3839Hz	1	3.839	70.00	0.437
6.66	0.05	Adapter 3839Hz Probe 3839Hz	1	3.839	70.00	0.437
6.74	0.05	Adapter 3839Hz Probe 3839Hz	1	3.839	70.00	0.437
6.82	0.05	Adapter 3839Hz Probe 3839Hz	1	3.839	70.00	0.437
7.0	0.05	Adapter 3839Hz Probe 3839Hz	1	3.839	70.00	0.437
7.08	0.05	Adapter 3839Hz Probe 3839Hz	1	3.839	70.00	0.437
7.16	0.05	Adapter 3839Hz Probe 3839Hz	1	3.839	70.00	0.437
7.24	0.05	Adapter 3839Hz Probe 3839Hz	1	3.839	70.00	0.437
7.32	0.05	Adapter 3839Hz Probe 3839Hz	1	3.839	70.00	0.437
10.004	0.05	Adapter 2423Hz	2	2.423	70.00	0.285
10.084	0.05	Adapter 2423Hz	2	2.423	70.00	0.285
10.164	0.05	Adapter 2423Hz	2	2.423	70.00	0.285
10.244	0.05	Adapter 2423Hz	2	2.423	70.00	0.285
10.504	0.05	Adapter 2423Hz	2	2.423	70.00	0.285
10.584	0.05	Adapter 2423Hz	2	2.423	70.00	0.285
10.664	0.05	Adapter 2423Hz	2	2.423	70.00	0.285
10.744	0.05	Adapter 2423Hz	2	2.423	70.00	0.285
11.004	0.05	Adapter 2423Hz	2	2.423	70.00	0.285
11.084	0.05	Adapter 2423Hz	2	2.423	70.00	0.285
11.164	0.05	Adapter 2423Hz	2	2.423	70.00	0.285
11.244	0.05	Adapter 2423Hz	2	2.423	70.00	0.285
11.504	0.05	Adapter 2423Hz	2	2.423	70.00	0.285
11.584	0.05	Adapter 2423Hz	2	2.423	70.00	0.285
11.664	0.05	Adapter 2423Hz	2	2.423	70.00	0.285
11.744	0.05	Adapter 2423Hz	2	2.423	70.00	0.285
12.004	0.05	Adapter 2423Hz	2	2.423	70.00	0.285
12.084	0.05	Adapter 2423Hz	2	2.423	70.00	0.285
12.164	0.05	Adapter 2423Hz	2	2.423	70.00	0.285
12.244	0.05	Adapter 2423Hz	2	2.423	70.00	0.285
12.504	0.05	Adapter 2423Hz	2	2.423	70.00	0.285
12.584	0.05	Adapter 2423Hz	2	2.423	70.00	0.285
12.664	0.05	Adapter 2423Hz	2	2.423	70.00	0.285
12.744	0.05	Adapter 2423Hz	2	2.423	70.00	0.285
13.004	0.05	Adapter 2423Hz	2	2.423	70.00	0.285
13.084	0.05	Adapter 2423Hz	2	2.423	70.00	0.285
13.164	0.05	Adapter 2423Hz	2	2.423	70.00	0.285
13.244	0.05	Adapter 2423Hz	2	2.423	70.00	0.285
13.504	0.05	Adapter 2423Hz	2	2.423	70.00	0.285
13.584	0.05	Adapter 2423Hz	2	2.423	70.00	0.285
13.664	0.05	Adapter 2423Hz	2	2.423	70.00	0.285
13.744	0.05	Adapter 2423Hz	2	2.423	70.00	0.285
14.004	0.05	Adapter 2423Hz	2	2.423	70.00	0.285
14.084	0.05	Adapter 2423Hz	2	2.423	70.00	0.285
14.164	0.05	Adapter 2423Hz	2	2.423	70.00	0.285
14.244	0.05	Adapter 2423Hz	2	2.423	70.00	0.285
14.504	0.05	Adapter 2423Hz	2	2.423	70.00	0.285
14.584	0.05	Adapter 2423Hz	2	2.423	70.00	0.285
14.664	0.05	Adapter 2423Hz	2	2.423	70.00	0.285
14.744	0.05	Adapter 2423Hz	2	2.423	70.00	0.285
17.476	0.05	Adapter 2423Hz Probe 3839Hz	3	2.423	70.00	0.285
17.556	0.05	Adapter 2423Hz Probe 3839Hz	3	2.423	70.00	0.285
17.636	0.05	Adapter 2423Hz Probe 3839Hz	3	2.423	70.00	0.285
17.716	0.05	Adapter 2423Hz Probe 3839Hz	3	2.423	70.00	0.285
17.796	0.05	Adapter 2423Hz Probe 3839Hz	3	3.839	70.00	0.437
17.976	0.05	Adapter 2423Hz Probe 3839Hz	3	2.423	70.00	0.285
18.056	0.05	Adapter 2423Hz Probe 3839Hz	3	2.423	70.00	0.285
18.136	0.05	Adapter 2423Hz Probe 3839Hz	3	2.423	70.00	0.285
18.216	0.05	Adapter 2423Hz Probe 3839Hz	3	2.423	70.00	0.285
18.296	0.05	Adapter 2423Hz Probe 3839Hz	3	3.839	70.00	0.437
18.476	0.05	Adapter 2423Hz Probe 3839Hz	3	2.423	70.00	0.285
18.556	0.05	Adapter 2423Hz Probe 3839Hz	3	2.423	70.00	0.285
18.636	0.05	Adapter 2423Hz Probe 3839Hz	3	2.423	70.00	0.285
18.716	0.05	Adapter 2423Hz Probe 3839Hz	3	2.423	70.00	0.285
18.796	0.05	Adapter 2423Hz Probe 3839Hz	3	3.839	70.00	0.437
18.976	0.05	Adapter 2423Hz Probe 3839Hz	3	2.423	70.00	0.285
19.056	0.05	Adapter 2423Hz Probe 3839Hz	3	2.423	70.00	0.285
19.136	0.05	Adapter 2423Hz Probe 3839Hz	3	2.423	70.00	0.285
19.216	0.05	Adapter 2423Hz Probe 3839Hz	3	2.423	70.00	0.285
19.296	0.05	Adapter 2423Hz Probe 3839Hz	3	3.839	70.00	0.437
19.476	0.05	Adapter 2423Hz Probe 3839Hz	3	2.423	70.00	0.285
19.556	0.05	Adapter 2423Hz Probe 3839Hz	3	2.423	70.00	0.285
19.636	0.05	Adapter 2423Hz Probe 3839Hz	3	2.423	70.00	0.285
19.716	0.05	Adapter 2423Hz Probe 3839Hz	3	2.423	70.00	0.285
19.796	0.05	Adapter 2423Hz Probe 3839Hz	3	3.839	70.00	0.437
19.976	0.05	Adapter 2423Hz Probe 3839Hz	3	2.423	70.00	0.285
20.056	0.05	Adapter 2423Hz Probe 3839Hz	3	2.423	70.00	0.285
20.136	0.05	Adapter 2423Hz Probe 3839Hz	3	2.423	70.00	0.285
20.216	0.05	Adapter 2423Hz Probe 3839Hz	3	2.423	70.00	0.285
20.296	0.05	Adapter 2423Hz Probe 3839Hz	3	3.839	70.00	0.437
20.476	0.05	Adapter 2423Hz Probe 3839Hz	3	2.423	70.00	0.285
20.556	0.05	Adapter 2423Hz Probe 3839Hz	3	2.423	70.00	0.285
20.636	0.05	Adapter 2423Hz Probe 3839Hz	3	2.423	70.00	0.285
20.716	0.05	Adapter 2423Hz Probe 3839Hz	3	2.423	70.00	0.285
20.796	0.05	Adapter 2423Hz Probe 3839Hz	3	3.839	70.00	0.437
20.976	0.05	Adapter 2423Hz Probe 3839Hz	3	2.423	70.00	0.285
21.056	0.05	Adapter 2423Hz Probe 3839Hz	3	2.423	70.00	0.285
21.136	0.05	Adapter 2423Hz Probe 3839Hz	3	2.423	70.00	0.285
21.216	0.05	Adapter 2423Hz Probe 3839Hz	3	2.423	70.00	0.285
21.296	0.05	Adapter 2423Hz Probe 3839Hz	3	3.839	70.00	0.437
21.476	0.05	Adapter 2423Hz Probe 3839Hz	3	2.423	70.00	0.285
21.556	0.05	Adapter 2423Hz Probe 3839Hz	3	2.423	70.00	0.285
21.636	0.05	Adapter 2423Hz Probe 3839Hz	3	2.423	70.00	0.285
21.716	0.05	Adapter 2423Hz Probe 3839Hz	3	2.423	70.00	0.285
21.796	0.05	Adapter 2423Hz Probe 3839Hz	3	3.839	70.00	0.437
21.976	0.05	Adapter 2423Hz Probe 3839Hz	3	2.423	70.00	0.285
22.056	0.05	Adapter 2423Hz Probe 3839Hz	3	2.423	70.00	0.285
22.136	0.05	Adapter 2423Hz Probe 3839Hz	3	2.423	70.00	0.285
22.216	0.05	Adapter 2423Hz Probe 3839Hz	3	2.423	70.00	0.285
22.296	0.05	Adapter 2423Hz Probe 3839Hz	3	3.839	70.00	0.437
24.995	0.05	Adapter 1501Hz Probe 3839Hz	4	1.501	70.00	0.186
25.075	0.05	Adapter 1501Hz Probe 3839Hz	4	1.501	70.00	0.186
25.155	0.05	Adapter 1501Hz Probe 3839Hz	4	1.501	70.00	0.186
25.235	0.05	Adapter 1501Hz Probe 3839Hz	4	1.501	70.00	0.186
25.315	0.05	Adapter 1501Hz Probe 3839Hz	4	3.839	70.00	0.437
25.495	0.05	Adapter 1501Hz Probe 3839Hz	4	1.501	70.00	0.186
25.575	0.05	Adapter 1501Hz Probe 3839Hz	4	1.501	70.00	0.186
25.655	0.05	Adapter 1501Hz Probe 3839Hz	4	1.501	70.00	0.186
25.735	0.05	Adapter 1501Hz Probe 3839Hz	4	1.501	70.00	0.186
25.815	0.05	Adapter 1501Hz Probe 3839Hz	4	3.839	70.00	0.437
25.995	0.05	Adapter 1501Hz Probe 3839Hz	4	1.501	70.00	0.186
26.075	0.05	Adapter 1501Hz Probe 3839Hz	4	1.501	70.00	0.186
26.155	0.05	Adapter 1501Hz Probe 3839Hz	4	1.501	70.00	0.186
26.235	0.05	Adapter 1501Hz Probe 3839Hz	4	1.501	70.00	0.186
26.315	0.05	Adapter 1501Hz Probe 3839Hz	4	3.839	70.00	0.437
26.495	0.05	Adapter 1501Hz Probe 3839Hz	4	1.501	70.00	0.186
26.575	0.05	Adapter 1501Hz Probe 3839Hz	4	1.501	70.00	0.186
26.655	0.05	Adapter 1501Hz Probe 3839Hz	4	1.501	70.00	0.186
26.735	0.05	Adapter 1501Hz Probe 3839Hz	4	1.501	70.00	0.186
26.815	0.05	Adapter 1501Hz Probe 3839Hz	4	3.839	70.00	0.437
26.995	0.05	Adapter 1501Hz Probe 3839Hz	4	1.501	70.00	0.186
27.075	0.05	Adapter 1501Hz Probe 3839Hz	4	1.501	70.00	0.186
27.155	0.05	Adapter 1501Hz Probe 3839Hz	4	1.501	70.00	0.186
27.235	0.05	Adapter 1501Hz Probe 3839Hz	4	1.501	70.00	0.186
27.315	0.05	Adapter 1501Hz Probe 3839Hz	4	3.839	70.00	0.437
27.495	0.05	Adapter 1501Hz Probe 3839Hz	4	1.501	70.00	0.186
27.575	0.05	Adapter 1501Hz Probe 3839Hz	4	1.501	70.00	0.186
27.655	0.05	Adapter 1501Hz Probe 3839Hz	4	1.501	70.00	0.186
27.735	0.05	Adapter 1501Hz Probe 3839Hz	4	1.501	70.00	0.186
27.815	0.05	Adapter 1501Hz Probe 3839Hz	4	3.839	70.00	0.437
27.995	0.05	Adapter 1501Hz Probe 3839Hz	4	1.501	70.00	0.186
28.075	0.05	Adapter 1501Hz Probe 3839Hz	4	1.501	70.00	0.186
28.155	0.05	Adapter 1501Hz Probe 3839Hz	4	1.501	70.00	0.186
28.235	0.05	Adapter 1501Hz Probe 3839Hz	4	1.501	70.00	0.186
28.315	0.05	Adapter 1501Hz Probe 3839Hz	4	3.839	70.00	0.437
28.495	0.05	Adapter 1501Hz Probe 3839Hz	4	1.501	70.00	0.186
28.575	0.05	Adapter 1501Hz Probe 3839Hz	4	1.501	70.00	0.186
28.655	0.05	Adapter 1501Hz Probe 3839Hz	4	1.501	70.00	0.186
28.735	0.05	Adapter 1501Hz Probe 3839Hz	4	1.501	70.00	0.186
28.815	0.05	Adapter 1501Hz Probe 3839Hz	4	3.839	70.00	0.437
28.995	0.05	Adapter 1501Hz Probe 3839Hz	4	1.501	70.00	0.186
29.075	0.05	Adapter 1501Hz Probe 3839Hz	4	1.501	70.00	0.186
29.155	0.05	Adapter 1501Hz Probe 3839Hz	4	1.501	70.00	0.186
29.235	0.05	Adapter 1501Hz Probe 3839Hz	4	1.501	70.00	0.186
29.315	0.05	Adapter 1501Hz Probe 3839Hz	4	3.839	70.00	0.437
29.495	0.05	Adapter 1501Hz Probe 3839Hz	4	1.501	70.00	0.186
29.575	0.05	Adapter 1501Hz Probe 3839Hz	4	1.501	70.00	0.186
29.655	0.05	Adapter 1501Hz Probe 3839Hz	4	1.501	70.00	0.186
29.735	0.05	Adapter 1501Hz Probe 3839Hz	4	1.501	70.00	0.186
29.815	0.05	Adapter 1501Hz Probe 3839Hz	4	3.839	70.00	0.437
32.483	0.05	Adapter 3839Hz	5	3.839	70.00	0.437
32.563	0.05	Adapter 3839Hz	5	3.839	70.00	0.437
32.643	0.05	Adapter 3839Hz	5	3.839	70.00	0.437
32.723	0.05	Adapter 3839Hz	5	3.839	70.00	0.437
32.983	0.05	Adapter 3839Hz	5	3.839	70.00	0.437
33.063	0.05	Adapter 3839Hz	5	3.839	70.00	0.437
33.143	0.05	Adapter 3839Hz	5	3.839	70.00	0.437
33.223	0.05	Adapter 3839Hz	5	3.839	70.00	0.437
33.483	0.05	Adapter 3839Hz	5	3.839	70.00	0.437
33.563	0.05	Adapter 3839Hz	5	3.839	70.00	0.437
33.643	0.05	Adapter 3839Hz	5	3.839	70.00	0.437
33.723	0.05	Adapter 3839Hz	5	3.839	70.00	0.437
33.983	0.05	Adapter 3839Hz	5	3.839	70.00	0.437
34.063	0.05	Adapter 3839Hz	5	3.839	70.00	0.437
34.143	0.05	Adapter 3839Hz	5	3.839	70.00	0.437
34.223	0.05	Adapter 3839Hz	5	3.839	70.00	0.437
34.483	0.05	Adapter 3839Hz	5	3.839	70.00	0.437
34.563	0.05	Adapter 3839Hz	5	3.839	70.00	0.437
34.643	0.05	Adapter 3839Hz	5	3.839	70.00	0.437
34.723	0.05	Adapter 3839Hz	5	3.839	70.00	0.437
34.983	0.05	Adapter 3839Hz	5	3.839	70.00	0.437
35.063	0.05	Adapter 3839Hz	5	3.839	70.00	0.437
35.143	0.05	Adapter 3839Hz	5	3.839	70.00	0.437
35.223	0.05	Adapter 3839Hz	5	3.839	70.00	0.437
35.483	0.05	Adapter 3839Hz	5	3.839	70.00	0.437
35.563	0.05	Adapter 3839Hz	5	3.839	70.00	0.437
35.643	0.05	Adapter 3839Hz	5	3.839	70.00	0.437
35.723	0.05	Adapter 3839Hz	5	3.839	70.00	0.437
35.983	0.05	Adapter 3839Hz	5	3.839	70.00	0.437
36.063	0.05	Adapter 3839Hz	5	3.839	70.00	0.437
36.143	0.05	Adapter 3839Hz	5	3.839	70.00	0.437
36.223	0.05	Adapter 3839Hz	5	3.839	70.00	0.437
36.483	0.05	Adapter 3839Hz	5	3.839	70.00	0.437
36.563	0.05	Adapter 3839Hz	5	3.839	70.00	0.437
36.643	0.05	Adapter 3839Hz	5	3.839	70.00	0.437
36.723	0.05	Adapter 3839Hz	5	3.839	70.00	0.437
36.983	0.05	Adapter 3839Hz	5	3.839	70.00	0.437
37.063	0.05	Adapter 3839Hz	5	3.839	70.00	0.437
37.143	0.05	Adapter 3839Hz	5	3.839	70.00	0.437
37.223	0.05	Adapter 3839Hz	5	3.839	70.00	0.437
40.018	0.05	Adapter 899Hz	6	0.899	70.00	0.121
40.098	0.05	Adapter 899Hz	6	0.899	70.00	0.121
40.178	0.05	Adapter 899Hz	6	0.899	70.00	0.121
40.258	0.05	Adapter 899Hz	6	0.899	70.00	0.121
40.518	0.05	Adapter 899Hz	6	0.899	70.00	0.121
40.598	0.05	Adapter 899Hz	6	0.899	70.00	0.121
40.678	0.05	Adapter 899Hz	6	0.899	70.00	0.121
40.758	0.05	Adapter 899Hz	6	0.899	70.00	0.121
41.018	0.05	Adapter 899Hz	6	0.899	70.00	0.121
41.098	0.05	Adapter 899Hz	6	0.899	70.00	0.121
41.178	0.05	Adapter 899Hz	6	0.899	70.00	0.121
41.258	0.05	Adapter 899Hz	6	0.899	70.00	0.121
41.518	0.05	Adapter 899Hz	6	0.899	70.00	0.121
41.598	0.05	Adapter 899Hz	6	0.899	70.00	0.121
41.678	0.05	Adapter 899Hz	6	0.899	70.00	0.121
41.758	0.05	Adapter 899Hz	6	0.899	70.00	0.121
42.018	0.05	Adapter 899Hz	6	0.899	70.00	0.121
42.098	0.05	Adapter 899Hz	6	0.899	70.00	0.121
42.178	0.05	Adapter 899Hz	6	0.899	70.00	0.121
42.258	0.05	Adapter 899Hz	6	0.899	70.00	0.121
42.518	0.05	Adapter 899Hz	6	0.899	70.00	0.121
42.598	0.05	Adapter 899Hz	6	0.899	70.00	0.121
42.678	0.05	Adapter 899Hz	6	0.899	70.00	0.121
42.758	0.05	Adapter 899Hz	6	0.899	70.00	0.121
43.018	0.05	Adapter 899Hz	6	0.899	70.00	0.121
43.098	0.05	Adapter 899Hz	6	0.899	70.00	0.121
43.178	0.05	Adapter 899Hz	6	0.899	70.00	0.121
43.258	0.05	Adapter 899Hz	6	0.899	70.00	0.121
43.518	0.05	Adapter 899Hz	6	0.899	70.00	0.121
43.598	0.05	Adapter 899Hz	6	0.899	70.00	0.121
43.678	0.05	Adapter 899Hz	6	0.899	70.00	0.121
43.758	0.05	Adapter 899Hz	6	0.899	70.00	0.121
44.018	0.05	Adapter 899Hz	6	0.899	70.00	0.121
44.098	0.05	Adapter 899Hz	6	0.899	70.00	0.121
44.178	0.05	Adapter 899Hz	6	0.899	70.00	0.121
44.258	0.05	Adapter 899Hz	6	0.899	70.00	0.121
44.518	0.05	Adapter 899Hz	6	0.899	70.00	0.121
44.598	0.05	Adapter 899Hz	6	0.899	70.00	0.121
44.678	0.05	Adapter 899Hz	6	0.899	70.00	0.121
44.758	0.05	Adapter 899Hz	6	0.899	70.00	0.121
55.01	0.05	Adapter 507Hz	8	0.507	70.00	0.079
55.09	0.05	Adapter 507Hz	8	0.507	70.00	0.079
55.17	0.05	Adapter 507Hz	8	0.507	70.00	0.079
55.25	0.05	Adapter 507Hz	8	0.507	70.00	0.079
55.51	0.05	Adapter 507Hz	8	0.507	70.00	0.079
55.59	0.05	Adapter 507Hz	8	0.507	70.00	0.079
55.67	0.05	Adapter 507Hz	8	0.507	70.00	0.079
55.75	0.05	Adapter 507Hz	8	0.507	70.00	0.079
56.01	0.05	Adapter 507Hz	8	0.507	70.00	0.079
56.09	0.05	Adapter 507Hz	8	0.507	70.00	0.079
56.17	0.05	Adapter 507Hz	8	0.507	70.00	0.079
56.25	0.05	Adapter 507Hz	8	0.507	70.00	0.079
56.51	0.05	Adapter 507Hz	8	0.507	70.00	0.079
56.59	0.05	Adapter 507Hz	8	0.507	70.00	0.079
56.67	0.05	Adapter 507Hz	8	0.507	70.00	0.079
56.75	0.05	Adapter 507Hz	8	0.507	70.00	0.079
57.01	0.05	Adapter 507Hz	8	0.507	70.00	0.079
57.09	0.05	Adapter 507Hz	8	0.507	70.00	0.079
57.17	0.05	Adapter 507Hz	8	0.507	70.00	0.079
57.25	0.05	Adapter 507Hz	8	0.507	70.00	0.079
57.51	0.05	Adapter 507Hz	8	0.507	70.00	0.079
57.59	0.05	Adapter 507Hz	8	0.507	70.00	0.079
57.67	0.05	Adapter 507Hz	8	0.507	70.00	0.079
57.75	0.05	Adapter 507Hz	8	0.507	70.00	0.079
58.01	0.05	Adapter 507Hz	8	0.507	70.00	0.079
58.09	0.05	Adapter 507Hz	8	0.507	70.00	0.079
58.17	0.05	Adapter 507Hz	8	0.507	70.00	0.079
58.25	0.05	Adapter 507Hz	8	0.507	70.00	0.079
58.51	0.05	Adapter 507Hz	8	0.507	70.00	0.079
58.59	0.05	Adapter 507Hz	8	0.507	70.00	0.079
58.67	0.05	Adapter 507Hz	8	0.507	70.00	0.079
58.75	0.05	Adapter 507Hz	8	0.507	70.00	0.079
59.01	0.05	Adapter 507Hz	8	0.507	70.00	0.079
59.09	0.05	Adapter 507Hz	8	0.507	70.00	0.079
59.17	0.05	Adapter 507Hz	8	0.507	70.00	0.079
59.25	0.05	Adapter 507Hz	8	0.507	70.00	0.079
59.51	0.05	Adapter 507Hz	8	0.507	70.00	0.079
59.59	0.05	Adapter 507Hz	8	0.507	70.00	0.079
59.67	0.05	Adapter 507Hz	8	0.507	70.00	0.079
59.75	0.05	Adapter 507Hz	8	0.507	70.00	0.079
70.321	0.05	Probe 3839Hz	10	3.839	70.00	0.437
70.821	0.05	Probe 3839Hz	10	3.839	70.00	0.437
71.321	0.05	Probe 3839Hz	10	3.839	70.00	0.437
71.821	0.05	Probe 3839Hz	10	3.839	70.00	0.437
72.321	0.05	Probe 3839Hz	10	3.839	70.00	0.437
72.821	0.05	Probe 3839Hz	10	3.839	70.00	0.437
73.321	0.05	Probe 3839Hz	10	3.839	70.00	0.437
73.821	0.05	Probe 3839Hz	10	3.839	70.00	0.437
74.321	0.05	Probe 3839Hz	10	3.839	70.00	0.437
74.821	0.05	Probe 3839Hz	10	3.839	70.00	0.437
85.024	0.05	Adapter 251Hz	12	0.251	70.00	0.052
85.104	0.05	Adapter 251Hz	12	0.251	70.00	0.052
85.184	0.05	Adapter 251Hz	12	0.251	70.00	0.052
85.264	0.05	Adapter 251Hz	12	0.251	70.00	0.052
85.524	0.05	Adapter 251Hz	12	0.251	70.00	0.052
85.604	0.05	Adapter 251Hz	12	0.251	70.00	0.052
85.684	0.05	Adapter 251Hz	12	0.251	70.00	0.052
85.764	0.05	Adapter 251Hz	12	0.251	70.00	0.052
86.024	0.05	Adapter 251Hz	12	0.251	70.00	0.052
86.104	0.05	Adapter 251Hz	12	0.251	70.00	0.052
86.184	0.05	Adapter 251Hz	12	0.251	70.00	0.052
86.264	0.05	Adapter 251Hz	12	0.251	70.00	0.052
86.524	0.05	Adapter 251Hz	12	0.251	70.00	0.052
86.604	0.05	Adapter 251Hz	12	0.251	70.00	0.052
86.684	0.05	Adapter 251Hz	12	0.251	70.00	0.052
86.764	0.05	Adapter 251Hz	12	0.251	70.00	0.052
87.024	0.05	Adapter 251Hz	12	0.251	70.00	0.052
87.104	0.05	Adapter 251Hz	12	0.251	70.00	0.052
87.184	0.05	Adapter 251Hz	12	0.251	70.00	0.052
87.264	0.05	Adapter 251Hz	12	0.251	70.00	0.052
87.524	0.05	Adapter 251Hz	12	0.251	70.00	0.052
87.604	0.05	Adapter 251Hz	12	0.251	70.00	0.052
87.684	0.05	Adapter 251Hz	12	0.251	70.00	0.052
87.764	0.05	Adapter 251Hz	12	0.251	70.00	0.052
88.024	0.05	Adapter 251Hz	12	0.251	70.00	0.052
88.104	0.05	Adapter 251Hz	12	0.251	70.00	0.052
88.184	0.05	Adapter 251Hz	12	0.251	70.00	0.052
88.264	0.05	Adapter 251Hz	12	0.251	70.00	0.052
88.524	0.05	Adapter 251Hz	12	0.251	70.00	0.052
88.604	0.05	Adapter 251Hz	12	0.251	70.00	0.052
88.684	0.05	Adapter 251Hz	12	0.251	70.00	0.052
88.764	0.05	Adapter 251Hz	12	0.251	70.00	0.052
89.024	0.05	Adapter 251Hz	12	0.251	70.00	0.052
89.104	0.05	Adapter 251Hz	12	0.251	70.00	0.052
89.184	0.05	Adapter 251Hz	12	0.251	70.00	0.052
89.264	0.05	Adapter 251Hz	12	0.251	70.00	0.052
89.524	0.05	Adapter 251Hz	12	0.251	70.00	0.052
89.604	0.05	Adapter 251Hz	12	0.251	70.00	0.052
89.684	0.05	Adapter 251Hz	12	0.251	70.00	0.052
89.764	0.05	Adapter 251Hz	12	0.251	70.00	0.052
92.512	0.05	Adapter 507Hz Probe 3839Hz	13	0.507	70.00	0.079
92.592	0.05	Adapter 507Hz Probe 3839Hz	13	0.507	70.00	0.079
92.672	0.05	Adapter 507Hz Probe 3839Hz	13	0.507	70.00	0.079
92.752	0.05	Adapter 507Hz Probe 3839Hz	13	0.507	70.00	0.079
92.832	0.05	Adapter 507Hz Probe 3839Hz	13	3.839	70.00	0.437
93.012	0.05	Adapter 507Hz Probe 3839Hz	13	0.507	70.00	0.079
93.092	0.05	Adapter 507Hz Probe 3839Hz	13	0.507	70.00	0.079
93.172	0.05	Adapter 507Hz Probe 3839Hz	13	0.507	70.00	0.079
93.252	0.05	Adapter 507Hz Probe 3839Hz	13	0.507	70.00	0.079
93.332	0.05	Adapter 507Hz Probe 3839Hz	13	3.839	70.00	0.437
93.512	0.05	Adapter 507Hz Probe 3839Hz	13	0.507	70.00	0.079
93.592	0.05	Adapter 507Hz Probe 3839Hz	13	0.507	70.00	0.079
93.672	0.05	Adapter 507Hz Probe 3839Hz	13	0.507	70.00	0.079
93.752	0.05	Adapter 507Hz Probe 3839Hz	13	0.507	70.00	0.079
93.832	0.05	Adapter 507Hz Probe 3839Hz	13	3.839	70.00	0.437
94.012	0.05	Adapter 507Hz Probe 3839Hz	13	0.507	70.00	0.079
94.092	0.05	Adapter 507Hz Probe 3839Hz	13	0.507	70.00	0.079
94.172	0.05	Adapter 507Hz Probe 3839Hz	13	0.507	70.00	0.079
94.252	0.05	Adapter 507Hz Probe 3839Hz	13	0.507	70.00	0.079
94.332	0.05	Adapter 507Hz Probe 3839Hz	13	3.839	70.00	0.437
94.512	0.05	Adapter 507Hz Probe 3839Hz	13	0.507	70.00	0.079
94.592	0.05	Adapter 507Hz Probe 3839Hz	13	0.507	70.00	0.079
94.672	0.05	Adapter 507Hz Probe 3839Hz	13	0.507	70.00	0.079
94.752	0.05	Adapter 507Hz Probe 3839Hz	13	0.507	70.00	0.079
94.832	0.05	Adapter 507Hz Probe 3839Hz	13	3.839	70.00	0.437
95.012	0.05	Adapter 507Hz Probe 3839Hz	13	0.507	70.00	0.079
95.092	0.05	Adapter 507Hz Probe 3839Hz	13	0.507	70.00	0.079
95.172	0.05	Adapter 507Hz Probe 3839Hz	13	0.507	70.00	0.079
95.252	0.05	Adapter 507Hz Probe 3839Hz	13	0.507	70.00	0.079
95.332	0.05	Adapter 507Hz Probe 3839Hz	13	3.839	70.00	0.437
95.512	0.05	Adapter 507Hz Probe 3839Hz	13	0.507	70.00	0.079
95.592	0.05	Adapter 507Hz Probe 3839Hz	13	0.507	70.00	0.079
95.672	0.05	Adapter 507Hz Probe 3839Hz	13	0.507	70.00	0.079
95.752	0.05	Adapter 507Hz Probe 3839Hz	13	0.507	70.00	0.079
95.832	0.05	Adapter 507Hz Probe 3839Hz	13	3.839	70.00	0.437
96.012	0.05	Adapter 507Hz Probe 3839Hz	13	0.507	70.00	0.079
96.092	0.05	Adapter 507Hz Probe 3839Hz	13	0.507	70.00	0.079
96.172	0.05	Adapter 507Hz Probe 3839Hz	13	0.507	70.00	0.079
96.252	0.05	Adapter 507Hz Probe 3839Hz	13	0.507	70.00	0.079
96.332	0.05	Adapter 507Hz Probe 3839Hz	13	3.839	70.00	0.437
96.512	0.05	Adapter 507Hz Probe 3839Hz	13	0.507	70.00	0.079
96.592	0.05	Adapter 507Hz Probe 3839Hz	13	0.507	70.00	0.079
96.672	0.05	Adapter 507Hz Probe 3839Hz	13	0.507	70.00	0.079
96.752	0.05	Adapter 507Hz Probe 3839Hz	13	0.507	70.00	0.079
96.832	0.05	Adapter 507Hz Probe 3839Hz	13	3.839	70.00	0.437
97.012	0.05	Adapter 507Hz Probe 3839Hz	13	0.507	70.00	0.079
97.092	0.05	Adapter 507Hz Probe 3839Hz	13	0.507	70.00	0.079
97.172	0.05	Adapter 507Hz Probe 3839Hz	13	0.507	70.00	0.079
97.252	0.05	Adapter 507Hz Probe 3839Hz	13	0.507	70.00	0.079
97.332	0.05	Adapter 507Hz Probe 3839Hz	13	3.839	70.00	0.437
100.031	0.05	Adapter 6009Hz	14	6.009	70.00	0.671
100.111	0.05	Adapter 6009Hz	14	6.009	70.00	0.671
100.191	0.05	Adapter 6009Hz	14	6.009	70.00	0.671
100.271	0.05	Adapter 6009Hz	14	6.009	70.00	0.671
100.531	0.05	Adapter 6009Hz	14	6.009	70.00	0.671
100.611	0.05	Adapter 6009Hz	14	6.009	70.00	0.671
100.691	0.05	Adapter 6009Hz	14	6.009	70.00	0.671
100.771	0.05	Adapter 6009Hz	14	6.009	70.00	0.671
101.031	0.05	Adapter 6009Hz	14	6.009	70.00	0.671
101.111	0.05	Adapter 6009Hz	14	6.009	70.00	0.671
101.191	0.05	Adapter 6009Hz	14	6.009	70.00	0.671
101.271	0.05	Adapter 6009Hz	14	6.009	70.00	0.671
101.531	0.05	Adapter 6009Hz	14	6.009	70.00	0.671
101.611	0.05	Adapter 6009Hz	14	6.009	70.00	0.671
101.691	0.05	Adapter 6009Hz	14	6.009	70.00	0.671
101.771	0.05	Adapter 6009Hz	14	6.009	70.00	0.671
102.031	0.05	Adapter 6009Hz	14	6.009	70.00	0.671
102.111	0.05	Adapter 6009Hz	14	6.009	70.00	0.671
102.191	0.05	Adapter 6009Hz	14	6.009	70.00	0.671
102.271	0.05	Adapter 6009Hz	14	6.009	70.00	0.671
102.531	0.05	Adapter 6009Hz	14	6.009	70.00	0.671
102.611	0.05	Adapter 6009Hz	14	6.009	70.00	0.671
102.691	0.05	Adapter 6009Hz	14	6.009	70.00	0.671
102.771	0.05	Adapter 6009Hz	14	6.009	70.00	0.671
103.031	0.05	Adapter 6009Hz	14	6.009	70.00	0.671
103.111	0.05	Adapter 6009Hz	14	6.009	70.00	0.671
103.191	0.05	Adapter 6009Hz	14	6.009	70.00	0.671
103.271	0.05	Adapter 6009Hz	14	6.009	70.00	0.671
103.531	0.05	Adapter 6009Hz	14	6.009	70.00	0.671
103.611	0.05	Adapter 6009Hz	14	6.009	70.00	0.671
103.691	0.05	Adapter 6009Hz	14	6.009	70.00	0.671
103.771	0.05	Adapter 6009Hz	14	6.009	70.00	0.671
104.031	0.05	Adapter 6009Hz	14	6.009	70.00	0.671
104.111	0.05	Adapter 6009Hz	14	6.009	70.00	0.671
104.191	0.05	Adapter 6009Hz	14	6.009	70.00	0.671
104.271	0.05	Adapter 6009Hz	14	6.009	70.00	0.671
104.531	0.05	Adapter 6009Hz	14	6.009	70.00	0.671
104.611	0.05	Adapter 6009Hz	14	6.009	70.00	0.671
104.691	0.05	Adapter 6009Hz	14	6.009	70.00	0.671
104.771	0.05	Adapter 6009Hz	14	6.009	70.00	0.671
107.473	0.05	Adapter 1501Hz	15	1.501	70.00	0.186
107.553	0.05	Adapter 1501Hz	15	1.501	70.00	0.186
107.633	0.05	Adapter 1501Hz	15	1.501	70.00	0.186
107.713	0.05	Adapter 1501Hz	15	1.501	70.00	0.186
107.973	0.05	Adapter 1501Hz	15	1.501	70.00	0.186
108.053	0.05	Adapter 1501Hz	15	1.501	70.00	0.186
108.133	0.05	Adapter 1501Hz	15	1.501	70.00	0.186
108.213	0.05	Adapter 1501Hz	15	1.501	70.00	0.186
108.473	0.05	Adapter 1501Hz	15	1.501	70.00	0.186
108.553	0.05	Adapter 1501Hz	15	1.501	70.00	0.186
108.633	0.05	Adapter 1501Hz	15	1.501	70.00	0.186
108.713	0.05	Adapter 1501Hz	15	1.501	70.00	0.186
108.973	0.05	Adapter 1501Hz	15	1.501	70.00	0.186
109.053	0.05	Adapter 1501Hz	15	1.501	70.00	0.186
109.133	0.05	Adapter 1501Hz	15	1.501	70.00	0.186
109.213	0.05	Adapter 1501Hz	15	1.501	70.00	0.186
109.473	0.05	Adapter 1501Hz	15	1.501	70.00	0.186
109.553	0.05	Adapter 1501Hz	15	1.501	70.00	0.186
109.633	0.05	Adapter 1501Hz	15	1.501	70.00	0.186
109.713	0.05	Adapter 1501Hz	15	1.501	70.00	0.186
109.973	0.05	Adapter 1501Hz	15	1.501	70.00	0.186
110.053	0.05	Adapter 1501Hz	15	1.501	70.00	0.186
110.133	0.05	Adapter 1501Hz	15	1.501	70.00	0.186
110.213	0.05	Adapter 1501Hz	15	1.501	70.00	0.186
110.473	0.05	Adapter 1501Hz	15	1.501	70.00	0.186
110.553	0.05	Adapter 1501Hz	15	1.501	70.00	0.186
110.633	0.05	Adapter 1501Hz	15	1.501	70.00	0.186
110.713	0.05	Adapter 1501Hz	15	1.501	70.00	0.186
110.973	0.05	Adapter 1501Hz	15	1.501	70.00	0.186
111.053	0.05	Adapter 1501Hz	15	1.501	70.00	0.186
111.133	0.05	Adapter 1501Hz	15	1.501	70.00	0.186
111.213	0.05	Adapter 1501Hz	15	1.501	70.00	0.186
111.473	0.05	Adapter 1501Hz	15	1.501	70.00	0.186
111.553	0.05	Adapter 1501Hz	15	1.501	70.00	0.186
111.633	0.05	Adapter 1501Hz	15	1.501	70.00	0.186
111.713	0.05	Adapter 1501Hz	15	1.501	70.00	0.186
111.973	0.05	Adapter 1501Hz	15	1.501	70.00	0.186
112.053	0.05	Adapter 1501Hz	15	1.501	70.00	0.186
112.133	0.05	Adapter 1501Hz	15	1.501	70.00	0.186
112.213	0.05	Adapter 1501Hz	15	1.501	70.00	0.186
114.992	0.05	Adapter 899Hz Probe 3839Hz	16	0.899	70.00	0.121
115.072	0.05	Adapter 899Hz Probe 3839Hz	16	0.899	70.00	0.121
115.152	0.05	Adapter 899Hz Probe 3839Hz	16	0.899	70.00	0.121
115.232	0.05	Adapter 899Hz Probe 3839Hz	16	0.899	70.00	0.121
115.312	0.05	Adapter 899Hz Probe 3839Hz	16	3.839	70.00	0.437
115.492	0.05	Adapter 899Hz Probe 3839Hz	16	0.899	70.00	0.121
115.572	0.05	Adapter 899Hz Probe 3839Hz	16	0.899	70.00	0.121
115.652	0.05	Adapter 899Hz Probe 3839Hz	16	0.899	70.00	0.121
115.732	0.05	Adapter 899Hz Probe 3839Hz	16	0.899	70.00	0.121
115.812	0.05	Adapter 899Hz Probe 3839Hz	16	3.839	70.00	0.437
115.992	0.05	Adapter 899Hz Probe 3839Hz	16	0.899	70.00	0.121
116.072	0.05	Adapter 899Hz Probe 3839Hz	16	0.899	70.00	0.121
116.152	0.05	Adapter 899Hz Probe 3839Hz	16	0.899	70.00	0.121
116.232	0.05	Adapter 899Hz Probe 3839Hz	16	0.899	70.00	0.121
116.312	0.05	Adapter 899Hz Probe 3839Hz	16	3.839	70.00	0.437
116.492	0.05	Adapter 899Hz Probe 3839Hz	16	0.899	70.00	0.121
116.572	0.05	Adapter 899Hz Probe 3839Hz	16	0.899	70.00	0.121
116.652	0.05	Adapter 899Hz Probe 3839Hz	16	0.899	70.00	0.121
116.732	0.05	Adapter 899Hz Probe 3839Hz	16	0.899	70.00	0.121
116.812	0.05	Adapter 899Hz Probe 3839Hz	16	3.839	70.00	0.437
116.992	0.05	Adapter 899Hz Probe 3839Hz	16	0.899	70.00	0.121
117.072	0.05	Adapter 899Hz Probe 3839Hz	16	0.899	70.00	0.121
117.152	0.05	Adapter 899Hz Probe 3839Hz	16	0.899	70.00	0.121
117.232	0.05	Adapter 899Hz Probe 3839Hz	16	0.899	70.00	0.121
117.312	0.05	Adapter 899Hz Probe 3839Hz	16	3.839	70.00	0.437
117.492	0.05	Adapter 899Hz Probe 3839Hz	16	0.899	70.00	0.121
117.572	0.05	Adapter 899Hz Probe 3839Hz	16	0.899	70.00	0.121
117.652	0.05	Adapter 899Hz Probe 3839Hz	16	0.899	70.00	0.121
117.732	0.05	Adapter 899Hz Probe 3839Hz	16	0.899	70.00	0.121
117.812	0.05	Adapter 899Hz Probe 3839Hz	16	3.839	70.00	0.437
117.992	0.05	Adapter 899Hz Probe 3839Hz	16	0.899	70.00	0.121
118.072	0.05	Adapter 899Hz Probe 3839Hz	16	0.899	70.00	0.121
118.152	0.05	Adapter 899Hz Probe 3839Hz	16	0.899	70.00	0.121
118.232	0.05	Adapter 899Hz Probe 3839Hz	16	0.899	70.00	0.121
118.312	0.05	Adapter 899Hz Probe 3839Hz	16	3.839	70.00	0.437
118.492	0.05	Adapter 899Hz Probe 3839Hz	16	0.899	70.00	0.121
118.572	0.05	Adapter 899Hz Probe 3839Hz	16	0.899	70.00	0.121
118.652	0.05	Adapter 899Hz Probe 3839Hz	16	0.899	70.00	0.121
118.732	0.05	Adapter 899Hz Probe 3839Hz	16	0.899	70.00	0.121
118.812	0.05	Adapter 899Hz Probe 3839Hz	16	3.839	70.00	0.437
118.992	0.05	Adapter 899Hz Probe 3839Hz	16	0.899	70.00	0.121
119.072	0.05	Adapter 899Hz Probe 3839Hz	16	0.899	70.00	0.121
119.152	0.05	Adapter 899Hz Probe 3839Hz	16	0.899	70.00	0.121
119.232	0.05	Adapter 899Hz Probe 3839Hz	16	0.899	70.00	0.121
119.312	0.05	Adapter 899Hz Probe 3839Hz	16	3.839	70.00	0.437
119.492	0.05	Adapter 899Hz Probe 3839Hz	16	0.899	70.00	0.121
119.572	0.05	Adapter 899Hz Probe 3839Hz	16	0.899	70.00	0.121
119.652	0.05	Adapter 899Hz Probe 3839Hz	16	0.899	70.00	0.121
119.732	0.05	Adapter 899Hz Probe 3839Hz	16	0.899	70.00	0.121
119.812	0.05	Adapter 899Hz Probe 3839Hz	16	3.839	70.00	0.437
122.48	0.05	Adapter 2423Hz Probe 3839Hz	17	2.423	70.00	0.285
122.56	0.05	Adapter 2423Hz Probe 3839Hz	17	2.423	70.00	0.285
122.64	0.05	Adapter 2423Hz Probe 3839Hz	17	2.423	70.00	0.285
122.72	0.05	Adapter 2423Hz Probe 3839Hz	17	2.423	70.00	0.285
122.8	0.05	Adapter 2423Hz Probe 3839Hz	17	3.839	70.00	0.437
122.98	0.05	Adapter 2423Hz Probe 3839Hz	17	2.423	70.00	0.285
123.06	0.05	Adapter 2423Hz Probe 3839Hz	17	2.423	70.00	0.285
123.14	0.05	Adapter 2423Hz Probe 3839Hz	17	2.423	70.00	0.285
123.22	0.05	Adapter 2423Hz Probe 3839Hz	17	2.423	70.00	0.285
123.3	0.05	Adapter 2423Hz Probe 3839Hz	17	3.839	70.00	0.437
123.48	0.05	Adapter 2423Hz Probe 3839Hz	17	2.423	70.00	0.285
123.56	0.05	Adapter 2423Hz Probe 3839Hz	17	2.423	70.00	0.285
123.64	0.05	Adapter 2423Hz Probe 3839Hz	17	2.423	70.00	0.285
123.72	0.05	Adapter 2423Hz Probe 3839Hz	17	2.423	70.00	0.285
123.8	0.05	Adapter 2423Hz Probe 3839Hz	17	3.839	70.00	0.437
123.98	0.05	Adapter 2423Hz Probe 3839Hz	17	2.423	70.00	0.285
124.06	0.05	Adapter 2423Hz Probe 3839Hz	17	2.423	70.00	0.285
124.14	0.05	Adapter 2423Hz Probe 3839Hz	17	2.423	70.00	0.285
124.22	0.05	Adapter 2423Hz Probe 3839Hz	17	2.423	70.00	0.285
124.3	0.05	Adapter 2423Hz Probe 3839Hz	17	3.839	70.00	0.437
124.48	0.05	Adapter 2423Hz Probe 3839Hz	17	2.423	70.00	0.285
124.56	0.05	Adapter 2423Hz Probe 3839Hz	17	2.423	70.00	0.285
124.64	0.05	Adapter 2423Hz Probe 3839Hz	17	2.423	70.00	0.285
124.72	0.05	Adapter 2423Hz Probe 3839Hz	17	2.423	70.00	0.285
124.8	0.05	Adapter 2423Hz Probe 3839Hz	17	3.839	70.00	0.437
124.98	0.05	Adapter 2423Hz Probe 3839Hz	17	2.423	70.00	0.285
125.06	0.05	Adapter 2423Hz Probe 3839Hz	17	2.423	70.00	0.285
125.14	0.05	Adapter 2423Hz Probe 3839Hz	17	2.423	70.00	0.285
125.22	0.05	Adapter 2423Hz Probe 3839Hz	17	2.423	70.00	0.285
125.3	0.05	Adapter 2423Hz Probe 3839Hz	17	3.839	70.00	0.437
125.48	0.05	Adapter 2423Hz Probe 3839Hz	17	2.423	70.00	0.285
125.56	0.05	Adapter 2423Hz Probe 3839Hz	17	2.423	70.00	0.285
125.64	0.05	Adapter 2423Hz Probe 3839Hz	17	2.423	70.00	0.285
125.72	0.05	Adapter 2423Hz Probe 3839Hz	17	2.423	70.00	0.285
125.8	0.05	Adapter 2423Hz Probe 3839Hz	17	3.839	70.00	0.437
125.98	0.05	Adapter 2423Hz Probe 3839Hz	17	2.423	70.00	0.285
126.06	0.05	Adapter 2423Hz Probe 3839Hz	17	2.423	70.00	0.285
126.14	0.05	Adapter 2423Hz Probe 3839Hz	17	2.423	70.00	0.285
126.22	0.05	Adapter 2423Hz Probe 3839Hz	17	2.423	70.00	0.285
126.3	0.05	Adapter 2423Hz Probe 3839Hz	17	3.839	70.00	0.437
126.48	0.05	Adapter 2423Hz Probe 3839Hz	17	2.423	70.00	0.285
126.56	0.05	Adapter 2423Hz Probe 3839Hz	17	2.423	70.00	0.285
126.64	0.05	Adapter 2423Hz Probe 3839Hz	17	2.423	70.00	0.285
126.72	0.05	Adapter 2423Hz Probe 3839Hz	17	2.423	70.00	0.285
126.8	0.05	Adapter 2423Hz Probe 3839Hz	17	3.839	70.00	0.437
126.98	0.05	Adapter 2423Hz Probe 3839Hz	17	2.423	70.00	0.285
127.06	0.05	Adapter 2423Hz Probe 3839Hz	17	2.423	70.00	0.285
127.14	0.05	Adapter 2423Hz Probe 3839Hz	17	2.423	70.00	0.285
127.22	0.05	Adapter 2423Hz Probe 3839Hz	17	2.423	70.00	0.285
127.3	0.05	Adapter 2423Hz Probe 3839Hz	17	3.839	70.00	0.437
130.03	0.05	Adapter 507Hz	18	0.507	70.00	0.079
130.11	0.05	Adapter 507Hz	18	0.507	70.00	0.079
130.19	0.05	Adapter 507Hz	18	0.507	70.00	0.079
130.27	0.05	Adapter 507Hz	18	0.507	70.00	0.079
130.53	0.05	Adapter 507Hz	18	0.507	70.00	0.079
130.61	0.05	Adapter 507Hz	18	0.507	70.00	0.079
130.69	0.05	Adapter 507Hz	18	0.507	70.00	0.079
130.77	0.05	Adapter 507Hz	18	0.507	70.00	0.079
131.03	0.05	Adapter 507Hz	18	0.507	70.00	0.079
131.11	0.05	Adapter 507Hz	18	0.507	70.00	0.079
131.19	0.05	Adapter 507Hz	18	0.507	70.00	0.079
131.27	0.05	Adapter 507Hz	18	0.507	70.00	0.079
131.53	0.05	Adapter 507Hz	18	0.507	70.00	0.079
131.61	0.05	Adapter 507Hz	18	0.507	70.00	0.079
131.69	0.05	Adapter 507Hz	18	0.507	70.00	0.079
131.77	0.05	Adapter 507Hz	18	0.507	70.00	0.079
132.03	0.05	Adapter 507Hz	18	0.507	70.00	0.079
132.11	0.05	Adapter 507Hz	18	0.507	70.00	0.079
132.19	0.05	Adapter 507Hz	18	0.507	70.00	0.079
132.27	0.05	Adapter 507Hz	18	0.507	70.00	0.079
132.53	0.05	Adapter 507Hz	18	0.507	70.00	0.079
132.61	0.05	Adapter 507Hz	18	0.507	70.00	0.079
132.69	0.05	Adapter 507Hz	18	0.507	70.00	0.079
132.77	0.05	Adapter 507Hz	18	0.507	70.00	0.079
133.03	0.05	Adapter 507Hz	18	0.507	70.00	0.079
133.11	0.05	Adapter 507Hz	18	0.507	70.00	0.079
133.19	0.05	Adapter 507Hz	18	0.507	70.00	0.079
133.27	0.05	Adapter 507Hz	18	0.507	70.00	0.079
133.53	0.05	Adapter 507Hz	18	0.507	70.00	0.079
133.61	0.05	Adapter 507Hz	18	0.507	70.00	0.079
133.69	0.05	Adapter 507Hz	18	0.507	70.00	0.079
133.77	0.05	Adapter 507Hz	18	0.507	70.00	0.079
134.03	0.05	Adapter 507Hz	18	0.507	70.00	0.079
134.11	0.05	Adapter 507Hz	18	0.507	70.00	0.079
134.19	0.05	Adapter 507Hz	18	0.507	70.00	0.079
134.27	0.05	Adapter 507Hz	18	0.507	70.00	0.079
134.53	0.05	Adapter 507Hz	18	0.507	70.00	0.079
134.61	0.05	Adapter 507Hz	18	0.507	70.00	0.079
134.69	0.05	Adapter 507Hz	18	0.507	70.00	0.079
134.77	0.05	Adapter 507Hz	18	0.507	70.00	0.079
137.838	0.05	Probe 3839Hz	19	3.839	70.00	0.437
138.338	0.05	Probe 3839Hz	19	3.839	70.00	0.437
138.838	0.05	Probe 3839Hz	19	3.839	70.00	0.437
139.338	0.05	Probe 3839Hz	19	3.839	70.00	0.437
139.838	0.05	Probe 3839Hz	19	3.839	70.00	0.437
140.338	0.05	Probe 3839Hz	19	3.839	70.00	0.437
140.838	0.05	Probe 3839Hz	19	3.839	70.00	0.437
141.338	0.05	Probe 3839Hz	19	3.839	70.00	0.437
141.838	0.05	Probe 3839Hz	19	3.839	70.00	0.437
142.338	0.05	Probe 3839Hz	19	3.839	70.00	0.437
152.494	0.05	Adapter 2423Hz	21	2.423	70.00	0.285
152.574	0.05	Adapter 2423Hz	21	2.423	70.00	0.285
152.654	0.05	Adapter 2423Hz	21	2.423	70.00	0.285
152.734	0.05	Adapter 2423Hz	21	2.423	70.00	0.285
152.994	0.05	Adapter 2423Hz	21	2.423	70.00	0.285
153.074	0.05	Adapter 2423Hz	21	2.423	70.00	0.285
153.154	0.05	Adapter 2423Hz	21	2.423	70.00	0.285
153.234	0.05	Adapter 2423Hz	21	2.423	70.00	0.285
153.494	0.05	Adapter 2423Hz	21	2.423	70.00	0.285
153.574	0.05	Adapter 2423Hz	21	2.423	70.00	0.285
153.654	0.05	Adapter 2423Hz	21	2.423	70.00	0.285
153.734	0.05	Adapter 2423Hz	21	2.423	70.00	0.285
153.994	0.05	Adapter 2423Hz	21	2.423	70.00	0.285
154.074	0.05	Adapter 2423Hz	21	2.423	70.00	0.285
154.154	0.05	Adapter 2423Hz	21	2.423	70.00	0.285
154.234	0.05	Adapter 2423Hz	21	2.423	70.00	0.285
154.494	0.05	Adapter 2423Hz	21	2.423	70.00	0.285
154.574	0.05	Adapter 2423Hz	21	2.423	70.00	0.285
154.654	0.05	Adapter 2423Hz	21	2.423	70.00	0.285
154.734	0.05	Adapter 2423Hz	21	2.423	70.00	0.285
154.994	0.05	Adapter 2423Hz	21	2.423	70.00	0.285
155.074	0.05	Adapter 2423Hz	21	2.423	70.00	0.285
155.154	0.05	Adapter 2423Hz	21	2.423	70.00	0.285
155.234	0.05	Adapter 2423Hz	21	2.423	70.00	0.285
155.494	0.05	Adapter 2423Hz	21	2.423	70.00	0.285
155.574	0.05	Adapter 2423Hz	21	2.423	70.00	0.285
155.654	0.05	Adapter 2423Hz	21	2.423	70.00	0.285
155.734	0.05	Adapter 2423Hz	21	2.423	70.00	0.285
155.994	0.05	Adapter 2423Hz	21	2.423	70.00	0.285
156.074	0.05	Adapter 2423Hz	21	2.423	70.00	0.285
156.154	0.05	Adapter 2423Hz	21	2.423	70.00	0.285
156.234	0.05	Adapter 2423Hz	21	2.423	70.00	0.285
156.494	0.05	Adapter 2423Hz	21	2.423	70.00	0.285
156.574	0.05	Adapter 2423Hz	21	2.423	70.00	0.285
156.654	0.05	Adapter 2423Hz	21	2.423	70.00	0.285
156.734	0.05	Adapter 2423Hz	21	2.423	70.00	0.285
156.994	0.05	Adapter 2423Hz	21	2.423	70.00	0.285
157.074	0.05	Adapter 2423Hz	21	2.423	70.00	0.285
157.154	0.05	Adapter 2423Hz	21	2.423	70.00	0.285
157.234	0.05	Adapter 2423Hz	21	2.423	70.00	0.285
160.029	0.05	Adapter 3839Hz Probe 3839Hz	22	3.839	70.00	0.437
160.109	0.05	Adapter 3839Hz Probe 3839Hz	22	3.839	70.00	0.437
160.189	0.05	Adapter 3839Hz Probe 3839Hz	22	3.839	70.00	0.437
160.269	0.05	Adapter 3839Hz Probe 3839Hz	22	3.839	70.00	0.437
160.349	0.05	Adapter 3839Hz Probe 3839Hz	22	3.839	70.00	0.437
160.529	0.05	Adapter 3839Hz Probe 3839Hz	22	3.839	70.00	0.437
160.609	0.05	Adapter 3839Hz Probe 3839Hz	22	3.839	70.00	0.437
160.689	0.05	Adapter 3839Hz Probe 3839Hz	22	3.839	70.00	0.437
160.769	0.05	Adapter 3839Hz Probe 3839Hz	22	3.839	70.00	0.437
160.849	0.05	Adapter 3839Hz Probe 3839Hz	22	3.839	70.00	0.437
161.029	0.05	Adapter 3839Hz Probe 3839Hz	22	3.839	70.00	0.437
161.109	0.05	Adapter 3839Hz Probe 3839Hz	22	3.839	70.00	0.437
161.189	0.05	Adapter 3839Hz Probe 3839Hz	22	3.839	70.00	0.437
161.269	0.05	Adapter 3839Hz Probe 3839Hz	22	3.839	70.00	0.437
161.349	0.05	Adapter 3839Hz Probe 3839Hz	22	3.839	70.00	0.437
161.529	0.05	Adapter 3839Hz Probe 3839Hz	22	3.839	70.00	0.437
161.609	0.05	Adapter 3839Hz Probe 3839Hz	22	3.839	70.00	0.437
161.689	0.05	Adapter 3839Hz Probe 3839Hz	22	3.839	70.00	0.437
161.769	0.05	Adapter 3839Hz Probe 3839Hz	22	3.839	70.00	0.437
161.849	0.05	Adapter 3839Hz Probe 3839Hz	22	3.839	70.00	0.437
162.029	0.05	Adapter 3839Hz Probe 3839Hz	22	3.839	70.00	0.437
162.109	0.05	Adapter 3839Hz Probe 3839Hz	22	3.839	70.00	0.437
162.189	0.05	Adapter 3839Hz Probe 3839Hz	22	3.839	70.00	0.437
162.269	0.05	Adapter 3839Hz Probe 3839Hz	22	3.839	70.00	0.437
162.349	0.05	Adapter 3839Hz Probe 3839Hz	22	3.839	70.00	0.437
162.529	0.05	Adapter 3839Hz Probe 3839Hz	22	3.839	70.00	0.437
162.609	0.05	Adapter 3839Hz Probe 3839Hz	22	3.839	70.00	0.437
162.689	0.05	Adapter 3839Hz Probe 3839Hz	22	3.839	70.00	0.437
162.769	0.05	Adapter 3839Hz Probe 3839Hz	22	3.839	70.00	0.437
162.849	0.05	Adapter 3839Hz Probe 3839Hz	22	3.839	70.00	0.437
163.029	0.05	Adapter 3839Hz Probe 3839Hz	22	3.839	70.00	0.437
163.109	0.05	Adapter 3839Hz Probe 3839Hz	22	3.839	70.00	0.437
163.189	0.05	Adapter 3839Hz Probe 3839Hz	22	3.839	70.00	0.437
163.269	0.05	Adapter 3839Hz Probe 3839Hz	22	3.839	70.00	0.437
163.349	0.05	Adapter 3839Hz Probe 3839Hz	22	3.839	70.00	0.437
163.529	0.05	Adapter 3839Hz Probe 3839Hz	22	3.839	70.00	0.437
163.609	0.05	Adapter 3839Hz Probe 3839Hz	22	3.839	70.00	0.437
163.689	0.05	Adapter 3839Hz Probe 3839Hz	22	3.839	70.00	0.437
163.769	0.05	Adapter 3839Hz Probe 3839Hz	22	3.839	70.00	0.437
163.849	0.05	Adapter 3839Hz Probe 3839Hz	22	3.839	70.00	0.437
164.029	0.05	Adapter 3839Hz Probe 3839Hz	22	3.839	70.00	0.437
164.109	0.05	Adapter 3839Hz Probe 3839Hz	22	3.839	70.00	0.437
164.189	0.05	Adapter 3839Hz Probe 3839Hz	22	3.839	70.00	0.437
164.269	0.05	Adapter 3839Hz Probe 3839Hz	22	3.839	70.00	0.437
164.349	0.05	Adapter 3839Hz Probe 3839Hz	22	3.839	70.00	0.437
164.529	0.05	Adapter 3839Hz Probe 3839Hz	22	3.839	70.00	0.437
164.609	0.05	Adapter 3839Hz Probe 3839Hz	22	3.839	70.00	0.437
164.689	0.05	Adapter 3839Hz Probe 3839Hz	22	3.839	70.00	0.437
164.769	0.05	Adapter 3839Hz Probe 3839Hz	22	3.839	70.00	0.437
164.849	0.05	Adapter 3839Hz Probe 3839Hz	22	3.839	70.00	0.437
167.533	0.05	Adapter 899Hz Probe 3839Hz	23	0.899	70.00	0.121
167.613	0.05	Adapter 899Hz Probe 3839Hz	23	0.899	70.00	0.121
167.693	0.05	Adapter 899Hz Probe 3839Hz	23	0.899	70.00	0.121
167.773	0.05	Adapter 899Hz Probe 3839Hz	23	0.899	70.00	0.121
167.853	0.05	Adapter 899Hz Probe 3839Hz	23	3.839	70.00	0.437
168.033	0.05	Adapter 899Hz Probe 3839Hz	23	0.899	70.00	0.121
168.113	0.05	Adapter 899Hz Probe 3839Hz	23	0.899	70.00	0.121
168.193	0.05	Adapter 899Hz Probe 3839Hz	23	0.899	70.00	0.121
168.273	0.05	Adapter 899Hz Probe 3839Hz	23	0.899	70.00	0.121
168.353	0.05	Adapter 899Hz Probe 3839Hz	23	3.839	70.00	0.437
168.533	0.05	Adapter 899Hz Probe 3839Hz	23	0.899	70.00	0.121
168.613	0.05	Adapter 899Hz Probe 3839Hz	23	0.899	70.00	0.121
168.693	0.05	Adapter 899Hz Probe 3839Hz	23	0.899	70.00	0.121
168.773	0.05	Adapter 899Hz Probe 3839Hz	23	0.899	70.00	0.121
168.853	0.05	Adapter 899Hz Probe 3839Hz	23	3.839	70.00	0.437
169.033	0.05	Adapter 899Hz Probe 3839Hz	23	0.899	70.00	0.121
169.113	0.05	Adapter 899Hz Probe 3839Hz	23	0.899	70.00	0.121
169.193	0.05	Adapter 899Hz Probe 3839Hz	23	0.899	70.00	0.121
169.273	0.05	Adapter 899Hz Probe 3839Hz	23	0.899	70.00	0.121
169.353	0.05	Adapter 899Hz Probe 3839Hz	23	3.839	70.00	0.437
169.533	0.05	Adapter 899Hz Probe 3839Hz	23	0.899	70.00	0.121
169.613	0.05	Adapter 899Hz Probe 3839Hz	23	0.899	70.00	0.121
169.693	0.05	Adapter 899Hz Probe 3839Hz	23	0.899	70.00	0.121
169.773	0.05	Adapter 899Hz Probe 3839Hz	23	0.899	70.00	0.121
169.853	0.05	Adapter 899Hz Probe 3839Hz	23	3.839	70.00	0.437
170.033	0.05	Adapter 899Hz Probe 3839Hz	23	0.899	70.00	0.121
170.113	0.05	Adapter 899Hz Probe 3839Hz	23	0.899	70.00	0.121
170.193	0.05	Adapter 899Hz Probe 3839Hz	23	0.899	70.00	0.121
170.273	0.05	Adapter 899Hz Probe 3839Hz	23	0.899	70.00	0.121
170.353	0.05	Adapter 899Hz Probe 3839Hz	23	3.839	70.00	0.437
170.533	0.05	Adapter 899Hz Probe 3839Hz	23	0.899	70.00	0.121
170.613	0.05	Adapter 899Hz Probe 3839Hz	23	0.899	70.00	0.121
170.693	0.05	Adapter 899Hz Probe 3839Hz	23	0.899	70.00	0.121
170.773	0.05	Adapter 899Hz Probe 3839Hz	23	0.899	70.00	0.121
170.853	0.05	Adapter 899Hz Probe 3839Hz	23	3.839	70.00	0.437
171.033	0.05	Adapter 899Hz Probe 3839Hz	23	0.899	70.00	0.121
171.113	0.05	Adapter 899Hz Probe 3839Hz	23	0.899	70.00	0.121
171.193	0.05	Adapter 899Hz Probe 3839Hz	23	0.899	70.00	0.121
171.273	0.05	Adapter 899Hz Probe 3839Hz	23	0.899	70.00	0.121
171.353	0.05	Adapter 899Hz Probe 3839Hz	23	3.839	70.00	0.437
171.533	0.05	Adapter 899Hz Probe 3839Hz	23	0.899	70.00	0.121
171.613	0.05	Adapter 899Hz Probe 3839Hz	23	0.899	70.00	0.121
171.693	0.05	Adapter 899Hz Probe 3839Hz	23	0.899	70.00	0.121
171.773	0.05	Adapter 899Hz Probe 3839Hz	23	0.899	70.00	0.121
171.853	0.05	Adapter 899Hz Probe 3839Hz	23	3.839	70.00	0.437
172.033	0.05	Adapter 899Hz Probe 3839Hz	23	0.899	70.00	0.121
172.113	0.05	Adapter 899Hz Probe 3839Hz	23	0.899	70.00	0.121
172.193	0.05	Adapter 899Hz Probe 3839Hz	23	0.899	70.00	0.121
172.273	0.05	Adapter 899Hz Probe 3839Hz	23	0.899	70.00	0.121
172.353	0.05	Adapter 899Hz Probe 3839Hz	23	3.839	70.00	0.437
175.005	0.05	Adapter 899Hz	24	0.899	70.00	0.121
175.085	0.05	Adapter 899Hz	24	0.899	70.00	0.121
175.165	0.05	Adapter 899Hz	24	0.899	70.00	0.121
175.245	0.05	Adapter 899Hz	24	0.899	70.00	0.121
175.505	0.05	Adapter 899Hz	24	0.899	70.00	0.121
175.585	0.05	Adapter 899Hz	24	0.899	70.00	0.121
175.665	0.05	Adapter 899Hz	24	0.899	70.00	0.121
175.745	0.05	Adapter 899Hz	24	0.899	70.00	0.121
176.005	0.05	Adapter 899Hz	24	0.899	70.00	0.121
176.085	0.05	Adapter 899Hz	24	0.899	70.00	0.121
176.165	0.05	Adapter 899Hz	24	0.899	70.00	0.121
176.245	0.05	Adapter 899Hz	24	0.899	70.00	0.121
176.505	0.05	Adapter 899Hz	24	0.899	70.00	0.121
176.585	0.05	Adapter 899Hz	24	0.899	70.00	0.121
176.665	0.05	Adapter 899Hz	24	0.899	70.00	0.121
176.745	0.05	Adapter 899Hz	24	0.899	70.00	0.121
177.005	0.05	Adapter 899Hz	24	0.899	70.00	0.121
177.085	0.05	Adapter 899Hz	24	0.899	70.00	0.121
177.165	0.05	Adapter 899Hz	24	0.899	70.00	0.121
177.245	0.05	Adapter 899Hz	24	0.899	70.00	0.121
177.505	0.05	Adapter 899Hz	24	0.899	70.00	0.121
177.585	0.05	Adapter 899Hz	24	0.899	70.00	0.121
177.665	0.05	Adapter 899Hz	24	0.899	70.00	0.121
177.745	0.05	Adapter 899Hz	24	0.899	70.00	0.121
178.005	0.05	Adapter 899Hz	24	0.899	70.00	0.121
178.085	0.05	Adapter 899Hz	24	0.899	70.00	0.121
178.165	0.05	Adapter 899Hz	24	0.899	70.00	0.121
178.245	0.05	Adapter 899Hz	24	0.899	70.00	0.121
178.505	0.05	Adapter 899Hz	24	0.899	70.00	0.121
178.585	0.05	Adapter 899Hz	24	0.899	70.00	0.121
178.665	0.05	Adapter 899Hz	24	0.899	70.00	0.121
178.745	0.05	Adapter 899Hz	24	0.899	70.00	0.121
179.005	0.05	Adapter 899Hz	24	0.899	70.00	0.121
179.085	0.05	Adapter 899Hz	24	0.899	70.00	0.121
179.165	0.05	Adapter 899Hz	24	0.899	70.00	0.121
179.245	0.05	Adapter 899Hz	24	0.899	70.00	0.121
179.505	0.05	Adapter 899Hz	24	0.899	70.00	0.121
179.585	0.05	Adapter 899Hz	24	0.899	70.00	0.121
179.665	0.05	Adapter 899Hz	24	0.899	70.00	0.121
179.745	0.05	Adapter 899Hz	24	0.899	70.00	0.121
182.524	0.05	Adapter 6009Hz	25	6.009	70.00	0.671
182.604	0.05	Adapter 6009Hz	25	6.009	70.00	0.671
182.684	0.05	Adapter 6009Hz	25	6.009	70.00	0.671
182.764	0.05	Adapter 6009Hz	25	6.009	70.00	0.671
183.024	0.05	Adapter 6009Hz	25	6.009	70.00	0.671
183.104	0.05	Adapter 6009Hz	25	6.009	70.00	0.671
183.184	0.05	Adapter 6009Hz	25	6.009	70.00	0.671
183.264	0.05	Adapter 6009Hz	25	6.009	70.00	0.671
183.524	0.05	Adapter 6009Hz	25	6.009	70.00	0.671
183.604	0.05	Adapter 6009Hz	25	6.009	70.00	0.671
183.684	0.05	Adapter 6009Hz	25	6.009	70.00	0.671
183.764	0.05	Adapter 6009Hz	25	6.009	70.00	0.671
184.024	0.05	Adapter 6009Hz	25	6.009	70.00	0.671
184.104	0.05	Adapter 6009Hz	25	6.009	70.00	0.671
184.184	0.05	Adapter 6009Hz	25	6.009	70.00	0.671
184.264	0.05	Adapter 6009Hz	25	6.009	70.00	0.671
184.524	0.05	Adapter 6009Hz	25	6.009	70.00	0.671
184.604	0.05	Adapter 6009Hz	25	6.009	70.00	0.671
184.684	0.05	Adapter 6009Hz	25	6.009	70.00	0.671
184.764	0.05	Adapter 6009Hz	25	6.009	70.00	0.671
185.024	0.05	Adapter 6009Hz	25	6.009	70.00	0.671
185.104	0.05	Adapter 6009Hz	25	6.009	70.00	0.671
185.184	0.05	Adapter 6009Hz	25	6.009	70.00	0.671
185.264	0.05	Adapter 6009Hz	25	6.009	70.00	0.671
185.524	0.05	Adapter 6009Hz	25	6.009	70.00	0.671
185.604	0.05	Adapter 6009Hz	25	6.009	70.00	0.671
185.684	0.05	Adapter 6009Hz	25	6.009	70.00	0.671
185.764	0.05	Adapter 6009Hz	25	6.009	70.00	0.671
186.024	0.05	Adapter 6009Hz	25	6.009	70.00	0.671
186.104	0.05	Adapter 6009Hz	25	6.009	70.00	0.671
186.184	0.05	Adapter 6009Hz	25	6.009	70.00	0.671
186.264	0.05	Adapter 6009Hz	25	6.009	70.00	0.671
186.524	0.05	Adapter 6009Hz	25	6.009	70.00	0.671
186.604	0.05	Adapter 6009Hz	25	6.009	70.00	0.671
186.684	0.05	Adapter 6009Hz	25	6.009	70.00	0.671
186.764	0.05	Adapter 6009Hz	25	6.009	70.00	0.671
187.024	0.05	Adapter 6009Hz	25	6.009	70.00	0.671
187.104	0.05	Adapter 6009Hz	25	6.009	70.00	0.671
187.184	0.05	Adapter 6009Hz	25	6.009	70.00	0.671
187.264	0.05	Adapter 6009Hz	25	6.009	70.00	0.671
189.981	0.05	Adapter 507Hz Probe 3839Hz	26	0.507	70.00	0.079
190.061	0.05	Adapter 507Hz Probe 3839Hz	26	0.507	70.00	0.079
190.141	0.05	Adapter 507Hz Probe 3839Hz	26	0.507	70.00	0.079
190.221	0.05	Adapter 507Hz Probe 3839Hz	26	0.507	70.00	0.079
190.301	0.05	Adapter 507Hz Probe 3839Hz	26	3.839	70.00	0.437
190.481	0.05	Adapter 507Hz Probe 3839Hz	26	0.507	70.00	0.079
190.561	0.05	Adapter 507Hz Probe 3839Hz	26	0.507	70.00	0.079
190.641	0.05	Adapter 507Hz Probe 3839Hz	26	0.507	70.00	0.079
190.721	0.05	Adapter 507Hz Probe 3839Hz	26	0.507	70.00	0.079
190.801	0.05	Adapter 507Hz Probe 3839Hz	26	3.839	70.00	0.437
190.981	0.05	Adapter 507Hz Probe 3839Hz	26	0.507	70.00	0.079
191.061	0.05	Adapter 507Hz Probe 3839Hz	26	0.507	70.00	0.079
191.141	0.05	Adapter 507Hz Probe 3839Hz	26	0.507	70.00	0.079
191.221	0.05	Adapter 507Hz Probe 3839Hz	26	0.507	70.00	0.079
191.301	0.05	Adapter 507Hz Probe 3839Hz	26	3.839	70.00	0.437
191.481	0.05	Adapter 507Hz Probe 3839Hz	26	0.507	70.00	0.079
191.561	0.05	Adapter 507Hz Probe 3839Hz	26	0.507	70.00	0.079
191.641	0.05	Adapter 507Hz Probe 3839Hz	26	0.507	70.00	0.079
191.721	0.05	Adapter 507Hz Probe 3839Hz	26	0.507	70.00	0.079
191.801	0.05	Adapter 507Hz Probe 3839Hz	26	3.839	70.00	0.437
191.981	0.05	Adapter 507Hz Probe 3839Hz	26	0.507	70.00	0.079
192.061	0.05	Adapter 507Hz Probe 3839Hz	26	0.507	70.00	0.079
192.141	0.05	Adapter 507Hz Probe 3839Hz	26	0.507	70.00	0.079
192.221	0.05	Adapter 507Hz Probe 3839Hz	26	0.507	70.00	0.079
192.301	0.05	Adapter 507Hz Probe 3839Hz	26	3.839	70.00	0.437
192.481	0.05	Adapter 507Hz Probe 3839Hz	26	0.507	70.00	0.079
192.561	0.05	Adapter 507Hz Probe 3839Hz	26	0.507	70.00	0.079
192.641	0.05	Adapter 507Hz Probe 3839Hz	26	0.507	70.00	0.079
192.721	0.05	Adapter 507Hz Probe 3839Hz	26	0.507	70.00	0.079
192.801	0.05	Adapter 507Hz Probe 3839Hz	26	3.839	70.00	0.437
192.981	0.05	Adapter 507Hz Probe 3839Hz	26	0.507	70.00	0.079
193.061	0.05	Adapter 507Hz Probe 3839Hz	26	0.507	70.00	0.079
193.141	0.05	Adapter 507Hz Probe 3839Hz	26	0.507	70.00	0.079
193.221	0.05	Adapter 507Hz Probe 3839Hz	26	0.507	70.00	0.079
193.301	0.05	Adapter 507Hz Probe 3839Hz	26	3.839	70.00	0.437
193.481	0.05	Adapter 507Hz Probe 3839Hz	26	0.507	70.00	0.079
193.561	0.05	Adapter 507Hz Probe 3839Hz	26	0.507	70.00	0.079
193.641	0.05	Adapter 507Hz Probe 3839Hz	26	0.507	70.00	0.079
193.721	0.05	Adapter 507Hz Probe 3839Hz	26	0.507	70.00	0.079
193.801	0.05	Adapter 507Hz Probe 3839Hz	26	3.839	70.00	0.437
193.981	0.05	Adapter 507Hz Probe 3839Hz	26	0.507	70.00	0.079
194.061	0.05	Adapter 507Hz Probe 3839Hz	26	0.507	70.00	0.079
194.141	0.05	Adapter 507Hz Probe 3839Hz	26	0.507	70.00	0.079
194.221	0.05	Adapter 507Hz Probe 3839Hz	26	0.507	70.00	0.079
194.301	0.05	Adapter 507Hz Probe 3839Hz	26	3.839	70.00	0.437
194.481	0.05	Adapter 507Hz Probe 3839Hz	26	0.507	70.00	0.079
194.561	0.05	Adapter 507Hz Probe 3839Hz	26	0.507	70.00	0.079
194.641	0.05	Adapter 507Hz Probe 3839Hz	26	0.507	70.00	0.079
194.721	0.05	Adapter 507Hz Probe 3839Hz	26	0.507	70.00	0.079
194.801	0.05	Adapter 507Hz Probe 3839Hz	26	3.839	70.00	0.437
197.5	0.05	Adapter 1501Hz Probe 3839Hz	27	1.501	70.00	0.186
197.58	0.05	Adapter 1501Hz Probe 3839Hz	27	1.501	70.00	0.186
197.66	0.05	Adapter 1501Hz Probe 3839Hz	27	1.501	70.00	0.186
197.74	0.05	Adapter 1501Hz Probe 3839Hz	27	1.501	70.00	0.186
197.82	0.05	Adapter 1501Hz Probe 3839Hz	27	3.839	70.00	0.437
198.0	0.05	Adapter 1501Hz Probe 3839Hz	27	1.501	70.00	0.186
198.08	0.05	Adapter 1501Hz Probe 3839Hz	27	1.501	70.00	0.186
198.16	0.05	Adapter 1501Hz Probe 3839Hz	27	1.501	70.00	0.186
198.24	0.05	Adapter 1501Hz Probe 3839Hz	27	1.501	70.00	0.186
198.32	0.05	Adapter 1501Hz Probe 3839Hz	27	3.839	70.00	0.437
198.5	0.05	Adapter 1501Hz Probe 3839Hz	27	1.501	70.00	0.186
198.58	0.05	Adapter 1501Hz Probe 3839Hz	27	1.501	70.00	0.186
198.66	0.05	Adapter 1501Hz Probe 3839Hz	27	1.501	70.00	0.186
198.74	0.05	Adapter 1501Hz Probe 3839Hz	27	1.501	70.00	0.186
198.82	0.05	Adapter 1501Hz Probe 3839Hz	27	3.839	70.00	0.437
199.0	0.05	Adapter 1501Hz Probe 3839Hz	27	1.501	70.00	0.186
199.08	0.05	Adapter 1501Hz Probe 3839Hz	27	1.501	70.00	0.186
199.16	0.05	Adapter 1501Hz Probe 3839Hz	27	1.501	70.00	0.186
199.24	0.05	Adapter 1501Hz Probe 3839Hz	27	1.501	70.00	0.186
199.32	0.05	Adapter 1501Hz Probe 3839Hz	27	3.839	70.00	0.437
199.5	0.05	Adapter 1501Hz Probe 3839Hz	27	1.501	70.00	0.186
199.58	0.05	Adapter 1501Hz Probe 3839Hz	27	1.501	70.00	0.186
199.66	0.05	Adapter 1501Hz Probe 3839Hz	27	1.501	70.00	0.186
199.74	0.05	Adapter 1501Hz Probe 3839Hz	27	1.501	70.00	0.186
199.82	0.05	Adapter 1501Hz Probe 3839Hz	27	3.839	70.00	0.437
200.0	0.05	Adapter 1501Hz Probe 3839Hz	27	1.501	70.00	0.186
200.08	0.05	Adapter 1501Hz Probe 3839Hz	27	1.501	70.00	0.186
200.16	0.05	Adapter 1501Hz Probe 3839Hz	27	1.501	70.00	0.186
200.24	0.05	Adapter 1501Hz Probe 3839Hz	27	1.501	70.00	0.186
200.32	0.05	Adapter 1501Hz Probe 3839Hz	27	3.839	70.00	0.437
200.5	0.05	Adapter 1501Hz Probe 3839Hz	27	1.501	70.00	0.186
200.58	0.05	Adapter 1501Hz Probe 3839Hz	27	1.501	70.00	0.186
200.66	0.05	Adapter 1501Hz Probe 3839Hz	27	1.501	70.00	0.186
200.74	0.05	Adapter 1501Hz Probe 3839Hz	27	1.501	70.00	0.186
200.82	0.05	Adapter 1501Hz Probe 3839Hz	27	3.839	70.00	0.437
201.0	0.05	Adapter 1501Hz Probe 3839Hz	27	1.501	70.00	0.186
201.08	0.05	Adapter 1501Hz Probe 3839Hz	27	1.501	70.00	0.186
201.16	0.05	Adapter 1501Hz Probe 3839Hz	27	1.501	70.00	0.186
201.24	0.05	Adapter 1501Hz Probe 3839Hz	27	1.501	70.00	0.186
201.32	0.05	Adapter 1501Hz Probe 3839Hz	27	3.839	70.00	0.437
201.5	0.05	Adapter 1501Hz Probe 3839Hz	27	1.501	70.00	0.186
201.58	0.05	Adapter 1501Hz Probe 3839Hz	27	1.501	70.00	0.186
201.66	0.05	Adapter 1501Hz Probe 3839Hz	27	1.501	70.00	0.186
201.74	0.05	Adapter 1501Hz Probe 3839Hz	27	1.501	70.00	0.186
201.82	0.05	Adapter 1501Hz Probe 3839Hz	27	3.839	70.00	0.437
202.0	0.05	Adapter 1501Hz Probe 3839Hz	27	1.501	70.00	0.186
202.08	0.05	Adapter 1501Hz Probe 3839Hz	27	1.501	70.00	0.186
202.16	0.05	Adapter 1501Hz Probe 3839Hz	27	1.501	70.00	0.186
202.24	0.05	Adapter 1501Hz Probe 3839Hz	27	1.501	70.00	0.186
202.32	0.05	Adapter 1501Hz Probe 3839Hz	27	3.839	70.00	0.437
204.988	0.05	Adapter 251Hz	28	0.251	70.00	0.052
205.068	0.05	Adapter 251Hz	28	0.251	70.00	0.052
205.148	0.05	Adapter 251Hz	28	0.251	70.00	0.052
205.228	0.05	Adapter 251Hz	28	0.251	70.00	0.052
205.488	0.05	Adapter 251Hz	28	0.251	70.00	0.052
205.568	0.05	Adapter 251Hz	28	0.251	70.00	0.052
205.648	0.05	Adapter 251Hz	28	0.251	70.00	0.052
205.728	0.05	Adapter 251Hz	28	0.251	70.00	0.052
205.988	0.05	Adapter 251Hz	28	0.251	70.00	0.052
206.068	0.05	Adapter 251Hz	28	0.251	70.00	0.052
206.148	0.05	Adapter 251Hz	28	0.251	70.00	0.052
206.228	0.05	Adapter 251Hz	28	0.251	70.00	0.052
206.488	0.05	Adapter 251Hz	28	0.251	70.00	0.052
206.568	0.05	Adapter 251Hz	28	0.251	70.00	0.052
206.648	0.05	Adapter 251Hz	28	0.251	70.00	0.052
206.728	0.05	Adapter 251Hz	28	0.251	70.00	0.052
206.988	0.05	Adapter 251Hz	28	0.251	70.00	0.052
207.068	0.05	Adapter 251Hz	28	0.251	70.00	0.052
207.148	0.05	Adapter 251Hz	28	0.251	70.00	0.052
207.228	0.05	Adapter 251Hz	28	0.251	70.00	0.052
207.488	0.05	Adapter 251Hz	28	0.251	70.00	0.052
207.568	0.05	Adapter 251Hz	28	0.251	70.00	0.052
207.648	0.05	Adapter 251Hz	28	0.251	70.00	0.052
207.728	0.05	Adapter 251Hz	28	0.251	70.00	0.052
207.988	0.05	Adapter 251Hz	28	0.251	70.00	0.052
208.068	0.05	Adapter 251Hz	28	0.251	70.00	0.052
208.148	0.05	Adapter 251Hz	28	0.251	70.00	0.052
208.228	0.05	Adapter 251Hz	28	0.251	70.00	0.052
208.488	0.05	Adapter 251Hz	28	0.251	70.00	0.052
208.568	0.05	Adapter 251Hz	28	0.251	70.00	0.052
208.648	0.05	Adapter 251Hz	28	0.251	70.00	0.052
208.728	0.05	Adapter 251Hz	28	0.251	70.00	0.052
208.988	0.05	Adapter 251Hz	28	0.251	70.00	0.052
209.068	0.05	Adapter 251Hz	28	0.251	70.00	0.052
209.148	0.05	Adapter 251Hz	28	0.251	70.00	0.052
209.228	0.05	Adapter 251Hz	28	0.251	70.00	0.052
209.488	0.05	Adapter 251Hz	28	0.251	70.00	0.052
209.568	0.05	Adapter 251Hz	28	0.251	70.00	0.052
209.648	0.05	Adapter 251Hz	28	0.251	70.00	0.052
209.728	0.05	Adapter 251Hz	28	0.251	70.00	0.052
212.476	0.05	Adapter 3839Hz	29	3.839	70.00	0.437
212.556	0.05	Adapter 3839Hz	29	3.839	70.00	0.437
212.636	0.05	Adapter 3839Hz	29	3.839	70.00	0.437
212.716	0.05	Adapter 3839Hz	29	3.839	70.00	0.437
212.976	0.05	Adapter 3839Hz	29	3.839	70.00	0.437
213.056	0.05	Adapter 3839Hz	29	3.839	70.00	0.437
213.136	0.05	Adapter 3839Hz	29	3.839	70.00	0.437
213.216	0.05	Adapter 3839Hz	29	3.839	70.00	0.437
213.476	0.05	Adapter 3839Hz	29	3.839	70.00	0.437
213.556	0.05	Adapter 3839Hz	29	3.839	70.00	0.437
213.636	0.05	Adapter 3839Hz	29	3.839	70.00	0.437
213.716	0.05	Adapter 3839Hz	29	3.839	70.00	0.437
213.976	0.05	Adapter 3839Hz	29	3.839	70.00	0.437
214.056	0.05	Adapter 3839Hz	29	3.839	70.00	0.437
214.136	0.05	Adapter 3839Hz	29	3.839	70.00	0.437
214.216	0.05	Adapter 3839Hz	29	3.839	70.00	0.437
214.476	0.05	Adapter 3839Hz	29	3.839	70.00	0.437
214.556	0.05	Adapter 3839Hz	29	3.839	70.00	0.437
214.636	0.05	Adapter 3839Hz	29	3.839	70.00	0.437
214.716	0.05	Adapter 3839Hz	29	3.839	70.00	0.437
214.976	0.05	Adapter 3839Hz	29	3.839	70.00	0.437
215.056	0.05	Adapter 3839Hz	29	3.839	70.00	0.437
215.136	0.05	Adapter 3839Hz	29	3.839	70.00	0.437
215.216	0.05	Adapter 3839Hz	29	3.839	70.00	0.437
215.476	0.05	Adapter 3839Hz	29	3.839	70.00	0.437
215.556	0.05	Adapter 3839Hz	29	3.839	70.00	0.437
215.636	0.05	Adapter 3839Hz	29	3.839	70.00	0.437
215.716	0.05	Adapter 3839Hz	29	3.839	70.00	0.437
215.976	0.05	Adapter 3839Hz	29	3.839	70.00	0.437
216.056	0.05	Adapter 3839Hz	29	3.839	70.00	0.437
216.136	0.05	Adapter 3839Hz	29	3.839	70.00	0.437
216.216	0.05	Adapter 3839Hz	29	3.839	70.00	0.437
216.476	0.05	Adapter 3839Hz	29	3.839	70.00	0.437
216.556	0.05	Adapter 3839Hz	29	3.839	70.00	0.437
216.636	0.05	Adapter 3839Hz	29	3.839	70.00	0.437
216.716	0.05	Adapter 3839Hz	29	3.839	70.00	0.437
216.976	0.05	Adapter 3839Hz	29	3.839	70.00	0.437
217.056	0.05	Adapter 3839Hz	29	3.839	70.00	0.437
217.136	0.05	Adapter 3839Hz	29	3.839	70.00	0.437
217.216	0.05	Adapter 3839Hz	29	3.839	70.00	0.437
220.011	0.05	Adapter 1501Hz	30	1.501	70.00	0.186
220.091	0.05	Adapter 1501Hz	30	1.501	70.00	0.186
220.171	0.05	Adapter 1501Hz	30	1.501	70.00	0.186
220.251	0.05	Adapter 1501Hz	30	1.501	70.00	0.186
220.511	0.05	Adapter 1501Hz	30	1.501	70.00	0.186
220.591	0.05	Adapter 1501Hz	30	1.501	70.00	0.186
220.671	0.05	Adapter 1501Hz	30	1.501	70.00	0.186
220.751	0.05	Adapter 1501Hz	30	1.501	70.00	0.186
221.011	0.05	Adapter 1501Hz	30	1.501	70.00	0.186
221.091	0.05	Adapter 1501Hz	30	1.501	70.00	0.186
221.171	0.05	Adapter 1501Hz	30	1.501	70.00	0.186
221.251	0.05	Adapter 1501Hz	30	1.501	70.00	0.186
221.511	0.05	Adapter 1501Hz	30	1.501	70.00	0.186
221.591	0.05	Adapter 1501Hz	30	1.501	70.00	0.186
221.671	0.05	Adapter 1501Hz	30	1.501	70.00	0.186
221.751	0.05	Adapter 1501Hz	30	1.501	70.00	0.186
222.011	0.05	Adapter 1501Hz	30	1.501	70.00	0.186
222.091	0.05	Adapter 1501Hz	30	1.501	70.00	0.186
222.171	0.05	Adapter 1501Hz	30	1.501	70.00	0.186
222.251	0.05	Adapter 1501Hz	30	1.501	70.00	0.186
222.511	0.05	Adapter 1501Hz	30	1.501	70.00	0.186
222.591	0.05	Adapter 1501Hz	30	1.501	70.00	0.186
222.671	0.05	Adapter 1501Hz	30	1.501	70.00	0.186
222.751	0.05	Adapter 1501Hz	30	1.501	70.00	0.186
223.011	0.05	Adapter 1501Hz	30	1.501	70.00	0.186
223.091	0.05	Adapter 1501Hz	30	1.501	70.00	0.186
223.171	0.05	Adapter 1501Hz	30	1.501	70.00	0.186
223.251	0.05	Adapter 1501Hz	30	1.501	70.00	0.186
223.511	0.05	Adapter 1501Hz	30	1.501	70.00	0.186
223.591	0.05	Adapter 1501Hz	30	1.501	70.00	0.186
223.671	0.05	Adapter 1501Hz	30	1.501	70.00	0.186
223.751	0.05	Adapter 1501Hz	30	1.501	70.00	0.186
224.011	0.05	Adapter 1501Hz	30	1.501	70.00	0.186
224.091	0.05	Adapter 1501Hz	30	1.501	70.00	0.186
224.171	0.05	Adapter 1501Hz	30	1.501	70.00	0.186
224.251	0.05	Adapter 1501Hz	30	1.501	70.00	0.186
224.511	0.05	Adapter 1501Hz	30	1.501	70.00	0.186
224.591	0.05	Adapter 1501Hz	30	1.501	70.00	0.186
224.671	0.05	Adapter 1501Hz	30	1.501	70.00	0.186
224.751	0.05	Adapter 1501Hz	30	1.501	70.00	0.186
242.811	0.05	Probe 3839Hz	33	3.839	70.00	0.437
243.311	0.05	Probe 3839Hz	33	3.839	70.00	0.437
243.811	0.05	Probe 3839Hz	33	3.839	70.00	0.437
244.311	0.05	Probe 3839Hz	33	3.839	70.00	0.437
244.811	0.05	Probe 3839Hz	33	3.839	70.00	0.437
245.311	0.05	Probe 3839Hz	33	3.839	70.00	0.437
245.811	0.05	Probe 3839Hz	33	3.839	70.00	0.437
246.311	0.05	Probe 3839Hz	33	3.839	70.00	0.437
246.811	0.05	Probe 3839Hz	33	3.839	70.00	0.437
247.311	0.05	Probe 3839Hz	33	3.839	70.00	0.437
250.01	0.05	Adapter 1501Hz Probe 3839Hz	34	1.501	70.00	0.186
250.09	0.05	Adapter 1501Hz Probe 3839Hz	34	1.501	70.00	0.186
250.17	0.05	Adapter 1501Hz Probe 3839Hz	34	1.501	70.00	0.186
250.25	0.05	Adapter 1501Hz Probe 3839Hz	34	1.501	70.00	0.186
250.33	0.05	Adapter 1501Hz Probe 3839Hz	34	3.839	70.00	0.437
250.51	0.05	Adapter 1501Hz Probe 3839Hz	34	1.501	70.00	0.186
250.59	0.05	Adapter 1501Hz Probe 3839Hz	34	1.501	70.00	0.186
250.67	0.05	Adapter 1501Hz Probe 3839Hz	34	1.501	70.00	0.186
250.75	0.05	Adapter 1501Hz Probe 3839Hz	34	1.501	70.00	0.186
250.83	0.05	Adapter 1501Hz Probe 3839Hz	34	3.839	70.00	0.437
251.01	0.05	Adapter 1501Hz Probe 3839Hz	34	1.501	70.00	0.186
251.09	0.05	Adapter 1501Hz Probe 3839Hz	34	1.501	70.00	0.186
251.17	0.05	Adapter 1501Hz Probe 3839Hz	34	1.501	70.00	0.186
251.25	0.05	Adapter 1501Hz Probe 3839Hz	34	1.501	70.00	0.186
251.33	0.05	Adapter 1501Hz Probe 3839Hz	34	3.839	70.00	0.437
251.51	0.05	Adapter 1501Hz Probe 3839Hz	34	1.501	70.00	0.186
251.59	0.05	Adapter 1501Hz Probe 3839Hz	34	1.501	70.00	0.186
251.67	0.05	Adapter 1501Hz Probe 3839Hz	34	1.501	70.00	0.186
251.75	0.05	Adapter 1501Hz Probe 3839Hz	34	1.501	70.00	0.186
251.83	0.05	Adapter 1501Hz Probe 3839Hz	34	3.839	70.00	0.437
252.01	0.05	Adapter 1501Hz Probe 3839Hz	34	1.501	70.00	0.186
252.09	0.05	Adapter 1501Hz Probe 3839Hz	34	1.501	70.00	0.186
252.17	0.05	Adapter 1501Hz Probe 3839Hz	34	1.501	70.00	0.186
252.25	0.05	Adapter 1501Hz Probe 3839Hz	34	1.501	70.00	0.186
252.33	0.05	Adapter 1501Hz Probe 3839Hz	34	3.839	70.00	0.437
252.51	0.05	Adapter 1501Hz Probe 3839Hz	34	1.501	70.00	0.186
252.59	0.05	Adapter 1501Hz Probe 3839Hz	34	1.501	70.00	0.186
252.67	0.05	Adapter 1501Hz Probe 3839Hz	34	1.501	70.00	0.186
252.75	0.05	Adapter 1501Hz Probe 3839Hz	34	1.501	70.00	0.186
252.83	0.05	Adapter 1501Hz Probe 3839Hz	34	3.839	70.00	0.437
253.01	0.05	Adapter 1501Hz Probe 3839Hz	34	1.501	70.00	0.186
253.09	0.05	Adapter 1501Hz Probe 3839Hz	34	1.501	70.00	0.186
253.17	0.05	Adapter 1501Hz Probe 3839Hz	34	1.501	70.00	0.186
253.25	0.05	Adapter 1501Hz Probe 3839Hz	34	1.501	70.00	0.186
253.33	0.05	Adapter 1501Hz Probe 3839Hz	34	3.839	70.00	0.437
253.51	0.05	Adapter 1501Hz Probe 3839Hz	34	1.501	70.00	0.186
253.59	0.05	Adapter 1501Hz Probe 3839Hz	34	1.501	70.00	0.186
253.67	0.05	Adapter 1501Hz Probe 3839Hz	34	1.501	70.00	0.186
253.75	0.05	Adapter 1501Hz Probe 3839Hz	34	1.501	70.00	0.186
253.83	0.05	Adapter 1501Hz Probe 3839Hz	34	3.839	70.00	0.437
254.01	0.05	Adapter 1501Hz Probe 3839Hz	34	1.501	70.00	0.186
254.09	0.05	Adapter 1501Hz Probe 3839Hz	34	1.501	70.00	0.186
254.17	0.05	Adapter 1501Hz Probe 3839Hz	34	1.501	70.00	0.186
254.25	0.05	Adapter 1501Hz Probe 3839Hz	34	1.501	70.00	0.186
254.33	0.05	Adapter 1501Hz Probe 3839Hz	34	3.839	70.00	0.437
254.51	0.05	Adapter 1501Hz Probe 3839Hz	34	1.501	70.00	0.186
254.59	0.05	Adapter 1501Hz Probe 3839Hz	34	1.501	70.00	0.186
254.67	0.05	Adapter 1501Hz Probe 3839Hz	34	1.501	70.00	0.186
254.75	0.05	Adapter 1501Hz Probe 3839Hz	34	1.501	70.00	0.186
254.83	0.05	Adapter 1501Hz Probe 3839Hz	34	3.839	70.00	0.437
257.498	0.05	Adapter 507Hz	35	0.507	70.00	0.079
257.578	0.05	Adapter 507Hz	35	0.507	70.00	0.079
257.658	0.05	Adapter 507Hz	35	0.507	70.00	0.079
257.738	0.05	Adapter 507Hz	35	0.507	70.00	0.079
257.998	0.05	Adapter 507Hz	35	0.507	70.00	0.079
258.078	0.05	Adapter 507Hz	35	0.507	70.00	0.079
258.158	0.05	Adapter 507Hz	35	0.507	70.00	0.079
258.238	0.05	Adapter 507Hz	35	0.507	70.00	0.079
258.498	0.05	Adapter 507Hz	35	0.507	70.00	0.079
258.578	0.05	Adapter 507Hz	35	0.507	70.00	0.079
258.658	0.05	Adapter 507Hz	35	0.507	70.00	0.079
258.738	0.05	Adapter 507Hz	35	0.507	70.00	0.079
258.998	0.05	Adapter 507Hz	35	0.507	70.00	0.079
259.078	0.05	Adapter 507Hz	35	0.507	70.00	0.079
259.158	0.05	Adapter 507Hz	35	0.507	70.00	0.079
259.238	0.05	Adapter 507Hz	35	0.507	70.00	0.079
259.498	0.05	Adapter 507Hz	35	0.507	70.00	0.079
259.578	0.05	Adapter 507Hz	35	0.507	70.00	0.079
259.658	0.05	Adapter 507Hz	35	0.507	70.00	0.079
259.738	0.05	Adapter 507Hz	35	0.507	70.00	0.079
259.998	0.05	Adapter 507Hz	35	0.507	70.00	0.079
260.078	0.05	Adapter 507Hz	35	0.507	70.00	0.079
260.158	0.05	Adapter 507Hz	35	0.507	70.00	0.079
260.238	0.05	Adapter 507Hz	35	0.507	70.00	0.079
260.498	0.05	Adapter 507Hz	35	0.507	70.00	0.079
260.578	0.05	Adapter 507Hz	35	0.507	70.00	0.079
260.658	0.05	Adapter 507Hz	35	0.507	70.00	0.079
260.738	0.05	Adapter 507Hz	35	0.507	70.00	0.079
260.998	0.05	Adapter 507Hz	35	0.507	70.00	0.079
261.078	0.05	Adapter 507Hz	35	0.507	70.00	0.079
261.158	0.05	Adapter 507Hz	35	0.507	70.00	0.079
261.238	0.05	Adapter 507Hz	35	0.507	70.00	0.079
261.498	0.05	Adapter 507Hz	35	0.507	70.00	0.079
261.578	0.05	Adapter 507Hz	35	0.507	70.00	0.079
261.658	0.05	Adapter 507Hz	35	0.507	70.00	0.079
261.738	0.05	Adapter 507Hz	35	0.507	70.00	0.079
261.998	0.05	Adapter 507Hz	35	0.507	70.00	0.079
262.078	0.05	Adapter 507Hz	35	0.507	70.00	0.079
262.158	0.05	Adapter 507Hz	35	0.507	70.00	0.079
262.238	0.05	Adapter 507Hz	35	0.507	70.00	0.079
272.49	0.05	Adapter 3839Hz Probe 3839Hz	37	3.839	70.00	0.437
272.57	0.05	Adapter 3839Hz Probe 3839Hz	37	3.839	70.00	0.437
272.65	0.05	Adapter 3839Hz Probe 3839Hz	37	3.839	70.00	0.437
272.73	0.05	Adapter 3839Hz Probe 3839Hz	37	3.839	70.00	0.437
272.81	0.05	Adapter 3839Hz Probe 3839Hz	37	3.839	70.00	0.437
272.99	0.05	Adapter 3839Hz Probe 3839Hz	37	3.839	70.00	0.437
273.07	0.05	Adapter 3839Hz Probe 3839Hz	37	3.839	70.00	0.437
273.15	0.05	Adapter 3839Hz Probe 3839Hz	37	3.839	70.00	0.437
273.23	0.05	Adapter 3839Hz Probe 3839Hz	37	3.839	70.00	0.437
273.31	0.05	Adapter 3839Hz Probe 3839Hz	37	3.839	70.00	0.437
273.49	0.05	Adapter 3839Hz Probe 3839Hz	37	3.839	70.00	0.437
273.57	0.05	Adapter 3839Hz Probe 3839Hz	37	3.839	70.00	0.437
273.65	0.05	Adapter 3839Hz Probe 3839Hz	37	3.839	70.00	0.437
273.73	0.05	Adapter 3839Hz Probe 3839Hz	37	3.839	70.00	0.437
273.81	0.05	Adapter 3839Hz Probe 3839Hz	37	3.839	70.00	0.437
273.99	0.05	Adapter 3839Hz Probe 3839Hz	37	3.839	70.00	0.437
274.07	0.05	Adapter 3839Hz Probe 3839Hz	37	3.839	70.00	0.437
274.15	0.05	Adapter 3839Hz Probe 3839Hz	37	3.839	70.00	0.437
274.23	0.05	Adapter 3839Hz Probe 3839Hz	37	3.839	70.00	0.437
274.31	0.05	Adapter 3839Hz Probe 3839Hz	37	3.839	70.00	0.437
274.49	0.05	Adapter 3839Hz Probe 3839Hz	37	3.839	70.00	0.437
274.57	0.05	Adapter 3839Hz Probe 3839Hz	37	3.839	70.00	0.437
274.65	0.05	Adapter 3839Hz Probe 3839Hz	37	3.839	70.00	0.437
274.73	0.05	Adapter 3839Hz Probe 3839Hz	37	3.839	70.00	0.437
274.81	0.05	Adapter 3839Hz Probe 3839Hz	37	3.839	70.00	0.437
274.99	0.05	Adapter 3839Hz Probe 3839Hz	37	3.839	70.00	0.437
275.07	0.05	Adapter 3839Hz Probe 3839Hz	37	3.839	70.00	0.437
275.15	0.05	Adapter 3839Hz Probe 3839Hz	37	3.839	70.00	0.437
275.23	0.05	Adapter 3839Hz Probe 3839Hz	37	3.839	70.00	0.437
275.31	0.05	Adapter 3839Hz Probe 3839Hz	37	3.839	70.00	0.437
275.49	0.05	Adapter 3839Hz Probe 3839Hz	37	3.839	70.00	0.437
275.57	0.05	Adapter 3839Hz Probe 3839Hz	37	3.839	70.00	0.437
275.65	0.05	Adapter 3839Hz Probe 3839Hz	37	3.839	70.00	0.437
275.73	0.05	Adapter 3839Hz Probe 3839Hz	37	3.839	70.00	0.437
275.81	0.05	Adapter 3839Hz Probe 3839Hz	37	3.839	70.00	0.437
275.99	0.05	Adapter 3839Hz Probe 3839Hz	37	3.839	70.00	0.437
276.07	0.05	Adapter 3839Hz Probe 3839Hz	37	3.839	70.00	0.437
276.15	0.05	Adapter 3839Hz Probe 3839Hz	37	3.839	70.00	0.437
276.23	0.05	Adapter 3839Hz Probe 3839Hz	37	3.839	70.00	0.437
276.31	0.05	Adapter 3839Hz Probe 3839Hz	37	3.839	70.00	0.437
276.49	0.05	Adapter 3839Hz Probe 3839Hz	37	3.839	70.00	0.437
276.57	0.05	Adapter 3839Hz Probe 3839Hz	37	3.839	70.00	0.437
276.65	0.05	Adapter 3839Hz Probe 3839Hz	37	3.839	70.00	0.437
276.73	0.05	Adapter 3839Hz Probe 3839Hz	37	3.839	70.00	0.437
276.81	0.05	Adapter 3839Hz Probe 3839Hz	37	3.839	70.00	0.437
276.99	0.05	Adapter 3839Hz Probe 3839Hz	37	3.839	70.00	0.437
277.07	0.05	Adapter 3839Hz Probe 3839Hz	37	3.839	70.00	0.437
277.15	0.05	Adapter 3839Hz Probe 3839Hz	37	3.839	70.00	0.437
277.23	0.05	Adapter 3839Hz Probe 3839Hz	37	3.839	70.00	0.437
277.31	0.05	Adapter 3839Hz Probe 3839Hz	37	3.839	70.00	0.437
280.009	0.05	Adapter 2423Hz Probe 3839Hz	38	2.423	70.00	0.285
280.089	0.05	Adapter 2423Hz Probe 3839Hz	38	2.423	70.00	0.285
280.169	0.05	Adapter 2423Hz Probe 3839Hz	38	2.423	70.00	0.285
280.249	0.05	Adapter 2423Hz Probe 3839Hz	38	2.423	70.00	0.285
280.329	0.05	Adapter 2423Hz Probe 3839Hz	38	3.839	70.00	0.437
280.509	0.05	Adapter 2423Hz Probe 3839Hz	38	2.423	70.00	0.285
280.589	0.05	Adapter 2423Hz Probe 3839Hz	38	2.423	70.00	0.285
280.669	0.05	Adapter 2423Hz Probe 3839Hz	38	2.423	70.00	0.285
280.749	0.05	Adapter 2423Hz Probe 3839Hz	38	2.423	70.00	0.285
280.829	0.05	Adapter 2423Hz Probe 3839Hz	38	3.839	70.00	0.437
281.009	0.05	Adapter 2423Hz Probe 3839Hz	38	2.423	70.00	0.285
281.089	0.05	Adapter 2423Hz Probe 3839Hz	38	2.423	70.00	0.285
281.169	0.05	Adapter 2423Hz Probe 3839Hz	38	2.423	70.00	0.285
281.249	0.05	Adapter 2423Hz Probe 3839Hz	38	2.423	70.00	0.285
281.329	0.05	Adapter 2423Hz Probe 3839Hz	38	3.839	70.00	0.437
281.509	0.05	Adapter 2423Hz Probe 3839Hz	38	2.423	70.00	0.285
281.589	0.05	Adapter 2423Hz Probe 3839Hz	38	2.423	70.00	0.285
281.669	0.05	Adapter 2423Hz Probe 3839Hz	38	2.423	70.00	0.285
281.749	0.05	Adapter 2423Hz Probe 3839Hz	38	2.423	70.00	0.285
281.829	0.05	Adapter 2423Hz Probe 3839Hz	38	3.839	70.00	0.437
282.009	0.05	Adapter 2423Hz Probe 3839Hz	38	2.423	70.00	0.285
282.089	0.05	Adapter 2423Hz Probe 3839Hz	38	2.423	70.00	0.285
282.169	0.05	Adapter 2423Hz Probe 3839Hz	38	2.423	70.00	0.285
282.249	0.05	Adapter 2423Hz Probe 3839Hz	38	2.423	70.00	0.285
282.329	0.05	Adapter 2423Hz Probe 3839Hz	38	3.839	70.00	0.437
282.509	0.05	Adapter 2423Hz Probe 3839Hz	38	2.423	70.00	0.285
282.589	0.05	Adapter 2423Hz Probe 3839Hz	38	2.423	70.00	0.285
282.669	0.05	Adapter 2423Hz Probe 3839Hz	38	2.423	70.00	0.285
282.749	0.05	Adapter 2423Hz Probe 3839Hz	38	2.423	70.00	0.285
282.829	0.05	Adapter 2423Hz Probe 3839Hz	38	3.839	70.00	0.437
283.009	0.05	Adapter 2423Hz Probe 3839Hz	38	2.423	70.00	0.285
283.089	0.05	Adapter 2423Hz Probe 3839Hz	38	2.423	70.00	0.285
283.169	0.05	Adapter 2423Hz Probe 3839Hz	38	2.423	70.00	0.285
283.249	0.05	Adapter 2423Hz Probe 3839Hz	38	2.423	70.00	0.285
283.329	0.05	Adapter 2423Hz Probe 3839Hz	38	3.839	70.00	0.437
283.509	0.05	Adapter 2423Hz Probe 3839Hz	38	2.423	70.00	0.285
283.589	0.05	Adapter 2423Hz Probe 3839Hz	38	2.423	70.00	0.285
283.669	0.05	Adapter 2423Hz Probe 3839Hz	38	2.423	70.00	0.285
283.749	0.05	Adapter 2423Hz Probe 3839Hz	38	2.423	70.00	0.285
283.829	0.05	Adapter 2423Hz Probe 3839Hz	38	3.839	70.00	0.437
284.009	0.05	Adapter 2423Hz Probe 3839Hz	38	2.423	70.00	0.285
284.089	0.05	Adapter 2423Hz Probe 3839Hz	38	2.423	70.00	0.285
284.169	0.05	Adapter 2423Hz Probe 3839Hz	38	2.423	70.00	0.285
284.249	0.05	Adapter 2423Hz Probe 3839Hz	38	2.423	70.00	0.285
284.329	0.05	Adapter 2423Hz Probe 3839Hz	38	3.839	70.00	0.437
284.509	0.05	Adapter 2423Hz Probe 3839Hz	38	2.423	70.00	0.285
284.589	0.05	Adapter 2423Hz Probe 3839Hz	38	2.423	70.00	0.285
284.669	0.05	Adapter 2423Hz Probe 3839Hz	38	2.423	70.00	0.285
284.749	0.05	Adapter 2423Hz Probe 3839Hz	38	2.423	70.00	0.285
284.829	0.05	Adapter 2423Hz Probe 3839Hz	38	3.839	70.00	0.437
287.528	0.05	Adapter 1501Hz	39	1.501	70.00	0.186
287.608	0.05	Adapter 1501Hz	39	1.501	70.00	0.186
287.688	0.05	Adapter 1501Hz	39	1.501	70.00	0.186
287.768	0.05	Adapter 1501Hz	39	1.501	70.00	0.186
288.028	0.05	Adapter 1501Hz	39	1.501	70.00	0.186
288.108	0.05	Adapter 1501Hz	39	1.501	70.00	0.186
288.188	0.05	Adapter 1501Hz	39	1.501	70.00	0.186
288.268	0.05	Adapter 1501Hz	39	1.501	70.00	0.186
288.528	0.05	Adapter 1501Hz	39	1.501	70.00	0.186
288.608	0.05	Adapter 1501Hz	39	1.501	70.00	0.186
288.688	0.05	Adapter 1501Hz	39	1.501	70.00	0.186
288.768	0.05	Adapter 1501Hz	39	1.501	70.00	0.186
289.028	0.05	Adapter 1501Hz	39	1.501	70.00	0.186
289.108	0.05	Adapter 1501Hz	39	1.501	70.00	0.186
289.188	0.05	Adapter 1501Hz	39	1.501	70.00	0.186
289.268	0.05	Adapter 1501Hz	39	1.501	70.00	0.186
289.528	0.05	Adapter 1501Hz	39	1.501	70.00	0.186
289.608	0.05	Adapter 1501Hz	39	1.501	70.00	0.186
289.688	0.05	Adapter 1501Hz	39	1.501	70.00	0.186
289.768	0.05	Adapter 1501Hz	39	1.501	70.00	0.186
290.028	0.05	Adapter 1501Hz	39	1.501	70.00	0.186
290.108	0.05	Adapter 1501Hz	39	1.501	70.00	0.186
290.188	0.05	Adapter 1501Hz	39	1.501	70.00	0.186
290.268	0.05	Adapter 1501Hz	39	1.501	70.00	0.186
290.528	0.05	Adapter 1501Hz	39	1.501	70.00	0.186
290.608	0.05	Adapter 1501Hz	39	1.501	70.00	0.186
290.688	0.05	Adapter 1501Hz	39	1.501	70.00	0.186
290.768	0.05	Adapter 1501Hz	39	1.501	70.00	0.186
291.028	0.05	Adapter 1501Hz	39	1.501	70.00	0.186
291.108	0.05	Adapter 1501Hz	39	1.501	70.00	0.186
291.188	0.05	Adapter 1501Hz	39	1.501	70.00	0.186
291.268	0.05	Adapter 1501Hz	39	1.501	70.00	0.186
291.528	0.05	Adapter 1501Hz	39	1.501	70.00	0.186
291.608	0.05	Adapter 1501Hz	39	1.501	70.00	0.186
291.688	0.05	Adapter 1501Hz	39	1.501	70.00	0.186
291.768	0.05	Adapter 1501Hz	39	1.501	70.00	0.186
292.028	0.05	Adapter 1501Hz	39	1.501	70.00	0.186
292.108	0.05	Adapter 1501Hz	39	1.501	70.00	0.186
292.188	0.05	Adapter 1501Hz	39	1.501	70.00	0.186
292.268	0.05	Adapter 1501Hz	39	1.501	70.00	0.186
294.985	0.05	Adapter 507Hz Probe 3839Hz	40	0.507	70.00	0.079
295.065	0.05	Adapter 507Hz Probe 3839Hz	40	0.507	70.00	0.079
295.145	0.05	Adapter 507Hz Probe 3839Hz	40	0.507	70.00	0.079
295.225	0.05	Adapter 507Hz Probe 3839Hz	40	0.507	70.00	0.079
295.305	0.05	Adapter 507Hz Probe 3839Hz	40	3.839	70.00	0.437
295.485	0.05	Adapter 507Hz Probe 3839Hz	40	0.507	70.00	0.079
295.565	0.05	Adapter 507Hz Probe 3839Hz	40	0.507	70.00	0.079
295.645	0.05	Adapter 507Hz Probe 3839Hz	40	0.507	70.00	0.079
295.725	0.05	Adapter 507Hz Probe 3839Hz	40	0.507	70.00	0.079
295.805	0.05	Adapter 507Hz Probe 3839Hz	40	3.839	70.00	0.437
295.985	0.05	Adapter 507Hz Probe 3839Hz	40	0.507	70.00	0.079
296.065	0.05	Adapter 507Hz Probe 3839Hz	40	0.507	70.00	0.079
296.145	0.05	Adapter 507Hz Probe 3839Hz	40	0.507	70.00	0.079
296.225	0.05	Adapter 507Hz Probe 3839Hz	40	0.507	70.00	0.079
296.305	0.05	Adapter 507Hz Probe 3839Hz	40	3.839	70.00	0.437
296.485	0.05	Adapter 507Hz Probe 3839Hz	40	0.507	70.00	0.079
296.565	0.05	Adapter 507Hz Probe 3839Hz	40	0.507	70.00	0.079
296.645	0.05	Adapter 507Hz Probe 3839Hz	40	0.507	70.00	0.079
296.725	0.05	Adapter 507Hz Probe 3839Hz	40	0.507	70.00	0.079
296.805	0.05	Adapter 507Hz Probe 3839Hz	40	3.839	70.00	0.437
296.985	0.05	Adapter 507Hz Probe 3839Hz	40	0.507	70.00	0.079
297.065	0.05	Adapter 507Hz Probe 3839Hz	40	0.507	70.00	0.079
297.145	0.05	Adapter 507Hz Probe 3839Hz	40	0.507	70.00	0.079
297.225	0.05	Adapter 507Hz Probe 3839Hz	40	0.507	70.00	0.079
297.305	0.05	Adapter 507Hz Probe 3839Hz	40	3.839	70.00	0.437
297.485	0.05	Adapter 507Hz Probe 3839Hz	40	0.507	70.00	0.079
297.565	0.05	Adapter 507Hz Probe 3839Hz	40	0.507	70.00	0.079
297.645	0.05	Adapter 507Hz Probe 3839Hz	40	0.507	70.00	0.079
297.725	0.05	Adapter 507Hz Probe 3839Hz	40	0.507	70.00	0.079
297.805	0.05	Adapter 507Hz Probe 3839Hz	40	3.839	70.00	0.437
297.985	0.05	Adapter 507Hz Probe 3839Hz	40	0.507	70.00	0.079
298.065	0.05	Adapter 507Hz Probe 3839Hz	40	0.507	70.00	0.079
298.145	0.05	Adapter 507Hz Probe 3839Hz	40	0.507	70.00	0.079
298.225	0.05	Adapter 507Hz Probe 3839Hz	40	0.507	70.00	0.079
298.305	0.05	Adapter 507Hz Probe 3839Hz	40	3.839	70.00	0.437
298.485	0.05	Adapter 507Hz Probe 3839Hz	40	0.507	70.00	0.079
298.565	0.05	Adapter 507Hz Probe 3839Hz	40	0.507	70.00	0.079
298.645	0.05	Adapter 507Hz Probe 3839Hz	40	0.507	70.00	0.079
298.725	0.05	Adapter 507Hz Probe 3839Hz	40	0.507	70.00	0.079
298.805	0.05	Adapter 507Hz Probe 3839Hz	40	3.839	70.00	0.437
298.985	0.05	Adapter 507Hz Probe 3839Hz	40	0.507	70.00	0.079
299.065	0.05	Adapter 507Hz Probe 3839Hz	40	0.507	70.00	0.079
299.145	0.05	Adapter 507Hz Probe 3839Hz	40	0.507	70.00	0.079
299.225	0.05	Adapter 507Hz Probe 3839Hz	40	0.507	70.00	0.079
299.305	0.05	Adapter 507Hz Probe 3839Hz	40	3.839	70.00	0.437
299.485	0.05	Adapter 507Hz Probe 3839Hz	40	0.507	70.00	0.079
299.565	0.05	Adapter 507Hz Probe 3839Hz	40	0.507	70.00	0.079
299.645	0.05	Adapter 507Hz Probe 3839Hz	40	0.507	70.00	0.079
299.725	0.05	Adapter 507Hz Probe 3839Hz	40	0.507	70.00	0.079
299.805	0.05	Adapter 507Hz Probe 3839Hz	40	3.839	70.00	0.437
302.489	0.05	Adapter 3839Hz	41	3.839	70.00	0.437
302.569	0.05	Adapter 3839Hz	41	3.839	70.00	0.437
302.649	0.05	Adapter 3839Hz	41	3.839	70.00	0.437
302.729	0.05	Adapter 3839Hz	41	3.839	70.00	0.437
302.989	0.05	Adapter 3839Hz	41	3.839	70.00	0.437
303.069	0.05	Adapter 3839Hz	41	3.839	70.00	0.437
303.149	0.05	Adapter 3839Hz	41	3.839	70.00	0.437
303.229	0.05	Adapter 3839Hz	41	3.839	70.00	0.437
303.489	0.05	Adapter 3839Hz	41	3.839	70.00	0.437
303.569	0.05	Adapter 3839Hz	41	3.839	70.00	0.437
303.649	0.05	Adapter 3839Hz	41	3.839	70.00	0.437
303.729	0.05	Adapter 3839Hz	41	3.839	70.00	0.437
303.989	0.05	Adapter 3839Hz	41	3.839	70.00	0.437
304.069	0.05	Adapter 3839Hz	41	3.839	70.00	0.437
304.149	0.05	Adapter 3839Hz	41	3.839	70.00	0.437
304.229	0.05	Adapter 3839Hz	41	3.839	70.00	0.437
304.489	0.05	Adapter 3839Hz	41	3.839	70.00	0.437
304.569	0.05	Adapter 3839Hz	41	3.839	70.00	0.437
304.649	0.05	Adapter 3839Hz	41	3.839	70.00	0.437
304.729	0.05	Adapter 3839Hz	41	3.839	70.00	0.437
304.989	0.05	Adapter 3839Hz	41	3.839	70.00	0.437
305.069	0.05	Adapter 3839Hz	41	3.839	70.00	0.437
305.149	0.05	Adapter 3839Hz	41	3.839	70.00	0.437
305.229	0.05	Adapter 3839Hz	41	3.839	70.00	0.437
305.489	0.05	Adapter 3839Hz	41	3.839	70.00	0.437
305.569	0.05	Adapter 3839Hz	41	3.839	70.00	0.437
305.649	0.05	Adapter 3839Hz	41	3.839	70.00	0.437
305.729	0.05	Adapter 3839Hz	41	3.839	70.00	0.437
305.989	0.05	Adapter 3839Hz	41	3.839	70.00	0.437
306.069	0.05	Adapter 3839Hz	41	3.839	70.00	0.437
306.149	0.05	Adapter 3839Hz	41	3.839	70.00	0.437
306.229	0.05	Adapter 3839Hz	41	3.839	70.00	0.437
306.489	0.05	Adapter 3839Hz	41	3.839	70.00	0.437
306.569	0.05	Adapter 3839Hz	41	3.839	70.00	0.437
306.649	0.05	Adapter 3839Hz	41	3.839	70.00	0.437
306.729	0.05	Adapter 3839Hz	41	3.839	70.00	0.437
306.989	0.05	Adapter 3839Hz	41	3.839	70.00	0.437
307.069	0.05	Adapter 3839Hz	41	3.839	70.00	0.437
307.149	0.05	Adapter 3839Hz	41	3.839	70.00	0.437
307.229	0.05	Adapter 3839Hz	41	3.839	70.00	0.437
310.023	0.05	Adapter 899Hz	42	0.899	70.00	0.121
310.103	0.05	Adapter 899Hz	42	0.899	70.00	0.121
310.183	0.05	Adapter 899Hz	42	0.899	70.00	0.121
310.263	0.05	Adapter 899Hz	42	0.899	70.00	0.121
310.523	0.05	Adapter 899Hz	42	0.899	70.00	0.121
310.603	0.05	Adapter 899Hz	42	0.899	70.00	0.121
310.683	0.05	Adapter 899Hz	42	0.899	70.00	0.121
310.763	0.05	Adapter 899Hz	42	0.899	70.00	0.121
311.023	0.05	Adapter 899Hz	42	0.899	70.00	0.121
311.103	0.05	Adapter 899Hz	42	0.899	70.00	0.121
311.183	0.05	Adapter 899Hz	42	0.899	70.00	0.121
311.263	0.05	Adapter 899Hz	42	0.899	70.00	0.121
311.523	0.05	Adapter 899Hz	42	0.899	70.00	0.121
311.603	0.05	Adapter 899Hz	42	0.899	70.00	0.121
311.683	0.05	Adapter 899Hz	42	0.899	70.00	0.121
311.763	0.05	Adapter 899Hz	42	0.899	70.00	0.121
312.023	0.05	Adapter 899Hz	42	0.899	70.00	0.121
312.103	0.05	Adapter 899Hz	42	0.899	70.00	0.121
312.183	0.05	Adapter 899Hz	42	0.899	70.00	0.121
312.263	0.05	Adapter 899Hz	42	0.899	70.00	0.121
312.523	0.05	Adapter 899Hz	42	0.899	70.00	0.121
312.603	0.05	Adapter 899Hz	42	0.899	70.00	0.121
312.683	0.05	Adapter 899Hz	42	0.899	70.00	0.121
312.763	0.05	Adapter 899Hz	42	0.899	70.00	0.121
313.023	0.05	Adapter 899Hz	42	0.899	70.00	0.121
313.103	0.05	Adapter 899Hz	42	0.899	70.00	0.121
313.183	0.05	Adapter 899Hz	42	0.899	70.00	0.121
313.263	0.05	Adapter 899Hz	42	0.899	70.00	0.121
313.523	0.05	Adapter 899Hz	42	0.899	70.00	0.121
313.603	0.05	Adapter 899Hz	42	0.899	70.00	0.121
313.683	0.05	Adapter 899Hz	42	0.899	70.00	0.121
313.763	0.05	Adapter 899Hz	42	0.899	70.00	0.121
314.023	0.05	Adapter 899Hz	42	0.899	70.00	0.121
314.103	0.05	Adapter 899Hz	42	0.899	70.00	0.121
314.183	0.05	Adapter 899Hz	42	0.899	70.00	0.121
314.263	0.05	Adapter 899Hz	42	0.899	70.00	0.121
314.523	0.05	Adapter 899Hz	42	0.899	70.00	0.121
314.603	0.05	Adapter 899Hz	42	0.899	70.00	0.121
314.683	0.05	Adapter 899Hz	42	0.899	70.00	0.121
314.763	0.05	Adapter 899Hz	42	0.899	70.00	0.121
317.527	0.05	Adapter 251Hz	43	0.251	70.00	0.052
317.607	0.05	Adapter 251Hz	43	0.251	70.00	0.052
317.687	0.05	Adapter 251Hz	43	0.251	70.00	0.052
317.767	0.05	Adapter 251Hz	43	0.251	70.00	0.052
318.027	0.05	Adapter 251Hz	43	0.251	70.00	0.052
318.107	0.05	Adapter 251Hz	43	0.251	70.00	0.052
318.187	0.05	Adapter 251Hz	43	0.251	70.00	0.052
318.267	0.05	Adapter 251Hz	43	0.251	70.00	0.052
318.527	0.05	Adapter 251Hz	43	0.251	70.00	0.052
318.607	0.05	Adapter 251Hz	43	0.251	70.00	0.052
318.687	0.05	Adapter 251Hz	43	0.251	70.00	0.052
318.767	0.05	Adapter 251Hz	43	0.251	70.00	0.052
319.027	0.05	Adapter 251Hz	43	0.251	70.00	0.052
319.107	0.05	Adapter 251Hz	43	0.251	70.00	0.052
319.187	0.05	Adapter 251Hz	43	0.251	70.00	0.052
319.267	0.05	Adapter 251Hz	43	0.251	70.00	0.052
319.527	0.05	Adapter 251Hz	43	0.251	70.00	0.052
319.607	0.05	Adapter 251Hz	43	0.251	70.00	0.052
319.687	0.05	Adapter 251Hz	43	0.251	70.00	0.052
319.767	0.05	Adapter 251Hz	43	0.251	70.00	0.052
320.027	0.05	Adapter 251Hz	43	0.251	70.00	0.052
320.107	0.05	Adapter 251Hz	43	0.251	70.00	0.052
320.187	0.05	Adapter 251Hz	43	0.251	70.00	0.052
320.267	0.05	Adapter 251Hz	43	0.251	70.00	0.052
320.527	0.05	Adapter 251Hz	43	0.251	70.00	0.052
320.607	0.05	Adapter 251Hz	43	0.251	70.00	0.052
320.687	0.05	Adapter 251Hz	43	0.251	70.00	0.052
320.767	0.05	Adapter 251Hz	43	0.251	70.00	0.052
321.027	0.05	Adapter 251Hz	43	0.251	70.00	0.052
321.107	0.05	Adapter 251Hz	43	0.251	70.00	0.052
321.187	0.05	Adapter 251Hz	43	0.251	70.00	0.052
321.267	0.05	Adapter 251Hz	43	0.251	70.00	0.052
321.527	0.05	Adapter 251Hz	43	0.251	70.00	0.052
321.607	0.05	Adapter 251Hz	43	0.251	70.00	0.052
321.687	0.05	Adapter 251Hz	43	0.251	70.00	0.052
321.767	0.05	Adapter 251Hz	43	0.251	70.00	0.052
322.027	0.05	Adapter 251Hz	43	0.251	70.00	0.052
322.107	0.05	Adapter 251Hz	43	0.251	70.00	0.052
322.187	0.05	Adapter 251Hz	43	0.251	70.00	0.052
322.267	0.05	Adapter 251Hz	43	0.251	70.00	0.052
325.015	0.05	Adapter 6009Hz	44	6.009	70.00	0.671
325.095	0.05	Adapter 6009Hz	44	6.009	70.00	0.671
325.175	0.05	Adapter 6009Hz	44	6.009	70.00	0.671
325.255	0.05	Adapter 6009Hz	44	6.009	70.00	0.671
325.515	0.05	Adapter 6009Hz	44	6.009	70.00	0.671
325.595	0.05	Adapter 6009Hz	44	6.009	70.00	0.671
325.675	0.05	Adapter 6009Hz	44	6.009	70.00	0.671
325.755	0.05	Adapter 6009Hz	44	6.009	70.00	0.671
326.015	0.05	Adapter 6009Hz	44	6.009	70.00	0.671
326.095	0.05	Adapter 6009Hz	44	6.009	70.00	0.671
326.175	0.05	Adapter 6009Hz	44	6.009	70.00	0.671
326.255	0.05	Adapter 6009Hz	44	6.009	70.00	0.671
326.515	0.05	Adapter 6009Hz	44	6.009	70.00	0.671
326.595	0.05	Adapter 6009Hz	44	6.009	70.00	0.671
326.675	0.05	Adapter 6009Hz	44	6.009	70.00	0.671
326.755	0.05	Adapter 6009Hz	44	6.009	70.00	0.671
327.015	0.05	Adapter 6009Hz	44	6.009	70.00	0.671
327.095	0.05	Adapter 6009Hz	44	6.009	70.00	0.671
327.175	0.05	Adapter 6009Hz	44	6.009	70.00	0.671
327.255	0.05	Adapter 6009Hz	44	6.009	70.00	0.671
327.515	0.05	Adapter 6009Hz	44	6.009	70.00	0.671
327.595	0.05	Adapter 6009Hz	44	6.009	70.00	0.671
327.675	0.05	Adapter 6009Hz	44	6.009	70.00	0.671
327.755	0.05	Adapter 6009Hz	44	6.009	70.00	0.671
328.015	0.05	Adapter 6009Hz	44	6.009	70.00	0.671
328.095	0.05	Adapter 6009Hz	44	6.009	70.00	0.671
328.175	0.05	Adapter 6009Hz	44	6.009	70.00	0.671
328.255	0.05	Adapter 6009Hz	44	6.009	70.00	0.671
328.515	0.05	Adapter 6009Hz	44	6.009	70.00	0.671
328.595	0.05	Adapter 6009Hz	44	6.009	70.00	0.671
328.675	0.05	Adapter 6009Hz	44	6.009	70.00	0.671
328.755	0.05	Adapter 6009Hz	44	6.009	70.00	0.671
329.015	0.05	Adapter 6009Hz	44	6.009	70.00	0.671
329.095	0.05	Adapter 6009Hz	44	6.009	70.00	0.671
329.175	0.05	Adapter 6009Hz	44	6.009	70.00	0.671
329.255	0.05	Adapter 6009Hz	44	6.009	70.00	0.671
329.515	0.05	Adapter 6009Hz	44	6.009	70.00	0.671
329.595	0.05	Adapter 6009Hz	44	6.009	70.00	0.671
329.675	0.05	Adapter 6009Hz	44	6.009	70.00	0.671
329.755	0.05	Adapter 6009Hz	44	6.009	70.00	0.671
332.534	0.05	Adapter 2423Hz	45	2.423	70.00	0.285
332.614	0.05	Adapter 2423Hz	45	2.423	70.00	0.285
332.694	0.05	Adapter 2423Hz	45	2.423	70.00	0.285
332.774	0.05	Adapter 2423Hz	45	2.423	70.00	0.285
333.034	0.05	Adapter 2423Hz	45	2.423	70.00	0.285
333.114	0.05	Adapter 2423Hz	45	2.423	70.00	0.285
333.194	0.05	Adapter 2423Hz	45	2.423	70.00	0.285
333.274	0.05	Adapter 2423Hz	45	2.423	70.00	0.285
333.534	0.05	Adapter 2423Hz	45	2.423	70.00	0.285
333.614	0.05	Adapter 2423Hz	45	2.423	70.00	0.285
333.694	0.05	Adapter 2423Hz	45	2.423	70.00	0.285
333.774	0.05	Adapter 2423Hz	45	2.423	70.00	0.285
334.034	0.05	Adapter 2423Hz	45	2.423	70.00	0.285
334.114	0.05	Adapter 2423Hz	45	2.423	70.00	0.285
334.194	0.05	Adapter 2423Hz	45	2.423	70.00	0.285
334.274	0.05	Adapter 2423Hz	45	2.423	70.00	0.285
334.534	0.05	Adapter 2423Hz	45	2.423	70.00	0.285
334.614	0.05	Adapter 2423Hz	45	2.423	70.00	0.285
334.694	0.05	Adapter 2423Hz	45	2.423	70.00	0.285
334.774	0.05	Adapter 2423Hz	45	2.423	70.00	0.285
335.034	0.05	Adapter 2423Hz	45	2.423	70.00	0.285
335.114	0.05	Adapter 2423Hz	45	2.423	70.00	0.285
335.194	0.05	Adapter 2423Hz	45	2.423	70.00	0.285
335.274	0.05	Adapter 2423Hz	45	2.423	70.00	0.285
335.534	0.05	Adapter 2423Hz	45	2.423	70.00	0.285
335.614	0.05	Adapter 2423Hz	45	2.423	70.00	0.285
335.694	0.05	Adapter 2423Hz	45	2.423	70.00	0.285
335.774	0.05	Adapter 2423Hz	45	2.423	70.00	0.285
336.034	0.05	Adapter 2423Hz	45	2.423	70.00	0.285
336.114	0.05	Adapter 2423Hz	45	2.423	70.00	0.285
336.194	0.05	Adapter 2423Hz	45	2.423	70.00	0.285
336.274	0.05	Adapter 2423Hz	45	2.423	70.00	0.285
336.534	0.05	Adapter 2423Hz	45	2.423	70.00	0.285
336.614	0.05	Adapter 2423Hz	45	2.423	70.00	0.285
336.694	0.05	Adapter 2423Hz	45	2.423	70.00	0.285
336.774	0.05	Adapter 2423Hz	45	2.423	70.00	0.285
337.034	0.05	Adapter 2423Hz	45	2.423	70.00	0.285
337.114	0.05	Adapter 2423Hz	45	2.423	70.00	0.285
337.194	0.05	Adapter 2423Hz	45	2.423	70.00	0.285
337.274	0.05	Adapter 2423Hz	45	2.423	70.00	0.285
340.007	0.05	Adapter 899Hz Probe 3839Hz	46	0.899	70.00	0.121
340.087	0.05	Adapter 899Hz Probe 3839Hz	46	0.899	70.00	0.121
340.167	0.05	Adapter 899Hz Probe 3839Hz	46	0.899	70.00	0.121
340.247	0.05	Adapter 899Hz Probe 3839Hz	46	0.899	70.00	0.121
340.327	0.05	Adapter 899Hz Probe 3839Hz	46	3.839	70.00	0.437
340.507	0.05	Adapter 899Hz Probe 3839Hz	46	0.899	70.00	0.121
340.587	0.05	Adapter 899Hz Probe 3839Hz	46	0.899	70.00	0.121
340.667	0.05	Adapter 899Hz Probe 3839Hz	46	0.899	70.00	0.121
340.747	0.05	Adapter 899Hz Probe 3839Hz	46	0.899	70.00	0.121
340.827	0.05	Adapter 899Hz Probe 3839Hz	46	3.839	70.00	0.437
341.007	0.05	Adapter 899Hz Probe 3839Hz	46	0.899	70.00	0.121
341.087	0.05	Adapter 899Hz Probe 3839Hz	46	0.899	70.00	0.121
341.167	0.05	Adapter 899Hz Probe 3839Hz	46	0.899	70.00	0.121
341.247	0.05	Adapter 899Hz Probe 3839Hz	46	0.899	70.00	0.121
341.327	0.05	Adapter 899Hz Probe 3839Hz	46	3.839	70.00	0.437
341.507	0.05	Adapter 899Hz Probe 3839Hz	46	0.899	70.00	0.121
341.587	0.05	Adapter 899Hz Probe 3839Hz	46	0.899	70.00	0.121
341.667	0.05	Adapter 899Hz Probe 3839Hz	46	0.899	70.00	0.121
341.747	0.05	Adapter 899Hz Probe 3839Hz	46	0.899	70.00	0.121
341.827	0.05	Adapter 899Hz Probe 3839Hz	46	3.839	70.00	0.437
342.007	0.05	Adapter 899Hz Probe 3839Hz	46	0.899	70.00	0.121
342.087	0.05	Adapter 899Hz Probe 3839Hz	46	0.899	70.00	0.121
342.167	0.05	Adapter 899Hz Probe 3839Hz	46	0.899	70.00	0.121
342.247	0.05	Adapter 899Hz Probe 3839Hz	46	0.899	70.00	0.121
342.327	0.05	Adapter 899Hz Probe 3839Hz	46	3.839	70.00	0.437
342.507	0.05	Adapter 899Hz Probe 3839Hz	46	0.899	70.00	0.121
342.587	0.05	Adapter 899Hz Probe 3839Hz	46	0.899	70.00	0.121
342.667	0.05	Adapter 899Hz Probe 3839Hz	46	0.899	70.00	0.121
342.747	0.05	Adapter 899Hz Probe 3839Hz	46	0.899	70.00	0.121
342.827	0.05	Adapter 899Hz Probe 3839Hz	46	3.839	70.00	0.437
343.007	0.05	Adapter 899Hz Probe 3839Hz	46	0.899	70.00	0.121
343.087	0.05	Adapter 899Hz Probe 3839Hz	46	0.899	70.00	0.121
343.167	0.05	Adapter 899Hz Probe 3839Hz	46	0.899	70.00	0.121
343.247	0.05	Adapter 899Hz Probe 3839Hz	46	0.899	70.00	0.121
343.327	0.05	Adapter 899Hz Probe 3839Hz	46	3.839	70.00	0.437
343.507	0.05	Adapter 899Hz Probe 3839Hz	46	0.899	70.00	0.121
343.587	0.05	Adapter 899Hz Probe 3839Hz	46	0.899	70.00	0.121
343.667	0.05	Adapter 899Hz Probe 3839Hz	46	0.899	70.00	0.121
343.747	0.05	Adapter 899Hz Probe 3839Hz	46	0.899	70.00	0.121
343.827	0.05	Adapter 899Hz Probe 3839Hz	46	3.839	70.00	0.437
344.007	0.05	Adapter 899Hz Probe 3839Hz	46	0.899	70.00	0.121
344.087	0.05	Adapter 899Hz Probe 3839Hz	46	0.899	70.00	0.121
344.167	0.05	Adapter 899Hz Probe 3839Hz	46	0.899	70.00	0.121
344.247	0.05	Adapter 899Hz Probe 3839Hz	46	0.899	70.00	0.121
344.327	0.05	Adapter 899Hz Probe 3839Hz	46	3.839	70.00	0.437
344.507	0.05	Adapter 899Hz Probe 3839Hz	46	0.899	70.00	0.121
344.587	0.05	Adapter 899Hz Probe 3839Hz	46	0.899	70.00	0.121
344.667	0.05	Adapter 899Hz Probe 3839Hz	46	0.899	70.00	0.121
344.747	0.05	Adapter 899Hz Probe 3839Hz	46	0.899	70.00	0.121
344.827	0.05	Adapter 899Hz Probe 3839Hz	46	3.839	70.00	0.437
362.517	0.05	Adapter 3839Hz Probe 3839Hz	49	3.839	70.00	0.437
362.597	0.05	Adapter 3839Hz Probe 3839Hz	49	3.839	70.00	0.437
362.677	0.05	Adapter 3839Hz Probe 3839Hz	49	3.839	70.00	0.437
362.757	0.05	Adapter 3839Hz Probe 3839Hz	49	3.839	70.00	0.437
362.837	0.05	Adapter 3839Hz Probe 3839Hz	49	3.839	70.00	0.437
363.017	0.05	Adapter 3839Hz Probe 3839Hz	49	3.839	70.00	0.437
363.097	0.05	Adapter 3839Hz Probe 3839Hz	49	3.839	70.00	0.437
363.177	0.05	Adapter 3839Hz Probe 3839Hz	49	3.839	70.00	0.437
363.257	0.05	Adapter 3839Hz Probe 3839Hz	49	3.839	70.00	0.437
363.337	0.05	Adapter 3839Hz Probe 3839Hz	49	3.839	70.00	0.437
363.517	0.05	Adapter 3839Hz Probe 3839Hz	49	3.839	70.00	0.437
363.597	0.05	Adapter 3839Hz Probe 3839Hz	49	3.839	70.00	0.437
363.677	0.05	Adapter 3839Hz Probe 3839Hz	49	3.839	70.00	0.437
363.757	0.05	Adapter 3839Hz Probe 3839Hz	49	3.839	70.00	0.437
363.837	0.05	Adapter 3839Hz Probe 3839Hz	49	3.839	70.00	0.437
364.017	0.05	Adapter 3839Hz Probe 3839Hz	49	3.839	70.00	0.437
364.097	0.05	Adapter 3839Hz Probe 3839Hz	49	3.839	70.00	0.437
364.177	0.05	Adapter 3839Hz Probe 3839Hz	49	3.839	70.00	0.437
364.257	0.05	Adapter 3839Hz Probe 3839Hz	49	3.839	70.00	0.437
364.337	0.05	Adapter 3839Hz Probe 3839Hz	49	3.839	70.00	0.437
364.517	0.05	Adapter 3839Hz Probe 3839Hz	49	3.839	70.00	0.437
364.597	0.05	Adapter 3839Hz Probe 3839Hz	49	3.839	70.00	0.437
364.677	0.05	Adapter 3839Hz Probe 3839Hz	49	3.839	70.00	0.437
364.757	0.05	Adapter 3839Hz Probe 3839Hz	49	3.839	70.00	0.437
364.837	0.05	Adapter 3839Hz Probe 3839Hz	49	3.839	70.00	0.437
365.017	0.05	Adapter 3839Hz Probe 3839Hz	49	3.839	70.00	0.437
365.097	0.05	Adapter 3839Hz Probe 3839Hz	49	3.839	70.00	0.437
365.177	0.05	Adapter 3839Hz Probe 3839Hz	49	3.839	70.00	0.437
365.257	0.05	Adapter 3839Hz Probe 3839Hz	49	3.839	70.00	0.437
365.337	0.05	Adapter 3839Hz Probe 3839Hz	49	3.839	70.00	0.437
365.517	0.05	Adapter 3839Hz Probe 3839Hz	49	3.839	70.00	0.437
365.597	0.05	Adapter 3839Hz Probe 3839Hz	49	3.839	70.00	0.437
365.677	0.05	Adapter 3839Hz Probe 3839Hz	49	3.839	70.00	0.437
365.757	0.05	Adapter 3839Hz Probe 3839Hz	49	3.839	70.00	0.437
365.837	0.05	Adapter 3839Hz Probe 3839Hz	49	3.839	70.00	0.437
366.017	0.05	Adapter 3839Hz Probe 3839Hz	49	3.839	70.00	0.437
366.097	0.05	Adapter 3839Hz Probe 3839Hz	49	3.839	70.00	0.437
366.177	0.05	Adapter 3839Hz Probe 3839Hz	49	3.839	70.00	0.437
366.257	0.05	Adapter 3839Hz Probe 3839Hz	49	3.839	70.00	0.437
366.337	0.05	Adapter 3839Hz Probe 3839Hz	49	3.839	70.00	0.437
366.517	0.05	Adapter 3839Hz Probe 3839Hz	49	3.839	70.00	0.437
366.597	0.05	Adapter 3839Hz Probe 3839Hz	49	3.839	70.00	0.437
366.677	0.05	Adapter 3839Hz Probe 3839Hz	49	3.839	70.00	0.437
366.757	0.05	Adapter 3839Hz Probe 3839Hz	49	3.839	70.00	0.437
366.837	0.05	Adapter 3839Hz Probe 3839Hz	49	3.839	70.00	0.437
367.017	0.05	Adapter 3839Hz Probe 3839Hz	49	3.839	70.00	0.437
367.097	0.05	Adapter 3839Hz Probe 3839Hz	49	3.839	70.00	0.437
367.177	0.05	Adapter 3839Hz Probe 3839Hz	49	3.839	70.00	0.437
367.257	0.05	Adapter 3839Hz Probe 3839Hz	49	3.839	70.00	0.437
367.337	0.05	Adapter 3839Hz Probe 3839Hz	49	3.839	70.00	0.437
370.005	0.05	Adapter 1501Hz	50	1.501	70.00	0.186
370.085	0.05	Adapter 1501Hz	50	1.501	70.00	0.186
370.165	0.05	Adapter 1501Hz	50	1.501	70.00	0.186
370.245	0.05	Adapter 1501Hz	50	1.501	70.00	0.186
370.505	0.05	Adapter 1501Hz	50	1.501	70.00	0.186
370.585	0.05	Adapter 1501Hz	50	1.501	70.00	0.186
370.665	0.05	Adapter 1501Hz	50	1.501	70.00	0.186
370.745	0.05	Adapter 1501Hz	50	1.501	70.00	0.186
371.005	0.05	Adapter 1501Hz	50	1.501	70.00	0.186
371.085	0.05	Adapter 1501Hz	50	1.501	70.00	0.186
371.165	0.05	Adapter 1501Hz	50	1.501	70.00	0.186
371.245	0.05	Adapter 1501Hz	50	1.501	70.00	0.186
371.505	0.05	Adapter 1501Hz	50	1.501	70.00	0.186
371.585	0.05	Adapter 1501Hz	50	1.501	70.00	0.186
371.665	0.05	Adapter 1501Hz	50	1.501	70.00	0.186
371.745	0.05	Adapter 1501Hz	50	1.501	70.00	0.186
372.005	0.05	Adapter 1501Hz	50	1.501	70.00	0.186
372.085	0.05	Adapter 1501Hz	50	1.501	70.00	0.186
372.165	0.05	Adapter 1501Hz	50	1.501	70.00	0.186
372.245	0.05	Adapter 1501Hz	50	1.501	70.00	0.186
372.505	0.05	Adapter 1501Hz	50	1.501	70.00	0.186
372.585	0.05	Adapter 1501Hz	50	1.501	70.00	0.186
372.665	0.05	Adapter 1501Hz	50	1.501	70.00	0.186
372.745	0.05	Adapter 1501Hz	50	1.501	70.00	0.186
373.005	0.05	Adapter 1501Hz	50	1.501	70.00	0.186
373.085	0.05	Adapter 1501Hz	50	1.501	70.00	0.186
373.165	0.05	Adapter 1501Hz	50	1.501	70.00	0.186
373.245	0.05	Adapter 1501Hz	50	1.501	70.00	0.186
373.505	0.05	Adapter 1501Hz	50	1.501	70.00	0.186
373.585	0.05	Adapter 1501Hz	50	1.501	70.00	0.186
373.665	0.05	Adapter 1501Hz	50	1.501	70.00	0.186
373.745	0.05	Adapter 1501Hz	50	1.501	70.00	0.186
374.005	0.05	Adapter 1501Hz	50	1.501	70.00	0.186
374.085	0.05	Adapter 1501Hz	50	1.501	70.00	0.186
374.165	0.05	Adapter 1501Hz	50	1.501	70.00	0.186
374.245	0.05	Adapter 1501Hz	50	1.501	70.00	0.186
374.505	0.05	Adapter 1501Hz	50	1.501	70.00	0.186
374.585	0.05	Adapter 1501Hz	50	1.501	70.00	0.186
374.665	0.05	Adapter 1501Hz	50	1.501	70.00	0.186
374.745	0.05	Adapter 1501Hz	50	1.501	70.00	0.186
377.525	0.05	Adapter 1501Hz Probe 3839Hz	51	1.501	70.00	0.186
377.605	0.05	Adapter 1501Hz Probe 3839Hz	51	1.501	70.00	0.186
377.685	0.05	Adapter 1501Hz Probe 3839Hz	51	1.501	70.00	0.186
377.765	0.05	Adapter 1501Hz Probe 3839Hz	51	1.501	70.00	0.186
377.845	0.05	Adapter 1501Hz Probe 3839Hz	51	3.839	70.00	0.437
378.025	0.05	Adapter 1501Hz Probe 3839Hz	51	1.501	70.00	0.186
378.105	0.05	Adapter 1501Hz Probe 3839Hz	51	1.501	70.00	0.186
378.185	0.05	Adapter 1501Hz Probe 3839Hz	51	1.501	70.00	0.186
378.265	0.05	Adapter 1501Hz Probe 3839Hz	51	1.501	70.00	0.186
378.345	0.05	Adapter 1501Hz Probe 3839Hz	51	3.839	70.00	0.437
378.525	0.05	Adapter 1501Hz Probe 3839Hz	51	1.501	70.00	0.186
378.605	0.05	Adapter 1501Hz Probe 3839Hz	51	1.501	70.00	0.186
378.685	0.05	Adapter 1501Hz Probe 3839Hz	51	1.501	70.00	0.186
378.765	0.05	Adapter 1501Hz Probe 3839Hz	51	1.501	70.00	0.186
378.845	0.05	Adapter 1501Hz Probe 3839Hz	51	3.839	70.00	0.437
379.025	0.05	Adapter 1501Hz Probe 3839Hz	51	1.501	70.00	0.186
379.105	0.05	Adapter 1501Hz Probe 3839Hz	51	1.501	70.00	0.186
379.185	0.05	Adapter 1501Hz Probe 3839Hz	51	1.501	70.00	0.186
379.265	0.05	Adapter 1501Hz Probe 3839Hz	51	1.501	70.00	0.186
379.345	0.05	Adapter 1501Hz Probe 3839Hz	51	3.839	70.00	0.437
379.525	0.05	Adapter 1501Hz Probe 3839Hz	51	1.501	70.00	0.186
379.605	0.05	Adapter 1501Hz Probe 3839Hz	51	1.501	70.00	0.186
379.685	0.05	Adapter 1501Hz Probe 3839Hz	51	1.501	70.00	0.186
379.765	0.05	Adapter 1501Hz Probe 3839Hz	51	1.501	70.00	0.186
379.845	0.05	Adapter 1501Hz Probe 3839Hz	51	3.839	70.00	0.437
380.025	0.05	Adapter 1501Hz Probe 3839Hz	51	1.501	70.00	0.186
380.105	0.05	Adapter 1501Hz Probe 3839Hz	51	1.501	70.00	0.186
380.185	0.05	Adapter 1501Hz Probe 3839Hz	51	1.501	70.00	0.186
380.265	0.05	Adapter 1501Hz Probe 3839Hz	51	1.501	70.00	0.186
380.345	0.05	Adapter 1501Hz Probe 3839Hz	51	3.839	70.00	0.437
380.525	0.05	Adapter 1501Hz Probe 3839Hz	51	1.501	70.00	0.186
380.605	0.05	Adapter 1501Hz Probe 3839Hz	51	1.501	70.00	0.186
380.685	0.05	Adapter 1501Hz Probe 3839Hz	51	1.501	70.00	0.186
380.765	0.05	Adapter 1501Hz Probe 3839Hz	51	1.501	70.00	0.186
380.845	0.05	Adapter 1501Hz Probe 3839Hz	51	3.839	70.00	0.437
381.025	0.05	Adapter 1501Hz Probe 3839Hz	51	1.501	70.00	0.186
381.105	0.05	Adapter 1501Hz Probe 3839Hz	51	1.501	70.00	0.186
381.185	0.05	Adapter 1501Hz Probe 3839Hz	51	1.501	70.00	0.186
381.265	0.05	Adapter 1501Hz Probe 3839Hz	51	1.501	70.00	0.186
381.345	0.05	Adapter 1501Hz Probe 3839Hz	51	3.839	70.00	0.437
381.525	0.05	Adapter 1501Hz Probe 3839Hz	51	1.501	70.00	0.186
381.605	0.05	Adapter 1501Hz Probe 3839Hz	51	1.501	70.00	0.186
381.685	0.05	Adapter 1501Hz Probe 3839Hz	51	1.501	70.00	0.186
381.765	0.05	Adapter 1501Hz Probe 3839Hz	51	1.501	70.00	0.186
381.845	0.05	Adapter 1501Hz Probe 3839Hz	51	3.839	70.00	0.437
382.025	0.05	Adapter 1501Hz Probe 3839Hz	51	1.501	70.00	0.186
382.105	0.05	Adapter 1501Hz Probe 3839Hz	51	1.501	70.00	0.186
382.185	0.05	Adapter 1501Hz Probe 3839Hz	51	1.501	70.00	0.186
382.265	0.05	Adapter 1501Hz Probe 3839Hz	51	1.501	70.00	0.186
382.345	0.05	Adapter 1501Hz Probe 3839Hz	51	3.839	70.00	0.437
385.013	0.05	Adapter 6009Hz	52	6.009	70.00	0.671
385.093	0.05	Adapter 6009Hz	52	6.009	70.00	0.671
385.173	0.05	Adapter 6009Hz	52	6.009	70.00	0.671
385.253	0.05	Adapter 6009Hz	52	6.009	70.00	0.671
385.513	0.05	Adapter 6009Hz	52	6.009	70.00	0.671
385.593	0.05	Adapter 6009Hz	52	6.009	70.00	0.671
385.673	0.05	Adapter 6009Hz	52	6.009	70.00	0.671
385.753	0.05	Adapter 6009Hz	52	6.009	70.00	0.671
386.013	0.05	Adapter 6009Hz	52	6.009	70.00	0.671
386.093	0.05	Adapter 6009Hz	52	6.009	70.00	0.671
386.173	0.05	Adapter 6009Hz	52	6.009	70.00	0.671
386.253	0.05	Adapter 6009Hz	52	6.009	70.00	0.671
386.513	0.05	Adapter 6009Hz	52	6.009	70.00	0.671
386.593	0.05	Adapter 6009Hz	52	6.009	70.00	0.671
386.673	0.05	Adapter 6009Hz	52	6.009	70.00	0.671
386.753	0.05	Adapter 6009Hz	52	6.009	70.00	0.671
387.013	0.05	Adapter 6009Hz	52	6.009	70.00	0.671
387.093	0.05	Adapter 6009Hz	52	6.009	70.00	0.671
387.173	0.05	Adapter 6009Hz	52	6.009	70.00	0.671
387.253	0.05	Adapter 6009Hz	52	6.009	70.00	0.671
387.513	0.05	Adapter 6009Hz	52	6.009	70.00	0.671
387.593	0.05	Adapter 6009Hz	52	6.009	70.00	0.671
387.673	0.05	Adapter 6009Hz	52	6.009	70.00	0.671
387.753	0.05	Adapter 6009Hz	52	6.009	70.00	0.671
388.013	0.05	Adapter 6009Hz	52	6.009	70.00	0.671
388.093	0.05	Adapter 6009Hz	52	6.009	70.00	0.671
388.173	0.05	Adapter 6009Hz	52	6.009	70.00	0.671
388.253	0.05	Adapter 6009Hz	52	6.009	70.00	0.671
388.513	0.05	Adapter 6009Hz	52	6.009	70.00	0.671
388.593	0.05	Adapter 6009Hz	52	6.009	70.00	0.671
388.673	0.05	Adapter 6009Hz	52	6.009	70.00	0.671
388.753	0.05	Adapter 6009Hz	52	6.009	70.00	0.671
389.013	0.05	Adapter 6009Hz	52	6.009	70.00	0.671
389.093	0.05	Adapter 6009Hz	52	6.009	70.00	0.671
389.173	0.05	Adapter 6009Hz	52	6.009	70.00	0.671
389.253	0.05	Adapter 6009Hz	52	6.009	70.00	0.671
389.513	0.05	Adapter 6009Hz	52	6.009	70.00	0.671
389.593	0.05	Adapter 6009Hz	52	6.009	70.00	0.671
389.673	0.05	Adapter 6009Hz	52	6.009	70.00	0.671
389.753	0.05	Adapter 6009Hz	52	6.009	70.00	0.671
399.989	0.05	Adapter 507Hz Probe 3839Hz	54	0.507	70.00	0.079
400.069	0.05	Adapter 507Hz Probe 3839Hz	54	0.507	70.00	0.079
400.149	0.05	Adapter 507Hz Probe 3839Hz	54	0.507	70.00	0.079
400.229	0.05	Adapter 507Hz Probe 3839Hz	54	0.507	70.00	0.079
400.309	0.05	Adapter 507Hz Probe 3839Hz	54	3.839	70.00	0.437
400.489	0.05	Adapter 507Hz Probe 3839Hz	54	0.507	70.00	0.079
400.569	0.05	Adapter 507Hz Probe 3839Hz	54	0.507	70.00	0.079
400.649	0.05	Adapter 507Hz Probe 3839Hz	54	0.507	70.00	0.079
400.729	0.05	Adapter 507Hz Probe 3839Hz	54	0.507	70.00	0.079
400.809	0.05	Adapter 507Hz Probe 3839Hz	54	3.839	70.00	0.437
400.989	0.05	Adapter 507Hz Probe 3839Hz	54	0.507	70.00	0.079
401.069	0.05	Adapter 507Hz Probe 3839Hz	54	0.507	70.00	0.079
401.149	0.05	Adapter 507Hz Probe 3839Hz	54	0.507	70.00	0.079
401.229	0.05	Adapter 507Hz Probe 3839Hz	54	0.507	70.00	0.079
401.309	0.05	Adapter 507Hz Probe 3839Hz	54	3.839	70.00	0.437
401.489	0.05	Adapter 507Hz Probe 3839Hz	54	0.507	70.00	0.079
401.569	0.05	Adapter 507Hz Probe 3839Hz	54	0.507	70.00	0.079
401.649	0.05	Adapter 507Hz Probe 3839Hz	54	0.507	70.00	0.079
401.729	0.05	Adapter 507Hz Probe 3839Hz	54	0.507	70.00	0.079
401.809	0.05	Adapter 507Hz Probe 3839Hz	54	3.839	70.00	0.437
401.989	0.05	Adapter 507Hz Probe 3839Hz	54	0.507	70.00	0.079
402.069	0.05	Adapter 507Hz Probe 3839Hz	54	0.507	70.00	0.079
402.149	0.05	Adapter 507Hz Probe 3839Hz	54	0.507	70.00	0.079
402.229	0.05	Adapter 507Hz Probe 3839Hz	54	0.507	70.00	0.079
402.309	0.05	Adapter 507Hz Probe 3839Hz	54	3.839	70.00	0.437
402.489	0.05	Adapter 507Hz Probe 3839Hz	54	0.507	70.00	0.079
402.569	0.05	Adapter 507Hz Probe 3839Hz	54	0.507	70.00	0.079
402.649	0.05	Adapter 507Hz Probe 3839Hz	54	0.507	70.00	0.079
402.729	0.05	Adapter 507Hz Probe 3839Hz	54	0.507	70.00	0.079
402.809	0.05	Adapter 507Hz Probe 3839Hz	54	3.839	70.00	0.437
402.989	0.05	Adapter 507Hz Probe 3839Hz	54	0.507	70.00	0.079
403.069	0.05	Adapter 507Hz Probe 3839Hz	54	0.507	70.00	0.079
403.149	0.05	Adapter 507Hz Probe 3839Hz	54	0.507	70.00	0.079
403.229	0.05	Adapter 507Hz Probe 3839Hz	54	0.507	70.00	0.079
403.309	0.05	Adapter 507Hz Probe 3839Hz	54	3.839	70.00	0.437
403.489	0.05	Adapter 507Hz Probe 3839Hz	54	0.507	70.00	0.079
403.569	0.05	Adapter 507Hz Probe 3839Hz	54	0.507	70.00	0.079
403.649	0.05	Adapter 507Hz Probe 3839Hz	54	0.507	70.00	0.079
403.729	0.05	Adapter 507Hz Probe 3839Hz	54	0.507	70.00	0.079
403.809	0.05	Adapter 507Hz Probe 3839Hz	54	3.839	70.00	0.437
403.989	0.05	Adapter 507Hz Probe 3839Hz	54	0.507	70.00	0.079
404.069	0.05	Adapter 507Hz Probe 3839Hz	54	0.507	70.00	0.079
404.149	0.05	Adapter 507Hz Probe 3839Hz	54	0.507	70.00	0.079
404.229	0.05	Adapter 507Hz Probe 3839Hz	54	0.507	70.00	0.079
404.309	0.05	Adapter 507Hz Probe 3839Hz	54	3.839	70.00	0.437
404.489	0.05	Adapter 507Hz Probe 3839Hz	54	0.507	70.00	0.079
404.569	0.05	Adapter 507Hz Probe 3839Hz	54	0.507	70.00	0.079
404.649	0.05	Adapter 507Hz Probe 3839Hz	54	0.507	70.00	0.079
404.729	0.05	Adapter 507Hz Probe 3839Hz	54	0.507	70.00	0.079
404.809	0.05	Adapter 507Hz Probe 3839Hz	54	3.839	70.00	0.437
415.027	0.05	Adapter 2423Hz Probe 3839Hz	56	2.423	70.00	0.285
415.107	0.05	Adapter 2423Hz Probe 3839Hz	56	2.423	70.00	0.285
415.187	0.05	Adapter 2423Hz Probe 3839Hz	56	2.423	70.00	0.285
415.267	0.05	Adapter 2423Hz Probe 3839Hz	56	2.423	70.00	0.285
415.347	0.05	Adapter 2423Hz Probe 3839Hz	56	3.839	70.00	0.437
415.527	0.05	Adapter 2423Hz Probe 3839Hz	56	2.423	70.00	0.285
415.607	0.05	Adapter 2423Hz Probe 3839Hz	56	2.423	70.00	0.285
415.687	0.05	Adapter 2423Hz Probe 3839Hz	56	2.423	70.00	0.285
415.767	0.05	Adapter 2423Hz Probe 3839Hz	56	2.423	70.00	0.285
415.847	0.05	Adapter 2423Hz Probe 3839Hz	56	3.839	70.00	0.437
416.027	0.05	Adapter 2423Hz Probe 3839Hz	56	2.423	70.00	0.285
416.107	0.05	Adapter 2423Hz Probe 3839Hz	56	2.423	70.00	0.285
416.187	0.05	Adapter 2423Hz Probe 3839Hz	56	2.423	70.00	0.285
416.267	0.05	Adapter 2423Hz Probe 3839Hz	56	2.423	70.00	0.285
416.347	0.05	Adapter 2423Hz Probe 3839Hz	56	3.839	70.00	0.437
416.527	0.05	Adapter 2423Hz Probe 3839Hz	56	2.423	70.00	0.285
416.607	0.05	Adapter 2423Hz Probe 3839Hz	56	2.423	70.00	0.285
416.687	0.05	Adapter 2423Hz Probe 3839Hz	56	2.423	70.00	0.285
416.767	0.05	Adapter 2423Hz Probe 3839Hz	56	2.423	70.00	0.285
416.847	0.05	Adapter 2423Hz Probe 3839Hz	56	3.839	70.00	0.437
417.027	0.05	Adapter 2423Hz Probe 3839Hz	56	2.423	70.00	0.285
417.107	0.05	Adapter 2423Hz Probe 3839Hz	56	2.423	70.00	0.285
417.187	0.05	Adapter 2423Hz Probe 3839Hz	56	2.423	70.00	0.285
417.267	0.05	Adapter 2423Hz Probe 3839Hz	56	2.423	70.00	0.285
417.347	0.05	Adapter 2423Hz Probe 3839Hz	56	3.839	70.00	0.437
417.527	0.05	Adapter 2423Hz Probe 3839Hz	56	2.423	70.00	0.285
417.607	0.05	Adapter 2423Hz Probe 3839Hz	56	2.423	70.00	0.285
417.687	0.05	Adapter 2423Hz Probe 3839Hz	56	2.423	70.00	0.285
417.767	0.05	Adapter 2423Hz Probe 3839Hz	56	2.423	70.00	0.285
417.847	0.05	Adapter 2423Hz Probe 3839Hz	56	3.839	70.00	0.437
418.027	0.05	Adapter 2423Hz Probe 3839Hz	56	2.423	70.00	0.285
418.107	0.05	Adapter 2423Hz Probe 3839Hz	56	2.423	70.00	0.285
418.187	0.05	Adapter 2423Hz Probe 3839Hz	56	2.423	70.00	0.285
418.267	0.05	Adapter 2423Hz Probe 3839Hz	56	2.423	70.00	0.285
418.347	0.05	Adapter 2423Hz Probe 3839Hz	56	3.839	70.00	0.437
418.527	0.05	Adapter 2423Hz Probe 3839Hz	56	2.423	70.00	0.285
418.607	0.05	Adapter 2423Hz Probe 3839Hz	56	2.423	70.00	0.285
418.687	0.05	Adapter 2423Hz Probe 3839Hz	56	2.423	70.00	0.285
418.767	0.05	Adapter 2423Hz Probe 3839Hz	56	2.423	70.00	0.285
418.847	0.05	Adapter 2423Hz Probe 3839Hz	56	3.839	70.00	0.437
419.027	0.05	Adapter 2423Hz Probe 3839Hz	56	2.423	70.00	0.285
419.107	0.05	Adapter 2423Hz Probe 3839Hz	56	2.423	70.00	0.285
419.187	0.05	Adapter 2423Hz Probe 3839Hz	56	2.423	70.00	0.285
419.267	0.05	Adapter 2423Hz Probe 3839Hz	56	2.423	70.00	0.285
419.347	0.05	Adapter 2423Hz Probe 3839Hz	56	3.839	70.00	0.437
419.527	0.05	Adapter 2423Hz Probe 3839Hz	56	2.423	70.00	0.285
419.607	0.05	Adapter 2423Hz Probe 3839Hz	56	2.423	70.00	0.285
419.687	0.05	Adapter 2423Hz Probe 3839Hz	56	2.423	70.00	0.285
419.767	0.05	Adapter 2423Hz Probe 3839Hz	56	2.423	70.00	0.285
419.847	0.05	Adapter 2423Hz Probe 3839Hz	56	3.839	70.00	0.437
422.484	0.05	Adapter 899Hz Probe 3839Hz	57	0.899	70.00	0.121
422.564	0.05	Adapter 899Hz Probe 3839Hz	57	0.899	70.00	0.121
422.644	0.05	Adapter 899Hz Probe 3839Hz	57	0.899	70.00	0.121
422.724	0.05	Adapter 899Hz Probe 3839Hz	57	0.899	70.00	0.121
422.804	0.05	Adapter 899Hz Probe 3839Hz	57	3.839	70.00	0.437
422.984	0.05	Adapter 899Hz Probe 3839Hz	57	0.899	70.00	0.121
423.064	0.05	Adapter 899Hz Probe 3839Hz	57	0.899	70.00	0.121
423.144	0.05	Adapter 899Hz Probe 3839Hz	57	0.899	70.00	0.121
423.224	0.05	Adapter 899Hz Probe 3839Hz	57	0.899	70.00	0.121
423.304	0.05	Adapter 899Hz Probe 3839Hz	57	3.839	70.00	0.437
423.484	0.05	Adapter 899Hz Probe 3839Hz	57	0.899	70.00	0.121
423.564	0.05	Adapter 899Hz Probe 3839Hz	57	0.899	70.00	0.121
423.644	0.05	Adapter 899Hz Probe 3839Hz	57	0.899	70.00	0.121
423.724	0.05	Adapter 899Hz Probe 3839Hz	57	0.899	70.00	0.121
423.804	0.05	Adapter 899Hz Probe 3839Hz	57	3.839	70.00	0.437
423.984	0.05	Adapter 899Hz Probe 3839Hz	57	0.899	70.00	0.121
424.064	0.05	Adapter 899Hz Probe 3839Hz	57	0.899	70.00	0.121
424.144	0.05	Adapter 899Hz Probe 3839Hz	57	0.899	70.00	0.121
424.224	0.05	Adapter 899Hz Probe 3839Hz	57	0.899	70.00	0.121
424.304	0.05	Adapter 899Hz Probe 3839Hz	57	3.839	70.00	0.437
424.484	0.05	Adapter 899Hz Probe 3839Hz	57	0.899	70.00	0.121
424.564	0.05	Adapter 899Hz Probe 3839Hz	57	0.899	70.00	0.121
424.644	0.05	Adapter 899Hz Probe 3839Hz	57	0.899	70.00	0.121
424.724	0.05	Adapter 899Hz Probe 3839Hz	57	0.899	70.00	0.121
424.804	0.05	Adapter 899Hz Probe 3839Hz	57	3.839	70.00	0.437
424.984	0.05	Adapter 899Hz Probe 3839Hz	57	0.899	70.00	0.121
425.064	0.05	Adapter 899Hz Probe 3839Hz	57	0.899	70.00	0.121
425.144	0.05	Adapter 899Hz Probe 3839Hz	57	0.899	70.00	0.121
425.224	0.05	Adapter 899Hz Probe 3839Hz	57	0.899	70.00	0.121
425.304	0.05	Adapter 899Hz Probe 3839Hz	57	3.839	70.00	0.437
425.484	0.05	Adapter 899Hz Probe 3839Hz	57	0.899	70.00	0.121
425.564	0.05	Adapter 899Hz Probe 3839Hz	57	0.899	70.00	0.121
425.644	0.05	Adapter 899Hz Probe 3839Hz	57	0.899	70.00	0.121
425.724	0.05	Adapter 899Hz Probe 3839Hz	57	0.899	70.00	0.121
425.804	0.05	Adapter 899Hz Probe 3839Hz	57	3.839	70.00	0.437
425.984	0.05	Adapter 899Hz Probe 3839Hz	57	0.899	70.00	0.121
426.064	0.05	Adapter 899Hz Probe 3839Hz	57	0.899	70.00	0.121
426.144	0.05	Adapter 899Hz Probe 3839Hz	57	0.899	70.00	0.121
426.224	0.05	Adapter 899Hz Probe 3839Hz	57	0.899	70.00	0.121
426.304	0.05	Adapter 899Hz Probe 3839Hz	57	3.839	70.00	0.437
426.484	0.05	Adapter 899Hz Probe 3839Hz	57	0.899	70.00	0.121
426.564	0.05	Adapter 899Hz Probe 3839Hz	57	0.899	70.00	0.121
426.644	0.05	Adapter 899Hz Probe 3839Hz	57	0.899	70.00	0.121
426.724	0.05	Adapter 899Hz Probe 3839Hz	57	0.899	70.00	0.121
426.804	0.05	Adapter 899Hz Probe 3839Hz	57	3.839	70.00	0.437
426.984	0.05	Adapter 899Hz Probe 3839Hz	57	0.899	70.00	0.121
427.064	0.05	Adapter 899Hz Probe 3839Hz	57	0.899	70.00	0.121
427.144	0.05	Adapter 899Hz Probe 3839Hz	57	0.899	70.00	0.121
427.224	0.05	Adapter 899Hz Probe 3839Hz	57	0.899	70.00	0.121
427.304	0.05	Adapter 899Hz Probe 3839Hz	57	3.839	70.00	0.437
430.019	0.05	Adapter 507Hz	58	0.507	70.00	0.079
430.099	0.05	Adapter 507Hz	58	0.507	70.00	0.079
430.179	0.05	Adapter 507Hz	58	0.507	70.00	0.079
430.259	0.05	Adapter 507Hz	58	0.507	70.00	0.079
430.519	0.05	Adapter 507Hz	58	0.507	70.00	0.079
430.599	0.05	Adapter 507Hz	58	0.507	70.00	0.079
430.679	0.05	Adapter 507Hz	58	0.507	70.00	0.079
430.759	0.05	Adapter 507Hz	58	0.507	70.00	0.079
431.019	0.05	Adapter 507Hz	58	0.507	70.00	0.079
431.099	0.05	Adapter 507Hz	58	0.507	70.00	0.079
431.179	0.05	Adapter 507Hz	58	0.507	70.00	0.079
431.259	0.05	Adapter 507Hz	58	0.507	70.00	0.079
431.519	0.05	Adapter 507Hz	58	0.507	70.00	0.079
431.599	0.05	Adapter 507Hz	58	0.507	70.00	0.079
431.679	0.05	Adapter 507Hz	58	0.507	70.00	0.079
431.759	0.05	Adapter 507Hz	58	0.507	70.00	0.079
432.019	0.05	Adapter 507Hz	58	0.507	70.00	0.079
432.099	0.05	Adapter 507Hz	58	0.507	70.00	0.079
432.179	0.05	Adapter 507Hz	58	0.507	70.00	0.079
432.259	0.05	Adapter 507Hz	58	0.507	70.00	0.079
432.519	0.05	Adapter 507Hz	58	0.507	70.00	0.079
432.599	0.05	Adapter 507Hz	58	0.507	70.00	0.079
432.679	0.05	Adapter 507Hz	58	0.507	70.00	0.079
432.759	0.05	Adapter 507Hz	58	0.507	70.00	0.079
433.019	0.05	Adapter 507Hz	58	0.507	70.00	0.079
433.099	0.05	Adapter 507Hz	58	0.507	70.00	0.079
433.179	0.05	Adapter 507Hz	58	0.507	70.00	0.079
433.259	0.05	Adapter 507Hz	58	0.507	70.00	0.079
433.519	0.05	Adapter 507Hz	58	0.507	70.00	0.079
433.599	0.05	Adapter 507Hz	58	0.507	70.00	0.079
433.679	0.05	Adapter 507Hz	58	0.507	70.00	0.079
433.759	0.05	Adapter 507Hz	58	0.507	70.00	0.079
434.019	0.05	Adapter 507Hz	58	0.507	70.00	0.079
434.099	0.05	Adapter 507Hz	58	0.507	70.00	0.079
434.179	0.05	Adapter 507Hz	58	0.507	70.00	0.079
434.259	0.05	Adapter 507Hz	58	0.507	70.00	0.079
434.519	0.05	Adapter 507Hz	58	0.507	70.00	0.079
434.599	0.05	Adapter 507Hz	58	0.507	70.00	0.079
434.679	0.05	Adapter 507Hz	58	0.507	70.00	0.079
434.759	0.05	Adapter 507Hz	58	0.507	70.00	0.079
437.507	0.05	Adapter 2423Hz	59	2.423	70.00	0.285
437.587	0.05	Adapter 2423Hz	59	2.423	70.00	0.285
437.667	0.05	Adapter 2423Hz	59	2.423	70.00	0.285
437.747	0.05	Adapter 2423Hz	59	2.423	70.00	0.285
438.007	0.05	Adapter 2423Hz	59	2.423	70.00	0.285
438.087	0.05	Adapter 2423Hz	59	2.423	70.00	0.285
438.167	0.05	Adapter 2423Hz	59	2.423	70.00	0.285
438.247	0.05	Adapter 2423Hz	59	2.423	70.00	0.285
438.507	0.05	Adapter 2423Hz	59	2.423	70.00	0.285
438.587	0.05	Adapter 2423Hz	59	2.423	70.00	0.285
438.667	0.05	Adapter 2423Hz	59	2.423	70.00	0.285
438.747	0.05	Adapter 2423Hz	59	2.423	70.00	0.285
439.007	0.05	Adapter 2423Hz	59	2.423	70.00	0.285
439.087	0.05	Adapter 2423Hz	59	2.423	70.00	0.285
439.167	0.05	Adapter 2423Hz	59	2.423	70.00	0.285
439.247	0.05	Adapter 2423Hz	59	2.423	70.00	0.285
439.507	0.05	Adapter 2423Hz	59	2.423	70.00	0.285
439.587	0.05	Adapter 2423Hz	59	2.423	70.00	0.285
439.667	0.05	Adapter 2423Hz	59	2.423	70.00	0.285
439.747	0.05	Adapter 2423Hz	59	2.423	70.00	0.285
440.007	0.05	Adapter 2423Hz	59	2.423	70.00	0.285
440.087	0.05	Adapter 2423Hz	59	2.423	70.00	0.285
440.167	0.05	Adapter 2423Hz	59	2.423	70.00	0.285
440.247	0.05	Adapter 2423Hz	59	2.423	70.00	0.285
440.507	0.05	Adapter 2423Hz	59	2.423	70.00	0.285
440.587	0.05	Adapter 2423Hz	59	2.423	70.00	0.285
440.667	0.05	Adapter 2423Hz	59	2.423	70.00	0.285
440.747	0.05	Adapter 2423Hz	59	2.423	70.00	0.285
441.007	0.05	Adapter 2423Hz	59	2.423	70.00	0.285
441.087	0.05	Adapter 2423Hz	59	2.423	70.00	0.285
441.167	0.05	Adapter 2423Hz	59	2.423	70.00	0.285
441.247	0.05	Adapter 2423Hz	59	2.423	70.00	0.285
441.507	0.05	Adapter 2423Hz	59	2.423	70.00	0.285
441.587	0.05	Adapter 2423Hz	59	2.423	70.00	0.285
441.667	0.05	Adapter 2423Hz	59	2.423	70.00	0.285
441.747	0.05	Adapter 2423Hz	59	2.423	70.00	0.285
442.007	0.05	Adapter 2423Hz	59	2.423	70.00	0.285
442.087	0.05	Adapter 2423Hz	59	2.423	70.00	0.285
442.167	0.05	Adapter 2423Hz	59	2.423	70.00	0.285
442.247	0.05	Adapter 2423Hz	59	2.423	70.00	0.285
445.026	0.05	Adapter 251Hz	60	0.251	70.00	0.052
445.106	0.05	Adapter 251Hz	60	0.251	70.00	0.052
445.186	0.05	Adapter 251Hz	60	0.251	70.00	0.052
445.266	0.05	Adapter 251Hz	60	0.251	70.00	0.052
445.526	0.05	Adapter 251Hz	60	0.251	70.00	0.052
445.606	0.05	Adapter 251Hz	60	0.251	70.00	0.052
445.686	0.05	Adapter 251Hz	60	0.251	70.00	0.052
445.766	0.05	Adapter 251Hz	60	0.251	70.00	0.052
446.026	0.05	Adapter 251Hz	60	0.251	70.00	0.052
446.106	0.05	Adapter 251Hz	60	0.251	70.00	0.052
446.186	0.05	Adapter 251Hz	60	0.251	70.00	0.052
446.266	0.05	Adapter 251Hz	60	0.251	70.00	0.052
446.526	0.05	Adapter 251Hz	60	0.251	70.00	0.052
446.606	0.05	Adapter 251Hz	60	0.251	70.00	0.052
446.686	0.05	Adapter 251Hz	60	0.251	70.00	0.052
446.766	0.05	Adapter 251Hz	60	0.251	70.00	0.052
447.026	0.05	Adapter 251Hz	60	0.251	70.00	0.052
447.106	0.05	Adapter 251Hz	60	0.251	70.00	0.052
447.186	0.05	Adapter 251Hz	60	0.251	70.00	0.052
447.266	0.05	Adapter 251Hz	60	0.251	70.00	0.052
447.526	0.05	Adapter 251Hz	60	0.251	70.00	0.052
447.606	0.05	Adapter 251Hz	60	0.251	70.00	0.052
447.686	0.05	Adapter 251Hz	60	0.251	70.00	0.052
447.766	0.05	Adapter 251Hz	60	0.251	70.00	0.052
448.026	0.05	Adapter 251Hz	60	0.251	70.00	0.052
448.106	0.05	Adapter 251Hz	60	0.251	70.00	0.052
448.186	0.05	Adapter 251Hz	60	0.251	70.00	0.052
448.266	0.05	Adapter 251Hz	60	0.251	70.00	0.052
448.526	0.05	Adapter 251Hz	60	0.251	70.00	0.052
448.606	0.05	Adapter 251Hz	60	0.251	70.00	0.052
448.686	0.05	Adapter 251Hz	60	0.251	70.00	0.052
448.766	0.05	Adapter 251Hz	60	0.251	70.00	0.052
449.026	0.05	Adapter 251Hz	60	0.251	70.00	0.052
449.106	0.05	Adapter 251Hz	60	0.251	70.00	0.052
449.186	0.05	Adapter 251Hz	60	0.251	70.00	0.052
449.266	0.05	Adapter 251Hz	60	0.251	70.00	0.052
449.526	0.05	Adapter 251Hz	60	0.251	70.00	0.052
449.606	0.05	Adapter 251Hz	60	0.251	70.00	0.052
449.686	0.05	Adapter 251Hz	60	0.251	70.00	0.052
449.766	0.05	Adapter 251Hz	60	0.251	70.00	0.052
452.834	0.05	Probe 3839Hz	61	3.839	70.00	0.437
453.334	0.05	Probe 3839Hz	61	3.839	70.00	0.437
453.834	0.05	Probe 3839Hz	61	3.839	70.00	0.437
454.334	0.05	Probe 3839Hz	61	3.839	70.00	0.437
454.834	0.05	Probe 3839Hz	61	3.839	70.00	0.437
455.334	0.05	Probe 3839Hz	61	3.839	70.00	0.437
455.834	0.05	Probe 3839Hz	61	3.839	70.00	0.437
456.334	0.05	Probe 3839Hz	61	3.839	70.00	0.437
456.834	0.05	Probe 3839Hz	61	3.839	70.00	0.437
457.334	0.05	Probe 3839Hz	61	3.839	70.00	0.437
467.49	0.05	Adapter 3839Hz	63	3.839	70.00	0.437
467.57	0.05	Adapter 3839Hz	63	3.839	70.00	0.437
467.65	0.05	Adapter 3839Hz	63	3.839	70.00	0.437
467.73	0.05	Adapter 3839Hz	63	3.839	70.00	0.437
467.99	0.05	Adapter 3839Hz	63	3.839	70.00	0.437
468.07	0.05	Adapter 3839Hz	63	3.839	70.00	0.437
468.15	0.05	Adapter 3839Hz	63	3.839	70.00	0.437
468.23	0.05	Adapter 3839Hz	63	3.839	70.00	0.437
468.49	0.05	Adapter 3839Hz	63	3.839	70.00	0.437
468.57	0.05	Adapter 3839Hz	63	3.839	70.00	0.437
468.65	0.05	Adapter 3839Hz	63	3.839	70.00	0.437
468.73	0.05	Adapter 3839Hz	63	3.839	70.00	0.437
468.99	0.05	Adapter 3839Hz	63	3.839	70.00	0.437
469.07	0.05	Adapter 3839Hz	63	3.839	70.00	0.437
469.15	0.05	Adapter 3839Hz	63	3.839	70.00	0.437
469.23	0.05	Adapter 3839Hz	63	3.839	70.00	0.437
469.49	0.05	Adapter 3839Hz	63	3.839	70.00	0.437
469.57	0.05	Adapter 3839Hz	63	3.839	70.00	0.437
469.65	0.05	Adapter 3839Hz	63	3.839	70.00	0.437
469.73	0.05	Adapter 3839Hz	63	3.839	70.00	0.437
469.99	0.05	Adapter 3839Hz	63	3.839	70.00	0.437
470.07	0.05	Adapter 3839Hz	63	3.839	70.00	0.437
470.15	0.05	Adapter 3839Hz	63	3.839	70.00	0.437
470.23	0.05	Adapter 3839Hz	63	3.839	70.00	0.437
470.49	0.05	Adapter 3839Hz	63	3.839	70.00	0.437
470.57	0.05	Adapter 3839Hz	63	3.839	70.00	0.437
470.65	0.05	Adapter 3839Hz	63	3.839	70.00	0.437
470.73	0.05	Adapter 3839Hz	63	3.839	70.00	0.437
470.99	0.05	Adapter 3839Hz	63	3.839	70.00	0.437
471.07	0.05	Adapter 3839Hz	63	3.839	70.00	0.437
471.15	0.05	Adapter 3839Hz	63	3.839	70.00	0.437
471.23	0.05	Adapter 3839Hz	63	3.839	70.00	0.437
471.49	0.05	Adapter 3839Hz	63	3.839	70.00	0.437
471.57	0.05	Adapter 3839Hz	63	3.839	70.00	0.437
471.65	0.05	Adapter 3839Hz	63	3.839	70.00	0.437
471.73	0.05	Adapter 3839Hz	63	3.839	70.00	0.437
471.99	0.05	Adapter 3839Hz	63	3.839	70.00	0.437
472.07	0.05	Adapter 3839Hz	63	3.839	70.00	0.437
472.15	0.05	Adapter 3839Hz	63	3.839	70.00	0.437
472.23	0.05	Adapter 3839Hz	63	3.839	70.00	0.437
475.009	0.05	Adapter 899Hz	64	0.899	70.00	0.121
475.089	0.05	Adapter 899Hz	64	0.899	70.00	0.121
475.169	0.05	Adapter 899Hz	64	0.899	70.00	0.121
475.249	0.05	Adapter 899Hz	64	0.899	70.00	0.121
475.509	0.05	Adapter 899Hz	64	0.899	70.00	0.121
475.589	0.05	Adapter 899Hz	64	0.899	70.00	0.121
475.669	0.05	Adapter 899Hz	64	0.899	70.00	0.121
475.749	0.05	Adapter 899Hz	64	0.899	70.00	0.121
476.009	0.05	Adapter 899Hz	64	0.899	70.00	0.121
476.089	0.05	Adapter 899Hz	64	0.899	70.00	0.121
476.169	0.05	Adapter 899Hz	64	0.899	70.00	0.121
476.249	0.05	Adapter 899Hz	64	0.899	70.00	0.121
476.509	0.05	Adapter 899Hz	64	0.899	70.00	0.121
476.589	0.05	Adapter 899Hz	64	0.899	70.00	0.121
476.669	0.05	Adapter 899Hz	64	0.899	70.00	0.121
476.749	0.05	Adapter 899Hz	64	0.899	70.00	0.121
477.009	0.05	Adapter 899Hz	64	0.899	70.00	0.121
477.089	0.05	Adapter 899Hz	64	0.899	70.00	0.121
477.169	0.05	Adapter 899Hz	64	0.899	70.00	0.121
477.249	0.05	Adapter 899Hz	64	0.899	70.00	0.121
477.509	0.05	Adapter 899Hz	64	0.899	70.00	0.121
477.589	0.05	Adapter 899Hz	64	0.899	70.00	0.121
477.669	0.05	Adapter 899Hz	64	0.899	70.00	0.121
477.749	0.05	Adapter 899Hz	64	0.899	70.00	0.121
478.009	0.05	Adapter 899Hz	64	0.899	70.00	0.121
478.089	0.05	Adapter 899Hz	64	0.899	70.00	0.121
478.169	0.05	Adapter 899Hz	64	0.899	70.00	0.121
478.249	0.05	Adapter 899Hz	64	0.899	70.00	0.121
478.509	0.05	Adapter 899Hz	64	0.899	70.00	0.121
478.589	0.05	Adapter 899Hz	64	0.899	70.00	0.121
478.669	0.05	Adapter 899Hz	64	0.899	70.00	0.121
478.749	0.05	Adapter 899Hz	64	0.899	70.00	0.121
479.009	0.05	Adapter 899Hz	64	0.899	70.00	0.121
479.089	0.05	Adapter 899Hz	64	0.899	70.00	0.121
479.169	0.05	Adapter 899Hz	64	0.899	70.00	0.121
479.249	0.05	Adapter 899Hz	64	0.899	70.00	0.121
479.509	0.05	Adapter 899Hz	64	0.899	70.00	0.121
479.589	0.05	Adapter 899Hz	64	0.899	70.00	0.121
479.669	0.05	Adapter 899Hz	64	0.899	70.00	0.121
479.749	0.05	Adapter 899Hz	64	0.899	70.00	0.121
