onset	duration	trial_type	scan	frequency_kHz	level_dB_SPL	bandwidth_kHz
2.5	0.05	Adapter 2423Hz	1	2.423	70.00	0.285
2.58	0.05	Adapter 2423Hz	1	2.423	70.00	0.285
2.66	0.05	Adapter 2423Hz	1	2.423	70.00	0.285
2.74	0.05	Adapter 2423Hz	1	2.423	70.00	0.285
3.0	0.05	Adapter 2423Hz	1	2.423	70.00	0.285
3.08	0.05	Adapter 2423Hz	1	2.423	70.00	0.285
3.16	0.05	Adapter 2423Hz	1	2.423	70.00	0.285
3.24	0.05	Adapter 2423Hz	1	2.423	70.00	0.285
3.5	0.05	Adapter 2423Hz	1	2.423	70.00	0.285
3.58	0.05	Adapter 2423Hz	1	2.423	70.00	0.285
3.66	0.05	Adapter 2423Hz	1	2.423	70.00	0.285
3.74	0.05	Adapter 2423Hz	1	2.423	70.00	0.285
4.0	0.05	Adapter 2423Hz	1	2.423	70.00	0.285
4.08	0.05	Adapter 2423Hz	1	2.423	70.00	0.285
4.16	0.05	Adapter 2423Hz	1	2.423	70.00	0.285
4.24	0.05	Adapter 2423Hz	1	2.423	70.00	0.285
4.5	0.05	Adapter 2423Hz	1	2.423	70.00	0.285
4.58	0.05	Adapter 2423Hz	1	2.423	70.00	0.285
4.66	0.05	Adapter 2423Hz	1	2.423	70.00	0.285
4.74	0.05	Adapter 2423Hz	1	2.423	70.00	0.285
5.0	0.05	Adapter 2423Hz	1	2.423	70.00	0.285
5.08	0.05	Adapter 2423Hz	1	2.423	70.00	0.285
5.16	0.05	Adapter 2423Hz	1	2.423	70.00	0.285
5.24	0.05	Adapter 2423Hz	1	2.423	70.00	0.285
5.5	0.05	Adapter 2423Hz	1	2.423	70.00	0.285
5.58	0.05	Adapter 2423Hz	1	2.423	70.00	0.285
5.66	0.05	Adapter 2423Hz	1	2.423	70.00	0.285
5.74	0.05	Adapter 2423Hz	1	2.423	70.00	0.285
6.0	0.05	Adapter 2423Hz	1	2.423	70.00	0.285
6.08	0.05	Adapter 2423Hz	1	2.423	70.00	0.285
6.16	0.05	Adapter 2423Hz	1	2.423	70.00	0.285
6.24	0.05	Adapter 2423Hz	1	2.423	70.00	0.285
6.5	0.05	Adapter 2423Hz	1	2.423	70.00	0.285
6.58	0.05	Adapter 2423Hz	1	2.423	70.00	0.285
6.66	0.05	Adapter 2423Hz	1	2.423	70.00	0.285
6.74	0.05	Adapter 2423Hz	1	2.423	70.00	0.285
7.0	0.05	Adapter 2423Hz	1	2.423	70.00	0.285
7.08	0.05	Adapter 2423Hz	1	2.423	70.00	0.285
7.16	0.05	Adapter 2423Hz	1	2.423	70.00	0.285
7.24	0.05	Adapter 2423Hz	1	2.423	70.00	0.285
10.019	0.05	Adapter 251Hz	2	0.251	70.00	0.052
10.099	0.05	Adapter 251Hz	2	0.251	70.00	0.052
10.179	0.05	Adapter 251Hz	2	0.251	70.00	0.052
10.259	0.05	Adapter 251Hz	2	0.251	70.00	0.052
10.519	0.05	Adapter 251Hz	2	0.251	70.00	0.052
10.599	0.05	Adapter 251Hz	2	0.251	70.00	0.052
10.679	0.05	Adapter 251Hz	2	0.251	70.00	0.052
10.759	0.05	Adapter 251Hz	2	0.251	70.00	0.052
11.019	0.05	Adapter 251Hz	2	0.251	70.00	0.052
11.099	0.05	Adapter 251Hz	2	0.251	70.00	0.052
11.179	0.05	Adapter 251Hz	2	0.251	70.00	0.052
11.259	0.05	Adapter 251Hz	2	0.251	70.00	0.052
11.519	0.05	Adapter 251Hz	2	0.251	70.00	0.052
11.599	0.05	Adapter 251Hz	2	0.251	70.00	0.052
11.679	0.05	Adapter 251Hz	2	0.251	70.00	0.052
11.759	0.05	Adapter 251Hz	2	0.251	70.00	0.052
12.019	0.05	Adapter 251Hz	2	0.251	70.00	0.052
12.099	0.05	Adapter 251Hz	2	0.251	70.00	0.052
12.179	0.05	Adapter 251Hz	2	0.251	70.00	0.052
12.259	0.05	Adapter 251Hz	2	0.251	70.00	0.052
12.519	0.05	Adapter 251Hz	2	0.251	70.00	0.052
12.599	0.05	Adapter 251Hz	2	0.251	70.00	0.052
12.679	0.05	Adapter 251Hz	2	0.251	70.00	0.052
12.759	0.05	Adapter 251Hz	2	0.251	70.00	0.052
13.019	0.05	Adapter 251Hz	2	0.251	70.00	0.052
13.099	0.05	Adapter 251Hz	2	0.251	70.00	0.052
13.179	0.05	Adapter 251Hz	2	0.251	70.00	0.052
13.259	0.05	Adapter 251Hz	2	0.251	70.00	0.052
13.519	0.05	Adapter 251Hz	2	0.251	70.00	0.052
13.599	0.05	Adapter 251Hz	2	0.251	70.00	0.052
13.679	0.05	Adapter 251Hz	2	0.251	70.00	0.052
13.759	0.05	Adapter 251Hz	2	0.251	70.00	0.052
14.019	0.05	Adapter 251Hz	2	0.251	70.00	0.052
14.099	0.05	Adapter 251Hz	2	0.251	70.00	0.052
14.179	0.05	Adapter 251Hz	2	0.251	70.00	0.052
14.259	0.05	Adapter 251Hz	2	0.251	70.00	0.052
14.519	0.05	Adapter 251Hz	2	0.251	70.00	0.052
14.599	0.05	Adapter 251Hz	2	0.251	70.00	0.052
14.679	0.05	Adapter 251Hz	2	0.251	70.00	0.052
14.759	0.05	Adapter 251Hz	2	0.251	70.00	0.052
25.011	0.05	Adapter 507Hz Probe 3839Hz	4	0.507	70.00	0.079
25.091	0.05	Adapter 507Hz Probe 3839Hz	4	0.507	70.00	0.079
25.171	0.05	Adapter 507Hz Probe 3839Hz	4	0.507	70.00	0.079
25.251	0.05	Adapter 507Hz Probe 3839Hz	4	0.507	70.00	0.079
25.331	0.05	Adapter 507Hz Probe 3839Hz	4	3.839	70.00	0.437
25.511	0.05	Adapter 507Hz Probe 3839Hz	4	0.507	70.00	0.079
25.591	0.05	Adapter 507Hz Probe 3839Hz	4	0.507	70.00	0.079
25.671	0.05	Adapter 507Hz Probe 3839Hz	4	0.507	70.00	0.079
25.751	0.05	Adapter 507Hz Probe 3839Hz	4	0.507	70.00	0.079
25.831	0.05	Adapter 507Hz Probe 3839Hz	4	3.839	70.00	0.437
26.011	0.05	Adapter 507Hz Probe 3839Hz	4	0.507	70.00	0.079
26.091	0.05	Adapter 507Hz Probe 3839Hz	4	0.507	70.00	0.079
26.171	0.05	Adapter 507Hz Probe 3839Hz	4	0.507	70.00	0.079
26.251	0.05	Adapter 507Hz Probe 3839Hz	4	0.507	70.00	0.079
26.331	0.05	Adapter 507Hz Probe 3839Hz	4	3.839	70.00	0.437
26.511	0.05	Adapter 507Hz Probe 3839Hz	4	0.507	70.00	0.079
26.591	0.05	Adapter 507Hz Probe 3839Hz	4	0.507	70.00	0.079
26.671	0.05	Adapter 507Hz Probe 3839Hz	4	0.507	70.00	0.079
26.751	0.05	Adapter 507Hz Probe 3839Hz	4	0.507	70.00	0.079
26.831	0.05	Adapter 507Hz Probe 3839Hz	4	3.839	70.00	0.437
27.011	0.05	Adapter 507Hz Probe 3839Hz	4	0.507	70.00	0.079
27.091	0.05	Adapter 507Hz Probe 3839Hz	4	0.507	70.00	0.079
27.171	0.05	Adapter 507Hz Probe 3839Hz	4	0.507	70.00	0.079
27.251	0.05	Adapter 507Hz Probe 3839Hz	4	0.507	70.00	0.079
27.331	0.05	Adapter 507Hz Probe 3839Hz	4	3.839	70.00	0.437
27.511	0.05	Adapter 507Hz Probe 3839Hz	4	0.507	70.00	0.079
27.591	0.05	Adapter 507Hz Probe 3839Hz	4	0.507	70.00	0.079
27.671	0.05	Adapter 507Hz Probe 3839Hz	4	0.507	70.00	0.079
27.751	0.05	Adapter 507Hz Probe 3839Hz	4	0.507	70.00	0.079
27.831	0.05	Adapter 507Hz Probe 3839Hz	4	3.839	70.00	0.437
28.011	0.05	Adapter 507Hz Probe 3839Hz	4	0.507	70.00	0.079
28.091	0.05	Adapter 507Hz Probe 3839Hz	4	0.507	70.00	0.079
28.171	0.05	Adapter 507Hz Probe 3839Hz	4	0.507	70.00	0.079
28.251	0.05	Adapter 507Hz Probe 3839Hz	4	0.507	70.00	0.079
28.331	0.05	Adapter 507Hz Probe 3839Hz	4	3.839	70.00	0.437
28.511	0.05	Adapter 507Hz Probe 3839Hz	4	0.507	70.00	0.079
28.591	0.05	Adapter 507Hz Probe 3839Hz	4	0.507	70.00	0.079
28.671	0.05	Adapter 507Hz Probe 3839Hz	4	0.507	70.00	0.079
28.751	0.05	Adapter 507Hz Probe 3839Hz	4	0.507	70.00	0.079
28.831	0.05	Adapter 507Hz Probe 3839Hz	4	3.839	70.00	0.437
29.011	0.05	Adapter 507Hz Probe 3839Hz	4	0.507	70.00	0.079
29.091	0.05	Adapter 507Hz Probe 3839Hz	4	0.507	70.00	0.079
29.171	0.05	Adapter 507Hz Probe 3839Hz	4	0.507	70.00	0.079
29.251	0.05	Adapter 507Hz Probe 3839Hz	4	0.507	70.00	0.079
29.331	0.05	Adapter 507Hz Probe 3839Hz	4	3.839	70.00	0.437
29.511	0.05	Adapter 507Hz Probe 3839Hz	4	0.507	70.00	0.079
29.591	0.05	Adapter 507Hz Probe 3839Hz	4	0.507	70.00	0.079
29.671	0.05	Adapter 507Hz Probe 3839Hz	4	0.507	70.00	0.079
29.751	0.05	Adapter 507Hz Probe 3839Hz	4	0.507	70.00	0.079
29.831	0.05	Adapter 507Hz Probe 3839Hz	4	3.839	70.00	0.437
32.53	0.05	Adapter 2423Hz Probe 3839Hz	5	2.423	70.00	0.285
32.61	0.05	Adapter 2423Hz Probe 3839Hz	5	2.423	70.00	0.285
32.69	0.05	Adapter 2423Hz Probe 3839Hz	5	2.423	70.00	0.285
32.77	0.05	Adapter 2423Hz Probe 3839Hz	5	2.423	70.00	0.285
32.85	0.05	Adapter 2423Hz Probe 3839Hz	5	3.839	70.00	0.437
33.03	0.05	Adapter 2423Hz Probe 3839Hz	5	2.423	70.00	0.285
33.11	0.05	Adapter 2423Hz Probe 3839Hz	5	2.423	70.00	0.285
33.19	0.05	Adapter 2423Hz Probe 3839Hz	5	2.423	70.00	0.285
33.27	0.05	Adapter 2423Hz Probe 3839Hz	5	2.423	70.00	0.285
33.35	0.05	Adapter 2423Hz Probe 3839Hz	5	3.839	70.00	0.437
33.53	0.05	Adapter 2423Hz Probe 3839Hz	5	2.423	70.00	0.285
33.61	0.05	Adapter 2423Hz Probe 3839Hz	5	2.423	70.00	0.285
33.69	0.05	Adapter 2423Hz Probe 3839Hz	5	2.423	70.00	0.285
33.77	0.05	Adapter 2423Hz Probe 3839Hz	5	2.423	70.00	0.285
33.85	0.05	Adapter 2423Hz Probe 3839Hz	5	3.839	70.00	0.437
34.03	0.05	Adapter 2423Hz Probe 3839Hz	5	2.423	70.00	0.285
34.11	0.05	Adapter 2423Hz Probe 3839Hz	5	2.423	70.00	0.285
34.19	0.05	Adapter 2423Hz Probe 3839Hz	5	2.423	70.00	0.285
34.27	0.05	Adapter 2423Hz Probe 3839Hz	5	2.423	70.00	0.285
34.35	0.05	Adapter 2423Hz Probe 3839Hz	5	3.839	70.00	0.437
34.53	0.05	Adapter 2423Hz Probe 3839Hz	5	2.423	70.00	0.285
34.61	0.05	Adapter 2423Hz Probe 3839Hz	5	2.423	70.00	0.285
34.69	0.05	Adapter 2423Hz Probe 3839Hz	5	2.423	70.00	0.285
34.77	0.05	Adapter 2423Hz Probe 3839Hz	5	2.423	70.00	0.285
34.85	0.05	Adapter 2423Hz Probe 3839Hz	5	3.839	70.00	0.437
35.03	0.05	Adapter 2423Hz Probe 3839Hz	5	2.423	70.00	0.285
35.11	0.05	Adapter 2423Hz Probe 3839Hz	5	2.423	70.00	0.285
35.19	0.05	Adapter 2423Hz Probe 3839Hz	5	2.423	70.00	0.285
35.27	0.05	Adapter 2423Hz Probe 3839Hz	5	2.423	70.00	0.285
35.35	0.05	Adapter 2423Hz Probe 3839Hz	5	3.839	70.00	0.437
35.53	0.05	Adapter 2423Hz Probe 3839Hz	5	2.423	70.00	0.285
35.61	0.05	Adapter 2423Hz Probe 3839Hz	5	2.423	70.00	0.285
35.69	0.05	Adapter 2423Hz Probe 3839Hz	5	2.423	70.00	0.285
35.77	0.05	Adapter 2423Hz Probe 3839Hz	5	2.423	70.00	0.285
35.85	0.05	Adapter 2423Hz Probe 3839Hz	5	3.839	70.00	0.437
36.03	0.05	Adapter 2423Hz Probe 3839Hz	5	2.423	70.00	0.285
36.11	0.05	Adapter 2423Hz Probe 3839Hz	5	2.423	70.00	0.285
36.19	0.05	Adapter 2423Hz Probe 3839Hz	5	2.423	70.00	0.285
36.27	0.05	Adapter 2423Hz Probe 3839Hz	5	2.423	70.00	0.285
36.35	0.05	Adapter 2423Hz Probe 3839Hz	5	3.839	70.00	0.437
36.53	0.05	Adapter 2423Hz Probe 3839Hz	5	2.423	70.00	0.285
36.61	0.05	Adapter 2423Hz Probe 3839Hz	5	2.423	70.00	0.285
36.69	0.05	Adapter 2423Hz Probe 3839Hz	5	2.423	70.00	0.285
36.77	0.05	Adapter 2423Hz Probe 3839Hz	5	2.423	70.00	0.285
36.85	0.05	Adapter 2423Hz Probe 3839Hz	5	3.839	70.00	0.437
37.03	0.05	Adapter 2423Hz Probe 3839Hz	5	2.423	70.00	0.285
37.11	0.05	Adapter 2423Hz Probe 3839Hz	5	2.423	70.00	0.285
37.19	0.05	Adapter 2423Hz Probe 3839Hz	5	2.423	70.00	0.285
37.27	0.05	Adapter 2423Hz Probe 3839Hz	5	2.423	70.00	0.285
37.35	0.05	Adapter 2423Hz Probe 3839Hz	5	3.839	70.00	0.437
40.049	0.05	Adapter 1501Hz Probe 3839Hz	6	1.501	70.00	0.186
40.129	0.05	Adapter 1501Hz Probe 3839Hz	6	1.501	70.00	0.186
40.209	0.05	Adapter 1501Hz Probe 3839Hz	6	1.501	70.00	0.186
40.289	0.05	Adapter 1501Hz Probe 3839Hz	6	1.501	70.00	0.186
40.369	0.05	Adapter 1501Hz Probe 3839Hz	6	3.839	70.00	0.437
40.549	0.05	Adapter 1501Hz Probe 3839Hz	6	1.501	70.00	0.186
40.629	0.05	Adapter 1501Hz Probe 3839Hz	6	1.501	70.00	0.186
40.709	0.05	Adapter 1501Hz Probe 3839Hz	6	1.501	70.00	0.186
40.789	0.05	Adapter 1501Hz Probe 3839Hz	6	1.501	70.00	0.186
40.869	0.05	Adapter 1501Hz Probe 3839Hz	6	3.839	70.00	0.437
41.049	0.05	Adapter 1501Hz Probe 3839Hz	6	1.501	70.00	0.186
41.129	0.05	Adapter 1501Hz Probe 3839Hz	6	1.501	70.00	0.186
41.209	0.05	Adapter 1501Hz Probe 3839Hz	6	1.501	70.00	0.186
41.289	0.05	Adapter 1501Hz Probe 3839Hz	6	1.501	70.00	0.186
41.369	0.05	Adapter 1501Hz Probe 3839Hz	6	3.839	70.00	0.437
41.549	0.05	Adapter 1501Hz Probe 3839Hz	6	1.501	70.00	0.186
41.629	0.05	Adapter 1501Hz Probe 3839Hz	6	1.501	70.00	0.186
41.709	0.05	Adapter 1501Hz Probe 3839Hz	6	1.501	70.00	0.186
41.789	0.05	Adapter 1501Hz Probe 3839Hz	6	1.501	70.00	0.186
41.869	0.05	Adapter 1501Hz Probe 3839Hz	6	3.839	70.00	0.437
42.049	0.05	Adapter 1501Hz Probe 3839Hz	6	1.501	70.00	0.186
42.129	0.05	Adapter 1501Hz Probe 3839Hz	6	1.501	70.00	0.186
42.209	0.05	Adapter 1501Hz Probe 3839Hz	6	1.501	70.00	0.186
42.289	0.05	Adapter 1501Hz Probe 3839Hz	6	1.501	70.00	0.186
42.369	0.05	Adapter 1501Hz Probe 3839Hz	6	3.839	70.00	0.437
42.549	0.05	Adapter 1501Hz Probe 3839Hz	6	1.501	70.00	0.186
42.629	0.05	Adapter 1501Hz Probe 3839Hz	6	1.501	70.00	0.186
42.709	0.05	Adapter 1501Hz Probe 3839Hz	6	1.501	70.00	0.186
42.789	0.05	Adapter 1501Hz Probe 3839Hz	6	1.501	70.00	0.186
42.869	0.05	Adapter 1501Hz Probe 3839Hz	6	3.839	70.00	0.437
43.049	0.05	Adapter 1501Hz Probe 3839Hz	6	1.501	70.00	0.186
43.129	0.05	Adapter 1501Hz Probe 3839Hz	6	1.501	70.00	0.186
43.209	0.05	Adapter 1501Hz Probe 3839Hz	6	1.501	70.00	0.186
43.289	0.05	Adapter 1501Hz Probe 3839Hz	6	1.501	70.00	0.186
43.369	0.05	Adapter 1501Hz Probe 3839Hz	6	3.839	70.00	0.437
43.549	0.05	Adapter 1501Hz Probe 3839Hz	6	1.501	70.00	0.186
43.629	0.05	Adapter 1501Hz Probe 3839Hz	6	1.501	70.00	0.186
43.709	0.05	Adapter 1501Hz Probe 3839Hz	6	1.501	70.00	0.186
43.789	0.05	Adapter 1501Hz Probe 3839Hz	6	1.501	70.00	0.186
43.869	0.05	Adapter 1501Hz Probe 3839Hz	6	3.839	70.00	0.437
44.049	0.05	Adapter 1501Hz Probe 3839Hz	6	1.501	70.00	0.186
44.129	0.05	Adapter 1501Hz Probe 3839Hz	6	1.501	70.00	0.186
44.209	0.05	Adapter 1501Hz Probe 3839Hz	6	1.501	70.00	0.186
44.289	0.05	Adapter 1501Hz Probe 3839Hz	6	1.501	70.00	0.186
44.369	0.05	Adapter 1501Hz Probe 3839Hz	6	3.839	70.00	0.437
44.549	0.05	Adapter 1501Hz Probe 3839Hz	6	1.501	70.00	0.186
44.629	0.05	Adapter 1501Hz Probe 3839Hz	6	1.501	70.00	0.186
44.709	0.05	Adapter 1501Hz Probe 3839Hz	6	1.501	70.00	0.186
44.789	0.05	Adapter 1501Hz Probe 3839Hz	6	1.501	70.00	0.186
44.869	0.05	Adapter 1501Hz Probe 3839Hz	6	3.839	70.00	0.437
55.01	0.05	Adapter 6009Hz	8	6.009	70.00	0.671
55.09	0.05	Adapter 6009Hz	8	6.009	70.00	0.671
55.17	0.05	Adapter 6009Hz	8	6.009	70.00	0.671
55.25	0.05	Adapter 6009Hz	8	6.009	70.00	0.671
55.51	0.05	Adapter 6009Hz	8	6.009	70.00	0.671
55.59	0.05	Adapter 6009Hz	8	6.009	70.00	0.671
55.67	0.05	Adapter 6009Hz	8	6.009	70.00	0.671
55.75	0.05	Adapter 6009Hz	8	6.009	70.00	0.671
56.01	0.05	Adapter 6009Hz	8	6.009	70.00	0.671
56.09	0.05	Adapter 6009Hz	8	6.009	70.00	0.671
56.17	0.05	Adapter 6009Hz	8	6.009	70.00	0.671
56.25	0.05	Adapter 6009Hz	8	6.009	70.00	0.671
56.51	0.05	Adapter 6009Hz	8	6.009	70.00	0.671
56.59	0.05	Adapter 6009Hz	8	6.009	70.00	0.671
56.67	0.05	Adapter 6009Hz	8	6.009	70.00	0.671
56.75	0.05	Adapter 6009Hz	8	6.009	70.00	0.671
57.01	0.05	Adapter 6009Hz	8	6.009	70.00	0.671
57.09	0.05	Adapter 6009Hz	8	6.009	70.00	0.671
57.17	0.05	Adapter 6009Hz	8	6.009	70.00	0.671
57.25	0.05	Adapter 6009Hz	8	6.009	70.00	0.671
57.51	0.05	Adapter 6009Hz	8	6.009	70.00	0.671
57.59	0.05	Adapter 6009Hz	8	6.009	70.00	0.671
57.67	0.05	Adapter 6009Hz	8	6.009	70.00	0.671
57.75	0.05	Adapter 6009Hz	8	6.009	70.00	0.671
58.01	0.05	Adapter 6009Hz	8	6.009	70.00	0.671
58.09	0.05	Adapter 6009Hz	8	6.009	70.00	0.671
58.17	0.05	Adapter 6009Hz	8	6.009	70.00	0.671
58.25	0.05	Adapter 6009Hz	8	6.009	70.00	0.671
58.51	0.05	Adapter 6009Hz	8	6.009	70.00	0.671
58.59	0.05	Adapter 6009Hz	8	6.009	70.00	0.671
58.67	0.05	Adapter 6009Hz	8	6.009	70.00	0.671
58.75	0.05	Adapter 6009Hz	8	6.009	70.00	0.671
59.01	0.05	Adapter 6009Hz	8	6.009	70.00	0.671
59.09	0.05	Adapter 6009Hz	8	6.009	70.00	0.671
59.17	0.05	Adapter 6009Hz	8	6.009	70.00	0.671
59.25	0.05	Adapter 6009Hz	8	6.009	70.00	0.671
59.51	0.05	Adapter 6009Hz	8	6.009	70.00	0.671
59.59	0.05	Adapter 6009Hz	8	6.009	70.00	0.671
59.67	0.05	Adapter 6009Hz	8	6.009	70.00	0.671
59.75	0.05	Adapter 6009Hz	8	6.009	70.00	0.671
70.048	0.05	Adapter 899Hz Probe 3839Hz	10	0.899	70.00	0.121
70.128	0.05	Adapter 899Hz Probe 3839Hz	10	0.899	70.00	0.121
70.208	0.05	Adapter 899Hz Probe 3839Hz	10	0.899	70.00	0.121
70.288	0.05	Adapter 899Hz Probe 3839Hz	10	0.899	70.00	0.121
70.368	0.05	Adapter 899Hz Probe 3839Hz	10	3.839	70.00	0.437
70.548	0.05	Adapter 899Hz Probe 3839Hz	10	0.899	70.00	0.121
70.628	0.05	Adapter 899Hz Probe 3839Hz	10	0.899	70.00	0.121
70.708	0.05	Adapter 899Hz Probe 3839Hz	10	0.899	70.00	0.121
70.788	0.05	Adapter 899Hz Probe 3839Hz	10	0.899	70.00	0.121
70.868	0.05	Adapter 899Hz Probe 3839Hz	10	3.839	70.00	0.437
71.048	0.05	Adapter 899Hz Probe 3839Hz	10	0.899	70.00	0.121
71.128	0.05	Adapter 899Hz Probe 3839Hz	10	0.899	70.00	0.121
71.208	0.05	Adapter 899Hz Probe 3839Hz	10	0.899	70.00	0.121
71.288	0.05	Adapter 899Hz Probe 3839Hz	10	0.899	70.00	0.121
71.368	0.05	Adapter 899Hz Probe 3839Hz	10	3.839	70.00	0.437
71.548	0.05	Adapter 899Hz Probe 3839Hz	10	0.899	70.00	0.121
71.628	0.05	Adapter 899Hz Probe 3839Hz	10	0.899	70.00	0.121
71.708	0.05	Adapter 899Hz Probe 3839Hz	10	0.899	70.00	0.121
71.788	0.05	Adapter 899Hz Probe 3839Hz	10	0.899	70.00	0.121
71.868	0.05	Adapter 899Hz Probe 3839Hz	10	3.839	70.00	0.437
72.048	0.05	Adapter 899Hz Probe 3839Hz	10	0.899	70.00	0.121
72.128	0.05	Adapter 899Hz Probe 3839Hz	10	0.899	70.00	0.121
72.208	0.05	Adapter 899Hz Probe 3839Hz	10	0.899	70.00	0.121
72.288	0.05	Adapter 899Hz Probe 3839Hz	10	0.899	70.00	0.121
72.368	0.05	Adapter 899Hz Probe 3839Hz	10	3.839	70.00	0.437
72.548	0.05	Adapter 899Hz Probe 3839Hz	10	0.899	70.00	0.121
72.628	0.05	Adapter 899Hz Probe 3839Hz	10	0.899	70.00	0.121
72.708	0.05	Adapter 899Hz Probe 3839Hz	10	0.899	70.00	0.121
72.788	0.05	Adapter 899Hz Probe 3839Hz	10	0.899	70.00	0.121
72.868	0.05	Adapter 899Hz Probe 3839Hz	10	3.839	70.00	0.437
73.048	0.05	Adapter 899Hz Probe 3839Hz	10	0.899	70.00	0.121
73.128	0.05	Adapter 899Hz Probe 3839Hz	10	0.899	70.00	0.121
73.208	0.05	Adapter 899Hz Probe 3839Hz	10	0.899	70.00	0.121
73.288	0.05	Adapter 899Hz Probe 3839Hz	10	0.899	70.00	0.121
73.368	0.05	Adapter 899Hz Probe 3839Hz	10	3.839	70.00	0.437
73.548	0.05	Adapter 899Hz Probe 3839Hz	10	0.899	70.00	0.121
73.628	0.05	Adapter 899Hz Probe 3839Hz	10	0.899	70.00	0.121
73.708	0.05	Adapter 899Hz Probe 3839Hz	10	0.899	70.00	0.121
73.788	0.05	Adapter 899Hz Probe 3839Hz	10	0.899	70.00	0.121
73.868	0.05	Adapter 899Hz Probe 3839Hz	10	3.839	70.00	0.437
74.048	0.05	Adapter 899Hz Probe 3839Hz	10	0.899	70.00	0.121
74.128	0.05	Adapter 899Hz Probe 3839Hz	10	0.899	70.00	0.121
74.208	0.05	Adapter 899Hz Probe 3839Hz	10	0.899	70.00	0.121
74.288	0.05	Adapter 899Hz Probe 3839Hz	10	0.899	70.00	0.121
74.368	0.05	Adapter 899Hz Probe 3839Hz	10	3.839	70.00	0.437
74.548	0.05	Adapter 899Hz Probe 3839Hz	10	0.899	70.00	0.121
74.628	0.05	Adapter 899Hz Probe 3839Hz	10	0.899	70.00	0.121
74.708	0.05	Adapter 899Hz Probe 3839Hz	10	0.899	70.00	0.121
74.788	0.05	Adapter 899Hz Probe 3839Hz	10	0.899	70.00	0.121
74.868	0.05	Adapter 899Hz Probe 3839Hz	10	3.839	70.00	0.437
77.52	0.05	Adapter 3839Hz	11	3.839	70.00	0.437
77.6	0.05	Adapter 3839Hz	11	3.839	70.00	0.437
77.68	0.05	Adapter 3839Hz	11	3.839	70.00	0.437
77.76	0.05	Adapter 3839Hz	11	3.839	70.00	0.437
78.02	0.05	Adapter 3839Hz	11	3.839	70.00	0.437
78.1	0.05	Adapter 3839Hz	11	3.839	70.00	0.437
78.18	0.05	Adapter 3839Hz	11	3.839	70.00	0.437
78.26	0.05	Adapter 3839Hz	11	3.839	70.00	0.437
78.52	0.05	Adapter 3839Hz	11	3.839	70.00	0.437
78.6	0.05	Adapter 3839Hz	11	3.839	70.00	0.437
78.68	0.05	Adapter 3839Hz	11	3.839	70.00	0.437
78.76	0.05	Adapter 3839Hz	11	3.839	70.00	0.437
79.02	0.05	Adapter 3839Hz	11	3.839	70.00	0.437
79.1	0.05	Adapter 3839Hz	11	3.839	70.00	0.437
79.18	0.05	Adapter 3839Hz	11	3.839	70.00	0.437
79.26	0.05	Adapter 3839Hz	11	3.839	70.00	0.437
79.52	0.05	Adapter 3839Hz	11	3.839	70.00	0.437
79.6	0.05	Adapter 3839Hz	11	3.839	70.00	0.437
79.68	0.05	Adapter 3839Hz	11	3.839	70.00	0.437
79.76	0.05	Adapter 3839Hz	11	3.839	70.00	0.437
80.02	0.05	Adapter 3839Hz	11	3.839	70.00	0.437
80.1	0.05	Adapter 3839Hz	11	3.839	70.00	0.437
80.18	0.05	Adapter 3839Hz	11	3.839	70.00	0.437
80.26	0.05	Adapter 3839Hz	11	3.839	70.00	0.437
80.52	0.05	Adapter 3839Hz	11	3.839	70.00	0.437
80.6	0.05	Adapter 3839Hz	11	3.839	70.00	0.437
80.68	0.05	Adapter 3839Hz	11	3.839	70.00	0.437
80.76	0.05	Adapter 3839Hz	11	3.839	70.00	0.437
81.02	0.05	Adapter 3839Hz	11	3.839	70.00	0.437
81.1	0.05	Adapter 3839Hz	11	3.839	70.00	0.437
81.18	0.05	Adapter 3839Hz	11	3.839	70.00	0.437
81.26	0.05	Adapter 3839Hz	11	3.839	70.00	0.437
81.52	0.05	Adapter 3839Hz	11	3.839	70.00	0.437
81.6	0.05	Adapter 3839Hz	11	3.839	70.00	0.437
81.68	0.05	Adapter 3839Hz	11	3.839	70.00	0.437
81.76	0.05	Adapter 3839Hz	11	3.839	70.00	0.437
82.02	0.05	Adapter 3839Hz	11	3.839	70.00	0.437
82.1	0.05	Adapter 3839Hz	11	3.839	70.00	0.437
82.18	0.05	Adapter 3839Hz	11	3.839	70.00	0.437
82.26	0.05	Adapter 3839Hz	11	3.839	70.00	0.437
85.008	0.05	Adapter 899Hz	12	0.899	70.00	0.121
85.088	0.05	Adapter 899Hz	12	0.899	70.00	0.121
85.168	0.05	Adapter 899Hz	12	0.899	70.00	0.121
85.248	0.05	Adapter 899Hz	12	0.899	70.00	0.121
85.508	0.05	Adapter 899Hz	12	0.899	70.00	0.121
85.588	0.05	Adapter 899Hz	12	0.899	70.00	0.121
85.668	0.05	Adapter 899Hz	12	0.899	70.00	0.121
85.748	0.05	Adapter 899Hz	12	0.899	70.00	0.121
86.008	0.05	Adapter 899Hz	12	0.899	70.00	0.121
86.088	0.05	Adapter 899Hz	12	0.899	70.00	0.121
86.168	0.05	Adapter 899Hz	12	0.899	70.00	0.121
86.248	0.05	Adapter 899Hz	12	0.899	70.00	0.121
86.508	0.05	Adapter 899Hz	12	0.899	70.00	0.121
86.588	0.05	Adapter 899Hz	12	0.899	70.00	0.121
86.668	0.05	Adapter 899Hz	12	0.899	70.00	0.121
86.748	0.05	Adapter 899Hz	12	0.899	70.00	0.121
87.008	0.05	Adapter 899Hz	12	0.899	70.00	0.121
87.088	0.05	Adapter 899Hz	12	0.899	70.00	0.121
87.168	0.05	Adapter 899Hz	12	0.899	70.00	0.121
87.248	0.05	Adapter 899Hz	12	0.899	70.00	0.121
87.508	0.05	Adapter 899Hz	12	0.899	70.00	0.121
87.588	0.05	Adapter 899Hz	12	0.899	70.00	0.121
87.668	0.05	Adapter 899Hz	12	0.899	70.00	0.121
87.748	0.05	Adapter 899Hz	12	0.899	70.00	0.121
88.008	0.05	Adapter 899Hz	12	0.899	70.00	0.121
88.088	0.05	Adapter 899Hz	12	0.899	70.00	0.121
88.168	0.05	Adapter 899Hz	12	0.899	70.00	0.121
88.248	0.05	Adapter 899Hz	12	0.899	70.00	0.121
88.508	0.05	Adapter 899Hz	12	0.899	70.00	0.121
88.588	0.05	Adapter 899Hz	12	0.899	70.00	0.121
88.668	0.05	Adapter 899Hz	12	0.899	70.00	0.121
88.748	0.05	Adapter 899Hz	12	0.899	70.00	0.121
89.008	0.05	Adapter 899Hz	12	0.899	70.00	0.121
89.088	0.05	Adapter 899Hz	12	0.899	70.00	0.121
89.168	0.05	Adapter 899Hz	12	0.899	70.00	0.121
89.248	0.05	Adapter 899Hz	12	0.899	70.00	0.121
89.508	0.05	Adapter 899Hz	12	0.899	70.00	0.121
89.588	0.05	Adapter 899Hz	12	0.899	70.00	0.121
89.668	0.05	Adapter 899Hz	12	0.899	70.00	0.121
89.748	0.05	Adapter 899Hz	12	0.899	70.00	0.121
92.559	0.05	Adapter 507Hz	13	0.507	70.00	0.079
92.639	0.05	Adapter 507Hz	13	0.507	70.00	0.079
92.719	0.05	Adapter 507Hz	13	0.507	70.00	0.079
92.799	0.05	Adapter 507Hz	13	0.507	70.00	0.079
93.059	0.05	Adapter 507Hz	13	0.507	70.00	0.079
93.139	0.05	Adapter 507Hz	13	0.507	70.00	0.079
93.219	0.05	Adapter 507Hz	13	0.507	70.00	0.079
93.299	0.05	Adapter 507Hz	13	0.507	70.00	0.079
93.559	0.05	Adapter 507Hz	13	0.507	70.00	0.079
93.639	0.05	Adapter 507Hz	13	0.507	70.00	0.079
93.719	0.05	Adapter 507Hz	13	0.507	70.00	0.079
93.799	0.05	Adapter 507Hz	13	0.507	70.00	0.079
94.059	0.05	Adapter 507Hz	13	0.507	70.00	0.079
94.139	0.05	Adapter 507Hz	13	0.507	70.00	0.079
94.219	0.05	Adapter 507Hz	13	0.507	70.00	0.079
94.299	0.05	Adapter 507Hz	13	0.507	70.00	0.079
94.559	0.05	Adapter 507Hz	13	0.507	70.00	0.079
94.639	0.05	Adapter 507Hz	13	0.507	70.00	0.079
94.719	0.05	Adapter 507Hz	13	0.507	70.00	0.079
94.799	0.05	Adapter 507Hz	13	0.507	70.00	0.079
95.059	0.05	Adapter 507Hz	13	0.507	70.00	0.079
95.139	0.05	Adapter 507Hz	13	0.507	70.00	0.079
95.219	0.05	Adapter 507Hz	13	0.507	70.00	0.079
95.299	0.05	Adapter 507Hz	13	0.507	70.00	0.079
95.559	0.05	Adapter 507Hz	13	0.507	70.00	0.079
95.639	0.05	Adapter 507Hz	13	0.507	70.00	0.079
95.719	0.05	Adapter 507Hz	13	0.507	70.00	0.079
95.799	0.05	Adapter 507Hz	13	0.507	70.00	0.079
96.059	0.05	Adapter 507Hz	13	0.507	70.00	0.079
96.139	0.05	Adapter 507Hz	13	0.507	70.00	0.079
96.219	0.05	Adapter 507Hz	13	0.507	70.00	0.079
96.299	0.05	Adapter 507Hz	13	0.507	70.00	0.079
96.559	0.05	Adapter 507Hz	13	0.507	70.00	0.079
96.639	0.05	Adapter 507Hz	13	0.507	70.00	0.079
96.719	0.05	Adapter 507Hz	13	0.507	70.00	0.079
96.799	0.05	Adapter 507Hz	13	0.507	70.00	0.079
97.059	0.05	Adapter 507Hz	13	0.507	70.00	0.079
97.139	0.05	Adapter 507Hz	13	0.507	70.00	0.079
97.219	0.05	Adapter 507Hz	13	0.507	70.00	0.079
97.299	0.05	Adapter 507Hz	13	0.507	70.00	0.079
100.351	0.05	Probe 3839Hz	14	3.839	70.00	0.437
100.851	0.05	Probe 3839Hz	14	3.839	70.00	0.437
101.351	0.05	Probe 3839Hz	14	3.839	70.00	0.437
101.851	0.05	Probe 3839Hz	14	3.839	70.00	0.437
102.351	0.05	Probe 3839Hz	14	3.839	70.00	0.437
102.851	0.05	Probe 3839Hz	14	3.839	70.00	0.437
103.351	0.05	Probe 3839Hz	14	3.839	70.00	0.437
103.851	0.05	Probe 3839Hz	14	3.839	70.00	0.437
104.351	0.05	Probe 3839Hz	14	3.839	70.00	0.437
104.851	0.05	Probe 3839Hz	14	3.839	70.00	0.437
107.504	0.05	Adapter 3839Hz Probe 3839Hz	15	3.839	70.00	0.437
107.584	0.05	Adapter 3839Hz Probe 3839Hz	15	3.839	70.00	0.437
107.664	0.05	Adapter 3839Hz Probe 3839Hz	15	3.839	70.00	0.437
107.744	0.05	Adapter 3839Hz Probe 3839Hz	15	3.839	70.00	0.437
107.824	0.05	Adapter 3839Hz Probe 3839Hz	15	3.839	70.00	0.437
108.004	0.05	Adapter 3839Hz Probe 3839Hz	15	3.839	70.00	0.437
108.084	0.05	Adapter 3839Hz Probe 3839Hz	15	3.839	70.00	0.437
108.164	0.05	Adapter 3839Hz Probe 3839Hz	15	3.839	70.00	0.437
108.244	0.05	Adapter 3839Hz Probe 3839Hz	15	3.839	70.00	0.437
108.324	0.05	Adapter 3839Hz Probe 3839Hz	15	3.839	70.00	0.437
108.504	0.05	Adapter 3839Hz Probe 3839Hz	15	3.839	70.00	0.437
108.584	0.05	Adapter 3839Hz Probe 3839Hz	15	3.839	70.00	0.437
108.664	0.05	Adapter 3839Hz Probe 3839Hz	15	3.839	70.00	0.437
108.744	0.05	Adapter 3839Hz Probe 3839Hz	15	3.839	70.00	0.437
108.824	0.05	Adapter 3839Hz Probe 3839Hz	15	3.839	70.00	0.437
109.004	0.05	Adapter 3839Hz Probe 3839Hz	15	3.839	70.00	0.437
109.084	0.05	Adapter 3839Hz Probe 3839Hz	15	3.839	70.00	0.437
109.164	0.05	Adapter 3839Hz Probe 3839Hz	15	3.839	70.00	0.437
109.244	0.05	Adapter 3839Hz Probe 3839Hz	15	3.839	70.00	0.437
109.324	0.05	Adapter 3839Hz Probe 3839Hz	15	3.839	70.00	0.437
109.504	0.05	Adapter 3839Hz Probe 3839Hz	15	3.839	70.00	0.437
109.584	0.05	Adapter 3839Hz Probe 3839Hz	15	3.839	70.00	0.437
109.664	0.05	Adapter 3839Hz Probe 3839Hz	15	3.839	70.00	0.437
109.744	0.05	Adapter 3839Hz Probe 3839Hz	15	3.839	70.00	0.437
109.824	0.05	Adapter 3839Hz Probe 3839Hz	15	3.839	70.00	0.437
110.004	0.05	Adapter 3839Hz Probe 3839Hz	15	3.839	70.00	0.437
110.084	0.05	Adapter 3839Hz Probe 3839Hz	15	3.839	70.00	0.437
110.164	0.05	Adapter 3839Hz Probe 3839Hz	15	3.839	70.00	0.437
110.244	0.05	Adapter 3839Hz Probe 3839Hz	15	3.839	70.00	0.437
110.324	0.05	Adapter 3839Hz Probe 3839Hz	15	3.839	70.00	0.437
110.504	0.05	Adapter 3839Hz Probe 3839Hz	15	3.839	70.00	0.437
110.584	0.05	Adapter 3839Hz Probe 3839Hz	15	3.839	70.00	0.437
110.664	0.05	Adapter 3839Hz Probe 3839Hz	15	3.839	70.00	0.437
110.744	0.05	Adapter 3839Hz Probe 3839Hz	15	3.839	70.00	0.437
110.824	0.05	Adapter 3839Hz Probe 3839Hz	15	3.839	70.00	0.437
111.004	0.05	Adapter 3839Hz Probe 3839Hz	15	3.839	70.00	0.437
111.084	0.05	Adapter 3839Hz Probe 3839Hz	15	3.839	70.00	0.437
111.164	0.05	Adapter 3839Hz Probe 3839Hz	15	3.839	70.00	0.437
111.244	0.05	Adapter 3839Hz Probe 3839Hz	15	3.839	70.00	0.437
111.324	0.05	Adapter 3839Hz Probe 3839Hz	15	3.839	70.00	0.437
111.504	0.05	Adapter 3839Hz Probe 3839Hz	15	3.839	70.00	0.437
111.584	0.05	Adapter 3839Hz Probe 3839Hz	15	3.839	70.00	0.437
111.664	0.05	Adapter 3839Hz Probe 3839Hz	15	3.839	70.00	0.437
111.744	0.05	Adapter 3839Hz Probe 3839Hz	15	3.839	70.00	0.437
111.824	0.05	Adapter 3839Hz Probe 3839Hz	15	3.839	70.00	0.437
112.004	0.05	Adapter 3839Hz Probe 3839Hz	15	3.839	70.00	0.437
112.084	0.05	Adapter 3839Hz Probe 3839Hz	15	3.839	70.00	0.437
112.164	0.05	Adapter 3839Hz Probe 3839Hz	15	3.839	70.00	0.437
112.244	0.05	Adapter 3839Hz Probe 3839Hz	15	3.839	70.00	0.437
112.324	0.05	Adapter 3839Hz Probe 3839Hz	15	3.839	70.00	0.437
115.023	0.05	Adapter 1501Hz	16	1.501	70.00	0.186
115.103	0.05	Adapter 1501Hz	16	1.501	70.00	0.186
115.183	0.05	Adapter 1501Hz	16	1.501	70.00	0.186
115.263	0.05	Adapter 1501Hz	16	1.501	70.00	0.186
115.523	0.05	Adapter 1501Hz	16	1.501	70.00	0.186
115.603	0.05	Adapter 1501Hz	16	1.501	70.00	0.186
115.683	0.05	Adapter 1501Hz	16	1.501	70.00	0.186
115.763	0.05	Adapter 1501Hz	16	1.501	70.00	0.186
116.023	0.05	Adapter 1501Hz	16	1.501	70.00	0.186
116.103	0.05	Adapter 1501Hz	16	1.501	70.00	0.186
116.183	0.05	Adapter 1501Hz	16	1.501	70.00	0.186
116.263	0.05	Adapter 1501Hz	16	1.501	70.00	0.186
116.523	0.05	Adapter 1501Hz	16	1.501	70.00	0.186
116.603	0.05	Adapter 1501Hz	16	1.501	70.00	0.186
116.683	0.05	Adapter 1501Hz	16	1.501	70.00	0.186
116.763	0.05	Adapter 1501Hz	16	1.501	70.00	0.186
117.023	0.05	Adapter 1501Hz	16	1.501	70.00	0.186
117.103	0.05	Adapter 1501Hz	16	1.501	70.00	0.186
117.183	0.05	Adapter 1501Hz	16	1.501	70.00	0.186
117.263	0.05	Adapter 1501Hz	16	1.501	70.00	0.186
117.523	0.05	Adapter 1501Hz	16	1.501	70.00	0.186
117.603	0.05	Adapter 1501Hz	16	1.501	70.00	0.186
117.683	0.05	Adapter 1501Hz	16	1.501	70.00	0.186
117.763	0.05	Adapter 1501Hz	16	1.501	70.00	0.186
118.023	0.05	Adapter 1501Hz	16	1.501	70.00	0.186
118.103	0.05	Adapter 1501Hz	16	1.501	70.00	0.186
118.183	0.05	Adapter 1501Hz	16	1.501	70.00	0.186
118.263	0.05	Adapter 1501Hz	16	1.501	70.00	0.186
118.523	0.05	Adapter 1501Hz	16	1.501	70.00	0.186
118.603	0.05	Adapter 1501Hz	16	1.501	70.00	0.186
118.683	0.05	Adapter 1501Hz	16	1.501	70.00	0.186
118.763	0.05	Adapter 1501Hz	16	1.501	70.00	0.186
119.023	0.05	Adapter 1501Hz	16	1.501	70.00	0.186
119.103	0.05	Adapter 1501Hz	16	1.501	70.00	0.186
119.183	0.05	Adapter 1501Hz	16	1.501	70.00	0.186
119.263	0.05	Adapter 1501Hz	16	1.501	70.00	0.186
119.523	0.05	Adapter 1501Hz	16	1.501	70.00	0.186
119.603	0.05	Adapter 1501Hz	16	1.501	70.00	0.186
119.683	0.05	Adapter 1501Hz	16	1.501	70.00	0.186
119.763	0.05	Adapter 1501Hz	16	1.501	70.00	0.186
122.831	0.05	Probe 3839Hz	17	3.839	70.00	0.437
123.331	0.05	Probe 3839Hz	17	3.839	70.00	0.437
123.831	0.05	Probe 3839Hz	17	3.839	70.00	0.437
124.331	0.05	Probe 3839Hz	17	3.839	70.00	0.437
124.831	0.05	Probe 3839Hz	17	3.839	70.00	0.437
125.331	0.05	Probe 3839Hz	17	3.839	70.00	0.437
125.831	0.05	Probe 3839Hz	17	3.839	70.00	0.437
126.331	0.05	Probe 3839Hz	17	3.839	70.00	0.437
126.831	0.05	Probe 3839Hz	17	3.839	70.00	0.437
127.331	0.05	Probe 3839Hz	17	3.839	70.00	0.437
130.015	0.05	Adapter 2423Hz	18	2.423	70.00	0.285
130.095	0.05	Adapter 2423Hz	18	2.423	70.00	0.285
130.175	0.05	Adapter 2423Hz	18	2.423	70.00	0.285
130.255	0.05	Adapter 2423Hz	18	2.423	70.00	0.285
130.515	0.05	Adapter 2423Hz	18	2.423	70.00	0.285
130.595	0.05	Adapter 2423Hz	18	2.423	70.00	0.285
130.675	0.05	Adapter 2423Hz	18	2.423	70.00	0.285
130.755	0.05	Adapter 2423Hz	18	2.423	70.00	0.285
131.015	0.05	Adapter 2423Hz	18	2.423	70.00	0.285
131.095	0.05	Adapter 2423Hz	18	2.423	70.00	0.285
131.175	0.05	Adapter 2423Hz	18	2.423	70.00	0.285
131.255	0.05	Adapter 2423Hz	18	2.423	70.00	0.285
131.515	0.05	Adapter 2423Hz	18	2.423	70.00	0.285
131.595	0.05	Adapter 2423Hz	18	2.423	70.00	0.285
131.675	0.05	Adapter 2423Hz	18	2.423	70.00	0.285
131.755	0.05	Adapter 2423Hz	18	2.423	70.00	0.285
132.015	0.05	Adapter 2423Hz	18	2.423	70.00	0.285
132.095	0.05	Adapter 2423Hz	18	2.423	70.00	0.285
132.175	0.05	Adapter 2423Hz	18	2.423	70.00	0.285
132.255	0.05	Adapter 2423Hz	18	2.423	70.00	0.285
132.515	0.05	Adapter 2423Hz	18	2.423	70.00	0.285
132.595	0.05	Adapter 2423Hz	18	2.423	70.00	0.285
132.675	0.05	Adapter 2423Hz	18	2.423	70.00	0.285
132.755	0.05	Adapter 2423Hz	18	2.423	70.00	0.285
133.015	0.05	Adapter 2423Hz	18	2.423	70.00	0.285
133.095	0.05	Adapter 2423Hz	18	2.423	70.00	0.285
133.175	0.05	Adapter 2423Hz	18	2.423	70.00	0.285
133.255	0.05	Adapter 2423Hz	18	2.423	70.00	0.285
133.515	0.05	Adapter 2423Hz	18	2.423	70.00	0.285
133.595	0.05	Adapter 2423Hz	18	2.423	70.00	0.285
133.675	0.05	Adapter 2423Hz	18	2.423	70.00	0.285
133.755	0.05	Adapter 2423Hz	18	2.423	70.00	0.285
134.015	0.05	Adapter 2423Hz	18	2.423	70.00	0.285
134.095	0.05	Adapter 2423Hz	18	2.423	70.00	0.285
134.175	0.05	Adapter 2423Hz	18	2.423	70.00	0.285
134.255	0.05	Adapter 2423Hz	18	2.423	70.00	0.285
134.515	0.05	Adapter 2423Hz	18	2.423	70.00	0.285
134.595	0.05	Adapter 2423Hz	18	2.423	70.00	0.285
134.675	0.05	Adapter 2423Hz	18	2.423	70.00	0.285
134.755	0.05	Adapter 2423Hz	18	2.423	70.00	0.285
137.549	0.05	Adapter 3839Hz	19	3.839	70.00	0.437
137.629	0.05	Adapter 3839Hz	19	3.839	70.00	0.437
137.709	0.05	Adapter 3839Hz	19	3.839	70.00	0.437
137.789	0.05	Adapter 3839Hz	19	3.839	70.00	0.437
138.049	0.05	Adapter 3839Hz	19	3.839	70.00	0.437
138.129	0.05	Adapter 3839Hz	19	3.839	70.00	0.437
138.209	0.05	Adapter 3839Hz	19	3.839	70.00	0.437
138.289	0.05	Adapter 3839Hz	19	3.839	70.00	0.437
138.549	0.05	Adapter 3839Hz	19	3.839	70.00	0.437
138.629	0.05	Adapter 3839Hz	19	3.839	70.00	0.437
138.709	0.05	Adapter 3839Hz	19	3.839	70.00	0.437
138.789	0.05	Adapter 3839Hz	19	3.839	70.00	0.437
139.049	0.05	Adapter 3839Hz	19	3.839	70.00	0.437
139.129	0.05	Adapter 3839Hz	19	3.839	70.00	0.437
139.209	0.05	Adapter 3839Hz	19	3.839	70.00	0.437
139.289	0.05	Adapter 3839Hz	19	3.839	70.00	0.437
139.549	0.05	Adapter 3839Hz	19	3.839	70.00	0.437
139.629	0.05	Adapter 3839Hz	19	3.839	70.00	0.437
139.709	0.05	Adapter 3839Hz	19	3.839	70.00	0.437
139.789	0.05	Adapter 3839Hz	19	3.839	70.00	0.437
140.049	0.05	Adapter 3839Hz	19	3.839	70.00	0.437
140.129	0.05	Adapter 3839Hz	19	3.839	70.00	0.437
140.209	0.05	Adapter 3839Hz	19	3.839	70.00	0.437
140.289	0.05	Adapter 3839Hz	19	3.839	70.00	0.437
140.549	0.05	Adapter 3839Hz	19	3.839	70.00	0.437
140.629	0.05	Adapter 3839Hz	19	3.839	70.00	0.437
140.709	0.05	Adapter 3839Hz	19	3.839	70.00	0.437
140.789	0.05	Adapter 3839Hz	19	3.839	70.00	0.437
141.049	0.05	Adapter 3839Hz	19	3.839	70.00	0.437
141.129	0.05	Adapter 3839Hz	19	3.839	70.00	0.437
141.209	0.05	Adapter 3839Hz	19	3.839	70.00	0.437
141.289	0.05	Adapter 3839Hz	19	3.839	70.00	0.437
141.549	0.05	Adapter 3839Hz	19	3.839	70.00	0.437
141.629	0.05	Adapter 3839Hz	19	3.839	70.00	0.437
141.709	0.05	Adapter 3839Hz	19	3.839	70.00	0.437
141.789	0.05	Adapter 3839Hz	19	3.839	70.00	0.437
142.049	0.05	Adapter 3839Hz	19	3.839	70.00	0.437
142.129	0.05	Adapter 3839Hz	19	3.839	70.00	0.437
142.209	0.05	Adapter 3839Hz	19	3.839	70.00	0.437
142.289	0.05	Adapter 3839Hz	19	3.839	70.00	0.437
152.525	0.05	Adapter 251Hz	21	0.251	70.00	0.052
152.605	0.05	Adapter 251Hz	21	0.251	70.00	0.052
152.685	0.05	Adapter 251Hz	21	0.251	70.00	0.052
152.765	0.05	Adapter 251Hz	21	0.251	70.00	0.052
153.025	0.05	Adapter 251Hz	21	0.251	70.00	0.052
153.105	0.05	Adapter 251Hz	21	0.251	70.00	0.052
153.185	0.05	Adapter 251Hz	21	0.251	70.00	0.052
153.265	0.05	Adapter 251Hz	21	0.251	70.00	0.052
153.525	0.05	Adapter 251Hz	21	0.251	70.00	0.052
153.605	0.05	Adapter 251Hz	21	0.251	70.00	0.052
153.685	0.05	Adapter 251Hz	21	0.251	70.00	0.052
153.765	0.05	Adapter 251Hz	21	0.251	70.00	0.052
154.025	0.05	Adapter 251Hz	21	0.251	70.00	0.052
154.105	0.05	Adapter 251Hz	21	0.251	70.00	0.052
154.185	0.05	Adapter 251Hz	21	0.251	70.00	0.052
154.265	0.05	Adapter 251Hz	21	0.251	70.00	0.052
154.525	0.05	Adapter 251Hz	21	0.251	70.00	0.052
154.605	0.05	Adapter 251Hz	21	0.251	70.00	0.052
154.685	0.05	Adapter 251Hz	21	0.251	70.00	0.052
154.765	0.05	Adapter 251Hz	21	0.251	70.00	0.052
155.025	0.05	Adapter 251Hz	21	0.251	70.00	0.052
155.105	0.05	Adapter 251Hz	21	0.251	70.00	0.052
155.185	0.05	Adapter 251Hz	21	0.251	70.00	0.052
155.265	0.05	Adapter 251Hz	21	0.251	70.00	0.052
155.525	0.05	Adapter 251Hz	21	0.251	70.00	0.052
155.605	0.05	Adapter 251Hz	21	0.251	70.00	0.052
155.685	0.05	Adapter 251Hz	21	0.251	70.00	0.052
155.765	0.05	Adapter 251Hz	21	0.251	70.00	0.052
156.025	0.05	Adapter 251Hz	21	0.251	70.00	0.052
156.105	0.05	Adapter 251Hz	21	0.251	70.00	0.052
156.185	0.05	Adapter 251Hz	21	0.251	70.00	0.052
156.265	0.05	Adapter 251Hz	21	0.251	70.00	0.052
156.525	0.05	Adapter 251Hz	21	0.251	70.00	0.052
156.605	0.05	Adapter 251Hz	21	0.251	70.00	0.052
156.685	0.05	Adapter 251Hz	21	0.251	70.00	0.052
156.765	0.05	Adapter 251Hz	21	0.251	70.00	0.052
157.025	0.05	Adapter 251Hz	21	0.251	70.00	0.052
157.105	0.05	Adapter 251Hz	21	0.251	70.00	0.052
157.185	0.05	Adapter 251Hz	21	0.251	70.00	0.052
157.265	0.05	Adapter 251Hz	21	0.251	70.00	0.052
160.013	0.05	Adapter 1501Hz	22	1.501	70.00	0.186
160.093	0.05	Adapter 1501Hz	22	1.501	70.00	0.186
160.173	0.05	Adapter 1501Hz	22	1.501	70.00	0.186
160.253	0.05	Adapter 1501Hz	22	1.501	70.00	0.186
160.513	0.05	Adapter 1501Hz	22	1.501	70.00	0.186
160.593	0.05	Adapter 1501Hz	22	1.501	70.00	0.186
160.673	0.05	Adapter 1501Hz	22	1.501	70.00	0.186
160.753	0.05	Adapter 1501Hz	22	1.501	70.00	0.186
161.013	0.05	Adapter 1501Hz	22	1.501	70.00	0.186
161.093	0.05	Adapter 1501Hz	22	1.501	70.00	0.186
161.173	0.05	Adapter 1501Hz	22	1.501	70.00	0.186
161.253	0.05	Adapter 1501Hz	22	1.501	70.00	0.186
161.513	0.05	Adapter 1501Hz	22	1.501	70.00	0.186
161.593	0.05	Adapter 1501Hz	22	1.501	70.00	0.186
161.673	0.05	Adapter 1501Hz	22	1.501	70.00	0.186
161.753	0.05	Adapter 1501Hz	22	1.501	70.00	0.186
162.013	0.05	Adapter 1501Hz	22	1.501	70.00	0.186
162.093	0.05	Adapter 1501Hz	22	1.501	70.00	0.186
162.173	0.05	Adapter 1501Hz	22	1.501	70.00	0.186
162.253	0.05	Adapter 1501Hz	22	1.501	70.00	0.186
162.513	0.05	Adapter 1501Hz	22	1.501	70.00	0.186
162.593	0.05	Adapter 1501Hz	22	1.501	70.00	0.186
162.673	0.05	Adapter 1501Hz	22	1.501	70.00	0.186
162.753	0.05	Adapter 1501Hz	22	1.501	70.00	0.186
163.013	0.05	Adapter 1501Hz	22	1.501	70.00	0.186
163.093	0.05	Adapter 1501Hz	22	1.501	70.00	0.186
163.173	0.05	Adapter 1501Hz	22	1.501	70.00	0.186
163.253	0.05	Adapter 1501Hz	22	1.501	70.00	0.186
163.513	0.05	Adapter 1501Hz	22	1.501	70.00	0.186
163.593	0.05	Adapter 1501Hz	22	1.501	70.00	0.186
163.673	0.05	Adapter 1501Hz	22	1.501	70.00	0.186
163.753	0.05	Adapter 1501Hz	22	1.501	70.00	0.186
164.013	0.05	Adapter 1501Hz	22	1.501	70.00	0.186
164.093	0.05	Adapter 1501Hz	22	1.501	70.00	0.186
164.173	0.05	Adapter 1501Hz	22	1.501	70.00	0.186
164.253	0.05	Adapter 1501Hz	22	1.501	70.00	0.186
164.513	0.05	Adapter 1501Hz	22	1.501	70.00	0.186
164.593	0.05	Adapter 1501Hz	22	1.501	70.00	0.186
164.673	0.05	Adapter 1501Hz	22	1.501	70.00	0.186
164.753	0.05	Adapter 1501Hz	22	1.501	70.00	0.186
167.501	0.05	Adapter 507Hz	23	0.507	70.00	0.079
167.581	0.05	Adapter 507Hz	23	0.507	70.00	0.079
167.661	0.05	Adapter 507Hz	23	0.507	70.00	0.079
167.741	0.05	Adapter 507Hz	23	0.507	70.00	0.079
168.001	0.05	Adapter 507Hz	23	0.507	70.00	0.079
168.081	0.05	Adapter 507Hz	23	0.507	70.00	0.079
168.161	0.05	Adapter 507Hz	23	0.507	70.00	0.079
168.241	0.05	Adapter 507Hz	23	0.507	70.00	0.079
168.501	0.05	Adapter 507Hz	23	0.507	70.00	0.079
168.581	0.05	Adapter 507Hz	23	0.507	70.00	0.079
168.661	0.05	Adapter 507Hz	23	0.507	70.00	0.079
168.741	0.05	Adapter 507Hz	23	0.507	70.00	0.079
169.001	0.05	Adapter 507Hz	23	0.507	70.00	0.079
169.081	0.05	Adapter 507Hz	23	0.507	70.00	0.079
169.161	0.05	Adapter 507Hz	23	0.507	70.00	0.079
169.241	0.05	Adapter 507Hz	23	0.507	70.00	0.079
169.501	0.05	Adapter 507Hz	23	0.507	70.00	0.079
169.581	0.05	Adapter 507Hz	23	0.507	70.00	0.079
169.661	0.05	Adapter 507Hz	23	0.507	70.00	0.079
169.741	0.05	Adapter 507Hz	23	0.507	70.00	0.079
170.001	0.05	Adapter 507Hz	23	0.507	70.00	0.079
170.081	0.05	Adapter 507Hz	23	0.507	70.00	0.079
170.161	0.05	Adapter 507Hz	23	0.507	70.00	0.079
170.241	0.05	Adapter 507Hz	23	0.507	70.00	0.079
170.501	0.05	Adapter 507Hz	23	0.507	70.00	0.079
170.581	0.05	Adapter 507Hz	23	0.507	70.00	0.079
170.661	0.05	Adapter 507Hz	23	0.507	70.00	0.079
170.741	0.05	Adapter 507Hz	23	0.507	70.00	0.079
171.001	0.05	Adapter 507Hz	23	0.507	70.00	0.079
171.081	0.05	Adapter 507Hz	23	0.507	70.00	0.079
171.161	0.05	Adapter 507Hz	23	0.507	70.00	0.079
171.241	0.05	Adapter 507Hz	23	0.507	70.00	0.079
171.501	0.05	Adapter 507Hz	23	0.507	70.00	0.079
171.581	0.05	Adapter 507Hz	23	0.507	70.00	0.079
171.661	0.05	Adapter 507Hz	23	0.507	70.00	0.079
171.741	0.05	Adapter 507Hz	23	0.507	70.00	0.079
172.001	0.05	Adapter 507Hz	23	0.507	70.00	0.079
172.081	0.05	Adapter 507Hz	23	0.507	70.00	0.079
172.161	0.05	Adapter 507Hz	23	0.507	70.00	0.079
172.241	0.05	Adapter 507Hz	23	0.507	70.00	0.079
182.54	0.05	Adapter 2423Hz Probe 3839Hz	25	2.423	70.00	0.285
182.62	0.05	Adapter 2423Hz Probe 3839Hz	25	2.423	70.00	0.285
182.7	0.05	Adapter 2423Hz Probe 3839Hz	25	2.423	70.00	0.285
182.78	0.05	Adapter 2423Hz Probe 3839Hz	25	2.423	70.00	0.285
182.86	0.05	Adapter 2423Hz Probe 3839Hz	25	3.839	70.00	0.437
183.04	0.05	Adapter 2423Hz Probe 3839Hz	25	2.423	70.00	0.285
183.12	0.05	Adapter 2423Hz Probe 3839Hz	25	2.423	70.00	0.285
183.2	0.05	Adapter 2423Hz Probe 3839Hz	25	2.423	70.00	0.285
183.28	0.05	Adapter 2423Hz Probe 3839Hz	25	2.423	70.00	0.285
183.36	0.05	Adapter 2423Hz Probe 3839Hz	25	3.839	70.00	0.437
183.54	0.05	Adapter 2423Hz Probe 3839Hz	25	2.423	70.00	0.285
183.62	0.05	Adapter 2423Hz Probe 3839Hz	25	2.423	70.00	0.285
183.7	0.05	Adapter 2423Hz Probe 3839Hz	25	2.423	70.00	0.285
183.78	0.05	Adapter 2423Hz Probe 3839Hz	25	2.423	70.00	0.285
183.86	0.05	Adapter 2423Hz Probe 3839Hz	25	3.839	70.00	0.437
184.04	0.05	Adapter 2423Hz Probe 3839Hz	25	2.423	70.00	0.285
184.12	0.05	Adapter 2423Hz Probe 3839Hz	25	2.423	70.00	0.285
184.2	0.05	Adapter 2423Hz Probe 3839Hz	25	2.423	70.00	0.285
184.28	0.05	Adapter 2423Hz Probe 3839Hz	25	2.423	70.00	0.285
184.36	0.05	Adapter 2423Hz Probe 3839Hz	25	3.839	70.00	0.437
184.54	0.05	Adapter 2423Hz Probe 3839Hz	25	2.423	70.00	0.285
184.62	0.05	Adapter 2423Hz Probe 3839Hz	25	2.423	70.00	0.285
184.7	0.05	Adapter 2423Hz Probe 3839Hz	25	2.423	70.00	0.285
184.78	0.05	Adapter 2423Hz Probe 3839Hz	25	2.423	70.00	0.285
184.86	0.05	Adapter 2423Hz Probe 3839Hz	25	3.839	70.00	0.437
185.04	0.05	Adapter 2423Hz Probe 3839Hz	25	2.423	70.00	0.285
185.12	0.05	Adapter 2423Hz Probe 3839Hz	25	2.423	70.00	0.285
185.2	0.05	Adapter 2423Hz Probe 3839Hz	25	2.423	70.00	0.285
185.28	0.05	Adapter 2423Hz Probe 3839Hz	25	2.423	70.00	0.285
185.36	0.05	Adapter 2423Hz Probe 3839Hz	25	3.839	70.00	0.437
185.54	0.05	Adapter 2423Hz Probe 3839Hz	25	2.423	70.00	0.285
185.62	0.05	Adapter 2423Hz Probe 3839Hz	25	2.423	70.00	0.285
185.7	0.05	Adapter 2423Hz Probe 3839Hz	25	2.423	70.00	0.285
185.78	0.05	Adapter 2423Hz Probe 3839Hz	25	2.423	70.00	0.285
185.86	0.05	Adapter 2423Hz Probe 3839Hz	25	3.839	70.00	0.437
186.04	0.05	Adapter 2423Hz Probe 3839Hz	25	2.423	70.00	0.285
186.12	0.05	Adapter 2423Hz Probe 3839Hz	25	2.423	70.00	0.285
186.2	0.05	Adapter 2423Hz Probe 3839Hz	25	2.423	70.00	0.285
186.28	0.05	Adapter 2423Hz Probe 3839Hz	25	2.423	70.00	0.285
186.36	0.05	Adapter 2423Hz Probe 3839Hz	25	3.839	70.00	0.437
186.54	0.05	Adapter 2423Hz Probe 3839Hz	25	2.423	70.00	0.285
186.62	0.05	Adapter 2423Hz Probe 3839Hz	25	2.423	70.00	0.285
186.7	0.05	Adapter 2423Hz Probe 3839Hz	25	2.423	70.00	0.285
186.78	0.05	Adapter 2423Hz Probe 3839Hz	25	2.423	70.00	0.285
186.86	0.05	Adapter 2423Hz Probe 3839Hz	25	3.839	70.00	0.437
187.04	0.05	Adapter 2423Hz Probe 3839Hz	25	2.423	70.00	0.285
187.12	0.05	Adapter 2423Hz Probe 3839Hz	25	2.423	70.00	0.285
187.2	0.05	Adapter 2423Hz Probe 3839Hz	25	2.423	70.00	0.285
187.28	0.05	Adapter 2423Hz Probe 3839Hz	25	2.423	70.00	0.285
187.36	0.05	Adapter 2423Hz Probe 3839Hz	25	3.839	70.00	0.437
190.043	0.05	Adapter 899Hz	26	0.899	70.00	0.121
190.123	0.05	Adapter 899Hz	26	0.899	70.00	0.121
190.203	0.05	Adapter 899Hz	26	0.899	70.00	0.121
190.283	0.05	Adapter 899Hz	26	0.899	70.00	0.121
190.543	0.05	Adapter 899Hz	26	0.899	70.00	0.121
190.623	0.05	Adapter 899Hz	26	0.899	70.00	0.121
190.703	0.05	Adapter 899Hz	26	0.899	70.00	0.121
190.783	0.05	Adapter 899Hz	26	0.899	70.00	0.121
191.043	0.05	Adapter 899Hz	26	0.899	70.00	0.121
191.123	0.05	Adapter 899Hz	26	0.899	70.00	0.121
191.203	0.05	Adapter 899Hz	26	0.899	70.00	0.121
191.283	0.05	Adapter 899Hz	26	0.899	70.00	0.121
191.543	0.05	Adapter 899Hz	26	0.899	70.00	0.121
191.623	0.05	Adapter 899Hz	26	0.899	70.00	0.121
191.703	0.05	Adapter 899Hz	26	0.899	70.00	0.121
191.783	0.05	Adapter 899Hz	26	0.899	70.00	0.121
192.043	0.05	Adapter 899Hz	26	0.899	70.00	0.121
192.123	0.05	Adapter 899Hz	26	0.899	70.00	0.121
192.203	0.05	Adapter 899Hz	26	0.899	70.00	0.121
192.283	0.05	Adapter 899Hz	26	0.899	70.00	0.121
192.543	0.05	Adapter 899Hz	26	0.899	70.00	0.121
192.623	0.05	Adapter 899Hz	26	0.899	70.00	0.121
192.703	0.05	Adapter 899Hz	26	0.899	70.00	0.121
192.783	0.05	Adapter 899Hz	26	0.899	70.00	0.121
193.043	0.05	Adapter 899Hz	26	0.899	70.00	0.121
193.123	0.05	Adapter 899Hz	26	0.899	70.00	0.121
193.203	0.05	Adapter 899Hz	26	0.899	70.00	0.121
193.283	0.05	Adapter 899Hz	26	0.899	70.00	0.121
193.543	0.05	Adapter 899Hz	26	0.899	70.00	0.121
193.623	0.05	Adapter 899Hz	26	0.899	70.00	0.121
193.703	0.05	Adapter 899Hz	26	0.899	70.00	0.121
193.783	0.05	Adapter 899Hz	26	0.899	70.00	0.121
194.043	0.05	Adapter 899Hz	26	0.899	70.00	0.121
194.123	0.05	Adapter 899Hz	26	0.899	70.00	0.121
194.203	0.05	Adapter 899Hz	26	0.899	70.00	0.121
194.283	0.05	Adapter 899Hz	26	0.899	70.00	0.121
194.543	0.05	Adapter 899Hz	26	0.899	70.00	0.121
194.623	0.05	Adapter 899Hz	26	0.899	70.00	0.121
194.703	0.05	Adapter 899Hz	26	0.899	70.00	0.121
194.783	0.05	Adapter 899Hz	26	0.899	70.00	0.121
197.547	0.05	Adapter 6009Hz	27	6.009	70.00	0.671
197.627	0.05	Adapter 6009Hz	27	6.009	70.00	0.671
197.707	0.05	Adapter 6009Hz	27	6.009	70.00	0.671
197.787	0.05	Adapter 6009Hz	27	6.009	70.00	0.671
198.047	0.05	Adapter 6009Hz	27	6.009	70.00	0.671
198.127	0.05	Adapter 6009Hz	27	6.009	70.00	0.671
198.207	0.05	Adapter 6009Hz	27	6.009	70.00	0.671
198.287	0.05	Adapter 6009Hz	27	6.009	70.00	0.671
198.547	0.05	Adapter 6009Hz	27	6.009	70.00	0.671
198.627	0.05	Adapter 6009Hz	27	6.009	70.00	0.671
198.707	0.05	Adapter 6009Hz	27	6.009	70.00	0.671
198.787	0.05	Adapter 6009Hz	27	6.009	70.00	0.671
199.047	0.05	Adapter 6009Hz	27	6.009	70.00	0.671
199.127	0.05	Adapter 6009Hz	27	6.009	70.00	0.671
199.207	0.05	Adapter 6009Hz	27	6.009	70.00	0.671
199.287	0.05	Adapter 6009Hz	27	6.009	70.00	0.671
199.547	0.05	Adapter 6009Hz	27	6.009	70.00	0.671
199.627	0.05	Adapter 6009Hz	27	6.009	70.00	0.671
199.707	0.05	Adapter 6009Hz	27	6.009	70.00	0.671
199.787	0.05	Adapter 6009Hz	27	6.009	70.00	0.671
200.047	0.05	Adapter 6009Hz	27	6.009	70.00	0.671
200.127	0.05	Adapter 6009Hz	27	6.009	70.00	0.671
200.207	0.05	Adapter 6009Hz	27	6.009	70.00	0.671
200.287	0.05	Adapter 6009Hz	27	6.009	70.00	0.671
200.547	0.05	Adapter 6009Hz	27	6.009	70.00	0.671
200.627	0.05	Adapter 6009Hz	27	6.009	70.00	0.671
200.707	0.05	Adapter 6009Hz	27	6.009	70.00	0.671
200.787	0.05	Adapter 6009Hz	27	6.009	70.00	0.671
201.047	0.05	Adapter 6009Hz	27	6.009	70.00	0.671
201.127	0.05	Adapter 6009Hz	27	6.009	70.00	0.671
201.207	0.05	Adapter 6009Hz	27	6.009	70.00	0.671
201.287	0.05	Adapter 6009Hz	27	6.009	70.00	0.671
201.547	0.05	Adapter 6009Hz	27	6.009	70.00	0.671
201.627	0.05	Adapter 6009Hz	27	6.009	70.00	0.671
201.707	0.05	Adapter 6009Hz	27	6.009	70.00	0.671
201.787	0.05	Adapter 6009Hz	27	6.009	70.00	0.671
202.047	0.05	Adapter 6009Hz	27	6.009	70.00	0.671
202.127	0.05	Adapter 6009Hz	27	6.009	70.00	0.671
202.207	0.05	Adapter 6009Hz	27	6.009	70.00	0.671
202.287	0.05	Adapter 6009Hz	27	6.009	70.00	0.671
212.523	0.05	Adapter 3839Hz Probe 3839Hz	29	3.839	70.00	0.437
212.603	0.05	Adapter 3839Hz Probe 3839Hz	29	3.839	70.00	0.437
212.683	0.05	Adapter 3839Hz Probe 3839Hz	29	3.839	70.00	0.437
212.763	0.05	Adapter 3839Hz Probe 3839Hz	29	3.839	70.00	0.437
212.843	0.05	Adapter 3839Hz Probe 3839Hz	29	3.839	70.00	0.437
213.023	0.05	Adapter 3839Hz Probe 3839Hz	29	3.839	70.00	0.437
213.103	0.05	Adapter 3839Hz Probe 3839Hz	29	3.839	70.00	0.437
213.183	0.05	Adapter 3839Hz Probe 3839Hz	29	3.839	70.00	0.437
213.263	0.05	Adapter 3839Hz Probe 3839Hz	29	3.839	70.00	0.437
213.343	0.05	Adapter 3839Hz Probe 3839Hz	29	3.839	70.00	0.437
213.523	0.05	Adapter 3839Hz Probe 3839Hz	29	3.839	70.00	0.437
213.603	0.05	Adapter 3839Hz Probe 3839Hz	29	3.839	70.00	0.437
213.683	0.05	Adapter 3839Hz Probe 3839Hz	29	3.839	70.00	0.437
213.763	0.05	Adapter 3839Hz Probe 3839Hz	29	3.839	70.00	0.437
213.843	0.05	Adapter 3839Hz Probe 3839Hz	29	3.839	70.00	0.437
214.023	0.05	Adapter 3839Hz Probe 3839Hz	29	3.839	70.00	0.437
214.103	0.05	Adapter 3839Hz Probe 3839Hz	29	3.839	70.00	0.437
214.183	0.05	Adapter 3839Hz Probe 3839Hz	29	3.839	70.00	0.437
214.263	0.05	Adapter 3839Hz Probe 3839Hz	29	3.839	70.00	0.437
214.343	0.05	Adapter 3839Hz Probe 3839Hz	29	3.839	70.00	0.437
214.523	0.05	Adapter 3839Hz Probe 3839Hz	29	3.839	70.00	0.437
214.603	0.05	Adapter 3839Hz Probe 3839Hz	29	3.839	70.00	0.437
214.683	0.05	Adapter 3839Hz Probe 3839Hz	29	3.839	70.00	0.437
214.763	0.05	Adapter 3839Hz Probe 3839Hz	29	3.839	70.00	0.437
214.843	0.05	Adapter 3839Hz Probe 3839Hz	29	3.839	70.00	0.437
215.023	0.05	Adapter 3839Hz Probe 3839Hz	29	3.839	70.00	0.437
215.103	0.05	Adapter 3839Hz Probe 3839Hz	29	3.839	70.00	0.437
215.183	0.05	Adapter 3839Hz Probe 3839Hz	29	3.839	70.00	0.437
215.263	0.05	Adapter 3839Hz Probe 3839Hz	29	3.839	70.00	0.437
215.343	0.05	Adapter 3839Hz Probe 3839Hz	29	3.839	70.00	0.437
215.523	0.05	Adapter 3839Hz Probe 3839Hz	29	3.839	70.00	0.437
215.603	0.05	Adapter 3839Hz Probe 3839Hz	29	3.839	70.00	0.437
215.683	0.05	Adapter 3839Hz Probe 3839Hz	29	3.839	70.00	0.437
215.763	0.05	Adapter 3839Hz Probe 3839Hz	29	3.839	70.00	0.437
215.843	0.05	Adapter 3839Hz Probe 3839Hz	29	3.839	70.00	0.437
216.023	0.05	Adapter 3839Hz Probe 3839Hz	29	3.839	70.00	0.437
216.103	0.05	Adapter 3839Hz Probe 3839Hz	29	3.839	70.00	0.437
216.183	0.05	Adapter 3839Hz Probe 3839Hz	29	3.839	70.00	0.437
216.263	0.05	Adapter 3839Hz Probe 3839Hz	29	3.839	70.00	0.437
216.343	0.05	Adapter 3839Hz Probe 3839Hz	29	3.839	70.00	0.437
216.523	0.05	Adapter 3839Hz Probe 3839Hz	29	3.839	70.00	0.437
216.603	0.05	Adapter 3839Hz Probe 3839Hz	29	3.839	70.00	0.437
216.683	0.05	Adapter 3839Hz Probe 3839Hz	29	3.839	70.00	0.437
216.763	0.05	Adapter 3839Hz Probe 3839Hz	29	3.839	70.00	0.437
216.843	0.05	Adapter 3839Hz Probe 3839Hz	29	3.839	70.00	0.437
217.023	0.05	Adapter 3839Hz Probe 3839Hz	29	3.839	70.00	0.437
217.103	0.05	Adapter 3839Hz Probe 3839Hz	29	3.839	70.00	0.437
217.183	0.05	Adapter 3839Hz Probe 3839Hz	29	3.839	70.00	0.437
217.263	0.05	Adapter 3839Hz Probe 3839Hz	29	3.839	70.00	0.437
217.343	0.05	Adapter 3839Hz Probe 3839Hz	29	3.839	70.00	0.437
220.027	0.05	Adapter 1501Hz Probe 3839Hz	30	1.501	70.00	0.186
220.107	0.05	Adapter 1501Hz Probe 3839Hz	30	1.501	70.00	0.186
220.187	0.05	Adapter 1501Hz Probe 3839Hz	30	1.501	70.00	0.186
220.267	0.05	Adapter 1501Hz Probe 3839Hz	30	1.501	70.00	0.186
220.347	0.05	Adapter 1501Hz Probe 3839Hz	30	3.839	70.00	0.437
220.527	0.05	Adapter 1501Hz Probe 3839Hz	30	1.501	70.00	0.186
220.607	0.05	Adapter 1501Hz Probe 3839Hz	30	1.501	70.00	0.186
220.687	0.05	Adapter 1501Hz Probe 3839Hz	30	1.501	70.00	0.186
220.767	0.05	Adapter 1501Hz Probe 3839Hz	30	1.501	70.00	0.186
220.847	0.05	Adapter 1501Hz Probe 3839Hz	30	3.839	70.00	0.437
221.027	0.05	Adapter 1501Hz Probe 3839Hz	30	1.501	70.00	0.186
221.107	0.05	Adapter 1501Hz Probe 3839Hz	30	1.501	70.00	0.186
221.187	0.05	Adapter 1501Hz Probe 3839Hz	30	1.501	70.00	0.186
221.267	0.05	Adapter 1501Hz Probe 3839Hz	30	1.501	70.00	0.186
221.347	0.05	Adapter 1501Hz Probe 3839Hz	30	3.839	70.00	0.437
221.527	0.05	Adapter 1501Hz Probe 3839Hz	30	1.501	70.00	0.186
221.607	0.05	Adapter 1501Hz Probe 3839Hz	30	1.501	70.00	0.186
221.687	0.05	Adapter 1501Hz Probe 3839Hz	30	1.501	70.00	0.186
221.767	0.05	Adapter 1501Hz Probe 3839Hz	30	1.501	70.00	0.186
221.847	0.05	Adapter 1501Hz Probe 3839Hz	30	3.839	70.00	0.437
222.027	0.05	Adapter 1501Hz Probe 3839Hz	30	1.501	70.00	0.186
222.107	0.05	Adapter 1501Hz Probe 3839Hz	30	1.501	70.00	0.186
222.187	0.05	Adapter 1501Hz Probe 3839Hz	30	1.501	70.00	0.186
222.267	0.05	Adapter 1501Hz Probe 3839Hz	30	1.501	70.00	0.186
222.347	0.05	Adapter 1501Hz Probe 3839Hz	30	3.839	70.00	0.437
222.527	0.05	Adapter 1501Hz Probe 3839Hz	30	1.501	70.00	0.186
222.607	0.05	Adapter 1501Hz Probe 3839Hz	30	1.501	70.00	0.186
222.687	0.05	Adapter 1501Hz Probe 3839Hz	30	1.501	70.00	0.186
222.767	0.05	Adapter 1501Hz Probe 3839Hz	30	1.501	70.00	0.186
222.847	0.05	Adapter 1501Hz Probe 3839Hz	30	3.839	70.00	0.437
223.027	0.05	Adapter 1501Hz Probe 3839Hz	30	1.501	70.00	0.186
223.107	0.05	Adapter 1501Hz Probe 3839Hz	30	1.501	70.00	0.186
223.187	0.05	Adapter 1501Hz Probe 3839Hz	30	1.501	70.00	0.186
223.267	0.05	Adapter 1501Hz Probe 3839Hz	30	1.501	70.00	0.186
223.347	0.05	Adapter 1501Hz Probe 3839Hz	30	3.839	70.00	0.437
223.527	0.05	Adapter 1501Hz Probe 3839Hz	30	1.501	70.00	0.186
223.607	0.05	Adapter 1501Hz Probe 3839Hz	30	1.501	70.00	0.186
223.687	0.05	Adapter 1501Hz Probe 3839Hz	30	1.501	70.00	0.186
223.767	0.05	Adapter 1501Hz Probe 3839Hz	30	1.501	70.00	0.186
223.847	0.05	Adapter 1501Hz Probe 3839Hz	30	3.839	70.00	0.437
224.027	0.05	Adapter 1501Hz Probe 3839Hz	30	1.501	70.00	0.186
224.107	0.05	Adapter 1501Hz Probe 3839Hz	30	1.501	70.00	0.186
224.187	0.05	Adapter 1501Hz Probe 3839Hz	30	1.501	70.00	0.186
224.267	0.05	Adapter 1501Hz Probe 3839Hz	30	1.501	70.00	0.186
224.347	0.05	Adapter 1501Hz Probe 3839Hz	30	3.839	70.00	0.437
224.527	0.05	Adapter 1501Hz Probe 3839Hz	30	1.501	70.00	0.186
224.607	0.05	Adapter 1501Hz Probe 3839Hz	30	1.501	70.00	0.186
224.687	0.05	Adapter 1501Hz Probe 3839Hz	30	1.501	70.00	0.186
224.767	0.05	Adapter 1501Hz Probe 3839Hz	30	1.501	70.00	0.186
224.847	0.05	Adapter 1501Hz Probe 3839Hz	30	3.839	70.00	0.437
227.53	0.05	Adapter 507Hz Probe 3839Hz	31	0.507	70.00	0.079
227.61	0.05	Adapter 507Hz Probe 3839Hz	31	0.507	70.00	0.079
227.69	0.05	Adapter 507Hz Probe 3839Hz	31	0.507	70.00	0.079
227.77	0.05	Adapter 507Hz Probe 3839Hz	31	0.507	70.00	0.079
227.85	0.05	Adapter 507Hz Probe 3839Hz	31	3.839	70.00	0.437
228.03	0.05	Adapter 507Hz Probe 3839Hz	31	0.507	70.00	0.079
228.11	0.05	Adapter 507Hz Probe 3839Hz	31	0.507	70.00	0.079
228.19	0.05	Adapter 507Hz Probe 3839Hz	31	0.507	70.00	0.079
228.27	0.05	Adapter 507Hz Probe 3839Hz	31	0.507	70.00	0.079
228.35	0.05	Adapter 507Hz Probe 3839Hz	31	3.839	70.00	0.437
228.53	0.05	Adapter 507Hz Probe 3839Hz	31	0.507	70.00	0.079
228.61	0.05	Adapter 507Hz Probe 3839Hz	31	0.507	70.00	0.079
228.69	0.05	Adapter 507Hz Probe 3839Hz	31	0.507	70.00	0.079
228.77	0.05	Adapter 507Hz Probe 3839Hz	31	0.507	70.00	0.079
228.85	0.05	Adapter 507Hz Probe 3839Hz	31	3.839	70.00	0.437
229.03	0.05	Adapter 507Hz Probe 3839Hz	31	0.507	70.00	0.079
229.11	0.05	Adapter 507Hz Probe 3839Hz	31	0.507	70.00	0.079
229.19	0.05	Adapter 507Hz Probe 3839Hz	31	0.507	70.00	0.079
229.27	0.05	Adapter 507Hz Probe 3839Hz	31	0.507	70.00	0.079
229.35	0.05	Adapter 507Hz Probe 3839Hz	31	3.839	70.00	0.437
229.53	0.05	Adapter 507Hz Probe 3839Hz	31	0.507	70.00	0.079
229.61	0.05	Adapter 507Hz Probe 3839Hz	31	0.507	70.00	0.079
229.69	0.05	Adapter 507Hz Probe 3839Hz	31	0.507	70.00	0.079
229.77	0.05	Adapter 507Hz Probe 3839Hz	31	0.507	70.00	0.079
229.85	0.05	Adapter 507Hz Probe 3839Hz	31	3.839	70.00	0.437
230.03	0.05	Adapter 507Hz Probe 3839Hz	31	0.507	70.00	0.079
230.11	0.05	Adapter 507Hz Probe 3839Hz	31	0.507	70.00	0.079
230.19	0.05	Adapter 507Hz Probe 3839Hz	31	0.507	70.00	0.079
230.27	0.05	Adapter 507Hz Probe 3839Hz	31	0.507	70.00	0.079
230.35	0.05	Adapter 507Hz Probe 3839Hz	31	3.839	70.00	0.437
230.53	0.05	Adapter 507Hz Probe 3839Hz	31	0.507	70.00	0.079
230.61	0.05	Adapter 507Hz Probe 3839Hz	31	0.507	70.00	0.079
230.69	0.05	Adapter 507Hz Probe 3839Hz	31	0.507	70.00	0.079
230.77	0.05	Adapter 507Hz Probe 3839Hz	31	0.507	70.00	0.079
230.85	0.05	Adapter 507Hz Probe 3839Hz	31	3.839	70.00	0.437
231.03	0.05	Adapter 507Hz Probe 3839Hz	31	0.507	70.00	0.079
231.11	0.05	Adapter 507Hz Probe 3839Hz	31	0.507	70.00	0.079
231.19	0.05	Adapter 507Hz Probe 3839Hz	31	0.507	70.00	0.079
231.27	0.05	Adapter 507Hz Probe 3839Hz	31	0.507	70.00	0.079
231.35	0.05	Adapter 507Hz Probe 3839Hz	31	3.839	70.00	0.437
231.53	0.05	Adapter 507Hz Probe 3839Hz	31	0.507	70.00	0.079
231.61	0.05	Adapter 507Hz Probe 3839Hz	31	0.507	70.00	0.079
231.69	0.05	Adapter 507Hz Probe 3839Hz	31	0.507	70.00	0.079
231.77	0.05	Adapter 507Hz Probe 3839Hz	31	0.507	70.00	0.079
231.85	0.05	Adapter 507Hz Probe 3839Hz	31	3.839	70.00	0.437
232.03	0.05	Adapter 507Hz Probe 3839Hz	31	0.507	70.00	0.079
232.11	0.05	Adapter 507Hz Probe 3839Hz	31	0.507	70.00	0.079
232.19	0.05	Adapter 507Hz Probe 3839Hz	31	0.507	70.00	0.079
232.27	0.05	Adapter 507Hz Probe 3839Hz	31	0.507	70.00	0.079
232.35	0.05	Adapter 507Hz Probe 3839Hz	31	3.839	70.00	0.437
235.034	0.05	Adapter 899Hz Probe 3839Hz	32	0.899	70.00	0.121
235.114	0.05	Adapter 899Hz Probe 3839Hz	32	0.899	70.00	0.121
235.194	0.05	Adapter 899Hz Probe 3839Hz	32	0.899	70.00	0.121
235.274	0.05	Adapter 899Hz Probe 3839Hz	32	0.899	70.00	0.121
235.354	0.05	Adapter 899Hz Probe 3839Hz	32	3.839	70.00	0.437
235.534	0.05	Adapter 899Hz Probe 3839Hz	32	0.899	70.00	0.121
235.614	0.05	Adapter 899Hz Probe 3839Hz	32	0.899	70.00	0.121
235.694	0.05	Adapter 899Hz Probe 3839Hz	32	0.899	70.00	0.121
235.774	0.05	Adapter 899Hz Probe 3839Hz	32	0.899	70.00	0.121
235.854	0.05	Adapter 899Hz Probe 3839Hz	32	3.839	70.00	0.437
236.034	0.05	Adapter 899Hz Probe 3839Hz	32	0.899	70.00	0.121
236.114	0.05	Adapter 899Hz Probe 3839Hz	32	0.899	70.00	0.121
236.194	0.05	Adapter 899Hz Probe 3839Hz	32	0.899	70.00	0.121
236.274	0.05	Adapter 899Hz Probe 3839Hz	32	0.899	70.00	0.121
236.354	0.05	Adapter 899Hz Probe 3839Hz	32	3.839	70.00	0.437
236.534	0.05	Adapter 899Hz Probe 3839Hz	32	0.899	70.00	0.121
236.614	0.05	Adapter 899Hz Probe 3839Hz	32	0.899	70.00	0.121
236.694	0.05	Adapter 899Hz Probe 3839Hz	32	0.899	70.00	0.121
236.774	0.05	Adapter 899Hz Probe 3839Hz	32	0.899	70.00	0.121
236.854	0.05	Adapter 899Hz Probe 3839Hz	32	3.839	70.00	0.437
237.034	0.05	Adapter 899Hz Probe 3839Hz	32	0.899	70.00	0.121
237.114	0.05	Adapter 899Hz Probe 3839Hz	32	0.899	70.00	0.121
237.194	0.05	Adapter 899Hz Probe 3839Hz	32	0.899	70.00	0.121
237.274	0.05	Adapter 899Hz Probe 3839Hz	32	0.899	70.00	0.121
237.354	0.05	Adapter 899Hz Probe 3839Hz	32	3.839	70.00	0.437
237.534	0.05	Adapter 899Hz Probe 3839Hz	32	0.899	70.00	0.121
237.614	0.05	Adapter 899Hz Probe 3839Hz	32	0.899	70.00	0.121
237.694	0.05	Adapter 899Hz Probe 3839Hz	32	0.899	70.00	0.121
237.774	0.05	Adapter 899Hz Probe 3839Hz	32	0.899	70.00	0.121
237.854	0.05	Adapter 899Hz Probe 3839Hz	32	3.839	70.00	0.437
238.034	0.05	Adapter 899Hz Probe 3839Hz	32	0.899	70.00	0.121
238.114	0.05	Adapter 899Hz Probe 3839Hz	32	0.899	70.00	0.121
238.194	0.05	Adapter 899Hz Probe 3839Hz	32	0.899	70.00	0.121
238.274	0.05	Adapter 899Hz Probe 3839Hz	32	0.899	70.00	0.121
238.354	0.05	Adapter 899Hz Probe 3839Hz	32	3.839	70.00	0.437
238.534	0.05	Adapter 899Hz Probe 3839Hz	32	0.899	70.00	0.121
238.614	0.05	Adapter 899Hz Probe 3839Hz	32	0.899	70.00	0.121
238.694	0.05	Adapter 899Hz Probe 3839Hz	32	0.899	70.00	0.121
238.774	0.05	Adapter 899Hz Probe 3839Hz	32	0.899	70.00	0.121
238.854	0.05	Adapter 899Hz Probe 3839Hz	32	3.839	70.00	0.437
239.034	0.05	Adapter 899Hz Probe 3839Hz	32	0.899	70.00	0.121
239.114	0.05	Adapter 899Hz Probe 3839Hz	32	0.899	70.00	0.121
239.194	0.05	Adapter 899Hz Probe 3839Hz	32	0.899	70.00	0.121
239.274	0.05	Adapter 899Hz Probe 3839Hz	32	0.899	70.00	0.121
239.354	0.05	Adapter 899Hz Probe 3839Hz	32	3.839	70.00	0.437
239.534	0.05	Adapter 899Hz Probe 3839Hz	32	0.899	70.00	0.121
239.614	0.05	Adapter 899Hz Probe 3839Hz	32	0.899	70.00	0.121
239.694	0.05	Adapter 899Hz Probe 3839Hz	32	0.899	70.00	0.121
239.774	0.05	Adapter 899Hz Probe 3839Hz	32	0.899	70.00	0.121
239.854	0.05	Adapter 899Hz Probe 3839Hz	32	3.839	70.00	0.437
242.506	0.05	Adapter 507Hz	33	0.507	70.00	0.079
242.586	0.05	Adapter 507Hz	33	0.507	70.00	0.079
242.666	0.05	Adapter 507Hz	33	0.507	70.00	0.079
242.746	0.05	Adapter 507Hz	33	0.507	70.00	0.079
243.006	0.05	Adapter 507Hz	33	0.507	70.00	0.079
243.086	0.05	Adapter 507Hz	33	0.507	70.00	0.079
243.166	0.05	Adapter 507Hz	33	0.507	70.00	0.079
243.246	0.05	Adapter 507Hz	33	0.507	70.00	0.079
243.506	0.05	Adapter 507Hz	33	0.507	70.00	0.079
243.586	0.05	Adapter 507Hz	33	0.507	70.00	0.079
243.666	0.05	Adapter 507Hz	33	0.507	70.00	0.079
243.746	0.05	Adapter 507Hz	33	0.507	70.00	0.079
244.006	0.05	Adapter 507Hz	33	0.507	70.00	0.079
244.086	0.05	Adapter 507Hz	33	0.507	70.00	0.079
244.166	0.05	Adapter 507Hz	33	0.507	70.00	0.079
244.246	0.05	Adapter 507Hz	33	0.507	70.00	0.079
244.506	0.05	Adapter 507Hz	33	0.507	70.00	0.079
244.586	0.05	Adapter 507Hz	33	0.507	70.00	0.079
244.666	0.05	Adapter 507Hz	33	0.507	70.00	0.079
244.746	0.05	Adapter 507Hz	33	0.507	70.00	0.079
245.006	0.05	Adapter 507Hz	33	0.507	70.00	0.079
245.086	0.05	Adapter 507Hz	33	0.507	70.00	0.079
245.166	0.05	Adapter 507Hz	33	0.507	70.00	0.079
245.246	0.05	Adapter 507Hz	33	0.507	70.00	0.079
245.506	0.05	Adapter 507Hz	33	0.507	70.00	0.079
245.586	0.05	Adapter 507Hz	33	0.507	70.00	0.079
245.666	0.05	Adapter 507Hz	33	0.507	70.00	0.079
245.746	0.05	Adapter 507Hz	33	0.507	70.00	0.079
246.006	0.05	Adapter 507Hz	33	0.507	70.00	0.079
246.086	0.05	Adapter 507Hz	33	0.507	70.00	0.079
246.166	0.05	Adapter 507Hz	33	0.507	70.00	0.079
246.246	0.05	Adapter 507Hz	33	0.507	70.00	0.079
246.506	0.05	Adapter 507Hz	33	0.507	70.00	0.079
246.586	0.05	Adapter 507Hz	33	0.507	70.00	0.079
246.666	0.05	Adapter 507Hz	33	0.507	70.00	0.079
246.746	0.05	Adapter 507Hz	33	0.507	70.00	0.079
247.006	0.05	Adapter 507Hz	33	0.507	70.00	0.079
247.086	0.05	Adapter 507Hz	33	0.507	70.00	0.079
247.166	0.05	Adapter 507Hz	33	0.507	70.00	0.079
247.246	0.05	Adapter 507Hz	33	0.507	70.00	0.079
257.529	0.05	Adapter 2423Hz Probe 3839Hz	35	2.423	70.00	0.285
257.609	0.05	Adapter 2423Hz Probe 3839Hz	35	2.423	70.00	0.285
257.689	0.05	Adapter 2423Hz Probe 3839Hz	35	2.423	70.00	0.285
257.769	0.05	Adapter 2423Hz Probe 3839Hz	35	2.423	70.00	0.285
257.849	0.05	Adapter 2423Hz Probe 3839Hz	35	3.839	70.00	0.437
258.029	0.05	Adapter 2423Hz Probe 3839Hz	35	2.423	70.00	0.285
258.109	0.05	Adapter 2423Hz Probe 3839Hz	35	2.423	70.00	0.285
258.189	0.05	Adapter 2423Hz Probe 3839Hz	35	2.423	70.00	0.285
258.269	0.05	Adapter 2423Hz Probe 3839Hz	35	2.423	70.00	0.285
258.349	0.05	Adapter 2423Hz Probe 3839Hz	35	3.839	70.00	0.437
258.529	0.05	Adapter 2423Hz Probe 3839Hz	35	2.423	70.00	0.285
258.609	0.05	Adapter 2423Hz Probe 3839Hz	35	2.423	70.00	0.285
258.689	0.05	Adapter 2423Hz Probe 3839Hz	35	2.423	70.00	0.285
258.769	0.05	Adapter 2423Hz Probe 3839Hz	35	2.423	70.00	0.285
258.849	0.05	Adapter 2423Hz Probe 3839Hz	35	3.839	70.00	0.437
259.029	0.05	Adapter 2423Hz Probe 3839Hz	35	2.423	70.00	0.285
259.109	0.05	Adapter 2423Hz Probe 3839Hz	35	2.423	70.00	0.285
259.189	0.05	Adapter 2423Hz Probe 3839Hz	35	2.423	70.00	0.285
259.269	0.05	Adapter 2423Hz Probe 3839Hz	35	2.423	70.00	0.285
259.349	0.05	Adapter 2423Hz Probe 3839Hz	35	3.839	70.00	0.437
259.529	0.05	Adapter 2423Hz Probe 3839Hz	35	2.423	70.00	0.285
259.609	0.05	Adapter 2423Hz Probe 3839Hz	35	2.423	70.00	0.285
259.689	0.05	Adapter 2423Hz Probe 3839Hz	35	2.423	70.00	0.285
259.769	0.05	Adapter 2423Hz Probe 3839Hz	35	2.423	70.00	0.285
259.849	0.05	Adapter 2423Hz Probe 3839Hz	35	3.839	70.00	0.437
260.029	0.05	Adapter 2423Hz Probe 3839Hz	35	2.423	70.00	0.285
260.109	0.05	Adapter 2423Hz Probe 3839Hz	35	2.423	70.00	0.285
260.189	0.05	Adapter 2423Hz Probe 3839Hz	35	2.423	70.00	0.285
260.269	0.05	Adapter 2423Hz Probe 3839Hz	35	2.423	70.00	0.285
260.349	0.05	Adapter 2423Hz Probe 3839Hz	35	3.839	70.00	0.437
260.529	0.05	Adapter 2423Hz Probe 3839Hz	35	2.423	70.00	0.285
260.609	0.05	Adapter 2423Hz Probe 3839Hz	35	2.423	70.00	0.285
260.689	0.05	Adapter 2423Hz Probe 3839Hz	35	2.423	70.00	0.285
260.769	0.05	Adapter 2423Hz Probe 3839Hz	35	2.423	70.00	0.285
260.849	0.05	Adapter 2423Hz Probe 3839Hz	35	3.839	70.00	0.437
261.029	0.05	Adapter 2423Hz Probe 3839Hz	35	2.423	70.00	0.285
261.109	0.05	Adapter 2423Hz Probe 3839Hz	35	2.423	70.00	0.285
261.189	0.05	Adapter 2423Hz Probe 3839Hz	35	2.423	70.00	0.285
261.269	0.05	Adapter 2423Hz Probe 3839Hz	35	2.423	70.00	0.285
261.349	0.05	Adapter 2423Hz Probe 3839Hz	35	3.839	70.00	0.437
261.529	0.05	Adapter 2423Hz Probe 3839Hz	35	2.423	70.00	0.285
261.609	0.05	Adapter 2423Hz Probe 3839Hz	35	2.423	70.00	0.285
261.689	0.05	Adapter 2423Hz Probe 3839Hz	35	2.423	70.00	0.285
261.769	0.05	Adapter 2423Hz Probe 3839Hz	35	2.423	70.00	0.285
261.849	0.05	Adapter 2423Hz Probe 3839Hz	35	3.839	70.00	0.437
262.029	0.05	Adapter 2423Hz Probe 3839Hz	35	2.423	70.00	0.285
262.109	0.05	Adapter 2423Hz Probe 3839Hz	35	2.423	70.00	0.285
262.189	0.05	Adapter 2423Hz Probe 3839Hz	35	2.423	70.00	0.285
262.269	0.05	Adapter 2423Hz Probe 3839Hz	35	2.423	70.00	0.285
262.349	0.05	Adapter 2423Hz Probe 3839Hz	35	3.839	70.00	0.437
265.033	0.05	Adapter 251Hz	36	0.251	70.00	0.052
265.113	0.05	Adapter 251Hz	36	0.251	70.00	0.052
265.193	0.05	Adapter 251Hz	36	0.251	70.00	0.052
265.273	0.05	Adapter 251Hz	36	0.251	70.00	0.052
265.533	0.05	Adapter 251Hz	36	0.251	70.00	0.052
265.613	0.05	Adapter 251Hz	36	0.251	70.00	0.052
265.693	0.05	Adapter 251Hz	36	0.251	70.00	0.052
265.773	0.05	Adapter 251Hz	36	0.251	70.00	0.052
266.033	0.05	Adapter 251Hz	36	0.251	70.00	0.052
266.113	0.05	Adapter 251Hz	36	0.251	70.00	0.052
266.193	0.05	Adapter 251Hz	36	0.251	70.00	0.052
266.273	0.05	Adapter 251Hz	36	0.251	70.00	0.052
266.533	0.05	Adapter 251Hz	36	0.251	70.00	0.052
266.613	0.05	Adapter 251Hz	36	0.251	70.00	0.052
266.693	0.05	Adapter 251Hz	36	0.251	70.00	0.052
266.773	0.05	Adapter 251Hz	36	0.251	70.00	0.052
267.033	0.05	Adapter 251Hz	36	0.251	70.00	0.052
267.113	0.05	Adapter 251Hz	36	0.251	70.00	0.052
267.193	0.05	Adapter 251Hz	36	0.251	70.00	0.052
267.273	0.05	Adapter 251Hz	36	0.251	70.00	0.052
267.533	0.05	Adapter 251Hz	36	0.251	70.00	0.052
267.613	0.05	Adapter 251Hz	36	0.251	70.00	0.052
267.693	0.05	Adapter 251Hz	36	0.251	70.00	0.052
267.773	0.05	Adapter 251Hz	36	0.251	70.00	0.052
268.033	0.05	Adapter 251Hz	36	0.251	70.00	0.052
268.113	0.05	Adapter 251Hz	36	0.251	70.00	0.052
268.193	0.05	Adapter 251Hz	36	0.251	70.00	0.052
268.273	0.05	Adapter 251Hz	36	0.251	70.00	0.052
268.533	0.05	Adapter 251Hz	36	0.251	70.00	0.052
268.613	0.05	Adapter 251Hz	36	0.251	70.00	0.052
268.693	0.05	Adapter 251Hz	36	0.251	70.00	0.052
268.773	0.05	Adapter 251Hz	36	0.251	70.00	0.052
269.033	0.05	Adapter 251Hz	36	0.251	70.00	0.052
269.113	0.05	Adapter 251Hz	36	0.251	70.00	0.052
269.193	0.05	Adapter 251Hz	36	0.251	70.00	0.052
269.273	0.05	Adapter 251Hz	36	0.251	70.00	0.052
269.533	0.05	Adapter 251Hz	36	0.251	70.00	0.052
269.613	0.05	Adapter 251Hz	36	0.251	70.00	0.052
269.693	0.05	Adapter 251Hz	36	0.251	70.00	0.052
269.773	0.05	Adapter 251Hz	36	0.251	70.00	0.052
272.536	0.05	Adapter 2423Hz	37	2.423	70.00	0.285
272.616	0.05	Adapter 2423Hz	37	2.423	70.00	0.285
272.696	0.05	Adapter 2423Hz	37	2.423	70.00	0.285
272.776	0.05	Adapter 2423Hz	37	2.423	70.00	0.285
273.036	0.05	Adapter 2423Hz	37	2.423	70.00	0.285
273.116	0.05	Adapter 2423Hz	37	2.423	70.00	0.285
273.196	0.05	Adapter 2423Hz	37	2.423	70.00	0.285
273.276	0.05	Adapter 2423Hz	37	2.423	70.00	0.285
273.536	0.05	Adapter 2423Hz	37	2.423	70.00	0.285
273.616	0.05	Adapter 2423Hz	37	2.423	70.00	0.285
273.696	0.05	Adapter 2423Hz	37	2.423	70.00	0.285
273.776	0.05	Adapter 2423Hz	37	2.423	70.00	0.285
274.036	0.05	Adapter 2423Hz	37	2.423	70.00	0.285
274.116	0.05	Adapter 2423Hz	37	2.423	70.00	0.285
274.196	0.05	Adapter 2423Hz	37	2.423	70.00	0.285
274.276	0.05	Adapter 2423Hz	37	2.423	70.00	0.285
274.536	0.05	Adapter 2423Hz	37	2.423	70.00	0.285
274.616	0.05	Adapter 2423Hz	37	2.423	70.00	0.285
274.696	0.05	Adapter 2423Hz	37	2.423	70.00	0.285
274.776	0.05	Adapter 2423Hz	37	2.423	70.00	0.285
275.036	0.05	Adapter 2423Hz	37	2.423	70.00	0.285
275.116	0.05	Adapter 2423Hz	37	2.423	70.00	0.285
275.196	0.05	Adapter 2423Hz	37	2.423	70.00	0.285
275.276	0.05	Adapter 2423Hz	37	2.423	70.00	0.285
275.536	0.05	Adapter 2423Hz	37	2.423	70.00	0.285
275.616	0.05	Adapter 2423Hz	37	2.423	70.00	0.285
275.696	0.05	Adapter 2423Hz	37	2.423	70.00	0.285
275.776	0.05	Adapter 2423Hz	37	2.423	70.00	0.285
276.036	0.05	Adapter 2423Hz	37	2.423	70.00	0.285
276.116	0.05	Adapter 2423Hz	37	2.423	70.00	0.285
276.196	0.05	Adapter 2423Hz	37	2.423	70.00	0.285
276.276	0.05	Adapter 2423Hz	37	2.423	70.00	0.285
276.536	0.05	Adapter 2423Hz	37	2.423	70.00	0.285
276.616	0.05	Adapter 2423Hz	37	2.423	70.00	0.285
276.696	0.05	Adapter 2423Hz	37	2.423	70.00	0.285
276.776	0.05	Adapter 2423Hz	37	2.423	70.00	0.285
277.036	0.05	Adapter 2423Hz	37	2.423	70.00	0.285
277.116	0.05	Adapter 2423Hz	37	2.423	70.00	0.285
277.196	0.05	Adapter 2423Hz	37	2.423	70.00	0.285
277.276	0.05	Adapter 2423Hz	37	2.423	70.00	0.285
280.024	0.05	Adapter 899Hz Probe 3839Hz	38	0.899	70.00	0.121
280.104	0.05	Adapter 899Hz Probe 3839Hz	38	0.899	70.00	0.121
280.184	0.05	Adapter 899Hz Probe 3839Hz	38	0.899	70.00	0.121
280.264	0.05	Adapter 899Hz Probe 3839Hz	38	0.899	70.00	0.121
280.344	0.05	Adapter 899Hz Probe 3839Hz	38	3.839	70.00	0.437
280.524	0.05	Adapter 899Hz Probe 3839Hz	38	0.899	70.00	0.121
280.604	0.05	Adapter 899Hz Probe 3839Hz	38	0.899	70.00	0.121
280.684	0.05	Adapter 899Hz Probe 3839Hz	38	0.899	70.00	0.121
280.764	0.05	Adapter 899Hz Probe 3839Hz	38	0.899	70.00	0.121
280.844	0.05	Adapter 899Hz Probe 3839Hz	38	3.839	70.00	0.437
281.024	0.05	Adapter 899Hz Probe 3839Hz	38	0.899	70.00	0.121
281.104	0.05	Adapter 899Hz Probe 3839Hz	38	0.899	70.00	0.121
281.184	0.05	Adapter 899Hz Probe 3839Hz	38	0.899	70.00	0.121
281.264	0.05	Adapter 899Hz Probe 3839Hz	38	0.899	70.00	0.121
281.344	0.05	Adapter 899Hz Probe 3839Hz	38	3.839	70.00	0.437
281.524	0.05	Adapter 899Hz Probe 3839Hz	38	0.899	70.00	0.121
281.604	0.05	Adapter 899Hz Probe 3839Hz	38	0.899	70.00	0.121
281.684	0.05	Adapter 899Hz Probe 3839Hz	38	0.899	70.00	0.121
281.764	0.05	Adapter 899Hz Probe 3839Hz	38	0.899	70.00	0.121
281.844	0.05	Adapter 899Hz Probe 3839Hz	38	3.839	70.00	0.437
282.024	0.05	Adapter 899Hz Probe 3839Hz	38	0.899	70.00	0.121
282.104	0.05	Adapter 899Hz Probe 3839Hz	38	0.899	70.00	0.121
282.184	0.05	Adapter 899Hz Probe 3839Hz	38	0.899	70.00	0.121
282.264	0.05	Adapter 899Hz Probe 3839Hz	38	0.899	70.00	0.121
282.344	0.05	Adapter 899Hz Probe 3839Hz	38	3.839	70.00	0.437
282.524	0.05	Adapter 899Hz Probe 3839Hz	38	0.899	70.00	0.121
282.604	0.05	Adapter 899Hz Probe 3839Hz	38	0.899	70.00	0.121
282.684	0.05	Adapter 899Hz Probe 3839Hz	38	0.899	70.00	0.121
282.764	0.05	Adapter 899Hz Probe 3839Hz	38	0.899	70.00	0.121
282.844	0.05	Adapter 899Hz Probe 3839Hz	38	3.839	70.00	0.437
283.024	0.05	Adapter 899Hz Probe 3839Hz	38	0.899	70.00	0.121
283.104	0.05	Adapter 899Hz Probe 3839Hz	38	0.899	70.00	0.121
283.184	0.05	Adapter 899Hz Probe 3839Hz	38	0.899	70.00	0.121
283.264	0.05	Adapter 899Hz Probe 3839Hz	38	0.899	70.00	0.121
283.344	0.05	Adapter 899Hz Probe 3839Hz	38	3.839	70.00	0.437
283.524	0.05	Adapter 899Hz Probe 3839Hz	38	0.899	70.00	0.121
283.604	0.05	Adapter 899Hz Probe 3839Hz	38	0.899	70.00	0.121
283.684	0.05	Adapter 899Hz Probe 3839Hz	38	0.899	70.00	0.121
283.764	0.05	Adapter 899Hz Probe 3839Hz	38	0.899	70.00	0.121
283.844	0.05	Adapter 899Hz Probe 3839Hz	38	3.839	70.00	0.437
284.024	0.05	Adapter 899Hz Probe 3839Hz	38	0.899	70.00	0.121
284.104	0.05	Adapter 899Hz Probe 3839Hz	38	0.899	70.00	0.121
284.184	0.05	Adapter 899Hz Probe 3839Hz	38	0.899	70.00	0.121
284.264	0.05	Adapter 899Hz Probe 3839Hz	38	0.899	70.00	0.121
284.344	0.05	Adapter 899Hz Probe 3839Hz	38	3.839	70.00	0.437
284.524	0.05	Adapter 899Hz Probe 3839Hz	38	0.899	70.00	0.121
284.604	0.05	Adapter 899Hz Probe 3839Hz	38	0.899	70.00	0.121
284.684	0.05	Adapter 899Hz Probe 3839Hz	38	0.899	70.00	0.121
284.764	0.05	Adapter 899Hz Probe 3839Hz	38	0.899	70.00	0.121
284.844	0.05	Adapter 899Hz Probe 3839Hz	38	3.839	70.00	0.437
287.512	0.05	Adapter 3839Hz Probe 3839Hz	39	3.839	70.00	0.437
287.592	0.05	Adapter 3839Hz Probe 3839Hz	39	3.839	70.00	0.437
287.672	0.05	Adapter 3839Hz Probe 3839Hz	39	3.839	70.00	0.437
287.752	0.05	Adapter 3839Hz Probe 3839Hz	39	3.839	70.00	0.437
287.832	0.05	Adapter 3839Hz Probe 3839Hz	39	3.839	70.00	0.437
288.012	0.05	Adapter 3839Hz Probe 3839Hz	39	3.839	70.00	0.437
288.092	0.05	Adapter 3839Hz Probe 3839Hz	39	3.839	70.00	0.437
288.172	0.05	Adapter 3839Hz Probe 3839Hz	39	3.839	70.00	0.437
288.252	0.05	Adapter 3839Hz Probe 3839Hz	39	3.839	70.00	0.437
288.332	0.05	Adapter 3839Hz Probe 3839Hz	39	3.839	70.00	0.437
288.512	0.05	Adapter 3839Hz Probe 3839Hz	39	3.839	70.00	0.437
288.592	0.05	Adapter 3839Hz Probe 3839Hz	39	3.839	70.00	0.437
288.672	0.05	Adapter 3839Hz Probe 3839Hz	39	3.839	70.00	0.437
288.752	0.05	Adapter 3839Hz Probe 3839Hz	39	3.839	70.00	0.437
288.832	0.05	Adapter 3839Hz Probe 3839Hz	39	3.839	70.00	0.437
289.012	0.05	Adapter 3839Hz Probe 3839Hz	39	3.839	70.00	0.437
289.092	0.05	Adapter 3839Hz Probe 3839Hz	39	3.839	70.00	0.437
289.172	0.05	Adapter 3839Hz Probe 3839Hz	39	3.839	70.00	0.437
289.252	0.05	Adapter 3839Hz Probe 3839Hz	39	3.839	70.00	0.437
289.332	0.05	Adapter 3839Hz Probe 3839Hz	39	3.839	70.00	0.437
289.512	0.05	Adapter 3839Hz Probe 3839Hz	39	3.839	70.00	0.437
289.592	0.05	Adapter 3839Hz Probe 3839Hz	39	3.839	70.00	0.437
289.672	0.05	Adapter 3839Hz Probe 3839Hz	39	3.839	70.00	0.437
289.752	0.05	Adapter 3839Hz Probe 3839Hz	39	3.839	70.00	0.437
289.832	0.05	Adapter 3839Hz Probe 3839Hz	39	3.839	70.00	0.437
290.012	0.05	Adapter 3839Hz Probe 3839Hz	39	3.839	70.00	0.437
290.092	0.05	Adapter 3839Hz Probe 3839Hz	39	3.839	70.00	0.437
290.172	0.05	Adapter 3839Hz Probe 3839Hz	39	3.839	70.00	0.437
290.252	0.05	Adapter 3839Hz Probe 3839Hz	39	3.839	70.00	0.437
290.332	0.05	Adapter 3839Hz Probe 3839Hz	39	3.839	70.00	0.437
290.512	0.05	Adapter 3839Hz Probe 3839Hz	39	3.839	70.00	0.437
290.592	0.05	Adapter 3839Hz Probe 3839Hz	39	3.839	70.00	0.437
290.672	0.05	Adapter 3839Hz Probe 3839Hz	39	3.839	70.00	0.437
290.752	0.05	Adapter 3839Hz Probe 3839Hz	39	3.839	70.00	0.437
290.832	0.05	Adapter 3839Hz Probe 3839Hz	39	3.839	70.00	0.437
291.012	0.05	Adapter 3839Hz Probe 3839Hz	39	3.839	70.00	0.437
291.092	0.05	Adapter 3839Hz Probe 3839Hz	39	3.839	70.00	0.437
291.172	0.05	Adapter 3839Hz Probe 3839Hz	39	3.839	70.00	0.437
291.252	0.05	Adapter 3839Hz Probe 3839Hz	39	3.839	70.00	0.437
291.332	0.05	Adapter 3839Hz Probe 3839Hz	39	3.839	70.00	0.437
291.512	0.05	Adapter 3839Hz Probe 3839Hz	39	3.839	70.00	0.437
291.592	0.05	Adapter 3839Hz Probe 3839Hz	39	3.839	70.00	0.437
291.672	0.05	Adapter 3839Hz Probe 3839Hz	39	3.839	70.00	0.437
291.752	0.05	Adapter 3839Hz Probe 3839Hz	39	3.839	70.00	0.437
291.832	0.05	Adapter 3839Hz Probe 3839Hz	39	3.839	70.00	0.437
292.012	0.05	Adapter 3839Hz Probe 3839Hz	39	3.839	70.00	0.437
292.092	0.05	Adapter 3839Hz Probe 3839Hz	39	3.839	70.00	0.437
292.172	0.05	Adapter 3839Hz Probe 3839Hz	39	3.839	70.00	0.437
292.252	0.05	Adapter 3839Hz Probe 3839Hz	39	3.839	70.00	0.437
292.332	0.05	Adapter 3839Hz Probe 3839Hz	39	3.839	70.00	0.437
295.016	0.05	Adapter 899Hz	40	0.899	70.00	0.121
295.096	0.05	Adapter 899Hz	40	0.899	70.00	0.121
295.176	0.05	Adapter 899Hz	40	0.899	70.00	0.121
295.256	0.05	Adapter 899Hz	40	0.899	70.00	0.121
295.516	0.05	Adapter 899Hz	40	0.899	70.00	0.121
295.596	0.05	Adapter 899Hz	40	0.899	70.00	0.121
295.676	0.05	Adapter 899Hz	40	0.899	70.00	0.121
295.756	0.05	Adapter 899Hz	40	0.899	70.00	0.121
296.016	0.05	Adapter 899Hz	40	0.899	70.00	0.121
296.096	0.05	Adapter 899Hz	40	0.899	70.00	0.121
296.176	0.05	Adapter 899Hz	40	0.899	70.00	0.121
296.256	0.05	Adapter 899Hz	40	0.899	70.00	0.121
296.516	0.05	Adapter 899Hz	40	0.899	70.00	0.121
296.596	0.05	Adapter 899Hz	40	0.899	70.00	0.121
296.676	0.05	Adapter 899Hz	40	0.899	70.00	0.121
296.756	0.05	Adapter 899Hz	40	0.899	70.00	0.121
297.016	0.05	Adapter 899Hz	40	0.899	70.00	0.121
297.096	0.05	Adapter 899Hz	40	0.899	70.00	0.121
297.176	0.05	Adapter 899Hz	40	0.899	70.00	0.121
297.256	0.05	Adapter 899Hz	40	0.899	70.00	0.121
297.516	0.05	Adapter 899Hz	40	0.899	70.00	0.121
297.596	0.05	Adapter 899Hz	40	0.899	70.00	0.121
297.676	0.05	Adapter 899Hz	40	0.899	70.00	0.121
297.756	0.05	Adapter 899Hz	40	0.899	70.00	0.121
298.016	0.05	Adapter 899Hz	40	0.899	70.00	0.121
298.096	0.05	Adapter 899Hz	40	0.899	70.00	0.121
298.176	0.05	Adapter 899Hz	40	0.899	70.00	0.121
298.256	0.05	Adapter 899Hz	40	0.899	70.00	0.121
298.516	0.05	Adapter 899Hz	40	0.899	70.00	0.121
298.596	0.05	Adapter 899Hz	40	0.899	70.00	0.121
298.676	0.05	Adapter 899Hz	40	0.899	70.00	0.121
298.756	0.05	Adapter 899Hz	40	0.899	70.00	0.121
299.016	0.05	Adapter 899Hz	40	0.899	70.00	0.121
299.096	0.05	Adapter 899Hz	40	0.899	70.00	0.121
299.176	0.05	Adapter 899Hz	40	0.899	70.00	0.121
299.256	0.05	Adapter 899Hz	40	0.899	70.00	0.121
299.516	0.05	Adapter 899Hz	40	0.899	70.00	0.121
299.596	0.05	Adapter 899Hz	40	0.899	70.00	0.121
299.676	0.05	Adapter 899Hz	40	0.899	70.00	0.121
299.756	0.05	Adapter 899Hz	40	0.899	70.00	0.121
302.52	0.05	Adapter 1501Hz	41	1.501	70.00	0.186
302.6	0.05	Adapter 1501Hz	41	1.501	70.00	0.186
302.68	0.05	Adapter 1501Hz	41	1.501	70.00	0.186
302.76	0.05	Adapter 1501Hz	41	1.501	70.00	0.186
303.02	0.05	Adapter 1501Hz	41	1.501	70.00	0.186
303.1	0.05	Adapter 1501Hz	41	1.501	70.00	0.186
303.18	0.05	Adapter 1501Hz	41	1.501	70.00	0.186
303.26	0.05	Adapter 1501Hz	41	1.501	70.00	0.186
303.52	0.05	Adapter 1501Hz	41	1.501	70.00	0.186
303.6	0.05	Adapter 1501Hz	41	1.501	70.00	0.186
303.68	0.05	Adapter 1501Hz	41	1.501	70.00	0.186
303.76	0.05	Adapter 1501Hz	41	1.501	70.00	0.186
304.02	0.05	Adapter 1501Hz	41	1.501	70.00	0.186
304.1	0.05	Adapter 1501Hz	41	1.501	70.00	0.186
304.18	0.05	Adapter 1501Hz	41	1.501	70.00	0.186
304.26	0.05	Adapter 1501Hz	41	1.501	70.00	0.186
304.52	0.05	Adapter 1501Hz	41	1.501	70.00	0.186
304.6	0.05	Adapter 1501Hz	41	1.501	70.00	0.186
304.68	0.05	Adapter 1501Hz	41	1.501	70.00	0.186
304.76	0.05	Adapter 1501Hz	41	1.501	70.00	0.186
305.02	0.05	Adapter 1501Hz	41	1.501	70.00	0.186
305.1	0.05	Adapter 1501Hz	41	1.501	70.00	0.186
305.18	0.05	Adapter 1501Hz	41	1.501	70.00	0.186
305.26	0.05	Adapter 1501Hz	41	1.501	70.00	0.186
305.52	0.05	Adapter 1501Hz	41	1.501	70.00	0.186
305.6	0.05	Adapter 1501Hz	41	1.501	70.00	0.186
305.68	0.05	Adapter 1501Hz	41	1.501	70.00	0.186
305.76	0.05	Adapter 1501Hz	41	1.501	70.00	0.186
306.02	0.05	Adapter 1501Hz	41	1.501	70.00	0.186
306.1	0.05	Adapter 1501Hz	41	1.501	70.00	0.186
306.18	0.05	Adapter 1501Hz	41	1.501	70.00	0.186
306.26	0.05	Adapter 1501Hz	41	1.501	70.00	0.186
306.52	0.05	Adapter 1501Hz	41	1.501	70.00	0.186
306.6	0.05	Adapter 1501Hz	41	1.501	70.00	0.186
306.68	0.05	Adapter 1501Hz	41	1.501	70.00	0.186
306.76	0.05	Adapter 1501Hz	41	1.501	70.00	0.186
307.02	0.05	Adapter 1501Hz	41	1.501	70.00	0.186
307.1	0.05	Adapter 1501Hz	41	1.501	70.00	0.186
307.18	0.05	Adapter 1501Hz	41	1.501	70.00	0.186
307.26	0.05	Adapter 1501Hz	41	1.501	70.00	0.186
310.039	0.05	Adapter 3839Hz	42	3.839	70.00	0.437
310.119	0.05	Adapter 3839Hz	42	3.839	70.00	0.437
310.199	0.05	Adapter 3839Hz	42	3.839	70.00	0.437
310.279	0.05	Adapter 3839Hz	42	3.839	70.00	0.437
310.539	0.05	Adapter 3839Hz	42	3.839	70.00	0.437
310.619	0.05	Adapter 3839Hz	42	3.839	70.00	0.437
310.699	0.05	Adapter 3839Hz	42	3.839	70.00	0.437
310.779	0.05	Adapter 3839Hz	42	3.839	70.00	0.437
311.039	0.05	Adapter 3839Hz	42	3.839	70.00	0.437
311.119	0.05	Adapter 3839Hz	42	3.839	70.00	0.437
311.199	0.05	Adapter 3839Hz	42	3.839	70.00	0.437
311.279	0.05	Adapter 3839Hz	42	3.839	70.00	0.437
311.539	0.05	Adapter 3839Hz	42	3.839	70.00	0.437
311.619	0.05	Adapter 3839Hz	42	3.839	70.00	0.437
311.699	0.05	Adapter 3839Hz	42	3.839	70.00	0.437
311.779	0.05	Adapter 3839Hz	42	3.839	70.00	0.437
312.039	0.05	Adapter 3839Hz	42	3.839	70.00	0.437
312.119	0.05	Adapter 3839Hz	42	3.839	70.00	0.437
312.199	0.05	Adapter 3839Hz	42	3.839	70.00	0.437
312.279	0.05	Adapter 3839Hz	42	3.839	70.00	0.437
312.539	0.05	Adapter 3839Hz	42	3.839	70.00	0.437
312.619	0.05	Adapter 3839Hz	42	3.839	70.00	0.437
312.699	0.05	Adapter 3839Hz	42	3.839	70.00	0.437
312.779	0.05	Adapter 3839Hz	42	3.839	70.00	0.437
313.039	0.05	Adapter 3839Hz	42	3.839	70.00	0.437
313.119	0.05	Adapter 3839Hz	42	3.839	70.00	0.437
313.199	0.05	Adapter 3839Hz	42	3.839	70.00	0.437
313.279	0.05	Adapter 3839Hz	42	3.839	70.00	0.437
313.539	0.05	Adapter 3839Hz	42	3.839	70.00	0.437
313.619	0.05	Adapter 3839Hz	42	3.839	70.00	0.437
313.699	0.05	Adapter 3839Hz	42	3.839	70.00	0.437
313.779	0.05	Adapter 3839Hz	42	3.839	70.00	0.437
314.039	0.05	Adapter 3839Hz	42	3.839	70.00	0.437
314.119	0.05	Adapter 3839Hz	42	3.839	70.00	0.437
314.199	0.05	Adapter 3839Hz	42	3.839	70.00	0.437
314.279	0.05	Adapter 3839Hz	42	3.839	70.00	0.437
314.539	0.05	Adapter 3839Hz	42	3.839	70.00	0.437
314.619	0.05	Adapter 3839Hz	42	3.839	70.00	0.437
314.699	0.05	Adapter 3839Hz	42	3.839	70.00	0.437
314.779	0.05	Adapter 3839Hz	42	3.839	70.00	0.437
317.511	0.05	Adapter 6009Hz	43	6.009	70.00	0.671
317.591	0.05	Adapter 6009Hz	43	6.009	70.00	0.671
317.671	0.05	Adapter 6009Hz	43	6.009	70.00	0.671
317.751	0.05	Adapter 6009Hz	43	6.009	70.00	0.671
318.011	0.05	Adapter 6009Hz	43	6.009	70.00	0.671
318.091	0.05	Adapter 6009Hz	43	6.009	70.00	0.671
318.171	0.05	Adapter 6009Hz	43	6.009	70.00	0.671
318.251	0.05	Adapter 6009Hz	43	6.009	70.00	0.671
318.511	0.05	Adapter 6009Hz	43	6.009	70.00	0.671
318.591	0.05	Adapter 6009Hz	43	6.009	70.00	0.671
318.671	0.05	Adapter 6009Hz	43	6.009	70.00	0.671
318.751	0.05	Adapter 6009Hz	43	6.009	70.00	0.671
319.011	0.05	Adapter 6009Hz	43	6.009	70.00	0.671
319.091	0.05	Adapter 6009Hz	43	6.009	70.00	0.671
319.171	0.05	Adapter 6009Hz	43	6.009	70.00	0.671
319.251	0.05	Adapter 6009Hz	43	6.009	70.00	0.671
319.511	0.05	Adapter 6009Hz	43	6.009	70.00	0.671
319.591	0.05	Adapter 6009Hz	43	6.009	70.00	0.671
319.671	0.05	Adapter 6009Hz	43	6.009	70.00	0.671
319.751	0.05	Adapter 6009Hz	43	6.009	70.00	0.671
320.011	0.05	Adapter 6009Hz	43	6.009	70.00	0.671
320.091	0.05	Adapter 6009Hz	43	6.009	70.00	0.671
320.171	0.05	Adapter 6009Hz	43	6.009	70.00	0.671
320.251	0.05	Adapter 6009Hz	43	6.009	70.00	0.671
320.511	0.05	Adapter 6009Hz	43	6.009	70.00	0.671
320.591	0.05	Adapter 6009Hz	43	6.009	70.00	0.671
320.671	0.05	Adapter 6009Hz	43	6.009	70.00	0.671
320.751	0.05	Adapter 6009Hz	43	6.009	70.00	0.671
321.011	0.05	Adapter 6009Hz	43	6.009	70.00	0.671
321.091	0.05	Adapter 6009Hz	43	6.009	70.00	0.671
321.171	0.05	Adapter 6009Hz	43	6.009	70.00	0.671
321.251	0.05	Adapter 6009Hz	43	6.009	70.00	0.671
321.511	0.05	Adapter 6009Hz	43	6.009	70.00	0.671
321.591	0.05	Adapter 6009Hz	43	6.009	70.00	0.671
321.671	0.05	Adapter 6009Hz	43	6.009	70.00	0.671
321.751	0.05	Adapter 6009Hz	43	6.009	70.00	0.671
322.011	0.05	Adapter 6009Hz	43	6.009	70.00	0.671
322.091	0.05	Adapter 6009Hz	43	6.009	70.00	0.671
322.171	0.05	Adapter 6009Hz	43	6.009	70.00	0.671
322.251	0.05	Adapter 6009Hz	43	6.009	70.00	0.671
332.55	0.05	Adapter 507Hz Probe 3839Hz	45	0.507	70.00	0.079
332.63	0.05	Adapter 507Hz Probe 3839Hz	45	0.507	70.00	0.079
332.71	0.05	Adapter 507Hz Probe 3839Hz	45	0.507	70.00	0.079
332.79	0.05	Adapter 507Hz Probe 3839Hz	45	0.507	70.00	0.079
332.87	0.05	Adapter 507Hz Probe 3839Hz	45	3.839	70.00	0.437
333.05	0.05	Adapter 507Hz Probe 3839Hz	45	0.507	70.00	0.079
333.13	0.05	Adapter 507Hz Probe 3839Hz	45	0.507	70.00	0.079
333.21	0.05	Adapter 507Hz Probe 3839Hz	45	0.507	70.00	0.079
333.29	0.05	Adapter 507Hz Probe 3839Hz	45	0.507	70.00	0.079
333.37	0.05	Adapter 507Hz Probe 3839Hz	45	3.839	70.00	0.437
333.55	0.05	Adapter 507Hz Probe 3839Hz	45	0.507	70.00	0.079
333.63	0.05	Adapter 507Hz Probe 3839Hz	45	0.507	70.00	0.079
333.71	0.05	Adapter 507Hz Probe 3839Hz	45	0.507	70.00	0.079
333.79	0.05	Adapter 507Hz Probe 3839Hz	45	0.507	70.00	0.079
333.87	0.05	Adapter 507Hz Probe 3839Hz	45	3.839	70.00	0.437
334.05	0.05	Adapter 507Hz Probe 3839Hz	45	0.507	70.00	0.079
334.13	0.05	Adapter 507Hz Probe 3839Hz	45	0.507	70.00	0.079
334.21	0.05	Adapter 507Hz Probe 3839Hz	45	0.507	70.00	0.079
334.29	0.05	Adapter 507Hz Probe 3839Hz	45	0.507	70.00	0.079
334.37	0.05	Adapter 507Hz Probe 3839Hz	45	3.839	70.00	0.437
334.55	0.05	Adapter 507Hz Probe 3839Hz	45	0.507	70.00	0.079
334.63	0.05	Adapter 507Hz Probe 3839Hz	45	0.507	70.00	0.079
334.71	0.05	Adapter 507Hz Probe 3839Hz	45	0.507	70.00	0.079
334.79	0.05	Adapter 507Hz Probe 3839Hz	45	0.507	70.00	0.079
334.87	0.05	Adapter 507Hz Probe 3839Hz	45	3.839	70.00	0.437
335.05	0.05	Adapter 507Hz Probe 3839Hz	45	0.507	70.00	0.079
335.13	0.05	Adapter 507Hz Probe 3839Hz	45	0.507	70.00	0.079
335.21	0.05	Adapter 507Hz Probe 3839Hz	45	0.507	70.00	0.079
335.29	0.05	Adapter 507Hz Probe 3839Hz	45	0.507	70.00	0.079
335.37	0.05	Adapter 507Hz Probe 3839Hz	45	3.839	70.00	0.437
335.55	0.05	Adapter 507Hz Probe 3839Hz	45	0.507	70.00	0.079
335.63	0.05	Adapter 507Hz Probe 3839Hz	45	0.507	70.00	0.079
335.71	0.05	Adapter 507Hz Probe 3839Hz	45	0.507	70.00	0.079
335.79	0.05	Adapter 507Hz Probe 3839Hz	45	0.507	70.00	0.079
335.87	0.05	Adapter 507Hz Probe 3839Hz	45	3.839	70.00	0.437
336.05	0.05	Adapter 507Hz Probe 3839Hz	45	0.507	70.00	0.079
336.13	0.05	Adapter 507Hz Probe 3839Hz	45	0.507	70.00	0.079
336.21	0.05	Adapter 507Hz Probe 3839Hz	45	0.507	70.00	0.079
336.29	0.05	Adapter 507Hz Probe 3839Hz	45	0.507	70.00	0.079
336.37	0.05	Adapter 507Hz Probe 3839Hz	45	3.839	70.00	0.437
336.55	0.05	Adapter 507Hz Probe 3839Hz	45	0.507	70.00	0.079
336.63	0.05	Adapter 507Hz Probe 3839Hz	45	0.507	70.00	0.079
336.71	0.05	Adapter 507Hz Probe 3839Hz	45	0.507	70.00	0.079
336.79	0.05	Adapter 507Hz Probe 3839Hz	45	0.507	70.00	0.079
336.87	0.05	Adapter 507Hz Probe 3839Hz	45	3.839	70.00	0.437
337.05	0.05	Adapter 507Hz Probe 3839Hz	45	0.507	70.00	0.079
337.13	0.05	Adapter 507Hz Probe 3839Hz	45	0.507	70.00	0.079
337.21	0.05	Adapter 507Hz Probe 3839Hz	45	0.507	70.00	0.079
337.29	0.05	Adapter 507Hz Probe 3839Hz	45	0.507	70.00	0.079
337.37	0.05	Adapter 507Hz Probe 3839Hz	45	3.839	70.00	0.437
340.342	0.05	Probe 3839Hz	46	3.839	70.00	0.437
340.842	0.05	Probe 3839Hz	46	3.839	70.00	0.437
341.342	0.05	Probe 3839Hz	46	3.839	70.00	0.437
341.842	0.05	Probe 3839Hz	46	3.839	70.00	0.437
342.342	0.05	Probe 3839Hz	46	3.839	70.00	0.437
342.842	0.05	Probe 3839Hz	46	3.839	70.00	0.437
343.342	0.05	Probe 3839Hz	46	3.839	70.00	0.437
343.842	0.05	Probe 3839Hz	46	3.839	70.00	0.437
344.342	0.05	Probe 3839Hz	46	3.839	70.00	0.437
344.842	0.05	Probe 3839Hz	46	3.839	70.00	0.437
355.014	0.05	Adapter 1501Hz Probe 3839Hz	48	1.501	70.00	0.186
355.094	0.05	Adapter 1501Hz Probe 3839Hz	48	1.501	70.00	0.186
355.174	0.05	Adapter 1501Hz Probe 3839Hz	48	1.501	70.00	0.186
355.254	0.05	Adapter 1501Hz Probe 3839Hz	48	1.501	70.00	0.186
355.334	0.05	Adapter 1501Hz Probe 3839Hz	48	3.839	70.00	0.437
355.514	0.05	Adapter 1501Hz Probe 3839Hz	48	1.501	70.00	0.186
355.594	0.05	Adapter 1501Hz Probe 3839Hz	48	1.501	70.00	0.186
355.674	0.05	Adapter 1501Hz Probe 3839Hz	48	1.501	70.00	0.186
355.754	0.05	Adapter 1501Hz Probe 3839Hz	48	1.501	70.00	0.186
355.834	0.05	Adapter 1501Hz Probe 3839Hz	48	3.839	70.00	0.437
356.014	0.05	Adapter 1501Hz Probe 3839Hz	48	1.501	70.00	0.186
356.094	0.05	Adapter 1501Hz Probe 3839Hz	48	1.501	70.00	0.186
356.174	0.05	Adapter 1501Hz Probe 3839Hz	48	1.501	70.00	0.186
356.254	0.05	Adapter 1501Hz Probe 3839Hz	48	1.501	70.00	0.186
356.334	0.05	Adapter 1501Hz Probe 3839Hz	48	3.839	70.00	0.437
356.514	0.05	Adapter 1501Hz Probe 3839Hz	48	1.501	70.00	0.186
356.594	0.05	Adapter 1501Hz Probe 3839Hz	48	1.501	70.00	0.186
356.674	0.05	Adapter 1501Hz Probe 3839Hz	48	1.501	70.00	0.186
356.754	0.05	Adapter 1501Hz Probe 3839Hz	48	1.501	70.00	0.186
356.834	0.05	Adapter 1501Hz Probe 3839Hz	48	3.839	70.00	0.437
357.014	0.05	Adapter 1501Hz Probe 3839Hz	48	1.501	70.00	0.186
357.094	0.05	Adapter 1501Hz Probe 3839Hz	48	1.501	70.00	0.186
357.174	0.05	Adapter 1501Hz Probe 3839Hz	48	1.501	70.00	0.186
357.254	0.05	Adapter 1501Hz Probe 3839Hz	48	1.501	70.00	0.186
357.334	0.05	Adapter 1501Hz Probe 3839Hz	48	3.839	70.00	0.437
357.514	0.05	Adapter 1501Hz Probe 3839Hz	48	1.501	70.00	0.186
357.594	0.05	Adapter 1501Hz Probe 3839Hz	48	1.501	70.00	0.186
357.674	0.05	Adapter 1501Hz Probe 3839Hz	48	1.501	70.00	0.186
357.754	0.05	Adapter 1501Hz Probe 3839Hz	48	1.501	70.00	0.186
357.834	0.05	Adapter 1501Hz Probe 3839Hz	48	3.839	70.00	0.437
358.014	0.05	Adapter 1501Hz Probe 3839Hz	48	1.501	70.00	0.186
358.094	0.05	Adapter 1501Hz Probe 3839Hz	48	1.501	70.00	0.186
358.174	0.05	Adapter 1501Hz Probe 3839Hz	48	1.501	70.00	0.186
358.254	0.05	Adapter 1501Hz Probe 3839Hz	48	1.501	70.00	0.186
358.334	0.05	Adapter 1501Hz Probe 3839Hz	48	3.839	70.00	0.437
358.514	0.05	Adapter 1501Hz Probe 3839Hz	48	1.501	70.00	0.186
358.594	0.05	Adapter 1501Hz Probe 3839Hz	48	1.501	70.00	0.186
358.674	0.05	Adapter 1501Hz Probe 3839Hz	48	1.501	70.00	0.186
358.754	0.05	Adapter 1501Hz Probe 3839Hz	48	1.501	70.00	0.186
358.834	0.05	Adapter 1501Hz Probe 3839Hz	48	3.839	70.00	0.437
359.014	0.05	Adapter 1501Hz Probe 3839Hz	48	1.501	70.00	0.186
359.094	0.05	Adapter 1501Hz Probe 3839Hz	48	1.501	70.00	0.186
359.174	0.05	Adapter 1501Hz Probe 3839Hz	48	1.501	70.00	0.186
359.254	0.05	Adapter 1501Hz Probe 3839Hz	48	1.501	70.00	0.186
359.334	0.05	Adapter 1501Hz Probe 3839Hz	48	3.839	70.00	0.437
359.514	0.05	Adapter 1501Hz Probe 3839Hz	48	1.501	70.00	0.186
359.594	0.05	Adapter 1501Hz Probe 3839Hz	48	1.501	70.00	0.186
359.674	0.05	Adapter 1501Hz Probe 3839Hz	48	1.501	70.00	0.186
359.754	0.05	Adapter 1501Hz Probe 3839Hz	48	1.501	70.00	0.186
359.834	0.05	Adapter 1501Hz Probe 3839Hz	48	3.839	70.00	0.437
362.533	0.05	Adapter 1501Hz Probe 3839Hz	49	1.501	70.00	0.186
362.613	0.05	Adapter 1501Hz Probe 3839Hz	49	1.501	70.00	0.186
362.693	0.05	Adapter 1501Hz Probe 3839Hz	49	1.501	70.00	0.186
362.773	0.05	Adapter 1501Hz Probe 3839Hz	49	1.501	70.00	0.186
362.853	0.05	Adapter 1501Hz Probe 3839Hz	49	3.839	70.00	0.437
363.033	0.05	Adapter 1501Hz Probe 3839Hz	49	1.501	70.00	0.186
363.113	0.05	Adapter 1501Hz Probe 3839Hz	49	1.501	70.00	0.186
363.193	0.05	Adapter 1501Hz Probe 3839Hz	49	1.501	70.00	0.186
363.273	0.05	Adapter 1501Hz Probe 3839Hz	49	1.501	70.00	0.186
363.353	0.05	Adapter 1501Hz Probe 3839Hz	49	3.839	70.00	0.437
363.533	0.05	Adapter 1501Hz Probe 3839Hz	49	1.501	70.00	0.186
363.613	0.05	Adapter 1501Hz Probe 3839Hz	49	1.501	70.00	0.186
363.693	0.05	Adapter 1501Hz Probe 3839Hz	49	1.501	70.00	0.186
363.773	0.05	Adapter 1501Hz Probe 3839Hz	49	1.501	70.00	0.186
363.853	0.05	Adapter 1501Hz Probe 3839Hz	49	3.839	70.00	0.437
364.033	0.05	Adapter 1501Hz Probe 3839Hz	49	1.501	70.00	0.186
364.113	0.05	Adapter 1501Hz Probe 3839Hz	49	1.501	70.00	0.186
364.193	0.05	Adapter 1501Hz Probe 3839Hz	49	1.501	70.00	0.186
364.273	0.05	Adapter 1501Hz Probe 3839Hz	49	1.501	70.00	0.186
364.353	0.05	Adapter 1501Hz Probe 3839Hz	49	3.839	70.00	0.437
364.533	0.05	Adapter 1501Hz Probe 3839Hz	49	1.501	70.00	0.186
364.613	0.05	Adapter 1501Hz Probe 3839Hz	49	1.501	70.00	0.186
364.693	0.05	Adapter 1501Hz Probe 3839Hz	49	1.501	70.00	0.186
364.773	0.05	Adapter 1501Hz Probe 3839Hz	49	1.501	70.00	0.186
364.853	0.05	Adapter 1501Hz Probe 3839Hz	49	3.839	70.00	0.437
365.033	0.05	Adapter 1501Hz Probe 3839Hz	49	1.501	70.00	0.186
365.113	0.05	Adapter 1501Hz Probe 3839Hz	49	1.501	70.00	0.186
365.193	0.05	Adapter 1501Hz Probe 3839Hz	49	1.501	70.00	0.186
365.273	0.05	Adapter 1501Hz Probe 3839Hz	49	1.501	70.00	0.186
365.353	0.05	Adapter 1501Hz Probe 3839Hz	49	3.839	70.00	0.437
365.533	0.05	Adapter 1501Hz Probe 3839Hz	49	1.501	70.00	0.186
365.613	0.05	Adapter 1501Hz Probe 3839Hz	49	1.501	70.00	0.186
365.693	0.05	Adapter 1501Hz Probe 3839Hz	49	1.501	70.00	0.186
365.773	0.05	Adapter 1501Hz Probe 3839Hz	49	1.501	70.00	0.186
365.853	0.05	Adapter 1501Hz Probe 3839Hz	49	3.839	70.00	0.437
366.033	0.05	Adapter 1501Hz Probe 3839Hz	49	1.501	70.00	0.186
366.113	0.05	Adapter 1501Hz Probe 3839Hz	49	1.501	70.00	0.186
366.193	0.05	Adapter 1501Hz Probe 3839Hz	49	1.501	70.00	0.186
366.273	0.05	Adapter 1501Hz Probe 3839Hz	49	1.501	70.00	0.186
366.353	0.05	Adapter 1501Hz Probe 3839Hz	49	3.839	70.00	0.437
366.533	0.05	Adapter 1501Hz Probe 3839Hz	49	1.501	70.00	0.186
366.613	0.05	Adapter 1501Hz Probe 3839Hz	49	1.501	70.00	0.186
366.693	0.05	Adapter 1501Hz Probe 3839Hz	49	1.501	70.00	0.186
366.773	0.05	Adapter 1501Hz Probe 3839Hz	49	1.501	70.00	0.186
366.853	0.05	Adapter 1501Hz Probe 3839Hz	49	3.839	70.00	0.437
367.033	0.05	Adapter 1501Hz Probe 3839Hz	49	1.501	70.00	0.186
367.113	0.05	Adapter 1501Hz Probe 3839Hz	49	1.501	70.00	0.186
367.193	0.05	Adapter 1501Hz Probe 3839Hz	49	1.501	70.00	0.186
367.273	0.05	Adapter 1501Hz Probe 3839Hz	49	1.501	70.00	0.186
367.353	0.05	Adapter 1501Hz Probe 3839Hz	49	3.839	70.00	0.437
370.052	0.05	Adapter 899Hz Probe 3839Hz	50	0.899	70.00	0.121
370.132	0.05	Adapter 899Hz Probe 3839Hz	50	0.899	70.00	0.121
370.212	0.05	Adapter 899Hz Probe 3839Hz	50	0.899	70.00	0.121
370.292	0.05	Adapter 899Hz Probe 3839Hz	50	0.899	70.00	0.121
370.372	0.05	Adapter 899Hz Probe 3839Hz	50	3.839	70.00	0.437
370.552	0.05	Adapter 899Hz Probe 3839Hz	50	0.899	70.00	0.121
370.632	0.05	Adapter 899Hz Probe 3839Hz	50	0.899	70.00	0.121
370.712	0.05	Adapter 899Hz Probe 3839Hz	50	0.899	70.00	0.121
370.792	0.05	Adapter 899Hz Probe 3839Hz	50	0.899	70.00	0.121
370.872	0.05	Adapter 899Hz Probe 3839Hz	50	3.839	70.00	0.437
371.052	0.05	Adapter 899Hz Probe 3839Hz	50	0.899	70.00	0.121
371.132	0.05	Adapter 899Hz Probe 3839Hz	50	0.899	70.00	0.121
371.212	0.05	Adapter 899Hz Probe 3839Hz	50	0.899	70.00	0.121
371.292	0.05	Adapter 899Hz Probe 3839Hz	50	0.899	70.00	0.121
371.372	0.05	Adapter 899Hz Probe 3839Hz	50	3.839	70.00	0.437
371.552	0.05	Adapter 899Hz Probe 3839Hz	50	0.899	70.00	0.121
371.632	0.05	Adapter 899Hz Probe 3839Hz	50	0.899	70.00	0.121
371.712	0.05	Adapter 899Hz Probe 3839Hz	50	0.899	70.00	0.121
371.792	0.05	Adapter 899Hz Probe 3839Hz	50	0.899	70.00	0.121
371.872	0.05	Adapter 899Hz Probe 3839Hz	50	3.839	70.00	0.437
372.052	0.05	Adapter 899Hz Probe 3839Hz	50	0.899	70.00	0.121
372.132	0.05	Adapter 899Hz Probe 3839Hz	50	0.899	70.00	0.121
372.212	0.05	Adapter 899Hz Probe 3839Hz	50	0.899	70.00	0.121
372.292	0.05	Adapter 899Hz Probe 3839Hz	50	0.899	70.00	0.121
372.372	0.05	Adapter 899Hz Probe 3839Hz	50	3.839	70.00	0.437
372.552	0.05	Adapter 899Hz Probe 3839Hz	50	0.899	70.00	0.121
372.632	0.05	Adapter 899Hz Probe 3839Hz	50	0.899	70.00	0.121
372.712	0.05	Adapter 899Hz Probe 3839Hz	50	0.899	70.00	0.121
372.792	0.05	Adapter 899Hz Probe 3839Hz	50	0.899	70.00	0.121
372.872	0.05	Adapter 899Hz Probe 3839Hz	50	3.839	70.00	0.437
373.052	0.05	Adapter 899Hz Probe 3839Hz	50	0.899	70.00	0.121
373.132	0.05	Adapter 899Hz Probe 3839Hz	50	0.899	70.00	0.121
373.212	0.05	Adapter 899Hz Probe 3839Hz	50	0.899	70.00	0.121
373.292	0.05	Adapter 899Hz Probe 3839Hz	50	0.899	70.00	0.121
373.372	0.05	Adapter 899Hz Probe 3839Hz	50	3.839	70.00	0.437
373.552	0.05	Adapter 899Hz Probe 3839Hz	50	0.899	70.00	0.121
373.632	0.05	Adapter 899Hz Probe 3839Hz	50	0.899	70.00	0.121
373.712	0.05	Adapter 899Hz Probe 3839Hz	50	0.899	70.00	0.121
373.792	0.05	Adapter 899Hz Probe 3839Hz	50	0.899	70.00	0.121
373.872	0.05	Adapter 899Hz Probe 3839Hz	50	3.839	70.00	0.437
374.052	0.05	Adapter 899Hz Probe 3839Hz	50	0.899	70.00	0.121
374.132	0.05	Adapter 899Hz Probe 3839Hz	50	0.899	70.00	0.121
374.212	0.05	Adapter 899Hz Probe 3839Hz	50	0.899	70.00	0.121
374.292	0.05	Adapter 899Hz Probe 3839Hz	50	0.899	70.00	0.121
374.372	0.05	Adapter 899Hz Probe 3839Hz	50	3.839	70.00	0.437
374.552	0.05	Adapter 899Hz Probe 3839Hz	50	0.899	70.00	0.121
374.632	0.05	Adapter 899Hz Probe 3839Hz	50	0.899	70.00	0.121
374.712	0.05	Adapter 899Hz Probe 3839Hz	50	0.899	70.00	0.121
374.792	0.05	Adapter 899Hz Probe 3839Hz	50	0.899	70.00	0.121
374.872	0.05	Adapter 899Hz Probe 3839Hz	50	3.839	70.00	0.437
377.525	0.05	Adapter 899Hz	51	0.899	70.00	0.121
377.605	0.05	Adapter 899Hz	51	0.899	70.00	0.121
377.685	0.05	Adapter 899Hz	51	0.899	70.00	0.121
377.765	0.05	Adapter 899Hz	51	0.899	70.00	0.121
378.025	0.05	Adapter 899Hz	51	0.899	70.00	0.121
378.105	0.05	Adapter 899Hz	51	0.899	70.00	0.121
378.185	0.05	Adapter 899Hz	51	0.899	70.00	0.121
378.265	0.05	Adapter 899Hz	51	0.899	70.00	0.121
378.525	0.05	Adapter 899Hz	51	0.899	70.00	0.121
378.605	0.05	Adapter 899Hz	51	0.899	70.00	0.121
378.685	0.05	Adapter 899Hz	51	0.899	70.00	0.121
378.765	0.05	Adapter 899Hz	51	0.899	70.00	0.121
379.025	0.05	Adapter 899Hz	51	0.899	70.00	0.121
379.105	0.05	Adapter 899Hz	51	0.899	70.00	0.121
379.185	0.05	Adapter 899Hz	51	0.899	70.00	0.121
379.265	0.05	Adapter 899Hz	51	0.899	70.00	0.121
379.525	0.05	Adapter 899Hz	51	0.899	70.00	0.121
379.605	0.05	Adapter 899Hz	51	0.899	70.00	0.121
379.685	0.05	Adapter 899Hz	51	0.899	70.00	0.121
379.765	0.05	Adapter 899Hz	51	0.899	70.00	0.121
380.025	0.05	Adapter 899Hz	51	0.899	70.00	0.121
380.105	0.05	Adapter 899Hz	51	0.899	70.00	0.121
380.185	0.05	Adapter 899Hz	51	0.899	70.00	0.121
380.265	0.05	Adapter 899Hz	51	0.899	70.00	0.121
380.525	0.05	Adapter 899Hz	51	0.899	70.00	0.121
380.605	0.05	Adapter 899Hz	51	0.899	70.00	0.121
380.685	0.05	Adapter 899Hz	51	0.899	70.00	0.121
380.765	0.05	Adapter 899Hz	51	0.899	70.00	0.121
381.025	0.05	Adapter 899Hz	51	0.899	70.00	0.121
381.105	0.05	Adapter 899Hz	51	0.899	70.00	0.121
381.185	0.05	Adapter 899Hz	51	0.899	70.00	0.121
381.265	0.05	Adapter 899Hz	51	0.899	70.00	0.121
381.525	0.05	Adapter 899Hz	51	0.899	70.00	0.121
381.605	0.05	Adapter 899Hz	51	0.899	70.00	0.121
381.685	0.05	Adapter 899Hz	51	0.899	70.00	0.121
381.765	0.05	Adapter 899Hz	51	0.899	70.00	0.121
382.025	0.05	Adapter 899Hz	51	0.899	70.00	0.121
382.105	0.05	Adapter 899Hz	51	0.899	70.00	0.121
382.185	0.05	Adapter 899Hz	51	0.899	70.00	0.121
382.265	0.05	Adapter 899Hz	51	0.899	70.00	0.121
385.028	0.05	Adapter 507Hz Probe 3839Hz	52	0.507	70.00	0.079
385.108	0.05	Adapter 507Hz Probe 3839Hz	52	0.507	70.00	0.079
385.188	0.05	Adapter 507Hz Probe 3839Hz	52	0.507	70.00	0.079
385.268	0.05	Adapter 507Hz Probe 3839Hz	52	0.507	70.00	0.079
385.348	0.05	Adapter 507Hz Probe 3839Hz	52	3.839	70.00	0.437
385.528	0.05	Adapter 507Hz Probe 3839Hz	52	0.507	70.00	0.079
385.608	0.05	Adapter 507Hz Probe 3839Hz	52	0.507	70.00	0.079
385.688	0.05	Adapter 507Hz Probe 3839Hz	52	0.507	70.00	0.079
385.768	0.05	Adapter 507Hz Probe 3839Hz	52	0.507	70.00	0.079
385.848	0.05	Adapter 507Hz Probe 3839Hz	52	3.839	70.00	0.437
386.028	0.05	Adapter 507Hz Probe 3839Hz	52	0.507	70.00	0.079
386.108	0.05	Adapter 507Hz Probe 3839Hz	52	0.507	70.00	0.079
386.188	0.05	Adapter 507Hz Probe 3839Hz	52	0.507	70.00	0.079
386.268	0.05	Adapter 507Hz Probe 3839Hz	52	0.507	70.00	0.079
386.348	0.05	Adapter 507Hz Probe 3839Hz	52	3.839	70.00	0.437
386.528	0.05	Adapter 507Hz Probe 3839Hz	52	0.507	70.00	0.079
386.608	0.05	Adapter 507Hz Probe 3839Hz	52	0.507	70.00	0.079
386.688	0.05	Adapter 507Hz Probe 3839Hz	52	0.507	70.00	0.079
386.768	0.05	Adapter 507Hz Probe 3839Hz	52	0.507	70.00	0.079
386.848	0.05	Adapter 507Hz Probe 3839Hz	52	3.839	70.00	0.437
387.028	0.05	Adapter 507Hz Probe 3839Hz	52	0.507	70.00	0.079
387.108	0.05	Adapter 507Hz Probe 3839Hz	52	0.507	70.00	0.079
387.188	0.05	Adapter 507Hz Probe 3839Hz	52	0.507	70.00	0.079
387.268	0.05	Adapter 507Hz Probe 3839Hz	52	0.507	70.00	0.079
387.348	0.05	Adapter 507Hz Probe 3839Hz	52	3.839	70.00	0.437
387.528	0.05	Adapter 507Hz Probe 3839Hz	52	0.507	70.00	0.079
387.608	0.05	Adapter 507Hz Probe 3839Hz	52	0.507	70.00	0.079
387.688	0.05	Adapter 507Hz Probe 3839Hz	52	0.507	70.00	0.079
387.768	0.05	Adapter 507Hz Probe 3839Hz	52	0.507	70.00	0.079
387.848	0.05	Adapter 507Hz Probe 3839Hz	52	3.839	70.00	0.437
388.028	0.05	Adapter 507Hz Probe 3839Hz	52	0.507	70.00	0.079
388.108	0.05	Adapter 507Hz Probe 3839Hz	52	0.507	70.00	0.079
388.188	0.05	Adapter 507Hz Probe 3839Hz	52	0.507	70.00	0.079
388.268	0.05	Adapter 507Hz Probe 3839Hz	52	0.507	70.00	0.079
388.348	0.05	Adapter 507Hz Probe 3839Hz	52	3.839	70.00	0.437
388.528	0.05	Adapter 507Hz Probe 3839Hz	52	0.507	70.00	0.079
388.608	0.05	Adapter 507Hz Probe 3839Hz	52	0.507	70.00	0.079
388.688	0.05	Adapter 507Hz Probe 3839Hz	52	0.507	70.00	0.079
388.768	0.05	Adapter 507Hz Probe 3839Hz	52	0.507	70.00	0.079
388.848	0.05	Adapter 507Hz Probe 3839Hz	52	3.839	70.00	0.437
389.028	0.05	Adapter 507Hz Probe 3839Hz	52	0.507	70.00	0.079
389.108	0.05	Adapter 507Hz Probe 3839Hz	52	0.507	70.00	0.079
389.188	0.05	Adapter 507Hz Probe 3839Hz	52	0.507	70.00	0.079
389.268	0.05	Adapter 507Hz Probe 3839Hz	52	0.507	70.00	0.079
389.348	0.05	Adapter 507Hz Probe 3839Hz	52	3.839	70.00	0.437
389.528	0.05	Adapter 507Hz Probe 3839Hz	52	0.507	70.00	0.079
389.608	0.05	Adapter 507Hz Probe 3839Hz	52	0.507	70.00	0.079
389.688	0.05	Adapter 507Hz Probe 3839Hz	52	0.507	70.00	0.079
389.768	0.05	Adapter 507Hz Probe 3839Hz	52	0.507	70.00	0.079
389.848	0.05	Adapter 507Hz Probe 3839Hz	52	3.839	70.00	0.437
392.563	0.05	Adapter 1501Hz	53	1.501	70.00	0.186
392.643	0.05	Adapter 1501Hz	53	1.501	70.00	0.186
392.723	0.05	Adapter 1501Hz	53	1.501	70.00	0.186
392.803	0.05	Adapter 1501Hz	53	1.501	70.00	0.186
393.063	0.05	Adapter 1501Hz	53	1.501	70.00	0.186
393.143	0.05	Adapter 1501Hz	53	1.501	70.00	0.186
393.223	0.05	Adapter 1501Hz	53	1.501	70.00	0.186
393.303	0.05	Adapter 1501Hz	53	1.501	70.00	0.186
393.563	0.05	Adapter 1501Hz	53	1.501	70.00	0.186
393.643	0.05	Adapter 1501Hz	53	1.501	70.00	0.186
393.723	0.05	Adapter 1501Hz	53	1.501	70.00	0.186
393.803	0.05	Adapter 1501Hz	53	1.501	70.00	0.186
394.063	0.05	Adapter 1501Hz	53	1.501	70.00	0.186
394.143	0.05	Adapter 1501Hz	53	1.501	70.00	0.186
394.223	0.05	Adapter 1501Hz	53	1.501	70.00	0.186
394.303	0.05	Adapter 1501Hz	53	1.501	70.00	0.186
394.563	0.05	Adapter 1501Hz	53	1.501	70.00	0.186
394.643	0.05	Adapter 1501Hz	53	1.501	70.00	0.186
394.723	0.05	Adapter 1501Hz	53	1.501	70.00	0.186
394.803	0.05	Adapter 1501Hz	53	1.501	70.00	0.186
395.063	0.05	Adapter 1501Hz	53	1.501	70.00	0.186
395.143	0.05	Adapter 1501Hz	53	1.501	70.00	0.186
395.223	0.05	Adapter 1501Hz	53	1.501	70.00	0.186
395.303	0.05	Adapter 1501Hz	53	1.501	70.00	0.186
395.563	0.05	Adapter 1501Hz	53	1.501	70.00	0.186
395.643	0.05	Adapter 1501Hz	53	1.501	70.00	0.186
395.723	0.05	Adapter 1501Hz	53	1.501	70.00	0.186
395.803	0.05	Adapter 1501Hz	53	1.501	70.00	0.186
396.063	0.05	Adapter 1501Hz	53	1.501	70.00	0.186
396.143	0.05	Adapter 1501Hz	53	1.501	70.00	0.186
396.223	0.05	Adapter 1501Hz	53	1.501	70.00	0.186
396.303	0.05	Adapter 1501Hz	53	1.501	70.00	0.186
396.563	0.05	Adapter 1501Hz	53	1.501	70.00	0.186
396.643	0.05	Adapter 1501Hz	53	1.501	70.00	0.186
396.723	0.05	Adapter 1501Hz	53	1.501	70.00	0.186
396.803	0.05	Adapter 1501Hz	53	1.501	70.00	0.186
397.063	0.05	Adapter 1501Hz	53	1.501	70.00	0.186
397.143	0.05	Adapter 1501Hz	53	1.501	70.00	0.186
397.223	0.05	Adapter 1501Hz	53	1.501	70.00	0.186
397.303	0.05	Adapter 1501Hz	53	1.501	70.00	0.186
400.051	0.05	Adapter 3839Hz	54	3.839	70.00	0.437
400.131	0.05	Adapter 3839Hz	54	3.839	70.00	0.437
400.211	0.05	Adapter 3839Hz	54	3.839	70.00	0.437
400.291	0.05	Adapter 3839Hz	54	3.839	70.00	0.437
400.551	0.05	Adapter 3839Hz	54	3.839	70.00	0.437
400.631	0.05	Adapter 3839Hz	54	3.839	70.00	0.437
400.711	0.05	Adapter 3839Hz	54	3.839	70.00	0.437
400.791	0.05	Adapter 3839Hz	54	3.839	70.00	0.437
401.051	0.05	Adapter 3839Hz	54	3.839	70.00	0.437
401.131	0.05	Adapter 3839Hz	54	3.839	70.00	0.437
401.211	0.05	Adapter 3839Hz	54	3.839	70.00	0.437
401.291	0.05	Adapter 3839Hz	54	3.839	70.00	0.437
401.551	0.05	Adapter 3839Hz	54	3.839	70.00	0.437
401.631	0.05	Adapter 3839Hz	54	3.839	70.00	0.437
401.711	0.05	Adapter 3839Hz	54	3.839	70.00	0.437
401.791	0.05	Adapter 3839Hz	54	3.839	70.00	0.437
402.051	0.05	Adapter 3839Hz	54	3.839	70.00	0.437
402.131	0.05	Adapter 3839Hz	54	3.839	70.00	0.437
402.211	0.05	Adapter 3839Hz	54	3.839	70.00	0.437
402.291	0.05	Adapter 3839Hz	54	3.839	70.00	0.437
402.551	0.05	Adapter 3839Hz	54	3.839	70.00	0.437
402.631	0.05	Adapter 3839Hz	54	3.839	70.00	0.437
402.711	0.05	Adapter 3839Hz	54	3.839	70.00	0.437
402.791	0.05	Adapter 3839Hz	54	3.839	70.00	0.437
403.051	0.05	Adapter 3839Hz	54	3.839	70.00	0.437
403.131	0.05	Adapter 3839Hz	54	3.839	70.00	0.437
403.211	0.05	Adapter 3839Hz	54	3.839	70.00	0.437
403.291	0.05	Adapter 3839Hz	54	3.839	70.00	0.437
403.551	0.05	Adapter 3839Hz	54	3.839	70.00	0.437
403.631	0.05	Adapter 3839Hz	54	3.839	70.00	0.437
403.711	0.05	Adapter 3839Hz	54	3.839	70.00	0.437
403.791	0.05	Adapter 3839Hz	54	3.839	70.00	0.437
404.051	0.05	Adapter 3839Hz	54	3.839	70.00	0.437
404.131	0.05	Adapter 3839Hz	54	3.839	70.00	0.437
404.211	0.05	Adapter 3839Hz	54	3.839	70.00	0.437
404.291	0.05	Adapter 3839Hz	54	3.839	70.00	0.437
404.551	0.05	Adapter 3839Hz	54	3.839	70.00	0.437
404.631	0.05	Adapter 3839Hz	54	3.839	70.00	0.437
404.711	0.05	Adapter 3839Hz	54	3.839	70.00	0.437
404.791	0.05	Adapter 3839Hz	54	3.839	70.00	0.437
407.508	0.05	Adapter 507Hz	55	0.507	70.00	0.079
407.588	0.05	Adapter 507Hz	55	0.507	70.00	0.079
407.668	0.05	Adapter 507Hz	55	0.507	70.00	0.079
407.748	0.05	Adapter 507Hz	55	0.507	70.00	0.079
408.008	0.05	Adapter 507Hz	55	0.507	70.00	0.079
408.088	0.05	Adapter 507Hz	55	0.507	70.00	0.079
408.168	0.05	Adapter 507Hz	55	0.507	70.00	0.079
408.248	0.05	Adapter 507Hz	55	0.507	70.00	0.079
408.508	0.05	Adapter 507Hz	55	0.507	70.00	0.079
408.588	0.05	Adapter 507Hz	55	0.507	70.00	0.079
408.668	0.05	Adapter 507Hz	55	0.507	70.00	0.079
408.748	0.05	Adapter 507Hz	55	0.507	70.00	0.079
409.008	0.05	Adapter 507Hz	55	0.507	70.00	0.079
409.088	0.05	Adapter 507Hz	55	0.507	70.00	0.079
409.168	0.05	Adapter 507Hz	55	0.507	70.00	0.079
409.248	0.05	Adapter 507Hz	55	0.507	70.00	0.079
409.508	0.05	Adapter 507Hz	55	0.507	70.00	0.079
409.588	0.05	Adapter 507Hz	55	0.507	70.00	0.079
409.668	0.05	Adapter 507Hz	55	0.507	70.00	0.079
409.748	0.05	Adapter 507Hz	55	0.507	70.00	0.079
410.008	0.05	Adapter 507Hz	55	0.507	70.00	0.079
410.088	0.05	Adapter 507Hz	55	0.507	70.00	0.079
410.168	0.05	Adapter 507Hz	55	0.507	70.00	0.079
410.248	0.05	Adapter 507Hz	55	0.507	70.00	0.079
410.508	0.05	Adapter 507Hz	55	0.507	70.00	0.079
410.588	0.05	Adapter 507Hz	55	0.507	70.00	0.079
410.668	0.05	Adapter 507Hz	55	0.507	70.00	0.079
410.748	0.05	Adapter 507Hz	55	0.507	70.00	0.079
411.008	0.05	Adapter 507Hz	55	0.507	70.00	0.079
411.088	0.05	Adapter 507Hz	55	0.507	70.00	0.079
411.168	0.05	Adapter 507Hz	55	0.507	70.00	0.079
411.248	0.05	Adapter 507Hz	55	0.507	70.00	0.079
411.508	0.05	Adapter 507Hz	55	0.507	70.00	0.079
411.588	0.05	Adapter 507Hz	55	0.507	70.00	0.079
411.668	0.05	Adapter 507Hz	55	0.507	70.00	0.079
411.748	0.05	Adapter 507Hz	55	0.507	70.00	0.079
412.008	0.05	Adapter 507Hz	55	0.507	70.00	0.079
412.088	0.05	Adapter 507Hz	55	0.507	70.00	0.079
412.168	0.05	Adapter 507Hz	55	0.507	70.00	0.079
412.248	0.05	Adapter 507Hz	55	0.507	70.00	0.079
422.546	0.05	Adapter 6009Hz	57	6.009	70.00	0.671
422.626	0.05	Adapter 6009Hz	57	6.009	70.00	0.671
422.706	0.05	Adapter 6009Hz	57	6.009	70.00	0.671
422.786	0.05	Adapter 6009Hz	57	6.009	70.00	0.671
423.046	0.05	Adapter 6009Hz	57	6.009	70.00	0.671
423.126	0.05	Adapter 6009Hz	57	6.009	70.00	0.671
423.206	0.05	Adapter 6009Hz	57	6.009	70.00	0.671
423.286	0.05	Adapter 6009Hz	57	6.009	70.00	0.671
423.546	0.05	Adapter 6009Hz	57	6.009	70.00	0.671
423.626	0.05	Adapter 6009Hz	57	6.009	70.00	0.671
423.706	0.05	Adapter 6009Hz	57	6.009	70.00	0.671
423.786	0.05	Adapter 6009Hz	57	6.009	70.00	0.671
424.046	0.05	Adapter 6009Hz	57	6.009	70.00	0.671
424.126	0.05	Adapter 6009Hz	57	6.009	70.00	0.671
424.206	0.05	Adapter 6009Hz	57	6.009	70.00	0.671
424.286	0.05	Adapter 6009Hz	57	6.009	70.00	0.671
424.546	0.05	Adapter 6009Hz	57	6.009	70.00	0.671
424.626	0.05	Adapter 6009Hz	57	6.009	70.00	0.671
424.706	0.05	Adapter 6009Hz	57	6.009	70.00	0.671
424.786	0.05	Adapter 6009Hz	57	6.009	70.00	0.671
425.046	0.05	Adapter 6009Hz	57	6.009	70.00	0.671
425.126	0.05	Adapter 6009Hz	57	6.009	70.00	0.671
425.206	0.05	Adapter 6009Hz	57	6.009	70.00	0.671
425.286	0.05	Adapter 6009Hz	57	6.009	70.00	0.671
425.546	0.05	Adapter 6009Hz	57	6.009	70.00	0.671
425.626	0.05	Adapter 6009Hz	57	6.009	70.00	0.671
425.706	0.05	Adapter 6009Hz	57	6.009	70.00	0.671
425.786	0.05	Adapter 6009Hz	57	6.009	70.00	0.671
426.046	0.05	Adapter 6009Hz	57	6.009	70.00	0.671
426.126	0.05	Adapter 6009Hz	57	6.009	70.00	0.671
426.206	0.05	Adapter 6009Hz	57	6.009	70.00	0.671
426.286	0.05	Adapter 6009Hz	57	6.009	70.00	0.671
426.546	0.05	Adapter 6009Hz	57	6.009	70.00	0.671
426.626	0.05	Adapter 6009Hz	57	6.009	70.00	0.671
426.706	0.05	Adapter 6009Hz	57	6.009	70.00	0.671
426.786	0.05	Adapter 6009Hz	57	6.009	70.00	0.671
427.046	0.05	Adapter 6009Hz	57	6.009	70.00	0.671
427.126	0.05	Adapter 6009Hz	57	6.009	70.00	0.671
427.206	0.05	Adapter 6009Hz	57	6.009	70.00	0.671
427.286	0.05	Adapter 6009Hz	57	6.009	70.00	0.671
430.065	0.05	Adapter 2423Hz Probe 3839Hz	58	2.423	70.00	0.285
430.145	0.05	Adapter 2423Hz Probe 3839Hz	58	2.423	70.00	0.285
430.225	0.05	Adapter 2423Hz Probe 3839Hz	58	2.423	70.00	0.285
430.305	0.05	Adapter 2423Hz Probe 3839Hz	58	2.423	70.00	0.285
430.385	0.05	Adapter 2423Hz Probe 3839Hz	58	3.839	70.00	0.437
430.565	0.05	Adapter 2423Hz Probe 3839Hz	58	2.423	70.00	0.285
430.645	0.05	Adapter 2423Hz Probe 3839Hz	58	2.423	70.00	0.285
430.725	0.05	Adapter 2423Hz Probe 3839Hz	58	2.423	70.00	0.285
430.805	0.05	Adapter 2423Hz Probe 3839Hz	58	2.423	70.00	0.285
430.885	0.05	Adapter 2423Hz Probe 3839Hz	58	3.839	70.00	0.437
431.065	0.05	Adapter 2423Hz Probe 3839Hz	58	2.423	70.00	0.285
431.145	0.05	Adapter 2423Hz Probe 3839Hz	58	2.423	70.00	0.285
431.225	0.05	Adapter 2423Hz Probe 3839Hz	58	2.423	70.00	0.285
431.305	0.05	Adapter 2423Hz Probe 3839Hz	58	2.423	70.00	0.285
431.385	0.05	Adapter 2423Hz Probe 3839Hz	58	3.839	70.00	0.437
431.565	0.05	Adapter 2423Hz Probe 3839Hz	58	2.423	70.00	0.285
431.645	0.05	Adapter 2423Hz Probe 3839Hz	58	2.423	70.00	0.285
431.725	0.05	Adapter 2423Hz Probe 3839Hz	58	2.423	70.00	0.285
431.805	0.05	Adapter 2423Hz Probe 3839Hz	58	2.423	70.00	0.285
431.885	0.05	Adapter 2423Hz Probe 3839Hz	58	3.839	70.00	0.437
432.065	0.05	Adapter 2423Hz Probe 3839Hz	58	2.423	70.00	0.285
432.145	0.05	Adapter 2423Hz Probe 3839Hz	58	2.423	70.00	0.285
432.225	0.05	Adapter 2423Hz Probe 3839Hz	58	2.423	70.00	0.285
432.305	0.05	Adapter 2423Hz Probe 3839Hz	58	2.423	70.00	0.285
432.385	0.05	Adapter 2423Hz Probe 3839Hz	58	3.839	70.00	0.437
432.565	0.05	Adapter 2423Hz Probe 3839Hz	58	2.423	70.00	0.285
432.645	0.05	Adapter 2423Hz Probe 3839Hz	58	2.423	70.00	0.285
432.725	0.05	Adapter 2423Hz Probe 3839Hz	58	2.423	70.00	0.285
432.805	0.05	Adapter 2423Hz Probe 3839Hz	58	2.423	70.00	0.285
432.885	0.05	Adapter 2423Hz Probe 3839Hz	58	3.839	70.00	0.437
433.065	0.05	Adapter 2423Hz Probe 3839Hz	58	2.423	70.00	0.285
433.145	0.05	Adapter 2423Hz Probe 3839Hz	58	2.423	70.00	0.285
433.225	0.05	Adapter 2423Hz Probe 3839Hz	58	2.423	70.00	0.285
433.305	0.05	Adapter 2423Hz Probe 3839Hz	58	2.423	70.00	0.285
433.385	0.05	Adapter 2423Hz Probe 3839Hz	58	3.839	70.00	0.437
433.565	0.05	Adapter 2423Hz Probe 3839Hz	58	2.423	70.00	0.285
433.645	0.05	Adapter 2423Hz Probe 3839Hz	58	2.423	70.00	0.285
433.725	0.05	Adapter 2423Hz Probe 3839Hz	58	2.423	70.00	0.285
433.805	0.05	Adapter 2423Hz Probe 3839Hz	58	2.423	70.00	0.285
433.885	0.05	Adapter 2423Hz Probe 3839Hz	58	3.839	70.00	0.437
434.065	0.05	Adapter 2423Hz Probe 3839Hz	58	2.423	70.00	0.285
434.145	0.05	Adapter 2423Hz Probe 3839Hz	58	2.423	70.00	0.285
434.225	0.05	Adapter 2423Hz Probe 3839Hz	58	2.423	70.00	0.285
434.305	0.05	Adapter 2423Hz Probe 3839Hz	58	2.423	70.00	0.285
434.385	0.05	Adapter 2423Hz Probe 3839Hz	58	3.839	70.00	0.437
434.565	0.05	Adapter 2423Hz Probe 3839Hz	58	2.423	70.00	0.285
434.645	0.05	Adapter 2423Hz Probe 3839Hz	58	2.423	70.00	0.285
434.725	0.05	Adapter 2423Hz Probe 3839Hz	58	2.423	70.00	0.285
434.805	0.05	Adapter 2423Hz Probe 3839Hz	58	2.423	70.00	0.285
434.885	0.05	Adapter 2423Hz Probe 3839Hz	58	3.839	70.00	0.437
437.554	0.05	Adapter 251Hz	59	0.251	70.00	0.052
437.634	0.05	Adapter 251Hz	59	0.251	70.00	0.052
437.714	0.05	Adapter 251Hz	59	0.251	70.00	0.052
437.794	0.05	Adapter 251Hz	59	0.251	70.00	0.052
438.054	0.05	Adapter 251Hz	59	0.251	70.00	0.052
438.134	0.05	Adapter 251Hz	59	0.251	70.00	0.052
438.214	0.05	Adapter 251Hz	59	0.251	70.00	0.052
438.294	0.05	Adapter 251Hz	59	0.251	70.00	0.052
438.554	0.05	Adapter 251Hz	59	0.251	70.00	0.052
438.634	0.05	Adapter 251Hz	59	0.251	70.00	0.052
438.714	0.05	Adapter 251Hz	59	0.251	70.00	0.052
438.794	0.05	Adapter 251Hz	59	0.251	70.00	0.052
439.054	0.05	Adapter 251Hz	59	0.251	70.00	0.052
439.134	0.05	Adapter 251Hz	59	0.251	70.00	0.052
439.214	0.05	Adapter 251Hz	59	0.251	70.00	0.052
439.294	0.05	Adapter 251Hz	59	0.251	70.00	0.052
439.554	0.05	Adapter 251Hz	59	0.251	70.00	0.052
439.634	0.05	Adapter 251Hz	59	0.251	70.00	0.052
439.714	0.05	Adapter 251Hz	59	0.251	70.00	0.052
439.794	0.05	Adapter 251Hz	59	0.251	70.00	0.052
440.054	0.05	Adapter 251Hz	59	0.251	70.00	0.052
440.134	0.05	Adapter 251Hz	59	0.251	70.00	0.052
440.214	0.05	Adapter 251Hz	59	0.251	70.00	0.052
440.294	0.05	Adapter 251Hz	59	0.251	70.00	0.052
440.554	0.05	Adapter 251Hz	59	0.251	70.00	0.052
440.634	0.05	Adapter 251Hz	59	0.251	70.00	0.052
440.714	0.05	Adapter 251Hz	59	0.251	70.00	0.052
440.794	0.05	Adapter 251Hz	59	0.251	70.00	0.052
441.054	0.05	Adapter 251Hz	59	0.251	70.00	0.052
441.134	0.05	Adapter 251Hz	59	0.251	70.00	0.052
441.214	0.05	Adapter 251Hz	59	0.251	70.00	0.052
441.294	0.05	Adapter 251Hz	59	0.251	70.00	0.052
441.554	0.05	Adapter 251Hz	59	0.251	70.00	0.052
441.634	0.05	Adapter 251Hz	59	0.251	70.00	0.052
441.714	0.05	Adapter 251Hz	59	0.251	70.00	0.052
441.794	0.05	Adapter 251Hz	59	0.251	70.00	0.052
442.054	0.05	Adapter 251Hz	59	0.251	70.00	0.052
442.134	0.05	Adapter 251Hz	59	0.251	70.00	0.052
442.214	0.05	Adapter 251Hz	59	0.251	70.00	0.052
442.294	0.05	Adapter 251Hz	59	0.251	70.00	0.052
445.362	0.05	Probe 3839Hz	60	3.839	70.00	0.437
445.862	0.05	Probe 3839Hz	60	3.839	70.00	0.437
446.362	0.05	Probe 3839Hz	60	3.839	70.00	0.437
446.862	0.05	Probe 3839Hz	60	3.839	70.00	0.437
447.362	0.05	Probe 3839Hz	60	3.839	70.00	0.437
447.862	0.05	Probe 3839Hz	60	3.839	70.00	0.437
448.362	0.05	Probe 3839Hz	60	3.839	70.00	0.437
448.862	0.05	Probe 3839Hz	60	3.839	70.00	0.437
449.362	0.05	Probe 3839Hz	60	3.839	70.00	0.437
449.862	0.05	Probe 3839Hz	60	3.839	70.00	0.437
467.552	0.05	Adapter 2423Hz	63	2.423	70.00	0.285
467.632	0.05	Adapter 2423Hz	63	2.423	70.00	0.285
467.712	0.05	Adapter 2423Hz	63	2.423	70.00	0.285
467.792	0.05	Adapter 2423Hz	63	2.423	70.00	0.285
468.052	0.05	Adapter 2423Hz	63	2.423	70.00	0.285
468.132	0.05	Adapter 2423Hz	63	2.423	70.00	0.285
468.212	0.05	Adapter 2423Hz	63	2.423	70.00	0.285
468.292	0.05	Adapter 2423Hz	63	2.423	70.00	0.285
468.552	0.05	Adapter 2423Hz	63	2.423	70.00	0.285
468.632	0.05	Adapter 2423Hz	63	2.423	70.00	0.285
468.712	0.05	Adapter 2423Hz	63	2.423	70.00	0.285
468.792	0.05	Adapter 2423Hz	63	2.423	70.00	0.285
469.052	0.05	Adapter 2423Hz	63	2.423	70.00	0.285
469.132	0.05	Adapter 2423Hz	63	2.423	70.00	0.285
469.212	0.05	Adapter 2423Hz	63	2.423	70.00	0.285
469.292	0.05	Adapter 2423Hz	63	2.423	70.00	0.285
469.552	0.05	Adapter 2423Hz	63	2.423	70.00	0.285
469.632	0.05	Adapter 2423Hz	63	2.423	70.00	0.285
469.712	0.05	Adapter 2423Hz	63	2.423	70.00	0.285
469.792	0.05	Adapter 2423Hz	63	2.423	70.00	0.285
470.052	0.05	Adapter 2423Hz	63	2.423	70.00	0.285
470.132	0.05	Adapter 2423Hz	63	2.423	70.00	0.285
470.212	0.05	Adapter 2423Hz	63	2.423	70.00	0.285
470.292	0.05	Adapter 2423Hz	63	2.423	70.00	0.285
470.552	0.05	Adapter 2423Hz	63	2.423	70.00	0.285
470.632	0.05	Adapter 2423Hz	63	2.423	70.00	0.285
470.712	0.05	Adapter 2423Hz	63	2.423	70.00	0.285
470.792	0.05	Adapter 2423Hz	63	2.423	70.00	0.285
471.052	0.05	Adapter 2423Hz	63	2.423	70.00	0.285
471.132	0.05	Adapter 2423Hz	63	2.423	70.00	0.285
471.212	0.05	Adapter 2423Hz	63	2.423	70.00	0.285
471.292	0.05	Adapter 2423Hz	63	2.423	70.00	0.285
471.552	0.05	Adapter 2423Hz	63	2.423	70.00	0.285
471.632	0.05	Adapter 2423Hz	63	2.423	70.00	0.285
471.712	0.05	Adapter 2423Hz	63	2.423	70.00	0.285
471.792	0.05	Adapter 2423Hz	63	2.423	70.00	0.285
472.052	0.05	Adapter 2423Hz	63	2.423	70.00	0.285
472.132	0.05	Adapter 2423Hz	63	2.423	70.00	0.285
472.212	0.05	Adapter 2423Hz	63	2.423	70.00	0.285
472.292	0.05	Adapter 2423Hz	63	2.423	70.00	0.285
475.025	0.05	Adapter 3839Hz Probe 3839Hz	64	3.839	70.00	0.437
475.105	0.05	Adapter 3839Hz Probe 3839Hz	64	3.839	70.00	0.437
475.185	0.05	Adapter 3839Hz Probe 3839Hz	64	3.839	70.00	0.437
475.265	0.05	Adapter 3839Hz Probe 3839Hz	64	3.839	70.00	0.437
475.345	0.05	Adapter 3839Hz Probe 3839Hz	64	3.839	70.00	0.437
475.525	0.05	Adapter 3839Hz Probe 3839Hz	64	3.839	70.00	0.437
475.605	0.05	Adapter 3839Hz Probe 3839Hz	64	3.839	70.00	0.437
475.685	0.05	Adapter 3839Hz Probe 3839Hz	64	3.839	70.00	0.437
475.765	0.05	Adapter 3839Hz Probe 3839Hz	64	3.839	70.00	0.437
475.845	0.05	Adapter 3839Hz Probe 3839Hz	64	3.839	70.00	0.437
476.025	0.05	Adapter 3839Hz Probe 3839Hz	64	3.839	70.00	0.437
476.105	0.05	Adapter 3839Hz Probe 3839Hz	64	3.839	70.00	0.437
476.185	0.05	Adapter 3839Hz Probe 3839Hz	64	3.839	70.00	0.437
476.265	0.05	Adapter 3839Hz Probe 3839Hz	64	3.839	70.00	0.437
476.345	0.05	Adapter 3839Hz Probe 3839Hz	64	3.839	70.00	0.437
476.525	0.05	Adapter 3839Hz Probe 3839Hz	64	3.839	70.00	0.437
476.605	0.05	Adapter 3839Hz Probe 3839Hz	64	3.839	70.00	0.437
476.685	0.05	Adapter 3839Hz Probe 3839Hz	64	3.839	70.00	0.437
476.765	0.05	Adapter 3839Hz Probe 3839Hz	64	3.839	70.00	0.437
476.845	0.05	Adapter 3839Hz Probe 3839Hz	64	3.839	70.00	0.437
477.025	0.05	Adapter 3839Hz Probe 3839Hz	64	3.839	70.00	0.437
477.105	0.05	Adapter 3839Hz Probe 3839Hz	64	3.839	70.00	0.437
477.185	0.05	Adapter 3839Hz Probe 3839Hz	64	3.839	70.00	0.437
477.265	0.05	Adapter 3839Hz Probe 3839Hz	64	3.839	70.00	0.437
477.345	0.05	Adapter 3839Hz Probe 3839Hz	64	3.839	70.00	0.437
477.525	0.05	Adapter 3839Hz Probe 3839Hz	64	3.839	70.00	0.437
477.605	0.05	Adapter 3839Hz Probe 3839Hz	64	3.839	70.00	0.437
477.685	0.05	Adapter 3839Hz Probe 3839Hz	64	3.839	70.00	0.437
477.765	0.05	Adapter 3839Hz Probe 3839Hz	64	3.839	70.00	0.437
477.845	0.05	Adapter 3839Hz Probe 3839Hz	64	3.839	70.00	0.437
478.025	0.05	Adapter 3839Hz Probe 3839Hz	64	3.839	70.00	0.437
478.105	0.05	Adapter 3839Hz Probe 3839Hz	64	3.839	70.00	0.437
478.185	0.05	Adapter 3839Hz Probe 3839Hz	64	3.839	70.00	0.437
478.265	0.05	Adapter 3839Hz Probe 3839Hz	64	3.839	70.00	0.437
478.345	0.05	Adapter 3839Hz Probe 3839Hz	64	3.839	70.00	0.437
478.525	0.05	Adapter 3839Hz Probe 3839Hz	64	3.839	70.00	0.437
478.605	0.05	Adapter 3839Hz Probe 3839Hz	64	3.839	70.00	0.437
478.685	0.05	Adapter 3839Hz Probe 3839Hz	64	3.839	70.00	0.437
478.765	0.05	Adapter 3839Hz Probe 3839Hz	64	3.839	70.00	0.437
478.845	0.05	Adapter 3839Hz Probe 3839Hz	64	3.839	70.00	0.437
479.025	0.05	Adapter 3839Hz Probe 3839Hz	64	3.839	70.00	0.437
479.105	0.05	Adapter 3839Hz Probe 3839Hz	64	3.839	70.00	0.437
479.185	0.05	Adapter 3839Hz Probe 3839Hz	64	3.839	70.00	0.437
479.265	0.05	Adapter 3839Hz Probe 3839Hz	64	3.839	70.00	0.437
479.345	0.05	Adapter 3839Hz Probe 3839Hz	64	3.839	70.00	0.437
479.525	0.05	Adapter 3839Hz Probe 3839Hz	64	3.839	70.00	0.437
479.605	0.05	Adapter 3839Hz Probe 3839Hz	64	3.839	70.00	0.437
479.685	0.05	Adapter 3839Hz Probe 3839Hz	64	3.839	70.00	0.437
479.765	0.05	Adapter 3839Hz Probe 3839Hz	64	3.839	70.00	0.437
479.845	0.05	Adapter 3839Hz Probe 3839Hz	64	3.839	70.00	0.437
