onset	duration	trial_type	scan	frequency_kHz	level_dB_SPL	bandwidth_kHz
2.5	0.05	Adapter 6009Hz	1	6.009	70.00	0.671
2.58	0.05	Adapter 6009Hz	1	6.009	70.00	0.671
2.66	0.05	Adapter 6009Hz	1	6.009	70.00	0.671
2.74	0.05	Adapter 6009Hz	1	6.009	70.00	0.671
3.0	0.05	Adapter 6009Hz	1	6.009	70.00	0.671
3.08	0.05	Adapter 6009Hz	1	6.009	70.00	0.671
3.16	0.05	Adapter 6009Hz	1	6.009	70.00	0.671
3.24	0.05	Adapter 6009Hz	1	6.009	70.00	0.671
3.5	0.05	Adapter 6009Hz	1	6.009	70.00	0.671
3.58	0.05	Adapter 6009Hz	1	6.009	70.00	0.671
3.66	0.05	Adapter 6009Hz	1	6.009	70.00	0.671
3.74	0.05	Adapter 6009Hz	1	6.009	70.00	0.671
4.0	0.05	Adapter 6009Hz	1	6.009	70.00	0.671
4.08	0.05	Adapter 6009Hz	1	6.009	70.00	0.671
4.16	0.05	Adapter 6009Hz	1	6.009	70.00	0.671
4.24	0.05	Adapter 6009Hz	1	6.009	70.00	0.671
4.5	0.05	Adapter 6009Hz	1	6.009	70.00	0.671
4.58	0.05	Adapter 6009Hz	1	6.009	70.00	0.671
4.66	0.05	Adapter 6009Hz	1	6.009	70.00	0.671
4.74	0.05	Adapter 6009Hz	1	6.009	70.00	0.671
5.0	0.05	Adapter 6009Hz	1	6.009	70.00	0.671
5.08	0.05	Adapter 6009Hz	1	6.009	70.00	0.671
5.16	0.05	Adapter 6009Hz	1	6.009	70.00	0.671
5.24	0.05	Adapter 6009Hz	1	6.009	70.00	0.671
5.5	0.05	Adapter 6009Hz	1	6.009	70.00	0.671
5.58	0.05	Adapter 6009Hz	1	6.009	70.00	0.671
5.66	0.05	Adapter 6009Hz	1	6.009	70.00	0.671
5.74	0.05	Adapter 6009Hz	1	6.009	70.00	0.671
6.0	0.05	Adapter 6009Hz	1	6.009	70.00	0.671
6.08	0.05	Adapter 6009Hz	1	6.009	70.00	0.671
6.16	0.05	Adapter 6009Hz	1	6.009	70.00	0.671
6.24	0.05	Adapter 6009Hz	1	6.009	70.00	0.671
6.5	0.05	Adapter 6009Hz	1	6.009	70.00	0.671
6.58	0.05	Adapter 6009Hz	1	6.009	70.00	0.671
6.66	0.05	Adapter 6009Hz	1	6.009	70.00	0.671
6.74	0.05	Adapter 6009Hz	1	6.009	70.00	0.671
7.0	0.05	Adapter 6009Hz	1	6.009	70.00	0.671
7.08	0.05	Adapter 6009Hz	1	6.009	70.00	0.671
7.16	0.05	Adapter 6009Hz	1	6.009	70.00	0.671
7.24	0.05	Adapter 6009Hz	1	6.009	70.00	0.671
9.988	0.05	Adapter 507Hz	2	0.507	70.00	0.079
10.068	0.05	Adapter 507Hz	2	0.507	70.00	0.079
10.148	0.05	Adapter 507Hz	2	0.507	70.00	0.079
10.228	0.05	Adapter 507Hz	2	0.507	70.00	0.079
10.488	0.05	Adapter 507Hz	2	0.507	70.00	0.079
10.568	0.05	Adapter 507Hz	2	0.507	70.00	0.079
10.648	0.05	Adapter 507Hz	2	0.507	70.00	0.079
10.728	0.05	Adapter 507Hz	2	0.507	70.00	0.079
10.988	0.05	Adapter 507Hz	2	0.507	70.00	0.079
11.068	0.05	Adapter 507Hz	2	0.507	70.00	0.079
11.148	0.05	Adapter 507Hz	2	0.507	70.00	0.079
11.228	0.05	Adapter 507Hz	2	0.507	70.00	0.079
11.488	0.05	Adapter 507Hz	2	0.507	70.00	0.079
11.568	0.05	Adapter 507Hz	2	0.507	70.00	0.079
11.648	0.05	Adapter 507Hz	2	0.507	70.00	0.079
11.728	0.05	Adapter 507Hz	2	0.507	70.00	0.079
11.988	0.05	Adapter 507Hz	2	0.507	70.00	0.079
12.068	0.05	Adapter 507Hz	2	0.507	70.00	0.079
12.148	0.05	Adapter 507Hz	2	0.507	70.00	0.079
12.228	0.05	Adapter 507Hz	2	0.507	70.00	0.079
12.488	0.05	Adapter 507Hz	2	0.507	70.00	0.079
12.568	0.05	Adapter 507Hz	2	0.507	70.00	0.079
12.648	0.05	Adapter 507Hz	2	0.507	70.00	0.079
12.728	0.05	Adapter 507Hz	2	0.507	70.00	0.079
12.988	0.05	Adapter 507Hz	2	0.507	70.00	0.079
13.068	0.05	Adapter 507Hz	2	0.507	70.00	0.079
13.148	0.05	Adapter 507Hz	2	0.507	70.00	0.079
13.228	0.05	Adapter 507Hz	2	0.507	70.00	0.079
13.488	0.05	Adapter 507Hz	2	0.507	70.00	0.079
13.568	0.05	Adapter 507Hz	2	0.507	70.00	0.079
13.648	0.05	Adapter 507Hz	2	0.507	70.00	0.079
13.728	0.05	Adapter 507Hz	2	0.507	70.00	0.079
13.988	0.05	Adapter 507Hz	2	0.507	70.00	0.079
14.068	0.05	Adapter 507Hz	2	0.507	70.00	0.079
14.148	0.05	Adapter 507Hz	2	0.507	70.00	0.079
14.228	0.05	Adapter 507Hz	2	0.507	70.00	0.079
14.488	0.05	Adapter 507Hz	2	0.507	70.00	0.079
14.568	0.05	Adapter 507Hz	2	0.507	70.00	0.079
14.648	0.05	Adapter 507Hz	2	0.507	70.00	0.079
14.728	0.05	Adapter 507Hz	2	0.507	70.00	0.079
17.476	0.05	Adapter 251Hz	3	0.251	70.00	0.052
17.556	0.05	Adapter 251Hz	3	0.251	70.00	0.052
17.636	0.05	Adapter 251Hz	3	0.251	70.00	0.052
17.716	0.05	Adapter 251Hz	3	0.251	70.00	0.052
17.976	0.05	Adapter 251Hz	3	0.251	70.00	0.052
18.056	0.05	Adapter 251Hz	3	0.251	70.00	0.052
18.136	0.05	Adapter 251Hz	3	0.251	70.00	0.052
18.216	0.05	Adapter 251Hz	3	0.251	70.00	0.052
18.476	0.05	Adapter 251Hz	3	0.251	70.00	0.052
18.556	0.05	Adapter 251Hz	3	0.251	70.00	0.052
18.636	0.05	Adapter 251Hz	3	0.251	70.00	0.052
18.716	0.05	Adapter 251Hz	3	0.251	70.00	0.052
18.976	0.05	Adapter 251Hz	3	0.251	70.00	0.052
19.056	0.05	Adapter 251Hz	3	0.251	70.00	0.052
19.136	0.05	Adapter 251Hz	3	0.251	70.00	0.052
19.216	0.05	Adapter 251Hz	3	0.251	70.00	0.052
19.476	0.05	Adapter 251Hz	3	0.251	70.00	0.052
19.556	0.05	Adapter 251Hz	3	0.251	70.00	0.052
19.636	0.05	Adapter 251Hz	3	0.251	70.00	0.052
19.716	0.05	Adapter 251Hz	3	0.251	70.00	0.052
19.976	0.05	Adapter 251Hz	3	0.251	70.00	0.052
20.056	0.05	Adapter 251Hz	3	0.251	70.00	0.052
20.136	0.05	Adapter 251Hz	3	0.251	70.00	0.052
20.216	0.05	Adapter 251Hz	3	0.251	70.00	0.052
20.476	0.05	Adapter 251Hz	3	0.251	70.00	0.052
20.556	0.05	Adapter 251Hz	3	0.251	70.00	0.052
20.636	0.05	Adapter 251Hz	3	0.251	70.00	0.052
20.716	0.05	Adapter 251Hz	3	0.251	70.00	0.052
20.976	0.05	Adapter 251Hz	3	0.251	70.00	0.052
21.056	0.05	Adapter 251Hz	3	0.251	70.00	0.052
21.136	0.05	Adapter 251Hz	3	0.251	70.00	0.052
21.216	0.05	Adapter 251Hz	3	0.251	70.00	0.052
21.476	0.05	Adapter 251Hz	3	0.251	70.00	0.052
21.556	0.05	Adapter 251Hz	3	0.251	70.00	0.052
21.636	0.05	Adapter 251Hz	3	0.251	70.00	0.052
21.716	0.05	Adapter 251Hz	3	0.251	70.00	0.052
21.976	0.05	Adapter 251Hz	3	0.251	70.00	0.052
22.056	0.05	Adapter 251Hz	3	0.251	70.00	0.052
22.136	0.05	Adapter 251Hz	3	0.251	70.00	0.052
22.216	0.05	Adapter 251Hz	3	0.251	70.00	0.052
24.964	0.05	Adapter 1501Hz Probe 3839Hz	4	1.501	70.00	0.186
25.044	0.05	Adapter 1501Hz Probe 3839Hz	4	1.501	70.00	0.186
25.124	0.05	Adapter 1501Hz Probe 3839Hz	4	1.501	70.00	0.186
25.204	0.05	Adapter 1501Hz Probe 3839Hz	4	1.501	70.00	0.186
25.284	0.05	Adapter 1501Hz Probe 3839Hz	4	3.839	70.00	0.437
25.464	0.05	Adapter 1501Hz Probe 3839Hz	4	1.501	70.00	0.186
25.544	0.05	Adapter 1501Hz Probe 3839Hz	4	1.501	70.00	0.186
25.624	0.05	Adapter 1501Hz Probe 3839Hz	4	1.501	70.00	0.186
25.704	0.05	Adapter 1501Hz Probe 3839Hz	4	1.501	70.00	0.186
25.784	0.05	Adapter 1501Hz Probe 3839Hz	4	3.839	70.00	0.437
25.964	0.05	Adapter 1501Hz Probe 3839Hz	4	1.501	70.00	0.186
26.044	0.05	Adapter 1501Hz Probe 3839Hz	4	1.501	70.00	0.186
26.124	0.05	Adapter 1501Hz Probe 3839Hz	4	1.501	70.00	0.186
26.204	0.05	Adapter 1501Hz Probe 3839Hz	4	1.501	70.00	0.186
26.284	0.05	Adapter 1501Hz Probe 3839Hz	4	3.839	70.00	0.437
26.464	0.05	Adapter 1501Hz Probe 3839Hz	4	1.501	70.00	0.186
26.544	0.05	Adapter 1501Hz Probe 3839Hz	4	1.501	70.00	0.186
26.624	0.05	Adapter 1501Hz Probe 3839Hz	4	1.501	70.00	0.186
26.704	0.05	Adapter 1501Hz Probe 3839Hz	4	1.501	70.00	0.186
26.784	0.05	Adapter 1501Hz Probe 3839Hz	4	3.839	70.00	0.437
26.964	0.05	Adapter 1501Hz Probe 3839Hz	4	1.501	70.00	0.186
27.044	0.05	Adapter 1501Hz Probe 3839Hz	4	1.501	70.00	0.186
27.124	0.05	Adapter 1501Hz Probe 3839Hz	4	1.501	70.00	0.186
27.204	0.05	Adapter 1501Hz Probe 3839Hz	4	1.501	70.00	0.186
27.284	0.05	Adapter 1501Hz Probe 3839Hz	4	3.839	70.00	0.437
27.464	0.05	Adapter 1501Hz Probe 3839Hz	4	1.501	70.00	0.186
27.544	0.05	Adapter 1501Hz Probe 3839Hz	4	1.501	70.00	0.186
27.624	0.05	Adapter 1501Hz Probe 3839Hz	4	1.501	70.00	0.186
27.704	0.05	Adapter 1501Hz Probe 3839Hz	4	1.501	70.00	0.186
27.784	0.05	Adapter 1501Hz Probe 3839Hz	4	3.839	70.00	0.437
27.964	0.05	Adapter 1501Hz Probe 3839Hz	4	1.501	70.00	0.186
28.044	0.05	Adapter 1501Hz Probe 3839Hz	4	1.501	70.00	0.186
28.124	0.05	Adapter 1501Hz Probe 3839Hz	4	1.501	70.00	0.186
28.204	0.05	Adapter 1501Hz Probe 3839Hz	4	1.501	70.00	0.186
28.284	0.05	Adapter 1501Hz Probe 3839Hz	4	3.839	70.00	0.437
28.464	0.05	Adapter 1501Hz Probe 3839Hz	4	1.501	70.00	0.186
28.544	0.05	Adapter 1501Hz Probe 3839Hz	4	1.501	70.00	0.186
28.624	0.05	Adapter 1501Hz Probe 3839Hz	4	1.501	70.00	0.186
28.704	0.05	Adapter 1501Hz Probe 3839Hz	4	1.501	70.00	0.186
28.784	0.05	Adapter 1501Hz Probe 3839Hz	4	3.839	70.00	0.437
28.964	0.05	Adapter 1501Hz Probe 3839Hz	4	1.501	70.00	0.186
29.044	0.05	Adapter 1501Hz Probe 3839Hz	4	1.501	70.00	0.186
29.124	0.05	Adapter 1501Hz Probe 3839Hz	4	1.501	70.00	0.186
29.204	0.05	Adapter 1501Hz Probe 3839Hz	4	1.501	70.00	0.186
29.284	0.05	Adapter 1501Hz Probe 3839Hz	4	3.839	70.00	0.437
29.464	0.05	Adapter 1501Hz Probe 3839Hz	4	1.501	70.00	0.186
29.544	0.05	Adapter 1501Hz Probe 3839Hz	4	1.501	70.00	0.186
29.624	0.05	Adapter 1501Hz Probe 3839Hz	4	1.501	70.00	0.186
29.704	0.05	Adapter 1501Hz Probe 3839Hz	4	1.501	70.00	0.186
29.784	0.05	Adapter 1501Hz Probe 3839Hz	4	3.839	70.00	0.437
32.515	0.05	Adapter 2423Hz Probe 3839Hz	5	2.423	70.00	0.285
32.595	0.05	Adapter 2423Hz Probe 3839Hz	5	2.423	70.00	0.285
32.675	0.05	Adapter 2423Hz Probe 3839Hz	5	2.423	70.00	0.285
32.755	0.05	Adapter 2423Hz Probe 3839Hz	5	2.423	70.00	0.285
32.835	0.05	Adapter 2423Hz Probe 3839Hz	5	3.839	70.00	0.437
33.015	0.05	Adapter 2423Hz Probe 3839Hz	5	2.423	70.00	0.285
33.095	0.05	Adapter 2423Hz Probe 3839Hz	5	2.423	70.00	0.285
33.175	0.05	Adapter 2423Hz Probe 3839Hz	5	2.423	70.00	0.285
33.255	0.05	Adapter 2423Hz Probe 3839Hz	5	2.423	70.00	0.285
33.335	0.05	Adapter 2423Hz Probe 3839Hz	5	3.839	70.00	0.437
33.515	0.05	Adapter 2423Hz Probe 3839Hz	5	2.423	70.00	0.285
33.595	0.05	Adapter 2423Hz Probe 3839Hz	5	2.423	70.00	0.285
33.675	0.05	Adapter 2423Hz Probe 3839Hz	5	2.423	70.00	0.285
33.755	0.05	Adapter 2423Hz Probe 3839Hz	5	2.423	70.00	0.285
33.835	0.05	Adapter 2423Hz Probe 3839Hz	5	3.839	70.00	0.437
34.015	0.05	Adapter 2423Hz Probe 3839Hz	5	2.423	70.00	0.285
34.095	0.05	Adapter 2423Hz Probe 3839Hz	5	2.423	70.00	0.285
34.175	0.05	Adapter 2423Hz Probe 3839Hz	5	2.423	70.00	0.285
34.255	0.05	Adapter 2423Hz Probe 3839Hz	5	2.423	70.00	0.285
34.335	0.05	Adapter 2423Hz Probe 3839Hz	5	3.839	70.00	0.437
34.515	0.05	Adapter 2423Hz Probe 3839Hz	5	2.423	70.00	0.285
34.595	0.05	Adapter 2423Hz Probe 3839Hz	5	2.423	70.00	0.285
34.675	0.05	Adapter 2423Hz Probe 3839Hz	5	2.423	70.00	0.285
34.755	0.05	Adapter 2423Hz Probe 3839Hz	5	2.423	70.00	0.285
34.835	0.05	Adapter 2423Hz Probe 3839Hz	5	3.839	70.00	0.437
35.015	0.05	Adapter 2423Hz Probe 3839Hz	5	2.423	70.00	0.285
35.095	0.05	Adapter 2423Hz Probe 3839Hz	5	2.423	70.00	0.285
35.175	0.05	Adapter 2423Hz Probe 3839Hz	5	2.423	70.00	0.285
35.255	0.05	Adapter 2423Hz Probe 3839Hz	5	2.423	70.00	0.285
35.335	0.05	Adapter 2423Hz Probe 3839Hz	5	3.839	70.00	0.437
35.515	0.05	Adapter 2423Hz Probe 3839Hz	5	2.423	70.00	0.285
35.595	0.05	Adapter 2423Hz Probe 3839Hz	5	2.423	70.00	0.285
35.675	0.05	Adapter 2423Hz Probe 3839Hz	5	2.423	70.00	0.285
35.755	0.05	Adapter 2423Hz Probe 3839Hz	5	2.423	70.00	0.285
35.835	0.05	Adapter 2423Hz Probe 3839Hz	5	3.839	70.00	0.437
36.015	0.05	Adapter 2423Hz Probe 3839Hz	5	2.423	70.00	0.285
36.095	0.05	Adapter 2423Hz Probe 3839Hz	5	2.423	70.00	0.285
36.175	0.05	Adapter 2423Hz Probe 3839Hz	5	2.423	70.00	0.285
36.255	0.05	Adapter 2423Hz Probe 3839Hz	5	2.423	70.00	0.285
36.335	0.05	Adapter 2423Hz Probe 3839Hz	5	3.839	70.00	0.437
36.515	0.05	Adapter 2423Hz Probe 3839Hz	5	2.423	70.00	0.285
36.595	0.05	Adapter 2423Hz Probe 3839Hz	5	2.423	70.00	0.285
36.675	0.05	Adapter 2423Hz Probe 3839Hz	5	2.423	70.00	0.285
36.755	0.05	Adapter 2423Hz Probe 3839Hz	5	2.423	70.00	0.285
36.835	0.05	Adapter 2423Hz Probe 3839Hz	5	3.839	70.00	0.437
37.015	0.05	Adapter 2423Hz Probe 3839Hz	5	2.423	70.00	0.285
37.095	0.05	Adapter 2423Hz Probe 3839Hz	5	2.423	70.00	0.285
37.175	0.05	Adapter 2423Hz Probe 3839Hz	5	2.423	70.00	0.285
37.255	0.05	Adapter 2423Hz Probe 3839Hz	5	2.423	70.00	0.285
37.335	0.05	Adapter 2423Hz Probe 3839Hz	5	3.839	70.00	0.437
40.003	0.05	Adapter 899Hz	6	0.899	70.00	0.121
40.083	0.05	Adapter 899Hz	6	0.899	70.00	0.121
40.163	0.05	Adapter 899Hz	6	0.899	70.00	0.121
40.243	0.05	Adapter 899Hz	6	0.899	70.00	0.121
40.503	0.05	Adapter 899Hz	6	0.899	70.00	0.121
40.583	0.05	Adapter 899Hz	6	0.899	70.00	0.121
40.663	0.05	Adapter 899Hz	6	0.899	70.00	0.121
40.743	0.05	Adapter 899Hz	6	0.899	70.00	0.121
41.003	0.05	Adapter 899Hz	6	0.899	70.00	0.121
41.083	0.05	Adapter 899Hz	6	0.899	70.00	0.121
41.163	0.05	Adapter 899Hz	6	0.899	70.00	0.121
41.243	0.05	Adapter 899Hz	6	0.899	70.00	0.121
41.503	0.05	Adapter 899Hz	6	0.899	70.00	0.121
41.583	0.05	Adapter 899Hz	6	0.899	70.00	0.121
41.663	0.05	Adapter 899Hz	6	0.899	70.00	0.121
41.743	0.05	Adapter 899Hz	6	0.899	70.00	0.121
42.003	0.05	Adapter 899Hz	6	0.899	70.00	0.121
42.083	0.05	Adapter 899Hz	6	0.899	70.00	0.121
42.163	0.05	Adapter 899Hz	6	0.899	70.00	0.121
42.243	0.05	Adapter 899Hz	6	0.899	70.00	0.121
42.503	0.05	Adapter 899Hz	6	0.899	70.00	0.121
42.583	0.05	Adapter 899Hz	6	0.899	70.00	0.121
42.663	0.05	Adapter 899Hz	6	0.899	70.00	0.121
42.743	0.05	Adapter 899Hz	6	0.899	70.00	0.121
43.003	0.05	Adapter 899Hz	6	0.899	70.00	0.121
43.083	0.05	Adapter 899Hz	6	0.899	70.00	0.121
43.163	0.05	Adapter 899Hz	6	0.899	70.00	0.121
43.243	0.05	Adapter 899Hz	6	0.899	70.00	0.121
43.503	0.05	Adapter 899Hz	6	0.899	70.00	0.121
43.583	0.05	Adapter 899Hz	6	0.899	70.00	0.121
43.663	0.05	Adapter 899Hz	6	0.899	70.00	0.121
43.743	0.05	Adapter 899Hz	6	0.899	70.00	0.121
44.003	0.05	Adapter 899Hz	6	0.899	70.00	0.121
44.083	0.05	Adapter 899Hz	6	0.899	70.00	0.121
44.163	0.05	Adapter 899Hz	6	0.899	70.00	0.121
44.243	0.05	Adapter 899Hz	6	0.899	70.00	0.121
44.503	0.05	Adapter 899Hz	6	0.899	70.00	0.121
44.583	0.05	Adapter 899Hz	6	0.899	70.00	0.121
44.663	0.05	Adapter 899Hz	6	0.899	70.00	0.121
44.743	0.05	Adapter 899Hz	6	0.899	70.00	0.121
47.491	0.05	Adapter 507Hz Probe 3839Hz	7	0.507	70.00	0.079
47.571	0.05	Adapter 507Hz Probe 3839Hz	7	0.507	70.00	0.079
47.651	0.05	Adapter 507Hz Probe 3839Hz	7	0.507	70.00	0.079
47.731	0.05	Adapter 507Hz Probe 3839Hz	7	0.507	70.00	0.079
47.811	0.05	Adapter 507Hz Probe 3839Hz	7	3.839	70.00	0.437
47.991	0.05	Adapter 507Hz Probe 3839Hz	7	0.507	70.00	0.079
48.071	0.05	Adapter 507Hz Probe 3839Hz	7	0.507	70.00	0.079
48.151	0.05	Adapter 507Hz Probe 3839Hz	7	0.507	70.00	0.079
48.231	0.05	Adapter 507Hz Probe 3839Hz	7	0.507	70.00	0.079
48.311	0.05	Adapter 507Hz Probe 3839Hz	7	3.839	70.00	0.437
48.491	0.05	Adapter 507Hz Probe 3839Hz	7	0.507	70.00	0.079
48.571	0.05	Adapter 507Hz Probe 3839Hz	7	0.507	70.00	0.079
48.651	0.05	Adapter 507Hz Probe 3839Hz	7	0.507	70.00	0.079
48.731	0.05	Adapter 507Hz Probe 3839Hz	7	0.507	70.00	0.079
48.811	0.05	Adapter 507Hz Probe 3839Hz	7	3.839	70.00	0.437
48.991	0.05	Adapter 507Hz Probe 3839Hz	7	0.507	70.00	0.079
49.071	0.05	Adapter 507Hz Probe 3839Hz	7	0.507	70.00	0.079
49.151	0.05	Adapter 507Hz Probe 3839Hz	7	0.507	70.00	0.079
49.231	0.05	Adapter 507Hz Probe 3839Hz	7	0.507	70.00	0.079
49.311	0.05	Adapter 507Hz Probe 3839Hz	7	3.839	70.00	0.437
49.491	0.05	Adapter 507Hz Probe 3839Hz	7	0.507	70.00	0.079
49.571	0.05	Adapter 507Hz Probe 3839Hz	7	0.507	70.00	0.079
49.651	0.05	Adapter 507Hz Probe 3839Hz	7	0.507	70.00	0.079
49.731	0.05	Adapter 507Hz Probe 3839Hz	7	0.507	70.00	0.079
49.811	0.05	Adapter 507Hz Probe 3839Hz	7	3.839	70.00	0.437
49.991	0.05	Adapter 507Hz Probe 3839Hz	7	0.507	70.00	0.079
50.071	0.05	Adapter 507Hz Probe 3839Hz	7	0.507	70.00	0.079
50.151	0.05	Adapter 507Hz Probe 3839Hz	7	0.507	70.00	0.079
50.231	0.05	Adapter 507Hz Probe 3839Hz	7	0.507	70.00	0.079
50.311	0.05	Adapter 507Hz Probe 3839Hz	7	3.839	70.00	0.437
50.491	0.05	Adapter 507Hz Probe 3839Hz	7	0.507	70.00	0.079
50.571	0.05	Adapter 507Hz Probe 3839Hz	7	0.507	70.00	0.079
50.651	0.05	Adapter 507Hz Probe 3839Hz	7	0.507	70.00	0.079
50.731	0.05	Adapter 507Hz Probe 3839Hz	7	0.507	70.00	0.079
50.811	0.05	Adapter 507Hz Probe 3839Hz	7	3.839	70.00	0.437
50.991	0.05	Adapter 507Hz Probe 3839Hz	7	0.507	70.00	0.079
51.071	0.05	Adapter 507Hz Probe 3839Hz	7	0.507	70.00	0.079
51.151	0.05	Adapter 507Hz Probe 3839Hz	7	0.507	70.00	0.079
51.231	0.05	Adapter 507Hz Probe 3839Hz	7	0.507	70.00	0.079
51.311	0.05	Adapter 507Hz Probe 3839Hz	7	3.839	70.00	0.437
51.491	0.05	Adapter 507Hz Probe 3839Hz	7	0.507	70.00	0.079
51.571	0.05	Adapter 507Hz Probe 3839Hz	7	0.507	70.00	0.079
51.651	0.05	Adapter 507Hz Probe 3839Hz	7	0.507	70.00	0.079
51.731	0.05	Adapter 507Hz Probe 3839Hz	7	0.507	70.00	0.079
51.811	0.05	Adapter 507Hz Probe 3839Hz	7	3.839	70.00	0.437
51.991	0.05	Adapter 507Hz Probe 3839Hz	7	0.507	70.00	0.079
52.071	0.05	Adapter 507Hz Probe 3839Hz	7	0.507	70.00	0.079
52.151	0.05	Adapter 507Hz Probe 3839Hz	7	0.507	70.00	0.079
52.231	0.05	Adapter 507Hz Probe 3839Hz	7	0.507	70.00	0.079
52.311	0.05	Adapter 507Hz Probe 3839Hz	7	3.839	70.00	0.437
54.979	0.05	Adapter 3839Hz	8	3.839	70.00	0.437
55.059	0.05	Adapter 3839Hz	8	3.839	70.00	0.437
55.139	0.05	Adapter 3839Hz	8	3.839	70.00	0.437
55.219	0.05	Adapter 3839Hz	8	3.839	70.00	0.437
55.479	0.05	Adapter 3839Hz	8	3.839	70.00	0.437
55.559	0.05	Adapter 3839Hz	8	3.839	70.00	0.437
55.639	0.05	Adapter 3839Hz	8	3.839	70.00	0.437
55.719	0.05	Adapter 3839Hz	8	3.839	70.00	0.437
55.979	0.05	Adapter 3839Hz	8	3.839	70.00	0.437
56.059	0.05	Adapter 3839Hz	8	3.839	70.00	0.437
56.139	0.05	Adapter 3839Hz	8	3.839	70.00	0.437
56.219	0.05	Adapter 3839Hz	8	3.839	70.00	0.437
56.479	0.05	Adapter 3839Hz	8	3.839	70.00	0.437
56.559	0.05	Adapter 3839Hz	8	3.839	70.00	0.437
56.639	0.05	Adapter 3839Hz	8	3.839	70.00	0.437
56.719	0.05	Adapter 3839Hz	8	3.839	70.00	0.437
56.979	0.05	Adapter 3839Hz	8	3.839	70.00	0.437
57.059	0.05	Adapter 3839Hz	8	3.839	70.00	0.437
57.139	0.05	Adapter 3839Hz	8	3.839	70.00	0.437
57.219	0.05	Adapter 3839Hz	8	3.839	70.00	0.437
57.479	0.05	Adapter 3839Hz	8	3.839	70.00	0.437
57.559	0.05	Adapter 3839Hz	8	3.839	70.00	0.437
57.639	0.05	Adapter 3839Hz	8	3.839	70.00	0.437
57.719	0.05	Adapter 3839Hz	8	3.839	70.00	0.437
57.979	0.05	Adapter 3839Hz	8	3.839	70.00	0.437
58.059	0.05	Adapter 3839Hz	8	3.839	70.00	0.437
58.139	0.05	Adapter 3839Hz	8	3.839	70.00	0.437
58.219	0.05	Adapter 3839Hz	8	3.839	70.00	0.437
58.479	0.05	Adapter 3839Hz	8	3.839	70.00	0.437
58.559	0.05	Adapter 3839Hz	8	3.839	70.00	0.437
58.639	0.05	Adapter 3839Hz	8	3.839	70.00	0.437
58.719	0.05	Adapter 3839Hz	8	3.839	70.00	0.437
58.979	0.05	Adapter 3839Hz	8	3.839	70.00	0.437
59.059	0.05	Adapter 3839Hz	8	3.839	70.00	0.437
59.139	0.05	Adapter 3839Hz	8	3.839	70.00	0.437
59.219	0.05	Adapter 3839Hz	8	3.839	70.00	0.437
59.479	0.05	Adapter 3839Hz	8	3.839	70.00	0.437
59.559	0.05	Adapter 3839Hz	8	3.839	70.00	0.437
59.639	0.05	Adapter 3839Hz	8	3.839	70.00	0.437
59.719	0.05	Adapter 3839Hz	8	3.839	70.00	0.437
62.467	0.05	Adapter 3839Hz Probe 3839Hz	9	3.839	70.00	0.437
62.547	0.05	Adapter 3839Hz Probe 3839Hz	9	3.839	70.00	0.437
62.627	0.05	Adapter 3839Hz Probe 3839Hz	9	3.839	70.00	0.437
62.707	0.05	Adapter 3839Hz Probe 3839Hz	9	3.839	70.00	0.437
62.787	0.05	Adapter 3839Hz Probe 3839Hz	9	3.839	70.00	0.437
62.967	0.05	Adapter 3839Hz Probe 3839Hz	9	3.839	70.00	0.437
63.047	0.05	Adapter 3839Hz Probe 3839Hz	9	3.839	70.00	0.437
63.127	0.05	Adapter 3839Hz Probe 3839Hz	9	3.839	70.00	0.437
63.207	0.05	Adapter 3839Hz Probe 3839Hz	9	3.839	70.00	0.437
63.287	0.05	Adapter 3839Hz Probe 3839Hz	9	3.839	70.00	0.437
63.467	0.05	Adapter 3839Hz Probe 3839Hz	9	3.839	70.00	0.437
63.547	0.05	Adapter 3839Hz Probe 3839Hz	9	3.839	70.00	0.437
63.627	0.05	Adapter 3839Hz Probe 3839Hz	9	3.839	70.00	0.437
63.707	0.05	Adapter 3839Hz Probe 3839Hz	9	3.839	70.00	0.437
63.787	0.05	Adapter 3839Hz Probe 3839Hz	9	3.839	70.00	0.437
63.967	0.05	Adapter 3839Hz Probe 3839Hz	9	3.839	70.00	0.437
64.047	0.05	Adapter 3839Hz Probe 3839Hz	9	3.839	70.00	0.437
64.127	0.05	Adapter 3839Hz Probe 3839Hz	9	3.839	70.00	0.437
64.207	0.05	Adapter 3839Hz Probe 3839Hz	9	3.839	70.00	0.437
64.287	0.05	Adapter 3839Hz Probe 3839Hz	9	3.839	70.00	0.437
64.467	0.05	Adapter 3839Hz Probe 3839Hz	9	3.839	70.00	0.437
64.547	0.05	Adapter 3839Hz Probe 3839Hz	9	3.839	70.00	0.437
64.627	0.05	Adapter 3839Hz Probe 3839Hz	9	3.839	70.00	0.437
64.707	0.05	Adapter 3839Hz Probe 3839Hz	9	3.839	70.00	0.437
64.787	0.05	Adapter 3839Hz Probe 3839Hz	9	3.839	70.00	0.437
64.967	0.05	Adapter 3839Hz Probe 3839Hz	9	3.839	70.00	0.437
65.047	0.05	Adapter 3839Hz Probe 3839Hz	9	3.839	70.00	0.437
65.127	0.05	Adapter 3839Hz Probe 3839Hz	9	3.839	70.00	0.437
65.207	0.05	Adapter 3839Hz Probe 3839Hz	9	3.839	70.00	0.437
65.287	0.05	Adapter 3839Hz Probe 3839Hz	9	3.839	70.00	0.437
65.467	0.05	Adapter 3839Hz Probe 3839Hz	9	3.839	70.00	0.437
65.547	0.05	Adapter 3839Hz Probe 3839Hz	9	3.839	70.00	0.437
65.627	0.05	Adapter 3839Hz Probe 3839Hz	9	3.839	70.00	0.437
65.707	0.05	Adapter 3839Hz Probe 3839Hz	9	3.839	70.00	0.437
65.787	0.05	Adapter 3839Hz Probe 3839Hz	9	3.839	70.00	0.437
65.967	0.05	Adapter 3839Hz Probe 3839Hz	9	3.839	70.00	0.437
66.047	0.05	Adapter 3839Hz Probe 3839Hz	9	3.839	70.00	0.437
66.127	0.05	Adapter 3839Hz Probe 3839Hz	9	3.839	70.00	0.437
66.207	0.05	Adapter 3839Hz Probe 3839Hz	9	3.839	70.00	0.437
66.287	0.05	Adapter 3839Hz Probe 3839Hz	9	3.839	70.00	0.437
66.467	0.05	Adapter 3839Hz Probe 3839Hz	9	3.839	70.00	0.437
66.547	0.05	Adapter 3839Hz Probe 3839Hz	9	3.839	70.00	0.437
66.627	0.05	Adapter 3839Hz Probe 3839Hz	9	3.839	70.00	0.437
66.707	0.05	Adapter 3839Hz Probe 3839Hz	9	3.839	70.00	0.437
66.787	0.05	Adapter 3839Hz Probe 3839Hz	9	3.839	70.00	0.437
66.967	0.05	Adapter 3839Hz Probe 3839Hz	9	3.839	70.00	0.437
67.047	0.05	Adapter 3839Hz Probe 3839Hz	9	3.839	70.00	0.437
67.127	0.05	Adapter 3839Hz Probe 3839Hz	9	3.839	70.00	0.437
67.207	0.05	Adapter 3839Hz Probe 3839Hz	9	3.839	70.00	0.437
67.287	0.05	Adapter 3839Hz Probe 3839Hz	9	3.839	70.00	0.437
70.002	0.05	Adapter 1501Hz	10	1.501	70.00	0.186
70.082	0.05	Adapter 1501Hz	10	1.501	70.00	0.186
70.162	0.05	Adapter 1501Hz	10	1.501	70.00	0.186
70.242	0.05	Adapter 1501Hz	10	1.501	70.00	0.186
70.502	0.05	Adapter 1501Hz	10	1.501	70.00	0.186
70.582	0.05	Adapter 1501Hz	10	1.501	70.00	0.186
70.662	0.05	Adapter 1501Hz	10	1.501	70.00	0.186
70.742	0.05	Adapter 1501Hz	10	1.501	70.00	0.186
71.002	0.05	Adapter 1501Hz	10	1.501	70.00	0.186
71.082	0.05	Adapter 1501Hz	10	1.501	70.00	0.186
71.162	0.05	Adapter 1501Hz	10	1.501	70.00	0.186
71.242	0.05	Adapter 1501Hz	10	1.501	70.00	0.186
71.502	0.05	Adapter 1501Hz	10	1.501	70.00	0.186
71.582	0.05	Adapter 1501Hz	10	1.501	70.00	0.186
71.662	0.05	Adapter 1501Hz	10	1.501	70.00	0.186
71.742	0.05	Adapter 1501Hz	10	1.501	70.00	0.186
72.002	0.05	Adapter 1501Hz	10	1.501	70.00	0.186
72.082	0.05	Adapter 1501Hz	10	1.501	70.00	0.186
72.162	0.05	Adapter 1501Hz	10	1.501	70.00	0.186
72.242	0.05	Adapter 1501Hz	10	1.501	70.00	0.186
72.502	0.05	Adapter 1501Hz	10	1.501	70.00	0.186
72.582	0.05	Adapter 1501Hz	10	1.501	70.00	0.186
72.662	0.05	Adapter 1501Hz	10	1.501	70.00	0.186
72.742	0.05	Adapter 1501Hz	10	1.501	70.00	0.186
73.002	0.05	Adapter 1501Hz	10	1.501	70.00	0.186
73.082	0.05	Adapter 1501Hz	10	1.501	70.00	0.186
73.162	0.05	Adapter 1501Hz	10	1.501	70.00	0.186
73.242	0.05	Adapter 1501Hz	10	1.501	70.00	0.186
73.502	0.05	Adapter 1501Hz	10	1.501	70.00	0.186
73.582	0.05	Adapter 1501Hz	10	1.501	70.00	0.186
73.662	0.05	Adapter 1501Hz	10	1.501	70.00	0.186
73.742	0.05	Adapter 1501Hz	10	1.501	70.00	0.186
74.002	0.05	Adapter 1501Hz	10	1.501	70.00	0.186
74.082	0.05	Adapter 1501Hz	10	1.501	70.00	0.186
74.162	0.05	Adapter 1501Hz	10	1.501	70.00	0.186
74.242	0.05	Adapter 1501Hz	10	1.501	70.00	0.186
74.502	0.05	Adapter 1501Hz	10	1.501	70.00	0.186
74.582	0.05	Adapter 1501Hz	10	1.501	70.00	0.186
74.662	0.05	Adapter 1501Hz	10	1.501	70.00	0.186
74.742	0.05	Adapter 1501Hz	10	1.501	70.00	0.186
77.49	0.05	Adapter 899Hz Probe 3839Hz	11	0.899	70.00	0.121
77.57	0.05	Adapter 899Hz Probe 3839Hz	11	0.899	70.00	0.121
77.65	0.05	Adapter 899Hz Probe 3839Hz	11	0.899	70.00	0.121
77.73	0.05	Adapter 899Hz Probe 3839Hz	11	0.899	70.00	0.121
77.81	0.05	Adapter 899Hz Probe 3839Hz	11	3.839	70.00	0.437
77.99	0.05	Adapter 899Hz Probe 3839Hz	11	0.899	70.00	0.121
78.07	0.05	Adapter 899Hz Probe 3839Hz	11	0.899	70.00	0.121
78.15	0.05	Adapter 899Hz Probe 3839Hz	11	0.899	70.00	0.121
78.23	0.05	Adapter 899Hz Probe 3839Hz	11	0.899	70.00	0.121
78.31	0.05	Adapter 899Hz Probe 3839Hz	11	3.839	70.00	0.437
78.49	0.05	Adapter 899Hz Probe 3839Hz	11	0.899	70.00	0.121
78.57	0.05	Adapter 899Hz Probe 3839Hz	11	0.899	70.00	0.121
78.65	0.05	Adapter 899Hz Probe 3839Hz	11	0.899	70.00	0.121
78.73	0.05	Adapter 899Hz Probe 3839Hz	11	0.899	70.00	0.121
78.81	0.05	Adapter 899Hz Probe 3839Hz	11	3.839	70.00	0.437
78.99	0.05	Adapter 899Hz Probe 3839Hz	11	0.899	70.00	0.121
79.07	0.05	Adapter 899Hz Probe 3839Hz	11	0.899	70.00	0.121
79.15	0.05	Adapter 899Hz Probe 3839Hz	11	0.899	70.00	0.121
79.23	0.05	Adapter 899Hz Probe 3839Hz	11	0.899	70.00	0.121
79.31	0.05	Adapter 899Hz Probe 3839Hz	11	3.839	70.00	0.437
79.49	0.05	Adapter 899Hz Probe 3839Hz	11	0.899	70.00	0.121
79.57	0.05	Adapter 899Hz Probe 3839Hz	11	0.899	70.00	0.121
79.65	0.05	Adapter 899Hz Probe 3839Hz	11	0.899	70.00	0.121
79.73	0.05	Adapter 899Hz Probe 3839Hz	11	0.899	70.00	0.121
79.81	0.05	Adapter 899Hz Probe 3839Hz	11	3.839	70.00	0.437
79.99	0.05	Adapter 899Hz Probe 3839Hz	11	0.899	70.00	0.121
80.07	0.05	Adapter 899Hz Probe 3839Hz	11	0.899	70.00	0.121
80.15	0.05	Adapter 899Hz Probe 3839Hz	11	0.899	70.00	0.121
80.23	0.05	Adapter 899Hz Probe 3839Hz	11	0.899	70.00	0.121
80.31	0.05	Adapter 899Hz Probe 3839Hz	11	3.839	70.00	0.437
80.49	0.05	Adapter 899Hz Probe 3839Hz	11	0.899	70.00	0.121
80.57	0.05	Adapter 899Hz Probe 3839Hz	11	0.899	70.00	0.121
80.65	0.05	Adapter 899Hz Probe 3839Hz	11	0.899	70.00	0.121
80.73	0.05	Adapter 899Hz Probe 3839Hz	11	0.899	70.00	0.121
80.81	0.05	Adapter 899Hz Probe 3839Hz	11	3.839	70.00	0.437
80.99	0.05	Adapter 899Hz Probe 3839Hz	11	0.899	70.00	0.121
81.07	0.05	Adapter 899Hz Probe 3839Hz	11	0.899	70.00	0.121
81.15	0.05	Adapter 899Hz Probe 3839Hz	11	0.899	70.00	0.121
81.23	0.05	Adapter 899Hz Probe 3839Hz	11	0.899	70.00	0.121
81.31	0.05	Adapter 899Hz Probe 3839Hz	11	3.839	70.00	0.437
81.49	0.05	Adapter 899Hz Probe 3839Hz	11	0.899	70.00	0.121
81.57	0.05	Adapter 899Hz Probe 3839Hz	11	0.899	70.00	0.121
81.65	0.05	Adapter 899Hz Probe 3839Hz	11	0.899	70.00	0.121
81.73	0.05	Adapter 899Hz Probe 3839Hz	11	0.899	70.00	0.121
81.81	0.05	Adapter 899Hz Probe 3839Hz	11	3.839	70.00	0.437
81.99	0.05	Adapter 899Hz Probe 3839Hz	11	0.899	70.00	0.121
82.07	0.05	Adapter 899Hz Probe 3839Hz	11	0.899	70.00	0.121
82.15	0.05	Adapter 899Hz Probe 3839Hz	11	0.899	70.00	0.121
82.23	0.05	Adapter 899Hz Probe 3839Hz	11	0.899	70.00	0.121
82.31	0.05	Adapter 899Hz Probe 3839Hz	11	3.839	70.00	0.437
107.473	0.05	Adapter 2423Hz	15	2.423	70.00	0.285
107.553	0.05	Adapter 2423Hz	15	2.423	70.00	0.285
107.633	0.05	Adapter 2423Hz	15	2.423	70.00	0.285
107.713	0.05	Adapter 2423Hz	15	2.423	70.00	0.285
107.973	0.05	Adapter 2423Hz	15	2.423	70.00	0.285
108.053	0.05	Adapter 2423Hz	15	2.423	70.00	0.285
108.133	0.05	Adapter 2423Hz	15	2.423	70.00	0.285
108.213	0.05	Adapter 2423Hz	15	2.423	70.00	0.285
108.473	0.05	Adapter 2423Hz	15	2.423	70.00	0.285
108.553	0.05	Adapter 2423Hz	15	2.423	70.00	0.285
108.633	0.05	Adapter 2423Hz	15	2.423	70.00	0.285
108.713	0.05	Adapter 2423Hz	15	2.423	70.00	0.285
108.973	0.05	Adapter 2423Hz	15	2.423	70.00	0.285
109.053	0.05	Adapter 2423Hz	15	2.423	70.00	0.285
109.133	0.05	Adapter 2423Hz	15	2.423	70.00	0.285
109.213	0.05	Adapter 2423Hz	15	2.423	70.00	0.285
109.473	0.05	Adapter 2423Hz	15	2.423	70.00	0.285
109.553	0.05	Adapter 2423Hz	15	2.423	70.00	0.285
109.633	0.05	Adapter 2423Hz	15	2.423	70.00	0.285
109.713	0.05	Adapter 2423Hz	15	2.423	70.00	0.285
109.973	0.05	Adapter 2423Hz	15	2.423	70.00	0.285
110.053	0.05	Adapter 2423Hz	15	2.423	70.00	0.285
110.133	0.05	Adapter 2423Hz	15	2.423	70.00	0.285
110.213	0.05	Adapter 2423Hz	15	2.423	70.00	0.285
110.473	0.05	Adapter 2423Hz	15	2.423	70.00	0.285
110.553	0.05	Adapter 2423Hz	15	2.423	70.00	0.285
110.633	0.05	Adapter 2423Hz	15	2.423	70.00	0.285
110.713	0.05	Adapter 2423Hz	15	2.423	70.00	0.285
110.973	0.05	Adapter 2423Hz	15	2.423	70.00	0.285
111.053	0.05	Adapter 2423Hz	15	2.423	70.00	0.285
111.133	0.05	Adapter 2423Hz	15	2.423	70.00	0.285
111.213	0.05	Adapter 2423Hz	15	2.423	70.00	0.285
111.473	0.05	Adapter 2423Hz	15	2.423	70.00	0.285
111.553	0.05	Adapter 2423Hz	15	2.423	70.00	0.285
111.633	0.05	Adapter 2423Hz	15	2.423	70.00	0.285
111.713	0.05	Adapter 2423Hz	15	2.423	70.00	0.285
111.973	0.05	Adapter 2423Hz	15	2.423	70.00	0.285
112.053	0.05	Adapter 2423Hz	15	2.423	70.00	0.285
112.133	0.05	Adapter 2423Hz	15	2.423	70.00	0.285
112.213	0.05	Adapter 2423Hz	15	2.423	70.00	0.285
115.312	0.05	Probe 3839Hz	16	3.839	70.00	0.437
115.812	0.05	Probe 3839Hz	16	3.839	70.00	0.437
116.312	0.05	Probe 3839Hz	16	3.839	70.00	0.437
116.812	0.05	Probe 3839Hz	16	3.839	70.00	0.437
117.312	0.05	Probe 3839Hz	16	3.839	70.00	0.437
117.812	0.05	Probe 3839Hz	16	3.839	70.00	0.437
118.312	0.05	Probe 3839Hz	16	3.839	70.00	0.437
118.812	0.05	Probe 3839Hz	16	3.839	70.00	0.437
119.312	0.05	Probe 3839Hz	16	3.839	70.00	0.437
119.812	0.05	Probe 3839Hz	16	3.839	70.00	0.437
122.465	0.05	Adapter 251Hz	17	0.251	70.00	0.052
122.545	0.05	Adapter 251Hz	17	0.251	70.00	0.052
122.625	0.05	Adapter 251Hz	17	0.251	70.00	0.052
122.705	0.05	Adapter 251Hz	17	0.251	70.00	0.052
122.965	0.05	Adapter 251Hz	17	0.251	70.00	0.052
123.045	0.05	Adapter 251Hz	17	0.251	70.00	0.052
123.125	0.05	Adapter 251Hz	17	0.251	70.00	0.052
123.205	0.05	Adapter 251Hz	17	0.251	70.00	0.052
123.465	0.05	Adapter 251Hz	17	0.251	70.00	0.052
123.545	0.05	Adapter 251Hz	17	0.251	70.00	0.052
123.625	0.05	Adapter 251Hz	17	0.251	70.00	0.052
123.705	0.05	Adapter 251Hz	17	0.251	70.00	0.052
123.965	0.05	Adapter 251Hz	17	0.251	70.00	0.052
124.045	0.05	Adapter 251Hz	17	0.251	70.00	0.052
124.125	0.05	Adapter 251Hz	17	0.251	70.00	0.052
124.205	0.05	Adapter 251Hz	17	0.251	70.00	0.052
124.465	0.05	Adapter 251Hz	17	0.251	70.00	0.052
124.545	0.05	Adapter 251Hz	17	0.251	70.00	0.052
124.625	0.05	Adapter 251Hz	17	0.251	70.00	0.052
124.705	0.05	Adapter 251Hz	17	0.251	70.00	0.052
124.965	0.05	Adapter 251Hz	17	0.251	70.00	0.052
125.045	0.05	Adapter 251Hz	17	0.251	70.00	0.052
125.125	0.05	Adapter 251Hz	17	0.251	70.00	0.052
125.205	0.05	Adapter 251Hz	17	0.251	70.00	0.052
125.465	0.05	Adapter 251Hz	17	0.251	70.00	0.052
125.545	0.05	Adapter 251Hz	17	0.251	70.00	0.052
125.625	0.05	Adapter 251Hz	17	0.251	70.00	0.052
125.705	0.05	Adapter 251Hz	17	0.251	70.00	0.052
125.965	0.05	Adapter 251Hz	17	0.251	70.00	0.052
126.045	0.05	Adapter 251Hz	17	0.251	70.00	0.052
126.125	0.05	Adapter 251Hz	17	0.251	70.00	0.052
126.205	0.05	Adapter 251Hz	17	0.251	70.00	0.052
126.465	0.05	Adapter 251Hz	17	0.251	70.00	0.052
126.545	0.05	Adapter 251Hz	17	0.251	70.00	0.052
126.625	0.05	Adapter 251Hz	17	0.251	70.00	0.052
126.705	0.05	Adapter 251Hz	17	0.251	70.00	0.052
126.965	0.05	Adapter 251Hz	17	0.251	70.00	0.052
127.045	0.05	Adapter 251Hz	17	0.251	70.00	0.052
127.125	0.05	Adapter 251Hz	17	0.251	70.00	0.052
127.205	0.05	Adapter 251Hz	17	0.251	70.00	0.052
130.015	0.05	Adapter 2423Hz Probe 3839Hz	18	2.423	70.00	0.285
130.095	0.05	Adapter 2423Hz Probe 3839Hz	18	2.423	70.00	0.285
130.175	0.05	Adapter 2423Hz Probe 3839Hz	18	2.423	70.00	0.285
130.255	0.05	Adapter 2423Hz Probe 3839Hz	18	2.423	70.00	0.285
130.335	0.05	Adapter 2423Hz Probe 3839Hz	18	3.839	70.00	0.437
130.515	0.05	Adapter 2423Hz Probe 3839Hz	18	2.423	70.00	0.285
130.595	0.05	Adapter 2423Hz Probe 3839Hz	18	2.423	70.00	0.285
130.675	0.05	Adapter 2423Hz Probe 3839Hz	18	2.423	70.00	0.285
130.755	0.05	Adapter 2423Hz Probe 3839Hz	18	2.423	70.00	0.285
130.835	0.05	Adapter 2423Hz Probe 3839Hz	18	3.839	70.00	0.437
131.015	0.05	Adapter 2423Hz Probe 3839Hz	18	2.423	70.00	0.285
131.095	0.05	Adapter 2423Hz Probe 3839Hz	18	2.423	70.00	0.285
131.175	0.05	Adapter 2423Hz Probe 3839Hz	18	2.423	70.00	0.285
131.255	0.05	Adapter 2423Hz Probe 3839Hz	18	2.423	70.00	0.285
131.335	0.05	Adapter 2423Hz Probe 3839Hz	18	3.839	70.00	0.437
131.515	0.05	Adapter 2423Hz Probe 3839Hz	18	2.423	70.00	0.285
131.595	0.05	Adapter 2423Hz Probe 3839Hz	18	2.423	70.00	0.285
131.675	0.05	Adapter 2423Hz Probe 3839Hz	18	2.423	70.00	0.285
131.755	0.05	Adapter 2423Hz Probe 3839Hz	18	2.423	70.00	0.285
131.835	0.05	Adapter 2423Hz Probe 3839Hz	18	3.839	70.00	0.437
132.015	0.05	Adapter 2423Hz Probe 3839Hz	18	2.423	70.00	0.285
132.095	0.05	Adapter 2423Hz Probe 3839Hz	18	2.423	70.00	0.285
132.175	0.05	Adapter 2423Hz Probe 3839Hz	18	2.423	70.00	0.285
132.255	0.05	Adapter 2423Hz Probe 3839Hz	18	2.423	70.00	0.285
132.335	0.05	Adapter 2423Hz Probe 3839Hz	18	3.839	70.00	0.437
132.515	0.05	Adapter 2423Hz Probe 3839Hz	18	2.423	70.00	0.285
132.595	0.05	Adapter 2423Hz Probe 3839Hz	18	2.423	70.00	0.285
132.675	0.05	Adapter 2423Hz Probe 3839Hz	18	2.423	70.00	0.285
132.755	0.05	Adapter 2423Hz Probe 3839Hz	18	2.423	70.00	0.285
132.835	0.05	Adapter 2423Hz Probe 3839Hz	18	3.839	70.00	0.437
133.015	0.05	Adapter 2423Hz Probe 3839Hz	18	2.423	70.00	0.285
133.095	0.05	Adapter 2423Hz Probe 3839Hz	18	2.423	70.00	0.285
133.175	0.05	Adapter 2423Hz Probe 3839Hz	18	2.423	70.00	0.285
133.255	0.05	Adapter 2423Hz Probe 3839Hz	18	2.423	70.00	0.285
133.335	0.05	Adapter 2423Hz Probe 3839Hz	18	3.839	70.00	0.437
133.515	0.05	Adapter 2423Hz Probe 3839Hz	18	2.423	70.00	0.285
133.595	0.05	Adapter 2423Hz Probe 3839Hz	18	2.423	70.00	0.285
133.675	0.05	Adapter 2423Hz Probe 3839Hz	18	2.423	70.00	0.285
133.755	0.05	Adapter 2423Hz Probe 3839Hz	18	2.423	70.00	0.285
133.835	0.05	Adapter 2423Hz Probe 3839Hz	18	3.839	70.00	0.437
134.015	0.05	Adapter 2423Hz Probe 3839Hz	18	2.423	70.00	0.285
134.095	0.05	Adapter 2423Hz Probe 3839Hz	18	2.423	70.00	0.285
134.175	0.05	Adapter 2423Hz Probe 3839Hz	18	2.423	70.00	0.285
134.255	0.05	Adapter 2423Hz Probe 3839Hz	18	2.423	70.00	0.285
134.335	0.05	Adapter 2423Hz Probe 3839Hz	18	3.839	70.00	0.437
134.515	0.05	Adapter 2423Hz Probe 3839Hz	18	2.423	70.00	0.285
134.595	0.05	Adapter 2423Hz Probe 3839Hz	18	2.423	70.00	0.285
134.675	0.05	Adapter 2423Hz Probe 3839Hz	18	2.423	70.00	0.285
134.755	0.05	Adapter 2423Hz Probe 3839Hz	18	2.423	70.00	0.285
134.835	0.05	Adapter 2423Hz Probe 3839Hz	18	3.839	70.00	0.437
145.007	0.05	Adapter 2423Hz	20	2.423	70.00	0.285
145.087	0.05	Adapter 2423Hz	20	2.423	70.00	0.285
145.167	0.05	Adapter 2423Hz	20	2.423	70.00	0.285
145.247	0.05	Adapter 2423Hz	20	2.423	70.00	0.285
145.507	0.05	Adapter 2423Hz	20	2.423	70.00	0.285
145.587	0.05	Adapter 2423Hz	20	2.423	70.00	0.285
145.667	0.05	Adapter 2423Hz	20	2.423	70.00	0.285
145.747	0.05	Adapter 2423Hz	20	2.423	70.00	0.285
146.007	0.05	Adapter 2423Hz	20	2.423	70.00	0.285
146.087	0.05	Adapter 2423Hz	20	2.423	70.00	0.285
146.167	0.05	Adapter 2423Hz	20	2.423	70.00	0.285
146.247	0.05	Adapter 2423Hz	20	2.423	70.00	0.285
146.507	0.05	Adapter 2423Hz	20	2.423	70.00	0.285
146.587	0.05	Adapter 2423Hz	20	2.423	70.00	0.285
146.667	0.05	Adapter 2423Hz	20	2.423	70.00	0.285
146.747	0.05	Adapter 2423Hz	20	2.423	70.00	0.285
147.007	0.05	Adapter 2423Hz	20	2.423	70.00	0.285
147.087	0.05	Adapter 2423Hz	20	2.423	70.00	0.285
147.167	0.05	Adapter 2423Hz	20	2.423	70.00	0.285
147.247	0.05	Adapter 2423Hz	20	2.423	70.00	0.285
147.507	0.05	Adapter 2423Hz	20	2.423	70.00	0.285
147.587	0.05	Adapter 2423Hz	20	2.423	70.00	0.285
147.667	0.05	Adapter 2423Hz	20	2.423	70.00	0.285
147.747	0.05	Adapter 2423Hz	20	2.423	70.00	0.285
148.007	0.05	Adapter 2423Hz	20	2.423	70.00	0.285
148.087	0.05	Adapter 2423Hz	20	2.423	70.00	0.285
148.167	0.05	Adapter 2423Hz	20	2.423	70.00	0.285
148.247	0.05	Adapter 2423Hz	20	2.423	70.00	0.285
148.507	0.05	Adapter 2423Hz	20	2.423	70.00	0.285
148.587	0.05	Adapter 2423Hz	20	2.423	70.00	0.285
148.667	0.05	Adapter 2423Hz	20	2.423	70.00	0.285
148.747	0.05	Adapter 2423Hz	20	2.423	70.00	0.285
149.007	0.05	Adapter 2423Hz	20	2.423	70.00	0.285
149.087	0.05	Adapter 2423Hz	20	2.423	70.00	0.285
149.167	0.05	Adapter 2423Hz	20	2.423	70.00	0.285
149.247	0.05	Adapter 2423Hz	20	2.423	70.00	0.285
149.507	0.05	Adapter 2423Hz	20	2.423	70.00	0.285
149.587	0.05	Adapter 2423Hz	20	2.423	70.00	0.285
149.667	0.05	Adapter 2423Hz	20	2.423	70.00	0.285
149.747	0.05	Adapter 2423Hz	20	2.423	70.00	0.285
159.998	0.05	Adapter 1501Hz	22	1.501	70.00	0.186
160.078	0.05	Adapter 1501Hz	22	1.501	70.00	0.186
160.158	0.05	Adapter 1501Hz	22	1.501	70.00	0.186
160.238	0.05	Adapter 1501Hz	22	1.501	70.00	0.186
160.498	0.05	Adapter 1501Hz	22	1.501	70.00	0.186
160.578	0.05	Adapter 1501Hz	22	1.501	70.00	0.186
160.658	0.05	Adapter 1501Hz	22	1.501	70.00	0.186
160.738	0.05	Adapter 1501Hz	22	1.501	70.00	0.186
160.998	0.05	Adapter 1501Hz	22	1.501	70.00	0.186
161.078	0.05	Adapter 1501Hz	22	1.501	70.00	0.186
161.158	0.05	Adapter 1501Hz	22	1.501	70.00	0.186
161.238	0.05	Adapter 1501Hz	22	1.501	70.00	0.186
161.498	0.05	Adapter 1501Hz	22	1.501	70.00	0.186
161.578	0.05	Adapter 1501Hz	22	1.501	70.00	0.186
161.658	0.05	Adapter 1501Hz	22	1.501	70.00	0.186
161.738	0.05	Adapter 1501Hz	22	1.501	70.00	0.186
161.998	0.05	Adapter 1501Hz	22	1.501	70.00	0.186
162.078	0.05	Adapter 1501Hz	22	1.501	70.00	0.186
162.158	0.05	Adapter 1501Hz	22	1.501	70.00	0.186
162.238	0.05	Adapter 1501Hz	22	1.501	70.00	0.186
162.498	0.05	Adapter 1501Hz	22	1.501	70.00	0.186
162.578	0.05	Adapter 1501Hz	22	1.501	70.00	0.186
162.658	0.05	Adapter 1501Hz	22	1.501	70.00	0.186
162.738	0.05	Adapter 1501Hz	22	1.501	70.00	0.186
162.998	0.05	Adapter 1501Hz	22	1.501	70.00	0.186
163.078	0.05	Adapter 1501Hz	22	1.501	70.00	0.186
163.158	0.05	Adapter 1501Hz	22	1.501	70.00	0.186
163.238	0.05	Adapter 1501Hz	22	1.501	70.00	0.186
163.498	0.05	Adapter 1501Hz	22	1.501	70.00	0.186
163.578	0.05	Adapter 1501Hz	22	1.501	70.00	0.186
163.658	0.05	Adapter 1501Hz	22	1.501	70.00	0.186
163.738	0.05	Adapter 1501Hz	22	1.501	70.00	0.186
163.998	0.05	Adapter 1501Hz	22	1.501	70.00	0.186
164.078	0.05	Adapter 1501Hz	22	1.501	70.00	0.186
164.158	0.05	Adapter 1501Hz	22	1.501	70.00	0.186
164.238	0.05	Adapter 1501Hz	22	1.501	70.00	0.186
164.498	0.05	Adapter 1501Hz	22	1.501	70.00	0.186
164.578	0.05	Adapter 1501Hz	22	1.501	70.00	0.186
164.658	0.05	Adapter 1501Hz	22	1.501	70.00	0.186
164.738	0.05	Adapter 1501Hz	22	1.501	70.00	0.186
167.471	0.05	Adapter 3839Hz	23	3.839	70.00	0.437
167.551	0.05	Adapter 3839Hz	23	3.839	70.00	0.437
167.631	0.05	Adapter 3839Hz	23	3.839	70.00	0.437
167.711	0.05	Adapter 3839Hz	23	3.839	70.00	0.437
167.971	0.05	Adapter 3839Hz	23	3.839	70.00	0.437
168.051	0.05	Adapter 3839Hz	23	3.839	70.00	0.437
168.131	0.05	Adapter 3839Hz	23	3.839	70.00	0.437
168.211	0.05	Adapter 3839Hz	23	3.839	70.00	0.437
168.471	0.05	Adapter 3839Hz	23	3.839	70.00	0.437
168.551	0.05	Adapter 3839Hz	23	3.839	70.00	0.437
168.631	0.05	Adapter 3839Hz	23	3.839	70.00	0.437
168.711	0.05	Adapter 3839Hz	23	3.839	70.00	0.437
168.971	0.05	Adapter 3839Hz	23	3.839	70.00	0.437
169.051	0.05	Adapter 3839Hz	23	3.839	70.00	0.437
169.131	0.05	Adapter 3839Hz	23	3.839	70.00	0.437
169.211	0.05	Adapter 3839Hz	23	3.839	70.00	0.437
169.471	0.05	Adapter 3839Hz	23	3.839	70.00	0.437
169.551	0.05	Adapter 3839Hz	23	3.839	70.00	0.437
169.631	0.05	Adapter 3839Hz	23	3.839	70.00	0.437
169.711	0.05	Adapter 3839Hz	23	3.839	70.00	0.437
169.971	0.05	Adapter 3839Hz	23	3.839	70.00	0.437
170.051	0.05	Adapter 3839Hz	23	3.839	70.00	0.437
170.131	0.05	Adapter 3839Hz	23	3.839	70.00	0.437
170.211	0.05	Adapter 3839Hz	23	3.839	70.00	0.437
170.471	0.05	Adapter 3839Hz	23	3.839	70.00	0.437
170.551	0.05	Adapter 3839Hz	23	3.839	70.00	0.437
170.631	0.05	Adapter 3839Hz	23	3.839	70.00	0.437
170.711	0.05	Adapter 3839Hz	23	3.839	70.00	0.437
170.971	0.05	Adapter 3839Hz	23	3.839	70.00	0.437
171.051	0.05	Adapter 3839Hz	23	3.839	70.00	0.437
171.131	0.05	Adapter 3839Hz	23	3.839	70.00	0.437
171.211	0.05	Adapter 3839Hz	23	3.839	70.00	0.437
171.471	0.05	Adapter 3839Hz	23	3.839	70.00	0.437
171.551	0.05	Adapter 3839Hz	23	3.839	70.00	0.437
171.631	0.05	Adapter 3839Hz	23	3.839	70.00	0.437
171.711	0.05	Adapter 3839Hz	23	3.839	70.00	0.437
171.971	0.05	Adapter 3839Hz	23	3.839	70.00	0.437
172.051	0.05	Adapter 3839Hz	23	3.839	70.00	0.437
172.131	0.05	Adapter 3839Hz	23	3.839	70.00	0.437
172.211	0.05	Adapter 3839Hz	23	3.839	70.00	0.437
175.005	0.05	Adapter 899Hz	24	0.899	70.00	0.121
175.085	0.05	Adapter 899Hz	24	0.899	70.00	0.121
175.165	0.05	Adapter 899Hz	24	0.899	70.00	0.121
175.245	0.05	Adapter 899Hz	24	0.899	70.00	0.121
175.505	0.05	Adapter 899Hz	24	0.899	70.00	0.121
175.585	0.05	Adapter 899Hz	24	0.899	70.00	0.121
175.665	0.05	Adapter 899Hz	24	0.899	70.00	0.121
175.745	0.05	Adapter 899Hz	24	0.899	70.00	0.121
176.005	0.05	Adapter 899Hz	24	0.899	70.00	0.121
176.085	0.05	Adapter 899Hz	24	0.899	70.00	0.121
176.165	0.05	Adapter 899Hz	24	0.899	70.00	0.121
176.245	0.05	Adapter 899Hz	24	0.899	70.00	0.121
176.505	0.05	Adapter 899Hz	24	0.899	70.00	0.121
176.585	0.05	Adapter 899Hz	24	0.899	70.00	0.121
176.665	0.05	Adapter 899Hz	24	0.899	70.00	0.121
176.745	0.05	Adapter 899Hz	24	0.899	70.00	0.121
177.005	0.05	Adapter 899Hz	24	0.899	70.00	0.121
177.085	0.05	Adapter 899Hz	24	0.899	70.00	0.121
177.165	0.05	Adapter 899Hz	24	0.899	70.00	0.121
177.245	0.05	Adapter 899Hz	24	0.899	70.00	0.121
177.505	0.05	Adapter 899Hz	24	0.899	70.00	0.121
177.585	0.05	Adapter 899Hz	24	0.899	70.00	0.121
177.665	0.05	Adapter 899Hz	24	0.899	70.00	0.121
177.745	0.05	Adapter 899Hz	24	0.899	70.00	0.121
178.005	0.05	Adapter 899Hz	24	0.899	70.00	0.121
178.085	0.05	Adapter 899Hz	24	0.899	70.00	0.121
178.165	0.05	Adapter 899Hz	24	0.899	70.00	0.121
178.245	0.05	Adapter 899Hz	24	0.899	70.00	0.121
178.505	0.05	Adapter 899Hz	24	0.899	70.00	0.121
178.585	0.05	Adapter 899Hz	24	0.899	70.00	0.121
178.665	0.05	Adapter 899Hz	24	0.899	70.00	0.121
178.745	0.05	Adapter 899Hz	24	0.899	70.00	0.121
179.005	0.05	Adapter 899Hz	24	0.899	70.00	0.121
179.085	0.05	Adapter 899Hz	24	0.899	70.00	0.121
179.165	0.05	Adapter 899Hz	24	0.899	70.00	0.121
179.245	0.05	Adapter 899Hz	24	0.899	70.00	0.121
179.505	0.05	Adapter 899Hz	24	0.899	70.00	0.121
179.585	0.05	Adapter 899Hz	24	0.899	70.00	0.121
179.665	0.05	Adapter 899Hz	24	0.899	70.00	0.121
179.745	0.05	Adapter 899Hz	24	0.899	70.00	0.121
182.494	0.05	Adapter 1501Hz Probe 3839Hz	25	1.501	70.00	0.186
182.574	0.05	Adapter 1501Hz Probe 3839Hz	25	1.501	70.00	0.186
182.654	0.05	Adapter 1501Hz Probe 3839Hz	25	1.501	70.00	0.186
182.734	0.05	Adapter 1501Hz Probe 3839Hz	25	1.501	70.00	0.186
182.814	0.05	Adapter 1501Hz Probe 3839Hz	25	3.839	70.00	0.437
182.994	0.05	Adapter 1501Hz Probe 3839Hz	25	1.501	70.00	0.186
183.074	0.05	Adapter 1501Hz Probe 3839Hz	25	1.501	70.00	0.186
183.154	0.05	Adapter 1501Hz Probe 3839Hz	25	1.501	70.00	0.186
183.234	0.05	Adapter 1501Hz Probe 3839Hz	25	1.501	70.00	0.186
183.314	0.05	Adapter 1501Hz Probe 3839Hz	25	3.839	70.00	0.437
183.494	0.05	Adapter 1501Hz Probe 3839Hz	25	1.501	70.00	0.186
183.574	0.05	Adapter 1501Hz Probe 3839Hz	25	1.501	70.00	0.186
183.654	0.05	Adapter 1501Hz Probe 3839Hz	25	1.501	70.00	0.186
183.734	0.05	Adapter 1501Hz Probe 3839Hz	25	1.501	70.00	0.186
183.814	0.05	Adapter 1501Hz Probe 3839Hz	25	3.839	70.00	0.437
183.994	0.05	Adapter 1501Hz Probe 3839Hz	25	1.501	70.00	0.186
184.074	0.05	Adapter 1501Hz Probe 3839Hz	25	1.501	70.00	0.186
184.154	0.05	Adapter 1501Hz Probe 3839Hz	25	1.501	70.00	0.186
184.234	0.05	Adapter 1501Hz Probe 3839Hz	25	1.501	70.00	0.186
184.314	0.05	Adapter 1501Hz Probe 3839Hz	25	3.839	70.00	0.437
184.494	0.05	Adapter 1501Hz Probe 3839Hz	25	1.501	70.00	0.186
184.574	0.05	Adapter 1501Hz Probe 3839Hz	25	1.501	70.00	0.186
184.654	0.05	Adapter 1501Hz Probe 3839Hz	25	1.501	70.00	0.186
184.734	0.05	Adapter 1501Hz Probe 3839Hz	25	1.501	70.00	0.186
184.814	0.05	Adapter 1501Hz Probe 3839Hz	25	3.839	70.00	0.437
184.994	0.05	Adapter 1501Hz Probe 3839Hz	25	1.501	70.00	0.186
185.074	0.05	Adapter 1501Hz Probe 3839Hz	25	1.501	70.00	0.186
185.154	0.05	Adapter 1501Hz Probe 3839Hz	25	1.501	70.00	0.186
185.234	0.05	Adapter 1501Hz Probe 3839Hz	25	1.501	70.00	0.186
185.314	0.05	Adapter 1501Hz Probe 3839Hz	25	3.839	70.00	0.437
185.494	0.05	Adapter 1501Hz Probe 3839Hz	25	1.501	70.00	0.186
185.574	0.05	Adapter 1501Hz Probe 3839Hz	25	1.501	70.00	0.186
185.654	0.05	Adapter 1501Hz Probe 3839Hz	25	1.501	70.00	0.186
185.734	0.05	Adapter 1501Hz Probe 3839Hz	25	1.501	70.00	0.186
185.814	0.05	Adapter 1501Hz Probe 3839Hz	25	3.839	70.00	0.437
185.994	0.05	Adapter 1501Hz Probe 3839Hz	25	1.501	70.00	0.186
186.074	0.05	Adapter 1501Hz Probe 3839Hz	25	1.501	70.00	0.186
186.154	0.05	Adapter 1501Hz Probe 3839Hz	25	1.501	70.00	0.186
186.234	0.05	Adapter 1501Hz Probe 3839Hz	25	1.501	70.00	0.186
186.314	0.05	Adapter 1501Hz Probe 3839Hz	25	3.839	70.00	0.437
186.494	0.05	Adapter 1501Hz Probe 3839Hz	25	1.501	70.00	0.186
186.574	0.05	Adapter 1501Hz Probe 3839Hz	25	1.501	70.00	0.186
186.654	0.05	Adapter 1501Hz Probe 3839Hz	25	1.501	70.00	0.186
186.734	0.05	Adapter 1501Hz Probe 3839Hz	25	1.501	70.00	0.186
186.814	0.05	Adapter 1501Hz Probe 3839Hz	25	3.839	70.00	0.437
186.994	0.05	Adapter 1501Hz Probe 3839Hz	25	1.501	70.00	0.186
187.074	0.05	Adapter 1501Hz Probe 3839Hz	25	1.501	70.00	0.186
187.154	0.05	Adapter 1501Hz Probe 3839Hz	25	1.501	70.00	0.186
187.234	0.05	Adapter 1501Hz Probe 3839Hz	25	1.501	70.00	0.186
187.314	0.05	Adapter 1501Hz Probe 3839Hz	25	3.839	70.00	0.437
189.982	0.05	Adapter 899Hz Probe 3839Hz	26	0.899	70.00	0.121
190.062	0.05	Adapter 899Hz Probe 3839Hz	26	0.899	70.00	0.121
190.142	0.05	Adapter 899Hz Probe 3839Hz	26	0.899	70.00	0.121
190.222	0.05	Adapter 899Hz Probe 3839Hz	26	0.899	70.00	0.121
190.302	0.05	Adapter 899Hz Probe 3839Hz	26	3.839	70.00	0.437
190.482	0.05	Adapter 899Hz Probe 3839Hz	26	0.899	70.00	0.121
190.562	0.05	Adapter 899Hz Probe 3839Hz	26	0.899	70.00	0.121
190.642	0.05	Adapter 899Hz Probe 3839Hz	26	0.899	70.00	0.121
190.722	0.05	Adapter 899Hz Probe 3839Hz	26	0.899	70.00	0.121
190.802	0.05	Adapter 899Hz Probe 3839Hz	26	3.839	70.00	0.437
190.982	0.05	Adapter 899Hz Probe 3839Hz	26	0.899	70.00	0.121
191.062	0.05	Adapter 899Hz Probe 3839Hz	26	0.899	70.00	0.121
191.142	0.05	Adapter 899Hz Probe 3839Hz	26	0.899	70.00	0.121
191.222	0.05	Adapter 899Hz Probe 3839Hz	26	0.899	70.00	0.121
191.302	0.05	Adapter 899Hz Probe 3839Hz	26	3.839	70.00	0.437
191.482	0.05	Adapter 899Hz Probe 3839Hz	26	0.899	70.00	0.121
191.562	0.05	Adapter 899Hz Probe 3839Hz	26	0.899	70.00	0.121
191.642	0.05	Adapter 899Hz Probe 3839Hz	26	0.899	70.00	0.121
191.722	0.05	Adapter 899Hz Probe 3839Hz	26	0.899	70.00	0.121
191.802	0.05	Adapter 899Hz Probe 3839Hz	26	3.839	70.00	0.437
191.982	0.05	Adapter 899Hz Probe 3839Hz	26	0.899	70.00	0.121
192.062	0.05	Adapter 899Hz Probe 3839Hz	26	0.899	70.00	0.121
192.142	0.05	Adapter 899Hz Probe 3839Hz	26	0.899	70.00	0.121
192.222	0.05	Adapter 899Hz Probe 3839Hz	26	0.899	70.00	0.121
192.302	0.05	Adapter 899Hz Probe 3839Hz	26	3.839	70.00	0.437
192.482	0.05	Adapter 899Hz Probe 3839Hz	26	0.899	70.00	0.121
192.562	0.05	Adapter 899Hz Probe 3839Hz	26	0.899	70.00	0.121
192.642	0.05	Adapter 899Hz Probe 3839Hz	26	0.899	70.00	0.121
192.722	0.05	Adapter 899Hz Probe 3839Hz	26	0.899	70.00	0.121
192.802	0.05	Adapter 899Hz Probe 3839Hz	26	3.839	70.00	0.437
192.982	0.05	Adapter 899Hz Probe 3839Hz	26	0.899	70.00	0.121
193.062	0.05	Adapter 899Hz Probe 3839Hz	26	0.899	70.00	0.121
193.142	0.05	Adapter 899Hz Probe 3839Hz	26	0.899	70.00	0.121
193.222	0.05	Adapter 899Hz Probe 3839Hz	26	0.899	70.00	0.121
193.302	0.05	Adapter 899Hz Probe 3839Hz	26	3.839	70.00	0.437
193.482	0.05	Adapter 899Hz Probe 3839Hz	26	0.899	70.00	0.121
193.562	0.05	Adapter 899Hz Probe 3839Hz	26	0.899	70.00	0.121
193.642	0.05	Adapter 899Hz Probe 3839Hz	26	0.899	70.00	0.121
193.722	0.05	Adapter 899Hz Probe 3839Hz	26	0.899	70.00	0.121
193.802	0.05	Adapter 899Hz Probe 3839Hz	26	3.839	70.00	0.437
193.982	0.05	Adapter 899Hz Probe 3839Hz	26	0.899	70.00	0.121
194.062	0.05	Adapter 899Hz Probe 3839Hz	26	0.899	70.00	0.121
194.142	0.05	Adapter 899Hz Probe 3839Hz	26	0.899	70.00	0.121
194.222	0.05	Adapter 899Hz Probe 3839Hz	26	0.899	70.00	0.121
194.302	0.05	Adapter 899Hz Probe 3839Hz	26	3.839	70.00	0.437
194.482	0.05	Adapter 899Hz Probe 3839Hz	26	0.899	70.00	0.121
194.562	0.05	Adapter 899Hz Probe 3839Hz	26	0.899	70.00	0.121
194.642	0.05	Adapter 899Hz Probe 3839Hz	26	0.899	70.00	0.121
194.722	0.05	Adapter 899Hz Probe 3839Hz	26	0.899	70.00	0.121
194.802	0.05	Adapter 899Hz Probe 3839Hz	26	3.839	70.00	0.437
197.47	0.05	Adapter 3839Hz Probe 3839Hz	27	3.839	70.00	0.437
197.55	0.05	Adapter 3839Hz Probe 3839Hz	27	3.839	70.00	0.437
197.63	0.05	Adapter 3839Hz Probe 3839Hz	27	3.839	70.00	0.437
197.71	0.05	Adapter 3839Hz Probe 3839Hz	27	3.839	70.00	0.437
197.79	0.05	Adapter 3839Hz Probe 3839Hz	27	3.839	70.00	0.437
197.97	0.05	Adapter 3839Hz Probe 3839Hz	27	3.839	70.00	0.437
198.05	0.05	Adapter 3839Hz Probe 3839Hz	27	3.839	70.00	0.437
198.13	0.05	Adapter 3839Hz Probe 3839Hz	27	3.839	70.00	0.437
198.21	0.05	Adapter 3839Hz Probe 3839Hz	27	3.839	70.00	0.437
198.29	0.05	Adapter 3839Hz Probe 3839Hz	27	3.839	70.00	0.437
198.47	0.05	Adapter 3839Hz Probe 3839Hz	27	3.839	70.00	0.437
198.55	0.05	Adapter 3839Hz Probe 3839Hz	27	3.839	70.00	0.437
198.63	0.05	Adapter 3839Hz Probe 3839Hz	27	3.839	70.00	0.437
198.71	0.05	Adapter 3839Hz Probe 3839Hz	27	3.839	70.00	0.437
198.79	0.05	Adapter 3839Hz Probe 3839Hz	27	3.839	70.00	0.437
198.97	0.05	Adapter 3839Hz Probe 3839Hz	27	3.839	70.00	0.437
199.05	0.05	Adapter 3839Hz Probe 3839Hz	27	3.839	70.00	0.437
199.13	0.05	Adapter 3839Hz Probe 3839Hz	27	3.839	70.00	0.437
199.21	0.05	Adapter 3839Hz Probe 3839Hz	27	3.839	70.00	0.437
199.29	0.05	Adapter 3839Hz Probe 3839Hz	27	3.839	70.00	0.437
199.47	0.05	Adapter 3839Hz Probe 3839Hz	27	3.839	70.00	0.437
199.55	0.05	Adapter 3839Hz Probe 3839Hz	27	3.839	70.00	0.437
199.63	0.05	Adapter 3839Hz Probe 3839Hz	27	3.839	70.00	0.437
199.71	0.05	Adapter 3839Hz Probe 3839Hz	27	3.839	70.00	0.437
199.79	0.05	Adapter 3839Hz Probe 3839Hz	27	3.839	70.00	0.437
199.97	0.05	Adapter 3839Hz Probe 3839Hz	27	3.839	70.00	0.437
200.05	0.05	Adapter 3839Hz Probe 3839Hz	27	3.839	70.00	0.437
200.13	0.05	Adapter 3839Hz Probe 3839Hz	27	3.839	70.00	0.437
200.21	0.05	Adapter 3839Hz Probe 3839Hz	27	3.839	70.00	0.437
200.29	0.05	Adapter 3839Hz Probe 3839Hz	27	3.839	70.00	0.437
200.47	0.05	Adapter 3839Hz Probe 3839Hz	27	3.839	70.00	0.437
200.55	0.05	Adapter 3839Hz Probe 3839Hz	27	3.839	70.00	0.437
200.63	0.05	Adapter 3839Hz Probe 3839Hz	27	3.839	70.00	0.437
200.71	0.05	Adapter 3839Hz Probe 3839Hz	27	3.839	70.00	0.437
200.79	0.05	Adapter 3839Hz Probe 3839Hz	27	3.839	70.00	0.437
200.97	0.05	Adapter 3839Hz Probe 3839Hz	27	3.839	70.00	0.437
201.05	0.05	Adapter 3839Hz Probe 3839Hz	27	3.839	70.00	0.437
201.13	0.05	Adapter 3839Hz Probe 3839Hz	27	3.839	70.00	0.437
201.21	0.05	Adapter 3839Hz Probe 3839Hz	27	3.839	70.00	0.437
201.29	0.05	Adapter 3839Hz Probe 3839Hz	27	3.839	70.00	0.437
201.47	0.05	Adapter 3839Hz Probe 3839Hz	27	3.839	70.00	0.437
201.55	0.05	Adapter 3839Hz Probe 3839Hz	27	3.839	70.00	0.437
201.63	0.05	Adapter 3839Hz Probe 3839Hz	27	3.839	70.00	0.437
201.71	0.05	Adapter 3839Hz Probe 3839Hz	27	3.839	70.00	0.437
201.79	0.05	Adapter 3839Hz Probe 3839Hz	27	3.839	70.00	0.437
201.97	0.05	Adapter 3839Hz Probe 3839Hz	27	3.839	70.00	0.437
202.05	0.05	Adapter 3839Hz Probe 3839Hz	27	3.839	70.00	0.437
202.13	0.05	Adapter 3839Hz Probe 3839Hz	27	3.839	70.00	0.437
202.21	0.05	Adapter 3839Hz Probe 3839Hz	27	3.839	70.00	0.437
202.29	0.05	Adapter 3839Hz Probe 3839Hz	27	3.839	70.00	0.437
212.524	0.05	Adapter 6009Hz	29	6.009	70.00	0.671
212.604	0.05	Adapter 6009Hz	29	6.009	70.00	0.671
212.684	0.05	Adapter 6009Hz	29	6.009	70.00	0.671
212.764	0.05	Adapter 6009Hz	29	6.009	70.00	0.671
213.024	0.05	Adapter 6009Hz	29	6.009	70.00	0.671
213.104	0.05	Adapter 6009Hz	29	6.009	70.00	0.671
213.184	0.05	Adapter 6009Hz	29	6.009	70.00	0.671
213.264	0.05	Adapter 6009Hz	29	6.009	70.00	0.671
213.524	0.05	Adapter 6009Hz	29	6.009	70.00	0.671
213.604	0.05	Adapter 6009Hz	29	6.009	70.00	0.671
213.684	0.05	Adapter 6009Hz	29	6.009	70.00	0.671
213.764	0.05	Adapter 6009Hz	29	6.009	70.00	0.671
214.024	0.05	Adapter 6009Hz	29	6.009	70.00	0.671
214.104	0.05	Adapter 6009Hz	29	6.009	70.00	0.671
214.184	0.05	Adapter 6009Hz	29	6.009	70.00	0.671
214.264	0.05	Adapter 6009Hz	29	6.009	70.00	0.671
214.524	0.05	Adapter 6009Hz	29	6.009	70.00	0.671
214.604	0.05	Adapter 6009Hz	29	6.009	70.00	0.671
214.684	0.05	Adapter 6009Hz	29	6.009	70.00	0.671
214.764	0.05	Adapter 6009Hz	29	6.009	70.00	0.671
215.024	0.05	Adapter 6009Hz	29	6.009	70.00	0.671
215.104	0.05	Adapter 6009Hz	29	6.009	70.00	0.671
215.184	0.05	Adapter 6009Hz	29	6.009	70.00	0.671
215.264	0.05	Adapter 6009Hz	29	6.009	70.00	0.671
215.524	0.05	Adapter 6009Hz	29	6.009	70.00	0.671
215.604	0.05	Adapter 6009Hz	29	6.009	70.00	0.671
215.684	0.05	Adapter 6009Hz	29	6.009	70.00	0.671
215.764	0.05	Adapter 6009Hz	29	6.009	70.00	0.671
216.024	0.05	Adapter 6009Hz	29	6.009	70.00	0.671
216.104	0.05	Adapter 6009Hz	29	6.009	70.00	0.671
216.184	0.05	Adapter 6009Hz	29	6.009	70.00	0.671
216.264	0.05	Adapter 6009Hz	29	6.009	70.00	0.671
216.524	0.05	Adapter 6009Hz	29	6.009	70.00	0.671
216.604	0.05	Adapter 6009Hz	29	6.009	70.00	0.671
216.684	0.05	Adapter 6009Hz	29	6.009	70.00	0.671
216.764	0.05	Adapter 6009Hz	29	6.009	70.00	0.671
217.024	0.05	Adapter 6009Hz	29	6.009	70.00	0.671
217.104	0.05	Adapter 6009Hz	29	6.009	70.00	0.671
217.184	0.05	Adapter 6009Hz	29	6.009	70.00	0.671
217.264	0.05	Adapter 6009Hz	29	6.009	70.00	0.671
219.996	0.05	Adapter 507Hz	30	0.507	70.00	0.079
220.076	0.05	Adapter 507Hz	30	0.507	70.00	0.079
220.156	0.05	Adapter 507Hz	30	0.507	70.00	0.079
220.236	0.05	Adapter 507Hz	30	0.507	70.00	0.079
220.496	0.05	Adapter 507Hz	30	0.507	70.00	0.079
220.576	0.05	Adapter 507Hz	30	0.507	70.00	0.079
220.656	0.05	Adapter 507Hz	30	0.507	70.00	0.079
220.736	0.05	Adapter 507Hz	30	0.507	70.00	0.079
220.996	0.05	Adapter 507Hz	30	0.507	70.00	0.079
221.076	0.05	Adapter 507Hz	30	0.507	70.00	0.079
221.156	0.05	Adapter 507Hz	30	0.507	70.00	0.079
221.236	0.05	Adapter 507Hz	30	0.507	70.00	0.079
221.496	0.05	Adapter 507Hz	30	0.507	70.00	0.079
221.576	0.05	Adapter 507Hz	30	0.507	70.00	0.079
221.656	0.05	Adapter 507Hz	30	0.507	70.00	0.079
221.736	0.05	Adapter 507Hz	30	0.507	70.00	0.079
221.996	0.05	Adapter 507Hz	30	0.507	70.00	0.079
222.076	0.05	Adapter 507Hz	30	0.507	70.00	0.079
222.156	0.05	Adapter 507Hz	30	0.507	70.00	0.079
222.236	0.05	Adapter 507Hz	30	0.507	70.00	0.079
222.496	0.05	Adapter 507Hz	30	0.507	70.00	0.079
222.576	0.05	Adapter 507Hz	30	0.507	70.00	0.079
222.656	0.05	Adapter 507Hz	30	0.507	70.00	0.079
222.736	0.05	Adapter 507Hz	30	0.507	70.00	0.079
222.996	0.05	Adapter 507Hz	30	0.507	70.00	0.079
223.076	0.05	Adapter 507Hz	30	0.507	70.00	0.079
223.156	0.05	Adapter 507Hz	30	0.507	70.00	0.079
223.236	0.05	Adapter 507Hz	30	0.507	70.00	0.079
223.496	0.05	Adapter 507Hz	30	0.507	70.00	0.079
223.576	0.05	Adapter 507Hz	30	0.507	70.00	0.079
223.656	0.05	Adapter 507Hz	30	0.507	70.00	0.079
223.736	0.05	Adapter 507Hz	30	0.507	70.00	0.079
223.996	0.05	Adapter 507Hz	30	0.507	70.00	0.079
224.076	0.05	Adapter 507Hz	30	0.507	70.00	0.079
224.156	0.05	Adapter 507Hz	30	0.507	70.00	0.079
224.236	0.05	Adapter 507Hz	30	0.507	70.00	0.079
224.496	0.05	Adapter 507Hz	30	0.507	70.00	0.079
224.576	0.05	Adapter 507Hz	30	0.507	70.00	0.079
224.656	0.05	Adapter 507Hz	30	0.507	70.00	0.079
224.736	0.05	Adapter 507Hz	30	0.507	70.00	0.079
227.484	0.05	Adapter 507Hz Probe 3839Hz	31	0.507	70.00	0.079
227.564	0.05	Adapter 507Hz Probe 3839Hz	31	0.507	70.00	0.079
227.644	0.05	Adapter 507Hz Probe 3839Hz	31	0.507	70.00	0.079
227.724	0.05	Adapter 507Hz Probe 3839Hz	31	0.507	70.00	0.079
227.804	0.05	Adapter 507Hz Probe 3839Hz	31	3.839	70.00	0.437
227.984	0.05	Adapter 507Hz Probe 3839Hz	31	0.507	70.00	0.079
228.064	0.05	Adapter 507Hz Probe 3839Hz	31	0.507	70.00	0.079
228.144	0.05	Adapter 507Hz Probe 3839Hz	31	0.507	70.00	0.079
228.224	0.05	Adapter 507Hz Probe 3839Hz	31	0.507	70.00	0.079
228.304	0.05	Adapter 507Hz Probe 3839Hz	31	3.839	70.00	0.437
228.484	0.05	Adapter 507Hz Probe 3839Hz	31	0.507	70.00	0.079
228.564	0.05	Adapter 507Hz Probe 3839Hz	31	0.507	70.00	0.079
228.644	0.05	Adapter 507Hz Probe 3839Hz	31	0.507	70.00	0.079
228.724	0.05	Adapter 507Hz Probe 3839Hz	31	0.507	70.00	0.079
228.804	0.05	Adapter 507Hz Probe 3839Hz	31	3.839	70.00	0.437
228.984	0.05	Adapter 507Hz Probe 3839Hz	31	0.507	70.00	0.079
229.064	0.05	Adapter 507Hz Probe 3839Hz	31	0.507	70.00	0.079
229.144	0.05	Adapter 507Hz Probe 3839Hz	31	0.507	70.00	0.079
229.224	0.05	Adapter 507Hz Probe 3839Hz	31	0.507	70.00	0.079
229.304	0.05	Adapter 507Hz Probe 3839Hz	31	3.839	70.00	0.437
229.484	0.05	Adapter 507Hz Probe 3839Hz	31	0.507	70.00	0.079
229.564	0.05	Adapter 507Hz Probe 3839Hz	31	0.507	70.00	0.079
229.644	0.05	Adapter 507Hz Probe 3839Hz	31	0.507	70.00	0.079
229.724	0.05	Adapter 507Hz Probe 3839Hz	31	0.507	70.00	0.079
229.804	0.05	Adapter 507Hz Probe 3839Hz	31	3.839	70.00	0.437
229.984	0.05	Adapter 507Hz Probe 3839Hz	31	0.507	70.00	0.079
230.064	0.05	Adapter 507Hz Probe 3839Hz	31	0.507	70.00	0.079
230.144	0.05	Adapter 507Hz Probe 3839Hz	31	0.507	70.00	0.079
230.224	0.05	Adapter 507Hz Probe 3839Hz	31	0.507	70.00	0.079
230.304	0.05	Adapter 507Hz Probe 3839Hz	31	3.839	70.00	0.437
230.484	0.05	Adapter 507Hz Probe 3839Hz	31	0.507	70.00	0.079
230.564	0.05	Adapter 507Hz Probe 3839Hz	31	0.507	70.00	0.079
230.644	0.05	Adapter 507Hz Probe 3839Hz	31	0.507	70.00	0.079
230.724	0.05	Adapter 507Hz Probe 3839Hz	31	0.507	70.00	0.079
230.804	0.05	Adapter 507Hz Probe 3839Hz	31	3.839	70.00	0.437
230.984	0.05	Adapter 507Hz Probe 3839Hz	31	0.507	70.00	0.079
231.064	0.05	Adapter 507Hz Probe 3839Hz	31	0.507	70.00	0.079
231.144	0.05	Adapter 507Hz Probe 3839Hz	31	0.507	70.00	0.079
231.224	0.05	Adapter 507Hz Probe 3839Hz	31	0.507	70.00	0.079
231.304	0.05	Adapter 507Hz Probe 3839Hz	31	3.839	70.00	0.437
231.484	0.05	Adapter 507Hz Probe 3839Hz	31	0.507	70.00	0.079
231.564	0.05	Adapter 507Hz Probe 3839Hz	31	0.507	70.00	0.079
231.644	0.05	Adapter 507Hz Probe 3839Hz	31	0.507	70.00	0.079
231.724	0.05	Adapter 507Hz Probe 3839Hz	31	0.507	70.00	0.079
231.804	0.05	Adapter 507Hz Probe 3839Hz	31	3.839	70.00	0.437
231.984	0.05	Adapter 507Hz Probe 3839Hz	31	0.507	70.00	0.079
232.064	0.05	Adapter 507Hz Probe 3839Hz	31	0.507	70.00	0.079
232.144	0.05	Adapter 507Hz Probe 3839Hz	31	0.507	70.00	0.079
232.224	0.05	Adapter 507Hz Probe 3839Hz	31	0.507	70.00	0.079
232.304	0.05	Adapter 507Hz Probe 3839Hz	31	3.839	70.00	0.437
235.323	0.05	Probe 3839Hz	32	3.839	70.00	0.437
235.823	0.05	Probe 3839Hz	32	3.839	70.00	0.437
236.323	0.05	Probe 3839Hz	32	3.839	70.00	0.437
236.823	0.05	Probe 3839Hz	32	3.839	70.00	0.437
237.323	0.05	Probe 3839Hz	32	3.839	70.00	0.437
237.823	0.05	Probe 3839Hz	32	3.839	70.00	0.437
238.323	0.05	Probe 3839Hz	32	3.839	70.00	0.437
238.823	0.05	Probe 3839Hz	32	3.839	70.00	0.437
239.323	0.05	Probe 3839Hz	32	3.839	70.00	0.437
239.823	0.05	Probe 3839Hz	32	3.839	70.00	0.437
249.979	0.05	Adapter 507Hz	34	0.507	70.00	0.079
250.059	0.05	Adapter 507Hz	34	0.507	70.00	0.079
250.139	0.05	Adapter 507Hz	34	0.507	70.00	0.079
250.219	0.05	Adapter 507Hz	34	0.507	70.00	0.079
250.479	0.05	Adapter 507Hz	34	0.507	70.00	0.079
250.559	0.05	Adapter 507Hz	34	0.507	70.00	0.079
250.639	0.05	Adapter 507Hz	34	0.507	70.00	0.079
250.719	0.05	Adapter 507Hz	34	0.507	70.00	0.079
250.979	0.05	Adapter 507Hz	34	0.507	70.00	0.079
251.059	0.05	Adapter 507Hz	34	0.507	70.00	0.079
251.139	0.05	Adapter 507Hz	34	0.507	70.00	0.079
251.219	0.05	Adapter 507Hz	34	0.507	70.00	0.079
251.479	0.05	Adapter 507Hz	34	0.507	70.00	0.079
251.559	0.05	Adapter 507Hz	34	0.507	70.00	0.079
251.639	0.05	Adapter 507Hz	34	0.507	70.00	0.079
251.719	0.05	Adapter 507Hz	34	0.507	70.00	0.079
251.979	0.05	Adapter 507Hz	34	0.507	70.00	0.079
252.059	0.05	Adapter 507Hz	34	0.507	70.00	0.079
252.139	0.05	Adapter 507Hz	34	0.507	70.00	0.079
252.219	0.05	Adapter 507Hz	34	0.507	70.00	0.079
252.479	0.05	Adapter 507Hz	34	0.507	70.00	0.079
252.559	0.05	Adapter 507Hz	34	0.507	70.00	0.079
252.639	0.05	Adapter 507Hz	34	0.507	70.00	0.079
252.719	0.05	Adapter 507Hz	34	0.507	70.00	0.079
252.979	0.05	Adapter 507Hz	34	0.507	70.00	0.079
253.059	0.05	Adapter 507Hz	34	0.507	70.00	0.079
253.139	0.05	Adapter 507Hz	34	0.507	70.00	0.079
253.219	0.05	Adapter 507Hz	34	0.507	70.00	0.079
253.479	0.05	Adapter 507Hz	34	0.507	70.00	0.079
253.559	0.05	Adapter 507Hz	34	0.507	70.00	0.079
253.639	0.05	Adapter 507Hz	34	0.507	70.00	0.079
253.719	0.05	Adapter 507Hz	34	0.507	70.00	0.079
253.979	0.05	Adapter 507Hz	34	0.507	70.00	0.079
254.059	0.05	Adapter 507Hz	34	0.507	70.00	0.079
254.139	0.05	Adapter 507Hz	34	0.507	70.00	0.079
254.219	0.05	Adapter 507Hz	34	0.507	70.00	0.079
254.479	0.05	Adapter 507Hz	34	0.507	70.00	0.079
254.559	0.05	Adapter 507Hz	34	0.507	70.00	0.079
254.639	0.05	Adapter 507Hz	34	0.507	70.00	0.079
254.719	0.05	Adapter 507Hz	34	0.507	70.00	0.079
264.971	0.05	Adapter 251Hz	36	0.251	70.00	0.052
265.051	0.05	Adapter 251Hz	36	0.251	70.00	0.052
265.131	0.05	Adapter 251Hz	36	0.251	70.00	0.052
265.211	0.05	Adapter 251Hz	36	0.251	70.00	0.052
265.471	0.05	Adapter 251Hz	36	0.251	70.00	0.052
265.551	0.05	Adapter 251Hz	36	0.251	70.00	0.052
265.631	0.05	Adapter 251Hz	36	0.251	70.00	0.052
265.711	0.05	Adapter 251Hz	36	0.251	70.00	0.052
265.971	0.05	Adapter 251Hz	36	0.251	70.00	0.052
266.051	0.05	Adapter 251Hz	36	0.251	70.00	0.052
266.131	0.05	Adapter 251Hz	36	0.251	70.00	0.052
266.211	0.05	Adapter 251Hz	36	0.251	70.00	0.052
266.471	0.05	Adapter 251Hz	36	0.251	70.00	0.052
266.551	0.05	Adapter 251Hz	36	0.251	70.00	0.052
266.631	0.05	Adapter 251Hz	36	0.251	70.00	0.052
266.711	0.05	Adapter 251Hz	36	0.251	70.00	0.052
266.971	0.05	Adapter 251Hz	36	0.251	70.00	0.052
267.051	0.05	Adapter 251Hz	36	0.251	70.00	0.052
267.131	0.05	Adapter 251Hz	36	0.251	70.00	0.052
267.211	0.05	Adapter 251Hz	36	0.251	70.00	0.052
267.471	0.05	Adapter 251Hz	36	0.251	70.00	0.052
267.551	0.05	Adapter 251Hz	36	0.251	70.00	0.052
267.631	0.05	Adapter 251Hz	36	0.251	70.00	0.052
267.711	0.05	Adapter 251Hz	36	0.251	70.00	0.052
267.971	0.05	Adapter 251Hz	36	0.251	70.00	0.052
268.051	0.05	Adapter 251Hz	36	0.251	70.00	0.052
268.131	0.05	Adapter 251Hz	36	0.251	70.00	0.052
268.211	0.05	Adapter 251Hz	36	0.251	70.00	0.052
268.471	0.05	Adapter 251Hz	36	0.251	70.00	0.052
268.551	0.05	Adapter 251Hz	36	0.251	70.00	0.052
268.631	0.05	Adapter 251Hz	36	0.251	70.00	0.052
268.711	0.05	Adapter 251Hz	36	0.251	70.00	0.052
268.971	0.05	Adapter 251Hz	36	0.251	70.00	0.052
269.051	0.05	Adapter 251Hz	36	0.251	70.00	0.052
269.131	0.05	Adapter 251Hz	36	0.251	70.00	0.052
269.211	0.05	Adapter 251Hz	36	0.251	70.00	0.052
269.471	0.05	Adapter 251Hz	36	0.251	70.00	0.052
269.551	0.05	Adapter 251Hz	36	0.251	70.00	0.052
269.631	0.05	Adapter 251Hz	36	0.251	70.00	0.052
269.711	0.05	Adapter 251Hz	36	0.251	70.00	0.052
272.506	0.05	Adapter 6009Hz	37	6.009	70.00	0.671
272.586	0.05	Adapter 6009Hz	37	6.009	70.00	0.671
272.666	0.05	Adapter 6009Hz	37	6.009	70.00	0.671
272.746	0.05	Adapter 6009Hz	37	6.009	70.00	0.671
273.006	0.05	Adapter 6009Hz	37	6.009	70.00	0.671
273.086	0.05	Adapter 6009Hz	37	6.009	70.00	0.671
273.166	0.05	Adapter 6009Hz	37	6.009	70.00	0.671
273.246	0.05	Adapter 6009Hz	37	6.009	70.00	0.671
273.506	0.05	Adapter 6009Hz	37	6.009	70.00	0.671
273.586	0.05	Adapter 6009Hz	37	6.009	70.00	0.671
273.666	0.05	Adapter 6009Hz	37	6.009	70.00	0.671
273.746	0.05	Adapter 6009Hz	37	6.009	70.00	0.671
274.006	0.05	Adapter 6009Hz	37	6.009	70.00	0.671
274.086	0.05	Adapter 6009Hz	37	6.009	70.00	0.671
274.166	0.05	Adapter 6009Hz	37	6.009	70.00	0.671
274.246	0.05	Adapter 6009Hz	37	6.009	70.00	0.671
274.506	0.05	Adapter 6009Hz	37	6.009	70.00	0.671
274.586	0.05	Adapter 6009Hz	37	6.009	70.00	0.671
274.666	0.05	Adapter 6009Hz	37	6.009	70.00	0.671
274.746	0.05	Adapter 6009Hz	37	6.009	70.00	0.671
275.006	0.05	Adapter 6009Hz	37	6.009	70.00	0.671
275.086	0.05	Adapter 6009Hz	37	6.009	70.00	0.671
275.166	0.05	Adapter 6009Hz	37	6.009	70.00	0.671
275.246	0.05	Adapter 6009Hz	37	6.009	70.00	0.671
275.506	0.05	Adapter 6009Hz	37	6.009	70.00	0.671
275.586	0.05	Adapter 6009Hz	37	6.009	70.00	0.671
275.666	0.05	Adapter 6009Hz	37	6.009	70.00	0.671
275.746	0.05	Adapter 6009Hz	37	6.009	70.00	0.671
276.006	0.05	Adapter 6009Hz	37	6.009	70.00	0.671
276.086	0.05	Adapter 6009Hz	37	6.009	70.00	0.671
276.166	0.05	Adapter 6009Hz	37	6.009	70.00	0.671
276.246	0.05	Adapter 6009Hz	37	6.009	70.00	0.671
276.506	0.05	Adapter 6009Hz	37	6.009	70.00	0.671
276.586	0.05	Adapter 6009Hz	37	6.009	70.00	0.671
276.666	0.05	Adapter 6009Hz	37	6.009	70.00	0.671
276.746	0.05	Adapter 6009Hz	37	6.009	70.00	0.671
277.006	0.05	Adapter 6009Hz	37	6.009	70.00	0.671
277.086	0.05	Adapter 6009Hz	37	6.009	70.00	0.671
277.166	0.05	Adapter 6009Hz	37	6.009	70.00	0.671
277.246	0.05	Adapter 6009Hz	37	6.009	70.00	0.671
279.994	0.05	Adapter 899Hz Probe 3839Hz	38	0.899	70.00	0.121
280.074	0.05	Adapter 899Hz Probe 3839Hz	38	0.899	70.00	0.121
280.154	0.05	Adapter 899Hz Probe 3839Hz	38	0.899	70.00	0.121
280.234	0.05	Adapter 899Hz Probe 3839Hz	38	0.899	70.00	0.121
280.314	0.05	Adapter 899Hz Probe 3839Hz	38	3.839	70.00	0.437
280.494	0.05	Adapter 899Hz Probe 3839Hz	38	0.899	70.00	0.121
280.574	0.05	Adapter 899Hz Probe 3839Hz	38	0.899	70.00	0.121
280.654	0.05	Adapter 899Hz Probe 3839Hz	38	0.899	70.00	0.121
280.734	0.05	Adapter 899Hz Probe 3839Hz	38	0.899	70.00	0.121
280.814	0.05	Adapter 899Hz Probe 3839Hz	38	3.839	70.00	0.437
280.994	0.05	Adapter 899Hz Probe 3839Hz	38	0.899	70.00	0.121
281.074	0.05	Adapter 899Hz Probe 3839Hz	38	0.899	70.00	0.121
281.154	0.05	Adapter 899Hz Probe 3839Hz	38	0.899	70.00	0.121
281.234	0.05	Adapter 899Hz Probe 3839Hz	38	0.899	70.00	0.121
281.314	0.05	Adapter 899Hz Probe 3839Hz	38	3.839	70.00	0.437
281.494	0.05	Adapter 899Hz Probe 3839Hz	38	0.899	70.00	0.121
281.574	0.05	Adapter 899Hz Probe 3839Hz	38	0.899	70.00	0.121
281.654	0.05	Adapter 899Hz Probe 3839Hz	38	0.899	70.00	0.121
281.734	0.05	Adapter 899Hz Probe 3839Hz	38	0.899	70.00	0.121
281.814	0.05	Adapter 899Hz Probe 3839Hz	38	3.839	70.00	0.437
281.994	0.05	Adapter 899Hz Probe 3839Hz	38	0.899	70.00	0.121
282.074	0.05	Adapter 899Hz Probe 3839Hz	38	0.899	70.00	0.121
282.154	0.05	Adapter 899Hz Probe 3839Hz	38	0.899	70.00	0.121
282.234	0.05	Adapter 899Hz Probe 3839Hz	38	0.899	70.00	0.121
282.314	0.05	Adapter 899Hz Probe 3839Hz	38	3.839	70.00	0.437
282.494	0.05	Adapter 899Hz Probe 3839Hz	38	0.899	70.00	0.121
282.574	0.05	Adapter 899Hz Probe 3839Hz	38	0.899	70.00	0.121
282.654	0.05	Adapter 899Hz Probe 3839Hz	38	0.899	70.00	0.121
282.734	0.05	Adapter 899Hz Probe 3839Hz	38	0.899	70.00	0.121
282.814	0.05	Adapter 899Hz Probe 3839Hz	38	3.839	70.00	0.437
282.994	0.05	Adapter 899Hz Probe 3839Hz	38	0.899	70.00	0.121
283.074	0.05	Adapter 899Hz Probe 3839Hz	38	0.899	70.00	0.121
283.154	0.05	Adapter 899Hz Probe 3839Hz	38	0.899	70.00	0.121
283.234	0.05	Adapter 899Hz Probe 3839Hz	38	0.899	70.00	0.121
283.314	0.05	Adapter 899Hz Probe 3839Hz	38	3.839	70.00	0.437
283.494	0.05	Adapter 899Hz Probe 3839Hz	38	0.899	70.00	0.121
283.574	0.05	Adapter 899Hz Probe 3839Hz	38	0.899	70.00	0.121
283.654	0.05	Adapter 899Hz Probe 3839Hz	38	0.899	70.00	0.121
283.734	0.05	Adapter 899Hz Probe 3839Hz	38	0.899	70.00	0.121
283.814	0.05	Adapter 899Hz Probe 3839Hz	38	3.839	70.00	0.437
283.994	0.05	Adapter 899Hz Probe 3839Hz	38	0.899	70.00	0.121
284.074	0.05	Adapter 899Hz Probe 3839Hz	38	0.899	70.00	0.121
284.154	0.05	Adapter 899Hz Probe 3839Hz	38	0.899	70.00	0.121
284.234	0.05	Adapter 899Hz Probe 3839Hz	38	0.899	70.00	0.121
284.314	0.05	Adapter 899Hz Probe 3839Hz	38	3.839	70.00	0.437
284.494	0.05	Adapter 899Hz Probe 3839Hz	38	0.899	70.00	0.121
284.574	0.05	Adapter 899Hz Probe 3839Hz	38	0.899	70.00	0.121
284.654	0.05	Adapter 899Hz Probe 3839Hz	38	0.899	70.00	0.121
284.734	0.05	Adapter 899Hz Probe 3839Hz	38	0.899	70.00	0.121
284.814	0.05	Adapter 899Hz Probe 3839Hz	38	3.839	70.00	0.437
287.466	0.05	Adapter 899Hz	39	0.899	70.00	0.121
287.546	0.05	Adapter 899Hz	39	0.899	70.00	0.121
287.626	0.05	Adapter 899Hz	39	0.899	70.00	0.121
287.706	0.05	Adapter 899Hz	39	0.899	70.00	0.121
287.966	0.05	Adapter 899Hz	39	0.899	70.00	0.121
288.046	0.05	Adapter 899Hz	39	0.899	70.00	0.121
288.126	0.05	Adapter 899Hz	39	0.899	70.00	0.121
288.206	0.05	Adapter 899Hz	39	0.899	70.00	0.121
288.466	0.05	Adapter 899Hz	39	0.899	70.00	0.121
288.546	0.05	Adapter 899Hz	39	0.899	70.00	0.121
288.626	0.05	Adapter 899Hz	39	0.899	70.00	0.121
288.706	0.05	Adapter 899Hz	39	0.899	70.00	0.121
288.966	0.05	Adapter 899Hz	39	0.899	70.00	0.121
289.046	0.05	Adapter 899Hz	39	0.899	70.00	0.121
289.126	0.05	Adapter 899Hz	39	0.899	70.00	0.121
289.206	0.05	Adapter 899Hz	39	0.899	70.00	0.121
289.466	0.05	Adapter 899Hz	39	0.899	70.00	0.121
289.546	0.05	Adapter 899Hz	39	0.899	70.00	0.121
289.626	0.05	Adapter 899Hz	39	0.899	70.00	0.121
289.706	0.05	Adapter 899Hz	39	0.899	70.00	0.121
289.966	0.05	Adapter 899Hz	39	0.899	70.00	0.121
290.046	0.05	Adapter 899Hz	39	0.899	70.00	0.121
290.126	0.05	Adapter 899Hz	39	0.899	70.00	0.121
290.206	0.05	Adapter 899Hz	39	0.899	70.00	0.121
290.466	0.05	Adapter 899Hz	39	0.899	70.00	0.121
290.546	0.05	Adapter 899Hz	39	0.899	70.00	0.121
290.626	0.05	Adapter 899Hz	39	0.899	70.00	0.121
290.706	0.05	Adapter 899Hz	39	0.899	70.00	0.121
290.966	0.05	Adapter 899Hz	39	0.899	70.00	0.121
291.046	0.05	Adapter 899Hz	39	0.899	70.00	0.121
291.126	0.05	Adapter 899Hz	39	0.899	70.00	0.121
291.206	0.05	Adapter 899Hz	39	0.899	70.00	0.121
291.466	0.05	Adapter 899Hz	39	0.899	70.00	0.121
291.546	0.05	Adapter 899Hz	39	0.899	70.00	0.121
291.626	0.05	Adapter 899Hz	39	0.899	70.00	0.121
291.706	0.05	Adapter 899Hz	39	0.899	70.00	0.121
291.966	0.05	Adapter 899Hz	39	0.899	70.00	0.121
292.046	0.05	Adapter 899Hz	39	0.899	70.00	0.121
292.126	0.05	Adapter 899Hz	39	0.899	70.00	0.121
292.206	0.05	Adapter 899Hz	39	0.899	70.00	0.121
295.017	0.05	Adapter 1501Hz Probe 3839Hz	40	1.501	70.00	0.186
295.097	0.05	Adapter 1501Hz Probe 3839Hz	40	1.501	70.00	0.186
295.177	0.05	Adapter 1501Hz Probe 3839Hz	40	1.501	70.00	0.186
295.257	0.05	Adapter 1501Hz Probe 3839Hz	40	1.501	70.00	0.186
295.337	0.05	Adapter 1501Hz Probe 3839Hz	40	3.839	70.00	0.437
295.517	0.05	Adapter 1501Hz Probe 3839Hz	40	1.501	70.00	0.186
295.597	0.05	Adapter 1501Hz Probe 3839Hz	40	1.501	70.00	0.186
295.677	0.05	Adapter 1501Hz Probe 3839Hz	40	1.501	70.00	0.186
295.757	0.05	Adapter 1501Hz Probe 3839Hz	40	1.501	70.00	0.186
295.837	0.05	Adapter 1501Hz Probe 3839Hz	40	3.839	70.00	0.437
296.017	0.05	Adapter 1501Hz Probe 3839Hz	40	1.501	70.00	0.186
296.097	0.05	Adapter 1501Hz Probe 3839Hz	40	1.501	70.00	0.186
296.177	0.05	Adapter 1501Hz Probe 3839Hz	40	1.501	70.00	0.186
296.257	0.05	Adapter 1501Hz Probe 3839Hz	40	1.501	70.00	0.186
296.337	0.05	Adapter 1501Hz Probe 3839Hz	40	3.839	70.00	0.437
296.517	0.05	Adapter 1501Hz Probe 3839Hz	40	1.501	70.00	0.186
296.597	0.05	Adapter 1501Hz Probe 3839Hz	40	1.501	70.00	0.186
296.677	0.05	Adapter 1501Hz Probe 3839Hz	40	1.501	70.00	0.186
296.757	0.05	Adapter 1501Hz Probe 3839Hz	40	1.501	70.00	0.186
296.837	0.05	Adapter 1501Hz Probe 3839Hz	40	3.839	70.00	0.437
297.017	0.05	Adapter 1501Hz Probe 3839Hz	40	1.501	70.00	0.186
297.097	0.05	Adapter 1501Hz Probe 3839Hz	40	1.501	70.00	0.186
297.177	0.05	Adapter 1501Hz Probe 3839Hz	40	1.501	70.00	0.186
297.257	0.05	Adapter 1501Hz Probe 3839Hz	40	1.501	70.00	0.186
297.337	0.05	Adapter 1501Hz Probe 3839Hz	40	3.839	70.00	0.437
297.517	0.05	Adapter 1501Hz Probe 3839Hz	40	1.501	70.00	0.186
297.597	0.05	Adapter 1501Hz Probe 3839Hz	40	1.501	70.00	0.186
297.677	0.05	Adapter 1501Hz Probe 3839Hz	40	1.501	70.00	0.186
297.757	0.05	Adapter 1501Hz Probe 3839Hz	40	1.501	70.00	0.186
297.837	0.05	Adapter 1501Hz Probe 3839Hz	40	3.839	70.00	0.437
298.017	0.05	Adapter 1501Hz Probe 3839Hz	40	1.501	70.00	0.186
298.097	0.05	Adapter 1501Hz Probe 3839Hz	40	1.501	70.00	0.186
298.177	0.05	Adapter 1501Hz Probe 3839Hz	40	1.501	70.00	0.186
298.257	0.05	Adapter 1501Hz Probe 3839Hz	40	1.501	70.00	0.186
298.337	0.05	Adapter 1501Hz Probe 3839Hz	40	3.839	70.00	0.437
298.517	0.05	Adapter 1501Hz Probe 3839Hz	40	1.501	70.00	0.186
298.597	0.05	Adapter 1501Hz Probe 3839Hz	40	1.501	70.00	0.186
298.677	0.05	Adapter 1501Hz Probe 3839Hz	40	1.501	70.00	0.186
298.757	0.05	Adapter 1501Hz Probe 3839Hz	40	1.501	70.00	0.186
298.837	0.05	Adapter 1501Hz Probe 3839Hz	40	3.839	70.00	0.437
299.017	0.05	Adapter 1501Hz Probe 3839Hz	40	1.501	70.00	0.186
299.097	0.05	Adapter 1501Hz Probe 3839Hz	40	1.501	70.00	0.186
299.177	0.05	Adapter 1501Hz Probe 3839Hz	40	1.501	70.00	0.186
299.257	0.05	Adapter 1501Hz Probe 3839Hz	40	1.501	70.00	0.186
299.337	0.05	Adapter 1501Hz Probe 3839Hz	40	3.839	70.00	0.437
299.517	0.05	Adapter 1501Hz Probe 3839Hz	40	1.501	70.00	0.186
299.597	0.05	Adapter 1501Hz Probe 3839Hz	40	1.501	70.00	0.186
299.677	0.05	Adapter 1501Hz Probe 3839Hz	40	1.501	70.00	0.186
299.757	0.05	Adapter 1501Hz Probe 3839Hz	40	1.501	70.00	0.186
299.837	0.05	Adapter 1501Hz Probe 3839Hz	40	3.839	70.00	0.437
302.505	0.05	Adapter 2423Hz	41	2.423	70.00	0.285
302.585	0.05	Adapter 2423Hz	41	2.423	70.00	0.285
302.665	0.05	Adapter 2423Hz	41	2.423	70.00	0.285
302.745	0.05	Adapter 2423Hz	41	2.423	70.00	0.285
303.005	0.05	Adapter 2423Hz	41	2.423	70.00	0.285
303.085	0.05	Adapter 2423Hz	41	2.423	70.00	0.285
303.165	0.05	Adapter 2423Hz	41	2.423	70.00	0.285
303.245	0.05	Adapter 2423Hz	41	2.423	70.00	0.285
303.505	0.05	Adapter 2423Hz	41	2.423	70.00	0.285
303.585	0.05	Adapter 2423Hz	41	2.423	70.00	0.285
303.665	0.05	Adapter 2423Hz	41	2.423	70.00	0.285
303.745	0.05	Adapter 2423Hz	41	2.423	70.00	0.285
304.005	0.05	Adapter 2423Hz	41	2.423	70.00	0.285
304.085	0.05	Adapter 2423Hz	41	2.423	70.00	0.285
304.165	0.05	Adapter 2423Hz	41	2.423	70.00	0.285
304.245	0.05	Adapter 2423Hz	41	2.423	70.00	0.285
304.505	0.05	Adapter 2423Hz	41	2.423	70.00	0.285
304.585	0.05	Adapter 2423Hz	41	2.423	70.00	0.285
304.665	0.05	Adapter 2423Hz	41	2.423	70.00	0.285
304.745	0.05	Adapter 2423Hz	41	2.423	70.00	0.285
305.005	0.05	Adapter 2423Hz	41	2.423	70.00	0.285
305.085	0.05	Adapter 2423Hz	41	2.423	70.00	0.285
305.165	0.05	Adapter 2423Hz	41	2.423	70.00	0.285
305.245	0.05	Adapter 2423Hz	41	2.423	70.00	0.285
305.505	0.05	Adapter 2423Hz	41	2.423	70.00	0.285
305.585	0.05	Adapter 2423Hz	41	2.423	70.00	0.285
305.665	0.05	Adapter 2423Hz	41	2.423	70.00	0.285
305.745	0.05	Adapter 2423Hz	41	2.423	70.00	0.285
306.005	0.05	Adapter 2423Hz	41	2.423	70.00	0.285
306.085	0.05	Adapter 2423Hz	41	2.423	70.00	0.285
306.165	0.05	Adapter 2423Hz	41	2.423	70.00	0.285
306.245	0.05	Adapter 2423Hz	41	2.423	70.00	0.285
306.505	0.05	Adapter 2423Hz	41	2.423	70.00	0.285
306.585	0.05	Adapter 2423Hz	41	2.423	70.00	0.285
306.665	0.05	Adapter 2423Hz	41	2.423	70.00	0.285
306.745	0.05	Adapter 2423Hz	41	2.423	70.00	0.285
307.005	0.05	Adapter 2423Hz	41	2.423	70.00	0.285
307.085	0.05	Adapter 2423Hz	41	2.423	70.00	0.285
307.165	0.05	Adapter 2423Hz	41	2.423	70.00	0.285
307.245	0.05	Adapter 2423Hz	41	2.423	70.00	0.285
309.993	0.05	Adapter 3839Hz Probe 3839Hz	42	3.839	70.00	0.437
310.073	0.05	Adapter 3839Hz Probe 3839Hz	42	3.839	70.00	0.437
310.153	0.05	Adapter 3839Hz Probe 3839Hz	42	3.839	70.00	0.437
310.233	0.05	Adapter 3839Hz Probe 3839Hz	42	3.839	70.00	0.437
310.313	0.05	Adapter 3839Hz Probe 3839Hz	42	3.839	70.00	0.437
310.493	0.05	Adapter 3839Hz Probe 3839Hz	42	3.839	70.00	0.437
310.573	0.05	Adapter 3839Hz Probe 3839Hz	42	3.839	70.00	0.437
310.653	0.05	Adapter 3839Hz Probe 3839Hz	42	3.839	70.00	0.437
310.733	0.05	Adapter 3839Hz Probe 3839Hz	42	3.839	70.00	0.437
310.813	0.05	Adapter 3839Hz Probe 3839Hz	42	3.839	70.00	0.437
310.993	0.05	Adapter 3839Hz Probe 3839Hz	42	3.839	70.00	0.437
311.073	0.05	Adapter 3839Hz Probe 3839Hz	42	3.839	70.00	0.437
311.153	0.05	Adapter 3839Hz Probe 3839Hz	42	3.839	70.00	0.437
311.233	0.05	Adapter 3839Hz Probe 3839Hz	42	3.839	70.00	0.437
311.313	0.05	Adapter 3839Hz Probe 3839Hz	42	3.839	70.00	0.437
311.493	0.05	Adapter 3839Hz Probe 3839Hz	42	3.839	70.00	0.437
311.573	0.05	Adapter 3839Hz Probe 3839Hz	42	3.839	70.00	0.437
311.653	0.05	Adapter 3839Hz Probe 3839Hz	42	3.839	70.00	0.437
311.733	0.05	Adapter 3839Hz Probe 3839Hz	42	3.839	70.00	0.437
311.813	0.05	Adapter 3839Hz Probe 3839Hz	42	3.839	70.00	0.437
311.993	0.05	Adapter 3839Hz Probe 3839Hz	42	3.839	70.00	0.437
312.073	0.05	Adapter 3839Hz Probe 3839Hz	42	3.839	70.00	0.437
312.153	0.05	Adapter 3839Hz Probe 3839Hz	42	3.839	70.00	0.437
312.233	0.05	Adapter 3839Hz Probe 3839Hz	42	3.839	70.00	0.437
312.313	0.05	Adapter 3839Hz Probe 3839Hz	42	3.839	70.00	0.437
312.493	0.05	Adapter 3839Hz Probe 3839Hz	42	3.839	70.00	0.437
312.573	0.05	Adapter 3839Hz Probe 3839Hz	42	3.839	70.00	0.437
312.653	0.05	Adapter 3839Hz Probe 3839Hz	42	3.839	70.00	0.437
312.733	0.05	Adapter 3839Hz Probe 3839Hz	42	3.839	70.00	0.437
312.813	0.05	Adapter 3839Hz Probe 3839Hz	42	3.839	70.00	0.437
312.993	0.05	Adapter 3839Hz Probe 3839Hz	42	3.839	70.00	0.437
313.073	0.05	Adapter 3839Hz Probe 3839Hz	42	3.839	70.00	0.437
313.153	0.05	Adapter 3839Hz Probe 3839Hz	42	3.839	70.00	0.437
313.233	0.05	Adapter 3839Hz Probe 3839Hz	42	3.839	70.00	0.437
313.313	0.05	Adapter 3839Hz Probe 3839Hz	42	3.839	70.00	0.437
313.493	0.05	Adapter 3839Hz Probe 3839Hz	42	3.839	70.00	0.437
313.573	0.05	Adapter 3839Hz Probe 3839Hz	42	3.839	70.00	0.437
313.653	0.05	Adapter 3839Hz Probe 3839Hz	42	3.839	70.00	0.437
313.733	0.05	Adapter 3839Hz Probe 3839Hz	42	3.839	70.00	0.437
313.813	0.05	Adapter 3839Hz Probe 3839Hz	42	3.839	70.00	0.437
313.993	0.05	Adapter 3839Hz Probe 3839Hz	42	3.839	70.00	0.437
314.073	0.05	Adapter 3839Hz Probe 3839Hz	42	3.839	70.00	0.437
314.153	0.05	Adapter 3839Hz Probe 3839Hz	42	3.839	70.00	0.437
314.233	0.05	Adapter 3839Hz Probe 3839Hz	42	3.839	70.00	0.437
314.313	0.05	Adapter 3839Hz Probe 3839Hz	42	3.839	70.00	0.437
314.493	0.05	Adapter 3839Hz Probe 3839Hz	42	3.839	70.00	0.437
314.573	0.05	Adapter 3839Hz Probe 3839Hz	42	3.839	70.00	0.437
314.653	0.05	Adapter 3839Hz Probe 3839Hz	42	3.839	70.00	0.437
314.733	0.05	Adapter 3839Hz Probe 3839Hz	42	3.839	70.00	0.437
314.813	0.05	Adapter 3839Hz Probe 3839Hz	42	3.839	70.00	0.437
317.481	0.05	Adapter 507Hz Probe 3839Hz	43	0.507	70.00	0.079
317.561	0.05	Adapter 507Hz Probe 3839Hz	43	0.507	70.00	0.079
317.641	0.05	Adapter 507Hz Probe 3839Hz	43	0.507	70.00	0.079
317.721	0.05	Adapter 507Hz Probe 3839Hz	43	0.507	70.00	0.079
317.801	0.05	Adapter 507Hz Probe 3839Hz	43	3.839	70.00	0.437
317.981	0.05	Adapter 507Hz Probe 3839Hz	43	0.507	70.00	0.079
318.061	0.05	Adapter 507Hz Probe 3839Hz	43	0.507	70.00	0.079
318.141	0.05	Adapter 507Hz Probe 3839Hz	43	0.507	70.00	0.079
318.221	0.05	Adapter 507Hz Probe 3839Hz	43	0.507	70.00	0.079
318.301	0.05	Adapter 507Hz Probe 3839Hz	43	3.839	70.00	0.437
318.481	0.05	Adapter 507Hz Probe 3839Hz	43	0.507	70.00	0.079
318.561	0.05	Adapter 507Hz Probe 3839Hz	43	0.507	70.00	0.079
318.641	0.05	Adapter 507Hz Probe 3839Hz	43	0.507	70.00	0.079
318.721	0.05	Adapter 507Hz Probe 3839Hz	43	0.507	70.00	0.079
318.801	0.05	Adapter 507Hz Probe 3839Hz	43	3.839	70.00	0.437
318.981	0.05	Adapter 507Hz Probe 3839Hz	43	0.507	70.00	0.079
319.061	0.05	Adapter 507Hz Probe 3839Hz	43	0.507	70.00	0.079
319.141	0.05	Adapter 507Hz Probe 3839Hz	43	0.507	70.00	0.079
319.221	0.05	Adapter 507Hz Probe 3839Hz	43	0.507	70.00	0.079
319.301	0.05	Adapter 507Hz Probe 3839Hz	43	3.839	70.00	0.437
319.481	0.05	Adapter 507Hz Probe 3839Hz	43	0.507	70.00	0.079
319.561	0.05	Adapter 507Hz Probe 3839Hz	43	0.507	70.00	0.079
319.641	0.05	Adapter 507Hz Probe 3839Hz	43	0.507	70.00	0.079
319.721	0.05	Adapter 507Hz Probe 3839Hz	43	0.507	70.00	0.079
319.801	0.05	Adapter 507Hz Probe 3839Hz	43	3.839	70.00	0.437
319.981	0.05	Adapter 507Hz Probe 3839Hz	43	0.507	70.00	0.079
320.061	0.05	Adapter 507Hz Probe 3839Hz	43	0.507	70.00	0.079
320.141	0.05	Adapter 507Hz Probe 3839Hz	43	0.507	70.00	0.079
320.221	0.05	Adapter 507Hz Probe 3839Hz	43	0.507	70.00	0.079
320.301	0.05	Adapter 507Hz Probe 3839Hz	43	3.839	70.00	0.437
320.481	0.05	Adapter 507Hz Probe 3839Hz	43	0.507	70.00	0.079
320.561	0.05	Adapter 507Hz Probe 3839Hz	43	0.507	70.00	0.079
320.641	0.05	Adapter 507Hz Probe 3839Hz	43	0.507	70.00	0.079
320.721	0.05	Adapter 507Hz Probe 3839Hz	43	0.507	70.00	0.079
320.801	0.05	Adapter 507Hz Probe 3839Hz	43	3.839	70.00	0.437
320.981	0.05	Adapter 507Hz Probe 3839Hz	43	0.507	70.00	0.079
321.061	0.05	Adapter 507Hz Probe 3839Hz	43	0.507	70.00	0.079
321.141	0.05	Adapter 507Hz Probe 3839Hz	43	0.507	70.00	0.079
321.221	0.05	Adapter 507Hz Probe 3839Hz	43	0.507	70.00	0.079
321.301	0.05	Adapter 507Hz Probe 3839Hz	43	3.839	70.00	0.437
321.481	0.05	Adapter 507Hz Probe 3839Hz	43	0.507	70.00	0.079
321.561	0.05	Adapter 507Hz Probe 3839Hz	43	0.507	70.00	0.079
321.641	0.05	Adapter 507Hz Probe 3839Hz	43	0.507	70.00	0.079
321.721	0.05	Adapter 507Hz Probe 3839Hz	43	0.507	70.00	0.079
321.801	0.05	Adapter 507Hz Probe 3839Hz	43	3.839	70.00	0.437
321.981	0.05	Adapter 507Hz Probe 3839Hz	43	0.507	70.00	0.079
322.061	0.05	Adapter 507Hz Probe 3839Hz	43	0.507	70.00	0.079
322.141	0.05	Adapter 507Hz Probe 3839Hz	43	0.507	70.00	0.079
322.221	0.05	Adapter 507Hz Probe 3839Hz	43	0.507	70.00	0.079
322.301	0.05	Adapter 507Hz Probe 3839Hz	43	3.839	70.00	0.437
324.969	0.05	Adapter 3839Hz	44	3.839	70.00	0.437
325.049	0.05	Adapter 3839Hz	44	3.839	70.00	0.437
325.129	0.05	Adapter 3839Hz	44	3.839	70.00	0.437
325.209	0.05	Adapter 3839Hz	44	3.839	70.00	0.437
325.469	0.05	Adapter 3839Hz	44	3.839	70.00	0.437
325.549	0.05	Adapter 3839Hz	44	3.839	70.00	0.437
325.629	0.05	Adapter 3839Hz	44	3.839	70.00	0.437
325.709	0.05	Adapter 3839Hz	44	3.839	70.00	0.437
325.969	0.05	Adapter 3839Hz	44	3.839	70.00	0.437
326.049	0.05	Adapter 3839Hz	44	3.839	70.00	0.437
326.129	0.05	Adapter 3839Hz	44	3.839	70.00	0.437
326.209	0.05	Adapter 3839Hz	44	3.839	70.00	0.437
326.469	0.05	Adapter 3839Hz	44	3.839	70.00	0.437
326.549	0.05	Adapter 3839Hz	44	3.839	70.00	0.437
326.629	0.05	Adapter 3839Hz	44	3.839	70.00	0.437
326.709	0.05	Adapter 3839Hz	44	3.839	70.00	0.437
326.969	0.05	Adapter 3839Hz	44	3.839	70.00	0.437
327.049	0.05	Adapter 3839Hz	44	3.839	70.00	0.437
327.129	0.05	Adapter 3839Hz	44	3.839	70.00	0.437
327.209	0.05	Adapter 3839Hz	44	3.839	70.00	0.437
327.469	0.05	Adapter 3839Hz	44	3.839	70.00	0.437
327.549	0.05	Adapter 3839Hz	44	3.839	70.00	0.437
327.629	0.05	Adapter 3839Hz	44	3.839	70.00	0.437
327.709	0.05	Adapter 3839Hz	44	3.839	70.00	0.437
327.969	0.05	Adapter 3839Hz	44	3.839	70.00	0.437
328.049	0.05	Adapter 3839Hz	44	3.839	70.00	0.437
328.129	0.05	Adapter 3839Hz	44	3.839	70.00	0.437
328.209	0.05	Adapter 3839Hz	44	3.839	70.00	0.437
328.469	0.05	Adapter 3839Hz	44	3.839	70.00	0.437
328.549	0.05	Adapter 3839Hz	44	3.839	70.00	0.437
328.629	0.05	Adapter 3839Hz	44	3.839	70.00	0.437
328.709	0.05	Adapter 3839Hz	44	3.839	70.00	0.437
328.969	0.05	Adapter 3839Hz	44	3.839	70.00	0.437
329.049	0.05	Adapter 3839Hz	44	3.839	70.00	0.437
329.129	0.05	Adapter 3839Hz	44	3.839	70.00	0.437
329.209	0.05	Adapter 3839Hz	44	3.839	70.00	0.437
329.469	0.05	Adapter 3839Hz	44	3.839	70.00	0.437
329.549	0.05	Adapter 3839Hz	44	3.839	70.00	0.437
329.629	0.05	Adapter 3839Hz	44	3.839	70.00	0.437
329.709	0.05	Adapter 3839Hz	44	3.839	70.00	0.437
332.503	0.05	Adapter 1501Hz	45	1.501	70.00	0.186
332.583	0.05	Adapter 1501Hz	45	1.501	70.00	0.186
332.663	0.05	Adapter 1501Hz	45	1.501	70.00	0.186
332.743	0.05	Adapter 1501Hz	45	1.501	70.00	0.186
333.003	0.05	Adapter 1501Hz	45	1.501	70.00	0.186
333.083	0.05	Adapter 1501Hz	45	1.501	70.00	0.186
333.163	0.05	Adapter 1501Hz	45	1.501	70.00	0.186
333.243	0.05	Adapter 1501Hz	45	1.501	70.00	0.186
333.503	0.05	Adapter 1501Hz	45	1.501	70.00	0.186
333.583	0.05	Adapter 1501Hz	45	1.501	70.00	0.186
333.663	0.05	Adapter 1501Hz	45	1.501	70.00	0.186
333.743	0.05	Adapter 1501Hz	45	1.501	70.00	0.186
334.003	0.05	Adapter 1501Hz	45	1.501	70.00	0.186
334.083	0.05	Adapter 1501Hz	45	1.501	70.00	0.186
334.163	0.05	Adapter 1501Hz	45	1.501	70.00	0.186
334.243	0.05	Adapter 1501Hz	45	1.501	70.00	0.186
334.503	0.05	Adapter 1501Hz	45	1.501	70.00	0.186
334.583	0.05	Adapter 1501Hz	45	1.501	70.00	0.186
334.663	0.05	Adapter 1501Hz	45	1.501	70.00	0.186
334.743	0.05	Adapter 1501Hz	45	1.501	70.00	0.186
335.003	0.05	Adapter 1501Hz	45	1.501	70.00	0.186
335.083	0.05	Adapter 1501Hz	45	1.501	70.00	0.186
335.163	0.05	Adapter 1501Hz	45	1.501	70.00	0.186
335.243	0.05	Adapter 1501Hz	45	1.501	70.00	0.186
335.503	0.05	Adapter 1501Hz	45	1.501	70.00	0.186
335.583	0.05	Adapter 1501Hz	45	1.501	70.00	0.186
335.663	0.05	Adapter 1501Hz	45	1.501	70.00	0.186
335.743	0.05	Adapter 1501Hz	45	1.501	70.00	0.186
336.003	0.05	Adapter 1501Hz	45	1.501	70.00	0.186
336.083	0.05	Adapter 1501Hz	45	1.501	70.00	0.186
336.163	0.05	Adapter 1501Hz	45	1.501	70.00	0.186
336.243	0.05	Adapter 1501Hz	45	1.501	70.00	0.186
336.503	0.05	Adapter 1501Hz	45	1.501	70.00	0.186
336.583	0.05	Adapter 1501Hz	45	1.501	70.00	0.186
336.663	0.05	Adapter 1501Hz	45	1.501	70.00	0.186
336.743	0.05	Adapter 1501Hz	45	1.501	70.00	0.186
337.003	0.05	Adapter 1501Hz	45	1.501	70.00	0.186
337.083	0.05	Adapter 1501Hz	45	1.501	70.00	0.186
337.163	0.05	Adapter 1501Hz	45	1.501	70.00	0.186
337.243	0.05	Adapter 1501Hz	45	1.501	70.00	0.186
339.991	0.05	Adapter 2423Hz Probe 3839Hz	46	2.423	70.00	0.285
340.071	0.05	Adapter 2423Hz Probe 3839Hz	46	2.423	70.00	0.285
340.151	0.05	Adapter 2423Hz Probe 3839Hz	46	2.423	70.00	0.285
340.231	0.05	Adapter 2423Hz Probe 3839Hz	46	2.423	70.00	0.285
340.311	0.05	Adapter 2423Hz Probe 3839Hz	46	3.839	70.00	0.437
340.491	0.05	Adapter 2423Hz Probe 3839Hz	46	2.423	70.00	0.285
340.571	0.05	Adapter 2423Hz Probe 3839Hz	46	2.423	70.00	0.285
340.651	0.05	Adapter 2423Hz Probe 3839Hz	46	2.423	70.00	0.285
340.731	0.05	Adapter 2423Hz Probe 3839Hz	46	2.423	70.00	0.285
340.811	0.05	Adapter 2423Hz Probe 3839Hz	46	3.839	70.00	0.437
340.991	0.05	Adapter 2423Hz Probe 3839Hz	46	2.423	70.00	0.285
341.071	0.05	Adapter 2423Hz Probe 3839Hz	46	2.423	70.00	0.285
341.151	0.05	Adapter 2423Hz Probe 3839Hz	46	2.423	70.00	0.285
341.231	0.05	Adapter 2423Hz Probe 3839Hz	46	2.423	70.00	0.285
341.311	0.05	Adapter 2423Hz Probe 3839Hz	46	3.839	70.00	0.437
341.491	0.05	Adapter 2423Hz Probe 3839Hz	46	2.423	70.00	0.285
341.571	0.05	Adapter 2423Hz Probe 3839Hz	46	2.423	70.00	0.285
341.651	0.05	Adapter 2423Hz Probe 3839Hz	46	2.423	70.00	0.285
341.731	0.05	Adapter 2423Hz Probe 3839Hz	46	2.423	70.00	0.285
341.811	0.05	Adapter 2423Hz Probe 3839Hz	46	3.839	70.00	0.437
341.991	0.05	Adapter 2423Hz Probe 3839Hz	46	2.423	70.00	0.285
342.071	0.05	Adapter 2423Hz Probe 3839Hz	46	2.423	70.00	0.285
342.151	0.05	Adapter 2423Hz Probe 3839Hz	46	2.423	70.00	0.285
342.231	0.05	Adapter 2423Hz Probe 3839Hz	46	2.423	70.00	0.285
342.311	0.05	Adapter 2423Hz Probe 3839Hz	46	3.839	70.00	0.437
342.491	0.05	Adapter 2423Hz Probe 3839Hz	46	2.423	70.00	0.285
342.571	0.05	Adapter 2423Hz Probe 3839Hz	46	2.423	70.00	0.285
342.651	0.05	Adapter 2423Hz Probe 3839Hz	46	2.423	70.00	0.285
342.731	0.05	Adapter 2423Hz Probe 3839Hz	46	2.423	70.00	0.285
342.811	0.05	Adapter 2423Hz Probe 3839Hz	46	3.839	70.00	0.437
342.991	0.05	Adapter 2423Hz Probe 3839Hz	46	2.423	70.00	0.285
343.071	0.05	Adapter 2423Hz Probe 3839Hz	46	2.423	70.00	0.285
343.151	0.05	Adapter 2423Hz Probe 3839Hz	46	2.423	70.00	0.285
343.231	0.05	Adapter 2423Hz Probe 3839Hz	46	2.423	70.00	0.285
343.311	0.05	Adapter 2423Hz Probe 3839Hz	46	3.839	70.00	0.437
343.491	0.05	Adapter 2423Hz Probe 3839Hz	46	2.423	70.00	0.285
343.571	0.05	Adapter 2423Hz Probe 3839Hz	46	2.423	70.00	0.285
343.651	0.05	Adapter 2423Hz Probe 3839Hz	46	2.423	70.00	0.285
343.731	0.05	Adapter 2423Hz Probe 3839Hz	46	2.423	70.00	0.285
343.811	0.05	Adapter 2423Hz Probe 3839Hz	46	3.839	70.00	0.437
343.991	0.05	Adapter 2423Hz Probe 3839Hz	46	2.423	70.00	0.285
344.071	0.05	Adapter 2423Hz Probe 3839Hz	46	2.423	70.00	0.285
344.151	0.05	Adapter 2423Hz Probe 3839Hz	46	2.423	70.00	0.285
344.231	0.05	Adapter 2423Hz Probe 3839Hz	46	2.423	70.00	0.285
344.311	0.05	Adapter 2423Hz Probe 3839Hz	46	3.839	70.00	0.437
344.491	0.05	Adapter 2423Hz Probe 3839Hz	46	2.423	70.00	0.285
344.571	0.05	Adapter 2423Hz Probe 3839Hz	46	2.423	70.00	0.285
344.651	0.05	Adapter 2423Hz Probe 3839Hz	46	2.423	70.00	0.285
344.731	0.05	Adapter 2423Hz Probe 3839Hz	46	2.423	70.00	0.285
344.811	0.05	Adapter 2423Hz Probe 3839Hz	46	3.839	70.00	0.437
355.287	0.05	Probe 3839Hz	48	3.839	70.00	0.437
355.787	0.05	Probe 3839Hz	48	3.839	70.00	0.437
356.287	0.05	Probe 3839Hz	48	3.839	70.00	0.437
356.787	0.05	Probe 3839Hz	48	3.839	70.00	0.437
357.287	0.05	Probe 3839Hz	48	3.839	70.00	0.437
357.787	0.05	Probe 3839Hz	48	3.839	70.00	0.437
358.287	0.05	Probe 3839Hz	48	3.839	70.00	0.437
358.787	0.05	Probe 3839Hz	48	3.839	70.00	0.437
359.287	0.05	Probe 3839Hz	48	3.839	70.00	0.437
359.787	0.05	Probe 3839Hz	48	3.839	70.00	0.437
362.502	0.05	Adapter 3839Hz	49	3.839	70.00	0.437
362.582	0.05	Adapter 3839Hz	49	3.839	70.00	0.437
362.662	0.05	Adapter 3839Hz	49	3.839	70.00	0.437
362.742	0.05	Adapter 3839Hz	49	3.839	70.00	0.437
363.002	0.05	Adapter 3839Hz	49	3.839	70.00	0.437
363.082	0.05	Adapter 3839Hz	49	3.839	70.00	0.437
363.162	0.05	Adapter 3839Hz	49	3.839	70.00	0.437
363.242	0.05	Adapter 3839Hz	49	3.839	70.00	0.437
363.502	0.05	Adapter 3839Hz	49	3.839	70.00	0.437
363.582	0.05	Adapter 3839Hz	49	3.839	70.00	0.437
363.662	0.05	Adapter 3839Hz	49	3.839	70.00	0.437
363.742	0.05	Adapter 3839Hz	49	3.839	70.00	0.437
364.002	0.05	Adapter 3839Hz	49	3.839	70.00	0.437
364.082	0.05	Adapter 3839Hz	49	3.839	70.00	0.437
364.162	0.05	Adapter 3839Hz	49	3.839	70.00	0.437
364.242	0.05	Adapter 3839Hz	49	3.839	70.00	0.437
364.502	0.05	Adapter 3839Hz	49	3.839	70.00	0.437
364.582	0.05	Adapter 3839Hz	49	3.839	70.00	0.437
364.662	0.05	Adapter 3839Hz	49	3.839	70.00	0.437
364.742	0.05	Adapter 3839Hz	49	3.839	70.00	0.437
365.002	0.05	Adapter 3839Hz	49	3.839	70.00	0.437
365.082	0.05	Adapter 3839Hz	49	3.839	70.00	0.437
365.162	0.05	Adapter 3839Hz	49	3.839	70.00	0.437
365.242	0.05	Adapter 3839Hz	49	3.839	70.00	0.437
365.502	0.05	Adapter 3839Hz	49	3.839	70.00	0.437
365.582	0.05	Adapter 3839Hz	49	3.839	70.00	0.437
365.662	0.05	Adapter 3839Hz	49	3.839	70.00	0.437
365.742	0.05	Adapter 3839Hz	49	3.839	70.00	0.437
366.002	0.05	Adapter 3839Hz	49	3.839	70.00	0.437
366.082	0.05	Adapter 3839Hz	49	3.839	70.00	0.437
366.162	0.05	Adapter 3839Hz	49	3.839	70.00	0.437
366.242	0.05	Adapter 3839Hz	49	3.839	70.00	0.437
366.502	0.05	Adapter 3839Hz	49	3.839	70.00	0.437
366.582	0.05	Adapter 3839Hz	49	3.839	70.00	0.437
366.662	0.05	Adapter 3839Hz	49	3.839	70.00	0.437
366.742	0.05	Adapter 3839Hz	49	3.839	70.00	0.437
367.002	0.05	Adapter 3839Hz	49	3.839	70.00	0.437
367.082	0.05	Adapter 3839Hz	49	3.839	70.00	0.437
367.162	0.05	Adapter 3839Hz	49	3.839	70.00	0.437
367.242	0.05	Adapter 3839Hz	49	3.839	70.00	0.437
369.975	0.05	Adapter 2423Hz	50	2.423	70.00	0.285
370.055	0.05	Adapter 2423Hz	50	2.423	70.00	0.285
370.135	0.05	Adapter 2423Hz	50	2.423	70.00	0.285
370.215	0.05	Adapter 2423Hz	50	2.423	70.00	0.285
370.475	0.05	Adapter 2423Hz	50	2.423	70.00	0.285
370.555	0.05	Adapter 2423Hz	50	2.423	70.00	0.285
370.635	0.05	Adapter 2423Hz	50	2.423	70.00	0.285
370.715	0.05	Adapter 2423Hz	50	2.423	70.00	0.285
370.975	0.05	Adapter 2423Hz	50	2.423	70.00	0.285
371.055	0.05	Adapter 2423Hz	50	2.423	70.00	0.285
371.135	0.05	Adapter 2423Hz	50	2.423	70.00	0.285
371.215	0.05	Adapter 2423Hz	50	2.423	70.00	0.285
371.475	0.05	Adapter 2423Hz	50	2.423	70.00	0.285
371.555	0.05	Adapter 2423Hz	50	2.423	70.00	0.285
371.635	0.05	Adapter 2423Hz	50	2.423	70.00	0.285
371.715	0.05	Adapter 2423Hz	50	2.423	70.00	0.285
371.975	0.05	Adapter 2423Hz	50	2.423	70.00	0.285
372.055	0.05	Adapter 2423Hz	50	2.423	70.00	0.285
372.135	0.05	Adapter 2423Hz	50	2.423	70.00	0.285
372.215	0.05	Adapter 2423Hz	50	2.423	70.00	0.285
372.475	0.05	Adapter 2423Hz	50	2.423	70.00	0.285
372.555	0.05	Adapter 2423Hz	50	2.423	70.00	0.285
372.635	0.05	Adapter 2423Hz	50	2.423	70.00	0.285
372.715	0.05	Adapter 2423Hz	50	2.423	70.00	0.285
372.975	0.05	Adapter 2423Hz	50	2.423	70.00	0.285
373.055	0.05	Adapter 2423Hz	50	2.423	70.00	0.285
373.135	0.05	Adapter 2423Hz	50	2.423	70.00	0.285
373.215	0.05	Adapter 2423Hz	50	2.423	70.00	0.285
373.475	0.05	Adapter 2423Hz	50	2.423	70.00	0.285
373.555	0.05	Adapter 2423Hz	50	2.423	70.00	0.285
373.635	0.05	Adapter 2423Hz	50	2.423	70.00	0.285
373.715	0.05	Adapter 2423Hz	50	2.423	70.00	0.285
373.975	0.05	Adapter 2423Hz	50	2.423	70.00	0.285
374.055	0.05	Adapter 2423Hz	50	2.423	70.00	0.285
374.135	0.05	Adapter 2423Hz	50	2.423	70.00	0.285
374.215	0.05	Adapter 2423Hz	50	2.423	70.00	0.285
374.475	0.05	Adapter 2423Hz	50	2.423	70.00	0.285
374.555	0.05	Adapter 2423Hz	50	2.423	70.00	0.285
374.635	0.05	Adapter 2423Hz	50	2.423	70.00	0.285
374.715	0.05	Adapter 2423Hz	50	2.423	70.00	0.285
385.029	0.05	Adapter 1501Hz	52	1.501	70.00	0.186
385.109	0.05	Adapter 1501Hz	52	1.501	70.00	0.186
385.189	0.05	Adapter 1501Hz	52	1.501	70.00	0.186
385.269	0.05	Adapter 1501Hz	52	1.501	70.00	0.186
385.529	0.05	Adapter 1501Hz	52	1.501	70.00	0.186
385.609	0.05	Adapter 1501Hz	52	1.501	70.00	0.186
385.689	0.05	Adapter 1501Hz	52	1.501	70.00	0.186
385.769	0.05	Adapter 1501Hz	52	1.501	70.00	0.186
386.029	0.05	Adapter 1501Hz	52	1.501	70.00	0.186
386.109	0.05	Adapter 1501Hz	52	1.501	70.00	0.186
386.189	0.05	Adapter 1501Hz	52	1.501	70.00	0.186
386.269	0.05	Adapter 1501Hz	52	1.501	70.00	0.186
386.529	0.05	Adapter 1501Hz	52	1.501	70.00	0.186
386.609	0.05	Adapter 1501Hz	52	1.501	70.00	0.186
386.689	0.05	Adapter 1501Hz	52	1.501	70.00	0.186
386.769	0.05	Adapter 1501Hz	52	1.501	70.00	0.186
387.029	0.05	Adapter 1501Hz	52	1.501	70.00	0.186
387.109	0.05	Adapter 1501Hz	52	1.501	70.00	0.186
387.189	0.05	Adapter 1501Hz	52	1.501	70.00	0.186
387.269	0.05	Adapter 1501Hz	52	1.501	70.00	0.186
387.529	0.05	Adapter 1501Hz	52	1.501	70.00	0.186
387.609	0.05	Adapter 1501Hz	52	1.501	70.00	0.186
387.689	0.05	Adapter 1501Hz	52	1.501	70.00	0.186
387.769	0.05	Adapter 1501Hz	52	1.501	70.00	0.186
388.029	0.05	Adapter 1501Hz	52	1.501	70.00	0.186
388.109	0.05	Adapter 1501Hz	52	1.501	70.00	0.186
388.189	0.05	Adapter 1501Hz	52	1.501	70.00	0.186
388.269	0.05	Adapter 1501Hz	52	1.501	70.00	0.186
388.529	0.05	Adapter 1501Hz	52	1.501	70.00	0.186
388.609	0.05	Adapter 1501Hz	52	1.501	70.00	0.186
388.689	0.05	Adapter 1501Hz	52	1.501	70.00	0.186
388.769	0.05	Adapter 1501Hz	52	1.501	70.00	0.186
389.029	0.05	Adapter 1501Hz	52	1.501	70.00	0.186
389.109	0.05	Adapter 1501Hz	52	1.501	70.00	0.186
389.189	0.05	Adapter 1501Hz	52	1.501	70.00	0.186
389.269	0.05	Adapter 1501Hz	52	1.501	70.00	0.186
389.529	0.05	Adapter 1501Hz	52	1.501	70.00	0.186
389.609	0.05	Adapter 1501Hz	52	1.501	70.00	0.186
389.689	0.05	Adapter 1501Hz	52	1.501	70.00	0.186
389.769	0.05	Adapter 1501Hz	52	1.501	70.00	0.186
392.517	0.05	Adapter 2423Hz Probe 3839Hz	53	2.423	70.00	0.285
392.597	0.05	Adapter 2423Hz Probe 3839Hz	53	2.423	70.00	0.285
392.677	0.05	Adapter 2423Hz Probe 3839Hz	53	2.423	70.00	0.285
392.757	0.05	Adapter 2423Hz Probe 3839Hz	53	2.423	70.00	0.285
392.837	0.05	Adapter 2423Hz Probe 3839Hz	53	3.839	70.00	0.437
393.017	0.05	Adapter 2423Hz Probe 3839Hz	53	2.423	70.00	0.285
393.097	0.05	Adapter 2423Hz Probe 3839Hz	53	2.423	70.00	0.285
393.177	0.05	Adapter 2423Hz Probe 3839Hz	53	2.423	70.00	0.285
393.257	0.05	Adapter 2423Hz Probe 3839Hz	53	2.423	70.00	0.285
393.337	0.05	Adapter 2423Hz Probe 3839Hz	53	3.839	70.00	0.437
393.517	0.05	Adapter 2423Hz Probe 3839Hz	53	2.423	70.00	0.285
393.597	0.05	Adapter 2423Hz Probe 3839Hz	53	2.423	70.00	0.285
393.677	0.05	Adapter 2423Hz Probe 3839Hz	53	2.423	70.00	0.285
393.757	0.05	Adapter 2423Hz Probe 3839Hz	53	2.423	70.00	0.285
393.837	0.05	Adapter 2423Hz Probe 3839Hz	53	3.839	70.00	0.437
394.017	0.05	Adapter 2423Hz Probe 3839Hz	53	2.423	70.00	0.285
394.097	0.05	Adapter 2423Hz Probe 3839Hz	53	2.423	70.00	0.285
394.177	0.05	Adapter 2423Hz Probe 3839Hz	53	2.423	70.00	0.285
394.257	0.05	Adapter 2423Hz Probe 3839Hz	53	2.423	70.00	0.285
394.337	0.05	Adapter 2423Hz Probe 3839Hz	53	3.839	70.00	0.437
394.517	0.05	Adapter 2423Hz Probe 3839Hz	53	2.423	70.00	0.285
394.597	0.05	Adapter 2423Hz Probe 3839Hz	53	2.423	70.00	0.285
394.677	0.05	Adapter 2423Hz Probe 3839Hz	53	2.423	70.00	0.285
394.757	0.05	Adapter 2423Hz Probe 3839Hz	53	2.423	70.00	0.285
394.837	0.05	Adapter 2423Hz Probe 3839Hz	53	3.839	70.00	0.437
395.017	0.05	Adapter 2423Hz Probe 3839Hz	53	2.423	70.00	0.285
395.097	0.05	Adapter 2423Hz Probe 3839Hz	53	2.423	70.00	0.285
395.177	0.05	Adapter 2423Hz Probe 3839Hz	53	2.423	70.00	0.285
395.257	0.05	Adapter 2423Hz Probe 3839Hz	53	2.423	70.00	0.285
395.337	0.05	Adapter 2423Hz Probe 3839Hz	53	3.839	70.00	0.437
395.517	0.05	Adapter 2423Hz Probe 3839Hz	53	2.423	70.00	0.285
395.597	0.05	Adapter 2423Hz Probe 3839Hz	53	2.423	70.00	0.285
395.677	0.05	Adapter 2423Hz Probe 3839Hz	53	2.423	70.00	0.285
395.757	0.05	Adapter 2423Hz Probe 3839Hz	53	2.423	70.00	0.285
395.837	0.05	Adapter 2423Hz Probe 3839Hz	53	3.839	70.00	0.437
396.017	0.05	Adapter 2423Hz Probe 3839Hz	53	2.423	70.00	0.285
396.097	0.05	Adapter 2423Hz Probe 3839Hz	53	2.423	70.00	0.285
396.177	0.05	Adapter 2423Hz Probe 3839Hz	53	2.423	70.00	0.285
396.257	0.05	Adapter 2423Hz Probe 3839Hz	53	2.423	70.00	0.285
396.337	0.05	Adapter 2423Hz Probe 3839Hz	53	3.839	70.00	0.437
396.517	0.05	Adapter 2423Hz Probe 3839Hz	53	2.423	70.00	0.285
396.597	0.05	Adapter 2423Hz Probe 3839Hz	53	2.423	70.00	0.285
396.677	0.05	Adapter 2423Hz Probe 3839Hz	53	2.423	70.00	0.285
396.757	0.05	Adapter 2423Hz Probe 3839Hz	53	2.423	70.00	0.285
396.837	0.05	Adapter 2423Hz Probe 3839Hz	53	3.839	70.00	0.437
397.017	0.05	Adapter 2423Hz Probe 3839Hz	53	2.423	70.00	0.285
397.097	0.05	Adapter 2423Hz Probe 3839Hz	53	2.423	70.00	0.285
397.177	0.05	Adapter 2423Hz Probe 3839Hz	53	2.423	70.00	0.285
397.257	0.05	Adapter 2423Hz Probe 3839Hz	53	2.423	70.00	0.285
397.337	0.05	Adapter 2423Hz Probe 3839Hz	53	3.839	70.00	0.437
400.005	0.05	Adapter 507Hz	54	0.507	70.00	0.079
400.085	0.05	Adapter 507Hz	54	0.507	70.00	0.079
400.165	0.05	Adapter 507Hz	54	0.507	70.00	0.079
400.245	0.05	Adapter 507Hz	54	0.507	70.00	0.079
400.505	0.05	Adapter 507Hz	54	0.507	70.00	0.079
400.585	0.05	Adapter 507Hz	54	0.507	70.00	0.079
400.665	0.05	Adapter 507Hz	54	0.507	70.00	0.079
400.745	0.05	Adapter 507Hz	54	0.507	70.00	0.079
401.005	0.05	Adapter 507Hz	54	0.507	70.00	0.079
401.085	0.05	Adapter 507Hz	54	0.507	70.00	0.079
401.165	0.05	Adapter 507Hz	54	0.507	70.00	0.079
401.245	0.05	Adapter 507Hz	54	0.507	70.00	0.079
401.505	0.05	Adapter 507Hz	54	0.507	70.00	0.079
401.585	0.05	Adapter 507Hz	54	0.507	70.00	0.079
401.665	0.05	Adapter 507Hz	54	0.507	70.00	0.079
401.745	0.05	Adapter 507Hz	54	0.507	70.00	0.079
402.005	0.05	Adapter 507Hz	54	0.507	70.00	0.079
402.085	0.05	Adapter 507Hz	54	0.507	70.00	0.079
402.165	0.05	Adapter 507Hz	54	0.507	70.00	0.079
402.245	0.05	Adapter 507Hz	54	0.507	70.00	0.079
402.505	0.05	Adapter 507Hz	54	0.507	70.00	0.079
402.585	0.05	Adapter 507Hz	54	0.507	70.00	0.079
402.665	0.05	Adapter 507Hz	54	0.507	70.00	0.079
402.745	0.05	Adapter 507Hz	54	0.507	70.00	0.079
403.005	0.05	Adapter 507Hz	54	0.507	70.00	0.079
403.085	0.05	Adapter 507Hz	54	0.507	70.00	0.079
403.165	0.05	Adapter 507Hz	54	0.507	70.00	0.079
403.245	0.05	Adapter 507Hz	54	0.507	70.00	0.079
403.505	0.05	Adapter 507Hz	54	0.507	70.00	0.079
403.585	0.05	Adapter 507Hz	54	0.507	70.00	0.079
403.665	0.05	Adapter 507Hz	54	0.507	70.00	0.079
403.745	0.05	Adapter 507Hz	54	0.507	70.00	0.079
404.005	0.05	Adapter 507Hz	54	0.507	70.00	0.079
404.085	0.05	Adapter 507Hz	54	0.507	70.00	0.079
404.165	0.05	Adapter 507Hz	54	0.507	70.00	0.079
404.245	0.05	Adapter 507Hz	54	0.507	70.00	0.079
404.505	0.05	Adapter 507Hz	54	0.507	70.00	0.079
404.585	0.05	Adapter 507Hz	54	0.507	70.00	0.079
404.665	0.05	Adapter 507Hz	54	0.507	70.00	0.079
404.745	0.05	Adapter 507Hz	54	0.507	70.00	0.079
414.981	0.05	Adapter 1501Hz Probe 3839Hz	56	1.501	70.00	0.186
415.061	0.05	Adapter 1501Hz Probe 3839Hz	56	1.501	70.00	0.186
415.141	0.05	Adapter 1501Hz Probe 3839Hz	56	1.501	70.00	0.186
415.221	0.05	Adapter 1501Hz Probe 3839Hz	56	1.501	70.00	0.186
415.301	0.05	Adapter 1501Hz Probe 3839Hz	56	3.839	70.00	0.437
415.481	0.05	Adapter 1501Hz Probe 3839Hz	56	1.501	70.00	0.186
415.561	0.05	Adapter 1501Hz Probe 3839Hz	56	1.501	70.00	0.186
415.641	0.05	Adapter 1501Hz Probe 3839Hz	56	1.501	70.00	0.186
415.721	0.05	Adapter 1501Hz Probe 3839Hz	56	1.501	70.00	0.186
415.801	0.05	Adapter 1501Hz Probe 3839Hz	56	3.839	70.00	0.437
415.981	0.05	Adapter 1501Hz Probe 3839Hz	56	1.501	70.00	0.186
416.061	0.05	Adapter 1501Hz Probe 3839Hz	56	1.501	70.00	0.186
416.141	0.05	Adapter 1501Hz Probe 3839Hz	56	1.501	70.00	0.186
416.221	0.05	Adapter 1501Hz Probe 3839Hz	56	1.501	70.00	0.186
416.301	0.05	Adapter 1501Hz Probe 3839Hz	56	3.839	70.00	0.437
416.481	0.05	Adapter 1501Hz Probe 3839Hz	56	1.501	70.00	0.186
416.561	0.05	Adapter 1501Hz Probe 3839Hz	56	1.501	70.00	0.186
416.641	0.05	Adapter 1501Hz Probe 3839Hz	56	1.501	70.00	0.186
416.721	0.05	Adapter 1501Hz Probe 3839Hz	56	1.501	70.00	0.186
416.801	0.05	Adapter 1501Hz Probe 3839Hz	56	3.839	70.00	0.437
416.981	0.05	Adapter 1501Hz Probe 3839Hz	56	1.501	70.00	0.186
417.061	0.05	Adapter 1501Hz Probe 3839Hz	56	1.501	70.00	0.186
417.141	0.05	Adapter 1501Hz Probe 3839Hz	56	1.501	70.00	0.186
417.221	0.05	Adapter 1501Hz Probe 3839Hz	56	1.501	70.00	0.186
417.301	0.05	Adapter 1501Hz Probe 3839Hz	56	3.839	70.00	0.437
417.481	0.05	Adapter 1501Hz Probe 3839Hz	56	1.501	70.00	0.186
417.561	0.05	Adapter 1501Hz Probe 3839Hz	56	1.501	70.00	0.186
417.641	0.05	Adapter 1501Hz Probe 3839Hz	56	1.501	70.00	0.186
417.721	0.05	Adapter 1501Hz Probe 3839Hz	56	1.501	70.00	0.186
417.801	0.05	Adapter 1501Hz Probe 3839Hz	56	3.839	70.00	0.437
417.981	0.05	Adapter 1501Hz Probe 3839Hz	56	1.501	70.00	0.186
418.061	0.05	Adapter 1501Hz Probe 3839Hz	56	1.501	70.00	0.186
418.141	0.05	Adapter 1501Hz Probe 3839Hz	56	1.501	70.00	0.186
418.221	0.05	Adapter 1501Hz Probe 3839Hz	56	1.501	70.00	0.186
418.301	0.05	Adapter 1501Hz Probe 3839Hz	56	3.839	70.00	0.437
418.481	0.05	Adapter 1501Hz Probe 3839Hz	56	1.501	70.00	0.186
418.561	0.05	Adapter 1501Hz Probe 3839Hz	56	1.501	70.00	0.186
418.641	0.05	Adapter 1501Hz Probe 3839Hz	56	1.501	70.00	0.186
418.721	0.05	Adapter 1501Hz Probe 3839Hz	56	1.501	70.00	0.186
418.801	0.05	Adapter 1501Hz Probe 3839Hz	56	3.839	70.00	0.437
418.981	0.05	Adapter 1501Hz Probe 3839Hz	56	1.501	70.00	0.186
419.061	0.05	Adapter 1501Hz Probe 3839Hz	56	1.501	70.00	0.186
419.141	0.05	Adapter 1501Hz Probe 3839Hz	56	1.501	70.00	0.186
419.221	0.05	Adapter 1501Hz Probe 3839Hz	56	1.501	70.00	0.186
419.301	0.05	Adapter 1501Hz Probe 3839Hz	56	3.839	70.00	0.437
419.481	0.05	Adapter 1501Hz Probe 3839Hz	56	1.501	70.00	0.186
419.561	0.05	Adapter 1501Hz Probe 3839Hz	56	1.501	70.00	0.186
419.641	0.05	Adapter 1501Hz Probe 3839Hz	56	1.501	70.00	0.186
419.721	0.05	Adapter 1501Hz Probe 3839Hz	56	1.501	70.00	0.186
419.801	0.05	Adapter 1501Hz Probe 3839Hz	56	3.839	70.00	0.437
422.469	0.05	Adapter 507Hz Probe 3839Hz	57	0.507	70.00	0.079
422.549	0.05	Adapter 507Hz Probe 3839Hz	57	0.507	70.00	0.079
422.629	0.05	Adapter 507Hz Probe 3839Hz	57	0.507	70.00	0.079
422.709	0.05	Adapter 507Hz Probe 3839Hz	57	0.507	70.00	0.079
422.789	0.05	Adapter 507Hz Probe 3839Hz	57	3.839	70.00	0.437
422.969	0.05	Adapter 507Hz Probe 3839Hz	57	0.507	70.00	0.079
423.049	0.05	Adapter 507Hz Probe 3839Hz	57	0.507	70.00	0.079
423.129	0.05	Adapter 507Hz Probe 3839Hz	57	0.507	70.00	0.079
423.209	0.05	Adapter 507Hz Probe 3839Hz	57	0.507	70.00	0.079
423.289	0.05	Adapter 507Hz Probe 3839Hz	57	3.839	70.00	0.437
423.469	0.05	Adapter 507Hz Probe 3839Hz	57	0.507	70.00	0.079
423.549	0.05	Adapter 507Hz Probe 3839Hz	57	0.507	70.00	0.079
423.629	0.05	Adapter 507Hz Probe 3839Hz	57	0.507	70.00	0.079
423.709	0.05	Adapter 507Hz Probe 3839Hz	57	0.507	70.00	0.079
423.789	0.05	Adapter 507Hz Probe 3839Hz	57	3.839	70.00	0.437
423.969	0.05	Adapter 507Hz Probe 3839Hz	57	0.507	70.00	0.079
424.049	0.05	Adapter 507Hz Probe 3839Hz	57	0.507	70.00	0.079
424.129	0.05	Adapter 507Hz Probe 3839Hz	57	0.507	70.00	0.079
424.209	0.05	Adapter 507Hz Probe 3839Hz	57	0.507	70.00	0.079
424.289	0.05	Adapter 507Hz Probe 3839Hz	57	3.839	70.00	0.437
424.469	0.05	Adapter 507Hz Probe 3839Hz	57	0.507	70.00	0.079
424.549	0.05	Adapter 507Hz Probe 3839Hz	57	0.507	70.00	0.079
424.629	0.05	Adapter 507Hz Probe 3839Hz	57	0.507	70.00	0.079
424.709	0.05	Adapter 507Hz Probe 3839Hz	57	0.507	70.00	0.079
424.789	0.05	Adapter 507Hz Probe 3839Hz	57	3.839	70.00	0.437
424.969	0.05	Adapter 507Hz Probe 3839Hz	57	0.507	70.00	0.079
425.049	0.05	Adapter 507Hz Probe 3839Hz	57	0.507	70.00	0.079
425.129	0.05	Adapter 507Hz Probe 3839Hz	57	0.507	70.00	0.079
425.209	0.05	Adapter 507Hz Probe 3839Hz	57	0.507	70.00	0.079
425.289	0.05	Adapter 507Hz Probe 3839Hz	57	3.839	70.00	0.437
425.469	0.05	Adapter 507Hz Probe 3839Hz	57	0.507	70.00	0.079
425.549	0.05	Adapter 507Hz Probe 3839Hz	57	0.507	70.00	0.079
425.629	0.05	Adapter 507Hz Probe 3839Hz	57	0.507	70.00	0.079
425.709	0.05	Adapter 507Hz Probe 3839Hz	57	0.507	70.00	0.079
425.789	0.05	Adapter 507Hz Probe 3839Hz	57	3.839	70.00	0.437
425.969	0.05	Adapter 507Hz Probe 3839Hz	57	0.507	70.00	0.079
426.049	0.05	Adapter 507Hz Probe 3839Hz	57	0.507	70.00	0.079
426.129	0.05	Adapter 507Hz Probe 3839Hz	57	0.507	70.00	0.079
426.209	0.05	Adapter 507Hz Probe 3839Hz	57	0.507	70.00	0.079
426.289	0.05	Adapter 507Hz Probe 3839Hz	57	3.839	70.00	0.437
426.469	0.05	Adapter 507Hz Probe 3839Hz	57	0.507	70.00	0.079
426.549	0.05	Adapter 507Hz Probe 3839Hz	57	0.507	70.00	0.079
426.629	0.05	Adapter 507Hz Probe 3839Hz	57	0.507	70.00	0.079
426.709	0.05	Adapter 507Hz Probe 3839Hz	57	0.507	70.00	0.079
426.789	0.05	Adapter 507Hz Probe 3839Hz	57	3.839	70.00	0.437
426.969	0.05	Adapter 507Hz Probe 3839Hz	57	0.507	70.00	0.079
427.049	0.05	Adapter 507Hz Probe 3839Hz	57	0.507	70.00	0.079
427.129	0.05	Adapter 507Hz Probe 3839Hz	57	0.507	70.00	0.079
427.209	0.05	Adapter 507Hz Probe 3839Hz	57	0.507	70.00	0.079
427.289	0.05	Adapter 507Hz Probe 3839Hz	57	3.839	70.00	0.437
437.523	0.05	Adapter 6009Hz	59	6.009	70.00	0.671
437.603	0.05	Adapter 6009Hz	59	6.009	70.00	0.671
437.683	0.05	Adapter 6009Hz	59	6.009	70.00	0.671
437.763	0.05	Adapter 6009Hz	59	6.009	70.00	0.671
438.023	0.05	Adapter 6009Hz	59	6.009	70.00	0.671
438.103	0.05	Adapter 6009Hz	59	6.009	70.00	0.671
438.183	0.05	Adapter 6009Hz	59	6.009	70.00	0.671
438.263	0.05	Adapter 6009Hz	59	6.009	70.00	0.671
438.523	0.05	Adapter 6009Hz	59	6.009	70.00	0.671
438.603	0.05	Adapter 6009Hz	59	6.009	70.00	0.671
438.683	0.05	Adapter 6009Hz	59	6.009	70.00	0.671
438.763	0.05	Adapter 6009Hz	59	6.009	70.00	0.671
439.023	0.05	Adapter 6009Hz	59	6.009	70.00	0.671
439.103	0.05	Adapter 6009Hz	59	6.009	70.00	0.671
439.183	0.05	Adapter 6009Hz	59	6.009	70.00	0.671
439.263	0.05	Adapter 6009Hz	59	6.009	70.00	0.671
439.523	0.05	Adapter 6009Hz	59	6.009	70.00	0.671
439.603	0.05	Adapter 6009Hz	59	6.009	70.00	0.671
439.683	0.05	Adapter 6009Hz	59	6.009	70.00	0.671
439.763	0.05	Adapter 6009Hz	59	6.009	70.00	0.671
440.023	0.05	Adapter 6009Hz	59	6.009	70.00	0.671
440.103	0.05	Adapter 6009Hz	59	6.009	70.00	0.671
440.183	0.05	Adapter 6009Hz	59	6.009	70.00	0.671
440.263	0.05	Adapter 6009Hz	59	6.009	70.00	0.671
440.523	0.05	Adapter 6009Hz	59	6.009	70.00	0.671
440.603	0.05	Adapter 6009Hz	59	6.009	70.00	0.671
440.683	0.05	Adapter 6009Hz	59	6.009	70.00	0.671
440.763	0.05	Adapter 6009Hz	59	6.009	70.00	0.671
441.023	0.05	Adapter 6009Hz	59	6.009	70.00	0.671
441.103	0.05	Adapter 6009Hz	59	6.009	70.00	0.671
441.183	0.05	Adapter 6009Hz	59	6.009	70.00	0.671
441.263	0.05	Adapter 6009Hz	59	6.009	70.00	0.671
441.523	0.05	Adapter 6009Hz	59	6.009	70.00	0.671
441.603	0.05	Adapter 6009Hz	59	6.009	70.00	0.671
441.683	0.05	Adapter 6009Hz	59	6.009	70.00	0.671
441.763	0.05	Adapter 6009Hz	59	6.009	70.00	0.671
442.023	0.05	Adapter 6009Hz	59	6.009	70.00	0.671
442.103	0.05	Adapter 6009Hz	59	6.009	70.00	0.671
442.183	0.05	Adapter 6009Hz	59	6.009	70.00	0.671
442.263	0.05	Adapter 6009Hz	59	6.009	70.00	0.671
445.011	0.05	Adapter 3839Hz Probe 3839Hz	60	3.839	70.00	0.437
445.091	0.05	Adapter 3839Hz Probe 3839Hz	60	3.839	70.00	0.437
445.171	0.05	Adapter 3839Hz Probe 3839Hz	60	3.839	70.00	0.437
445.251	0.05	Adapter 3839Hz Probe 3839Hz	60	3.839	70.00	0.437
445.331	0.05	Adapter 3839Hz Probe 3839Hz	60	3.839	70.00	0.437
445.511	0.05	Adapter 3839Hz Probe 3839Hz	60	3.839	70.00	0.437
445.591	0.05	Adapter 3839Hz Probe 3839Hz	60	3.839	70.00	0.437
445.671	0.05	Adapter 3839Hz Probe 3839Hz	60	3.839	70.00	0.437
445.751	0.05	Adapter 3839Hz Probe 3839Hz	60	3.839	70.00	0.437
445.831	0.05	Adapter 3839Hz Probe 3839Hz	60	3.839	70.00	0.437
446.011	0.05	Adapter 3839Hz Probe 3839Hz	60	3.839	70.00	0.437
446.091	0.05	Adapter 3839Hz Probe 3839Hz	60	3.839	70.00	0.437
446.171	0.05	Adapter 3839Hz Probe 3839Hz	60	3.839	70.00	0.437
446.251	0.05	Adapter 3839Hz Probe 3839Hz	60	3.839	70.00	0.437
446.331	0.05	Adapter 3839Hz Probe 3839Hz	60	3.839	70.00	0.437
446.511	0.05	Adapter 3839Hz Probe 3839Hz	60	3.839	70.00	0.437
446.591	0.05	Adapter 3839Hz Probe 3839Hz	60	3.839	70.00	0.437
446.671	0.05	Adapter 3839Hz Probe 3839Hz	60	3.839	70.00	0.437
446.751	0.05	Adapter 3839Hz Probe 3839Hz	60	3.839	70.00	0.437
446.831	0.05	Adapter 3839Hz Probe 3839Hz	60	3.839	70.00	0.437
447.011	0.05	Adapter 3839Hz Probe 3839Hz	60	3.839	70.00	0.437
447.091	0.05	Adapter 3839Hz Probe 3839Hz	60	3.839	70.00	0.437
447.171	0.05	Adapter 3839Hz Probe 3839Hz	60	3.839	70.00	0.437
447.251	0.05	Adapter 3839Hz Probe 3839Hz	60	3.839	70.00	0.437
447.331	0.05	Adapter 3839Hz Probe 3839Hz	60	3.839	70.00	0.437
447.511	0.05	Adapter 3839Hz Probe 3839Hz	60	3.839	70.00	0.437
447.591	0.05	Adapter 3839Hz Probe 3839Hz	60	3.839	70.00	0.437
447.671	0.05	Adapter 3839Hz Probe 3839Hz	60	3.839	70.00	0.437
447.751	0.05	Adapter 3839Hz Probe 3839Hz	60	3.839	70.00	0.437
447.831	0.05	Adapter 3839Hz Probe 3839Hz	60	3.839	70.00	0.437
448.011	0.05	Adapter 3839Hz Probe 3839Hz	60	3.839	70.00	0.437
448.091	0.05	Adapter 3839Hz Probe 3839Hz	60	3.839	70.00	0.437
448.171	0.05	Adapter 3839Hz Probe 3839Hz	60	3.839	70.00	0.437
448.251	0.05	Adapter 3839Hz Probe 3839Hz	60	3.839	70.00	0.437
448.331	0.05	Adapter 3839Hz Probe 3839Hz	60	3.839	70.00	0.437
448.511	0.05	Adapter 3839Hz Probe 3839Hz	60	3.839	70.00	0.437
448.591	0.05	Adapter 3839Hz Probe 3839Hz	60	3.839	70.00	0.437
448.671	0.05	Adapter 3839Hz Probe 3839Hz	60	3.839	70.00	0.437
448.751	0.05	Adapter 3839Hz Probe 3839Hz	60	3.839	70.00	0.437
448.831	0.05	Adapter 3839Hz Probe 3839Hz	60	3.839	70.00	0.437
449.011	0.05	Adapter 3839Hz Probe 3839Hz	60	3.839	70.00	0.437
449.091	0.05	Adapter 3839Hz Probe 3839Hz	60	3.839	70.00	0.437
449.171	0.05	Adapter 3839Hz Probe 3839Hz	60	3.839	70.00	0.437
449.251	0.05	Adapter 3839Hz Probe 3839Hz	60	3.839	70.00	0.437
449.331	0.05	Adapter 3839Hz Probe 3839Hz	60	3.839	70.00	0.437
449.511	0.05	Adapter 3839Hz Probe 3839Hz	60	3.839	70.00	0.437
449.591	0.05	Adapter 3839Hz Probe 3839Hz	60	3.839	70.00	0.437
449.671	0.05	Adapter 3839Hz Probe 3839Hz	60	3.839	70.00	0.437
449.751	0.05	Adapter 3839Hz Probe 3839Hz	60	3.839	70.00	0.437
449.831	0.05	Adapter 3839Hz Probe 3839Hz	60	3.839	70.00	0.437
452.499	0.05	Adapter 251Hz	61	0.251	70.00	0.052
452.579	0.05	Adapter 251Hz	61	0.251	70.00	0.052
452.659	0.05	Adapter 251Hz	61	0.251	70.00	0.052
452.739	0.05	Adapter 251Hz	61	0.251	70.00	0.052
452.999	0.05	Adapter 251Hz	61	0.251	70.00	0.052
453.079	0.05	Adapter 251Hz	61	0.251	70.00	0.052
453.159	0.05	Adapter 251Hz	61	0.251	70.00	0.052
453.239	0.05	Adapter 251Hz	61	0.251	70.00	0.052
453.499	0.05	Adapter 251Hz	61	0.251	70.00	0.052
453.579	0.05	Adapter 251Hz	61	0.251	70.00	0.052
453.659	0.05	Adapter 251Hz	61	0.251	70.00	0.052
453.739	0.05	Adapter 251Hz	61	0.251	70.00	0.052
453.999	0.05	Adapter 251Hz	61	0.251	70.00	0.052
454.079	0.05	Adapter 251Hz	61	0.251	70.00	0.052
454.159	0.05	Adapter 251Hz	61	0.251	70.00	0.052
454.239	0.05	Adapter 251Hz	61	0.251	70.00	0.052
454.499	0.05	Adapter 251Hz	61	0.251	70.00	0.052
454.579	0.05	Adapter 251Hz	61	0.251	70.00	0.052
454.659	0.05	Adapter 251Hz	61	0.251	70.00	0.052
454.739	0.05	Adapter 251Hz	61	0.251	70.00	0.052
454.999	0.05	Adapter 251Hz	61	0.251	70.00	0.052
455.079	0.05	Adapter 251Hz	61	0.251	70.00	0.052
455.159	0.05	Adapter 251Hz	61	0.251	70.00	0.052
455.239	0.05	Adapter 251Hz	61	0.251	70.00	0.052
455.499	0.05	Adapter 251Hz	61	0.251	70.00	0.052
455.579	0.05	Adapter 251Hz	61	0.251	70.00	0.052
455.659	0.05	Adapter 251Hz	61	0.251	70.00	0.052
455.739	0.05	Adapter 251Hz	61	0.251	70.00	0.052
455.999	0.05	Adapter 251Hz	61	0.251	70.00	0.052
456.079	0.05	Adapter 251Hz	61	0.251	70.00	0.052
456.159	0.05	Adapter 251Hz	61	0.251	70.00	0.052
456.239	0.05	Adapter 251Hz	61	0.251	70.00	0.052
456.499	0.05	Adapter 251Hz	61	0.251	70.00	0.052
456.579	0.05	Adapter 251Hz	61	0.251	70.00	0.052
456.659	0.05	Adapter 251Hz	61	0.251	70.00	0.052
456.739	0.05	Adapter 251Hz	61	0.251	70.00	0.052
456.999	0.05	Adapter 251Hz	61	0.251	70.00	0.052
457.079	0.05	Adapter 251Hz	61	0.251	70.00	0.052
457.159	0.05	Adapter 251Hz	61	0.251	70.00	0.052
457.239	0.05	Adapter 251Hz	61	0.251	70.00	0.052
459.971	0.05	Adapter 899Hz	62	0.899	70.00	0.121
460.051	0.05	Adapter 899Hz	62	0.899	70.00	0.121
460.131	0.05	Adapter 899Hz	62	0.899	70.00	0.121
460.211	0.05	Adapter 899Hz	62	0.899	70.00	0.121
460.471	0.05	Adapter 899Hz	62	0.899	70.00	0.121
460.551	0.05	Adapter 899Hz	62	0.899	70.00	0.121
460.631	0.05	Adapter 899Hz	62	0.899	70.00	0.121
460.711	0.05	Adapter 899Hz	62	0.899	70.00	0.121
460.971	0.05	Adapter 899Hz	62	0.899	70.00	0.121
461.051	0.05	Adapter 899Hz	62	0.899	70.00	0.121
461.131	0.05	Adapter 899Hz	62	0.899	70.00	0.121
461.211	0.05	Adapter 899Hz	62	0.899	70.00	0.121
461.471	0.05	Adapter 899Hz	62	0.899	70.00	0.121
461.551	0.05	Adapter 899Hz	62	0.899	70.00	0.121
461.631	0.05	Adapter 899Hz	62	0.899	70.00	0.121
461.711	0.05	Adapter 899Hz	62	0.899	70.00	0.121
461.971	0.05	Adapter 899Hz	62	0.899	70.00	0.121
462.051	0.05	Adapter 899Hz	62	0.899	70.00	0.121
462.131	0.05	Adapter 899Hz	62	0.899	70.00	0.121
462.211	0.05	Adapter 899Hz	62	0.899	70.00	0.121
462.471	0.05	Adapter 899Hz	62	0.899	70.00	0.121
462.551	0.05	Adapter 899Hz	62	0.899	70.00	0.121
462.631	0.05	Adapter 899Hz	62	0.899	70.00	0.121
462.711	0.05	Adapter 899Hz	62	0.899	70.00	0.121
462.971	0.05	Adapter 899Hz	62	0.899	70.00	0.121
463.051	0.05	Adapter 899Hz	62	0.899	70.00	0.121
463.131	0.05	Adapter 899Hz	62	0.899	70.00	0.121
463.211	0.05	Adapter 899Hz	62	0.899	70.00	0.121
463.471	0.05	Adapter 899Hz	62	0.899	70.00	0.121
463.551	0.05	Adapter 899Hz	62	0.899	70.00	0.121
463.631	0.05	Adapter 899Hz	62	0.899	70.00	0.121
463.711	0.05	Adapter 899Hz	62	0.899	70.00	0.121
463.971	0.05	Adapter 899Hz	62	0.899	70.00	0.121
464.051	0.05	Adapter 899Hz	62	0.899	70.00	0.121
464.131	0.05	Adapter 899Hz	62	0.899	70.00	0.121
464.211	0.05	Adapter 899Hz	62	0.899	70.00	0.121
464.471	0.05	Adapter 899Hz	62	0.899	70.00	0.121
464.551	0.05	Adapter 899Hz	62	0.899	70.00	0.121
464.631	0.05	Adapter 899Hz	62	0.899	70.00	0.121
464.711	0.05	Adapter 899Hz	62	0.899	70.00	0.121
467.522	0.05	Adapter 899Hz Probe 3839Hz	63	0.899	70.00	0.121
467.602	0.05	Adapter 899Hz Probe 3839Hz	63	0.899	70.00	0.121
467.682	0.05	Adapter 899Hz Probe 3839Hz	63	0.899	70.00	0.121
467.762	0.05	Adapter 899Hz Probe 3839Hz	63	0.899	70.00	0.121
467.842	0.05	Adapter 899Hz Probe 3839Hz	63	3.839	70.00	0.437
468.022	0.05	Adapter 899Hz Probe 3839Hz	63	0.899	70.00	0.121
468.102	0.05	Adapter 899Hz Probe 3839Hz	63	0.899	70.00	0.121
468.182	0.05	Adapter 899Hz Probe 3839Hz	63	0.899	70.00	0.121
468.262	0.05	Adapter 899Hz Probe 3839Hz	63	0.899	70.00	0.121
468.342	0.05	Adapter 899Hz Probe 3839Hz	63	3.839	70.00	0.437
468.522	0.05	Adapter 899Hz Probe 3839Hz	63	0.899	70.00	0.121
468.602	0.05	Adapter 899Hz Probe 3839Hz	63	0.899	70.00	0.121
468.682	0.05	Adapter 899Hz Probe 3839Hz	63	0.899	70.00	0.121
468.762	0.05	Adapter 899Hz Probe 3839Hz	63	0.899	70.00	0.121
468.842	0.05	Adapter 899Hz Probe 3839Hz	63	3.839	70.00	0.437
469.022	0.05	Adapter 899Hz Probe 3839Hz	63	0.899	70.00	0.121
469.102	0.05	Adapter 899Hz Probe 3839Hz	63	0.899	70.00	0.121
469.182	0.05	Adapter 899Hz Probe 3839Hz	63	0.899	70.00	0.121
469.262	0.05	Adapter 899Hz Probe 3839Hz	63	0.899	70.00	0.121
469.342	0.05	Adapter 899Hz Probe 3839Hz	63	3.839	70.00	0.437
469.522	0.05	Adapter 899Hz Probe 3839Hz	63	0.899	70.00	0.121
469.602	0.05	Adapter 899Hz Probe 3839Hz	63	0.899	70.00	0.121
469.682	0.05	Adapter 899Hz Probe 3839Hz	63	0.899	70.00	0.121
469.762	0.05	Adapter 899Hz Probe 3839Hz	63	0.899	70.00	0.121
469.842	0.05	Adapter 899Hz Probe 3839Hz	63	3.839	70.00	0.437
470.022	0.05	Adapter 899Hz Probe 3839Hz	63	0.899	70.00	0.121
470.102	0.05	Adapter 899Hz Probe 3839Hz	63	0.899	70.00	0.121
470.182	0.05	Adapter 899Hz Probe 3839Hz	63	0.899	70.00	0.121
470.262	0.05	Adapter 899Hz Probe 3839Hz	63	0.899	70.00	0.121
470.342	0.05	Adapter 899Hz Probe 3839Hz	63	3.839	70.00	0.437
470.522	0.05	Adapter 899Hz Probe 3839Hz	63	0.899	70.00	0.121
470.602	0.05	Adapter 899Hz Probe 3839Hz	63	0.899	70.00	0.121
470.682	0.05	Adapter 899Hz Probe 3839Hz	63	0.899	70.00	0.121
470.762	0.05	Adapter 899Hz Probe 3839Hz	63	0.899	70.00	0.121
470.842	0.05	Adapter 899Hz Probe 3839Hz	63	3.839	70.00	0.437
471.022	0.05	Adapter 899Hz Probe 3839Hz	63	0.899	70.00	0.121
471.102	0.05	Adapter 899Hz Probe 3839Hz	63	0.899	70.00	0.121
471.182	0.05	Adapter 899Hz Probe 3839Hz	63	0.899	70.00	0.121
471.262	0.05	Adapter 899Hz Probe 3839Hz	63	0.899	70.00	0.121
471.342	0.05	Adapter 899Hz Probe 3839Hz	63	3.839	70.00	0.437
471.522	0.05	Adapter 899Hz Probe 3839Hz	63	0.899	70.00	0.121
471.602	0.05	Adapter 899Hz Probe 3839Hz	63	0.899	70.00	0.121
471.682	0.05	Adapter 899Hz Probe 3839Hz	63	0.899	70.00	0.121
471.762	0.05	Adapter 899Hz Probe 3839Hz	63	0.899	70.00	0.121
471.842	0.05	Adapter 899Hz Probe 3839Hz	63	3.839	70.00	0.437
472.022	0.05	Adapter 899Hz Probe 3839Hz	63	0.899	70.00	0.121
472.102	0.05	Adapter 899Hz Probe 3839Hz	63	0.899	70.00	0.121
472.182	0.05	Adapter 899Hz Probe 3839Hz	63	0.899	70.00	0.121
472.262	0.05	Adapter 899Hz Probe 3839Hz	63	0.899	70.00	0.121
472.342	0.05	Adapter 899Hz Probe 3839Hz	63	3.839	70.00	0.437
475.298	0.05	Probe 3839Hz	64	3.839	70.00	0.437
475.798	0.05	Probe 3839Hz	64	3.839	70.00	0.437
476.298	0.05	Probe 3839Hz	64	3.839	70.00	0.437
476.798	0.05	Probe 3839Hz	64	3.839	70.00	0.437
477.298	0.05	Probe 3839Hz	64	3.839	70.00	0.437
477.798	0.05	Probe 3839Hz	64	3.839	70.00	0.437
478.298	0.05	Probe 3839Hz	64	3.839	70.00	0.437
478.798	0.05	Probe 3839Hz	64	3.839	70.00	0.437
479.298	0.05	Probe 3839Hz	64	3.839	70.00	0.437
479.798	0.05	Probe 3839Hz	64	3.839	70.00	0.437
