onset	duration	trial_type	scan	frequency_kHz	level_dB_SPL	bandwidth_kHz
2.5	0.05	Adapter 6009Hz	1	6.009	70.00	0.671
2.58	0.05	Adapter 6009Hz	1	6.009	70.00	0.671
2.66	0.05	Adapter 6009Hz	1	6.009	70.00	0.671
2.74	0.05	Adapter 6009Hz	1	6.009	70.00	0.671
3.0	0.05	Adapter 6009Hz	1	6.009	70.00	0.671
3.08	0.05	Adapter 6009Hz	1	6.009	70.00	0.671
3.16	0.05	Adapter 6009Hz	1	6.009	70.00	0.671
3.24	0.05	Adapter 6009Hz	1	6.009	70.00	0.671
3.5	0.05	Adapter 6009Hz	1	6.009	70.00	0.671
3.58	0.05	Adapter 6009Hz	1	6.009	70.00	0.671
3.66	0.05	Adapter 6009Hz	1	6.009	70.00	0.671
3.74	0.05	Adapter 6009Hz	1	6.009	70.00	0.671
4.0	0.05	Adapter 6009Hz	1	6.009	70.00	0.671
4.08	0.05	Adapter 6009Hz	1	6.009	70.00	0.671
4.16	0.05	Adapter 6009Hz	1	6.009	70.00	0.671
4.24	0.05	Adapter 6009Hz	1	6.009	70.00	0.671
4.5	0.05	Adapter 6009Hz	1	6.009	70.00	0.671
4.58	0.05	Adapter 6009Hz	1	6.009	70.00	0.671
4.66	0.05	Adapter 6009Hz	1	6.009	70.00	0.671
4.74	0.05	Adapter 6009Hz	1	6.009	70.00	0.671
5.0	0.05	Adapter 6009Hz	1	6.009	70.00	0.671
5.08	0.05	Adapter 6009Hz	1	6.009	70.00	0.671
5.16	0.05	Adapter 6009Hz	1	6.009	70.00	0.671
5.24	0.05	Adapter 6009Hz	1	6.009	70.00	0.671
5.5	0.05	Adapter 6009Hz	1	6.009	70.00	0.671
5.58	0.05	Adapter 6009Hz	1	6.009	70.00	0.671
5.66	0.05	Adapter 6009Hz	1	6.009	70.00	0.671
5.74	0.05	Adapter 6009Hz	1	6.009	70.00	0.671
6.0	0.05	Adapter 6009Hz	1	6.009	70.00	0.671
6.08	0.05	Adapter 6009Hz	1	6.009	70.00	0.671
6.16	0.05	Adapter 6009Hz	1	6.009	70.00	0.671
6.24	0.05	Adapter 6009Hz	1	6.009	70.00	0.671
6.5	0.05	Adapter 6009Hz	1	6.009	70.00	0.671
6.58	0.05	Adapter 6009Hz	1	6.009	70.00	0.671
6.66	0.05	Adapter 6009Hz	1	6.009	70.00	0.671
6.74	0.05	Adapter 6009Hz	1	6.009	70.00	0.671
7.0	0.05	Adapter 6009Hz	1	6.009	70.00	0.671
7.08	0.05	Adapter 6009Hz	1	6.009	70.00	0.671
7.16	0.05	Adapter 6009Hz	1	6.009	70.00	0.671
7.24	0.05	Adapter 6009Hz	1	6.009	70.00	0.671
9.988	0.05	Adapter 3839Hz	2	3.839	70.00	0.437
10.068	0.05	Adapter 3839Hz	2	3.839	70.00	0.437
10.148	0.05	Adapter 3839Hz	2	3.839	70.00	0.437
10.228	0.05	Adapter 3839Hz	2	3.839	70.00	0.437
10.488	0.05	Adapter 3839Hz	2	3.839	70.00	0.437
10.568	0.05	Adapter 3839Hz	2	3.839	70.00	0.437
10.648	0.05	Adapter 3839Hz	2	3.839	70.00	0.437
10.728	0.05	Adapter 3839Hz	2	3.839	70.00	0.437
10.988	0.05	Adapter 3839Hz	2	3.839	70.00	0.437
11.068	0.05	Adapter 3839Hz	2	3.839	70.00	0.437
11.148	0.05	Adapter 3839Hz	2	3.839	70.00	0.437
11.228	0.05	Adapter 3839Hz	2	3.839	70.00	0.437
11.488	0.05	Adapter 3839Hz	2	3.839	70.00	0.437
11.568	0.05	Adapter 3839Hz	2	3.839	70.00	0.437
11.648	0.05	Adapter 3839Hz	2	3.839	70.00	0.437
11.728	0.05	Adapter 3839Hz	2	3.839	70.00	0.437
11.988	0.05	Adapter 3839Hz	2	3.839	70.00	0.437
12.068	0.05	Adapter 3839Hz	2	3.839	70.00	0.437
12.148	0.05	Adapter 3839Hz	2	3.839	70.00	0.437
12.228	0.05	Adapter 3839Hz	2	3.839	70.00	0.437
12.488	0.05	Adapter 3839Hz	2	3.839	70.00	0.437
12.568	0.05	Adapter 3839Hz	2	3.839	70.00	0.437
12.648	0.05	Adapter 3839Hz	2	3.839	70.00	0.437
12.728	0.05	Adapter 3839Hz	2	3.839	70.00	0.437
12.988	0.05	Adapter 3839Hz	2	3.839	70.00	0.437
13.068	0.05	Adapter 3839Hz	2	3.839	70.00	0.437
13.148	0.05	Adapter 3839Hz	2	3.839	70.00	0.437
13.228	0.05	Adapter 3839Hz	2	3.839	70.00	0.437
13.488	0.05	Adapter 3839Hz	2	3.839	70.00	0.437
13.568	0.05	Adapter 3839Hz	2	3.839	70.00	0.437
13.648	0.05	Adapter 3839Hz	2	3.839	70.00	0.437
13.728	0.05	Adapter 3839Hz	2	3.839	70.00	0.437
13.988	0.05	Adapter 3839Hz	2	3.839	70.00	0.437
14.068	0.05	Adapter 3839Hz	2	3.839	70.00	0.437
14.148	0.05	Adapter 3839Hz	2	3.839	70.00	0.437
14.228	0.05	Adapter 3839Hz	2	3.839	70.00	0.437
14.488	0.05	Adapter 3839Hz	2	3.839	70.00	0.437
14.568	0.05	Adapter 3839Hz	2	3.839	70.00	0.437
14.648	0.05	Adapter 3839Hz	2	3.839	70.00	0.437
14.728	0.05	Adapter 3839Hz	2	3.839	70.00	0.437
17.827	0.05	Probe 3839Hz	3	3.839	70.00	0.437
18.327	0.05	Probe 3839Hz	3	3.839	70.00	0.437
18.827	0.05	Probe 3839Hz	3	3.839	70.00	0.437
19.327	0.05	Probe 3839Hz	3	3.839	70.00	0.437
19.827	0.05	Probe 3839Hz	3	3.839	70.00	0.437
20.327	0.05	Probe 3839Hz	3	3.839	70.00	0.437
20.827	0.05	Probe 3839Hz	3	3.839	70.00	0.437
21.327	0.05	Probe 3839Hz	3	3.839	70.00	0.437
21.827	0.05	Probe 3839Hz	3	3.839	70.00	0.437
22.327	0.05	Probe 3839Hz	3	3.839	70.00	0.437
24.98	0.05	Adapter 251Hz	4	0.251	70.00	0.052
25.06	0.05	Adapter 251Hz	4	0.251	70.00	0.052
25.14	0.05	Adapter 251Hz	4	0.251	70.00	0.052
25.22	0.05	Adapter 251Hz	4	0.251	70.00	0.052
25.48	0.05	Adapter 251Hz	4	0.251	70.00	0.052
25.56	0.05	Adapter 251Hz	4	0.251	70.00	0.052
25.64	0.05	Adapter 251Hz	4	0.251	70.00	0.052
25.72	0.05	Adapter 251Hz	4	0.251	70.00	0.052
25.98	0.05	Adapter 251Hz	4	0.251	70.00	0.052
26.06	0.05	Adapter 251Hz	4	0.251	70.00	0.052
26.14	0.05	Adapter 251Hz	4	0.251	70.00	0.052
26.22	0.05	Adapter 251Hz	4	0.251	70.00	0.052
26.48	0.05	Adapter 251Hz	4	0.251	70.00	0.052
26.56	0.05	Adapter 251Hz	4	0.251	70.00	0.052
26.64	0.05	Adapter 251Hz	4	0.251	70.00	0.052
26.72	0.05	Adapter 251Hz	4	0.251	70.00	0.052
26.98	0.05	Adapter 251Hz	4	0.251	70.00	0.052
27.06	0.05	Adapter 251Hz	4	0.251	70.00	0.052
27.14	0.05	Adapter 251Hz	4	0.251	70.00	0.052
27.22	0.05	Adapter 251Hz	4	0.251	70.00	0.052
27.48	0.05	Adapter 251Hz	4	0.251	70.00	0.052
27.56	0.05	Adapter 251Hz	4	0.251	70.00	0.052
27.64	0.05	Adapter 251Hz	4	0.251	70.00	0.052
27.72	0.05	Adapter 251Hz	4	0.251	70.00	0.052
27.98	0.05	Adapter 251Hz	4	0.251	70.00	0.052
28.06	0.05	Adapter 251Hz	4	0.251	70.00	0.052
28.14	0.05	Adapter 251Hz	4	0.251	70.00	0.052
28.22	0.05	Adapter 251Hz	4	0.251	70.00	0.052
28.48	0.05	Adapter 251Hz	4	0.251	70.00	0.052
28.56	0.05	Adapter 251Hz	4	0.251	70.00	0.052
28.64	0.05	Adapter 251Hz	4	0.251	70.00	0.052
28.72	0.05	Adapter 251Hz	4	0.251	70.00	0.052
28.98	0.05	Adapter 251Hz	4	0.251	70.00	0.052
29.06	0.05	Adapter 251Hz	4	0.251	70.00	0.052
29.14	0.05	Adapter 251Hz	4	0.251	70.00	0.052
29.22	0.05	Adapter 251Hz	4	0.251	70.00	0.052
29.48	0.05	Adapter 251Hz	4	0.251	70.00	0.052
29.56	0.05	Adapter 251Hz	4	0.251	70.00	0.052
29.64	0.05	Adapter 251Hz	4	0.251	70.00	0.052
29.72	0.05	Adapter 251Hz	4	0.251	70.00	0.052
32.468	0.05	Adapter 899Hz Probe 3839Hz	5	0.899	70.00	0.121
32.548	0.05	Adapter 899Hz Probe 3839Hz	5	0.899	70.00	0.121
32.628	0.05	Adapter 899Hz Probe 3839Hz	5	0.899	70.00	0.121
32.708	0.05	Adapter 899Hz Probe 3839Hz	5	0.899	70.00	0.121
32.788	0.05	Adapter 899Hz Probe 3839Hz	5	3.839	70.00	0.437
32.968	0.05	Adapter 899Hz Probe 3839Hz	5	0.899	70.00	0.121
33.048	0.05	Adapter 899Hz Probe 3839Hz	5	0.899	70.00	0.121
33.128	0.05	Adapter 899Hz Probe 3839Hz	5	0.899	70.00	0.121
33.208	0.05	Adapter 899Hz Probe 3839Hz	5	0.899	70.00	0.121
33.288	0.05	Adapter 899Hz Probe 3839Hz	5	3.839	70.00	0.437
33.468	0.05	Adapter 899Hz Probe 3839Hz	5	0.899	70.00	0.121
33.548	0.05	Adapter 899Hz Probe 3839Hz	5	0.899	70.00	0.121
33.628	0.05	Adapter 899Hz Probe 3839Hz	5	0.899	70.00	0.121
33.708	0.05	Adapter 899Hz Probe 3839Hz	5	0.899	70.00	0.121
33.788	0.05	Adapter 899Hz Probe 3839Hz	5	3.839	70.00	0.437
33.968	0.05	Adapter 899Hz Probe 3839Hz	5	0.899	70.00	0.121
34.048	0.05	Adapter 899Hz Probe 3839Hz	5	0.899	70.00	0.121
34.128	0.05	Adapter 899Hz Probe 3839Hz	5	0.899	70.00	0.121
34.208	0.05	Adapter 899Hz Probe 3839Hz	5	0.899	70.00	0.121
34.288	0.05	Adapter 899Hz Probe 3839Hz	5	3.839	70.00	0.437
34.468	0.05	Adapter 899Hz Probe 3839Hz	5	0.899	70.00	0.121
34.548	0.05	Adapter 899Hz Probe 3839Hz	5	0.899	70.00	0.121
34.628	0.05	Adapter 899Hz Probe 3839Hz	5	0.899	70.00	0.121
34.708	0.05	Adapter 899Hz Probe 3839Hz	5	0.899	70.00	0.121
34.788	0.05	Adapter 899Hz Probe 3839Hz	5	3.839	70.00	0.437
34.968	0.05	Adapter 899Hz Probe 3839Hz	5	0.899	70.00	0.121
35.048	0.05	Adapter 899Hz Probe 3839Hz	5	0.899	70.00	0.121
35.128	0.05	Adapter 899Hz Probe 3839Hz	5	0.899	70.00	0.121
35.208	0.05	Adapter 899Hz Probe 3839Hz	5	0.899	70.00	0.121
35.288	0.05	Adapter 899Hz Probe 3839Hz	5	3.839	70.00	0.437
35.468	0.05	Adapter 899Hz Probe 3839Hz	5	0.899	70.00	0.121
35.548	0.05	Adapter 899Hz Probe 3839Hz	5	0.899	70.00	0.121
35.628	0.05	Adapter 899Hz Probe 3839Hz	5	0.899	70.00	0.121
35.708	0.05	Adapter 899Hz Probe 3839Hz	5	0.899	70.00	0.121
35.788	0.05	Adapter 899Hz Probe 3839Hz	5	3.839	70.00	0.437
35.968	0.05	Adapter 899Hz Probe 3839Hz	5	0.899	70.00	0.121
36.048	0.05	Adapter 899Hz Probe 3839Hz	5	0.899	70.00	0.121
36.128	0.05	Adapter 899Hz Probe 3839Hz	5	0.899	70.00	0.121
36.208	0.05	Adapter 899Hz Probe 3839Hz	5	0.899	70.00	0.121
36.288	0.05	Adapter 899Hz Probe 3839Hz	5	3.839	70.00	0.437
36.468	0.05	Adapter 899Hz Probe 3839Hz	5	0.899	70.00	0.121
36.548	0.05	Adapter 899Hz Probe 3839Hz	5	0.899	70.00	0.121
36.628	0.05	Adapter 899Hz Probe 3839Hz	5	0.899	70.00	0.121
36.708	0.05	Adapter 899Hz Probe 3839Hz	5	0.899	70.00	0.121
36.788	0.05	Adapter 899Hz Probe 3839Hz	5	3.839	70.00	0.437
36.968	0.05	Adapter 899Hz Probe 3839Hz	5	0.899	70.00	0.121
37.048	0.05	Adapter 899Hz Probe 3839Hz	5	0.899	70.00	0.121
37.128	0.05	Adapter 899Hz Probe 3839Hz	5	0.899	70.00	0.121
37.208	0.05	Adapter 899Hz Probe 3839Hz	5	0.899	70.00	0.121
37.288	0.05	Adapter 899Hz Probe 3839Hz	5	3.839	70.00	0.437
40.018	0.05	Adapter 1501Hz Probe 3839Hz	6	1.501	70.00	0.186
40.098	0.05	Adapter 1501Hz Probe 3839Hz	6	1.501	70.00	0.186
40.178	0.05	Adapter 1501Hz Probe 3839Hz	6	1.501	70.00	0.186
40.258	0.05	Adapter 1501Hz Probe 3839Hz	6	1.501	70.00	0.186
40.338	0.05	Adapter 1501Hz Probe 3839Hz	6	3.839	70.00	0.437
40.518	0.05	Adapter 1501Hz Probe 3839Hz	6	1.501	70.00	0.186
40.598	0.05	Adapter 1501Hz Probe 3839Hz	6	1.501	70.00	0.186
40.678	0.05	Adapter 1501Hz Probe 3839Hz	6	1.501	70.00	0.186
40.758	0.05	Adapter 1501Hz Probe 3839Hz	6	1.501	70.00	0.186
40.838	0.05	Adapter 1501Hz Probe 3839Hz	6	3.839	70.00	0.437
41.018	0.05	Adapter 1501Hz Probe 3839Hz	6	1.501	70.00	0.186
41.098	0.05	Adapter 1501Hz Probe 3839Hz	6	1.501	70.00	0.186
41.178	0.05	Adapter 1501Hz Probe 3839Hz	6	1.501	70.00	0.186
41.258	0.05	Adapter 1501Hz Probe 3839Hz	6	1.501	70.00	0.186
41.338	0.05	Adapter 1501Hz Probe 3839Hz	6	3.839	70.00	0.437
41.518	0.05	Adapter 1501Hz Probe 3839Hz	6	1.501	70.00	0.186
41.598	0.05	Adapter 1501Hz Probe 3839Hz	6	1.501	70.00	0.186
41.678	0.05	Adapter 1501Hz Probe 3839Hz	6	1.501	70.00	0.186
41.758	0.05	Adapter 1501Hz Probe 3839Hz	6	1.501	70.00	0.186
41.838	0.05	Adapter 1501Hz Probe 3839Hz	6	3.839	70.00	0.437
42.018	0.05	Adapter 1501Hz Probe 3839Hz	6	1.501	70.00	0.186
42.098	0.05	Adapter 1501Hz Probe 3839Hz	6	1.501	70.00	0.186
42.178	0.05	Adapter 1501Hz Probe 3839Hz	6	1.501	70.00	0.186
42.258	0.05	Adapter 1501Hz Probe 3839Hz	6	1.501	70.00	0.186
42.338	0.05	Adapter 1501Hz Probe 3839Hz	6	3.839	70.00	0.437
42.518	0.05	Adapter 1501Hz Probe 3839Hz	6	1.501	70.00	0.186
42.598	0.05	Adapter 1501Hz Probe 3839Hz	6	1.501	70.00	0.186
42.678	0.05	Adapter 1501Hz Probe 3839Hz	6	1.501	70.00	0.186
42.758	0.05	Adapter 1501Hz Probe 3839Hz	6	1.501	70.00	0.186
42.838	0.05	Adapter 1501Hz Probe 3839Hz	6	3.839	70.00	0.437
43.018	0.05	Adapter 1501Hz Probe 3839Hz	6	1.501	70.00	0.186
43.098	0.05	Adapter 1501Hz Probe 3839Hz	6	1.501	70.00	0.186
43.178	0.05	Adapter 1501Hz Probe 3839Hz	6	1.501	70.00	0.186
43.258	0.05	Adapter 1501Hz Probe 3839Hz	6	1.501	70.00	0.186
43.338	0.05	Adapter 1501Hz Probe 3839Hz	6	3.839	70.00	0.437
43.518	0.05	Adapter 1501Hz Probe 3839Hz	6	1.501	70.00	0.186
43.598	0.05	Adapter 1501Hz Probe 3839Hz	6	1.501	70.00	0.186
43.678	0.05	Adapter 1501Hz Probe 3839Hz	6	1.501	70.00	0.186
43.758	0.05	Adapter 1501Hz Probe 3839Hz	6	1.501	70.00	0.186
43.838	0.05	Adapter 1501Hz Probe 3839Hz	6	3.839	70.00	0.437
44.018	0.05	Adapter 1501Hz Probe 3839Hz	6	1.501	70.00	0.186
44.098	0.05	Adapter 1501Hz Probe 3839Hz	6	1.501	70.00	0.186
44.178	0.05	Adapter 1501Hz Probe 3839Hz	6	1.501	70.00	0.186
44.258	0.05	Adapter 1501Hz Probe 3839Hz	6	1.501	70.00	0.186
44.338	0.05	Adapter 1501Hz Probe 3839Hz	6	3.839	70.00	0.437
44.518	0.05	Adapter 1501Hz Probe 3839Hz	6	1.501	70.00	0.186
44.598	0.05	Adapter 1501Hz Probe 3839Hz	6	1.501	70.00	0.186
44.678	0.05	Adapter 1501Hz Probe 3839Hz	6	1.501	70.00	0.186
44.758	0.05	Adapter 1501Hz Probe 3839Hz	6	1.501	70.00	0.186
44.838	0.05	Adapter 1501Hz Probe 3839Hz	6	3.839	70.00	0.437
62.513	0.05	Adapter 507Hz	9	0.507	70.00	0.079
62.593	0.05	Adapter 507Hz	9	0.507	70.00	0.079
62.673	0.05	Adapter 507Hz	9	0.507	70.00	0.079
62.753	0.05	Adapter 507Hz	9	0.507	70.00	0.079
63.013	0.05	Adapter 507Hz	9	0.507	70.00	0.079
63.093	0.05	Adapter 507Hz	9	0.507	70.00	0.079
63.173	0.05	Adapter 507Hz	9	0.507	70.00	0.079
63.253	0.05	Adapter 507Hz	9	0.507	70.00	0.079
63.513	0.05	Adapter 507Hz	9	0.507	70.00	0.079
63.593	0.05	Adapter 507Hz	9	0.507	70.00	0.079
63.673	0.05	Adapter 507Hz	9	0.507	70.00	0.079
63.753	0.05	Adapter 507Hz	9	0.507	70.00	0.079
64.013	0.05	Adapter 507Hz	9	0.507	70.00	0.079
64.093	0.05	Adapter 507Hz	9	0.507	70.00	0.079
64.173	0.05	Adapter 507Hz	9	0.507	70.00	0.079
64.253	0.05	Adapter 507Hz	9	0.507	70.00	0.079
64.513	0.05	Adapter 507Hz	9	0.507	70.00	0.079
64.593	0.05	Adapter 507Hz	9	0.507	70.00	0.079
64.673	0.05	Adapter 507Hz	9	0.507	70.00	0.079
64.753	0.05	Adapter 507Hz	9	0.507	70.00	0.079
65.013	0.05	Adapter 507Hz	9	0.507	70.00	0.079
65.093	0.05	Adapter 507Hz	9	0.507	70.00	0.079
65.173	0.05	Adapter 507Hz	9	0.507	70.00	0.079
65.253	0.05	Adapter 507Hz	9	0.507	70.00	0.079
65.513	0.05	Adapter 507Hz	9	0.507	70.00	0.079
65.593	0.05	Adapter 507Hz	9	0.507	70.00	0.079
65.673	0.05	Adapter 507Hz	9	0.507	70.00	0.079
65.753	0.05	Adapter 507Hz	9	0.507	70.00	0.079
66.013	0.05	Adapter 507Hz	9	0.507	70.00	0.079
66.093	0.05	Adapter 507Hz	9	0.507	70.00	0.079
66.173	0.05	Adapter 507Hz	9	0.507	70.00	0.079
66.253	0.05	Adapter 507Hz	9	0.507	70.00	0.079
66.513	0.05	Adapter 507Hz	9	0.507	70.00	0.079
66.593	0.05	Adapter 507Hz	9	0.507	70.00	0.079
66.673	0.05	Adapter 507Hz	9	0.507	70.00	0.079
66.753	0.05	Adapter 507Hz	9	0.507	70.00	0.079
67.013	0.05	Adapter 507Hz	9	0.507	70.00	0.079
67.093	0.05	Adapter 507Hz	9	0.507	70.00	0.079
67.173	0.05	Adapter 507Hz	9	0.507	70.00	0.079
67.253	0.05	Adapter 507Hz	9	0.507	70.00	0.079
69.986	0.05	Adapter 2423Hz	10	2.423	70.00	0.285
70.066	0.05	Adapter 2423Hz	10	2.423	70.00	0.285
70.146	0.05	Adapter 2423Hz	10	2.423	70.00	0.285
70.226	0.05	Adapter 2423Hz	10	2.423	70.00	0.285
70.486	0.05	Adapter 2423Hz	10	2.423	70.00	0.285
70.566	0.05	Adapter 2423Hz	10	2.423	70.00	0.285
70.646	0.05	Adapter 2423Hz	10	2.423	70.00	0.285
70.726	0.05	Adapter 2423Hz	10	2.423	70.00	0.285
70.986	0.05	Adapter 2423Hz	10	2.423	70.00	0.285
71.066	0.05	Adapter 2423Hz	10	2.423	70.00	0.285
71.146	0.05	Adapter 2423Hz	10	2.423	70.00	0.285
71.226	0.05	Adapter 2423Hz	10	2.423	70.00	0.285
71.486	0.05	Adapter 2423Hz	10	2.423	70.00	0.285
71.566	0.05	Adapter 2423Hz	10	2.423	70.00	0.285
71.646	0.05	Adapter 2423Hz	10	2.423	70.00	0.285
71.726	0.05	Adapter 2423Hz	10	2.423	70.00	0.285
71.986	0.05	Adapter 2423Hz	10	2.423	70.00	0.285
72.066	0.05	Adapter 2423Hz	10	2.423	70.00	0.285
72.146	0.05	Adapter 2423Hz	10	2.423	70.00	0.285
72.226	0.05	Adapter 2423Hz	10	2.423	70.00	0.285
72.486	0.05	Adapter 2423Hz	10	2.423	70.00	0.285
72.566	0.05	Adapter 2423Hz	10	2.423	70.00	0.285
72.646	0.05	Adapter 2423Hz	10	2.423	70.00	0.285
72.726	0.05	Adapter 2423Hz	10	2.423	70.00	0.285
72.986	0.05	Adapter 2423Hz	10	2.423	70.00	0.285
73.066	0.05	Adapter 2423Hz	10	2.423	70.00	0.285
73.146	0.05	Adapter 2423Hz	10	2.423	70.00	0.285
73.226	0.05	Adapter 2423Hz	10	2.423	70.00	0.285
73.486	0.05	Adapter 2423Hz	10	2.423	70.00	0.285
73.566	0.05	Adapter 2423Hz	10	2.423	70.00	0.285
73.646	0.05	Adapter 2423Hz	10	2.423	70.00	0.285
73.726	0.05	Adapter 2423Hz	10	2.423	70.00	0.285
73.986	0.05	Adapter 2423Hz	10	2.423	70.00	0.285
74.066	0.05	Adapter 2423Hz	10	2.423	70.00	0.285
74.146	0.05	Adapter 2423Hz	10	2.423	70.00	0.285
74.226	0.05	Adapter 2423Hz	10	2.423	70.00	0.285
74.486	0.05	Adapter 2423Hz	10	2.423	70.00	0.285
74.566	0.05	Adapter 2423Hz	10	2.423	70.00	0.285
74.646	0.05	Adapter 2423Hz	10	2.423	70.00	0.285
74.726	0.05	Adapter 2423Hz	10	2.423	70.00	0.285
77.474	0.05	Adapter 1501Hz	11	1.501	70.00	0.186
77.554	0.05	Adapter 1501Hz	11	1.501	70.00	0.186
77.634	0.05	Adapter 1501Hz	11	1.501	70.00	0.186
77.714	0.05	Adapter 1501Hz	11	1.501	70.00	0.186
77.974	0.05	Adapter 1501Hz	11	1.501	70.00	0.186
78.054	0.05	Adapter 1501Hz	11	1.501	70.00	0.186
78.134	0.05	Adapter 1501Hz	11	1.501	70.00	0.186
78.214	0.05	Adapter 1501Hz	11	1.501	70.00	0.186
78.474	0.05	Adapter 1501Hz	11	1.501	70.00	0.186
78.554	0.05	Adapter 1501Hz	11	1.501	70.00	0.186
78.634	0.05	Adapter 1501Hz	11	1.501	70.00	0.186
78.714	0.05	Adapter 1501Hz	11	1.501	70.00	0.186
78.974	0.05	Adapter 1501Hz	11	1.501	70.00	0.186
79.054	0.05	Adapter 1501Hz	11	1.501	70.00	0.186
79.134	0.05	Adapter 1501Hz	11	1.501	70.00	0.186
79.214	0.05	Adapter 1501Hz	11	1.501	70.00	0.186
79.474	0.05	Adapter 1501Hz	11	1.501	70.00	0.186
79.554	0.05	Adapter 1501Hz	11	1.501	70.00	0.186
79.634	0.05	Adapter 1501Hz	11	1.501	70.00	0.186
79.714	0.05	Adapter 1501Hz	11	1.501	70.00	0.186
79.974	0.05	Adapter 1501Hz	11	1.501	70.00	0.186
80.054	0.05	Adapter 1501Hz	11	1.501	70.00	0.186
80.134	0.05	Adapter 1501Hz	11	1.501	70.00	0.186
80.214	0.05	Adapter 1501Hz	11	1.501	70.00	0.186
80.474	0.05	Adapter 1501Hz	11	1.501	70.00	0.186
80.554	0.05	Adapter 1501Hz	11	1.501	70.00	0.186
80.634	0.05	Adapter 1501Hz	11	1.501	70.00	0.186
80.714	0.05	Adapter 1501Hz	11	1.501	70.00	0.186
80.974	0.05	Adapter 1501Hz	11	1.501	70.00	0.186
81.054	0.05	Adapter 1501Hz	11	1.501	70.00	0.186
81.134	0.05	Adapter 1501Hz	11	1.501	70.00	0.186
81.214	0.05	Adapter 1501Hz	11	1.501	70.00	0.186
81.474	0.05	Adapter 1501Hz	11	1.501	70.00	0.186
81.554	0.05	Adapter 1501Hz	11	1.501	70.00	0.186
81.634	0.05	Adapter 1501Hz	11	1.501	70.00	0.186
81.714	0.05	Adapter 1501Hz	11	1.501	70.00	0.186
81.974	0.05	Adapter 1501Hz	11	1.501	70.00	0.186
82.054	0.05	Adapter 1501Hz	11	1.501	70.00	0.186
82.134	0.05	Adapter 1501Hz	11	1.501	70.00	0.186
82.214	0.05	Adapter 1501Hz	11	1.501	70.00	0.186
84.962	0.05	Adapter 899Hz	12	0.899	70.00	0.121
85.042	0.05	Adapter 899Hz	12	0.899	70.00	0.121
85.122	0.05	Adapter 899Hz	12	0.899	70.00	0.121
85.202	0.05	Adapter 899Hz	12	0.899	70.00	0.121
85.462	0.05	Adapter 899Hz	12	0.899	70.00	0.121
85.542	0.05	Adapter 899Hz	12	0.899	70.00	0.121
85.622	0.05	Adapter 899Hz	12	0.899	70.00	0.121
85.702	0.05	Adapter 899Hz	12	0.899	70.00	0.121
85.962	0.05	Adapter 899Hz	12	0.899	70.00	0.121
86.042	0.05	Adapter 899Hz	12	0.899	70.00	0.121
86.122	0.05	Adapter 899Hz	12	0.899	70.00	0.121
86.202	0.05	Adapter 899Hz	12	0.899	70.00	0.121
86.462	0.05	Adapter 899Hz	12	0.899	70.00	0.121
86.542	0.05	Adapter 899Hz	12	0.899	70.00	0.121
86.622	0.05	Adapter 899Hz	12	0.899	70.00	0.121
86.702	0.05	Adapter 899Hz	12	0.899	70.00	0.121
86.962	0.05	Adapter 899Hz	12	0.899	70.00	0.121
87.042	0.05	Adapter 899Hz	12	0.899	70.00	0.121
87.122	0.05	Adapter 899Hz	12	0.899	70.00	0.121
87.202	0.05	Adapter 899Hz	12	0.899	70.00	0.121
87.462	0.05	Adapter 899Hz	12	0.899	70.00	0.121
87.542	0.05	Adapter 899Hz	12	0.899	70.00	0.121
87.622	0.05	Adapter 899Hz	12	0.899	70.00	0.121
87.702	0.05	Adapter 899Hz	12	0.899	70.00	0.121
87.962	0.05	Adapter 899Hz	12	0.899	70.00	0.121
88.042	0.05	Adapter 899Hz	12	0.899	70.00	0.121
88.122	0.05	Adapter 899Hz	12	0.899	70.00	0.121
88.202	0.05	Adapter 899Hz	12	0.899	70.00	0.121
88.462	0.05	Adapter 899Hz	12	0.899	70.00	0.121
88.542	0.05	Adapter 899Hz	12	0.899	70.00	0.121
88.622	0.05	Adapter 899Hz	12	0.899	70.00	0.121
88.702	0.05	Adapter 899Hz	12	0.899	70.00	0.121
88.962	0.05	Adapter 899Hz	12	0.899	70.00	0.121
89.042	0.05	Adapter 899Hz	12	0.899	70.00	0.121
89.122	0.05	Adapter 899Hz	12	0.899	70.00	0.121
89.202	0.05	Adapter 899Hz	12	0.899	70.00	0.121
89.462	0.05	Adapter 899Hz	12	0.899	70.00	0.121
89.542	0.05	Adapter 899Hz	12	0.899	70.00	0.121
89.622	0.05	Adapter 899Hz	12	0.899	70.00	0.121
89.702	0.05	Adapter 899Hz	12	0.899	70.00	0.121
100.0	0.05	Adapter 507Hz Probe 3839Hz	14	0.507	70.00	0.079
100.08	0.05	Adapter 507Hz Probe 3839Hz	14	0.507	70.00	0.079
100.16	0.05	Adapter 507Hz Probe 3839Hz	14	0.507	70.00	0.079
100.24	0.05	Adapter 507Hz Probe 3839Hz	14	0.507	70.00	0.079
100.32	0.05	Adapter 507Hz Probe 3839Hz	14	3.839	70.00	0.437
100.5	0.05	Adapter 507Hz Probe 3839Hz	14	0.507	70.00	0.079
100.58	0.05	Adapter 507Hz Probe 3839Hz	14	0.507	70.00	0.079
100.66	0.05	Adapter 507Hz Probe 3839Hz	14	0.507	70.00	0.079
100.74	0.05	Adapter 507Hz Probe 3839Hz	14	0.507	70.00	0.079
100.82	0.05	Adapter 507Hz Probe 3839Hz	14	3.839	70.00	0.437
101.0	0.05	Adapter 507Hz Probe 3839Hz	14	0.507	70.00	0.079
101.08	0.05	Adapter 507Hz Probe 3839Hz	14	0.507	70.00	0.079
101.16	0.05	Adapter 507Hz Probe 3839Hz	14	0.507	70.00	0.079
101.24	0.05	Adapter 507Hz Probe 3839Hz	14	0.507	70.00	0.079
101.32	0.05	Adapter 507Hz Probe 3839Hz	14	3.839	70.00	0.437
101.5	0.05	Adapter 507Hz Probe 3839Hz	14	0.507	70.00	0.079
101.58	0.05	Adapter 507Hz Probe 3839Hz	14	0.507	70.00	0.079
101.66	0.05	Adapter 507Hz Probe 3839Hz	14	0.507	70.00	0.079
101.74	0.05	Adapter 507Hz Probe 3839Hz	14	0.507	70.00	0.079
101.82	0.05	Adapter 507Hz Probe 3839Hz	14	3.839	70.00	0.437
102.0	0.05	Adapter 507Hz Probe 3839Hz	14	0.507	70.00	0.079
102.08	0.05	Adapter 507Hz Probe 3839Hz	14	0.507	70.00	0.079
102.16	0.05	Adapter 507Hz Probe 3839Hz	14	0.507	70.00	0.079
102.24	0.05	Adapter 507Hz Probe 3839Hz	14	0.507	70.00	0.079
102.32	0.05	Adapter 507Hz Probe 3839Hz	14	3.839	70.00	0.437
102.5	0.05	Adapter 507Hz Probe 3839Hz	14	0.507	70.00	0.079
102.58	0.05	Adapter 507Hz Probe 3839Hz	14	0.507	70.00	0.079
102.66	0.05	Adapter 507Hz Probe 3839Hz	14	0.507	70.00	0.079
102.74	0.05	Adapter 507Hz Probe 3839Hz	14	0.507	70.00	0.079
102.82	0.05	Adapter 507Hz Probe 3839Hz	14	3.839	70.00	0.437
103.0	0.05	Adapter 507Hz Probe 3839Hz	14	0.507	70.00	0.079
103.08	0.05	Adapter 507Hz Probe 3839Hz	14	0.507	70.00	0.079
103.16	0.05	Adapter 507Hz Probe 3839Hz	14	0.507	70.00	0.079
103.24	0.05	Adapter 507Hz Probe 3839Hz	14	0.507	70.00	0.079
103.32	0.05	Adapter 507Hz Probe 3839Hz	14	3.839	70.00	0.437
103.5	0.05	Adapter 507Hz Probe 3839Hz	14	0.507	70.00	0.079
103.58	0.05	Adapter 507Hz Probe 3839Hz	14	0.507	70.00	0.079
103.66	0.05	Adapter 507Hz Probe 3839Hz	14	0.507	70.00	0.079
103.74	0.05	Adapter 507Hz Probe 3839Hz	14	0.507	70.00	0.079
103.82	0.05	Adapter 507Hz Probe 3839Hz	14	3.839	70.00	0.437
104.0	0.05	Adapter 507Hz Probe 3839Hz	14	0.507	70.00	0.079
104.08	0.05	Adapter 507Hz Probe 3839Hz	14	0.507	70.00	0.079
104.16	0.05	Adapter 507Hz Probe 3839Hz	14	0.507	70.00	0.079
104.24	0.05	Adapter 507Hz Probe 3839Hz	14	0.507	70.00	0.079
104.32	0.05	Adapter 507Hz Probe 3839Hz	14	3.839	70.00	0.437
104.5	0.05	Adapter 507Hz Probe 3839Hz	14	0.507	70.00	0.079
104.58	0.05	Adapter 507Hz Probe 3839Hz	14	0.507	70.00	0.079
104.66	0.05	Adapter 507Hz Probe 3839Hz	14	0.507	70.00	0.079
104.74	0.05	Adapter 507Hz Probe 3839Hz	14	0.507	70.00	0.079
104.82	0.05	Adapter 507Hz Probe 3839Hz	14	3.839	70.00	0.437
107.488	0.05	Adapter 2423Hz Probe 3839Hz	15	2.423	70.00	0.285
107.568	0.05	Adapter 2423Hz Probe 3839Hz	15	2.423	70.00	0.285
107.648	0.05	Adapter 2423Hz Probe 3839Hz	15	2.423	70.00	0.285
107.728	0.05	Adapter 2423Hz Probe 3839Hz	15	2.423	70.00	0.285
107.808	0.05	Adapter 2423Hz Probe 3839Hz	15	3.839	70.00	0.437
107.988	0.05	Adapter 2423Hz Probe 3839Hz	15	2.423	70.00	0.285
108.068	0.05	Adapter 2423Hz Probe 3839Hz	15	2.423	70.00	0.285
108.148	0.05	Adapter 2423Hz Probe 3839Hz	15	2.423	70.00	0.285
108.228	0.05	Adapter 2423Hz Probe 3839Hz	15	2.423	70.00	0.285
108.308	0.05	Adapter 2423Hz Probe 3839Hz	15	3.839	70.00	0.437
108.488	0.05	Adapter 2423Hz Probe 3839Hz	15	2.423	70.00	0.285
108.568	0.05	Adapter 2423Hz Probe 3839Hz	15	2.423	70.00	0.285
108.648	0.05	Adapter 2423Hz Probe 3839Hz	15	2.423	70.00	0.285
108.728	0.05	Adapter 2423Hz Probe 3839Hz	15	2.423	70.00	0.285
108.808	0.05	Adapter 2423Hz Probe 3839Hz	15	3.839	70.00	0.437
108.988	0.05	Adapter 2423Hz Probe 3839Hz	15	2.423	70.00	0.285
109.068	0.05	Adapter 2423Hz Probe 3839Hz	15	2.423	70.00	0.285
109.148	0.05	Adapter 2423Hz Probe 3839Hz	15	2.423	70.00	0.285
109.228	0.05	Adapter 2423Hz Probe 3839Hz	15	2.423	70.00	0.285
109.308	0.05	Adapter 2423Hz Probe 3839Hz	15	3.839	70.00	0.437
109.488	0.05	Adapter 2423Hz Probe 3839Hz	15	2.423	70.00	0.285
109.568	0.05	Adapter 2423Hz Probe 3839Hz	15	2.423	70.00	0.285
109.648	0.05	Adapter 2423Hz Probe 3839Hz	15	2.423	70.00	0.285
109.728	0.05	Adapter 2423Hz Probe 3839Hz	15	2.423	70.00	0.285
109.808	0.05	Adapter 2423Hz Probe 3839Hz	15	3.839	70.00	0.437
109.988	0.05	Adapter 2423Hz Probe 3839Hz	15	2.423	70.00	0.285
110.068	0.05	Adapter 2423Hz Probe 3839Hz	15	2.423	70.00	0.285
110.148	0.05	Adapter 2423Hz Probe 3839Hz	15	2.423	70.00	0.285
110.228	0.05	Adapter 2423Hz Probe 3839Hz	15	2.423	70.00	0.285
110.308	0.05	Adapter 2423Hz Probe 3839Hz	15	3.839	70.00	0.437
110.488	0.05	Adapter 2423Hz Probe 3839Hz	15	2.423	70.00	0.285
110.568	0.05	Adapter 2423Hz Probe 3839Hz	15	2.423	70.00	0.285
110.648	0.05	Adapter 2423Hz Probe 3839Hz	15	2.423	70.00	0.285
110.728	0.05	Adapter 2423Hz Probe 3839Hz	15	2.423	70.00	0.285
110.808	0.05	Adapter 2423Hz Probe 3839Hz	15	3.839	70.00	0.437
110.988	0.05	Adapter 2423Hz Probe 3839Hz	15	2.423	70.00	0.285
111.068	0.05	Adapter 2423Hz Probe 3839Hz	15	2.423	70.00	0.285
111.148	0.05	Adapter 2423Hz Probe 3839Hz	15	2.423	70.00	0.285
111.228	0.05	Adapter 2423Hz Probe 3839Hz	15	2.423	70.00	0.285
111.308	0.05	Adapter 2423Hz Probe 3839Hz	15	3.839	70.00	0.437
111.488	0.05	Adapter 2423Hz Probe 3839Hz	15	2.423	70.00	0.285
111.568	0.05	Adapter 2423Hz Probe 3839Hz	15	2.423	70.00	0.285
111.648	0.05	Adapter 2423Hz Probe 3839Hz	15	2.423	70.00	0.285
111.728	0.05	Adapter 2423Hz Probe 3839Hz	15	2.423	70.00	0.285
111.808	0.05	Adapter 2423Hz Probe 3839Hz	15	3.839	70.00	0.437
111.988	0.05	Adapter 2423Hz Probe 3839Hz	15	2.423	70.00	0.285
112.068	0.05	Adapter 2423Hz Probe 3839Hz	15	2.423	70.00	0.285
112.148	0.05	Adapter 2423Hz Probe 3839Hz	15	2.423	70.00	0.285
112.228	0.05	Adapter 2423Hz Probe 3839Hz	15	2.423	70.00	0.285
112.308	0.05	Adapter 2423Hz Probe 3839Hz	15	3.839	70.00	0.437
114.976	0.05	Adapter 3839Hz Probe 3839Hz	16	3.839	70.00	0.437
115.056	0.05	Adapter 3839Hz Probe 3839Hz	16	3.839	70.00	0.437
115.136	0.05	Adapter 3839Hz Probe 3839Hz	16	3.839	70.00	0.437
115.216	0.05	Adapter 3839Hz Probe 3839Hz	16	3.839	70.00	0.437
115.296	0.05	Adapter 3839Hz Probe 3839Hz	16	3.839	70.00	0.437
115.476	0.05	Adapter 3839Hz Probe 3839Hz	16	3.839	70.00	0.437
115.556	0.05	Adapter 3839Hz Probe 3839Hz	16	3.839	70.00	0.437
115.636	0.05	Adapter 3839Hz Probe 3839Hz	16	3.839	70.00	0.437
115.716	0.05	Adapter 3839Hz Probe 3839Hz	16	3.839	70.00	0.437
115.796	0.05	Adapter 3839Hz Probe 3839Hz	16	3.839	70.00	0.437
115.976	0.05	Adapter 3839Hz Probe 3839Hz	16	3.839	70.00	0.437
116.056	0.05	Adapter 3839Hz Probe 3839Hz	16	3.839	70.00	0.437
116.136	0.05	Adapter 3839Hz Probe 3839Hz	16	3.839	70.00	0.437
116.216	0.05	Adapter 3839Hz Probe 3839Hz	16	3.839	70.00	0.437
116.296	0.05	Adapter 3839Hz Probe 3839Hz	16	3.839	70.00	0.437
116.476	0.05	Adapter 3839Hz Probe 3839Hz	16	3.839	70.00	0.437
116.556	0.05	Adapter 3839Hz Probe 3839Hz	16	3.839	70.00	0.437
116.636	0.05	Adapter 3839Hz Probe 3839Hz	16	3.839	70.00	0.437
116.716	0.05	Adapter 3839Hz Probe 3839Hz	16	3.839	70.00	0.437
116.796	0.05	Adapter 3839Hz Probe 3839Hz	16	3.839	70.00	0.437
116.976	0.05	Adapter 3839Hz Probe 3839Hz	16	3.839	70.00	0.437
117.056	0.05	Adapter 3839Hz Probe 3839Hz	16	3.839	70.00	0.437
117.136	0.05	Adapter 3839Hz Probe 3839Hz	16	3.839	70.00	0.437
117.216	0.05	Adapter 3839Hz Probe 3839Hz	16	3.839	70.00	0.437
117.296	0.05	Adapter 3839Hz Probe 3839Hz	16	3.839	70.00	0.437
117.476	0.05	Adapter 3839Hz Probe 3839Hz	16	3.839	70.00	0.437
117.556	0.05	Adapter 3839Hz Probe 3839Hz	16	3.839	70.00	0.437
117.636	0.05	Adapter 3839Hz Probe 3839Hz	16	3.839	70.00	0.437
117.716	0.05	Adapter 3839Hz Probe 3839Hz	16	3.839	70.00	0.437
117.796	0.05	Adapter 3839Hz Probe 3839Hz	16	3.839	70.00	0.437
117.976	0.05	Adapter 3839Hz Probe 3839Hz	16	3.839	70.00	0.437
118.056	0.05	Adapter 3839Hz Probe 3839Hz	16	3.839	70.00	0.437
118.136	0.05	Adapter 3839Hz Probe 3839Hz	16	3.839	70.00	0.437
118.216	0.05	Adapter 3839Hz Probe 3839Hz	16	3.839	70.00	0.437
118.296	0.05	Adapter 3839Hz Probe 3839Hz	16	3.839	70.00	0.437
118.476	0.05	Adapter 3839Hz Probe 3839Hz	16	3.839	70.00	0.437
118.556	0.05	Adapter 3839Hz Probe 3839Hz	16	3.839	70.00	0.437
118.636	0.05	Adapter 3839Hz Probe 3839Hz	16	3.839	70.00	0.437
118.716	0.05	Adapter 3839Hz Probe 3839Hz	16	3.839	70.00	0.437
118.796	0.05	Adapter 3839Hz Probe 3839Hz	16	3.839	70.00	0.437
118.976	0.05	Adapter 3839Hz Probe 3839Hz	16	3.839	70.00	0.437
119.056	0.05	Adapter 3839Hz Probe 3839Hz	16	3.839	70.00	0.437
119.136	0.05	Adapter 3839Hz Probe 3839Hz	16	3.839	70.00	0.437
119.216	0.05	Adapter 3839Hz Probe 3839Hz	16	3.839	70.00	0.437
119.296	0.05	Adapter 3839Hz Probe 3839Hz	16	3.839	70.00	0.437
119.476	0.05	Adapter 3839Hz Probe 3839Hz	16	3.839	70.00	0.437
119.556	0.05	Adapter 3839Hz Probe 3839Hz	16	3.839	70.00	0.437
119.636	0.05	Adapter 3839Hz Probe 3839Hz	16	3.839	70.00	0.437
119.716	0.05	Adapter 3839Hz Probe 3839Hz	16	3.839	70.00	0.437
119.796	0.05	Adapter 3839Hz Probe 3839Hz	16	3.839	70.00	0.437
122.464	0.05	Adapter 3839Hz	17	3.839	70.00	0.437
122.544	0.05	Adapter 3839Hz	17	3.839	70.00	0.437
122.624	0.05	Adapter 3839Hz	17	3.839	70.00	0.437
122.704	0.05	Adapter 3839Hz	17	3.839	70.00	0.437
122.964	0.05	Adapter 3839Hz	17	3.839	70.00	0.437
123.044	0.05	Adapter 3839Hz	17	3.839	70.00	0.437
123.124	0.05	Adapter 3839Hz	17	3.839	70.00	0.437
123.204	0.05	Adapter 3839Hz	17	3.839	70.00	0.437
123.464	0.05	Adapter 3839Hz	17	3.839	70.00	0.437
123.544	0.05	Adapter 3839Hz	17	3.839	70.00	0.437
123.624	0.05	Adapter 3839Hz	17	3.839	70.00	0.437
123.704	0.05	Adapter 3839Hz	17	3.839	70.00	0.437
123.964	0.05	Adapter 3839Hz	17	3.839	70.00	0.437
124.044	0.05	Adapter 3839Hz	17	3.839	70.00	0.437
124.124	0.05	Adapter 3839Hz	17	3.839	70.00	0.437
124.204	0.05	Adapter 3839Hz	17	3.839	70.00	0.437
124.464	0.05	Adapter 3839Hz	17	3.839	70.00	0.437
124.544	0.05	Adapter 3839Hz	17	3.839	70.00	0.437
124.624	0.05	Adapter 3839Hz	17	3.839	70.00	0.437
124.704	0.05	Adapter 3839Hz	17	3.839	70.00	0.437
124.964	0.05	Adapter 3839Hz	17	3.839	70.00	0.437
125.044	0.05	Adapter 3839Hz	17	3.839	70.00	0.437
125.124	0.05	Adapter 3839Hz	17	3.839	70.00	0.437
125.204	0.05	Adapter 3839Hz	17	3.839	70.00	0.437
125.464	0.05	Adapter 3839Hz	17	3.839	70.00	0.437
125.544	0.05	Adapter 3839Hz	17	3.839	70.00	0.437
125.624	0.05	Adapter 3839Hz	17	3.839	70.00	0.437
125.704	0.05	Adapter 3839Hz	17	3.839	70.00	0.437
125.964	0.05	Adapter 3839Hz	17	3.839	70.00	0.437
126.044	0.05	Adapter 3839Hz	17	3.839	70.00	0.437
126.124	0.05	Adapter 3839Hz	17	3.839	70.00	0.437
126.204	0.05	Adapter 3839Hz	17	3.839	70.00	0.437
126.464	0.05	Adapter 3839Hz	17	3.839	70.00	0.437
126.544	0.05	Adapter 3839Hz	17	3.839	70.00	0.437
126.624	0.05	Adapter 3839Hz	17	3.839	70.00	0.437
126.704	0.05	Adapter 3839Hz	17	3.839	70.00	0.437
126.964	0.05	Adapter 3839Hz	17	3.839	70.00	0.437
127.044	0.05	Adapter 3839Hz	17	3.839	70.00	0.437
127.124	0.05	Adapter 3839Hz	17	3.839	70.00	0.437
127.204	0.05	Adapter 3839Hz	17	3.839	70.00	0.437
137.807	0.05	Probe 3839Hz	19	3.839	70.00	0.437
138.307	0.05	Probe 3839Hz	19	3.839	70.00	0.437
138.807	0.05	Probe 3839Hz	19	3.839	70.00	0.437
139.307	0.05	Probe 3839Hz	19	3.839	70.00	0.437
139.807	0.05	Probe 3839Hz	19	3.839	70.00	0.437
140.307	0.05	Probe 3839Hz	19	3.839	70.00	0.437
140.807	0.05	Probe 3839Hz	19	3.839	70.00	0.437
141.307	0.05	Probe 3839Hz	19	3.839	70.00	0.437
141.807	0.05	Probe 3839Hz	19	3.839	70.00	0.437
142.307	0.05	Probe 3839Hz	19	3.839	70.00	0.437
144.975	0.05	Adapter 2423Hz Probe 3839Hz	20	2.423	70.00	0.285
145.055	0.05	Adapter 2423Hz Probe 3839Hz	20	2.423	70.00	0.285
145.135	0.05	Adapter 2423Hz Probe 3839Hz	20	2.423	70.00	0.285
145.215	0.05	Adapter 2423Hz Probe 3839Hz	20	2.423	70.00	0.285
145.295	0.05	Adapter 2423Hz Probe 3839Hz	20	3.839	70.00	0.437
145.475	0.05	Adapter 2423Hz Probe 3839Hz	20	2.423	70.00	0.285
145.555	0.05	Adapter 2423Hz Probe 3839Hz	20	2.423	70.00	0.285
145.635	0.05	Adapter 2423Hz Probe 3839Hz	20	2.423	70.00	0.285
145.715	0.05	Adapter 2423Hz Probe 3839Hz	20	2.423	70.00	0.285
145.795	0.05	Adapter 2423Hz Probe 3839Hz	20	3.839	70.00	0.437
145.975	0.05	Adapter 2423Hz Probe 3839Hz	20	2.423	70.00	0.285
146.055	0.05	Adapter 2423Hz Probe 3839Hz	20	2.423	70.00	0.285
146.135	0.05	Adapter 2423Hz Probe 3839Hz	20	2.423	70.00	0.285
146.215	0.05	Adapter 2423Hz Probe 3839Hz	20	2.423	70.00	0.285
146.295	0.05	Adapter 2423Hz Probe 3839Hz	20	3.839	70.00	0.437
146.475	0.05	Adapter 2423Hz Probe 3839Hz	20	2.423	70.00	0.285
146.555	0.05	Adapter 2423Hz Probe 3839Hz	20	2.423	70.00	0.285
146.635	0.05	Adapter 2423Hz Probe 3839Hz	20	2.423	70.00	0.285
146.715	0.05	Adapter 2423Hz Probe 3839Hz	20	2.423	70.00	0.285
146.795	0.05	Adapter 2423Hz Probe 3839Hz	20	3.839	70.00	0.437
146.975	0.05	Adapter 2423Hz Probe 3839Hz	20	2.423	70.00	0.285
147.055	0.05	Adapter 2423Hz Probe 3839Hz	20	2.423	70.00	0.285
147.135	0.05	Adapter 2423Hz Probe 3839Hz	20	2.423	70.00	0.285
147.215	0.05	Adapter 2423Hz Probe 3839Hz	20	2.423	70.00	0.285
147.295	0.05	Adapter 2423Hz Probe 3839Hz	20	3.839	70.00	0.437
147.475	0.05	Adapter 2423Hz Probe 3839Hz	20	2.423	70.00	0.285
147.555	0.05	Adapter 2423Hz Probe 3839Hz	20	2.423	70.00	0.285
147.635	0.05	Adapter 2423Hz Probe 3839Hz	20	2.423	70.00	0.285
147.715	0.05	Adapter 2423Hz Probe 3839Hz	20	2.423	70.00	0.285
147.795	0.05	Adapter 2423Hz Probe 3839Hz	20	3.839	70.00	0.437
147.975	0.05	Adapter 2423Hz Probe 3839Hz	20	2.423	70.00	0.285
148.055	0.05	Adapter 2423Hz Probe 3839Hz	20	2.423	70.00	0.285
148.135	0.05	Adapter 2423Hz Probe 3839Hz	20	2.423	70.00	0.285
148.215	0.05	Adapter 2423Hz Probe 3839Hz	20	2.423	70.00	0.285
148.295	0.05	Adapter 2423Hz Probe 3839Hz	20	3.839	70.00	0.437
148.475	0.05	Adapter 2423Hz Probe 3839Hz	20	2.423	70.00	0.285
148.555	0.05	Adapter 2423Hz Probe 3839Hz	20	2.423	70.00	0.285
148.635	0.05	Adapter 2423Hz Probe 3839Hz	20	2.423	70.00	0.285
148.715	0.05	Adapter 2423Hz Probe 3839Hz	20	2.423	70.00	0.285
148.795	0.05	Adapter 2423Hz Probe 3839Hz	20	3.839	70.00	0.437
148.975	0.05	Adapter 2423Hz Probe 3839Hz	20	2.423	70.00	0.285
149.055	0.05	Adapter 2423Hz Probe 3839Hz	20	2.423	70.00	0.285
149.135	0.05	Adapter 2423Hz Probe 3839Hz	20	2.423	70.00	0.285
149.215	0.05	Adapter 2423Hz Probe 3839Hz	20	2.423	70.00	0.285
149.295	0.05	Adapter 2423Hz Probe 3839Hz	20	3.839	70.00	0.437
149.475	0.05	Adapter 2423Hz Probe 3839Hz	20	2.423	70.00	0.285
149.555	0.05	Adapter 2423Hz Probe 3839Hz	20	2.423	70.00	0.285
149.635	0.05	Adapter 2423Hz Probe 3839Hz	20	2.423	70.00	0.285
149.715	0.05	Adapter 2423Hz Probe 3839Hz	20	2.423	70.00	0.285
149.795	0.05	Adapter 2423Hz Probe 3839Hz	20	3.839	70.00	0.437
152.463	0.05	Adapter 1501Hz	21	1.501	70.00	0.186
152.543	0.05	Adapter 1501Hz	21	1.501	70.00	0.186
152.623	0.05	Adapter 1501Hz	21	1.501	70.00	0.186
152.703	0.05	Adapter 1501Hz	21	1.501	70.00	0.186
152.963	0.05	Adapter 1501Hz	21	1.501	70.00	0.186
153.043	0.05	Adapter 1501Hz	21	1.501	70.00	0.186
153.123	0.05	Adapter 1501Hz	21	1.501	70.00	0.186
153.203	0.05	Adapter 1501Hz	21	1.501	70.00	0.186
153.463	0.05	Adapter 1501Hz	21	1.501	70.00	0.186
153.543	0.05	Adapter 1501Hz	21	1.501	70.00	0.186
153.623	0.05	Adapter 1501Hz	21	1.501	70.00	0.186
153.703	0.05	Adapter 1501Hz	21	1.501	70.00	0.186
153.963	0.05	Adapter 1501Hz	21	1.501	70.00	0.186
154.043	0.05	Adapter 1501Hz	21	1.501	70.00	0.186
154.123	0.05	Adapter 1501Hz	21	1.501	70.00	0.186
154.203	0.05	Adapter 1501Hz	21	1.501	70.00	0.186
154.463	0.05	Adapter 1501Hz	21	1.501	70.00	0.186
154.543	0.05	Adapter 1501Hz	21	1.501	70.00	0.186
154.623	0.05	Adapter 1501Hz	21	1.501	70.00	0.186
154.703	0.05	Adapter 1501Hz	21	1.501	70.00	0.186
154.963	0.05	Adapter 1501Hz	21	1.501	70.00	0.186
155.043	0.05	Adapter 1501Hz	21	1.501	70.00	0.186
155.123	0.05	Adapter 1501Hz	21	1.501	70.00	0.186
155.203	0.05	Adapter 1501Hz	21	1.501	70.00	0.186
155.463	0.05	Adapter 1501Hz	21	1.501	70.00	0.186
155.543	0.05	Adapter 1501Hz	21	1.501	70.00	0.186
155.623	0.05	Adapter 1501Hz	21	1.501	70.00	0.186
155.703	0.05	Adapter 1501Hz	21	1.501	70.00	0.186
155.963	0.05	Adapter 1501Hz	21	1.501	70.00	0.186
156.043	0.05	Adapter 1501Hz	21	1.501	70.00	0.186
156.123	0.05	Adapter 1501Hz	21	1.501	70.00	0.186
156.203	0.05	Adapter 1501Hz	21	1.501	70.00	0.186
156.463	0.05	Adapter 1501Hz	21	1.501	70.00	0.186
156.543	0.05	Adapter 1501Hz	21	1.501	70.00	0.186
156.623	0.05	Adapter 1501Hz	21	1.501	70.00	0.186
156.703	0.05	Adapter 1501Hz	21	1.501	70.00	0.186
156.963	0.05	Adapter 1501Hz	21	1.501	70.00	0.186
157.043	0.05	Adapter 1501Hz	21	1.501	70.00	0.186
157.123	0.05	Adapter 1501Hz	21	1.501	70.00	0.186
157.203	0.05	Adapter 1501Hz	21	1.501	70.00	0.186
167.517	0.05	Adapter 2423Hz	23	2.423	70.00	0.285
167.597	0.05	Adapter 2423Hz	23	2.423	70.00	0.285
167.677	0.05	Adapter 2423Hz	23	2.423	70.00	0.285
167.757	0.05	Adapter 2423Hz	23	2.423	70.00	0.285
168.017	0.05	Adapter 2423Hz	23	2.423	70.00	0.285
168.097	0.05	Adapter 2423Hz	23	2.423	70.00	0.285
168.177	0.05	Adapter 2423Hz	23	2.423	70.00	0.285
168.257	0.05	Adapter 2423Hz	23	2.423	70.00	0.285
168.517	0.05	Adapter 2423Hz	23	2.423	70.00	0.285
168.597	0.05	Adapter 2423Hz	23	2.423	70.00	0.285
168.677	0.05	Adapter 2423Hz	23	2.423	70.00	0.285
168.757	0.05	Adapter 2423Hz	23	2.423	70.00	0.285
169.017	0.05	Adapter 2423Hz	23	2.423	70.00	0.285
169.097	0.05	Adapter 2423Hz	23	2.423	70.00	0.285
169.177	0.05	Adapter 2423Hz	23	2.423	70.00	0.285
169.257	0.05	Adapter 2423Hz	23	2.423	70.00	0.285
169.517	0.05	Adapter 2423Hz	23	2.423	70.00	0.285
169.597	0.05	Adapter 2423Hz	23	2.423	70.00	0.285
169.677	0.05	Adapter 2423Hz	23	2.423	70.00	0.285
169.757	0.05	Adapter 2423Hz	23	2.423	70.00	0.285
170.017	0.05	Adapter 2423Hz	23	2.423	70.00	0.285
170.097	0.05	Adapter 2423Hz	23	2.423	70.00	0.285
170.177	0.05	Adapter 2423Hz	23	2.423	70.00	0.285
170.257	0.05	Adapter 2423Hz	23	2.423	70.00	0.285
170.517	0.05	Adapter 2423Hz	23	2.423	70.00	0.285
170.597	0.05	Adapter 2423Hz	23	2.423	70.00	0.285
170.677	0.05	Adapter 2423Hz	23	2.423	70.00	0.285
170.757	0.05	Adapter 2423Hz	23	2.423	70.00	0.285
171.017	0.05	Adapter 2423Hz	23	2.423	70.00	0.285
171.097	0.05	Adapter 2423Hz	23	2.423	70.00	0.285
171.177	0.05	Adapter 2423Hz	23	2.423	70.00	0.285
171.257	0.05	Adapter 2423Hz	23	2.423	70.00	0.285
171.517	0.05	Adapter 2423Hz	23	2.423	70.00	0.285
171.597	0.05	Adapter 2423Hz	23	2.423	70.00	0.285
171.677	0.05	Adapter 2423Hz	23	2.423	70.00	0.285
171.757	0.05	Adapter 2423Hz	23	2.423	70.00	0.285
172.017	0.05	Adapter 2423Hz	23	2.423	70.00	0.285
172.097	0.05	Adapter 2423Hz	23	2.423	70.00	0.285
172.177	0.05	Adapter 2423Hz	23	2.423	70.00	0.285
172.257	0.05	Adapter 2423Hz	23	2.423	70.00	0.285
175.005	0.05	Adapter 507Hz Probe 3839Hz	24	0.507	70.00	0.079
175.085	0.05	Adapter 507Hz Probe 3839Hz	24	0.507	70.00	0.079
175.165	0.05	Adapter 507Hz Probe 3839Hz	24	0.507	70.00	0.079
175.245	0.05	Adapter 507Hz Probe 3839Hz	24	0.507	70.00	0.079
175.325	0.05	Adapter 507Hz Probe 3839Hz	24	3.839	70.00	0.437
175.505	0.05	Adapter 507Hz Probe 3839Hz	24	0.507	70.00	0.079
175.585	0.05	Adapter 507Hz Probe 3839Hz	24	0.507	70.00	0.079
175.665	0.05	Adapter 507Hz Probe 3839Hz	24	0.507	70.00	0.079
175.745	0.05	Adapter 507Hz Probe 3839Hz	24	0.507	70.00	0.079
175.825	0.05	Adapter 507Hz Probe 3839Hz	24	3.839	70.00	0.437
176.005	0.05	Adapter 507Hz Probe 3839Hz	24	0.507	70.00	0.079
176.085	0.05	Adapter 507Hz Probe 3839Hz	24	0.507	70.00	0.079
176.165	0.05	Adapter 507Hz Probe 3839Hz	24	0.507	70.00	0.079
176.245	0.05	Adapter 507Hz Probe 3839Hz	24	0.507	70.00	0.079
176.325	0.05	Adapter 507Hz Probe 3839Hz	24	3.839	70.00	0.437
176.505	0.05	Adapter 507Hz Probe 3839Hz	24	0.507	70.00	0.079
176.585	0.05	Adapter 507Hz Probe 3839Hz	24	0.507	70.00	0.079
176.665	0.05	Adapter 507Hz Probe 3839Hz	24	0.507	70.00	0.079
176.745	0.05	Adapter 507Hz Probe 3839Hz	24	0.507	70.00	0.079
176.825	0.05	Adapter 507Hz Probe 3839Hz	24	3.839	70.00	0.437
177.005	0.05	Adapter 507Hz Probe 3839Hz	24	0.507	70.00	0.079
177.085	0.05	Adapter 507Hz Probe 3839Hz	24	0.507	70.00	0.079
177.165	0.05	Adapter 507Hz Probe 3839Hz	24	0.507	70.00	0.079
177.245	0.05	Adapter 507Hz Probe 3839Hz	24	0.507	70.00	0.079
177.325	0.05	Adapter 507Hz Probe 3839Hz	24	3.839	70.00	0.437
177.505	0.05	Adapter 507Hz Probe 3839Hz	24	0.507	70.00	0.079
177.585	0.05	Adapter 507Hz Probe 3839Hz	24	0.507	70.00	0.079
177.665	0.05	Adapter 507Hz Probe 3839Hz	24	0.507	70.00	0.079
177.745	0.05	Adapter 507Hz Probe 3839Hz	24	0.507	70.00	0.079
177.825	0.05	Adapter 507Hz Probe 3839Hz	24	3.839	70.00	0.437
178.005	0.05	Adapter 507Hz Probe 3839Hz	24	0.507	70.00	0.079
178.085	0.05	Adapter 507Hz Probe 3839Hz	24	0.507	70.00	0.079
178.165	0.05	Adapter 507Hz Probe 3839Hz	24	0.507	70.00	0.079
178.245	0.05	Adapter 507Hz Probe 3839Hz	24	0.507	70.00	0.079
178.325	0.05	Adapter 507Hz Probe 3839Hz	24	3.839	70.00	0.437
178.505	0.05	Adapter 507Hz Probe 3839Hz	24	0.507	70.00	0.079
178.585	0.05	Adapter 507Hz Probe 3839Hz	24	0.507	70.00	0.079
178.665	0.05	Adapter 507Hz Probe 3839Hz	24	0.507	70.00	0.079
178.745	0.05	Adapter 507Hz Probe 3839Hz	24	0.507	70.00	0.079
178.825	0.05	Adapter 507Hz Probe 3839Hz	24	3.839	70.00	0.437
179.005	0.05	Adapter 507Hz Probe 3839Hz	24	0.507	70.00	0.079
179.085	0.05	Adapter 507Hz Probe 3839Hz	24	0.507	70.00	0.079
179.165	0.05	Adapter 507Hz Probe 3839Hz	24	0.507	70.00	0.079
179.245	0.05	Adapter 507Hz Probe 3839Hz	24	0.507	70.00	0.079
179.325	0.05	Adapter 507Hz Probe 3839Hz	24	3.839	70.00	0.437
179.505	0.05	Adapter 507Hz Probe 3839Hz	24	0.507	70.00	0.079
179.585	0.05	Adapter 507Hz Probe 3839Hz	24	0.507	70.00	0.079
179.665	0.05	Adapter 507Hz Probe 3839Hz	24	0.507	70.00	0.079
179.745	0.05	Adapter 507Hz Probe 3839Hz	24	0.507	70.00	0.079
179.825	0.05	Adapter 507Hz Probe 3839Hz	24	3.839	70.00	0.437
182.493	0.05	Adapter 899Hz	25	0.899	70.00	0.121
182.573	0.05	Adapter 899Hz	25	0.899	70.00	0.121
182.653	0.05	Adapter 899Hz	25	0.899	70.00	0.121
182.733	0.05	Adapter 899Hz	25	0.899	70.00	0.121
182.993	0.05	Adapter 899Hz	25	0.899	70.00	0.121
183.073	0.05	Adapter 899Hz	25	0.899	70.00	0.121
183.153	0.05	Adapter 899Hz	25	0.899	70.00	0.121
183.233	0.05	Adapter 899Hz	25	0.899	70.00	0.121
183.493	0.05	Adapter 899Hz	25	0.899	70.00	0.121
183.573	0.05	Adapter 899Hz	25	0.899	70.00	0.121
183.653	0.05	Adapter 899Hz	25	0.899	70.00	0.121
183.733	0.05	Adapter 899Hz	25	0.899	70.00	0.121
183.993	0.05	Adapter 899Hz	25	0.899	70.00	0.121
184.073	0.05	Adapter 899Hz	25	0.899	70.00	0.121
184.153	0.05	Adapter 899Hz	25	0.899	70.00	0.121
184.233	0.05	Adapter 899Hz	25	0.899	70.00	0.121
184.493	0.05	Adapter 899Hz	25	0.899	70.00	0.121
184.573	0.05	Adapter 899Hz	25	0.899	70.00	0.121
184.653	0.05	Adapter 899Hz	25	0.899	70.00	0.121
184.733	0.05	Adapter 899Hz	25	0.899	70.00	0.121
184.993	0.05	Adapter 899Hz	25	0.899	70.00	0.121
185.073	0.05	Adapter 899Hz	25	0.899	70.00	0.121
185.153	0.05	Adapter 899Hz	25	0.899	70.00	0.121
185.233	0.05	Adapter 899Hz	25	0.899	70.00	0.121
185.493	0.05	Adapter 899Hz	25	0.899	70.00	0.121
185.573	0.05	Adapter 899Hz	25	0.899	70.00	0.121
185.653	0.05	Adapter 899Hz	25	0.899	70.00	0.121
185.733	0.05	Adapter 899Hz	25	0.899	70.00	0.121
185.993	0.05	Adapter 899Hz	25	0.899	70.00	0.121
186.073	0.05	Adapter 899Hz	25	0.899	70.00	0.121
186.153	0.05	Adapter 899Hz	25	0.899	70.00	0.121
186.233	0.05	Adapter 899Hz	25	0.899	70.00	0.121
186.493	0.05	Adapter 899Hz	25	0.899	70.00	0.121
186.573	0.05	Adapter 899Hz	25	0.899	70.00	0.121
186.653	0.05	Adapter 899Hz	25	0.899	70.00	0.121
186.733	0.05	Adapter 899Hz	25	0.899	70.00	0.121
186.993	0.05	Adapter 899Hz	25	0.899	70.00	0.121
187.073	0.05	Adapter 899Hz	25	0.899	70.00	0.121
187.153	0.05	Adapter 899Hz	25	0.899	70.00	0.121
187.233	0.05	Adapter 899Hz	25	0.899	70.00	0.121
197.485	0.05	Adapter 251Hz	27	0.251	70.00	0.052
197.565	0.05	Adapter 251Hz	27	0.251	70.00	0.052
197.645	0.05	Adapter 251Hz	27	0.251	70.00	0.052
197.725	0.05	Adapter 251Hz	27	0.251	70.00	0.052
197.985	0.05	Adapter 251Hz	27	0.251	70.00	0.052
198.065	0.05	Adapter 251Hz	27	0.251	70.00	0.052
198.145	0.05	Adapter 251Hz	27	0.251	70.00	0.052
198.225	0.05	Adapter 251Hz	27	0.251	70.00	0.052
198.485	0.05	Adapter 251Hz	27	0.251	70.00	0.052
198.565	0.05	Adapter 251Hz	27	0.251	70.00	0.052
198.645	0.05	Adapter 251Hz	27	0.251	70.00	0.052
198.725	0.05	Adapter 251Hz	27	0.251	70.00	0.052
198.985	0.05	Adapter 251Hz	27	0.251	70.00	0.052
199.065	0.05	Adapter 251Hz	27	0.251	70.00	0.052
199.145	0.05	Adapter 251Hz	27	0.251	70.00	0.052
199.225	0.05	Adapter 251Hz	27	0.251	70.00	0.052
199.485	0.05	Adapter 251Hz	27	0.251	70.00	0.052
199.565	0.05	Adapter 251Hz	27	0.251	70.00	0.052
199.645	0.05	Adapter 251Hz	27	0.251	70.00	0.052
199.725	0.05	Adapter 251Hz	27	0.251	70.00	0.052
199.985	0.05	Adapter 251Hz	27	0.251	70.00	0.052
200.065	0.05	Adapter 251Hz	27	0.251	70.00	0.052
200.145	0.05	Adapter 251Hz	27	0.251	70.00	0.052
200.225	0.05	Adapter 251Hz	27	0.251	70.00	0.052
200.485	0.05	Adapter 251Hz	27	0.251	70.00	0.052
200.565	0.05	Adapter 251Hz	27	0.251	70.00	0.052
200.645	0.05	Adapter 251Hz	27	0.251	70.00	0.052
200.725	0.05	Adapter 251Hz	27	0.251	70.00	0.052
200.985	0.05	Adapter 251Hz	27	0.251	70.00	0.052
201.065	0.05	Adapter 251Hz	27	0.251	70.00	0.052
201.145	0.05	Adapter 251Hz	27	0.251	70.00	0.052
201.225	0.05	Adapter 251Hz	27	0.251	70.00	0.052
201.485	0.05	Adapter 251Hz	27	0.251	70.00	0.052
201.565	0.05	Adapter 251Hz	27	0.251	70.00	0.052
201.645	0.05	Adapter 251Hz	27	0.251	70.00	0.052
201.725	0.05	Adapter 251Hz	27	0.251	70.00	0.052
201.985	0.05	Adapter 251Hz	27	0.251	70.00	0.052
202.065	0.05	Adapter 251Hz	27	0.251	70.00	0.052
202.145	0.05	Adapter 251Hz	27	0.251	70.00	0.052
202.225	0.05	Adapter 251Hz	27	0.251	70.00	0.052
204.973	0.05	Adapter 3839Hz Probe 3839Hz	28	3.839	70.00	0.437
205.053	0.05	Adapter 3839Hz Probe 3839Hz	28	3.839	70.00	0.437
205.133	0.05	Adapter 3839Hz Probe 3839Hz	28	3.839	70.00	0.437
205.213	0.05	Adapter 3839Hz Probe 3839Hz	28	3.839	70.00	0.437
205.293	0.05	Adapter 3839Hz Probe 3839Hz	28	3.839	70.00	0.437
205.473	0.05	Adapter 3839Hz Probe 3839Hz	28	3.839	70.00	0.437
205.553	0.05	Adapter 3839Hz Probe 3839Hz	28	3.839	70.00	0.437
205.633	0.05	Adapter 3839Hz Probe 3839Hz	28	3.839	70.00	0.437
205.713	0.05	Adapter 3839Hz Probe 3839Hz	28	3.839	70.00	0.437
205.793	0.05	Adapter 3839Hz Probe 3839Hz	28	3.839	70.00	0.437
205.973	0.05	Adapter 3839Hz Probe 3839Hz	28	3.839	70.00	0.437
206.053	0.05	Adapter 3839Hz Probe 3839Hz	28	3.839	70.00	0.437
206.133	0.05	Adapter 3839Hz Probe 3839Hz	28	3.839	70.00	0.437
206.213	0.05	Adapter 3839Hz Probe 3839Hz	28	3.839	70.00	0.437
206.293	0.05	Adapter 3839Hz Probe 3839Hz	28	3.839	70.00	0.437
206.473	0.05	Adapter 3839Hz Probe 3839Hz	28	3.839	70.00	0.437
206.553	0.05	Adapter 3839Hz Probe 3839Hz	28	3.839	70.00	0.437
206.633	0.05	Adapter 3839Hz Probe 3839Hz	28	3.839	70.00	0.437
206.713	0.05	Adapter 3839Hz Probe 3839Hz	28	3.839	70.00	0.437
206.793	0.05	Adapter 3839Hz Probe 3839Hz	28	3.839	70.00	0.437
206.973	0.05	Adapter 3839Hz Probe 3839Hz	28	3.839	70.00	0.437
207.053	0.05	Adapter 3839Hz Probe 3839Hz	28	3.839	70.00	0.437
207.133	0.05	Adapter 3839Hz Probe 3839Hz	28	3.839	70.00	0.437
207.213	0.05	Adapter 3839Hz Probe 3839Hz	28	3.839	70.00	0.437
207.293	0.05	Adapter 3839Hz Probe 3839Hz	28	3.839	70.00	0.437
207.473	0.05	Adapter 3839Hz Probe 3839Hz	28	3.839	70.00	0.437
207.553	0.05	Adapter 3839Hz Probe 3839Hz	28	3.839	70.00	0.437
207.633	0.05	Adapter 3839Hz Probe 3839Hz	28	3.839	70.00	0.437
207.713	0.05	Adapter 3839Hz Probe 3839Hz	28	3.839	70.00	0.437
207.793	0.05	Adapter 3839Hz Probe 3839Hz	28	3.839	70.00	0.437
207.973	0.05	Adapter 3839Hz Probe 3839Hz	28	3.839	70.00	0.437
208.053	0.05	Adapter 3839Hz Probe 3839Hz	28	3.839	70.00	0.437
208.133	0.05	Adapter 3839Hz Probe 3839Hz	28	3.839	70.00	0.437
208.213	0.05	Adapter 3839Hz Probe 3839Hz	28	3.839	70.00	0.437
208.293	0.05	Adapter 3839Hz Probe 3839Hz	28	3.839	70.00	0.437
208.473	0.05	Adapter 3839Hz Probe 3839Hz	28	3.839	70.00	0.437
208.553	0.05	Adapter 3839Hz Probe 3839Hz	28	3.839	70.00	0.437
208.633	0.05	Adapter 3839Hz Probe 3839Hz	28	3.839	70.00	0.437
208.713	0.05	Adapter 3839Hz Probe 3839Hz	28	3.839	70.00	0.437
208.793	0.05	Adapter 3839Hz Probe 3839Hz	28	3.839	70.00	0.437
208.973	0.05	Adapter 3839Hz Probe 3839Hz	28	3.839	70.00	0.437
209.053	0.05	Adapter 3839Hz Probe 3839Hz	28	3.839	70.00	0.437
209.133	0.05	Adapter 3839Hz Probe 3839Hz	28	3.839	70.00	0.437
209.213	0.05	Adapter 3839Hz Probe 3839Hz	28	3.839	70.00	0.437
209.293	0.05	Adapter 3839Hz Probe 3839Hz	28	3.839	70.00	0.437
209.473	0.05	Adapter 3839Hz Probe 3839Hz	28	3.839	70.00	0.437
209.553	0.05	Adapter 3839Hz Probe 3839Hz	28	3.839	70.00	0.437
209.633	0.05	Adapter 3839Hz Probe 3839Hz	28	3.839	70.00	0.437
209.713	0.05	Adapter 3839Hz Probe 3839Hz	28	3.839	70.00	0.437
209.793	0.05	Adapter 3839Hz Probe 3839Hz	28	3.839	70.00	0.437
212.523	0.05	Adapter 1501Hz Probe 3839Hz	29	1.501	70.00	0.186
212.603	0.05	Adapter 1501Hz Probe 3839Hz	29	1.501	70.00	0.186
212.683	0.05	Adapter 1501Hz Probe 3839Hz	29	1.501	70.00	0.186
212.763	0.05	Adapter 1501Hz Probe 3839Hz	29	1.501	70.00	0.186
212.843	0.05	Adapter 1501Hz Probe 3839Hz	29	3.839	70.00	0.437
213.023	0.05	Adapter 1501Hz Probe 3839Hz	29	1.501	70.00	0.186
213.103	0.05	Adapter 1501Hz Probe 3839Hz	29	1.501	70.00	0.186
213.183	0.05	Adapter 1501Hz Probe 3839Hz	29	1.501	70.00	0.186
213.263	0.05	Adapter 1501Hz Probe 3839Hz	29	1.501	70.00	0.186
213.343	0.05	Adapter 1501Hz Probe 3839Hz	29	3.839	70.00	0.437
213.523	0.05	Adapter 1501Hz Probe 3839Hz	29	1.501	70.00	0.186
213.603	0.05	Adapter 1501Hz Probe 3839Hz	29	1.501	70.00	0.186
213.683	0.05	Adapter 1501Hz Probe 3839Hz	29	1.501	70.00	0.186
213.763	0.05	Adapter 1501Hz Probe 3839Hz	29	1.501	70.00	0.186
213.843	0.05	Adapter 1501Hz Probe 3839Hz	29	3.839	70.00	0.437
214.023	0.05	Adapter 1501Hz Probe 3839Hz	29	1.501	70.00	0.186
214.103	0.05	Adapter 1501Hz Probe 3839Hz	29	1.501	70.00	0.186
214.183	0.05	Adapter 1501Hz Probe 3839Hz	29	1.501	70.00	0.186
214.263	0.05	Adapter 1501Hz Probe 3839Hz	29	1.501	70.00	0.186
214.343	0.05	Adapter 1501Hz Probe 3839Hz	29	3.839	70.00	0.437
214.523	0.05	Adapter 1501Hz Probe 3839Hz	29	1.501	70.00	0.186
214.603	0.05	Adapter 1501Hz Probe 3839Hz	29	1.501	70.00	0.186
214.683	0.05	Adapter 1501Hz Probe 3839Hz	29	1.501	70.00	0.186
214.763	0.05	Adapter 1501Hz Probe 3839Hz	29	1.501	70.00	0.186
214.843	0.05	Adapter 1501Hz Probe 3839Hz	29	3.839	70.00	0.437
215.023	0.05	Adapter 1501Hz Probe 3839Hz	29	1.501	70.00	0.186
215.103	0.05	Adapter 1501Hz Probe 3839Hz	29	1.501	70.00	0.186
215.183	0.05	Adapter 1501Hz Probe 3839Hz	29	1.501	70.00	0.186
215.263	0.05	Adapter 1501Hz Probe 3839Hz	29	1.501	70.00	0.186
215.343	0.05	Adapter 1501Hz Probe 3839Hz	29	3.839	70.00	0.437
215.523	0.05	Adapter 1501Hz Probe 3839Hz	29	1.501	70.00	0.186
215.603	0.05	Adapter 1501Hz Probe 3839Hz	29	1.501	70.00	0.186
215.683	0.05	Adapter 1501Hz Probe 3839Hz	29	1.501	70.00	0.186
215.763	0.05	Adapter 1501Hz Probe 3839Hz	29	1.501	70.00	0.186
215.843	0.05	Adapter 1501Hz Probe 3839Hz	29	3.839	70.00	0.437
216.023	0.05	Adapter 1501Hz Probe 3839Hz	29	1.501	70.00	0.186
216.103	0.05	Adapter 1501Hz Probe 3839Hz	29	1.501	70.00	0.186
216.183	0.05	Adapter 1501Hz Probe 3839Hz	29	1.501	70.00	0.186
216.263	0.05	Adapter 1501Hz Probe 3839Hz	29	1.501	70.00	0.186
216.343	0.05	Adapter 1501Hz Probe 3839Hz	29	3.839	70.00	0.437
216.523	0.05	Adapter 1501Hz Probe 3839Hz	29	1.501	70.00	0.186
216.603	0.05	Adapter 1501Hz Probe 3839Hz	29	1.501	70.00	0.186
216.683	0.05	Adapter 1501Hz Probe 3839Hz	29	1.501	70.00	0.186
216.763	0.05	Adapter 1501Hz Probe 3839Hz	29	1.501	70.00	0.186
216.843	0.05	Adapter 1501Hz Probe 3839Hz	29	3.839	70.00	0.437
217.023	0.05	Adapter 1501Hz Probe 3839Hz	29	1.501	70.00	0.186
217.103	0.05	Adapter 1501Hz Probe 3839Hz	29	1.501	70.00	0.186
217.183	0.05	Adapter 1501Hz Probe 3839Hz	29	1.501	70.00	0.186
217.263	0.05	Adapter 1501Hz Probe 3839Hz	29	1.501	70.00	0.186
217.343	0.05	Adapter 1501Hz Probe 3839Hz	29	3.839	70.00	0.437
219.996	0.05	Adapter 507Hz	30	0.507	70.00	0.079
220.076	0.05	Adapter 507Hz	30	0.507	70.00	0.079
220.156	0.05	Adapter 507Hz	30	0.507	70.00	0.079
220.236	0.05	Adapter 507Hz	30	0.507	70.00	0.079
220.496	0.05	Adapter 507Hz	30	0.507	70.00	0.079
220.576	0.05	Adapter 507Hz	30	0.507	70.00	0.079
220.656	0.05	Adapter 507Hz	30	0.507	70.00	0.079
220.736	0.05	Adapter 507Hz	30	0.507	70.00	0.079
220.996	0.05	Adapter 507Hz	30	0.507	70.00	0.079
221.076	0.05	Adapter 507Hz	30	0.507	70.00	0.079
221.156	0.05	Adapter 507Hz	30	0.507	70.00	0.079
221.236	0.05	Adapter 507Hz	30	0.507	70.00	0.079
221.496	0.05	Adapter 507Hz	30	0.507	70.00	0.079
221.576	0.05	Adapter 507Hz	30	0.507	70.00	0.079
221.656	0.05	Adapter 507Hz	30	0.507	70.00	0.079
221.736	0.05	Adapter 507Hz	30	0.507	70.00	0.079
221.996	0.05	Adapter 507Hz	30	0.507	70.00	0.079
222.076	0.05	Adapter 507Hz	30	0.507	70.00	0.079
222.156	0.05	Adapter 507Hz	30	0.507	70.00	0.079
222.236	0.05	Adapter 507Hz	30	0.507	70.00	0.079
222.496	0.05	Adapter 507Hz	30	0.507	70.00	0.079
222.576	0.05	Adapter 507Hz	30	0.507	70.00	0.079
222.656	0.05	Adapter 507Hz	30	0.507	70.00	0.079
222.736	0.05	Adapter 507Hz	30	0.507	70.00	0.079
222.996	0.05	Adapter 507Hz	30	0.507	70.00	0.079
223.076	0.05	Adapter 507Hz	30	0.507	70.00	0.079
223.156	0.05	Adapter 507Hz	30	0.507	70.00	0.079
223.236	0.05	Adapter 507Hz	30	0.507	70.00	0.079
223.496	0.05	Adapter 507Hz	30	0.507	70.00	0.079
223.576	0.05	Adapter 507Hz	30	0.507	70.00	0.079
223.656	0.05	Adapter 507Hz	30	0.507	70.00	0.079
223.736	0.05	Adapter 507Hz	30	0.507	70.00	0.079
223.996	0.05	Adapter 507Hz	30	0.507	70.00	0.079
224.076	0.05	Adapter 507Hz	30	0.507	70.00	0.079
224.156	0.05	Adapter 507Hz	30	0.507	70.00	0.079
224.236	0.05	Adapter 507Hz	30	0.507	70.00	0.079
224.496	0.05	Adapter 507Hz	30	0.507	70.00	0.079
224.576	0.05	Adapter 507Hz	30	0.507	70.00	0.079
224.656	0.05	Adapter 507Hz	30	0.507	70.00	0.079
224.736	0.05	Adapter 507Hz	30	0.507	70.00	0.079
227.484	0.05	Adapter 6009Hz	31	6.009	70.00	0.671
227.564	0.05	Adapter 6009Hz	31	6.009	70.00	0.671
227.644	0.05	Adapter 6009Hz	31	6.009	70.00	0.671
227.724	0.05	Adapter 6009Hz	31	6.009	70.00	0.671
227.984	0.05	Adapter 6009Hz	31	6.009	70.00	0.671
228.064	0.05	Adapter 6009Hz	31	6.009	70.00	0.671
228.144	0.05	Adapter 6009Hz	31	6.009	70.00	0.671
228.224	0.05	Adapter 6009Hz	31	6.009	70.00	0.671
228.484	0.05	Adapter 6009Hz	31	6.009	70.00	0.671
228.564	0.05	Adapter 6009Hz	31	6.009	70.00	0.671
228.644	0.05	Adapter 6009Hz	31	6.009	70.00	0.671
228.724	0.05	Adapter 6009Hz	31	6.009	70.00	0.671
228.984	0.05	Adapter 6009Hz	31	6.009	70.00	0.671
229.064	0.05	Adapter 6009Hz	31	6.009	70.00	0.671
229.144	0.05	Adapter 6009Hz	31	6.009	70.00	0.671
229.224	0.05	Adapter 6009Hz	31	6.009	70.00	0.671
229.484	0.05	Adapter 6009Hz	31	6.009	70.00	0.671
229.564	0.05	Adapter 6009Hz	31	6.009	70.00	0.671
229.644	0.05	Adapter 6009Hz	31	6.009	70.00	0.671
229.724	0.05	Adapter 6009Hz	31	6.009	70.00	0.671
229.984	0.05	Adapter 6009Hz	31	6.009	70.00	0.671
230.064	0.05	Adapter 6009Hz	31	6.009	70.00	0.671
230.144	0.05	Adapter 6009Hz	31	6.009	70.00	0.671
230.224	0.05	Adapter 6009Hz	31	6.009	70.00	0.671
230.484	0.05	Adapter 6009Hz	31	6.009	70.00	0.671
230.564	0.05	Adapter 6009Hz	31	6.009	70.00	0.671
230.644	0.05	Adapter 6009Hz	31	6.009	70.00	0.671
230.724	0.05	Adapter 6009Hz	31	6.009	70.00	0.671
230.984	0.05	Adapter 6009Hz	31	6.009	70.00	0.671
231.064	0.05	Adapter 6009Hz	31	6.009	70.00	0.671
231.144	0.05	Adapter 6009Hz	31	6.009	70.00	0.671
231.224	0.05	Adapter 6009Hz	31	6.009	70.00	0.671
231.484	0.05	Adapter 6009Hz	31	6.009	70.00	0.671
231.564	0.05	Adapter 6009Hz	31	6.009	70.00	0.671
231.644	0.05	Adapter 6009Hz	31	6.009	70.00	0.671
231.724	0.05	Adapter 6009Hz	31	6.009	70.00	0.671
231.984	0.05	Adapter 6009Hz	31	6.009	70.00	0.671
232.064	0.05	Adapter 6009Hz	31	6.009	70.00	0.671
232.144	0.05	Adapter 6009Hz	31	6.009	70.00	0.671
232.224	0.05	Adapter 6009Hz	31	6.009	70.00	0.671
234.972	0.05	Adapter 899Hz Probe 3839Hz	32	0.899	70.00	0.121
235.052	0.05	Adapter 899Hz Probe 3839Hz	32	0.899	70.00	0.121
235.132	0.05	Adapter 899Hz Probe 3839Hz	32	0.899	70.00	0.121
235.212	0.05	Adapter 899Hz Probe 3839Hz	32	0.899	70.00	0.121
235.292	0.05	Adapter 899Hz Probe 3839Hz	32	3.839	70.00	0.437
235.472	0.05	Adapter 899Hz Probe 3839Hz	32	0.899	70.00	0.121
235.552	0.05	Adapter 899Hz Probe 3839Hz	32	0.899	70.00	0.121
235.632	0.05	Adapter 899Hz Probe 3839Hz	32	0.899	70.00	0.121
235.712	0.05	Adapter 899Hz Probe 3839Hz	32	0.899	70.00	0.121
235.792	0.05	Adapter 899Hz Probe 3839Hz	32	3.839	70.00	0.437
235.972	0.05	Adapter 899Hz Probe 3839Hz	32	0.899	70.00	0.121
236.052	0.05	Adapter 899Hz Probe 3839Hz	32	0.899	70.00	0.121
236.132	0.05	Adapter 899Hz Probe 3839Hz	32	0.899	70.00	0.121
236.212	0.05	Adapter 899Hz Probe 3839Hz	32	0.899	70.00	0.121
236.292	0.05	Adapter 899Hz Probe 3839Hz	32	3.839	70.00	0.437
236.472	0.05	Adapter 899Hz Probe 3839Hz	32	0.899	70.00	0.121
236.552	0.05	Adapter 899Hz Probe 3839Hz	32	0.899	70.00	0.121
236.632	0.05	Adapter 899Hz Probe 3839Hz	32	0.899	70.00	0.121
236.712	0.05	Adapter 899Hz Probe 3839Hz	32	0.899	70.00	0.121
236.792	0.05	Adapter 899Hz Probe 3839Hz	32	3.839	70.00	0.437
236.972	0.05	Adapter 899Hz Probe 3839Hz	32	0.899	70.00	0.121
237.052	0.05	Adapter 899Hz Probe 3839Hz	32	0.899	70.00	0.121
237.132	0.05	Adapter 899Hz Probe 3839Hz	32	0.899	70.00	0.121
237.212	0.05	Adapter 899Hz Probe 3839Hz	32	0.899	70.00	0.121
237.292	0.05	Adapter 899Hz Probe 3839Hz	32	3.839	70.00	0.437
237.472	0.05	Adapter 899Hz Probe 3839Hz	32	0.899	70.00	0.121
237.552	0.05	Adapter 899Hz Probe 3839Hz	32	0.899	70.00	0.121
237.632	0.05	Adapter 899Hz Probe 3839Hz	32	0.899	70.00	0.121
237.712	0.05	Adapter 899Hz Probe 3839Hz	32	0.899	70.00	0.121
237.792	0.05	Adapter 899Hz Probe 3839Hz	32	3.839	70.00	0.437
237.972	0.05	Adapter 899Hz Probe 3839Hz	32	0.899	70.00	0.121
238.052	0.05	Adapter 899Hz Probe 3839Hz	32	0.899	70.00	0.121
238.132	0.05	Adapter 899Hz Probe 3839Hz	32	0.899	70.00	0.121
238.212	0.05	Adapter 899Hz Probe 3839Hz	32	0.899	70.00	0.121
238.292	0.05	Adapter 899Hz Probe 3839Hz	32	3.839	70.00	0.437
238.472	0.05	Adapter 899Hz Probe 3839Hz	32	0.899	70.00	0.121
238.552	0.05	Adapter 899Hz Probe 3839Hz	32	0.899	70.00	0.121
238.632	0.05	Adapter 899Hz Probe 3839Hz	32	0.899	70.00	0.121
238.712	0.05	Adapter 899Hz Probe 3839Hz	32	0.899	70.00	0.121
238.792	0.05	Adapter 899Hz Probe 3839Hz	32	3.839	70.00	0.437
238.972	0.05	Adapter 899Hz Probe 3839Hz	32	0.899	70.00	0.121
239.052	0.05	Adapter 899Hz Probe 3839Hz	32	0.899	70.00	0.121
239.132	0.05	Adapter 899Hz Probe 3839Hz	32	0.899	70.00	0.121
239.212	0.05	Adapter 899Hz Probe 3839Hz	32	0.899	70.00	0.121
239.292	0.05	Adapter 899Hz Probe 3839Hz	32	3.839	70.00	0.437
239.472	0.05	Adapter 899Hz Probe 3839Hz	32	0.899	70.00	0.121
239.552	0.05	Adapter 899Hz Probe 3839Hz	32	0.899	70.00	0.121
239.632	0.05	Adapter 899Hz Probe 3839Hz	32	0.899	70.00	0.121
239.712	0.05	Adapter 899Hz Probe 3839Hz	32	0.899	70.00	0.121
239.792	0.05	Adapter 899Hz Probe 3839Hz	32	3.839	70.00	0.437
242.522	0.05	Adapter 3839Hz	33	3.839	70.00	0.437
242.602	0.05	Adapter 3839Hz	33	3.839	70.00	0.437
242.682	0.05	Adapter 3839Hz	33	3.839	70.00	0.437
242.762	0.05	Adapter 3839Hz	33	3.839	70.00	0.437
243.022	0.05	Adapter 3839Hz	33	3.839	70.00	0.437
243.102	0.05	Adapter 3839Hz	33	3.839	70.00	0.437
243.182	0.05	Adapter 3839Hz	33	3.839	70.00	0.437
243.262	0.05	Adapter 3839Hz	33	3.839	70.00	0.437
243.522	0.05	Adapter 3839Hz	33	3.839	70.00	0.437
243.602	0.05	Adapter 3839Hz	33	3.839	70.00	0.437
243.682	0.05	Adapter 3839Hz	33	3.839	70.00	0.437
243.762	0.05	Adapter 3839Hz	33	3.839	70.00	0.437
244.022	0.05	Adapter 3839Hz	33	3.839	70.00	0.437
244.102	0.05	Adapter 3839Hz	33	3.839	70.00	0.437
244.182	0.05	Adapter 3839Hz	33	3.839	70.00	0.437
244.262	0.05	Adapter 3839Hz	33	3.839	70.00	0.437
244.522	0.05	Adapter 3839Hz	33	3.839	70.00	0.437
244.602	0.05	Adapter 3839Hz	33	3.839	70.00	0.437
244.682	0.05	Adapter 3839Hz	33	3.839	70.00	0.437
244.762	0.05	Adapter 3839Hz	33	3.839	70.00	0.437
245.022	0.05	Adapter 3839Hz	33	3.839	70.00	0.437
245.102	0.05	Adapter 3839Hz	33	3.839	70.00	0.437
245.182	0.05	Adapter 3839Hz	33	3.839	70.00	0.437
245.262	0.05	Adapter 3839Hz	33	3.839	70.00	0.437
245.522	0.05	Adapter 3839Hz	33	3.839	70.00	0.437
245.602	0.05	Adapter 3839Hz	33	3.839	70.00	0.437
245.682	0.05	Adapter 3839Hz	33	3.839	70.00	0.437
245.762	0.05	Adapter 3839Hz	33	3.839	70.00	0.437
246.022	0.05	Adapter 3839Hz	33	3.839	70.00	0.437
246.102	0.05	Adapter 3839Hz	33	3.839	70.00	0.437
246.182	0.05	Adapter 3839Hz	33	3.839	70.00	0.437
246.262	0.05	Adapter 3839Hz	33	3.839	70.00	0.437
246.522	0.05	Adapter 3839Hz	33	3.839	70.00	0.437
246.602	0.05	Adapter 3839Hz	33	3.839	70.00	0.437
246.682	0.05	Adapter 3839Hz	33	3.839	70.00	0.437
246.762	0.05	Adapter 3839Hz	33	3.839	70.00	0.437
247.022	0.05	Adapter 3839Hz	33	3.839	70.00	0.437
247.102	0.05	Adapter 3839Hz	33	3.839	70.00	0.437
247.182	0.05	Adapter 3839Hz	33	3.839	70.00	0.437
247.262	0.05	Adapter 3839Hz	33	3.839	70.00	0.437
249.995	0.05	Adapter 899Hz	34	0.899	70.00	0.121
250.075	0.05	Adapter 899Hz	34	0.899	70.00	0.121
250.155	0.05	Adapter 899Hz	34	0.899	70.00	0.121
250.235	0.05	Adapter 899Hz	34	0.899	70.00	0.121
250.495	0.05	Adapter 899Hz	34	0.899	70.00	0.121
250.575	0.05	Adapter 899Hz	34	0.899	70.00	0.121
250.655	0.05	Adapter 899Hz	34	0.899	70.00	0.121
250.735	0.05	Adapter 899Hz	34	0.899	70.00	0.121
250.995	0.05	Adapter 899Hz	34	0.899	70.00	0.121
251.075	0.05	Adapter 899Hz	34	0.899	70.00	0.121
251.155	0.05	Adapter 899Hz	34	0.899	70.00	0.121
251.235	0.05	Adapter 899Hz	34	0.899	70.00	0.121
251.495	0.05	Adapter 899Hz	34	0.899	70.00	0.121
251.575	0.05	Adapter 899Hz	34	0.899	70.00	0.121
251.655	0.05	Adapter 899Hz	34	0.899	70.00	0.121
251.735	0.05	Adapter 899Hz	34	0.899	70.00	0.121
251.995	0.05	Adapter 899Hz	34	0.899	70.00	0.121
252.075	0.05	Adapter 899Hz	34	0.899	70.00	0.121
252.155	0.05	Adapter 899Hz	34	0.899	70.00	0.121
252.235	0.05	Adapter 899Hz	34	0.899	70.00	0.121
252.495	0.05	Adapter 899Hz	34	0.899	70.00	0.121
252.575	0.05	Adapter 899Hz	34	0.899	70.00	0.121
252.655	0.05	Adapter 899Hz	34	0.899	70.00	0.121
252.735	0.05	Adapter 899Hz	34	0.899	70.00	0.121
252.995	0.05	Adapter 899Hz	34	0.899	70.00	0.121
253.075	0.05	Adapter 899Hz	34	0.899	70.00	0.121
253.155	0.05	Adapter 899Hz	34	0.899	70.00	0.121
253.235	0.05	Adapter 899Hz	34	0.899	70.00	0.121
253.495	0.05	Adapter 899Hz	34	0.899	70.00	0.121
253.575	0.05	Adapter 899Hz	34	0.899	70.00	0.121
253.655	0.05	Adapter 899Hz	34	0.899	70.00	0.121
253.735	0.05	Adapter 899Hz	34	0.899	70.00	0.121
253.995	0.05	Adapter 899Hz	34	0.899	70.00	0.121
254.075	0.05	Adapter 899Hz	34	0.899	70.00	0.121
254.155	0.05	Adapter 899Hz	34	0.899	70.00	0.121
254.235	0.05	Adapter 899Hz	34	0.899	70.00	0.121
254.495	0.05	Adapter 899Hz	34	0.899	70.00	0.121
254.575	0.05	Adapter 899Hz	34	0.899	70.00	0.121
254.655	0.05	Adapter 899Hz	34	0.899	70.00	0.121
254.735	0.05	Adapter 899Hz	34	0.899	70.00	0.121
257.483	0.05	Adapter 2423Hz	35	2.423	70.00	0.285
257.563	0.05	Adapter 2423Hz	35	2.423	70.00	0.285
257.643	0.05	Adapter 2423Hz	35	2.423	70.00	0.285
257.723	0.05	Adapter 2423Hz	35	2.423	70.00	0.285
257.983	0.05	Adapter 2423Hz	35	2.423	70.00	0.285
258.063	0.05	Adapter 2423Hz	35	2.423	70.00	0.285
258.143	0.05	Adapter 2423Hz	35	2.423	70.00	0.285
258.223	0.05	Adapter 2423Hz	35	2.423	70.00	0.285
258.483	0.05	Adapter 2423Hz	35	2.423	70.00	0.285
258.563	0.05	Adapter 2423Hz	35	2.423	70.00	0.285
258.643	0.05	Adapter 2423Hz	35	2.423	70.00	0.285
258.723	0.05	Adapter 2423Hz	35	2.423	70.00	0.285
258.983	0.05	Adapter 2423Hz	35	2.423	70.00	0.285
259.063	0.05	Adapter 2423Hz	35	2.423	70.00	0.285
259.143	0.05	Adapter 2423Hz	35	2.423	70.00	0.285
259.223	0.05	Adapter 2423Hz	35	2.423	70.00	0.285
259.483	0.05	Adapter 2423Hz	35	2.423	70.00	0.285
259.563	0.05	Adapter 2423Hz	35	2.423	70.00	0.285
259.643	0.05	Adapter 2423Hz	35	2.423	70.00	0.285
259.723	0.05	Adapter 2423Hz	35	2.423	70.00	0.285
259.983	0.05	Adapter 2423Hz	35	2.423	70.00	0.285
260.063	0.05	Adapter 2423Hz	35	2.423	70.00	0.285
260.143	0.05	Adapter 2423Hz	35	2.423	70.00	0.285
260.223	0.05	Adapter 2423Hz	35	2.423	70.00	0.285
260.483	0.05	Adapter 2423Hz	35	2.423	70.00	0.285
260.563	0.05	Adapter 2423Hz	35	2.423	70.00	0.285
260.643	0.05	Adapter 2423Hz	35	2.423	70.00	0.285
260.723	0.05	Adapter 2423Hz	35	2.423	70.00	0.285
260.983	0.05	Adapter 2423Hz	35	2.423	70.00	0.285
261.063	0.05	Adapter 2423Hz	35	2.423	70.00	0.285
261.143	0.05	Adapter 2423Hz	35	2.423	70.00	0.285
261.223	0.05	Adapter 2423Hz	35	2.423	70.00	0.285
261.483	0.05	Adapter 2423Hz	35	2.423	70.00	0.285
261.563	0.05	Adapter 2423Hz	35	2.423	70.00	0.285
261.643	0.05	Adapter 2423Hz	35	2.423	70.00	0.285
261.723	0.05	Adapter 2423Hz	35	2.423	70.00	0.285
261.983	0.05	Adapter 2423Hz	35	2.423	70.00	0.285
262.063	0.05	Adapter 2423Hz	35	2.423	70.00	0.285
262.143	0.05	Adapter 2423Hz	35	2.423	70.00	0.285
262.223	0.05	Adapter 2423Hz	35	2.423	70.00	0.285
265.017	0.05	Adapter 6009Hz	36	6.009	70.00	0.671
265.097	0.05	Adapter 6009Hz	36	6.009	70.00	0.671
265.177	0.05	Adapter 6009Hz	36	6.009	70.00	0.671
265.257	0.05	Adapter 6009Hz	36	6.009	70.00	0.671
265.517	0.05	Adapter 6009Hz	36	6.009	70.00	0.671
265.597	0.05	Adapter 6009Hz	36	6.009	70.00	0.671
265.677	0.05	Adapter 6009Hz	36	6.009	70.00	0.671
265.757	0.05	Adapter 6009Hz	36	6.009	70.00	0.671
266.017	0.05	Adapter 6009Hz	36	6.009	70.00	0.671
266.097	0.05	Adapter 6009Hz	36	6.009	70.00	0.671
266.177	0.05	Adapter 6009Hz	36	6.009	70.00	0.671
266.257	0.05	Adapter 6009Hz	36	6.009	70.00	0.671
266.517	0.05	Adapter 6009Hz	36	6.009	70.00	0.671
266.597	0.05	Adapter 6009Hz	36	6.009	70.00	0.671
266.677	0.05	Adapter 6009Hz	36	6.009	70.00	0.671
266.757	0.05	Adapter 6009Hz	36	6.009	70.00	0.671
267.017	0.05	Adapter 6009Hz	36	6.009	70.00	0.671
267.097	0.05	Adapter 6009Hz	36	6.009	70.00	0.671
267.177	0.05	Adapter 6009Hz	36	6.009	70.00	0.671
267.257	0.05	Adapter 6009Hz	36	6.009	70.00	0.671
267.517	0.05	Adapter 6009Hz	36	6.009	70.00	0.671
267.597	0.05	Adapter 6009Hz	36	6.009	70.00	0.671
267.677	0.05	Adapter 6009Hz	36	6.009	70.00	0.671
267.757	0.05	Adapter 6009Hz	36	6.009	70.00	0.671
268.017	0.05	Adapter 6009Hz	36	6.009	70.00	0.671
268.097	0.05	Adapter 6009Hz	36	6.009	70.00	0.671
268.177	0.05	Adapter 6009Hz	36	6.009	70.00	0.671
268.257	0.05	Adapter 6009Hz	36	6.009	70.00	0.671
268.517	0.05	Adapter 6009Hz	36	6.009	70.00	0.671
268.597	0.05	Adapter 6009Hz	36	6.009	70.00	0.671
268.677	0.05	Adapter 6009Hz	36	6.009	70.00	0.671
268.757	0.05	Adapter 6009Hz	36	6.009	70.00	0.671
269.017	0.05	Adapter 6009Hz	36	6.009	70.00	0.671
269.097	0.05	Adapter 6009Hz	36	6.009	70.00	0.671
269.177	0.05	Adapter 6009Hz	36	6.009	70.00	0.671
269.257	0.05	Adapter 6009Hz	36	6.009	70.00	0.671
269.517	0.05	Adapter 6009Hz	36	6.009	70.00	0.671
269.597	0.05	Adapter 6009Hz	36	6.009	70.00	0.671
269.677	0.05	Adapter 6009Hz	36	6.009	70.00	0.671
269.757	0.05	Adapter 6009Hz	36	6.009	70.00	0.671
272.505	0.05	Adapter 3839Hz Probe 3839Hz	37	3.839	70.00	0.437
272.585	0.05	Adapter 3839Hz Probe 3839Hz	37	3.839	70.00	0.437
272.665	0.05	Adapter 3839Hz Probe 3839Hz	37	3.839	70.00	0.437
272.745	0.05	Adapter 3839Hz Probe 3839Hz	37	3.839	70.00	0.437
272.825	0.05	Adapter 3839Hz Probe 3839Hz	37	3.839	70.00	0.437
273.005	0.05	Adapter 3839Hz Probe 3839Hz	37	3.839	70.00	0.437
273.085	0.05	Adapter 3839Hz Probe 3839Hz	37	3.839	70.00	0.437
273.165	0.05	Adapter 3839Hz Probe 3839Hz	37	3.839	70.00	0.437
273.245	0.05	Adapter 3839Hz Probe 3839Hz	37	3.839	70.00	0.437
273.325	0.05	Adapter 3839Hz Probe 3839Hz	37	3.839	70.00	0.437
273.505	0.05	Adapter 3839Hz Probe 3839Hz	37	3.839	70.00	0.437
273.585	0.05	Adapter 3839Hz Probe 3839Hz	37	3.839	70.00	0.437
273.665	0.05	Adapter 3839Hz Probe 3839Hz	37	3.839	70.00	0.437
273.745	0.05	Adapter 3839Hz Probe 3839Hz	37	3.839	70.00	0.437
273.825	0.05	Adapter 3839Hz Probe 3839Hz	37	3.839	70.00	0.437
274.005	0.05	Adapter 3839Hz Probe 3839Hz	37	3.839	70.00	0.437
274.085	0.05	Adapter 3839Hz Probe 3839Hz	37	3.839	70.00	0.437
274.165	0.05	Adapter 3839Hz Probe 3839Hz	37	3.839	70.00	0.437
274.245	0.05	Adapter 3839Hz Probe 3839Hz	37	3.839	70.00	0.437
274.325	0.05	Adapter 3839Hz Probe 3839Hz	37	3.839	70.00	0.437
274.505	0.05	Adapter 3839Hz Probe 3839Hz	37	3.839	70.00	0.437
274.585	0.05	Adapter 3839Hz Probe 3839Hz	37	3.839	70.00	0.437
274.665	0.05	Adapter 3839Hz Probe 3839Hz	37	3.839	70.00	0.437
274.745	0.05	Adapter 3839Hz Probe 3839Hz	37	3.839	70.00	0.437
274.825	0.05	Adapter 3839Hz Probe 3839Hz	37	3.839	70.00	0.437
275.005	0.05	Adapter 3839Hz Probe 3839Hz	37	3.839	70.00	0.437
275.085	0.05	Adapter 3839Hz Probe 3839Hz	37	3.839	70.00	0.437
275.165	0.05	Adapter 3839Hz Probe 3839Hz	37	3.839	70.00	0.437
275.245	0.05	Adapter 3839Hz Probe 3839Hz	37	3.839	70.00	0.437
275.325	0.05	Adapter 3839Hz Probe 3839Hz	37	3.839	70.00	0.437
275.505	0.05	Adapter 3839Hz Probe 3839Hz	37	3.839	70.00	0.437
275.585	0.05	Adapter 3839Hz Probe 3839Hz	37	3.839	70.00	0.437
275.665	0.05	Adapter 3839Hz Probe 3839Hz	37	3.839	70.00	0.437
275.745	0.05	Adapter 3839Hz Probe 3839Hz	37	3.839	70.00	0.437
275.825	0.05	Adapter 3839Hz Probe 3839Hz	37	3.839	70.00	0.437
276.005	0.05	Adapter 3839Hz Probe 3839Hz	37	3.839	70.00	0.437
276.085	0.05	Adapter 3839Hz Probe 3839Hz	37	3.839	70.00	0.437
276.165	0.05	Adapter 3839Hz Probe 3839Hz	37	3.839	70.00	0.437
276.245	0.05	Adapter 3839Hz Probe 3839Hz	37	3.839	70.00	0.437
276.325	0.05	Adapter 3839Hz Probe 3839Hz	37	3.839	70.00	0.437
276.505	0.05	Adapter 3839Hz Probe 3839Hz	37	3.839	70.00	0.437
276.585	0.05	Adapter 3839Hz Probe 3839Hz	37	3.839	70.00	0.437
276.665	0.05	Adapter 3839Hz Probe 3839Hz	37	3.839	70.00	0.437
276.745	0.05	Adapter 3839Hz Probe 3839Hz	37	3.839	70.00	0.437
276.825	0.05	Adapter 3839Hz Probe 3839Hz	37	3.839	70.00	0.437
277.005	0.05	Adapter 3839Hz Probe 3839Hz	37	3.839	70.00	0.437
277.085	0.05	Adapter 3839Hz Probe 3839Hz	37	3.839	70.00	0.437
277.165	0.05	Adapter 3839Hz Probe 3839Hz	37	3.839	70.00	0.437
277.245	0.05	Adapter 3839Hz Probe 3839Hz	37	3.839	70.00	0.437
277.325	0.05	Adapter 3839Hz Probe 3839Hz	37	3.839	70.00	0.437
287.497	0.05	Adapter 507Hz	39	0.507	70.00	0.079
287.577	0.05	Adapter 507Hz	39	0.507	70.00	0.079
287.657	0.05	Adapter 507Hz	39	0.507	70.00	0.079
287.737	0.05	Adapter 507Hz	39	0.507	70.00	0.079
287.997	0.05	Adapter 507Hz	39	0.507	70.00	0.079
288.077	0.05	Adapter 507Hz	39	0.507	70.00	0.079
288.157	0.05	Adapter 507Hz	39	0.507	70.00	0.079
288.237	0.05	Adapter 507Hz	39	0.507	70.00	0.079
288.497	0.05	Adapter 507Hz	39	0.507	70.00	0.079
288.577	0.05	Adapter 507Hz	39	0.507	70.00	0.079
288.657	0.05	Adapter 507Hz	39	0.507	70.00	0.079
288.737	0.05	Adapter 507Hz	39	0.507	70.00	0.079
288.997	0.05	Adapter 507Hz	39	0.507	70.00	0.079
289.077	0.05	Adapter 507Hz	39	0.507	70.00	0.079
289.157	0.05	Adapter 507Hz	39	0.507	70.00	0.079
289.237	0.05	Adapter 507Hz	39	0.507	70.00	0.079
289.497	0.05	Adapter 507Hz	39	0.507	70.00	0.079
289.577	0.05	Adapter 507Hz	39	0.507	70.00	0.079
289.657	0.05	Adapter 507Hz	39	0.507	70.00	0.079
289.737	0.05	Adapter 507Hz	39	0.507	70.00	0.079
289.997	0.05	Adapter 507Hz	39	0.507	70.00	0.079
290.077	0.05	Adapter 507Hz	39	0.507	70.00	0.079
290.157	0.05	Adapter 507Hz	39	0.507	70.00	0.079
290.237	0.05	Adapter 507Hz	39	0.507	70.00	0.079
290.497	0.05	Adapter 507Hz	39	0.507	70.00	0.079
290.577	0.05	Adapter 507Hz	39	0.507	70.00	0.079
290.657	0.05	Adapter 507Hz	39	0.507	70.00	0.079
290.737	0.05	Adapter 507Hz	39	0.507	70.00	0.079
290.997	0.05	Adapter 507Hz	39	0.507	70.00	0.079
291.077	0.05	Adapter 507Hz	39	0.507	70.00	0.079
291.157	0.05	Adapter 507Hz	39	0.507	70.00	0.079
291.237	0.05	Adapter 507Hz	39	0.507	70.00	0.079
291.497	0.05	Adapter 507Hz	39	0.507	70.00	0.079
291.577	0.05	Adapter 507Hz	39	0.507	70.00	0.079
291.657	0.05	Adapter 507Hz	39	0.507	70.00	0.079
291.737	0.05	Adapter 507Hz	39	0.507	70.00	0.079
291.997	0.05	Adapter 507Hz	39	0.507	70.00	0.079
292.077	0.05	Adapter 507Hz	39	0.507	70.00	0.079
292.157	0.05	Adapter 507Hz	39	0.507	70.00	0.079
292.237	0.05	Adapter 507Hz	39	0.507	70.00	0.079
294.985	0.05	Adapter 1501Hz	40	1.501	70.00	0.186
295.065	0.05	Adapter 1501Hz	40	1.501	70.00	0.186
295.145	0.05	Adapter 1501Hz	40	1.501	70.00	0.186
295.225	0.05	Adapter 1501Hz	40	1.501	70.00	0.186
295.485	0.05	Adapter 1501Hz	40	1.501	70.00	0.186
295.565	0.05	Adapter 1501Hz	40	1.501	70.00	0.186
295.645	0.05	Adapter 1501Hz	40	1.501	70.00	0.186
295.725	0.05	Adapter 1501Hz	40	1.501	70.00	0.186
295.985	0.05	Adapter 1501Hz	40	1.501	70.00	0.186
296.065	0.05	Adapter 1501Hz	40	1.501	70.00	0.186
296.145	0.05	Adapter 1501Hz	40	1.501	70.00	0.186
296.225	0.05	Adapter 1501Hz	40	1.501	70.00	0.186
296.485	0.05	Adapter 1501Hz	40	1.501	70.00	0.186
296.565	0.05	Adapter 1501Hz	40	1.501	70.00	0.186
296.645	0.05	Adapter 1501Hz	40	1.501	70.00	0.186
296.725	0.05	Adapter 1501Hz	40	1.501	70.00	0.186
296.985	0.05	Adapter 1501Hz	40	1.501	70.00	0.186
297.065	0.05	Adapter 1501Hz	40	1.501	70.00	0.186
297.145	0.05	Adapter 1501Hz	40	1.501	70.00	0.186
297.225	0.05	Adapter 1501Hz	40	1.501	70.00	0.186
297.485	0.05	Adapter 1501Hz	40	1.501	70.00	0.186
297.565	0.05	Adapter 1501Hz	40	1.501	70.00	0.186
297.645	0.05	Adapter 1501Hz	40	1.501	70.00	0.186
297.725	0.05	Adapter 1501Hz	40	1.501	70.00	0.186
297.985	0.05	Adapter 1501Hz	40	1.501	70.00	0.186
298.065	0.05	Adapter 1501Hz	40	1.501	70.00	0.186
298.145	0.05	Adapter 1501Hz	40	1.501	70.00	0.186
298.225	0.05	Adapter 1501Hz	40	1.501	70.00	0.186
298.485	0.05	Adapter 1501Hz	40	1.501	70.00	0.186
298.565	0.05	Adapter 1501Hz	40	1.501	70.00	0.186
298.645	0.05	Adapter 1501Hz	40	1.501	70.00	0.186
298.725	0.05	Adapter 1501Hz	40	1.501	70.00	0.186
298.985	0.05	Adapter 1501Hz	40	1.501	70.00	0.186
299.065	0.05	Adapter 1501Hz	40	1.501	70.00	0.186
299.145	0.05	Adapter 1501Hz	40	1.501	70.00	0.186
299.225	0.05	Adapter 1501Hz	40	1.501	70.00	0.186
299.485	0.05	Adapter 1501Hz	40	1.501	70.00	0.186
299.565	0.05	Adapter 1501Hz	40	1.501	70.00	0.186
299.645	0.05	Adapter 1501Hz	40	1.501	70.00	0.186
299.725	0.05	Adapter 1501Hz	40	1.501	70.00	0.186
302.473	0.05	Adapter 899Hz Probe 3839Hz	41	0.899	70.00	0.121
302.553	0.05	Adapter 899Hz Probe 3839Hz	41	0.899	70.00	0.121
302.633	0.05	Adapter 899Hz Probe 3839Hz	41	0.899	70.00	0.121
302.713	0.05	Adapter 899Hz Probe 3839Hz	41	0.899	70.00	0.121
302.793	0.05	Adapter 899Hz Probe 3839Hz	41	3.839	70.00	0.437
302.973	0.05	Adapter 899Hz Probe 3839Hz	41	0.899	70.00	0.121
303.053	0.05	Adapter 899Hz Probe 3839Hz	41	0.899	70.00	0.121
303.133	0.05	Adapter 899Hz Probe 3839Hz	41	0.899	70.00	0.121
303.213	0.05	Adapter 899Hz Probe 3839Hz	41	0.899	70.00	0.121
303.293	0.05	Adapter 899Hz Probe 3839Hz	41	3.839	70.00	0.437
303.473	0.05	Adapter 899Hz Probe 3839Hz	41	0.899	70.00	0.121
303.553	0.05	Adapter 899Hz Probe 3839Hz	41	0.899	70.00	0.121
303.633	0.05	Adapter 899Hz Probe 3839Hz	41	0.899	70.00	0.121
303.713	0.05	Adapter 899Hz Probe 3839Hz	41	0.899	70.00	0.121
303.793	0.05	Adapter 899Hz Probe 3839Hz	41	3.839	70.00	0.437
303.973	0.05	Adapter 899Hz Probe 3839Hz	41	0.899	70.00	0.121
304.053	0.05	Adapter 899Hz Probe 3839Hz	41	0.899	70.00	0.121
304.133	0.05	Adapter 899Hz Probe 3839Hz	41	0.899	70.00	0.121
304.213	0.05	Adapter 899Hz Probe 3839Hz	41	0.899	70.00	0.121
304.293	0.05	Adapter 899Hz Probe 3839Hz	41	3.839	70.00	0.437
304.473	0.05	Adapter 899Hz Probe 3839Hz	41	0.899	70.00	0.121
304.553	0.05	Adapter 899Hz Probe 3839Hz	41	0.899	70.00	0.121
304.633	0.05	Adapter 899Hz Probe 3839Hz	41	0.899	70.00	0.121
304.713	0.05	Adapter 899Hz Probe 3839Hz	41	0.899	70.00	0.121
304.793	0.05	Adapter 899Hz Probe 3839Hz	41	3.839	70.00	0.437
304.973	0.05	Adapter 899Hz Probe 3839Hz	41	0.899	70.00	0.121
305.053	0.05	Adapter 899Hz Probe 3839Hz	41	0.899	70.00	0.121
305.133	0.05	Adapter 899Hz Probe 3839Hz	41	0.899	70.00	0.121
305.213	0.05	Adapter 899Hz Probe 3839Hz	41	0.899	70.00	0.121
305.293	0.05	Adapter 899Hz Probe 3839Hz	41	3.839	70.00	0.437
305.473	0.05	Adapter 899Hz Probe 3839Hz	41	0.899	70.00	0.121
305.553	0.05	Adapter 899Hz Probe 3839Hz	41	0.899	70.00	0.121
305.633	0.05	Adapter 899Hz Probe 3839Hz	41	0.899	70.00	0.121
305.713	0.05	Adapter 899Hz Probe 3839Hz	41	0.899	70.00	0.121
305.793	0.05	Adapter 899Hz Probe 3839Hz	41	3.839	70.00	0.437
305.973	0.05	Adapter 899Hz Probe 3839Hz	41	0.899	70.00	0.121
306.053	0.05	Adapter 899Hz Probe 3839Hz	41	0.899	70.00	0.121
306.133	0.05	Adapter 899Hz Probe 3839Hz	41	0.899	70.00	0.121
306.213	0.05	Adapter 899Hz Probe 3839Hz	41	0.899	70.00	0.121
306.293	0.05	Adapter 899Hz Probe 3839Hz	41	3.839	70.00	0.437
306.473	0.05	Adapter 899Hz Probe 3839Hz	41	0.899	70.00	0.121
306.553	0.05	Adapter 899Hz Probe 3839Hz	41	0.899	70.00	0.121
306.633	0.05	Adapter 899Hz Probe 3839Hz	41	0.899	70.00	0.121
306.713	0.05	Adapter 899Hz Probe 3839Hz	41	0.899	70.00	0.121
306.793	0.05	Adapter 899Hz Probe 3839Hz	41	3.839	70.00	0.437
306.973	0.05	Adapter 899Hz Probe 3839Hz	41	0.899	70.00	0.121
307.053	0.05	Adapter 899Hz Probe 3839Hz	41	0.899	70.00	0.121
307.133	0.05	Adapter 899Hz Probe 3839Hz	41	0.899	70.00	0.121
307.213	0.05	Adapter 899Hz Probe 3839Hz	41	0.899	70.00	0.121
307.293	0.05	Adapter 899Hz Probe 3839Hz	41	3.839	70.00	0.437
317.511	0.05	Adapter 2423Hz Probe 3839Hz	43	2.423	70.00	0.285
317.591	0.05	Adapter 2423Hz Probe 3839Hz	43	2.423	70.00	0.285
317.671	0.05	Adapter 2423Hz Probe 3839Hz	43	2.423	70.00	0.285
317.751	0.05	Adapter 2423Hz Probe 3839Hz	43	2.423	70.00	0.285
317.831	0.05	Adapter 2423Hz Probe 3839Hz	43	3.839	70.00	0.437
318.011	0.05	Adapter 2423Hz Probe 3839Hz	43	2.423	70.00	0.285
318.091	0.05	Adapter 2423Hz Probe 3839Hz	43	2.423	70.00	0.285
318.171	0.05	Adapter 2423Hz Probe 3839Hz	43	2.423	70.00	0.285
318.251	0.05	Adapter 2423Hz Probe 3839Hz	43	2.423	70.00	0.285
318.331	0.05	Adapter 2423Hz Probe 3839Hz	43	3.839	70.00	0.437
318.511	0.05	Adapter 2423Hz Probe 3839Hz	43	2.423	70.00	0.285
318.591	0.05	Adapter 2423Hz Probe 3839Hz	43	2.423	70.00	0.285
318.671	0.05	Adapter 2423Hz Probe 3839Hz	43	2.423	70.00	0.285
318.751	0.05	Adapter 2423Hz Probe 3839Hz	43	2.423	70.00	0.285
318.831	0.05	Adapter 2423Hz Probe 3839Hz	43	3.839	70.00	0.437
319.011	0.05	Adapter 2423Hz Probe 3839Hz	43	2.423	70.00	0.285
319.091	0.05	Adapter 2423Hz Probe 3839Hz	43	2.423	70.00	0.285
319.171	0.05	Adapter 2423Hz Probe 3839Hz	43	2.423	70.00	0.285
319.251	0.05	Adapter 2423Hz Probe 3839Hz	43	2.423	70.00	0.285
319.331	0.05	Adapter 2423Hz Probe 3839Hz	43	3.839	70.00	0.437
319.511	0.05	Adapter 2423Hz Probe 3839Hz	43	2.423	70.00	0.285
319.591	0.05	Adapter 2423Hz Probe 3839Hz	43	2.423	70.00	0.285
319.671	0.05	Adapter 2423Hz Probe 3839Hz	43	2.423	70.00	0.285
319.751	0.05	Adapter 2423Hz Probe 3839Hz	43	2.423	70.00	0.285
319.831	0.05	Adapter 2423Hz Probe 3839Hz	43	3.839	70.00	0.437
320.011	0.05	Adapter 2423Hz Probe 3839Hz	43	2.423	70.00	0.285
320.091	0.05	Adapter 2423Hz Probe 3839Hz	43	2.423	70.00	0.285
320.171	0.05	Adapter 2423Hz Probe 3839Hz	43	2.423	70.00	0.285
320.251	0.05	Adapter 2423Hz Probe 3839Hz	43	2.423	70.00	0.285
320.331	0.05	Adapter 2423Hz Probe 3839Hz	43	3.839	70.00	0.437
320.511	0.05	Adapter 2423Hz Probe 3839Hz	43	2.423	70.00	0.285
320.591	0.05	Adapter 2423Hz Probe 3839Hz	43	2.423	70.00	0.285
320.671	0.05	Adapter 2423Hz Probe 3839Hz	43	2.423	70.00	0.285
320.751	0.05	Adapter 2423Hz Probe 3839Hz	43	2.423	70.00	0.285
320.831	0.05	Adapter 2423Hz Probe 3839Hz	43	3.839	70.00	0.437
321.011	0.05	Adapter 2423Hz Probe 3839Hz	43	2.423	70.00	0.285
321.091	0.05	Adapter 2423Hz Probe 3839Hz	43	2.423	70.00	0.285
321.171	0.05	Adapter 2423Hz Probe 3839Hz	43	2.423	70.00	0.285
321.251	0.05	Adapter 2423Hz Probe 3839Hz	43	2.423	70.00	0.285
321.331	0.05	Adapter 2423Hz Probe 3839Hz	43	3.839	70.00	0.437
321.511	0.05	Adapter 2423Hz Probe 3839Hz	43	2.423	70.00	0.285
321.591	0.05	Adapter 2423Hz Probe 3839Hz	43	2.423	70.00	0.285
321.671	0.05	Adapter 2423Hz Probe 3839Hz	43	2.423	70.00	0.285
321.751	0.05	Adapter 2423Hz Probe 3839Hz	43	2.423	70.00	0.285
321.831	0.05	Adapter 2423Hz Probe 3839Hz	43	3.839	70.00	0.437
322.011	0.05	Adapter 2423Hz Probe 3839Hz	43	2.423	70.00	0.285
322.091	0.05	Adapter 2423Hz Probe 3839Hz	43	2.423	70.00	0.285
322.171	0.05	Adapter 2423Hz Probe 3839Hz	43	2.423	70.00	0.285
322.251	0.05	Adapter 2423Hz Probe 3839Hz	43	2.423	70.00	0.285
322.331	0.05	Adapter 2423Hz Probe 3839Hz	43	3.839	70.00	0.437
324.984	0.05	Adapter 251Hz	44	0.251	70.00	0.052
325.064	0.05	Adapter 251Hz	44	0.251	70.00	0.052
325.144	0.05	Adapter 251Hz	44	0.251	70.00	0.052
325.224	0.05	Adapter 251Hz	44	0.251	70.00	0.052
325.484	0.05	Adapter 251Hz	44	0.251	70.00	0.052
325.564	0.05	Adapter 251Hz	44	0.251	70.00	0.052
325.644	0.05	Adapter 251Hz	44	0.251	70.00	0.052
325.724	0.05	Adapter 251Hz	44	0.251	70.00	0.052
325.984	0.05	Adapter 251Hz	44	0.251	70.00	0.052
326.064	0.05	Adapter 251Hz	44	0.251	70.00	0.052
326.144	0.05	Adapter 251Hz	44	0.251	70.00	0.052
326.224	0.05	Adapter 251Hz	44	0.251	70.00	0.052
326.484	0.05	Adapter 251Hz	44	0.251	70.00	0.052
326.564	0.05	Adapter 251Hz	44	0.251	70.00	0.052
326.644	0.05	Adapter 251Hz	44	0.251	70.00	0.052
326.724	0.05	Adapter 251Hz	44	0.251	70.00	0.052
326.984	0.05	Adapter 251Hz	44	0.251	70.00	0.052
327.064	0.05	Adapter 251Hz	44	0.251	70.00	0.052
327.144	0.05	Adapter 251Hz	44	0.251	70.00	0.052
327.224	0.05	Adapter 251Hz	44	0.251	70.00	0.052
327.484	0.05	Adapter 251Hz	44	0.251	70.00	0.052
327.564	0.05	Adapter 251Hz	44	0.251	70.00	0.052
327.644	0.05	Adapter 251Hz	44	0.251	70.00	0.052
327.724	0.05	Adapter 251Hz	44	0.251	70.00	0.052
327.984	0.05	Adapter 251Hz	44	0.251	70.00	0.052
328.064	0.05	Adapter 251Hz	44	0.251	70.00	0.052
328.144	0.05	Adapter 251Hz	44	0.251	70.00	0.052
328.224	0.05	Adapter 251Hz	44	0.251	70.00	0.052
328.484	0.05	Adapter 251Hz	44	0.251	70.00	0.052
328.564	0.05	Adapter 251Hz	44	0.251	70.00	0.052
328.644	0.05	Adapter 251Hz	44	0.251	70.00	0.052
328.724	0.05	Adapter 251Hz	44	0.251	70.00	0.052
328.984	0.05	Adapter 251Hz	44	0.251	70.00	0.052
329.064	0.05	Adapter 251Hz	44	0.251	70.00	0.052
329.144	0.05	Adapter 251Hz	44	0.251	70.00	0.052
329.224	0.05	Adapter 251Hz	44	0.251	70.00	0.052
329.484	0.05	Adapter 251Hz	44	0.251	70.00	0.052
329.564	0.05	Adapter 251Hz	44	0.251	70.00	0.052
329.644	0.05	Adapter 251Hz	44	0.251	70.00	0.052
329.724	0.05	Adapter 251Hz	44	0.251	70.00	0.052
332.472	0.05	Adapter 1501Hz Probe 3839Hz	45	1.501	70.00	0.186
332.552	0.05	Adapter 1501Hz Probe 3839Hz	45	1.501	70.00	0.186
332.632	0.05	Adapter 1501Hz Probe 3839Hz	45	1.501	70.00	0.186
332.712	0.05	Adapter 1501Hz Probe 3839Hz	45	1.501	70.00	0.186
332.792	0.05	Adapter 1501Hz Probe 3839Hz	45	3.839	70.00	0.437
332.972	0.05	Adapter 1501Hz Probe 3839Hz	45	1.501	70.00	0.186
333.052	0.05	Adapter 1501Hz Probe 3839Hz	45	1.501	70.00	0.186
333.132	0.05	Adapter 1501Hz Probe 3839Hz	45	1.501	70.00	0.186
333.212	0.05	Adapter 1501Hz Probe 3839Hz	45	1.501	70.00	0.186
333.292	0.05	Adapter 1501Hz Probe 3839Hz	45	3.839	70.00	0.437
333.472	0.05	Adapter 1501Hz Probe 3839Hz	45	1.501	70.00	0.186
333.552	0.05	Adapter 1501Hz Probe 3839Hz	45	1.501	70.00	0.186
333.632	0.05	Adapter 1501Hz Probe 3839Hz	45	1.501	70.00	0.186
333.712	0.05	Adapter 1501Hz Probe 3839Hz	45	1.501	70.00	0.186
333.792	0.05	Adapter 1501Hz Probe 3839Hz	45	3.839	70.00	0.437
333.972	0.05	Adapter 1501Hz Probe 3839Hz	45	1.501	70.00	0.186
334.052	0.05	Adapter 1501Hz Probe 3839Hz	45	1.501	70.00	0.186
334.132	0.05	Adapter 1501Hz Probe 3839Hz	45	1.501	70.00	0.186
334.212	0.05	Adapter 1501Hz Probe 3839Hz	45	1.501	70.00	0.186
334.292	0.05	Adapter 1501Hz Probe 3839Hz	45	3.839	70.00	0.437
334.472	0.05	Adapter 1501Hz Probe 3839Hz	45	1.501	70.00	0.186
334.552	0.05	Adapter 1501Hz Probe 3839Hz	45	1.501	70.00	0.186
334.632	0.05	Adapter 1501Hz Probe 3839Hz	45	1.501	70.00	0.186
334.712	0.05	Adapter 1501Hz Probe 3839Hz	45	1.501	70.00	0.186
334.792	0.05	Adapter 1501Hz Probe 3839Hz	45	3.839	70.00	0.437
334.972	0.05	Adapter 1501Hz Probe 3839Hz	45	1.501	70.00	0.186
335.052	0.05	Adapter 1501Hz Probe 3839Hz	45	1.501	70.00	0.186
335.132	0.05	Adapter 1501Hz Probe 3839Hz	45	1.501	70.00	0.186
335.212	0.05	Adapter 1501Hz Probe 3839Hz	45	1.501	70.00	0.186
335.292	0.05	Adapter 1501Hz Probe 3839Hz	45	3.839	70.00	0.437
335.472	0.05	Adapter 1501Hz Probe 3839Hz	45	1.501	70.00	0.186
335.552	0.05	Adapter 1501Hz Probe 3839Hz	45	1.501	70.00	0.186
335.632	0.05	Adapter 1501Hz Probe 3839Hz	45	1.501	70.00	0.186
335.712	0.05	Adapter 1501Hz Probe 3839Hz	45	1.501	70.00	0.186
335.792	0.05	Adapter 1501Hz Probe 3839Hz	45	3.839	70.00	0.437
335.972	0.05	Adapter 1501Hz Probe 3839Hz	45	1.501	70.00	0.186
336.052	0.05	Adapter 1501Hz Probe 3839Hz	45	1.501	70.00	0.186
336.132	0.05	Adapter 1501Hz Probe 3839Hz	45	1.501	70.00	0.186
336.212	0.05	Adapter 1501Hz Probe 3839Hz	45	1.501	70.00	0.186
336.292	0.05	Adapter 1501Hz Probe 3839Hz	45	3.839	70.00	0.437
336.472	0.05	Adapter 1501Hz Probe 3839Hz	45	1.501	70.00	0.186
336.552	0.05	Adapter 1501Hz Probe 3839Hz	45	1.501	70.00	0.186
336.632	0.05	Adapter 1501Hz Probe 3839Hz	45	1.501	70.00	0.186
336.712	0.05	Adapter 1501Hz Probe 3839Hz	45	1.501	70.00	0.186
336.792	0.05	Adapter 1501Hz Probe 3839Hz	45	3.839	70.00	0.437
336.972	0.05	Adapter 1501Hz Probe 3839Hz	45	1.501	70.00	0.186
337.052	0.05	Adapter 1501Hz Probe 3839Hz	45	1.501	70.00	0.186
337.132	0.05	Adapter 1501Hz Probe 3839Hz	45	1.501	70.00	0.186
337.212	0.05	Adapter 1501Hz Probe 3839Hz	45	1.501	70.00	0.186
337.292	0.05	Adapter 1501Hz Probe 3839Hz	45	3.839	70.00	0.437
340.022	0.05	Adapter 507Hz Probe 3839Hz	46	0.507	70.00	0.079
340.102	0.05	Adapter 507Hz Probe 3839Hz	46	0.507	70.00	0.079
340.182	0.05	Adapter 507Hz Probe 3839Hz	46	0.507	70.00	0.079
340.262	0.05	Adapter 507Hz Probe 3839Hz	46	0.507	70.00	0.079
340.342	0.05	Adapter 507Hz Probe 3839Hz	46	3.839	70.00	0.437
340.522	0.05	Adapter 507Hz Probe 3839Hz	46	0.507	70.00	0.079
340.602	0.05	Adapter 507Hz Probe 3839Hz	46	0.507	70.00	0.079
340.682	0.05	Adapter 507Hz Probe 3839Hz	46	0.507	70.00	0.079
340.762	0.05	Adapter 507Hz Probe 3839Hz	46	0.507	70.00	0.079
340.842	0.05	Adapter 507Hz Probe 3839Hz	46	3.839	70.00	0.437
341.022	0.05	Adapter 507Hz Probe 3839Hz	46	0.507	70.00	0.079
341.102	0.05	Adapter 507Hz Probe 3839Hz	46	0.507	70.00	0.079
341.182	0.05	Adapter 507Hz Probe 3839Hz	46	0.507	70.00	0.079
341.262	0.05	Adapter 507Hz Probe 3839Hz	46	0.507	70.00	0.079
341.342	0.05	Adapter 507Hz Probe 3839Hz	46	3.839	70.00	0.437
341.522	0.05	Adapter 507Hz Probe 3839Hz	46	0.507	70.00	0.079
341.602	0.05	Adapter 507Hz Probe 3839Hz	46	0.507	70.00	0.079
341.682	0.05	Adapter 507Hz Probe 3839Hz	46	0.507	70.00	0.079
341.762	0.05	Adapter 507Hz Probe 3839Hz	46	0.507	70.00	0.079
341.842	0.05	Adapter 507Hz Probe 3839Hz	46	3.839	70.00	0.437
342.022	0.05	Adapter 507Hz Probe 3839Hz	46	0.507	70.00	0.079
342.102	0.05	Adapter 507Hz Probe 3839Hz	46	0.507	70.00	0.079
342.182	0.05	Adapter 507Hz Probe 3839Hz	46	0.507	70.00	0.079
342.262	0.05	Adapter 507Hz Probe 3839Hz	46	0.507	70.00	0.079
342.342	0.05	Adapter 507Hz Probe 3839Hz	46	3.839	70.00	0.437
342.522	0.05	Adapter 507Hz Probe 3839Hz	46	0.507	70.00	0.079
342.602	0.05	Adapter 507Hz Probe 3839Hz	46	0.507	70.00	0.079
342.682	0.05	Adapter 507Hz Probe 3839Hz	46	0.507	70.00	0.079
342.762	0.05	Adapter 507Hz Probe 3839Hz	46	0.507	70.00	0.079
342.842	0.05	Adapter 507Hz Probe 3839Hz	46	3.839	70.00	0.437
343.022	0.05	Adapter 507Hz Probe 3839Hz	46	0.507	70.00	0.079
343.102	0.05	Adapter 507Hz Probe 3839Hz	46	0.507	70.00	0.079
343.182	0.05	Adapter 507Hz Probe 3839Hz	46	0.507	70.00	0.079
343.262	0.05	Adapter 507Hz Probe 3839Hz	46	0.507	70.00	0.079
343.342	0.05	Adapter 507Hz Probe 3839Hz	46	3.839	70.00	0.437
343.522	0.05	Adapter 507Hz Probe 3839Hz	46	0.507	70.00	0.079
343.602	0.05	Adapter 507Hz Probe 3839Hz	46	0.507	70.00	0.079
343.682	0.05	Adapter 507Hz Probe 3839Hz	46	0.507	70.00	0.079
343.762	0.05	Adapter 507Hz Probe 3839Hz	46	0.507	70.00	0.079
343.842	0.05	Adapter 507Hz Probe 3839Hz	46	3.839	70.00	0.437
344.022	0.05	Adapter 507Hz Probe 3839Hz	46	0.507	70.00	0.079
344.102	0.05	Adapter 507Hz Probe 3839Hz	46	0.507	70.00	0.079
344.182	0.05	Adapter 507Hz Probe 3839Hz	46	0.507	70.00	0.079
344.262	0.05	Adapter 507Hz Probe 3839Hz	46	0.507	70.00	0.079
344.342	0.05	Adapter 507Hz Probe 3839Hz	46	3.839	70.00	0.437
344.522	0.05	Adapter 507Hz Probe 3839Hz	46	0.507	70.00	0.079
344.602	0.05	Adapter 507Hz Probe 3839Hz	46	0.507	70.00	0.079
344.682	0.05	Adapter 507Hz Probe 3839Hz	46	0.507	70.00	0.079
344.762	0.05	Adapter 507Hz Probe 3839Hz	46	0.507	70.00	0.079
344.842	0.05	Adapter 507Hz Probe 3839Hz	46	3.839	70.00	0.437
355.303	0.05	Probe 3839Hz	48	3.839	70.00	0.437
355.803	0.05	Probe 3839Hz	48	3.839	70.00	0.437
356.303	0.05	Probe 3839Hz	48	3.839	70.00	0.437
356.803	0.05	Probe 3839Hz	48	3.839	70.00	0.437
357.303	0.05	Probe 3839Hz	48	3.839	70.00	0.437
357.803	0.05	Probe 3839Hz	48	3.839	70.00	0.437
358.303	0.05	Probe 3839Hz	48	3.839	70.00	0.437
358.803	0.05	Probe 3839Hz	48	3.839	70.00	0.437
359.303	0.05	Probe 3839Hz	48	3.839	70.00	0.437
359.803	0.05	Probe 3839Hz	48	3.839	70.00	0.437
369.974	0.05	Adapter 1501Hz	50	1.501	70.00	0.186
370.054	0.05	Adapter 1501Hz	50	1.501	70.00	0.186
370.134	0.05	Adapter 1501Hz	50	1.501	70.00	0.186
370.214	0.05	Adapter 1501Hz	50	1.501	70.00	0.186
370.474	0.05	Adapter 1501Hz	50	1.501	70.00	0.186
370.554	0.05	Adapter 1501Hz	50	1.501	70.00	0.186
370.634	0.05	Adapter 1501Hz	50	1.501	70.00	0.186
370.714	0.05	Adapter 1501Hz	50	1.501	70.00	0.186
370.974	0.05	Adapter 1501Hz	50	1.501	70.00	0.186
371.054	0.05	Adapter 1501Hz	50	1.501	70.00	0.186
371.134	0.05	Adapter 1501Hz	50	1.501	70.00	0.186
371.214	0.05	Adapter 1501Hz	50	1.501	70.00	0.186
371.474	0.05	Adapter 1501Hz	50	1.501	70.00	0.186
371.554	0.05	Adapter 1501Hz	50	1.501	70.00	0.186
371.634	0.05	Adapter 1501Hz	50	1.501	70.00	0.186
371.714	0.05	Adapter 1501Hz	50	1.501	70.00	0.186
371.974	0.05	Adapter 1501Hz	50	1.501	70.00	0.186
372.054	0.05	Adapter 1501Hz	50	1.501	70.00	0.186
372.134	0.05	Adapter 1501Hz	50	1.501	70.00	0.186
372.214	0.05	Adapter 1501Hz	50	1.501	70.00	0.186
372.474	0.05	Adapter 1501Hz	50	1.501	70.00	0.186
372.554	0.05	Adapter 1501Hz	50	1.501	70.00	0.186
372.634	0.05	Adapter 1501Hz	50	1.501	70.00	0.186
372.714	0.05	Adapter 1501Hz	50	1.501	70.00	0.186
372.974	0.05	Adapter 1501Hz	50	1.501	70.00	0.186
373.054	0.05	Adapter 1501Hz	50	1.501	70.00	0.186
373.134	0.05	Adapter 1501Hz	50	1.501	70.00	0.186
373.214	0.05	Adapter 1501Hz	50	1.501	70.00	0.186
373.474	0.05	Adapter 1501Hz	50	1.501	70.00	0.186
373.554	0.05	Adapter 1501Hz	50	1.501	70.00	0.186
373.634	0.05	Adapter 1501Hz	50	1.501	70.00	0.186
373.714	0.05	Adapter 1501Hz	50	1.501	70.00	0.186
373.974	0.05	Adapter 1501Hz	50	1.501	70.00	0.186
374.054	0.05	Adapter 1501Hz	50	1.501	70.00	0.186
374.134	0.05	Adapter 1501Hz	50	1.501	70.00	0.186
374.214	0.05	Adapter 1501Hz	50	1.501	70.00	0.186
374.474	0.05	Adapter 1501Hz	50	1.501	70.00	0.186
374.554	0.05	Adapter 1501Hz	50	1.501	70.00	0.186
374.634	0.05	Adapter 1501Hz	50	1.501	70.00	0.186
374.714	0.05	Adapter 1501Hz	50	1.501	70.00	0.186
377.525	0.05	Adapter 1501Hz Probe 3839Hz	51	1.501	70.00	0.186
377.605	0.05	Adapter 1501Hz Probe 3839Hz	51	1.501	70.00	0.186
377.685	0.05	Adapter 1501Hz Probe 3839Hz	51	1.501	70.00	0.186
377.765	0.05	Adapter 1501Hz Probe 3839Hz	51	1.501	70.00	0.186
377.845	0.05	Adapter 1501Hz Probe 3839Hz	51	3.839	70.00	0.437
378.025	0.05	Adapter 1501Hz Probe 3839Hz	51	1.501	70.00	0.186
378.105	0.05	Adapter 1501Hz Probe 3839Hz	51	1.501	70.00	0.186
378.185	0.05	Adapter 1501Hz Probe 3839Hz	51	1.501	70.00	0.186
378.265	0.05	Adapter 1501Hz Probe 3839Hz	51	1.501	70.00	0.186
378.345	0.05	Adapter 1501Hz Probe 3839Hz	51	3.839	70.00	0.437
378.525	0.05	Adapter 1501Hz Probe 3839Hz	51	1.501	70.00	0.186
378.605	0.05	Adapter 1501Hz Probe 3839Hz	51	1.501	70.00	0.186
378.685	0.05	Adapter 1501Hz Probe 3839Hz	51	1.501	70.00	0.186
378.765	0.05	Adapter 1501Hz Probe 3839Hz	51	1.501	70.00	0.186
378.845	0.05	Adapter 1501Hz Probe 3839Hz	51	3.839	70.00	0.437
379.025	0.05	Adapter 1501Hz Probe 3839Hz	51	1.501	70.00	0.186
379.105	0.05	Adapter 1501Hz Probe 3839Hz	51	1.501	70.00	0.186
379.185	0.05	Adapter 1501Hz Probe 3839Hz	51	1.501	70.00	0.186
379.265	0.05	Adapter 1501Hz Probe 3839Hz	51	1.501	70.00	0.186
379.345	0.05	Adapter 1501Hz Probe 3839Hz	51	3.839	70.00	0.437
379.525	0.05	Adapter 1501Hz Probe 3839Hz	51	1.501	70.00	0.186
379.605	0.05	Adapter 1501Hz Probe 3839Hz	51	1.501	70.00	0.186
379.685	0.05	Adapter 1501Hz Probe 3839Hz	51	1.501	70.00	0.186
379.765	0.05	Adapter 1501Hz Probe 3839Hz	51	1.501	70.00	0.186
379.845	0.05	Adapter 1501Hz Probe 3839Hz	51	3.839	70.00	0.437
380.025	0.05	Adapter 1501Hz Probe 3839Hz	51	1.501	70.00	0.186
380.105	0.05	Adapter 1501Hz Probe 3839Hz	51	1.501	70.00	0.186
380.185	0.05	Adapter 1501Hz Probe 3839Hz	51	1.501	70.00	0.186
380.265	0.05	Adapter 1501Hz Probe 3839Hz	51	1.501	70.00	0.186
380.345	0.05	Adapter 1501Hz Probe 3839Hz	51	3.839	70.00	0.437
380.525	0.05	Adapter 1501Hz Probe 3839Hz	51	1.501	70.00	0.186
380.605	0.05	Adapter 1501Hz Probe 3839Hz	51	1.501	70.00	0.186
380.685	0.05	Adapter 1501Hz Probe 3839Hz	51	1.501	70.00	0.186
380.765	0.05	Adapter 1501Hz Probe 3839Hz	51	1.501	70.00	0.186
380.845	0.05	Adapter 1501Hz Probe 3839Hz	51	3.839	70.00	0.437
381.025	0.05	Adapter 1501Hz Probe 3839Hz	51	1.501	70.00	0.186
381.105	0.05	Adapter 1501Hz Probe 3839Hz	51	1.501	70.00	0.186
381.185	0.05	Adapter 1501Hz Probe 3839Hz	51	1.501	70.00	0.186
381.265	0.05	Adapter 1501Hz Probe 3839Hz	51	1.501	70.00	0.186
381.345	0.05	Adapter 1501Hz Probe 3839Hz	51	3.839	70.00	0.437
381.525	0.05	Adapter 1501Hz Probe 3839Hz	51	1.501	70.00	0.186
381.605	0.05	Adapter 1501Hz Probe 3839Hz	51	1.501	70.00	0.186
381.685	0.05	Adapter 1501Hz Probe 3839Hz	51	1.501	70.00	0.186
381.765	0.05	Adapter 1501Hz Probe 3839Hz	51	1.501	70.00	0.186
381.845	0.05	Adapter 1501Hz Probe 3839Hz	51	3.839	70.00	0.437
382.025	0.05	Adapter 1501Hz Probe 3839Hz	51	1.501	70.00	0.186
382.105	0.05	Adapter 1501Hz Probe 3839Hz	51	1.501	70.00	0.186
382.185	0.05	Adapter 1501Hz Probe 3839Hz	51	1.501	70.00	0.186
382.265	0.05	Adapter 1501Hz Probe 3839Hz	51	1.501	70.00	0.186
382.345	0.05	Adapter 1501Hz Probe 3839Hz	51	3.839	70.00	0.437
385.013	0.05	Adapter 507Hz	52	0.507	70.00	0.079
385.093	0.05	Adapter 507Hz	52	0.507	70.00	0.079
385.173	0.05	Adapter 507Hz	52	0.507	70.00	0.079
385.253	0.05	Adapter 507Hz	52	0.507	70.00	0.079
385.513	0.05	Adapter 507Hz	52	0.507	70.00	0.079
385.593	0.05	Adapter 507Hz	52	0.507	70.00	0.079
385.673	0.05	Adapter 507Hz	52	0.507	70.00	0.079
385.753	0.05	Adapter 507Hz	52	0.507	70.00	0.079
386.013	0.05	Adapter 507Hz	52	0.507	70.00	0.079
386.093	0.05	Adapter 507Hz	52	0.507	70.00	0.079
386.173	0.05	Adapter 507Hz	52	0.507	70.00	0.079
386.253	0.05	Adapter 507Hz	52	0.507	70.00	0.079
386.513	0.05	Adapter 507Hz	52	0.507	70.00	0.079
386.593	0.05	Adapter 507Hz	52	0.507	70.00	0.079
386.673	0.05	Adapter 507Hz	52	0.507	70.00	0.079
386.753	0.05	Adapter 507Hz	52	0.507	70.00	0.079
387.013	0.05	Adapter 507Hz	52	0.507	70.00	0.079
387.093	0.05	Adapter 507Hz	52	0.507	70.00	0.079
387.173	0.05	Adapter 507Hz	52	0.507	70.00	0.079
387.253	0.05	Adapter 507Hz	52	0.507	70.00	0.079
387.513	0.05	Adapter 507Hz	52	0.507	70.00	0.079
387.593	0.05	Adapter 507Hz	52	0.507	70.00	0.079
387.673	0.05	Adapter 507Hz	52	0.507	70.00	0.079
387.753	0.05	Adapter 507Hz	52	0.507	70.00	0.079
388.013	0.05	Adapter 507Hz	52	0.507	70.00	0.079
388.093	0.05	Adapter 507Hz	52	0.507	70.00	0.079
388.173	0.05	Adapter 507Hz	52	0.507	70.00	0.079
388.253	0.05	Adapter 507Hz	52	0.507	70.00	0.079
388.513	0.05	Adapter 507Hz	52	0.507	70.00	0.079
388.593	0.05	Adapter 507Hz	52	0.507	70.00	0.079
388.673	0.05	Adapter 507Hz	52	0.507	70.00	0.079
388.753	0.05	Adapter 507Hz	52	0.507	70.00	0.079
389.013	0.05	Adapter 507Hz	52	0.507	70.00	0.079
389.093	0.05	Adapter 507Hz	52	0.507	70.00	0.079
389.173	0.05	Adapter 507Hz	52	0.507	70.00	0.079
389.253	0.05	Adapter 507Hz	52	0.507	70.00	0.079
389.513	0.05	Adapter 507Hz	52	0.507	70.00	0.079
389.593	0.05	Adapter 507Hz	52	0.507	70.00	0.079
389.673	0.05	Adapter 507Hz	52	0.507	70.00	0.079
389.753	0.05	Adapter 507Hz	52	0.507	70.00	0.079
392.485	0.05	Adapter 6009Hz	53	6.009	70.00	0.671
392.565	0.05	Adapter 6009Hz	53	6.009	70.00	0.671
392.645	0.05	Adapter 6009Hz	53	6.009	70.00	0.671
392.725	0.05	Adapter 6009Hz	53	6.009	70.00	0.671
392.985	0.05	Adapter 6009Hz	53	6.009	70.00	0.671
393.065	0.05	Adapter 6009Hz	53	6.009	70.00	0.671
393.145	0.05	Adapter 6009Hz	53	6.009	70.00	0.671
393.225	0.05	Adapter 6009Hz	53	6.009	70.00	0.671
393.485	0.05	Adapter 6009Hz	53	6.009	70.00	0.671
393.565	0.05	Adapter 6009Hz	53	6.009	70.00	0.671
393.645	0.05	Adapter 6009Hz	53	6.009	70.00	0.671
393.725	0.05	Adapter 6009Hz	53	6.009	70.00	0.671
393.985	0.05	Adapter 6009Hz	53	6.009	70.00	0.671
394.065	0.05	Adapter 6009Hz	53	6.009	70.00	0.671
394.145	0.05	Adapter 6009Hz	53	6.009	70.00	0.671
394.225	0.05	Adapter 6009Hz	53	6.009	70.00	0.671
394.485	0.05	Adapter 6009Hz	53	6.009	70.00	0.671
394.565	0.05	Adapter 6009Hz	53	6.009	70.00	0.671
394.645	0.05	Adapter 6009Hz	53	6.009	70.00	0.671
394.725	0.05	Adapter 6009Hz	53	6.009	70.00	0.671
394.985	0.05	Adapter 6009Hz	53	6.009	70.00	0.671
395.065	0.05	Adapter 6009Hz	53	6.009	70.00	0.671
395.145	0.05	Adapter 6009Hz	53	6.009	70.00	0.671
395.225	0.05	Adapter 6009Hz	53	6.009	70.00	0.671
395.485	0.05	Adapter 6009Hz	53	6.009	70.00	0.671
395.565	0.05	Adapter 6009Hz	53	6.009	70.00	0.671
395.645	0.05	Adapter 6009Hz	53	6.009	70.00	0.671
395.725	0.05	Adapter 6009Hz	53	6.009	70.00	0.671
395.985	0.05	Adapter 6009Hz	53	6.009	70.00	0.671
396.065	0.05	Adapter 6009Hz	53	6.009	70.00	0.671
396.145	0.05	Adapter 6009Hz	53	6.009	70.00	0.671
396.225	0.05	Adapter 6009Hz	53	6.009	70.00	0.671
396.485	0.05	Adapter 6009Hz	53	6.009	70.00	0.671
396.565	0.05	Adapter 6009Hz	53	6.009	70.00	0.671
396.645	0.05	Adapter 6009Hz	53	6.009	70.00	0.671
396.725	0.05	Adapter 6009Hz	53	6.009	70.00	0.671
396.985	0.05	Adapter 6009Hz	53	6.009	70.00	0.671
397.065	0.05	Adapter 6009Hz	53	6.009	70.00	0.671
397.145	0.05	Adapter 6009Hz	53	6.009	70.00	0.671
397.225	0.05	Adapter 6009Hz	53	6.009	70.00	0.671
399.973	0.05	Adapter 507Hz Probe 3839Hz	54	0.507	70.00	0.079
400.053	0.05	Adapter 507Hz Probe 3839Hz	54	0.507	70.00	0.079
400.133	0.05	Adapter 507Hz Probe 3839Hz	54	0.507	70.00	0.079
400.213	0.05	Adapter 507Hz Probe 3839Hz	54	0.507	70.00	0.079
400.293	0.05	Adapter 507Hz Probe 3839Hz	54	3.839	70.00	0.437
400.473	0.05	Adapter 507Hz Probe 3839Hz	54	0.507	70.00	0.079
400.553	0.05	Adapter 507Hz Probe 3839Hz	54	0.507	70.00	0.079
400.633	0.05	Adapter 507Hz Probe 3839Hz	54	0.507	70.00	0.079
400.713	0.05	Adapter 507Hz Probe 3839Hz	54	0.507	70.00	0.079
400.793	0.05	Adapter 507Hz Probe 3839Hz	54	3.839	70.00	0.437
400.973	0.05	Adapter 507Hz Probe 3839Hz	54	0.507	70.00	0.079
401.053	0.05	Adapter 507Hz Probe 3839Hz	54	0.507	70.00	0.079
401.133	0.05	Adapter 507Hz Probe 3839Hz	54	0.507	70.00	0.079
401.213	0.05	Adapter 507Hz Probe 3839Hz	54	0.507	70.00	0.079
401.293	0.05	Adapter 507Hz Probe 3839Hz	54	3.839	70.00	0.437
401.473	0.05	Adapter 507Hz Probe 3839Hz	54	0.507	70.00	0.079
401.553	0.05	Adapter 507Hz Probe 3839Hz	54	0.507	70.00	0.079
401.633	0.05	Adapter 507Hz Probe 3839Hz	54	0.507	70.00	0.079
401.713	0.05	Adapter 507Hz Probe 3839Hz	54	0.507	70.00	0.079
401.793	0.05	Adapter 507Hz Probe 3839Hz	54	3.839	70.00	0.437
401.973	0.05	Adapter 507Hz Probe 3839Hz	54	0.507	70.00	0.079
402.053	0.05	Adapter 507Hz Probe 3839Hz	54	0.507	70.00	0.079
402.133	0.05	Adapter 507Hz Probe 3839Hz	54	0.507	70.00	0.079
402.213	0.05	Adapter 507Hz Probe 3839Hz	54	0.507	70.00	0.079
402.293	0.05	Adapter 507Hz Probe 3839Hz	54	3.839	70.00	0.437
402.473	0.05	Adapter 507Hz Probe 3839Hz	54	0.507	70.00	0.079
402.553	0.05	Adapter 507Hz Probe 3839Hz	54	0.507	70.00	0.079
402.633	0.05	Adapter 507Hz Probe 3839Hz	54	0.507	70.00	0.079
402.713	0.05	Adapter 507Hz Probe 3839Hz	54	0.507	70.00	0.079
402.793	0.05	Adapter 507Hz Probe 3839Hz	54	3.839	70.00	0.437
402.973	0.05	Adapter 507Hz Probe 3839Hz	54	0.507	70.00	0.079
403.053	0.05	Adapter 507Hz Probe 3839Hz	54	0.507	70.00	0.079
403.133	0.05	Adapter 507Hz Probe 3839Hz	54	0.507	70.00	0.079
403.213	0.05	Adapter 507Hz Probe 3839Hz	54	0.507	70.00	0.079
403.293	0.05	Adapter 507Hz Probe 3839Hz	54	3.839	70.00	0.437
403.473	0.05	Adapter 507Hz Probe 3839Hz	54	0.507	70.00	0.079
403.553	0.05	Adapter 507Hz Probe 3839Hz	54	0.507	70.00	0.079
403.633	0.05	Adapter 507Hz Probe 3839Hz	54	0.507	70.00	0.079
403.713	0.05	Adapter 507Hz Probe 3839Hz	54	0.507	70.00	0.079
403.793	0.05	Adapter 507Hz Probe 3839Hz	54	3.839	70.00	0.437
403.973	0.05	Adapter 507Hz Probe 3839Hz	54	0.507	70.00	0.079
404.053	0.05	Adapter 507Hz Probe 3839Hz	54	0.507	70.00	0.079
404.133	0.05	Adapter 507Hz Probe 3839Hz	54	0.507	70.00	0.079
404.213	0.05	Adapter 507Hz Probe 3839Hz	54	0.507	70.00	0.079
404.293	0.05	Adapter 507Hz Probe 3839Hz	54	3.839	70.00	0.437
404.473	0.05	Adapter 507Hz Probe 3839Hz	54	0.507	70.00	0.079
404.553	0.05	Adapter 507Hz Probe 3839Hz	54	0.507	70.00	0.079
404.633	0.05	Adapter 507Hz Probe 3839Hz	54	0.507	70.00	0.079
404.713	0.05	Adapter 507Hz Probe 3839Hz	54	0.507	70.00	0.079
404.793	0.05	Adapter 507Hz Probe 3839Hz	54	3.839	70.00	0.437
407.524	0.05	Adapter 2423Hz Probe 3839Hz	55	2.423	70.00	0.285
407.604	0.05	Adapter 2423Hz Probe 3839Hz	55	2.423	70.00	0.285
407.684	0.05	Adapter 2423Hz Probe 3839Hz	55	2.423	70.00	0.285
407.764	0.05	Adapter 2423Hz Probe 3839Hz	55	2.423	70.00	0.285
407.844	0.05	Adapter 2423Hz Probe 3839Hz	55	3.839	70.00	0.437
408.024	0.05	Adapter 2423Hz Probe 3839Hz	55	2.423	70.00	0.285
408.104	0.05	Adapter 2423Hz Probe 3839Hz	55	2.423	70.00	0.285
408.184	0.05	Adapter 2423Hz Probe 3839Hz	55	2.423	70.00	0.285
408.264	0.05	Adapter 2423Hz Probe 3839Hz	55	2.423	70.00	0.285
408.344	0.05	Adapter 2423Hz Probe 3839Hz	55	3.839	70.00	0.437
408.524	0.05	Adapter 2423Hz Probe 3839Hz	55	2.423	70.00	0.285
408.604	0.05	Adapter 2423Hz Probe 3839Hz	55	2.423	70.00	0.285
408.684	0.05	Adapter 2423Hz Probe 3839Hz	55	2.423	70.00	0.285
408.764	0.05	Adapter 2423Hz Probe 3839Hz	55	2.423	70.00	0.285
408.844	0.05	Adapter 2423Hz Probe 3839Hz	55	3.839	70.00	0.437
409.024	0.05	Adapter 2423Hz Probe 3839Hz	55	2.423	70.00	0.285
409.104	0.05	Adapter 2423Hz Probe 3839Hz	55	2.423	70.00	0.285
409.184	0.05	Adapter 2423Hz Probe 3839Hz	55	2.423	70.00	0.285
409.264	0.05	Adapter 2423Hz Probe 3839Hz	55	2.423	70.00	0.285
409.344	0.05	Adapter 2423Hz Probe 3839Hz	55	3.839	70.00	0.437
409.524	0.05	Adapter 2423Hz Probe 3839Hz	55	2.423	70.00	0.285
409.604	0.05	Adapter 2423Hz Probe 3839Hz	55	2.423	70.00	0.285
409.684	0.05	Adapter 2423Hz Probe 3839Hz	55	2.423	70.00	0.285
409.764	0.05	Adapter 2423Hz Probe 3839Hz	55	2.423	70.00	0.285
409.844	0.05	Adapter 2423Hz Probe 3839Hz	55	3.839	70.00	0.437
410.024	0.05	Adapter 2423Hz Probe 3839Hz	55	2.423	70.00	0.285
410.104	0.05	Adapter 2423Hz Probe 3839Hz	55	2.423	70.00	0.285
410.184	0.05	Adapter 2423Hz Probe 3839Hz	55	2.423	70.00	0.285
410.264	0.05	Adapter 2423Hz Probe 3839Hz	55	2.423	70.00	0.285
410.344	0.05	Adapter 2423Hz Probe 3839Hz	55	3.839	70.00	0.437
410.524	0.05	Adapter 2423Hz Probe 3839Hz	55	2.423	70.00	0.285
410.604	0.05	Adapter 2423Hz Probe 3839Hz	55	2.423	70.00	0.285
410.684	0.05	Adapter 2423Hz Probe 3839Hz	55	2.423	70.00	0.285
410.764	0.05	Adapter 2423Hz Probe 3839Hz	55	2.423	70.00	0.285
410.844	0.05	Adapter 2423Hz Probe 3839Hz	55	3.839	70.00	0.437
411.024	0.05	Adapter 2423Hz Probe 3839Hz	55	2.423	70.00	0.285
411.104	0.05	Adapter 2423Hz Probe 3839Hz	55	2.423	70.00	0.285
411.184	0.05	Adapter 2423Hz Probe 3839Hz	55	2.423	70.00	0.285
411.264	0.05	Adapter 2423Hz Probe 3839Hz	55	2.423	70.00	0.285
411.344	0.05	Adapter 2423Hz Probe 3839Hz	55	3.839	70.00	0.437
411.524	0.05	Adapter 2423Hz Probe 3839Hz	55	2.423	70.00	0.285
411.604	0.05	Adapter 2423Hz Probe 3839Hz	55	2.423	70.00	0.285
411.684	0.05	Adapter 2423Hz Probe 3839Hz	55	2.423	70.00	0.285
411.764	0.05	Adapter 2423Hz Probe 3839Hz	55	2.423	70.00	0.285
411.844	0.05	Adapter 2423Hz Probe 3839Hz	55	3.839	70.00	0.437
412.024	0.05	Adapter 2423Hz Probe 3839Hz	55	2.423	70.00	0.285
412.104	0.05	Adapter 2423Hz Probe 3839Hz	55	2.423	70.00	0.285
412.184	0.05	Adapter 2423Hz Probe 3839Hz	55	2.423	70.00	0.285
412.264	0.05	Adapter 2423Hz Probe 3839Hz	55	2.423	70.00	0.285
412.344	0.05	Adapter 2423Hz Probe 3839Hz	55	3.839	70.00	0.437
422.515	0.05	Adapter 899Hz	57	0.899	70.00	0.121
422.595	0.05	Adapter 899Hz	57	0.899	70.00	0.121
422.675	0.05	Adapter 899Hz	57	0.899	70.00	0.121
422.755	0.05	Adapter 899Hz	57	0.899	70.00	0.121
423.015	0.05	Adapter 899Hz	57	0.899	70.00	0.121
423.095	0.05	Adapter 899Hz	57	0.899	70.00	0.121
423.175	0.05	Adapter 899Hz	57	0.899	70.00	0.121
423.255	0.05	Adapter 899Hz	57	0.899	70.00	0.121
423.515	0.05	Adapter 899Hz	57	0.899	70.00	0.121
423.595	0.05	Adapter 899Hz	57	0.899	70.00	0.121
423.675	0.05	Adapter 899Hz	57	0.899	70.00	0.121
423.755	0.05	Adapter 899Hz	57	0.899	70.00	0.121
424.015	0.05	Adapter 899Hz	57	0.899	70.00	0.121
424.095	0.05	Adapter 899Hz	57	0.899	70.00	0.121
424.175	0.05	Adapter 899Hz	57	0.899	70.00	0.121
424.255	0.05	Adapter 899Hz	57	0.899	70.00	0.121
424.515	0.05	Adapter 899Hz	57	0.899	70.00	0.121
424.595	0.05	Adapter 899Hz	57	0.899	70.00	0.121
424.675	0.05	Adapter 899Hz	57	0.899	70.00	0.121
424.755	0.05	Adapter 899Hz	57	0.899	70.00	0.121
425.015	0.05	Adapter 899Hz	57	0.899	70.00	0.121
425.095	0.05	Adapter 899Hz	57	0.899	70.00	0.121
425.175	0.05	Adapter 899Hz	57	0.899	70.00	0.121
425.255	0.05	Adapter 899Hz	57	0.899	70.00	0.121
425.515	0.05	Adapter 899Hz	57	0.899	70.00	0.121
425.595	0.05	Adapter 899Hz	57	0.899	70.00	0.121
425.675	0.05	Adapter 899Hz	57	0.899	70.00	0.121
425.755	0.05	Adapter 899Hz	57	0.899	70.00	0.121
426.015	0.05	Adapter 899Hz	57	0.899	70.00	0.121
426.095	0.05	Adapter 899Hz	57	0.899	70.00	0.121
426.175	0.05	Adapter 899Hz	57	0.899	70.00	0.121
426.255	0.05	Adapter 899Hz	57	0.899	70.00	0.121
426.515	0.05	Adapter 899Hz	57	0.899	70.00	0.121
426.595	0.05	Adapter 899Hz	57	0.899	70.00	0.121
426.675	0.05	Adapter 899Hz	57	0.899	70.00	0.121
426.755	0.05	Adapter 899Hz	57	0.899	70.00	0.121
427.015	0.05	Adapter 899Hz	57	0.899	70.00	0.121
427.095	0.05	Adapter 899Hz	57	0.899	70.00	0.121
427.175	0.05	Adapter 899Hz	57	0.899	70.00	0.121
427.255	0.05	Adapter 899Hz	57	0.899	70.00	0.121
429.988	0.05	Adapter 251Hz	58	0.251	70.00	0.052
430.068	0.05	Adapter 251Hz	58	0.251	70.00	0.052
430.148	0.05	Adapter 251Hz	58	0.251	70.00	0.052
430.228	0.05	Adapter 251Hz	58	0.251	70.00	0.052
430.488	0.05	Adapter 251Hz	58	0.251	70.00	0.052
430.568	0.05	Adapter 251Hz	58	0.251	70.00	0.052
430.648	0.05	Adapter 251Hz	58	0.251	70.00	0.052
430.728	0.05	Adapter 251Hz	58	0.251	70.00	0.052
430.988	0.05	Adapter 251Hz	58	0.251	70.00	0.052
431.068	0.05	Adapter 251Hz	58	0.251	70.00	0.052
431.148	0.05	Adapter 251Hz	58	0.251	70.00	0.052
431.228	0.05	Adapter 251Hz	58	0.251	70.00	0.052
431.488	0.05	Adapter 251Hz	58	0.251	70.00	0.052
431.568	0.05	Adapter 251Hz	58	0.251	70.00	0.052
431.648	0.05	Adapter 251Hz	58	0.251	70.00	0.052
431.728	0.05	Adapter 251Hz	58	0.251	70.00	0.052
431.988	0.05	Adapter 251Hz	58	0.251	70.00	0.052
432.068	0.05	Adapter 251Hz	58	0.251	70.00	0.052
432.148	0.05	Adapter 251Hz	58	0.251	70.00	0.052
432.228	0.05	Adapter 251Hz	58	0.251	70.00	0.052
432.488	0.05	Adapter 251Hz	58	0.251	70.00	0.052
432.568	0.05	Adapter 251Hz	58	0.251	70.00	0.052
432.648	0.05	Adapter 251Hz	58	0.251	70.00	0.052
432.728	0.05	Adapter 251Hz	58	0.251	70.00	0.052
432.988	0.05	Adapter 251Hz	58	0.251	70.00	0.052
433.068	0.05	Adapter 251Hz	58	0.251	70.00	0.052
433.148	0.05	Adapter 251Hz	58	0.251	70.00	0.052
433.228	0.05	Adapter 251Hz	58	0.251	70.00	0.052
433.488	0.05	Adapter 251Hz	58	0.251	70.00	0.052
433.568	0.05	Adapter 251Hz	58	0.251	70.00	0.052
433.648	0.05	Adapter 251Hz	58	0.251	70.00	0.052
433.728	0.05	Adapter 251Hz	58	0.251	70.00	0.052
433.988	0.05	Adapter 251Hz	58	0.251	70.00	0.052
434.068	0.05	Adapter 251Hz	58	0.251	70.00	0.052
434.148	0.05	Adapter 251Hz	58	0.251	70.00	0.052
434.228	0.05	Adapter 251Hz	58	0.251	70.00	0.052
434.488	0.05	Adapter 251Hz	58	0.251	70.00	0.052
434.568	0.05	Adapter 251Hz	58	0.251	70.00	0.052
434.648	0.05	Adapter 251Hz	58	0.251	70.00	0.052
434.728	0.05	Adapter 251Hz	58	0.251	70.00	0.052
437.476	0.05	Adapter 3839Hz Probe 3839Hz	59	3.839	70.00	0.437
437.556	0.05	Adapter 3839Hz Probe 3839Hz	59	3.839	70.00	0.437
437.636	0.05	Adapter 3839Hz Probe 3839Hz	59	3.839	70.00	0.437
437.716	0.05	Adapter 3839Hz Probe 3839Hz	59	3.839	70.00	0.437
437.796	0.05	Adapter 3839Hz Probe 3839Hz	59	3.839	70.00	0.437
437.976	0.05	Adapter 3839Hz Probe 3839Hz	59	3.839	70.00	0.437
438.056	0.05	Adapter 3839Hz Probe 3839Hz	59	3.839	70.00	0.437
438.136	0.05	Adapter 3839Hz Probe 3839Hz	59	3.839	70.00	0.437
438.216	0.05	Adapter 3839Hz Probe 3839Hz	59	3.839	70.00	0.437
438.296	0.05	Adapter 3839Hz Probe 3839Hz	59	3.839	70.00	0.437
438.476	0.05	Adapter 3839Hz Probe 3839Hz	59	3.839	70.00	0.437
438.556	0.05	Adapter 3839Hz Probe 3839Hz	59	3.839	70.00	0.437
438.636	0.05	Adapter 3839Hz Probe 3839Hz	59	3.839	70.00	0.437
438.716	0.05	Adapter 3839Hz Probe 3839Hz	59	3.839	70.00	0.437
438.796	0.05	Adapter 3839Hz Probe 3839Hz	59	3.839	70.00	0.437
438.976	0.05	Adapter 3839Hz Probe 3839Hz	59	3.839	70.00	0.437
439.056	0.05	Adapter 3839Hz Probe 3839Hz	59	3.839	70.00	0.437
439.136	0.05	Adapter 3839Hz Probe 3839Hz	59	3.839	70.00	0.437
439.216	0.05	Adapter 3839Hz Probe 3839Hz	59	3.839	70.00	0.437
439.296	0.05	Adapter 3839Hz Probe 3839Hz	59	3.839	70.00	0.437
439.476	0.05	Adapter 3839Hz Probe 3839Hz	59	3.839	70.00	0.437
439.556	0.05	Adapter 3839Hz Probe 3839Hz	59	3.839	70.00	0.437
439.636	0.05	Adapter 3839Hz Probe 3839Hz	59	3.839	70.00	0.437
439.716	0.05	Adapter 3839Hz Probe 3839Hz	59	3.839	70.00	0.437
439.796	0.05	Adapter 3839Hz Probe 3839Hz	59	3.839	70.00	0.437
439.976	0.05	Adapter 3839Hz Probe 3839Hz	59	3.839	70.00	0.437
440.056	0.05	Adapter 3839Hz Probe 3839Hz	59	3.839	70.00	0.437
440.136	0.05	Adapter 3839Hz Probe 3839Hz	59	3.839	70.00	0.437
440.216	0.05	Adapter 3839Hz Probe 3839Hz	59	3.839	70.00	0.437
440.296	0.05	Adapter 3839Hz Probe 3839Hz	59	3.839	70.00	0.437
440.476	0.05	Adapter 3839Hz Probe 3839Hz	59	3.839	70.00	0.437
440.556	0.05	Adapter 3839Hz Probe 3839Hz	59	3.839	70.00	0.437
440.636	0.05	Adapter 3839Hz Probe 3839Hz	59	3.839	70.00	0.437
440.716	0.05	Adapter 3839Hz Probe 3839Hz	59	3.839	70.00	0.437
440.796	0.05	Adapter 3839Hz Probe 3839Hz	59	3.839	70.00	0.437
440.976	0.05	Adapter 3839Hz Probe 3839Hz	59	3.839	70.00	0.437
441.056	0.05	Adapter 3839Hz Probe 3839Hz	59	3.839	70.00	0.437
441.136	0.05	Adapter 3839Hz Probe 3839Hz	59	3.839	70.00	0.437
441.216	0.05	Adapter 3839Hz Probe 3839Hz	59	3.839	70.00	0.437
441.296	0.05	Adapter 3839Hz Probe 3839Hz	59	3.839	70.00	0.437
441.476	0.05	Adapter 3839Hz Probe 3839Hz	59	3.839	70.00	0.437
441.556	0.05	Adapter 3839Hz Probe 3839Hz	59	3.839	70.00	0.437
441.636	0.05	Adapter 3839Hz Probe 3839Hz	59	3.839	70.00	0.437
441.716	0.05	Adapter 3839Hz Probe 3839Hz	59	3.839	70.00	0.437
441.796	0.05	Adapter 3839Hz Probe 3839Hz	59	3.839	70.00	0.437
441.976	0.05	Adapter 3839Hz Probe 3839Hz	59	3.839	70.00	0.437
442.056	0.05	Adapter 3839Hz Probe 3839Hz	59	3.839	70.00	0.437
442.136	0.05	Adapter 3839Hz Probe 3839Hz	59	3.839	70.00	0.437
442.216	0.05	Adapter 3839Hz Probe 3839Hz	59	3.839	70.00	0.437
442.296	0.05	Adapter 3839Hz Probe 3839Hz	59	3.839	70.00	0.437
445.026	0.05	Adapter 2423Hz	60	2.423	70.00	0.285
445.106	0.05	Adapter 2423Hz	60	2.423	70.00	0.285
445.186	0.05	Adapter 2423Hz	60	2.423	70.00	0.285
445.266	0.05	Adapter 2423Hz	60	2.423	70.00	0.285
445.526	0.05	Adapter 2423Hz	60	2.423	70.00	0.285
445.606	0.05	Adapter 2423Hz	60	2.423	70.00	0.285
445.686	0.05	Adapter 2423Hz	60	2.423	70.00	0.285
445.766	0.05	Adapter 2423Hz	60	2.423	70.00	0.285
446.026	0.05	Adapter 2423Hz	60	2.423	70.00	0.285
446.106	0.05	Adapter 2423Hz	60	2.423	70.00	0.285
446.186	0.05	Adapter 2423Hz	60	2.423	70.00	0.285
446.266	0.05	Adapter 2423Hz	60	2.423	70.00	0.285
446.526	0.05	Adapter 2423Hz	60	2.423	70.00	0.285
446.606	0.05	Adapter 2423Hz	60	2.423	70.00	0.285
446.686	0.05	Adapter 2423Hz	60	2.423	70.00	0.285
446.766	0.05	Adapter 2423Hz	60	2.423	70.00	0.285
447.026	0.05	Adapter 2423Hz	60	2.423	70.00	0.285
447.106	0.05	Adapter 2423Hz	60	2.423	70.00	0.285
447.186	0.05	Adapter 2423Hz	60	2.423	70.00	0.285
447.266	0.05	Adapter 2423Hz	60	2.423	70.00	0.285
447.526	0.05	Adapter 2423Hz	60	2.423	70.00	0.285
447.606	0.05	Adapter 2423Hz	60	2.423	70.00	0.285
447.686	0.05	Adapter 2423Hz	60	2.423	70.00	0.285
447.766	0.05	Adapter 2423Hz	60	2.423	70.00	0.285
448.026	0.05	Adapter 2423Hz	60	2.423	70.00	0.285
448.106	0.05	Adapter 2423Hz	60	2.423	70.00	0.285
448.186	0.05	Adapter 2423Hz	60	2.423	70.00	0.285
448.266	0.05	Adapter 2423Hz	60	2.423	70.00	0.285
448.526	0.05	Adapter 2423Hz	60	2.423	70.00	0.285
448.606	0.05	Adapter 2423Hz	60	2.423	70.00	0.285
448.686	0.05	Adapter 2423Hz	60	2.423	70.00	0.285
448.766	0.05	Adapter 2423Hz	60	2.423	70.00	0.285
449.026	0.05	Adapter 2423Hz	60	2.423	70.00	0.285
449.106	0.05	Adapter 2423Hz	60	2.423	70.00	0.285
449.186	0.05	Adapter 2423Hz	60	2.423	70.00	0.285
449.266	0.05	Adapter 2423Hz	60	2.423	70.00	0.285
449.526	0.05	Adapter 2423Hz	60	2.423	70.00	0.285
449.606	0.05	Adapter 2423Hz	60	2.423	70.00	0.285
449.686	0.05	Adapter 2423Hz	60	2.423	70.00	0.285
449.766	0.05	Adapter 2423Hz	60	2.423	70.00	0.285
452.514	0.05	Adapter 3839Hz	61	3.839	70.00	0.437
452.594	0.05	Adapter 3839Hz	61	3.839	70.00	0.437
452.674	0.05	Adapter 3839Hz	61	3.839	70.00	0.437
452.754	0.05	Adapter 3839Hz	61	3.839	70.00	0.437
453.014	0.05	Adapter 3839Hz	61	3.839	70.00	0.437
453.094	0.05	Adapter 3839Hz	61	3.839	70.00	0.437
453.174	0.05	Adapter 3839Hz	61	3.839	70.00	0.437
453.254	0.05	Adapter 3839Hz	61	3.839	70.00	0.437
453.514	0.05	Adapter 3839Hz	61	3.839	70.00	0.437
453.594	0.05	Adapter 3839Hz	61	3.839	70.00	0.437
453.674	0.05	Adapter 3839Hz	61	3.839	70.00	0.437
453.754	0.05	Adapter 3839Hz	61	3.839	70.00	0.437
454.014	0.05	Adapter 3839Hz	61	3.839	70.00	0.437
454.094	0.05	Adapter 3839Hz	61	3.839	70.00	0.437
454.174	0.05	Adapter 3839Hz	61	3.839	70.00	0.437
454.254	0.05	Adapter 3839Hz	61	3.839	70.00	0.437
454.514	0.05	Adapter 3839Hz	61	3.839	70.00	0.437
454.594	0.05	Adapter 3839Hz	61	3.839	70.00	0.437
454.674	0.05	Adapter 3839Hz	61	3.839	70.00	0.437
454.754	0.05	Adapter 3839Hz	61	3.839	70.00	0.437
455.014	0.05	Adapter 3839Hz	61	3.839	70.00	0.437
455.094	0.05	Adapter 3839Hz	61	3.839	70.00	0.437
455.174	0.05	Adapter 3839Hz	61	3.839	70.00	0.437
455.254	0.05	Adapter 3839Hz	61	3.839	70.00	0.437
455.514	0.05	Adapter 3839Hz	61	3.839	70.00	0.437
455.594	0.05	Adapter 3839Hz	61	3.839	70.00	0.437
455.674	0.05	Adapter 3839Hz	61	3.839	70.00	0.437
455.754	0.05	Adapter 3839Hz	61	3.839	70.00	0.437
456.014	0.05	Adapter 3839Hz	61	3.839	70.00	0.437
456.094	0.05	Adapter 3839Hz	61	3.839	70.00	0.437
456.174	0.05	Adapter 3839Hz	61	3.839	70.00	0.437
456.254	0.05	Adapter 3839Hz	61	3.839	70.00	0.437
456.514	0.05	Adapter 3839Hz	61	3.839	70.00	0.437
456.594	0.05	Adapter 3839Hz	61	3.839	70.00	0.437
456.674	0.05	Adapter 3839Hz	61	3.839	70.00	0.437
456.754	0.05	Adapter 3839Hz	61	3.839	70.00	0.437
457.014	0.05	Adapter 3839Hz	61	3.839	70.00	0.437
457.094	0.05	Adapter 3839Hz	61	3.839	70.00	0.437
457.174	0.05	Adapter 3839Hz	61	3.839	70.00	0.437
457.254	0.05	Adapter 3839Hz	61	3.839	70.00	0.437
467.81	0.05	Probe 3839Hz	63	3.839	70.00	0.437
468.31	0.05	Probe 3839Hz	63	3.839	70.00	0.437
468.81	0.05	Probe 3839Hz	63	3.839	70.00	0.437
469.31	0.05	Probe 3839Hz	63	3.839	70.00	0.437
469.81	0.05	Probe 3839Hz	63	3.839	70.00	0.437
470.31	0.05	Probe 3839Hz	63	3.839	70.00	0.437
470.81	0.05	Probe 3839Hz	63	3.839	70.00	0.437
471.31	0.05	Probe 3839Hz	63	3.839	70.00	0.437
471.81	0.05	Probe 3839Hz	63	3.839	70.00	0.437
472.31	0.05	Probe 3839Hz	63	3.839	70.00	0.437
474.978	0.05	Adapter 899Hz Probe 3839Hz	64	0.899	70.00	0.121
475.058	0.05	Adapter 899Hz Probe 3839Hz	64	0.899	70.00	0.121
475.138	0.05	Adapter 899Hz Probe 3839Hz	64	0.899	70.00	0.121
475.218	0.05	Adapter 899Hz Probe 3839Hz	64	0.899	70.00	0.121
475.298	0.05	Adapter 899Hz Probe 3839Hz	64	3.839	70.00	0.437
475.478	0.05	Adapter 899Hz Probe 3839Hz	64	0.899	70.00	0.121
475.558	0.05	Adapter 899Hz Probe 3839Hz	64	0.899	70.00	0.121
475.638	0.05	Adapter 899Hz Probe 3839Hz	64	0.899	70.00	0.121
475.718	0.05	Adapter 899Hz Probe 3839Hz	64	0.899	70.00	0.121
475.798	0.05	Adapter 899Hz Probe 3839Hz	64	3.839	70.00	0.437
475.978	0.05	Adapter 899Hz Probe 3839Hz	64	0.899	70.00	0.121
476.058	0.05	Adapter 899Hz Probe 3839Hz	64	0.899	70.00	0.121
476.138	0.05	Adapter 899Hz Probe 3839Hz	64	0.899	70.00	0.121
476.218	0.05	Adapter 899Hz Probe 3839Hz	64	0.899	70.00	0.121
476.298	0.05	Adapter 899Hz Probe 3839Hz	64	3.839	70.00	0.437
476.478	0.05	Adapter 899Hz Probe 3839Hz	64	0.899	70.00	0.121
476.558	0.05	Adapter 899Hz Probe 3839Hz	64	0.899	70.00	0.121
476.638	0.05	Adapter 899Hz Probe 3839Hz	64	0.899	70.00	0.121
476.718	0.05	Adapter 899Hz Probe 3839Hz	64	0.899	70.00	0.121
476.798	0.05	Adapter 899Hz Probe 3839Hz	64	3.839	70.00	0.437
476.978	0.05	Adapter 899Hz Probe 3839Hz	64	0.899	70.00	0.121
477.058	0.05	Adapter 899Hz Probe 3839Hz	64	0.899	70.00	0.121
477.138	0.05	Adapter 899Hz Probe 3839Hz	64	0.899	70.00	0.121
477.218	0.05	Adapter 899Hz Probe 3839Hz	64	0.899	70.00	0.121
477.298	0.05	Adapter 899Hz Probe 3839Hz	64	3.839	70.00	0.437
477.478	0.05	Adapter 899Hz Probe 3839Hz	64	0.899	70.00	0.121
477.558	0.05	Adapter 899Hz Probe 3839Hz	64	0.899	70.00	0.121
477.638	0.05	Adapter 899Hz Probe 3839Hz	64	0.899	70.00	0.121
477.718	0.05	Adapter 899Hz Probe 3839Hz	64	0.899	70.00	0.121
477.798	0.05	Adapter 899Hz Probe 3839Hz	64	3.839	70.00	0.437
477.978	0.05	Adapter 899Hz Probe 3839Hz	64	0.899	70.00	0.121
478.058	0.05	Adapter 899Hz Probe 3839Hz	64	0.899	70.00	0.121
478.138	0.05	Adapter 899Hz Probe 3839Hz	64	0.899	70.00	0.121
478.218	0.05	Adapter 899Hz Probe 3839Hz	64	0.899	70.00	0.121
478.298	0.05	Adapter 899Hz Probe 3839Hz	64	3.839	70.00	0.437
478.478	0.05	Adapter 899Hz Probe 3839Hz	64	0.899	70.00	0.121
478.558	0.05	Adapter 899Hz Probe 3839Hz	64	0.899	70.00	0.121
478.638	0.05	Adapter 899Hz Probe 3839Hz	64	0.899	70.00	0.121
478.718	0.05	Adapter 899Hz Probe 3839Hz	64	0.899	70.00	0.121
478.798	0.05	Adapter 899Hz Probe 3839Hz	64	3.839	70.00	0.437
478.978	0.05	Adapter 899Hz Probe 3839Hz	64	0.899	70.00	0.121
479.058	0.05	Adapter 899Hz Probe 3839Hz	64	0.899	70.00	0.121
479.138	0.05	Adapter 899Hz Probe 3839Hz	64	0.899	70.00	0.121
479.218	0.05	Adapter 899Hz Probe 3839Hz	64	0.899	70.00	0.121
479.298	0.05	Adapter 899Hz Probe 3839Hz	64	3.839	70.00	0.437
479.478	0.05	Adapter 899Hz Probe 3839Hz	64	0.899	70.00	0.121
479.558	0.05	Adapter 899Hz Probe 3839Hz	64	0.899	70.00	0.121
479.638	0.05	Adapter 899Hz Probe 3839Hz	64	0.899	70.00	0.121
479.718	0.05	Adapter 899Hz Probe 3839Hz	64	0.899	70.00	0.121
479.798	0.05	Adapter 899Hz Probe 3839Hz	64	3.839	70.00	0.437
