onset	duration	trial_type	scan	frequency_kHz	level_dB_SPL	bandwidth_kHz
10.035	0.05	Adapter 251Hz	2	0.251	70.00	0.052
10.115	0.05	Adapter 251Hz	2	0.251	70.00	0.052
10.195	0.05	Adapter 251Hz	2	0.251	70.00	0.052
10.275	0.05	Adapter 251Hz	2	0.251	70.00	0.052
10.535	0.05	Adapter 251Hz	2	0.251	70.00	0.052
10.615	0.05	Adapter 251Hz	2	0.251	70.00	0.052
10.695	0.05	Adapter 251Hz	2	0.251	70.00	0.052
10.775	0.05	Adapter 251Hz	2	0.251	70.00	0.052
11.035	0.05	Adapter 251Hz	2	0.251	70.00	0.052
11.115	0.05	Adapter 251Hz	2	0.251	70.00	0.052
11.195	0.05	Adapter 251Hz	2	0.251	70.00	0.052
11.275	0.05	Adapter 251Hz	2	0.251	70.00	0.052
11.535	0.05	Adapter 251Hz	2	0.251	70.00	0.052
11.615	0.05	Adapter 251Hz	2	0.251	70.00	0.052
11.695	0.05	Adapter 251Hz	2	0.251	70.00	0.052
11.775	0.05	Adapter 251Hz	2	0.251	70.00	0.052
12.035	0.05	Adapter 251Hz	2	0.251	70.00	0.052
12.115	0.05	Adapter 251Hz	2	0.251	70.00	0.052
12.195	0.05	Adapter 251Hz	2	0.251	70.00	0.052
12.275	0.05	Adapter 251Hz	2	0.251	70.00	0.052
12.535	0.05	Adapter 251Hz	2	0.251	70.00	0.052
12.615	0.05	Adapter 251Hz	2	0.251	70.00	0.052
12.695	0.05	Adapter 251Hz	2	0.251	70.00	0.052
12.775	0.05	Adapter 251Hz	2	0.251	70.00	0.052
13.035	0.05	Adapter 251Hz	2	0.251	70.00	0.052
13.115	0.05	Adapter 251Hz	2	0.251	70.00	0.052
13.195	0.05	Adapter 251Hz	2	0.251	70.00	0.052
13.275	0.05	Adapter 251Hz	2	0.251	70.00	0.052
13.535	0.05	Adapter 251Hz	2	0.251	70.00	0.052
13.615	0.05	Adapter 251Hz	2	0.251	70.00	0.052
13.695	0.05	Adapter 251Hz	2	0.251	70.00	0.052
13.775	0.05	Adapter 251Hz	2	0.251	70.00	0.052
14.035	0.05	Adapter 251Hz	2	0.251	70.00	0.052
14.115	0.05	Adapter 251Hz	2	0.251	70.00	0.052
14.195	0.05	Adapter 251Hz	2	0.251	70.00	0.052
14.275	0.05	Adapter 251Hz	2	0.251	70.00	0.052
14.535	0.05	Adapter 251Hz	2	0.251	70.00	0.052
14.615	0.05	Adapter 251Hz	2	0.251	70.00	0.052
14.695	0.05	Adapter 251Hz	2	0.251	70.00	0.052
14.775	0.05	Adapter 251Hz	2	0.251	70.00	0.052
17.523	0.05	Adapter 6009Hz	3	6.009	70.00	0.671
17.603	0.05	Adapter 6009Hz	3	6.009	70.00	0.671
17.683	0.05	Adapter 6009Hz	3	6.009	70.00	0.671
17.763	0.05	Adapter 6009Hz	3	6.009	70.00	0.671
18.023	0.05	Adapter 6009Hz	3	6.009	70.00	0.671
18.103	0.05	Adapter 6009Hz	3	6.009	70.00	0.671
18.183	0.05	Adapter 6009Hz	3	6.009	70.00	0.671
18.263	0.05	Adapter 6009Hz	3	6.009	70.00	0.671
18.523	0.05	Adapter 6009Hz	3	6.009	70.00	0.671
18.603	0.05	Adapter 6009Hz	3	6.009	70.00	0.671
18.683	0.05	Adapter 6009Hz	3	6.009	70.00	0.671
18.763	0.05	Adapter 6009Hz	3	6.009	70.00	0.671
19.023	0.05	Adapter 6009Hz	3	6.009	70.00	0.671
19.103	0.05	Adapter 6009Hz	3	6.009	70.00	0.671
19.183	0.05	Adapter 6009Hz	3	6.009	70.00	0.671
19.263	0.05	Adapter 6009Hz	3	6.009	70.00	0.671
19.523	0.05	Adapter 6009Hz	3	6.009	70.00	0.671
19.603	0.05	Adapter 6009Hz	3	6.009	70.00	0.671
19.683	0.05	Adapter 6009Hz	3	6.009	70.00	0.671
19.763	0.05	Adapter 6009Hz	3	6.009	70.00	0.671
20.023	0.05	Adapter 6009Hz	3	6.009	70.00	0.671
20.103	0.05	Adapter 6009Hz	3	6.009	70.00	0.671
20.183	0.05	Adapter 6009Hz	3	6.009	70.00	0.671
20.263	0.05	Adapter 6009Hz	3	6.009	70.00	0.671
20.523	0.05	Adapter 6009Hz	3	6.009	70.00	0.671
20.603	0.05	Adapter 6009Hz	3	6.009	70.00	0.671
20.683	0.05	Adapter 6009Hz	3	6.009	70.00	0.671
20.763	0.05	Adapter 6009Hz	3	6.009	70.00	0.671
21.023	0.05	Adapter 6009Hz	3	6.009	70.00	0.671
21.103	0.05	Adapter 6009Hz	3	6.009	70.00	0.671
21.183	0.05	Adapter 6009Hz	3	6.009	70.00	0.671
21.263	0.05	Adapter 6009Hz	3	6.009	70.00	0.671
21.523	0.05	Adapter 6009Hz	3	6.009	70.00	0.671
21.603	0.05	Adapter 6009Hz	3	6.009	70.00	0.671
21.683	0.05	Adapter 6009Hz	3	6.009	70.00	0.671
21.763	0.05	Adapter 6009Hz	3	6.009	70.00	0.671
22.023	0.05	Adapter 6009Hz	3	6.009	70.00	0.671
22.103	0.05	Adapter 6009Hz	3	6.009	70.00	0.671
22.183	0.05	Adapter 6009Hz	3	6.009	70.00	0.671
22.263	0.05	Adapter 6009Hz	3	6.009	70.00	0.671
25.011	0.05	Adapter 3839Hz	4	3.839	70.00	0.437
25.091	0.05	Adapter 3839Hz	4	3.839	70.00	0.437
25.171	0.05	Adapter 3839Hz	4	3.839	70.00	0.437
25.251	0.05	Adapter 3839Hz	4	3.839	70.00	0.437
25.511	0.05	Adapter 3839Hz	4	3.839	70.00	0.437
25.591	0.05	Adapter 3839Hz	4	3.839	70.00	0.437
25.671	0.05	Adapter 3839Hz	4	3.839	70.00	0.437
25.751	0.05	Adapter 3839Hz	4	3.839	70.00	0.437
26.011	0.05	Adapter 3839Hz	4	3.839	70.00	0.437
26.091	0.05	Adapter 3839Hz	4	3.839	70.00	0.437
26.171	0.05	Adapter 3839Hz	4	3.839	70.00	0.437
26.251	0.05	Adapter 3839Hz	4	3.839	70.00	0.437
26.511	0.05	Adapter 3839Hz	4	3.839	70.00	0.437
26.591	0.05	Adapter 3839Hz	4	3.839	70.00	0.437
26.671	0.05	Adapter 3839Hz	4	3.839	70.00	0.437
26.751	0.05	Adapter 3839Hz	4	3.839	70.00	0.437
27.011	0.05	Adapter 3839Hz	4	3.839	70.00	0.437
27.091	0.05	Adapter 3839Hz	4	3.839	70.00	0.437
27.171	0.05	Adapter 3839Hz	4	3.839	70.00	0.437
27.251	0.05	Adapter 3839Hz	4	3.839	70.00	0.437
27.511	0.05	Adapter 3839Hz	4	3.839	70.00	0.437
27.591	0.05	Adapter 3839Hz	4	3.839	70.00	0.437
27.671	0.05	Adapter 3839Hz	4	3.839	70.00	0.437
27.751	0.05	Adapter 3839Hz	4	3.839	70.00	0.437
28.011	0.05	Adapter 3839Hz	4	3.839	70.00	0.437
28.091	0.05	Adapter 3839Hz	4	3.839	70.00	0.437
28.171	0.05	Adapter 3839Hz	4	3.839	70.00	0.437
28.251	0.05	Adapter 3839Hz	4	3.839	70.00	0.437
28.511	0.05	Adapter 3839Hz	4	3.839	70.00	0.437
28.591	0.05	Adapter 3839Hz	4	3.839	70.00	0.437
28.671	0.05	Adapter 3839Hz	4	3.839	70.00	0.437
28.751	0.05	Adapter 3839Hz	4	3.839	70.00	0.437
29.011	0.05	Adapter 3839Hz	4	3.839	70.00	0.437
29.091	0.05	Adapter 3839Hz	4	3.839	70.00	0.437
29.171	0.05	Adapter 3839Hz	4	3.839	70.00	0.437
29.251	0.05	Adapter 3839Hz	4	3.839	70.00	0.437
29.511	0.05	Adapter 3839Hz	4	3.839	70.00	0.437
29.591	0.05	Adapter 3839Hz	4	3.839	70.00	0.437
29.671	0.05	Adapter 3839Hz	4	3.839	70.00	0.437
29.751	0.05	Adapter 3839Hz	4	3.839	70.00	0.437
32.561	0.05	Adapter 1501Hz Probe 3839Hz	5	1.501	70.00	0.186
32.641	0.05	Adapter 1501Hz Probe 3839Hz	5	1.501	70.00	0.186
32.721	0.05	Adapter 1501Hz Probe 3839Hz	5	1.501	70.00	0.186
32.801	0.05	Adapter 1501Hz Probe 3839Hz	5	1.501	70.00	0.186
32.881	0.05	Adapter 1501Hz Probe 3839Hz	5	3.839	70.00	0.437
33.061	0.05	Adapter 1501Hz Probe 3839Hz	5	1.501	70.00	0.186
33.141	0.05	Adapter 1501Hz Probe 3839Hz	5	1.501	70.00	0.186
33.221	0.05	Adapter 1501Hz Probe 3839Hz	5	1.501	70.00	0.186
33.301	0.05	Adapter 1501Hz Probe 3839Hz	5	1.501	70.00	0.186
33.381	0.05	Adapter 1501Hz Probe 3839Hz	5	3.839	70.00	0.437
33.561	0.05	Adapter 1501Hz Probe 3839Hz	5	1.501	70.00	0.186
33.641	0.05	Adapter 1501Hz Probe 3839Hz	5	1.501	70.00	0.186
33.721	0.05	Adapter 1501Hz Probe 3839Hz	5	1.501	70.00	0.186
33.801	0.05	Adapter 1501Hz Probe 3839Hz	5	1.501	70.00	0.186
33.881	0.05	Adapter 1501Hz Probe 3839Hz	5	3.839	70.00	0.437
34.061	0.05	Adapter 1501Hz Probe 3839Hz	5	1.501	70.00	0.186
34.141	0.05	Adapter 1501Hz Probe 3839Hz	5	1.501	70.00	0.186
34.221	0.05	Adapter 1501Hz Probe 3839Hz	5	1.501	70.00	0.186
34.301	0.05	Adapter 1501Hz Probe 3839Hz	5	1.501	70.00	0.186
34.381	0.05	Adapter 1501Hz Probe 3839Hz	5	3.839	70.00	0.437
34.561	0.05	Adapter 1501Hz Probe 3839Hz	5	1.501	70.00	0.186
34.641	0.05	Adapter 1501Hz Probe 3839Hz	5	1.501	70.00	0.186
34.721	0.05	Adapter 1501Hz Probe 3839Hz	5	1.501	70.00	0.186
34.801	0.05	Adapter 1501Hz Probe 3839Hz	5	1.501	70.00	0.186
34.881	0.05	Adapter 1501Hz Probe 3839Hz	5	3.839	70.00	0.437
35.061	0.05	Adapter 1501Hz Probe 3839Hz	5	1.501	70.00	0.186
35.141	0.05	Adapter 1501Hz Probe 3839Hz	5	1.501	70.00	0.186
35.221	0.05	Adapter 1501Hz Probe 3839Hz	5	1.501	70.00	0.186
35.301	0.05	Adapter 1501Hz Probe 3839Hz	5	1.501	70.00	0.186
35.381	0.05	Adapter 1501Hz Probe 3839Hz	5	3.839	70.00	0.437
35.561	0.05	Adapter 1501Hz Probe 3839Hz	5	1.501	70.00	0.186
35.641	0.05	Adapter 1501Hz Probe 3839Hz	5	1.501	70.00	0.186
35.721	0.05	Adapter 1501Hz Probe 3839Hz	5	1.501	70.00	0.186
35.801	0.05	Adapter 1501Hz Probe 3839Hz	5	1.501	70.00	0.186
35.881	0.05	Adapter 1501Hz Probe 3839Hz	5	3.839	70.00	0.437
36.061	0.05	Adapter 1501Hz Probe 3839Hz	5	1.501	70.00	0.186
36.141	0.05	Adapter 1501Hz Probe 3839Hz	5	1.501	70.00	0.186
36.221	0.05	Adapter 1501Hz Probe 3839Hz	5	1.501	70.00	0.186
36.301	0.05	Adapter 1501Hz Probe 3839Hz	5	1.501	70.00	0.186
36.381	0.05	Adapter 1501Hz Probe 3839Hz	5	3.839	70.00	0.437
36.561	0.05	Adapter 1501Hz Probe 3839Hz	5	1.501	70.00	0.186
36.641	0.05	Adapter 1501Hz Probe 3839Hz	5	1.501	70.00	0.186
36.721	0.05	Adapter 1501Hz Probe 3839Hz	5	1.501	70.00	0.186
36.801	0.05	Adapter 1501Hz Probe 3839Hz	5	1.501	70.00	0.186
36.881	0.05	Adapter 1501Hz Probe 3839Hz	5	3.839	70.00	0.437
37.061	0.05	Adapter 1501Hz Probe 3839Hz	5	1.501	70.00	0.186
37.141	0.05	Adapter 1501Hz Probe 3839Hz	5	1.501	70.00	0.186
37.221	0.05	Adapter 1501Hz Probe 3839Hz	5	1.501	70.00	0.186
37.301	0.05	Adapter 1501Hz Probe 3839Hz	5	1.501	70.00	0.186
37.381	0.05	Adapter 1501Hz Probe 3839Hz	5	3.839	70.00	0.437
40.049	0.05	Adapter 507Hz Probe 3839Hz	6	0.507	70.00	0.079
40.129	0.05	Adapter 507Hz Probe 3839Hz	6	0.507	70.00	0.079
40.209	0.05	Adapter 507Hz Probe 3839Hz	6	0.507	70.00	0.079
40.289	0.05	Adapter 507Hz Probe 3839Hz	6	0.507	70.00	0.079
40.369	0.05	Adapter 507Hz Probe 3839Hz	6	3.839	70.00	0.437
40.549	0.05	Adapter 507Hz Probe 3839Hz	6	0.507	70.00	0.079
40.629	0.05	Adapter 507Hz Probe 3839Hz	6	0.507	70.00	0.079
40.709	0.05	Adapter 507Hz Probe 3839Hz	6	0.507	70.00	0.079
40.789	0.05	Adapter 507Hz Probe 3839Hz	6	0.507	70.00	0.079
40.869	0.05	Adapter 507Hz Probe 3839Hz	6	3.839	70.00	0.437
41.049	0.05	Adapter 507Hz Probe 3839Hz	6	0.507	70.00	0.079
41.129	0.05	Adapter 507Hz Probe 3839Hz	6	0.507	70.00	0.079
41.209	0.05	Adapter 507Hz Probe 3839Hz	6	0.507	70.00	0.079
41.289	0.05	Adapter 507Hz Probe 3839Hz	6	0.507	70.00	0.079
41.369	0.05	Adapter 507Hz Probe 3839Hz	6	3.839	70.00	0.437
41.549	0.05	Adapter 507Hz Probe 3839Hz	6	0.507	70.00	0.079
41.629	0.05	Adapter 507Hz Probe 3839Hz	6	0.507	70.00	0.079
41.709	0.05	Adapter 507Hz Probe 3839Hz	6	0.507	70.00	0.079
41.789	0.05	Adapter 507Hz Probe 3839Hz	6	0.507	70.00	0.079
41.869	0.05	Adapter 507Hz Probe 3839Hz	6	3.839	70.00	0.437
42.049	0.05	Adapter 507Hz Probe 3839Hz	6	0.507	70.00	0.079
42.129	0.05	Adapter 507Hz Probe 3839Hz	6	0.507	70.00	0.079
42.209	0.05	Adapter 507Hz Probe 3839Hz	6	0.507	70.00	0.079
42.289	0.05	Adapter 507Hz Probe 3839Hz	6	0.507	70.00	0.079
42.369	0.05	Adapter 507Hz Probe 3839Hz	6	3.839	70.00	0.437
42.549	0.05	Adapter 507Hz Probe 3839Hz	6	0.507	70.00	0.079
42.629	0.05	Adapter 507Hz Probe 3839Hz	6	0.507	70.00	0.079
42.709	0.05	Adapter 507Hz Probe 3839Hz	6	0.507	70.00	0.079
42.789	0.05	Adapter 507Hz Probe 3839Hz	6	0.507	70.00	0.079
42.869	0.05	Adapter 507Hz Probe 3839Hz	6	3.839	70.00	0.437
43.049	0.05	Adapter 507Hz Probe 3839Hz	6	0.507	70.00	0.079
43.129	0.05	Adapter 507Hz Probe 3839Hz	6	0.507	70.00	0.079
43.209	0.05	Adapter 507Hz Probe 3839Hz	6	0.507	70.00	0.079
43.289	0.05	Adapter 507Hz Probe 3839Hz	6	0.507	70.00	0.079
43.369	0.05	Adapter 507Hz Probe 3839Hz	6	3.839	70.00	0.437
43.549	0.05	Adapter 507Hz Probe 3839Hz	6	0.507	70.00	0.079
43.629	0.05	Adapter 507Hz Probe 3839Hz	6	0.507	70.00	0.079
43.709	0.05	Adapter 507Hz Probe 3839Hz	6	0.507	70.00	0.079
43.789	0.05	Adapter 507Hz Probe 3839Hz	6	0.507	70.00	0.079
43.869	0.05	Adapter 507Hz Probe 3839Hz	6	3.839	70.00	0.437
44.049	0.05	Adapter 507Hz Probe 3839Hz	6	0.507	70.00	0.079
44.129	0.05	Adapter 507Hz Probe 3839Hz	6	0.507	70.00	0.079
44.209	0.05	Adapter 507Hz Probe 3839Hz	6	0.507	70.00	0.079
44.289	0.05	Adapter 507Hz Probe 3839Hz	6	0.507	70.00	0.079
44.369	0.05	Adapter 507Hz Probe 3839Hz	6	3.839	70.00	0.437
44.549	0.05	Adapter 507Hz Probe 3839Hz	6	0.507	70.00	0.079
44.629	0.05	Adapter 507Hz Probe 3839Hz	6	0.507	70.00	0.079
44.709	0.05	Adapter 507Hz Probe 3839Hz	6	0.507	70.00	0.079
44.789	0.05	Adapter 507Hz Probe 3839Hz	6	0.507	70.00	0.079
44.869	0.05	Adapter 507Hz Probe 3839Hz	6	3.839	70.00	0.437
47.522	0.05	Adapter 507Hz	7	0.507	70.00	0.079
47.602	0.05	Adapter 507Hz	7	0.507	70.00	0.079
47.682	0.05	Adapter 507Hz	7	0.507	70.00	0.079
47.762	0.05	Adapter 507Hz	7	0.507	70.00	0.079
48.022	0.05	Adapter 507Hz	7	0.507	70.00	0.079
48.102	0.05	Adapter 507Hz	7	0.507	70.00	0.079
48.182	0.05	Adapter 507Hz	7	0.507	70.00	0.079
48.262	0.05	Adapter 507Hz	7	0.507	70.00	0.079
48.522	0.05	Adapter 507Hz	7	0.507	70.00	0.079
48.602	0.05	Adapter 507Hz	7	0.507	70.00	0.079
48.682	0.05	Adapter 507Hz	7	0.507	70.00	0.079
48.762	0.05	Adapter 507Hz	7	0.507	70.00	0.079
49.022	0.05	Adapter 507Hz	7	0.507	70.00	0.079
49.102	0.05	Adapter 507Hz	7	0.507	70.00	0.079
49.182	0.05	Adapter 507Hz	7	0.507	70.00	0.079
49.262	0.05	Adapter 507Hz	7	0.507	70.00	0.079
49.522	0.05	Adapter 507Hz	7	0.507	70.00	0.079
49.602	0.05	Adapter 507Hz	7	0.507	70.00	0.079
49.682	0.05	Adapter 507Hz	7	0.507	70.00	0.079
49.762	0.05	Adapter 507Hz	7	0.507	70.00	0.079
50.022	0.05	Adapter 507Hz	7	0.507	70.00	0.079
50.102	0.05	Adapter 507Hz	7	0.507	70.00	0.079
50.182	0.05	Adapter 507Hz	7	0.507	70.00	0.079
50.262	0.05	Adapter 507Hz	7	0.507	70.00	0.079
50.522	0.05	Adapter 507Hz	7	0.507	70.00	0.079
50.602	0.05	Adapter 507Hz	7	0.507	70.00	0.079
50.682	0.05	Adapter 507Hz	7	0.507	70.00	0.079
50.762	0.05	Adapter 507Hz	7	0.507	70.00	0.079
51.022	0.05	Adapter 507Hz	7	0.507	70.00	0.079
51.102	0.05	Adapter 507Hz	7	0.507	70.00	0.079
51.182	0.05	Adapter 507Hz	7	0.507	70.00	0.079
51.262	0.05	Adapter 507Hz	7	0.507	70.00	0.079
51.522	0.05	Adapter 507Hz	7	0.507	70.00	0.079
51.602	0.05	Adapter 507Hz	7	0.507	70.00	0.079
51.682	0.05	Adapter 507Hz	7	0.507	70.00	0.079
51.762	0.05	Adapter 507Hz	7	0.507	70.00	0.079
52.022	0.05	Adapter 507Hz	7	0.507	70.00	0.079
52.102	0.05	Adapter 507Hz	7	0.507	70.00	0.079
52.182	0.05	Adapter 507Hz	7	0.507	70.00	0.079
52.262	0.05	Adapter 507Hz	7	0.507	70.00	0.079
55.01	0.05	Adapter 899Hz Probe 3839Hz	8	0.899	70.00	0.121
55.09	0.05	Adapter 899Hz Probe 3839Hz	8	0.899	70.00	0.121
55.17	0.05	Adapter 899Hz Probe 3839Hz	8	0.899	70.00	0.121
55.25	0.05	Adapter 899Hz Probe 3839Hz	8	0.899	70.00	0.121
55.33	0.05	Adapter 899Hz Probe 3839Hz	8	3.839	70.00	0.437
55.51	0.05	Adapter 899Hz Probe 3839Hz	8	0.899	70.00	0.121
55.59	0.05	Adapter 899Hz Probe 3839Hz	8	0.899	70.00	0.121
55.67	0.05	Adapter 899Hz Probe 3839Hz	8	0.899	70.00	0.121
55.75	0.05	Adapter 899Hz Probe 3839Hz	8	0.899	70.00	0.121
55.83	0.05	Adapter 899Hz Probe 3839Hz	8	3.839	70.00	0.437
56.01	0.05	Adapter 899Hz Probe 3839Hz	8	0.899	70.00	0.121
56.09	0.05	Adapter 899Hz Probe 3839Hz	8	0.899	70.00	0.121
56.17	0.05	Adapter 899Hz Probe 3839Hz	8	0.899	70.00	0.121
56.25	0.05	Adapter 899Hz Probe 3839Hz	8	0.899	70.00	0.121
56.33	0.05	Adapter 899Hz Probe 3839Hz	8	3.839	70.00	0.437
56.51	0.05	Adapter 899Hz Probe 3839Hz	8	0.899	70.00	0.121
56.59	0.05	Adapter 899Hz Probe 3839Hz	8	0.899	70.00	0.121
56.67	0.05	Adapter 899Hz Probe 3839Hz	8	0.899	70.00	0.121
56.75	0.05	Adapter 899Hz Probe 3839Hz	8	0.899	70.00	0.121
56.83	0.05	Adapter 899Hz Probe 3839Hz	8	3.839	70.00	0.437
57.01	0.05	Adapter 899Hz Probe 3839Hz	8	0.899	70.00	0.121
57.09	0.05	Adapter 899Hz Probe 3839Hz	8	0.899	70.00	0.121
57.17	0.05	Adapter 899Hz Probe 3839Hz	8	0.899	70.00	0.121
57.25	0.05	Adapter 899Hz Probe 3839Hz	8	0.899	70.00	0.121
57.33	0.05	Adapter 899Hz Probe 3839Hz	8	3.839	70.00	0.437
57.51	0.05	Adapter 899Hz Probe 3839Hz	8	0.899	70.00	0.121
57.59	0.05	Adapter 899Hz Probe 3839Hz	8	0.899	70.00	0.121
57.67	0.05	Adapter 899Hz Probe 3839Hz	8	0.899	70.00	0.121
57.75	0.05	Adapter 899Hz Probe 3839Hz	8	0.899	70.00	0.121
57.83	0.05	Adapter 899Hz Probe 3839Hz	8	3.839	70.00	0.437
58.01	0.05	Adapter 899Hz Probe 3839Hz	8	0.899	70.00	0.121
58.09	0.05	Adapter 899Hz Probe 3839Hz	8	0.899	70.00	0.121
58.17	0.05	Adapter 899Hz Probe 3839Hz	8	0.899	70.00	0.121
58.25	0.05	Adapter 899Hz Probe 3839Hz	8	0.899	70.00	0.121
58.33	0.05	Adapter 899Hz Probe 3839Hz	8	3.839	70.00	0.437
58.51	0.05	Adapter 899Hz Probe 3839Hz	8	0.899	70.00	0.121
58.59	0.05	Adapter 899Hz Probe 3839Hz	8	0.899	70.00	0.121
58.67	0.05	Adapter 899Hz Probe 3839Hz	8	0.899	70.00	0.121
58.75	0.05	Adapter 899Hz Probe 3839Hz	8	0.899	70.00	0.121
58.83	0.05	Adapter 899Hz Probe 3839Hz	8	3.839	70.00	0.437
59.01	0.05	Adapter 899Hz Probe 3839Hz	8	0.899	70.00	0.121
59.09	0.05	Adapter 899Hz Probe 3839Hz	8	0.899	70.00	0.121
59.17	0.05	Adapter 899Hz Probe 3839Hz	8	0.899	70.00	0.121
59.25	0.05	Adapter 899Hz Probe 3839Hz	8	0.899	70.00	0.121
59.33	0.05	Adapter 899Hz Probe 3839Hz	8	3.839	70.00	0.437
59.51	0.05	Adapter 899Hz Probe 3839Hz	8	0.899	70.00	0.121
59.59	0.05	Adapter 899Hz Probe 3839Hz	8	0.899	70.00	0.121
59.67	0.05	Adapter 899Hz Probe 3839Hz	8	0.899	70.00	0.121
59.75	0.05	Adapter 899Hz Probe 3839Hz	8	0.899	70.00	0.121
59.83	0.05	Adapter 899Hz Probe 3839Hz	8	3.839	70.00	0.437
62.56	0.05	Adapter 2423Hz Probe 3839Hz	9	2.423	70.00	0.285
62.64	0.05	Adapter 2423Hz Probe 3839Hz	9	2.423	70.00	0.285
62.72	0.05	Adapter 2423Hz Probe 3839Hz	9	2.423	70.00	0.285
62.8	0.05	Adapter 2423Hz Probe 3839Hz	9	2.423	70.00	0.285
62.88	0.05	Adapter 2423Hz Probe 3839Hz	9	3.839	70.00	0.437
63.06	0.05	Adapter 2423Hz Probe 3839Hz	9	2.423	70.00	0.285
63.14	0.05	Adapter 2423Hz Probe 3839Hz	9	2.423	70.00	0.285
63.22	0.05	Adapter 2423Hz Probe 3839Hz	9	2.423	70.00	0.285
63.3	0.05	Adapter 2423Hz Probe 3839Hz	9	2.423	70.00	0.285
63.38	0.05	Adapter 2423Hz Probe 3839Hz	9	3.839	70.00	0.437
63.56	0.05	Adapter 2423Hz Probe 3839Hz	9	2.423	70.00	0.285
63.64	0.05	Adapter 2423Hz Probe 3839Hz	9	2.423	70.00	0.285
63.72	0.05	Adapter 2423Hz Probe 3839Hz	9	2.423	70.00	0.285
63.8	0.05	Adapter 2423Hz Probe 3839Hz	9	2.423	70.00	0.285
63.88	0.05	Adapter 2423Hz Probe 3839Hz	9	3.839	70.00	0.437
64.06	0.05	Adapter 2423Hz Probe 3839Hz	9	2.423	70.00	0.285
64.14	0.05	Adapter 2423Hz Probe 3839Hz	9	2.423	70.00	0.285
64.22	0.05	Adapter 2423Hz Probe 3839Hz	9	2.423	70.00	0.285
64.3	0.05	Adapter 2423Hz Probe 3839Hz	9	2.423	70.00	0.285
64.38	0.05	Adapter 2423Hz Probe 3839Hz	9	3.839	70.00	0.437
64.56	0.05	Adapter 2423Hz Probe 3839Hz	9	2.423	70.00	0.285
64.64	0.05	Adapter 2423Hz Probe 3839Hz	9	2.423	70.00	0.285
64.72	0.05	Adapter 2423Hz Probe 3839Hz	9	2.423	70.00	0.285
64.8	0.05	Adapter 2423Hz Probe 3839Hz	9	2.423	70.00	0.285
64.88	0.05	Adapter 2423Hz Probe 3839Hz	9	3.839	70.00	0.437
65.06	0.05	Adapter 2423Hz Probe 3839Hz	9	2.423	70.00	0.285
65.14	0.05	Adapter 2423Hz Probe 3839Hz	9	2.423	70.00	0.285
65.22	0.05	Adapter 2423Hz Probe 3839Hz	9	2.423	70.00	0.285
65.3	0.05	Adapter 2423Hz Probe 3839Hz	9	2.423	70.00	0.285
65.38	0.05	Adapter 2423Hz Probe 3839Hz	9	3.839	70.00	0.437
65.56	0.05	Adapter 2423Hz Probe 3839Hz	9	2.423	70.00	0.285
65.64	0.05	Adapter 2423Hz Probe 3839Hz	9	2.423	70.00	0.285
65.72	0.05	Adapter 2423Hz Probe 3839Hz	9	2.423	70.00	0.285
65.8	0.05	Adapter 2423Hz Probe 3839Hz	9	2.423	70.00	0.285
65.88	0.05	Adapter 2423Hz Probe 3839Hz	9	3.839	70.00	0.437
66.06	0.05	Adapter 2423Hz Probe 3839Hz	9	2.423	70.00	0.285
66.14	0.05	Adapter 2423Hz Probe 3839Hz	9	2.423	70.00	0.285
66.22	0.05	Adapter 2423Hz Probe 3839Hz	9	2.423	70.00	0.285
66.3	0.05	Adapter 2423Hz Probe 3839Hz	9	2.423	70.00	0.285
66.38	0.05	Adapter 2423Hz Probe 3839Hz	9	3.839	70.00	0.437
66.56	0.05	Adapter 2423Hz Probe 3839Hz	9	2.423	70.00	0.285
66.64	0.05	Adapter 2423Hz Probe 3839Hz	9	2.423	70.00	0.285
66.72	0.05	Adapter 2423Hz Probe 3839Hz	9	2.423	70.00	0.285
66.8	0.05	Adapter 2423Hz Probe 3839Hz	9	2.423	70.00	0.285
66.88	0.05	Adapter 2423Hz Probe 3839Hz	9	3.839	70.00	0.437
67.06	0.05	Adapter 2423Hz Probe 3839Hz	9	2.423	70.00	0.285
67.14	0.05	Adapter 2423Hz Probe 3839Hz	9	2.423	70.00	0.285
67.22	0.05	Adapter 2423Hz Probe 3839Hz	9	2.423	70.00	0.285
67.3	0.05	Adapter 2423Hz Probe 3839Hz	9	2.423	70.00	0.285
67.38	0.05	Adapter 2423Hz Probe 3839Hz	9	3.839	70.00	0.437
77.552	0.05	Adapter 1501Hz	11	1.501	70.00	0.186
77.632	0.05	Adapter 1501Hz	11	1.501	70.00	0.186
77.712	0.05	Adapter 1501Hz	11	1.501	70.00	0.186
77.792	0.05	Adapter 1501Hz	11	1.501	70.00	0.186
78.052	0.05	Adapter 1501Hz	11	1.501	70.00	0.186
78.132	0.05	Adapter 1501Hz	11	1.501	70.00	0.186
78.212	0.05	Adapter 1501Hz	11	1.501	70.00	0.186
78.292	0.05	Adapter 1501Hz	11	1.501	70.00	0.186
78.552	0.05	Adapter 1501Hz	11	1.501	70.00	0.186
78.632	0.05	Adapter 1501Hz	11	1.501	70.00	0.186
78.712	0.05	Adapter 1501Hz	11	1.501	70.00	0.186
78.792	0.05	Adapter 1501Hz	11	1.501	70.00	0.186
79.052	0.05	Adapter 1501Hz	11	1.501	70.00	0.186
79.132	0.05	Adapter 1501Hz	11	1.501	70.00	0.186
79.212	0.05	Adapter 1501Hz	11	1.501	70.00	0.186
79.292	0.05	Adapter 1501Hz	11	1.501	70.00	0.186
79.552	0.05	Adapter 1501Hz	11	1.501	70.00	0.186
79.632	0.05	Adapter 1501Hz	11	1.501	70.00	0.186
79.712	0.05	Adapter 1501Hz	11	1.501	70.00	0.186
79.792	0.05	Adapter 1501Hz	11	1.501	70.00	0.186
80.052	0.05	Adapter 1501Hz	11	1.501	70.00	0.186
80.132	0.05	Adapter 1501Hz	11	1.501	70.00	0.186
80.212	0.05	Adapter 1501Hz	11	1.501	70.00	0.186
80.292	0.05	Adapter 1501Hz	11	1.501	70.00	0.186
80.552	0.05	Adapter 1501Hz	11	1.501	70.00	0.186
80.632	0.05	Adapter 1501Hz	11	1.501	70.00	0.186
80.712	0.05	Adapter 1501Hz	11	1.501	70.00	0.186
80.792	0.05	Adapter 1501Hz	11	1.501	70.00	0.186
81.052	0.05	Adapter 1501Hz	11	1.501	70.00	0.186
81.132	0.05	Adapter 1501Hz	11	1.501	70.00	0.186
81.212	0.05	Adapter 1501Hz	11	1.501	70.00	0.186
81.292	0.05	Adapter 1501Hz	11	1.501	70.00	0.186
81.552	0.05	Adapter 1501Hz	11	1.501	70.00	0.186
81.632	0.05	Adapter 1501Hz	11	1.501	70.00	0.186
81.712	0.05	Adapter 1501Hz	11	1.501	70.00	0.186
81.792	0.05	Adapter 1501Hz	11	1.501	70.00	0.186
82.052	0.05	Adapter 1501Hz	11	1.501	70.00	0.186
82.132	0.05	Adapter 1501Hz	11	1.501	70.00	0.186
82.212	0.05	Adapter 1501Hz	11	1.501	70.00	0.186
82.292	0.05	Adapter 1501Hz	11	1.501	70.00	0.186
85.04	0.05	Adapter 2423Hz	12	2.423	70.00	0.285
85.12	0.05	Adapter 2423Hz	12	2.423	70.00	0.285
85.2	0.05	Adapter 2423Hz	12	2.423	70.00	0.285
85.28	0.05	Adapter 2423Hz	12	2.423	70.00	0.285
85.54	0.05	Adapter 2423Hz	12	2.423	70.00	0.285
85.62	0.05	Adapter 2423Hz	12	2.423	70.00	0.285
85.7	0.05	Adapter 2423Hz	12	2.423	70.00	0.285
85.78	0.05	Adapter 2423Hz	12	2.423	70.00	0.285
86.04	0.05	Adapter 2423Hz	12	2.423	70.00	0.285
86.12	0.05	Adapter 2423Hz	12	2.423	70.00	0.285
86.2	0.05	Adapter 2423Hz	12	2.423	70.00	0.285
86.28	0.05	Adapter 2423Hz	12	2.423	70.00	0.285
86.54	0.05	Adapter 2423Hz	12	2.423	70.00	0.285
86.62	0.05	Adapter 2423Hz	12	2.423	70.00	0.285
86.7	0.05	Adapter 2423Hz	12	2.423	70.00	0.285
86.78	0.05	Adapter 2423Hz	12	2.423	70.00	0.285
87.04	0.05	Adapter 2423Hz	12	2.423	70.00	0.285
87.12	0.05	Adapter 2423Hz	12	2.423	70.00	0.285
87.2	0.05	Adapter 2423Hz	12	2.423	70.00	0.285
87.28	0.05	Adapter 2423Hz	12	2.423	70.00	0.285
87.54	0.05	Adapter 2423Hz	12	2.423	70.00	0.285
87.62	0.05	Adapter 2423Hz	12	2.423	70.00	0.285
87.7	0.05	Adapter 2423Hz	12	2.423	70.00	0.285
87.78	0.05	Adapter 2423Hz	12	2.423	70.00	0.285
88.04	0.05	Adapter 2423Hz	12	2.423	70.00	0.285
88.12	0.05	Adapter 2423Hz	12	2.423	70.00	0.285
88.2	0.05	Adapter 2423Hz	12	2.423	70.00	0.285
88.28	0.05	Adapter 2423Hz	12	2.423	70.00	0.285
88.54	0.05	Adapter 2423Hz	12	2.423	70.00	0.285
88.62	0.05	Adapter 2423Hz	12	2.423	70.00	0.285
88.7	0.05	Adapter 2423Hz	12	2.423	70.00	0.285
88.78	0.05	Adapter 2423Hz	12	2.423	70.00	0.285
89.04	0.05	Adapter 2423Hz	12	2.423	70.00	0.285
89.12	0.05	Adapter 2423Hz	12	2.423	70.00	0.285
89.2	0.05	Adapter 2423Hz	12	2.423	70.00	0.285
89.28	0.05	Adapter 2423Hz	12	2.423	70.00	0.285
89.54	0.05	Adapter 2423Hz	12	2.423	70.00	0.285
89.62	0.05	Adapter 2423Hz	12	2.423	70.00	0.285
89.7	0.05	Adapter 2423Hz	12	2.423	70.00	0.285
89.78	0.05	Adapter 2423Hz	12	2.423	70.00	0.285
92.528	0.05	Adapter 899Hz	13	0.899	70.00	0.121
92.608	0.05	Adapter 899Hz	13	0.899	70.00	0.121
92.688	0.05	Adapter 899Hz	13	0.899	70.00	0.121
92.768	0.05	Adapter 899Hz	13	0.899	70.00	0.121
93.028	0.05	Adapter 899Hz	13	0.899	70.00	0.121
93.108	0.05	Adapter 899Hz	13	0.899	70.00	0.121
93.188	0.05	Adapter 899Hz	13	0.899	70.00	0.121
93.268	0.05	Adapter 899Hz	13	0.899	70.00	0.121
93.528	0.05	Adapter 899Hz	13	0.899	70.00	0.121
93.608	0.05	Adapter 899Hz	13	0.899	70.00	0.121
93.688	0.05	Adapter 899Hz	13	0.899	70.00	0.121
93.768	0.05	Adapter 899Hz	13	0.899	70.00	0.121
94.028	0.05	Adapter 899Hz	13	0.899	70.00	0.121
94.108	0.05	Adapter 899Hz	13	0.899	70.00	0.121
94.188	0.05	Adapter 899Hz	13	0.899	70.00	0.121
94.268	0.05	Adapter 899Hz	13	0.899	70.00	0.121
94.528	0.05	Adapter 899Hz	13	0.899	70.00	0.121
94.608	0.05	Adapter 899Hz	13	0.899	70.00	0.121
94.688	0.05	Adapter 899Hz	13	0.899	70.00	0.121
94.768	0.05	Adapter 899Hz	13	0.899	70.00	0.121
95.028	0.05	Adapter 899Hz	13	0.899	70.00	0.121
95.108	0.05	Adapter 899Hz	13	0.899	70.00	0.121
95.188	0.05	Adapter 899Hz	13	0.899	70.00	0.121
95.268	0.05	Adapter 899Hz	13	0.899	70.00	0.121
95.528	0.05	Adapter 899Hz	13	0.899	70.00	0.121
95.608	0.05	Adapter 899Hz	13	0.899	70.00	0.121
95.688	0.05	Adapter 899Hz	13	0.899	70.00	0.121
95.768	0.05	Adapter 899Hz	13	0.899	70.00	0.121
96.028	0.05	Adapter 899Hz	13	0.899	70.00	0.121
96.108	0.05	Adapter 899Hz	13	0.899	70.00	0.121
96.188	0.05	Adapter 899Hz	13	0.899	70.00	0.121
96.268	0.05	Adapter 899Hz	13	0.899	70.00	0.121
96.528	0.05	Adapter 899Hz	13	0.899	70.00	0.121
96.608	0.05	Adapter 899Hz	13	0.899	70.00	0.121
96.688	0.05	Adapter 899Hz	13	0.899	70.00	0.121
96.768	0.05	Adapter 899Hz	13	0.899	70.00	0.121
97.028	0.05	Adapter 899Hz	13	0.899	70.00	0.121
97.108	0.05	Adapter 899Hz	13	0.899	70.00	0.121
97.188	0.05	Adapter 899Hz	13	0.899	70.00	0.121
97.268	0.05	Adapter 899Hz	13	0.899	70.00	0.121
100.016	0.05	Adapter 3839Hz Probe 3839Hz	14	3.839	70.00	0.437
100.096	0.05	Adapter 3839Hz Probe 3839Hz	14	3.839	70.00	0.437
100.176	0.05	Adapter 3839Hz Probe 3839Hz	14	3.839	70.00	0.437
100.256	0.05	Adapter 3839Hz Probe 3839Hz	14	3.839	70.00	0.437
100.336	0.05	Adapter 3839Hz Probe 3839Hz	14	3.839	70.00	0.437
100.516	0.05	Adapter 3839Hz Probe 3839Hz	14	3.839	70.00	0.437
100.596	0.05	Adapter 3839Hz Probe 3839Hz	14	3.839	70.00	0.437
100.676	0.05	Adapter 3839Hz Probe 3839Hz	14	3.839	70.00	0.437
100.756	0.05	Adapter 3839Hz Probe 3839Hz	14	3.839	70.00	0.437
100.836	0.05	Adapter 3839Hz Probe 3839Hz	14	3.839	70.00	0.437
101.016	0.05	Adapter 3839Hz Probe 3839Hz	14	3.839	70.00	0.437
101.096	0.05	Adapter 3839Hz Probe 3839Hz	14	3.839	70.00	0.437
101.176	0.05	Adapter 3839Hz Probe 3839Hz	14	3.839	70.00	0.437
101.256	0.05	Adapter 3839Hz Probe 3839Hz	14	3.839	70.00	0.437
101.336	0.05	Adapter 3839Hz Probe 3839Hz	14	3.839	70.00	0.437
101.516	0.05	Adapter 3839Hz Probe 3839Hz	14	3.839	70.00	0.437
101.596	0.05	Adapter 3839Hz Probe 3839Hz	14	3.839	70.00	0.437
101.676	0.05	Adapter 3839Hz Probe 3839Hz	14	3.839	70.00	0.437
101.756	0.05	Adapter 3839Hz Probe 3839Hz	14	3.839	70.00	0.437
101.836	0.05	Adapter 3839Hz Probe 3839Hz	14	3.839	70.00	0.437
102.016	0.05	Adapter 3839Hz Probe 3839Hz	14	3.839	70.00	0.437
102.096	0.05	Adapter 3839Hz Probe 3839Hz	14	3.839	70.00	0.437
102.176	0.05	Adapter 3839Hz Probe 3839Hz	14	3.839	70.00	0.437
102.256	0.05	Adapter 3839Hz Probe 3839Hz	14	3.839	70.00	0.437
102.336	0.05	Adapter 3839Hz Probe 3839Hz	14	3.839	70.00	0.437
102.516	0.05	Adapter 3839Hz Probe 3839Hz	14	3.839	70.00	0.437
102.596	0.05	Adapter 3839Hz Probe 3839Hz	14	3.839	70.00	0.437
102.676	0.05	Adapter 3839Hz Probe 3839Hz	14	3.839	70.00	0.437
102.756	0.05	Adapter 3839Hz Probe 3839Hz	14	3.839	70.00	0.437
102.836	0.05	Adapter 3839Hz Probe 3839Hz	14	3.839	70.00	0.437
103.016	0.05	Adapter 3839Hz Probe 3839Hz	14	3.839	70.00	0.437
103.096	0.05	Adapter 3839Hz Probe 3839Hz	14	3.839	70.00	0.437
103.176	0.05	Adapter 3839Hz Probe 3839Hz	14	3.839	70.00	0.437
103.256	0.05	Adapter 3839Hz Probe 3839Hz	14	3.839	70.00	0.437
103.336	0.05	Adapter 3839Hz Probe 3839Hz	14	3.839	70.00	0.437
103.516	0.05	Adapter 3839Hz Probe 3839Hz	14	3.839	70.00	0.437
103.596	0.05	Adapter 3839Hz Probe 3839Hz	14	3.839	70.00	0.437
103.676	0.05	Adapter 3839Hz Probe 3839Hz	14	3.839	70.00	0.437
103.756	0.05	Adapter 3839Hz Probe 3839Hz	14	3.839	70.00	0.437
103.836	0.05	Adapter 3839Hz Probe 3839Hz	14	3.839	70.00	0.437
104.016	0.05	Adapter 3839Hz Probe 3839Hz	14	3.839	70.00	0.437
104.096	0.05	Adapter 3839Hz Probe 3839Hz	14	3.839	70.00	0.437
104.176	0.05	Adapter 3839Hz Probe 3839Hz	14	3.839	70.00	0.437
104.256	0.05	Adapter 3839Hz Probe 3839Hz	14	3.839	70.00	0.437
104.336	0.05	Adapter 3839Hz Probe 3839Hz	14	3.839	70.00	0.437
104.516	0.05	Adapter 3839Hz Probe 3839Hz	14	3.839	70.00	0.437
104.596	0.05	Adapter 3839Hz Probe 3839Hz	14	3.839	70.00	0.437
104.676	0.05	Adapter 3839Hz Probe 3839Hz	14	3.839	70.00	0.437
104.756	0.05	Adapter 3839Hz Probe 3839Hz	14	3.839	70.00	0.437
104.836	0.05	Adapter 3839Hz Probe 3839Hz	14	3.839	70.00	0.437
115.374	0.05	Probe 3839Hz	16	3.839	70.00	0.437
115.874	0.05	Probe 3839Hz	16	3.839	70.00	0.437
116.374	0.05	Probe 3839Hz	16	3.839	70.00	0.437
116.874	0.05	Probe 3839Hz	16	3.839	70.00	0.437
117.374	0.05	Probe 3839Hz	16	3.839	70.00	0.437
117.874	0.05	Probe 3839Hz	16	3.839	70.00	0.437
118.374	0.05	Probe 3839Hz	16	3.839	70.00	0.437
118.874	0.05	Probe 3839Hz	16	3.839	70.00	0.437
119.374	0.05	Probe 3839Hz	16	3.839	70.00	0.437
119.874	0.05	Probe 3839Hz	16	3.839	70.00	0.437
122.542	0.05	Adapter 899Hz Probe 3839Hz	17	0.899	70.00	0.121
122.622	0.05	Adapter 899Hz Probe 3839Hz	17	0.899	70.00	0.121
122.702	0.05	Adapter 899Hz Probe 3839Hz	17	0.899	70.00	0.121
122.782	0.05	Adapter 899Hz Probe 3839Hz	17	0.899	70.00	0.121
122.862	0.05	Adapter 899Hz Probe 3839Hz	17	3.839	70.00	0.437
123.042	0.05	Adapter 899Hz Probe 3839Hz	17	0.899	70.00	0.121
123.122	0.05	Adapter 899Hz Probe 3839Hz	17	0.899	70.00	0.121
123.202	0.05	Adapter 899Hz Probe 3839Hz	17	0.899	70.00	0.121
123.282	0.05	Adapter 899Hz Probe 3839Hz	17	0.899	70.00	0.121
123.362	0.05	Adapter 899Hz Probe 3839Hz	17	3.839	70.00	0.437
123.542	0.05	Adapter 899Hz Probe 3839Hz	17	0.899	70.00	0.121
123.622	0.05	Adapter 899Hz Probe 3839Hz	17	0.899	70.00	0.121
123.702	0.05	Adapter 899Hz Probe 3839Hz	17	0.899	70.00	0.121
123.782	0.05	Adapter 899Hz Probe 3839Hz	17	0.899	70.00	0.121
123.862	0.05	Adapter 899Hz Probe 3839Hz	17	3.839	70.00	0.437
124.042	0.05	Adapter 899Hz Probe 3839Hz	17	0.899	70.00	0.121
124.122	0.05	Adapter 899Hz Probe 3839Hz	17	0.899	70.00	0.121
124.202	0.05	Adapter 899Hz Probe 3839Hz	17	0.899	70.00	0.121
124.282	0.05	Adapter 899Hz Probe 3839Hz	17	0.899	70.00	0.121
124.362	0.05	Adapter 899Hz Probe 3839Hz	17	3.839	70.00	0.437
124.542	0.05	Adapter 899Hz Probe 3839Hz	17	0.899	70.00	0.121
124.622	0.05	Adapter 899Hz Probe 3839Hz	17	0.899	70.00	0.121
124.702	0.05	Adapter 899Hz Probe 3839Hz	17	0.899	70.00	0.121
124.782	0.05	Adapter 899Hz Probe 3839Hz	17	0.899	70.00	0.121
124.862	0.05	Adapter 899Hz Probe 3839Hz	17	3.839	70.00	0.437
125.042	0.05	Adapter 899Hz Probe 3839Hz	17	0.899	70.00	0.121
125.122	0.05	Adapter 899Hz Probe 3839Hz	17	0.899	70.00	0.121
125.202	0.05	Adapter 899Hz Probe 3839Hz	17	0.899	70.00	0.121
125.282	0.05	Adapter 899Hz Probe 3839Hz	17	0.899	70.00	0.121
125.362	0.05	Adapter 899Hz Probe 3839Hz	17	3.839	70.00	0.437
125.542	0.05	Adapter 899Hz Probe 3839Hz	17	0.899	70.00	0.121
125.622	0.05	Adapter 899Hz Probe 3839Hz	17	0.899	70.00	0.121
125.702	0.05	Adapter 899Hz Probe 3839Hz	17	0.899	70.00	0.121
125.782	0.05	Adapter 899Hz Probe 3839Hz	17	0.899	70.00	0.121
125.862	0.05	Adapter 899Hz Probe 3839Hz	17	3.839	70.00	0.437
126.042	0.05	Adapter 899Hz Probe 3839Hz	17	0.899	70.00	0.121
126.122	0.05	Adapter 899Hz Probe 3839Hz	17	0.899	70.00	0.121
126.202	0.05	Adapter 899Hz Probe 3839Hz	17	0.899	70.00	0.121
126.282	0.05	Adapter 899Hz Probe 3839Hz	17	0.899	70.00	0.121
126.362	0.05	Adapter 899Hz Probe 3839Hz	17	3.839	70.00	0.437
126.542	0.05	Adapter 899Hz Probe 3839Hz	17	0.899	70.00	0.121
126.622	0.05	Adapter 899Hz Probe 3839Hz	17	0.899	70.00	0.121
126.702	0.05	Adapter 899Hz Probe 3839Hz	17	0.899	70.00	0.121
126.782	0.05	Adapter 899Hz Probe 3839Hz	17	0.899	70.00	0.121
126.862	0.05	Adapter 899Hz Probe 3839Hz	17	3.839	70.00	0.437
127.042	0.05	Adapter 899Hz Probe 3839Hz	17	0.899	70.00	0.121
127.122	0.05	Adapter 899Hz Probe 3839Hz	17	0.899	70.00	0.121
127.202	0.05	Adapter 899Hz Probe 3839Hz	17	0.899	70.00	0.121
127.282	0.05	Adapter 899Hz Probe 3839Hz	17	0.899	70.00	0.121
127.362	0.05	Adapter 899Hz Probe 3839Hz	17	3.839	70.00	0.437
137.518	0.05	Adapter 1501Hz Probe 3839Hz	19	1.501	70.00	0.186
137.598	0.05	Adapter 1501Hz Probe 3839Hz	19	1.501	70.00	0.186
137.678	0.05	Adapter 1501Hz Probe 3839Hz	19	1.501	70.00	0.186
137.758	0.05	Adapter 1501Hz Probe 3839Hz	19	1.501	70.00	0.186
137.838	0.05	Adapter 1501Hz Probe 3839Hz	19	3.839	70.00	0.437
138.018	0.05	Adapter 1501Hz Probe 3839Hz	19	1.501	70.00	0.186
138.098	0.05	Adapter 1501Hz Probe 3839Hz	19	1.501	70.00	0.186
138.178	0.05	Adapter 1501Hz Probe 3839Hz	19	1.501	70.00	0.186
138.258	0.05	Adapter 1501Hz Probe 3839Hz	19	1.501	70.00	0.186
138.338	0.05	Adapter 1501Hz Probe 3839Hz	19	3.839	70.00	0.437
138.518	0.05	Adapter 1501Hz Probe 3839Hz	19	1.501	70.00	0.186
138.598	0.05	Adapter 1501Hz Probe 3839Hz	19	1.501	70.00	0.186
138.678	0.05	Adapter 1501Hz Probe 3839Hz	19	1.501	70.00	0.186
138.758	0.05	Adapter 1501Hz Probe 3839Hz	19	1.501	70.00	0.186
138.838	0.05	Adapter 1501Hz Probe 3839Hz	19	3.839	70.00	0.437
139.018	0.05	Adapter 1501Hz Probe 3839Hz	19	1.501	70.00	0.186
139.098	0.05	Adapter 1501Hz Probe 3839Hz	19	1.501	70.00	0.186
139.178	0.05	Adapter 1501Hz Probe 3839Hz	19	1.501	70.00	0.186
139.258	0.05	Adapter 1501Hz Probe 3839Hz	19	1.501	70.00	0.186
139.338	0.05	Adapter 1501Hz Probe 3839Hz	19	3.839	70.00	0.437
139.518	0.05	Adapter 1501Hz Probe 3839Hz	19	1.501	70.00	0.186
139.598	0.05	Adapter 1501Hz Probe 3839Hz	19	1.501	70.00	0.186
139.678	0.05	Adapter 1501Hz Probe 3839Hz	19	1.501	70.00	0.186
139.758	0.05	Adapter 1501Hz Probe 3839Hz	19	1.501	70.00	0.186
139.838	0.05	Adapter 1501Hz Probe 3839Hz	19	3.839	70.00	0.437
140.018	0.05	Adapter 1501Hz Probe 3839Hz	19	1.501	70.00	0.186
140.098	0.05	Adapter 1501Hz Probe 3839Hz	19	1.501	70.00	0.186
140.178	0.05	Adapter 1501Hz Probe 3839Hz	19	1.501	70.00	0.186
140.258	0.05	Adapter 1501Hz Probe 3839Hz	19	1.501	70.00	0.186
140.338	0.05	Adapter 1501Hz Probe 3839Hz	19	3.839	70.00	0.437
140.518	0.05	Adapter 1501Hz Probe 3839Hz	19	1.501	70.00	0.186
140.598	0.05	Adapter 1501Hz Probe 3839Hz	19	1.501	70.00	0.186
140.678	0.05	Adapter 1501Hz Probe 3839Hz	19	1.501	70.00	0.186
140.758	0.05	Adapter 1501Hz Probe 3839Hz	19	1.501	70.00	0.186
140.838	0.05	Adapter 1501Hz Probe 3839Hz	19	3.839	70.00	0.437
141.018	0.05	Adapter 1501Hz Probe 3839Hz	19	1.501	70.00	0.186
141.098	0.05	Adapter 1501Hz Probe 3839Hz	19	1.501	70.00	0.186
141.178	0.05	Adapter 1501Hz Probe 3839Hz	19	1.501	70.00	0.186
141.258	0.05	Adapter 1501Hz Probe 3839Hz	19	1.501	70.00	0.186
141.338	0.05	Adapter 1501Hz Probe 3839Hz	19	3.839	70.00	0.437
141.518	0.05	Adapter 1501Hz Probe 3839Hz	19	1.501	70.00	0.186
141.598	0.05	Adapter 1501Hz Probe 3839Hz	19	1.501	70.00	0.186
141.678	0.05	Adapter 1501Hz Probe 3839Hz	19	1.501	70.00	0.186
141.758	0.05	Adapter 1501Hz Probe 3839Hz	19	1.501	70.00	0.186
141.838	0.05	Adapter 1501Hz Probe 3839Hz	19	3.839	70.00	0.437
142.018	0.05	Adapter 1501Hz Probe 3839Hz	19	1.501	70.00	0.186
142.098	0.05	Adapter 1501Hz Probe 3839Hz	19	1.501	70.00	0.186
142.178	0.05	Adapter 1501Hz Probe 3839Hz	19	1.501	70.00	0.186
142.258	0.05	Adapter 1501Hz Probe 3839Hz	19	1.501	70.00	0.186
142.338	0.05	Adapter 1501Hz Probe 3839Hz	19	3.839	70.00	0.437
145.006	0.05	Adapter 3839Hz Probe 3839Hz	20	3.839	70.00	0.437
145.086	0.05	Adapter 3839Hz Probe 3839Hz	20	3.839	70.00	0.437
145.166	0.05	Adapter 3839Hz Probe 3839Hz	20	3.839	70.00	0.437
145.246	0.05	Adapter 3839Hz Probe 3839Hz	20	3.839	70.00	0.437
145.326	0.05	Adapter 3839Hz Probe 3839Hz	20	3.839	70.00	0.437
145.506	0.05	Adapter 3839Hz Probe 3839Hz	20	3.839	70.00	0.437
145.586	0.05	Adapter 3839Hz Probe 3839Hz	20	3.839	70.00	0.437
145.666	0.05	Adapter 3839Hz Probe 3839Hz	20	3.839	70.00	0.437
145.746	0.05	Adapter 3839Hz Probe 3839Hz	20	3.839	70.00	0.437
145.826	0.05	Adapter 3839Hz Probe 3839Hz	20	3.839	70.00	0.437
146.006	0.05	Adapter 3839Hz Probe 3839Hz	20	3.839	70.00	0.437
146.086	0.05	Adapter 3839Hz Probe 3839Hz	20	3.839	70.00	0.437
146.166	0.05	Adapter 3839Hz Probe 3839Hz	20	3.839	70.00	0.437
146.246	0.05	Adapter 3839Hz Probe 3839Hz	20	3.839	70.00	0.437
146.326	0.05	Adapter 3839Hz Probe 3839Hz	20	3.839	70.00	0.437
146.506	0.05	Adapter 3839Hz Probe 3839Hz	20	3.839	70.00	0.437
146.586	0.05	Adapter 3839Hz Probe 3839Hz	20	3.839	70.00	0.437
146.666	0.05	Adapter 3839Hz Probe 3839Hz	20	3.839	70.00	0.437
146.746	0.05	Adapter 3839Hz Probe 3839Hz	20	3.839	70.00	0.437
146.826	0.05	Adapter 3839Hz Probe 3839Hz	20	3.839	70.00	0.437
147.006	0.05	Adapter 3839Hz Probe 3839Hz	20	3.839	70.00	0.437
147.086	0.05	Adapter 3839Hz Probe 3839Hz	20	3.839	70.00	0.437
147.166	0.05	Adapter 3839Hz Probe 3839Hz	20	3.839	70.00	0.437
147.246	0.05	Adapter 3839Hz Probe 3839Hz	20	3.839	70.00	0.437
147.326	0.05	Adapter 3839Hz Probe 3839Hz	20	3.839	70.00	0.437
147.506	0.05	Adapter 3839Hz Probe 3839Hz	20	3.839	70.00	0.437
147.586	0.05	Adapter 3839Hz Probe 3839Hz	20	3.839	70.00	0.437
147.666	0.05	Adapter 3839Hz Probe 3839Hz	20	3.839	70.00	0.437
147.746	0.05	Adapter 3839Hz Probe 3839Hz	20	3.839	70.00	0.437
147.826	0.05	Adapter 3839Hz Probe 3839Hz	20	3.839	70.00	0.437
148.006	0.05	Adapter 3839Hz Probe 3839Hz	20	3.839	70.00	0.437
148.086	0.05	Adapter 3839Hz Probe 3839Hz	20	3.839	70.00	0.437
148.166	0.05	Adapter 3839Hz Probe 3839Hz	20	3.839	70.00	0.437
148.246	0.05	Adapter 3839Hz Probe 3839Hz	20	3.839	70.00	0.437
148.326	0.05	Adapter 3839Hz Probe 3839Hz	20	3.839	70.00	0.437
148.506	0.05	Adapter 3839Hz Probe 3839Hz	20	3.839	70.00	0.437
148.586	0.05	Adapter 3839Hz Probe 3839Hz	20	3.839	70.00	0.437
148.666	0.05	Adapter 3839Hz Probe 3839Hz	20	3.839	70.00	0.437
148.746	0.05	Adapter 3839Hz Probe 3839Hz	20	3.839	70.00	0.437
148.826	0.05	Adapter 3839Hz Probe 3839Hz	20	3.839	70.00	0.437
149.006	0.05	Adapter 3839Hz Probe 3839Hz	20	3.839	70.00	0.437
149.086	0.05	Adapter 3839Hz Probe 3839Hz	20	3.839	70.00	0.437
149.166	0.05	Adapter 3839Hz Probe 3839Hz	20	3.839	70.00	0.437
149.246	0.05	Adapter 3839Hz Probe 3839Hz	20	3.839	70.00	0.437
149.326	0.05	Adapter 3839Hz Probe 3839Hz	20	3.839	70.00	0.437
149.506	0.05	Adapter 3839Hz Probe 3839Hz	20	3.839	70.00	0.437
149.586	0.05	Adapter 3839Hz Probe 3839Hz	20	3.839	70.00	0.437
149.666	0.05	Adapter 3839Hz Probe 3839Hz	20	3.839	70.00	0.437
149.746	0.05	Adapter 3839Hz Probe 3839Hz	20	3.839	70.00	0.437
149.826	0.05	Adapter 3839Hz Probe 3839Hz	20	3.839	70.00	0.437
152.557	0.05	Adapter 6009Hz	21	6.009	70.00	0.671
152.637	0.05	Adapter 6009Hz	21	6.009	70.00	0.671
152.717	0.05	Adapter 6009Hz	21	6.009	70.00	0.671
152.797	0.05	Adapter 6009Hz	21	6.009	70.00	0.671
153.057	0.05	Adapter 6009Hz	21	6.009	70.00	0.671
153.137	0.05	Adapter 6009Hz	21	6.009	70.00	0.671
153.217	0.05	Adapter 6009Hz	21	6.009	70.00	0.671
153.297	0.05	Adapter 6009Hz	21	6.009	70.00	0.671
153.557	0.05	Adapter 6009Hz	21	6.009	70.00	0.671
153.637	0.05	Adapter 6009Hz	21	6.009	70.00	0.671
153.717	0.05	Adapter 6009Hz	21	6.009	70.00	0.671
153.797	0.05	Adapter 6009Hz	21	6.009	70.00	0.671
154.057	0.05	Adapter 6009Hz	21	6.009	70.00	0.671
154.137	0.05	Adapter 6009Hz	21	6.009	70.00	0.671
154.217	0.05	Adapter 6009Hz	21	6.009	70.00	0.671
154.297	0.05	Adapter 6009Hz	21	6.009	70.00	0.671
154.557	0.05	Adapter 6009Hz	21	6.009	70.00	0.671
154.637	0.05	Adapter 6009Hz	21	6.009	70.00	0.671
154.717	0.05	Adapter 6009Hz	21	6.009	70.00	0.671
154.797	0.05	Adapter 6009Hz	21	6.009	70.00	0.671
155.057	0.05	Adapter 6009Hz	21	6.009	70.00	0.671
155.137	0.05	Adapter 6009Hz	21	6.009	70.00	0.671
155.217	0.05	Adapter 6009Hz	21	6.009	70.00	0.671
155.297	0.05	Adapter 6009Hz	21	6.009	70.00	0.671
155.557	0.05	Adapter 6009Hz	21	6.009	70.00	0.671
155.637	0.05	Adapter 6009Hz	21	6.009	70.00	0.671
155.717	0.05	Adapter 6009Hz	21	6.009	70.00	0.671
155.797	0.05	Adapter 6009Hz	21	6.009	70.00	0.671
156.057	0.05	Adapter 6009Hz	21	6.009	70.00	0.671
156.137	0.05	Adapter 6009Hz	21	6.009	70.00	0.671
156.217	0.05	Adapter 6009Hz	21	6.009	70.00	0.671
156.297	0.05	Adapter 6009Hz	21	6.009	70.00	0.671
156.557	0.05	Adapter 6009Hz	21	6.009	70.00	0.671
156.637	0.05	Adapter 6009Hz	21	6.009	70.00	0.671
156.717	0.05	Adapter 6009Hz	21	6.009	70.00	0.671
156.797	0.05	Adapter 6009Hz	21	6.009	70.00	0.671
157.057	0.05	Adapter 6009Hz	21	6.009	70.00	0.671
157.137	0.05	Adapter 6009Hz	21	6.009	70.00	0.671
157.217	0.05	Adapter 6009Hz	21	6.009	70.00	0.671
157.297	0.05	Adapter 6009Hz	21	6.009	70.00	0.671
167.548	0.05	Adapter 507Hz	23	0.507	70.00	0.079
167.628	0.05	Adapter 507Hz	23	0.507	70.00	0.079
167.708	0.05	Adapter 507Hz	23	0.507	70.00	0.079
167.788	0.05	Adapter 507Hz	23	0.507	70.00	0.079
168.048	0.05	Adapter 507Hz	23	0.507	70.00	0.079
168.128	0.05	Adapter 507Hz	23	0.507	70.00	0.079
168.208	0.05	Adapter 507Hz	23	0.507	70.00	0.079
168.288	0.05	Adapter 507Hz	23	0.507	70.00	0.079
168.548	0.05	Adapter 507Hz	23	0.507	70.00	0.079
168.628	0.05	Adapter 507Hz	23	0.507	70.00	0.079
168.708	0.05	Adapter 507Hz	23	0.507	70.00	0.079
168.788	0.05	Adapter 507Hz	23	0.507	70.00	0.079
169.048	0.05	Adapter 507Hz	23	0.507	70.00	0.079
169.128	0.05	Adapter 507Hz	23	0.507	70.00	0.079
169.208	0.05	Adapter 507Hz	23	0.507	70.00	0.079
169.288	0.05	Adapter 507Hz	23	0.507	70.00	0.079
169.548	0.05	Adapter 507Hz	23	0.507	70.00	0.079
169.628	0.05	Adapter 507Hz	23	0.507	70.00	0.079
169.708	0.05	Adapter 507Hz	23	0.507	70.00	0.079
169.788	0.05	Adapter 507Hz	23	0.507	70.00	0.079
170.048	0.05	Adapter 507Hz	23	0.507	70.00	0.079
170.128	0.05	Adapter 507Hz	23	0.507	70.00	0.079
170.208	0.05	Adapter 507Hz	23	0.507	70.00	0.079
170.288	0.05	Adapter 507Hz	23	0.507	70.00	0.079
170.548	0.05	Adapter 507Hz	23	0.507	70.00	0.079
170.628	0.05	Adapter 507Hz	23	0.507	70.00	0.079
170.708	0.05	Adapter 507Hz	23	0.507	70.00	0.079
170.788	0.05	Adapter 507Hz	23	0.507	70.00	0.079
171.048	0.05	Adapter 507Hz	23	0.507	70.00	0.079
171.128	0.05	Adapter 507Hz	23	0.507	70.00	0.079
171.208	0.05	Adapter 507Hz	23	0.507	70.00	0.079
171.288	0.05	Adapter 507Hz	23	0.507	70.00	0.079
171.548	0.05	Adapter 507Hz	23	0.507	70.00	0.079
171.628	0.05	Adapter 507Hz	23	0.507	70.00	0.079
171.708	0.05	Adapter 507Hz	23	0.507	70.00	0.079
171.788	0.05	Adapter 507Hz	23	0.507	70.00	0.079
172.048	0.05	Adapter 507Hz	23	0.507	70.00	0.079
172.128	0.05	Adapter 507Hz	23	0.507	70.00	0.079
172.208	0.05	Adapter 507Hz	23	0.507	70.00	0.079
172.288	0.05	Adapter 507Hz	23	0.507	70.00	0.079
175.021	0.05	Adapter 2423Hz	24	2.423	70.00	0.285
175.101	0.05	Adapter 2423Hz	24	2.423	70.00	0.285
175.181	0.05	Adapter 2423Hz	24	2.423	70.00	0.285
175.261	0.05	Adapter 2423Hz	24	2.423	70.00	0.285
175.521	0.05	Adapter 2423Hz	24	2.423	70.00	0.285
175.601	0.05	Adapter 2423Hz	24	2.423	70.00	0.285
175.681	0.05	Adapter 2423Hz	24	2.423	70.00	0.285
175.761	0.05	Adapter 2423Hz	24	2.423	70.00	0.285
176.021	0.05	Adapter 2423Hz	24	2.423	70.00	0.285
176.101	0.05	Adapter 2423Hz	24	2.423	70.00	0.285
176.181	0.05	Adapter 2423Hz	24	2.423	70.00	0.285
176.261	0.05	Adapter 2423Hz	24	2.423	70.00	0.285
176.521	0.05	Adapter 2423Hz	24	2.423	70.00	0.285
176.601	0.05	Adapter 2423Hz	24	2.423	70.00	0.285
176.681	0.05	Adapter 2423Hz	24	2.423	70.00	0.285
176.761	0.05	Adapter 2423Hz	24	2.423	70.00	0.285
177.021	0.05	Adapter 2423Hz	24	2.423	70.00	0.285
177.101	0.05	Adapter 2423Hz	24	2.423	70.00	0.285
177.181	0.05	Adapter 2423Hz	24	2.423	70.00	0.285
177.261	0.05	Adapter 2423Hz	24	2.423	70.00	0.285
177.521	0.05	Adapter 2423Hz	24	2.423	70.00	0.285
177.601	0.05	Adapter 2423Hz	24	2.423	70.00	0.285
177.681	0.05	Adapter 2423Hz	24	2.423	70.00	0.285
177.761	0.05	Adapter 2423Hz	24	2.423	70.00	0.285
178.021	0.05	Adapter 2423Hz	24	2.423	70.00	0.285
178.101	0.05	Adapter 2423Hz	24	2.423	70.00	0.285
178.181	0.05	Adapter 2423Hz	24	2.423	70.00	0.285
178.261	0.05	Adapter 2423Hz	24	2.423	70.00	0.285
178.521	0.05	Adapter 2423Hz	24	2.423	70.00	0.285
178.601	0.05	Adapter 2423Hz	24	2.423	70.00	0.285
178.681	0.05	Adapter 2423Hz	24	2.423	70.00	0.285
178.761	0.05	Adapter 2423Hz	24	2.423	70.00	0.285
179.021	0.05	Adapter 2423Hz	24	2.423	70.00	0.285
179.101	0.05	Adapter 2423Hz	24	2.423	70.00	0.285
179.181	0.05	Adapter 2423Hz	24	2.423	70.00	0.285
179.261	0.05	Adapter 2423Hz	24	2.423	70.00	0.285
179.521	0.05	Adapter 2423Hz	24	2.423	70.00	0.285
179.601	0.05	Adapter 2423Hz	24	2.423	70.00	0.285
179.681	0.05	Adapter 2423Hz	24	2.423	70.00	0.285
179.761	0.05	Adapter 2423Hz	24	2.423	70.00	0.285
182.86	0.05	Probe 3839Hz	25	3.839	70.00	0.437
183.36	0.05	Probe 3839Hz	25	3.839	70.00	0.437
183.86	0.05	Probe 3839Hz	25	3.839	70.00	0.437
184.36	0.05	Probe 3839Hz	25	3.839	70.00	0.437
184.86	0.05	Probe 3839Hz	25	3.839	70.00	0.437
185.36	0.05	Probe 3839Hz	25	3.839	70.00	0.437
185.86	0.05	Probe 3839Hz	25	3.839	70.00	0.437
186.36	0.05	Probe 3839Hz	25	3.839	70.00	0.437
186.86	0.05	Probe 3839Hz	25	3.839	70.00	0.437
187.36	0.05	Probe 3839Hz	25	3.839	70.00	0.437
190.028	0.05	Adapter 2423Hz Probe 3839Hz	26	2.423	70.00	0.285
190.108	0.05	Adapter 2423Hz Probe 3839Hz	26	2.423	70.00	0.285
190.188	0.05	Adapter 2423Hz Probe 3839Hz	26	2.423	70.00	0.285
190.268	0.05	Adapter 2423Hz Probe 3839Hz	26	2.423	70.00	0.285
190.348	0.05	Adapter 2423Hz Probe 3839Hz	26	3.839	70.00	0.437
190.528	0.05	Adapter 2423Hz Probe 3839Hz	26	2.423	70.00	0.285
190.608	0.05	Adapter 2423Hz Probe 3839Hz	26	2.423	70.00	0.285
190.688	0.05	Adapter 2423Hz Probe 3839Hz	26	2.423	70.00	0.285
190.768	0.05	Adapter 2423Hz Probe 3839Hz	26	2.423	70.00	0.285
190.848	0.05	Adapter 2423Hz Probe 3839Hz	26	3.839	70.00	0.437
191.028	0.05	Adapter 2423Hz Probe 3839Hz	26	2.423	70.00	0.285
191.108	0.05	Adapter 2423Hz Probe 3839Hz	26	2.423	70.00	0.285
191.188	0.05	Adapter 2423Hz Probe 3839Hz	26	2.423	70.00	0.285
191.268	0.05	Adapter 2423Hz Probe 3839Hz	26	2.423	70.00	0.285
191.348	0.05	Adapter 2423Hz Probe 3839Hz	26	3.839	70.00	0.437
191.528	0.05	Adapter 2423Hz Probe 3839Hz	26	2.423	70.00	0.285
191.608	0.05	Adapter 2423Hz Probe 3839Hz	26	2.423	70.00	0.285
191.688	0.05	Adapter 2423Hz Probe 3839Hz	26	2.423	70.00	0.285
191.768	0.05	Adapter 2423Hz Probe 3839Hz	26	2.423	70.00	0.285
191.848	0.05	Adapter 2423Hz Probe 3839Hz	26	3.839	70.00	0.437
192.028	0.05	Adapter 2423Hz Probe 3839Hz	26	2.423	70.00	0.285
192.108	0.05	Adapter 2423Hz Probe 3839Hz	26	2.423	70.00	0.285
192.188	0.05	Adapter 2423Hz Probe 3839Hz	26	2.423	70.00	0.285
192.268	0.05	Adapter 2423Hz Probe 3839Hz	26	2.423	70.00	0.285
192.348	0.05	Adapter 2423Hz Probe 3839Hz	26	3.839	70.00	0.437
192.528	0.05	Adapter 2423Hz Probe 3839Hz	26	2.423	70.00	0.285
192.608	0.05	Adapter 2423Hz Probe 3839Hz	26	2.423	70.00	0.285
192.688	0.05	Adapter 2423Hz Probe 3839Hz	26	2.423	70.00	0.285
192.768	0.05	Adapter 2423Hz Probe 3839Hz	26	2.423	70.00	0.285
192.848	0.05	Adapter 2423Hz Probe 3839Hz	26	3.839	70.00	0.437
193.028	0.05	Adapter 2423Hz Probe 3839Hz	26	2.423	70.00	0.285
193.108	0.05	Adapter 2423Hz Probe 3839Hz	26	2.423	70.00	0.285
193.188	0.05	Adapter 2423Hz Probe 3839Hz	26	2.423	70.00	0.285
193.268	0.05	Adapter 2423Hz Probe 3839Hz	26	2.423	70.00	0.285
193.348	0.05	Adapter 2423Hz Probe 3839Hz	26	3.839	70.00	0.437
193.528	0.05	Adapter 2423Hz Probe 3839Hz	26	2.423	70.00	0.285
193.608	0.05	Adapter 2423Hz Probe 3839Hz	26	2.423	70.00	0.285
193.688	0.05	Adapter 2423Hz Probe 3839Hz	26	2.423	70.00	0.285
193.768	0.05	Adapter 2423Hz Probe 3839Hz	26	2.423	70.00	0.285
193.848	0.05	Adapter 2423Hz Probe 3839Hz	26	3.839	70.00	0.437
194.028	0.05	Adapter 2423Hz Probe 3839Hz	26	2.423	70.00	0.285
194.108	0.05	Adapter 2423Hz Probe 3839Hz	26	2.423	70.00	0.285
194.188	0.05	Adapter 2423Hz Probe 3839Hz	26	2.423	70.00	0.285
194.268	0.05	Adapter 2423Hz Probe 3839Hz	26	2.423	70.00	0.285
194.348	0.05	Adapter 2423Hz Probe 3839Hz	26	3.839	70.00	0.437
194.528	0.05	Adapter 2423Hz Probe 3839Hz	26	2.423	70.00	0.285
194.608	0.05	Adapter 2423Hz Probe 3839Hz	26	2.423	70.00	0.285
194.688	0.05	Adapter 2423Hz Probe 3839Hz	26	2.423	70.00	0.285
194.768	0.05	Adapter 2423Hz Probe 3839Hz	26	2.423	70.00	0.285
194.848	0.05	Adapter 2423Hz Probe 3839Hz	26	3.839	70.00	0.437
197.563	0.05	Adapter 251Hz	27	0.251	70.00	0.052
197.643	0.05	Adapter 251Hz	27	0.251	70.00	0.052
197.723	0.05	Adapter 251Hz	27	0.251	70.00	0.052
197.803	0.05	Adapter 251Hz	27	0.251	70.00	0.052
198.063	0.05	Adapter 251Hz	27	0.251	70.00	0.052
198.143	0.05	Adapter 251Hz	27	0.251	70.00	0.052
198.223	0.05	Adapter 251Hz	27	0.251	70.00	0.052
198.303	0.05	Adapter 251Hz	27	0.251	70.00	0.052
198.563	0.05	Adapter 251Hz	27	0.251	70.00	0.052
198.643	0.05	Adapter 251Hz	27	0.251	70.00	0.052
198.723	0.05	Adapter 251Hz	27	0.251	70.00	0.052
198.803	0.05	Adapter 251Hz	27	0.251	70.00	0.052
199.063	0.05	Adapter 251Hz	27	0.251	70.00	0.052
199.143	0.05	Adapter 251Hz	27	0.251	70.00	0.052
199.223	0.05	Adapter 251Hz	27	0.251	70.00	0.052
199.303	0.05	Adapter 251Hz	27	0.251	70.00	0.052
199.563	0.05	Adapter 251Hz	27	0.251	70.00	0.052
199.643	0.05	Adapter 251Hz	27	0.251	70.00	0.052
199.723	0.05	Adapter 251Hz	27	0.251	70.00	0.052
199.803	0.05	Adapter 251Hz	27	0.251	70.00	0.052
200.063	0.05	Adapter 251Hz	27	0.251	70.00	0.052
200.143	0.05	Adapter 251Hz	27	0.251	70.00	0.052
200.223	0.05	Adapter 251Hz	27	0.251	70.00	0.052
200.303	0.05	Adapter 251Hz	27	0.251	70.00	0.052
200.563	0.05	Adapter 251Hz	27	0.251	70.00	0.052
200.643	0.05	Adapter 251Hz	27	0.251	70.00	0.052
200.723	0.05	Adapter 251Hz	27	0.251	70.00	0.052
200.803	0.05	Adapter 251Hz	27	0.251	70.00	0.052
201.063	0.05	Adapter 251Hz	27	0.251	70.00	0.052
201.143	0.05	Adapter 251Hz	27	0.251	70.00	0.052
201.223	0.05	Adapter 251Hz	27	0.251	70.00	0.052
201.303	0.05	Adapter 251Hz	27	0.251	70.00	0.052
201.563	0.05	Adapter 251Hz	27	0.251	70.00	0.052
201.643	0.05	Adapter 251Hz	27	0.251	70.00	0.052
201.723	0.05	Adapter 251Hz	27	0.251	70.00	0.052
201.803	0.05	Adapter 251Hz	27	0.251	70.00	0.052
202.063	0.05	Adapter 251Hz	27	0.251	70.00	0.052
202.143	0.05	Adapter 251Hz	27	0.251	70.00	0.052
202.223	0.05	Adapter 251Hz	27	0.251	70.00	0.052
202.303	0.05	Adapter 251Hz	27	0.251	70.00	0.052
205.051	0.05	Adapter 507Hz Probe 3839Hz	28	0.507	70.00	0.079
205.131	0.05	Adapter 507Hz Probe 3839Hz	28	0.507	70.00	0.079
205.211	0.05	Adapter 507Hz Probe 3839Hz	28	0.507	70.00	0.079
205.291	0.05	Adapter 507Hz Probe 3839Hz	28	0.507	70.00	0.079
205.371	0.05	Adapter 507Hz Probe 3839Hz	28	3.839	70.00	0.437
205.551	0.05	Adapter 507Hz Probe 3839Hz	28	0.507	70.00	0.079
205.631	0.05	Adapter 507Hz Probe 3839Hz	28	0.507	70.00	0.079
205.711	0.05	Adapter 507Hz Probe 3839Hz	28	0.507	70.00	0.079
205.791	0.05	Adapter 507Hz Probe 3839Hz	28	0.507	70.00	0.079
205.871	0.05	Adapter 507Hz Probe 3839Hz	28	3.839	70.00	0.437
206.051	0.05	Adapter 507Hz Probe 3839Hz	28	0.507	70.00	0.079
206.131	0.05	Adapter 507Hz Probe 3839Hz	28	0.507	70.00	0.079
206.211	0.05	Adapter 507Hz Probe 3839Hz	28	0.507	70.00	0.079
206.291	0.05	Adapter 507Hz Probe 3839Hz	28	0.507	70.00	0.079
206.371	0.05	Adapter 507Hz Probe 3839Hz	28	3.839	70.00	0.437
206.551	0.05	Adapter 507Hz Probe 3839Hz	28	0.507	70.00	0.079
206.631	0.05	Adapter 507Hz Probe 3839Hz	28	0.507	70.00	0.079
206.711	0.05	Adapter 507Hz Probe 3839Hz	28	0.507	70.00	0.079
206.791	0.05	Adapter 507Hz Probe 3839Hz	28	0.507	70.00	0.079
206.871	0.05	Adapter 507Hz Probe 3839Hz	28	3.839	70.00	0.437
207.051	0.05	Adapter 507Hz Probe 3839Hz	28	0.507	70.00	0.079
207.131	0.05	Adapter 507Hz Probe 3839Hz	28	0.507	70.00	0.079
207.211	0.05	Adapter 507Hz Probe 3839Hz	28	0.507	70.00	0.079
207.291	0.05	Adapter 507Hz Probe 3839Hz	28	0.507	70.00	0.079
207.371	0.05	Adapter 507Hz Probe 3839Hz	28	3.839	70.00	0.437
207.551	0.05	Adapter 507Hz Probe 3839Hz	28	0.507	70.00	0.079
207.631	0.05	Adapter 507Hz Probe 3839Hz	28	0.507	70.00	0.079
207.711	0.05	Adapter 507Hz Probe 3839Hz	28	0.507	70.00	0.079
207.791	0.05	Adapter 507Hz Probe 3839Hz	28	0.507	70.00	0.079
207.871	0.05	Adapter 507Hz Probe 3839Hz	28	3.839	70.00	0.437
208.051	0.05	Adapter 507Hz Probe 3839Hz	28	0.507	70.00	0.079
208.131	0.05	Adapter 507Hz Probe 3839Hz	28	0.507	70.00	0.079
208.211	0.05	Adapter 507Hz Probe 3839Hz	28	0.507	70.00	0.079
208.291	0.05	Adapter 507Hz Probe 3839Hz	28	0.507	70.00	0.079
208.371	0.05	Adapter 507Hz Probe 3839Hz	28	3.839	70.00	0.437
208.551	0.05	Adapter 507Hz Probe 3839Hz	28	0.507	70.00	0.079
208.631	0.05	Adapter 507Hz Probe 3839Hz	28	0.507	70.00	0.079
208.711	0.05	Adapter 507Hz Probe 3839Hz	28	0.507	70.00	0.079
208.791	0.05	Adapter 507Hz Probe 3839Hz	28	0.507	70.00	0.079
208.871	0.05	Adapter 507Hz Probe 3839Hz	28	3.839	70.00	0.437
209.051	0.05	Adapter 507Hz Probe 3839Hz	28	0.507	70.00	0.079
209.131	0.05	Adapter 507Hz Probe 3839Hz	28	0.507	70.00	0.079
209.211	0.05	Adapter 507Hz Probe 3839Hz	28	0.507	70.00	0.079
209.291	0.05	Adapter 507Hz Probe 3839Hz	28	0.507	70.00	0.079
209.371	0.05	Adapter 507Hz Probe 3839Hz	28	3.839	70.00	0.437
209.551	0.05	Adapter 507Hz Probe 3839Hz	28	0.507	70.00	0.079
209.631	0.05	Adapter 507Hz Probe 3839Hz	28	0.507	70.00	0.079
209.711	0.05	Adapter 507Hz Probe 3839Hz	28	0.507	70.00	0.079
209.791	0.05	Adapter 507Hz Probe 3839Hz	28	0.507	70.00	0.079
209.871	0.05	Adapter 507Hz Probe 3839Hz	28	3.839	70.00	0.437
212.523	0.05	Adapter 1501Hz	29	1.501	70.00	0.186
212.603	0.05	Adapter 1501Hz	29	1.501	70.00	0.186
212.683	0.05	Adapter 1501Hz	29	1.501	70.00	0.186
212.763	0.05	Adapter 1501Hz	29	1.501	70.00	0.186
213.023	0.05	Adapter 1501Hz	29	1.501	70.00	0.186
213.103	0.05	Adapter 1501Hz	29	1.501	70.00	0.186
213.183	0.05	Adapter 1501Hz	29	1.501	70.00	0.186
213.263	0.05	Adapter 1501Hz	29	1.501	70.00	0.186
213.523	0.05	Adapter 1501Hz	29	1.501	70.00	0.186
213.603	0.05	Adapter 1501Hz	29	1.501	70.00	0.186
213.683	0.05	Adapter 1501Hz	29	1.501	70.00	0.186
213.763	0.05	Adapter 1501Hz	29	1.501	70.00	0.186
214.023	0.05	Adapter 1501Hz	29	1.501	70.00	0.186
214.103	0.05	Adapter 1501Hz	29	1.501	70.00	0.186
214.183	0.05	Adapter 1501Hz	29	1.501	70.00	0.186
214.263	0.05	Adapter 1501Hz	29	1.501	70.00	0.186
214.523	0.05	Adapter 1501Hz	29	1.501	70.00	0.186
214.603	0.05	Adapter 1501Hz	29	1.501	70.00	0.186
214.683	0.05	Adapter 1501Hz	29	1.501	70.00	0.186
214.763	0.05	Adapter 1501Hz	29	1.501	70.00	0.186
215.023	0.05	Adapter 1501Hz	29	1.501	70.00	0.186
215.103	0.05	Adapter 1501Hz	29	1.501	70.00	0.186
215.183	0.05	Adapter 1501Hz	29	1.501	70.00	0.186
215.263	0.05	Adapter 1501Hz	29	1.501	70.00	0.186
215.523	0.05	Adapter 1501Hz	29	1.501	70.00	0.186
215.603	0.05	Adapter 1501Hz	29	1.501	70.00	0.186
215.683	0.05	Adapter 1501Hz	29	1.501	70.00	0.186
215.763	0.05	Adapter 1501Hz	29	1.501	70.00	0.186
216.023	0.05	Adapter 1501Hz	29	1.501	70.00	0.186
216.103	0.05	Adapter 1501Hz	29	1.501	70.00	0.186
216.183	0.05	Adapter 1501Hz	29	1.501	70.00	0.186
216.263	0.05	Adapter 1501Hz	29	1.501	70.00	0.186
216.523	0.05	Adapter 1501Hz	29	1.501	70.00	0.186
216.603	0.05	Adapter 1501Hz	29	1.501	70.00	0.186
216.683	0.05	Adapter 1501Hz	29	1.501	70.00	0.186
216.763	0.05	Adapter 1501Hz	29	1.501	70.00	0.186
217.023	0.05	Adapter 1501Hz	29	1.501	70.00	0.186
217.103	0.05	Adapter 1501Hz	29	1.501	70.00	0.186
217.183	0.05	Adapter 1501Hz	29	1.501	70.00	0.186
217.263	0.05	Adapter 1501Hz	29	1.501	70.00	0.186
220.011	0.05	Adapter 3839Hz	30	3.839	70.00	0.437
220.091	0.05	Adapter 3839Hz	30	3.839	70.00	0.437
220.171	0.05	Adapter 3839Hz	30	3.839	70.00	0.437
220.251	0.05	Adapter 3839Hz	30	3.839	70.00	0.437
220.511	0.05	Adapter 3839Hz	30	3.839	70.00	0.437
220.591	0.05	Adapter 3839Hz	30	3.839	70.00	0.437
220.671	0.05	Adapter 3839Hz	30	3.839	70.00	0.437
220.751	0.05	Adapter 3839Hz	30	3.839	70.00	0.437
221.011	0.05	Adapter 3839Hz	30	3.839	70.00	0.437
221.091	0.05	Adapter 3839Hz	30	3.839	70.00	0.437
221.171	0.05	Adapter 3839Hz	30	3.839	70.00	0.437
221.251	0.05	Adapter 3839Hz	30	3.839	70.00	0.437
221.511	0.05	Adapter 3839Hz	30	3.839	70.00	0.437
221.591	0.05	Adapter 3839Hz	30	3.839	70.00	0.437
221.671	0.05	Adapter 3839Hz	30	3.839	70.00	0.437
221.751	0.05	Adapter 3839Hz	30	3.839	70.00	0.437
222.011	0.05	Adapter 3839Hz	30	3.839	70.00	0.437
222.091	0.05	Adapter 3839Hz	30	3.839	70.00	0.437
222.171	0.05	Adapter 3839Hz	30	3.839	70.00	0.437
222.251	0.05	Adapter 3839Hz	30	3.839	70.00	0.437
222.511	0.05	Adapter 3839Hz	30	3.839	70.00	0.437
222.591	0.05	Adapter 3839Hz	30	3.839	70.00	0.437
222.671	0.05	Adapter 3839Hz	30	3.839	70.00	0.437
222.751	0.05	Adapter 3839Hz	30	3.839	70.00	0.437
223.011	0.05	Adapter 3839Hz	30	3.839	70.00	0.437
223.091	0.05	Adapter 3839Hz	30	3.839	70.00	0.437
223.171	0.05	Adapter 3839Hz	30	3.839	70.00	0.437
223.251	0.05	Adapter 3839Hz	30	3.839	70.00	0.437
223.511	0.05	Adapter 3839Hz	30	3.839	70.00	0.437
223.591	0.05	Adapter 3839Hz	30	3.839	70.00	0.437
223.671	0.05	Adapter 3839Hz	30	3.839	70.00	0.437
223.751	0.05	Adapter 3839Hz	30	3.839	70.00	0.437
224.011	0.05	Adapter 3839Hz	30	3.839	70.00	0.437
224.091	0.05	Adapter 3839Hz	30	3.839	70.00	0.437
224.171	0.05	Adapter 3839Hz	30	3.839	70.00	0.437
224.251	0.05	Adapter 3839Hz	30	3.839	70.00	0.437
224.511	0.05	Adapter 3839Hz	30	3.839	70.00	0.437
224.591	0.05	Adapter 3839Hz	30	3.839	70.00	0.437
224.671	0.05	Adapter 3839Hz	30	3.839	70.00	0.437
224.751	0.05	Adapter 3839Hz	30	3.839	70.00	0.437
227.562	0.05	Adapter 899Hz	31	0.899	70.00	0.121
227.642	0.05	Adapter 899Hz	31	0.899	70.00	0.121
227.722	0.05	Adapter 899Hz	31	0.899	70.00	0.121
227.802	0.05	Adapter 899Hz	31	0.899	70.00	0.121
228.062	0.05	Adapter 899Hz	31	0.899	70.00	0.121
228.142	0.05	Adapter 899Hz	31	0.899	70.00	0.121
228.222	0.05	Adapter 899Hz	31	0.899	70.00	0.121
228.302	0.05	Adapter 899Hz	31	0.899	70.00	0.121
228.562	0.05	Adapter 899Hz	31	0.899	70.00	0.121
228.642	0.05	Adapter 899Hz	31	0.899	70.00	0.121
228.722	0.05	Adapter 899Hz	31	0.899	70.00	0.121
228.802	0.05	Adapter 899Hz	31	0.899	70.00	0.121
229.062	0.05	Adapter 899Hz	31	0.899	70.00	0.121
229.142	0.05	Adapter 899Hz	31	0.899	70.00	0.121
229.222	0.05	Adapter 899Hz	31	0.899	70.00	0.121
229.302	0.05	Adapter 899Hz	31	0.899	70.00	0.121
229.562	0.05	Adapter 899Hz	31	0.899	70.00	0.121
229.642	0.05	Adapter 899Hz	31	0.899	70.00	0.121
229.722	0.05	Adapter 899Hz	31	0.899	70.00	0.121
229.802	0.05	Adapter 899Hz	31	0.899	70.00	0.121
230.062	0.05	Adapter 899Hz	31	0.899	70.00	0.121
230.142	0.05	Adapter 899Hz	31	0.899	70.00	0.121
230.222	0.05	Adapter 899Hz	31	0.899	70.00	0.121
230.302	0.05	Adapter 899Hz	31	0.899	70.00	0.121
230.562	0.05	Adapter 899Hz	31	0.899	70.00	0.121
230.642	0.05	Adapter 899Hz	31	0.899	70.00	0.121
230.722	0.05	Adapter 899Hz	31	0.899	70.00	0.121
230.802	0.05	Adapter 899Hz	31	0.899	70.00	0.121
231.062	0.05	Adapter 899Hz	31	0.899	70.00	0.121
231.142	0.05	Adapter 899Hz	31	0.899	70.00	0.121
231.222	0.05	Adapter 899Hz	31	0.899	70.00	0.121
231.302	0.05	Adapter 899Hz	31	0.899	70.00	0.121
231.562	0.05	Adapter 899Hz	31	0.899	70.00	0.121
231.642	0.05	Adapter 899Hz	31	0.899	70.00	0.121
231.722	0.05	Adapter 899Hz	31	0.899	70.00	0.121
231.802	0.05	Adapter 899Hz	31	0.899	70.00	0.121
232.062	0.05	Adapter 899Hz	31	0.899	70.00	0.121
232.142	0.05	Adapter 899Hz	31	0.899	70.00	0.121
232.222	0.05	Adapter 899Hz	31	0.899	70.00	0.121
232.302	0.05	Adapter 899Hz	31	0.899	70.00	0.121
242.842	0.05	Probe 3839Hz	33	3.839	70.00	0.437
243.342	0.05	Probe 3839Hz	33	3.839	70.00	0.437
243.842	0.05	Probe 3839Hz	33	3.839	70.00	0.437
244.342	0.05	Probe 3839Hz	33	3.839	70.00	0.437
244.842	0.05	Probe 3839Hz	33	3.839	70.00	0.437
245.342	0.05	Probe 3839Hz	33	3.839	70.00	0.437
245.842	0.05	Probe 3839Hz	33	3.839	70.00	0.437
246.342	0.05	Probe 3839Hz	33	3.839	70.00	0.437
246.842	0.05	Probe 3839Hz	33	3.839	70.00	0.437
247.342	0.05	Probe 3839Hz	33	3.839	70.00	0.437
250.01	0.05	Adapter 3839Hz	34	3.839	70.00	0.437
250.09	0.05	Adapter 3839Hz	34	3.839	70.00	0.437
250.17	0.05	Adapter 3839Hz	34	3.839	70.00	0.437
250.25	0.05	Adapter 3839Hz	34	3.839	70.00	0.437
250.51	0.05	Adapter 3839Hz	34	3.839	70.00	0.437
250.59	0.05	Adapter 3839Hz	34	3.839	70.00	0.437
250.67	0.05	Adapter 3839Hz	34	3.839	70.00	0.437
250.75	0.05	Adapter 3839Hz	34	3.839	70.00	0.437
251.01	0.05	Adapter 3839Hz	34	3.839	70.00	0.437
251.09	0.05	Adapter 3839Hz	34	3.839	70.00	0.437
251.17	0.05	Adapter 3839Hz	34	3.839	70.00	0.437
251.25	0.05	Adapter 3839Hz	34	3.839	70.00	0.437
251.51	0.05	Adapter 3839Hz	34	3.839	70.00	0.437
251.59	0.05	Adapter 3839Hz	34	3.839	70.00	0.437
251.67	0.05	Adapter 3839Hz	34	3.839	70.00	0.437
251.75	0.05	Adapter 3839Hz	34	3.839	70.00	0.437
252.01	0.05	Adapter 3839Hz	34	3.839	70.00	0.437
252.09	0.05	Adapter 3839Hz	34	3.839	70.00	0.437
252.17	0.05	Adapter 3839Hz	34	3.839	70.00	0.437
252.25	0.05	Adapter 3839Hz	34	3.839	70.00	0.437
252.51	0.05	Adapter 3839Hz	34	3.839	70.00	0.437
252.59	0.05	Adapter 3839Hz	34	3.839	70.00	0.437
252.67	0.05	Adapter 3839Hz	34	3.839	70.00	0.437
252.75	0.05	Adapter 3839Hz	34	3.839	70.00	0.437
253.01	0.05	Adapter 3839Hz	34	3.839	70.00	0.437
253.09	0.05	Adapter 3839Hz	34	3.839	70.00	0.437
253.17	0.05	Adapter 3839Hz	34	3.839	70.00	0.437
253.25	0.05	Adapter 3839Hz	34	3.839	70.00	0.437
253.51	0.05	Adapter 3839Hz	34	3.839	70.00	0.437
253.59	0.05	Adapter 3839Hz	34	3.839	70.00	0.437
253.67	0.05	Adapter 3839Hz	34	3.839	70.00	0.437
253.75	0.05	Adapter 3839Hz	34	3.839	70.00	0.437
254.01	0.05	Adapter 3839Hz	34	3.839	70.00	0.437
254.09	0.05	Adapter 3839Hz	34	3.839	70.00	0.437
254.17	0.05	Adapter 3839Hz	34	3.839	70.00	0.437
254.25	0.05	Adapter 3839Hz	34	3.839	70.00	0.437
254.51	0.05	Adapter 3839Hz	34	3.839	70.00	0.437
254.59	0.05	Adapter 3839Hz	34	3.839	70.00	0.437
254.67	0.05	Adapter 3839Hz	34	3.839	70.00	0.437
254.75	0.05	Adapter 3839Hz	34	3.839	70.00	0.437
257.56	0.05	Adapter 2423Hz Probe 3839Hz	35	2.423	70.00	0.285
257.64	0.05	Adapter 2423Hz Probe 3839Hz	35	2.423	70.00	0.285
257.72	0.05	Adapter 2423Hz Probe 3839Hz	35	2.423	70.00	0.285
257.8	0.05	Adapter 2423Hz Probe 3839Hz	35	2.423	70.00	0.285
257.88	0.05	Adapter 2423Hz Probe 3839Hz	35	3.839	70.00	0.437
258.06	0.05	Adapter 2423Hz Probe 3839Hz	35	2.423	70.00	0.285
258.14	0.05	Adapter 2423Hz Probe 3839Hz	35	2.423	70.00	0.285
258.22	0.05	Adapter 2423Hz Probe 3839Hz	35	2.423	70.00	0.285
258.3	0.05	Adapter 2423Hz Probe 3839Hz	35	2.423	70.00	0.285
258.38	0.05	Adapter 2423Hz Probe 3839Hz	35	3.839	70.00	0.437
258.56	0.05	Adapter 2423Hz Probe 3839Hz	35	2.423	70.00	0.285
258.64	0.05	Adapter 2423Hz Probe 3839Hz	35	2.423	70.00	0.285
258.72	0.05	Adapter 2423Hz Probe 3839Hz	35	2.423	70.00	0.285
258.8	0.05	Adapter 2423Hz Probe 3839Hz	35	2.423	70.00	0.285
258.88	0.05	Adapter 2423Hz Probe 3839Hz	35	3.839	70.00	0.437
259.06	0.05	Adapter 2423Hz Probe 3839Hz	35	2.423	70.00	0.285
259.14	0.05	Adapter 2423Hz Probe 3839Hz	35	2.423	70.00	0.285
259.22	0.05	Adapter 2423Hz Probe 3839Hz	35	2.423	70.00	0.285
259.3	0.05	Adapter 2423Hz Probe 3839Hz	35	2.423	70.00	0.285
259.38	0.05	Adapter 2423Hz Probe 3839Hz	35	3.839	70.00	0.437
259.56	0.05	Adapter 2423Hz Probe 3839Hz	35	2.423	70.00	0.285
259.64	0.05	Adapter 2423Hz Probe 3839Hz	35	2.423	70.00	0.285
259.72	0.05	Adapter 2423Hz Probe 3839Hz	35	2.423	70.00	0.285
259.8	0.05	Adapter 2423Hz Probe 3839Hz	35	2.423	70.00	0.285
259.88	0.05	Adapter 2423Hz Probe 3839Hz	35	3.839	70.00	0.437
260.06	0.05	Adapter 2423Hz Probe 3839Hz	35	2.423	70.00	0.285
260.14	0.05	Adapter 2423Hz Probe 3839Hz	35	2.423	70.00	0.285
260.22	0.05	Adapter 2423Hz Probe 3839Hz	35	2.423	70.00	0.285
260.3	0.05	Adapter 2423Hz Probe 3839Hz	35	2.423	70.00	0.285
260.38	0.05	Adapter 2423Hz Probe 3839Hz	35	3.839	70.00	0.437
260.56	0.05	Adapter 2423Hz Probe 3839Hz	35	2.423	70.00	0.285
260.64	0.05	Adapter 2423Hz Probe 3839Hz	35	2.423	70.00	0.285
260.72	0.05	Adapter 2423Hz Probe 3839Hz	35	2.423	70.00	0.285
260.8	0.05	Adapter 2423Hz Probe 3839Hz	35	2.423	70.00	0.285
260.88	0.05	Adapter 2423Hz Probe 3839Hz	35	3.839	70.00	0.437
261.06	0.05	Adapter 2423Hz Probe 3839Hz	35	2.423	70.00	0.285
261.14	0.05	Adapter 2423Hz Probe 3839Hz	35	2.423	70.00	0.285
261.22	0.05	Adapter 2423Hz Probe 3839Hz	35	2.423	70.00	0.285
261.3	0.05	Adapter 2423Hz Probe 3839Hz	35	2.423	70.00	0.285
261.38	0.05	Adapter 2423Hz Probe 3839Hz	35	3.839	70.00	0.437
261.56	0.05	Adapter 2423Hz Probe 3839Hz	35	2.423	70.00	0.285
261.64	0.05	Adapter 2423Hz Probe 3839Hz	35	2.423	70.00	0.285
261.72	0.05	Adapter 2423Hz Probe 3839Hz	35	2.423	70.00	0.285
261.8	0.05	Adapter 2423Hz Probe 3839Hz	35	2.423	70.00	0.285
261.88	0.05	Adapter 2423Hz Probe 3839Hz	35	3.839	70.00	0.437
262.06	0.05	Adapter 2423Hz Probe 3839Hz	35	2.423	70.00	0.285
262.14	0.05	Adapter 2423Hz Probe 3839Hz	35	2.423	70.00	0.285
262.22	0.05	Adapter 2423Hz Probe 3839Hz	35	2.423	70.00	0.285
262.3	0.05	Adapter 2423Hz Probe 3839Hz	35	2.423	70.00	0.285
262.38	0.05	Adapter 2423Hz Probe 3839Hz	35	3.839	70.00	0.437
265.048	0.05	Adapter 507Hz Probe 3839Hz	36	0.507	70.00	0.079
265.128	0.05	Adapter 507Hz Probe 3839Hz	36	0.507	70.00	0.079
265.208	0.05	Adapter 507Hz Probe 3839Hz	36	0.507	70.00	0.079
265.288	0.05	Adapter 507Hz Probe 3839Hz	36	0.507	70.00	0.079
265.368	0.05	Adapter 507Hz Probe 3839Hz	36	3.839	70.00	0.437
265.548	0.05	Adapter 507Hz Probe 3839Hz	36	0.507	70.00	0.079
265.628	0.05	Adapter 507Hz Probe 3839Hz	36	0.507	70.00	0.079
265.708	0.05	Adapter 507Hz Probe 3839Hz	36	0.507	70.00	0.079
265.788	0.05	Adapter 507Hz Probe 3839Hz	36	0.507	70.00	0.079
265.868	0.05	Adapter 507Hz Probe 3839Hz	36	3.839	70.00	0.437
266.048	0.05	Adapter 507Hz Probe 3839Hz	36	0.507	70.00	0.079
266.128	0.05	Adapter 507Hz Probe 3839Hz	36	0.507	70.00	0.079
266.208	0.05	Adapter 507Hz Probe 3839Hz	36	0.507	70.00	0.079
266.288	0.05	Adapter 507Hz Probe 3839Hz	36	0.507	70.00	0.079
266.368	0.05	Adapter 507Hz Probe 3839Hz	36	3.839	70.00	0.437
266.548	0.05	Adapter 507Hz Probe 3839Hz	36	0.507	70.00	0.079
266.628	0.05	Adapter 507Hz Probe 3839Hz	36	0.507	70.00	0.079
266.708	0.05	Adapter 507Hz Probe 3839Hz	36	0.507	70.00	0.079
266.788	0.05	Adapter 507Hz Probe 3839Hz	36	0.507	70.00	0.079
266.868	0.05	Adapter 507Hz Probe 3839Hz	36	3.839	70.00	0.437
267.048	0.05	Adapter 507Hz Probe 3839Hz	36	0.507	70.00	0.079
267.128	0.05	Adapter 507Hz Probe 3839Hz	36	0.507	70.00	0.079
267.208	0.05	Adapter 507Hz Probe 3839Hz	36	0.507	70.00	0.079
267.288	0.05	Adapter 507Hz Probe 3839Hz	36	0.507	70.00	0.079
267.368	0.05	Adapter 507Hz Probe 3839Hz	36	3.839	70.00	0.437
267.548	0.05	Adapter 507Hz Probe 3839Hz	36	0.507	70.00	0.079
267.628	0.05	Adapter 507Hz Probe 3839Hz	36	0.507	70.00	0.079
267.708	0.05	Adapter 507Hz Probe 3839Hz	36	0.507	70.00	0.079
267.788	0.05	Adapter 507Hz Probe 3839Hz	36	0.507	70.00	0.079
267.868	0.05	Adapter 507Hz Probe 3839Hz	36	3.839	70.00	0.437
268.048	0.05	Adapter 507Hz Probe 3839Hz	36	0.507	70.00	0.079
268.128	0.05	Adapter 507Hz Probe 3839Hz	36	0.507	70.00	0.079
268.208	0.05	Adapter 507Hz Probe 3839Hz	36	0.507	70.00	0.079
268.288	0.05	Adapter 507Hz Probe 3839Hz	36	0.507	70.00	0.079
268.368	0.05	Adapter 507Hz Probe 3839Hz	36	3.839	70.00	0.437
268.548	0.05	Adapter 507Hz Probe 3839Hz	36	0.507	70.00	0.079
268.628	0.05	Adapter 507Hz Probe 3839Hz	36	0.507	70.00	0.079
268.708	0.05	Adapter 507Hz Probe 3839Hz	36	0.507	70.00	0.079
268.788	0.05	Adapter 507Hz Probe 3839Hz	36	0.507	70.00	0.079
268.868	0.05	Adapter 507Hz Probe 3839Hz	36	3.839	70.00	0.437
269.048	0.05	Adapter 507Hz Probe 3839Hz	36	0.507	70.00	0.079
269.128	0.05	Adapter 507Hz Probe 3839Hz	36	0.507	70.00	0.079
269.208	0.05	Adapter 507Hz Probe 3839Hz	36	0.507	70.00	0.079
269.288	0.05	Adapter 507Hz Probe 3839Hz	36	0.507	70.00	0.079
269.368	0.05	Adapter 507Hz Probe 3839Hz	36	3.839	70.00	0.437
269.548	0.05	Adapter 507Hz Probe 3839Hz	36	0.507	70.00	0.079
269.628	0.05	Adapter 507Hz Probe 3839Hz	36	0.507	70.00	0.079
269.708	0.05	Adapter 507Hz Probe 3839Hz	36	0.507	70.00	0.079
269.788	0.05	Adapter 507Hz Probe 3839Hz	36	0.507	70.00	0.079
269.868	0.05	Adapter 507Hz Probe 3839Hz	36	3.839	70.00	0.437
272.521	0.05	Adapter 899Hz	37	0.899	70.00	0.121
272.601	0.05	Adapter 899Hz	37	0.899	70.00	0.121
272.681	0.05	Adapter 899Hz	37	0.899	70.00	0.121
272.761	0.05	Adapter 899Hz	37	0.899	70.00	0.121
273.021	0.05	Adapter 899Hz	37	0.899	70.00	0.121
273.101	0.05	Adapter 899Hz	37	0.899	70.00	0.121
273.181	0.05	Adapter 899Hz	37	0.899	70.00	0.121
273.261	0.05	Adapter 899Hz	37	0.899	70.00	0.121
273.521	0.05	Adapter 899Hz	37	0.899	70.00	0.121
273.601	0.05	Adapter 899Hz	37	0.899	70.00	0.121
273.681	0.05	Adapter 899Hz	37	0.899	70.00	0.121
273.761	0.05	Adapter 899Hz	37	0.899	70.00	0.121
274.021	0.05	Adapter 899Hz	37	0.899	70.00	0.121
274.101	0.05	Adapter 899Hz	37	0.899	70.00	0.121
274.181	0.05	Adapter 899Hz	37	0.899	70.00	0.121
274.261	0.05	Adapter 899Hz	37	0.899	70.00	0.121
274.521	0.05	Adapter 899Hz	37	0.899	70.00	0.121
274.601	0.05	Adapter 899Hz	37	0.899	70.00	0.121
274.681	0.05	Adapter 899Hz	37	0.899	70.00	0.121
274.761	0.05	Adapter 899Hz	37	0.899	70.00	0.121
275.021	0.05	Adapter 899Hz	37	0.899	70.00	0.121
275.101	0.05	Adapter 899Hz	37	0.899	70.00	0.121
275.181	0.05	Adapter 899Hz	37	0.899	70.00	0.121
275.261	0.05	Adapter 899Hz	37	0.899	70.00	0.121
275.521	0.05	Adapter 899Hz	37	0.899	70.00	0.121
275.601	0.05	Adapter 899Hz	37	0.899	70.00	0.121
275.681	0.05	Adapter 899Hz	37	0.899	70.00	0.121
275.761	0.05	Adapter 899Hz	37	0.899	70.00	0.121
276.021	0.05	Adapter 899Hz	37	0.899	70.00	0.121
276.101	0.05	Adapter 899Hz	37	0.899	70.00	0.121
276.181	0.05	Adapter 899Hz	37	0.899	70.00	0.121
276.261	0.05	Adapter 899Hz	37	0.899	70.00	0.121
276.521	0.05	Adapter 899Hz	37	0.899	70.00	0.121
276.601	0.05	Adapter 899Hz	37	0.899	70.00	0.121
276.681	0.05	Adapter 899Hz	37	0.899	70.00	0.121
276.761	0.05	Adapter 899Hz	37	0.899	70.00	0.121
277.021	0.05	Adapter 899Hz	37	0.899	70.00	0.121
277.101	0.05	Adapter 899Hz	37	0.899	70.00	0.121
277.181	0.05	Adapter 899Hz	37	0.899	70.00	0.121
277.261	0.05	Adapter 899Hz	37	0.899	70.00	0.121
280.009	0.05	Adapter 899Hz Probe 3839Hz	38	0.899	70.00	0.121
280.089	0.05	Adapter 899Hz Probe 3839Hz	38	0.899	70.00	0.121
280.169	0.05	Adapter 899Hz Probe 3839Hz	38	0.899	70.00	0.121
280.249	0.05	Adapter 899Hz Probe 3839Hz	38	0.899	70.00	0.121
280.329	0.05	Adapter 899Hz Probe 3839Hz	38	3.839	70.00	0.437
280.509	0.05	Adapter 899Hz Probe 3839Hz	38	0.899	70.00	0.121
280.589	0.05	Adapter 899Hz Probe 3839Hz	38	0.899	70.00	0.121
280.669	0.05	Adapter 899Hz Probe 3839Hz	38	0.899	70.00	0.121
280.749	0.05	Adapter 899Hz Probe 3839Hz	38	0.899	70.00	0.121
280.829	0.05	Adapter 899Hz Probe 3839Hz	38	3.839	70.00	0.437
281.009	0.05	Adapter 899Hz Probe 3839Hz	38	0.899	70.00	0.121
281.089	0.05	Adapter 899Hz Probe 3839Hz	38	0.899	70.00	0.121
281.169	0.05	Adapter 899Hz Probe 3839Hz	38	0.899	70.00	0.121
281.249	0.05	Adapter 899Hz Probe 3839Hz	38	0.899	70.00	0.121
281.329	0.05	Adapter 899Hz Probe 3839Hz	38	3.839	70.00	0.437
281.509	0.05	Adapter 899Hz Probe 3839Hz	38	0.899	70.00	0.121
281.589	0.05	Adapter 899Hz Probe 3839Hz	38	0.899	70.00	0.121
281.669	0.05	Adapter 899Hz Probe 3839Hz	38	0.899	70.00	0.121
281.749	0.05	Adapter 899Hz Probe 3839Hz	38	0.899	70.00	0.121
281.829	0.05	Adapter 899Hz Probe 3839Hz	38	3.839	70.00	0.437
282.009	0.05	Adapter 899Hz Probe 3839Hz	38	0.899	70.00	0.121
282.089	0.05	Adapter 899Hz Probe 3839Hz	38	0.899	70.00	0.121
282.169	0.05	Adapter 899Hz Probe 3839Hz	38	0.899	70.00	0.121
282.249	0.05	Adapter 899Hz Probe 3839Hz	38	0.899	70.00	0.121
282.329	0.05	Adapter 899Hz Probe 3839Hz	38	3.839	70.00	0.437
282.509	0.05	Adapter 899Hz Probe 3839Hz	38	0.899	70.00	0.121
282.589	0.05	Adapter 899Hz Probe 3839Hz	38	0.899	70.00	0.121
282.669	0.05	Adapter 899Hz Probe 3839Hz	38	0.899	70.00	0.121
282.749	0.05	Adapter 899Hz Probe 3839Hz	38	0.899	70.00	0.121
282.829	0.05	Adapter 899Hz Probe 3839Hz	38	3.839	70.00	0.437
283.009	0.05	Adapter 899Hz Probe 3839Hz	38	0.899	70.00	0.121
283.089	0.05	Adapter 899Hz Probe 3839Hz	38	0.899	70.00	0.121
283.169	0.05	Adapter 899Hz Probe 3839Hz	38	0.899	70.00	0.121
283.249	0.05	Adapter 899Hz Probe 3839Hz	38	0.899	70.00	0.121
283.329	0.05	Adapter 899Hz Probe 3839Hz	38	3.839	70.00	0.437
283.509	0.05	Adapter 899Hz Probe 3839Hz	38	0.899	70.00	0.121
283.589	0.05	Adapter 899Hz Probe 3839Hz	38	0.899	70.00	0.121
283.669	0.05	Adapter 899Hz Probe 3839Hz	38	0.899	70.00	0.121
283.749	0.05	Adapter 899Hz Probe 3839Hz	38	0.899	70.00	0.121
283.829	0.05	Adapter 899Hz Probe 3839Hz	38	3.839	70.00	0.437
284.009	0.05	Adapter 899Hz Probe 3839Hz	38	0.899	70.00	0.121
284.089	0.05	Adapter 899Hz Probe 3839Hz	38	0.899	70.00	0.121
284.169	0.05	Adapter 899Hz Probe 3839Hz	38	0.899	70.00	0.121
284.249	0.05	Adapter 899Hz Probe 3839Hz	38	0.899	70.00	0.121
284.329	0.05	Adapter 899Hz Probe 3839Hz	38	3.839	70.00	0.437
284.509	0.05	Adapter 899Hz Probe 3839Hz	38	0.899	70.00	0.121
284.589	0.05	Adapter 899Hz Probe 3839Hz	38	0.899	70.00	0.121
284.669	0.05	Adapter 899Hz Probe 3839Hz	38	0.899	70.00	0.121
284.749	0.05	Adapter 899Hz Probe 3839Hz	38	0.899	70.00	0.121
284.829	0.05	Adapter 899Hz Probe 3839Hz	38	3.839	70.00	0.437
287.559	0.05	Adapter 507Hz	39	0.507	70.00	0.079
287.639	0.05	Adapter 507Hz	39	0.507	70.00	0.079
287.719	0.05	Adapter 507Hz	39	0.507	70.00	0.079
287.799	0.05	Adapter 507Hz	39	0.507	70.00	0.079
288.059	0.05	Adapter 507Hz	39	0.507	70.00	0.079
288.139	0.05	Adapter 507Hz	39	0.507	70.00	0.079
288.219	0.05	Adapter 507Hz	39	0.507	70.00	0.079
288.299	0.05	Adapter 507Hz	39	0.507	70.00	0.079
288.559	0.05	Adapter 507Hz	39	0.507	70.00	0.079
288.639	0.05	Adapter 507Hz	39	0.507	70.00	0.079
288.719	0.05	Adapter 507Hz	39	0.507	70.00	0.079
288.799	0.05	Adapter 507Hz	39	0.507	70.00	0.079
289.059	0.05	Adapter 507Hz	39	0.507	70.00	0.079
289.139	0.05	Adapter 507Hz	39	0.507	70.00	0.079
289.219	0.05	Adapter 507Hz	39	0.507	70.00	0.079
289.299	0.05	Adapter 507Hz	39	0.507	70.00	0.079
289.559	0.05	Adapter 507Hz	39	0.507	70.00	0.079
289.639	0.05	Adapter 507Hz	39	0.507	70.00	0.079
289.719	0.05	Adapter 507Hz	39	0.507	70.00	0.079
289.799	0.05	Adapter 507Hz	39	0.507	70.00	0.079
290.059	0.05	Adapter 507Hz	39	0.507	70.00	0.079
290.139	0.05	Adapter 507Hz	39	0.507	70.00	0.079
290.219	0.05	Adapter 507Hz	39	0.507	70.00	0.079
290.299	0.05	Adapter 507Hz	39	0.507	70.00	0.079
290.559	0.05	Adapter 507Hz	39	0.507	70.00	0.079
290.639	0.05	Adapter 507Hz	39	0.507	70.00	0.079
290.719	0.05	Adapter 507Hz	39	0.507	70.00	0.079
290.799	0.05	Adapter 507Hz	39	0.507	70.00	0.079
291.059	0.05	Adapter 507Hz	39	0.507	70.00	0.079
291.139	0.05	Adapter 507Hz	39	0.507	70.00	0.079
291.219	0.05	Adapter 507Hz	39	0.507	70.00	0.079
291.299	0.05	Adapter 507Hz	39	0.507	70.00	0.079
291.559	0.05	Adapter 507Hz	39	0.507	70.00	0.079
291.639	0.05	Adapter 507Hz	39	0.507	70.00	0.079
291.719	0.05	Adapter 507Hz	39	0.507	70.00	0.079
291.799	0.05	Adapter 507Hz	39	0.507	70.00	0.079
292.059	0.05	Adapter 507Hz	39	0.507	70.00	0.079
292.139	0.05	Adapter 507Hz	39	0.507	70.00	0.079
292.219	0.05	Adapter 507Hz	39	0.507	70.00	0.079
292.299	0.05	Adapter 507Hz	39	0.507	70.00	0.079
295.047	0.05	Adapter 251Hz	40	0.251	70.00	0.052
295.127	0.05	Adapter 251Hz	40	0.251	70.00	0.052
295.207	0.05	Adapter 251Hz	40	0.251	70.00	0.052
295.287	0.05	Adapter 251Hz	40	0.251	70.00	0.052
295.547	0.05	Adapter 251Hz	40	0.251	70.00	0.052
295.627	0.05	Adapter 251Hz	40	0.251	70.00	0.052
295.707	0.05	Adapter 251Hz	40	0.251	70.00	0.052
295.787	0.05	Adapter 251Hz	40	0.251	70.00	0.052
296.047	0.05	Adapter 251Hz	40	0.251	70.00	0.052
296.127	0.05	Adapter 251Hz	40	0.251	70.00	0.052
296.207	0.05	Adapter 251Hz	40	0.251	70.00	0.052
296.287	0.05	Adapter 251Hz	40	0.251	70.00	0.052
296.547	0.05	Adapter 251Hz	40	0.251	70.00	0.052
296.627	0.05	Adapter 251Hz	40	0.251	70.00	0.052
296.707	0.05	Adapter 251Hz	40	0.251	70.00	0.052
296.787	0.05	Adapter 251Hz	40	0.251	70.00	0.052
297.047	0.05	Adapter 251Hz	40	0.251	70.00	0.052
297.127	0.05	Adapter 251Hz	40	0.251	70.00	0.052
297.207	0.05	Adapter 251Hz	40	0.251	70.00	0.052
297.287	0.05	Adapter 251Hz	40	0.251	70.00	0.052
297.547	0.05	Adapter 251Hz	40	0.251	70.00	0.052
297.627	0.05	Adapter 251Hz	40	0.251	70.00	0.052
297.707	0.05	Adapter 251Hz	40	0.251	70.00	0.052
297.787	0.05	Adapter 251Hz	40	0.251	70.00	0.052
298.047	0.05	Adapter 251Hz	40	0.251	70.00	0.052
298.127	0.05	Adapter 251Hz	40	0.251	70.00	0.052
298.207	0.05	Adapter 251Hz	40	0.251	70.00	0.052
298.287	0.05	Adapter 251Hz	40	0.251	70.00	0.052
298.547	0.05	Adapter 251Hz	40	0.251	70.00	0.052
298.627	0.05	Adapter 251Hz	40	0.251	70.00	0.052
298.707	0.05	Adapter 251Hz	40	0.251	70.00	0.052
298.787	0.05	Adapter 251Hz	40	0.251	70.00	0.052
299.047	0.05	Adapter 251Hz	40	0.251	70.00	0.052
299.127	0.05	Adapter 251Hz	40	0.251	70.00	0.052
299.207	0.05	Adapter 251Hz	40	0.251	70.00	0.052
299.287	0.05	Adapter 251Hz	40	0.251	70.00	0.052
299.547	0.05	Adapter 251Hz	40	0.251	70.00	0.052
299.627	0.05	Adapter 251Hz	40	0.251	70.00	0.052
299.707	0.05	Adapter 251Hz	40	0.251	70.00	0.052
299.787	0.05	Adapter 251Hz	40	0.251	70.00	0.052
325.046	0.05	Adapter 3839Hz Probe 3839Hz	44	3.839	70.00	0.437
325.126	0.05	Adapter 3839Hz Probe 3839Hz	44	3.839	70.00	0.437
325.206	0.05	Adapter 3839Hz Probe 3839Hz	44	3.839	70.00	0.437
325.286	0.05	Adapter 3839Hz Probe 3839Hz	44	3.839	70.00	0.437
325.366	0.05	Adapter 3839Hz Probe 3839Hz	44	3.839	70.00	0.437
325.546	0.05	Adapter 3839Hz Probe 3839Hz	44	3.839	70.00	0.437
325.626	0.05	Adapter 3839Hz Probe 3839Hz	44	3.839	70.00	0.437
325.706	0.05	Adapter 3839Hz Probe 3839Hz	44	3.839	70.00	0.437
325.786	0.05	Adapter 3839Hz Probe 3839Hz	44	3.839	70.00	0.437
325.866	0.05	Adapter 3839Hz Probe 3839Hz	44	3.839	70.00	0.437
326.046	0.05	Adapter 3839Hz Probe 3839Hz	44	3.839	70.00	0.437
326.126	0.05	Adapter 3839Hz Probe 3839Hz	44	3.839	70.00	0.437
326.206	0.05	Adapter 3839Hz Probe 3839Hz	44	3.839	70.00	0.437
326.286	0.05	Adapter 3839Hz Probe 3839Hz	44	3.839	70.00	0.437
326.366	0.05	Adapter 3839Hz Probe 3839Hz	44	3.839	70.00	0.437
326.546	0.05	Adapter 3839Hz Probe 3839Hz	44	3.839	70.00	0.437
326.626	0.05	Adapter 3839Hz Probe 3839Hz	44	3.839	70.00	0.437
326.706	0.05	Adapter 3839Hz Probe 3839Hz	44	3.839	70.00	0.437
326.786	0.05	Adapter 3839Hz Probe 3839Hz	44	3.839	70.00	0.437
326.866	0.05	Adapter 3839Hz Probe 3839Hz	44	3.839	70.00	0.437
327.046	0.05	Adapter 3839Hz Probe 3839Hz	44	3.839	70.00	0.437
327.126	0.05	Adapter 3839Hz Probe 3839Hz	44	3.839	70.00	0.437
327.206	0.05	Adapter 3839Hz Probe 3839Hz	44	3.839	70.00	0.437
327.286	0.05	Adapter 3839Hz Probe 3839Hz	44	3.839	70.00	0.437
327.366	0.05	Adapter 3839Hz Probe 3839Hz	44	3.839	70.00	0.437
327.546	0.05	Adapter 3839Hz Probe 3839Hz	44	3.839	70.00	0.437
327.626	0.05	Adapter 3839Hz Probe 3839Hz	44	3.839	70.00	0.437
327.706	0.05	Adapter 3839Hz Probe 3839Hz	44	3.839	70.00	0.437
327.786	0.05	Adapter 3839Hz Probe 3839Hz	44	3.839	70.00	0.437
327.866	0.05	Adapter 3839Hz Probe 3839Hz	44	3.839	70.00	0.437
328.046	0.05	Adapter 3839Hz Probe 3839Hz	44	3.839	70.00	0.437
328.126	0.05	Adapter 3839Hz Probe 3839Hz	44	3.839	70.00	0.437
328.206	0.05	Adapter 3839Hz Probe 3839Hz	44	3.839	70.00	0.437
328.286	0.05	Adapter 3839Hz Probe 3839Hz	44	3.839	70.00	0.437
328.366	0.05	Adapter 3839Hz Probe 3839Hz	44	3.839	70.00	0.437
328.546	0.05	Adapter 3839Hz Probe 3839Hz	44	3.839	70.00	0.437
328.626	0.05	Adapter 3839Hz Probe 3839Hz	44	3.839	70.00	0.437
328.706	0.05	Adapter 3839Hz Probe 3839Hz	44	3.839	70.00	0.437
328.786	0.05	Adapter 3839Hz Probe 3839Hz	44	3.839	70.00	0.437
328.866	0.05	Adapter 3839Hz Probe 3839Hz	44	3.839	70.00	0.437
329.046	0.05	Adapter 3839Hz Probe 3839Hz	44	3.839	70.00	0.437
329.126	0.05	Adapter 3839Hz Probe 3839Hz	44	3.839	70.00	0.437
329.206	0.05	Adapter 3839Hz Probe 3839Hz	44	3.839	70.00	0.437
329.286	0.05	Adapter 3839Hz Probe 3839Hz	44	3.839	70.00	0.437
329.366	0.05	Adapter 3839Hz Probe 3839Hz	44	3.839	70.00	0.437
329.546	0.05	Adapter 3839Hz Probe 3839Hz	44	3.839	70.00	0.437
329.626	0.05	Adapter 3839Hz Probe 3839Hz	44	3.839	70.00	0.437
329.706	0.05	Adapter 3839Hz Probe 3839Hz	44	3.839	70.00	0.437
329.786	0.05	Adapter 3839Hz Probe 3839Hz	44	3.839	70.00	0.437
329.866	0.05	Adapter 3839Hz Probe 3839Hz	44	3.839	70.00	0.437
332.519	0.05	Adapter 1501Hz	45	1.501	70.00	0.186
332.599	0.05	Adapter 1501Hz	45	1.501	70.00	0.186
332.679	0.05	Adapter 1501Hz	45	1.501	70.00	0.186
332.759	0.05	Adapter 1501Hz	45	1.501	70.00	0.186
333.019	0.05	Adapter 1501Hz	45	1.501	70.00	0.186
333.099	0.05	Adapter 1501Hz	45	1.501	70.00	0.186
333.179	0.05	Adapter 1501Hz	45	1.501	70.00	0.186
333.259	0.05	Adapter 1501Hz	45	1.501	70.00	0.186
333.519	0.05	Adapter 1501Hz	45	1.501	70.00	0.186
333.599	0.05	Adapter 1501Hz	45	1.501	70.00	0.186
333.679	0.05	Adapter 1501Hz	45	1.501	70.00	0.186
333.759	0.05	Adapter 1501Hz	45	1.501	70.00	0.186
334.019	0.05	Adapter 1501Hz	45	1.501	70.00	0.186
334.099	0.05	Adapter 1501Hz	45	1.501	70.00	0.186
334.179	0.05	Adapter 1501Hz	45	1.501	70.00	0.186
334.259	0.05	Adapter 1501Hz	45	1.501	70.00	0.186
334.519	0.05	Adapter 1501Hz	45	1.501	70.00	0.186
334.599	0.05	Adapter 1501Hz	45	1.501	70.00	0.186
334.679	0.05	Adapter 1501Hz	45	1.501	70.00	0.186
334.759	0.05	Adapter 1501Hz	45	1.501	70.00	0.186
335.019	0.05	Adapter 1501Hz	45	1.501	70.00	0.186
335.099	0.05	Adapter 1501Hz	45	1.501	70.00	0.186
335.179	0.05	Adapter 1501Hz	45	1.501	70.00	0.186
335.259	0.05	Adapter 1501Hz	45	1.501	70.00	0.186
335.519	0.05	Adapter 1501Hz	45	1.501	70.00	0.186
335.599	0.05	Adapter 1501Hz	45	1.501	70.00	0.186
335.679	0.05	Adapter 1501Hz	45	1.501	70.00	0.186
335.759	0.05	Adapter 1501Hz	45	1.501	70.00	0.186
336.019	0.05	Adapter 1501Hz	45	1.501	70.00	0.186
336.099	0.05	Adapter 1501Hz	45	1.501	70.00	0.186
336.179	0.05	Adapter 1501Hz	45	1.501	70.00	0.186
336.259	0.05	Adapter 1501Hz	45	1.501	70.00	0.186
336.519	0.05	Adapter 1501Hz	45	1.501	70.00	0.186
336.599	0.05	Adapter 1501Hz	45	1.501	70.00	0.186
336.679	0.05	Adapter 1501Hz	45	1.501	70.00	0.186
336.759	0.05	Adapter 1501Hz	45	1.501	70.00	0.186
337.019	0.05	Adapter 1501Hz	45	1.501	70.00	0.186
337.099	0.05	Adapter 1501Hz	45	1.501	70.00	0.186
337.179	0.05	Adapter 1501Hz	45	1.501	70.00	0.186
337.259	0.05	Adapter 1501Hz	45	1.501	70.00	0.186
340.007	0.05	Adapter 1501Hz Probe 3839Hz	46	1.501	70.00	0.186
340.087	0.05	Adapter 1501Hz Probe 3839Hz	46	1.501	70.00	0.186
340.167	0.05	Adapter 1501Hz Probe 3839Hz	46	1.501	70.00	0.186
340.247	0.05	Adapter 1501Hz Probe 3839Hz	46	1.501	70.00	0.186
340.327	0.05	Adapter 1501Hz Probe 3839Hz	46	3.839	70.00	0.437
340.507	0.05	Adapter 1501Hz Probe 3839Hz	46	1.501	70.00	0.186
340.587	0.05	Adapter 1501Hz Probe 3839Hz	46	1.501	70.00	0.186
340.667	0.05	Adapter 1501Hz Probe 3839Hz	46	1.501	70.00	0.186
340.747	0.05	Adapter 1501Hz Probe 3839Hz	46	1.501	70.00	0.186
340.827	0.05	Adapter 1501Hz Probe 3839Hz	46	3.839	70.00	0.437
341.007	0.05	Adapter 1501Hz Probe 3839Hz	46	1.501	70.00	0.186
341.087	0.05	Adapter 1501Hz Probe 3839Hz	46	1.501	70.00	0.186
341.167	0.05	Adapter 1501Hz Probe 3839Hz	46	1.501	70.00	0.186
341.247	0.05	Adapter 1501Hz Probe 3839Hz	46	1.501	70.00	0.186
341.327	0.05	Adapter 1501Hz Probe 3839Hz	46	3.839	70.00	0.437
341.507	0.05	Adapter 1501Hz Probe 3839Hz	46	1.501	70.00	0.186
341.587	0.05	Adapter 1501Hz Probe 3839Hz	46	1.501	70.00	0.186
341.667	0.05	Adapter 1501Hz Probe 3839Hz	46	1.501	70.00	0.186
341.747	0.05	Adapter 1501Hz Probe 3839Hz	46	1.501	70.00	0.186
341.827	0.05	Adapter 1501Hz Probe 3839Hz	46	3.839	70.00	0.437
342.007	0.05	Adapter 1501Hz Probe 3839Hz	46	1.501	70.00	0.186
342.087	0.05	Adapter 1501Hz Probe 3839Hz	46	1.501	70.00	0.186
342.167	0.05	Adapter 1501Hz Probe 3839Hz	46	1.501	70.00	0.186
342.247	0.05	Adapter 1501Hz Probe 3839Hz	46	1.501	70.00	0.186
342.327	0.05	Adapter 1501Hz Probe 3839Hz	46	3.839	70.00	0.437
342.507	0.05	Adapter 1501Hz Probe 3839Hz	46	1.501	70.00	0.186
342.587	0.05	Adapter 1501Hz Probe 3839Hz	46	1.501	70.00	0.186
342.667	0.05	Adapter 1501Hz Probe 3839Hz	46	1.501	70.00	0.186
342.747	0.05	Adapter 1501Hz Probe 3839Hz	46	1.501	70.00	0.186
342.827	0.05	Adapter 1501Hz Probe 3839Hz	46	3.839	70.00	0.437
343.007	0.05	Adapter 1501Hz Probe 3839Hz	46	1.501	70.00	0.186
343.087	0.05	Adapter 1501Hz Probe 3839Hz	46	1.501	70.00	0.186
343.167	0.05	Adapter 1501Hz Probe 3839Hz	46	1.501	70.00	0.186
343.247	0.05	Adapter 1501Hz Probe 3839Hz	46	1.501	70.00	0.186
343.327	0.05	Adapter 1501Hz Probe 3839Hz	46	3.839	70.00	0.437
343.507	0.05	Adapter 1501Hz Probe 3839Hz	46	1.501	70.00	0.186
343.587	0.05	Adapter 1501Hz Probe 3839Hz	46	1.501	70.00	0.186
343.667	0.05	Adapter 1501Hz Probe 3839Hz	46	1.501	70.00	0.186
343.747	0.05	Adapter 1501Hz Probe 3839Hz	46	1.501	70.00	0.186
343.827	0.05	Adapter 1501Hz Probe 3839Hz	46	3.839	70.00	0.437
344.007	0.05	Adapter 1501Hz Probe 3839Hz	46	1.501	70.00	0.186
344.087	0.05	Adapter 1501Hz Probe 3839Hz	46	1.501	70.00	0.186
344.167	0.05	Adapter 1501Hz Probe 3839Hz	46	1.501	70.00	0.186
344.247	0.05	Adapter 1501Hz Probe 3839Hz	46	1.501	70.00	0.186
344.327	0.05	Adapter 1501Hz Probe 3839Hz	46	3.839	70.00	0.437
344.507	0.05	Adapter 1501Hz Probe 3839Hz	46	1.501	70.00	0.186
344.587	0.05	Adapter 1501Hz Probe 3839Hz	46	1.501	70.00	0.186
344.667	0.05	Adapter 1501Hz Probe 3839Hz	46	1.501	70.00	0.186
344.747	0.05	Adapter 1501Hz Probe 3839Hz	46	1.501	70.00	0.186
344.827	0.05	Adapter 1501Hz Probe 3839Hz	46	3.839	70.00	0.437
347.557	0.05	Adapter 2423Hz	47	2.423	70.00	0.285
347.637	0.05	Adapter 2423Hz	47	2.423	70.00	0.285
347.717	0.05	Adapter 2423Hz	47	2.423	70.00	0.285
347.797	0.05	Adapter 2423Hz	47	2.423	70.00	0.285
348.057	0.05	Adapter 2423Hz	47	2.423	70.00	0.285
348.137	0.05	Adapter 2423Hz	47	2.423	70.00	0.285
348.217	0.05	Adapter 2423Hz	47	2.423	70.00	0.285
348.297	0.05	Adapter 2423Hz	47	2.423	70.00	0.285
348.557	0.05	Adapter 2423Hz	47	2.423	70.00	0.285
348.637	0.05	Adapter 2423Hz	47	2.423	70.00	0.285
348.717	0.05	Adapter 2423Hz	47	2.423	70.00	0.285
348.797	0.05	Adapter 2423Hz	47	2.423	70.00	0.285
349.057	0.05	Adapter 2423Hz	47	2.423	70.00	0.285
349.137	0.05	Adapter 2423Hz	47	2.423	70.00	0.285
349.217	0.05	Adapter 2423Hz	47	2.423	70.00	0.285
349.297	0.05	Adapter 2423Hz	47	2.423	70.00	0.285
349.557	0.05	Adapter 2423Hz	47	2.423	70.00	0.285
349.637	0.05	Adapter 2423Hz	47	2.423	70.00	0.285
349.717	0.05	Adapter 2423Hz	47	2.423	70.00	0.285
349.797	0.05	Adapter 2423Hz	47	2.423	70.00	0.285
350.057	0.05	Adapter 2423Hz	47	2.423	70.00	0.285
350.137	0.05	Adapter 2423Hz	47	2.423	70.00	0.285
350.217	0.05	Adapter 2423Hz	47	2.423	70.00	0.285
350.297	0.05	Adapter 2423Hz	47	2.423	70.00	0.285
350.557	0.05	Adapter 2423Hz	47	2.423	70.00	0.285
350.637	0.05	Adapter 2423Hz	47	2.423	70.00	0.285
350.717	0.05	Adapter 2423Hz	47	2.423	70.00	0.285
350.797	0.05	Adapter 2423Hz	47	2.423	70.00	0.285
351.057	0.05	Adapter 2423Hz	47	2.423	70.00	0.285
351.137	0.05	Adapter 2423Hz	47	2.423	70.00	0.285
351.217	0.05	Adapter 2423Hz	47	2.423	70.00	0.285
351.297	0.05	Adapter 2423Hz	47	2.423	70.00	0.285
351.557	0.05	Adapter 2423Hz	47	2.423	70.00	0.285
351.637	0.05	Adapter 2423Hz	47	2.423	70.00	0.285
351.717	0.05	Adapter 2423Hz	47	2.423	70.00	0.285
351.797	0.05	Adapter 2423Hz	47	2.423	70.00	0.285
352.057	0.05	Adapter 2423Hz	47	2.423	70.00	0.285
352.137	0.05	Adapter 2423Hz	47	2.423	70.00	0.285
352.217	0.05	Adapter 2423Hz	47	2.423	70.00	0.285
352.297	0.05	Adapter 2423Hz	47	2.423	70.00	0.285
355.029	0.05	Adapter 6009Hz	48	6.009	70.00	0.671
355.109	0.05	Adapter 6009Hz	48	6.009	70.00	0.671
355.189	0.05	Adapter 6009Hz	48	6.009	70.00	0.671
355.269	0.05	Adapter 6009Hz	48	6.009	70.00	0.671
355.529	0.05	Adapter 6009Hz	48	6.009	70.00	0.671
355.609	0.05	Adapter 6009Hz	48	6.009	70.00	0.671
355.689	0.05	Adapter 6009Hz	48	6.009	70.00	0.671
355.769	0.05	Adapter 6009Hz	48	6.009	70.00	0.671
356.029	0.05	Adapter 6009Hz	48	6.009	70.00	0.671
356.109	0.05	Adapter 6009Hz	48	6.009	70.00	0.671
356.189	0.05	Adapter 6009Hz	48	6.009	70.00	0.671
356.269	0.05	Adapter 6009Hz	48	6.009	70.00	0.671
356.529	0.05	Adapter 6009Hz	48	6.009	70.00	0.671
356.609	0.05	Adapter 6009Hz	48	6.009	70.00	0.671
356.689	0.05	Adapter 6009Hz	48	6.009	70.00	0.671
356.769	0.05	Adapter 6009Hz	48	6.009	70.00	0.671
357.029	0.05	Adapter 6009Hz	48	6.009	70.00	0.671
357.109	0.05	Adapter 6009Hz	48	6.009	70.00	0.671
357.189	0.05	Adapter 6009Hz	48	6.009	70.00	0.671
357.269	0.05	Adapter 6009Hz	48	6.009	70.00	0.671
357.529	0.05	Adapter 6009Hz	48	6.009	70.00	0.671
357.609	0.05	Adapter 6009Hz	48	6.009	70.00	0.671
357.689	0.05	Adapter 6009Hz	48	6.009	70.00	0.671
357.769	0.05	Adapter 6009Hz	48	6.009	70.00	0.671
358.029	0.05	Adapter 6009Hz	48	6.009	70.00	0.671
358.109	0.05	Adapter 6009Hz	48	6.009	70.00	0.671
358.189	0.05	Adapter 6009Hz	48	6.009	70.00	0.671
358.269	0.05	Adapter 6009Hz	48	6.009	70.00	0.671
358.529	0.05	Adapter 6009Hz	48	6.009	70.00	0.671
358.609	0.05	Adapter 6009Hz	48	6.009	70.00	0.671
358.689	0.05	Adapter 6009Hz	48	6.009	70.00	0.671
358.769	0.05	Adapter 6009Hz	48	6.009	70.00	0.671
359.029	0.05	Adapter 6009Hz	48	6.009	70.00	0.671
359.109	0.05	Adapter 6009Hz	48	6.009	70.00	0.671
359.189	0.05	Adapter 6009Hz	48	6.009	70.00	0.671
359.269	0.05	Adapter 6009Hz	48	6.009	70.00	0.671
359.529	0.05	Adapter 6009Hz	48	6.009	70.00	0.671
359.609	0.05	Adapter 6009Hz	48	6.009	70.00	0.671
359.689	0.05	Adapter 6009Hz	48	6.009	70.00	0.671
359.769	0.05	Adapter 6009Hz	48	6.009	70.00	0.671
362.564	0.05	Adapter 2423Hz	49	2.423	70.00	0.285
362.644	0.05	Adapter 2423Hz	49	2.423	70.00	0.285
362.724	0.05	Adapter 2423Hz	49	2.423	70.00	0.285
362.804	0.05	Adapter 2423Hz	49	2.423	70.00	0.285
363.064	0.05	Adapter 2423Hz	49	2.423	70.00	0.285
363.144	0.05	Adapter 2423Hz	49	2.423	70.00	0.285
363.224	0.05	Adapter 2423Hz	49	2.423	70.00	0.285
363.304	0.05	Adapter 2423Hz	49	2.423	70.00	0.285
363.564	0.05	Adapter 2423Hz	49	2.423	70.00	0.285
363.644	0.05	Adapter 2423Hz	49	2.423	70.00	0.285
363.724	0.05	Adapter 2423Hz	49	2.423	70.00	0.285
363.804	0.05	Adapter 2423Hz	49	2.423	70.00	0.285
364.064	0.05	Adapter 2423Hz	49	2.423	70.00	0.285
364.144	0.05	Adapter 2423Hz	49	2.423	70.00	0.285
364.224	0.05	Adapter 2423Hz	49	2.423	70.00	0.285
364.304	0.05	Adapter 2423Hz	49	2.423	70.00	0.285
364.564	0.05	Adapter 2423Hz	49	2.423	70.00	0.285
364.644	0.05	Adapter 2423Hz	49	2.423	70.00	0.285
364.724	0.05	Adapter 2423Hz	49	2.423	70.00	0.285
364.804	0.05	Adapter 2423Hz	49	2.423	70.00	0.285
365.064	0.05	Adapter 2423Hz	49	2.423	70.00	0.285
365.144	0.05	Adapter 2423Hz	49	2.423	70.00	0.285
365.224	0.05	Adapter 2423Hz	49	2.423	70.00	0.285
365.304	0.05	Adapter 2423Hz	49	2.423	70.00	0.285
365.564	0.05	Adapter 2423Hz	49	2.423	70.00	0.285
365.644	0.05	Adapter 2423Hz	49	2.423	70.00	0.285
365.724	0.05	Adapter 2423Hz	49	2.423	70.00	0.285
365.804	0.05	Adapter 2423Hz	49	2.423	70.00	0.285
366.064	0.05	Adapter 2423Hz	49	2.423	70.00	0.285
366.144	0.05	Adapter 2423Hz	49	2.423	70.00	0.285
366.224	0.05	Adapter 2423Hz	49	2.423	70.00	0.285
366.304	0.05	Adapter 2423Hz	49	2.423	70.00	0.285
366.564	0.05	Adapter 2423Hz	49	2.423	70.00	0.285
366.644	0.05	Adapter 2423Hz	49	2.423	70.00	0.285
366.724	0.05	Adapter 2423Hz	49	2.423	70.00	0.285
366.804	0.05	Adapter 2423Hz	49	2.423	70.00	0.285
367.064	0.05	Adapter 2423Hz	49	2.423	70.00	0.285
367.144	0.05	Adapter 2423Hz	49	2.423	70.00	0.285
367.224	0.05	Adapter 2423Hz	49	2.423	70.00	0.285
367.304	0.05	Adapter 2423Hz	49	2.423	70.00	0.285
392.563	0.05	Adapter 2423Hz Probe 3839Hz	53	2.423	70.00	0.285
392.643	0.05	Adapter 2423Hz Probe 3839Hz	53	2.423	70.00	0.285
392.723	0.05	Adapter 2423Hz Probe 3839Hz	53	2.423	70.00	0.285
392.803	0.05	Adapter 2423Hz Probe 3839Hz	53	2.423	70.00	0.285
392.883	0.05	Adapter 2423Hz Probe 3839Hz	53	3.839	70.00	0.437
393.063	0.05	Adapter 2423Hz Probe 3839Hz	53	2.423	70.00	0.285
393.143	0.05	Adapter 2423Hz Probe 3839Hz	53	2.423	70.00	0.285
393.223	0.05	Adapter 2423Hz Probe 3839Hz	53	2.423	70.00	0.285
393.303	0.05	Adapter 2423Hz Probe 3839Hz	53	2.423	70.00	0.285
393.383	0.05	Adapter 2423Hz Probe 3839Hz	53	3.839	70.00	0.437
393.563	0.05	Adapter 2423Hz Probe 3839Hz	53	2.423	70.00	0.285
393.643	0.05	Adapter 2423Hz Probe 3839Hz	53	2.423	70.00	0.285
393.723	0.05	Adapter 2423Hz Probe 3839Hz	53	2.423	70.00	0.285
393.803	0.05	Adapter 2423Hz Probe 3839Hz	53	2.423	70.00	0.285
393.883	0.05	Adapter 2423Hz Probe 3839Hz	53	3.839	70.00	0.437
394.063	0.05	Adapter 2423Hz Probe 3839Hz	53	2.423	70.00	0.285
394.143	0.05	Adapter 2423Hz Probe 3839Hz	53	2.423	70.00	0.285
394.223	0.05	Adapter 2423Hz Probe 3839Hz	53	2.423	70.00	0.285
394.303	0.05	Adapter 2423Hz Probe 3839Hz	53	2.423	70.00	0.285
394.383	0.05	Adapter 2423Hz Probe 3839Hz	53	3.839	70.00	0.437
394.563	0.05	Adapter 2423Hz Probe 3839Hz	53	2.423	70.00	0.285
394.643	0.05	Adapter 2423Hz Probe 3839Hz	53	2.423	70.00	0.285
394.723	0.05	Adapter 2423Hz Probe 3839Hz	53	2.423	70.00	0.285
394.803	0.05	Adapter 2423Hz Probe 3839Hz	53	2.423	70.00	0.285
394.883	0.05	Adapter 2423Hz Probe 3839Hz	53	3.839	70.00	0.437
395.063	0.05	Adapter 2423Hz Probe 3839Hz	53	2.423	70.00	0.285
395.143	0.05	Adapter 2423Hz Probe 3839Hz	53	2.423	70.00	0.285
395.223	0.05	Adapter 2423Hz Probe 3839Hz	53	2.423	70.00	0.285
395.303	0.05	Adapter 2423Hz Probe 3839Hz	53	2.423	70.00	0.285
395.383	0.05	Adapter 2423Hz Probe 3839Hz	53	3.839	70.00	0.437
395.563	0.05	Adapter 2423Hz Probe 3839Hz	53	2.423	70.00	0.285
395.643	0.05	Adapter 2423Hz Probe 3839Hz	53	2.423	70.00	0.285
395.723	0.05	Adapter 2423Hz Probe 3839Hz	53	2.423	70.00	0.285
395.803	0.05	Adapter 2423Hz Probe 3839Hz	53	2.423	70.00	0.285
395.883	0.05	Adapter 2423Hz Probe 3839Hz	53	3.839	70.00	0.437
396.063	0.05	Adapter 2423Hz Probe 3839Hz	53	2.423	70.00	0.285
396.143	0.05	Adapter 2423Hz Probe 3839Hz	53	2.423	70.00	0.285
396.223	0.05	Adapter 2423Hz Probe 3839Hz	53	2.423	70.00	0.285
396.303	0.05	Adapter 2423Hz Probe 3839Hz	53	2.423	70.00	0.285
396.383	0.05	Adapter 2423Hz Probe 3839Hz	53	3.839	70.00	0.437
396.563	0.05	Adapter 2423Hz Probe 3839Hz	53	2.423	70.00	0.285
396.643	0.05	Adapter 2423Hz Probe 3839Hz	53	2.423	70.00	0.285
396.723	0.05	Adapter 2423Hz Probe 3839Hz	53	2.423	70.00	0.285
396.803	0.05	Adapter 2423Hz Probe 3839Hz	53	2.423	70.00	0.285
396.883	0.05	Adapter 2423Hz Probe 3839Hz	53	3.839	70.00	0.437
397.063	0.05	Adapter 2423Hz Probe 3839Hz	53	2.423	70.00	0.285
397.143	0.05	Adapter 2423Hz Probe 3839Hz	53	2.423	70.00	0.285
397.223	0.05	Adapter 2423Hz Probe 3839Hz	53	2.423	70.00	0.285
397.303	0.05	Adapter 2423Hz Probe 3839Hz	53	2.423	70.00	0.285
397.383	0.05	Adapter 2423Hz Probe 3839Hz	53	3.839	70.00	0.437
400.051	0.05	Adapter 3839Hz	54	3.839	70.00	0.437
400.131	0.05	Adapter 3839Hz	54	3.839	70.00	0.437
400.211	0.05	Adapter 3839Hz	54	3.839	70.00	0.437
400.291	0.05	Adapter 3839Hz	54	3.839	70.00	0.437
400.551	0.05	Adapter 3839Hz	54	3.839	70.00	0.437
400.631	0.05	Adapter 3839Hz	54	3.839	70.00	0.437
400.711	0.05	Adapter 3839Hz	54	3.839	70.00	0.437
400.791	0.05	Adapter 3839Hz	54	3.839	70.00	0.437
401.051	0.05	Adapter 3839Hz	54	3.839	70.00	0.437
401.131	0.05	Adapter 3839Hz	54	3.839	70.00	0.437
401.211	0.05	Adapter 3839Hz	54	3.839	70.00	0.437
401.291	0.05	Adapter 3839Hz	54	3.839	70.00	0.437
401.551	0.05	Adapter 3839Hz	54	3.839	70.00	0.437
401.631	0.05	Adapter 3839Hz	54	3.839	70.00	0.437
401.711	0.05	Adapter 3839Hz	54	3.839	70.00	0.437
401.791	0.05	Adapter 3839Hz	54	3.839	70.00	0.437
402.051	0.05	Adapter 3839Hz	54	3.839	70.00	0.437
402.131	0.05	Adapter 3839Hz	54	3.839	70.00	0.437
402.211	0.05	Adapter 3839Hz	54	3.839	70.00	0.437
402.291	0.05	Adapter 3839Hz	54	3.839	70.00	0.437
402.551	0.05	Adapter 3839Hz	54	3.839	70.00	0.437
402.631	0.05	Adapter 3839Hz	54	3.839	70.00	0.437
402.711	0.05	Adapter 3839Hz	54	3.839	70.00	0.437
402.791	0.05	Adapter 3839Hz	54	3.839	70.00	0.437
403.051	0.05	Adapter 3839Hz	54	3.839	70.00	0.437
403.131	0.05	Adapter 3839Hz	54	3.839	70.00	0.437
403.211	0.05	Adapter 3839Hz	54	3.839	70.00	0.437
403.291	0.05	Adapter 3839Hz	54	3.839	70.00	0.437
403.551	0.05	Adapter 3839Hz	54	3.839	70.00	0.437
403.631	0.05	Adapter 3839Hz	54	3.839	70.00	0.437
403.711	0.05	Adapter 3839Hz	54	3.839	70.00	0.437
403.791	0.05	Adapter 3839Hz	54	3.839	70.00	0.437
404.051	0.05	Adapter 3839Hz	54	3.839	70.00	0.437
404.131	0.05	Adapter 3839Hz	54	3.839	70.00	0.437
404.211	0.05	Adapter 3839Hz	54	3.839	70.00	0.437
404.291	0.05	Adapter 3839Hz	54	3.839	70.00	0.437
404.551	0.05	Adapter 3839Hz	54	3.839	70.00	0.437
404.631	0.05	Adapter 3839Hz	54	3.839	70.00	0.437
404.711	0.05	Adapter 3839Hz	54	3.839	70.00	0.437
404.791	0.05	Adapter 3839Hz	54	3.839	70.00	0.437
407.539	0.05	Adapter 3839Hz Probe 3839Hz	55	3.839	70.00	0.437
407.619	0.05	Adapter 3839Hz Probe 3839Hz	55	3.839	70.00	0.437
407.699	0.05	Adapter 3839Hz Probe 3839Hz	55	3.839	70.00	0.437
407.779	0.05	Adapter 3839Hz Probe 3839Hz	55	3.839	70.00	0.437
407.859	0.05	Adapter 3839Hz Probe 3839Hz	55	3.839	70.00	0.437
408.039	0.05	Adapter 3839Hz Probe 3839Hz	55	3.839	70.00	0.437
408.119	0.05	Adapter 3839Hz Probe 3839Hz	55	3.839	70.00	0.437
408.199	0.05	Adapter 3839Hz Probe 3839Hz	55	3.839	70.00	0.437
408.279	0.05	Adapter 3839Hz Probe 3839Hz	55	3.839	70.00	0.437
408.359	0.05	Adapter 3839Hz Probe 3839Hz	55	3.839	70.00	0.437
408.539	0.05	Adapter 3839Hz Probe 3839Hz	55	3.839	70.00	0.437
408.619	0.05	Adapter 3839Hz Probe 3839Hz	55	3.839	70.00	0.437
408.699	0.05	Adapter 3839Hz Probe 3839Hz	55	3.839	70.00	0.437
408.779	0.05	Adapter 3839Hz Probe 3839Hz	55	3.839	70.00	0.437
408.859	0.05	Adapter 3839Hz Probe 3839Hz	55	3.839	70.00	0.437
409.039	0.05	Adapter 3839Hz Probe 3839Hz	55	3.839	70.00	0.437
409.119	0.05	Adapter 3839Hz Probe 3839Hz	55	3.839	70.00	0.437
409.199	0.05	Adapter 3839Hz Probe 3839Hz	55	3.839	70.00	0.437
409.279	0.05	Adapter 3839Hz Probe 3839Hz	55	3.839	70.00	0.437
409.359	0.05	Adapter 3839Hz Probe 3839Hz	55	3.839	70.00	0.437
409.539	0.05	Adapter 3839Hz Probe 3839Hz	55	3.839	70.00	0.437
409.619	0.05	Adapter 3839Hz Probe 3839Hz	55	3.839	70.00	0.437
409.699	0.05	Adapter 3839Hz Probe 3839Hz	55	3.839	70.00	0.437
409.779	0.05	Adapter 3839Hz Probe 3839Hz	55	3.839	70.00	0.437
409.859	0.05	Adapter 3839Hz Probe 3839Hz	55	3.839	70.00	0.437
410.039	0.05	Adapter 3839Hz Probe 3839Hz	55	3.839	70.00	0.437
410.119	0.05	Adapter 3839Hz Probe 3839Hz	55	3.839	70.00	0.437
410.199	0.05	Adapter 3839Hz Probe 3839Hz	55	3.839	70.00	0.437
410.279	0.05	Adapter 3839Hz Probe 3839Hz	55	3.839	70.00	0.437
410.359	0.05	Adapter 3839Hz Probe 3839Hz	55	3.839	70.00	0.437
410.539	0.05	Adapter 3839Hz Probe 3839Hz	55	3.839	70.00	0.437
410.619	0.05	Adapter 3839Hz Probe 3839Hz	55	3.839	70.00	0.437
410.699	0.05	Adapter 3839Hz Probe 3839Hz	55	3.839	70.00	0.437
410.779	0.05	Adapter 3839Hz Probe 3839Hz	55	3.839	70.00	0.437
410.859	0.05	Adapter 3839Hz Probe 3839Hz	55	3.839	70.00	0.437
411.039	0.05	Adapter 3839Hz Probe 3839Hz	55	3.839	70.00	0.437
411.119	0.05	Adapter 3839Hz Probe 3839Hz	55	3.839	70.00	0.437
411.199	0.05	Adapter 3839Hz Probe 3839Hz	55	3.839	70.00	0.437
411.279	0.05	Adapter 3839Hz Probe 3839Hz	55	3.839	70.00	0.437
411.359	0.05	Adapter 3839Hz Probe 3839Hz	55	3.839	70.00	0.437
411.539	0.05	Adapter 3839Hz Probe 3839Hz	55	3.839	70.00	0.437
411.619	0.05	Adapter 3839Hz Probe 3839Hz	55	3.839	70.00	0.437
411.699	0.05	Adapter 3839Hz Probe 3839Hz	55	3.839	70.00	0.437
411.779	0.05	Adapter 3839Hz Probe 3839Hz	55	3.839	70.00	0.437
411.859	0.05	Adapter 3839Hz Probe 3839Hz	55	3.839	70.00	0.437
412.039	0.05	Adapter 3839Hz Probe 3839Hz	55	3.839	70.00	0.437
412.119	0.05	Adapter 3839Hz Probe 3839Hz	55	3.839	70.00	0.437
412.199	0.05	Adapter 3839Hz Probe 3839Hz	55	3.839	70.00	0.437
412.279	0.05	Adapter 3839Hz Probe 3839Hz	55	3.839	70.00	0.437
412.359	0.05	Adapter 3839Hz Probe 3839Hz	55	3.839	70.00	0.437
415.027	0.05	Adapter 507Hz Probe 3839Hz	56	0.507	70.00	0.079
415.107	0.05	Adapter 507Hz Probe 3839Hz	56	0.507	70.00	0.079
415.187	0.05	Adapter 507Hz Probe 3839Hz	56	0.507	70.00	0.079
415.267	0.05	Adapter 507Hz Probe 3839Hz	56	0.507	70.00	0.079
415.347	0.05	Adapter 507Hz Probe 3839Hz	56	3.839	70.00	0.437
415.527	0.05	Adapter 507Hz Probe 3839Hz	56	0.507	70.00	0.079
415.607	0.05	Adapter 507Hz Probe 3839Hz	56	0.507	70.00	0.079
415.687	0.05	Adapter 507Hz Probe 3839Hz	56	0.507	70.00	0.079
415.767	0.05	Adapter 507Hz Probe 3839Hz	56	0.507	70.00	0.079
415.847	0.05	Adapter 507Hz Probe 3839Hz	56	3.839	70.00	0.437
416.027	0.05	Adapter 507Hz Probe 3839Hz	56	0.507	70.00	0.079
416.107	0.05	Adapter 507Hz Probe 3839Hz	56	0.507	70.00	0.079
416.187	0.05	Adapter 507Hz Probe 3839Hz	56	0.507	70.00	0.079
416.267	0.05	Adapter 507Hz Probe 3839Hz	56	0.507	70.00	0.079
416.347	0.05	Adapter 507Hz Probe 3839Hz	56	3.839	70.00	0.437
416.527	0.05	Adapter 507Hz Probe 3839Hz	56	0.507	70.00	0.079
416.607	0.05	Adapter 507Hz Probe 3839Hz	56	0.507	70.00	0.079
416.687	0.05	Adapter 507Hz Probe 3839Hz	56	0.507	70.00	0.079
416.767	0.05	Adapter 507Hz Probe 3839Hz	56	0.507	70.00	0.079
416.847	0.05	Adapter 507Hz Probe 3839Hz	56	3.839	70.00	0.437
417.027	0.05	Adapter 507Hz Probe 3839Hz	56	0.507	70.00	0.079
417.107	0.05	Adapter 507Hz Probe 3839Hz	56	0.507	70.00	0.079
417.187	0.05	Adapter 507Hz Probe 3839Hz	56	0.507	70.00	0.079
417.267	0.05	Adapter 507Hz Probe 3839Hz	56	0.507	70.00	0.079
417.347	0.05	Adapter 507Hz Probe 3839Hz	56	3.839	70.00	0.437
417.527	0.05	Adapter 507Hz Probe 3839Hz	56	0.507	70.00	0.079
417.607	0.05	Adapter 507Hz Probe 3839Hz	56	0.507	70.00	0.079
417.687	0.05	Adapter 507Hz Probe 3839Hz	56	0.507	70.00	0.079
417.767	0.05	Adapter 507Hz Probe 3839Hz	56	0.507	70.00	0.079
417.847	0.05	Adapter 507Hz Probe 3839Hz	56	3.839	70.00	0.437
418.027	0.05	Adapter 507Hz Probe 3839Hz	56	0.507	70.00	0.079
418.107	0.05	Adapter 507Hz Probe 3839Hz	56	0.507	70.00	0.079
418.187	0.05	Adapter 507Hz Probe 3839Hz	56	0.507	70.00	0.079
418.267	0.05	Adapter 507Hz Probe 3839Hz	56	0.507	70.00	0.079
418.347	0.05	Adapter 507Hz Probe 3839Hz	56	3.839	70.00	0.437
418.527	0.05	Adapter 507Hz Probe 3839Hz	56	0.507	70.00	0.079
418.607	0.05	Adapter 507Hz Probe 3839Hz	56	0.507	70.00	0.079
418.687	0.05	Adapter 507Hz Probe 3839Hz	56	0.507	70.00	0.079
418.767	0.05	Adapter 507Hz Probe 3839Hz	56	0.507	70.00	0.079
418.847	0.05	Adapter 507Hz Probe 3839Hz	56	3.839	70.00	0.437
419.027	0.05	Adapter 507Hz Probe 3839Hz	56	0.507	70.00	0.079
419.107	0.05	Adapter 507Hz Probe 3839Hz	56	0.507	70.00	0.079
419.187	0.05	Adapter 507Hz Probe 3839Hz	56	0.507	70.00	0.079
419.267	0.05	Adapter 507Hz Probe 3839Hz	56	0.507	70.00	0.079
419.347	0.05	Adapter 507Hz Probe 3839Hz	56	3.839	70.00	0.437
419.527	0.05	Adapter 507Hz Probe 3839Hz	56	0.507	70.00	0.079
419.607	0.05	Adapter 507Hz Probe 3839Hz	56	0.507	70.00	0.079
419.687	0.05	Adapter 507Hz Probe 3839Hz	56	0.507	70.00	0.079
419.767	0.05	Adapter 507Hz Probe 3839Hz	56	0.507	70.00	0.079
419.847	0.05	Adapter 507Hz Probe 3839Hz	56	3.839	70.00	0.437
422.562	0.05	Adapter 899Hz	57	0.899	70.00	0.121
422.642	0.05	Adapter 899Hz	57	0.899	70.00	0.121
422.722	0.05	Adapter 899Hz	57	0.899	70.00	0.121
422.802	0.05	Adapter 899Hz	57	0.899	70.00	0.121
423.062	0.05	Adapter 899Hz	57	0.899	70.00	0.121
423.142	0.05	Adapter 899Hz	57	0.899	70.00	0.121
423.222	0.05	Adapter 899Hz	57	0.899	70.00	0.121
423.302	0.05	Adapter 899Hz	57	0.899	70.00	0.121
423.562	0.05	Adapter 899Hz	57	0.899	70.00	0.121
423.642	0.05	Adapter 899Hz	57	0.899	70.00	0.121
423.722	0.05	Adapter 899Hz	57	0.899	70.00	0.121
423.802	0.05	Adapter 899Hz	57	0.899	70.00	0.121
424.062	0.05	Adapter 899Hz	57	0.899	70.00	0.121
424.142	0.05	Adapter 899Hz	57	0.899	70.00	0.121
424.222	0.05	Adapter 899Hz	57	0.899	70.00	0.121
424.302	0.05	Adapter 899Hz	57	0.899	70.00	0.121
424.562	0.05	Adapter 899Hz	57	0.899	70.00	0.121
424.642	0.05	Adapter 899Hz	57	0.899	70.00	0.121
424.722	0.05	Adapter 899Hz	57	0.899	70.00	0.121
424.802	0.05	Adapter 899Hz	57	0.899	70.00	0.121
425.062	0.05	Adapter 899Hz	57	0.899	70.00	0.121
425.142	0.05	Adapter 899Hz	57	0.899	70.00	0.121
425.222	0.05	Adapter 899Hz	57	0.899	70.00	0.121
425.302	0.05	Adapter 899Hz	57	0.899	70.00	0.121
425.562	0.05	Adapter 899Hz	57	0.899	70.00	0.121
425.642	0.05	Adapter 899Hz	57	0.899	70.00	0.121
425.722	0.05	Adapter 899Hz	57	0.899	70.00	0.121
425.802	0.05	Adapter 899Hz	57	0.899	70.00	0.121
426.062	0.05	Adapter 899Hz	57	0.899	70.00	0.121
426.142	0.05	Adapter 899Hz	57	0.899	70.00	0.121
426.222	0.05	Adapter 899Hz	57	0.899	70.00	0.121
426.302	0.05	Adapter 899Hz	57	0.899	70.00	0.121
426.562	0.05	Adapter 899Hz	57	0.899	70.00	0.121
426.642	0.05	Adapter 899Hz	57	0.899	70.00	0.121
426.722	0.05	Adapter 899Hz	57	0.899	70.00	0.121
426.802	0.05	Adapter 899Hz	57	0.899	70.00	0.121
427.062	0.05	Adapter 899Hz	57	0.899	70.00	0.121
427.142	0.05	Adapter 899Hz	57	0.899	70.00	0.121
427.222	0.05	Adapter 899Hz	57	0.899	70.00	0.121
427.302	0.05	Adapter 899Hz	57	0.899	70.00	0.121
430.034	0.05	Adapter 6009Hz	58	6.009	70.00	0.671
430.114	0.05	Adapter 6009Hz	58	6.009	70.00	0.671
430.194	0.05	Adapter 6009Hz	58	6.009	70.00	0.671
430.274	0.05	Adapter 6009Hz	58	6.009	70.00	0.671
430.534	0.05	Adapter 6009Hz	58	6.009	70.00	0.671
430.614	0.05	Adapter 6009Hz	58	6.009	70.00	0.671
430.694	0.05	Adapter 6009Hz	58	6.009	70.00	0.671
430.774	0.05	Adapter 6009Hz	58	6.009	70.00	0.671
431.034	0.05	Adapter 6009Hz	58	6.009	70.00	0.671
431.114	0.05	Adapter 6009Hz	58	6.009	70.00	0.671
431.194	0.05	Adapter 6009Hz	58	6.009	70.00	0.671
431.274	0.05	Adapter 6009Hz	58	6.009	70.00	0.671
431.534	0.05	Adapter 6009Hz	58	6.009	70.00	0.671
431.614	0.05	Adapter 6009Hz	58	6.009	70.00	0.671
431.694	0.05	Adapter 6009Hz	58	6.009	70.00	0.671
431.774	0.05	Adapter 6009Hz	58	6.009	70.00	0.671
432.034	0.05	Adapter 6009Hz	58	6.009	70.00	0.671
432.114	0.05	Adapter 6009Hz	58	6.009	70.00	0.671
432.194	0.05	Adapter 6009Hz	58	6.009	70.00	0.671
432.274	0.05	Adapter 6009Hz	58	6.009	70.00	0.671
432.534	0.05	Adapter 6009Hz	58	6.009	70.00	0.671
432.614	0.05	Adapter 6009Hz	58	6.009	70.00	0.671
432.694	0.05	Adapter 6009Hz	58	6.009	70.00	0.671
432.774	0.05	Adapter 6009Hz	58	6.009	70.00	0.671
433.034	0.05	Adapter 6009Hz	58	6.009	70.00	0.671
433.114	0.05	Adapter 6009Hz	58	6.009	70.00	0.671
433.194	0.05	Adapter 6009Hz	58	6.009	70.00	0.671
433.274	0.05	Adapter 6009Hz	58	6.009	70.00	0.671
433.534	0.05	Adapter 6009Hz	58	6.009	70.00	0.671
433.614	0.05	Adapter 6009Hz	58	6.009	70.00	0.671
433.694	0.05	Adapter 6009Hz	58	6.009	70.00	0.671
433.774	0.05	Adapter 6009Hz	58	6.009	70.00	0.671
434.034	0.05	Adapter 6009Hz	58	6.009	70.00	0.671
434.114	0.05	Adapter 6009Hz	58	6.009	70.00	0.671
434.194	0.05	Adapter 6009Hz	58	6.009	70.00	0.671
434.274	0.05	Adapter 6009Hz	58	6.009	70.00	0.671
434.534	0.05	Adapter 6009Hz	58	6.009	70.00	0.671
434.614	0.05	Adapter 6009Hz	58	6.009	70.00	0.671
434.694	0.05	Adapter 6009Hz	58	6.009	70.00	0.671
434.774	0.05	Adapter 6009Hz	58	6.009	70.00	0.671
437.522	0.05	Adapter 251Hz	59	0.251	70.00	0.052
437.602	0.05	Adapter 251Hz	59	0.251	70.00	0.052
437.682	0.05	Adapter 251Hz	59	0.251	70.00	0.052
437.762	0.05	Adapter 251Hz	59	0.251	70.00	0.052
438.022	0.05	Adapter 251Hz	59	0.251	70.00	0.052
438.102	0.05	Adapter 251Hz	59	0.251	70.00	0.052
438.182	0.05	Adapter 251Hz	59	0.251	70.00	0.052
438.262	0.05	Adapter 251Hz	59	0.251	70.00	0.052
438.522	0.05	Adapter 251Hz	59	0.251	70.00	0.052
438.602	0.05	Adapter 251Hz	59	0.251	70.00	0.052
438.682	0.05	Adapter 251Hz	59	0.251	70.00	0.052
438.762	0.05	Adapter 251Hz	59	0.251	70.00	0.052
439.022	0.05	Adapter 251Hz	59	0.251	70.00	0.052
439.102	0.05	Adapter 251Hz	59	0.251	70.00	0.052
439.182	0.05	Adapter 251Hz	59	0.251	70.00	0.052
439.262	0.05	Adapter 251Hz	59	0.251	70.00	0.052
439.522	0.05	Adapter 251Hz	59	0.251	70.00	0.052
439.602	0.05	Adapter 251Hz	59	0.251	70.00	0.052
439.682	0.05	Adapter 251Hz	59	0.251	70.00	0.052
439.762	0.05	Adapter 251Hz	59	0.251	70.00	0.052
440.022	0.05	Adapter 251Hz	59	0.251	70.00	0.052
440.102	0.05	Adapter 251Hz	59	0.251	70.00	0.052
440.182	0.05	Adapter 251Hz	59	0.251	70.00	0.052
440.262	0.05	Adapter 251Hz	59	0.251	70.00	0.052
440.522	0.05	Adapter 251Hz	59	0.251	70.00	0.052
440.602	0.05	Adapter 251Hz	59	0.251	70.00	0.052
440.682	0.05	Adapter 251Hz	59	0.251	70.00	0.052
440.762	0.05	Adapter 251Hz	59	0.251	70.00	0.052
441.022	0.05	Adapter 251Hz	59	0.251	70.00	0.052
441.102	0.05	Adapter 251Hz	59	0.251	70.00	0.052
441.182	0.05	Adapter 251Hz	59	0.251	70.00	0.052
441.262	0.05	Adapter 251Hz	59	0.251	70.00	0.052
441.522	0.05	Adapter 251Hz	59	0.251	70.00	0.052
441.602	0.05	Adapter 251Hz	59	0.251	70.00	0.052
441.682	0.05	Adapter 251Hz	59	0.251	70.00	0.052
441.762	0.05	Adapter 251Hz	59	0.251	70.00	0.052
442.022	0.05	Adapter 251Hz	59	0.251	70.00	0.052
442.102	0.05	Adapter 251Hz	59	0.251	70.00	0.052
442.182	0.05	Adapter 251Hz	59	0.251	70.00	0.052
442.262	0.05	Adapter 251Hz	59	0.251	70.00	0.052
445.362	0.05	Probe 3839Hz	60	3.839	70.00	0.437
445.862	0.05	Probe 3839Hz	60	3.839	70.00	0.437
446.362	0.05	Probe 3839Hz	60	3.839	70.00	0.437
446.862	0.05	Probe 3839Hz	60	3.839	70.00	0.437
447.362	0.05	Probe 3839Hz	60	3.839	70.00	0.437
447.862	0.05	Probe 3839Hz	60	3.839	70.00	0.437
448.362	0.05	Probe 3839Hz	60	3.839	70.00	0.437
448.862	0.05	Probe 3839Hz	60	3.839	70.00	0.437
449.362	0.05	Probe 3839Hz	60	3.839	70.00	0.437
449.862	0.05	Probe 3839Hz	60	3.839	70.00	0.437
452.53	0.05	Adapter 899Hz Probe 3839Hz	61	0.899	70.00	0.121
452.61	0.05	Adapter 899Hz Probe 3839Hz	61	0.899	70.00	0.121
452.69	0.05	Adapter 899Hz Probe 3839Hz	61	0.899	70.00	0.121
452.77	0.05	Adapter 899Hz Probe 3839Hz	61	0.899	70.00	0.121
452.85	0.05	Adapter 899Hz Probe 3839Hz	61	3.839	70.00	0.437
453.03	0.05	Adapter 899Hz Probe 3839Hz	61	0.899	70.00	0.121
453.11	0.05	Adapter 899Hz Probe 3839Hz	61	0.899	70.00	0.121
453.19	0.05	Adapter 899Hz Probe 3839Hz	61	0.899	70.00	0.121
453.27	0.05	Adapter 899Hz Probe 3839Hz	61	0.899	70.00	0.121
453.35	0.05	Adapter 899Hz Probe 3839Hz	61	3.839	70.00	0.437
453.53	0.05	Adapter 899Hz Probe 3839Hz	61	0.899	70.00	0.121
453.61	0.05	Adapter 899Hz Probe 3839Hz	61	0.899	70.00	0.121
453.69	0.05	Adapter 899Hz Probe 3839Hz	61	0.899	70.00	0.121
453.77	0.05	Adapter 899Hz Probe 3839Hz	61	0.899	70.00	0.121
453.85	0.05	Adapter 899Hz Probe 3839Hz	61	3.839	70.00	0.437
454.03	0.05	Adapter 899Hz Probe 3839Hz	61	0.899	70.00	0.121
454.11	0.05	Adapter 899Hz Probe 3839Hz	61	0.899	70.00	0.121
454.19	0.05	Adapter 899Hz Probe 3839Hz	61	0.899	70.00	0.121
454.27	0.05	Adapter 899Hz Probe 3839Hz	61	0.899	70.00	0.121
454.35	0.05	Adapter 899Hz Probe 3839Hz	61	3.839	70.00	0.437
454.53	0.05	Adapter 899Hz Probe 3839Hz	61	0.899	70.00	0.121
454.61	0.05	Adapter 899Hz Probe 3839Hz	61	0.899	70.00	0.121
454.69	0.05	Adapter 899Hz Probe 3839Hz	61	0.899	70.00	0.121
454.77	0.05	Adapter 899Hz Probe 3839Hz	61	0.899	70.00	0.121
454.85	0.05	Adapter 899Hz Probe 3839Hz	61	3.839	70.00	0.437
455.03	0.05	Adapter 899Hz Probe 3839Hz	61	0.899	70.00	0.121
455.11	0.05	Adapter 899Hz Probe 3839Hz	61	0.899	70.00	0.121
455.19	0.05	Adapter 899Hz Probe 3839Hz	61	0.899	70.00	0.121
455.27	0.05	Adapter 899Hz Probe 3839Hz	61	0.899	70.00	0.121
455.35	0.05	Adapter 899Hz Probe 3839Hz	61	3.839	70.00	0.437
455.53	0.05	Adapter 899Hz Probe 3839Hz	61	0.899	70.00	0.121
455.61	0.05	Adapter 899Hz Probe 3839Hz	61	0.899	70.00	0.121
455.69	0.05	Adapter 899Hz Probe 3839Hz	61	0.899	70.00	0.121
455.77	0.05	Adapter 899Hz Probe 3839Hz	61	0.899	70.00	0.121
455.85	0.05	Adapter 899Hz Probe 3839Hz	61	3.839	70.00	0.437
456.03	0.05	Adapter 899Hz Probe 3839Hz	61	0.899	70.00	0.121
456.11	0.05	Adapter 899Hz Probe 3839Hz	61	0.899	70.00	0.121
456.19	0.05	Adapter 899Hz Probe 3839Hz	61	0.899	70.00	0.121
456.27	0.05	Adapter 899Hz Probe 3839Hz	61	0.899	70.00	0.121
456.35	0.05	Adapter 899Hz Probe 3839Hz	61	3.839	70.00	0.437
456.53	0.05	Adapter 899Hz Probe 3839Hz	61	0.899	70.00	0.121
456.61	0.05	Adapter 899Hz Probe 3839Hz	61	0.899	70.00	0.121
456.69	0.05	Adapter 899Hz Probe 3839Hz	61	0.899	70.00	0.121
456.77	0.05	Adapter 899Hz Probe 3839Hz	61	0.899	70.00	0.121
456.85	0.05	Adapter 899Hz Probe 3839Hz	61	3.839	70.00	0.437
457.03	0.05	Adapter 899Hz Probe 3839Hz	61	0.899	70.00	0.121
457.11	0.05	Adapter 899Hz Probe 3839Hz	61	0.899	70.00	0.121
457.19	0.05	Adapter 899Hz Probe 3839Hz	61	0.899	70.00	0.121
457.27	0.05	Adapter 899Hz Probe 3839Hz	61	0.899	70.00	0.121
457.35	0.05	Adapter 899Hz Probe 3839Hz	61	3.839	70.00	0.437
460.018	0.05	Adapter 1501Hz Probe 3839Hz	62	1.501	70.00	0.186
460.098	0.05	Adapter 1501Hz Probe 3839Hz	62	1.501	70.00	0.186
460.178	0.05	Adapter 1501Hz Probe 3839Hz	62	1.501	70.00	0.186
460.258	0.05	Adapter 1501Hz Probe 3839Hz	62	1.501	70.00	0.186
460.338	0.05	Adapter 1501Hz Probe 3839Hz	62	3.839	70.00	0.437
460.518	0.05	Adapter 1501Hz Probe 3839Hz	62	1.501	70.00	0.186
460.598	0.05	Adapter 1501Hz Probe 3839Hz	62	1.501	70.00	0.186
460.678	0.05	Adapter 1501Hz Probe 3839Hz	62	1.501	70.00	0.186
460.758	0.05	Adapter 1501Hz Probe 3839Hz	62	1.501	70.00	0.186
460.838	0.05	Adapter 1501Hz Probe 3839Hz	62	3.839	70.00	0.437
461.018	0.05	Adapter 1501Hz Probe 3839Hz	62	1.501	70.00	0.186
461.098	0.05	Adapter 1501Hz Probe 3839Hz	62	1.501	70.00	0.186
461.178	0.05	Adapter 1501Hz Probe 3839Hz	62	1.501	70.00	0.186
461.258	0.05	Adapter 1501Hz Probe 3839Hz	62	1.501	70.00	0.186
461.338	0.05	Adapter 1501Hz Probe 3839Hz	62	3.839	70.00	0.437
461.518	0.05	Adapter 1501Hz Probe 3839Hz	62	1.501	70.00	0.186
461.598	0.05	Adapter 1501Hz Probe 3839Hz	62	1.501	70.00	0.186
461.678	0.05	Adapter 1501Hz Probe 3839Hz	62	1.501	70.00	0.186
461.758	0.05	Adapter 1501Hz Probe 3839Hz	62	1.501	70.00	0.186
461.838	0.05	Adapter 1501Hz Probe 3839Hz	62	3.839	70.00	0.437
462.018	0.05	Adapter 1501Hz Probe 3839Hz	62	1.501	70.00	0.186
462.098	0.05	Adapter 1501Hz Probe 3839Hz	62	1.501	70.00	0.186
462.178	0.05	Adapter 1501Hz Probe 3839Hz	62	1.501	70.00	0.186
462.258	0.05	Adapter 1501Hz Probe 3839Hz	62	1.501	70.00	0.186
462.338	0.05	Adapter 1501Hz Probe 3839Hz	62	3.839	70.00	0.437
462.518	0.05	Adapter 1501Hz Probe 3839Hz	62	1.501	70.00	0.186
462.598	0.05	Adapter 1501Hz Probe 3839Hz	62	1.501	70.00	0.186
462.678	0.05	Adapter 1501Hz Probe 3839Hz	62	1.501	70.00	0.186
462.758	0.05	Adapter 1501Hz Probe 3839Hz	62	1.501	70.00	0.186
462.838	0.05	Adapter 1501Hz Probe 3839Hz	62	3.839	70.00	0.437
463.018	0.05	Adapter 1501Hz Probe 3839Hz	62	1.501	70.00	0.186
463.098	0.05	Adapter 1501Hz Probe 3839Hz	62	1.501	70.00	0.186
463.178	0.05	Adapter 1501Hz Probe 3839Hz	62	1.501	70.00	0.186
463.258	0.05	Adapter 1501Hz Probe 3839Hz	62	1.501	70.00	0.186
463.338	0.05	Adapter 1501Hz Probe 3839Hz	62	3.839	70.00	0.437
463.518	0.05	Adapter 1501Hz Probe 3839Hz	62	1.501	70.00	0.186
463.598	0.05	Adapter 1501Hz Probe 3839Hz	62	1.501	70.00	0.186
463.678	0.05	Adapter 1501Hz Probe 3839Hz	62	1.501	70.00	0.186
463.758	0.05	Adapter 1501Hz Probe 3839Hz	62	1.501	70.00	0.186
463.838	0.05	Adapter 1501Hz Probe 3839Hz	62	3.839	70.00	0.437
464.018	0.05	Adapter 1501Hz Probe 3839Hz	62	1.501	70.00	0.186
464.098	0.05	Adapter 1501Hz Probe 3839Hz	62	1.501	70.00	0.186
464.178	0.05	Adapter 1501Hz Probe 3839Hz	62	1.501	70.00	0.186
464.258	0.05	Adapter 1501Hz Probe 3839Hz	62	1.501	70.00	0.186
464.338	0.05	Adapter 1501Hz Probe 3839Hz	62	3.839	70.00	0.437
464.518	0.05	Adapter 1501Hz Probe 3839Hz	62	1.501	70.00	0.186
464.598	0.05	Adapter 1501Hz Probe 3839Hz	62	1.501	70.00	0.186
464.678	0.05	Adapter 1501Hz Probe 3839Hz	62	1.501	70.00	0.186
464.758	0.05	Adapter 1501Hz Probe 3839Hz	62	1.501	70.00	0.186
464.838	0.05	Adapter 1501Hz Probe 3839Hz	62	3.839	70.00	0.437
467.552	0.05	Adapter 1501Hz	63	1.501	70.00	0.186
467.632	0.05	Adapter 1501Hz	63	1.501	70.00	0.186
467.712	0.05	Adapter 1501Hz	63	1.501	70.00	0.186
467.792	0.05	Adapter 1501Hz	63	1.501	70.00	0.186
468.052	0.05	Adapter 1501Hz	63	1.501	70.00	0.186
468.132	0.05	Adapter 1501Hz	63	1.501	70.00	0.186
468.212	0.05	Adapter 1501Hz	63	1.501	70.00	0.186
468.292	0.05	Adapter 1501Hz	63	1.501	70.00	0.186
468.552	0.05	Adapter 1501Hz	63	1.501	70.00	0.186
468.632	0.05	Adapter 1501Hz	63	1.501	70.00	0.186
468.712	0.05	Adapter 1501Hz	63	1.501	70.00	0.186
468.792	0.05	Adapter 1501Hz	63	1.501	70.00	0.186
469.052	0.05	Adapter 1501Hz	63	1.501	70.00	0.186
469.132	0.05	Adapter 1501Hz	63	1.501	70.00	0.186
469.212	0.05	Adapter 1501Hz	63	1.501	70.00	0.186
469.292	0.05	Adapter 1501Hz	63	1.501	70.00	0.186
469.552	0.05	Adapter 1501Hz	63	1.501	70.00	0.186
469.632	0.05	Adapter 1501Hz	63	1.501	70.00	0.186
469.712	0.05	Adapter 1501Hz	63	1.501	70.00	0.186
469.792	0.05	Adapter 1501Hz	63	1.501	70.00	0.186
470.052	0.05	Adapter 1501Hz	63	1.501	70.00	0.186
470.132	0.05	Adapter 1501Hz	63	1.501	70.00	0.186
470.212	0.05	Adapter 1501Hz	63	1.501	70.00	0.186
470.292	0.05	Adapter 1501Hz	63	1.501	70.00	0.186
470.552	0.05	Adapter 1501Hz	63	1.501	70.00	0.186
470.632	0.05	Adapter 1501Hz	63	1.501	70.00	0.186
470.712	0.05	Adapter 1501Hz	63	1.501	70.00	0.186
470.792	0.05	Adapter 1501Hz	63	1.501	70.00	0.186
471.052	0.05	Adapter 1501Hz	63	1.501	70.00	0.186
471.132	0.05	Adapter 1501Hz	63	1.501	70.00	0.186
471.212	0.05	Adapter 1501Hz	63	1.501	70.00	0.186
471.292	0.05	Adapter 1501Hz	63	1.501	70.00	0.186
471.552	0.05	Adapter 1501Hz	63	1.501	70.00	0.186
471.632	0.05	Adapter 1501Hz	63	1.501	70.00	0.186
471.712	0.05	Adapter 1501Hz	63	1.501	70.00	0.186
471.792	0.05	Adapter 1501Hz	63	1.501	70.00	0.186
472.052	0.05	Adapter 1501Hz	63	1.501	70.00	0.186
472.132	0.05	Adapter 1501Hz	63	1.501	70.00	0.186
472.212	0.05	Adapter 1501Hz	63	1.501	70.00	0.186
472.292	0.05	Adapter 1501Hz	63	1.501	70.00	0.186
475.025	0.05	Adapter 507Hz	64	0.507	70.00	0.079
475.105	0.05	Adapter 507Hz	64	0.507	70.00	0.079
475.185	0.05	Adapter 507Hz	64	0.507	70.00	0.079
475.265	0.05	Adapter 507Hz	64	0.507	70.00	0.079
475.525	0.05	Adapter 507Hz	64	0.507	70.00	0.079
475.605	0.05	Adapter 507Hz	64	0.507	70.00	0.079
475.685	0.05	Adapter 507Hz	64	0.507	70.00	0.079
475.765	0.05	Adapter 507Hz	64	0.507	70.00	0.079
476.025	0.05	Adapter 507Hz	64	0.507	70.00	0.079
476.105	0.05	Adapter 507Hz	64	0.507	70.00	0.079
476.185	0.05	Adapter 507Hz	64	0.507	70.00	0.079
476.265	0.05	Adapter 507Hz	64	0.507	70.00	0.079
476.525	0.05	Adapter 507Hz	64	0.507	70.00	0.079
476.605	0.05	Adapter 507Hz	64	0.507	70.00	0.079
476.685	0.05	Adapter 507Hz	64	0.507	70.00	0.079
476.765	0.05	Adapter 507Hz	64	0.507	70.00	0.079
477.025	0.05	Adapter 507Hz	64	0.507	70.00	0.079
477.105	0.05	Adapter 507Hz	64	0.507	70.00	0.079
477.185	0.05	Adapter 507Hz	64	0.507	70.00	0.079
477.265	0.05	Adapter 507Hz	64	0.507	70.00	0.079
477.525	0.05	Adapter 507Hz	64	0.507	70.00	0.079
477.605	0.05	Adapter 507Hz	64	0.507	70.00	0.079
477.685	0.05	Adapter 507Hz	64	0.507	70.00	0.079
477.765	0.05	Adapter 507Hz	64	0.507	70.00	0.079
478.025	0.05	Adapter 507Hz	64	0.507	70.00	0.079
478.105	0.05	Adapter 507Hz	64	0.507	70.00	0.079
478.185	0.05	Adapter 507Hz	64	0.507	70.00	0.079
478.265	0.05	Adapter 507Hz	64	0.507	70.00	0.079
478.525	0.05	Adapter 507Hz	64	0.507	70.00	0.079
478.605	0.05	Adapter 507Hz	64	0.507	70.00	0.079
478.685	0.05	Adapter 507Hz	64	0.507	70.00	0.079
478.765	0.05	Adapter 507Hz	64	0.507	70.00	0.079
479.025	0.05	Adapter 507Hz	64	0.507	70.00	0.079
479.105	0.05	Adapter 507Hz	64	0.507	70.00	0.079
479.185	0.05	Adapter 507Hz	64	0.507	70.00	0.079
479.265	0.05	Adapter 507Hz	64	0.507	70.00	0.079
479.525	0.05	Adapter 507Hz	64	0.507	70.00	0.079
479.605	0.05	Adapter 507Hz	64	0.507	70.00	0.079
479.685	0.05	Adapter 507Hz	64	0.507	70.00	0.079
479.765	0.05	Adapter 507Hz	64	0.507	70.00	0.079
