onset	duration	trial_type	scan	frequency_kHz	level_dB_SPL	bandwidth_kHz
10.035	0.05	Adapter 899Hz Probe 3839Hz	2	0.899	70.00	0.121
10.115	0.05	Adapter 899Hz Probe 3839Hz	2	0.899	70.00	0.121
10.195	0.05	Adapter 899Hz Probe 3839Hz	2	0.899	70.00	0.121
10.275	0.05	Adapter 899Hz Probe 3839Hz	2	0.899	70.00	0.121
10.355	0.05	Adapter 899Hz Probe 3839Hz	2	3.839	70.00	0.437
10.535	0.05	Adapter 899Hz Probe 3839Hz	2	0.899	70.00	0.121
10.615	0.05	Adapter 899Hz Probe 3839Hz	2	0.899	70.00	0.121
10.695	0.05	Adapter 899Hz Probe 3839Hz	2	0.899	70.00	0.121
10.775	0.05	Adapter 899Hz Probe 3839Hz	2	0.899	70.00	0.121
10.855	0.05	Adapter 899Hz Probe 3839Hz	2	3.839	70.00	0.437
11.035	0.05	Adapter 899Hz Probe 3839Hz	2	0.899	70.00	0.121
11.115	0.05	Adapter 899Hz Probe 3839Hz	2	0.899	70.00	0.121
11.195	0.05	Adapter 899Hz Probe 3839Hz	2	0.899	70.00	0.121
11.275	0.05	Adapter 899Hz Probe 3839Hz	2	0.899	70.00	0.121
11.355	0.05	Adapter 899Hz Probe 3839Hz	2	3.839	70.00	0.437
11.535	0.05	Adapter 899Hz Probe 3839Hz	2	0.899	70.00	0.121
11.615	0.05	Adapter 899Hz Probe 3839Hz	2	0.899	70.00	0.121
11.695	0.05	Adapter 899Hz Probe 3839Hz	2	0.899	70.00	0.121
11.775	0.05	Adapter 899Hz Probe 3839Hz	2	0.899	70.00	0.121
11.855	0.05	Adapter 899Hz Probe 3839Hz	2	3.839	70.00	0.437
12.035	0.05	Adapter 899Hz Probe 3839Hz	2	0.899	70.00	0.121
12.115	0.05	Adapter 899Hz Probe 3839Hz	2	0.899	70.00	0.121
12.195	0.05	Adapter 899Hz Probe 3839Hz	2	0.899	70.00	0.121
12.275	0.05	Adapter 899Hz Probe 3839Hz	2	0.899	70.00	0.121
12.355	0.05	Adapter 899Hz Probe 3839Hz	2	3.839	70.00	0.437
12.535	0.05	Adapter 899Hz Probe 3839Hz	2	0.899	70.00	0.121
12.615	0.05	Adapter 899Hz Probe 3839Hz	2	0.899	70.00	0.121
12.695	0.05	Adapter 899Hz Probe 3839Hz	2	0.899	70.00	0.121
12.775	0.05	Adapter 899Hz Probe 3839Hz	2	0.899	70.00	0.121
12.855	0.05	Adapter 899Hz Probe 3839Hz	2	3.839	70.00	0.437
13.035	0.05	Adapter 899Hz Probe 3839Hz	2	0.899	70.00	0.121
13.115	0.05	Adapter 899Hz Probe 3839Hz	2	0.899	70.00	0.121
13.195	0.05	Adapter 899Hz Probe 3839Hz	2	0.899	70.00	0.121
13.275	0.05	Adapter 899Hz Probe 3839Hz	2	0.899	70.00	0.121
13.355	0.05	Adapter 899Hz Probe 3839Hz	2	3.839	70.00	0.437
13.535	0.05	Adapter 899Hz Probe 3839Hz	2	0.899	70.00	0.121
13.615	0.05	Adapter 899Hz Probe 3839Hz	2	0.899	70.00	0.121
13.695	0.05	Adapter 899Hz Probe 3839Hz	2	0.899	70.00	0.121
13.775	0.05	Adapter 899Hz Probe 3839Hz	2	0.899	70.00	0.121
13.855	0.05	Adapter 899Hz Probe 3839Hz	2	3.839	70.00	0.437
14.035	0.05	Adapter 899Hz Probe 3839Hz	2	0.899	70.00	0.121
14.115	0.05	Adapter 899Hz Probe 3839Hz	2	0.899	70.00	0.121
14.195	0.05	Adapter 899Hz Probe 3839Hz	2	0.899	70.00	0.121
14.275	0.05	Adapter 899Hz Probe 3839Hz	2	0.899	70.00	0.121
14.355	0.05	Adapter 899Hz Probe 3839Hz	2	3.839	70.00	0.437
14.535	0.05	Adapter 899Hz Probe 3839Hz	2	0.899	70.00	0.121
14.615	0.05	Adapter 899Hz Probe 3839Hz	2	0.899	70.00	0.121
14.695	0.05	Adapter 899Hz Probe 3839Hz	2	0.899	70.00	0.121
14.775	0.05	Adapter 899Hz Probe 3839Hz	2	0.899	70.00	0.121
14.855	0.05	Adapter 899Hz Probe 3839Hz	2	3.839	70.00	0.437
17.523	0.05	Adapter 1501Hz Probe 3839Hz	3	1.501	70.00	0.186
17.603	0.05	Adapter 1501Hz Probe 3839Hz	3	1.501	70.00	0.186
17.683	0.05	Adapter 1501Hz Probe 3839Hz	3	1.501	70.00	0.186
17.763	0.05	Adapter 1501Hz Probe 3839Hz	3	1.501	70.00	0.186
17.843	0.05	Adapter 1501Hz Probe 3839Hz	3	3.839	70.00	0.437
18.023	0.05	Adapter 1501Hz Probe 3839Hz	3	1.501	70.00	0.186
18.103	0.05	Adapter 1501Hz Probe 3839Hz	3	1.501	70.00	0.186
18.183	0.05	Adapter 1501Hz Probe 3839Hz	3	1.501	70.00	0.186
18.263	0.05	Adapter 1501Hz Probe 3839Hz	3	1.501	70.00	0.186
18.343	0.05	Adapter 1501Hz Probe 3839Hz	3	3.839	70.00	0.437
18.523	0.05	Adapter 1501Hz Probe 3839Hz	3	1.501	70.00	0.186
18.603	0.05	Adapter 1501Hz Probe 3839Hz	3	1.501	70.00	0.186
18.683	0.05	Adapter 1501Hz Probe 3839Hz	3	1.501	70.00	0.186
18.763	0.05	Adapter 1501Hz Probe 3839Hz	3	1.501	70.00	0.186
18.843	0.05	Adapter 1501Hz Probe 3839Hz	3	3.839	70.00	0.437
19.023	0.05	Adapter 1501Hz Probe 3839Hz	3	1.501	70.00	0.186
19.103	0.05	Adapter 1501Hz Probe 3839Hz	3	1.501	70.00	0.186
19.183	0.05	Adapter 1501Hz Probe 3839Hz	3	1.501	70.00	0.186
19.263	0.05	Adapter 1501Hz Probe 3839Hz	3	1.501	70.00	0.186
19.343	0.05	Adapter 1501Hz Probe 3839Hz	3	3.839	70.00	0.437
19.523	0.05	Adapter 1501Hz Probe 3839Hz	3	1.501	70.00	0.186
19.603	0.05	Adapter 1501Hz Probe 3839Hz	3	1.501	70.00	0.186
19.683	0.05	Adapter 1501Hz Probe 3839Hz	3	1.501	70.00	0.186
19.763	0.05	Adapter 1501Hz Probe 3839Hz	3	1.501	70.00	0.186
19.843	0.05	Adapter 1501Hz Probe 3839Hz	3	3.839	70.00	0.437
20.023	0.05	Adapter 1501Hz Probe 3839Hz	3	1.501	70.00	0.186
20.103	0.05	Adapter 1501Hz Probe 3839Hz	3	1.501	70.00	0.186
20.183	0.05	Adapter 1501Hz Probe 3839Hz	3	1.501	70.00	0.186
20.263	0.05	Adapter 1501Hz Probe 3839Hz	3	1.501	70.00	0.186
20.343	0.05	Adapter 1501Hz Probe 3839Hz	3	3.839	70.00	0.437
20.523	0.05	Adapter 1501Hz Probe 3839Hz	3	1.501	70.00	0.186
20.603	0.05	Adapter 1501Hz Probe 3839Hz	3	1.501	70.00	0.186
20.683	0.05	Adapter 1501Hz Probe 3839Hz	3	1.501	70.00	0.186
20.763	0.05	Adapter 1501Hz Probe 3839Hz	3	1.501	70.00	0.186
20.843	0.05	Adapter 1501Hz Probe 3839Hz	3	3.839	70.00	0.437
21.023	0.05	Adapter 1501Hz Probe 3839Hz	3	1.501	70.00	0.186
21.103	0.05	Adapter 1501Hz Probe 3839Hz	3	1.501	70.00	0.186
21.183	0.05	Adapter 1501Hz Probe 3839Hz	3	1.501	70.00	0.186
21.263	0.05	Adapter 1501Hz Probe 3839Hz	3	1.501	70.00	0.186
21.343	0.05	Adapter 1501Hz Probe 3839Hz	3	3.839	70.00	0.437
21.523	0.05	Adapter 1501Hz Probe 3839Hz	3	1.501	70.00	0.186
21.603	0.05	Adapter 1501Hz Probe 3839Hz	3	1.501	70.00	0.186
21.683	0.05	Adapter 1501Hz Probe 3839Hz	3	1.501	70.00	0.186
21.763	0.05	Adapter 1501Hz Probe 3839Hz	3	1.501	70.00	0.186
21.843	0.05	Adapter 1501Hz Probe 3839Hz	3	3.839	70.00	0.437
22.023	0.05	Adapter 1501Hz Probe 3839Hz	3	1.501	70.00	0.186
22.103	0.05	Adapter 1501Hz Probe 3839Hz	3	1.501	70.00	0.186
22.183	0.05	Adapter 1501Hz Probe 3839Hz	3	1.501	70.00	0.186
22.263	0.05	Adapter 1501Hz Probe 3839Hz	3	1.501	70.00	0.186
22.343	0.05	Adapter 1501Hz Probe 3839Hz	3	3.839	70.00	0.437
25.011	0.05	Adapter 251Hz	4	0.251	70.00	0.052
25.091	0.05	Adapter 251Hz	4	0.251	70.00	0.052
25.171	0.05	Adapter 251Hz	4	0.251	70.00	0.052
25.251	0.05	Adapter 251Hz	4	0.251	70.00	0.052
25.511	0.05	Adapter 251Hz	4	0.251	70.00	0.052
25.591	0.05	Adapter 251Hz	4	0.251	70.00	0.052
25.671	0.05	Adapter 251Hz	4	0.251	70.00	0.052
25.751	0.05	Adapter 251Hz	4	0.251	70.00	0.052
26.011	0.05	Adapter 251Hz	4	0.251	70.00	0.052
26.091	0.05	Adapter 251Hz	4	0.251	70.00	0.052
26.171	0.05	Adapter 251Hz	4	0.251	70.00	0.052
26.251	0.05	Adapter 251Hz	4	0.251	70.00	0.052
26.511	0.05	Adapter 251Hz	4	0.251	70.00	0.052
26.591	0.05	Adapter 251Hz	4	0.251	70.00	0.052
26.671	0.05	Adapter 251Hz	4	0.251	70.00	0.052
26.751	0.05	Adapter 251Hz	4	0.251	70.00	0.052
27.011	0.05	Adapter 251Hz	4	0.251	70.00	0.052
27.091	0.05	Adapter 251Hz	4	0.251	70.00	0.052
27.171	0.05	Adapter 251Hz	4	0.251	70.00	0.052
27.251	0.05	Adapter 251Hz	4	0.251	70.00	0.052
27.511	0.05	Adapter 251Hz	4	0.251	70.00	0.052
27.591	0.05	Adapter 251Hz	4	0.251	70.00	0.052
27.671	0.05	Adapter 251Hz	4	0.251	70.00	0.052
27.751	0.05	Adapter 251Hz	4	0.251	70.00	0.052
28.011	0.05	Adapter 251Hz	4	0.251	70.00	0.052
28.091	0.05	Adapter 251Hz	4	0.251	70.00	0.052
28.171	0.05	Adapter 251Hz	4	0.251	70.00	0.052
28.251	0.05	Adapter 251Hz	4	0.251	70.00	0.052
28.511	0.05	Adapter 251Hz	4	0.251	70.00	0.052
28.591	0.05	Adapter 251Hz	4	0.251	70.00	0.052
28.671	0.05	Adapter 251Hz	4	0.251	70.00	0.052
28.751	0.05	Adapter 251Hz	4	0.251	70.00	0.052
29.011	0.05	Adapter 251Hz	4	0.251	70.00	0.052
29.091	0.05	Adapter 251Hz	4	0.251	70.00	0.052
29.171	0.05	Adapter 251Hz	4	0.251	70.00	0.052
29.251	0.05	Adapter 251Hz	4	0.251	70.00	0.052
29.511	0.05	Adapter 251Hz	4	0.251	70.00	0.052
29.591	0.05	Adapter 251Hz	4	0.251	70.00	0.052
29.671	0.05	Adapter 251Hz	4	0.251	70.00	0.052
29.751	0.05	Adapter 251Hz	4	0.251	70.00	0.052
32.484	0.05	Adapter 2423Hz	5	2.423	70.00	0.285
32.564	0.05	Adapter 2423Hz	5	2.423	70.00	0.285
32.644	0.05	Adapter 2423Hz	5	2.423	70.00	0.285
32.724	0.05	Adapter 2423Hz	5	2.423	70.00	0.285
32.984	0.05	Adapter 2423Hz	5	2.423	70.00	0.285
33.064	0.05	Adapter 2423Hz	5	2.423	70.00	0.285
33.144	0.05	Adapter 2423Hz	5	2.423	70.00	0.285
33.224	0.05	Adapter 2423Hz	5	2.423	70.00	0.285
33.484	0.05	Adapter 2423Hz	5	2.423	70.00	0.285
33.564	0.05	Adapter 2423Hz	5	2.423	70.00	0.285
33.644	0.05	Adapter 2423Hz	5	2.423	70.00	0.285
33.724	0.05	Adapter 2423Hz	5	2.423	70.00	0.285
33.984	0.05	Adapter 2423Hz	5	2.423	70.00	0.285
34.064	0.05	Adapter 2423Hz	5	2.423	70.00	0.285
34.144	0.05	Adapter 2423Hz	5	2.423	70.00	0.285
34.224	0.05	Adapter 2423Hz	5	2.423	70.00	0.285
34.484	0.05	Adapter 2423Hz	5	2.423	70.00	0.285
34.564	0.05	Adapter 2423Hz	5	2.423	70.00	0.285
34.644	0.05	Adapter 2423Hz	5	2.423	70.00	0.285
34.724	0.05	Adapter 2423Hz	5	2.423	70.00	0.285
34.984	0.05	Adapter 2423Hz	5	2.423	70.00	0.285
35.064	0.05	Adapter 2423Hz	5	2.423	70.00	0.285
35.144	0.05	Adapter 2423Hz	5	2.423	70.00	0.285
35.224	0.05	Adapter 2423Hz	5	2.423	70.00	0.285
35.484	0.05	Adapter 2423Hz	5	2.423	70.00	0.285
35.564	0.05	Adapter 2423Hz	5	2.423	70.00	0.285
35.644	0.05	Adapter 2423Hz	5	2.423	70.00	0.285
35.724	0.05	Adapter 2423Hz	5	2.423	70.00	0.285
35.984	0.05	Adapter 2423Hz	5	2.423	70.00	0.285
36.064	0.05	Adapter 2423Hz	5	2.423	70.00	0.285
36.144	0.05	Adapter 2423Hz	5	2.423	70.00	0.285
36.224	0.05	Adapter 2423Hz	5	2.423	70.00	0.285
36.484	0.05	Adapter 2423Hz	5	2.423	70.00	0.285
36.564	0.05	Adapter 2423Hz	5	2.423	70.00	0.285
36.644	0.05	Adapter 2423Hz	5	2.423	70.00	0.285
36.724	0.05	Adapter 2423Hz	5	2.423	70.00	0.285
36.984	0.05	Adapter 2423Hz	5	2.423	70.00	0.285
37.064	0.05	Adapter 2423Hz	5	2.423	70.00	0.285
37.144	0.05	Adapter 2423Hz	5	2.423	70.00	0.285
37.224	0.05	Adapter 2423Hz	5	2.423	70.00	0.285
40.034	0.05	Adapter 507Hz	6	0.507	70.00	0.079
40.114	0.05	Adapter 507Hz	6	0.507	70.00	0.079
40.194	0.05	Adapter 507Hz	6	0.507	70.00	0.079
40.274	0.05	Adapter 507Hz	6	0.507	70.00	0.079
40.534	0.05	Adapter 507Hz	6	0.507	70.00	0.079
40.614	0.05	Adapter 507Hz	6	0.507	70.00	0.079
40.694	0.05	Adapter 507Hz	6	0.507	70.00	0.079
40.774	0.05	Adapter 507Hz	6	0.507	70.00	0.079
41.034	0.05	Adapter 507Hz	6	0.507	70.00	0.079
41.114	0.05	Adapter 507Hz	6	0.507	70.00	0.079
41.194	0.05	Adapter 507Hz	6	0.507	70.00	0.079
41.274	0.05	Adapter 507Hz	6	0.507	70.00	0.079
41.534	0.05	Adapter 507Hz	6	0.507	70.00	0.079
41.614	0.05	Adapter 507Hz	6	0.507	70.00	0.079
41.694	0.05	Adapter 507Hz	6	0.507	70.00	0.079
41.774	0.05	Adapter 507Hz	6	0.507	70.00	0.079
42.034	0.05	Adapter 507Hz	6	0.507	70.00	0.079
42.114	0.05	Adapter 507Hz	6	0.507	70.00	0.079
42.194	0.05	Adapter 507Hz	6	0.507	70.00	0.079
42.274	0.05	Adapter 507Hz	6	0.507	70.00	0.079
42.534	0.05	Adapter 507Hz	6	0.507	70.00	0.079
42.614	0.05	Adapter 507Hz	6	0.507	70.00	0.079
42.694	0.05	Adapter 507Hz	6	0.507	70.00	0.079
42.774	0.05	Adapter 507Hz	6	0.507	70.00	0.079
43.034	0.05	Adapter 507Hz	6	0.507	70.00	0.079
43.114	0.05	Adapter 507Hz	6	0.507	70.00	0.079
43.194	0.05	Adapter 507Hz	6	0.507	70.00	0.079
43.274	0.05	Adapter 507Hz	6	0.507	70.00	0.079
43.534	0.05	Adapter 507Hz	6	0.507	70.00	0.079
43.614	0.05	Adapter 507Hz	6	0.507	70.00	0.079
43.694	0.05	Adapter 507Hz	6	0.507	70.00	0.079
43.774	0.05	Adapter 507Hz	6	0.507	70.00	0.079
44.034	0.05	Adapter 507Hz	6	0.507	70.00	0.079
44.114	0.05	Adapter 507Hz	6	0.507	70.00	0.079
44.194	0.05	Adapter 507Hz	6	0.507	70.00	0.079
44.274	0.05	Adapter 507Hz	6	0.507	70.00	0.079
44.534	0.05	Adapter 507Hz	6	0.507	70.00	0.079
44.614	0.05	Adapter 507Hz	6	0.507	70.00	0.079
44.694	0.05	Adapter 507Hz	6	0.507	70.00	0.079
44.774	0.05	Adapter 507Hz	6	0.507	70.00	0.079
62.529	0.05	Adapter 507Hz Probe 3839Hz	9	0.507	70.00	0.079
62.609	0.05	Adapter 507Hz Probe 3839Hz	9	0.507	70.00	0.079
62.689	0.05	Adapter 507Hz Probe 3839Hz	9	0.507	70.00	0.079
62.769	0.05	Adapter 507Hz Probe 3839Hz	9	0.507	70.00	0.079
62.849	0.05	Adapter 507Hz Probe 3839Hz	9	3.839	70.00	0.437
63.029	0.05	Adapter 507Hz Probe 3839Hz	9	0.507	70.00	0.079
63.109	0.05	Adapter 507Hz Probe 3839Hz	9	0.507	70.00	0.079
63.189	0.05	Adapter 507Hz Probe 3839Hz	9	0.507	70.00	0.079
63.269	0.05	Adapter 507Hz Probe 3839Hz	9	0.507	70.00	0.079
63.349	0.05	Adapter 507Hz Probe 3839Hz	9	3.839	70.00	0.437
63.529	0.05	Adapter 507Hz Probe 3839Hz	9	0.507	70.00	0.079
63.609	0.05	Adapter 507Hz Probe 3839Hz	9	0.507	70.00	0.079
63.689	0.05	Adapter 507Hz Probe 3839Hz	9	0.507	70.00	0.079
63.769	0.05	Adapter 507Hz Probe 3839Hz	9	0.507	70.00	0.079
63.849	0.05	Adapter 507Hz Probe 3839Hz	9	3.839	70.00	0.437
64.029	0.05	Adapter 507Hz Probe 3839Hz	9	0.507	70.00	0.079
64.109	0.05	Adapter 507Hz Probe 3839Hz	9	0.507	70.00	0.079
64.189	0.05	Adapter 507Hz Probe 3839Hz	9	0.507	70.00	0.079
64.269	0.05	Adapter 507Hz Probe 3839Hz	9	0.507	70.00	0.079
64.349	0.05	Adapter 507Hz Probe 3839Hz	9	3.839	70.00	0.437
64.529	0.05	Adapter 507Hz Probe 3839Hz	9	0.507	70.00	0.079
64.609	0.05	Adapter 507Hz Probe 3839Hz	9	0.507	70.00	0.079
64.689	0.05	Adapter 507Hz Probe 3839Hz	9	0.507	70.00	0.079
64.769	0.05	Adapter 507Hz Probe 3839Hz	9	0.507	70.00	0.079
64.849	0.05	Adapter 507Hz Probe 3839Hz	9	3.839	70.00	0.437
65.029	0.05	Adapter 507Hz Probe 3839Hz	9	0.507	70.00	0.079
65.109	0.05	Adapter 507Hz Probe 3839Hz	9	0.507	70.00	0.079
65.189	0.05	Adapter 507Hz Probe 3839Hz	9	0.507	70.00	0.079
65.269	0.05	Adapter 507Hz Probe 3839Hz	9	0.507	70.00	0.079
65.349	0.05	Adapter 507Hz Probe 3839Hz	9	3.839	70.00	0.437
65.529	0.05	Adapter 507Hz Probe 3839Hz	9	0.507	70.00	0.079
65.609	0.05	Adapter 507Hz Probe 3839Hz	9	0.507	70.00	0.079
65.689	0.05	Adapter 507Hz Probe 3839Hz	9	0.507	70.00	0.079
65.769	0.05	Adapter 507Hz Probe 3839Hz	9	0.507	70.00	0.079
65.849	0.05	Adapter 507Hz Probe 3839Hz	9	3.839	70.00	0.437
66.029	0.05	Adapter 507Hz Probe 3839Hz	9	0.507	70.00	0.079
66.109	0.05	Adapter 507Hz Probe 3839Hz	9	0.507	70.00	0.079
66.189	0.05	Adapter 507Hz Probe 3839Hz	9	0.507	70.00	0.079
66.269	0.05	Adapter 507Hz Probe 3839Hz	9	0.507	70.00	0.079
66.349	0.05	Adapter 507Hz Probe 3839Hz	9	3.839	70.00	0.437
66.529	0.05	Adapter 507Hz Probe 3839Hz	9	0.507	70.00	0.079
66.609	0.05	Adapter 507Hz Probe 3839Hz	9	0.507	70.00	0.079
66.689	0.05	Adapter 507Hz Probe 3839Hz	9	0.507	70.00	0.079
66.769	0.05	Adapter 507Hz Probe 3839Hz	9	0.507	70.00	0.079
66.849	0.05	Adapter 507Hz Probe 3839Hz	9	3.839	70.00	0.437
67.029	0.05	Adapter 507Hz Probe 3839Hz	9	0.507	70.00	0.079
67.109	0.05	Adapter 507Hz Probe 3839Hz	9	0.507	70.00	0.079
67.189	0.05	Adapter 507Hz Probe 3839Hz	9	0.507	70.00	0.079
67.269	0.05	Adapter 507Hz Probe 3839Hz	9	0.507	70.00	0.079
67.349	0.05	Adapter 507Hz Probe 3839Hz	9	3.839	70.00	0.437
70.017	0.05	Adapter 899Hz	10	0.899	70.00	0.121
70.097	0.05	Adapter 899Hz	10	0.899	70.00	0.121
70.177	0.05	Adapter 899Hz	10	0.899	70.00	0.121
70.257	0.05	Adapter 899Hz	10	0.899	70.00	0.121
70.517	0.05	Adapter 899Hz	10	0.899	70.00	0.121
70.597	0.05	Adapter 899Hz	10	0.899	70.00	0.121
70.677	0.05	Adapter 899Hz	10	0.899	70.00	0.121
70.757	0.05	Adapter 899Hz	10	0.899	70.00	0.121
71.017	0.05	Adapter 899Hz	10	0.899	70.00	0.121
71.097	0.05	Adapter 899Hz	10	0.899	70.00	0.121
71.177	0.05	Adapter 899Hz	10	0.899	70.00	0.121
71.257	0.05	Adapter 899Hz	10	0.899	70.00	0.121
71.517	0.05	Adapter 899Hz	10	0.899	70.00	0.121
71.597	0.05	Adapter 899Hz	10	0.899	70.00	0.121
71.677	0.05	Adapter 899Hz	10	0.899	70.00	0.121
71.757	0.05	Adapter 899Hz	10	0.899	70.00	0.121
72.017	0.05	Adapter 899Hz	10	0.899	70.00	0.121
72.097	0.05	Adapter 899Hz	10	0.899	70.00	0.121
72.177	0.05	Adapter 899Hz	10	0.899	70.00	0.121
72.257	0.05	Adapter 899Hz	10	0.899	70.00	0.121
72.517	0.05	Adapter 899Hz	10	0.899	70.00	0.121
72.597	0.05	Adapter 899Hz	10	0.899	70.00	0.121
72.677	0.05	Adapter 899Hz	10	0.899	70.00	0.121
72.757	0.05	Adapter 899Hz	10	0.899	70.00	0.121
73.017	0.05	Adapter 899Hz	10	0.899	70.00	0.121
73.097	0.05	Adapter 899Hz	10	0.899	70.00	0.121
73.177	0.05	Adapter 899Hz	10	0.899	70.00	0.121
73.257	0.05	Adapter 899Hz	10	0.899	70.00	0.121
73.517	0.05	Adapter 899Hz	10	0.899	70.00	0.121
73.597	0.05	Adapter 899Hz	10	0.899	70.00	0.121
73.677	0.05	Adapter 899Hz	10	0.899	70.00	0.121
73.757	0.05	Adapter 899Hz	10	0.899	70.00	0.121
74.017	0.05	Adapter 899Hz	10	0.899	70.00	0.121
74.097	0.05	Adapter 899Hz	10	0.899	70.00	0.121
74.177	0.05	Adapter 899Hz	10	0.899	70.00	0.121
74.257	0.05	Adapter 899Hz	10	0.899	70.00	0.121
74.517	0.05	Adapter 899Hz	10	0.899	70.00	0.121
74.597	0.05	Adapter 899Hz	10	0.899	70.00	0.121
74.677	0.05	Adapter 899Hz	10	0.899	70.00	0.121
74.757	0.05	Adapter 899Hz	10	0.899	70.00	0.121
77.49	0.05	Adapter 6009Hz	11	6.009	70.00	0.671
77.57	0.05	Adapter 6009Hz	11	6.009	70.00	0.671
77.65	0.05	Adapter 6009Hz	11	6.009	70.00	0.671
77.73	0.05	Adapter 6009Hz	11	6.009	70.00	0.671
77.99	0.05	Adapter 6009Hz	11	6.009	70.00	0.671
78.07	0.05	Adapter 6009Hz	11	6.009	70.00	0.671
78.15	0.05	Adapter 6009Hz	11	6.009	70.00	0.671
78.23	0.05	Adapter 6009Hz	11	6.009	70.00	0.671
78.49	0.05	Adapter 6009Hz	11	6.009	70.00	0.671
78.57	0.05	Adapter 6009Hz	11	6.009	70.00	0.671
78.65	0.05	Adapter 6009Hz	11	6.009	70.00	0.671
78.73	0.05	Adapter 6009Hz	11	6.009	70.00	0.671
78.99	0.05	Adapter 6009Hz	11	6.009	70.00	0.671
79.07	0.05	Adapter 6009Hz	11	6.009	70.00	0.671
79.15	0.05	Adapter 6009Hz	11	6.009	70.00	0.671
79.23	0.05	Adapter 6009Hz	11	6.009	70.00	0.671
79.49	0.05	Adapter 6009Hz	11	6.009	70.00	0.671
79.57	0.05	Adapter 6009Hz	11	6.009	70.00	0.671
79.65	0.05	Adapter 6009Hz	11	6.009	70.00	0.671
79.73	0.05	Adapter 6009Hz	11	6.009	70.00	0.671
79.99	0.05	Adapter 6009Hz	11	6.009	70.00	0.671
80.07	0.05	Adapter 6009Hz	11	6.009	70.00	0.671
80.15	0.05	Adapter 6009Hz	11	6.009	70.00	0.671
80.23	0.05	Adapter 6009Hz	11	6.009	70.00	0.671
80.49	0.05	Adapter 6009Hz	11	6.009	70.00	0.671
80.57	0.05	Adapter 6009Hz	11	6.009	70.00	0.671
80.65	0.05	Adapter 6009Hz	11	6.009	70.00	0.671
80.73	0.05	Adapter 6009Hz	11	6.009	70.00	0.671
80.99	0.05	Adapter 6009Hz	11	6.009	70.00	0.671
81.07	0.05	Adapter 6009Hz	11	6.009	70.00	0.671
81.15	0.05	Adapter 6009Hz	11	6.009	70.00	0.671
81.23	0.05	Adapter 6009Hz	11	6.009	70.00	0.671
81.49	0.05	Adapter 6009Hz	11	6.009	70.00	0.671
81.57	0.05	Adapter 6009Hz	11	6.009	70.00	0.671
81.65	0.05	Adapter 6009Hz	11	6.009	70.00	0.671
81.73	0.05	Adapter 6009Hz	11	6.009	70.00	0.671
81.99	0.05	Adapter 6009Hz	11	6.009	70.00	0.671
82.07	0.05	Adapter 6009Hz	11	6.009	70.00	0.671
82.15	0.05	Adapter 6009Hz	11	6.009	70.00	0.671
82.23	0.05	Adapter 6009Hz	11	6.009	70.00	0.671
84.978	0.05	Adapter 3839Hz	12	3.839	70.00	0.437
85.058	0.05	Adapter 3839Hz	12	3.839	70.00	0.437
85.138	0.05	Adapter 3839Hz	12	3.839	70.00	0.437
85.218	0.05	Adapter 3839Hz	12	3.839	70.00	0.437
85.478	0.05	Adapter 3839Hz	12	3.839	70.00	0.437
85.558	0.05	Adapter 3839Hz	12	3.839	70.00	0.437
85.638	0.05	Adapter 3839Hz	12	3.839	70.00	0.437
85.718	0.05	Adapter 3839Hz	12	3.839	70.00	0.437
85.978	0.05	Adapter 3839Hz	12	3.839	70.00	0.437
86.058	0.05	Adapter 3839Hz	12	3.839	70.00	0.437
86.138	0.05	Adapter 3839Hz	12	3.839	70.00	0.437
86.218	0.05	Adapter 3839Hz	12	3.839	70.00	0.437
86.478	0.05	Adapter 3839Hz	12	3.839	70.00	0.437
86.558	0.05	Adapter 3839Hz	12	3.839	70.00	0.437
86.638	0.05	Adapter 3839Hz	12	3.839	70.00	0.437
86.718	0.05	Adapter 3839Hz	12	3.839	70.00	0.437
86.978	0.05	Adapter 3839Hz	12	3.839	70.00	0.437
87.058	0.05	Adapter 3839Hz	12	3.839	70.00	0.437
87.138	0.05	Adapter 3839Hz	12	3.839	70.00	0.437
87.218	0.05	Adapter 3839Hz	12	3.839	70.00	0.437
87.478	0.05	Adapter 3839Hz	12	3.839	70.00	0.437
87.558	0.05	Adapter 3839Hz	12	3.839	70.00	0.437
87.638	0.05	Adapter 3839Hz	12	3.839	70.00	0.437
87.718	0.05	Adapter 3839Hz	12	3.839	70.00	0.437
87.978	0.05	Adapter 3839Hz	12	3.839	70.00	0.437
88.058	0.05	Adapter 3839Hz	12	3.839	70.00	0.437
88.138	0.05	Adapter 3839Hz	12	3.839	70.00	0.437
88.218	0.05	Adapter 3839Hz	12	3.839	70.00	0.437
88.478	0.05	Adapter 3839Hz	12	3.839	70.00	0.437
88.558	0.05	Adapter 3839Hz	12	3.839	70.00	0.437
88.638	0.05	Adapter 3839Hz	12	3.839	70.00	0.437
88.718	0.05	Adapter 3839Hz	12	3.839	70.00	0.437
88.978	0.05	Adapter 3839Hz	12	3.839	70.00	0.437
89.058	0.05	Adapter 3839Hz	12	3.839	70.00	0.437
89.138	0.05	Adapter 3839Hz	12	3.839	70.00	0.437
89.218	0.05	Adapter 3839Hz	12	3.839	70.00	0.437
89.478	0.05	Adapter 3839Hz	12	3.839	70.00	0.437
89.558	0.05	Adapter 3839Hz	12	3.839	70.00	0.437
89.638	0.05	Adapter 3839Hz	12	3.839	70.00	0.437
89.718	0.05	Adapter 3839Hz	12	3.839	70.00	0.437
92.528	0.05	Adapter 2423Hz Probe 3839Hz	13	2.423	70.00	0.285
92.608	0.05	Adapter 2423Hz Probe 3839Hz	13	2.423	70.00	0.285
92.688	0.05	Adapter 2423Hz Probe 3839Hz	13	2.423	70.00	0.285
92.768	0.05	Adapter 2423Hz Probe 3839Hz	13	2.423	70.00	0.285
92.848	0.05	Adapter 2423Hz Probe 3839Hz	13	3.839	70.00	0.437
93.028	0.05	Adapter 2423Hz Probe 3839Hz	13	2.423	70.00	0.285
93.108	0.05	Adapter 2423Hz Probe 3839Hz	13	2.423	70.00	0.285
93.188	0.05	Adapter 2423Hz Probe 3839Hz	13	2.423	70.00	0.285
93.268	0.05	Adapter 2423Hz Probe 3839Hz	13	2.423	70.00	0.285
93.348	0.05	Adapter 2423Hz Probe 3839Hz	13	3.839	70.00	0.437
93.528	0.05	Adapter 2423Hz Probe 3839Hz	13	2.423	70.00	0.285
93.608	0.05	Adapter 2423Hz Probe 3839Hz	13	2.423	70.00	0.285
93.688	0.05	Adapter 2423Hz Probe 3839Hz	13	2.423	70.00	0.285
93.768	0.05	Adapter 2423Hz Probe 3839Hz	13	2.423	70.00	0.285
93.848	0.05	Adapter 2423Hz Probe 3839Hz	13	3.839	70.00	0.437
94.028	0.05	Adapter 2423Hz Probe 3839Hz	13	2.423	70.00	0.285
94.108	0.05	Adapter 2423Hz Probe 3839Hz	13	2.423	70.00	0.285
94.188	0.05	Adapter 2423Hz Probe 3839Hz	13	2.423	70.00	0.285
94.268	0.05	Adapter 2423Hz Probe 3839Hz	13	2.423	70.00	0.285
94.348	0.05	Adapter 2423Hz Probe 3839Hz	13	3.839	70.00	0.437
94.528	0.05	Adapter 2423Hz Probe 3839Hz	13	2.423	70.00	0.285
94.608	0.05	Adapter 2423Hz Probe 3839Hz	13	2.423	70.00	0.285
94.688	0.05	Adapter 2423Hz Probe 3839Hz	13	2.423	70.00	0.285
94.768	0.05	Adapter 2423Hz Probe 3839Hz	13	2.423	70.00	0.285
94.848	0.05	Adapter 2423Hz Probe 3839Hz	13	3.839	70.00	0.437
95.028	0.05	Adapter 2423Hz Probe 3839Hz	13	2.423	70.00	0.285
95.108	0.05	Adapter 2423Hz Probe 3839Hz	13	2.423	70.00	0.285
95.188	0.05	Adapter 2423Hz Probe 3839Hz	13	2.423	70.00	0.285
95.268	0.05	Adapter 2423Hz Probe 3839Hz	13	2.423	70.00	0.285
95.348	0.05	Adapter 2423Hz Probe 3839Hz	13	3.839	70.00	0.437
95.528	0.05	Adapter 2423Hz Probe 3839Hz	13	2.423	70.00	0.285
95.608	0.05	Adapter 2423Hz Probe 3839Hz	13	2.423	70.00	0.285
95.688	0.05	Adapter 2423Hz Probe 3839Hz	13	2.423	70.00	0.285
95.768	0.05	Adapter 2423Hz Probe 3839Hz	13	2.423	70.00	0.285
95.848	0.05	Adapter 2423Hz Probe 3839Hz	13	3.839	70.00	0.437
96.028	0.05	Adapter 2423Hz Probe 3839Hz	13	2.423	70.00	0.285
96.108	0.05	Adapter 2423Hz Probe 3839Hz	13	2.423	70.00	0.285
96.188	0.05	Adapter 2423Hz Probe 3839Hz	13	2.423	70.00	0.285
96.268	0.05	Adapter 2423Hz Probe 3839Hz	13	2.423	70.00	0.285
96.348	0.05	Adapter 2423Hz Probe 3839Hz	13	3.839	70.00	0.437
96.528	0.05	Adapter 2423Hz Probe 3839Hz	13	2.423	70.00	0.285
96.608	0.05	Adapter 2423Hz Probe 3839Hz	13	2.423	70.00	0.285
96.688	0.05	Adapter 2423Hz Probe 3839Hz	13	2.423	70.00	0.285
96.768	0.05	Adapter 2423Hz Probe 3839Hz	13	2.423	70.00	0.285
96.848	0.05	Adapter 2423Hz Probe 3839Hz	13	3.839	70.00	0.437
97.028	0.05	Adapter 2423Hz Probe 3839Hz	13	2.423	70.00	0.285
97.108	0.05	Adapter 2423Hz Probe 3839Hz	13	2.423	70.00	0.285
97.188	0.05	Adapter 2423Hz Probe 3839Hz	13	2.423	70.00	0.285
97.268	0.05	Adapter 2423Hz Probe 3839Hz	13	2.423	70.00	0.285
97.348	0.05	Adapter 2423Hz Probe 3839Hz	13	3.839	70.00	0.437
100.016	0.05	Adapter 1501Hz	14	1.501	70.00	0.186
100.096	0.05	Adapter 1501Hz	14	1.501	70.00	0.186
100.176	0.05	Adapter 1501Hz	14	1.501	70.00	0.186
100.256	0.05	Adapter 1501Hz	14	1.501	70.00	0.186
100.516	0.05	Adapter 1501Hz	14	1.501	70.00	0.186
100.596	0.05	Adapter 1501Hz	14	1.501	70.00	0.186
100.676	0.05	Adapter 1501Hz	14	1.501	70.00	0.186
100.756	0.05	Adapter 1501Hz	14	1.501	70.00	0.186
101.016	0.05	Adapter 1501Hz	14	1.501	70.00	0.186
101.096	0.05	Adapter 1501Hz	14	1.501	70.00	0.186
101.176	0.05	Adapter 1501Hz	14	1.501	70.00	0.186
101.256	0.05	Adapter 1501Hz	14	1.501	70.00	0.186
101.516	0.05	Adapter 1501Hz	14	1.501	70.00	0.186
101.596	0.05	Adapter 1501Hz	14	1.501	70.00	0.186
101.676	0.05	Adapter 1501Hz	14	1.501	70.00	0.186
101.756	0.05	Adapter 1501Hz	14	1.501	70.00	0.186
102.016	0.05	Adapter 1501Hz	14	1.501	70.00	0.186
102.096	0.05	Adapter 1501Hz	14	1.501	70.00	0.186
102.176	0.05	Adapter 1501Hz	14	1.501	70.00	0.186
102.256	0.05	Adapter 1501Hz	14	1.501	70.00	0.186
102.516	0.05	Adapter 1501Hz	14	1.501	70.00	0.186
102.596	0.05	Adapter 1501Hz	14	1.501	70.00	0.186
102.676	0.05	Adapter 1501Hz	14	1.501	70.00	0.186
102.756	0.05	Adapter 1501Hz	14	1.501	70.00	0.186
103.016	0.05	Adapter 1501Hz	14	1.501	70.00	0.186
103.096	0.05	Adapter 1501Hz	14	1.501	70.00	0.186
103.176	0.05	Adapter 1501Hz	14	1.501	70.00	0.186
103.256	0.05	Adapter 1501Hz	14	1.501	70.00	0.186
103.516	0.05	Adapter 1501Hz	14	1.501	70.00	0.186
103.596	0.05	Adapter 1501Hz	14	1.501	70.00	0.186
103.676	0.05	Adapter 1501Hz	14	1.501	70.00	0.186
103.756	0.05	Adapter 1501Hz	14	1.501	70.00	0.186
104.016	0.05	Adapter 1501Hz	14	1.501	70.00	0.186
104.096	0.05	Adapter 1501Hz	14	1.501	70.00	0.186
104.176	0.05	Adapter 1501Hz	14	1.501	70.00	0.186
104.256	0.05	Adapter 1501Hz	14	1.501	70.00	0.186
104.516	0.05	Adapter 1501Hz	14	1.501	70.00	0.186
104.596	0.05	Adapter 1501Hz	14	1.501	70.00	0.186
104.676	0.05	Adapter 1501Hz	14	1.501	70.00	0.186
104.756	0.05	Adapter 1501Hz	14	1.501	70.00	0.186
107.504	0.05	Adapter 3839Hz Probe 3839Hz	15	3.839	70.00	0.437
107.584	0.05	Adapter 3839Hz Probe 3839Hz	15	3.839	70.00	0.437
107.664	0.05	Adapter 3839Hz Probe 3839Hz	15	3.839	70.00	0.437
107.744	0.05	Adapter 3839Hz Probe 3839Hz	15	3.839	70.00	0.437
107.824	0.05	Adapter 3839Hz Probe 3839Hz	15	3.839	70.00	0.437
108.004	0.05	Adapter 3839Hz Probe 3839Hz	15	3.839	70.00	0.437
108.084	0.05	Adapter 3839Hz Probe 3839Hz	15	3.839	70.00	0.437
108.164	0.05	Adapter 3839Hz Probe 3839Hz	15	3.839	70.00	0.437
108.244	0.05	Adapter 3839Hz Probe 3839Hz	15	3.839	70.00	0.437
108.324	0.05	Adapter 3839Hz Probe 3839Hz	15	3.839	70.00	0.437
108.504	0.05	Adapter 3839Hz Probe 3839Hz	15	3.839	70.00	0.437
108.584	0.05	Adapter 3839Hz Probe 3839Hz	15	3.839	70.00	0.437
108.664	0.05	Adapter 3839Hz Probe 3839Hz	15	3.839	70.00	0.437
108.744	0.05	Adapter 3839Hz Probe 3839Hz	15	3.839	70.00	0.437
108.824	0.05	Adapter 3839Hz Probe 3839Hz	15	3.839	70.00	0.437
109.004	0.05	Adapter 3839Hz Probe 3839Hz	15	3.839	70.00	0.437
109.084	0.05	Adapter 3839Hz Probe 3839Hz	15	3.839	70.00	0.437
109.164	0.05	Adapter 3839Hz Probe 3839Hz	15	3.839	70.00	0.437
109.244	0.05	Adapter 3839Hz Probe 3839Hz	15	3.839	70.00	0.437
109.324	0.05	Adapter 3839Hz Probe 3839Hz	15	3.839	70.00	0.437
109.504	0.05	Adapter 3839Hz Probe 3839Hz	15	3.839	70.00	0.437
109.584	0.05	Adapter 3839Hz Probe 3839Hz	15	3.839	70.00	0.437
109.664	0.05	Adapter 3839Hz Probe 3839Hz	15	3.839	70.00	0.437
109.744	0.05	Adapter 3839Hz Probe 3839Hz	15	3.839	70.00	0.437
109.824	0.05	Adapter 3839Hz Probe 3839Hz	15	3.839	70.00	0.437
110.004	0.05	Adapter 3839Hz Probe 3839Hz	15	3.839	70.00	0.437
110.084	0.05	Adapter 3839Hz Probe 3839Hz	15	3.839	70.00	0.437
110.164	0.05	Adapter 3839Hz Probe 3839Hz	15	3.839	70.00	0.437
110.244	0.05	Adapter 3839Hz Probe 3839Hz	15	3.839	70.00	0.437
110.324	0.05	Adapter 3839Hz Probe 3839Hz	15	3.839	70.00	0.437
110.504	0.05	Adapter 3839Hz Probe 3839Hz	15	3.839	70.00	0.437
110.584	0.05	Adapter 3839Hz Probe 3839Hz	15	3.839	70.00	0.437
110.664	0.05	Adapter 3839Hz Probe 3839Hz	15	3.839	70.00	0.437
110.744	0.05	Adapter 3839Hz Probe 3839Hz	15	3.839	70.00	0.437
110.824	0.05	Adapter 3839Hz Probe 3839Hz	15	3.839	70.00	0.437
111.004	0.05	Adapter 3839Hz Probe 3839Hz	15	3.839	70.00	0.437
111.084	0.05	Adapter 3839Hz Probe 3839Hz	15	3.839	70.00	0.437
111.164	0.05	Adapter 3839Hz Probe 3839Hz	15	3.839	70.00	0.437
111.244	0.05	Adapter 3839Hz Probe 3839Hz	15	3.839	70.00	0.437
111.324	0.05	Adapter 3839Hz Probe 3839Hz	15	3.839	70.00	0.437
111.504	0.05	Adapter 3839Hz Probe 3839Hz	15	3.839	70.00	0.437
111.584	0.05	Adapter 3839Hz Probe 3839Hz	15	3.839	70.00	0.437
111.664	0.05	Adapter 3839Hz Probe 3839Hz	15	3.839	70.00	0.437
111.744	0.05	Adapter 3839Hz Probe 3839Hz	15	3.839	70.00	0.437
111.824	0.05	Adapter 3839Hz Probe 3839Hz	15	3.839	70.00	0.437
112.004	0.05	Adapter 3839Hz Probe 3839Hz	15	3.839	70.00	0.437
112.084	0.05	Adapter 3839Hz Probe 3839Hz	15	3.839	70.00	0.437
112.164	0.05	Adapter 3839Hz Probe 3839Hz	15	3.839	70.00	0.437
112.244	0.05	Adapter 3839Hz Probe 3839Hz	15	3.839	70.00	0.437
112.324	0.05	Adapter 3839Hz Probe 3839Hz	15	3.839	70.00	0.437
115.343	0.05	Probe 3839Hz	16	3.839	70.00	0.437
115.843	0.05	Probe 3839Hz	16	3.839	70.00	0.437
116.343	0.05	Probe 3839Hz	16	3.839	70.00	0.437
116.843	0.05	Probe 3839Hz	16	3.839	70.00	0.437
117.343	0.05	Probe 3839Hz	16	3.839	70.00	0.437
117.843	0.05	Probe 3839Hz	16	3.839	70.00	0.437
118.343	0.05	Probe 3839Hz	16	3.839	70.00	0.437
118.843	0.05	Probe 3839Hz	16	3.839	70.00	0.437
119.343	0.05	Probe 3839Hz	16	3.839	70.00	0.437
119.843	0.05	Probe 3839Hz	16	3.839	70.00	0.437
130.015	0.05	Adapter 899Hz	18	0.899	70.00	0.121
130.095	0.05	Adapter 899Hz	18	0.899	70.00	0.121
130.175	0.05	Adapter 899Hz	18	0.899	70.00	0.121
130.255	0.05	Adapter 899Hz	18	0.899	70.00	0.121
130.515	0.05	Adapter 899Hz	18	0.899	70.00	0.121
130.595	0.05	Adapter 899Hz	18	0.899	70.00	0.121
130.675	0.05	Adapter 899Hz	18	0.899	70.00	0.121
130.755	0.05	Adapter 899Hz	18	0.899	70.00	0.121
131.015	0.05	Adapter 899Hz	18	0.899	70.00	0.121
131.095	0.05	Adapter 899Hz	18	0.899	70.00	0.121
131.175	0.05	Adapter 899Hz	18	0.899	70.00	0.121
131.255	0.05	Adapter 899Hz	18	0.899	70.00	0.121
131.515	0.05	Adapter 899Hz	18	0.899	70.00	0.121
131.595	0.05	Adapter 899Hz	18	0.899	70.00	0.121
131.675	0.05	Adapter 899Hz	18	0.899	70.00	0.121
131.755	0.05	Adapter 899Hz	18	0.899	70.00	0.121
132.015	0.05	Adapter 899Hz	18	0.899	70.00	0.121
132.095	0.05	Adapter 899Hz	18	0.899	70.00	0.121
132.175	0.05	Adapter 899Hz	18	0.899	70.00	0.121
132.255	0.05	Adapter 899Hz	18	0.899	70.00	0.121
132.515	0.05	Adapter 899Hz	18	0.899	70.00	0.121
132.595	0.05	Adapter 899Hz	18	0.899	70.00	0.121
132.675	0.05	Adapter 899Hz	18	0.899	70.00	0.121
132.755	0.05	Adapter 899Hz	18	0.899	70.00	0.121
133.015	0.05	Adapter 899Hz	18	0.899	70.00	0.121
133.095	0.05	Adapter 899Hz	18	0.899	70.00	0.121
133.175	0.05	Adapter 899Hz	18	0.899	70.00	0.121
133.255	0.05	Adapter 899Hz	18	0.899	70.00	0.121
133.515	0.05	Adapter 899Hz	18	0.899	70.00	0.121
133.595	0.05	Adapter 899Hz	18	0.899	70.00	0.121
133.675	0.05	Adapter 899Hz	18	0.899	70.00	0.121
133.755	0.05	Adapter 899Hz	18	0.899	70.00	0.121
134.015	0.05	Adapter 899Hz	18	0.899	70.00	0.121
134.095	0.05	Adapter 899Hz	18	0.899	70.00	0.121
134.175	0.05	Adapter 899Hz	18	0.899	70.00	0.121
134.255	0.05	Adapter 899Hz	18	0.899	70.00	0.121
134.515	0.05	Adapter 899Hz	18	0.899	70.00	0.121
134.595	0.05	Adapter 899Hz	18	0.899	70.00	0.121
134.675	0.05	Adapter 899Hz	18	0.899	70.00	0.121
134.755	0.05	Adapter 899Hz	18	0.899	70.00	0.121
137.487	0.05	Adapter 3839Hz	19	3.839	70.00	0.437
137.567	0.05	Adapter 3839Hz	19	3.839	70.00	0.437
137.647	0.05	Adapter 3839Hz	19	3.839	70.00	0.437
137.727	0.05	Adapter 3839Hz	19	3.839	70.00	0.437
137.987	0.05	Adapter 3839Hz	19	3.839	70.00	0.437
138.067	0.05	Adapter 3839Hz	19	3.839	70.00	0.437
138.147	0.05	Adapter 3839Hz	19	3.839	70.00	0.437
138.227	0.05	Adapter 3839Hz	19	3.839	70.00	0.437
138.487	0.05	Adapter 3839Hz	19	3.839	70.00	0.437
138.567	0.05	Adapter 3839Hz	19	3.839	70.00	0.437
138.647	0.05	Adapter 3839Hz	19	3.839	70.00	0.437
138.727	0.05	Adapter 3839Hz	19	3.839	70.00	0.437
138.987	0.05	Adapter 3839Hz	19	3.839	70.00	0.437
139.067	0.05	Adapter 3839Hz	19	3.839	70.00	0.437
139.147	0.05	Adapter 3839Hz	19	3.839	70.00	0.437
139.227	0.05	Adapter 3839Hz	19	3.839	70.00	0.437
139.487	0.05	Adapter 3839Hz	19	3.839	70.00	0.437
139.567	0.05	Adapter 3839Hz	19	3.839	70.00	0.437
139.647	0.05	Adapter 3839Hz	19	3.839	70.00	0.437
139.727	0.05	Adapter 3839Hz	19	3.839	70.00	0.437
139.987	0.05	Adapter 3839Hz	19	3.839	70.00	0.437
140.067	0.05	Adapter 3839Hz	19	3.839	70.00	0.437
140.147	0.05	Adapter 3839Hz	19	3.839	70.00	0.437
140.227	0.05	Adapter 3839Hz	19	3.839	70.00	0.437
140.487	0.05	Adapter 3839Hz	19	3.839	70.00	0.437
140.567	0.05	Adapter 3839Hz	19	3.839	70.00	0.437
140.647	0.05	Adapter 3839Hz	19	3.839	70.00	0.437
140.727	0.05	Adapter 3839Hz	19	3.839	70.00	0.437
140.987	0.05	Adapter 3839Hz	19	3.839	70.00	0.437
141.067	0.05	Adapter 3839Hz	19	3.839	70.00	0.437
141.147	0.05	Adapter 3839Hz	19	3.839	70.00	0.437
141.227	0.05	Adapter 3839Hz	19	3.839	70.00	0.437
141.487	0.05	Adapter 3839Hz	19	3.839	70.00	0.437
141.567	0.05	Adapter 3839Hz	19	3.839	70.00	0.437
141.647	0.05	Adapter 3839Hz	19	3.839	70.00	0.437
141.727	0.05	Adapter 3839Hz	19	3.839	70.00	0.437
141.987	0.05	Adapter 3839Hz	19	3.839	70.00	0.437
142.067	0.05	Adapter 3839Hz	19	3.839	70.00	0.437
142.147	0.05	Adapter 3839Hz	19	3.839	70.00	0.437
142.227	0.05	Adapter 3839Hz	19	3.839	70.00	0.437
145.038	0.05	Adapter 507Hz Probe 3839Hz	20	0.507	70.00	0.079
145.118	0.05	Adapter 507Hz Probe 3839Hz	20	0.507	70.00	0.079
145.198	0.05	Adapter 507Hz Probe 3839Hz	20	0.507	70.00	0.079
145.278	0.05	Adapter 507Hz Probe 3839Hz	20	0.507	70.00	0.079
145.358	0.05	Adapter 507Hz Probe 3839Hz	20	3.839	70.00	0.437
145.538	0.05	Adapter 507Hz Probe 3839Hz	20	0.507	70.00	0.079
145.618	0.05	Adapter 507Hz Probe 3839Hz	20	0.507	70.00	0.079
145.698	0.05	Adapter 507Hz Probe 3839Hz	20	0.507	70.00	0.079
145.778	0.05	Adapter 507Hz Probe 3839Hz	20	0.507	70.00	0.079
145.858	0.05	Adapter 507Hz Probe 3839Hz	20	3.839	70.00	0.437
146.038	0.05	Adapter 507Hz Probe 3839Hz	20	0.507	70.00	0.079
146.118	0.05	Adapter 507Hz Probe 3839Hz	20	0.507	70.00	0.079
146.198	0.05	Adapter 507Hz Probe 3839Hz	20	0.507	70.00	0.079
146.278	0.05	Adapter 507Hz Probe 3839Hz	20	0.507	70.00	0.079
146.358	0.05	Adapter 507Hz Probe 3839Hz	20	3.839	70.00	0.437
146.538	0.05	Adapter 507Hz Probe 3839Hz	20	0.507	70.00	0.079
146.618	0.05	Adapter 507Hz Probe 3839Hz	20	0.507	70.00	0.079
146.698	0.05	Adapter 507Hz Probe 3839Hz	20	0.507	70.00	0.079
146.778	0.05	Adapter 507Hz Probe 3839Hz	20	0.507	70.00	0.079
146.858	0.05	Adapter 507Hz Probe 3839Hz	20	3.839	70.00	0.437
147.038	0.05	Adapter 507Hz Probe 3839Hz	20	0.507	70.00	0.079
147.118	0.05	Adapter 507Hz Probe 3839Hz	20	0.507	70.00	0.079
147.198	0.05	Adapter 507Hz Probe 3839Hz	20	0.507	70.00	0.079
147.278	0.05	Adapter 507Hz Probe 3839Hz	20	0.507	70.00	0.079
147.358	0.05	Adapter 507Hz Probe 3839Hz	20	3.839	70.00	0.437
147.538	0.05	Adapter 507Hz Probe 3839Hz	20	0.507	70.00	0.079
147.618	0.05	Adapter 507Hz Probe 3839Hz	20	0.507	70.00	0.079
147.698	0.05	Adapter 507Hz Probe 3839Hz	20	0.507	70.00	0.079
147.778	0.05	Adapter 507Hz Probe 3839Hz	20	0.507	70.00	0.079
147.858	0.05	Adapter 507Hz Probe 3839Hz	20	3.839	70.00	0.437
148.038	0.05	Adapter 507Hz Probe 3839Hz	20	0.507	70.00	0.079
148.118	0.05	Adapter 507Hz Probe 3839Hz	20	0.507	70.00	0.079
148.198	0.05	Adapter 507Hz Probe 3839Hz	20	0.507	70.00	0.079
148.278	0.05	Adapter 507Hz Probe 3839Hz	20	0.507	70.00	0.079
148.358	0.05	Adapter 507Hz Probe 3839Hz	20	3.839	70.00	0.437
148.538	0.05	Adapter 507Hz Probe 3839Hz	20	0.507	70.00	0.079
148.618	0.05	Adapter 507Hz Probe 3839Hz	20	0.507	70.00	0.079
148.698	0.05	Adapter 507Hz Probe 3839Hz	20	0.507	70.00	0.079
148.778	0.05	Adapter 507Hz Probe 3839Hz	20	0.507	70.00	0.079
148.858	0.05	Adapter 507Hz Probe 3839Hz	20	3.839	70.00	0.437
149.038	0.05	Adapter 507Hz Probe 3839Hz	20	0.507	70.00	0.079
149.118	0.05	Adapter 507Hz Probe 3839Hz	20	0.507	70.00	0.079
149.198	0.05	Adapter 507Hz Probe 3839Hz	20	0.507	70.00	0.079
149.278	0.05	Adapter 507Hz Probe 3839Hz	20	0.507	70.00	0.079
149.358	0.05	Adapter 507Hz Probe 3839Hz	20	3.839	70.00	0.437
149.538	0.05	Adapter 507Hz Probe 3839Hz	20	0.507	70.00	0.079
149.618	0.05	Adapter 507Hz Probe 3839Hz	20	0.507	70.00	0.079
149.698	0.05	Adapter 507Hz Probe 3839Hz	20	0.507	70.00	0.079
149.778	0.05	Adapter 507Hz Probe 3839Hz	20	0.507	70.00	0.079
149.858	0.05	Adapter 507Hz Probe 3839Hz	20	3.839	70.00	0.437
152.479	0.05	Adapter 899Hz Probe 3839Hz	21	0.899	70.00	0.121
152.559	0.05	Adapter 899Hz Probe 3839Hz	21	0.899	70.00	0.121
152.639	0.05	Adapter 899Hz Probe 3839Hz	21	0.899	70.00	0.121
152.719	0.05	Adapter 899Hz Probe 3839Hz	21	0.899	70.00	0.121
152.799	0.05	Adapter 899Hz Probe 3839Hz	21	3.839	70.00	0.437
152.979	0.05	Adapter 899Hz Probe 3839Hz	21	0.899	70.00	0.121
153.059	0.05	Adapter 899Hz Probe 3839Hz	21	0.899	70.00	0.121
153.139	0.05	Adapter 899Hz Probe 3839Hz	21	0.899	70.00	0.121
153.219	0.05	Adapter 899Hz Probe 3839Hz	21	0.899	70.00	0.121
153.299	0.05	Adapter 899Hz Probe 3839Hz	21	3.839	70.00	0.437
153.479	0.05	Adapter 899Hz Probe 3839Hz	21	0.899	70.00	0.121
153.559	0.05	Adapter 899Hz Probe 3839Hz	21	0.899	70.00	0.121
153.639	0.05	Adapter 899Hz Probe 3839Hz	21	0.899	70.00	0.121
153.719	0.05	Adapter 899Hz Probe 3839Hz	21	0.899	70.00	0.121
153.799	0.05	Adapter 899Hz Probe 3839Hz	21	3.839	70.00	0.437
153.979	0.05	Adapter 899Hz Probe 3839Hz	21	0.899	70.00	0.121
154.059	0.05	Adapter 899Hz Probe 3839Hz	21	0.899	70.00	0.121
154.139	0.05	Adapter 899Hz Probe 3839Hz	21	0.899	70.00	0.121
154.219	0.05	Adapter 899Hz Probe 3839Hz	21	0.899	70.00	0.121
154.299	0.05	Adapter 899Hz Probe 3839Hz	21	3.839	70.00	0.437
154.479	0.05	Adapter 899Hz Probe 3839Hz	21	0.899	70.00	0.121
154.559	0.05	Adapter 899Hz Probe 3839Hz	21	0.899	70.00	0.121
154.639	0.05	Adapter 899Hz Probe 3839Hz	21	0.899	70.00	0.121
154.719	0.05	Adapter 899Hz Probe 3839Hz	21	0.899	70.00	0.121
154.799	0.05	Adapter 899Hz Probe 3839Hz	21	3.839	70.00	0.437
154.979	0.05	Adapter 899Hz Probe 3839Hz	21	0.899	70.00	0.121
155.059	0.05	Adapter 899Hz Probe 3839Hz	21	0.899	70.00	0.121
155.139	0.05	Adapter 899Hz Probe 3839Hz	21	0.899	70.00	0.121
155.219	0.05	Adapter 899Hz Probe 3839Hz	21	0.899	70.00	0.121
155.299	0.05	Adapter 899Hz Probe 3839Hz	21	3.839	70.00	0.437
155.479	0.05	Adapter 899Hz Probe 3839Hz	21	0.899	70.00	0.121
155.559	0.05	Adapter 899Hz Probe 3839Hz	21	0.899	70.00	0.121
155.639	0.05	Adapter 899Hz Probe 3839Hz	21	0.899	70.00	0.121
155.719	0.05	Adapter 899Hz Probe 3839Hz	21	0.899	70.00	0.121
155.799	0.05	Adapter 899Hz Probe 3839Hz	21	3.839	70.00	0.437
155.979	0.05	Adapter 899Hz Probe 3839Hz	21	0.899	70.00	0.121
156.059	0.05	Adapter 899Hz Probe 3839Hz	21	0.899	70.00	0.121
156.139	0.05	Adapter 899Hz Probe 3839Hz	21	0.899	70.00	0.121
156.219	0.05	Adapter 899Hz Probe 3839Hz	21	0.899	70.00	0.121
156.299	0.05	Adapter 899Hz Probe 3839Hz	21	3.839	70.00	0.437
156.479	0.05	Adapter 899Hz Probe 3839Hz	21	0.899	70.00	0.121
156.559	0.05	Adapter 899Hz Probe 3839Hz	21	0.899	70.00	0.121
156.639	0.05	Adapter 899Hz Probe 3839Hz	21	0.899	70.00	0.121
156.719	0.05	Adapter 899Hz Probe 3839Hz	21	0.899	70.00	0.121
156.799	0.05	Adapter 899Hz Probe 3839Hz	21	3.839	70.00	0.437
156.979	0.05	Adapter 899Hz Probe 3839Hz	21	0.899	70.00	0.121
157.059	0.05	Adapter 899Hz Probe 3839Hz	21	0.899	70.00	0.121
157.139	0.05	Adapter 899Hz Probe 3839Hz	21	0.899	70.00	0.121
157.219	0.05	Adapter 899Hz Probe 3839Hz	21	0.899	70.00	0.121
157.299	0.05	Adapter 899Hz Probe 3839Hz	21	3.839	70.00	0.437
160.318	0.05	Probe 3839Hz	22	3.839	70.00	0.437
160.818	0.05	Probe 3839Hz	22	3.839	70.00	0.437
161.318	0.05	Probe 3839Hz	22	3.839	70.00	0.437
161.818	0.05	Probe 3839Hz	22	3.839	70.00	0.437
162.318	0.05	Probe 3839Hz	22	3.839	70.00	0.437
162.818	0.05	Probe 3839Hz	22	3.839	70.00	0.437
163.318	0.05	Probe 3839Hz	22	3.839	70.00	0.437
163.818	0.05	Probe 3839Hz	22	3.839	70.00	0.437
164.318	0.05	Probe 3839Hz	22	3.839	70.00	0.437
164.818	0.05	Probe 3839Hz	22	3.839	70.00	0.437
167.486	0.05	Adapter 1501Hz	23	1.501	70.00	0.186
167.566	0.05	Adapter 1501Hz	23	1.501	70.00	0.186
167.646	0.05	Adapter 1501Hz	23	1.501	70.00	0.186
167.726	0.05	Adapter 1501Hz	23	1.501	70.00	0.186
167.986	0.05	Adapter 1501Hz	23	1.501	70.00	0.186
168.066	0.05	Adapter 1501Hz	23	1.501	70.00	0.186
168.146	0.05	Adapter 1501Hz	23	1.501	70.00	0.186
168.226	0.05	Adapter 1501Hz	23	1.501	70.00	0.186
168.486	0.05	Adapter 1501Hz	23	1.501	70.00	0.186
168.566	0.05	Adapter 1501Hz	23	1.501	70.00	0.186
168.646	0.05	Adapter 1501Hz	23	1.501	70.00	0.186
168.726	0.05	Adapter 1501Hz	23	1.501	70.00	0.186
168.986	0.05	Adapter 1501Hz	23	1.501	70.00	0.186
169.066	0.05	Adapter 1501Hz	23	1.501	70.00	0.186
169.146	0.05	Adapter 1501Hz	23	1.501	70.00	0.186
169.226	0.05	Adapter 1501Hz	23	1.501	70.00	0.186
169.486	0.05	Adapter 1501Hz	23	1.501	70.00	0.186
169.566	0.05	Adapter 1501Hz	23	1.501	70.00	0.186
169.646	0.05	Adapter 1501Hz	23	1.501	70.00	0.186
169.726	0.05	Adapter 1501Hz	23	1.501	70.00	0.186
169.986	0.05	Adapter 1501Hz	23	1.501	70.00	0.186
170.066	0.05	Adapter 1501Hz	23	1.501	70.00	0.186
170.146	0.05	Adapter 1501Hz	23	1.501	70.00	0.186
170.226	0.05	Adapter 1501Hz	23	1.501	70.00	0.186
170.486	0.05	Adapter 1501Hz	23	1.501	70.00	0.186
170.566	0.05	Adapter 1501Hz	23	1.501	70.00	0.186
170.646	0.05	Adapter 1501Hz	23	1.501	70.00	0.186
170.726	0.05	Adapter 1501Hz	23	1.501	70.00	0.186
170.986	0.05	Adapter 1501Hz	23	1.501	70.00	0.186
171.066	0.05	Adapter 1501Hz	23	1.501	70.00	0.186
171.146	0.05	Adapter 1501Hz	23	1.501	70.00	0.186
171.226	0.05	Adapter 1501Hz	23	1.501	70.00	0.186
171.486	0.05	Adapter 1501Hz	23	1.501	70.00	0.186
171.566	0.05	Adapter 1501Hz	23	1.501	70.00	0.186
171.646	0.05	Adapter 1501Hz	23	1.501	70.00	0.186
171.726	0.05	Adapter 1501Hz	23	1.501	70.00	0.186
171.986	0.05	Adapter 1501Hz	23	1.501	70.00	0.186
172.066	0.05	Adapter 1501Hz	23	1.501	70.00	0.186
172.146	0.05	Adapter 1501Hz	23	1.501	70.00	0.186
172.226	0.05	Adapter 1501Hz	23	1.501	70.00	0.186
182.54	0.05	Adapter 251Hz	25	0.251	70.00	0.052
182.62	0.05	Adapter 251Hz	25	0.251	70.00	0.052
182.7	0.05	Adapter 251Hz	25	0.251	70.00	0.052
182.78	0.05	Adapter 251Hz	25	0.251	70.00	0.052
183.04	0.05	Adapter 251Hz	25	0.251	70.00	0.052
183.12	0.05	Adapter 251Hz	25	0.251	70.00	0.052
183.2	0.05	Adapter 251Hz	25	0.251	70.00	0.052
183.28	0.05	Adapter 251Hz	25	0.251	70.00	0.052
183.54	0.05	Adapter 251Hz	25	0.251	70.00	0.052
183.62	0.05	Adapter 251Hz	25	0.251	70.00	0.052
183.7	0.05	Adapter 251Hz	25	0.251	70.00	0.052
183.78	0.05	Adapter 251Hz	25	0.251	70.00	0.052
184.04	0.05	Adapter 251Hz	25	0.251	70.00	0.052
184.12	0.05	Adapter 251Hz	25	0.251	70.00	0.052
184.2	0.05	Adapter 251Hz	25	0.251	70.00	0.052
184.28	0.05	Adapter 251Hz	25	0.251	70.00	0.052
184.54	0.05	Adapter 251Hz	25	0.251	70.00	0.052
184.62	0.05	Adapter 251Hz	25	0.251	70.00	0.052
184.7	0.05	Adapter 251Hz	25	0.251	70.00	0.052
184.78	0.05	Adapter 251Hz	25	0.251	70.00	0.052
185.04	0.05	Adapter 251Hz	25	0.251	70.00	0.052
185.12	0.05	Adapter 251Hz	25	0.251	70.00	0.052
185.2	0.05	Adapter 251Hz	25	0.251	70.00	0.052
185.28	0.05	Adapter 251Hz	25	0.251	70.00	0.052
185.54	0.05	Adapter 251Hz	25	0.251	70.00	0.052
185.62	0.05	Adapter 251Hz	25	0.251	70.00	0.052
185.7	0.05	Adapter 251Hz	25	0.251	70.00	0.052
185.78	0.05	Adapter 251Hz	25	0.251	70.00	0.052
186.04	0.05	Adapter 251Hz	25	0.251	70.00	0.052
186.12	0.05	Adapter 251Hz	25	0.251	70.00	0.052
186.2	0.05	Adapter 251Hz	25	0.251	70.00	0.052
186.28	0.05	Adapter 251Hz	25	0.251	70.00	0.052
186.54	0.05	Adapter 251Hz	25	0.251	70.00	0.052
186.62	0.05	Adapter 251Hz	25	0.251	70.00	0.052
186.7	0.05	Adapter 251Hz	25	0.251	70.00	0.052
186.78	0.05	Adapter 251Hz	25	0.251	70.00	0.052
187.04	0.05	Adapter 251Hz	25	0.251	70.00	0.052
187.12	0.05	Adapter 251Hz	25	0.251	70.00	0.052
187.2	0.05	Adapter 251Hz	25	0.251	70.00	0.052
187.28	0.05	Adapter 251Hz	25	0.251	70.00	0.052
190.013	0.05	Adapter 6009Hz	26	6.009	70.00	0.671
190.093	0.05	Adapter 6009Hz	26	6.009	70.00	0.671
190.173	0.05	Adapter 6009Hz	26	6.009	70.00	0.671
190.253	0.05	Adapter 6009Hz	26	6.009	70.00	0.671
190.513	0.05	Adapter 6009Hz	26	6.009	70.00	0.671
190.593	0.05	Adapter 6009Hz	26	6.009	70.00	0.671
190.673	0.05	Adapter 6009Hz	26	6.009	70.00	0.671
190.753	0.05	Adapter 6009Hz	26	6.009	70.00	0.671
191.013	0.05	Adapter 6009Hz	26	6.009	70.00	0.671
191.093	0.05	Adapter 6009Hz	26	6.009	70.00	0.671
191.173	0.05	Adapter 6009Hz	26	6.009	70.00	0.671
191.253	0.05	Adapter 6009Hz	26	6.009	70.00	0.671
191.513	0.05	Adapter 6009Hz	26	6.009	70.00	0.671
191.593	0.05	Adapter 6009Hz	26	6.009	70.00	0.671
191.673	0.05	Adapter 6009Hz	26	6.009	70.00	0.671
191.753	0.05	Adapter 6009Hz	26	6.009	70.00	0.671
192.013	0.05	Adapter 6009Hz	26	6.009	70.00	0.671
192.093	0.05	Adapter 6009Hz	26	6.009	70.00	0.671
192.173	0.05	Adapter 6009Hz	26	6.009	70.00	0.671
192.253	0.05	Adapter 6009Hz	26	6.009	70.00	0.671
192.513	0.05	Adapter 6009Hz	26	6.009	70.00	0.671
192.593	0.05	Adapter 6009Hz	26	6.009	70.00	0.671
192.673	0.05	Adapter 6009Hz	26	6.009	70.00	0.671
192.753	0.05	Adapter 6009Hz	26	6.009	70.00	0.671
193.013	0.05	Adapter 6009Hz	26	6.009	70.00	0.671
193.093	0.05	Adapter 6009Hz	26	6.009	70.00	0.671
193.173	0.05	Adapter 6009Hz	26	6.009	70.00	0.671
193.253	0.05	Adapter 6009Hz	26	6.009	70.00	0.671
193.513	0.05	Adapter 6009Hz	26	6.009	70.00	0.671
193.593	0.05	Adapter 6009Hz	26	6.009	70.00	0.671
193.673	0.05	Adapter 6009Hz	26	6.009	70.00	0.671
193.753	0.05	Adapter 6009Hz	26	6.009	70.00	0.671
194.013	0.05	Adapter 6009Hz	26	6.009	70.00	0.671
194.093	0.05	Adapter 6009Hz	26	6.009	70.00	0.671
194.173	0.05	Adapter 6009Hz	26	6.009	70.00	0.671
194.253	0.05	Adapter 6009Hz	26	6.009	70.00	0.671
194.513	0.05	Adapter 6009Hz	26	6.009	70.00	0.671
194.593	0.05	Adapter 6009Hz	26	6.009	70.00	0.671
194.673	0.05	Adapter 6009Hz	26	6.009	70.00	0.671
194.753	0.05	Adapter 6009Hz	26	6.009	70.00	0.671
197.501	0.05	Adapter 3839Hz Probe 3839Hz	27	3.839	70.00	0.437
197.581	0.05	Adapter 3839Hz Probe 3839Hz	27	3.839	70.00	0.437
197.661	0.05	Adapter 3839Hz Probe 3839Hz	27	3.839	70.00	0.437
197.741	0.05	Adapter 3839Hz Probe 3839Hz	27	3.839	70.00	0.437
197.821	0.05	Adapter 3839Hz Probe 3839Hz	27	3.839	70.00	0.437
198.001	0.05	Adapter 3839Hz Probe 3839Hz	27	3.839	70.00	0.437
198.081	0.05	Adapter 3839Hz Probe 3839Hz	27	3.839	70.00	0.437
198.161	0.05	Adapter 3839Hz Probe 3839Hz	27	3.839	70.00	0.437
198.241	0.05	Adapter 3839Hz Probe 3839Hz	27	3.839	70.00	0.437
198.321	0.05	Adapter 3839Hz Probe 3839Hz	27	3.839	70.00	0.437
198.501	0.05	Adapter 3839Hz Probe 3839Hz	27	3.839	70.00	0.437
198.581	0.05	Adapter 3839Hz Probe 3839Hz	27	3.839	70.00	0.437
198.661	0.05	Adapter 3839Hz Probe 3839Hz	27	3.839	70.00	0.437
198.741	0.05	Adapter 3839Hz Probe 3839Hz	27	3.839	70.00	0.437
198.821	0.05	Adapter 3839Hz Probe 3839Hz	27	3.839	70.00	0.437
199.001	0.05	Adapter 3839Hz Probe 3839Hz	27	3.839	70.00	0.437
199.081	0.05	Adapter 3839Hz Probe 3839Hz	27	3.839	70.00	0.437
199.161	0.05	Adapter 3839Hz Probe 3839Hz	27	3.839	70.00	0.437
199.241	0.05	Adapter 3839Hz Probe 3839Hz	27	3.839	70.00	0.437
199.321	0.05	Adapter 3839Hz Probe 3839Hz	27	3.839	70.00	0.437
199.501	0.05	Adapter 3839Hz Probe 3839Hz	27	3.839	70.00	0.437
199.581	0.05	Adapter 3839Hz Probe 3839Hz	27	3.839	70.00	0.437
199.661	0.05	Adapter 3839Hz Probe 3839Hz	27	3.839	70.00	0.437
199.741	0.05	Adapter 3839Hz Probe 3839Hz	27	3.839	70.00	0.437
199.821	0.05	Adapter 3839Hz Probe 3839Hz	27	3.839	70.00	0.437
200.001	0.05	Adapter 3839Hz Probe 3839Hz	27	3.839	70.00	0.437
200.081	0.05	Adapter 3839Hz Probe 3839Hz	27	3.839	70.00	0.437
200.161	0.05	Adapter 3839Hz Probe 3839Hz	27	3.839	70.00	0.437
200.241	0.05	Adapter 3839Hz Probe 3839Hz	27	3.839	70.00	0.437
200.321	0.05	Adapter 3839Hz Probe 3839Hz	27	3.839	70.00	0.437
200.501	0.05	Adapter 3839Hz Probe 3839Hz	27	3.839	70.00	0.437
200.581	0.05	Adapter 3839Hz Probe 3839Hz	27	3.839	70.00	0.437
200.661	0.05	Adapter 3839Hz Probe 3839Hz	27	3.839	70.00	0.437
200.741	0.05	Adapter 3839Hz Probe 3839Hz	27	3.839	70.00	0.437
200.821	0.05	Adapter 3839Hz Probe 3839Hz	27	3.839	70.00	0.437
201.001	0.05	Adapter 3839Hz Probe 3839Hz	27	3.839	70.00	0.437
201.081	0.05	Adapter 3839Hz Probe 3839Hz	27	3.839	70.00	0.437
201.161	0.05	Adapter 3839Hz Probe 3839Hz	27	3.839	70.00	0.437
201.241	0.05	Adapter 3839Hz Probe 3839Hz	27	3.839	70.00	0.437
201.321	0.05	Adapter 3839Hz Probe 3839Hz	27	3.839	70.00	0.437
201.501	0.05	Adapter 3839Hz Probe 3839Hz	27	3.839	70.00	0.437
201.581	0.05	Adapter 3839Hz Probe 3839Hz	27	3.839	70.00	0.437
201.661	0.05	Adapter 3839Hz Probe 3839Hz	27	3.839	70.00	0.437
201.741	0.05	Adapter 3839Hz Probe 3839Hz	27	3.839	70.00	0.437
201.821	0.05	Adapter 3839Hz Probe 3839Hz	27	3.839	70.00	0.437
202.001	0.05	Adapter 3839Hz Probe 3839Hz	27	3.839	70.00	0.437
202.081	0.05	Adapter 3839Hz Probe 3839Hz	27	3.839	70.00	0.437
202.161	0.05	Adapter 3839Hz Probe 3839Hz	27	3.839	70.00	0.437
202.241	0.05	Adapter 3839Hz Probe 3839Hz	27	3.839	70.00	0.437
202.321	0.05	Adapter 3839Hz Probe 3839Hz	27	3.839	70.00	0.437
204.989	0.05	Adapter 2423Hz Probe 3839Hz	28	2.423	70.00	0.285
205.069	0.05	Adapter 2423Hz Probe 3839Hz	28	2.423	70.00	0.285
205.149	0.05	Adapter 2423Hz Probe 3839Hz	28	2.423	70.00	0.285
205.229	0.05	Adapter 2423Hz Probe 3839Hz	28	2.423	70.00	0.285
205.309	0.05	Adapter 2423Hz Probe 3839Hz	28	3.839	70.00	0.437
205.489	0.05	Adapter 2423Hz Probe 3839Hz	28	2.423	70.00	0.285
205.569	0.05	Adapter 2423Hz Probe 3839Hz	28	2.423	70.00	0.285
205.649	0.05	Adapter 2423Hz Probe 3839Hz	28	2.423	70.00	0.285
205.729	0.05	Adapter 2423Hz Probe 3839Hz	28	2.423	70.00	0.285
205.809	0.05	Adapter 2423Hz Probe 3839Hz	28	3.839	70.00	0.437
205.989	0.05	Adapter 2423Hz Probe 3839Hz	28	2.423	70.00	0.285
206.069	0.05	Adapter 2423Hz Probe 3839Hz	28	2.423	70.00	0.285
206.149	0.05	Adapter 2423Hz Probe 3839Hz	28	2.423	70.00	0.285
206.229	0.05	Adapter 2423Hz Probe 3839Hz	28	2.423	70.00	0.285
206.309	0.05	Adapter 2423Hz Probe 3839Hz	28	3.839	70.00	0.437
206.489	0.05	Adapter 2423Hz Probe 3839Hz	28	2.423	70.00	0.285
206.569	0.05	Adapter 2423Hz Probe 3839Hz	28	2.423	70.00	0.285
206.649	0.05	Adapter 2423Hz Probe 3839Hz	28	2.423	70.00	0.285
206.729	0.05	Adapter 2423Hz Probe 3839Hz	28	2.423	70.00	0.285
206.809	0.05	Adapter 2423Hz Probe 3839Hz	28	3.839	70.00	0.437
206.989	0.05	Adapter 2423Hz Probe 3839Hz	28	2.423	70.00	0.285
207.069	0.05	Adapter 2423Hz Probe 3839Hz	28	2.423	70.00	0.285
207.149	0.05	Adapter 2423Hz Probe 3839Hz	28	2.423	70.00	0.285
207.229	0.05	Adapter 2423Hz Probe 3839Hz	28	2.423	70.00	0.285
207.309	0.05	Adapter 2423Hz Probe 3839Hz	28	3.839	70.00	0.437
207.489	0.05	Adapter 2423Hz Probe 3839Hz	28	2.423	70.00	0.285
207.569	0.05	Adapter 2423Hz Probe 3839Hz	28	2.423	70.00	0.285
207.649	0.05	Adapter 2423Hz Probe 3839Hz	28	2.423	70.00	0.285
207.729	0.05	Adapter 2423Hz Probe 3839Hz	28	2.423	70.00	0.285
207.809	0.05	Adapter 2423Hz Probe 3839Hz	28	3.839	70.00	0.437
207.989	0.05	Adapter 2423Hz Probe 3839Hz	28	2.423	70.00	0.285
208.069	0.05	Adapter 2423Hz Probe 3839Hz	28	2.423	70.00	0.285
208.149	0.05	Adapter 2423Hz Probe 3839Hz	28	2.423	70.00	0.285
208.229	0.05	Adapter 2423Hz Probe 3839Hz	28	2.423	70.00	0.285
208.309	0.05	Adapter 2423Hz Probe 3839Hz	28	3.839	70.00	0.437
208.489	0.05	Adapter 2423Hz Probe 3839Hz	28	2.423	70.00	0.285
208.569	0.05	Adapter 2423Hz Probe 3839Hz	28	2.423	70.00	0.285
208.649	0.05	Adapter 2423Hz Probe 3839Hz	28	2.423	70.00	0.285
208.729	0.05	Adapter 2423Hz Probe 3839Hz	28	2.423	70.00	0.285
208.809	0.05	Adapter 2423Hz Probe 3839Hz	28	3.839	70.00	0.437
208.989	0.05	Adapter 2423Hz Probe 3839Hz	28	2.423	70.00	0.285
209.069	0.05	Adapter 2423Hz Probe 3839Hz	28	2.423	70.00	0.285
209.149	0.05	Adapter 2423Hz Probe 3839Hz	28	2.423	70.00	0.285
209.229	0.05	Adapter 2423Hz Probe 3839Hz	28	2.423	70.00	0.285
209.309	0.05	Adapter 2423Hz Probe 3839Hz	28	3.839	70.00	0.437
209.489	0.05	Adapter 2423Hz Probe 3839Hz	28	2.423	70.00	0.285
209.569	0.05	Adapter 2423Hz Probe 3839Hz	28	2.423	70.00	0.285
209.649	0.05	Adapter 2423Hz Probe 3839Hz	28	2.423	70.00	0.285
209.729	0.05	Adapter 2423Hz Probe 3839Hz	28	2.423	70.00	0.285
209.809	0.05	Adapter 2423Hz Probe 3839Hz	28	3.839	70.00	0.437
212.539	0.05	Adapter 2423Hz	29	2.423	70.00	0.285
212.619	0.05	Adapter 2423Hz	29	2.423	70.00	0.285
212.699	0.05	Adapter 2423Hz	29	2.423	70.00	0.285
212.779	0.05	Adapter 2423Hz	29	2.423	70.00	0.285
213.039	0.05	Adapter 2423Hz	29	2.423	70.00	0.285
213.119	0.05	Adapter 2423Hz	29	2.423	70.00	0.285
213.199	0.05	Adapter 2423Hz	29	2.423	70.00	0.285
213.279	0.05	Adapter 2423Hz	29	2.423	70.00	0.285
213.539	0.05	Adapter 2423Hz	29	2.423	70.00	0.285
213.619	0.05	Adapter 2423Hz	29	2.423	70.00	0.285
213.699	0.05	Adapter 2423Hz	29	2.423	70.00	0.285
213.779	0.05	Adapter 2423Hz	29	2.423	70.00	0.285
214.039	0.05	Adapter 2423Hz	29	2.423	70.00	0.285
214.119	0.05	Adapter 2423Hz	29	2.423	70.00	0.285
214.199	0.05	Adapter 2423Hz	29	2.423	70.00	0.285
214.279	0.05	Adapter 2423Hz	29	2.423	70.00	0.285
214.539	0.05	Adapter 2423Hz	29	2.423	70.00	0.285
214.619	0.05	Adapter 2423Hz	29	2.423	70.00	0.285
214.699	0.05	Adapter 2423Hz	29	2.423	70.00	0.285
214.779	0.05	Adapter 2423Hz	29	2.423	70.00	0.285
215.039	0.05	Adapter 2423Hz	29	2.423	70.00	0.285
215.119	0.05	Adapter 2423Hz	29	2.423	70.00	0.285
215.199	0.05	Adapter 2423Hz	29	2.423	70.00	0.285
215.279	0.05	Adapter 2423Hz	29	2.423	70.00	0.285
215.539	0.05	Adapter 2423Hz	29	2.423	70.00	0.285
215.619	0.05	Adapter 2423Hz	29	2.423	70.00	0.285
215.699	0.05	Adapter 2423Hz	29	2.423	70.00	0.285
215.779	0.05	Adapter 2423Hz	29	2.423	70.00	0.285
216.039	0.05	Adapter 2423Hz	29	2.423	70.00	0.285
216.119	0.05	Adapter 2423Hz	29	2.423	70.00	0.285
216.199	0.05	Adapter 2423Hz	29	2.423	70.00	0.285
216.279	0.05	Adapter 2423Hz	29	2.423	70.00	0.285
216.539	0.05	Adapter 2423Hz	29	2.423	70.00	0.285
216.619	0.05	Adapter 2423Hz	29	2.423	70.00	0.285
216.699	0.05	Adapter 2423Hz	29	2.423	70.00	0.285
216.779	0.05	Adapter 2423Hz	29	2.423	70.00	0.285
217.039	0.05	Adapter 2423Hz	29	2.423	70.00	0.285
217.119	0.05	Adapter 2423Hz	29	2.423	70.00	0.285
217.199	0.05	Adapter 2423Hz	29	2.423	70.00	0.285
217.279	0.05	Adapter 2423Hz	29	2.423	70.00	0.285
220.011	0.05	Adapter 507Hz	30	0.507	70.00	0.079
220.091	0.05	Adapter 507Hz	30	0.507	70.00	0.079
220.171	0.05	Adapter 507Hz	30	0.507	70.00	0.079
220.251	0.05	Adapter 507Hz	30	0.507	70.00	0.079
220.511	0.05	Adapter 507Hz	30	0.507	70.00	0.079
220.591	0.05	Adapter 507Hz	30	0.507	70.00	0.079
220.671	0.05	Adapter 507Hz	30	0.507	70.00	0.079
220.751	0.05	Adapter 507Hz	30	0.507	70.00	0.079
221.011	0.05	Adapter 507Hz	30	0.507	70.00	0.079
221.091	0.05	Adapter 507Hz	30	0.507	70.00	0.079
221.171	0.05	Adapter 507Hz	30	0.507	70.00	0.079
221.251	0.05	Adapter 507Hz	30	0.507	70.00	0.079
221.511	0.05	Adapter 507Hz	30	0.507	70.00	0.079
221.591	0.05	Adapter 507Hz	30	0.507	70.00	0.079
221.671	0.05	Adapter 507Hz	30	0.507	70.00	0.079
221.751	0.05	Adapter 507Hz	30	0.507	70.00	0.079
222.011	0.05	Adapter 507Hz	30	0.507	70.00	0.079
222.091	0.05	Adapter 507Hz	30	0.507	70.00	0.079
222.171	0.05	Adapter 507Hz	30	0.507	70.00	0.079
222.251	0.05	Adapter 507Hz	30	0.507	70.00	0.079
222.511	0.05	Adapter 507Hz	30	0.507	70.00	0.079
222.591	0.05	Adapter 507Hz	30	0.507	70.00	0.079
222.671	0.05	Adapter 507Hz	30	0.507	70.00	0.079
222.751	0.05	Adapter 507Hz	30	0.507	70.00	0.079
223.011	0.05	Adapter 507Hz	30	0.507	70.00	0.079
223.091	0.05	Adapter 507Hz	30	0.507	70.00	0.079
223.171	0.05	Adapter 507Hz	30	0.507	70.00	0.079
223.251	0.05	Adapter 507Hz	30	0.507	70.00	0.079
223.511	0.05	Adapter 507Hz	30	0.507	70.00	0.079
223.591	0.05	Adapter 507Hz	30	0.507	70.00	0.079
223.671	0.05	Adapter 507Hz	30	0.507	70.00	0.079
223.751	0.05	Adapter 507Hz	30	0.507	70.00	0.079
224.011	0.05	Adapter 507Hz	30	0.507	70.00	0.079
224.091	0.05	Adapter 507Hz	30	0.507	70.00	0.079
224.171	0.05	Adapter 507Hz	30	0.507	70.00	0.079
224.251	0.05	Adapter 507Hz	30	0.507	70.00	0.079
224.511	0.05	Adapter 507Hz	30	0.507	70.00	0.079
224.591	0.05	Adapter 507Hz	30	0.507	70.00	0.079
224.671	0.05	Adapter 507Hz	30	0.507	70.00	0.079
224.751	0.05	Adapter 507Hz	30	0.507	70.00	0.079
227.499	0.05	Adapter 1501Hz Probe 3839Hz	31	1.501	70.00	0.186
227.579	0.05	Adapter 1501Hz Probe 3839Hz	31	1.501	70.00	0.186
227.659	0.05	Adapter 1501Hz Probe 3839Hz	31	1.501	70.00	0.186
227.739	0.05	Adapter 1501Hz Probe 3839Hz	31	1.501	70.00	0.186
227.819	0.05	Adapter 1501Hz Probe 3839Hz	31	3.839	70.00	0.437
227.999	0.05	Adapter 1501Hz Probe 3839Hz	31	1.501	70.00	0.186
228.079	0.05	Adapter 1501Hz Probe 3839Hz	31	1.501	70.00	0.186
228.159	0.05	Adapter 1501Hz Probe 3839Hz	31	1.501	70.00	0.186
228.239	0.05	Adapter 1501Hz Probe 3839Hz	31	1.501	70.00	0.186
228.319	0.05	Adapter 1501Hz Probe 3839Hz	31	3.839	70.00	0.437
228.499	0.05	Adapter 1501Hz Probe 3839Hz	31	1.501	70.00	0.186
228.579	0.05	Adapter 1501Hz Probe 3839Hz	31	1.501	70.00	0.186
228.659	0.05	Adapter 1501Hz Probe 3839Hz	31	1.501	70.00	0.186
228.739	0.05	Adapter 1501Hz Probe 3839Hz	31	1.501	70.00	0.186
228.819	0.05	Adapter 1501Hz Probe 3839Hz	31	3.839	70.00	0.437
228.999	0.05	Adapter 1501Hz Probe 3839Hz	31	1.501	70.00	0.186
229.079	0.05	Adapter 1501Hz Probe 3839Hz	31	1.501	70.00	0.186
229.159	0.05	Adapter 1501Hz Probe 3839Hz	31	1.501	70.00	0.186
229.239	0.05	Adapter 1501Hz Probe 3839Hz	31	1.501	70.00	0.186
229.319	0.05	Adapter 1501Hz Probe 3839Hz	31	3.839	70.00	0.437
229.499	0.05	Adapter 1501Hz Probe 3839Hz	31	1.501	70.00	0.186
229.579	0.05	Adapter 1501Hz Probe 3839Hz	31	1.501	70.00	0.186
229.659	0.05	Adapter 1501Hz Probe 3839Hz	31	1.501	70.00	0.186
229.739	0.05	Adapter 1501Hz Probe 3839Hz	31	1.501	70.00	0.186
229.819	0.05	Adapter 1501Hz Probe 3839Hz	31	3.839	70.00	0.437
229.999	0.05	Adapter 1501Hz Probe 3839Hz	31	1.501	70.00	0.186
230.079	0.05	Adapter 1501Hz Probe 3839Hz	31	1.501	70.00	0.186
230.159	0.05	Adapter 1501Hz Probe 3839Hz	31	1.501	70.00	0.186
230.239	0.05	Adapter 1501Hz Probe 3839Hz	31	1.501	70.00	0.186
230.319	0.05	Adapter 1501Hz Probe 3839Hz	31	3.839	70.00	0.437
230.499	0.05	Adapter 1501Hz Probe 3839Hz	31	1.501	70.00	0.186
230.579	0.05	Adapter 1501Hz Probe 3839Hz	31	1.501	70.00	0.186
230.659	0.05	Adapter 1501Hz Probe 3839Hz	31	1.501	70.00	0.186
230.739	0.05	Adapter 1501Hz Probe 3839Hz	31	1.501	70.00	0.186
230.819	0.05	Adapter 1501Hz Probe 3839Hz	31	3.839	70.00	0.437
230.999	0.05	Adapter 1501Hz Probe 3839Hz	31	1.501	70.00	0.186
231.079	0.05	Adapter 1501Hz Probe 3839Hz	31	1.501	70.00	0.186
231.159	0.05	Adapter 1501Hz Probe 3839Hz	31	1.501	70.00	0.186
231.239	0.05	Adapter 1501Hz Probe 3839Hz	31	1.501	70.00	0.186
231.319	0.05	Adapter 1501Hz Probe 3839Hz	31	3.839	70.00	0.437
231.499	0.05	Adapter 1501Hz Probe 3839Hz	31	1.501	70.00	0.186
231.579	0.05	Adapter 1501Hz Probe 3839Hz	31	1.501	70.00	0.186
231.659	0.05	Adapter 1501Hz Probe 3839Hz	31	1.501	70.00	0.186
231.739	0.05	Adapter 1501Hz Probe 3839Hz	31	1.501	70.00	0.186
231.819	0.05	Adapter 1501Hz Probe 3839Hz	31	3.839	70.00	0.437
231.999	0.05	Adapter 1501Hz Probe 3839Hz	31	1.501	70.00	0.186
232.079	0.05	Adapter 1501Hz Probe 3839Hz	31	1.501	70.00	0.186
232.159	0.05	Adapter 1501Hz Probe 3839Hz	31	1.501	70.00	0.186
232.239	0.05	Adapter 1501Hz Probe 3839Hz	31	1.501	70.00	0.186
232.319	0.05	Adapter 1501Hz Probe 3839Hz	31	3.839	70.00	0.437
242.491	0.05	Adapter 1501Hz	33	1.501	70.00	0.186
242.571	0.05	Adapter 1501Hz	33	1.501	70.00	0.186
242.651	0.05	Adapter 1501Hz	33	1.501	70.00	0.186
242.731	0.05	Adapter 1501Hz	33	1.501	70.00	0.186
242.991	0.05	Adapter 1501Hz	33	1.501	70.00	0.186
243.071	0.05	Adapter 1501Hz	33	1.501	70.00	0.186
243.151	0.05	Adapter 1501Hz	33	1.501	70.00	0.186
243.231	0.05	Adapter 1501Hz	33	1.501	70.00	0.186
243.491	0.05	Adapter 1501Hz	33	1.501	70.00	0.186
243.571	0.05	Adapter 1501Hz	33	1.501	70.00	0.186
243.651	0.05	Adapter 1501Hz	33	1.501	70.00	0.186
243.731	0.05	Adapter 1501Hz	33	1.501	70.00	0.186
243.991	0.05	Adapter 1501Hz	33	1.501	70.00	0.186
244.071	0.05	Adapter 1501Hz	33	1.501	70.00	0.186
244.151	0.05	Adapter 1501Hz	33	1.501	70.00	0.186
244.231	0.05	Adapter 1501Hz	33	1.501	70.00	0.186
244.491	0.05	Adapter 1501Hz	33	1.501	70.00	0.186
244.571	0.05	Adapter 1501Hz	33	1.501	70.00	0.186
244.651	0.05	Adapter 1501Hz	33	1.501	70.00	0.186
244.731	0.05	Adapter 1501Hz	33	1.501	70.00	0.186
244.991	0.05	Adapter 1501Hz	33	1.501	70.00	0.186
245.071	0.05	Adapter 1501Hz	33	1.501	70.00	0.186
245.151	0.05	Adapter 1501Hz	33	1.501	70.00	0.186
245.231	0.05	Adapter 1501Hz	33	1.501	70.00	0.186
245.491	0.05	Adapter 1501Hz	33	1.501	70.00	0.186
245.571	0.05	Adapter 1501Hz	33	1.501	70.00	0.186
245.651	0.05	Adapter 1501Hz	33	1.501	70.00	0.186
245.731	0.05	Adapter 1501Hz	33	1.501	70.00	0.186
245.991	0.05	Adapter 1501Hz	33	1.501	70.00	0.186
246.071	0.05	Adapter 1501Hz	33	1.501	70.00	0.186
246.151	0.05	Adapter 1501Hz	33	1.501	70.00	0.186
246.231	0.05	Adapter 1501Hz	33	1.501	70.00	0.186
246.491	0.05	Adapter 1501Hz	33	1.501	70.00	0.186
246.571	0.05	Adapter 1501Hz	33	1.501	70.00	0.186
246.651	0.05	Adapter 1501Hz	33	1.501	70.00	0.186
246.731	0.05	Adapter 1501Hz	33	1.501	70.00	0.186
246.991	0.05	Adapter 1501Hz	33	1.501	70.00	0.186
247.071	0.05	Adapter 1501Hz	33	1.501	70.00	0.186
247.151	0.05	Adapter 1501Hz	33	1.501	70.00	0.186
247.231	0.05	Adapter 1501Hz	33	1.501	70.00	0.186
249.995	0.05	Adapter 3839Hz	34	3.839	70.00	0.437
250.075	0.05	Adapter 3839Hz	34	3.839	70.00	0.437
250.155	0.05	Adapter 3839Hz	34	3.839	70.00	0.437
250.235	0.05	Adapter 3839Hz	34	3.839	70.00	0.437
250.495	0.05	Adapter 3839Hz	34	3.839	70.00	0.437
250.575	0.05	Adapter 3839Hz	34	3.839	70.00	0.437
250.655	0.05	Adapter 3839Hz	34	3.839	70.00	0.437
250.735	0.05	Adapter 3839Hz	34	3.839	70.00	0.437
250.995	0.05	Adapter 3839Hz	34	3.839	70.00	0.437
251.075	0.05	Adapter 3839Hz	34	3.839	70.00	0.437
251.155	0.05	Adapter 3839Hz	34	3.839	70.00	0.437
251.235	0.05	Adapter 3839Hz	34	3.839	70.00	0.437
251.495	0.05	Adapter 3839Hz	34	3.839	70.00	0.437
251.575	0.05	Adapter 3839Hz	34	3.839	70.00	0.437
251.655	0.05	Adapter 3839Hz	34	3.839	70.00	0.437
251.735	0.05	Adapter 3839Hz	34	3.839	70.00	0.437
251.995	0.05	Adapter 3839Hz	34	3.839	70.00	0.437
252.075	0.05	Adapter 3839Hz	34	3.839	70.00	0.437
252.155	0.05	Adapter 3839Hz	34	3.839	70.00	0.437
252.235	0.05	Adapter 3839Hz	34	3.839	70.00	0.437
252.495	0.05	Adapter 3839Hz	34	3.839	70.00	0.437
252.575	0.05	Adapter 3839Hz	34	3.839	70.00	0.437
252.655	0.05	Adapter 3839Hz	34	3.839	70.00	0.437
252.735	0.05	Adapter 3839Hz	34	3.839	70.00	0.437
252.995	0.05	Adapter 3839Hz	34	3.839	70.00	0.437
253.075	0.05	Adapter 3839Hz	34	3.839	70.00	0.437
253.155	0.05	Adapter 3839Hz	34	3.839	70.00	0.437
253.235	0.05	Adapter 3839Hz	34	3.839	70.00	0.437
253.495	0.05	Adapter 3839Hz	34	3.839	70.00	0.437
253.575	0.05	Adapter 3839Hz	34	3.839	70.00	0.437
253.655	0.05	Adapter 3839Hz	34	3.839	70.00	0.437
253.735	0.05	Adapter 3839Hz	34	3.839	70.00	0.437
253.995	0.05	Adapter 3839Hz	34	3.839	70.00	0.437
254.075	0.05	Adapter 3839Hz	34	3.839	70.00	0.437
254.155	0.05	Adapter 3839Hz	34	3.839	70.00	0.437
254.235	0.05	Adapter 3839Hz	34	3.839	70.00	0.437
254.495	0.05	Adapter 3839Hz	34	3.839	70.00	0.437
254.575	0.05	Adapter 3839Hz	34	3.839	70.00	0.437
254.655	0.05	Adapter 3839Hz	34	3.839	70.00	0.437
254.735	0.05	Adapter 3839Hz	34	3.839	70.00	0.437
257.483	0.05	Adapter 507Hz	35	0.507	70.00	0.079
257.563	0.05	Adapter 507Hz	35	0.507	70.00	0.079
257.643	0.05	Adapter 507Hz	35	0.507	70.00	0.079
257.723	0.05	Adapter 507Hz	35	0.507	70.00	0.079
257.983	0.05	Adapter 507Hz	35	0.507	70.00	0.079
258.063	0.05	Adapter 507Hz	35	0.507	70.00	0.079
258.143	0.05	Adapter 507Hz	35	0.507	70.00	0.079
258.223	0.05	Adapter 507Hz	35	0.507	70.00	0.079
258.483	0.05	Adapter 507Hz	35	0.507	70.00	0.079
258.563	0.05	Adapter 507Hz	35	0.507	70.00	0.079
258.643	0.05	Adapter 507Hz	35	0.507	70.00	0.079
258.723	0.05	Adapter 507Hz	35	0.507	70.00	0.079
258.983	0.05	Adapter 507Hz	35	0.507	70.00	0.079
259.063	0.05	Adapter 507Hz	35	0.507	70.00	0.079
259.143	0.05	Adapter 507Hz	35	0.507	70.00	0.079
259.223	0.05	Adapter 507Hz	35	0.507	70.00	0.079
259.483	0.05	Adapter 507Hz	35	0.507	70.00	0.079
259.563	0.05	Adapter 507Hz	35	0.507	70.00	0.079
259.643	0.05	Adapter 507Hz	35	0.507	70.00	0.079
259.723	0.05	Adapter 507Hz	35	0.507	70.00	0.079
259.983	0.05	Adapter 507Hz	35	0.507	70.00	0.079
260.063	0.05	Adapter 507Hz	35	0.507	70.00	0.079
260.143	0.05	Adapter 507Hz	35	0.507	70.00	0.079
260.223	0.05	Adapter 507Hz	35	0.507	70.00	0.079
260.483	0.05	Adapter 507Hz	35	0.507	70.00	0.079
260.563	0.05	Adapter 507Hz	35	0.507	70.00	0.079
260.643	0.05	Adapter 507Hz	35	0.507	70.00	0.079
260.723	0.05	Adapter 507Hz	35	0.507	70.00	0.079
260.983	0.05	Adapter 507Hz	35	0.507	70.00	0.079
261.063	0.05	Adapter 507Hz	35	0.507	70.00	0.079
261.143	0.05	Adapter 507Hz	35	0.507	70.00	0.079
261.223	0.05	Adapter 507Hz	35	0.507	70.00	0.079
261.483	0.05	Adapter 507Hz	35	0.507	70.00	0.079
261.563	0.05	Adapter 507Hz	35	0.507	70.00	0.079
261.643	0.05	Adapter 507Hz	35	0.507	70.00	0.079
261.723	0.05	Adapter 507Hz	35	0.507	70.00	0.079
261.983	0.05	Adapter 507Hz	35	0.507	70.00	0.079
262.063	0.05	Adapter 507Hz	35	0.507	70.00	0.079
262.143	0.05	Adapter 507Hz	35	0.507	70.00	0.079
262.223	0.05	Adapter 507Hz	35	0.507	70.00	0.079
265.033	0.05	Adapter 899Hz Probe 3839Hz	36	0.899	70.00	0.121
265.113	0.05	Adapter 899Hz Probe 3839Hz	36	0.899	70.00	0.121
265.193	0.05	Adapter 899Hz Probe 3839Hz	36	0.899	70.00	0.121
265.273	0.05	Adapter 899Hz Probe 3839Hz	36	0.899	70.00	0.121
265.353	0.05	Adapter 899Hz Probe 3839Hz	36	3.839	70.00	0.437
265.533	0.05	Adapter 899Hz Probe 3839Hz	36	0.899	70.00	0.121
265.613	0.05	Adapter 899Hz Probe 3839Hz	36	0.899	70.00	0.121
265.693	0.05	Adapter 899Hz Probe 3839Hz	36	0.899	70.00	0.121
265.773	0.05	Adapter 899Hz Probe 3839Hz	36	0.899	70.00	0.121
265.853	0.05	Adapter 899Hz Probe 3839Hz	36	3.839	70.00	0.437
266.033	0.05	Adapter 899Hz Probe 3839Hz	36	0.899	70.00	0.121
266.113	0.05	Adapter 899Hz Probe 3839Hz	36	0.899	70.00	0.121
266.193	0.05	Adapter 899Hz Probe 3839Hz	36	0.899	70.00	0.121
266.273	0.05	Adapter 899Hz Probe 3839Hz	36	0.899	70.00	0.121
266.353	0.05	Adapter 899Hz Probe 3839Hz	36	3.839	70.00	0.437
266.533	0.05	Adapter 899Hz Probe 3839Hz	36	0.899	70.00	0.121
266.613	0.05	Adapter 899Hz Probe 3839Hz	36	0.899	70.00	0.121
266.693	0.05	Adapter 899Hz Probe 3839Hz	36	0.899	70.00	0.121
266.773	0.05	Adapter 899Hz Probe 3839Hz	36	0.899	70.00	0.121
266.853	0.05	Adapter 899Hz Probe 3839Hz	36	3.839	70.00	0.437
267.033	0.05	Adapter 899Hz Probe 3839Hz	36	0.899	70.00	0.121
267.113	0.05	Adapter 899Hz Probe 3839Hz	36	0.899	70.00	0.121
267.193	0.05	Adapter 899Hz Probe 3839Hz	36	0.899	70.00	0.121
267.273	0.05	Adapter 899Hz Probe 3839Hz	36	0.899	70.00	0.121
267.353	0.05	Adapter 899Hz Probe 3839Hz	36	3.839	70.00	0.437
267.533	0.05	Adapter 899Hz Probe 3839Hz	36	0.899	70.00	0.121
267.613	0.05	Adapter 899Hz Probe 3839Hz	36	0.899	70.00	0.121
267.693	0.05	Adapter 899Hz Probe 3839Hz	36	0.899	70.00	0.121
267.773	0.05	Adapter 899Hz Probe 3839Hz	36	0.899	70.00	0.121
267.853	0.05	Adapter 899Hz Probe 3839Hz	36	3.839	70.00	0.437
268.033	0.05	Adapter 899Hz Probe 3839Hz	36	0.899	70.00	0.121
268.113	0.05	Adapter 899Hz Probe 3839Hz	36	0.899	70.00	0.121
268.193	0.05	Adapter 899Hz Probe 3839Hz	36	0.899	70.00	0.121
268.273	0.05	Adapter 899Hz Probe 3839Hz	36	0.899	70.00	0.121
268.353	0.05	Adapter 899Hz Probe 3839Hz	36	3.839	70.00	0.437
268.533	0.05	Adapter 899Hz Probe 3839Hz	36	0.899	70.00	0.121
268.613	0.05	Adapter 899Hz Probe 3839Hz	36	0.899	70.00	0.121
268.693	0.05	Adapter 899Hz Probe 3839Hz	36	0.899	70.00	0.121
268.773	0.05	Adapter 899Hz Probe 3839Hz	36	0.899	70.00	0.121
268.853	0.05	Adapter 899Hz Probe 3839Hz	36	3.839	70.00	0.437
269.033	0.05	Adapter 899Hz Probe 3839Hz	36	0.899	70.00	0.121
269.113	0.05	Adapter 899Hz Probe 3839Hz	36	0.899	70.00	0.121
269.193	0.05	Adapter 899Hz Probe 3839Hz	36	0.899	70.00	0.121
269.273	0.05	Adapter 899Hz Probe 3839Hz	36	0.899	70.00	0.121
269.353	0.05	Adapter 899Hz Probe 3839Hz	36	3.839	70.00	0.437
269.533	0.05	Adapter 899Hz Probe 3839Hz	36	0.899	70.00	0.121
269.613	0.05	Adapter 899Hz Probe 3839Hz	36	0.899	70.00	0.121
269.693	0.05	Adapter 899Hz Probe 3839Hz	36	0.899	70.00	0.121
269.773	0.05	Adapter 899Hz Probe 3839Hz	36	0.899	70.00	0.121
269.853	0.05	Adapter 899Hz Probe 3839Hz	36	3.839	70.00	0.437
272.506	0.05	Adapter 251Hz	37	0.251	70.00	0.052
272.586	0.05	Adapter 251Hz	37	0.251	70.00	0.052
272.666	0.05	Adapter 251Hz	37	0.251	70.00	0.052
272.746	0.05	Adapter 251Hz	37	0.251	70.00	0.052
273.006	0.05	Adapter 251Hz	37	0.251	70.00	0.052
273.086	0.05	Adapter 251Hz	37	0.251	70.00	0.052
273.166	0.05	Adapter 251Hz	37	0.251	70.00	0.052
273.246	0.05	Adapter 251Hz	37	0.251	70.00	0.052
273.506	0.05	Adapter 251Hz	37	0.251	70.00	0.052
273.586	0.05	Adapter 251Hz	37	0.251	70.00	0.052
273.666	0.05	Adapter 251Hz	37	0.251	70.00	0.052
273.746	0.05	Adapter 251Hz	37	0.251	70.00	0.052
274.006	0.05	Adapter 251Hz	37	0.251	70.00	0.052
274.086	0.05	Adapter 251Hz	37	0.251	70.00	0.052
274.166	0.05	Adapter 251Hz	37	0.251	70.00	0.052
274.246	0.05	Adapter 251Hz	37	0.251	70.00	0.052
274.506	0.05	Adapter 251Hz	37	0.251	70.00	0.052
274.586	0.05	Adapter 251Hz	37	0.251	70.00	0.052
274.666	0.05	Adapter 251Hz	37	0.251	70.00	0.052
274.746	0.05	Adapter 251Hz	37	0.251	70.00	0.052
275.006	0.05	Adapter 251Hz	37	0.251	70.00	0.052
275.086	0.05	Adapter 251Hz	37	0.251	70.00	0.052
275.166	0.05	Adapter 251Hz	37	0.251	70.00	0.052
275.246	0.05	Adapter 251Hz	37	0.251	70.00	0.052
275.506	0.05	Adapter 251Hz	37	0.251	70.00	0.052
275.586	0.05	Adapter 251Hz	37	0.251	70.00	0.052
275.666	0.05	Adapter 251Hz	37	0.251	70.00	0.052
275.746	0.05	Adapter 251Hz	37	0.251	70.00	0.052
276.006	0.05	Adapter 251Hz	37	0.251	70.00	0.052
276.086	0.05	Adapter 251Hz	37	0.251	70.00	0.052
276.166	0.05	Adapter 251Hz	37	0.251	70.00	0.052
276.246	0.05	Adapter 251Hz	37	0.251	70.00	0.052
276.506	0.05	Adapter 251Hz	37	0.251	70.00	0.052
276.586	0.05	Adapter 251Hz	37	0.251	70.00	0.052
276.666	0.05	Adapter 251Hz	37	0.251	70.00	0.052
276.746	0.05	Adapter 251Hz	37	0.251	70.00	0.052
277.006	0.05	Adapter 251Hz	37	0.251	70.00	0.052
277.086	0.05	Adapter 251Hz	37	0.251	70.00	0.052
277.166	0.05	Adapter 251Hz	37	0.251	70.00	0.052
277.246	0.05	Adapter 251Hz	37	0.251	70.00	0.052
280.04	0.05	Adapter 2423Hz	38	2.423	70.00	0.285
280.12	0.05	Adapter 2423Hz	38	2.423	70.00	0.285
280.2	0.05	Adapter 2423Hz	38	2.423	70.00	0.285
280.28	0.05	Adapter 2423Hz	38	2.423	70.00	0.285
280.54	0.05	Adapter 2423Hz	38	2.423	70.00	0.285
280.62	0.05	Adapter 2423Hz	38	2.423	70.00	0.285
280.7	0.05	Adapter 2423Hz	38	2.423	70.00	0.285
280.78	0.05	Adapter 2423Hz	38	2.423	70.00	0.285
281.04	0.05	Adapter 2423Hz	38	2.423	70.00	0.285
281.12	0.05	Adapter 2423Hz	38	2.423	70.00	0.285
281.2	0.05	Adapter 2423Hz	38	2.423	70.00	0.285
281.28	0.05	Adapter 2423Hz	38	2.423	70.00	0.285
281.54	0.05	Adapter 2423Hz	38	2.423	70.00	0.285
281.62	0.05	Adapter 2423Hz	38	2.423	70.00	0.285
281.7	0.05	Adapter 2423Hz	38	2.423	70.00	0.285
281.78	0.05	Adapter 2423Hz	38	2.423	70.00	0.285
282.04	0.05	Adapter 2423Hz	38	2.423	70.00	0.285
282.12	0.05	Adapter 2423Hz	38	2.423	70.00	0.285
282.2	0.05	Adapter 2423Hz	38	2.423	70.00	0.285
282.28	0.05	Adapter 2423Hz	38	2.423	70.00	0.285
282.54	0.05	Adapter 2423Hz	38	2.423	70.00	0.285
282.62	0.05	Adapter 2423Hz	38	2.423	70.00	0.285
282.7	0.05	Adapter 2423Hz	38	2.423	70.00	0.285
282.78	0.05	Adapter 2423Hz	38	2.423	70.00	0.285
283.04	0.05	Adapter 2423Hz	38	2.423	70.00	0.285
283.12	0.05	Adapter 2423Hz	38	2.423	70.00	0.285
283.2	0.05	Adapter 2423Hz	38	2.423	70.00	0.285
283.28	0.05	Adapter 2423Hz	38	2.423	70.00	0.285
283.54	0.05	Adapter 2423Hz	38	2.423	70.00	0.285
283.62	0.05	Adapter 2423Hz	38	2.423	70.00	0.285
283.7	0.05	Adapter 2423Hz	38	2.423	70.00	0.285
283.78	0.05	Adapter 2423Hz	38	2.423	70.00	0.285
284.04	0.05	Adapter 2423Hz	38	2.423	70.00	0.285
284.12	0.05	Adapter 2423Hz	38	2.423	70.00	0.285
284.2	0.05	Adapter 2423Hz	38	2.423	70.00	0.285
284.28	0.05	Adapter 2423Hz	38	2.423	70.00	0.285
284.54	0.05	Adapter 2423Hz	38	2.423	70.00	0.285
284.62	0.05	Adapter 2423Hz	38	2.423	70.00	0.285
284.7	0.05	Adapter 2423Hz	38	2.423	70.00	0.285
284.78	0.05	Adapter 2423Hz	38	2.423	70.00	0.285
287.513	0.05	Adapter 6009Hz	39	6.009	70.00	0.671
287.593	0.05	Adapter 6009Hz	39	6.009	70.00	0.671
287.673	0.05	Adapter 6009Hz	39	6.009	70.00	0.671
287.753	0.05	Adapter 6009Hz	39	6.009	70.00	0.671
288.013	0.05	Adapter 6009Hz	39	6.009	70.00	0.671
288.093	0.05	Adapter 6009Hz	39	6.009	70.00	0.671
288.173	0.05	Adapter 6009Hz	39	6.009	70.00	0.671
288.253	0.05	Adapter 6009Hz	39	6.009	70.00	0.671
288.513	0.05	Adapter 6009Hz	39	6.009	70.00	0.671
288.593	0.05	Adapter 6009Hz	39	6.009	70.00	0.671
288.673	0.05	Adapter 6009Hz	39	6.009	70.00	0.671
288.753	0.05	Adapter 6009Hz	39	6.009	70.00	0.671
289.013	0.05	Adapter 6009Hz	39	6.009	70.00	0.671
289.093	0.05	Adapter 6009Hz	39	6.009	70.00	0.671
289.173	0.05	Adapter 6009Hz	39	6.009	70.00	0.671
289.253	0.05	Adapter 6009Hz	39	6.009	70.00	0.671
289.513	0.05	Adapter 6009Hz	39	6.009	70.00	0.671
289.593	0.05	Adapter 6009Hz	39	6.009	70.00	0.671
289.673	0.05	Adapter 6009Hz	39	6.009	70.00	0.671
289.753	0.05	Adapter 6009Hz	39	6.009	70.00	0.671
290.013	0.05	Adapter 6009Hz	39	6.009	70.00	0.671
290.093	0.05	Adapter 6009Hz	39	6.009	70.00	0.671
290.173	0.05	Adapter 6009Hz	39	6.009	70.00	0.671
290.253	0.05	Adapter 6009Hz	39	6.009	70.00	0.671
290.513	0.05	Adapter 6009Hz	39	6.009	70.00	0.671
290.593	0.05	Adapter 6009Hz	39	6.009	70.00	0.671
290.673	0.05	Adapter 6009Hz	39	6.009	70.00	0.671
290.753	0.05	Adapter 6009Hz	39	6.009	70.00	0.671
291.013	0.05	Adapter 6009Hz	39	6.009	70.00	0.671
291.093	0.05	Adapter 6009Hz	39	6.009	70.00	0.671
291.173	0.05	Adapter 6009Hz	39	6.009	70.00	0.671
291.253	0.05	Adapter 6009Hz	39	6.009	70.00	0.671
291.513	0.05	Adapter 6009Hz	39	6.009	70.00	0.671
291.593	0.05	Adapter 6009Hz	39	6.009	70.00	0.671
291.673	0.05	Adapter 6009Hz	39	6.009	70.00	0.671
291.753	0.05	Adapter 6009Hz	39	6.009	70.00	0.671
292.013	0.05	Adapter 6009Hz	39	6.009	70.00	0.671
292.093	0.05	Adapter 6009Hz	39	6.009	70.00	0.671
292.173	0.05	Adapter 6009Hz	39	6.009	70.00	0.671
292.253	0.05	Adapter 6009Hz	39	6.009	70.00	0.671
295.352	0.05	Probe 3839Hz	40	3.839	70.00	0.437
295.852	0.05	Probe 3839Hz	40	3.839	70.00	0.437
296.352	0.05	Probe 3839Hz	40	3.839	70.00	0.437
296.852	0.05	Probe 3839Hz	40	3.839	70.00	0.437
297.352	0.05	Probe 3839Hz	40	3.839	70.00	0.437
297.852	0.05	Probe 3839Hz	40	3.839	70.00	0.437
298.352	0.05	Probe 3839Hz	40	3.839	70.00	0.437
298.852	0.05	Probe 3839Hz	40	3.839	70.00	0.437
299.352	0.05	Probe 3839Hz	40	3.839	70.00	0.437
299.852	0.05	Probe 3839Hz	40	3.839	70.00	0.437
310.024	0.05	Adapter 2423Hz Probe 3839Hz	42	2.423	70.00	0.285
310.104	0.05	Adapter 2423Hz Probe 3839Hz	42	2.423	70.00	0.285
310.184	0.05	Adapter 2423Hz Probe 3839Hz	42	2.423	70.00	0.285
310.264	0.05	Adapter 2423Hz Probe 3839Hz	42	2.423	70.00	0.285
310.344	0.05	Adapter 2423Hz Probe 3839Hz	42	3.839	70.00	0.437
310.524	0.05	Adapter 2423Hz Probe 3839Hz	42	2.423	70.00	0.285
310.604	0.05	Adapter 2423Hz Probe 3839Hz	42	2.423	70.00	0.285
310.684	0.05	Adapter 2423Hz Probe 3839Hz	42	2.423	70.00	0.285
310.764	0.05	Adapter 2423Hz Probe 3839Hz	42	2.423	70.00	0.285
310.844	0.05	Adapter 2423Hz Probe 3839Hz	42	3.839	70.00	0.437
311.024	0.05	Adapter 2423Hz Probe 3839Hz	42	2.423	70.00	0.285
311.104	0.05	Adapter 2423Hz Probe 3839Hz	42	2.423	70.00	0.285
311.184	0.05	Adapter 2423Hz Probe 3839Hz	42	2.423	70.00	0.285
311.264	0.05	Adapter 2423Hz Probe 3839Hz	42	2.423	70.00	0.285
311.344	0.05	Adapter 2423Hz Probe 3839Hz	42	3.839	70.00	0.437
311.524	0.05	Adapter 2423Hz Probe 3839Hz	42	2.423	70.00	0.285
311.604	0.05	Adapter 2423Hz Probe 3839Hz	42	2.423	70.00	0.285
311.684	0.05	Adapter 2423Hz Probe 3839Hz	42	2.423	70.00	0.285
311.764	0.05	Adapter 2423Hz Probe 3839Hz	42	2.423	70.00	0.285
311.844	0.05	Adapter 2423Hz Probe 3839Hz	42	3.839	70.00	0.437
312.024	0.05	Adapter 2423Hz Probe 3839Hz	42	2.423	70.00	0.285
312.104	0.05	Adapter 2423Hz Probe 3839Hz	42	2.423	70.00	0.285
312.184	0.05	Adapter 2423Hz Probe 3839Hz	42	2.423	70.00	0.285
312.264	0.05	Adapter 2423Hz Probe 3839Hz	42	2.423	70.00	0.285
312.344	0.05	Adapter 2423Hz Probe 3839Hz	42	3.839	70.00	0.437
312.524	0.05	Adapter 2423Hz Probe 3839Hz	42	2.423	70.00	0.285
312.604	0.05	Adapter 2423Hz Probe 3839Hz	42	2.423	70.00	0.285
312.684	0.05	Adapter 2423Hz Probe 3839Hz	42	2.423	70.00	0.285
312.764	0.05	Adapter 2423Hz Probe 3839Hz	42	2.423	70.00	0.285
312.844	0.05	Adapter 2423Hz Probe 3839Hz	42	3.839	70.00	0.437
313.024	0.05	Adapter 2423Hz Probe 3839Hz	42	2.423	70.00	0.285
313.104	0.05	Adapter 2423Hz Probe 3839Hz	42	2.423	70.00	0.285
313.184	0.05	Adapter 2423Hz Probe 3839Hz	42	2.423	70.00	0.285
313.264	0.05	Adapter 2423Hz Probe 3839Hz	42	2.423	70.00	0.285
313.344	0.05	Adapter 2423Hz Probe 3839Hz	42	3.839	70.00	0.437
313.524	0.05	Adapter 2423Hz Probe 3839Hz	42	2.423	70.00	0.285
313.604	0.05	Adapter 2423Hz Probe 3839Hz	42	2.423	70.00	0.285
313.684	0.05	Adapter 2423Hz Probe 3839Hz	42	2.423	70.00	0.285
313.764	0.05	Adapter 2423Hz Probe 3839Hz	42	2.423	70.00	0.285
313.844	0.05	Adapter 2423Hz Probe 3839Hz	42	3.839	70.00	0.437
314.024	0.05	Adapter 2423Hz Probe 3839Hz	42	2.423	70.00	0.285
314.104	0.05	Adapter 2423Hz Probe 3839Hz	42	2.423	70.00	0.285
314.184	0.05	Adapter 2423Hz Probe 3839Hz	42	2.423	70.00	0.285
314.264	0.05	Adapter 2423Hz Probe 3839Hz	42	2.423	70.00	0.285
314.344	0.05	Adapter 2423Hz Probe 3839Hz	42	3.839	70.00	0.437
314.524	0.05	Adapter 2423Hz Probe 3839Hz	42	2.423	70.00	0.285
314.604	0.05	Adapter 2423Hz Probe 3839Hz	42	2.423	70.00	0.285
314.684	0.05	Adapter 2423Hz Probe 3839Hz	42	2.423	70.00	0.285
314.764	0.05	Adapter 2423Hz Probe 3839Hz	42	2.423	70.00	0.285
314.844	0.05	Adapter 2423Hz Probe 3839Hz	42	3.839	70.00	0.437
317.512	0.05	Adapter 899Hz	43	0.899	70.00	0.121
317.592	0.05	Adapter 899Hz	43	0.899	70.00	0.121
317.672	0.05	Adapter 899Hz	43	0.899	70.00	0.121
317.752	0.05	Adapter 899Hz	43	0.899	70.00	0.121
318.012	0.05	Adapter 899Hz	43	0.899	70.00	0.121
318.092	0.05	Adapter 899Hz	43	0.899	70.00	0.121
318.172	0.05	Adapter 899Hz	43	0.899	70.00	0.121
318.252	0.05	Adapter 899Hz	43	0.899	70.00	0.121
318.512	0.05	Adapter 899Hz	43	0.899	70.00	0.121
318.592	0.05	Adapter 899Hz	43	0.899	70.00	0.121
318.672	0.05	Adapter 899Hz	43	0.899	70.00	0.121
318.752	0.05	Adapter 899Hz	43	0.899	70.00	0.121
319.012	0.05	Adapter 899Hz	43	0.899	70.00	0.121
319.092	0.05	Adapter 899Hz	43	0.899	70.00	0.121
319.172	0.05	Adapter 899Hz	43	0.899	70.00	0.121
319.252	0.05	Adapter 899Hz	43	0.899	70.00	0.121
319.512	0.05	Adapter 899Hz	43	0.899	70.00	0.121
319.592	0.05	Adapter 899Hz	43	0.899	70.00	0.121
319.672	0.05	Adapter 899Hz	43	0.899	70.00	0.121
319.752	0.05	Adapter 899Hz	43	0.899	70.00	0.121
320.012	0.05	Adapter 899Hz	43	0.899	70.00	0.121
320.092	0.05	Adapter 899Hz	43	0.899	70.00	0.121
320.172	0.05	Adapter 899Hz	43	0.899	70.00	0.121
320.252	0.05	Adapter 899Hz	43	0.899	70.00	0.121
320.512	0.05	Adapter 899Hz	43	0.899	70.00	0.121
320.592	0.05	Adapter 899Hz	43	0.899	70.00	0.121
320.672	0.05	Adapter 899Hz	43	0.899	70.00	0.121
320.752	0.05	Adapter 899Hz	43	0.899	70.00	0.121
321.012	0.05	Adapter 899Hz	43	0.899	70.00	0.121
321.092	0.05	Adapter 899Hz	43	0.899	70.00	0.121
321.172	0.05	Adapter 899Hz	43	0.899	70.00	0.121
321.252	0.05	Adapter 899Hz	43	0.899	70.00	0.121
321.512	0.05	Adapter 899Hz	43	0.899	70.00	0.121
321.592	0.05	Adapter 899Hz	43	0.899	70.00	0.121
321.672	0.05	Adapter 899Hz	43	0.899	70.00	0.121
321.752	0.05	Adapter 899Hz	43	0.899	70.00	0.121
322.012	0.05	Adapter 899Hz	43	0.899	70.00	0.121
322.092	0.05	Adapter 899Hz	43	0.899	70.00	0.121
322.172	0.05	Adapter 899Hz	43	0.899	70.00	0.121
322.252	0.05	Adapter 899Hz	43	0.899	70.00	0.121
325.0	0.05	Adapter 507Hz Probe 3839Hz	44	0.507	70.00	0.079
325.08	0.05	Adapter 507Hz Probe 3839Hz	44	0.507	70.00	0.079
325.16	0.05	Adapter 507Hz Probe 3839Hz	44	0.507	70.00	0.079
325.24	0.05	Adapter 507Hz Probe 3839Hz	44	0.507	70.00	0.079
325.32	0.05	Adapter 507Hz Probe 3839Hz	44	3.839	70.00	0.437
325.5	0.05	Adapter 507Hz Probe 3839Hz	44	0.507	70.00	0.079
325.58	0.05	Adapter 507Hz Probe 3839Hz	44	0.507	70.00	0.079
325.66	0.05	Adapter 507Hz Probe 3839Hz	44	0.507	70.00	0.079
325.74	0.05	Adapter 507Hz Probe 3839Hz	44	0.507	70.00	0.079
325.82	0.05	Adapter 507Hz Probe 3839Hz	44	3.839	70.00	0.437
326.0	0.05	Adapter 507Hz Probe 3839Hz	44	0.507	70.00	0.079
326.08	0.05	Adapter 507Hz Probe 3839Hz	44	0.507	70.00	0.079
326.16	0.05	Adapter 507Hz Probe 3839Hz	44	0.507	70.00	0.079
326.24	0.05	Adapter 507Hz Probe 3839Hz	44	0.507	70.00	0.079
326.32	0.05	Adapter 507Hz Probe 3839Hz	44	3.839	70.00	0.437
326.5	0.05	Adapter 507Hz Probe 3839Hz	44	0.507	70.00	0.079
326.58	0.05	Adapter 507Hz Probe 3839Hz	44	0.507	70.00	0.079
326.66	0.05	Adapter 507Hz Probe 3839Hz	44	0.507	70.00	0.079
326.74	0.05	Adapter 507Hz Probe 3839Hz	44	0.507	70.00	0.079
326.82	0.05	Adapter 507Hz Probe 3839Hz	44	3.839	70.00	0.437
327.0	0.05	Adapter 507Hz Probe 3839Hz	44	0.507	70.00	0.079
327.08	0.05	Adapter 507Hz Probe 3839Hz	44	0.507	70.00	0.079
327.16	0.05	Adapter 507Hz Probe 3839Hz	44	0.507	70.00	0.079
327.24	0.05	Adapter 507Hz Probe 3839Hz	44	0.507	70.00	0.079
327.32	0.05	Adapter 507Hz Probe 3839Hz	44	3.839	70.00	0.437
327.5	0.05	Adapter 507Hz Probe 3839Hz	44	0.507	70.00	0.079
327.58	0.05	Adapter 507Hz Probe 3839Hz	44	0.507	70.00	0.079
327.66	0.05	Adapter 507Hz Probe 3839Hz	44	0.507	70.00	0.079
327.74	0.05	Adapter 507Hz Probe 3839Hz	44	0.507	70.00	0.079
327.82	0.05	Adapter 507Hz Probe 3839Hz	44	3.839	70.00	0.437
328.0	0.05	Adapter 507Hz Probe 3839Hz	44	0.507	70.00	0.079
328.08	0.05	Adapter 507Hz Probe 3839Hz	44	0.507	70.00	0.079
328.16	0.05	Adapter 507Hz Probe 3839Hz	44	0.507	70.00	0.079
328.24	0.05	Adapter 507Hz Probe 3839Hz	44	0.507	70.00	0.079
328.32	0.05	Adapter 507Hz Probe 3839Hz	44	3.839	70.00	0.437
328.5	0.05	Adapter 507Hz Probe 3839Hz	44	0.507	70.00	0.079
328.58	0.05	Adapter 507Hz Probe 3839Hz	44	0.507	70.00	0.079
328.66	0.05	Adapter 507Hz Probe 3839Hz	44	0.507	70.00	0.079
328.74	0.05	Adapter 507Hz Probe 3839Hz	44	0.507	70.00	0.079
328.82	0.05	Adapter 507Hz Probe 3839Hz	44	3.839	70.00	0.437
329.0	0.05	Adapter 507Hz Probe 3839Hz	44	0.507	70.00	0.079
329.08	0.05	Adapter 507Hz Probe 3839Hz	44	0.507	70.00	0.079
329.16	0.05	Adapter 507Hz Probe 3839Hz	44	0.507	70.00	0.079
329.24	0.05	Adapter 507Hz Probe 3839Hz	44	0.507	70.00	0.079
329.32	0.05	Adapter 507Hz Probe 3839Hz	44	3.839	70.00	0.437
329.5	0.05	Adapter 507Hz Probe 3839Hz	44	0.507	70.00	0.079
329.58	0.05	Adapter 507Hz Probe 3839Hz	44	0.507	70.00	0.079
329.66	0.05	Adapter 507Hz Probe 3839Hz	44	0.507	70.00	0.079
329.74	0.05	Adapter 507Hz Probe 3839Hz	44	0.507	70.00	0.079
329.82	0.05	Adapter 507Hz Probe 3839Hz	44	3.839	70.00	0.437
332.488	0.05	Adapter 1501Hz Probe 3839Hz	45	1.501	70.00	0.186
332.568	0.05	Adapter 1501Hz Probe 3839Hz	45	1.501	70.00	0.186
332.648	0.05	Adapter 1501Hz Probe 3839Hz	45	1.501	70.00	0.186
332.728	0.05	Adapter 1501Hz Probe 3839Hz	45	1.501	70.00	0.186
332.808	0.05	Adapter 1501Hz Probe 3839Hz	45	3.839	70.00	0.437
332.988	0.05	Adapter 1501Hz Probe 3839Hz	45	1.501	70.00	0.186
333.068	0.05	Adapter 1501Hz Probe 3839Hz	45	1.501	70.00	0.186
333.148	0.05	Adapter 1501Hz Probe 3839Hz	45	1.501	70.00	0.186
333.228	0.05	Adapter 1501Hz Probe 3839Hz	45	1.501	70.00	0.186
333.308	0.05	Adapter 1501Hz Probe 3839Hz	45	3.839	70.00	0.437
333.488	0.05	Adapter 1501Hz Probe 3839Hz	45	1.501	70.00	0.186
333.568	0.05	Adapter 1501Hz Probe 3839Hz	45	1.501	70.00	0.186
333.648	0.05	Adapter 1501Hz Probe 3839Hz	45	1.501	70.00	0.186
333.728	0.05	Adapter 1501Hz Probe 3839Hz	45	1.501	70.00	0.186
333.808	0.05	Adapter 1501Hz Probe 3839Hz	45	3.839	70.00	0.437
333.988	0.05	Adapter 1501Hz Probe 3839Hz	45	1.501	70.00	0.186
334.068	0.05	Adapter 1501Hz Probe 3839Hz	45	1.501	70.00	0.186
334.148	0.05	Adapter 1501Hz Probe 3839Hz	45	1.501	70.00	0.186
334.228	0.05	Adapter 1501Hz Probe 3839Hz	45	1.501	70.00	0.186
334.308	0.05	Adapter 1501Hz Probe 3839Hz	45	3.839	70.00	0.437
334.488	0.05	Adapter 1501Hz Probe 3839Hz	45	1.501	70.00	0.186
334.568	0.05	Adapter 1501Hz Probe 3839Hz	45	1.501	70.00	0.186
334.648	0.05	Adapter 1501Hz Probe 3839Hz	45	1.501	70.00	0.186
334.728	0.05	Adapter 1501Hz Probe 3839Hz	45	1.501	70.00	0.186
334.808	0.05	Adapter 1501Hz Probe 3839Hz	45	3.839	70.00	0.437
334.988	0.05	Adapter 1501Hz Probe 3839Hz	45	1.501	70.00	0.186
335.068	0.05	Adapter 1501Hz Probe 3839Hz	45	1.501	70.00	0.186
335.148	0.05	Adapter 1501Hz Probe 3839Hz	45	1.501	70.00	0.186
335.228	0.05	Adapter 1501Hz Probe 3839Hz	45	1.501	70.00	0.186
335.308	0.05	Adapter 1501Hz Probe 3839Hz	45	3.839	70.00	0.437
335.488	0.05	Adapter 1501Hz Probe 3839Hz	45	1.501	70.00	0.186
335.568	0.05	Adapter 1501Hz Probe 3839Hz	45	1.501	70.00	0.186
335.648	0.05	Adapter 1501Hz Probe 3839Hz	45	1.501	70.00	0.186
335.728	0.05	Adapter 1501Hz Probe 3839Hz	45	1.501	70.00	0.186
335.808	0.05	Adapter 1501Hz Probe 3839Hz	45	3.839	70.00	0.437
335.988	0.05	Adapter 1501Hz Probe 3839Hz	45	1.501	70.00	0.186
336.068	0.05	Adapter 1501Hz Probe 3839Hz	45	1.501	70.00	0.186
336.148	0.05	Adapter 1501Hz Probe 3839Hz	45	1.501	70.00	0.186
336.228	0.05	Adapter 1501Hz Probe 3839Hz	45	1.501	70.00	0.186
336.308	0.05	Adapter 1501Hz Probe 3839Hz	45	3.839	70.00	0.437
336.488	0.05	Adapter 1501Hz Probe 3839Hz	45	1.501	70.00	0.186
336.568	0.05	Adapter 1501Hz Probe 3839Hz	45	1.501	70.00	0.186
336.648	0.05	Adapter 1501Hz Probe 3839Hz	45	1.501	70.00	0.186
336.728	0.05	Adapter 1501Hz Probe 3839Hz	45	1.501	70.00	0.186
336.808	0.05	Adapter 1501Hz Probe 3839Hz	45	3.839	70.00	0.437
336.988	0.05	Adapter 1501Hz Probe 3839Hz	45	1.501	70.00	0.186
337.068	0.05	Adapter 1501Hz Probe 3839Hz	45	1.501	70.00	0.186
337.148	0.05	Adapter 1501Hz Probe 3839Hz	45	1.501	70.00	0.186
337.228	0.05	Adapter 1501Hz Probe 3839Hz	45	1.501	70.00	0.186
337.308	0.05	Adapter 1501Hz Probe 3839Hz	45	3.839	70.00	0.437
340.038	0.05	Adapter 3839Hz Probe 3839Hz	46	3.839	70.00	0.437
340.118	0.05	Adapter 3839Hz Probe 3839Hz	46	3.839	70.00	0.437
340.198	0.05	Adapter 3839Hz Probe 3839Hz	46	3.839	70.00	0.437
340.278	0.05	Adapter 3839Hz Probe 3839Hz	46	3.839	70.00	0.437
340.358	0.05	Adapter 3839Hz Probe 3839Hz	46	3.839	70.00	0.437
340.538	0.05	Adapter 3839Hz Probe 3839Hz	46	3.839	70.00	0.437
340.618	0.05	Adapter 3839Hz Probe 3839Hz	46	3.839	70.00	0.437
340.698	0.05	Adapter 3839Hz Probe 3839Hz	46	3.839	70.00	0.437
340.778	0.05	Adapter 3839Hz Probe 3839Hz	46	3.839	70.00	0.437
340.858	0.05	Adapter 3839Hz Probe 3839Hz	46	3.839	70.00	0.437
341.038	0.05	Adapter 3839Hz Probe 3839Hz	46	3.839	70.00	0.437
341.118	0.05	Adapter 3839Hz Probe 3839Hz	46	3.839	70.00	0.437
341.198	0.05	Adapter 3839Hz Probe 3839Hz	46	3.839	70.00	0.437
341.278	0.05	Adapter 3839Hz Probe 3839Hz	46	3.839	70.00	0.437
341.358	0.05	Adapter 3839Hz Probe 3839Hz	46	3.839	70.00	0.437
341.538	0.05	Adapter 3839Hz Probe 3839Hz	46	3.839	70.00	0.437
341.618	0.05	Adapter 3839Hz Probe 3839Hz	46	3.839	70.00	0.437
341.698	0.05	Adapter 3839Hz Probe 3839Hz	46	3.839	70.00	0.437
341.778	0.05	Adapter 3839Hz Probe 3839Hz	46	3.839	70.00	0.437
341.858	0.05	Adapter 3839Hz Probe 3839Hz	46	3.839	70.00	0.437
342.038	0.05	Adapter 3839Hz Probe 3839Hz	46	3.839	70.00	0.437
342.118	0.05	Adapter 3839Hz Probe 3839Hz	46	3.839	70.00	0.437
342.198	0.05	Adapter 3839Hz Probe 3839Hz	46	3.839	70.00	0.437
342.278	0.05	Adapter 3839Hz Probe 3839Hz	46	3.839	70.00	0.437
342.358	0.05	Adapter 3839Hz Probe 3839Hz	46	3.839	70.00	0.437
342.538	0.05	Adapter 3839Hz Probe 3839Hz	46	3.839	70.00	0.437
342.618	0.05	Adapter 3839Hz Probe 3839Hz	46	3.839	70.00	0.437
342.698	0.05	Adapter 3839Hz Probe 3839Hz	46	3.839	70.00	0.437
342.778	0.05	Adapter 3839Hz Probe 3839Hz	46	3.839	70.00	0.437
342.858	0.05	Adapter 3839Hz Probe 3839Hz	46	3.839	70.00	0.437
343.038	0.05	Adapter 3839Hz Probe 3839Hz	46	3.839	70.00	0.437
343.118	0.05	Adapter 3839Hz Probe 3839Hz	46	3.839	70.00	0.437
343.198	0.05	Adapter 3839Hz Probe 3839Hz	46	3.839	70.00	0.437
343.278	0.05	Adapter 3839Hz Probe 3839Hz	46	3.839	70.00	0.437
343.358	0.05	Adapter 3839Hz Probe 3839Hz	46	3.839	70.00	0.437
343.538	0.05	Adapter 3839Hz Probe 3839Hz	46	3.839	70.00	0.437
343.618	0.05	Adapter 3839Hz Probe 3839Hz	46	3.839	70.00	0.437
343.698	0.05	Adapter 3839Hz Probe 3839Hz	46	3.839	70.00	0.437
343.778	0.05	Adapter 3839Hz Probe 3839Hz	46	3.839	70.00	0.437
343.858	0.05	Adapter 3839Hz Probe 3839Hz	46	3.839	70.00	0.437
344.038	0.05	Adapter 3839Hz Probe 3839Hz	46	3.839	70.00	0.437
344.118	0.05	Adapter 3839Hz Probe 3839Hz	46	3.839	70.00	0.437
344.198	0.05	Adapter 3839Hz Probe 3839Hz	46	3.839	70.00	0.437
344.278	0.05	Adapter 3839Hz Probe 3839Hz	46	3.839	70.00	0.437
344.358	0.05	Adapter 3839Hz Probe 3839Hz	46	3.839	70.00	0.437
344.538	0.05	Adapter 3839Hz Probe 3839Hz	46	3.839	70.00	0.437
344.618	0.05	Adapter 3839Hz Probe 3839Hz	46	3.839	70.00	0.437
344.698	0.05	Adapter 3839Hz Probe 3839Hz	46	3.839	70.00	0.437
344.778	0.05	Adapter 3839Hz Probe 3839Hz	46	3.839	70.00	0.437
344.858	0.05	Adapter 3839Hz Probe 3839Hz	46	3.839	70.00	0.437
370.021	0.05	Adapter 2423Hz	50	2.423	70.00	0.285
370.101	0.05	Adapter 2423Hz	50	2.423	70.00	0.285
370.181	0.05	Adapter 2423Hz	50	2.423	70.00	0.285
370.261	0.05	Adapter 2423Hz	50	2.423	70.00	0.285
370.521	0.05	Adapter 2423Hz	50	2.423	70.00	0.285
370.601	0.05	Adapter 2423Hz	50	2.423	70.00	0.285
370.681	0.05	Adapter 2423Hz	50	2.423	70.00	0.285
370.761	0.05	Adapter 2423Hz	50	2.423	70.00	0.285
371.021	0.05	Adapter 2423Hz	50	2.423	70.00	0.285
371.101	0.05	Adapter 2423Hz	50	2.423	70.00	0.285
371.181	0.05	Adapter 2423Hz	50	2.423	70.00	0.285
371.261	0.05	Adapter 2423Hz	50	2.423	70.00	0.285
371.521	0.05	Adapter 2423Hz	50	2.423	70.00	0.285
371.601	0.05	Adapter 2423Hz	50	2.423	70.00	0.285
371.681	0.05	Adapter 2423Hz	50	2.423	70.00	0.285
371.761	0.05	Adapter 2423Hz	50	2.423	70.00	0.285
372.021	0.05	Adapter 2423Hz	50	2.423	70.00	0.285
372.101	0.05	Adapter 2423Hz	50	2.423	70.00	0.285
372.181	0.05	Adapter 2423Hz	50	2.423	70.00	0.285
372.261	0.05	Adapter 2423Hz	50	2.423	70.00	0.285
372.521	0.05	Adapter 2423Hz	50	2.423	70.00	0.285
372.601	0.05	Adapter 2423Hz	50	2.423	70.00	0.285
372.681	0.05	Adapter 2423Hz	50	2.423	70.00	0.285
372.761	0.05	Adapter 2423Hz	50	2.423	70.00	0.285
373.021	0.05	Adapter 2423Hz	50	2.423	70.00	0.285
373.101	0.05	Adapter 2423Hz	50	2.423	70.00	0.285
373.181	0.05	Adapter 2423Hz	50	2.423	70.00	0.285
373.261	0.05	Adapter 2423Hz	50	2.423	70.00	0.285
373.521	0.05	Adapter 2423Hz	50	2.423	70.00	0.285
373.601	0.05	Adapter 2423Hz	50	2.423	70.00	0.285
373.681	0.05	Adapter 2423Hz	50	2.423	70.00	0.285
373.761	0.05	Adapter 2423Hz	50	2.423	70.00	0.285
374.021	0.05	Adapter 2423Hz	50	2.423	70.00	0.285
374.101	0.05	Adapter 2423Hz	50	2.423	70.00	0.285
374.181	0.05	Adapter 2423Hz	50	2.423	70.00	0.285
374.261	0.05	Adapter 2423Hz	50	2.423	70.00	0.285
374.521	0.05	Adapter 2423Hz	50	2.423	70.00	0.285
374.601	0.05	Adapter 2423Hz	50	2.423	70.00	0.285
374.681	0.05	Adapter 2423Hz	50	2.423	70.00	0.285
374.761	0.05	Adapter 2423Hz	50	2.423	70.00	0.285
377.509	0.05	Adapter 507Hz	51	0.507	70.00	0.079
377.589	0.05	Adapter 507Hz	51	0.507	70.00	0.079
377.669	0.05	Adapter 507Hz	51	0.507	70.00	0.079
377.749	0.05	Adapter 507Hz	51	0.507	70.00	0.079
378.009	0.05	Adapter 507Hz	51	0.507	70.00	0.079
378.089	0.05	Adapter 507Hz	51	0.507	70.00	0.079
378.169	0.05	Adapter 507Hz	51	0.507	70.00	0.079
378.249	0.05	Adapter 507Hz	51	0.507	70.00	0.079
378.509	0.05	Adapter 507Hz	51	0.507	70.00	0.079
378.589	0.05	Adapter 507Hz	51	0.507	70.00	0.079
378.669	0.05	Adapter 507Hz	51	0.507	70.00	0.079
378.749	0.05	Adapter 507Hz	51	0.507	70.00	0.079
379.009	0.05	Adapter 507Hz	51	0.507	70.00	0.079
379.089	0.05	Adapter 507Hz	51	0.507	70.00	0.079
379.169	0.05	Adapter 507Hz	51	0.507	70.00	0.079
379.249	0.05	Adapter 507Hz	51	0.507	70.00	0.079
379.509	0.05	Adapter 507Hz	51	0.507	70.00	0.079
379.589	0.05	Adapter 507Hz	51	0.507	70.00	0.079
379.669	0.05	Adapter 507Hz	51	0.507	70.00	0.079
379.749	0.05	Adapter 507Hz	51	0.507	70.00	0.079
380.009	0.05	Adapter 507Hz	51	0.507	70.00	0.079
380.089	0.05	Adapter 507Hz	51	0.507	70.00	0.079
380.169	0.05	Adapter 507Hz	51	0.507	70.00	0.079
380.249	0.05	Adapter 507Hz	51	0.507	70.00	0.079
380.509	0.05	Adapter 507Hz	51	0.507	70.00	0.079
380.589	0.05	Adapter 507Hz	51	0.507	70.00	0.079
380.669	0.05	Adapter 507Hz	51	0.507	70.00	0.079
380.749	0.05	Adapter 507Hz	51	0.507	70.00	0.079
381.009	0.05	Adapter 507Hz	51	0.507	70.00	0.079
381.089	0.05	Adapter 507Hz	51	0.507	70.00	0.079
381.169	0.05	Adapter 507Hz	51	0.507	70.00	0.079
381.249	0.05	Adapter 507Hz	51	0.507	70.00	0.079
381.509	0.05	Adapter 507Hz	51	0.507	70.00	0.079
381.589	0.05	Adapter 507Hz	51	0.507	70.00	0.079
381.669	0.05	Adapter 507Hz	51	0.507	70.00	0.079
381.749	0.05	Adapter 507Hz	51	0.507	70.00	0.079
382.009	0.05	Adapter 507Hz	51	0.507	70.00	0.079
382.089	0.05	Adapter 507Hz	51	0.507	70.00	0.079
382.169	0.05	Adapter 507Hz	51	0.507	70.00	0.079
382.249	0.05	Adapter 507Hz	51	0.507	70.00	0.079
384.997	0.05	Adapter 2423Hz Probe 3839Hz	52	2.423	70.00	0.285
385.077	0.05	Adapter 2423Hz Probe 3839Hz	52	2.423	70.00	0.285
385.157	0.05	Adapter 2423Hz Probe 3839Hz	52	2.423	70.00	0.285
385.237	0.05	Adapter 2423Hz Probe 3839Hz	52	2.423	70.00	0.285
385.317	0.05	Adapter 2423Hz Probe 3839Hz	52	3.839	70.00	0.437
385.497	0.05	Adapter 2423Hz Probe 3839Hz	52	2.423	70.00	0.285
385.577	0.05	Adapter 2423Hz Probe 3839Hz	52	2.423	70.00	0.285
385.657	0.05	Adapter 2423Hz Probe 3839Hz	52	2.423	70.00	0.285
385.737	0.05	Adapter 2423Hz Probe 3839Hz	52	2.423	70.00	0.285
385.817	0.05	Adapter 2423Hz Probe 3839Hz	52	3.839	70.00	0.437
385.997	0.05	Adapter 2423Hz Probe 3839Hz	52	2.423	70.00	0.285
386.077	0.05	Adapter 2423Hz Probe 3839Hz	52	2.423	70.00	0.285
386.157	0.05	Adapter 2423Hz Probe 3839Hz	52	2.423	70.00	0.285
386.237	0.05	Adapter 2423Hz Probe 3839Hz	52	2.423	70.00	0.285
386.317	0.05	Adapter 2423Hz Probe 3839Hz	52	3.839	70.00	0.437
386.497	0.05	Adapter 2423Hz Probe 3839Hz	52	2.423	70.00	0.285
386.577	0.05	Adapter 2423Hz Probe 3839Hz	52	2.423	70.00	0.285
386.657	0.05	Adapter 2423Hz Probe 3839Hz	52	2.423	70.00	0.285
386.737	0.05	Adapter 2423Hz Probe 3839Hz	52	2.423	70.00	0.285
386.817	0.05	Adapter 2423Hz Probe 3839Hz	52	3.839	70.00	0.437
386.997	0.05	Adapter 2423Hz Probe 3839Hz	52	2.423	70.00	0.285
387.077	0.05	Adapter 2423Hz Probe 3839Hz	52	2.423	70.00	0.285
387.157	0.05	Adapter 2423Hz Probe 3839Hz	52	2.423	70.00	0.285
387.237	0.05	Adapter 2423Hz Probe 3839Hz	52	2.423	70.00	0.285
387.317	0.05	Adapter 2423Hz Probe 3839Hz	52	3.839	70.00	0.437
387.497	0.05	Adapter 2423Hz Probe 3839Hz	52	2.423	70.00	0.285
387.577	0.05	Adapter 2423Hz Probe 3839Hz	52	2.423	70.00	0.285
387.657	0.05	Adapter 2423Hz Probe 3839Hz	52	2.423	70.00	0.285
387.737	0.05	Adapter 2423Hz Probe 3839Hz	52	2.423	70.00	0.285
387.817	0.05	Adapter 2423Hz Probe 3839Hz	52	3.839	70.00	0.437
387.997	0.05	Adapter 2423Hz Probe 3839Hz	52	2.423	70.00	0.285
388.077	0.05	Adapter 2423Hz Probe 3839Hz	52	2.423	70.00	0.285
388.157	0.05	Adapter 2423Hz Probe 3839Hz	52	2.423	70.00	0.285
388.237	0.05	Adapter 2423Hz Probe 3839Hz	52	2.423	70.00	0.285
388.317	0.05	Adapter 2423Hz Probe 3839Hz	52	3.839	70.00	0.437
388.497	0.05	Adapter 2423Hz Probe 3839Hz	52	2.423	70.00	0.285
388.577	0.05	Adapter 2423Hz Probe 3839Hz	52	2.423	70.00	0.285
388.657	0.05	Adapter 2423Hz Probe 3839Hz	52	2.423	70.00	0.285
388.737	0.05	Adapter 2423Hz Probe 3839Hz	52	2.423	70.00	0.285
388.817	0.05	Adapter 2423Hz Probe 3839Hz	52	3.839	70.00	0.437
388.997	0.05	Adapter 2423Hz Probe 3839Hz	52	2.423	70.00	0.285
389.077	0.05	Adapter 2423Hz Probe 3839Hz	52	2.423	70.00	0.285
389.157	0.05	Adapter 2423Hz Probe 3839Hz	52	2.423	70.00	0.285
389.237	0.05	Adapter 2423Hz Probe 3839Hz	52	2.423	70.00	0.285
389.317	0.05	Adapter 2423Hz Probe 3839Hz	52	3.839	70.00	0.437
389.497	0.05	Adapter 2423Hz Probe 3839Hz	52	2.423	70.00	0.285
389.577	0.05	Adapter 2423Hz Probe 3839Hz	52	2.423	70.00	0.285
389.657	0.05	Adapter 2423Hz Probe 3839Hz	52	2.423	70.00	0.285
389.737	0.05	Adapter 2423Hz Probe 3839Hz	52	2.423	70.00	0.285
389.817	0.05	Adapter 2423Hz Probe 3839Hz	52	3.839	70.00	0.437
392.485	0.05	Adapter 3839Hz Probe 3839Hz	53	3.839	70.00	0.437
392.565	0.05	Adapter 3839Hz Probe 3839Hz	53	3.839	70.00	0.437
392.645	0.05	Adapter 3839Hz Probe 3839Hz	53	3.839	70.00	0.437
392.725	0.05	Adapter 3839Hz Probe 3839Hz	53	3.839	70.00	0.437
392.805	0.05	Adapter 3839Hz Probe 3839Hz	53	3.839	70.00	0.437
392.985	0.05	Adapter 3839Hz Probe 3839Hz	53	3.839	70.00	0.437
393.065	0.05	Adapter 3839Hz Probe 3839Hz	53	3.839	70.00	0.437
393.145	0.05	Adapter 3839Hz Probe 3839Hz	53	3.839	70.00	0.437
393.225	0.05	Adapter 3839Hz Probe 3839Hz	53	3.839	70.00	0.437
393.305	0.05	Adapter 3839Hz Probe 3839Hz	53	3.839	70.00	0.437
393.485	0.05	Adapter 3839Hz Probe 3839Hz	53	3.839	70.00	0.437
393.565	0.05	Adapter 3839Hz Probe 3839Hz	53	3.839	70.00	0.437
393.645	0.05	Adapter 3839Hz Probe 3839Hz	53	3.839	70.00	0.437
393.725	0.05	Adapter 3839Hz Probe 3839Hz	53	3.839	70.00	0.437
393.805	0.05	Adapter 3839Hz Probe 3839Hz	53	3.839	70.00	0.437
393.985	0.05	Adapter 3839Hz Probe 3839Hz	53	3.839	70.00	0.437
394.065	0.05	Adapter 3839Hz Probe 3839Hz	53	3.839	70.00	0.437
394.145	0.05	Adapter 3839Hz Probe 3839Hz	53	3.839	70.00	0.437
394.225	0.05	Adapter 3839Hz Probe 3839Hz	53	3.839	70.00	0.437
394.305	0.05	Adapter 3839Hz Probe 3839Hz	53	3.839	70.00	0.437
394.485	0.05	Adapter 3839Hz Probe 3839Hz	53	3.839	70.00	0.437
394.565	0.05	Adapter 3839Hz Probe 3839Hz	53	3.839	70.00	0.437
394.645	0.05	Adapter 3839Hz Probe 3839Hz	53	3.839	70.00	0.437
394.725	0.05	Adapter 3839Hz Probe 3839Hz	53	3.839	70.00	0.437
394.805	0.05	Adapter 3839Hz Probe 3839Hz	53	3.839	70.00	0.437
394.985	0.05	Adapter 3839Hz Probe 3839Hz	53	3.839	70.00	0.437
395.065	0.05	Adapter 3839Hz Probe 3839Hz	53	3.839	70.00	0.437
395.145	0.05	Adapter 3839Hz Probe 3839Hz	53	3.839	70.00	0.437
395.225	0.05	Adapter 3839Hz Probe 3839Hz	53	3.839	70.00	0.437
395.305	0.05	Adapter 3839Hz Probe 3839Hz	53	3.839	70.00	0.437
395.485	0.05	Adapter 3839Hz Probe 3839Hz	53	3.839	70.00	0.437
395.565	0.05	Adapter 3839Hz Probe 3839Hz	53	3.839	70.00	0.437
395.645	0.05	Adapter 3839Hz Probe 3839Hz	53	3.839	70.00	0.437
395.725	0.05	Adapter 3839Hz Probe 3839Hz	53	3.839	70.00	0.437
395.805	0.05	Adapter 3839Hz Probe 3839Hz	53	3.839	70.00	0.437
395.985	0.05	Adapter 3839Hz Probe 3839Hz	53	3.839	70.00	0.437
396.065	0.05	Adapter 3839Hz Probe 3839Hz	53	3.839	70.00	0.437
396.145	0.05	Adapter 3839Hz Probe 3839Hz	53	3.839	70.00	0.437
396.225	0.05	Adapter 3839Hz Probe 3839Hz	53	3.839	70.00	0.437
396.305	0.05	Adapter 3839Hz Probe 3839Hz	53	3.839	70.00	0.437
396.485	0.05	Adapter 3839Hz Probe 3839Hz	53	3.839	70.00	0.437
396.565	0.05	Adapter 3839Hz Probe 3839Hz	53	3.839	70.00	0.437
396.645	0.05	Adapter 3839Hz Probe 3839Hz	53	3.839	70.00	0.437
396.725	0.05	Adapter 3839Hz Probe 3839Hz	53	3.839	70.00	0.437
396.805	0.05	Adapter 3839Hz Probe 3839Hz	53	3.839	70.00	0.437
396.985	0.05	Adapter 3839Hz Probe 3839Hz	53	3.839	70.00	0.437
397.065	0.05	Adapter 3839Hz Probe 3839Hz	53	3.839	70.00	0.437
397.145	0.05	Adapter 3839Hz Probe 3839Hz	53	3.839	70.00	0.437
397.225	0.05	Adapter 3839Hz Probe 3839Hz	53	3.839	70.00	0.437
397.305	0.05	Adapter 3839Hz Probe 3839Hz	53	3.839	70.00	0.437
407.539	0.05	Adapter 899Hz	55	0.899	70.00	0.121
407.619	0.05	Adapter 899Hz	55	0.899	70.00	0.121
407.699	0.05	Adapter 899Hz	55	0.899	70.00	0.121
407.779	0.05	Adapter 899Hz	55	0.899	70.00	0.121
408.039	0.05	Adapter 899Hz	55	0.899	70.00	0.121
408.119	0.05	Adapter 899Hz	55	0.899	70.00	0.121
408.199	0.05	Adapter 899Hz	55	0.899	70.00	0.121
408.279	0.05	Adapter 899Hz	55	0.899	70.00	0.121
408.539	0.05	Adapter 899Hz	55	0.899	70.00	0.121
408.619	0.05	Adapter 899Hz	55	0.899	70.00	0.121
408.699	0.05	Adapter 899Hz	55	0.899	70.00	0.121
408.779	0.05	Adapter 899Hz	55	0.899	70.00	0.121
409.039	0.05	Adapter 899Hz	55	0.899	70.00	0.121
409.119	0.05	Adapter 899Hz	55	0.899	70.00	0.121
409.199	0.05	Adapter 899Hz	55	0.899	70.00	0.121
409.279	0.05	Adapter 899Hz	55	0.899	70.00	0.121
409.539	0.05	Adapter 899Hz	55	0.899	70.00	0.121
409.619	0.05	Adapter 899Hz	55	0.899	70.00	0.121
409.699	0.05	Adapter 899Hz	55	0.899	70.00	0.121
409.779	0.05	Adapter 899Hz	55	0.899	70.00	0.121
410.039	0.05	Adapter 899Hz	55	0.899	70.00	0.121
410.119	0.05	Adapter 899Hz	55	0.899	70.00	0.121
410.199	0.05	Adapter 899Hz	55	0.899	70.00	0.121
410.279	0.05	Adapter 899Hz	55	0.899	70.00	0.121
410.539	0.05	Adapter 899Hz	55	0.899	70.00	0.121
410.619	0.05	Adapter 899Hz	55	0.899	70.00	0.121
410.699	0.05	Adapter 899Hz	55	0.899	70.00	0.121
410.779	0.05	Adapter 899Hz	55	0.899	70.00	0.121
411.039	0.05	Adapter 899Hz	55	0.899	70.00	0.121
411.119	0.05	Adapter 899Hz	55	0.899	70.00	0.121
411.199	0.05	Adapter 899Hz	55	0.899	70.00	0.121
411.279	0.05	Adapter 899Hz	55	0.899	70.00	0.121
411.539	0.05	Adapter 899Hz	55	0.899	70.00	0.121
411.619	0.05	Adapter 899Hz	55	0.899	70.00	0.121
411.699	0.05	Adapter 899Hz	55	0.899	70.00	0.121
411.779	0.05	Adapter 899Hz	55	0.899	70.00	0.121
412.039	0.05	Adapter 899Hz	55	0.899	70.00	0.121
412.119	0.05	Adapter 899Hz	55	0.899	70.00	0.121
412.199	0.05	Adapter 899Hz	55	0.899	70.00	0.121
412.279	0.05	Adapter 899Hz	55	0.899	70.00	0.121
422.515	0.05	Adapter 507Hz Probe 3839Hz	57	0.507	70.00	0.079
422.595	0.05	Adapter 507Hz Probe 3839Hz	57	0.507	70.00	0.079
422.675	0.05	Adapter 507Hz Probe 3839Hz	57	0.507	70.00	0.079
422.755	0.05	Adapter 507Hz Probe 3839Hz	57	0.507	70.00	0.079
422.835	0.05	Adapter 507Hz Probe 3839Hz	57	3.839	70.00	0.437
423.015	0.05	Adapter 507Hz Probe 3839Hz	57	0.507	70.00	0.079
423.095	0.05	Adapter 507Hz Probe 3839Hz	57	0.507	70.00	0.079
423.175	0.05	Adapter 507Hz Probe 3839Hz	57	0.507	70.00	0.079
423.255	0.05	Adapter 507Hz Probe 3839Hz	57	0.507	70.00	0.079
423.335	0.05	Adapter 507Hz Probe 3839Hz	57	3.839	70.00	0.437
423.515	0.05	Adapter 507Hz Probe 3839Hz	57	0.507	70.00	0.079
423.595	0.05	Adapter 507Hz Probe 3839Hz	57	0.507	70.00	0.079
423.675	0.05	Adapter 507Hz Probe 3839Hz	57	0.507	70.00	0.079
423.755	0.05	Adapter 507Hz Probe 3839Hz	57	0.507	70.00	0.079
423.835	0.05	Adapter 507Hz Probe 3839Hz	57	3.839	70.00	0.437
424.015	0.05	Adapter 507Hz Probe 3839Hz	57	0.507	70.00	0.079
424.095	0.05	Adapter 507Hz Probe 3839Hz	57	0.507	70.00	0.079
424.175	0.05	Adapter 507Hz Probe 3839Hz	57	0.507	70.00	0.079
424.255	0.05	Adapter 507Hz Probe 3839Hz	57	0.507	70.00	0.079
424.335	0.05	Adapter 507Hz Probe 3839Hz	57	3.839	70.00	0.437
424.515	0.05	Adapter 507Hz Probe 3839Hz	57	0.507	70.00	0.079
424.595	0.05	Adapter 507Hz Probe 3839Hz	57	0.507	70.00	0.079
424.675	0.05	Adapter 507Hz Probe 3839Hz	57	0.507	70.00	0.079
424.755	0.05	Adapter 507Hz Probe 3839Hz	57	0.507	70.00	0.079
424.835	0.05	Adapter 507Hz Probe 3839Hz	57	3.839	70.00	0.437
425.015	0.05	Adapter 507Hz Probe 3839Hz	57	0.507	70.00	0.079
425.095	0.05	Adapter 507Hz Probe 3839Hz	57	0.507	70.00	0.079
425.175	0.05	Adapter 507Hz Probe 3839Hz	57	0.507	70.00	0.079
425.255	0.05	Adapter 507Hz Probe 3839Hz	57	0.507	70.00	0.079
425.335	0.05	Adapter 507Hz Probe 3839Hz	57	3.839	70.00	0.437
425.515	0.05	Adapter 507Hz Probe 3839Hz	57	0.507	70.00	0.079
425.595	0.05	Adapter 507Hz Probe 3839Hz	57	0.507	70.00	0.079
425.675	0.05	Adapter 507Hz Probe 3839Hz	57	0.507	70.00	0.079
425.755	0.05	Adapter 507Hz Probe 3839Hz	57	0.507	70.00	0.079
425.835	0.05	Adapter 507Hz Probe 3839Hz	57	3.839	70.00	0.437
426.015	0.05	Adapter 507Hz Probe 3839Hz	57	0.507	70.00	0.079
426.095	0.05	Adapter 507Hz Probe 3839Hz	57	0.507	70.00	0.079
426.175	0.05	Adapter 507Hz Probe 3839Hz	57	0.507	70.00	0.079
426.255	0.05	Adapter 507Hz Probe 3839Hz	57	0.507	70.00	0.079
426.335	0.05	Adapter 507Hz Probe 3839Hz	57	3.839	70.00	0.437
426.515	0.05	Adapter 507Hz Probe 3839Hz	57	0.507	70.00	0.079
426.595	0.05	Adapter 507Hz Probe 3839Hz	57	0.507	70.00	0.079
426.675	0.05	Adapter 507Hz Probe 3839Hz	57	0.507	70.00	0.079
426.755	0.05	Adapter 507Hz Probe 3839Hz	57	0.507	70.00	0.079
426.835	0.05	Adapter 507Hz Probe 3839Hz	57	3.839	70.00	0.437
427.015	0.05	Adapter 507Hz Probe 3839Hz	57	0.507	70.00	0.079
427.095	0.05	Adapter 507Hz Probe 3839Hz	57	0.507	70.00	0.079
427.175	0.05	Adapter 507Hz Probe 3839Hz	57	0.507	70.00	0.079
427.255	0.05	Adapter 507Hz Probe 3839Hz	57	0.507	70.00	0.079
427.335	0.05	Adapter 507Hz Probe 3839Hz	57	3.839	70.00	0.437
430.003	0.05	Adapter 1501Hz Probe 3839Hz	58	1.501	70.00	0.186
430.083	0.05	Adapter 1501Hz Probe 3839Hz	58	1.501	70.00	0.186
430.163	0.05	Adapter 1501Hz Probe 3839Hz	58	1.501	70.00	0.186
430.243	0.05	Adapter 1501Hz Probe 3839Hz	58	1.501	70.00	0.186
430.323	0.05	Adapter 1501Hz Probe 3839Hz	58	3.839	70.00	0.437
430.503	0.05	Adapter 1501Hz Probe 3839Hz	58	1.501	70.00	0.186
430.583	0.05	Adapter 1501Hz Probe 3839Hz	58	1.501	70.00	0.186
430.663	0.05	Adapter 1501Hz Probe 3839Hz	58	1.501	70.00	0.186
430.743	0.05	Adapter 1501Hz Probe 3839Hz	58	1.501	70.00	0.186
430.823	0.05	Adapter 1501Hz Probe 3839Hz	58	3.839	70.00	0.437
431.003	0.05	Adapter 1501Hz Probe 3839Hz	58	1.501	70.00	0.186
431.083	0.05	Adapter 1501Hz Probe 3839Hz	58	1.501	70.00	0.186
431.163	0.05	Adapter 1501Hz Probe 3839Hz	58	1.501	70.00	0.186
431.243	0.05	Adapter 1501Hz Probe 3839Hz	58	1.501	70.00	0.186
431.323	0.05	Adapter 1501Hz Probe 3839Hz	58	3.839	70.00	0.437
431.503	0.05	Adapter 1501Hz Probe 3839Hz	58	1.501	70.00	0.186
431.583	0.05	Adapter 1501Hz Probe 3839Hz	58	1.501	70.00	0.186
431.663	0.05	Adapter 1501Hz Probe 3839Hz	58	1.501	70.00	0.186
431.743	0.05	Adapter 1501Hz Probe 3839Hz	58	1.501	70.00	0.186
431.823	0.05	Adapter 1501Hz Probe 3839Hz	58	3.839	70.00	0.437
432.003	0.05	Adapter 1501Hz Probe 3839Hz	58	1.501	70.00	0.186
432.083	0.05	Adapter 1501Hz Probe 3839Hz	58	1.501	70.00	0.186
432.163	0.05	Adapter 1501Hz Probe 3839Hz	58	1.501	70.00	0.186
432.243	0.05	Adapter 1501Hz Probe 3839Hz	58	1.501	70.00	0.186
432.323	0.05	Adapter 1501Hz Probe 3839Hz	58	3.839	70.00	0.437
432.503	0.05	Adapter 1501Hz Probe 3839Hz	58	1.501	70.00	0.186
432.583	0.05	Adapter 1501Hz Probe 3839Hz	58	1.501	70.00	0.186
432.663	0.05	Adapter 1501Hz Probe 3839Hz	58	1.501	70.00	0.186
432.743	0.05	Adapter 1501Hz Probe 3839Hz	58	1.501	70.00	0.186
432.823	0.05	Adapter 1501Hz Probe 3839Hz	58	3.839	70.00	0.437
433.003	0.05	Adapter 1501Hz Probe 3839Hz	58	1.501	70.00	0.186
433.083	0.05	Adapter 1501Hz Probe 3839Hz	58	1.501	70.00	0.186
433.163	0.05	Adapter 1501Hz Probe 3839Hz	58	1.501	70.00	0.186
433.243	0.05	Adapter 1501Hz Probe 3839Hz	58	1.501	70.00	0.186
433.323	0.05	Adapter 1501Hz Probe 3839Hz	58	3.839	70.00	0.437
433.503	0.05	Adapter 1501Hz Probe 3839Hz	58	1.501	70.00	0.186
433.583	0.05	Adapter 1501Hz Probe 3839Hz	58	1.501	70.00	0.186
433.663	0.05	Adapter 1501Hz Probe 3839Hz	58	1.501	70.00	0.186
433.743	0.05	Adapter 1501Hz Probe 3839Hz	58	1.501	70.00	0.186
433.823	0.05	Adapter 1501Hz Probe 3839Hz	58	3.839	70.00	0.437
434.003	0.05	Adapter 1501Hz Probe 3839Hz	58	1.501	70.00	0.186
434.083	0.05	Adapter 1501Hz Probe 3839Hz	58	1.501	70.00	0.186
434.163	0.05	Adapter 1501Hz Probe 3839Hz	58	1.501	70.00	0.186
434.243	0.05	Adapter 1501Hz Probe 3839Hz	58	1.501	70.00	0.186
434.323	0.05	Adapter 1501Hz Probe 3839Hz	58	3.839	70.00	0.437
434.503	0.05	Adapter 1501Hz Probe 3839Hz	58	1.501	70.00	0.186
434.583	0.05	Adapter 1501Hz Probe 3839Hz	58	1.501	70.00	0.186
434.663	0.05	Adapter 1501Hz Probe 3839Hz	58	1.501	70.00	0.186
434.743	0.05	Adapter 1501Hz Probe 3839Hz	58	1.501	70.00	0.186
434.823	0.05	Adapter 1501Hz Probe 3839Hz	58	3.839	70.00	0.437
437.491	0.05	Adapter 3839Hz	59	3.839	70.00	0.437
437.571	0.05	Adapter 3839Hz	59	3.839	70.00	0.437
437.651	0.05	Adapter 3839Hz	59	3.839	70.00	0.437
437.731	0.05	Adapter 3839Hz	59	3.839	70.00	0.437
437.991	0.05	Adapter 3839Hz	59	3.839	70.00	0.437
438.071	0.05	Adapter 3839Hz	59	3.839	70.00	0.437
438.151	0.05	Adapter 3839Hz	59	3.839	70.00	0.437
438.231	0.05	Adapter 3839Hz	59	3.839	70.00	0.437
438.491	0.05	Adapter 3839Hz	59	3.839	70.00	0.437
438.571	0.05	Adapter 3839Hz	59	3.839	70.00	0.437
438.651	0.05	Adapter 3839Hz	59	3.839	70.00	0.437
438.731	0.05	Adapter 3839Hz	59	3.839	70.00	0.437
438.991	0.05	Adapter 3839Hz	59	3.839	70.00	0.437
439.071	0.05	Adapter 3839Hz	59	3.839	70.00	0.437
439.151	0.05	Adapter 3839Hz	59	3.839	70.00	0.437
439.231	0.05	Adapter 3839Hz	59	3.839	70.00	0.437
439.491	0.05	Adapter 3839Hz	59	3.839	70.00	0.437
439.571	0.05	Adapter 3839Hz	59	3.839	70.00	0.437
439.651	0.05	Adapter 3839Hz	59	3.839	70.00	0.437
439.731	0.05	Adapter 3839Hz	59	3.839	70.00	0.437
439.991	0.05	Adapter 3839Hz	59	3.839	70.00	0.437
440.071	0.05	Adapter 3839Hz	59	3.839	70.00	0.437
440.151	0.05	Adapter 3839Hz	59	3.839	70.00	0.437
440.231	0.05	Adapter 3839Hz	59	3.839	70.00	0.437
440.491	0.05	Adapter 3839Hz	59	3.839	70.00	0.437
440.571	0.05	Adapter 3839Hz	59	3.839	70.00	0.437
440.651	0.05	Adapter 3839Hz	59	3.839	70.00	0.437
440.731	0.05	Adapter 3839Hz	59	3.839	70.00	0.437
440.991	0.05	Adapter 3839Hz	59	3.839	70.00	0.437
441.071	0.05	Adapter 3839Hz	59	3.839	70.00	0.437
441.151	0.05	Adapter 3839Hz	59	3.839	70.00	0.437
441.231	0.05	Adapter 3839Hz	59	3.839	70.00	0.437
441.491	0.05	Adapter 3839Hz	59	3.839	70.00	0.437
441.571	0.05	Adapter 3839Hz	59	3.839	70.00	0.437
441.651	0.05	Adapter 3839Hz	59	3.839	70.00	0.437
441.731	0.05	Adapter 3839Hz	59	3.839	70.00	0.437
441.991	0.05	Adapter 3839Hz	59	3.839	70.00	0.437
442.071	0.05	Adapter 3839Hz	59	3.839	70.00	0.437
442.151	0.05	Adapter 3839Hz	59	3.839	70.00	0.437
442.231	0.05	Adapter 3839Hz	59	3.839	70.00	0.437
445.042	0.05	Adapter 899Hz Probe 3839Hz	60	0.899	70.00	0.121
445.122	0.05	Adapter 899Hz Probe 3839Hz	60	0.899	70.00	0.121
445.202	0.05	Adapter 899Hz Probe 3839Hz	60	0.899	70.00	0.121
445.282	0.05	Adapter 899Hz Probe 3839Hz	60	0.899	70.00	0.121
445.362	0.05	Adapter 899Hz Probe 3839Hz	60	3.839	70.00	0.437
445.542	0.05	Adapter 899Hz Probe 3839Hz	60	0.899	70.00	0.121
445.622	0.05	Adapter 899Hz Probe 3839Hz	60	0.899	70.00	0.121
445.702	0.05	Adapter 899Hz Probe 3839Hz	60	0.899	70.00	0.121
445.782	0.05	Adapter 899Hz Probe 3839Hz	60	0.899	70.00	0.121
445.862	0.05	Adapter 899Hz Probe 3839Hz	60	3.839	70.00	0.437
446.042	0.05	Adapter 899Hz Probe 3839Hz	60	0.899	70.00	0.121
446.122	0.05	Adapter 899Hz Probe 3839Hz	60	0.899	70.00	0.121
446.202	0.05	Adapter 899Hz Probe 3839Hz	60	0.899	70.00	0.121
446.282	0.05	Adapter 899Hz Probe 3839Hz	60	0.899	70.00	0.121
446.362	0.05	Adapter 899Hz Probe 3839Hz	60	3.839	70.00	0.437
446.542	0.05	Adapter 899Hz Probe 3839Hz	60	0.899	70.00	0.121
446.622	0.05	Adapter 899Hz Probe 3839Hz	60	0.899	70.00	0.121
446.702	0.05	Adapter 899Hz Probe 3839Hz	60	0.899	70.00	0.121
446.782	0.05	Adapter 899Hz Probe 3839Hz	60	0.899	70.00	0.121
446.862	0.05	Adapter 899Hz Probe 3839Hz	60	3.839	70.00	0.437
447.042	0.05	Adapter 899Hz Probe 3839Hz	60	0.899	70.00	0.121
447.122	0.05	Adapter 899Hz Probe 3839Hz	60	0.899	70.00	0.121
447.202	0.05	Adapter 899Hz Probe 3839Hz	60	0.899	70.00	0.121
447.282	0.05	Adapter 899Hz Probe 3839Hz	60	0.899	70.00	0.121
447.362	0.05	Adapter 899Hz Probe 3839Hz	60	3.839	70.00	0.437
447.542	0.05	Adapter 899Hz Probe 3839Hz	60	0.899	70.00	0.121
447.622	0.05	Adapter 899Hz Probe 3839Hz	60	0.899	70.00	0.121
447.702	0.05	Adapter 899Hz Probe 3839Hz	60	0.899	70.00	0.121
447.782	0.05	Adapter 899Hz Probe 3839Hz	60	0.899	70.00	0.121
447.862	0.05	Adapter 899Hz Probe 3839Hz	60	3.839	70.00	0.437
448.042	0.05	Adapter 899Hz Probe 3839Hz	60	0.899	70.00	0.121
448.122	0.05	Adapter 899Hz Probe 3839Hz	60	0.899	70.00	0.121
448.202	0.05	Adapter 899Hz Probe 3839Hz	60	0.899	70.00	0.121
448.282	0.05	Adapter 899Hz Probe 3839Hz	60	0.899	70.00	0.121
448.362	0.05	Adapter 899Hz Probe 3839Hz	60	3.839	70.00	0.437
448.542	0.05	Adapter 899Hz Probe 3839Hz	60	0.899	70.00	0.121
448.622	0.05	Adapter 899Hz Probe 3839Hz	60	0.899	70.00	0.121
448.702	0.05	Adapter 899Hz Probe 3839Hz	60	0.899	70.00	0.121
448.782	0.05	Adapter 899Hz Probe 3839Hz	60	0.899	70.00	0.121
448.862	0.05	Adapter 899Hz Probe 3839Hz	60	3.839	70.00	0.437
449.042	0.05	Adapter 899Hz Probe 3839Hz	60	0.899	70.00	0.121
449.122	0.05	Adapter 899Hz Probe 3839Hz	60	0.899	70.00	0.121
449.202	0.05	Adapter 899Hz Probe 3839Hz	60	0.899	70.00	0.121
449.282	0.05	Adapter 899Hz Probe 3839Hz	60	0.899	70.00	0.121
449.362	0.05	Adapter 899Hz Probe 3839Hz	60	3.839	70.00	0.437
449.542	0.05	Adapter 899Hz Probe 3839Hz	60	0.899	70.00	0.121
449.622	0.05	Adapter 899Hz Probe 3839Hz	60	0.899	70.00	0.121
449.702	0.05	Adapter 899Hz Probe 3839Hz	60	0.899	70.00	0.121
449.782	0.05	Adapter 899Hz Probe 3839Hz	60	0.899	70.00	0.121
449.862	0.05	Adapter 899Hz Probe 3839Hz	60	3.839	70.00	0.437
452.819	0.05	Probe 3839Hz	61	3.839	70.00	0.437
453.319	0.05	Probe 3839Hz	61	3.839	70.00	0.437
453.819	0.05	Probe 3839Hz	61	3.839	70.00	0.437
454.319	0.05	Probe 3839Hz	61	3.839	70.00	0.437
454.819	0.05	Probe 3839Hz	61	3.839	70.00	0.437
455.319	0.05	Probe 3839Hz	61	3.839	70.00	0.437
455.819	0.05	Probe 3839Hz	61	3.839	70.00	0.437
456.319	0.05	Probe 3839Hz	61	3.839	70.00	0.437
456.819	0.05	Probe 3839Hz	61	3.839	70.00	0.437
457.319	0.05	Probe 3839Hz	61	3.839	70.00	0.437
459.987	0.05	Adapter 251Hz	62	0.251	70.00	0.052
460.067	0.05	Adapter 251Hz	62	0.251	70.00	0.052
460.147	0.05	Adapter 251Hz	62	0.251	70.00	0.052
460.227	0.05	Adapter 251Hz	62	0.251	70.00	0.052
460.487	0.05	Adapter 251Hz	62	0.251	70.00	0.052
460.567	0.05	Adapter 251Hz	62	0.251	70.00	0.052
460.647	0.05	Adapter 251Hz	62	0.251	70.00	0.052
460.727	0.05	Adapter 251Hz	62	0.251	70.00	0.052
460.987	0.05	Adapter 251Hz	62	0.251	70.00	0.052
461.067	0.05	Adapter 251Hz	62	0.251	70.00	0.052
461.147	0.05	Adapter 251Hz	62	0.251	70.00	0.052
461.227	0.05	Adapter 251Hz	62	0.251	70.00	0.052
461.487	0.05	Adapter 251Hz	62	0.251	70.00	0.052
461.567	0.05	Adapter 251Hz	62	0.251	70.00	0.052
461.647	0.05	Adapter 251Hz	62	0.251	70.00	0.052
461.727	0.05	Adapter 251Hz	62	0.251	70.00	0.052
461.987	0.05	Adapter 251Hz	62	0.251	70.00	0.052
462.067	0.05	Adapter 251Hz	62	0.251	70.00	0.052
462.147	0.05	Adapter 251Hz	62	0.251	70.00	0.052
462.227	0.05	Adapter 251Hz	62	0.251	70.00	0.052
462.487	0.05	Adapter 251Hz	62	0.251	70.00	0.052
462.567	0.05	Adapter 251Hz	62	0.251	70.00	0.052
462.647	0.05	Adapter 251Hz	62	0.251	70.00	0.052
462.727	0.05	Adapter 251Hz	62	0.251	70.00	0.052
462.987	0.05	Adapter 251Hz	62	0.251	70.00	0.052
463.067	0.05	Adapter 251Hz	62	0.251	70.00	0.052
463.147	0.05	Adapter 251Hz	62	0.251	70.00	0.052
463.227	0.05	Adapter 251Hz	62	0.251	70.00	0.052
463.487	0.05	Adapter 251Hz	62	0.251	70.00	0.052
463.567	0.05	Adapter 251Hz	62	0.251	70.00	0.052
463.647	0.05	Adapter 251Hz	62	0.251	70.00	0.052
463.727	0.05	Adapter 251Hz	62	0.251	70.00	0.052
463.987	0.05	Adapter 251Hz	62	0.251	70.00	0.052
464.067	0.05	Adapter 251Hz	62	0.251	70.00	0.052
464.147	0.05	Adapter 251Hz	62	0.251	70.00	0.052
464.227	0.05	Adapter 251Hz	62	0.251	70.00	0.052
464.487	0.05	Adapter 251Hz	62	0.251	70.00	0.052
464.567	0.05	Adapter 251Hz	62	0.251	70.00	0.052
464.647	0.05	Adapter 251Hz	62	0.251	70.00	0.052
464.727	0.05	Adapter 251Hz	62	0.251	70.00	0.052
467.521	0.05	Adapter 1501Hz	63	1.501	70.00	0.186
467.601	0.05	Adapter 1501Hz	63	1.501	70.00	0.186
467.681	0.05	Adapter 1501Hz	63	1.501	70.00	0.186
467.761	0.05	Adapter 1501Hz	63	1.501	70.00	0.186
468.021	0.05	Adapter 1501Hz	63	1.501	70.00	0.186
468.101	0.05	Adapter 1501Hz	63	1.501	70.00	0.186
468.181	0.05	Adapter 1501Hz	63	1.501	70.00	0.186
468.261	0.05	Adapter 1501Hz	63	1.501	70.00	0.186
468.521	0.05	Adapter 1501Hz	63	1.501	70.00	0.186
468.601	0.05	Adapter 1501Hz	63	1.501	70.00	0.186
468.681	0.05	Adapter 1501Hz	63	1.501	70.00	0.186
468.761	0.05	Adapter 1501Hz	63	1.501	70.00	0.186
469.021	0.05	Adapter 1501Hz	63	1.501	70.00	0.186
469.101	0.05	Adapter 1501Hz	63	1.501	70.00	0.186
469.181	0.05	Adapter 1501Hz	63	1.501	70.00	0.186
469.261	0.05	Adapter 1501Hz	63	1.501	70.00	0.186
469.521	0.05	Adapter 1501Hz	63	1.501	70.00	0.186
469.601	0.05	Adapter 1501Hz	63	1.501	70.00	0.186
469.681	0.05	Adapter 1501Hz	63	1.501	70.00	0.186
469.761	0.05	Adapter 1501Hz	63	1.501	70.00	0.186
470.021	0.05	Adapter 1501Hz	63	1.501	70.00	0.186
470.101	0.05	Adapter 1501Hz	63	1.501	70.00	0.186
470.181	0.05	Adapter 1501Hz	63	1.501	70.00	0.186
470.261	0.05	Adapter 1501Hz	63	1.501	70.00	0.186
470.521	0.05	Adapter 1501Hz	63	1.501	70.00	0.186
470.601	0.05	Adapter 1501Hz	63	1.501	70.00	0.186
470.681	0.05	Adapter 1501Hz	63	1.501	70.00	0.186
470.761	0.05	Adapter 1501Hz	63	1.501	70.00	0.186
471.021	0.05	Adapter 1501Hz	63	1.501	70.00	0.186
471.101	0.05	Adapter 1501Hz	63	1.501	70.00	0.186
471.181	0.05	Adapter 1501Hz	63	1.501	70.00	0.186
471.261	0.05	Adapter 1501Hz	63	1.501	70.00	0.186
471.521	0.05	Adapter 1501Hz	63	1.501	70.00	0.186
471.601	0.05	Adapter 1501Hz	63	1.501	70.00	0.186
471.681	0.05	Adapter 1501Hz	63	1.501	70.00	0.186
471.761	0.05	Adapter 1501Hz	63	1.501	70.00	0.186
472.021	0.05	Adapter 1501Hz	63	1.501	70.00	0.186
472.101	0.05	Adapter 1501Hz	63	1.501	70.00	0.186
472.181	0.05	Adapter 1501Hz	63	1.501	70.00	0.186
472.261	0.05	Adapter 1501Hz	63	1.501	70.00	0.186
475.009	0.05	Adapter 6009Hz	64	6.009	70.00	0.671
475.089	0.05	Adapter 6009Hz	64	6.009	70.00	0.671
475.169	0.05	Adapter 6009Hz	64	6.009	70.00	0.671
475.249	0.05	Adapter 6009Hz	64	6.009	70.00	0.671
475.509	0.05	Adapter 6009Hz	64	6.009	70.00	0.671
475.589	0.05	Adapter 6009Hz	64	6.009	70.00	0.671
475.669	0.05	Adapter 6009Hz	64	6.009	70.00	0.671
475.749	0.05	Adapter 6009Hz	64	6.009	70.00	0.671
476.009	0.05	Adapter 6009Hz	64	6.009	70.00	0.671
476.089	0.05	Adapter 6009Hz	64	6.009	70.00	0.671
476.169	0.05	Adapter 6009Hz	64	6.009	70.00	0.671
476.249	0.05	Adapter 6009Hz	64	6.009	70.00	0.671
476.509	0.05	Adapter 6009Hz	64	6.009	70.00	0.671
476.589	0.05	Adapter 6009Hz	64	6.009	70.00	0.671
476.669	0.05	Adapter 6009Hz	64	6.009	70.00	0.671
476.749	0.05	Adapter 6009Hz	64	6.009	70.00	0.671
477.009	0.05	Adapter 6009Hz	64	6.009	70.00	0.671
477.089	0.05	Adapter 6009Hz	64	6.009	70.00	0.671
477.169	0.05	Adapter 6009Hz	64	6.009	70.00	0.671
477.249	0.05	Adapter 6009Hz	64	6.009	70.00	0.671
477.509	0.05	Adapter 6009Hz	64	6.009	70.00	0.671
477.589	0.05	Adapter 6009Hz	64	6.009	70.00	0.671
477.669	0.05	Adapter 6009Hz	64	6.009	70.00	0.671
477.749	0.05	Adapter 6009Hz	64	6.009	70.00	0.671
478.009	0.05	Adapter 6009Hz	64	6.009	70.00	0.671
478.089	0.05	Adapter 6009Hz	64	6.009	70.00	0.671
478.169	0.05	Adapter 6009Hz	64	6.009	70.00	0.671
478.249	0.05	Adapter 6009Hz	64	6.009	70.00	0.671
478.509	0.05	Adapter 6009Hz	64	6.009	70.00	0.671
478.589	0.05	Adapter 6009Hz	64	6.009	70.00	0.671
478.669	0.05	Adapter 6009Hz	64	6.009	70.00	0.671
478.749	0.05	Adapter 6009Hz	64	6.009	70.00	0.671
479.009	0.05	Adapter 6009Hz	64	6.009	70.00	0.671
479.089	0.05	Adapter 6009Hz	64	6.009	70.00	0.671
479.169	0.05	Adapter 6009Hz	64	6.009	70.00	0.671
479.249	0.05	Adapter 6009Hz	64	6.009	70.00	0.671
479.509	0.05	Adapter 6009Hz	64	6.009	70.00	0.671
479.589	0.05	Adapter 6009Hz	64	6.009	70.00	0.671
479.669	0.05	Adapter 6009Hz	64	6.009	70.00	0.671
479.749	0.05	Adapter 6009Hz	64	6.009	70.00	0.671
