onset	duration	trial_type	scan	frequency_kHz	level_dB_SPL	bandwidth_kHz
2.5	0.05	Adapter 899Hz	1	0.899	70.00	0.121
2.58	0.05	Adapter 899Hz	1	0.899	70.00	0.121
2.66	0.05	Adapter 899Hz	1	0.899	70.00	0.121
2.74	0.05	Adapter 899Hz	1	0.899	70.00	0.121
3.0	0.05	Adapter 899Hz	1	0.899	70.00	0.121
3.08	0.05	Adapter 899Hz	1	0.899	70.00	0.121
3.16	0.05	Adapter 899Hz	1	0.899	70.00	0.121
3.24	0.05	Adapter 899Hz	1	0.899	70.00	0.121
3.5	0.05	Adapter 899Hz	1	0.899	70.00	0.121
3.58	0.05	Adapter 899Hz	1	0.899	70.00	0.121
3.66	0.05	Adapter 899Hz	1	0.899	70.00	0.121
3.74	0.05	Adapter 899Hz	1	0.899	70.00	0.121
4.0	0.05	Adapter 899Hz	1	0.899	70.00	0.121
4.08	0.05	Adapter 899Hz	1	0.899	70.00	0.121
4.16	0.05	Adapter 899Hz	1	0.899	70.00	0.121
4.24	0.05	Adapter 899Hz	1	0.899	70.00	0.121
4.5	0.05	Adapter 899Hz	1	0.899	70.00	0.121
4.58	0.05	Adapter 899Hz	1	0.899	70.00	0.121
4.66	0.05	Adapter 899Hz	1	0.899	70.00	0.121
4.74	0.05	Adapter 899Hz	1	0.899	70.00	0.121
5.0	0.05	Adapter 899Hz	1	0.899	70.00	0.121
5.08	0.05	Adapter 899Hz	1	0.899	70.00	0.121
5.16	0.05	Adapter 899Hz	1	0.899	70.00	0.121
5.24	0.05	Adapter 899Hz	1	0.899	70.00	0.121
5.5	0.05	Adapter 899Hz	1	0.899	70.00	0.121
5.58	0.05	Adapter 899Hz	1	0.899	70.00	0.121
5.66	0.05	Adapter 899Hz	1	0.899	70.00	0.121
5.74	0.05	Adapter 899Hz	1	0.899	70.00	0.121
6.0	0.05	Adapter 899Hz	1	0.899	70.00	0.121
6.08	0.05	Adapter 899Hz	1	0.899	70.00	0.121
6.16	0.05	Adapter 899Hz	1	0.899	70.00	0.121
6.24	0.05	Adapter 899Hz	1	0.899	70.00	0.121
6.5	0.05	Adapter 899Hz	1	0.899	70.00	0.121
6.58	0.05	Adapter 899Hz	1	0.899	70.00	0.121
6.66	0.05	Adapter 899Hz	1	0.899	70.00	0.121
6.74	0.05	Adapter 899Hz	1	0.899	70.00	0.121
7.0	0.05	Adapter 899Hz	1	0.899	70.00	0.121
7.08	0.05	Adapter 899Hz	1	0.899	70.00	0.121
7.16	0.05	Adapter 899Hz	1	0.899	70.00	0.121
7.24	0.05	Adapter 899Hz	1	0.899	70.00	0.121
10.035	0.05	Adapter 507Hz	2	0.507	70.00	0.079
10.115	0.05	Adapter 507Hz	2	0.507	70.00	0.079
10.195	0.05	Adapter 507Hz	2	0.507	70.00	0.079
10.275	0.05	Adapter 507Hz	2	0.507	70.00	0.079
10.535	0.05	Adapter 507Hz	2	0.507	70.00	0.079
10.615	0.05	Adapter 507Hz	2	0.507	70.00	0.079
10.695	0.05	Adapter 507Hz	2	0.507	70.00	0.079
10.775	0.05	Adapter 507Hz	2	0.507	70.00	0.079
11.035	0.05	Adapter 507Hz	2	0.507	70.00	0.079
11.115	0.05	Adapter 507Hz	2	0.507	70.00	0.079
11.195	0.05	Adapter 507Hz	2	0.507	70.00	0.079
11.275	0.05	Adapter 507Hz	2	0.507	70.00	0.079
11.535	0.05	Adapter 507Hz	2	0.507	70.00	0.079
11.615	0.05	Adapter 507Hz	2	0.507	70.00	0.079
11.695	0.05	Adapter 507Hz	2	0.507	70.00	0.079
11.775	0.05	Adapter 507Hz	2	0.507	70.00	0.079
12.035	0.05	Adapter 507Hz	2	0.507	70.00	0.079
12.115	0.05	Adapter 507Hz	2	0.507	70.00	0.079
12.195	0.05	Adapter 507Hz	2	0.507	70.00	0.079
12.275	0.05	Adapter 507Hz	2	0.507	70.00	0.079
12.535	0.05	Adapter 507Hz	2	0.507	70.00	0.079
12.615	0.05	Adapter 507Hz	2	0.507	70.00	0.079
12.695	0.05	Adapter 507Hz	2	0.507	70.00	0.079
12.775	0.05	Adapter 507Hz	2	0.507	70.00	0.079
13.035	0.05	Adapter 507Hz	2	0.507	70.00	0.079
13.115	0.05	Adapter 507Hz	2	0.507	70.00	0.079
13.195	0.05	Adapter 507Hz	2	0.507	70.00	0.079
13.275	0.05	Adapter 507Hz	2	0.507	70.00	0.079
13.535	0.05	Adapter 507Hz	2	0.507	70.00	0.079
13.615	0.05	Adapter 507Hz	2	0.507	70.00	0.079
13.695	0.05	Adapter 507Hz	2	0.507	70.00	0.079
13.775	0.05	Adapter 507Hz	2	0.507	70.00	0.079
14.035	0.05	Adapter 507Hz	2	0.507	70.00	0.079
14.115	0.05	Adapter 507Hz	2	0.507	70.00	0.079
14.195	0.05	Adapter 507Hz	2	0.507	70.00	0.079
14.275	0.05	Adapter 507Hz	2	0.507	70.00	0.079
14.535	0.05	Adapter 507Hz	2	0.507	70.00	0.079
14.615	0.05	Adapter 507Hz	2	0.507	70.00	0.079
14.695	0.05	Adapter 507Hz	2	0.507	70.00	0.079
14.775	0.05	Adapter 507Hz	2	0.507	70.00	0.079
17.523	0.05	Adapter 2423Hz Probe 3839Hz	3	2.423	70.00	0.285
17.603	0.05	Adapter 2423Hz Probe 3839Hz	3	2.423	70.00	0.285
17.683	0.05	Adapter 2423Hz Probe 3839Hz	3	2.423	70.00	0.285
17.763	0.05	Adapter 2423Hz Probe 3839Hz	3	2.423	70.00	0.285
17.843	0.05	Adapter 2423Hz Probe 3839Hz	3	3.839	70.00	0.437
18.023	0.05	Adapter 2423Hz Probe 3839Hz	3	2.423	70.00	0.285
18.103	0.05	Adapter 2423Hz Probe 3839Hz	3	2.423	70.00	0.285
18.183	0.05	Adapter 2423Hz Probe 3839Hz	3	2.423	70.00	0.285
18.263	0.05	Adapter 2423Hz Probe 3839Hz	3	2.423	70.00	0.285
18.343	0.05	Adapter 2423Hz Probe 3839Hz	3	3.839	70.00	0.437
18.523	0.05	Adapter 2423Hz Probe 3839Hz	3	2.423	70.00	0.285
18.603	0.05	Adapter 2423Hz Probe 3839Hz	3	2.423	70.00	0.285
18.683	0.05	Adapter 2423Hz Probe 3839Hz	3	2.423	70.00	0.285
18.763	0.05	Adapter 2423Hz Probe 3839Hz	3	2.423	70.00	0.285
18.843	0.05	Adapter 2423Hz Probe 3839Hz	3	3.839	70.00	0.437
19.023	0.05	Adapter 2423Hz Probe 3839Hz	3	2.423	70.00	0.285
19.103	0.05	Adapter 2423Hz Probe 3839Hz	3	2.423	70.00	0.285
19.183	0.05	Adapter 2423Hz Probe 3839Hz	3	2.423	70.00	0.285
19.263	0.05	Adapter 2423Hz Probe 3839Hz	3	2.423	70.00	0.285
19.343	0.05	Adapter 2423Hz Probe 3839Hz	3	3.839	70.00	0.437
19.523	0.05	Adapter 2423Hz Probe 3839Hz	3	2.423	70.00	0.285
19.603	0.05	Adapter 2423Hz Probe 3839Hz	3	2.423	70.00	0.285
19.683	0.05	Adapter 2423Hz Probe 3839Hz	3	2.423	70.00	0.285
19.763	0.05	Adapter 2423Hz Probe 3839Hz	3	2.423	70.00	0.285
19.843	0.05	Adapter 2423Hz Probe 3839Hz	3	3.839	70.00	0.437
20.023	0.05	Adapter 2423Hz Probe 3839Hz	3	2.423	70.00	0.285
20.103	0.05	Adapter 2423Hz Probe 3839Hz	3	2.423	70.00	0.285
20.183	0.05	Adapter 2423Hz Probe 3839Hz	3	2.423	70.00	0.285
20.263	0.05	Adapter 2423Hz Probe 3839Hz	3	2.423	70.00	0.285
20.343	0.05	Adapter 2423Hz Probe 3839Hz	3	3.839	70.00	0.437
20.523	0.05	Adapter 2423Hz Probe 3839Hz	3	2.423	70.00	0.285
20.603	0.05	Adapter 2423Hz Probe 3839Hz	3	2.423	70.00	0.285
20.683	0.05	Adapter 2423Hz Probe 3839Hz	3	2.423	70.00	0.285
20.763	0.05	Adapter 2423Hz Probe 3839Hz	3	2.423	70.00	0.285
20.843	0.05	Adapter 2423Hz Probe 3839Hz	3	3.839	70.00	0.437
21.023	0.05	Adapter 2423Hz Probe 3839Hz	3	2.423	70.00	0.285
21.103	0.05	Adapter 2423Hz Probe 3839Hz	3	2.423	70.00	0.285
21.183	0.05	Adapter 2423Hz Probe 3839Hz	3	2.423	70.00	0.285
21.263	0.05	Adapter 2423Hz Probe 3839Hz	3	2.423	70.00	0.285
21.343	0.05	Adapter 2423Hz Probe 3839Hz	3	3.839	70.00	0.437
21.523	0.05	Adapter 2423Hz Probe 3839Hz	3	2.423	70.00	0.285
21.603	0.05	Adapter 2423Hz Probe 3839Hz	3	2.423	70.00	0.285
21.683	0.05	Adapter 2423Hz Probe 3839Hz	3	2.423	70.00	0.285
21.763	0.05	Adapter 2423Hz Probe 3839Hz	3	2.423	70.00	0.285
21.843	0.05	Adapter 2423Hz Probe 3839Hz	3	3.839	70.00	0.437
22.023	0.05	Adapter 2423Hz Probe 3839Hz	3	2.423	70.00	0.285
22.103	0.05	Adapter 2423Hz Probe 3839Hz	3	2.423	70.00	0.285
22.183	0.05	Adapter 2423Hz Probe 3839Hz	3	2.423	70.00	0.285
22.263	0.05	Adapter 2423Hz Probe 3839Hz	3	2.423	70.00	0.285
22.343	0.05	Adapter 2423Hz Probe 3839Hz	3	3.839	70.00	0.437
25.011	0.05	Adapter 899Hz Probe 3839Hz	4	0.899	70.00	0.121
25.091	0.05	Adapter 899Hz Probe 3839Hz	4	0.899	70.00	0.121
25.171	0.05	Adapter 899Hz Probe 3839Hz	4	0.899	70.00	0.121
25.251	0.05	Adapter 899Hz Probe 3839Hz	4	0.899	70.00	0.121
25.331	0.05	Adapter 899Hz Probe 3839Hz	4	3.839	70.00	0.437
25.511	0.05	Adapter 899Hz Probe 3839Hz	4	0.899	70.00	0.121
25.591	0.05	Adapter 899Hz Probe 3839Hz	4	0.899	70.00	0.121
25.671	0.05	Adapter 899Hz Probe 3839Hz	4	0.899	70.00	0.121
25.751	0.05	Adapter 899Hz Probe 3839Hz	4	0.899	70.00	0.121
25.831	0.05	Adapter 899Hz Probe 3839Hz	4	3.839	70.00	0.437
26.011	0.05	Adapter 899Hz Probe 3839Hz	4	0.899	70.00	0.121
26.091	0.05	Adapter 899Hz Probe 3839Hz	4	0.899	70.00	0.121
26.171	0.05	Adapter 899Hz Probe 3839Hz	4	0.899	70.00	0.121
26.251	0.05	Adapter 899Hz Probe 3839Hz	4	0.899	70.00	0.121
26.331	0.05	Adapter 899Hz Probe 3839Hz	4	3.839	70.00	0.437
26.511	0.05	Adapter 899Hz Probe 3839Hz	4	0.899	70.00	0.121
26.591	0.05	Adapter 899Hz Probe 3839Hz	4	0.899	70.00	0.121
26.671	0.05	Adapter 899Hz Probe 3839Hz	4	0.899	70.00	0.121
26.751	0.05	Adapter 899Hz Probe 3839Hz	4	0.899	70.00	0.121
26.831	0.05	Adapter 899Hz Probe 3839Hz	4	3.839	70.00	0.437
27.011	0.05	Adapter 899Hz Probe 3839Hz	4	0.899	70.00	0.121
27.091	0.05	Adapter 899Hz Probe 3839Hz	4	0.899	70.00	0.121
27.171	0.05	Adapter 899Hz Probe 3839Hz	4	0.899	70.00	0.121
27.251	0.05	Adapter 899Hz Probe 3839Hz	4	0.899	70.00	0.121
27.331	0.05	Adapter 899Hz Probe 3839Hz	4	3.839	70.00	0.437
27.511	0.05	Adapter 899Hz Probe 3839Hz	4	0.899	70.00	0.121
27.591	0.05	Adapter 899Hz Probe 3839Hz	4	0.899	70.00	0.121
27.671	0.05	Adapter 899Hz Probe 3839Hz	4	0.899	70.00	0.121
27.751	0.05	Adapter 899Hz Probe 3839Hz	4	0.899	70.00	0.121
27.831	0.05	Adapter 899Hz Probe 3839Hz	4	3.839	70.00	0.437
28.011	0.05	Adapter 899Hz Probe 3839Hz	4	0.899	70.00	0.121
28.091	0.05	Adapter 899Hz Probe 3839Hz	4	0.899	70.00	0.121
28.171	0.05	Adapter 899Hz Probe 3839Hz	4	0.899	70.00	0.121
28.251	0.05	Adapter 899Hz Probe 3839Hz	4	0.899	70.00	0.121
28.331	0.05	Adapter 899Hz Probe 3839Hz	4	3.839	70.00	0.437
28.511	0.05	Adapter 899Hz Probe 3839Hz	4	0.899	70.00	0.121
28.591	0.05	Adapter 899Hz Probe 3839Hz	4	0.899	70.00	0.121
28.671	0.05	Adapter 899Hz Probe 3839Hz	4	0.899	70.00	0.121
28.751	0.05	Adapter 899Hz Probe 3839Hz	4	0.899	70.00	0.121
28.831	0.05	Adapter 899Hz Probe 3839Hz	4	3.839	70.00	0.437
29.011	0.05	Adapter 899Hz Probe 3839Hz	4	0.899	70.00	0.121
29.091	0.05	Adapter 899Hz Probe 3839Hz	4	0.899	70.00	0.121
29.171	0.05	Adapter 899Hz Probe 3839Hz	4	0.899	70.00	0.121
29.251	0.05	Adapter 899Hz Probe 3839Hz	4	0.899	70.00	0.121
29.331	0.05	Adapter 899Hz Probe 3839Hz	4	3.839	70.00	0.437
29.511	0.05	Adapter 899Hz Probe 3839Hz	4	0.899	70.00	0.121
29.591	0.05	Adapter 899Hz Probe 3839Hz	4	0.899	70.00	0.121
29.671	0.05	Adapter 899Hz Probe 3839Hz	4	0.899	70.00	0.121
29.751	0.05	Adapter 899Hz Probe 3839Hz	4	0.899	70.00	0.121
29.831	0.05	Adapter 899Hz Probe 3839Hz	4	3.839	70.00	0.437
32.546	0.05	Adapter 2423Hz	5	2.423	70.00	0.285
32.626	0.05	Adapter 2423Hz	5	2.423	70.00	0.285
32.706	0.05	Adapter 2423Hz	5	2.423	70.00	0.285
32.786	0.05	Adapter 2423Hz	5	2.423	70.00	0.285
33.046	0.05	Adapter 2423Hz	5	2.423	70.00	0.285
33.126	0.05	Adapter 2423Hz	5	2.423	70.00	0.285
33.206	0.05	Adapter 2423Hz	5	2.423	70.00	0.285
33.286	0.05	Adapter 2423Hz	5	2.423	70.00	0.285
33.546	0.05	Adapter 2423Hz	5	2.423	70.00	0.285
33.626	0.05	Adapter 2423Hz	5	2.423	70.00	0.285
33.706	0.05	Adapter 2423Hz	5	2.423	70.00	0.285
33.786	0.05	Adapter 2423Hz	5	2.423	70.00	0.285
34.046	0.05	Adapter 2423Hz	5	2.423	70.00	0.285
34.126	0.05	Adapter 2423Hz	5	2.423	70.00	0.285
34.206	0.05	Adapter 2423Hz	5	2.423	70.00	0.285
34.286	0.05	Adapter 2423Hz	5	2.423	70.00	0.285
34.546	0.05	Adapter 2423Hz	5	2.423	70.00	0.285
34.626	0.05	Adapter 2423Hz	5	2.423	70.00	0.285
34.706	0.05	Adapter 2423Hz	5	2.423	70.00	0.285
34.786	0.05	Adapter 2423Hz	5	2.423	70.00	0.285
35.046	0.05	Adapter 2423Hz	5	2.423	70.00	0.285
35.126	0.05	Adapter 2423Hz	5	2.423	70.00	0.285
35.206	0.05	Adapter 2423Hz	5	2.423	70.00	0.285
35.286	0.05	Adapter 2423Hz	5	2.423	70.00	0.285
35.546	0.05	Adapter 2423Hz	5	2.423	70.00	0.285
35.626	0.05	Adapter 2423Hz	5	2.423	70.00	0.285
35.706	0.05	Adapter 2423Hz	5	2.423	70.00	0.285
35.786	0.05	Adapter 2423Hz	5	2.423	70.00	0.285
36.046	0.05	Adapter 2423Hz	5	2.423	70.00	0.285
36.126	0.05	Adapter 2423Hz	5	2.423	70.00	0.285
36.206	0.05	Adapter 2423Hz	5	2.423	70.00	0.285
36.286	0.05	Adapter 2423Hz	5	2.423	70.00	0.285
36.546	0.05	Adapter 2423Hz	5	2.423	70.00	0.285
36.626	0.05	Adapter 2423Hz	5	2.423	70.00	0.285
36.706	0.05	Adapter 2423Hz	5	2.423	70.00	0.285
36.786	0.05	Adapter 2423Hz	5	2.423	70.00	0.285
37.046	0.05	Adapter 2423Hz	5	2.423	70.00	0.285
37.126	0.05	Adapter 2423Hz	5	2.423	70.00	0.285
37.206	0.05	Adapter 2423Hz	5	2.423	70.00	0.285
37.286	0.05	Adapter 2423Hz	5	2.423	70.00	0.285
40.034	0.05	Adapter 507Hz Probe 3839Hz	6	0.507	70.00	0.079
40.114	0.05	Adapter 507Hz Probe 3839Hz	6	0.507	70.00	0.079
40.194	0.05	Adapter 507Hz Probe 3839Hz	6	0.507	70.00	0.079
40.274	0.05	Adapter 507Hz Probe 3839Hz	6	0.507	70.00	0.079
40.354	0.05	Adapter 507Hz Probe 3839Hz	6	3.839	70.00	0.437
40.534	0.05	Adapter 507Hz Probe 3839Hz	6	0.507	70.00	0.079
40.614	0.05	Adapter 507Hz Probe 3839Hz	6	0.507	70.00	0.079
40.694	0.05	Adapter 507Hz Probe 3839Hz	6	0.507	70.00	0.079
40.774	0.05	Adapter 507Hz Probe 3839Hz	6	0.507	70.00	0.079
40.854	0.05	Adapter 507Hz Probe 3839Hz	6	3.839	70.00	0.437
41.034	0.05	Adapter 507Hz Probe 3839Hz	6	0.507	70.00	0.079
41.114	0.05	Adapter 507Hz Probe 3839Hz	6	0.507	70.00	0.079
41.194	0.05	Adapter 507Hz Probe 3839Hz	6	0.507	70.00	0.079
41.274	0.05	Adapter 507Hz Probe 3839Hz	6	0.507	70.00	0.079
41.354	0.05	Adapter 507Hz Probe 3839Hz	6	3.839	70.00	0.437
41.534	0.05	Adapter 507Hz Probe 3839Hz	6	0.507	70.00	0.079
41.614	0.05	Adapter 507Hz Probe 3839Hz	6	0.507	70.00	0.079
41.694	0.05	Adapter 507Hz Probe 3839Hz	6	0.507	70.00	0.079
41.774	0.05	Adapter 507Hz Probe 3839Hz	6	0.507	70.00	0.079
41.854	0.05	Adapter 507Hz Probe 3839Hz	6	3.839	70.00	0.437
42.034	0.05	Adapter 507Hz Probe 3839Hz	6	0.507	70.00	0.079
42.114	0.05	Adapter 507Hz Probe 3839Hz	6	0.507	70.00	0.079
42.194	0.05	Adapter 507Hz Probe 3839Hz	6	0.507	70.00	0.079
42.274	0.05	Adapter 507Hz Probe 3839Hz	6	0.507	70.00	0.079
42.354	0.05	Adapter 507Hz Probe 3839Hz	6	3.839	70.00	0.437
42.534	0.05	Adapter 507Hz Probe 3839Hz	6	0.507	70.00	0.079
42.614	0.05	Adapter 507Hz Probe 3839Hz	6	0.507	70.00	0.079
42.694	0.05	Adapter 507Hz Probe 3839Hz	6	0.507	70.00	0.079
42.774	0.05	Adapter 507Hz Probe 3839Hz	6	0.507	70.00	0.079
42.854	0.05	Adapter 507Hz Probe 3839Hz	6	3.839	70.00	0.437
43.034	0.05	Adapter 507Hz Probe 3839Hz	6	0.507	70.00	0.079
43.114	0.05	Adapter 507Hz Probe 3839Hz	6	0.507	70.00	0.079
43.194	0.05	Adapter 507Hz Probe 3839Hz	6	0.507	70.00	0.079
43.274	0.05	Adapter 507Hz Probe 3839Hz	6	0.507	70.00	0.079
43.354	0.05	Adapter 507Hz Probe 3839Hz	6	3.839	70.00	0.437
43.534	0.05	Adapter 507Hz Probe 3839Hz	6	0.507	70.00	0.079
43.614	0.05	Adapter 507Hz Probe 3839Hz	6	0.507	70.00	0.079
43.694	0.05	Adapter 507Hz Probe 3839Hz	6	0.507	70.00	0.079
43.774	0.05	Adapter 507Hz Probe 3839Hz	6	0.507	70.00	0.079
43.854	0.05	Adapter 507Hz Probe 3839Hz	6	3.839	70.00	0.437
44.034	0.05	Adapter 507Hz Probe 3839Hz	6	0.507	70.00	0.079
44.114	0.05	Adapter 507Hz Probe 3839Hz	6	0.507	70.00	0.079
44.194	0.05	Adapter 507Hz Probe 3839Hz	6	0.507	70.00	0.079
44.274	0.05	Adapter 507Hz Probe 3839Hz	6	0.507	70.00	0.079
44.354	0.05	Adapter 507Hz Probe 3839Hz	6	3.839	70.00	0.437
44.534	0.05	Adapter 507Hz Probe 3839Hz	6	0.507	70.00	0.079
44.614	0.05	Adapter 507Hz Probe 3839Hz	6	0.507	70.00	0.079
44.694	0.05	Adapter 507Hz Probe 3839Hz	6	0.507	70.00	0.079
44.774	0.05	Adapter 507Hz Probe 3839Hz	6	0.507	70.00	0.079
44.854	0.05	Adapter 507Hz Probe 3839Hz	6	3.839	70.00	0.437
47.506	0.05	Adapter 3839Hz	7	3.839	70.00	0.437
47.586	0.05	Adapter 3839Hz	7	3.839	70.00	0.437
47.666	0.05	Adapter 3839Hz	7	3.839	70.00	0.437
47.746	0.05	Adapter 3839Hz	7	3.839	70.00	0.437
48.006	0.05	Adapter 3839Hz	7	3.839	70.00	0.437
48.086	0.05	Adapter 3839Hz	7	3.839	70.00	0.437
48.166	0.05	Adapter 3839Hz	7	3.839	70.00	0.437
48.246	0.05	Adapter 3839Hz	7	3.839	70.00	0.437
48.506	0.05	Adapter 3839Hz	7	3.839	70.00	0.437
48.586	0.05	Adapter 3839Hz	7	3.839	70.00	0.437
48.666	0.05	Adapter 3839Hz	7	3.839	70.00	0.437
48.746	0.05	Adapter 3839Hz	7	3.839	70.00	0.437
49.006	0.05	Adapter 3839Hz	7	3.839	70.00	0.437
49.086	0.05	Adapter 3839Hz	7	3.839	70.00	0.437
49.166	0.05	Adapter 3839Hz	7	3.839	70.00	0.437
49.246	0.05	Adapter 3839Hz	7	3.839	70.00	0.437
49.506	0.05	Adapter 3839Hz	7	3.839	70.00	0.437
49.586	0.05	Adapter 3839Hz	7	3.839	70.00	0.437
49.666	0.05	Adapter 3839Hz	7	3.839	70.00	0.437
49.746	0.05	Adapter 3839Hz	7	3.839	70.00	0.437
50.006	0.05	Adapter 3839Hz	7	3.839	70.00	0.437
50.086	0.05	Adapter 3839Hz	7	3.839	70.00	0.437
50.166	0.05	Adapter 3839Hz	7	3.839	70.00	0.437
50.246	0.05	Adapter 3839Hz	7	3.839	70.00	0.437
50.506	0.05	Adapter 3839Hz	7	3.839	70.00	0.437
50.586	0.05	Adapter 3839Hz	7	3.839	70.00	0.437
50.666	0.05	Adapter 3839Hz	7	3.839	70.00	0.437
50.746	0.05	Adapter 3839Hz	7	3.839	70.00	0.437
51.006	0.05	Adapter 3839Hz	7	3.839	70.00	0.437
51.086	0.05	Adapter 3839Hz	7	3.839	70.00	0.437
51.166	0.05	Adapter 3839Hz	7	3.839	70.00	0.437
51.246	0.05	Adapter 3839Hz	7	3.839	70.00	0.437
51.506	0.05	Adapter 3839Hz	7	3.839	70.00	0.437
51.586	0.05	Adapter 3839Hz	7	3.839	70.00	0.437
51.666	0.05	Adapter 3839Hz	7	3.839	70.00	0.437
51.746	0.05	Adapter 3839Hz	7	3.839	70.00	0.437
52.006	0.05	Adapter 3839Hz	7	3.839	70.00	0.437
52.086	0.05	Adapter 3839Hz	7	3.839	70.00	0.437
52.166	0.05	Adapter 3839Hz	7	3.839	70.00	0.437
52.246	0.05	Adapter 3839Hz	7	3.839	70.00	0.437
54.994	0.05	Adapter 251Hz	8	0.251	70.00	0.052
55.074	0.05	Adapter 251Hz	8	0.251	70.00	0.052
55.154	0.05	Adapter 251Hz	8	0.251	70.00	0.052
55.234	0.05	Adapter 251Hz	8	0.251	70.00	0.052
55.494	0.05	Adapter 251Hz	8	0.251	70.00	0.052
55.574	0.05	Adapter 251Hz	8	0.251	70.00	0.052
55.654	0.05	Adapter 251Hz	8	0.251	70.00	0.052
55.734	0.05	Adapter 251Hz	8	0.251	70.00	0.052
55.994	0.05	Adapter 251Hz	8	0.251	70.00	0.052
56.074	0.05	Adapter 251Hz	8	0.251	70.00	0.052
56.154	0.05	Adapter 251Hz	8	0.251	70.00	0.052
56.234	0.05	Adapter 251Hz	8	0.251	70.00	0.052
56.494	0.05	Adapter 251Hz	8	0.251	70.00	0.052
56.574	0.05	Adapter 251Hz	8	0.251	70.00	0.052
56.654	0.05	Adapter 251Hz	8	0.251	70.00	0.052
56.734	0.05	Adapter 251Hz	8	0.251	70.00	0.052
56.994	0.05	Adapter 251Hz	8	0.251	70.00	0.052
57.074	0.05	Adapter 251Hz	8	0.251	70.00	0.052
57.154	0.05	Adapter 251Hz	8	0.251	70.00	0.052
57.234	0.05	Adapter 251Hz	8	0.251	70.00	0.052
57.494	0.05	Adapter 251Hz	8	0.251	70.00	0.052
57.574	0.05	Adapter 251Hz	8	0.251	70.00	0.052
57.654	0.05	Adapter 251Hz	8	0.251	70.00	0.052
57.734	0.05	Adapter 251Hz	8	0.251	70.00	0.052
57.994	0.05	Adapter 251Hz	8	0.251	70.00	0.052
58.074	0.05	Adapter 251Hz	8	0.251	70.00	0.052
58.154	0.05	Adapter 251Hz	8	0.251	70.00	0.052
58.234	0.05	Adapter 251Hz	8	0.251	70.00	0.052
58.494	0.05	Adapter 251Hz	8	0.251	70.00	0.052
58.574	0.05	Adapter 251Hz	8	0.251	70.00	0.052
58.654	0.05	Adapter 251Hz	8	0.251	70.00	0.052
58.734	0.05	Adapter 251Hz	8	0.251	70.00	0.052
58.994	0.05	Adapter 251Hz	8	0.251	70.00	0.052
59.074	0.05	Adapter 251Hz	8	0.251	70.00	0.052
59.154	0.05	Adapter 251Hz	8	0.251	70.00	0.052
59.234	0.05	Adapter 251Hz	8	0.251	70.00	0.052
59.494	0.05	Adapter 251Hz	8	0.251	70.00	0.052
59.574	0.05	Adapter 251Hz	8	0.251	70.00	0.052
59.654	0.05	Adapter 251Hz	8	0.251	70.00	0.052
59.734	0.05	Adapter 251Hz	8	0.251	70.00	0.052
62.834	0.05	Probe 3839Hz	9	3.839	70.00	0.437
63.334	0.05	Probe 3839Hz	9	3.839	70.00	0.437
63.834	0.05	Probe 3839Hz	9	3.839	70.00	0.437
64.334	0.05	Probe 3839Hz	9	3.839	70.00	0.437
64.834	0.05	Probe 3839Hz	9	3.839	70.00	0.437
65.334	0.05	Probe 3839Hz	9	3.839	70.00	0.437
65.834	0.05	Probe 3839Hz	9	3.839	70.00	0.437
66.334	0.05	Probe 3839Hz	9	3.839	70.00	0.437
66.834	0.05	Probe 3839Hz	9	3.839	70.00	0.437
67.334	0.05	Probe 3839Hz	9	3.839	70.00	0.437
70.002	0.05	Adapter 1501Hz	10	1.501	70.00	0.186
70.082	0.05	Adapter 1501Hz	10	1.501	70.00	0.186
70.162	0.05	Adapter 1501Hz	10	1.501	70.00	0.186
70.242	0.05	Adapter 1501Hz	10	1.501	70.00	0.186
70.502	0.05	Adapter 1501Hz	10	1.501	70.00	0.186
70.582	0.05	Adapter 1501Hz	10	1.501	70.00	0.186
70.662	0.05	Adapter 1501Hz	10	1.501	70.00	0.186
70.742	0.05	Adapter 1501Hz	10	1.501	70.00	0.186
71.002	0.05	Adapter 1501Hz	10	1.501	70.00	0.186
71.082	0.05	Adapter 1501Hz	10	1.501	70.00	0.186
71.162	0.05	Adapter 1501Hz	10	1.501	70.00	0.186
71.242	0.05	Adapter 1501Hz	10	1.501	70.00	0.186
71.502	0.05	Adapter 1501Hz	10	1.501	70.00	0.186
71.582	0.05	Adapter 1501Hz	10	1.501	70.00	0.186
71.662	0.05	Adapter 1501Hz	10	1.501	70.00	0.186
71.742	0.05	Adapter 1501Hz	10	1.501	70.00	0.186
72.002	0.05	Adapter 1501Hz	10	1.501	70.00	0.186
72.082	0.05	Adapter 1501Hz	10	1.501	70.00	0.186
72.162	0.05	Adapter 1501Hz	10	1.501	70.00	0.186
72.242	0.05	Adapter 1501Hz	10	1.501	70.00	0.186
72.502	0.05	Adapter 1501Hz	10	1.501	70.00	0.186
72.582	0.05	Adapter 1501Hz	10	1.501	70.00	0.186
72.662	0.05	Adapter 1501Hz	10	1.501	70.00	0.186
72.742	0.05	Adapter 1501Hz	10	1.501	70.00	0.186
73.002	0.05	Adapter 1501Hz	10	1.501	70.00	0.186
73.082	0.05	Adapter 1501Hz	10	1.501	70.00	0.186
73.162	0.05	Adapter 1501Hz	10	1.501	70.00	0.186
73.242	0.05	Adapter 1501Hz	10	1.501	70.00	0.186
73.502	0.05	Adapter 1501Hz	10	1.501	70.00	0.186
73.582	0.05	Adapter 1501Hz	10	1.501	70.00	0.186
73.662	0.05	Adapter 1501Hz	10	1.501	70.00	0.186
73.742	0.05	Adapter 1501Hz	10	1.501	70.00	0.186
74.002	0.05	Adapter 1501Hz	10	1.501	70.00	0.186
74.082	0.05	Adapter 1501Hz	10	1.501	70.00	0.186
74.162	0.05	Adapter 1501Hz	10	1.501	70.00	0.186
74.242	0.05	Adapter 1501Hz	10	1.501	70.00	0.186
74.502	0.05	Adapter 1501Hz	10	1.501	70.00	0.186
74.582	0.05	Adapter 1501Hz	10	1.501	70.00	0.186
74.662	0.05	Adapter 1501Hz	10	1.501	70.00	0.186
74.742	0.05	Adapter 1501Hz	10	1.501	70.00	0.186
92.544	0.05	Adapter 6009Hz	13	6.009	70.00	0.671
92.624	0.05	Adapter 6009Hz	13	6.009	70.00	0.671
92.704	0.05	Adapter 6009Hz	13	6.009	70.00	0.671
92.784	0.05	Adapter 6009Hz	13	6.009	70.00	0.671
93.044	0.05	Adapter 6009Hz	13	6.009	70.00	0.671
93.124	0.05	Adapter 6009Hz	13	6.009	70.00	0.671
93.204	0.05	Adapter 6009Hz	13	6.009	70.00	0.671
93.284	0.05	Adapter 6009Hz	13	6.009	70.00	0.671
93.544	0.05	Adapter 6009Hz	13	6.009	70.00	0.671
93.624	0.05	Adapter 6009Hz	13	6.009	70.00	0.671
93.704	0.05	Adapter 6009Hz	13	6.009	70.00	0.671
93.784	0.05	Adapter 6009Hz	13	6.009	70.00	0.671
94.044	0.05	Adapter 6009Hz	13	6.009	70.00	0.671
94.124	0.05	Adapter 6009Hz	13	6.009	70.00	0.671
94.204	0.05	Adapter 6009Hz	13	6.009	70.00	0.671
94.284	0.05	Adapter 6009Hz	13	6.009	70.00	0.671
94.544	0.05	Adapter 6009Hz	13	6.009	70.00	0.671
94.624	0.05	Adapter 6009Hz	13	6.009	70.00	0.671
94.704	0.05	Adapter 6009Hz	13	6.009	70.00	0.671
94.784	0.05	Adapter 6009Hz	13	6.009	70.00	0.671
95.044	0.05	Adapter 6009Hz	13	6.009	70.00	0.671
95.124	0.05	Adapter 6009Hz	13	6.009	70.00	0.671
95.204	0.05	Adapter 6009Hz	13	6.009	70.00	0.671
95.284	0.05	Adapter 6009Hz	13	6.009	70.00	0.671
95.544	0.05	Adapter 6009Hz	13	6.009	70.00	0.671
95.624	0.05	Adapter 6009Hz	13	6.009	70.00	0.671
95.704	0.05	Adapter 6009Hz	13	6.009	70.00	0.671
95.784	0.05	Adapter 6009Hz	13	6.009	70.00	0.671
96.044	0.05	Adapter 6009Hz	13	6.009	70.00	0.671
96.124	0.05	Adapter 6009Hz	13	6.009	70.00	0.671
96.204	0.05	Adapter 6009Hz	13	6.009	70.00	0.671
96.284	0.05	Adapter 6009Hz	13	6.009	70.00	0.671
96.544	0.05	Adapter 6009Hz	13	6.009	70.00	0.671
96.624	0.05	Adapter 6009Hz	13	6.009	70.00	0.671
96.704	0.05	Adapter 6009Hz	13	6.009	70.00	0.671
96.784	0.05	Adapter 6009Hz	13	6.009	70.00	0.671
97.044	0.05	Adapter 6009Hz	13	6.009	70.00	0.671
97.124	0.05	Adapter 6009Hz	13	6.009	70.00	0.671
97.204	0.05	Adapter 6009Hz	13	6.009	70.00	0.671
97.284	0.05	Adapter 6009Hz	13	6.009	70.00	0.671
107.52	0.05	Adapter 1501Hz Probe 3839Hz	15	1.501	70.00	0.186
107.6	0.05	Adapter 1501Hz Probe 3839Hz	15	1.501	70.00	0.186
107.68	0.05	Adapter 1501Hz Probe 3839Hz	15	1.501	70.00	0.186
107.76	0.05	Adapter 1501Hz Probe 3839Hz	15	1.501	70.00	0.186
107.84	0.05	Adapter 1501Hz Probe 3839Hz	15	3.839	70.00	0.437
108.02	0.05	Adapter 1501Hz Probe 3839Hz	15	1.501	70.00	0.186
108.1	0.05	Adapter 1501Hz Probe 3839Hz	15	1.501	70.00	0.186
108.18	0.05	Adapter 1501Hz Probe 3839Hz	15	1.501	70.00	0.186
108.26	0.05	Adapter 1501Hz Probe 3839Hz	15	1.501	70.00	0.186
108.34	0.05	Adapter 1501Hz Probe 3839Hz	15	3.839	70.00	0.437
108.52	0.05	Adapter 1501Hz Probe 3839Hz	15	1.501	70.00	0.186
108.6	0.05	Adapter 1501Hz Probe 3839Hz	15	1.501	70.00	0.186
108.68	0.05	Adapter 1501Hz Probe 3839Hz	15	1.501	70.00	0.186
108.76	0.05	Adapter 1501Hz Probe 3839Hz	15	1.501	70.00	0.186
108.84	0.05	Adapter 1501Hz Probe 3839Hz	15	3.839	70.00	0.437
109.02	0.05	Adapter 1501Hz Probe 3839Hz	15	1.501	70.00	0.186
109.1	0.05	Adapter 1501Hz Probe 3839Hz	15	1.501	70.00	0.186
109.18	0.05	Adapter 1501Hz Probe 3839Hz	15	1.501	70.00	0.186
109.26	0.05	Adapter 1501Hz Probe 3839Hz	15	1.501	70.00	0.186
109.34	0.05	Adapter 1501Hz Probe 3839Hz	15	3.839	70.00	0.437
109.52	0.05	Adapter 1501Hz Probe 3839Hz	15	1.501	70.00	0.186
109.6	0.05	Adapter 1501Hz Probe 3839Hz	15	1.501	70.00	0.186
109.68	0.05	Adapter 1501Hz Probe 3839Hz	15	1.501	70.00	0.186
109.76	0.05	Adapter 1501Hz Probe 3839Hz	15	1.501	70.00	0.186
109.84	0.05	Adapter 1501Hz Probe 3839Hz	15	3.839	70.00	0.437
110.02	0.05	Adapter 1501Hz Probe 3839Hz	15	1.501	70.00	0.186
110.1	0.05	Adapter 1501Hz Probe 3839Hz	15	1.501	70.00	0.186
110.18	0.05	Adapter 1501Hz Probe 3839Hz	15	1.501	70.00	0.186
110.26	0.05	Adapter 1501Hz Probe 3839Hz	15	1.501	70.00	0.186
110.34	0.05	Adapter 1501Hz Probe 3839Hz	15	3.839	70.00	0.437
110.52	0.05	Adapter 1501Hz Probe 3839Hz	15	1.501	70.00	0.186
110.6	0.05	Adapter 1501Hz Probe 3839Hz	15	1.501	70.00	0.186
110.68	0.05	Adapter 1501Hz Probe 3839Hz	15	1.501	70.00	0.186
110.76	0.05	Adapter 1501Hz Probe 3839Hz	15	1.501	70.00	0.186
110.84	0.05	Adapter 1501Hz Probe 3839Hz	15	3.839	70.00	0.437
111.02	0.05	Adapter 1501Hz Probe 3839Hz	15	1.501	70.00	0.186
111.1	0.05	Adapter 1501Hz Probe 3839Hz	15	1.501	70.00	0.186
111.18	0.05	Adapter 1501Hz Probe 3839Hz	15	1.501	70.00	0.186
111.26	0.05	Adapter 1501Hz Probe 3839Hz	15	1.501	70.00	0.186
111.34	0.05	Adapter 1501Hz Probe 3839Hz	15	3.839	70.00	0.437
111.52	0.05	Adapter 1501Hz Probe 3839Hz	15	1.501	70.00	0.186
111.6	0.05	Adapter 1501Hz Probe 3839Hz	15	1.501	70.00	0.186
111.68	0.05	Adapter 1501Hz Probe 3839Hz	15	1.501	70.00	0.186
111.76	0.05	Adapter 1501Hz Probe 3839Hz	15	1.501	70.00	0.186
111.84	0.05	Adapter 1501Hz Probe 3839Hz	15	3.839	70.00	0.437
112.02	0.05	Adapter 1501Hz Probe 3839Hz	15	1.501	70.00	0.186
112.1	0.05	Adapter 1501Hz Probe 3839Hz	15	1.501	70.00	0.186
112.18	0.05	Adapter 1501Hz Probe 3839Hz	15	1.501	70.00	0.186
112.26	0.05	Adapter 1501Hz Probe 3839Hz	15	1.501	70.00	0.186
112.34	0.05	Adapter 1501Hz Probe 3839Hz	15	3.839	70.00	0.437
115.008	0.05	Adapter 3839Hz Probe 3839Hz	16	3.839	70.00	0.437
115.088	0.05	Adapter 3839Hz Probe 3839Hz	16	3.839	70.00	0.437
115.168	0.05	Adapter 3839Hz Probe 3839Hz	16	3.839	70.00	0.437
115.248	0.05	Adapter 3839Hz Probe 3839Hz	16	3.839	70.00	0.437
115.328	0.05	Adapter 3839Hz Probe 3839Hz	16	3.839	70.00	0.437
115.508	0.05	Adapter 3839Hz Probe 3839Hz	16	3.839	70.00	0.437
115.588	0.05	Adapter 3839Hz Probe 3839Hz	16	3.839	70.00	0.437
115.668	0.05	Adapter 3839Hz Probe 3839Hz	16	3.839	70.00	0.437
115.748	0.05	Adapter 3839Hz Probe 3839Hz	16	3.839	70.00	0.437
115.828	0.05	Adapter 3839Hz Probe 3839Hz	16	3.839	70.00	0.437
116.008	0.05	Adapter 3839Hz Probe 3839Hz	16	3.839	70.00	0.437
116.088	0.05	Adapter 3839Hz Probe 3839Hz	16	3.839	70.00	0.437
116.168	0.05	Adapter 3839Hz Probe 3839Hz	16	3.839	70.00	0.437
116.248	0.05	Adapter 3839Hz Probe 3839Hz	16	3.839	70.00	0.437
116.328	0.05	Adapter 3839Hz Probe 3839Hz	16	3.839	70.00	0.437
116.508	0.05	Adapter 3839Hz Probe 3839Hz	16	3.839	70.00	0.437
116.588	0.05	Adapter 3839Hz Probe 3839Hz	16	3.839	70.00	0.437
116.668	0.05	Adapter 3839Hz Probe 3839Hz	16	3.839	70.00	0.437
116.748	0.05	Adapter 3839Hz Probe 3839Hz	16	3.839	70.00	0.437
116.828	0.05	Adapter 3839Hz Probe 3839Hz	16	3.839	70.00	0.437
117.008	0.05	Adapter 3839Hz Probe 3839Hz	16	3.839	70.00	0.437
117.088	0.05	Adapter 3839Hz Probe 3839Hz	16	3.839	70.00	0.437
117.168	0.05	Adapter 3839Hz Probe 3839Hz	16	3.839	70.00	0.437
117.248	0.05	Adapter 3839Hz Probe 3839Hz	16	3.839	70.00	0.437
117.328	0.05	Adapter 3839Hz Probe 3839Hz	16	3.839	70.00	0.437
117.508	0.05	Adapter 3839Hz Probe 3839Hz	16	3.839	70.00	0.437
117.588	0.05	Adapter 3839Hz Probe 3839Hz	16	3.839	70.00	0.437
117.668	0.05	Adapter 3839Hz Probe 3839Hz	16	3.839	70.00	0.437
117.748	0.05	Adapter 3839Hz Probe 3839Hz	16	3.839	70.00	0.437
117.828	0.05	Adapter 3839Hz Probe 3839Hz	16	3.839	70.00	0.437
118.008	0.05	Adapter 3839Hz Probe 3839Hz	16	3.839	70.00	0.437
118.088	0.05	Adapter 3839Hz Probe 3839Hz	16	3.839	70.00	0.437
118.168	0.05	Adapter 3839Hz Probe 3839Hz	16	3.839	70.00	0.437
118.248	0.05	Adapter 3839Hz Probe 3839Hz	16	3.839	70.00	0.437
118.328	0.05	Adapter 3839Hz Probe 3839Hz	16	3.839	70.00	0.437
118.508	0.05	Adapter 3839Hz Probe 3839Hz	16	3.839	70.00	0.437
118.588	0.05	Adapter 3839Hz Probe 3839Hz	16	3.839	70.00	0.437
118.668	0.05	Adapter 3839Hz Probe 3839Hz	16	3.839	70.00	0.437
118.748	0.05	Adapter 3839Hz Probe 3839Hz	16	3.839	70.00	0.437
118.828	0.05	Adapter 3839Hz Probe 3839Hz	16	3.839	70.00	0.437
119.008	0.05	Adapter 3839Hz Probe 3839Hz	16	3.839	70.00	0.437
119.088	0.05	Adapter 3839Hz Probe 3839Hz	16	3.839	70.00	0.437
119.168	0.05	Adapter 3839Hz Probe 3839Hz	16	3.839	70.00	0.437
119.248	0.05	Adapter 3839Hz Probe 3839Hz	16	3.839	70.00	0.437
119.328	0.05	Adapter 3839Hz Probe 3839Hz	16	3.839	70.00	0.437
119.508	0.05	Adapter 3839Hz Probe 3839Hz	16	3.839	70.00	0.437
119.588	0.05	Adapter 3839Hz Probe 3839Hz	16	3.839	70.00	0.437
119.668	0.05	Adapter 3839Hz Probe 3839Hz	16	3.839	70.00	0.437
119.748	0.05	Adapter 3839Hz Probe 3839Hz	16	3.839	70.00	0.437
119.828	0.05	Adapter 3839Hz Probe 3839Hz	16	3.839	70.00	0.437
122.496	0.05	Adapter 2423Hz Probe 3839Hz	17	2.423	70.00	0.285
122.576	0.05	Adapter 2423Hz Probe 3839Hz	17	2.423	70.00	0.285
122.656	0.05	Adapter 2423Hz Probe 3839Hz	17	2.423	70.00	0.285
122.736	0.05	Adapter 2423Hz Probe 3839Hz	17	2.423	70.00	0.285
122.816	0.05	Adapter 2423Hz Probe 3839Hz	17	3.839	70.00	0.437
122.996	0.05	Adapter 2423Hz Probe 3839Hz	17	2.423	70.00	0.285
123.076	0.05	Adapter 2423Hz Probe 3839Hz	17	2.423	70.00	0.285
123.156	0.05	Adapter 2423Hz Probe 3839Hz	17	2.423	70.00	0.285
123.236	0.05	Adapter 2423Hz Probe 3839Hz	17	2.423	70.00	0.285
123.316	0.05	Adapter 2423Hz Probe 3839Hz	17	3.839	70.00	0.437
123.496	0.05	Adapter 2423Hz Probe 3839Hz	17	2.423	70.00	0.285
123.576	0.05	Adapter 2423Hz Probe 3839Hz	17	2.423	70.00	0.285
123.656	0.05	Adapter 2423Hz Probe 3839Hz	17	2.423	70.00	0.285
123.736	0.05	Adapter 2423Hz Probe 3839Hz	17	2.423	70.00	0.285
123.816	0.05	Adapter 2423Hz Probe 3839Hz	17	3.839	70.00	0.437
123.996	0.05	Adapter 2423Hz Probe 3839Hz	17	2.423	70.00	0.285
124.076	0.05	Adapter 2423Hz Probe 3839Hz	17	2.423	70.00	0.285
124.156	0.05	Adapter 2423Hz Probe 3839Hz	17	2.423	70.00	0.285
124.236	0.05	Adapter 2423Hz Probe 3839Hz	17	2.423	70.00	0.285
124.316	0.05	Adapter 2423Hz Probe 3839Hz	17	3.839	70.00	0.437
124.496	0.05	Adapter 2423Hz Probe 3839Hz	17	2.423	70.00	0.285
124.576	0.05	Adapter 2423Hz Probe 3839Hz	17	2.423	70.00	0.285
124.656	0.05	Adapter 2423Hz Probe 3839Hz	17	2.423	70.00	0.285
124.736	0.05	Adapter 2423Hz Probe 3839Hz	17	2.423	70.00	0.285
124.816	0.05	Adapter 2423Hz Probe 3839Hz	17	3.839	70.00	0.437
124.996	0.05	Adapter 2423Hz Probe 3839Hz	17	2.423	70.00	0.285
125.076	0.05	Adapter 2423Hz Probe 3839Hz	17	2.423	70.00	0.285
125.156	0.05	Adapter 2423Hz Probe 3839Hz	17	2.423	70.00	0.285
125.236	0.05	Adapter 2423Hz Probe 3839Hz	17	2.423	70.00	0.285
125.316	0.05	Adapter 2423Hz Probe 3839Hz	17	3.839	70.00	0.437
125.496	0.05	Adapter 2423Hz Probe 3839Hz	17	2.423	70.00	0.285
125.576	0.05	Adapter 2423Hz Probe 3839Hz	17	2.423	70.00	0.285
125.656	0.05	Adapter 2423Hz Probe 3839Hz	17	2.423	70.00	0.285
125.736	0.05	Adapter 2423Hz Probe 3839Hz	17	2.423	70.00	0.285
125.816	0.05	Adapter 2423Hz Probe 3839Hz	17	3.839	70.00	0.437
125.996	0.05	Adapter 2423Hz Probe 3839Hz	17	2.423	70.00	0.285
126.076	0.05	Adapter 2423Hz Probe 3839Hz	17	2.423	70.00	0.285
126.156	0.05	Adapter 2423Hz Probe 3839Hz	17	2.423	70.00	0.285
126.236	0.05	Adapter 2423Hz Probe 3839Hz	17	2.423	70.00	0.285
126.316	0.05	Adapter 2423Hz Probe 3839Hz	17	3.839	70.00	0.437
126.496	0.05	Adapter 2423Hz Probe 3839Hz	17	2.423	70.00	0.285
126.576	0.05	Adapter 2423Hz Probe 3839Hz	17	2.423	70.00	0.285
126.656	0.05	Adapter 2423Hz Probe 3839Hz	17	2.423	70.00	0.285
126.736	0.05	Adapter 2423Hz Probe 3839Hz	17	2.423	70.00	0.285
126.816	0.05	Adapter 2423Hz Probe 3839Hz	17	3.839	70.00	0.437
126.996	0.05	Adapter 2423Hz Probe 3839Hz	17	2.423	70.00	0.285
127.076	0.05	Adapter 2423Hz Probe 3839Hz	17	2.423	70.00	0.285
127.156	0.05	Adapter 2423Hz Probe 3839Hz	17	2.423	70.00	0.285
127.236	0.05	Adapter 2423Hz Probe 3839Hz	17	2.423	70.00	0.285
127.316	0.05	Adapter 2423Hz Probe 3839Hz	17	3.839	70.00	0.437
130.335	0.05	Probe 3839Hz	18	3.839	70.00	0.437
130.835	0.05	Probe 3839Hz	18	3.839	70.00	0.437
131.335	0.05	Probe 3839Hz	18	3.839	70.00	0.437
131.835	0.05	Probe 3839Hz	18	3.839	70.00	0.437
132.335	0.05	Probe 3839Hz	18	3.839	70.00	0.437
132.835	0.05	Probe 3839Hz	18	3.839	70.00	0.437
133.335	0.05	Probe 3839Hz	18	3.839	70.00	0.437
133.835	0.05	Probe 3839Hz	18	3.839	70.00	0.437
134.335	0.05	Probe 3839Hz	18	3.839	70.00	0.437
134.835	0.05	Probe 3839Hz	18	3.839	70.00	0.437
145.053	0.05	Adapter 899Hz Probe 3839Hz	20	0.899	70.00	0.121
145.133	0.05	Adapter 899Hz Probe 3839Hz	20	0.899	70.00	0.121
145.213	0.05	Adapter 899Hz Probe 3839Hz	20	0.899	70.00	0.121
145.293	0.05	Adapter 899Hz Probe 3839Hz	20	0.899	70.00	0.121
145.373	0.05	Adapter 899Hz Probe 3839Hz	20	3.839	70.00	0.437
145.553	0.05	Adapter 899Hz Probe 3839Hz	20	0.899	70.00	0.121
145.633	0.05	Adapter 899Hz Probe 3839Hz	20	0.899	70.00	0.121
145.713	0.05	Adapter 899Hz Probe 3839Hz	20	0.899	70.00	0.121
145.793	0.05	Adapter 899Hz Probe 3839Hz	20	0.899	70.00	0.121
145.873	0.05	Adapter 899Hz Probe 3839Hz	20	3.839	70.00	0.437
146.053	0.05	Adapter 899Hz Probe 3839Hz	20	0.899	70.00	0.121
146.133	0.05	Adapter 899Hz Probe 3839Hz	20	0.899	70.00	0.121
146.213	0.05	Adapter 899Hz Probe 3839Hz	20	0.899	70.00	0.121
146.293	0.05	Adapter 899Hz Probe 3839Hz	20	0.899	70.00	0.121
146.373	0.05	Adapter 899Hz Probe 3839Hz	20	3.839	70.00	0.437
146.553	0.05	Adapter 899Hz Probe 3839Hz	20	0.899	70.00	0.121
146.633	0.05	Adapter 899Hz Probe 3839Hz	20	0.899	70.00	0.121
146.713	0.05	Adapter 899Hz Probe 3839Hz	20	0.899	70.00	0.121
146.793	0.05	Adapter 899Hz Probe 3839Hz	20	0.899	70.00	0.121
146.873	0.05	Adapter 899Hz Probe 3839Hz	20	3.839	70.00	0.437
147.053	0.05	Adapter 899Hz Probe 3839Hz	20	0.899	70.00	0.121
147.133	0.05	Adapter 899Hz Probe 3839Hz	20	0.899	70.00	0.121
147.213	0.05	Adapter 899Hz Probe 3839Hz	20	0.899	70.00	0.121
147.293	0.05	Adapter 899Hz Probe 3839Hz	20	0.899	70.00	0.121
147.373	0.05	Adapter 899Hz Probe 3839Hz	20	3.839	70.00	0.437
147.553	0.05	Adapter 899Hz Probe 3839Hz	20	0.899	70.00	0.121
147.633	0.05	Adapter 899Hz Probe 3839Hz	20	0.899	70.00	0.121
147.713	0.05	Adapter 899Hz Probe 3839Hz	20	0.899	70.00	0.121
147.793	0.05	Adapter 899Hz Probe 3839Hz	20	0.899	70.00	0.121
147.873	0.05	Adapter 899Hz Probe 3839Hz	20	3.839	70.00	0.437
148.053	0.05	Adapter 899Hz Probe 3839Hz	20	0.899	70.00	0.121
148.133	0.05	Adapter 899Hz Probe 3839Hz	20	0.899	70.00	0.121
148.213	0.05	Adapter 899Hz Probe 3839Hz	20	0.899	70.00	0.121
148.293	0.05	Adapter 899Hz Probe 3839Hz	20	0.899	70.00	0.121
148.373	0.05	Adapter 899Hz Probe 3839Hz	20	3.839	70.00	0.437
148.553	0.05	Adapter 899Hz Probe 3839Hz	20	0.899	70.00	0.121
148.633	0.05	Adapter 899Hz Probe 3839Hz	20	0.899	70.00	0.121
148.713	0.05	Adapter 899Hz Probe 3839Hz	20	0.899	70.00	0.121
148.793	0.05	Adapter 899Hz Probe 3839Hz	20	0.899	70.00	0.121
148.873	0.05	Adapter 899Hz Probe 3839Hz	20	3.839	70.00	0.437
149.053	0.05	Adapter 899Hz Probe 3839Hz	20	0.899	70.00	0.121
149.133	0.05	Adapter 899Hz Probe 3839Hz	20	0.899	70.00	0.121
149.213	0.05	Adapter 899Hz Probe 3839Hz	20	0.899	70.00	0.121
149.293	0.05	Adapter 899Hz Probe 3839Hz	20	0.899	70.00	0.121
149.373	0.05	Adapter 899Hz Probe 3839Hz	20	3.839	70.00	0.437
149.553	0.05	Adapter 899Hz Probe 3839Hz	20	0.899	70.00	0.121
149.633	0.05	Adapter 899Hz Probe 3839Hz	20	0.899	70.00	0.121
149.713	0.05	Adapter 899Hz Probe 3839Hz	20	0.899	70.00	0.121
149.793	0.05	Adapter 899Hz Probe 3839Hz	20	0.899	70.00	0.121
149.873	0.05	Adapter 899Hz Probe 3839Hz	20	3.839	70.00	0.437
152.541	0.05	Adapter 1501Hz Probe 3839Hz	21	1.501	70.00	0.186
152.621	0.05	Adapter 1501Hz Probe 3839Hz	21	1.501	70.00	0.186
152.701	0.05	Adapter 1501Hz Probe 3839Hz	21	1.501	70.00	0.186
152.781	0.05	Adapter 1501Hz Probe 3839Hz	21	1.501	70.00	0.186
152.861	0.05	Adapter 1501Hz Probe 3839Hz	21	3.839	70.00	0.437
153.041	0.05	Adapter 1501Hz Probe 3839Hz	21	1.501	70.00	0.186
153.121	0.05	Adapter 1501Hz Probe 3839Hz	21	1.501	70.00	0.186
153.201	0.05	Adapter 1501Hz Probe 3839Hz	21	1.501	70.00	0.186
153.281	0.05	Adapter 1501Hz Probe 3839Hz	21	1.501	70.00	0.186
153.361	0.05	Adapter 1501Hz Probe 3839Hz	21	3.839	70.00	0.437
153.541	0.05	Adapter 1501Hz Probe 3839Hz	21	1.501	70.00	0.186
153.621	0.05	Adapter 1501Hz Probe 3839Hz	21	1.501	70.00	0.186
153.701	0.05	Adapter 1501Hz Probe 3839Hz	21	1.501	70.00	0.186
153.781	0.05	Adapter 1501Hz Probe 3839Hz	21	1.501	70.00	0.186
153.861	0.05	Adapter 1501Hz Probe 3839Hz	21	3.839	70.00	0.437
154.041	0.05	Adapter 1501Hz Probe 3839Hz	21	1.501	70.00	0.186
154.121	0.05	Adapter 1501Hz Probe 3839Hz	21	1.501	70.00	0.186
154.201	0.05	Adapter 1501Hz Probe 3839Hz	21	1.501	70.00	0.186
154.281	0.05	Adapter 1501Hz Probe 3839Hz	21	1.501	70.00	0.186
154.361	0.05	Adapter 1501Hz Probe 3839Hz	21	3.839	70.00	0.437
154.541	0.05	Adapter 1501Hz Probe 3839Hz	21	1.501	70.00	0.186
154.621	0.05	Adapter 1501Hz Probe 3839Hz	21	1.501	70.00	0.186
154.701	0.05	Adapter 1501Hz Probe 3839Hz	21	1.501	70.00	0.186
154.781	0.05	Adapter 1501Hz Probe 3839Hz	21	1.501	70.00	0.186
154.861	0.05	Adapter 1501Hz Probe 3839Hz	21	3.839	70.00	0.437
155.041	0.05	Adapter 1501Hz Probe 3839Hz	21	1.501	70.00	0.186
155.121	0.05	Adapter 1501Hz Probe 3839Hz	21	1.501	70.00	0.186
155.201	0.05	Adapter 1501Hz Probe 3839Hz	21	1.501	70.00	0.186
155.281	0.05	Adapter 1501Hz Probe 3839Hz	21	1.501	70.00	0.186
155.361	0.05	Adapter 1501Hz Probe 3839Hz	21	3.839	70.00	0.437
155.541	0.05	Adapter 1501Hz Probe 3839Hz	21	1.501	70.00	0.186
155.621	0.05	Adapter 1501Hz Probe 3839Hz	21	1.501	70.00	0.186
155.701	0.05	Adapter 1501Hz Probe 3839Hz	21	1.501	70.00	0.186
155.781	0.05	Adapter 1501Hz Probe 3839Hz	21	1.501	70.00	0.186
155.861	0.05	Adapter 1501Hz Probe 3839Hz	21	3.839	70.00	0.437
156.041	0.05	Adapter 1501Hz Probe 3839Hz	21	1.501	70.00	0.186
156.121	0.05	Adapter 1501Hz Probe 3839Hz	21	1.501	70.00	0.186
156.201	0.05	Adapter 1501Hz Probe 3839Hz	21	1.501	70.00	0.186
156.281	0.05	Adapter 1501Hz Probe 3839Hz	21	1.501	70.00	0.186
156.361	0.05	Adapter 1501Hz Probe 3839Hz	21	3.839	70.00	0.437
156.541	0.05	Adapter 1501Hz Probe 3839Hz	21	1.501	70.00	0.186
156.621	0.05	Adapter 1501Hz Probe 3839Hz	21	1.501	70.00	0.186
156.701	0.05	Adapter 1501Hz Probe 3839Hz	21	1.501	70.00	0.186
156.781	0.05	Adapter 1501Hz Probe 3839Hz	21	1.501	70.00	0.186
156.861	0.05	Adapter 1501Hz Probe 3839Hz	21	3.839	70.00	0.437
157.041	0.05	Adapter 1501Hz Probe 3839Hz	21	1.501	70.00	0.186
157.121	0.05	Adapter 1501Hz Probe 3839Hz	21	1.501	70.00	0.186
157.201	0.05	Adapter 1501Hz Probe 3839Hz	21	1.501	70.00	0.186
157.281	0.05	Adapter 1501Hz Probe 3839Hz	21	1.501	70.00	0.186
157.361	0.05	Adapter 1501Hz Probe 3839Hz	21	3.839	70.00	0.437
167.533	0.05	Adapter 507Hz	23	0.507	70.00	0.079
167.613	0.05	Adapter 507Hz	23	0.507	70.00	0.079
167.693	0.05	Adapter 507Hz	23	0.507	70.00	0.079
167.773	0.05	Adapter 507Hz	23	0.507	70.00	0.079
168.033	0.05	Adapter 507Hz	23	0.507	70.00	0.079
168.113	0.05	Adapter 507Hz	23	0.507	70.00	0.079
168.193	0.05	Adapter 507Hz	23	0.507	70.00	0.079
168.273	0.05	Adapter 507Hz	23	0.507	70.00	0.079
168.533	0.05	Adapter 507Hz	23	0.507	70.00	0.079
168.613	0.05	Adapter 507Hz	23	0.507	70.00	0.079
168.693	0.05	Adapter 507Hz	23	0.507	70.00	0.079
168.773	0.05	Adapter 507Hz	23	0.507	70.00	0.079
169.033	0.05	Adapter 507Hz	23	0.507	70.00	0.079
169.113	0.05	Adapter 507Hz	23	0.507	70.00	0.079
169.193	0.05	Adapter 507Hz	23	0.507	70.00	0.079
169.273	0.05	Adapter 507Hz	23	0.507	70.00	0.079
169.533	0.05	Adapter 507Hz	23	0.507	70.00	0.079
169.613	0.05	Adapter 507Hz	23	0.507	70.00	0.079
169.693	0.05	Adapter 507Hz	23	0.507	70.00	0.079
169.773	0.05	Adapter 507Hz	23	0.507	70.00	0.079
170.033	0.05	Adapter 507Hz	23	0.507	70.00	0.079
170.113	0.05	Adapter 507Hz	23	0.507	70.00	0.079
170.193	0.05	Adapter 507Hz	23	0.507	70.00	0.079
170.273	0.05	Adapter 507Hz	23	0.507	70.00	0.079
170.533	0.05	Adapter 507Hz	23	0.507	70.00	0.079
170.613	0.05	Adapter 507Hz	23	0.507	70.00	0.079
170.693	0.05	Adapter 507Hz	23	0.507	70.00	0.079
170.773	0.05	Adapter 507Hz	23	0.507	70.00	0.079
171.033	0.05	Adapter 507Hz	23	0.507	70.00	0.079
171.113	0.05	Adapter 507Hz	23	0.507	70.00	0.079
171.193	0.05	Adapter 507Hz	23	0.507	70.00	0.079
171.273	0.05	Adapter 507Hz	23	0.507	70.00	0.079
171.533	0.05	Adapter 507Hz	23	0.507	70.00	0.079
171.613	0.05	Adapter 507Hz	23	0.507	70.00	0.079
171.693	0.05	Adapter 507Hz	23	0.507	70.00	0.079
171.773	0.05	Adapter 507Hz	23	0.507	70.00	0.079
172.033	0.05	Adapter 507Hz	23	0.507	70.00	0.079
172.113	0.05	Adapter 507Hz	23	0.507	70.00	0.079
172.193	0.05	Adapter 507Hz	23	0.507	70.00	0.079
172.273	0.05	Adapter 507Hz	23	0.507	70.00	0.079
175.005	0.05	Adapter 6009Hz	24	6.009	70.00	0.671
175.085	0.05	Adapter 6009Hz	24	6.009	70.00	0.671
175.165	0.05	Adapter 6009Hz	24	6.009	70.00	0.671
175.245	0.05	Adapter 6009Hz	24	6.009	70.00	0.671
175.505	0.05	Adapter 6009Hz	24	6.009	70.00	0.671
175.585	0.05	Adapter 6009Hz	24	6.009	70.00	0.671
175.665	0.05	Adapter 6009Hz	24	6.009	70.00	0.671
175.745	0.05	Adapter 6009Hz	24	6.009	70.00	0.671
176.005	0.05	Adapter 6009Hz	24	6.009	70.00	0.671
176.085	0.05	Adapter 6009Hz	24	6.009	70.00	0.671
176.165	0.05	Adapter 6009Hz	24	6.009	70.00	0.671
176.245	0.05	Adapter 6009Hz	24	6.009	70.00	0.671
176.505	0.05	Adapter 6009Hz	24	6.009	70.00	0.671
176.585	0.05	Adapter 6009Hz	24	6.009	70.00	0.671
176.665	0.05	Adapter 6009Hz	24	6.009	70.00	0.671
176.745	0.05	Adapter 6009Hz	24	6.009	70.00	0.671
177.005	0.05	Adapter 6009Hz	24	6.009	70.00	0.671
177.085	0.05	Adapter 6009Hz	24	6.009	70.00	0.671
177.165	0.05	Adapter 6009Hz	24	6.009	70.00	0.671
177.245	0.05	Adapter 6009Hz	24	6.009	70.00	0.671
177.505	0.05	Adapter 6009Hz	24	6.009	70.00	0.671
177.585	0.05	Adapter 6009Hz	24	6.009	70.00	0.671
177.665	0.05	Adapter 6009Hz	24	6.009	70.00	0.671
177.745	0.05	Adapter 6009Hz	24	6.009	70.00	0.671
178.005	0.05	Adapter 6009Hz	24	6.009	70.00	0.671
178.085	0.05	Adapter 6009Hz	24	6.009	70.00	0.671
178.165	0.05	Adapter 6009Hz	24	6.009	70.00	0.671
178.245	0.05	Adapter 6009Hz	24	6.009	70.00	0.671
178.505	0.05	Adapter 6009Hz	24	6.009	70.00	0.671
178.585	0.05	Adapter 6009Hz	24	6.009	70.00	0.671
178.665	0.05	Adapter 6009Hz	24	6.009	70.00	0.671
178.745	0.05	Adapter 6009Hz	24	6.009	70.00	0.671
179.005	0.05	Adapter 6009Hz	24	6.009	70.00	0.671
179.085	0.05	Adapter 6009Hz	24	6.009	70.00	0.671
179.165	0.05	Adapter 6009Hz	24	6.009	70.00	0.671
179.245	0.05	Adapter 6009Hz	24	6.009	70.00	0.671
179.505	0.05	Adapter 6009Hz	24	6.009	70.00	0.671
179.585	0.05	Adapter 6009Hz	24	6.009	70.00	0.671
179.665	0.05	Adapter 6009Hz	24	6.009	70.00	0.671
179.745	0.05	Adapter 6009Hz	24	6.009	70.00	0.671
182.54	0.05	Adapter 1501Hz	25	1.501	70.00	0.186
182.62	0.05	Adapter 1501Hz	25	1.501	70.00	0.186
182.7	0.05	Adapter 1501Hz	25	1.501	70.00	0.186
182.78	0.05	Adapter 1501Hz	25	1.501	70.00	0.186
183.04	0.05	Adapter 1501Hz	25	1.501	70.00	0.186
183.12	0.05	Adapter 1501Hz	25	1.501	70.00	0.186
183.2	0.05	Adapter 1501Hz	25	1.501	70.00	0.186
183.28	0.05	Adapter 1501Hz	25	1.501	70.00	0.186
183.54	0.05	Adapter 1501Hz	25	1.501	70.00	0.186
183.62	0.05	Adapter 1501Hz	25	1.501	70.00	0.186
183.7	0.05	Adapter 1501Hz	25	1.501	70.00	0.186
183.78	0.05	Adapter 1501Hz	25	1.501	70.00	0.186
184.04	0.05	Adapter 1501Hz	25	1.501	70.00	0.186
184.12	0.05	Adapter 1501Hz	25	1.501	70.00	0.186
184.2	0.05	Adapter 1501Hz	25	1.501	70.00	0.186
184.28	0.05	Adapter 1501Hz	25	1.501	70.00	0.186
184.54	0.05	Adapter 1501Hz	25	1.501	70.00	0.186
184.62	0.05	Adapter 1501Hz	25	1.501	70.00	0.186
184.7	0.05	Adapter 1501Hz	25	1.501	70.00	0.186
184.78	0.05	Adapter 1501Hz	25	1.501	70.00	0.186
185.04	0.05	Adapter 1501Hz	25	1.501	70.00	0.186
185.12	0.05	Adapter 1501Hz	25	1.501	70.00	0.186
185.2	0.05	Adapter 1501Hz	25	1.501	70.00	0.186
185.28	0.05	Adapter 1501Hz	25	1.501	70.00	0.186
185.54	0.05	Adapter 1501Hz	25	1.501	70.00	0.186
185.62	0.05	Adapter 1501Hz	25	1.501	70.00	0.186
185.7	0.05	Adapter 1501Hz	25	1.501	70.00	0.186
185.78	0.05	Adapter 1501Hz	25	1.501	70.00	0.186
186.04	0.05	Adapter 1501Hz	25	1.501	70.00	0.186
186.12	0.05	Adapter 1501Hz	25	1.501	70.00	0.186
186.2	0.05	Adapter 1501Hz	25	1.501	70.00	0.186
186.28	0.05	Adapter 1501Hz	25	1.501	70.00	0.186
186.54	0.05	Adapter 1501Hz	25	1.501	70.00	0.186
186.62	0.05	Adapter 1501Hz	25	1.501	70.00	0.186
186.7	0.05	Adapter 1501Hz	25	1.501	70.00	0.186
186.78	0.05	Adapter 1501Hz	25	1.501	70.00	0.186
187.04	0.05	Adapter 1501Hz	25	1.501	70.00	0.186
187.12	0.05	Adapter 1501Hz	25	1.501	70.00	0.186
187.2	0.05	Adapter 1501Hz	25	1.501	70.00	0.186
187.28	0.05	Adapter 1501Hz	25	1.501	70.00	0.186
197.532	0.05	Adapter 251Hz	27	0.251	70.00	0.052
197.612	0.05	Adapter 251Hz	27	0.251	70.00	0.052
197.692	0.05	Adapter 251Hz	27	0.251	70.00	0.052
197.772	0.05	Adapter 251Hz	27	0.251	70.00	0.052
198.032	0.05	Adapter 251Hz	27	0.251	70.00	0.052
198.112	0.05	Adapter 251Hz	27	0.251	70.00	0.052
198.192	0.05	Adapter 251Hz	27	0.251	70.00	0.052
198.272	0.05	Adapter 251Hz	27	0.251	70.00	0.052
198.532	0.05	Adapter 251Hz	27	0.251	70.00	0.052
198.612	0.05	Adapter 251Hz	27	0.251	70.00	0.052
198.692	0.05	Adapter 251Hz	27	0.251	70.00	0.052
198.772	0.05	Adapter 251Hz	27	0.251	70.00	0.052
199.032	0.05	Adapter 251Hz	27	0.251	70.00	0.052
199.112	0.05	Adapter 251Hz	27	0.251	70.00	0.052
199.192	0.05	Adapter 251Hz	27	0.251	70.00	0.052
199.272	0.05	Adapter 251Hz	27	0.251	70.00	0.052
199.532	0.05	Adapter 251Hz	27	0.251	70.00	0.052
199.612	0.05	Adapter 251Hz	27	0.251	70.00	0.052
199.692	0.05	Adapter 251Hz	27	0.251	70.00	0.052
199.772	0.05	Adapter 251Hz	27	0.251	70.00	0.052
200.032	0.05	Adapter 251Hz	27	0.251	70.00	0.052
200.112	0.05	Adapter 251Hz	27	0.251	70.00	0.052
200.192	0.05	Adapter 251Hz	27	0.251	70.00	0.052
200.272	0.05	Adapter 251Hz	27	0.251	70.00	0.052
200.532	0.05	Adapter 251Hz	27	0.251	70.00	0.052
200.612	0.05	Adapter 251Hz	27	0.251	70.00	0.052
200.692	0.05	Adapter 251Hz	27	0.251	70.00	0.052
200.772	0.05	Adapter 251Hz	27	0.251	70.00	0.052
201.032	0.05	Adapter 251Hz	27	0.251	70.00	0.052
201.112	0.05	Adapter 251Hz	27	0.251	70.00	0.052
201.192	0.05	Adapter 251Hz	27	0.251	70.00	0.052
201.272	0.05	Adapter 251Hz	27	0.251	70.00	0.052
201.532	0.05	Adapter 251Hz	27	0.251	70.00	0.052
201.612	0.05	Adapter 251Hz	27	0.251	70.00	0.052
201.692	0.05	Adapter 251Hz	27	0.251	70.00	0.052
201.772	0.05	Adapter 251Hz	27	0.251	70.00	0.052
202.032	0.05	Adapter 251Hz	27	0.251	70.00	0.052
202.112	0.05	Adapter 251Hz	27	0.251	70.00	0.052
202.192	0.05	Adapter 251Hz	27	0.251	70.00	0.052
202.272	0.05	Adapter 251Hz	27	0.251	70.00	0.052
205.004	0.05	Adapter 2423Hz	28	2.423	70.00	0.285
205.084	0.05	Adapter 2423Hz	28	2.423	70.00	0.285
205.164	0.05	Adapter 2423Hz	28	2.423	70.00	0.285
205.244	0.05	Adapter 2423Hz	28	2.423	70.00	0.285
205.504	0.05	Adapter 2423Hz	28	2.423	70.00	0.285
205.584	0.05	Adapter 2423Hz	28	2.423	70.00	0.285
205.664	0.05	Adapter 2423Hz	28	2.423	70.00	0.285
205.744	0.05	Adapter 2423Hz	28	2.423	70.00	0.285
206.004	0.05	Adapter 2423Hz	28	2.423	70.00	0.285
206.084	0.05	Adapter 2423Hz	28	2.423	70.00	0.285
206.164	0.05	Adapter 2423Hz	28	2.423	70.00	0.285
206.244	0.05	Adapter 2423Hz	28	2.423	70.00	0.285
206.504	0.05	Adapter 2423Hz	28	2.423	70.00	0.285
206.584	0.05	Adapter 2423Hz	28	2.423	70.00	0.285
206.664	0.05	Adapter 2423Hz	28	2.423	70.00	0.285
206.744	0.05	Adapter 2423Hz	28	2.423	70.00	0.285
207.004	0.05	Adapter 2423Hz	28	2.423	70.00	0.285
207.084	0.05	Adapter 2423Hz	28	2.423	70.00	0.285
207.164	0.05	Adapter 2423Hz	28	2.423	70.00	0.285
207.244	0.05	Adapter 2423Hz	28	2.423	70.00	0.285
207.504	0.05	Adapter 2423Hz	28	2.423	70.00	0.285
207.584	0.05	Adapter 2423Hz	28	2.423	70.00	0.285
207.664	0.05	Adapter 2423Hz	28	2.423	70.00	0.285
207.744	0.05	Adapter 2423Hz	28	2.423	70.00	0.285
208.004	0.05	Adapter 2423Hz	28	2.423	70.00	0.285
208.084	0.05	Adapter 2423Hz	28	2.423	70.00	0.285
208.164	0.05	Adapter 2423Hz	28	2.423	70.00	0.285
208.244	0.05	Adapter 2423Hz	28	2.423	70.00	0.285
208.504	0.05	Adapter 2423Hz	28	2.423	70.00	0.285
208.584	0.05	Adapter 2423Hz	28	2.423	70.00	0.285
208.664	0.05	Adapter 2423Hz	28	2.423	70.00	0.285
208.744	0.05	Adapter 2423Hz	28	2.423	70.00	0.285
209.004	0.05	Adapter 2423Hz	28	2.423	70.00	0.285
209.084	0.05	Adapter 2423Hz	28	2.423	70.00	0.285
209.164	0.05	Adapter 2423Hz	28	2.423	70.00	0.285
209.244	0.05	Adapter 2423Hz	28	2.423	70.00	0.285
209.504	0.05	Adapter 2423Hz	28	2.423	70.00	0.285
209.584	0.05	Adapter 2423Hz	28	2.423	70.00	0.285
209.664	0.05	Adapter 2423Hz	28	2.423	70.00	0.285
209.744	0.05	Adapter 2423Hz	28	2.423	70.00	0.285
212.539	0.05	Adapter 3839Hz	29	3.839	70.00	0.437
212.619	0.05	Adapter 3839Hz	29	3.839	70.00	0.437
212.699	0.05	Adapter 3839Hz	29	3.839	70.00	0.437
212.779	0.05	Adapter 3839Hz	29	3.839	70.00	0.437
213.039	0.05	Adapter 3839Hz	29	3.839	70.00	0.437
213.119	0.05	Adapter 3839Hz	29	3.839	70.00	0.437
213.199	0.05	Adapter 3839Hz	29	3.839	70.00	0.437
213.279	0.05	Adapter 3839Hz	29	3.839	70.00	0.437
213.539	0.05	Adapter 3839Hz	29	3.839	70.00	0.437
213.619	0.05	Adapter 3839Hz	29	3.839	70.00	0.437
213.699	0.05	Adapter 3839Hz	29	3.839	70.00	0.437
213.779	0.05	Adapter 3839Hz	29	3.839	70.00	0.437
214.039	0.05	Adapter 3839Hz	29	3.839	70.00	0.437
214.119	0.05	Adapter 3839Hz	29	3.839	70.00	0.437
214.199	0.05	Adapter 3839Hz	29	3.839	70.00	0.437
214.279	0.05	Adapter 3839Hz	29	3.839	70.00	0.437
214.539	0.05	Adapter 3839Hz	29	3.839	70.00	0.437
214.619	0.05	Adapter 3839Hz	29	3.839	70.00	0.437
214.699	0.05	Adapter 3839Hz	29	3.839	70.00	0.437
214.779	0.05	Adapter 3839Hz	29	3.839	70.00	0.437
215.039	0.05	Adapter 3839Hz	29	3.839	70.00	0.437
215.119	0.05	Adapter 3839Hz	29	3.839	70.00	0.437
215.199	0.05	Adapter 3839Hz	29	3.839	70.00	0.437
215.279	0.05	Adapter 3839Hz	29	3.839	70.00	0.437
215.539	0.05	Adapter 3839Hz	29	3.839	70.00	0.437
215.619	0.05	Adapter 3839Hz	29	3.839	70.00	0.437
215.699	0.05	Adapter 3839Hz	29	3.839	70.00	0.437
215.779	0.05	Adapter 3839Hz	29	3.839	70.00	0.437
216.039	0.05	Adapter 3839Hz	29	3.839	70.00	0.437
216.119	0.05	Adapter 3839Hz	29	3.839	70.00	0.437
216.199	0.05	Adapter 3839Hz	29	3.839	70.00	0.437
216.279	0.05	Adapter 3839Hz	29	3.839	70.00	0.437
216.539	0.05	Adapter 3839Hz	29	3.839	70.00	0.437
216.619	0.05	Adapter 3839Hz	29	3.839	70.00	0.437
216.699	0.05	Adapter 3839Hz	29	3.839	70.00	0.437
216.779	0.05	Adapter 3839Hz	29	3.839	70.00	0.437
217.039	0.05	Adapter 3839Hz	29	3.839	70.00	0.437
217.119	0.05	Adapter 3839Hz	29	3.839	70.00	0.437
217.199	0.05	Adapter 3839Hz	29	3.839	70.00	0.437
217.279	0.05	Adapter 3839Hz	29	3.839	70.00	0.437
220.027	0.05	Adapter 3839Hz Probe 3839Hz	30	3.839	70.00	0.437
220.107	0.05	Adapter 3839Hz Probe 3839Hz	30	3.839	70.00	0.437
220.187	0.05	Adapter 3839Hz Probe 3839Hz	30	3.839	70.00	0.437
220.267	0.05	Adapter 3839Hz Probe 3839Hz	30	3.839	70.00	0.437
220.347	0.05	Adapter 3839Hz Probe 3839Hz	30	3.839	70.00	0.437
220.527	0.05	Adapter 3839Hz Probe 3839Hz	30	3.839	70.00	0.437
220.607	0.05	Adapter 3839Hz Probe 3839Hz	30	3.839	70.00	0.437
220.687	0.05	Adapter 3839Hz Probe 3839Hz	30	3.839	70.00	0.437
220.767	0.05	Adapter 3839Hz Probe 3839Hz	30	3.839	70.00	0.437
220.847	0.05	Adapter 3839Hz Probe 3839Hz	30	3.839	70.00	0.437
221.027	0.05	Adapter 3839Hz Probe 3839Hz	30	3.839	70.00	0.437
221.107	0.05	Adapter 3839Hz Probe 3839Hz	30	3.839	70.00	0.437
221.187	0.05	Adapter 3839Hz Probe 3839Hz	30	3.839	70.00	0.437
221.267	0.05	Adapter 3839Hz Probe 3839Hz	30	3.839	70.00	0.437
221.347	0.05	Adapter 3839Hz Probe 3839Hz	30	3.839	70.00	0.437
221.527	0.05	Adapter 3839Hz Probe 3839Hz	30	3.839	70.00	0.437
221.607	0.05	Adapter 3839Hz Probe 3839Hz	30	3.839	70.00	0.437
221.687	0.05	Adapter 3839Hz Probe 3839Hz	30	3.839	70.00	0.437
221.767	0.05	Adapter 3839Hz Probe 3839Hz	30	3.839	70.00	0.437
221.847	0.05	Adapter 3839Hz Probe 3839Hz	30	3.839	70.00	0.437
222.027	0.05	Adapter 3839Hz Probe 3839Hz	30	3.839	70.00	0.437
222.107	0.05	Adapter 3839Hz Probe 3839Hz	30	3.839	70.00	0.437
222.187	0.05	Adapter 3839Hz Probe 3839Hz	30	3.839	70.00	0.437
222.267	0.05	Adapter 3839Hz Probe 3839Hz	30	3.839	70.00	0.437
222.347	0.05	Adapter 3839Hz Probe 3839Hz	30	3.839	70.00	0.437
222.527	0.05	Adapter 3839Hz Probe 3839Hz	30	3.839	70.00	0.437
222.607	0.05	Adapter 3839Hz Probe 3839Hz	30	3.839	70.00	0.437
222.687	0.05	Adapter 3839Hz Probe 3839Hz	30	3.839	70.00	0.437
222.767	0.05	Adapter 3839Hz Probe 3839Hz	30	3.839	70.00	0.437
222.847	0.05	Adapter 3839Hz Probe 3839Hz	30	3.839	70.00	0.437
223.027	0.05	Adapter 3839Hz Probe 3839Hz	30	3.839	70.00	0.437
223.107	0.05	Adapter 3839Hz Probe 3839Hz	30	3.839	70.00	0.437
223.187	0.05	Adapter 3839Hz Probe 3839Hz	30	3.839	70.00	0.437
223.267	0.05	Adapter 3839Hz Probe 3839Hz	30	3.839	70.00	0.437
223.347	0.05	Adapter 3839Hz Probe 3839Hz	30	3.839	70.00	0.437
223.527	0.05	Adapter 3839Hz Probe 3839Hz	30	3.839	70.00	0.437
223.607	0.05	Adapter 3839Hz Probe 3839Hz	30	3.839	70.00	0.437
223.687	0.05	Adapter 3839Hz Probe 3839Hz	30	3.839	70.00	0.437
223.767	0.05	Adapter 3839Hz Probe 3839Hz	30	3.839	70.00	0.437
223.847	0.05	Adapter 3839Hz Probe 3839Hz	30	3.839	70.00	0.437
224.027	0.05	Adapter 3839Hz Probe 3839Hz	30	3.839	70.00	0.437
224.107	0.05	Adapter 3839Hz Probe 3839Hz	30	3.839	70.00	0.437
224.187	0.05	Adapter 3839Hz Probe 3839Hz	30	3.839	70.00	0.437
224.267	0.05	Adapter 3839Hz Probe 3839Hz	30	3.839	70.00	0.437
224.347	0.05	Adapter 3839Hz Probe 3839Hz	30	3.839	70.00	0.437
224.527	0.05	Adapter 3839Hz Probe 3839Hz	30	3.839	70.00	0.437
224.607	0.05	Adapter 3839Hz Probe 3839Hz	30	3.839	70.00	0.437
224.687	0.05	Adapter 3839Hz Probe 3839Hz	30	3.839	70.00	0.437
224.767	0.05	Adapter 3839Hz Probe 3839Hz	30	3.839	70.00	0.437
224.847	0.05	Adapter 3839Hz Probe 3839Hz	30	3.839	70.00	0.437
227.515	0.05	Adapter 899Hz	31	0.899	70.00	0.121
227.595	0.05	Adapter 899Hz	31	0.899	70.00	0.121
227.675	0.05	Adapter 899Hz	31	0.899	70.00	0.121
227.755	0.05	Adapter 899Hz	31	0.899	70.00	0.121
228.015	0.05	Adapter 899Hz	31	0.899	70.00	0.121
228.095	0.05	Adapter 899Hz	31	0.899	70.00	0.121
228.175	0.05	Adapter 899Hz	31	0.899	70.00	0.121
228.255	0.05	Adapter 899Hz	31	0.899	70.00	0.121
228.515	0.05	Adapter 899Hz	31	0.899	70.00	0.121
228.595	0.05	Adapter 899Hz	31	0.899	70.00	0.121
228.675	0.05	Adapter 899Hz	31	0.899	70.00	0.121
228.755	0.05	Adapter 899Hz	31	0.899	70.00	0.121
229.015	0.05	Adapter 899Hz	31	0.899	70.00	0.121
229.095	0.05	Adapter 899Hz	31	0.899	70.00	0.121
229.175	0.05	Adapter 899Hz	31	0.899	70.00	0.121
229.255	0.05	Adapter 899Hz	31	0.899	70.00	0.121
229.515	0.05	Adapter 899Hz	31	0.899	70.00	0.121
229.595	0.05	Adapter 899Hz	31	0.899	70.00	0.121
229.675	0.05	Adapter 899Hz	31	0.899	70.00	0.121
229.755	0.05	Adapter 899Hz	31	0.899	70.00	0.121
230.015	0.05	Adapter 899Hz	31	0.899	70.00	0.121
230.095	0.05	Adapter 899Hz	31	0.899	70.00	0.121
230.175	0.05	Adapter 899Hz	31	0.899	70.00	0.121
230.255	0.05	Adapter 899Hz	31	0.899	70.00	0.121
230.515	0.05	Adapter 899Hz	31	0.899	70.00	0.121
230.595	0.05	Adapter 899Hz	31	0.899	70.00	0.121
230.675	0.05	Adapter 899Hz	31	0.899	70.00	0.121
230.755	0.05	Adapter 899Hz	31	0.899	70.00	0.121
231.015	0.05	Adapter 899Hz	31	0.899	70.00	0.121
231.095	0.05	Adapter 899Hz	31	0.899	70.00	0.121
231.175	0.05	Adapter 899Hz	31	0.899	70.00	0.121
231.255	0.05	Adapter 899Hz	31	0.899	70.00	0.121
231.515	0.05	Adapter 899Hz	31	0.899	70.00	0.121
231.595	0.05	Adapter 899Hz	31	0.899	70.00	0.121
231.675	0.05	Adapter 899Hz	31	0.899	70.00	0.121
231.755	0.05	Adapter 899Hz	31	0.899	70.00	0.121
232.015	0.05	Adapter 899Hz	31	0.899	70.00	0.121
232.095	0.05	Adapter 899Hz	31	0.899	70.00	0.121
232.175	0.05	Adapter 899Hz	31	0.899	70.00	0.121
232.255	0.05	Adapter 899Hz	31	0.899	70.00	0.121
235.003	0.05	Adapter 507Hz Probe 3839Hz	32	0.507	70.00	0.079
235.083	0.05	Adapter 507Hz Probe 3839Hz	32	0.507	70.00	0.079
235.163	0.05	Adapter 507Hz Probe 3839Hz	32	0.507	70.00	0.079
235.243	0.05	Adapter 507Hz Probe 3839Hz	32	0.507	70.00	0.079
235.323	0.05	Adapter 507Hz Probe 3839Hz	32	3.839	70.00	0.437
235.503	0.05	Adapter 507Hz Probe 3839Hz	32	0.507	70.00	0.079
235.583	0.05	Adapter 507Hz Probe 3839Hz	32	0.507	70.00	0.079
235.663	0.05	Adapter 507Hz Probe 3839Hz	32	0.507	70.00	0.079
235.743	0.05	Adapter 507Hz Probe 3839Hz	32	0.507	70.00	0.079
235.823	0.05	Adapter 507Hz Probe 3839Hz	32	3.839	70.00	0.437
236.003	0.05	Adapter 507Hz Probe 3839Hz	32	0.507	70.00	0.079
236.083	0.05	Adapter 507Hz Probe 3839Hz	32	0.507	70.00	0.079
236.163	0.05	Adapter 507Hz Probe 3839Hz	32	0.507	70.00	0.079
236.243	0.05	Adapter 507Hz Probe 3839Hz	32	0.507	70.00	0.079
236.323	0.05	Adapter 507Hz Probe 3839Hz	32	3.839	70.00	0.437
236.503	0.05	Adapter 507Hz Probe 3839Hz	32	0.507	70.00	0.079
236.583	0.05	Adapter 507Hz Probe 3839Hz	32	0.507	70.00	0.079
236.663	0.05	Adapter 507Hz Probe 3839Hz	32	0.507	70.00	0.079
236.743	0.05	Adapter 507Hz Probe 3839Hz	32	0.507	70.00	0.079
236.823	0.05	Adapter 507Hz Probe 3839Hz	32	3.839	70.00	0.437
237.003	0.05	Adapter 507Hz Probe 3839Hz	32	0.507	70.00	0.079
237.083	0.05	Adapter 507Hz Probe 3839Hz	32	0.507	70.00	0.079
237.163	0.05	Adapter 507Hz Probe 3839Hz	32	0.507	70.00	0.079
237.243	0.05	Adapter 507Hz Probe 3839Hz	32	0.507	70.00	0.079
237.323	0.05	Adapter 507Hz Probe 3839Hz	32	3.839	70.00	0.437
237.503	0.05	Adapter 507Hz Probe 3839Hz	32	0.507	70.00	0.079
237.583	0.05	Adapter 507Hz Probe 3839Hz	32	0.507	70.00	0.079
237.663	0.05	Adapter 507Hz Probe 3839Hz	32	0.507	70.00	0.079
237.743	0.05	Adapter 507Hz Probe 3839Hz	32	0.507	70.00	0.079
237.823	0.05	Adapter 507Hz Probe 3839Hz	32	3.839	70.00	0.437
238.003	0.05	Adapter 507Hz Probe 3839Hz	32	0.507	70.00	0.079
238.083	0.05	Adapter 507Hz Probe 3839Hz	32	0.507	70.00	0.079
238.163	0.05	Adapter 507Hz Probe 3839Hz	32	0.507	70.00	0.079
238.243	0.05	Adapter 507Hz Probe 3839Hz	32	0.507	70.00	0.079
238.323	0.05	Adapter 507Hz Probe 3839Hz	32	3.839	70.00	0.437
238.503	0.05	Adapter 507Hz Probe 3839Hz	32	0.507	70.00	0.079
238.583	0.05	Adapter 507Hz Probe 3839Hz	32	0.507	70.00	0.079
238.663	0.05	Adapter 507Hz Probe 3839Hz	32	0.507	70.00	0.079
238.743	0.05	Adapter 507Hz Probe 3839Hz	32	0.507	70.00	0.079
238.823	0.05	Adapter 507Hz Probe 3839Hz	32	3.839	70.00	0.437
239.003	0.05	Adapter 507Hz Probe 3839Hz	32	0.507	70.00	0.079
239.083	0.05	Adapter 507Hz Probe 3839Hz	32	0.507	70.00	0.079
239.163	0.05	Adapter 507Hz Probe 3839Hz	32	0.507	70.00	0.079
239.243	0.05	Adapter 507Hz Probe 3839Hz	32	0.507	70.00	0.079
239.323	0.05	Adapter 507Hz Probe 3839Hz	32	3.839	70.00	0.437
239.503	0.05	Adapter 507Hz Probe 3839Hz	32	0.507	70.00	0.079
239.583	0.05	Adapter 507Hz Probe 3839Hz	32	0.507	70.00	0.079
239.663	0.05	Adapter 507Hz Probe 3839Hz	32	0.507	70.00	0.079
239.743	0.05	Adapter 507Hz Probe 3839Hz	32	0.507	70.00	0.079
239.823	0.05	Adapter 507Hz Probe 3839Hz	32	3.839	70.00	0.437
250.042	0.05	Adapter 251Hz	34	0.251	70.00	0.052
250.122	0.05	Adapter 251Hz	34	0.251	70.00	0.052
250.202	0.05	Adapter 251Hz	34	0.251	70.00	0.052
250.282	0.05	Adapter 251Hz	34	0.251	70.00	0.052
250.542	0.05	Adapter 251Hz	34	0.251	70.00	0.052
250.622	0.05	Adapter 251Hz	34	0.251	70.00	0.052
250.702	0.05	Adapter 251Hz	34	0.251	70.00	0.052
250.782	0.05	Adapter 251Hz	34	0.251	70.00	0.052
251.042	0.05	Adapter 251Hz	34	0.251	70.00	0.052
251.122	0.05	Adapter 251Hz	34	0.251	70.00	0.052
251.202	0.05	Adapter 251Hz	34	0.251	70.00	0.052
251.282	0.05	Adapter 251Hz	34	0.251	70.00	0.052
251.542	0.05	Adapter 251Hz	34	0.251	70.00	0.052
251.622	0.05	Adapter 251Hz	34	0.251	70.00	0.052
251.702	0.05	Adapter 251Hz	34	0.251	70.00	0.052
251.782	0.05	Adapter 251Hz	34	0.251	70.00	0.052
252.042	0.05	Adapter 251Hz	34	0.251	70.00	0.052
252.122	0.05	Adapter 251Hz	34	0.251	70.00	0.052
252.202	0.05	Adapter 251Hz	34	0.251	70.00	0.052
252.282	0.05	Adapter 251Hz	34	0.251	70.00	0.052
252.542	0.05	Adapter 251Hz	34	0.251	70.00	0.052
252.622	0.05	Adapter 251Hz	34	0.251	70.00	0.052
252.702	0.05	Adapter 251Hz	34	0.251	70.00	0.052
252.782	0.05	Adapter 251Hz	34	0.251	70.00	0.052
253.042	0.05	Adapter 251Hz	34	0.251	70.00	0.052
253.122	0.05	Adapter 251Hz	34	0.251	70.00	0.052
253.202	0.05	Adapter 251Hz	34	0.251	70.00	0.052
253.282	0.05	Adapter 251Hz	34	0.251	70.00	0.052
253.542	0.05	Adapter 251Hz	34	0.251	70.00	0.052
253.622	0.05	Adapter 251Hz	34	0.251	70.00	0.052
253.702	0.05	Adapter 251Hz	34	0.251	70.00	0.052
253.782	0.05	Adapter 251Hz	34	0.251	70.00	0.052
254.042	0.05	Adapter 251Hz	34	0.251	70.00	0.052
254.122	0.05	Adapter 251Hz	34	0.251	70.00	0.052
254.202	0.05	Adapter 251Hz	34	0.251	70.00	0.052
254.282	0.05	Adapter 251Hz	34	0.251	70.00	0.052
254.542	0.05	Adapter 251Hz	34	0.251	70.00	0.052
254.622	0.05	Adapter 251Hz	34	0.251	70.00	0.052
254.702	0.05	Adapter 251Hz	34	0.251	70.00	0.052
254.782	0.05	Adapter 251Hz	34	0.251	70.00	0.052
257.514	0.05	Adapter 3839Hz	35	3.839	70.00	0.437
257.594	0.05	Adapter 3839Hz	35	3.839	70.00	0.437
257.674	0.05	Adapter 3839Hz	35	3.839	70.00	0.437
257.754	0.05	Adapter 3839Hz	35	3.839	70.00	0.437
258.014	0.05	Adapter 3839Hz	35	3.839	70.00	0.437
258.094	0.05	Adapter 3839Hz	35	3.839	70.00	0.437
258.174	0.05	Adapter 3839Hz	35	3.839	70.00	0.437
258.254	0.05	Adapter 3839Hz	35	3.839	70.00	0.437
258.514	0.05	Adapter 3839Hz	35	3.839	70.00	0.437
258.594	0.05	Adapter 3839Hz	35	3.839	70.00	0.437
258.674	0.05	Adapter 3839Hz	35	3.839	70.00	0.437
258.754	0.05	Adapter 3839Hz	35	3.839	70.00	0.437
259.014	0.05	Adapter 3839Hz	35	3.839	70.00	0.437
259.094	0.05	Adapter 3839Hz	35	3.839	70.00	0.437
259.174	0.05	Adapter 3839Hz	35	3.839	70.00	0.437
259.254	0.05	Adapter 3839Hz	35	3.839	70.00	0.437
259.514	0.05	Adapter 3839Hz	35	3.839	70.00	0.437
259.594	0.05	Adapter 3839Hz	35	3.839	70.00	0.437
259.674	0.05	Adapter 3839Hz	35	3.839	70.00	0.437
259.754	0.05	Adapter 3839Hz	35	3.839	70.00	0.437
260.014	0.05	Adapter 3839Hz	35	3.839	70.00	0.437
260.094	0.05	Adapter 3839Hz	35	3.839	70.00	0.437
260.174	0.05	Adapter 3839Hz	35	3.839	70.00	0.437
260.254	0.05	Adapter 3839Hz	35	3.839	70.00	0.437
260.514	0.05	Adapter 3839Hz	35	3.839	70.00	0.437
260.594	0.05	Adapter 3839Hz	35	3.839	70.00	0.437
260.674	0.05	Adapter 3839Hz	35	3.839	70.00	0.437
260.754	0.05	Adapter 3839Hz	35	3.839	70.00	0.437
261.014	0.05	Adapter 3839Hz	35	3.839	70.00	0.437
261.094	0.05	Adapter 3839Hz	35	3.839	70.00	0.437
261.174	0.05	Adapter 3839Hz	35	3.839	70.00	0.437
261.254	0.05	Adapter 3839Hz	35	3.839	70.00	0.437
261.514	0.05	Adapter 3839Hz	35	3.839	70.00	0.437
261.594	0.05	Adapter 3839Hz	35	3.839	70.00	0.437
261.674	0.05	Adapter 3839Hz	35	3.839	70.00	0.437
261.754	0.05	Adapter 3839Hz	35	3.839	70.00	0.437
262.014	0.05	Adapter 3839Hz	35	3.839	70.00	0.437
262.094	0.05	Adapter 3839Hz	35	3.839	70.00	0.437
262.174	0.05	Adapter 3839Hz	35	3.839	70.00	0.437
262.254	0.05	Adapter 3839Hz	35	3.839	70.00	0.437
272.506	0.05	Adapter 507Hz Probe 3839Hz	37	0.507	70.00	0.079
272.586	0.05	Adapter 507Hz Probe 3839Hz	37	0.507	70.00	0.079
272.666	0.05	Adapter 507Hz Probe 3839Hz	37	0.507	70.00	0.079
272.746	0.05	Adapter 507Hz Probe 3839Hz	37	0.507	70.00	0.079
272.826	0.05	Adapter 507Hz Probe 3839Hz	37	3.839	70.00	0.437
273.006	0.05	Adapter 507Hz Probe 3839Hz	37	0.507	70.00	0.079
273.086	0.05	Adapter 507Hz Probe 3839Hz	37	0.507	70.00	0.079
273.166	0.05	Adapter 507Hz Probe 3839Hz	37	0.507	70.00	0.079
273.246	0.05	Adapter 507Hz Probe 3839Hz	37	0.507	70.00	0.079
273.326	0.05	Adapter 507Hz Probe 3839Hz	37	3.839	70.00	0.437
273.506	0.05	Adapter 507Hz Probe 3839Hz	37	0.507	70.00	0.079
273.586	0.05	Adapter 507Hz Probe 3839Hz	37	0.507	70.00	0.079
273.666	0.05	Adapter 507Hz Probe 3839Hz	37	0.507	70.00	0.079
273.746	0.05	Adapter 507Hz Probe 3839Hz	37	0.507	70.00	0.079
273.826	0.05	Adapter 507Hz Probe 3839Hz	37	3.839	70.00	0.437
274.006	0.05	Adapter 507Hz Probe 3839Hz	37	0.507	70.00	0.079
274.086	0.05	Adapter 507Hz Probe 3839Hz	37	0.507	70.00	0.079
274.166	0.05	Adapter 507Hz Probe 3839Hz	37	0.507	70.00	0.079
274.246	0.05	Adapter 507Hz Probe 3839Hz	37	0.507	70.00	0.079
274.326	0.05	Adapter 507Hz Probe 3839Hz	37	3.839	70.00	0.437
274.506	0.05	Adapter 507Hz Probe 3839Hz	37	0.507	70.00	0.079
274.586	0.05	Adapter 507Hz Probe 3839Hz	37	0.507	70.00	0.079
274.666	0.05	Adapter 507Hz Probe 3839Hz	37	0.507	70.00	0.079
274.746	0.05	Adapter 507Hz Probe 3839Hz	37	0.507	70.00	0.079
274.826	0.05	Adapter 507Hz Probe 3839Hz	37	3.839	70.00	0.437
275.006	0.05	Adapter 507Hz Probe 3839Hz	37	0.507	70.00	0.079
275.086	0.05	Adapter 507Hz Probe 3839Hz	37	0.507	70.00	0.079
275.166	0.05	Adapter 507Hz Probe 3839Hz	37	0.507	70.00	0.079
275.246	0.05	Adapter 507Hz Probe 3839Hz	37	0.507	70.00	0.079
275.326	0.05	Adapter 507Hz Probe 3839Hz	37	3.839	70.00	0.437
275.506	0.05	Adapter 507Hz Probe 3839Hz	37	0.507	70.00	0.079
275.586	0.05	Adapter 507Hz Probe 3839Hz	37	0.507	70.00	0.079
275.666	0.05	Adapter 507Hz Probe 3839Hz	37	0.507	70.00	0.079
275.746	0.05	Adapter 507Hz Probe 3839Hz	37	0.507	70.00	0.079
275.826	0.05	Adapter 507Hz Probe 3839Hz	37	3.839	70.00	0.437
276.006	0.05	Adapter 507Hz Probe 3839Hz	37	0.507	70.00	0.079
276.086	0.05	Adapter 507Hz Probe 3839Hz	37	0.507	70.00	0.079
276.166	0.05	Adapter 507Hz Probe 3839Hz	37	0.507	70.00	0.079
276.246	0.05	Adapter 507Hz Probe 3839Hz	37	0.507	70.00	0.079
276.326	0.05	Adapter 507Hz Probe 3839Hz	37	3.839	70.00	0.437
276.506	0.05	Adapter 507Hz Probe 3839Hz	37	0.507	70.00	0.079
276.586	0.05	Adapter 507Hz Probe 3839Hz	37	0.507	70.00	0.079
276.666	0.05	Adapter 507Hz Probe 3839Hz	37	0.507	70.00	0.079
276.746	0.05	Adapter 507Hz Probe 3839Hz	37	0.507	70.00	0.079
276.826	0.05	Adapter 507Hz Probe 3839Hz	37	3.839	70.00	0.437
277.006	0.05	Adapter 507Hz Probe 3839Hz	37	0.507	70.00	0.079
277.086	0.05	Adapter 507Hz Probe 3839Hz	37	0.507	70.00	0.079
277.166	0.05	Adapter 507Hz Probe 3839Hz	37	0.507	70.00	0.079
277.246	0.05	Adapter 507Hz Probe 3839Hz	37	0.507	70.00	0.079
277.326	0.05	Adapter 507Hz Probe 3839Hz	37	3.839	70.00	0.437
280.04	0.05	Adapter 1501Hz	38	1.501	70.00	0.186
280.12	0.05	Adapter 1501Hz	38	1.501	70.00	0.186
280.2	0.05	Adapter 1501Hz	38	1.501	70.00	0.186
280.28	0.05	Adapter 1501Hz	38	1.501	70.00	0.186
280.54	0.05	Adapter 1501Hz	38	1.501	70.00	0.186
280.62	0.05	Adapter 1501Hz	38	1.501	70.00	0.186
280.7	0.05	Adapter 1501Hz	38	1.501	70.00	0.186
280.78	0.05	Adapter 1501Hz	38	1.501	70.00	0.186
281.04	0.05	Adapter 1501Hz	38	1.501	70.00	0.186
281.12	0.05	Adapter 1501Hz	38	1.501	70.00	0.186
281.2	0.05	Adapter 1501Hz	38	1.501	70.00	0.186
281.28	0.05	Adapter 1501Hz	38	1.501	70.00	0.186
281.54	0.05	Adapter 1501Hz	38	1.501	70.00	0.186
281.62	0.05	Adapter 1501Hz	38	1.501	70.00	0.186
281.7	0.05	Adapter 1501Hz	38	1.501	70.00	0.186
281.78	0.05	Adapter 1501Hz	38	1.501	70.00	0.186
282.04	0.05	Adapter 1501Hz	38	1.501	70.00	0.186
282.12	0.05	Adapter 1501Hz	38	1.501	70.00	0.186
282.2	0.05	Adapter 1501Hz	38	1.501	70.00	0.186
282.28	0.05	Adapter 1501Hz	38	1.501	70.00	0.186
282.54	0.05	Adapter 1501Hz	38	1.501	70.00	0.186
282.62	0.05	Adapter 1501Hz	38	1.501	70.00	0.186
282.7	0.05	Adapter 1501Hz	38	1.501	70.00	0.186
282.78	0.05	Adapter 1501Hz	38	1.501	70.00	0.186
283.04	0.05	Adapter 1501Hz	38	1.501	70.00	0.186
283.12	0.05	Adapter 1501Hz	38	1.501	70.00	0.186
283.2	0.05	Adapter 1501Hz	38	1.501	70.00	0.186
283.28	0.05	Adapter 1501Hz	38	1.501	70.00	0.186
283.54	0.05	Adapter 1501Hz	38	1.501	70.00	0.186
283.62	0.05	Adapter 1501Hz	38	1.501	70.00	0.186
283.7	0.05	Adapter 1501Hz	38	1.501	70.00	0.186
283.78	0.05	Adapter 1501Hz	38	1.501	70.00	0.186
284.04	0.05	Adapter 1501Hz	38	1.501	70.00	0.186
284.12	0.05	Adapter 1501Hz	38	1.501	70.00	0.186
284.2	0.05	Adapter 1501Hz	38	1.501	70.00	0.186
284.28	0.05	Adapter 1501Hz	38	1.501	70.00	0.186
284.54	0.05	Adapter 1501Hz	38	1.501	70.00	0.186
284.62	0.05	Adapter 1501Hz	38	1.501	70.00	0.186
284.7	0.05	Adapter 1501Hz	38	1.501	70.00	0.186
284.78	0.05	Adapter 1501Hz	38	1.501	70.00	0.186
287.513	0.05	Adapter 899Hz	39	0.899	70.00	0.121
287.593	0.05	Adapter 899Hz	39	0.899	70.00	0.121
287.673	0.05	Adapter 899Hz	39	0.899	70.00	0.121
287.753	0.05	Adapter 899Hz	39	0.899	70.00	0.121
288.013	0.05	Adapter 899Hz	39	0.899	70.00	0.121
288.093	0.05	Adapter 899Hz	39	0.899	70.00	0.121
288.173	0.05	Adapter 899Hz	39	0.899	70.00	0.121
288.253	0.05	Adapter 899Hz	39	0.899	70.00	0.121
288.513	0.05	Adapter 899Hz	39	0.899	70.00	0.121
288.593	0.05	Adapter 899Hz	39	0.899	70.00	0.121
288.673	0.05	Adapter 899Hz	39	0.899	70.00	0.121
288.753	0.05	Adapter 899Hz	39	0.899	70.00	0.121
289.013	0.05	Adapter 899Hz	39	0.899	70.00	0.121
289.093	0.05	Adapter 899Hz	39	0.899	70.00	0.121
289.173	0.05	Adapter 899Hz	39	0.899	70.00	0.121
289.253	0.05	Adapter 899Hz	39	0.899	70.00	0.121
289.513	0.05	Adapter 899Hz	39	0.899	70.00	0.121
289.593	0.05	Adapter 899Hz	39	0.899	70.00	0.121
289.673	0.05	Adapter 899Hz	39	0.899	70.00	0.121
289.753	0.05	Adapter 899Hz	39	0.899	70.00	0.121
290.013	0.05	Adapter 899Hz	39	0.899	70.00	0.121
290.093	0.05	Adapter 899Hz	39	0.899	70.00	0.121
290.173	0.05	Adapter 899Hz	39	0.899	70.00	0.121
290.253	0.05	Adapter 899Hz	39	0.899	70.00	0.121
290.513	0.05	Adapter 899Hz	39	0.899	70.00	0.121
290.593	0.05	Adapter 899Hz	39	0.899	70.00	0.121
290.673	0.05	Adapter 899Hz	39	0.899	70.00	0.121
290.753	0.05	Adapter 899Hz	39	0.899	70.00	0.121
291.013	0.05	Adapter 899Hz	39	0.899	70.00	0.121
291.093	0.05	Adapter 899Hz	39	0.899	70.00	0.121
291.173	0.05	Adapter 899Hz	39	0.899	70.00	0.121
291.253	0.05	Adapter 899Hz	39	0.899	70.00	0.121
291.513	0.05	Adapter 899Hz	39	0.899	70.00	0.121
291.593	0.05	Adapter 899Hz	39	0.899	70.00	0.121
291.673	0.05	Adapter 899Hz	39	0.899	70.00	0.121
291.753	0.05	Adapter 899Hz	39	0.899	70.00	0.121
292.013	0.05	Adapter 899Hz	39	0.899	70.00	0.121
292.093	0.05	Adapter 899Hz	39	0.899	70.00	0.121
292.173	0.05	Adapter 899Hz	39	0.899	70.00	0.121
292.253	0.05	Adapter 899Hz	39	0.899	70.00	0.121
295.001	0.05	Adapter 899Hz Probe 3839Hz	40	0.899	70.00	0.121
295.081	0.05	Adapter 899Hz Probe 3839Hz	40	0.899	70.00	0.121
295.161	0.05	Adapter 899Hz Probe 3839Hz	40	0.899	70.00	0.121
295.241	0.05	Adapter 899Hz Probe 3839Hz	40	0.899	70.00	0.121
295.321	0.05	Adapter 899Hz Probe 3839Hz	40	3.839	70.00	0.437
295.501	0.05	Adapter 899Hz Probe 3839Hz	40	0.899	70.00	0.121
295.581	0.05	Adapter 899Hz Probe 3839Hz	40	0.899	70.00	0.121
295.661	0.05	Adapter 899Hz Probe 3839Hz	40	0.899	70.00	0.121
295.741	0.05	Adapter 899Hz Probe 3839Hz	40	0.899	70.00	0.121
295.821	0.05	Adapter 899Hz Probe 3839Hz	40	3.839	70.00	0.437
296.001	0.05	Adapter 899Hz Probe 3839Hz	40	0.899	70.00	0.121
296.081	0.05	Adapter 899Hz Probe 3839Hz	40	0.899	70.00	0.121
296.161	0.05	Adapter 899Hz Probe 3839Hz	40	0.899	70.00	0.121
296.241	0.05	Adapter 899Hz Probe 3839Hz	40	0.899	70.00	0.121
296.321	0.05	Adapter 899Hz Probe 3839Hz	40	3.839	70.00	0.437
296.501	0.05	Adapter 899Hz Probe 3839Hz	40	0.899	70.00	0.121
296.581	0.05	Adapter 899Hz Probe 3839Hz	40	0.899	70.00	0.121
296.661	0.05	Adapter 899Hz Probe 3839Hz	40	0.899	70.00	0.121
296.741	0.05	Adapter 899Hz Probe 3839Hz	40	0.899	70.00	0.121
296.821	0.05	Adapter 899Hz Probe 3839Hz	40	3.839	70.00	0.437
297.001	0.05	Adapter 899Hz Probe 3839Hz	40	0.899	70.00	0.121
297.081	0.05	Adapter 899Hz Probe 3839Hz	40	0.899	70.00	0.121
297.161	0.05	Adapter 899Hz Probe 3839Hz	40	0.899	70.00	0.121
297.241	0.05	Adapter 899Hz Probe 3839Hz	40	0.899	70.00	0.121
297.321	0.05	Adapter 899Hz Probe 3839Hz	40	3.839	70.00	0.437
297.501	0.05	Adapter 899Hz Probe 3839Hz	40	0.899	70.00	0.121
297.581	0.05	Adapter 899Hz Probe 3839Hz	40	0.899	70.00	0.121
297.661	0.05	Adapter 899Hz Probe 3839Hz	40	0.899	70.00	0.121
297.741	0.05	Adapter 899Hz Probe 3839Hz	40	0.899	70.00	0.121
297.821	0.05	Adapter 899Hz Probe 3839Hz	40	3.839	70.00	0.437
298.001	0.05	Adapter 899Hz Probe 3839Hz	40	0.899	70.00	0.121
298.081	0.05	Adapter 899Hz Probe 3839Hz	40	0.899	70.00	0.121
298.161	0.05	Adapter 899Hz Probe 3839Hz	40	0.899	70.00	0.121
298.241	0.05	Adapter 899Hz Probe 3839Hz	40	0.899	70.00	0.121
298.321	0.05	Adapter 899Hz Probe 3839Hz	40	3.839	70.00	0.437
298.501	0.05	Adapter 899Hz Probe 3839Hz	40	0.899	70.00	0.121
298.581	0.05	Adapter 899Hz Probe 3839Hz	40	0.899	70.00	0.121
298.661	0.05	Adapter 899Hz Probe 3839Hz	40	0.899	70.00	0.121
298.741	0.05	Adapter 899Hz Probe 3839Hz	40	0.899	70.00	0.121
298.821	0.05	Adapter 899Hz Probe 3839Hz	40	3.839	70.00	0.437
299.001	0.05	Adapter 899Hz Probe 3839Hz	40	0.899	70.00	0.121
299.081	0.05	Adapter 899Hz Probe 3839Hz	40	0.899	70.00	0.121
299.161	0.05	Adapter 899Hz Probe 3839Hz	40	0.899	70.00	0.121
299.241	0.05	Adapter 899Hz Probe 3839Hz	40	0.899	70.00	0.121
299.321	0.05	Adapter 899Hz Probe 3839Hz	40	3.839	70.00	0.437
299.501	0.05	Adapter 899Hz Probe 3839Hz	40	0.899	70.00	0.121
299.581	0.05	Adapter 899Hz Probe 3839Hz	40	0.899	70.00	0.121
299.661	0.05	Adapter 899Hz Probe 3839Hz	40	0.899	70.00	0.121
299.741	0.05	Adapter 899Hz Probe 3839Hz	40	0.899	70.00	0.121
299.821	0.05	Adapter 899Hz Probe 3839Hz	40	3.839	70.00	0.437
302.536	0.05	Adapter 6009Hz	41	6.009	70.00	0.671
302.616	0.05	Adapter 6009Hz	41	6.009	70.00	0.671
302.696	0.05	Adapter 6009Hz	41	6.009	70.00	0.671
302.776	0.05	Adapter 6009Hz	41	6.009	70.00	0.671
303.036	0.05	Adapter 6009Hz	41	6.009	70.00	0.671
303.116	0.05	Adapter 6009Hz	41	6.009	70.00	0.671
303.196	0.05	Adapter 6009Hz	41	6.009	70.00	0.671
303.276	0.05	Adapter 6009Hz	41	6.009	70.00	0.671
303.536	0.05	Adapter 6009Hz	41	6.009	70.00	0.671
303.616	0.05	Adapter 6009Hz	41	6.009	70.00	0.671
303.696	0.05	Adapter 6009Hz	41	6.009	70.00	0.671
303.776	0.05	Adapter 6009Hz	41	6.009	70.00	0.671
304.036	0.05	Adapter 6009Hz	41	6.009	70.00	0.671
304.116	0.05	Adapter 6009Hz	41	6.009	70.00	0.671
304.196	0.05	Adapter 6009Hz	41	6.009	70.00	0.671
304.276	0.05	Adapter 6009Hz	41	6.009	70.00	0.671
304.536	0.05	Adapter 6009Hz	41	6.009	70.00	0.671
304.616	0.05	Adapter 6009Hz	41	6.009	70.00	0.671
304.696	0.05	Adapter 6009Hz	41	6.009	70.00	0.671
304.776	0.05	Adapter 6009Hz	41	6.009	70.00	0.671
305.036	0.05	Adapter 6009Hz	41	6.009	70.00	0.671
305.116	0.05	Adapter 6009Hz	41	6.009	70.00	0.671
305.196	0.05	Adapter 6009Hz	41	6.009	70.00	0.671
305.276	0.05	Adapter 6009Hz	41	6.009	70.00	0.671
305.536	0.05	Adapter 6009Hz	41	6.009	70.00	0.671
305.616	0.05	Adapter 6009Hz	41	6.009	70.00	0.671
305.696	0.05	Adapter 6009Hz	41	6.009	70.00	0.671
305.776	0.05	Adapter 6009Hz	41	6.009	70.00	0.671
306.036	0.05	Adapter 6009Hz	41	6.009	70.00	0.671
306.116	0.05	Adapter 6009Hz	41	6.009	70.00	0.671
306.196	0.05	Adapter 6009Hz	41	6.009	70.00	0.671
306.276	0.05	Adapter 6009Hz	41	6.009	70.00	0.671
306.536	0.05	Adapter 6009Hz	41	6.009	70.00	0.671
306.616	0.05	Adapter 6009Hz	41	6.009	70.00	0.671
306.696	0.05	Adapter 6009Hz	41	6.009	70.00	0.671
306.776	0.05	Adapter 6009Hz	41	6.009	70.00	0.671
307.036	0.05	Adapter 6009Hz	41	6.009	70.00	0.671
307.116	0.05	Adapter 6009Hz	41	6.009	70.00	0.671
307.196	0.05	Adapter 6009Hz	41	6.009	70.00	0.671
307.276	0.05	Adapter 6009Hz	41	6.009	70.00	0.671
310.008	0.05	Adapter 507Hz	42	0.507	70.00	0.079
310.088	0.05	Adapter 507Hz	42	0.507	70.00	0.079
310.168	0.05	Adapter 507Hz	42	0.507	70.00	0.079
310.248	0.05	Adapter 507Hz	42	0.507	70.00	0.079
310.508	0.05	Adapter 507Hz	42	0.507	70.00	0.079
310.588	0.05	Adapter 507Hz	42	0.507	70.00	0.079
310.668	0.05	Adapter 507Hz	42	0.507	70.00	0.079
310.748	0.05	Adapter 507Hz	42	0.507	70.00	0.079
311.008	0.05	Adapter 507Hz	42	0.507	70.00	0.079
311.088	0.05	Adapter 507Hz	42	0.507	70.00	0.079
311.168	0.05	Adapter 507Hz	42	0.507	70.00	0.079
311.248	0.05	Adapter 507Hz	42	0.507	70.00	0.079
311.508	0.05	Adapter 507Hz	42	0.507	70.00	0.079
311.588	0.05	Adapter 507Hz	42	0.507	70.00	0.079
311.668	0.05	Adapter 507Hz	42	0.507	70.00	0.079
311.748	0.05	Adapter 507Hz	42	0.507	70.00	0.079
312.008	0.05	Adapter 507Hz	42	0.507	70.00	0.079
312.088	0.05	Adapter 507Hz	42	0.507	70.00	0.079
312.168	0.05	Adapter 507Hz	42	0.507	70.00	0.079
312.248	0.05	Adapter 507Hz	42	0.507	70.00	0.079
312.508	0.05	Adapter 507Hz	42	0.507	70.00	0.079
312.588	0.05	Adapter 507Hz	42	0.507	70.00	0.079
312.668	0.05	Adapter 507Hz	42	0.507	70.00	0.079
312.748	0.05	Adapter 507Hz	42	0.507	70.00	0.079
313.008	0.05	Adapter 507Hz	42	0.507	70.00	0.079
313.088	0.05	Adapter 507Hz	42	0.507	70.00	0.079
313.168	0.05	Adapter 507Hz	42	0.507	70.00	0.079
313.248	0.05	Adapter 507Hz	42	0.507	70.00	0.079
313.508	0.05	Adapter 507Hz	42	0.507	70.00	0.079
313.588	0.05	Adapter 507Hz	42	0.507	70.00	0.079
313.668	0.05	Adapter 507Hz	42	0.507	70.00	0.079
313.748	0.05	Adapter 507Hz	42	0.507	70.00	0.079
314.008	0.05	Adapter 507Hz	42	0.507	70.00	0.079
314.088	0.05	Adapter 507Hz	42	0.507	70.00	0.079
314.168	0.05	Adapter 507Hz	42	0.507	70.00	0.079
314.248	0.05	Adapter 507Hz	42	0.507	70.00	0.079
314.508	0.05	Adapter 507Hz	42	0.507	70.00	0.079
314.588	0.05	Adapter 507Hz	42	0.507	70.00	0.079
314.668	0.05	Adapter 507Hz	42	0.507	70.00	0.079
314.748	0.05	Adapter 507Hz	42	0.507	70.00	0.079
317.543	0.05	Adapter 2423Hz	43	2.423	70.00	0.285
317.623	0.05	Adapter 2423Hz	43	2.423	70.00	0.285
317.703	0.05	Adapter 2423Hz	43	2.423	70.00	0.285
317.783	0.05	Adapter 2423Hz	43	2.423	70.00	0.285
318.043	0.05	Adapter 2423Hz	43	2.423	70.00	0.285
318.123	0.05	Adapter 2423Hz	43	2.423	70.00	0.285
318.203	0.05	Adapter 2423Hz	43	2.423	70.00	0.285
318.283	0.05	Adapter 2423Hz	43	2.423	70.00	0.285
318.543	0.05	Adapter 2423Hz	43	2.423	70.00	0.285
318.623	0.05	Adapter 2423Hz	43	2.423	70.00	0.285
318.703	0.05	Adapter 2423Hz	43	2.423	70.00	0.285
318.783	0.05	Adapter 2423Hz	43	2.423	70.00	0.285
319.043	0.05	Adapter 2423Hz	43	2.423	70.00	0.285
319.123	0.05	Adapter 2423Hz	43	2.423	70.00	0.285
319.203	0.05	Adapter 2423Hz	43	2.423	70.00	0.285
319.283	0.05	Adapter 2423Hz	43	2.423	70.00	0.285
319.543	0.05	Adapter 2423Hz	43	2.423	70.00	0.285
319.623	0.05	Adapter 2423Hz	43	2.423	70.00	0.285
319.703	0.05	Adapter 2423Hz	43	2.423	70.00	0.285
319.783	0.05	Adapter 2423Hz	43	2.423	70.00	0.285
320.043	0.05	Adapter 2423Hz	43	2.423	70.00	0.285
320.123	0.05	Adapter 2423Hz	43	2.423	70.00	0.285
320.203	0.05	Adapter 2423Hz	43	2.423	70.00	0.285
320.283	0.05	Adapter 2423Hz	43	2.423	70.00	0.285
320.543	0.05	Adapter 2423Hz	43	2.423	70.00	0.285
320.623	0.05	Adapter 2423Hz	43	2.423	70.00	0.285
320.703	0.05	Adapter 2423Hz	43	2.423	70.00	0.285
320.783	0.05	Adapter 2423Hz	43	2.423	70.00	0.285
321.043	0.05	Adapter 2423Hz	43	2.423	70.00	0.285
321.123	0.05	Adapter 2423Hz	43	2.423	70.00	0.285
321.203	0.05	Adapter 2423Hz	43	2.423	70.00	0.285
321.283	0.05	Adapter 2423Hz	43	2.423	70.00	0.285
321.543	0.05	Adapter 2423Hz	43	2.423	70.00	0.285
321.623	0.05	Adapter 2423Hz	43	2.423	70.00	0.285
321.703	0.05	Adapter 2423Hz	43	2.423	70.00	0.285
321.783	0.05	Adapter 2423Hz	43	2.423	70.00	0.285
322.043	0.05	Adapter 2423Hz	43	2.423	70.00	0.285
322.123	0.05	Adapter 2423Hz	43	2.423	70.00	0.285
322.203	0.05	Adapter 2423Hz	43	2.423	70.00	0.285
322.283	0.05	Adapter 2423Hz	43	2.423	70.00	0.285
332.535	0.05	Adapter 2423Hz Probe 3839Hz	45	2.423	70.00	0.285
332.615	0.05	Adapter 2423Hz Probe 3839Hz	45	2.423	70.00	0.285
332.695	0.05	Adapter 2423Hz Probe 3839Hz	45	2.423	70.00	0.285
332.775	0.05	Adapter 2423Hz Probe 3839Hz	45	2.423	70.00	0.285
332.855	0.05	Adapter 2423Hz Probe 3839Hz	45	3.839	70.00	0.437
333.035	0.05	Adapter 2423Hz Probe 3839Hz	45	2.423	70.00	0.285
333.115	0.05	Adapter 2423Hz Probe 3839Hz	45	2.423	70.00	0.285
333.195	0.05	Adapter 2423Hz Probe 3839Hz	45	2.423	70.00	0.285
333.275	0.05	Adapter 2423Hz Probe 3839Hz	45	2.423	70.00	0.285
333.355	0.05	Adapter 2423Hz Probe 3839Hz	45	3.839	70.00	0.437
333.535	0.05	Adapter 2423Hz Probe 3839Hz	45	2.423	70.00	0.285
333.615	0.05	Adapter 2423Hz Probe 3839Hz	45	2.423	70.00	0.285
333.695	0.05	Adapter 2423Hz Probe 3839Hz	45	2.423	70.00	0.285
333.775	0.05	Adapter 2423Hz Probe 3839Hz	45	2.423	70.00	0.285
333.855	0.05	Adapter 2423Hz Probe 3839Hz	45	3.839	70.00	0.437
334.035	0.05	Adapter 2423Hz Probe 3839Hz	45	2.423	70.00	0.285
334.115	0.05	Adapter 2423Hz Probe 3839Hz	45	2.423	70.00	0.285
334.195	0.05	Adapter 2423Hz Probe 3839Hz	45	2.423	70.00	0.285
334.275	0.05	Adapter 2423Hz Probe 3839Hz	45	2.423	70.00	0.285
334.355	0.05	Adapter 2423Hz Probe 3839Hz	45	3.839	70.00	0.437
334.535	0.05	Adapter 2423Hz Probe 3839Hz	45	2.423	70.00	0.285
334.615	0.05	Adapter 2423Hz Probe 3839Hz	45	2.423	70.00	0.285
334.695	0.05	Adapter 2423Hz Probe 3839Hz	45	2.423	70.00	0.285
334.775	0.05	Adapter 2423Hz Probe 3839Hz	45	2.423	70.00	0.285
334.855	0.05	Adapter 2423Hz Probe 3839Hz	45	3.839	70.00	0.437
335.035	0.05	Adapter 2423Hz Probe 3839Hz	45	2.423	70.00	0.285
335.115	0.05	Adapter 2423Hz Probe 3839Hz	45	2.423	70.00	0.285
335.195	0.05	Adapter 2423Hz Probe 3839Hz	45	2.423	70.00	0.285
335.275	0.05	Adapter 2423Hz Probe 3839Hz	45	2.423	70.00	0.285
335.355	0.05	Adapter 2423Hz Probe 3839Hz	45	3.839	70.00	0.437
335.535	0.05	Adapter 2423Hz Probe 3839Hz	45	2.423	70.00	0.285
335.615	0.05	Adapter 2423Hz Probe 3839Hz	45	2.423	70.00	0.285
335.695	0.05	Adapter 2423Hz Probe 3839Hz	45	2.423	70.00	0.285
335.775	0.05	Adapter 2423Hz Probe 3839Hz	45	2.423	70.00	0.285
335.855	0.05	Adapter 2423Hz Probe 3839Hz	45	3.839	70.00	0.437
336.035	0.05	Adapter 2423Hz Probe 3839Hz	45	2.423	70.00	0.285
336.115	0.05	Adapter 2423Hz Probe 3839Hz	45	2.423	70.00	0.285
336.195	0.05	Adapter 2423Hz Probe 3839Hz	45	2.423	70.00	0.285
336.275	0.05	Adapter 2423Hz Probe 3839Hz	45	2.423	70.00	0.285
336.355	0.05	Adapter 2423Hz Probe 3839Hz	45	3.839	70.00	0.437
336.535	0.05	Adapter 2423Hz Probe 3839Hz	45	2.423	70.00	0.285
336.615	0.05	Adapter 2423Hz Probe 3839Hz	45	2.423	70.00	0.285
336.695	0.05	Adapter 2423Hz Probe 3839Hz	45	2.423	70.00	0.285
336.775	0.05	Adapter 2423Hz Probe 3839Hz	45	2.423	70.00	0.285
336.855	0.05	Adapter 2423Hz Probe 3839Hz	45	3.839	70.00	0.437
337.035	0.05	Adapter 2423Hz Probe 3839Hz	45	2.423	70.00	0.285
337.115	0.05	Adapter 2423Hz Probe 3839Hz	45	2.423	70.00	0.285
337.195	0.05	Adapter 2423Hz Probe 3839Hz	45	2.423	70.00	0.285
337.275	0.05	Adapter 2423Hz Probe 3839Hz	45	2.423	70.00	0.285
337.355	0.05	Adapter 2423Hz Probe 3839Hz	45	3.839	70.00	0.437
340.374	0.05	Probe 3839Hz	46	3.839	70.00	0.437
340.874	0.05	Probe 3839Hz	46	3.839	70.00	0.437
341.374	0.05	Probe 3839Hz	46	3.839	70.00	0.437
341.874	0.05	Probe 3839Hz	46	3.839	70.00	0.437
342.374	0.05	Probe 3839Hz	46	3.839	70.00	0.437
342.874	0.05	Probe 3839Hz	46	3.839	70.00	0.437
343.374	0.05	Probe 3839Hz	46	3.839	70.00	0.437
343.874	0.05	Probe 3839Hz	46	3.839	70.00	0.437
344.374	0.05	Probe 3839Hz	46	3.839	70.00	0.437
344.874	0.05	Probe 3839Hz	46	3.839	70.00	0.437
347.542	0.05	Adapter 1501Hz Probe 3839Hz	47	1.501	70.00	0.186
347.622	0.05	Adapter 1501Hz Probe 3839Hz	47	1.501	70.00	0.186
347.702	0.05	Adapter 1501Hz Probe 3839Hz	47	1.501	70.00	0.186
347.782	0.05	Adapter 1501Hz Probe 3839Hz	47	1.501	70.00	0.186
347.862	0.05	Adapter 1501Hz Probe 3839Hz	47	3.839	70.00	0.437
348.042	0.05	Adapter 1501Hz Probe 3839Hz	47	1.501	70.00	0.186
348.122	0.05	Adapter 1501Hz Probe 3839Hz	47	1.501	70.00	0.186
348.202	0.05	Adapter 1501Hz Probe 3839Hz	47	1.501	70.00	0.186
348.282	0.05	Adapter 1501Hz Probe 3839Hz	47	1.501	70.00	0.186
348.362	0.05	Adapter 1501Hz Probe 3839Hz	47	3.839	70.00	0.437
348.542	0.05	Adapter 1501Hz Probe 3839Hz	47	1.501	70.00	0.186
348.622	0.05	Adapter 1501Hz Probe 3839Hz	47	1.501	70.00	0.186
348.702	0.05	Adapter 1501Hz Probe 3839Hz	47	1.501	70.00	0.186
348.782	0.05	Adapter 1501Hz Probe 3839Hz	47	1.501	70.00	0.186
348.862	0.05	Adapter 1501Hz Probe 3839Hz	47	3.839	70.00	0.437
349.042	0.05	Adapter 1501Hz Probe 3839Hz	47	1.501	70.00	0.186
349.122	0.05	Adapter 1501Hz Probe 3839Hz	47	1.501	70.00	0.186
349.202	0.05	Adapter 1501Hz Probe 3839Hz	47	1.501	70.00	0.186
349.282	0.05	Adapter 1501Hz Probe 3839Hz	47	1.501	70.00	0.186
349.362	0.05	Adapter 1501Hz Probe 3839Hz	47	3.839	70.00	0.437
349.542	0.05	Adapter 1501Hz Probe 3839Hz	47	1.501	70.00	0.186
349.622	0.05	Adapter 1501Hz Probe 3839Hz	47	1.501	70.00	0.186
349.702	0.05	Adapter 1501Hz Probe 3839Hz	47	1.501	70.00	0.186
349.782	0.05	Adapter 1501Hz Probe 3839Hz	47	1.501	70.00	0.186
349.862	0.05	Adapter 1501Hz Probe 3839Hz	47	3.839	70.00	0.437
350.042	0.05	Adapter 1501Hz Probe 3839Hz	47	1.501	70.00	0.186
350.122	0.05	Adapter 1501Hz Probe 3839Hz	47	1.501	70.00	0.186
350.202	0.05	Adapter 1501Hz Probe 3839Hz	47	1.501	70.00	0.186
350.282	0.05	Adapter 1501Hz Probe 3839Hz	47	1.501	70.00	0.186
350.362	0.05	Adapter 1501Hz Probe 3839Hz	47	3.839	70.00	0.437
350.542	0.05	Adapter 1501Hz Probe 3839Hz	47	1.501	70.00	0.186
350.622	0.05	Adapter 1501Hz Probe 3839Hz	47	1.501	70.00	0.186
350.702	0.05	Adapter 1501Hz Probe 3839Hz	47	1.501	70.00	0.186
350.782	0.05	Adapter 1501Hz Probe 3839Hz	47	1.501	70.00	0.186
350.862	0.05	Adapter 1501Hz Probe 3839Hz	47	3.839	70.00	0.437
351.042	0.05	Adapter 1501Hz Probe 3839Hz	47	1.501	70.00	0.186
351.122	0.05	Adapter 1501Hz Probe 3839Hz	47	1.501	70.00	0.186
351.202	0.05	Adapter 1501Hz Probe 3839Hz	47	1.501	70.00	0.186
351.282	0.05	Adapter 1501Hz Probe 3839Hz	47	1.501	70.00	0.186
351.362	0.05	Adapter 1501Hz Probe 3839Hz	47	3.839	70.00	0.437
351.542	0.05	Adapter 1501Hz Probe 3839Hz	47	1.501	70.00	0.186
351.622	0.05	Adapter 1501Hz Probe 3839Hz	47	1.501	70.00	0.186
351.702	0.05	Adapter 1501Hz Probe 3839Hz	47	1.501	70.00	0.186
351.782	0.05	Adapter 1501Hz Probe 3839Hz	47	1.501	70.00	0.186
351.862	0.05	Adapter 1501Hz Probe 3839Hz	47	3.839	70.00	0.437
352.042	0.05	Adapter 1501Hz Probe 3839Hz	47	1.501	70.00	0.186
352.122	0.05	Adapter 1501Hz Probe 3839Hz	47	1.501	70.00	0.186
352.202	0.05	Adapter 1501Hz Probe 3839Hz	47	1.501	70.00	0.186
352.282	0.05	Adapter 1501Hz Probe 3839Hz	47	1.501	70.00	0.186
352.362	0.05	Adapter 1501Hz Probe 3839Hz	47	3.839	70.00	0.437
355.03	0.05	Adapter 3839Hz Probe 3839Hz	48	3.839	70.00	0.437
355.11	0.05	Adapter 3839Hz Probe 3839Hz	48	3.839	70.00	0.437
355.19	0.05	Adapter 3839Hz Probe 3839Hz	48	3.839	70.00	0.437
355.27	0.05	Adapter 3839Hz Probe 3839Hz	48	3.839	70.00	0.437
355.35	0.05	Adapter 3839Hz Probe 3839Hz	48	3.839	70.00	0.437
355.53	0.05	Adapter 3839Hz Probe 3839Hz	48	3.839	70.00	0.437
355.61	0.05	Adapter 3839Hz Probe 3839Hz	48	3.839	70.00	0.437
355.69	0.05	Adapter 3839Hz Probe 3839Hz	48	3.839	70.00	0.437
355.77	0.05	Adapter 3839Hz Probe 3839Hz	48	3.839	70.00	0.437
355.85	0.05	Adapter 3839Hz Probe 3839Hz	48	3.839	70.00	0.437
356.03	0.05	Adapter 3839Hz Probe 3839Hz	48	3.839	70.00	0.437
356.11	0.05	Adapter 3839Hz Probe 3839Hz	48	3.839	70.00	0.437
356.19	0.05	Adapter 3839Hz Probe 3839Hz	48	3.839	70.00	0.437
356.27	0.05	Adapter 3839Hz Probe 3839Hz	48	3.839	70.00	0.437
356.35	0.05	Adapter 3839Hz Probe 3839Hz	48	3.839	70.00	0.437
356.53	0.05	Adapter 3839Hz Probe 3839Hz	48	3.839	70.00	0.437
356.61	0.05	Adapter 3839Hz Probe 3839Hz	48	3.839	70.00	0.437
356.69	0.05	Adapter 3839Hz Probe 3839Hz	48	3.839	70.00	0.437
356.77	0.05	Adapter 3839Hz Probe 3839Hz	48	3.839	70.00	0.437
356.85	0.05	Adapter 3839Hz Probe 3839Hz	48	3.839	70.00	0.437
357.03	0.05	Adapter 3839Hz Probe 3839Hz	48	3.839	70.00	0.437
357.11	0.05	Adapter 3839Hz Probe 3839Hz	48	3.839	70.00	0.437
357.19	0.05	Adapter 3839Hz Probe 3839Hz	48	3.839	70.00	0.437
357.27	0.05	Adapter 3839Hz Probe 3839Hz	48	3.839	70.00	0.437
357.35	0.05	Adapter 3839Hz Probe 3839Hz	48	3.839	70.00	0.437
357.53	0.05	Adapter 3839Hz Probe 3839Hz	48	3.839	70.00	0.437
357.61	0.05	Adapter 3839Hz Probe 3839Hz	48	3.839	70.00	0.437
357.69	0.05	Adapter 3839Hz Probe 3839Hz	48	3.839	70.00	0.437
357.77	0.05	Adapter 3839Hz Probe 3839Hz	48	3.839	70.00	0.437
357.85	0.05	Adapter 3839Hz Probe 3839Hz	48	3.839	70.00	0.437
358.03	0.05	Adapter 3839Hz Probe 3839Hz	48	3.839	70.00	0.437
358.11	0.05	Adapter 3839Hz Probe 3839Hz	48	3.839	70.00	0.437
358.19	0.05	Adapter 3839Hz Probe 3839Hz	48	3.839	70.00	0.437
358.27	0.05	Adapter 3839Hz Probe 3839Hz	48	3.839	70.00	0.437
358.35	0.05	Adapter 3839Hz Probe 3839Hz	48	3.839	70.00	0.437
358.53	0.05	Adapter 3839Hz Probe 3839Hz	48	3.839	70.00	0.437
358.61	0.05	Adapter 3839Hz Probe 3839Hz	48	3.839	70.00	0.437
358.69	0.05	Adapter 3839Hz Probe 3839Hz	48	3.839	70.00	0.437
358.77	0.05	Adapter 3839Hz Probe 3839Hz	48	3.839	70.00	0.437
358.85	0.05	Adapter 3839Hz Probe 3839Hz	48	3.839	70.00	0.437
359.03	0.05	Adapter 3839Hz Probe 3839Hz	48	3.839	70.00	0.437
359.11	0.05	Adapter 3839Hz Probe 3839Hz	48	3.839	70.00	0.437
359.19	0.05	Adapter 3839Hz Probe 3839Hz	48	3.839	70.00	0.437
359.27	0.05	Adapter 3839Hz Probe 3839Hz	48	3.839	70.00	0.437
359.35	0.05	Adapter 3839Hz Probe 3839Hz	48	3.839	70.00	0.437
359.53	0.05	Adapter 3839Hz Probe 3839Hz	48	3.839	70.00	0.437
359.61	0.05	Adapter 3839Hz Probe 3839Hz	48	3.839	70.00	0.437
359.69	0.05	Adapter 3839Hz Probe 3839Hz	48	3.839	70.00	0.437
359.77	0.05	Adapter 3839Hz Probe 3839Hz	48	3.839	70.00	0.437
359.85	0.05	Adapter 3839Hz Probe 3839Hz	48	3.839	70.00	0.437
362.518	0.05	Adapter 251Hz	49	0.251	70.00	0.052
362.598	0.05	Adapter 251Hz	49	0.251	70.00	0.052
362.678	0.05	Adapter 251Hz	49	0.251	70.00	0.052
362.758	0.05	Adapter 251Hz	49	0.251	70.00	0.052
363.018	0.05	Adapter 251Hz	49	0.251	70.00	0.052
363.098	0.05	Adapter 251Hz	49	0.251	70.00	0.052
363.178	0.05	Adapter 251Hz	49	0.251	70.00	0.052
363.258	0.05	Adapter 251Hz	49	0.251	70.00	0.052
363.518	0.05	Adapter 251Hz	49	0.251	70.00	0.052
363.598	0.05	Adapter 251Hz	49	0.251	70.00	0.052
363.678	0.05	Adapter 251Hz	49	0.251	70.00	0.052
363.758	0.05	Adapter 251Hz	49	0.251	70.00	0.052
364.018	0.05	Adapter 251Hz	49	0.251	70.00	0.052
364.098	0.05	Adapter 251Hz	49	0.251	70.00	0.052
364.178	0.05	Adapter 251Hz	49	0.251	70.00	0.052
364.258	0.05	Adapter 251Hz	49	0.251	70.00	0.052
364.518	0.05	Adapter 251Hz	49	0.251	70.00	0.052
364.598	0.05	Adapter 251Hz	49	0.251	70.00	0.052
364.678	0.05	Adapter 251Hz	49	0.251	70.00	0.052
364.758	0.05	Adapter 251Hz	49	0.251	70.00	0.052
365.018	0.05	Adapter 251Hz	49	0.251	70.00	0.052
365.098	0.05	Adapter 251Hz	49	0.251	70.00	0.052
365.178	0.05	Adapter 251Hz	49	0.251	70.00	0.052
365.258	0.05	Adapter 251Hz	49	0.251	70.00	0.052
365.518	0.05	Adapter 251Hz	49	0.251	70.00	0.052
365.598	0.05	Adapter 251Hz	49	0.251	70.00	0.052
365.678	0.05	Adapter 251Hz	49	0.251	70.00	0.052
365.758	0.05	Adapter 251Hz	49	0.251	70.00	0.052
366.018	0.05	Adapter 251Hz	49	0.251	70.00	0.052
366.098	0.05	Adapter 251Hz	49	0.251	70.00	0.052
366.178	0.05	Adapter 251Hz	49	0.251	70.00	0.052
366.258	0.05	Adapter 251Hz	49	0.251	70.00	0.052
366.518	0.05	Adapter 251Hz	49	0.251	70.00	0.052
366.598	0.05	Adapter 251Hz	49	0.251	70.00	0.052
366.678	0.05	Adapter 251Hz	49	0.251	70.00	0.052
366.758	0.05	Adapter 251Hz	49	0.251	70.00	0.052
367.018	0.05	Adapter 251Hz	49	0.251	70.00	0.052
367.098	0.05	Adapter 251Hz	49	0.251	70.00	0.052
367.178	0.05	Adapter 251Hz	49	0.251	70.00	0.052
367.258	0.05	Adapter 251Hz	49	0.251	70.00	0.052
370.006	0.05	Adapter 2423Hz Probe 3839Hz	50	2.423	70.00	0.285
370.086	0.05	Adapter 2423Hz Probe 3839Hz	50	2.423	70.00	0.285
370.166	0.05	Adapter 2423Hz Probe 3839Hz	50	2.423	70.00	0.285
370.246	0.05	Adapter 2423Hz Probe 3839Hz	50	2.423	70.00	0.285
370.326	0.05	Adapter 2423Hz Probe 3839Hz	50	3.839	70.00	0.437
370.506	0.05	Adapter 2423Hz Probe 3839Hz	50	2.423	70.00	0.285
370.586	0.05	Adapter 2423Hz Probe 3839Hz	50	2.423	70.00	0.285
370.666	0.05	Adapter 2423Hz Probe 3839Hz	50	2.423	70.00	0.285
370.746	0.05	Adapter 2423Hz Probe 3839Hz	50	2.423	70.00	0.285
370.826	0.05	Adapter 2423Hz Probe 3839Hz	50	3.839	70.00	0.437
371.006	0.05	Adapter 2423Hz Probe 3839Hz	50	2.423	70.00	0.285
371.086	0.05	Adapter 2423Hz Probe 3839Hz	50	2.423	70.00	0.285
371.166	0.05	Adapter 2423Hz Probe 3839Hz	50	2.423	70.00	0.285
371.246	0.05	Adapter 2423Hz Probe 3839Hz	50	2.423	70.00	0.285
371.326	0.05	Adapter 2423Hz Probe 3839Hz	50	3.839	70.00	0.437
371.506	0.05	Adapter 2423Hz Probe 3839Hz	50	2.423	70.00	0.285
371.586	0.05	Adapter 2423Hz Probe 3839Hz	50	2.423	70.00	0.285
371.666	0.05	Adapter 2423Hz Probe 3839Hz	50	2.423	70.00	0.285
371.746	0.05	Adapter 2423Hz Probe 3839Hz	50	2.423	70.00	0.285
371.826	0.05	Adapter 2423Hz Probe 3839Hz	50	3.839	70.00	0.437
372.006	0.05	Adapter 2423Hz Probe 3839Hz	50	2.423	70.00	0.285
372.086	0.05	Adapter 2423Hz Probe 3839Hz	50	2.423	70.00	0.285
372.166	0.05	Adapter 2423Hz Probe 3839Hz	50	2.423	70.00	0.285
372.246	0.05	Adapter 2423Hz Probe 3839Hz	50	2.423	70.00	0.285
372.326	0.05	Adapter 2423Hz Probe 3839Hz	50	3.839	70.00	0.437
372.506	0.05	Adapter 2423Hz Probe 3839Hz	50	2.423	70.00	0.285
372.586	0.05	Adapter 2423Hz Probe 3839Hz	50	2.423	70.00	0.285
372.666	0.05	Adapter 2423Hz Probe 3839Hz	50	2.423	70.00	0.285
372.746	0.05	Adapter 2423Hz Probe 3839Hz	50	2.423	70.00	0.285
372.826	0.05	Adapter 2423Hz Probe 3839Hz	50	3.839	70.00	0.437
373.006	0.05	Adapter 2423Hz Probe 3839Hz	50	2.423	70.00	0.285
373.086	0.05	Adapter 2423Hz Probe 3839Hz	50	2.423	70.00	0.285
373.166	0.05	Adapter 2423Hz Probe 3839Hz	50	2.423	70.00	0.285
373.246	0.05	Adapter 2423Hz Probe 3839Hz	50	2.423	70.00	0.285
373.326	0.05	Adapter 2423Hz Probe 3839Hz	50	3.839	70.00	0.437
373.506	0.05	Adapter 2423Hz Probe 3839Hz	50	2.423	70.00	0.285
373.586	0.05	Adapter 2423Hz Probe 3839Hz	50	2.423	70.00	0.285
373.666	0.05	Adapter 2423Hz Probe 3839Hz	50	2.423	70.00	0.285
373.746	0.05	Adapter 2423Hz Probe 3839Hz	50	2.423	70.00	0.285
373.826	0.05	Adapter 2423Hz Probe 3839Hz	50	3.839	70.00	0.437
374.006	0.05	Adapter 2423Hz Probe 3839Hz	50	2.423	70.00	0.285
374.086	0.05	Adapter 2423Hz Probe 3839Hz	50	2.423	70.00	0.285
374.166	0.05	Adapter 2423Hz Probe 3839Hz	50	2.423	70.00	0.285
374.246	0.05	Adapter 2423Hz Probe 3839Hz	50	2.423	70.00	0.285
374.326	0.05	Adapter 2423Hz Probe 3839Hz	50	3.839	70.00	0.437
374.506	0.05	Adapter 2423Hz Probe 3839Hz	50	2.423	70.00	0.285
374.586	0.05	Adapter 2423Hz Probe 3839Hz	50	2.423	70.00	0.285
374.666	0.05	Adapter 2423Hz Probe 3839Hz	50	2.423	70.00	0.285
374.746	0.05	Adapter 2423Hz Probe 3839Hz	50	2.423	70.00	0.285
374.826	0.05	Adapter 2423Hz Probe 3839Hz	50	3.839	70.00	0.437
392.501	0.05	Adapter 899Hz	53	0.899	70.00	0.121
392.581	0.05	Adapter 899Hz	53	0.899	70.00	0.121
392.661	0.05	Adapter 899Hz	53	0.899	70.00	0.121
392.741	0.05	Adapter 899Hz	53	0.899	70.00	0.121
393.001	0.05	Adapter 899Hz	53	0.899	70.00	0.121
393.081	0.05	Adapter 899Hz	53	0.899	70.00	0.121
393.161	0.05	Adapter 899Hz	53	0.899	70.00	0.121
393.241	0.05	Adapter 899Hz	53	0.899	70.00	0.121
393.501	0.05	Adapter 899Hz	53	0.899	70.00	0.121
393.581	0.05	Adapter 899Hz	53	0.899	70.00	0.121
393.661	0.05	Adapter 899Hz	53	0.899	70.00	0.121
393.741	0.05	Adapter 899Hz	53	0.899	70.00	0.121
394.001	0.05	Adapter 899Hz	53	0.899	70.00	0.121
394.081	0.05	Adapter 899Hz	53	0.899	70.00	0.121
394.161	0.05	Adapter 899Hz	53	0.899	70.00	0.121
394.241	0.05	Adapter 899Hz	53	0.899	70.00	0.121
394.501	0.05	Adapter 899Hz	53	0.899	70.00	0.121
394.581	0.05	Adapter 899Hz	53	0.899	70.00	0.121
394.661	0.05	Adapter 899Hz	53	0.899	70.00	0.121
394.741	0.05	Adapter 899Hz	53	0.899	70.00	0.121
395.001	0.05	Adapter 899Hz	53	0.899	70.00	0.121
395.081	0.05	Adapter 899Hz	53	0.899	70.00	0.121
395.161	0.05	Adapter 899Hz	53	0.899	70.00	0.121
395.241	0.05	Adapter 899Hz	53	0.899	70.00	0.121
395.501	0.05	Adapter 899Hz	53	0.899	70.00	0.121
395.581	0.05	Adapter 899Hz	53	0.899	70.00	0.121
395.661	0.05	Adapter 899Hz	53	0.899	70.00	0.121
395.741	0.05	Adapter 899Hz	53	0.899	70.00	0.121
396.001	0.05	Adapter 899Hz	53	0.899	70.00	0.121
396.081	0.05	Adapter 899Hz	53	0.899	70.00	0.121
396.161	0.05	Adapter 899Hz	53	0.899	70.00	0.121
396.241	0.05	Adapter 899Hz	53	0.899	70.00	0.121
396.501	0.05	Adapter 899Hz	53	0.899	70.00	0.121
396.581	0.05	Adapter 899Hz	53	0.899	70.00	0.121
396.661	0.05	Adapter 899Hz	53	0.899	70.00	0.121
396.741	0.05	Adapter 899Hz	53	0.899	70.00	0.121
397.001	0.05	Adapter 899Hz	53	0.899	70.00	0.121
397.081	0.05	Adapter 899Hz	53	0.899	70.00	0.121
397.161	0.05	Adapter 899Hz	53	0.899	70.00	0.121
397.241	0.05	Adapter 899Hz	53	0.899	70.00	0.121
400.34	0.05	Probe 3839Hz	54	3.839	70.00	0.437
400.84	0.05	Probe 3839Hz	54	3.839	70.00	0.437
401.34	0.05	Probe 3839Hz	54	3.839	70.00	0.437
401.84	0.05	Probe 3839Hz	54	3.839	70.00	0.437
402.34	0.05	Probe 3839Hz	54	3.839	70.00	0.437
402.84	0.05	Probe 3839Hz	54	3.839	70.00	0.437
403.34	0.05	Probe 3839Hz	54	3.839	70.00	0.437
403.84	0.05	Probe 3839Hz	54	3.839	70.00	0.437
404.34	0.05	Probe 3839Hz	54	3.839	70.00	0.437
404.84	0.05	Probe 3839Hz	54	3.839	70.00	0.437
407.508	0.05	Adapter 507Hz Probe 3839Hz	55	0.507	70.00	0.079
407.588	0.05	Adapter 507Hz Probe 3839Hz	55	0.507	70.00	0.079
407.668	0.05	Adapter 507Hz Probe 3839Hz	55	0.507	70.00	0.079
407.748	0.05	Adapter 507Hz Probe 3839Hz	55	0.507	70.00	0.079
407.828	0.05	Adapter 507Hz Probe 3839Hz	55	3.839	70.00	0.437
408.008	0.05	Adapter 507Hz Probe 3839Hz	55	0.507	70.00	0.079
408.088	0.05	Adapter 507Hz Probe 3839Hz	55	0.507	70.00	0.079
408.168	0.05	Adapter 507Hz Probe 3839Hz	55	0.507	70.00	0.079
408.248	0.05	Adapter 507Hz Probe 3839Hz	55	0.507	70.00	0.079
408.328	0.05	Adapter 507Hz Probe 3839Hz	55	3.839	70.00	0.437
408.508	0.05	Adapter 507Hz Probe 3839Hz	55	0.507	70.00	0.079
408.588	0.05	Adapter 507Hz Probe 3839Hz	55	0.507	70.00	0.079
408.668	0.05	Adapter 507Hz Probe 3839Hz	55	0.507	70.00	0.079
408.748	0.05	Adapter 507Hz Probe 3839Hz	55	0.507	70.00	0.079
408.828	0.05	Adapter 507Hz Probe 3839Hz	55	3.839	70.00	0.437
409.008	0.05	Adapter 507Hz Probe 3839Hz	55	0.507	70.00	0.079
409.088	0.05	Adapter 507Hz Probe 3839Hz	55	0.507	70.00	0.079
409.168	0.05	Adapter 507Hz Probe 3839Hz	55	0.507	70.00	0.079
409.248	0.05	Adapter 507Hz Probe 3839Hz	55	0.507	70.00	0.079
409.328	0.05	Adapter 507Hz Probe 3839Hz	55	3.839	70.00	0.437
409.508	0.05	Adapter 507Hz Probe 3839Hz	55	0.507	70.00	0.079
409.588	0.05	Adapter 507Hz Probe 3839Hz	55	0.507	70.00	0.079
409.668	0.05	Adapter 507Hz Probe 3839Hz	55	0.507	70.00	0.079
409.748	0.05	Adapter 507Hz Probe 3839Hz	55	0.507	70.00	0.079
409.828	0.05	Adapter 507Hz Probe 3839Hz	55	3.839	70.00	0.437
410.008	0.05	Adapter 507Hz Probe 3839Hz	55	0.507	70.00	0.079
410.088	0.05	Adapter 507Hz Probe 3839Hz	55	0.507	70.00	0.079
410.168	0.05	Adapter 507Hz Probe 3839Hz	55	0.507	70.00	0.079
410.248	0.05	Adapter 507Hz Probe 3839Hz	55	0.507	70.00	0.079
410.328	0.05	Adapter 507Hz Probe 3839Hz	55	3.839	70.00	0.437
410.508	0.05	Adapter 507Hz Probe 3839Hz	55	0.507	70.00	0.079
410.588	0.05	Adapter 507Hz Probe 3839Hz	55	0.507	70.00	0.079
410.668	0.05	Adapter 507Hz Probe 3839Hz	55	0.507	70.00	0.079
410.748	0.05	Adapter 507Hz Probe 3839Hz	55	0.507	70.00	0.079
410.828	0.05	Adapter 507Hz Probe 3839Hz	55	3.839	70.00	0.437
411.008	0.05	Adapter 507Hz Probe 3839Hz	55	0.507	70.00	0.079
411.088	0.05	Adapter 507Hz Probe 3839Hz	55	0.507	70.00	0.079
411.168	0.05	Adapter 507Hz Probe 3839Hz	55	0.507	70.00	0.079
411.248	0.05	Adapter 507Hz Probe 3839Hz	55	0.507	70.00	0.079
411.328	0.05	Adapter 507Hz Probe 3839Hz	55	3.839	70.00	0.437
411.508	0.05	Adapter 507Hz Probe 3839Hz	55	0.507	70.00	0.079
411.588	0.05	Adapter 507Hz Probe 3839Hz	55	0.507	70.00	0.079
411.668	0.05	Adapter 507Hz Probe 3839Hz	55	0.507	70.00	0.079
411.748	0.05	Adapter 507Hz Probe 3839Hz	55	0.507	70.00	0.079
411.828	0.05	Adapter 507Hz Probe 3839Hz	55	3.839	70.00	0.437
412.008	0.05	Adapter 507Hz Probe 3839Hz	55	0.507	70.00	0.079
412.088	0.05	Adapter 507Hz Probe 3839Hz	55	0.507	70.00	0.079
412.168	0.05	Adapter 507Hz Probe 3839Hz	55	0.507	70.00	0.079
412.248	0.05	Adapter 507Hz Probe 3839Hz	55	0.507	70.00	0.079
412.328	0.05	Adapter 507Hz Probe 3839Hz	55	3.839	70.00	0.437
415.059	0.05	Adapter 1501Hz Probe 3839Hz	56	1.501	70.00	0.186
415.139	0.05	Adapter 1501Hz Probe 3839Hz	56	1.501	70.00	0.186
415.219	0.05	Adapter 1501Hz Probe 3839Hz	56	1.501	70.00	0.186
415.299	0.05	Adapter 1501Hz Probe 3839Hz	56	1.501	70.00	0.186
415.379	0.05	Adapter 1501Hz Probe 3839Hz	56	3.839	70.00	0.437
415.559	0.05	Adapter 1501Hz Probe 3839Hz	56	1.501	70.00	0.186
415.639	0.05	Adapter 1501Hz Probe 3839Hz	56	1.501	70.00	0.186
415.719	0.05	Adapter 1501Hz Probe 3839Hz	56	1.501	70.00	0.186
415.799	0.05	Adapter 1501Hz Probe 3839Hz	56	1.501	70.00	0.186
415.879	0.05	Adapter 1501Hz Probe 3839Hz	56	3.839	70.00	0.437
416.059	0.05	Adapter 1501Hz Probe 3839Hz	56	1.501	70.00	0.186
416.139	0.05	Adapter 1501Hz Probe 3839Hz	56	1.501	70.00	0.186
416.219	0.05	Adapter 1501Hz Probe 3839Hz	56	1.501	70.00	0.186
416.299	0.05	Adapter 1501Hz Probe 3839Hz	56	1.501	70.00	0.186
416.379	0.05	Adapter 1501Hz Probe 3839Hz	56	3.839	70.00	0.437
416.559	0.05	Adapter 1501Hz Probe 3839Hz	56	1.501	70.00	0.186
416.639	0.05	Adapter 1501Hz Probe 3839Hz	56	1.501	70.00	0.186
416.719	0.05	Adapter 1501Hz Probe 3839Hz	56	1.501	70.00	0.186
416.799	0.05	Adapter 1501Hz Probe 3839Hz	56	1.501	70.00	0.186
416.879	0.05	Adapter 1501Hz Probe 3839Hz	56	3.839	70.00	0.437
417.059	0.05	Adapter 1501Hz Probe 3839Hz	56	1.501	70.00	0.186
417.139	0.05	Adapter 1501Hz Probe 3839Hz	56	1.501	70.00	0.186
417.219	0.05	Adapter 1501Hz Probe 3839Hz	56	1.501	70.00	0.186
417.299	0.05	Adapter 1501Hz Probe 3839Hz	56	1.501	70.00	0.186
417.379	0.05	Adapter 1501Hz Probe 3839Hz	56	3.839	70.00	0.437
417.559	0.05	Adapter 1501Hz Probe 3839Hz	56	1.501	70.00	0.186
417.639	0.05	Adapter 1501Hz Probe 3839Hz	56	1.501	70.00	0.186
417.719	0.05	Adapter 1501Hz Probe 3839Hz	56	1.501	70.00	0.186
417.799	0.05	Adapter 1501Hz Probe 3839Hz	56	1.501	70.00	0.186
417.879	0.05	Adapter 1501Hz Probe 3839Hz	56	3.839	70.00	0.437
418.059	0.05	Adapter 1501Hz Probe 3839Hz	56	1.501	70.00	0.186
418.139	0.05	Adapter 1501Hz Probe 3839Hz	56	1.501	70.00	0.186
418.219	0.05	Adapter 1501Hz Probe 3839Hz	56	1.501	70.00	0.186
418.299	0.05	Adapter 1501Hz Probe 3839Hz	56	1.501	70.00	0.186
418.379	0.05	Adapter 1501Hz Probe 3839Hz	56	3.839	70.00	0.437
418.559	0.05	Adapter 1501Hz Probe 3839Hz	56	1.501	70.00	0.186
418.639	0.05	Adapter 1501Hz Probe 3839Hz	56	1.501	70.00	0.186
418.719	0.05	Adapter 1501Hz Probe 3839Hz	56	1.501	70.00	0.186
418.799	0.05	Adapter 1501Hz Probe 3839Hz	56	1.501	70.00	0.186
418.879	0.05	Adapter 1501Hz Probe 3839Hz	56	3.839	70.00	0.437
419.059	0.05	Adapter 1501Hz Probe 3839Hz	56	1.501	70.00	0.186
419.139	0.05	Adapter 1501Hz Probe 3839Hz	56	1.501	70.00	0.186
419.219	0.05	Adapter 1501Hz Probe 3839Hz	56	1.501	70.00	0.186
419.299	0.05	Adapter 1501Hz Probe 3839Hz	56	1.501	70.00	0.186
419.379	0.05	Adapter 1501Hz Probe 3839Hz	56	3.839	70.00	0.437
419.559	0.05	Adapter 1501Hz Probe 3839Hz	56	1.501	70.00	0.186
419.639	0.05	Adapter 1501Hz Probe 3839Hz	56	1.501	70.00	0.186
419.719	0.05	Adapter 1501Hz Probe 3839Hz	56	1.501	70.00	0.186
419.799	0.05	Adapter 1501Hz Probe 3839Hz	56	1.501	70.00	0.186
419.879	0.05	Adapter 1501Hz Probe 3839Hz	56	3.839	70.00	0.437
430.05	0.05	Adapter 3839Hz	58	3.839	70.00	0.437
430.13	0.05	Adapter 3839Hz	58	3.839	70.00	0.437
430.21	0.05	Adapter 3839Hz	58	3.839	70.00	0.437
430.29	0.05	Adapter 3839Hz	58	3.839	70.00	0.437
430.55	0.05	Adapter 3839Hz	58	3.839	70.00	0.437
430.63	0.05	Adapter 3839Hz	58	3.839	70.00	0.437
430.71	0.05	Adapter 3839Hz	58	3.839	70.00	0.437
430.79	0.05	Adapter 3839Hz	58	3.839	70.00	0.437
431.05	0.05	Adapter 3839Hz	58	3.839	70.00	0.437
431.13	0.05	Adapter 3839Hz	58	3.839	70.00	0.437
431.21	0.05	Adapter 3839Hz	58	3.839	70.00	0.437
431.29	0.05	Adapter 3839Hz	58	3.839	70.00	0.437
431.55	0.05	Adapter 3839Hz	58	3.839	70.00	0.437
431.63	0.05	Adapter 3839Hz	58	3.839	70.00	0.437
431.71	0.05	Adapter 3839Hz	58	3.839	70.00	0.437
431.79	0.05	Adapter 3839Hz	58	3.839	70.00	0.437
432.05	0.05	Adapter 3839Hz	58	3.839	70.00	0.437
432.13	0.05	Adapter 3839Hz	58	3.839	70.00	0.437
432.21	0.05	Adapter 3839Hz	58	3.839	70.00	0.437
432.29	0.05	Adapter 3839Hz	58	3.839	70.00	0.437
432.55	0.05	Adapter 3839Hz	58	3.839	70.00	0.437
432.63	0.05	Adapter 3839Hz	58	3.839	70.00	0.437
432.71	0.05	Adapter 3839Hz	58	3.839	70.00	0.437
432.79	0.05	Adapter 3839Hz	58	3.839	70.00	0.437
433.05	0.05	Adapter 3839Hz	58	3.839	70.00	0.437
433.13	0.05	Adapter 3839Hz	58	3.839	70.00	0.437
433.21	0.05	Adapter 3839Hz	58	3.839	70.00	0.437
433.29	0.05	Adapter 3839Hz	58	3.839	70.00	0.437
433.55	0.05	Adapter 3839Hz	58	3.839	70.00	0.437
433.63	0.05	Adapter 3839Hz	58	3.839	70.00	0.437
433.71	0.05	Adapter 3839Hz	58	3.839	70.00	0.437
433.79	0.05	Adapter 3839Hz	58	3.839	70.00	0.437
434.05	0.05	Adapter 3839Hz	58	3.839	70.00	0.437
434.13	0.05	Adapter 3839Hz	58	3.839	70.00	0.437
434.21	0.05	Adapter 3839Hz	58	3.839	70.00	0.437
434.29	0.05	Adapter 3839Hz	58	3.839	70.00	0.437
434.55	0.05	Adapter 3839Hz	58	3.839	70.00	0.437
434.63	0.05	Adapter 3839Hz	58	3.839	70.00	0.437
434.71	0.05	Adapter 3839Hz	58	3.839	70.00	0.437
434.79	0.05	Adapter 3839Hz	58	3.839	70.00	0.437
437.538	0.05	Adapter 899Hz Probe 3839Hz	59	0.899	70.00	0.121
437.618	0.05	Adapter 899Hz Probe 3839Hz	59	0.899	70.00	0.121
437.698	0.05	Adapter 899Hz Probe 3839Hz	59	0.899	70.00	0.121
437.778	0.05	Adapter 899Hz Probe 3839Hz	59	0.899	70.00	0.121
437.858	0.05	Adapter 899Hz Probe 3839Hz	59	3.839	70.00	0.437
438.038	0.05	Adapter 899Hz Probe 3839Hz	59	0.899	70.00	0.121
438.118	0.05	Adapter 899Hz Probe 3839Hz	59	0.899	70.00	0.121
438.198	0.05	Adapter 899Hz Probe 3839Hz	59	0.899	70.00	0.121
438.278	0.05	Adapter 899Hz Probe 3839Hz	59	0.899	70.00	0.121
438.358	0.05	Adapter 899Hz Probe 3839Hz	59	3.839	70.00	0.437
438.538	0.05	Adapter 899Hz Probe 3839Hz	59	0.899	70.00	0.121
438.618	0.05	Adapter 899Hz Probe 3839Hz	59	0.899	70.00	0.121
438.698	0.05	Adapter 899Hz Probe 3839Hz	59	0.899	70.00	0.121
438.778	0.05	Adapter 899Hz Probe 3839Hz	59	0.899	70.00	0.121
438.858	0.05	Adapter 899Hz Probe 3839Hz	59	3.839	70.00	0.437
439.038	0.05	Adapter 899Hz Probe 3839Hz	59	0.899	70.00	0.121
439.118	0.05	Adapter 899Hz Probe 3839Hz	59	0.899	70.00	0.121
439.198	0.05	Adapter 899Hz Probe 3839Hz	59	0.899	70.00	0.121
439.278	0.05	Adapter 899Hz Probe 3839Hz	59	0.899	70.00	0.121
439.358	0.05	Adapter 899Hz Probe 3839Hz	59	3.839	70.00	0.437
439.538	0.05	Adapter 899Hz Probe 3839Hz	59	0.899	70.00	0.121
439.618	0.05	Adapter 899Hz Probe 3839Hz	59	0.899	70.00	0.121
439.698	0.05	Adapter 899Hz Probe 3839Hz	59	0.899	70.00	0.121
439.778	0.05	Adapter 899Hz Probe 3839Hz	59	0.899	70.00	0.121
439.858	0.05	Adapter 899Hz Probe 3839Hz	59	3.839	70.00	0.437
440.038	0.05	Adapter 899Hz Probe 3839Hz	59	0.899	70.00	0.121
440.118	0.05	Adapter 899Hz Probe 3839Hz	59	0.899	70.00	0.121
440.198	0.05	Adapter 899Hz Probe 3839Hz	59	0.899	70.00	0.121
440.278	0.05	Adapter 899Hz Probe 3839Hz	59	0.899	70.00	0.121
440.358	0.05	Adapter 899Hz Probe 3839Hz	59	3.839	70.00	0.437
440.538	0.05	Adapter 899Hz Probe 3839Hz	59	0.899	70.00	0.121
440.618	0.05	Adapter 899Hz Probe 3839Hz	59	0.899	70.00	0.121
440.698	0.05	Adapter 899Hz Probe 3839Hz	59	0.899	70.00	0.121
440.778	0.05	Adapter 899Hz Probe 3839Hz	59	0.899	70.00	0.121
440.858	0.05	Adapter 899Hz Probe 3839Hz	59	3.839	70.00	0.437
441.038	0.05	Adapter 899Hz Probe 3839Hz	59	0.899	70.00	0.121
441.118	0.05	Adapter 899Hz Probe 3839Hz	59	0.899	70.00	0.121
441.198	0.05	Adapter 899Hz Probe 3839Hz	59	0.899	70.00	0.121
441.278	0.05	Adapter 899Hz Probe 3839Hz	59	0.899	70.00	0.121
441.358	0.05	Adapter 899Hz Probe 3839Hz	59	3.839	70.00	0.437
441.538	0.05	Adapter 899Hz Probe 3839Hz	59	0.899	70.00	0.121
441.618	0.05	Adapter 899Hz Probe 3839Hz	59	0.899	70.00	0.121
441.698	0.05	Adapter 899Hz Probe 3839Hz	59	0.899	70.00	0.121
441.778	0.05	Adapter 899Hz Probe 3839Hz	59	0.899	70.00	0.121
441.858	0.05	Adapter 899Hz Probe 3839Hz	59	3.839	70.00	0.437
442.038	0.05	Adapter 899Hz Probe 3839Hz	59	0.899	70.00	0.121
442.118	0.05	Adapter 899Hz Probe 3839Hz	59	0.899	70.00	0.121
442.198	0.05	Adapter 899Hz Probe 3839Hz	59	0.899	70.00	0.121
442.278	0.05	Adapter 899Hz Probe 3839Hz	59	0.899	70.00	0.121
442.358	0.05	Adapter 899Hz Probe 3839Hz	59	3.839	70.00	0.437
445.011	0.05	Adapter 2423Hz	60	2.423	70.00	0.285
445.091	0.05	Adapter 2423Hz	60	2.423	70.00	0.285
445.171	0.05	Adapter 2423Hz	60	2.423	70.00	0.285
445.251	0.05	Adapter 2423Hz	60	2.423	70.00	0.285
445.511	0.05	Adapter 2423Hz	60	2.423	70.00	0.285
445.591	0.05	Adapter 2423Hz	60	2.423	70.00	0.285
445.671	0.05	Adapter 2423Hz	60	2.423	70.00	0.285
445.751	0.05	Adapter 2423Hz	60	2.423	70.00	0.285
446.011	0.05	Adapter 2423Hz	60	2.423	70.00	0.285
446.091	0.05	Adapter 2423Hz	60	2.423	70.00	0.285
446.171	0.05	Adapter 2423Hz	60	2.423	70.00	0.285
446.251	0.05	Adapter 2423Hz	60	2.423	70.00	0.285
446.511	0.05	Adapter 2423Hz	60	2.423	70.00	0.285
446.591	0.05	Adapter 2423Hz	60	2.423	70.00	0.285
446.671	0.05	Adapter 2423Hz	60	2.423	70.00	0.285
446.751	0.05	Adapter 2423Hz	60	2.423	70.00	0.285
447.011	0.05	Adapter 2423Hz	60	2.423	70.00	0.285
447.091	0.05	Adapter 2423Hz	60	2.423	70.00	0.285
447.171	0.05	Adapter 2423Hz	60	2.423	70.00	0.285
447.251	0.05	Adapter 2423Hz	60	2.423	70.00	0.285
447.511	0.05	Adapter 2423Hz	60	2.423	70.00	0.285
447.591	0.05	Adapter 2423Hz	60	2.423	70.00	0.285
447.671	0.05	Adapter 2423Hz	60	2.423	70.00	0.285
447.751	0.05	Adapter 2423Hz	60	2.423	70.00	0.285
448.011	0.05	Adapter 2423Hz	60	2.423	70.00	0.285
448.091	0.05	Adapter 2423Hz	60	2.423	70.00	0.285
448.171	0.05	Adapter 2423Hz	60	2.423	70.00	0.285
448.251	0.05	Adapter 2423Hz	60	2.423	70.00	0.285
448.511	0.05	Adapter 2423Hz	60	2.423	70.00	0.285
448.591	0.05	Adapter 2423Hz	60	2.423	70.00	0.285
448.671	0.05	Adapter 2423Hz	60	2.423	70.00	0.285
448.751	0.05	Adapter 2423Hz	60	2.423	70.00	0.285
449.011	0.05	Adapter 2423Hz	60	2.423	70.00	0.285
449.091	0.05	Adapter 2423Hz	60	2.423	70.00	0.285
449.171	0.05	Adapter 2423Hz	60	2.423	70.00	0.285
449.251	0.05	Adapter 2423Hz	60	2.423	70.00	0.285
449.511	0.05	Adapter 2423Hz	60	2.423	70.00	0.285
449.591	0.05	Adapter 2423Hz	60	2.423	70.00	0.285
449.671	0.05	Adapter 2423Hz	60	2.423	70.00	0.285
449.751	0.05	Adapter 2423Hz	60	2.423	70.00	0.285
452.546	0.05	Adapter 6009Hz	61	6.009	70.00	0.671
452.626	0.05	Adapter 6009Hz	61	6.009	70.00	0.671
452.706	0.05	Adapter 6009Hz	61	6.009	70.00	0.671
452.786	0.05	Adapter 6009Hz	61	6.009	70.00	0.671
453.046	0.05	Adapter 6009Hz	61	6.009	70.00	0.671
453.126	0.05	Adapter 6009Hz	61	6.009	70.00	0.671
453.206	0.05	Adapter 6009Hz	61	6.009	70.00	0.671
453.286	0.05	Adapter 6009Hz	61	6.009	70.00	0.671
453.546	0.05	Adapter 6009Hz	61	6.009	70.00	0.671
453.626	0.05	Adapter 6009Hz	61	6.009	70.00	0.671
453.706	0.05	Adapter 6009Hz	61	6.009	70.00	0.671
453.786	0.05	Adapter 6009Hz	61	6.009	70.00	0.671
454.046	0.05	Adapter 6009Hz	61	6.009	70.00	0.671
454.126	0.05	Adapter 6009Hz	61	6.009	70.00	0.671
454.206	0.05	Adapter 6009Hz	61	6.009	70.00	0.671
454.286	0.05	Adapter 6009Hz	61	6.009	70.00	0.671
454.546	0.05	Adapter 6009Hz	61	6.009	70.00	0.671
454.626	0.05	Adapter 6009Hz	61	6.009	70.00	0.671
454.706	0.05	Adapter 6009Hz	61	6.009	70.00	0.671
454.786	0.05	Adapter 6009Hz	61	6.009	70.00	0.671
455.046	0.05	Adapter 6009Hz	61	6.009	70.00	0.671
455.126	0.05	Adapter 6009Hz	61	6.009	70.00	0.671
455.206	0.05	Adapter 6009Hz	61	6.009	70.00	0.671
455.286	0.05	Adapter 6009Hz	61	6.009	70.00	0.671
455.546	0.05	Adapter 6009Hz	61	6.009	70.00	0.671
455.626	0.05	Adapter 6009Hz	61	6.009	70.00	0.671
455.706	0.05	Adapter 6009Hz	61	6.009	70.00	0.671
455.786	0.05	Adapter 6009Hz	61	6.009	70.00	0.671
456.046	0.05	Adapter 6009Hz	61	6.009	70.00	0.671
456.126	0.05	Adapter 6009Hz	61	6.009	70.00	0.671
456.206	0.05	Adapter 6009Hz	61	6.009	70.00	0.671
456.286	0.05	Adapter 6009Hz	61	6.009	70.00	0.671
456.546	0.05	Adapter 6009Hz	61	6.009	70.00	0.671
456.626	0.05	Adapter 6009Hz	61	6.009	70.00	0.671
456.706	0.05	Adapter 6009Hz	61	6.009	70.00	0.671
456.786	0.05	Adapter 6009Hz	61	6.009	70.00	0.671
457.046	0.05	Adapter 6009Hz	61	6.009	70.00	0.671
457.126	0.05	Adapter 6009Hz	61	6.009	70.00	0.671
457.206	0.05	Adapter 6009Hz	61	6.009	70.00	0.671
457.286	0.05	Adapter 6009Hz	61	6.009	70.00	0.671
460.034	0.05	Adapter 507Hz	62	0.507	70.00	0.079
460.114	0.05	Adapter 507Hz	62	0.507	70.00	0.079
460.194	0.05	Adapter 507Hz	62	0.507	70.00	0.079
460.274	0.05	Adapter 507Hz	62	0.507	70.00	0.079
460.534	0.05	Adapter 507Hz	62	0.507	70.00	0.079
460.614	0.05	Adapter 507Hz	62	0.507	70.00	0.079
460.694	0.05	Adapter 507Hz	62	0.507	70.00	0.079
460.774	0.05	Adapter 507Hz	62	0.507	70.00	0.079
461.034	0.05	Adapter 507Hz	62	0.507	70.00	0.079
461.114	0.05	Adapter 507Hz	62	0.507	70.00	0.079
461.194	0.05	Adapter 507Hz	62	0.507	70.00	0.079
461.274	0.05	Adapter 507Hz	62	0.507	70.00	0.079
461.534	0.05	Adapter 507Hz	62	0.507	70.00	0.079
461.614	0.05	Adapter 507Hz	62	0.507	70.00	0.079
461.694	0.05	Adapter 507Hz	62	0.507	70.00	0.079
461.774	0.05	Adapter 507Hz	62	0.507	70.00	0.079
462.034	0.05	Adapter 507Hz	62	0.507	70.00	0.079
462.114	0.05	Adapter 507Hz	62	0.507	70.00	0.079
462.194	0.05	Adapter 507Hz	62	0.507	70.00	0.079
462.274	0.05	Adapter 507Hz	62	0.507	70.00	0.079
462.534	0.05	Adapter 507Hz	62	0.507	70.00	0.079
462.614	0.05	Adapter 507Hz	62	0.507	70.00	0.079
462.694	0.05	Adapter 507Hz	62	0.507	70.00	0.079
462.774	0.05	Adapter 507Hz	62	0.507	70.00	0.079
463.034	0.05	Adapter 507Hz	62	0.507	70.00	0.079
463.114	0.05	Adapter 507Hz	62	0.507	70.00	0.079
463.194	0.05	Adapter 507Hz	62	0.507	70.00	0.079
463.274	0.05	Adapter 507Hz	62	0.507	70.00	0.079
463.534	0.05	Adapter 507Hz	62	0.507	70.00	0.079
463.614	0.05	Adapter 507Hz	62	0.507	70.00	0.079
463.694	0.05	Adapter 507Hz	62	0.507	70.00	0.079
463.774	0.05	Adapter 507Hz	62	0.507	70.00	0.079
464.034	0.05	Adapter 507Hz	62	0.507	70.00	0.079
464.114	0.05	Adapter 507Hz	62	0.507	70.00	0.079
464.194	0.05	Adapter 507Hz	62	0.507	70.00	0.079
464.274	0.05	Adapter 507Hz	62	0.507	70.00	0.079
464.534	0.05	Adapter 507Hz	62	0.507	70.00	0.079
464.614	0.05	Adapter 507Hz	62	0.507	70.00	0.079
464.694	0.05	Adapter 507Hz	62	0.507	70.00	0.079
464.774	0.05	Adapter 507Hz	62	0.507	70.00	0.079
467.522	0.05	Adapter 3839Hz Probe 3839Hz	63	3.839	70.00	0.437
467.602	0.05	Adapter 3839Hz Probe 3839Hz	63	3.839	70.00	0.437
467.682	0.05	Adapter 3839Hz Probe 3839Hz	63	3.839	70.00	0.437
467.762	0.05	Adapter 3839Hz Probe 3839Hz	63	3.839	70.00	0.437
467.842	0.05	Adapter 3839Hz Probe 3839Hz	63	3.839	70.00	0.437
468.022	0.05	Adapter 3839Hz Probe 3839Hz	63	3.839	70.00	0.437
468.102	0.05	Adapter 3839Hz Probe 3839Hz	63	3.839	70.00	0.437
468.182	0.05	Adapter 3839Hz Probe 3839Hz	63	3.839	70.00	0.437
468.262	0.05	Adapter 3839Hz Probe 3839Hz	63	3.839	70.00	0.437
468.342	0.05	Adapter 3839Hz Probe 3839Hz	63	3.839	70.00	0.437
468.522	0.05	Adapter 3839Hz Probe 3839Hz	63	3.839	70.00	0.437
468.602	0.05	Adapter 3839Hz Probe 3839Hz	63	3.839	70.00	0.437
468.682	0.05	Adapter 3839Hz Probe 3839Hz	63	3.839	70.00	0.437
468.762	0.05	Adapter 3839Hz Probe 3839Hz	63	3.839	70.00	0.437
468.842	0.05	Adapter 3839Hz Probe 3839Hz	63	3.839	70.00	0.437
469.022	0.05	Adapter 3839Hz Probe 3839Hz	63	3.839	70.00	0.437
469.102	0.05	Adapter 3839Hz Probe 3839Hz	63	3.839	70.00	0.437
469.182	0.05	Adapter 3839Hz Probe 3839Hz	63	3.839	70.00	0.437
469.262	0.05	Adapter 3839Hz Probe 3839Hz	63	3.839	70.00	0.437
469.342	0.05	Adapter 3839Hz Probe 3839Hz	63	3.839	70.00	0.437
469.522	0.05	Adapter 3839Hz Probe 3839Hz	63	3.839	70.00	0.437
469.602	0.05	Adapter 3839Hz Probe 3839Hz	63	3.839	70.00	0.437
469.682	0.05	Adapter 3839Hz Probe 3839Hz	63	3.839	70.00	0.437
469.762	0.05	Adapter 3839Hz Probe 3839Hz	63	3.839	70.00	0.437
469.842	0.05	Adapter 3839Hz Probe 3839Hz	63	3.839	70.00	0.437
470.022	0.05	Adapter 3839Hz Probe 3839Hz	63	3.839	70.00	0.437
470.102	0.05	Adapter 3839Hz Probe 3839Hz	63	3.839	70.00	0.437
470.182	0.05	Adapter 3839Hz Probe 3839Hz	63	3.839	70.00	0.437
470.262	0.05	Adapter 3839Hz Probe 3839Hz	63	3.839	70.00	0.437
470.342	0.05	Adapter 3839Hz Probe 3839Hz	63	3.839	70.00	0.437
470.522	0.05	Adapter 3839Hz Probe 3839Hz	63	3.839	70.00	0.437
470.602	0.05	Adapter 3839Hz Probe 3839Hz	63	3.839	70.00	0.437
470.682	0.05	Adapter 3839Hz Probe 3839Hz	63	3.839	70.00	0.437
470.762	0.05	Adapter 3839Hz Probe 3839Hz	63	3.839	70.00	0.437
470.842	0.05	Adapter 3839Hz Probe 3839Hz	63	3.839	70.00	0.437
471.022	0.05	Adapter 3839Hz Probe 3839Hz	63	3.839	70.00	0.437
471.102	0.05	Adapter 3839Hz Probe 3839Hz	63	3.839	70.00	0.437
471.182	0.05	Adapter 3839Hz Probe 3839Hz	63	3.839	70.00	0.437
471.262	0.05	Adapter 3839Hz Probe 3839Hz	63	3.839	70.00	0.437
471.342	0.05	Adapter 3839Hz Probe 3839Hz	63	3.839	70.00	0.437
471.522	0.05	Adapter 3839Hz Probe 3839Hz	63	3.839	70.00	0.437
471.602	0.05	Adapter 3839Hz Probe 3839Hz	63	3.839	70.00	0.437
471.682	0.05	Adapter 3839Hz Probe 3839Hz	63	3.839	70.00	0.437
471.762	0.05	Adapter 3839Hz Probe 3839Hz	63	3.839	70.00	0.437
471.842	0.05	Adapter 3839Hz Probe 3839Hz	63	3.839	70.00	0.437
472.022	0.05	Adapter 3839Hz Probe 3839Hz	63	3.839	70.00	0.437
472.102	0.05	Adapter 3839Hz Probe 3839Hz	63	3.839	70.00	0.437
472.182	0.05	Adapter 3839Hz Probe 3839Hz	63	3.839	70.00	0.437
472.262	0.05	Adapter 3839Hz Probe 3839Hz	63	3.839	70.00	0.437
472.342	0.05	Adapter 3839Hz Probe 3839Hz	63	3.839	70.00	0.437
475.01	0.05	Adapter 1501Hz	64	1.501	70.00	0.186
475.09	0.05	Adapter 1501Hz	64	1.501	70.00	0.186
475.17	0.05	Adapter 1501Hz	64	1.501	70.00	0.186
475.25	0.05	Adapter 1501Hz	64	1.501	70.00	0.186
475.51	0.05	Adapter 1501Hz	64	1.501	70.00	0.186
475.59	0.05	Adapter 1501Hz	64	1.501	70.00	0.186
475.67	0.05	Adapter 1501Hz	64	1.501	70.00	0.186
475.75	0.05	Adapter 1501Hz	64	1.501	70.00	0.186
476.01	0.05	Adapter 1501Hz	64	1.501	70.00	0.186
476.09	0.05	Adapter 1501Hz	64	1.501	70.00	0.186
476.17	0.05	Adapter 1501Hz	64	1.501	70.00	0.186
476.25	0.05	Adapter 1501Hz	64	1.501	70.00	0.186
476.51	0.05	Adapter 1501Hz	64	1.501	70.00	0.186
476.59	0.05	Adapter 1501Hz	64	1.501	70.00	0.186
476.67	0.05	Adapter 1501Hz	64	1.501	70.00	0.186
476.75	0.05	Adapter 1501Hz	64	1.501	70.00	0.186
477.01	0.05	Adapter 1501Hz	64	1.501	70.00	0.186
477.09	0.05	Adapter 1501Hz	64	1.501	70.00	0.186
477.17	0.05	Adapter 1501Hz	64	1.501	70.00	0.186
477.25	0.05	Adapter 1501Hz	64	1.501	70.00	0.186
477.51	0.05	Adapter 1501Hz	64	1.501	70.00	0.186
477.59	0.05	Adapter 1501Hz	64	1.501	70.00	0.186
477.67	0.05	Adapter 1501Hz	64	1.501	70.00	0.186
477.75	0.05	Adapter 1501Hz	64	1.501	70.00	0.186
478.01	0.05	Adapter 1501Hz	64	1.501	70.00	0.186
478.09	0.05	Adapter 1501Hz	64	1.501	70.00	0.186
478.17	0.05	Adapter 1501Hz	64	1.501	70.00	0.186
478.25	0.05	Adapter 1501Hz	64	1.501	70.00	0.186
478.51	0.05	Adapter 1501Hz	64	1.501	70.00	0.186
478.59	0.05	Adapter 1501Hz	64	1.501	70.00	0.186
478.67	0.05	Adapter 1501Hz	64	1.501	70.00	0.186
478.75	0.05	Adapter 1501Hz	64	1.501	70.00	0.186
479.01	0.05	Adapter 1501Hz	64	1.501	70.00	0.186
479.09	0.05	Adapter 1501Hz	64	1.501	70.00	0.186
479.17	0.05	Adapter 1501Hz	64	1.501	70.00	0.186
479.25	0.05	Adapter 1501Hz	64	1.501	70.00	0.186
479.51	0.05	Adapter 1501Hz	64	1.501	70.00	0.186
479.59	0.05	Adapter 1501Hz	64	1.501	70.00	0.186
479.67	0.05	Adapter 1501Hz	64	1.501	70.00	0.186
479.75	0.05	Adapter 1501Hz	64	1.501	70.00	0.186
